STATE,ST_CASE,VE_TOTAL,VE_FORMS,PVH_INVL,PEDS,PERNOTMVIT,PERMVIT,PERSONS,COUNTY,CITY,DAY,MONTH,YEAR,DAY_WEEK,HOUR,MINUTE,NHS,ROAD_FNC,ROUTE,TWAY_ID,TWAY_ID2,MILEPT,LATITUDE,LONGITUD,SP_JUR,HARM_EV,MAN_COLL,RELJCT1,RELJCT2,TYP_INT,REL_ROAD,WRK_ZONE,LGT_COND,WEATHER1,WEATHER2,WEATHER,SCH_BUS,RAIL,NOT_HOUR,NOT_MIN,ARR_HOUR,ARR_MIN,HOSP_HR,HOSP_MN,CF1,CF2,CF3,FATALS,DRUNK_DR
1,10243,1,1,0,0,0,4,4,15,0,11,5,2011,4,18,0,0,6,4,1241,,0,33.66324722,-85.690769440,0,42,0,0,1,1,4,0,1,1,0,1,0,0000000,19,18,19,28,19,48,0,0,0,1,0
1,10244,1,1,0,0,0,1,1,81,200,11,5,2011,4,5,11,1,11,1,I-85,,533,32.55643611,-85.512600000,0,42,0,0,1,1,4,0,1,1,0,1,0,0000000,6,29,6,38,7,3,0,0,0,1,0
1,10245,1,1,0,0,0,1,1,43,0,13,5,2011,6,10,10,0,6,4,1078,,0,34.07165278,-87.106111110,0,42,0,0,1,1,4,0,1,2,0,2,0,0000000,99,99,10,40,88,88,0,0,0,1,0
1,10246,1,1,0,0,0,2,2,75,0,18,5,2011,4,23,17,0,3,3,SR-17,,2601,33.98833056,-88.168588890,0,42,0,0,1,1,4,0,3,1,0,1,0,0000000,23,33,23,50,0,33,0,0,0,1,1
1,10247,1,1,0,0,0,2,2,97,0,15,5,2011,1,19,14,0,14,4,1552,,0,30.69784167,-88.276272220,0,34,0,0,1,1,4,0,1,1,0,1,0,0000000,19,14,19,20,20,0,0,0,0,1,1
1,10248,1,1,0,0,0,2,2,41,0,15,5,2011,1,0,30,1,2,2,US-SR 9,,586,31.77080833,-86.292361110,0,53,0,0,1,1,4,0,3,1,0,1,0,0000000,0,40,0,47,1,0,0,0,0,1,1
1,10249,2,2,0,0,0,5,5,81,0,15,5,2011,1,15,31,0,4,4,1379,,0,32.62751944,-85.137069440,0,12,2,0,1,1,1,0,1,1,0,1,0,0000000,99,99,16,0,99,99,0,0,0,1,0
1,10250,1,1,0,0,0,1,1,97,0,16,5,2011,2,6,0,0,4,4,2569,,0,30.58733889,-88.286088890,0,42,0,0,1,1,4,0,1,1,0,1,0,0000000,99,99,6,30,88,88,0,0,0,1,0
1,10251,1,1,0,0,0,1,1,21,0,16,5,2011,2,13,57,0,4,3,SR-155,,26,33.01095833,-86.789405560,0,1,0,0,1,1,1,0,1,10,0,10,0,0000000,13,58,14,5,88,88,0,0,0,1,1
1,10252,1,1,0,0,0,1,1,99,0,17,5,2011,3,20,30,0,4,4,1261,,0,31.32875833,-87.531811110,0,1,0,0,1,1,4,0,3,1,0,1,0,0000000,99,99,20,40,88,88,0,0,0,1,0
1,10253,1,1,0,0,0,3,3,53,180,6,3,2011,1,21,37,0,6,6,1020,,0,31.02473611,-87.490519440,0,58,0,0,1,1,1,0,3,1,0,1,0,0000000,21,48,22,25,22,51,20,0,0,1,1
1,10254,1,1,0,0,0,1,1,97,0,24,5,2011,3,2,25,0,4,4,1145,,0,30.50770278,-88.373186110,0,43,0,0,1,1,4,0,3,1,0,1,0,0000000,99,99,2,37,99,99,0,0,0,1,1
1,10255,1,1,0,0,0,2,2,97,2550,11,5,2011,4,19,14,0,15,6,8195,,0,30.76854722,-88.110383330,0,53,0,0,1,1,4,0,1,1,0,1,0,0000000,19,10,19,28,99,99,0,0,0,1,1
1,10256,1,1,0,0,0,1,1,95,50,15,5,2011,1,99,99,1,12,2,US-SR 1,,2904,34.29717222,-86.265002780,0,33,0,0,1,1,3,0,3,10,0,10,0,0000000,6,15,6,20,88,88,0,0,0,1,1
1,10257,2,2,0,0,0,3,3,43,830,12,5,2011,5,13,52,1,12,3,SR-157,,40,34.20586667,-86.842794440,0,12,6,0,1,1,1,0,1,1,0,1,0,0000000,99,99,14,0,99,99,0,0,0,1,0
1,10258,2,2,0,0,0,2,2,97,2550,14,5,2011,7,22,25,1,12,2,US-SR 17,1270,68,30.76543889,-88.129191670,0,12,6,0,2,2,1,0,3,1,0,1,0,0000000,99,99,22,28,88,88,0,0,0,1,1
1,10259,1,1,0,0,0,1,1,95,50,17,5,2011,3,21,50,1,12,6,1340,753,0,34.28530556,-86.231261110,0,18,0,0,2,2,4,0,3,1,0,1,0,0000000,21,56,21,59,88,88,0,0,0,1,1
1,10260,3,3,0,0,0,3,3,95,50,23,5,2011,2,8,46,0,14,3,SR-75,,560,34.24875556,-86.231302780,0,12,8,0,1,1,1,0,1,10,0,10,0,0000000,8,53,9,19,9,54,0,0,0,1,0
1,10261,1,1,0,0,0,1,1,73,1710,29,5,2011,1,11,57,0,12,3,SR-149,,12,33.46488611,-86.786133330,0,32,0,0,1,1,4,0,1,1,0,1,0,0000000,12,0,12,4,88,88,0,0,0,1,0
1,10262,2,2,0,0,0,3,3,91,900,26,5,2011,5,14,22,1,12,2,US-SR 13,,1370,32.52405556,-87.837516670,0,12,2,0,1,1,1,0,1,2,0,2,0,0000000,14,21,14,45,15,14,0,0,0,1,0
1,10263,3,3,0,0,0,6,6,3,1493,31,5,2011,3,18,5,1,12,3,SR-59,316,40,30.28469722,-87.686294440,0,12,6,0,2,2,1,0,5,1,0,1,0,0000000,18,6,18,9,99,99,0,0,0,1,0
1,10264,1,1,0,1,1,1,1,49,2564,6,6,2011,2,13,30,1,12,3,SR-35,,0,34.46536389,-85.785111110,0,9,0,0,1,1,1,0,1,1,0,1,0,0000000,99,99,13,32,88,88,0,0,0,1,0
1,10265,2,2,0,0,0,6,6,101,2130,1,5,2011,1,9,4,0,14,6,VAUGHN RD,YOUNG MEADOWS RD,0,32.34159444,-86.211636110,0,12,6,0,2,3,1,0,1,1,0,1,0,0000000,9,16,9,28,10,5,0,0,0,1,0
1,10266,2,2,0,0,0,2,2,3,0,9,5,2011,2,13,30,0,2,2,US-SR 42,7663,489,30.47269167,-87.886419440,0,12,2,0,2,2,1,0,1,1,0,1,0,0000000,13,52,14,13,14,33,0,0,0,1,0
1,10267,2,2,0,0,0,2,2,45,2380,13,5,2011,6,9,55,0,14,3,SR-123,,291,31.44766389,-85.636305560,0,12,2,0,1,1,1,0,1,10,0,10,0,0000000,99,99,10,1,99,99,0,0,0,1,0
1,10268,1,1,0,1,1,1,1,89,1730,16,5,2011,2,8,55,0,15,6,5941,,0,34.73898611,-86.576783330,0,8,0,0,1,1,1,0,1,10,0,10,0,0000000,8,57,9,1,9,17,0,0,0,1,0
1,10269,2,2,0,1,1,2,2,43,0,18,5,2011,4,0,1,1,1,1,I-65,,2910,33.94580000,-86.870044440,0,8,0,0,1,1,1,0,3,1,0,1,0,0000000,99,99,0,15,88,88,0,0,0,1,0
1,10270,1,1,0,0,0,1,1,115,0,20,5,2011,6,3,45,1,1,1,I-20,,1521,33.59567500,-86.394125000,0,23,0,0,1,1,4,0,3,1,0,1,0,0000000,3,49,3,58,88,88,0,0,0,1,1
1,10271,2,2,0,0,0,2,2,1,0,20,5,2011,6,12,25,1,2,2,US-SR 6,,1210,32.61071389,-86.718305560,0,12,8,0,1,1,1,0,1,1,0,1,0,0000000,12,43,13,3,88,88,0,0,0,1,1
1,10272,1,1,0,0,0,2,2,55,0,21,5,2011,7,20,28,1,2,2,US-SR 74,,1469,33.96770833,-85.767430560,0,42,0,0,1,1,4,0,3,1,0,1,0,0000000,99,99,20,34,99,99,0,0,0,1,0
1,10273,1,1,0,0,0,3,3,55,0,21,5,2011,7,22,18,0,6,4,1170,,0,34.09249167,-86.183302780,0,42,0,0,1,1,4,0,3,1,0,1,0,0000000,22,29,23,6,23,43,0,0,0,1,1
1,10274,2,2,0,0,0,2,2,61,0,21,5,2011,7,10,50,0,4,3,SR-103,,31,31.04162778,-85.536322220,0,12,6,0,8,1,1,0,1,1,0,1,0,0000000,10,55,11,2,11,34,0,0,0,1,0
1,10275,1,1,0,0,0,2,2,51,0,21,5,2011,7,19,4,0,5,4,1110,,0,32.51381389,-85.930852780,0,34,0,0,1,1,4,0,5,1,0,1,0,0000000,99,99,19,15,88,88,0,0,0,2,1
1,10276,1,1,0,0,0,2,2,99,0,21,5,2011,7,10,0,0,3,3,SR-21,,294,31.38229167,-87.428769440,0,41,0,0,1,1,4,0,1,1,0,1,0,0000000,9,59,10,11,10,49,0,0,0,1,0
1,10277,2,2,0,0,0,2,2,125,3050,21,5,2011,7,14,15,0,14,6,5069,,0,33.17840000,-87.567044440,0,12,6,0,1,1,1,0,1,1,0,1,0,0000000,99,99,14,25,99,99,0,0,0,1,0
1,10278,2,2,0,0,0,6,6,119,0,21,5,2011,7,21,30,0,4,4,1092,,0,32.49965556,-88.120566670,0,12,8,0,1,1,1,0,3,1,0,1,0,0000000,21,48,22,16,88,88,0,0,0,1,1
1,10279,1,1,0,0,0,1,1,89,0,23,5,2011,2,6,20,0,15,4,1207,,0,34.63131111,-86.502238890,0,53,0,0,1,1,4,0,1,1,0,1,0,0000000,99,99,7,0,88,88,0,0,0,1,1
1,10280,1,1,0,0,0,1,1,81,0,23,5,2011,2,18,15,0,6,4,1250,,0,32.59537500,-85.150844440,0,35,0,0,1,1,4,0,1,1,0,1,0,0000000,99,99,18,32,88,88,0,0,0,1,1
1,10281,1,1,0,0,0,4,4,129,0,14,5,2011,7,16,56,0,6,4,1095,,0,31.38251667,-88.008330560,0,10,0,0,6,1,1,0,1,1,0,1,0,727747N,99,99,17,8,99,99,0,0,0,1,0
1,10282,1,1,0,1,1,2,2,89,0,28,5,2011,7,20,10,0,16,4,8089,,0,34.79881944,-86.734355560,0,9,0,0,1,1,1,0,1,1,0,1,0,0000000,19,15,19,32,20,1,0,0,0,1,1
1,10283,1,1,0,0,0,2,2,27,0,30,5,2011,2,19,3,0,4,4,1260,,0,33.11882778,-86.132050000,0,1,0,0,1,1,4,0,1,1,0,1,0,0000000,19,42,19,57,20,31,0,0,0,1,1
1,10284,1,1,0,0,0,1,1,109,0,31,5,2011,3,2,30,0,3,3,SR-223,,79,31.91644167,-85.813083330,0,1,0,0,1,1,1,0,3,1,0,1,0,0000000,99,99,3,2,88,88,0,0,0,1,1
1,10285,3,3,0,0,0,6,6,83,0,1,6,2011,4,16,10,1,12,2,US-SR 20,,715,34.62883889,-86.947958330,0,58,0,0,1,1,3,0,1,1,0,1,0,0000000,15,48,16,0,99,99,0,0,0,3,0
1,10286,1,1,0,0,0,1,1,21,0,2,6,2011,5,0,10,0,4,4,1100,,0,32.76620278,-86.549133330,0,35,0,0,1,1,4,0,3,1,0,1,0,0000000,0,34,0,55,99,99,0,0,0,1,0
1,10287,1,1,0,0,0,1,1,125,0,2,6,2011,5,13,3,0,15,4,1352,,0,33.33249722,-87.589263890,0,30,0,0,1,1,4,0,1,1,0,1,0,0000000,99,99,13,30,99,99,0,0,0,1,0
1,10288,1,1,0,0,0,3,3,43,0,3,6,2011,6,19,15,1,1,1,I-65,,2912,33.93691667,-86.868563890,0,42,0,0,1,1,4,0,5,1,0,1,0,0000000,99,99,19,30,99,99,0,0,0,1,0
1,10289,2,2,0,0,0,6,6,43,0,5,6,2011,1,16,45,1,1,1,I-65,,3057,34.14507222,-86.869002780,0,12,7,0,1,1,1,0,1,1,0,1,0,0000000,16,11,16,21,17,5,0,0,0,1,0
1,10290,2,2,0,0,0,6,6,23,0,6,6,2011,2,16,27,0,4,3,SR-156,7463,51,32.20906111,-88.088991670,0,12,6,0,2,2,1,0,1,1,0,1,0,0000000,99,99,16,35,99,99,0,0,0,1,0
1,10291,2,2,0,0,0,5,5,69,930,6,6,2011,2,14,5,1,12,3,SR-210,,0,31.21331111,-85.361936110,0,12,6,0,8,1,1,0,1,1,0,1,0,0000000,14,9,14,10,14,24,0,0,0,1,0
1,10292,1,1,0,0,0,1,1,69,0,8,6,2011,4,6,45,0,6,4,1048,,0,31.10208611,-85.254775000,0,42,0,0,1,1,4,0,1,1,0,1,0,0000000,99,99,7,22,88,88,0,0,0,1,0
1,10293,1,1,0,0,0,1,1,113,0,10,6,2011,6,19,35,0,4,3,SR-165,,93,32.11733889,-85.077536110,0,42,0,0,1,1,4,0,3,1,0,1,0,0000000,99,99,19,55,88,88,0,0,0,1,0
1,10294,1,1,0,0,0,1,1,65,0,10,6,2011,6,5,45,0,6,4,1132,,0,32.70663056,-87.649569440,0,38,0,0,1,1,4,0,4,1,0,1,0,0000000,5,59,6,13,88,88,0,0,0,1,0
1,10295,2,2,0,0,0,5,5,117,1570,10,6,2011,6,12,32,0,3,3,SR-25,,0,33.28996389,-86.448283330,0,12,2,0,1,1,1,0,1,10,0,10,0,0000000,12,32,12,56,13,39,0,0,0,3,0
1,10296,2,2,0,0,0,3,3,9,370,12,6,2011,1,13,23,1,2,2,US-SR 53,,2685,34.08517778,-86.590761110,0,12,2,0,1,1,1,0,1,1,0,1,0,0000000,13,18,13,47,14,18,0,0,0,1,0
1,10297,1,1,0,0,0,1,1,37,0,12,6,2011,1,18,30,0,3,3,SR-22,,831,32.80887500,-86.404488890,0,34,0,0,1,1,4,0,1,10,0,10,0,0000000,99,99,18,46,88,88,0,0,0,1,1
1,10298,1,1,0,0,0,1,1,125,718,17,4,2011,1,1,30,0,14,2,US-SR 7,7459,948,33.17303889,-87.324905560,0,42,0,0,1,1,4,0,6,1,0,1,0,0000000,1,48,2,2,88,88,0,0,0,1,0
1,10299,1,1,0,0,0,1,1,41,1950,4,6,2011,7,8,32,1,2,2,US-SR 9,,0,31.69456111,-86.266213890,0,33,0,0,1,1,4,0,1,1,0,1,0,0000000,8,33,8,39,8,45,0,0,0,1,0
1,10300,6,6,0,0,0,12,12,51,0,12,6,2011,1,23,40,1,11,1,I-65,,1777,32.44006667,-86.374983330,0,12,1,0,1,1,1,0,3,1,0,1,0,0000000,23,55,0,3,88,88,14,0,0,1,1
1,10301,1,1,0,1,1,1,1,101,2130,10,5,2011,3,23,55,1,12,2,US-SR 6,,0,32.32632222,-86.325575000,0,8,0,0,1,1,1,0,3,1,0,1,0,0000000,99,99,0,7,88,88,0,0,0,1,0
1,10302,2,2,0,0,0,3,3,133,1530,18,6,2011,7,19,18,1,12,3,SR-13,,2693,34.22739444,-87.621466670,0,12,6,0,8,1,1,0,1,1,0,1,0,0000000,19,15,19,18,19,38,0,0,0,1,0
1,10303,3,2,1,0,0,4,4,89,1730,22,6,2011,4,11,31,1,12,2,US-SR 53,5204,3093,34.61323611,-86.566997220,0,12,6,0,2,2,1,0,1,2,0,2,0,0000000,11,34,11,40,12,5,0,0,0,1,0
1,10304,3,3,0,0,0,8,8,73,0,25,5,2011,4,16,55,1,11,1,I-59,,1468,33.68397778,-86.534552780,0,12,1,0,1,1,1,0,1,1,0,1,0,0000000,99,99,17,5,99,99,0,0,0,4,0
1,10305,4,4,0,0,0,4,4,103,0,26,5,2011,5,6,30,0,3,3,SR-36,,431,34.53085833,-86.613588890,0,12,8,0,1,1,1,0,1,10,0,10,0,0000000,6,38,6,49,7,17,0,0,0,2,0
1,10306,1,1,0,0,0,1,1,103,0,26,5,2011,5,21,0,0,6,4,1484,,0,34.49654722,-86.634352780,0,1,0,0,1,1,1,0,3,1,0,1,0,0000000,20,56,21,14,88,88,0,0,0,1,0
1,10307,1,1,0,0,0,1,1,115,0,27,5,2011,6,5,0,1,1,1,I-59,,1530,33.75902778,-86.474902780,0,1,0,0,1,1,4,0,4,10,0,10,0,0000000,5,41,5,49,88,88,0,0,0,1,1
1,10308,1,1,0,0,0,2,2,125,0,28,5,2011,7,17,0,0,16,4,2899,,0,33.33656111,-87.390913890,0,42,0,0,1,1,4,0,1,1,0,1,0,0000000,99,99,17,35,88,88,0,0,0,1,1
1,10309,1,1,0,0,0,1,1,89,1730,28,5,2011,7,14,22,0,15,3,SR-255,,0,34.71357222,-86.671163890,0,42,0,0,1,1,4,0,1,1,0,1,0,0000000,99,99,14,28,88,88,0,0,0,1,0
1,10310,1,1,0,0,0,1,1,51,0,29,5,2011,1,17,50,0,6,4,1510,,0,32.74352778,-85.923955560,0,1,0,0,1,1,4,0,1,1,0,1,0,0000000,17,54,18,8,18,33,0,0,0,1,1
1,10311,1,1,0,0,0,1,1,121,0,29,5,2011,1,17,10,0,5,4,1092,,0,33.23728889,-86.351616670,0,42,0,0,1,1,4,0,1,1,0,1,0,0000000,99,99,17,20,88,88,0,0,0,1,1
1,10312,1,1,0,0,0,2,2,55,0,29,5,2011,1,19,0,0,4,4,1268,,0,34.14004722,-85.928791670,0,34,0,0,1,1,4,0,5,1,0,1,0,0000000,99,99,19,42,99,99,0,0,0,1,1
1,10313,2,2,0,0,0,4,4,97,0,29,5,2011,1,6,30,1,1,1,I-65,,247,30.91035278,-87.970586110,0,12,1,0,1,1,1,1,1,5,0,5,0,0000000,6,32,6,52,88,88,0,0,0,1,0
1,10314,1,1,0,0,0,2,2,17,0,30,5,2011,2,19,13,0,6,4,1084,,0,32.81221111,-85.311327780,0,42,0,0,1,1,4,0,3,1,0,1,0,0000000,19,33,19,44,20,17,0,0,0,1,1
1,10315,1,1,0,0,0,1,1,39,0,1,6,2011,4,23,30,0,3,2,US-SR 15,,595,31.46077222,-86.415688890,0,32,0,0,1,1,4,0,3,1,0,1,0,0000000,99,99,23,41,88,88,0,0,0,1,1
1,10316,1,1,0,0,0,1,1,71,0,2,6,2011,5,7,25,0,4,3,SR-73,,107,34.97849722,-85.608333330,0,1,0,0,1,1,1,0,1,1,0,1,0,0000000,7,25,7,46,88,88,0,0,0,1,0
1,10317,1,1,0,0,0,1,1,39,0,3,6,2011,6,21,30,0,5,4,1054,7084,0,31.00272778,-86.241355560,0,41,0,0,3,1,4,0,3,1,0,1,0,0000000,8,2,8,14,88,88,18,0,0,1,1
1,10318,1,1,0,0,0,7,7,7,0,4,6,2011,7,0,40,0,6,4,1120,,0,32.92392778,-87.077227780,0,42,0,0,1,1,4,0,3,1,0,1,0,0000000,99,99,1,18,99,99,0,0,0,2,1
1,10319,2,2,0,0,0,3,3,21,0,5,6,2011,1,14,36,1,1,1,I-65,,2179,32.95978611,-86.674694440,0,12,1,0,1,1,1,0,1,1,0,1,0,0000000,14,43,14,51,99,99,0,0,0,1,0
1,10320,1,1,0,0,0,1,1,127,0,7,6,2011,3,9,55,1,2,2,US-SR 4,,550,33.85821944,-87.376755560,0,1,0,0,1,1,4,0,1,1,0,1,0,0000000,9,59,10,11,11,16,0,0,0,1,0
1,10321,2,2,0,0,0,2,2,89,1730,8,6,2011,4,10,52,0,15,6,1010,,0,34.66011111,-86.717158330,0,12,2,0,1,1,1,0,1,1,0,1,0,0000000,10,52,11,2,11,23,0,0,0,1,0
1,10322,1,1,0,0,0,1,1,39,2350,8,6,2011,4,99,99,1,2,2,US-SR 12,,0,31.28114444,-86.264069440,0,1,0,0,1,1,4,0,1,1,0,1,0,0000000,6,35,6,41,6,50,0,0,0,1,0
1,10323,1,1,0,0,0,2,2,51,0,10,6,2011,6,5,30,0,4,4,1410,,0,32.70555556,-86.216077780,0,1,0,0,1,1,4,0,4,1,0,1,0,0000000,99,99,5,50,99,99,0,0,0,1,1
1,10324,1,1,0,0,0,3,3,113,0,18,6,2011,7,18,4,1,12,2,US-SR 1,,1027,32.35034722,-85.120772220,0,1,0,0,1,1,1,0,1,1,0,1,0,0000000,18,20,18,26,18,55,0,0,0,1,0
1,10325,2,2,0,0,0,2,2,131,0,18,6,2011,7,16,0,0,4,4,1202,,0,32.18514722,-87.372969440,0,12,6,0,1,1,1,0,1,1,0,1,0,0000000,99,99,16,51,88,88,0,0,0,2,1
1,10326,2,2,0,0,0,2,2,1,0,18,6,2011,7,23,5,0,3,2,US-SR 3,,1968,32.55294444,-86.458227780,0,12,2,0,1,1,1,0,3,1,0,1,0,0000000,99,99,23,16,99,99,0,0,0,1,1
1,10327,2,2,0,0,0,2,2,103,890,19,6,2011,1,10,20,1,12,3,SR-67,514,0,34.57486111,-87.016236110,0,12,6,0,2,2,1,0,1,1,0,1,0,0000000,10,24,10,39,11,14,0,0,0,1,1
1,10328,1,1,0,0,0,2,2,79,0,19,6,2011,1,1,10,0,4,4,1214,,0,34.56469444,-87.227186110,0,32,0,0,1,1,4,0,3,1,0,1,0,0000000,1,20,1,57,2,25,0,0,0,1,1
1,10329,2,2,0,0,0,2,2,73,0,19,6,2011,1,3,0,1,11,1,I-59,,1159,33.45918333,-86.946497220,0,12,2,0,1,1,1,0,3,1,0,1,0,0000000,3,13,3,21,99,99,20,0,0,1,0
1,10330,1,1,0,0,0,3,3,125,0,21,6,2011,3,14,30,0,15,4,1081,,0,33.14330833,-87.746622220,0,32,0,0,1,1,4,0,1,2,0,2,0,0000000,14,46,15,3,99,99,0,0,0,1,0
1,10331,1,1,0,1,1,1,1,3,860,23,6,2011,5,12,9,0,6,4,1204,13447,0,30.60386944,-87.869005560,0,9,0,0,2,2,1,0,1,1,0,1,0,0000000,99,99,12,12,99,99,0,0,0,1,0
1,10332,1,1,0,0,0,1,1,73,0,24,6,2011,6,16,20,0,4,4,3866,,0,33.70275000,-86.602102780,0,42,0,0,1,1,4,0,1,10,0,10,0,0000000,17,37,17,45,18,14,0,0,0,1,0
1,10333,1,1,0,0,0,1,1,103,0,25,6,2011,7,6,45,0,6,4,1377,,0,34.54536111,-86.721611110,0,34,0,0,1,1,4,0,1,1,0,1,0,0000000,6,53,7,14,8,2,0,0,0,1,0
1,10334,1,1,0,0,0,1,1,97,0,26,6,2011,1,5,20,0,3,3,SR-193,,160,30.47696389,-88.113430560,0,34,0,0,1,1,4,0,4,1,0,1,0,0000000,5,39,5,54,88,88,0,0,0,1,1
1,10335,2,2,0,0,0,10,10,15,0,25,6,2011,7,21,0,1,1,1,I-20,,1905,33.61422500,-85.746875000,0,12,2,0,1,1,1,0,3,1,0,1,0,0000000,99,99,21,20,99,99,0,0,0,1,0
1,10336,2,2,0,0,0,2,2,69,930,27,6,2011,2,20,13,1,12,2,US-SR 1,,0,31.19272222,-85.400805560,0,12,6,0,8,1,1,0,3,1,0,1,0,0000000,20,15,20,20,20,40,0,0,0,1,0
1,10337,1,1,0,0,0,1,1,9,0,27,6,2011,2,21,30,1,2,2,US-SR 74,,995,34.16238611,-86.500897220,0,18,0,0,1,1,4,0,3,1,0,1,0,0000000,21,37,21,46,88,88,0,0,0,1,0
1,10338,3,3,0,0,0,3,3,53,0,28,6,2011,3,7,50,0,3,3,SR-21,,118,31.15929167,-87.463661110,0,12,8,0,1,1,1,0,1,10,0,10,0,0000000,8,10,8,17,8,42,0,0,0,1,1
1,10339,2,2,0,0,0,2,2,59,0,28,6,2011,3,21,10,0,4,3,SR-19,,306,34.38735278,-88.085686110,0,12,2,0,1,1,1,0,3,1,0,1,0,0000000,21,18,21,28,22,7,0,0,0,2,1
1,10340,1,1,0,0,0,1,1,37,0,29,6,2011,4,20,36,1,2,2,US-SR 21,,1932,32.94724722,-86.202583330,0,42,0,0,1,1,4,0,3,1,0,1,0,0000000,99,99,21,5,88,88,0,0,0,1,1
1,10341,1,1,0,0,0,1,1,3,0,12,6,2011,1,6,20,0,5,4,1486,,0,30.57223889,-87.818483330,0,1,0,0,1,1,4,0,1,1,0,1,0,0000000,99,99,6,33,88,88,0,0,0,1,1
1,10342,1,1,0,0,0,1,1,37,0,12,6,2011,1,9,0,0,6,4,1126,,0,32.91671944,-86.270313890,0,35,0,0,1,1,4,0,1,10,0,10,0,0000000,99,99,9,30,88,88,0,0,0,1,1
1,10343,1,1,0,0,0,2,2,101,2130,12,6,2011,1,4,59,0,14,6,6365,,0,32.40983056,-86.265466670,0,33,0,0,1,1,4,0,3,1,0,1,0,0000000,5,1,5,11,5,37,0,0,0,1,0
1,10344,1,1,0,0,0,1,1,97,0,12,6,2011,1,4,0,1,4,4,1346,,0,30.63957500,-88.391994440,0,42,0,0,1,1,4,0,3,1,0,1,0,0000000,99,99,99,99,99,99,0,0,0,1,1
1,10345,1,1,0,0,0,1,1,29,0,13,6,2011,2,17,30,0,3,2,US-SR 4,,1891,33.74050833,-85.406480560,0,42,0,0,1,1,4,0,1,1,0,1,0,0000000,99,99,17,50,88,88,0,0,0,1,0
1,10346,1,1,0,1,1,3,3,33,0,13,6,2011,2,23,0,1,12,3,SR-20,,298,34.70436389,-87.650986110,0,8,0,0,1,1,1,0,3,1,0,1,0,0000000,88,88,88,88,88,88,0,0,0,1,0
1,10347,2,2,0,0,0,2,2,3,860,14,6,2011,3,12,9,0,14,2,US-SR 42,,398,30.60311944,-87.898080560,0,12,6,0,8,1,1,0,1,1,0,1,0,0000000,12,11,12,18,99,99,0,0,0,1,0
1,10348,2,2,0,0,0,2,2,101,0,14,6,2011,3,21,30,0,4,4,1040,,0,32.04540556,-86.215875000,0,12,8,0,1,1,1,0,3,1,0,1,0,0000000,99,99,21,40,88,88,0,0,0,1,1
1,10349,2,2,0,0,0,4,4,51,0,14,6,2011,3,16,20,0,4,3,SR-143,,128,32.55799167,-86.319466670,0,12,1,0,8,1,1,0,1,1,0,1,0,0000000,99,99,16,25,99,99,0,0,0,1,0
1,10350,2,2,0,0,0,6,6,39,0,14,6,2011,3,18,50,0,4,3,SR-137,7005,32,31.02193056,-86.612847220,0,12,6,0,2,2,1,0,1,1,0,1,0,0000000,18,58,19,25,20,10,0,0,0,3,0
1,10351,2,2,0,0,0,3,3,25,0,15,6,2011,4,20,40,1,2,2,US-SR 12,,565,31.59473056,-87.614369440,0,12,8,0,1,1,1,0,3,1,0,1,0,0000000,99,99,21,2,88,88,0,0,0,1,1
1,10352,2,2,0,0,0,2,2,103,0,15,6,2011,4,11,15,0,5,4,1387,,0,34.47961389,-86.737608330,0,12,6,0,8,1,1,0,1,1,0,1,0,0000000,11,19,11,30,11,52,0,0,0,1,0
1,10353,2,2,0,0,0,2,2,77,0,16,6,2011,5,7,30,1,12,3,SR-133,,71,34.79859722,-87.648441670,0,12,1,0,1,1,1,0,1,1,0,1,0,0000000,99,99,7,50,99,99,0,0,0,1,0
1,10354,1,1,0,0,0,1,1,115,0,17,6,2011,6,3,0,0,3,2,US-SR 4,,1383,33.60051944,-86.198044440,0,32,0,0,1,1,4,0,3,1,0,1,0,0000000,2,53,3,4,88,88,0,0,0,1,1
1,10355,1,1,0,0,0,1,1,73,0,19,6,2011,1,17,20,1,3,3,SR-269,,36,33.52804167,-86.935436110,0,1,0,0,1,1,1,0,1,1,0,1,0,0000000,17,25,17,31,17,46,0,0,0,1,0
1,10356,1,1,0,0,0,2,2,73,0,20,6,2011,2,15,10,1,2,2,US-SR 5,,1541,33.73837500,-87.027113890,0,1,0,0,1,1,1,0,1,1,0,1,0,0000000,15,24,15,29,16,9,0,0,0,1,0
1,10357,2,2,0,0,0,2,2,85,0,20,6,2011,2,6,15,1,1,1,I-65,,1443,32.02313056,-86.514963890,0,12,1,0,1,1,1,0,1,1,0,1,0,0000000,6,42,7,4,9,14,0,0,0,1,0
1,10358,1,1,0,0,0,2,2,53,0,21,6,2011,3,17,30,0,2,2,US-SR 3,,807,31.25344167,-87.046116670,0,1,0,0,1,1,4,0,5,10,0,10,0,0000000,17,48,17,58,18,22,0,0,0,1,0
1,10359,1,1,0,1,1,1,1,73,350,25,6,2011,7,23,2,1,11,1,I-59,,1283,33.54538333,-86.760600000,0,8,0,1,5,1,1,0,2,1,0,1,0,0000000,99,99,23,15,88,88,19,0,0,1,1
1,10360,1,1,0,0,0,1,1,107,2590,29,6,2011,4,21,22,0,3,3,SR-17,,0,33.36897222,-88.021488890,0,43,0,0,1,1,4,0,3,1,0,1,0,0000000,99,99,21,34,99,99,0,0,0,1,1
1,10361,5,5,0,0,0,10,10,103,1590,29,3,2011,3,18,55,1,11,1,I-65,,3250,34.43027500,-86.899494440,0,12,1,0,1,1,1,0,1,1,0,1,0,0000000,19,1,19,5,19,19,19,14,0,1,0
1,10362,2,2,0,0,0,3,3,15,2370,5,6,2011,1,1,45,0,14,2,US-SR 4,627,0,33.59561667,-85.872236110,0,12,2,0,1,1,1,0,3,10,0,10,0,0000000,99,99,1,53,99,99,0,0,0,1,1
1,10363,2,2,0,0,0,2,2,25,1480,24,6,2011,6,17,35,1,2,2,US-SR 13,,785,31.73105000,-87.768230560,0,12,6,0,1,1,1,0,1,1,0,1,0,0000000,17,35,17,54,18,20,0,0,0,1,0