STATE,ST_CASE,VE_TOTAL,VE_FORMS,PVH_INVL,PEDS,PERNOTMVIT,PERMVIT,PERSONS,COUNTY,CITY,DAY,MONTH,YEAR,DAY_WEEK,HOUR,MINUTE,NHS,ROAD_FNC,ROUTE,TWAY_ID,TWAY_ID2,MILEPT,LATITUDE,LONGITUD,SP_JUR,HARM_EV,MAN_COLL,RELJCT1,RELJCT2,TYP_INT,REL_ROAD,WRK_ZONE,LGT_COND,WEATHER1,WEATHER2,WEATHER,SCH_BUS,RAIL,NOT_HOUR,NOT_MIN,ARR_HOUR,ARR_MIN,HOSP_HR,HOSP_MN,CF1,CF2,CF3,FATALS,DRUNK_DR
1,10364,1,1,0,0,0,1,1,17,3111,24,6,2011,6,3,0,0,15,6,5097,,0,32.81907778,-85.183733330,0,43,0,0,1,1,4,0,3,1,0,1,0,0000000,3,1,3,6,88,88,0,0,0,1,1
1,10365,1,1,0,0,0,1,1,101,2130,25,6,2011,7,22,23,1,12,6,8123,,0,32.36532778,-86.371175000,0,42,0,0,1,1,4,0,3,1,0,1,0,0000000,99,99,22,26,99,99,0,0,0,1,1
1,10366,1,1,0,1,1,4,4,79,2150,21,6,2011,3,23,59,1,12,3,SR-157,,360,34.46626667,-87.259038890,0,8,0,0,1,1,1,0,3,1,0,1,0,0000000,99,99,0,5,88,88,23,0,0,1,0
1,10367,2,2,0,0,0,4,4,125,2260,1,7,2011,6,21,59,1,12,2,US-SR 6,7514,0,33.24712222,-87.676069440,0,12,6,0,2,2,1,0,3,1,0,1,0,0000000,22,2,22,10,99,99,0,0,0,2,0
1,10368,2,2,0,0,0,5,5,19,610,8,7,2011,6,15,0,0,3,3,SR-9,,2659,34.22118889,-85.572350000,0,12,1,0,1,1,1,0,1,1,0,1,0,0000000,99,99,15,25,99,99,0,0,0,2,0
1,10369,2,2,0,0,0,3,3,125,0,1,7,2011,6,8,0,1,11,1,I-59,,727,33.17089444,-87.529030560,0,12,7,0,1,1,1,0,1,1,0,1,0,0000000,8,3,8,12,99,99,0,0,0,1,0
1,10370,1,1,0,0,0,1,1,121,0,1,7,2011,6,18,35,0,6,4,1099,,0,33.24695278,-86.289377780,0,42,0,0,1,1,4,0,1,1,0,1,0,0000000,99,99,19,3,88,88,0,0,0,1,0
1,10371,1,1,0,0,0,1,1,47,0,1,7,2011,6,23,15,0,3,3,SR-22,,370,32.59217500,-86.967141670,0,42,0,0,1,1,4,0,3,1,0,1,0,0000000,99,99,23,30,88,88,0,0,0,1,1
1,10372,1,1,0,0,0,2,2,115,0,2,7,2011,7,1,14,0,6,4,1093,,0,33.61445000,-86.426105560,0,34,0,0,1,1,4,0,3,1,0,1,0,0000000,99,99,1,25,99,99,0,0,0,1,1
1,10373,2,2,0,0,0,2,2,127,0,1,7,2011,6,7,15,0,4,4,1656,,0,33.74029444,-87.282727780,0,12,2,0,1,1,1,0,1,1,0,1,0,0000000,99,99,7,26,88,88,0,0,0,1,0
1,10374,1,1,0,0,0,1,1,69,0,2,7,2011,7,13,20,0,4,4,1179,,0,31.06813611,-85.432927780,0,32,0,0,1,1,4,0,1,1,0,1,0,0000000,13,28,13,38,88,88,0,0,0,1,0
1,10375,2,2,0,0,0,3,3,83,0,2,7,2011,7,2,13,1,2,2,US-SR 2,,618,34.80276944,-87.200341670,0,12,2,0,1,1,1,0,3,1,0,1,0,0000000,2,29,2,57,3,31,0,0,0,1,1
1,10376,1,1,0,0,0,1,1,131,0,3,7,2011,1,13,15,0,4,4,1125,,0,32.06893889,-87.302919440,0,42,0,0,1,1,4,0,1,10,0,10,0,0000000,99,99,14,2,88,88,0,0,0,1,0
1,10377,1,1,0,0,0,1,1,73,1270,4,7,2011,2,19,0,0,14,4,1376,,0,33.64620556,-86.741308330,0,52,0,0,1,1,4,0,1,2,0,2,0,0000000,19,12,19,19,88,88,0,0,0,1,0
1,10378,1,1,0,0,0,1,1,3,0,4,7,2011,2,19,28,0,6,4,1482,,0,30.60003056,-87.848750000,0,30,0,0,1,1,4,0,5,1,0,1,0,0000000,19,35,19,57,20,13,0,0,0,1,1
1,10379,2,2,0,0,0,2,2,89,1730,6,7,2011,4,6,38,0,15,6,5204,906,0,34.61715278,-86.579980560,0,43,0,0,2,3,4,0,1,10,0,10,0,0000000,6,39,6,45,7,12,0,0,0,1,0
1,10380,1,1,0,0,0,1,1,33,0,31,5,2011,3,8,53,0,14,4,1591,,70,34.79428056,-87.624272220,0,19,0,0,1,1,4,0,1,1,0,1,0,0000000,99,99,9,57,88,88,0,0,0,1,0
1,10381,1,1,0,0,0,1,1,77,2832,9,6,2011,5,22,52,0,15,4,1229,,0,34.87348611,-87.620022220,0,53,0,0,1,1,4,0,3,1,0,1,0,0000000,99,99,23,3,88,88,0,0,0,1,1
1,10382,1,1,0,1,1,1,1,77,1200,6,7,2011,4,21,5,0,15,6,1653,2687,0,34.80665833,-87.655663890,0,8,0,0,2,4,1,0,3,1,0,1,0,0000000,99,99,21,7,88,88,0,0,0,1,0
1,10383,2,2,0,0,0,3,3,43,830,12,7,2011,3,5,21,1,12,3,SR-157,,0,34.19992222,-86.818708330,0,12,6,0,1,1,1,0,1,2,0,2,0,0000000,99,99,18,6,99,99,0,0,0,1,0
1,10384,1,1,0,0,0,3,3,49,2564,14,7,2011,5,14,45,0,6,6,5069,5070,0,34.50729722,-85.846566670,0,34,0,0,1,1,4,0,1,1,0,1,0,0000000,15,1,15,15,15,54,0,0,0,2,1
1,10385,2,2,0,0,0,5,5,111,2640,20,7,2011,4,8,45,1,12,2,US-SR 1,,1790,33.12815278,-85.357172220,0,12,2,0,1,1,1,0,1,1,0,1,0,0000000,8,49,8,54,9,18,0,0,0,1,0
1,10386,1,1,0,0,0,2,2,77,0,21,6,2011,3,17,20,0,5,4,1611,,0,34.95419722,-87.253975000,0,35,0,0,1,1,4,0,1,2,0,2,0,0000000,99,99,17,31,99,99,0,0,0,1,1
1,10387,1,1,0,0,0,1,1,101,2130,22,6,2011,4,16,30,1,11,1,I-85,,30,32.36539167,-86.283097220,0,24,0,0,1,1,4,0,1,2,0,2,0,0000000,16,35,16,37,88,88,0,0,0,1,0
1,10388,2,2,0,0,0,7,7,101,2130,15,5,2011,1,11,14,0,14,6,5954,1912,0,32.36835556,-86.302069440,0,12,6,0,2,2,1,0,1,1,0,1,0,0000000,99,99,11,18,99,99,0,0,0,1,0
1,10389,3,1,2,0,0,1,1,79,2150,19,7,2011,3,14,50,1,12,3,SR-157,,390,34.50814722,-87.287719440,0,14,0,0,1,1,2,0,1,1,0,1,0,0000000,14,54,14,57,88,88,0,0,0,1,0
1,10390,2,2,0,0,0,2,2,83,9997,2,7,2011,7,10,24,1,12,3,SR-20,,733,34.62802500,-86.908463890,0,12,6,0,8,1,1,0,1,1,0,1,0,0000000,10,26,10,36,10,47,0,0,0,1,0
1,10391,1,1,0,1,1,2,2,97,2100,3,7,2011,1,5,0,0,12,6,5167,,0,30.55466667,-88.146463890,0,8,0,0,1,1,1,0,3,1,0,1,0,0000000,6,6,6,13,88,88,0,0,0,1,0
1,10392,1,1,0,0,0,2,2,73,0,3,7,2011,1,2,55,0,4,4,1522,,0,33.47887500,-87.161438890,0,24,0,0,1,1,4,0,6,10,0,10,0,0000000,99,99,3,50,99,99,0,0,0,1,1
1,10393,2,2,0,0,0,2,2,71,2720,8,7,2011,6,17,55,0,3,3,SR-79,,847,34.57481944,-86.124100000,0,12,6,0,1,1,1,0,1,10,0,10,0,0000000,99,99,18,10,99,99,0,0,0,2,0
1,10394,1,1,0,0,0,1,1,43,0,8,7,2011,6,9,45,1,1,1,I-65,,3170,34.30270278,-86.907713890,0,35,0,0,1,1,4,0,1,10,0,10,0,0000000,99,99,10,0,88,88,0,0,0,1,1
1,10395,1,1,0,0,0,3,3,1,0,8,7,2011,6,14,0,1,1,1,I-65,,1960,32.67305000,-86.508316670,0,34,0,0,1,1,4,0,1,1,0,1,0,0000000,14,22,14,51,15,32,0,0,0,1,0
1,10396,1,1,0,0,0,5,5,53,0,9,7,2011,7,18,15,1,1,1,I-65,,620,31.14183611,-87.412783330,0,1,0,0,1,1,1,0,1,10,0,10,0,0000000,18,52,19,3,19,20,0,0,0,1,0
1,10397,1,1,0,0,0,4,4,81,0,9,7,2011,7,19,38,0,6,4,1056,,0,32.59686667,-85.559527780,0,38,0,0,1,1,4,0,5,10,0,10,0,0000000,20,4,20,13,20,51,0,0,0,2,1
1,10398,2,2,0,0,0,4,4,113,2440,9,7,2011,7,9,57,1,12,2,US-SR 8,,2122,32.46913889,-85.064916670,0,12,6,0,1,1,1,0,1,1,0,1,0,0000000,99,99,10,6,99,99,0,0,0,1,0
1,10399,1,1,0,1,1,1,1,97,0,9,7,2011,7,22,45,0,4,4,1275,,0,30.52126111,-88.170272220,0,8,0,0,1,1,1,0,3,1,0,1,0,0000000,22,50,23,1,88,88,0,0,0,1,0
1,10400,1,1,0,0,0,1,1,9,0,9,7,2011,7,20,0,0,6,4,1093,,0,33.89247778,-86.854980560,0,42,0,0,1,1,4,0,5,1,0,1,0,0000000,88,88,88,88,88,88,0,0,0,1,0
1,10401,1,1,0,0,0,3,3,31,0,10,7,2011,1,18,25,0,5,4,1211,,0,31.49700556,-86.077977780,0,42,0,0,1,1,4,0,1,10,0,10,0,0000000,99,99,18,43,99,99,0,0,0,2,1
1,10402,2,2,0,0,0,2,2,127,0,10,7,2011,1,10,15,1,12,2,US-SR 4,,651,33.79888056,-87.250650000,0,12,1,0,1,1,1,0,1,1,0,1,0,0000000,99,99,10,27,88,88,0,0,0,1,0
1,10403,1,1,0,0,0,1,1,133,0,11,7,2011,2,8,5,0,4,4,1303,,0,34.12932778,-87.138533330,0,42,0,0,1,1,4,0,1,1,0,1,0,0000000,7,59,8,22,88,88,0,0,0,1,0
1,10404,2,2,0,0,0,2,2,113,2440,13,7,2011,4,18,1,0,14,3,SR-165,7613,317,32.41268333,-85.038319440,0,12,1,0,3,3,1,0,1,1,0,1,0,0000000,99,99,18,15,99,99,0,0,0,1,0
1,10405,1,1,0,1,1,2,2,69,930,13,7,2011,4,0,0,1,12,2,US-SR 1,,0,31.27017778,-85.377438890,0,8,0,0,1,1,1,0,3,10,0,10,0,0000000,20,23,20,32,20,47,19,0,0,1,0
1,10406,1,1,0,0,0,3,3,3,0,13,7,2011,4,20,10,0,4,4,1025,,0,30.38733333,-87.717225000,0,30,0,0,1,1,4,0,3,10,0,10,0,0000000,99,99,20,25,99,99,0,0,0,1,1
1,10407,1,1,0,0,0,1,1,97,0,13,7,2011,4,4,10,0,12,4,5031,,0,30.56969722,-88.220719440,0,1,0,0,1,1,4,0,3,1,0,1,0,0000000,4,14,4,26,88,88,0,0,0,1,1
1,10408,1,1,0,0,0,1,1,45,0,15,7,2011,6,18,15,0,4,4,1090,,0,31.36863333,-85.599858330,0,42,0,0,1,1,4,0,1,2,0,2,0,0000000,99,99,18,18,88,88,0,0,0,1,1
1,10409,2,2,0,0,0,5,5,59,0,16,7,2011,7,22,45,0,6,4,1289,,0,34.39752500,-87.610413890,0,12,2,0,1,1,1,0,3,1,0,1,0,0000000,22,48,23,24,23,48,0,0,0,1,1
1,10410,1,1,0,0,0,1,1,47,0,16,7,2011,7,1,10,0,3,4,1115,,0,32.28103611,-87.259641670,0,1,0,0,1,1,4,0,3,1,0,1,0,0000000,88,88,88,88,88,88,0,0,0,1,1
1,10411,2,2,0,0,0,2,2,79,0,18,7,2011,2,17,30,1,5,3,SR-24,8387,472,34.48677778,-87.372069440,0,12,6,0,2,2,1,0,1,1,0,1,0,0000000,17,25,17,35,18,8,0,0,0,1,0
1,10412,1,1,0,0,0,1,1,3,0,23,5,2011,2,17,22,0,6,4,3058,,0,30.40239722,-87.581483330,0,42,0,0,1,1,4,0,1,1,0,1,0,0000000,17,31,17,49,18,12,0,0,0,1,0
1,10413,2,2,0,0,0,2,2,73,350,17,7,2011,1,10,48,0,12,3,SR-7,,0,33.58424444,-86.705141670,0,12,6,0,8,1,1,0,1,1,0,1,0,0000000,99,99,11,5,99,99,0,0,0,1,0
1,10414,1,1,0,0,0,1,1,57,0,29,7,2011,6,0,30,0,4,3,SR-18,,261,33.70966944,-87.852000000,0,30,0,0,1,1,4,0,3,1,0,1,0,0000000,0,33,0,41,1,52,0,0,0,1,0
1,10415,1,1,0,0,0,1,1,45,845,31,7,2011,1,0,52,0,16,6,5055,,0,31.30735556,-85.681438890,0,42,0,0,1,1,4,0,3,1,0,1,0,0000000,99,99,1,7,88,88,0,0,0,1,1
1,10416,3,3,0,0,0,3,3,73,1315,16,6,2011,5,20,3,0,14,4,1412,5328,0,33.65179167,-86.811450000,0,12,6,0,2,2,1,0,3,10,0,10,0,0000000,20,2,20,6,20,37,0,0,0,1,0
1,10417,2,2,0,0,0,4,4,69,930,4,7,2011,2,16,54,0,12,6,EDDINS RD,E COTTONWOOD RD,0,31.16004444,-85.344488890,0,12,6,0,2,2,1,0,1,1,0,1,0,0000000,16,54,16,58,17,14,0,0,0,1,0
1,10418,1,1,0,0,0,2,2,73,0,9,7,2011,7,20,50,0,15,4,3866,,0,33.72132222,-86.622358330,0,38,0,0,1,1,4,0,3,1,0,1,0,0000000,21,4,21,16,21,56,0,0,0,1,1
1,10419,1,1,0,0,0,1,1,47,0,23,7,2011,7,23,40,0,3,3,SR-22,,398,32.64304167,-86.941316670,0,42,0,0,1,1,4,0,3,1,0,1,0,0000000,99,99,0,1,88,88,0,0,0,1,1
1,10420,2,2,0,0,0,4,4,25,0,23,7,2011,7,13,5,1,2,2,US-SR 12,,517,31.63890556,-87.678944440,0,12,6,0,1,1,1,0,1,2,0,2,0,0000000,13,53,14,36,15,15,0,0,0,1,0
1,10421,2,2,0,0,0,2,2,83,0,23,7,2011,7,17,55,0,14,3,SR-99,,59,34.84721667,-87.037777780,0,12,2,0,1,1,1,0,1,1,0,1,0,0000000,18,6,18,11,18,29,0,0,0,1,0
1,10422,1,1,0,0,0,1,1,79,0,24,7,2011,1,16,15,0,4,4,1460,,0,34.56778611,-87.129005560,0,34,0,0,1,1,4,0,1,1,0,1,0,0000000,16,23,16,31,16,50,0,0,0,1,1
1,10423,1,1,0,0,0,1,1,117,0,25,7,2011,2,13,25,1,2,2,US-SR 38,,230,33.35633333,-86.488527780,0,34,0,0,1,1,3,0,1,1,0,1,0,0000000,99,99,13,44,88,88,0,0,0,1,0
1,10424,1,1,0,0,0,1,1,89,1730,27,7,2011,4,21,46,1,12,2,US-SR 2,,1015,34.76793333,-86.552997220,0,35,0,0,1,1,3,0,3,1,0,1,0,0000000,21,47,21,54,22,11,0,0,0,1,1
1,10425,1,1,0,0,0,1,1,53,0,27,7,2011,4,21,30,0,6,4,1171,,0,31.08175278,-87.175527780,0,42,0,0,1,1,4,0,3,10,0,10,0,0000000,99,99,22,0,88,88,0,0,0,1,1
1,10426,1,1,0,1,1,1,1,71,2720,28,7,2011,5,20,21,0,16,3,SR-35,,515,34.67360833,-86.035775000,0,8,0,0,1,1,1,0,3,1,0,1,0,0000000,99,99,20,43,99,99,0,0,0,1,0
1,10427,1,1,0,0,0,1,1,121,0,28,7,2011,5,23,47,0,6,4,1374,7693,0,33.55326944,-86.093191670,0,34,0,0,3,3,4,0,3,1,0,1,0,0000000,99,99,0,6,88,88,0,0,0,1,1
1,10428,1,1,0,2,2,1,1,97,2100,29,7,2011,6,22,27,0,12,2,US-SR 16,4171,0,30.68914167,-88.044180560,0,8,0,0,3,1,1,0,3,1,0,1,0,0000000,22,31,22,38,22,55,0,0,0,1,0
1,10429,1,1,0,0,0,2,2,89,0,30,7,2011,7,4,30,1,12,2,US-SR 2,,909,34.75193611,-86.703544440,0,42,0,0,1,1,4,0,3,1,0,1,0,0000000,99,99,4,45,88,88,0,0,0,2,1
1,10430,1,1,0,0,0,1,1,47,0,30,7,2011,7,9,0,1,2,2,US-SR 8,,945,32.32295278,-86.906027780,0,24,0,0,1,1,3,0,1,1,0,1,0,0000000,99,99,9,40,88,88,0,0,0,1,0
1,10431,1,1,0,0,0,1,1,91,0,30,7,2011,7,6,0,0,4,4,1126,,0,32.32956944,-87.577622220,0,42,0,0,1,1,4,0,4,1,0,1,0,0000000,99,99,7,24,88,88,0,0,0,1,1
1,10432,1,1,0,0,0,2,2,83,0,30,7,2011,7,2,10,0,15,4,1016,,0,34.82040000,-87.017758330,0,50,0,0,1,1,4,0,3,10,0,10,0,0000000,99,99,2,25,88,88,0,0,0,2,0
1,10433,1,1,0,0,0,1,1,49,0,30,7,2011,7,12,30,1,1,1,I-59,,2126,34.36460556,-85.806730560,0,42,0,0,1,1,4,0,1,2,0,2,0,0000000,99,99,12,48,99,99,0,0,0,1,0
1,10434,1,1,0,0,0,1,1,77,0,30,7,2011,7,11,30,0,3,3,SR-20,,18,34.99055000,-87.909377780,0,43,0,0,1,1,4,0,1,1,0,1,0,0000000,99,99,11,40,88,88,0,0,0,1,0
1,10435,1,1,0,0,0,2,2,21,0,30,7,2011,7,0,15,0,6,4,1104,,0,32.75110000,-86.450097220,0,1,0,0,1,1,4,0,3,1,0,1,0,0000000,99,99,5,15,99,99,0,0,0,1,0
1,10436,2,2,0,0,0,2,2,101,0,31,7,2011,1,3,15,0,4,4,1086,,0,32.24899444,-86.284905560,0,12,2,0,1,1,1,0,3,1,0,1,0,0000000,99,99,3,22,99,99,0,0,0,1,1
1,10437,1,1,0,0,0,1,1,101,0,31,7,2011,1,16,35,0,6,4,1359,,0,32.24087222,-86.191144440,0,34,0,0,1,1,4,0,1,10,0,10,0,0000000,99,99,16,40,88,88,0,0,0,1,1
1,10438,2,2,0,0,0,7,7,131,0,16,7,2011,7,18,0,0,5,4,1293,,0,31.83036944,-87.541013890,0,12,6,0,1,1,1,0,1,2,0,2,0,0000000,99,99,18,34,99,99,0,0,0,1,1
1,10439,1,1,0,0,0,1,1,89,0,29,7,2011,6,5,30,0,5,4,1305,,0,34.84867778,-86.458325000,0,34,0,0,1,1,4,0,4,10,0,10,0,0000000,99,99,5,45,88,88,0,0,0,1,0
1,10440,3,3,0,1,1,2,2,73,350,17,7,2011,1,22,0,1,11,1,I-59,,1280,33.54734167,-86.780994440,0,12,1,0,1,1,1,0,3,1,0,1,0,0000000,99,99,22,5,99,99,14,15,23,1,0
1,10441,2,2,0,0,0,1,1,1,0,1,8,2011,2,4,56,1,11,1,I-65,,1881,32.56824444,-86.465158330,0,12,11,0,1,1,1,0,3,1,0,1,0,0000000,99,99,5,0,99,99,19,0,0,1,0
1,10442,1,1,0,1,1,1,1,97,2100,1,8,2011,2,22,30,1,12,4,1346,,0,30.67664722,-88.187225000,0,8,0,0,1,1,1,0,3,10,0,10,0,0000000,99,99,22,35,99,99,0,0,0,1,0
1,10443,1,1,0,0,0,2,2,9,0,2,8,2011,3,15,35,0,4,4,1133,,0,33.78405278,-86.647647220,0,35,0,0,1,1,4,0,1,1,0,1,0,0000000,99,99,16,5,88,88,0,0,0,1,1
1,10444,2,2,0,0,0,2,2,129,0,3,8,2011,4,12,50,0,6,4,1043,,0,31.27052778,-88.047675000,0,12,11,0,8,1,1,0,1,1,0,1,0,0000000,99,99,13,0,88,88,0,0,0,1,0
1,10445,1,1,0,0,0,4,4,1,0,1,8,2011,2,15,55,1,1,1,I-65,,1950,32.66995278,-86.506411110,0,1,0,0,1,1,3,0,1,1,0,1,0,0000000,99,99,16,30,99,99,0,0,0,1,0
1,10446,3,3,0,0,0,4,4,73,350,1,8,2011,2,20,15,0,14,6,3257,00714,0,33.50109444,-86.917811110,0,12,6,0,2,2,1,0,3,1,0,1,0,0000000,99,99,20,18,88,88,0,0,0,1,0
1,10447,1,1,0,0,0,1,1,101,2130,2,8,2011,3,19,53,1,12,2,US-SR 9,,0,32.42152222,-86.230894440,0,52,0,0,1,1,3,0,3,1,0,1,0,0000000,99,99,20,5,99,99,0,0,0,1,1
1,10448,2,2,0,0,0,2,2,77,0,7,8,2011,1,22,45,0,4,3,SR-157,,800,34.87703333,-87.708986110,0,12,2,0,1,1,1,0,3,10,0,10,0,0000000,99,99,22,53,99,99,0,0,0,1,1
1,10449,1,1,0,0,0,1,1,59,0,7,8,2011,1,18,55,1,2,2,US-SR 13,,2990,34.55220000,-87.693150000,0,43,0,0,1,1,4,0,5,2,0,2,0,0000000,99,99,19,7,88,88,0,0,0,1,1
1,10450,1,1,0,0,0,1,1,55,1670,14,8,2011,1,2,6,1,12,2,US-SR 74,,1430,33.98366944,-85.830602780,0,1,0,0,1,1,4,0,3,10,0,10,0,0000000,99,99,2,14,99,99,0,0,0,1,1
1,10451,2,2,0,0,0,2,2,73,0,10,8,2011,4,16,10,1,12,3,SR-79,,108,33.67424722,-86.696141670,0,12,1,0,7,1,1,0,1,10,0,10,0,0000000,99,99,17,13,88,88,0,0,0,1,0
1,10452,3,1,2,0,0,2,2,51,3270,8,8,2011,2,16,33,1,12,2,US-SR 9,,0,32.56066667,-86.191650000,0,59,0,0,1,1,4,0,1,2,0,2,0,0000000,99,99,16,43,99,99,0,0,0,1,0
1,10453,1,1,0,0,0,1,1,81,0,24,7,2011,1,17,10,0,4,4,1158,,0,32.66505556,-85.236547220,0,42,0,0,1,1,4,0,1,1,0,1,0,0000000,99,99,17,33,88,88,0,0,0,1,1
1,10454,1,1,0,0,0,2,2,91,0,31,7,2011,1,5,55,0,4,4,1148,,0,32.40281944,-87.827872220,0,1,0,0,1,1,4,0,3,1,0,1,0,0000000,99,99,6,15,99,99,0,0,0,1,1
1,10455,1,1,0,1,1,1,1,73,330,28,7,2011,5,22,40,0,15,6,5330,,0,33.53178889,-86.804383330,0,8,0,0,1,1,1,0,2,1,0,1,0,0000000,99,99,22,49,88,88,0,0,0,1,0
1,10456,4,4,0,0,0,5,5,101,2130,10,8,2011,4,15,44,1,11,1,I-85,,80,32.36149444,-86.187872220,0,12,7,0,1,1,1,0,1,1,0,1,0,0000000,99,99,15,50,99,99,0,0,0,1,0
1,10457,1,1,0,1,1,1,1,79,0,10,8,2011,4,0,57,1,2,2,US-SR 20,,590,34.64136389,-87.140958330,0,8,0,0,1,1,1,0,3,1,0,1,0,0000000,99,99,6,30,88,88,0,0,0,1,0
1,10458,1,1,0,0,0,1,1,95,0,11,8,2011,5,18,43,0,4,4,1620,,0,34.52882500,-86.233083330,0,42,0,0,1,1,4,0,1,1,0,1,0,0000000,99,99,18,52,88,88,0,0,0,1,1
1,10459,2,2,0,0,0,2,2,45,2380,13,8,2011,7,12,35,1,2,2,US-SR 53,1216,432,31.44537500,-85.654602780,0,12,6,0,2,3,1,0,1,1,0,1,0,0000000,99,99,12,41,99,99,0,0,0,1,0
1,10460,2,2,0,0,0,5,5,97,2100,14,8,2011,1,22,55,0,14,6,5985,1989,0,30.68810833,-88.127525000,0,12,6,0,2,2,1,0,3,10,0,10,0,0000000,99,99,23,1,99,99,0,0,0,1,0
1,10461,1,1,0,0,0,1,1,83,0,15,8,2011,2,21,30,0,15,4,1457,,0,34.86130278,-87.040675000,0,32,0,0,1,1,4,0,3,1,0,1,0,0000000,88,88,88,88,88,88,0,0,0,1,0
1,10462,1,1,0,0,0,2,2,19,0,15,8,2011,2,18,30,0,4,4,1303,,0,34.17967778,-85.531150000,0,24,0,0,1,1,4,0,1,1,0,1,0,0000000,99,99,6,40,99,99,0,0,0,1,1
1,10463,1,1,0,0,0,3,3,85,0,15,8,2011,2,6,20,0,5,4,1073,,0,32.18566389,-86.685005560,0,42,0,0,1,1,4,0,4,10,0,10,0,0000000,99,99,7,15,99,99,0,0,0,1,0
1,10464,2,2,0,0,0,2,2,69,0,16,8,2011,3,19,0,1,2,2,US-SR 12,,2305,31.12843889,-85.075625000,0,12,6,0,7,1,1,0,1,1,0,1,0,0000000,99,99,19,20,99,99,0,0,0,1,1
1,10465,2,2,0,0,0,2,2,103,0,17,8,2011,4,7,38,0,4,4,1004,,0,34.48112500,-87.034269440,0,12,2,0,1,1,1,0,1,1,0,1,0,0000000,99,99,7,45,99,99,0,0,0,1,0
1,10466,1,1,0,1,1,1,1,101,2130,18,8,2011,5,23,53,1,12,2,US-SR 3,,1853,32.40338889,-86.403641670,0,8,0,0,1,1,1,0,3,1,0,1,0,0000000,99,99,0,15,88,88,0,0,0,1,0
1,10467,1,1,0,0,0,1,1,125,0,18,8,2011,5,16,30,1,1,1,I-59,,928,33.21380000,-87.196469440,0,34,0,0,1,1,4,0,1,1,0,1,0,0000000,99,99,16,55,88,88,0,0,0,1,0
1,10468,1,1,0,0,0,1,1,71,2500,18,8,2011,5,20,45,0,16,4,1255,,0,34.68784167,-85.856116670,0,34,0,0,1,1,4,0,3,1,0,1,0,0000000,99,99,21,5,88,88,0,0,0,1,1
1,10469,1,1,0,0,0,1,1,111,0,19,8,2011,6,21,35,0,6,4,1410,,0,33.42735000,-85.295388890,0,42,0,0,1,1,4,0,3,10,0,10,0,0000000,99,99,21,49,99,99,0,0,0,1,1
1,10470,1,1,0,0,0,1,1,57,0,19,8,2011,6,11,25,0,4,3,SR-18,,404,33.65520000,-87.666069440,0,42,0,0,1,1,4,0,1,1,0,1,0,0000000,99,99,11,51,88,88,0,0,0,1,0
1,10471,1,1,0,0,0,1,1,79,0,20,8,2011,7,12,10,0,6,4,1387,,0,34.68096111,-87.151050000,0,42,0,0,1,1,4,0,1,1,0,1,0,0000000,88,88,88,88,88,88,0,0,0,1,0
1,10472,1,1,0,1,1,1,1,101,0,20,8,2011,7,21,35,0,4,4,1196,,0,31.96598889,-86.278133330,0,8,0,0,1,1,1,0,3,10,0,10,0,0000000,99,99,21,40,88,88,0,0,0,1,0
1,10473,2,2,0,0,0,2,2,3,1120,20,8,2011,7,17,3,0,12,6,1055,566,0,30.52639167,-87.886163890,0,12,11,0,2,2,1,0,1,2,0,2,0,0000000,99,99,17,7,99,99,0,0,0,1,0
1,10474,1,1,0,0,0,1,1,97,0,21,8,2011,1,0,45,0,12,3,SR-193,,229,30.55666111,-88.124052780,0,34,0,0,1,1,4,0,3,1,0,1,0,0000000,99,99,1,15,88,88,0,0,0,1,1
1,10475,1,1,0,0,0,1,1,15,0,23,8,2011,3,16,42,0,6,4,1303,,0,33.90428611,-85.681419440,0,34,0,0,1,1,4,0,1,1,0,1,0,0000000,99,99,16,58,88,88,0,0,0,1,0
1,10476,1,1,0,0,0,2,2,53,0,23,8,2011,3,16,45,1,1,1,I-65,,527,31.07068889,-87.553138890,0,42,0,0,1,1,3,0,1,1,0,1,0,0000000,99,99,17,8,99,99,0,0,0,1,0
1,10477,1,1,0,0,0,1,1,73,0,24,8,2011,4,13,10,1,15,1,I-65,,2809,33.79798056,-86.824705560,0,1,0,0,5,1,4,0,1,1,0,1,0,0000000,99,99,13,15,99,99,0,0,0,1,0
1,10478,2,2,0,0,0,2,2,31,0,24,8,2011,4,16,40,0,4,4,1200,,0,31.51320556,-85.881563890,0,12,2,0,1,1,1,0,1,1,0,1,0,0000000,99,99,17,10,88,88,0,0,0,1,0
1,10479,2,2,0,0,0,12,12,113,0,24,8,2011,4,6,40,1,3,3,SR-169,,31,32.36653333,-85.185736110,0,12,2,0,1,1,1,0,1,1,0,1,1,0000000,99,99,7,2,99,99,0,0,0,1,1
1,10480,1,1,0,0,0,1,1,15,0,25,8,2011,5,5,25,0,6,4,1105,,0,33.76796389,-85.894813890,0,18,0,0,1,1,4,0,3,1,0,1,0,0000000,88,88,88,88,88,88,0,0,0,1,0
1,10481,2,2,0,0,0,3,3,51,0,26,8,2011,6,0,35,1,12,2,US-SR 21,,1680,32.60708056,-86.215713890,0,12,2,0,1,1,1,0,3,1,0,1,0,0000000,99,99,0,51,99,99,0,0,0,2,1
1,10482,1,1,0,0,0,1,1,73,350,16,8,2011,3,20,15,0,14,6,9610,,0,33.57321389,-86.652411110,0,34,0,0,1,1,4,0,3,1,0,1,0,0000000,99,99,20,26,88,88,0,0,0,1,1
1,10484,1,1,0,1,1,1,1,71,2850,2,9,2011,6,8,13,0,16,6,1441,146,0,34.87341389,-85.822769440,0,9,0,0,2,3,1,0,1,1,0,1,0,0000000,99,99,8,13,99,99,0,0,0,1,0