STATE,ST_CASE,VE_TOTAL,VE_FORMS,PVH_INVL,PEDS,PERNOTMVIT,PERMVIT,PERSONS,COUNTY,CITY,DAY,MONTH,YEAR,DAY_WEEK,HOUR,MINUTE,NHS,ROAD_FNC,ROUTE,TWAY_ID,TWAY_ID2,MILEPT,LATITUDE,LONGITUD,SP_JUR,HARM_EV,MAN_COLL,RELJCT1,RELJCT2,TYP_INT,REL_ROAD,WRK_ZONE,LGT_COND,WEATHER1,WEATHER2,WEATHER,SCH_BUS,RAIL,NOT_HOUR,NOT_MIN,ARR_HOUR,ARR_MIN,HOSP_HR,HOSP_MN,CF1,CF2,CF3,FATALS,DRUNK_DR
1,10485,1,1,0,0,0,4,4,73,330,21,6,2011,3,8,47,1,11,1,I-459,,45,33.33404167,-86.972236110,0,1,0,0,1,1,3,0,1,1,0,1,0,0000000,99,99,8,56,99,99,0,0,0,3,0
1,10486,1,1,0,0,0,1,1,73,350,16,7,2011,7,6,50,0,15,6,7559,,0,33.59774444,-86.708994440,0,30,0,0,1,1,4,0,1,10,0,10,0,0000000,99,99,6,34,88,88,0,0,0,1,0
1,10487,1,1,0,0,0,1,1,89,0,17,8,2011,4,16,50,0,15,4,1042,,0,34.82273333,-86.674233330,0,35,0,0,1,1,4,0,1,1,0,1,0,0000000,99,99,17,10,88,88,0,0,0,1,0
1,10488,1,1,0,1,1,1,1,89,1970,18,8,2011,5,22,27,0,15,6,5059,,0,34.69678889,-86.724463890,0,8,0,0,1,1,1,0,3,1,0,1,0,0000000,22,29,22,37,22,57,0,0,0,1,1
1,10489,2,2,0,0,0,4,4,117,0,21,8,2011,1,16,14,1,2,3,SR-38,7609,157,33.35122500,-86.610922220,0,12,6,0,2,2,1,0,1,1,0,1,0,0000000,16,20,16,26,16,59,0,0,0,1,0
1,10490,1,1,0,0,0,2,2,91,0,24,8,2011,4,10,35,0,3,3,SR-28,,496,32.26631389,-87.685361110,0,32,0,0,1,1,4,0,1,1,0,1,0,0000000,99,99,10,55,88,88,0,0,0,1,0
1,10491,1,1,0,0,0,3,3,47,0,24,8,2011,4,7,35,0,4,3,SR-14,,1087,32.48271389,-87.130605560,0,1,0,0,1,1,4,0,1,1,0,1,0,0000000,99,99,8,10,99,99,0,0,0,1,0
1,10492,2,2,0,0,0,3,3,21,0,25,8,2011,5,18,19,1,1,1,I-65,,2005,32.74124444,-86.545658330,0,34,0,0,1,1,3,0,1,1,0,1,0,0000000,18,34,18,44,19,19,0,0,0,2,0
1,10493,2,1,1,0,3,1,4,49,0,26,8,2011,6,22,0,1,1,1,I-59,,2136,34.37436389,-85.799661110,0,14,0,0,1,1,2,0,3,1,0,1,0,0000000,22,14,22,34,23,16,0,0,0,1,0
1,10494,1,1,0,0,0,3,3,103,0,26,8,2011,6,14,40,0,16,4,1214,,0,34.56342222,-87.086488890,0,42,0,0,1,1,4,0,1,1,0,1,0,0000000,99,99,14,50,99,99,0,0,0,1,0
1,10495,1,1,0,0,0,2,2,3,0,26,8,2011,6,23,47,0,6,4,1515,,0,30.44967222,-87.683386110,0,1,0,0,1,1,4,0,3,1,0,1,0,0000000,23,53,0,20,0,42,0,0,0,1,1
1,10496,1,1,0,0,0,1,1,97,0,28,8,2011,1,18,30,0,15,4,1216,,0,30.44661111,-88.246038890,0,30,0,0,1,1,4,0,1,1,0,1,0,0000000,18,43,18,58,88,88,0,0,0,1,1
1,10497,1,1,0,0,0,1,1,73,0,29,8,2011,2,4,30,0,15,4,3195,,0,33.52242222,-86.963691670,0,34,0,0,1,1,4,0,3,10,0,10,0,0000000,99,99,18,0,88,88,0,0,0,1,0
1,10498,1,1,0,0,0,1,1,71,0,29,8,2011,2,20,50,0,5,3,SR-40,,52,34.63395833,-85.905361110,0,34,0,0,1,1,4,0,3,1,0,1,0,0000000,20,48,20,53,88,88,0,0,0,1,0
1,10499,3,3,0,0,0,5,5,21,0,27,8,2011,7,12,45,1,1,1,I-65,,1990,32.71415000,-86.528577780,0,1,0,0,1,1,3,0,1,1,0,1,0,0000000,99,99,13,0,99,99,0,0,0,1,0
1,10500,1,1,0,0,0,1,1,25,0,31,8,2011,4,22,5,0,4,4,1256,,0,31.91136944,-87.891441670,0,42,0,0,1,1,4,0,3,1,0,1,0,0000000,99,99,22,35,88,88,0,0,0,1,0
1,10501,1,1,0,0,0,2,2,39,0,30,8,2011,3,19,50,0,5,4,1357,,0,31.41057222,-86.336488890,0,42,0,0,1,1,4,0,3,1,0,1,0,0000000,99,99,20,5,99,99,0,0,0,1,1
1,10502,2,2,0,0,0,6,6,95,400,2,9,2011,6,19,14,1,12,2,US-SR 1,,2824,34.22445278,-86.160622220,0,12,6,0,1,1,1,0,5,1,0,1,0,0000000,19,22,19,28,19,46,0,0,0,1,0
1,10503,2,2,0,0,0,3,3,89,0,3,9,2011,7,8,45,0,16,4,8661,7527,0,34.80843889,-86.746908330,0,12,6,0,2,2,1,0,1,1,0,1,0,0000000,8,59,9,8,9,44,0,0,0,1,0
1,10504,1,1,0,0,0,1,1,51,0,3,9,2011,7,14,48,1,11,1,I-65,,1811,32.48828056,-86.408402780,0,59,0,0,1,1,4,0,1,1,0,1,0,0000000,14,50,14,56,88,88,0,0,0,1,0
1,10505,1,1,0,0,0,2,2,43,0,4,9,2011,1,4,10,1,1,1,I-65,,3038,34.10256667,-86.866108330,0,1,0,0,1,1,4,0,3,10,0,10,0,0000000,4,18,4,25,5,25,0,0,0,1,0
1,10506,1,1,0,0,0,1,1,121,0,4,9,2011,1,12,38,1,11,1,I-20,,1824,33.58494167,-85.879827780,0,42,0,0,1,1,4,0,1,2,0,2,0,0000000,99,99,12,50,88,88,0,0,0,1,1
1,10507,1,1,0,0,0,4,4,97,2100,4,9,2011,1,4,0,0,12,2,US-SR 42,,0,30.69163056,-88.091136110,0,30,0,0,1,1,4,0,3,8,0,8,0,0000000,4,34,4,46,4,52,0,0,0,1,0
1,10508,1,1,0,0,0,4,4,55,0,6,9,2011,3,21,18,0,4,2,US-SR 7,,1893,33.99547500,-86.134250000,0,32,0,0,1,1,4,0,3,10,0,10,0,0000000,21,18,21,24,22,17,0,0,0,2,0
1,10509,1,1,0,0,0,1,1,3,0,9,9,2011,6,20,50,0,15,4,1102,,0,30.43600278,-87.739733330,0,42,0,0,1,1,4,0,3,1,0,1,0,0000000,99,99,21,15,99,99,0,0,0,1,0
1,10510,1,1,0,0,0,1,1,49,0,9,9,2011,6,4,50,0,3,3,SR-68,,143,34.30657778,-85.923386110,0,42,0,0,1,1,4,0,3,5,0,5,0,0000000,99,99,5,1,88,88,0,0,0,1,1
1,10511,1,1,0,0,0,1,1,55,0,9,9,2011,6,0,2,0,5,4,1023,7170,0,34.16301667,-86.174419440,0,34,0,0,3,1,4,0,3,1,0,1,0,0000000,99,99,0,20,88,88,0,0,0,1,1
1,10512,1,1,0,1,1,1,1,95,50,7,9,2011,4,14,6,0,16,6,1415,,0,34.33807778,-86.227494440,0,8,0,0,1,1,1,0,1,1,0,1,0,0000000,14,16,14,23,88,88,0,0,0,1,0
1,10513,2,2,0,0,0,2,2,49,2564,9,9,2011,6,11,25,1,2,3,SR-35,8943,0,34.47048889,-85.786055560,0,12,6,0,2,2,1,0,1,1,0,1,0,0000000,99,99,11,37,88,88,0,0,0,1,0
1,10514,2,2,0,0,0,5,5,113,0,2,9,2011,6,17,20,1,2,2,US-SR 8,7450,1988,32.44296667,-85.292241670,0,12,6,0,2,2,1,0,1,1,0,1,0,0000000,17,25,17,41,18,7,0,0,0,1,0
1,10515,2,2,0,0,0,33,33,25,740,3,9,2011,7,0,7,1,2,2,US-SR 12,SR-69,216,31.75558611,-88.084472220,0,12,6,0,2,2,1,0,3,10,0,10,1,0000000,99,99,0,36,99,99,0,0,0,1,0
1,10516,1,1,0,0,0,1,1,95,0,10,9,2011,7,18,18,0,4,4,1557,,0,34.31320556,-86.112416670,0,32,0,0,1,1,4,0,1,1,0,1,0,0000000,18,22,18,34,88,88,0,0,0,1,1
1,10517,1,1,0,0,0,1,1,119,0,14,9,2011,4,12,15,1,1,1,I-59,,187,32.64690833,-88.194163890,0,42,0,0,1,1,3,0,1,1,0,1,0,0000000,99,99,12,45,99,99,0,0,0,1,0
1,10518,1,1,0,0,0,2,2,55,0,14,9,2011,4,12,30,0,16,4,1313,,0,34.01007778,-85.810261110,0,42,0,0,1,1,4,0,1,1,0,1,0,0000000,99,99,12,47,99,99,0,0,0,1,1
1,10519,2,2,0,0,0,2,2,21,0,7,9,2011,4,1,40,1,1,1,I-65,,2018,32.75606111,-86.555947220,0,12,1,0,1,1,1,0,3,10,0,10,0,0000000,99,99,1,55,99,99,0,0,0,1,0
1,10520,1,1,0,1,1,3,3,113,2440,9,9,2011,6,8,19,1,12,2,US-SR 1,,1106,32.43256944,-85.027183330,0,8,0,0,1,1,1,0,1,1,0,1,0,0000000,99,99,8,32,99,99,0,0,0,1,0
1,10521,3,3,0,0,0,5,5,21,0,13,9,2011,3,5,30,0,3,3,SR-22,,434,32.67857500,-86.927088890,0,12,6,0,1,1,1,0,3,1,0,1,0,0000000,5,46,6,8,6,50,0,0,0,1,0
1,10522,1,1,0,0,0,1,1,127,0,17,9,2011,7,3,30,0,5,4,1411,,0,33.90365556,-87.156033330,0,42,0,0,1,1,4,0,3,1,0,1,0,0000000,99,99,3,50,88,88,0,0,0,1,1
1,10523,1,1,0,0,0,1,1,19,0,17,9,2011,7,12,11,1,2,2,US-SR 74,,1611,33.96450556,-85.553197220,0,34,0,0,1,1,4,0,1,1,0,1,0,0000000,99,99,12,24,88,88,0,0,0,1,0
1,10524,1,1,0,1,1,6,6,73,350,1,9,2011,5,15,43,0,14,6,1111,,0,33.61763889,-86.672897220,0,8,0,0,1,1,1,0,1,1,0,1,0,0000000,99,99,15,49,99,99,0,0,0,1,0
1,10525,5,5,0,0,0,8,8,73,350,3,9,2011,7,22,27,1,11,1,I-59,,0,33.52091389,-86.847566670,0,12,2,0,1,1,1,0,2,1,0,1,0,0000000,99,99,22,37,99,99,0,0,0,2,1
1,10526,1,1,0,0,0,1,1,71,0,12,3,2011,7,7,25,0,5,3,SR-40,,90,34.62550000,-85.844291670,0,38,0,0,1,1,4,0,1,1,0,1,0,0000000,99,99,7,29,99,99,0,0,0,1,0
1,10527,1,1,0,0,0,1,1,103,0,27,5,2011,6,10,0,0,6,4,1354,,0,34.51775000,-86.854369440,0,19,0,0,1,1,4,0,1,1,0,1,0,0000000,99,99,10,45,99,99,0,0,0,1,0
1,10528,1,1,0,0,0,2,2,35,0,24,7,2011,1,12,41,1,1,1,I-65,,817,31.31611111,-87.148425000,0,1,0,0,1,1,1,0,1,10,0,10,0,0000000,99,99,13,25,99,99,0,0,0,1,0
1,10529,2,2,0,0,0,3,3,101,2130,27,8,2011,7,11,27,0,14,6,1287,5152,0,32.42454722,-86.283991670,0,12,6,1,2,2,1,0,1,1,0,1,0,0000000,99,99,11,31,99,99,0,0,0,1,0
1,10530,2,2,0,0,0,6,6,7,3240,16,9,2011,6,15,14,1,2,3,SR-5,1041,975,33.11196111,-87.138577780,0,12,6,0,2,2,1,0,1,1,0,1,0,0000000,99,99,15,26,99,99,0,0,0,1,0
1,10531,1,1,0,0,0,1,1,47,0,10,9,2011,7,16,20,0,5,4,1176,,0,32.45068056,-87.384941670,0,42,0,0,1,1,4,0,1,1,0,1,0,0000000,99,99,17,25,88,88,0,0,0,1,1
1,10532,2,2,0,0,0,2,2,79,0,13,9,2011,3,19,30,1,12,3,SR-157,,501,34.59557500,-87.434927780,0,12,1,0,8,1,1,0,3,1,0,1,0,0000000,99,99,19,53,88,88,0,0,0,1,0
1,10533,2,2,0,0,0,5,5,127,0,13,9,2011,3,5,30,1,2,2,US-SR 4,,775,33.68321111,-87.096536110,0,12,1,0,1,1,1,0,3,5,0,5,0,0000000,99,99,5,49,99,99,0,0,0,3,0
1,10534,1,1,0,1,1,1,1,69,930,13,9,2011,3,19,35,1,12,3,SR-210,,0,31.25214722,-85.417950000,0,8,0,0,1,1,1,0,3,1,0,1,0,0000000,99,99,19,39,99,99,19,0,0,1,0
1,10535,2,2,0,0,0,4,4,73,1716,15,9,2011,5,8,0,0,14,4,1109,10565,0,33.34034444,-86.872952780,0,12,6,0,2,3,1,0,1,2,0,2,0,0000000,99,99,8,6,99,99,0,0,0,1,0
1,10536,1,1,0,0,0,1,1,97,2100,17,9,2011,7,2,20,0,14,6,7383,,0,30.74419722,-88.161055560,0,32,0,0,1,1,4,0,3,1,0,1,0,0000000,99,99,2,31,88,88,0,0,0,1,1
1,10537,1,1,0,0,0,1,1,83,0,17,9,2011,7,3,0,0,6,4,1299,,0,34.90035000,-86.892580560,0,38,0,0,1,1,4,0,3,1,0,1,0,0000000,88,88,88,88,88,88,0,0,0,1,1
1,10538,1,1,0,0,0,1,1,97,2100,18,9,2011,1,4,10,1,11,1,I-65,,0,30.62771944,-88.118141670,0,25,0,0,1,1,4,0,3,1,0,1,0,0000000,99,99,4,23,88,88,0,0,0,1,1
1,10539,2,2,0,0,0,3,3,101,2130,18,9,2011,1,3,33,0,14,2,US-SR 8,4286,0,32.34429167,-86.224083330,0,12,6,0,2,2,1,0,3,1,0,1,0,0000000,99,99,3,37,99,99,0,0,0,1,0
1,10540,1,1,0,0,0,1,1,115,0,18,9,2011,1,21,25,1,1,3,SR-23,,10,33.77093333,-86.420216670,0,34,0,0,1,1,4,0,3,1,0,1,0,0000000,99,99,21,38,88,88,0,0,0,1,1
1,10541,2,2,0,0,0,5,5,89,2368,18,9,2011,1,10,30,1,12,2,US-SR 1,22,0,34.58741389,-86.451158330,0,12,6,0,2,2,1,0,1,1,0,1,0,0000000,99,99,99,99,99,99,0,0,0,1,0
1,10542,1,1,0,0,0,1,1,3,0,20,9,2011,3,14,45,1,2,2,US-SR 3,,131,30.77875000,-87.781619440,0,1,0,0,1,1,4,0,1,1,0,1,0,0000000,99,99,15,15,99,99,0,0,0,1,0
1,10543,2,2,0,0,0,2,2,127,0,22,9,2011,5,16,57,0,3,3,SR-5,8104,1799,33.91709444,-87.387227780,0,12,1,0,3,3,1,0,1,1,0,1,0,0000000,99,99,17,10,99,99,0,0,0,1,0
1,10544,2,1,1,0,2,1,3,117,655,24,9,2011,7,22,20,1,12,2,US-SR 38,,170,33.35035556,-86.586997220,0,14,0,0,1,1,2,0,3,1,0,1,0,0000000,99,99,22,40,99,99,0,0,0,1,1
1,10545,1,1,0,0,0,1,1,9,0,25,9,2011,1,14,0,0,4,4,1217,,0,33.95103056,-86.554938890,0,42,0,0,1,1,4,0,1,1,0,1,0,0000000,99,99,14,25,88,88,0,0,0,1,0
1,10546,1,1,0,0,0,1,1,103,0,26,9,2011,2,21,45,0,6,4,1266,,0,34.42671667,-86.822858330,0,32,0,0,1,1,4,0,3,5,0,5,0,0000000,99,99,22,8,88,88,0,0,0,1,0
1,10547,1,1,0,0,0,1,1,17,0,17,9,2011,7,22,4,0,4,4,1279,,0,32.74750833,-85.199166670,0,1,0,0,1,1,4,0,3,1,0,1,0,0000000,99,99,22,15,99,99,0,0,0,1,0
1,10548,1,1,0,0,0,1,1,87,0,22,9,2011,5,3,11,0,4,2,US-SR 15,,1730,32.47914722,-85.562672220,0,34,0,0,1,1,4,0,3,2,0,2,0,0000000,99,99,3,31,88,88,0,0,0,1,1
1,10549,2,2,0,0,0,3,3,125,0,24,9,2011,7,20,40,0,14,4,2118,,0,33.21935556,-87.487413890,0,12,6,0,1,1,1,0,3,1,0,1,0,0000000,99,99,99,99,99,99,0,0,0,1,1
1,10550,2,2,0,0,0,2,2,123,0,25,9,2011,1,16,15,0,6,4,1383,8377,0,33.04903889,-85.902669440,0,12,6,0,2,2,1,0,1,1,0,1,0,0000000,99,99,16,28,99,99,0,0,0,1,0
1,10551,2,2,0,0,0,3,3,43,830,26,9,2011,2,12,21,1,2,3,SR-157,,0,34.20708611,-86.874888890,0,12,6,0,8,1,1,0,1,2,0,2,0,0000000,99,99,12,26,99,99,0,0,0,1,0
1,10552,1,1,0,0,0,2,2,121,0,28,9,2011,4,16,25,0,5,3,SR-148,,30,33.16779444,-86.200522220,0,42,0,0,1,1,4,0,1,1,0,1,0,0000000,99,99,16,35,99,99,0,0,0,1,0
1,10553,1,1,0,0,0,1,1,89,0,29,9,2011,5,12,10,1,12,2,US-SR 2,,1045,34.77089444,-86.498386110,0,34,0,0,1,1,4,0,1,1,0,1,0,0000000,99,99,12,15,99,99,0,0,0,1,0
1,10554,2,2,0,0,0,3,3,123,60,3,10,2011,2,12,47,1,12,2,US-SR 38,927,0,32.90703611,-85.927288890,0,12,6,0,2,2,1,0,1,1,0,1,0,0000000,99,99,12,49,99,99,0,0,0,1,0
1,10555,3,3,0,0,0,5,5,51,2940,6,10,2011,5,15,42,0,4,3,SR-229,195,60,32.51144444,-85.895227780,0,12,6,0,2,3,1,0,1,1,0,1,0,0000000,99,99,15,45,88,88,0,0,0,1,0
1,10556,1,1,0,0,0,1,1,123,0,1,10,2011,7,15,0,0,4,4,1403,,0,32.93649444,-85.797419440,0,42,0,0,1,1,4,0,1,1,0,1,0,0000000,99,99,15,12,99,99,0,0,0,1,0
1,10557,1,1,0,0,0,11,11,43,0,1,10,2011,7,3,5,0,2,4,1453,,0,34.18045833,-86.887316670,0,34,0,0,1,1,4,0,3,1,0,1,0,0000000,99,99,3,25,99,99,0,0,0,1,0
1,10558,1,1,0,0,0,1,1,109,0,2,10,2011,1,20,10,0,6,4,1417,,0,31.65521667,-85.942397220,0,42,0,0,1,1,4,0,3,1,0,1,0,0000000,99,99,20,30,99,99,0,0,0,1,1
1,10559,2,2,0,0,0,2,2,121,0,5,10,2011,4,12,10,0,3,3,SR-77,,555,33.34915278,-86.022166670,0,12,6,0,1,1,1,0,1,1,0,1,0,0000000,99,99,12,20,88,88,0,0,0,1,0
1,10560,1,1,0,0,0,2,2,83,0,7,10,2011,6,13,8,0,4,4,1001,,0,34.77717778,-87.194966670,0,59,0,0,1,1,4,0,1,1,0,1,0,0000000,99,99,13,20,99,99,0,0,0,1,0
1,10561,1,1,0,0,0,2,2,101,0,8,10,2011,7,6,20,0,15,3,SR-126,,23,32.36650556,-86.100872220,0,59,0,0,1,1,4,0,4,1,0,1,0,0000000,99,99,6,45,99,99,0,0,0,1,1
1,10562,3,3,0,0,0,6,6,125,3050,5,10,2011,4,17,8,0,12,3,SR-69,8857,1407,33.13293889,-87.546502780,0,12,6,1,2,2,1,0,1,1,0,1,0,0000000,99,99,17,20,99,99,0,0,0,1,0
1,10563,1,1,0,0,0,1,1,59,0,7,10,2011,6,9,10,0,4,3,SR-243,,103,34.38259167,-87.628722220,0,1,0,0,1,1,4,0,1,1,0,1,0,0000000,99,99,9,38,88,88,0,0,0,1,0
1,10564,1,1,0,0,0,4,4,101,0,8,10,2011,7,19,15,0,4,4,1041,,0,32.21423611,-86.267213890,0,34,0,0,1,1,4,0,3,1,0,1,0,0000000,99,99,19,45,99,99,0,0,0,1,1
1,10565,1,1,0,0,0,1,1,73,0,13,10,2011,5,17,50,0,4,4,1569,,0,33.44662500,-87.125175000,0,43,0,0,1,1,4,0,5,1,0,1,0,0000000,99,99,18,29,88,88,0,0,0,1,0
1,10566,1,1,0,0,0,1,1,71,2720,16,10,2011,1,11,25,0,16,6,5275,,0,34.66597778,-85.985913890,0,30,0,0,1,1,4,0,1,1,0,1,0,0000000,99,99,11,9,88,88,0,0,0,1,0
1,10567,3,3,0,0,0,3,3,21,700,10,10,2011,2,10,40,0,14,3,SR-22,279,653,32.83713889,-86.656330560,0,12,6,0,2,4,1,0,1,1,0,1,0,0000000,99,99,10,45,99,99,0,0,0,1,0
1,10568,2,2,0,0,0,2,2,115,160,19,4,2011,3,18,33,0,14,2,US-SR 25,,0,33.84094722,-86.246383330,0,55,2,0,1,1,4,0,1,1,0,1,0,0000000,99,99,18,43,99,99,0,0,0,1,0
1,10569,1,1,0,0,0,5,5,115,160,15,5,2011,1,16,25,0,4,3,SR-23,,90,33.82188889,-86.281472220,0,30,0,0,1,1,4,0,1,10,0,10,0,0000000,99,99,4,25,99,99,0,0,0,1,0
1,10570,1,1,0,0,0,1,1,115,160,3,7,2011,1,0,26,0,6,6,1272,,0,33.82545556,-86.238980560,0,42,0,0,1,1,4,0,3,1,0,1,0,0000000,99,99,0,33,88,88,0,0,0,1,1
1,10571,1,1,0,0,0,1,1,39,90,23,9,2011,6,6,5,1,2,2,US-SR 12,,0,31.31962222,-86.499761110,0,32,0,0,1,1,4,0,3,5,0,5,0,0000000,99,99,6,18,99,99,0,0,0,1,1
1,10572,2,2,0,0,0,3,3,15,0,22,9,2011,5,14,10,1,2,2,US-SR 1,8073,2410,33.76797222,-85.892550000,0,12,6,0,2,2,1,0,1,10,0,10,0,0000000,99,99,14,25,99,99,0,0,0,1,0
1,10573,1,1,0,1,1,1,1,73,350,6,10,2011,5,8,10,0,15,6,CENTER ST,2ND AVE N,0,33.50271111,-86.835261110,0,8,0,0,2,2,1,0,1,1,0,1,0,0000000,99,99,8,12,99,99,0,0,0,1,0
1,10574,1,1,0,1,1,2,2,25,2980,13,10,2011,5,19,35,1,2,2,US-SR 13,,897,31.89399167,-87.743661110,0,8,0,0,1,1,1,0,3,1,0,1,0,0000000,99,99,19,40,88,88,0,0,0,1,0
1,10575,2,2,0,0,0,2,2,73,350,7,10,2011,6,10,45,0,15,6,4107,,0,33.51383889,-86.786338890,0,12,6,0,1,1,1,0,1,1,0,1,0,0000000,99,99,10,50,99,99,0,0,0,1,0
1,10576,1,1,0,0,0,2,2,79,0,13,10,2011,5,18,50,0,6,4,1369,,0,34.57828056,-87.180611110,0,1,0,0,1,1,4,0,3,1,0,1,0,0000000,99,99,19,10,99,99,0,0,0,1,1
1,10577,1,1,0,0,0,2,2,117,47,19,10,2011,4,7,50,0,14,4,1141,,0,33.20594722,-86.735644440,0,32,0,0,1,1,4,0,1,10,0,10,0,0000000,99,99,7,55,99,99,0,0,0,1,0
1,10578,5,5,0,0,0,6,6,81,200,6,10,2011,5,16,53,0,14,6,5155,48,0,32.62979722,-85.469277780,0,12,6,0,2,2,1,0,1,1,0,1,0,0000000,99,99,17,0,99,99,0,0,0,1,0
1,10579,2,2,0,0,0,3,3,121,0,10,10,2011,2,12,25,1,2,3,SR-77,7678,695,33.51106111,-86.128516670,0,12,6,0,2,3,1,0,1,10,0,10,0,0000000,99,99,12,38,99,99,0,0,0,1,0
1,10580,1,1,0,0,0,2,2,65,0,14,10,2011,6,7,50,0,3,3,SR-14,,566,32.78544444,-87.760236110,0,32,0,0,1,1,4,0,1,1,0,1,0,0000000,99,99,8,45,99,99,0,0,0,1,0
1,10581,1,1,0,0,0,1,1,107,0,15,10,2011,7,20,10,0,4,4,1080,,0,33.17287778,-88.168900000,0,34,0,0,1,1,4,0,3,1,0,1,0,0000000,99,99,20,35,99,99,0,0,0,1,0
1,10582,1,1,0,1,1,1,1,97,0,15,10,2011,7,19,10,1,2,2,US-SR 13,,235,31.06576389,-88.025744440,0,8,0,0,1,1,1,0,3,1,0,1,0,0000000,99,99,19,15,88,88,0,0,0,1,0
1,10583,1,1,0,0,0,1,1,69,802,17,10,2011,2,3,30,0,14,4,1257,,0,31.22193056,-85.317913890,0,30,0,0,1,1,4,0,3,1,0,1,0,0000000,99,99,4,0,88,88,0,0,0,1,1
1,10584,2,2,0,0,0,2,2,7,0,21,10,2011,6,15,35,0,3,3,SR-139,7347,155,33.00432778,-86.910858330,0,12,7,0,3,3,1,0,1,1,0,1,0,0000000,88,88,88,88,88,88,0,0,0,1,1
1,10585,1,1,0,0,0,2,2,119,0,22,10,2011,7,6,0,0,4,4,1154,,0,32.83070278,-88.353594440,0,53,0,0,1,1,4,0,3,1,0,1,0,0000000,99,99,6,34,99,99,0,0,0,1,0
1,10586,1,1,0,0,0,1,1,107,0,23,10,2011,1,16,55,0,4,4,1080,,0,33.20055000,-88.175272220,0,34,0,0,1,1,4,0,1,10,0,10,0,0000000,99,99,17,14,88,88,0,0,0,1,1
1,10587,1,1,0,0,0,1,1,1,0,23,10,2011,1,22,35,0,4,4,1215,,0,32.54361944,-86.822494440,0,34,0,0,1,1,4,0,3,1,0,1,0,0000000,99,99,23,15,88,88,0,0,0,1,1
1,10588,1,1,0,1,1,1,1,97,2550,24,10,2011,2,23,50,1,14,2,US-SR 17,,90,30.81745556,-88.160713890,0,8,0,0,1,1,1,0,3,1,0,1,0,0000000,99,99,23,54,88,88,0,0,0,1,0
1,10589,2,2,0,0,0,3,3,3,1210,2,10,2011,1,5,41,1,2,3,SR-59,7285,0,30.34102778,-87.683044440,0,12,2,0,2,2,1,0,3,1,0,1,0,0000000,99,99,99,99,99,99,0,0,0,1,1
1,10590,1,1,0,0,0,1,1,95,0,11,10,2011,3,16,0,0,4,4,1014,,0,34.32024167,-86.380133330,0,34,0,0,1,1,4,0,1,2,0,2,0,0000000,99,99,16,10,88,88,0,0,0,1,0
1,10591,2,2,0,0,0,4,4,71,0,15,10,2011,7,22,40,0,5,4,1319,,0,34.86055556,-86.064780560,0,12,2,0,1,1,1,0,3,10,0,10,0,0000000,99,99,23,10,99,99,0,0,0,1,0
1,10592,1,1,0,0,0,1,1,3,0,18,10,2011,3,19,45,0,16,4,1819,,0,31.03642500,-87.740094440,0,42,0,0,1,1,4,0,3,10,0,10,0,0000000,99,99,20,15,88,88,0,0,0,1,0
1,10593,1,1,0,0,0,2,2,127,0,20,10,2011,5,0,30,0,3,3,SR-124,,109,33.81709167,-87.334677780,0,42,0,0,1,1,4,0,3,1,0,1,0,0000000,99,99,6,10,88,88,0,0,0,2,1
1,10594,3,3,0,0,0,3,3,73,0,16,10,2011,1,17,40,0,3,4,1247,,0,33.31756389,-86.902133330,0,12,2,0,1,1,1,0,1,1,0,1,0,0000000,99,99,17,50,99,99,0,0,0,1,1
1,10595,2,2,0,0,0,3,3,71,0,19,10,2011,4,10,30,0,4,3,SR-65,,60,34.73276111,-86.265936110,0,12,2,0,1,1,1,0,1,2,0,2,0,0000000,99,99,10,40,99,99,0,0,0,1,0
1,10596,2,2,0,0,0,2,2,115,0,21,10,2011,6,6,15,0,14,2,US-SR 4,,1370,33.59588889,-86.220080560,0,12,2,0,1,1,1,0,3,1,0,1,1,0000000,99,99,6,25,88,88,0,0,0,1,0
1,10597,2,2,0,0,0,5,5,15,0,23,10,2011,1,17,10,1,12,2,US-SR 1,8038,2373,33.72066389,-85.874022220,0,12,6,0,2,2,1,0,1,1,0,1,0,0000000,99,99,17,20,99,99,0,0,0,1,0
1,10598,2,2,0,0,0,6,6,127,0,24,10,2011,2,16,45,0,4,3,SR-257,,35,33.92384722,-87.243858330,0,12,6,0,1,1,1,0,1,1,0,1,0,0000000,99,99,16,55,99,99,0,0,0,1,1
1,10599,1,1,0,1,1,3,3,73,2510,24,10,2011,2,15,48,0,5,4,5122,,0,33.48295556,-86.960133330,0,8,0,0,1,1,1,0,1,1,0,1,0,0000000,99,99,15,52,99,99,0,0,0,1,0
1,10600,1,1,0,1,1,1,1,97,2100,25,10,2011,3,1,15,0,14,6,6327,2678,0,30.64459167,-88.100313890,0,8,0,0,2,2,1,0,3,10,0,10,0,0000000,99,99,1,24,88,88,0,0,0,1,0
1,10601,1,1,0,0,0,2,2,113,2440,28,10,2011,6,17,29,1,12,2,US-SR 1,,1092,32.42235556,-85.040047220,0,35,0,0,1,1,4,0,5,10,0,10,0,0000000,99,99,17,40,88,88,0,0,0,2,0
1,10602,2,2,0,0,0,3,3,89,1730,28,10,2011,6,20,47,0,12,3,SR-255,,20,34.72770833,-86.670369440,0,12,2,0,1,1,1,0,3,1,0,1,0,0000000,99,99,20,57,99,99,0,0,0,1,0
1,10603,1,1,0,0,0,1,1,3,0,29,10,2011,7,23,40,0,5,4,1132,,0,30.33373056,-87.725411110,0,34,0,0,1,1,4,0,3,1,0,1,0,0000000,99,99,23,50,88,88,0,0,0,1,0
1,10604,2,2,0,0,0,3,3,9,1600,29,10,2011,7,12,48,0,3,3,SR-160,,5,33.85099167,-86.821525000,0,12,6,0,8,1,1,0,1,1,0,1,0,0000000,99,99,12,53,88,88,0,0,0,1,0