STATE,ST_CASE,VE_TOTAL,VE_FORMS,PVH_INVL,PEDS,PERNOTMVIT,PERMVIT,PERSONS,COUNTY,CITY,DAY,MONTH,YEAR,DAY_WEEK,HOUR,MINUTE,NHS,ROAD_FNC,ROUTE,TWAY_ID,TWAY_ID2,MILEPT,LATITUDE,LONGITUD,SP_JUR,HARM_EV,MAN_COLL,RELJCT1,RELJCT2,TYP_INT,REL_ROAD,WRK_ZONE,LGT_COND,WEATHER1,WEATHER2,WEATHER,SCH_BUS,RAIL,NOT_HOUR,NOT_MIN,ARR_HOUR,ARR_MIN,HOSP_HR,HOSP_MN,CF1,CF2,CF3,FATALS,DRUNK_DR
1,10605,2,2,0,0,0,3,3,103,0,29,10,2011,7,13,35,1,2,3,SR-24,3012,695,34.60085000,-87.034894440,0,12,6,0,2,2,1,0,1,1,0,1,0,0000000,99,99,13,45,99,99,0,0,0,1,0
1,10606,1,1,0,0,0,2,2,23,0,29,10,2011,7,8,40,0,3,4,1087,,0,32.04960833,-88.211247220,0,38,0,0,1,1,4,0,1,1,0,1,0,0000000,99,99,9,21,99,99,0,0,0,1,0
1,10607,1,1,0,0,0,2,2,19,0,31,10,2011,2,8,5,0,4,4,1066,,0,34.20827222,-85.782161110,0,42,0,0,1,1,4,0,1,1,0,1,0,0000000,99,99,8,15,99,99,0,0,0,1,0
1,10608,2,2,0,0,0,3,3,7,3306,26,10,2011,4,16,25,1,3,2,US-SR 7,1,1050,33.21556944,-87.165500000,0,12,6,0,3,2,1,0,1,1,0,1,0,0000000,99,99,16,43,99,99,0,0,0,1,1
1,10609,2,2,0,0,0,2,2,93,3300,28,10,2011,6,7,48,0,14,2,US-SR 118,108,0,33.92997778,-87.825875000,0,12,6,0,2,3,1,0,1,2,0,2,0,0000000,99,99,7,50,99,99,0,0,0,1,0
1,10610,1,1,0,0,0,1,1,73,0,5,11,2011,7,1,5,0,6,4,1823,,0,33.77374444,-86.959769440,0,59,0,0,1,1,4,0,3,1,0,1,0,0000000,99,99,1,40,99,99,0,0,0,1,0
1,10611,3,3,0,0,0,3,3,89,9997,4,11,2011,6,6,0,0,12,3,SR-53,,3260,34.81233889,-86.684752780,0,12,6,0,1,1,1,0,3,10,0,10,0,0000000,99,99,5,55,99,99,0,0,0,1,0
1,10612,2,2,0,0,0,2,2,127,0,1,11,2011,3,3,35,1,2,1,I-22,,400,33.95068611,-87.609411110,0,12,1,0,1,1,1,0,3,1,0,1,0,0000000,99,99,3,45,99,99,0,0,0,1,0
1,10613,1,1,0,0,0,1,1,73,0,4,6,2011,7,19,20,0,5,4,1032,,0,33.33071111,-87.112991670,0,42,0,0,1,1,4,0,5,1,0,1,0,0000000,99,99,19,27,88,88,0,0,0,1,1
1,10614,1,1,0,1,1,1,1,101,2130,20,10,2011,5,17,55,0,15,6,8348,,0,32.35846944,-86.235930560,0,8,0,0,1,1,1,0,5,1,0,1,0,0000000,99,99,17,58,99,99,0,0,0,1,0
1,10615,2,2,0,0,0,2,2,69,140,27,10,2011,5,23,50,1,12,2,US-SR 12,,2199,31.17566389,-85.238666670,0,12,2,0,1,1,1,0,3,1,0,1,0,0000000,99,99,23,57,99,99,20,0,0,1,0
1,10616,2,2,0,0,0,2,2,29,0,8,11,2011,3,18,15,1,1,1,I-20,,1940,33.61452500,-85.685458330,0,12,1,0,1,1,1,0,3,1,0,1,0,0000000,99,99,18,35,99,99,0,0,0,1,0
1,10617,1,1,0,0,0,1,1,121,2910,23,11,2011,4,9,5,0,16,6,5297,1035,0,33.45925278,-86.091113890,0,32,0,0,3,3,4,0,1,10,0,10,0,0000000,99,99,9,10,88,88,0,0,0,1,0
1,10618,1,1,0,0,0,1,1,113,2440,10,11,2011,5,22,37,1,12,2,US-SR 8,,2154,32.48976111,-85.031008330,0,24,0,0,1,1,3,0,3,1,0,1,0,0000000,99,99,22,49,99,99,0,0,0,1,0
1,10619,1,1,0,0,0,1,1,21,0,11,11,2011,6,2,45,0,4,3,SR-155,,47,33.03345833,-86.801338890,0,42,0,0,1,1,4,0,3,1,0,1,0,0000000,99,99,3,15,99,99,0,0,0,1,1
1,10620,1,1,0,0,0,1,1,117,0,11,11,2011,6,0,5,0,5,4,1311,,0,33.29387778,-86.678958330,0,42,0,0,1,1,4,0,3,1,0,1,0,0000000,99,99,0,30,88,88,0,0,0,1,1
1,10621,1,1,0,0,0,2,2,81,200,11,11,2011,6,23,50,1,11,1,I-85,,510,32.55636667,-85.511575000,0,59,0,0,1,1,3,1,3,1,0,1,0,0000000,99,99,0,1,99,99,0,0,0,1,0
1,10622,1,1,0,0,0,2,2,73,0,12,11,2011,7,6,45,1,11,1,I-59,,1191,33.49568333,-86.912844440,0,25,0,0,1,1,3,0,1,1,0,1,0,0000000,99,99,7,7,88,88,0,0,0,1,0
1,10623,2,2,0,0,0,2,2,97,0,14,11,2011,2,6,58,0,12,4,8860,,0,30.71561667,-88.225480560,0,12,2,0,1,1,1,0,3,2,0,2,0,0000000,99,99,19,9,99,99,0,0,0,1,1
1,10624,1,1,0,0,0,1,1,131,0,14,11,2011,2,4,30,0,4,4,1008,,0,31.91140556,-87.609244440,0,42,0,0,1,1,4,0,3,10,0,10,0,0000000,88,88,88,88,88,88,0,0,0,1,0
1,10625,1,1,0,1,1,2,2,73,0,17,11,2011,5,21,50,1,12,3,SR-79,,130,33.65810556,-86.709697220,0,8,0,0,1,1,1,0,3,1,0,1,0,0000000,99,99,22,13,88,88,0,0,0,1,0
1,10626,2,2,0,0,0,2,2,117,530,18,11,2011,6,1,29,0,14,3,SR-25,,1178,33.09828611,-86.765838890,0,24,0,0,1,1,4,0,3,1,0,1,0,0000000,99,99,1,34,99,99,0,0,0,1,0
1,10627,2,2,0,0,0,3,3,125,0,18,11,2011,6,5,15,1,1,1,I-59,,597,33.06337222,-87.698577780,0,12,2,0,1,1,1,0,3,1,0,1,0,0000000,99,99,5,31,88,88,0,0,0,1,1
1,10628,2,2,0,0,0,2,2,41,0,21,11,2011,2,8,15,0,5,4,1227,,0,31.85137222,-86.232758330,0,12,1,0,1,1,1,0,1,1,0,1,0,0000000,99,99,8,32,99,99,0,0,0,1,0
1,10629,1,1,0,0,0,1,1,73,350,2,11,2011,4,22,9,0,16,6,4191,,0,33.50028333,-86.839541670,0,38,0,0,1,1,4,0,3,1,0,1,0,0000000,99,99,22,12,88,88,0,0,0,1,0
1,10630,2,2,0,1,1,2,2,73,330,12,9,2011,2,11,18,0,12,3,SR-5,,0,33.38653889,-86.980225000,0,8,0,0,1,1,1,0,1,1,0,1,0,0000000,99,99,11,22,99,99,23,0,0,1,0
1,10631,1,1,0,0,0,4,4,53,180,5,9,2011,2,2,9,0,3,6,5008,,0,31.00650278,-87.497230560,0,42,0,0,1,1,4,0,3,2,0,2,0,0000000,99,99,2,15,99,99,0,0,0,3,1
1,10632,1,1,0,2,2,1,1,97,807,30,9,2011,6,0,40,0,16,6,1727,59,0,30.88659444,-88.037452780,0,19,0,0,2,3,4,0,3,1,0,1,0,0000000,99,99,9,3,88,88,0,0,0,2,1
1,10633,2,2,0,0,0,2,2,73,350,19,10,2011,4,16,30,0,15,6,7316,02515,0,33.51809722,-86.808105560,0,12,6,0,2,2,1,0,1,1,0,1,0,0000000,99,99,16,36,99,99,0,0,0,1,0
1,10634,2,2,0,0,0,4,4,77,1200,26,10,2011,4,16,18,0,12,3,SR-20,,210,34.78606667,-87.697697220,0,12,6,0,1,1,1,0,1,1,0,1,0,0000000,99,99,16,23,88,88,0,0,0,1,0
1,10635,2,2,0,0,0,3,3,123,60,4,11,2011,6,13,8,1,12,2,US-SR 22,,0,32.92440000,-85.961388890,0,12,6,0,8,1,1,0,1,10,0,10,0,0000000,99,99,13,12,99,99,0,0,0,1,0
1,10636,1,1,0,0,0,2,2,65,0,19,10,2011,4,12,40,0,4,4,1119,,0,32.82650833,-87.587655560,0,30,0,0,1,1,4,0,1,10,0,10,0,0000000,99,99,13,4,99,99,0,0,0,1,0
1,10637,2,2,0,0,0,2,2,117,2120,23,10,2011,1,13,0,0,14,3,SR-119,7474,0,33.15022778,-86.822522220,0,12,6,0,2,2,1,0,1,1,0,1,0,0000000,99,99,12,50,99,99,0,0,0,1,0
1,10638,2,2,0,0,0,2,2,97,250,31,10,2011,2,18,35,0,14,3,SR-188,11117,100,30.38741667,-88.242836110,0,12,6,0,2,3,1,0,3,1,0,1,0,0000000,99,99,18,45,88,88,0,0,0,1,0
1,10639,2,2,0,0,0,3,3,69,930,4,11,2011,6,11,50,1,12,3,SR-52,1156,0,31.22068889,-85.374288890,0,12,6,0,2,2,1,0,1,1,0,1,0,0000000,99,99,11,54,99,99,0,0,0,1,0
1,10640,1,1,0,0,0,1,1,13,0,5,11,2011,7,6,25,1,1,1,I-65,,1165,31.68330278,-86.751980560,0,24,0,0,1,1,4,0,3,1,0,1,0,0000000,99,99,6,38,88,88,0,0,0,1,0
1,10641,1,1,0,0,0,4,4,85,0,7,11,2011,2,11,50,1,3,2,US-SR 8,,1140,32.26893611,-86.586355560,0,1,0,0,1,1,4,0,1,1,0,1,0,0000000,99,99,12,7,99,99,0,0,0,2,0
1,10642,2,2,0,0,0,2,2,69,0,9,11,2011,4,7,20,1,2,2,US-SR 12,7264,2219,31.16856944,-85.206836110,0,12,6,0,2,2,1,0,1,1,0,1,1,0000000,99,99,7,26,88,88,0,0,0,1,0
1,10643,1,1,0,0,0,1,1,127,0,10,11,2011,5,11,5,0,5,3,SR-124,,59,33.81255000,-87.408241670,0,42,0,0,1,1,4,0,1,1,0,1,0,0000000,99,99,11,28,88,88,0,0,0,1,0
1,10644,2,2,0,0,0,2,2,121,2275,11,11,2011,6,6,40,1,2,2,US-SR 38,7152,377,33.21487222,-86.315322220,0,12,6,0,2,2,1,0,1,1,0,1,0,0000000,99,99,6,55,99,99,0,0,0,1,0
1,10645,1,1,0,0,0,1,1,91,0,11,11,2011,6,17,45,0,4,3,SR-25,,325,32.41728333,-87.598516670,0,42,0,0,1,1,4,0,3,1,0,1,0,0000000,99,99,18,17,88,88,0,0,0,1,0
1,10646,2,2,0,0,0,3,3,121,2900,11,11,2011,6,9,13,1,2,2,US-SR 38,191,0,33.15940000,-86.272086110,0,12,6,0,2,2,1,0,1,1,0,1,0,0000000,99,99,9,25,99,99,0,0,0,2,0
1,10647,1,1,0,0,0,5,5,21,0,12,11,2011,7,18,23,1,1,1,I-65,,2132,32.90374722,-86.634363890,0,34,0,0,1,1,3,0,3,1,0,1,0,0000000,99,99,18,29,99,99,0,0,0,1,0
1,10648,1,1,0,0,0,1,1,117,1570,1,7,2011,6,6,47,0,14,3,SR-76,,0,33.28681944,-86.440380560,0,34,0,0,1,1,4,0,1,1,0,1,0,0000000,99,99,6,55,88,88,0,0,0,1,0
1,10649,1,1,0,0,0,2,2,73,330,21,10,2011,6,1,16,0,15,6,5330,,0,33.83127222,-87.280255560,0,10,0,0,6,1,1,0,3,1,0,1,0,725396K,99,99,1,24,88,88,0,0,0,2,0
1,10650,1,1,0,0,0,1,1,73,330,4,10,2011,3,11,1,0,16,6,5382,,0,33.41507222,-86.938861110,0,10,0,0,6,1,1,0,1,1,0,1,0,725393P,99,99,11,5,88,88,0,0,0,1,0
1,10651,2,2,0,0,0,2,2,73,330,2,10,2011,1,20,8,1,12,3,SR-5,,0,33.43404444,-86.938619440,0,12,6,0,8,1,1,0,2,10,0,10,0,0000000,99,99,20,10,88,88,0,0,0,1,0
1,10652,3,3,0,0,0,4,4,73,0,18,11,2011,6,6,13,1,12,2,US-SR 38,,12,33.47461667,-86.768763890,0,12,2,0,1,1,1,0,4,1,0,1,0,0000000,99,99,6,15,99,99,0,0,0,2,0
1,10653,3,3,0,0,0,3,3,73,350,26,11,2011,7,5,46,1,11,1,I-59,,1230,33.52005000,-86.856100000,0,12,2,0,1,1,1,0,3,1,0,1,0,0000000,99,99,5,54,99,99,0,0,0,1,1
1,10654,2,2,0,0,0,3,3,77,1200,15,11,2011,3,18,4,0,16,6,5171,1263,0,34.82534444,-87.688452780,0,12,6,0,2,2,1,0,3,1,0,1,0,0000000,99,99,18,7,99,99,0,0,0,1,0
1,10655,1,1,0,0,0,3,3,11,3090,18,11,2011,6,23,33,0,3,3,SR-223,,250,32.11577500,-85.726355560,0,1,0,0,1,1,4,0,3,1,0,1,0,0000000,99,99,23,40,99,99,0,0,0,1,1
1,10656,2,2,0,0,0,3,3,45,2050,22,11,2011,3,19,26,1,12,2,US-SR 53,,286,31.29561667,-85.479130560,0,12,1,0,1,1,1,0,3,2,0,2,0,0000000,99,99,19,28,99,99,0,0,0,1,1
1,10657,2,2,0,0,0,3,3,73,1110,24,11,2011,5,22,10,0,16,6,5012,,0,33.45760556,-86.932322220,0,1,0,0,1,1,1,0,3,1,0,1,0,0000000,99,99,22,15,99,99,0,0,0,1,0
1,10658,1,1,0,1,1,1,1,91,900,3,12,2011,7,1,53,1,12,2,US-SR 8,,0,32.50320000,-87.823600000,0,8,0,0,1,1,1,0,3,1,0,1,0,0000000,99,99,99,99,99,99,0,0,0,1,0
1,10659,1,1,0,0,0,2,2,35,1080,12,12,2011,2,8,35,0,4,6,5030,,0,31.43001389,-86.958663890,0,10,0,0,6,1,1,0,1,10,0,10,0,351290O,99,99,8,45,88,88,0,0,0,2,0
1,10660,1,1,0,1,1,2,2,89,1730,14,12,2011,4,22,45,1,12,2,US-SR 2,,0,34.73506944,-86.619986110,0,8,0,0,1,1,1,0,3,1,0,1,0,0000000,99,99,22,54,99,99,0,0,0,1,0
1,10661,2,2,0,0,0,3,3,47,2760,18,12,2011,1,17,55,1,2,3,SR-41,296,0,32.42301944,-87.002177780,0,12,6,0,2,3,1,0,3,1,0,1,0,0000000,99,99,18,11,99,99,0,0,0,2,0
1,10662,2,2,0,0,0,2,2,97,690,8,10,2011,7,13,0,1,2,2,US-SR 17,,277,31.03628611,-88.231730560,0,12,2,0,1,1,1,0,1,1,0,1,0,0000000,99,99,13,1,99,99,0,0,0,1,1
1,10663,2,2,0,0,0,6,6,79,0,17,11,2011,5,17,0,1,2,3,SR-24,7743,581,34.52387222,-87.192252780,0,12,6,0,3,2,1,0,5,1,0,1,0,0000000,99,99,17,12,99,99,0,0,0,1,0
1,10664,2,2,0,0,0,2,2,83,0,19,11,2011,7,9,20,0,5,4,1248,,0,34.94845556,-86.885763890,0,12,6,0,8,1,1,0,1,1,0,1,0,0000000,99,99,9,30,88,88,0,0,0,1,0
1,10665,1,1,0,0,0,4,4,115,0,20,11,2011,1,8,4,1,1,1,I-59,,1560,33.77538889,-86.433816670,0,34,0,0,1,1,4,0,1,1,0,1,0,0000000,8,25,8,35,9,1,0,0,0,1,1
1,10666,2,2,0,0,0,5,5,81,2812,20,11,2011,1,17,34,1,12,2,US-SR 38,1980,0,32.52937500,-85.076416670,0,12,6,0,2,2,1,0,3,1,0,1,0,0000000,17,40,18,4,18,47,0,0,0,1,0
1,10667,1,1,0,0,0,1,1,83,0,20,11,2011,1,18,30,0,4,4,1392,,0,34.60540000,-86.841500000,0,30,0,0,1,1,4,0,3,2,0,2,0,0000000,99,99,18,48,99,99,0,0,0,1,1
1,10668,1,1,0,0,0,1,1,129,0,25,11,2011,6,1,45,0,4,4,1753,,0,31.24791667,-88.090622220,0,1,0,0,1,1,4,0,3,1,0,1,0,0000000,99,99,2,19,88,88,0,0,0,1,1
1,10669,2,2,0,0,0,4,4,89,0,24,11,2011,5,12,20,0,3,4,2208,,0,34.84052222,-86.455413890,0,12,6,0,1,1,1,0,1,1,0,1,0,0000000,12,20,12,29,13,21,0,0,0,1,0
1,10670,1,1,0,0,0,2,2,55,0,25,11,2011,6,2,50,1,2,2,US-SR 1,,2722,34.08595278,-86.110411110,0,35,0,0,1,1,4,0,3,1,0,1,0,0000000,99,99,3,2,88,88,0,0,0,2,0
1,10671,1,1,0,0,0,3,3,97,0,26,11,2011,7,18,25,0,6,4,2528,,0,31.00586667,-88.112850000,0,34,0,0,1,1,4,0,3,10,0,10,0,0000000,99,99,18,45,99,99,0,0,0,1,1
1,10672,2,2,0,0,0,3,3,89,1730,26,11,2011,7,14,32,0,16,6,1026,7599,0,34.80087500,-86.686980560,0,12,6,0,2,2,1,0,1,10,0,10,0,0000000,99,99,14,42,99,99,0,0,0,1,0
1,10673,1,1,0,0,0,1,1,113,0,26,11,2011,7,0,55,0,6,4,1064,,0,32.30764444,-85.165886110,0,34,0,0,1,1,4,0,3,10,0,10,0,0000000,99,99,1,4,88,88,0,0,0,1,1
1,10674,1,1,0,0,0,1,1,43,0,28,11,2011,2,18,0,0,6,4,1044,,0,33.92588611,-87.058480560,0,42,0,0,1,1,4,0,3,3,0,3,0,0000000,99,99,18,33,88,88,0,0,0,1,1
1,10675,1,1,0,0,0,1,1,125,0,29,11,2011,3,13,0,0,4,4,1131,,0,33.33156944,-87.795897220,0,34,0,0,1,1,4,0,1,10,0,10,0,0000000,99,99,13,4,99,99,0,0,0,1,0
1,10676,1,1,0,0,0,1,1,115,2560,29,11,2011,3,11,15,0,14,3,SR-144,,81,33.71573333,-86.160430560,0,34,0,0,1,1,4,0,1,2,0,2,0,0000000,99,99,11,25,88,88,0,0,0,1,0
1,10677,1,1,0,0,0,1,1,131,0,22,11,2011,3,21,0,0,4,4,1068,,0,31.90219444,-87.432813890,0,42,0,0,1,1,4,0,3,2,0,2,0,0000000,99,99,21,28,88,88,0,0,0,1,1
1,10678,1,1,0,0,0,1,1,101,0,1,12,2011,5,14,16,1,2,2,US-SR 53,,987,32.10039167,-86.065238890,0,1,0,0,1,1,4,0,1,1,0,1,0,0000000,99,99,14,22,88,88,0,0,0,1,1
1,10679,2,2,0,0,0,4,4,101,2130,6,11,2011,1,4,19,1,11,1,I-85,,20,32.36536944,-86.288161110,0,12,2,0,1,1,1,0,3,10,0,10,0,0000000,99,99,4,22,99,99,0,0,0,3,2
1,10680,1,1,0,0,0,1,1,95,0,1,12,2011,5,11,35,0,3,3,SR-69,,2751,34.36068889,-86.392391670,0,34,0,0,1,1,4,0,1,1,0,1,0,0000000,99,99,11,42,88,88,0,0,0,1,0
1,10681,3,3,0,0,0,3,3,101,0,1,12,2011,5,11,5,0,3,2,US-SR 3,,1673,32.17485833,-86.367502780,0,12,1,0,1,1,1,0,1,1,0,1,0,0000000,99,99,11,15,99,99,0,0,0,1,0
1,10682,2,2,0,0,0,4,4,83,170,2,12,2011,6,12,53,1,12,2,US-SR 2,5379,770,34.78219722,-86.936400000,0,12,6,0,2,2,1,0,1,1,0,1,0,0000000,99,99,13,0,99,99,0,0,0,1,0
1,10683,2,2,0,0,0,3,3,103,0,2,12,2011,6,18,15,1,2,4,1216,,0,34.56163333,-87.076536110,0,12,2,0,1,1,1,0,3,1,0,1,0,0000000,99,99,18,25,99,99,0,0,0,2,0
1,10684,2,2,0,0,0,3,3,127,0,2,12,2011,6,16,55,0,4,4,1281,,0,33.95609444,-87.281161110,0,12,2,0,1,1,1,0,1,1,0,1,0,0000000,99,99,17,5,99,99,0,0,0,1,0
1,10685,2,2,0,0,0,2,2,125,0,3,12,2011,7,1,45,1,1,1,I-59,,918,33.21085833,-87.215233330,0,12,1,0,1,1,1,0,3,1,0,1,0,0000000,99,99,2,20,88,88,0,0,0,1,0
1,10686,2,2,0,0,0,5,5,121,0,3,12,2011,7,10,50,1,2,3,SR-21,7406,2231,33.35395278,-86.179566670,0,12,6,0,2,2,1,0,1,1,0,1,0,0000000,99,99,11,5,99,99,0,0,0,1,0
1,10687,1,1,0,0,0,1,1,101,0,3,12,2011,7,13,45,0,4,4,1068,,0,32.11790833,-86.208030560,0,1,0,0,1,1,4,0,1,1,0,1,0,0000000,99,99,19,15,88,88,0,0,0,1,0
1,10688,2,2,0,0,0,6,6,53,0,3,12,2011,7,23,0,0,3,3,SR-21,,78,31.10289722,-87.478800000,0,12,6,0,8,1,1,0,3,1,0,1,0,0000000,99,99,23,11,99,99,0,0,0,1,0
1,10689,1,1,0,0,0,2,2,127,0,3,12,2011,7,8,30,0,6,4,1545,,0,33.92392778,-87.231155560,0,42,0,0,1,1,4,0,1,1,0,1,0,0000000,99,99,8,40,99,99,0,0,0,2,0
1,10690,2,2,0,0,0,9,9,101,2130,4,12,2011,1,12,31,0,16,6,5476,1917,0,32.32663333,-86.307811110,0,12,6,0,2,2,1,0,1,10,0,10,0,0000000,99,99,12,34,99,99,0,0,0,1,0
1,10691,1,1,0,0,0,2,2,83,0,4,12,2011,1,2,15,1,1,1,I-65,,3440,34.68187778,-86.923180560,0,1,0,0,1,1,1,0,3,1,0,1,0,0000000,99,99,2,33,99,99,0,0,0,1,1
1,10692,1,1,0,0,0,2,2,3,1493,4,12,2011,1,5,45,1,12,3,SR-59,,0,30.31479444,-87.682961110,0,32,0,0,1,1,4,0,4,10,0,10,0,0000000,99,99,5,53,99,99,0,0,0,1,0
1,10693,2,2,0,0,0,2,2,109,0,5,12,2011,2,6,35,0,3,3,SR-10,,1617,31.80977778,-86.094594440,0,12,8,0,1,1,1,0,1,1,0,1,0,0000000,99,99,6,57,88,88,0,0,0,1,0
1,10694,2,2,0,0,0,4,4,97,0,5,12,2011,2,17,35,0,14,4,1373,1844,0,30.58965000,-88.258475000,0,12,2,0,2,2,1,0,3,10,0,10,0,0000000,99,99,17,42,99,99,0,0,0,1,0
1,10695,2,2,0,0,0,2,2,81,2340,6,12,2011,3,12,57,0,14,6,1391,,0,32.61913333,-85.345794440,0,12,2,0,1,1,1,0,7,2,0,2,0,0000000,99,99,12,57,99,99,0,0,0,1,0
1,10696,3,2,1,0,0,2,2,95,0,7,12,2011,4,5,45,1,2,2,US-SR 53,8044,2974,34.46743889,-86.564936110,0,12,6,0,2,3,1,0,3,2,0,2,0,0000000,99,99,6,27,99,99,0,0,0,1,0
1,10697,1,1,0,0,0,4,4,103,0,7,12,2011,4,16,20,0,4,4,1179,,0,34.50751944,-86.895338890,0,43,0,0,1,1,4,0,1,10,0,10,0,0000000,99,99,16,24,99,99,0,0,0,1,0
1,10698,1,1,0,0,0,7,7,17,0,8,12,2011,5,3,40,1,5,3,SR-77,,95,33.02818333,-85.484786110,0,1,0,0,1,1,1,0,3,1,0,1,0,0000000,99,99,3,54,99,99,0,0,0,1,1
1,10699,2,2,0,0,0,8,8,127,0,8,12,2011,5,15,5,0,3,3,SR-257,,18,33.90587222,-87.262880560,0,12,2,0,1,1,1,0,1,1,0,1,0,0000000,99,99,15,15,99,99,0,0,0,2,0
1,10700,1,1,0,0,0,1,1,51,0,8,12,2011,5,21,30,0,4,4,1097,,0,32.47655000,-86.176730560,0,38,0,0,1,1,4,0,3,1,0,1,0,0000000,99,99,21,43,88,88,0,0,0,1,1
1,10701,1,1,0,0,0,1,1,97,2100,9,12,2011,6,4,45,0,14,6,5002,,0,30.61738611,-88.141808330,0,32,0,0,1,1,4,0,3,10,0,10,0,0000000,99,99,4,55,88,88,0,0,0,1,1
1,10702,1,1,0,0,0,2,2,119,0,10,12,2011,7,23,41,1,1,1,I-59,,9,32.45435278,-88.389886110,0,42,0,0,1,1,4,0,3,1,0,1,0,0000000,99,99,0,4,99,99,0,0,0,1,1
1,10703,2,2,0,0,0,5,5,101,0,10,12,2011,7,12,5,0,3,2,US-SR 6,7208,1788,32.14197222,-86.005711110,0,12,6,0,2,2,1,0,1,1,0,1,0,0000000,99,99,12,25,99,99,0,0,0,1,0
1,10704,1,1,0,0,0,1,1,83,0,10,12,2011,7,10,13,0,4,3,SR-99,,125,34.91190833,-87.107311110,0,30,0,0,1,1,4,0,1,1,0,1,0,0000000,88,88,88,88,88,88,0,0,0,1,0
1,10705,2,2,0,0,0,3,3,113,2440,14,12,2011,4,20,20,1,12,2,US-SR 1,7617,1092,32.42237222,-85.040000000,0,12,6,0,2,2,1,0,3,1,0,1,0,0000000,99,99,21,6,99,99,0,0,0,1,0
1,10706,2,2,0,0,0,4,4,89,1730,16,12,2011,6,14,57,0,15,6,1229,41452,0,34.66647778,-86.530561110,0,12,6,0,2,3,1,0,1,2,0,2,0,0000000,99,99,15,1,99,99,0,0,0,2,0
1,10707,1,1,0,0,0,1,1,45,0,17,12,2011,7,11,25,0,4,4,1078,,0,31.35754167,-85.500863890,0,1,0,0,1,1,4,0,1,1,0,1,0,0000000,99,99,11,38,99,99,0,0,0,1,0
1,10708,1,1,0,0,0,1,1,73,1717,27,12,2011,3,20,20,0,15,4,1510,,0,33.42792778,-87.017069440,0,42,0,0,1,1,4,0,1,2,0,2,0,0000000,99,99,8,28,99,99,0,0,0,1,0
1,10709,1,1,0,1,1,2,2,109,0,14,12,2011,4,14,0,0,3,2,US-SR 10,,1608,31.81256667,-86.113008330,0,8,0,0,1,1,1,2,1,1,0,1,0,0000000,99,99,14,7,99,99,0,0,0,1,0
1,10710,1,1,0,0,0,1,1,121,0,16,12,2011,6,13,40,1,2,3,SR-21,,2257,33.38570556,-86.153463890,0,53,0,0,1,1,4,0,1,10,0,10,0,0000000,99,99,13,41,88,88,0,0,0,1,1
1,10711,1,1,0,0,0,2,2,109,0,16,12,2011,6,23,22,0,3,3,SR-223,,15,31.84985000,-85.849622220,0,34,0,0,1,1,4,0,3,10,0,10,0,0000000,99,99,23,52,99,99,0,0,0,1,1
1,10712,1,1,0,0,0,3,3,107,0,17,12,2011,7,18,30,0,4,4,1181,,0,33.07841111,-88.120711110,0,42,0,0,1,1,4,0,3,1,0,1,0,0000000,99,99,19,31,99,99,0,0,0,1,0
1,10713,2,2,0,0,0,2,2,125,3050,19,12,2011,2,14,11,0,12,6,5168,247,0,33.19647500,-87.484602780,0,12,6,0,2,2,1,0,1,1,0,1,0,0000000,99,99,14,15,99,99,0,0,0,1,0
1,10714,1,1,0,0,0,1,1,97,0,19,12,2011,2,20,10,1,2,2,US-SR 42,,30,30.83831389,-88.393938890,0,1,0,0,1,1,4,0,3,1,0,1,0,0000000,99,99,20,23,88,88,0,0,0,1,1
1,10715,2,2,0,0,0,4,4,31,0,21,12,2011,4,11,20,0,6,4,1066,,0,31.27036667,-85.874177780,0,12,6,0,1,1,2,0,1,10,0,10,0,0000000,99,99,11,35,99,99,0,0,0,1,0
1,10716,1,1,0,1,1,1,1,89,0,21,12,2011,4,16,55,0,6,4,1186,,0,34.90667778,-86.532888890,0,8,0,0,1,1,1,0,5,10,0,10,0,0000000,99,99,17,3,99,99,0,0,0,1,0
1,10717,1,1,0,1,1,2,2,73,2495,23,12,2011,6,19,15,1,12,3,SR-79,,115,33.68232778,-86.691733330,0,8,0,0,1,1,1,0,3,10,0,10,0,0000000,99,99,19,32,88,88,0,0,0,1,0
1,10718,1,1,0,0,0,1,1,73,0,24,12,2011,7,2,40,0,4,4,1909,,0,33.76153333,-86.935644440,0,34,0,0,1,1,4,0,3,10,0,10,0,0000000,99,99,4,7,99,99,0,0,0,1,0
1,10719,1,1,0,0,0,1,1,93,0,24,12,2011,7,17,30,1,2,3,SR-241,,18,34.15068056,-87.741866670,0,1,0,0,1,1,4,0,3,1,0,1,0,0000000,99,99,17,51,88,88,0,0,0,1,0
1,10720,1,1,0,0,0,2,2,113,0,25,12,2011,1,20,31,1,2,2,US-SR 8,,2102,32.47001944,-85.099325000,0,30,0,0,1,1,4,0,3,10,0,10,0,0000000,99,99,20,46,99,99,0,0,0,1,1
1,10721,1,1,0,1,1,1,1,113,0,28,12,2011,4,18,15,1,2,2,US-SR 8,,2126,32.47023889,-85.058927780,0,8,0,0,1,1,1,0,2,1,0,1,0,0000000,99,99,18,27,99,99,23,0,0,1,0
1,10722,1,1,0,0,0,1,1,125,0,28,12,2011,4,19,10,0,2,3,SR-69,,1353,33.05930556,-87.577044440,0,11,0,0,1,1,1,0,3,1,0,1,0,0000000,88,88,88,88,88,88,0,0,0,1,0
1,10723,2,2,0,0,0,2,2,61,0,30,12,2011,6,16,38,0,3,3,SR-52,,216,31.09956389,-86.002808330,0,12,1,0,1,1,1,0,1,1,0,1,0,0000000,99,99,16,51,99,99,0,0,0,1,0