STATE,ST_CASE,VE_TOTAL,VE_FORMS,PVH_INVL,PEDS,PERNOTMVIT,PERMVIT,PERSONS,COUNTY,CITY,DAY,MONTH,YEAR,DAY_WEEK,HOUR,MINUTE,NHS,ROAD_FNC,ROUTE,TWAY_ID,TWAY_ID2,MILEPT,LATITUDE,LONGITUD,SP_JUR,HARM_EV,MAN_COLL,RELJCT1,RELJCT2,TYP_INT,REL_ROAD,WRK_ZONE,LGT_COND,WEATHER1,WEATHER2,WEATHER,SCH_BUS,RAIL,NOT_HOUR,NOT_MIN,ARR_HOUR,ARR_MIN,HOSP_HR,HOSP_MN,CF1,CF2,CF3,FATALS,DRUNK_DR
1,10724,1,1,0,2,2,1,1,113,0,30,12,2011,6,23,37,0,3,3,SR-165,,295,32.38233611,-85.036225000,0,8,0,0,1,1,1,0,2,1,0,1,0,0000000,99,99,23,49,99,99,0,0,0,1,0
1,10725,2,2,0,2,2,1,1,81,0,31,12,2011,7,6,56,1,2,2,US-SR 1,,1265,32.58901111,-85.189400000,0,8,0,0,1,1,1,0,1,1,0,1,0,0000000,99,99,7,1,99,99,19,0,0,2,0
1,10726,1,1,0,1,1,1,1,125,0,23,12,2011,6,4,30,1,11,1,I-59,,849,33.18974444,-87.324511110,0,8,0,0,1,1,1,0,3,10,0,10,0,0000000,99,99,7,30,88,88,0,0,0,1,0
1,10727,1,1,0,0,0,1,1,21,0,7,12,2011,4,17,35,1,1,1,I-65,,2181,32.96682222,-86.679444440,0,34,0,0,1,1,3,0,3,10,0,10,0,0000000,99,99,17,40,99,99,0,0,0,1,0
1,10728,8,1,7,0,0,1,1,103,890,17,12,2011,7,20,23,1,12,2,US-SR 3,,0,34.53222778,-86.973669440,0,1,0,0,1,1,4,0,3,1,0,1,0,0000000,99,99,20,27,88,88,0,0,0,1,1
1,10729,1,1,0,0,0,3,3,17,1830,18,12,2011,1,0,10,0,15,6,1210,,0,32.88472222,-85.203783330,0,42,0,0,1,1,4,0,3,1,0,1,0,0000000,99,99,0,18,99,99,0,0,0,1,0
1,10730,2,2,0,0,0,4,4,125,2260,28,12,2011,4,18,49,1,12,2,US-SR 6,7514,0,33.24707778,-87.676036110,0,12,6,0,2,2,1,0,1,1,0,1,0,0000000,99,99,19,0,99,99,0,0,0,3,1
1,10731,1,1,0,1,1,1,1,73,350,25,12,2011,1,17,50,1,14,2,US-SR 3,,0,33.55121111,-86.817741670,0,8,0,0,1,1,1,0,2,2,0,2,0,0000000,99,99,17,53,99,99,0,0,0,1,0
1,10732,1,1,0,1,1,3,3,73,350,14,12,2011,4,17,30,0,14,6,4107,01034,0,33.49553611,-86.824722220,0,8,0,0,3,3,1,0,3,1,0,1,0,0000000,99,99,17,14,99,99,0,0,0,1,0
1,10733,2,2,0,0,0,2,2,77,1806,9,12,2011,6,18,27,1,12,2,US-SR 2,,424,34.85965000,-87.499205560,0,12,6,0,8,1,1,0,3,1,0,1,0,0000000,99,99,18,32,99,99,0,0,0,1,0
1,10734,2,2,0,0,0,2,2,15,1770,20,12,2011,3,14,30,0,3,4,1227,,0,33.79329167,-85.796302780,0,12,6,0,1,1,1,0,1,10,0,10,1,0000000,99,99,14,45,99,99,0,0,0,1,0
1,10735,1,1,0,0,0,1,1,81,0,27,12,2011,3,17,49,0,6,4,1861,,0,32.54508611,-85.089458330,0,42,0,0,1,1,4,0,3,10,0,10,0,0000000,88,88,88,88,88,88,0,0,0,1,0
1,10736,2,2,0,0,0,3,3,37,0,27,12,2011,3,12,22,1,2,2,US-SR 21,7086,2030,33.07920000,-86.245052780,0,12,6,0,2,2,1,0,1,10,0,10,0,0000000,99,99,12,35,99,99,0,0,0,2,1
1,10737,2,2,0,0,0,2,2,79,0,29,12,2011,5,13,50,1,2,3,SR-24,8172,570,34.51635556,-87.206197220,0,12,6,0,2,2,1,0,1,1,0,1,0,0000000,99,99,14,5,99,99,0,0,0,1,0
1,10738,2,2,0,0,0,5,5,127,0,31,12,2011,7,12,20,0,4,4,1482,,0,33.81909167,-87.062438890,0,12,2,0,1,1,1,0,1,1,0,1,0,0000000,99,99,12,50,99,99,0,0,0,1,0
1,10739,1,1,0,0,0,1,1,71,0,31,12,2011,7,11,52,0,4,3,SR-65,,38,34.72185000,-86.305627780,0,1,0,0,1,1,1,0,1,1,0,1,0,0000000,99,99,12,0,99,99,0,0,0,1,0
1,10740,2,2,0,0,0,2,2,15,0,18,3,2011,6,13,30,0,3,3,SR-9,,2320,33.81856111,-85.680958330,0,12,2,0,1,1,1,0,1,1,0,1,0,0000000,99,99,13,53,99,99,0,0,0,1,0
1,10741,2,2,0,0,0,7,7,3,1210,18,6,2011,7,19,1,1,12,3,SR-59,,0,30.43648889,-87.683105560,0,12,6,0,1,1,1,0,1,10,0,10,0,0000000,99,99,19,3,99,99,0,0,0,1,0
1,10742,1,1,0,1,1,1,1,97,2550,2,7,2011,7,17,24,1,12,2,US-SR 17,,30,30.72899167,-88.097380560,0,19,0,0,1,1,4,0,1,1,0,1,0,0000000,99,99,17,24,88,88,0,0,0,1,1
1,10743,2,2,0,0,0,5,5,31,2220,1,7,2011,6,9,23,1,12,2,US-SR 12,144,1733,31.38325000,-85.953672220,0,12,6,0,2,2,1,0,1,1,0,1,0,0000000,99,99,9,35,88,88,0,0,0,4,0
1,10744,2,2,0,0,0,2,2,103,0,8,9,2011,5,14,20,0,4,4,1013,,0,34.36999444,-86.959600000,0,12,1,0,1,1,1,0,1,1,0,1,0,0000000,99,99,14,32,99,99,0,0,0,1,0
1,10745,1,1,0,0,0,1,1,31,2220,9,9,2011,6,18,10,1,12,2,US-SR 12,,1750,31.36799444,-85.898230560,0,42,0,0,1,1,4,0,1,10,0,10,0,0000000,99,99,18,17,88,88,0,0,0,1,0
1,10746,1,1,0,1,1,3,3,71,2850,8,10,2011,7,19,39,1,12,2,US-SR 2,,1521,34.80161389,-85.869569440,0,8,0,0,1,1,1,0,3,1,0,1,0,0000000,99,99,19,45,88,88,0,0,0,1,0
1,10747,2,2,0,0,0,2,2,73,350,29,10,2011,7,21,50,0,14,6,3664,00169,0,33.48057222,-86.861291670,0,12,6,0,2,3,1,0,3,1,0,1,0,0000000,99,99,21,52,99,99,0,0,0,1,0
1,10748,1,1,0,1,1,4,4,97,2550,8,10,2011,7,12,12,0,16,6,8040,8047,0,30.74375000,-88.099816670,0,8,0,0,1,1,4,0,1,1,0,1,0,0000000,99,99,12,20,99,99,0,0,0,1,0
1,10749,2,2,0,0,0,2,2,83,0,6,10,2011,5,10,41,0,5,4,1234,,0,34.96083333,-86.984097220,0,12,1,0,1,1,1,0,1,1,0,1,0,0000000,99,99,11,1,99,99,0,0,0,1,0
1,10750,1,1,0,1,1,1,1,73,1750,17,10,2011,2,20,30,0,16,2,US-SR 4,292,0,33.54678056,-86.673141670,0,8,0,0,2,3,1,0,3,1,0,1,0,0000000,99,99,20,56,88,88,0,0,0,1,0
1,10751,1,1,0,0,0,1,1,45,2230,12,12,2011,2,23,52,0,6,3,SR-123,,217,31.35239167,-85.612122220,0,42,0,0,1,1,4,0,3,1,0,1,0,0000000,99,99,0,8,88,88,0,0,0,1,1
1,10752,3,3,0,0,0,3,3,73,350,21,12,2011,4,8,0,1,11,1,I-20,,1305,33.54364167,-86.738550000,0,12,6,0,1,1,1,0,1,2,0,2,0,0000000,99,99,8,15,99,99,0,0,0,1,0
1,10753,1,1,0,0,0,1,1,127,0,7,12,2011,4,17,20,0,15,4,1195,,0,33.87878333,-87.323927780,0,42,0,0,1,1,4,0,3,1,0,1,0,0000000,99,99,17,44,88,88,0,0,0,1,0
1,10754,2,2,0,0,0,2,2,21,0,31,12,2011,7,17,20,0,6,4,1256,,0,32.79066944,-86.538355560,0,12,2,0,1,1,1,0,5,1,0,1,0,0000000,99,99,17,27,99,99,0,0,0,1,0
1,10755,2,2,0,0,0,2,2,3,0,31,12,2011,7,23,50,0,16,3,SR-180,248,0,30.27911667,-87.677111110,0,12,6,0,2,3,1,0,3,10,0,10,0,0000000,99,99,23,54,88,88,0,0,0,1,0
1,10756,2,2,0,0,0,3,3,89,1730,27,12,2011,3,10,34,1,12,2,US-SR 53,,3126,34.66022222,-86.570438890,0,12,6,0,8,1,1,0,1,2,0,2,0,0000000,99,99,11,0,99,99,0,0,0,1,0
1,10757,2,2,0,0,0,2,2,73,350,26,1,2011,4,19,3,0,16,6,3448,,0,33.49616667,-86.858794440,0,12,2,0,1,1,1,0,3,1,0,1,0,0000000,99,99,19,12,99,99,0,0,0,1,0
1,10758,2,2,0,0,0,2,2,73,350,23,3,2011,4,7,57,0,14,6,7316,02512,0,33.51624167,-86.812000000,0,12,7,0,3,2,1,0,1,1,0,1,0,0000000,99,99,8,10,99,99,0,0,0,1,0
1,10759,2,2,0,0,0,2,2,73,350,25,3,2011,6,22,30,1,12,2,US-SR 4,,0,33.54324444,-86.873944440,0,12,6,0,8,1,1,0,3,1,0,1,0,0000000,99,99,22,39,88,88,0,0,0,1,2
1,10760,2,2,0,0,0,2,2,3,860,12,5,2011,5,13,33,0,14,2,US-SR 16,,462,30.65525833,-87.882808330,0,12,2,0,1,1,1,0,1,1,0,1,0,0000000,99,99,13,36,99,99,0,0,0,1,0
1,10761,2,2,0,0,0,4,4,73,350,9,8,2011,3,18,16,1,12,2,US-SR 7,,0,33.55166944,-86.738377780,0,12,6,0,1,1,1,0,1,10,0,10,0,0000000,99,99,18,21,99,99,0,0,0,1,0
1,10762,2,2,0,0,0,2,2,73,350,12,8,2011,6,9,5,0,14,6,3664,,0,33.47643333,-86.870322220,0,12,2,0,1,1,1,0,1,1,0,1,0,0000000,99,99,9,12,88,88,0,0,0,1,1
1,10763,1,1,0,0,0,1,1,73,350,18,8,2011,5,3,0,1,12,2,US-SR 5,,0,33.50535833,-86.849833330,0,33,0,0,1,1,4,0,2,1,0,1,0,0000000,88,88,88,88,88,88,0,0,0,1,0
1,10764,2,2,0,0,0,2,2,73,350,27,9,2011,3,21,12,0,14,6,3378,00386,0,33.46827500,-86.892352780,0,12,2,0,2,4,1,0,3,1,0,1,0,0000000,99,99,21,16,88,88,0,0,0,1,0
1,10765,2,2,0,0,0,2,2,73,350,8,10,2011,7,22,10,0,14,6,4354,02301,0,33.52274444,-86.773213890,0,12,6,0,2,2,1,0,2,1,0,1,0,0000000,99,99,22,13,99,99,0,0,0,1,0
1,10766,1,1,0,1,1,1,1,73,350,12,11,2011,7,2,10,0,14,6,3293,,0,33.51263611,-86.871697220,0,8,0,0,1,1,1,0,2,1,0,1,0,0000000,99,99,2,16,88,88,20,0,0,1,0
1,10767,2,2,0,0,0,3,3,73,350,22,11,2011,3,15,5,1,12,2,US-SR 4,,0,33.53908056,-86.869225000,0,12,2,0,1,1,1,0,1,2,0,2,0,0000000,99,99,15,15,99,99,0,0,0,1,0
1,10768,1,1,0,0,0,1,1,73,350,4,12,2011,1,1,10,0,14,6,8698,,0,33.65063889,-86.705866670,0,59,0,0,1,1,4,0,3,1,0,1,0,0000000,99,99,1,30,99,99,0,0,0,1,0
1,10769,1,1,0,0,0,1,1,73,350,15,10,2011,7,6,40,1,11,1,I-59,,1231,33.52028889,-86.854583330,0,1,0,0,1,1,4,0,1,1,0,1,0,0000000,99,99,6,46,99,99,0,0,0,1,0
1,10770,2,2,0,0,0,2,2,73,350,8,6,2011,4,0,25,1,11,1,I-65,,2575,33.47655000,-86.827888890,0,12,7,0,1,1,1,0,3,1,0,1,0,0000000,99,99,0,43,99,99,0,0,0,1,0
1,10771,2,2,0,0,0,2,2,73,350,13,4,2011,4,16,53,1,11,1,I-459,,279,33.44085278,-86.731638890,0,12,7,0,1,1,1,0,1,1,0,1,0,0000000,99,99,17,2,99,99,0,0,0,1,0
1,10772,4,4,0,0,0,6,6,117,0,17,11,2011,5,16,7,1,12,2,US-SR 38,TURTLE LAKE DR,91,33.41095000,-86.664611110,0,12,6,0,3,3,1,0,5,1,0,1,0,0000000,99,99,16,15,99,99,0,0,0,1,0
1,10773,5,5,0,1,1,6,6,73,350,31,1,2011,2,0,57,1,11,1,I-65,,2595,33.50529167,-86.816677780,0,8,0,0,1,1,1,0,3,2,0,2,0,0000000,99,99,1,4,99,99,0,0,0,1,0
1,10774,1,1,0,0,0,1,1,25,1760,9,5,2011,2,17,40,1,12,2,US-SR 13,,610,31.52734167,-87.902822220,0,59,0,0,1,1,4,0,1,1,0,1,0,0000000,99,99,17,43,99,99,0,0,0,1,0
1,10775,1,1,0,0,0,1,1,25,0,21,5,2011,7,7,30,1,2,2,US-SR 13,,656,31.58169444,-87.878783330,0,32,0,0,1,1,4,0,1,1,0,1,0,0000000,99,99,7,37,88,88,0,0,0,1,0
1,10776,2,2,0,0,0,2,2,125,3050,20,7,2011,4,6,46,1,12,2,US-SR 6,,0,33.21135000,-87.524902780,0,12,1,0,1,1,1,0,1,1,0,1,0,0000000,99,99,18,55,99,99,0,0,0,1,0
1,10777,2,2,0,0,0,2,2,115,2410,4,10,2011,3,18,56,0,14,3,SR-34,,36,33.53126111,-86.259161110,0,12,2,0,1,1,1,0,3,1,0,1,0,0000000,99,99,19,2,99,99,0,0,0,1,1
1,10778,2,2,0,0,0,3,3,73,0,1,1,2011,7,7,37,0,6,4,1376,,0,33.65496111,-86.726025000,0,12,2,0,1,1,1,0,1,2,0,2,0,0000000,99,99,7,30,99,99,0,0,0,1,0
1,10779,1,1,0,1,1,1,1,73,2170,31,1,2011,2,6,5,0,14,6,5107,,0,33.49150278,-86.763513890,0,8,0,0,1,1,1,0,2,2,0,2,0,0000000,99,99,6,11,99,99,0,0,0,1,0
1,10780,2,2,0,0,0,2,2,73,0,10,5,2011,3,8,42,0,4,4,1569,,0,33.47800000,-87.086000000,0,12,6,0,1,1,1,0,1,1,0,1,0,0000000,99,99,8,47,88,88,0,0,0,1,0
1,10781,4,4,0,0,0,4,4,73,0,14,1,2011,6,23,52,1,12,3,SR-79,,156,33.71915000,-86.677827780,0,12,6,0,1,1,1,0,2,1,0,1,0,0000000,99,99,23,56,88,88,0,0,0,1,0
1,10782,1,1,0,0,0,1,1,73,0,6,3,2011,1,18,17,0,16,4,1398,,0,33.74634444,-86.901255560,0,42,0,0,1,1,4,0,2,1,0,1,0,0000000,99,99,18,17,88,88,0,0,0,1,0
1,10783,1,1,0,0,0,1,1,15,100,8,3,2011,3,19,20,1,12,3,SR-21,,0,33.72703333,-85.807583330,0,42,0,0,1,1,3,0,2,2,0,2,0,0000000,99,99,19,28,88,88,0,0,0,1,0
1,10784,1,1,0,0,0,2,2,81,200,9,3,2011,4,0,31,0,14,6,1097,,0,32.64106944,-85.462033330,0,35,0,0,1,1,4,0,3,10,0,10,0,0000000,99,99,0,38,88,88,0,0,0,2,1
1,10785,2,2,0,1,1,1,1,73,0,19,4,2011,3,17,15,1,12,1,I-22,,899,33.61679722,-86.937450000,0,12,1,0,1,1,1,0,1,1,0,1,0,0000000,99,99,17,26,99,99,23,0,0,1,0
1,10786,2,2,0,0,0,2,2,113,2440,21,6,2011,3,10,40,1,12,2,US-SR 1,,1128,32.46159167,-85.020636110,0,12,2,0,1,1,1,0,1,1,0,1,0,0000000,99,99,10,49,99,99,0,0,0,1,0
1,10787,2,2,0,0,0,3,3,17,3111,23,11,2011,4,17,6,0,14,2,US-SR 15,211,2065,32.79703611,-85.184700000,0,12,6,0,2,2,1,0,1,1,0,1,0,0000000,99,99,17,15,99,99,0,0,0,1,0
1,10788,1,1,0,1,1,3,3,105,2020,18,9,2011,1,1,7,1,12,3,SR-5,,610,32.61879444,-87.310422220,0,8,0,0,1,1,1,0,2,1,0,1,0,0000000,99,99,1,20,88,88,0,0,0,1,0
1,10789,1,1,0,0,0,2,2,121,0,27,12,2011,3,21,55,9,99,4,JACKSON TRACE RD,,0,33.65019167,-86.074086110,0,5,0,0,1,1,1,0,6,98,0,98,0,0000000,99,99,0,22,88,88,0,0,0,1,0
1,10790,1,1,0,0,0,1,1,21,700,12,10,2011,4,14,30,1,11,1,I-65,,2050,32.80568611,-86.581775000,0,1,0,1,5,1,4,0,1,2,0,2,0,0000000,99,99,14,21,99,99,0,0,0,1,0
1,10791,2,2,0,0,0,2,2,105,3100,24,6,2011,6,23,26,1,12,2,US-SR 8,1010,540,32.44939444,-87.515816670,0,12,6,0,2,2,1,0,6,1,0,1,0,0000000,99,99,23,35,99,99,0,0,0,1,0
1,10792,2,2,0,0,0,2,2,71,2850,27,1,2011,5,8,57,1,12,2,US-SR 2,,1580,34.87024444,-85.813647220,0,12,6,0,8,1,1,0,1,1,0,1,0,0000000,99,99,9,3,99,99,0,0,0,1,0
1,10793,1,1,0,0,0,1,1,55,0,13,7,2011,4,6,25,1,2,2,US-SR 74,,1175,34.05965000,-86.233022220,0,35,0,0,1,1,4,0,1,1,0,1,0,0000000,99,99,6,35,99,99,0,0,0,1,0
1,10794,2,2,0,0,0,3,3,89,0,26,7,2011,3,6,30,0,4,4,2021,7306,0,34.90294444,-86.633966670,0,12,6,0,2,2,1,0,1,1,0,1,0,0000000,99,99,6,40,99,99,0,0,0,1,0
1,10795,1,1,0,0,0,1,1,97,2550,10,1,2011,2,1,51,1,12,2,US-SR 17,,0,30.73766944,-88.105091670,0,40,0,0,1,1,4,0,3,10,0,10,0,0000000,99,99,1,58,99,99,0,0,0,1,0
1,10796,1,1,0,0,0,1,1,73,350,1,3,2011,3,22,15,1,4,2,US-SR 269,,0,33.56273889,-87.108138890,0,34,0,0,1,1,4,0,2,10,0,10,0,0000000,99,99,7,59,99,99,18,0,0,1,0
1,10797,1,1,0,0,0,1,1,73,350,23,4,2011,7,4,32,0,16,6,6197,,0,33.51839167,-86.846027780,0,30,0,0,1,1,4,0,3,1,0,1,0,0000000,99,99,4,40,99,99,0,0,0,1,0
1,10798,1,1,0,0,0,1,1,73,0,7,5,2011,7,1,1,0,3,4,1111,,0,33.68994722,-86.620622220,0,42,0,0,1,1,4,0,2,1,0,1,0,0000000,99,99,1,9,99,99,0,0,0,1,1
1,10799,1,1,0,0,0,2,2,89,2225,5,5,2011,5,23,30,0,15,6,1155,,0,34.54112500,-86.405805560,0,53,0,0,1,1,4,0,3,10,0,10,0,0000000,99,99,23,5,99,99,0,0,0,2,0
1,10800,1,1,0,0,0,2,2,33,2780,7,5,2011,7,18,55,0,15,6,5087,,0,34.74257222,-87.725594440,0,42,0,0,1,1,4,0,1,10,0,10,0,0000000,99,99,19,5,99,99,0,0,0,1,0
1,10801,1,1,0,0,0,2,2,67,10,4,6,2011,7,11,35,1,12,2,US-SR 1,5056,420,31.56645278,-85.280938890,0,1,0,0,3,2,3,0,1,1,0,1,0,0000000,99,99,11,46,99,99,0,0,0,1,0
1,10802,2,2,0,0,0,2,2,37,1390,17,6,2011,6,13,32,0,14,3,SR-9,,1610,33.03314722,-86.055791670,0,12,6,0,1,1,1,0,1,2,0,2,0,0000000,99,99,13,37,88,88,0,0,0,1,0
1,10803,3,3,0,0,0,5,5,97,2550,12,6,2011,1,14,59,1,12,2,US-SR 17,HWY 158,0,30.80248333,-88.150772220,0,12,6,0,2,2,1,0,1,10,0,10,0,0000000,99,99,15,4,99,99,0,0,0,1,0
1,10804,1,1,0,0,0,1,1,73,0,2,8,2011,3,8,25,1,1,1,I-20,,1393,33.54326389,-86.604058330,0,35,0,0,1,1,4,0,1,1,0,1,0,0000000,99,99,8,35,88,88,0,0,0,1,0
1,10805,2,2,0,0,0,2,2,79,2150,31,8,2011,4,17,5,1,12,3,SR-157,MAIN ST,0,34.49791389,-87.282016670,0,12,6,0,2,2,1,0,1,1,0,1,0,0000000,99,99,17,10,99,99,0,0,0,1,0
1,10806,1,1,0,1,1,1,1,73,2960,10,10,2011,2,23,18,1,12,3,SR-79,,0,33.57128889,-86.784200000,0,8,0,0,1,1,1,0,3,2,0,2,0,0000000,99,99,23,25,99,99,0,0,0,1,0
1,10807,2,2,0,0,0,2,2,95,50,4,10,2011,3,7,31,0,14,3,SR-75,638,0,34.27261389,-86.206363890,0,12,6,0,2,2,1,0,1,1,0,1,0,0000000,99,99,7,32,99,99,0,0,0,1,0
1,10808,2,2,0,0,0,4,4,115,2320,16,12,2011,6,19,8,0,14,2,US-SR 25,AL 174,83,33.68577778,-86.394236110,0,46,0,0,2,3,1,0,6,1,0,1,0,0000000,99,99,19,10,99,99,0,0,0,1,0
1,10809,2,2,0,0,0,4,4,3,2823,13,10,2011,5,9,40,0,14,2,US-SR 16,,0,30.66705833,-87.919038890,0,12,6,0,8,1,1,0,1,1,0,1,0,0000000,99,99,99,99,99,99,0,0,0,1,0
1,10810,1,1,0,0,0,2,2,97,2716,22,3,2011,3,18,20,1,12,6,5045,,0,30.85333889,-88.063063890,0,10,0,0,6,1,1,0,1,1,0,1,0,727820O,99,99,18,26,99,99,0,0,0,1,0
1,10811,2,2,0,0,0,2,2,67,0,14,2,2011,2,7,53,0,4,3,SR-95,,440,31.55854167,-85.241205560,0,12,6,0,8,1,1,0,1,1,0,1,0,0000000,99,99,8,10,99,99,0,0,0,1,0
1,10812,2,2,0,0,0,2,2,3,2355,15,2,2011,3,19,32,0,15,3,SR-180,,250,30.28963056,-87.630838890,0,12,2,0,1,1,1,0,3,1,0,1,0,0000000,99,99,19,39,99,99,0,0,0,1,1
1,10813,2,2,0,0,0,2,2,3,2890,18,10,2011,3,3,31,1,2,3,SR-59,,0,30.46945833,-87.699883330,0,12,2,0,1,1,1,0,3,1,0,1,0,0000000,99,99,3,31,99,99,0,0,0,1,0
2,20001,2,2,0,0,0,2,2,122,480,5,1,2011,4,12,5,1,1,3,SR-1 STERLING HWY,,265,60.52366111,-150.199413890,0,24,0,0,1,1,4,0,1,1,0,1,0,0000000,99,99,99,99,99,99,0,0,0,1,0
2,20002,2,2,0,0,0,4,4,170,2790,5,1,2011,4,11,15,0,4,9,KNIK GOOSE BAY ROAD,,125,61.48137500,-149.709427780,0,12,2,0,1,1,1,0,1,10,0,10,0,0000000,99,99,99,99,99,99,0,0,0,2,0
2,20003,1,1,0,0,0,1,1,240,0,12,1,2011,4,13,17,1,1,3,SR-4 RICHARDSON HWY,,2959,64.28037222,-146.249963890,0,1,0,0,1,1,4,0,1,1,0,1,0,0000000,99,99,99,99,88,88,4,0,0,1,0
2,20004,2,2,0,0,0,2,2,122,2407,19,1,2011,4,17,42,0,6,9,BROWNS LAKE ROAD,,1,60.48772222,-150.820152780,0,12,1,0,1,1,1,0,2,4,0,4,0,0000000,99,99,99,99,88,88,0,0,0,1,2
2,20005,1,1,0,0,0,1,1,170,292,23,1,2011,1,4,8,1,1,3,SR-3 PARKS HIGHWAY,,161,61.56801389,-149.698230560,0,30,0,0,1,1,4,0,2,1,0,1,0,0000000,99,99,99,99,99,96,0,0,0,1,1
2,20006,1,1,0,0,0,2,2,68,950,23,1,2011,1,3,30,1,1,3,SR-3 PARKS HIGHWAY,,2264,64.04149167,-149.163036110,0,1,0,0,1,1,4,0,2,10,0,10,0,0000000,99,99,99,99,99,99,0,0,0,1,0
2,20007,1,1,0,0,0,2,2,188,560,30,1,2011,1,9,50,0,6,9,FRONT ROAD,,99998,66.07675000,-162.723494440,0,43,0,0,1,1,5,0,2,11,10,11,0,0000000,99,99,99,99,99,99,0,0,0,1,1
2,20008,1,1,0,1,1,1,1,150,1340,12,2,2011,7,19,21,0,14,5,MILL BAY ROAD,,10,57.79907500,-152.386744440,0,8,0,0,1,1,1,0,3,1,0,1,0,0000000,99,99,99,99,99,99,2,0,0,1,0
2,20009,2,2,0,0,0,3,3,90,770,5,3,2011,7,8,21,1,11,3,SR-3 PARKS HIGHWAY,LATHROP ST,3227,64.82135000,-147.744708330,0,12,6,0,2,2,1,0,1,1,0,1,0,0000000,99,99,99,99,99,99,0,0,0,1,0
2,20010,1,1,0,0,0,2,2,110,1130,12,3,2011,7,8,0,1,13,3,SR-7 GLACIER HWY,JENSINE ST,96,58.37156111,-134.611133330,0,5,0,0,2,3,1,0,1,10,4,4,0,0000000,99,99,99,99,99,99,0,0,0,1,0
2,20011,2,2,0,0,0,4,4,90,1895,21,3,2011,2,16,40,0,15,9,BADGER ROAD,,64,64.81317778,-147.416019440,0,12,6,0,1,1,1,0,1,1,0,1,0,0000000,99,99,99,99,99,99,0,0,0,2,0
2,20012,1,1,0,0,0,1,1,170,2000,23,3,2011,4,20,34,0,6,8,KNIK RIVER ROAD,,51,61.48727500,-148.899830560,0,42,0,0,1,1,5,0,2,1,0,1,0,0000000,88,88,88,88,88,88,0,0,0,1,0
2,20013,1,1,0,1,1,1,1,20,130,5,4,2011,3,0,9,0,14,6,C STREET,TUDOR ROAD,37,61.18089167,-149.886711110,0,9,0,0,2,2,1,0,3,1,0,1,0,0000000,99,99,99,99,88,88,0,0,0,1,0
2,20014,1,1,0,0,0,1,1,70,580,7,4,2011,5,7,34,0,4,8,KANAKANAK ROAD,,12,59.04153611,-158.502975000,0,42,0,0,1,1,5,0,9,3,4,4,0,0000000,99,99,99,99,99,99,0,0,0,1,0
2,20015,1,1,0,0,0,1,1,170,2640,19,4,2011,3,17,20,1,1,3,SR-3 PARKS HIGHWAY,,743,62.39650000,-150.262413890,0,1,0,0,1,1,4,0,1,1,0,1,0,0000000,99,99,99,99,88,88,0,0,0,1,1
2,20016,2,2,0,0,0,2,2,122,1240,23,4,2011,7,22,30,1,2,8,KENAI SPUR HIGHWAY,REDOUBT AVE,138,60.57437778,-151.312433330,0,12,6,0,2,3,1,0,3,1,0,1,0,0000000,99,99,99,99,99,99,0,0,0,1,1
2,20017,1,1,0,1,1,1,1,20,130,24,4,2011,1,3,17,1,12,6,TUDOR ROAD,SR-1 SEWARD HIGHWAY,19,61.18069167,-149.861916670,0,8,0,1,3,2,1,0,3,1,0,1,0,0000000,99,99,99,99,99,99,0,0,0,1,0
2,20018,1,1,0,0,0,1,1,170,2000,7,5,2011,7,18,27,0,4,8,OLD GLENN HIGHWAY,,25,61.47388889,-149.188275000,0,24,0,0,1,1,4,0,1,1,0,1,0,0000000,99,99,99,99,88,88,0,0,0,1,0
2,20019,1,1,0,0,0,1,1,122,457,9,5,2011,2,23,47,1,2,3,SR-1 STERLING HWY,,785,60.23353056,-151.385272220,0,1,0,0,1,1,4,0,2,1,0,1,0,0000000,99,99,99,99,88,88,0,0,0,1,1
2,20020,1,1,0,0,0,2,2,290,320,17,5,2011,3,23,45,0,4,3,SR-6 STEESE HIGHWAY,,1234,65.57740278,-144.777050000,0,1,0,0,1,1,1,0,5,10,0,10,0,0000000,88,88,88,88,88,88,0,0,0,1,1
2,20021,1,1,0,1,1,0,0,164,401,15,6,2011,4,9,50,0,6,8,OLAF ST,,99999,56.31095000,-158.529497220,0,8,0,0,1,1,2,0,1,10,0,10,0,0000000,99,99,99,99,88,88,0,0,0,1,0
2,20022,2,2,0,0,0,3,3,122,2407,2,7,2011,7,14,4,1,2,3,SR-1 STERLING HWY,,595,60.45842500,-151.096858330,0,12,2,0,1,1,1,0,1,10,0,10,0,0000000,99,99,99,99,99,99,0,0,0,1,0
2,20023,1,1,0,0,0,1,1,100,920,4,7,2011,2,1,50,1,2,3,SR-7 HAINES HIGHWAY,MAIN ST,7,59.23620000,-135.465030560,0,43,0,0,2,4,5,0,3,10,0,10,0,0000000,1,52,1,58,88,88,0,0,0,1,1
2,20024,2,2,0,0,0,3,3,122,0,22,7,2011,6,17,53,1,1,3,SR-1 STERLING HWY,,288,60.52443889,-150.265933330,0,24,0,0,1,1,4,0,1,1,0,1,0,0000000,99,99,99,99,99,99,0,0,0,2,0
2,20025,2,2,0,0,0,5,5,122,480,22,7,2011,6,18,36,1,1,3,SR-1 STERLING HWY,,39,60.52445556,-149.650519440,0,24,0,0,1,1,4,0,1,1,0,1,0,0000000,99,99,99,99,99,99,0,0,0,2,0
2,20026,1,1,0,0,0,1,1,20,130,2,5,2011,2,4,37,1,11,3,SR-1 GLENN HIGHWAY,,164,61.37324722,-149.529802780,0,1,0,0,1,1,3,0,2,1,0,1,0,0000000,99,98,99,98,88,88,0,0,0,1,0