STATE,ST_CASE,VE_TOTAL,VE_FORMS,PVH_INVL,PEDS,PERNOTMVIT,PERMVIT,PERSONS,COUNTY,CITY,DAY,MONTH,YEAR,DAY_WEEK,HOUR,MINUTE,NHS,ROAD_FNC,ROUTE,TWAY_ID,TWAY_ID2,MILEPT,LATITUDE,LONGITUD,SP_JUR,HARM_EV,MAN_COLL,RELJCT1,RELJCT2,TYP_INT,REL_ROAD,WRK_ZONE,LGT_COND,WEATHER1,WEATHER2,WEATHER,SCH_BUS,RAIL,NOT_HOUR,NOT_MIN,ARR_HOUR,ARR_MIN,HOSP_HR,HOSP_MN,CF1,CF2,CF3,FATALS,DRUNK_DR
2,20027,1,1,0,2,2,1,1,20,130,9,5,2011,2,13,32,0,15,6,17TH AVE,KARLUK ST,1,61.20483889,-149.862752780,0,9,0,0,2,3,1,0,1,1,0,1,0,0000000,99,99,99,99,99,99,0,0,0,1,0
2,20028,1,1,0,1,1,1,1,20,130,12,5,2011,5,16,45,0,12,6,DEBARR ROAD,,30,61.20971111,-149.748344440,0,8,0,0,1,1,1,0,1,1,0,1,0,0000000,99,99,99,99,99,99,0,0,0,1,0
2,20029,1,1,0,1,1,1,1,90,770,31,5,2011,3,13,2,0,14,6,NOBLE ST,6TH AVE,2,64.84153889,-147.714869440,0,8,0,0,2,2,1,0,1,1,0,1,0,0000000,99,99,99,99,99,99,0,0,0,1,0
2,20030,1,1,0,0,0,1,1,20,130,15,7,2011,6,22,47,0,14,6,ARCTIC BLVD,DOWLING RD,27,61.16577778,-149.897936110,0,33,0,0,2,3,4,0,1,1,0,1,0,0000000,99,99,99,99,88,88,19,0,0,1,1
2,20031,3,3,0,0,0,6,6,122,1850,25,7,2011,2,15,22,1,2,3,SR-1 STERLING HWY,,962,60.03991944,-151.675980560,0,12,1,0,8,1,1,0,1,10,0,10,0,0000000,99,99,99,99,99,99,0,0,0,1,0
2,20032,2,2,0,0,0,3,3,122,1240,26,7,2011,3,18,11,1,2,8,KENAI SPUR HIGHWAY,SILVER SALMON DRIVE,41,60.54012778,-151.087061110,0,12,6,0,2,2,1,0,1,10,0,10,0,0000000,99,99,99,99,99,99,0,0,0,1,0
2,20033,3,3,0,0,0,17,17,20,0,4,8,2011,5,13,42,1,1,3,SR-1 SEWARD HIGHWAY,,1033,60.98327500,-149.534850000,0,12,2,0,1,1,1,0,1,10,0,10,0,0000000,99,99,99,99,99,99,0,0,0,1,0
2,20034,2,1,1,0,0,1,1,110,1130,21,5,2011,7,7,53,1,13,3,SR-7 EGAN DRIVE,HIGHLAND DRIVE,10,58.30573333,-134.431444440,0,33,0,0,2,3,3,0,1,2,10,2,0,0000000,99,99,99,99,88,88,14,0,0,1,1
2,20035,1,1,0,0,0,2,2,110,1130,6,6,2011,2,21,29,0,14,3,SR-7 GLACIER HIGHWAY,,311,58.57323889,-134.886250000,0,35,0,0,1,1,4,0,1,1,0,1,0,0000000,99,99,99,99,99,99,0,0,0,1,1
2,20036,1,1,0,0,0,4,4,122,2407,18,7,2011,2,11,56,1,2,3,SR-1 STERLING HIGHWAY,,663,60.37555556,-151.193611110,0,35,0,0,1,1,4,0,1,1,0,1,0,0000000,99,99,99,99,99,99,0,0,0,1,0
2,20037,1,1,0,1,1,1,1,20,130,27,5,2011,6,21,7,0,16,6,WEST 32ND AVENUE,,1,61.19168333,-149.905405560,0,8,0,0,1,1,1,0,1,10,0,10,0,0000000,99,99,99,99,99,99,0,0,0,1,0
2,20038,2,2,0,0,0,2,2,122,1850,5,8,2011,6,19,44,0,6,8,EASY STREET,BURLWOOD LANE,3,60.03448333,-151.650655560,0,12,2,0,2,3,1,0,1,1,0,1,0,0000000,99,99,99,99,99,99,0,0,0,1,0
2,20039,2,2,0,0,0,5,5,180,1870,7,8,2011,1,3,0,0,9,8,OLD GLACIER CREEK ROAD,,31,64.57125000,-165.400500000,0,12,2,0,1,1,1,0,2,2,10,2,0,0000000,99,99,99,99,99,99,0,0,0,1,2
2,20040,1,1,0,0,0,6,6,180,700,7,8,2011,1,7,0,0,6,8,MOSES POINT ROAD,,22,64.63483333,-162.238330560,0,1,0,0,1,1,4,0,1,1,0,1,0,0000000,99,99,99,99,99,99,0,0,0,2,1
2,20041,1,1,0,0,0,2,2,290,0,7,8,2011,1,12,21,1,2,3,SR-2 DALTON HIGHWAY,,534,65.84889444,-149.713352780,0,1,0,0,1,1,2,0,1,10,0,10,0,0000000,99,99,99,99,99,99,0,0,0,1,0
2,20042,2,2,0,0,0,4,4,20,0,20,8,2011,7,16,15,1,1,3,SR-1 SEWARD HIGHWAY,,831,60.88035278,-149.043491670,0,12,2,0,1,1,1,0,1,10,0,10,0,0000000,99,99,99,99,99,99,0,0,0,2,0
2,20043,2,2,0,0,0,2,2,90,770,30,8,2011,3,14,2,1,12,6,AIRPORT WAY,CUSHMAN STREET,3,64.83636389,-147.718100000,0,12,6,0,2,2,1,0,1,1,0,1,0,0000000,99,99,99,99,99,99,0,0,0,1,0
2,20044,1,1,0,0,0,1,1,20,130,11,6,2011,7,12,43,1,11,3,SR-1 GLENN HIGHWAY,,118,61.31540833,-149.574252780,0,1,0,0,1,1,3,0,1,10,0,10,0,0000000,99,99,99,99,99,99,0,0,0,1,1
2,20045,1,1,0,0,0,1,1,170,2640,12,8,2011,6,20,0,0,5,8,PETERSVILLE ROAD,,47,62.31114722,-150.374877780,0,1,0,0,1,1,1,0,1,10,0,10,0,0000000,99,99,99,99,99,96,0,0,0,1,0
2,20046,2,2,0,0,0,2,2,20,130,21,8,2011,1,15,10,0,14,6,DIMOND BLVD,JEWEL LAKE ROAD,33,61.13741111,-149.951883330,0,12,2,0,2,2,1,0,1,1,0,1,0,0000000,99,99,99,99,88,88,0,0,0,1,0
2,20047,2,1,1,1,1,3,3,90,470,30,8,2011,3,8,17,0,16,6,BIRCH LANE,LOFTUS ROAD,1,64.84361111,-147.843997220,0,33,0,0,3,2,4,0,1,1,0,1,0,0000000,8,17,8,24,99,99,21,0,0,1,0
2,20048,1,1,0,0,0,2,2,170,2790,5,9,2011,2,4,17,0,16,5,SWANSON AVE,MAIN ST,6,61.58305556,-149.441486110,0,33,0,0,2,2,4,0,3,1,0,1,0,0000000,99,99,99,99,88,88,0,0,0,2,1
2,20049,1,1,0,0,0,1,1,70,580,16,8,2011,3,1,29,0,5,5,WOOD RIVER ROAD,,10,59.05503611,-158.492097220,0,1,0,0,1,1,5,0,2,1,0,1,0,0000000,99,99,99,99,88,88,4,0,0,1,1
2,20050,1,1,0,0,0,2,2,270,1664,15,9,2011,5,2,30,0,9,9,NEW AIRPORT ROAD,,99999,62.09580278,-163.658305560,0,1,0,0,1,1,2,0,2,1,0,1,0,0000000,99,99,99,99,99,99,0,0,0,1,1
2,20051,2,2,0,0,0,3,3,20,130,1,10,2011,7,20,44,0,13,6,NORTHERN LIGHTS,BONIFACE PARKWAY,15,61.19528889,-149.778247220,0,12,2,0,2,2,1,0,3,2,0,2,0,0000000,99,99,99,99,99,99,0,0,0,1,0
2,20052,1,1,0,1,1,1,1,20,130,4,10,2011,3,3,18,0,15,6,PENLAND PARKWAY,,2,61.21554444,-149.815405560,0,8,0,0,1,1,1,0,3,10,0,10,0,0000000,99,99,99,99,88,88,0,0,0,1,0
2,20053,1,1,0,1,1,1,1,122,2455,18,10,2011,3,6,20,0,5,9,ROBINSON LOOP ROAD,,10,60.53266667,-150.889566670,0,8,0,0,1,1,1,0,2,1,0,1,0,0000000,99,99,99,99,88,88,0,0,0,1,0
2,20054,3,3,0,0,0,5,5,150,1340,21,10,2011,6,0,49,0,15,5,ALIMAQ DRIVE,,99999,57.78820278,-152.397294440,0,12,7,0,1,1,1,0,3,2,0,2,0,0000000,99,99,99,99,99,99,0,0,0,1,2
2,20055,1,1,0,0,0,3,3,170,374,3,11,2011,5,16,47,1,1,3,SR-1 GLENN HIGHWAY,,786,61.80181111,-148.236602780,0,1,0,0,1,1,5,0,1,4,11,4,0,0000000,99,99,99,99,99,99,0,0,0,3,0
2,20056,2,2,0,0,0,4,4,170,2500,8,11,2011,3,15,21,1,1,3,SR-3 PARKS HIGHWAY,MCKINLEY AVE,559,62.03287222,-150.073530560,0,12,1,0,3,3,1,0,1,1,0,1,1,0000000,99,99,99,99,99,99,0,0,0,1,0
2,20057,2,2,0,0,0,9,9,122,0,28,11,2011,2,21,40,1,2,3,SR-9 SEWARD HIGHWAY,,130,60.26982778,-149.347463890,0,12,2,0,1,1,1,0,2,10,0,10,0,0000000,99,99,99,99,99,99,0,0,0,1,1
2,20058,2,2,0,0,0,3,3,240,565,1,12,2011,5,9,10,1,3,3,SR-4 RICHARDSON HWY,,2644,64.00555556,-145.735322220,0,12,6,0,1,1,1,0,1,10,0,10,0,0000000,99,99,99,99,99,99,0,0,0,1,0
2,20059,1,1,0,0,0,3,3,20,130,8,12,2011,5,23,21,1,11,6,GAMBELL STREET,,10,61.20542222,-149.870636110,0,48,0,0,1,1,4,0,3,10,0,10,0,0000000,99,99,99,99,99,99,0,0,0,1,1
2,20060,3,3,0,0,0,4,4,20,130,15,12,2011,5,17,22,0,13,6,ABBOTT ROAD,,34,61.14191667,-149.847338890,0,12,6,0,8,1,1,0,3,10,0,10,0,0000000,99,99,99,99,99,99,0,0,0,1,0
2,20061,2,2,0,0,0,5,5,122,980,18,12,2011,1,8,3,0,5,8,EAST END ROAD,,209,59.79539167,-151.110247220,0,12,6,0,1,1,1,0,2,2,10,2,0,0000000,99,99,99,99,99,99,0,0,0,1,0
2,20062,1,1,0,0,0,1,1,240,2510,26,12,2011,2,15,30,0,9,9,TANACROSS BLVD,2ND AVE,99999,63.37592500,-143.355416670,0,30,0,0,2,2,4,0,1,4,0,4,0,0000000,99,99,99,99,99,99,0,0,0,1,1
2,20063,2,2,0,0,0,5,5,122,480,29,12,2011,5,15,0,1,1,3,SR-1 STERLING HWY,,44,60.53750000,-150.765277780,0,12,6,0,1,1,1,0,1,1,0,1,0,0000000,99,99,99,99,99,99,0,0,0,1,0
4,40001,1,1,0,1,1,3,3,13,370,1,1,2011,7,19,1,0,13,6,35TH AVE,,0,33.56853889,-112.134136110,0,8,0,0,1,1,1,0,3,1,0,1,0,0000000,99,99,99,99,99,99,0,0,0,1,0
4,40002,1,1,0,0,0,2,2,21,0,3,1,2011,2,22,26,1,1,1,I-10,,1739,33.14112500,-111.860105560,3,1,0,0,1,1,3,0,3,1,0,1,0,0000000,22,26,22,36,99,99,0,0,0,1,0
4,40003,1,1,0,1,1,1,1,3,0,5,1,2011,4,5,8,1,1,1,I-10,,3097,31.97836111,-110.225900000,0,8,0,0,1,1,1,0,2,1,0,1,0,0000000,5,8,5,31,88,88,0,0,0,1,0
4,40004,5,5,0,0,0,6,6,13,368,5,1,2011,4,9,51,0,15,6,BEARDSLEY RD,91ST AVE,0,33.66721667,-112.255408330,0,12,1,0,3,2,1,0,1,1,0,1,0,0000000,9,51,9,56,10,23,0,0,0,1,0
4,40005,1,1,0,0,0,1,1,3,0,6,1,2011,5,99,99,0,4,9,DAVIS RD,,0,31.58530000,-109.560255560,0,43,0,0,1,1,4,0,2,1,0,1,0,0000000,19,18,19,35,88,88,0,0,0,1,0
4,40006,1,1,0,0,0,1,1,25,0,7,1,2011,6,8,28,0,14,3,SR-260,,2081,34.70094167,-111.988380560,0,1,0,0,1,1,4,0,1,1,0,1,0,0000000,8,28,8,30,9,56,0,0,0,1,1
4,40007,2,2,0,0,0,3,3,21,332,9,1,2011,1,12,30,0,3,3,SR-77,AMERICAN AVE,99999,32.62088333,-110.801744440,0,12,6,0,2,3,1,0,1,1,0,1,0,0000000,12,32,12,40,13,45,0,0,0,1,0
4,40010,1,1,0,0,0,2,2,21,0,13,1,2011,5,20,10,0,6,4,KLECK RD,,0,32.90854167,-111.528138890,0,1,0,0,1,1,4,0,2,1,0,1,0,0000000,20,10,20,20,99,99,0,0,0,1,0
4,40011,1,1,0,0,0,1,1,13,0,15,1,2011,7,11,22,1,2,3,SR-87,,2133,33.80520000,-111.486361110,0,17,0,0,1,1,4,0,1,1,0,1,0,0000000,11,23,11,56,88,88,0,0,0,1,0
4,40012,2,2,0,0,0,3,3,19,0,16,1,2011,1,15,21,0,14,9,NOGALES HWY,FENLEY DR,0,32.06520000,-110.957294440,0,12,6,0,2,3,1,0,1,1,0,1,0,0000000,15,21,15,23,15,35,0,0,0,1,1
4,40013,1,1,0,1,1,2,2,19,0,16,1,2011,1,23,38,0,14,4,MISSION RD,,0,32.12666111,-111.017061110,0,8,0,0,1,1,1,0,2,1,0,1,0,0000000,23,38,23,43,0,10,0,0,0,1,0
4,40014,1,1,0,0,0,1,1,13,0,17,1,2011,2,16,15,0,4,9,BASELINE RD,,0,33.37763056,-112.691122220,0,34,0,0,1,1,4,0,1,1,0,1,0,0000000,16,15,16,23,88,88,0,0,0,1,1
4,40015,1,1,0,0,0,3,3,23,0,18,1,2011,3,14,29,1,11,1,I-19,,101,31.45613889,-110.985155560,0,1,0,0,1,1,3,0,1,1,0,1,0,0000000,14,29,14,33,99,99,0,0,0,1,0
4,40016,1,1,0,0,0,1,1,13,420,18,1,2011,3,18,31,0,16,6,ROSE CIRCLE LN,,0,33.48852778,-111.944205560,0,33,0,0,1,1,4,0,2,1,0,1,0,0000000,18,31,18,36,88,88,0,0,0,1,1
4,40017,1,1,0,0,0,4,4,13,0,20,1,2011,5,7,23,1,1,1,I-10,,1077,33.44652500,-112.710483330,0,1,0,0,1,1,4,0,2,1,0,1,0,0000000,7,33,7,41,8,41,0,0,0,1,0
4,40019,2,2,0,0,0,3,3,21,160,21,1,2011,6,18,49,0,3,3,SR-84,,1870,32.79406389,-111.622266670,0,12,2,0,1,1,1,0,3,1,0,1,0,0000000,18,50,18,54,99,99,0,0,0,2,1
4,40021,2,2,0,0,0,3,3,13,420,23,1,2011,1,14,45,1,12,3,SR-101,,400,33.59781944,-111.891702780,0,12,1,0,1,1,1,0,1,1,0,1,0,0000000,14,45,15,1,15,22,0,0,0,1,1
4,40022,1,1,0,0,0,3,3,17,0,25,1,2011,3,10,20,0,4,3,SR-73,,3424,33.88036944,-109.952777780,3,1,0,0,1,1,4,0,1,1,0,1,0,0000000,10,27,10,38,99,99,0,0,0,1,1
4,40024,1,1,0,0,0,1,1,25,0,25,1,2011,3,13,25,0,4,3,SR-96,,177,34.45017222,-112.974922220,0,59,0,0,1,1,4,0,1,1,0,1,0,0000000,99,99,99,99,99,99,0,0,0,1,0
4,40025,2,1,1,0,2,3,5,12,0,26,1,2011,4,5,5,1,1,1,I-10,,381,33.64714722,-113.891769440,0,18,0,0,1,1,2,0,2,1,0,1,0,0000000,5,7,5,30,88,88,0,0,0,3,0
4,40026,3,3,0,0,0,4,4,13,370,29,1,2011,7,11,23,1,11,1,I-17,,2120,33.62610833,-112.116416670,0,24,0,0,1,1,4,0,1,1,0,1,0,0000000,11,24,11,28,11,52,0,0,0,1,0
4,40028,1,1,0,0,0,4,4,19,0,30,1,2011,1,13,20,0,16,6,ALVORD ST,,0,32.14516667,-110.916552780,0,1,0,0,1,1,1,0,1,1,0,1,0,0000000,13,26,13,31,13,50,0,0,0,1,0
4,40030,2,2,0,0,0,2,2,13,80,27,1,2011,5,14,27,0,13,6,ELLIOT RD,PENNINGTON RD,0,33.34957500,-111.871869440,0,12,6,0,2,2,1,0,1,1,0,1,0,0000000,14,28,14,32,15,2,0,0,0,1,1
4,40031,1,1,0,0,0,1,1,13,80,30,1,2011,1,1,46,0,6,6,48TH ST,,0,33.27000833,-111.978633330,3,33,0,0,1,1,3,0,3,1,0,1,0,0000000,1,47,1,53,88,88,0,0,0,1,1
4,40032,2,2,0,0,0,2,2,13,0,30,1,2011,1,10,30,0,14,6,99TH AVE,PEORIA AVE,0,33.58033056,-112.272666670,0,12,6,0,2,2,1,0,1,1,0,1,0,0000000,99,99,99,99,99,99,0,0,0,1,0
4,40034,1,1,0,1,1,1,1,5,336,12,1,2011,4,1,8,0,14,6,LAKE POWELL BLVD,CAMERON RD,0,36.90815000,-111.467297220,3,8,0,0,3,3,1,0,2,1,0,1,0,0000000,1,8,1,8,88,88,0,0,0,1,0
4,40035,2,2,0,1,1,3,3,19,530,31,1,2011,2,21,1,1,11,1,I-10,,2579,32.22782778,-110.981663890,0,8,0,0,1,1,1,0,3,1,0,1,0,0000000,99,99,99,99,99,99,0,0,0,1,0
4,40036,1,1,0,1,1,0,0,13,290,5,1,2011,4,99,99,0,16,6,CAPRI DR,,0,99.99990000,999.999900000,0,8,0,0,8,1,1,0,1,99,0,99,0,0000000,99,99,99,99,88,88,0,0,0,1,0
4,40037,1,1,0,1,1,2,2,19,530,7,1,2011,6,22,5,0,13,6,6TH AVE,,0,32.17301944,-110.968244440,0,8,0,0,1,1,1,0,3,1,0,1,0,0000000,22,4,22,8,22,30,0,0,0,1,0
4,40038,1,1,0,1,1,1,1,13,370,7,1,2011,6,15,12,0,15,6,12TH ST,TURNEY AVE,0,33.49991111,-112.056319440,0,9,0,0,3,3,1,0,1,1,0,1,0,0000000,15,13,15,17,15,28,0,0,0,1,0
4,40039,1,1,0,1,1,1,1,13,370,13,1,2011,5,7,38,0,14,6,BROADWAY RD,,0,33.40731389,-111.981266670,0,8,0,0,1,1,1,0,1,1,0,1,1,0000000,7,40,7,45,8,8,0,0,0,1,0
4,40040,1,1,0,1,1,1,1,13,370,15,1,2011,7,3,52,0,14,6,VAN BUREN ST,,0,33.45141111,-112.143566670,0,8,0,0,1,1,1,0,3,1,0,1,0,0000000,3,53,4,0,88,88,0,0,0,1,1
4,40041,2,1,1,1,1,2,2,13,370,15,1,2011,7,4,37,0,16,6,ROMA AVE,73RD AVE,0,33.50121389,-112.216241670,0,14,0,0,3,2,5,0,3,1,0,1,0,0000000,99,99,99,99,88,88,0,0,0,1,1
4,40042,2,2,0,1,1,4,4,13,370,17,1,2011,2,19,46,0,13,6,CAMELBACK RD,,0,33.50943889,-112.145897220,0,8,0,0,1,1,1,0,6,1,0,1,0,0000000,19,46,99,99,99,99,0,0,0,1,0
4,40043,3,3,0,0,0,4,4,13,370,18,1,2011,3,5,48,0,15,6,HAPPY VALLEY RD,67TH AVE,0,33.71218889,-112.203119440,0,12,6,0,2,2,1,0,1,1,0,1,0,0000000,5,49,5,58,6,28,0,0,0,1,0
4,40044,2,2,0,0,0,3,3,13,370,18,1,2011,3,20,50,0,13,6,DUNLAP AVE,25TH AVE,0,33.56755278,-112.112533330,0,12,6,0,2,3,1,0,3,1,0,1,0,0000000,20,51,20,51,21,8,0,0,0,1,0
4,40045,1,1,0,0,0,2,2,5,0,22,1,2011,7,0,24,0,6,9,JOYCE RD,,0,35.26889722,-112.481836110,0,35,0,0,1,1,4,0,2,1,0,1,0,0000000,0,25,0,52,99,99,0,0,0,1,0
4,40046,2,2,0,0,0,3,3,13,370,22,1,2011,7,15,42,0,13,6,35TH AVE,,0,33.61290278,-112.133780560,0,12,2,0,1,1,1,0,1,1,0,1,0,0000000,15,44,15,48,16,2,0,0,0,1,0
4,40047,1,1,0,1,1,1,1,13,370,23,1,2011,1,19,53,0,13,6,CAMELBACK RD,,0,33.50945556,-112.134541670,0,8,0,0,1,1,1,0,3,1,0,1,0,0000000,99,99,99,99,99,99,0,0,0,1,0
4,40049,1,1,0,0,0,2,2,19,530,26,1,2011,4,16,0,0,16,6,BROADWAY RD,,0,99.99990000,999.999900000,0,5,0,0,1,1,1,0,9,99,0,99,0,0000000,99,99,99,99,99,99,0,0,0,1,0
4,40050,1,1,0,0,0,2,2,13,68,1,2,2011,3,0,3,0,4,6,CAVE CREEK RD,,0,33.81818333,-111.911347220,0,42,0,0,1,1,3,0,2,1,0,1,0,0000000,0,3,0,7,88,88,0,0,0,1,0
4,40051,1,1,0,0,0,1,1,17,0,1,2,2011,3,12,1,0,6,9,SKY HIGH RD,,0,34.13964444,-109.897250000,0,42,0,0,1,1,4,0,1,4,0,4,0,0000000,12,1,12,13,12,35,0,0,0,1,1
4,40052,1,1,0,0,0,1,1,25,0,5,2,2011,7,12,30,0,4,3,SR-89,,2745,34.20375556,-112.771136110,0,1,0,0,1,1,2,0,1,1,0,1,0,0000000,12,30,12,50,88,88,0,0,0,1,0
4,40053,1,1,0,0,0,2,2,13,370,5,2,2011,7,23,2,0,14,6,MCDOWELL RD,,0,33.46596111,-112.155036110,0,43,0,0,1,1,5,0,3,1,0,1,0,0000000,23,7,23,12,99,99,0,0,0,1,1
4,40054,3,3,0,0,0,4,4,13,290,6,2,2011,1,20,7,0,14,6,HIGLEY RD,SOUTHERN AVE,0,33.39382500,-111.719336110,0,12,1,0,3,2,1,0,3,1,0,1,0,0000000,20,8,20,11,20,23,0,0,0,1,0
4,40055,6,5,1,0,0,8,8,13,290,7,2,2011,2,10,50,0,13,6,MCKELLIPS RD,,0,33.45148611,-111.833075000,0,12,6,0,1,1,1,0,1,1,0,1,0,0000000,99,99,99,99,99,99,14,0,0,1,1
4,40057,2,2,0,0,0,2,2,19,0,10,2,2011,5,8,9,1,13,6,VALENCIA RD,SWAN RD,0,32.13433333,-110.891936110,0,12,6,0,2,2,1,0,1,1,0,1,0,0000000,8,9,8,14,99,99,0,0,0,1,0
4,40058,3,3,0,0,0,9,9,9,0,13,2,2011,1,15,35,0,3,2,US-70,,2795,33.27134722,-110.321486110,3,54,11,0,1,1,1,0,1,1,0,1,0,0000000,15,43,15,54,99,99,14,0,0,1,0
4,40059,2,2,0,1,1,3,3,5,170,14,2,2011,2,7,41,0,14,6,BUTLER AVE,,0,35.19319167,-111.648486110,0,8,0,0,1,1,1,0,1,1,0,1,0,0000000,7,41,7,42,8,3,0,0,0,1,0
4,40060,2,2,0,0,0,4,4,3,0,14,2,2011,2,7,58,1,1,1,I-10,,3709,32.30393611,-109.382327780,0,12,1,0,1,1,1,0,1,1,0,1,0,0000000,7,58,8,20,9,21,0,0,0,1,0
4,40062,3,3,0,0,0,7,7,15,0,18,2,2011,6,14,12,1,2,2,US-93,,1033,34.99415000,-113.664775000,0,12,8,0,1,1,1,0,1,1,0,1,0,0000000,14,17,14,45,16,1,0,0,0,1,0
4,40063,1,1,0,1,1,3,3,25,0,18,2,2011,6,20,14,1,1,1,I-17,,2970,34.67412778,-111.769388890,0,8,0,0,1,1,1,0,2,10,0,10,0,0000000,20,14,20,22,88,88,0,0,0,1,0
4,40064,2,2,0,0,0,4,4,7,0,18,2,2011,6,23,32,1,2,3,SR-260,,2584,34.26306111,-111.216811110,0,12,2,0,1,1,1,0,2,2,10,2,0,0000000,23,34,23,40,99,99,0,0,0,1,0
4,40065,1,1,0,1,1,1,1,19,530,19,2,2011,7,15,17,0,14,6,CAMPBELL AVE,,0,32.16289722,-110.943438890,0,8,0,0,1,1,1,0,1,1,0,1,0,0000000,15,18,15,21,16,17,0,0,0,1,0
4,40066,3,3,0,0,0,4,4,25,0,19,2,2011,7,17,17,1,1,1,I-40,,1431,35.22084444,-112.529752780,0,12,1,0,1,1,1,0,1,10,0,10,0,0000000,17,22,17,30,99,99,0,0,0,1,0
4,40067,2,2,0,0,0,6,6,5,0,20,2,2011,1,4,58,1,2,2,US-89,,4683,35.89612778,-111.406127780,3,12,2,0,1,1,1,0,2,10,0,10,0,0000000,5,1,99,99,99,99,0,0,0,1,1
4,40068,1,1,0,0,0,7,7,19,530,20,2,2011,1,11,11,1,11,1,I-10,,2470,32.35554167,-111.086688890,0,43,0,0,1,1,3,0,1,1,0,1,0,0000000,11,11,11,13,99,99,0,0,0,1,0
4,40069,1,1,0,1,1,1,1,3,40,21,2,2011,2,2,47,1,1,1,I-10,,3028,31.96637222,-110.339977780,0,8,0,0,1,1,1,1,2,1,0,1,0,0000000,2,50,2,55,88,88,0,0,0,1,0
4,40070,1,1,0,0,0,1,1,7,0,21,2,2011,2,14,37,0,6,8,FOREST ROAD 203,,0,33.68290000,-110.869688890,0,1,0,0,1,1,1,0,1,1,0,1,0,0000000,14,38,15,46,88,88,0,0,0,1,0
4,40072,1,1,0,1,1,1,1,3,431,23,2,2011,4,21,6,0,14,3,SR-92,,99999,31.50301667,-110.257377780,0,8,0,0,1,1,1,0,2,1,0,1,0,0000000,21,6,21,13,88,88,0,0,0,1,0
4,40073,1,1,0,0,0,1,1,13,370,25,2,2011,6,15,47,0,16,6,26TH ST,,0,33.66873333,-112.026608330,0,1,0,0,1,1,1,0,1,1,0,1,0,0000000,15,47,15,47,16,22,0,0,0,1,0
4,40074,2,2,0,0,0,4,4,13,290,26,2,2011,7,22,36,1,12,2,US-60,,1788,33.38601389,-111.850716670,0,12,1,1,18,1,1,0,3,10,0,10,0,0000000,22,36,22,39,99,99,0,0,0,1,0
4,40075,2,2,0,0,0,6,6,13,60,27,2,2011,1,9,48,1,13,3,SR-85,BROADWAY RD,1530,33.40640000,-112.625513890,0,12,6,0,2,2,1,0,1,10,0,10,0,0000000,9,54,10,1,99,99,0,0,0,1,0
4,40076,1,1,0,0,0,1,1,21,0,27,2,2011,1,15,14,0,3,3,SR-87,,1517,33.12371389,-111.744111110,3,11,0,0,1,1,1,0,1,1,0,1,0,0000000,15,14,15,21,99,99,0,0,0,1,0
4,40077,1,1,0,0,0,1,1,13,368,28,2,2011,2,12,9,0,16,6,WESTBROOK PKWY,92ND AVE,0,33.66371389,-112.256880560,0,33,0,0,3,3,4,0,1,1,0,1,0,0000000,12,9,12,13,12,30,0,0,0,1,0
4,40078,4,4,0,0,0,4,4,13,420,28,2,2011,2,13,49,0,14,6,CACTUS RD,,0,33.59697222,-111.950969440,0,12,2,0,1,1,1,0,1,1,0,1,0,0000000,13,50,13,54,14,21,0,0,0,2,1
4,40079,3,3,0,0,0,4,4,13,30,7,1,2011,6,11,53,0,15,6,MCDOWELL RD,,0,33.46432222,-112.340183330,0,12,6,0,8,1,1,0,1,1,0,1,0,0000000,99,99,99,99,99,99,0,0,0,1,0
4,40080,1,1,0,0,0,2,2,13,30,1,2,2011,3,12,5,0,14,6,THOMAS RD,,0,33.47904722,-112.283716670,0,33,0,0,1,1,4,0,1,1,0,1,0,0000000,12,10,12,17,12,47,0,0,0,1,0
4,40081,1,1,0,0,0,1,1,13,370,1,2,2011,3,20,20,0,13,6,MCDOWELL RD,,0,33.46597778,-111.953377780,0,33,0,0,1,1,3,0,2,1,0,1,0,0000000,99,99,99,99,88,88,0,0,0,1,1
4,40082,1,1,0,0,0,2,2,13,370,4,2,2011,6,2,51,0,16,6,OSBORN RD,,0,33.48759722,-112.028105560,0,41,0,0,1,1,5,0,3,1,0,1,0,0000000,2,53,2,57,88,88,0,0,0,2,1
4,40083,1,1,0,1,1,1,1,13,370,4,2,2011,6,19,4,0,13,6,7TH ST,VOGEL AVE,0,33.57315556,-112.065197220,0,15,0,0,3,3,1,0,5,1,0,1,0,0000000,99,99,99,99,88,88,0,0,0,1,0
4,40084,2,2,0,0,0,2,2,13,190,4,2,2011,6,18,26,0,15,6,QUEEN CREEK RD,,0,33.26636111,-111.687800000,0,12,6,0,8,1,1,0,3,1,0,1,0,0000000,18,26,99,99,99,99,0,0,0,1,0
4,40085,1,1,0,0,0,3,3,21,0,6,2,2011,1,0,45,0,6,4,WHITLOW RANCH RD,,0,33.06583333,-111.239000000,0,35,0,0,1,1,4,0,2,1,0,1,0,0000000,0,50,1,30,88,88,0,0,0,1,0
4,40086,1,1,0,0,0,1,1,21,160,6,2,2011,1,1,8,0,6,8,ESTRELLA RD,,0,32.79941944,-111.602102780,0,30,0,0,1,1,4,0,2,1,0,1,0,0000000,99,99,99,99,99,99,0,0,0,1,0
4,40087,4,4,0,0,0,11,11,19,530,7,2,2011,2,17,35,1,13,6,GRANT RD,BEVERLY AVE,0,32.25075000,-110.879288890,0,12,1,0,3,2,1,0,1,1,0,1,0,0000000,17,35,17,38,17,55,0,0,0,1,0
4,40088,2,2,0,0,0,5,5,19,530,8,2,2011,3,15,22,0,14,6,VALENCIA RD,HEADLEY RD,0,32.13393611,-111.007572220,0,12,6,0,2,2,1,0,1,1,0,1,0,0000000,15,23,15,26,15,54,0,0,0,2,0