STATE,ST_CASE,VE_TOTAL,VE_FORMS,PVH_INVL,PEDS,PERNOTMVIT,PERMVIT,PERSONS,COUNTY,CITY,DAY,MONTH,YEAR,DAY_WEEK,HOUR,MINUTE,NHS,ROAD_FNC,ROUTE,TWAY_ID,TWAY_ID2,MILEPT,LATITUDE,LONGITUD,SP_JUR,HARM_EV,MAN_COLL,RELJCT1,RELJCT2,TYP_INT,REL_ROAD,WRK_ZONE,LGT_COND,WEATHER1,WEATHER2,WEATHER,SCH_BUS,RAIL,NOT_HOUR,NOT_MIN,ARR_HOUR,ARR_MIN,HOSP_HR,HOSP_MN,CF1,CF2,CF3,FATALS,DRUNK_DR
4,40089,2,2,0,0,0,2,2,13,290,1,2,2011,3,19,12,0,14,6,UNIVERSITY DR,,0,33.42234722,-111.616611110,0,12,1,0,8,1,1,0,2,1,0,1,0,0000000,19,12,19,16,88,88,0,0,0,1,0
4,40090,1,1,0,2,2,1,1,21,22,2,3,2011,4,6,37,0,14,6,BROADWAY RD,,0,33.40782778,-111.580502780,0,8,0,0,1,1,1,0,6,1,0,1,0,0000000,6,34,6,42,99,99,19,0,0,1,0
4,40092,2,2,0,0,0,3,3,13,0,5,3,2011,7,10,9,1,2,2,US-60,,1149,33.92404167,-112.683102780,0,12,1,0,1,1,1,0,1,10,0,10,0,0000000,10,9,10,9,99,99,0,0,0,2,0
4,40093,1,1,0,0,0,1,1,13,0,6,3,2011,1,0,58,0,14,9,SOUTHERN AVE,,0,33.39310278,-111.589283330,0,1,0,0,1,1,4,0,3,1,0,1,0,0000000,0,57,1,5,88,88,0,0,0,1,1
4,40094,1,1,0,1,1,1,1,13,368,7,3,2011,2,5,32,0,15,6,NORTHERN AVE,,0,33.55098611,-112.293255560,0,8,0,0,1,1,1,0,3,1,0,1,0,0000000,5,32,5,42,88,88,0,0,0,1,0
4,40096,1,1,0,1,1,3,3,21,297,8,3,2011,3,13,22,0,4,9,MARICOPA CASA GRANDE,WHITE AND PARKER RD,0,33.02494722,-111.996480560,0,9,0,0,2,2,1,0,1,1,0,1,0,0000000,13,24,13,31,88,88,0,0,0,1,0
4,40097,1,1,0,0,0,1,1,13,490,10,3,2011,5,21,9,1,12,3,SR-101 RAMP,,550,33.38659722,-111.891150000,0,25,0,1,5,1,4,0,3,1,0,1,0,0000000,21,10,21,21,21,47,0,0,0,1,0
4,40098,1,1,0,0,0,2,2,21,0,11,3,2011,6,21,7,1,1,1,I-10,,2146,32.69429722,-111.464436110,0,38,0,0,1,1,4,0,2,1,0,1,0,0000000,21,9,21,30,88,88,0,0,0,2,0
4,40100,1,1,0,0,0,2,2,7,0,12,3,2011,7,10,32,0,3,3,SR-77,,1392,33.00263889,-110.765505560,0,35,0,0,1,1,4,0,1,1,0,1,0,0000000,10,32,10,58,12,30,0,0,0,1,0
4,40101,1,1,0,0,0,4,4,12,0,12,3,2011,7,19,27,1,1,1,I-10,,372,33.64949444,-113.906830560,0,1,0,0,1,1,3,0,2,1,0,1,0,0000000,19,32,19,55,21,23,0,0,0,1,0
4,40102,1,1,0,0,0,2,2,3,0,13,3,2011,1,11,45,1,1,1,I-10,,3545,32.36238333,-109.645925000,0,51,0,0,1,1,1,0,1,1,0,1,0,0000000,11,54,12,7,99,99,0,0,0,1,0
4,40103,1,1,0,0,0,1,1,13,0,13,3,2011,1,13,55,0,6,8,SUGARLOAF RD,,0,33.68353611,-111.532625000,0,35,0,0,1,1,4,0,1,1,0,1,0,0000000,99,99,99,99,99,99,0,0,0,1,0
4,40104,1,1,0,1,1,2,2,13,290,13,3,2011,1,22,13,0,13,6,UNIVERSITY DR,PIMA ST,0,33.42233056,-111.830563890,0,8,0,0,3,3,1,0,6,1,0,1,0,0000000,99,99,99,99,99,99,0,0,0,1,0
4,40105,1,1,0,1,1,1,1,21,22,14,3,2011,2,22,18,0,16,6,CORTEZ RD,,0,33.41698889,-111.520091670,0,49,0,0,1,1,1,0,2,99,0,99,0,0000000,22,20,22,23,99,99,0,0,0,1,0
4,40106,2,2,0,0,0,3,3,13,290,15,3,2011,3,13,45,0,14,6,BROWN RD,PASADENA,0,33.43493333,-111.826811110,0,31,0,0,3,3,1,0,1,10,0,10,0,0000000,99,99,99,99,99,99,0,0,0,1,0
4,40107,1,1,0,0,0,1,1,15,0,20,3,2011,1,21,44,1,2,2,US-93,,1050,34.96906111,-113.669825000,0,1,0,0,1,1,3,0,2,10,0,10,0,0000000,21,46,21,53,88,88,0,0,0,1,0
4,40108,1,1,0,1,1,2,2,13,0,20,3,2011,1,4,43,0,13,6,APACHE TRL,HAWES RD,0,33.41515833,-111.650025000,0,8,0,0,3,3,1,0,2,1,0,1,0,0000000,4,43,4,50,88,88,0,0,0,1,1
4,40109,1,1,0,0,0,2,2,5,0,21,3,2011,2,9,29,1,1,1,I-40,,1567,35.22201944,-112.295163890,0,38,0,0,1,1,4,0,1,4,0,4,0,0000000,9,44,10,2,88,88,0,0,0,1,0
4,40114,1,1,0,0,0,1,1,25,0,26,3,2011,7,19,53,1,2,2,US-93,,1653,34.31943611,-113.133930560,0,42,0,0,1,1,4,0,2,1,0,1,0,0000000,88,88,88,88,88,88,0,0,0,1,0
4,40115,1,1,0,0,0,2,2,3,0,27,3,2011,1,12,9,1,1,1,I-10,,3850,32.25081944,-109.150583330,0,1,0,0,1,1,1,0,1,1,0,1,0,0000000,12,13,12,25,88,88,0,0,0,1,0
4,40116,2,2,0,0,0,2,2,13,420,28,3,2011,2,16,25,0,15,6,SCOTTSDALE RD,GRAYHAWK DR,0,33.67694444,-111.925427780,0,12,6,0,2,3,1,0,1,1,0,1,0,0000000,16,26,16,30,17,12,0,0,0,1,0
4,40117,1,1,0,1,1,2,2,13,200,9,2,2011,4,22,24,0,14,6,BETHANY HOME RD,,0,33.52397222,-112.169550000,0,8,0,0,1,1,1,0,6,1,0,1,0,0000000,99,99,99,99,88,88,0,0,0,1,0
4,40118,2,2,0,0,0,2,2,19,530,14,2,2011,2,7,50,0,14,6,PRINCE RD,RUNWAY DR,0,32.27244167,-111.006930560,0,12,6,0,2,3,1,0,1,1,0,1,0,0000000,7,49,7,54,8,23,0,0,0,1,0
4,40119,2,2,0,0,0,2,2,13,370,15,2,2011,3,17,24,0,16,6,MCKINLEY ST,5TH ST,0,33.45655000,-112.067458330,0,12,6,0,2,2,1,0,1,1,0,1,0,0000000,17,25,17,28,17,41,0,0,0,1,0
4,40120,1,1,0,2,2,1,1,13,370,16,2,2011,4,13,45,0,13,6,CENTRAL AVE,LEXINGTON AVE,0,33.48613889,-112.073677780,0,8,0,0,3,3,1,0,1,1,0,1,0,0000000,13,47,13,51,14,1,0,0,0,1,1
4,40121,1,1,0,0,0,1,1,5,0,18,2,2011,6,2,55,0,4,9,TOWNSEND WINONA RD,,0,35.21513889,-111.431591670,0,31,0,0,1,1,4,0,2,1,0,1,0,0000000,2,55,2,58,88,88,0,0,0,1,1
4,40122,1,1,0,1,1,1,1,13,370,18,2,2011,6,3,8,0,13,6,GLENDALE AVE,,0,33.53858611,-112.107511110,0,8,0,0,1,1,1,0,3,1,0,1,0,0000000,3,14,3,20,88,88,0,0,0,1,0
4,40123,1,1,0,1,1,2,2,5,170,19,2,2011,7,1,32,0,13,3,SR-40B,,1975,35.19513056,-111.628386110,0,8,0,0,1,1,1,0,3,4,0,4,0,0000000,1,32,1,37,2,0,0,0,0,1,0
4,40124,4,4,0,0,0,6,6,13,370,19,2,2011,7,9,37,0,13,6,CACTUS RD,PARADISE VILLAGE PKW,0,33.59957222,-111.987816670,0,12,6,0,2,2,1,0,1,10,0,10,0,0000000,9,30,9,43,99,99,14,0,0,1,0
4,40125,1,1,0,0,0,2,2,17,0,21,2,2011,2,5,45,0,4,3,SR-87,,3680,99.99990000,999.999900000,3,99,99,0,99,9,99,0,6,99,0,99,0,0000000,99,99,99,99,99,99,0,0,0,1,0
4,40126,4,4,0,0,0,5,5,13,370,21,2,2011,2,9,6,0,13,6,PEORIA AVE,,0,33.58199444,-112.131788890,0,33,0,0,1,1,3,0,1,1,0,1,0,0000000,9,6,9,10,9,31,14,0,0,1,0
4,40127,2,2,0,0,0,3,3,13,370,24,2,2011,5,17,27,0,13,6,35TH AVE,ACOMA DR,0,33.61758889,-112.133780560,0,12,6,0,2,2,1,0,1,1,0,1,0,0000000,17,32,17,39,17,52,0,0,0,1,0
4,40128,3,3,0,0,0,4,4,13,370,25,2,2011,6,12,3,0,13,6,PEORIA AVE,37TH AVE,0,33.58193611,-112.137844440,0,12,1,0,3,3,1,0,1,1,0,1,0,0000000,99,99,99,99,99,99,0,0,0,1,0
4,40129,1,1,0,1,1,1,1,19,0,3,3,2011,5,23,44,1,11,1,I-19,,345,31.78504444,-111.024597220,0,8,0,0,1,1,99,0,2,1,0,1,0,0000000,23,51,0,5,88,88,0,0,0,1,0
4,40130,5,5,0,0,0,6,6,13,368,19,3,2011,7,12,57,0,15,6,83RD AVE,UNION HILLS DR,0,33.65297500,-112.237780560,0,12,1,0,3,2,1,0,1,1,0,1,0,0000000,13,1,13,3,13,35,14,0,0,1,0
4,40131,1,1,0,1,1,2,2,13,370,4,3,2011,6,3,5,1,12,3,SR-202,,0,33.46240556,-112.042094440,0,8,0,1,18,1,1,0,3,1,0,1,0,0000000,3,5,3,13,88,88,0,0,0,1,0
4,40132,1,1,0,0,0,1,1,19,530,7,3,2011,2,2,0,0,13,6,PALO VERDE AVE,ALVERNON WAY,0,32.19482500,-110.909727780,0,33,0,0,3,4,4,0,3,1,0,1,0,0000000,99,99,99,99,2,34,0,0,0,1,1
4,40133,1,1,0,1,1,2,2,19,530,9,3,2011,4,14,42,0,14,6,CAMPBELL AVE,MINORKA ST,0,32.15219722,-110.943566670,0,33,0,0,3,3,4,0,1,1,0,1,0,0000000,14,40,14,48,15,5,0,0,0,1,0
4,40134,2,2,0,0,0,4,4,19,530,20,3,2011,1,12,56,0,14,6,PANTANO RD,HAMPTON ST,0,32.24751944,-110.823952780,0,12,6,0,2,3,1,0,1,1,0,1,0,0000000,12,55,13,0,99,99,0,0,0,1,0
4,40135,1,1,0,0,0,1,1,13,290,25,3,2011,6,2,10,1,12,2,US-60,,1850,33.38636944,-111.740797220,0,24,0,1,18,1,4,0,3,1,0,1,0,0000000,2,10,2,16,88,88,0,0,0,1,1
4,40136,1,1,0,1,1,1,1,19,530,30,3,2011,4,16,8,0,14,6,ST MARYS RD,CHEROKEE AVE,0,32.22894444,-110.997200000,0,8,0,0,3,3,1,0,1,1,0,1,0,0000000,16,8,16,12,16,27,0,0,0,1,0
4,40138,1,1,0,0,0,2,2,3,0,28,3,2011,2,2,18,1,2,3,SR-90,,2920,31.93002500,-110.341313890,0,1,0,0,1,1,3,0,2,1,0,1,0,0000000,2,21,2,30,99,99,0,0,0,1,0
4,40139,2,2,0,1,1,3,3,1,0,2,3,2011,4,19,33,1,1,1,I-40,,3480,35.28271111,-109.215544440,3,8,0,0,1,1,1,0,2,1,0,1,0,0000000,99,99,99,99,88,88,0,0,0,1,0
4,40140,3,3,0,0,0,3,3,13,368,3,3,2011,5,4,59,0,16,6,NORTHERN AVE,,0,33.55089167,-112.303275000,0,12,6,0,1,1,1,0,2,1,0,1,0,0000000,5,2,5,8,6,7,0,0,0,1,0
4,40141,3,2,1,0,0,4,4,13,200,3,3,2011,5,2,5,0,15,6,GLENDALE AVE,,0,33.55114167,-112.334883330,0,12,1,0,1,1,1,0,2,1,0,1,0,0000000,2,8,2,19,99,99,0,0,0,1,1
4,40143,1,1,0,0,0,2,2,17,0,7,3,2011,2,3,56,0,4,2,US-160,BIA 59,4015,36.73262500,-110.098972220,3,38,0,0,3,3,5,0,3,10,0,10,0,0000000,99,99,4,7,88,88,0,0,0,2,1
4,40144,2,2,0,0,0,2,2,13,370,7,3,2011,2,15,52,0,15,6,MISSOURI AVE,12TH ST,0,33.51647500,-112.056255560,0,12,6,0,2,2,1,0,1,1,0,1,0,0000000,15,53,15,58,16,19,0,0,0,1,0
4,40146,2,2,0,0,0,2,2,13,370,10,3,2011,5,18,36,0,14,6,32ND ST,BROADWAY RD,0,33.40705833,-112.012613890,0,12,6,0,2,2,1,0,5,1,0,1,0,0000000,99,99,99,99,99,99,0,0,0,1,0
4,40147,1,1,0,1,1,1,1,13,370,10,3,2011,5,21,21,0,13,6,19TH AVE,,0,33.53895556,-112.099563890,0,8,0,0,1,1,1,0,3,1,0,1,0,0000000,21,22,21,27,21,54,0,0,0,1,0
4,40148,1,1,0,1,1,1,1,13,370,11,3,2011,6,6,49,0,13,6,INDIAN SCHOOL RD,,0,99.99990000,999.999900000,0,8,0,0,99,9,99,0,9,99,0,99,0,0000000,99,99,99,99,99,99,0,0,0,1,0
4,40149,2,2,0,0,0,2,2,13,370,12,3,2011,7,3,40,0,14,6,SOUTHERN AVE,,0,33.39221667,-112.104033330,0,12,2,0,1,1,1,0,3,1,0,1,0,0000000,3,42,3,45,4,10,0,0,0,1,0
4,40150,1,1,0,1,1,1,1,13,490,14,3,2011,2,6,31,0,15,6,HARDY DR,,0,33.37750556,-111.952475000,0,8,0,0,1,1,1,0,1,1,0,1,0,0000000,6,34,6,38,99,99,0,0,0,1,1
4,40152,1,1,0,0,0,2,2,21,0,19,3,2011,7,4,30,0,16,9,LEVEE RD,,0,99.99990000,999.999900000,3,35,0,0,1,1,4,0,4,1,0,1,0,0000000,6,5,6,15,88,88,0,0,0,2,1
4,40153,1,1,0,0,0,2,2,9,0,20,3,2011,1,5,29,0,3,2,US-70,,2864,33.21987500,-110.219894440,3,1,0,0,1,1,6,0,2,1,0,1,0,0000000,5,29,99,99,99,99,0,0,0,1,1
4,40155,1,1,0,0,0,1,1,21,0,21,3,2011,2,17,58,0,3,3,SR-347,,1840,33.19444167,-111.997141670,3,38,0,0,1,1,5,0,1,2,0,2,0,0000000,17,58,99,99,88,88,0,0,0,1,1
4,40156,1,1,0,0,0,3,3,17,0,22,3,2011,3,16,51,0,4,2,US-163,,4107,36.92100000,-110.227452780,3,1,0,0,1,1,4,0,1,1,0,1,0,0000000,99,99,99,99,99,99,0,0,0,1,1
4,40157,3,3,0,0,0,3,3,13,0,25,3,2011,6,20,16,0,4,9,BELTLINE RD,,0,33.25108056,-112.124163890,3,12,8,0,1,1,1,0,2,1,0,1,0,0000000,20,16,20,24,88,88,0,0,0,1,0
4,40158,2,2,0,0,0,3,3,13,370,25,3,2011,6,5,59,0,6,6,DIXILETA DR,23RD AVE,0,33.75654722,-112.125691670,0,12,6,0,3,2,1,0,2,1,0,1,0,0000000,5,56,6,7,99,99,0,0,0,1,0
4,40159,1,1,0,0,0,7,7,19,0,26,3,2011,7,12,31,1,1,1,I-19,,539,32.06315000,-110.992769440,3,1,0,0,1,1,3,0,1,1,0,1,0,0000000,12,35,12,44,13,37,0,0,0,1,0
4,40160,2,2,0,0,0,4,4,13,370,26,3,2011,7,16,48,0,13,6,BELL RD,43RD AVE,0,33.63933056,-112.151805560,0,12,6,0,2,2,1,0,1,1,0,1,0,0000000,16,48,16,51,17,23,0,0,0,1,0
4,40161,1,1,0,0,0,1,1,13,370,27,3,2011,1,12,18,0,14,6,BUCKEYE RD,,0,99.99990000,999.999900000,0,33,0,0,1,1,4,0,1,99,0,99,0,0000000,99,99,99,99,88,88,0,0,0,1,1
4,40162,1,1,0,0,0,1,1,1,0,29,3,2011,3,6,16,0,4,2,US-191,,4088,35.66857778,-109.550552780,3,1,0,0,1,1,4,0,2,1,0,1,0,0000000,6,16,6,28,88,88,0,0,0,1,1
4,40163,1,1,0,0,0,3,3,13,200,30,3,2011,4,19,9,0,14,6,67TH AVE,,0,33.53488889,-112.203077780,0,5,0,0,1,1,1,0,6,1,0,1,0,0000000,99,99,99,99,99,99,0,0,0,1,0
4,40164,2,2,0,1,1,2,2,13,370,30,3,2011,4,19,9,0,14,6,MCDOWELL RD,,0,33.46595000,-112.190194440,0,8,0,0,1,1,1,0,3,1,0,1,0,0000000,19,9,19,13,88,88,14,0,0,1,0
4,40165,1,1,0,1,1,1,1,17,0,25,1,2011,3,18,31,0,4,8,BIA 59,,0,36.53301944,-110.033569440,3,8,0,0,1,1,1,0,3,1,0,1,0,0000000,99,99,18,57,99,99,0,0,0,1,0
4,40166,2,2,0,0,0,2,2,13,486,1,4,2011,6,10,49,1,13,3,SR-303,US-60 CONNECTOR RD,191,33.67673333,-112.408044440,0,12,6,1,2,3,1,0,1,1,0,1,0,0000000,10,53,10,53,11,25,0,0,0,1,0
4,40167,3,3,0,0,0,5,5,19,530,1,4,2011,6,16,38,0,13,6,INA RD,LA CANADA DR,0,32.33713056,-110.995244440,0,12,6,0,2,2,1,0,1,1,0,1,0,0000000,16,48,16,54,17,34,20,0,0,1,0
4,40169,1,1,0,0,0,2,2,13,0,1,4,2011,6,23,51,0,15,9,EL MIRAGE RD,,0,33.67521111,-112.325891670,0,1,0,0,1,1,2,0,2,1,0,1,0,0000000,23,51,23,55,88,88,0,0,0,2,1
4,40170,1,1,0,0,0,2,2,19,530,2,4,2011,7,2,4,1,1,1,I-19,,500,32.00651389,-110.992094440,3,52,0,0,1,1,3,0,2,1,0,1,0,0000000,2,7,2,17,99,99,0,0,0,1,1
4,40171,1,1,0,1,1,4,4,13,290,2,4,2011,7,9,23,0,14,6,BROWN RD,GRAND,0,33.43513056,-111.835480560,0,15,0,0,3,3,1,0,1,1,0,1,0,0000000,9,23,9,27,88,88,0,0,0,1,0
4,40172,2,2,0,0,0,2,2,13,290,2,4,2011,7,15,44,0,16,6,GUADALUPE RD,,0,33.36445833,-111.620186110,0,12,7,0,1,1,1,0,1,10,0,10,0,0000000,15,44,15,47,16,30,0,0,0,1,2
4,40173,3,3,0,0,0,6,6,13,420,2,4,2011,7,16,9,1,12,3,SR-101,,492,33.47014722,-111.888183330,0,12,6,1,18,1,1,0,1,1,0,1,0,0000000,16,9,16,20,16,32,0,0,0,1,0
4,40174,2,2,0,0,0,4,4,25,0,3,4,2011,1,4,48,1,2,2,US-93,,1704,35.22201944,-112.295163890,0,12,2,0,1,1,1,0,2,1,0,1,0,0000000,4,52,5,19,99,99,0,0,0,1,0
4,40175,2,2,0,0,0,4,4,5,254,3,4,2011,1,23,10,0,4,3,SR-98,,3300,36.58367778,-111.106400000,3,12,2,0,1,1,1,0,2,1,0,1,0,0000000,23,10,23,42,99,99,0,0,0,1,1
4,40176,4,4,0,0,0,4,4,25,0,6,4,2011,4,11,20,0,4,3,SR-89A,,3348,34.69577778,-112.165502780,0,12,2,0,1,1,1,0,1,10,0,10,0,0000000,11,28,11,51,99,99,0,0,0,1,0
4,40177,1,1,0,0,0,1,1,21,110,7,4,2011,5,18,8,0,16,9,MCCRAY RD,,0,32.98713056,-111.575933330,0,44,0,0,1,1,1,0,1,1,0,1,0,0000000,18,8,99,99,99,99,0,0,0,1,0
4,40178,1,1,0,0,0,2,2,13,0,9,4,2011,7,0,21,1,11,1,I-10,,1122,33.42957778,-112.635266670,0,59,0,1,19,1,4,0,2,2,0,2,0,0000000,0,30,1,5,88,88,0,0,0,2,0
4,40179,1,1,0,0,0,2,2,21,297,9,4,2011,7,0,45,0,6,9,COWTOWN RD,,0,33.01776944,-111.986388890,0,30,0,0,1,1,4,0,2,10,0,10,0,0000000,0,57,1,9,99,99,0,0,0,1,1
4,40180,2,2,0,0,0,4,4,5,0,9,4,2011,7,3,19,1,1,1,I-40,,2099,35.20125000,-111.429400000,0,12,2,0,1,1,1,0,2,10,4,4,0,0000000,3,24,3,45,88,88,0,0,0,2,1
4,40182,1,1,0,0,0,1,1,7,0,12,4,2011,3,2,8,0,3,2,US-60,,2419,33.38030278,-110.899769440,0,35,0,0,1,1,4,0,2,10,0,10,0,0000000,2,14,2,18,88,88,0,0,0,1,1
4,40183,2,2,0,0,0,2,2,19,530,12,4,2011,3,6,23,1,13,6,MIRACLE MILE,,0,32.26129722,-110.996502780,0,12,6,0,8,1,1,0,4,10,0,10,0,0000000,6,20,6,27,6,40,0,0,0,1,0
4,40184,2,2,0,0,0,5,5,13,190,14,4,2011,5,8,12,0,13,6,POWER RD,GALVESTON RD,0,33.31440833,-111.686838890,0,1,0,0,2,2,1,0,1,1,0,1,0,0000000,99,99,99,99,88,88,0,0,0,1,0
4,40185,2,2,0,0,0,7,7,21,0,15,4,2011,6,17,0,0,6,9,TANK RD,,0,99.99990000,999.999900000,0,12,2,0,1,1,1,0,1,1,0,1,0,0000000,17,8,17,23,99,99,0,0,0,1,0
4,40186,1,1,0,0,0,2,2,21,22,15,4,2011,6,21,12,0,15,6,MCKELLIPS DR,MERIDIAN DR,0,33.45129722,-111.580613890,0,59,0,0,3,3,4,0,2,1,0,1,0,0000000,21,13,21,20,99,99,0,0,0,1,0
4,40187,3,1,2,0,0,1,1,13,80,17,4,2011,1,3,15,0,16,6,IOWA ST,,0,33.33436389,-111.849983330,0,1,0,0,1,1,1,0,3,1,0,1,0,0000000,3,14,3,20,88,88,20,0,0,1,1
4,40188,3,3,0,0,0,4,4,7,0,17,4,2011,1,13,7,0,4,3,SR-87,,2727,34.42110833,-111.508050000,0,12,2,0,1,1,1,0,1,1,0,1,0,0000000,13,7,13,15,99,99,0,0,0,1,0
4,40189,1,1,0,1,1,2,2,13,370,18,4,2011,2,2,11,1,11,1,I-10,,1457,33.46149722,-112.076969440,0,8,0,1,18,1,1,0,3,1,0,1,0,0000000,2,11,2,21,99,99,0,0,0,1,0
4,40190,1,1,0,1,1,1,1,19,530,19,4,2011,3,20,31,0,14,6,FORT LOWELL RD,,0,32.26493611,-110.931733330,0,8,0,0,1,1,1,0,2,1,0,1,0,0000000,20,30,20,36,20,52,0,0,0,1,0
4,40191,2,2,0,0,0,2,2,19,530,21,4,2011,5,16,31,1,13,6,HOUGHTON RD,VALENCIA RD,0,32.11896389,-110.772722220,0,12,6,0,2,2,1,0,1,1,0,1,0,0000000,16,31,99,99,99,99,0,0,0,1,0
4,40192,1,1,0,0,0,1,1,19,530,23,4,2011,7,17,40,1,12,6,GOLF LINKS RD,,0,32.19466389,-110.899022220,0,33,0,0,1,1,3,0,5,10,0,10,0,0000000,17,37,17,45,17,58,0,0,0,1,1
4,40193,1,1,0,0,0,1,1,7,0,24,4,2011,1,10,3,0,3,3,SR-77,,1629,33.26783333,-110.767616670,0,42,0,0,1,1,5,0,1,1,0,1,0,0000000,10,0,10,18,88,88,0,0,0,1,0
4,40195,4,4,0,0,0,4,4,13,290,27,4,2011,4,17,23,1,12,2,US-60,,1779,33.38591667,-111.867519440,0,12,1,0,1,1,1,0,1,1,0,1,0,0000000,17,23,17,35,18,10,0,0,0,1,0
4,40196,2,2,0,0,0,2,2,13,290,28,4,2011,5,22,9,0,15,6,SIGNAL BUTTE RD,GROVE AVE,0,33.38852500,-111.598133330,0,12,6,0,2,2,1,0,3,1,0,1,0,0000000,22,12,22,14,22,52,0,0,0,1,1
4,40200,1,1,0,0,0,3,3,13,370,3,4,2011,1,22,35,0,14,6,16TH ST,,0,33.48408611,-112.047655560,0,30,0,0,1,1,4,0,3,1,0,1,0,0000000,22,36,22,41,22,50,0,0,0,1,1
4,40201,1,1,0,0,0,1,1,13,486,18,4,2011,2,17,50,0,16,6,BULLARD AVE,GREENWAY RD,0,33.62379444,-112.376608330,0,46,0,0,2,2,4,0,1,1,0,1,0,0000000,17,52,18,3,18,43,0,0,0,1,0
4,40202,1,1,0,0,0,1,1,12,0,27,4,2011,4,10,34,0,4,9,SALOME RD,,0,33.73321944,-113.523555560,0,1,0,0,1,1,4,0,1,1,0,1,0,0000000,10,34,10,50,88,88,0,0,0,1,0
4,40203,2,2,0,0,0,2,2,13,370,10,4,2011,1,12,4,0,13,6,INDIAN SCHOOL RD,16TH ST,0,33.49472222,-112.047638890,0,12,6,0,2,2,1,0,1,1,0,1,0,0000000,12,6,12,9,12,30,0,0,0,1,0
4,40204,1,1,0,1,1,1,1,13,0,3,3,2011,5,21,25,0,13,9,POWER RD,,0,33.34336389,-111.687269440,0,8,0,0,1,1,1,0,2,1,0,1,0,0000000,99,99,99,99,99,99,0,0,0,1,0
4,40205,2,2,0,0,0,3,3,13,0,23,4,2011,7,18,8,0,4,9,SALOME HWY,BASELINE RD,0,33.37750556,-112.771588890,0,12,6,0,2,3,1,0,1,1,0,1,0,0000000,99,99,99,99,99,99,0,0,0,2,1
4,40206,1,1,0,0,0,1,1,13,0,1,5,2011,1,0,39,1,1,1,I-10,,710,33.56566944,-113.329436110,0,34,0,0,1,1,4,0,2,1,0,1,0,0000000,0,33,0,50,88,88,0,0,0,1,0
4,40207,2,2,0,0,0,2,2,13,370,1,5,2011,1,1,54,0,13,6,BASELINE RD,48TH ST,0,33.37825000,-111.978600000,0,12,1,0,3,2,1,0,3,1,0,1,0,0000000,1,55,1,59,2,20,0,0,0,1,1
4,40208,1,1,0,0,0,1,1,3,0,1,5,2011,1,12,30,0,4,2,US-191,,305,31.77258611,-109.690763890,0,1,0,0,1,1,4,0,1,1,0,1,0,0000000,12,38,13,0,88,88,0,0,0,1,0
4,40209,2,2,0,0,0,7,7,5,0,1,5,2011,1,18,7,1,2,2,US-89,,4732,35.96674722,-111.396375000,3,12,1,0,1,1,2,0,1,1,0,1,0,0000000,18,10,18,24,99,99,0,0,0,1,1
4,40210,1,1,0,2,2,2,2,17,565,5,5,2011,5,14,23,0,6,6,SUMAC,ALCHESAY,0,33.85127778,-109.965119440,3,33,0,0,3,3,4,0,1,1,0,1,0,0000000,88,88,88,88,88,88,0,0,0,1,1
4,40211,2,2,0,0,0,3,3,21,22,6,5,2011,6,13,2,0,16,6,SAN MARCOS DR,TEPEE ST,0,33.42957778,-111.554758330,0,12,6,0,2,2,1,0,1,1,0,1,0,0000000,13,6,99,99,88,88,0,0,0,1,0
4,40212,2,2,0,1,1,8,8,13,370,7,5,2011,7,21,27,1,12,3,SR-143,,28,33.44087222,-111.979986110,0,8,0,0,1,1,1,0,2,1,0,1,0,0000000,21,31,21,38,88,88,0,0,0,1,0
4,40213,1,1,0,0,0,2,2,19,530,8,5,2011,1,3,30,1,11,1,I-10,,2673,32.13234444,-110.885736110,0,24,0,0,1,1,3,1,2,1,0,1,0,0000000,88,88,88,88,88,88,0,0,0,2,1
4,40214,1,1,0,2,2,1,1,13,420,8,5,2011,1,9,56,0,13,6,SCOTTSDALE RD,,0,33.51880278,-111.925900000,0,33,0,0,1,1,4,0,1,1,0,1,0,0000000,9,56,9,56,10,25,0,0,0,2,0
4,40215,2,2,0,0,0,2,2,19,530,8,5,2011,1,21,26,0,15,6,WILMOT RD,I-10 FRONTAGE RD,0,32.11396667,-110.858016670,0,12,6,1,2,2,1,0,3,1,0,1,0,0000000,21,25,21,31,21,52,0,0,0,1,0
4,40216,1,1,0,0,0,1,1,13,80,11,5,2011,4,22,33,0,16,6,ERIE ST,,0,33.30975278,-111.846344440,0,18,0,0,1,1,4,0,3,1,0,1,0,0000000,22,33,22,37,88,88,0,0,0,1,0
4,40218,2,2,0,0,0,3,3,25,0,12,5,2011,5,22,7,1,1,1,I-17,,2582,34.26783889,-112.111422220,0,12,2,0,1,1,1,0,2,1,0,1,0,0000000,22,11,22,26,99,99,0,0,0,2,1
4,40219,1,1,0,0,0,1,1,13,490,13,5,2011,6,8,55,1,11,1,I-10,,1545,33.40056111,-111.967588890,0,42,0,0,1,1,4,0,1,1,0,1,0,0000000,8,55,9,5,88,88,0,0,0,1,0
4,40220,3,3,0,0,0,4,4,25,0,13,5,2011,6,10,37,1,2,2,US-93,,1747,34.19895278,-113.060380560,0,12,6,0,1,1,1,0,1,1,0,1,0,0000000,10,42,11,6,99,99,0,0,0,1,0
4,40221,2,2,0,0,0,2,2,19,0,14,5,2011,7,2,50,1,1,1,I-10,,2760,32.05731389,-110.766658330,0,12,2,0,1,1,1,0,2,1,0,1,0,0000000,2,50,2,55,99,99,0,0,0,1,1
4,40223,1,1,0,0,0,2,2,13,290,14,5,2011,7,13,17,1,12,2,US-60,,1790,33.38605556,-111.847319440,0,1,0,0,1,1,2,0,1,1,0,1,0,0000000,13,17,13,19,13,46,0,0,0,1,0