STATE,ST_CASE,VE_TOTAL,VE_FORMS,PVH_INVL,PEDS,PERNOTMVIT,PERMVIT,PERSONS,COUNTY,CITY,DAY,MONTH,YEAR,DAY_WEEK,HOUR,MINUTE,NHS,ROAD_FNC,ROUTE,TWAY_ID,TWAY_ID2,MILEPT,LATITUDE,LONGITUD,SP_JUR,HARM_EV,MAN_COLL,RELJCT1,RELJCT2,TYP_INT,REL_ROAD,WRK_ZONE,LGT_COND,WEATHER1,WEATHER2,WEATHER,SCH_BUS,RAIL,NOT_HOUR,NOT_MIN,ARR_HOUR,ARR_MIN,HOSP_HR,HOSP_MN,CF1,CF2,CF3,FATALS,DRUNK_DR
4,40224,1,1,0,0,0,1,1,21,0,14,5,2011,7,15,31,0,3,2,US-60,,2283,33.30383611,-111.085533330,0,52,0,0,1,1,4,0,1,1,0,1,0,0000000,15,37,15,38,88,88,0,0,0,1,1
4,40225,1,1,0,0,0,1,1,19,530,14,5,2011,7,18,31,0,14,6,SPEEDWAY BLVD,,0,32.23553611,-110.987513890,0,33,0,0,1,1,3,0,1,1,0,1,0,0000000,18,28,18,34,18,44,0,0,0,1,0
4,40226,1,1,0,0,0,4,4,19,0,15,5,2011,1,13,7,1,1,1,I-19,,554,32.08493333,-110.993027780,3,1,0,0,1,1,3,0,1,1,0,1,0,0000000,13,10,13,20,99,99,0,0,0,2,0
4,40227,1,1,0,0,0,1,1,13,370,16,5,2011,2,3,4,0,16,6,HIGHLAND AVE,SR-51 RAMP,0,33.50560556,-112.044355560,0,25,0,1,3,3,4,0,3,1,0,1,0,0000000,99,99,99,99,88,88,0,0,0,1,1
4,40228,2,2,0,0,0,2,2,13,368,18,5,2011,4,17,52,0,4,3,SR-74,,210,33.82785278,-112.279813890,0,12,2,0,1,1,1,0,1,1,0,1,0,0000000,17,53,18,0,99,99,0,0,0,1,1
4,40229,1,1,0,1,1,2,2,13,290,18,5,2011,4,18,59,0,13,6,MCKELLIPS RD,,0,33.45152222,-111.814686110,0,9,0,0,1,1,1,0,1,10,0,10,0,0000000,18,59,99,99,88,88,0,0,0,1,0
4,40230,1,1,0,0,0,4,4,5,170,19,5,2011,5,1,27,1,11,1,I-40,,1980,35.18945556,-111.626305560,0,1,0,0,1,1,3,0,2,1,0,1,0,0000000,1,27,1,27,2,1,19,0,0,1,0
4,40231,1,1,0,0,0,1,1,21,0,19,5,2011,5,10,46,0,4,9,THORNTON RD,,0,32.83647222,-111.774516670,0,41,0,0,1,1,4,0,1,10,0,10,0,0000000,88,88,88,88,88,88,0,0,0,1,0
4,40232,2,2,0,0,0,2,2,19,530,22,5,2011,1,10,3,0,16,6,6TH ST,,0,32.22794444,-110.929252780,0,12,6,0,8,1,1,0,1,1,0,1,0,0000000,10,2,10,6,10,17,0,0,0,1,0
4,40233,2,2,0,0,0,3,3,13,290,23,5,2011,2,14,34,0,13,3,SR-87,MCLELLAN RD,1762,33.44416111,-111.839819440,0,12,6,0,2,2,1,0,1,1,0,1,0,0000000,99,99,99,99,99,99,0,0,0,1,1
4,40234,1,1,0,0,0,1,1,21,0,26,5,2011,5,8,40,0,3,2,US-60,,2196,33.27280000,-111.215966670,0,1,0,0,1,1,1,0,1,1,0,1,0,0000000,8,45,8,55,88,88,0,0,0,1,0
4,40235,4,4,0,0,0,7,7,13,570,26,5,2011,5,17,25,0,4,3,SR-74,,23,33.85902222,-112.596055560,0,12,1,0,8,1,1,0,1,1,0,1,0,0000000,17,25,17,40,99,99,0,0,0,1,0
4,40236,1,1,0,1,1,1,1,21,70,28,5,2011,7,18,0,0,13,6,FLORENCE BLVD,BROWN AVE,0,32.87955556,-111.745291670,0,15,0,0,3,3,1,0,1,1,0,1,0,0000000,99,99,99,99,88,88,0,0,0,1,0
4,40237,1,1,0,0,0,3,3,21,297,28,5,2011,7,23,37,0,6,9,PORTER RD,,0,33.02345278,-112.013725000,0,1,0,0,1,1,4,0,2,1,0,1,0,0000000,23,37,23,57,99,99,0,0,0,2,0
4,40238,1,1,0,0,0,1,1,7,0,30,5,2011,2,11,6,0,4,3,SR-87,,2620,34.31965000,-111.414791670,0,41,0,0,1,1,4,0,1,1,0,1,0,0000000,11,6,11,20,88,88,0,0,0,1,0
4,40239,2,2,0,1,1,1,1,19,530,30,5,2011,2,16,59,0,16,6,MISSIONDALE RD,,0,32.12607500,-110.969058330,0,8,0,0,4,1,4,0,1,1,0,1,0,0000000,99,99,99,99,99,99,0,0,0,1,0
4,40240,1,1,0,0,0,1,1,21,70,31,5,2011,3,12,34,1,1,1,I-10,,1963,32.85944444,-111.686955560,0,1,0,0,1,1,3,0,1,1,0,1,0,0000000,12,34,12,42,88,88,0,0,0,1,0
4,40241,2,2,0,0,0,3,3,13,200,25,5,2011,4,5,29,0,14,6,83RD AVE,,0,33.51635833,-112.237675000,0,12,2,0,1,1,1,0,4,1,0,1,0,0000000,5,29,99,99,99,99,0,0,0,1,0
4,40242,2,2,0,0,0,3,3,21,70,5,5,2011,5,10,36,0,14,3,SR-387,VAL VISTA BLVD,18,32.96740278,-111.756844440,0,12,6,0,2,2,1,0,1,1,0,1,0,0000000,99,99,99,99,88,88,0,0,0,1,0
4,40243,2,2,0,0,0,3,3,13,486,12,5,2011,5,14,36,0,13,6,BELL RD,EL MIRAGE RD,0,33.63871667,-112.324800000,0,12,2,0,2,2,1,0,1,1,0,1,0,0000000,99,99,99,99,99,99,0,0,0,1,0
4,40245,2,2,0,1,1,4,4,13,370,14,5,2011,7,19,16,0,13,6,7TH ST,PERDUE ST,0,33.57405556,-112.065186110,0,9,0,0,3,3,1,0,5,1,0,1,0,0000000,19,17,19,18,19,35,14,0,0,1,0
4,40246,1,1,0,1,1,1,1,13,370,2,4,2011,7,0,49,0,13,6,INDIAN SCHOOL RD,10TH PL,0,33.49471667,-112.059683330,0,8,0,0,2,3,1,0,3,1,0,1,0,0000000,0,50,0,53,88,88,0,0,0,1,1
4,40247,2,2,0,0,0,2,2,13,370,8,4,2011,6,23,43,1,11,1,I-10,,1479,33.45189444,-112.037494440,0,12,1,0,1,1,1,0,3,10,0,10,0,0000000,23,50,23,52,0,24,0,0,0,1,0
4,40248,2,2,0,0,0,2,2,13,490,6,4,2011,4,14,6,1,12,3,SR-202,,87,33.43591389,-111.909575000,0,12,1,0,1,1,1,0,1,10,0,10,0,0000000,14,6,14,17,99,99,0,0,0,1,0
4,40249,1,1,0,1,1,2,2,1,0,12,2,2011,7,20,20,0,4,2,US-191,,4488,36.17371111,-109.587991670,3,8,0,0,1,1,1,0,6,1,0,1,0,0000000,99,99,99,99,99,99,0,0,0,1,0
4,40250,2,1,1,0,1,2,3,21,0,22,2,2011,3,14,17,0,6,9,HORSESHOE RD,,0,33.09310556,-111.918377780,0,45,0,0,1,1,1,4,1,1,0,1,0,0000000,99,99,99,99,99,99,0,0,0,1,1
4,40251,1,1,0,0,0,2,2,17,0,14,3,2011,2,19,15,0,6,8,BIA 41,,0,99.99990000,999.999900000,3,99,99,0,99,9,99,0,6,99,0,99,0,0000000,99,99,99,99,99,99,0,0,0,1,0
4,40252,2,2,0,0,0,3,3,21,0,23,3,2011,4,15,51,0,6,8,GILBERT RD,,0,33.17215000,-111.789580560,3,12,7,0,1,1,1,0,1,1,0,1,0,0000000,15,51,16,1,88,88,14,0,0,1,0
4,40253,1,1,0,0,0,1,1,17,0,4,4,2011,2,10,19,1,1,1,I-40,,2657,34.97315556,-110.509561110,0,1,0,0,1,1,3,0,1,1,0,1,0,0000000,10,21,10,32,88,88,0,0,0,1,0
4,40254,1,1,0,0,0,1,1,25,0,20,4,2011,4,17,14,0,3,3,SR-89A,,3661,34.83752222,-111.887175000,0,1,0,0,1,1,4,0,1,1,0,1,0,0000000,17,14,17,20,18,36,0,0,0,1,0
4,40255,1,1,0,0,0,2,2,17,0,6,4,2011,4,14,27,0,6,9,RIM RD,,0,34.10700833,-109.931388890,0,42,0,0,1,1,4,0,1,2,0,2,0,0000000,14,28,14,38,99,99,20,0,0,1,1
4,40256,2,2,0,0,0,2,2,13,0,18,4,2011,2,13,7,0,16,9,TANGLEWOOD DR,YOSEMITE DR,0,33.67118333,-112.387250000,0,12,6,0,2,2,1,0,1,1,0,1,0,0000000,13,7,13,17,99,99,0,0,0,1,0
4,40258,1,1,0,0,0,3,3,1,0,21,4,2011,5,13,5,0,6,8,BIA 7,,0,36.04928611,-109.375191670,3,35,0,0,1,1,4,0,1,1,0,1,0,0000000,99,99,99,99,99,99,0,0,0,1,1
4,40259,2,2,0,0,0,3,3,13,370,21,4,2011,5,22,16,0,13,6,7TH ST,INDIAN SCHOOL RD,0,33.49470000,-112.065041670,0,12,6,0,2,2,1,0,3,1,0,1,0,0000000,22,18,22,21,22,37,0,0,0,1,0
4,40260,1,1,0,1,1,1,1,5,316,22,4,2011,6,23,17,0,3,3,SR-264,,3220,36.11878611,-111.228569440,3,8,0,0,1,1,1,0,2,10,0,10,0,0000000,99,99,99,99,88,88,0,0,0,1,0
4,40261,1,1,0,0,0,1,1,7,0,24,4,2011,1,3,5,0,4,8,BIA 6,,0,33.36316667,-110.624758330,3,42,0,0,1,1,4,0,6,1,0,1,0,0000000,99,99,99,99,88,88,0,0,0,1,1
4,40262,2,2,0,0,0,3,3,13,200,26,4,2011,3,17,59,0,13,6,59TH AVE,,0,33.55990000,-112.186225000,0,12,1,0,1,1,1,0,1,1,0,1,0,0000000,18,4,18,8,18,40,0,0,0,1,0
4,40263,1,1,0,0,0,1,1,7,0,26,4,2011,3,3,23,0,6,8,WEST ST,,0,33.78888889,-110.026388890,3,1,0,0,1,1,4,0,2,1,0,1,0,0000000,3,23,3,34,88,88,0,0,0,1,0
4,40264,2,2,0,0,0,4,4,13,30,29,4,2011,6,19,32,0,15,6,AVONDALE BLVD,VAN BUREN ST,0,33.44969722,-112.306558330,0,12,6,0,2,2,1,0,3,1,0,1,0,0000000,99,99,99,99,99,99,0,0,0,1,0
4,40265,2,2,0,1,1,3,3,13,200,5,5,2011,5,21,31,0,13,6,59TH AVE,,0,33.61595000,-112.185816670,0,8,0,0,1,1,1,0,3,1,0,1,0,0000000,21,31,21,34,88,88,23,0,0,1,0
4,40266,1,1,0,0,0,1,1,1,9999,10,5,2011,3,21,24,0,4,8,BIA 12,,0,99.99990000,999.999900000,3,1,0,0,99,9,99,0,6,99,0,99,0,0000000,99,99,99,99,99,99,0,0,0,1,0
4,40267,1,1,0,1,1,1,1,13,370,13,5,2011,6,21,49,0,15,6,DOBBINS RD,,0,33.36319167,-112.109761110,0,8,0,0,1,1,1,0,3,1,0,1,0,0000000,21,50,21,56,22,25,0,0,0,1,0
4,40268,1,1,0,1,1,2,2,13,0,15,5,2011,1,22,24,0,15,9,LITCHFIELD RD,,0,33.56723333,-112.359002780,0,8,0,0,1,1,1,0,2,1,0,1,0,0000000,99,99,99,99,99,99,0,0,0,1,0
4,40269,1,1,0,1,1,1,1,13,30,16,5,2011,2,12,49,0,15,6,VAN BUREN ST,,0,33.44992778,-112.291419440,0,9,0,0,1,1,2,0,1,1,0,1,0,0000000,12,54,12,57,88,88,0,0,0,1,1
4,40270,2,2,0,0,0,5,5,21,0,17,5,2011,3,17,32,0,5,9,KINGS RANCH RD,DESERT DAWN DR,0,33.36599167,-111.432891670,0,1,0,0,2,3,1,0,1,1,0,1,0,0000000,17,36,99,99,88,88,14,0,0,1,0
4,40271,2,2,0,0,0,4,4,21,0,20,5,2011,6,23,50,0,3,3,SR-347,,1776,33.11303056,-112.023138890,0,12,7,0,1,1,1,0,2,1,0,1,0,0000000,23,52,0,1,1,0,0,0,0,1,1
4,40272,2,2,0,0,0,2,2,13,290,25,5,2011,4,12,21,0,14,6,UNIVERSITY DR,SIGNAL BUTTE RD,0,33.42229722,-111.598027780,0,12,2,0,3,2,1,0,1,1,0,1,0,0000000,12,21,12,26,99,99,0,0,0,1,0
4,40274,3,3,0,0,0,3,3,13,370,27,5,2011,6,22,53,0,13,6,THOMAS RD,79TH AVE,0,33.48004167,-112.227019440,0,33,0,0,8,1,3,0,3,1,0,1,0,0000000,22,53,22,55,99,99,0,0,0,1,0
4,40275,1,1,0,0,0,1,1,13,0,28,5,2011,7,17,22,1,1,1,I-8,,965,32.89107500,-113.055900000,0,35,0,0,1,1,4,0,1,1,0,1,0,0000000,17,27,17,47,19,10,0,0,0,1,0
4,40276,2,2,0,0,0,5,5,13,370,29,5,2011,1,21,15,0,13,6,19TH AVE,,0,33.60051111,-112.100347220,0,12,2,0,1,1,1,0,3,1,0,1,0,0000000,21,17,21,20,99,99,0,0,0,1,1
4,40277,1,1,0,0,0,4,4,3,0,30,5,2011,2,18,19,0,16,6,RAILROAD AVE,ARIZONA AVE,0,32.24263889,-109.837558330,0,31,0,0,3,3,4,0,1,1,0,1,0,0000000,18,23,18,27,99,99,0,0,0,1,0
4,40278,2,2,0,0,0,3,3,21,0,29,4,2011,6,12,40,1,2,3,SR-87,GILBERT RD,1557,33.17010278,-111.793055560,3,12,6,0,2,2,1,0,1,1,0,1,0,0000000,12,40,12,50,99,99,0,0,0,1,0
4,40279,2,2,0,0,0,4,4,19,0,22,2,2011,3,16,14,0,14,9,CARDINAL AVE,TUCKER ST,0,32.12618611,-111.028986110,0,12,1,0,3,3,1,0,1,1,0,1,1,0000000,16,17,16,21,99,99,0,0,0,1,0
4,40281,1,1,0,1,1,1,1,25,120,1,6,2011,4,20,55,0,14,3,SR-260,,2060,34.71794722,-112.001366670,0,8,0,0,1,1,1,0,3,1,0,1,0,0000000,20,55,21,1,88,88,0,0,0,1,0
4,40282,2,2,0,0,0,3,3,19,0,2,6,2011,5,9,52,0,5,9,WHITEHOUSE CANYON RD,,0,31.83365000,-110.940297220,0,42,0,0,1,1,4,0,1,1,0,1,0,0000000,9,57,10,11,99,98,0,0,0,1,0
4,40283,2,2,0,0,0,2,2,13,0,2,6,2011,5,13,57,0,15,9,R H JOHNSON BLVD,TRIAL RIDGE DR,0,33.66587500,-112.364833330,0,12,6,0,2,2,1,0,1,1,0,1,0,0000000,99,99,99,99,88,88,0,0,0,1,1
4,40285,1,1,0,0,0,1,1,19,530,4,6,2011,7,17,10,0,4,9,RITA RD,,0,32.09857222,-110.802827780,0,18,0,0,6,1,1,0,1,1,0,1,0,741299S,17,11,17,18,18,0,0,0,0,1,0
4,40286,2,2,0,0,0,6,6,21,180,4,6,2011,7,19,2,0,4,9,HUNT HWY,,0,33.07687222,-111.487111110,0,12,6,0,1,1,1,0,2,1,0,1,0,0000000,19,9,19,13,99,99,0,0,0,1,0
4,40287,4,4,0,0,0,4,4,19,530,5,6,2011,1,7,44,0,14,6,COUNTRY CLUB RD,PIMA ST,0,32.24371389,-110.926819440,0,12,2,0,3,2,1,0,1,1,0,1,0,0000000,7,43,7,48,7,59,0,0,0,1,1
4,40288,2,2,0,0,0,3,3,25,0,6,6,2011,2,10,33,1,1,1,I-40,,1252,35.29480556,-112.828302780,0,12,1,0,1,1,1,0,1,6,0,6,0,0000000,10,33,11,11,12,7,0,0,0,1,0
4,40289,2,2,0,0,0,3,3,25,82,7,6,2011,3,16,50,0,4,3,SR-89,,3242,34.70254444,-112.449625000,0,12,2,0,1,1,2,0,1,1,0,1,0,0000000,16,50,16,52,99,99,0,0,0,2,0
4,40290,3,3,0,0,0,4,4,13,368,11,6,2011,7,3,26,0,14,6,NORTHERN AVE,107TH AVE,0,33.55105278,-112.289800000,0,12,6,0,2,2,1,0,3,1,0,1,0,0000000,3,26,3,33,99,99,0,0,0,3,1
4,40291,1,1,0,0,0,1,1,13,0,11,6,2011,7,22,0,1,2,3,SR-87,,2098,33.75738889,-111.497416670,0,34,0,0,1,1,4,0,2,1,0,1,0,0000000,22,7,22,45,88,88,0,0,0,1,0
4,40292,2,2,0,0,0,2,2,25,0,11,6,2011,7,22,35,0,4,3,SR-89,BRAMBLE DR,3387,34.91055556,-112.460277780,0,12,2,0,2,2,1,0,2,1,0,1,0,0000000,22,35,22,41,23,55,0,0,0,2,0
4,40293,1,1,0,0,0,2,2,19,0,13,6,2011,2,5,31,1,11,1,I-19 RAMP,,558,32.10940278,-110.991544440,3,24,0,1,5,1,4,0,3,1,0,1,0,0000000,5,27,5,32,88,88,0,0,0,2,1
4,40294,1,1,0,0,0,1,1,13,0,16,6,2011,5,6,27,1,2,3,SR-87,,2161,33.83821389,-111.470191670,0,24,0,0,1,1,3,0,4,1,0,1,0,0000000,6,44,7,15,88,88,0,0,0,1,0
4,40295,1,1,0,1,1,1,1,13,190,16,6,2011,5,21,4,0,14,6,VAL VISTA DR,ELLIOT RD,0,33.35018333,-111.755719440,0,9,0,0,3,2,1,0,3,1,0,1,0,0000000,21,6,21,10,21,44,0,0,0,1,0
4,40297,2,2,0,0,0,3,3,13,370,18,6,2011,7,15,31,1,12,3,SR-51,,67,33.55414167,-112.038077780,0,12,7,0,1,1,1,0,1,1,0,1,0,0000000,15,31,15,36,15,50,0,0,0,1,0
4,40298,1,1,0,0,0,1,1,19,530,18,6,2011,7,17,10,0,13,6,PALO VERDE RD,,0,32.19513611,-110.909663890,0,33,0,0,1,1,4,0,1,1,0,1,0,0000000,17,5,17,7,17,30,0,0,0,1,1
4,40299,1,1,0,0,0,1,1,21,0,18,6,2011,7,17,44,0,3,3,SR-79,,1411,33.12740556,-111.360052780,0,1,0,0,1,1,4,0,1,1,0,1,0,0000000,17,40,17,52,18,54,0,0,0,1,1
4,40300,1,1,0,1,1,1,1,19,530,18,6,2011,7,22,8,1,11,1,I-19,,601,32.15243611,-110.986744440,0,9,0,0,1,1,1,0,2,1,0,1,0,0000000,22,59,23,0,88,88,0,0,0,1,0
4,40301,2,2,0,0,0,7,7,25,0,19,6,2011,1,12,52,1,1,1,I-17,,2617,34.31540000,-112.124172220,0,1,0,0,1,1,3,0,1,1,0,1,0,0000000,12,52,13,1,99,99,14,0,0,2,0
4,40302,1,1,0,0,0,2,2,11,0,19,6,2011,1,17,24,0,4,3,SR-78,,1700,33.06751389,-109.081275000,0,1,0,0,1,1,4,0,1,1,0,1,0,0000000,17,24,18,1,88,88,0,0,0,1,1
4,40303,1,1,0,0,0,3,3,25,0,22,6,2011,4,18,33,0,4,3,SR-89,,2976,34.42760833,-112.552888890,0,41,0,0,1,1,4,0,1,1,0,1,0,0000000,18,33,19,2,99,99,0,0,0,1,1
4,40304,3,3,0,0,0,4,4,13,490,23,6,2011,5,21,11,1,11,1,I-10,,1550,33.39274444,-111.967419440,0,12,1,0,1,1,1,0,3,1,0,1,0,0000000,21,11,21,33,21,42,23,0,0,1,0
4,40305,1,1,0,0,0,2,2,25,373,24,6,2011,6,13,28,0,14,6,GLASSFORD HILL RD,,0,34.60583611,-112.344894440,0,1,0,0,1,1,1,0,1,1,0,1,0,0000000,12,38,99,99,99,99,0,0,0,1,1
4,40306,3,3,0,0,0,3,3,13,290,24,6,2011,6,17,51,0,14,6,UNIVERSITY DR,84TH PL,0,33.42238333,-111.648936110,0,12,6,0,2,3,1,0,1,1,0,1,0,0000000,99,99,99,99,88,88,0,0,0,1,1
4,40308,2,2,0,0,0,5,5,19,0,26,6,2011,1,12,24,1,1,1,I-10,,2876,31.98914444,-110.593944440,0,12,7,0,1,1,1,0,1,1,0,1,0,0000000,12,27,12,42,88,88,0,0,0,2,0
4,40309,2,2,0,0,0,3,3,25,0,27,6,2011,2,10,5,1,1,1,I-17,,2804,34.53383333,-111.969736110,0,12,1,0,1,1,1,0,1,1,0,1,0,0000000,10,5,10,17,99,99,0,0,0,1,0
4,40310,1,1,0,0,0,3,3,7,0,27,6,2011,2,13,24,0,4,3,SR-87,,2645,34.35243889,-111.425041670,0,41,0,0,1,1,4,0,1,1,0,1,0,0000000,13,24,13,35,14,56,0,0,0,1,0
4,40311,1,1,0,0,0,1,1,1,0,27,6,2011,2,21,27,1,1,1,I-40,,3499,35.27993056,-109.180658330,0,1,0,0,1,1,3,0,2,1,0,1,0,0000000,21,17,21,32,88,88,0,0,0,1,0
4,40312,2,2,0,0,0,6,6,13,0,30,6,2011,5,1,28,1,1,1,I-10,,888,33.51565556,-113.039130560,0,32,0,0,1,1,3,0,2,1,0,1,0,0000000,1,30,1,49,99,99,0,0,0,1,0
4,40313,3,3,0,0,0,5,5,13,0,30,6,2011,5,3,6,1,1,1,I-10,,855,33.52404167,-113.091611110,0,12,1,0,1,1,1,0,2,1,0,1,0,0000000,3,6,3,25,99,99,19,0,0,2,0
4,40315,1,1,0,0,0,1,1,7,0,19,6,2011,1,12,2,0,4,3,SR-73,,3307,33.79389444,-110.076119440,3,1,0,0,1,1,1,0,1,1,0,1,0,0000000,12,2,12,11,99,99,0,0,0,1,1
4,40316,3,3,0,0,0,4,4,13,420,21,6,2011,3,10,22,0,13,6,PIMA RD,INDIAN BEND RD,0,33.53840833,-111.891525000,0,12,6,0,2,2,1,0,1,1,0,1,0,0000000,10,22,10,24,10,39,0,0,0,1,0
4,40317,1,1,0,0,0,1,1,25,82,24,6,2011,6,20,59,0,6,6,ROAD 1 WEST,,0,34.80018333,-112.465388890,0,30,0,0,1,1,4,0,2,1,0,1,0,0000000,21,5,21,20,22,0,0,0,0,1,1
4,40318,2,2,0,0,0,2,2,13,60,24,6,2011,6,4,30,1,13,3,SR-85,BASELINE RD,1510,33.37755833,-112.625055560,0,12,6,0,2,2,1,0,4,1,0,1,0,0000000,4,40,4,58,5,39,0,0,0,1,0
4,40319,1,1,0,0,0,2,2,1,0,1,6,2011,4,1,2,0,6,4,COUNTY RD 315,,0,99.99990000,999.999900000,3,1,0,0,1,1,98,0,6,99,0,99,0,0000000,99,99,1,15,88,88,0,0,0,1,0
4,40320,1,1,0,1,1,1,1,13,370,2,6,2011,5,6,16,0,16,6,LARKSPUR DR,32ND ST FRONTAGE,0,33.60098056,-112.013330560,0,9,0,0,2,2,1,0,1,1,0,1,0,0000000,6,16,99,99,99,99,0,0,0,1,0
4,40321,2,2,0,0,0,2,2,13,370,3,6,2011,6,10,43,0,14,6,32ND ST,,0,33.47911667,-112.012911110,0,1,0,0,1,1,1,1,1,1,0,1,0,0000000,10,43,99,99,88,88,14,0,0,1,0
4,40322,2,2,0,0,0,3,3,13,200,3,6,2011,6,18,29,0,16,6,67TH AVE,,0,33.51118333,-112.203175000,0,12,6,0,8,1,1,0,3,1,0,1,0,0000000,99,99,99,99,99,99,0,0,0,1,1
4,40323,1,1,0,0,0,1,1,1,0,4,6,2011,7,20,49,0,6,8,BIA 4,,0,99.99990000,999.999900000,3,35,0,0,1,1,4,0,6,99,0,99,0,0000000,99,99,99,99,88,88,0,0,0,1,1
4,40324,1,1,0,0,0,1,1,1,0,7,6,2011,3,18,22,0,6,9,MAIN ST,,0,99.99990000,999.999900000,0,34,0,0,1,1,4,0,1,1,0,1,0,0000000,18,32,19,3,88,88,0,0,0,1,1
4,40325,1,1,0,0,0,2,2,21,0,8,6,2011,4,20,54,0,6,9,ARIES RD,,0,99.99990000,999.999900000,0,5,0,0,1,1,1,0,2,1,0,1,0,0000000,20,57,21,21,22,27,0,0,0,1,1
4,40326,2,2,0,0,0,4,4,13,0,10,6,2011,6,10,10,0,13,9,BUCKEYE RD,,0,33.43670556,-112.244161110,0,12,2,0,1,1,1,0,1,1,0,1,0,0000000,10,10,10,14,11,5,0,0,0,1,0
4,40327,2,2,0,0,0,2,2,13,370,12,6,2011,1,5,8,0,14,6,BROADWAY RD,27TH AVE,0,33.40671389,-112.116355560,0,12,6,0,2,2,1,0,2,1,0,1,0,0000000,5,9,5,16,5,36,0,0,0,1,1
4,40328,1,1,0,0,0,4,4,5,0,14,6,2011,3,22,58,0,3,3,SR-264,,3500,35.90953056,-110.873566670,3,24,0,0,1,1,4,0,2,1,0,1,0,0000000,23,8,0,41,99,99,0,0,0,2,0
4,40329,1,1,0,0,0,2,2,12,0,16,6,2011,5,9,47,1,1,1,I-10,,376,33.64818889,-113.900402780,0,41,0,0,1,1,4,0,1,1,0,1,0,0000000,9,47,10,9,88,88,0,0,0,1,0
4,40330,1,1,0,0,0,1,1,17,0,17,6,2011,6,7,14,0,6,8,BIA ROUTE 6,,0,99.99990000,999.999900000,3,42,0,0,1,1,6,0,1,1,0,1,0,0000000,7,59,99,99,88,88,0,0,0,1,1
4,40331,1,1,0,1,1,1,1,13,370,17,6,2011,6,22,4,0,16,6,PUEBLO AVE,,0,33.40795278,-112.079152780,0,8,0,0,1,1,1,0,3,1,0,1,0,0000000,22,5,22,9,22,27,0,0,0,1,0
4,40332,1,1,0,0,0,2,2,5,428,1,7,2011,6,10,3,0,13,3,SR-179,,3111,34.83983056,-111.776266670,0,33,0,0,1,1,4,0,1,1,0,1,0,0000000,10,2,10,11,10,28,0,0,0,1,0
4,40333,1,1,0,0,0,1,1,21,0,1,7,2011,6,20,37,1,1,1,I-10,,1783,33.08752500,-111.818819440,3,41,0,0,1,1,3,0,2,1,0,1,0,0000000,20,40,20,46,21,54,0,0,0,1,0
4,40334,1,1,0,1,1,4,4,9,0,2,7,2011,7,20,37,0,3,2,US-191,,1180,99.99990000,999.999900000,3,8,0,0,1,1,1,0,2,1,0,1,0,0000000,20,37,20,41,20,50,0,0,0,1,0
4,40335,1,1,0,0,0,2,2,21,0,3,7,2011,1,14,2,0,4,8,SACATON RD,,0,33.06615278,-111.695938890,3,1,0,0,1,1,4,0,1,1,0,1,0,0000000,13,50,13,53,99,99,0,0,0,1,1
4,40336,1,1,0,0,0,1,1,13,0,4,7,2011,2,7,55,0,4,2,US-60,,972,33.94298056,-112.949336110,0,1,0,0,1,1,4,0,1,10,0,10,0,0000000,7,58,8,13,88,88,0,0,0,1,0
4,40337,2,2,0,0,0,4,4,5,0,4,7,2011,2,12,14,0,4,3,SR-87,,2934,34.56814722,-111.274288890,0,12,6,0,1,1,1,0,1,1,0,1,0,0000000,12,14,12,36,99,99,0,0,0,2,0
4,40338,1,1,0,0,0,2,2,5,0,5,7,2011,3,20,43,1,1,1,I-17,,3304,35.04194444,-111.685086110,0,1,0,0,1,1,3,0,2,10,0,10,0,0000000,20,44,20,52,21,21,0,0,0,2,0
4,40339,2,2,0,0,0,3,3,13,420,8,7,2011,6,21,30,0,13,6,PIMA RD,,0,33.46867500,-111.891927780,0,12,2,0,1,1,1,0,2,1,0,1,0,0000000,21,35,21,43,99,99,0,0,0,1,2
4,40340,1,1,0,0,0,1,1,13,0,9,7,2011,7,14,32,0,15,9,HUNT HWY,,0,33.20461667,-111.715227780,0,38,0,0,1,1,4,0,1,1,0,1,0,0000000,14,28,14,33,88,88,0,0,0,1,1
4,40341,1,1,0,0,0,3,3,5,0,10,7,2011,1,14,10,1,1,1,I-40,,1551,35.22326389,-112.322755560,0,35,0,0,1,1,3,0,1,2,0,2,0,0000000,14,11,14,21,99,99,0,0,0,1,0
4,40342,1,1,0,1,1,1,1,13,0,11,7,2011,2,99,99,1,1,1,I-10,,1670,33.22536667,-111.924694440,3,8,0,0,1,1,1,0,2,2,0,2,0,0000000,2,29,2,34,88,88,0,0,0,1,0
4,40343,1,1,0,0,0,3,3,21,0,12,7,2011,3,8,22,0,6,8,BIA 42,,0,32.54490000,-112.025438890,3,1,0,0,1,1,1,0,1,10,0,10,0,0000000,99,99,99,99,88,88,0,0,0,1,1
4,40344,1,1,0,1,1,3,3,1,0,12,7,2011,3,12,58,0,4,2,US-191,,4658,36.41083889,-109.607613890,3,8,0,0,1,1,1,0,1,10,0,10,0,0000000,12,58,13,20,99,99,0,0,0,1,0
4,40345,1,1,0,0,0,1,1,21,0,12,7,2011,3,19,36,1,1,1,I-10,,2004,32.80663056,-111.667186110,0,25,0,0,1,1,3,1,5,1,0,1,0,0000000,19,36,19,46,88,88,0,0,0,1,1
4,40346,1,1,0,0,0,1,1,21,70,13,7,2011,4,4,54,0,4,9,MARICOPA CASA GRANDE,,0,32.98097778,-111.925066670,0,32,0,0,1,1,4,0,1,1,0,1,0,0000000,4,54,5,13,88,88,0,0,0,1,0
4,40347,1,1,0,0,0,1,1,15,0,14,7,2011,5,18,49,1,1,1,I-40,,766,35.16040556,-113.617397220,0,35,0,0,1,1,4,0,1,1,0,1,0,0000000,18,49,19,19,88,88,0,0,0,1,0