STATE,ST_CASE,VE_TOTAL,VE_FORMS,PVH_INVL,PEDS,PERNOTMVIT,PERMVIT,PERSONS,COUNTY,CITY,DAY,MONTH,YEAR,DAY_WEEK,HOUR,MINUTE,NHS,ROAD_FNC,ROUTE,TWAY_ID,TWAY_ID2,MILEPT,LATITUDE,LONGITUD,SP_JUR,HARM_EV,MAN_COLL,RELJCT1,RELJCT2,TYP_INT,REL_ROAD,WRK_ZONE,LGT_COND,WEATHER1,WEATHER2,WEATHER,SCH_BUS,RAIL,NOT_HOUR,NOT_MIN,ARR_HOUR,ARR_MIN,HOSP_HR,HOSP_MN,CF1,CF2,CF3,FATALS,DRUNK_DR
4,40348,1,1,0,0,0,5,5,13,0,15,7,2011,6,8,59,1,1,1,I-10,,919,33.50436667,-112.975394440,0,1,0,0,1,1,3,0,1,1,0,1,0,0000000,8,59,9,20,10,32,0,0,0,1,1
4,40349,1,1,0,0,0,1,1,13,200,16,7,2011,7,2,58,1,12,3,SR-101,,68,33.53444722,-112.269472220,0,24,0,0,1,1,4,1,3,1,0,1,0,0000000,2,59,3,6,88,88,0,0,0,1,1
4,40350,1,1,0,0,0,2,2,21,70,16,7,2011,7,14,32,1,1,1,I-10,,1989,32.82192778,-111.684650000,0,1,0,1,18,1,1,1,1,1,0,1,0,0000000,14,32,14,45,99,99,0,0,0,1,0
4,40351,2,2,0,0,0,2,2,19,530,15,7,2011,6,20,30,1,11,1,I-10,,2579,32.22773056,-110.981975000,0,12,2,0,1,1,1,0,3,1,0,1,0,0000000,20,30,20,33,20,51,0,0,0,2,1
4,40353,1,1,0,0,0,2,2,5,0,17,7,2011,1,19,50,1,2,2,US-160,,3401,36.28799444,-110.994808330,3,1,0,0,1,1,4,0,2,10,2,2,0,0000000,19,55,20,5,99,99,0,0,0,1,1
4,40354,1,1,0,0,0,1,1,3,0,19,7,2011,3,9,55,1,1,1,I-10,,3109,31.98317222,-110.206152780,0,18,0,0,1,1,1,0,1,1,0,1,0,0000000,9,56,10,8,10,28,0,0,0,1,0
4,40356,2,2,0,0,0,2,2,13,290,20,7,2011,4,7,9,1,12,3,SR-202,,316,33.37199722,-111.646702780,0,12,1,0,1,1,1,0,1,1,0,1,0,0000000,7,9,7,14,88,88,14,0,0,1,0
4,40357,2,2,0,0,0,3,3,19,530,22,7,2011,6,23,15,0,14,9,IRVINGTON RD,JAMAICA WAY,0,32.15908333,-111.016619440,0,12,6,0,2,3,1,0,2,1,0,1,0,0000000,23,15,23,18,99,99,0,0,0,1,1
4,40358,1,1,0,0,0,2,2,13,0,25,7,2011,2,13,48,1,1,1,I-10,,758,33.55278611,-113.247919440,0,1,0,0,1,1,4,0,1,1,0,1,0,0000000,13,52,14,7,99,99,0,0,0,1,0
4,40359,1,1,0,0,0,2,2,1,0,28,7,2011,5,16,5,0,4,3,SR-260,,3881,34.09376389,-109.429213890,0,1,0,0,1,1,4,2,1,10,0,10,0,0000000,16,5,16,14,99,99,0,0,0,2,0
4,40360,1,1,0,0,0,3,3,13,80,29,7,2011,6,9,34,1,11,1,I-10,,1670,33.22521389,-111.924997220,3,1,0,0,1,1,2,0,1,1,0,1,0,0000000,9,34,9,36,10,6,0,0,0,1,0
4,40361,2,2,0,0,0,8,8,21,405,29,7,2011,6,17,17,0,4,9,SACATON RD,,0,33.09051667,-111.741675000,3,12,2,0,1,1,1,0,1,10,0,10,0,0000000,17,16,17,17,99,99,0,0,0,2,1
4,40362,2,2,0,0,0,2,2,13,370,31,7,2011,1,99,99,1,12,3,SR-51 RAMP,,100,33.59721667,-112.009755560,0,12,1,1,5,1,1,0,3,1,0,1,0,0000000,3,45,3,47,4,8,0,0,0,1,0
4,40363,1,1,0,0,0,2,2,19,0,31,7,2011,1,14,4,1,1,1,I-10,,2838,31.99652222,-110.656666670,0,1,0,0,1,1,3,0,1,2,0,2,0,0000000,14,5,14,34,15,0,0,0,0,1,0
4,40364,1,1,0,0,0,6,6,21,0,31,7,2011,1,18,56,1,1,1,I-10,,1858,32.99715278,-111.748438890,3,1,0,0,1,1,1,0,1,2,0,2,0,0000000,18,57,18,57,99,99,0,0,0,1,0
4,40365,1,1,0,0,0,1,1,7,0,23,7,2011,7,12,45,0,6,8,FH 403,,0,34.35481389,-111.187658330,0,1,0,0,1,1,4,0,1,1,0,1,0,0000000,12,45,13,7,14,50,0,0,0,1,0
4,40366,2,2,0,0,0,5,5,13,370,28,7,2011,5,12,23,0,13,2,US-60,37TH AVE,1587,33.49859722,-112.138525000,0,12,6,0,2,3,1,0,1,1,0,1,0,0000000,99,99,99,99,99,99,0,0,0,1,0
4,40367,1,1,0,0,0,1,1,13,0,15,7,2011,6,15,18,0,15,6,FOUNTAIN HILLS BLVD,,0,33.59505000,-111.727213890,0,42,0,0,1,1,4,0,1,1,0,1,0,0000000,15,18,15,23,88,88,0,0,0,1,0
4,40368,1,1,0,0,0,3,3,19,0,23,6,2011,5,2,42,0,14,6,DREXEL RD,,0,32.14838333,-111.014822220,0,42,0,0,1,1,4,0,2,1,0,1,0,0000000,2,45,2,49,99,99,0,0,0,1,0
4,40369,1,1,0,0,0,6,6,12,0,23,6,2011,5,6,12,1,1,1,I-10,,684,33.57191667,-113.374019440,0,1,0,0,1,1,1,0,4,1,0,1,0,0000000,6,12,7,14,99,99,0,0,0,1,0
4,40370,2,2,0,0,0,2,2,13,220,12,7,2011,3,9,41,0,15,6,ESTRELLA PKWY,,0,33.39719444,-112.392238890,0,12,2,0,1,1,1,0,1,1,0,1,0,0000000,9,41,9,54,10,30,0,0,0,1,0
4,40371,2,1,1,0,0,1,1,13,200,23,7,2011,7,10,7,0,16,6,MYRTLE AVE,,0,33.54217778,-112.178527780,0,14,0,0,1,1,2,0,1,1,0,1,0,0000000,10,6,10,10,88,88,0,0,0,1,1
4,40372,3,3,0,0,0,3,3,3,0,29,7,2011,6,9,26,0,14,3,SR-92,BEVERS ST,3265,31.48915556,-110.257383330,0,12,6,0,2,2,1,0,1,10,0,10,0,0000000,9,27,9,37,10,50,0,0,0,1,0
4,40373,1,1,0,0,0,1,1,13,290,3,2,2011,5,19,9,0,14,6,BASELINE RD,,0,33.37908333,-111.780225000,0,30,0,0,1,1,3,0,3,1,0,1,0,0000000,99,99,99,99,99,99,0,0,0,1,0
4,40374,2,2,0,0,0,3,3,13,30,17,3,2011,5,13,7,0,14,6,INDIAN SCHOOL RD,104TH DR,0,33.49368333,-112.284950000,0,12,6,0,2,2,1,0,1,1,0,1,0,0000000,99,99,99,99,99,99,0,0,0,1,0
4,40375,1,1,0,0,0,1,1,17,0,4,6,2011,7,13,9,0,3,2,US-60,,3218,99.99990000,999.999900000,0,1,0,0,1,1,5,0,9,99,0,99,0,0000000,88,88,88,88,88,88,0,0,0,1,0
4,40376,1,1,0,0,0,9,9,13,0,13,7,2011,4,21,36,0,4,6,BUSH HWY,,0,33.55353611,-111.567163890,0,1,0,0,1,1,4,0,2,1,0,1,0,0000000,21,36,21,53,99,99,0,0,0,1,1
4,40377,2,2,0,0,0,4,4,13,0,28,7,2011,5,16,4,0,15,6,ELLIOT RD,HAWES RD,0,33.35030000,-111.653130560,0,12,1,0,3,2,1,0,1,1,0,1,0,0000000,16,4,16,10,16,41,0,0,0,1,0
4,40378,2,2,0,0,0,4,4,17,0,31,7,2011,1,12,48,0,6,8,EAST FORK RD,TURKEY CREEK RD,0,33.79723056,-109.945688890,3,12,6,0,2,3,1,0,1,10,0,10,0,0000000,12,50,13,1,99,99,0,0,0,1,0
4,40379,1,1,0,1,1,2,2,13,80,30,7,2011,7,22,14,0,13,6,CHANDLER BLVD,PLEASANT DR,0,33.30611944,-111.856897220,0,8,0,0,2,3,1,0,3,10,0,10,0,0000000,99,99,99,99,99,99,0,0,0,1,0
4,40380,1,1,0,1,1,1,1,999,9999,29,4,2011,6,99,99,9,99,9,UNKNOWN RD,,99999,99.99990000,999.999900000,9,8,0,0,99,9,99,0,9,99,0,99,0,0000000,99,99,99,99,99,99,0,0,0,1,0
4,40381,1,1,0,2,2,1,1,13,290,19,6,2011,1,99,99,0,13,6,BROADWAY RD,,0,33.40775833,-111.844188890,0,8,0,0,1,1,1,0,6,99,0,99,0,0000000,99,99,99,99,99,99,0,0,0,1,0
4,40382,2,2,0,0,0,5,5,13,370,19,6,2011,1,10,15,0,13,6,CENTRAL AVE,COLTER AVE,0,33.51277500,-112.073716670,0,12,2,0,3,2,1,0,1,1,0,1,0,0000000,99,99,99,99,99,99,0,0,0,1,0
4,40383,1,1,0,1,1,2,2,13,200,22,6,2011,4,11,52,0,13,6,59TH AVE,,0,33.55864167,-112.186241670,0,33,0,0,1,1,4,0,1,1,0,1,0,0000000,11,52,11,56,12,17,0,0,0,1,0
4,40384,1,1,0,1,1,1,1,13,200,24,6,2011,6,22,55,0,14,6,BETHANY HOME RD,57TH AVE,0,33.52406667,-112.181988890,0,8,0,0,2,2,1,0,6,1,0,1,0,0000000,22,57,22,57,99,99,0,0,0,1,0
4,40385,1,1,0,0,0,1,1,13,370,27,6,2011,2,9,26,0,13,6,19TH AVE,,0,33.59929167,-112.100180560,0,38,0,0,1,1,4,0,1,1,0,1,0,0000000,9,26,9,33,88,88,0,0,0,1,0
4,40386,4,4,0,0,0,7,7,13,200,30,6,2011,5,16,39,0,14,6,CACTUS RD,,0,33.59633056,-112.174475000,0,12,6,0,1,1,1,0,1,1,0,1,0,0000000,99,99,99,99,99,99,0,0,0,1,0
4,40387,1,1,0,0,0,2,2,13,0,12,5,2011,5,6,0,0,6,9,PALOMA CROSSING RD,,0,32.91974444,-112.890841670,0,10,0,0,6,1,1,0,4,1,0,1,0,742093V,6,7,6,56,88,88,0,0,0,2,0
4,40388,2,2,0,0,0,2,2,13,370,19,7,2011,3,0,3,0,13,6,PEORIA AVE,I-17 FRONTAGE RD,0,33.58190278,-112.116380560,0,12,6,1,2,2,1,0,3,1,0,1,0,0000000,0,4,0,12,0,33,0,0,0,1,1
4,40389,1,1,0,1,1,1,1,999,9999,9,1,2011,1,2,0,9,99,9,UNKNOWN RD,,99999,99.99990000,999.999900000,3,8,0,0,99,9,99,0,6,99,0,99,0,0000000,99,99,99,99,99,99,0,0,0,1,0
4,40390,1,1,0,1,1,1,1,19,530,1,7,2011,6,19,58,1,13,6,AJO WAY,,0,32.17783333,-110.995336110,0,8,0,0,1,1,1,0,5,1,0,1,0,0000000,19,59,20,4,88,88,0,0,0,1,0
4,40391,1,1,0,0,0,6,6,19,530,2,7,2011,7,20,38,0,13,6,6TH AVE,,0,32.16522500,-110.968150000,0,5,0,0,1,1,1,0,6,1,0,1,0,0000000,99,99,99,99,88,88,0,0,0,1,0
4,40392,2,2,0,0,0,3,3,21,0,2,7,2011,7,99,99,0,3,3,SR-347,,1702,33.01020556,-112.048083330,3,12,2,0,1,1,1,0,9,99,0,99,0,0000000,99,99,99,99,99,99,0,0,0,2,1
4,40393,1,1,0,0,0,1,1,21,0,3,7,2011,1,13,14,1,1,1,I-10,,1730,33.15223611,-111.868255560,3,35,0,0,1,1,4,0,1,1,0,1,0,0000000,99,99,99,99,99,99,0,0,0,1,0
4,40394,1,1,0,0,0,1,1,1,0,9,7,2011,7,4,0,0,6,8,BIA 591,,0,99.99990000,999.999900000,3,99,99,0,99,9,99,0,6,99,0,99,0,0000000,99,99,99,99,88,88,0,0,0,1,0
4,40395,1,1,0,1,1,1,1,13,370,9,7,2011,7,9,53,0,13,6,35TH AVE,BUTLER DR,0,33.56032222,-112.134269440,0,9,0,0,2,2,1,0,1,1,0,1,0,0000000,9,53,99,99,99,99,0,0,0,1,0
4,40396,1,1,0,0,0,1,1,1,0,10,7,2011,1,99,99,0,3,3,SR-264,,4732,35.65588611,-109.096500000,3,99,99,0,99,9,99,0,9,99,0,99,0,0000000,99,99,99,99,99,99,0,0,0,1,0
4,40397,1,1,0,0,0,2,2,12,0,16,7,2011,7,23,47,0,6,9,LEVEE RD,,0,99.99990000,999.999900000,0,1,0,0,99,9,99,0,6,99,0,99,0,0000000,99,99,99,99,99,99,0,0,0,1,0
4,40398,1,1,0,0,0,2,2,5,0,19,7,2011,3,14,21,0,6,8,FS RD 181,,0,34.28451667,-110.833286110,0,42,0,0,1,1,4,0,1,99,0,99,0,0000000,99,99,99,99,99,99,0,0,0,1,0
4,40399,2,2,0,0,0,3,3,13,370,22,7,2011,6,4,55,0,13,6,7TH AVE,BETHANY HOME RD,0,33.52386944,-112.082402780,0,1,0,0,2,2,1,0,3,10,0,10,0,0000000,4,57,5,5,5,21,0,0,0,1,1
4,40400,3,3,0,0,0,3,3,1,183,22,7,2011,6,20,10,0,15,8,BIA 110,,0,35.73783889,-109.065083330,3,12,1,0,1,1,1,0,5,1,0,1,0,0000000,99,99,99,99,99,99,0,0,0,1,0
4,40401,1,1,0,0,0,7,7,13,370,23,7,2011,7,1,43,0,13,6,DUNLAP AVE,,0,33.56757500,-112.112066670,0,33,0,0,1,1,4,0,3,1,0,1,0,0000000,99,99,99,99,99,99,0,0,0,1,0
4,40402,3,3,0,0,0,5,5,13,370,25,7,2011,2,7,6,0,13,6,7TH ST,,0,33.60598889,-112.065044440,0,33,0,0,1,1,4,0,1,1,0,1,0,0000000,7,6,7,10,7,24,0,0,0,1,0
4,40403,1,1,0,1,1,1,1,13,370,28,7,2011,5,20,42,0,13,6,7TH AVE,,0,33.43250278,-112.082469440,0,8,0,0,1,1,1,0,3,1,0,1,0,0000000,20,44,20,48,21,2,0,0,0,1,0
4,40405,1,1,0,1,1,1,1,5,170,30,7,2011,7,4,30,0,15,6,4TH ST,,0,99.99990000,999.999900000,0,8,0,0,1,1,1,0,6,99,0,99,0,0000000,99,99,99,99,88,88,0,0,0,1,0
4,40406,1,1,0,1,1,1,1,13,370,30,7,2011,7,21,24,0,14,6,43RD AVE,GLENDALE AVE,0,99.99990000,999.999900000,0,9,0,0,3,2,1,0,6,99,0,99,0,0000000,99,99,99,99,99,99,0,0,0,1,0
4,40407,2,2,0,0,0,2,2,13,0,31,7,2011,1,16,22,0,15,6,BROADWAY RD,67TH AVE,0,33.40840833,-112.204100000,0,12,6,0,2,2,1,0,1,1,0,1,0,0000000,99,99,99,99,99,99,0,0,0,1,0
4,40408,2,2,0,0,0,5,5,13,370,31,7,2011,1,18,42,0,14,6,MCDOWELL RD,27TH AVE,0,33.46591667,-112.117138890,0,12,6,0,2,2,1,0,1,1,0,1,0,0000000,99,99,99,99,99,99,0,0,0,1,0
4,40409,1,1,0,1,1,1,1,21,70,2,8,2011,3,4,57,1,11,1,I-10,,1959,32.86523333,-111.686891670,0,8,0,0,1,1,1,1,2,1,0,1,0,0000000,4,57,5,5,88,88,0,0,0,1,0
4,40410,1,1,0,0,0,1,1,25,0,4,8,2011,5,13,45,1,1,1,I-17 RAMP,,2835,34.53777778,-111.923861110,0,41,0,0,1,1,3,0,1,1,0,1,0,0000000,13,46,13,55,88,88,0,0,0,1,1
4,40411,1,1,0,1,1,3,3,13,60,4,8,2011,5,20,50,1,11,1,I-10,,1201,33.46093889,-112.506486110,0,8,0,1,18,1,1,0,2,1,0,1,0,0000000,20,51,20,55,21,42,0,0,0,1,0
4,40412,2,2,0,0,0,3,3,5,522,5,8,2011,6,8,20,1,2,2,US-160,,3433,36.31823889,-110.949533330,3,12,6,0,8,1,1,0,1,1,0,1,0,0000000,8,22,8,30,99,99,0,0,0,2,0
4,40413,1,1,0,0,0,7,7,13,490,5,8,2011,6,12,39,1,12,3,SR-101 RAMP,,553,33.38233056,-111.891561110,0,1,0,1,5,1,1,0,1,1,0,1,0,0000000,12,40,12,46,13,23,0,0,0,1,0
4,40414,1,1,0,1,1,2,2,25,0,6,8,2011,7,3,46,0,4,3,SR-89,,2708,34.19350833,-112.814761110,0,8,0,0,1,1,1,0,2,1,0,1,0,0000000,4,6,4,26,88,88,0,0,0,1,0
4,40415,2,2,0,0,0,2,2,13,0,6,8,2011,7,7,40,0,13,4,MC 85,RAINBOW RD,0,33.37759444,-112.538880560,0,12,6,0,2,2,1,0,1,1,0,1,0,0000000,99,99,99,99,99,99,0,0,0,1,0
4,40416,1,1,0,0,0,1,1,13,60,6,8,2011,7,23,36,1,1,1,I-10,,1078,33.44607778,-112.708486110,0,1,0,0,1,1,4,0,2,1,0,1,0,0000000,23,37,23,53,0,50,0,0,0,1,0
4,40417,2,2,0,0,0,2,2,13,0,8,8,2011,2,20,0,0,16,6,HAPPY VALLEY RD,115TH AVE,0,33.71359444,-112.306322220,0,12,6,0,2,2,1,0,3,1,0,1,0,0000000,20,0,20,7,88,88,0,0,0,1,0
4,40418,1,1,0,0,0,1,1,13,420,9,8,2011,3,11,29,1,12,3,SR-101,,496,33.46456111,-111.888522220,3,25,0,0,1,1,3,0,1,1,0,1,0,0000000,11,33,11,42,12,3,0,0,0,1,0
4,40419,1,1,0,0,0,1,1,23,330,9,8,2011,3,15,46,1,11,1,I-19,,40,31.37857500,-110.950383330,0,1,0,0,1,1,3,0,1,10,0,10,0,0000000,15,43,15,50,88,88,0,0,0,1,0
4,40421,1,1,0,0,0,1,1,3,40,9,8,2011,3,20,48,0,3,3,SR-80,,2944,31.95265556,-110.286005560,0,1,0,0,1,1,4,0,2,1,0,1,0,0000000,99,99,99,99,88,88,0,0,0,1,0
4,40422,2,2,0,0,0,2,2,15,0,10,8,2011,4,16,4,0,4,3,SR-66,DIAGONAL WAY,591,35.24567222,-113.983650000,0,12,6,0,2,2,1,0,1,1,0,1,0,0000000,16,2,16,6,88,88,0,0,0,1,0
4,40425,2,2,0,0,0,4,4,13,370,13,8,2011,7,1,35,1,12,3,SR-101,,38,33.49185000,-112.263725000,0,12,1,0,1,1,1,1,3,10,0,10,0,0000000,1,36,1,44,99,99,0,0,0,3,1
4,40426,2,2,0,0,0,4,4,13,290,13,8,2011,7,3,21,0,13,6,MCKELLIPS RD,CENTER ST,0,33.45145833,-111.831077780,0,12,6,0,2,2,1,0,6,2,0,2,0,0000000,3,22,3,30,99,99,0,0,0,3,1
4,40427,1,1,0,0,0,2,2,13,0,14,8,2011,1,13,33,1,1,1,I-8,,1381,32.85260000,-112.365572220,0,1,0,0,1,1,3,0,1,10,0,10,0,0000000,13,37,13,58,14,56,0,0,0,1,0
4,40428,7,7,0,0,0,9,9,13,290,15,8,2011,2,7,48,0,14,6,SOUTHERN AVE,BRIAR,0,33.39357222,-111.782036110,0,12,1,0,2,3,1,0,1,10,0,10,0,0000000,99,99,99,99,99,99,14,0,0,1,0
4,40430,1,1,0,0,0,2,2,5,0,15,8,2011,2,11,55,1,1,1,I-40,,2182,35.15763611,-111.295236110,0,1,0,0,1,1,1,0,1,1,0,1,0,0000000,11,57,12,13,99,99,0,0,0,1,0
4,40431,3,3,0,0,0,4,4,5,0,15,8,2011,2,19,33,1,2,2,US-160,,3234,36.12507778,-111.202125000,3,12,1,0,8,1,1,0,1,1,0,1,0,0000000,99,99,99,99,99,99,0,0,0,1,0
4,40432,2,2,0,0,0,3,3,25,0,19,8,2011,6,18,16,1,1,1,I-17,,2973,34.67512222,-111.764308330,0,12,2,0,1,1,1,0,1,10,0,10,0,0000000,18,16,18,27,99,99,0,0,0,1,0
4,40433,3,3,0,0,0,3,3,19,530,20,8,2011,7,9,58,0,3,6,VALENCIA RD,,0,32.13925278,-110.839013890,0,12,6,0,1,1,1,0,1,10,0,10,0,0000000,9,55,10,6,99,99,0,0,0,1,0
4,40434,1,1,0,0,0,1,1,25,0,21,8,2011,1,7,50,0,4,3,SR-89,,3068,34.49386944,-112.499230560,0,1,0,0,1,1,1,0,1,1,0,1,0,0000000,7,53,8,3,9,4,0,0,0,1,0
4,40435,2,2,0,0,0,5,5,21,405,21,8,2011,1,15,8,0,3,3,SR-87,,1450,33.05655000,-111.682463890,3,12,2,0,1,1,1,0,1,1,0,1,0,0000000,15,8,99,99,99,99,0,0,0,1,0
4,40436,1,1,0,0,0,1,1,3,0,21,8,2011,1,19,41,1,1,1,I-10,,3182,32.03489444,-110.102080560,0,1,0,0,1,1,3,0,2,1,0,1,0,0000000,19,41,20,1,88,88,0,0,0,1,1
4,40437,2,2,0,0,0,3,3,17,429,22,8,2011,2,16,23,1,2,3,SR-260,,3372,34.26770000,-110.092525000,0,12,2,0,1,1,1,0,1,10,0,10,0,0000000,16,23,16,32,88,88,0,0,0,2,0
4,40438,3,3,0,0,0,1,1,13,290,25,8,2011,5,0,38,0,15,6,ELLSWORTH RD,BASELINE RD,0,33.37908611,-111.636244440,0,12,6,0,3,2,1,0,3,10,0,10,0,0000000,0,39,0,42,88,88,20,0,0,1,1
4,40439,2,2,0,0,0,3,3,13,368,26,8,2011,6,15,30,0,14,6,PEORIA AVE,80TH LN,0,33.58113056,-112.231613890,0,12,1,0,3,2,1,0,1,10,0,10,0,0000000,15,30,15,31,99,99,0,0,0,1,1
4,40440,1,1,0,0,0,7,7,25,0,26,8,2011,6,15,59,1,1,1,I-17,,2986,34.68483889,-111.746311110,0,1,0,0,1,1,4,0,1,1,0,1,0,0000000,15,58,16,11,99,99,0,0,0,1,0
4,40441,1,1,0,0,0,2,2,19,530,26,8,2011,6,17,57,0,6,9,SCRUB BRUSH RD,,0,32.32793611,-111.304066670,0,1,0,0,1,1,1,0,1,1,0,1,0,0000000,17,58,18,14,99,99,0,0,0,1,0
4,40442,1,1,0,0,0,1,1,23,532,27,8,2011,7,3,2,1,1,1,I-19,,199,31.58184444,-111.055136110,0,32,0,0,1,1,4,0,2,1,0,1,0,0000000,2,58,3,8,88,88,0,0,0,1,1
4,40443,1,1,0,0,0,2,2,13,290,27,8,2011,7,5,8,0,16,6,25TH ST,,0,33.42642222,-111.777477780,0,1,0,0,1,1,1,0,3,1,0,1,0,0000000,99,99,99,99,99,99,0,0,0,1,1
4,40444,1,1,0,1,1,1,1,21,405,27,8,2011,7,20,18,0,4,9,CASA GRANDE RD,BLUEBIRD RD,0,33.06732222,-111.737747220,3,8,0,0,2,3,1,0,2,10,0,10,0,0000000,20,21,20,25,88,88,0,0,0,1,0
4,40445,1,1,0,0,0,4,4,13,490,29,8,2011,2,21,4,1,11,1,I-10,,1535,33.41074444,-111.976708330,0,1,0,1,18,1,4,0,3,1,0,1,0,0000000,21,4,21,12,21,25,0,0,0,1,0
4,40446,1,1,0,0,0,2,2,25,0,13,8,2011,7,19,0,0,5,9,CROWN KING RD,,0,34.24854444,-112.295858330,0,1,0,0,1,1,4,0,5,99,0,99,0,0000000,19,3,99,99,99,99,2,0,0,1,0
4,40447,2,2,0,0,0,2,2,5,170,19,8,2011,6,23,17,0,13,3,SR-40B,,1970,35.19382778,-111.636961110,0,12,2,0,1,1,1,0,3,1,0,1,0,0000000,99,99,99,99,99,99,0,0,0,1,1
4,40448,1,1,0,0,0,2,2,13,0,27,8,2011,7,19,12,0,4,9,143RS AVE,INDIAN SPRINGS RD,0,33.37541389,-112.366555560,0,1,0,0,2,3,1,0,5,10,0,10,0,0000000,19,12,19,16,19,45,0,0,0,2,1
4,40449,2,2,0,0,0,4,4,21,0,25,8,2011,5,17,59,1,1,1,I-10,,2251,32.58919167,-111.336088890,0,12,1,0,1,1,1,0,1,7,0,7,0,0000000,18,0,18,6,99,99,0,0,0,1,0
4,40450,1,1,0,0,0,1,1,19,530,31,8,2011,4,2,19,1,1,1,I-10,,2764,32.05370556,-110.761416670,0,1,0,0,1,1,4,0,2,1,0,1,0,0000000,2,37,2,45,88,88,0,0,0,1,0
4,40451,2,2,0,0,0,3,3,13,368,8,8,2011,2,23,40,0,16,6,DEER VALLEY RD,80TH AVE,0,33.68162222,-112.231308330,0,12,1,0,2,3,1,0,3,1,0,1,0,0000000,23,43,23,48,99,99,0,0,0,1,1
4,40452,1,1,0,0,0,3,3,12,0,13,8,2011,7,21,38,1,1,1,I-10,,397,33.64382500,-113.864263890,0,1,0,0,1,1,3,0,3,1,0,1,0,0000000,21,43,22,6,99,99,0,0,0,1,0
4,40454,1,1,0,1,1,2,2,13,0,20,8,2011,7,1,45,0,13,3,SR-87,,1810,33.49564444,-111.805069440,3,8,0,0,1,1,1,0,2,1,0,1,0,0000000,1,45,2,3,88,88,0,0,0,1,0
4,40455,1,1,0,0,0,1,1,5,0,16,8,2011,3,20,53,0,4,8,LAKE MARY RD,,0,35.11751389,-111.594377780,0,42,0,0,1,1,4,0,2,1,0,1,0,0000000,20,54,21,7,88,88,20,0,0,1,1
4,40456,2,2,0,0,0,7,7,3,0,2,8,2011,3,1,18,1,1,1,I-10,,3462,32.32441667,-109.775519440,0,1,0,0,1,1,1,0,2,1,0,1,0,0000000,1,27,1,35,99,99,19,0,0,2,0
4,40457,2,2,0,0,0,3,3,13,370,14,8,2011,1,4,50,0,14,6,32ND ST,OAK ST,0,33.47311111,-112.012911110,0,12,6,0,2,2,1,0,3,1,0,1,0,0000000,4,51,4,57,99,99,0,0,0,1,1
4,40458,1,1,0,0,0,1,1,13,370,22,8,2011,2,22,54,0,16,6,RIVERVIEW DR,,0,33.42013333,-112.048466670,0,33,0,0,1,1,4,0,3,1,0,1,0,0000000,99,99,99,99,99,99,0,0,0,1,0
4,40459,1,1,0,0,0,1,1,13,200,9,8,2011,3,2,37,0,16,6,GREENWAY RD,,0,33.62508056,-112.209152780,0,33,0,0,1,1,4,0,3,1,0,1,0,0000000,2,37,2,46,88,88,0,0,0,1,1
4,40460,1,1,0,1,1,1,1,13,490,6,8,2011,7,22,3,0,13,6,UNIVERSITY DR,48TH ST,0,33.42186111,-111.981297220,0,8,0,0,3,2,1,0,2,1,0,1,0,0000000,22,5,22,9,22,36,0,0,0,1,0
4,40461,1,1,0,0,0,2,2,5,0,2,8,2011,3,7,12,0,4,8,BIA 2,,0,99.99990000,999.999900000,3,99,99,0,99,9,99,0,1,99,0,99,0,0000000,99,99,99,99,88,88,0,0,0,1,0
4,40462,1,1,0,0,0,5,5,17,0,5,8,2011,6,6,36,0,4,2,US-163,,4029,36.82975833,-110.242841670,3,1,0,0,1,1,4,0,4,1,0,1,0,0000000,99,99,99,99,99,99,0,0,0,2,0
4,40463,1,1,0,1,1,1,1,13,490,5,8,2011,6,21,29,0,13,6,BASELINE RD,MCCLINTOCK DR,0,33.37842778,-111.908958330,0,8,0,0,3,2,1,0,3,1,0,1,0,0000000,21,29,21,32,22,0,0,0,0,1,0
4,40464,1,1,0,0,0,1,1,19,0,6,8,2011,7,99,99,0,6,8,BIA 2,,0,99.99990000,999.999900000,3,99,99,0,99,9,99,0,9,99,0,99,0,0000000,99,99,99,99,88,88,0,0,0,1,0
4,40465,1,1,0,0,0,2,2,19,0,1,9,2011,5,0,53,1,1,1,I-10,,2849,31.99696944,-110.638627780,0,1,0,0,1,1,3,0,2,10,0,10,0,0000000,0,56,1,10,99,99,0,0,0,1,0
4,40466,1,1,0,0,0,1,1,25,0,1,9,2011,5,5,0,1,1,1,I-17,,2835,34.53671667,-111.919125000,0,35,0,0,1,1,4,0,2,1,0,1,0,0000000,18,0,18,15,88,88,18,0,0,1,1
4,40467,1,1,0,0,0,2,2,5,0,3,9,2011,7,10,32,1,1,1,I-17,,3199,34.90336111,-111.641844440,0,1,0,0,1,1,4,0,1,1,0,1,0,0000000,10,32,10,39,99,99,0,0,0,1,0
4,40468,2,2,0,0,0,2,2,25,0,5,9,2011,2,22,45,1,1,1,I-17,,2819,34.53067500,-111.944919440,0,41,0,0,1,1,3,0,2,2,0,2,0,0000000,22,46,22,57,0,30,0,0,0,2,0
4,40469,1,1,0,1,1,1,1,13,618,6,9,2011,3,2,35,1,13,2,US-60,111TH AVE,1464,33.60545000,-112.299716670,0,8,0,0,3,2,1,0,3,1,0,1,0,0000000,2,35,2,40,88,88,0,0,0,1,0
4,40470,1,1,0,0,0,1,1,25,0,7,9,2011,4,2,14,1,1,1,I-17,,2506,34.16973611,-112.142486110,0,34,0,0,1,1,4,0,2,1,0,1,0,0000000,2,14,2,26,88,88,0,0,0,1,0
4,40471,1,1,0,1,1,1,1,19,295,7,9,2011,4,17,30,0,13,6,THORNYDALE RD,REGENCY PLAZA ST,0,32.33498333,-111.046880560,0,15,0,0,3,3,1,0,1,1,0,1,0,0000000,99,99,99,99,99,99,0,0,0,1,0