STATE,ST_CASE,VE_TOTAL,VE_FORMS,PVH_INVL,PEDS,PERNOTMVIT,PERMVIT,PERSONS,COUNTY,CITY,DAY,MONTH,YEAR,DAY_WEEK,HOUR,MINUTE,NHS,ROAD_FNC,ROUTE,TWAY_ID,TWAY_ID2,MILEPT,LATITUDE,LONGITUD,SP_JUR,HARM_EV,MAN_COLL,RELJCT1,RELJCT2,TYP_INT,REL_ROAD,WRK_ZONE,LGT_COND,WEATHER1,WEATHER2,WEATHER,SCH_BUS,RAIL,NOT_HOUR,NOT_MIN,ARR_HOUR,ARR_MIN,HOSP_HR,HOSP_MN,CF1,CF2,CF3,FATALS,DRUNK_DR
4,40472,1,1,0,2,2,2,2,19,530,7,9,2011,4,19,18,0,14,6,12TH AVE,,0,32.15735833,-110.977508330,0,8,0,0,1,1,1,0,3,1,0,1,0,0000000,99,99,99,99,99,99,0,0,0,1,1
4,40473,4,4,0,0,0,7,7,21,0,8,9,2011,5,7,0,1,1,1,I-10,,2110,32.72302500,-111.515730560,0,12,6,1,18,1,1,0,1,1,0,1,0,0000000,7,0,7,16,99,99,0,0,0,4,0
4,40474,1,1,0,0,0,1,1,25,0,9,9,2011,6,20,15,0,4,3,SR-89,,3000,34.44880000,-112.540216670,0,24,0,0,1,1,4,0,2,10,0,10,0,0000000,20,17,20,34,88,88,0,0,0,1,1
4,40475,1,1,0,0,0,3,3,13,339,10,9,2011,7,17,54,0,13,6,LINCOLN DR,,0,33.53099444,-111.969661110,0,33,0,0,1,1,4,0,1,10,0,10,0,0000000,17,54,17,59,18,34,0,0,0,1,0
4,40476,1,1,0,0,0,1,1,21,0,15,9,2011,5,6,15,0,6,8,BLACKWATER RD,,0,33.03046667,-111.637966670,3,1,0,0,1,1,4,0,1,10,0,10,0,0000000,99,99,99,99,88,88,0,0,0,1,1
4,40477,1,1,0,1,1,2,2,21,70,16,9,2011,6,19,42,0,13,6,FLORENCE BLVD,CENTER ST,0,32.87956111,-111.753436110,0,8,0,0,3,2,1,0,3,1,0,1,0,0000000,99,99,99,99,99,99,0,0,0,1,0
4,40478,1,1,0,0,0,2,2,15,0,16,9,2011,6,23,58,1,1,1,I-40,,823,35.17047222,-113.521719440,0,1,0,0,1,1,3,0,2,1,0,1,0,0000000,23,58,0,58,99,99,0,0,0,1,0
4,40479,2,2,0,0,0,4,4,3,431,17,9,2011,7,2,47,0,13,3,SR-90,,3191,31.56945556,-110.282694440,0,12,1,0,1,1,1,0,2,1,0,1,0,0000000,2,47,2,55,3,16,0,0,0,1,1
4,40480,2,2,0,0,0,6,6,13,370,17,9,2011,7,4,0,0,13,6,MCDOWELL RD,SR-143 RAMP,0,33.46555278,-111.981638890,0,1,0,1,2,3,1,0,3,1,0,1,0,0000000,4,0,4,4,4,25,14,0,0,1,0
4,40482,2,2,0,0,0,4,4,19,0,18,9,2011,1,9,20,1,1,1,I-10,,2882,31.98744167,-110.583955560,0,12,6,0,1,1,1,0,1,1,0,1,0,0000000,9,23,9,39,10,29,0,0,0,1,0
4,40483,2,2,0,0,0,3,3,5,0,18,9,2011,1,12,0,1,2,3,SR-260,,2868,34.32616944,-110.828702780,0,12,2,0,1,1,1,0,1,1,0,1,0,0000000,12,1,12,7,13,40,0,0,0,1,0
4,40484,2,1,1,1,1,1,1,19,530,20,9,2011,3,1,4,1,11,1,I-10,,2580,32.22603889,-110.981091670,0,8,0,1,18,1,2,0,3,1,0,1,0,0000000,1,4,1,20,1,38,23,0,0,1,1
4,40486,2,2,0,0,0,2,2,19,0,20,9,2011,3,9,12,1,13,6,LA CHOLLA BLVD,HOSPITAL DR,0,32.31931111,-111.012075000,0,12,6,0,2,3,1,0,1,1,0,1,0,0000000,9,12,9,14,99,99,0,0,0,1,0
4,40487,1,1,0,2,2,1,1,21,0,22,9,2011,5,18,58,0,3,3,SR-587,,2228,33.14546389,-111.840947220,3,8,0,0,1,1,1,0,5,1,0,1,0,0000000,18,58,19,5,99,99,0,0,0,1,0
4,40489,3,2,1,0,0,2,2,21,70,24,9,2011,7,1,39,0,13,3,SR-387,,16,32.90323611,-111.757322220,0,12,1,0,1,1,1,0,3,1,0,1,0,0000000,99,99,99,99,99,99,0,0,0,1,0
4,40490,3,3,0,0,0,4,4,13,490,27,9,2011,3,13,21,1,12,2,US-60,,1740,33.38567222,-111.933777780,0,12,99,1,18,1,1,0,1,1,0,1,0,0000000,13,21,13,26,14,1,0,0,0,1,0
4,40491,2,2,0,0,0,2,2,25,0,29,9,2011,5,6,20,1,2,2,US-93,,1914,34.04436111,-112.837025000,0,12,2,0,1,1,1,0,4,1,0,1,0,0000000,6,20,6,32,99,99,0,0,0,1,0
4,40492,2,2,0,0,0,2,2,13,290,30,9,2011,6,14,22,0,15,6,EXTENSION,8TH AVE,0,33.40021667,-111.848477780,0,12,1,0,3,2,1,0,1,1,0,1,0,0000000,99,99,99,99,99,99,0,0,0,1,1
4,40493,1,1,0,1,1,1,1,19,530,7,8,2011,1,20,34,0,13,6,22ND ST,RANDOLPH PKWY,0,32.20695833,-110.922308330,0,8,0,0,3,2,1,0,3,10,0,10,0,0000000,20,30,20,35,20,51,0,0,0,1,0
4,40494,1,1,0,1,1,1,1,1,0,8,8,2011,2,99,99,1,1,1,I-40,,99999,99.99990000,999.999900000,3,8,0,0,1,1,1,0,9,99,0,99,0,0000000,99,99,99,99,88,88,0,0,0,1,0
4,40495,3,3,0,0,0,3,3,13,370,9,8,2011,3,5,29,0,13,6,BASELINE RD,,0,33.37771667,-112.072691670,0,12,1,0,1,1,1,0,1,1,0,1,0,0000000,5,30,5,34,6,0,0,0,0,1,0
4,40496,1,1,0,1,1,2,2,5,170,9,8,2011,3,17,49,0,15,6,WEST ST,4TH AVE,0,35.20883056,-111.621213890,0,9,0,0,2,2,1,0,1,10,0,10,0,0000000,17,49,17,51,17,55,0,0,0,1,0
4,40497,1,1,0,1,1,1,1,1,0,9,8,2011,3,22,44,1,1,1,I-40,,3430,35.24981944,-109.287608330,3,8,0,9,99,9,99,0,6,99,0,99,0,0000000,99,99,99,99,88,88,0,0,0,1,0
4,40498,2,2,0,0,0,3,3,13,370,10,8,2011,4,22,25,0,14,6,MCDOWELL RD,40TH ST,0,33.46568611,-111.995605560,0,12,6,0,2,2,1,1,3,1,0,1,0,0000000,22,25,22,28,99,99,0,0,0,1,0
4,40499,1,1,0,0,0,1,1,13,370,14,8,2011,1,2,50,0,14,6,SKY HARBOR BLVD,,0,99.99990000,999.999900000,0,43,0,0,1,1,4,0,6,99,0,99,0,0000000,99,99,99,99,99,99,0,0,0,1,1
4,40500,1,1,0,2,2,1,1,21,0,16,8,2011,3,9,23,0,6,9,TREKELL RD,,0,32.86169444,-111.740188890,0,9,0,0,1,1,1,0,1,1,0,1,0,0000000,9,19,99,99,99,99,0,0,0,1,0
4,40501,1,1,0,0,0,1,1,19,0,20,8,2011,7,14,8,0,15,9,BOPP RD,,0,32.17729722,-111.087591670,0,1,0,0,1,1,2,0,1,1,0,1,0,0000000,14,8,14,20,15,0,0,0,0,1,1
4,40502,1,1,0,0,0,1,1,19,0,22,8,2011,2,4,33,0,14,9,RIVER RD,,0,32.27606389,-110.919630560,0,42,0,0,1,1,3,0,3,1,0,1,0,0000000,4,36,4,43,88,88,0,0,0,1,0
4,40503,1,1,0,1,1,1,1,13,370,24,8,2011,4,6,10,0,14,6,WARNER ELLIOT LOOP,,0,33.34757222,-111.989652780,0,33,0,0,1,1,4,0,1,1,0,1,0,0000000,6,10,6,19,99,99,0,0,0,1,0
4,40505,1,1,0,0,0,3,3,13,220,29,8,2011,2,0,45,0,4,6,VINEYARD AVE,BULLARD AVE,0,33.38641389,-112.376483330,0,33,0,0,2,3,4,0,3,1,0,1,0,0000000,0,49,1,4,1,8,0,0,0,1,1
4,40506,2,2,0,0,0,2,2,13,370,29,8,2011,2,20,20,0,14,6,NORTHERN AVE,,0,33.55306667,-112.056080560,0,12,2,0,8,1,1,0,3,1,0,1,0,0000000,20,20,20,25,20,43,0,0,0,1,0
4,40507,2,2,0,0,0,4,4,13,420,22,9,2011,5,21,10,0,15,6,DYNAMITE BLVD,PIMA RD,0,33.74125000,-111.891166670,0,12,6,0,2,2,1,0,3,1,0,1,0,0000000,21,10,21,15,99,99,0,0,0,1,1
4,40508,1,1,0,0,0,5,5,19,530,2,9,2011,6,2,7,0,16,6,6TH ST,,0,32.22795278,-110.927863890,0,33,0,0,1,1,4,0,3,10,0,10,0,0000000,2,6,2,13,2,31,0,0,0,1,1
4,40509,1,1,0,1,1,1,1,19,530,4,9,2011,1,9,4,0,14,6,ESCALANTE RD,CALEXICO AVE,0,32.17720000,-110.809375000,0,9,0,0,3,3,4,0,1,1,0,1,0,0000000,9,2,9,7,9,30,0,0,0,1,1
4,40510,1,1,0,0,0,1,1,17,0,5,9,2011,2,16,17,0,6,9,SILVER LAKE BLVD,,0,99.99990000,999.999900000,0,17,0,0,1,1,4,0,9,99,0,99,0,0000000,99,99,99,99,88,88,0,0,0,1,1
4,40511,1,1,0,0,0,2,2,5,0,8,9,2011,5,14,0,0,4,2,US-89A,,5697,36.72936389,-112.087216670,0,1,0,0,1,1,4,0,1,10,0,10,0,0000000,14,17,15,12,16,32,0,0,0,1,0
4,40512,2,2,0,1,1,4,4,19,530,8,9,2011,5,17,53,0,14,6,29TH ST,,0,32.19977778,-110.904505560,0,8,0,0,1,1,1,0,1,10,0,10,0,0000000,99,99,99,99,99,99,0,0,0,1,0
4,40513,2,2,0,0,0,3,3,1,0,8,9,2011,5,17,21,1,2,2,US-60,,3837,34.18143611,-109.327691670,0,12,6,0,1,1,1,0,1,2,0,2,0,0000000,17,15,17,24,99,99,0,0,0,1,0
4,40514,1,1,0,0,0,2,2,21,0,10,9,2011,7,1,11,0,6,9,JIMMIE KERR BLVD,PEART RD,0,32.85627778,-111.722927780,0,46,0,0,2,2,4,0,3,1,0,1,0,0000000,1,0,1,30,99,99,0,0,0,1,1
4,40515,1,1,0,1,1,1,1,13,420,11,9,2011,1,1,18,0,13,6,HAYDEN RD,,0,33.48200556,-111.908905560,0,8,0,0,1,1,1,0,3,1,0,1,0,0000000,1,19,1,22,1,45,0,0,0,1,0
4,40516,1,1,0,1,1,1,1,19,530,13,9,2011,3,19,3,0,13,6,22ND ST,,0,32.20689444,-110.898777780,0,8,0,0,1,1,1,0,3,10,0,10,0,0000000,19,0,19,5,19,26,0,0,0,1,0
4,40517,1,1,0,0,0,4,4,5,0,14,9,2011,4,6,4,0,3,9,COPPERMINE RD,,0,99.99990000,999.999900000,3,1,0,0,1,1,4,0,1,1,0,1,0,0000000,6,4,6,6,99,99,0,0,0,1,1
4,40518,2,2,0,0,0,3,3,21,0,14,9,2011,4,15,5,0,15,9,JIMMIE KERR BLVD,,0,32.85631111,-111.723036110,0,12,6,0,1,1,1,0,1,10,0,10,0,0000000,15,7,15,13,15,42,0,0,0,1,1
4,40519,2,2,0,0,0,8,8,3,0,13,9,2011,3,3,10,1,1,1,I-10,,3020,31.96333056,-110.363258330,0,12,99,0,1,1,1,0,2,10,0,10,0,0000000,3,18,3,29,99,99,0,0,0,1,0
4,40520,2,2,0,0,0,2,2,21,0,15,9,2011,5,19,19,0,6,4,GARY RD,DANIEL RD,0,33.15446111,-111.579177780,0,12,6,0,2,2,1,0,2,1,0,1,0,0000000,19,21,19,34,20,2,0,0,0,1,0
4,40521,1,1,0,0,0,1,1,25,0,17,9,2011,7,7,57,0,4,3,SR-89,,2738,34.20111111,-112.778025000,0,24,0,0,1,1,4,0,1,1,0,1,0,0000000,7,57,8,10,99,99,0,0,0,1,0
4,40522,1,1,0,1,1,1,1,13,370,28,9,2011,4,19,6,0,14,6,MCDOWELL RD,33RD AVE,0,33.46594722,-112.128538890,0,8,0,0,3,3,1,0,3,1,0,1,0,0000000,19,7,19,11,19,30,0,0,0,1,0
4,40523,1,1,0,0,0,1,1,13,200,1,10,2011,7,12,0,0,14,6,75TH AVE,,0,33.68198611,-112.220236110,0,33,0,0,1,1,3,0,1,1,0,1,0,0000000,12,4,12,7,99,96,19,0,0,1,0
4,40524,1,1,0,0,0,5,5,17,379,1,10,2011,7,19,17,0,6,6,RIM RD,,0,34.11355000,-109.953980560,0,34,0,0,1,1,4,0,2,1,0,1,0,0000000,19,18,19,25,99,99,0,0,0,1,0
4,40525,1,1,0,0,0,1,1,3,0,2,10,2011,1,14,35,1,1,1,I-10,,3147,32.00378333,-110.146247220,0,42,0,0,1,1,4,0,1,1,0,1,0,0000000,14,40,14,45,15,35,0,0,0,1,0
4,40528,2,2,0,0,0,5,5,21,0,4,10,2011,3,12,14,1,1,1,I-10,,2139,32.70031111,-111.474083330,0,12,1,0,1,1,1,0,1,6,7,6,0,0000000,12,14,12,18,99,99,0,0,0,1,0
4,40529,1,1,0,0,0,1,1,15,0,4,10,2011,3,14,39,1,1,1,I-40,,809,35.16154722,-113.541491670,0,1,0,0,1,1,3,0,1,10,0,10,0,0000000,14,40,15,6,88,88,0,0,0,1,0
4,40530,1,1,0,1,1,1,1,19,0,4,10,2011,3,18,47,0,3,3,SR-86,,1520,32.08602778,-111.289925000,3,8,0,0,1,1,1,0,2,1,0,1,0,0000000,18,44,19,7,88,88,0,0,0,1,0
4,40531,1,1,0,0,0,7,7,13,0,5,10,2011,4,18,21,0,16,9,CITRUS RD,,0,33.51984167,-112.444169440,0,5,0,0,1,1,1,0,2,10,0,10,0,0000000,99,99,99,99,99,99,0,0,0,1,0
4,40533,1,1,0,1,1,2,2,13,200,7,10,2011,6,20,22,0,13,6,99TH AVE,,0,33.52138333,-112.272361110,0,8,0,0,1,1,1,0,2,1,0,1,0,0000000,20,22,20,26,88,88,0,0,0,1,0
4,40534,2,2,0,0,0,4,4,13,80,8,10,2011,7,1,50,0,14,6,WARNER RD,MCQUEEN RD,0,33.33529722,-111.824186110,0,12,6,0,2,2,1,0,3,1,0,1,0,0000000,1,52,1,57,2,34,19,20,0,1,1
4,40535,1,1,0,0,0,1,1,13,80,8,10,2011,7,18,23,1,11,1,I-10,,1598,33.32005278,-111.972069440,0,42,0,1,18,1,4,0,5,1,0,1,0,0000000,18,23,18,35,88,88,0,0,0,1,1
4,40536,1,1,0,1,1,3,3,19,0,8,10,2011,7,22,13,0,15,6,COUNTRY CLUB DR,,0,32.17715000,-110.926402780,0,8,0,0,1,1,1,0,2,1,0,1,0,0000000,22,13,99,99,99,99,0,0,0,1,1
4,40537,1,1,0,0,0,3,3,13,200,9,10,2011,1,2,19,0,15,6,LITCHFIELD RD,,0,33.54633056,-112.358641670,0,33,0,0,1,1,4,0,3,1,0,1,0,0000000,2,18,2,22,2,46,0,0,0,1,0
4,40539,2,2,0,0,0,5,5,7,0,11,10,2011,3,8,58,0,4,3,SR-73,,3256,33.82591667,-110.148586110,3,12,6,0,1,1,1,0,1,1,0,1,0,0000000,9,3,9,13,99,99,0,0,0,1,0
4,40540,1,1,0,0,0,1,1,17,0,12,10,2011,4,16,6,0,6,8,BIA 41,,0,36.50690000,-110.420272220,3,31,0,0,1,1,4,0,9,99,0,99,0,0000000,88,88,88,88,88,88,0,0,0,1,1
4,40541,1,1,0,0,0,3,3,13,290,12,10,2011,4,16,9,0,14,6,MCDOWELL RD,SR-202 RAMP,0,33.46791944,-111.781766670,0,33,0,1,19,1,4,0,1,1,0,1,0,0000000,16,9,16,16,16,48,0,0,0,1,0
4,40542,1,1,0,0,0,1,1,25,0,12,10,2011,4,18,5,0,4,3,SR-89A,,3285,34.66262500,-112.252247220,0,1,0,0,1,1,2,0,5,1,0,1,0,0000000,18,5,18,12,19,19,0,0,0,1,0
4,40543,1,1,0,0,0,3,3,25,373,12,10,2011,4,19,53,0,16,6,ADDIS DR,BAJA CIR,0,34.63558889,-112.334638890,0,34,0,0,3,3,4,0,2,1,0,1,0,0000000,19,54,19,56,20,29,0,0,0,1,1
4,40544,2,2,0,0,0,2,2,13,370,14,10,2011,6,7,0,1,11,1,I-17,,2135,33.64773889,-112.115177780,0,12,1,1,17,1,1,0,1,1,0,1,0,0000000,7,2,7,9,7,30,0,0,0,1,0
4,40545,1,1,0,1,1,1,1,13,370,14,10,2011,6,8,58,0,14,6,16TH ST,VIRGINIA AVE,0,33.47650556,-112.047658330,0,8,0,0,3,3,1,0,1,1,0,1,0,0000000,9,1,9,2,9,5,0,0,0,1,0
4,40546,1,1,0,0,0,1,1,13,80,16,10,2011,1,17,45,1,11,1,I-10 RAMP,,1590,33.32278611,-111.972936110,0,42,0,1,5,1,4,0,5,1,0,1,0,0000000,17,45,17,50,18,35,0,0,0,1,1
4,40547,2,2,0,0,0,3,3,13,80,16,10,2011,1,18,50,0,14,6,RAY RD,MCCLINTOCK RD,0,33.32001389,-111.911138890,0,12,6,0,2,2,1,0,3,1,0,1,0,0000000,18,50,18,56,19,21,0,0,0,1,0
4,40548,1,1,0,0,0,1,1,1,0,17,10,2011,2,12,30,0,3,3,SR-264,,4284,35.75699167,-109.819941670,3,1,0,0,1,1,4,0,1,1,0,1,0,0000000,12,30,12,44,13,18,0,0,0,1,0
4,40549,1,1,0,1,1,2,2,13,200,17,10,2011,2,20,32,0,14,6,BETHANY HOME RD,,0,33.52385833,-112.200605560,0,8,0,0,1,1,1,0,3,1,0,1,0,0000000,20,32,20,36,21,0,0,0,0,1,0
4,40550,2,2,0,0,0,3,3,12,0,18,10,2011,3,17,6,0,4,2,US-60,,622,33.82328333,-113.530233330,0,12,2,0,1,1,1,0,5,1,0,1,0,0000000,17,6,17,20,99,99,0,0,0,2,1
4,40551,2,2,0,0,0,2,2,13,370,18,10,2011,3,18,2,0,13,6,CACTUS RD,,0,33.59675000,-112.035783330,0,12,6,0,8,1,1,0,5,1,0,1,0,0000000,18,2,18,5,18,18,0,0,0,1,1
4,40552,2,2,0,0,0,2,2,13,370,19,10,2011,4,17,9,1,11,1,I-17,,1944,33.42724722,-112.040502780,0,1,0,0,1,1,1,0,5,1,0,1,0,0000000,17,11,17,20,17,40,14,0,0,1,0
4,40553,1,1,0,0,0,2,2,27,0,20,10,2011,5,6,0,1,1,1,I-8,,552,32.72924167,-113.732163890,0,1,0,1,18,1,3,0,2,1,0,1,0,0000000,6,5,6,31,88,88,0,0,0,2,0
4,40554,1,1,0,1,1,1,1,21,70,21,10,2011,6,0,5,0,13,3,SR-287,,99999,32.87971389,-111.655308330,0,8,0,0,1,1,1,0,2,1,0,1,0,0000000,0,5,0,15,88,88,0,0,0,1,1
4,40556,2,2,0,0,0,4,4,7,0,22,10,2011,7,14,25,1,2,3,SR-87,SR-188,2359,34.03641389,-111.367477780,0,12,6,0,2,2,1,0,1,1,0,1,0,0000000,14,26,14,39,99,99,0,0,0,2,0
4,40557,2,2,0,0,0,3,3,13,370,24,10,2011,2,16,36,0,13,6,MCDOWELL RD,44TH ST,0,33.46568889,-111.987219440,0,12,6,0,2,2,1,0,1,1,0,1,0,0000000,16,37,16,41,16,53,0,0,0,1,1
4,40558,1,1,0,0,0,5,5,13,0,28,10,2011,6,21,50,1,1,1,I-10,,800,33.53801667,-113.158025000,0,1,0,0,1,1,3,0,2,1,0,1,0,0000000,21,53,22,3,99,99,0,0,0,1,0
4,40559,1,1,0,0,0,1,1,13,30,28,10,2011,6,22,25,1,11,1,I-10,,1312,33.45801944,-112.315038890,0,34,0,0,1,1,4,0,3,1,0,1,0,0000000,22,28,22,35,23,5,0,0,0,1,0
4,40560,2,2,0,0,0,2,2,13,220,31,10,2011,2,2,10,1,11,1,I-10,,1300,33.45787778,-112.334283330,0,12,7,0,1,1,1,0,3,1,0,1,0,0000000,2,12,2,26,99,99,0,0,0,1,1
4,40561,2,2,0,0,0,2,2,25,120,31,10,2011,2,12,55,0,3,3,SR-260,,2099,34.67786111,-111.973183330,0,12,1,0,1,1,1,0,1,1,0,1,0,0000000,12,55,13,4,88,88,0,0,0,1,0
4,40562,1,1,0,0,0,2,2,13,420,1,9,2011,5,16,26,0,15,6,MILLER RD,,0,33.45310278,-111.917830560,0,5,0,0,1,1,1,0,1,1,0,1,0,0000000,16,26,16,29,16,36,0,0,0,1,1
4,40563,1,1,0,0,0,1,1,5,170,17,9,2011,7,0,7,0,16,6,PINE KNOLL DR,,0,35.17580278,-111.655900000,4,1,0,0,1,1,1,0,3,1,0,1,0,0000000,0,7,0,12,0,38,0,0,0,1,1
4,40564,3,2,1,0,2,2,4,13,80,24,9,2011,7,12,2,1,12,3,SR-101,,606,33.30591111,-111.894105560,0,1,0,0,1,1,1,0,1,1,0,1,0,0000000,12,5,12,11,12,43,0,0,0,1,0
4,40565,1,1,0,0,0,2,2,12,0,29,9,2011,5,8,39,1,1,1,I-10,,445,33.63312222,-113.783716670,0,1,0,0,1,1,4,0,1,1,0,1,0,0000000,8,40,9,6,99,99,0,0,0,1,0
4,40566,1,1,0,0,0,1,1,19,295,21,8,2011,1,99,99,0,16,9,UNKNOWN RD,,0,99.99990000,999.999900000,0,99,0,0,99,9,99,0,6,99,0,99,0,0000000,99,99,99,99,88,88,0,0,0,1,0
4,40567,1,1,0,1,1,1,1,19,530,15,9,2011,5,19,10,0,13,6,SPEEDWAY BLVD,,0,32.23625833,-110.882730560,0,8,0,0,1,1,1,0,3,10,0,10,0,0000000,19,1,19,5,19,21,0,0,0,1,1
4,40568,1,1,0,0,0,4,4,21,297,19,9,2011,2,17,38,0,6,9,ANTHONY BLVD,RANCHO MIRAGE BLVD,0,33.04643611,-111.973927780,0,5,0,0,3,3,1,0,1,99,0,99,0,0000000,99,99,99,99,99,99,0,0,0,1,0
4,40569,1,1,0,0,0,1,1,13,370,24,9,2011,7,1,41,0,14,6,RAY RD,,0,33.31541111,-112.010205560,0,33,0,0,1,1,3,0,3,1,0,1,0,0000000,1,38,1,45,2,36,0,0,0,1,1
4,40570,1,1,0,1,1,1,1,13,370,24,9,2011,7,14,12,0,14,6,83RD AVE,,0,33.50763611,-112.237686110,0,9,0,0,1,1,1,0,1,1,0,1,0,0000000,14,14,14,16,14,40,0,0,0,1,0
4,40571,2,2,0,0,0,2,2,19,530,24,9,2011,7,18,48,0,13,6,WILMOT RD,SPEEDWAY BLVD,0,32.23591667,-110.858027780,0,12,2,0,2,2,1,0,5,1,0,1,0,0000000,18,47,18,51,19,13,0,0,0,1,0
4,40572,2,2,0,0,0,6,6,13,370,25,9,2011,1,15,44,0,16,6,MAYO BLVD,,0,33.65526944,-111.932050000,0,1,0,0,8,1,1,0,1,1,0,1,0,0000000,15,44,15,49,88,88,0,0,0,1,1
4,40573,2,2,0,1,1,2,2,19,530,28,9,2011,4,20,18,0,14,6,PARK AVE,TENNESSEE ST,0,32.16614167,-110.956202780,0,8,0,0,2,3,1,0,2,1,0,1,0,0000000,20,18,20,21,20,52,0,0,0,1,0
4,40574,4,3,1,0,0,4,4,13,0,28,9,2011,4,14,30,0,15,6,SOUTHERN AVE,,0,33.39189722,-112.193863890,0,12,1,0,1,1,1,0,1,1,0,1,0,0000000,14,30,14,40,16,50,0,0,0,3,1
4,40575,1,1,0,0,0,2,2,13,0,24,10,2011,2,7,58,0,15,4,TONOPAH SALOME HWY,,0,33.43653889,-112.603619440,0,1,0,0,1,1,4,0,1,10,0,10,0,0000000,7,58,8,7,99,99,0,0,0,1,0
4,40576,1,1,0,0,0,2,2,1,0,15,4,2011,6,22,44,0,4,2,US-191,,4833,36.56191389,-109.540886110,3,99,99,0,99,9,99,0,6,99,0,99,0,0000000,99,99,99,99,88,88,0,0,0,2,0
4,40577,1,1,0,0,0,2,2,1,0,19,7,2011,3,99,99,0,99,9,UNKNOWN RD,,0,99.99990000,999.999900000,3,1,0,0,99,9,99,0,9,99,0,99,0,0000000,99,99,99,99,88,88,0,0,0,1,0
4,40578,1,1,0,0,0,1,1,13,420,9,8,2011,3,99,99,0,13,6,MCKELLIPS RD,,0,99.99990000,999.999900000,0,99,0,0,1,1,6,0,9,99,0,99,0,0000000,99,99,99,99,88,88,0,0,0,1,1
4,40579,1,1,0,0,0,1,1,7,0,18,8,2011,5,14,31,0,6,9,DEER CREEK RD,,0,34.06192222,-111.359508330,0,17,0,0,1,1,4,0,1,1,0,1,0,0000000,99,99,99,99,99,99,0,0,0,1,0
4,40580,1,1,0,0,0,1,1,21,0,28,8,2011,1,14,30,0,15,6,BATTAGLIA DR,,0,99.99990000,999.999900000,0,99,99,0,99,9,99,0,1,99,0,99,0,0000000,99,99,99,99,99,99,0,0,0,1,0
4,40581,1,1,0,0,0,2,2,5,170,1,9,2011,5,99,99,0,13,6,SANTA FE AVE,,0,99.99990000,999.999900000,0,99,99,0,99,9,99,0,9,99,0,99,0,0000000,99,99,99,99,99,99,0,0,0,1,0
4,40582,1,1,0,0,0,1,1,21,70,1,9,2011,5,17,22,0,16,6,AGAVE LN,,0,32.92756944,-111.721586110,0,33,0,0,1,1,4,0,1,1,0,1,0,0000000,18,40,18,40,99,99,0,0,0,1,1
4,40583,1,1,0,1,1,1,1,3,50,4,9,2011,1,19,8,0,16,6,NACO HWY,,0,31.39801389,-109.919100000,0,8,0,0,1,1,1,0,2,1,0,1,0,0000000,19,8,19,12,88,88,0,0,0,1,0
4,40584,1,1,0,0,0,2,2,13,420,5,9,2011,2,20,12,0,16,6,ARIZONA CANAL RD,,0,33.51109444,-111.782475000,3,1,0,0,1,1,4,0,6,99,0,99,0,0000000,99,99,99,99,99,99,0,0,0,1,1
4,40585,1,1,0,0,0,2,2,1,0,10,9,2011,7,16,38,0,6,8,COUNTY RD 8189,,0,99.99990000,999.999900000,3,1,0,0,99,9,99,0,1,99,0,99,0,0000000,99,99,99,99,99,99,0,0,0,1,0
4,40586,1,1,0,0,0,2,2,1,0,15,9,2011,5,99,99,0,3,3,SR-264,,4520,35.71646667,-109.453316670,3,1,0,0,99,9,99,0,9,99,0,99,0,0000000,99,99,99,99,99,99,0,0,0,1,0
4,40587,2,2,0,0,0,2,2,1,0,17,9,2011,7,99,99,0,4,8,BIA 15,,0,99.99990000,999.999900000,3,12,99,0,99,9,99,0,9,99,0,99,0,0000000,99,99,99,99,99,99,0,0,0,1,0
4,40588,1,1,0,0,0,2,2,5,0,11,9,2011,1,7,0,0,6,8,FOREST RD 89A,,0,34.40069444,-111.007472220,0,42,0,0,1,1,5,0,6,99,0,99,0,0000000,88,88,88,88,88,88,0,0,0,2,0
4,40589,1,1,0,1,1,1,1,13,200,28,10,2011,6,18,52,0,13,6,BELL RD,,0,33.63816389,-112.211041670,0,8,0,0,1,1,1,0,3,1,0,1,0,0000000,18,53,18,54,19,27,0,0,0,1,0
4,40591,1,1,0,0,0,1,1,13,370,11,10,2011,3,15,16,0,13,6,BELL RD,TATUM BLVD,0,33.64047222,-111.977716670,0,33,0,0,2,2,4,0,1,1,0,1,0,0000000,15,18,15,23,15,49,0,0,0,1,0
4,40592,1,1,0,0,0,1,1,13,370,30,10,2011,1,0,53,0,13,6,CAVE CREEK RD,TONTO LN,0,33.66457222,-112.030283330,0,43,0,0,3,3,4,0,3,1,0,1,0,0000000,0,58,1,1,88,88,0,0,0,1,1
4,40593,2,2,0,0,0,3,3,13,490,27,9,2011,3,21,27,0,13,6,BROADWAY RD,,0,33.40757500,-111.911236110,0,1,0,0,8,1,1,0,3,1,0,1,0,0000000,21,29,21,31,21,50,0,0,0,1,0
4,40594,1,1,0,0,0,2,2,17,0,30,9,2011,6,19,51,0,6,8,BIA 60,,0,99.99990000,999.999900000,3,99,99,0,99,9,99,0,9,99,0,99,0,0000000,99,99,99,99,88,88,0,0,0,1,0
4,40595,1,1,0,1,1,0,0,13,370,3,10,2011,2,2,48,0,15,6,CAMPBELL AVE,,0,33.50219444,-112.167452780,0,8,0,0,1,1,1,0,3,1,0,1,0,0000000,2,48,2,51,88,88,0,0,0,1,0
4,40596,1,1,0,0,0,1,1,13,0,5,10,2011,4,9,39,0,4,9,MARICOPA RD,,0,32.99640556,-112.517563890,0,1,0,0,1,1,4,0,1,1,0,1,0,0000000,99,99,99,99,99,99,0,0,0,1,0
4,40597,2,2,0,0,0,2,2,13,370,6,10,2011,5,17,10,0,15,6,48TH ST,,0,33.35259722,-111.979930560,0,12,6,0,8,1,1,0,1,1,0,1,0,0000000,17,11,17,14,17,36,0,0,0,1,0