STATE,ST_CASE,VE_TOTAL,VE_FORMS,PVH_INVL,PEDS,PERNOTMVIT,PERMVIT,PERSONS,COUNTY,CITY,DAY,MONTH,YEAR,DAY_WEEK,HOUR,MINUTE,NHS,ROAD_FNC,ROUTE,TWAY_ID,TWAY_ID2,MILEPT,LATITUDE,LONGITUD,SP_JUR,HARM_EV,MAN_COLL,RELJCT1,RELJCT2,TYP_INT,REL_ROAD,WRK_ZONE,LGT_COND,WEATHER1,WEATHER2,WEATHER,SCH_BUS,RAIL,NOT_HOUR,NOT_MIN,ARR_HOUR,ARR_MIN,HOSP_HR,HOSP_MN,CF1,CF2,CF3,FATALS,DRUNK_DR
4,40598,1,1,0,0,0,4,4,1,0,8,10,2011,7,99,99,0,4,8,BIA 15,,0,99.99990000,999.999900000,3,1,0,0,1,1,1,0,6,99,0,99,0,0000000,99,99,99,99,99,99,0,0,0,1,0
4,40599,1,1,0,0,0,3,3,23,0,12,10,2011,4,15,17,0,4,4,ARIVACA RD,,0,31.68760000,-111.206280560,0,43,0,0,1,1,4,0,1,99,0,99,0,0000000,99,99,99,99,99,99,0,0,0,1,0
4,40600,2,2,0,0,0,5,5,13,370,11,10,2011,3,5,3,0,13,6,19TH AVE,LOWER BUCKEYE RD,0,33.42219167,-112.099763890,0,12,6,0,2,2,1,0,3,1,0,1,0,0000000,5,16,5,27,5,50,0,0,0,1,1
4,40601,2,2,0,0,0,4,4,13,370,11,10,2011,3,17,41,0,15,6,DEER VALLEY RD,22ND ST,0,33.68760000,-112.035519440,0,12,6,0,2,3,1,0,1,1,0,1,0,0000000,17,41,17,44,18,5,0,0,0,1,0
4,40602,7,7,0,0,0,13,13,13,0,12,10,2011,4,19,13,1,1,1,I-17,,2340,33.94025833,-112.140494440,0,1,0,0,1,1,1,0,2,1,0,1,0,0000000,19,15,19,23,88,88,0,0,0,1,1
4,40603,2,2,0,0,0,2,2,13,420,13,10,2011,5,10,37,0,16,6,SHEA BLVD,110TH ST,0,33.58239722,-111.843688890,0,12,6,0,2,2,1,0,1,1,0,1,0,0000000,10,36,10,36,11,11,0,0,0,1,0
4,40605,1,1,0,1,1,1,1,13,370,13,10,2011,5,21,23,0,14,6,BROADWAY RD,,0,33.40731667,-111.978833330,0,8,0,0,1,1,1,0,3,1,0,1,0,0000000,21,23,21,30,21,43,0,0,0,1,0
4,40606,1,1,0,1,1,1,1,19,530,14,10,2011,6,17,37,0,16,6,PENNINGTON RD,,0,32.22322500,-110.969430560,0,8,0,0,1,1,1,0,5,1,0,1,0,0000000,99,99,99,99,99,99,0,0,0,1,0
4,40607,1,1,0,0,0,2,2,13,370,15,10,2011,7,1,55,1,11,1,I-10,,1407,33.46204722,-112.151052780,0,1,0,1,18,1,4,0,3,1,0,1,0,0000000,1,57,2,3,99,99,0,0,0,1,1
4,40608,2,2,0,0,0,3,3,19,530,15,10,2011,7,2,35,1,13,6,ORACLE RD,RIVER RD,0,32.29746667,-110.978225000,0,12,1,0,3,2,1,0,3,1,0,1,0,0000000,2,32,2,37,3,2,0,0,0,1,1
4,40609,1,1,0,0,0,4,4,5,0,15,10,2011,7,99,99,0,4,8,BIA 15,,0,99.99990000,999.999900000,3,1,0,0,99,9,99,0,6,99,0,99,0,0000000,99,99,99,99,99,99,0,0,0,1,0
4,40610,1,1,0,0,0,2,2,1,0,15,10,2011,7,15,45,0,6,8,UNKNOWN RD,,0,99.99990000,999.999900000,3,1,0,0,99,9,99,0,1,99,0,99,0,0000000,99,99,99,99,88,88,0,0,0,1,0
4,40611,1,1,0,0,0,1,1,12,0,17,10,2011,2,99,99,0,5,9,CENTENNIAL PARK RD,,0,99.99990000,999.999900000,0,99,99,0,99,9,99,0,9,99,0,99,0,0000000,99,99,99,99,99,99,0,0,0,1,0
4,40612,5,5,0,0,0,6,6,19,530,19,10,2011,4,17,10,1,12,6,GOLF LINKS RD,WILMOT RD,0,32.19219444,-110.857838890,0,12,6,0,2,2,1,0,1,1,0,1,0,0000000,17,13,17,16,17,38,0,0,0,1,0
4,40613,1,1,0,1,1,1,1,19,295,20,10,2011,5,99,99,0,14,6,THORNYDALE RD,,0,99.99990000,999.999900000,0,8,0,0,99,9,99,0,9,99,0,99,0,0000000,99,99,99,99,99,99,0,0,0,1,0
4,40614,2,2,0,1,1,2,2,19,530,21,10,2011,6,9,18,1,13,6,GRANT RD,SAHUARA AVE,0,32.25071944,-110.866663890,0,9,0,0,2,2,1,0,1,1,0,1,0,0000000,99,99,99,99,99,99,14,0,0,1,0
4,40615,1,1,0,0,0,2,2,13,420,23,10,2011,1,4,5,0,15,6,PIMA RD,,0,33.72821667,-111.890930560,0,34,0,0,1,1,4,0,2,1,0,1,0,0000000,4,16,4,23,4,35,0,0,0,1,1
4,40616,1,1,0,0,0,3,3,1,0,24,10,2011,2,99,99,0,6,8,BIA 58,,0,99.99990000,999.999900000,3,1,0,0,99,9,99,0,9,99,0,99,0,0000000,99,99,99,99,99,99,0,0,0,2,0
4,40617,1,1,0,1,1,1,1,13,370,24,10,2011,2,18,1,0,16,6,20TH ST,,0,99.99990000,999.999900000,0,15,0,0,99,9,1,0,9,99,0,99,0,0000000,99,99,99,99,99,99,0,0,0,1,0
4,40618,2,2,0,0,0,2,2,19,530,25,10,2011,3,8,15,1,13,6,GOLF LINKS RD,PANTANO RD,0,32.19198611,-110.823969440,0,12,2,0,2,2,1,0,1,1,0,1,0,0000000,8,14,8,17,8,38,0,0,0,1,0
4,40619,1,1,0,0,0,2,2,19,530,25,10,2011,3,0,59,1,13,6,MISSION RD RAMP,,0,32.20509722,-110.993055560,0,33,0,0,5,1,4,0,3,1,0,1,0,0000000,1,3,1,6,99,99,0,0,0,1,1
4,40620,1,1,0,1,1,1,1,13,370,25,10,2011,3,5,52,0,16,6,LATHAM ST,59TH AVE,0,33.46063056,-112.186375000,0,9,0,0,3,2,1,0,9,99,0,99,0,0000000,99,99,99,99,88,88,0,0,0,1,0
4,40621,4,4,0,0,0,6,6,13,370,27,10,2011,5,19,11,0,13,6,35TH AVE,GRAND AVE,0,33.49628056,-112.134244440,0,12,1,0,3,7,1,0,3,1,0,1,0,0000000,19,12,19,17,19,32,0,0,0,1,1
4,40622,1,1,0,1,1,1,1,13,370,29,10,2011,7,20,16,0,13,6,CAVE CREEK RD,,0,33.64638611,-112.030844440,0,8,0,0,1,1,1,0,2,1,0,1,0,0000000,20,18,20,22,88,88,0,0,0,1,0
4,40623,1,1,0,1,1,1,1,13,370,30,10,2011,1,6,17,0,14,6,MCDOWELL RD,,0,33.46568333,-111.990602780,0,8,0,0,1,1,1,0,3,1,0,1,0,0000000,99,99,99,99,88,88,0,0,0,1,0
4,40624,2,2,0,0,0,3,3,25,0,20,9,2011,3,20,41,1,2,2,US-93,,1880,34.07601667,-112.882444440,0,12,2,0,1,1,1,0,2,1,0,1,0,0000000,20,46,21,3,88,88,0,0,0,3,1
4,40625,2,1,1,0,1,1,2,13,290,1,11,2011,3,5,0,0,13,6,GILBERT RD,,0,33.42780833,-111.788063890,0,45,0,0,1,1,1,4,3,1,0,1,0,0000000,99,99,99,99,99,99,0,0,0,1,1
4,40626,2,2,0,0,0,5,5,13,80,2,11,2011,4,17,13,0,13,3,SR-87,COMSTOCK DR,1695,33.34695000,-111.841761110,0,12,6,0,2,3,1,0,1,1,0,1,0,0000000,17,13,17,13,17,51,0,0,0,1,1
4,40627,2,2,0,0,0,3,3,13,290,3,11,2011,5,10,54,0,13,6,MCKELLIPS RD,,0,33.45187500,-111.700058330,0,12,2,0,1,1,1,0,1,1,0,1,0,0000000,99,99,99,99,99,99,0,0,0,1,0
4,40628,3,3,0,0,0,4,4,9,500,4,11,2011,6,10,27,0,13,2,US-70,REAY LN,3357,32.84911389,-109.767088890,0,12,6,0,2,2,1,0,1,10,0,10,0,0000000,99,99,99,99,99,99,0,0,0,1,0
4,40629,1,1,0,0,0,1,1,13,0,6,11,2011,1,1,48,1,1,1,I-10,,1672,33.22318056,-111.923008330,0,1,0,0,1,1,3,0,2,1,0,1,0,0000000,1,48,1,55,88,88,0,0,0,1,0
4,40630,1,1,0,0,0,1,1,13,370,8,11,2011,3,23,59,1,1,1,I-17,,2201,33.74263333,-112.123586110,0,52,0,0,1,1,4,0,3,1,0,1,0,0000000,0,1,0,10,0,36,18,0,0,1,1
4,40631,1,1,0,0,0,2,2,13,190,10,11,2011,5,20,59,0,16,6,JUNIPER AVE,,0,33.36009722,-111.793347220,0,33,0,0,1,1,4,0,3,10,0,10,0,0000000,20,59,21,1,99,99,0,0,0,1,0
4,40632,1,1,0,0,0,1,1,13,0,12,11,2011,7,14,14,0,3,3,SR-85,,235,32.63513333,-112.864111110,0,1,0,0,1,1,2,0,1,10,0,10,0,0000000,14,20,14,35,88,88,0,0,0,1,0
4,40633,2,2,0,0,0,2,2,1,597,12,11,2011,7,16,50,0,3,3,SR-264,,4760,35.66286111,-109.047847220,3,12,2,0,1,1,1,0,1,1,0,1,0,0000000,16,50,16,58,17,10,0,0,0,1,0
4,40634,1,1,0,0,0,1,1,13,0,16,11,2011,4,11,15,0,16,6,BAREHAND RD,,0,33.35171944,-112.211688890,3,34,0,0,1,1,4,0,1,1,0,1,0,0000000,11,15,11,21,88,88,0,0,0,1,0
4,40636,1,1,0,0,0,1,1,13,290,17,11,2011,5,3,4,0,14,6,LINDSAY RD,,0,33.45084444,-111.770769440,0,33,0,0,1,1,4,0,3,1,0,1,0,0000000,3,4,3,10,88,88,0,0,0,1,1
4,40637,1,1,0,0,0,1,1,25,0,19,11,2011,7,9,50,0,4,3,SR-89A,,3309,34.66981389,-112.211450000,0,1,0,0,1,1,4,0,1,1,0,1,0,0000000,9,51,10,0,10,52,0,0,0,1,0
4,40638,1,1,0,0,0,2,2,7,0,19,11,2011,7,15,17,0,4,3,SR-87,,2563,34.28596111,-111.338466670,0,35,0,0,1,1,4,0,1,10,0,10,0,0000000,99,99,99,99,99,99,0,0,0,1,0
4,40639,1,1,0,1,1,1,1,13,290,20,11,2011,1,20,13,0,13,6,GILBERT RD,JACINTO AVE,0,33.38181667,-111.788277780,0,8,0,0,3,2,1,0,3,10,0,10,0,0000000,20,14,20,17,20,43,0,0,0,1,0
4,40641,1,1,0,1,1,1,1,13,290,21,11,2011,2,22,16,0,13,6,ALMA SCHOOL RD,PECOS AVE,0,33.36019444,-111.859091670,0,8,0,0,2,2,1,0,3,1,0,1,0,0000000,99,99,99,99,99,99,0,0,0,1,0
4,40642,1,1,0,1,1,1,1,13,420,22,11,2011,3,16,25,0,13,6,64TH ST,OSBORN RD,0,33.48744444,-111.942922220,0,8,0,0,3,3,1,0,1,1,0,1,0,0000000,16,25,16,29,16,49,0,0,0,1,0
4,40644,1,1,0,1,1,3,3,17,565,23,11,2011,4,17,45,0,15,3,SR-73,,3401,33.85187222,-109.964094440,3,8,0,0,1,1,1,0,2,1,0,1,0,0000000,17,47,17,53,88,88,0,0,0,1,0
4,40645,3,3,0,0,0,3,3,13,200,23,11,2011,4,18,45,0,14,6,75TH AVE,,0,33.67148333,-112.220466670,0,12,6,0,8,1,1,0,3,1,0,1,0,0000000,18,45,18,49,88,88,14,0,0,1,0
4,40646,1,1,0,1,1,2,2,19,0,24,11,2011,5,2,5,0,14,9,MAGEE RD,,0,32.34716667,-111.017677780,0,8,0,0,1,1,1,1,2,1,0,1,0,0000000,2,11,2,16,2,37,0,0,0,1,0
4,40648,1,1,0,0,0,2,2,12,0,24,11,2011,5,22,15,1,1,1,I-10,,550,33.60626111,-113.602733330,0,1,0,0,1,1,4,1,2,10,0,10,0,0000000,23,26,0,10,99,99,0,0,0,1,0
4,40649,2,2,0,0,0,1,1,13,370,25,11,2011,6,13,11,1,11,7,I-17 FRONTAGE RD,,2100,33.59495000,-112.117372220,0,12,1,1,18,1,1,0,1,1,0,1,0,0000000,13,31,13,38,13,46,0,0,0,1,0
4,40651,2,2,0,0,0,4,4,13,30,26,11,2011,7,13,40,0,15,6,MCDOWELL RD,,0,33.46448056,-112.290916670,0,12,1,0,1,1,1,0,1,1,0,1,0,0000000,13,40,13,43,14,10,0,0,0,1,0
4,40652,2,2,0,0,0,3,3,9,0,26,11,2011,7,14,30,0,4,2,US-191,,1377,32.83380000,-109.442586110,0,12,2,0,1,1,2,0,1,1,0,1,0,0000000,14,30,14,47,99,99,0,0,0,2,1
4,40653,2,2,0,0,0,3,3,19,0,27,11,2011,1,18,5,1,1,1,I-19,,480,31.97771111,-110.990563890,0,12,7,0,1,1,1,0,3,1,0,1,0,0000000,18,5,18,19,99,99,0,0,0,1,0
4,40654,1,1,0,0,0,2,2,5,0,26,11,2011,7,22,26,1,1,1,I-17,,3284,35.01329167,-111.685069440,0,1,0,0,1,1,3,0,2,1,0,1,0,0000000,22,35,22,46,23,18,0,0,0,1,0
4,40655,1,1,0,0,0,1,1,13,290,28,11,2011,2,10,33,0,6,6,THOMAS RD,,0,33.48100278,-111.711894440,0,33,0,0,1,1,4,0,9,1,0,1,0,0000000,10,33,10,41,88,88,0,0,0,1,0
4,40656,2,2,0,1,1,4,4,13,490,29,11,2011,3,16,48,1,12,3,SR-202,,87,33.43611111,-111.908911110,0,8,0,0,1,1,1,0,1,1,0,1,0,0000000,16,51,16,58,17,19,23,0,0,1,0
4,40657,1,1,0,1,1,4,4,13,200,29,11,2011,3,17,50,0,14,6,BETHANY HOME RD,,0,33.52401389,-112.188861110,0,8,0,0,1,1,1,0,3,1,0,1,0,0000000,99,99,99,99,99,99,0,0,0,1,0
4,40658,2,2,0,0,0,3,3,5,0,1,12,2011,5,0,15,1,1,1,I-40,,2143,35.18169722,-111.357600000,0,12,9,0,1,1,1,0,2,1,0,1,0,0000000,0,15,0,35,99,99,0,0,0,1,0
4,40659,1,1,0,1,1,1,1,19,530,2,12,2011,6,5,29,1,11,7,I-10 FRONTAGE RD,,2687,32.12008333,-110.866288890,0,8,0,0,1,1,1,0,2,2,0,2,0,0000000,5,29,5,41,88,88,0,0,0,1,0
4,40660,1,1,0,0,0,7,7,25,0,3,12,2011,7,8,12,1,1,1,I-17,,2776,34.50450278,-111.999486110,0,35,0,0,1,1,3,0,1,4,0,4,0,0000000,8,12,8,33,99,99,0,0,0,1,0
4,40661,1,1,0,0,0,1,1,19,0,4,12,2011,1,6,42,0,14,9,WETMORE RD,,0,32.28694167,-110.999125000,0,33,0,0,1,1,4,0,3,5,0,5,0,0000000,6,42,6,42,7,0,0,0,0,1,0
4,40662,1,1,0,0,0,1,1,19,530,5,12,2011,2,14,34,1,1,1,I-10,,2783,32.03853333,-110.734505560,0,1,0,0,1,1,3,0,1,10,0,10,0,0000000,14,36,14,44,88,88,0,0,0,1,1
4,40663,1,1,0,0,0,1,1,25,0,6,12,2011,3,99,99,0,6,8,CAVE CREEK RD (FR 24),,0,34.14458333,-111.839191670,0,1,0,0,1,1,4,0,2,1,0,1,0,0000000,88,88,88,88,88,88,0,0,0,1,0
4,40664,2,2,0,0,0,2,2,13,290,6,12,2011,3,14,21,0,16,6,8TH ST,DATE,0,33.42957500,-111.844697220,0,12,6,0,2,3,1,0,1,1,0,1,0,0000000,14,21,14,25,14,51,0,0,0,1,0
4,40665,1,1,0,1,1,1,1,25,0,7,12,2011,4,18,6,1,2,2,US-93,,1946,34.01465000,-112.794452780,0,8,0,0,1,1,1,0,5,1,0,1,0,0000000,18,8,18,14,88,88,0,0,0,1,0
4,40666,1,1,0,1,1,1,1,3,0,7,12,2011,4,21,35,0,14,3,SR-92,,3264,31.47925833,-110.257405560,0,8,0,0,1,1,2,0,2,1,0,1,0,0000000,21,44,21,48,22,3,0,0,0,1,0
4,40667,1,1,0,0,0,1,1,13,290,12,12,2011,2,5,6,1,12,3,SR-202 RAMP,,220,33.47557778,-111.705938890,0,1,0,1,5,1,4,0,3,10,0,10,0,0000000,5,6,5,17,88,88,0,0,0,1,1
4,40669,1,1,0,1,1,1,1,13,30,15,12,2011,5,7,16,0,15,6,GARDEN LAKES PKWY,LAKESHORE DR,0,33.48388611,-112.303841670,0,8,0,0,3,2,1,0,1,1,0,1,0,0000000,7,16,7,23,7,52,0,0,0,1,0
4,40670,1,1,0,0,0,1,1,3,0,15,12,2011,5,14,6,1,1,1,I-10,,3472,32.33425556,-109.763205560,0,1,0,0,1,1,3,0,1,1,0,1,0,0000000,14,6,14,32,88,88,0,0,0,1,0
4,40671,1,1,0,1,1,2,2,13,290,16,12,2011,6,14,29,0,16,6,LAZONA,MAIN ST,0,33.41503056,-111.802036110,0,9,0,0,3,3,1,0,1,10,0,10,0,0000000,14,31,14,33,15,11,16,0,0,1,0
4,40673,1,1,0,0,0,1,1,13,200,21,12,2011,4,13,46,1,13,2,US-60,57TH DR,1550,33.53603889,-112.183102780,0,1,0,0,3,3,1,0,1,1,0,1,0,0000000,13,46,13,50,14,7,0,0,0,1,0
4,40674,2,2,0,0,0,2,2,19,0,29,12,2011,5,22,17,0,16,6,IRVINGTON RD,PALO VERDE RD,0,32.16319444,-110.917608330,0,12,6,0,2,2,1,0,3,1,0,1,0,0000000,22,18,22,24,88,88,0,0,0,1,0
4,40675,1,1,0,0,0,1,1,3,137,31,12,2011,7,7,0,0,6,9,JOHNSON RD,,0,32.06761944,-110.043044440,0,35,0,0,1,1,4,0,4,1,0,1,0,0000000,7,8,7,30,88,88,0,0,0,1,0
4,40676,1,1,0,1,1,2,2,13,486,23,11,2011,4,18,52,0,13,6,BELL RD,,0,33.63859167,-112.311266670,0,8,0,0,1,1,1,0,3,1,0,1,0,0000000,18,53,18,57,19,24,0,0,0,1,0
4,40677,4,4,0,0,0,4,4,19,295,5,12,2011,2,6,10,1,11,1,I-10,,2410,32.41920556,-111.156702780,0,12,11,0,1,1,1,0,2,10,0,10,0,0000000,6,11,6,13,99,99,0,0,0,1,0
4,40678,1,1,0,1,1,1,1,17,565,17,12,2011,7,21,20,0,15,3,SR-73,,3403,33.85477222,-109.964194440,3,8,0,0,1,1,1,0,2,1,0,1,0,0000000,21,30,21,33,21,40,0,0,0,1,0
4,40679,1,1,0,0,0,1,1,1,0,22,12,2011,5,17,10,0,5,3,SR-61,,3705,34.45666667,-109.623197220,3,41,0,0,1,1,4,0,2,4,0,4,0,0000000,17,12,99,99,99,99,0,0,0,1,0
4,40680,1,1,0,1,1,1,1,1,79,28,12,2011,4,9,17,0,4,2,US-191,,3749,35.20236111,-109.439319440,3,8,0,0,1,1,1,0,1,1,0,1,0,0000000,9,31,9,45,88,88,0,0,0,1,0
4,40681,2,2,0,0,0,3,3,1,0,30,12,2011,6,15,25,1,1,1,I-40 RAMP,US-191,3392,35.21620278,-109.333494440,3,12,6,1,2,2,1,0,1,1,0,1,0,0000000,15,25,15,27,17,0,0,0,0,1,0
4,40682,1,1,0,1,1,1,1,17,565,30,12,2011,6,20,10,0,15,3,SR-73,,3365,33.80817500,-109.989897220,3,8,0,0,1,1,1,0,2,1,0,1,0,0000000,20,10,20,20,20,43,0,0,0,1,0
4,40683,2,2,0,1,1,3,3,21,70,4,11,2011,6,16,59,0,13,6,FLORENCE BLVD,,0,32.87963056,-111.694552780,0,8,0,0,1,1,1,0,1,10,7,7,0,0000000,99,99,99,99,88,88,14,0,0,1,0
4,40684,3,3,0,0,0,4,4,19,530,8,11,2011,3,14,2,1,11,1,I-19,,628,32.19033333,-110.980955560,0,12,1,0,1,1,1,0,1,1,0,1,0,0000000,14,3,14,11,14,29,14,0,0,1,0
4,40685,2,2,0,0,0,2,2,13,80,9,11,2011,4,7,56,1,11,1,I-10,,1611,33.30101389,-111.971869440,0,12,1,1,18,1,1,0,1,1,0,1,0,0000000,7,56,8,0,88,88,0,0,0,1,0
4,40687,1,1,0,0,0,1,1,19,0,8,12,2011,5,23,20,1,1,1,I-10,,2865,31.99422222,-110.611894440,0,1,0,0,1,1,3,0,2,1,0,1,0,0000000,23,20,23,35,88,88,0,0,0,1,1
4,40690,1,1,0,0,0,2,2,5,0,26,12,2011,2,10,27,1,1,1,I-40,,2055,35.20643889,-111.506175000,0,35,0,0,1,1,3,0,1,1,0,1,0,0000000,10,27,10,34,99,99,0,0,0,1,0
4,40691,1,1,0,0,0,2,2,25,0,28,12,2011,4,15,33,1,1,1,I-17,,2925,34.63452500,-111.829386110,0,35,0,0,1,1,3,0,1,1,0,1,0,0000000,15,33,15,42,99,99,0,0,0,1,0
4,40692,1,1,0,0,0,4,4,15,0,29,12,2011,5,16,24,1,2,2,US-93,,1043,34.97987500,-113.668752780,0,1,0,0,1,1,3,0,1,1,0,1,0,0000000,16,26,16,53,99,99,0,0,0,1,0
4,40693,2,2,0,0,0,2,2,13,370,28,12,2011,4,16,45,0,13,6,THOMAS RD,80TH LN,0,33.47991389,-112.231247220,0,12,6,0,2,3,1,0,1,1,0,1,0,0000000,16,45,16,51,88,88,0,0,0,1,0
4,40694,1,1,0,1,1,1,1,1,0,9,6,2011,5,99,99,0,15,8,BIA 12,WINDOW ROCK BLVD,0,35.67126389,-109.059272220,3,8,0,0,2,3,1,0,6,99,0,99,0,0000000,99,99,99,99,99,99,0,0,0,1,0
4,40696,2,2,0,0,0,3,3,19,530,8,11,2011,3,99,99,0,13,6,SPEEDWAY BLVD,CRAYCROFT RD,0,32.23624722,-110.875513890,0,12,6,0,2,2,1,0,3,1,0,1,0,0000000,99,99,99,99,99,99,0,0,0,1,0
4,40697,4,4,0,0,0,8,8,19,530,18,11,2011,6,20,14,1,13,6,HOUGHTON RD,,0,32.10616944,-110.772680560,0,12,6,0,8,1,1,0,2,1,0,1,0,0000000,20,14,20,18,99,99,14,0,0,1,1
4,40698,1,1,0,1,1,1,1,19,530,19,11,2011,7,19,43,1,13,6,ALVERNON WAY,BELLEVUE ST,0,32.23795556,-110.909738890,0,8,0,0,3,2,1,0,2,1,0,1,0,0000000,19,42,19,47,88,88,0,0,0,1,0
4,40699,1,1,0,1,1,1,1,13,370,21,11,2011,2,12,47,0,13,6,44TH ST,INDIAN SCHOOL RD,0,33.49439444,-111.986880560,0,33,0,0,3,2,3,0,1,1,0,1,0,0000000,12,48,12,52,13,4,0,0,0,1,1
4,40700,2,2,0,0,0,3,3,19,530,28,11,2011,2,12,39,0,14,6,CAMINO SECO,ESCALANTE RD,0,32.17721944,-110.806947220,0,12,6,0,2,2,1,0,1,1,0,1,0,0000000,12,38,12,42,13,12,0,0,0,1,1
4,40701,2,2,0,0,0,3,3,17,0,30,11,2011,4,18,31,0,4,3,SR-73,,3430,33.88867222,-109.949736110,3,12,1,0,1,1,1,0,6,98,0,98,0,0000000,99,99,99,99,99,99,0,0,0,1,0
4,40702,1,1,0,0,0,5,5,25,0,4,12,2011,1,2,2,1,1,1,I-17,,2734,34.45811667,-112.033141670,0,31,0,0,1,1,4,0,2,1,0,1,0,0000000,2,3,2,21,99,99,0,0,0,1,0
4,40703,1,1,0,1,1,2,2,19,530,6,12,2011,3,8,17,1,13,6,BROADWAY BLVD,ROSEMONT BLVD,0,32.22159722,-110.883666670,0,8,0,0,3,2,1,0,1,1,0,1,0,0000000,99,99,99,99,99,99,0,0,0,1,0
4,40704,1,1,0,1,1,1,1,13,370,4,12,2011,1,10,34,0,13,6,CENTRAL AVE,PIMA ST,0,33.43313889,-112.073766670,0,9,0,0,3,2,1,0,1,1,0,1,0,0000000,10,34,10,39,10,52,0,0,0,1,0
4,40705,1,1,0,1,1,1,1,19,530,23,12,2011,6,22,49,1,13,6,GRANT RD,3RD AVE,0,32.25034444,-110.964130560,0,8,0,0,2,2,1,0,3,1,0,1,0,0000000,22,46,22,51,23,2,0,0,0,1,1
4,40706,2,2,0,0,0,6,6,12,0,26,12,2011,2,0,1,1,1,1,I-10,,359,99.99990000,999.999900000,0,12,1,0,1,1,1,0,2,1,0,1,0,0000000,0,1,99,99,99,99,0,0,0,1,1
4,40707,1,1,0,1,1,1,1,19,530,29,12,2011,5,13,26,0,13,6,22ND ST,RANDOLPH PKWY,0,32.20695000,-110.922325000,0,8,0,0,3,2,1,0,1,1,0,1,0,0000000,13,25,13,30,13,40,0,0,0,1,0
4,40708,1,1,0,1,1,1,1,13,370,30,12,2011,6,19,12,0,16,6,LUDLOW DR,57TH PL,0,33.61260278,-111.957825000,0,8,0,0,8,1,1,0,3,1,0,1,0,0000000,19,10,19,11,19,37,0,0,0,1,0
4,40709,1,1,0,0,0,1,1,25,0,25,12,2011,1,13,24,0,6,8,FOREST RD 72,,0,34.36819167,-112.555580560,0,34,0,0,1,1,4,0,1,1,0,1,0,0000000,99,99,99,99,99,99,0,0,0,1,1
4,40711,2,2,0,0,0,3,3,13,370,1,11,2011,3,20,45,0,13,6,35TH AVE,CAMPO BELLO AVE,0,33.64301111,-112.134375000,0,12,6,0,2,2,1,0,3,1,0,1,0,0000000,20,45,20,46,21,10,0,0,0,1,0
4,40712,1,1,0,1,1,1,1,7,210,2,11,2011,4,17,57,0,13,2,US-60,RADANOVICH BLVD,2478,33.41881111,-110.816575000,0,8,0,0,3,2,1,0,5,1,0,1,0,0000000,17,57,18,2,18,20,0,0,0,1,0
4,40713,2,2,0,0,0,4,4,7,0,4,11,2011,6,10,37,0,4,8,BIA 6,,0,33.36239722,-110.512788890,3,12,6,0,1,1,1,0,1,10,0,10,0,0000000,99,99,11,4,99,99,0,0,0,1,0
4,40714,2,2,0,0,0,4,4,13,370,5,11,2011,7,12,33,0,14,6,SOUTHERN AVE,11TH DR,0,33.39224444,-112.086594440,0,12,6,0,3,2,1,0,1,1,0,1,0,0000000,12,33,12,37,12,54,0,0,0,1,0
4,40715,3,3,0,0,0,5,5,13,370,5,11,2011,7,14,19,0,13,6,GRAND AVE,39TH AVE,0,33.50227778,-112.142925000,0,12,8,0,2,3,1,0,1,1,0,1,0,0000000,99,99,99,99,99,99,0,0,0,1,1
4,40716,2,2,0,0,0,2,2,13,420,6,11,2011,1,14,27,0,16,6,GOLDWATER BLVD,2ND ST,0,33.49125278,-111.930213890,0,12,6,0,2,2,1,0,1,1,0,1,0,0000000,99,99,99,99,99,99,0,0,0,1,0
4,40718,1,1,0,1,1,1,1,13,370,6,11,2011,1,0,5,0,13,6,DUNLAP AVE,,0,33.56753056,-112.132211110,0,8,0,0,1,1,1,0,3,1,0,1,0,0000000,0,5,0,10,88,88,0,0,0,1,0
4,40719,1,1,0,0,0,1,1,13,370,8,11,2011,3,15,8,0,16,6,VINEYARD RD,,0,33.38459444,-112.220941670,0,33,0,0,1,1,4,0,1,1,0,1,0,0000000,99,99,99,99,99,99,0,0,0,1,1
4,40720,2,2,0,0,0,2,2,13,370,8,11,2011,3,17,41,1,12,3,SR-101,,241,33.66897222,-112.101680560,0,12,1,0,1,1,1,1,5,1,0,1,0,0000000,17,46,18,1,18,31,0,0,0,1,0
4,40721,2,2,0,0,0,3,3,13,0,9,11,2011,4,99,99,1,13,3,SR-87,,99999,99.99990000,999.999900000,3,12,99,0,99,9,99,0,9,99,0,99,0,0000000,99,99,99,99,99,99,0,0,0,1,0
4,40722,1,1,0,1,1,2,2,9,0,10,11,2011,5,18,44,0,3,2,US-70,,2975,33.10978889,-110.091238890,3,8,0,0,1,1,1,0,3,1,0,1,0,0000000,99,99,99,99,99,99,0,0,0,1,0
4,40723,2,1,1,0,0,2,2,13,420,11,11,2011,6,0,50,0,16,6,OAK ST,,0,33.47291389,-111.945508330,0,1,0,0,1,1,2,0,3,1,0,1,0,0000000,0,52,0,57,99,99,0,0,0,1,1
4,40724,1,1,0,0,0,1,1,25,90,11,11,2011,6,16,1,0,6,6,BROADWAY RD,,0,99.99990000,999.999900000,0,1,0,0,99,9,1,0,1,99,0,99,0,0000000,99,99,99,99,88,88,0,0,0,1,0
4,40725,1,1,0,0,0,2,2,1,0,13,11,2011,1,99,99,0,6,8,BIA 12,,0,99.99990000,999.999900000,3,99,99,0,99,9,99,0,9,99,0,99,0,0000000,99,99,99,99,99,99,0,0,0,1,0