STATE,ST_CASE,VE_TOTAL,VE_FORMS,PVH_INVL,PEDS,PERNOTMVIT,PERMVIT,PERSONS,COUNTY,CITY,DAY,MONTH,YEAR,DAY_WEEK,HOUR,MINUTE,NHS,ROAD_FNC,ROUTE,TWAY_ID,TWAY_ID2,MILEPT,LATITUDE,LONGITUD,SP_JUR,HARM_EV,MAN_COLL,RELJCT1,RELJCT2,TYP_INT,REL_ROAD,WRK_ZONE,LGT_COND,WEATHER1,WEATHER2,WEATHER,SCH_BUS,RAIL,NOT_HOUR,NOT_MIN,ARR_HOUR,ARR_MIN,HOSP_HR,HOSP_MN,CF1,CF2,CF3,FATALS,DRUNK_DR
4,40726,1,1,0,0,0,1,1,17,0,14,11,2011,2,99,99,0,3,3,SR-260,,3596,34.08231389,-109.870913890,3,31,0,0,1,1,4,0,1,1,0,1,0,0000000,99,99,99,99,99,99,0,0,0,1,0
4,40727,2,2,0,0,0,2,2,13,370,15,11,2011,3,13,39,0,13,6,THUNDERBIRD RD,31ST AVE,0,33.61082222,-112.125150000,0,12,6,0,2,2,1,0,1,1,0,1,0,0000000,13,41,13,46,14,1,0,0,0,1,0
4,40728,4,4,0,0,0,7,7,13,370,17,11,2011,5,16,33,0,13,6,51ST AVE,VINEYARD RD,0,33.38475000,-112.168330560,0,12,99,0,2,2,1,0,1,99,0,99,0,0000000,99,99,99,99,99,99,0,0,0,1,1
4,40729,1,1,0,0,0,1,1,17,0,18,11,2011,6,7,14,0,3,3,SR-264,,4010,35.83446944,-110.228600000,3,35,0,0,99,9,99,0,1,99,0,99,0,0000000,99,99,99,99,99,99,0,0,0,1,0
4,40730,2,2,0,0,0,2,2,25,0,19,11,2011,7,13,5,0,4,3,SR-97,,1657,34.51798889,-113.144636110,0,1,0,0,1,1,1,0,1,1,0,1,0,0000000,13,5,13,13,88,88,0,0,0,1,0
4,40731,1,1,0,1,1,2,2,13,370,19,11,2011,7,15,25,0,13,6,7TH ST,,0,33.66555000,-112.065661110,0,9,0,0,1,1,1,0,1,1,0,1,0,0000000,99,99,99,99,99,99,0,0,0,1,0
4,40732,1,1,0,0,0,2,2,1,0,21,11,2011,2,17,31,0,4,2,US-191,,3990,35.52778056,-109.527730560,3,1,0,0,1,1,1,0,1,98,0,98,0,0000000,99,99,99,99,99,99,0,0,0,1,0
4,40733,1,1,0,1,1,1,1,13,370,21,11,2011,2,23,42,0,15,6,ROOSEVELT ST,,0,33.45865000,-112.037066670,0,8,0,0,1,1,1,0,3,1,0,1,0,0000000,99,99,99,99,99,99,0,0,0,1,0
4,40734,1,1,0,0,0,1,1,21,70,22,11,2011,3,99,99,0,16,6,ISOM RD,,0,99.99990000,999.999900000,0,99,99,0,99,9,99,0,9,99,0,99,0,0000000,99,99,99,99,88,88,0,0,0,1,0
4,40735,1,1,0,1,1,1,1,21,0,22,11,2011,3,17,50,0,4,8,BIA 15,,0,99.99990000,999.999900000,3,8,0,0,1,1,1,0,3,1,0,1,0,0000000,99,99,99,99,88,88,0,0,0,1,0
4,40736,1,1,0,0,0,2,2,5,0,24,11,2011,5,99,99,0,6,9,BLACK MESA PUMP STATION RD,,0,99.99990000,999.999900000,0,99,99,0,99,9,99,0,9,99,0,99,0,0000000,99,99,99,99,99,99,0,0,0,2,0
4,40737,1,1,0,0,0,2,2,1,0,28,3,2011,2,99,99,0,4,8,BIA 12,,0,99.99990000,999.999900000,3,1,0,0,1,1,99,0,9,99,0,99,0,0000000,99,99,99,99,99,99,0,0,0,1,0
4,40738,1,1,0,1,1,2,2,13,370,26,11,2011,7,19,52,0,13,6,19TH AVE,MICHIGAN AVE,0,33.65106667,-112.099738890,0,8,0,0,2,3,1,0,3,1,0,1,0,0000000,19,53,19,58,88,88,0,0,0,1,1
4,40739,1,1,0,1,1,2,2,13,290,28,11,2011,2,17,42,0,14,6,BROADWAY RD,,0,33.40778056,-111.606647220,0,9,0,0,1,1,1,0,2,1,0,1,0,0000000,17,42,18,5,18,20,0,0,0,1,0
4,40740,2,2,0,0,0,2,2,13,370,29,11,2011,3,7,11,0,15,6,48TH ST,,0,33.35169722,-111.980305560,0,12,2,0,1,1,1,0,1,1,0,1,0,0000000,99,99,99,99,99,99,0,0,0,1,0
4,40741,1,1,0,0,0,1,1,13,200,30,11,2011,4,12,42,0,15,6,GLENDALE AVE,115TH AVE,0,33.53644722,-112.306313890,0,1,0,0,3,3,1,0,1,1,0,1,0,0000000,12,40,12,40,13,13,0,0,0,1,0
4,40742,1,1,0,0,0,3,3,21,0,2,12,2011,6,0,7,0,4,9,CASA GRANDE RD,,0,33.04202222,-111.741766670,0,1,0,0,1,1,4,0,2,1,0,1,0,0000000,0,7,0,10,99,99,0,0,0,1,1
4,40743,2,2,0,0,0,7,7,13,290,4,12,2011,1,21,18,0,13,6,MESA DR,8TH ST,0,33.42999167,-111.822744440,0,12,1,0,3,2,1,0,3,1,0,1,0,0000000,21,20,21,24,21,45,0,0,0,2,0
4,40744,2,2,0,0,0,2,2,13,370,5,12,2011,2,4,3,0,14,6,67TH AVE,,0,33.49347222,-112.203236110,0,12,2,0,1,1,1,0,3,10,0,10,0,0000000,4,3,4,6,88,88,0,0,0,2,1
4,40745,1,1,0,1,1,1,1,13,370,5,12,2011,2,17,52,0,14,6,16TH ST,MCKINLEY ST,0,33.45677500,-112.047675000,0,8,0,0,2,3,1,0,3,1,0,1,0,0000000,17,53,17,57,18,8,0,0,0,1,0
4,40746,2,2,0,0,0,2,2,21,0,5,12,2011,2,10,34,0,4,3,SR-87,,1190,32.77953333,-111.515450000,0,12,2,0,1,1,1,0,1,1,0,1,0,0000000,10,36,10,50,99,99,0,0,0,1,0
4,40747,1,1,0,0,0,4,4,21,0,6,12,2011,3,99,99,0,6,9,PHILLIPS RD,,0,99.99990000,999.999900000,0,1,0,0,99,9,99,0,6,99,0,99,0,0000000,99,99,99,99,99,99,0,0,0,1,0
4,40748,1,1,0,0,0,2,2,1,0,7,12,2011,4,99,99,1,1,1,I-40,,3528,35.29759722,-109.137016670,3,1,0,0,1,1,99,0,9,99,0,99,0,0000000,99,99,99,99,99,99,0,0,0,1,0
4,40749,1,1,0,1,1,1,1,13,370,8,12,2011,5,17,41,0,14,6,BUCKEYE RD,,0,33.43707500,-112.078241670,0,8,0,0,1,1,1,0,3,1,0,1,0,0000000,99,99,99,99,99,99,0,0,0,1,0
4,40750,1,1,0,0,0,4,4,13,486,11,12,2011,1,99,99,0,16,6,CACTUS RD,,0,33.59455278,-112.348958330,0,33,0,0,1,1,3,0,3,1,0,1,0,0000000,4,53,5,4,99,99,0,0,0,2,1
4,40751,1,1,0,1,1,3,3,13,370,11,12,2011,1,17,35,0,13,6,INDIAN SCHOOL RD,,0,33.49476389,-112.206838890,0,9,0,0,1,1,1,0,1,1,0,1,0,0000000,17,37,17,37,17,59,0,0,0,1,0
4,40752,2,2,0,1,1,3,3,13,370,14,12,2011,4,18,31,0,13,6,19TH AVE,SUNNYSIDE DR,0,33.59285278,-112.099636110,0,8,0,0,3,2,1,0,3,1,0,1,0,0000000,18,34,18,36,18,47,0,0,0,1,1
4,40753,1,1,0,2,2,1,1,21,0,14,12,2011,4,18,42,0,6,9,SKOUSEN RD,,0,33.01687778,-111.558752780,0,8,0,0,1,1,1,0,2,1,0,1,0,0000000,99,99,99,99,99,99,0,0,0,2,0
4,40754,1,1,0,2,2,1,1,13,370,18,12,2011,1,12,23,0,15,6,12TH ST,,0,33.49876667,-112.056288890,0,8,0,0,1,1,1,0,1,2,0,2,0,0000000,99,99,99,99,99,99,0,0,0,1,0
4,40755,1,1,0,1,1,1,1,19,0,19,12,2011,2,20,31,0,13,3,SR-77,,732,32.31442778,-110.977438890,0,8,0,0,1,1,1,0,2,1,0,1,0,0000000,20,36,20,40,20,59,0,0,0,1,0
4,40756,2,2,0,0,0,3,3,13,370,21,12,2011,4,4,57,0,14,6,NORTHERN AVE,43RD AVE,0,33.55307222,-112.151544440,0,12,6,0,2,2,1,0,3,1,0,1,0,0000000,4,59,5,9,5,33,0,0,0,1,0
4,40757,2,2,0,0,0,2,2,13,0,23,12,2011,6,2,18,0,3,4,ELLSWORTH RD,PUEBLO AVE,0,33.40058889,-111.632741670,0,12,6,0,2,2,1,0,3,1,0,1,0,0000000,2,18,2,27,99,99,0,0,0,1,1
4,40758,1,1,0,0,0,2,2,25,373,24,12,2011,7,3,20,0,16,6,MANLEY DR,,0,34.61461111,-112.328291670,0,1,0,0,1,1,4,0,2,1,0,1,0,0000000,3,20,3,26,4,54,0,0,0,1,1
4,40759,1,1,0,0,0,2,2,1,0,25,12,2011,1,20,0,0,4,2,US-191,,3976,35.50766667,-109.527719440,3,35,0,0,1,1,4,0,6,99,0,99,0,0000000,99,99,99,99,99,99,0,0,0,1,0
4,40760,1,1,0,0,0,1,1,1,0,27,12,2011,3,8,2,0,4,2,US-191,,4362,36.01573056,-109.605197220,3,1,0,0,1,1,99,0,1,99,0,99,0,0000000,99,99,99,99,88,88,0,0,0,1,0
4,40761,1,1,0,1,1,1,1,19,355,28,12,2011,4,16,57,0,14,6,RANCHO VISTOSO BLVD,VISTOSO HIGHLANDS DR,0,32.45352222,-110.975075000,0,9,0,0,2,2,1,0,1,1,0,1,0,0000000,16,57,17,3,17,41,0,0,0,1,0
4,40763,1,1,0,0,0,2,2,15,0,31,12,2011,7,99,99,0,6,9,WILLOW BEACH RD,,0,99.99990000,999.999900000,0,99,0,0,99,9,99,0,6,99,0,99,0,0000000,99,99,99,99,99,99,0,0,0,1,0
4,40764,1,1,0,1,1,1,1,1,0,31,12,2011,7,17,57,0,3,3,SR-264,,4310,35.76131111,-109.780497220,3,8,0,0,99,9,1,0,9,99,0,99,0,0000000,99,99,99,99,88,88,0,0,0,1,0
4,40765,1,1,0,0,0,1,1,1,0,31,12,2011,7,18,26,0,6,9,GREASEWOOD RD,,0,99.99990000,999.999900000,3,2,0,0,99,9,99,0,9,99,0,99,0,0000000,99,99,99,99,88,88,0,0,0,1,0
4,40766,1,1,0,1,1,1,1,13,370,31,12,2011,7,19,38,0,14,6,SOUTHERN AVE,,0,33.39223056,-112.096272220,0,8,0,0,1,1,1,0,3,1,0,1,0,0000000,19,39,19,43,20,10,0,0,0,1,0
4,40767,1,1,0,0,0,2,2,1,0,22,12,2011,5,15,45,0,6,8,UNKNOWN RD,,0,99.99990000,999.999900000,3,1,0,0,99,9,99,0,1,99,0,99,0,0000000,99,99,99,99,99,99,0,0,0,1,0
4,40768,1,1,0,1,1,1,1,1,0,31,12,2011,7,2,25,0,4,8,BIA 12,,0,99.99990000,999.999900000,0,8,0,0,1,1,1,0,6,99,0,99,0,0000000,99,99,99,99,88,88,0,0,0,1,0
4,40769,1,1,0,1,1,1,1,17,565,3,8,2011,4,2,40,0,16,6,PAXSON AVE,,0,33.86660556,-109.966205560,3,8,0,0,1,1,1,0,6,99,0,99,0,0000000,99,99,99,99,99,99,0,0,0,1,0
4,40770,1,1,0,0,0,2,2,17,565,7,9,2011,4,99,99,0,16,6,COURDUROY CT,,0,99.99990000,999.999900000,0,5,0,0,1,1,1,0,9,99,0,99,0,0000000,99,99,99,99,99,99,0,0,0,1,0
4,40771,1,1,0,0,0,1,1,13,0,22,12,2011,5,20,47,1,1,1,I-17,,2292,33.87664444,-112.146600000,0,1,0,1,18,1,1,0,3,1,0,1,0,0000000,99,99,99,99,99,99,0,0,0,1,0
5,50001,1,1,0,0,0,1,1,61,0,2,1,2011,1,16,8,0,3,2,US-371-02,,55,33.95421667,-93.970636110,0,32,0,0,1,1,4,0,1,1,0,1,0,0000000,88,88,88,88,88,88,0,0,0,1,0
5,50002,2,2,0,0,0,5,5,131,1370,3,1,2011,2,13,33,1,11,1,I-540-01,,87,35.34128889,-94.378427780,0,12,2,0,1,1,1,0,1,1,0,1,0,0000000,13,34,13,42,99,99,0,0,0,2,0
5,50003,1,1,0,0,0,1,1,119,0,6,1,2011,5,19,36,0,6,4,WAYNE DR.,STEVENS DR.,0,34.81435833,-92.318330560,0,42,0,0,3,3,5,0,6,1,0,1,0,0000000,88,88,88,88,88,88,0,0,0,1,0
5,50004,1,1,0,0,0,1,1,7,3390,7,1,2011,6,8,10,0,16,6,W. PLEASANT GROVE RD,N. I-540 ON RAMP,0,36.28345278,-94.159038890,0,46,0,1,5,1,4,0,1,1,0,1,0,0000000,8,13,8,19,88,88,0,0,0,1,0
5,50005,1,1,0,1,1,1,1,143,3670,7,1,2011,6,11,12,0,16,6,PLEASANT ST.,CHRISTIAN AVE.,0,36.19145556,-94.142875000,0,43,0,0,2,3,5,0,1,1,0,1,0,0000000,11,13,11,19,99,99,0,0,0,1,0
5,50006,1,1,0,0,0,1,1,23,0,8,1,2011,7,23,46,0,3,3,SR-5-15,,14,35.38226111,-92.072338890,0,42,0,0,1,1,4,0,6,1,0,1,0,0000000,88,88,88,88,88,88,99,99,99,1,1
5,50007,2,2,0,0,0,3,3,27,0,8,1,2011,7,15,15,0,3,2,US-371-07,CR 1,139,33.19000278,-93.411211110,0,12,6,0,2,2,1,0,1,1,0,1,0,0000000,3,23,3,34,99,99,0,0,0,1,0
5,50008,2,2,0,0,0,2,2,119,2320,8,1,2011,7,20,59,0,13,3,SR-5-09,ROCKWOOD RD,52,34.69896667,-92.385577780,0,12,2,0,2,3,1,0,3,1,0,1,0,0000000,21,10,21,16,99,99,20,0,0,1,1
5,50009,2,2,0,0,0,6,6,103,780,9,1,2011,1,11,15,0,3,3,SR-24-06,,54,33.70316944,-93.023644440,0,12,8,0,1,1,1,0,1,3,0,3,0,0000000,11,20,11,45,99,99,0,0,0,1,0
5,50010,3,3,0,0,0,4,4,13,0,9,1,2011,1,12,25,1,2,2,US-167-04,,119,33.69853056,-92.465786110,0,12,6,0,1,1,1,0,1,4,0,4,0,0000000,12,50,13,20,99,99,0,0,0,1,0
5,50011,4,4,0,0,0,7,7,51,0,9,1,2011,1,14,5,1,2,2,US-70-09,,964,34.55068056,-92.859450000,0,12,6,0,1,1,1,0,1,4,0,4,0,0000000,14,7,14,17,99,99,0,0,0,1,0
5,50012,1,1,0,0,0,1,1,117,0,10,1,2011,2,17,10,0,4,3,SR-86-00,,37,34.93797222,-91.655180560,0,35,0,0,1,1,4,0,5,1,0,1,0,0000000,17,13,17,21,99,99,0,0,0,1,1
5,50013,2,2,0,0,0,3,3,131,1370,13,1,2011,5,13,20,0,13,3,SR-22-01,SWEET AVE,14,35.37499167,-94.399875000,0,12,6,0,2,3,1,0,1,1,0,1,0,0000000,13,26,13,26,99,99,0,0,0,2,0
5,50014,1,1,0,0,0,1,1,119,0,14,1,2011,6,5,15,0,6,6,FAULKNER LAKE RD.,,0,34.74350000,-92.138922220,0,34,0,0,1,1,4,0,6,1,0,1,0,0000000,5,30,5,32,88,88,0,0,0,1,0
5,50015,4,4,0,0,0,4,4,71,0,14,1,2011,6,15,51,1,1,1,I-40-21,,465,35.49666667,-93.658961110,0,12,7,0,1,1,1,0,1,1,0,1,0,0000000,15,52,16,7,99,99,23,0,0,1,0
5,50016,2,2,0,0,0,3,3,123,608,15,1,2011,7,0,5,1,2,3,SR-1-12,,50,35.07106667,-90.816163890,0,12,2,0,1,1,1,0,2,1,0,1,0,0000000,0,6,0,13,99,99,0,0,0,2,1
5,50017,1,1,0,0,0,1,1,61,0,15,1,2011,7,19,20,0,4,2,US-278-02,,114,34.27920556,-94.051552780,0,42,0,0,1,1,4,0,6,1,0,1,0,0000000,88,88,88,88,88,88,0,0,0,1,1
5,50018,1,1,0,0,0,1,1,119,2880,16,1,2011,1,0,19,0,13,3,SR-365-11,CRYSTAL HILL RD,116,34.80975000,-92.309361110,0,1,0,0,2,2,1,0,3,1,0,1,0,0000000,0,19,0,21,99,96,0,0,0,1,0
5,50019,2,2,0,0,0,2,2,73,0,18,1,2011,3,9,56,1,2,2,US-82-02,,91,33.36265000,-93.542061110,0,12,2,0,1,1,1,0,1,1,0,1,0,0000000,9,58,10,1,99,99,0,0,0,1,0
5,50021,1,1,0,0,0,1,1,57,0,19,1,2011,4,22,43,0,4,4,HEMPSTEAD 37,,0,33.87704167,-93.792858330,0,42,0,0,1,1,4,0,6,1,0,1,0,0000000,22,43,23,15,88,88,3,0,0,1,1
5,50022,1,1,0,0,0,2,2,9,0,22,1,2011,7,12,3,1,2,2,US-65-02,,106,36.13655833,-92.975963890,0,35,0,0,1,1,4,0,1,1,0,1,0,0000000,12,3,12,17,99,99,0,0,0,1,0
5,50023,3,3,0,0,0,5,5,35,4120,22,1,2011,7,12,34,1,11,1,I-40-52,,2802,35.15538889,-90.150075000,0,24,0,0,1,1,4,1,1,1,0,1,0,0000000,12,37,12,48,99,99,0,0,0,1,0
5,50024,1,1,0,0,0,1,1,23,0,23,1,2011,1,7,26,0,4,3,SR-16-11,,20,35.62583889,-92.236619440,0,1,0,0,1,1,4,0,6,99,0,99,0,0000000,88,88,88,88,88,88,0,0,0,1,1
5,50025,2,2,0,0,0,2,2,143,3670,25,1,2011,3,6,44,0,13,2,US-71-17B,,79,36.20314444,-94.138327780,0,12,1,0,1,1,1,0,4,1,0,1,0,0000000,6,48,6,56,99,99,0,0,0,1,0
5,50026,2,2,0,0,0,2,2,71,800,25,1,2011,3,10,4,1,11,1,I-40-21,EASTBOUND RAMP,572,35.45346944,-93.469877780,0,12,6,1,5,1,1,0,1,1,0,1,0,0000000,10,4,10,9,99,99,0,0,0,1,0
5,50027,1,1,0,0,0,1,1,85,600,25,1,2011,3,22,17,0,13,3,SR-89-01,,149,34.93326667,-92.006250000,0,59,0,0,1,1,4,0,6,1,0,1,0,0000000,22,17,22,21,88,88,0,0,0,1,1
5,50028,2,2,0,0,0,2,2,7,2380,27,1,2011,5,15,38,0,3,3,SR-264-02,,6,36.25505278,-94.183172220,0,12,2,0,1,1,1,0,1,1,0,1,0,0000000,15,39,15,42,99,99,0,0,0,1,1
5,50029,1,1,0,0,0,1,1,69,0,28,1,2011,6,4,0,1,2,2,US-270-11,,11,34.29845833,-92.193061110,0,42,0,0,1,1,4,0,6,1,0,1,0,0000000,88,88,88,88,88,88,0,0,0,1,1
5,50030,2,2,0,0,0,2,2,9,0,28,1,2011,6,9,6,0,4,3,SR-43-02,,47,36.13444444,-93.264655560,0,12,2,0,1,1,1,0,1,1,0,1,0,0000000,8,46,9,9,99,99,0,0,0,1,1
5,50032,1,1,0,1,1,1,1,119,2880,28,1,2011,6,20,51,0,13,2,US-70-13,,21,34.75522222,-92.236319440,0,8,0,0,1,1,1,0,3,1,0,1,0,0000000,20,53,20,57,88,88,0,0,0,1,0
5,50033,2,1,1,2,2,1,1,131,1370,28,1,2011,6,22,29,1,2,2,US-71-14,,72,35.27645556,-94.374619440,0,8,0,0,1,1,2,0,6,1,0,1,0,0000000,22,30,22,38,88,88,23,0,0,1,0
5,50034,1,1,0,0,0,1,1,119,2320,29,1,2011,7,2,56,0,16,6,MARKHAM ST,ELM ST,0,34.75102778,-92.318630560,0,33,0,0,2,2,4,0,2,1,0,1,0,0000000,2,56,2,58,99,99,0,0,0,1,1
5,50035,1,1,0,0,0,1,1,33,0,29,1,2011,7,17,4,0,3,2,US-71-15,,206,35.73355556,-94.119530560,0,1,0,0,1,1,1,0,1,1,0,1,0,0000000,17,13,17,39,99,99,19,0,0,1,0
5,50036,2,2,0,0,0,9,9,119,2320,29,1,2011,7,18,0,0,13,3,SR-338-01,,30,34.67002778,-92.366588890,0,12,8,0,1,1,1,0,3,1,0,1,0,0000000,18,8,18,15,99,99,0,0,0,1,1
5,50037,2,2,0,0,0,2,2,133,0,4,2,2011,6,6,8,1,2,2,US-71-07,,35,34.09592778,-94.322294440,0,12,2,0,1,1,1,0,6,4,0,4,0,0000000,6,9,6,24,99,99,0,0,0,1,0
5,50038,2,2,0,0,0,2,2,113,0,4,2,2011,6,6,45,1,2,2,US-71-08,,191,34.43395556,-94.411569440,0,12,2,0,1,1,1,0,4,11,0,11,0,0000000,88,88,88,88,88,88,0,0,0,1,0
5,50039,2,2,0,0,0,3,3,3,0,4,2,2011,6,12,59,0,4,3,SR-133-01,ASHLEY 461 RD,89,33.25663333,-91.924494440,0,12,6,0,2,2,1,0,1,2,0,2,0,0000000,13,11,13,18,99,99,0,0,0,1,0
5,50040,2,2,0,0,0,3,3,85,600,4,2,2011,6,16,5,0,14,3,SR-5-12,KIRKLAND DR,51,35.02103611,-92.072338890,0,12,6,0,2,3,1,0,1,4,0,4,0,0000000,16,12,16,30,99,99,0,0,0,1,0
5,50041,1,1,0,0,0,2,2,125,0,5,2,2011,7,8,25,1,1,1,I-30-22,,1095,34.52876389,-92.679205560,0,42,0,0,1,1,3,0,1,1,0,1,0,0000000,88,88,88,88,88,88,0,0,0,1,0
5,50042,1,1,0,0,0,6,6,1,0,5,2,2011,7,15,20,0,6,4,FORREST SCHOOL RD,,0,34.38198056,-91.365308330,0,1,0,0,1,1,4,0,1,1,0,1,0,0000000,15,20,15,42,99,99,0,0,0,1,0
5,50043,1,1,0,0,0,1,1,17,0,6,2,2011,1,1,0,0,4,3,SR-144-02,,79,33.38730556,-91.320933330,0,32,0,0,1,1,4,0,6,1,0,1,0,0000000,88,88,88,88,88,88,0,0,0,1,1
5,50044,1,1,0,0,0,1,1,119,2036,8,2,2011,3,11,36,1,12,2,US-67-10,,119,34.88392500,-92.109416670,0,1,0,0,1,1,1,0,1,1,0,1,0,0000000,88,88,88,88,88,88,0,0,0,1,0
5,50045,5,5,0,0,0,6,6,85,3515,9,2,2011,4,9,7,1,1,1,I-40-41,,1640,34.78976944,-92.075730560,0,12,7,0,1,1,1,0,1,4,0,4,0,0000000,9,10,9,52,88,88,0,0,0,1,0
5,50046,3,3,0,0,0,8,8,95,0,9,2,2011,4,9,46,1,1,1,I-40-43,,2084,34.84991111,-91.349602780,0,12,6,0,1,1,1,0,1,4,0,4,0,0000000,9,51,10,10,99,99,0,0,0,2,1
5,50047,1,1,0,0,0,2,2,55,0,11,2,2011,6,15,31,0,6,4,995 GREENE CO RD.,,0,35.98078333,-90.486875000,0,53,0,0,1,1,4,0,1,1,0,1,0,0000000,15,38,15,50,99,99,0,0,0,1,0
5,50048,2,2,0,0,0,2,2,69,0,11,2,2011,6,16,18,0,4,4,MIDDLE WARREN RD,,0,34.12466667,-92.022255560,0,12,6,0,1,1,1,0,1,1,0,1,0,0000000,16,20,16,31,99,99,0,0,0,1,1
5,50049,1,1,0,0,0,2,2,63,250,12,2,2011,7,1,4,0,13,3,SR-69-02B,,2,35.78769167,-91.661447220,0,32,0,0,1,1,4,0,6,1,0,1,0,0000000,1,3,1,10,99,99,0,0,0,1,1
5,50050,2,2,0,0,0,2,2,119,2036,13,2,2011,1,17,32,0,6,6,MARSHALL RD,,0,34.87881389,-92.126322220,0,12,6,0,8,1,1,0,1,1,0,1,0,0000000,17,33,17,36,99,99,0,0,0,1,0
5,50051,2,2,0,0,0,3,3,21,0,14,2,2011,2,12,26,0,3,2,US-62-20,SR-135,56,36.39821111,-90.515327780,0,12,6,1,2,3,1,0,1,1,0,1,0,0000000,12,38,13,2,99,99,0,0,0,1,0
5,50052,1,1,0,1,1,1,1,39,0,14,2,2011,2,19,30,0,3,3,SR-8-07,,89,34.02250278,-92.804688890,0,8,0,0,1,1,1,0,6,1,0,1,0,0000000,88,88,88,88,88,88,0,0,0,1,0
5,50053,1,1,0,1,1,1,1,119,2320,15,2,2011,3,6,27,0,6,6,EMERGENCY DR,,0,34.74307500,-92.378444440,0,8,0,0,1,1,1,0,4,1,0,1,0,0000000,6,27,6,31,99,99,0,0,0,1,0
5,50054,2,2,0,0,0,2,2,57,0,16,2,2011,4,1,3,0,4,2,US-67-02,,93,33.64838611,-93.662052780,0,12,6,0,1,1,2,0,6,1,0,1,0,0000000,1,5,1,12,99,99,0,0,0,1,1
5,50055,1,1,0,0,0,1,1,101,9997,17,2,2011,5,5,22,0,3,3,SR-7-18,,236,36.10556667,-93.131961110,0,42,0,0,1,1,4,0,2,1,0,1,0,0000000,88,88,88,88,88,88,0,0,0,1,0
5,50056,1,1,0,0,0,3,3,19,130,20,2,2011,1,3,40,1,11,1,I-30-14,,730,34.11702778,-93.093811110,0,42,0,0,1,1,5,0,6,1,0,1,0,0000000,3,45,4,1,99,99,0,0,0,1,1
5,50057,1,1,0,0,0,1,1,33,3930,20,2,2011,1,18,23,1,11,1,I-40-11,,40,35.46577222,-94.379383330,0,1,0,0,1,1,4,0,6,1,0,1,0,0000000,88,88,88,88,88,88,0,0,0,1,1
5,50058,2,2,0,0,0,2,2,99,0,21,2,2011,2,9,15,0,4,2,US-371-04,,11,33.81124167,-93.456788890,0,1,0,0,1,1,1,0,1,2,0,2,0,0000000,9,19,9,21,99,99,0,0,0,1,0
5,50059,2,2,0,0,0,3,3,31,2070,22,2,2011,3,23,12,0,14,2,US-49-04,,4,35.81126944,-90.725055560,0,12,2,0,1,1,1,0,3,1,0,1,0,0000000,23,16,23,22,99,99,0,0,0,1,1
5,50060,1,1,0,0,0,1,1,73,0,23,2,2011,4,3,40,0,3,3,SR-29-02,,47,33.42410000,-93.594547220,0,1,0,0,1,1,4,1,6,1,0,1,0,0000000,3,41,3,56,99,99,0,0,0,1,0
5,50061,1,1,0,0,0,1,1,125,0,25,2,2011,6,4,25,1,1,1,I-30-22,,1062,34.47458056,-92.734994440,0,1,0,0,1,1,3,0,6,1,0,1,0,0000000,4,25,4,35,88,88,0,0,0,1,0
5,50062,2,2,0,0,0,2,2,9,0,28,2,2011,2,14,18,0,4,3,SR-14-01,,189,36.44027222,-92.955236110,0,12,2,0,1,1,1,0,1,1,0,1,0,0000000,14,19,14,28,88,88,0,0,0,2,0
5,50063,1,1,0,0,0,1,1,31,270,1,3,2011,3,99,99,0,6,4,CR 623,,0,35.72413056,-90.540872220,0,42,0,0,1,1,4,0,4,1,0,1,0,0000000,6,31,6,45,88,88,0,0,0,1,1
5,50064,1,1,0,0,0,1,1,139,3620,1,3,2011,3,12,23,1,2,3,SR-7-02,,44,33.33336111,-92.700963890,0,38,0,0,1,1,4,0,1,1,0,1,0,0000000,12,25,12,34,99,99,3,0,0,1,0
5,50065,1,1,0,1,1,1,1,35,4120,2,3,2011,4,18,40,1,11,1,I-40-52,,2795,35.15515278,-90.145194440,0,8,0,0,1,1,1,1,6,1,0,1,0,0000000,18,48,18,52,99,99,0,0,0,1,0
5,50066,2,2,0,0,0,2,2,61,2790,2,3,2011,4,18,16,0,3,3,SR-27-04,,5,33.94348333,-93.838369440,0,12,2,0,1,1,1,0,6,1,0,1,0,0000000,88,88,88,88,88,88,20,0,0,1,1
5,50067,2,2,0,0,0,3,3,91,0,3,3,2011,5,16,45,0,4,3,SR-196-01,,46,33.40046389,-93.956477780,0,12,2,0,1,1,1,0,1,1,0,1,0,0000000,17,20,17,30,99,99,0,0,0,2,0
5,50068,1,1,0,0,0,1,1,119,2880,7,3,2011,2,23,44,1,11,1,I-40-33,,1546,34.78001667,-92.240438890,0,25,0,0,1,1,3,0,3,1,0,1,0,0000000,23,44,23,52,99,99,0,0,0,1,1
5,50069,1,1,0,0,0,1,1,29,9997,8,3,2011,3,7,29,0,3,3,SR-9-08,,258,35.44305000,-92.524516670,0,32,0,0,1,1,4,0,1,1,0,1,0,0000000,88,88,88,88,88,88,0,0,0,1,0
5,50070,3,3,0,0,0,4,4,31,0,8,3,2011,3,12,8,1,2,2,US-63-06,,63,35.89574167,-90.797861110,0,12,6,0,1,1,1,0,1,2,10,2,0,0000000,12,8,12,18,99,99,0,0,0,2,0
5,50071,2,2,0,0,0,2,2,115,3450,8,3,2011,3,12,10,0,13,2,US-64-06,,148,35.26205556,-93.065658330,0,12,6,0,1,1,1,0,1,2,0,2,0,0000000,12,20,12,26,99,99,0,0,0,1,0
5,50072,2,2,0,0,0,3,3,51,1907,9,3,2011,4,16,27,1,13,2,US-270-05B,GILCHRIST,8,34.49353056,-93.099666670,0,12,6,0,2,3,1,0,1,1,0,1,0,0000000,16,27,16,38,99,99,0,0,0,1,0
5,50073,2,2,0,0,0,5,5,21,0,10,3,2011,5,14,12,0,2,3,SR-135-06,,56,36.29392500,-90.533866670,0,12,6,0,1,1,1,0,1,1,0,1,0,0000000,14,9,14,21,99,99,0,0,0,3,0