STATE,ST_CASE,VE_TOTAL,VE_FORMS,PVH_INVL,PEDS,PERNOTMVIT,PERMVIT,PERSONS,COUNTY,CITY,DAY,MONTH,YEAR,DAY_WEEK,HOUR,MINUTE,NHS,ROAD_FNC,ROUTE,TWAY_ID,TWAY_ID2,MILEPT,LATITUDE,LONGITUD,SP_JUR,HARM_EV,MAN_COLL,RELJCT1,RELJCT2,TYP_INT,REL_ROAD,WRK_ZONE,LGT_COND,WEATHER1,WEATHER2,WEATHER,SCH_BUS,RAIL,NOT_HOUR,NOT_MIN,ARR_HOUR,ARR_MIN,HOSP_HR,HOSP_MN,CF1,CF2,CF3,FATALS,DRUNK_DR
5,50074,1,1,0,1,1,1,1,119,2320,10,3,2011,5,19,40,1,11,1,I-430-21,MARKHAM ST. OVERPASS,67,34.75386944,-92.391286110,0,8,0,0,1,1,1,1,6,1,0,1,0,0000000,88,88,88,88,88,88,0,0,0,1,0
5,50075,1,1,0,0,0,1,1,11,0,12,3,2011,7,19,30,0,4,3,SR-275-03,,43,33.62126667,-92.298766670,0,42,0,0,1,1,4,0,6,1,0,1,0,0000000,19,49,20,5,99,99,0,0,0,1,1
5,50076,1,1,0,0,0,1,1,121,0,12,3,2011,7,21,38,0,4,3,SR-90-06,,109,36.30488333,-91.030063890,0,32,0,0,1,1,4,0,6,1,0,1,0,0000000,21,39,21,42,99,99,20,0,0,1,1
5,50077,1,1,0,0,0,2,2,55,0,13,3,2011,1,4,0,0,3,3,SR-135-04,,40,36.01980833,-90.441169440,0,1,0,0,1,1,4,0,6,1,0,1,0,0000000,4,11,4,20,99,99,0,0,0,1,1
5,50078,2,2,0,0,0,4,4,41,0,13,3,2011,1,9,30,1,2,2,US-65-17,,42,33.91195278,-91.501263890,0,12,8,0,1,1,1,4,1,1,0,1,0,0000000,9,32,9,35,99,99,0,0,0,1,0
5,50079,1,1,0,0,0,1,1,135,0,13,3,2011,1,10,28,1,2,2,US-167-19,,137,36.11132222,-91.603230560,0,35,0,0,1,1,4,0,1,1,0,1,0,0000000,10,28,10,45,99,99,0,0,0,1,0
5,50080,1,1,0,0,0,4,4,47,0,14,3,2011,2,0,0,0,6,4,ROYAL OAK,,0,35.56520556,-93.937750000,0,99,99,0,1,1,4,0,6,1,0,1,0,0000000,0,19,0,41,99,99,0,0,0,1,1
5,50081,2,2,0,0,0,2,2,25,0,14,3,2011,2,5,0,0,3,2,US-63-15,,219,33.74746667,-91.997708330,0,12,6,0,4,1,1,0,6,1,0,1,0,0000000,5,5,5,30,99,99,0,0,0,1,0
5,50082,2,2,0,0,0,2,2,71,800,16,3,2011,4,7,48,0,3,3,SR-109-04,,30,35.46921667,-93.474061110,0,12,2,0,1,1,1,0,1,1,0,1,0,0000000,88,88,88,88,88,88,0,0,0,1,0
5,50083,2,2,0,0,0,3,3,51,0,16,3,2011,4,14,44,0,6,4,W. GLAZY PEAU,,0,34.61170000,-93.095311110,0,12,2,0,1,1,1,0,1,1,0,1,0,0000000,14,49,15,10,99,99,0,0,0,1,1
5,50084,1,1,0,1,1,1,1,93,1535,16,3,2011,4,20,25,0,4,3,SR-151-02,,12,35.95845000,-89.965152780,0,8,0,0,1,1,1,0,2,1,0,1,0,0000000,20,27,20,34,99,99,0,0,0,1,0
5,50085,1,1,0,0,0,5,5,119,0,17,3,2011,5,3,17,0,6,4,LAWSON RD,,0,34.72484167,-92.545158330,0,23,0,0,1,1,4,0,6,1,0,1,0,0000000,99,99,99,99,99,99,0,0,0,1,1
5,50086,1,1,0,0,0,2,2,15,0,17,3,2011,5,16,0,0,3,2,US-62-03,,39,36.47475556,-93.854141670,0,59,0,0,1,1,4,0,1,1,0,1,0,0000000,88,88,88,88,88,88,0,0,0,2,1
5,50087,2,2,0,0,0,2,2,143,0,17,3,2011,5,21,25,1,2,2,US-412-02,,248,36.17020556,-93.913750000,0,12,6,0,7,1,1,0,6,1,0,1,0,0000000,21,27,21,36,99,99,0,0,0,1,1
5,50088,2,2,0,0,0,2,2,119,2036,17,3,2011,5,23,35,1,12,2,US-67-10,,88,34.86673333,-92.128150000,0,24,0,0,1,1,4,0,3,1,0,1,0,0000000,23,38,23,42,99,99,0,0,0,1,2
5,50089,2,2,0,0,0,2,2,85,600,18,3,2011,6,15,6,0,14,3,SR-5-12,SOUTH ROCKWOOD RD,0,34.95022222,-92.066716670,0,12,2,1,2,7,1,0,1,1,0,1,0,0000000,14,43,14,46,99,99,0,0,0,1,1
5,50090,3,3,0,0,0,4,4,45,860,18,3,2011,6,17,3,1,13,2,US-64-09,,19,35.09103056,-92.404719440,0,12,7,0,1,1,1,0,1,1,0,1,0,0000000,17,3,17,3,88,88,0,0,0,1,1
5,50091,2,2,0,0,0,3,3,133,0,19,3,2011,7,17,20,1,2,2,US-71-05,,84,33.90311944,-94.171413890,0,12,8,0,1,1,1,0,1,1,0,1,0,0000000,17,34,17,59,99,99,0,0,0,1,0
5,50092,1,1,0,0,0,3,3,89,585,20,3,2011,1,15,36,0,16,6,RIVER CLIFF RD.,,0,36.36748611,-92.589422220,0,31,0,0,1,1,4,0,1,1,0,1,0,0000000,15,36,15,40,99,99,0,0,0,1,1
5,50093,2,2,0,0,0,2,2,143,3670,21,3,2011,2,10,28,0,16,6,EHUNTV-000(HUNTSVILL,MILL ST.,4,36.18838889,-94.130644440,0,12,6,0,2,2,1,0,1,1,0,1,0,0000000,10,30,10,34,99,99,0,0,0,1,0
5,50094,1,1,0,0,0,2,2,71,0,22,3,2011,3,4,47,0,4,3,SR-292-01,CR 3631,0,35.51158333,-93.367008330,0,59,0,0,2,2,4,0,6,1,0,1,0,0000000,88,88,88,88,88,88,0,0,0,1,1
5,50095,1,1,0,0,0,4,4,45,0,22,3,2011,3,22,30,0,4,3,SR-285-00,,44,35.25940000,-92.356802780,0,32,0,0,1,1,4,0,6,1,0,1,0,0000000,22,37,22,51,99,99,0,0,0,2,0
5,50096,1,1,0,0,0,1,1,59,0,23,3,2011,4,0,44,1,1,1,I-30-21,,1017,34.43740833,-92.780366670,0,35,0,0,1,1,3,0,6,1,0,1,0,0000000,88,88,88,88,88,88,0,0,0,1,0
5,50097,1,1,0,0,0,1,1,47,0,23,3,2011,4,11,6,0,4,3,SR-215-00,,40,35.24520556,-94.012102780,0,1,0,0,1,1,4,0,1,1,0,1,0,0000000,11,6,11,16,99,99,0,0,0,1,0
5,50098,2,2,0,0,0,3,3,119,2036,23,3,2011,4,21,28,1,12,2,US-67-163,,13,34.87932222,-92.113613890,0,12,6,1,5,1,1,0,3,1,0,1,0,0000000,21,34,21,39,99,99,0,0,0,1,0
5,50099,1,1,0,0,0,1,1,91,3810,24,3,2011,5,22,47,0,13,2,US-71-02,EUCLID ST,132,33.40538333,-94.030277780,0,59,0,0,2,7,4,0,3,1,0,1,0,0000000,22,47,22,52,99,99,99,99,99,1,1
5,50100,2,2,0,0,0,2,2,31,0,25,3,2011,6,6,28,1,2,2,US-49-03,,66,35.87805556,-90.599444440,0,12,2,0,1,1,1,0,6,1,0,1,0,0000000,6,38,6,44,99,99,0,0,0,1,0
5,50101,2,2,0,0,0,3,3,31,2070,25,3,2011,6,15,15,1,13,2,US-49-03,SR-351,105,35.85740000,-90.656391670,0,12,6,0,2,2,1,0,1,1,0,1,0,0000000,99,99,99,99,99,99,0,0,0,1,0
5,50102,1,1,0,0,0,1,1,23,0,26,3,2011,7,1,10,0,3,3,SR-5-15A,,46,35.69822222,-91.941147220,0,59,0,0,1,1,5,0,6,3,0,3,0,0000000,99,99,99,99,88,88,0,0,0,1,1
5,50103,1,1,0,0,0,1,1,145,0,26,3,2011,7,3,30,1,2,2,US-67-12,,166,35.21217500,-91.723094440,0,59,0,0,1,1,2,0,6,1,0,1,0,0000000,88,88,88,88,88,88,0,0,0,1,1
5,50104,1,1,0,0,0,1,1,63,0,26,3,2011,7,13,25,0,3,3,SR-25-05,,104,35.82101389,-91.451483330,0,24,0,0,1,1,4,0,1,2,0,2,0,0000000,13,23,13,38,99,99,0,0,0,1,0
5,50105,1,1,0,0,0,5,5,91,0,26,3,2011,7,14,25,1,2,3,SR-549-01,,250,33.28497778,-93.914308330,0,35,0,0,1,1,4,0,1,1,0,1,0,0000000,14,28,15,8,99,99,0,0,0,2,0
5,50106,1,1,0,0,0,1,1,123,0,26,3,2011,7,20,54,1,1,1,I-40-51,,2578,35.12396667,-90.532341670,0,1,0,0,1,1,4,0,6,2,0,2,0,0000000,20,57,21,14,99,99,0,0,0,1,0
5,50107,1,1,0,0,0,2,2,35,0,28,3,2011,2,18,14,0,4,4,FRANK'S CORNER RD,,0,35.26513889,-90.421341670,0,42,0,0,1,1,4,0,5,1,0,1,0,0000000,18,16,18,29,99,99,0,0,0,1,1
5,50108,2,2,0,0,0,4,4,47,0,29,3,2011,3,16,50,0,3,3,SR-23-07,GREEN PL,69,35.57363611,-93.859891670,0,12,6,0,2,3,1,0,1,1,0,1,0,0000000,16,50,17,4,99,99,0,0,0,1,1
5,50109,2,2,0,0,0,3,3,119,2880,31,3,2011,5,16,50,1,11,1,I-40-33,,1588,34.78286111,-92.143322220,0,12,11,0,1,1,1,0,5,2,0,2,0,0000000,16,50,16,59,99,99,0,0,0,1,1
5,50110,1,1,0,0,0,1,1,137,0,17,3,2011,5,16,55,0,6,6,MARTIN ACCESS RD,,0,35.86088333,-91.855316670,0,42,0,0,1,1,5,0,1,1,0,1,0,0000000,16,58,17,38,99,99,0,0,0,1,0
5,50111,1,1,0,0,0,2,2,91,0,1,4,2011,6,4,10,1,1,1,I-30-11 RAMP,,71,33.51237500,-93.943786110,0,1,0,1,5,1,1,0,2,1,0,1,0,0000000,5,30,5,55,99,99,0,0,0,1,0
5,50112,1,1,0,0,0,1,1,93,0,2,4,2011,7,0,45,1,1,1,I-55,,444,35.64244167,-90.089005560,0,24,0,0,1,1,4,0,6,1,0,1,0,0000000,0,55,1,6,88,88,0,0,0,1,1
5,50113,1,1,0,1,1,1,1,143,1310,2,4,2011,7,23,45,1,12,2,US-71-17B,,17,36.11582778,-94.149055560,0,8,0,0,1,1,1,0,6,1,0,1,0,0000000,88,88,88,88,88,88,0,0,0,1,1
5,50114,1,1,0,0,0,1,1,103,0,3,4,2011,1,0,32,0,4,3,SR-7-04,,64,33.67738889,-92.806105560,0,35,0,0,1,1,4,0,6,1,0,1,0,0000000,0,0,0,42,0,59,0,0,0,1,1
5,50115,1,1,0,0,0,1,1,109,0,3,4,2011,1,20,20,0,6,6,BILLSTOWN RD(G0032-0,,16,34.01115556,-93.547469440,0,1,0,0,1,1,4,0,6,1,0,1,0,0000000,88,88,88,88,88,88,0,0,0,1,1
5,50116,1,1,0,0,0,1,1,137,0,3,4,2011,1,12,40,0,4,3,SR-66-02,HAPPY HALLOW RD,157,35.87006389,-92.188383330,0,35,0,0,2,4,4,0,1,1,0,1,0,0000000,88,88,88,88,88,88,0,0,0,1,0
5,50117,1,1,0,0,0,1,1,105,0,3,4,2011,1,15,30,0,6,4,FORREST SERVICE RD,,0,34.91028889,-92.829966670,0,42,0,0,1,1,5,0,1,1,0,1,0,0000000,88,88,88,88,88,88,3,0,0,1,0
5,50118,1,1,0,0,0,1,1,51,2360,3,4,2011,1,20,27,0,4,3,SR-128-11,,11,34.57254722,-92.811233330,0,35,0,0,1,1,4,0,6,1,0,1,0,0000000,20,27,20,48,99,99,20,0,0,1,1
5,50119,1,1,0,0,0,1,1,115,0,5,4,2011,3,16,49,0,4,3,SR-105-01,,130,35.27719167,-92.936483330,0,42,0,0,1,1,5,0,1,1,0,1,0,0000000,17,8,17,12,88,88,0,0,0,1,1
5,50120,1,1,0,0,0,1,1,21,0,6,4,2011,4,8,15,0,6,4,CR 481,,0,36.24219722,-90.315255560,0,10,0,0,6,1,1,0,1,1,0,1,0,78910M,88,88,88,88,88,88,0,0,0,1,0
5,50121,1,1,0,1,1,3,3,91,3810,7,4,2011,5,21,8,0,4,2,US-67-01,,44,33.46955556,-93.986336110,0,8,0,0,1,1,1,0,2,1,0,1,0,0000000,21,8,21,13,88,88,0,0,0,1,0
5,50122,4,4,0,0,0,6,6,117,0,8,4,2011,6,13,26,1,1,1,I-40-42,,1946,34.81838333,-91.541991670,0,12,6,0,1,1,1,0,1,1,0,1,0,0000000,13,26,13,35,99,99,14,0,0,1,0
5,50123,1,1,0,0,0,1,1,99,0,8,4,2011,6,21,10,0,3,3,SR-19-05,,73,33.89179167,-93.443783330,0,35,0,0,1,1,4,0,2,1,0,1,0,0000000,20,39,20,50,99,99,0,0,0,1,1
5,50124,3,3,0,0,0,3,3,143,1310,9,4,2011,7,8,45,1,11,1,I-540-04,,623,36.10974444,-94.167830560,0,12,7,0,1,1,1,0,1,1,0,1,0,0000000,8,49,8,57,99,99,0,0,0,2,0
5,50125,1,1,0,0,0,2,2,125,0,9,4,2011,7,17,36,0,6,4,CONGO RD.,,0,34.61447222,-92.571166670,0,42,0,0,1,1,5,8,8,1,0,1,0,0000000,17,36,17,39,99,99,0,0,0,1,0
5,50126,3,3,0,0,0,3,3,105,0,9,4,2011,7,18,0,0,2,3,SR-7-11,,45,34.85371389,-93.096352780,0,12,8,0,1,1,1,0,1,1,0,1,0,0000000,18,15,18,45,99,99,0,0,0,1,0
5,50127,1,1,0,0,0,2,2,125,0,10,4,2011,1,3,40,0,6,4,GRAHAM RD.,,0,34.51327500,-92.669977780,0,42,0,0,1,1,4,0,6,1,0,1,0,0000000,3,45,4,12,99,99,0,0,0,1,0
5,50128,1,1,0,0,0,1,1,91,0,10,4,2011,1,3,50,0,4,2,US-67-01,,79,33.50162778,-93.943480560,0,35,0,0,1,1,3,0,2,1,0,1,0,0000000,3,54,4,3,88,88,0,0,0,1,1
5,50129,1,1,0,0,0,2,2,95,0,10,4,2011,1,16,39,1,2,2,US-79-14,,38,34.69189167,-91.192508330,0,42,0,0,1,1,4,0,1,1,0,1,0,0000000,16,28,16,33,99,99,0,0,0,1,0
5,50130,1,1,0,0,0,1,1,107,1830,11,4,2011,2,22,27,1,2,2,US-49-10,,284,34.50164167,-90.609075000,0,59,0,0,1,1,4,0,2,1,0,1,0,0000000,88,88,88,88,88,88,0,0,0,1,1
5,50131,1,1,0,0,0,1,1,33,0,12,4,2011,3,6,57,0,4,3,SR-282-04,,2,35.66601667,-94.157466670,0,42,0,0,1,1,4,0,1,1,0,1,0,0000000,88,88,88,88,88,88,0,0,0,1,0
5,50132,1,1,0,0,0,1,1,7,0,12,4,2011,3,21,59,0,6,4,PLEASURE HEIGHTS RD.,,0,36.23254722,-94.012519440,0,42,0,0,1,1,5,0,2,1,0,1,0,0000000,22,1,22,9,88,88,0,0,0,1,1
5,50133,2,2,0,2,2,2,2,119,2320,14,4,2011,5,20,15,0,16,6,W. 29 ST.,,0,34.72511667,-92.322600000,0,8,0,0,1,1,1,0,3,1,0,1,0,0000000,20,16,20,16,99,99,23,0,0,1,0
5,50134,1,1,0,0,0,1,1,45,0,15,4,2011,6,99,99,0,6,4,RIVER ROAD DRIVE,,0,34.92100278,-92.452288890,0,1,0,0,1,1,1,0,2,1,0,1,0,0000000,6,16,6,25,88,88,0,0,0,1,1
5,50135,1,1,0,0,0,1,1,15,0,17,4,2011,1,1,8,0,3,2,US-62-03,,86,36.42305278,-93.773633330,0,31,0,0,1,1,4,0,2,1,0,1,0,0000000,88,88,88,88,88,88,0,0,0,1,1
5,50136,1,1,0,1,1,1,1,19,0,18,4,2011,2,6,14,1,1,1,I-30-14,,593,33.95683333,-93.223908330,0,8,0,0,1,1,1,0,2,1,0,1,0,0000000,88,88,88,88,88,88,0,0,0,1,0
5,50137,2,2,0,0,0,3,3,63,0,18,4,2011,2,19,29,0,4,3,SR-367-20,,5,35.53420833,-91.377208330,0,12,2,0,1,1,1,0,2,1,0,1,0,0000000,20,1,20,12,99,99,0,0,0,2,0
5,50138,2,2,0,0,0,2,2,69,0,19,4,2011,3,6,30,1,2,2,US-79-09,,63,34.09545833,-92.156752780,0,12,2,0,1,1,1,0,4,1,0,1,0,0000000,6,31,6,43,99,99,0,0,0,1,0
5,50139,1,1,0,0,0,1,1,131,1370,19,4,2011,3,9,15,0,16,6,JENNY LIND RD.,CORNELL AVE.,0,35.30920556,-94.412533330,0,1,0,0,2,2,4,0,1,1,0,1,0,0000000,9,13,9,20,99,99,0,0,0,1,1
5,50140,1,1,0,0,0,4,4,65,2620,20,4,2011,4,17,18,0,6,6,LARKIN RD(ELARKI-000,,5,36.07091944,-91.900163890,0,42,0,0,1,1,4,0,1,1,0,1,0,0000000,5,19,5,24,99,99,0,0,0,2,0
5,50141,2,2,0,0,0,4,4,63,0,21,4,2011,5,20,47,1,2,2,US-167-18,,35,35.79647778,-91.631211110,0,12,2,0,1,1,1,4,6,2,0,2,0,0000000,20,47,20,54,99,99,0,0,0,1,1
5,50142,1,1,0,0,0,1,1,59,0,22,4,2011,6,5,52,0,6,4,AMITY RD,,0,34.35268333,-93.377094440,0,58,0,0,1,1,1,0,6,5,0,5,0,0000000,88,88,88,88,88,88,0,0,0,1,0
5,50143,2,2,0,0,0,5,5,27,0,22,4,2011,6,13,0,1,2,2,US-79-02,,54,33.34527222,-93.203211110,0,12,6,0,1,1,1,0,1,1,0,1,0,0000000,13,5,13,14,99,99,0,0,0,3,1
5,50144,2,2,0,0,0,5,5,63,250,22,4,2011,6,13,39,1,2,2,US-167-18,QUERY B RD,24,35.79849722,-91.628294440,0,12,6,0,2,3,1,0,1,1,0,1,0,0000000,13,41,13,44,99,99,0,0,0,1,0
5,50145,1,1,0,0,0,1,1,115,0,22,4,2011,6,18,21,0,4,3,SR-124-01,,110,35.36070556,-92.988044440,0,35,0,0,1,1,4,0,1,1,0,1,0,0000000,18,21,18,33,99,99,0,0,0,1,0
5,50146,2,2,0,1,1,3,3,45,860,22,4,2011,6,19,23,0,16,6,MEADOWLAKE RD.,SAPPHIRE DR.,0,35.11014167,-92.458438890,0,9,0,0,2,3,1,0,6,1,0,1,0,0000000,19,24,19,29,99,99,14,0,0,1,0
5,50147,1,1,0,1,1,2,2,55,0,22,4,2011,6,22,55,1,2,2,US-412-08,,47,36.06894444,-90.739988890,0,8,0,0,8,1,1,0,2,1,0,1,0,0000000,22,58,23,11,99,99,0,0,0,1,0
5,50148,1,1,0,1,1,1,1,119,2320,23,4,2011,7,22,45,1,11,7,I-30-23,PRODUCTION,1310,34.67415556,-92.368627780,0,8,0,0,1,1,1,0,3,1,0,1,0,0000000,22,48,22,50,99,99,0,0,0,1,0
5,50149,1,1,0,0,0,1,1,25,0,23,4,2011,7,15,55,0,4,3,SR-35-04,,90,33.96026944,-92.209808330,0,30,0,0,1,1,5,0,1,1,0,1,0,0000000,15,58,16,1,99,99,0,0,0,1,0
5,50150,1,1,0,0,0,1,1,131,2530,24,4,2011,1,2,31,0,6,4,DAYTON RD,,2,35.15170556,-94.284658330,0,58,0,0,1,1,5,0,2,1,0,1,0,0000000,2,31,3,6,88,88,0,0,0,1,0
5,50151,1,1,0,0,0,3,3,59,0,24,4,2011,1,16,30,0,4,2,US-67-08,,70,34.42197500,-92.726219440,0,1,0,0,1,1,4,0,1,1,0,1,0,0000000,16,35,16,49,99,99,0,0,0,1,0
5,50152,1,1,0,0,0,3,3,95,0,24,4,2011,1,22,50,0,4,2,US-70-17,,21,34.83716111,-91.337672220,0,1,0,0,1,1,4,0,2,1,0,1,0,0000000,0,18,0,27,99,99,0,0,0,1,1
5,50153,1,1,0,0,0,2,2,115,0,25,4,2011,2,16,0,0,6,4,MILL CREEK RD(E0006-,,45,35.37206111,-93.240794440,0,42,0,0,1,1,4,0,1,2,0,2,0,0000000,16,0,16,20,99,99,0,0,0,1,0
5,50155,1,1,0,0,0,2,2,7,340,25,4,2011,2,99,99,0,6,4,CR 573/SW OPAL RD.,,0,36.32181667,-94.272952780,0,38,0,0,1,1,5,0,1,2,0,2,0,0000000,88,88,88,88,88,88,0,0,0,2,0
5,50156,1,1,0,0,0,1,1,139,0,26,4,2011,3,15,57,0,4,3,SR-335-02,,31,33.32130278,-92.645483330,0,42,0,0,1,1,5,0,1,1,0,1,0,0000000,15,56,16,6,88,88,0,0,0,1,0
5,50157,1,1,0,1,1,0,0,81,0,27,4,2011,4,14,46,1,2,2,US-71-04,,8,33.58381667,-94.041380560,0,8,0,0,1,1,8,0,1,99,0,99,0,0000000,14,47,14,51,99,99,0,0,0,1,0
5,50158,1,1,0,0,0,1,1,13,9999,27,4,2011,4,19,40,0,6,4,CR 54,,0,33.59349444,-92.489197220,0,1,0,0,1,1,5,0,3,1,0,1,0,0000000,88,88,88,88,88,88,0,0,0,1,1
5,50159,2,2,0,0,0,4,4,45,860,29,4,2011,6,23,22,1,13,2,US-65-09B,PRAIRIE ST.,17,35.08890833,-92.436841670,0,12,6,0,4,1,1,0,3,1,0,1,0,0000000,23,24,23,30,99,99,0,0,0,1,0
5,50160,1,1,0,0,0,2,2,143,0,30,4,2011,7,0,51,0,6,4,WEDINGTON BLACKTOP,,0,36.06403611,-94.397105560,0,42,0,0,1,1,4,0,2,1,0,1,0,0000000,0,53,1,15,88,88,0,0,0,2,1
5,50161,2,2,0,0,0,2,2,17,0,30,4,2011,7,23,5,1,2,2,US-65-20,SR-35,23,33.53228056,-91.374352780,0,12,6,1,2,2,1,0,2,1,0,1,0,0000000,88,88,88,88,88,88,0,0,0,1,1
5,50162,1,1,0,0,0,1,1,45,2600,1,5,2011,1,1,3,0,6,6,N MAIN ST (F0004)000,,24,34.96756111,-92.421713890,0,3,0,0,1,1,4,0,6,2,0,2,0,0000000,5,59,6,28,88,88,5,0,0,1,0
5,50163,2,2,0,0,0,4,4,69,0,3,5,2011,3,14,25,0,3,3,SR-88-09,,106,34.23543611,-91.767941670,0,12,7,0,1,1,1,2,1,1,0,1,0,0000000,14,25,14,40,99,99,0,0,0,1,0
5,50164,1,1,0,0,0,7,7,147,0,3,5,2011,3,18,18,0,4,4,CEMETERY RD,,0,35.01467222,-91.258963890,0,1,0,0,1,1,4,0,1,1,0,1,0,0000000,19,9,19,15,99,99,0,0,0,1,0
5,50165,2,2,0,0,0,2,2,5,1835,4,5,2011,4,11,50,1,2,2,US-62-11,,99,36.38553333,-92.223400000,0,12,6,0,1,1,1,0,1,1,0,1,0,0000000,11,50,11,55,99,99,0,0,0,1,0
5,50166,1,1,0,0,0,1,1,7,0,4,5,2011,4,12,2,1,2,2,US-62-02,,156,36.45484167,-93.959927780,0,42,0,0,1,1,4,0,1,1,0,1,0,0000000,88,88,88,88,88,88,0,0,0,1,0
5,50167,2,2,0,0,0,3,3,27,0,5,5,2011,5,12,58,1,2,2,US-82-03,,10,33.35390278,-93.400438890,0,1,0,0,1,1,4,0,1,1,0,1,0,0000000,13,5,13,12,99,99,14,0,0,1,0
5,50168,3,3,0,0,0,4,4,37,0,5,5,2011,5,21,45,1,2,3,SR-1-14,,101,35.39370278,-90.769730560,0,12,2,0,1,1,1,0,6,1,0,1,0,0000000,21,55,22,15,99,99,0,0,0,1,0
5,50169,2,2,0,0,0,2,2,53,0,6,5,2011,6,3,30,1,2,2,US-167-10,,5,34.11731111,-92.405663890,0,12,2,0,1,1,1,0,6,1,0,1,0,0000000,3,20,3,40,99,99,0,0,0,1,0
5,50170,1,1,0,0,0,2,2,119,2320,6,5,2011,6,4,0,1,11,1,I-630-21,,20,34.74341111,-92.297558330,0,24,0,0,1,1,4,0,3,1,0,1,0,0000000,6,37,6,44,88,88,0,0,0,2,1
5,50171,2,2,0,0,0,2,2,89,0,6,5,2011,6,17,0,1,2,2,US-62-09,,103,36.26271944,-92.566680560,0,12,2,0,1,1,1,0,1,1,0,1,0,0000000,88,88,88,88,88,88,0,0,0,2,0
5,50172,1,1,0,0,0,1,1,109,0,6,5,2011,6,17,43,0,6,4,HEAD ROAD,,0,34.07985556,-93.584247220,0,35,0,0,1,1,4,0,1,1,0,1,0,0000000,88,88,88,88,88,88,0,0,0,1,1
5,50173,1,1,0,0,0,1,1,5,0,7,5,2011,7,21,26,0,6,4,CR 17,,0,36.46103611,-92.505741670,0,1,0,0,1,1,5,0,5,1,0,1,0,0000000,21,30,21,55,99,99,3,0,0,1,1
5,50174,1,1,0,0,0,1,1,119,2320,8,5,2011,1,5,45,1,11,1,I-30-23,,1364,34.70309444,-92.295594440,0,30,0,0,1,1,5,0,2,1,0,1,0,0000000,88,88,88,88,88,88,0,0,0,1,1
5,50175,1,1,0,0,0,1,1,19,0,9,5,2011,2,7,4,0,6,4,SMITHTON RD.,HOUSE RD.,0,33.93698611,-93.135288890,0,42,0,0,2,3,5,0,1,1,0,1,0,0000000,7,4,7,8,99,99,0,0,0,1,0
5,50176,2,2,0,0,0,2,2,79,0,9,5,2011,2,8,15,0,4,3,SR-114-01,,19,33.93164722,-91.944322220,0,12,2,0,1,1,1,0,1,1,0,1,0,0000000,8,15,8,25,99,99,0,0,0,1,0
5,50177,3,3,0,0,0,5,5,9,1750,10,5,2011,3,8,5,1,13,2,US-65-02,,21,36.22132222,-93.082888890,0,12,2,0,1,1,1,0,1,1,0,1,0,0000000,8,9,8,15,99,99,0,0,0,1,0
5,50178,1,1,0,0,0,1,1,5,0,11,5,2011,4,10,8,0,4,3,SR-201-01,,68,36.42916667,-92.358888890,0,34,0,0,1,1,4,0,1,1,0,1,0,0000000,10,8,10,22,99,99,0,0,0,1,0
5,50180,1,1,0,0,0,2,2,143,3670,12,5,2011,5,3,30,0,16,6,DON TYSON PKWY,,0,36.15324444,-94.173452780,0,24,0,0,1,1,4,0,2,1,0,1,0,0000000,3,36,3,40,99,99,0,0,0,1,1
5,50181,2,2,0,0,0,3,3,121,0,13,5,2011,6,11,7,0,3,2,US-62-19,HOELSCHER LN,84,36.25792500,-91.041963890,0,12,6,0,2,3,1,0,1,1,0,1,0,0000000,11,7,11,13,99,99,0,0,0,1,0
5,50182,1,1,0,1,1,1,1,119,2320,13,5,2011,6,22,1,0,13,2,US-367-13,,82,34.68227222,-92.297763890,0,8,0,0,1,1,1,0,2,1,0,1,0,0000000,9,58,10,5,99,99,0,0,0,1,0
5,50183,1,1,0,0,0,1,1,89,0,14,5,2011,7,0,14,0,6,4,RICHARDSON LANE,,0,36.24559444,-92.702708330,0,10,0,0,6,1,1,0,6,1,0,1,0,434963V,88,88,88,88,88,88,0,0,0,1,0
5,50184,2,2,0,0,0,3,3,143,1310,15,5,2011,1,1,50,1,11,1,I-540-04,,634,36.02716667,-94.187680560,0,12,2,0,1,1,1,0,3,1,0,1,0,0000000,1,51,1,58,99,99,0,0,0,2,1
5,50185,1,1,0,1,1,1,1,145,0,16,5,2011,2,14,32,0,3,3,SR-16-13,,73,35.32703056,-91.787983330,0,9,0,0,1,1,1,0,1,1,0,1,0,0000000,14,34,14,46,99,99,0,0,0,1,0
5,50186,2,2,0,0,0,4,4,23,0,20,5,2011,6,14,29,0,4,3,SR-16-11,,105,35.53941944,-92.223572220,0,12,2,0,1,1,1,0,1,2,0,2,0,0000000,14,30,14,43,99,99,0,0,0,1,0
5,50187,1,1,0,0,0,1,1,115,0,21,5,2011,7,22,1,0,4,3,SR-124-01,,45,35.32927222,-93.081836110,0,30,0,0,1,1,4,0,6,1,0,1,0,0000000,22,0,22,8,88,88,0,0,0,1,1
5,50188,2,2,0,0,0,5,5,31,2070,22,5,2011,1,2,40,0,16,6,N UNION,MATTHEWS AVE,5,35.83535000,-90.705958330,0,12,6,0,2,2,1,0,6,1,0,1,0,0000000,2,40,2,41,99,99,0,0,0,1,2
5,50189,1,1,0,0,0,1,1,31,0,22,5,2011,1,12,46,0,6,4,CR 403,,0,35.72878056,-90.679436110,0,42,0,0,1,1,4,0,1,1,0,1,0,0000000,13,2,13,18,99,99,0,0,0,1,0
5,50190,2,2,0,0,0,3,3,135,1720,23,5,2011,2,18,51,1,2,3,SR-63-02,SR-175,42,36.27140278,-91.383591670,0,12,6,1,2,3,1,0,1,1,0,1,0,0000000,18,51,18,51,99,99,0,0,0,1,0
5,50191,1,1,0,1,1,1,1,119,2320,24,5,2011,3,23,45,0,6,6,36TH ST,LUDWIG,0,34.72041667,-92.374163890,0,8,0,0,1,1,1,0,3,1,0,1,0,0000000,88,88,88,88,88,88,0,0,0,1,0