STATE,ST_CASE,VE_TOTAL,VE_FORMS,PVH_INVL,PEDS,PERNOTMVIT,PERMVIT,PERSONS,COUNTY,CITY,DAY,MONTH,YEAR,DAY_WEEK,HOUR,MINUTE,NHS,ROAD_FNC,ROUTE,TWAY_ID,TWAY_ID2,MILEPT,LATITUDE,LONGITUD,SP_JUR,HARM_EV,MAN_COLL,RELJCT1,RELJCT2,TYP_INT,REL_ROAD,WRK_ZONE,LGT_COND,WEATHER1,WEATHER2,WEATHER,SCH_BUS,RAIL,NOT_HOUR,NOT_MIN,ARR_HOUR,ARR_MIN,HOSP_HR,HOSP_MN,CF1,CF2,CF3,FATALS,DRUNK_DR
5,50192,2,2,0,0,0,2,2,103,0,26,5,2011,5,7,45,1,2,2,US-79-04,SR-278,52,33.61286944,-92.777780560,0,12,6,1,2,3,1,0,1,1,0,1,0,0000000,8,8,8,15,99,99,0,0,0,1,0
5,50193,1,1,0,0,0,1,1,69,0,26,5,2011,5,8,40,0,4,3,SR-256-02,JOE T HENSLEY RD,35,34.42365556,-92.063927780,0,34,0,0,2,4,4,0,9,99,0,99,0,0000000,88,88,88,88,88,88,0,0,0,1,1
5,50194,1,1,0,0,0,1,1,63,0,28,5,2011,7,15,49,0,6,4,SWAIM HILL RD,CHISM TR,0,35.64595278,-91.598136110,0,30,0,0,2,3,4,0,1,1,0,1,0,0000000,15,50,16,5,99,99,0,0,0,1,1
5,50195,3,3,0,0,0,7,7,89,0,28,5,2011,7,18,35,1,2,2,US-62-09,,10,36.22506111,-92.668733330,0,12,6,0,1,1,1,0,1,1,0,1,0,0000000,18,36,18,44,99,99,0,0,0,1,0
5,50196,1,1,0,0,0,2,2,69,0,30,5,2011,2,14,20,0,6,3,SR-365-14,,14,34.46570000,-92.204216670,0,30,0,0,1,1,4,0,1,1,0,1,0,0000000,88,88,88,88,88,88,0,0,0,2,1
5,50197,6,6,0,0,0,8,8,117,0,31,5,2011,3,9,7,0,3,2,US-63-11,,108,34.64450556,-91.554394440,0,12,8,0,1,1,1,0,1,1,0,1,0,0000000,9,8,9,18,99,99,0,0,0,1,0
5,50198,1,1,0,0,0,1,1,129,0,31,5,2011,3,23,30,1,2,2,US-65-04,,35,36.06807500,-92.899661110,0,38,0,0,1,1,4,0,6,1,0,1,0,0000000,23,37,23,58,99,99,0,0,0,1,0
5,50199,1,1,0,1,1,1,1,145,0,7,3,2011,2,23,11,0,6,4,ALBERT HILL RD.,,0,35.34666944,-91.547861110,0,8,0,0,1,1,1,0,2,1,0,1,0,0000000,99,99,99,99,99,99,0,0,0,1,0
5,50200,1,1,0,0,0,1,1,141,0,1,6,2011,4,20,28,1,2,2,US-65-07,,117,35.65775000,-92.469488890,0,42,0,0,1,1,4,0,5,1,0,1,0,0000000,20,30,20,42,99,99,0,0,0,1,1
5,50201,1,1,0,1,1,1,1,119,4256,2,6,2011,5,6,15,0,15,3,SR-365-12,,97,34.58792778,-92.214002780,0,8,0,0,1,1,1,0,6,1,0,1,0,0000000,88,88,88,88,88,88,0,0,0,1,0
5,50202,1,1,0,1,1,1,1,69,3150,2,6,2011,5,15,3,1,13,2,US-79-09B,,5,34.19522778,-92.056675000,0,8,0,0,1,1,1,2,1,1,0,1,0,0000000,99,99,99,99,99,99,0,0,0,1,0
5,50203,1,1,0,0,0,1,1,57,0,2,6,2011,5,16,51,0,6,4,CR 3,,0,33.54311944,-93.553400000,0,34,0,0,1,1,4,0,1,1,0,1,0,0000000,16,51,17,3,99,99,0,0,0,1,0
5,50204,2,2,0,0,0,2,2,117,0,2,6,2011,5,19,45,0,3,3,SR-38-01,CR,123,34.98351667,-91.597544440,0,12,6,0,2,2,1,0,1,1,0,1,0,0000000,19,48,19,55,99,99,0,0,0,1,1
5,50205,1,1,0,1,1,1,1,139,0,2,6,2011,5,22,5,0,6,4,MORNINGSTAR RD.,,0,33.24866667,-92.689872220,0,8,0,0,1,1,1,0,2,1,0,1,0,0000000,22,32,22,32,88,88,0,0,0,1,0
5,50206,2,2,0,0,0,7,7,119,0,4,6,2011,7,7,45,1,1,1,I-530-01,,81,34.59743056,-92.268269440,0,1,0,0,1,1,1,0,1,1,0,1,0,0000000,7,47,7,59,99,99,0,0,0,1,1
5,50207,1,1,0,0,0,1,1,141,3590,4,6,2011,7,8,6,0,4,3,SR-16-10,,93,35.64685278,-92.322986110,0,24,0,0,1,1,4,0,1,1,0,1,0,0000000,8,6,8,24,99,99,0,0,0,1,0
5,50208,2,2,0,0,0,3,3,113,0,4,6,2011,7,10,10,0,4,3,SR-88-01,,152,34.58331667,-94.154891670,0,12,2,0,1,1,1,0,1,1,0,1,0,0000000,10,23,10,30,99,99,0,0,0,1,0
5,50209,2,2,0,0,0,2,2,51,0,4,6,2011,7,12,10,0,2,3,SR-7-09,,161,34.56121389,-92.998527780,0,12,2,0,1,1,1,0,1,1,0,1,0,0000000,12,8,12,19,99,99,0,0,0,1,0
5,50210,1,1,0,0,0,1,1,101,0,4,6,2011,7,14,15,0,4,3,SR-21-03,SR-43,115,35.97800556,-93.403186110,0,34,0,0,2,3,4,0,1,1,0,1,0,0000000,88,88,88,88,88,88,0,0,0,1,0
5,50211,1,1,0,0,0,1,1,81,2920,4,6,2011,7,22,0,0,4,4,LITTLE RIVER CO RD,,0,33.58209167,-94.031211110,0,30,0,0,1,1,4,0,6,1,0,1,0,0000000,88,88,88,88,88,88,0,0,0,1,1
5,50212,1,1,0,0,0,2,2,15,0,4,6,2011,7,23,37,1,2,2,US-412,,88,36.15212222,-93.496541670,0,24,0,0,1,1,4,0,2,1,0,1,0,0000000,23,27,23,57,99,99,99,99,99,1,0
5,50213,1,1,0,0,0,10,10,15,0,5,6,2011,1,1,47,0,4,3,SR-23-11,,45,36.44555556,-93.743838890,0,42,0,0,1,1,4,0,2,1,0,1,0,0000000,88,88,88,88,88,88,0,0,0,1,1
5,50214,1,1,0,0,0,2,2,59,0,5,6,2011,1,13,30,1,1,1,I-30-21,,845,34.25679167,-92.985458330,0,1,0,0,1,1,3,0,1,1,0,1,0,0000000,88,88,88,88,88,88,0,0,0,1,0
5,50215,1,1,0,0,0,3,3,61,2790,5,6,2011,1,14,17,0,3,3,SR-27-02,,158,33.96372222,-93.831138890,0,59,0,0,1,1,4,0,1,1,0,1,0,0000000,14,19,14,22,99,99,0,0,0,1,0
5,50216,1,1,0,0,0,1,1,51,1907,5,6,2011,1,16,15,0,2,3,SR-7-09,,154,34.55630000,-93.007658330,0,16,0,0,1,1,1,0,1,2,0,2,0,0000000,16,17,16,24,99,99,0,0,0,1,0
5,50217,2,2,0,0,0,4,4,27,2490,5,6,2011,1,20,7,1,2,2,US-82-03,SR-371,109,33.29640556,-93.250666670,0,12,2,1,2,2,1,0,1,1,0,1,0,0000000,20,8,20,13,99,99,0,0,0,1,0
5,50218,2,2,0,0,0,2,2,87,0,6,6,2011,2,7,28,0,3,3,SR-23-09,CF 1456,0,36.17061944,-93.708358330,0,12,2,0,2,3,1,0,1,1,0,1,0,0000000,7,41,7,43,99,99,0,0,0,1,0
5,50219,1,1,0,0,0,1,1,21,0,6,6,2011,2,12,50,0,3,3,SR-62-20,,52,36.41456667,-90.489877780,0,53,0,0,1,1,5,0,1,1,0,1,0,0000000,12,52,13,29,99,99,0,0,0,1,0
5,50220,2,2,0,0,0,3,3,141,0,6,6,2011,2,12,55,0,4,3,SR-336-00,,91,35.48038333,-92.531983330,0,12,6,0,1,1,1,0,1,1,0,1,0,0000000,12,56,13,9,99,99,0,0,0,1,0
5,50221,1,1,0,0,0,1,1,57,0,9,6,2011,5,13,9,0,4,3,SR-32-07,,5,33.66628333,-93.593794440,0,10,0,0,6,1,1,0,1,1,0,1,0,450506E,13,9,13,15,99,99,0,0,0,1,0
5,50222,1,1,0,0,0,3,3,129,0,10,6,2011,6,11,40,0,3,3,SR-27-17,,57,35.97614722,-92.583697220,0,34,0,0,1,1,4,0,1,1,0,1,0,0000000,11,43,12,10,99,99,0,0,0,1,0
5,50223,2,2,0,0,0,3,3,143,1310,10,6,2011,6,22,19,0,13,3,SR-16-01,SALEM RD.,0,36.07829167,-94.208127780,0,12,6,0,2,2,1,0,2,1,0,1,0,0000000,10,20,10,23,99,99,0,0,0,1,0
5,50224,1,1,0,0,0,2,2,11,0,11,6,2011,7,10,30,0,6,4,CR-32,,0,33.57869444,-92.120972220,0,35,0,0,1,1,4,0,1,1,0,1,0,0000000,10,36,10,46,99,99,0,0,0,1,1
5,50225,2,2,0,0,0,2,2,125,0,11,6,2011,7,16,39,1,1,1,I-30-22,,1110,34.53427778,-92.675858330,0,12,6,0,1,1,1,0,1,1,0,1,0,0000000,16,39,16,43,99,99,0,0,0,1,1
5,50226,1,1,0,0,0,1,1,71,0,12,6,2011,1,21,52,0,4,3,SR-164-00,,100,35.55150278,-93.591413890,0,11,0,0,1,1,1,0,6,1,0,1,0,0000000,88,88,88,88,88,88,0,0,0,1,1
5,50227,2,2,0,0,0,3,3,95,0,12,6,2011,1,20,7,0,4,2,US-70-17,,142,34.90279167,-91.140002780,0,12,2,0,1,1,1,0,1,1,0,1,0,0000000,20,11,20,13,99,99,0,0,0,1,1
5,50228,1,1,0,1,1,1,1,119,2320,13,6,2011,2,0,26,1,11,1,I-30-23,,1335,34.67861667,-92.332613890,0,8,0,0,1,1,1,8,3,1,0,1,0,0000000,99,99,99,99,88,88,0,0,0,1,0
5,50229,2,1,1,1,1,1,1,119,2320,13,6,2011,2,1,33,1,11,1,I-440-01,,30,34.71583056,-92.221297220,0,8,0,1,5,1,1,0,2,1,0,1,0,0000000,1,35,1,40,88,88,23,0,0,1,1
5,50230,2,2,0,0,0,2,2,83,0,13,6,2011,2,7,22,0,3,3,SR-23-03,,78,35.20498889,-93.924350000,0,12,2,0,1,1,1,0,1,1,0,1,0,0000000,7,22,7,38,99,99,0,0,0,1,0
5,50231,1,1,0,0,0,1,1,119,2880,13,6,2011,2,15,59,1,12,2,US-67-10,,2,34.85755278,-92.132377780,0,1,0,0,1,1,4,0,1,1,0,1,0,0000000,88,88,88,88,88,88,2,0,0,1,1
5,50232,2,2,0,0,0,2,2,143,0,13,6,2011,2,20,52,1,1,1,I-540-04,,463,35.80765000,-94.188622220,0,12,7,0,1,1,1,0,1,1,0,1,0,0000000,8,52,9,1,99,99,0,0,0,1,0
5,50233,2,2,0,0,0,3,3,57,0,14,6,2011,3,1,10,1,1,1,I-30-12,,396,33.76965833,-93.478416670,0,12,1,0,1,1,1,0,6,1,0,1,0,0000000,88,88,88,88,88,88,0,0,0,1,0
5,50234,2,2,0,0,0,2,2,7,3390,14,6,2011,3,11,17,0,13,2,US-71-18B,,106,36.33403889,-94.160386110,0,12,6,0,8,1,1,0,1,1,0,1,0,0000000,11,17,11,26,99,99,0,0,0,2,0
5,50235,2,2,0,0,0,5,5,125,0,15,6,2011,4,16,1,0,4,3,SR-229-05,PEELER BENT RD.,13,34.56359722,-92.624047220,0,12,1,0,2,3,1,0,1,99,0,99,0,0000000,16,1,16,10,99,99,0,0,0,1,0
5,50236,1,1,0,0,0,1,1,85,2350,16,6,2011,5,8,32,1,1,1,I-40-41,,1740,34.80355000,-91.903425000,0,42,0,0,1,1,4,0,1,1,0,1,0,0000000,88,88,88,88,88,88,0,0,0,1,0
5,50237,2,2,0,0,0,4,4,95,0,16,6,2011,5,16,0,1,2,2,US-79-13,,72,34.68730556,-91.323638890,0,23,0,0,1,1,4,0,1,1,0,1,0,0000000,16,4,16,9,99,99,0,0,0,1,0
5,50238,1,1,0,0,0,3,3,47,3000,16,6,2011,5,18,57,0,4,3,SR-219-00,,9,35.48667222,-93.871394440,0,1,0,0,1,1,2,0,1,1,0,1,0,0000000,18,57,19,3,99,99,0,0,0,1,0
5,50239,1,1,0,0,0,1,1,91,0,18,6,2011,7,5,12,1,1,1,I-30-11,,140,33.57468889,-93.846802780,0,24,0,0,1,1,4,0,2,1,0,1,0,0000000,88,88,88,88,88,88,0,0,0,1,0
5,50240,1,1,0,0,0,3,3,71,0,18,6,2011,7,6,3,1,1,1,I-40-21,,694,35.36425833,-93.340894440,0,1,0,0,1,1,4,0,4,1,0,1,0,0000000,6,5,6,20,99,99,0,0,0,1,1
5,50241,1,1,0,0,0,1,1,23,1820,18,6,2011,7,21,43,0,6,6,SO. 4TH ST,,0,35.48488889,-92.033544440,0,38,0,0,1,1,4,0,2,1,0,1,0,0000000,21,45,99,97,99,97,0,0,0,1,1
5,50242,1,1,0,0,0,2,2,139,0,19,6,2011,1,0,8,0,4,3,SR-335-02,,55,33.32238889,-92.608180560,0,34,0,0,1,1,4,0,2,1,0,1,0,0000000,0,14,0,29,99,99,0,0,0,1,1
5,50243,2,2,0,0,0,2,2,107,4110,20,6,2011,2,23,15,0,6,6,S SEVENTH,,0,34.54386389,-90.637816670,0,12,6,0,1,1,1,0,3,1,0,1,0,0000000,23,15,23,30,88,88,20,0,0,1,0
5,50244,3,3,0,1,1,2,2,35,0,20,6,2011,2,13,0,1,11,1,I-55,,13,35.13001667,-90.080852780,0,54,11,0,1,1,1,0,1,1,0,1,0,0000000,13,8,13,25,99,99,23,14,0,2,1
5,50245,1,1,0,1,1,2,2,143,3670,23,6,2011,5,8,45,0,6,6,NIGHTINGALE,,0,36.18031944,-94.175919440,0,8,0,0,1,1,1,0,1,1,0,1,0,0000000,8,47,8,51,99,99,0,0,0,1,0
5,50246,1,1,0,0,0,9,9,3,4200,23,6,2011,5,16,4,1,2,2,US-165-01,,51,33.06405000,-91.569541670,0,1,0,0,1,1,1,0,1,1,0,1,1,0000000,16,6,16,28,99,99,0,0,0,1,0
5,50247,1,1,0,0,0,1,1,139,2100,23,6,2011,5,23,0,0,6,4,CR 252,,0,33.02032222,-92.959988890,0,35,0,0,1,1,4,0,2,1,0,1,0,0000000,4,36,5,2,99,99,3,0,0,1,1
5,50248,2,2,0,0,0,2,2,111,0,24,6,2011,6,10,25,0,3,3,SR-135-01,,165,35.68956111,-90.341133330,0,12,1,0,1,1,1,0,1,1,0,1,0,0000000,88,88,88,88,88,88,0,0,0,1,1
5,50249,1,1,0,0,0,1,1,71,2220,24,6,2011,6,23,6,0,14,3,SR-123-04,,8,35.46038056,-93.431961110,0,42,0,0,1,1,5,0,2,1,0,1,0,0000000,23,10,23,11,99,99,99,99,99,1,1
5,50250,2,2,0,0,0,4,4,111,1740,25,6,2011,7,9,55,1,2,3,SR-1-15,SOUTH ST,84,35.56351111,-90.724411110,0,12,6,0,2,2,1,0,1,1,0,1,0,0000000,99,99,99,99,99,99,0,0,0,1,0
5,50251,1,1,0,0,0,3,3,61,1110,25,6,2011,7,19,15,0,6,4,S. ARKANSAS AVE.,,0,34.10172222,-94.020227780,0,5,0,0,1,1,1,0,1,1,0,1,0,0000000,19,15,19,35,99,99,3,0,0,1,0
5,50252,2,2,0,0,0,3,3,141,820,25,6,2011,7,8,52,1,2,2,US-65-08,,35,35.55429444,-92.449563890,0,12,2,0,1,1,1,0,1,1,0,1,0,0000000,8,52,8,55,99,99,0,0,0,1,0
5,50253,1,1,0,0,0,1,1,27,0,25,6,2011,7,23,0,0,6,4,COLUMBIA CO RD 1,,0,33.24410833,-93.455286110,0,35,0,0,1,1,4,0,6,1,0,1,0,0000000,23,8,23,30,88,88,0,0,0,1,1
5,50254,1,1,0,0,0,1,1,121,0,26,6,2011,1,1,24,0,3,3,SR-115-01,,154,36.31066389,-90.959888890,0,43,0,0,1,1,4,0,6,1,0,1,0,0000000,1,24,1,29,99,99,0,0,0,1,1
5,50255,1,1,0,0,0,3,3,33,2720,27,6,2011,2,5,51,1,1,1,I-540-03,,305,35.60169444,-94.196347220,0,1,0,0,1,1,4,0,4,1,0,1,0,0000000,5,57,6,11,88,88,0,0,0,1,0
5,50256,3,3,0,0,0,5,5,143,3840,27,6,2011,2,13,8,1,2,2,US-412-02,OLD HWY 68,25,36.17713333,-94.292263890,0,12,6,0,2,4,1,0,1,1,0,1,0,0000000,13,11,13,15,99,99,0,0,0,1,0
5,50257,1,1,0,0,0,1,1,81,0,27,6,2011,2,16,39,1,2,2,US-71-04,,143,33.70320556,-94.145663890,0,1,0,0,1,1,4,0,1,1,0,1,0,0000000,16,40,16,46,88,88,0,0,0,1,0
5,50259,2,2,0,0,0,4,4,91,0,28,6,2011,3,23,20,1,1,1,I-30-11,,125,33.55187500,-93.867272220,0,12,6,0,1,1,1,0,6,1,0,1,0,0000000,23,24,23,33,99,99,0,0,0,1,1
5,50260,2,2,0,0,0,3,3,31,2070,30,6,2011,5,11,34,0,13,3,SR-18,ROGERS CHAPPEL,72,35.82101389,-90.596180560,0,12,1,0,2,2,1,0,1,1,0,1,0,0000000,11,34,11,41,99,99,0,0,0,1,0
5,50261,1,1,0,0,0,1,1,13,0,1,1,2011,7,14,38,0,4,3,SR-274-02,,17,33.62044444,-92.723644440,0,1,0,0,1,1,4,0,1,1,0,1,0,0000000,14,39,14,47,99,99,0,0,0,1,0
5,50262,1,1,0,0,0,2,2,23,0,1,7,2011,6,6,12,0,4,3,SR-87,ROBINS LN,35,35.63501111,-91.825619440,0,1,0,0,2,3,4,0,6,1,0,1,0,0000000,88,88,88,88,88,88,0,0,0,2,1
5,50263,1,1,0,0,0,4,4,21,0,2,7,2011,7,3,38,0,4,3,SR-90,SR-135,170,36.33498889,-90.524644440,0,35,0,0,2,3,4,0,6,1,0,1,0,0000000,3,37,3,57,99,99,0,0,0,2,0
5,50264,1,1,0,1,1,1,1,119,2036,2,7,2011,7,5,25,1,12,2,US-67,,148,34.92647778,-92.081147220,0,8,0,0,1,1,1,0,3,1,0,1,0,0000000,88,88,88,88,88,88,0,0,0,1,0
5,50265,1,1,0,0,0,1,1,53,0,5,7,2011,3,15,4,0,6,4,GRANT 18,,0,34.14868889,-92.240616670,0,24,0,0,1,1,4,0,1,1,0,1,0,0000000,15,53,16,28,88,88,0,0,0,1,0
5,50266,3,3,0,0,0,3,3,63,0,5,7,2011,3,15,36,1,2,2,US-167,MCHUE RD,145,35.72431667,-91.636994440,0,12,6,0,2,3,1,0,1,1,0,1,0,0000000,15,35,15,42,88,88,0,0,0,1,0
5,50267,1,1,0,0,0,1,1,143,0,5,7,2011,3,15,45,0,3,3,SR-59,,44,36.06321389,-94.532988890,0,39,0,0,1,1,5,0,1,1,0,1,0,0000000,88,88,88,88,88,88,0,0,0,1,0
5,50268,1,1,0,0,0,3,3,119,2320,6,7,2011,4,5,35,0,16,6,65TH ST,WINDSOR DR,0,34.69120278,-92.354869440,0,33,0,0,1,1,4,0,4,1,0,1,0,0000000,5,39,5,43,99,99,0,0,0,1,0
5,50269,2,2,0,0,0,6,6,69,0,7,7,2011,5,7,55,1,2,2,US-79,,69,34.36330278,-91.793894440,0,12,2,0,1,1,1,0,1,1,0,1,0,0000000,7,55,8,12,99,99,0,0,0,2,0
5,50270,1,1,0,0,0,1,1,143,3670,7,7,2011,5,16,20,0,16,6,COUNTY LINE,,0,36.21018333,-94.133097220,0,34,0,0,1,1,4,0,1,1,0,1,0,0000000,16,22,16,28,88,88,0,0,0,1,1
5,50271,1,1,0,0,0,2,2,23,0,8,7,2011,6,1,58,0,6,4,YUBA RD,,0,35.41075833,-92.012433330,0,1,0,0,1,1,1,0,6,1,0,1,0,0000000,88,88,88,88,88,88,0,0,0,1,0
5,50272,2,2,0,0,0,3,3,31,0,8,7,2011,6,14,23,1,2,2,US-63,,96,35.76056944,-90.577288890,0,12,7,0,1,1,1,0,1,1,0,1,0,0000000,14,30,14,40,99,99,0,0,0,1,0
5,50273,1,1,0,0,0,1,1,129,3480,8,7,2011,6,16,8,0,6,4,N TOMAHAWK RD,,0,36.04889722,-92.773841670,0,1,0,0,1,1,4,0,1,1,0,1,0,0000000,16,10,16,30,99,99,0,0,0,1,1
5,50274,1,1,0,0,0,2,2,119,2320,11,7,2011,2,14,2,0,16,6,REBSAMEN PARK RD,,0,34.78753611,-92.349897220,0,42,0,0,1,1,4,0,1,1,0,1,0,0000000,14,2,14,12,99,99,0,0,0,1,0
5,50275,2,2,0,0,0,4,4,141,0,12,7,2011,3,5,25,0,4,3,SR-124,GRAVESVILLE CTF RD,23,35.38896389,-92.348255560,0,12,6,0,2,3,1,0,4,1,0,1,0,0000000,5,26,5,42,99,99,0,0,0,1,0
5,50276,1,1,0,0,0,1,1,63,0,12,7,2011,3,19,43,0,6,4,HOLCOMBE CEMETERY RD,,0,35.76992778,-91.432652780,0,1,0,0,1,1,2,0,1,1,0,1,0,0000000,19,53,20,15,88,88,0,0,0,1,1
5,50277,1,1,0,0,0,1,1,33,3930,14,7,2011,5,21,25,0,14,3,SR-59,SO 28TH ST,200,35.55000000,-94.377347220,0,34,0,0,2,3,4,0,6,1,0,1,0,0000000,21,25,21,33,99,99,0,0,0,1,0
5,50278,1,1,0,0,0,1,1,147,0,15,7,2011,6,9,46,0,3,2,US-64,,12,35.28537222,-91.327641670,0,42,0,0,1,1,4,0,1,1,0,1,0,0000000,9,46,9,55,88,88,0,0,0,1,0
5,50279,1,1,0,1,1,2,2,91,3810,15,7,2011,6,10,47,0,16,6,FERGUSON,GARFIELD,0,33.41356111,-94.025866670,0,9,0,0,2,2,1,0,1,1,0,1,0,0000000,10,49,11,4,99,99,0,0,0,1,0
5,50280,2,2,0,0,0,3,3,91,0,15,7,2011,6,12,25,1,2,2,US-82,,199,33.37209444,-93.720877780,0,12,6,0,1,1,1,0,1,1,0,1,0,0000000,13,10,13,35,99,99,0,0,0,1,0
5,50281,2,1,1,0,0,1,1,37,4260,15,7,2011,6,12,56,0,16,6,MERRIMAN AVE,,0,35.22401944,-90.790230560,0,14,0,0,1,1,4,0,1,1,0,1,0,0000000,12,59,13,1,99,99,0,0,0,1,0
5,50282,2,2,0,0,0,8,8,59,0,15,7,2011,6,13,48,0,3,3,SR-7,,6,34.24883333,-93.117097220,0,12,6,0,4,1,1,0,1,1,0,1,0,0000000,15,40,15,50,99,99,0,0,0,1,0
5,50283,1,1,0,0,0,2,2,149,0,16,7,2011,7,19,12,0,4,3,SR-307,,44,34.89300278,-93.531022220,0,1,0,0,1,1,5,0,1,1,0,1,0,0000000,19,22,19,41,99,99,0,0,0,1,1
5,50284,2,2,0,0,0,2,2,119,2320,16,7,2011,7,20,55,0,14,3,SR-367,,58,34.65831667,-92.306008330,0,12,2,0,1,1,1,0,3,1,0,1,0,0000000,20,56,21,6,99,99,0,0,0,1,2
5,50285,1,1,0,0,0,3,3,23,0,17,7,2011,1,0,48,0,4,3,SR-225,,7,35.53923611,-92.223811110,0,1,0,0,1,1,4,0,6,5,0,5,0,0000000,0,49,0,55,99,99,0,0,0,1,1
5,50286,1,1,0,0,0,3,3,135,0,17,7,2011,1,4,8,0,4,3,SR-230-01,,98,35.94427778,-91.385208330,0,34,0,0,1,1,5,0,2,1,0,1,0,0000000,4,52,5,40,99,99,0,0,0,1,1
5,50287,2,2,0,0,0,2,2,139,0,17,7,2011,1,18,52,1,2,2,US-82-05,,95,33.21547500,-92.832747220,0,12,6,0,1,1,1,0,1,1,0,1,0,0000000,7,57,8,0,99,99,0,0,0,1,0
5,50288,1,1,0,0,0,1,1,103,0,19,7,2011,3,10,40,0,4,3,SR-9-01,,44,33.75291389,-92.706422220,0,42,0,0,1,1,4,0,1,1,0,1,0,0000000,10,45,10,55,99,99,0,0,0,1,0
5,50289,1,1,0,1,1,2,2,119,0,20,7,2011,4,20,10,0,6,4,WILLOW SPRINGS RD.,HILARO SPRINGS RD.,0,34.62232222,-92.339294440,0,9,0,0,2,3,1,0,2,1,0,1,0,0000000,20,11,20,20,99,99,0,0,0,1,0
5,50290,1,1,0,0,0,1,1,119,2880,21,7,2011,5,18,19,0,3,3,SR-100-00,,67,34.81479167,-92.362538890,0,33,0,0,1,1,4,0,1,1,0,1,0,0000000,18,21,18,40,99,99,0,0,0,1,0
5,50291,2,2,0,0,0,2,2,125,0,22,7,2011,6,7,0,0,6,4,CHICOT RD.,,0,34.61841667,-92.363991670,0,12,8,0,1,1,1,0,1,1,0,1,0,0000000,7,9,7,28,99,99,0,0,0,1,0
5,50292,1,1,0,0,0,1,1,15,0,23,7,2011,7,6,0,0,3,3,SR-23-10,,55,36.36721944,-93.752902780,0,32,0,0,1,1,4,0,2,1,0,1,0,0000000,88,88,88,88,88,88,0,0,0,1,1
5,50293,1,1,0,0,0,1,1,89,0,23,7,2011,7,10,25,0,4,3,SR-125-02,,16,36.38088056,-92.783744440,0,1,0,0,1,1,4,0,1,1,0,1,0,0000000,10,28,10,57,99,99,0,0,0,1,0
5,50294,1,1,0,0,0,8,8,99,0,25,7,2011,2,7,15,1,1,3,SR-30-13,,475,33.82446944,-93.404686110,0,1,0,0,1,1,1,0,1,1,0,1,0,0000000,7,20,7,25,99,99,0,0,0,4,0
5,50295,1,1,0,0,0,1,1,57,0,25,7,2011,2,17,26,0,4,3,SR-32,SR-234,52,33.73612222,-93.909986110,0,42,0,0,2,3,4,0,1,1,0,1,0,0000000,88,88,88,88,88,88,0,0,0,1,1
5,50296,2,2,0,0,0,2,2,31,0,26,7,2011,3,7,15,1,2,2,US-49,,9,35.95696944,-90.569416670,0,12,2,0,1,1,1,0,1,1,0,1,0,0000000,88,88,88,88,88,88,0,0,0,2,0
5,50297,1,1,0,0,0,1,1,79,0,26,7,2011,3,10,19,0,4,4,JOURNEY RD,,0,33.92540833,-91.873616670,0,3,0,0,1,1,4,0,1,1,0,1,0,0000000,10,25,10,30,88,88,0,0,0,1,0
5,50299,2,2,0,0,0,3,3,123,0,28,7,2011,5,17,42,1,1,1,I-40-51,,2422,35.03729167,-90.777047220,0,12,6,0,1,1,1,0,1,1,0,1,0,0000000,17,42,17,49,99,99,0,0,0,2,0
5,50300,1,1,0,0,0,1,1,111,3860,28,7,2011,5,18,41,0,6,6,WOODRUFF LN,,0,35.68937222,-90.481600000,0,1,0,0,1,1,5,0,1,1,0,1,0,0000000,18,41,18,52,99,99,0,0,0,1,0
5,50301,2,2,0,0,0,3,3,75,0,29,7,2011,6,10,25,0,3,2,US-412,,6,36.07690556,-91.030558330,0,12,2,0,1,1,2,0,1,1,0,1,0,0000000,10,25,10,26,99,99,0,0,0,1,0
5,50302,2,2,0,0,0,3,3,145,290,29,7,2011,6,11,25,0,4,2,US-367,,51,35.08032500,-91.876772220,0,12,6,0,4,1,1,0,1,1,0,1,0,0000000,11,26,11,45,99,99,0,0,0,1,0
5,50303,2,2,0,0,0,2,2,73,0,29,7,2011,6,15,0,1,2,2,US-82,,213,33.36413333,-93.705630560,0,12,6,0,1,1,1,0,1,1,0,1,0,0000000,15,26,15,44,99,99,0,0,0,1,0
5,50304,1,1,0,1,1,2,2,35,2550,30,7,2011,7,2,0,1,11,1,I-55,,74,35.17660556,-90.194072220,0,8,0,0,1,1,1,0,6,1,0,1,0,0000000,88,88,88,88,88,88,0,0,0,1,0
5,50305,1,1,0,0,0,2,2,57,0,30,7,2011,7,13,10,0,4,3,SR-73,,1,33.76597778,-93.838797220,0,32,0,0,1,1,4,0,1,1,0,1,0,0000000,13,18,13,36,99,99,0,0,0,1,1
5,50306,2,2,0,0,0,2,2,31,0,30,7,2011,7,15,0,0,3,3,SR-135,,91,35.81753889,-90.363450000,0,12,6,0,1,1,1,0,1,1,0,1,0,0000000,15,9,15,15,99,99,0,0,0,1,0
5,50307,2,2,0,0,0,3,3,7,0,30,7,2011,7,18,30,0,4,3,SR-72,,39,36.37435556,-94.168658330,0,12,2,0,1,1,1,0,1,2,0,2,0,0000000,18,30,18,36,99,99,0,0,0,1,1
5,50308,2,2,0,0,0,5,5,59,2500,30,7,2011,7,19,23,0,13,2,US-270,I-30,79,34.39835556,-92.825611110,0,12,1,0,3,3,1,0,1,1,0,1,0,0000000,19,34,19,34,99,99,0,0,0,1,1
5,50309,1,1,0,1,1,2,2,131,1370,31,7,2011,1,18,20,0,16,6,MEANDERING WAY,MEANDERING CT,0,35.34946944,-94.314075000,0,15,0,0,2,2,1,0,1,1,0,1,0,0000000,18,27,18,38,99,99,0,0,0,1,0
5,50310,2,2,0,0,0,2,2,7,0,31,7,2011,1,20,40,0,4,2,US-72-03,,39,36.39334444,-94.165075000,0,12,2,0,1,1,1,0,1,1,0,1,0,0000000,20,42,20,48,99,99,0,0,0,2,0