STATE,ST_CASE,VE_TOTAL,VE_FORMS,PVH_INVL,PEDS,PERNOTMVIT,PERMVIT,PERSONS,COUNTY,CITY,DAY,MONTH,YEAR,DAY_WEEK,HOUR,MINUTE,NHS,ROAD_FNC,ROUTE,TWAY_ID,TWAY_ID2,MILEPT,LATITUDE,LONGITUD,SP_JUR,HARM_EV,MAN_COLL,RELJCT1,RELJCT2,TYP_INT,REL_ROAD,WRK_ZONE,LGT_COND,WEATHER1,WEATHER2,WEATHER,SCH_BUS,RAIL,NOT_HOUR,NOT_MIN,ARR_HOUR,ARR_MIN,HOSP_HR,HOSP_MN,CF1,CF2,CF3,FATALS,DRUNK_DR
5,50311,1,1,0,0,0,2,2,29,0,16,7,2011,7,19,3,0,6,4,CR-6 ADA VALLEY ROAD,,0,77.77770000,777.777700000,0,34,0,0,1,1,4,0,1,1,0,1,0,0000000,19,24,19,43,99,99,0,0,0,1,0
5,50312,2,2,0,0,0,2,2,125,330,23,7,2011,7,23,41,0,4,3,SR-5-08,WATERFALL WAY,22,34.61300556,-92.524066670,0,12,6,0,2,3,1,0,3,1,0,1,0,0000000,23,41,23,48,99,99,0,0,0,1,1
5,50314,2,2,0,0,0,3,3,119,0,14,4,2011,5,7,30,0,6,4,T. P. WHITE DR.,,0,34.93100556,-92.080272220,0,12,2,0,1,1,1,0,1,1,0,1,0,0000000,7,32,7,35,99,99,0,0,0,1,0
5,50315,2,2,0,0,0,3,3,29,0,2,8,2011,3,14,4,0,13,3,SR-9,,33,35.08519722,-92.768511110,0,12,2,0,1,1,1,0,1,1,0,1,0,0000000,14,4,14,12,99,99,0,0,0,1,0
5,50316,2,2,0,0,0,2,2,59,0,2,8,2011,3,14,41,0,4,2,US-67,,98,34.46961944,-92.726411110,0,12,6,0,8,1,2,0,1,1,0,1,0,0000000,14,42,14,52,99,99,0,0,0,1,0
5,50317,2,2,0,0,0,2,2,85,0,2,8,2011,3,15,10,0,2,2,US-165,,295,34.68727500,-92.089230560,0,12,2,0,1,1,2,0,1,1,0,1,0,0000000,15,11,15,22,99,99,0,0,0,1,0
5,50318,1,1,0,0,0,1,1,43,0,2,8,2011,3,16,40,0,4,4,GREENHILL-NEW HOPE,RAS PACE RD,0,33.55773889,-91.898883330,0,1,0,0,2,4,4,0,1,1,0,1,0,0000000,16,42,99,99,99,99,0,0,0,1,0
5,50319,1,1,0,0,0,1,1,97,0,3,8,2011,4,13,5,1,2,2,US- 270,,116,34.52963889,-93.431569440,0,1,0,0,1,1,4,0,1,1,0,1,0,0000000,13,9,13,20,99,99,0,0,0,1,0
5,50320,2,2,0,0,0,3,3,81,0,4,8,2011,5,19,7,0,6,4,CR-57,,0,33.85643611,-94.424950000,0,12,1,0,1,1,1,0,2,1,0,1,0,0000000,19,7,19,45,88,88,0,0,0,1,0
5,50321,1,1,0,1,1,1,1,15,1280,5,8,2011,6,6,33,0,3,3,SR-62,,24,36.38998889,-93.710008330,0,8,0,0,1,1,1,0,4,1,0,1,0,0000000,6,33,6,37,99,99,0,0,0,1,0
5,50322,1,1,0,0,0,2,2,83,0,5,8,2011,6,19,28,0,3,3,SR-23-03,,24,35.17878889,-93.924594440,0,30,0,0,1,1,5,0,1,1,0,1,0,0000000,19,33,19,41,99,99,0,0,0,1,0
5,50323,2,2,0,0,0,3,3,23,0,6,8,2011,7,12,3,0,4,3,SR-263-00,,4,35.62406389,-92.047916670,0,12,8,0,1,1,1,0,1,1,0,1,0,0000000,12,5,12,36,99,99,0,0,0,1,0
5,50324,1,1,0,0,0,2,2,119,0,7,8,2011,1,20,50,0,6,4,FRAIZER PIKE RD,,0,34.71614722,-92.235277780,0,18,0,0,1,1,1,0,6,1,0,1,0,0000000,21,2,21,10,99,99,0,0,0,1,0
5,50325,3,3,0,0,0,4,4,125,330,11,8,2011,5,4,4,1,11,1,I-30-22,,1151,34.62162500,-92.492366670,0,12,11,0,1,1,1,1,3,2,0,2,0,0000000,4,4,4,15,99,99,19,14,0,1,0
5,50326,1,1,0,1,1,1,1,119,20,11,8,2011,5,4,59,1,11,1,I-30,,1264,34.64091944,-92.443347220,0,8,0,0,1,1,1,0,3,2,0,2,0,0000000,4,59,5,14,99,99,0,0,0,1,0
5,50327,3,3,0,0,0,3,3,7,0,11,8,2011,5,9,15,0,4,3,SR-12,DREAM VALLEY RD,32,36.34358611,-94.085791670,0,12,8,0,3,2,1,0,1,1,0,1,0,0000000,9,16,9,20,99,99,0,0,0,1,0
5,50328,1,1,0,0,0,2,2,65,1905,13,8,2011,7,23,31,0,6,4,BEN'S CREEK RD,,0,36.22727778,-91.721211110,0,1,0,0,1,1,4,0,6,1,0,1,0,0000000,23,32,99,99,88,88,6,0,0,1,0
5,50329,1,1,0,0,0,1,1,141,0,14,8,2011,1,15,23,0,4,3,SR-9,,300,35.67040278,-92.286794440,0,42,0,0,1,1,4,0,1,1,0,1,0,0000000,88,88,88,88,88,88,0,0,0,1,0
5,50330,2,2,0,0,0,2,2,93,0,15,8,2011,2,6,32,0,2,3,SR-18-06,SR-181,59,35.84681389,-90.074080560,0,12,2,0,3,3,1,1,4,1,0,1,0,0000000,6,40,7,26,99,99,0,0,0,1,0
5,50331,1,1,0,0,0,1,1,51,0,15,8,2011,2,10,47,0,2,3,SR-7-10,,69,34.64355556,-93.058016670,0,42,0,0,1,1,4,0,1,1,0,1,0,0000000,10,45,10,53,99,99,0,0,0,1,0
5,50332,2,2,0,0,0,2,2,47,0,16,8,2011,3,7,17,1,1,1,I-40-12,,287,35.53111111,-93.964419440,0,23,0,0,1,1,4,0,1,2,0,2,0,0000000,88,88,88,88,88,88,0,0,0,1,0
5,50333,1,1,0,0,0,4,4,7,0,16,8,2011,3,15,10,0,16,6,40TH ST.,,0,36.21706389,-94.172802780,0,42,0,0,1,1,4,0,1,1,0,1,0,0000000,15,12,15,17,99,99,0,0,0,1,0
5,50334,1,1,0,0,0,1,1,69,0,17,8,2011,4,0,36,0,6,4,PRINCETON PK,,0,34.22950833,-92.180225000,0,34,0,0,1,1,4,0,2,1,0,1,0,0000000,0,36,0,58,88,88,2,3,0,1,1
5,50335,1,1,0,0,0,1,1,87,0,17,8,2011,4,19,7,0,4,3,SR-16-05,,127,35.84473333,-93.565111110,0,1,0,0,1,1,4,0,1,1,0,1,0,0000000,88,88,88,88,88,88,0,0,0,1,1
5,50336,1,1,0,0,0,1,1,87,1990,18,8,2011,5,21,1,1,2,2,US-412-04,,14,36.11315556,-93.710955560,0,1,0,0,1,1,4,0,2,1,0,1,0,0000000,21,1,21,6,99,99,0,0,0,1,1
5,50337,1,1,0,0,0,2,2,85,2350,19,8,2011,6,7,50,0,4,2,US-70-14,,56,34.77896389,-91.764925000,0,1,0,0,1,1,4,0,1,1,0,1,0,0000000,7,50,8,0,99,99,0,0,0,1,0
5,50338,1,1,0,1,1,1,1,9,306,19,8,2011,6,20,15,1,2,2,US-65-02,HUZZAH DR.,43,36.19984444,-93.046466670,0,8,0,0,2,4,1,0,2,1,0,1,0,0000000,8,18,8,25,88,88,0,0,0,1,0
5,50339,1,1,0,1,1,1,1,115,3230,20,8,2011,7,8,2,0,6,5,PINE RIDGE RD.,,0,35.23807778,-93.035950000,0,9,0,0,1,1,1,0,1,1,0,1,0,0000000,8,5,8,13,99,99,0,0,0,1,0
5,50340,2,2,0,0,0,6,6,77,0,20,8,2011,7,11,47,0,2,2,US-79-15,,101,34.77520833,-90.940819440,0,12,2,0,1,1,1,0,1,1,0,1,0,0000000,11,48,12,3,99,99,0,0,0,2,1
5,50341,1,1,0,0,0,1,1,11,0,20,8,2011,7,14,50,0,4,4,BRADLEY RD 25,,0,33.58570278,-92.099061110,0,30,0,0,1,1,4,0,1,1,0,1,0,0000000,2,55,3,10,88,88,0,0,0,1,1
5,50342,3,3,0,0,0,3,3,119,2320,21,8,2011,1,5,17,1,11,1,I-440,,16,34.71468611,-92.256333330,0,12,8,0,1,1,1,0,1,1,0,1,0,0000000,5,17,5,26,99,99,0,0,0,1,1
5,50343,1,1,0,0,0,1,1,143,3670,23,8,2011,3,0,15,0,16,6,DON TYSON EXPRESSWAY,,0,36.15200278,-94.096852780,0,43,0,0,1,1,3,0,6,1,0,1,0,0000000,0,16,0,22,99,99,0,0,0,1,1
5,50344,1,1,0,0,0,1,1,35,0,23,8,2011,3,0,50,0,3,3,SR-147,,141,35.12869167,-90.292966670,0,18,0,0,1,1,5,1,6,1,0,1,0,0000000,1,6,1,22,99,99,0,0,0,1,1
5,50345,2,2,0,0,0,3,3,7,0,23,8,2011,3,11,18,0,4,3,SR-279,,20,36.38031111,-94.324822220,0,12,6,0,1,1,2,0,1,2,0,2,0,0000000,11,19,11,31,99,99,0,0,0,1,0
5,50346,2,2,0,0,0,2,2,119,2880,23,8,2011,3,17,49,1,11,1,I-40,,1552,34.77843056,-92.208466670,0,12,1,0,1,1,1,0,1,1,0,1,0,0000000,88,88,88,88,88,88,0,0,0,1,1
5,50347,1,1,0,0,0,1,1,11,0,23,8,2011,3,21,55,0,6,4,COUNTY RD 16,,0,33.66481667,-92.309872220,0,30,0,0,1,1,4,0,2,1,0,1,0,0000000,88,88,88,88,88,88,0,0,0,1,1
5,50348,1,1,0,0,0,1,1,107,0,26,8,2011,6,14,41,0,4,3,SR-20,CO RD 413,134,34.45899722,-90.610325000,0,1,0,0,2,4,1,0,1,1,0,1,0,0000000,16,5,16,30,88,88,0,0,0,1,1
5,50349,1,1,0,0,0,1,1,141,0,26,8,2011,6,15,20,0,4,3,SR-16,,31,35.61974722,-92.389002780,0,34,0,0,1,1,4,0,1,1,0,1,0,0000000,88,88,88,88,88,88,0,0,0,1,0
5,50350,1,1,0,0,0,1,1,45,4257,27,8,2011,7,2,11,0,4,3,SR-25,W SKYLINE DR,82,35.19099444,-92.450425000,0,32,0,0,1,1,4,0,3,1,0,1,0,0000000,88,88,88,88,88,88,0,0,0,1,1
5,50351,1,1,0,0,0,3,3,91,0,27,8,2011,7,8,0,1,2,3,SR-549,,59,33.09429722,-93.894916670,0,1,0,0,1,1,1,0,1,1,0,1,0,0000000,8,4,8,27,99,99,0,0,0,1,0
5,50352,2,2,0,0,0,2,2,143,1310,31,8,2011,4,6,45,0,13,3,SR-16-03,,55,36.04668056,-94.092783330,0,12,2,0,1,1,1,0,1,1,0,1,0,0000000,6,44,6,58,99,99,0,0,0,1,0
5,50353,2,2,0,0,0,2,2,121,0,1,9,2011,5,11,8,1,2,2,US-67-18,SR 90,40,36.20843056,-90.958275000,0,12,6,0,2,2,1,0,1,1,0,1,0,0000000,11,11,11,19,99,99,0,0,0,1,0
5,50354,2,2,0,0,0,2,2,7,340,1,9,2011,5,16,25,1,11,1,I-540,,856,36.29663611,-94.171422220,0,12,7,0,1,1,1,0,1,1,0,1,0,0000000,16,24,16,29,99,99,0,0,0,1,0
5,50355,2,2,0,0,0,2,2,113,2630,2,9,2011,6,10,58,0,15,3,SR-88-02,BONNER CIR,1,34.58594444,-94.205386110,0,12,1,0,2,3,1,0,1,1,0,1,0,0000000,10,58,11,0,99,99,0,0,0,1,0
5,50356,1,1,0,0,0,1,1,115,0,4,9,2011,1,9,10,0,4,3,SR-105-01,,138,35.26971944,-92.935186110,0,59,0,0,1,1,4,0,1,1,0,1,0,0000000,9,16,9,20,88,88,0,0,0,1,0
5,50357,1,1,0,0,0,1,1,145,0,5,9,2011,2,9,8,1,2,2,US-67,SR-13,96,35.13216111,-91.819966670,0,23,0,0,2,3,4,0,1,1,0,1,0,0000000,9,8,9,15,99,99,0,0,0,1,0
5,50358,1,1,0,0,0,1,1,33,0,5,9,2011,2,14,20,0,3,3,SR-59-05,,68,35.68159167,-94.458144440,0,11,0,0,1,1,1,0,1,1,0,1,0,0000000,88,88,88,88,88,88,0,0,0,1,0
5,50359,2,2,0,0,0,4,4,119,2320,5,9,2011,2,15,15,1,11,1,I-530-01,,18,34.67766389,-92.267086110,0,1,0,0,1,1,3,0,1,1,0,1,0,0000000,15,30,15,38,99,99,0,0,0,1,0
5,50360,1,1,0,0,0,5,5,87,1990,7,9,2011,4,15,47,0,6,6,S PARROTT,PARROTT PL,0,36.08113333,-93.729869440,0,42,0,0,1,1,4,0,1,1,0,1,0,0000000,15,48,15,51,99,99,0,0,0,1,0
5,50361,1,1,0,1,1,1,1,73,0,8,9,2011,5,3,0,1,2,2,US-82-02,,105,33.36397778,-93.470875000,0,8,0,0,1,1,2,0,6,1,0,1,0,0000000,88,88,88,88,88,88,0,0,0,1,0
5,50362,1,1,0,0,0,1,1,73,0,8,9,2011,5,13,39,0,3,3,SR-29-01,,29,33.05899444,-93.664330560,0,35,0,0,1,1,4,4,1,1,0,1,0,0000000,88,88,88,88,88,88,0,0,0,1,1
5,50363,2,2,0,0,0,2,2,15,0,9,9,2011,6,6,15,0,3,2,US-62-03,,83,36.47165556,-93.835544440,0,12,6,0,1,1,1,0,1,1,0,1,0,0000000,88,88,88,88,88,88,0,0,0,1,0
5,50364,1,1,0,0,0,1,1,125,330,9,9,2011,6,23,2,1,11,1,I-30-22,,1214,34.61263889,-92.510877780,0,59,0,0,1,1,5,0,6,1,0,1,0,0000000,23,2,23,2,99,99,0,0,0,1,1
5,50365,1,1,0,0,0,1,1,141,820,10,9,2011,7,0,26,1,2,2,US-65-07,,152,35.60824444,-92.456586110,0,53,0,0,1,1,4,0,6,1,0,1,0,0000000,88,88,88,88,88,88,0,0,0,1,1
5,50366,1,1,0,0,0,1,1,57,0,10,9,2011,7,14,45,0,3,3,SR-278-05,,190,33.67905833,-93.603013890,0,42,0,0,1,1,4,0,1,1,0,1,0,0000000,14,46,14,53,88,88,0,0,0,1,0
5,50367,1,1,0,0,0,2,2,121,0,10,9,2011,7,18,40,0,3,3,SR-115-01,ROBIN TRAIL,140,36.32691944,-90.950694440,0,1,0,0,2,3,4,0,1,2,0,2,0,0000000,18,41,18,52,99,99,0,0,0,1,1
5,50368,2,2,0,0,0,3,3,131,1370,10,9,2011,7,20,5,0,13,3,SR-255-03,,38,35.32712222,-94.384602780,0,12,2,0,1,1,1,0,6,1,0,1,0,0000000,20,8,20,14,99,99,0,0,0,1,0
5,50369,1,1,0,1,1,1,1,41,0,11,9,2011,1,5,40,1,13,2,US-65-17,JEFF NUCKOLS RD,60,33.93582222,-91.521158330,0,8,0,0,3,3,1,0,4,1,0,1,0,0000000,88,88,88,88,88,88,0,0,0,1,0
5,50371,2,2,0,0,0,2,2,69,0,11,9,2011,1,18,22,0,2,2,US-270-11,,2,34.30504167,-92.207488890,0,12,2,0,1,1,1,1,1,1,0,1,0,0000000,18,33,18,43,99,99,0,0,0,1,0
5,50372,1,1,0,0,0,2,2,91,3810,13,9,2011,3,2,4,0,6,6,GARLAND AVE,E 28TH ST,0,33.44909444,-94.033663890,0,33,0,0,2,2,4,0,2,1,0,1,0,0000000,2,5,2,10,88,88,0,0,0,2,1
5,50373,1,1,0,0,0,1,1,75,4010,13,9,2011,3,11,58,0,6,6,SE 2ND ST,,0,36.06688333,-90.954975000,0,43,0,0,6,1,5,0,1,1,0,1,0,438550P,11,58,12,3,99,99,0,0,0,1,0
5,50374,1,1,0,0,0,1,1,7,740,13,9,2011,3,16,55,0,4,3,SR-72-02,,133,36.37985556,-94.271350000,0,35,0,0,1,1,4,0,1,1,0,1,0,0000000,16,57,17,1,99,99,0,0,0,1,0
5,50375,1,1,0,1,1,1,1,107,0,13,9,2011,3,20,30,0,4,3,SR-44-03,,355,34.49186944,-90.679369440,0,9,0,0,1,1,1,0,2,1,0,1,0,0000000,20,32,20,37,99,99,0,0,0,1,0
5,50376,2,2,0,0,0,5,5,85,0,14,9,2011,4,15,57,0,3,3,SR-5-12,,59,35.02829444,-92.069702780,0,12,2,0,1,1,1,0,1,1,0,1,0,0000000,15,57,16,10,99,99,0,0,0,1,0
5,50377,2,2,0,0,0,2,2,21,0,15,9,2011,5,9,52,0,2,3,SR-135-06,SR-90,53,36.33511944,-90.525083330,0,12,2,0,2,4,1,0,1,1,0,1,0,0000000,9,56,10,11,99,99,0,0,0,1,0
5,50378,1,1,0,0,0,1,1,27,0,15,9,2011,5,17,20,0,6,4,CR 45,,0,33.37427222,-93.212061110,0,42,0,0,1,1,4,0,1,1,0,1,0,0000000,88,88,88,88,88,88,0,0,0,1,0
5,50379,1,1,0,0,0,4,4,57,1890,16,9,2011,6,3,0,0,16,6,SPRUCE ST.,,0,33.67955000,-93.584286110,0,35,0,0,1,1,4,0,3,1,0,1,0,0000000,3,5,3,9,99,99,0,0,0,1,0
5,50380,1,1,0,1,1,1,1,143,0,16,9,2011,6,9,0,1,1,1,I-540-04,,492,35.96485833,-94.195602780,0,8,0,0,1,1,2,0,1,1,0,1,0,0000000,8,59,9,7,99,99,23,0,0,1,0
5,50381,1,1,0,0,0,2,2,35,0,16,9,2011,6,10,41,0,6,4,BAKER,,0,35.40528056,-90.221650000,0,21,0,0,1,1,4,0,1,1,0,1,0,0000000,10,41,11,7,99,99,0,0,0,1,0
5,50382,1,1,0,0,0,1,1,45,0,16,9,2011,6,14,25,1,11,1,I-40-32,,1245,34.86033611,-92.351863890,0,1,0,0,1,1,3,0,1,2,0,2,0,0000000,88,88,88,88,88,88,0,0,0,1,0
5,50383,2,2,0,0,0,3,3,31,0,17,9,2011,7,18,30,0,4,3,SR-351-02,CR-766,41,35.91513056,-90.645888890,0,12,6,0,2,2,1,0,1,8,0,8,0,0000000,18,35,18,45,99,99,0,0,0,1,1
5,50384,1,1,0,0,0,2,2,31,0,18,9,2011,1,1,13,0,6,4,CR-203,,0,35.77841667,-90.816863890,0,1,0,0,1,1,1,0,2,1,0,1,0,0000000,1,17,1,37,99,99,0,0,0,2,0
5,50385,1,1,0,1,1,1,1,145,0,18,9,2011,1,19,40,0,4,3,SR-36-05,,132,35.14370833,-91.482305560,0,8,0,0,1,1,1,0,6,1,0,1,0,0000000,19,40,20,0,99,99,23,0,0,1,0
5,50386,1,1,0,1,1,1,1,139,1210,19,9,2011,2,14,16,0,16,6,CASA LINDA ST.,DREXEL CT.,0,33.24430000,-92.671208330,0,8,0,0,3,6,1,0,1,1,0,1,0,0000000,14,44,14,50,99,99,0,0,0,1,0
5,50387,2,2,0,0,0,4,4,105,0,20,9,2011,3,10,40,0,2,3,SR-7-11,,66,34.85465000,-93.095952780,0,12,6,0,1,1,1,0,1,1,0,1,0,0000000,10,41,11,25,99,99,0,0,0,1,0
5,50388,2,2,0,0,0,2,2,69,3150,21,9,2011,4,2,20,1,13,2,US-65-15,,11,34.19479444,-91.945169440,0,12,8,0,1,1,1,0,2,5,0,5,0,0000000,88,88,88,88,88,88,0,0,0,1,0
5,50389,1,1,0,2,2,2,2,143,1310,21,9,2011,4,7,20,0,6,6,E. JOYCE BLVD,N. PARKVIEW DR,0,36.12009167,-94.133738890,0,8,0,0,1,1,1,1,1,1,0,1,0,0000000,88,88,88,88,88,88,0,0,0,1,1
5,50390,2,2,0,0,0,4,4,69,0,21,9,2011,4,21,10,0,3,3,SR-15-08,,137,34.48396944,-91.948294440,0,12,2,0,1,1,1,0,6,1,0,1,0,0000000,21,19,21,25,99,99,0,0,0,1,0
5,50391,1,1,0,0,0,1,1,23,0,22,9,2011,5,16,37,0,4,3,SR-16-11,,94,35.55623611,-92.204322220,0,59,0,0,1,1,4,0,1,2,0,2,0,0000000,16,37,16,45,88,88,0,0,0,1,1
5,50392,1,1,0,0,0,3,3,119,2320,23,9,2011,6,7,40,0,16,5,TEMPLE ST.,,0,34.74026389,-92.218947220,0,24,0,0,1,1,4,0,1,1,0,1,0,0000000,7,45,8,0,99,99,0,0,0,1,1
5,50393,1,1,0,0,0,1,1,99,0,23,9,2011,6,13,40,0,4,3,SR-200-01,,71,33.63362778,-93.241297220,0,35,0,0,1,1,4,0,1,1,0,1,0,0000000,88,88,88,88,88,88,0,0,0,1,0
5,50394,2,2,0,0,0,2,2,43,0,23,9,2011,6,15,10,0,4,3,SR-293,,25,33.70390000,-91.574844440,0,12,1,0,1,1,1,0,1,1,0,1,0,0000000,15,10,15,27,99,99,0,0,0,1,0
5,50395,1,1,0,0,0,1,1,55,3030,25,9,2011,1,14,22,0,6,6,HONEYSUCKLE RD.,,0,36.05906389,-90.539097220,0,53,0,0,1,1,5,0,1,2,0,2,0,0000000,88,88,88,88,88,88,0,0,0,1,0
5,50396,1,1,0,0,0,1,1,119,2880,25,9,2011,1,16,22,1,1,1,I-440,,102,34.76607222,-92.161830560,0,25,0,0,1,1,4,0,1,1,0,1,0,0000000,16,24,16,45,99,99,0,0,0,1,0
5,50397,2,2,0,0,0,4,4,3,920,28,9,2011,4,14,15,0,13,3,SR-133,KING CIR.,66,33.09992778,-91.951425000,0,12,6,0,2,3,1,0,1,1,0,1,0,0000000,14,29,15,4,99,99,0,0,0,1,0
5,50398,2,2,0,0,0,2,2,119,2320,29,9,2011,5,9,55,0,16,6,UNIVERSITY AVE.,BEACON ST.,0,34.77214167,-92.340538890,0,1,0,0,2,3,1,0,1,1,0,1,0,0000000,9,53,9,56,99,99,0,0,0,1,0
5,50399,2,2,0,0,0,3,3,27,0,30,9,2011,6,20,35,1,2,2,US-82,,14,33.35149167,-93.392180560,0,12,1,0,1,1,1,0,2,1,0,1,0,0000000,20,38,20,50,99,99,0,0,0,1,0
5,50400,1,1,0,0,0,2,2,51,0,1,10,2011,7,22,51,0,6,4,W. GOATHILL,,0,34.60135000,-93.051766670,0,35,0,0,1,1,4,1,2,1,0,1,0,0000000,22,58,23,9,99,99,0,0,0,1,1
5,50401,1,1,0,0,0,1,1,57,0,2,10,2011,1,16,13,0,3,2,US-278,,114,33.83084722,-93.707841670,0,35,0,0,1,1,4,0,1,1,0,1,0,0000000,16,30,16,40,99,99,0,0,0,1,0
5,50402,1,1,0,0,0,1,1,91,0,3,10,2011,2,6,27,0,4,3,SR-134,,141,33.31992222,-93.754852780,0,1,0,0,1,1,4,0,4,1,0,1,0,0000000,6,35,7,0,99,99,0,0,0,1,0
5,50403,1,1,0,0,0,2,2,67,0,3,10,2011,2,20,50,0,6,4,CR-315,,0,35.44822222,-91.398108330,0,23,0,0,1,1,4,0,2,1,0,1,0,0000000,21,8,21,23,99,99,3,0,0,1,1
5,50404,1,1,0,1,1,1,1,119,2320,4,10,2011,3,19,40,0,16,6,MARKHAM ST.,PEARL ST.,0,34.75086944,-92.304741670,0,8,0,0,2,3,1,0,3,1,0,1,0,0000000,19,44,19,49,99,99,0,0,0,1,0
5,50405,1,1,0,0,0,1,1,139,0,4,10,2011,3,16,10,1,2,2,US-167-02,,34,33.28934722,-92.604038890,0,42,0,0,1,1,4,0,1,1,0,1,0,0000000,88,88,88,88,88,88,0,0,0,1,1
5,50406,1,1,0,0,0,1,1,137,0,3,10,2011,2,23,29,0,3,3,SR-5,,76,35.79066389,-91.970933330,0,32,0,0,1,1,5,0,2,1,0,1,0,0000000,23,31,23,42,99,99,0,0,0,1,1
5,50407,2,2,0,0,0,4,4,43,0,5,10,2011,4,6,15,1,2,2,US-425,,54,33.47145000,-91.836130560,0,12,2,0,1,1,1,0,1,1,0,1,0,0000000,6,20,6,30,99,99,0,0,0,1,0
5,50408,4,4,0,0,0,4,4,119,2320,5,10,2011,4,8,46,0,13,3,SR-10,,93,34.77906667,-92.371861110,0,12,1,0,1,1,1,0,1,1,0,1,0,0000000,88,88,88,88,88,88,0,0,0,1,0
5,50409,2,2,0,0,0,3,3,137,0,6,10,2011,5,21,46,0,4,3,SR-9,,154,35.90293889,-92.103244440,0,12,2,0,1,1,1,0,2,1,0,1,0,0000000,21,52,21,59,99,99,0,0,0,1,0
5,50410,2,2,0,0,0,5,5,119,2320,7,10,2011,6,20,45,0,14,3,SR-5-09,BASELINE RD,25,34.67118056,-92.417813890,0,12,6,0,2,2,1,0,3,1,0,1,0,0000000,20,49,20,52,99,99,0,0,0,1,2
5,50411,1,1,0,0,0,1,1,69,3150,8,10,2011,7,0,0,1,13,2,US-79-09B,,50,34.20709722,-92.041444440,0,35,0,0,1,1,4,0,2,1,0,1,0,0000000,88,88,88,88,88,88,0,0,0,1,1
5,50412,1,1,0,0,0,2,2,29,0,8,10,2011,7,2,25,0,6,4,SPRINGVALLEY RD,,0,35.18674444,-92.672802780,0,1,0,0,1,1,4,0,6,1,0,1,0,0000000,2,36,2,45,99,99,0,0,0,1,1
5,50413,1,1,0,0,0,2,2,31,2070,8,10,2011,7,12,50,0,16,6,LAWSON RD,,0,35.77856389,-90.731352780,0,58,0,0,1,1,4,0,1,1,0,1,0,0000000,12,56,13,1,99,99,0,0,0,1,0
5,50414,1,1,0,0,0,3,3,73,0,8,10,2011,7,22,50,0,6,4,LAFAYETTE 20,,0,33.34140833,-93.609727780,0,32,0,0,1,1,4,0,6,1,0,1,0,0000000,22,50,23,5,99,99,0,0,0,1,1
5,50415,2,2,0,0,0,3,3,31,2070,9,10,2011,1,15,23,0,14,3,SR-226-03,,52,35.81705000,-90.739577780,0,12,2,0,1,1,1,0,1,1,0,1,0,0000000,15,34,15,37,99,99,0,0,0,1,0
5,50416,3,3,0,0,0,7,7,45,860,10,10,2011,2,12,20,1,11,1,I-40-32,,1264,35.08634444,-92.417486110,0,12,2,0,1,1,1,0,1,1,0,1,0,0000000,12,22,12,29,99,99,0,0,0,1,0
5,50417,1,1,0,0,0,1,1,143,0,10,10,2011,2,19,30,1,2,2,US-412-02,CR 851,11,36.17394444,-94.317308330,0,1,0,0,2,3,4,0,6,1,0,1,0,0000000,88,88,88,88,88,88,0,0,0,1,0
5,50418,1,1,0,0,0,1,1,57,0,11,10,2011,3,6,45,0,4,3,SR-32-07,,9,33.64711667,-93.556672220,0,11,0,0,1,1,1,0,4,1,0,1,0,0000000,6,50,6,57,99,99,0,0,0,1,0
5,50419,2,2,0,0,0,2,2,125,0,11,10,2011,3,15,0,0,4,4,EAST SARDIS RD,BLOCK RD,0,34.53836111,-92.362838890,0,12,6,0,2,3,1,0,1,1,0,1,0,0000000,15,5,15,28,99,99,0,0,0,1,0
5,50420,1,1,0,0,0,1,1,51,0,13,10,2011,5,18,55,0,4,4,AMITY RD,,0,34.42493333,-93.096383330,0,31,0,0,1,1,4,0,1,1,0,1,0,0000000,88,88,88,88,88,88,0,0,0,1,1
5,50421,1,1,0,0,0,1,1,69,3150,14,10,2011,6,11,8,1,13,2,US-65,GREEN MEADOWS DR.,11,34.19472222,-91.944386110,0,32,0,0,2,3,4,0,1,1,0,1,0,0000000,11,11,11,20,88,88,0,0,0,1,1
5,50422,1,1,0,0,0,1,1,143,3670,14,10,2011,6,13,31,1,11,1,I-540,,705,36.16051389,-94.186636110,0,21,0,0,1,1,4,0,1,1,0,1,0,0000000,13,31,13,34,99,99,0,0,0,1,0
5,50423,1,1,0,0,0,1,1,93,0,15,10,2011,7,9,33,0,4,3,SR-137-01,,82,35.98825000,-89.742308330,0,1,0,0,1,1,4,0,1,1,0,1,0,0000000,88,88,88,88,88,88,0,0,0,1,0
5,50424,1,1,0,0,0,1,1,33,0,15,10,2011,7,5,58,1,1,1,I-540-03,,320,35.60911944,-94.193405560,0,42,0,0,1,1,3,0,2,1,0,1,0,0000000,88,88,88,88,88,88,0,0,0,1,1
5,50425,1,1,0,1,1,3,3,17,0,15,10,2011,7,22,12,0,3,3,SR-35-09,,40,33.53060000,-91.399097220,0,8,0,0,1,1,1,0,2,1,0,1,0,0000000,22,15,22,29,99,99,0,0,0,1,1
5,50426,1,1,0,0,0,2,2,51,0,15,10,2011,7,23,28,0,6,4,MELROSE,,0,34.49623333,-93.155138890,0,42,0,0,1,1,5,0,2,1,0,1,0,0000000,23,30,23,43,99,99,0,0,0,1,1
5,50427,2,2,0,0,0,5,5,71,0,16,10,2011,1,12,22,0,4,2,US-64-04,GRAVEL HILL RD.,10,35.43749722,-93.690525000,0,12,6,0,2,3,1,0,1,1,0,1,0,0000000,12,22,12,37,99,99,0,0,0,1,0
5,50428,1,1,0,0,0,1,1,49,0,16,10,2011,1,15,40,0,4,3,SR-289-04,,193,36.47991944,-91.553983330,0,35,0,0,1,1,4,0,1,1,0,1,0,0000000,15,45,15,50,99,99,0,0,0,1,0
5,50429,1,1,0,0,0,2,2,15,0,17,10,2011,2,1,28,0,4,3,SR-103-04,,199,36.40515833,-93.430694440,0,38,0,0,1,1,4,0,2,1,0,1,0,0000000,1,29,1,39,99,99,0,0,0,1,1