STATE,ST_CASE,VE_TOTAL,VE_FORMS,PVH_INVL,PEDS,PERNOTMVIT,PERMVIT,PERSONS,COUNTY,CITY,DAY,MONTH,YEAR,DAY_WEEK,HOUR,MINUTE,NHS,ROAD_FNC,ROUTE,TWAY_ID,TWAY_ID2,MILEPT,LATITUDE,LONGITUD,SP_JUR,HARM_EV,MAN_COLL,RELJCT1,RELJCT2,TYP_INT,REL_ROAD,WRK_ZONE,LGT_COND,WEATHER1,WEATHER2,WEATHER,SCH_BUS,RAIL,NOT_HOUR,NOT_MIN,ARR_HOUR,ARR_MIN,HOSP_HR,HOSP_MN,CF1,CF2,CF3,FATALS,DRUNK_DR
5,50430,1,1,0,0,0,1,1,75,0,17,10,2011,2,22,17,0,6,4,CR 269,,0,36.04471667,-91.238419440,0,21,0,0,1,1,4,0,2,1,0,1,0,0000000,88,88,88,88,88,88,0,0,0,1,1
5,50431,1,1,0,0,0,1,1,99,0,18,10,2011,3,18,20,1,1,1,I-30-13,,487,33.85727222,-93.355736110,0,42,0,0,1,1,4,0,1,1,0,1,0,0000000,88,88,88,88,88,88,0,0,0,1,0
5,50432,1,1,0,0,0,2,2,85,0,19,10,2011,4,21,48,0,4,3,SR-13-10,,17,34.80464444,-91.750208330,0,1,0,0,1,1,4,0,6,1,0,1,0,0000000,21,48,22,0,99,99,0,0,0,1,1
5,50433,3,3,0,0,0,4,4,141,0,20,10,2011,5,12,48,1,2,2,US-65-08,,89,35.50585556,-92.425025000,0,12,2,0,1,1,1,0,1,1,0,1,0,0000000,12,54,13,4,99,99,0,0,0,1,0
5,50434,3,3,0,0,0,13,13,119,2320,20,10,2011,5,16,3,0,6,6,GEYER SPRINGS RD,I-30-EB FRONTAGE RD,0,34.67808056,-92.343763890,0,12,6,0,2,2,1,0,1,1,0,1,0,0000000,16,5,16,11,99,99,0,0,0,2,0
5,50435,1,1,0,0,0,1,1,143,0,21,10,2011,6,7,34,0,3,2,US-71-16,,59,35.77108056,-94.122991670,0,43,0,0,1,1,4,0,6,1,0,1,0,0000000,88,88,88,88,88,88,0,0,0,1,0
5,50436,1,1,0,0,0,1,1,5,0,21,10,2011,6,12,40,0,3,3,SR-5-19,,26,36.34979722,-92.400819440,0,59,0,0,1,1,4,0,1,1,0,1,0,0000000,0,41,0,47,99,99,0,0,0,1,0
5,50437,2,2,0,0,0,2,2,119,2036,21,10,2011,6,17,19,1,12,2,US-67-10,,109,34.88230278,-92.111380560,0,12,7,0,1,1,1,0,1,1,0,1,0,0000000,88,88,88,88,88,88,0,0,0,1,0
5,50438,1,1,0,0,0,1,1,63,250,22,10,2011,7,9,41,0,13,3,SR-69-02B,,17,35.76909722,-91.651280560,0,39,0,0,1,1,4,0,1,1,0,1,0,0000000,9,42,9,48,99,99,0,0,0,1,0
5,50439,2,2,0,0,0,5,5,53,0,22,10,2011,7,14,59,0,2,2,US-270-10,GRANT 75,29,34.31371111,-92.264161110,0,12,6,0,2,2,1,0,1,1,0,1,0,0000000,15,14,15,42,99,99,0,0,0,1,0
5,50440,1,1,0,0,0,1,1,149,0,25,10,2011,3,23,7,0,3,3,SR-22-05,,6,35.28176944,-93.334872220,0,42,0,0,1,1,4,0,2,1,0,1,0,0000000,23,27,23,37,88,88,0,0,0,1,1
5,50441,1,1,0,0,0,1,1,53,0,26,10,2011,4,15,33,0,3,3,SR-35-02,,39,34.41286389,-92.490205560,0,38,0,0,1,1,4,0,1,1,0,1,0,0000000,15,47,16,10,99,99,0,0,0,1,0
5,50442,1,1,0,0,0,1,1,27,0,26,10,2011,4,22,36,0,6,4,CR 13,,0,33.33836389,-93.215694440,0,11,0,0,1,1,1,0,2,1,0,1,0,0000000,22,36,22,47,99,99,0,0,0,1,1
5,50443,1,1,0,1,1,1,1,69,3150,28,10,2011,6,19,45,0,6,6,BARRAQUE AVE.,,0,34.23058056,-92.059572220,0,8,0,0,1,1,1,0,2,1,0,1,0,0000000,20,10,20,25,99,99,0,0,0,1,0
5,50444,2,2,0,0,0,3,3,85,600,29,10,2011,7,14,26,0,3,3,SR-5-12,,68,35.03970833,-92.076847220,0,12,2,0,1,1,1,0,1,1,0,1,0,0000000,14,27,14,39,99,99,0,0,0,1,1
5,50445,1,1,0,0,0,1,1,49,3960,30,10,2011,1,19,45,1,2,2,US-62-12,,106,36.39671111,-91.985766670,0,43,0,0,1,1,4,0,3,1,0,1,0,0000000,19,40,19,53,99,99,0,0,0,1,1
5,50446,1,1,0,0,0,1,1,35,0,1,11,2011,3,12,10,0,3,3,SR-147-01,,69,35.06027778,-90.330000000,0,1,0,0,1,1,4,0,1,1,0,1,0,0000000,12,13,12,35,99,99,0,0,0,1,1
5,50447,1,1,0,0,0,1,1,83,0,2,11,2011,4,8,57,0,4,3,SR-309-03,,36,35.34168333,-93.745636110,0,35,0,0,1,1,4,0,1,1,0,1,0,0000000,88,88,88,88,88,88,0,0,0,1,1
5,50448,3,3,0,0,0,4,4,145,0,2,11,2011,4,10,49,0,4,3,SR-157-01,,114,35.42007222,-91.671675000,0,12,8,0,1,1,1,0,1,1,0,1,0,0000000,10,52,11,8,99,99,0,0,0,1,1
5,50449,1,1,0,0,0,1,1,109,0,4,11,2011,6,23,0,0,6,4,BARENTINE,PALESTINE,0,34.27166389,-93.664916670,0,43,0,0,3,3,4,0,6,1,0,1,0,0000000,88,88,88,88,88,88,20,0,0,1,0
5,50450,1,1,0,0,0,1,1,139,1210,5,11,2011,7,6,46,1,13,2,US-167-01B N WEST,10TH STREET,13,33.22696667,-92.665611110,0,33,0,0,2,2,4,0,1,1,0,1,0,0000000,6,49,6,51,99,99,0,0,0,1,1
5,50451,2,2,0,0,0,3,3,15,0,5,11,2011,7,20,6,0,3,2,US-62,SPARROW ROAD,131,36.30821667,-93.363405560,0,12,1,0,3,3,1,0,6,1,0,1,0,0000000,18,53,19,3,99,99,0,0,0,1,0
5,50452,2,2,0,0,0,2,2,85,0,7,11,2011,2,7,15,1,1,1,I-40-41,,1786,34.79930556,-91.829558330,0,12,7,0,1,1,1,0,1,1,0,1,0,0000000,88,88,88,88,88,88,0,0,0,1,0
5,50453,2,2,0,0,0,2,2,35,0,8,11,2011,3,21,55,1,11,1,I-40-52,,2831,35.15314167,-90.087563890,0,12,2,0,1,1,1,0,2,1,0,1,0,0000000,10,12,10,25,88,88,0,0,0,1,1
5,50454,1,1,0,0,0,1,1,23,0,8,11,2011,3,23,23,0,3,3,SR-25-03,,63,35.52338611,-91.998886110,0,42,0,0,1,1,4,0,6,1,0,1,0,0000000,88,88,88,88,88,88,0,0,0,1,1
5,50455,3,3,0,1,1,8,8,7,3390,9,11,2011,4,9,34,1,2,2,US-62-02,,52,36.37494167,-94.098266670,0,33,0,0,1,1,4,0,1,1,0,1,0,0000000,9,34,9,43,99,99,0,0,0,2,0
5,50456,2,2,0,0,0,3,3,111,0,9,11,2011,4,13,38,1,2,3,SR-1-16,,87,35.69960556,-90.696080560,0,12,2,0,1,1,4,0,1,1,0,1,0,0000000,13,43,13,50,99,99,0,0,0,1,0
5,50457,2,2,0,0,0,2,2,55,3030,10,11,2011,5,18,44,1,13,2,US-49-02,,185,36.03455556,-90.517669440,0,12,6,0,8,1,1,0,3,1,0,1,0,0000000,18,44,18,50,99,99,0,0,0,1,0
5,50458,1,1,0,0,0,1,1,137,0,13,11,2011,1,7,23,0,3,3,SR-5-16,,63,35.74733611,-91.917080560,0,1,0,0,1,1,4,0,4,1,0,1,0,0000000,88,88,88,88,88,88,0,0,0,1,0
5,50459,1,1,0,0,0,1,1,113,1560,14,11,2011,2,15,45,1,2,2,US-71-08,,27,34.21836111,-94.317194440,0,42,0,0,1,1,4,0,1,1,0,1,0,0000000,88,88,88,88,88,88,0,0,0,1,0
5,50460,2,2,0,0,0,2,2,69,3150,14,11,2011,2,20,40,1,11,1,I-530-05,,450,34.19008333,-91.979805560,0,12,1,0,1,1,1,0,2,1,0,1,0,0000000,20,45,20,53,99,99,0,0,0,1,0
5,50461,1,1,0,0,0,1,1,141,0,16,11,2011,4,8,45,0,4,3,SR-356-01,,45,35.44645833,-92.276188890,0,1,0,0,1,1,1,0,1,1,0,1,0,0000000,8,45,9,9,99,99,0,0,0,1,0
5,50462,1,1,0,0,0,4,4,93,0,17,11,2011,5,6,35,0,4,3,SR-77-03,,12,35.68190278,-90.231691670,0,1,0,0,1,1,2,0,1,1,0,1,0,0000000,6,39,7,9,99,99,0,0,0,1,0
5,50463,1,1,0,1,1,1,1,119,2320,17,11,2011,5,9,30,0,16,6,LOUISIANA STREET,CAPITOL STREET,0,34.74432222,-92.272300000,0,8,0,0,3,2,1,0,1,1,0,1,0,0000000,9,30,9,32,99,99,0,0,0,1,0
5,50464,2,2,0,0,0,2,2,143,3670,18,11,2011,6,3,21,1,11,1,I-540-04,,705,36.16139444,-94.186472220,0,12,2,0,1,1,1,0,2,1,0,1,0,0000000,3,32,3,38,99,99,0,0,0,1,1
5,50465,1,1,0,0,0,1,1,119,0,18,11,2011,6,10,31,0,3,3,SR-10-07,,42,34.86801944,-92.583075000,0,34,0,0,1,1,4,0,1,1,0,1,0,0000000,10,30,10,46,99,99,0,0,0,1,0
5,50466,2,2,0,0,0,4,4,35,4120,19,11,2011,7,20,30,1,11,1,I-55-11,,68,35.16937778,-90.187583330,0,12,6,1,18,1,1,0,3,1,0,1,0,0000000,8,52,8,59,99,99,0,0,0,1,0
5,50467,2,2,0,0,0,2,2,119,2320,22,11,2011,3,6,55,0,16,6,BARROW ROAD,,0,34.73508889,-92.372516670,0,12,2,0,1,1,1,0,1,1,0,1,0,0000000,6,57,7,1,99,99,0,0,0,1,0
5,50468,2,2,0,0,0,2,2,25,0,22,11,2011,3,17,50,0,3,2,US-63-15,CR-103 WEST ROAD,236,33.76224444,-91.994708330,0,12,6,0,2,3,1,0,2,1,0,1,0,0000000,18,0,18,10,99,99,0,0,0,1,0
5,50469,1,1,0,0,0,8,8,125,0,24,11,2011,5,4,9,1,1,1,I-30-22,,1103,34.52406111,-92.683238890,0,1,0,0,1,1,1,0,6,1,0,1,0,0000000,4,1,4,13,99,99,0,0,0,1,0
5,50470,1,1,0,0,0,7,7,123,0,25,11,2011,6,12,0,1,1,1,I-40-51,,2447,35.03631667,-90.719066670,0,1,0,0,1,1,4,0,1,1,0,1,0,0000000,12,4,12,10,99,99,0,0,0,1,0
5,50471,2,2,0,0,0,5,5,23,1820,27,11,2011,1,10,14,0,4,3,SR-110-06,,22,35.49643056,-91.991911110,0,12,1,0,8,1,1,0,1,1,0,1,0,0000000,10,14,10,18,99,99,0,0,0,1,0
5,50472,2,2,0,0,0,2,2,109,0,30,11,2011,4,11,10,0,3,2,US-70-05,,63,34.32385000,-93.567483330,0,12,6,0,1,1,2,0,1,1,0,1,0,0000000,11,35,11,38,88,88,0,0,0,2,0
5,50473,2,2,0,0,0,4,4,99,4185,30,11,2011,4,13,28,0,3,2,US-371-05,,228,33.52401111,-93.296416670,0,12,1,0,1,1,1,0,1,1,0,1,0,0000000,13,28,13,40,99,99,0,0,0,1,0
5,50474,2,2,0,0,0,2,2,69,0,30,11,2011,4,13,30,0,9,4,PAPERMILL ROAD,,0,34.22943889,-91.925900000,0,12,8,0,1,1,1,0,1,1,0,1,0,0000000,13,30,13,50,99,99,0,0,0,1,0
5,50475,1,1,0,0,0,1,1,131,1370,1,12,2011,5,7,45,0,16,6,GARY,LUCY,0,35.34931389,-94.395925000,0,32,0,0,3,3,4,0,1,1,0,1,0,0000000,7,50,7,57,99,99,0,0,0,1,0
5,50476,2,2,0,0,0,2,2,91,0,1,12,2011,5,14,56,0,3,2,US-82-01,,143,33.41231944,-93.785497220,0,12,6,0,1,1,1,0,1,1,0,1,0,0000000,88,88,88,88,88,88,0,0,0,1,0
5,50477,1,1,0,1,1,1,1,41,0,1,12,2011,5,17,40,1,2,2,US-165-04,SR-1,70,33.93251111,-91.394294440,0,8,0,0,2,4,1,0,2,1,0,1,0,0000000,17,40,17,48,99,99,0,0,0,1,0
5,50478,1,1,0,0,0,1,1,15,0,3,12,2011,7,14,43,0,4,3,SR-21,,30,36.18358333,-93.533066670,0,42,0,0,1,1,4,0,1,2,0,2,0,0000000,88,88,88,88,88,88,0,0,0,1,1
5,50479,1,1,0,0,0,1,1,119,2036,3,12,2011,7,19,20,0,3,3,SR-107-01,,205,34.96659722,-92.149172220,0,31,0,0,1,1,4,0,2,1,0,1,0,0000000,7,15,7,27,99,99,0,0,0,1,1
5,50480,1,1,0,0,0,2,2,93,450,3,12,2011,7,19,30,0,16,6,MOULTRIE STREET,,0,35.93653056,-89.906172220,0,30,0,0,1,1,4,0,2,1,0,1,0,0000000,19,35,19,40,99,99,0,0,0,1,0
5,50481,1,1,0,0,0,1,1,67,0,4,12,2011,1,10,56,1,2,2,US-67-15,,44,35.65393333,-91.227805560,0,25,0,0,1,1,3,0,1,2,0,2,0,0000000,10,57,11,6,99,99,0,0,0,1,1
5,50482,1,1,0,0,0,2,2,107,0,5,12,2011,2,19,12,0,4,3,SR-185-01,,18,34.56915000,-90.657338890,0,32,0,0,1,1,4,0,2,2,0,2,0,0000000,99,99,99,99,88,88,0,0,0,1,0
5,50483,1,1,0,0,0,1,1,45,0,7,12,2011,4,5,45,1,11,1,I-40-32,,1203,35.13010833,-92.514836110,0,24,0,0,1,1,3,0,1,1,0,1,0,0000000,5,45,6,56,99,99,0,0,0,1,0
5,50484,1,1,0,0,0,3,3,95,550,7,12,2011,4,6,19,1,1,1,I-40-43,,2161,34.90890556,-91.190583330,0,1,0,0,1,1,4,0,2,4,0,4,0,0000000,6,40,6,50,99,99,0,0,0,1,1
5,50485,2,2,0,0,0,2,2,117,1810,7,12,2011,4,14,0,1,1,1,I-40-42,,1864,34.80200000,-91.697141670,0,12,1,0,1,1,1,1,1,1,0,1,0,0000000,14,8,14,24,88,88,0,0,0,1,0
5,50486,2,2,0,0,0,2,2,23,9997,9,12,2011,6,6,57,0,4,3,SR-16-11,CHICO ROAD,20,35.44480833,-92.140713890,0,12,2,0,2,3,1,0,4,5,0,5,0,0000000,6,58,7,12,99,99,0,0,0,1,0
5,50487,1,1,0,0,0,1,1,11,0,9,12,2011,6,10,38,0,4,3,SR-160-08,,73,33.43590556,-92.211902780,0,1,0,0,1,1,4,0,1,1,0,1,0,0000000,10,58,11,23,99,99,0,0,0,1,0
5,50488,2,2,0,0,0,4,4,7,0,9,12,2011,6,13,6,0,5,3,SR-102-02,,70,36.34108056,-94.344886110,0,12,2,0,1,1,1,0,1,1,0,1,0,0000000,13,6,13,16,99,99,0,0,0,3,0
5,50489,1,1,0,0,0,1,1,87,0,10,12,2011,7,17,23,0,3,3,SR-16-04,,34,35.88715833,-93.920627780,0,42,0,0,1,1,4,0,2,1,0,1,0,0000000,88,88,88,88,88,88,0,0,0,1,1
5,50490,1,1,0,0,0,3,3,125,0,11,12,2011,1,9,3,0,4,3,SR-5-07,,119,34.61209722,-92.682002780,0,34,0,0,1,1,4,0,1,1,0,1,0,0000000,9,5,9,18,99,99,0,0,0,1,0
5,50491,1,1,0,0,0,1,1,33,3930,12,12,2011,2,5,38,1,11,1,I-540-02,,119,35.42948611,-94.338405560,0,30,0,0,5,1,4,0,3,1,0,1,0,0000000,5,39,5,43,99,99,0,0,0,1,0
5,50492,2,2,0,0,0,2,2,87,1875,12,12,2011,2,12,20,1,2,2,US-412-03,SR-45,31,36.15920278,-93.862300000,0,12,6,0,2,2,1,0,1,1,0,1,0,0000000,12,22,12,25,99,99,0,0,0,1,0
5,50493,1,1,0,0,0,1,1,55,3030,12,12,2011,2,12,33,0,16,6,E LAKE STREET,,0,36.05399722,-90.457050000,0,32,0,0,1,1,4,0,1,1,0,1,0,0000000,88,88,88,88,88,88,0,0,0,1,0
5,50494,3,3,0,0,0,3,3,117,0,14,12,2011,4,18,56,1,1,1,I-40-42,,1904,34.82004722,-91.518000000,0,12,1,0,1,1,1,1,2,1,0,1,0,0000000,19,21,19,32,99,99,0,0,0,1,0
5,50496,1,1,0,0,0,1,1,63,0,16,12,2011,6,13,30,0,3,3,SR-25-05,,34,35.78545278,-91.578794440,0,35,0,0,1,1,5,0,1,1,0,1,0,0000000,13,31,13,36,99,99,0,0,0,1,0
5,50497,1,1,0,0,0,1,1,27,0,16,12,2011,6,15,21,0,6,4,CO RD 3,,0,33.08445556,-93.320577780,0,38,0,0,1,1,4,0,1,1,0,1,0,0000000,88,88,88,88,88,88,0,0,0,1,0
5,50499,1,1,0,0,0,2,2,129,0,19,12,2011,2,10,15,0,3,3,SR-27-17,,54,35.97423611,-92.590591670,0,34,0,0,1,1,5,0,1,1,0,1,0,0000000,99,99,99,99,99,99,0,0,0,1,0
5,50500,1,1,0,0,0,2,2,39,9997,22,12,2011,5,1,15,0,4,3,SR-9,,6,33.82166944,-92.708022220,0,42,0,0,1,1,4,0,2,2,0,2,0,0000000,88,88,88,88,88,88,0,0,0,1,1
5,50501,1,1,0,1,1,1,1,119,2320,24,12,2011,7,2,29,1,11,1,I-30W,,1329,34.67861111,-92.341405560,0,8,0,0,1,1,1,0,3,1,0,1,0,0000000,88,88,88,88,88,88,0,0,0,1,0
5,50502,3,3,0,0,0,7,7,143,1310,24,12,2011,7,20,14,0,13,3,SR-180-00,SR-112,7,36.05657222,-94.180186110,0,12,1,0,2,2,1,0,3,1,0,1,0,0000000,20,14,20,17,99,99,0,0,0,1,0
5,50503,1,1,0,0,0,2,2,145,0,28,12,2011,4,3,12,0,6,4,DONNIE STEVENS ROAD,,0,35.31382778,-91.694991670,0,1,0,0,1,1,5,0,2,1,0,1,0,0000000,88,88,88,88,88,88,0,0,0,1,1
5,50504,1,1,0,0,0,2,2,31,470,29,12,2011,5,14,59,0,6,4,CO RD 318,,0,35.89684167,-90.749336110,0,34,0,0,1,1,4,0,1,1,0,1,0,0000000,15,0,15,14,99,99,0,0,0,1,0
5,50505,2,2,0,0,0,3,3,119,2320,30,12,2011,6,7,6,0,13,3,SR-10-08,,67,34.79877500,-92.417127780,0,12,6,0,1,1,1,0,1,1,0,1,0,0000000,7,7,7,20,99,99,0,0,0,1,0
5,50506,1,1,0,0,0,1,1,7,0,30,12,2011,6,12,40,0,6,4,E. MCNELLY RD.,,0,36.43983889,-94.196236110,0,34,0,0,1,1,4,0,1,1,0,1,0,0000000,12,42,12,48,99,99,0,0,0,1,0
5,50507,2,1,1,0,0,1,1,111,0,31,12,2011,7,0,21,0,4,3,SR-163-04,,12,35.57362500,-90.692961110,0,42,0,0,1,1,4,0,2,1,0,1,0,0000000,0,20,0,25,99,99,0,0,0,1,1
5,50508,1,1,0,1,1,2,2,31,2070,31,12,2011,7,17,54,0,13,3,SR-91-02 - JOHNSON AVENUE,,168,35.84529722,-90.697483330,0,8,0,0,1,1,1,0,3,1,0,1,0,0000000,17,59,17,59,99,99,0,0,0,1,0
5,50509,1,1,0,0,0,2,2,103,0,12,2,2011,7,5,21,0,6,4,CR 67,,0,33.53350833,-92.810011110,0,1,0,0,1,1,4,0,4,1,0,1,0,0000000,5,21,5,35,99,99,0,0,0,1,0
5,50510,1,1,0,0,0,1,1,119,2880,3,5,2011,3,20,6,0,16,6,REMOUNT,,0,34.81818611,-92.265644440,0,59,0,0,1,1,5,0,5,1,0,1,0,0000000,20,5,20,14,99,99,0,0,0,1,0
5,50511,1,1,0,0,0,1,1,5,0,8,5,2011,1,11,16,0,6,4,LEAWOOD DR,,0,36.39764167,-92.498858330,0,3,0,0,1,1,4,0,1,1,0,1,0,0000000,88,88,88,88,88,88,0,0,0,1,0
5,50512,1,1,0,0,0,3,3,51,0,21,5,2011,7,18,45,0,6,4,THUNDER RD,,0,34.41824722,-93.121577780,0,38,0,0,1,1,5,0,1,1,0,1,0,0000000,18,47,19,12,99,99,0,0,0,1,1
5,50513,1,1,0,0,0,2,2,149,0,11,6,2011,7,22,20,0,3,3,SR-27-10,COWGER LN,106,35.16422222,-93.278555560,0,32,0,0,2,3,4,0,6,1,0,1,0,0000000,22,21,22,33,99,99,0,0,0,1,0
5,50514,2,2,0,0,0,3,3,119,0,13,6,2011,2,9,40,0,6,4,FAULKNER LAKE RD,,0,34.74433333,-92.109463890,0,12,6,0,8,1,1,0,1,1,0,1,0,0000000,9,41,9,52,99,99,0,0,0,1,0
5,50515,2,2,0,0,0,2,2,35,2550,15,10,2011,7,9,50,0,3,2,US-64-17,SR-118,184,35.20822222,-90.219111110,0,12,6,0,2,2,1,0,1,1,0,1,0,0000000,9,53,9,57,99,99,0,0,0,1,0
5,50516,1,1,0,0,0,1,1,135,9997,3,3,2011,5,20,22,0,6,4,BOLD SPRINGS RD,,0,35.94848889,-91.385136110,0,1,0,0,1,1,4,0,2,1,0,1,0,0000000,20,43,20,45,88,88,6,0,0,1,0
5,50517,1,1,0,0,0,2,2,89,0,2,10,2011,1,17,45,0,6,4,CR-7041,,0,36.24720556,-92.586822220,0,5,0,0,1,1,1,8,8,98,0,98,0,0000000,99,99,99,99,99,99,0,0,0,1,0
5,50518,2,2,0,0,0,2,2,1,3730,14,7,2011,5,13,59,0,2,2,US-165-06,US-63,25,34.53774167,-91.557030560,0,12,6,1,2,2,1,0,1,1,0,1,0,0000000,14,0,14,2,99,99,0,0,0,1,0
5,50519,1,1,0,0,0,1,1,119,0,8,12,2011,5,6,32,0,6,4,CR-KANIS RD / CR-38,,0,34.77668333,-92.555127780,0,42,0,0,1,1,5,0,2,1,0,1,0,0000000,88,88,88,88,88,88,0,0,0,1,0
8,80001,1,1,0,0,0,1,1,43,0,2,1,2011,1,9,50,0,6,4,4TH STREET,,0,38.44315000,-105.030330560,0,42,0,0,1,1,4,0,1,1,0,1,0,0000000,99,99,99,99,88,88,0,0,0,1,0
8,80002,1,1,0,0,0,2,2,43,0,4,1,2011,3,18,14,0,5,4,28,,109,38.40875000,-105.436761110,0,17,0,0,1,1,4,0,2,1,0,1,0,0000000,99,99,99,99,99,99,0,0,0,1,0
8,80003,1,1,0,0,0,3,3,17,0,7,1,2011,6,15,1,0,6,4,43,,0,38.77001667,-102.369261110,0,1,0,0,1,1,4,0,1,1,0,1,0,0000000,15,3,15,12,15,34,0,0,0,1,0
8,80004,1,1,0,0,0,1,1,31,600,7,1,2011,6,22,15,0,13,6,E MARTIN LUTHER KING,,0,39.76178333,-104.944161110,0,33,0,0,1,1,3,0,3,1,0,1,0,0000000,99,99,99,99,99,99,0,0,0,1,1
8,80005,1,1,0,0,0,1,1,125,0,9,1,2011,1,2,15,0,2,2,US-34,,2302,40.11261111,-102.589169440,0,1,0,0,1,1,4,0,2,4,0,4,0,0000000,4,9,4,15,88,88,4,0,0,1,1
8,80006,1,1,0,0,0,2,2,123,0,9,1,2011,1,4,2,0,4,4,43,,0,40.62440000,-104.658030560,0,30,0,0,1,1,4,0,2,4,0,4,0,0000000,99,99,99,99,99,99,0,0,0,1,1
8,80007,2,2,0,1,1,2,2,1,0,13,1,2011,5,18,3,0,5,4,N PICADILLY ROAD,,0,39.96266111,-104.733391670,0,8,0,0,1,1,1,0,2,1,0,1,0,0000000,18,7,18,13,88,88,0,0,0,1,1
8,80008,2,2,0,0,0,7,7,13,0,8,1,2011,7,21,48,1,12,3,SR-119,,494,40.08700000,-105.192633330,0,31,0,0,1,1,4,0,2,1,0,1,0,0000000,21,51,22,7,99,99,0,0,0,1,0
8,80009,2,2,0,0,0,2,2,97,0,11,1,2011,3,14,10,1,2,3,SR-82,,248,39.34732500,-107.012438890,0,12,2,0,1,1,1,0,1,1,0,1,0,0000000,99,99,99,99,99,99,0,0,0,1,0
8,80010,1,1,0,1,1,2,2,101,0,12,1,2011,4,20,45,0,6,4,BERGEMANN RD,,0,38.15571111,-104.773413890,0,8,0,0,1,1,1,0,2,1,0,1,0,0000000,21,1,21,9,88,88,0,0,0,1,0
8,80011,2,1,1,0,0,1,1,101,2052,15,1,2011,7,19,36,0,16,6,W CELLINI DR,,0,38.30253333,-104.735625000,0,14,0,0,1,1,7,0,2,1,0,1,0,0000000,19,40,19,45,88,88,0,0,0,1,1
8,80012,1,1,0,1,1,1,1,101,0,16,1,2011,1,18,30,1,1,7,I-25 FRONTAGE RD,,831,38.06750000,-104.711811110,0,8,0,0,1,1,1,0,2,1,0,1,0,0000000,99,99,99,99,88,88,0,0,0,1,0
8,80013,2,2,0,0,0,5,5,59,0,17,1,2011,2,17,45,1,11,1,I-70,,2613,39.72771111,-105.175286110,0,12,1,0,1,1,1,0,2,1,0,1,0,0000000,17,45,99,99,99,99,0,0,0,1,0
8,80014,1,1,0,1,1,1,1,59,80,18,1,2011,3,17,54,0,13,6,W 64TH AVE,,0,39.81264722,-105.119847220,0,8,0,0,1,1,1,0,3,1,0,1,0,0000000,17,57,17,59,18,22,0,0,0,1,0
8,80015,2,2,0,0,0,2,2,1,2427,17,1,2011,2,16,19,1,11,1,I-25,,2265,39.96308056,-104.988158330,0,7,0,0,1,1,1,0,1,1,0,1,0,0000000,16,19,16,27,88,88,14,0,0,1,0
8,80016,1,1,0,0,0,2,2,77,1040,19,1,2011,4,0,33,0,16,6,D 1/2 ROAD,,0,39.07010556,-108.520050000,0,1,0,0,1,1,4,0,2,1,0,1,0,0000000,0,33,0,43,1,1,0,0,0,1,1
8,80017,2,2,0,0,0,2,2,123,0,21,1,2011,6,2,35,0,14,4,74,,0,40.52304722,-104.911069440,0,1,0,0,1,1,1,0,2,1,0,1,0,0000000,2,41,3,9,3,23,0,0,0,1,1
8,80018,2,1,1,2,3,1,2,31,600,22,1,2011,7,23,32,1,13,6,N LINCOLN ST,,0,39.73104722,-104.986147220,0,14,0,0,1,1,7,0,3,1,0,1,0,0000000,23,33,23,37,23,47,0,0,0,1,0
8,80019,2,2,0,0,0,4,4,35,0,24,1,2011,2,16,10,1,2,2,US-85,,1954,39.49868333,-105.007113890,0,31,0,0,1,1,4,0,1,1,0,1,0,0000000,99,99,99,99,99,99,0,0,0,2,1
8,80020,2,2,0,0,0,2,2,13,1540,25,1,2011,3,6,33,0,14,3,SR-42,,23,39.98200556,-105.127869440,0,12,6,0,8,1,1,0,4,1,0,1,0,0000000,6,33,6,39,88,88,0,0,0,1,0
8,80021,1,1,0,0,0,1,1,43,0,28,1,2011,6,8,58,1,2,2,US-50,,2280,38.48389444,-105.911622220,0,35,0,0,1,1,4,0,1,1,0,1,0,0000000,99,99,99,99,88,88,0,0,0,1,0
8,80022,1,1,0,0,0,2,2,117,0,28,1,2011,6,14,54,1,1,1,I-70,,1923,39.50483056,-106.196550000,0,48,0,0,1,1,4,0,1,1,0,1,0,0000000,14,54,99,99,88,88,0,0,0,1,0
8,80023,1,1,0,1,1,1,1,5,110,30,1,2011,1,2,41,0,13,3,SR-30,,72,39.71668056,-104.866000000,0,8,0,0,1,1,1,0,3,1,0,1,0,0000000,2,41,2,44,2,52,0,0,0,1,0
8,80024,1,1,0,0,0,4,4,55,0,31,1,2011,2,11,15,1,2,2,US-160,,2970,37.57701944,-104.915269440,0,1,0,0,1,1,4,0,1,4,0,4,0,0000000,99,99,99,99,99,99,0,0,0,1,0
8,80025,2,2,0,0,0,2,2,99,0,26,1,2011,4,19,12,1,2,2,US-50,,4674,38.04913333,-102.048350000,0,24,0,0,1,1,4,0,2,1,0,1,0,0000000,19,12,19,21,88,88,0,0,0,1,1
8,80026,2,2,0,0,0,2,2,123,0,4,2,2011,6,17,0,0,4,3,SR-392,43,1176,40.47895000,-104.658963890,0,12,6,0,2,2,1,0,5,1,0,1,0,0000000,99,99,99,99,88,88,0,0,0,1,1
8,80027,2,2,0,0,0,5,5,59,0,5,2,2011,7,14,30,1,2,3,SR-93,,78,39.87068889,-105.241094440,0,12,6,0,1,1,1,0,1,4,0,4,0,0000000,99,99,99,99,99,99,0,0,0,2,0
8,80028,2,2,0,0,0,3,3,107,0,5,2,2011,7,19,28,1,2,2,US-40,,1286,40.50856389,-106.891900000,0,12,6,0,1,1,1,0,2,4,0,4,0,0000000,19,29,19,41,20,3,4,0,0,1,1
8,80029,1,1,0,1,1,1,1,13,200,4,2,2011,6,18,35,0,13,3,SR-7,21ST ST,501,40.01722500,-105.267911110,0,8,0,0,3,2,1,0,3,1,0,1,0,0000000,18,35,18,39,18,55,0,0,0,1,0