STATE,ST_CASE,VE_TOTAL,VE_FORMS,PVH_INVL,PEDS,PERNOTMVIT,PERMVIT,PERSONS,COUNTY,CITY,DAY,MONTH,YEAR,DAY_WEEK,HOUR,MINUTE,NHS,ROAD_FNC,ROUTE,TWAY_ID,TWAY_ID2,MILEPT,LATITUDE,LONGITUD,SP_JUR,HARM_EV,MAN_COLL,RELJCT1,RELJCT2,TYP_INT,REL_ROAD,WRK_ZONE,LGT_COND,WEATHER1,WEATHER2,WEATHER,SCH_BUS,RAIL,NOT_HOUR,NOT_MIN,ARR_HOUR,ARR_MIN,HOSP_HR,HOSP_MN,CF1,CF2,CF3,FATALS,DRUNK_DR
8,80030,5,5,0,0,0,5,5,41,430,8,2,2011,3,15,22,0,13,6,N UNION BLVD,,0,38.91150556,-104.775144440,0,33,0,0,1,1,3,0,1,10,0,10,0,0000000,15,22,15,28,99,99,0,0,0,1,0
8,80031,2,2,0,0,0,6,6,67,0,11,2,2011,6,17,30,0,4,3,SR-172,515,155,37.16940000,-107.691075000,0,12,2,0,2,3,1,0,1,1,0,1,0,0000000,17,28,17,32,18,30,0,0,0,1,0
8,80032,1,1,0,0,0,1,1,41,430,13,2,2011,1,1,20,0,15,6,W ALLEGHENY DR,,0,38.92963611,-104.850969440,0,33,0,0,1,1,4,0,3,1,0,1,0,0000000,1,36,1,43,2,3,0,0,0,1,1
8,80033,3,3,0,1,1,9,9,1,2427,17,2,2011,5,17,50,0,14,6,E 84TH AVE,N GRANT ST,0,39.84904444,-104.981516670,0,12,6,0,3,2,1,0,5,1,0,1,0,0000000,17,52,17,57,99,99,15,0,0,5,0
8,80034,2,2,0,0,0,2,2,5,110,19,2,2011,7,2,15,0,13,6,S CHAMBERS RD,E MEXICO AVE,0,39.68568056,-104.809813890,0,12,6,0,2,2,1,0,3,1,0,1,0,0000000,2,15,2,19,2,33,0,0,0,1,1
8,80035,2,2,0,0,0,5,5,5,0,20,2,2011,1,20,24,1,12,3,SR-470,,135,39.63996944,-104.718930560,0,12,2,1,18,1,1,0,3,5,0,5,0,0000000,20,24,20,38,99,99,0,0,0,2,0
8,80036,1,1,0,1,1,1,1,14,253,23,2,2011,4,9,11,0,16,6,DAPHNE ST,MONTEREY DR,0,39.93501111,-105.076336110,0,8,0,0,3,2,1,0,1,1,0,1,0,0000000,9,11,9,16,9,46,0,0,0,1,0
8,80037,1,1,0,0,0,5,5,1,0,27,2,2011,1,3,48,1,11,1,I-76 RAMP J,,58,39.81761944,-104.981700000,0,1,0,1,5,1,4,0,3,1,0,1,0,0000000,99,99,99,99,99,99,0,0,0,1,1
8,80038,1,1,0,1,1,1,1,41,430,19,2,2011,7,22,30,0,13,6,BIJOU ST,NEVADA AVE,0,38.83665278,-104.821644440,0,8,0,0,3,2,1,0,3,2,0,2,0,0000000,22,30,22,33,22,48,0,0,0,1,0
8,80039,2,2,0,0,0,2,2,41,430,20,2,2011,1,1,46,0,14,6,VICKERS DR,FLINTRIDGE DR,0,38.91562500,-104.763933330,0,12,6,0,2,2,1,0,3,2,0,2,0,0000000,99,99,99,99,88,88,0,0,0,1,2
8,80040,2,2,0,0,0,4,4,31,600,26,2,2011,7,22,40,1,13,3,SR-30,E GIRARD AVE,29,39.65698056,-104.866447220,0,12,6,0,2,3,1,0,3,1,0,1,0,0000000,99,99,99,99,99,99,0,0,0,1,1
8,80041,1,1,0,1,1,1,1,35,1158,17,2,2011,5,11,55,0,13,6,HIGHLANDS RANCH PKWY,,0,39.54778333,-104.986147220,0,33,0,0,1,1,4,0,1,1,0,1,0,0000000,12,0,12,25,99,99,0,0,0,1,0
8,80042,1,1,0,0,0,1,1,41,430,1,3,2011,3,7,54,0,14,6,LEXINGTON DR,BORDEAUX DR,0,38.94487778,-104.764597220,0,1,0,0,2,2,1,0,1,1,0,1,0,0000000,7,54,8,0,99,99,0,0,0,1,0
8,80043,2,2,0,0,0,3,3,77,0,2,3,2011,4,14,55,1,13,3,SR-70 BUSN RT,SR-70 FRONTAGE RD,100,39.07920556,-108.487958330,0,12,6,0,2,3,1,0,1,1,0,1,0,0000000,99,99,99,99,88,88,0,0,0,1,0
8,80044,1,1,0,0,0,1,1,69,0,5,3,2011,7,12,5,1,1,1,I-25,,2773,40.69561111,-105.000275000,0,1,0,0,1,1,3,0,1,1,0,1,0,0000000,99,99,99,99,99,99,0,0,0,1,0
8,80045,1,1,0,1,1,1,1,13,200,5,3,2011,7,18,34,0,13,3,SR-93,,175,40.00083056,-105.264072220,0,8,0,0,1,1,1,0,3,1,0,1,0,0000000,18,34,18,39,88,88,0,0,0,1,0
8,80046,1,1,0,0,0,3,3,119,0,10,3,2011,5,20,25,0,3,3,SR-67,,583,38.80221111,-105.119661110,0,1,0,0,1,1,4,0,2,1,0,1,0,0000000,99,99,99,99,99,99,0,0,0,1,0
8,80047,5,5,0,0,0,5,5,5,1085,8,3,2011,3,6,36,1,11,1,I-25 RAMP D,,1972,39.59546667,-104.886336110,0,12,1,1,5,1,1,0,4,1,0,1,0,0000000,6,39,6,43,88,88,0,0,0,1,1
8,80048,1,1,0,0,0,1,1,13,0,13,3,2011,1,12,15,0,3,3,SR-7,,240,40.16760000,-105.388958330,0,42,0,0,1,1,4,0,1,1,0,1,0,0000000,99,99,99,99,88,88,0,0,0,1,0
8,80049,1,1,0,0,0,1,1,77,0,14,3,2011,2,15,25,1,2,2,US-50,,526,38.85733889,-108.314669440,0,1,0,0,1,1,4,0,1,1,0,1,0,0000000,99,99,99,99,88,88,0,0,0,1,0
8,80050,1,1,0,0,0,2,2,123,1220,11,3,2011,6,20,9,0,3,3,SR-52,I-76 RAMP,292,40.07496944,-104.647408330,0,19,0,1,3,2,5,0,3,1,0,1,0,0000000,20,9,20,20,21,17,0,0,0,1,0
8,80051,1,1,0,0,0,1,1,125,0,17,3,2011,5,15,40,0,2,2,US-385,,2284,39.87368056,-102.250119440,0,1,0,0,1,1,4,0,1,1,0,1,0,0000000,15,44,15,57,16,33,0,0,0,1,0
8,80052,1,1,0,0,0,3,3,45,0,19,3,2011,7,7,10,1,1,1,I-70,,790,39.47840833,-107.975483330,0,1,0,0,1,1,3,0,1,1,0,1,0,0000000,7,15,7,25,7,49,0,0,0,1,1
8,80053,1,1,0,1,1,1,1,31,600,15,3,2011,3,18,40,0,15,6,E 17TH AVE,ST PAUL ST,0,39.74376111,-104.951241670,0,8,0,0,3,3,1,0,1,1,0,1,0,0000000,99,99,99,99,99,99,0,0,0,1,0
8,80054,2,2,0,0,0,2,2,123,0,23,3,2011,4,8,20,0,3,3,SR-52,23,184,40.07998333,-104.848733330,0,12,1,0,3,2,1,0,1,1,0,1,0,0000000,99,99,99,99,88,88,0,0,0,1,0
8,80055,2,2,0,0,0,5,5,67,0,22,3,2011,3,17,1,1,2,2,US-160,,691,37.32121944,-108.090516670,0,12,2,0,1,1,1,0,1,1,0,1,0,0000000,99,99,99,99,99,99,0,0,0,3,0
8,80056,1,1,0,0,0,1,1,29,0,24,3,2011,5,9,48,0,4,3,SR-92,,306,38.71132222,-107.620094440,0,1,0,0,1,1,4,0,1,1,0,1,0,0000000,9,50,9,58,88,88,0,0,0,1,0
8,80057,1,1,0,0,0,1,1,43,310,30,3,2011,4,17,20,0,16,6,POPLAR AVE,,0,38.42123056,-105.206880560,0,38,0,0,1,1,5,0,1,1,0,1,0,0000000,99,99,99,99,88,88,0,0,0,1,0
8,80058,1,1,0,0,0,1,1,31,600,27,3,2011,1,1,20,0,16,6,MILE HIGH STADIUM CI,,0,39.74572500,-105.018950000,0,1,0,0,1,1,1,0,3,1,0,1,0,0000000,99,99,99,99,99,99,0,0,0,1,1
8,80059,2,2,0,0,0,3,3,41,0,29,3,2011,3,19,36,0,13,3,SR-83,,289,39.11298056,-104.771075000,0,12,7,0,1,1,1,0,5,1,0,1,0,0000000,99,99,99,99,99,99,0,0,0,1,0
8,80060,1,1,0,1,1,1,1,5,110,29,3,2011,3,5,59,1,13,3,SR-30,E ILIFF AVE,43,39.67477500,-104.865955560,0,8,0,0,3,2,1,0,3,1,0,1,0,0000000,6,0,6,10,6,54,0,0,0,1,0
8,80061,1,1,0,0,0,3,3,5,110,29,3,2011,3,22,9,1,13,6,S BUCKLEY RD,,0,39.70059167,-104.791125000,0,42,0,0,1,1,4,0,3,1,0,1,0,0000000,22,9,22,14,22,41,0,0,0,1,0
8,80062,1,1,0,1,1,2,2,59,1435,19,3,2011,7,22,54,0,13,2,US-40,KENDALL ST,2936,39.74025278,-105.066102780,0,8,0,0,3,2,1,0,3,1,0,1,0,0000000,22,55,22,57,23,8,0,0,0,1,1
8,80063,1,1,0,1,1,1,1,37,2457,6,3,2011,1,1,50,1,1,7,I-70 FRONTAGE RD S,,1771,39.64128333,-106.357813890,0,8,0,0,1,1,1,0,2,1,0,1,0,0000000,1,50,1,59,88,88,0,0,0,1,1
8,80064,1,1,0,0,0,4,4,123,1530,20,3,2011,1,3,35,0,14,6,E 9TH AVE,1,0,40.17448889,-105.055233330,0,25,0,0,3,3,4,1,3,1,0,1,0,0000000,3,35,3,38,99,99,0,0,0,1,1
8,80065,1,1,0,0,0,3,3,41,430,6,3,2011,1,3,36,0,13,6,CENTENNIAL BLVD,,0,38.90518889,-104.863600000,0,33,0,0,1,1,4,0,3,1,0,1,0,0000000,3,36,3,41,99,99,0,0,0,1,1
8,80066,1,1,0,0,0,3,3,87,880,11,3,2011,6,6,44,0,16,6,N PROSPECT ST,,0,40.24709167,-103.798488890,0,10,0,0,1,1,5,0,3,1,0,1,0,0000000,99,99,99,99,99,99,0,0,0,2,1
8,80067,2,2,0,0,0,3,3,35,1529,28,3,2011,2,22,45,1,11,1,I-25,,1910,39.50834722,-104.871819440,0,12,7,0,1,1,1,0,2,4,0,4,0,0000000,22,45,22,50,99,99,0,0,0,1,0
8,80068,1,1,0,0,0,1,1,5,0,1,4,2011,6,21,0,0,15,4,CHERRY CREEK DAM RD,,0,39.64193056,-104.872561110,0,24,0,0,1,1,4,0,2,1,0,1,0,0000000,21,37,21,45,88,88,0,0,0,1,1
8,80069,1,1,0,0,0,1,1,101,0,3,4,2011,1,0,50,1,13,2,US-50,SR-45,3121,38.31422500,-104.662872220,0,1,0,0,3,2,2,0,2,1,0,1,0,0000000,99,99,99,99,88,88,0,0,0,1,1
8,80070,2,2,0,0,0,2,2,123,0,3,4,2011,1,21,50,0,3,2,US-85,,3093,40.99555556,-104.773422220,0,12,6,0,1,1,1,0,2,1,0,1,0,0000000,99,99,99,99,88,88,0,0,0,1,1
8,80071,1,1,0,0,0,1,1,41,430,2,4,2011,7,15,19,0,13,6,E UINTAH ST,,0,38.84996944,-104.802802780,0,33,0,0,1,1,4,0,1,1,0,1,0,0000000,99,99,99,99,99,99,0,0,0,1,1
8,80072,2,2,0,0,0,2,2,5,110,8,4,2011,6,23,4,1,13,6,E QUINCY AVE,,0,39.63855278,-104.793711110,0,12,6,0,8,1,1,0,3,1,0,1,0,0000000,23,5,23,7,23,26,0,0,0,1,0
8,80073,1,1,0,0,0,2,2,9,0,9,4,2011,7,16,10,0,4,4,M ROAD,,0,37.14882500,-102.482988890,0,1,0,0,1,1,5,0,1,1,0,1,0,0000000,99,99,99,99,99,99,0,0,0,1,0
8,80074,1,1,0,0,0,1,1,69,0,16,4,2011,7,7,17,0,14,4,N OVERLAND TRAIL,,0,40.60099444,-105.134722220,0,31,0,0,1,1,4,0,1,1,0,1,0,0000000,99,99,99,99,88,88,0,0,0,1,1
8,80075,2,2,0,0,0,3,3,59,1435,17,4,2011,1,2,45,0,13,3,SR-95,,30,39.69589722,-105.053244440,0,12,2,0,1,1,1,0,3,1,0,1,0,0000000,99,99,99,99,99,99,0,0,0,1,1
8,80076,3,3,0,0,0,3,3,1,0,12,4,2011,3,7,53,0,14,3,SR-224,,11,39.82470000,-104.972750000,0,12,8,0,1,1,1,0,1,1,0,1,0,0000000,99,99,99,99,99,99,0,0,0,1,0
8,80077,4,4,0,0,0,5,5,35,0,12,4,2011,3,20,25,1,11,1,I-25,,1896,39.48901944,-104.872927780,0,12,7,0,1,1,1,0,2,1,0,1,0,0000000,20,25,20,27,99,99,14,0,0,1,0
8,80078,2,2,0,0,0,4,4,5,110,14,4,2011,5,17,42,0,15,6,POTOMAC ST,,0,39.72790833,-104.828313890,0,12,2,0,1,1,1,0,1,1,0,1,0,0000000,17,42,17,47,18,10,0,0,0,1,0
8,80079,2,2,0,0,0,2,2,69,0,18,4,2011,2,5,20,1,11,1,I-25,,2656,40.52683056,-104.992638890,0,1,0,0,1,1,3,0,3,1,0,1,0,0000000,99,99,99,99,99,99,0,0,0,1,0
8,80080,1,1,0,0,0,1,1,5,1085,18,4,2011,2,0,0,1,11,1,I-25,,1979,39.60419167,-104.890525000,0,39,0,0,1,1,4,0,3,1,0,1,0,0000000,0,0,0,2,88,88,0,0,0,1,0
8,80081,1,1,0,0,0,1,1,59,0,21,4,2011,5,14,31,0,14,6,S SIMMS ST,,0,39.59355833,-105.127841670,0,33,0,0,1,1,4,0,1,1,0,1,0,0000000,14,31,14,33,88,88,0,0,0,1,1
8,80082,1,1,0,0,0,2,2,89,0,21,4,2011,5,14,44,0,6,4,CANAL ROAD,,0,38.00951111,-103.582869440,0,1,0,0,1,1,5,0,1,1,0,1,0,0000000,14,47,14,53,15,15,0,0,0,1,1
8,80083,2,2,0,0,0,2,2,87,260,21,4,2011,5,20,18,0,2,2,US-34,STANFORD ST,1710,40.25470556,-103.649094440,0,12,6,0,3,3,1,0,3,1,0,1,0,0000000,20,21,20,21,22,18,0,0,0,1,1
8,80084,2,2,0,0,0,4,4,5,110,8,4,2011,6,20,16,1,13,6,E ALAMEDA AVE,S TROY ST,0,39.71107778,-104.842347220,0,12,6,0,2,3,1,0,3,1,0,1,0,0000000,20,16,20,18,99,99,0,0,0,1,1
8,80085,2,2,0,0,0,4,4,101,0,26,4,2011,3,6,35,1,13,3,SR-45,24TH ST,71,38.29213333,-104.663341670,0,12,6,0,2,3,1,0,1,1,0,1,0,0000000,99,99,99,99,99,99,0,0,0,2,0
8,80086,2,2,0,0,0,3,3,107,0,29,4,2011,6,9,53,0,3,3,SR-131,,283,40.00491111,-106.793122220,0,12,7,0,1,1,1,0,1,4,0,4,0,0000000,9,55,10,16,11,26,0,0,0,1,1
8,80087,1,1,0,0,0,4,4,41,0,30,4,2011,7,18,15,0,3,4,HARRISVILLE ROAD,,0,39.04225000,-104.167769440,0,38,0,0,1,1,4,0,5,1,0,1,0,0000000,99,99,99,99,99,99,0,0,0,1,0
8,80088,1,1,0,0,0,1,1,77,0,30,4,2011,7,22,0,0,15,4,E ROAD,,0,39.07591389,-108.494397220,0,33,0,0,1,1,4,0,2,1,0,1,0,0000000,99,99,99,99,99,99,0,0,0,1,1
8,80089,1,1,0,0,0,2,2,59,0,28,4,2011,5,3,34,0,5,4,SHADOW MOUNTAIN DR,,0,39.53286111,-105.340302780,0,38,0,0,4,1,4,0,2,1,0,1,0,0000000,3,36,3,50,5,30,0,0,0,1,1
8,80090,2,2,0,0,0,2,2,1,434,24,4,2011,1,23,6,1,13,2,US-85,SR-44,2274,39.88525000,-104.882030560,0,12,6,0,2,2,1,0,3,1,0,1,0,0000000,23,7,23,10,0,8,0,0,0,1,0
8,80091,1,1,0,0,0,2,2,41,430,15,4,2011,6,23,4,1,13,6,N ACADEMY BLVD,CONSTITUTION AVE,0,38.85978611,-104.757133330,0,33,0,0,3,2,4,0,3,1,0,1,0,0000000,23,4,23,7,99,99,0,0,0,1,0
8,80092,1,1,0,0,0,3,3,117,0,2,5,2011,2,20,45,0,3,3,SR-9,,1199,39.84201111,-106.230455560,0,1,0,0,1,1,4,0,2,1,0,1,0,0000000,99,99,99,99,99,99,0,0,0,1,0
8,80093,2,2,0,0,0,6,6,15,0,4,5,2011,4,16,18,1,2,2,US-24,,2158,38.82092222,-106.063319440,0,12,2,0,1,1,1,0,1,1,0,1,0,0000000,99,99,99,99,99,99,0,0,0,3,0
8,80094,2,2,0,0,0,2,2,73,0,4,5,2011,4,20,15,0,3,3,SR-94,SR-71,546,38.85197500,-103.700444440,0,12,6,0,2,2,1,0,2,1,0,1,0,0000000,20,21,99,99,99,99,0,0,0,1,0
8,80095,1,1,0,0,0,1,1,59,0,4,5,2011,4,20,30,0,3,2,US-6,,2680,39.74200000,-105.286500000,0,59,0,0,1,1,4,0,2,1,0,1,0,0000000,99,99,99,99,88,88,0,0,0,1,1
8,80096,1,1,0,0,0,1,1,7,0,5,5,2011,5,6,50,1,2,2,US-160,,1251,37.21206111,-107.296016670,0,41,0,0,1,1,4,0,1,1,0,1,0,0000000,99,99,99,99,88,88,0,0,0,1,0
8,80097,1,1,0,1,1,1,1,59,1435,3,5,2011,3,20,25,0,13,3,SR-391,,63,39.74060556,-105.109580560,0,8,0,0,1,1,1,0,3,1,0,1,0,0000000,20,28,20,31,88,88,0,0,0,1,0
8,80098,1,1,0,0,0,2,2,41,0,4,5,2011,4,11,40,0,2,4,JUDGE ORR ROAD,,0,38.95463889,-104.263319440,0,38,0,0,1,1,4,0,1,1,0,1,0,0000000,99,99,99,99,99,99,0,0,0,1,0
8,80099,1,1,0,0,0,3,3,101,0,8,5,2011,1,19,0,1,11,1,I-25,,1055,38.36711111,-104.620611110,0,1,0,0,1,1,3,0,1,1,0,1,0,0000000,99,99,99,99,99,99,0,0,0,1,1
8,80100,2,2,0,0,0,3,3,19,0,9,5,2011,2,8,0,1,1,1,I-70,,2224,39.69419167,-105.786658330,0,24,0,0,1,1,4,0,1,1,0,1,0,0000000,8,14,99,99,88,88,14,0,0,1,0
8,80101,1,1,0,0,0,1,1,59,2555,3,5,2011,3,6,48,0,14,6,W 38TH AVE,,0,39.76916667,-105.125369440,0,30,0,0,1,1,4,0,4,1,0,1,0,0000000,6,48,6,51,88,88,0,0,0,1,0
8,80102,1,1,0,1,1,1,1,31,600,8,5,2011,1,22,20,1,13,2,US-40,I-25 RAMP B,2968,39.74039444,-105.012472220,0,8,0,1,2,3,1,0,3,1,0,1,0,0000000,99,99,99,99,99,99,0,0,0,1,0
8,80103,2,2,0,0,0,4,4,23,0,9,5,2011,2,11,17,1,2,2,US-160,,2684,37.51788611,-105.300947220,0,12,2,0,1,1,1,0,1,1,0,1,0,0000000,11,18,11,34,99,99,0,0,0,2,1
8,80104,2,2,0,0,0,2,2,59,1435,6,5,2011,6,21,0,0,13,2,US-40,SR-391,2914,39.74021667,-105.109575000,0,54,11,0,2,2,1,0,3,1,0,1,0,0000000,21,0,21,2,88,88,14,0,0,1,0
8,80105,1,1,0,0,0,4,4,29,0,9,5,2011,2,20,40,0,6,4,SAWMILL MESA ROAD,,0,38.72191389,-108.164525000,0,1,0,0,1,1,1,0,2,1,0,1,0,0000000,20,46,20,57,21,26,0,0,0,1,1
8,80106,1,1,0,0,0,1,1,99,0,13,5,2011,6,18,40,0,5,4,N ROAD,,0,37.82409167,-102.091480560,0,1,0,0,1,1,5,0,1,1,0,1,0,0000000,99,99,99,99,99,99,0,0,0,1,1
8,80107,1,1,0,0,0,3,3,71,0,14,5,2011,7,1,50,1,1,1,I-25,,343,37.43015000,-104.641319440,0,1,0,0,1,1,3,0,2,1,0,1,0,0000000,1,43,1,59,2,37,0,0,0,1,0
8,80108,3,3,0,0,0,5,5,31,600,14,5,2011,7,23,41,1,11,1,I-25,,2060,39.69046111,-104.974361110,0,12,2,0,1,1,1,0,3,1,0,1,0,0000000,23,41,23,49,0,11,0,0,0,1,1
8,80109,1,1,0,0,0,1,1,123,0,15,5,2011,1,18,24,1,1,1,I-25 RAMP B,,2452,40.23217500,-104.979650000,0,1,0,1,5,1,8,0,1,1,0,1,0,0000000,99,99,99,99,88,88,20,0,0,1,1
8,80110,1,1,0,0,0,2,2,101,2050,1,5,2011,1,3,8,0,16,6,MICHIGAN ST,GRANT AVE,0,38.25380556,-104.623791670,0,33,0,0,3,1,4,0,3,1,0,1,0,0000000,3,8,3,10,5,0,0,0,0,1,1
8,80111,1,1,0,0,0,1,1,41,430,8,5,2011,1,17,29,0,14,6,FLINTRIDGE DR,,0,38.91298056,-104.760033330,0,33,0,0,1,1,4,0,1,1,0,1,0,0000000,99,99,99,99,99,99,0,0,0,1,1
8,80112,1,1,0,0,0,1,1,123,0,15,5,2011,1,16,45,0,6,4,84,,0,40.59585000,-104.854611110,0,38,0,0,1,1,4,0,1,1,0,1,0,0000000,99,99,99,99,99,99,0,0,0,1,1
8,80113,1,1,0,1,1,1,1,31,600,16,5,2011,2,5,17,0,15,6,N JOSEPHINE ST,E 46TH AVE,0,39.77995833,-104.958236110,0,9,0,0,2,2,1,0,4,1,0,1,0,0000000,5,17,5,22,88,88,0,0,0,1,0
8,80114,1,1,0,1,1,2,2,101,2050,16,5,2011,2,16,48,1,13,3,SR-45,AVIS ST,14,38.22074167,-104.645547220,0,8,0,0,3,3,1,0,1,1,0,1,0,0000000,16,48,99,99,99,99,0,0,0,1,0
8,80115,2,2,0,0,0,3,3,69,0,16,5,2011,2,17,56,0,15,4,30,13,0,40.46182778,-105.058177780,0,12,1,0,3,3,1,0,1,1,0,1,0,0000000,99,99,99,99,99,99,0,0,0,1,0
8,80116,1,1,0,0,0,1,1,93,0,17,5,2011,3,0,7,0,4,4,43,,0,39.49126111,-105.514469440,0,1,0,0,1,1,4,0,2,1,0,1,0,0000000,99,99,99,99,88,88,0,0,0,1,1
8,80117,1,1,0,0,0,8,8,13,0,31,5,2011,3,14,10,1,13,3,SR-119,SR-52,495,40.08861111,-105.190530560,0,6,0,0,3,2,1,0,1,1,0,1,0,0000000,14,18,14,22,14,54,0,0,0,1,0
8,80118,1,1,0,1,1,1,1,89,0,16,5,2011,2,7,34,0,4,3,SR-266,,5,38.05501667,-103.708369440,0,15,0,0,8,1,1,0,1,1,0,1,0,0000000,7,36,7,39,8,2,0,0,0,1,0
8,80119,2,2,0,0,0,3,3,89,0,16,5,2011,2,13,21,1,2,2,US-50,,3574,38.11681944,-103.905850000,0,12,6,0,1,1,1,1,1,1,0,1,0,0000000,13,25,13,34,14,13,0,0,0,1,0
8,80120,1,1,0,0,0,1,1,69,0,26,5,2011,5,14,5,1,2,2,US-287,,3228,40.26590000,-105.102569440,0,35,0,0,1,1,4,0,1,1,0,1,0,0000000,14,10,14,23,88,88,0,0,0,1,1
8,80121,1,1,0,0,0,1,1,41,0,27,5,2011,6,20,10,1,11,1,I-25,,1358,38.77263056,-104.781180560,0,7,0,0,1,1,1,0,2,1,0,1,0,0000000,99,99,99,99,88,88,0,0,0,1,1
8,80122,1,1,0,0,0,1,1,1,110,29,5,2011,1,9,53,0,14,6,N PICADILLY RD,,0,39.75844722,-104.734680560,0,35,0,0,1,1,4,0,1,1,0,1,0,0000000,9,53,10,2,10,21,0,0,0,1,0
8,80123,1,1,0,0,0,1,1,31,600,29,5,2011,1,20,47,1,13,3,SR-30,,27,39.65355556,-104.868188890,0,33,0,0,1,1,4,0,3,1,0,1,0,0000000,20,47,20,54,88,88,0,0,0,1,1
8,80124,1,1,0,0,0,1,1,31,600,29,5,2011,1,23,35,1,11,1,I-25 RAMP H,,2137,39.78272222,-104.988986110,0,25,0,1,5,1,8,0,3,1,0,1,0,0000000,99,99,99,99,88,88,0,0,0,1,1
8,80125,1,1,0,1,1,2,2,101,2050,28,5,2011,7,20,58,0,13,3,SR-96,,566,38.27090556,-104.597363890,0,8,0,0,1,1,1,0,3,1,0,1,0,0000000,20,55,21,1,21,16,0,0,0,1,0
8,80126,1,1,0,1,1,1,1,5,110,31,5,2011,3,11,51,0,14,6,S SABLE BLVD,E CENTERPOINT DR,0,39.70780556,-104.819311110,0,8,0,0,3,2,1,0,1,1,0,1,0,0000000,11,52,11,56,12,5,0,0,0,1,0
8,80127,1,1,0,0,0,3,3,89,0,30,5,2011,2,23,55,0,5,4,28,,0,38.01453889,-103.557788890,0,35,0,0,1,1,4,0,2,1,0,1,0,0000000,23,49,23,58,0,15,0,0,0,2,1
8,80128,1,1,0,0,0,1,1,59,1000,1,5,2011,1,2,36,0,16,6,EAST ST,,0,39.75008056,-105.211527780,0,39,0,0,1,1,4,0,2,1,0,1,0,0000000,2,41,2,45,3,9,0,0,0,1,1
8,80129,1,1,0,0,0,1,1,123,1070,9,5,2011,2,12,2,0,13,6,35TH AVE,,0,40.41963056,-104.735227780,0,33,0,0,1,1,4,0,1,1,0,1,0,0000000,12,2,12,7,12,41,0,0,0,1,0
8,80130,1,1,0,0,0,1,1,123,910,17,5,2011,3,22,51,0,13,3,SR-52,I-25 RAMP C,112,40.08773889,-104.978477780,0,46,0,1,3,2,4,0,3,1,0,1,0,0000000,22,50,22,56,23,27,0,0,0,1,1
8,80131,3,3,0,0,0,4,4,41,430,27,5,2011,6,22,1,0,14,6,RANGEWOOD DRIVE,RANDALL DRIVE,0,38.93960556,-104.756119440,0,12,6,0,2,2,1,0,3,1,0,1,0,0000000,22,1,22,7,22,22,0,0,0,1,0
8,80132,1,1,0,1,1,1,1,5,1520,30,5,2011,2,1,20,0,13,6,W MINERAL AVE,,0,39.57458333,-105.013388890,0,8,0,0,1,1,1,0,3,1,0,1,0,0000000,1,23,1,30,1,40,0,0,0,1,0
8,80133,1,1,0,0,0,1,1,1,0,1,6,2011,4,19,51,1,11,1,I-25 RAMP B,,2161,39.81471944,-104.985947220,0,25,0,1,5,1,4,0,1,1,0,1,0,0000000,19,50,19,57,88,88,0,0,0,1,1
8,80134,1,1,0,0,0,1,1,5,0,2,6,2011,5,14,56,0,6,4,MANILLA ROAD,,0,39.73236389,-104.527002780,0,1,0,0,1,1,4,0,1,1,0,1,0,0000000,15,0,15,9,15,47,0,0,0,1,0
8,80135,1,1,0,0,0,6,6,31,600,3,6,2011,6,1,25,0,14,6,E 56TH AVE,,0,39.79833889,-104.867677780,0,1,0,0,1,1,1,0,3,1,0,1,0,0000000,99,99,99,99,99,99,0,0,0,3,1
8,80136,2,2,0,0,0,2,2,123,0,4,6,2011,7,12,35,0,4,3,SR-392,,1316,40.52361944,-104.413263890,0,12,2,0,1,1,1,0,1,1,0,1,0,0000000,99,99,99,99,88,88,0,0,0,1,0
8,80137,1,1,0,0,0,1,1,27,0,4,6,2011,7,15,0,0,3,3,SR-96,,224,38.18532222,-105.104658330,0,1,0,0,1,1,4,0,1,1,0,1,0,0000000,99,99,99,99,88,88,0,0,0,1,1
8,80138,1,1,0,0,0,4,4,123,0,4,6,2011,7,16,19,1,1,1,I-25,,2334,40.06173056,-104.980800000,0,1,0,0,1,1,4,0,1,1,0,1,0,0000000,16,20,16,25,99,99,0,0,0,1,1
8,80139,2,2,0,0,0,3,3,31,600,5,6,2011,1,2,4,1,11,1,I-70,,2785,39.77839167,-104.904430560,0,12,2,1,18,1,1,0,3,1,0,1,0,0000000,99,99,99,99,99,99,0,0,0,1,1
8,80140,1,1,0,1,1,1,1,101,2050,3,6,2011,6,20,42,0,14,6,N ELIZABETH ST,,0,38.30088889,-104.615225000,0,8,0,0,1,1,1,0,3,1,0,1,0,0000000,20,44,20,53,21,6,0,0,0,1,0
8,80141,1,1,0,0,0,1,1,77,0,6,6,2011,2,11,47,0,3,3,SR-141,,1493,38.93300278,-108.486805560,0,17,0,0,1,1,4,0,1,1,0,1,0,0000000,99,99,99,99,88,88,0,0,0,1,0
8,80142,1,1,0,0,0,2,2,75,0,13,6,2011,2,18,40,1,1,1,I-76,,1387,40.75446111,-102.976372220,0,31,0,0,1,1,3,0,1,1,0,1,0,0000000,99,99,99,99,99,99,0,0,0,1,0
8,80143,1,1,0,0,0,7,7,117,0,7,6,2011,3,20,5,1,1,1,I-70,,2125,39.67693056,-105.954588890,0,43,0,0,1,1,4,0,5,1,0,1,0,0000000,20,8,99,99,99,99,0,0,0,1,0
8,80144,2,2,0,0,0,2,2,41,0,8,6,2011,4,15,58,0,3,3,SR-115,,335,38.63583056,-104.869194440,0,31,0,0,1,1,4,0,1,1,0,1,0,0000000,99,99,99,99,99,99,0,0,0,1,0