STATE,ST_CASE,VE_TOTAL,VE_FORMS,PVH_INVL,PEDS,PERNOTMVIT,PERMVIT,PERSONS,COUNTY,CITY,DAY,MONTH,YEAR,DAY_WEEK,HOUR,MINUTE,NHS,ROAD_FNC,ROUTE,TWAY_ID,TWAY_ID2,MILEPT,LATITUDE,LONGITUD,SP_JUR,HARM_EV,MAN_COLL,RELJCT1,RELJCT2,TYP_INT,REL_ROAD,WRK_ZONE,LGT_COND,WEATHER1,WEATHER2,WEATHER,SCH_BUS,RAIL,NOT_HOUR,NOT_MIN,ARR_HOUR,ARR_MIN,HOSP_HR,HOSP_MN,CF1,CF2,CF3,FATALS,DRUNK_DR
8,80145,2,2,0,0,0,3,3,5,110,9,6,2011,5,20,52,0,14,3,SR-30,,177,39.67721389,-104.716177780,0,1,0,0,1,1,1,0,2,1,0,1,0,0000000,20,52,21,2,88,88,14,0,0,1,0
8,80146,2,2,0,0,0,5,5,59,80,8,6,2011,4,9,36,0,13,6,KIPLING ST,W 51ST PL,0,39.79018889,-105.109430560,0,12,2,0,2,2,1,0,1,1,0,1,0,0000000,9,39,9,43,10,20,0,0,0,1,0
8,80147,1,1,0,0,0,3,3,15,0,12,6,2011,1,2,35,1,2,2,US-50,,1996,38.49945000,-106.328388890,0,42,0,0,1,1,4,0,2,1,0,1,0,0000000,99,99,99,99,99,99,0,0,0,1,0
8,80148,1,1,0,1,1,2,2,13,0,17,6,2011,6,12,0,0,4,4,LEFT HAND CANYON RD,OLDE STAGE RD,0,40.11051111,-105.306033330,0,9,0,0,2,4,1,0,1,1,0,1,0,0000000,99,99,99,99,88,88,0,0,0,1,0
8,80149,1,1,0,0,0,2,2,43,0,17,6,2011,6,17,15,1,2,2,US-50,,2470,38.38013056,-105.665430560,0,59,0,0,1,1,4,0,1,1,0,1,0,0000000,99,99,99,99,99,99,0,0,0,1,0
8,80150,1,1,0,0,0,1,1,117,0,18,6,2011,7,2,0,0,6,4,124,,0,39.59618889,-106.007716670,0,34,0,0,1,1,4,0,2,1,0,1,0,0000000,2,8,2,16,88,88,0,0,0,1,1
8,80151,1,1,0,0,0,2,2,121,0,18,6,2011,7,7,28,1,1,1,I-76,,1062,40.39665556,-103.364077780,0,31,0,0,1,1,4,0,1,1,0,1,0,0000000,99,99,99,99,99,99,0,0,0,1,0
8,80152,1,1,0,0,0,1,1,29,0,18,6,2011,7,17,10,0,6,4,TRAP CLUB ROAD,,0,38.79544167,-108.013500000,0,1,0,0,1,1,5,0,1,1,0,1,0,0000000,17,11,17,20,99,99,0,0,0,1,0
8,80153,1,1,0,0,0,1,1,43,0,19,6,2011,1,0,35,1,2,2,US-50,,2574,38.44293056,-105.529291670,0,35,0,0,1,1,4,0,2,1,0,1,0,0000000,0,35,1,18,2,27,0,0,0,1,1
8,80154,2,2,0,0,0,4,4,123,1530,19,6,2011,1,20,40,0,13,3,SR-66,EAST COUNTY LINE RD,389,40.20364444,-105.055186110,0,12,6,0,2,2,1,0,3,1,0,1,0,0000000,99,99,99,99,99,99,0,0,0,1,0
8,80155,2,2,0,0,0,2,2,41,430,17,6,2011,6,20,40,0,13,2,US-24 BUSN RT,31ST ST,42,38.85317222,-104.872050000,0,12,2,0,2,2,1,0,5,1,0,1,0,0000000,20,45,20,51,99,99,0,0,0,1,0
8,80156,1,1,0,1,1,1,1,41,430,25,6,2011,7,1,3,0,13,6,S CIRCLE DR,,0,38.81494444,-104.780305560,0,9,0,0,1,1,1,0,3,1,0,1,0,0000000,99,99,99,99,88,88,0,0,0,1,1
8,80157,1,1,0,0,0,1,1,69,0,21,6,2011,3,11,18,0,4,4,43,,108,40.46183889,-105.404611110,0,31,0,0,1,1,4,0,1,1,0,1,0,0000000,99,99,99,99,88,88,0,0,0,1,0
8,80158,2,2,0,0,0,2,2,35,1529,22,6,2011,4,22,38,0,14,6,COUNTY LINE RD,ACRES GREEN DR,0,39.56587500,-104.897163890,0,12,6,0,2,3,1,0,3,1,0,1,0,0000000,22,37,22,42,88,88,20,0,0,1,1
8,80159,2,2,0,0,0,3,3,69,860,21,6,2011,3,17,29,0,14,6,SHIELDS STREET,TRILBY ROAD,0,40.49443611,-105.096255560,0,12,6,0,2,2,1,0,1,1,0,1,0,0000000,17,29,17,36,88,88,0,0,0,1,0
8,80160,1,1,0,0,0,3,3,3,0,23,6,2011,5,7,0,0,5,4,106 SOUTH,SR-370,0,37.42958056,-105.928444440,0,58,0,0,3,1,1,0,1,1,0,1,0,0000000,7,2,7,17,8,35,0,0,0,2,1
8,80161,1,1,0,0,0,1,1,101,0,24,6,2011,6,2,25,0,13,4,MCCULLOCH BLVD,,0,38.32923889,-104.742247220,0,33,0,0,1,1,4,0,3,1,0,1,0,0000000,99,99,99,99,88,88,0,0,0,1,1
8,80162,3,3,0,0,0,3,3,59,1435,25,6,2011,7,10,2,1,12,2,US-6,,2796,39.72539167,-105.104616670,0,12,2,0,1,1,1,0,1,1,0,1,0,0000000,10,2,10,6,10,37,0,0,0,1,0
8,80163,1,1,0,0,0,2,2,71,0,25,6,2011,7,10,46,1,1,1,I-25,,350,37.43668056,-104.645211110,0,1,0,0,1,1,4,0,1,1,0,1,0,0000000,99,99,99,99,99,99,0,0,0,1,0
8,80164,2,2,0,0,0,4,4,13,0,25,6,2011,7,18,33,0,4,4,NELSON ROAD,,0,40.15141389,-105.189252780,0,12,6,0,1,1,1,0,1,1,0,1,0,0000000,18,33,99,99,99,99,0,0,0,1,1
8,80165,2,2,0,0,0,3,3,1,2550,27,6,2011,2,1,25,1,13,3,SR-128,,124,39.91396111,-105.020886110,0,12,1,0,1,1,1,0,3,1,0,1,0,0000000,1,26,1,30,88,88,0,0,0,1,1
8,80166,2,2,0,0,0,4,4,31,600,26,6,2011,1,20,49,1,13,3,SR-88,,22,39.70724722,-105.025113890,0,12,6,0,8,1,1,0,5,1,0,1,0,0000000,99,99,99,99,99,99,0,0,0,1,0
8,80167,1,1,0,1,1,1,1,5,380,1,6,2011,4,21,37,1,13,3,SR-177,HUNTWICK LN,0,39.62966667,-104.959602780,0,8,0,0,2,3,1,0,2,1,0,1,0,0000000,21,39,21,43,88,88,0,0,0,1,0
8,80168,1,1,0,0,0,1,1,41,0,11,6,2011,7,10,0,1,11,1,I-25,,1358,38.77303056,-104.781322220,0,1,0,0,1,1,1,0,1,1,0,1,0,0000000,10,0,10,12,10,45,0,0,0,1,0
8,80169,1,1,0,0,0,1,1,123,0,27,6,2011,2,5,10,0,3,3,SR-52,,189,40.07994444,-104.840477780,0,32,0,0,1,1,4,0,4,1,0,1,0,0000000,99,99,99,99,99,99,0,0,0,1,0
8,80170,1,1,0,0,0,1,1,45,0,29,6,2011,4,6,30,1,1,1,I-70,,877,39.52037500,-107.827811110,0,1,0,0,1,1,3,0,1,1,0,1,0,0000000,99,99,99,99,99,99,0,0,0,1,0
8,80171,1,1,0,0,0,1,1,59,0,29,6,2011,4,14,30,0,3,4,126,,0,39.37153056,-105.249919440,0,1,0,0,1,1,2,0,1,1,0,1,0,0000000,14,33,14,38,88,88,0,0,0,1,1
8,80172,1,1,0,1,1,1,1,31,600,14,6,2011,3,4,45,0,15,6,W 48TH AVE,N BANNOCK ST,0,39.78410833,-104.991100000,0,8,0,0,3,4,1,0,3,1,0,1,0,0000000,4,51,4,57,5,23,0,0,0,1,0
8,80173,2,2,0,0,0,3,3,45,0,21,6,2011,3,16,55,1,11,1,I-70,,764,39.47216667,-108.024597220,0,38,0,0,1,1,4,0,1,1,0,1,0,0000000,17,0,17,8,18,28,0,0,0,1,0
8,80174,1,1,0,0,0,2,2,59,0,25,6,2011,7,10,40,1,2,2,US-85,,2367,39.53160556,-105.304683330,0,18,0,1,19,1,3,0,1,1,0,1,0,0000000,10,40,99,99,99,99,0,0,0,1,0
8,80175,1,1,0,1,1,1,1,59,1435,29,6,2011,4,21,4,1,13,3,SR-121,,139,39.74409167,-105.081400000,0,8,0,0,1,1,1,0,3,1,0,1,0,0000000,21,4,21,9,99,99,0,0,0,1,0
8,80176,1,1,0,1,1,1,1,13,1530,9,6,2011,5,21,28,0,16,6,GRAND AVE,BUSCH ST,0,40.15146389,-105.111019440,0,8,0,0,3,3,1,0,3,1,0,1,0,0000000,21,28,21,31,21,48,0,0,0,1,0
8,80177,2,2,0,0,0,4,4,5,110,27,6,2011,2,15,25,1,13,6,E ALAMEDA AVE,,0,39.71098889,-104.859016670,0,12,1,0,8,1,1,0,1,1,0,1,0,0000000,15,30,15,36,15,48,0,0,0,1,0
8,80178,2,2,0,0,0,3,3,67,650,9,6,2011,5,10,47,1,13,2,US-160,DOMINGUEZ DR,864,37.22963333,-107.862216670,0,12,6,0,2,2,1,0,1,1,0,1,0,0000000,10,47,10,52,88,88,0,0,0,2,0
8,80179,2,2,0,0,0,2,2,41,0,1,7,2011,6,16,30,0,13,4,ACADEMY BLVD,SR-115 ON-RAMP,0,38.76596667,-104.810747220,0,12,6,1,2,2,1,0,1,1,0,1,0,0000000,99,99,99,99,88,88,0,0,0,1,0
8,80180,1,1,0,0,0,1,1,51,0,1,7,2011,6,19,25,1,2,2,US-50,,1990,38.49280556,-106.326705560,0,1,0,0,1,1,4,0,1,1,0,1,0,0000000,99,99,99,99,99,99,0,0,0,1,0
8,80181,1,1,0,0,0,1,1,103,0,3,7,2011,1,3,30,0,5,4,23,,33,40.04303889,-108.798369440,0,1,0,0,1,1,4,0,2,1,0,1,0,0000000,7,33,7,46,88,88,0,0,0,1,1
8,80182,1,1,0,0,0,1,1,77,0,3,7,2011,1,22,29,0,4,4,45 1/2 ROAD,,86,39.28625000,-108.206791670,0,1,0,0,1,1,1,0,2,1,0,1,0,0000000,99,99,99,99,88,88,0,0,0,1,1
8,80183,1,1,0,0,0,1,1,79,0,5,7,2011,3,2,0,1,2,2,US-160,,1605,37.45055278,-106.888536110,0,25,0,0,1,1,4,1,2,1,0,1,0,0000000,99,99,99,99,88,88,0,0,0,1,0
8,80184,2,2,0,0,0,2,2,69,0,6,7,2011,4,13,55,0,16,4,LINCOLN AVE,,0,40.58560556,-105.048102780,0,12,2,0,1,1,1,0,1,1,0,1,0,0000000,99,99,99,99,88,88,0,0,0,1,0
8,80185,1,1,0,0,0,1,1,31,600,5,7,2011,3,14,47,1,11,1,I-70,,2808,39.77523333,-104.861958330,0,1,0,1,19,1,2,0,1,1,0,1,0,0000000,14,48,14,56,88,88,0,0,0,1,0
8,80186,2,2,0,0,0,3,3,31,600,9,7,2011,7,5,12,0,13,6,N MONACO ST,E 14TH AVE,0,39.73839444,-104.912813890,0,12,11,0,2,2,1,0,4,1,0,1,0,0000000,99,99,99,99,88,88,0,0,0,1,0
8,80187,2,2,0,0,0,3,3,13,0,11,7,2011,2,10,55,1,2,2,US-287,,3194,40.21780000,-105.102375000,0,12,6,0,1,1,1,0,1,1,0,1,0,0000000,10,56,11,10,11,16,0,0,0,1,0
8,80188,2,2,0,0,0,3,3,13,0,9,7,2011,7,14,0,0,3,3,SR-119,,285,39.97230556,-105.466330560,0,12,2,0,1,1,1,0,1,1,0,1,0,0000000,14,5,14,15,15,8,0,0,0,1,0
8,80189,2,2,0,0,0,3,3,123,0,11,7,2011,2,12,0,0,4,4,13,38,0,40.26281667,-104.941725000,0,12,6,0,2,2,1,0,1,1,0,1,0,0000000,99,99,99,99,99,99,0,0,0,1,0
8,80190,1,1,0,1,1,2,2,1,110,3,7,2011,1,2,14,1,13,2,US-40,,3049,39.74020556,-104.860611110,0,8,0,0,1,1,1,0,3,1,0,1,0,0000000,2,14,2,17,2,32,0,0,0,1,0
8,80191,2,2,0,0,0,6,6,31,600,11,7,2011,2,0,25,1,13,2,US-40,N KALAMATH ST,2975,39.74020833,-105.000011110,0,12,6,0,2,2,1,0,3,1,0,1,0,0000000,99,99,99,99,99,99,0,0,0,1,0
8,80192,2,2,0,0,0,5,5,77,1040,8,7,2011,6,20,29,1,13,2,US-6,SR-70 BUSN FRNTG RD,345,39.07734167,-108.500572220,0,12,6,0,2,2,1,0,5,1,0,1,0,0000000,20,29,20,36,20,46,0,0,0,1,0
8,80193,3,3,0,0,0,4,4,69,860,11,7,2011,2,14,31,0,13,6,TIMBERLINE ROAD,,0,40.57300278,-105.039211110,0,12,8,0,1,1,1,0,1,1,0,1,0,0000000,14,31,14,36,15,11,0,0,0,1,0
8,80194,1,1,0,0,0,3,3,73,0,14,7,2011,5,3,35,1,1,1,I-70,,3751,39.27859444,-103.424755560,0,31,0,0,1,1,3,0,2,1,0,1,0,0000000,99,99,99,99,99,99,0,0,0,1,0
8,80195,1,1,0,0,0,1,1,1,0,16,7,2011,7,2,3,0,16,4,E 84TH AVE,WASHINGTON ST,0,39.84896944,-104.977450000,0,33,0,0,3,2,4,0,3,1,0,1,0,0000000,2,5,2,10,88,88,20,0,0,1,1
8,80196,1,1,0,0,0,1,1,101,0,16,7,2011,7,2,24,0,13,2,US-50 BUSN RT,,54,38.24518611,-104.533777780,0,32,0,0,1,1,4,0,3,1,0,1,0,0000000,99,99,99,99,88,88,0,0,0,1,1
8,80197,1,1,0,0,0,1,1,41,0,16,7,2011,7,6,30,0,14,4,EASTONVILLE ROAD,,0,38.98193889,-104.568869440,0,38,0,0,1,1,4,0,4,1,0,1,0,0000000,99,99,99,99,88,88,0,0,0,1,1
8,80198,1,1,0,0,0,1,1,49,0,16,7,2011,7,17,0,1,2,2,US-40,,2155,40.04383889,-105.935769440,0,1,0,0,1,1,4,0,1,1,0,1,0,0000000,17,2,17,5,88,88,0,0,0,1,1
8,80199,1,1,0,0,0,1,1,123,0,16,7,2011,7,20,20,0,3,2,US-85,,3039,40.92278056,-104.804711110,0,1,0,0,1,1,4,0,5,2,0,2,0,0000000,99,99,99,99,88,88,0,0,0,1,1
8,80200,1,1,0,0,0,1,1,17,0,17,7,2011,1,1,0,0,6,4,R ROAD,,0,38.82730556,-102.375144440,0,1,0,0,1,1,4,0,2,1,0,1,0,0000000,99,99,99,99,88,88,0,0,0,1,1
8,80201,1,1,0,0,0,1,1,85,0,13,7,2011,4,14,30,0,3,3,SR-141,,630,38.23615278,-108.608544440,0,41,0,0,1,1,4,0,1,1,0,1,0,0000000,14,30,99,99,88,88,0,0,0,1,0
8,80202,1,1,0,0,0,1,1,15,0,16,7,2011,7,13,5,0,3,3,SR-291,,40,38.56376111,-106.029888890,0,31,0,0,1,1,4,0,1,1,0,1,0,0000000,13,9,13,17,13,27,0,0,0,1,0
8,80203,1,1,0,0,0,1,1,85,0,17,7,2011,1,14,30,0,3,3,SR-141,,777,38.38627778,-108.758577780,0,1,0,0,1,1,4,0,1,2,10,2,0,0000000,14,42,99,99,88,88,0,0,0,1,1
8,80204,1,1,0,0,0,3,3,55,0,21,7,2011,5,10,34,0,3,3,SR-69,,230,37.76895000,-105.130641670,0,31,0,0,1,1,4,0,1,1,0,1,0,0000000,99,99,99,99,99,99,0,0,0,1,1
8,80205,1,1,0,0,0,1,1,123,0,22,7,2011,6,2,44,0,5,4,43,,0,40.36612500,-104.658905560,0,43,0,0,1,1,4,0,2,1,0,1,0,0000000,99,99,99,99,88,88,0,0,0,1,1
8,80206,1,1,0,1,1,1,1,123,1070,22,7,2011,6,8,15,0,13,2,US-34 BUSN RT,,30,40.42167222,-104.825791670,0,9,0,0,1,1,2,0,1,1,0,1,0,0000000,8,16,8,27,88,88,0,0,0,1,0
8,80207,1,1,0,0,0,1,1,59,0,24,7,2011,1,13,45,1,2,2,US-285,,2472,39.61910278,-105.213030560,0,1,0,0,1,1,3,0,1,1,0,1,0,0000000,99,99,99,99,99,99,0,0,0,1,0
8,80208,1,1,0,0,0,1,1,41,0,24,7,2011,1,20,35,0,14,4,WALKER ROAD,,0,39.09261389,-104.733955560,0,59,0,0,1,1,4,0,2,1,0,1,0,0000000,99,99,99,99,88,88,0,0,0,1,0
8,80209,1,1,0,0,0,3,3,41,0,25,7,2011,2,0,26,0,14,4,HODGEN ROAD,,0,39.07136667,-104.612716670,0,42,0,0,1,1,4,0,2,1,0,1,0,0000000,99,99,99,99,99,99,0,0,0,1,0
8,80210,1,1,0,0,0,1,1,45,0,25,7,2011,2,4,46,1,1,1,I-70,,926,39.52981944,-107.738541670,0,31,0,0,1,1,3,0,2,1,0,1,0,0000000,4,46,4,56,88,88,0,0,0,1,1
8,80211,2,2,0,0,0,2,2,31,600,19,7,2011,3,21,44,1,13,3,SR-88,,9,39.72688056,-105.025161110,0,12,1,1,18,1,1,0,3,1,0,1,0,0000000,21,45,21,56,21,59,0,0,0,1,1
8,80212,2,2,0,0,0,3,3,101,2050,25,7,2011,2,19,28,0,13,6,W NORTHERN AVE,BEULAH AVE,0,38.24408889,-104.634586110,0,12,6,0,2,2,1,0,1,1,0,1,0,0000000,19,28,19,30,99,99,14,0,0,1,0
8,80213,1,1,0,0,0,2,2,77,1040,27,7,2011,4,15,15,1,11,1,I-70,,311,39.11489722,-108.542577780,0,1,0,0,1,1,4,0,1,1,0,1,0,0000000,15,13,15,27,99,99,0,0,0,1,0
8,80214,1,1,0,0,0,2,2,69,0,29,7,2011,6,16,30,0,3,3,SR-14,,1131,40.69396389,-105.288433330,0,1,0,0,1,1,4,0,1,1,0,1,0,0000000,99,99,99,99,88,88,0,0,0,1,1
8,80215,2,2,0,0,0,2,2,123,0,29,7,2011,6,17,52,0,3,3,SR-66,19,479,40.20394444,-104.885936110,0,12,6,0,2,2,1,0,1,1,0,1,0,0000000,99,99,99,99,99,99,0,0,0,1,1
8,80216,2,2,0,0,0,2,2,81,0,29,7,2011,6,18,25,1,2,2,US-40,,948,40.51992778,-107.476138890,0,12,2,0,1,1,1,0,1,1,0,1,0,0000000,18,29,18,38,19,23,0,0,0,2,1
8,80217,1,1,0,0,0,1,1,13,0,30,7,2011,7,3,55,0,14,4,JAY ROAD,,0,40.05099444,-105.186833330,0,24,0,0,1,1,4,0,3,1,0,1,0,0000000,99,99,99,99,88,88,0,0,0,1,1
8,80218,1,1,0,0,0,1,1,85,0,31,7,2011,1,12,0,0,4,3,SR-92,,446,38.53589444,-107.551825000,0,1,0,0,1,1,1,0,1,1,0,1,0,0000000,99,99,99,99,99,99,0,0,0,1,0
8,80219,1,1,0,0,0,2,2,5,110,31,7,2011,1,2,0,0,15,6,E DARTMOUTH AVE,,0,39.66009167,-104.797661110,0,33,0,0,1,1,4,0,3,1,0,1,0,0000000,2,0,2,7,3,0,0,0,0,1,1
8,80220,2,1,1,1,1,1,1,59,80,31,7,2011,1,1,37,1,13,3,SR-121,W 58TH AVE,180,39.80183056,-105.076400000,0,8,0,0,2,2,1,0,3,1,0,1,0,0000000,1,37,1,37,1,57,19,0,0,1,1
8,80221,1,1,0,1,1,2,2,5,345,28,7,2011,5,19,39,0,13,6,S QUEBEC ST,E WEAVER AVE,0,39.59983611,-104.904233330,0,9,0,0,2,2,1,0,5,1,0,1,0,0000000,19,40,19,43,19,59,0,0,0,1,0
8,80222,2,2,0,0,0,12,12,13,1530,10,7,2011,1,17,41,1,13,2,US-287,23RD AVE,3181,40.19947500,-105.102497220,0,12,6,0,2,2,1,0,1,1,0,1,0,0000000,17,42,17,44,18,12,0,0,0,1,0
8,80223,2,2,0,0,0,5,5,101,2052,21,7,2011,5,16,16,0,16,6,E HOMER DR,S TOLSTOI DR,0,38.30287778,-104.728419440,0,12,6,0,2,2,1,0,1,1,0,1,0,0000000,16,18,16,22,16,58,0,0,0,1,1
8,80224,2,2,0,0,0,3,3,1,2550,23,7,2011,7,15,29,1,13,2,US-287,US-36 RAMP,2892,39.83328889,-105.024819440,0,12,6,1,2,3,1,0,1,1,0,1,0,0000000,15,29,15,33,16,3,0,0,0,1,0
8,80225,1,1,0,0,0,1,1,51,0,3,8,2011,4,9,25,1,2,2,US-50,,1669,38.51600556,-106.760127780,0,31,0,0,1,1,4,0,1,1,0,1,0,0000000,99,99,99,99,88,88,0,0,0,1,0
8,80226,2,2,0,0,0,2,2,41,0,3,8,2011,4,15,49,0,3,3,SR-94,CURTIS ROAD,81,38.83856667,-104.553641670,0,12,6,0,2,2,1,0,1,1,0,1,0,0000000,99,99,99,99,99,99,0,0,0,1,0
8,80227,2,2,0,0,0,2,2,123,0,3,8,2011,4,18,0,0,3,3,SR-14,31,1512,40.58246111,-104.773508330,0,12,6,0,2,2,1,0,1,1,0,1,0,0000000,99,99,99,99,99,99,0,0,0,1,0
8,80228,1,1,0,0,0,2,2,85,0,5,8,2011,6,23,45,0,5,4,CIMARRON ROAD,,0,38.32870000,-107.583133330,0,31,0,0,1,1,4,0,2,10,0,10,0,0000000,99,99,99,99,99,99,0,0,0,1,1
8,80229,2,2,0,0,0,3,3,83,0,5,8,2011,6,15,50,1,2,2,US-160 RAMP,MV1 ROAD,486,37.34116389,-108.410975000,0,12,6,1,2,2,1,0,1,1,0,1,0,0000000,99,99,99,99,99,99,0,0,0,1,0
8,80230,2,2,0,0,0,2,2,97,0,7,8,2011,1,10,50,1,13,3,SR-82,AIRPORT ROAD,372,39.22431667,-106.866183330,0,12,6,0,2,2,1,0,1,1,0,1,0,0000000,10,54,11,0,99,99,0,0,0,1,0
8,80231,1,1,0,0,0,1,1,63,0,7,8,2011,1,13,0,0,3,3,SR-59,,199,39.05261389,-102.799275000,0,18,0,0,1,1,1,0,1,1,0,1,0,0000000,13,2,13,18,88,88,0,0,0,1,0
8,80232,1,1,0,0,0,3,3,67,0,6,8,2011,7,18,20,0,4,3,SR-151,,43,37.10735556,-107.562022220,0,1,0,0,1,1,4,0,1,1,0,1,0,0000000,99,99,99,99,88,88,0,0,0,3,1
8,80233,2,2,0,0,0,7,7,113,0,8,8,2011,2,16,40,0,3,3,SR-145,,979,38.13345556,-108.234391670,0,24,0,0,1,1,4,0,1,1,0,1,0,0000000,16,48,16,55,17,46,0,0,0,1,0
8,80234,2,2,0,0,0,2,2,63,0,11,8,2011,5,17,40,0,6,4,11,,0,39.30742222,-102.951094440,0,12,2,0,1,1,1,0,1,1,0,1,0,0000000,99,99,99,99,99,99,0,0,0,1,0
8,80235,1,1,0,0,0,1,1,123,0,13,8,2011,7,3,0,0,3,3,SR-14,,1559,40.58188333,-104.684175000,0,42,0,0,1,1,4,0,2,1,0,1,0,0000000,99,99,99,99,88,88,18,0,0,1,0
8,80236,1,1,0,0,0,3,3,5,110,15,8,2011,2,0,37,1,11,1,I-25,,43,39.66147778,-104.836988890,0,31,0,0,1,1,4,0,3,1,0,1,0,0000000,0,37,0,43,99,99,0,0,0,1,1
8,80237,2,2,0,0,0,2,2,45,0,16,8,2011,3,13,17,1,2,3,SR-82,154,36,39.50588056,-107.303044440,0,12,6,0,2,3,1,0,1,1,0,1,0,0000000,13,18,13,25,88,88,0,0,0,1,0
8,80238,3,3,0,0,0,3,3,53,0,18,8,2011,5,16,20,0,4,4,50,,0,38.07811944,-107.042844440,0,12,2,0,1,1,1,0,1,1,0,1,0,0000000,99,99,99,99,99,99,14,0,0,1,0
8,80239,2,2,0,0,0,2,2,41,430,17,8,2011,4,16,1,0,13,6,N CIRCLE DRIVE,,0,38.86249722,-104.775708330,0,12,6,0,1,1,1,0,1,1,0,1,0,0000000,6,1,6,3,99,99,0,0,0,1,0
8,80240,3,3,0,0,0,3,3,41,430,18,8,2011,5,16,17,0,13,6,GARDEN OF THE GODS,CHESTNUT ST,0,38.89665278,-104.836386110,0,1,0,0,3,2,1,0,1,1,0,1,0,0000000,16,17,16,17,88,88,14,0,0,1,0
8,80241,1,1,0,0,0,1,1,101,0,19,8,2011,6,0,14,0,16,4,30TH LN,,0,38.25636944,-104.505880560,0,43,0,0,1,1,4,0,2,1,0,1,0,0000000,0,14,0,18,88,88,0,0,0,1,1
8,80242,1,1,0,0,0,1,1,41,0,20,8,2011,7,6,43,0,3,4,RAMAH HIGHWAY,,0,38.98068056,-104.146091670,0,1,0,0,1,1,4,0,4,1,0,1,0,0000000,99,99,99,99,88,88,0,0,0,1,1
8,80243,1,1,0,0,0,2,2,69,0,20,8,2011,7,9,53,1,11,1,I-25,,2565,40.39578889,-104.993461110,0,1,0,0,1,1,1,0,1,1,0,1,0,0000000,99,99,99,99,99,99,0,0,0,1,0
8,80244,2,2,0,0,0,2,2,1,0,20,8,2011,7,22,56,0,15,4,TENNYSON STREET,53RD PLACE,0,39.79473056,-105.043830560,0,12,6,0,3,3,1,0,3,1,0,1,0,0000000,22,54,23,1,88,88,0,0,0,1,2
8,80245,1,1,0,0,0,3,3,105,0,20,8,2011,7,23,55,0,5,4,3 WEST,,0,37.61413056,-106.204247220,0,38,0,0,1,1,4,0,2,1,0,1,0,0000000,23,57,1,12,1,39,18,0,0,1,1
8,80246,1,1,0,0,0,1,1,81,0,21,8,2011,1,13,30,0,3,3,SR-13,,591,40.23130556,-107.796336110,0,1,0,0,1,1,4,0,1,1,0,1,0,0000000,13,37,14,5,88,88,0,0,0,1,0
8,80247,2,2,0,1,1,5,5,1,0,21,8,2011,1,21,5,1,11,1,I-76,,105,39.85881944,-104.911755560,0,8,0,1,18,1,1,0,3,1,0,1,0,0000000,99,99,99,99,88,88,0,0,0,1,0
8,80248,1,1,0,0,0,3,3,5,110,23,8,2011,3,2,5,0,14,6,N PEORIA ST,DEL MAR CIR,0,39.72255000,-104.847211110,0,33,0,0,3,3,4,0,3,1,0,1,0,0000000,2,5,2,12,88,88,20,0,0,1,1
8,80249,2,2,0,0,0,4,4,77,0,21,8,2011,1,5,16,1,1,1,I-70,,19,39.19039444,-109.018222220,0,12,1,1,18,1,1,0,2,1,0,1,0,0000000,99,99,99,99,99,99,0,0,0,2,0
8,80250,1,1,0,0,0,1,1,117,0,24,8,2011,4,11,30,0,4,4,HEENEY RD,,85,39.87556389,-106.331758330,0,1,0,0,1,1,1,0,1,1,0,1,0,0000000,11,28,12,2,13,32,0,0,0,1,0
8,80251,1,1,0,0,0,2,2,3,0,27,8,2011,7,12,25,1,2,2,US-160,,2282,37.49771111,-105.947730560,0,1,0,0,8,1,4,0,1,1,0,1,0,0000000,12,29,12,35,12,53,0,0,0,1,0
8,80252,2,2,0,0,0,2,2,93,0,29,8,2011,2,16,15,1,2,2,US-285,,1952,39.34159444,-105.850272220,0,1,0,0,8,1,1,0,1,1,0,1,0,0000000,99,99,99,99,88,88,0,0,0,1,0
8,80253,2,2,0,0,0,2,2,21,0,27,8,2011,7,19,0,1,2,2,US-287,,147,37.20248611,-105.980338890,0,12,6,0,1,1,1,0,1,1,0,1,0,0000000,19,2,19,15,19,25,0,0,0,1,2
8,80254,2,2,0,0,0,2,2,59,0,30,8,2011,3,11,46,1,11,1,I-70,,2568,39.69915556,-105.238183330,0,1,0,0,1,1,1,0,1,1,0,1,0,0000000,11,46,11,46,88,88,19,0,0,1,0
8,80255,1,1,0,0,0,2,2,59,0,30,8,2011,3,11,45,1,11,1,I-70,,2568,39.69915556,-105.238183330,0,24,0,0,1,1,3,0,1,1,0,1,0,0000000,11,46,11,46,99,99,0,0,0,1,0
8,80256,1,1,0,0,0,1,1,83,0,28,8,2011,1,6,29,1,2,2,US-491,,424,37.54098333,-108.731094440,0,11,0,0,1,1,1,0,4,1,0,1,0,0000000,6,29,6,29,99,99,0,0,0,1,0
8,80257,2,2,0,0,0,2,2,59,1435,21,8,2011,1,12,1,0,14,3,SR-8,S MCINTYRE ST,38,39.65655833,-105.165308330,0,12,6,0,2,3,1,0,1,1,0,1,0,0000000,12,2,12,4,12,8,0,0,0,1,0
8,80258,4,4,0,0,0,4,4,1,230,23,8,2011,3,8,45,1,12,2,US-85,,2333,39.96145000,-104.830161110,0,12,6,0,1,1,1,0,1,1,0,1,0,0000000,8,45,8,50,99,99,14,0,0,1,0
8,80259,2,2,0,0,0,2,2,41,430,17,8,2011,4,11,14,0,14,6,CHEYENNE BLVD,CRESTA RD,0,38.79950278,-104.851830560,0,1,0,0,2,2,1,0,1,5,10,5,0,0000000,11,14,99,99,88,88,0,0,0,1,0
8,80260,1,1,0,0,0,2,2,41,430,26,8,2011,6,2,20,1,13,3,SR-21,OLD RANCH RD,1528,38.98474167,-104.763488890,0,33,0,0,3,2,8,0,3,1,0,1,0,0000000,99,99,99,99,99,99,0,0,0,1,1