STATE,ST_CASE,VE_TOTAL,VE_FORMS,PVH_INVL,PEDS,PERNOTMVIT,PERMVIT,PERSONS,COUNTY,CITY,DAY,MONTH,YEAR,DAY_WEEK,HOUR,MINUTE,NHS,ROAD_FNC,ROUTE,TWAY_ID,TWAY_ID2,MILEPT,LATITUDE,LONGITUD,SP_JUR,HARM_EV,MAN_COLL,RELJCT1,RELJCT2,TYP_INT,REL_ROAD,WRK_ZONE,LGT_COND,WEATHER1,WEATHER2,WEATHER,SCH_BUS,RAIL,NOT_HOUR,NOT_MIN,ARR_HOUR,ARR_MIN,HOSP_HR,HOSP_MN,CF1,CF2,CF3,FATALS,DRUNK_DR
8,80261,2,2,0,0,0,2,2,59,2555,31,8,2011,4,19,54,0,16,6,W 48TH AVE,,0,39.78388056,-105.113372220,0,38,0,0,1,1,10,0,5,1,0,1,0,0000000,19,54,99,99,99,99,0,0,0,1,0
8,80262,1,1,0,0,0,1,1,41,430,25,8,2011,5,4,53,0,13,6,S HANCOCK EXPWY,,0,38.80580833,-104.788788890,0,1,0,0,1,1,4,0,2,1,0,1,0,0000000,4,53,99,99,88,88,0,0,0,1,0
8,80263,2,2,0,0,0,3,3,15,2210,31,7,2011,1,19,15,1,13,2,US-50,,2206,38.52379167,-106.017747220,0,12,6,0,1,1,1,0,1,1,0,1,0,0000000,19,15,19,21,19,40,19,0,0,1,1
8,80264,1,1,0,0,0,1,1,37,0,2,9,2011,6,5,10,1,1,1,I-70,,1402,39.65336944,-106.943700000,0,1,0,0,1,1,3,0,2,1,0,1,0,0000000,5,14,5,24,88,88,0,0,0,1,0
8,80265,1,1,0,0,0,1,1,31,600,2,9,2011,6,22,57,1,11,1,I-70,,2773,39.77924444,-104.927308330,0,24,0,0,1,1,3,0,3,1,0,1,0,0000000,99,99,99,99,99,99,0,0,0,1,1
8,80266,1,1,0,0,0,2,2,75,2370,3,9,2011,7,13,10,1,11,1,I-76,,1251,40.62462778,-103.169866670,0,1,0,1,19,1,10,0,1,1,0,1,0,0000000,99,99,99,99,99,99,0,0,0,1,1
8,80267,2,2,0,0,0,2,2,59,1435,2,9,2011,6,19,15,0,13,3,SR-391,W 20TH AVE,68,39.74742500,-105.109580560,0,12,6,0,2,2,1,0,3,1,0,1,0,0000000,19,15,19,19,19,30,0,0,0,1,0
8,80268,2,2,0,0,0,2,2,35,0,7,9,2011,4,12,35,1,2,2,US-85,,1927,39.46410833,-104.986655560,0,12,2,0,1,1,1,0,1,1,0,1,0,0000000,12,39,12,44,99,99,0,0,0,1,0
8,80269,2,2,0,0,0,2,2,51,0,9,9,2011,6,14,10,1,2,2,US-50,,1344,38.46677500,-107.284641670,0,12,2,0,1,1,1,0,1,1,0,1,0,0000000,14,16,99,99,99,99,0,0,0,1,0
8,80270,1,1,0,0,0,2,2,69,0,10,9,2011,7,1,40,0,5,4,3,,0,40.46476389,-104.963250000,0,38,0,0,1,1,4,0,2,1,0,1,0,0000000,99,99,99,99,99,99,0,0,0,1,1
8,80271,1,1,0,1,1,3,3,49,0,10,9,2011,7,10,19,0,4,4,3,,193,39.85153889,-106.078402780,0,9,0,0,8,1,1,0,1,1,0,1,0,0000000,99,99,99,99,88,88,0,0,0,1,0
8,80272,2,2,0,0,0,3,3,9,0,10,9,2011,7,13,40,1,2,2,US-287,,245,37.32170556,-102.615544440,0,12,2,0,1,1,1,0,1,1,0,1,0,0000000,99,99,99,99,99,99,0,0,0,1,1
8,80273,2,2,0,0,0,6,6,77,0,10,9,2011,7,17,8,1,13,3,SR-70 BUSN RT,31 1/2 ROAD,111,39.08384722,-108.468688890,0,12,6,0,2,3,1,0,1,1,0,1,0,0000000,99,99,99,99,99,99,0,0,0,1,0
8,80274,1,1,0,0,0,1,1,69,1550,11,9,2011,1,21,10,1,13,2,US-34,I-25 RAMP,964,40.40701111,-104.991411110,0,1,0,1,3,3,1,0,3,1,0,1,0,0000000,99,99,99,99,88,88,0,0,0,1,0
8,80275,1,1,0,0,0,1,1,7,0,8,9,2011,5,16,10,0,3,2,US-84,,128,37.09792778,-106.911163890,0,1,0,0,1,1,4,0,1,1,0,1,0,0000000,16,22,16,43,88,88,0,0,0,1,1
8,80276,2,2,0,0,0,7,7,101,2050,10,9,2011,7,1,43,1,11,1,I-25 RAMP B,,1000,38.28765000,-104.605672220,0,24,0,1,5,1,4,0,3,1,0,1,0,0000000,1,43,1,45,99,99,0,0,0,1,1
8,80277,1,1,0,0,0,1,1,39,0,13,9,2011,3,13,40,1,1,1,I-70,,3467,39.37928056,-103.885930560,0,1,0,0,1,1,3,0,1,1,0,1,0,0000000,99,99,99,99,99,99,0,0,0,1,0
8,80278,3,3,0,0,0,3,3,41,0,13,9,2011,3,17,35,0,3,3,SR-115,,348,38.65338889,-104.866138890,0,12,7,0,1,1,1,0,5,2,10,2,0,0000000,99,99,99,99,99,99,0,0,0,1,0
8,80279,1,1,0,0,0,1,1,109,0,12,9,2011,2,21,30,0,4,3,SR-114,,541,38.14041389,-106.263794440,0,1,0,0,1,1,4,0,1,1,0,1,0,0000000,7,12,99,99,99,99,18,0,0,1,1
8,80280,1,1,0,0,0,1,1,31,600,11,9,2011,1,19,47,0,16,6,W GRAND AVE,,0,39.63019167,-105.041666670,0,33,0,0,1,1,4,0,3,1,0,1,0,0000000,19,48,19,55,20,13,0,0,0,1,1
8,80281,1,1,0,0,0,1,1,1,2550,13,9,2011,3,16,19,0,14,6,FEDERAL PKWY,,0,39.91937222,-105.014800000,0,38,0,0,1,1,4,0,1,1,0,1,0,0000000,16,21,16,26,88,88,0,0,0,1,1
8,80282,2,2,0,0,0,3,3,123,0,15,9,2011,5,22,2,0,4,4,22,41,0,40.14594167,-104.678394440,0,12,6,0,2,2,1,0,2,1,0,1,0,0000000,99,99,99,99,99,99,0,0,0,2,1
8,80283,1,1,0,1,1,1,1,59,1435,15,9,2011,5,6,27,0,14,3,SR-8,OWENS LN,65,39.66415000,-105.121627780,0,9,0,0,3,3,1,0,4,1,0,1,0,0000000,6,25,6,31,6,48,0,0,0,1,0
8,80284,1,1,0,0,0,1,1,35,0,16,9,2011,6,5,27,1,12,3,SR-470,,11,39.55072500,-104.851588890,0,31,0,0,1,1,3,0,3,1,0,1,0,0000000,5,28,5,35,88,88,0,0,0,1,1
8,80285,1,1,0,0,0,1,1,67,0,16,9,2011,6,13,14,1,2,2,US-550,,1,37.00146944,-107.869436110,0,31,0,0,1,1,4,0,1,1,0,1,0,0000000,13,17,99,99,88,88,0,0,0,1,0
8,80286,2,2,0,0,0,4,4,83,0,17,9,2011,7,12,52,0,4,4,G ROAD,,0,37.33359722,-108.949400000,0,12,2,0,1,1,1,0,1,2,10,2,0,0000000,13,10,13,40,15,25,14,0,0,1,0
8,80287,1,1,0,0,0,1,1,69,0,17,9,2011,7,19,10,0,6,4,23,,0,40.36097222,-105.153686110,0,59,0,0,1,1,4,0,5,1,0,1,0,0000000,99,99,99,99,99,99,0,0,0,1,1
8,80288,1,1,0,0,0,1,1,117,0,18,9,2011,1,17,30,0,3,2,US-6,,2245,39.65634722,-105.877766670,0,58,0,0,1,1,4,0,1,1,0,1,0,0000000,99,99,99,99,88,88,0,0,0,1,1
8,80289,1,1,0,1,1,1,1,13,200,14,9,2011,4,19,23,1,13,3,SR-93,GREENBRIAR BLVD,154,39.97549722,-105.240916670,0,8,0,0,3,3,1,0,5,2,10,2,0,0000000,19,23,19,30,19,47,0,0,0,1,0
8,80290,2,2,0,0,0,2,2,101,0,22,9,2011,5,8,43,1,13,2,US-50,SR-231,3242,38.27448056,-104.457725000,0,12,6,0,2,3,1,0,1,1,0,1,0,0000000,8,50,8,58,99,99,0,0,0,1,0
8,80291,3,3,0,0,0,4,4,41,0,24,9,2011,7,0,51,1,11,1,I-25,,1309,38.71355000,-104.726463890,0,12,2,0,1,1,1,0,2,1,0,1,0,0000000,0,52,1,3,88,88,14,0,0,3,2
8,80292,1,1,0,0,0,1,1,45,2280,24,9,2011,7,15,36,0,4,2,US-6,,996,39.54695833,-107.646252780,0,31,0,0,8,1,4,0,1,1,0,1,0,0000000,15,39,15,39,16,4,0,0,0,1,0
8,80293,2,2,0,1,1,2,2,31,600,25,9,2011,1,3,32,1,11,1,I-25,,2110,39.74970278,-105.017494440,0,8,0,1,18,1,1,0,3,1,0,1,0,0000000,3,34,3,38,3,58,0,0,0,1,0
8,80294,1,1,0,0,0,1,1,77,1040,29,9,2011,5,11,55,1,11,1,I-70,,296,39.11482778,-108.570877780,0,21,0,0,1,1,4,0,1,1,0,1,0,0000000,11,55,12,9,88,88,0,0,0,1,0
8,80295,2,2,0,0,0,5,5,1,0,24,9,2011,7,11,31,0,5,4,PICADILLY ROAD,,0,39.95878611,-104.733400000,0,12,6,0,1,1,1,0,1,1,0,1,0,0000000,11,29,11,34,99,99,0,0,0,1,0
8,80296,1,1,0,0,0,2,2,41,430,29,9,2011,5,16,1,0,13,6,E FOUNTAIN BLVD,,0,38.82064722,-104.797661110,0,33,0,0,1,1,4,0,1,1,0,1,0,0000000,16,1,99,99,99,99,0,0,0,2,0
8,80297,1,1,0,0,0,3,3,83,450,14,9,2011,4,21,8,1,13,2,US-160,,405,37.35377500,-108.549722220,0,30,0,0,1,1,4,0,3,2,10,2,0,0000000,21,8,21,11,21,28,0,0,0,1,1
8,80298,2,2,0,0,0,2,2,1,2550,30,9,2011,6,21,52,1,13,2,US-287,W 72ND AVE,2888,39.82728333,-105.024863890,0,12,6,0,2,2,1,0,3,1,0,1,0,0000000,21,52,21,55,22,14,0,0,0,1,0
8,80299,1,1,0,0,0,1,1,101,0,1,10,2011,7,4,54,0,4,3,SR-78,,216,38.13793889,-104.833319440,0,38,0,0,1,1,4,0,2,1,0,1,0,0000000,99,99,99,99,88,88,0,0,0,1,1
8,80300,2,2,0,0,0,3,3,13,0,1,10,2011,7,15,12,0,2,2,US-36,NELSON ROAD,269,40.14498056,-105.282161110,0,1,0,0,2,3,1,0,1,1,0,1,0,0000000,99,99,99,99,99,99,0,0,0,1,0
8,80301,2,2,0,0,0,4,4,41,0,1,10,2011,7,15,50,0,3,3,SR-94,ANTELOPE DRIVE,146,38.83848333,-104.435669440,0,12,2,0,3,3,1,0,1,1,0,1,0,0000000,99,99,99,99,99,99,0,0,0,1,0
8,80302,2,2,0,0,0,3,3,41,430,20,10,2011,5,21,11,0,13,6,FOUNTAIN BLVD,UNION BLVD,0,38.81729722,-104.792216670,0,12,2,0,2,2,1,0,3,1,0,1,0,0000000,99,99,99,99,99,99,0,0,0,1,0
8,80303,2,2,0,0,0,2,2,69,0,1,10,2011,7,23,5,1,2,2,US-287,,3568,40.67417500,-105.187713890,0,12,2,0,1,1,1,0,2,1,0,1,0,0000000,99,99,99,99,99,99,0,0,0,1,0
8,80304,1,1,0,0,0,2,2,117,0,2,10,2011,1,19,10,1,1,1,I-70,,2015,39.58483611,-106.109169440,0,11,0,0,1,1,1,0,2,1,0,1,0,0000000,19,11,19,17,20,40,0,0,0,1,0
8,80305,1,1,0,0,0,5,5,89,0,4,10,2011,3,13,15,0,3,2,US-350,,551,37.81025000,-103.786861110,0,1,0,0,1,1,4,0,1,1,0,1,0,0000000,99,99,99,99,99,99,0,0,0,2,0
8,80306,1,1,0,0,0,2,2,29,0,4,10,2011,3,13,45,0,3,3,SR-92,,122,38.80203333,-107.868333330,0,38,0,0,1,1,4,0,1,2,10,2,0,0000000,99,99,99,99,99,99,0,0,0,1,0
8,80307,1,1,0,1,1,1,1,77,0,2,10,2011,1,19,3,0,16,4,CANYON TRAIL,,0,39.06485833,-108.479811110,0,8,0,0,1,1,4,0,3,1,0,1,0,0000000,99,99,99,99,99,99,0,0,0,1,1
8,80308,2,2,0,0,0,2,2,123,0,6,10,2011,5,14,15,1,2,2,US-34,,1399,40.29095556,-104.213333330,0,12,6,0,1,1,1,0,1,1,0,1,0,0000000,99,99,99,99,99,99,0,0,0,1,0
8,80309,1,1,0,0,0,4,4,101,2050,7,10,2011,6,8,18,1,11,1,I-25,,944,38.21201389,-104.626769440,0,1,0,0,1,1,3,0,1,1,0,1,0,0000000,8,20,8,24,8,50,0,0,0,1,0
8,80310,1,1,0,0,0,2,2,47,0,8,10,2011,7,8,35,0,6,4,TOLLAND ROAD,,0,39.90234722,-105.611686110,0,38,0,0,1,1,4,0,1,4,10,4,0,0000000,8,40,9,0,99,99,0,0,0,1,0
8,80311,1,1,0,0,0,4,4,15,0,8,10,2011,7,9,40,1,2,2,US-50,,2025,38.53136111,-106.323866670,0,42,0,0,1,1,4,0,1,4,10,4,0,0000000,9,44,10,0,11,16,0,0,0,1,0
8,80312,1,1,0,0,0,1,1,69,0,8,10,2011,7,23,25,0,6,4,29,,0,40.37263889,-105.191866670,0,59,0,0,1,1,4,0,2,1,0,1,0,0000000,99,99,99,99,88,88,0,0,0,1,1
8,80313,1,1,0,0,0,1,1,41,0,8,10,2011,7,23,53,0,3,4,CURTIS ROAD,GARRETT ROAD,0,38.91080278,-104.553122220,0,59,0,0,1,1,4,0,2,1,0,1,0,0000000,99,99,99,99,88,88,0,0,0,1,0
8,80314,1,1,0,0,0,3,3,69,0,9,10,2011,1,3,39,1,2,2,US-287,,3594,40.70632222,-105.173213890,0,38,0,0,1,1,4,0,2,1,0,1,0,0000000,99,99,99,99,99,99,0,0,0,1,1
8,80315,2,2,0,0,0,3,3,99,0,10,10,2011,2,10,5,1,2,2,US-50,,4404,38.09259444,-102.527888890,0,12,8,0,1,1,1,0,1,1,0,1,0,0000000,99,99,99,99,99,99,0,0,0,1,0
8,80316,1,1,0,0,0,1,1,123,0,10,10,2011,2,18,50,0,16,4,F ST,NW C ST,0,40.44115556,-104.721294440,0,38,0,0,3,4,4,0,2,1,0,1,0,0000000,99,99,99,99,99,99,0,0,0,1,0
8,80317,3,2,1,0,0,3,3,31,600,10,10,2011,2,23,20,0,14,6,E 13TH AVE,WASHINGTON ST,0,39.73686667,-104.978711110,0,12,6,0,2,2,1,0,3,1,0,1,0,0000000,23,24,23,36,99,99,0,0,0,1,2
8,80318,2,2,0,0,0,4,4,39,0,11,10,2011,3,14,0,0,4,4,154,21,0,39.41947778,-104.570502780,0,12,6,0,2,2,1,0,1,1,0,1,0,0000000,99,99,99,99,99,99,0,0,0,1,0
8,80319,1,1,0,1,1,1,1,1,0,4,10,2011,3,19,10,0,13,3,SR-95,,96,39.79182222,-105.053244440,0,8,0,0,1,1,1,0,3,1,0,1,0,0000000,19,31,99,99,99,99,0,0,0,1,0
8,80320,1,1,0,0,0,1,1,59,0,12,10,2011,4,19,13,0,5,4,PLEASANT PARK ROAD,,0,39.50126111,-105.244844440,0,19,0,0,1,1,5,0,2,1,0,1,0,0000000,99,99,19,24,88,88,0,0,0,1,1
8,80321,1,1,0,1,1,1,1,69,860,13,10,2011,5,7,55,0,13,6,HARMONY ROAD,WHEATON DRIVE,0,40.52357222,-105.053275000,0,15,0,0,3,2,1,0,1,1,0,1,0,0000000,7,55,8,0,88,88,0,0,0,1,0
8,80322,1,1,0,3,3,1,1,31,600,15,10,2011,7,3,33,0,14,6,20TH ST,I-25 RAMP,2121,39.76138056,-105.005280560,0,33,0,1,3,2,4,0,3,1,0,1,0,0000000,99,99,99,99,99,99,20,0,0,1,0
8,80323,2,2,0,0,0,14,14,17,0,13,10,2011,5,7,30,1,2,2,US-287,,1314,38.73611111,-102.776469440,0,12,1,0,1,1,1,1,1,1,0,1,0,0000000,99,99,99,99,99,99,0,0,0,6,0
8,80324,1,1,0,0,0,1,1,107,0,15,10,2011,7,16,28,0,6,4,67,,16,40.30336944,-107.410416670,0,1,0,0,1,1,4,0,1,1,0,1,0,0000000,99,99,99,99,99,99,0,0,0,1,1
8,80325,2,2,0,0,0,4,4,41,0,15,10,2011,7,16,37,0,3,3,SR-115,,380,38.69086111,-104.837647220,0,12,6,0,1,1,1,0,1,1,0,1,0,0000000,99,99,99,99,99,99,0,0,0,1,0
8,80326,1,1,0,0,0,1,1,123,0,16,10,2011,1,16,19,0,4,3,SR-92,,1323,40.53229722,-104.401658330,0,31,0,0,1,1,4,0,1,1,0,1,0,0000000,99,99,99,99,88,88,0,0,0,1,0
8,80327,1,1,0,0,0,2,2,123,0,16,10,2011,1,17,12,0,5,4,90,,0,40.63990000,-104.871550000,0,1,0,0,1,1,4,0,1,1,0,1,0,0000000,99,99,99,99,99,99,0,0,0,1,0
8,80328,1,1,0,1,1,1,1,59,2550,11,10,2011,3,14,20,0,14,6,W 100TH AVE,,0,39.87828333,-105.139811110,0,9,0,0,1,1,1,0,1,1,0,1,0,0000000,14,20,14,26,88,88,0,0,0,1,0
8,80329,2,2,0,0,0,6,6,1,110,17,10,2011,2,21,4,0,13,6,N CHAMBERS RD,I-70 RAMP,2835,39.77020833,-104.809786110,0,12,6,1,2,2,1,0,3,1,0,1,0,0000000,21,5,21,11,21,41,0,0,0,1,1
8,80330,1,1,0,0,0,3,3,103,0,20,10,2011,5,6,8,0,3,3,SR-139,,456,39.74000000,-108.795277780,0,38,0,0,1,1,4,0,2,1,0,1,0,0000000,6,8,6,28,88,88,0,0,0,3,1
8,80331,1,1,0,0,0,1,1,77,0,22,10,2011,7,2,53,1,1,1,I-70,,640,39.35069444,-108.181266670,0,1,0,0,1,1,4,0,2,1,0,1,0,0000000,2,57,3,5,88,88,0,0,0,1,1
8,80332,1,1,0,1,1,1,1,31,600,22,10,2011,7,4,31,0,13,3,SR-26,S KNOX CT,123,39.71120278,-105.032402780,0,8,0,0,3,2,1,0,3,1,0,1,0,0000000,4,31,4,38,4,49,0,0,0,1,0
8,80333,2,2,0,0,0,3,3,35,0,19,10,2011,4,16,10,0,3,6,CROWFOOT VALLEY ROAD,,0,39.43344167,-104.821297220,0,12,2,0,1,1,1,0,1,1,0,1,0,0000000,16,10,16,14,16,44,0,0,0,1,0
8,80334,1,1,0,0,0,4,4,45,0,20,10,2011,5,23,52,0,5,4,114,,39,39.48361111,-107.227222220,0,38,0,0,1,1,4,0,2,1,0,1,0,0000000,99,99,99,99,99,99,0,0,0,1,1
8,80335,1,1,0,0,0,1,1,37,0,19,10,2011,4,22,49,1,1,1,I-70,,1569,39.69388889,-106.666111110,0,35,0,0,1,1,4,0,2,1,0,1,0,0000000,99,99,99,99,99,99,0,0,0,1,0
8,80336,1,1,0,0,0,1,1,121,0,24,10,2011,2,20,58,1,2,3,SR-71,,1346,39.68972222,-103.593611110,0,11,0,0,1,1,1,0,2,1,0,1,0,0000000,20,59,21,14,88,88,0,0,0,1,0
8,80337,1,1,0,0,0,1,1,101,2050,26,10,2011,4,14,8,1,11,1,I-25,,954,38.22481111,-104.614083330,0,25,0,0,1,1,3,0,1,2,10,2,0,0000000,14,12,14,18,88,88,0,0,0,1,0
8,80338,1,1,0,1,1,1,1,101,2050,31,10,2011,2,23,54,0,13,6,S PRAIRIE AVE,,0,38.23925278,-104.643722220,0,8,0,0,1,1,1,0,3,1,0,1,0,0000000,99,99,99,99,88,88,0,0,0,1,0
8,80339,2,2,0,1,1,2,2,13,200,12,10,2011,4,19,25,1,13,2,US-36,,354,40.03063889,-105.258400000,0,8,0,0,1,1,1,0,3,1,0,1,0,0000000,19,26,19,28,19,44,0,0,0,1,0
8,80340,1,1,0,0,0,3,3,123,0,1,11,2011,3,14,25,0,6,4,57,,0,40.51738611,-104.526758330,0,1,0,0,1,1,1,0,1,1,0,1,0,0000000,99,99,99,99,88,88,0,0,0,1,0
8,80341,1,1,0,1,1,2,2,31,600,1,11,2011,3,21,28,1,11,1,I-25,,2109,39.74835556,-105.017869440,0,8,0,0,1,1,1,0,3,4,10,4,0,0000000,21,29,21,33,21,50,0,0,0,1,0
8,80342,1,1,0,0,0,3,3,69,0,2,11,2011,4,17,55,1,2,2,US-34,,689,40.39268056,-105.425580560,0,42,0,0,1,1,4,0,2,1,0,1,0,0000000,99,99,99,99,99,99,0,0,0,1,0
8,80343,1,1,0,0,0,1,1,59,1435,4,11,2011,6,10,51,0,13,6,W ALAMEDA AVE,,0,39.71109722,-105.095697220,0,42,0,0,1,1,5,0,1,1,0,1,0,0000000,10,52,10,53,88,88,0,0,0,1,0
8,80344,1,1,0,1,1,2,2,1,2427,4,11,2011,6,22,20,0,13,6,N COLORADO BLVD,,0,39.88137222,-104.940327780,0,8,0,0,1,1,1,0,3,1,0,1,0,0000000,22,24,22,28,88,88,0,0,0,1,0
8,80345,2,2,0,0,0,2,2,123,2580,6,11,2011,1,20,11,0,3,4,74,,0,40.52280000,-104.940350000,0,12,2,0,1,1,1,0,2,1,0,1,0,0000000,99,99,99,99,99,99,0,0,0,1,2
8,80346,3,3,0,0,0,5,5,1,0,2,11,2011,4,12,0,1,13,2,US-287,W 54TH AVE,2865,39.79472222,-105.025250000,0,12,6,0,2,2,1,0,1,1,0,1,0,0000000,99,99,99,99,99,99,0,0,0,1,0
8,80347,2,2,0,0,0,2,2,67,0,11,11,2011,6,9,43,0,4,4,501,,32,37.27584167,-107.597436110,0,12,2,0,1,1,1,0,1,1,0,1,0,0000000,99,99,99,99,99,99,0,0,0,1,0
8,80348,1,1,0,0,0,1,1,109,0,7,11,2011,2,4,0,1,2,2,US-285,,692,37.83944444,-106.147305560,0,1,0,0,1,1,4,0,2,1,0,1,0,0000000,4,16,4,39,88,88,0,0,0,1,0
8,80349,1,1,0,0,0,3,3,3,0,12,11,2011,7,5,10,0,2,3,SR-17,,725,37.52246389,-105.857886110,0,53,0,0,1,1,4,0,2,1,0,1,0,0000000,5,15,5,25,5,39,0,0,0,1,0
8,80350,1,1,0,0,0,4,4,93,0,12,11,2011,7,13,0,0,3,3,SR-9,,434,38.98601389,-105.746991670,0,31,0,0,1,1,4,0,1,6,0,6,0,0000000,99,99,99,99,99,99,0,0,0,1,0
8,80351,3,3,0,0,0,5,5,123,0,12,11,2011,7,17,40,0,4,4,49,,0,40.27316111,-104.602361110,0,12,2,0,1,1,1,0,2,1,0,1,0,0000000,99,99,99,99,99,99,0,0,0,2,0
8,80352,2,2,0,0,0,2,2,77,0,16,11,2011,4,11,47,1,11,1,I-70,,352,39.10500000,-108.473333330,0,1,0,0,1,1,3,0,1,1,0,1,0,0000000,99,99,99,99,88,88,14,0,0,1,1
8,80353,1,1,0,0,0,2,2,125,0,16,11,2011,4,9,15,0,2,2,US-385,,2675,40.41232500,-102.298177780,0,35,0,0,1,1,4,0,1,1,0,1,0,0000000,99,99,99,99,99,99,0,0,0,1,0
8,80354,2,2,0,0,0,2,2,29,0,18,11,2011,6,17,45,0,3,3,SR-92,,122,38.80198889,-107.868333330,0,12,2,0,1,1,1,0,2,1,0,1,0,0000000,17,46,18,18,88,88,0,0,0,2,1
8,80355,1,1,0,0,0,1,1,5,0,19,11,2011,7,12,3,0,4,4,137,,0,39.62555556,-104.416594440,0,1,0,0,1,1,4,0,1,1,0,1,0,0000000,99,99,99,99,88,88,0,0,0,1,0
8,80356,1,1,0,1,1,1,1,31,600,12,11,2011,7,9,15,1,13,2,US-40,N FRANKLIN ST,2991,39.74000833,-104.968430560,0,8,0,0,3,2,1,0,1,1,0,1,0,0000000,99,99,99,99,99,99,0,0,0,1,0
8,80357,1,1,0,0,0,1,1,81,0,24,11,2011,5,8,46,0,5,4,51,,11,40.31073056,-107.819336110,0,1,0,0,1,1,1,0,1,1,0,1,0,0000000,9,5,9,39,88,88,0,0,0,1,0
8,80358,3,2,1,0,0,2,2,31,600,25,11,2011,6,18,39,0,14,6,E 14TH AVE,2500 BLK ALLEY,0,39.73836111,-104.956833330,0,12,6,0,2,2,1,0,3,1,0,1,0,0000000,18,38,18,45,19,5,14,0,0,1,0
8,80359,1,1,0,0,0,1,1,21,0,25,11,2011,6,23,38,0,3,3,SR-142,,71,37.17538333,-105.860083330,0,31,0,0,1,1,4,0,2,1,0,1,0,0000000,23,39,23,53,0,18,0,0,0,1,1
8,80360,2,2,0,0,0,4,4,5,110,26,11,2011,7,0,56,1,13,3,SR-30,E ILIFF AVE,43,39.67478333,-104.865972220,0,12,6,0,2,2,1,0,3,1,0,1,0,0000000,0,56,0,59,1,28,0,0,0,1,1
8,80361,1,1,0,2,2,2,2,31,600,30,11,2011,4,16,44,0,16,6,W 9TH AVE,,0,39.73051667,-104.995388890,0,8,0,0,1,1,1,0,1,1,0,1,1,0000000,99,99,99,99,99,99,0,0,0,1,0
8,80362,1,1,0,0,0,1,1,31,600,26,11,2011,7,9,43,0,15,6,S PLATTE RIVER DR,,0,39.66958333,-104.998977780,0,42,0,0,1,1,5,0,1,1,0,1,0,0000000,99,99,99,99,99,99,0,0,0,1,1
8,80363,3,3,0,0,0,5,5,35,1529,27,11,2011,1,13,34,0,6,5,RIDGEGATE PKWY,,0,39.52307500,-104.855883330,0,12,6,0,1,1,1,0,1,1,0,1,0,0000000,13,34,99,99,88,88,0,0,0,1,0
8,80364,1,1,0,0,0,1,1,55,0,30,11,2011,4,14,45,0,3,3,SR-69,,30,37.66580278,-104.833908330,0,59,0,0,1,1,4,0,1,1,0,1,0,0000000,99,99,99,99,88,88,0,0,0,1,0
8,80365,2,2,0,1,1,2,2,31,600,30,11,2011,4,17,14,1,13,3,SR-2,I-70 RAMP,88,39.78119444,-104.940677780,0,8,0,1,3,2,1,0,5,1,0,1,0,0000000,99,99,99,99,88,88,0,0,0,1,0
8,80366,1,1,0,0,0,2,2,77,0,17,11,2011,5,15,30,0,3,3,SR-141,,1007,38.55509444,-108.912336110,0,1,0,0,1,1,4,0,1,1,0,1,0,0000000,15,31,15,44,17,14,0,0,0,1,0
8,80367,1,1,0,0,0,4,4,59,2555,6,11,2011,1,1,55,0,16,6,OAK STREET,,0,39.75726944,-105.118847220,0,30,0,0,1,1,4,0,3,1,0,1,0,0000000,2,1,99,99,99,99,0,0,0,2,1
8,80368,2,2,0,0,0,2,2,97,0,8,2,2011,3,12,58,1,2,3,SR-82,SMITH HILL WAY,345,39.26098611,-106.887655560,0,12,6,0,2,2,1,0,1,4,10,4,0,0000000,12,58,13,5,13,23,0,0,0,1,0
8,80369,2,2,0,1,1,2,2,5,110,3,12,2011,7,19,56,1,13,3,SR-30,,60,39.69991111,-104.865975000,0,8,0,0,1,1,1,0,3,1,0,1,0,0000000,19,57,20,1,20,13,0,0,0,1,0
8,80370,3,3,0,0,0,5,5,77,0,5,12,2011,2,18,40,0,3,2,US-6,,241,39.12631667,-108.676430560,0,12,6,0,8,1,1,0,2,1,0,1,0,0000000,99,99,99,99,88,88,0,0,0,2,1
8,80371,1,1,0,0,0,1,1,117,0,6,12,2011,3,22,55,0,5,4,BOREAS PASS RD,ILLINOIS GULCH RD,0,39.47081389,-106.026922220,0,59,0,0,3,3,4,0,2,1,0,1,0,0000000,99,99,99,99,88,88,0,0,0,1,1
8,80372,3,3,0,0,0,4,4,1,0,12,12,2011,2,10,22,1,11,1,I-76,,93,39.84361111,-104.926916670,0,12,1,0,1,1,1,1,1,1,0,1,0,0000000,10,23,10,42,11,1,0,0,0,1,0
8,80373,1,1,0,0,0,1,1,101,0,9,12,2011,6,20,50,0,3,2,US-50 BUSN RT,,143,38.23653056,-104.373941670,0,34,0,0,1,1,5,0,2,5,10,5,0,0000000,20,58,21,0,88,88,0,0,0,1,1
8,80374,1,1,0,0,0,1,1,39,0,11,12,2011,1,20,30,0,4,4,106,N ELBERT RD,0,39.24145278,-104.533627780,0,58,0,0,3,3,5,0,2,1,0,1,0,0000000,20,41,99,99,88,88,0,0,0,1,1
8,80375,2,2,0,0,0,5,5,1,110,11,12,2011,1,21,55,1,12,6,N PENA BLVD,,0,39.77048889,-104.790938890,0,12,7,0,1,1,1,0,3,1,0,1,0,0000000,21,57,22,8,22,39,0,0,0,1,1
8,80376,2,2,0,0,0,2,2,123,1763,12,12,2011,2,16,5,0,6,4,121,80,0,40.56738889,-103.916777780,0,12,6,0,2,2,1,0,1,1,0,1,0,0000000,99,99,99,99,99,99,0,0,0,1,0
8,80377,1,1,0,0,0,1,1,83,0,13,12,2011,3,7,1,1,2,2,US-491,,4,37.00497778,-108.748713890,0,1,0,0,1,1,5,0,1,1,0,1,0,0000000,99,99,99,99,88,88,0,0,0,1,0