STATE,ST_CASE,VE_TOTAL,VE_FORMS,PVH_INVL,PEDS,PERNOTMVIT,PERMVIT,PERSONS,COUNTY,CITY,DAY,MONTH,YEAR,DAY_WEEK,HOUR,MINUTE,NHS,ROAD_FNC,ROUTE,TWAY_ID,TWAY_ID2,MILEPT,LATITUDE,LONGITUD,SP_JUR,HARM_EV,MAN_COLL,RELJCT1,RELJCT2,TYP_INT,REL_ROAD,WRK_ZONE,LGT_COND,WEATHER1,WEATHER2,WEATHER,SCH_BUS,RAIL,NOT_HOUR,NOT_MIN,ARR_HOUR,ARR_MIN,HOSP_HR,HOSP_MN,CF1,CF2,CF3,FATALS,DRUNK_DR
8,80378,1,1,0,0,0,2,2,41,0,2,12,2011,6,22,55,0,14,4,FONTAINE BLVD,,0,38.73739444,-104.696519440,0,1,0,0,1,1,1,0,2,6,0,6,0,0000000,99,99,99,99,99,99,0,0,0,1,1
8,80379,2,2,0,0,0,2,2,123,0,15,12,2011,5,6,40,1,2,3,SR-119,I-25 RAMP,636,40.16059722,-104.979727780,0,12,2,1,2,2,1,0,4,1,0,1,0,0000000,99,99,99,99,99,99,0,0,0,1,0
8,80380,2,2,0,0,0,3,3,41,0,30,12,2011,6,17,35,0,2,4,ELBERT ROAD,,66,39.08000000,-104.548611110,0,12,6,0,1,1,1,0,2,1,0,1,0,0000000,99,99,99,99,99,99,0,0,0,1,0
8,80381,1,1,0,0,0,1,1,13,0,14,12,2011,4,16,14,0,13,4,HOVER ROAD,BOSTON AVENUE,0,40.15968889,-105.130597220,0,46,0,0,3,2,4,0,3,1,0,1,0,0000000,16,14,16,18,16,28,0,0,0,1,1
8,80382,2,2,0,0,0,3,3,5,110,15,12,2011,5,19,51,1,13,3,SR-30,E JEWELL AVE,48,39.68201111,-104.865905560,0,12,6,0,2,2,1,0,3,1,0,1,0,0000000,19,53,19,54,20,24,0,0,0,1,1
8,80383,1,1,0,0,0,2,2,43,0,16,12,2011,6,23,35,0,4,3,SR-115,,118,38.39470000,-105.064488890,0,31,0,0,1,1,4,0,2,1,0,1,0,0000000,23,45,23,54,99,99,0,0,0,1,1
8,80384,2,2,0,0,0,2,2,59,2550,17,12,2011,7,22,49,0,13,6,W 92ND AVE,WESTMINSTER BLVD,0,39.86366389,-105.062569440,0,12,6,0,2,2,1,0,3,1,0,1,0,0000000,22,47,22,49,23,20,0,0,0,1,0
8,80385,2,2,0,0,0,4,4,77,1040,18,12,2011,1,18,54,0,16,6,25 1/2 ROAD,,0,39.09587500,-108.580191670,0,12,1,0,1,1,1,0,3,1,0,1,0,0000000,18,54,18,59,19,9,0,0,0,1,1
8,80386,1,1,0,0,0,1,1,5,0,19,12,2011,2,12,35,1,1,1,I-70,,3020,39.73805556,-104.477500000,0,1,0,0,1,1,4,0,1,4,10,4,0,0000000,99,99,99,99,88,88,0,0,0,1,0
8,80387,1,1,0,0,0,1,1,63,0,19,12,2011,2,17,36,1,1,1,I-70,,4199,39.29425833,-102.593888890,0,31,0,0,1,1,5,0,2,4,10,4,0,0000000,99,99,99,99,99,99,0,0,0,1,0
8,80388,1,1,0,0,0,1,1,43,0,19,12,2011,2,17,59,1,2,2,US-50,,2721,38.49510833,-105.293536110,0,17,0,0,1,1,4,0,2,4,10,4,0,0000000,99,99,99,99,88,88,0,0,0,1,0
8,80389,4,4,0,0,0,6,6,1,110,20,12,2011,3,15,25,0,14,6,N TOWER RD,E 35TH AVE,0,39.76446389,-104.772327780,0,12,6,0,2,2,1,0,1,1,0,1,0,0000000,15,25,15,32,99,99,0,0,0,1,0
8,80390,1,1,0,0,0,1,1,69,0,21,12,2011,4,7,20,0,4,4,74E,,0,40.79044444,-105.300833330,0,42,0,0,1,1,5,0,4,1,0,1,0,0000000,99,99,99,99,88,88,0,0,0,1,0
8,80391,1,1,0,0,0,2,2,31,600,23,12,2011,6,0,30,0,16,6,E CHERRY CREEK DR N,,0,39.71615278,-104.958205560,0,5,0,0,1,1,1,0,3,1,0,1,0,0000000,99,99,99,99,99,99,0,0,0,1,1
8,80392,1,1,0,0,0,1,1,37,0,24,12,2011,7,15,58,1,1,1,I-70,,1584,39.68000000,-106.648402780,0,24,0,0,1,1,4,0,1,1,0,1,0,0000000,15,59,16,12,16,48,0,0,0,1,0
8,80393,1,1,0,0,0,1,1,123,0,24,12,2011,7,18,45,0,6,4,68,,0,40.47962500,-104.344444440,0,35,0,0,1,1,4,0,2,1,0,1,0,0000000,99,99,99,99,88,88,0,0,0,1,0
8,80394,4,4,0,0,0,8,8,69,860,25,12,2011,1,16,11,0,14,6,HORSETOOTH ROAD,SHIELDS STREET,0,40.53821111,-105.096241670,0,12,6,0,2,2,1,0,5,1,0,1,0,0000000,16,11,16,16,16,49,0,0,0,1,0
8,80395,2,2,0,0,0,5,5,41,0,27,12,2011,3,16,45,0,14,4,FONTAINE BLVD,MARKSHEFFEL ROAD,0,38.73751667,-104.649833330,0,12,6,0,2,2,1,0,5,1,0,1,0,0000000,99,99,99,99,99,99,0,0,0,1,0
8,80396,1,1,0,0,0,1,1,19,0,29,12,2011,5,10,50,1,1,1,I-70,,2201,39.69572778,-105.827858330,0,1,0,0,1,1,4,0,1,4,10,4,0,0000000,99,99,99,99,88,88,0,0,0,1,0
8,80397,1,1,0,0,0,11,11,73,0,19,12,2011,2,11,0,1,1,1,I-70,,3688,39.26638889,-103.539722220,0,1,0,0,1,1,3,0,1,4,10,4,0,0000000,99,99,99,99,99,99,0,0,0,2,0
8,80398,1,1,0,0,0,1,1,121,0,31,12,2011,7,11,40,0,5,4,30,,0,40.00250000,-102.837500000,0,1,0,0,1,1,4,0,1,6,0,6,0,0000000,11,55,12,26,88,88,0,0,0,1,0
8,80399,1,1,0,0,0,2,2,101,0,18,9,2011,1,9,30,0,4,4,BOONE RD,,0,38.34594722,-104.184247220,0,1,0,0,1,1,4,0,1,1,0,1,0,0000000,9,37,10,0,99,99,0,0,0,1,1
8,80400,1,1,0,1,1,1,1,43,310,10,11,2011,5,19,47,1,13,2,US-50,,2800,38.44793333,-105.213066670,0,8,0,0,1,1,1,0,2,1,0,1,0,0000000,19,47,19,51,88,88,0,0,0,1,0
8,80401,1,1,0,0,0,1,1,7,1910,27,11,2011,1,7,9,1,2,2,US-160,,1427,37.26680833,-107.024666670,0,59,0,0,1,1,4,0,2,1,0,1,0,0000000,7,9,7,10,88,88,0,0,0,1,1
8,80402,1,1,0,0,0,1,1,35,0,10,12,2011,7,23,40,0,15,4,INSPIRATION DR,,0,39.55107222,-104.702888890,0,53,0,0,1,1,4,0,2,1,0,1,0,0000000,0,27,99,99,88,88,18,0,0,1,1
8,80403,1,1,0,0,0,1,1,41,430,15,12,2011,5,4,20,1,11,1,I-25,,1415,38.83309167,-104.832505560,0,25,0,0,1,1,3,0,3,1,0,1,0,0000000,4,20,99,99,99,99,0,0,0,1,0
8,80404,1,1,0,0,0,1,1,35,330,20,12,2011,3,15,51,0,15,6,ENDERUD ROAD,,0,39.37081667,-104.820302780,0,30,0,0,1,1,3,0,5,1,0,1,0,0000000,15,51,15,56,17,31,0,0,0,1,0
8,80405,1,1,0,1,1,4,4,123,1070,19,10,2011,4,10,45,0,16,6,44TH AVE,,0,40.40373056,-104.748538890,0,8,0,0,4,1,4,0,1,1,0,1,0,0000000,10,45,10,54,11,41,0,0,0,1,0
8,80406,2,2,0,0,0,4,4,69,1550,25,12,2011,1,11,6,1,13,2,US-34,US-287,919,40.40733333,-105.074377780,0,12,6,0,2,2,1,0,1,1,0,1,0,0000000,11,6,11,10,11,31,0,0,0,1,0
8,80407,1,1,0,1,1,1,1,89,1410,19,2,2011,7,21,47,0,14,6,10TH ST,LEWIS AVE,0,37.97885833,-103.536000000,0,8,0,0,3,2,1,0,3,1,0,1,0,0000000,21,46,21,47,21,50,0,0,0,1,1
9,90001,1,1,0,0,0,1,1,3,229,1,1,2011,7,2,41,0,16,6,FLETCHER ROAD,,17,41.96468333,-72.498758330,0,35,0,0,1,1,4,0,3,1,0,1,0,0000000,2,41,2,44,88,88,0,0,0,1,1
9,90002,1,1,0,0,0,1,1,3,229,7,1,2011,6,2,18,0,16,6,TAYLOR ROAD,,15,42.00656111,-72.512991670,0,42,0,0,1,1,4,0,3,1,0,1,0,0000000,2,22,2,30,3,7,0,0,0,1,1
9,90003,3,3,0,0,0,4,4,9,825,12,1,2011,4,14,58,0,13,2,US-1,,464,41.29714167,-72.952600000,0,12,6,0,1,1,1,0,1,1,0,1,0,0000000,14,58,15,0,15,30,0,0,0,1,0
9,90004,1,1,0,0,0,1,1,15,104,22,1,2011,7,5,32,0,6,6,CEMETERY ROAD,,17,41.67728611,-72.029297220,0,35,0,0,1,1,4,0,2,1,0,1,0,0000000,5,30,5,38,99,99,0,0,0,1,1
9,90005,2,2,0,0,0,3,3,13,228,24,1,2011,2,11,8,0,15,3,SR-286,PDR TO SNIPSIC VILLG,34,41.90181389,-72.462558330,0,12,6,0,4,1,1,0,1,1,0,1,0,0000000,11,8,11,14,88,88,0,0,0,1,0
9,90006,1,1,0,0,0,1,1,11,260,25,1,2011,3,1,54,1,11,1,I-95,,978,41.36205000,-72.021625000,0,48,0,0,1,1,3,0,2,1,0,1,0,0000000,1,55,2,1,88,88,0,0,0,1,0
9,90007,1,1,0,0,0,3,3,1,80,29,1,2011,7,19,28,1,12,3,SR-8,,22,41.19780000,-73.194205560,0,48,0,1,19,1,4,0,3,1,0,1,0,0000000,19,28,19,31,20,14,0,0,0,1,1
9,90008,2,2,0,0,0,2,2,3,90,13,2,2011,1,2,2,0,13,3,SR-229,PINEBROOK TERRACE,33,41.65513333,-72.913219440,0,12,2,0,2,3,1,0,3,1,0,1,0,0000000,2,3,2,8,2,26,0,0,0,1,1
9,90009,1,1,0,1,1,1,1,9,370,19,2,2011,7,20,59,0,14,6,WEST MAIN STREET,,2,41.54071944,-72.819900000,0,8,0,0,1,1,1,0,3,1,0,1,0,0000000,20,59,99,99,99,99,0,0,0,1,0
9,90010,2,2,0,1,1,1,1,1,227,8,1,2011,7,0,14,0,14,3,SR-59,,47,41.23292222,-73.264558330,0,8,0,0,1,1,1,0,2,1,0,1,0,0000000,0,17,0,21,88,88,23,0,0,1,0
9,90011,2,2,0,0,0,3,3,1,835,16,1,2011,1,16,4,0,14,3,SR-476,GREENS FARMS ROAD,6,41.12690278,-73.332486110,0,12,6,0,2,2,1,0,1,1,0,1,0,0000000,16,5,16,15,16,46,0,0,0,1,0
9,90012,1,1,0,0,0,1,1,11,505,28,2,2011,2,3,55,0,4,3,SR-627,,4,41.44965000,-71.899055560,0,42,0,0,1,1,4,0,2,1,0,1,0,0000000,3,55,4,5,88,88,0,0,0,1,1
9,90013,2,2,0,0,0,2,2,7,217,1,3,2011,3,17,8,0,3,3,SR-82,,115,41.43100833,-72.359158330,0,12,2,0,1,1,1,0,5,1,0,1,0,0000000,16,52,16,57,99,99,0,0,0,1,1
9,90014,2,2,0,0,0,3,3,9,265,2,3,2011,4,16,36,0,15,3,SR-77,,115,41.43174722,-72.690769440,0,12,2,0,1,1,1,0,1,1,0,1,0,0000000,99,99,99,99,99,99,0,0,0,1,0
9,90015,1,1,0,0,0,1,1,5,760,15,3,2011,3,7,40,0,15,3,SR-800,,10,41.77769722,-73.119352780,0,24,0,0,1,1,4,0,3,1,0,1,0,0000000,7,40,7,45,88,88,0,0,0,1,0
9,90016,1,1,0,0,0,1,1,15,12,17,3,2011,5,19,46,0,6,6,HORSE HILL ROAD,,3,41.90028056,-72.140533330,0,42,0,0,1,1,4,0,2,1,0,1,0,0000000,19,46,19,50,88,88,0,0,0,1,1
9,90017,1,1,0,0,0,1,1,9,854,9,3,2011,4,6,21,0,13,3,SR-63,,35,41.36314167,-72.995811110,0,53,0,0,1,1,4,0,4,1,0,1,0,0000000,6,23,6,28,88,88,0,0,0,1,0
9,90018,1,1,0,1,1,1,1,9,360,27,3,2011,1,11,24,1,11,1,I-95,,652,41.28933889,-72.593791670,0,8,0,0,1,1,1,0,1,1,0,1,0,0000000,11,25,11,29,99,99,0,0,0,1,0
9,90019,1,1,0,0,0,1,1,7,266,30,3,2011,4,16,4,0,15,3,SR-154,,256,41.49713056,-72.555738890,0,39,0,0,1,1,4,0,1,1,0,1,0,0000000,16,4,99,99,99,99,0,0,0,1,0
9,90020,2,2,0,0,0,4,4,11,811,8,4,2011,6,22,51,1,11,1,I-395,,14,41.39045278,-72.177933330,0,12,1,0,1,1,1,0,2,1,0,1,0,0000000,22,51,22,54,23,38,0,0,0,1,1
9,90021,1,1,0,0,0,3,3,13,228,10,4,2011,1,2,11,0,13,3,SR-83,,190,41.92011111,-72.452638890,0,42,0,0,1,1,4,0,2,1,0,1,0,0000000,2,11,99,99,99,99,0,0,0,1,1
9,90022,2,2,0,0,0,2,2,5,649,4,4,2011,2,12,26,0,3,2,US-7,,667,41.90372222,-73.364752780,0,12,2,0,1,1,1,0,1,1,0,1,0,0000000,12,26,99,99,99,99,0,0,0,1,0
9,90023,3,3,0,0,0,3,3,3,255,26,4,2011,3,14,23,0,4,3,SR-94,,62,41.71000000,-72.487233330,0,12,8,0,1,1,1,0,1,1,0,1,0,0000000,14,24,14,29,99,99,0,0,0,1,1
9,90024,2,2,0,0,0,2,2,9,640,29,4,2011,6,3,0,1,12,3,SR-8,,188,41.39789167,-73.070191670,0,12,2,0,1,1,1,0,2,1,0,1,0,0000000,3,7,3,11,3,39,0,0,0,1,1
9,90025,3,3,0,0,0,5,5,1,715,24,4,2011,1,22,50,0,14,3,SR-110,@ SC DWY,39,41.25310556,-73.100658330,0,12,99,0,3,3,1,0,3,5,0,5,0,0000000,99,99,99,99,99,99,0,0,0,2,2
9,90026,2,2,0,0,0,6,6,1,460,1,5,2011,1,10,51,1,11,1,I-84,,150,41.41943889,-73.293386110,0,12,1,1,18,1,1,0,1,1,0,1,0,0000000,99,99,99,99,99,99,0,0,0,1,0
9,90027,1,1,0,0,0,1,1,7,380,8,5,2011,1,15,50,1,12,3,SR-9,,214,41.53518889,-72.618825000,0,35,0,0,1,1,4,0,1,1,0,1,0,0000000,15,50,15,54,88,88,0,0,0,1,0
9,90028,5,2,3,0,0,4,4,9,790,10,5,2011,3,15,33,0,14,3,SR-71,,6,41.50036944,-72.816100000,0,53,0,0,1,1,4,0,1,1,0,1,0,0000000,15,33,15,38,16,34,0,0,0,1,0
9,90029,2,2,0,0,0,3,3,13,846,13,5,2011,6,13,39,0,3,3,SR-32,SR-640,430,41.87933056,-72.301233330,0,12,6,0,2,4,1,0,1,1,0,1,0,0000000,13,39,99,99,99,99,0,0,0,1,0
9,90030,1,1,0,0,0,1,1,3,365,20,5,2011,6,2,51,0,15,3,SR-534,PORTER STREET,19,41.76768611,-72.484886110,0,30,0,0,3,3,4,0,3,1,0,1,0,0000000,2,53,2,58,3,11,0,0,0,1,1
9,90031,3,3,0,0,0,3,3,5,286,20,5,2011,6,7,7,0,13,3,SR-4,SPRING HILL ROAD,271,41.78377222,-73.071822220,0,12,2,0,2,2,1,0,1,1,0,1,0,0000000,7,7,99,99,99,99,0,0,0,1,0
9,90032,1,1,0,0,0,2,2,11,710,22,5,2011,1,16,8,0,14,3,SR-184,,104,41.42080000,-71.893394440,0,1,0,0,1,1,1,0,1,1,0,1,0,0000000,16,8,16,20,16,45,0,0,0,2,0
9,90033,1,1,0,0,0,2,2,11,260,28,5,2011,7,1,28,1,11,1,I-95,,988,41.36923333,-72.004050000,0,24,0,0,1,1,3,0,3,1,0,1,0,0000000,1,28,99,99,99,99,0,0,0,1,0
9,90034,2,2,0,0,0,2,2,5,261,3,6,2011,6,6,42,0,3,3,SR-4,,150,41.83487778,-73.269013890,0,12,6,0,4,1,1,0,1,1,0,1,0,0000000,6,42,99,99,88,88,0,0,0,1,0
9,90035,1,1,0,0,0,1,1,5,570,6,6,2011,2,1,48,0,4,6,WEST RIVER ROAD,,14,41.92845556,-73.003238890,0,42,0,0,1,1,4,0,2,1,0,1,0,0000000,1,48,99,99,99,99,0,0,0,1,1
9,90036,2,1,1,0,1,2,3,3,225,22,1,2011,7,4,40,1,12,3,SR-15,@ X90,819,41.75485556,-72.651194440,0,14,0,1,19,1,8,0,3,1,0,1,0,0000000,4,40,4,49,88,88,0,0,0,2,1
9,90037,2,1,1,0,1,1,2,3,237,6,1,2011,5,19,16,1,11,1,I-84,,532,41.70690278,-72.802516670,0,14,0,1,18,1,4,0,3,1,0,1,0,0000000,19,16,19,20,20,3,0,0,0,1,0
9,90038,2,2,0,0,0,2,2,3,435,17,3,2011,5,18,37,1,12,3,SR-9,,384,41.69965000,-72.758052780,0,24,0,1,18,1,4,0,1,1,0,1,0,0000000,18,37,99,99,88,88,0,0,0,1,1
9,90039,1,1,0,0,0,3,3,3,555,30,1,2011,1,2,23,1,11,1,I-84,,494,41.66828889,-72.826472220,0,24,0,0,1,1,3,0,3,1,0,1,0,0000000,2,25,2,29,99,99,0,0,0,1,1
9,90040,2,2,0,0,0,3,3,15,590,27,2,2011,1,7,43,0,15,3,SR-21,,40,41.93030833,-71.867216670,0,12,6,0,1,1,1,0,1,4,0,4,0,0000000,7,40,7,52,8,34,0,0,0,1,0
9,90041,1,1,0,0,0,1,1,15,637,22,3,2011,3,20,53,0,6,6,ZEIGLER ROAD,,7,41.73753611,-72.101211110,0,43,0,0,1,1,4,0,2,1,0,1,0,0000000,20,51,21,2,88,88,0,0,0,1,1
9,90042,4,4,0,0,0,4,4,3,686,22,3,2011,3,22,45,1,11,1,I-291,,14,41.81281389,-72.643019440,0,12,2,0,1,1,1,0,2,1,0,1,0,0000000,10,50,10,52,99,99,0,0,0,1,1
9,90043,1,1,0,0,0,1,1,3,555,16,4,2011,7,1,4,1,11,1,I-84,,494,41.66891389,-72.843930560,0,24,0,1,18,1,3,0,3,1,0,1,0,0000000,1,6,1,14,88,88,0,0,0,1,1
9,90044,3,3,0,0,0,6,6,11,539,16,6,2011,5,15,17,0,15,3,SR-156,,153,41.30847778,-72.255663890,0,1,0,0,1,1,1,0,1,1,0,1,0,0000000,15,17,99,99,99,99,0,0,0,1,1
9,90045,1,1,0,1,1,6,6,1,170,19,6,2011,1,21,38,0,13,6,WEST STREET,MONTGOMERY STREET,2,41.39227500,-73.455480560,0,9,0,0,2,3,1,0,3,1,0,1,0,0000000,99,99,99,99,99,99,16,0,0,1,0
9,90046,5,5,0,0,0,6,6,3,680,19,6,2011,1,3,50,1,11,1,I-84,,415,41.57388056,-72.906100000,0,12,1,0,1,1,1,0,3,1,0,1,0,0000000,3,50,99,99,99,99,19,0,0,1,0
9,90047,2,2,0,0,0,2,2,5,760,20,6,2011,2,16,4,0,13,3,SR-4,,254,41.80175000,-73.091175000,0,12,6,0,1,1,1,0,1,1,0,1,0,0000000,16,4,16,7,16,25,0,0,0,1,0
9,90048,2,2,0,0,0,3,3,1,256,18,6,2011,7,12,34,1,11,1,I-95,,49,41.03747222,-73.589972220,0,54,11,0,1,1,1,0,1,1,0,1,0,0000000,12,38,12,40,12,54,14,0,0,1,0
9,90049,1,1,0,0,0,1,1,3,420,18,6,2011,7,22,44,1,12,3,SR-72,,12,41.66680556,-72.792705560,0,1,0,0,1,1,4,0,3,1,0,1,0,0000000,22,44,99,99,99,99,0,0,0,1,0
9,90050,1,1,0,0,0,4,4,3,660,26,6,2011,1,1,2,0,16,6,OLD MEADOW PLAIN RD,OAK GLEN E JCT,13,41.83409167,-72.845350000,0,59,0,0,2,3,4,0,3,1,0,1,0,0000000,1,4,1,14,1,44,0,0,0,1,1
9,90051,1,1,0,1,1,1,1,3,60,28,6,2011,3,7,27,0,14,3,SR-187,ROCKWELL AVENUE,26,41.81962222,-72.695725000,0,8,0,0,3,2,1,0,1,1,0,1,0,0000000,7,28,99,99,88,88,0,0,0,1,0
9,90052,1,1,0,0,0,1,1,9,502,30,6,2011,5,19,45,1,11,1,I-91,,49,41.35190556,-72.867783330,0,43,0,1,18,1,1,0,1,1,0,1,0,0000000,19,45,99,99,99,99,0,0,0,1,0
9,90053,1,1,0,1,1,3,3,3,90,2,7,2011,7,11,18,0,14,6,CLARK AVENUE,,10,41.68454167,-72.984244440,0,8,0,0,8,1,4,0,1,1,0,1,0,0000000,11,20,11,24,11,52,0,0,0,1,0
9,90054,2,2,0,0,0,3,3,11,263,10,7,2011,1,0,45,0,3,3,SR-138,,96,41.58521944,-71.928197220,0,12,1,0,1,1,1,0,2,1,0,1,0,0000000,0,46,99,99,88,88,0,0,0,1,1
9,90056,4,1,3,1,1,1,1,3,365,17,7,2011,1,1,1,0,14,6,HARTFORD ROAD,,11,41.76445278,-72.540702780,0,9,0,0,1,1,1,0,3,1,0,1,0,0000000,1,1,1,6,99,99,0,0,0,1,1
9,90057,1,1,0,0,0,1,1,11,505,19,2,2011,7,3,20,1,11,1,I-95,,1102,41.42936667,-71.817025000,0,24,0,0,1,1,3,0,2,1,0,1,0,0000000,3,22,3,36,88,88,0,0,0,1,1
9,90058,2,2,0,0,0,4,4,15,573,28,5,2011,7,13,18,0,4,3,SR-244,,49,41.89538611,-71.991630560,0,12,2,0,1,1,1,0,1,1,0,1,0,0000000,13,17,13,25,13,46,0,0,0,1,0
9,90059,2,2,0,0,0,3,3,1,700,18,7,2011,2,19,26,0,14,6,HOPE STREET,,25,41.08118611,-73.521500000,0,12,2,0,1,1,1,0,1,1,0,1,0,0000000,19,26,99,99,99,99,0,0,0,1,1
9,90060,1,1,0,0,0,2,2,1,655,20,7,2011,4,22,34,0,4,3,SR-37,CHAPEL HILL ROAD,131,41.55024167,-73.503944440,0,24,0,0,3,4,4,0,2,1,0,1,0,0000000,22,34,99,99,99,99,0,0,0,1,0
9,90061,2,2,0,0,0,5,5,1,80,19,6,2011,1,1,8,0,13,2,US-1,NOBLE AVENUE,312,41.20064167,-73.183988890,0,12,6,0,2,7,1,0,3,1,0,1,0,0000000,1,8,1,26,1,52,0,0,0,1,1
9,90062,1,1,0,0,0,1,1,15,550,19,7,2011,3,13,28,1,11,1,I-395,,263,41.64217778,-71.935600000,0,42,0,0,1,1,4,0,1,1,0,1,0,0000000,13,32,13,39,88,88,0,0,0,1,0
9,90063,1,1,0,0,0,1,1,1,50,1,7,2011,6,21,17,0,15,6,RESERVOIR STREET,,4,41.36960556,-73.429869440,0,53,0,0,1,1,4,0,2,1,0,1,0,0000000,99,99,99,99,99,99,0,0,0,1,1
9,90064,1,1,0,0,0,1,1,3,280,9,7,2011,7,13,27,1,11,1,I-91,ON TR #829,361,41.73425278,-72.665319440,0,24,0,1,5,1,4,0,1,1,0,1,0,0000000,99,99,99,99,99,99,0,0,0,1,1
9,90065,1,1,0,0,0,1,1,15,12,22,7,2011,6,19,31,0,4,3,SR-89,,158,41.96070000,-72.196844440,0,1,0,1,18,1,1,0,1,1,0,1,0,0000000,19,30,99,99,99,99,0,0,0,1,0
9,90066,1,1,0,0,0,1,1,9,375,26,7,2011,3,22,13,1,11,1,I-84,,285,41.52785556,-73.088361110,0,24,0,0,1,1,4,0,2,1,0,1,0,0000000,22,13,99,99,88,88,0,0,0,1,0
9,90067,2,2,0,0,0,2,2,9,541,13,7,2011,4,8,40,0,14,3,SR-67,,202,41.45997500,-73.155211110,0,12,2,0,1,1,1,0,1,2,0,2,0,0000000,8,40,99,99,99,99,0,0,0,1,0
9,90068,1,1,0,0,0,1,1,7,822,28,7,2011,5,3,17,0,4,3,SR-145,,40,41.32188056,-72.494413890,0,59,0,0,1,1,4,0,2,1,0,1,0,0000000,99,99,99,99,88,88,0,0,0,1,0
9,90069,1,1,0,0,0,1,1,1,610,4,8,2011,5,3,50,0,16,6,KEELER DRIVE,,15,41.37005000,-73.536316670,0,42,0,0,1,1,4,0,2,1,0,1,0,0000000,3,54,4,4,88,88,0,0,0,1,1
9,90070,2,2,0,0,0,5,5,1,841,9,8,2011,3,7,58,1,13,2,US-7,ZION HILL SCHOOL DWY,90,41.21952222,-73.428047220,0,12,6,0,4,1,1,0,1,1,0,1,0,0000000,7,59,8,5,8,26,0,0,0,1,0
9,90071,1,1,0,0,0,1,1,7,230,8,8,2011,2,14,41,1,12,3,SR-9,,34,41.34440556,-72.399377780,0,42,0,0,1,1,3,0,1,1,0,1,0,0000000,14,35,14,46,88,88,0,0,0,1,0
9,90072,2,2,0,0,0,3,3,1,841,11,8,2011,5,21,27,1,13,2,US-7,,121,41.26008333,-73.435977780,0,12,2,0,1,1,1,0,2,1,0,1,0,0000000,21,30,99,99,88,88,0,0,0,1,1
9,90073,2,2,0,0,0,2,2,3,680,25,6,2011,7,21,14,0,15,6,SOUTH END ROAD,MULBERRY STREET,6,41.57427500,-72.871816670,0,12,6,0,2,3,1,0,5,1,0,1,0,0000000,21,15,21,19,21,45,0,0,0,1,0
9,90074,2,2,0,0,0,2,2,3,225,13,8,2011,7,14,52,1,12,3,SR-2,,31,41.73904722,-72.629250000,0,24,0,1,18,1,3,0,1,1,0,1,0,0000000,14,52,15,12,99,99,0,0,0,1,0
9,90075,1,1,0,0,0,1,1,3,237,16,8,2011,3,20,56,0,15,6,NEW BRITAIN AVENUE,,40,41.70725000,-72.860180560,0,33,0,0,1,1,4,0,3,1,0,1,0,0000000,20,59,21,4,22,4,0,0,0,1,0
9,90076,2,2,0,0,0,3,3,3,823,19,8,2011,6,10,55,1,11,1,I-84,,562,41.72704444,-72.759025000,0,12,7,1,18,1,1,0,1,1,0,1,0,0000000,10,55,11,4,99,99,0,0,0,1,0
9,90077,1,1,0,0,0,2,2,13,775,19,8,2011,6,17,9,1,1,1,I-84,,971,42.02207222,-72.147047220,0,1,0,1,18,1,4,0,1,1,0,1,0,0000000,17,9,99,99,99,99,0,0,0,1,0
9,90078,2,2,0,0,0,5,5,11,787,26,8,2011,6,15,26,0,3,3,SR-138,SR-165,148,41.57338611,-71.833780560,0,1,0,0,2,3,1,0,1,1,0,1,0,0000000,14,2,99,99,99,99,0,0,0,1,0
9,90079,2,2,0,0,0,2,2,9,825,31,8,2011,4,8,40,0,14,6,FIRST AVENUE,@ DWY TO #51,4,41.27015278,-72.934708330,0,12,6,0,4,1,1,0,1,1,0,1,0,0000000,8,40,8,41,99,99,0,0,0,1,0
9,90080,1,1,0,0,0,1,1,9,410,27,8,2011,7,3,9,0,16,6,OSBORN ROAD,,4,41.47568056,-73.030950000,0,33,0,0,1,1,4,0,3,1,0,1,0,0000000,3,9,99,99,99,99,0,0,0,1,1
9,90081,1,1,0,0,0,1,1,11,260,12,8,2011,6,21,28,0,14,3,SR-184,,58,41.38924722,-71.970672220,0,24,0,0,1,1,4,0,3,1,0,1,0,0000000,21,30,21,38,22,35,0,0,0,1,1
9,90082,1,1,0,1,1,1,1,1,235,22,8,2011,2,15,41,0,16,6,ROWLAND ROAD,PAULDING STREET,2,41.13762222,-73.251030560,0,9,0,0,2,2,1,0,1,1,0,1,0,0000000,15,41,15,45,16,6,0,0,0,1,0
9,90083,1,1,0,0,0,1,1,7,217,7,8,2011,1,18,31,0,6,6,E HADDAM COLCHESTER TPKE,,8,41.50691944,-72.411522220,0,59,0,0,1,1,4,0,1,1,0,1,0,0000000,99,99,99,99,88,88,0,0,0,1,1
9,90084,1,1,0,1,1,2,2,3,225,1,9,2011,5,17,20,0,14,2,US-44,,574,41.78033333,-72.604063890,0,9,0,0,1,1,1,0,1,1,0,1,0,0000000,99,99,99,99,99,99,21,0,0,1,1
9,90085,1,1,0,0,0,1,1,5,286,7,9,2011,4,6,1,0,4,3,SR-222,SR-118,81,41.76721944,-73.085744440,0,35,0,0,3,3,4,0,3,2,0,2,0,0000000,6,1,99,99,88,88,0,0,0,1,1
9,90086,1,1,0,0,0,2,2,15,215,10,9,2011,7,0,47,0,3,2,US-44,,888,41.86979722,-72.054188890,0,42,0,0,1,1,4,0,2,1,0,1,0,0000000,0,51,0,57,88,88,0,0,0,2,1
9,90087,3,3,0,0,0,4,4,9,538,12,9,2011,2,12,21,0,14,3,SR-121,CRANBERRY LANE #1,42,41.29005000,-73.041125000,0,12,1,0,2,4,1,0,1,1,0,1,0,0000000,12,22,12,24,12,53,0,0,0,1,0