STATE,ST_CASE,VE_TOTAL,VE_FORMS,PVH_INVL,PEDS,PERNOTMVIT,PERMVIT,PERSONS,COUNTY,CITY,DAY,MONTH,YEAR,DAY_WEEK,HOUR,MINUTE,NHS,ROAD_FNC,ROUTE,TWAY_ID,TWAY_ID2,MILEPT,LATITUDE,LONGITUD,SP_JUR,HARM_EV,MAN_COLL,RELJCT1,RELJCT2,TYP_INT,REL_ROAD,WRK_ZONE,LGT_COND,WEATHER1,WEATHER2,WEATHER,SCH_BUS,RAIL,NOT_HOUR,NOT_MIN,ARR_HOUR,ARR_MIN,HOSP_HR,HOSP_MN,CF1,CF2,CF3,FATALS,DRUNK_DR
9,90088,1,1,0,0,0,1,1,15,590,16,9,2011,6,15,50,0,16,6,OLD CONN 91,WEST THOMPSON ROAD,1,41.92967500,-71.927722220,0,35,0,0,3,4,4,3,1,1,0,1,0,0000000,16,1,16,5,88,88,0,0,0,1,0
9,90089,1,1,0,0,0,3,3,9,810,2,4,2011,7,3,32,0,16,6,MILL STREET,,0,41.54579167,-73.036975000,0,33,0,0,1,1,4,0,3,1,0,1,0,0000000,3,32,3,34,99,99,0,0,0,1,1
9,90090,1,1,0,0,0,1,1,3,258,22,4,2011,6,20,5,0,14,3,SR-189,,158,41.98614167,-72.823030560,0,24,0,0,1,1,4,0,5,1,0,1,0,0000000,20,11,20,18,88,88,0,0,0,1,1
9,90091,1,1,0,0,0,2,2,13,64,16,5,2011,2,12,17,1,13,2,US-6,,782,41.78326944,-72.429644440,0,30,0,0,1,1,4,0,1,2,0,2,0,0000000,12,15,12,19,13,7,0,0,0,1,0
9,90092,2,2,0,0,0,6,6,1,185,7,5,2011,7,6,12,1,11,1,I-95,,106,41.06779444,-73.493638890,0,12,6,1,18,1,1,0,1,1,0,1,0,0000000,6,12,6,19,7,3,0,0,0,2,1
9,90093,1,1,0,0,0,1,1,13,64,28,5,2011,7,5,38,0,5,3,SR-85,,331,41.73203056,-72.434933330,0,42,0,0,1,1,4,0,4,5,0,5,0,0000000,5,38,5,44,88,88,0,0,0,1,1
9,90094,2,2,0,0,0,4,4,9,825,30,5,2011,2,21,48,1,11,1,I-95,,429,41.26340833,-72.983880560,0,25,0,0,1,1,3,0,3,1,0,1,0,0000000,21,49,21,55,22,26,0,0,0,1,0
9,90095,2,2,0,0,0,3,3,9,810,8,6,2011,4,15,22,0,14,3,SR-847,,45,41.56706667,-73.054877780,0,12,2,0,1,1,1,0,1,1,0,1,0,0000000,15,22,15,23,99,99,0,0,0,1,0
9,90096,2,2,0,0,0,3,3,3,90,15,6,2011,4,18,44,0,13,3,SR-229,WOODLAND ST #1,54,41.68257500,-72.923622220,0,12,6,0,2,4,1,0,1,5,2,2,0,0000000,18,44,99,99,99,99,0,0,0,1,0
9,90097,1,1,0,0,0,1,1,9,810,18,6,2011,7,1,50,1,12,3,SR-8 SB ENT RMP# 080,HUNTINGDON AVENUE,5,41.58140000,-73.053202780,0,33,0,1,3,3,4,0,3,1,0,1,0,0000000,1,52,1,54,88,88,0,0,0,1,1
9,90098,1,1,0,0,0,1,1,3,90,6,6,2011,2,2,1,0,14,6,REDSTONE HILL ROAD,,1,41.65759722,-72.888594440,0,53,0,0,1,1,4,0,3,1,0,1,0,0000000,2,1,99,99,99,99,0,0,0,1,1
9,90099,1,1,0,0,0,1,1,9,538,16,7,2011,7,12,25,1,12,3,SR-15,@ SB X58 RMP#112,431,41.30834722,-73.033022220,0,43,0,1,5,1,8,0,1,1,0,1,0,0000000,12,25,12,28,88,88,20,19,0,1,0
9,90100,2,2,0,0,0,5,5,7,380,24,7,2011,1,2,25,0,13,3,SR-17,HIGHLAND STREET,204,41.53681944,-72.654972220,0,12,6,0,2,4,1,0,3,1,0,1,0,0000000,2,25,99,99,99,99,0,0,0,1,2
9,90101,1,1,0,0,0,1,1,1,170,29,7,2011,6,1,35,0,14,6,FRANKLIN STREET EXT,,11,41.40662222,-73.489125000,0,42,0,0,1,1,4,0,2,1,0,1,0,0000000,1,35,99,99,88,88,0,0,0,1,1
9,90102,1,1,0,0,0,2,2,11,584,3,10,2011,2,5,1,0,6,6,BRICKYARD ROAD,,18,41.50832222,-72.034511110,0,42,0,0,1,1,4,0,2,2,0,2,0,0000000,5,1,99,99,99,99,0,0,0,1,1
9,90103,1,1,0,0,0,1,1,7,580,13,7,2011,4,21,38,0,16,6,AIRLINE AVENUE,,2,41.56739167,-72.638783330,0,43,0,0,1,1,4,0,1,1,0,1,0,0000000,21,40,21,44,99,99,0,0,0,1,0
9,90104,1,1,0,0,0,1,1,3,686,6,10,2011,5,14,6,0,16,6,PIERCE ROAD,,0,41.83813889,-72.559066670,0,53,0,0,1,1,4,0,1,1,0,1,0,0000000,14,6,14,7,14,55,0,0,0,1,0
9,90105,1,1,0,0,0,1,1,9,585,17,10,2011,2,9,45,0,15,6,SUMMIT ROAD,,7,41.51473611,-72.972708330,0,42,0,0,1,1,4,0,1,1,0,1,0,0000000,9,46,9,47,10,15,0,0,0,1,0
9,90106,1,1,0,0,0,1,1,9,810,27,9,2011,3,20,11,0,13,3,SR-73,,15,41.58654722,-73.079444440,0,30,0,0,1,1,4,0,3,1,0,1,0,0000000,20,11,20,18,99,99,0,0,0,1,0
9,90107,2,2,0,0,0,2,2,3,365,18,10,2011,3,7,3,0,16,6,HILLIARD STREET,REGENT STREET,15,41.79224167,-72.529894440,0,12,6,0,2,3,1,0,1,1,0,1,0,0000000,7,5,7,12,88,88,0,0,0,1,0
9,90108,1,1,0,0,0,1,1,11,140,20,10,2011,5,8,25,1,1,3,SR-11,,148,41.52486944,-72.306472220,0,42,0,0,1,1,3,0,1,5,0,5,0,0000000,8,24,8,29,88,88,0,0,0,1,0
9,90109,2,2,0,0,0,2,2,13,293,29,10,2011,7,13,47,0,4,3,SR-85,,223,41.61844444,-72.344152780,0,12,6,0,1,1,1,0,1,4,0,4,0,0000000,13,23,13,25,13,55,0,0,0,1,0
9,90110,2,2,0,0,0,3,3,15,843,19,10,2011,4,17,3,0,13,3,SR-32,,250,41.67298056,-72.165944440,0,12,6,0,1,1,1,0,1,2,0,2,0,0000000,16,46,16,50,99,99,0,0,0,2,0
9,90111,1,1,0,0,0,1,1,13,228,6,10,2011,5,1,59,0,4,3,SR-140,,195,41.93382222,-72.351769440,0,42,0,0,1,1,4,0,2,1,0,1,0,0000000,1,59,99,99,99,99,0,0,0,1,0
9,90112,1,1,0,0,0,1,1,15,843,6,11,2011,1,2,35,1,12,2,US-6,,929,41.73480556,-72.182491670,0,59,0,0,1,1,3,0,2,1,0,1,0,0000000,2,30,2,39,88,88,0,0,0,1,1
9,90113,1,1,0,0,0,10,10,1,170,7,11,2011,2,0,15,1,11,1,I-84,,29,41.38346944,-73.485580560,0,1,0,0,1,1,4,0,3,1,0,1,0,0000000,0,15,99,99,99,99,0,0,0,2,0
9,90114,1,1,0,1,1,1,1,9,430,15,1,2011,7,0,14,0,16,6,FRONT STREET,,8,41.31071389,-72.889025000,0,9,0,0,1,1,1,0,3,1,0,1,0,0000000,99,99,99,99,99,99,0,0,0,1,0
9,90115,1,1,0,1,1,2,2,15,858,4,9,2011,1,22,41,0,4,3,SR-171,,178,41.93264722,-71.953013890,0,8,0,0,1,1,1,0,2,1,0,1,0,0000000,22,41,22,42,23,3,0,0,0,1,0
9,90116,2,2,0,0,0,3,3,9,267,9,11,2011,4,15,53,1,12,3,SR-15,,494,41.36078611,-72.935077780,0,24,0,0,1,1,3,0,1,1,0,1,0,0000000,15,53,16,3,88,88,0,0,0,2,0
9,90117,2,2,0,0,0,2,2,15,215,16,11,2011,4,5,53,0,6,6,WESTFORD ROAD,ASHFORD ROAD,21,41.90762500,-72.115241670,0,12,6,0,2,2,1,0,2,2,0,2,0,0000000,5,53,6,5,88,88,0,0,0,1,0
9,90118,1,1,0,0,0,1,1,3,258,4,6,2011,7,99,99,0,6,6,COPPER HILL ROAD,,0,41.97411667,-72.767441670,0,53,0,0,1,1,4,0,1,1,0,1,0,0000000,14,11,14,19,14,54,0,0,0,1,0
9,90119,1,1,0,0,0,1,1,7,380,6,8,2011,7,18,43,1,11,1,I-91,,232,41.57063889,-72.724330560,0,42,0,1,18,1,3,0,1,1,0,1,0,0000000,18,43,18,48,88,88,0,0,0,1,0
9,90120,1,1,0,0,0,4,4,3,680,14,8,2011,1,2,33,1,11,1,I-84,,406,41.56027222,-72.916405560,0,30,0,1,18,1,4,0,3,2,0,2,0,0000000,2,34,2,50,99,99,0,0,0,1,1
9,90121,1,1,0,0,0,1,1,3,420,9,10,2011,1,16,28,1,11,1,I-84,,505,41.67103611,-72.822758330,0,24,0,1,18,1,4,0,1,1,0,1,0,0000000,16,28,16,44,17,0,0,0,0,1,0
9,90122,1,1,0,0,0,1,1,3,280,30,10,2011,1,4,11,1,11,1,I-91,,367,41.74771944,-72.660322220,0,24,0,0,1,1,3,0,9,99,0,99,0,0000000,6,55,7,7,88,88,0,0,0,1,1
9,90123,1,1,0,0,0,1,1,1,765,24,7,2011,1,12,53,1,12,3,SR-8,,46,41.22463056,-73.170322220,0,1,0,1,18,1,1,0,1,1,0,1,0,0000000,12,54,99,99,99,99,0,0,0,1,0
9,90124,1,1,0,0,0,3,3,1,256,11,8,2011,5,3,46,1,11,1,I-95,@SB X3 RMP# 005,24,41.01944722,-73.629316670,0,20,0,1,18,1,1,1,3,1,0,1,0,0000000,3,46,99,99,99,99,0,0,0,1,1
9,90125,1,1,0,0,0,2,2,1,510,3,9,2011,7,0,21,1,12,3,SR-15,,177,41.14291944,-73.424497220,0,24,0,1,18,1,3,0,2,1,0,1,0,0000000,99,99,99,99,88,88,0,0,0,2,1
9,90126,2,2,0,0,0,2,2,1,765,20,5,2011,6,11,33,1,12,3,SR-25,,91,41.28300278,-73.220950000,0,12,1,0,1,1,1,0,1,1,0,1,0,0000000,99,99,99,99,99,99,0,0,0,1,0
9,90127,2,1,1,0,1,1,2,9,385,31,7,2011,1,10,13,1,11,1,I-95,,370,41.22627222,-73.076280560,0,14,0,1,18,1,2,0,1,1,0,1,0,0000000,10,15,10,23,11,0,0,0,0,1,0
9,90128,1,1,0,0,0,1,1,3,229,31,10,2011,2,18,51,0,16,6,HERON ROAD,,2,41.98793333,-72.516225000,0,1,0,0,1,1,1,0,2,1,0,1,0,0000000,18,51,18,54,99,99,0,0,0,1,1
9,90129,2,2,0,1,1,2,2,15,99,3,11,2011,5,18,45,1,13,2,US-6,DAY STREET,1103,41.79994722,-71.898622220,0,8,0,0,2,2,1,0,5,1,0,1,0,0000000,18,45,18,46,19,22,0,0,0,1,0
9,90130,2,2,0,0,0,2,2,15,749,2,11,2011,4,13,28,0,14,3,SR-12,,492,41.95973889,-71.885558330,0,12,6,0,4,1,1,0,1,1,0,1,0,0000000,13,30,13,40,14,5,0,0,0,1,0
9,90131,2,2,0,0,0,3,3,3,686,20,11,2011,1,1,52,1,11,1,I-291,,37,41.80341667,-72.600244440,0,12,7,0,1,1,1,0,3,1,0,1,0,0000000,1,52,1,58,99,99,0,0,0,1,1
9,90132,1,1,0,0,0,2,2,9,430,19,11,2011,7,0,26,0,13,3,SR-10,@ I-95 OP,1,41.28395556,-72.934544440,0,21,0,0,1,1,4,0,3,1,0,1,0,0000000,0,26,99,99,99,99,0,0,0,1,0
9,90133,1,1,0,1,1,2,2,13,151,18,11,2011,6,19,30,1,2,2,US-6,,871,41.72254167,-72.291641670,0,8,0,0,1,1,2,0,2,1,0,1,0,0000000,19,24,19,30,19,36,0,0,0,1,0
9,90134,1,1,0,0,0,3,3,11,440,19,6,2011,1,0,24,0,16,6,VAUXHALL STREET,CHANNING STREET,13,41.36089444,-72.104066670,0,42,0,0,1,1,4,0,3,1,0,1,0,0000000,0,26,0,29,0,46,0,0,0,2,1
9,90135,2,2,0,0,0,3,3,11,219,6,10,2011,5,4,17,1,11,1,I-95,,885,41.37406944,-72.195388890,0,12,1,1,19,1,2,0,3,1,0,1,0,0000000,4,17,99,99,99,99,0,0,0,1,0
9,90136,2,2,0,0,0,3,3,1,80,13,10,2011,5,17,20,0,14,6,MAIN STREET,CHARRON STREET & CDR,24,41.21687500,-73.213755560,0,12,6,0,8,1,1,0,1,1,0,1,0,0000000,99,99,99,99,99,99,0,0,0,1,0
9,90137,2,2,0,0,0,4,4,3,280,17,3,2011,5,11,44,0,16,6,HAWTHORNE STREET,SOUTH MARSHALL STREET,3,41.76341667,-72.698755560,0,12,6,0,2,3,1,0,1,1,0,1,0,0000000,11,44,11,50,12,5,0,0,0,1,0
9,90138,2,2,0,0,0,2,2,3,46,2,4,2011,7,23,6,0,3,3,SR-71,,57,41.56588333,-72.808075000,0,12,6,0,1,1,1,0,2,1,0,1,0,0000000,23,13,23,14,23,37,0,0,0,1,1
9,90139,1,1,0,0,0,1,1,1,425,13,5,2011,6,22,35,0,14,6,PONUS RIDGE ROAD,,37,41.16257500,-73.539327780,0,35,0,0,1,1,4,0,2,1,0,1,0,0000000,22,35,22,45,23,20,0,0,0,1,1
9,90140,1,1,0,1,1,2,2,3,280,12,5,2011,5,14,6,0,16,6,POPE PARK DRIVE,,2,41.75435556,-72.697480560,0,8,0,0,1,1,1,0,1,1,0,1,0,0000000,14,6,99,99,14,28,0,0,0,1,0
9,90141,1,1,0,1,1,1,1,9,222,2,9,2011,6,21,14,0,15,6,COE AVENUE,,1,41.25985000,-72.873036110,0,8,0,0,1,1,2,0,2,1,0,1,0,0000000,21,15,21,15,21,24,0,0,0,1,1
9,90142,1,1,0,1,1,1,1,7,220,10,9,2011,7,19,29,0,13,3,SR-66,@CDR TO S&S SC,162,41.58310556,-72.504158330,0,8,0,0,3,3,1,0,5,1,0,1,0,0000000,19,29,19,38,19,47,0,0,0,1,0
9,90143,1,1,0,0,0,1,1,9,360,4,10,2011,3,17,38,0,3,3,SR-79,,105,41.41814167,-72.655183330,0,24,0,0,1,1,4,0,1,2,0,2,0,0000000,17,39,17,53,88,88,0,0,0,1,1
9,90144,1,1,0,0,0,1,1,9,370,17,10,2011,2,7,53,1,11,1,I-91,,176,41.50338889,-72.769533330,0,42,0,0,1,1,4,0,1,1,0,1,0,0000000,7,53,8,1,88,88,0,0,0,1,0
9,90145,1,1,0,1,1,1,1,9,810,15,9,2011,5,2,10,0,14,3,SR-844,,22,41.55388611,-72.968319440,0,8,0,0,1,1,1,0,2,1,0,1,0,0000000,1,52,1,54,2,47,0,0,0,1,0
9,90146,4,4,0,0,0,4,4,3,280,25,10,2011,3,18,39,0,13,6,MAIN STREET,ANTHENEUM SQUARE NORTH,6,41.76408889,-72.673825000,0,12,6,0,2,2,1,0,1,1,0,1,0,0000000,18,39,18,40,99,99,0,0,0,1,0
9,90147,3,2,1,0,1,2,3,11,260,20,5,2011,6,14,12,0,13,3,SR-12,GUNGYWAMP RD,14,41.38143333,-72.076786110,0,12,1,0,3,2,1,0,1,1,0,1,0,0000000,99,99,99,99,99,99,0,0,0,1,0
9,90148,1,1,0,0,0,1,1,3,420,17,4,2011,1,2,31,0,14,6,CORBIN AVENUE,,1,41.66721389,-72.806647220,0,30,0,0,1,1,4,0,3,2,0,2,0,0000000,99,99,99,99,99,99,0,0,0,1,0
9,90149,1,1,0,1,1,1,1,3,280,4,6,2011,7,16,18,0,16,6,FLATBUSH AVENUE,,2,41.74443333,-72.697244440,0,9,0,0,1,1,1,0,1,1,0,1,0,0000000,16,18,16,22,16,39,0,0,0,1,0
9,90150,1,1,0,0,0,1,1,9,222,27,6,2011,2,1,9,0,13,2,US-1,@ I-95 SB ENT RMP #166,507,41.28779722,-72.883816670,0,33,0,1,19,1,8,0,3,1,0,1,0,0000000,1,8,1,14,1,48,0,0,0,1,0
9,90151,1,1,0,0,0,1,1,11,520,29,7,2011,6,1,53,0,15,3,SR-660,,0,41.59585000,-72.050355560,0,1,0,0,1,1,4,0,3,1,0,1,0,0000000,1,53,2,0,99,99,0,0,0,1,1
9,90152,2,2,0,0,0,2,2,3,46,31,10,2011,2,9,44,1,13,3,SR-15,ORCHARD ROAD,695,41.59769167,-72.754869440,0,12,6,0,4,1,1,0,1,1,0,1,0,0000000,9,56,10,13,10,41,0,0,0,1,0
9,90153,1,1,0,1,1,5,5,3,435,3,11,2011,5,18,30,1,13,3,SR-15,@ N DWY TO DOT,753,41.67511944,-72.714722220,0,8,0,0,8,1,1,0,2,1,0,1,0,0000000,18,30,18,34,88,88,0,0,0,1,0
9,90154,1,1,0,1,1,1,1,3,225,14,11,2011,2,18,27,0,14,2,US-44,,560,41.77563333,-72.628602780,0,9,0,0,1,1,1,0,3,1,0,1,0,0000000,18,27,99,99,99,99,0,0,0,1,0
9,90155,1,1,0,0,0,1,1,1,715,15,11,2011,3,22,18,0,13,3,SR-110,,18,41.22425833,-73.114844440,0,33,0,0,1,1,4,0,3,1,0,1,0,0000000,99,99,99,99,99,99,0,0,0,1,1
9,90156,1,1,0,1,1,1,1,1,170,22,11,2011,3,17,39,0,13,6,WHITE STREET,,5,41.39943889,-73.445175000,0,8,0,0,1,1,1,0,2,2,0,2,0,0000000,17,39,17,44,18,0,0,0,0,1,0
9,90157,1,1,0,1,1,1,1,15,840,25,2,2011,6,19,31,0,13,3,SR-32,SR-661 & SOUTH ST,286,41.70916944,-72.209983330,0,9,0,0,2,2,1,0,3,11,0,11,0,0000000,19,31,99,99,99,99,0,0,0,1,0
9,90158,1,1,0,1,1,1,1,1,80,4,4,2011,2,11,35,0,14,3,SR-700,,15,41.17130833,-73.212216670,0,8,0,0,1,1,1,0,1,1,0,1,0,0000000,11,35,11,36,12,7,0,0,0,1,0
9,90159,1,1,0,0,0,1,1,5,817,5,5,2011,5,17,53,0,3,3,SR-63,,284,41.65983611,-73.155380560,0,24,0,0,1,1,4,0,1,1,0,1,0,0000000,17,54,18,2,99,99,0,0,0,1,1
9,90160,2,2,0,0,0,3,3,5,740,11,7,2011,2,12,17,0,13,2,US-6,@ COMMERCIAL DWY,385,41.65624167,-73.090719440,0,12,6,0,2,3,1,0,1,1,0,1,0,0000000,12,17,12,21,12,47,0,0,0,1,0
9,90161,1,1,0,0,0,2,2,3,365,9,10,2011,1,4,45,0,13,3,SR-83,LAKEWOOD CIRCLE SOUTH,61,41.75530000,-72.520319440,0,31,0,0,3,2,4,0,3,1,0,1,0,0000000,5,5,5,13,99,99,0,0,0,1,0
9,90162,1,1,0,2,2,1,1,1,80,28,5,2011,7,23,7,0,16,6,UNION AVENUE,,6,41.18098889,-73.165011110,0,8,0,0,1,1,1,0,2,1,0,1,0,0000000,23,11,23,18,23,31,0,0,0,1,0
9,90163,2,2,0,0,0,2,2,9,267,18,5,2011,4,13,32,0,14,6,RIDGE ROAD,,9,41.34733889,-72.901750000,0,12,2,0,1,1,1,0,1,1,0,1,0,0000000,99,99,99,99,99,99,0,0,0,1,0
9,90164,1,1,0,0,0,1,1,1,835,7,11,2011,2,1,11,1,11,1,I-95,@ SB OFF RAMP #062 (X18),205,41.12163889,-73.329322220,0,42,0,1,5,1,4,0,3,1,0,1,0,0000000,1,17,1,28,88,88,0,0,0,1,1
9,90165,1,1,0,0,0,1,1,1,235,21,11,2011,2,11,26,1,12,3,SR-15,,252,41.18987500,-73.300344440,0,24,0,0,1,1,3,0,1,1,0,1,0,0000000,11,27,11,36,88,88,0,0,0,1,0
9,90166,2,2,0,0,0,2,2,3,237,23,11,2011,4,9,12,1,13,2,US-6,,536,41.71152778,-72.832805560,0,12,6,0,1,1,1,0,1,1,0,1,0,0000000,9,14,9,19,9,44,0,0,0,1,0
9,90167,2,2,0,0,0,2,2,3,225,26,11,2011,7,3,37,1,12,3,SR-15,,829,41.76074722,-72.637758330,0,12,2,1,18,1,1,0,3,1,0,1,0,0000000,3,37,99,99,99,99,0,0,0,1,1
9,90168,3,3,0,0,0,8,8,3,369,26,11,2011,7,14,26,0,2,3,SR-66,BLACKLEDGE DRIVE,219,41.64313889,-72.437780560,0,12,1,0,3,2,1,0,1,1,0,1,0,0000000,14,26,14,34,88,88,0,0,0,1,1
9,90169,1,1,0,1,1,1,1,13,713,22,3,2011,3,20,9,0,19,6,HILLSIDE ROAD,ALUMNI DRIVE,0,41.80823333,-72.258119440,4,8,0,0,2,3,1,0,3,1,0,1,0,0000000,20,9,20,10,88,88,0,0,0,1,0
9,90170,1,1,0,0,0,1,1,9,810,12,7,2011,3,20,50,0,14,3,SR-847,,58,41.58685833,-73.049847220,0,30,0,0,1,1,4,0,3,1,0,1,0,0000000,20,50,20,55,99,99,0,0,0,1,0
9,90171,1,1,0,1,1,2,2,5,850,2,12,2011,6,16,40,0,14,3,SR-183,,66,41.89315000,-73.066355560,0,8,0,0,1,1,1,0,2,1,0,1,0,0000000,16,40,99,99,99,99,0,0,0,1,0
9,90172,1,1,0,1,1,1,1,7,205,7,12,2011,4,16,54,0,13,3,SR-17,PARSONS LANE PVT,168,41.48988056,-72.680952780,0,8,0,0,3,3,1,0,3,2,0,2,0,0000000,16,52,16,58,17,28,0,0,0,1,1
9,90173,1,1,0,0,0,2,2,9,430,10,12,2011,7,2,58,1,11,1,I-91,,19,41.31859444,-72.897294440,0,23,0,1,18,1,4,0,3,1,0,1,0,0000000,2,58,3,7,99,99,0,0,0,1,1
9,90174,2,2,0,1,1,2,2,3,225,6,1,2011,5,18,45,0,14,2,US-44,WALNUT STREET,581,41.78286944,-72.591797220,0,8,0,0,3,3,1,0,3,1,0,1,0,0000000,18,45,18,45,99,99,0,0,0,1,0
9,90175,1,1,0,0,0,2,2,5,236,12,12,2011,2,12,50,0,4,3,SR-63,,493,41.93225000,-73.290447220,0,30,0,0,1,1,4,0,1,1,0,1,0,0000000,12,50,13,0,88,88,0,0,0,2,1
9,90176,1,1,0,0,0,1,1,1,700,15,12,2011,5,9,46,1,12,3,SR-15,,82,41.10065000,-73.590141670,0,59,0,0,1,1,4,0,1,1,0,1,0,0000000,9,48,10,1,11,38,0,0,0,1,0
9,90177,1,1,0,0,0,2,2,1,650,18,12,2011,1,1,31,0,12,3,SR-8,,116,41.30689167,-73.098463890,0,24,0,0,1,1,3,0,3,1,0,1,0,0000000,1,31,99,99,99,99,0,0,0,2,1
9,90178,2,1,1,0,1,1,2,1,650,18,12,2011,1,5,0,1,12,3,SR-8,,113,41.30277222,-73.100361110,0,45,0,1,18,1,1,2,3,1,0,1,0,0000000,5,5,5,25,99,99,19,0,0,1,1
9,90179,2,2,0,0,0,3,3,3,46,19,12,2011,2,16,13,0,14,3,SR-160,@ CDR TO SC,3,41.64254167,-72.727475000,0,12,6,0,4,1,1,0,1,1,0,1,0,0000000,99,99,99,99,99,99,0,0,0,1,0
9,90180,2,2,0,1,1,2,2,1,510,23,12,2011,6,0,34,1,12,2,US-7,,7,41.11075833,-73.418833330,0,8,0,0,1,1,1,0,2,2,0,2,0,0000000,99,99,99,99,99,99,0,0,0,1,0
9,90181,1,1,0,1,1,1,1,9,538,21,12,2011,4,16,58,1,11,1,I-95,NB OFF RMP #351 (X41),415,41.25043056,-73.003000000,0,8,0,1,5,1,1,0,3,2,0,2,0,0000000,17,4,17,9,88,88,0,0,0,1,0
9,90182,1,1,0,0,0,2,2,1,425,22,12,2011,5,22,26,0,15,6,PONUS RIDGE ROAD,,43,41.17006111,-73.542636110,0,53,0,0,1,1,4,0,2,1,0,1,0,0000000,22,28,22,36,88,88,0,0,0,1,1
9,90183,1,1,0,0,0,3,3,1,605,25,12,2011,1,12,40,0,6,6,MARCHANT ROAD,,9,41.31373889,-73.443861110,0,35,0,0,1,1,4,0,1,1,0,1,0,0000000,12,41,12,45,13,22,0,0,0,1,0
9,90184,1,1,0,0,0,2,2,7,220,25,12,2011,1,20,0,0,6,6,WOPOWOG ROAD,,24,41.54725833,-72.485819440,0,42,0,0,1,1,4,0,2,1,0,1,0,0000000,20,1,20,5,20,27,0,0,0,1,0
9,90185,1,1,0,0,0,1,1,13,64,26,12,2011,2,6,14,1,13,2,US-6,,784,41.78100278,-72.422266670,0,35,0,0,1,1,4,0,2,1,0,1,0,0000000,6,14,99,99,88,88,0,0,0,1,0
9,90186,1,1,0,0,0,1,1,5,760,16,12,2011,6,22,32,0,15,6,NEWFIELD ROAD,,21,41.84844722,-73.124127780,0,24,0,0,1,1,4,0,2,1,0,1,0,0000000,22,32,22,39,88,88,0,0,0,1,0
9,90187,1,1,0,0,0,1,1,3,255,28,12,2011,4,15,53,1,12,3,SR-2,,44,41.72703889,-72.611847220,0,34,0,1,18,1,4,0,1,1,0,1,0,0000000,16,3,16,13,16,34,0,0,0,1,0
9,90188,2,2,0,0,0,3,3,1,715,29,12,2011,5,9,16,0,14,3,SR-108,LAWLOR TERRACE,21,41.22475278,-73.151463890,0,12,6,0,2,2,1,0,1,1,0,1,0,0000000,99,99,99,99,99,99,0,0,0,1,0
9,90189,1,1,0,0,0,2,2,1,170,19,12,2011,2,20,18,0,14,2,US-6,,2,41.39186389,-73.536955560,0,24,0,0,1,1,4,0,2,1,0,1,0,0000000,99,99,99,99,99,99,0,0,0,1,0
9,90190,1,1,0,0,0,2,2,3,46,14,7,2011,5,18,29,1,12,3,SR-9,,327,41.62871389,-72.749588890,0,24,0,0,1,1,4,0,1,1,0,1,0,0000000,18,29,99,99,99,99,0,0,0,2,1
9,90191,1,1,0,0,0,1,1,3,435,24,7,2011,1,5,37,0,16,3,SR-424,SR-175,0,41.69805833,-72.705361110,0,1,0,0,2,3,1,0,1,2,0,2,0,0000000,5,42,5,50,88,88,0,0,0,1,0
9,90192,2,2,0,0,0,2,2,1,765,6,9,2011,3,10,9,0,16,6,EDISON ROAD,WILLIAMS ROAD,12,41.23493611,-73.218094440,0,12,6,0,2,3,1,0,1,2,0,2,0,0000000,10,9,10,15,10,55,0,0,0,1,0
9,90193,1,1,0,0,0,1,1,9,430,22,7,2011,6,15,30,0,13,6,MIDDLETOWN AVENUE,FERRY STREET,7,41.31872500,-72.897586110,0,38,0,0,3,4,4,0,1,1,0,1,0,0000000,15,42,15,42,88,88,0,0,0,1,0
9,90194,1,1,0,1,1,1,1,9,430,20,9,2011,3,22,13,0,13,3,SR-80,,2,41.32281944,-72.878944440,0,8,0,0,1,1,1,0,3,1,0,1,0,0000000,22,14,22,18,22,33,0,0,0,1,0
9,90195,1,1,0,0,0,1,1,9,430,1,9,2011,5,21,0,0,14,6,ORCHARD STREET,,7,41.31123611,-72.941161110,0,33,0,0,1,1,4,0,3,1,0,1,0,0000000,20,59,21,3,21,14,0,0,0,1,0
9,90196,1,1,0,1,1,1,1,1,80,6,12,2011,3,19,7,0,14,3,SR-130,SR-770,21,41.16841944,-73.215388890,0,8,0,0,3,4,1,0,3,1,0,1,0,0000000,19,7,19,15,19,46,0,0,0,1,0
9,90197,2,2,0,1,1,2,2,1,80,13,8,2011,7,0,49,0,16,6,PINE STREET,,5,41.16643333,-73.204308330,0,12,1,0,1,1,1,0,3,1,0,1,0,0000000,99,99,99,99,99,99,0,0,0,1,0
9,90198,1,1,0,0,0,1,1,1,425,27,8,2011,7,7,7,1,12,3,SR-15,,137,41.11640278,-73.492880560,0,59,0,0,1,1,4,0,1,1,0,1,0,0000000,7,11,7,17,7,56,0,0,0,1,1
9,90199,1,1,0,1,1,1,1,11,260,6,12,2011,3,14,33,0,13,2,US-1,VERGENNES COURT,1056,41.34637222,-72.027263890,0,8,0,0,2,3,1,0,1,1,0,1,0,0000000,99,99,99,99,99,99,0,0,0,1,0
9,90200,2,2,0,0,0,2,2,1,185,16,11,2011,4,17,30,0,13,3,SR-106,WOODWAY DRIVE PVT,41,41.11150556,-73.501425000,0,12,6,0,2,3,1,0,2,2,0,2,0,0000000,17,21,17,26,18,7,0,0,0,1,0
9,90201,1,1,0,0,0,1,1,5,740,27,11,2011,1,11,12,0,15,3,SR-109,,197,41.66306389,-73.113433330,0,1,0,0,1,1,1,0,1,1,0,1,0,0000000,99,99,99,99,99,99,0,0,0,1,0