STATE,ST_CASE,VE_TOTAL,VE_FORMS,PVH_INVL,PEDS,PERNOTMVIT,PERMVIT,PERSONS,COUNTY,CITY,DAY,MONTH,YEAR,DAY_WEEK,HOUR,MINUTE,NHS,ROAD_FNC,ROUTE,TWAY_ID,TWAY_ID2,MILEPT,LATITUDE,LONGITUD,SP_JUR,HARM_EV,MAN_COLL,RELJCT1,RELJCT2,TYP_INT,REL_ROAD,WRK_ZONE,LGT_COND,WEATHER1,WEATHER2,WEATHER,SCH_BUS,RAIL,NOT_HOUR,NOT_MIN,ARR_HOUR,ARR_MIN,HOSP_HR,HOSP_MN,CF1,CF2,CF3,FATALS,DRUNK_DR
9,90202,1,1,0,0,0,1,1,1,510,9,10,2011,1,4,47,0,14,3,SR-123,,18,41.13081944,-73.442894440,0,30,0,0,1,1,4,0,3,1,0,1,0,0000000,99,99,99,99,88,88,0,0,0,1,1
9,90203,1,1,0,0,0,3,3,9,810,21,9,2011,4,18,22,0,16,6,NORTH WALNUT STREET,,10,41.57445000,-73.019713890,0,5,0,0,1,1,1,0,3,1,0,1,0,0000000,18,22,18,34,18,41,0,0,0,1,0
9,90204,2,2,0,0,0,5,5,9,267,12,3,2011,7,12,39,0,13,3,SR-10,@ CDR TO SC,76,41.37283056,-72.916997220,0,12,6,0,4,1,1,0,1,1,0,1,0,0000000,99,99,99,99,99,99,0,0,0,1,0
9,90205,1,1,0,0,0,1,1,11,349,13,9,2011,3,11,21,0,15,3,SR-169,,52,41.58665556,-72.023438890,0,24,0,0,1,1,4,0,1,1,0,1,0,0000000,11,23,11,31,88,88,0,0,0,1,0
9,90206,1,1,0,0,0,1,1,9,810,31,8,2011,4,16,48,0,16,6,HAUSER STREET,FULTON PARK AVENUE,0,41.57156111,-73.036552780,0,42,0,0,3,3,4,0,1,1,0,1,0,0000000,16,46,16,55,17,15,0,0,0,1,0
9,90207,2,2,0,0,0,2,2,1,235,22,9,2011,5,23,0,0,13,3,SR-58,SR-15 OFF RMP & CONGRESS ST,33,41.20227778,-73.269161110,0,1,0,0,2,2,1,0,3,1,0,1,0,0000000,99,99,99,99,99,99,0,0,0,1,1
9,90208,1,1,0,0,0,1,1,1,765,29,12,2011,5,17,28,1,12,3,SR-25,ON TR 801 X7 NB OFF RMP,46,41.23045278,-73.187144440,0,43,0,1,5,1,4,1,2,1,0,1,0,0000000,99,99,99,99,88,88,0,0,0,1,0
9,90209,1,1,0,0,0,1,1,9,370,14,5,2011,7,3,10,0,16,6,CENTER STREET,N COLONY ST,11,41.54958333,-72.792727780,0,33,0,0,3,4,4,0,3,1,0,1,0,0000000,99,99,99,99,99,99,0,0,0,1,0
10,100001,2,2,0,0,0,4,4,3,0,4,1,2011,3,6,23,0,13,3,SR-4,,24,39.68180000,-75.690119440,0,42,0,0,1,1,3,0,2,10,0,10,0,0000000,6,24,6,28,6,42,0,0,0,1,1
10,100002,2,2,0,0,0,2,2,5,0,11,1,2011,3,11,10,1,2,2,US-9,,275,38.73359722,-75.244847220,0,12,2,0,1,1,1,0,1,1,0,1,0,0000000,11,13,11,25,12,17,0,0,0,1,0
10,100003,2,2,0,0,0,6,6,5,0,9,1,2011,1,13,21,0,2,3,SR-404,,11,38.76365556,-75.612202780,0,12,2,0,1,1,1,0,1,11,0,11,0,0000000,13,25,13,28,13,41,0,0,0,1,0
10,100004,1,1,0,1,1,1,1,3,0,27,1,2011,5,6,28,0,14,6,WASHINGTON ST EX,PHILADELPHIA PIKE,41,39.76949167,-75.503283330,0,8,0,0,3,3,1,0,2,1,0,1,0,0000000,6,28,6,32,88,88,0,0,0,1,0
10,100005,2,2,0,0,0,2,2,5,0,3,2,2011,5,8,50,1,2,2,US-9,,208,38.72114444,-75.290336110,0,12,1,0,1,1,1,0,1,1,0,1,0,0000000,8,54,9,0,9,13,0,0,0,1,0
10,100006,1,1,0,0,0,2,2,5,0,9,2,2011,4,10,58,0,3,2,US-9,,23,38.56407222,-75.571347220,0,30,0,0,1,1,5,0,1,1,0,1,0,0000000,10,58,11,5,11,39,0,0,0,1,0
10,100007,3,3,0,0,0,4,4,5,0,15,2,2011,3,6,42,1,13,3,SR-404,REDDEN ROAD,34,38.74846111,-75.594177780,0,12,1,0,3,1,1,0,1,1,0,1,0,0000000,6,43,6,50,7,24,0,0,0,1,1
10,100008,1,1,0,0,0,1,1,1,0,17,2,2011,5,16,50,0,6,4,CR155,,5,39.19501389,-75.586366670,0,53,0,0,1,1,4,0,1,1,0,1,0,0000000,16,57,17,1,17,22,0,0,0,1,0
10,100009,1,1,0,0,0,1,1,3,0,25,2,2011,6,0,45,0,13,6,SOUTH MARKET ST,,18,39.72283333,-75.555811110,0,31,0,0,1,1,4,0,3,2,0,2,0,0000000,99,99,99,99,88,88,0,0,0,1,1
10,100010,1,1,0,1,1,2,2,3,0,28,2,2011,2,5,50,1,13,2,US-40,,29,39.60701111,-75.731333330,0,8,0,0,1,1,1,0,2,10,0,10,0,0000000,5,55,6,0,88,88,0,0,0,1,0
10,100011,2,2,0,0,0,2,2,3,0,2,3,2011,4,20,10,0,14,2,US-13B,,41,39.71741944,-75.557441670,0,12,2,0,1,1,1,0,2,1,0,1,0,0000000,20,10,20,14,20,39,0,0,0,1,1
10,100012,2,2,0,0,0,2,2,1,0,10,3,2011,5,8,35,0,5,4,WEST DENNYS RD,,17,39.18576667,-75.617008330,0,12,2,0,1,1,1,0,1,2,0,2,0,0000000,8,35,8,52,8,58,0,0,0,1,0
10,100013,2,2,0,0,0,3,3,5,0,16,3,2011,4,7,37,0,4,3,SR-24,CR461,96,38.55373611,-75.544997220,0,12,6,0,2,3,1,0,1,10,5,5,0,0000000,7,42,7,45,88,88,0,0,0,2,1
10,100014,3,3,0,1,1,6,6,1,130,12,3,2011,7,1,30,0,14,2,US-13,,13,39.19434722,-75.547141670,0,8,0,0,1,1,1,0,2,10,0,10,0,0000000,99,99,99,99,88,88,0,0,0,1,0
10,100015,2,2,0,0,0,5,5,5,0,25,3,2011,6,21,13,0,6,4,OAK ROAD,,7,38.70875556,-75.551777780,0,12,2,0,1,1,1,0,2,1,0,1,0,0000000,21,20,21,28,21,58,0,0,0,2,0
10,100016,1,1,0,0,0,1,1,5,0,26,3,2011,7,1,55,0,4,4,STOCKLEY ROAD,,14,38.69361667,-75.240125000,0,53,0,0,1,1,5,0,2,1,0,1,0,0000000,2,3,2,8,2,16,0,0,0,1,1
10,100017,1,1,0,0,0,2,2,3,0,27,3,2011,1,1,57,0,2,3,SR-52,,37,39.78116667,-75.600186110,0,33,0,0,1,1,4,0,2,10,0,10,0,0000000,1,58,2,5,2,35,0,0,0,1,1
10,100018,1,1,0,0,0,1,1,5,0,27,3,2011,1,18,4,1,2,3,SR-1,,105,38.81623889,-75.297116670,0,34,0,0,1,1,6,0,1,10,0,10,0,0000000,18,12,18,18,19,17,0,0,0,1,0
10,100019,2,2,0,0,0,5,5,3,0,15,4,2011,6,19,52,0,16,3,SR-48,,37,39.76116389,-75.614647220,0,59,0,0,1,1,1,0,2,10,0,10,0,0000000,19,54,20,2,20,26,0,0,0,1,1
10,100020,1,1,0,0,0,1,1,5,0,20,4,2011,4,1,30,0,5,4,CR74,,56,38.55588333,-75.431441670,0,32,0,0,1,1,5,0,2,1,0,1,0,0000000,1,31,1,47,88,88,0,0,0,1,1
10,100021,2,2,0,0,0,3,3,1,0,23,4,2011,7,13,22,0,3,4,CR50,,38,39.14823333,-75.658463890,0,12,2,0,1,1,1,0,1,1,0,1,0,0000000,13,28,13,52,14,8,0,0,0,1,0
10,100022,1,1,0,1,1,2,2,1,130,23,4,2011,7,16,56,0,16,5,HARMONY LANE,,0,39.16678611,-75.559436110,0,8,0,0,1,1,1,0,1,1,0,1,0,0000000,16,57,17,0,17,15,0,0,0,1,0
10,100023,2,2,0,0,0,3,3,5,0,23,4,2011,7,13,47,0,4,3,SR-24,JOHN J WILLIAM,353,38.66859167,-75.188713890,0,12,6,0,2,3,1,0,1,1,0,1,0,0000000,13,50,13,54,14,30,0,0,0,1,0
10,100024,1,1,0,0,0,2,2,5,0,29,4,2011,6,4,4,0,6,4,CR38,CLENDANIEL PON,11,38.83235278,-75.314497220,0,43,0,0,1,1,5,0,2,1,0,1,0,0000000,4,20,4,25,88,88,0,0,0,1,1
10,100025,1,1,0,0,0,1,1,3,0,29,4,2011,6,22,19,0,13,3,SR-4,MAIN STREET,50,39.72431944,-75.638894440,0,33,0,0,3,2,4,0,3,1,0,1,0,0000000,22,18,22,20,22,37,0,0,0,1,1
10,100026,1,1,0,0,0,2,2,5,0,30,4,2011,7,10,25,1,2,3,SR-1,SEASHORE HIGHW,130,38.69428611,-75.485686110,0,35,0,0,1,1,6,0,1,10,0,10,0,0000000,10,30,10,43,11,32,0,0,0,2,0
10,100027,2,2,0,0,0,3,3,3,0,25,4,2011,2,14,27,0,6,3,SR-896,SUMMIT BRIDG,1,39.58253889,-75.740947220,0,12,6,0,2,2,1,0,1,1,0,1,0,0000000,14,29,14,37,15,1,0,0,0,1,0
10,100028,1,1,0,1,1,1,1,3,490,4,3,2011,6,17,25,0,16,6,9TH STREET,MADISON STREET,0,39.74692500,-75.553922220,0,8,0,0,2,2,1,0,3,10,0,10,0,0000000,99,99,99,99,99,99,0,0,0,1,0
10,100029,1,1,0,0,0,1,1,3,490,23,4,2011,7,20,11,0,14,6,NORTHEAST BLVD,,55,39.75104167,-75.525750000,0,33,0,0,1,1,4,0,3,1,0,1,0,0000000,99,99,99,99,88,88,0,0,0,1,1
10,100030,1,1,0,0,0,1,1,1,450,22,4,2011,6,17,29,0,16,5,COMMERCE STREET,,0,39.30496389,-75.597622220,0,19,0,0,1,1,4,0,1,1,0,1,0,0000000,99,99,99,99,99,99,0,0,0,1,0
10,100031,1,1,0,0,0,1,1,3,0,6,5,2011,6,8,50,1,11,1,I-495,,84,39.79409444,-75.459422220,0,24,0,1,18,1,3,0,1,1,0,1,0,0000000,8,51,8,56,88,88,0,0,0,1,0
10,100032,1,1,0,0,0,2,2,3,0,7,5,2011,7,1,47,1,11,2,US-202,,7,39.71388889,-75.584650000,0,42,0,1,5,1,4,0,3,10,0,10,0,0000000,1,48,1,55,2,12,0,0,0,1,1
10,100033,1,1,0,1,1,1,1,3,0,7,5,2011,7,22,33,0,2,3,SR-48,,25,39.75339167,-75.589027780,0,8,0,0,1,1,1,0,2,1,0,1,0,0000000,22,33,22,39,22,58,0,0,0,1,0
10,100034,1,1,0,0,0,1,1,3,0,16,5,2011,2,14,27,0,13,3,SR-4,,54,39.73230833,-75.579972220,0,30,0,0,1,1,3,0,1,1,0,1,0,0000000,14,27,14,29,14,53,0,0,0,1,0
10,100035,1,1,0,1,1,1,1,3,0,19,5,2011,5,21,2,0,13,3,SR-2,,94,39.72725833,-75.651769440,0,8,0,0,1,1,1,0,2,1,0,1,0,0000000,21,2,21,5,21,23,0,0,0,1,0
10,100036,1,1,0,0,0,2,2,1,0,24,5,2011,3,0,5,0,14,5,SOUTH STATE STREET,,68,39.12941111,-75.518891670,0,53,0,0,1,1,4,0,2,1,0,1,0,0000000,0,10,0,18,0,28,0,0,0,1,1
10,100037,3,2,1,0,0,4,4,3,490,25,5,2011,4,22,10,0,14,6,4TH STREET,LINCOLN STREET,1,39.74659722,-75.573577780,0,12,6,0,2,2,1,0,3,1,0,1,0,0000000,99,99,99,99,99,99,0,0,0,2,1
10,100038,2,2,0,0,0,2,2,5,0,3,6,2011,6,16,50,1,2,3,SR-1,COASTAL HIGHWAY,23,38.89108889,-75.388311110,0,12,6,0,2,2,1,0,1,1,0,1,0,0000000,16,51,16,59,17,56,0,0,0,1,0
10,100039,2,2,0,0,0,2,2,3,0,1,6,2011,4,13,44,0,14,3,SR-72,CHAPEL STREET,67,39.64630000,-75.731338890,0,1,0,0,2,3,1,0,1,1,0,1,0,0000000,13,46,13,53,14,16,14,0,0,1,0
10,100040,1,1,0,1,1,4,4,5,0,7,6,2011,3,20,22,0,4,3,SR-20,SEAFORD RD,2,38.61138889,-75.597675000,0,8,0,0,1,1,1,0,1,1,0,1,0,0000000,20,22,20,38,22,45,0,0,0,1,0
10,100041,1,1,0,0,0,2,2,3,0,13,6,2011,2,22,9,0,15,3,SR-9,NEW CASTLE AVE,0,39.70507500,-75.550488890,0,33,0,0,2,2,4,0,3,1,0,1,0,0000000,22,9,22,14,22,34,0,0,0,1,1
10,100042,1,1,0,0,0,1,1,3,0,8,6,2011,4,18,38,0,14,4,UPPER PIKE CREEK RD,,7,39.73010000,-75.703519440,0,42,0,0,1,1,4,0,1,1,0,1,0,0000000,18,35,18,38,88,88,0,0,0,1,0
10,100043,3,2,1,0,0,3,3,5,0,18,6,2011,7,8,35,0,4,3,SR-17,,70,38.54215000,-75.131369440,0,12,2,0,1,1,1,0,1,10,0,10,0,0000000,8,38,9,14,99,99,0,0,0,1,0
10,100044,1,1,0,0,0,1,1,3,0,21,6,2011,3,3,32,0,15,3,SR-15,,14,39.47821944,-75.736188890,0,43,0,0,1,1,5,0,2,10,0,10,0,0000000,3,32,3,36,88,88,0,0,0,1,1
10,100045,2,2,0,0,0,2,2,5,0,28,6,2011,3,21,31,1,2,3,SR-1,CR273A,236,38.71036111,-75.096961110,0,12,1,0,2,2,1,0,1,10,0,10,0,0000000,21,34,21,49,21,49,0,0,0,1,1
10,100046,1,1,0,0,0,1,1,1,0,29,6,2011,4,19,52,0,6,4,NINE FOOT RD,,5,38.83638056,-75.626700000,0,42,0,0,1,1,5,0,1,1,0,1,0,0000000,19,52,20,3,88,88,0,0,0,1,1
10,100047,2,2,0,0,0,3,3,5,60,30,6,2011,5,16,2,1,2,2,US-13,,68,38.73716944,-75.592050000,0,12,6,0,8,1,1,0,1,1,0,1,0,0000000,16,6,16,19,17,5,0,0,0,1,0
10,100048,1,1,0,0,0,1,1,5,0,6,7,2011,4,14,0,0,4,3,SR-23,,39,38.63199167,-75.156141670,0,30,0,0,1,1,5,0,1,2,0,2,0,0000000,14,2,14,10,88,88,0,0,0,1,1
10,100049,1,1,0,0,0,1,1,5,0,30,6,2011,5,12,2,0,6,4,CAREY'S CAMP ROAD,,34,38.52878889,-75.396238890,0,35,0,0,1,1,4,0,1,1,0,1,0,0000000,12,2,12,16,88,88,0,0,0,1,1
10,100050,3,3,0,0,0,3,3,3,0,29,6,2011,4,21,29,1,11,1,I-495,,55,39.74686111,-75.511608330,0,12,1,0,1,1,1,0,2,1,0,1,0,0000000,21,29,21,35,21,53,0,0,0,1,2
10,100051,2,2,0,0,0,2,2,3,0,1,7,2011,6,19,11,1,2,3,SR-1,,57,39.35885000,-75.652788890,0,12,11,0,1,1,1,0,1,1,0,1,0,0000000,19,14,19,23,19,56,0,0,0,1,0
10,100052,2,2,0,0,0,2,2,3,0,15,7,2011,6,22,0,0,4,3,SR-9,,30,39.59289167,-75.630397220,0,12,2,0,1,1,1,0,2,1,0,1,0,0000000,22,0,22,12,22,35,14,0,0,1,0
10,100053,1,1,0,0,0,1,1,3,0,17,7,2011,1,13,37,1,12,3,SR-1,,51,39.36793333,-75.657019440,0,18,0,0,1,1,3,1,1,10,0,10,0,0000000,13,38,13,41,14,21,0,0,0,1,0
10,100054,1,1,0,2,2,1,1,3,0,23,7,2011,7,22,35,0,15,4,AIRPORT ROAD,,17,39.68585556,-75.617780560,0,8,0,0,1,1,1,0,2,10,0,10,0,0000000,22,36,22,38,22,58,23,0,0,1,0
10,100055,2,2,0,0,0,3,3,5,0,26,7,2011,3,21,26,0,4,3,SR-1,WILKENS ROAD,20,38.89090000,-75.388527780,0,12,6,0,2,2,1,0,2,1,0,1,0,0000000,21,32,21,48,21,55,0,0,0,1,0
10,100056,1,1,0,0,0,1,1,3,0,28,7,2011,5,0,49,1,11,1,I-95,,83,39.77833056,-75.510577780,0,24,0,1,19,1,4,0,3,1,0,1,0,0000000,0,50,0,54,1,19,0,0,0,1,0
10,100057,1,1,0,0,0,2,2,1,0,29,7,2011,6,7,25,0,13,2,US-13,,73,38.93514444,-75.565852780,0,35,0,0,1,1,4,0,1,10,0,10,0,0000000,7,28,7,33,99,99,0,0,0,1,0
10,100058,2,2,0,0,0,2,2,3,0,8,8,2011,2,14,35,0,13,3,SR-896,SO COLLEGE,49,39.64740278,-75.747213890,0,12,6,0,2,2,1,0,1,1,0,1,0,0000000,14,37,14,41,88,88,0,0,0,1,1
10,100059,1,1,0,0,0,1,1,5,0,9,8,2011,3,22,58,1,2,2,US-9,PRETTYMAN ROAD,252,38.72388889,-75.290594440,0,42,0,0,3,3,6,0,2,1,0,1,0,0000000,23,3,23,15,88,88,0,0,0,1,1
10,100060,2,2,0,0,0,4,4,1,0,13,8,2011,7,16,45,1,2,3,SR-1,SR-9,141,39.28834167,-75.592675000,0,12,7,0,1,1,1,0,1,2,0,2,0,0000000,16,50,17,9,17,14,0,0,0,1,0
10,100061,1,1,0,0,0,1,1,5,200,10,8,2011,4,23,0,1,2,2,US-13,,201,38.64389167,-75.594091670,0,53,0,0,1,1,6,0,3,1,0,1,0,0000000,6,58,99,99,99,99,18,0,0,1,0
10,100062,1,1,0,0,0,1,1,1,0,16,8,2011,3,15,33,0,6,4,PEARSON'S GROVE RD,DOWNS CHAPEL ROAD,1,39.22866389,-75.753908330,0,42,0,0,3,4,5,0,1,1,0,1,0,0000000,15,34,15,41,88,88,0,0,0,1,1
10,100063,1,1,0,1,1,1,1,3,0,16,8,2011,3,21,17,0,14,3,SR-9,,19,39.68958611,-75.555938890,0,8,0,0,1,1,1,0,2,1,0,1,0,0000000,21,19,21,21,88,88,0,0,0,1,0
10,100064,2,2,0,0,0,3,3,3,0,19,8,2011,6,1,46,0,3,2,US-13,PADDOCK RD,6,39.30611111,-75.606966670,0,12,6,0,2,2,1,0,2,2,0,2,0,0000000,1,53,1,59,2,30,0,0,0,1,1
10,100065,1,1,0,1,1,3,3,3,310,1,9,2011,5,21,15,1,2,2,US-301,,29,39.44785833,-75.727730560,0,8,0,0,1,1,1,0,3,1,0,1,0,0000000,21,15,21,20,99,99,0,0,0,1,0
10,100066,1,1,0,1,1,1,1,1,0,6,9,2011,3,21,58,0,3,4,STATE STREET,,36,39.08966667,-75.497447220,0,8,0,0,1,1,1,0,2,10,0,10,0,0000000,22,6,22,15,22,22,0,0,0,1,0
10,100067,2,2,0,0,0,4,4,1,70,10,9,2011,7,19,15,0,15,5,MAIN STREET,CAMDEN-WYOMING AVE,49,39.11342500,-75.542725000,0,33,0,0,2,2,4,0,5,10,0,10,0,0000000,19,17,19,19,99,99,0,0,0,1,0
10,100068,3,3,0,0,0,3,3,5,0,1,9,2011,5,7,49,0,4,3,SR-20,HARDSCRABBLE,125,38.60273056,-75.356558330,0,12,1,0,1,1,1,0,1,1,0,1,0,0000000,7,50,7,59,8,43,0,0,0,1,0
10,100069,3,3,0,0,0,3,3,3,0,16,9,2011,6,17,33,0,3,2,US-13,,31,39.61005833,-75.649338890,0,12,2,0,1,1,1,0,1,1,0,1,0,0000000,17,34,17,41,18,4,0,0,0,1,1
10,100070,1,1,0,1,1,1,1,5,0,24,9,2011,7,1,20,1,2,2,US-113,FITZGERALD ROAD,31,38.86897222,-75.439066670,0,8,0,0,2,3,1,0,2,10,0,10,0,0000000,1,23,1,31,1,48,0,0,0,1,0
10,100071,2,2,0,0,0,2,2,1,450,26,9,2011,2,0,1,0,14,2,US-13,,11,39.30614722,-75.606852780,0,12,1,0,1,1,1,0,2,1,0,1,0,0000000,0,5,0,9,0,32,0,0,0,1,1
10,100072,3,3,0,0,0,3,3,3,0,30,9,2011,6,3,26,1,11,1,I-495,,79,39.75217778,-75.501738890,0,12,1,0,1,1,1,0,2,1,0,1,0,0000000,3,31,3,32,4,19,19,0,0,1,1
10,100073,1,1,0,1,1,1,1,5,0,3,10,2011,2,19,14,0,5,4,NORTH JERSEY ROAD,,5,38.46638611,-75.613180560,0,8,0,0,1,1,1,0,2,2,0,2,0,0000000,19,18,19,25,20,3,0,0,0,1,0
10,100074,6,6,0,0,0,8,8,3,0,10,10,2011,2,21,54,0,3,4,PAPERMILL RD,POLLYDRUMMOND RD,43,39.73942222,-75.724761110,0,12,1,0,3,2,1,0,2,1,0,1,0,0000000,21,55,22,2,22,43,0,0,0,1,4
10,100075,1,1,0,0,0,1,1,3,0,15,10,2011,7,5,36,0,13,3,SR-273,,11,39.68595000,-75.728700000,0,59,0,0,1,1,4,0,2,1,0,1,0,0000000,6,10,6,13,88,88,20,0,0,1,1
10,100076,1,1,0,0,0,3,3,5,0,18,10,2011,3,11,20,0,6,4,GORDY ROAD,,19,38.52313889,-75.517394440,0,53,0,0,1,1,4,0,1,1,0,1,0,0000000,11,24,11,35,12,36,0,0,0,1,1
10,100077,2,2,0,0,0,2,2,1,0,19,10,2011,4,14,55,0,14,3,SR-8,ROSEVALLEY RD,24,39.15557778,-75.602466670,0,12,6,0,2,2,1,0,1,2,0,2,0,0000000,15,4,15,12,15,30,0,0,0,1,0
10,100078,1,1,0,0,0,1,1,5,0,25,10,2011,3,22,1,0,6,4,GORDY ROAD,,1,38.49791667,-75.517902780,0,34,0,0,1,1,4,0,2,1,0,1,0,0000000,22,5,22,14,22,51,0,0,0,1,1
10,100079,2,2,0,0,0,3,3,3,0,27,10,2011,5,5,18,0,13,3,SR-2,,92,39.69681111,-75.712747220,0,12,1,0,1,1,1,0,3,2,0,2,0,0000000,5,18,5,30,5,49,0,0,0,1,0
10,100080,1,1,0,0,0,1,1,3,0,4,11,2011,6,1,59,0,4,3,SR-7,,13,39.59797500,-75.662488890,0,25,0,0,1,1,5,0,2,1,0,1,0,0000000,1,59,2,6,88,88,0,0,0,1,1
10,100081,1,1,0,0,0,1,1,3,0,5,11,2011,7,16,39,1,2,2,US-301,,11,39.57402778,-75.738769440,0,33,0,0,1,1,4,0,1,1,0,1,0,0000000,16,39,16,50,88,88,0,0,0,1,0
10,100082,1,1,0,1,1,1,1,3,490,5,11,2011,7,18,58,0,15,6,SOUTH JACKSON STREET,LANCASTER AVENUE,9,39.74136389,-75.562611110,0,8,0,0,3,2,1,0,3,1,0,1,0,0000000,18,58,99,99,99,99,0,0,0,1,0
10,100083,2,2,0,0,0,2,2,5,0,27,10,2011,5,20,19,0,4,3,SR-26 VINES CREEK ROAD,HOLTS LANDING ROAD,7,38.55445000,-75.153797220,0,12,6,0,2,3,1,0,2,1,0,1,0,0000000,21,11,21,19,22,15,0,0,0,1,1
10,100084,2,1,1,1,1,1,1,5,0,29,10,2011,7,15,3,1,2,2,US-9 DUPONT BLVD,,209,38.71202222,-75.406252780,0,32,0,0,1,1,4,0,1,2,0,2,0,0000000,15,4,15,8,15,45,15,0,0,1,0
10,100085,1,1,0,1,1,1,1,1,0,16,11,2011,4,20,30,0,14,3,SR-8,FORREST AVE,24,39.15605000,-75.602886110,0,8,0,0,1,1,1,0,2,2,0,2,0,0000000,7,10,7,20,88,88,18,0,0,1,0
10,100086,1,1,0,0,0,2,2,5,0,23,12,2011,6,0,53,0,4,3,SR-24,,370,38.68592222,-75.179538890,0,42,0,0,1,1,5,0,2,2,0,2,0,0000000,0,58,1,10,1,30,0,0,0,2,1
10,100087,2,2,0,0,0,2,2,5,0,23,11,2011,4,9,54,0,6,2,US-13,CR488,20,38.57110278,-75.560997220,0,12,6,0,2,2,1,0,1,10,0,10,0,0000000,9,56,10,3,10,25,0,0,0,1,0
10,100088,1,1,0,0,0,1,1,1,0,30,11,2011,4,17,0,0,6,4,FARM LANE,,26,39.07576667,-75.605527780,0,11,0,0,1,1,1,0,2,1,0,1,0,0000000,17,8,17,18,17,38,0,0,0,1,0
10,100089,1,1,0,0,0,1,1,5,0,12,12,2011,2,7,5,0,4,4,WHITESVILLE ROAD,,64,38.47311389,-75.458372220,0,42,0,0,1,1,4,0,4,1,0,1,0,0000000,7,12,7,17,88,88,0,0,0,1,0
10,100090,1,1,0,0,0,2,2,5,0,13,12,2011,3,10,16,0,6,4,CR277,ANGOLA ROAD,10,38.67556667,-75.176552780,0,34,0,0,1,1,4,0,1,1,0,1,0,0000000,10,18,10,27,10,56,0,0,0,1,0
10,100091,1,1,0,0,0,2,2,3,0,13,12,2011,3,13,16,0,4,4,GREARS CORNER RD,,37,39.40244722,-75.735666670,0,7,0,0,1,1,1,0,1,1,0,1,0,0000000,13,19,13,24,14,22,0,0,0,1,1
10,100092,1,1,0,1,1,1,1,3,0,20,12,2011,3,19,41,0,13,3,SR-2,,73,39.70930556,-75.681719440,0,8,0,0,1,1,1,0,3,10,0,10,0,0000000,19,42,99,99,20,4,0,0,0,1,0
10,100093,1,1,0,0,0,2,2,5,0,28,12,2011,4,15,38,0,4,3,SR-5,INDIAN MISSION RD,55,38.63606111,-75.197511110,0,34,0,0,1,1,6,0,1,1,0,1,0,0000000,15,40,15,44,16,25,0,0,0,1,0
10,100094,1,1,0,1,1,1,1,3,0,30,12,2011,6,6,34,0,13,6,NAAMAN'S ROAD,,57,39.82893889,-75.543913890,0,8,0,0,1,1,1,0,2,10,0,10,0,0000000,6,36,6,40,7,10,0,0,0,1,0
11,110001,2,2,0,0,0,4,4,1,10,14,1,2011,6,4,54,0,16,6,CANAL ROAD NW,,0,38.91457778,-77.098188890,0,12,6,0,1,1,1,0,3,1,0,1,0,0000000,99,99,99,99,99,99,0,0,0,2,1
11,110002,2,1,1,0,0,1,1,1,10,12,2,2011,7,3,4,0,16,6,16TH ST N.W.,,0,38.95496944,-77.036347220,0,14,0,0,1,1,7,0,3,1,0,1,0,0000000,99,99,99,99,99,99,0,0,0,1,1
11,110003,1,1,0,1,1,4,4,1,10,8,2,2011,3,18,40,0,16,6,NORTH CAPITOL STREET,MASSACHUSETTS AVE,99999,38.89736111,-77.008861110,0,8,0,0,2,2,1,0,3,1,0,1,0,0000000,99,99,99,99,99,99,0,0,0,1,0
11,110004,2,1,1,1,1,1,1,1,10,27,2,2011,1,22,35,0,16,6,KEY BRIDGE,,0,38.90295556,-77.069586110,0,8,0,0,1,1,1,0,3,2,0,2,0,0000000,99,99,99,99,99,99,23,0,0,1,1
11,110005,2,1,1,0,2,1,3,1,10,1,3,2011,3,0,5,1,11,1,I-395 NW,,0,38.89355556,-77.014255560,0,45,0,0,1,1,1,4,3,1,0,1,0,0000000,99,99,99,99,99,99,0,0,0,1,0
11,110006,2,2,0,0,0,6,6,1,10,9,3,2011,4,22,40,0,16,6,SOUTH CAPITOL ST SW,,0,38.84171389,-77.008752780,0,12,6,0,1,1,1,0,3,2,0,2,0,0000000,99,99,99,99,99,99,0,0,0,2,0
11,110007,1,1,0,1,1,1,1,1,10,12,3,2011,7,3,46,0,16,6,BENNING RD SE,H ST SE,0,38.87867222,-76.931633330,0,15,0,0,3,2,1,0,3,1,0,1,0,0000000,99,99,99,99,99,99,0,0,0,1,0
11,110008,1,1,0,1,1,1,1,1,10,17,3,2011,5,6,15,0,16,6,FIRTH STERLING AVE,SUITLAND PKWY,0,38.86233333,-76.997444440,0,8,0,0,2,2,1,0,3,1,0,1,0,0000000,99,99,99,99,99,99,0,0,0,1,0
11,110009,1,1,0,0,0,1,1,1,10,3,4,2011,1,23,43,1,11,1,I-395,,0,38.88298333,-77.012227780,0,24,0,0,1,1,4,0,3,1,0,1,0,0000000,88,88,88,88,88,88,0,0,0,1,1
11,110010,1,1,0,1,1,1,1,1,10,8,5,2011,1,5,10,1,12,1,I-295,,0,38.88809444,-76.961611110,0,8,0,0,1,1,1,0,3,1,0,1,0,0000000,88,88,88,88,88,88,0,0,0,1,1
11,110011,2,2,0,0,0,2,2,1,10,24,5,2011,3,7,6,0,16,6,SOUTHERN AVE,,0,38.87117222,-76.937363890,0,12,1,0,1,1,1,0,1,1,0,1,0,0000000,99,99,99,99,99,99,0,0,0,1,1
11,110012,1,1,0,1,1,2,2,1,10,31,5,2011,3,22,3,0,16,6,EAST CAPITOL STREET,,99999,38.89029722,-76.969786110,0,8,0,0,1,1,1,0,3,1,0,1,0,0000000,99,99,99,99,99,99,0,0,0,1,0
11,110013,1,1,0,1,1,1,1,1,10,4,6,2011,7,7,20,0,16,6,BENNING RD,ANACOSTIA AVE,0,38.89704444,-76.960302780,0,9,0,0,2,2,1,0,1,1,0,1,0,0000000,99,99,99,99,99,99,0,0,0,1,0