STATE,ST_CASE,VE_TOTAL,VE_FORMS,PVH_INVL,PEDS,PERNOTMVIT,PERMVIT,PERSONS,COUNTY,CITY,DAY,MONTH,YEAR,DAY_WEEK,HOUR,MINUTE,NHS,ROAD_FNC,ROUTE,TWAY_ID,TWAY_ID2,MILEPT,LATITUDE,LONGITUD,SP_JUR,HARM_EV,MAN_COLL,RELJCT1,RELJCT2,TYP_INT,REL_ROAD,WRK_ZONE,LGT_COND,WEATHER1,WEATHER2,WEATHER,SCH_BUS,RAIL,NOT_HOUR,NOT_MIN,ARR_HOUR,ARR_MIN,HOSP_HR,HOSP_MN,CF1,CF2,CF3,FATALS,DRUNK_DR
11,110014,3,1,2,0,0,1,1,1,10,17,6,2011,6,99,99,0,16,6,NAYLOR ROAD SE,,0,38.85547500,-76.966222220,0,14,0,0,1,1,7,0,3,1,0,1,0,0000000,99,99,99,99,99,99,0,0,0,1,0
11,110015,1,1,0,0,0,4,4,1,10,2,7,2011,7,2,3,0,16,6,MISSISSIPPI AVE SE,,0,38.84021111,-76.985655560,0,33,0,0,1,1,4,0,3,1,0,1,0,0000000,99,99,99,99,99,99,0,0,0,3,1
11,110016,2,2,0,0,0,4,4,1,10,17,7,2011,1,5,2,0,16,6,FRANKLIN ST NE,LINCOLN RD NE,0,38.92556944,-77.003241670,0,12,6,0,2,4,1,0,3,1,0,1,0,0000000,99,99,99,99,99,99,0,0,0,1,0
11,110017,2,2,0,0,0,2,2,1,10,2,8,2011,3,4,54,0,16,6,FLORIDA AVE NE,ECKINGTON PL NE,0,38.90927500,-77.005205560,0,12,6,0,2,3,1,0,3,1,0,1,0,0000000,99,99,99,99,99,99,0,0,0,1,0
11,110018,1,1,0,0,0,2,2,1,10,12,8,2011,6,4,15,0,16,6,SOUTHERN AVE SE,,0,38.83554444,-76.982983330,0,33,0,0,1,1,4,0,3,1,0,1,0,0000000,99,99,99,99,99,99,0,0,0,2,1
11,110019,1,1,0,1,1,1,1,1,10,19,8,2011,6,19,30,0,16,6,8TH ST SE,VIRGINIA AVE SE,99999,38.87835000,-76.995013890,0,8,0,0,2,2,1,0,3,2,0,2,0,0000000,99,99,99,99,99,99,0,0,0,1,0
11,110020,1,1,0,1,1,1,1,1,10,29,9,2011,5,6,35,0,16,6,CALVERT ST NW,,0,38.92333333,-77.055288890,0,8,0,0,1,1,1,0,3,1,0,1,0,0000000,99,99,99,99,99,99,0,0,0,1,0
11,110021,1,1,0,1,1,1,1,1,10,6,10,2011,5,10,59,0,16,6,CONN AVE NW,DEVONSHIRE PL NW,99999,38.93169722,-77.056272220,0,8,0,0,2,3,1,0,1,1,0,1,0,0000000,99,99,99,99,99,99,0,0,0,1,0
11,110022,3,3,0,0,0,3,3,1,10,17,10,2011,2,17,11,0,16,6,KENILWORTH AVE NE,,0,38.90358056,-76.942100000,0,12,1,0,1,1,1,0,1,1,0,1,0,0000000,99,99,99,99,99,99,0,0,0,1,0
12,120001,1,1,0,0,0,3,3,33,0,1,1,2011,7,11,53,0,14,2,US-90,,99998,30.53480556,-87.338783330,0,34,0,0,1,1,4,0,1,2,0,2,0,0000000,11,54,12,6,99,99,0,0,0,1,0
12,120002,2,2,0,0,0,9,9,5,0,2,1,2011,1,18,25,1,13,2,US-98,,99998,30.24235278,-85.914166670,0,12,1,0,1,1,1,0,3,1,0,1,0,0000000,99,99,99,99,99,99,0,0,0,1,0
12,120003,4,4,0,0,0,6,6,53,0,3,1,2011,2,15,52,1,13,2,US-19,PEPPER ST,99998,28.45466389,-82.629713890,0,12,6,0,2,2,1,0,1,1,0,1,0,0000000,99,99,99,99,99,99,0,0,0,1,0
12,120004,1,1,0,0,0,1,1,99,2431,3,1,2011,2,2,40,1,11,1,I-95,,99998,26.80880556,-80.098386110,0,25,0,0,1,1,3,0,3,1,0,1,0,0000000,99,99,99,99,88,88,0,0,0,1,1
12,120005,1,1,0,0,0,3,3,21,0,3,1,2011,2,7,25,1,1,1,I-95,CR-896,99998,26.21156111,-81.736088890,0,33,0,0,2,2,4,0,1,10,0,10,0,0000000,99,99,99,99,99,99,0,0,0,1,0
12,120006,2,2,0,0,0,2,2,21,0,4,1,2011,3,22,45,0,6,4,CR-846,,0,26.36240833,-81.594155560,0,12,6,0,1,1,1,0,2,1,0,1,0,0000000,99,99,99,99,88,88,0,0,0,1,1
12,120007,1,1,0,1,1,1,1,86,0,4,1,2011,3,20,17,0,13,3,SR-94,SW 149TH AVENUE,99998,25.62182500,-80.344397220,0,8,0,0,3,3,1,0,2,1,0,1,0,0000000,99,99,99,99,99,99,0,0,0,1,0
12,120008,2,2,0,0,0,2,2,9,0,4,1,2011,3,14,44,0,6,4,BIRD DRIVE,,0,27.88216667,-80.529163890,0,12,1,0,1,1,1,0,1,1,0,1,0,0000000,99,99,99,99,99,99,0,0,0,1,0
12,120009,1,1,0,0,0,6,6,23,0,5,1,2011,4,6,55,1,1,1,I-75,,99998,30.23590278,-82.733213890,0,32,0,0,1,1,3,0,2,10,0,10,0,0000000,99,99,99,99,99,99,0,0,0,2,0
12,120010,2,2,0,0,0,2,2,86,0,5,1,2011,4,6,15,0,13,2,US-41,SW 139TH AVE,99998,25.76108056,-80.420880560,0,12,6,0,2,3,1,0,3,1,0,1,0,0000000,99,99,99,99,88,88,0,0,0,1,1
12,120011,2,2,0,0,0,2,2,39,0,5,1,2011,4,17,56,0,6,4,CR-268,,0,30.58689167,-84.620355560,0,12,6,0,1,1,1,0,5,2,0,2,0,0000000,99,99,99,99,99,99,0,0,0,1,0
12,120012,4,4,0,0,0,6,6,9,0,5,1,2011,4,21,50,1,11,1,I-95,,99998,28.00252778,-80.633494440,0,12,1,0,1,1,1,4,3,1,0,1,0,0000000,99,99,99,99,99,99,0,0,0,2,0
12,120013,1,1,0,0,0,1,1,83,0,5,1,2011,4,20,15,0,6,4,NE 52ND PLACE ROAD,,0,29.25108056,-81.885416670,0,42,0,0,1,1,4,0,2,2,0,2,0,0000000,99,99,99,99,88,88,0,0,0,1,0
12,120014,1,1,0,0,0,1,1,17,0,6,1,2011,5,23,11,0,6,4,OLD FLORAL CITY ROAD,,0,28.79188611,-82.295202780,0,1,0,0,1,1,4,0,2,1,0,1,0,0000000,99,99,99,99,88,88,0,0,0,1,0
12,120015,1,1,0,0,0,2,2,39,0,7,1,2011,6,23,23,0,6,4,PINE CONE STREET,CAROLINA ROAD S,0,30.54748333,-84.702544440,0,5,0,0,2,3,1,0,2,1,0,1,0,0000000,99,99,99,99,99,99,0,0,0,1,0
12,120016,1,1,0,0,0,1,1,95,0,7,1,2011,6,21,7,0,6,4,HIAWASSEE ROAD,,0,28.63271111,-81.476450000,0,43,0,0,1,1,3,0,3,1,0,1,0,0000000,99,99,99,99,99,99,0,0,0,1,1
12,120017,1,1,0,0,0,1,1,53,0,8,1,2011,7,3,16,0,6,4,PINEHURST DRIVE,,0,28.45387222,-82.608761110,0,42,0,0,1,1,4,0,2,1,0,1,0,0000000,99,99,99,99,88,88,0,0,0,1,1
12,120018,3,1,2,0,0,1,1,11,2468,9,1,2011,1,16,36,0,6,4,PEMBROKE ROAD,,0,25.99512778,-80.226063890,0,33,0,0,1,1,4,0,1,1,0,1,0,0000000,99,99,99,99,99,99,14,0,0,1,0
12,120019,2,2,0,0,0,2,2,33,0,9,1,2011,1,1,43,0,13,3,SR-295,FORTUNA ST,99998,30.41452222,-87.276077780,0,12,6,0,2,3,1,0,2,10,0,10,0,0000000,99,99,99,99,88,88,0,0,0,1,1
12,120020,1,1,0,0,0,3,3,23,0,10,1,2011,2,18,40,0,6,4,SW OLD WIRE RD,,0,29.97648611,-82.683261110,0,1,0,0,1,1,4,0,2,10,0,10,0,0000000,99,99,99,99,99,99,0,0,0,1,1
12,120021,1,1,0,0,0,1,1,53,0,11,1,2011,3,4,36,1,1,1,I-75,,99998,28.56405278,-82.234961110,0,42,0,0,1,1,4,0,3,1,0,1,0,0000000,99,99,99,99,88,88,0,0,0,1,1
12,120022,3,3,0,0,0,5,5,27,0,11,1,2011,3,16,30,1,2,2,US-17,,99998,27.07118056,-81.958433330,0,12,2,0,1,1,1,4,1,1,0,1,0,0000000,99,99,99,99,99,99,0,0,0,3,1
12,120023,1,1,0,1,1,1,1,86,0,12,1,2011,4,6,5,0,13,3,SR-992,,99998,25.62757778,-80.376013890,0,8,0,0,1,1,1,0,3,1,0,1,0,0000000,99,99,99,99,99,99,0,0,0,1,0
12,120024,2,2,0,0,0,3,3,55,0,13,1,2011,5,22,57,0,2,2,US-98,,99998,27.39878889,-81.161669440,0,12,6,0,8,1,1,0,2,1,0,1,0,0000000,99,99,99,99,99,99,0,0,0,1,1
12,120025,3,3,0,1,1,4,4,86,0,14,1,2011,6,1,0,1,12,3,SR-826,,99998,25.86474167,-80.322811110,0,12,1,0,1,1,1,0,3,1,0,1,0,0000000,99,99,99,99,99,99,19,0,0,1,0
12,120026,1,1,0,0,0,4,4,23,0,16,1,2011,1,18,35,0,6,4,SW HALTIWANGER RD,,0,30.01147222,-82.618105560,0,35,0,0,1,1,4,0,2,1,0,1,0,0000000,99,99,99,99,99,99,0,0,0,2,0
12,120027,1,1,0,0,0,2,2,31,1510,17,1,2011,2,10,30,1,11,1,I-295,,99998,30.19103889,-81.708369440,0,24,0,1,5,1,4,0,1,2,0,2,0,0000000,99,99,99,99,99,99,0,0,0,1,0
12,120028,1,1,0,0,0,1,1,9,0,17,1,2011,2,20,20,0,13,2,US-1,,99998,28.46364167,-80.764055560,0,42,0,0,1,1,4,0,2,10,0,10,0,0000000,99,99,99,99,88,88,0,0,0,1,0
12,120029,1,1,0,0,0,1,1,31,1510,18,1,2011,3,6,19,1,11,1,I-295,,99998,30.18944167,-81.652691670,0,23,0,0,1,1,4,0,1,10,0,10,0,0000000,99,99,99,99,88,88,0,0,0,1,0
12,120030,1,1,0,1,1,1,1,31,1510,18,1,2011,3,22,44,0,13,2,US-1,,99998,30.45934167,-81.773830560,0,8,0,0,1,1,1,0,2,5,0,5,0,0000000,99,99,99,99,88,88,0,0,0,1,0
12,120031,1,1,0,0,0,1,1,95,0,20,1,2011,5,23,0,0,6,4,ORANGE AVE,,0,28.40739167,-81.374619440,0,25,0,0,1,1,4,0,3,1,0,1,0,0000000,99,99,99,99,88,88,0,0,0,1,1
12,120032,1,1,0,0,0,1,1,9,3000,21,1,2011,6,19,20,1,11,1,I-95,,99998,28.60637778,-80.851441670,0,42,0,0,1,1,4,0,2,10,0,10,0,0000000,99,99,99,99,88,88,0,0,0,1,0
12,120033,3,3,0,0,0,3,3,9,0,21,1,2011,6,15,31,1,12,3,SR-528,,99998,28.40531389,-80.705541670,0,12,6,0,1,1,1,0,1,10,0,10,0,0000000,99,99,99,99,99,99,14,0,0,2,0
12,120034,2,2,0,0,0,10,10,47,1530,22,1,2011,7,22,30,0,3,2,US-129,,99998,30.47506111,-82.930113890,0,12,6,0,8,1,1,0,3,1,0,1,0,0000000,99,99,99,99,99,99,0,0,0,1,2
12,120035,1,1,0,0,0,1,1,86,0,23,1,2011,1,8,55,1,12,3,SR-826,,99998,25.91961389,-80.325361110,0,24,0,0,1,1,4,0,1,1,0,1,0,0000000,99,99,99,99,99,99,0,0,0,1,0
12,120036,1,1,0,0,0,1,1,13,0,23,1,2011,1,6,0,0,6,4,NE PARRISH LAKE ROAD,,0,30.50413889,-85.033594440,0,42,0,0,1,1,4,0,4,1,0,1,0,0000000,99,99,99,99,88,88,0,0,0,1,1
12,120037,2,2,0,0,0,2,2,33,0,24,1,2011,2,11,20,0,14,3,SR-296,VALLEY ESCONDIDO DR,99998,30.46057222,-87.276500000,0,12,6,0,2,3,1,0,1,10,0,10,0,0000000,99,99,99,99,99,99,0,0,0,1,0
12,120038,2,2,0,0,0,2,2,9,0,24,1,2011,2,6,40,1,11,1,I-95,,99998,28.19927778,-80.709555560,0,12,1,0,1,1,1,0,2,10,0,10,0,0000000,6,37,6,48,88,88,0,0,0,1,0
12,120039,2,2,0,1,1,2,2,5,0,25,1,2011,3,17,40,1,13,2,US-98,SANDY LANE,99998,30.24306944,-85.917980560,0,8,0,0,3,3,1,0,2,10,0,10,0,0000000,99,99,99,99,88,88,0,0,0,1,0
12,120040,1,1,0,1,1,1,1,86,2020,27,1,2011,5,22,20,1,11,1,I-95,,99998,25.81021389,-80.141547220,0,8,0,0,5,1,1,0,2,10,0,10,0,0000000,99,99,99,99,88,88,0,0,0,1,0
12,120041,1,1,0,0,0,1,1,17,0,29,1,2011,7,21,12,0,6,4,EAST RAY STREET,N. CAMOLA TERRACE,0,28.88958333,-82.400980560,0,1,0,0,2,3,4,0,3,1,0,1,0,0000000,99,99,99,99,99,99,0,0,0,1,1
12,120042,2,2,0,0,0,3,3,21,0,29,1,2011,7,19,2,0,13,2,US-41,ABIAKA WAY,99998,26.03885278,-81.661041670,0,12,2,0,2,2,1,0,2,1,0,1,0,0000000,99,99,99,99,99,99,0,0,0,1,1
12,120044,2,2,0,0,0,2,2,19,0,31,1,2011,2,19,0,0,6,4,CR-220,BAXLEY RD,0,30.09613056,-81.830544440,0,12,6,0,2,2,1,0,3,1,0,1,0,0000000,99,99,99,99,99,99,0,0,0,1,0
12,120045,2,2,0,0,0,5,5,86,0,31,1,2011,2,21,13,1,11,1,I-95,,99998,25.89472500,-80.209297220,0,12,1,0,1,1,1,0,3,1,0,1,0,0000000,99,99,99,99,99,99,0,0,0,1,1
12,120046,1,1,0,0,0,1,1,5,0,1,2,2011,3,14,33,0,6,4,N LAGOON DRIVE,,0,30.14853056,-85.743333330,0,42,0,0,1,1,4,0,1,10,0,10,0,0000000,99,99,99,99,88,88,0,0,0,1,1
12,120047,1,1,0,0,0,1,1,11,1050,2,2,2011,4,0,0,1,11,1,I-595,,99998,26.11973056,-80.336652780,0,25,0,0,1,1,4,0,3,1,0,1,0,0000000,99,99,99,99,99,99,0,0,0,1,1
12,120048,1,1,0,0,0,1,1,21,0,3,2,2011,5,1,28,0,3,3,SR-82,CR-850,99998,26.50669167,-81.517775000,0,31,0,0,3,3,4,0,2,5,0,5,0,0000000,99,99,99,99,88,88,0,0,0,1,1
12,120049,1,1,0,0,0,2,2,86,125,4,2,2011,6,3,34,0,16,6,UNIVERSITY PARKWAY,,0,25.93823889,-80.149988890,0,33,0,0,1,1,4,0,3,10,0,10,0,0000000,99,99,99,99,99,99,0,0,0,1,1
12,120050,2,2,0,0,0,2,2,23,0,4,2,2011,6,22,30,0,6,4,CR-341,,0,30.14330278,-82.673602780,0,12,6,0,1,1,1,0,2,5,0,5,0,0000000,99,99,99,99,99,99,0,0,0,1,1
12,120051,2,1,1,1,1,1,1,7,0,4,2,2011,6,9,15,0,3,3,SR-100,,99998,29.83881111,-82.065188890,0,18,0,0,1,1,4,0,1,10,0,10,0,0000000,99,99,99,99,99,99,0,0,0,1,1
12,120052,2,2,0,0,0,3,3,15,0,6,2,2011,1,12,44,0,13,2,US-41,ACLINE ROAD,99998,26.88448611,-82.017141670,0,12,6,0,2,2,1,0,1,10,0,10,0,0000000,99,99,99,99,88,88,0,0,0,1,0
12,120053,2,2,0,0,0,2,2,31,1510,7,2,2011,2,17,10,0,3,3,SR-A1A,,99998,30.43541944,-81.414066670,0,12,6,0,1,1,1,0,1,2,0,2,0,0000000,99,99,99,99,99,99,0,0,0,1,0
12,120054,1,1,0,1,1,1,1,45,0,8,2,2011,3,19,30,0,3,3,SR-71,,99998,30.12656389,-85.203280560,0,8,0,0,1,1,4,0,3,1,0,1,0,0000000,99,99,99,99,88,88,0,0,0,1,1
12,120055,1,1,0,0,0,2,2,11,2260,11,2,2011,6,22,51,1,11,1,I-95,,99998,26.19439722,-80.151288890,0,25,0,0,1,1,3,0,3,10,0,10,0,0000000,99,99,99,99,99,99,0,0,0,1,1
12,120056,2,2,0,0,0,2,2,101,0,12,2,2011,7,11,50,0,6,4,CLINTON AVE,CINDY LN,0,28.32847500,-82.176597220,0,12,6,0,2,3,1,0,1,1,0,1,0,0000000,11,50,11,53,88,88,0,0,0,1,0
12,120057,1,1,0,0,0,1,1,1,0,12,2,2011,7,18,28,0,6,4,NW 170TH ST,,0,29.68405278,-82.523375000,0,42,0,0,1,1,4,0,2,1,0,1,0,0000000,99,99,99,99,88,88,0,0,0,1,1
12,120058,1,1,0,1,1,1,1,23,1660,12,2,2011,7,20,44,0,14,2,US-90,,99998,30.17994167,-82.679705560,0,8,0,0,1,1,1,0,3,1,0,1,0,0000000,99,99,99,99,99,99,0,0,0,1,0
12,120059,2,2,0,0,0,4,4,33,0,13,2,2011,1,2,19,1,14,3,SR-173,CERNY RD,99998,30.44984722,-87.327097220,0,12,2,0,2,3,1,4,3,1,0,1,0,0000000,99,99,99,99,99,99,0,0,0,2,0
12,120060,2,2,0,0,0,2,2,51,0,13,2,2011,1,12,49,1,2,3,SR-80,,99998,26.75310278,-81.105027780,0,12,2,0,1,1,1,0,1,1,0,1,0,0000000,99,99,99,99,99,99,0,0,0,1,1
12,120061,1,1,0,0,0,1,1,9,2005,13,2,2011,1,4,42,0,16,6,DIANA BLVD,VENUS ST,0,28.38517500,-80.699538890,0,30,0,0,3,3,4,0,3,1,0,1,0,0000000,99,99,99,99,99,99,0,0,0,1,0
12,120062,2,2,0,0,0,2,2,9,0,13,2,2011,1,2,42,0,3,3,SR-46,,99998,28.66548333,-80.923522220,0,12,2,0,1,1,1,0,2,1,0,1,0,0000000,99,99,99,99,88,88,0,0,0,2,1
12,120063,1,1,0,0,0,1,1,15,0,15,2,2011,3,15,28,1,11,1,I-75,,99998,26.94131389,-82.019055560,0,18,0,0,1,1,1,0,1,1,0,1,0,0000000,99,99,99,99,88,88,0,0,0,1,0
12,120064,1,1,0,0,0,5,5,3,0,27,2,2011,1,14,13,1,1,1,I-10,,99998,30.26031667,-82.175594440,0,1,0,0,1,1,1,0,1,10,0,10,0,0000000,99,99,99,99,99,99,0,0,0,1,0
12,120065,4,4,0,0,0,7,7,1,0,4,3,2011,6,1,10,1,1,1,I-75,,99998,29.91058056,-82.551580560,0,12,2,0,1,1,1,0,2,1,0,1,0,0000000,99,99,99,99,99,99,0,0,0,1,0
12,120066,2,2,0,0,0,3,3,15,0,17,2,2011,5,14,17,0,14,3,SR-776,OCEANSPRAY BLVD,99998,26.93296944,-82.263672220,0,12,6,0,2,2,1,0,1,1,0,1,0,0000000,99,99,99,99,99,99,0,0,0,1,0
12,120067,2,2,0,0,0,2,2,121,0,15,1,2011,7,18,45,0,6,4,CR-349,,99998,30.13350833,-83.062861110,0,12,6,0,1,1,1,0,2,1,0,1,0,0000000,99,99,99,99,88,88,0,0,0,1,1
12,120068,1,1,0,0,0,1,1,93,0,27,1,2011,5,20,40,0,2,2,US-441,,99998,27.42226111,-80.812972220,0,1,0,0,1,1,4,0,2,1,0,1,0,0000000,99,99,99,99,99,99,0,0,0,1,1
12,120069,1,1,0,0,0,1,1,61,0,27,1,2011,5,1,0,0,13,2,US-1,,99998,27.56111944,-80.367758330,0,24,0,0,1,1,4,0,2,1,0,1,0,0000000,99,99,99,99,88,88,0,0,0,1,1
12,120070,3,3,0,0,0,3,3,11,790,8,2,2011,3,8,25,1,11,1,I-95,,99998,26.09009167,-80.168680560,0,12,1,0,1,1,1,0,1,1,0,1,0,0000000,99,99,99,99,99,99,0,0,0,1,0
12,120071,2,2,0,0,0,2,2,69,0,13,2,2011,1,15,35,1,13,2,US-27,CITRUS TOWER BLVD,99998,28.51964167,-81.728294440,0,12,6,0,2,2,1,4,1,1,0,1,0,0000000,99,99,99,99,99,99,0,0,0,1,0
12,120072,2,2,0,0,0,6,6,97,0,13,2,2011,1,20,0,1,12,3,SR-91,,99998,28.11381389,-81.282763890,0,12,1,0,1,1,1,0,2,10,0,10,0,0000000,99,99,99,99,99,99,0,0,0,1,0
12,120073,2,2,0,0,0,2,2,83,0,22,2,2011,3,1,20,1,2,3,SR-40,,99998,29.16848056,-81.642669440,0,12,2,0,1,1,1,0,2,1,0,1,0,0000000,99,99,99,99,88,88,0,0,0,1,1
12,120074,1,1,0,0,0,5,5,57,2540,1,1,2011,7,0,0,0,16,6,BRIDLE DRIVE,HORSESHOE DRIVE,0,27.98621944,-82.140247220,0,5,0,0,2,3,1,0,3,1,0,1,0,0000000,99,99,99,99,99,99,0,0,0,1,1
12,120075,1,1,0,0,0,4,4,85,0,2,1,2011,1,0,27,0,15,4,SE COMMERCE DRIVE,,99998,27.16546944,-80.223427780,0,1,0,0,1,1,4,0,2,1,0,1,0,0000000,99,99,99,99,99,99,0,0,0,1,1
12,120077,1,1,0,0,0,2,2,57,0,4,1,2011,3,0,36,1,11,1,I-4,,99998,28.01521389,-82.269841670,0,1,0,0,1,1,3,0,3,10,0,10,0,0000000,99,99,99,99,99,99,0,0,0,1,1
12,120078,3,3,0,0,0,3,3,95,2360,4,1,2011,3,0,0,0,16,6,PERSHING AVENUE,NORTHGLENN DRIVE,0,28.49849722,-81.362791670,0,12,6,0,2,2,1,0,3,1,0,1,0,0000000,99,99,99,99,99,99,0,0,0,1,0
12,120079,1,1,0,1,1,1,1,86,2010,5,1,2011,4,21,43,0,13,3,SR-9,NW 23RD ST,99998,25.79801944,-80.239816670,0,8,0,0,2,2,1,0,3,1,0,1,0,0000000,99,99,99,99,88,88,0,0,0,1,0
12,120080,1,1,0,1,1,1,1,83,0,6,1,2011,5,18,25,0,13,3,SR-40,,99998,29.34963611,-82.219677780,0,9,0,0,1,1,1,0,2,1,0,1,0,0000000,99,99,99,99,99,99,0,0,0,1,0
12,120081,1,1,0,0,0,1,1,65,0,7,1,2011,6,6,45,0,3,2,US-90,CR-158A,99998,30.54153889,-83.909494440,0,42,0,0,2,3,4,0,4,1,0,1,0,0000000,99,99,99,99,88,88,0,0,0,1,1
12,120082,1,1,0,0,0,1,1,31,1510,9,1,2011,1,19,5,0,16,6,POWERS AVE,ST AUGUSTINE RD,0,30.26757500,-81.633497220,0,33,0,0,2,3,4,0,3,1,0,1,0,0000000,99,99,99,99,88,88,0,0,0,1,0
12,120083,3,3,0,0,0,5,5,61,0,9,1,2011,1,12,36,0,13,2,US-1,CR-603,99998,27.68949444,-80.412238890,0,12,6,0,2,2,1,0,1,1,0,1,0,0000000,99,99,99,99,99,99,0,0,0,1,0
12,120084,1,1,0,0,0,1,1,57,0,11,1,2011,3,6,56,1,1,1,I-75,,99998,27.68044722,-82.423794440,0,1,0,0,1,1,1,0,2,10,0,10,0,0000000,99,99,99,99,88,88,0,0,0,1,1
12,120085,3,3,0,0,0,4,4,31,1510,12,1,2011,4,20,31,0,16,6,4275 SUNBEAM ROAD,,0,30.20611944,-81.605416670,0,12,2,0,1,1,1,0,3,1,0,1,0,0000000,99,99,99,99,99,99,0,0,0,1,1
12,120086,2,2,0,0,0,4,4,89,0,12,1,2011,4,16,20,0,2,2,US-1,CHURCH ROAD,99998,30.52516667,-81.802041670,0,12,6,0,2,3,1,0,1,1,0,1,0,0000000,99,99,99,99,99,99,0,0,0,1,0
12,120087,3,1,2,0,0,1,1,86,0,13,1,2011,5,17,20,0,6,4,NW 199TH STREET,,0,25.95153333,-80.304255560,0,14,0,0,1,1,4,0,3,1,0,1,0,0000000,99,99,99,99,88,88,0,0,0,1,0
12,120088,1,1,0,0,0,1,1,63,0,15,1,2011,7,13,5,0,6,4,OLD GREENWOOD RD,,0,30.80957778,-85.184116670,0,42,0,0,1,1,4,0,1,1,0,1,0,0000000,99,99,99,99,88,88,0,0,0,1,0
12,120089,2,2,0,0,0,9,9,86,1440,15,1,2011,7,18,15,0,16,6,SE 8TH STREET,SE 42RD AVENUE,0,25.46246944,-80.468994440,0,12,6,0,3,2,1,0,3,1,0,1,0,0000000,99,99,99,99,99,99,0,0,0,2,1
12,120090,1,1,0,1,1,1,1,95,0,16,1,2011,1,15,18,1,12,3,SR-528,,99998,28.45093889,-81.346958330,0,8,0,0,1,1,1,0,1,1,0,1,0,0000000,99,99,99,99,99,99,0,0,0,1,0
12,120091,3,3,0,0,0,8,8,95,0,16,1,2011,1,18,51,0,14,3,SR-551,GOLDENROD ROAD,99998,28.51831667,-81.289244440,0,12,6,0,2,3,1,0,3,10,0,10,0,0000000,99,99,99,99,99,99,0,0,0,1,0
12,120092,1,1,0,0,0,1,1,57,0,18,1,2011,3,18,46,1,1,1,I-75,,99998,27.66903889,-82.431091670,0,58,0,0,1,1,3,0,5,1,0,1,0,0000000,99,99,99,99,88,88,0,0,0,1,1
12,120093,1,1,0,1,1,1,1,75,0,18,1,2011,3,17,43,0,2,2,US-27,CR-343,99998,29.41888056,-82.455194440,0,9,0,0,3,3,1,0,5,1,0,1,0,0000000,99,99,99,99,88,88,0,0,0,1,0
12,120094,1,1,0,0,0,1,1,81,0,19,1,2011,4,6,27,0,16,6,DUETTE RD,,0,27.49478056,-82.070622220,0,1,0,0,1,1,4,0,4,5,0,5,0,0000000,99,99,99,99,88,88,0,0,0,1,0
12,120095,1,1,0,1,1,2,2,91,0,19,1,2011,4,16,35,9,99,9,PRIVATE DR,,99998,30.67664722,-86.748927780,0,8,0,0,1,1,1,0,1,1,0,1,0,0000000,99,99,99,99,99,99,0,0,0,1,0
12,120096,1,1,0,2,2,3,3,57,0,20,1,2011,5,22,5,1,11,1,I-275,,99998,28.10223056,-82.442669440,0,8,0,0,1,1,1,0,2,10,0,10,0,0000000,99,99,99,99,99,99,23,0,0,1,0
12,120097,1,1,0,1,1,1,1,81,0,20,1,2011,5,22,25,0,16,6,UNIVERSITY PKWY,,0,27.38843611,-82.471466670,0,8,0,0,1,1,1,0,2,1,0,1,0,0000000,99,99,99,99,88,88,0,0,0,1,1
12,120098,2,1,1,1,1,2,2,95,2360,21,1,2011,6,2,57,1,12,3,SR-408 WEST,,99998,28.53651111,-81.375872220,0,14,0,0,1,1,2,0,3,2,0,2,0,0000000,99,99,99,99,99,99,0,0,0,2,1
12,120099,1,1,0,2,2,1,1,81,0,22,1,2011,7,22,18,0,16,6,WHITFIELD AVENUE,,0,27.41914722,-82.512272220,0,8,0,0,1,1,1,0,2,1,0,1,0,0000000,99,99,99,99,99,99,0,0,0,1,0
12,120100,1,1,0,0,0,2,2,57,2950,24,1,2011,2,2,40,1,11,1,I-275 EXIT RAMP,,99998,27.95168056,-82.513980560,0,1,0,1,5,1,4,0,3,1,0,1,0,0000000,99,99,99,99,99,99,0,0,0,1,1
12,120101,2,2,0,0,0,3,3,83,2270,25,1,2011,3,3,35,1,2,2,US-301,,99998,29.28953611,-82.151761110,0,12,1,0,1,1,1,0,2,1,0,1,0,0000000,99,99,99,99,88,88,0,0,0,2,0
12,120102,2,2,0,0,0,2,2,1,1130,26,1,2011,4,11,31,0,16,6,CR-2053,,0,29.66716111,-82.389005560,0,12,6,0,1,1,1,0,1,1,0,1,0,0000000,99,99,99,99,99,99,0,0,0,1,0
12,120103,1,1,0,0,0,1,1,83,0,28,1,2011,6,19,15,1,2,2,US-27,,99998,29.35662500,-82.401580560,0,11,0,0,1,1,1,0,2,1,0,1,0,0000000,99,99,99,99,88,88,0,0,0,1,0
12,120104,1,1,0,0,0,2,2,57,0,28,1,2011,6,13,30,1,11,1,I-75,,99998,27.98190833,-82.326338890,0,1,0,0,1,1,3,0,1,1,0,1,0,0000000,99,99,99,99,99,99,0,0,0,1,0
12,120105,1,1,0,0,0,4,4,95,0,28,1,2011,6,2,40,1,12,3,SR-91,,99998,28.45361111,-81.423950000,0,30,0,0,1,1,4,0,3,1,0,1,0,0000000,99,99,99,99,99,99,0,0,0,2,1
12,120106,1,1,0,1,1,1,1,81,0,30,1,2011,1,13,45,0,16,6,WHITFIELD AVE,,0,27.41853611,-82.501861110,0,9,0,0,1,1,4,0,1,1,0,1,0,0000000,99,99,99,99,88,88,0,0,0,1,0