STATE,ST_CASE,VE_TOTAL,VE_FORMS,PVH_INVL,PEDS,PERNOTMVIT,PERMVIT,PERSONS,COUNTY,CITY,DAY,MONTH,YEAR,DAY_WEEK,HOUR,MINUTE,NHS,ROAD_FNC,ROUTE,TWAY_ID,TWAY_ID2,MILEPT,LATITUDE,LONGITUD,SP_JUR,HARM_EV,MAN_COLL,RELJCT1,RELJCT2,TYP_INT,REL_ROAD,WRK_ZONE,LGT_COND,WEATHER1,WEATHER2,WEATHER,SCH_BUS,RAIL,NOT_HOUR,NOT_MIN,ARR_HOUR,ARR_MIN,HOSP_HR,HOSP_MN,CF1,CF2,CF3,FATALS,DRUNK_DR
12,120107,1,1,0,0,0,1,1,81,0,30,1,2011,1,18,54,0,16,6,39TH AVENUE,37TH STREET,0,27.46682778,-82.597758330,0,1,0,0,3,3,4,0,2,1,0,1,0,0000000,99,99,99,99,99,99,0,0,0,1,1
12,120108,4,4,0,0,0,9,9,86,0,30,1,2011,1,21,32,1,12,3,SR-826,,99998,25.73306944,-80.317847220,0,12,1,1,18,1,1,4,3,10,0,10,0,0000000,99,99,99,99,99,99,0,0,0,2,1
12,120109,2,2,0,0,0,2,2,61,0,1,2,2011,3,11,44,0,14,4,INDIAN RIVER BLVD,41ST STREET,99998,27.66762778,-80.394011110,0,12,6,0,2,2,1,0,1,1,0,1,0,0000000,99,99,99,99,99,99,0,0,0,1,0
12,120110,1,1,0,0,0,2,2,59,0,2,2,2011,4,12,10,0,4,3,SR-2,,99998,30.93195000,-85.966311110,0,53,0,0,1,1,4,0,1,10,0,10,0,0000000,99,99,99,99,88,88,0,0,0,2,0
12,120111,2,2,0,0,0,3,3,81,0,3,2,2011,5,19,22,0,16,6,UNIVERSITY PKWY,LAKEWOOD RANCH BLVD,0,27.38642778,-82.433241670,0,12,6,0,2,2,1,0,3,10,0,10,0,0000000,99,99,99,99,99,99,0,0,0,1,1
12,120112,1,1,0,0,0,1,1,71,0,3,2,2011,5,14,16,0,6,4,COLUMBUS BLVD S,,0,26.56644167,-81.572636110,0,1,0,0,1,1,4,0,1,1,0,1,0,0000000,99,99,99,99,88,88,0,0,0,1,1
12,120113,2,2,0,0,0,3,3,61,0,4,2,2011,6,11,29,0,14,4,CR-613,26TH STREET,99998,27.64608611,-80.446772220,0,12,6,0,2,2,1,0,1,1,0,1,0,0000000,99,99,99,99,99,99,0,0,0,2,2
12,120114,1,1,0,0,0,1,1,75,0,5,2,2011,7,22,45,0,6,4,CR-343,,0,29.33084167,-82.644861110,0,34,0,0,1,1,4,0,2,10,0,10,0,0000000,99,99,99,99,88,88,0,0,0,1,1
12,120115,1,1,0,0,0,1,1,83,0,5,2,2011,7,14,35,0,6,4,CR-315,,0,29.48001944,-81.963888890,0,42,0,0,1,1,4,0,1,10,0,10,0,0000000,99,99,99,99,88,88,0,0,0,1,1
12,120116,1,1,0,0,0,1,1,95,0,8,2,2011,3,14,53,0,6,4,ALAFAYA TRAIL,,0,28.54415833,-81.310169440,0,42,0,0,1,1,4,0,1,1,0,1,0,0000000,99,99,99,99,99,99,0,0,0,1,0
12,120117,1,1,0,1,1,1,1,85,1552,9,2,2011,4,9,55,0,14,3,SR-732,,99998,27.25161111,-80.224552780,0,9,0,0,1,1,4,0,1,1,0,1,0,0000000,99,99,99,99,99,99,0,0,0,1,1
12,120118,1,1,0,1,1,1,1,86,0,9,2,2011,4,20,35,1,13,2,US-27,,99998,25.87916111,-80.356361110,0,8,0,0,1,1,1,0,3,1,0,1,0,0000000,99,99,99,99,88,88,0,0,0,1,0
12,120119,2,2,0,0,0,2,2,71,0,10,2,2011,5,14,24,0,6,4,CR-850,,0,26.58808889,-81.966922220,0,12,6,0,1,1,1,0,1,10,0,10,0,0000000,99,99,99,99,88,88,0,0,0,1,0
12,120121,2,2,0,0,0,2,2,86,2010,11,2,2011,6,3,19,1,11,1,I-395,,99998,25.78765278,-80.198086110,0,12,2,0,1,1,1,0,3,10,0,10,0,0000000,99,99,99,99,99,99,0,0,0,1,2
12,120122,2,2,0,0,0,2,2,81,0,12,2,2011,7,2,30,1,1,1,I-275,,99998,27.58468889,-82.556552780,0,12,2,0,1,1,1,0,2,1,0,1,0,0000000,2,35,2,42,99,99,0,0,0,1,1
12,120123,2,2,0,1,1,2,2,86,844,13,2,2011,1,4,2,1,12,3,SR-826,,99998,25.82554444,-80.321975000,0,12,1,0,1,1,1,0,3,1,0,1,0,0000000,99,99,99,99,99,99,0,0,0,1,1
12,120124,1,1,0,0,0,2,2,11,2083,13,2,2011,1,3,49,1,12,3,SR-821,,99998,25.97251389,-80.241505560,0,25,0,0,1,1,3,0,3,10,0,10,0,0000000,99,99,99,99,99,99,0,0,0,1,0
12,120125,1,1,0,1,1,3,3,35,0,14,2,2011,2,19,25,0,14,3,SR-A1A,,99998,29.60750278,-81.199630560,0,8,0,0,1,1,1,0,2,1,0,1,0,0000000,99,99,99,99,88,88,0,0,0,1,0
12,120126,1,1,0,1,1,1,1,31,1510,15,2,2011,3,19,50,0,13,2,US-90,PALM LANE,99998,30.28815000,-81.573983330,0,8,0,0,3,3,1,0,3,1,0,1,0,0000000,99,99,99,99,99,99,0,0,0,1,0
12,120127,3,3,0,0,0,6,6,57,0,16,2,2011,4,12,53,0,13,3,SR-674,CORTARO DR,99998,27.71232222,-82.370561110,0,12,1,0,3,3,1,0,1,1,0,1,0,0000000,99,99,99,99,99,99,0,0,0,2,0
12,120128,4,4,0,0,0,5,5,57,0,16,2,2011,4,20,6,1,11,1,I-4,,99998,27.99643056,-82.363730560,0,1,0,1,5,1,1,0,2,1,0,1,0,0000000,99,99,99,99,88,88,0,0,0,1,0
12,120129,1,1,0,0,0,1,1,83,0,16,2,2011,4,6,5,0,6,4,CR-464,MIDWAY ROAD,0,29.11831111,-82.027355560,0,44,0,0,2,2,1,0,2,1,0,1,0,0000000,99,99,99,99,99,99,0,0,0,1,0
12,120130,2,2,0,1,1,2,2,95,0,16,2,2011,4,19,35,0,6,3,SR-423,,0,28.44822500,-81.427955560,0,8,0,0,1,1,1,0,2,1,0,1,0,0000000,99,99,99,99,88,88,0,0,0,1,0
12,120131,3,3,0,0,0,4,4,73,0,16,2,2011,4,7,15,0,2,3,SR-20,,99998,30.42090000,-84.542319440,0,12,6,0,1,1,1,0,4,1,0,1,0,0000000,99,99,99,99,99,99,0,0,0,1,0
12,120132,2,2,0,0,0,3,3,57,0,18,2,2011,6,18,49,0,13,2,US-92,,99998,28.01978333,-82.162502780,0,12,1,0,8,1,1,0,5,1,0,1,0,0000000,99,99,99,99,88,88,0,0,0,1,0
12,120133,1,1,0,0,0,1,1,57,0,18,2,2011,6,19,30,0,13,2,US-41,,99998,27.70535278,-82.437780560,0,11,0,0,1,1,1,0,2,1,0,1,0,0000000,99,99,99,99,88,88,0,0,0,1,0
12,120134,1,1,0,0,0,1,1,69,1120,18,2,2011,6,20,13,0,16,6,4027 PICCIOLA RD,,0,28.85679722,-81.888025000,0,32,0,0,1,1,4,0,2,1,0,1,0,0000000,20,15,20,22,88,88,0,0,0,1,1
12,120135,1,1,0,1,1,3,3,9,0,18,2,2011,6,22,55,0,13,3,SR-A1A,,99998,28.11360556,-80.574102780,0,8,0,0,1,1,1,0,2,1,0,1,0,0000000,99,99,99,99,99,99,0,0,0,1,1
12,120136,1,1,0,1,1,2,2,71,0,19,2,2011,7,10,24,0,6,4,THREE OAKS PKWY,ESTERO PKWY,0,26.45006389,-81.788772220,0,9,0,0,2,2,1,0,1,1,0,1,0,0000000,99,99,99,99,99,99,0,0,0,1,0
12,120137,2,2,0,1,1,4,4,85,0,19,2,2011,7,21,35,0,3,2,US-98,,99998,27.08510000,-80.251411110,0,8,0,0,1,1,4,0,3,1,0,1,0,0000000,99,99,99,99,99,99,0,0,0,1,0
12,120138,1,1,0,0,0,1,1,95,0,20,2,2011,1,6,55,0,6,4,AVALON RD,,0,28.37961111,-81.643300000,0,38,0,0,1,1,4,0,2,1,0,1,0,0000000,99,99,99,99,88,88,0,0,0,1,1
12,120139,1,1,0,0,0,1,1,86,0,20,2,2011,1,9,8,1,2,3,SR-997,,99998,25.72326111,-80.479963890,0,42,0,0,1,1,4,0,1,1,0,1,0,0000000,99,99,99,99,99,99,0,0,0,1,0
12,120140,1,1,0,1,1,1,1,86,0,20,2,2011,1,5,50,0,13,3,SR-826,,99998,25.67684444,-80.318944440,0,8,0,0,1,1,1,0,3,10,0,10,0,0000000,99,99,99,99,88,88,0,0,0,1,0
12,120141,1,1,0,0,0,1,1,86,0,20,2,2011,1,7,0,1,11,1,I-95,,99998,25.91844722,-80.210444440,0,52,0,0,1,1,3,0,1,1,0,1,0,0000000,99,99,99,99,88,88,0,0,0,1,1
12,120142,1,1,0,1,1,4,4,19,0,21,2,2011,2,19,28,0,2,2,US-17,,99998,29.93457778,-81.688394440,0,8,0,0,1,1,1,0,2,1,0,1,0,0000000,99,99,99,99,88,88,0,0,0,1,0
12,120143,1,1,0,1,1,1,1,57,0,21,2,2011,2,20,22,1,13,3,SR-60,,99998,27.93801944,-82.253747220,0,8,0,0,1,1,1,0,3,1,0,1,0,0000000,99,99,99,99,88,88,0,0,0,1,0
12,120144,2,2,0,0,0,2,2,83,0,21,2,2011,2,8,19,0,6,4,CR-326,NW 137TH AVE,0,29.28298333,-82.349200000,0,12,6,0,2,2,1,0,1,1,0,1,0,0000000,99,99,99,99,99,99,0,0,0,1,1
12,120145,2,2,0,0,0,2,2,81,0,22,2,2011,3,17,14,0,13,2,US-41,MONTGOMERY AVENUE,99998,27.41357778,-82.572619440,0,12,6,0,2,3,1,0,1,1,0,1,0,0000000,99,99,99,99,88,88,0,0,0,1,0
12,120146,2,2,0,0,0,2,2,15,0,23,2,2011,4,15,20,0,6,4,CR-74,,0,26.94496944,-81.568097220,0,1,0,0,1,1,1,0,1,1,0,1,0,0000000,99,99,99,99,99,99,0,0,0,1,0
12,120147,1,1,0,1,1,1,1,81,0,25,2,2011,6,22,25,0,13,2,US-41,,99998,27.43836667,-82.575577780,0,8,0,0,1,1,1,0,2,1,0,1,0,0000000,22,30,22,35,88,88,0,0,0,1,1
12,120148,2,1,1,0,0,2,2,87,0,25,2,2011,6,0,1,0,16,6,AVIATION BLVD,,0,24.72322222,-81.062644440,0,14,0,0,1,1,4,0,2,1,0,1,0,0000000,99,99,99,99,99,99,0,0,0,1,1
12,120149,1,1,0,0,0,1,1,33,0,26,2,2011,7,14,0,1,1,1,I-10 RAMP,,99998,30.50296389,-87.228736110,0,23,0,0,5,1,4,0,1,1,0,1,0,0000000,99,99,99,99,99,99,0,0,0,1,0
12,120150,1,1,0,0,0,1,1,81,0,26,2,2011,7,15,10,0,3,3,SR-62,,99998,27.44666389,-82.497419440,0,34,0,0,1,1,4,0,1,1,0,1,0,0000000,99,99,99,99,99,99,0,0,0,1,0
12,120151,1,1,0,0,0,1,1,9,0,26,2,2011,7,2,30,0,6,4,MULLET ROAD,,0,28.40894167,-80.631736110,0,39,0,0,1,1,4,0,2,10,0,10,0,0000000,99,99,99,99,99,99,0,0,0,1,1
12,120152,1,1,0,1,1,1,1,93,0,26,2,2011,7,19,58,0,6,4,SE-34TH AVENUE,,0,27.21315556,-80.793891670,0,8,0,0,1,1,1,0,2,1,0,1,0,0000000,99,99,99,99,88,88,0,0,0,1,0
12,120153,1,1,0,1,1,1,1,83,0,26,2,2011,7,6,21,0,6,4,CR-464,,0,29.10409167,-82.012483330,0,8,0,0,1,1,1,0,2,1,0,1,0,0000000,99,99,99,99,88,88,0,0,0,1,0
12,120154,1,1,0,0,0,2,2,83,0,26,2,2011,7,21,25,0,6,4,4455 W ANTHONY ROAD,,0,29.23270833,-82.140544440,0,5,0,0,1,1,1,0,2,1,0,1,0,0000000,99,99,99,99,99,99,0,0,0,1,1
12,120155,1,1,0,0,0,1,1,83,0,27,2,2011,1,2,20,1,2,2,US-301,,99998,29.27415000,-82.151869440,0,42,0,0,1,1,4,0,2,5,0,5,0,0000000,99,99,99,99,88,88,0,0,0,1,0
12,120156,2,2,0,0,0,2,2,17,0,27,2,2011,1,8,25,0,13,2,US-98,,99998,28.71934444,-82.546469440,0,12,6,0,7,1,1,0,1,1,0,1,0,0000000,8,31,8,33,99,99,0,0,0,1,0
12,120157,2,2,0,0,0,3,3,31,1510,1,3,2011,3,10,15,1,11,1,I-295,,99998,30.38771944,-81.558319440,0,12,1,0,1,1,1,0,1,1,0,1,0,0000000,99,99,99,99,99,99,0,0,0,1,0
12,120158,3,3,0,0,0,5,5,86,0,1,3,2011,3,19,35,0,14,3,SR-973,,99998,25.65852778,-80.334527780,0,12,7,0,1,1,1,0,2,10,0,10,0,0000000,99,99,99,99,99,99,0,0,0,1,0
12,120159,1,1,0,0,0,1,1,9,0,1,3,2011,3,9,0,0,6,4,CR-3,,0,28.79130833,-80.806013890,0,1,0,0,1,1,4,0,1,5,0,5,0,0000000,99,99,99,99,88,88,0,0,0,1,0
12,120160,2,2,0,1,1,4,4,33,0,3,3,2011,5,22,53,0,13,2,US-90,,99998,30.43835278,-87.280277780,0,8,0,0,1,1,1,0,2,1,0,1,0,0000000,99,99,99,99,99,99,0,0,0,1,0
12,120161,2,2,0,0,0,2,2,69,0,3,3,2011,5,5,27,1,2,2,US-27,,99998,28.42001667,-81.706338890,0,12,6,0,8,1,1,0,2,1,0,1,0,0000000,99,99,99,99,88,88,0,0,0,1,0
12,120162,2,2,0,0,0,4,4,53,0,4,3,2011,6,7,55,0,6,4,CR-574,LINDEN DRIVE,0,28.45903889,-82.549183330,0,12,6,0,2,3,1,0,1,1,0,1,0,0000000,99,99,99,99,99,99,0,0,0,1,0
12,120163,1,1,0,0,0,4,4,21,0,4,3,2011,6,21,0,1,1,1,I-75,,99998,26.15337778,-81.568402780,0,1,0,0,1,1,4,0,2,1,0,1,0,0000000,99,99,99,99,99,99,0,0,0,4,0
12,120164,2,2,0,0,0,3,3,81,0,5,3,2011,7,0,20,1,11,1,I-75,,99998,27.51896111,-82.503547220,0,12,1,0,1,1,1,0,2,1,0,1,0,0000000,99,99,99,99,99,99,0,0,0,1,0
12,120165,2,2,0,0,0,4,4,57,0,6,3,2011,1,22,10,1,13,3,SR-60,,99998,27.93772778,-82.124638890,0,12,2,0,1,1,1,0,3,1,0,1,0,0000000,22,12,22,20,99,99,0,0,0,2,1
12,120166,2,2,0,0,0,6,6,47,0,6,3,2011,1,6,50,1,1,1,I-75,,99998,30.46530833,-82.960697220,0,12,1,0,1,1,1,0,4,10,0,10,0,0000000,99,99,99,99,99,99,0,0,0,1,0
12,120167,1,1,0,0,0,4,4,71,0,6,3,2011,1,1,45,0,6,4,WINGED FOOT DR,,0,26.48612778,-81.799008330,0,59,0,0,1,1,4,0,2,1,0,1,0,0000000,99,99,99,99,99,99,0,0,0,2,1
12,120168,1,1,0,1,1,3,3,15,0,9,3,2011,4,20,49,0,13,2,US-41,,99998,26.98263889,-82.099866670,0,8,0,0,1,1,1,0,3,1,0,1,0,0000000,99,99,99,99,99,99,0,0,0,1,0
12,120170,2,2,0,0,0,2,2,31,0,12,3,2011,7,11,0,0,13,2,US-1,RACETRACK ROAD,99998,30.10716667,-81.481630560,0,12,1,0,3,1,1,0,1,1,0,1,0,0000000,99,99,99,99,99,99,0,0,0,1,0
12,120171,2,2,0,0,0,3,3,86,0,12,3,2011,7,14,55,1,12,3,SR-826,,99998,25.84522778,-80.321991670,0,12,6,0,1,1,1,0,1,1,0,1,0,0000000,99,99,99,99,99,99,0,0,0,1,1
12,120172,1,1,0,0,0,1,1,117,0,1,1,2011,7,0,0,0,16,6,CR-415,,0,28.80121111,-81.213230560,0,30,0,0,1,1,4,0,3,1,0,1,0,0000000,99,99,99,99,88,88,0,0,0,1,1
12,120173,2,2,0,0,0,3,3,105,0,2,1,2011,1,9,0,0,6,4,DEEN STILL RD,,0,28.25868056,-81.801511110,0,12,6,0,1,1,1,0,1,2,0,2,0,0000000,99,99,99,99,99,99,0,0,0,2,0
12,120174,2,2,0,0,0,2,2,99,330,7,1,2011,6,18,25,0,16,6,CONGRESS BLVD,UNKNOWN,0,26.54128889,-80.090650000,0,12,6,0,2,2,1,0,3,1,0,1,0,0000000,99,99,99,99,99,99,0,0,0,1,0
12,120175,2,2,0,0,0,3,3,103,0,8,1,2011,7,11,45,0,6,4,CR-611,TARPON WOODS BLVD,0,27.97415556,-82.710400000,0,12,6,0,2,2,1,0,1,1,0,1,0,0000000,99,99,99,99,88,88,0,0,0,1,0
12,120176,2,2,0,0,0,2,2,101,0,8,1,2011,7,13,18,0,13,3,SR-52,ZIMMERMAN RD,99998,28.33127500,-82.691305560,0,12,6,0,2,2,1,0,1,1,0,1,0,0000000,99,99,99,99,99,99,0,0,0,1,0
12,120177,1,1,0,0,0,1,1,105,0,9,1,2011,1,3,18,0,6,4,OVERLOOK DR,,0,28.00780833,-81.684202780,0,59,0,0,1,1,4,0,2,1,0,1,0,0000000,99,99,99,99,88,88,0,0,0,1,0
12,120179,1,1,0,0,0,1,1,105,0,17,1,2011,2,1,50,0,6,4,CR-547,,0,28.19499444,-81.594502780,0,31,0,0,1,1,4,0,2,2,0,2,0,0000000,99,99,99,99,88,88,0,0,0,1,1
12,120180,2,2,0,0,0,2,2,105,0,17,1,2011,2,12,45,1,2,3,SR-60,,99998,27.91390000,-81.702180560,0,43,0,0,1,1,3,0,1,2,0,2,0,0000000,99,99,99,99,99,99,0,0,0,1,0
12,120181,3,3,0,0,0,8,8,105,0,17,1,2011,2,15,50,1,2,2,US-98,,99998,28.04292222,-81.620647220,0,12,6,0,1,1,1,0,1,10,0,10,0,0000000,99,99,99,99,99,99,0,0,0,1,0
12,120182,1,1,0,1,1,1,1,99,0,17,1,2011,2,1,45,1,2,2,US-27,,99998,26.60959167,-80.711811110,0,8,0,0,1,1,1,2,2,1,0,1,0,0000000,99,99,99,99,88,88,0,0,0,1,0
12,120183,1,1,0,1,1,2,2,101,0,19,1,2011,4,9,32,0,6,4,CR-1,KISH BLVD,0,28.18244167,-82.666697220,0,8,0,0,2,2,1,0,1,1,0,1,0,0000000,9,33,9,39,88,88,0,0,0,1,0
12,120184,1,1,0,1,1,1,1,105,0,19,1,2011,4,18,17,0,13,2,US-17,,99998,27.99079444,-81.742897220,0,8,0,0,1,1,1,0,2,1,0,1,0,0000000,99,99,99,99,88,88,0,0,0,1,0
12,120185,1,1,0,0,0,1,1,117,0,20,1,2011,5,19,15,1,11,1,I-4,,99998,28.80232500,-81.342702780,0,24,0,0,1,1,4,0,3,1,0,1,0,0000000,99,99,99,99,88,88,0,0,0,1,1
12,120186,1,1,0,1,1,4,4,101,0,20,1,2011,5,19,14,0,13,2,US-41,,99998,28.19440278,-82.465086110,0,8,0,0,1,1,1,0,3,1,0,1,0,0000000,19,15,19,18,88,88,0,0,0,1,0
12,120187,3,3,0,0,0,3,3,97,0,21,1,2011,6,2,24,1,11,1,I-4,,99998,28.26690556,-81.607750000,0,12,1,0,1,1,1,0,2,10,0,10,0,0000000,2,29,2,37,88,88,0,0,0,1,1
12,120188,1,1,0,0,0,1,1,97,0,21,1,2011,6,23,20,0,2,2,US-192,,99998,28.34711667,-81.616577780,0,43,0,0,1,1,3,0,3,1,0,1,0,0000000,99,99,99,99,99,99,0,0,0,1,0
12,120189,2,2,0,0,0,2,2,99,820,23,1,2011,1,22,40,1,11,1,I-95,,99998,26.42991667,-80.089727780,0,12,7,0,1,1,1,0,3,1,0,1,0,0000000,99,99,99,99,99,99,0,0,0,1,1
12,120190,2,2,0,0,0,2,2,103,0,26,1,2011,4,17,20,0,6,4,OAK STREET,105TH TERRACE,0,27.86808333,-82.631694440,0,12,2,0,2,3,1,0,5,1,0,1,0,0000000,99,99,99,99,99,99,0,0,0,1,0
12,120191,1,1,0,1,1,2,2,113,0,29,1,2011,7,21,45,0,6,4,CR-184,,0,30.59483056,-86.962013890,0,8,0,0,1,1,1,0,2,1,0,1,0,0000000,99,99,99,99,88,88,0,0,0,1,0
12,120192,2,2,0,0,0,18,18,101,0,2,2,2011,4,8,30,0,6,4,ANCLOTE BLVD,,0,28.17286944,-82.763677780,0,12,2,0,1,1,1,0,1,10,0,10,1,0000000,99,99,99,99,99,99,0,0,0,1,0
12,120193,1,1,0,0,0,1,1,105,0,4,2,2011,6,15,45,0,6,4,DEESON ROAD,,0,28.11349722,-82.030830560,0,34,0,0,1,1,4,0,1,1,0,1,0,0000000,99,99,99,99,99,99,0,0,0,1,0
12,120194,1,1,0,1,1,1,1,99,1760,4,2,2011,6,2,5,0,14,2,US-1,,99998,26.61870000,-80.118113890,0,8,0,0,1,1,1,0,3,1,0,1,0,0000000,99,99,99,99,88,88,0,0,0,1,0
12,120195,2,2,0,1,1,3,3,97,0,5,2,2011,7,21,0,0,14,3,SR-535,,99998,28.33848889,-81.480661110,0,8,0,0,1,1,4,0,2,2,0,2,0,0000000,99,99,99,99,99,99,0,0,0,1,1
12,120196,2,2,0,0,0,2,2,101,0,9,2,2011,4,19,55,1,13,3,SR-54,FOGGY RIDGE PRKWY,99998,28.32852778,-82.698838890,0,12,6,0,2,2,1,0,2,1,0,1,0,0000000,99,99,99,99,99,99,0,0,0,1,0
12,120197,1,1,0,0,0,1,1,101,0,11,2,2011,6,6,20,0,6,4,JESSAMINE RD,,0,28.38411111,-82.278638890,0,1,0,0,1,1,4,0,2,5,0,5,0,0000000,6,23,6,33,88,88,0,0,0,1,1
12,120198,1,1,0,0,0,1,1,113,0,13,2,2011,1,8,15,0,6,4,SELLERSVILLE RD,,0,30.99289167,-86.961750000,0,34,0,0,1,1,4,0,1,1,0,1,0,0000000,99,99,99,99,99,99,0,0,0,1,1
12,120199,1,1,0,1,1,1,1,103,0,13,2,2011,1,2,10,0,13,2,US-19,,99998,28.07908889,-82.740838890,0,8,0,0,1,1,1,0,2,1,0,1,0,0000000,99,99,99,99,99,99,0,0,0,1,0
12,120200,3,3,0,0,0,4,4,101,0,13,2,2011,1,15,25,1,13,2,US-19,LITTLE ROAD,99998,28.39949722,-82.659802780,0,12,1,0,3,2,1,0,1,1,0,1,0,0000000,99,99,99,99,99,99,0,0,0,1,0
12,120201,2,2,0,0,0,3,3,115,0,14,2,2011,2,6,22,0,6,4,CR-773,PROCTOR RD,0,27.28403056,-82.497558330,0,12,6,0,2,2,1,0,4,1,0,1,0,0000000,99,99,99,99,99,99,0,0,0,1,0
12,120202,1,1,0,0,0,1,1,101,0,15,2,2011,3,19,0,0,13,3,SR-54,,99998,28.19387500,-82.481377780,0,1,0,0,1,1,3,0,2,10,0,10,0,0000000,19,0,19,1,88,88,0,0,0,1,1
12,120203,1,1,0,0,0,2,2,115,0,19,2,2011,7,19,0,0,13,2,US-41,,99998,27.14308611,-82.460963890,0,1,0,0,1,1,1,0,3,1,0,1,0,0000000,99,99,99,99,99,99,0,0,0,1,0
12,120204,1,1,0,0,0,1,1,103,0,26,2,2011,7,1,8,0,6,4,62ND STREET,,0,27.90873889,-82.721050000,0,32,0,0,1,1,4,0,2,1,0,1,0,0000000,99,99,99,99,99,99,0,0,0,1,0
12,120205,1,1,0,0,0,3,3,113,0,1,3,2011,3,19,19,0,16,6,CR-191,,0,30.67661389,-86.994052780,0,34,0,0,1,1,4,0,2,1,0,1,0,0000000,99,99,99,99,99,99,0,0,0,2,0
12,120206,1,1,0,1,1,1,1,101,0,1,3,2011,3,19,48,1,13,2,US-19,,99998,28.35106944,-82.699038890,0,8,0,0,1,1,1,0,3,1,0,1,0,0000000,19,49,19,54,99,99,0,0,0,1,0
12,120207,1,1,0,1,1,1,1,101,0,2,3,2011,4,23,25,1,13,3,SR-54,US-41,99998,28.19164167,-82.465788890,0,9,0,0,2,2,1,0,3,1,0,1,0,0000000,99,99,99,99,99,99,0,0,0,1,0
12,120208,2,2,0,0,0,2,2,105,0,4,3,2011,6,0,0,0,3,3,SR-33,,99998,28.35833611,-81.819738890,0,12,98,0,1,1,1,0,2,1,0,1,0,0000000,99,99,99,99,88,88,0,0,0,1,0
12,120209,1,1,0,0,0,4,4,99,0,4,3,2011,6,14,45,0,6,4,LAKE HOUSE COURT,,0,26.84788056,-80.048497220,0,5,0,0,1,1,1,0,1,1,0,1,0,0000000,99,99,99,99,88,88,0,0,0,1,0
12,120210,1,1,0,0,0,1,1,97,0,9,3,2011,4,8,30,1,2,3,SR-91,,99998,27.97385278,-81.112386110,0,59,0,0,1,1,4,0,1,10,0,10,0,0000000,99,99,99,99,88,88,0,0,0,1,0
12,120211,2,2,0,0,0,3,3,97,0,10,3,2011,5,3,21,0,6,4,POINCIANA BLVD,,0,28.28877778,-81.472825000,0,12,2,0,1,1,1,0,3,2,0,2,0,0000000,99,99,99,99,99,99,0,0,0,2,1
12,120212,1,1,0,0,0,2,2,113,0,12,3,2011,7,9,45,1,1,1,I-10,,99998,30.66871111,-86.852269440,0,1,0,0,1,1,4,0,1,1,0,1,0,0000000,99,99,99,99,99,99,0,0,0,1,0
12,120213,2,2,0,0,0,3,3,105,0,14,3,2011,2,6,44,0,13,2,US-98,SOCRUM LOOP RD,99998,28.15371111,-81.973644440,0,12,6,0,2,3,1,0,2,1,0,1,0,0000000,99,99,99,99,99,99,0,0,0,1,0
12,120214,2,2,0,0,0,7,7,117,0,24,1,2011,2,1,10,1,12,3,SR-434,,99998,28.68057222,-81.226100000,0,12,2,0,1,1,1,0,2,1,0,1,0,0000000,99,99,99,99,99,99,0,0,0,1,1
12,120215,1,1,0,1,1,2,2,109,0,2,1,2011,1,23,5,0,13,2,US-1,,99998,29.99003056,-81.372027780,0,8,0,0,1,1,1,0,2,10,0,10,0,0000000,99,99,99,99,99,99,0,0,0,1,0
12,120216,1,1,0,0,0,1,1,117,0,24,2,2011,5,8,4,1,11,1,I-4,,99998,28.76069444,-81.361616670,0,24,0,1,5,1,3,0,1,5,0,5,0,0000000,99,99,99,99,88,88,0,0,0,1,0
12,120217,2,2,0,0,0,2,2,109,0,8,2,2011,3,15,25,0,14,3,SR-13,BISHOP ESTATES RD,99998,29.92798333,-81.422825000,0,12,6,0,2,3,1,0,1,1,0,1,0,0000000,99,99,99,99,99,99,0,0,0,1,0
12,120218,2,2,0,0,0,4,4,109,0,24,2,2011,5,21,30,1,1,1,I-95,,99998,29.69145278,-81.324105560,0,24,0,0,1,1,3,0,2,1,0,1,0,0000000,99,99,99,99,99,99,0,0,0,1,0
12,120219,1,1,0,0,0,1,1,111,0,5,2,2011,7,13,40,1,11,1,I-95,,99998,27.45226944,-80.396422220,0,1,0,0,1,1,3,0,1,1,0,1,0,0000000,99,99,99,99,99,99,0,0,0,1,0
12,120220,2,2,0,0,0,4,4,119,0,12,2,2011,7,18,48,0,2,3,SR-44,CR-44A,99998,28.86596111,-82.078680560,0,12,6,0,2,3,1,0,2,1,0,1,0,0000000,99,99,99,99,99,99,0,0,0,1,0
12,120221,2,2,0,0,0,3,3,119,0,27,2,2011,1,4,18,1,1,1,I-75,,99998,28.94705556,-82.117113890,0,12,1,0,1,1,1,0,2,5,0,5,0,0000000,99,99,99,99,99,99,0,0,0,1,1
12,120222,1,1,0,0,0,1,1,121,0,5,2,2011,7,5,0,0,3,3,SR-247,,99998,30.05096944,-82.801469440,0,43,0,0,1,1,4,0,2,2,0,2,0,0000000,99,99,99,99,88,88,0,0,0,1,0
12,120223,1,1,0,0,0,1,1,121,0,19,2,2011,7,2,0,0,6,4,188TH ST,,0,30.10819722,-83.092183330,0,1,0,0,1,1,1,0,2,1,0,1,0,0000000,99,99,99,99,88,88,0,0,0,1,1
12,120224,5,5,0,1,1,6,6,127,0,15,2,2011,3,0,30,1,11,1,I-4,,99998,28.87606667,-81.282666670,0,8,0,0,1,1,1,0,2,1,0,1,0,0000000,99,99,99,99,88,88,0,0,0,1,0