STATE,ST_CASE,VE_TOTAL,VE_FORMS,PVH_INVL,PEDS,PERNOTMVIT,PERMVIT,PERSONS,COUNTY,CITY,DAY,MONTH,YEAR,DAY_WEEK,HOUR,MINUTE,NHS,ROAD_FNC,ROUTE,TWAY_ID,TWAY_ID2,MILEPT,LATITUDE,LONGITUD,SP_JUR,HARM_EV,MAN_COLL,RELJCT1,RELJCT2,TYP_INT,REL_ROAD,WRK_ZONE,LGT_COND,WEATHER1,WEATHER2,WEATHER,SCH_BUS,RAIL,NOT_HOUR,NOT_MIN,ARR_HOUR,ARR_MIN,HOSP_HR,HOSP_MN,CF1,CF2,CF3,FATALS,DRUNK_DR
12,120225,1,1,0,0,0,3,3,131,0,13,2,2011,1,19,25,0,6,4,CR-1087,,0,30.78770556,-86.307566670,0,34,0,0,1,1,4,0,2,1,0,1,0,0000000,99,99,99,99,99,99,0,0,0,1,1
12,120226,1,1,0,0,0,4,4,63,0,19,3,2011,7,1,44,1,1,1,I-10,,99998,30.71040556,-84.915733330,0,1,0,0,1,1,1,0,1,1,0,1,0,0000000,99,99,99,99,99,99,0,0,0,2,0
12,120227,2,2,0,0,0,3,3,117,0,8,3,2011,3,14,6,0,16,6,CR-427 RAMP,,0,28.75767222,-81.268233330,0,12,6,1,5,1,1,0,1,1,0,1,0,0000000,99,99,99,99,99,99,0,0,0,1,0
12,120228,1,1,0,1,1,1,1,119,3230,9,3,2011,4,20,50,1,2,3,SR-91,,99998,28.81774722,-82.018369440,0,8,0,0,1,1,1,0,2,10,0,10,0,0000000,99,99,99,99,88,88,0,0,0,1,0
12,120229,1,1,0,0,0,1,1,121,0,5,3,2011,7,0,10,0,6,4,CR-250,,0,30.23056389,-82.809677780,0,59,0,0,1,1,4,0,2,1,0,1,0,0000000,99,99,99,99,88,88,0,0,0,1,0
12,120230,1,1,0,0,0,1,1,127,0,11,3,2011,6,0,0,0,16,6,SOUTH CAMP MOON RD,,0,29.18496111,-81.528452780,0,1,0,0,1,1,4,0,2,1,0,1,0,0000000,99,99,99,99,99,99,0,0,0,1,1
12,120231,2,2,0,0,0,3,3,127,0,3,3,2011,5,19,35,0,13,2,US-17,ROBIN HOOD DR,99998,29.07755556,-81.312955560,0,12,6,1,2,3,1,0,2,1,0,1,0,0000000,99,99,99,99,99,99,0,0,0,1,1
12,120232,1,1,0,1,1,1,1,127,0,7,3,2011,2,23,10,0,13,3,SR-A1A,,99998,29.34641389,-81.065027780,0,15,0,0,1,1,1,0,3,1,0,1,0,0000000,99,99,99,99,99,99,0,0,0,1,0
12,120233,1,1,0,0,0,1,1,127,0,13,3,2011,1,22,10,1,11,1,I-4,,99998,28.95239444,-81.258438890,0,1,0,0,1,1,4,0,2,1,0,1,0,0000000,99,99,99,99,99,99,0,0,0,1,1
12,120235,2,2,0,0,0,5,5,127,0,26,2,2011,7,1,20,0,2,2,US-17,,99998,29.20218056,-81.439938890,0,12,6,0,1,1,1,0,2,1,0,1,0,0000000,99,99,99,99,88,88,0,0,0,1,1
12,120236,3,3,0,0,0,4,4,11,672,31,1,2011,2,15,10,0,14,6,WILES ROAD,NW 87TH AVENUE,99998,26.28678889,-80.241261110,0,12,6,0,2,3,1,0,1,1,0,1,0,0000000,99,99,99,99,99,99,0,0,0,1,0
12,120237,2,2,0,0,0,2,2,11,2083,4,2,2011,6,8,1,0,13,3,SR-823,RENAISSANCE BLVD,99998,25.98765000,-80.307591670,0,12,6,0,2,2,1,0,1,1,0,1,0,0000000,99,99,99,99,99,99,0,0,0,1,0
12,120238,2,2,0,0,0,2,2,11,663,21,2,2011,2,5,14,0,13,3,SR-823,SW 49TH STREET,99998,26.05916944,-80.313283330,0,12,2,0,3,1,1,0,3,1,0,1,0,0000000,99,99,99,99,99,99,0,0,0,1,1
12,120239,2,2,0,0,0,2,2,7,1800,27,2,2011,1,18,53,1,2,2,US-301,,99998,30.26358611,-82.162869440,0,12,1,0,1,1,1,0,2,1,0,1,0,0000000,99,99,99,99,99,99,0,0,0,1,0
12,120240,2,2,0,0,0,2,2,19,0,12,3,2011,7,23,40,0,6,4,CR-218,,0,30.10253611,-81.956530560,0,12,2,0,1,1,1,0,2,1,0,1,0,0000000,99,99,99,99,99,99,0,0,0,1,1
12,120241,1,1,0,0,0,1,1,17,0,15,3,2011,3,15,40,0,6,4,N MCGOWAN AVENUE,,0,28.86369722,-82.554897220,0,1,0,0,1,1,1,0,1,1,0,1,0,0000000,15,45,15,58,88,88,0,0,0,1,0
12,120242,2,2,0,0,0,2,2,83,0,16,3,2011,4,20,18,1,2,3,SR-40,,99998,29.17732222,-81.773288890,0,12,2,0,1,1,1,0,2,1,0,1,0,0000000,99,99,99,99,99,99,0,0,0,1,0
12,120243,2,2,0,0,0,3,3,21,0,17,3,2011,5,9,15,0,2,3,SR-29,,99998,26.26143611,-81.341922220,0,12,1,0,1,1,1,1,1,1,0,1,0,0000000,99,99,99,99,99,99,0,0,0,1,0
12,120244,2,2,0,0,0,2,2,86,0,17,3,2011,5,7,25,1,13,2,US-1,SW 145 AVENUE,99998,25.57607778,-80.395891670,0,12,6,0,2,2,1,0,1,1,0,1,0,0000000,99,99,99,99,99,99,0,0,0,1,0
12,120245,1,1,0,0,0,1,1,131,0,18,3,2011,6,13,21,0,6,4,CR-2,,0,30.89590556,-86.330538890,0,18,0,0,1,1,4,0,1,1,0,1,0,0000000,99,99,99,99,88,88,0,0,0,1,1
12,120246,2,2,0,0,0,3,3,11,0,23,3,2011,4,1,55,1,1,1,I-75,,99998,26.14644167,-80.559363890,0,12,1,0,1,1,1,0,2,1,0,1,0,0000000,99,99,99,99,99,99,0,0,0,1,1
12,120247,1,1,0,0,0,1,1,5,0,26,3,2011,7,6,0,1,2,2,US-321,,99998,30.31399444,-85.464372220,0,42,0,0,1,1,4,0,2,99,0,99,0,0000000,99,99,99,99,88,88,0,0,0,1,1
12,120248,1,1,0,1,1,1,1,5,0,27,3,2011,1,7,0,1,13,2,US-98,TOLEDO PLACE,99998,30.24462222,-85.920994440,0,8,0,0,2,3,2,0,9,1,0,1,0,0000000,99,99,99,99,88,88,0,0,0,1,0
12,120249,1,1,0,1,1,1,1,1,0,30,3,2011,4,12,42,1,2,3,SR-26,,99998,29.64549722,-82.646647220,0,9,0,0,1,1,2,0,1,10,0,10,0,0000000,99,99,99,99,99,99,0,0,0,1,0
12,120250,1,1,0,0,0,3,3,11,760,30,3,2011,4,1,12,0,13,3,SR-818,,99998,26.06262222,-80.195216670,0,42,0,0,1,1,3,0,3,1,0,1,0,0000000,99,99,99,99,99,99,0,0,0,2,0
12,120251,2,2,0,0,0,2,2,15,0,1,4,2011,6,17,50,1,1,1,I-75,CR-776,99998,26.97899444,-82.024902780,0,12,6,1,2,2,1,0,1,1,0,1,0,0000000,99,99,99,99,99,99,0,0,0,1,0
12,120252,1,1,0,0,0,1,1,13,0,1,4,2011,6,5,20,0,4,3,SR-73,,99998,30.56238611,-85.183872220,0,42,0,0,1,1,4,0,2,1,0,1,0,0000000,99,99,99,99,99,99,0,0,0,1,1
12,120253,1,1,0,1,1,1,1,11,0,1,4,2011,6,23,8,1,11,1,I-95,,99998,26.11927778,-80.336777780,0,8,0,0,1,1,2,0,3,1,0,1,0,0000000,99,99,99,99,88,88,23,0,0,1,0
12,120254,1,1,0,1,1,1,1,117,30,3,1,2011,2,0,0,0,16,6,CENTRAL PKWY,MONTGOMERY ROAD,0,28.67279722,-81.402661110,0,9,0,0,2,3,1,0,1,1,0,1,0,0000000,99,99,99,99,99,99,0,0,0,1,0
12,120255,3,1,2,0,0,1,1,35,410,12,1,2011,4,13,40,0,2,2,US-1,,99998,29.46285833,-81.253138890,0,31,0,0,1,1,4,0,1,1,0,1,0,0000000,99,99,99,99,99,99,0,0,0,1,0
12,120256,1,1,0,0,0,1,1,105,3300,20,1,2011,5,20,46,0,13,2,US-17,,99998,28.00058611,-81.732294440,0,24,0,0,1,1,4,0,3,1,0,1,0,0000000,99,99,99,99,88,88,0,0,0,1,1
12,120257,1,1,0,1,1,1,1,86,0,23,1,2011,1,17,36,0,6,4,SW 152ND AVE,,0,25.71976944,-80.431405560,0,8,0,0,1,1,1,0,5,1,0,1,0,0000000,99,99,99,99,99,99,0,0,0,1,0
12,120258,1,1,0,0,0,1,1,105,1690,24,1,2011,2,3,17,0,14,3,SR-33,,99998,28.05602778,-81.954286110,0,30,0,0,1,1,4,0,3,1,0,1,0,0000000,99,99,99,99,88,88,0,0,0,1,1
12,120259,1,1,0,0,0,3,3,83,2270,25,1,2011,3,17,2,0,16,6,SE 36TH AVENUE,,0,29.17321389,-82.086861110,0,33,0,0,1,1,4,0,5,2,0,2,0,0000000,99,99,99,99,99,99,0,0,0,1,0
12,120260,2,2,0,0,0,2,2,105,1690,26,1,2011,4,23,38,0,14,3,SR-33,,99998,28.12993889,-81.903097220,0,12,1,0,1,1,1,0,2,1,0,1,0,0000000,99,99,99,99,88,88,0,0,0,1,0
12,120261,1,1,0,0,0,2,2,73,0,28,1,2011,6,12,5,0,6,4,MICCOSUKEE ROAD,,0,30.50188333,-84.162161110,0,42,0,0,1,1,4,0,1,1,0,1,0,0000000,99,99,99,99,88,88,0,0,0,2,0
12,120262,2,2,0,0,0,4,4,73,2940,28,1,2011,6,19,6,1,13,2,US-27,OKEEHEEPKEE RD,99998,30.48508889,-84.313358330,0,12,1,0,2,3,1,0,3,1,0,1,0,0000000,99,99,99,99,99,99,0,0,0,1,1
12,120263,1,1,0,0,0,2,2,86,1440,29,1,2011,7,16,5,0,16,6,SE 18TH AVE,,0,25.45099722,-80.449061110,0,43,0,0,1,1,1,0,1,1,0,1,0,0000000,99,99,99,99,99,99,0,0,0,2,0
12,120264,3,3,0,0,0,7,7,86,1440,3,2,2011,5,16,59,0,16,6,SE 43RD AVE,SE 8TH ST,0,25.46271944,-80.412005560,0,12,6,0,2,2,1,0,1,1,0,1,0,0000000,99,99,99,99,99,99,0,0,0,1,0
12,120265,1,1,0,0,0,3,3,31,1510,5,2,2011,7,21,36,0,13,2,US-1,,99998,30.35436667,-81.653819440,0,1,0,0,1,1,4,0,3,2,0,2,0,0000000,99,99,99,99,99,99,0,0,0,1,0
12,120266,1,1,0,1,1,3,3,31,1510,6,2,2011,1,18,30,0,13,3,SR-21,,99998,30.26153056,-81.740252780,0,8,0,0,1,1,1,0,2,2,0,2,0,0000000,99,99,99,99,99,99,0,0,0,1,1
12,120267,2,2,0,1,1,2,2,93,2300,6,2,2011,1,0,0,1,13,2,US-98,9TH AVENUE,99998,27.24373056,-80.839125000,0,8,0,0,2,2,1,0,3,10,0,10,0,0000000,99,99,99,99,99,99,0,0,0,1,0
12,120268,2,2,0,3,3,3,3,99,1560,7,2,2011,2,1,12,0,13,3,SR-706,,99998,26.93128333,-80.139961110,0,8,0,0,1,1,1,0,3,10,0,10,0,0000000,99,99,99,99,99,99,23,0,0,1,1
12,120269,1,1,0,1,1,1,1,99,1560,7,2,2011,2,9,58,0,13,3,SR-706,MAPLEWOOD DRIVE,99998,26.93418333,-80.124888890,0,9,0,0,2,2,1,0,1,1,0,1,0,0000000,99,99,99,99,99,99,0,0,0,1,0
12,120270,1,1,0,0,0,1,1,73,0,8,2,2011,3,23,5,1,13,2,US-27,,99998,30.52130556,-84.351030560,0,30,0,0,1,1,4,0,2,1,0,1,0,0000000,99,99,99,99,88,88,0,0,0,1,1
12,120272,2,2,0,0,0,2,2,99,1560,23,2,2011,4,15,45,1,11,1,I-95,,99998,26.91183333,-80.142500000,0,26,0,0,1,1,3,4,1,1,0,1,0,0000000,99,99,99,99,99,99,0,0,0,1,0
12,120273,2,2,0,0,0,2,2,71,1070,25,2,2011,6,11,24,0,16,6,CENTRAL AVENUE,SOUTH STREET,0,26.62990833,-81.864302780,0,12,6,0,2,2,1,0,1,1,0,1,0,0000000,99,99,99,99,99,99,0,0,0,1,0
12,120274,1,1,0,1,1,1,1,105,0,27,2,2011,1,7,54,0,15,3,SR-655,SR-655,99998,28.00385556,-81.751272220,0,8,0,0,3,3,4,0,1,1,0,1,0,0000000,99,99,99,99,99,99,0,0,0,1,1
12,120275,1,1,0,0,0,3,3,127,0,3,3,2011,5,13,57,1,11,1,I-95,,99998,29.06521111,-81.008761110,0,1,0,0,1,1,3,0,1,1,0,1,0,0000000,99,99,99,99,99,99,0,0,0,2,0
12,120276,2,2,0,0,0,2,2,35,0,5,3,2011,7,22,30,0,13,3,SR-100,MEMORIAL MEDICAL PKW,99998,29.47569444,-81.189952780,0,1,0,0,2,3,1,0,2,1,0,1,0,0000000,99,99,99,99,99,99,0,0,0,1,1
12,120277,2,1,1,5,5,2,2,86,0,5,3,2011,7,4,45,1,11,1,I-98,,99998,25.87610000,-80.208719440,0,8,0,0,1,1,3,0,3,1,0,1,0,0000000,99,99,99,99,99,99,19,0,0,5,1
12,120278,3,3,0,0,0,8,8,117,0,5,3,2011,7,19,12,0,2,3,SR-46,,99998,28.73616944,-81.118236110,0,12,1,0,1,1,1,0,2,1,0,1,0,0000000,99,99,99,99,99,99,0,0,0,2,1
12,120279,1,1,0,1,1,1,1,105,0,8,3,2011,3,0,0,0,6,4,DUFF RD,PARADISE COVE PL,0,28.13555000,-82.004486110,0,8,0,0,3,3,1,0,2,1,0,1,0,0000000,99,99,99,99,88,88,0,0,0,1,0
12,120280,2,2,0,0,0,2,2,81,0,8,3,2011,3,13,50,0,13,2,US-41,60TH AVE,99998,27.43487222,-82.575422220,0,12,6,1,2,2,1,0,1,1,0,1,0,0000000,99,99,99,99,99,99,0,0,0,1,0
12,120281,2,2,0,0,0,4,4,61,0,9,3,2011,4,15,30,0,15,4,INDIAN RIVER BLVD,45TH ST,99998,27.67496389,-80.400144440,0,12,6,1,2,2,1,0,1,1,0,1,0,0000000,99,99,99,99,99,99,0,0,0,1,1
12,120282,2,2,0,0,0,3,3,127,2375,11,3,2011,6,12,9,0,13,2,US-1,SR-5A,99998,29.27511389,-81.058030560,0,12,6,0,2,3,1,0,1,1,0,1,0,0000000,99,99,99,99,99,99,0,0,0,1,0
12,120283,1,1,0,1,1,1,1,107,2420,11,3,2011,6,22,0,0,16,6,ST JOHNS AVE,WELLS AVE,0,29.64898611,-81.659297220,0,8,0,0,2,3,1,0,2,1,0,1,0,0000000,99,99,99,99,88,88,0,0,0,1,0
12,120284,1,1,0,0,0,4,4,115,0,13,3,2011,1,5,25,0,6,4,WILKINSON ROAD,,0,27.28906667,-82.453755560,0,39,0,0,1,1,4,0,2,1,0,1,0,0000000,5,28,5,39,88,88,0,0,0,4,1
12,120285,1,1,0,1,1,1,1,115,0,13,3,2011,1,14,10,0,14,3,SR-776,HARVARD STREET,99998,26.97006667,-82.352877780,0,9,0,0,3,3,4,0,1,1,0,1,0,0000000,99,99,99,99,99,99,0,0,0,1,1
12,120286,1,1,0,1,1,2,2,99,0,13,3,2011,1,6,5,0,13,3,SR-715,,99998,26.66590556,-80.686886110,0,8,0,0,1,1,1,0,2,5,0,5,0,0000000,99,99,99,99,88,88,0,0,0,1,0
12,120287,1,1,0,0,0,2,2,115,2235,15,3,2011,3,13,4,1,1,1,I-75,,99998,27.09485000,-82.123850000,0,42,0,0,1,1,4,0,1,1,0,1,0,0000000,99,99,99,99,99,99,0,0,0,1,0
12,120289,1,1,0,1,1,1,1,103,0,16,3,2011,4,21,10,0,14,2,US-19,,99998,28.06028889,-82.773055560,0,9,0,0,1,1,1,0,2,1,0,1,0,0000000,99,99,99,99,99,99,0,0,0,1,0
12,120290,1,1,0,0,0,2,2,49,0,16,3,2011,4,13,55,0,6,4,HOBB RD,,0,27.62446667,-81.842313890,0,1,0,0,1,1,4,0,1,1,0,1,0,0000000,99,99,99,99,99,99,0,0,0,1,1
12,120291,1,1,0,0,0,1,1,83,0,16,3,2011,4,12,50,0,6,4,SE 91ST TERRACE RD,,0,29.04134722,-82.001130560,0,42,0,0,1,1,3,0,1,1,0,1,0,0000000,99,99,99,99,99,99,0,0,0,1,0
12,120292,2,2,0,0,0,3,3,81,0,16,3,2011,4,20,11,0,13,3,SR-70,1ST ST,99998,27.44772778,-82.562361110,0,12,1,0,3,2,1,0,2,1,0,1,0,0000000,99,99,99,99,88,88,0,0,0,1,0
12,120294,2,2,0,0,0,3,3,115,0,19,3,2011,7,11,48,0,6,4,BEE RIDGE RD,WAKE AVE,0,27.29854444,-82.424461110,0,12,6,0,2,3,1,0,1,1,0,1,0,0000000,99,99,99,99,99,99,0,0,0,1,0
12,120295,1,1,0,1,1,1,1,105,0,19,3,2011,7,23,20,0,6,4,WABASH AVE,,0,28.03167500,-81.989947220,0,8,0,0,1,1,1,0,3,1,0,1,0,0000000,99,99,99,99,88,88,0,0,0,1,0
12,120296,2,2,0,0,0,2,2,103,0,19,3,2011,7,11,10,0,6,4,CR-321,54 AVE N,0,27.82143889,-82.795155560,0,12,6,0,2,2,1,0,1,1,0,1,0,0000000,99,99,99,99,99,99,0,0,0,1,0
12,120297,1,1,0,0,0,3,3,57,0,19,3,2011,7,17,29,0,3,3,SR-674,,99998,27.70487778,-82.255541670,0,1,0,0,1,1,4,0,1,1,0,1,0,0000000,99,99,99,99,99,99,0,0,0,1,1
12,120299,2,2,0,0,0,3,3,89,0,20,3,2011,1,20,25,0,6,4,CR-121,,0,30.43047222,-82.018408330,0,12,6,0,8,1,1,0,2,10,0,10,0,0000000,99,99,99,99,99,99,0,0,0,1,1
12,120300,2,2,0,0,0,4,4,57,0,20,3,2011,1,3,28,1,11,1,I-4,,99998,28.00757222,-82.295158330,0,12,1,0,1,1,1,0,2,1,0,1,0,0000000,99,99,99,99,99,99,0,0,0,1,1
12,120301,2,2,0,0,0,2,2,73,0,20,3,2011,1,12,5,0,6,4,CR-155,,0,30.60412222,-84.297066670,0,12,6,0,1,1,1,0,1,1,0,1,0,0000000,99,99,99,99,99,99,0,0,0,1,0
12,120302,2,2,0,0,0,3,3,47,0,21,3,2011,2,16,50,1,1,1,I-75,,99998,30.44533889,-82.927838890,0,12,1,0,1,1,1,0,1,1,0,1,0,0000000,99,99,99,99,88,88,0,0,0,1,0
12,120304,2,2,0,0,0,6,6,85,0,21,3,2011,2,10,0,1,2,3,SR-710,,99998,27.06800000,-80.539802780,0,12,2,0,1,1,1,0,1,1,0,1,0,0000000,99,99,99,99,99,99,0,0,0,1,0
12,120305,2,2,0,0,0,2,2,33,0,22,3,2011,3,10,0,0,6,4,CR-297-A,,0,30.54723611,-87.329802780,0,12,6,0,1,1,1,0,1,1,0,1,0,0000000,99,99,99,99,99,99,0,0,0,1,0
12,120306,2,2,0,0,0,3,3,69,0,22,3,2011,3,14,0,0,6,4,CR-48,,0,28.74108889,-81.825902780,0,12,2,0,1,1,1,0,1,1,0,1,0,0000000,99,99,99,99,99,99,0,0,0,1,0
12,120307,2,2,0,0,0,2,2,86,2040,23,3,2011,4,7,10,0,13,3,SR-948,SOUTH DRIVE,99998,25.80800278,-80.279783330,0,12,6,0,2,3,1,0,4,1,0,1,0,0000000,99,99,99,99,88,88,0,0,0,1,0
12,120308,1,1,0,1,1,1,1,73,2940,23,3,2011,4,1,3,0,16,6,APPLEYARD DRIVE,,0,30.44432222,-84.337802780,0,8,0,0,1,1,1,0,2,5,0,5,0,0000000,99,99,99,99,99,99,0,0,0,1,0
12,120309,1,1,0,0,0,1,1,103,0,25,3,2011,6,8,52,1,14,3,SR-686,,99998,27.90361944,-82.692775000,0,59,0,0,1,1,4,0,1,1,0,1,0,0000000,99,99,99,99,99,99,0,0,0,1,0
12,120310,1,1,0,1,1,1,1,33,0,25,3,2011,6,20,16,0,6,4,CR-290,,0,30.51663889,-87.176763890,0,8,0,0,1,1,1,0,2,1,0,1,0,0000000,99,99,99,99,88,88,0,0,0,1,0
12,120311,1,1,0,0,0,6,6,127,0,25,3,2011,6,8,36,1,11,1,I-95,,99998,29.39351389,-81.315088890,0,1,0,0,1,1,1,0,1,1,0,1,0,0000000,99,99,99,99,99,99,0,0,0,1,0
12,120312,1,1,0,0,0,1,1,29,0,25,3,2011,6,21,5,0,6,4,CR-351,,0,29.44415000,-83.286888890,0,1,0,0,1,1,4,0,2,1,0,1,0,0000000,99,99,99,99,88,88,0,0,0,1,1
12,120314,1,1,0,0,0,1,1,35,0,26,3,2011,7,23,50,1,2,2,US-1,,99998,29.39875278,-81.193613890,0,42,0,0,1,1,4,0,2,1,0,1,0,0000000,99,99,99,99,88,88,0,0,0,1,1
12,120315,2,2,0,1,1,2,2,33,0,26,3,2011,7,0,32,1,14,3,SR-173,,99998,30.37264722,-87.356891670,0,8,0,0,1,1,2,0,2,1,0,1,0,0000000,99,99,99,99,88,88,0,0,0,1,1
12,120316,1,1,0,1,1,2,2,86,0,26,3,2011,7,5,15,1,13,2,US-1,,99998,25.56328056,-80.384402780,0,8,0,0,1,1,1,0,3,5,0,5,0,0000000,99,99,99,99,88,88,0,0,0,1,0
12,120317,1,1,0,0,0,2,2,57,0,26,3,2011,7,2,52,1,6,1,I-75,,0,28.00857778,-82.327427780,0,42,0,0,1,1,4,0,3,1,0,1,0,0000000,99,99,99,99,99,99,0,0,0,1,1
12,120318,1,1,0,0,0,2,2,93,0,27,3,2011,1,16,50,1,2,3,SR-91,,99998,27.62107500,-80.837044440,0,1,0,0,1,1,3,0,1,1,0,1,0,0000000,99,99,99,99,99,99,0,0,0,2,0
12,120319,2,2,0,0,0,2,2,53,0,27,3,2011,1,3,0,0,6,4,PINEHURST DR,,0,28.44913611,-82.610594440,0,42,0,0,1,1,4,0,2,1,0,1,0,0000000,99,99,99,99,88,88,0,0,0,1,0
12,120320,2,2,0,0,0,4,4,61,0,27,3,2011,1,17,44,0,12,4,INDIAN RIVER BLVD,37TH ST,99998,27.66000000,-80.385350000,0,12,6,0,2,3,1,0,1,1,0,1,0,0000000,99,99,99,99,99,99,0,0,0,1,1
12,120321,2,2,0,0,0,3,3,99,330,28,3,2011,2,10,22,1,11,1,I-95,,99998,26.55537500,-80.070688890,0,12,7,0,1,1,1,0,1,2,0,2,0,0000000,99,99,99,99,99,99,0,0,0,1,0
12,120322,2,2,0,0,0,4,4,99,0,29,3,2011,3,21,35,1,2,2,US-98,CR-880,99998,26.68711944,-80.387625000,0,12,6,0,2,2,1,0,2,10,0,10,0,0000000,99,99,99,99,99,99,0,0,0,2,0
12,120323,1,1,0,0,0,5,5,57,0,29,3,2011,3,15,52,1,11,1,I-4,,99998,28.02699722,-82.181480560,0,24,0,0,1,1,3,0,1,1,0,1,0,0000000,99,99,99,99,99,99,0,0,0,1,0
12,120324,1,1,0,1,1,1,1,81,0,29,3,2011,3,22,32,0,16,6,UNIVERSITY PKWY,TUTTLE AVENUE,0,27.38921389,-82.513850000,0,8,0,0,2,2,1,0,3,1,0,1,0,0000000,99,99,99,99,99,99,0,0,0,1,0
12,120325,1,1,0,0,0,1,1,49,0,30,3,2011,4,17,20,0,6,4,STEVE ROBERTS SPECIA,,0,27.43242222,-81.596075000,0,42,0,0,1,1,4,0,1,1,0,1,0,0000000,99,99,99,99,88,88,0,0,0,1,1
12,120326,1,1,0,1,1,1,1,101,0,30,3,2011,4,11,0,9,99,9,8936TH US-19,,99998,28.28759167,-82.712280560,0,8,0,0,1,1,5,0,1,10,0,10,0,0000000,11,6,11,10,88,88,0,0,0,1,0
12,120327,1,1,0,1,1,1,1,87,1568,31,3,2011,5,11,20,0,16,6,CR-905,,0,25.21986389,-80.335469440,0,9,0,0,1,1,1,0,1,1,0,1,0,0000000,99,99,99,99,88,88,0,0,0,1,0
12,120328,2,2,0,0,0,2,2,21,0,31,3,2011,5,21,45,0,6,4,SANTA BARBARA BLVD,22ND PL SW,0,26.18693333,-81.719002780,0,12,6,0,2,3,1,0,3,10,0,10,0,0000000,99,99,99,99,99,99,0,0,0,1,0
12,120329,2,2,0,0,0,4,4,57,0,1,4,2011,6,6,56,1,13,3,SR-580,HOOVER BLVD,99998,27.99627222,-82.533800000,0,12,6,0,2,2,1,0,4,10,0,10,0,0000000,99,99,99,99,99,99,0,0,0,1,0
12,120330,2,2,0,0,0,2,2,59,0,1,4,2011,6,19,55,0,4,3,SR-2,CR-173,99998,30.96407778,-85.580127780,0,12,6,0,2,2,1,0,2,1,0,1,0,0000000,19,57,20,0,99,99,0,0,0,1,0
12,120331,3,3,0,0,0,6,6,83,0,1,4,2011,6,14,20,0,13,2,US-27,,99998,29.03858333,-82.028722220,0,12,7,0,1,1,1,0,1,1,0,1,0,0000000,99,99,99,99,99,99,0,0,0,1,1
12,120332,1,1,0,1,1,1,1,71,0,2,4,2011,7,23,0,0,6,4,1ST ST W,,0,26.61367500,-81.675119440,0,8,0,0,1,1,1,0,2,1,0,1,0,0000000,99,99,99,99,88,88,0,0,0,1,0
12,120333,2,2,0,0,0,4,4,85,0,3,4,2011,1,14,6,0,16,6,CITRUS BLVD,,0,27.16154444,-80.318611110,0,12,2,0,1,1,1,0,1,1,0,1,0,0000000,99,99,99,99,99,99,0,0,0,1,0
12,120334,2,2,0,0,0,3,3,97,0,3,4,2011,1,16,47,1,2,2,US-192,NOVA AVENUE,99998,28.14389444,-81.065272220,0,12,6,0,2,3,1,0,1,1,0,1,0,0000000,99,99,99,99,99,99,0,0,0,2,0
12,120336,1,1,0,1,1,1,1,11,2468,8,4,2011,6,6,10,1,11,1,I-75,,99998,26.05185278,-80.352594440,0,8,0,0,1,1,1,0,2,10,0,10,0,0000000,99,99,99,99,88,88,0,0,0,1,0
12,120337,2,2,0,0,0,2,2,113,0,8,4,2011,6,6,15,0,3,3,SR-87,,99998,30.57444722,-86.926022220,0,12,2,0,1,1,4,0,1,10,0,10,0,0000000,99,99,99,99,88,88,0,0,0,1,1
12,120338,1,1,0,1,1,1,1,101,0,11,4,2011,2,13,19,0,6,4,CR-77,,0,28.21260556,-82.692608330,0,8,0,0,1,1,1,0,1,1,0,1,0,0000000,99,99,99,99,88,88,0,0,0,1,0
12,120339,2,2,0,0,0,2,2,103,0,3,4,2011,1,22,56,0,6,4,CR-611,,0,27.81376944,-82.699944440,0,12,1,0,1,1,1,0,3,1,0,1,0,0000000,99,99,99,99,99,99,0,0,0,1,0
12,120340,1,1,0,0,0,6,6,117,1705,6,2,2011,1,11,26,1,11,1,I-4,,99998,28.74889722,-81.365747220,0,1,0,0,1,1,4,0,1,10,0,10,0,0000000,99,99,99,99,99,99,0,0,0,2,0
12,120341,1,1,0,1,1,1,1,109,0,29,3,2011,3,22,5,1,1,1,I-95,,99998,29.78396111,-81.360916670,0,8,0,0,1,1,1,0,2,10,0,10,0,0000000,99,99,99,99,88,88,0,0,0,1,0
12,120342,1,1,0,0,0,1,1,105,0,31,3,2011,5,1,30,0,3,3,SR-540,,99998,27.99677778,-81.874600000,0,32,0,0,1,1,4,0,2,2,0,2,0,0000000,99,99,99,99,88,88,0,0,0,1,0
12,120343,1,1,0,1,1,1,1,5,0,2,4,2011,7,22,25,1,13,2,US-98,,99998,30.26345833,-85.966461110,0,8,0,0,1,1,1,0,2,1,0,1,0,0000000,99,99,99,99,88,88,0,0,0,1,0
12,120344,1,1,0,0,0,1,1,21,0,6,4,2011,4,3,26,0,6,4,CR-858,,0,26.30689167,-81.288808330,0,42,0,0,1,1,4,0,2,1,0,1,0,0000000,99,99,99,99,99,99,0,0,0,1,0
12,120345,2,2,0,0,0,2,2,23,0,11,3,2011,6,17,25,0,2,2,US-41,,99998,30.06396389,-82.599983330,0,12,6,0,1,1,1,0,1,1,0,1,0,0000000,99,99,99,99,99,99,0,0,0,1,0
12,120346,1,1,0,0,0,1,1,11,1050,1,4,2011,6,14,37,1,11,1,I-595,,99998,26.08218056,-80.168750000,0,25,0,0,1,1,4,0,1,1,0,1,0,0000000,99,99,99,99,99,99,0,0,0,1,0