STATE,ST_CASE,VE_TOTAL,VE_FORMS,PVH_INVL,PEDS,PERNOTMVIT,PERMVIT,PERSONS,COUNTY,CITY,DAY,MONTH,YEAR,DAY_WEEK,HOUR,MINUTE,NHS,ROAD_FNC,ROUTE,TWAY_ID,TWAY_ID2,MILEPT,LATITUDE,LONGITUD,SP_JUR,HARM_EV,MAN_COLL,RELJCT1,RELJCT2,TYP_INT,REL_ROAD,WRK_ZONE,LGT_COND,WEATHER1,WEATHER2,WEATHER,SCH_BUS,RAIL,NOT_HOUR,NOT_MIN,ARR_HOUR,ARR_MIN,HOSP_HR,HOSP_MN,CF1,CF2,CF3,FATALS,DRUNK_DR
12,120347,1,1,0,0,0,4,4,23,0,2,4,2011,7,19,0,0,6,4,CR-138,,0,29.85326111,-82.667405560,0,53,0,0,1,1,4,0,5,1,0,1,0,0000000,99,99,99,99,88,88,0,0,0,1,1
12,120348,2,2,0,0,0,6,6,17,0,8,4,2011,6,20,35,0,13,3,SR-200,BRAVE LANE,99998,28.92869167,-82.376755560,0,12,6,0,2,3,1,0,2,1,0,1,0,0000000,99,99,99,99,99,99,14,0,0,1,1
12,120349,1,1,0,0,0,6,6,21,0,17,4,2011,1,20,33,1,1,1,I-75,,99998,26.15308611,-81.533136110,0,1,0,0,1,1,3,0,2,1,0,1,0,0000000,99,99,99,99,99,99,0,0,0,2,0
12,120350,1,1,0,0,0,1,1,11,1050,17,4,2011,1,3,12,1,11,1,I-95,,99998,26.27496667,-80.128616670,0,25,0,0,1,1,3,0,3,10,0,10,0,0000000,99,99,99,99,88,88,0,0,0,1,1
12,120351,2,2,0,0,0,2,2,9,2005,17,4,2011,1,21,56,0,13,3,SR-520,SYKES CREEK PKWY,99998,28.35728611,-80.683125000,0,12,6,0,2,2,1,0,3,1,0,1,0,0000000,99,99,99,99,99,99,0,0,0,1,1
12,120352,1,1,0,1,1,1,1,95,2360,28,1,2011,6,0,0,0,13,3,SR-436,,99998,28.53522778,-81.310625000,0,8,0,0,1,1,1,0,3,1,0,1,0,0000000,99,99,99,99,99,99,0,0,0,1,0
12,120353,1,1,0,0,0,1,1,87,0,30,1,2011,1,1,40,0,14,2,US-1,,99998,24.87531111,-80.701486110,0,42,0,0,1,1,4,0,2,1,0,1,0,0000000,99,99,99,99,99,99,0,0,0,1,0
12,120354,2,2,0,0,0,4,4,49,0,4,3,2011,6,11,35,1,13,2,US-17,SR-64,99998,27.50016111,-81.798030560,0,12,6,0,2,2,1,0,1,1,0,1,0,0000000,99,99,99,99,99,99,0,0,0,1,0
12,120355,1,1,0,0,0,1,1,57,0,6,3,2011,1,4,48,1,1,1,I-75,,99998,27.99971944,-82.327294440,0,21,0,1,5,1,4,0,3,1,0,1,0,0000000,4,56,5,4,88,88,0,0,0,1,0
12,120356,2,2,0,0,0,5,5,95,0,12,3,2011,7,23,42,0,13,3,SR-50,,99998,28.55563056,-81.113447220,0,12,6,0,1,1,1,0,2,1,0,1,0,0000000,99,99,99,99,99,99,0,0,0,1,0
12,120357,1,1,0,0,0,1,1,95,2360,20,3,2011,1,0,0,0,16,6,MICHIGAN ST,,0,28.51337500,-81.328286110,0,42,0,0,1,1,3,0,3,1,0,1,0,0000000,99,99,99,99,99,99,0,0,0,1,0
12,120358,2,2,0,0,0,2,2,89,0,21,3,2011,2,6,40,0,6,4,CR-121,,0,30.39089444,-82.028255560,0,12,2,0,1,1,1,0,4,1,0,1,0,0000000,99,99,99,99,99,99,0,0,0,1,0
12,120359,1,1,0,1,1,1,1,53,0,21,3,2011,2,5,21,0,6,4,BARCLAY AVENUE,IRVING STREET,0,28.53371111,-82.491419440,0,8,0,0,2,2,1,0,2,1,0,1,0,0000000,99,99,99,99,99,99,0,0,0,1,0
12,120360,2,2,0,0,0,2,2,95,0,24,3,2011,5,3,47,1,12,3,SR-417,,99998,28.60206389,-81.251922220,0,12,2,0,1,1,1,0,3,1,0,1,0,0000000,99,99,99,99,99,99,0,0,0,2,1
12,120361,2,2,0,0,0,2,2,43,0,27,3,2011,1,13,22,0,3,3,SR-78,,99998,26.81578611,-81.308619440,0,12,2,0,1,1,1,0,1,1,0,1,0,0000000,99,99,99,99,88,88,0,0,0,1,0
12,120362,2,2,0,0,0,2,2,81,0,1,4,2011,6,6,30,0,14,3,SR-684,26TH STREET WEST,99998,27.46219444,-82.587636110,0,12,2,0,2,2,1,0,4,10,0,10,0,0000000,99,99,99,99,99,99,0,0,0,1,0
12,120363,2,2,0,0,0,4,4,95,0,2,4,2011,7,20,4,0,16,6,ZELL DRIVE,UNITED WAY,0,28.40077222,-81.382591670,0,12,6,0,2,4,1,0,3,1,0,1,0,0000000,99,99,99,99,88,88,0,0,0,1,0
12,120364,3,3,0,0,0,8,8,85,0,3,4,2011,1,18,45,1,12,3,SR-91,,99998,27.07207778,-80.246988890,0,25,0,0,1,1,3,0,1,1,0,1,0,0000000,99,99,99,99,99,99,14,0,0,3,0
12,120365,1,1,0,0,0,1,1,47,0,6,4,2011,4,8,7,1,1,1,I-75,,99998,30.58447500,-83.110211110,0,42,0,0,1,1,4,0,1,1,0,1,0,0000000,99,99,99,99,88,88,0,0,0,1,1
12,120366,3,3,0,0,0,3,3,95,0,7,4,2011,5,18,24,0,6,4,LANCASTER ROAD,JASON STREET,0,28.46555556,-81.375919440,0,12,6,0,2,2,1,0,1,1,0,1,0,0000000,99,99,99,99,99,99,0,0,0,1,1
12,120367,1,1,0,0,0,1,1,97,0,8,4,2011,6,5,35,0,6,4,MARIGOLD AVE,,0,28.18247222,-81.490136110,0,59,0,0,1,1,4,0,2,1,0,1,0,0000000,99,99,99,99,88,88,0,0,0,1,0
12,120368,2,2,0,0,0,3,3,99,3190,8,4,2011,6,21,28,1,11,1,I-95,,99998,26.74348611,-80.090461110,0,12,1,0,1,1,1,0,3,1,0,1,0,0000000,99,99,99,99,88,88,0,0,0,1,0
12,120369,2,2,0,0,0,4,4,57,0,8,4,2011,6,23,5,0,13,2,US-41,COCKROACH BAY ROAD,99998,27.68735278,-82.470058330,0,12,6,0,2,3,1,0,2,1,0,1,0,0000000,99,99,99,99,99,99,0,0,0,2,1
12,120370,2,2,0,0,0,2,2,89,1390,8,4,2011,6,1,50,1,2,2,US-1,CR-108,99998,30.69058333,-81.917477780,0,12,6,1,2,2,1,0,3,1,0,1,0,0000000,99,99,99,99,99,99,0,0,0,1,0
12,120371,1,1,0,1,1,1,1,95,0,9,4,2011,7,1,30,0,13,3,SR-50,,99998,28.55398889,-81.318269440,0,8,0,0,1,1,1,0,2,1,0,1,0,0000000,99,99,99,99,88,88,0,0,0,1,0
12,120372,1,1,0,1,1,4,4,95,2360,10,4,2011,1,16,45,9,99,9,RIDGE CLUB LOOP,,99998,28.47489722,-81.438594440,0,8,0,0,1,1,1,0,1,1,0,1,0,0000000,99,99,99,99,99,99,0,0,0,1,0
12,120373,1,1,0,0,0,2,2,51,0,10,4,2011,1,2,57,0,6,4,CR-833,,0,26.68036389,-81.129055560,0,1,0,0,1,1,4,0,2,1,0,1,0,0000000,99,99,99,99,99,99,0,0,0,1,1
12,120374,1,1,0,0,0,1,1,65,0,10,4,2011,1,0,8,0,6,4,WACISSA SPRINGS RD,,0,30.34036667,-83.990980560,0,42,0,0,1,1,4,0,2,1,0,1,0,0000000,99,99,99,99,88,88,0,0,0,1,1
12,120375,2,2,0,0,0,2,2,35,0,11,4,2011,2,15,16,0,2,2,US-1,,99998,29.39159444,-81.190705560,0,12,6,0,4,1,1,0,1,1,0,1,0,0000000,99,99,99,99,88,88,0,0,0,1,0
12,120376,2,2,0,0,0,2,2,71,0,11,4,2011,2,8,40,0,16,6,CR-840,,0,26.49278611,-81.778022220,0,12,6,0,1,1,1,0,1,1,0,1,0,0000000,99,99,99,99,99,99,0,0,0,1,0
12,120377,2,2,0,0,0,2,2,95,0,12,4,2011,3,21,28,0,14,3,SR-535,INTERNATIONAL DRIVE,99998,28.35452222,-81.494738890,0,12,6,0,2,3,1,0,3,10,0,10,0,0000000,99,99,99,99,88,88,0,0,0,1,0
12,120378,2,2,0,0,0,2,2,87,0,13,4,2011,4,7,40,0,6,4,COLLEGE ROAD,,0,24.57514722,-81.735363890,0,12,2,0,1,1,1,0,1,1,0,1,1,0000000,99,99,99,99,99,99,0,0,0,1,0
12,120379,2,2,0,0,0,2,2,85,0,14,4,2011,5,14,15,0,14,6,CR-A1A,SE CROSS RIP STREET,99998,27.09451667,-80.147686110,0,12,6,0,2,2,1,0,1,1,0,1,0,0000000,99,99,99,99,99,99,0,0,0,1,0
12,120380,3,3,0,0,0,4,4,97,0,14,4,2011,5,13,20,0,6,4,CYPRESS PKWY,OLD PLEASANT HILL RD,0,28.14747222,-81.443594440,0,12,6,0,2,3,1,0,1,1,0,1,0,0000000,99,99,99,99,99,99,0,0,0,1,0
12,120381,2,2,0,0,0,3,3,95,2360,15,4,2011,6,23,53,0,16,6,S GOLDENROD RD,,99998,28.44985556,-81.286511110,0,12,1,0,1,1,1,0,3,1,0,1,0,0000000,99,99,99,99,99,99,0,0,0,2,1
12,120382,1,1,0,0,0,1,1,81,0,17,4,2011,1,0,0,1,2,3,SR-70,,99998,27.40512778,-82.280011110,0,34,0,0,1,1,4,0,2,1,0,1,0,0000000,99,99,99,99,88,88,0,0,0,1,1
12,120383,1,1,0,1,1,1,1,33,0,17,4,2011,1,20,10,0,14,3,SR-292,,99998,30.39128056,-87.264397220,0,8,0,0,1,1,1,0,3,1,0,1,0,0000000,99,99,99,99,99,99,0,0,0,1,0
12,120384,1,1,0,1,1,1,1,81,0,19,4,2011,3,15,15,0,13,2,US-19,,99998,27.56506111,-82.565200000,0,9,0,0,1,1,1,0,1,1,0,1,0,0000000,15,17,15,23,99,99,0,0,0,1,0
12,120385,2,2,0,0,0,5,5,99,330,21,4,2011,5,12,25,1,11,1,I-95,,99998,26.52155000,-80.072322220,0,12,6,0,1,1,1,0,1,1,0,1,0,0000000,99,99,99,99,99,99,0,0,0,1,0
12,120386,2,2,0,0,0,3,3,83,0,22,4,2011,6,11,18,0,6,4,CR-42,,0,28.98983611,-81.729544440,0,12,2,0,1,1,1,0,1,1,0,1,0,0000000,99,99,99,99,99,99,0,0,0,1,0
12,120387,1,1,0,1,1,10,10,95,0,22,4,2011,6,0,32,0,13,2,US-192,VISTA DEL LAGO BLVD,99998,28.34699722,-81.633272220,0,8,0,1,2,2,1,0,2,1,0,1,0,0000000,99,99,99,99,88,88,0,0,0,1,0
12,120390,1,1,0,0,0,5,5,95,0,23,4,2011,7,17,0,0,6,4,OVERLAND RD,,0,28.62852778,-81.458302780,0,53,0,0,1,1,4,0,1,1,0,1,0,0000000,99,99,99,99,99,99,0,0,0,1,1
12,120391,2,2,0,0,0,5,5,57,0,23,4,2011,7,11,58,0,13,2,US-301,JACKSON RD,99998,28.05619444,-82.319144440,0,12,6,0,2,2,1,0,1,1,0,1,0,0000000,99,99,99,99,99,99,0,0,0,1,0
12,120392,1,1,0,0,0,1,1,95,0,24,4,2011,1,2,43,0,16,6,KENTUCKY WOODS LN,,0,28.38278611,-81.360986110,0,33,0,0,1,1,4,0,3,1,0,1,0,0000000,99,99,99,99,88,88,0,0,0,1,1
12,120393,1,1,0,0,0,1,1,95,2360,24,4,2011,1,12,0,0,14,3,SR-15,,99998,28.53783056,-81.359219440,0,33,0,0,1,1,4,0,1,1,0,1,0,0000000,99,99,99,99,99,99,0,0,0,1,0
12,120394,1,1,0,0,0,1,1,57,0,1,1,2011,7,5,30,0,6,4,FALKENBURG ROAD,,0,27.93908611,-82.337577780,0,42,0,0,1,1,3,0,3,1,0,1,0,0000000,99,99,99,99,88,88,0,0,0,1,1
12,120395,1,1,0,0,0,1,1,127,2580,1,1,2011,7,14,49,0,16,6,CHRISTIANCY AVENUE,TURTON,0,29.11842778,-80.980475000,0,41,0,0,2,3,4,0,1,10,0,10,0,0000000,99,99,99,99,99,99,0,0,0,1,0
12,120396,2,2,0,0,0,5,5,11,2447,1,1,2011,7,1,16,0,14,6,N ANDREWS AVE,,99998,26.26992222,-80.136488890,0,42,0,0,1,1,3,0,3,1,0,1,0,0000000,99,99,99,99,99,99,0,0,0,1,1
12,120397,2,2,0,0,0,5,5,86,2010,2,1,2011,1,3,58,0,14,4,NE 2ND AVENUE,NE 82ND STREET,99998,25.84985833,-80.192911110,0,12,6,0,2,3,1,0,3,1,0,1,0,0000000,99,99,99,99,99,99,0,0,0,3,1
12,120398,2,2,0,0,0,3,3,57,0,3,1,2011,2,15,21,0,6,4,CASEY ROAD,WEST BANK AVENUE,0,28.08757222,-82.517163890,0,12,1,0,2,3,1,0,1,1,0,1,0,0000000,99,99,99,99,88,88,0,0,0,1,0
12,120399,1,1,0,1,1,1,1,11,2916,4,1,2011,3,5,42,0,12,6,FLAMINGO ROAD,,99998,26.14080000,-80.314391670,0,9,0,0,1,1,1,0,2,1,0,1,0,0000000,99,99,99,99,88,88,0,0,0,1,0
12,120400,2,2,0,0,0,3,3,71,0,5,1,2011,4,14,40,0,16,6,CR-865,,0,26.36700000,-81.856000000,0,1,0,0,8,1,1,0,1,1,0,1,0,0000000,99,99,99,99,99,99,0,0,0,1,0
12,120401,1,1,0,1,1,1,1,99,1720,6,1,2011,5,6,45,0,14,6,OLD DIXIE HWY,PLUMOSA LN,99998,26.80987222,-80.079041670,0,8,0,0,2,3,1,0,2,1,0,1,0,0000000,99,99,99,99,88,88,0,0,0,1,0
12,120402,2,2,0,0,0,4,4,115,2235,7,1,2011,6,20,12,0,16,6,TOLEDO BLADE BLVD,BOBCAT TRAIL,0,27.05226667,-82.157050000,0,12,6,0,2,2,1,0,3,1,0,1,0,0000000,99,99,99,99,99,99,0,0,0,1,0
12,120403,2,2,0,0,0,3,3,57,0,7,1,2011,6,20,0,0,16,6,SUN CITY CENTER BLVD,DEL WEBB,0,27.71236944,-82.363183330,0,12,6,0,2,3,1,0,3,1,0,1,0,0000000,99,99,99,99,99,99,0,0,0,1,1
12,120404,2,2,0,0,0,2,2,69,1240,8,1,2011,7,13,20,0,2,2,US-27,OBRIEN RD,99998,28.64410278,-81.813844440,0,1,0,0,2,2,1,0,1,1,0,1,0,0000000,99,99,99,99,99,99,0,0,0,1,2
12,120405,2,2,0,0,0,2,2,105,1690,9,1,2011,1,22,20,0,16,6,AIRPORT RD,,0,28.01825278,-82.014591670,0,12,6,0,8,1,1,0,3,1,0,1,0,0000000,99,99,99,99,88,88,0,0,0,1,1
12,120406,1,1,0,0,0,1,1,31,1510,9,1,2011,1,9,23,0,16,6,GATOR BOWL BLVD,,0,30.32237500,-81.641802780,0,3,0,0,1,1,4,0,1,1,0,1,0,0000000,99,99,99,99,99,99,0,0,0,1,1
12,120407,1,1,0,0,0,2,2,73,2940,10,1,2011,2,1,0,0,6,4,CRAWFORDVILLE ROAD,,0,30.33675278,-84.321586110,0,1,0,0,1,1,4,0,2,1,0,1,0,0000000,99,99,99,99,99,99,0,0,0,1,1
12,120408,2,2,0,0,0,2,2,111,2601,11,1,2011,3,18,57,0,16,6,PRIMA VISTA BLVD,IRVING ST,0,27.31771389,-80.353444440,0,12,99,0,2,2,1,0,3,1,0,1,0,0000000,99,99,99,99,99,99,0,0,0,1,0
12,120409,1,1,0,1,1,2,2,99,0,12,1,2011,4,6,40,0,14,4,MELALEUCA LANE,,99998,26.60786389,-80.125597220,0,8,0,0,1,1,1,0,3,1,0,1,0,0000000,99,99,99,99,88,88,0,0,0,1,0
12,120410,1,1,0,1,1,1,1,11,771,12,1,2011,4,18,13,0,13,3,SR-817,,99998,26.05433333,-80.251866670,0,8,0,0,1,1,1,0,3,1,0,1,0,0000000,99,99,99,99,88,88,0,0,0,1,0
12,120411,2,2,0,0,0,2,2,99,0,12,1,2011,4,16,43,0,14,6,HAVERHILL ROAD,SUMMIT PINES BLVD,99998,26.65837222,-80.120761110,0,12,6,0,2,3,1,0,1,1,0,1,0,0000000,99,99,99,99,99,99,21,0,0,1,0
12,120412,1,1,0,1,1,1,1,117,30,13,1,2011,5,10,40,9,99,9,PARKING LOT,ANNUNCIATION CH,99998,28.68412222,-81.403708330,0,8,0,0,2,3,1,0,1,1,0,1,0,0000000,99,99,99,99,99,99,0,0,0,1,0
12,120413,1,1,0,0,0,5,5,99,0,16,1,2011,1,15,39,0,6,4,COLLECTING CANAL RD,,0,26.68875278,-80.289186110,0,1,0,0,1,1,4,0,1,10,0,10,0,0000000,99,99,99,99,99,99,0,0,0,1,0
12,120415,1,1,0,1,1,6,6,9,454,19,1,2011,4,17,5,0,13,3,SR-A1A,BUCHANAN AVE,99998,28.38131667,-80.605613890,0,8,0,0,2,2,1,0,1,1,0,1,0,0000000,99,99,99,99,99,99,0,0,0,1,1
12,120416,1,1,0,1,1,1,1,127,2850,13,1,2011,5,6,36,0,16,6,MAGNOLIA AVE,SILKMOSS COURT,0,29.17415556,-81.021461110,0,9,0,0,2,3,1,0,3,1,0,1,0,0000000,99,99,99,99,99,99,0,0,0,1,0
12,120417,5,2,3,4,4,3,3,86,1340,20,1,2011,5,15,5,0,16,6,NW 62ND ST,,0,25.87977500,-80.309822220,0,30,0,0,1,1,4,0,1,10,0,10,0,0000000,99,99,99,99,99,99,0,0,0,2,0
12,120418,1,1,0,0,0,1,1,9,1990,21,1,2011,6,1,59,0,16,6,DAIRY ROAD,,0,28.04650556,-80.638208330,0,1,0,0,1,1,3,0,3,10,0,10,0,0000000,99,99,99,99,88,88,0,0,0,1,1
12,120419,1,1,0,0,0,1,1,57,0,21,1,2011,6,1,29,0,6,4,SKIPPER ROAD,,0,28.08048333,-82.442830560,0,33,0,0,1,1,4,0,3,10,0,10,0,0000000,99,99,99,99,99,99,0,0,0,1,1
12,120420,2,2,0,0,0,2,2,11,2083,21,1,2011,6,15,48,0,13,3,SR-824,,99998,25.99579167,-80.173213890,0,12,6,0,4,1,1,0,1,2,0,2,0,0000000,99,99,99,99,88,88,0,0,0,1,1
12,120421,2,2,0,0,0,3,3,86,1340,22,1,2011,7,22,21,0,16,6,E 41ST STREET,E 2ND AVENUE,0,25.85962778,-80.278741670,0,12,6,0,2,2,1,0,3,1,0,1,0,0000000,99,99,99,99,99,99,0,0,0,1,0
12,120423,1,1,0,0,0,1,1,31,1510,23,1,2011,1,2,21,0,16,6,3670 HARTSFIELD ROAD,,0,30.36320833,-81.560900000,0,33,0,0,1,1,4,0,3,1,0,1,0,0000000,99,99,99,99,88,88,0,0,0,1,1
12,120424,1,1,0,0,0,1,1,99,3147,24,1,2011,2,3,19,0,16,6,SOUTHSHORE BLVD,POLO GARDENS DR,0,26.64917222,-80.242666670,0,33,0,0,2,3,3,0,3,1,0,1,0,0000000,99,99,99,99,88,88,0,0,0,1,1
12,120425,1,1,0,1,1,1,1,31,1520,25,1,2011,3,18,8,0,13,2,US-90,,99998,30.28824722,-81.401605560,0,8,0,0,1,1,1,0,3,2,0,2,0,0000000,99,99,99,99,99,99,0,0,0,1,0
12,120426,1,1,0,1,1,1,1,87,1580,29,1,2011,7,17,20,0,16,6,FLAGLER AVENUE,,0,24.55846944,-81.774141670,0,9,0,0,1,1,1,0,5,1,0,1,0,0000000,99,99,99,99,99,99,0,0,0,1,0
12,120427,2,2,0,0,0,5,5,99,0,28,1,2011,6,15,15,0,13,3,SR-809,WOODSTOCK DRIVE,99998,26.71874444,-80.110727780,0,1,0,0,2,2,1,0,1,1,0,1,0,0000000,99,99,99,99,99,99,0,0,0,1,0
12,120428,1,1,0,0,0,5,5,127,787,1,2,2011,3,10,55,0,16,6,786 FT. FLORIDA ROAD,,0,29.01537500,-81.612600000,0,1,0,0,1,1,4,0,1,1,0,1,0,0000000,99,99,99,99,99,99,0,0,0,2,0
12,120429,5,5,0,0,0,7,7,86,0,3,2,2011,5,23,10,0,6,4,SW42ND STREET,SW 137TH AVENUE,0,25.72907778,-80.415741670,0,12,1,0,3,2,1,0,3,1,0,1,0,0000000,99,99,99,99,99,99,0,0,0,1,1
12,120430,1,1,0,0,0,1,1,57,0,6,2,2011,1,21,28,0,6,4,MCINTOSH ROAD,,0,28.04847222,-82.249188890,0,42,0,0,1,1,4,0,3,2,0,2,0,0000000,99,99,99,99,99,99,0,0,0,1,1
12,120431,2,2,0,0,0,5,5,71,0,8,2,2011,3,20,56,0,16,6,COLLEGE PARKWAY,PREMIER DRIVE,0,26.55660278,-81.901777780,0,12,6,0,2,2,1,0,3,1,0,1,0,0000000,99,99,99,99,99,99,0,0,0,1,0
12,120432,2,2,0,0,0,2,2,9,630,11,2,2011,6,23,14,0,13,3,SR-520,,99998,28.35795833,-80.614038890,0,12,1,0,1,1,1,0,3,1,0,1,0,0000000,99,99,99,99,99,99,0,0,0,1,1
12,120433,3,3,0,1,1,4,4,11,2260,11,2,2011,6,19,3,0,16,6,N ANDREWS AVENUE,,0,26.17403333,-80.146658330,0,8,0,0,1,1,1,0,3,1,0,1,0,0000000,99,99,99,99,88,88,0,0,0,1,0
12,120434,1,1,0,0,0,3,3,86,1340,12,2,2011,7,4,5,0,14,3,SR-934,,99998,25.84083611,-80.284152780,0,33,0,0,1,1,4,0,3,1,0,1,0,0000000,99,99,99,99,99,99,0,0,0,1,1
12,120435,1,1,0,0,0,5,5,99,1750,12,2,2011,7,5,2,0,16,6,LAKE OSBORNE DRIVE,,0,26.60318611,-80.074338890,0,31,0,0,1,1,4,0,2,2,0,2,0,0000000,99,99,99,99,99,99,0,0,0,2,1
12,120436,1,1,0,1,1,2,2,57,0,13,2,2011,1,13,46,0,6,4,CR-582A,,0,28.06915556,-82.380338890,0,9,0,0,1,1,4,0,1,1,0,1,0,0000000,99,99,99,99,88,88,0,0,0,1,0
12,120437,1,1,0,0,0,3,3,99,0,13,2,2011,1,1,53,0,14,4,LANTANA ROAD,,99998,26.59028889,-80.166794440,0,42,0,0,1,1,3,0,3,1,0,1,0,0000000,99,99,99,99,99,99,0,0,0,1,0
12,120438,2,2,0,0,0,2,2,11,3250,21,2,2011,2,19,13,0,16,6,NE 15TH AVENUE,,0,26.15574722,-80.128158330,0,12,2,0,1,1,1,0,3,1,0,1,0,0000000,99,99,99,99,99,99,0,0,0,1,2
12,120439,2,1,1,0,0,1,1,31,1510,23,2,2011,4,1,50,0,16,6,SAN PABLO ROAD,,0,30.27466667,-81.437402780,0,18,0,0,1,1,4,0,3,1,0,1,0,0000000,99,99,99,99,99,99,0,0,0,1,1
12,120440,1,1,0,0,0,1,1,86,2010,24,2,2011,5,17,57,0,16,6,NW 27TH AVENUE,,0,25.77464167,-80.255555560,0,43,0,0,1,1,4,0,1,1,0,1,0,0000000,99,99,99,99,99,99,0,0,0,1,0
12,120441,1,1,0,1,1,1,1,61,3070,25,2,2011,6,7,20,0,6,6,42RD AVENUE,26TH STREET,0,27.64602222,-80.430158330,0,9,0,0,3,3,4,0,1,1,0,1,0,0000000,99,99,99,99,99,99,0,0,0,1,0
12,120442,2,2,0,0,0,4,4,57,0,25,2,2011,6,19,55,0,6,4,THONOTOSASSA ROAD,,0,28.04706944,-82.230569440,0,12,2,0,1,1,1,0,2,1,0,1,0,0000000,99,99,99,99,99,99,0,0,0,1,0
12,120443,1,1,0,1,1,1,1,86,2010,26,2,2011,7,22,34,0,16,6,MEDITERRANEAN BLVD,67TH AVENUE,0,25.93016389,-80.309650000,0,8,0,0,2,2,1,0,3,1,0,1,0,0000000,99,99,99,99,88,88,0,0,0,1,0
12,120444,2,1,1,1,2,1,2,86,2010,27,2,2011,1,14,40,0,14,3,SR-968,,99998,25.77153333,-80.227891670,0,8,0,0,1,1,4,0,1,1,0,1,0,0000000,99,99,99,99,99,99,0,0,0,1,0
12,120446,1,1,0,1,1,1,1,31,1510,15,3,2011,3,13,5,1,13,2,US-1,,99998,30.40653333,-81.744236110,0,9,0,0,1,1,2,0,1,1,0,1,0,0000000,99,99,99,99,99,99,0,0,0,1,0
12,120448,2,2,0,0,0,3,3,99,0,18,3,2011,6,18,41,0,15,4,PALMETTO PARK ROAD,POWERLINE ROAD,99998,26.35042222,-80.153980560,0,12,6,0,2,3,1,0,1,1,0,1,0,0000000,99,99,99,99,99,99,0,0,0,1,0
12,120449,2,2,0,0,0,5,5,57,0,19,3,2011,7,17,2,0,6,4,SHELDON ROAD,,0,28.05798056,-82.582513890,0,12,1,0,1,1,1,0,1,1,0,1,0,0000000,99,99,99,99,88,88,0,0,0,1,1
12,120451,1,1,0,0,0,2,2,57,0,24,3,2011,5,3,50,0,6,4,NORTHDALE BOULEVARD,,0,28.09624167,-82.510727780,0,1,0,0,1,1,1,0,3,1,0,1,0,0000000,99,99,99,99,88,88,0,0,0,1,1
12,120452,1,1,0,0,0,1,1,99,0,26,3,2011,7,0,17,0,13,2,US-441,SANDALFOOT BLVD,99998,26.33582222,-80.203047220,0,46,0,0,2,2,4,0,3,1,0,1,0,0000000,99,99,99,99,88,88,0,0,0,1,0
12,120453,2,2,0,0,0,6,6,99,0,2,4,2011,7,12,50,0,16,6,LINTON BLVD,SIMS RD,0,26.43930556,-80.130533330,0,12,6,0,2,2,1,0,1,1,0,1,0,0000000,99,99,99,99,99,99,0,0,0,1,0
12,120454,3,3,0,1,1,3,3,99,3190,8,4,2011,6,2,38,0,14,6,N HAVERHILL ROAD,,99998,26.75200556,-80.117600000,0,8,0,0,1,1,1,0,2,1,0,1,0,0000000,99,99,99,99,88,88,0,0,0,1,0
12,120455,2,2,0,0,0,3,3,99,0,11,4,2011,2,5,59,0,13,3,SR-809,WESTGATE AVE,99998,26.70309444,-80.111297220,0,12,6,0,2,2,1,0,3,1,0,1,0,0000000,99,99,99,99,99,99,0,0,0,1,1
12,120456,1,1,0,0,0,1,1,99,0,13,4,2011,4,18,8,0,13,3,SR-809,,99998,26.62958889,-80.113008330,0,33,0,0,1,1,3,0,1,1,0,1,0,0000000,99,99,99,99,88,88,0,0,0,1,1
12,120457,2,2,0,0,0,2,2,99,0,16,4,2011,7,3,10,0,13,2,US-441,,99998,26.36176111,-80.203333330,0,12,2,0,1,1,1,0,3,1,0,1,0,0000000,99,99,99,99,99,99,0,0,0,1,2
12,120458,1,1,0,1,1,2,2,86,735,28,4,2011,5,21,27,0,6,4,S DIXIE HIGHWAY,,0,25.58975000,-80.359088890,0,8,0,0,1,1,1,0,2,1,0,1,0,0000000,99,99,99,99,88,88,0,0,0,1,0
12,120459,2,2,0,0,0,3,3,99,0,29,4,2011,6,6,11,0,6,4,SEMINOLE PRATT ROAD,67TH COURT,0,26.77466944,-80.296547220,0,12,6,0,2,2,1,0,2,1,0,1,0,0000000,99,99,99,99,88,88,0,0,0,1,1
12,120460,1,1,0,0,0,1,1,103,0,23,1,2011,1,18,20,1,11,1,I-275,,99998,27.87576944,-82.661991670,0,24,0,0,1,1,3,0,5,1,0,1,0,0000000,99,99,99,99,99,99,0,0,0,1,0
12,120461,1,1,0,1,1,1,1,3,0,11,4,2011,2,20,30,0,16,6,MARTIN LUTHER KING D,,0,30.27738889,-82.125780560,0,8,0,0,1,1,1,0,3,1,0,1,0,0000000,99,99,99,99,99,99,0,0,0,1,0
12,120462,4,4,0,0,0,7,7,75,0,12,4,2011,3,21,50,1,2,2,US-27,NE 101 COURT,99998,29.43138889,-82.605550000,0,12,6,0,2,2,1,0,2,1,0,1,0,0000000,99,99,99,99,99,99,0,0,0,2,2
12,120463,3,3,0,0,0,6,6,86,2010,17,4,2011,1,9,15,1,12,3,SR-821,,99998,25.66211667,-80.386755560,0,12,1,0,1,1,1,0,1,1,0,1,0,0000000,99,99,99,99,99,99,14,0,0,1,0
12,120464,1,1,0,1,1,1,1,86,0,24,4,2011,1,10,55,0,14,3,SR-860,NORTHWEST 68TH AVE,99998,25.94207222,-80.313672220,0,8,0,0,2,3,1,0,1,1,0,1,0,0000000,11,2,11,7,99,99,0,0,0,1,0