STATE,ST_CASE,VE_TOTAL,VE_FORMS,PVH_INVL,PEDS,PERNOTMVIT,PERMVIT,PERSONS,COUNTY,CITY,DAY,MONTH,YEAR,DAY_WEEK,HOUR,MINUTE,NHS,ROAD_FNC,ROUTE,TWAY_ID,TWAY_ID2,MILEPT,LATITUDE,LONGITUD,SP_JUR,HARM_EV,MAN_COLL,RELJCT1,RELJCT2,TYP_INT,REL_ROAD,WRK_ZONE,LGT_COND,WEATHER1,WEATHER2,WEATHER,SCH_BUS,RAIL,NOT_HOUR,NOT_MIN,ARR_HOUR,ARR_MIN,HOSP_HR,HOSP_MN,CF1,CF2,CF3,FATALS,DRUNK_DR
12,120465,1,1,0,0,0,1,1,85,0,2,5,2011,2,20,16,1,1,1,I-95,,99998,27.13026389,-80.350486110,0,1,0,0,1,1,3,0,2,1,0,1,0,0000000,99,99,99,99,88,88,0,0,0,1,1
12,120466,1,1,0,0,0,1,1,127,0,11,4,2011,2,11,12,0,16,6,CARTER RD,,0,29.05876944,-81.274416670,0,42,0,0,1,1,4,0,1,1,0,1,0,0000000,99,99,99,99,88,88,0,0,0,1,0
12,120467,1,1,0,1,1,1,1,115,0,19,4,2011,3,17,6,1,12,3,SR-45A,US-41,99998,27.07379167,-82.425086110,0,9,0,0,2,4,1,0,1,1,0,1,0,0000000,99,99,99,99,99,99,0,0,0,1,0
12,120468,1,1,0,0,0,1,1,86,0,2,1,2011,1,11,30,0,13,3,SR-9,,99998,25.84721389,-80.241822220,0,19,0,0,1,1,4,0,1,1,0,1,0,0000000,99,99,99,99,99,99,0,0,0,1,1
12,120469,1,1,0,1,1,1,1,105,0,3,1,2011,2,15,0,0,13,2,US-98,,99998,28.13815000,-81.973563890,0,9,0,0,1,1,4,0,1,1,0,1,0,0000000,99,99,99,99,88,88,0,0,0,1,0
12,120470,2,2,0,0,0,5,5,11,2948,6,1,2011,5,12,30,0,16,6,N UNIVERSITY DR,NW 58TH ST,0,26.19694722,-80.252047220,0,12,1,0,3,3,1,0,1,10,0,10,0,0000000,99,99,99,99,99,99,0,0,0,1,0
12,120471,2,2,0,0,0,2,2,99,3190,9,1,2011,1,14,53,0,6,4,BELVEDERE ROAD,,0,26.69078056,-80.068927780,0,1,0,0,5,1,1,0,1,1,0,1,0,0000000,99,99,99,99,99,99,0,0,0,1,0
12,120472,2,2,0,0,0,2,2,71,0,9,1,2011,1,9,20,1,2,2,US-41,UNKNOWN,99998,26.66615556,-81.888647220,0,12,6,0,2,3,1,0,1,1,0,1,0,0000000,99,99,99,99,99,99,0,0,0,1,0
12,120473,3,3,0,0,0,4,4,86,0,11,1,2011,3,12,36,0,16,6,SW 56TH STREET,SW 142ND AVENUE,0,25.71428056,-80.423008330,0,12,6,0,2,2,1,0,1,1,0,1,0,0000000,99,99,99,99,99,99,0,0,0,1,0
12,120474,1,1,0,1,1,1,1,127,780,12,1,2011,4,12,39,0,16,6,FENTRESS BOULEVARD,,0,29.19000556,-81.079402780,0,8,0,0,1,1,4,0,1,1,0,1,0,0000000,99,99,99,99,88,88,0,0,0,1,0
12,120475,2,2,0,0,0,3,3,86,125,15,1,2011,7,0,39,0,16,6,BISCAYNE BOULEVARD,N 195TH STREET,0,25.95692500,-80.146936110,0,12,1,0,2,3,1,0,3,1,0,1,0,0000000,99,99,99,99,99,99,0,0,0,1,1
12,120476,1,1,0,0,0,1,1,53,0,20,1,2011,5,11,20,0,16,6,CR-581,,0,28.46644722,-82.370738890,0,1,0,0,1,1,1,0,1,1,0,1,0,0000000,99,99,99,99,99,99,0,0,0,1,0
12,120477,2,2,0,0,0,8,8,71,0,27,1,2011,5,19,2,0,3,3,SR-82,COLUMBUS AVE,99998,26.52077778,-81.572927780,0,12,6,0,2,2,1,0,2,1,0,1,0,0000000,99,99,99,99,99,99,0,0,0,1,0
12,120478,1,1,0,1,1,1,1,15,2620,29,1,2011,7,18,5,0,16,6,MARION ST,TAYLOR ST,0,26.93522222,-82.051188890,0,8,0,0,2,2,1,0,5,1,0,1,0,0000000,99,99,99,99,99,99,0,0,0,1,0
12,120479,1,1,0,1,1,1,1,86,1340,3,2,2011,5,20,35,0,16,6,4TH AVE,,0,25.82391111,-80.273386110,0,8,0,0,1,1,1,0,3,1,0,1,0,0000000,99,99,99,99,88,88,0,0,0,1,0
12,120480,2,2,0,0,0,4,4,86,0,18,2,2011,6,16,59,0,6,4,216TH ST,,0,25.56615556,-80.391919440,0,12,6,0,1,1,1,0,1,1,0,1,0,0000000,99,99,99,99,99,99,0,0,0,1,0
12,120481,2,2,0,0,0,2,2,103,570,21,2,2011,2,17,30,0,16,6,BELCHER RD,SUNSET POINT RD,0,27.98998611,-82.745138890,0,12,6,0,2,2,1,0,1,1,0,1,0,0000000,99,99,99,99,99,99,0,0,0,1,0
12,120482,1,1,0,0,0,2,2,11,1420,27,2,2011,1,3,30,0,13,3,SR-822,,99998,26.03282778,-80.188125000,0,42,0,0,1,1,4,0,3,1,0,1,0,0000000,99,99,99,99,88,88,0,0,0,2,1
12,120483,1,1,0,0,0,1,1,103,2730,27,2,2011,1,6,40,0,16,6,DR MARTIN LUTHER KIN,,0,27.82268056,-82.648430560,0,42,0,0,1,1,4,0,3,1,0,1,0,0000000,99,99,99,99,99,99,0,0,0,1,0
12,120484,2,2,0,0,0,2,2,105,1690,2,3,2011,4,8,1,0,13,2,US-92,,99998,28.05471111,-81.990194440,0,12,2,0,1,1,1,0,1,1,0,1,0,0000000,99,99,99,99,99,99,0,0,0,2,0
12,120485,1,1,0,0,0,1,1,57,0,12,3,2011,7,2,40,0,6,4,GUNN HIGHWAY,,0,28.09793333,-82.579208330,0,30,0,0,1,1,4,0,3,1,0,1,0,0000000,99,99,99,99,88,88,0,0,0,1,1
12,120486,2,2,0,0,0,4,4,57,0,12,3,2011,7,14,17,0,6,4,MEMORIAL HIGHWAY,TIMBERLANE WEST DRIV,0,28.01180278,-82.599941670,0,12,1,0,2,3,1,0,1,1,0,1,0,0000000,99,99,99,99,99,99,0,0,0,1,0
12,120487,1,1,0,0,0,1,1,99,3147,15,3,2011,3,3,0,0,16,6,GREENVIEW SHORES BLV,,0,26.66761389,-80.282055560,0,42,0,0,1,1,4,0,3,1,0,1,0,0000000,99,99,99,99,88,88,0,0,0,1,1
12,120488,2,2,0,0,0,2,2,105,0,18,3,2011,6,12,0,0,15,3,SR-17,,99998,27.95322778,-81.594669440,0,12,1,0,1,1,1,0,1,10,0,10,0,0000000,99,99,99,99,88,88,0,0,0,1,1
12,120489,1,1,0,1,1,1,1,9,0,16,4,2011,7,3,35,0,14,3,SR-524,,99998,28.36291389,-80.822038890,0,8,0,0,1,1,1,0,2,1,0,1,0,0000000,99,99,99,99,88,88,0,0,0,1,0
12,120490,1,1,0,0,0,1,1,71,1070,25,4,2011,2,5,16,0,13,3,SR-884,,99998,26.59729444,-81.862577780,0,25,0,0,1,1,4,0,1,1,0,1,0,0000000,99,99,99,99,88,88,0,0,0,1,0
12,120491,5,5,0,0,0,6,6,1,0,29,4,2011,6,10,19,0,3,3,SR-121,SW 82ND PLACE,99998,29.57814167,-82.392094440,0,12,6,0,2,3,1,0,1,1,0,1,1,0000000,99,99,99,99,88,88,0,0,0,1,0
12,120492,1,1,0,0,0,2,2,11,3193,29,4,2011,6,15,29,1,11,1,I-75,,99998,26.10220556,-80.360122220,0,21,0,0,1,1,3,0,1,2,0,2,0,0000000,99,99,99,99,99,99,0,0,0,1,0
12,120493,1,1,0,0,0,1,1,7,0,6,5,2011,6,3,17,0,3,3,SR-100,,99998,29.84188611,-82.066172220,0,32,0,0,1,1,4,0,2,1,0,1,0,0000000,99,99,99,99,88,88,0,0,0,1,1
12,120494,1,1,0,0,0,1,1,11,2219,8,5,2011,1,4,24,0,13,6,W MCNAB ROAD,,99998,26.20815278,-80.204813890,0,24,0,1,19,1,4,0,3,1,0,1,0,0000000,99,99,99,99,88,88,0,0,0,1,1
12,120495,1,1,0,0,0,1,1,9,0,8,5,2011,1,4,0,0,6,4,MICCO ROAD,,0,27.88100556,-80.546083330,0,52,0,0,1,1,4,0,2,1,0,1,0,0000000,99,99,99,99,88,88,0,0,0,1,1
12,120496,1,1,0,1,1,1,1,9,0,8,5,2011,1,1,8,0,13,3,SR-5,,99998,28.46707222,-80.765263890,0,8,0,0,1,1,1,0,2,1,0,1,0,0000000,99,99,99,99,99,99,0,0,0,1,0
12,120497,3,3,0,0,0,6,6,11,2260,11,5,2011,4,22,31,1,11,1,I-95,,99998,26.27241944,-80.098125000,0,12,1,0,1,1,1,0,3,1,0,1,0,0000000,99,99,99,99,99,99,0,0,0,1,0
12,120498,1,1,0,0,0,1,1,11,1050,12,5,2011,5,15,35,0,14,6,STIRLING ROAD,HIATUS ROAD,99998,26.04490833,-80.297441670,0,38,0,0,3,2,4,0,1,1,0,1,0,0000000,99,99,99,99,88,88,0,0,0,1,0
12,120499,1,1,0,0,0,2,2,9,0,16,5,2011,2,3,30,0,6,4,MICCO ROAD,,0,27.88103611,-80.546072220,0,52,0,0,1,1,4,0,2,1,0,1,0,0000000,99,99,99,99,88,88,0,0,0,1,1
12,120500,2,2,0,0,0,2,2,86,2010,18,5,2011,4,6,5,1,13,2,US-1,,99998,25.74449722,-80.225197220,0,12,7,0,1,1,1,0,4,1,0,1,0,0000000,99,99,99,99,88,88,0,0,0,1,0
12,120501,1,1,0,1,1,1,1,11,771,21,3,2011,2,6,9,0,13,3,SR-817,GRIFFIN ROAD,99998,26.06447500,-80.252069440,0,9,0,0,2,2,1,0,3,1,0,1,0,0000000,99,99,99,99,88,88,0,0,0,1,0
12,120502,2,2,0,0,0,6,6,57,0,1,1,2011,7,3,10,0,14,4,N HIMES AVENUE,,99998,28.02523889,-82.500752780,0,12,6,0,8,1,1,0,3,1,0,1,0,0000000,99,99,99,99,99,99,0,0,0,1,1
12,120504,2,2,0,0,0,2,2,86,2220,20,2,2011,1,13,39,0,16,6,SANS SOURI BLVD,NE 118TH ROAD,0,25.88615556,-80.160475000,0,12,6,0,2,5,1,0,1,1,0,1,0,0000000,99,99,99,99,99,99,0,0,0,1,0
12,120505,1,1,0,0,0,1,1,86,0,19,3,2011,7,17,2,0,14,3,SR-989,,99998,25.53647778,-80.372133330,0,26,0,0,1,1,4,0,1,1,0,1,0,0000000,99,99,99,99,88,88,0,0,0,1,0
12,120506,1,1,0,0,0,4,4,86,2220,21,3,2011,2,4,0,0,14,3,SR-922,,99998,25.89053333,-80.180480560,0,42,0,0,1,1,4,0,3,2,0,2,0,0000000,99,99,99,99,99,99,0,0,0,1,0
12,120507,2,2,0,0,0,3,3,86,2220,7,4,2011,5,10,45,1,11,1,I-95,,99998,25.88656389,-80.208836110,0,12,7,1,5,1,1,0,1,1,0,1,0,0000000,99,99,99,99,99,99,0,0,0,1,0
12,120508,1,1,0,1,1,1,1,19,2350,22,4,2011,6,0,25,0,13,2,US-17,,99998,30.18788611,-81.702708330,0,8,0,0,1,1,1,0,3,1,0,1,0,0000000,99,99,99,99,99,99,0,0,0,1,0
12,120509,1,1,0,0,0,6,6,21,0,24,4,2011,1,0,1,0,6,4,11900 SIX LS FARM RD,,0,26.04014444,-81.622311110,0,1,0,0,1,1,1,0,2,1,0,1,0,0000000,99,99,99,99,99,99,0,0,0,2,1
12,120510,3,3,0,0,0,11,11,86,0,26,4,2011,3,6,40,1,12,3,SR-836,,99998,25.78163611,-80.373700000,0,25,0,0,1,1,3,4,1,10,0,10,0,0000000,99,99,99,99,99,99,0,0,0,2,0
12,120511,1,1,0,2,2,1,1,86,0,30,4,2011,7,21,37,0,13,3,SR-817,NW 199TH STREET,99998,25.95547778,-80.246072220,0,8,0,0,2,2,1,0,3,1,0,1,0,0000000,99,99,99,99,99,99,0,0,0,1,0
12,120512,1,1,0,0,0,1,1,86,0,7,5,2011,7,3,6,1,11,1,I-95 RAMP,,99998,25.93227778,-80.212672220,0,24,0,0,5,1,4,0,3,1,0,1,0,0000000,99,99,99,99,88,88,0,0,0,1,0
12,120513,2,2,0,0,0,6,6,86,0,8,5,2011,1,9,48,0,2,2,US-41,SR-997,99998,25.78163611,-80.373700000,0,12,6,0,2,3,1,0,1,1,0,1,0,0000000,99,99,99,99,99,99,0,0,0,1,0
12,120514,1,1,0,0,0,2,2,17,0,12,5,2011,5,22,22,0,6,4,CR-48,,0,28.74193056,-82.277986110,0,1,0,0,1,1,4,0,2,1,0,1,0,0000000,99,99,99,99,99,99,0,0,0,1,1
12,120515,1,1,0,0,0,6,6,53,0,5,3,2011,7,22,20,1,1,1,I-75,,99998,28.45103333,-82.275947220,0,1,0,0,1,1,4,0,2,2,0,2,0,0000000,99,99,99,99,99,99,0,0,0,1,0
12,120516,1,1,0,1,1,2,2,105,0,5,3,2011,7,13,51,0,13,2,US-98,,99998,28.16718611,-81.976369440,0,8,0,0,1,1,4,0,1,1,0,1,0,0000000,99,99,99,99,99,99,0,0,0,1,0
12,120518,1,1,0,1,1,1,1,99,2431,29,3,2011,3,11,47,0,13,3,SR-809,,99998,26.82397500,-80.105705560,0,8,0,0,1,1,4,0,1,10,0,10,0,0000000,99,99,99,99,99,99,0,0,0,1,0
12,120519,1,1,0,1,1,1,1,99,0,1,4,2011,6,4,10,0,14,4,BELVEDERE ROAD,,99998,26.63334722,-80.174897220,0,9,0,0,1,1,1,0,3,10,0,10,0,0000000,99,99,99,99,88,88,0,0,0,1,0
12,120520,1,1,0,0,0,1,1,57,0,2,4,2011,7,21,40,0,6,4,TARPON SPRINGS ROAD,,0,28.14369444,-82.608519440,0,59,0,0,1,1,4,0,2,1,0,1,0,0000000,99,99,99,99,99,99,0,0,0,1,0
12,120521,2,2,0,0,0,5,5,103,0,4,4,2011,2,16,20,0,6,4,54TH AVENUE NORTH,71ST WAY NORTH,0,27.82100833,-82.737480560,0,12,6,0,3,1,1,0,1,1,0,1,0,0000000,99,99,99,99,99,99,0,0,0,1,0
12,120522,1,1,0,1,1,1,1,101,0,6,4,2011,4,21,40,0,6,4,COLONY ROAD,,0,28.34418889,-82.616825000,0,8,0,0,1,1,1,0,2,1,0,1,0,0000000,21,43,21,50,88,88,0,0,0,1,0
12,120523,2,2,0,0,0,2,2,117,0,6,4,2011,4,13,10,0,16,6,MULLET LAKE PARK ROA,WEST OSCEOLA ROAD,0,28.77072222,-81.148888890,0,12,6,0,2,2,1,0,1,1,0,1,0,0000000,99,99,99,99,99,99,0,0,0,1,0
12,120524,2,2,0,0,0,2,2,127,0,7,4,2011,5,11,30,0,14,3,SR-15A,W BERESFORD ROAD,99998,29.04770833,-81.324686110,0,12,6,0,2,2,1,0,1,1,0,1,0,0000000,99,99,99,99,88,88,0,0,0,1,0
12,120525,2,2,0,0,0,2,2,105,0,7,4,2011,5,10,50,0,3,3,SR-33,DOUBLE DIAMOND DRIVE,99998,28.35784444,-81.820011110,0,12,6,0,2,3,1,0,1,1,0,1,0,0000000,99,99,99,99,99,99,0,0,0,1,0
12,120526,2,2,0,0,0,3,3,101,0,10,4,2011,1,7,54,0,6,4,GRAND BOULEVARD,,0,28.18055000,-82.723438890,0,12,6,0,8,1,1,0,1,1,0,1,0,0000000,7,54,7,59,88,88,0,0,0,1,0
12,120527,1,1,0,0,0,4,4,117,30,10,4,2011,1,15,25,1,11,1,I-4,,99998,28.64166389,-81.388144440,0,1,0,0,1,1,3,0,1,1,0,1,0,0000000,99,99,99,99,99,99,0,0,0,1,0
12,120528,1,1,0,0,0,1,1,105,0,11,4,2011,2,10,0,0,6,4,SADLE CREEK RD,,0,28.07348889,-81.881436110,0,35,0,0,1,1,4,0,9,10,0,10,0,0000000,99,99,99,99,88,88,0,0,0,1,1
12,120529,2,2,0,0,0,4,4,101,0,12,4,2011,3,12,22,0,6,4,CR-578,DRAYTON STREET,0,28.43372778,-82.533613890,0,12,6,0,2,3,1,0,1,1,0,1,0,0000000,99,99,99,99,99,99,0,0,0,1,0
12,120530,2,2,0,0,0,2,2,75,0,12,4,2011,3,15,40,0,6,4,CR-326,CR-337,0,29.29011389,-82.590375000,0,12,6,0,2,2,1,0,1,1,0,1,0,0000000,99,99,99,99,99,99,0,0,0,1,0
12,120531,1,1,0,0,0,1,1,77,0,13,4,2011,4,20,5,0,6,4,CR-2224,,0,30.36800000,-84.768166670,0,1,0,0,1,1,4,0,2,1,0,1,0,0000000,99,99,99,99,88,88,0,0,0,1,0
12,120532,1,1,0,0,0,1,1,105,0,14,4,2011,5,12,0,0,6,4,OLD DADE CITY RD,ROCKRIDGE RD,0,28.17933611,-82.015213890,0,24,0,0,2,4,4,0,1,1,0,1,0,0000000,99,99,99,99,88,88,0,0,0,1,1
12,120533,2,2,0,0,0,3,3,35,2439,14,4,2011,5,16,59,0,13,2,US-1,WHITEVIEW PKWY,99998,29.52303056,-81.262847220,0,12,6,0,2,3,1,0,1,1,0,1,0,0000000,99,99,99,99,99,99,0,0,0,1,0
12,120534,1,1,0,1,1,1,1,27,0,14,4,2011,5,5,55,0,3,3,SR-72,,99998,27.20207500,-81.959727780,0,8,0,0,1,1,1,0,2,1,0,1,0,0000000,99,99,99,99,88,88,0,0,0,1,0
12,120535,1,1,0,1,1,1,1,57,0,15,4,2011,6,22,14,0,13,2,US-301,,99998,27.85925000,-82.326661110,0,8,0,0,1,1,1,4,2,1,0,1,0,0000000,99,99,99,99,99,99,0,0,0,1,0
12,120536,1,1,0,0,0,2,2,101,0,16,4,2011,7,6,34,0,6,4,KELLY RD,,0,28.42598333,-82.577922220,0,42,0,0,1,1,4,0,2,1,0,1,0,0000000,6,36,6,45,99,99,0,0,0,1,1
12,120537,1,1,0,1,1,1,1,109,0,16,4,2011,7,10,17,0,14,3,SR-13,,99998,30.10721944,-81.626486110,0,8,0,0,1,1,4,0,1,10,0,10,0,0000000,99,99,99,99,99,99,0,0,0,1,0
12,120538,1,1,0,1,1,1,1,71,312,17,4,2011,1,14,38,0,13,2,US-41,,99998,26.39452222,-81.810577780,0,9,0,0,1,1,1,0,1,1,0,1,0,0000000,99,99,99,99,88,88,0,0,0,1,0
12,120539,2,2,0,0,0,2,2,57,0,19,4,2011,3,13,52,0,6,4,KINGSWAY RD,,0,27.99865833,-82.277722220,0,12,2,0,1,1,1,0,1,1,0,1,0,0000000,99,99,99,99,99,99,0,0,0,1,0
12,120540,3,3,0,0,0,4,4,31,1510,19,4,2011,3,1,23,1,11,1,I-295,,99998,30.20585556,-81.513916670,0,12,2,0,1,1,1,4,3,10,0,10,0,0000000,99,99,99,99,99,99,0,0,0,2,1
12,120541,1,1,0,4,4,1,1,33,2490,21,4,2011,5,19,51,0,13,4,FAIRFIELD DR,HART DR,99998,30.45436111,-87.215350000,0,8,0,0,3,2,1,0,3,1,0,1,0,0000000,99,99,99,99,99,99,0,0,0,1,0
12,120542,2,2,0,0,0,4,4,101,0,21,4,2011,5,18,24,0,6,4,DECUBELLIS RD,TOWNCENTER RD,0,28.27075833,-82.628158330,0,12,6,0,2,2,1,0,1,1,0,1,0,0000000,99,99,99,99,99,99,0,0,0,1,1
12,120543,1,1,0,0,0,1,1,95,0,21,4,2011,5,7,10,0,2,3,SR-520,,99998,28.37074167,-80.891019440,0,32,0,0,1,1,3,0,1,1,0,1,0,0000000,99,99,99,99,88,88,0,0,0,1,0
12,120544,1,1,0,0,0,6,6,39,0,21,4,2011,5,16,50,0,6,4,HIGH BLUFF LANDING R,,0,30.48964722,-84.503636110,0,34,0,0,1,1,4,0,1,1,0,1,0,0000000,99,99,99,99,99,99,0,0,0,1,1
12,120545,2,2,0,0,0,2,2,127,0,22,4,2011,6,8,0,0,13,2,US-92,INTERNATIONAL SPEEDW,99998,29.07562778,-81.247461110,0,12,6,0,2,3,1,1,1,1,0,1,0,0000000,99,99,99,99,88,88,0,0,0,1,0
12,120546,8,8,0,0,0,11,11,31,1510,22,4,2011,6,10,40,0,13,2,US-1,SR-152,99998,30.22403333,-81.587580560,0,12,1,0,3,1,1,0,1,10,0,10,0,0000000,99,99,99,99,99,99,21,0,0,1,0
12,120547,1,1,0,0,0,1,1,53,0,22,4,2011,6,22,25,0,6,4,CR-484,,0,28.52664722,-82.301405560,0,59,0,0,1,1,4,0,2,1,0,1,0,0000000,22,25,22,29,88,88,0,0,0,1,1
12,120548,1,1,0,1,1,1,1,105,0,23,4,2011,7,21,0,0,6,4,PARK BYRD ROAD,,0,28.15147222,-81.990302780,0,9,0,0,1,1,1,0,2,1,0,1,0,0000000,99,99,99,99,99,99,0,0,0,1,0
12,120549,2,2,0,0,0,7,7,95,0,24,4,2011,1,20,40,0,14,3,SR-438,SILVER STAR ROAD,99998,28.57745278,-81.491111110,0,12,2,0,2,2,1,0,3,1,0,1,0,0000000,99,99,99,99,99,99,0,0,0,1,0
12,120550,1,1,0,1,1,1,1,109,0,24,4,2011,1,22,30,0,3,3,SR-207,,99998,29.76093056,-81.462358330,0,8,0,0,1,1,1,0,2,1,0,1,0,0000000,99,99,99,99,88,88,0,0,0,1,0
12,120551,2,2,0,1,1,2,2,103,0,24,4,2011,1,23,5,0,6,4,62ND AVENUE,LINCOLN WAY,0,27.82838889,-82.677169440,0,8,0,0,2,3,1,0,2,1,0,1,0,0000000,99,99,99,99,99,99,0,0,0,1,1
12,120552,1,1,0,1,1,1,1,71,0,24,4,2011,1,20,36,0,6,4,HANCOCK BRIDGE PKWY,ORANGE GROVE BLVD,0,26.65263056,-81.915586110,0,15,0,0,2,2,1,0,3,1,0,1,0,0000000,99,99,99,99,88,88,0,0,0,1,0
12,120553,1,1,0,0,0,1,1,83,0,24,4,2011,1,11,25,0,6,4,SILVER ROAD,,0,29.10718889,-82.004272220,0,42,0,0,1,1,4,0,1,1,0,1,0,0000000,99,99,99,99,99,99,0,0,0,1,0
12,120554,2,2,0,0,0,2,2,43,0,25,4,2011,2,15,42,1,2,2,US-27,,99998,26.80376667,-81.082413890,0,12,1,0,1,1,1,0,1,1,0,1,0,0000000,99,99,99,99,99,99,0,0,0,1,0
12,120555,2,2,0,0,0,2,2,53,0,25,4,2011,2,15,11,1,13,3,SR-50,FORT DADE AVENUE,99998,28.54094444,-82.462047220,0,12,6,0,2,2,1,0,1,10,0,10,0,0000000,99,99,99,99,99,99,0,0,0,1,0
12,120556,1,1,0,0,0,1,1,69,0,25,4,2011,2,10,55,0,3,3,SR-33,,99998,28.51448611,-81.842038890,0,30,0,0,1,1,4,0,1,10,0,10,0,0000000,99,99,99,99,88,88,0,0,0,1,0
12,120557,2,1,1,1,1,1,1,89,1010,26,4,2011,3,20,53,0,14,3,SR-A1A,,99998,30.64168611,-81.436161110,0,8,0,0,1,1,1,4,3,10,0,10,0,0000000,99,99,99,99,99,99,0,0,0,1,1
12,120558,3,3,0,0,0,7,7,81,0,27,4,2011,4,10,26,0,13,3,SR-70,LOCKWOOD RIDGE ROAD,99998,27.44596389,-82.505727780,0,12,6,1,2,2,1,0,1,1,0,1,0,0000000,10,29,10,35,99,99,0,0,0,1,0
12,120559,1,1,0,1,1,1,1,109,0,27,4,2011,4,5,40,1,11,1,I-95,,99998,30.10258889,-81.502300000,0,8,0,0,1,1,1,0,2,1,0,1,0,0000000,99,99,99,99,99,99,0,0,0,1,0
12,120560,1,1,0,0,0,1,1,33,0,28,4,2011,5,22,11,0,6,4,CR-95A,,0,30.61576944,-87.322677780,0,43,0,0,1,1,4,0,2,1,0,1,0,0000000,99,99,99,99,88,88,0,0,0,1,1
12,120561,1,1,0,0,0,1,1,121,0,28,4,2011,5,21,30,0,6,4,CR-137,,0,30.10266111,-82.828213890,0,32,0,0,1,1,4,0,2,10,0,10,0,0000000,99,99,99,99,88,88,0,0,0,1,1
12,120562,2,2,0,0,0,2,2,127,0,28,4,2011,5,23,41,1,1,1,I-4,,99998,28.86206667,-81.292894440,0,12,1,0,1,1,1,0,2,10,0,10,0,0000000,99,99,99,99,88,88,0,0,0,1,1
12,120563,1,1,0,1,1,2,2,95,0,29,4,2011,6,23,50,0,14,3,SR-535,,99998,28.36126111,-81.500477780,0,9,0,0,1,1,1,0,2,1,0,1,0,0000000,99,99,99,99,99,99,0,0,0,1,0
12,120564,1,1,0,0,0,1,1,31,1510,30,4,2011,7,6,40,1,12,2,US-A90,,99998,30.20140278,-81.553730560,0,1,0,1,5,1,4,0,4,1,0,1,0,0000000,99,99,99,99,99,99,0,0,0,1,0
12,120566,1,1,0,0,0,1,1,101,0,3,5,2011,3,19,30,0,6,4,CR-518,,0,28.22592778,-82.692325000,0,43,0,0,1,1,4,0,1,1,0,1,0,0000000,19,31,19,35,99,99,0,0,0,1,0
12,120567,1,1,0,1,1,1,1,103,0,4,5,2011,4,17,35,0,6,4,CR-1,,0,27.89353333,-82.696361110,0,8,0,0,1,1,1,0,1,1,0,1,0,0000000,99,99,99,99,99,99,0,0,0,1,0
12,120568,1,1,0,0,0,1,1,115,0,4,5,2011,4,17,0,1,1,1,I-75,,99998,27.09889722,-82.190861110,0,43,0,0,1,1,3,0,1,2,0,2,0,0000000,99,99,99,99,88,88,0,0,0,1,0
12,120569,2,2,0,0,0,3,3,45,3210,5,5,2011,5,8,15,0,16,6,CR-22,CANNING RD,0,30.11255556,-85.191994440,0,12,6,0,2,4,1,0,1,1,0,1,0,0000000,99,99,99,99,99,99,0,0,0,2,0
12,120570,1,1,0,0,0,1,1,105,0,6,5,2011,6,0,0,0,6,4,WOODLAND AVE,,0,28.05232222,-81.903869440,0,59,0,0,1,1,4,0,2,1,0,1,0,0000000,99,99,99,99,88,88,0,0,0,1,1
12,120571,3,3,0,0,0,3,3,117,0,6,5,2011,6,13,33,0,2,3,SR-46,,99998,28.78276111,-81.172455560,0,12,2,0,1,1,1,0,1,10,0,10,0,0000000,99,99,99,99,99,99,0,0,0,1,0
12,120572,2,2,0,0,0,3,3,57,0,6,5,2011,6,7,0,0,13,2,US-41,MILLER MAC ROAD,99998,27.76356944,-82.396019440,0,12,6,0,2,3,1,0,1,1,0,1,0,0000000,99,99,99,99,99,99,0,0,0,1,1
12,120573,1,1,0,0,0,1,1,101,0,7,5,2011,7,3,20,0,2,2,US-301,,99998,28.19366111,-82.199919440,0,32,0,0,1,1,4,0,2,1,0,1,0,0000000,3,21,3,30,99,99,0,0,0,1,0
12,120574,1,1,0,1,1,1,1,101,0,7,5,2011,7,16,10,1,13,3,SR-597,,99998,28.18196389,-82.468161110,0,9,0,0,8,1,1,0,1,1,0,1,0,0000000,16,13,16,20,88,88,0,0,0,1,0
12,120575,1,1,0,0,0,1,1,33,0,7,5,2011,7,0,30,0,6,4,CR-95A,,0,30.67856111,-87.319511110,0,42,0,0,1,1,4,0,2,1,0,1,0,0000000,99,99,99,99,88,88,0,0,0,1,1
12,120576,1,1,0,0,0,1,1,33,0,7,5,2011,7,20,48,0,6,4,W STREET,,0,30.46566111,-87.252863890,0,42,0,0,1,1,4,0,2,1,0,1,0,0000000,99,99,99,99,88,88,0,0,0,1,0
12,120577,1,1,0,1,1,1,1,71,312,7,5,2011,7,20,54,0,16,6,CR-887,,0,26.34601389,-81.779227780,0,9,0,0,1,1,1,0,2,1,0,1,0,0000000,99,99,99,99,88,88,0,0,0,1,0
12,120578,1,1,0,0,0,6,6,91,0,8,5,2011,1,16,40,0,3,3,SR-189,,99998,30.93382222,-86.635427780,0,32,0,0,1,1,4,4,1,1,0,1,0,0000000,99,99,99,99,99,99,0,0,0,2,1
12,120579,1,1,0,0,0,1,1,101,0,8,5,2011,1,16,55,0,16,6,BOSTONIAN LOOP,,0,28.20475833,-82.730530560,0,5,0,0,1,1,1,0,1,1,0,1,0,0000000,16,59,17,8,99,99,0,0,0,1,0
12,120580,2,2,0,0,0,2,2,57,0,9,5,2011,2,1,56,0,2,3,SR-39,,99998,28.09576111,-82.141519440,0,12,8,0,1,1,1,0,2,1,0,1,0,0000000,99,99,99,99,88,88,0,0,0,1,1