STATE,ST_CASE,VE_TOTAL,VE_FORMS,PVH_INVL,PEDS,PERNOTMVIT,PERMVIT,PERSONS,COUNTY,CITY,DAY,MONTH,YEAR,DAY_WEEK,HOUR,MINUTE,NHS,ROAD_FNC,ROUTE,TWAY_ID,TWAY_ID2,MILEPT,LATITUDE,LONGITUD,SP_JUR,HARM_EV,MAN_COLL,RELJCT1,RELJCT2,TYP_INT,REL_ROAD,WRK_ZONE,LGT_COND,WEATHER1,WEATHER2,WEATHER,SCH_BUS,RAIL,NOT_HOUR,NOT_MIN,ARR_HOUR,ARR_MIN,HOSP_HR,HOSP_MN,CF1,CF2,CF3,FATALS,DRUNK_DR
12,120581,1,1,0,1,1,1,1,95,0,10,5,2011,3,22,34,0,13,3,SR-50,ECONLOCKHATCHEE TRL,99998,28.56840556,-81.252769440,0,8,0,1,8,1,1,0,2,1,0,1,0,0000000,99,99,99,99,99,99,0,0,0,1,0
12,120582,1,1,0,1,1,1,1,69,0,10,5,2011,3,7,57,0,16,6,LAKE MINNEOLA SHO,OKLAHOMA ST,0,28.59040556,-81.759191670,0,8,0,0,3,3,1,0,1,1,0,1,0,0000000,99,99,99,99,99,99,0,0,0,1,0
12,120583,1,1,0,1,1,1,1,109,0,11,5,2011,4,21,55,0,13,2,US-1,,99998,29.94020000,-81.334719440,0,8,0,0,1,1,1,0,3,1,0,1,0,0000000,99,99,99,99,99,99,0,0,0,1,0
12,120584,2,2,0,0,0,3,3,109,0,12,5,2011,5,7,5,0,2,2,US-1,,99998,30.10093611,-81.475338890,0,12,6,0,1,1,1,0,1,1,0,1,0,0000000,99,99,99,99,99,99,0,0,0,1,0
12,120585,1,1,0,0,0,1,1,113,0,12,5,2011,5,20,14,0,14,2,US-90,,99998,30.56798611,-87.186344440,0,24,0,0,1,1,3,0,2,1,0,1,0,0000000,99,99,99,99,88,88,0,0,0,1,0
12,120586,1,1,0,1,1,1,1,95,0,13,5,2011,6,5,14,0,13,2,US-441,,99998,28.44128611,-81.403513890,0,8,0,0,1,1,1,0,3,1,0,1,0,0000000,99,99,99,99,88,88,0,0,0,1,0
12,120587,1,1,0,0,0,2,2,113,0,13,5,2011,6,18,0,0,6,4,HAMILTON BRIDGE ROAD,,0,30.62450833,-87.108272220,0,34,0,0,1,1,4,0,1,10,0,10,0,0000000,99,99,99,99,99,99,0,0,0,1,0
12,120588,1,1,0,0,0,1,1,57,0,13,5,2011,6,23,52,1,12,3,SR-589,,99998,28.04640278,-82.567119440,0,52,0,0,1,1,4,0,3,1,0,1,0,0000000,99,99,99,99,88,88,0,0,0,1,1
12,120589,1,1,0,2,2,1,1,33,0,13,5,2011,6,0,24,1,13,2,US-29,,99998,30.52879444,-87.275372220,0,8,0,0,1,1,1,0,3,10,0,10,0,0000000,99,99,99,99,99,99,0,0,0,1,0
12,120590,1,1,0,1,1,1,1,91,0,14,5,2011,7,21,50,0,14,3,SR-189,,99998,30.43575000,-86.639030560,0,8,0,0,1,1,1,0,3,10,0,10,0,0000000,99,99,99,99,99,99,0,0,0,1,0
12,120591,3,2,1,0,0,2,2,49,0,14,5,2011,7,7,57,1,13,2,US-17,REA ROAD,99998,27.56932778,-81.816102780,0,12,6,1,2,2,1,0,1,5,0,5,0,0000000,99,99,99,99,99,99,14,0,0,1,0
12,120592,1,1,0,0,0,4,4,81,0,14,5,2011,7,16,2,0,3,3,SR-62,,99998,27.58813889,-82.097008330,0,34,0,0,1,1,4,0,1,2,0,2,0,0000000,99,99,99,99,99,99,0,0,0,1,1
12,120593,3,3,0,0,0,5,5,33,0,14,5,2011,7,11,57,0,14,3,SR-296,,99998,30.46383611,-87.260852780,0,12,6,0,1,1,1,0,1,1,0,1,0,0000000,99,99,99,99,99,99,0,0,0,1,0
12,120594,2,2,0,1,1,6,6,57,2950,5,2,2011,7,20,50,0,13,2,US-92,47TH STREET,99998,27.99610278,-82.406005560,0,8,0,0,2,2,1,0,3,2,0,2,0,0000000,99,99,99,99,99,99,0,0,0,1,0
12,120595,4,4,0,0,0,7,7,57,2950,16,2,2011,4,19,1,0,14,2,US-41,,99998,28.04050000,-82.459488890,0,12,1,0,1,1,1,0,3,1,0,1,0,0000000,99,99,99,99,99,99,0,0,0,1,1
12,120596,1,1,0,1,1,1,1,99,0,9,3,2011,4,18,46,1,13,2,US-98,,99998,26.68231944,-80.267077780,0,9,0,0,1,1,1,0,2,1,0,1,0,0000000,99,99,99,99,88,88,0,0,0,1,0
12,120597,2,2,0,0,0,3,3,95,0,10,5,2011,3,11,45,0,6,4,OAKRIDGE ROAD,,0,28.47224722,-81.419869440,0,12,6,0,8,1,1,0,1,1,0,1,0,0000000,99,99,99,99,88,88,0,0,0,1,0
12,120598,1,1,0,0,0,1,1,49,0,6,4,2011,4,7,40,0,2,3,SR-66,,99998,27.48811389,-81.744794440,0,42,0,0,1,1,4,0,2,1,0,1,0,0000000,99,99,99,99,88,88,0,0,0,1,0
12,120599,2,2,0,0,0,2,2,71,457,12,1,2011,4,17,57,0,13,3,SR-78,SKYLINE BOULEVARD,99998,26.64313333,-81.994961110,0,12,6,0,2,2,1,0,5,10,0,10,0,0000000,99,99,99,99,88,88,0,0,0,1,0
12,120600,2,2,0,0,0,2,2,86,0,3,2,2011,5,9,34,0,14,3,SR-959,NW 57TH AVENUE,99998,25.78556667,-80.288616670,0,12,6,0,2,3,1,0,1,1,0,1,0,0000000,99,99,99,99,99,99,0,0,0,1,0
12,120601,1,1,0,1,1,1,1,31,1510,5,3,2011,7,22,19,0,14,3,SR-111,,99998,30.37882778,-81.699475000,0,9,0,0,1,1,1,4,3,1,0,1,0,0000000,99,99,99,99,99,99,0,0,0,1,1
12,120602,1,1,0,0,0,1,1,11,2260,3,4,2011,1,13,20,0,15,6,NW 21ST AVENUE,,99998,26.18436389,-80.171063890,0,42,0,0,1,1,4,0,1,1,0,1,0,0000000,99,99,99,99,88,88,0,0,0,1,0
12,120604,2,2,0,0,0,3,3,101,0,24,4,2011,1,23,28,0,6,4,CR-1,RIVER CROSSING BLVD,0,28.23715278,-82.670772220,0,12,6,0,2,2,1,0,3,1,0,1,0,0000000,23,28,23,36,99,99,0,0,0,2,1
12,120605,1,1,0,0,0,1,1,31,1510,25,4,2011,2,9,39,0,16,6,TALLEYRAND AVE,GATOR BOWL DR,0,30.32241111,-81.635161110,0,33,0,0,2,3,4,0,1,1,0,1,0,0000000,99,99,99,99,88,88,0,0,0,1,0
12,120606,3,3,0,0,0,4,4,103,2530,29,4,2011,6,21,24,1,13,2,US-19,82ND AVE,99998,27.84654444,-82.689063890,0,12,6,1,2,2,1,0,3,1,0,1,0,0000000,99,99,99,99,88,88,0,0,0,1,0
12,120607,5,5,0,0,0,10,10,11,771,5,5,2011,5,20,16,0,13,3,SR-817,,99998,26.25780556,-80.250438890,0,33,0,0,1,1,3,0,3,2,0,2,0,0000000,99,99,99,99,99,99,0,0,0,2,1
12,120608,1,1,0,1,1,1,1,1,1130,14,5,2011,7,20,49,1,13,3,SR-331,4TH STREET,99998,29.63556389,-82.316897220,0,9,0,0,2,3,1,0,6,1,0,1,0,0000000,99,99,99,99,88,88,0,0,0,1,0
12,120609,1,1,0,0,0,1,1,9,2073,27,5,2011,6,3,30,0,16,6,HAMMOCK ROAD,,0,28.65852500,-80.827325000,0,1,0,0,1,1,4,0,2,1,0,1,0,0000000,99,99,99,99,99,99,0,0,0,1,0
12,120610,2,2,0,0,0,2,2,105,0,16,4,2011,7,0,0,1,13,3,SR-60,,99998,27.89443611,-81.536094440,0,12,2,0,1,1,1,0,2,1,0,1,0,0000000,99,99,99,99,99,99,0,0,0,1,1
12,120611,3,3,0,0,0,4,4,103,2960,15,3,2011,3,23,17,1,13,2,US-19,,99998,28.13109444,-82.740283330,0,12,1,0,1,1,1,0,3,1,0,1,0,0000000,99,99,99,99,99,99,0,0,0,1,3
12,120612,2,2,0,0,0,3,3,69,2970,3,4,2011,1,10,53,0,14,3,SR-19,,99998,28.77569167,-81.748730560,0,12,2,0,1,1,1,0,1,1,0,1,0,0000000,99,99,99,99,99,99,0,0,0,1,2
12,120613,2,2,0,0,0,2,2,69,2970,9,4,2011,7,14,54,0,14,3,SR-19,HICKORY POINT PARK,99998,28.74510000,-81.765747220,0,12,6,0,2,2,1,4,1,1,0,1,0,0000000,99,99,99,99,99,99,0,0,0,1,0
12,120614,2,2,0,0,0,4,4,11,1420,4,1,2011,3,13,50,0,16,6,HOLLYWOOD BOULEVARD,N 62ND AVENUE,0,26.01010556,-80.211611110,0,12,6,0,2,2,1,0,1,10,0,10,0,0000000,99,99,99,99,99,99,0,0,0,1,0
12,120615,1,1,0,2,2,1,1,85,1482,14,5,2011,7,0,30,1,13,3,SR-710,JACKSON AVENUE,99998,27.01933611,-80.464600000,0,8,0,0,2,3,1,0,3,1,0,1,0,0000000,99,99,99,99,99,99,0,0,0,1,0
12,120616,1,1,0,1,1,1,1,95,0,17,5,2011,3,12,50,0,13,2,US-17,,99998,28.40258889,-81.404661110,0,8,0,0,1,1,1,0,1,1,0,1,0,0000000,99,99,99,99,99,99,0,0,0,1,0
12,120617,1,1,0,1,1,1,1,15,0,29,5,2011,1,3,5,1,1,1,I-75,,99998,26.91840278,-82.012822220,0,8,0,0,1,1,1,0,2,1,0,1,0,0000000,99,99,99,99,99,99,0,0,0,1,0
12,120618,1,1,0,0,0,2,2,95,0,21,5,2011,7,3,23,0,6,4,FORT CHRISTMAS ROAD,,0,28.60045278,-81.076694440,0,38,0,0,1,1,4,0,2,1,0,1,0,0000000,99,99,99,99,88,88,0,0,0,2,1
12,120619,1,1,0,0,0,1,1,99,0,2,6,2011,5,3,0,0,6,4,CR-880,,0,26.67825000,-80.457197220,0,30,0,0,1,1,4,0,2,10,0,10,0,0000000,99,99,99,99,99,99,0,0,0,1,1
12,120620,2,2,0,0,0,7,7,103,2730,17,3,2011,5,18,20,0,14,2,US-19,37TH STREET NORTH,99998,27.77721389,-82.683505560,0,12,6,0,2,2,1,0,1,1,0,1,0,0000000,99,99,99,99,99,99,0,0,0,1,0
12,120621,2,2,0,0,0,2,2,101,0,20,4,2011,4,15,43,0,6,4,TRINITY BLVD,TAMARIND BLVD,0,28.18110833,-82.648636110,0,12,2,0,2,2,1,0,1,1,0,1,0,0000000,15,44,15,49,99,99,0,0,0,1,0
12,120622,1,1,0,0,0,2,2,105,0,23,4,2011,7,19,20,1,13,2,US-27,,99998,28.33893333,-81.672105560,0,43,0,0,1,1,4,0,5,1,0,1,0,0000000,99,99,99,99,99,99,0,0,0,1,0
12,120623,2,1,1,0,0,1,1,99,1720,24,4,2011,1,13,41,0,14,2,US-1,,99998,26.80216944,-80.055133330,0,33,0,0,1,1,4,0,1,10,0,10,0,0000000,99,99,99,99,88,88,0,0,0,1,1
12,120624,3,2,1,0,3,2,5,57,2950,29,5,2011,1,21,39,0,13,3,SR-60,CLARK AVENUE,99998,27.94491667,-82.511955560,0,12,6,0,2,2,1,0,3,1,0,1,0,0000000,99,99,99,99,99,99,0,0,0,1,0
12,120625,1,1,0,0,0,3,3,95,0,10,5,2011,3,11,50,1,12,3,SR-91,,99998,28.46327222,-81.435108330,0,1,0,0,1,1,1,0,1,1,0,1,0,0000000,99,99,99,99,99,99,0,0,0,1,0
12,120626,1,1,0,0,0,2,2,91,0,11,6,2011,7,18,15,0,6,4,RATTLESNAKE BLUFF RD,,0,30.68138611,-86.586269440,0,35,0,0,1,1,4,0,1,1,0,1,0,0000000,99,99,99,99,99,99,0,0,0,1,1
12,120627,1,1,0,0,0,1,1,105,0,26,2,2011,7,0,0,0,6,4,CR-17,,0,27.97597500,-82.063902780,0,59,0,0,1,1,4,0,2,1,0,1,0,0000000,99,99,99,99,88,88,0,0,0,1,1
12,120628,3,3,0,0,0,9,9,21,0,20,1,2011,5,7,26,1,1,1,I-75,,99998,26.17225278,-80.898280560,0,12,1,0,1,1,1,0,1,5,0,5,0,0000000,99,99,99,99,99,99,0,0,0,1,0
12,120629,1,1,0,1,1,1,1,111,1080,21,1,2011,6,12,0,0,3,3,SR-615,NEBRASKA AVENUE,99998,27.43330000,-80.350183330,0,9,0,0,2,3,1,0,1,10,0,10,0,0000000,99,99,99,99,99,99,0,0,0,1,0
12,120630,1,1,0,1,1,4,4,15,0,1,2,2011,3,18,24,9,99,9,GUESADA AVENUE,,99998,27.00893889,-82.104444440,0,9,0,0,1,1,1,0,3,1,0,1,0,0000000,99,99,99,99,99,99,0,0,0,1,0
12,120631,2,2,0,0,0,2,2,71,457,3,2,2011,5,12,52,0,3,3,SR-78,NE 10TH PLACE,99998,26.66336667,-81.950258330,0,12,1,0,3,2,1,0,1,10,0,10,0,0000000,99,99,99,99,88,88,0,0,0,1,0
12,120632,1,1,0,0,0,2,2,71,0,9,2,2011,4,14,32,0,6,4,STRINGFELLOW ROAD,SAILFISH ROAD,0,26.63996111,-82.125311110,0,1,0,0,3,3,1,0,1,1,0,1,0,0000000,99,99,99,99,88,88,0,0,0,1,0
12,120633,2,2,0,0,0,5,5,99,0,10,2,2011,5,15,47,0,13,3,SR-806,EL CLAIR RANCH ROAD,99998,26.45378889,-80.142486110,0,12,6,0,2,2,1,0,1,2,0,2,0,0000000,99,99,99,99,99,99,0,0,0,1,0
12,120634,2,2,0,0,0,3,3,31,1510,12,2,2011,7,20,14,0,13,2,US-17,ROOSEVELET BOULEVARD,99998,30.25157500,-81.698627780,0,12,1,0,3,3,1,0,3,1,0,1,0,0000000,99,99,99,99,99,99,0,0,0,1,1
12,120635,1,1,0,0,0,1,1,99,0,17,2,2011,5,6,12,0,6,4,18TH ST,,0,26.33143056,-80.172247220,0,42,0,0,1,1,3,0,4,1,0,1,0,0000000,99,99,99,99,7,15,0,0,0,1,0
12,120636,1,1,0,1,1,1,1,101,0,17,2,2011,5,11,43,0,16,6,CR-1,HUDSON AVENUE,0,28.35726389,-82.666016670,0,8,0,0,2,3,1,0,1,1,0,1,0,0000000,11,44,11,49,99,99,0,0,0,1,0
12,120637,2,2,0,0,0,4,4,81,2440,18,2,2011,6,15,40,1,2,2,US-41,BAY SHORE ROAD,99998,27.56150000,-82.555733330,0,12,6,0,2,2,1,0,1,1,0,1,0,0000000,99,99,99,99,99,99,0,0,0,1,0
12,120638,2,2,0,0,0,2,2,105,0,18,2,2011,6,13,15,1,13,3,SR-60,CORONET ROAD,99998,28.09942222,-82.006788890,0,12,6,0,2,3,1,0,1,10,0,10,0,0000000,99,99,99,99,99,99,0,0,0,1,0
12,120640,1,1,0,1,1,1,1,86,2230,25,2,2011,6,3,10,0,16,6,BISCAYNE BOULEVARD,,0,25.93748611,-80.150194440,0,8,0,0,1,1,1,0,3,1,0,1,0,0000000,99,99,99,99,88,88,0,0,0,1,1
12,120641,2,2,0,0,0,2,2,71,1070,25,2,2011,6,14,23,0,3,3,SR-80,POLK STREET,99998,26.66291111,-81.836563890,0,12,6,0,2,2,1,0,1,1,0,1,0,0000000,99,99,99,99,99,99,0,0,0,1,0
12,120642,1,1,0,0,0,3,3,31,1510,4,3,2011,6,15,50,0,16,6,POWERS AVENUE,,0,30.25183056,-81.614958330,0,30,0,0,1,1,4,0,1,1,0,1,0,0000000,99,99,99,99,99,99,0,0,0,1,0
12,120643,1,1,0,0,0,3,3,57,0,7,3,2011,2,23,26,0,6,4,BIG BEND ROAD,,0,27.79198056,-82.331966670,0,5,0,0,1,1,1,0,3,1,0,1,0,0000000,99,99,99,99,99,99,0,0,0,1,0
12,120644,3,3,0,0,0,6,6,99,820,7,3,2011,2,16,20,0,3,3,SR-A1A,MIRAMAR DRIVE,99998,26.45970833,-80.058641670,0,12,6,0,2,3,1,0,1,1,0,1,0,0000000,99,99,99,99,99,99,0,0,0,1,0
12,120646,1,1,0,0,0,1,1,71,0,9,3,2011,4,6,0,0,3,3,SR-93,,99998,26.35570000,-81.758047220,0,1,0,0,1,1,1,0,2,1,0,1,0,0000000,99,99,99,99,99,99,0,0,0,1,0
12,120647,2,2,0,0,0,2,2,127,2190,9,3,2011,4,15,44,0,13,2,US-1,SMITH STREET,99998,29.01833889,-80.923555560,0,12,1,0,3,3,1,0,1,10,0,10,0,0000000,99,99,99,99,99,99,0,0,0,1,0
12,120648,2,2,0,0,0,4,4,127,0,9,3,2011,4,13,46,1,13,3,SR-40,,99998,29.26109722,-81.179675000,0,12,6,0,1,1,1,0,1,1,0,1,0,0000000,99,99,99,99,99,99,0,0,0,1,0
12,120649,1,1,0,1,1,4,4,31,2159,10,3,2011,5,4,20,0,13,3,SR-10,PINE STREET NB,99998,30.32439444,-81.403763890,0,9,0,0,2,2,1,0,1,10,0,10,0,0000000,99,99,99,99,99,99,0,0,0,1,0
12,120650,4,3,1,0,0,3,3,127,2375,10,3,2011,5,2,0,0,3,3,SR-A1A,,99998,29.26851389,-81.028880560,0,12,6,0,1,1,1,0,3,10,0,10,0,0000000,99,99,99,99,99,99,0,0,0,1,0
12,120651,1,1,0,0,0,4,4,71,0,10,3,2011,5,8,38,0,6,4,CR-765,,0,26.72956111,-82.039066670,0,1,0,0,1,1,4,0,1,2,0,2,0,0000000,99,99,99,99,99,99,0,0,0,1,0
12,120652,2,2,0,0,0,3,3,105,0,11,3,2011,6,16,35,1,13,2,US-27,CR-630A,99998,27.72920833,-81.556005560,0,12,6,0,2,3,1,0,1,1,0,1,0,0000000,99,99,99,99,99,99,0,0,0,1,0
12,120653,2,2,0,0,0,2,2,103,570,15,3,2011,3,12,30,0,6,4,BELCHER ROAD,,0,27.96323889,-82.746186110,0,12,6,0,8,1,1,0,1,1,0,1,0,0000000,99,99,99,99,99,99,0,0,0,1,0
12,120654,2,2,0,0,0,5,5,83,2270,17,3,2011,5,11,40,0,14,3,SR-40,I-75,99998,29.18640556,-82.184233330,0,12,6,0,2,2,1,0,1,1,0,1,0,0000000,99,99,99,99,99,99,0,0,0,1,0
12,120655,2,2,0,0,0,4,4,121,0,18,3,2011,6,10,48,0,6,4,CR-132,CR-795,0,30.39278611,-83.005036110,0,12,6,0,2,2,1,0,1,1,0,1,0,0000000,99,99,99,99,99,99,0,0,0,3,0
12,120656,1,1,0,1,1,1,1,95,3310,21,3,2011,2,21,25,0,14,4,ORANGE AVENUE,,99998,28.59514722,-81.356936110,0,8,0,0,8,1,1,0,3,1,0,1,0,0000000,99,99,99,99,99,99,0,0,0,1,1
12,120657,1,1,0,0,0,4,4,71,0,24,3,2011,5,2,16,0,16,6,WEST BAY BLVD,,0,26.43219722,-81.839141670,0,42,0,0,1,1,4,0,2,1,0,1,0,0000000,99,99,99,99,99,99,0,0,0,1,1
12,120658,1,1,0,0,0,2,2,85,0,27,3,2011,1,20,24,0,16,4,CR-708,,0,27.16097222,-80.301658330,0,1,0,0,1,1,4,0,3,1,0,1,0,0000000,99,99,99,99,99,99,0,0,0,2,1
12,120659,1,1,0,0,0,5,5,49,0,28,3,2011,2,16,53,0,6,4,CR-663,,0,27.45541389,-81.915811110,0,42,0,0,1,1,4,0,1,2,0,2,0,0000000,99,99,99,99,99,99,0,0,0,1,0
12,120660,2,2,0,0,0,4,4,67,0,30,3,2011,4,3,0,0,2,2,US-27,SR-349,99998,29.95004722,-82.949063890,0,12,6,0,2,3,1,0,2,10,0,10,0,0000000,99,99,99,99,88,88,0,0,0,3,1
12,120661,3,3,0,0,0,4,4,11,0,3,4,2011,1,6,0,1,12,3,SR-91,,99998,26.07228611,-80.215447220,0,12,1,0,1,1,1,0,3,1,0,1,0,0000000,99,99,99,99,99,99,0,0,0,1,1
12,120662,2,2,0,0,0,3,3,31,1510,4,4,2011,2,17,25,1,1,1,I-295,,99998,30.16705833,-81.566191670,0,12,1,0,1,1,1,0,1,10,0,10,0,0000000,99,99,99,99,99,99,19,0,0,1,0
12,120663,2,2,0,0,0,2,2,115,0,12,4,2011,3,12,3,0,14,3,SR-776,HOURGLASS DRIVE,99998,27.03787222,-82.398019440,0,12,6,0,2,2,1,0,1,1,0,1,0,0000000,99,99,99,99,99,99,0,0,0,1,0
12,120664,2,2,0,0,0,3,3,73,2940,13,4,2011,4,12,9,0,6,4,BRAODFORD ROAD,GREENWOOD DRIVE,0,30.46756667,-84.280011110,0,12,6,0,2,2,1,0,1,1,0,1,0,0000000,99,99,99,99,99,99,0,0,0,1,0
12,120665,1,1,0,1,1,1,1,91,0,13,4,2011,4,6,48,0,6,4,FAIRVIEW DRIVE,,0,30.44399722,-86.651655560,0,8,0,0,1,1,1,0,1,1,0,1,0,0000000,99,99,99,99,99,99,0,0,0,1,0
12,120666,1,1,0,0,0,1,1,83,0,16,4,2011,7,16,46,1,2,2,US-441,,99998,29.28435833,-82.151761110,0,1,0,0,1,1,4,0,1,1,0,1,0,0000000,99,99,99,99,99,99,0,0,0,1,0
12,120668,6,6,0,0,0,9,9,9,0,19,4,2011,3,16,10,0,14,3,SR-500,,99998,28.07874444,-80.673980560,0,12,1,0,1,1,1,0,1,1,0,1,0,0000000,99,99,99,99,99,99,0,0,0,1,0
12,120669,2,2,0,0,0,3,3,81,0,20,4,2011,4,9,52,0,13,2,US-41,60TH AVENUE WEST,99998,27.43448611,-82.575330560,0,12,6,0,2,2,1,0,1,1,0,1,0,0000000,99,99,99,99,99,99,0,0,0,1,0
12,120670,1,1,0,1,1,1,1,35,0,22,4,2011,6,4,0,0,6,4,OLD KINGS RD,,0,29.55106944,-81.213369440,0,8,0,0,1,1,1,0,3,1,0,1,0,0000000,99,99,99,99,88,88,0,0,0,1,0
12,120671,1,1,0,0,0,3,3,85,0,25,4,2011,2,0,48,0,13,2,US-1,,99998,27.04086667,-80.113761110,0,1,0,0,1,1,1,0,2,2,0,2,0,0000000,99,99,99,99,99,99,0,0,0,1,1
12,120672,4,4,0,0,0,4,4,103,860,27,4,2011,4,17,46,0,13,3,SR-580,BELCHER ROAD,99998,28.01936667,-82.746866670,0,12,6,0,2,2,1,0,1,1,0,1,0,0000000,99,99,99,99,99,99,0,0,0,1,0
12,120673,1,1,0,0,0,1,1,9,0,25,4,2011,2,14,42,1,11,1,I-95,,99998,28.65461944,-80.864727780,0,59,0,0,1,1,4,0,1,1,0,1,0,0000000,99,99,99,99,99,99,0,0,0,1,0
12,120675,2,2,0,0,0,2,2,53,0,29,4,2011,6,15,49,1,13,2,US-19,NORTHCLIFFE BLVD,99998,28.51004722,-82.579969440,0,12,2,0,2,2,1,0,1,1,0,1,0,0000000,15,49,15,53,88,88,0,0,0,1,0
12,120676,1,1,0,0,0,1,1,53,0,30,4,2011,7,18,28,0,6,4,NORTHCLIFFE BLVD,,0,28.49792500,-82.558638890,0,1,0,0,1,1,4,0,1,1,0,1,0,0000000,99,99,99,99,88,88,0,0,0,1,0
12,120677,2,2,0,0,0,3,3,5,2451,1,5,2011,1,2,40,1,13,2,US-98,SR-79,99998,30.22997778,-85.887841670,0,12,1,0,2,2,1,0,3,1,0,1,0,0000000,99,99,99,99,99,99,0,0,0,1,1
12,120678,1,1,0,1,1,2,2,107,0,1,5,2011,1,21,25,0,2,2,US-17,,99998,29.45943333,-81.520697220,0,8,0,0,1,1,1,0,2,1,0,1,0,0000000,99,99,99,99,88,88,0,0,0,1,0
12,120679,1,1,0,1,1,1,1,103,0,2,5,2011,2,10,23,0,14,3,SR-693,,99998,27.75479444,-82.737752780,0,15,0,0,1,1,1,0,1,1,0,1,0,0000000,99,99,99,99,99,99,0,0,0,1,0
12,120680,1,1,0,1,1,1,1,86,2526,5,5,2011,5,12,50,0,6,4,SOUTH DIXIE HIGHWAY,,0,25.65296944,-80.329725000,0,8,0,0,4,1,1,0,1,1,0,1,0,0000000,99,99,99,99,99,99,0,0,0,1,0
12,120681,2,2,0,0,0,2,2,85,0,7,5,2011,7,2,41,1,12,3,SR-91,,99998,27.07865556,-80.249663890,0,12,1,0,1,1,1,0,2,1,0,1,0,0000000,99,99,99,99,88,88,0,0,0,1,1
12,120682,2,2,0,0,0,2,2,57,0,8,5,2011,1,2,15,1,11,1,I-4,,99998,27.99503056,-82.366983330,0,12,1,0,1,1,1,0,3,1,0,1,0,0000000,99,99,99,99,99,99,0,0,0,1,0
12,120683,1,1,0,0,0,4,4,86,0,9,5,2011,2,1,30,1,2,3,SR-997,,99998,25.89278333,-80.483744440,0,1,0,0,1,1,4,0,3,1,0,1,0,0000000,99,99,99,99,99,99,0,0,0,2,0
12,120684,2,2,0,0,0,2,2,53,0,10,5,2011,3,9,0,1,13,2,US-19,COUNTRY LINE ROAD,99998,28.43450000,-82.639544440,0,12,6,0,2,2,1,0,1,1,0,1,0,0000000,99,99,99,99,99,99,0,0,0,1,0
12,120685,1,1,0,0,0,1,1,107,0,11,5,2011,4,20,5,0,6,4,CR-21,,0,29.61007222,-81.978086110,0,32,0,0,1,1,4,0,2,1,0,1,0,0000000,99,99,99,99,99,99,0,0,0,1,0
12,120686,2,2,0,0,0,2,2,5,0,12,5,2011,5,11,20,1,13,2,US-98A,SR-30,99998,30.26439167,-85.972477780,0,12,6,0,2,2,1,0,1,1,0,1,0,0000000,99,99,99,99,99,99,0,0,0,1,0
12,120688,1,1,0,0,0,1,1,17,0,13,5,2011,6,22,1,0,6,4,BLUEWATER DRIVE,,0,28.92107500,-82.364894440,0,1,0,0,1,1,4,0,3,1,0,1,0,0000000,99,99,99,99,88,88,0,0,0,1,0
12,120689,2,1,1,1,3,1,3,86,0,13,5,2011,6,3,23,1,11,1,I-95,,99998,25.91193611,-80.209880560,0,8,0,0,1,1,1,0,3,1,0,1,0,0000000,99,99,99,99,88,88,23,0,0,1,1
12,120690,1,1,0,0,0,5,5,69,0,13,5,2011,6,21,40,0,6,4,CR-42,,0,29.00565000,-81.447022220,0,1,0,0,1,1,4,0,2,1,0,1,0,0000000,21,42,21,44,99,99,0,0,0,2,0
12,120691,2,2,0,0,0,6,6,95,2360,13,5,2011,6,22,42,0,14,3,SR-400 RAMP,,99998,28.53824722,-81.377391670,0,12,2,0,1,1,1,0,3,10,0,10,0,0000000,99,99,99,99,99,99,0,0,0,1,0
12,120692,2,2,0,0,0,7,7,21,0,14,5,2011,7,18,55,0,13,3,SR-29,CR-29A,99998,26.44141389,-81.433961110,0,12,6,0,2,2,1,0,1,2,0,2,0,0000000,99,99,99,99,99,99,0,0,0,1,0
12,120693,1,1,0,0,0,1,1,39,0,14,5,2011,7,4,50,0,3,2,US-90,,99998,30.51643889,-84.463788890,0,1,0,0,1,1,3,0,2,10,0,10,0,0000000,99,99,99,99,99,99,0,0,0,1,1
12,120694,1,1,0,0,0,1,1,69,0,14,5,2011,7,1,10,0,6,4,MICRO RACETRACK ROAD,,0,28.88333333,-81.945125000,0,43,0,0,1,1,4,0,2,1,0,1,0,0000000,99,99,99,99,88,88,0,0,0,1,1
12,120695,1,1,0,0,0,3,3,71,0,15,5,2011,1,6,15,1,11,1,I-75,,99998,26.36806944,-81.767977780,0,1,0,0,1,1,3,0,4,10,0,10,0,0000000,99,99,99,99,99,99,0,0,0,1,0
12,120696,1,1,0,0,0,1,1,83,0,15,5,2011,1,0,42,0,6,4,CR-484,,0,29.04361944,-82.061827780,0,42,0,0,1,1,4,0,2,10,0,10,0,0000000,99,99,99,99,99,99,0,0,0,1,1
12,120697,2,2,0,0,0,3,3,121,0,15,5,2011,1,15,15,0,2,2,US-27,US-129,99998,29.95232778,-82.860213890,0,12,6,0,2,2,1,0,1,10,0,10,0,0000000,99,99,99,99,99,99,0,0,0,1,0
12,120698,2,2,0,0,0,3,3,95,0,16,5,2011,2,22,2,0,6,4,CURRY FOR,ANDOVER CAY BLVD,0,28.51014444,-81.216419440,0,12,6,0,2,3,1,0,3,1,0,1,0,0000000,99,99,99,99,88,88,0,0,0,1,1