STATE,ST_CASE,VE_TOTAL,VE_FORMS,PVH_INVL,PEDS,PERNOTMVIT,PERMVIT,PERSONS,COUNTY,CITY,DAY,MONTH,YEAR,DAY_WEEK,HOUR,MINUTE,NHS,ROAD_FNC,ROUTE,TWAY_ID,TWAY_ID2,MILEPT,LATITUDE,LONGITUD,SP_JUR,HARM_EV,MAN_COLL,RELJCT1,RELJCT2,TYP_INT,REL_ROAD,WRK_ZONE,LGT_COND,WEATHER1,WEATHER2,WEATHER,SCH_BUS,RAIL,NOT_HOUR,NOT_MIN,ARR_HOUR,ARR_MIN,HOSP_HR,HOSP_MN,CF1,CF2,CF3,FATALS,DRUNK_DR
12,120699,1,1,0,1,1,1,1,115,0,16,5,2011,2,20,38,0,13,2,US-41,,99998,27.22699722,-82.493505560,0,8,0,0,1,1,1,0,3,10,0,10,0,0000000,99,99,99,99,99,99,0,0,0,1,0
12,120700,1,1,0,1,1,1,1,101,0,16,5,2011,2,23,56,1,13,2,US-19,,99998,28.18423889,-82.740127780,0,8,0,0,1,1,1,4,3,1,0,1,0,0000000,23,57,0,0,99,99,0,0,0,1,0
12,120701,1,1,0,1,1,1,1,86,125,16,5,2011,2,11,42,0,16,6,NE 199TH STREET,NE 29TH PLACE,0,25.96143611,-80.141861110,0,8,0,0,3,2,1,0,1,1,0,1,0,0000000,99,99,99,99,99,99,0,0,0,1,0
12,120702,2,2,0,0,0,4,4,86,0,16,5,2011,2,13,10,0,13,3,SR-976,112TH AVENUE,99998,25.68770000,-80.313250000,0,12,6,0,2,2,1,0,1,1,0,1,0,0000000,99,99,99,99,99,99,21,0,0,1,0
12,120703,2,2,0,0,0,3,3,133,0,17,5,2011,3,5,15,1,1,1,I-10,,99998,30.75279722,-85.588797220,0,12,1,0,1,1,1,0,4,1,0,1,0,0000000,99,99,99,99,99,99,0,0,0,1,0
12,120704,1,1,0,0,0,1,1,35,2439,17,5,2011,3,16,25,1,11,1,I-95,,99998,29.62594722,-81.262322220,0,24,0,0,1,1,3,0,1,1,0,1,0,0000000,99,99,99,99,99,99,0,0,0,1,1
12,120705,1,1,0,0,0,1,1,97,0,17,5,2011,3,23,15,0,6,4,APOLLO AVENUE,,0,28.13634444,-81.062994440,0,34,0,0,1,1,4,0,2,1,0,1,0,0000000,99,99,99,99,99,99,0,0,0,1,1
12,120706,2,2,0,0,0,2,2,117,0,18,5,2011,4,18,17,0,2,3,SR-46,,99998,28.78595556,-81.180397220,0,12,2,0,1,1,1,0,1,1,0,1,0,0000000,99,99,99,99,88,88,0,0,0,1,0
12,120707,4,3,1,0,1,5,6,1,0,19,5,2011,5,14,55,0,2,3,SR-24,,99998,29.73537222,-82.242566670,0,12,1,0,1,1,1,0,1,1,0,1,0,0000000,99,99,99,99,99,99,0,0,0,2,0
12,120708,2,2,0,0,0,2,2,86,0,19,5,2011,5,2,12,1,11,1,I-95,,99998,25.85034167,-80.207491670,0,12,1,1,18,1,1,0,3,1,0,1,0,0000000,99,99,99,99,99,99,0,0,0,1,0
12,120709,2,2,0,0,0,2,2,95,0,19,5,2011,5,6,48,0,6,4,TURKEY LAKE ROAD,TURKEY LAKE ROAD,0,28.44243889,-81.475102780,0,12,6,0,2,3,1,0,1,1,0,1,0,0000000,99,99,99,99,99,99,0,0,0,1,0
12,120711,2,2,0,0,0,4,4,69,0,20,5,2011,6,8,35,0,3,3,SR-19,NFS 14,99998,29.04463611,-81.639277780,0,12,6,0,2,2,1,0,1,5,0,5,0,0000000,99,99,99,99,99,99,0,0,0,1,0
12,120712,2,2,0,0,0,2,2,69,0,20,5,2011,6,6,0,0,14,3,SR-44,,99998,28.81902222,-81.947913890,0,12,1,0,1,1,1,0,2,5,0,5,0,0000000,99,99,99,99,88,88,0,0,0,1,0
12,120713,2,2,0,0,0,3,3,95,0,20,5,2011,6,0,53,0,13,2,US-441,,99998,28.64718611,-81.462680560,0,12,2,0,1,1,1,0,2,1,0,1,0,0000000,99,99,99,99,88,88,0,0,0,3,1
12,120715,1,1,0,0,0,3,3,3,0,21,5,2011,7,2,35,0,3,2,US-90,,99998,30.27210833,-82.180061110,0,53,0,0,1,1,4,0,2,1,0,1,0,0000000,99,99,99,99,99,99,0,0,0,1,0
12,120716,1,1,0,1,1,1,1,86,0,21,5,2011,7,18,10,0,13,3,SR-9,,99998,25.91230278,-80.227427780,0,9,0,0,1,1,2,0,1,1,0,1,0,0000000,99,99,99,99,88,88,0,0,0,1,0
12,120717,1,1,0,0,0,1,1,69,0,21,5,2011,7,4,20,0,16,6,CR-565,,0,28.51368056,-81.912736110,0,30,0,0,1,1,4,0,2,1,0,1,0,0000000,99,99,99,99,88,88,0,0,0,1,1
12,120718,2,2,0,0,0,4,4,105,0,21,5,2011,7,20,49,1,13,2,US-27,LEGACY PARK BLVD,99998,28.32112500,-81.669405560,0,12,6,0,2,2,1,0,3,1,0,1,0,0000000,99,99,99,99,99,99,0,0,0,1,0
12,120719,2,2,0,0,0,2,2,121,0,21,5,2011,7,22,10,1,13,3,SR-51,,99998,30.27156389,-83.017469440,0,12,1,0,1,1,1,0,2,1,0,1,0,0000000,99,99,99,99,99,99,0,0,0,1,1
12,120720,1,1,0,0,0,1,1,57,0,21,5,2011,7,2,22,0,6,4,RIVERVIEW DRIVE,,0,27.86446944,-82.345083330,0,34,0,0,1,1,4,0,3,1,0,1,0,0000000,99,99,99,99,88,88,0,0,0,1,1
12,120721,1,1,0,0,0,3,3,17,0,22,5,2011,1,13,0,0,6,4,W CARDINAL STREET,,0,28.76428889,-82.502141670,0,43,0,0,1,1,4,0,1,1,0,1,0,0000000,99,99,99,99,99,99,0,0,0,1,0
12,120722,1,1,0,1,1,1,1,33,0,22,5,2011,1,20,10,0,13,2,US-29,,99998,30.49178889,-87.260730560,0,8,0,0,1,1,1,0,2,1,0,1,0,0000000,99,99,99,99,88,88,0,0,0,1,0
12,120723,1,1,0,0,0,2,2,53,0,23,5,2011,2,1,29,0,6,4,BAYRIDGE COURT,,0,28.49954722,-82.581733330,0,18,0,0,1,1,2,0,3,1,0,1,0,0000000,99,99,99,99,99,99,0,0,0,1,1
12,120724,1,1,0,0,0,7,7,95,0,23,5,2011,2,16,40,0,14,3,SR-528,,99998,28.42103611,-81.441425000,0,1,0,0,1,1,3,0,1,10,0,10,0,0000000,99,99,99,99,99,99,0,0,0,1,0
12,120726,1,1,0,0,0,1,1,11,771,25,5,2011,4,19,30,1,11,3,SR-91,,99998,26.09061944,-80.216369440,0,39,0,1,5,1,4,0,1,1,0,1,0,0000000,99,99,99,99,99,99,0,0,0,1,1
12,120727,2,2,0,0,0,3,3,73,0,25,5,2011,4,14,58,0,13,2,US-27,,99998,30.42118611,-84.163886110,0,12,6,0,1,1,1,0,1,1,0,1,0,0000000,99,99,99,99,99,99,0,0,0,2,0
12,120728,2,2,0,0,0,5,5,23,0,26,5,2011,5,13,50,0,2,2,US-441,,99998,30.02512222,-82.597641670,0,12,1,0,1,1,1,0,1,1,0,1,0,0000000,99,99,99,99,99,99,0,0,0,1,1
12,120729,1,1,0,0,0,1,1,69,0,26,5,2011,5,21,10,0,6,4,CR-452,,0,28.89409444,-81.755213890,0,43,0,0,1,1,4,0,2,10,0,10,0,0000000,99,99,99,99,99,99,0,0,0,1,0
12,120730,1,1,0,2,2,1,1,86,2930,14,1,2011,6,23,54,0,16,6,112TH AVENUE,FLAGLER STREET,0,25.76827778,-80.376994440,0,8,0,0,2,2,1,0,3,1,0,1,0,0000000,99,99,99,99,99,99,0,0,0,1,0
12,120731,1,1,0,1,1,1,1,86,0,15,1,2011,7,19,26,0,6,4,184TH ST,,0,25.59802222,-80.370450000,0,8,0,0,1,1,1,0,3,1,0,1,0,0000000,99,99,99,99,99,99,0,0,0,1,0
12,120732,2,2,0,0,0,3,3,11,1420,21,1,2011,6,16,51,0,16,6,S 16TH AVENUE,PLUNKETT STREET,0,26.00056389,-80.138702780,0,12,6,0,2,2,1,0,1,10,0,10,0,0000000,99,99,99,99,99,99,0,0,0,1,1
12,120733,2,2,0,0,0,6,6,43,0,23,1,2011,1,19,0,1,2,2,US-27,CR-720,99998,26.81198611,-81.082294440,0,12,6,0,2,2,1,0,5,1,0,1,0,0000000,99,99,99,99,99,99,0,0,0,1,0
12,120734,1,1,0,1,1,1,1,91,2200,24,1,2011,2,17,49,1,13,3,SR-20,,99998,30.52051389,-86.486072220,0,8,0,0,1,1,1,0,3,1,0,1,0,0000000,99,99,99,99,99,99,0,0,0,1,0
12,120735,1,1,0,0,0,1,1,91,0,27,1,2011,5,16,44,1,2,3,SR-85,,99998,30.55374167,-86.502741670,0,1,0,0,1,1,3,0,1,1,0,1,0,0000000,99,99,99,99,99,99,0,0,0,1,0
12,120736,1,1,0,0,0,1,1,11,790,30,1,2011,1,18,55,0,3,3,SR-845,,99998,26.31752222,-80.152863890,0,33,0,0,1,1,3,0,3,1,0,1,0,0000000,99,99,99,99,99,99,0,0,0,1,0
12,120737,1,1,0,1,1,1,1,95,2360,2,2,2011,4,12,0,0,16,6,E COLONIAL DRIVE,MAGUIRE BOULEVARD,0,28.55323056,-81.344719440,0,8,0,0,2,2,1,0,1,10,0,10,0,0000000,99,99,99,99,99,99,0,0,0,1,0
12,120738,1,1,0,1,1,2,2,87,1580,3,2,2011,5,22,29,0,3,3,SR-A1A,FLAGLER AVENUE,99998,24.56603889,-81.751050000,0,9,0,0,3,3,1,0,3,1,0,1,0,0000000,99,99,99,99,99,99,0,0,0,1,0
12,120739,1,1,0,0,0,3,3,99,0,12,2,2011,7,21,38,1,2,2,US-98,,99998,26.71057778,-80.420180560,0,3,0,0,1,1,4,0,2,1,0,1,0,0000000,99,99,99,99,99,99,0,0,0,3,0
12,120740,1,1,0,1,1,1,1,86,1440,25,4,2011,2,23,14,0,16,6,SW 8TH STREET,,0,25.46250556,-80.478072220,0,8,0,0,1,1,1,0,3,1,0,1,0,0000000,99,99,99,99,88,88,0,0,0,1,1
12,120741,1,1,0,1,1,1,1,99,0,12,5,2011,5,6,21,0,6,4,JUDGE WINIKOFF ROAD,NEPTUNE ROAD,0,26.33900000,-80.215302780,0,8,0,0,3,2,1,0,4,10,0,10,0,0000000,99,99,99,99,99,99,0,0,0,1,1
12,120743,1,1,0,1,1,1,1,99,0,23,5,2011,2,12,56,0,14,4,WOOLBRIGHT ROAD,,99998,26.51191111,-80.122594440,0,8,0,0,1,1,2,0,1,1,0,1,0,0000000,99,99,99,99,88,88,0,0,0,1,0
12,120744,2,2,0,0,0,2,2,11,771,24,5,2011,3,13,46,0,13,3,SR-817,NOVA SOUTHEASTERN,99998,26.08100278,-80.250900000,0,12,6,0,2,2,1,4,1,1,0,1,0,0000000,99,99,99,99,99,99,0,0,0,1,0
12,120745,1,1,0,1,1,1,1,5,0,27,5,2011,6,3,0,0,6,4,CR-392,,0,30.16244444,-85.781383330,0,8,0,0,1,1,2,0,3,10,0,10,0,0000000,99,99,99,99,88,88,0,0,0,1,0
12,120746,2,2,0,0,0,3,3,3,0,27,5,2011,6,13,20,1,11,1,I-10,,99998,30.26015278,-82.110991670,0,12,2,0,1,1,1,0,1,1,0,1,0,0000000,99,99,99,99,99,99,0,0,0,1,0
12,120747,1,1,0,0,0,1,1,1,0,29,5,2011,1,22,58,1,11,1,I-75,,99998,29.66113056,-82.420388890,0,24,0,0,1,1,4,0,2,1,0,1,0,0000000,99,99,99,99,88,88,0,0,0,1,1
12,120748,1,1,0,0,0,2,2,9,0,31,5,2011,3,2,2,1,1,1,I-95,,99998,28.35837222,-80.792777780,0,59,0,1,5,1,4,0,2,1,0,1,0,0000000,99,99,99,99,99,99,0,0,0,1,1
12,120749,2,2,0,0,0,2,2,9,3000,2,6,2011,5,8,34,0,14,3,SR-405,ROCK PIT ROAD,99998,28.60773333,-80.822677780,0,12,98,0,2,2,1,0,1,10,0,10,0,0000000,99,99,99,99,99,99,0,0,0,1,0
12,120750,1,1,0,0,0,2,2,9,0,2,6,2011,5,13,33,1,12,3,SR-528,,99998,28.40503889,-80.655513890,0,1,0,0,1,1,4,0,1,1,0,1,0,0000000,99,99,99,99,99,99,0,0,0,1,1
12,120751,2,2,0,0,0,4,4,17,0,3,6,2011,6,8,40,0,6,4,HIGHLAND AVENUE,HARVARD STREET,0,28.81456944,-82.325586110,0,12,6,0,2,2,1,0,1,1,0,1,0,0000000,99,99,99,99,99,99,0,0,0,1,0
12,120752,2,2,0,0,0,3,3,11,1050,5,6,2011,1,4,25,1,11,1,I-95,,99998,26.12908333,-80.169313890,0,12,1,0,1,1,1,0,3,1,0,1,0,0000000,99,99,99,99,99,99,0,0,0,1,1
12,120753,1,1,0,1,1,1,1,7,0,5,6,2011,1,21,30,1,2,2,US-301,,99998,29.89521389,-82.138233330,0,8,0,0,1,1,1,0,2,1,0,1,0,0000000,99,99,99,99,88,88,0,0,0,1,0
12,120754,2,2,0,0,0,2,2,15,0,5,6,2011,1,22,46,0,6,4,CR-776,THERESA BOULEVARD,0,27.01958056,-82.127738890,0,12,1,0,2,3,1,0,3,1,0,1,0,0000000,99,99,99,99,99,99,0,0,0,1,1
12,120755,1,1,0,0,0,2,2,13,0,7,6,2011,3,11,30,0,3,3,SR-71,,99998,30.53861944,-85.131425000,0,31,0,0,1,1,4,0,1,10,0,10,0,0000000,99,99,99,99,99,99,0,0,0,1,0
12,120756,2,2,0,0,0,2,2,17,0,9,6,2011,5,20,55,0,6,4,CR-491,,0,28.95645556,-82.439452780,0,12,2,0,1,1,1,0,2,10,0,10,0,0000000,99,99,99,99,88,88,0,0,0,1,1
12,120757,2,2,0,0,0,2,2,21,0,27,5,2011,6,20,52,1,1,1,I-75,,99998,26.16732222,-81.154055560,0,24,0,0,1,1,4,0,5,1,0,1,0,0000000,99,99,99,99,88,88,0,0,0,1,1
12,120758,1,1,0,1,1,1,1,23,0,27,5,2011,6,0,30,0,13,2,US-41,,99998,30.15613611,-82.643580560,0,8,0,0,1,1,1,0,2,1,0,1,0,0000000,99,99,99,99,88,88,0,0,0,1,1
12,120759,1,1,0,1,1,1,1,71,0,27,5,2011,6,18,0,0,6,4,TICE STREET,,0,26.67078611,-81.800097220,0,9,0,0,1,1,1,0,1,1,0,1,0,0000000,99,99,99,99,88,88,0,0,0,1,0
12,120760,2,2,0,0,0,5,5,113,0,28,5,2011,7,5,35,0,14,3,SR-87,NEVADA STREET,99998,30.41794722,-86.868669440,0,12,6,0,2,3,1,0,4,1,0,1,0,0000000,99,99,99,99,99,99,0,0,0,1,0
12,120761,1,1,0,0,0,3,3,59,0,29,5,2011,1,21,20,1,1,1,I-10,,99998,30.76113611,-85.652097220,0,1,0,0,1,1,4,0,2,1,0,1,0,0000000,99,99,99,99,99,99,0,0,0,1,0
12,120762,1,1,0,0,0,1,1,91,0,29,5,2011,1,1,50,1,13,2,US-98,,99998,30.39060278,-86.539777780,0,59,0,0,1,1,4,0,2,1,0,1,0,0000000,99,99,99,99,88,88,0,0,0,1,1
12,120763,2,2,0,0,0,2,2,87,0,29,5,2011,1,7,41,1,13,2,US-1,,99998,24.57805278,-81.714605560,0,12,1,0,1,1,1,0,1,1,0,1,0,0000000,99,99,99,99,99,99,0,0,0,1,0
12,120765,2,2,0,0,0,3,3,21,0,30,5,2011,2,5,10,0,6,4,WESTCLOX STREET,,0,26.44016389,-81.448805560,0,12,7,0,1,1,1,0,2,1,0,1,0,0000000,99,99,99,99,99,99,0,0,0,2,1
12,120766,1,1,0,0,0,1,1,73,0,30,5,2011,2,21,50,0,6,4,CR-373,,0,30.32953056,-84.395561110,0,42,0,0,1,1,4,0,2,1,0,1,0,0000000,99,99,99,99,88,88,0,0,0,1,0
12,120767,3,3,0,0,0,3,3,33,0,31,5,2011,3,7,25,0,14,3,SR-173,,99998,30.48554722,-87.322408330,0,12,2,0,1,1,1,0,1,1,0,1,0,0000000,99,99,99,99,99,99,0,0,0,1,0
12,120768,2,2,0,0,0,3,3,95,0,31,5,2011,3,20,15,0,13,3,SR-50,,99998,28.56952222,-81.229213890,0,12,1,0,1,1,1,0,5,1,0,1,0,0000000,99,99,99,99,99,99,0,0,0,1,0
12,120769,2,2,0,0,0,3,3,95,0,31,5,2011,3,22,26,0,16,6,OLD WINTER GARDEN RD,,0,28.54729167,-81.418280560,0,33,0,0,1,1,4,0,2,1,0,1,0,0000000,99,99,99,99,88,88,0,0,0,1,0
12,120770,1,1,0,0,0,1,1,37,0,31,5,2011,3,10,56,0,6,4,CR-30,,0,29.70600833,-85.173588890,0,1,0,0,1,1,4,0,1,1,0,1,0,0000000,99,99,99,99,88,88,0,0,0,1,1
12,120771,1,1,0,0,0,1,1,115,0,31,5,2011,3,23,3,1,11,1,I-75,,99998,27.30636111,-82.447761110,0,42,0,1,18,1,4,0,3,10,0,10,0,0000000,99,99,99,99,88,88,0,0,0,1,1
12,120772,1,1,0,0,0,1,1,73,2940,17,3,2011,5,10,7,0,16,6,CACTUS STREET,,0,30.44681111,-84.333486110,0,34,0,0,1,1,4,0,1,1,0,1,0,0000000,99,99,99,99,99,99,0,0,0,1,0
12,120773,1,1,0,0,0,1,1,119,3230,21,5,2011,7,21,14,1,2,3,SR-91,,99998,28.80411389,-82.004136110,0,1,0,0,1,1,4,0,2,10,0,10,0,0000000,99,99,99,99,88,88,0,0,0,1,1
12,120774,1,1,0,0,0,1,1,71,1070,22,5,2011,1,1,32,0,16,6,JACKSON STREET,DORA STREET,0,26.63075833,-81.866327780,0,5,0,0,3,2,1,0,2,1,0,1,0,0000000,99,99,99,99,88,88,0,0,0,1,1
12,120775,1,1,0,0,0,2,2,133,0,1,6,2011,4,17,55,1,1,1,I-10,,99998,30.75310000,-85.592780560,0,59,0,0,1,1,3,0,1,1,0,1,0,0000000,99,99,99,99,99,99,0,0,0,2,0
12,120776,2,2,0,0,0,4,4,69,0,9,6,2011,5,17,25,0,6,4,OLD HIGHWAY 50,,0,28.57210833,-81.734122220,0,12,6,0,1,1,1,0,1,2,0,2,0,0000000,99,99,99,99,99,99,0,0,0,2,1
12,120777,1,1,0,3,3,1,1,127,780,18,2,2011,6,16,49,0,14,2,US-1,,99998,29.19435000,-81.014022220,0,8,0,0,1,1,3,0,1,1,0,1,0,0000000,99,99,99,99,99,99,0,0,0,1,0
12,120778,1,1,0,1,1,1,1,103,2730,3,3,2011,5,19,56,0,14,2,US-92,,99998,27.79734444,-82.638552780,0,8,0,0,1,1,1,0,3,1,0,1,0,0000000,99,99,99,99,88,88,0,0,0,1,1
12,120779,2,2,0,0,0,3,3,101,3330,26,4,2011,3,14,28,0,16,6,DAUGHTERY ROAD,MEDICAL VIEW LANE,0,28.25911111,-82.182555560,0,12,2,0,2,3,1,0,1,1,0,1,0,0000000,99,99,99,99,99,99,0,0,0,1,0
12,120780,1,1,0,0,0,1,1,99,0,11,5,2011,4,9,57,0,6,4,LUCERNE LAKES BLVD,,0,26.60347500,-80.160772220,0,42,0,0,1,1,3,0,1,1,0,1,0,0000000,99,99,99,99,99,99,0,0,0,1,0
12,120781,1,1,0,1,1,1,1,31,1510,14,5,2011,7,1,30,0,16,6,LAMBING RD,,0,30.25693611,-81.796130560,0,15,0,0,1,1,1,0,2,1,0,1,0,0000000,99,99,99,99,88,88,0,0,0,1,1
12,120782,1,1,0,1,1,1,1,99,0,25,5,2011,4,20,34,0,14,4,10TH AVENUE,,99998,26.62816389,-80.079302780,0,8,0,0,1,1,1,0,2,1,0,1,0,0000000,99,99,99,99,99,99,0,0,0,1,0
12,120783,2,2,0,0,0,3,3,11,2468,23,5,2011,2,17,32,0,13,3,SR-820,208TH AVENUE,99998,26.00786111,-80.424808330,0,12,6,0,2,2,1,0,1,1,0,1,0,0000000,99,99,99,99,99,99,0,0,0,1,0
12,120784,2,2,0,0,0,2,2,103,2730,19,1,2011,4,13,26,0,13,2,US-19,34TH STREET,99998,27.79918611,-82.679597220,0,12,6,0,2,2,1,0,1,1,0,1,0,0000000,99,99,99,99,99,99,0,0,0,1,0
12,120785,1,1,0,1,1,2,2,86,2010,3,6,2011,6,20,52,0,13,2,US-41,37TH AVENUE,99998,25.76466667,-80.255133330,0,8,0,0,3,2,1,0,3,1,0,1,0,0000000,99,99,99,99,99,99,0,0,0,1,0
12,120786,1,1,0,0,0,1,1,86,2010,23,6,2011,5,5,41,0,14,3,SR-972,,99998,25.76027500,-80.201038890,0,42,0,0,1,1,3,0,4,1,0,1,0,0000000,99,99,99,99,88,88,0,0,0,1,0
12,120787,1,1,0,1,1,1,1,103,2960,25,5,2011,4,19,32,0,14,2,US-19,,99998,28.16002222,-82.756877780,0,9,0,0,1,1,1,0,1,1,0,1,0,0000000,99,99,99,99,99,99,0,0,0,1,1
12,120788,1,1,0,0,0,2,2,127,0,14,5,2011,7,20,59,0,13,3,SR-472,,99998,28.97307500,-81.294222220,0,35,0,0,1,1,4,0,2,10,0,10,0,0000000,99,99,99,99,99,99,0,0,0,2,0
12,120789,1,1,0,1,1,1,1,11,0,5,1,2011,4,5,42,0,3,3,SR-838,,99998,26.13655556,-80.175300000,0,9,0,0,1,1,1,0,3,1,0,1,0,0000000,99,99,99,99,88,88,0,0,0,1,0
12,120790,1,1,0,1,1,1,1,57,2950,11,1,2011,3,19,43,1,16,1,I-275,,0,27.95703056,-82.461083330,0,8,0,1,5,1,1,0,2,1,0,1,0,0000000,99,99,99,99,88,88,0,0,0,1,0
12,120791,2,2,0,1,1,5,5,11,0,19,1,2011,4,18,8,0,13,3,SR-838,27TH AVE,99998,26.16544444,-80.178952780,0,9,0,0,2,2,1,0,5,1,0,1,0,0000000,99,99,99,99,99,99,0,0,0,1,0
12,120792,2,2,0,0,0,2,2,127,2340,21,1,2011,6,12,58,0,13,2,US-17,W GRAVES AVENUE,99998,28.94883333,-81.298869440,0,12,6,0,2,2,1,0,1,1,0,1,0,0000000,99,99,99,99,99,99,0,0,0,1,0
12,120793,2,2,0,0,0,2,2,11,1420,20,2,2011,1,2,11,0,16,6,SHERIDAN STREET,N 72ND AVENUE,0,26.03134167,-80.232597220,0,12,1,0,3,2,1,0,3,1,0,1,0,0000000,99,99,99,99,99,99,0,0,0,1,1
12,120794,1,1,0,1,1,1,1,57,0,24,3,2011,5,19,48,0,6,4,CAUSEWAY BOULEVARD,,0,27.92828889,-82.312944440,0,8,0,0,1,1,1,0,5,1,0,1,0,0000000,99,99,99,99,99,99,0,0,0,1,0
12,120795,1,1,0,0,0,1,1,103,2730,30,3,2011,4,22,49,0,16,6,PARK STREET N,,0,27.77655833,-82.745611110,0,30,0,0,1,1,4,0,3,2,0,2,0,0000000,99,99,99,99,88,88,19,0,0,1,1
12,120796,1,1,0,0,0,1,1,105,1690,18,5,2011,4,20,43,0,16,6,SLEEPY HILL ROAD,,0,28.09489444,-81.980075000,0,30,0,0,1,1,3,0,3,1,0,1,0,0000000,99,99,99,99,99,99,0,0,0,1,0
12,120797,1,1,0,1,1,1,1,86,2010,1,7,2011,6,23,30,0,16,6,NW 62ND STREET,,0,25.83232500,-80.209275000,0,8,0,0,1,1,1,0,3,1,0,1,0,0000000,99,99,99,99,99,99,0,0,0,1,0
12,120798,1,1,0,0,0,1,1,99,0,19,2,2011,7,18,38,0,13,2,US-441,,99998,26.61455833,-80.205100000,0,1,0,0,1,1,1,0,3,1,0,1,0,0000000,99,99,99,99,99,99,0,0,0,1,1
12,120799,1,1,0,0,0,2,2,117,30,30,1,2011,1,2,20,0,6,4,LITTLE WEKIVA ROAD,LITTLE WEKIVA CIRCLE,0,28.66846667,-81.411202780,0,42,0,0,3,1,4,0,3,1,0,1,0,0000000,99,99,99,99,99,99,0,0,0,1,1
12,120800,1,1,0,0,0,1,1,115,2780,31,5,2011,3,4,44,0,16,6,201 S. TUTTLE AVENUE,,0,27.33486944,-82.514191670,0,43,0,0,1,1,4,0,3,1,0,1,0,0000000,99,99,99,99,88,88,0,0,0,1,1
12,120801,1,1,0,1,1,1,1,103,1770,18,6,2011,7,4,18,0,16,6,STARKEY RD,12TH AVENUE SE,0,27.90545000,-82.762383330,0,9,0,0,2,3,1,0,2,1,0,1,0,0000000,99,99,99,99,99,99,0,0,0,1,0
12,120802,2,1,1,1,1,2,2,87,0,9,6,2011,5,13,11,1,13,2,US-1,,99998,24.66167500,-81.409125000,0,14,0,0,1,1,2,0,1,1,0,1,0,0000000,99,99,99,99,99,99,0,0,0,1,0
12,120803,5,5,0,0,0,9,9,57,0,10,6,2011,6,15,4,1,11,1,I-4,,99998,28.02795278,-82.145836110,0,12,1,0,1,1,1,0,1,1,0,1,0,0000000,99,99,99,99,99,99,0,0,0,2,0
12,120804,2,2,0,0,0,5,5,69,0,21,6,2011,3,5,47,0,3,3,SR-33,,99998,28.50012222,-81.836863890,0,12,6,0,1,1,1,0,4,1,0,1,0,0000000,99,99,99,99,99,99,0,0,0,1,0
12,120805,1,1,0,0,0,2,2,21,0,23,6,2011,5,14,15,1,1,1,I-75,,99998,26.15316389,-81.550125000,0,38,0,0,1,1,4,0,1,1,0,1,0,0000000,99,99,99,99,99,99,0,0,0,1,0
12,120806,3,3,0,1,1,3,3,31,1510,2,1,2011,1,19,20,0,16,6,SOUTEL DRIVE,,0,30.39897500,-81.724602780,0,8,0,0,1,1,1,0,2,2,0,2,0,0000000,99,99,99,99,88,88,0,0,0,1,0
12,120807,1,1,0,1,1,3,3,11,1420,30,1,2011,1,18,25,0,16,6,SUNSET DRIVE,,0,26.03951111,-80.205636110,0,8,0,0,1,1,1,0,3,1,0,1,0,0000000,99,99,99,99,88,88,0,0,0,1,0
12,120808,1,1,0,2,2,1,1,86,0,1,2,2011,3,14,16,0,14,3,SR-934,,99998,25.84717500,-80.206080560,0,8,0,0,1,1,4,0,1,1,0,1,0,0000000,99,99,99,99,99,99,0,0,0,1,1
12,120809,2,2,0,0,0,2,2,11,0,1,2,2011,3,10,40,0,3,3,SR-7,23RD STREET,99998,25.98980556,-80.206875000,0,12,6,0,2,2,1,0,1,1,0,1,0,0000000,99,99,99,99,99,99,0,0,0,1,0
12,120810,1,1,0,1,1,2,2,111,2601,2,2,2011,4,21,7,0,16,6,PORT ST LUCIE,CASTANEDA LANE,0,27.25724722,-80.375461110,0,9,0,0,3,1,1,0,3,1,0,1,0,0000000,99,99,99,99,88,88,0,0,0,1,0
12,120811,1,1,0,1,1,1,1,103,860,5,2,2011,7,20,5,0,3,3,SR-580,,99998,28.01238889,-82.791297220,0,8,0,0,1,1,1,0,3,2,0,2,0,0000000,99,99,99,99,99,99,0,0,0,1,0
12,120812,2,2,0,0,0,3,3,127,2190,18,2,2011,6,22,46,0,13,3,SR-44,I-95,99998,29.01289722,-80.987027780,0,12,6,0,2,2,1,0,2,1,0,1,0,0000000,99,99,99,99,99,99,0,0,0,2,1
12,120813,1,1,0,1,1,1,1,11,0,18,2,2011,6,10,44,0,13,3,SR-824,,99998,25.99546111,-80.184433330,0,8,0,0,1,1,1,0,1,1,0,1,0,0000000,99,99,99,99,99,99,0,0,0,1,0
12,120814,2,2,0,0,0,2,2,86,2020,27,2,2011,1,1,59,0,3,3,SR-A1A,COLLINS AVNUE,99998,25.82011667,-80.122855560,0,1,0,0,2,3,1,0,3,1,0,1,0,0000000,99,99,99,99,99,99,0,0,0,1,0
12,120815,1,1,0,0,0,1,1,11,1782,27,6,2011,2,11,33,0,13,3,SR-817,,99998,26.18666667,-80.251997220,0,42,0,0,1,1,4,0,1,10,0,10,0,0000000,99,99,99,99,88,88,0,0,0,1,0