STATE,ST_CASE,VE_TOTAL,VE_FORMS,PVH_INVL,PEDS,PERNOTMVIT,PERMVIT,PERSONS,COUNTY,CITY,DAY,MONTH,YEAR,DAY_WEEK,HOUR,MINUTE,NHS,ROAD_FNC,ROUTE,TWAY_ID,TWAY_ID2,MILEPT,LATITUDE,LONGITUD,SP_JUR,HARM_EV,MAN_COLL,RELJCT1,RELJCT2,TYP_INT,REL_ROAD,WRK_ZONE,LGT_COND,WEATHER1,WEATHER2,WEATHER,SCH_BUS,RAIL,NOT_HOUR,NOT_MIN,ARR_HOUR,ARR_MIN,HOSP_HR,HOSP_MN,CF1,CF2,CF3,FATALS,DRUNK_DR
12,120816,10,10,0,0,0,13,13,71,457,11,3,2011,6,8,11,0,16,6,CR-884,COUNTRY CLUB BLVD,0,26.60548333,-81.956533330,0,12,6,0,2,2,1,0,1,1,0,1,0,0000000,99,99,99,99,99,99,14,0,0,1,0
12,120817,1,1,0,0,0,1,1,1,1130,12,3,2011,7,16,48,0,14,4,SW 16TH AVENUE,,99998,29.63615556,-82.328802780,0,19,0,0,1,1,4,0,1,1,0,1,0,0000000,99,99,99,99,99,99,0,0,0,1,0
12,120818,2,2,0,0,0,2,2,11,3193,18,3,2011,6,12,48,0,16,6,3 VILLAGE ROAD,PROMENADE BLVD,0,26.09847222,-80.379411110,0,12,6,0,2,2,1,0,1,1,0,1,0,0000000,99,99,99,99,99,99,0,0,0,1,0
12,120819,2,2,0,0,0,2,2,11,0,28,3,2011,2,18,50,0,13,3,SR-845,,99998,26.13692778,-80.153841670,0,12,6,0,1,1,1,0,1,2,0,2,0,0000000,99,99,99,99,99,99,0,0,0,1,1
12,120820,1,1,0,1,1,1,1,101,2180,31,3,2011,5,22,22,1,13,2,US-19,,99998,28.25069167,-82.727861110,0,8,0,0,1,1,1,0,3,1,0,1,0,0000000,99,99,99,99,88,88,0,0,0,1,0
12,120821,1,1,0,0,0,1,1,69,0,1,5,2011,1,1,50,0,3,3,SR-44,,99998,28.93696389,-81.433788890,0,1,0,0,1,1,4,0,2,1,0,1,0,0000000,99,99,99,99,88,88,0,0,0,1,1
12,120822,2,2,0,0,0,4,4,105,0,16,5,2011,2,19,20,0,6,4,N CHESTNUT ROAD,,0,28.04911111,-81.994213890,0,12,6,0,8,1,1,0,1,1,0,1,0,0000000,99,99,99,99,88,88,0,0,0,2,0
12,120823,1,1,0,0,0,12,12,121,0,24,5,2011,3,15,20,1,1,1,I-10,,99998,30.34923056,-82.997022220,0,1,0,0,1,1,4,0,1,1,0,1,0,0000000,99,99,99,99,99,99,0,0,0,3,0
12,120824,1,1,0,1,1,2,2,33,0,28,5,2011,7,19,50,0,6,4,CHEMSTRAND RD,,0,30.52511944,-87.262619440,0,9,0,0,1,1,1,0,2,1,0,1,0,0000000,99,99,99,99,99,99,0,0,0,1,0
12,120825,2,2,0,0,0,2,2,127,0,29,5,2011,1,15,27,0,13,2,US-92,CR-415,99998,29.16723056,-81.087130560,0,12,6,0,2,2,1,0,1,10,0,10,0,0000000,99,99,99,99,99,99,0,0,0,1,0
12,120826,1,1,0,0,0,1,1,103,2680,30,5,2011,2,14,22,0,15,3,SR-590,,99998,28.01412222,-82.684188890,0,24,0,0,1,1,4,0,1,1,0,1,0,0000000,99,99,99,99,99,99,0,0,0,1,1
12,120827,1,1,0,0,0,1,1,103,2310,30,5,2011,2,18,15,0,16,6,FOREST LAKES BLVD,,0,28.03784722,-82.680230560,0,1,0,0,1,1,4,0,1,1,0,1,0,0000000,99,99,99,99,99,99,0,0,0,1,1
12,120828,1,1,0,0,0,1,1,11,663,30,5,2011,2,4,0,0,16,6,LAKE BOULEVARD,,0,26.03226111,-80.289802780,0,42,0,0,1,1,3,0,3,10,0,10,0,0000000,99,99,99,99,88,88,0,0,0,1,1
12,120829,1,1,0,0,0,2,2,86,0,31,5,2011,3,3,21,1,11,1,I-95,,99998,25.94350000,-80.187563890,0,24,0,1,18,1,3,0,3,1,0,1,0,0000000,99,99,99,99,99,99,0,0,0,1,0
12,120830,2,2,0,0,0,2,2,33,0,1,6,2011,4,16,50,0,13,3,SR-298,49TH AVENUE,99998,30.40280000,-87.374038890,0,12,6,0,2,2,1,0,1,1,0,1,0,0000000,99,99,99,99,99,99,0,0,0,1,0
12,120831,1,1,0,0,0,2,2,97,0,1,6,2011,4,16,50,0,2,2,US-192,,99998,28.19456944,-81.159738890,0,1,0,0,1,1,4,0,1,1,0,1,0,0000000,99,99,99,99,99,99,0,0,0,1,0
12,120832,3,3,0,0,0,3,3,95,0,2,6,2011,5,22,37,0,14,3,SR-462,KINGSPOINTE PARKWAY,99998,28.45013889,-81.437933330,0,12,98,0,2,2,1,0,2,1,0,1,0,0000000,99,99,99,99,99,99,0,0,0,2,0
12,120834,2,2,0,0,0,3,3,27,0,3,6,2011,6,21,17,1,2,3,SR-70,SR-72,99998,27.22529444,-81.888333330,0,12,6,0,2,4,1,0,2,1,0,1,0,0000000,99,99,99,99,99,99,0,0,0,1,0
12,120835,1,1,0,0,0,2,2,23,0,4,6,2011,7,1,25,0,6,4,CR-252,CR-252A,0,30.16147222,-82.790361110,0,42,0,0,3,3,4,0,2,1,0,1,0,0000000,99,99,99,99,99,99,0,0,0,1,1
12,120836,3,3,0,0,0,3,3,11,0,5,6,2011,1,19,30,1,12,3,SR-821,,99998,25.97101389,-80.296538890,0,12,1,0,1,1,1,0,1,1,0,1,0,0000000,99,99,99,99,99,99,0,0,0,1,0
12,120837,2,2,0,0,0,4,4,23,0,5,6,2011,1,14,30,1,1,1,I-75,,99998,30.10379167,-82.647963890,0,12,1,0,1,1,1,0,1,1,0,1,0,0000000,99,99,99,99,99,99,0,0,0,1,0
12,120839,1,1,0,0,0,1,1,71,0,5,6,2011,1,6,40,0,6,4,JAGUAR BOULEVARD,,0,26.54751111,-81.630019440,0,1,0,0,1,1,4,0,4,1,0,1,0,0000000,99,99,99,99,88,88,0,0,0,1,0
12,120840,1,1,0,1,1,1,1,55,0,5,6,2011,1,4,45,1,13,2,US-27,,99998,27.62512222,-81.514927780,0,8,0,0,1,1,1,0,2,10,0,10,0,0000000,99,99,99,99,99,99,0,0,0,1,0
12,120841,1,1,0,1,1,1,1,107,0,5,6,2011,1,19,53,0,6,4,3RD WAY,,0,29.62698056,-81.934269440,0,8,0,0,1,1,1,0,5,1,0,1,0,0000000,99,99,99,99,99,99,0,0,0,1,0
12,120842,2,2,0,0,0,3,3,95,0,6,6,2011,2,1,59,1,12,3,SR-528,,99998,28.45093056,-81.338130560,0,12,1,0,1,1,1,0,2,1,0,1,0,0000000,99,99,99,99,99,99,0,0,0,2,0
12,120843,1,1,0,1,1,1,1,109,1300,6,6,2011,2,16,15,1,2,3,SR-207,,99998,29.71441389,-81.506311110,0,8,0,0,1,1,1,0,1,10,0,10,0,0000000,16,17,16,21,88,88,0,0,0,1,0
12,120844,2,2,0,0,0,2,2,75,0,6,6,2011,2,19,50,1,2,2,US-19,,99998,29.43912222,-82.837119440,0,12,1,0,1,1,1,0,5,10,0,10,0,0000000,99,99,99,99,99,99,0,0,0,1,0
12,120845,1,1,0,1,1,1,1,113,0,7,6,2011,3,22,30,1,13,2,US-98,,99998,30.40217778,-86.914836110,0,8,0,0,1,1,1,0,2,10,0,10,0,0000000,99,99,99,99,99,99,0,0,0,1,0
12,120846,2,2,0,0,0,2,2,83,0,7,6,2011,3,12,55,0,6,4,NW 35TH STREET,W ANTHONY ROAD,0,29.22309444,-82.144036110,0,12,6,0,2,2,1,0,1,1,0,1,0,0000000,99,99,99,99,99,99,0,0,0,1,0
12,120847,3,3,0,0,0,4,4,91,0,8,6,2011,4,16,12,1,2,3,SR-85,,99998,30.67141111,-86.565330560,0,12,1,0,1,1,1,0,1,10,0,10,0,0000000,99,99,99,99,99,99,0,0,0,1,1
12,120848,1,1,0,0,0,1,1,1,0,9,6,2011,5,23,15,0,16,6,SE 26TH STREET,,0,29.49017222,-82.289480560,0,42,0,0,1,1,4,0,2,1,0,1,0,0000000,99,99,99,99,88,88,0,0,0,1,0
12,120849,2,2,0,1,1,2,2,33,0,9,6,2011,5,2,30,1,2,2,US-29,,99998,30.93329722,-87.295886110,0,8,0,0,1,1,1,0,2,5,0,5,0,0000000,99,99,99,99,88,88,0,0,0,1,1
12,120850,1,1,0,0,0,3,3,127,0,9,6,2011,5,2,25,0,16,6,CR-4030,,0,29.15058889,-81.306988890,0,42,0,0,1,1,4,0,3,1,0,1,0,0000000,99,99,99,99,99,99,0,0,0,1,1
12,120851,1,1,0,0,0,1,1,37,0,9,6,2011,5,0,12,0,3,3,SR-65,,99998,29.80101944,-84.832330560,0,42,0,0,1,1,4,0,2,1,0,1,0,0000000,99,99,99,99,88,88,0,0,0,1,1
12,120852,2,2,0,0,0,2,2,101,0,9,6,2011,5,23,24,0,6,4,OAKSTEAD BLVD,,0,28.20538889,-82.493972220,0,12,2,0,1,1,1,0,3,99,0,99,0,0000000,99,99,23,37,88,88,0,0,0,1,1
12,120853,1,1,0,0,0,1,1,55,0,10,6,2011,6,1,40,0,6,4,SEBRING PARKWAY,,0,27.51565000,-81.465175000,0,34,0,0,1,1,4,0,2,1,0,1,0,0000000,99,99,99,99,88,88,0,0,0,1,1
12,120854,1,1,0,0,0,2,2,86,0,11,6,2011,7,1,45,0,12,2,US-441,,99998,25.92921389,-80.204716670,0,24,0,1,5,1,4,0,3,10,0,10,0,0000000,99,99,99,99,99,99,0,0,0,1,1
12,120855,1,1,0,0,0,2,2,59,0,11,6,2011,7,17,10,0,6,4,CR-181,,0,30.75762500,-85.851977780,0,42,0,0,1,1,4,0,1,1,0,1,0,0000000,99,99,99,99,99,99,0,0,0,1,0
12,120856,3,3,0,0,0,8,8,73,0,11,6,2011,7,13,5,1,1,1,I-10,,99998,30.48275556,-84.045375000,0,12,6,0,1,1,1,0,1,1,0,1,0,0000000,99,99,99,99,99,99,0,0,0,3,0
12,120857,1,1,0,1,1,2,2,97,0,11,6,2011,7,0,5,0,13,2,US-192,,99998,28.26310278,-81.331038890,0,8,0,0,1,1,1,0,2,1,0,1,0,0000000,99,99,99,99,99,99,0,0,0,1,0
12,120858,1,1,0,0,0,1,1,131,0,11,6,2011,7,21,20,0,6,4,CR-280 E,,0,30.64602778,-86.022905560,0,24,0,0,1,1,4,0,2,1,0,1,0,0000000,99,99,99,99,88,88,0,0,0,1,1
12,120859,1,1,0,0,0,3,3,55,0,12,6,2011,1,2,49,1,2,3,SR-70,,99998,27.23508333,-81.080058330,0,24,0,0,1,1,4,0,2,1,0,1,0,0000000,99,99,99,99,99,99,0,0,0,2,1
12,120860,1,1,0,1,1,1,1,117,0,12,6,2011,1,23,34,0,16,6,PALM VALLEY DRIVE,,0,28.61579722,-81.209372220,0,8,0,0,1,1,1,0,3,10,0,10,0,0000000,99,99,99,99,99,99,0,0,0,1,0
12,120861,3,3,0,0,0,6,6,51,0,12,6,2011,1,17,23,1,2,3,SR-80,SR-80,99998,26.75414722,-81.081705560,0,12,6,0,2,3,1,0,1,2,0,2,0,0000000,99,99,99,99,88,88,0,0,0,1,0
12,120862,1,1,0,0,0,2,2,63,0,12,6,2011,1,2,25,0,6,4,CR-167,,0,30.62681389,-85.328322220,0,43,0,0,1,1,4,0,2,1,0,1,0,0000000,99,99,99,99,99,99,0,0,0,1,1
12,120863,1,1,0,0,0,3,3,69,0,12,6,2011,1,9,25,1,2,3,SR-91,,99998,28.56706944,-81.689969440,0,1,0,0,1,1,3,0,1,10,0,10,0,0000000,99,99,99,99,99,99,0,0,0,1,0
12,120864,1,1,0,0,0,2,2,35,2439,13,6,2011,2,10,30,1,11,1,I-95,,99998,29.53515833,-81.206263890,0,1,0,0,1,1,4,0,1,5,0,5,0,0000000,99,99,99,99,99,99,0,0,0,1,0
12,120865,1,1,0,1,1,3,3,101,3330,13,6,2011,2,11,25,0,13,2,US-301,CR-54,99998,28.25215556,-82.187916670,0,8,0,0,3,2,1,0,1,1,0,1,0,0000000,99,99,99,99,99,99,0,0,0,1,0
12,120866,1,1,0,1,1,1,1,111,1080,7,1,2011,6,20,10,0,14,2,US-1,,99998,27.44933333,-80.326711110,0,9,0,0,1,1,1,0,1,1,0,1,0,0000000,99,99,99,99,99,99,0,0,0,1,0
12,120867,2,2,0,0,0,2,2,111,1080,21,1,2011,6,7,17,0,14,6,GLADES CUT OFF RD,,99998,27.37451111,-80.392713890,0,12,6,0,4,1,1,0,1,10,0,10,0,0000000,99,99,99,99,99,99,0,0,0,1,0
12,120868,1,1,0,0,0,1,1,131,0,29,1,2011,7,23,55,1,2,2,US-331,,99998,30.46462778,-86.130872220,0,53,0,0,1,1,4,0,2,5,0,5,0,0000000,99,99,99,99,88,88,0,0,0,1,1
12,120869,2,2,0,0,0,2,2,81,340,19,1,2011,4,14,52,0,3,3,SR-64,,99998,27.49561944,-82.590463890,0,59,0,0,1,1,3,0,1,1,0,1,0,0000000,99,99,99,99,99,99,0,0,0,1,1
12,120870,1,1,0,1,1,4,4,57,0,29,1,2011,7,22,35,0,13,2,US-92,,99998,28.02176389,-82.203630560,0,8,0,0,1,1,1,0,2,5,0,5,0,0000000,99,99,99,99,99,99,0,0,0,1,0
12,120871,1,1,0,0,0,1,1,63,0,29,1,2011,7,19,25,1,1,1,I-10,,99998,30.62993889,-84.863550000,0,42,0,0,1,1,4,0,2,1,0,1,0,0000000,99,99,99,99,88,88,0,0,0,1,1
12,120872,1,1,0,0,0,1,1,41,0,30,1,2011,1,8,20,0,6,4,50TH STREET,,0,29.66718056,-82.691013890,0,42,0,0,1,1,4,0,4,5,0,5,0,0000000,99,99,99,99,88,88,0,0,0,1,0
12,120873,2,2,0,0,0,4,4,83,0,30,1,2011,1,9,2,0,6,4,97TH STREET ROAD,36TH AVENUE,0,29.29210556,-82.086963890,0,12,6,0,2,3,1,0,1,5,0,5,0,0000000,99,99,99,99,99,99,0,0,0,1,0
12,120874,2,2,0,0,0,2,2,89,0,3,1,2011,2,6,37,0,13,2,US-1,,99998,30.47710000,-81.903891670,0,12,6,0,1,1,1,0,4,10,0,10,0,0000000,99,99,99,99,88,88,0,0,0,1,1
12,120875,3,3,0,0,0,4,4,11,0,12,2,2011,7,2,14,0,3,3,SR-7,RIVERLAND ROAD,99998,26.09524444,-80.201113890,0,5,0,0,3,2,1,0,3,10,0,10,0,0000000,99,99,99,99,88,88,0,0,0,1,3
12,120876,1,1,0,0,0,1,1,85,0,1,3,2011,3,15,49,0,6,4,SE BRIDGE ROAD,,0,27.04398056,-80.230761110,0,30,0,0,1,1,4,0,1,2,0,2,0,0000000,99,99,99,99,99,99,0,0,0,1,0
12,120877,1,1,0,1,1,1,1,11,1782,11,3,2011,6,17,18,0,16,6,NW 58TH TERRACE,,0,26.15162778,-80.227622220,0,9,0,0,1,1,1,0,1,1,0,1,0,0000000,99,99,99,99,99,99,0,0,0,1,0
12,120878,1,1,0,0,0,1,1,111,1080,18,3,2011,6,1,0,0,14,6,OHIO AVENUE,,99998,27.43238056,-80.331877780,0,5,0,0,1,1,1,0,3,1,0,1,0,0000000,99,99,99,99,88,88,0,0,0,1,1
12,120879,2,2,0,0,0,2,2,103,570,28,3,2011,2,17,19,0,6,4,KEENE ROAD,ALGONQUIN DRIVE,0,27.99252222,-82.763086110,0,12,6,0,2,3,1,0,1,2,0,2,0,0000000,99,99,99,99,99,99,0,0,0,1,0
12,120880,2,2,0,0,0,3,3,57,0,30,3,2011,4,15,48,0,16,6,CR-582,,0,28.08046111,-82.063472220,0,12,6,0,4,1,1,0,1,10,0,10,0,0000000,99,99,99,99,88,88,0,0,0,1,0
12,120881,2,2,0,0,0,2,2,111,2601,4,4,2011,2,21,50,0,16,6,SW PORT ST LUCIE,SW CHESTNUT LANE,0,27.27050000,-80.363852780,0,12,6,0,2,2,1,0,3,1,0,1,0,0000000,99,99,99,99,99,99,0,0,0,1,1
12,120882,2,2,0,0,0,2,2,86,0,30,4,2011,7,16,6,0,16,6,NW 19TH AVENUE,NW 170TH STREET,0,25.92927778,-80.232647220,0,12,6,0,2,3,1,0,1,1,0,1,0,0000000,99,99,99,99,99,99,0,0,0,1,0
12,120883,2,2,0,0,0,3,3,86,0,10,5,2011,3,6,6,0,14,3,SR-860,NW 38TH COURT,99998,25.94029722,-80.264088890,0,12,6,0,2,3,1,0,3,1,0,1,0,0000000,99,99,99,99,99,99,0,0,0,2,0
12,120884,1,1,0,0,0,1,1,9,2670,22,5,2011,1,14,11,0,16,6,ROCKLEDGE DRIVE,,0,28.31567500,-80.707866670,0,42,0,0,1,1,4,0,1,1,0,1,0,0000000,99,99,99,99,99,99,0,0,0,1,0
12,120885,1,1,0,1,1,1,1,111,2601,25,5,2011,4,20,35,0,13,3,SR-716,SE SHERLOCK LANE,99998,27.27121389,-80.315044440,0,15,0,0,2,2,1,0,3,1,0,1,0,0000000,99,99,99,99,99,99,0,0,0,1,0
12,120886,1,1,0,1,1,1,1,57,2540,1,6,2011,4,5,23,0,16,6,YOUNG STREET,MCDAVID AVENUE,0,28.02391667,-82.120472220,0,8,0,0,3,3,2,0,3,1,0,1,1,0000000,99,99,99,99,88,88,0,0,0,1,0
12,120887,1,1,0,0,0,1,1,129,0,7,6,2011,3,7,11,0,6,4,CR-365,,0,30.14331389,-84.319436110,0,1,0,0,1,1,1,0,1,1,0,1,0,0000000,99,99,99,99,88,88,0,0,0,1,0
12,120889,2,2,0,0,0,3,3,127,0,13,6,2011,2,0,27,0,3,3,SR-415,,99998,28.81409722,-81.192997220,0,12,2,0,1,1,1,0,2,1,0,1,0,0000000,99,99,99,99,88,88,0,0,0,1,0
12,120890,1,1,0,1,1,1,1,127,0,13,6,2011,2,0,30,0,3,3,SR-415,,99998,28.81633333,-81.192833330,0,8,0,0,1,1,1,0,2,1,0,1,0,0000000,99,99,99,99,99,99,19,0,0,1,0
12,120891,1,1,0,1,1,1,1,95,0,13,6,2011,2,20,22,0,6,4,N CHICKASAW TRAIL,,0,28.58473889,-81.278033330,0,8,0,0,1,1,1,0,2,1,0,1,0,0000000,99,99,99,99,99,99,0,0,0,1,0
12,120892,2,2,0,0,0,5,5,97,0,13,6,2011,2,22,32,0,6,4,CR-522,,0,28.34378889,-81.375477780,0,12,2,0,1,1,1,0,3,1,0,1,0,0000000,99,99,99,99,99,99,0,0,0,3,0
12,120893,1,1,0,0,0,1,1,127,0,13,6,2011,2,22,15,0,16,6,5625 JOHNSON LAKE RD,,0,29.13897778,-81.342683330,0,53,0,0,1,1,4,0,2,1,0,1,0,0000000,99,99,99,99,99,99,0,0,0,1,1
12,120894,2,1,1,1,2,1,2,57,0,14,6,2011,3,4,29,1,11,1,I-75,,99998,27.95123889,-82.328202780,0,14,0,0,1,1,2,4,2,1,0,1,0,0000000,99,99,99,99,88,88,0,0,0,1,1
12,120895,1,1,0,1,1,2,2,97,1590,15,6,2011,4,11,3,0,16,6,W COLUMBIA AVENUE,N THACKER AVENUE,0,28.30807778,-81.424247220,0,8,0,0,2,2,1,0,1,1,0,1,0,0000000,99,99,99,99,99,99,0,0,0,1,0
12,120896,3,3,0,0,0,5,5,33,0,15,6,2011,4,13,0,0,13,3,SR-292,,99998,30.37605833,-87.318830560,0,12,8,0,1,1,1,0,1,1,0,1,0,0000000,99,99,99,99,99,99,0,0,0,1,1
12,120897,1,1,0,1,1,1,1,85,0,15,6,2011,4,5,36,0,13,3,SR-76,,99998,27.09850278,-80.272266670,0,8,0,0,1,1,1,0,2,1,0,1,0,0000000,99,99,99,99,88,88,0,0,0,1,0
12,120898,2,2,0,0,0,2,2,95,3310,16,6,2011,5,2,49,0,16,6,LAKEMONT AVENUE,,0,28.60652222,-81.328130560,0,12,1,0,1,1,1,0,3,2,0,2,0,0000000,99,99,99,99,99,99,0,0,0,1,2
12,120899,1,1,0,0,0,2,2,105,0,16,6,2011,5,12,0,0,6,4,TRASK ROAD,,0,27.74796111,-81.711522220,0,18,0,0,1,1,1,0,1,1,0,1,0,0000000,99,99,99,99,99,99,0,0,0,1,0
12,120900,1,1,0,1,1,1,1,71,0,16,6,2011,5,23,15,1,11,1,I-75,,99998,26.42470556,-81.774936110,0,8,0,0,1,1,1,0,3,1,0,1,0,0000000,99,99,99,99,88,88,19,0,0,1,0
12,120901,2,2,0,0,0,3,3,119,0,16,6,2011,5,21,3,0,6,4,BUENA VISTA BLVD,CR-466A,0,28.86081667,-81.998755560,0,12,2,0,2,6,1,0,3,1,0,1,0,0000000,21,3,21,10,99,99,0,0,0,1,1
12,120902,2,2,0,0,0,3,3,15,0,17,6,2011,6,16,31,0,6,4,COMMERCE PARKWAY,AIRPARK DRIVE,0,26.92976944,-81.987163890,0,12,6,0,2,2,1,0,1,10,0,10,0,0000000,99,99,99,99,99,99,0,0,0,3,0
12,120903,1,1,0,1,1,4,4,33,0,17,6,2011,6,21,19,0,6,4,ST MARY AVENUE,Q STREET,0,30.44163333,-87.242119440,0,9,0,0,2,2,1,0,3,1,0,1,0,0000000,99,99,99,99,99,99,0,0,0,1,0
12,120904,1,1,0,0,0,1,1,127,0,17,6,2011,6,20,50,1,1,1,I-4 RAMP,,99998,29.01939167,-81.229083330,0,24,0,1,5,1,4,0,2,2,0,2,0,0000000,99,99,99,99,88,88,0,0,0,1,1
12,120905,2,2,0,0,0,2,2,49,0,16,6,2011,5,23,5,0,2,3,SR-64,,99998,27.48231389,-81.890811110,0,12,6,0,1,1,1,0,2,1,0,1,0,0000000,99,99,99,99,99,99,0,0,0,1,1
12,120906,1,1,0,0,0,1,1,73,0,19,6,2011,1,2,20,0,2,2,US-27,,99998,30.41341111,-84.081955560,0,1,0,0,1,1,4,0,2,1,0,1,0,0000000,99,99,99,99,88,88,0,0,0,1,1
12,120907,1,1,0,0,0,1,1,1,0,20,6,2011,2,11,30,0,6,4,595 NW 134TH WAY,NW 5TH LANE,0,29.65839722,-82.485738890,0,19,0,0,3,3,4,0,1,1,0,1,0,0000000,99,99,99,99,88,88,0,0,0,1,0
12,120908,2,2,0,0,0,11,11,101,0,20,6,2011,2,17,17,1,1,1,I-75,,99998,28.36401111,-82.319386110,0,12,9,0,1,1,1,0,1,1,0,1,0,0000000,17,18,17,23,99,99,0,0,0,1,0
12,120909,3,3,0,0,0,6,6,19,0,20,6,2011,2,11,54,0,6,4,CR-220,EAST WEST PARKWAY,0,30.10232500,-81.719369440,0,12,6,0,2,2,1,0,1,1,0,1,0,0000000,99,99,99,99,99,99,0,0,0,1,0
12,120910,2,2,0,0,0,3,3,3,1860,21,6,2011,3,14,45,0,14,2,US-90,LOWDER STREET,99998,30.28081667,-82.133638890,0,12,6,0,2,2,1,0,1,1,0,1,0,0000000,99,99,99,99,99,99,0,0,0,1,0
12,120911,1,1,0,0,0,1,1,53,0,21,6,2011,3,2,4,0,6,4,SPRING HILL DRIVE,,0,28.45815556,-82.553333330,0,59,0,0,1,1,4,0,3,1,0,1,0,0000000,2,3,2,9,88,88,0,0,0,1,0
12,120912,2,2,0,0,0,2,2,71,0,21,6,2011,3,19,20,0,3,3,SR-82,,99998,26.56410278,-81.673169440,0,12,2,0,1,1,1,0,1,10,0,10,0,0000000,99,99,99,99,99,99,0,0,0,2,1
12,120913,1,1,0,0,0,1,1,129,0,21,6,2011,3,1,0,1,2,2,US-98,,99998,30.14325556,-84.319572220,0,34,0,0,1,1,4,0,2,1,0,1,0,0000000,99,99,99,99,99,99,0,0,0,1,1
12,120915,2,2,0,0,0,2,2,101,0,21,6,2011,3,7,27,0,6,4,PHOTONICS DR,,0,28.19193056,-82.674227780,0,1,0,0,8,1,1,0,1,1,0,1,0,0000000,7,28,7,37,88,88,0,0,0,1,0
12,120916,3,3,0,0,0,3,3,127,0,21,6,2011,3,1,22,1,1,1,I-4,,99998,28.83884167,-81.315463890,0,12,1,0,1,1,1,0,2,10,0,10,0,0000000,99,99,99,99,99,99,0,0,0,1,2
12,120917,3,3,0,0,0,11,11,127,780,21,6,2011,3,21,20,1,11,1,I-95,,99998,29.21818889,-81.102280560,0,12,1,0,1,1,1,0,2,1,0,1,0,0000000,99,99,99,99,99,99,14,0,0,2,1
12,120918,1,1,0,1,1,2,2,103,570,22,6,2011,4,17,29,0,14,3,SR-590,,99998,27.96803889,-82.767863890,0,8,0,0,1,1,1,0,1,1,0,1,0,0000000,99,99,99,99,88,88,0,0,0,1,0
12,120919,1,1,0,0,0,3,3,61,0,23,6,2011,5,13,24,1,11,1,I-95,,99998,27.64628056,-80.520630560,0,42,0,0,1,1,4,0,1,10,0,10,0,0000000,99,99,99,99,99,99,0,0,0,1,0
12,120920,2,2,0,0,0,2,2,85,0,23,6,2011,5,21,25,0,13,2,US-1,,99998,27.08937778,-80.151961110,0,12,2,0,1,1,1,0,2,10,0,10,0,0000000,99,99,99,99,88,88,0,0,0,2,1
12,120921,3,2,1,0,0,3,3,87,1568,23,6,2011,5,11,35,1,13,2,US-1,EAST DRIVE,99998,25.09034722,-80.445411110,0,12,6,0,2,3,1,0,1,1,0,1,0,0000000,99,99,99,99,99,99,0,0,0,1,0
12,120922,1,1,0,0,0,2,2,11,790,23,6,2011,5,1,9,1,11,1,I-95,,99998,26.30418611,-80.119572220,0,21,0,0,1,1,4,0,3,1,0,1,0,0000000,99,99,99,99,88,88,0,0,0,2,1
12,120923,1,1,0,0,0,2,2,107,0,24,6,2011,6,1,45,0,16,6,SILVER LAKE DRIVE,,0,29.61581389,-81.687847220,0,42,0,0,1,1,4,0,2,10,0,10,0,0000000,99,99,99,99,99,99,0,0,0,1,1
12,120924,1,1,0,0,0,2,2,23,0,25,6,2011,7,21,25,0,14,2,US-90,,99998,30.18850000,-82.718402780,0,42,0,0,1,1,4,0,2,10,0,10,0,0000000,99,99,99,99,88,88,0,0,0,2,1
12,120925,1,1,0,0,0,1,1,127,0,25,6,2011,7,16,8,0,16,6,CR-2002,,0,29.40886111,-81.100430560,0,5,0,0,1,1,1,0,1,10,0,10,0,0000000,99,99,99,99,88,88,0,0,0,1,1
12,120926,2,2,0,0,0,3,3,97,0,26,6,2011,1,10,40,0,2,2,US-192,,99998,28.11965000,-80.944463890,0,12,1,0,1,1,1,0,1,1,0,1,0,0000000,99,99,99,99,99,99,0,0,0,1,0
12,120927,2,2,0,0,0,7,7,127,2580,26,6,2011,1,1,43,0,16,6,CR-483,,0,29.13115278,-81.027005560,0,12,6,0,1,1,1,0,3,10,0,10,0,0000000,99,99,99,99,99,99,20,0,0,1,0
12,120928,2,2,0,0,0,6,6,131,0,26,6,2011,1,12,15,1,2,2,US-331,,99998,30.83911389,-86.236572220,0,12,6,0,1,1,1,0,1,1,0,1,0,0000000,99,99,99,99,99,99,0,0,0,1,0
12,120930,1,1,0,0,0,1,1,57,0,28,6,2011,3,3,40,1,11,1,I-75,,99998,28.11600556,-82.371855560,0,31,0,0,1,1,4,0,3,10,0,10,0,0000000,99,99,99,99,88,88,0,0,0,1,0
12,120931,2,2,0,0,0,4,4,81,0,28,6,2011,3,9,45,0,13,2,US-301,51ST AVENUE EAST,99998,27.45113611,-82.530375000,0,12,6,0,2,2,1,0,1,10,0,10,0,0000000,99,99,99,99,99,99,0,0,0,1,0
12,120932,1,1,0,1,1,1,1,117,0,28,6,2011,3,22,32,1,11,1,I-4,,99998,28.82632500,-81.328188890,0,8,0,0,1,1,1,0,2,10,0,10,0,0000000,99,99,99,99,88,88,19,0,0,1,0
12,120933,1,1,0,0,0,1,1,95,0,28,6,2011,3,23,15,0,6,4,CR-435,,0,28.78231667,-81.528769440,0,24,0,0,1,1,4,0,2,10,0,10,0,0000000,99,99,99,99,88,88,0,0,0,1,1