STATE,ST_CASE,VE_TOTAL,VE_FORMS,PVH_INVL,PEDS,PERNOTMVIT,PERMVIT,PERSONS,COUNTY,CITY,DAY,MONTH,YEAR,DAY_WEEK,HOUR,MINUTE,NHS,ROAD_FNC,ROUTE,TWAY_ID,TWAY_ID2,MILEPT,LATITUDE,LONGITUD,SP_JUR,HARM_EV,MAN_COLL,RELJCT1,RELJCT2,TYP_INT,REL_ROAD,WRK_ZONE,LGT_COND,WEATHER1,WEATHER2,WEATHER,SCH_BUS,RAIL,NOT_HOUR,NOT_MIN,ARR_HOUR,ARR_MIN,HOSP_HR,HOSP_MN,CF1,CF2,CF3,FATALS,DRUNK_DR
12,120934,1,1,0,0,0,2,2,131,0,28,6,2011,3,17,30,0,6,4,CR-2,,0,30.90568333,-86.385738890,0,42,0,0,1,1,4,0,1,10,0,10,0,0000000,99,99,99,99,99,99,0,0,0,1,1
12,120935,2,2,0,0,0,5,5,73,2940,29,6,2011,4,20,23,0,14,2,US-90,WHITE DRIVE,99998,30.44718889,-84.326180560,0,12,6,0,2,2,1,0,1,1,0,1,0,0000000,99,99,99,99,99,99,0,0,0,1,0
12,120936,2,2,0,0,0,3,3,1,0,29,6,2011,4,12,35,1,1,1,I-75,,99998,29.74175278,-82.480297220,0,12,6,0,1,1,1,0,1,1,0,1,0,0000000,99,99,99,99,88,88,0,0,0,2,0
12,120937,1,1,0,1,1,1,1,86,0,30,6,2011,5,5,39,1,12,3,SR-112,,99998,25.81216111,-80.239833330,0,8,0,0,1,1,1,0,3,1,0,1,0,0000000,99,99,99,99,88,88,0,0,0,1,0
12,120938,2,2,0,0,0,2,2,57,0,30,6,2011,5,21,13,0,13,2,US-301,CRESCENT PARK DRIVE,99998,27.91173611,-82.347752780,0,12,6,0,2,2,1,0,3,10,0,10,0,0000000,99,99,99,99,88,88,0,0,0,1,1
12,120939,1,1,0,0,0,1,1,86,0,6,3,2011,1,19,5,0,6,4,OLD DIXIE HIGHWAY,296 STREET SW,0,25.49197222,-80.455150000,0,33,0,0,2,2,4,0,3,1,0,1,0,0000000,99,99,99,99,99,99,0,0,0,1,0
12,120940,1,1,0,0,0,2,2,86,2010,21,3,2011,2,4,17,1,13,2,US-1,,99998,25.73263611,-80.253850000,0,42,0,0,1,1,3,0,3,2,0,2,0,0000000,99,99,99,99,88,88,0,0,0,2,0
12,120941,1,1,0,1,1,1,1,86,0,28,3,2011,2,17,26,0,13,3,SR-9,41ST ST,99998,25.81281667,-80.240319440,0,15,0,0,3,2,1,0,1,10,0,10,0,0000000,99,99,99,99,88,88,0,0,0,1,0
12,120942,2,2,0,0,0,2,2,57,2950,7,4,2011,5,2,1,0,13,2,US-41,,99998,28.02883611,-82.451291670,0,12,1,0,1,1,1,0,3,1,0,1,0,0000000,99,99,99,99,99,99,0,0,0,1,0
12,120944,2,2,0,0,0,2,2,31,1510,13,4,2011,4,11,30,0,3,3,SR-115,BAYVIEW AVENUE,99998,30.41621667,-81.696013890,0,12,6,0,2,2,1,0,1,1,0,1,0,0000000,99,99,99,99,99,99,0,0,0,1,0
12,120945,1,1,0,1,1,2,2,86,2020,14,4,2011,5,21,20,0,16,6,5TH STREET,WASHINGTON AVENUE,0,25.77444722,-80.134272220,0,8,0,0,2,2,1,0,3,1,0,1,0,0000000,99,99,99,99,99,99,0,0,0,1,0
12,120946,2,2,0,0,0,2,2,31,0,15,4,2011,6,22,19,1,13,3,SR-111,,99998,30.36950556,-81.726200000,0,12,6,0,1,1,1,0,3,1,0,1,0,0000000,99,99,99,99,99,99,0,0,0,1,1
12,120947,1,1,0,1,1,2,2,86,2020,16,4,2011,7,12,0,0,3,3,SR-934,,99998,25.85150278,-80.143102780,0,8,0,0,1,1,1,0,1,1,0,1,0,0000000,99,99,99,99,99,99,0,0,0,1,0
12,120948,2,2,0,0,0,3,3,103,570,19,4,2011,3,4,46,0,13,3,SR-60,GUNN AVENUE,99998,27.96052222,-82.750272220,0,12,6,0,2,3,1,0,3,1,0,1,0,0000000,99,99,99,99,99,99,0,0,0,1,1
12,120950,1,1,0,1,1,1,1,11,672,14,5,2011,7,8,1,0,13,3,SR-834,TURTLE RUN BLVD,99998,26.27404167,-80.213122220,0,9,0,0,3,2,1,0,1,1,0,1,0,0000000,99,99,99,99,99,99,0,0,0,1,1
12,120951,3,1,2,0,0,2,2,33,2490,17,5,2011,3,0,29,0,13,2,US-98,,99998,30.41223056,-87.251488890,0,14,0,0,1,1,2,0,3,1,0,1,0,0000000,99,99,99,99,88,88,0,0,0,1,1
12,120952,2,2,0,0,0,2,2,86,1340,8,6,2011,4,7,3,0,16,6,E 7TH AVENUE,E 20TH STREET,0,25.84035556,-80.267944440,0,12,6,0,2,2,1,0,1,1,0,1,0,0000000,99,99,99,99,88,88,0,0,0,1,0
12,120953,2,2,0,0,0,2,2,57,0,23,6,2011,5,22,51,0,6,4,SHELDON ROAD,,0,28.04762778,-82.582908330,0,12,6,0,8,1,1,0,2,10,0,10,0,0000000,99,99,99,99,99,99,0,0,0,1,0
12,120954,1,1,0,0,0,1,1,109,0,1,1,2011,7,18,30,0,6,4,CR-13,,0,29.65163889,-81.381466670,0,34,0,0,1,1,4,0,2,1,0,1,0,0000000,99,99,99,99,88,88,0,0,0,1,0
12,120955,1,1,0,1,1,1,1,83,2270,24,1,2011,2,20,3,0,13,3,SR-40,,99998,29.18691944,-82.120738890,0,8,0,0,1,1,1,0,2,10,0,10,0,0000000,99,99,99,99,99,99,0,0,0,1,0
12,120956,1,1,0,1,1,1,1,11,2260,3,4,2011,1,3,4,0,16,6,NE 33RD STREET,,0,26.16853333,-80.136544440,0,9,0,0,1,1,1,8,3,1,0,1,0,0000000,99,99,99,99,99,99,0,0,0,1,0
12,120957,1,1,0,1,1,1,1,57,2950,8,4,2011,6,20,45,0,16,6,WATERS AVENUE W,,0,28.02535556,-82.463763890,0,8,0,0,1,1,1,0,3,1,0,1,0,0000000,99,99,99,99,99,99,0,0,0,1,0
12,120958,2,2,0,0,0,3,3,103,570,13,5,2011,6,20,57,0,14,3,SR-590,NE CLEVELAND STREET,99998,27.96813889,-82.787691670,0,12,2,0,2,2,1,0,3,1,0,1,0,0000000,99,99,99,99,99,99,0,0,0,1,0
12,120959,1,1,0,1,1,1,1,95,3290,15,5,2011,1,7,39,0,16,6,E PLANT STREET,,0,28.57182778,-81.562458330,0,8,0,0,1,1,1,0,9,8,0,8,0,0000000,99,99,99,99,88,88,0,0,0,1,0
12,120960,1,1,0,0,0,1,1,105,0,27,5,2011,6,2,40,0,6,4,GIBSONIA GALLOWAY RD,,0,28.11348889,-81.981711110,0,31,0,0,1,1,4,0,2,1,0,1,0,0000000,99,99,99,99,99,99,0,0,0,1,1
12,120961,1,1,0,0,0,5,5,131,0,4,7,2011,2,6,20,1,1,1,I-10,,99998,30.74840000,-86.251419440,0,24,0,0,1,1,4,0,4,1,0,1,0,0000000,99,99,99,99,99,99,0,0,0,1,0
12,120962,3,3,0,0,0,3,3,9,0,8,7,2011,6,7,30,0,3,3,SR-46,,99998,28.66570000,-80.961138890,0,1,0,0,1,1,4,0,1,10,0,10,0,0000000,99,99,99,99,99,99,0,0,0,1,0
12,120963,1,1,0,0,0,1,1,99,290,8,7,2011,6,9,11,1,11,1,I-95,,99998,26.39996944,-80.089963890,0,42,0,0,1,1,4,0,1,10,0,10,0,0000000,99,99,99,99,88,88,0,0,0,1,0
12,120964,2,2,0,1,1,2,2,57,2950,3,4,2011,1,20,42,0,13,3,SR-580,,99998,27.99608889,-82.524822220,0,8,0,0,1,1,1,0,3,1,0,1,0,0000000,99,99,99,99,88,88,0,0,0,1,0
12,120965,1,1,0,1,1,1,1,109,0,13,4,2011,4,15,21,0,16,6,CR-214,,0,29.85571944,-81.456391670,0,9,0,0,1,1,1,0,1,1,0,1,0,0000000,99,99,99,99,88,88,0,0,0,1,0
12,120966,1,1,0,0,0,3,3,109,1300,17,4,2011,1,20,20,0,16,6,CR-13,,0,29.67793056,-81.452302780,0,42,0,0,1,1,4,0,2,1,0,1,0,0000000,99,99,99,99,99,99,0,0,0,2,1
12,120967,1,1,0,1,1,5,5,103,2730,26,4,2011,3,17,2,0,16,6,1ST AVENUE,,0,27.77188611,-82.680588890,0,8,0,0,8,1,1,0,1,1,0,1,0,0000000,99,99,99,99,99,99,0,0,0,1,0
12,120968,3,3,0,0,0,4,4,99,210,5,5,2011,5,14,38,0,16,6,CR-880,,0,26.67859444,-80.652619440,0,12,1,0,1,1,1,0,1,10,0,10,0,0000000,99,99,99,99,99,99,0,0,0,1,1
12,120969,2,2,0,0,0,3,3,99,0,16,6,2011,5,19,39,0,13,3,SR-809,,99998,26.68085278,-80.112163890,0,12,6,0,1,1,1,0,1,1,0,1,0,0000000,99,99,99,99,99,99,0,0,0,1,0
12,120970,1,1,0,0,0,2,2,105,0,19,6,2011,1,12,0,1,2,3,SR-60,,99998,27.88678611,-81.465113890,0,1,0,0,1,1,3,0,1,10,0,10,0,0000000,99,99,99,99,99,99,0,0,0,1,0
12,120971,1,1,0,0,0,2,2,99,0,20,6,2011,2,1,0,0,5,4,MUCK CITY ROAD,,99998,26.81260000,-80.587527780,0,3,0,0,1,1,4,0,2,1,0,1,0,0000000,99,99,99,99,88,88,0,0,0,2,1
12,120972,1,1,0,0,0,2,2,31,1510,21,6,2011,3,18,58,0,13,3,SR-228,,99998,30.21301944,-81.951202780,0,42,0,0,1,1,4,0,1,1,0,1,0,0000000,99,99,99,99,99,99,0,0,0,1,0
12,120973,1,1,0,0,0,1,1,69,0,26,6,2011,1,6,15,1,2,3,SR-40,,99998,29.16681111,-81.612619440,0,42,0,0,1,1,4,0,4,5,0,5,0,0000000,99,99,99,99,88,88,0,0,0,1,1
12,120974,2,1,1,0,0,1,1,9,2424,26,6,2011,1,3,0,0,16,6,SE WICHITA BLVD,,0,27.93943611,-80.626977780,0,30,0,0,1,1,4,0,2,1,0,1,0,0000000,99,99,99,99,88,88,0,0,0,1,1
12,120975,1,1,0,0,0,3,3,117,2770,28,6,2011,3,2,53,0,16,6,LAKE MARY BLVD. E,,0,28.76035556,-81.243850000,0,33,0,0,1,1,3,0,2,10,0,10,0,0000000,99,99,99,99,88,88,0,0,0,1,0
12,120977,1,1,0,0,0,2,2,23,0,30,6,2011,5,15,35,1,1,1,I-75,,99998,29.98990278,-82.583358330,0,42,0,0,1,1,3,0,1,2,0,2,0,0000000,99,99,99,99,99,99,5,0,0,1,0
12,120978,1,1,0,0,0,1,1,9,0,1,7,2011,6,18,35,0,6,4,VALKARIA ROAD,,0,27.96804722,-80.561480560,0,42,0,0,1,1,4,0,1,2,0,2,0,0000000,99,99,99,99,99,99,0,0,0,1,1
12,120979,1,1,0,1,1,1,1,5,0,3,7,2011,1,23,55,0,6,4,CABANA BLVD,,0,30.19756111,-85.824025000,0,9,0,0,1,1,2,0,3,1,0,1,0,0000000,99,99,99,99,99,99,0,0,0,1,0
12,120980,1,1,0,1,1,1,1,5,0,12,7,2011,3,20,55,1,13,2,US-98,,99998,30.26445833,-85.972413890,0,8,0,0,1,1,1,0,2,1,0,1,0,0000000,99,99,99,99,88,88,0,0,0,1,0
12,120981,1,1,0,1,1,1,1,15,0,5,7,2011,3,5,42,0,6,4,DEEP CREEK BLVD,,0,27.02951944,-82.029827780,0,8,0,0,1,1,1,0,3,1,0,1,0,0000000,99,99,99,99,88,88,0,0,0,1,1
12,120982,1,1,0,1,1,1,1,21,0,14,7,2011,5,0,18,0,13,2,US-41,,99998,26.25195833,-81.801086110,0,8,0,0,1,1,1,0,3,1,0,1,0,0000000,99,99,99,99,99,99,0,0,0,1,0
12,120983,1,1,0,0,0,1,1,105,3300,16,1,2011,1,1,40,0,14,3,SR-540,,99998,28.00303611,-81.694836110,0,33,0,0,1,1,4,0,3,2,0,2,0,0000000,99,99,99,99,88,88,0,0,0,1,1
12,120984,2,2,0,0,0,2,2,109,0,27,1,2011,5,18,13,0,16,6,CR-210,1275 CR-210,0,30.07638333,-81.483608330,0,12,2,0,2,3,1,0,5,1,0,1,0,0000000,99,99,99,99,99,99,0,0,0,1,1
12,120985,2,2,0,0,0,4,4,86,2526,29,1,2011,7,18,13,1,13,2,US-1,,99998,25.66640000,-80.323550000,0,12,2,0,1,1,1,0,1,1,0,1,0,0000000,99,99,99,99,99,99,0,0,0,2,0
12,120986,1,1,0,1,1,2,2,11,2260,7,2,2011,2,18,50,0,3,3,SR-811A,,99998,26.16755556,-80.146469440,0,8,0,0,1,1,1,0,3,1,0,1,0,0000000,99,99,99,99,99,99,0,0,0,1,0
12,120987,2,2,0,0,0,2,2,31,1510,8,2,2011,3,7,30,0,6,4,SAWPIT ROAD,CROAKER ROAD,0,30.52770278,-81.483647220,0,12,6,0,2,2,1,0,1,1,0,1,0,0000000,99,99,99,99,88,88,0,0,0,1,0
12,120988,2,2,0,0,0,2,2,103,570,3,3,2011,5,9,48,0,16,6,SUNSET POINT RD,,0,27.98998611,-82.743358330,0,12,1,0,4,1,1,0,1,1,0,1,0,0000000,99,99,99,99,88,88,0,0,0,1,0
12,120989,3,3,0,2,2,3,3,103,2730,3,3,2011,5,9,46,0,13,3,SR-694,,99998,27.85620556,-82.656419440,0,12,7,0,1,1,1,0,1,1,0,1,0,0000000,99,99,99,99,99,99,0,0,0,1,0
12,120990,1,1,0,0,0,1,1,105,0,6,3,2011,1,21,38,0,6,4,SPIRIT LAKE ROAD,,0,28.00235000,-81.783627780,0,18,0,0,1,1,4,0,2,1,0,1,0,0000000,99,99,99,99,88,88,0,0,0,1,1
12,120991,2,2,0,0,0,2,2,11,1050,8,3,2011,3,13,42,0,16,6,NW 62ND STREET,,0,26.20241389,-80.196219440,0,12,6,0,1,1,1,0,1,1,0,1,0,0000000,99,99,99,99,99,99,0,0,0,1,0
12,120992,1,1,0,0,0,1,1,71,2775,10,3,2011,5,13,57,0,6,4,RABBIT ROAD,W GULF DRIVE,0,26.43045833,-82.108125000,0,42,0,0,3,3,4,0,1,10,0,10,0,0000000,99,99,99,99,88,88,0,0,0,1,0
12,120993,1,1,0,1,1,1,1,127,2580,10,3,2011,5,22,2,0,13,2,US-1,NIVER STREET,99998,29.12158611,-80.976613890,0,8,0,0,3,2,1,0,3,1,0,1,0,0000000,99,99,99,99,99,99,0,0,0,1,0
12,120994,2,2,0,1,1,2,2,103,2730,13,3,2011,1,23,40,0,16,6,1ST AVENUE S,31ST STREET,0,27.77012222,-82.675308330,0,9,0,0,2,2,1,0,3,1,0,1,0,0000000,99,99,99,99,99,99,0,0,0,1,0
12,120995,1,1,0,1,1,1,1,103,2730,18,3,2011,6,2,24,0,14,2,US-92,10TH AVENUE,99998,27.78193611,-82.638502780,0,8,0,0,3,3,1,0,3,1,0,1,0,0000000,99,99,99,99,88,88,0,0,0,1,0
12,120996,1,1,0,0,0,1,1,105,0,18,3,2011,6,15,32,0,6,4,SOUTH LAKE REEDY BLV,,0,27.72438333,-81.471647220,0,7,0,0,1,1,1,0,1,1,0,1,0,0000000,99,99,99,99,88,88,0,0,0,1,0
12,120997,1,1,0,0,0,1,1,9,1990,23,3,2011,4,16,1,0,6,4,AURORA ROAD,GUAVA AVENUE,0,28.13569444,-80.631113890,0,5,0,0,3,2,1,0,1,1,0,1,0,0000000,99,99,99,99,99,99,0,0,0,1,0
12,120998,1,1,0,1,1,1,1,9,1990,26,3,2011,7,20,37,0,13,3,SR-518,,99998,28.12058333,-80.700263890,0,9,0,0,1,1,1,0,2,1,0,1,0,0000000,99,99,99,99,99,99,0,0,0,1,0
12,120999,1,1,0,1,1,1,1,103,2730,30,3,2011,4,6,27,0,16,6,DR MLK JR STREET,19TH AVENUE,0,27.75120000,-82.646627780,0,8,0,0,2,2,1,0,3,1,0,1,0,0000000,99,99,99,99,88,88,0,0,0,1,0
12,121000,2,2,0,0,0,4,4,103,2730,31,3,2011,5,6,44,0,14,2,US-92,SE MADISON CIRCLE N,99998,27.82601389,-82.638750000,0,12,6,0,2,2,1,0,3,10,0,10,0,0000000,99,99,99,99,99,99,0,0,0,1,0
12,121002,2,2,0,0,0,3,3,9,2424,5,4,2011,3,2,2,0,16,6,NW JUPITER BLVD,,0,28.00778889,-80.696858330,0,12,6,0,8,1,1,0,2,1,0,1,0,0000000,99,99,99,99,99,99,0,0,0,1,0
12,121003,2,2,0,0,0,2,2,105,0,7,4,2011,5,9,45,0,3,3,SR-60,BONNIE MINE ROAD,99998,27.89439444,-81.924411110,0,12,6,0,2,3,1,0,1,1,0,1,0,0000000,99,99,99,99,99,99,0,0,0,1,0
12,121004,2,2,0,0,0,2,2,86,0,24,4,2011,1,0,27,0,6,4,W. DIXIE DRIVE,NE 209TH STREET,0,25.96884722,-80.147869440,0,12,2,0,3,1,1,0,3,1,0,1,0,0000000,99,99,99,99,88,88,0,0,0,1,1
12,121005,1,1,0,1,1,2,2,9,3000,29,4,2011,6,11,20,0,14,4,S. WASHINGTON AVENUE,,99998,28.57370556,-80.798616670,0,8,0,0,1,1,1,0,1,10,0,10,0,0000000,99,99,99,99,99,99,0,0,0,1,1
12,121006,2,2,0,0,0,4,4,3,1860,7,5,2011,7,12,40,0,14,3,SR-121,NORTH BOULEVARD,99998,30.28697778,-82.124738890,0,12,6,0,2,2,1,0,1,1,0,1,0,0000000,99,99,99,99,99,99,0,0,0,1,0
12,121007,1,1,0,1,1,4,4,31,0,31,7,2011,1,22,10,0,13,3,SR-21,,99998,30.19104722,-81.739133330,0,8,0,0,1,1,1,0,3,1,0,1,0,0000000,99,99,99,99,99,99,0,0,0,1,0
12,121008,2,2,0,0,0,4,4,57,0,29,5,2011,1,13,5,1,1,1,I-75,,99998,28.07031389,-82.352763890,0,12,6,1,5,1,1,0,1,10,0,10,0,0000000,99,99,99,99,99,99,0,0,0,1,0
12,121009,1,1,0,0,0,5,5,11,3193,20,5,2011,6,18,40,1,2,2,US-27,,99998,26.09905000,-80.434555560,0,3,0,0,1,1,4,0,1,1,0,1,0,0000000,99,99,99,99,99,99,0,0,0,1,0
12,121010,2,2,0,0,0,2,2,86,2526,1,6,2011,4,20,52,1,13,2,US-1,120TH STREET,99998,25.65898889,-80.327208330,0,12,6,0,2,3,1,0,3,1,0,1,0,0000000,99,99,99,99,99,99,0,0,0,1,0
12,121011,1,1,0,1,1,1,1,33,0,2,7,2011,7,23,18,0,13,3,SR-292,,99998,30.38132222,-87.306872220,0,8,0,0,1,1,1,0,2,1,0,1,0,0000000,99,99,99,99,88,88,0,0,0,1,1
12,121012,1,1,0,0,0,8,8,1,1130,10,7,2011,1,12,28,1,11,1,I-75,,99998,29.60368611,-82.374811110,0,1,0,1,18,1,1,0,1,10,0,10,0,0000000,99,99,99,99,99,99,0,0,0,1,0
12,121013,2,2,0,0,0,3,3,53,0,11,7,2011,2,18,50,1,13,3,SR-50,JASMINE DRIVE,99998,28.54327222,-82.367500000,0,12,6,0,2,2,1,0,1,10,0,10,0,0000000,99,99,99,99,99,99,0,0,0,1,0
12,121014,1,1,0,0,0,1,1,27,0,7,7,2011,5,23,30,1,2,2,US-17,,99998,27.10745833,-81.930322220,0,32,0,0,1,1,4,0,2,2,0,2,0,0000000,99,99,99,99,88,88,0,0,0,1,0
12,121015,1,1,0,0,0,1,1,7,0,10,7,2011,1,2,46,0,3,3,SR-16,,99998,30.01908056,-82.150244440,0,59,0,0,1,1,4,0,2,10,0,10,0,0000000,99,99,99,99,88,88,0,0,0,1,1
12,121016,2,2,0,0,0,3,3,5,1850,11,7,2011,2,12,22,1,13,3,SR-77,26TH STREET,99998,30.21866667,-85.649466670,0,12,6,0,2,2,1,0,1,2,0,2,0,0000000,99,99,99,99,99,99,20,0,0,1,0
12,121019,1,1,0,0,0,1,1,11,0,16,4,2011,7,1,35,1,11,1,I-75,,99998,26.07132778,-80.357797220,0,1,0,0,1,1,3,0,3,1,0,1,0,0000000,99,99,99,99,88,88,0,0,0,1,1
12,121021,2,2,0,0,0,4,4,131,0,12,6,2011,1,20,0,1,2,2,US-331,,99998,30.60828611,-86.113755560,0,1,0,0,1,1,1,0,5,1,0,1,0,0000000,99,99,99,99,99,99,0,0,0,1,1
12,121022,2,2,0,0,0,4,4,57,2950,14,6,2011,3,16,45,0,16,6,ARMENIA AVENUE,,0,28.03966667,-82.481558330,0,12,2,0,1,1,1,0,1,10,0,10,0,0000000,99,99,99,99,99,99,0,0,0,2,0
12,121023,2,2,0,0,0,6,6,57,2950,29,6,2011,4,21,24,1,11,1,I-4,COLUMBUS DRIVE,99998,27.96626111,-82.405819440,0,12,6,1,2,2,1,0,3,1,0,1,0,0000000,99,99,99,99,99,99,0,0,0,1,0
12,121024,1,1,0,0,0,1,1,86,0,1,2,2011,3,18,55,0,6,4,SW 248TH STREET,,0,25.53746667,-80.344486110,0,24,0,0,1,1,3,0,2,1,0,1,0,0000000,99,99,99,99,88,88,0,0,0,1,1
12,121025,1,1,0,1,1,1,1,86,0,19,2,2011,7,21,11,0,14,3,SR-934,,99998,25.84624722,-80.242938890,0,8,0,0,1,1,1,0,3,1,0,1,0,0000000,99,99,99,99,99,99,0,0,0,1,0
12,121026,2,2,0,0,0,3,3,86,0,14,3,2011,2,8,40,0,13,3,SR-94,SW 125TH AVENUE,99998,25.68626389,-80.395763890,0,12,6,1,2,2,1,0,1,10,0,10,0,0000000,99,99,99,99,99,99,0,0,0,1,0
12,121027,2,2,0,0,0,3,3,51,0,27,4,2011,4,20,45,0,2,3,SR-29,,99998,26.59602778,-81.436652780,0,12,2,0,1,1,1,0,2,1,0,1,0,0000000,99,99,99,99,99,99,0,0,0,1,0
12,121028,1,1,0,0,0,1,1,95,0,11,5,2011,4,22,58,0,13,3,SR-436,,99998,28.60766944,-81.307400000,0,33,0,0,1,1,4,0,3,1,0,1,0,0000000,99,99,99,99,99,99,0,0,0,1,1
12,121029,1,1,0,0,0,2,2,69,0,11,6,2011,7,20,35,0,3,3,SR-19,,99998,29.08210556,-81.626191670,0,42,0,0,1,1,4,0,2,1,0,1,0,0000000,99,99,99,99,99,99,0,0,0,1,1
12,121030,2,2,0,0,0,9,9,85,0,1,7,2011,6,21,33,1,1,1,I-95,,99998,27.12761667,-80.326569440,0,12,1,0,1,1,1,0,2,2,0,2,0,0000000,99,99,99,99,99,99,0,0,0,1,1
12,121031,1,1,0,1,1,1,1,65,2100,1,7,2011,6,16,10,1,2,2,US-19,PEARL STREET,99998,30.54621667,-83.870177780,0,8,0,0,3,2,1,0,1,1,0,1,0,0000000,99,99,99,99,99,99,0,0,0,1,0
12,121032,2,2,0,0,0,3,3,57,0,1,7,2011,6,23,22,0,13,2,US-41,UNIVERSAL DRIVE,99998,27.68428333,-82.452202780,0,12,6,0,2,2,1,0,2,10,0,10,0,0000000,99,99,99,99,88,88,0,0,0,2,2
12,121033,1,1,0,1,1,2,2,69,960,4,7,2011,2,21,8,0,14,3,SR-19,WOODWARD AVENUE,99998,28.84742500,-81.685580560,0,8,0,0,3,2,1,0,2,1,0,1,0,0000000,99,99,99,99,99,99,0,0,0,1,0
12,121034,2,2,0,0,0,2,2,61,0,5,7,2011,3,3,45,0,3,4,CR-606,58TH AVENUE,99998,27.58759722,-80.447488890,0,12,6,0,2,2,1,0,3,1,0,1,0,0000000,99,99,99,99,88,88,0,0,0,1,1
12,121035,2,2,0,0,0,3,3,57,0,6,7,2011,4,16,6,0,6,4,BEARSS AVENUE,12TH STREET N,0,28.08723889,-82.447152780,0,12,6,0,2,2,1,0,1,1,0,1,0,0000000,99,99,99,99,99,99,0,0,0,1,0
12,121036,2,2,0,0,0,2,2,57,2980,12,7,2011,3,2,17,0,13,3,SR-582,RAINTREE BLVD,99998,28.05447222,-82.385761110,0,12,6,0,2,2,1,0,3,1,0,1,0,0000000,99,99,99,99,99,99,0,0,0,1,1
12,121037,5,5,0,0,0,11,11,57,0,1,7,2011,6,21,37,0,13,2,US-301,BLOOMINGDALE AVENUE,99998,27.89425833,-82.338183330,0,12,7,0,3,2,1,0,3,1,0,1,0,0000000,99,99,99,99,99,99,0,0,0,1,1
12,121038,1,1,0,1,1,1,1,103,2530,4,2,2011,6,19,32,0,3,3,SR-693,9700 66 STREET N,99998,27.86034444,-82.728916670,0,8,0,0,3,3,1,0,3,10,0,10,0,0000000,99,99,99,99,99,99,0,0,0,1,0
12,121039,1,1,0,1,1,1,1,11,1927,27,2,2011,1,6,27,0,3,3,SR-7 NORTH,,99998,26.23900278,-80.204630560,0,8,0,0,1,1,1,1,3,1,0,1,0,0000000,99,99,99,99,88,88,0,0,0,1,0
12,121040,1,1,0,0,0,2,2,31,1510,6,3,2011,1,2,4,0,6,4,OLD KINGS ROAD,RONDEAU DRIVE,0,30.23425000,-81.605416670,0,39,0,0,2,2,4,0,3,1,0,1,0,0000000,99,99,99,99,99,99,0,0,0,1,1
12,121041,1,1,0,1,1,1,1,99,820,6,4,2011,4,13,44,0,15,3,SR-A1A,DEL HARBOUR DRIVE,99998,26.43800000,-80.062763890,0,9,0,0,2,3,1,0,1,1,0,1,0,0000000,99,99,99,99,88,88,0,0,0,1,0
12,121042,1,1,0,1,1,1,1,11,2570,16,4,2011,7,1,52,0,13,3,SR-845,,99998,26.27426667,-80.152252780,0,8,0,0,1,1,1,0,3,1,0,1,0,0000000,99,99,99,99,88,88,0,0,0,1,0
12,121043,2,2,0,0,0,2,2,11,1420,4,5,2011,4,10,7,0,14,3,SR-A1A,MAGNOLIA TERRACE,99998,25.99766111,-80.118266670,0,12,7,0,2,3,1,0,1,1,0,1,0,0000000,99,99,99,99,99,99,0,0,0,1,0
12,121044,1,1,0,1,1,1,1,11,1050,5,6,2011,1,0,31,0,13,3,SR-842,SW 11TH AVENUE,99998,26.12196944,-80.156194440,0,8,0,0,3,2,1,0,3,1,0,1,0,0000000,99,99,99,99,88,88,0,0,0,1,1
12,121045,1,1,0,1,1,2,2,111,2601,9,6,2011,5,20,35,0,16,6,SW AIROSO BLVD,,0,27.28654167,-80.345500000,0,8,0,0,1,1,1,0,3,1,0,1,0,0000000,99,99,99,99,99,99,0,0,0,1,0
12,121046,2,2,0,0,0,2,2,99,2674,3,7,2011,1,22,37,0,13,3,SR-704,OKEECHOBEE BLVD,99998,26.70611667,-80.229147220,0,12,1,0,3,2,1,0,3,1,0,1,0,0000000,99,99,99,99,99,99,0,0,0,1,2
12,121048,1,1,0,1,1,1,1,103,1770,1,3,2011,3,20,1,0,13,2,US-A19,,99998,27.88729444,-82.787194440,0,9,0,0,1,1,1,0,3,1,0,1,0,0000000,99,99,99,99,99,99,0,0,0,1,0
12,121049,1,1,0,1,1,2,2,86,2010,2,4,2011,7,4,10,0,13,3,SR-934,,99998,25.84744722,-80.196447220,0,8,0,0,1,1,1,0,3,1,0,1,0,0000000,99,99,99,99,99,99,0,0,0,1,0
12,121050,2,2,0,0,0,2,2,86,2010,18,4,2011,2,9,55,0,16,6,BISCAYNE BLVD,NE 83RD LANE,0,25.85156389,-80.184775000,0,12,2,0,2,3,1,0,1,1,0,1,0,0000000,99,99,99,99,99,99,0,0,0,1,0
12,121051,3,3,0,0,0,7,7,86,0,2,5,2011,2,18,40,0,6,4,147TH AVENUE,175TH STREET,0,25.60436389,-80.429883330,0,12,1,0,3,3,1,0,1,1,0,1,0,0000000,99,99,99,99,88,88,0,0,0,1,0
12,121052,2,2,0,0,0,2,2,57,0,12,6,2011,1,0,41,0,6,4,78TH STREET,79TH STREET,0,27.90242778,-82.368644440,0,12,6,0,2,3,1,0,2,1,0,1,0,0000000,99,99,99,99,88,88,0,0,0,1,1
12,121053,2,2,0,0,0,3,3,99,2431,4,7,2011,2,21,6,1,11,1,I-95,CR-809A,99998,26.80883611,-80.097530560,0,12,6,1,2,2,1,0,3,1,0,1,0,0000000,99,99,99,99,99,99,0,0,0,1,1