STATE,ST_CASE,VE_TOTAL,VE_FORMS,PVH_INVL,PEDS,PERNOTMVIT,PERMVIT,PERSONS,COUNTY,CITY,DAY,MONTH,YEAR,DAY_WEEK,HOUR,MINUTE,NHS,ROAD_FNC,ROUTE,TWAY_ID,TWAY_ID2,MILEPT,LATITUDE,LONGITUD,SP_JUR,HARM_EV,MAN_COLL,RELJCT1,RELJCT2,TYP_INT,REL_ROAD,WRK_ZONE,LGT_COND,WEATHER1,WEATHER2,WEATHER,SCH_BUS,RAIL,NOT_HOUR,NOT_MIN,ARR_HOUR,ARR_MIN,HOSP_HR,HOSP_MN,CF1,CF2,CF3,FATALS,DRUNK_DR
12,121054,2,2,0,0,0,2,2,11,633,10,7,2011,1,3,9,0,14,3,SR-810,LYONS ROAD,99998,26.31754722,-80.186419440,0,12,6,0,2,2,1,0,3,1,0,1,0,0000000,99,99,99,99,88,88,0,0,0,2,1
12,121055,2,1,1,4,4,1,1,86,2010,15,1,2011,7,22,20,0,16,6,4TH STREET,,0,25.76909722,-80.226433330,0,14,0,0,1,1,4,0,3,1,0,1,0,0000000,99,99,99,99,99,99,0,0,0,1,1
12,121056,1,1,0,1,1,1,1,99,1560,16,1,2011,1,17,15,0,13,2,US-1,,99998,26.93980000,-80.083805560,0,9,0,0,4,1,1,0,1,1,0,1,0,0000000,99,99,99,99,99,99,0,0,0,1,0
12,121057,2,2,0,0,0,3,3,99,2674,20,3,2011,1,2,35,0,15,6,ROYAL PALM BEACH BLV,,99998,26.70188889,-80.229458330,0,12,2,0,1,1,1,0,3,1,0,1,0,0000000,99,99,99,99,99,99,0,0,0,1,1
12,121058,1,1,0,1,1,1,1,99,3147,22,4,2011,6,9,6,0,13,2,US-441,,99998,26.61864444,-80.204711110,0,9,0,0,8,1,1,0,1,1,0,1,0,0000000,99,99,99,99,99,99,0,0,0,1,0
12,121059,2,2,0,0,0,2,2,86,1340,23,4,2011,7,1,15,0,14,4,8TH AVENUE W,WEST 27TH STREET,99998,25.84618889,-80.298213890,0,12,6,0,2,2,1,0,3,1,0,1,0,0000000,99,99,99,99,99,99,0,0,0,1,0
12,121060,1,1,0,0,0,1,1,86,0,28,4,2011,5,19,9,0,3,3,SR-860,,99998,25.94264167,-80.204177780,0,5,0,0,8,1,1,0,3,1,0,1,0,0000000,99,99,99,99,99,99,0,0,0,1,0
12,121061,1,1,0,1,1,2,2,127,780,5,5,2011,5,22,18,0,16,6,CR-4418,,0,29.20995556,-81.089658330,0,8,0,0,1,1,1,4,2,1,0,1,0,0000000,99,99,99,99,99,99,0,0,0,1,0
12,121062,2,2,0,0,0,6,6,103,2730,8,5,2011,1,10,33,0,13,2,US-19,34TH STREET,99998,27.77011111,-82.679350000,0,12,6,0,2,2,1,0,1,1,0,1,0,0000000,99,99,99,99,99,99,0,0,0,1,0
12,121063,1,1,0,1,1,1,1,86,2220,10,5,2011,3,0,1,0,16,6,128TH STREET NW,,0,25.89144722,-80.218463890,0,8,0,0,1,1,1,0,3,10,0,10,0,0000000,99,99,99,99,88,88,0,0,0,1,0
12,121064,2,2,0,0,0,2,2,15,0,11,5,2011,4,14,10,0,14,3,SR-31,BERMONT ROAD,99998,26.94589444,-81.760847220,0,12,6,0,2,2,1,0,1,1,0,1,0,0000000,99,99,99,99,99,99,0,0,0,1,0
12,121065,1,1,0,0,0,1,1,11,2876,12,5,2011,5,23,5,0,14,4,GRIFFIN RD,,99998,26.06173889,-80.399177780,0,33,0,0,1,1,3,0,2,1,0,1,0,0000000,99,99,99,99,99,99,0,0,0,1,1
12,121066,2,1,1,0,0,1,1,101,2180,20,5,2011,6,16,21,0,16,6,CECELIA DRIVE,ACKERMAN STREET,0,28.23160278,-82.709800000,0,14,0,0,2,3,5,0,1,1,0,1,0,0000000,99,99,99,99,99,99,0,0,0,1,1
12,121067,1,1,0,0,0,2,2,86,0,29,5,2011,1,22,7,0,6,4,SW 127TH COURT,,0,25.75306667,-80.401636110,0,5,0,0,1,1,1,0,2,1,0,1,0,0000000,99,99,99,99,88,88,0,0,0,1,1
12,121068,2,2,0,0,0,2,2,73,2940,7,6,2011,3,11,5,0,3,3,SR-20,,99998,30.43192222,-84.321194440,0,12,2,0,1,1,1,0,1,1,0,1,0,0000000,99,99,99,99,99,99,0,0,0,1,0
12,121069,2,2,0,0,0,2,2,131,0,10,6,2011,6,16,10,1,2,2,US-331,,99998,30.46570278,-86.130744440,0,12,2,0,1,1,1,0,1,1,0,1,0,0000000,99,99,99,99,99,99,0,0,0,1,1
12,121070,3,3,0,0,0,5,5,101,0,22,6,2011,4,17,42,1,13,2,US-19,,99998,28.33608056,-82.699038890,0,12,1,0,1,1,1,0,1,1,0,1,0,0000000,99,99,99,99,88,88,0,0,0,1,0
12,121071,2,2,0,0,0,2,2,11,0,23,6,2011,5,1,18,1,11,1,I-75,,99998,26.06268056,-80.350480560,0,12,2,0,1,1,1,0,3,1,0,1,0,0000000,99,99,99,99,88,88,0,0,0,2,1
12,121072,1,1,0,0,0,3,3,101,0,25,6,2011,7,3,50,0,16,6,BLOSSOM LAKE DR,,0,28.17332500,-82.757619440,0,59,0,0,1,1,4,0,2,2,0,2,0,0000000,3,54,4,0,99,99,0,0,0,1,1
12,121073,1,1,0,0,0,2,2,63,0,26,6,2011,1,2,30,0,3,2,US-90,,99998,30.71865278,-84.977094440,0,42,0,0,1,1,4,0,2,1,0,1,0,0000000,99,99,99,99,99,99,0,0,0,1,1
12,121074,2,2,0,0,0,2,2,53,0,28,6,2011,3,3,18,0,6,4,SEALAWN DRIVE,SEAVIEW DRIVE,0,28.47806944,-82.606572220,0,12,6,0,2,3,1,0,2,1,0,1,0,0000000,99,99,3,24,88,88,0,0,0,1,0
12,121075,2,2,0,0,0,2,2,5,2451,29,6,2011,4,17,30,1,2,2,US-98,POWELL ADAMS,99998,30.22086111,-85.865963890,0,12,6,0,2,3,1,0,1,1,0,1,0,0000000,99,99,99,99,99,99,0,0,0,1,0
12,121076,2,2,0,0,0,4,4,119,0,30,6,2011,5,12,48,0,6,4,TAMARIND GROVE RUN,ST CHARLES PLACE,0,28.87805556,-82.008227780,0,12,6,0,2,2,1,0,1,10,0,10,0,0000000,99,99,99,99,99,99,0,0,0,1,0
12,121077,1,1,0,0,0,1,1,11,1420,30,6,2011,5,4,5,1,11,1,I-95,SR-822,99998,26.03336944,-80.163577780,0,33,0,1,3,3,3,0,3,1,0,1,0,0000000,99,99,99,99,99,99,0,0,0,1,1
12,121078,2,2,0,0,0,2,2,105,2140,1,7,2011,6,12,0,0,3,3,SR-60,DR MLK JR,99998,27.89141667,-81.827266670,0,12,6,0,2,2,1,0,1,1,0,1,0,0000000,99,99,99,99,99,99,0,0,0,1,0
12,121079,1,1,0,0,0,2,2,127,2580,2,7,2011,7,20,51,0,13,3,SR-421,SPRUCE CREEK ROAD,99998,29.13866111,-80.997200000,0,5,0,0,2,2,1,0,3,10,0,10,0,0000000,99,99,99,99,88,88,0,0,0,1,1
12,121080,1,1,0,1,1,1,1,131,0,2,7,2011,7,8,30,1,2,2,US-98,,99998,30.35742222,-86.144444440,0,9,0,0,1,1,2,0,1,1,0,1,0,0000000,99,99,99,99,99,99,0,0,0,1,0
12,121081,1,1,0,0,0,2,2,83,0,3,7,2011,1,1,0,0,6,4,SW 93RD AVENUE,SW 66TH LOOP,0,29.11778056,-82.273966670,0,5,0,0,2,2,1,0,3,1,0,1,0,0000000,99,99,99,99,99,99,0,0,0,1,1
12,121083,1,1,0,0,0,8,8,97,0,3,7,2011,1,19,19,1,2,3,SR-91,,99998,27.85369722,-81.008105560,0,1,0,0,1,1,3,0,9,1,0,1,0,0000000,99,99,99,99,99,99,0,0,0,2,0
12,121084,2,2,0,0,0,2,2,115,0,3,7,2011,1,7,45,1,11,1,I-75,,99998,27.33760278,-82.446586110,0,1,0,0,1,1,1,0,1,1,0,1,0,0000000,99,99,99,99,88,88,0,0,0,1,0
12,121085,1,1,0,1,1,1,1,11,0,3,7,2011,1,14,47,0,13,3,SR-838,SUNRISE BLVD,99998,26.13644167,-80.186508330,0,9,0,0,3,2,1,0,1,1,0,1,0,0000000,99,99,99,99,99,99,0,0,0,1,0
12,121086,1,1,0,1,1,1,1,86,0,4,7,2011,2,22,43,0,14,3,SR-860,NW 18TH AVENUE,99998,25.94589722,-80.164919440,0,8,0,0,3,2,1,0,3,1,0,1,0,0000000,99,99,99,99,88,88,0,0,0,1,0
12,121087,1,1,0,1,1,1,1,95,0,6,7,2011,4,3,10,0,6,4,WETHERBEE ROAD,SAWGRASS PLANTATION,0,28.39295278,-81.342911110,0,8,0,0,2,3,1,0,2,1,0,1,0,0000000,99,99,99,99,88,88,0,0,0,1,0
12,121088,1,1,0,1,1,1,1,101,0,6,7,2011,4,4,30,0,6,4,CR-595,,0,28.22145000,-82.723025000,0,8,0,0,1,1,1,0,2,10,0,10,0,0000000,4,36,4,43,88,88,0,0,0,1,0
12,121089,1,1,0,1,1,1,1,61,0,8,7,2011,6,23,30,0,15,6,W 49TH STREET,34TH STREET,99998,27.68260278,-80.421511110,0,8,0,0,3,3,1,0,2,1,0,1,0,0000000,99,99,99,99,88,88,0,0,0,1,0
12,121090,1,1,0,1,1,2,2,91,0,8,7,2011,6,23,50,1,13,3,SR-85,,99998,30.43960556,-86.599766670,0,8,0,0,1,1,1,0,2,1,0,1,0,0000000,99,99,99,99,88,88,0,0,0,1,0
12,121091,1,1,0,0,0,1,1,131,0,8,7,2011,6,14,20,1,1,1,I-10,,99998,30.69262222,-86.013980560,0,42,0,0,1,1,3,0,1,2,0,2,0,0000000,99,99,99,99,99,99,0,0,0,1,0
12,121092,1,1,0,1,1,2,2,95,0,9,7,2011,7,0,19,0,14,3,SR-551,,99998,28.58415556,-81.286402780,0,8,0,0,1,1,4,0,3,1,0,1,0,0000000,99,99,99,99,99,99,0,0,0,1,1
12,121093,2,2,0,0,0,2,2,95,2360,10,7,2011,1,12,0,0,14,4,IVEY LANE,CLARINDA STREET,99998,28.54307500,-81.434419440,0,12,6,1,2,3,1,0,1,1,0,1,0,0000000,99,99,99,99,99,99,0,0,0,1,0
12,121094,2,2,0,0,0,3,3,86,0,10,7,2011,1,23,30,0,13,2,US-41,SR-821,99998,25.76106111,-80.387100000,0,12,6,1,2,3,1,0,3,10,0,10,0,0000000,99,99,99,99,99,99,0,0,0,2,1
12,121095,1,1,0,0,0,4,4,57,2950,12,7,2011,3,0,57,1,11,1,I-275,,99998,27.95654722,-82.499419440,0,38,0,1,5,1,3,0,3,1,0,1,0,0000000,99,99,99,99,99,99,0,0,0,1,1
12,121096,1,1,0,0,0,2,2,63,0,13,7,2011,4,8,30,1,2,2,US-231,,99998,30.75528889,-85.381061110,0,1,0,0,1,1,3,0,1,1,0,1,0,0000000,99,99,99,99,88,88,0,0,0,2,0
12,121097,1,1,0,0,0,1,1,109,0,13,7,2011,4,16,20,1,1,1,I-95,,99998,29.95213611,-81.440930560,0,32,0,0,1,1,4,0,1,10,0,10,0,0000000,99,99,99,99,88,88,0,0,0,1,0
12,121098,2,2,0,0,0,7,7,95,0,13,7,2011,4,17,10,0,13,2,US-441,,99998,28.69945833,-81.572080560,0,12,1,0,1,1,1,0,1,1,0,1,0,0000000,99,99,99,99,99,99,0,0,0,1,0
12,121099,1,1,0,0,0,2,2,51,0,13,7,2011,4,17,0,0,6,4,CR-78,,0,26.72572500,-81.535725000,0,31,0,0,1,1,4,0,1,1,0,1,0,0000000,99,99,99,99,99,99,0,0,0,1,0
12,121100,2,2,0,0,0,2,2,133,0,13,7,2011,4,17,20,0,6,4,WASHINGTON BLVD,,0,30.74508056,-85.466269440,0,12,6,0,1,1,1,0,1,1,0,1,0,0000000,99,99,99,99,99,99,0,0,0,1,0
12,121102,1,1,0,0,0,1,1,83,0,15,7,2011,6,20,15,0,6,4,60TH AVENUE,,0,29.18788889,-82.072813890,0,30,0,0,1,1,4,0,5,1,0,1,0,0000000,99,99,99,99,88,88,0,0,0,1,1
12,121103,2,2,0,0,0,3,3,31,1510,15,7,2011,6,0,37,1,11,1,I-95,,99998,30.30137222,-81.640430560,0,39,0,0,1,1,3,0,3,1,0,1,0,0000000,99,99,99,99,88,88,0,0,0,1,1
12,121104,1,1,0,0,0,1,1,31,1510,15,7,2011,6,17,43,1,11,1,I-10,,99998,30.31522778,-81.775461110,0,18,0,0,1,1,4,0,1,2,0,2,0,0000000,99,99,99,99,99,99,0,0,0,1,1
12,121105,2,2,0,0,0,2,2,95,0,15,7,2011,6,15,45,0,6,4,ONDICH ROAD,,0,28.77146389,-81.567600000,0,12,2,0,1,1,1,0,1,10,0,10,0,0000000,99,99,99,99,99,99,0,0,0,1,1
12,121106,1,1,0,0,0,1,1,115,2235,15,7,2011,6,8,40,1,1,1,I-75,,99998,27.07058611,-82.096580560,0,42,0,0,1,1,4,0,1,1,0,1,0,0000000,99,99,99,99,88,88,0,0,0,1,0
12,121107,1,1,0,0,0,1,1,86,0,15,7,2011,6,15,33,1,12,3,SR-836,,99998,25.77566944,-80.383822220,0,24,0,0,1,1,3,0,1,1,0,1,0,0000000,99,99,99,99,88,88,0,0,0,1,0
12,121108,1,1,0,1,1,2,2,33,0,15,7,2011,6,21,10,0,14,3,SR-292,,99998,30.38860000,-87.273875000,0,8,0,0,1,1,1,0,3,10,0,10,0,0000000,99,99,99,99,99,99,0,0,0,1,0
12,121109,2,1,1,1,1,1,1,63,0,15,7,2011,6,10,30,1,1,1,I-10,,99998,30.67669722,-85.079738890,0,8,0,0,1,1,4,0,1,2,0,2,0,0000000,99,99,99,99,99,99,0,0,0,1,0
12,121110,2,2,0,0,0,3,3,95,0,16,7,2011,7,16,20,0,6,4,CR-15,EMERSON LAKE BLVD,0,28.37285278,-81.244497220,0,12,6,0,2,2,1,1,1,1,0,1,0,0000000,99,99,99,99,88,88,0,0,0,1,0
12,121111,2,2,0,0,0,2,2,99,1760,16,7,2011,7,1,50,1,11,1,I-95,,99998,26.59541944,-80.068802780,0,12,1,0,1,1,1,0,3,1,0,1,0,0000000,99,99,99,99,88,88,0,0,0,1,1
12,121112,1,1,0,1,1,1,1,115,0,16,7,2011,7,2,9,0,6,4,CR-610,,0,27.38567222,-82.539269440,0,8,0,0,1,1,1,0,2,10,0,10,0,0000000,99,99,99,99,99,99,0,0,0,1,0
12,121113,1,1,0,0,0,2,2,131,0,16,7,2011,7,22,0,1,1,1,I-10,,99998,30.70019444,-86.122455560,0,42,0,0,1,1,3,0,2,2,0,2,0,0000000,99,99,99,99,99,99,0,0,0,1,0
12,121114,1,1,0,0,0,4,4,95,0,17,7,2011,1,19,10,0,6,4,TOWN CENTER BLVD,,0,28.36788889,-81.411811110,0,42,0,0,1,1,3,0,5,1,0,1,0,0000000,99,99,99,99,99,99,0,0,0,1,0
12,121115,3,3,0,0,0,4,4,81,0,17,7,2011,1,18,50,0,13,2,US-301,WHITFIELD AVENUE,99998,27.41832222,-82.533094440,0,12,6,0,2,2,1,0,1,10,0,10,0,0000000,99,99,99,99,99,99,0,0,0,1,0
12,121116,2,2,0,0,0,7,7,83,0,20,7,2011,4,13,45,0,2,3,SR-200,CR-484,99998,29.05338889,-82.283008330,0,12,6,0,2,2,1,0,1,1,0,1,0,0000000,99,99,99,99,99,99,0,0,0,1,0
12,121117,1,1,0,0,0,1,1,57,0,21,7,2011,5,0,34,0,6,4,PROVIDENCE ROAD,,0,27.89150000,-82.318533330,0,33,0,0,1,1,4,0,2,1,0,1,0,0000000,99,99,99,99,88,88,0,0,0,1,1
12,121118,1,1,0,0,0,2,2,111,0,21,7,2011,5,22,50,0,6,4,CHRISTENSEN ROAD,,0,27.38837500,-80.358358330,0,43,0,0,1,1,5,0,2,1,0,1,0,0000000,99,99,99,99,99,99,0,0,0,1,1
12,121119,1,1,0,1,1,2,2,97,0,24,7,2011,1,9,31,0,16,6,CR OFF,PINE GROVE ROAD,0,28.26858889,-81.194561110,0,8,0,1,2,2,1,0,1,1,0,1,0,0000000,99,99,99,99,99,99,0,0,0,1,0
12,121120,2,2,0,0,0,2,2,57,0,24,7,2011,1,15,34,0,13,2,US-301,PALM RIVER ROAD,99998,27.94070556,-82.353366670,0,12,6,1,2,2,1,0,1,1,0,1,0,0000000,99,99,99,99,99,99,0,0,0,1,0
12,121121,2,2,0,0,0,5,5,113,0,26,7,2011,3,15,35,1,13,2,US-98,CR-191,99998,30.39731111,-87.015194440,0,12,6,1,2,3,1,0,1,10,0,10,0,0000000,99,99,99,99,99,99,0,0,0,1,0
12,121122,1,1,0,1,1,1,1,83,0,9,7,2011,7,2,45,1,11,1,I-75,,99998,29.07693056,-82.183936110,0,8,0,0,1,1,1,0,2,10,0,10,0,0000000,99,99,99,99,88,88,0,0,0,1,0
12,121123,1,1,0,0,0,1,1,105,1270,5,2,2011,7,0,0,1,13,2,US-27,,99998,28.14229444,-81.637280560,0,34,0,0,1,1,4,0,2,2,0,2,0,0000000,99,99,99,99,88,88,0,0,0,1,1
12,121124,1,1,0,1,1,1,1,86,0,21,3,2011,2,18,10,0,6,4,131ST PLACE,14TH STREET,0,25.75516111,-80.408141670,0,9,0,0,2,3,1,0,1,1,0,1,0,0000000,99,99,99,99,99,99,0,0,0,1,0
12,121125,2,2,0,0,0,4,4,9,1990,12,5,2011,5,15,49,0,16,6,WICKHAM ROAD,PARKWAY DRIVE,0,28.15758056,-80.671947220,0,12,2,0,2,2,1,0,1,1,0,1,0,0000000,99,99,99,99,99,99,0,0,0,1,0
12,121126,2,2,0,0,0,4,4,19,2350,9,6,2011,5,9,55,0,13,2,US-17,MILWAUKEE AVENUE,99998,30.16283889,-81.701038890,0,12,6,0,2,2,1,0,1,1,0,1,0,0000000,99,99,99,99,99,99,0,0,0,1,0
12,121127,1,1,0,0,0,5,5,105,0,25,6,2011,7,12,0,0,6,4,ALTURAS BABSON PARK,,0,27.84093611,-81.614180560,0,42,0,0,1,1,4,0,1,2,0,2,0,0000000,99,99,99,99,99,99,0,0,0,1,0
12,121128,2,2,0,0,0,2,2,19,0,3,7,2011,1,19,40,0,6,4,EVERETT AVENUE,PINETREE LANE,0,30.18261944,-81.739330560,0,12,6,0,2,3,1,0,1,10,0,10,0,0000000,99,99,99,99,88,88,0,0,0,1,1
12,121129,1,1,0,1,1,2,2,117,30,4,7,2011,2,0,0,0,13,3,SR-436,DOUGLAS AVENUE,99998,28.66202778,-81.390463890,0,8,0,0,3,2,1,0,3,1,0,1,0,0000000,99,99,99,99,99,99,0,0,0,1,0
12,121130,1,1,0,2,2,1,1,3,1860,11,7,2011,2,7,15,0,14,3,SR-121,,99998,30.27423889,-82.122300000,0,8,0,0,1,1,1,0,1,10,0,10,0,0000000,99,99,99,99,99,99,0,0,0,1,0
12,121131,1,1,0,0,0,1,1,107,0,11,7,2011,2,19,50,0,6,4,CR-309,,0,29.46333333,-81.655416670,0,34,0,0,1,1,4,0,5,1,0,1,0,0000000,99,99,99,99,88,88,0,0,0,1,1
12,121132,2,2,0,0,0,2,2,105,1690,13,7,2011,4,2,24,0,14,3,SR-35,GEORGE JENKINS BLVD,99998,28.04336944,-81.972866670,0,12,6,0,2,2,1,0,3,1,0,1,0,0000000,99,99,99,99,88,88,0,0,0,1,1
12,121133,1,1,0,0,0,1,1,97,1590,14,7,2011,5,21,30,0,16,6,LATIMER DRIVE,,0,28.31302500,-81.358738890,0,1,0,0,1,1,1,0,3,1,0,1,0,0000000,99,99,99,99,99,99,0,0,0,1,1
12,121134,2,2,0,0,0,5,5,89,0,15,7,2011,6,18,45,0,3,2,US-90,,99998,30.29367500,-82.047544440,0,12,6,0,1,1,1,0,1,10,0,10,0,0000000,99,99,99,99,99,99,0,0,0,1,0
12,121135,2,2,0,0,0,3,3,31,1510,15,7,2011,6,22,56,1,11,1,I-95,,99998,30.11544167,-81.515194440,0,12,9,0,1,1,1,0,2,10,0,10,0,0000000,99,99,99,99,99,99,0,0,0,1,1
12,121136,2,2,0,0,0,2,2,86,0,17,7,2011,1,17,14,1,2,3,SR-997,,99998,25.56171389,-80.478202780,0,12,6,0,1,1,1,0,1,2,0,2,0,0000000,99,99,99,99,99,99,0,0,0,1,1
12,121137,2,2,0,0,0,2,2,11,2570,17,7,2011,1,5,0,1,11,1,I-95,,99998,26.27488889,-80.125600000,0,12,1,0,1,1,1,0,3,1,0,1,0,0000000,99,99,99,99,88,88,0,0,0,1,1
12,121138,2,2,0,0,0,2,2,9,1990,25,7,2011,2,14,30,0,13,2,US-1,,99998,28.16338056,-80.642919440,0,12,1,0,1,1,1,0,1,1,0,1,0,0000000,99,99,99,99,99,99,0,0,0,1,0
12,121139,2,2,0,0,0,2,2,95,0,17,7,2011,1,1,3,0,13,2,US-17,TROPICAL DRIVE,99998,28.48739167,-81.396800000,0,12,1,0,3,3,1,0,3,1,0,1,0,0000000,99,99,99,99,99,99,0,0,0,1,0
12,121140,1,1,0,0,0,2,2,19,0,19,7,2011,3,23,10,0,16,6,CR-209,,0,30.10831111,-81.813133330,0,38,0,0,1,1,4,0,2,1,0,1,0,0000000,99,99,99,99,99,99,0,0,0,1,1
12,121141,2,1,1,0,0,1,1,73,0,19,7,2011,3,3,45,0,6,4,NORTH MISSION ROAD,,0,30.49389722,-84.344538890,0,42,0,0,1,1,4,0,2,1,0,1,0,0000000,99,99,99,99,88,88,0,0,0,1,1
12,121142,1,1,0,0,0,1,1,31,1510,20,7,2011,4,3,40,1,11,1,I-295,,99998,30.34076944,-81.541830560,0,21,0,0,1,1,4,0,3,10,0,10,0,0000000,99,99,99,99,88,88,0,0,0,1,0
12,121144,2,2,0,0,0,3,3,95,0,22,7,2011,6,18,5,0,13,3,SR-50,CR-419,99998,28.56070000,-81.129594440,0,12,6,0,2,2,1,0,1,2,0,2,0,0000000,99,99,99,99,99,99,0,0,0,1,0
12,121145,2,2,0,0,0,3,3,83,0,23,7,2011,7,5,30,1,2,3,SR-40,,99998,29.18967500,-81.907266670,0,12,2,0,1,1,1,0,2,1,0,1,0,0000000,99,99,99,99,99,99,0,0,0,2,1
12,121146,1,1,0,0,0,1,1,86,0,24,7,2011,1,23,15,1,11,3,SR-821,,99998,25.77717222,-80.388963890,0,1,0,1,18,1,1,0,2,1,0,1,0,0000000,99,99,99,99,88,88,0,0,0,1,0
12,121147,2,2,0,0,0,3,3,95,0,24,7,2011,1,13,16,0,6,4,TREVARTHON ROAD,,0,28.57919722,-81.266841670,0,1,0,0,8,1,1,0,1,1,0,1,0,0000000,99,99,99,99,88,88,0,0,0,1,0
12,121148,1,1,0,0,0,1,1,105,1270,25,7,2011,2,17,1,0,16,6,CR-544,,0,28.08332222,-81.589186110,0,42,0,0,1,1,4,0,1,1,0,1,0,0000000,99,99,99,99,88,88,0,0,0,1,1
12,121149,1,1,0,1,1,1,1,95,0,25,7,2011,2,15,23,0,13,2,US-17,,99998,28.47986389,-81.396708330,0,8,0,0,1,1,1,0,1,1,0,1,0,0000000,15,26,15,29,99,99,0,0,0,1,0
12,121150,1,1,0,0,0,1,1,57,0,26,7,2011,3,13,10,1,1,1,I-75,,99998,27.85025278,-82.356875000,0,25,0,0,1,1,3,0,1,10,0,10,0,0000000,99,99,99,99,88,88,0,0,0,1,1
12,121151,2,2,0,0,0,3,3,86,2930,26,7,2011,3,7,58,0,13,2,US-41,SR-821,99998,25.76089444,-80.382066670,0,12,2,0,2,3,1,0,1,1,0,1,0,0000000,99,99,99,99,99,99,0,0,0,1,0
12,121152,1,1,0,1,1,1,1,53,0,28,7,2011,5,10,13,0,6,4,CR-574,SPRING PARK WAY,0,28.48173889,-82.477744440,0,8,0,0,2,2,1,0,1,1,0,1,0,0000000,10,13,10,23,99,99,0,0,0,1,0
12,121153,1,1,0,0,0,4,4,9,0,28,7,2011,5,23,50,1,11,1,I-95,,99998,28.39466944,-80.815905560,0,18,0,0,1,1,4,0,2,1,0,1,0,0000000,99,99,99,99,99,99,0,0,0,2,1
12,121154,1,1,0,1,1,2,2,95,0,29,7,2011,6,18,44,0,6,4,AVALON PARK BL,WATERFORD CHASE PKWY,0,28.54846944,-81.163158330,0,9,0,1,3,2,1,0,1,10,0,10,0,0000000,18,45,18,55,99,99,0,0,0,1,0
12,121155,1,1,0,1,1,4,4,33,0,30,7,2011,7,20,12,0,6,4,WEST STREET,,0,30.45974167,-87.251155560,0,8,0,0,1,1,1,0,2,1,0,1,0,0000000,99,99,99,99,99,99,0,0,0,1,0
12,121156,2,2,0,0,0,4,4,57,2950,30,1,2011,1,0,35,0,14,3,SR-45,,99998,27.98047778,-82.451188890,0,12,2,0,1,1,1,0,3,1,0,1,0,0000000,99,99,99,99,99,99,0,0,0,1,0
12,121157,1,1,0,1,1,1,1,11,790,2,2,2011,4,15,24,0,13,3,SR-810,,99998,26.31831111,-80.110516670,0,9,0,0,4,1,1,0,1,1,0,1,0,0000000,99,99,99,99,99,99,0,0,0,1,0
12,121158,1,1,0,1,1,1,1,86,0,4,2,2011,6,20,26,9,99,9,BUSWAY,,99998,25.54193889,-80.406077780,0,9,0,0,1,1,1,0,3,1,0,1,0,0000000,99,99,99,99,88,88,0,0,0,1,0
12,121159,1,1,0,1,1,1,1,105,0,4,2,2011,6,15,40,0,3,3,SR-659,IDLEWILDE STREET,99998,28.06247778,-81.908091670,0,15,0,0,2,2,1,0,1,1,0,1,0,0000000,99,99,99,99,99,99,0,0,0,1,0
12,121160,2,2,0,0,0,4,4,11,760,6,2,2011,1,19,4,0,14,3,SR-A1A,FRONTON BOULEVARD,99998,26.05254444,-80.138552780,0,12,1,0,2,2,1,0,3,1,0,1,0,0000000,99,99,99,99,99,99,0,0,0,1,1
12,121161,1,1,0,0,0,1,1,53,390,2,3,2011,4,15,52,0,13,2,US-98,,99998,28.54736111,-82.380783330,0,59,0,0,1,1,4,0,1,1,0,1,0,0000000,99,99,99,99,99,99,0,0,0,1,0
12,121162,2,2,0,0,0,3,3,105,1690,20,3,2011,1,0,30,0,13,2,US-92,,99998,28.03962500,-82.001680560,0,12,6,0,8,1,1,0,3,1,0,1,0,0000000,99,99,99,99,99,99,0,0,0,1,1
12,121163,1,1,0,1,1,1,1,103,1770,5,4,2011,3,22,4,0,3,3,SR-686,US-19,99998,27.89369444,-82.721900000,0,9,0,1,3,2,1,0,3,1,0,1,0,0000000,99,99,99,99,99,99,0,0,0,1,0
12,121164,1,1,0,1,1,1,1,53,0,10,4,2011,1,15,16,1,13,2,US-19,,99998,28.47507778,-82.499280560,0,9,0,0,1,1,1,0,1,1,0,1,0,0000000,99,99,99,99,88,88,0,0,0,1,0
12,121165,1,1,0,0,0,2,2,71,0,17,4,2011,1,17,49,0,6,4,SOUTH SEAS BLVD,MAI KAI LANE,0,26.38056111,-81.829219440,0,33,0,0,2,2,4,0,1,1,0,1,0,0000000,99,99,99,99,99,99,0,0,0,1,1
12,121166,1,1,0,1,1,1,1,71,0,6,5,2011,6,17,35,0,16,6,GRAY AVE,,0,26.57128056,-81.591608330,0,8,0,0,8,1,1,0,1,1,0,1,0,0000000,99,99,99,99,99,99,0,0,0,1,0
12,121167,2,2,0,0,0,2,2,86,1440,8,5,2011,1,8,50,1,13,2,US-1,NE 6TH AVE,99998,25.47251389,-80.468944440,0,12,6,0,2,2,1,0,1,1,0,1,0,0000000,99,99,99,99,99,99,0,0,0,1,0
12,121168,1,1,0,0,0,1,1,9,2424,14,5,2011,7,17,12,0,16,6,SE EMERSON DRIVE,SE WACO BLVD,0,27.96741667,-80.648616670,0,33,0,0,2,2,4,0,1,1,0,1,0,0000000,99,99,99,99,88,88,0,0,0,1,0