STATE,ST_CASE,VE_TOTAL,VE_FORMS,PVH_INVL,PEDS,PERNOTMVIT,PERMVIT,PERSONS,COUNTY,CITY,DAY,MONTH,YEAR,DAY_WEEK,HOUR,MINUTE,NHS,ROAD_FNC,ROUTE,TWAY_ID,TWAY_ID2,MILEPT,LATITUDE,LONGITUD,SP_JUR,HARM_EV,MAN_COLL,RELJCT1,RELJCT2,TYP_INT,REL_ROAD,WRK_ZONE,LGT_COND,WEATHER1,WEATHER2,WEATHER,SCH_BUS,RAIL,NOT_HOUR,NOT_MIN,ARR_HOUR,ARR_MIN,HOSP_HR,HOSP_MN,CF1,CF2,CF3,FATALS,DRUNK_DR
12,121169,1,1,0,0,0,1,1,71,457,23,5,2011,2,2,10,0,16,6,4000 CORONADO PKWY,,0,26.57601667,-81.946141670,0,33,0,0,1,1,3,0,3,1,0,1,0,0000000,99,99,99,99,88,88,0,0,0,1,1
12,121170,2,2,0,0,0,3,3,73,2940,23,5,2011,2,10,35,0,6,4,ROSS ROAD,,0,30.38153056,-84.274375000,0,12,2,0,1,1,1,0,1,1,0,1,0,0000000,99,99,99,99,99,99,0,0,0,1,0
12,121171,2,1,1,0,0,1,1,127,2850,24,5,2011,3,7,4,0,16,6,ANASTASIA ROAD,,0,29.16243056,-81.002644440,0,53,0,0,1,1,4,0,1,1,0,1,0,0000000,99,99,99,99,88,88,0,0,0,1,0
12,121172,1,1,0,1,1,1,1,86,0,29,5,2011,1,20,20,0,16,6,95TH STREET,20TH AVENUE,0,25.86104444,-80.230827780,0,8,0,0,2,2,1,0,5,1,0,1,0,0000000,99,99,99,99,88,88,0,0,0,1,0
12,121173,1,1,0,0,0,2,2,31,1510,30,5,2011,2,9,53,0,16,6,OLD KINGS ROAD,,0,30.38860833,-81.750844440,0,1,0,0,1,1,4,0,1,1,0,1,0,0000000,99,99,99,99,99,99,0,0,0,1,0
12,121174,1,1,0,0,0,2,2,31,1510,3,6,2011,6,22,47,0,14,3,SR-115,,99998,30.42090278,-81.696575000,0,30,0,0,1,1,4,0,3,1,0,1,0,0000000,99,99,99,99,99,99,0,0,0,1,1
12,121175,1,1,0,0,0,1,1,99,0,5,6,2011,1,3,20,0,6,4,STUMPER'S GRADE RD,,0,26.75051667,-80.307525000,0,42,0,0,1,1,4,0,2,1,0,1,0,0000000,99,99,99,99,88,88,0,0,0,1,1
12,121176,3,3,0,0,0,5,5,105,1690,7,6,2011,3,17,25,0,16,6,LAKELAND HIGHLAND RD,GLENDALE STREET,0,28.00761111,-81.924272220,0,12,6,0,2,3,1,0,1,1,0,1,0,0000000,99,99,99,99,99,99,0,0,0,1,0
12,121177,2,2,0,0,0,2,2,11,771,8,6,2011,4,17,15,0,16,6,UNIVERSITY DRIVE,,0,26.05685833,-80.251888890,0,12,7,0,1,1,1,0,1,1,0,1,0,0000000,99,99,99,99,99,99,0,0,0,1,1
12,121178,2,2,0,0,0,3,3,99,3147,9,6,2011,5,23,11,0,13,2,US-441,FOREST HILL BLVD,99998,26.65061389,-80.203561110,0,12,1,0,2,2,1,0,3,10,0,10,0,0000000,99,99,99,99,99,99,0,0,0,1,1
12,121179,1,1,0,0,0,3,3,31,1510,9,6,2011,5,22,30,0,16,6,E CLYDESDALE DRIVE,,0,30.18312778,-81.588361110,0,34,0,0,1,1,4,0,2,1,0,1,0,0000000,99,99,99,99,99,99,0,0,0,1,1
12,121180,2,2,0,0,0,3,3,31,0,11,6,2011,7,20,0,1,14,3,SR-A1A,,99998,30.26952222,-81.388608330,0,12,6,0,8,1,1,0,3,1,0,1,0,0000000,99,99,99,99,99,99,0,0,0,1,0
12,121181,2,2,0,0,0,2,2,11,771,12,6,2011,1,12,57,0,3,3,SR-7,ORANGE DRIVE,99998,26.06654722,-80.208072220,0,12,6,0,2,2,1,0,1,1,0,1,0,0000000,99,99,99,99,99,99,0,0,0,1,1
12,121182,1,1,0,0,0,1,1,99,1190,15,6,2011,4,23,52,0,6,4,S JOG ROAD,,0,26.64221667,-80.145552780,0,42,0,0,1,1,3,0,3,1,0,1,0,0000000,99,99,99,99,99,99,0,0,0,1,0
12,121183,1,1,0,1,1,1,1,127,780,15,6,2011,4,22,49,0,14,3,SR-483,,99998,29.19368333,-81.052319440,0,8,0,0,8,1,1,0,3,5,0,5,0,0000000,99,99,99,99,99,99,0,0,0,1,0
12,121184,2,2,0,0,0,2,2,11,1420,23,6,2011,5,17,27,0,16,6,JOHNSON STREET,,0,26.01765556,-80.206155560,0,12,6,0,8,1,1,0,1,1,0,1,0,0000000,99,99,99,99,99,99,0,0,0,1,0
12,121185,1,1,0,0,0,2,2,1,1130,24,6,2011,6,2,18,0,3,3,SR-121 NORTH,,99998,29.75757778,-82.357538890,0,32,0,0,1,1,4,0,2,1,0,1,0,0000000,99,99,99,99,99,99,0,0,0,2,1
12,121186,2,2,0,0,0,2,2,86,2930,28,6,2011,3,10,19,0,16,6,117TH AVENUE,25TH STREET,0,25.79677222,-80.385072220,0,12,6,0,2,2,1,0,1,10,0,10,0,0000000,99,99,99,99,88,88,0,0,0,1,0
12,121187,2,2,0,0,0,5,5,31,1510,30,6,2011,5,15,20,0,16,6,ELLIS ROAD,5TH STREET,0,30.34325000,-81.743666670,0,12,6,0,2,2,1,0,1,2,0,2,0,0000000,99,99,99,99,99,99,0,0,0,1,0
12,121188,2,2,0,0,0,3,3,31,1510,3,7,2011,1,10,12,0,16,6,OLD KINGS ROAD,SAN CLERC ROAD,0,30.22634444,-81.594891670,0,12,2,0,2,3,1,0,1,1,0,1,0,0000000,99,99,99,99,99,99,0,0,0,1,0
12,121189,1,1,0,0,0,1,1,101,0,3,7,2011,1,4,16,0,3,2,US-41,,99998,28.40476389,-82.478038890,0,38,0,0,1,1,4,0,2,1,0,1,0,0000000,99,99,99,99,99,99,20,0,0,1,0
12,121190,1,1,0,0,0,1,1,55,2800,7,7,2011,5,14,44,1,2,2,US-27,CALADIUM ROW,99998,27.46046944,-81.429561110,0,1,0,0,3,3,1,0,1,2,0,2,0,0000000,99,99,99,99,88,88,0,0,0,1,0
12,121191,2,2,0,0,0,5,5,103,2730,13,7,2011,4,23,25,0,16,6,1ST AVENUE NORTH,11TH STREET,0,27.77199444,-82.649758330,0,12,6,0,2,2,1,0,3,1,0,1,0,0000000,99,99,99,99,99,99,20,0,0,1,0
12,121192,1,1,0,1,1,1,1,86,2010,14,7,2011,5,20,50,0,13,2,US-41,,99998,25.76565000,-80.221894440,0,8,0,0,1,1,1,0,3,1,0,1,0,0000000,99,99,99,99,99,99,0,0,0,1,0
12,121193,2,2,0,0,0,2,2,127,2850,14,7,2011,5,16,5,0,6,4,REED CANAL ROAD,,0,29.15832500,-81.010286110,0,12,2,0,1,1,1,0,1,2,0,2,0,0000000,99,99,99,99,99,99,0,0,0,1,0
12,121194,2,2,0,0,0,3,3,85,0,19,7,2011,3,14,5,0,6,4,SW CITRUS BLVD,,0,27.19671667,-80.368302780,0,12,2,0,1,1,1,0,1,1,0,1,0,0000000,99,99,99,99,99,99,0,0,0,1,0
12,121195,1,1,0,0,0,1,1,71,0,23,7,2011,7,16,55,0,16,6,FREDERICK REID STREE,,0,26.56560833,-81.599652780,0,1,0,0,1,1,4,0,1,10,0,10,0,0000000,99,99,99,99,99,99,0,0,0,1,0
12,121196,1,1,0,1,1,1,1,86,1440,23,7,2011,7,2,57,1,13,3,SR-997,NW 2ND STREET,99998,25.47167778,-80.477388890,0,8,0,0,2,2,1,0,3,1,0,1,0,0000000,99,99,99,99,88,88,20,0,0,1,0
12,121197,1,1,0,0,0,2,2,69,1240,24,7,2011,1,22,43,0,3,3,SR-19,,99998,28.58045278,-81.855911110,0,1,0,0,1,1,1,0,2,1,0,1,0,0000000,99,99,99,99,99,99,0,0,0,1,1
12,121198,2,2,0,0,0,3,3,57,0,25,7,2011,2,11,30,0,3,3,SR-674,,99998,27.71240278,-82.280986110,0,12,1,0,1,1,1,0,1,1,0,1,0,0000000,99,99,99,99,88,88,0,0,0,2,0
12,121199,1,1,0,1,1,1,1,7,0,26,7,2011,3,10,10,0,14,3,SR-16,,99998,29.97083056,-82.121475000,0,9,0,0,1,1,2,0,1,10,0,10,0,0000000,99,99,99,99,99,99,0,0,0,1,0
12,121200,2,2,0,0,0,3,3,21,0,26,7,2011,3,13,20,0,6,4,CR-896,,0,26.21212222,-81.698563890,0,12,2,0,1,1,1,0,1,10,0,10,0,0000000,13,20,13,26,88,88,0,0,0,1,0
12,121201,1,1,0,0,0,1,1,95,2360,27,7,2011,4,0,0,0,16,6,MICHIGAN STREET,,0,28.51322778,-81.384466670,0,33,0,0,1,1,4,0,3,1,0,1,0,0000000,99,99,99,99,88,88,0,0,0,1,0
12,121202,2,2,0,0,0,2,2,1,0,27,7,2011,4,7,47,1,1,1,I-75,,99998,29.56673611,-82.348975000,0,12,7,0,1,1,1,0,1,10,0,10,0,0000000,99,99,99,99,88,88,0,0,0,1,0
12,121203,2,2,0,0,0,2,2,111,0,28,7,2011,5,14,30,1,11,1,I-95,,99998,27.47309444,-80.354819440,0,12,1,0,1,1,1,0,1,1,0,1,0,0000000,99,99,99,99,88,88,0,0,0,1,0
12,121204,1,1,0,0,0,5,5,105,0,28,7,2011,5,13,30,1,1,1,I-4,,99998,28.16388333,-81.778513890,0,1,0,0,1,1,4,0,1,1,0,1,0,0000000,99,99,99,99,99,99,0,0,0,2,0
12,121205,1,1,0,2,2,1,1,57,0,28,7,2011,5,21,9,0,13,2,US-301,BLOOMINGDALE AVENUE,99998,27.89383056,-82.337752780,0,9,0,0,2,2,1,0,3,10,0,10,0,0000000,99,99,99,99,88,88,0,0,0,1,0
12,121206,1,1,0,0,0,1,1,95,0,28,7,2011,5,2,33,0,6,4,CR-439,,0,28.44817222,-81.475975000,0,33,0,0,1,1,4,0,3,1,0,1,0,0000000,99,99,99,99,88,88,0,0,0,1,1
12,121207,1,1,0,1,1,1,1,97,0,28,7,2011,5,22,59,0,2,2,US-192,,99998,28.12736389,-80.980750000,0,8,0,0,1,1,1,0,2,1,0,1,0,0000000,99,99,99,99,88,88,0,0,0,1,0
12,121208,1,1,0,0,0,1,1,105,1690,28,7,2011,5,2,26,0,14,3,SR-539,,99998,28.06327222,-81.976055560,0,42,0,0,1,1,3,0,3,1,0,1,0,0000000,99,99,99,99,88,88,0,0,0,1,1
12,121209,2,2,0,0,0,3,3,1,0,29,7,2011,6,22,40,0,6,4,CR-241S,,0,29.57493333,-82.523788890,0,12,1,0,1,1,1,0,2,1,0,1,0,0000000,99,99,99,99,99,99,0,0,0,1,0
12,121210,2,2,0,0,0,2,2,1,0,29,7,2011,6,6,27,0,3,3,SR-121,,99998,29.57342778,-82.393061110,0,12,8,0,1,1,1,0,4,1,0,1,0,0000000,99,99,99,99,88,88,0,0,0,1,1
12,121211,1,1,0,0,0,4,4,61,0,29,7,2011,6,20,15,1,11,1,I-95,,99998,27.64390000,-80.519433330,0,1,0,0,1,1,3,0,5,1,0,1,0,0000000,99,99,99,99,99,99,0,0,0,1,0
12,121212,1,1,0,0,0,2,2,11,1050,29,7,2011,6,6,0,1,11,1,I-595,,99998,26.08383056,-80.170502780,0,25,0,1,5,1,4,0,3,1,0,1,0,0000000,99,99,99,99,88,88,0,0,0,2,1
12,121213,2,2,0,1,1,2,2,15,0,29,7,2011,6,19,30,0,16,6,QUINCE STREET,CR-768,0,26.88408889,-82.004077780,0,34,0,0,3,3,4,0,5,1,0,1,0,0000000,99,99,99,99,99,99,0,0,0,1,0
12,121214,2,2,0,0,0,4,4,95,0,30,7,2011,7,0,36,0,13,3,SR-50,,99998,28.55268333,-81.444847220,0,12,1,0,1,1,1,0,3,1,0,1,0,0000000,99,99,99,99,99,99,0,0,0,1,0
12,121215,1,1,0,0,0,1,1,11,790,1,8,2011,2,17,17,0,14,6,NW 48TH STREET,,99998,26.32011389,-80.169252780,0,30,0,0,1,1,4,0,1,2,0,2,0,0000000,99,99,17,26,99,99,0,0,0,1,0
12,121216,2,2,0,0,0,2,2,1,10,2,8,2011,3,6,37,0,13,2,US-441,NW 59TH TERRACE,99998,29.76410000,-82.407802780,0,12,6,0,2,2,1,0,4,10,0,10,0,0000000,99,99,99,99,99,99,0,0,0,1,0
12,121217,1,1,0,1,1,1,1,101,0,3,8,2011,4,9,30,1,13,2,US-19,,99998,28.18606389,-82.739994440,0,8,0,0,1,1,1,4,1,10,0,10,0,0000000,9,37,9,46,99,99,0,0,0,1,0
12,121219,1,1,0,0,0,1,1,83,0,3,8,2011,4,15,10,9,99,9,3850 SW 95TH STREET,,99998,29.08441944,-82.217247220,0,42,0,0,1,1,4,0,1,1,0,1,0,0000000,99,99,99,99,99,99,0,0,0,1,0
12,121220,1,1,0,0,0,1,1,33,0,4,8,2011,5,12,30,0,14,2,US-90,,99998,30.53353611,-87.281288890,0,34,0,0,1,1,4,0,1,1,0,1,0,0000000,99,99,99,99,99,99,0,0,0,1,1
12,121221,1,1,0,0,0,1,1,9,0,7,8,2011,1,7,0,1,11,1,I-95,,99998,28.21466389,-80.714169440,0,1,0,0,1,1,4,0,1,1,0,1,0,0000000,99,99,99,99,88,88,0,0,0,1,0
12,121222,2,2,0,0,0,2,2,11,2468,8,8,2011,2,8,2,0,13,3,SR-820,PALM AVENUE,99998,26.00828611,-80.281733330,0,12,6,0,2,2,1,0,1,1,0,1,0,0000000,99,99,99,99,99,99,0,0,0,1,0
12,121223,1,1,0,1,1,1,1,127,0,18,7,2011,2,9,37,0,16,6,CR-4164,,0,28.84590833,-81.150644440,0,8,0,0,1,1,1,0,1,1,0,1,0,0000000,99,99,99,99,88,88,0,0,0,1,0
12,121224,1,1,0,0,0,1,1,11,1927,9,1,2011,1,1,3,0,16,6,HOLIDAY SPRINGS BLV,NW 25TH ST,0,26.25807500,-80.224216670,0,42,0,0,2,3,3,0,3,1,0,1,0,0000000,99,99,99,99,88,88,0,0,0,1,1
12,121225,1,1,0,0,0,1,1,47,0,1,8,2011,2,0,20,1,1,1,I-75,,99998,30.44636944,-82.929630560,0,59,0,1,19,1,4,0,2,10,0,10,0,0000000,99,99,99,99,88,88,0,0,0,1,0
12,121226,1,1,0,0,0,1,1,69,0,1,8,2011,2,7,35,0,6,4,CR-452,,0,28.88738056,-81.720511110,0,1,0,0,1,1,4,0,1,1,0,1,0,0000000,99,99,99,99,88,88,0,0,0,1,1
12,121227,1,1,0,0,0,2,2,86,2010,1,8,2011,2,1,23,1,12,3,SR-836,,99998,25.78492778,-80.249555560,0,24,0,0,1,1,4,0,3,1,0,1,0,0000000,99,99,99,99,99,99,0,0,0,1,0
12,121228,1,1,0,0,0,1,1,97,0,5,8,2011,6,10,56,1,2,3,SR-91,,99998,28.07153056,-81.246611110,0,1,0,0,1,1,3,0,1,1,0,1,0,0000000,99,99,99,99,88,88,0,0,0,1,0
12,121229,2,2,0,0,0,6,6,63,0,6,8,2011,7,6,10,0,3,3,SR-73,,99998,30.80286667,-85.279513890,0,12,2,0,1,1,1,0,1,1,0,1,0,0000000,99,99,99,99,99,99,0,0,0,2,1
12,121230,1,1,0,0,0,1,1,61,0,6,8,2011,7,13,55,1,1,1,I-95,,99998,27.73876111,-80.548647220,0,42,0,0,1,1,4,0,1,1,0,1,0,0000000,99,99,99,99,99,99,0,0,0,1,0
12,121231,1,1,0,0,0,2,2,103,0,6,8,2011,7,17,33,1,11,1,I-275,,99998,27.65780556,-82.676944440,0,24,0,0,1,1,3,0,1,1,0,1,0,0000000,99,99,99,99,99,99,0,0,0,1,0
12,121232,1,1,0,0,0,5,5,113,0,6,8,2011,7,2,30,0,6,4,MILLER BLUFF ROAD,,0,30.64620278,-86.875550000,0,38,0,0,1,1,4,0,3,1,0,1,0,0000000,99,99,99,99,99,99,0,0,0,1,1
12,121233,2,2,0,0,0,2,2,95,0,8,8,2011,2,9,4,0,6,4,CR-535,OVERSTREET ROAD,0,28.46050278,-81.561519440,0,12,6,0,2,2,1,0,1,10,0,10,0,0000000,99,99,99,99,88,88,0,0,0,1,0
12,121234,2,2,0,0,0,3,3,101,0,8,8,2011,2,13,40,1,13,2,US-19,,99998,28.41239444,-82.650455560,0,12,6,0,1,1,1,0,1,10,0,10,0,0000000,13,43,13,50,99,99,0,0,0,2,1
12,121235,2,2,0,0,0,2,2,101,0,10,8,2011,4,8,47,0,13,3,SR-54,,99998,28.20597222,-82.674836110,0,12,6,0,1,1,1,0,1,2,0,2,0,0000000,8,48,8,53,99,99,0,0,0,1,0
12,121236,1,1,0,0,0,1,1,113,0,10,8,2011,4,21,25,1,13,2,US-98,,99998,30.60713889,-87.105138890,0,1,0,0,1,1,4,0,2,2,0,2,0,0000000,99,99,99,99,88,88,0,0,0,1,1
12,121237,1,1,0,0,0,1,1,95,3310,12,8,2011,6,22,55,0,16,6,FOREST ROAD,,0,28.57382222,-81.348336110,0,33,0,0,1,1,4,0,3,1,0,1,0,0000000,99,99,99,99,88,88,0,0,0,1,1
12,121238,2,2,0,0,0,3,3,11,2468,14,8,2011,1,15,35,1,13,2,US-27,,99998,26.01715000,-80.432655560,0,12,1,0,1,1,1,0,1,10,0,10,0,0000000,99,99,99,99,99,99,0,0,0,1,1
12,121239,1,1,0,1,1,1,1,109,0,11,5,2011,4,12,25,0,6,4,CR-214,RYAN ROAD,0,29.85904167,-81.417569440,0,9,0,0,2,3,1,0,1,1,0,1,0,0000000,99,99,99,99,99,99,0,0,0,1,0
12,121240,1,1,0,0,0,1,1,5,2450,9,4,2011,7,7,11,0,16,6,W 23RD STREET,W 20TH STREET,0,30.18991111,-85.688897220,0,33,0,0,2,3,4,0,1,5,0,5,0,0000000,99,99,99,99,99,99,0,0,0,1,0
12,121241,1,1,0,0,0,5,5,86,0,1,5,2011,1,21,20,0,13,3,SR-825,,99998,25.66324722,-80.416172220,0,42,0,0,1,1,3,0,3,1,0,1,0,0000000,99,99,99,99,99,99,0,0,0,2,0
12,121242,2,2,0,4,4,3,3,86,670,28,5,2011,7,15,53,0,13,3,SR-953,BIRD ROAD,99998,25.73473056,-80.262108330,0,12,6,0,2,2,1,0,1,1,0,1,0,0000000,99,99,99,99,99,99,0,0,0,1,0
12,121243,1,1,0,0,0,1,1,5,2450,25,6,2011,7,0,50,0,13,2,US-98,,99998,30.18708333,-85.734647220,0,5,0,0,1,1,1,0,3,1,0,1,0,0000000,99,99,99,99,99,99,0,0,0,1,1
12,121244,2,2,0,0,0,4,4,11,1050,29,6,2011,4,20,52,0,14,4,N ANDREWS AVENUE,,99998,26.14993889,-80.145313890,0,12,98,0,1,1,1,0,1,1,0,1,0,0000000,99,99,99,99,99,99,0,0,0,1,0
12,121245,1,1,0,0,0,3,3,31,1510,14,7,2011,5,12,41,0,16,6,MANNING CEMENTERY RD,,0,30.22247500,-81.932677780,0,5,0,0,1,1,1,0,1,1,0,1,0,0000000,99,99,99,99,99,99,0,0,0,1,0
12,121246,2,2,0,0,0,2,2,101,0,14,7,2011,5,14,28,0,6,4,DENTON AVENUE,,0,28.38997222,-82.621419440,0,12,1,0,1,1,1,0,1,1,0,1,0,0000000,99,99,99,99,99,99,0,0,0,1,0
12,121247,1,1,0,0,0,1,1,11,2916,16,7,2011,7,16,56,0,16,6,104TH TERRACE,,0,26.16052222,-80.287591670,0,3,0,0,1,1,4,0,1,10,0,10,0,0000000,99,99,99,99,99,99,0,0,0,1,0
12,121248,1,1,0,0,0,1,1,105,3300,20,7,2011,4,12,0,0,16,6,15TH STREET,,0,28.01420278,-81.743250000,0,33,0,0,1,1,4,0,1,1,0,1,0,0000000,99,99,99,99,99,99,0,0,0,1,0
12,121249,2,2,0,0,0,5,5,95,0,31,7,2011,1,23,25,0,13,3,SR-50,,99998,28.55450278,-81.317616670,0,12,6,0,1,1,1,0,3,1,0,1,0,0000000,99,99,99,99,99,99,0,0,0,1,1
12,121251,1,1,0,1,1,1,1,57,0,1,8,2011,2,9,45,1,11,1,I-4,,99998,28.00638611,-82.299697220,0,8,0,0,1,1,1,0,1,1,0,1,0,0000000,99,99,99,99,88,88,0,0,0,1,0
12,121252,1,1,0,1,1,1,1,3,0,2,8,2011,3,9,30,0,14,3,SR-121,,99998,30.24060556,-82.134922220,0,8,0,0,1,1,1,0,1,1,0,1,0,0000000,99,99,99,99,88,88,0,0,0,1,0
12,121253,2,2,0,0,0,3,3,99,0,7,8,2011,1,6,54,1,11,1,I-95,,99998,26.71851111,-80.090230560,0,12,1,0,1,1,1,0,1,10,0,10,0,0000000,99,99,99,99,99,99,23,0,0,1,0
12,121254,3,3,0,0,0,9,9,127,0,7,8,2011,1,1,20,0,3,3,SR-415,,99998,28.81980556,-81.185936110,0,12,6,0,1,1,1,0,2,1,0,1,0,0000000,99,99,99,99,99,99,0,0,0,1,0
12,121255,2,2,0,0,0,3,3,99,0,10,8,2011,4,1,28,1,12,3,SR-91,,99998,26.89578056,-80.136822220,0,12,1,0,1,1,1,0,2,10,0,10,0,0000000,99,99,99,99,99,99,0,0,0,1,0
12,121256,1,1,0,1,1,1,1,57,0,20,6,2011,2,21,30,0,6,4,CR-581,,0,28.07275556,-82.426191670,0,8,0,0,1,1,1,0,2,1,0,1,0,0000000,99,99,99,99,99,99,0,0,0,1,0
12,121257,2,2,0,0,0,3,3,127,780,25,2,2011,6,10,30,0,3,3,SR-5A,,99998,29.21956389,-81.047366670,0,12,1,0,1,1,1,0,1,1,0,1,0,0000000,99,99,99,99,99,99,0,0,0,1,0
12,121258,2,2,0,0,0,3,3,121,1830,3,3,2011,5,11,20,0,14,2,US-129,72ND TRACE,99998,30.31806944,-83.013263890,0,12,1,0,2,2,1,0,1,1,0,1,0,0000000,99,99,99,99,99,99,0,0,0,1,0
12,121259,2,2,0,0,0,2,2,111,0,16,3,2011,4,7,31,0,16,6,CR-778,AIROSO BL,0,27.31778889,-80.349711110,0,12,6,0,2,2,1,0,1,1,0,1,0,0000000,99,99,99,99,99,99,0,0,0,1,0
12,121260,1,1,0,0,0,2,2,11,1782,23,3,2011,4,15,40,0,13,2,US-441,,99998,26.12924167,-80.217361110,0,30,0,0,1,1,4,0,1,1,0,1,0,0000000,99,99,99,99,99,99,0,0,0,1,0
12,121261,2,2,0,0,0,3,3,86,2220,1,4,2011,6,6,23,0,16,6,NE 135TH STREET,NE 5TH AVENUE,0,25.89934167,-80.188855560,0,12,6,0,2,2,1,0,3,2,0,2,0,0000000,99,99,99,99,99,99,0,0,0,1,0
12,121262,2,2,0,0,0,2,2,103,2730,13,5,2011,6,16,50,0,16,6,MLK JR STREET,,0,27.75574722,-82.646627780,0,12,6,0,8,1,1,0,1,1,0,1,0,0000000,99,99,99,99,99,99,0,0,0,1,0
12,121264,2,2,0,1,1,4,4,86,2010,10,6,2011,6,10,48,0,16,6,42ND STREET,FLAGLER STREET,0,25.77171667,-80.263619440,0,12,6,0,2,2,1,0,1,1,0,1,0,0000000,99,99,99,99,88,88,0,0,0,1,0
12,121265,2,2,0,0,0,5,5,73,0,25,6,2011,7,14,50,0,13,2,US-27,CHAIRES CROSS ROAD,99998,30.42247500,-84.118666670,0,12,2,0,2,2,1,0,1,1,0,1,0,0000000,99,99,99,99,99,99,0,0,0,2,0
12,121266,2,2,0,0,0,2,2,81,0,20,7,2011,4,12,4,0,13,2,US-301,,99998,27.52123333,-82.541994440,0,12,1,0,1,1,1,0,1,1,0,1,0,0000000,12,14,12,21,99,99,0,0,0,1,0
12,121267,1,1,0,0,0,1,1,33,0,26,7,2011,3,9,0,0,15,3,SR-290,,99998,30.51085833,-87.239855560,0,34,0,0,1,1,4,0,1,1,0,1,0,0000000,99,99,99,99,99,99,0,0,0,1,0
12,121268,1,1,0,1,1,1,1,11,1782,3,8,2011,4,20,26,0,13,2,US-441,,99998,26.09103611,-80.201241670,0,8,0,0,1,1,1,0,3,10,0,10,0,0000000,99,99,99,99,99,99,0,0,0,1,0
12,121269,1,1,0,0,0,2,2,97,0,10,8,2011,4,20,50,0,6,4,CR-532,,0,28.27521389,-80.931180560,0,30,0,0,1,1,4,0,2,10,0,10,0,0000000,99,99,99,99,88,88,0,0,0,1,0
12,121270,1,1,0,0,0,3,3,107,0,11,8,2011,5,20,30,0,6,4,STOKES LANDING RD,,0,29.60343889,-81.703544440,0,1,0,0,1,1,4,0,2,1,0,1,0,0000000,99,99,99,99,99,99,0,0,0,1,0
12,121272,1,1,0,0,0,1,1,23,0,14,8,2011,1,6,40,0,6,4,CR-238,,0,29.96614167,-82.736002780,0,42,0,0,1,1,4,0,4,1,0,1,0,0000000,99,99,99,99,88,88,0,0,0,1,0
12,121273,1,1,0,0,0,3,3,105,0,14,8,2011,1,13,53,1,13,2,US-27,,99998,28.00876111,-81.631294440,0,1,0,0,1,1,3,0,1,1,0,1,0,0000000,99,99,99,99,99,99,0,0,0,1,0
12,121274,2,1,1,1,1,1,1,57,0,16,8,2011,3,1,15,1,12,3,SR-589,,99998,28.02315278,-82.544236110,0,14,0,0,1,1,4,0,3,1,0,1,0,0000000,99,99,99,99,99,99,0,0,0,1,0
12,121275,1,1,0,1,1,1,1,95,2360,17,8,2011,4,9,7,0,13,2,US-441,,99998,28.58122778,-81.408080560,0,9,0,0,1,1,4,0,1,1,0,1,0,0000000,99,99,99,99,99,99,0,0,0,1,0
12,121276,2,2,0,0,0,3,3,23,0,17,8,2011,4,16,2,1,1,1,I-75,,99998,30.13489167,-82.665438890,0,12,1,0,1,1,1,0,1,2,0,2,0,0000000,99,99,99,99,99,99,0,0,0,1,0
12,121277,1,1,0,0,0,1,1,109,0,19,2,2011,7,19,10,0,6,4,CR-210 W,,0,30.04963056,-81.555205560,0,34,0,0,1,1,4,0,6,1,0,1,0,0000000,99,99,99,99,99,99,0,0,0,1,0
12,121278,1,1,0,0,0,2,2,105,0,21,2,2011,2,12,2,0,16,6,CR-542,,0,28.02249444,-81.681016670,0,34,0,0,1,1,4,0,1,1,0,1,0,0000000,99,99,99,99,99,99,0,0,0,1,0
12,121279,1,1,0,2,2,1,1,117,2770,3,3,2011,5,9,36,0,16,6,103 HUGHES AVENUE,,0,28.79385000,-81.251358330,0,8,0,0,8,1,1,0,1,1,0,1,0,0000000,99,99,99,99,99,99,0,0,0,1,0
12,121281,1,1,0,1,1,1,1,57,2950,22,3,2011,3,20,45,0,13,3,SR-60,TAMPANIA AVE,99998,27.94478889,-82.486438890,0,8,0,0,2,2,1,0,3,1,0,1,0,0000000,99,99,99,99,99,99,0,0,0,1,0
12,121282,1,1,0,1,1,1,1,86,0,16,4,2011,7,23,54,0,13,3,SR-9,,99998,25.86078333,-80.242177780,0,8,0,0,1,1,1,0,3,1,0,1,0,0000000,99,99,99,99,88,88,0,0,0,1,0
12,121283,1,1,0,1,1,1,1,86,2010,27,4,2011,4,20,13,1,13,2,US-1,31ST AVENUE,99998,25.73770278,-80.243838890,0,8,0,0,3,2,1,0,3,1,0,1,0,0000000,99,99,99,99,99,99,0,0,0,1,0
12,121284,1,1,0,1,1,1,1,11,0,1,5,2011,1,22,22,0,6,8,41ST AVENUE,,0,26.09080278,-80.202991670,0,8,0,0,1,1,1,0,3,1,0,1,0,0000000,99,99,99,99,99,99,0,0,0,1,0
12,121285,1,1,0,0,0,1,1,11,2260,29,7,2011,6,23,58,1,11,1,I-95,,99998,26.16742778,-80.158675000,0,24,0,1,5,1,4,0,3,1,0,1,0,0000000,99,99,99,99,88,88,0,0,0,1,1