STATE,ST_CASE,VE_TOTAL,VE_FORMS,PVH_INVL,PEDS,PERNOTMVIT,PERMVIT,PERSONS,COUNTY,CITY,DAY,MONTH,YEAR,DAY_WEEK,HOUR,MINUTE,NHS,ROAD_FNC,ROUTE,TWAY_ID,TWAY_ID2,MILEPT,LATITUDE,LONGITUD,SP_JUR,HARM_EV,MAN_COLL,RELJCT1,RELJCT2,TYP_INT,REL_ROAD,WRK_ZONE,LGT_COND,WEATHER1,WEATHER2,WEATHER,SCH_BUS,RAIL,NOT_HOUR,NOT_MIN,ARR_HOUR,ARR_MIN,HOSP_HR,HOSP_MN,CF1,CF2,CF3,FATALS,DRUNK_DR
12,121404,2,2,0,0,0,3,3,117,30,25,8,2011,5,0,0,0,6,4,BUNNELL ROAD,PEARL LAKE CSWY,0,28.65438333,-81.427433330,0,12,6,0,2,2,1,0,6,1,0,1,0,0000000,99,99,99,99,88,88,0,0,0,1,0
12,121405,1,1,0,0,0,1,1,11,633,27,8,2011,7,1,6,0,16,6,LYONS ROAD,,0,26.24933333,-80.186322220,0,30,0,0,1,1,4,0,3,1,0,1,0,0000000,99,99,99,99,88,88,0,0,0,1,1
12,121406,2,2,0,0,0,2,2,71,0,6,9,2011,3,15,42,0,16,6,LEE BLVD,,0,26.61431389,-81.658430560,0,12,6,0,8,1,1,0,1,2,0,2,0,0000000,99,99,99,99,99,99,0,0,0,1,0
12,121407,1,1,0,0,0,1,1,71,457,7,6,2011,3,12,46,0,16,6,CR-867A,,0,26.58968611,-81.941880560,0,33,0,0,1,1,4,0,1,1,0,1,0,0000000,99,99,99,99,99,99,0,0,0,1,0
12,121408,1,1,0,0,0,1,1,86,0,3,7,2011,1,3,0,0,13,2,US-1,,99998,25.87243889,-80.172208330,0,39,0,0,1,1,4,4,3,1,0,1,0,0000000,99,99,99,99,88,88,0,0,0,1,0
12,121409,1,1,0,0,0,1,1,119,0,25,8,2011,5,8,30,0,6,4,EL CAMINO REAL,,0,28.94930000,-81.957438890,0,41,0,0,1,1,4,0,1,1,0,1,0,0000000,99,99,99,99,99,99,0,0,0,1,0
12,121410,2,2,0,0,0,3,3,71,0,26,8,2011,6,20,36,0,13,2,US-41,VANDENBERG WAY,99998,26.34716111,-81.807341670,0,12,1,0,2,2,1,0,3,10,0,10,0,0000000,99,99,99,99,99,99,0,0,0,1,0
12,121411,1,1,0,0,0,3,3,71,312,27,8,2011,7,6,35,0,16,6,CR-865,,0,26.33171389,-81.723547220,0,1,0,0,1,1,1,0,4,1,0,1,0,0000000,99,99,99,99,99,99,0,0,0,1,1
12,121412,2,2,0,0,0,2,2,86,2010,31,8,2011,4,18,29,1,12,3,SR-874,,99998,25.68558889,-80.352886110,0,24,0,0,1,1,3,0,1,10,0,10,0,0000000,99,99,99,99,99,99,0,0,0,1,0
12,121413,1,1,0,0,0,1,1,79,0,31,8,2011,4,21,23,0,3,3,SR-145,,99998,30.52991944,-83.422580560,0,32,0,0,1,1,4,0,2,10,0,10,0,0000000,99,99,99,99,88,88,0,0,0,1,1
12,121414,1,1,0,1,1,1,1,83,0,31,8,2011,4,6,30,0,6,4,CR-315,,0,29.42693889,-81.970097220,0,8,0,0,1,1,1,0,2,1,0,1,0,0000000,99,99,99,99,88,88,0,0,0,1,0
12,121415,1,1,0,0,0,1,1,95,2360,31,8,2011,4,0,0,0,16,6,MAGUIRE BOULEVARD,,0,28.54973333,-81.345466670,0,42,0,0,1,1,3,0,3,1,0,1,0,0000000,99,99,99,99,88,88,0,0,0,1,1
12,121416,1,1,0,2,2,2,2,73,0,19,7,2011,3,10,33,0,6,4,TRAM ROAD,,0,30.37526667,-84.212469440,0,9,0,0,1,1,1,0,1,1,0,1,0,0000000,99,99,99,99,99,99,0,0,0,1,0
12,121417,2,2,0,0,0,4,4,95,0,3,9,2011,7,10,26,0,2,3,SR-520,,99998,28.44927222,-80.976672220,0,12,1,0,1,1,1,0,1,1,0,1,0,0000000,99,99,99,99,99,99,0,0,0,1,0
12,121418,1,1,0,0,0,1,1,127,0,7,9,2011,4,4,30,0,16,6,CR-2001,OLD DIXIE HIGHWAY,0,29.40374444,-81.146377780,0,41,0,0,3,3,4,0,2,1,0,1,0,0000000,99,99,99,99,88,88,0,0,0,1,1
12,121419,1,1,0,0,0,1,1,33,0,9,9,2011,6,2,42,0,6,4,PITMAN AVENUE,,0,30.51101944,-87.268661110,0,31,0,0,1,1,4,0,3,10,0,10,0,0000000,99,99,99,99,99,99,0,0,0,1,1
12,121420,1,1,0,1,1,1,1,86,2010,15,1,2011,7,22,55,0,16,6,NW 36TH STREET,NW 2ND AVENUE,0,25.81031667,-80.199386110,0,8,0,0,3,2,1,0,3,1,0,1,0,0000000,99,99,99,99,99,99,0,0,0,1,1
12,121421,2,2,0,0,0,2,2,65,0,31,8,2011,4,16,25,1,1,1,I-10,,99998,30.46097222,-83.782619440,0,12,1,0,1,1,1,0,1,10,0,10,0,0000000,99,99,99,99,88,88,0,0,0,1,0
12,121422,1,1,0,1,1,1,1,65,2100,3,9,2011,7,11,35,1,2,2,US-19,,99998,30.55306111,-83.870111110,0,15,0,0,1,1,1,0,1,1,0,1,0,0000000,99,99,99,99,88,88,0,0,0,1,0
12,121423,3,1,2,1,1,0,0,115,0,3,9,2011,7,7,12,0,6,4,3533 CLARK ROAD,,0,27.26967222,-82.498638890,0,8,0,0,1,1,1,0,1,1,0,1,0,0000000,99,99,99,99,99,99,0,0,0,1,0
12,121424,1,1,0,2,2,1,1,87,0,5,9,2011,2,3,30,1,13,2,US-1,,99998,24.57516944,-81.731755560,0,52,0,1,5,1,4,0,3,1,0,1,0,0000000,99,99,99,99,88,88,0,0,0,3,1
12,121425,2,2,0,0,0,3,3,75,0,5,9,2011,2,13,45,0,6,4,CR-323,NE 23RD PLACE,0,29.36598056,-82.439061110,0,12,6,0,2,3,1,0,1,10,0,10,0,0000000,99,99,99,99,88,88,0,0,0,2,0
12,121426,2,2,0,0,0,3,3,95,0,5,9,2011,2,0,8,0,13,2,US-17,WETHERBEE ROAD,99998,28.38732222,-81.404205560,0,12,6,0,3,2,1,0,3,1,0,1,0,0000000,99,99,99,99,99,99,0,0,0,1,1
12,121427,2,2,0,0,0,7,7,105,0,5,9,2011,2,20,45,0,6,4,WILDER ROAD,SPLIT CREEK CIRCLE,0,28.15003333,-81.962127780,0,12,2,0,2,3,1,0,2,1,0,1,0,0000000,99,99,99,99,99,99,0,0,0,1,0
12,121428,1,1,0,1,1,1,1,117,0,5,9,2011,2,3,20,0,16,6,MCCULLOCH ROAD,ORION BOULEVARD,0,28.61226944,-81.191191670,0,8,0,0,3,2,1,0,3,1,0,1,0,0000000,99,99,99,99,99,99,0,0,0,1,0
12,121429,2,2,0,0,0,3,3,75,0,7,9,2011,4,9,20,0,3,3,SR-121,NE 170TH AVENUE,99998,29.37454444,-82.489341670,0,12,6,1,2,2,1,0,1,1,0,1,0,0000000,99,99,99,99,99,99,0,0,0,1,0
12,121430,1,1,0,0,0,2,2,65,0,8,9,2011,5,7,8,0,3,2,US-221,,99998,30.61988056,-83.646716670,0,42,0,0,1,1,4,0,4,10,0,10,0,0000000,99,99,99,99,99,99,0,0,0,1,0
12,121431,3,3,0,0,0,5,5,95,0,8,9,2011,5,19,52,0,13,2,US-17,,99998,28.49931667,-81.396825000,0,12,6,0,1,1,1,0,5,1,0,1,0,0000000,99,99,99,99,99,99,14,0,0,2,0
12,121432,1,1,0,0,0,1,1,97,2700,16,7,2011,7,17,0,0,16,6,CR-525,,0,28.22664444,-81.317313890,0,33,0,0,1,1,4,4,1,1,0,1,0,0000000,99,99,99,99,99,99,0,0,0,1,1
12,121433,2,2,0,0,0,2,2,31,1510,16,8,2011,3,10,35,0,16,6,W. BAY STREET,N LEE STREET,0,30.32831389,-81.670286110,0,12,6,0,2,2,1,0,1,1,0,1,0,0000000,99,99,99,99,99,99,0,0,0,1,0
12,121434,1,1,0,1,1,1,1,111,1080,3,4,2011,1,0,0,0,13,2,US-1,,99998,27.48094722,-80.339552780,0,8,0,0,1,1,1,0,3,1,0,1,0,0000000,99,99,99,99,99,99,0,0,0,1,0
12,121435,1,1,0,0,0,1,1,109,2690,5,7,2011,3,23,40,0,16,6,CR-A1A,,0,29.86150556,-81.285652780,0,42,0,0,1,1,4,0,2,1,0,1,0,0000000,99,99,99,99,88,88,0,0,0,1,1
12,121436,2,2,0,0,0,2,2,105,0,2,9,2011,6,0,0,1,2,2,US-98,GIBSONIA GALLOWAY RD,99998,28.11169167,-81.973755560,0,12,1,0,2,2,1,0,3,1,0,1,0,0000000,99,99,99,99,99,99,0,0,0,1,1
12,121437,1,1,0,0,0,1,1,9,0,8,9,2011,5,21,0,1,11,1,I-95,,99998,28.47591111,-80.821152780,0,1,0,0,1,1,3,2,2,1,0,1,0,0000000,99,99,99,99,99,99,0,0,0,1,1
12,121438,1,1,0,0,0,1,1,61,3070,11,9,2011,1,6,11,0,14,6,42RD AVENUE,16TH STREET,99998,27.63064444,-80.430311110,0,30,0,0,3,2,4,0,6,10,0,10,0,0000000,99,99,99,99,88,88,0,0,0,1,1
12,121439,1,1,0,1,1,1,1,101,0,30,7,2011,7,2,10,0,6,4,MOON LAKE ROAD,,0,28.32785833,-82.609813890,0,9,0,0,1,1,1,0,2,10,0,10,0,0000000,2,10,2,20,88,88,0,0,0,1,0
12,121440,1,1,0,0,0,1,1,97,0,2,9,2011,6,15,39,1,12,3,SR-91,,99998,28.29147778,-81.349947220,0,18,0,0,1,1,1,0,1,1,0,1,0,0000000,99,99,99,99,99,99,0,0,0,1,0
12,121441,3,3,0,0,0,4,4,103,1770,7,9,2011,4,15,30,0,13,3,SR-693,142ND AVENUE,99998,27.90091389,-82.729175000,0,12,2,0,2,2,1,0,1,2,0,2,0,0000000,99,99,99,99,99,99,0,0,0,1,0
12,121442,1,1,0,0,0,1,1,15,0,10,9,2011,7,20,12,0,6,4,CAPE HAZE DRIVE,ROTUNDA BOULEVARD,0,26.87560000,-82.291152780,0,33,0,0,2,6,3,0,2,1,0,1,0,0000000,99,99,99,99,99,99,0,0,0,1,0
12,121443,2,2,0,1,1,4,4,117,30,11,9,2011,1,0,0,0,14,3,SR-434,,99998,28.65752500,-81.419538890,0,8,0,0,1,1,1,0,2,1,0,1,0,0000000,99,99,99,99,99,99,0,0,0,1,0
12,121444,2,2,0,0,0,3,3,57,0,11,9,2011,1,13,18,0,6,4,BOYETTE ROAD,,0,27.85038333,-82.269144440,0,12,2,0,1,1,1,0,1,1,0,1,0,0000000,99,99,99,99,99,99,0,0,0,1,0
12,121445,2,2,0,0,0,2,2,86,670,16,7,2011,7,4,7,0,3,3,SR-953,ALEDO AVENUE,99998,25.73946667,-80.262305560,0,12,6,0,2,3,1,0,3,1,0,1,0,0000000,99,99,99,99,99,99,0,0,0,1,1
12,121446,2,2,0,0,0,5,5,95,70,23,7,2011,7,17,18,0,13,3,SR-436,,99998,28.67276111,-81.463655560,0,12,1,0,1,1,1,0,1,1,0,1,0,0000000,99,99,99,99,88,88,0,0,0,1,0
12,121447,1,1,0,0,0,1,1,31,1510,9,8,2011,3,2,55,0,16,6,HOLIDAY ROAD SOUTH,,0,30.29681389,-81.577155560,0,30,0,0,1,1,4,0,3,1,0,1,0,0000000,99,99,99,99,99,99,0,0,0,1,1
12,121448,1,1,0,1,1,3,3,9,620,13,8,2011,7,12,34,0,14,3,SR-519,,99998,28.34985278,-80.742522220,0,9,0,0,1,1,1,0,1,1,0,1,0,0000000,99,99,99,99,99,99,0,0,0,1,1
12,121449,2,2,0,0,0,2,2,11,1050,27,8,2011,7,20,52,0,16,6,NORTH ANDREWS AVENUE,,0,26.20789722,-80.144891670,0,12,1,0,1,1,1,0,3,1,0,1,0,0000000,99,99,99,99,99,99,0,0,0,1,0
12,121450,1,1,0,0,0,1,1,86,0,2,9,2011,6,1,40,0,14,3,SR-994,,99998,25.58126389,-80.393111110,0,30,0,0,1,1,4,0,3,10,0,10,0,0000000,99,99,99,99,88,88,0,0,0,1,0
12,121451,2,2,0,0,0,3,3,101,0,3,9,2011,7,0,15,0,16,6,CR-54,,0,28.23785556,-82.360766670,0,12,6,0,1,1,1,0,3,1,0,1,0,0000000,0,17,0,22,88,88,0,0,0,1,0
12,121452,1,1,0,0,0,2,2,11,2083,5,9,2011,2,0,2,1,12,3,SR-821,,99998,25.97230556,-80.241313890,0,30,0,0,1,1,4,4,3,1,0,1,0,0000000,99,99,99,99,99,99,0,0,0,1,1
12,121453,2,2,0,0,0,3,3,57,0,5,9,2011,2,5,15,1,2,2,US-301,,99998,28.16536111,-82.214788890,0,12,2,0,1,1,1,0,2,1,0,1,0,0000000,99,99,99,99,99,99,0,0,0,2,1
12,121454,2,2,0,0,0,3,3,99,0,10,9,2011,7,6,18,1,11,1,I-95,,99998,26.59454167,-80.069002780,0,12,9,0,1,1,1,0,4,10,0,10,0,0000000,99,99,99,99,88,88,0,0,0,1,1
12,121455,1,1,0,0,0,1,1,107,0,11,9,2011,1,13,0,0,14,4,DUMBARTON LANE,,0,29.47974444,-81.628386110,0,42,0,0,1,1,4,0,1,1,0,1,0,0000000,99,99,99,99,88,88,0,0,0,1,0
12,121456,1,1,0,0,0,1,1,71,0,13,9,2011,3,16,28,1,11,1,I-75,,99998,26.67074444,-81.799636110,0,18,0,0,1,1,3,4,1,2,0,2,0,0000000,99,99,99,99,88,88,0,0,0,1,0
12,121457,2,2,0,0,0,2,2,57,0,13,9,2011,3,16,40,0,13,3,SR-580,,99998,28.03602778,-82.494211110,0,12,2,0,1,1,1,0,1,1,0,1,0,0000000,99,99,99,99,99,99,0,0,0,1,0
12,121458,1,1,0,1,1,1,1,97,0,14,9,2011,4,23,27,0,13,2,US-192,,99998,28.30523611,-81.462577780,0,8,0,0,1,1,1,0,3,1,0,1,0,0000000,23,30,23,37,99,99,0,0,0,1,0
12,121459,2,2,0,2,2,1,1,9,0,15,9,2011,5,7,30,0,16,6,4325 CITRUS BLVD,,0,28.42498889,-80.813180560,0,8,0,0,1,1,1,0,1,1,0,1,0,0000000,99,99,99,99,99,99,0,0,0,1,0
12,121461,1,1,0,0,0,1,1,91,0,16,9,2011,6,13,35,0,3,2,US-90,,99998,30.75293889,-86.493461110,0,42,0,0,1,1,4,0,1,1,0,1,0,0000000,99,99,99,99,88,88,0,0,0,1,1
12,121462,2,2,0,0,0,2,2,103,2730,11,4,2011,2,10,7,0,13,3,SR-693,66TH STREET,99998,27.78731667,-82.728355560,0,12,6,0,2,2,1,0,1,1,0,1,0,0000000,99,99,99,99,99,99,0,0,0,1,0
12,121463,2,2,0,0,0,5,5,86,2010,26,7,2011,3,10,4,0,16,6,215TH STREET,2ND AVENUE,0,25.97265833,-80.206086110,0,12,6,0,2,3,1,0,1,1,0,1,0,0000000,99,99,99,99,99,99,0,0,0,1,0
12,121464,1,1,0,0,0,5,5,79,0,10,9,2011,7,20,30,0,6,4,CR-146,,0,30.52900278,-83.470052780,0,35,0,0,1,1,4,0,2,1,0,1,0,0000000,99,99,99,99,99,99,0,0,0,1,1
12,121465,3,2,1,0,0,3,3,86,735,27,3,2011,1,19,20,0,16,6,CUTLER RIDGE DRIVE,,0,25.58158611,-80.348930560,0,12,6,0,8,1,1,0,1,1,0,1,0,0000000,99,99,99,99,99,99,0,0,0,1,0
12,121466,1,1,0,0,0,1,1,99,1750,11,9,2011,1,17,50,1,11,1,I-95,,99998,26.62727222,-80.067650000,0,30,0,0,1,1,4,0,5,10,0,10,0,0000000,99,99,99,99,88,88,0,0,0,1,0
12,121467,2,2,0,0,0,3,3,89,0,17,9,2011,7,0,32,1,2,2,US-1,S MICKLER STREET,99998,30.55566389,-81.823908330,0,12,6,0,2,2,1,0,2,10,0,10,0,0000000,99,99,99,99,88,88,0,0,0,1,1
12,121468,2,2,0,0,0,3,3,99,3190,1,5,2011,1,14,27,0,13,3,SR-704,RIVERWALK CIRCLE,99998,26.70833333,-80.157938890,0,12,6,0,2,2,1,0,1,1,0,1,0,0000000,99,99,99,99,99,99,0,0,0,1,0
12,121469,1,1,0,0,0,3,3,99,3190,6,5,2011,6,22,39,0,16,6,NORTHLAKE BLVD,,0,26.81131667,-80.185519440,0,30,0,0,1,1,4,0,2,1,0,1,0,0000000,99,99,99,99,99,99,0,0,0,1,0
12,121470,1,1,0,0,0,1,1,99,3190,13,6,2011,2,20,39,0,16,6,CR-7,,0,26.81154722,-80.205258330,0,38,0,0,1,1,4,0,3,10,0,10,0,0000000,99,99,99,99,99,99,0,0,0,1,1
12,121471,1,1,0,1,1,1,1,86,2526,1,9,2011,5,23,22,0,14,4,SW 77TH AVENUE,,99998,25.66826944,-80.318644440,0,8,0,0,1,1,4,0,2,1,0,1,0,0000000,99,99,99,99,88,88,0,0,0,1,1
12,121472,1,1,0,1,1,1,1,103,570,1,9,2011,5,20,52,0,16,6,CLEVELAND STREET,N FREDRICA,0,27.96565000,-82.783022220,0,8,0,0,2,2,1,0,3,2,0,2,0,0000000,99,99,99,99,99,99,0,0,0,1,1
12,121473,4,4,0,0,0,4,4,11,0,8,9,2011,5,5,45,1,11,1,I-95,,99998,26.28666111,-80.124936110,0,54,11,0,1,1,1,0,3,1,0,1,0,0000000,99,99,99,99,99,99,14,0,0,1,0
12,121474,1,1,0,1,1,1,1,117,2770,8,9,2011,5,20,19,0,13,2,US-17,,99998,28.77767500,-81.275663890,0,8,0,0,1,1,1,0,3,1,0,1,0,0000000,99,99,99,99,88,88,0,0,0,1,0
12,121475,1,1,0,0,0,1,1,125,0,13,9,2011,3,16,15,0,6,4,CR-796,,0,29.98824444,-82.444083330,0,5,0,0,1,1,4,0,1,1,0,1,0,0000000,99,99,99,99,88,88,0,0,0,1,0
12,121476,2,2,0,0,0,3,3,11,771,14,9,2011,4,23,26,1,12,3,SR-91,,99998,26.04815000,-80.214600000,0,12,1,0,1,1,1,0,3,1,0,1,0,0000000,99,99,99,99,99,99,0,0,0,2,0
12,121477,1,1,0,1,1,1,1,86,0,15,9,2011,5,21,30,1,2,2,US-41,,99998,25.76090833,-80.459594440,0,8,0,0,1,1,1,0,2,1,0,1,0,0000000,99,99,99,99,88,88,0,0,0,1,0
12,121478,2,2,0,0,0,2,2,5,2450,16,9,2011,6,20,19,1,13,2,US-98,LISENBY AVENUE,99998,30.17531389,-85.683772220,0,12,6,0,2,2,1,0,3,1,0,1,0,0000000,99,99,99,99,99,99,0,0,0,1,0
12,121479,1,1,0,0,0,1,1,95,1895,17,9,2011,7,3,15,0,16,6,WYMORE ROAD,,0,28.62798889,-81.385855560,0,33,0,0,1,1,4,0,2,1,0,1,0,0000000,99,99,99,99,88,88,0,0,0,1,1
12,121480,2,2,0,0,0,3,3,31,1510,17,9,2011,7,20,8,1,11,1,I-10,,99998,30.30218889,-81.920822220,0,12,6,0,1,1,1,0,2,1,0,1,0,0000000,99,99,99,99,99,99,0,0,0,1,0
12,121481,1,1,0,0,0,3,3,39,0,19,9,2011,2,10,30,0,6,4,SHADE FARM ROAD,,0,30.65107778,-84.630427780,0,52,0,0,1,1,4,0,1,1,0,1,0,0000000,99,99,99,99,99,99,0,0,0,1,1
12,121482,2,2,0,0,0,2,2,15,0,21,9,2011,4,14,22,0,16,6,SEA MIST DR,,0,26.92145833,-82.265916670,0,12,7,0,1,1,1,0,1,1,0,1,0,0000000,99,99,99,99,99,99,0,0,0,1,0
12,121483,2,2,0,0,0,2,2,95,2360,22,9,2011,5,0,0,0,16,6,CONROY ROAD,HIDDEN BEACH BLVD,0,28.49364444,-81.471175000,0,12,6,0,2,3,1,0,2,1,0,1,0,0000000,99,99,99,99,88,88,0,0,0,2,0
12,121484,3,3,0,0,0,4,4,33,0,23,9,2011,6,5,55,0,6,4,COPTER RD,,0,30.52789444,-87.201238890,0,33,0,0,1,1,4,0,3,10,0,10,0,0000000,99,99,99,99,88,88,0,0,0,1,0
12,121485,1,1,0,1,1,1,1,95,0,16,9,2011,6,6,25,0,16,6,LANDSTREET ROAD,,0,28.43633889,-81.351180560,0,9,0,0,1,1,1,0,2,1,0,1,0,0000000,99,99,99,99,99,99,0,0,0,1,0
12,121486,2,2,0,0,0,2,2,103,860,3,7,2011,1,9,40,0,14,2,US-19,SAN SALVADOR DR,99998,28.02745833,-82.789591670,0,12,6,0,2,2,1,0,1,1,0,1,0,0000000,99,99,99,99,99,99,0,0,0,1,0
12,121487,1,1,0,2,2,1,1,86,844,6,9,2011,3,21,21,0,14,3,SR-985,,99998,25.78673333,-80.368661110,0,8,0,0,1,1,4,0,3,10,0,10,0,0000000,99,99,99,99,88,88,0,0,0,1,0
12,121488,1,1,0,0,0,2,2,31,1510,22,9,2011,5,13,45,1,11,1,I-295,,99998,30.17588889,-81.620258330,0,30,0,0,1,1,4,0,1,10,0,10,0,0000000,99,99,99,99,99,99,0,0,0,1,0
12,121489,1,1,0,0,0,1,1,85,0,24,9,2011,7,23,4,1,1,1,I-95,,99998,26.99833889,-80.198819440,0,1,0,0,1,1,1,0,2,10,0,10,0,0000000,99,99,99,99,99,99,0,0,0,1,0
12,121490,3,3,0,0,0,8,8,111,0,25,9,2011,1,20,38,1,11,1,I-95,,99998,27.48574444,-80.435372220,0,1,0,0,1,1,3,0,2,1,0,1,0,0000000,99,99,99,99,99,99,0,0,0,1,0
12,121491,1,1,0,1,1,1,1,127,2520,25,9,2011,1,19,50,1,2,2,US-17,,99998,29.22417778,-81.460736110,0,8,0,0,1,1,4,0,2,10,0,10,0,0000000,99,99,99,99,88,88,19,0,0,1,0
12,121492,2,2,0,0,0,6,6,51,600,2,4,2011,7,20,5,0,16,6,FRANCISCO STREET,EAST EL PASO,0,26.74894722,-80.922461110,0,12,6,0,2,2,1,0,3,1,0,1,0,0000000,99,99,99,99,99,99,0,0,0,1,0
12,121493,1,1,0,0,0,1,1,31,1510,8,9,2011,5,14,46,0,16,6,BONEY ROAD,,0,30.49076111,-81.531766670,0,42,0,0,1,1,4,0,1,1,0,1,0,0000000,99,99,99,99,99,99,0,0,0,1,0
12,121494,2,2,0,0,0,2,2,11,2570,18,9,2011,1,16,30,0,14,3,SR-811,NE 3RD STREET,99998,26.23417500,-80.125380560,0,12,6,0,2,2,1,0,1,1,0,1,0,0000000,99,99,99,99,99,99,0,0,0,1,1
12,121495,1,1,0,1,1,1,1,33,0,21,9,2011,4,6,30,0,14,3,SR-727,,99998,30.43439444,-87.275255560,0,8,0,0,1,1,1,0,1,10,0,10,0,0000000,99,99,99,99,99,99,0,0,0,1,0
12,121496,2,2,0,0,0,4,4,103,2730,3,6,2011,6,1,36,0,16,6,62ND AVENUE NORTH,22ND STREET NORTH,0,27.82845000,-82.663225000,0,12,6,0,2,2,1,0,3,1,0,1,0,0000000,99,99,99,99,99,99,0,0,0,2,1
12,121497,2,2,0,0,0,3,3,86,0,24,7,2011,1,13,54,0,6,4,SW 127TH AVENUE,SW 34TH STREET,0,25.95831389,-80.315361110,0,12,6,0,2,3,1,0,1,1,0,1,0,0000000,99,99,99,99,99,99,0,0,0,1,0
12,121498,1,1,0,0,0,1,1,86,2025,27,7,2011,4,19,40,0,6,4,NW 60TH AVENUE,,0,25.91324444,-80.344875000,0,42,0,0,1,1,4,0,1,1,0,1,0,0000000,99,99,99,99,88,88,0,0,0,1,1
12,121501,2,1,1,3,3,2,2,31,1510,14,8,2011,1,18,10,0,16,6,POWERS AVENUE,,0,30.25338611,-81.616025000,0,30,0,0,1,1,4,0,1,2,0,2,0,0000000,99,99,99,99,99,99,0,0,0,1,0
12,121502,2,2,0,0,0,3,3,99,2660,16,8,2011,3,8,17,0,16,6,CONGRESS AVE,CHENEY WAY,0,26.76527500,-80.088280560,0,12,6,0,2,3,1,0,1,1,0,1,0,0000000,99,99,99,99,99,99,0,0,0,1,0
12,121503,2,2,0,0,0,2,2,115,2780,17,8,2011,4,8,48,0,3,3,SR-789,BOWDOIN CIRCLE,99998,27.32795833,-82.583666670,0,12,1,0,2,3,1,0,1,2,0,2,0,0000000,99,99,99,99,99,99,0,0,0,1,0
12,121504,1,1,0,1,1,1,1,86,2220,9,9,2011,6,20,58,1,13,3,SR-924,NW 11TH AVENUE,0,25.88341944,-80.216630560,0,8,0,0,2,2,1,0,3,1,0,1,0,0000000,99,99,99,99,99,99,0,0,0,1,0
12,121505,1,1,0,0,0,3,3,11,2083,11,9,2011,1,21,44,0,13,3,SR-823,PEMBROKE ROAD,99998,25.99031111,-80.311075000,0,42,0,0,2,4,4,0,3,1,0,1,0,0000000,99,99,99,99,99,99,0,0,0,1,1
12,121506,1,1,0,0,0,1,1,31,1510,18,9,2011,1,0,40,0,16,6,ENDURANCE WAY,,0,30.30152500,-81.452802780,0,19,0,0,1,1,4,0,2,1,0,1,0,0000000,99,99,99,99,99,99,0,0,0,1,0
12,121507,1,1,0,0,0,2,2,99,0,18,9,2011,1,8,43,0,6,4,TEDDAR ROAD,,0,26.71104444,-80.689975000,0,3,0,0,1,1,4,0,1,1,0,1,0,0000000,99,99,99,99,88,88,0,0,0,2,1
12,121508,1,1,0,0,0,1,1,86,2010,19,9,2011,2,16,28,0,16,3,SR-91,,0,25.96101944,-80.229697220,0,25,0,1,5,1,4,0,1,1,0,1,0,0000000,99,99,99,99,88,88,0,0,0,1,0
12,121509,2,2,0,0,0,3,3,119,0,21,9,2011,4,8,54,0,6,4,CR-48,,0,28.66873889,-82.163738890,0,12,6,0,1,1,1,0,1,1,0,1,0,0000000,8,54,9,4,99,99,0,0,0,1,0
12,121510,1,1,0,1,1,1,1,86,0,24,9,2011,7,14,55,1,13,2,US-1,,99998,25.65191667,-80.330744440,0,42,0,0,1,1,4,0,1,10,0,10,0,0000000,99,99,99,99,99,99,0,0,0,1,0
12,121511,1,1,0,1,1,2,2,69,0,24,9,2011,7,20,26,0,6,4,CR-44A,,0,28.88210000,-81.633794440,0,43,0,0,1,1,4,0,2,10,0,10,0,0000000,99,99,99,99,99,99,19,0,0,1,0
12,121512,2,2,0,0,0,3,3,103,1770,24,9,2011,7,12,0,0,14,3,SR-686,,99998,27.91656944,-82.750727780,0,12,7,0,1,1,1,0,1,10,0,10,0,0000000,99,99,99,99,99,99,0,0,0,1,0
12,121513,1,1,0,0,0,2,2,57,355,24,9,2011,7,14,24,1,11,1,I-75,,99998,27.94980278,-82.328097220,0,1,0,0,1,1,1,0,1,10,0,10,0,0000000,99,99,99,99,99,99,0,0,0,2,0
12,121514,2,2,0,0,0,2,2,83,0,25,9,2011,1,9,0,0,6,4,CR-25A,111TH PLACE,0,29.31078333,-82.194563890,0,12,6,1,2,2,1,0,1,1,0,1,0,0000000,99,99,99,99,99,99,0,0,0,1,0
12,121515,1,1,0,1,1,1,1,9,1896,27,9,2011,3,7,26,0,14,3,SR-514,,99998,27.99788889,-80.589205560,0,9,0,0,1,1,1,0,1,1,0,1,0,0000000,99,99,99,99,99,99,0,0,0,1,0
12,121516,1,1,0,1,1,1,1,11,2948,27,9,2011,3,20,24,0,3,3,SR-870,,99998,26.19395278,-80.277227780,0,8,0,0,1,1,1,0,2,10,0,10,0,0000000,99,99,99,99,99,99,0,0,0,1,0
12,121517,1,1,0,0,0,1,1,33,0,27,9,2011,3,17,27,1,11,1,I-10,I-10,99998,30.50324722,-87.227269440,0,25,0,1,5,1,4,0,1,1,0,1,0,0000000,99,99,99,99,99,99,0,0,0,1,0
12,121519,1,1,0,1,1,1,1,97,0,30,9,2011,6,21,44,0,13,2,US-192,,99998,28.25898889,-81.324925000,0,8,0,0,1,1,4,0,2,1,0,1,0,0000000,21,46,21,55,88,88,0,0,0,1,0
12,121520,2,2,0,0,0,3,3,95,0,1,10,2011,7,22,20,1,2,3,SR-528,,99998,28.45297222,-80.919061110,0,12,2,0,1,1,1,0,2,1,0,1,0,0000000,99,99,99,99,99,99,0,0,0,1,1