STATE,ST_CASE,VE_TOTAL,VE_FORMS,PVH_INVL,PEDS,PERNOTMVIT,PERMVIT,PERSONS,COUNTY,CITY,DAY,MONTH,YEAR,DAY_WEEK,HOUR,MINUTE,NHS,ROAD_FNC,ROUTE,TWAY_ID,TWAY_ID2,MILEPT,LATITUDE,LONGITUD,SP_JUR,HARM_EV,MAN_COLL,RELJCT1,RELJCT2,TYP_INT,REL_ROAD,WRK_ZONE,LGT_COND,WEATHER1,WEATHER2,WEATHER,SCH_BUS,RAIL,NOT_HOUR,NOT_MIN,ARR_HOUR,ARR_MIN,HOSP_HR,HOSP_MN,CF1,CF2,CF3,FATALS,DRUNK_DR
12,121521,2,2,0,0,0,3,3,63,0,3,10,2011,2,13,35,0,4,3,SR-73,,99998,30.75050556,-85.229833330,0,12,6,0,8,1,1,0,1,1,0,1,0,0000000,99,99,99,99,99,99,0,0,0,1,0
12,121522,1,1,0,1,1,1,1,31,1510,22,9,2011,5,21,14,0,16,6,HODGES BLVD,CHETS CREEK BLVD,0,30.26417778,-81.466000000,0,8,0,0,2,3,1,0,2,10,0,10,0,0000000,99,99,99,99,88,88,0,0,0,1,0
12,121523,1,1,0,0,0,1,1,53,0,23,9,2011,6,13,40,0,6,4,REDBIRD LANE,,0,28.55698056,-82.325888890,0,42,0,0,1,1,4,0,1,10,0,10,0,0000000,99,99,99,99,88,88,0,0,0,1,0
12,121524,1,1,0,1,1,1,1,86,2010,16,7,2011,7,0,26,0,16,6,7TH STREET,17TH AVENUE,0,25.78003333,-80.222472220,0,8,0,0,2,2,1,0,3,1,0,1,0,0000000,99,99,99,99,99,99,0,0,0,1,0
12,121525,1,1,0,0,0,1,1,86,2010,24,7,2011,1,5,29,0,13,2,US-41,,99998,25.76529167,-80.235141670,0,42,0,0,1,1,4,0,3,10,0,10,0,0000000,99,99,99,99,88,88,0,0,0,1,1
12,121526,2,2,0,0,0,3,3,11,1420,30,7,2011,7,20,19,0,15,6,JOHNSON  STREET,62ND AVENUE,99998,26.01752778,-80.211975000,0,12,6,0,2,2,1,0,3,1,0,1,0,0000000,99,99,99,99,99,99,0,0,0,1,0
12,121527,3,2,1,0,0,5,5,9,630,31,7,2011,1,15,40,0,13,3,SR-A1A,,99998,28.32023889,-80.608877780,0,14,0,0,1,1,4,0,1,1,0,1,0,0000000,99,99,99,99,99,99,0,0,0,1,1
12,121528,3,3,0,0,0,7,7,105,0,16,9,2011,6,16,11,1,11,1,I-4,,99998,28.03640000,-82.056413890,0,24,0,0,1,1,3,0,1,1,0,1,0,0000000,99,99,99,99,99,99,14,0,0,1,0
12,121529,1,1,0,0,0,1,1,103,0,23,9,2011,6,1,10,0,6,4,131RD STREET,,0,27.85441111,-82.819919440,0,59,0,0,1,1,4,0,2,10,0,10,0,0000000,99,99,99,99,99,99,0,0,0,1,1
12,121530,4,4,0,0,0,5,5,99,0,24,9,2011,7,5,31,1,11,1,I-95,,99998,26.55896944,-80.069986110,0,12,1,0,1,1,1,0,3,1,0,1,0,0000000,99,99,99,99,99,99,0,0,0,1,1
12,121531,1,1,0,0,0,1,1,53,0,26,9,2011,2,19,50,0,6,4,CR-476,,0,28.62953611,-82.392030560,0,42,0,0,1,1,4,0,2,10,0,10,0,0000000,99,99,99,99,99,99,0,0,0,1,1
12,121532,1,1,0,1,1,1,1,35,0,27,9,2011,3,5,55,0,2,3,SR-100,,99998,29.47480000,-81.247436110,0,9,0,0,1,1,1,0,2,1,0,1,0,0000000,99,99,99,99,88,88,0,0,0,1,0
12,121533,1,1,0,0,0,2,2,5,0,27,9,2011,3,20,50,1,13,2,US-98,,99998,30.24234444,-85.916377780,0,1,0,0,1,1,1,0,3,1,0,1,0,0000000,99,99,99,99,99,99,0,0,0,1,0
12,121535,1,1,0,0,0,1,1,53,0,30,9,2011,6,4,18,0,3,2,US-41,,99998,28.61281944,-82.356672220,0,30,0,0,1,1,4,0,2,1,0,1,0,0000000,4,22,4,24,88,88,0,0,0,1,1
12,121536,1,1,0,0,0,1,1,127,0,4,10,2011,3,11,40,1,11,1,I-95,,99998,29.08380278,-81.017380560,0,1,0,0,1,1,3,0,1,1,0,1,0,0000000,99,99,99,99,99,99,0,0,0,1,0
12,121537,2,2,0,0,0,3,3,99,0,17,9,2011,7,5,46,1,11,1,I-95,,99998,26.62451111,-80.067116670,0,12,1,1,5,1,1,0,2,1,0,1,0,0000000,99,99,99,99,99,99,0,0,0,1,0
12,121538,1,1,0,0,0,4,4,73,0,17,9,2011,7,4,0,0,6,4,MERIDIAN RD,,0,30.68351944,-84.255080560,0,42,0,0,1,1,4,0,2,1,0,1,0,0000000,99,99,99,99,99,99,0,0,0,1,1
12,121539,1,1,0,0,0,1,1,133,0,18,9,2011,1,20,7,0,3,3,SR-79,,99998,30.42278889,-85.874908330,0,1,0,0,1,1,4,0,2,1,0,1,0,0000000,99,99,99,99,88,88,0,0,0,1,1
12,121540,1,1,0,1,1,1,1,121,0,19,9,2011,2,6,45,0,3,2,US-129,,99998,30.38126667,-82.938030560,0,9,0,0,1,1,1,0,4,5,0,5,0,0000000,99,99,99,99,88,88,0,0,0,1,0
12,121541,1,1,0,0,0,2,2,9,2424,23,6,2011,5,3,31,0,16,6,NEVADA DRIVE,NIXON CIR,0,28.02128333,-80.647930560,0,42,0,0,1,1,5,0,2,1,0,1,0,0000000,99,99,99,99,99,99,0,0,0,2,1
12,121542,3,3,0,0,0,3,3,103,2530,24,6,2011,6,8,25,0,16,6,BRYAN DAIRY RD,CR-501,0,27.87219167,-82.744136110,0,12,1,0,3,2,1,1,1,1,0,1,0,0000000,99,99,99,99,99,99,0,0,0,1,1
12,121543,1,1,0,1,1,1,1,85,2900,1,7,2011,6,0,9,0,14,3,SR-5,CONTRACTORS WAY,99998,27.18340000,-80.242044440,0,8,0,0,3,1,1,0,3,10,0,10,0,0000000,99,99,99,99,99,99,0,0,0,1,0
12,121544,1,1,0,0,0,2,2,83,2270,10,7,2011,1,5,2,0,16,6,NW 44TH AVENUE,SR 500,0,29.21961111,-82.193752780,0,25,0,0,3,3,1,2,9,98,0,98,0,0000000,99,99,99,99,88,88,0,0,0,2,0
12,121545,2,2,0,0,0,2,2,71,0,19,7,2011,3,16,58,0,16,6,MONTED ISOLA WAY,,0,26.41524167,-81.809211110,0,12,2,0,1,1,1,0,1,1,0,1,0,0000000,99,99,99,99,99,99,0,0,0,1,0
12,121546,2,2,0,0,0,2,2,11,1420,6,8,2011,7,19,36,0,13,2,US-441,,99998,26.03492222,-80.208511110,0,12,6,0,1,1,1,0,5,10,0,10,0,0000000,99,99,99,99,99,99,0,0,0,1,0
12,121547,1,1,0,1,1,1,1,57,0,10,9,2011,7,0,57,1,13,3,SR-60,VALRICO ROAD,99998,27.93767778,-82.252888890,0,9,0,0,2,2,1,0,3,10,0,10,0,0000000,99,99,99,99,99,99,0,0,0,1,0
12,121548,1,1,0,0,0,1,1,57,0,24,9,2011,7,3,9,0,6,4,BROADWAY AVENUE,,0,27.96663611,-82.364122220,0,38,0,0,1,1,4,0,3,1,0,1,0,0000000,99,99,99,99,99,99,0,0,0,1,1
12,121549,2,2,0,0,0,2,2,95,0,27,9,2011,3,23,35,0,14,3,SR-423,OLD WINTER GARDEN RD,99998,28.54595278,-81.413619440,0,12,6,0,2,2,1,0,3,1,0,1,0,0000000,99,99,99,99,99,99,0,0,0,1,1
12,121550,1,1,0,1,1,2,2,69,580,4,10,2011,3,22,53,1,2,2,US-27,,99998,28.35213889,-81.675566670,0,8,0,0,1,1,1,0,2,1,0,1,0,0000000,99,99,99,99,99,99,0,0,0,1,0
12,121551,2,2,0,0,0,3,3,57,2540,6,10,2011,5,12,0,0,14,3,SR-566,TOWNSGATE COURT,99998,28.02540000,-82.149930560,0,12,6,0,2,3,1,0,1,1,0,1,0,0000000,99,99,99,99,99,99,0,0,0,1,0
12,121552,2,2,0,0,0,3,3,95,0,7,10,2011,6,2,42,1,12,3,SR-91,,99998,28.54670000,-81.549500000,0,12,6,0,1,1,1,4,3,1,0,1,0,0000000,99,99,99,99,99,99,0,0,0,1,1
12,121553,1,1,0,0,0,1,1,11,1050,21,9,2011,4,12,36,1,11,1,I-95,,99998,26.08146389,-80.168441670,0,25,0,1,5,1,4,0,1,1,0,1,0,0000000,99,99,99,99,88,88,0,0,0,1,0
12,121554,2,1,1,0,1,1,2,11,771,21,9,2011,4,8,36,1,12,3,SR-91,,99998,26.08129444,-80.216152780,0,14,0,1,5,1,8,4,1,1,0,1,0,0000000,99,99,99,99,88,88,0,0,0,1,0
12,121555,2,2,0,0,0,5,5,86,0,15,5,2011,1,16,0,0,6,4,SW 296TH STREET,,0,25.49202500,-80.448975000,0,12,1,0,1,1,1,0,1,1,0,1,0,0000000,99,99,99,99,99,99,0,0,0,1,0
12,121556,1,1,0,0,0,1,1,86,2025,20,6,2011,2,5,27,0,16,6,MIAMI LAKES DRIVE,,0,25.90873056,-80.309983330,0,42,0,0,1,1,3,0,3,10,0,10,0,0000000,99,99,99,99,88,88,0,0,0,1,0
12,121557,4,4,0,0,0,6,6,86,2010,25,9,2011,1,10,30,1,11,1,I-195,,99998,25.81068889,-80.175352780,0,12,1,0,1,1,1,0,1,10,0,10,0,0000000,99,99,99,99,99,99,0,0,0,1,0
12,121558,1,1,0,1,1,1,1,86,0,26,9,2011,2,21,10,0,3,3,SR-817,,99998,25.93170278,-80.244783330,0,8,0,0,1,1,1,0,3,2,0,2,0,0000000,99,99,99,99,99,99,0,0,0,1,0
12,121559,2,2,0,0,0,3,3,33,0,29,9,2011,5,14,35,0,3,3,SR-97,,99998,30.95146111,-87.487022220,0,12,6,0,8,1,1,0,1,1,0,1,0,0000000,99,99,99,99,99,99,0,0,0,1,0
12,121560,2,2,0,0,0,5,5,99,2431,29,9,2011,5,23,39,0,14,6,CR-809A,HIATT DRIVE,99998,26.80962222,-80.136280560,0,12,6,0,2,2,1,0,3,10,0,10,0,0000000,99,99,99,99,99,99,0,0,0,1,1
12,121561,2,2,0,0,0,4,4,5,2451,2,10,2011,1,4,0,0,14,3,SR-30,,99998,30.22072778,-85.865975000,0,12,1,0,1,1,1,0,2,1,0,1,0,0000000,99,99,99,99,88,88,0,0,0,1,0
12,121563,1,1,0,0,0,2,2,69,0,6,10,2011,5,3,53,0,6,4,CR-565,,0,28.59351944,-81.871436110,0,42,0,0,1,1,4,0,2,1,0,1,0,0000000,99,99,99,99,99,99,0,0,0,1,1
12,121564,2,2,0,0,0,3,3,71,1070,12,7,2011,3,16,51,0,3,3,SR-80,VAN BUREN STREET,99998,26.66515833,-81.832588890,0,12,6,0,2,2,1,0,1,1,0,1,0,0000000,99,99,99,99,99,99,0,0,0,1,0
12,121565,1,1,0,0,0,1,1,103,2530,22,6,2011,4,14,10,0,16,6,CR-611,,0,27.83685000,-82.699777780,0,42,0,0,1,1,4,0,1,1,0,1,0,0000000,99,99,99,99,99,99,0,0,0,1,0
12,121566,1,1,0,1,1,1,1,117,30,5,7,2011,3,0,0,0,13,3,SR-414,EDEN PARK AVENUE,99998,28.64154722,-81.435561110,0,9,0,0,2,2,1,0,3,1,0,1,0,0000000,99,99,99,99,88,88,0,0,0,1,0
12,121567,2,2,0,0,0,2,2,86,0,8,7,2011,6,22,31,0,6,4,21ST STREET,,0,25.79774167,-80.245808330,0,12,6,0,1,1,1,0,3,1,0,1,0,0000000,99,99,99,99,99,99,0,0,0,1,0
12,121568,1,1,0,0,0,1,1,103,570,9,7,2011,7,21,57,0,13,3,SR-60,,99998,27.97770556,-82.823202780,0,33,0,0,1,1,3,0,3,1,0,1,0,0000000,99,99,99,99,88,88,0,0,0,1,0
12,121569,4,3,1,0,1,5,6,71,0,18,8,2011,5,11,25,0,6,4,CR-850,,0,26.43141111,-81.792944440,0,12,8,0,1,1,1,0,1,10,0,10,0,0000000,99,99,99,99,99,99,0,0,0,1,0
12,121570,1,1,0,1,1,1,1,87,1568,19,9,2011,2,21,20,1,13,2,US-1,,99998,25.09580556,-80.439111110,0,8,0,0,1,1,1,0,2,1,0,1,0,0000000,99,99,99,99,88,88,0,0,0,1,0
12,121571,2,2,0,0,0,2,2,83,0,21,9,2011,4,16,20,1,2,3,SR-40,,99998,29.17668611,-81.806961110,0,12,2,0,1,1,1,0,1,2,0,2,0,0000000,99,99,99,99,99,99,0,0,0,1,0
12,121572,2,2,0,0,0,3,3,86,2010,4,8,2011,5,7,14,0,14,4,NW 37TH AVENUE,W FLAGLER STREET,99998,25.77184444,-80.255433330,0,12,6,0,2,2,1,0,1,1,0,1,0,0000000,99,99,99,99,99,99,0,0,0,1,0
12,121573,2,2,0,0,0,2,2,86,670,20,8,2011,7,23,17,1,13,2,US-1,,99998,25.71657778,-80.274244440,0,12,98,0,1,1,1,0,3,1,0,1,0,0000000,99,99,99,99,88,88,0,0,0,1,0
12,121574,3,3,0,0,0,4,4,11,1420,31,8,2011,4,6,45,0,13,3,SR-820,N 52ND AVENUE,99998,26.01031111,-80.195722220,0,12,2,0,2,2,1,4,4,10,0,10,0,0000000,99,99,99,99,99,99,0,0,0,1,0
12,121575,1,1,0,1,1,1,1,103,1770,2,9,2011,6,6,20,0,13,3,SR-688,,99998,27.89460278,-82.797805560,0,8,0,0,1,1,1,4,4,1,0,1,0,0000000,99,99,99,99,99,99,0,0,0,1,0
12,121576,1,1,0,1,1,1,1,115,2235,2,9,2011,6,19,22,0,16,6,SUMTER BOULEVARD,MCKIBBEN DRIVE,0,27.04240556,-82.217902780,0,9,0,0,2,3,1,0,1,1,0,1,0,0000000,99,99,99,99,99,99,0,0,0,1,0
12,121577,1,1,0,0,0,1,1,11,1050,7,9,2011,4,9,38,0,16,6,COMMERCIAL BOULEVARD,,0,26.18811944,-80.173694440,0,42,0,0,1,1,4,0,1,1,0,1,0,0000000,99,99,99,99,99,99,0,0,0,1,0
12,121578,1,1,0,1,1,3,3,103,2806,14,9,2011,4,22,0,0,3,3,SR-595,100TH WAY N,99998,27.86433333,-82.786955560,0,8,0,0,2,2,1,0,3,10,0,10,0,0000000,99,99,99,99,88,88,0,0,0,1,0
12,121579,2,2,0,0,0,2,2,35,0,26,9,2011,2,8,1,1,2,2,US-1,PLANTATION BAY ROAD,99998,29.35493611,-81.156916670,0,12,6,0,2,3,1,0,1,1,0,1,0,0000000,99,99,99,99,99,99,0,0,0,1,0
12,121580,1,1,0,0,0,2,2,86,0,30,9,2011,6,4,0,1,11,3,SR-836,,99998,25.78161389,-80.333355560,0,25,0,1,5,1,4,4,3,1,0,1,0,0000000,99,99,99,99,99,99,0,0,0,1,1
12,121581,1,1,0,0,0,4,4,117,0,1,10,2011,7,20,57,1,11,1,I-4,,99998,28.80080278,-81.342997220,0,1,0,0,1,1,4,0,3,1,0,1,0,0000000,99,99,99,99,99,99,0,0,0,1,0
12,121582,2,2,0,1,1,2,2,127,0,1,10,2011,7,2,2,1,1,1,I-4,,99998,29.07688889,-81.175833330,0,8,0,0,1,1,1,0,2,1,0,1,0,0000000,99,99,99,99,88,88,23,0,0,1,1
12,121583,2,2,0,0,0,3,3,57,0,4,10,2011,3,18,45,1,13,3,SR-60,ST CLOUD AVENUE S,99998,27.93768611,-82.236694440,0,12,6,0,2,2,1,0,5,1,0,1,0,0000000,99,99,99,99,99,99,0,0,0,1,1
12,121584,1,1,0,1,1,1,1,103,2730,24,6,2011,6,17,2,0,16,6,22ND AVENUE SOUTH,28TH STREET SOUTH,0,27.74837500,-82.671052780,0,9,0,0,2,3,1,0,1,10,0,10,0,0000000,99,99,99,99,99,99,0,0,0,1,0
12,121585,1,1,0,1,1,1,1,99,3190,17,9,2011,7,19,43,0,14,6,N AUSTRALIAN AVENUE,,99998,26.74377778,-80.069897220,0,9,0,0,1,1,1,0,6,2,0,2,0,0000000,99,99,99,99,88,88,0,0,0,1,0
12,121586,2,2,0,0,0,2,2,113,0,30,9,2011,6,8,40,0,6,4,GULF BLVD,,0,30.37891389,-86.877794440,0,12,2,0,4,1,1,0,1,1,0,1,0,0000000,99,99,99,99,99,99,0,0,0,1,1
12,121587,1,1,0,0,0,2,2,117,0,1,10,2011,7,23,0,0,16,6,OSCEOLA ROAD,,0,28.79903611,-81.067747220,0,42,0,0,1,1,5,0,3,1,0,1,0,0000000,99,99,99,99,99,99,0,0,0,1,1
12,121588,1,1,0,1,1,2,2,95,0,5,10,2011,4,20,57,0,13,2,US-17,,99998,28.50143056,-81.396738890,0,8,0,0,1,1,1,0,2,1,0,1,0,0000000,99,99,99,99,88,88,0,0,0,1,0
12,121589,1,1,0,1,1,1,1,57,2950,5,10,2011,4,6,35,0,13,2,US-41,,99998,27.99610556,-82.423477780,0,8,0,0,1,1,1,0,3,1,0,1,0,0000000,99,99,99,99,88,88,0,0,0,1,0
12,121590,2,2,0,0,0,3,3,7,0,6,10,2011,5,13,2,0,3,3,SR-100,,99998,29.91533889,-82.094438890,0,12,2,0,1,1,1,0,1,1,0,1,0,0000000,99,99,99,99,99,99,0,0,0,2,0
12,121591,1,1,0,0,0,1,1,71,0,6,10,2011,5,2,3,0,6,4,WESTLINKS DRIVE,,0,26.57677778,-81.758261110,0,33,0,0,1,1,3,0,3,1,0,1,0,0000000,99,99,99,99,88,88,0,0,0,1,1
12,121592,1,1,0,0,0,1,1,19,0,7,10,2011,6,7,51,0,13,2,US-17,,99998,30.04896111,-81.708141670,0,34,0,0,1,1,4,0,1,10,0,10,0,0000000,99,99,99,99,99,99,0,0,0,1,1
12,121593,1,1,0,1,1,1,1,69,0,7,10,2011,6,19,55,0,6,4,ROYAL TRAILS ROAD,,0,28.92359722,-81.450263890,0,8,0,0,1,1,1,0,2,2,0,2,0,0000000,99,99,99,99,88,88,0,0,0,1,0
12,121594,2,2,0,0,0,2,2,71,0,7,10,2011,6,7,43,0,6,4,CR-884,GREENWOOD AVENUE,0,26.60318333,-81.620663890,0,12,6,0,2,2,1,0,1,1,0,1,0,0000000,99,99,99,99,99,99,0,0,0,1,0
12,121595,1,1,0,0,0,8,8,83,0,8,10,2011,7,2,57,1,1,1,I-75,,99998,29.30663333,-82.207297220,0,1,0,0,1,1,3,0,2,1,0,1,0,0000000,99,99,99,99,99,99,0,0,0,4,0
12,121596,1,1,0,0,0,3,3,95,0,8,10,2011,7,13,56,1,11,3,SR-91,,99998,28.53548056,-81.528488890,0,30,0,1,5,1,4,0,1,2,0,2,0,0000000,99,99,99,99,99,99,0,0,0,1,0
12,121597,1,1,0,0,0,1,1,57,0,8,10,2011,7,5,59,0,6,4,THONOTOSASSA ROAD,,0,28.04709444,-82.162997220,0,38,0,0,1,1,4,0,2,10,0,10,0,0000000,99,99,99,99,88,88,0,0,0,1,1
12,121598,1,1,0,2,2,1,1,117,0,10,10,2011,2,20,40,0,16,6,LA SALLE DRIVE,,0,28.65761389,-81.409230560,0,8,0,0,1,1,1,0,3,1,0,1,0,0000000,99,99,99,99,99,99,0,0,0,2,0
12,121599,2,2,0,0,0,2,2,17,0,11,10,2011,3,13,20,1,13,2,US-19,W ELKHORN DRIVE,99998,28.80699722,-82.576475000,0,12,6,0,8,1,1,0,1,1,0,1,0,0000000,13,21,13,24,99,99,0,0,0,1,0
12,121600,2,2,0,0,0,2,2,57,0,12,10,2011,4,20,9,1,11,1,I-4,,99998,28.02726389,-82.183494440,0,12,1,0,1,1,1,0,3,1,0,1,0,0000000,99,99,99,99,88,88,0,0,0,1,1
12,121601,2,2,0,0,0,4,4,91,0,12,10,2011,4,21,20,0,14,3,SR-123,,99998,30.51923889,-86.549513890,0,12,2,0,1,1,1,0,2,1,0,1,0,0000000,99,99,99,99,99,99,0,0,0,1,0
12,121602,1,1,0,1,1,1,1,27,0,13,10,2011,5,20,0,0,3,3,SR-72,,99998,27.20075556,-81.974386110,0,8,0,0,1,1,1,0,2,1,0,1,0,0000000,99,99,99,99,88,88,0,0,0,1,0
12,121603,2,2,0,0,0,3,3,133,0,14,10,2011,6,6,49,0,2,3,SR-77,,99998,30.59986111,-85.595672220,0,12,8,0,1,1,1,0,4,1,0,1,0,0000000,99,99,99,99,99,99,20,0,0,1,0
12,121604,2,2,0,0,0,2,2,103,2730,16,4,2011,7,2,17,0,16,6,1ST AVENUE,20TH STREET,0,27.77193889,-82.660269440,0,12,6,0,2,2,1,0,2,1,0,1,0,0000000,99,99,99,99,99,99,0,0,0,1,1
12,121605,1,1,0,1,1,2,2,103,2730,9,6,2011,5,14,3,0,13,3,SR-693,,99998,27.80332222,-82.728594440,0,8,0,0,1,1,1,0,1,1,0,1,0,0000000,99,99,99,99,99,99,0,0,0,1,0
12,121606,1,1,0,1,1,1,1,31,1510,17,9,2011,7,2,4,0,13,3,SR-21,,99998,30.19075556,-81.739505560,0,8,0,0,1,1,1,0,3,10,0,10,0,0000000,99,99,99,99,88,88,0,0,0,1,1
12,121607,1,1,0,0,0,1,1,23,0,2,10,2011,1,8,55,1,1,1,I-10,,99998,30.27070278,-82.771694440,0,1,0,0,1,1,4,0,1,1,0,1,0,0000000,99,99,99,99,99,99,0,0,0,1,0
12,121608,1,1,0,1,1,1,1,3,0,4,10,2011,3,4,1,0,3,2,US-90,,99998,30.24585556,-82.283950000,0,8,0,0,1,1,1,0,2,1,0,1,0,0000000,99,99,99,99,88,88,0,0,0,1,0
12,121609,1,1,0,0,0,1,1,31,1510,8,10,2011,7,8,13,0,16,6,YELLOW BLUFF ROAD,,0,30.47368056,-81.577777780,0,34,0,0,1,1,5,0,1,2,0,2,0,0000000,99,99,99,99,99,99,0,0,0,1,1
12,121610,1,1,0,0,0,1,1,77,0,9,10,2011,1,19,0,0,6,4,CR-67,,0,30.25828056,-84.747880560,0,42,0,0,1,1,5,0,5,10,0,10,0,0000000,99,99,99,99,88,88,0,0,0,1,1
12,121611,1,1,0,0,0,1,1,23,0,10,10,2011,2,18,55,0,6,4,NW BROWN ROAD,,0,30.21996667,-82.748369440,0,34,0,0,1,1,4,0,1,10,0,10,0,0000000,99,99,99,99,88,88,0,0,0,1,0
12,121612,2,2,0,0,0,2,2,97,0,11,10,2011,3,17,2,0,6,4,CR-530,,0,28.31740000,-81.340972220,0,12,6,0,8,1,1,0,1,1,0,1,0,0000000,99,99,99,99,99,99,0,0,0,1,0
12,121613,1,1,0,0,0,1,1,95,0,16,10,2011,1,3,5,0,6,3,SR-414,HAIWASSEE ROAD,0,28.63301389,-81.476552780,0,33,0,0,2,2,3,0,3,10,0,10,0,0000000,99,99,99,99,88,88,0,0,0,1,1
12,121614,1,1,0,1,1,1,1,97,0,16,10,2011,1,20,35,0,13,2,US-192,,99998,28.24156111,-81.204405560,0,8,0,0,1,1,1,0,2,1,0,1,0,0000000,99,99,99,99,99,99,0,0,0,1,0
12,121615,1,1,0,1,1,1,1,103,2960,13,8,2011,7,23,0,0,14,2,US-19,E. KLOSTERMAN RD,99998,28.12299722,-82.760825000,0,8,0,0,3,2,1,0,3,1,0,1,0,0000000,99,99,99,99,99,99,0,0,0,1,0
12,121616,1,1,0,1,1,1,1,117,480,2,9,2011,6,23,7,0,13,3,SR-436,,99998,28.65857500,-81.337591670,0,8,0,0,1,1,1,0,3,1,0,1,0,0000000,99,99,99,99,99,99,0,0,0,1,0
12,121617,1,1,0,0,0,1,1,31,1510,5,9,2011,2,2,25,0,16,6,OLD KINGS ROAD,,0,30.24752778,-81.619416670,0,1,0,0,1,1,4,0,3,1,0,1,0,0000000,99,99,99,99,88,88,0,0,0,1,1
12,121618,2,2,0,0,0,2,2,105,1690,9,9,2011,6,16,31,0,16,6,MAIN STREET,,0,28.04578889,-81.932875000,0,12,2,0,1,1,1,0,1,10,0,10,0,0000000,99,99,99,99,88,88,0,0,0,1,0
12,121619,1,1,0,1,1,1,1,105,0,5,5,2011,5,12,0,0,6,4,SOCRUM ROAD,ODOM ROAD,0,28.12828889,-81.950627780,0,15,0,0,2,3,1,0,1,1,0,1,0,0000000,99,99,99,99,88,88,0,0,0,1,0
12,121620,1,1,0,1,1,1,1,103,2740,4,7,2011,2,20,57,0,14,3,SR-699,,99998,27.71953056,-82.739522220,0,8,0,0,1,1,1,0,3,1,0,1,0,0000000,99,99,99,99,99,99,0,0,0,1,0
12,121621,2,2,0,0,0,4,4,107,0,3,10,2011,2,15,10,1,13,2,US-17,EASTGATE SQUARE,99998,29.64437778,-81.605513890,0,12,6,0,2,3,1,0,1,1,0,1,0,0000000,99,99,99,99,99,99,0,0,0,1,1
12,121622,1,1,0,1,1,1,1,31,1510,7,10,2011,6,6,3,0,13,3,SR-228,,99998,30.29754444,-81.770800000,0,8,0,0,1,1,1,0,3,2,0,2,0,0000000,99,99,99,99,88,88,0,0,0,1,0
12,121623,1,1,0,0,0,3,3,83,0,9,10,2011,1,11,0,1,11,1,I-75,,99998,29.07774444,-82.184663890,0,1,0,0,1,1,3,0,1,2,0,2,0,0000000,99,99,99,99,99,99,0,0,0,1,0
12,121624,2,2,0,0,0,10,10,55,0,13,10,2011,5,5,50,1,2,3,SR-70,,99998,27.20823889,-81.320011110,0,12,2,0,1,1,1,0,2,10,0,10,0,0000000,99,99,99,99,99,99,0,0,0,1,0
12,121625,2,2,0,0,0,2,2,95,2360,14,10,2011,6,15,16,1,11,1,I-4,,99998,28.49221667,-81.434119440,0,12,1,0,1,1,1,0,1,1,0,1,0,0000000,99,99,99,99,99,99,0,0,0,1,0
12,121626,1,1,0,0,0,1,1,86,0,15,10,2011,7,9,10,1,12,3,SR-836,,99998,25.78430833,-80.290572220,0,24,0,1,18,1,4,0,1,1,0,1,0,0000000,99,99,99,99,88,88,0,0,0,1,0
12,121627,1,1,0,1,1,1,1,87,1568,16,10,2011,1,0,58,1,13,2,US-1,,99998,25.06646389,-80.469919440,0,8,0,0,1,1,1,0,2,2,0,2,0,0000000,99,99,99,99,88,88,0,0,0,1,0
12,121628,2,2,0,0,0,7,7,13,0,16,10,2011,1,16,0,0,4,3,SR-69,CR-274,99998,30.57588889,-85.021705560,0,12,6,0,2,2,1,0,1,1,0,1,0,0000000,99,99,99,99,99,99,0,0,0,1,0
12,121629,1,1,0,0,0,1,1,51,0,9,10,2011,1,21,37,1,2,3,SR-80,,99998,26.75257500,-81.145508330,0,24,0,0,1,1,4,0,2,1,0,1,0,0000000,99,99,99,99,88,88,0,0,0,1,0
12,121630,1,1,0,1,1,1,1,21,0,10,10,2011,2,12,4,0,6,4,CR-896,SHIRLEY STREET,0,26.21143056,-81.781480560,0,8,0,0,3,2,4,0,1,10,0,10,0,0000000,99,99,99,99,99,99,0,0,0,1,1
12,121631,1,1,0,0,0,1,1,117,0,10,10,2011,2,21,45,0,16,6,3208 LAKE HARNEY CIR,REST HAVEN ROAD,0,28.72786389,-81.065075000,0,3,0,0,3,3,4,0,2,1,0,1,0,0000000,99,99,99,99,88,88,0,0,0,1,1
12,121632,1,1,0,1,1,1,1,85,0,12,10,2011,4,19,45,0,13,2,US-1,,99998,27.24515833,-80.272036110,0,8,0,0,1,1,1,0,3,2,0,2,0,0000000,99,99,99,99,99,99,0,0,0,1,0
12,121633,1,1,0,1,1,1,1,55,0,13,10,2011,5,19,45,0,16,6,SCHUMACHER ROAD,RANDALL ROAD,0,27.57587222,-81.514350000,0,8,0,0,2,2,1,0,2,1,0,1,0,0000000,99,99,99,99,99,99,0,0,0,1,0
12,121635,2,2,0,1,1,2,2,95,0,13,10,2011,5,19,33,0,13,2,US-441,,99998,28.71625278,-81.588736110,0,8,0,0,1,1,1,0,2,1,0,1,0,0000000,99,99,99,99,88,88,0,0,0,1,0