STATE,ST_CASE,VE_TOTAL,VE_FORMS,PVH_INVL,PEDS,PERNOTMVIT,PERMVIT,PERSONS,COUNTY,CITY,DAY,MONTH,YEAR,DAY_WEEK,HOUR,MINUTE,NHS,ROAD_FNC,ROUTE,TWAY_ID,TWAY_ID2,MILEPT,LATITUDE,LONGITUD,SP_JUR,HARM_EV,MAN_COLL,RELJCT1,RELJCT2,TYP_INT,REL_ROAD,WRK_ZONE,LGT_COND,WEATHER1,WEATHER2,WEATHER,SCH_BUS,RAIL,NOT_HOUR,NOT_MIN,ARR_HOUR,ARR_MIN,HOSP_HR,HOSP_MN,CF1,CF2,CF3,FATALS,DRUNK_DR
12,121636,2,2,0,1,1,1,1,121,0,16,10,2011,1,17,31,0,6,4,CR-136,,0,30.26960278,-83.221675000,0,12,1,0,1,1,1,0,1,1,0,1,0,0000000,99,99,99,99,88,88,23,0,0,1,0
12,121637,1,1,0,0,0,2,2,121,0,16,10,2011,1,1,15,0,6,4,208TH STREET,,0,30.07191389,-82.961880560,0,42,0,0,1,1,4,0,2,1,0,1,0,0000000,99,99,99,99,88,88,0,0,0,2,0
12,121638,1,1,0,0,0,1,1,103,2730,17,4,2011,1,21,39,0,16,6,62 AVENUE NORTH,,99998,27.82844722,-82.654361110,0,33,0,0,1,1,4,0,3,1,0,1,0,0000000,99,99,99,99,88,88,0,0,0,1,0
12,121639,1,1,0,0,0,1,1,103,2730,20,6,2011,2,21,24,0,16,6,1ST STREET NE,,99998,27.79876111,-82.634455560,0,33,0,0,1,1,4,0,3,1,0,1,0,0000000,99,99,99,99,99,99,0,0,0,1,0
12,121640,1,1,0,1,1,1,1,105,1270,18,7,2011,2,0,0,1,13,2,US-27,MASSEE ROAD,99998,28.17941944,-81.639725000,0,8,0,0,2,2,1,0,3,1,0,1,0,0000000,99,99,99,99,88,88,0,0,0,1,0
12,121641,1,1,0,1,1,1,1,103,2730,13,8,2011,7,22,55,0,16,6,34TH STREET,33RD AVENUE,99998,27.80185278,-82.679469440,0,8,0,0,3,2,1,0,3,1,0,1,0,0000000,99,99,99,99,99,99,0,0,0,1,0
12,121642,2,2,0,0,0,3,3,21,0,13,10,2011,5,19,38,0,6,4,CR-896,CR-851,0,26.21150000,-81.792136110,0,12,6,0,2,2,1,3,3,1,0,1,0,0000000,99,99,99,99,99,99,0,0,0,1,1
12,121643,2,2,0,0,0,3,3,127,2580,16,10,2011,1,17,32,0,13,3,SR-421,,99998,29.10441944,-81.032952780,0,12,6,0,4,1,1,0,1,1,0,1,0,0000000,99,99,99,99,88,88,0,0,0,2,1
12,121644,1,1,0,1,1,1,1,33,0,21,10,2011,6,21,0,0,13,3,SR-30,,99998,30.42661111,-87.278591670,0,8,0,0,1,1,1,0,2,1,0,1,0,0000000,99,99,99,99,99,99,0,0,0,1,0
12,121645,1,1,0,1,1,1,1,113,0,21,10,2011,6,18,30,0,14,2,US-90,,99998,30.60267222,-87.111188890,0,8,0,0,1,1,1,0,2,1,0,1,0,0000000,99,99,99,99,99,99,0,0,0,1,0
12,121646,1,1,0,0,0,1,1,86,2040,22,4,2011,6,17,39,0,16,6,CURTISS PKWY,HUNTINGLODGE DRIVE,0,25.81260000,-80.289116670,0,42,0,0,1,1,3,0,1,1,0,1,0,0000000,99,99,99,99,88,88,0,0,0,1,1
12,121647,1,1,0,0,0,2,2,111,2601,1,7,2011,6,2,32,0,16,6,GATLIN BOULEVARD,PORT ST LUCIE BLVD,0,27.25881667,-80.375986110,0,25,0,0,3,2,3,0,3,1,0,1,0,0000000,99,99,99,99,99,99,0,0,0,1,1
12,121648,1,1,0,1,1,1,1,103,1770,4,7,2011,2,16,40,0,16,6,INDIAN ROCKS ROAD,,0,27.88295556,-82.832450000,0,41,0,0,1,1,4,0,1,1,0,1,0,0000000,99,99,99,99,88,88,0,0,0,1,1
12,121649,2,2,0,0,0,3,3,9,2424,29,7,2011,6,20,10,0,16,6,SAN FILIPPO DRIVE,,0,27.94984722,-80.626913890,0,12,2,0,1,1,1,0,3,1,0,1,0,0000000,99,99,99,99,99,99,0,0,0,1,1
12,121650,2,1,1,0,0,1,1,103,2730,30,7,2011,7,2,48,0,16,6,NEPTUNE DRIVE,,99998,27.73489444,-82.628919440,0,41,0,0,1,1,4,0,3,1,0,1,0,0000000,99,99,99,99,99,99,0,0,0,1,1
12,121651,1,1,0,1,1,2,2,127,810,30,8,2011,3,23,5,0,13,2,US-17,BOUELVARD COURT,99998,29.04723056,-81.304141670,0,8,0,0,3,2,1,0,2,1,0,1,0,0000000,99,99,99,99,99,99,0,0,0,1,0
12,121652,1,1,0,1,1,1,1,99,290,11,9,2011,1,13,10,0,13,3,SR-808,,99998,26.36178333,-80.095572220,0,8,0,0,1,1,1,0,1,1,0,1,0,0000000,99,99,99,99,99,99,0,0,0,1,0
12,121653,1,1,0,1,1,1,1,86,1340,29,9,2011,5,10,57,0,14,4,67TH AVENUE,,99998,25.83950833,-80.257894440,0,8,0,0,1,1,1,0,1,10,0,10,0,0000000,99,99,99,99,88,88,0,0,0,1,0
12,121654,2,2,0,0,0,2,2,57,0,3,10,2011,2,22,1,0,13,3,SR-574,I-75,99998,27.98131944,-82.328419440,0,12,6,0,2,2,1,0,3,1,0,1,0,0000000,99,99,99,99,88,88,0,0,0,1,0
12,121655,1,1,0,0,0,1,1,119,0,8,10,2011,7,3,10,0,6,4,CR-48,,0,28.68682500,-82.195388890,0,1,0,0,1,1,1,0,3,10,0,10,0,0000000,99,99,99,99,99,99,0,0,0,1,0
12,121656,2,2,0,0,0,2,2,69,0,10,10,2011,2,14,48,0,6,4,CR-44,TREASUE ISLAND ROAD,99998,28.85146389,-81.806716670,0,12,6,0,2,3,1,0,1,10,0,10,0,0000000,99,99,99,99,99,99,0,0,0,1,0
12,121657,1,1,0,1,1,1,1,57,0,13,10,2011,5,1,55,0,13,2,US-92,FALKENBURG ROAD,99998,27.99554444,-82.335288890,0,8,0,0,2,2,1,0,2,1,0,1,0,0000000,99,99,99,99,99,99,0,0,0,1,0
12,121658,1,1,0,0,0,3,3,79,0,15,10,2011,7,2,29,0,3,2,US-90,,99998,30.49214444,-83.720291670,0,43,0,0,1,1,4,0,2,1,0,1,0,0000000,99,99,99,99,99,99,0,0,0,1,1
12,121659,1,1,0,0,0,2,2,127,0,15,10,2011,7,12,38,1,11,1,I-4,,99998,29.00183611,-81.242852780,0,5,0,0,1,1,1,0,1,1,0,1,0,0000000,99,99,99,99,99,99,0,0,0,1,0
12,121660,3,3,0,0,0,5,5,101,0,16,10,2011,1,0,47,1,13,2,US-19,FLORA AVENUE,99998,28.17739167,-82.740500000,0,12,6,0,2,2,1,0,3,10,0,10,0,0000000,99,99,99,99,99,99,14,0,0,1,0
12,121661,7,7,0,0,0,11,11,127,0,16,10,2011,1,4,20,1,1,1,I-4,,99998,29.05869722,-81.193119440,0,12,1,0,1,1,1,0,2,1,0,1,0,0000000,99,99,99,99,99,99,14,0,0,2,2
12,121662,1,1,0,0,0,3,3,11,790,18,10,2011,3,21,55,0,13,3,SR-810,,99998,26.31761389,-80.110650000,0,42,0,0,1,1,3,0,3,2,0,2,0,0000000,99,99,99,99,99,99,0,0,0,1,0
12,121663,1,1,0,1,1,2,2,119,0,19,10,2011,4,21,9,0,16,6,CR-470,,0,28.80478611,-82.153236110,0,9,0,0,1,1,4,0,2,1,0,1,0,0000000,99,99,99,99,99,99,0,0,0,1,1
12,121664,2,2,0,0,0,2,2,109,0,20,10,2011,5,20,0,1,1,1,I-95,,99998,29.97467222,-81.454688890,0,12,7,0,1,1,1,0,2,10,0,10,0,0000000,99,99,99,99,88,88,0,0,0,1,1
12,121665,3,3,0,0,0,7,7,33,0,21,10,2011,6,4,40,1,11,1,I-10,,99998,30.48186111,-87.251586110,0,12,1,0,1,1,1,0,1,1,0,1,0,0000000,99,99,99,99,99,99,19,0,0,2,1
12,121666,2,2,0,0,0,2,2,103,0,21,10,2011,6,8,59,0,6,4,MULLEN BOOTH RD,CR-576,0,27.99086111,-82.708630560,0,12,6,0,2,2,1,0,1,1,0,1,0,0000000,99,99,99,99,88,88,19,0,0,1,0
12,121667,1,1,0,1,1,1,1,127,780,24,10,2011,2,12,39,1,2,2,US-92,,99998,29.20182778,-81.043802780,0,8,0,0,1,1,1,0,1,1,0,1,0,0000000,99,99,12,47,88,88,0,0,0,1,0
12,121668,2,2,0,0,0,2,2,101,3330,27,7,2011,4,18,10,0,16,6,6TH AVE,SOUTH AVE,99998,28.23739722,-82.155294440,0,12,6,0,2,3,1,0,1,10,0,10,0,0000000,99,99,99,99,99,99,0,0,0,1,0
12,121669,1,1,0,2,2,1,1,31,1510,20,9,2011,3,15,32,0,14,3,SR-111,SR-210,99998,30.38041944,-81.695369440,0,18,0,0,2,2,5,0,1,2,0,2,0,0000000,99,99,99,99,99,99,0,0,0,2,0
12,121670,1,1,0,1,1,1,1,95,70,28,9,2011,4,21,36,1,2,2,US-441,S WASHINGTON AVE,99998,28.67558333,-81.515755560,0,8,0,0,2,7,1,0,2,10,0,10,0,0000000,99,99,99,99,99,99,0,0,0,1,0
12,121671,2,2,0,0,0,2,2,86,670,2,10,2011,1,4,39,0,13,3,SR-953,,99998,25.75561389,-80.262938890,0,12,1,0,1,1,1,0,3,1,0,1,0,0000000,99,99,99,99,88,88,0,0,0,1,1
12,121672,1,1,0,0,0,1,1,97,0,18,10,2011,3,3,4,0,6,4,NORTHGATE DRIVE,,0,28.26276944,-81.436416670,0,3,0,0,1,1,4,0,6,1,0,1,0,0000000,99,99,99,99,88,88,0,0,0,1,0
12,121673,3,3,0,1,1,3,3,105,0,21,10,2011,6,6,50,0,13,2,US-17,,99998,27.99311944,-81.740005560,0,8,0,0,1,1,1,0,2,1,0,1,0,0000000,99,99,99,99,88,88,0,0,0,1,0
12,121674,1,1,0,0,0,1,1,1,0,21,10,2011,6,2,14,1,2,3,SR-20,,99998,29.59752778,-82.176788890,0,1,0,0,1,1,3,0,2,1,0,1,0,0000000,99,99,99,99,99,99,0,0,0,1,1
12,121675,2,2,0,1,1,5,5,47,0,22,10,2011,7,19,43,0,6,4,CR-152,,0,30.58132222,-83.216422220,0,8,0,0,1,1,1,0,2,1,0,1,0,0000000,99,99,99,99,88,88,0,0,0,1,0
12,121677,1,1,0,0,0,4,4,5,2450,22,10,2011,7,4,14,0,14,2,US-98,,99998,30.16041667,-85.591305560,0,30,0,0,1,1,4,0,3,1,0,1,0,0000000,99,99,99,99,99,99,0,0,0,1,1
12,121678,1,1,0,1,1,1,1,131,0,22,10,2011,7,17,27,1,2,2,US-331,,99998,30.44174444,-86.144080560,0,8,0,0,1,1,1,0,1,1,0,1,0,0000000,99,99,99,99,88,88,0,0,0,1,0
12,121681,2,2,0,0,0,3,3,71,0,23,10,2011,1,14,30,0,6,4,LEELAND HEIGHTS BLVD,CALIFORNIA ROAD,0,26.60293056,-81.641627780,0,12,6,0,2,2,1,0,1,1,0,1,0,0000000,99,99,99,99,99,99,0,0,0,1,0
12,121682,1,1,0,0,0,2,2,85,0,23,10,2011,1,21,25,0,4,4,MARTIN HWY,,99998,27.16214444,-80.639330560,0,42,0,0,1,1,4,0,2,1,0,1,0,0000000,99,99,99,99,99,99,0,0,0,2,1
12,121683,3,1,2,0,0,1,1,91,0,23,10,2011,1,0,40,0,6,4,VINSON RAY ROAD,LENWOOD JACKSON ROAD,0,30.85476111,-86.674961110,0,18,0,0,3,3,4,0,2,1,0,1,0,0000000,99,99,99,99,88,88,0,0,0,1,1
12,121684,2,2,0,0,0,2,2,127,2375,24,10,2011,2,0,0,0,16,6,HAND AVENUE,,0,29.26175833,-81.095269440,0,12,2,0,1,1,1,0,6,1,0,1,0,0000000,99,99,99,99,99,99,0,0,0,1,1
12,121685,1,1,0,1,1,1,1,55,0,28,10,2011,6,1,12,1,13,2,US-27,,99998,27.55719167,-81.510258330,0,8,0,0,1,1,1,4,2,1,0,1,0,0000000,99,99,99,99,88,88,0,0,0,1,0
12,121686,1,1,0,1,1,1,1,83,2304,28,10,2011,6,2,25,0,6,4,CR-314A,,0,29.14525000,-81.902311110,0,8,0,0,1,1,1,0,3,10,0,10,0,0000000,99,99,99,99,88,88,0,0,0,1,0
12,121687,1,1,0,0,0,1,1,91,0,28,10,2011,6,2,40,0,6,4,OLD BETHEL ROAD,,0,30.79300833,-86.603072220,0,59,0,0,1,1,4,0,2,1,0,1,0,0000000,99,99,99,99,99,99,0,0,0,1,1
12,121688,1,1,0,1,1,1,1,103,1572,25,8,2011,5,15,41,0,16,6,66TH STREET,49TH AVENUE,0,27.81638056,-82.728444440,0,9,0,0,3,2,1,0,1,10,0,10,0,0000000,99,99,99,99,99,99,0,0,0,1,0
12,121689,2,2,0,0,0,4,4,81,340,30,9,2011,6,16,38,0,3,3,SR-64,48TH STREET CT,99998,27.49738056,-82.501730560,0,12,6,0,2,2,1,0,1,1,0,1,0,0000000,99,99,99,99,99,99,0,0,0,1,0
12,121690,2,2,0,0,0,4,4,99,2660,9,10,2011,1,18,49,0,14,2,US-1,BLUE HERON BOULEVARD,99998,26.78341667,-80.054841670,0,12,6,0,2,2,1,0,5,1,0,1,0,0000000,99,99,99,99,99,99,0,0,0,1,0
12,121691,1,1,0,1,1,1,1,31,1510,11,10,2011,3,21,40,0,13,2,US-90,3RD AVENUE,99998,29.19428889,-82.086913890,0,8,0,0,2,2,1,0,3,1,0,1,0,0000000,99,99,99,99,88,88,0,0,0,1,0
12,121692,2,2,0,0,0,4,4,53,0,16,10,2011,1,17,56,0,6,4,CR-587,NOREMAC STREET,0,28.50213889,-82.525547220,0,12,6,0,2,3,1,0,1,1,0,1,0,0000000,99,99,99,99,99,99,0,0,0,1,0
12,121693,1,1,0,0,0,1,1,99,2431,16,10,2011,1,6,45,1,11,1,I-95,,99998,26.84127222,-80.102241670,0,23,0,1,5,1,4,0,4,10,0,10,0,0000000,99,99,99,99,88,88,0,0,0,1,1
12,121694,2,2,0,0,0,2,2,1,10,18,10,2011,3,8,59,0,13,2,US-441,CR-237,99998,29.76835278,-82.421297220,0,12,6,0,2,2,1,0,1,1,0,1,0,0000000,99,99,99,99,88,88,0,0,0,2,0
12,121695,1,1,0,1,1,1,1,11,2468,20,10,2011,5,6,56,0,16,6,TAFT STREET,NW 125TH AVE,0,26.02225833,-80.316450000,0,8,0,0,2,3,1,0,4,1,0,1,0,0000000,99,99,99,99,99,99,0,0,0,1,0
12,121696,1,1,0,1,1,1,1,69,0,21,10,2011,6,20,20,0,13,3,SR-50,GREATER HILLS BLVD,99998,28.54653056,-81.695083330,0,8,0,1,3,2,1,0,3,1,0,1,0,0000000,99,99,99,99,88,88,0,0,0,1,0
12,121697,1,1,0,0,0,1,1,97,0,22,10,2011,7,3,51,0,13,2,US-17,,99998,28.25534167,-81.546736110,0,1,0,0,1,1,1,0,2,1,0,1,0,0000000,99,99,99,99,88,88,0,0,0,1,1
12,121699,1,1,0,0,0,1,1,23,0,23,10,2011,1,19,20,0,6,4,JAFUS AVENUE,,0,30.16163056,-82.769669440,0,42,0,0,1,1,4,0,2,1,0,1,0,0000000,99,99,99,99,99,99,0,0,0,1,1
12,121700,2,2,0,0,0,3,3,115,0,23,10,2011,1,17,15,0,13,2,US-41,BAYWOOD DRIVE,99998,27.25703611,-82.519438890,0,12,6,0,2,3,1,0,1,1,0,1,0,0000000,99,99,99,99,99,99,0,0,0,1,0
12,121701,1,1,0,0,0,1,1,13,0,24,10,2011,2,19,15,0,6,4,BODIFORD ROAD,,0,30.58581389,-85.153627780,0,1,0,0,1,1,4,0,2,1,0,1,0,0000000,99,99,99,99,99,99,0,0,0,1,0
12,121702,1,1,0,1,1,1,1,11,2219,24,10,2011,2,20,25,0,6,4,MCNAB ROAD,,0,26.20829722,-80.236255560,0,8,0,0,1,1,1,0,3,1,0,1,0,0000000,99,99,99,99,99,99,0,0,0,1,0
12,121703,2,2,0,0,0,2,2,9,0,24,10,2011,2,4,49,0,2,3,SR-50,,99998,28.54368333,-80.903794440,0,12,2,0,1,1,1,0,2,1,0,1,0,0000000,99,99,99,99,99,99,0,0,0,1,1
12,121704,2,2,0,0,0,3,3,119,0,24,10,2011,2,8,10,1,2,3,SR-44,CR-475,99998,28.87943056,-82.119930560,0,12,6,0,3,3,1,0,1,1,0,1,0,0000000,8,11,8,17,88,88,0,0,0,1,0
12,121705,1,1,0,2,2,1,1,95,2360,25,10,2011,3,16,25,0,14,3,SR-50,,99998,28.55302222,-81.390833330,0,8,0,0,1,1,4,0,1,1,0,1,0,0000000,99,99,99,99,99,99,0,0,0,1,0
12,121706,1,1,0,1,1,1,1,95,2360,25,10,2011,3,10,40,0,16,6,COACH HOUSE BLVD,,0,28.51695556,-81.328197220,0,15,0,0,1,1,1,0,1,1,0,1,0,0000000,99,99,99,99,99,99,0,0,0,1,0
12,121707,2,2,0,0,0,2,2,83,0,25,10,2011,3,7,5,0,6,4,CR-326,CR-225,0,29.28207222,-82.292755560,0,12,6,0,2,2,1,0,4,1,0,1,0,0000000,99,99,99,99,99,99,0,0,0,1,0
12,121708,2,2,0,0,0,4,4,81,0,28,10,2011,6,0,20,0,13,2,US-41,,99998,27.43308889,-82.575555560,0,12,6,0,8,1,1,0,2,10,0,10,0,0000000,99,99,99,99,99,99,0,0,0,1,1
12,121709,1,1,0,0,0,1,1,9,3000,26,3,2011,7,2,3,0,16,6,HARRISON STREET,,0,28.58593611,-80.822372220,0,39,0,0,1,1,4,0,6,1,0,1,0,0000000,99,99,99,99,99,99,0,0,0,1,0
12,121711,1,1,0,0,0,1,1,103,2730,8,8,2011,2,19,27,0,6,6,16TH STREET,58TH AVE,0,27.82482222,-82.655002780,0,33,0,0,3,2,4,0,1,10,0,10,0,0000000,99,99,99,99,99,99,0,0,0,1,1
12,121713,2,2,0,0,0,4,4,11,672,24,9,2011,7,0,18,0,16,6,RIVERSIDE DRIVE,CORAL RIDGE DRIVE,0,26.23401389,-80.280136110,0,12,6,0,2,2,1,0,3,10,0,10,0,0000000,99,99,99,99,99,99,0,0,0,1,0
12,121714,2,2,0,0,0,3,3,81,2440,2,10,2011,1,19,48,0,14,3,SR-43,SR-55 RAMP,99998,27.52139167,-82.552472220,0,12,6,0,2,2,1,0,3,1,0,1,0,0000000,99,99,99,99,99,99,0,0,0,1,1
12,121715,2,2,0,0,0,2,2,86,0,9,10,2011,1,20,13,0,13,3,SR-9,23RD STREET,99998,25.79803056,-80.239838890,0,12,6,0,2,3,1,0,3,1,0,1,0,0000000,99,99,99,99,88,88,0,0,0,1,2
12,121716,2,2,0,0,0,4,4,86,0,10,10,2011,2,6,39,0,14,3,SR-934,81ST STREET,99998,25.84891667,-80.208211110,0,12,6,0,2,2,1,0,3,1,0,1,0,0000000,99,99,99,99,99,99,0,0,0,1,0
12,121717,1,1,0,0,0,2,2,86,2010,19,10,2011,4,22,40,1,1,1,I-395,,99998,25.78481944,-80.239530560,0,24,0,0,1,1,4,0,3,1,0,1,0,0000000,99,99,99,99,99,99,0,0,0,1,0
12,121718,1,1,0,1,1,1,1,86,0,22,10,2011,7,23,6,1,13,2,US-1,,99998,25.66124444,-80.284669440,0,8,0,0,1,1,1,0,2,1,0,1,0,0000000,99,99,99,99,99,99,0,0,0,1,0
12,121719,2,2,0,0,0,2,2,117,30,24,10,2011,2,15,1,0,13,3,SR-436,PALM SPRINGS DRIVE,99998,28.66372500,-81.374080560,0,12,2,0,8,1,1,0,1,1,0,1,0,0000000,99,99,99,99,99,99,0,0,0,1,0
12,121720,1,1,0,1,1,1,1,83,0,26,10,2011,4,21,15,0,13,3,SR-40,,99998,29.18639722,-82.199600000,0,8,0,0,1,1,1,0,2,1,0,1,0,0000000,99,99,99,99,88,88,0,0,0,1,0
12,121721,5,5,0,0,0,9,9,11,0,18,10,2011,3,21,30,1,11,1,I-95,,99998,26.16598056,-80.160250000,0,12,1,0,1,1,1,0,3,2,0,2,0,0000000,99,99,99,99,99,99,0,0,0,1,1
12,121722,1,1,0,1,1,2,2,95,0,24,10,2011,2,15,45,0,16,6,GREENWICH AVE,LAKEMONT AVE,0,28.54340000,-81.309611110,0,9,0,0,2,3,1,0,1,1,0,1,0,0000000,99,99,99,99,99,99,0,0,0,1,0
12,121723,1,1,0,1,1,1,1,87,0,26,10,2011,4,10,54,1,13,2,US-1,KEY DEER BLVD,99998,24.66985278,-81.359916670,0,9,0,0,2,2,1,0,1,1,0,1,0,0000000,99,99,99,99,99,99,0,0,0,1,0
12,121724,2,2,0,0,0,3,3,35,0,29,10,2011,7,22,25,0,2,3,SR-20,,99998,29.47872222,-81.190127780,0,12,2,0,1,1,1,0,2,1,0,1,0,0000000,99,99,99,99,99,99,0,0,0,1,0
12,121725,2,2,0,0,0,3,3,61,0,29,10,2011,7,20,12,0,14,4,49TH STREET,,99998,27.68148056,-80.437719440,0,12,2,0,1,1,1,0,2,1,0,1,0,0000000,99,99,99,99,99,99,0,0,0,1,1
12,121726,1,1,0,1,1,1,1,21,0,30,10,2011,1,23,54,1,2,2,US-41,,99998,25.90965000,-81.361466670,0,8,0,0,1,1,1,0,2,10,0,10,0,0000000,99,99,99,99,88,88,0,0,0,1,0
12,121727,2,2,0,0,0,3,3,31,1510,30,10,2011,1,2,5,0,13,2,US-1,CYPRESS PLAZA DRIVE,99998,30.23801944,-81.595600000,0,12,6,0,2,2,1,0,3,1,0,1,0,0000000,99,99,99,99,99,99,0,0,0,2,2
12,121728,2,2,0,1,1,2,2,95,0,31,10,2011,2,7,14,0,13,3,SR-50,,99998,28.55249167,-81.454111110,0,8,0,0,1,1,1,0,4,10,0,10,0,0000000,99,99,99,99,88,88,0,0,0,1,0
12,121729,2,2,0,1,1,2,2,105,0,24,6,2011,6,13,37,0,13,2,US-92,COMBEE ROAD,99998,28.04783333,-81.907958330,0,9,0,0,2,2,1,0,1,10,0,10,0,0000000,99,99,99,99,99,99,0,0,0,1,0
12,121730,1,1,0,1,1,1,1,86,2010,16,9,2011,6,6,9,0,6,6,W FLAGLER STREET,NW 1ST AVENUE,0,25.77405556,-80.195561110,0,8,0,0,2,2,1,0,2,1,0,1,0,0000000,99,99,99,99,88,88,0,0,0,1,0
12,121731,1,1,0,1,1,2,2,86,0,17,9,2011,7,21,16,0,13,3,SR-9,116TH STREET,99998,25.87994444,-80.243025000,0,8,0,0,3,3,1,0,2,1,0,1,0,0000000,99,99,99,99,88,88,0,0,0,1,0
12,121732,2,2,0,0,0,2,2,86,2040,29,9,2011,5,21,0,1,11,3,SR-112,,99998,25.80831944,-80.264261110,0,25,0,1,5,1,4,0,2,1,0,1,0,0000000,99,99,99,99,99,99,0,0,0,1,0
12,121733,1,1,0,0,0,2,2,99,0,9,10,2011,1,21,58,0,16,6,CENTRAL BOULEVARD,,0,26.91199167,-80.127838890,0,1,0,0,1,1,4,0,3,1,0,1,0,0000000,99,99,99,99,99,99,0,0,0,1,1
12,121735,1,1,0,1,1,3,3,101,3330,5,8,2011,6,21,13,0,13,2,US-301,SPANISH TRAILS BLVD,99998,28.26094444,-82.188027780,0,8,0,0,2,3,1,0,3,10,0,10,0,0000000,99,99,99,99,99,99,0,0,0,1,0
12,121736,1,1,0,0,0,2,2,86,2040,4,9,2011,1,4,14,0,6,6,42ND AVE,,0,25.91846944,-80.199980560,0,38,0,0,1,1,4,0,2,10,0,10,0,0000000,99,99,99,99,99,99,0,0,0,2,1
12,121737,1,1,0,1,1,1,1,71,457,12,10,2011,4,20,3,0,16,6,PONDELLA ROAD,,0,26.66740000,-81.926900000,0,8,0,0,1,1,1,0,2,1,0,1,0,0000000,99,99,99,99,99,99,0,0,0,1,0
12,121738,2,2,0,0,0,2,2,53,390,15,10,2011,7,18,45,1,13,3,SR-50,EMERALD SPRINGS WAY,99998,28.54351667,-82.415261110,0,12,6,0,2,4,1,0,5,1,0,1,0,0000000,99,99,99,99,99,99,0,0,0,1,0
12,121739,3,3,0,0,0,4,4,53,0,19,10,2011,4,16,42,0,6,4,CENTRALIA ROAD,,0,28.61413611,-82.468625000,0,12,8,0,8,1,1,0,1,10,0,10,0,0000000,99,99,99,99,99,99,0,0,0,1,0
12,121740,1,1,0,1,1,2,2,73,0,25,10,2011,3,12,0,0,2,3,SR-20,,99998,30.40400833,-84.565930560,0,8,0,0,1,1,1,0,1,1,0,1,0,0000000,99,99,99,99,99,99,0,0,0,1,0
12,121741,1,1,0,1,1,1,1,127,780,2,11,2011,4,0,0,0,13,2,US-92,,99998,29.15299444,-81.106491670,0,8,0,0,1,1,1,0,2,1,0,1,0,0000000,99,99,99,99,88,88,0,0,0,1,0
12,121743,1,1,0,0,0,2,2,55,0,4,11,2011,6,0,47,0,6,4,COUGAR BOULEVARD,,0,27.50501111,-81.514527780,0,11,0,0,1,1,1,0,2,1,0,1,0,0000000,99,99,99,99,99,99,0,0,0,1,1
12,121744,1,1,0,0,0,1,1,86,0,11,6,2011,7,6,10,0,6,5,SW 268TH STREET,,0,25.51869722,-80.363933330,0,3,0,0,1,1,4,0,4,5,0,5,0,0000000,99,99,99,99,88,88,0,0,0,1,0
12,121745,1,1,0,1,1,1,1,11,1927,25,6,2011,7,21,49,0,13,2,US-441,SW 7TH STREET,99998,26.22248333,-80.204422220,0,8,0,0,2,2,1,0,3,2,0,2,0,0000000,99,99,99,99,88,88,0,0,0,1,0
12,121746,1,1,0,1,1,1,1,31,1510,24,10,2011,2,20,30,0,16,6,BRIDIER STREET,,0,30.33389722,-81.637902780,0,8,0,0,1,1,4,0,3,1,0,1,0,0000000,99,99,99,99,99,99,0,0,0,1,0
12,121747,1,1,0,1,1,1,1,57,0,26,8,2011,6,0,33,0,6,4,11TH STREET,124TH AVENUE,0,28.06083611,-82.448433330,0,8,0,0,1,1,1,0,3,1,0,1,0,0000000,99,99,99,99,88,88,0,0,0,1,0
12,121748,2,2,0,0,0,4,4,39,0,24,10,2011,2,12,40,0,6,4,CR-157,CR-12,99998,30.65765000,-84.364563890,0,12,6,0,2,2,1,0,1,1,0,1,0,0000000,99,99,99,99,99,99,0,0,0,1,0
12,121749,1,1,0,0,0,2,2,103,0,28,10,2011,6,22,9,0,14,2,US-19,,99998,28.09692500,-82.772558330,0,1,0,0,1,1,1,2,2,10,0,10,0,0000000,99,99,99,99,99,99,0,0,0,1,0
12,121750,2,2,0,1,1,6,6,86,0,30,10,2011,1,3,12,1,12,3,SR-836,,99998,25.78463611,-80.296119440,0,12,1,0,1,1,1,0,2,2,0,2,0,0000000,99,99,99,99,99,99,23,0,0,1,0
12,121751,1,1,0,0,0,3,3,71,0,2,9,2011,6,11,12,0,6,6,NANTUCKET ROAD,,99998,26.67954444,-81.865083330,0,5,0,0,1,1,1,0,1,1,0,1,0,0000000,99,99,99,99,99,99,0,0,0,1,0
12,121753,1,1,0,1,1,2,2,83,2270,26,8,2011,6,23,33,0,16,6,NE 36TH AVENUE,,0,29.19428056,-82.086913890,0,8,0,0,1,1,1,0,3,1,0,1,0,0000000,99,99,99,99,88,88,0,0,0,1,0
12,121754,1,1,0,1,1,1,1,11,2260,3,9,2011,7,22,25,0,3,3,SR-816,,99998,26.16678889,-80.134808330,0,8,0,0,1,1,1,0,3,1,0,1,0,0000000,99,99,99,99,88,88,0,0,0,1,0
12,121755,2,2,0,0,0,3,3,5,2450,3,9,2011,7,0,1,1,13,2,US-98,BROWN AVENUE,99998,30.18096667,-85.721316670,0,12,6,0,2,2,1,0,3,10,0,10,0,0000000,99,99,99,99,99,99,0,0,0,1,1