STATE,ST_CASE,VE_TOTAL,VE_FORMS,PVH_INVL,PEDS,PERNOTMVIT,PERMVIT,PERSONS,COUNTY,CITY,DAY,MONTH,YEAR,DAY_WEEK,HOUR,MINUTE,NHS,ROAD_FNC,ROUTE,TWAY_ID,TWAY_ID2,MILEPT,LATITUDE,LONGITUD,SP_JUR,HARM_EV,MAN_COLL,RELJCT1,RELJCT2,TYP_INT,REL_ROAD,WRK_ZONE,LGT_COND,WEATHER1,WEATHER2,WEATHER,SCH_BUS,RAIL,NOT_HOUR,NOT_MIN,ARR_HOUR,ARR_MIN,HOSP_HR,HOSP_MN,CF1,CF2,CF3,FATALS,DRUNK_DR
12,121756,1,1,0,1,1,1,1,111,1080,4,9,2011,1,4,21,0,15,6,JENKINS ROAD,,99998,27.40728889,-80.382886110,0,8,0,0,1,1,1,0,2,10,0,10,0,0000000,99,99,99,99,88,88,0,0,0,1,0
12,121757,2,2,0,0,0,2,2,103,2806,12,10,2011,4,13,29,0,13,2,US-19,94TH STREET NORTH,99998,27.85854722,-82.786991670,0,12,6,0,2,3,1,0,1,1,0,1,0,0000000,99,99,99,99,99,99,0,0,0,1,0
12,121758,1,1,0,1,1,1,1,33,2490,15,10,2011,7,20,38,0,16,6,CERVANTES STREET,,0,30.42056944,-87.239230560,0,8,0,0,1,1,1,0,3,1,0,1,0,0000000,99,99,99,99,99,99,0,0,0,1,0
12,121759,1,1,0,0,0,1,1,97,0,30,10,2011,1,3,43,0,16,6,KISSIMMEE PARK ROAD,,0,28.20226111,-81.342336110,0,1,0,0,1,1,4,0,2,1,0,1,0,0000000,3,47,4,2,88,88,0,0,0,1,1
12,121760,1,1,0,0,0,1,1,129,0,30,10,2011,1,2,30,1,2,2,US-98,,99998,30.09267222,-84.385600000,0,1,0,0,1,1,4,0,2,1,0,1,0,0000000,99,99,99,99,88,88,0,0,0,1,1
12,121761,1,1,0,0,0,1,1,23,0,5,11,2011,7,7,15,0,6,4,HILLIARD LN,LIME WAY,0,29.91137778,-82.674947220,0,42,0,0,2,3,4,0,4,1,0,1,0,0000000,99,99,99,99,88,88,0,0,0,1,0
12,121762,2,2,0,0,0,3,3,101,0,5,11,2011,7,13,29,1,13,2,US-19,GULF HIGHLANDS DR,99998,28.32553889,-82.698219440,0,12,6,0,2,3,1,0,1,10,0,10,0,0000000,99,99,99,99,99,99,0,0,0,1,0
12,121763,2,2,0,0,0,3,3,105,1690,5,11,2011,7,0,0,0,14,3,SR-37,LAKE MIRIAM SQUARE,99998,27.97487500,-81.960141670,0,12,6,0,2,2,1,0,3,98,0,98,0,0000000,99,99,99,99,99,99,0,0,0,1,0
12,121764,2,2,0,0,0,2,2,11,2219,21,10,2011,6,17,17,0,14,6,ROCK ISLAND RD,12TH ST,99998,26.25010556,-80.221361110,0,12,6,0,2,2,1,0,1,1,0,1,0,0000000,99,99,99,99,99,99,0,0,0,1,0
12,121765,1,1,0,0,0,4,4,86,844,20,8,2011,7,22,57,0,16,6,12TH ST,,0,25.78301389,-80.356958330,0,42,0,0,1,1,3,0,3,1,0,1,0,0000000,99,99,99,99,88,88,0,0,0,3,0
12,121766,1,1,0,1,1,1,1,86,0,8,8,2011,2,9,9,0,14,3,SR-985,,99998,25.74133333,-80.367702780,0,8,0,0,1,1,1,0,1,1,0,1,0,0000000,99,99,99,99,88,88,0,0,0,1,0
12,121767,1,1,0,0,0,3,3,86,0,18,8,2011,5,2,33,0,16,6,NW 12TH STREET,NW 124TH PATH,0,25.78219444,-80.396202780,0,33,0,1,2,3,4,0,3,1,0,1,0,0000000,99,99,99,99,99,99,0,0,0,1,0
12,121768,2,2,0,0,0,2,2,86,0,18,8,2011,5,4,44,0,6,4,SW 56TH STREET,SW 157TH AVE,0,25.71342778,-80.447122220,0,12,6,0,2,2,1,0,3,1,0,1,0,0000000,99,99,99,99,99,99,0,0,0,1,1
12,121769,1,1,0,0,0,2,2,86,0,29,8,2011,2,15,48,0,6,8,SW 264TH STREET,,0,25.52093056,-80.502969440,0,30,0,0,1,1,4,0,1,1,0,1,0,0000000,99,99,99,99,99,99,0,0,0,1,0
12,121770,1,1,0,1,1,1,1,99,0,8,10,2011,7,6,55,0,15,8,PINEHURST DR,,99998,26.64368889,-80.157163890,0,8,0,0,1,1,1,0,2,10,0,10,0,0000000,99,99,99,99,99,99,0,0,0,1,0
12,121771,2,2,0,0,0,2,2,61,0,14,10,2011,6,19,25,0,13,2,US-1,CR-510,99998,27.74810278,-80.435255560,0,12,6,0,2,2,1,0,3,1,0,1,0,0000000,99,99,99,99,99,99,0,0,0,1,2
12,121772,2,2,0,0,0,2,2,71,0,25,10,2011,3,12,10,0,6,4,LEE BLVD,WESTGATE BLVD,0,26.62090000,-81.749730560,0,12,6,0,2,2,1,0,1,1,0,1,0,0000000,99,99,99,99,99,99,0,0,0,1,0
12,121773,1,1,0,0,0,1,1,99,0,26,10,2011,4,21,40,0,13,3,SR-809,,99998,26.78330833,-80.109077780,0,59,0,0,1,1,3,0,3,1,0,1,0,0000000,99,99,99,99,99,99,0,0,0,1,1
12,121774,1,1,0,0,0,1,1,23,0,28,10,2011,6,17,14,1,1,1,I-10,,99998,30.26195833,-82.734697220,0,1,0,0,1,1,3,0,1,10,0,10,0,0000000,99,99,99,99,99,99,0,0,0,1,1
12,121775,2,2,0,0,0,4,4,105,0,1,11,2011,3,20,50,0,4,3,SR-17 LAKE WALES,CR-17B,99998,27.87201944,-81.565002780,0,12,6,0,2,2,1,0,2,1,0,1,0,0000000,99,99,99,99,99,99,0,0,0,1,0
12,121776,3,3,0,0,0,3,3,111,0,3,11,2011,5,23,35,0,13,3,SR-713,,99998,27.48155278,-80.398772220,0,12,2,0,1,1,1,0,2,1,0,1,0,0000000,99,99,99,99,99,99,0,0,0,1,1
12,121777,1,1,0,1,1,3,3,11,2570,3,11,2011,5,19,20,0,14,3,SR-A1A,NE 11TH STREET,99998,26.24755000,-80.087030560,0,8,0,0,3,3,1,0,5,1,0,1,0,0000000,99,99,99,99,88,88,0,0,0,1,0
12,121778,1,1,0,0,0,1,1,29,0,5,11,2011,7,0,2,0,6,4,CR-351,,0,29.45375833,-83.282963890,0,42,0,0,1,1,4,0,2,1,0,1,0,0000000,99,99,99,99,88,88,0,0,0,1,1
12,121779,2,2,0,0,0,9,9,49,3120,5,11,2011,7,23,30,1,13,2,US-17,,99998,27.51206667,-81.803897220,0,12,6,0,1,1,1,0,2,1,0,1,0,0000000,99,99,99,99,99,99,0,0,0,1,1
12,121780,1,1,0,0,0,2,2,73,0,6,11,2011,1,3,30,0,6,4,N MERIDIA,,0,30.65028333,-84.269672220,0,42,0,0,1,1,4,0,2,1,0,1,0,0000000,99,99,99,99,99,99,0,0,0,1,1
12,121781,2,2,0,0,0,2,2,75,0,6,11,2011,1,0,2,1,2,2,US-27,,99998,29.43156389,-82.606222220,0,12,2,0,1,1,1,0,2,1,0,1,0,0000000,99,99,99,99,99,99,0,0,0,2,2
12,121782,1,1,0,0,0,1,1,71,0,7,11,2011,2,11,20,1,11,1,I-75,,99998,26.40508333,-81.772669440,0,59,0,0,1,1,4,0,1,1,0,1,0,0000000,99,99,99,99,99,99,0,0,0,1,0
12,121783,2,2,0,0,0,2,2,69,0,7,11,2011,2,5,1,0,3,3,SR-33,CR-561,99998,28.40965000,-81.830147220,0,1,0,0,2,3,4,0,2,1,0,1,0,0000000,99,99,99,99,88,88,0,0,0,1,0
12,121784,1,1,0,0,0,2,2,101,0,9,11,2011,4,11,1,0,6,4,COURTNEY DRIVE,,0,28.20863611,-82.732783330,0,33,0,0,1,1,4,0,1,1,0,1,0,0000000,99,99,99,99,99,99,0,0,0,2,0
12,121785,2,2,0,0,0,2,2,113,0,10,11,2011,5,14,5,1,13,2,US-98,WHISPERING PINES BLV,99998,30.40959722,-86.821330560,0,12,6,0,2,3,1,0,1,10,0,10,1,0000000,99,99,99,99,99,99,0,0,0,1,1
12,121786,1,1,0,1,1,1,1,69,2130,10,11,2011,5,20,43,0,16,4,CR-19A,,0,28.81275278,-81.684858330,0,8,0,0,1,1,1,0,2,1,0,1,0,0000000,99,99,99,99,88,88,0,0,0,1,0
12,121787,2,2,0,0,0,2,2,57,2950,14,10,2011,6,14,16,0,16,4,ML KING BLVD,26TH STREET,99998,27.98145278,-82.430661110,0,12,6,0,2,2,1,0,1,1,0,1,0,0000000,99,99,99,99,99,99,0,0,0,1,2
12,121788,1,1,0,0,0,1,1,31,1510,4,11,2011,6,22,55,1,11,1,I-295,,99998,30.20656667,-81.577838890,0,24,0,0,1,1,3,0,3,1,0,1,0,0000000,99,99,99,99,88,88,0,0,0,1,1
12,121789,1,1,0,0,0,1,1,35,2439,5,11,2011,7,0,0,0,16,6,COLBERT LANE,,0,29.55662222,-81.197372220,0,42,0,0,1,1,5,0,2,10,0,10,0,0000000,99,99,99,99,88,88,0,0,0,1,1
12,121790,1,1,0,0,0,1,1,21,0,8,11,2011,3,11,42,0,6,4,PINE RIDGE RD,,0,26.21179444,-81.763338890,0,1,0,0,1,1,1,0,1,1,0,1,0,0000000,99,99,99,99,88,88,0,0,0,1,0
12,121791,1,1,0,1,1,1,1,73,2940,8,11,2011,3,6,19,0,13,2,US-319,,99998,30.44296389,-84.226425000,0,8,0,0,1,1,1,0,3,10,0,10,0,0000000,99,99,99,99,99,99,0,0,0,1,0
12,121792,1,1,0,0,0,2,2,129,0,8,11,2011,3,17,17,9,99,9,FOREST ROAD,,99998,30.16412778,-84.504052780,0,34,0,0,1,1,5,0,1,10,0,10,0,0000000,99,99,99,99,88,88,0,0,0,1,1
12,121793,2,2,0,0,0,3,3,71,0,9,11,2011,4,19,32,1,13,3,SR-80,OLGA DR,99998,26.71151944,-81.712536110,0,12,6,0,2,2,1,0,2,1,0,1,0,0000000,99,99,99,99,99,99,0,0,0,1,0
12,121794,2,2,0,0,0,3,3,109,0,9,11,2011,4,2,10,1,1,1,I-95,,99998,29.70343056,-81.327819440,0,12,1,0,1,1,1,0,2,1,0,1,0,0000000,99,99,99,99,99,99,0,0,0,2,1
12,121795,1,1,0,0,0,1,1,127,780,10,11,2011,5,14,45,1,11,1,I-95,,99998,29.21995000,-81.103111110,0,39,0,0,1,1,4,0,1,1,0,1,0,0000000,99,99,99,99,88,88,0,0,0,1,0
12,121796,2,2,0,0,0,3,3,31,1510,11,11,2011,6,11,58,0,12,3,SR-202,,99998,30.25020278,-81.571127780,0,12,7,0,1,1,1,0,1,1,0,1,0,0000000,99,99,99,99,99,99,0,0,0,1,0
12,121797,2,2,0,0,0,2,2,71,0,12,11,2011,7,10,57,0,6,4,CR-850,,0,26.43139722,-81.784752780,0,42,0,0,1,1,3,0,1,1,0,1,0,0000000,99,99,99,99,99,99,0,0,0,1,0
12,121798,3,3,0,0,0,5,5,71,0,13,11,2011,1,16,9,0,3,3,SR-82,,99998,26.57208889,-81.691475000,0,12,1,0,1,1,1,0,1,1,0,1,0,0000000,99,99,99,99,99,99,0,0,0,1,1
12,121799,1,1,0,0,0,1,1,75,0,13,11,2011,1,20,0,0,3,3,SR-24,,99998,29.25054444,-82.906163890,0,30,0,0,1,1,4,0,2,1,0,1,0,0000000,99,99,99,99,88,88,0,0,0,1,0
12,121800,1,1,0,0,0,2,2,97,0,13,11,2011,1,3,58,0,14,2,US-192,,99998,28.09192778,-80.864402780,0,1,0,0,1,1,1,0,3,1,0,1,0,0000000,99,99,99,99,99,99,0,0,0,1,0
12,121801,2,2,0,0,0,2,2,95,2360,14,11,2011,2,17,37,0,14,3,SR-436,,99998,28.52176667,-81.310469440,0,12,6,0,8,1,1,0,1,1,0,1,0,0000000,99,99,99,99,99,99,0,0,0,1,0
12,121802,1,1,0,0,0,2,2,11,2541,15,11,2011,3,12,0,0,15,4,54TH AVENUE,,99998,26.10380000,-80.221136110,0,33,0,0,1,1,3,0,1,1,0,1,0,0000000,99,99,99,99,99,99,0,0,0,1,0
12,121803,1,1,0,1,1,2,2,57,0,15,11,2011,3,19,42,0,13,2,US-41,,99998,28.13776389,-82.463119440,0,8,0,0,1,1,1,0,3,1,0,1,0,0000000,99,99,99,99,99,99,0,0,0,1,0
12,121805,1,1,0,0,0,2,2,57,0,14,8,2011,1,16,29,0,6,8,GIBSONTON DRIVE,I-75,0,27.85063889,-82.348972220,0,1,0,0,3,2,1,0,1,1,0,1,0,0000000,99,99,99,99,99,99,0,0,0,1,1
12,121806,2,2,0,0,0,2,2,91,0,16,12,2011,6,22,10,0,14,2,US-90,,99998,30.75723056,-86.535847220,0,12,2,0,1,1,1,0,2,5,0,5,0,0000000,99,99,99,99,99,99,0,0,0,1,0
12,121807,2,2,0,0,0,3,3,101,2590,26,8,2011,6,10,39,1,13,2,US-19,PASCO WAY,99998,28.27500556,-82.721213890,0,12,6,0,2,2,1,0,1,1,0,1,0,0000000,99,99,99,99,99,99,0,0,0,1,0
12,121808,1,1,0,0,0,3,3,11,1420,30,8,2011,3,22,58,0,13,3,SR-824,,99998,25.99646111,-80.176969440,0,42,0,0,1,1,3,0,3,10,0,10,0,0000000,99,99,99,99,99,99,0,0,0,1,1
12,121809,1,1,0,1,1,1,1,9,2785,6,10,2011,5,21,42,0,13,3,SR-A1A,,99998,28.16523611,-80.587647220,0,8,0,0,1,1,1,0,2,10,0,10,0,0000000,99,99,99,99,88,88,0,0,0,1,0
12,121810,2,2,0,0,0,2,2,65,0,16,10,2011,1,14,15,0,4,3,SR-59,,99998,30.35181667,-83.990488890,0,12,6,0,8,1,1,0,1,1,0,1,0,0000000,99,99,99,99,99,99,0,0,0,1,0
12,121811,1,1,0,0,0,3,3,7,0,7,11,2011,2,11,35,0,14,3,SR-100,,99998,29.94473056,-82.121855560,0,43,0,0,1,1,4,0,1,10,0,10,0,0000000,99,99,99,99,99,99,0,0,0,1,0
12,121812,2,2,0,0,0,3,3,101,750,11,11,2011,6,0,0,1,2,2,US-98,RIVER ROAD,99998,28.37243611,-82.188125000,0,12,2,0,2,2,1,0,3,1,0,1,0,0000000,99,99,99,99,99,99,0,0,0,1,0
12,121813,2,2,0,0,0,2,2,77,0,14,11,2011,2,10,25,0,2,3,SR-20,SR-65,99998,30.39020278,-84.797733330,0,12,6,0,2,2,1,0,1,10,0,10,0,0000000,99,99,99,99,99,99,0,0,0,1,0
12,121814,1,1,0,0,0,3,3,39,0,15,11,2011,3,23,40,0,14,2,US-90,,99998,30.60238333,-84.652811110,0,1,0,0,1,1,4,0,2,1,0,1,0,0000000,99,99,99,99,99,99,0,0,0,3,1
12,121816,1,1,0,0,0,1,1,49,0,17,11,2011,5,12,15,0,2,3,SR-64,,99998,27.48381944,-82.043808330,0,32,0,0,1,1,4,0,1,10,0,10,0,0000000,99,99,99,99,88,88,0,0,0,1,0
12,121817,3,3,0,0,0,3,3,33,0,18,11,2011,6,8,15,0,13,3,SR-30,,99998,30.41119444,-87.368677780,0,12,8,0,1,1,1,0,1,1,0,1,0,0000000,99,99,99,99,99,99,0,0,0,1,0
12,121818,2,2,0,0,0,3,3,117,30,19,11,2011,7,18,49,0,13,3,SR-436,,99998,28.66196111,-81.393888890,0,12,7,0,1,1,1,0,3,1,0,1,0,0000000,99,99,99,99,99,99,0,0,0,1,0
12,121819,1,1,0,0,0,2,2,69,0,20,11,2011,1,13,26,0,6,4,CHERRY LAKE ROAD,,0,28.60263056,-81.822761110,0,41,0,0,1,1,4,0,1,1,0,1,0,0000000,99,99,99,99,99,99,0,0,0,1,0
12,121820,1,1,0,0,0,1,1,63,0,20,11,2011,1,15,10,1,1,1,I-10,,99998,30.63626944,-84.945550000,0,34,0,0,1,1,4,0,1,10,0,10,0,0000000,99,99,99,99,88,88,0,0,0,1,0
12,121821,1,1,0,0,0,1,1,11,2948,21,11,2011,2,1,48,0,14,4,ROCK ISLAND ROAD,NW 44TH STREET,99998,26.17934722,-80.219797220,0,30,0,0,3,2,4,0,3,1,0,1,0,0000000,99,99,99,99,88,88,0,0,0,1,1
12,121822,1,1,0,1,1,1,1,57,2950,14,5,2011,7,0,40,1,13,2,US-41,E BROADWAY AVENUE,99998,27.96173889,-82.401775000,0,8,0,0,3,2,1,0,3,10,0,10,0,0000000,99,99,99,99,99,99,0,0,0,1,0
12,121823,2,2,0,0,0,2,2,86,0,2,6,2011,5,20,19,0,14,3,SR-934,NW 14TH AVENUE,99998,25.84653611,-80.221275000,0,12,6,0,2,2,1,0,3,1,0,1,0,0000000,99,99,99,99,99,99,0,0,0,1,0
12,121824,2,2,0,0,0,2,2,57,0,18,8,2011,5,20,34,0,6,4,CR-582A,15TH STREET N,0,28.06917500,-82.442786110,0,12,6,0,2,2,1,0,3,2,0,2,0,0000000,99,99,99,99,99,99,0,0,0,1,0
12,121825,2,2,0,0,0,2,2,57,0,10,9,2011,7,7,42,1,13,3,SR-60,OAKHILL VILLAGE DR,99998,27.93798333,-82.240938890,0,12,6,0,2,3,1,0,1,10,0,10,0,0000000,99,99,99,99,99,99,0,0,0,1,0
12,121826,3,3,0,0,0,3,3,86,0,18,10,2011,3,15,40,0,3,3,SR-9A,,99998,25.87966111,-80.209113890,0,12,7,0,1,1,1,0,1,10,0,10,0,0000000,99,99,99,99,99,99,0,0,0,1,0
12,121827,1,1,0,0,0,3,3,33,0,22,10,2011,7,22,42,1,1,1,I-110,,99998,30.45077778,-87.219450000,0,59,0,1,18,1,4,0,3,1,0,1,0,0000000,99,99,99,99,99,99,0,0,0,1,1
12,121828,1,1,0,0,0,2,2,107,0,23,10,2011,1,20,10,0,13,2,US-17,,99998,29.57777500,-81.625647220,0,5,0,0,1,1,1,0,2,1,0,1,0,0000000,99,99,99,99,99,99,0,0,0,1,0
12,121829,2,2,0,0,0,2,2,83,2270,29,10,2011,7,14,29,0,13,3,SR-40,,99998,29.20228889,-82.079569440,0,12,6,0,8,1,1,0,1,10,0,10,0,0000000,99,99,99,99,88,88,0,0,0,1,0
12,121830,2,2,0,0,0,5,5,73,2940,30,10,2011,1,2,38,0,16,6,W THARPE STREET,SAN LUIS ROAD,0,30.46353611,-84.322572220,0,12,2,0,3,2,1,0,3,1,0,1,0,0000000,99,99,99,99,99,99,0,0,0,1,1
12,121831,2,2,0,1,1,2,2,57,0,31,10,2011,2,0,3,0,6,3,SR-676,,0,27.92324722,-82.322263890,0,8,0,0,1,1,1,0,3,10,0,10,0,0000000,99,99,99,99,99,99,0,0,0,1,0
12,121832,1,1,0,0,0,3,3,23,0,6,11,2011,1,14,55,0,6,4,CR-25A,,0,30.22683056,-82.655811110,0,30,0,0,1,1,4,0,1,1,0,1,0,0000000,99,99,99,99,99,99,0,0,0,1,0
12,121833,1,1,0,1,1,1,1,53,0,8,11,2011,3,12,50,0,6,4,CR-574,,0,28.48166944,-82.475488890,0,18,0,0,1,1,1,4,1,1,0,1,0,0000000,12,53,13,3,99,99,0,0,0,1,0
12,121834,1,1,0,0,0,1,1,17,0,10,11,2011,5,20,48,0,6,4,CR-480,,0,28.71945000,-82.493933330,0,1,0,0,1,1,4,0,3,10,0,10,0,0000000,99,99,99,99,88,88,0,0,0,1,1
12,121835,2,2,0,0,0,2,2,31,1510,11,11,2011,6,3,7,1,1,1,I-95,,99998,30.55393611,-81.640538890,0,12,2,0,1,1,1,0,2,1,0,1,0,0000000,99,99,99,99,99,99,0,0,0,1,1
12,121836,1,1,0,0,0,1,1,11,771,12,11,2011,7,3,7,0,3,3,SR-91,,99998,26.08318056,-80.216308330,0,1,0,1,5,1,1,4,3,10,0,10,0,0000000,99,99,99,99,88,88,0,0,0,1,1
12,121837,1,1,0,2,2,1,1,61,0,12,11,2011,7,21,35,0,6,4,1ST STREET,,0,27.60183889,-80.427222220,0,9,0,0,1,1,2,0,3,1,0,1,0,0000000,99,99,99,99,99,99,0,0,0,1,0
12,121838,2,2,0,0,0,6,6,17,0,13,11,2011,1,11,22,0,13,2,US-98,LONE PINE STREET,99998,28.70395000,-82.519719440,0,12,6,0,2,2,1,0,1,1,0,1,0,0000000,99,99,99,99,99,99,0,0,0,2,0
12,121839,1,1,0,1,1,1,1,19,0,13,11,2011,1,18,50,0,14,2,US-17,,99998,30.09216944,-81.706130560,0,8,0,0,1,1,1,0,2,1,0,1,0,0000000,99,99,99,99,88,88,0,0,0,1,0
12,121840,1,1,0,0,0,4,4,65,0,13,11,2011,1,2,20,0,6,8,WALKER SPRINGS RD,CR-259,0,30.34869444,-83.961252780,0,30,0,0,1,1,4,0,2,1,0,1,0,0000000,99,99,99,99,99,99,0,0,0,1,0
12,121841,1,1,0,1,1,2,2,79,0,13,11,2011,1,18,27,0,3,2,US-90,,99998,30.48880278,-83.468602780,0,8,0,0,1,1,1,0,2,1,0,1,0,0000000,99,99,99,99,99,99,19,0,0,1,0
12,121842,2,2,0,0,0,4,4,117,0,13,11,2011,1,17,40,0,13,3,SR-46,RIVER OAKS CIRCLE,99998,28.81492222,-81.417119440,0,12,6,0,2,3,1,0,2,1,0,1,0,0000000,99,99,99,99,99,99,0,0,0,2,1
12,121843,1,1,0,0,0,2,2,35,2439,16,11,2011,4,2,20,0,13,2,US-1,,99998,29.60745833,-81.252155560,0,42,0,0,1,1,4,0,2,1,0,1,0,0000000,99,99,99,99,99,99,0,0,0,1,1
12,121844,5,5,0,0,0,8,8,117,1705,16,11,2011,4,17,55,1,11,1,I-4,,99998,28.76795556,-81.359225000,0,12,1,0,1,1,1,0,5,1,0,1,0,0000000,99,99,99,99,99,99,0,0,0,1,0
12,121845,1,1,0,1,1,2,2,117,2770,16,11,2011,4,22,40,1,11,1,I-4,,99998,28.79498611,-81.346244440,0,8,0,0,1,1,1,0,3,1,0,1,0,0000000,99,99,99,99,88,88,0,0,0,1,0
12,121846,1,1,0,1,1,1,1,131,0,16,11,2011,4,21,3,1,13,2,US-98,HEWETT RD,99998,30.37547778,-86.288319440,0,8,0,0,2,2,1,0,3,1,0,1,0,0000000,99,99,99,99,88,88,0,0,0,1,1
12,121847,2,2,0,0,0,3,3,63,0,17,11,2011,5,15,55,0,3,3,SR-276,CR-167,99998,30.74851389,-85.282297220,0,12,2,0,2,3,1,0,1,1,0,1,0,0000000,99,99,99,99,99,99,0,0,0,1,0
12,121848,2,2,0,0,0,3,3,35,410,17,11,2011,5,9,30,0,2,3,SR-20,,99998,29.47054444,-81.271494440,0,12,6,0,1,1,1,0,1,10,0,10,0,0000000,99,99,99,99,99,99,0,0,0,1,0
12,121849,1,1,0,1,1,1,1,89,3326,17,11,2011,5,18,6,0,3,3,SR-200,,99998,30.61988056,-81.523547220,0,8,0,0,1,1,1,0,2,1,0,1,0,0000000,99,99,99,99,88,88,0,0,0,1,0
12,121850,1,1,0,1,1,1,1,97,0,19,11,2011,7,5,10,0,13,2,US-17,,99998,28.25483889,-81.479536110,0,8,0,0,1,1,2,0,2,1,0,1,0,0000000,99,99,99,99,88,88,0,0,0,1,0
12,121851,1,1,0,2,2,1,1,71,0,20,11,2011,1,18,9,0,13,3,SR-78,,99998,26.68215556,-81.882097220,0,8,0,0,1,1,1,0,2,1,0,1,0,0000000,99,99,99,99,99,99,0,0,0,2,0
12,121852,1,1,0,1,1,1,1,61,0,21,11,2011,2,18,30,0,16,6,2ND STREET,,0,27.60528611,-80.404422220,0,8,0,0,1,1,1,0,2,1,0,1,0,0000000,99,99,99,99,99,99,0,0,0,1,0
12,121853,2,2,0,0,0,3,3,97,0,21,11,2011,2,14,55,0,6,4,CR-545,SINCLAIR ROAD,0,28.29606944,-81.590611110,0,12,2,0,2,3,1,4,1,10,0,10,0,0000000,99,99,99,99,99,99,0,0,0,1,0
12,121854,1,1,0,1,1,1,1,115,0,22,11,2011,3,17,12,0,13,2,US-41,WHARF ROAD,99998,27.22205556,-82.491644440,0,8,0,0,2,2,1,0,5,1,0,1,0,0000000,99,99,99,99,99,99,0,0,0,1,0
12,121855,1,1,0,1,1,2,2,115,0,22,11,2011,3,17,58,0,13,2,US-41,,99998,27.04283611,-82.297222220,0,8,0,0,1,1,1,0,3,1,0,1,0,0000000,99,99,99,99,88,88,0,0,0,1,0
12,121856,1,1,0,1,1,1,1,21,0,22,11,2011,3,18,12,0,6,4,CR-896,,0,26.21161667,-81.741519440,0,8,0,0,1,1,1,0,3,1,0,1,0,0000000,99,99,99,99,99,99,0,0,0,1,0
12,121857,2,2,0,0,0,3,3,113,0,26,11,2011,7,18,15,1,13,2,US-98,TWIN PINE BLVD,99998,30.40378333,-86.969458330,0,12,6,0,2,3,1,0,3,10,0,10,0,0000000,99,99,99,99,99,99,0,0,0,1,0
12,121858,2,2,0,0,0,2,2,71,0,26,11,2011,7,12,14,0,14,3,SR-867,PINE RIDGE ROAD,99998,26.52405833,-81.936138890,0,12,6,0,2,2,1,0,1,1,0,1,0,0000000,99,99,99,99,88,88,0,0,0,1,0
12,121859,2,2,0,0,0,2,2,9,0,28,11,2011,2,15,8,0,6,4,CR-511,,0,28.08152778,-80.700211110,0,12,6,0,8,1,1,0,1,10,0,10,0,0000000,99,99,99,99,99,99,0,0,0,1,0
12,121860,1,1,0,1,1,1,1,103,2530,8,10,2011,7,20,39,0,13,3,SR-693,78 AVENUE NORTH,99998,27.84279444,-82.728516670,0,8,0,0,2,2,1,0,3,2,0,2,0,0000000,99,99,99,99,99,99,0,0,0,1,0
12,121861,1,1,0,0,0,1,1,81,340,4,11,2011,6,0,50,0,16,6,19TH AVENUE WEST,,0,27.48264167,-82.636119440,0,42,0,0,1,1,4,0,2,10,0,10,0,0000000,99,99,99,99,88,88,0,0,0,1,1
12,121862,1,1,0,1,1,1,1,103,570,10,11,2011,5,18,56,0,16,6,MCMULLEN BOOTH ROAD,,99998,28.04926389,-82.709755560,0,8,0,0,1,1,1,0,3,10,0,10,0,0000000,99,99,99,99,88,88,0,0,0,1,0
12,121863,2,2,0,0,0,3,3,47,0,17,11,2011,5,15,10,0,3,2,US-129,SE 76TH TRAIL,99998,30.41731944,-82.933638890,0,12,1,0,2,3,1,0,1,1,0,1,0,0000000,99,99,99,99,99,99,0,0,0,1,0
12,121864,2,2,0,0,0,3,3,86,0,18,11,2011,6,14,0,1,12,3,SR-826,,99998,25.83688889,-80.322311110,0,12,1,0,1,1,1,0,1,10,0,10,0,0000000,99,99,99,99,99,99,0,0,0,1,0
12,121865,1,1,0,1,1,2,2,115,0,23,11,2011,4,18,42,1,11,1,I-75,,99998,27.33659444,-82.447016670,0,8,0,0,1,1,4,0,3,10,0,10,0,0000000,99,99,99,99,99,99,19,0,0,1,0
12,121866,1,1,0,0,0,1,1,101,0,24,11,2011,5,2,43,0,6,4,OLD PASCO RD,,0,28.25779167,-82.342830560,0,42,0,0,1,1,4,0,2,1,0,1,0,0000000,99,99,99,99,99,99,0,0,0,1,1
12,121867,1,1,0,1,1,2,2,81,0,25,11,2011,6,19,29,0,13,2,US-41,,99998,27.45266111,-82.575344440,0,8,0,0,1,1,1,0,2,1,0,1,0,0000000,99,99,99,99,88,88,0,0,0,1,0
12,121868,2,2,0,0,0,3,3,15,0,27,11,2011,1,21,48,0,13,2,US-41,HARORVIEW ROAD,99998,26.96433056,-82.074138890,0,12,6,0,2,2,1,0,3,1,0,1,0,0000000,99,99,99,99,99,99,20,0,0,1,0
12,121869,2,2,0,0,0,3,3,86,2441,13,4,2011,4,21,1,1,13,2,US-1,SW 183 STREET,99998,25.60065000,-80.353069440,0,12,6,0,2,3,1,0,3,1,0,1,0,0000000,99,99,99,99,99,99,0,0,0,1,1