STATE,ST_CASE,VE_TOTAL,VE_FORMS,PVH_INVL,PEDS,PERNOTMVIT,PERMVIT,PERSONS,COUNTY,CITY,DAY,MONTH,YEAR,DAY_WEEK,HOUR,MINUTE,NHS,ROAD_FNC,ROUTE,TWAY_ID,TWAY_ID2,MILEPT,LATITUDE,LONGITUD,SP_JUR,HARM_EV,MAN_COLL,RELJCT1,RELJCT2,TYP_INT,REL_ROAD,WRK_ZONE,LGT_COND,WEATHER1,WEATHER2,WEATHER,SCH_BUS,RAIL,NOT_HOUR,NOT_MIN,ARR_HOUR,ARR_MIN,HOSP_HR,HOSP_MN,CF1,CF2,CF3,FATALS,DRUNK_DR
12,121870,2,2,0,0,0,2,2,86,2220,18,6,2011,7,15,33,0,14,3,SR-922,NW 1 AVENUE,99998,25.88963889,-80.200697220,0,12,6,0,2,2,1,0,1,1,0,1,0,0000000,99,99,99,99,99,99,0,0,0,1,0
12,121871,2,2,0,0,0,2,2,71,0,26,7,2011,3,14,32,0,16,6,CR-876,4TH STREET SW,0,26.61593611,-81.714655560,0,12,6,0,2,3,1,0,1,10,0,10,0,0000000,99,99,99,99,88,88,0,0,0,1,0
12,121872,1,1,0,0,0,2,2,113,1245,29,7,2011,6,2,22,0,14,3,SR-399,,99998,30.35448611,-87.157950000,0,5,0,0,1,1,4,0,2,1,0,1,0,0000000,99,99,99,99,99,99,0,0,0,1,1
12,121873,1,1,0,1,1,1,1,103,2730,9,8,2011,3,15,55,0,16,6,22ND STREET NORTH,CENTRAL AVENUE,99998,27.77108056,-82.663016670,0,8,0,0,2,2,1,0,1,2,0,2,0,0000000,99,99,99,99,99,99,0,0,0,1,0
12,121874,2,2,0,0,0,3,3,103,2730,15,8,2011,2,17,48,0,16,6,37TH STREET,CENTRAL AVE,99998,27.77098611,-82.683441670,0,12,6,0,2,2,1,0,1,1,0,1,0,0000000,99,99,99,99,99,99,0,0,0,1,1
12,121876,2,2,0,0,0,2,2,99,3190,24,8,2011,4,17,43,0,6,4,BELVEDERE ROAD,I-95 RAMP,0,26.69071389,-80.066072220,0,12,6,1,2,2,1,0,1,1,0,1,0,0000000,99,99,99,99,99,99,0,0,0,1,0
12,121877,1,1,0,0,0,4,4,95,2360,2,9,2011,6,0,33,0,16,6,PRINCETON STREET,N ORANGE BLOSSOM TRAIL,0,28.57183333,-81.404686110,0,30,0,0,3,2,4,0,2,1,0,1,0,0000000,99,99,99,99,99,99,20,0,0,2,0
12,121878,1,1,0,1,1,2,2,101,2180,8,9,2011,5,12,30,1,13,2,US-19,,99998,28.23582778,-82.728197220,0,15,0,0,1,1,1,0,1,1,0,1,0,0000000,99,99,99,99,88,88,0,0,0,1,0
12,121879,1,1,0,1,1,1,1,103,1770,15,9,2011,5,23,12,0,14,3,SR-686,,99998,27.91665833,-82.778327780,0,8,0,0,1,1,1,0,2,1,0,1,0,0000000,99,99,99,99,88,88,0,0,0,1,0
12,121880,1,1,0,1,1,1,1,86,0,17,9,2011,7,20,7,0,6,8,SW 216TH STREET,,0,25.56616389,-80.393402780,0,8,0,0,1,1,1,0,3,1,0,1,0,0000000,99,99,99,99,88,88,0,0,0,1,0
12,121881,1,1,0,0,0,1,1,11,1050,20,9,2011,3,12,8,0,16,6,NE 33RD STREET,,0,26.16909167,-80.100297220,0,33,0,0,1,1,4,0,1,1,0,1,0,0000000,99,99,99,99,99,99,0,0,0,1,0
12,121882,2,2,0,0,0,2,2,57,2950,24,9,2011,7,21,34,0,16,6,50TH STREET,10TH AVENUE,99998,27.96280278,-82.372977780,0,12,6,0,2,2,1,0,3,1,0,1,0,0000000,99,99,99,99,99,99,0,0,0,1,1
12,121883,2,2,0,0,0,3,3,86,0,2,10,2011,1,12,4,0,16,6,SW 72ND STREET,SW 69TH AVENUE,0,25.77033889,-80.307600000,0,12,6,0,2,3,1,0,1,1,0,1,0,0000000,99,99,99,99,99,99,0,0,0,1,0
12,121884,1,1,0,1,1,1,1,86,0,9,10,2011,1,19,49,0,6,8,NW 47TH AVENUE,NW 181 TERRACE,0,25.93819167,-80.277344440,0,8,0,0,2,3,1,0,2,1,0,1,0,0000000,99,99,99,99,88,88,0,0,0,1,0
12,121885,1,1,0,1,1,1,1,127,1410,13,10,2011,5,19,55,0,13,2,US-1,8TH STREET,99998,29.23933611,-81.038336110,0,9,0,0,2,2,1,0,3,1,0,1,0,0000000,99,99,99,99,88,88,0,0,0,1,0
12,121886,1,1,0,0,0,1,1,1,1130,15,10,2011,7,10,31,0,13,2,US-441,,99998,29.72183611,-82.365347220,0,42,0,0,1,1,4,0,1,1,0,1,0,0000000,99,99,99,99,99,99,0,0,0,1,0
12,121887,2,2,0,0,0,2,2,1,1130,20,10,2011,5,21,52,0,6,6,SW 34TH STREET,SW 47TH AVENUE,99998,29.60912500,-82.371591670,0,12,1,0,3,2,1,0,3,1,0,1,0,0000000,99,99,99,99,99,99,0,0,0,1,0
12,121888,5,5,0,0,0,13,13,57,2950,21,10,2011,6,15,4,0,13,2,US-92,HABANA AVENUE,99998,27.99628333,-82.488538890,0,59,0,0,3,2,4,0,1,1,0,1,0,0000000,99,99,99,99,99,99,0,0,0,2,0
12,121889,2,2,0,0,0,3,3,19,0,24,10,2011,2,17,3,0,14,3,SR-100,HEBRON AVENUE,99998,29.79170278,-82.041033330,0,12,6,0,2,3,1,0,1,1,0,1,0,0000000,99,99,99,99,99,99,0,0,0,1,0
12,121890,1,1,0,0,0,1,1,99,0,30,10,2011,1,3,46,0,15,8,OLD BOYNTON BLVD,,99998,26.53188056,-80.121133330,0,42,0,0,1,1,4,0,3,2,0,2,0,0000000,99,99,99,99,99,99,0,0,0,1,1
12,121891,1,1,0,0,0,1,1,57,0,30,10,2011,1,2,35,0,6,8,LAMBRIGHT STREET,,0,28.00708056,-82.498511110,0,38,0,0,1,1,4,0,2,10,0,10,0,0000000,99,99,99,99,99,99,0,0,0,1,0
12,121892,1,1,0,1,1,1,1,57,0,3,11,2011,5,6,9,0,6,8,MADISON AVENUE,,0,27.90088611,-82.380486110,0,8,0,0,1,1,1,0,2,1,0,1,0,0000000,99,99,99,99,88,88,0,0,0,1,0
12,121894,1,1,0,1,1,1,1,99,1760,5,11,2011,7,6,41,0,16,6,CR-812,,0,26.58709722,-80.064163890,0,8,0,0,1,1,1,0,3,10,0,10,0,0000000,99,99,99,99,88,88,0,0,0,1,1
12,121895,1,1,0,1,1,1,1,11,2260,5,11,2011,7,19,27,0,14,4,N ANDREWS AVENUE,,99998,26.16912500,-80.146511110,0,8,0,0,1,1,1,0,3,1,0,1,0,0000000,99,99,99,99,99,99,0,0,0,1,0
12,121896,2,2,0,0,0,2,2,101,0,8,11,2011,3,21,55,1,13,2,US-19,HUDSON AVENUE,99998,28.36410278,-82.692811110,0,12,6,0,2,2,1,0,3,1,0,1,0,0000000,99,99,99,99,99,99,0,0,0,1,0
12,121897,1,1,0,1,1,1,1,57,0,9,11,2011,4,3,54,0,6,8,FLETCHER AVENUE,,0,28.06564722,-82.499836110,0,8,0,0,1,1,1,0,2,10,0,10,0,0000000,99,99,99,99,88,88,0,0,0,1,0
12,121898,1,1,0,0,0,1,1,31,1510,9,11,2011,4,22,56,0,16,6,ASSISI LN,,99998,30.35350278,-81.422180560,0,33,0,0,1,1,4,0,3,1,0,1,0,0000000,99,99,99,99,99,99,0,0,0,1,1
12,121899,1,1,0,1,1,1,1,119,0,10,11,2011,5,22,30,0,6,4,CR-475,,0,28.93050000,-82.119169440,0,9,0,0,1,1,1,0,2,1,0,1,0,0000000,99,99,99,99,88,88,0,0,0,1,0
12,121900,1,1,0,0,0,2,2,86,0,10,11,2011,5,23,24,1,11,1,I-75,,99998,25.90003333,-80.347333330,0,35,0,0,1,1,3,0,3,1,0,1,0,0000000,99,99,99,99,99,99,0,0,0,1,0
12,121901,1,1,0,1,1,1,1,35,2439,10,11,2011,5,18,0,0,16,6,COLUMBIA LN,,0,29.58638611,-81.219002780,0,8,0,0,1,1,1,0,2,1,0,1,0,0000000,99,99,99,99,99,99,0,0,0,1,0
12,121902,1,1,0,0,0,1,1,57,0,10,12,2011,7,17,17,0,6,4,BALM RIVERVIEW ROAD,TRIPLE CREEK BLVD,0,27.82374722,-82.299794440,0,34,0,0,1,1,4,0,1,1,0,1,0,0000000,99,99,99,99,99,99,0,0,0,1,1
12,121903,1,1,0,0,0,3,3,86,2010,12,11,2011,7,2,35,1,12,3,SR-836,,99998,25.78267778,-80.223086110,0,25,0,0,1,1,3,0,3,1,0,1,0,0000000,99,99,99,99,99,99,0,0,0,2,1
12,121904,2,2,0,0,0,4,4,101,0,16,11,2011,4,10,5,0,16,6,CR-77,,0,28.27250556,-82.698905560,0,12,6,0,1,1,1,0,1,10,0,10,0,0000000,99,99,99,99,99,99,0,0,0,1,0
12,121905,2,2,0,0,0,2,2,35,0,16,11,2011,4,21,20,1,11,1,I-95,,99998,29.60375278,-81.250483330,0,12,1,0,1,1,1,0,2,1,0,1,0,0000000,99,99,99,99,88,88,0,0,0,1,1
12,121906,1,1,0,0,0,1,1,86,0,18,11,2011,6,1,20,1,2,2,US-27,,99998,25.95037222,-80.430988890,0,31,0,0,1,1,4,0,3,10,0,10,0,0000000,99,99,99,99,88,88,0,0,0,1,1
12,121907,1,1,0,0,0,3,3,11,2570,19,11,2011,7,4,38,0,13,3,SR-834,,99998,26.27427778,-80.135811110,0,24,0,0,1,1,4,0,3,10,0,10,0,0000000,99,99,99,99,99,99,0,0,0,3,0
12,121908,1,1,0,1,1,1,1,57,0,20,11,2011,1,3,16,0,6,8,ANDERSON ROAD,,99998,28.03515556,-82.541666670,0,8,0,0,1,1,3,0,3,1,0,1,0,0000000,99,99,99,99,99,99,0,0,0,1,0
12,121909,2,2,0,0,0,2,2,111,0,20,11,2011,1,15,8,0,14,3,SR-A1A,,99998,27.52478056,-80.312438890,0,12,6,0,1,1,1,0,1,10,0,10,0,0000000,99,99,99,99,88,88,0,0,0,1,1
12,121910,2,2,0,0,0,2,2,103,2806,20,11,2011,1,21,53,0,13,2,US-19,,99998,27.86071667,-82.786958330,0,12,6,0,8,1,1,0,3,1,0,1,0,0000000,99,99,99,99,99,99,0,0,0,1,2
12,121911,1,1,0,1,1,1,1,11,771,21,11,2011,2,21,16,0,14,3,SR-848,,99998,26.04622222,-80.221322220,0,9,0,0,1,1,1,0,3,1,0,1,0,0000000,99,99,99,99,88,88,0,0,0,1,0
12,121912,2,2,0,1,1,2,2,31,1510,21,11,2011,2,18,25,0,13,3,SR-21,,99998,30.26510278,-81.738622220,0,8,0,0,1,1,11,0,3,1,0,1,0,0000000,99,99,99,99,88,88,0,0,0,1,0
12,121913,2,2,0,0,0,2,2,57,0,22,11,2011,3,14,21,1,11,1,I-275,,99998,27.98419444,-82.453900000,0,20,0,1,5,1,4,0,1,1,0,1,0,0000000,99,99,99,99,99,99,0,0,0,1,0
12,121914,1,1,0,0,0,1,1,81,0,22,11,2011,3,12,30,0,6,4,16TH AVENUE EAST,49TH STREET EAST,0,27.55574444,-82.548188890,0,34,0,0,1,1,5,0,1,10,0,10,0,0000000,99,99,99,99,88,88,0,0,0,1,0
12,121915,3,3,0,0,0,3,3,31,1510,23,11,2011,4,3,5,1,13,2,US-90,SAN PABLO ROAD,99998,30.28790833,-81.437758330,0,12,6,0,2,2,1,0,3,10,0,10,0,0000000,99,99,99,99,99,99,14,20,0,1,0
12,121916,1,1,0,0,0,1,1,17,0,23,11,2011,4,12,23,0,6,8,N PINECONE AVENUE,,0,28.89672778,-82.473741670,0,42,0,0,1,1,5,0,1,10,0,10,0,0000000,99,99,99,99,88,88,0,0,0,1,0
12,121917,2,2,0,0,0,3,3,83,0,23,11,2011,4,9,25,1,2,2,US-301,CR-318,99998,29.41674167,-82.109761110,0,12,6,0,2,2,1,0,1,2,0,2,0,0000000,99,99,99,99,99,99,0,0,0,1,0
12,121918,1,1,0,0,0,1,1,23,0,24,11,2011,5,18,10,0,6,4,CR-250,SR-25,0,30.21064444,-82.632494440,0,42,0,0,1,1,5,0,2,1,0,1,0,0000000,99,99,99,99,88,88,0,0,0,1,1
12,121919,2,2,0,0,0,4,4,105,0,24,11,2011,5,4,30,1,2,2,US-27,,99998,27.81571389,-81.596888890,0,12,2,0,1,1,1,0,2,1,0,1,0,0000000,99,99,99,99,99,99,0,0,0,1,2
12,121920,2,2,0,0,0,2,2,57,2985,24,11,2011,5,10,57,0,6,8,CR-579,OLD HILLSBOROUGH AVE,99998,27.99603889,-82.302402780,0,12,6,0,2,2,1,0,1,1,0,1,0,0000000,99,99,99,99,88,88,0,0,0,1,0
12,121921,1,1,0,0,0,1,1,105,3300,24,11,2011,5,0,0,0,16,6,7TH STREET,,0,28.01758889,-81.735027780,0,33,0,0,1,1,4,0,3,1,0,1,0,0000000,99,99,99,99,99,99,0,0,0,1,1
12,121922,6,6,0,0,0,10,10,69,0,25,11,2011,6,17,3,1,13,2,US-27,CITRUS TOWER BLVD,99998,28.51897222,-81.727750000,0,12,1,0,3,2,1,0,1,1,0,1,0,0000000,99,99,99,99,99,99,0,0,0,1,1
12,121924,3,3,0,0,0,3,3,35,0,25,11,2011,6,12,10,0,2,3,SR-20,CR-2005,99998,29.48085833,-81.422005560,0,12,1,0,2,3,1,0,1,1,0,1,0,0000000,99,99,99,99,88,88,0,0,0,1,0
12,121925,1,1,0,1,1,1,1,107,0,26,11,2011,7,19,44,0,3,3,SR-100,,99998,29.73796667,-81.962075000,0,8,0,0,1,1,1,0,2,1,0,1,0,0000000,99,99,99,99,88,88,0,0,0,1,0
12,121926,2,2,0,0,0,2,2,95,0,26,11,2011,7,15,19,0,2,3,SR-50,CUPID AVENUE,99998,28.53692222,-80.999052780,0,12,6,0,2,3,1,0,1,1,0,1,0,0000000,99,99,99,99,99,99,0,0,0,1,1
12,121927,2,2,0,0,0,3,3,99,330,26,11,2011,7,4,20,1,11,1,I-95,,99998,26.50390833,-80.077330560,0,12,1,0,1,1,1,0,3,10,0,10,0,0000000,99,99,99,99,99,99,0,0,0,1,1
12,121928,1,1,0,0,0,1,1,101,0,26,11,2011,7,0,5,0,6,8,BANBURY AVENUE,,99998,28.29511389,-82.614944440,0,42,0,0,1,1,4,0,3,1,0,1,0,0000000,0,6,0,12,99,99,0,0,0,1,0
12,121929,1,1,0,0,0,1,1,57,2540,28,11,2011,2,9,20,0,16,6,GRIFFIN BLVD,,0,27.98142222,-82.165075000,0,42,0,0,1,1,3,0,1,1,0,1,0,0000000,99,99,99,99,99,99,0,0,0,1,1
12,121930,2,2,0,0,0,4,4,97,0,28,11,2011,2,14,23,1,2,3,SR-91,,99998,28.09133056,-81.270538890,0,12,7,0,1,1,1,0,1,10,0,10,0,0000000,99,99,99,99,99,99,0,0,0,1,0
12,121931,3,3,0,0,0,4,4,89,3326,29,11,2011,3,18,10,0,3,3,SR-A1A,WILLIAM BURGESS BLVD,99998,30.62240556,-81.639083330,0,12,6,0,2,3,1,0,2,1,0,1,0,0000000,99,99,99,99,99,99,0,0,0,1,0
12,121932,1,1,0,0,0,2,2,95,0,29,11,2011,3,2,36,0,6,8,29TH STREET,,0,28.51274722,-81.400127780,0,43,0,0,1,1,4,0,2,1,0,1,0,0000000,99,99,99,99,99,99,20,0,0,1,0
12,121933,1,1,0,0,0,1,1,33,0,29,11,2011,3,3,45,0,6,4,CR-293,,0,30.34083056,-87.403169440,0,42,0,0,1,1,5,0,2,1,0,1,0,0000000,99,99,99,99,88,88,0,0,0,1,1
12,121934,1,1,0,0,0,1,1,83,0,30,11,2011,4,17,1,0,6,8,105TH STREET,,0,29.17646389,-82.138797220,0,34,0,0,1,1,4,0,5,1,0,1,0,0000000,99,99,99,99,88,88,0,0,0,1,0
12,121935,2,2,0,0,0,2,2,95,0,30,11,2011,4,16,8,0,6,8,RIO GRANDE AVENUE,MILLER AVENUE,0,28.52353056,-81.401155560,0,1,0,0,2,3,1,0,1,1,0,1,0,0000000,99,99,99,99,88,88,0,0,0,1,0
12,121936,3,1,2,0,1,1,2,15,0,2,12,2011,6,17,9,0,13,2,US-41,,99998,27.01474444,-82.152605560,0,19,0,0,1,1,4,0,1,1,0,1,0,0000000,99,99,99,99,99,99,0,0,0,1,1
12,121937,2,2,0,0,0,3,3,11,2570,1,12,2011,5,23,46,0,13,2,US-1,,99998,26.25890556,-80.099658330,0,33,0,0,1,1,3,0,3,98,0,98,0,0000000,99,99,99,99,99,99,0,0,0,1,1
12,121938,2,2,0,0,0,5,5,87,0,3,12,2011,7,11,42,1,13,2,US-1,,99998,24.66648333,-81.499847220,0,12,6,0,1,1,1,0,1,1,0,1,0,0000000,99,99,99,99,99,99,0,0,0,1,0
12,121939,1,1,0,1,1,2,2,95,0,3,12,2011,7,4,47,0,14,3,SR-424,,99998,28.59816111,-81.400494440,0,8,0,0,1,1,1,0,2,1,0,1,0,0000000,99,99,99,99,99,99,0,0,0,1,0
12,121940,1,1,0,0,0,1,1,31,1510,3,12,2011,7,14,12,1,11,1,I-10,,99998,30.31461111,-81.769277780,0,24,0,1,5,1,4,0,1,10,0,10,0,0000000,99,99,99,99,99,99,0,0,0,1,0
12,121941,1,1,0,0,0,1,1,109,0,3,12,2011,7,1,0,0,3,3,SR-206,,99998,29.75827222,-81.271469440,0,42,0,0,1,1,5,0,2,1,0,1,0,0000000,99,99,99,99,88,88,0,0,0,1,1
12,121942,2,2,0,0,0,4,4,11,760,5,12,2011,2,18,27,0,13,2,US-1,6TH STREET,99998,26.04191389,-80.143322220,0,12,6,0,2,3,1,0,3,1,0,1,0,0000000,99,99,99,99,99,99,0,0,0,1,0
12,121943,1,1,0,1,1,1,1,91,2200,20,10,2011,5,10,32,0,3,3,SR-20,,99998,30.51980833,-86.483244440,0,8,0,0,1,1,1,0,1,1,0,1,0,0000000,99,99,99,99,99,99,0,0,0,1,0
12,121944,3,3,0,0,0,3,3,57,0,27,10,2011,5,0,37,1,11,1,I-4,,99998,28.03706111,-82.063963890,0,12,7,0,1,1,1,0,2,1,0,1,0,0000000,99,99,99,99,99,99,0,0,0,1,0
12,121945,3,3,0,0,0,6,6,105,0,28,10,2011,6,12,0,1,2,2,US-27,,99998,27.76495833,-81.594547220,0,12,1,0,1,1,1,0,1,2,0,2,0,0000000,99,99,99,99,99,99,0,0,0,1,1
12,121946,2,2,0,0,0,3,3,101,0,29,10,2011,7,17,16,1,13,2,US-19,,99998,28.34151111,-82.699336110,0,12,1,0,1,1,1,0,1,1,0,1,0,0000000,17,17,17,23,99,99,0,0,0,1,0
12,121947,1,1,0,0,0,2,2,71,457,6,11,2011,1,1,23,0,16,6,KISMET PARKWAY,,0,26.69697222,-82.007066670,0,59,0,0,1,1,4,0,2,1,0,1,0,0000000,99,99,99,99,99,99,0,0,0,1,1
12,121948,2,2,0,0,0,2,2,86,0,12,11,2011,7,18,0,0,13,2,US-41,92ND AVENUE,99998,25.76178889,-80.344133330,0,12,6,0,2,2,1,0,3,1,0,1,0,0000000,99,99,99,99,88,88,0,0,0,1,0
12,121949,2,2,0,0,0,2,2,57,0,15,11,2011,3,9,40,1,11,1,I-4,,99998,28.02235833,-82.246713890,0,12,1,0,1,1,1,0,1,10,0,10,0,0000000,99,99,99,99,88,88,0,0,0,1,0
12,121950,1,1,0,0,0,1,1,109,0,21,11,2011,2,1,0,0,6,4,CR-214,C-13,0,29.84498056,-81.558713890,0,59,0,0,3,3,4,0,2,5,0,5,0,0000000,99,99,99,99,88,88,0,0,0,1,1
12,121951,1,1,0,1,1,1,1,91,0,26,11,2011,7,3,7,1,13,2,US-98,,99998,30.39075556,-86.540550000,0,8,0,0,1,1,1,4,2,1,0,1,0,0000000,99,99,99,99,88,88,0,0,0,1,0
12,121952,1,1,0,0,0,1,1,127,2190,26,11,2011,7,13,35,1,11,1,I-95,SR-44,99998,29.00788889,-80.985088890,0,1,0,1,5,1,4,0,1,10,0,10,0,0000000,99,99,99,99,99,99,0,0,0,1,0
12,121953,1,1,0,1,1,1,1,31,0,27,11,2011,1,21,15,0,13,3,SR-21,,99998,30.19693333,-81.739616670,0,8,0,0,1,1,1,4,3,10,0,10,0,0000000,99,99,99,99,99,99,0,0,0,1,0
12,121954,1,1,0,1,1,2,2,86,0,27,11,2011,1,20,35,0,14,2,US-441,,99998,25.90951667,-80.211797220,0,8,0,0,1,1,1,0,3,1,0,1,0,0000000,99,99,99,99,20,39,0,0,0,1,0
12,121955,2,2,0,0,0,7,7,127,0,27,11,2011,1,15,13,1,11,1,I-95,,99998,28.85056111,-80.916133330,0,12,6,0,1,1,1,0,1,1,0,1,0,0000000,99,99,99,99,99,99,0,0,0,2,0
12,121956,2,2,0,0,0,3,3,61,0,28,11,2011,2,9,47,0,15,8,1355 37TH STREET,,99998,27.66021111,-80.398719440,0,12,2,0,8,1,1,0,1,1,0,1,0,0000000,99,99,99,99,99,99,0,0,0,1,0
12,121957,1,1,0,1,1,1,1,101,0,29,11,2011,3,16,28,0,6,8,RIVERWOD DRIVE,,99998,28.21904722,-82.673847220,0,53,0,0,1,1,4,0,1,1,0,1,0,0000000,16,29,16,37,99,99,0,0,0,1,0
12,121958,1,1,0,1,1,3,3,35,2439,30,11,2011,4,16,20,0,16,6,SESAME BLVD,,0,29.43663611,-81.173461110,0,8,0,0,1,1,1,0,1,1,0,1,0,0000000,16,22,16,32,99,99,0,0,0,1,0
12,121959,2,2,0,0,0,7,7,113,0,3,12,2011,7,9,0,0,3,3,SR-87,SR-4,99998,30.90625278,-87.034336110,0,12,6,0,2,2,1,0,1,1,0,1,0,0000000,99,99,99,99,99,99,0,0,0,1,0
12,121960,1,1,0,2,2,1,1,81,0,5,12,2011,2,18,3,0,13,2,US-41,,99998,27.46923611,-82.562905560,0,8,0,0,8,1,1,0,5,1,0,1,0,0000000,99,99,99,99,99,99,0,0,0,1,0
12,121961,2,2,0,0,0,2,2,51,0,7,12,2011,4,12,3,0,6,8,CR-833,,0,26.46032222,-81.045152780,0,11,0,0,1,1,1,0,1,1,0,1,0,0000000,99,99,99,99,88,88,0,0,0,1,0
12,121962,1,1,0,0,0,1,1,89,0,7,12,2011,4,5,50,0,6,5,612734 RIVER ROAD,,0,30.55673611,-81.909255560,0,11,0,0,1,1,1,0,2,10,0,10,0,0000000,99,99,99,99,88,88,0,0,0,1,1
12,121963,1,1,0,0,0,1,1,33,0,7,12,2011,4,8,30,0,6,8,PINE BARREN ROAD,,0,30.93728333,-87.390886110,0,42,0,0,1,1,4,0,1,10,0,10,0,0000000,99,99,99,99,99,99,0,0,0,1,0
12,121965,2,2,0,0,0,3,3,113,2070,14,11,2011,2,15,51,0,16,6,PARK AVENUE,BLACKWATER HERITAGE STATE TRAI,99998,30.63083889,-87.049366670,0,12,6,0,16,1,1,0,1,10,0,10,0,0000000,99,99,99,99,99,99,0,0,0,1,0
12,121967,1,1,0,1,1,2,2,99,2234,23,1,2011,1,15,30,0,16,6,301 ANCHORAGE DRIVE,EASTWIND DRIVE,0,26.81022222,-80.058111110,0,8,0,0,2,2,1,0,1,1,0,1,0,0000000,99,99,99,99,99,99,0,0,0,1,0
12,121968,2,2,0,0,0,3,3,99,1560,10,8,2011,4,20,23,0,14,2,US-1,US-A1A,99998,26.95223611,-80.085152780,0,12,6,0,2,2,1,0,3,1,0,1,0,0000000,99,99,99,99,99,99,0,0,0,1,0
12,121969,1,1,0,1,1,1,1,103,860,22,9,2011,5,9,20,0,16,6,CR-1,1714 CR-1,0,28.02914722,-82.762652780,0,8,0,0,3,3,1,0,1,1,0,1,0,0000000,99,99,99,99,99,99,0,0,0,1,0
12,121970,2,2,0,0,0,2,2,99,330,28,10,2011,6,19,18,0,14,6,ACCESS RD OF 801,N CONGRESS AVE,99998,26.53376389,-80.090661110,0,12,6,0,2,2,1,0,3,2,0,2,0,0000000,99,99,99,99,88,88,0,0,0,1,0
12,121971,2,2,0,0,0,2,2,71,0,4,11,2011,6,17,38,0,3,3,SR-82,,99998,26.52265556,-81.580402780,0,12,2,0,1,1,1,0,1,1,0,1,0,0000000,99,99,99,99,99,99,0,0,0,1,0
12,121972,1,1,0,1,1,1,1,21,0,6,12,2011,3,15,40,9,99,9,PEBBLEBROOKE CENTER PLAZA,CR-951,99998,26.26963056,-81.690850000,0,8,0,0,3,1,1,0,1,10,0,10,0,0000000,99,99,99,99,99,99,0,0,0,1,0
12,121973,2,2,0,0,0,3,3,41,0,9,12,2011,6,22,22,0,3,2,US-129,,99998,29.68309722,-82.857136110,0,12,2,0,1,1,1,0,2,10,0,10,0,0000000,99,99,99,99,99,99,0,0,0,3,2
12,121974,1,1,0,1,1,5,5,127,0,10,12,2011,7,20,35,0,13,2,US-17,STRAWBERRY OAKS AVE,99998,28.93164167,-81.299036110,0,8,0,0,3,3,1,0,3,10,0,10,0,0000000,99,99,99,99,99,99,0,0,0,1,0
12,121975,2,2,0,0,0,3,3,95,0,11,12,2011,1,0,0,0,13,3,SR-50,REMINGTON ROAD,99998,28.54747778,-81.642250000,0,12,1,0,2,2,1,0,3,1,0,1,0,0000000,0,3,0,10,88,88,0,0,0,1,1
12,121976,3,3,0,0,0,4,4,57,0,11,12,2011,1,17,28,0,6,8,HANNA ROAD,CR-583A,99998,28.14242778,-82.442644440,0,12,6,0,2,2,1,0,5,10,0,10,0,0000000,99,99,99,99,99,99,0,0,0,1,1
12,121977,2,2,0,0,0,3,3,9,0,12,12,2011,2,6,8,0,2,3,SR-520,,99998,28.36818333,-80.859177780,0,32,0,0,1,1,3,0,2,2,0,2,0,0000000,99,99,99,99,99,99,0,0,0,1,0
12,121978,1,1,0,1,1,1,1,103,0,12,12,2011,2,15,18,0,16,6,46TH AVENUE,,99998,27.81374444,-82.744758330,0,9,0,0,8,1,1,0,1,1,0,1,0,0000000,99,99,99,99,99,99,0,0,0,1,0
12,121979,2,2,0,0,0,2,2,86,0,2,12,2011,6,6,45,1,2,3,SR-997,,99998,25.57345278,-80.478252780,0,12,2,0,1,1,1,0,1,1,0,1,0,0000000,99,99,99,99,88,88,0,0,0,1,1
12,121980,1,1,0,1,1,1,1,95,0,6,12,2011,3,18,34,0,14,3,SR-551,,99998,28.49920278,-81.048936110,0,8,0,0,1,1,1,0,3,1,0,1,0,0000000,99,99,99,99,88,88,0,0,0,1,0
12,121981,1,1,0,0,0,1,1,79,0,7,12,2011,4,20,40,0,3,2,US-90,,99998,30.44088333,-83.328347220,0,32,0,0,1,1,4,0,2,1,0,1,0,0000000,99,99,99,99,88,88,0,0,0,1,0
12,121982,2,2,0,0,0,3,3,71,0,8,12,2011,5,2,13,0,3,3,SR-82,,99998,26.57228056,-81.692083330,0,12,6,0,1,1,1,0,2,1,0,1,0,0000000,99,99,99,99,99,99,0,0,0,1,1
12,121983,1,1,0,0,0,8,8,21,0,8,12,2011,5,22,15,0,6,8,CR-837,,0,25.99413056,-81.310616670,0,59,0,0,1,1,4,0,2,1,0,1,0,0000000,99,99,99,99,99,99,0,0,0,2,0
12,121985,1,1,0,0,0,2,2,127,0,26,11,2011,7,17,10,1,11,1,I-95,,99998,29.33685000,-81.130877780,0,59,0,1,18,1,4,0,1,1,0,1,0,0000000,99,99,99,99,88,88,0,0,0,1,0
12,121986,2,2,0,0,0,2,2,9,0,7,12,2011,4,18,5,0,13,3,SR-A1A,,99998,28.27132222,-80.606647220,0,12,1,0,1,1,1,0,2,1,0,1,0,0000000,99,99,99,99,99,99,0,0,0,1,1