STATE,ST_CASE,VE_TOTAL,VE_FORMS,PVH_INVL,PEDS,PERNOTMVIT,PERMVIT,PERSONS,COUNTY,CITY,DAY,MONTH,YEAR,DAY_WEEK,HOUR,MINUTE,NHS,ROAD_FNC,ROUTE,TWAY_ID,TWAY_ID2,MILEPT,LATITUDE,LONGITUD,SP_JUR,HARM_EV,MAN_COLL,RELJCT1,RELJCT2,TYP_INT,REL_ROAD,WRK_ZONE,LGT_COND,WEATHER1,WEATHER2,WEATHER,SCH_BUS,RAIL,NOT_HOUR,NOT_MIN,ARR_HOUR,ARR_MIN,HOSP_HR,HOSP_MN,CF1,CF2,CF3,FATALS,DRUNK_DR
12,121987,1,1,0,1,1,2,2,35,0,11,12,2011,1,18,42,0,16,6,CR-302,,0,29.46767222,-81.357722220,0,8,0,0,1,1,1,0,2,2,0,2,0,0000000,99,99,99,99,88,88,19,0,0,1,0
12,121988,2,2,0,0,0,2,2,11,1420,7,10,2011,6,9,5,0,13,3,SR-822,,99998,26.03339722,-80.168708330,0,12,2,0,1,1,1,0,1,2,0,2,0,0000000,99,99,99,99,99,99,0,0,0,1,0
12,121989,2,2,0,0,0,2,2,43,0,1,12,2011,5,17,5,0,6,8,LOBLOLLY BAY ROAD,TOM COKER ROAD,0,26.82767222,-81.507680560,0,12,6,0,2,2,1,0,5,1,0,1,0,0000000,99,99,99,99,99,99,0,0,0,1,1
12,121990,1,1,0,0,0,1,1,83,0,5,12,2011,2,14,15,0,99,8,CR-200A,,99998,29.25890556,-82.114086110,0,42,0,0,1,1,4,0,1,1,0,1,0,0000000,99,99,99,99,99,99,0,0,0,1,0
12,121991,1,1,0,0,0,1,1,95,0,8,12,2011,5,2,2,0,6,5,NORTH TANNER RD,,0,28.60010278,-81.170569440,0,30,0,0,1,1,4,0,2,1,0,1,0,0000000,99,99,99,99,99,99,0,0,0,1,1
12,121992,1,1,0,0,0,1,1,11,3193,9,12,2011,6,9,38,1,11,1,I-75,,99998,26.12285278,-80.358813890,0,21,0,0,1,1,3,0,1,2,0,2,0,0000000,99,99,99,99,88,88,0,0,0,1,0
12,121993,2,2,0,0,0,3,3,119,0,11,12,2011,1,12,15,1,2,2,US-301,CR-104,99998,28.94566389,-82.037988890,0,12,6,0,2,2,1,0,1,1,0,1,0,0000000,99,99,99,99,99,99,0,0,0,1,0
12,121994,1,1,0,0,0,1,1,101,0,14,12,2011,4,11,50,0,6,8,MCKENDREE ROAD,,99998,28.31293889,-82.312461110,0,30,0,0,1,1,4,0,1,1,0,1,0,0000000,99,99,99,99,88,88,0,0,0,1,0
12,121996,1,1,0,1,1,1,1,86,0,5,12,2011,2,19,30,0,14,2,US-441,,99998,25.89560556,-80.211047220,0,8,0,0,1,1,1,0,3,1,0,1,0,0000000,99,99,99,99,88,88,0,0,0,1,1
12,121997,1,1,0,0,0,1,1,87,0,12,12,2011,2,15,43,1,2,2,US-1,,99998,24.80030000,-80.857302780,0,21,0,0,1,1,4,0,1,1,0,1,0,0000000,99,99,99,99,99,99,0,0,0,1,0
12,121998,1,1,0,0,0,2,2,127,0,12,12,2011,2,16,44,1,11,1,I-95,,99998,29.15651944,-81.076538890,0,42,0,0,1,1,4,0,1,2,0,2,0,0000000,99,99,99,99,99,99,0,0,0,1,0
12,121999,2,2,0,0,0,2,2,23,0,13,12,2011,3,13,50,1,1,1,I-10,,99998,30.25304722,-82.712725000,0,12,1,0,1,1,2,0,1,1,0,1,0,0000000,99,99,99,99,99,99,0,0,0,1,0
12,122000,1,1,0,0,0,1,1,107,0,13,12,2011,3,12,27,0,6,8,SILVER LAKE DRIVE,MOODY ROAD,0,29.62044167,-81.678397220,0,42,0,1,2,3,4,0,1,1,0,1,0,0000000,99,99,99,99,99,99,0,0,0,1,1
12,122001,2,2,0,0,0,2,2,127,0,13,12,2011,3,21,35,1,11,1,I-95,,99998,29.23616389,-81.109022220,0,24,0,0,1,1,3,0,2,2,0,2,0,0000000,99,99,99,99,88,88,0,0,0,1,0
12,122002,2,2,0,0,0,2,2,9,0,14,12,2011,4,5,0,1,11,1,I-95,,99998,28.21578333,-80.714463890,0,12,1,0,1,1,1,0,2,1,0,1,0,0000000,99,99,99,99,99,99,0,0,0,1,0
12,122003,1,1,0,0,0,1,1,9,0,14,12,2011,4,2,25,1,12,3,SR-528,,99998,28.40527500,-80.632486110,0,31,0,0,1,1,4,0,2,10,0,10,0,0000000,99,99,99,99,99,99,0,0,0,1,1
12,122004,1,1,0,0,0,1,1,83,0,14,12,2011,4,5,45,0,6,8,CR-316,,0,29.36846389,-82.027130560,0,38,0,0,1,1,4,0,2,1,0,1,0,0000000,99,99,99,99,99,99,0,0,0,1,0
12,122005,1,1,0,1,1,1,1,95,0,14,12,2011,4,19,7,0,13,3,SR-436,OLD CHENEY HWY,99998,28.56125556,-81.310936110,0,8,0,0,3,2,1,0,2,1,0,1,0,0000000,99,99,99,99,99,99,0,0,0,1,0
12,122006,4,4,0,0,0,5,5,101,0,14,12,2011,4,13,54,0,16,6,CR-1,TIMBER OAKS AVE,0,28.31445556,-82.666150000,0,12,6,0,2,3,1,0,1,1,0,1,0,0000000,13,54,14,0,99,99,0,0,0,2,0
12,122007,1,1,0,1,1,1,1,99,0,15,12,2011,5,19,10,0,13,3,SR-802,,99998,26.61825833,-80.106300000,0,9,0,0,1,1,1,0,3,10,0,10,0,0000000,99,99,99,99,88,88,0,0,0,1,0
12,122008,1,1,0,0,0,2,2,109,0,15,12,2011,5,19,18,0,13,2,US-1,,99998,29.79391667,-81.319494440,0,42,0,0,1,1,4,0,2,1,0,1,0,0000000,99,99,99,99,99,99,0,0,0,1,0
12,122009,1,1,0,2,2,2,2,109,0,15,12,2011,5,18,0,0,14,3,SR-A1A,,99998,30.17940000,-81.377638890,0,8,0,0,1,1,1,0,2,1,0,1,0,0000000,99,99,99,99,88,88,0,0,0,2,0
12,122010,2,2,0,0,0,3,3,91,0,16,12,2011,6,5,15,1,1,1,I-10,,99998,30.71560278,-86.677952780,0,12,1,0,1,1,1,0,2,5,0,5,0,0000000,99,99,99,99,99,99,0,0,0,1,0
12,122011,1,1,0,1,1,3,3,97,0,16,12,2011,6,22,7,0,6,8,CYPRESS PKWY,,0,28.14645000,-81.451455560,0,8,0,0,1,1,1,0,3,1,0,1,0,0000000,99,99,99,99,99,99,0,0,0,1,0
12,122012,1,1,0,0,0,2,2,107,0,17,12,2011,7,21,45,0,6,4,SISCO ROAD,,0,29.52053889,-81.601944440,0,1,0,0,1,1,4,0,2,1,0,1,0,0000000,21,52,21,58,99,99,0,0,0,1,1
12,122013,1,1,0,0,0,4,4,75,0,17,12,2011,7,0,10,0,6,8,CR-316,,0,29.37393056,-82.443172220,0,1,0,0,1,1,4,0,2,1,0,1,0,0000000,99,99,99,99,99,99,0,0,0,2,1
12,122014,1,1,0,0,0,1,1,81,0,17,12,2011,7,1,29,0,16,6,WHITFIELD AVENUE,TUTTLE AVENUE,0,27.56744167,-82.541094440,0,33,0,0,3,3,4,0,3,1,0,1,0,0000000,99,99,99,99,99,99,0,0,0,1,1
12,122015,1,1,0,1,1,2,2,107,0,18,12,2011,1,2,30,0,14,2,US-17,,99998,29.59578611,-81.598066670,0,8,0,0,1,1,1,0,2,1,0,1,0,0000000,99,99,99,99,88,88,19,0,0,1,1
12,122016,1,1,0,0,0,1,1,11,1420,18,12,2011,1,2,16,1,11,3,SR-91,,99998,26.00541389,-80.214655560,0,24,0,1,5,1,4,0,3,1,0,1,0,0000000,99,99,99,99,99,99,0,0,0,1,0
12,122017,1,1,0,0,0,1,1,69,0,18,12,2011,1,0,20,0,14,3,SR-19,,99998,28.89825000,-81.686969440,0,1,0,0,1,1,1,0,2,1,0,1,0,0000000,99,99,99,99,88,88,0,0,0,1,1
12,122018,1,1,0,0,0,1,1,127,0,18,12,2011,1,18,20,0,6,6,TALL GRASS LANE,CARDINAL GLEN LANE,0,28.84904167,-81.169455560,0,1,0,0,2,2,1,0,2,1,0,1,0,0000000,99,99,99,99,88,88,0,0,0,1,1
12,122019,2,2,0,0,0,2,2,95,0,19,12,2011,2,3,25,0,6,4,CR-423,,0,28.39308056,-81.424977780,0,12,1,0,1,1,1,0,3,1,0,1,0,0000000,99,99,99,99,88,88,0,0,0,1,1
12,122020,2,2,0,0,0,2,2,9,0,20,12,2011,3,1,50,1,1,1,I-95,,99998,27.93532222,-80.604852780,0,12,1,1,18,1,1,0,2,1,0,1,0,0000000,99,99,99,99,88,88,0,0,0,1,0
12,122021,1,1,0,0,0,1,1,86,0,20,12,2011,3,8,28,1,12,3,SR-826,,99998,25.77176667,-80.320430560,0,24,0,1,5,1,4,0,1,1,0,1,0,0000000,99,99,99,99,88,88,0,0,0,1,0
12,122022,2,2,0,0,0,3,3,59,0,20,12,2011,3,21,43,1,1,1,I-10,,99998,30.76349167,-85.706736110,0,12,7,0,1,1,1,0,2,2,0,2,0,0000000,99,99,99,99,99,99,0,0,0,1,0
12,122023,1,1,0,0,0,4,4,19,0,21,12,2011,4,9,40,1,2,2,US-301,,99998,30.17758611,-82.023966670,0,1,0,0,1,1,3,0,1,1,0,1,0,0000000,99,99,99,99,99,99,0,0,0,1,0
12,122024,1,1,0,0,0,2,2,71,0,18,12,2011,1,2,5,0,6,5,KITTYHAWK DRIVE,,0,26.67858333,-81.708644440,0,42,0,0,1,1,4,0,2,1,0,1,0,0000000,99,99,99,99,99,99,0,0,0,1,1
12,122025,2,2,0,0,0,2,2,57,0,16,11,2011,4,11,0,0,6,8,LITHIA PINECREST ROAD,,99998,27.89133056,-82.241658330,0,12,6,0,8,1,1,0,1,10,0,10,0,0000000,99,99,99,99,99,99,0,0,0,1,0
12,122026,1,1,0,1,1,1,1,9,2424,24,11,2011,5,6,26,0,6,6,DE GROODT ROAD SW,,0,27.93866111,-80.675850000,0,8,0,0,1,1,1,0,4,1,0,1,0,0000000,99,99,99,99,99,99,0,0,0,1,0
12,122027,2,2,0,0,0,2,2,11,0,24,11,2011,5,0,40,0,14,2,US-1,GRIFFIN RD,99998,26.06344722,-80.142488890,0,12,6,1,5,1,1,0,3,1,0,1,0,0000000,99,99,99,99,99,99,0,0,0,1,0
12,122028,2,2,0,0,0,2,2,15,0,24,11,2011,5,0,25,0,3,3,SR-93,,99998,26.94918056,-82.020936110,0,12,1,0,1,1,1,0,3,1,0,1,0,0000000,99,99,99,99,99,99,0,0,0,1,0
12,122029,1,1,0,1,1,1,1,19,0,26,11,2011,7,21,40,0,6,3,SR-23,,0,30.13303889,-81.831319440,0,9,0,0,1,1,1,0,2,10,0,10,0,0000000,99,99,99,99,88,88,0,0,0,1,0
12,122030,1,1,0,0,0,3,3,21,2150,2,12,2011,6,12,0,0,14,4,5TH AVENUE,,99998,26.14073056,-81.799827780,0,5,0,0,1,1,1,0,1,1,0,1,0,0000000,99,99,99,99,99,99,0,0,0,1,0
12,122031,1,1,0,1,1,2,2,86,2930,6,12,2011,3,8,24,0,16,6,109 AVENUE SW,,0,25.76650556,-80.372847220,0,8,0,0,1,1,1,0,1,1,0,1,0,0000000,99,99,99,99,99,99,0,0,0,1,0
12,122032,1,1,0,1,1,4,4,73,2940,9,12,2011,6,23,22,0,14,3,SR-371,LEVY AVE,99998,30.42354167,-84.302291670,0,8,0,0,2,2,1,0,3,1,0,1,0,0000000,99,99,99,99,99,99,0,0,0,1,0
12,122033,2,2,0,0,0,2,2,83,2270,10,12,2011,7,23,14,0,3,3,SR-200,17TH RD,99998,29.16976944,-82.164069440,0,12,6,0,2,3,1,0,3,10,0,10,0,0000000,99,99,99,99,99,99,0,0,0,1,2
12,122034,2,2,0,0,0,3,3,15,0,11,12,2011,1,12,40,0,6,5,CHANCELLOR BLVD,MCCABE ST,0,27.03277500,-82.219413890,0,12,6,0,2,2,1,0,1,10,0,10,0,0000000,99,99,99,99,99,99,0,0,0,1,0
12,122035,4,4,0,0,0,5,5,57,0,11,12,2011,1,20,20,0,13,2,US-92,SR-583,99998,27.99644722,-82.393469440,0,12,6,0,2,2,1,0,3,10,0,10,0,0000000,99,99,99,99,99,99,0,0,0,1,1
12,122036,1,1,0,1,1,1,1,115,0,11,12,2011,1,20,24,0,6,5,SWIFT RD,HOPE ST,0,27.28319444,-82.514155560,0,8,0,0,2,3,1,0,3,10,0,10,0,0000000,99,99,99,99,88,88,0,0,0,1,1
12,122037,1,1,0,0,0,2,2,71,0,12,12,2011,2,1,11,0,6,8,PARK WAY,,0,26.72143056,-81.701958330,0,5,0,0,1,1,1,0,2,10,0,10,0,0000000,99,99,99,99,99,99,0,0,0,1,1
12,122038,2,2,0,0,0,2,2,55,0,12,12,2011,2,14,1,1,2,2,US-27,,99998,27.40220278,-81.416505560,0,12,6,0,8,1,1,0,1,10,0,10,0,0000000,99,99,99,99,99,99,0,0,0,1,0
12,122039,2,2,0,0,0,2,2,15,0,13,12,2011,3,23,54,0,6,8,KINGS HIGHWAY,ELMIRA BLVD,0,26.97542778,-82.065625000,0,12,1,0,3,4,1,0,3,1,0,1,0,0000000,99,99,99,99,99,99,0,0,0,1,1
12,122040,1,1,0,1,1,1,1,31,1510,14,12,2011,4,9,10,0,14,2,US-1,DIVISION STREET,99998,30.35690278,-81.701555560,0,9,0,0,3,2,1,0,1,1,0,1,0,0000000,99,99,99,99,88,88,0,0,0,1,0
12,122041,2,2,0,0,0,3,3,83,0,14,12,2011,4,16,55,0,6,4,CR-42,CR-25,0,28.98201111,-81.924347220,0,12,9,0,2,2,1,0,1,1,0,1,0,0000000,99,99,99,99,99,99,0,0,0,1,0
12,122042,2,2,0,0,0,3,3,71,0,17,12,2011,7,15,45,1,1,1,I-75,,99998,26.59571667,-81.798277780,0,12,9,0,1,1,1,0,1,1,0,1,0,0000000,99,99,99,99,99,99,0,0,0,1,0
12,122043,1,1,0,0,0,2,2,107,0,18,12,2011,1,2,45,0,16,6,CR-308,,0,29.43756389,-81.589863890,0,30,0,0,1,1,4,0,2,1,0,1,0,0000000,99,99,99,99,88,88,0,0,0,2,1
12,122044,1,1,0,0,0,3,3,105,0,18,12,2011,1,23,15,0,6,8,COUNTY LINE ROAD,,99998,27.98815278,-82.055788890,0,34,0,0,1,1,4,0,2,1,0,1,0,0000000,99,99,99,99,99,99,0,0,0,1,1
12,122045,2,2,0,0,0,6,6,81,340,18,12,2011,1,20,45,0,13,3,SR-64,20TH STREET EAST,99998,27.49617222,-82.539613890,0,12,6,0,2,2,1,0,3,1,0,1,0,0000000,99,99,99,99,99,99,0,0,0,1,1
12,122047,1,1,0,0,0,2,2,83,0,19,12,2011,2,21,30,0,14,3,SR-40,,99998,29.18692778,-81.903633330,0,1,0,0,1,1,1,0,2,1,0,1,0,0000000,99,99,99,99,99,99,0,0,0,1,1
12,122049,1,1,0,1,1,4,4,97,0,21,12,2011,4,19,44,0,13,2,US-192,,99998,28.33272778,-81.562555560,0,8,0,0,1,1,1,0,3,1,0,1,0,0000000,99,99,99,99,99,99,0,0,0,1,0
12,122050,2,2,0,0,0,4,4,103,0,21,12,2011,4,2,10,1,13,2,US-19,,99998,28.09171389,-82.739688890,0,12,1,0,1,1,1,0,3,1,0,1,0,0000000,99,99,99,99,99,99,0,0,0,1,1
12,122051,2,2,0,0,0,2,2,111,0,21,12,2011,4,15,40,0,13,3,SR-614,CR-603,99998,27.52120000,-80.431402780,0,12,6,0,2,3,1,0,1,1,0,1,0,0000000,99,99,99,99,99,99,0,0,0,1,0
12,122052,1,1,0,0,0,1,1,3,0,22,12,2011,5,17,17,0,6,8,FRED HARVEY,,0,30.29018611,-82.256522220,0,34,0,0,1,1,4,0,1,1,0,1,0,0000000,99,99,99,99,88,88,0,0,0,1,1
12,122053,1,1,0,0,0,1,1,9,0,22,12,2011,5,20,29,0,14,2,US-1,,99998,28.42487222,-80.757730560,0,1,0,0,1,1,4,0,2,1,0,1,0,0000000,99,99,99,99,99,99,0,0,0,1,1
12,122054,1,1,0,1,1,1,1,29,0,22,12,2011,5,5,30,0,14,2,US-19,,99998,29.62786111,-83.118338890,0,9,0,0,1,1,1,0,2,1,0,1,0,0000000,99,99,7,45,88,88,0,0,0,1,0
12,122055,1,1,0,1,1,1,1,33,0,22,12,2011,5,18,18,0,14,2,US-90,,99998,30.53356389,-87.283363890,0,8,0,0,1,1,1,0,1,2,0,2,0,0000000,99,99,99,99,88,88,0,0,0,1,0
12,122056,2,2,0,0,0,2,2,91,0,23,12,2011,6,7,31,0,3,3,SR-123,,99998,30.53574167,-86.542363890,0,12,2,0,1,1,1,0,1,10,0,10,0,0000000,99,99,99,99,88,88,0,0,0,1,1
12,122057,1,1,0,1,1,1,1,9,0,24,12,2011,7,19,50,0,13,2,US-1,,99998,28.40875833,-80.755019440,0,8,0,0,1,1,1,0,2,10,0,10,0,0000000,99,99,99,99,99,99,0,0,0,1,0
12,122058,1,1,0,1,1,1,1,57,0,24,12,2011,7,6,40,0,13,2,US-301,,99998,27.94972778,-82.354163890,0,9,0,0,1,1,1,0,4,1,0,1,0,0000000,99,99,99,99,88,88,0,0,0,1,0
12,122059,1,1,0,0,0,1,1,79,0,24,12,2011,7,0,25,0,6,8,OLD COUNTY CAMP ROAD SE,,0,30.45797778,-83.406180560,0,41,0,0,1,1,4,0,3,1,0,1,0,0000000,99,99,99,99,88,88,0,0,0,1,1
12,122060,1,1,0,1,1,1,1,81,0,24,12,2011,7,2,40,0,6,4,15TH STREET,57TH AVNENUE EAST,0,27.45147500,-82.546730560,0,8,0,0,2,2,1,0,2,1,0,1,0,0000000,2,41,2,46,88,88,0,0,0,1,0
12,122061,2,2,0,0,0,5,5,127,2580,24,12,2011,7,17,25,1,11,1,I-95,,99998,29.06521111,-81.008761110,0,12,6,0,1,1,1,0,1,1,0,1,0,0000000,99,99,99,99,99,99,0,0,0,1,1
12,122062,1,1,0,0,0,1,1,51,0,25,12,2011,1,14,24,0,13,3,SR-29,,99998,26.74750833,-81.438183330,0,42,0,0,1,1,4,0,1,1,0,1,0,0000000,99,99,99,99,99,99,0,0,0,1,0
12,122063,2,2,0,0,0,5,5,81,0,25,12,2011,1,21,25,0,13,3,SR-64,RYE RD,99998,27.48223889,-82.405977780,0,12,6,0,2,3,1,0,3,1,0,1,0,0000000,21,31,21,38,99,99,0,0,0,2,0
12,122064,2,2,0,0,0,2,2,117,30,26,12,2011,2,13,17,0,13,3,SR-414,GATEWAY DR,99998,28.64068611,-81.423280560,0,12,6,0,2,3,1,0,1,10,0,10,0,0000000,99,99,99,99,99,99,0,0,0,1,0
12,122065,1,1,0,0,0,1,1,121,0,4,12,2011,1,8,10,0,6,4,CR-136,,0,30.31633889,-82.846972220,0,42,0,0,1,1,4,0,1,10,0,10,0,0000000,99,99,99,99,88,88,0,0,0,1,0
12,122066,1,1,0,1,1,1,1,127,810,9,12,2011,6,20,17,0,16,6,W EUCLID AVENUE,,0,29.02080000,-81.316302780,0,9,0,0,1,1,1,0,3,1,0,1,0,0000000,99,99,99,99,99,99,0,0,0,1,0
12,122067,1,1,0,1,1,1,1,11,790,10,12,2011,7,18,0,0,3,3,SR-811,,99998,26.29000556,-80.108294440,0,8,0,0,1,1,1,0,3,1,0,1,0,0000000,99,99,99,99,99,99,0,0,0,1,0
12,122068,1,1,0,0,0,3,3,103,2960,11,12,2011,1,3,14,0,16,6,MERES BLVD,,0,28.13885278,-82.771994440,0,30,0,0,1,1,4,0,2,1,0,1,0,0000000,99,99,99,99,99,99,0,0,0,1,0
12,122069,1,1,0,0,0,1,1,31,1510,11,12,2011,1,99,99,0,16,6,2800 PILAR LANE,,0,30.36377500,-81.483969440,0,3,0,0,1,1,5,0,9,99,0,99,0,0000000,99,99,99,99,88,88,0,0,0,1,1
12,122070,1,1,0,0,0,2,2,103,1770,13,11,2011,1,20,26,0,16,6,TALL PINES DRIVE,,0,27.89703056,-82.756611110,0,42,0,0,1,1,4,0,2,1,0,1,0,0000000,99,99,99,99,99,99,0,0,0,2,1
12,122071,1,1,0,1,1,1,1,31,1510,17,12,2011,7,20,25,0,14,3,SR-13,,99998,30.31089722,-81.654686110,0,9,0,0,1,1,1,0,3,1,0,1,0,0000000,99,99,99,99,99,99,0,0,0,1,0
12,122072,2,2,0,0,0,2,2,99,0,20,11,2011,1,5,15,0,4,3,SR-700,,99998,26.68396389,-80.335738890,0,12,1,0,1,1,1,0,2,10,0,10,0,0000000,99,99,99,99,99,99,0,0,0,1,1
12,122073,1,1,0,0,0,1,1,31,1520,22,12,2011,5,14,1,0,16,6,1ST STREET,,0,30.27862500,-81.387477780,0,39,0,0,1,1,4,0,1,1,0,1,0,0000000,99,99,99,99,99,99,0,0,0,1,0
12,122074,2,2,0,0,0,5,5,103,1770,25,12,2011,1,22,55,0,16,6,INDIAN ROCKS ROAD,ANGLERS LANE,0,27.89878611,-82.825636110,0,12,2,0,2,3,1,0,3,1,0,1,0,0000000,99,99,99,99,99,99,0,0,0,2,1
12,122075,2,2,0,0,0,2,2,103,2730,1,8,2011,2,1,0,0,16,6,16TH STREET,1ST AVENUE,0,27.77020278,-82.654797220,0,12,6,0,2,2,1,0,3,1,0,1,0,0000000,99,99,99,99,99,99,0,0,0,1,0
12,122076,1,1,0,1,1,2,2,95,2360,17,9,2011,7,20,29,0,14,3,SR-423,,99998,28.54798056,-81.414002780,0,8,0,0,1,1,1,0,3,1,0,1,0,0000000,99,99,99,99,99,99,0,0,0,1,0
12,122077,2,2,0,0,0,3,3,95,2360,11,10,2011,3,18,36,0,14,4,TAMPA AVENUE SOUTH,LONG STREET,99998,28.53685278,-81.405366670,0,12,6,0,2,4,1,0,1,1,0,1,0,0000000,99,99,99,99,99,99,0,0,0,1,0
12,122078,3,3,0,0,0,4,4,31,1510,27,10,2011,5,15,57,0,14,3,SR-208,DEBRA DRIVE,99998,30.26979444,-81.767305560,0,12,1,0,3,1,1,0,1,1,0,1,0,0000000,99,99,99,99,99,99,0,0,0,1,1
12,122079,1,1,0,1,1,2,2,81,345,8,12,2011,5,10,33,0,15,3,SR-789,,99998,27.47050278,-82.700372220,0,8,0,0,1,1,1,0,1,1,0,1,0,0000000,99,99,99,99,99,99,0,0,0,1,0
12,122080,1,1,0,1,1,1,1,105,0,24,9,2011,7,20,39,0,14,4,ARMOUR AVENUE,DAIRY ROAD,99998,28.06392778,-81.776611110,0,8,0,0,3,3,1,0,3,1,0,1,0,0000000,99,99,99,99,99,99,0,0,0,1,0
12,122081,1,1,0,0,0,1,1,105,0,2,10,2011,1,0,30,0,3,3,SR-60,,99998,27.89783889,-81.908788890,0,30,0,0,1,1,4,0,2,1,0,1,0,0000000,99,99,99,99,99,99,0,0,0,1,1
12,122082,1,1,0,1,1,1,1,115,2780,17,10,2011,2,21,29,0,13,3,SR-780,,99998,27.33747778,-82.502191670,0,8,0,0,1,1,1,0,3,2,0,2,0,0000000,99,99,99,99,88,88,0,0,0,1,1
12,122083,2,2,0,0,0,2,2,105,850,28,10,2011,6,9,13,0,16,6,MAIN STREET,LAKE DELL DRIVE,0,28.02234167,-81.623650000,0,12,6,0,2,2,1,0,1,10,0,10,0,0000000,99,99,99,99,99,99,0,0,0,1,0
12,122084,1,1,0,0,0,1,1,57,0,2,11,2011,4,14,2,0,16,6,LAKEWOOD DR,BRANDON MAIN STREET,0,27.93028611,-82.310497220,0,59,0,0,2,3,4,0,1,1,0,1,0,0000000,99,99,99,99,99,99,0,0,0,1,0
12,122085,1,1,0,1,1,2,2,57,0,20,11,2011,1,20,40,0,6,8,SPARKMAN ROAD,,99998,27.97424444,-82.111075000,0,8,0,0,1,1,1,0,2,1,0,1,0,0000000,99,99,99,99,88,88,19,0,0,1,0
12,122086,2,2,0,0,0,2,2,11,0,9,12,2011,6,3,40,1,11,1,I-595,,99998,25.97108611,-80.286741670,0,12,1,0,1,1,1,0,2,1,0,1,0,0000000,99,99,99,99,88,88,0,0,0,1,1
12,122087,1,1,0,0,0,5,5,53,0,17,12,2011,7,23,15,1,1,1,I-75,,99998,28.52693889,-82.237238890,0,1,0,0,1,1,1,0,3,1,0,1,0,0000000,99,99,99,99,99,99,0,0,0,1,1
12,122088,1,1,0,1,1,2,2,15,0,18,12,2011,1,15,20,0,16,6,COCHRAN BLVD,,0,27.00984167,-82.132261110,0,8,0,0,1,1,1,0,1,1,0,1,0,0000000,99,99,99,99,99,99,0,0,0,1,0
12,122089,2,2,0,0,0,3,3,115,0,18,12,2011,1,6,15,0,6,4,CR-72A,,99998,27.25461944,-82.531052780,0,12,2,0,1,1,1,0,2,1,0,1,0,0000000,99,99,99,99,99,99,0,0,0,2,2
12,122090,1,1,0,1,1,1,1,103,0,18,12,2011,1,21,39,1,13,2,US-19,SR-584,99998,28.06716389,-82.738705560,0,8,0,0,2,2,1,4,3,10,0,10,0,0000000,99,99,99,99,99,99,0,0,0,1,0
12,122091,1,1,0,1,1,1,1,31,1510,19,12,2011,2,20,0,1,11,1,I-95,,99998,30.13554444,-81.534772220,0,8,0,0,1,1,1,0,2,1,0,1,0,0000000,99,99,99,99,88,88,0,0,0,1,0
12,122092,2,2,0,0,0,2,2,69,1240,21,12,2011,4,16,28,0,14,3,SR-50,GANO ROAD,99998,28.55812500,-81.830941670,0,12,2,0,2,2,1,0,1,1,0,1,0,0000000,99,99,99,99,99,99,0,0,0,1,0
12,122093,1,1,0,1,1,1,1,57,0,25,12,2011,1,17,57,0,6,4,SYDNEY DOVER ROAD,,0,27.99060556,-82.207286110,0,9,0,0,1,1,1,0,2,1,0,1,0,0000000,99,99,99,99,88,88,0,0,0,1,0
12,122094,2,2,0,0,0,2,2,103,570,27,12,2011,3,7,30,0,14,3,SR-590,NORTH MYRTLE AVENUE,99998,27.96817222,-82.795936110,0,12,6,0,2,2,1,0,4,10,0,10,0,0000000,99,99,99,99,99,99,0,0,0,1,0
12,122095,1,1,0,1,1,4,4,57,0,27,12,2011,3,19,39,0,6,8,FALKENBURG ROAD NORTH,COLUMBUS DRIVE,99998,27.96673889,-82.335255560,0,8,0,0,2,2,1,0,2,10,0,10,0,0000000,99,99,99,99,88,88,0,0,0,1,0
12,122096,1,1,0,0,0,1,1,31,1510,27,12,2011,3,9,49,1,11,1,I-295,,99998,30.41168611,-81.749672220,0,35,0,1,5,1,4,0,1,2,0,2,0,0000000,99,99,99,99,88,88,0,0,0,1,0
12,122097,1,1,0,1,1,4,4,131,0,28,12,2011,4,6,52,1,2,2,US-331,,99998,30.96978056,-86.301911110,0,8,0,0,1,1,1,0,2,1,0,1,0,0000000,99,99,99,99,88,88,19,0,0,1,0
12,122098,1,1,0,0,0,5,5,113,0,28,12,2011,4,21,55,0,6,8,GEORGE LEONARD RD,,0,30.74005278,-87.034608330,0,1,0,0,1,1,1,0,2,10,0,10,0,0000000,99,99,99,99,99,99,0,0,0,1,1
12,122099,1,1,0,0,0,1,1,99,1190,28,12,2011,4,5,15,0,13,3,SR-802,,99998,26.61881944,-80.129036110,0,33,0,0,1,1,4,0,3,1,0,1,0,0000000,99,99,99,99,88,88,0,0,0,1,0
12,122100,1,1,0,0,0,1,1,23,0,28,12,2011,4,22,15,1,1,1,I-75,,99998,30.15275278,-82.685397220,0,42,0,0,1,1,4,0,2,1,0,1,0,0000000,99,99,99,99,88,88,0,0,0,1,0
12,122101,1,1,0,1,1,7,7,11,1050,29,12,2011,5,19,3,1,11,1,I-95,,99998,26.11611111,-80.169063890,0,8,0,0,1,1,1,0,3,1,0,1,0,0000000,99,99,99,99,99,99,23,0,0,1,0