STATE,ST_CASE,VE_TOTAL,VE_FORMS,PVH_INVL,PEDS,PERNOTMVIT,PERMVIT,PERSONS,COUNTY,CITY,DAY,MONTH,YEAR,DAY_WEEK,HOUR,MINUTE,NHS,ROAD_FNC,ROUTE,TWAY_ID,TWAY_ID2,MILEPT,LATITUDE,LONGITUD,SP_JUR,HARM_EV,MAN_COLL,RELJCT1,RELJCT2,TYP_INT,REL_ROAD,WRK_ZONE,LGT_COND,WEATHER1,WEATHER2,WEATHER,SCH_BUS,RAIL,NOT_HOUR,NOT_MIN,ARR_HOUR,ARR_MIN,HOSP_HR,HOSP_MN,CF1,CF2,CF3,FATALS,DRUNK_DR
12,122102,3,2,1,1,1,4,4,9,0,30,12,2011,6,22,37,1,1,1,I-95,,99998,28.48919722,-80.828513890,0,12,1,0,1,1,1,4,2,1,0,1,0,0000000,99,99,99,99,99,99,0,0,0,1,0
12,122103,1,1,0,0,0,4,4,21,0,30,12,2011,6,14,33,1,1,1,I-75,,99998,26.15498333,-81.339711110,0,1,0,0,1,1,1,0,1,1,0,1,0,0000000,99,99,99,99,99,99,0,0,0,1,0
12,122104,2,2,0,1,1,1,1,43,0,30,12,2011,6,6,42,1,2,2,US-27,,99998,26.91834167,-81.293983330,0,12,1,0,1,1,1,0,4,5,0,5,0,0000000,99,99,99,99,88,88,19,0,0,1,0
12,122105,3,3,0,0,0,5,5,49,0,30,12,2011,6,17,30,1,2,3,SR-64,,99998,27.56268889,-81.647638890,0,12,2,0,1,1,1,0,1,1,0,1,0,0000000,99,99,99,99,99,99,0,0,0,2,0
12,122106,1,1,0,1,1,3,3,53,0,30,12,2011,6,19,32,0,14,2,US-41,MUDRON,99998,28.44645833,-82.454855560,0,8,0,0,3,2,1,0,3,1,0,1,0,0000000,99,99,99,99,88,88,0,0,0,1,0
12,122107,2,2,0,1,1,2,2,95,0,30,12,2011,6,15,7,0,14,3,SR-424,LEE ROAD,99998,28.60339722,-81.407194440,0,12,2,0,2,2,1,0,1,1,0,1,0,0000000,99,99,99,99,99,99,0,0,0,1,1
12,122108,1,1,0,0,0,1,1,95,0,30,12,2011,6,19,26,0,6,8,CHRISTMAS ROAD,,0,28.55385556,-81.029405560,0,1,0,0,1,1,1,0,2,1,0,1,0,0000000,99,99,99,99,99,99,0,0,0,1,1
12,122109,1,1,0,1,1,2,2,27,0,31,12,2011,7,22,26,1,13,3,SR-70,,99998,27.20890833,-81.837372220,0,8,0,0,1,1,1,0,2,1,0,1,0,0000000,99,99,99,99,99,99,0,0,0,1,0
12,122110,2,2,0,1,1,2,2,69,0,31,12,2011,7,1,16,1,2,2,US-27,CORNERSIDE WAY,99998,28.35187222,-81.675838890,0,8,0,0,3,3,1,0,2,1,0,1,0,0000000,1,16,1,20,99,99,0,0,0,1,0
12,122111,1,1,0,1,1,1,1,95,0,31,12,2011,7,3,4,0,14,3,SR-482,,99998,28.44983056,-81.449577780,0,9,0,0,1,1,1,0,2,1,0,1,0,0000000,99,99,99,99,88,88,0,0,0,1,0
12,122112,2,2,0,0,0,5,5,95,0,31,12,2011,7,4,23,0,6,8,HIAWASSEE ROAD,BALBOA DRIVE,0,28.55934444,-81.475752780,0,12,6,1,2,2,1,0,4,1,0,1,0,0000000,4,21,4,26,99,99,0,0,0,1,0
12,122114,1,1,0,1,1,1,1,99,0,30,9,2011,6,19,35,0,16,6,64TH DRIVE SOUTH,,0,26.65303056,-80.144750000,0,8,0,0,1,1,1,0,2,1,0,1,0,0000000,99,99,99,99,99,99,0,0,0,1,0
12,122115,2,2,0,0,0,3,3,71,457,15,10,2011,7,14,50,0,3,3,SR-78,CR-765,99998,26.63758889,-82.040016670,0,12,6,0,2,2,1,0,1,10,0,10,0,0000000,99,99,99,99,99,99,0,0,0,1,0
12,122116,1,1,0,1,1,1,1,105,0,17,10,2011,2,0,0,1,13,3,SR-60,,99998,27.92347778,-82.029716670,0,8,0,0,1,1,1,0,2,1,0,1,0,0000000,99,99,99,99,99,99,0,0,0,1,0
12,122117,1,1,0,1,1,1,1,31,1510,10,12,2011,7,21,17,0,13,3,SR-228,PARRISH CEMETERY ROAD,99998,30.27486111,-81.831988890,0,8,0,0,2,2,1,0,3,1,0,1,0,0000000,99,99,99,99,88,88,0,0,0,1,1
12,122118,1,1,0,1,1,1,1,87,1505,14,12,2011,4,12,0,1,13,2,US-1,,99998,24.91626111,-80.637677780,0,8,0,0,1,1,1,0,1,1,0,1,0,0000000,99,99,99,99,99,99,0,0,0,1,0
12,122119,1,1,0,1,1,1,1,117,480,16,12,2011,6,15,31,0,13,3,SR-436,KEWANNEE TRAIL,99998,28.64876111,-81.325111110,0,9,0,0,2,2,1,0,1,1,0,1,0,0000000,99,99,99,99,99,99,0,0,0,1,0
12,122120,1,1,0,0,0,1,1,15,0,19,12,2011,2,12,0,0,16,6,ROTONDA BLVD,,0,26.88741667,-82.302355560,0,34,0,0,1,1,4,0,1,1,0,1,0,0000000,99,99,99,99,99,99,0,0,0,1,0
12,122121,1,1,0,0,0,3,3,9,0,25,12,2011,1,2,35,1,11,1,I-95,,99998,28.54303611,-80.851736110,0,1,0,0,1,1,3,1,2,1,0,1,0,0000000,99,99,99,99,99,99,0,0,0,1,1
12,122122,1,1,0,0,0,1,1,63,0,26,12,2011,2,14,0,0,6,8,NORTEK BLVD,,99998,30.59026389,-85.294761110,0,42,0,0,1,1,4,0,1,10,0,10,0,0000000,99,99,99,99,99,99,0,0,0,1,1
12,122123,1,1,0,1,1,1,1,85,0,27,12,2011,3,13,22,0,13,3,SR-714,,99998,27.17229722,-80.268261110,0,9,0,0,1,1,1,0,1,1,0,1,0,0000000,99,99,99,99,99,99,0,0,0,1,0
12,122124,1,1,0,1,1,5,5,9,0,31,12,2011,7,16,7,0,13,2,US-1,,99998,27.93259444,-80.603108330,0,9,0,0,1,1,1,0,1,1,0,1,0,0000000,99,99,99,99,99,99,0,0,0,1,0
12,122126,2,2,0,0,0,2,2,31,1510,29,10,2011,7,14,10,0,13,2,US-90,1-295,99998,30.30788611,-81.645841670,0,12,1,0,3,2,1,0,1,1,0,1,0,0000000,99,99,99,99,99,99,0,0,0,1,0
12,122127,2,2,0,0,0,2,2,31,1510,10,11,2011,5,16,33,0,16,6,YOUNGERMAN CIR,,0,30.19398056,-81.739486110,0,12,6,0,8,1,1,0,1,1,0,1,0,0000000,99,99,99,99,99,99,0,0,0,1,0
12,122128,3,3,0,0,0,4,4,5,2450,22,3,2011,3,17,33,0,6,4,HWY 231,A STREET,0,30.21498056,-85.604661110,0,12,6,0,2,3,1,0,1,1,0,1,0,0000000,99,99,99,99,99,99,0,0,0,1,0
12,122129,3,3,0,0,0,4,4,117,2770,1,10,2011,7,12,0,0,3,3,SR-600,CARDINAL COVE CIRCLE,99998,28.79206111,-81.273061110,0,12,8,0,1,1,1,0,1,1,0,1,0,0000000,99,99,99,99,99,99,0,0,0,1,0
12,122130,3,3,0,0,0,3,3,86,0,5,10,2011,4,17,30,0,13,3,SR-9,NW 106 STREET,99998,25.87078889,-80.242675000,0,12,6,0,2,2,1,0,1,1,0,1,0,0000000,99,99,99,99,88,88,0,0,0,1,0
12,122131,1,1,0,1,1,1,1,86,0,3,12,2011,7,19,13,0,6,8,SW 184 STREET,HOMESTEAD AVENUE,0,25.59848611,-80.356783330,0,8,0,0,3,1,1,0,3,1,0,1,0,0000000,99,99,99,99,99,99,0,0,0,1,0
12,122132,1,1,0,1,1,2,2,57,2950,13,12,2011,3,19,45,0,13,3,SR-582,,99998,28.05456944,-82.428461110,0,8,0,0,1,1,1,0,3,1,0,1,0,0000000,99,99,99,99,99,99,0,0,0,1,0
12,122133,1,1,0,1,1,1,1,9,3000,15,12,2011,5,19,25,0,13,3,SR-405,WINDOVER TRAIL,99998,28.55376111,-80.843433330,0,8,0,0,1,1,1,0,2,10,0,10,0,0000000,99,99,99,99,99,99,0,0,0,1,0
12,122134,1,1,0,0,0,1,1,71,457,21,9,2011,4,9,5,0,16,6,CHIQUITA BLVD,,0,26.71160833,-82.006352780,0,35,0,0,1,1,4,0,9,1,0,1,0,0000000,99,99,99,99,88,88,0,0,0,1,1
12,122135,3,2,1,0,0,3,3,103,2740,30,9,2011,6,20,48,0,16,6,GULF BLVD,,99998,27.73234167,-82.744827780,0,43,0,0,8,1,4,0,3,1,0,1,0,0000000,99,99,99,99,99,99,20,0,0,2,1
12,122136,1,1,0,0,0,1,1,86,1340,9,10,2011,1,5,30,0,16,6,21ST STREET,,0,25.84115556,-80.269652780,0,30,0,0,1,1,4,0,3,2,0,2,0,0000000,99,99,99,99,99,99,0,0,0,1,0
12,122137,1,1,0,1,1,2,2,11,1420,24,10,2011,2,21,54,0,13,2,US-441,BUCHANAN STREET,99998,26.01620278,-80.207838890,0,8,0,0,2,2,1,0,2,1,0,1,0,0000000,99,99,99,99,88,88,0,0,0,1,1
12,122138,1,1,0,0,0,1,1,103,2730,18,11,2011,6,2,23,0,16,6,PARK STREET,,0,27.77676944,-82.745594440,0,30,0,0,1,1,4,0,3,1,0,1,0,0000000,99,99,99,99,88,88,0,0,0,1,1
12,122139,1,1,0,4,4,1,1,57,2950,16,11,2011,4,19,44,0,16,6,43RD STREET NORTH,,0,27.99679722,-82.409963890,0,8,0,0,1,1,1,0,2,1,0,1,0,0000000,99,99,99,99,99,99,0,0,0,1,1
12,122140,1,1,0,1,1,2,2,57,2950,23,11,2011,4,18,17,0,14,2,US-41,LINEBAUGH AVENUE,99998,28.03994444,-82.459455560,0,8,0,0,3,2,1,0,3,1,0,1,0,0000000,99,99,99,99,99,99,0,0,0,1,0
12,122141,1,1,0,0,0,2,2,86,0,8,12,2011,5,14,43,0,3,3,SR-821,,99998,25.51497222,-80.408019440,0,42,0,1,5,1,4,0,1,1,0,1,0,0000000,99,99,99,99,99,99,0,0,0,2,0
12,122142,2,2,0,0,0,2,2,105,0,12,12,2011,2,0,0,1,2,2,US-98,,99998,28.20709167,-82.009944440,0,12,2,0,1,1,1,0,2,1,0,1,0,0000000,99,99,99,99,99,99,0,0,0,1,0
12,122143,1,1,0,0,0,1,1,57,2950,14,12,2011,4,2,31,0,16,6,HIMES AVENUE,,0,27.98360000,-82.501100000,0,42,0,0,1,1,4,0,3,1,0,1,0,0000000,99,99,99,99,88,88,0,0,0,1,1
12,122144,1,1,0,1,1,1,1,101,0,19,12,2011,2,23,22,0,16,6,MONTICELLO STREET,MOOG ROAD,0,28.20972500,-82.734852780,0,8,0,0,3,2,1,0,2,1,0,1,0,0000000,99,99,99,99,99,99,0,0,0,1,0
12,122145,1,1,0,1,1,1,1,31,1510,19,12,2011,2,11,33,0,14,3,SR-134,HARLOW BLVD,99998,30.24805556,-81.757500000,0,8,0,0,2,3,1,0,1,1,0,1,0,0000000,88,88,88,88,88,88,0,0,0,1,0
12,122146,1,1,0,1,1,1,1,117,0,19,12,2011,2,19,10,0,6,8,CR-419,,99998,28.64250000,-81.130141670,0,8,0,0,1,1,1,0,2,1,0,1,0,0000000,99,99,99,99,99,99,0,0,0,1,0
12,122147,1,1,0,1,1,1,1,57,2950,19,11,2011,7,2,5,0,16,6,COLUMBUS DRIVE,,0,27.96689167,-82.464866670,0,9,0,0,1,1,1,0,3,1,0,1,0,0000000,99,99,99,99,88,88,0,0,0,1,0
12,122148,3,3,0,1,1,5,5,95,70,1,10,2011,7,23,27,0,13,2,US-441,SOUTH HAWHTHORE AVENUE,99998,28.67669444,-81.517630560,0,15,0,0,2,3,1,0,3,1,0,1,0,0000000,99,99,99,99,88,88,0,0,0,1,0
12,122149,2,2,0,0,0,3,3,11,672,4,10,2011,3,10,30,0,16,6,UNIVERSITY DRIVE,NW 38TH DRIVE,0,26.27725278,-80.250155560,0,12,6,0,2,3,1,0,1,1,0,1,0,0000000,99,99,99,99,99,99,0,0,0,1,0
12,122150,1,1,0,0,0,2,2,71,1070,6,11,2011,1,2,12,0,16,6,MCGREGOR BLVD,,0,26.61331667,-81.884147220,0,33,0,0,1,1,4,0,3,1,0,1,0,0000000,99,99,99,99,88,88,0,0,0,2,1
12,122151,1,1,0,1,1,2,2,11,2468,24,12,2011,7,19,3,0,16,6,SHERIDAN STREET,NW 76TH AVENUE,0,26.03124444,-80.240625000,0,15,0,0,2,2,1,0,3,1,0,1,0,0000000,99,99,99,99,99,99,0,0,0,1,0
12,122152,1,1,0,1,1,1,1,117,0,27,12,2011,3,20,45,0,13,3,SR-46,,99998,28.81146667,-81.323155560,0,8,0,0,1,1,1,0,2,10,0,10,0,0000000,99,99,99,99,88,88,0,0,0,1,0
12,122153,2,2,0,0,0,2,2,127,0,29,12,2011,5,3,21,1,11,1,I-95,,99998,29.11755000,-81.039497220,0,12,6,0,1,1,1,0,2,1,0,1,0,0000000,99,99,99,99,99,99,0,0,0,1,0
12,122154,2,2,0,0,0,2,2,21,0,30,12,2011,6,23,33,0,6,8,20TH AVE,,99998,26.26734167,-81.517527780,0,12,1,0,1,1,1,0,2,1,0,1,0,0000000,99,99,99,99,99,99,0,0,0,1,2
12,122155,1,1,0,1,1,1,1,9,3175,30,12,2011,6,19,18,0,14,4,MEADOWLANE AVE,US-192,0,28.07880278,-80.670719440,0,15,0,0,3,2,1,0,2,1,0,1,0,0000000,99,99,99,99,99,99,0,0,0,1,0
12,122157,1,1,0,0,0,1,1,86,735,27,7,2011,4,2,40,0,16,6,FRANJO RD,,0,25.61541389,-80.349313890,0,42,0,0,1,1,4,0,3,10,0,10,0,0000000,99,99,99,99,88,88,0,0,0,1,1
12,122158,2,2,0,0,0,3,3,105,1740,10,8,2011,4,13,30,1,13,2,US-27,HUNT BROTHERS RD,99998,27.87190000,-81.593902780,0,12,6,0,2,2,1,0,1,10,0,10,0,0000000,99,99,99,99,99,99,0,0,0,1,0
12,122159,1,1,0,1,1,1,1,86,2010,7,9,2011,4,20,15,0,14,4,7TH AVE,,99998,25.83023333,-80.208388890,0,8,0,0,1,1,1,0,2,2,0,2,0,0000000,99,99,99,99,99,99,0,0,0,1,0
12,122160,1,1,0,0,0,1,1,103,0,17,9,2011,7,22,56,0,14,3,SR-693,DATE PALM AVENUE,99998,27.76369722,-82.734597220,0,30,0,0,3,2,4,0,3,1,0,1,0,0000000,99,99,99,99,99,99,0,0,0,1,1
12,122161,1,1,0,0,0,1,1,86,0,22,10,2011,7,5,37,0,6,8,SW 167TH AVENUE,SW 80TH STREET,0,25.69130833,-80.454255560,0,33,0,0,3,3,4,0,3,1,0,1,0,0000000,99,99,99,99,88,88,0,0,0,1,1
12,122162,3,3,0,0,0,4,4,11,2083,14,11,2011,2,16,45,0,6,4,HIATUS ROAD,CANAL STREET,0,25.98652222,-80.297480560,0,12,6,0,2,3,1,0,1,10,0,10,0,0000000,99,99,99,99,99,99,0,0,0,1,0
12,122163,2,2,0,0,0,2,2,69,1240,21,11,2011,2,18,10,0,13,3,SR-50,GREEN VALEY BLVD,99998,28.55812500,-81.812280560,0,12,2,0,2,2,1,0,3,1,0,1,0,0000000,99,99,99,99,99,99,0,0,0,1,0
12,122164,2,2,0,0,0,2,2,11,1050,22,11,2011,3,15,28,0,13,2,US-1,NE 45TH STREET,99998,26.18397778,-80.118355560,0,12,99,0,2,3,1,0,1,1,0,1,0,0000000,99,99,99,99,99,99,0,0,0,1,0
12,122165,2,2,0,1,1,2,2,11,2916,26,11,2011,7,18,40,0,13,3,SR-816,NW 95TH TERRACE,99998,26.16852222,-80.277750000,0,8,0,0,2,2,1,0,3,1,0,1,0,0000000,99,99,99,99,88,88,0,0,0,1,0
12,122166,1,1,0,0,0,1,1,86,1980,27,11,2011,1,14,55,1,2,2,US-27,,99998,25.93383889,-80.429244440,0,35,0,0,1,1,3,0,1,1,0,1,0,0000000,99,99,99,99,88,88,0,0,0,1,1
12,122167,1,1,0,1,1,1,1,11,633,2,12,2011,6,21,35,0,14,3,SR-810,,99998,26.31744167,-80.183927780,0,8,0,0,1,1,1,0,3,1,0,1,0,0000000,99,99,99,99,88,88,0,0,0,1,1
12,122168,2,2,0,0,0,2,2,86,1440,11,12,2011,1,19,0,0,16,6,SE 43RD AVENUE,SE 8TH STREET,0,25.76590556,-80.189638890,0,12,6,0,2,2,1,0,3,1,0,1,0,0000000,99,99,99,99,88,88,0,0,0,1,0
12,122169,1,1,0,0,0,1,1,11,633,23,12,2011,6,8,7,1,12,3,SR-91,,99998,26.29154722,-80.169291670,0,42,0,0,1,1,4,0,1,1,0,1,0,0000000,99,99,99,99,88,88,0,0,0,1,0
12,122170,2,2,0,0,0,6,6,86,1340,24,12,2011,7,12,49,1,12,3,SR-826,,99998,25.86030833,-80.322483330,0,12,1,0,1,1,1,0,1,1,0,1,0,0000000,99,99,99,99,99,99,0,0,0,1,0
12,122171,3,2,1,0,0,6,6,86,1440,24,12,2011,7,16,0,0,16,6,NW 16TH STREET,NW 13TH AVENUE,0,25.48518333,-80.492827780,0,12,6,0,2,3,1,0,1,1,0,1,0,0000000,99,99,99,99,99,99,0,0,0,1,0
12,122172,2,2,0,0,0,5,5,21,0,25,12,2011,1,18,55,0,3,3,SR-84,GLEN EAGLE BLVD,99998,26.13889722,-81.730272220,0,12,6,0,2,2,1,0,2,10,0,10,0,0000000,99,99,99,99,99,99,0,0,0,1,0
12,122173,1,1,0,1,1,1,1,21,0,30,12,2011,6,17,23,0,6,8,BAYSHORE DRIVE,,0,26.11383056,-81.770494440,0,9,0,0,1,1,1,0,5,1,0,1,0,0000000,99,99,99,99,99,99,0,0,0,1,0
12,122174,1,1,0,0,0,2,2,73,2940,6,8,2011,7,4,58,0,16,6,CONNER BOULEVARD,,0,30.44035000,-84.205469440,0,42,0,0,1,1,3,0,3,1,0,1,0,0000000,99,99,5,11,99,99,0,0,0,1,0
12,122175,4,3,1,0,0,6,6,86,1340,28,10,2011,6,19,32,0,14,4,WEST 9TH AVENUE,WEST 33RD STREET,99998,25.85264722,-80.304947220,0,12,1,0,2,2,1,0,2,10,0,10,0,0000000,99,99,99,99,99,99,0,0,0,1,0
12,122176,1,1,0,0,0,2,2,86,0,14,11,2011,2,4,28,0,6,8,SW 152 AVENUE,,0,25.46407778,-80.436194440,0,42,0,0,1,1,4,0,2,1,0,1,0,0000000,99,99,99,99,99,99,0,0,0,1,0
12,122177,1,1,0,1,1,1,1,97,2700,30,11,2011,4,22,48,0,14,3,SR-500,,99998,28.25013333,-81.311552780,0,9,0,0,1,1,1,0,8,98,0,98,0,0000000,99,99,99,99,88,88,0,0,0,1,0
12,122178,1,1,0,1,1,2,2,95,2360,16,12,2011,6,20,56,0,13,3,SR-436,,99998,28.50221389,-81.310097220,0,8,0,0,1,1,1,0,3,10,0,10,0,0000000,99,99,99,99,99,99,0,0,0,1,0
12,122179,1,1,0,1,1,1,1,127,825,21,12,2011,4,18,20,0,16,6,HOWLAND BLVD,COURTLAND BLVD,0,28.90239722,-81.171311110,0,8,0,0,2,2,1,0,3,1,0,1,0,0000000,99,99,99,99,99,99,0,0,0,1,0
12,122180,1,1,0,1,1,1,1,91,710,30,11,2011,4,21,23,1,13,3,SR-85,SOUTHCREST DRIVE,99998,30.72313333,-86.568950000,0,8,0,0,2,3,1,0,3,1,0,1,0,0000000,99,99,99,99,99,99,0,0,0,1,0
12,122181,2,2,0,1,1,8,8,97,1590,20,9,2011,3,22,40,0,16,6,W VINE STREET,,0,28.30439722,-81.441069440,0,8,0,0,1,1,1,0,3,1,0,1,0,0000000,99,99,99,99,88,88,0,0,0,1,0
12,122182,1,1,0,1,1,1,1,117,1840,30,10,2011,1,19,11,0,13,3,SR-434,,99998,28.69679444,-81.378277780,0,8,0,0,1,1,1,0,2,1,0,1,0,0000000,99,99,99,99,99,99,0,0,0,1,0
12,122183,1,1,0,1,1,1,1,71,457,10,11,2011,5,22,40,0,16,6,CAPE CORAL PKWY,,0,26.56265556,-81.945680560,0,8,0,0,1,1,1,0,3,1,0,1,0,0000000,99,99,99,99,99,99,0,0,0,1,0
12,122184,1,1,0,0,0,1,1,11,1050,26,11,2011,7,18,33,0,15,6,NE 18TH AVENUE,,99998,26.20016667,-80.122933330,0,30,0,0,1,1,4,0,3,1,0,1,0,0000000,99,99,99,99,99,99,0,0,0,1,0
12,122185,1,1,0,0,0,2,2,97,0,27,11,2011,1,21,2,1,12,3,SR-91,,99998,28.34190556,-81.380633330,0,1,0,0,1,1,1,0,3,1,0,1,0,0000000,99,99,99,99,99,99,0,0,0,1,0
12,122186,2,2,0,0,0,3,3,99,0,3,12,2011,7,21,41,0,6,4,JUNO ROAD,,0,26.85261667,-80.060852780,0,12,2,0,1,1,1,0,2,1,0,1,0,0000000,99,99,99,99,99,99,0,0,0,1,2
12,122187,1,1,0,0,0,1,1,86,0,4,12,2011,1,1,5,1,13,2,US-1,SR-992,99998,25.62888889,-80.341200000,0,30,0,0,2,2,4,0,3,2,0,2,0,0000000,99,99,99,99,88,88,0,0,0,1,0
12,122188,1,1,0,1,1,1,1,103,2530,5,12,2011,2,18,58,0,13,2,US-19,,99998,27.83287778,-82.680277780,0,8,0,0,1,1,1,0,3,1,0,1,0,0000000,99,99,99,99,99,99,0,0,0,1,0
12,122189,2,2,0,0,0,3,3,99,0,7,12,2011,4,15,36,0,6,4,MILITARY TRAIL,OLD BOYNTON RD,0,26.53189722,-80.122769440,0,12,6,0,2,2,1,0,1,1,0,1,0,0000000,99,99,99,99,99,99,0,0,0,1,0
12,122190,1,1,0,1,1,2,2,99,3190,13,12,2011,3,20,46,0,13,3,SR-809,,99998,26.75822222,-80.108663890,0,8,0,0,1,1,1,0,2,10,0,10,0,0000000,99,99,99,99,99,99,0,0,0,1,0
12,122191,1,1,0,1,1,3,3,99,1750,17,12,2011,7,21,41,0,3,3,SR-805,,99998,26.61349167,-80.057447220,0,8,0,0,1,1,1,0,3,1,0,1,0,0000000,99,99,99,99,99,99,0,0,0,1,0
12,122192,1,1,0,0,0,1,1,103,2960,21,12,2011,4,20,40,0,14,2,US-19,,99998,28.13756111,-82.756694440,0,33,0,0,1,1,4,0,3,1,0,1,0,0000000,99,99,99,99,99,99,0,0,0,1,1
12,122193,2,2,0,0,0,2,2,119,3230,7,10,2011,6,22,29,0,14,3,SR-44,LEGION ST,99998,28.84716944,-82.041336110,0,12,6,0,2,3,1,0,2,2,0,2,0,0000000,99,99,99,99,99,99,0,0,0,1,0
12,122194,1,1,0,1,1,1,1,86,1340,6,12,2011,3,18,3,0,13,3,SR-953,,99998,25.83260833,-80.265630560,0,8,0,0,1,1,1,0,3,10,0,10,0,0000000,99,99,99,99,88,88,0,0,0,1,0
12,122195,1,1,0,0,0,1,1,95,2360,24,12,2011,7,21,45,0,14,3,SR-530,,99998,28.43752778,-81.348761110,0,42,0,0,1,1,4,0,2,1,0,1,0,0000000,99,99,99,99,99,99,0,0,0,1,0
12,122196,2,2,0,0,0,3,3,99,0,24,12,2011,7,6,45,0,13,3,SR-809,,99998,26.72270556,-80.110408330,0,12,1,0,1,1,1,0,3,2,0,2,0,0000000,99,99,99,99,99,99,0,0,0,1,1
12,122197,2,2,0,0,0,5,5,57,2950,25,12,2011,1,19,1,0,14,3,SR-45,SR-618,99998,27.95001111,-82.401655560,0,12,1,0,3,2,1,0,3,1,0,1,0,0000000,99,99,99,99,99,99,0,0,0,1,1
12,122198,2,2,0,0,0,2,2,95,2360,12,12,2011,2,13,19,0,13,3,SR-436,TURNBULL DRIVE,99998,28.48501667,-81.310247220,0,12,6,0,2,2,1,0,1,10,0,10,0,0000000,99,99,99,99,99,99,0,0,0,1,0
12,122199,1,1,0,0,0,1,1,29,0,10,10,2011,2,13,9,0,6,8,SE 218 STREET,,0,29.32341944,-83.144577780,0,5,0,0,1,1,1,0,1,10,0,10,0,0000000,99,99,99,99,88,88,0,0,0,1,0
12,122200,1,1,0,1,1,1,1,103,860,1,10,2011,7,7,17,0,14,4,MILWAUKEE AVENUE,PARK STREET,99998,28.01305278,-82.783766670,0,8,0,0,2,3,1,0,1,1,0,1,0,0000000,99,99,99,99,88,88,0,0,0,1,1
12,122201,1,1,0,1,1,1,1,86,2010,5,11,2011,7,23,45,0,16,6,NW 37 AVENUE,,0,25.77774167,-80.255605560,0,8,0,0,1,1,1,0,3,10,0,10,0,0000000,99,99,99,99,99,99,0,0,0,1,0
12,122202,1,1,0,1,1,2,2,127,1410,8,11,2011,3,18,28,0,13,2,US-1,6TH STREET,99998,29.23602222,-81.036263890,0,8,0,0,2,2,1,0,6,1,0,1,0,0000000,99,99,99,99,88,88,0,0,0,1,0
12,122203,1,1,0,0,0,1,1,115,3050,14,11,2011,2,12,38,1,2,2,US-41,,99998,27.10874444,-82.443683330,0,35,0,1,5,1,4,0,1,1,0,1,0,0000000,99,99,99,99,88,88,0,0,0,1,1
12,122204,1,1,0,1,1,1,1,115,3050,19,11,2011,7,14,32,0,6,4,ALBEE FARM RD,JOHNSON LN,0,27.10661389,-82.433538890,0,8,0,0,2,3,1,0,1,10,0,10,0,0000000,99,99,99,99,99,99,0,0,0,1,0
12,122205,2,2,0,0,0,3,3,105,1690,21,11,2011,2,15,40,0,6,4,SOCRUM LOOP RD,,0,28.12739722,-81.956494440,0,12,6,0,8,1,1,0,1,1,0,1,0,0000000,99,99,99,99,99,99,0,0,0,1,0
12,122206,6,6,0,0,0,11,11,105,1270,28,11,2011,2,18,48,1,2,2,US-27,,99998,28.11931667,-81.639666670,0,12,6,0,1,1,1,0,3,2,0,2,0,0000000,99,99,99,99,99,99,5,0,0,1,0
12,122207,2,2,0,0,0,2,2,57,2540,8,12,2011,5,11,25,0,16,6,ALEXANDER STREET,GRANT STREET,0,28.00376111,-82.137711110,0,12,6,0,2,2,1,0,1,1,0,1,0,0000000,99,99,99,99,99,99,0,0,0,1,0
12,122208,1,1,0,1,1,1,1,86,2220,16,12,2011,6,18,50,0,14,2,US-441,OPA LOCKA BLVD,99998,25.89964722,-80.211350000,0,8,0,0,3,2,1,0,3,1,0,1,0,0000000,99,99,99,99,99,99,0,0,0,1,0
12,122209,2,2,0,0,0,3,3,86,0,25,12,2011,1,22,37,0,13,3,SR-932,NW 1400 BLK,99998,25.86883056,-80.218000000,0,12,1,0,2,3,1,0,3,1,0,1,0,0000000,99,99,99,99,99,99,0,0,0,1,0
12,122210,3,3,0,1,1,3,3,86,0,26,12,2011,2,19,12,0,6,8,NW 17TH AVENUE,,0,25.87943611,-80.226544440,0,8,0,0,1,1,1,0,2,1,0,1,0,0000000,99,99,99,99,88,88,0,0,0,1,0
12,122211,2,2,0,0,0,2,2,103,860,9,10,2011,1,12,44,0,13,3,SR-580,US-19,99998,28.01949167,-82.738950000,0,12,6,0,8,1,1,0,1,1,0,1,0,0000000,99,99,99,99,99,99,0,0,0,1,0
12,122212,1,1,0,0,0,1,1,103,860,12,10,2011,4,22,31,0,14,2,US-19,,99998,28.00880556,-82.792141670,0,43,0,0,1,1,4,0,3,1,0,1,0,0000000,99,99,99,99,99,99,0,0,0,1,1
12,122213,2,2,0,0,0,2,2,99,2660,7,11,2011,2,19,16,0,14,2,US-1,,99998,26.79111389,-80.054269440,0,5,0,0,8,1,1,0,5,10,0,10,0,0000000,99,99,99,99,88,88,0,0,0,1,1
12,122214,1,1,0,0,0,1,1,127,2190,11,11,2011,6,2,7,0,14,3,SR-44,,99998,29.01977222,-80.934555560,0,33,0,0,1,1,4,0,2,1,0,1,0,0000000,99,99,99,99,88,88,0,0,0,1,0