STATE,ST_CASE,VE_TOTAL,VE_FORMS,PVH_INVL,PEDS,PERNOTMVIT,PERMVIT,PERSONS,COUNTY,CITY,DAY,MONTH,YEAR,DAY_WEEK,HOUR,MINUTE,NHS,ROAD_FNC,ROUTE,TWAY_ID,TWAY_ID2,MILEPT,LATITUDE,LONGITUD,SP_JUR,HARM_EV,MAN_COLL,RELJCT1,RELJCT2,TYP_INT,REL_ROAD,WRK_ZONE,LGT_COND,WEATHER1,WEATHER2,WEATHER,SCH_BUS,RAIL,NOT_HOUR,NOT_MIN,ARR_HOUR,ARR_MIN,HOSP_HR,HOSP_MN,CF1,CF2,CF3,FATALS,DRUNK_DR
12,122215,1,1,0,0,0,2,2,73,2940,13,11,2011,1,1,25,0,16,6,CR-361,,0,30.46200556,-84.297600000,0,30,0,0,1,1,4,0,3,1,0,1,0,0000000,99,99,99,99,88,88,0,0,0,2,0
12,122216,1,1,0,1,1,1,1,103,2530,27,11,2011,1,4,44,0,13,3,SR-693,102ND AVENUE,99998,27.86457778,-82.728950000,0,8,0,0,3,2,1,0,4,1,0,1,0,0000000,99,99,99,99,99,99,0,0,0,1,0
12,122217,1,1,0,1,1,2,2,11,3250,6,12,2011,3,16,48,0,3,3,SR-816,,99998,26.16638889,-80.147022220,0,8,0,0,1,1,1,0,1,1,0,1,0,0000000,99,99,99,99,99,99,23,0,0,1,0
12,122218,1,1,0,1,1,1,1,11,790,16,11,2011,4,12,40,0,16,6,CENTURY BLVD,WESTBURY DR,0,26.31612778,-80.130630560,0,8,0,0,2,3,1,0,1,1,0,1,0,0000000,99,99,99,99,99,99,0,0,0,1,0
12,122219,2,2,0,0,0,2,2,86,2010,27,8,2011,7,19,29,0,14,4,NW 11TH AVENUE,NW 63RD STREET,99998,25.83288889,-80.214619440,0,12,6,0,2,2,1,0,5,1,0,1,0,0000000,99,99,99,99,99,99,0,0,0,1,0
12,122220,1,1,0,1,1,4,4,111,2601,19,11,2011,7,14,10,0,16,6,3700 SE JENNINGS ROAD,,0,27.27837778,-80.290725000,0,8,0,0,1,1,1,0,1,1,0,1,0,0000000,99,99,99,99,99,99,0,0,0,1,0
12,122221,1,1,0,0,0,1,1,99,290,8,12,2011,5,2,38,0,13,2,US-1,,99998,26.33450556,-80.088855560,0,42,0,0,1,1,3,0,3,1,0,1,0,0000000,99,99,99,99,88,88,0,0,0,1,1
12,122222,2,2,0,0,0,2,2,111,2601,13,8,2011,7,7,48,0,16,6,SW GATLIN BLVD,SW BRESCIA STREET,0,27.26444722,-80.415969440,0,12,6,0,2,2,1,0,1,1,0,1,0,0000000,99,99,99,99,99,99,0,0,0,1,1
12,122223,2,2,0,0,0,2,2,86,0,17,11,2011,5,21,5,0,13,3,SR-9,32ND ST,99998,25.80642500,-80.205822220,0,12,6,0,2,2,1,0,3,1,0,1,0,0000000,99,99,99,99,99,99,0,0,0,1,0
12,122224,2,2,0,0,0,2,2,86,0,8,12,2011,5,16,2,0,6,8,NW 36TH AVE,,0,25.85544444,-80.256402780,0,12,6,0,4,1,1,0,1,1,0,1,0,0000000,99,99,99,99,99,99,0,0,0,1,0
12,122225,1,1,0,1,1,1,1,57,2950,27,3,2011,1,21,37,0,14,4,HILLSBOROUGH AVENUE WEST,MACDILL AVENUE,0,27.99628611,-82.492650000,0,8,0,0,3,1,1,0,3,1,0,1,0,0000000,99,99,99,99,99,99,0,0,0,1,0
12,122227,2,2,0,0,0,3,3,103,570,28,8,2011,1,16,9,0,14,4,ORION AVE,CLEVELAND ST,99998,27.96545833,-82.761894440,0,12,6,0,2,2,1,0,1,1,0,1,0,0000000,99,99,99,99,99,99,0,0,0,1,0
12,122228,1,1,0,0,0,1,1,21,0,16,10,2011,1,3,30,0,16,6,CR-951,,0,26.25990000,-81.688930560,0,40,0,0,1,1,4,0,3,1,0,1,0,0000000,99,99,99,99,99,99,0,0,0,1,0
12,122229,2,2,0,0,0,3,3,31,1510,4,12,2011,1,16,25,0,3,3,SR-13,SAN JOSE BLVD,99998,30.29514722,-81.647766670,0,12,6,1,2,3,1,0,1,1,0,1,0,0000000,99,99,99,99,99,99,0,0,0,1,0
12,122231,1,1,0,1,1,3,3,11,1050,2,11,2011,4,7,0,0,3,3,SR-842,,99998,26.12230556,-80.145577780,0,8,0,0,1,1,1,0,3,1,0,1,0,0000000,99,99,99,99,99,99,0,0,0,1,0
12,122232,2,2,0,0,0,3,3,9,1990,14,11,2011,2,17,44,0,6,4,DAIRY ROAD,EDGEWOOD DRIVE,0,28.07141944,-80.637927780,0,12,6,0,2,3,1,0,3,10,0,10,0,0000000,99,99,99,99,99,99,0,0,0,1,0
12,122233,1,1,0,1,1,2,2,69,1820,29,11,2011,3,22,30,0,13,2,US-441,ICE CREAM ROAD,99998,28.81639444,-81.847647220,0,8,0,0,2,3,1,0,3,1,0,1,0,0000000,99,99,99,99,88,88,0,0,0,1,0
12,122234,1,1,0,1,1,1,1,97,1590,23,12,2011,6,16,0,0,16,6,VINE ST,,0,28.30457500,-81.394944440,0,9,0,0,1,1,1,0,1,1,0,1,0,0000000,99,99,99,99,99,99,0,0,0,1,0
12,122235,1,1,0,0,0,2,2,99,330,25,12,2011,1,11,8,0,16,6,SEACREST BLVD,,0,26.56383611,-80.066580560,0,33,0,0,1,1,4,0,1,1,0,1,0,0000000,99,99,99,99,99,99,0,0,0,1,0
12,122236,3,3,0,0,0,5,5,86,1340,28,12,2011,4,15,30,1,2,2,US-27,,99998,25.82496389,-80.283544440,0,12,6,0,1,1,1,0,1,1,0,1,0,0000000,99,99,99,99,99,99,0,0,0,2,0
12,122237,2,2,0,0,0,2,2,119,0,27,10,2011,5,10,0,0,6,4,OLD MILL RUN,BUENA VISTA BLVD,0,28.90746111,-81.981886110,0,12,6,0,2,2,1,0,1,1,0,1,0,0000000,99,99,99,99,99,99,0,0,0,1,0
12,122238,1,1,0,1,1,1,1,95,2360,7,12,2011,4,19,45,0,14,3,SR-436,,99998,28.52023333,-81.310272220,0,8,0,0,1,1,1,0,3,1,0,1,0,0000000,99,99,99,99,99,99,0,0,0,1,0
12,122239,1,1,0,2,2,1,1,69,1820,6,11,2011,1,0,30,1,2,2,US-441,,99998,28.81842500,-81.844350000,0,8,0,0,1,1,1,0,3,10,0,10,0,0000000,99,99,99,99,99,99,0,0,0,1,0
12,122240,2,2,0,0,0,3,3,99,2660,22,12,2011,5,15,50,0,14,4,AUSTALIAN AVENUE,13TH STREET WEST,99998,26.77380000,-80.070766670,0,12,6,0,2,2,1,0,1,1,0,1,0,0000000,99,99,99,99,99,99,0,0,0,1,0
12,122241,1,1,0,1,1,1,1,99,330,21,11,2011,2,20,27,0,16,6,CR-807,MEADOWS BLVD,0,26.56070000,-80.090408330,0,9,0,0,2,2,1,0,3,1,0,1,0,0000000,99,99,99,99,99,99,0,0,0,1,0
12,122242,1,1,0,0,0,1,1,87,0,14,2,2011,2,6,30,0,14,2,US-1,COLSON DRIVE,99998,24.66564444,-81.502955560,0,59,0,0,1,1,4,0,3,1,0,1,0,0000000,99,99,99,99,99,99,0,0,0,1,0
12,122244,1,1,0,1,1,1,1,117,480,4,11,2011,6,19,48,0,14,3,SR-436,,99998,28.62362778,-81.315100000,0,8,0,0,1,1,1,0,3,1,0,1,0,0000000,99,99,99,99,99,99,0,0,0,1,0
12,122245,2,2,0,0,0,2,2,127,2580,8,11,2011,3,0,0,0,14,3,SR-421,TAYLOR BRANCH ROAD,99998,29.10910833,-81.026186110,0,12,6,0,8,1,1,0,3,10,0,10,0,0000000,99,99,99,99,99,99,0,0,0,1,1
12,122246,2,2,0,0,0,2,2,105,0,13,11,2011,1,0,0,0,6,4,CYPRESS GARDENS ROAD,,0,27.99677222,-81.686197220,0,12,1,0,1,1,1,0,3,1,0,1,0,0000000,99,99,99,99,99,99,0,0,0,1,1
12,122247,2,2,0,0,0,2,2,86,0,1,12,2011,5,0,58,0,13,3,SR-825,SW 120 STREET,99998,25.65636944,-80.415841670,0,12,1,0,3,8,1,0,3,1,0,1,0,0000000,99,99,99,99,99,99,0,0,0,1,1
12,122248,1,1,0,0,0,1,1,11,1280,2,12,2011,6,0,5,0,16,6,OCEAN DR,,0,25.98640556,-80.121552780,0,23,0,0,1,1,4,0,3,6,0,6,0,0000000,99,99,99,99,99,99,0,0,0,1,0
12,122249,1,1,0,1,1,1,1,23,1660,8,12,2011,5,9,53,1,2,2,US-90,CHESTNUT AVE,99998,30.18937222,-82.621880560,0,15,0,0,2,2,1,0,1,1,0,1,0,0000000,99,99,99,99,99,99,0,0,0,1,0
12,122250,2,2,0,0,0,2,2,71,0,9,12,2011,6,8,8,0,16,6,CR-850,,0,26.45007778,-81.688580560,0,12,2,0,1,1,1,0,1,10,0,10,0,0000000,99,99,99,99,99,99,0,0,0,1,0
12,122251,1,1,0,1,1,1,1,5,2450,9,12,2011,6,17,5,1,2,2,US-98,,99998,30.18076111,-85.719122220,0,8,0,0,1,1,1,0,3,1,0,1,0,0000000,99,99,99,99,99,99,0,0,0,1,0
12,122253,1,1,0,1,1,1,1,11,1050,13,12,2011,3,11,20,0,14,2,US-1,,99998,26.13837778,-80.120375000,0,15,0,0,1,1,1,0,1,1,0,1,0,0000000,99,99,99,99,99,99,0,0,0,1,0
12,122254,1,1,0,1,1,5,5,103,2730,11,11,2011,6,18,5,0,16,6,34TH ST,,0,27.75532222,-82.679480560,0,8,0,0,1,1,1,0,3,1,0,1,0,0000000,99,99,99,99,99,99,0,0,0,1,0
12,122255,1,1,0,1,1,1,1,86,0,9,9,2011,6,0,39,0,16,6,SW 104TH STREET,,0,25.66986111,-80.448230560,0,8,0,0,1,1,1,0,3,1,0,1,0,0000000,99,99,99,99,99,99,0,0,0,1,0
12,122256,1,1,0,1,1,0,0,103,2730,15,12,2011,5,10,42,0,14,4,29TH AVE,,99998,27.74218056,-82.639972220,0,8,0,0,8,1,1,0,1,1,0,1,0,0000000,99,99,99,99,99,99,0,0,0,1,0
12,122257,3,3,0,0,0,5,5,103,2530,30,10,2011,1,20,35,0,14,2,US-19,,99998,27.88371944,-82.715430560,0,12,1,0,1,1,2,0,3,1,0,1,0,0000000,99,99,99,99,99,99,0,0,0,1,2
12,122258,2,2,0,0,0,2,2,21,2150,4,12,2011,1,0,52,1,2,2,US-41,,99998,26.17511111,-81.799841670,0,12,7,0,1,1,1,0,3,1,0,1,0,0000000,99,99,99,99,99,99,0,0,0,1,0
12,122259,1,1,0,1,1,1,1,103,2730,23,12,2011,6,2,15,0,14,4,5TH AVENUE NORTH,,99998,27.77751111,-82.663483330,0,9,0,0,1,1,1,0,3,1,0,1,0,0000000,99,99,99,99,99,99,0,0,0,1,1
12,122260,1,1,0,1,1,2,2,11,1420,24,12,2011,7,2,45,0,16,6,N OCEAN DR,INDIANA STREET,0,26.01716667,-80.117155560,0,8,0,0,2,3,1,0,3,1,0,1,0,0000000,99,99,99,99,88,88,0,0,0,1,0
12,122261,2,2,0,0,0,3,3,86,2010,31,12,2011,7,23,35,0,16,6,NW 17TH STREET,32ND AVENUE NW,0,25.79033333,-80.247847220,0,12,6,0,2,2,1,0,3,1,0,1,0,0000000,99,99,99,99,99,99,0,0,0,1,1
12,122262,1,1,0,1,1,1,1,127,2190,13,12,2011,3,11,30,0,14,3,SR-5 DIXIE FREEWAY,1ST STREET,99998,29.01643333,-80.922561110,0,9,0,0,3,2,1,0,1,10,0,10,0,0000000,99,99,99,99,88,88,0,0,0,1,0
12,122263,2,2,0,0,0,3,3,86,0,29,10,2011,7,11,37,0,14,4,152ND AVENUE SW,,99998,25.48902500,-80.437383330,0,12,6,0,1,1,1,0,1,10,0,10,0,0000000,99,99,99,99,99,99,0,0,0,1,0
12,122264,3,3,0,0,0,4,4,127,2580,31,12,2011,7,17,30,0,3,3,SR-5A,EAGLE LAKE TRAIL,99998,29.13124167,-81.007138890,0,12,6,0,2,3,1,0,3,1,0,1,0,0000000,99,99,99,99,99,99,0,0,0,1,1
12,122265,1,1,0,0,0,2,2,86,735,19,5,2011,5,23,35,0,6,4,FRANJO ROAD,,0,25.60364444,-80.348430560,0,42,0,0,1,1,4,0,3,1,0,1,0,0000000,99,99,99,99,88,88,0,0,0,1,1
12,122266,2,2,0,0,0,6,6,105,0,22,11,2011,3,10,56,0,14,3,SR-33,DEEN STILL ROAD,99998,28.25836944,-81.824319440,0,12,6,0,2,2,1,0,1,1,0,1,0,0000000,99,99,99,99,99,99,0,0,0,1,0
12,122267,2,2,0,0,0,2,2,69,960,2,12,2011,6,21,34,0,16,6,EXETER ST,GOTTSCHE AVE,0,28.85642222,-81.676252780,0,12,6,0,2,2,1,0,3,1,0,1,0,0000000,99,99,99,99,99,99,20,0,0,1,0
12,122268,2,1,1,2,2,1,1,127,780,30,11,2011,4,18,42,1,2,2,US-92,,99998,29.21175278,-81.020577780,0,8,0,0,1,1,1,0,3,1,0,1,0,0000000,99,99,99,99,99,99,0,0,0,1,0
12,122269,2,2,0,0,0,3,3,57,2950,4,12,2011,1,18,45,0,14,4,NEBRASKA AVE,SEWARD ST,99998,28.02779167,-82.451266670,0,12,6,0,2,3,1,0,3,10,0,10,0,0000000,99,99,99,99,99,99,0,0,0,1,1
12,122270,2,2,0,0,0,3,3,57,2950,6,12,2011,3,18,23,0,16,6,NORTH 40TH STREET,EAST CHELSEA STREET,0,27.98513333,-82.414155560,0,12,6,0,2,2,1,0,3,1,0,1,0,0000000,99,99,99,99,99,99,0,0,0,1,0
12,122271,2,2,0,0,0,3,3,105,0,15,12,2011,5,4,0,0,3,3,SR-60,WEST LAKE WALES ROAD,99998,27.90437500,-81.662991670,0,12,1,0,1,1,1,0,6,1,0,1,0,0000000,99,99,99,99,99,99,0,0,0,1,1
12,122272,2,2,0,0,0,6,6,105,1670,23,11,2011,4,19,10,1,2,2,US-27,MAIN STREET W,99998,28.12134167,-81.639783330,0,12,6,0,2,2,1,0,3,1,0,1,0,0000000,99,99,99,99,99,99,0,0,0,2,1
12,122273,2,2,0,0,0,6,6,103,2310,11,12,2011,1,8,37,0,3,3,SR-584,FORREST LAKES BLVD,99998,28.04376111,-82.678802780,0,12,1,0,3,2,1,0,1,1,0,1,0,0000000,99,99,99,99,99,99,0,0,0,1,0
12,122274,2,2,0,0,0,4,4,105,0,30,12,2011,6,16,35,0,16,6,CR-655,HIGH ST,0,27.99955000,-81.748141670,0,12,2,0,2,3,1,0,1,1,0,1,0,0000000,99,99,99,99,99,99,0,0,0,1,1
12,122275,1,1,0,1,1,2,2,86,735,14,11,2011,2,18,2,0,14,2,US-1,,99998,25.58843056,-80.360080560,0,8,0,0,1,1,1,0,3,1,0,1,0,0000000,99,99,99,99,99,99,0,0,0,1,0
12,122276,1,1,0,1,1,1,1,71,0,7,5,2011,7,10,40,0,16,6,CAUSEWAY BLVD,,0,26.45995556,-82.033611110,0,9,0,0,1,1,4,0,1,1,0,1,0,0000000,99,99,99,99,88,88,0,0,0,1,0
12,122277,1,1,0,0,0,1,1,119,0,3,9,2011,7,21,15,0,16,6,CR-209,,0,28.94395833,-82.053888890,0,35,0,0,1,1,4,0,2,1,0,1,0,0000000,99,99,99,99,99,99,0,0,0,1,1
12,122279,1,1,0,0,0,1,1,11,1782,23,12,2011,6,10,40,0,16,6,INVERRARY BLVD,,0,26.18076111,-80.239852780,0,30,0,0,1,1,4,0,1,1,0,1,0,0000000,99,99,99,99,99,99,0,0,0,1,0
12,122280,1,1,0,1,1,1,1,69,1120,1,6,2011,4,21,30,1,2,2,US-27,,99998,28.87967222,-81.906650000,0,8,0,0,1,1,1,0,3,1,0,1,0,0000000,99,99,99,99,99,99,0,0,0,1,0
12,122281,1,1,0,1,1,1,1,57,2950,24,12,2011,7,18,20,0,16,6,30TH ST,,0,27.98918333,-82.426430560,0,8,0,0,8,1,1,0,5,1,0,1,0,0000000,99,99,99,99,99,99,0,0,0,1,0
12,122282,1,1,0,1,1,1,1,21,0,25,12,2011,1,19,15,0,14,2,US-41,,99998,26.03844444,-81.660333330,0,8,0,0,1,1,1,0,2,1,0,1,0,0000000,99,99,99,99,99,99,0,0,0,1,0
12,122283,1,1,0,1,1,1,1,103,2730,1,10,2011,7,20,11,0,14,4,5TH AVE,,99998,27.77730556,-82.695661110,0,8,0,0,1,1,1,0,3,1,0,1,0,0000000,99,99,99,99,99,99,0,0,0,1,0
12,122284,1,1,0,0,0,1,1,85,2900,6,11,2011,1,20,25,0,14,2,US-1,,99998,27.16216944,-80.224808330,0,33,0,0,1,1,4,0,3,2,0,2,0,0000000,99,99,99,99,99,99,0,0,0,1,0
12,122285,1,1,0,0,0,1,1,9,2424,3,12,2011,7,8,20,0,4,4,NORTH DIXIE HIGHWAY,,99998,28.05386944,-80.588905560,0,24,0,0,1,1,4,0,3,1,0,1,0,0000000,99,99,99,99,88,88,0,0,0,1,0
12,122286,3,3,0,0,0,3,3,11,1420,22,10,2011,7,12,6,0,16,6,SHERIDAN ST,,0,26.03341667,-80.159969440,0,12,6,0,8,1,1,0,1,1,0,1,0,0000000,99,99,99,99,99,99,0,0,0,1,0
12,122287,1,1,0,1,1,1,1,11,1420,29,12,2011,5,6,25,0,4,4,DIXIE HWY,GARFIELD ST,99998,26.02160556,-80.149647220,0,8,0,0,2,2,1,0,2,1,0,1,0,0000000,99,99,99,99,99,99,0,0,0,1,0
12,122288,1,1,0,0,0,1,1,99,2234,28,10,2011,6,1,27,0,6,4,PROSPERITY FARMS RD,BURNS RD,0,26.83186667,-80.072577780,0,42,0,0,3,2,4,0,3,2,0,2,0,0000000,99,99,3,19,99,99,0,0,0,1,1
12,122289,1,1,0,0,0,1,1,86,2330,14,12,2011,4,13,40,0,14,4,NW 26TH AVE,,99998,25.90041944,-80.242344440,0,59,0,0,1,1,4,0,1,1,0,1,0,0000000,99,99,99,99,99,99,0,0,0,1,0
12,122290,1,1,0,1,1,1,1,103,2730,30,12,2011,6,0,36,0,16,6,DR MARTIN LUTHER KING JR ST,,0,27.84525278,-82.646916670,0,8,0,0,1,1,1,0,3,1,0,1,0,0000000,99,99,99,99,88,88,0,0,0,1,0
12,122291,2,2,0,0,0,2,2,23,0,22,8,2011,2,10,30,0,6,4,CR-240,,99998,30.06701111,-82.615158330,0,12,6,0,1,1,1,0,1,1,0,1,0,0000000,99,99,99,99,99,99,0,0,0,1,0
12,122292,1,1,0,0,0,1,1,17,0,10,8,2011,4,22,0,0,6,4,HOMOSASSA TRAIL,,0,28.81835000,-82.558605560,0,42,0,0,1,1,5,0,2,1,0,1,0,0000000,99,99,99,99,99,99,0,0,0,1,0
12,122293,1,1,0,1,1,1,1,11,1420,13,5,2011,6,21,21,0,16,6,SHERIDAN ST,,0,26.03422500,-80.117136110,0,9,0,0,1,1,1,0,3,1,0,1,0,0000000,99,99,99,99,99,99,0,0,0,1,0
12,122294,1,1,0,1,1,1,1,83,870,8,12,2011,5,18,5,0,14,2,US-41,108TH PL,99998,29.06581389,-82.453491670,0,8,0,0,3,3,1,0,2,1,0,1,0,0000000,99,99,99,99,99,99,0,0,0,1,0
12,122295,1,1,0,1,1,1,1,105,0,23,12,2011,6,0,34,0,16,6,NORTH WABASH AVE,,0,28.04578333,-81.990172220,0,8,0,0,1,1,1,0,3,1,0,1,0,0000000,99,99,99,99,99,99,0,0,0,1,0
12,122296,1,1,0,1,1,1,1,86,3180,25,8,2011,5,20,23,0,6,8,8TH ST,,0,25.76351111,-80.288427780,0,8,0,0,1,1,1,0,3,10,0,10,0,0000000,99,99,99,99,99,99,0,0,0,1,0
12,122297,1,1,0,0,0,1,1,86,0,26,8,2011,6,16,42,0,6,8,156TH ST,,0,25.62137222,-80.455088890,0,1,0,0,1,1,4,0,1,1,0,1,0,0000000,99,99,99,99,88,88,0,0,0,1,0
12,122298,1,1,0,1,1,1,1,86,2010,13,12,2011,3,8,32,0,16,6,22ND AVE,,0,25.80210000,-80.231672220,0,9,0,0,1,1,1,0,1,10,0,10,0,0000000,99,99,99,99,88,88,0,0,0,1,0
12,122299,2,2,0,0,0,2,2,86,2010,14,12,2011,4,6,26,0,16,6,39TH AVE,7TH ST,0,25.77881667,-80.259838890,0,12,2,0,2,2,1,0,4,1,0,1,0,0000000,99,99,99,99,99,99,0,0,0,1,0
12,122300,1,1,0,1,1,1,1,86,0,23,12,2011,6,22,39,0,6,4,CARD SOUND RD,,0,25.35189722,-80.420044440,0,8,0,0,1,1,1,0,2,1,0,1,0,0000000,99,99,99,99,88,88,0,0,0,1,0
12,122301,1,1,0,0,0,2,2,86,9997,5,8,2011,6,12,0,0,14,3,SR-90A,,99998,25.76101667,-80.789819440,0,42,0,0,1,1,4,0,1,1,0,1,0,0000000,99,99,99,99,99,99,0,0,0,1,1
12,122302,1,1,0,0,0,1,1,61,3070,4,5,2011,4,10,10,0,14,4,20TH AVE,,99998,27.63825278,-80.405433330,0,42,0,0,1,1,4,0,1,10,0,10,0,0000000,99,99,99,99,99,99,0,0,0,1,0
12,122303,1,1,0,0,0,1,1,86,0,8,10,2011,7,5,50,0,16,6,SW 216 ST,,0,25.56568056,-80.446302780,0,42,0,0,1,1,4,0,1,2,0,2,0,0000000,99,99,99,99,88,88,0,0,0,1,0
12,122304,1,1,0,1,1,1,1,86,0,1,10,2011,7,11,14,0,14,2,US-1,,99998,25.88202778,-80.166375000,0,8,0,0,1,1,1,0,1,1,0,1,0,0000000,99,99,99,99,99,99,0,0,0,1,0
12,122308,1,1,0,1,1,1,1,86,2023,14,9,2011,4,23,33,0,14,4,47TH AVE,168TH TERR,99998,25.92664167,-80.276744440,0,9,0,0,2,2,1,0,3,1,0,1,0,0000000,99,99,99,99,99,99,0,0,0,1,0
12,122309,2,1,1,0,0,1,1,86,0,2,12,2011,6,1,9,0,14,4,5TH AVE,,99998,25.90625000,-80.207477780,0,14,0,0,1,1,4,0,3,10,0,10,0,0000000,99,99,99,99,88,88,0,0,0,1,0
12,122310,2,2,0,0,0,6,6,86,0,4,12,2011,1,3,1,0,3,3,SR-934,32ND AVE,99998,25.84573889,-80.249894440,0,12,6,0,2,2,1,0,3,1,0,1,0,0000000,99,99,99,99,99,99,0,0,0,1,0
13,130001,1,1,0,0,0,3,3,51,4910,1,1,2011,7,3,33,0,16,6,E 38TH ST,ASH ST,4,32.05045833,-81.079122220,0,38,0,0,3,2,4,0,3,5,0,5,0,0000000,88,88,88,88,88,88,0,0,0,1,1
13,130002,1,1,0,0,0,1,1,97,1770,1,1,2011,7,6,35,0,16,4,W CHAPEL HILL RD,,10,33.64333056,-84.735413890,0,53,0,0,1,1,4,0,2,10,0,10,0,0000000,6,39,6,48,8,27,0,0,0,1,1
13,130003,1,1,0,0,0,1,1,89,0,1,1,2011,7,8,30,0,14,3,SR-42,MAYFAIR DR,126,33.82291944,-84.334816670,0,30,0,0,3,9,4,0,1,2,0,2,0,0000000,8,40,8,43,9,30,0,0,0,1,0
13,130004,2,2,0,0,0,2,2,115,0,1,1,2011,7,12,36,0,13,3,SR-1,,195,34.34499444,-85.172441670,0,12,2,0,1,1,1,0,1,2,0,2,0,0000000,12,38,12,40,13,2,0,0,0,2,0
13,130005,1,1,0,0,0,2,2,95,90,2,1,2011,1,5,5,0,19,6,DAWSON RD,,99999,31.59191944,-84.192013890,0,33,0,0,1,1,4,0,3,2,0,2,0,0000000,5,5,5,12,88,88,0,0,0,2,0
13,130006,1,1,0,0,0,2,2,33,0,2,1,2011,1,5,30,0,4,3,SR-23,,122,33.06173889,-81.741591670,0,32,0,0,1,1,4,0,2,2,0,2,0,0000000,4,56,5,1,5,33,0,0,0,1,0
13,130007,1,1,0,0,0,1,1,45,630,2,1,2011,1,11,25,0,2,3,SR-100,,48,33.48643611,-85.283216670,0,34,0,0,1,1,4,0,1,1,0,1,0,0000000,11,28,11,38,12,10,0,0,0,1,0
13,130008,1,1,0,0,0,2,2,205,0,2,1,2011,1,19,35,0,3,3,SR-112,,225,31.34940278,-84.073877780,0,59,0,0,1,1,4,0,2,1,0,1,0,0000000,19,47,19,56,21,31,0,0,0,1,0
13,130009,1,1,0,0,0,4,4,47,0,3,1,2011,2,1,57,0,13,2,US-27 / SR-1,MIDWAY AVE,93,34.96584722,-85.261605560,0,33,0,0,1,1,4,0,2,1,0,1,0,0000000,1,59,2,5,2,32,0,0,0,1,0
13,130010,1,1,0,1,1,1,1,89,0,3,1,2011,2,18,43,0,14,3,SR-154,,52,33.76111944,-84.259719440,0,8,0,0,1,1,1,0,2,1,0,1,0,0000000,18,43,18,50,99,99,0,0,0,1,0
13,130011,2,2,0,0,0,2,2,313,0,4,1,2011,3,11,13,1,1,1,I-75,,151,34.82405000,-85.018052780,0,12,1,0,1,1,1,0,1,1,0,1,0,0000000,11,13,11,24,88,88,0,0,0,1,0
13,130012,1,1,0,0,0,3,3,189,0,5,1,2011,4,16,25,0,6,4,RACHAEL RD,,13,33.36505000,-82.329097220,0,35,0,0,1,1,4,0,1,2,0,2,1,0000000,16,21,16,42,17,39,0,0,0,1,0
13,130013,2,2,0,0,0,2,2,15,0,6,1,2011,5,9,38,0,4,3,SR-140,,125,34.38052778,-84.816341670,0,12,6,0,1,1,1,0,1,10,0,10,0,0000000,88,88,88,88,88,88,0,0,0,1,0
13,130014,2,2,0,0,0,2,2,67,3440,6,1,2011,5,0,17,1,11,1,I-75 RAMP,,97,33.98874722,-84.546600000,0,42,0,0,5,1,8,0,3,5,0,5,0,0000000,88,88,88,88,88,88,0,0,0,1,1
13,130015,2,2,0,0,0,2,2,113,0,6,1,2011,5,22,31,0,3,3,SR-85,PORTER RD,31,33.35153889,-84.487900000,0,12,6,0,2,3,1,0,2,1,0,1,0,0000000,88,88,88,88,88,88,0,0,0,1,0
13,130016,1,1,0,1,1,1,1,155,0,6,1,2011,5,18,58,0,3,3,SR-32,,98,31.59063611,-83.095280560,0,8,0,0,1,1,1,0,2,1,0,1,0,0000000,88,88,88,88,88,88,23,0,0,1,0
13,130017,1,1,0,0,0,1,1,229,0,7,1,2011,6,10,52,0,4,4,CR-308 / WARE ST,,52,31.29855278,-82.280197220,0,42,0,0,8,1,5,0,1,1,0,1,0,0000000,10,52,10,59,11,23,0,0,0,1,0
13,130018,1,1,0,0,0,1,1,43,0,8,1,2011,7,21,53,0,4,3,SR-46,,99999,32.38822500,-81.974830560,0,34,0,0,1,1,4,0,2,1,0,1,0,0000000,88,88,88,88,88,88,0,0,0,1,0
13,130019,1,1,0,0,0,2,2,217,0,8,1,2011,7,99,99,0,3,3,SR-11,,114,33.62300000,-83.744916670,0,32,0,0,1,1,4,0,1,1,0,1,0,0000000,88,88,88,88,88,88,0,0,0,2,0
13,130020,1,1,0,0,0,2,2,67,0,9,1,2011,1,1,48,0,14,4,BELLS FERRY RD,TATE CREEK CT,8,34.06614444,-84.564638890,0,33,0,0,3,1,3,0,2,1,0,1,0,0000000,1,49,2,5,2,43,0,0,0,1,1
13,130021,2,2,0,0,0,2,2,115,0,9,1,2011,1,0,34,0,4,4,WAX RD,,24,34.12412500,-85.081344440,0,12,6,0,1,1,1,0,2,1,0,1,0,0000000,0,36,0,52,1,41,0,0,0,1,0
13,130022,1,1,0,0,0,1,1,83,0,11,1,2011,3,6,58,1,1,1,I-24,,12,34.97128889,-85.450430560,0,1,0,0,1,1,3,0,2,3,0,3,0,0000000,99,99,99,99,99,99,0,0,0,1,0
13,130023,2,2,0,0,0,3,3,135,0,12,1,2011,4,16,45,0,15,4,BRECKINRIDGE BLVD,,25,33.95463889,-84.114466670,0,12,7,0,1,1,1,0,1,1,0,1,0,0000000,16,45,16,49,88,88,0,0,0,1,1