STATE,ST_CASE,VE_TOTAL,VE_FORMS,PVH_INVL,PEDS,PERNOTMVIT,PERMVIT,PERSONS,COUNTY,CITY,DAY,MONTH,YEAR,DAY_WEEK,HOUR,MINUTE,NHS,ROAD_FNC,ROUTE,TWAY_ID,TWAY_ID2,MILEPT,LATITUDE,LONGITUD,SP_JUR,HARM_EV,MAN_COLL,RELJCT1,RELJCT2,TYP_INT,REL_ROAD,WRK_ZONE,LGT_COND,WEATHER1,WEATHER2,WEATHER,SCH_BUS,RAIL,NOT_HOUR,NOT_MIN,ARR_HOUR,ARR_MIN,HOSP_HR,HOSP_MN,CF1,CF2,CF3,FATALS,DRUNK_DR
13,130024,2,2,0,0,0,3,3,321,0,12,1,2011,4,19,8,0,4,4,EVERGREEN RD,TV TOWERS RD,121,31.33338889,-83.877438890,0,12,6,0,2,3,1,0,2,1,0,1,0,0000000,19,8,19,23,20,4,0,0,0,1,0
13,130025,2,2,0,0,0,2,2,51,0,13,1,2011,5,0,21,0,16,6,AL HENDERSON BLVD,,99999,32.00703889,-81.275386110,0,44,0,0,1,1,1,0,3,1,0,1,0,0000000,99,99,99,99,99,99,0,0,0,1,1
13,130026,1,1,0,0,0,1,1,299,0,13,1,2011,5,1,42,1,2,2,US-82 / SR-520,,313,31.16958333,-82.217505560,0,1,0,0,1,1,2,0,2,1,0,1,0,0000000,1,42,1,55,88,88,0,0,0,1,1
13,130027,2,2,0,0,0,3,3,117,0,14,1,2011,6,10,20,0,14,4,BUFORD DAM RD,,39,34.19677222,-84.133558330,0,12,6,0,1,1,1,0,1,10,0,10,0,0000000,10,20,10,24,11,10,0,0,0,1,0
13,130028,1,1,0,0,0,1,1,185,0,14,1,2011,6,14,59,1,1,1,I-75,,91,30.73106389,-83.262291670,0,24,0,0,1,1,3,0,1,1,0,1,0,0000000,88,88,88,88,88,88,0,0,0,1,0
13,130029,2,2,0,0,0,4,4,233,1010,14,1,2011,6,18,30,0,9,4,W ROME HWY,,99999,34.04795833,-85.235250000,0,12,6,0,8,1,1,0,3,10,0,10,0,0000000,18,30,18,32,19,36,0,0,0,1,0
13,130030,1,1,0,0,0,4,4,3,0,15,1,2011,7,10,27,0,5,4,AXSON RD,,13,31.31906111,-82.769816670,0,34,0,0,1,1,4,0,1,1,0,1,0,0000000,10,49,11,9,11,34,0,0,0,1,1
13,130031,1,1,0,0,0,1,1,39,0,15,1,2011,7,19,20,0,16,4,VACUNA RD,,17,30.80087500,-81.726797220,0,53,0,0,1,1,4,0,2,1,0,1,0,0000000,88,88,88,88,88,88,0,0,0,1,1
13,130032,1,1,0,1,1,1,1,63,0,15,1,2011,7,18,25,0,14,3,SR-3,,149,33.58480833,-84.379200000,9,8,0,0,1,1,1,0,2,1,0,1,0,0000000,18,25,18,32,88,88,0,0,0,1,0
13,130033,1,1,0,0,0,1,1,87,370,15,1,2011,7,6,53,0,15,6,SIMS ST,E SHOTWELL ST,4,30.90384167,-84.561463890,0,42,0,0,3,2,4,0,2,1,0,1,0,0000000,6,58,7,6,7,31,0,0,0,1,0
13,130034,1,1,0,0,0,1,1,117,0,15,1,2011,7,23,30,0,14,4,DR BRAMBLETT RD,,15,34.26032500,-84.171377780,0,42,0,0,1,1,4,0,2,1,0,1,0,0000000,88,88,88,88,88,88,99,99,99,1,1
13,130035,2,2,0,0,0,2,2,211,0,15,1,2011,7,11,42,1,2,3,SR-24,,128,33.61089167,-83.449980560,0,12,2,0,1,1,1,0,1,1,0,1,0,0000000,11,43,11,52,12,34,0,0,0,1,0
13,130036,2,2,0,0,0,2,2,245,310,15,1,2011,7,16,32,0,13,4,WINDSOR SPRING RD,VETERANS WAY,28,33.39746944,-82.055594440,0,1,0,0,2,3,1,0,1,1,0,1,0,0000000,16,32,16,38,16,54,0,0,0,1,1
13,130037,1,1,0,0,0,1,1,21,3390,16,1,2011,1,1,3,0,14,3,SR-74,DEXTER AVE,116,32.82440556,-83.680547220,0,34,0,0,2,2,4,0,3,1,0,1,0,0000000,88,88,88,88,88,88,0,0,0,1,1
13,130038,1,1,0,0,0,1,1,209,0,16,1,2011,1,16,44,0,3,3,SR-56,,144,32.18824444,-82.594008330,0,52,0,0,1,1,4,0,1,1,0,1,0,0000000,88,88,88,88,88,88,0,0,0,1,0
13,130039,1,1,0,0,0,4,4,237,0,16,1,2011,1,18,17,0,4,4,PEA RIDGE RD,,69,33.32600000,-83.294966670,0,32,0,0,1,1,4,0,2,1,0,1,0,0000000,18,23,18,36,19,15,0,0,0,1,0
13,130040,1,1,0,0,0,1,1,65,0,17,1,2011,2,5,55,1,2,3,SR-38,,203,31.06867778,-82.661911110,0,42,0,0,1,1,4,0,2,10,0,10,0,0000000,88,88,88,88,88,88,0,0,0,1,0
13,130041,2,2,0,0,0,3,3,117,0,17,1,2011,2,11,44,0,14,3,SR-141,SHARON RD,44,34.12446389,-84.170933330,0,12,6,0,2,2,1,1,1,10,0,10,0,0000000,11,45,11,51,12,25,0,0,0,1,0
13,130042,1,1,0,0,0,1,1,141,0,17,1,2011,2,23,20,1,13,3,SR-15,,133,33.32636944,-82.977547220,0,34,0,0,1,1,4,0,2,2,0,2,0,0000000,23,21,23,27,1,14,0,0,0,1,1
13,130043,2,2,0,0,0,3,3,171,3640,17,1,2011,2,16,40,0,3,3,SR-7,FIVE POINTS ROAD,165,33.12211667,-84.216727780,0,12,1,0,2,3,1,0,1,2,1,2,0,0000000,16,43,16,43,17,18,0,0,0,1,0
13,130044,2,2,0,0,0,4,4,11,0,18,1,2011,3,20,5,1,2,3,SR-15,,7,34.25319167,-83.462405560,0,12,6,0,4,1,1,0,2,10,0,10,0,0000000,20,5,20,9,21,3,0,0,0,1,0
13,130045,1,1,0,0,0,1,1,315,0,18,1,2011,3,20,30,1,2,3,SR-30,,66,31.94648056,-83.512680560,0,31,0,0,1,1,6,0,2,10,0,10,0,0000000,99,99,99,99,99,99,0,0,0,1,1
13,130046,1,1,0,0,0,1,1,171,0,19,1,2011,4,7,32,0,6,4,MCKNEELY ROAD,,11,33.15991944,-84.147827780,0,34,0,0,1,1,6,0,1,10,0,10,0,0000000,88,88,88,88,88,88,0,0,0,1,0
13,130047,2,2,0,0,0,4,4,175,1780,19,1,2011,4,7,15,0,13,3,SR-19,HODGES STREET,221,32.53637500,-82.930491670,0,12,6,0,2,2,1,0,6,10,0,10,0,0000000,99,99,99,99,99,99,0,0,0,1,0
13,130048,1,1,0,0,0,1,1,287,0,19,1,2011,4,7,15,1,1,1,I-75,,166,31.79696667,-83.698225000,0,59,0,0,1,1,6,0,2,10,0,10,0,0000000,88,88,88,88,88,88,0,0,0,1,0
13,130049,2,2,0,0,0,2,2,297,0,19,1,2011,4,11,56,0,14,3,SR-81,,139,33.86731667,-83.868600000,0,12,2,0,1,1,1,0,1,10,0,10,0,0000000,88,88,88,88,88,88,0,0,0,2,0
13,130050,5,5,0,0,0,5,5,205,880,20,1,2011,5,5,28,1,13,3,SR-300,MAYHAW LANE,99,31.19083333,-84.161347220,0,12,6,0,2,2,1,0,2,5,0,5,0,0000000,5,28,5,44,6,10,0,0,0,1,0
13,130051,1,1,0,0,0,1,1,105,0,21,1,2011,6,9,15,0,5,4,PULLIAM MILL ROAD,,96,34.20136667,-82.965058330,0,42,0,0,1,1,6,0,1,1,0,1,0,0000000,9,15,9,32,9,58,0,0,0,1,0
13,130052,1,1,0,0,0,1,1,151,0,21,1,2011,6,20,40,0,4,4,SNAPPING SHOALS ROAD,,16,33.46535833,-83.990688890,0,53,0,0,1,1,6,0,3,1,0,1,0,0000000,88,88,88,88,88,88,0,0,0,1,1
13,130053,1,1,0,0,0,1,1,77,0,22,1,2011,7,18,45,0,5,4,LUTHER BAILEY ROAD,,99999,33.27059444,-84.574825000,0,1,0,0,1,1,5,0,2,1,0,1,0,0000000,18,58,19,4,88,88,0,0,0,1,0
13,130054,1,1,0,0,0,2,2,91,4630,22,1,2011,7,0,4,0,6,6,SWEETHOME CHURCH RD,,56,32.01373333,-83.140669440,0,35,0,0,1,1,6,0,2,1,0,1,0,0000000,88,88,88,88,88,88,20,0,0,1,1
13,130055,1,1,0,0,0,1,1,153,4340,22,1,2011,7,9,40,0,14,3,SR-11,,110,32.45613056,-83.693225000,0,42,0,0,1,1,6,0,1,1,0,1,0,0000000,99,99,99,99,99,99,0,0,0,1,0
13,130056,1,1,0,0,0,1,1,51,4910,23,1,2011,1,4,3,0,13,6,VICTORY DRIVE,WHITAKER STREET,183,32.05268056,-81.102919440,0,42,0,0,3,2,6,0,3,1,0,1,0,0000000,4,3,4,5,88,88,0,0,0,1,0
13,130057,1,1,0,0,0,1,1,97,0,23,1,2011,1,12,8,1,11,1,I-20,,122,33.76630556,-84.663047220,0,1,0,0,1,1,1,0,1,10,0,10,0,0000000,12,12,12,27,12,57,0,0,0,1,0
13,130058,2,2,0,0,0,2,2,201,0,23,1,2011,1,16,55,0,3,3,SR-91,SHINGLER ROAD,47,31.11624167,-84.835394440,0,12,6,0,2,2,1,0,1,1,0,1,0,0000000,16,55,16,57,17,19,0,0,0,1,0
13,130059,2,2,0,0,0,2,2,9,3620,24,1,2011,2,6,10,0,14,3,SR-24,,167,33.10290278,-83.249652780,0,12,6,0,8,1,1,0,2,1,0,1,0,0000000,99,99,99,99,99,99,0,0,0,1,0
13,130060,1,1,0,0,0,1,1,111,0,24,1,2011,2,6,56,0,4,4,LOVING ROAD,,45,34.92082778,-84.204047220,0,1,0,0,1,1,5,0,2,10,0,10,0,0000000,6,56,7,1,7,44,0,0,0,1,0
13,130061,2,2,0,0,0,4,4,13,300,25,1,2011,3,16,16,0,4,3,SR-8,WILKINS ROAD,58,33.99181944,-83.778991670,0,12,2,0,2,3,1,0,1,2,0,2,0,0000000,16,16,16,23,16,54,0,0,0,1,0
13,130062,1,1,0,0,0,2,2,19,0,26,1,2011,4,9,34,9,99,4,HAZEL AVENUE,,99999,31.19296111,-83.235877780,9,38,0,0,1,1,6,0,1,1,0,1,0,0000000,99,99,99,99,99,99,0,0,0,1,0
13,130063,2,2,0,0,0,4,4,29,0,26,1,2011,4,20,4,1,2,3,SR-30,,109,32.13701667,-81.639891670,0,12,1,0,1,1,1,0,2,1,0,1,0,0000000,20,5,20,10,21,39,0,0,0,1,0
13,130064,1,1,0,0,0,1,1,291,540,26,1,2011,4,19,36,0,4,3,SR-325,BOY SCOUT ROAD,76,34.95096111,-84.110877780,0,35,0,0,1,1,6,0,2,1,0,1,0,0000000,88,88,88,88,88,88,0,0,0,1,1
13,130065,1,1,0,0,0,1,1,189,0,27,1,2011,5,17,17,0,4,3,SR-150,,68,33.53552778,-82.430719440,0,32,0,0,1,1,6,0,1,1,0,1,0,0000000,99,99,99,99,99,99,0,0,0,1,1
13,130066,2,2,0,0,0,2,2,217,1380,27,1,2011,5,18,14,0,14,3,SR-81,CARROLL STREET,104,33.59453056,-83.869650000,9,12,6,0,2,2,1,0,3,1,0,1,0,0000000,99,99,99,99,99,99,0,0,0,1,0
13,130067,1,1,0,0,0,4,4,241,0,27,1,2011,5,13,20,0,4,4,CR-441,,99999,34.74764167,-83.401508330,0,1,0,0,1,1,5,0,1,1,0,1,0,0000000,13,25,13,35,14,34,0,0,0,1,0
13,130068,1,1,0,0,0,1,1,21,0,29,1,2011,7,9,46,0,14,4,TUCKER ROAD,,99999,99.99990000,999.999900000,0,34,0,0,1,1,6,0,1,1,0,1,0,0000000,9,46,9,50,10,34,0,0,0,1,0
13,130069,1,1,0,0,0,1,1,67,0,29,1,2011,7,20,25,0,16,4,MOON ROAD,,22,33.89215000,-84.707722220,0,53,0,0,1,1,6,0,2,1,0,1,0,0000000,20,26,20,32,20,53,0,0,0,1,1
13,130070,1,1,0,0,0,1,1,121,2060,29,1,2011,7,0,12,0,3,3,SR-14,,5,33.65035000,-84.670022220,0,42,0,0,1,1,6,1,2,10,0,10,0,0000000,88,88,88,88,88,88,0,0,0,1,1
13,130071,1,1,0,0,0,3,3,157,0,29,1,2011,7,21,32,0,6,4,OLD STATE ROAD,,34,34.21371944,-83.699361110,0,42,0,0,1,1,6,0,2,1,0,1,0,0000000,99,99,99,99,99,99,0,0,0,1,1
13,130072,2,2,0,0,0,3,3,215,1280,29,1,2011,7,19,40,1,13,6,VETERANS PARKWAY,6TH STREET,75,32.45716111,-84.987658330,0,12,6,0,2,2,1,0,2,1,0,1,0,0000000,19,40,19,44,20,0,0,0,0,1,1
13,130073,1,1,0,0,0,1,1,293,0,29,1,2011,7,1,0,0,14,4,COUNTY ROAD,,1,32.91068611,-84.321355560,0,42,0,0,1,1,6,0,2,1,0,1,0,0000000,1,0,1,4,1,52,0,0,0,1,1
13,130074,1,1,0,0,0,2,2,3,0,30,1,2011,1,15,51,0,6,4,SPIKES ROAD,,99999,31.26123611,-82.843186110,0,42,0,0,1,1,6,0,1,1,0,1,0,0000000,15,50,15,55,16,41,0,0,0,1,1
13,130075,1,1,0,0,0,1,1,245,310,30,1,2011,1,3,40,1,11,1,I-520,,92,33.40051111,-82.010408330,0,42,0,1,5,1,8,0,3,1,0,1,0,0000000,88,88,88,88,88,88,20,0,0,1,1
13,130076,1,1,0,0,0,1,1,299,0,30,1,2011,1,4,48,0,6,4,OLD MANOR WARESBORO,,56,31.15938333,-82.593305560,0,1,0,0,1,1,1,0,2,1,0,1,0,0000000,4,48,5,18,88,88,0,0,0,1,1
13,130077,1,1,0,1,1,1,1,283,0,31,1,2011,2,18,30,0,5,4,CROOKED RUN ROAD,,14,32.39460278,-82.584055560,0,8,0,0,1,1,1,0,2,10,0,10,0,0000000,88,88,88,88,88,88,0,0,0,1,0
13,130078,3,1,2,2,2,1,1,121,280,31,1,2011,2,10,30,1,11,1,I-85,,189,33.68381667,-84.409847220,0,14,0,0,1,1,2,0,1,10,0,10,0,0000000,10,30,10,30,11,47,23,0,0,1,1
13,130079,1,1,0,0,0,1,1,295,0,31,1,2011,2,11,0,0,16,4,CHILDRESS HOLLOW RD.,,99999,99.99990000,999.999900000,0,34,0,0,1,1,6,0,1,10,0,10,0,0000000,11,1,11,13,11,40,0,0,0,1,0
13,130080,2,2,0,0,0,3,3,135,1810,27,1,2011,5,21,36,1,11,1,I-85,,62,33.94791667,-84.139566670,0,18,0,0,1,1,1,2,2,1,0,1,0,0000000,21,37,21,43,22,18,0,0,0,1,0
13,130081,2,2,0,0,0,2,2,77,5590,4,1,2011,3,11,20,0,14,3,SR-16,,99999,33.32328611,-84.630130560,0,12,2,0,1,1,1,0,1,1,0,1,0,0000000,11,20,11,24,88,88,0,0,0,2,0
13,130082,2,2,0,0,0,4,4,77,0,3,1,2011,2,9,20,0,14,4,POPLAR ROAD,BILL HART ROAD,59,33.35334722,-84.702486110,0,12,1,0,2,3,1,0,1,1,0,1,0,0000000,9,20,9,27,9,44,0,0,0,1,0
13,130083,2,2,0,0,0,2,2,121,280,6,1,2011,5,18,4,0,14,6,WEST PEACHTREE ST.,,14,33.77071111,-84.387316670,0,12,1,0,1,1,1,0,3,1,0,1,0,0000000,18,5,18,12,88,88,0,0,0,1,0
13,130084,2,2,0,0,0,3,3,67,0,14,1,2011,6,19,7,0,14,4,STILESBORO ROAD,,57,33.98466667,-84.615433330,0,12,6,0,1,1,1,0,3,1,0,1,0,0000000,19,9,19,22,19,44,0,0,0,1,0
13,130085,1,1,0,0,0,2,2,121,280,31,1,2011,2,23,52,1,11,1,I-75,,114,33.69119167,-84.402336110,0,35,0,1,5,1,8,0,3,1,0,1,0,0000000,23,52,23,58,0,20,0,0,0,2,0
13,130086,2,2,0,0,0,2,2,51,4450,2,1,2011,1,23,28,1,1,1,I-95,,39,32.02834444,-81.268969440,0,12,1,0,1,1,1,0,2,1,0,1,0,0000000,23,28,23,30,99,99,0,0,0,1,0
13,130087,3,3,0,0,0,4,4,89,0,22,1,2011,7,22,56,0,15,4,WELLBORN RD,,6,33.72787500,-84.146852780,0,12,6,0,1,1,1,0,2,1,0,1,0,0000000,22,56,22,59,99,99,0,0,0,1,1
13,130088,1,1,0,2,2,1,1,245,310,2,2,2011,4,3,6,1,13,3,SR-121,,91,33.36183056,-82.040838890,0,9,0,0,1,1,1,0,2,2,0,2,0,0000000,3,13,3,22,3,52,0,0,0,1,0
13,130089,1,1,0,0,0,1,1,195,0,2,2,2011,4,10,16,0,3,2,US-29 / SR-8,,26,34.05366111,-83.293294440,0,1,0,0,1,1,4,0,1,1,0,1,0,0000000,88,88,88,88,88,88,0,0,0,1,0
13,130090,1,1,0,1,1,1,1,63,0,3,2,2011,5,9,53,0,14,4,MT ZION RD,,7,33.57288889,-84.367597220,0,8,0,0,1,1,11,0,1,10,0,10,0,0000000,88,88,88,88,88,88,0,0,0,1,0
13,130091,1,1,0,0,0,1,1,107,0,3,2,2011,5,13,41,0,4,4,GRIFFIN FERRY RD,,41,32.34374444,-82.251930560,0,35,0,0,1,1,4,0,1,1,0,1,0,0000000,99,99,99,99,99,99,0,0,0,1,0
13,130092,2,2,0,0,0,2,2,1,440,4,2,2011,6,14,11,0,2,3,SR-27,,102,31.78078889,-82.355827780,0,12,6,0,8,1,1,0,1,2,0,2,0,0000000,14,11,14,15,14,28,0,0,0,1,0
13,130093,1,1,0,0,0,1,1,81,0,4,2,2011,6,10,40,0,3,2,US-41 / SR-7,,77,31.90331111,-83.762977780,0,1,0,0,1,1,4,0,1,10,0,10,0,0000000,10,40,10,43,11,8,0,0,0,1,0
13,130094,1,1,0,0,0,1,1,123,2000,4,2,2011,6,18,25,0,6,4,SUNLIGHT CHURCH RD,,0,34.62814167,-84.535738890,0,35,0,0,1,1,4,0,2,2,0,2,0,0000000,18,28,18,35,18,57,0,0,0,1,0
13,130095,1,1,0,0,0,2,2,125,2340,4,2,2011,6,21,32,0,4,4,BEALL SPRINGS RD,,46,33.28429722,-82.657786110,0,34,0,0,1,1,4,0,2,2,0,2,0,0000000,99,99,99,99,99,99,0,0,0,1,0
13,130096,1,1,0,0,0,3,3,145,0,5,2,2011,7,14,41,0,9,4,GROUP CAMP RD,,99999,32.83731944,-84.788275000,0,42,0,0,1,1,4,0,1,10,0,10,0,0000000,14,36,14,45,15,44,0,0,0,1,0
13,130097,1,1,0,0,0,1,1,299,5850,5,2,2011,7,4,15,0,6,3,SR-158,FOGLE LANE,95,31.26596667,-82.522388890,0,42,0,0,3,3,4,0,2,2,0,2,0,0000000,88,88,88,88,88,88,0,0,0,1,0
13,130098,1,1,0,0,0,1,1,51,4450,6,2,2011,1,14,15,0,16,6,POOLER PKWY,,29,32.10429167,-81.267183330,0,1,0,0,1,1,1,0,1,1,0,1,0,0000000,88,88,88,88,88,88,0,0,0,1,0
13,130099,2,2,0,0,0,4,4,67,0,6,2,2011,1,1,44,1,1,1,I-20,,11,33.77541944,-84.581669440,0,24,0,0,1,1,4,0,2,1,0,1,0,0000000,1,48,1,57,2,20,0,0,0,1,0
13,130100,1,1,0,0,0,3,3,109,0,6,2,2011,1,10,0,0,6,4,CR-188,,12,32.17830833,-81.942622220,0,42,0,0,1,1,4,0,1,1,0,1,0,0000000,10,49,11,34,12,24,0,0,0,1,1
13,130101,3,3,0,0,0,3,3,63,0,8,2,2011,3,17,30,0,15,4,UPPER RIVERDALE RD,ROY HUIE RD,8,33.57653889,-84.393377780,0,53,0,0,3,3,4,0,1,1,0,1,0,0000000,17,33,17,35,18,18,0,0,0,1,0
13,130102,2,2,0,0,0,2,2,31,0,9,2,2011,4,8,39,1,2,3,SR-73,SR-46,66,32.35770278,-81.861805560,0,12,6,0,2,2,1,0,1,1,0,1,0,0000000,8,39,8,50,9,7,0,0,0,1,0
13,130103,4,4,0,0,0,6,6,113,4278,9,2,2011,4,8,10,0,13,3,SR-74,ABERDEEN PKWY,88,33.40213889,-84.597927780,0,12,8,0,2,3,1,0,1,1,0,1,0,0000000,8,10,8,13,9,6,0,0,0,1,0
13,130104,1,1,0,1,1,1,1,121,0,9,2,2011,4,3,19,1,11,1,I-285,,69,33.72167222,-84.502813890,0,8,0,0,1,1,1,1,2,1,0,1,0,0000000,88,88,88,88,88,88,0,0,0,1,0
13,130105,1,1,0,1,1,1,1,139,0,9,2,2011,4,11,16,0,5,4,E HALL RD,,10,34.29244444,-83.728075000,0,8,0,0,1,1,1,0,1,1,0,1,0,0000000,11,23,11,32,12,8,0,0,0,1,0
13,130106,1,1,0,1,1,2,2,215,1280,9,2,2011,4,16,16,0,16,6,WEST PARK CT,,0,32.47838889,-84.875516670,0,8,0,0,1,1,1,0,1,10,0,10,0,0000000,16,17,16,27,16,42,0,0,0,1,0
13,130107,1,1,0,0,0,1,1,105,0,10,2,2011,5,8,19,0,4,4,PARHAM TOWN RD,,20,34.17372222,-83.086144440,0,42,0,0,1,1,4,0,1,4,0,4,0,0000000,88,88,88,88,88,88,0,0,0,1,0
13,130108,1,1,0,0,0,1,1,157,2810,10,2,2011,5,8,41,0,4,3,SR-332,,23,34.09773333,-83.723291670,0,1,0,0,1,1,2,0,1,10,0,10,0,0000000,88,88,88,88,88,88,0,0,0,1,0
13,130109,2,2,0,0,0,2,2,229,0,10,2,2011,5,12,28,0,3,3,SR-32,,63,31.42995833,-82.180308330,0,12,2,0,1,1,1,0,1,10,0,10,0,0000000,12,28,12,37,13,19,0,0,0,1,0
13,130110,3,3,0,0,0,3,3,115,0,11,2,2011,6,16,29,0,13,3,SR-1,,175,34.31620000,-85.172152780,0,12,8,0,1,1,11,0,1,1,0,1,0,0000000,16,29,16,33,17,1,0,0,0,1,0
13,130111,1,1,0,1,1,1,1,305,0,11,2,2011,6,19,12,0,14,3,SR-169,,19,31.63534444,-81.903197220,0,8,0,0,8,1,1,0,2,1,0,1,0,0000000,19,7,19,20,19,33,0,0,0,1,0
13,130112,4,4,0,0,0,8,8,67,0,12,2,2011,7,21,54,1,11,1,I-75,,23,33.90574722,-84.476075000,0,12,1,0,1,1,1,0,2,10,0,10,0,0000000,21,54,22,1,99,99,0,0,0,1,0
13,130113,1,1,0,0,0,1,1,25,0,14,2,2011,2,17,28,0,3,3,SR-32,,20,31.34924722,-82.025158330,0,34,0,0,1,1,4,0,2,1,0,1,0,0000000,88,88,88,88,88,88,0,0,0,1,0
13,130114,2,2,0,0,0,5,5,121,0,14,2,2011,2,15,42,0,14,3,SR-154,,172,33.69177222,-84.591705560,0,12,6,0,1,1,1,1,1,1,0,1,0,0000000,15,42,15,49,16,48,0,0,0,1,0
13,130115,2,2,0,0,0,2,2,121,1250,14,2,2011,2,14,48,1,13,3,SR-6,AIRPORT RD,112,33.64924444,-84.462266670,0,12,6,0,2,3,1,0,1,1,0,1,0,0000000,14,52,15,2,88,88,0,0,0,1,0
13,130116,1,1,0,0,0,1,1,185,0,14,2,2011,2,6,2,0,4,4,CLYATTVILLE-NANKIN R,,14,30.68003333,-83.374738890,0,53,0,0,1,1,4,0,2,1,0,1,0,0000000,6,2,6,17,6,48,0,0,0,1,1
13,130117,2,2,0,0,0,2,2,69,0,15,2,2011,3,9,41,0,4,3,SR-158,,112,31.46488333,-82.970002780,0,12,2,0,1,1,1,0,1,1,0,1,0,0000000,9,41,9,42,10,14,0,0,0,1,0
13,130118,2,2,0,0,0,2,2,267,0,15,2,2011,3,16,55,0,6,4,ANDERSON CHURCH RD,,99999,32.19666111,-82.040619440,0,12,2,0,1,1,1,0,1,1,0,1,0,0000000,88,88,88,88,88,88,0,0,0,1,0
13,130119,1,1,0,0,0,4,4,67,3440,18,2,2011,6,14,7,1,11,1,I-575,,32,34.04288056,-84.563763890,0,42,0,0,1,1,4,0,1,1,0,1,0,0000000,14,7,14,15,14,49,0,0,0,1,1
13,130120,1,1,0,0,0,1,1,171,0,18,2,2011,6,14,0,0,4,4,JOHNSTONVILLE RD,,44,33.06573056,-84.127669440,0,34,0,0,1,1,4,0,1,1,0,1,0,0000000,88,88,88,88,88,88,0,0,0,1,0
13,130121,1,1,0,0,0,1,1,89,0,29,1,2011,7,4,13,1,11,1,I-285,,255,33.66651389,-84.343413890,0,24,0,0,1,1,4,0,2,1,0,1,0,0000000,99,99,99,99,99,99,0,0,0,1,0
13,130122,1,1,0,0,0,1,1,23,0,14,2,2011,2,8,29,0,6,4,LONGSTREET RD,,9,32.51322778,-83.367969440,0,1,0,0,1,1,1,0,1,1,0,1,0,0000000,8,30,8,47,9,34,0,0,0,1,0
13,130123,2,1,1,0,0,5,5,97,0,19,2,2011,7,2,5,0,16,4,PLEASANT DR,,0,33.70847222,-84.790947220,0,1,0,0,1,1,1,0,2,1,0,1,0,0000000,2,9,2,22,3,37,0,0,0,1,1
13,130124,1,1,0,0,0,3,3,105,0,19,2,2011,7,9,46,0,6,4,PEACHTREE RD,,0,34.23671111,-82.853177780,0,1,0,0,1,1,1,0,1,1,0,1,0,0000000,9,47,9,58,10,41,3,0,0,1,0
13,130125,2,1,1,0,0,1,1,113,2110,19,2,2011,7,2,0,0,16,6,SHARON DR,,2,33.45121667,-84.469102780,0,53,0,0,1,1,4,0,2,1,0,1,0,0000000,88,88,88,88,88,88,20,0,0,1,1
13,130126,2,2,0,1,1,2,2,89,0,3,2,2011,5,20,47,0,14,4,EVANS MILL ROAD,,2,33.70349167,-84.115361110,0,8,0,0,1,1,1,0,3,4,0,4,0,0000000,20,50,20,53,99,99,0,0,0,1,0
13,130127,2,2,0,0,0,2,2,153,5790,4,2,2011,6,11,28,0,13,6,WATSON BLVD.,THIRD STREET,68,32.61915278,-83.602352780,0,12,1,0,2,2,1,0,1,4,0,4,0,0000000,11,29,11,34,12,7,0,0,0,1,0
13,130128,3,3,0,0,0,5,5,121,280,5,2,2011,7,13,7,0,13,6,NORTHSIDE DRIVE,,6,33.78758333,-84.407444440,0,12,6,0,1,1,1,0,1,1,0,1,0,0000000,13,7,13,11,99,99,0,0,0,1,0
13,130129,3,3,0,0,0,3,3,245,310,14,2,2011,2,15,51,0,13,3,SR-393,BEL AIR ROAD,13,33.45958611,-82.119411110,0,12,1,0,3,2,1,0,1,1,0,1,0,0000000,15,51,16,0,88,88,0,0,0,1,0
13,130130,2,2,0,0,0,2,2,51,4910,15,2,2011,3,13,18,0,4,6,FORT ARGYLE,UNCLE SHED'S ROAD,37,32.04935278,-81.339338890,0,12,6,0,2,3,1,0,1,10,0,10,0,0000000,13,20,13,30,88,88,0,0,0,1,0
13,130131,2,2,0,0,0,3,3,89,350,19,2,2011,7,20,20,0,14,3,SR-12,KENSINGTON ROAD,2,33.77172778,-84.254622220,0,12,6,0,2,2,1,0,3,1,0,1,0,0000000,20,23,20,26,21,0,0,0,0,2,0
13,130132,2,2,0,0,0,2,2,121,280,19,2,2011,7,16,40,0,14,6,MARTIN L. KING JR DR,,13,33.75488889,-84.416177780,0,12,2,0,1,1,1,0,1,1,0,1,0,0000000,16,40,16,49,16,49,0,0,0,1,0
13,130133,2,2,0,0,0,3,3,163,0,19,2,2011,7,19,43,0,4,3,SR-24,,46,33.00943611,-82.355147220,0,12,1,0,1,1,1,0,2,1,0,1,0,0000000,19,43,20,0,20,25,19,0,0,1,0
13,130134,1,1,0,0,0,1,1,213,0,19,2,2011,7,5,0,0,6,4,BENT OAK DRIVE,,99999,34.66309444,-84.814238890,0,35,0,0,1,1,6,0,2,1,0,1,0,0000000,88,88,88,88,88,88,0,0,0,1,0
13,130135,1,1,0,0,0,1,1,311,2650,19,2,2011,7,21,30,0,3,3,SR-75,,99999,34.69670833,-83.715669440,0,1,0,0,1,1,4,0,2,1,0,1,0,0000000,99,99,99,99,88,88,0,0,0,1,1
13,130136,2,2,0,0,0,5,5,59,270,20,2,2011,1,17,13,0,14,3,SR-8,,98,34.00419167,-83.316116670,0,12,2,0,1,1,1,0,1,1,0,1,0,0000000,17,14,17,26,17,54,0,0,0,3,0