STATE,ST_CASE,VE_TOTAL,VE_FORMS,PVH_INVL,PEDS,PERNOTMVIT,PERMVIT,PERSONS,COUNTY,CITY,DAY,MONTH,YEAR,DAY_WEEK,HOUR,MINUTE,NHS,ROAD_FNC,ROUTE,TWAY_ID,TWAY_ID2,MILEPT,LATITUDE,LONGITUD,SP_JUR,HARM_EV,MAN_COLL,RELJCT1,RELJCT2,TYP_INT,REL_ROAD,WRK_ZONE,LGT_COND,WEATHER1,WEATHER2,WEATHER,SCH_BUS,RAIL,NOT_HOUR,NOT_MIN,ARR_HOUR,ARR_MIN,HOSP_HR,HOSP_MN,CF1,CF2,CF3,FATALS,DRUNK_DR
13,130137,1,1,0,1,1,1,1,63,0,20,2,2011,1,5,40,1,11,1,I-75,,24,33.56476667,-84.320197220,0,8,0,0,1,1,1,0,2,1,0,1,0,0000000,88,88,88,88,88,88,20,0,0,1,0
13,130138,1,1,0,0,0,2,2,97,0,20,2,2011,1,2,0,0,16,4,BEREA ROAD,,18,33.68603333,-84.821663890,0,42,0,0,1,1,6,0,2,1,0,1,0,0000000,99,99,99,99,99,99,0,0,0,1,1
13,130139,1,1,0,0,0,4,4,179,0,20,2,2011,1,18,5,1,1,1,I-95,,53,31.72094444,-81.388838890,0,42,0,0,1,1,3,0,1,1,0,1,0,0000000,99,99,99,99,99,99,0,0,0,1,0
13,130140,2,2,0,0,0,4,4,183,0,20,2,2011,1,16,50,0,3,3,SR-57,,279,31.59432778,-81.591552780,0,12,2,0,1,1,1,0,1,1,0,1,0,0000000,99,99,99,99,99,99,0,0,0,1,0
13,130141,2,2,0,0,0,7,7,243,0,20,2,2011,1,7,0,0,2,3,SR-50,,162,31.77295278,-84.674130560,0,12,2,0,1,1,1,0,1,10,0,10,0,0000000,99,99,99,99,99,99,0,0,0,2,0
13,130142,1,1,0,1,1,1,1,279,3340,20,2,2011,1,21,25,0,3,3,SR-152,,38,32.24284167,-82.290922220,0,8,0,0,1,1,1,0,2,10,0,10,0,0000000,88,88,88,88,88,88,0,0,0,1,0
13,130143,3,3,0,0,0,9,9,77,0,21,2,2011,2,19,2,1,1,1,I-85,,41,33.26781667,-84.804247220,0,12,1,0,1,1,1,0,2,1,0,1,0,0000000,19,23,19,29,20,5,0,0,0,1,1
13,130144,2,2,0,0,0,2,2,91,0,21,2,2011,2,5,19,1,2,3,SR-27,,214,32.10398889,-83.002288890,0,12,1,0,1,1,1,0,2,1,0,1,0,0000000,5,20,5,36,88,88,0,0,0,1,0
13,130145,3,3,0,0,0,4,4,313,1510,21,2,2011,2,15,36,0,13,3,SR-52,SR-3,99999,34.77935556,-84.913975000,0,12,6,0,2,2,1,0,1,1,0,1,0,0000000,15,36,15,38,16,7,0,0,0,1,0
13,130146,2,2,0,0,0,3,3,29,0,23,2,2011,4,16,12,1,1,1,I-16,,43,32.18345833,-81.462763890,0,12,6,0,1,1,1,0,1,1,0,1,0,0000000,16,10,16,16,99,99,0,0,0,1,1
13,130147,1,1,0,0,0,1,1,39,0,23,2,2011,4,10,15,1,1,1,I-95,,189,31.03366667,-81.653825000,0,1,0,0,1,1,5,0,1,1,0,1,0,0000000,88,88,88,88,88,88,0,0,0,1,0
13,130148,3,3,0,0,0,4,4,245,2670,23,2,2011,4,17,31,0,14,3,SR-88,KEYSVILLE ROAD,77,33.30906667,-82.113705560,0,12,6,0,2,2,1,0,1,1,0,1,0,0000000,17,32,17,43,18,8,0,0,0,2,0
13,130149,1,1,0,0,0,1,1,21,3390,24,2,2011,5,20,49,0,14,6,ANTHONY TERRACE,,8,32.81699722,-83.667991670,0,40,0,0,1,1,5,0,3,1,0,1,0,0000000,88,88,88,88,88,88,0,0,0,1,0
13,130150,1,1,0,0,0,1,1,277,0,24,2,2011,5,16,15,0,6,4,ARNETT MILL ROAD,,48,31.46708611,-83.471094440,0,42,0,0,1,1,5,0,1,1,0,1,0,0000000,16,45,16,46,18,40,0,0,0,1,0
13,130151,2,2,0,0,0,2,2,35,0,25,2,2011,6,7,3,1,1,1,I-75,,53,33.38565833,-84.142400000,0,12,1,0,1,1,1,0,4,2,0,2,0,0000000,7,7,7,20,7,59,0,0,0,1,0
13,130152,2,2,0,0,0,3,3,223,0,25,2,2011,6,6,24,0,3,3,SR-61,MT. MORIAH ROAD,168,33.98828611,-84.871541670,0,12,6,0,2,3,1,0,2,10,0,10,0,0000000,6,24,6,43,88,88,0,0,0,1,0
13,130153,2,2,0,0,0,2,2,263,0,25,2,2011,6,20,2,1,2,3,SR-22,,45,32.56318056,-84.607836110,0,12,1,0,1,1,1,0,2,1,0,1,0,0000000,20,2,20,14,88,88,0,0,0,1,0
13,130154,1,1,0,1,1,1,1,89,1060,26,2,2011,7,22,35,0,15,6,SAVOY DRIVE,,42,33.92009167,-84.306980560,0,8,0,0,1,1,1,0,3,1,0,1,0,0000000,22,36,22,40,88,88,0,0,0,1,0
13,130155,2,1,1,0,0,2,2,313,0,26,2,2011,7,14,24,0,6,4,RED CLAY ROAD,,99999,99.99990000,999.999900000,0,14,0,0,1,1,6,0,1,1,0,1,0,0000000,14,24,14,30,15,3,0,0,0,1,0
13,130156,1,1,0,0,0,2,2,317,0,26,2,2011,7,23,21,0,6,4,WEST ROAD,,2,33.65275833,-82.892100000,0,1,0,0,1,1,1,0,2,1,0,1,0,0000000,23,21,23,35,1,30,0,0,0,1,1
13,130157,1,1,0,1,1,1,1,67,5070,5,2,2011,7,18,58,0,16,6,OLD CONCORD ROAD,,11,33.90066111,-84.541038890,0,8,0,0,1,1,1,0,2,10,0,10,0,0000000,19,0,19,0,19,16,0,0,0,1,0
13,130158,2,2,0,0,0,2,2,89,1815,8,2,2011,3,0,9,1,11,1,I-285,,17,33.92009167,-84.320711110,0,12,2,0,1,1,1,0,3,1,0,1,0,0000000,0,9,0,15,88,88,0,0,0,1,0
13,130159,1,1,0,0,0,1,1,227,2910,1,3,2011,3,18,41,0,2,3,SR-53,,92,34.46746389,-84.484461110,0,34,0,0,1,1,4,0,5,1,0,1,0,0000000,88,88,88,88,88,88,0,0,0,1,1
13,130160,2,1,1,0,1,1,2,283,0,1,3,2011,3,9,16,1,1,1,I-16,,3,32.43368333,-82.695069440,0,14,0,0,1,1,2,0,1,10,0,10,0,0000000,9,16,9,23,99,99,0,0,0,1,0
13,130161,1,1,0,0,0,1,1,73,0,4,3,2011,6,22,37,0,15,4,HARDY MCMANUS RD,DOLPHIN WAY,6,33.57760556,-82.131108330,0,1,0,0,2,3,1,0,2,10,0,10,0,0000000,88,88,88,88,88,88,0,0,0,1,1
13,130162,1,1,0,1,1,2,2,135,0,5,3,2011,7,22,23,0,14,3,SR-13,SR-140,23,33.93217222,-84.222308330,0,8,0,0,3,2,1,0,3,2,0,2,0,0000000,22,23,22,28,88,88,0,0,0,1,0
13,130163,3,3,0,0,0,11,11,191,5555,6,3,2011,1,14,50,1,1,1,I-95,,203,31.63853056,-81.402791670,0,12,7,0,1,1,1,0,1,1,0,1,0,0000000,15,0,15,10,16,2,0,0,0,1,0
13,130164,1,1,0,0,0,1,1,227,0,25,2,2011,6,19,33,0,4,3,SR-108,,99999,34.41025556,-84.406927780,0,35,0,0,1,1,4,0,2,1,0,1,0,0000000,19,27,19,34,20,29,0,0,0,1,0
13,130165,1,1,0,0,0,2,2,321,0,6,3,2011,1,23,4,0,3,3,SR-112,,222,31.60564167,-83.764936110,0,34,0,0,1,1,4,0,2,1,0,1,0,0000000,88,88,88,88,88,88,0,0,0,2,0
13,130166,2,2,0,0,0,3,3,175,840,8,3,2011,3,14,29,0,4,3,SR-126,FOUNTAIN RD,106,32.26774444,-82.984550000,0,12,6,0,2,2,1,0,1,1,0,1,0,0000000,14,32,14,47,15,30,0,0,0,2,0
13,130167,1,1,0,1,1,1,1,63,4690,10,3,2011,5,4,33,0,14,3,SR-139,,25,33.60094444,-84.429266670,0,8,0,0,1,1,1,0,3,2,0,2,0,0000000,4,33,4,33,88,88,0,0,0,1,0
13,130168,2,2,0,0,0,4,4,121,2060,11,3,2011,6,12,23,0,13,2,US-29,SR-74 LO,59,33.55744167,-84.591891670,0,12,6,0,2,3,1,0,1,1,0,1,0,0000000,12,24,12,31,13,25,0,0,0,1,0
13,130169,2,2,0,0,0,4,4,177,5060,11,3,2011,6,16,20,1,2,2,US-19,LIVINGSTON RD,198,31.89283611,-84.255591670,0,12,6,0,2,2,1,0,1,1,0,1,0,0000000,16,10,16,13,18,25,0,0,0,2,0
13,130170,2,2,0,0,0,5,5,255,2510,11,3,2011,6,22,18,1,12,2,US-19,,42,33.24735556,-84.296294440,0,59,0,0,1,1,3,0,2,1,0,1,0,0000000,99,99,99,99,99,99,0,0,0,1,0
13,130171,1,1,0,0,0,1,1,311,0,12,3,2011,7,14,46,0,4,3,SR-75 ALT,,22,34.60427500,-83.762286110,0,42,0,0,1,1,4,0,1,1,0,1,0,0000000,99,99,99,99,99,99,0,0,0,1,0
13,130172,1,1,0,0,0,1,1,151,0,13,3,2011,1,21,45,0,4,4,OLD STONEWALL DR,OLD JACKSON RD,6,33.36587222,-84.039058330,0,1,0,0,3,3,4,0,2,1,0,1,0,0000000,21,45,21,45,22,30,0,0,0,1,0
13,130173,2,2,0,0,0,3,3,59,270,15,3,2011,3,23,55,1,12,3,SR-422,,101,33.95369167,-83.439991670,0,12,6,0,1,1,1,0,2,10,0,10,0,0000000,23,58,0,6,0,29,0,0,0,1,1
13,130174,3,3,0,3,3,1,1,29,4300,17,3,2011,5,21,15,0,4,4,ASH BRANCH RD,,28,32.18096111,-81.618080560,0,8,0,0,1,1,1,0,2,1,0,1,0,0000000,99,99,99,99,99,99,23,0,0,1,0
13,130175,2,2,0,0,0,3,3,31,0,17,3,2011,5,5,50,1,1,1,I-16,,162,32.25859722,-81.724038890,0,12,1,0,1,1,1,0,2,5,0,5,0,0000000,88,88,88,88,88,88,0,0,0,2,0
13,130176,1,1,0,0,0,2,2,57,0,18,3,2011,6,12,25,0,4,3,SR-372,,130,34.32850278,-84.361341670,0,42,0,0,1,1,4,0,1,1,0,1,0,0000000,12,25,12,25,13,30,0,0,0,1,0
13,130177,2,2,0,0,0,3,3,237,1930,18,3,2011,6,23,21,0,13,2,US-441 / SR-24,JEFFERSON ST,142,33.34714444,-83.392791670,0,12,6,0,2,2,1,0,2,10,0,10,0,0000000,99,99,99,99,99,99,0,0,0,1,0
13,130178,1,1,0,0,0,1,1,113,0,19,3,2011,7,3,4,0,14,4,INMAN RD,,0,33.42249722,-84.404172220,0,1,0,0,1,1,4,0,2,1,0,1,0,0000000,88,88,88,88,88,88,0,0,0,1,1
13,130179,3,3,0,0,0,10,10,213,1080,19,3,2011,7,9,52,1,2,2,US-76 / SR-52,DUVALL RD,43,34.78277500,-84.797780560,0,12,2,0,2,2,1,0,1,10,0,10,0,0000000,9,53,9,56,10,25,0,0,0,1,0
13,130180,1,1,0,0,0,1,1,215,1280,20,3,2011,1,10,32,1,11,1,I-185,,73,32.50558056,-84.949519440,0,18,0,0,1,1,1,0,1,1,0,1,0,0000000,10,32,10,38,88,88,0,0,0,1,0
13,130181,2,2,0,0,0,2,2,21,0,21,3,2011,2,22,53,1,1,1,I-75,,10,32.70835833,-83.732744440,0,12,1,0,1,1,1,1,3,1,0,1,0,0000000,88,88,88,88,88,88,0,0,0,1,1
13,130182,1,1,0,1,1,1,1,89,0,21,3,2011,2,20,51,0,15,4,UNION GROVE RD,,5,33.72358889,-84.084644440,0,8,0,0,1,1,1,0,2,1,0,1,0,0000000,20,51,20,58,21,28,0,0,0,1,0
13,130183,1,1,0,0,0,1,1,135,0,22,3,2011,3,15,53,0,15,4,MT MORIAH RD,,99999,34.06641944,-83.853622220,0,32,0,0,1,1,4,0,1,1,0,1,0,0000000,99,99,99,99,99,99,0,0,0,1,0
13,130184,1,1,0,0,0,1,1,299,0,23,3,2011,4,21,1,0,15,4,DEVANDRENE AVE,,0,31.28083889,-82.389436110,0,53,0,0,1,1,4,0,2,1,0,1,0,0000000,21,4,21,12,88,88,0,0,0,1,1
13,130185,1,1,0,0,0,2,2,215,1280,24,3,2011,5,0,6,1,11,1,I-185,,30,32.44453056,-84.927461110,0,20,0,0,1,1,4,1,3,1,0,1,0,0000000,0,8,0,13,0,30,0,0,0,1,1
13,130186,3,3,0,0,0,4,4,117,0,26,3,2011,7,22,3,0,14,4,MCGINNIS FERRY RD,QUAILBROOK CHASE,88,34.05725833,-84.147908330,0,12,6,0,2,3,1,1,2,2,0,2,0,0000000,21,39,22,22,22,50,0,0,0,1,0
13,130187,1,1,0,0,0,1,1,121,280,2,3,2011,4,16,48,0,16,6,MEADOR AVENUE,SCHELL ROAD,6,33.69524444,-84.380450000,0,42,0,0,2,3,5,0,1,1,0,1,0,0000000,16,56,17,4,17,47,20,0,0,1,0
13,130188,1,1,0,1,1,1,1,185,0,2,3,2011,4,22,55,0,3,3,SR-7,,125,30.78247500,-83.233452780,0,8,0,0,1,1,1,0,2,1,0,1,0,0000000,88,88,88,88,88,88,0,0,0,1,0
13,130189,1,1,0,0,0,1,1,121,0,27,3,2011,1,19,30,0,14,4,BUTNER RD,,77,33.65302778,-84.560700000,0,42,0,0,1,1,4,1,5,10,0,10,0,0000000,88,88,88,88,88,88,0,0,0,1,1
13,130190,1,1,0,0,0,2,2,229,0,2,3,2011,4,17,0,0,4,4,TRUDIE ROAD,OLD RIVER ROAD,16,31.30407500,-82.202819440,0,1,0,0,2,3,6,0,1,1,0,1,0,0000000,99,99,99,99,99,99,0,0,0,1,0
13,130191,1,1,0,2,2,1,1,245,2670,2,3,2011,4,20,22,0,16,6,MCCOMBS ROAD,,23,33.24812778,-81.977877780,0,8,0,0,1,1,1,0,2,1,0,1,0,0000000,20,8,20,19,21,40,0,0,0,2,0
13,130192,4,4,0,0,0,7,7,135,0,30,3,2011,4,7,3,0,13,4,PEACHTREE IND BLVD,1ST AVE,170,34.10263333,-84.033094440,0,12,6,0,2,2,1,0,4,2,0,2,0,0000000,7,5,7,6,7,42,0,0,0,1,0
13,130193,1,1,0,1,1,2,2,285,0,2,3,2011,4,19,50,1,2,3,SR-1,WARE CROSS ROAD,228,33.12438056,-85.044308330,0,8,0,0,2,2,1,0,5,1,0,1,0,0000000,19,46,19,54,20,22,0,0,0,1,0
13,130195,2,2,0,0,0,2,2,149,0,3,3,2011,5,18,13,0,4,3,SR-100,YATES RD,231,33.38601944,-85.249691670,0,12,2,0,2,3,1,0,5,1,0,1,0,0000000,18,0,18,8,19,4,0,0,0,1,0
13,130196,1,1,0,0,0,1,1,255,0,4,3,2011,6,14,5,0,14,4,OLD ATLANTA RD,,31,33.30343056,-84.288413890,0,59,0,0,1,1,4,0,1,10,0,10,0,0000000,99,99,99,99,99,99,0,0,0,1,0
13,130197,1,1,0,0,0,2,2,67,3440,6,3,2011,1,14,19,0,16,4,MIDWAY RD,,15,33.94832778,-84.681830560,0,42,0,0,1,1,4,0,1,10,0,10,0,0000000,14,25,14,31,14,58,0,0,0,1,1
13,130198,2,2,0,0,0,7,7,153,0,9,3,2011,4,20,8,1,13,3,SR-96,,48,32.55455556,-83.640344440,0,12,6,0,1,1,1,0,2,10,0,10,0,0000000,20,19,20,36,21,4,0,0,0,2,0
13,130199,2,2,0,0,0,5,5,21,0,18,3,2011,6,20,0,1,11,1,I-475,,68,32.85084444,-83.741602780,0,12,6,0,1,1,1,0,2,1,0,1,0,0000000,20,9,20,17,21,2,0,0,0,1,0
13,130200,1,1,0,0,0,15,15,207,0,22,3,2011,3,20,57,1,1,1,I-75,,234,33.13561111,-84.018675000,0,24,0,0,1,1,3,0,2,1,0,1,0,0000000,20,56,21,4,21,50,0,0,0,2,0
13,130201,1,1,0,0,0,1,1,51,0,3,3,2011,5,23,50,1,13,1,I-516,VETERANS PARKWAY,99999,32.04364167,-81.146972220,0,52,0,1,19,1,8,0,2,1,0,1,0,0000000,23,48,23,57,88,88,0,0,0,1,0
13,130202,2,2,0,0,0,2,2,139,0,3,3,2011,5,12,31,0,4,3,SR-60,,25,34.20459722,-83.780022220,0,12,8,0,1,1,1,0,1,1,0,1,0,0000000,12,27,12,32,14,1,0,0,0,1,0
13,130203,1,1,0,0,0,1,1,191,1560,3,3,2011,5,13,36,1,1,1,I-95,,14,31.33966667,-81.465002780,0,23,0,0,1,1,3,0,1,1,0,1,0,0000000,88,88,88,88,88,88,0,0,0,1,0
13,130204,2,2,0,0,0,3,3,45,970,31,3,2011,5,7,56,0,13,3,SR-166,LAMBERT DR,199,33.60225833,-85.027227780,0,12,6,0,8,1,1,0,1,10,0,10,0,0000000,7,55,8,4,8,31,0,0,0,1,0
13,130205,2,2,0,0,0,3,3,21,0,30,1,2011,1,18,48,0,4,4,HARTLEY BRIDGE RD,FULTON MILL RD,6,32.72281389,-83.767025000,0,12,1,0,3,3,1,0,3,1,0,1,0,0000000,99,99,99,99,99,99,0,0,0,1,0
13,130206,2,2,0,0,0,9,9,217,0,4,3,2011,6,20,24,0,14,3,SR-36,,128,33.56065556,-83.848900000,0,12,6,0,4,1,1,0,2,10,0,10,0,0000000,20,33,20,39,21,52,0,0,0,3,0
13,130207,2,2,0,0,0,5,5,31,0,5,3,2011,7,20,59,1,13,3,SR-73,,165,32.45790278,-81.781688890,0,12,6,0,4,1,1,0,2,10,0,10,0,0000000,20,54,21,0,21,19,0,0,0,1,0
13,130208,1,1,0,1,1,1,1,163,3250,5,3,2011,7,19,10,1,2,3,SR-4,,136,33.00846667,-82.397266670,0,8,0,0,1,1,1,0,2,1,0,1,0,0000000,99,99,99,99,99,99,0,0,0,1,0
13,130209,1,1,0,0,0,1,1,57,0,5,3,2011,7,4,15,1,11,1,I-75,,8,34.08085000,-84.635925000,0,24,0,0,1,1,3,0,2,2,0,2,0,0000000,88,88,88,88,88,88,0,0,0,1,0
13,130210,1,1,0,0,0,2,2,275,0,5,3,2011,7,22,5,0,6,6,DILLON ROAD,,99999,30.89821111,-83.905077780,0,1,0,0,1,1,5,0,2,10,0,10,0,0000000,22,0,22,7,22,36,0,0,0,1,1
13,130211,3,3,0,0,0,4,4,205,0,6,3,2011,1,0,0,1,13,3,SR-3,,79,31.17080278,-84.146819440,0,12,8,0,1,1,1,0,2,2,0,2,0,0000000,99,99,99,99,99,99,0,0,0,1,1
13,130212,1,1,0,0,0,1,1,199,0,6,3,2011,1,5,51,0,3,3,SR-41,,110,32.95039722,-84.703238890,0,18,0,0,1,1,1,0,2,2,0,2,0,0000000,5,51,6,0,88,88,0,0,0,1,0
13,130213,1,1,0,0,0,1,1,107,0,12,3,2011,7,9,12,0,4,4,OLD SAVANNAH ROAD,,61,32.78548889,-82.140697220,0,30,0,0,1,1,5,0,1,1,0,1,0,0000000,9,18,9,37,11,8,0,0,0,1,1
13,130214,1,1,0,0,0,3,3,33,4890,13,3,2011,1,4,50,0,6,6,MURRY HILL ROAD,,10,33.00337222,-81.703647220,0,42,0,0,1,1,5,0,2,1,0,1,0,0000000,99,99,99,99,99,99,0,0,0,1,1
13,130215,1,1,0,0,0,2,2,9,0,16,3,2011,4,0,10,0,6,4,ADMIRALTY WAY,,7,33.18154444,-83.294155560,0,53,0,0,1,1,5,0,2,10,0,10,0,0000000,99,99,99,99,99,99,0,0,0,1,1
13,130216,1,1,0,0,0,3,3,11,0,17,3,2011,5,2,30,1,1,1,I-85,,44,34.29700556,-83.409963890,0,42,0,0,1,1,6,0,2,1,0,1,0,0000000,99,99,99,99,99,99,0,0,0,1,1
13,130217,1,1,0,0,0,2,2,95,90,18,3,2011,6,2,30,1,12,3,SR-520,,73,31.58999722,-84.119075000,0,1,0,0,1,1,5,0,3,1,0,1,0,0000000,2,30,2,37,3,1,0,0,0,1,0
13,130218,1,1,0,0,0,1,1,117,0,19,3,2011,7,22,51,1,2,3,SR-400,,99999,34.14883889,-84.189025000,0,24,0,0,1,1,5,0,2,1,0,1,0,0000000,22,51,23,1,88,88,0,0,0,1,1
13,130219,1,1,0,0,0,1,1,167,6080,19,3,2011,7,18,50,0,99,6,J C LANDING ROAD,,99999,32.72073889,-82.938816670,0,1,0,0,1,1,1,0,1,1,0,1,0,0000000,99,99,99,99,99,99,0,0,0,1,1
13,130220,1,1,0,0,0,1,1,145,0,20,3,2011,1,15,0,0,99,4,MIDDLEBROOKS ROAD,,99999,32.82216111,-84.918455560,0,34,0,0,1,1,5,0,1,1,0,1,0,0000000,18,5,18,18,88,88,0,0,0,1,1
13,130221,1,1,0,0,0,1,1,97,0,21,3,2011,2,1,20,0,99,4,E UNION HILL ROAD,,99999,33.67699722,-84.855308330,0,42,0,0,1,1,5,0,2,1,0,1,0,0000000,88,88,88,88,88,88,0,0,0,1,1
13,130222,2,2,0,0,0,3,3,305,0,21,3,2011,2,20,3,0,99,4,RAYONIER ROAD,FANNIE HEAD ROAD,99999,31.65703333,-81.892969440,0,12,6,0,2,3,1,0,5,1,0,1,0,0000000,99,99,99,99,99,99,0,0,0,1,0
13,130223,1,1,0,0,0,1,1,311,1190,21,3,2011,2,9,3,0,99,3,SR-254,,99999,34.52347778,-83.719725000,0,35,0,0,1,1,6,0,1,1,0,1,0,0000000,88,88,88,88,88,88,0,0,0,1,0
13,130224,2,2,0,0,0,2,2,1,0,22,3,2011,3,6,40,0,99,3,SR-144,,99999,31.80449722,-82.251463890,0,12,2,0,1,1,1,0,2,5,0,5,0,0000000,6,41,6,50,88,88,0,0,0,1,0
13,130225,1,1,0,1,1,1,1,147,0,22,3,2011,3,20,47,0,99,3,SR-51,,99999,34.36972500,-82.986216670,0,9,0,0,1,1,1,0,2,1,0,1,0,0000000,20,46,20,47,21,27,0,0,0,1,0
13,130226,1,1,0,0,0,1,1,117,0,23,3,2011,4,11,36,0,99,3,SR-400,CROSSROADS ROAD,99999,34.31216111,-84.065269440,0,33,0,0,3,3,5,0,1,1,0,1,0,0000000,11,35,11,45,12,8,0,0,0,1,0
13,130227,1,1,0,0,0,1,1,161,0,23,3,2011,4,1,0,0,99,4,BELL TELEPHONE ROAD,,99999,31.75898889,-82.626822220,0,34,0,0,1,1,5,0,2,1,0,1,0,0000000,88,88,88,88,88,88,0,0,0,1,1
13,130228,3,3,0,0,0,3,3,69,0,24,3,2011,5,18,22,0,99,3,SR-32,,99999,31.56451389,-82.999391670,0,12,1,0,8,1,1,0,1,1,0,1,0,0000000,18,16,18,30,19,42,0,0,0,1,0
13,130229,1,1,0,0,0,5,5,225,0,26,3,2011,7,16,15,0,99,4,LAKEWVIEW ROAD,HOUSER MILL ROAD,99999,32.57833333,-83.749638890,0,34,0,0,3,4,5,0,1,10,0,10,0,0000000,99,99,99,99,99,99,0,0,0,1,0
13,130230,1,1,0,0,0,1,1,67,0,27,3,2011,1,1,59,0,99,4,ROBINSON ROAD,,99999,33.96722778,-84.457355560,9,1,0,0,1,1,2,0,3,10,0,10,0,0000000,2,0,2,6,2,26,0,0,0,1,1
13,130231,2,2,0,0,0,6,6,161,0,28,3,2011,2,7,45,0,99,4,BROXTON HIGHWAY,,99999,31.81095278,-82.689083330,0,12,2,0,1,1,1,0,1,2,0,2,0,0000000,99,99,99,99,99,99,0,0,0,1,0
13,130232,2,2,0,0,0,3,3,247,0,28,3,2011,2,14,8,0,99,3,SR-138,PINE LOG ROAD,99999,33.66337222,-83.995305560,0,12,1,0,2,4,1,0,1,10,0,10,0,0000000,14,10,14,10,14,49,19,0,0,1,0
13,130233,1,1,0,0,0,2,2,45,970,29,3,2011,3,21,20,0,99,6,CANEY CREEK ROAD,,99999,33.49343056,-85.003041670,0,35,0,0,1,1,5,0,2,1,0,1,0,0000000,99,99,99,99,99,99,0,0,0,1,0
13,130234,2,2,0,0,0,6,6,139,0,30,3,2011,4,15,19,0,99,3,SR-284,,99999,34.39557778,-83.778883330,0,12,6,0,1,1,1,0,1,2,0,2,0,0000000,15,14,15,24,17,10,0,0,0,3,0
13,130235,1,1,0,0,0,1,1,89,280,31,3,2011,5,22,38,0,99,6,STOKESWOOD AVE,PENDLETON STREET,99999,33.73697500,-84.344808330,0,19,0,0,3,3,6,0,3,1,0,1,0,0000000,22,38,22,52,88,88,20,0,0,1,0
13,130236,3,3,0,1,1,5,5,67,0,12,2,2011,7,23,10,1,11,1,I-285,,12,33.82518611,-84.489411110,0,8,0,0,1,1,1,0,2,1,0,1,0,0000000,23,10,23,24,88,88,0,0,0,1,0
13,130237,2,2,0,0,0,5,5,71,3800,16,2,2011,4,16,53,0,19,6,VETERANS PKWY S,PARK AVE,99999,31.17168889,-83.761741670,0,12,6,0,2,2,1,0,1,1,0,1,0,0000000,16,53,16,59,17,14,0,0,0,1,0
13,130238,1,1,0,0,0,1,1,73,0,23,3,2011,4,17,29,0,14,3,SR-232,SARAH CREEK CT,109,33.50766111,-82.132591670,0,1,0,0,2,3,1,0,1,1,0,1,0,0000000,17,31,17,35,17,57,0,0,0,1,0
13,130239,1,1,0,0,0,1,1,151,0,24,3,2011,5,13,36,1,11,1,I-75,,196,33.54286944,-84.269472220,0,21,0,0,1,1,4,0,1,1,0,1,0,0000000,88,88,88,88,88,88,0,0,0,1,0
13,130240,1,1,0,0,0,1,1,81,0,1,4,2011,6,18,20,1,1,1,I-75,,144,31.99972500,-83.757705560,0,1,0,0,1,1,1,0,1,1,0,1,0,0000000,18,26,18,30,18,49,0,0,0,1,0
13,130241,2,2,0,0,0,2,2,99,0,1,4,2011,6,14,8,0,3,3,SR-370,WILKIE MOSLEY RD,51,31.21757222,-85.066538890,0,12,6,0,2,3,1,0,1,10,0,10,0,0000000,88,88,88,88,88,88,0,0,0,1,0
13,130242,1,1,0,0,0,3,3,201,0,1,4,2011,6,7,39,0,4,4,JOHNNY FREEMAN RD,CLENNY HILL RD,39,31.13470000,-84.551297220,0,35,0,0,3,3,4,0,1,10,0,10,0,0000000,99,99,99,99,99,99,0,0,0,1,0
13,130243,3,3,0,0,0,3,3,211,3400,1,4,2011,6,9,49,0,2,3,SR-24,,102,33.58359167,-83.480375000,0,12,1,0,1,1,1,0,1,1,0,1,0,0000000,99,99,99,99,99,99,0,0,0,1,0
13,130244,1,1,0,0,0,1,1,57,390,3,4,2011,1,5,40,0,5,4,CONNS CREEK RD,,62,34.32296667,-84.333641670,0,1,0,0,1,1,4,0,2,1,0,1,0,0000000,5,45,5,52,8,10,0,0,0,1,0
13,130245,2,2,0,0,0,5,5,75,3130,4,4,2011,2,6,43,1,1,1,I-75,,173,31.27021667,-83.472561110,0,12,1,0,1,1,1,0,2,1,0,1,0,0000000,99,99,99,99,99,99,0,0,0,1,0
13,130246,1,1,0,0,0,1,1,97,0,4,4,2011,2,11,55,0,16,4,MCKOWN RD,,10,33.76557222,-84.687177780,0,1,0,0,1,1,4,0,1,10,0,10,0,0000000,11,54,11,59,88,88,0,0,0,1,0
13,130247,1,1,0,0,0,1,1,71,0,5,4,2011,3,6,35,0,5,4,OLD ADEL RD,,73,31.12559167,-83.648636110,0,18,0,0,1,1,1,0,2,10,0,10,0,0000000,6,21,6,39,88,88,0,0,0,1,0
13,130248,1,1,0,0,0,1,1,89,0,5,4,2011,3,7,37,0,15,4,RAINBOW DR,,5,33.70973889,-84.261852780,0,30,0,0,1,1,4,0,1,1,0,1,0,0000000,88,88,88,88,88,88,19,0,0,1,0
13,130249,1,1,0,0,0,1,1,121,0,5,4,2011,3,12,38,0,15,6,JONESBORO RD,,7,33.57223611,-84.553094440,0,42,0,0,1,1,4,0,1,10,0,10,0,0000000,12,39,12,42,88,88,0,0,0,1,1
13,130250,2,2,0,0,0,3,3,299,0,5,4,2011,3,20,59,0,4,4,OLD NICHOLS HWY,,27,31.36599722,-82.586411110,0,12,1,0,1,1,1,0,2,1,0,1,0,0000000,21,1,22,22,23,13,0,0,0,1,0