STATE,ST_CASE,VE_TOTAL,VE_FORMS,PVH_INVL,PEDS,PERNOTMVIT,PERMVIT,PERSONS,COUNTY,CITY,DAY,MONTH,YEAR,DAY_WEEK,HOUR,MINUTE,NHS,ROAD_FNC,ROUTE,TWAY_ID,TWAY_ID2,MILEPT,LATITUDE,LONGITUD,SP_JUR,HARM_EV,MAN_COLL,RELJCT1,RELJCT2,TYP_INT,REL_ROAD,WRK_ZONE,LGT_COND,WEATHER1,WEATHER2,WEATHER,SCH_BUS,RAIL,NOT_HOUR,NOT_MIN,ARR_HOUR,ARR_MIN,HOSP_HR,HOSP_MN,CF1,CF2,CF3,FATALS,DRUNK_DR
13,130251,3,1,2,0,7,2,9,87,290,6,4,2011,4,23,15,0,2,3,SR-1,,79,30.76558611,-84.474563890,0,24,0,0,1,1,4,0,2,1,0,1,0,0000000,99,99,99,99,99,99,0,0,0,5,1
13,130252,1,1,0,1,1,1,1,135,0,6,4,2011,4,15,28,0,16,4,PADEN DR,PADEN CHASE WAY,9,33.93144444,-84.068388890,0,9,0,0,2,9,1,0,1,1,0,1,0,0000000,15,28,15,35,15,48,0,0,0,1,0
13,130253,1,1,0,0,0,1,1,179,3590,6,4,2011,4,1,14,0,6,4,ISLE OF WIGHT RD,,99999,31.81521944,-81.364466670,0,34,0,0,1,1,4,0,2,1,0,1,0,0000000,88,88,88,88,88,88,0,0,0,1,1
13,130254,2,2,0,0,0,4,4,261,0,6,4,2011,4,16,22,0,5,4,SALTERS MILL RD,THRASHER RD,19,31.98281667,-84.394558330,0,12,6,0,2,2,1,0,1,1,0,1,0,0000000,99,99,99,99,99,99,0,0,0,1,0
13,130255,2,2,0,0,0,2,2,313,0,6,4,2011,4,6,22,0,14,4,DAWNVILLE RD,,15,34.81473611,-84.924080560,0,12,2,0,1,1,1,0,2,1,0,1,0,0000000,6,21,6,26,6,57,0,0,0,1,1
13,130256,2,2,0,0,0,3,3,29,4655,7,4,2011,5,3,44,1,1,1,I-95,,59,31.92096111,-81.328975000,0,12,1,0,5,1,1,0,2,1,0,1,0,0000000,88,88,88,88,88,88,0,0,0,1,0
13,130257,1,1,0,0,0,1,1,97,0,8,4,2011,6,21,30,0,16,4,MCKOWN RD,,20,33.76564444,-84.694633330,0,1,0,0,1,1,1,0,2,1,0,1,0,0000000,88,88,88,88,88,88,0,0,0,1,0
13,130258,2,2,0,2,2,2,2,45,970,9,4,2011,7,15,6,0,13,3,SR-166,SOMERSET PL,191,33.59524444,-85.038777780,0,12,11,0,2,2,1,0,1,1,0,1,0,0000000,15,9,15,18,16,20,0,0,0,1,0
13,130259,3,3,0,0,0,4,4,67,0,13,4,2011,4,13,47,0,13,3,SR-120,OLD HAMILTON RD,37,33.95244444,-84.661677780,0,12,6,0,2,2,1,0,1,10,0,10,0,0000000,13,47,13,51,14,27,0,0,0,1,0
13,130260,1,1,0,0,0,1,1,117,0,14,4,2011,5,8,2,0,16,4,SANDERS RD,,1,34.19166944,-84.121466670,0,32,0,0,1,1,4,0,4,1,0,1,0,0000000,8,2,8,11,88,88,0,0,0,1,0
13,130261,1,1,0,1,1,1,1,21,3390,15,4,2011,6,20,32,0,13,2,US-41,,103,32.84256944,-83.650888890,0,8,0,0,1,1,1,0,2,10,0,10,0,0000000,20,31,20,32,21,8,0,0,0,1,0
13,130262,1,1,0,0,0,1,1,67,3440,19,4,2011,3,0,40,1,11,1,I-75,,25,33.90395833,-84.475322220,0,31,0,0,5,1,4,0,2,1,0,1,0,0000000,0,46,0,54,88,88,20,0,0,1,0
13,130263,1,1,0,1,1,1,1,135,0,19,4,2011,3,19,30,0,14,4,CLUB DR,,22,33.94003056,-84.104505560,0,8,0,0,1,1,1,0,1,1,0,1,0,0000000,88,88,88,88,88,88,0,0,0,1,0
13,130264,3,3,0,0,0,5,5,67,3440,20,4,2011,4,22,26,0,13,3,SR-5 CO,ROBERTS BLVD,3,34.00166944,-84.581702780,0,12,6,0,2,2,1,0,3,1,0,1,0,0000000,22,27,22,32,22,56,0,0,0,1,0
13,130265,2,2,0,0,0,4,4,245,310,20,4,2011,4,11,53,0,14,3,SR-56,S GRASSLINE RD,58,33.32176944,-81.956080560,0,12,6,0,2,3,1,0,1,1,0,1,0,0000000,11,54,12,4,12,48,0,0,0,3,0
13,130266,2,2,0,0,0,5,5,51,4910,21,4,2011,5,11,5,0,13,6,WHITE BLUFF RD,,33,31.97934722,-81.131091670,0,12,11,0,8,1,1,0,1,1,0,1,0,0000000,11,6,11,26,88,88,0,0,0,1,0
13,130267,1,1,0,0,0,1,1,121,280,23,4,2011,7,14,40,1,11,1,I-75 HOV RAMP,,81,33.75768056,-84.378655560,0,25,0,0,5,1,4,0,1,1,0,1,0,0000000,14,38,14,45,88,88,20,0,0,1,0
13,130268,1,1,0,0,0,1,1,89,0,4,4,2011,2,2,0,0,14,3,SR-212,,26,33.65558333,-84.162183330,0,34,0,0,1,1,4,0,3,1,0,1,0,0000000,88,88,88,88,88,88,0,0,0,1,1
13,130269,2,2,0,0,0,3,3,89,0,8,4,2011,6,18,45,0,14,4,RIVER RD,,42,33.66508056,-84.245475000,0,12,8,0,8,1,1,0,1,1,0,1,0,0000000,99,99,99,99,99,99,0,0,0,1,0
13,130270,3,3,0,0,0,5,5,135,0,23,4,2011,7,20,28,0,13,3,SR-140,ROCKBRIDGE RD,21,33.89631667,-84.197211110,0,12,2,0,2,3,1,0,3,1,0,1,0,0000000,20,34,20,39,21,1,0,0,0,1,1
13,130271,3,3,0,0,0,4,4,121,280,24,4,2011,1,17,56,1,11,1,I-285,,89,33.75164722,-84.496433330,0,12,7,0,1,1,1,0,1,1,0,1,0,0000000,17,54,17,57,18,40,0,0,0,1,0
13,130272,2,2,0,0,0,2,2,59,270,26,4,2011,3,13,12,0,13,3,SR-10 LO,,35,33.93929167,-83.454738890,0,12,1,0,1,1,1,0,1,10,0,10,0,0000000,13,13,13,18,13,55,0,0,0,1,0
13,130273,2,2,0,0,0,2,2,245,310,26,4,2011,3,12,12,0,14,3,SR-56,HORSESHOE RD,33,33.28728889,-81.958683330,0,12,6,0,2,3,1,0,1,1,0,1,0,0000000,12,14,12,25,12,42,0,0,0,1,0
13,130274,1,1,0,1,1,1,1,67,3440,28,4,2011,5,20,58,0,13,3,SR-120,AVIATION RD,50,33.94164444,-84.528480560,0,8,0,0,2,3,1,0,3,1,0,1,0,0000000,20,58,21,0,21,10,0,0,0,1,0
13,130275,2,2,0,0,0,3,3,45,970,29,4,2011,6,9,58,0,6,2,US-27,ROME ST,99999,33.59413056,-85.079430560,0,12,7,0,2,3,1,0,1,1,0,1,0,0000000,10,2,10,6,10,37,19,0,0,1,0
13,130276,2,2,0,0,0,3,3,135,0,29,4,2011,6,7,57,0,14,4,OLD NORCROSS RD,BOGGS RD,19,33.94906389,-84.090494440,0,12,6,0,2,2,1,0,1,1,0,1,0,0000000,7,58,8,1,8,19,0,0,0,1,0
13,130277,4,2,2,0,0,5,5,15,980,14,2,2011,2,20,10,0,14,3,SR-61,BURNT HICKORY RD,55,34.15129444,-84.825055560,0,12,7,0,8,1,1,0,3,1,0,1,0,0000000,19,57,20,4,20,31,0,0,0,1,0
13,130278,1,1,0,0,0,2,2,29,4655,1,4,2011,6,18,58,1,1,1,I-95,,29,31.88046111,-81.329308330,0,35,0,0,1,1,3,0,1,1,0,1,0,0000000,99,99,99,99,99,99,0,0,0,1,0
13,130279,1,1,0,0,0,1,1,47,0,4,4,2011,2,8,43,1,11,1,I-75,,95,34.93089167,-85.154019440,0,24,0,0,1,1,3,0,1,1,0,1,0,0000000,9,8,9,21,88,88,0,0,0,1,0
13,130280,1,1,0,0,0,1,1,149,0,6,4,2011,4,6,32,0,3,3,SR-34,,99999,33.24336111,-85.161813890,0,32,0,0,1,1,5,0,2,1,0,1,0,0000000,88,88,88,88,88,88,0,0,0,1,0
13,130281,1,1,0,0,0,1,1,89,0,7,4,2011,5,14,25,1,11,1,I-85,,8,33.83242222,-84.335669440,0,1,0,0,1,1,1,0,1,1,0,1,0,0000000,14,25,14,30,88,88,0,0,0,1,0
13,130282,1,1,0,0,0,1,1,195,0,8,4,2011,6,21,22,0,5,4,SPRATLIN MILL ROAD,,10,34.04926389,-83.271066670,0,35,0,0,1,1,5,0,5,1,0,1,0,0000000,88,88,88,88,88,88,0,0,0,1,0
13,130283,1,1,0,1,1,1,1,67,320,9,4,2011,7,6,23,0,16,6,CLAY ROAD,,26,33.83340278,-84.617750000,0,9,0,0,1,1,1,0,2,1,0,1,0,0000000,6,27,6,32,88,88,0,0,0,1,0
13,130284,1,1,0,0,0,4,4,175,0,9,4,2011,7,17,1,0,4,4,OLD MACON ROAD,LITTLE JOHN ROAD,13,32.55996111,-83.008316670,0,35,0,0,3,3,6,0,1,1,0,1,0,0000000,99,99,99,99,99,99,0,0,0,1,0
13,130285,1,1,0,0,0,4,4,169,0,10,4,2011,1,0,53,0,15,4,NEW CLINTON ROAD,,2,32.88016389,-83.575294440,0,42,0,0,1,1,6,0,2,1,0,1,0,0000000,99,99,99,99,99,99,0,0,0,2,1
13,130286,2,2,0,0,0,2,2,191,0,12,4,2011,3,1,19,1,1,1,I-95,,64,99.99990000,999.999900000,0,12,1,0,1,1,1,4,2,1,0,1,0,0000000,88,88,88,88,88,88,0,0,0,1,0
13,130287,1,1,0,0,0,2,2,233,0,12,4,2011,3,19,0,0,5,4,JACKSON CHAPEL ROAD,,1,34.07516389,-85.372825000,0,38,0,0,1,1,5,0,1,1,0,1,0,0000000,18,55,19,11,19,55,0,0,0,1,1
13,130288,2,2,0,0,0,3,3,69,0,13,4,2011,4,10,49,0,3,3,SR-158,,289,31.43140833,-82.704691670,0,12,2,0,1,1,1,0,1,1,0,1,0,0000000,10,50,11,1,11,48,0,0,0,2,0
13,130289,1,1,0,0,0,3,3,233,0,13,4,2011,4,8,8,0,4,4,YOUNGS FARM ROAD,,26,33.94522778,-85.225688890,0,1,0,0,1,1,5,0,1,1,0,1,0,0000000,7,54,8,1,9,33,0,0,0,1,0
13,130290,1,1,0,0,0,2,2,49,0,14,4,2011,5,3,0,1,2,3,SR-4,,179,31.00472500,-82.130175000,0,42,0,0,1,1,5,0,2,1,0,1,0,0000000,7,15,7,47,8,19,0,0,0,1,0
13,130291,1,1,0,0,0,1,1,99,550,14,4,2011,5,19,15,0,6,6,WALLER ROAD,,99999,31.35341667,-84.856269440,0,35,0,0,1,1,6,0,1,1,0,1,0,0000000,88,88,88,88,88,88,0,0,0,1,1
13,130292,1,1,0,1,1,1,1,121,280,14,4,2011,5,0,56,1,11,1,I-75,,35,33.69633333,-84.405255560,0,8,0,0,1,1,1,0,3,1,0,1,0,0000000,0,56,1,1,88,88,23,0,0,1,0
13,130293,1,1,0,0,0,2,2,305,0,14,4,2011,5,21,37,0,5,4,TANK ROAD,,52,31.67756111,-82.004013890,0,1,0,0,1,1,2,0,2,1,0,1,0,0000000,88,88,88,88,88,88,0,0,0,2,0
13,130294,2,2,0,0,0,2,2,83,0,16,4,2011,7,21,38,0,4,3,SR-301,,99999,34.85389167,-85.554341670,0,12,6,0,1,1,1,0,2,1,0,1,0,0000000,88,88,88,88,88,88,0,0,0,1,0
13,130295,1,1,0,0,0,1,1,139,0,16,4,2011,7,18,38,0,6,4,BELTON BRIDGE ROAD,,37,34.46529444,-83.716205560,0,42,0,0,1,1,5,0,1,10,0,10,0,0000000,18,34,18,40,19,15,0,0,0,1,1
13,130296,1,1,0,0,0,3,3,5,0,17,4,2011,1,5,35,0,4,4,TEN MILE CHURCH ROAD,,20,31.47918333,-82.372227780,0,1,0,0,1,1,5,0,2,1,0,1,0,0000000,5,44,5,58,6,33,0,0,0,1,1
13,130297,1,1,0,0,0,1,1,71,0,18,4,2011,2,8,35,0,3,3,SR-37,,251,31.15497500,-83.617480560,0,35,0,0,1,1,6,0,1,1,0,1,0,0000000,88,88,88,88,88,88,0,0,0,1,0
13,130298,3,3,0,0,0,3,3,87,0,18,4,2011,2,16,1,1,2,3,SR-38,,60,30.93896389,-84.668419440,0,12,7,0,1,1,1,0,1,1,0,1,1,0000000,15,52,15,59,16,43,0,0,0,1,0
13,130299,2,2,0,0,0,6,6,103,2520,18,4,2011,2,21,25,0,4,4,MIDLAND ROAD,,85,32.26621389,-81.367750000,0,12,2,0,1,1,1,0,2,1,0,1,0,0000000,99,99,99,99,99,99,0,0,0,1,1
13,130300,1,1,0,0,0,2,2,215,1280,15,4,2011,6,10,33,1,11,1,I-185,,99999,32.54505000,-84.961138890,0,1,0,0,1,1,1,0,1,1,0,1,0,0000000,10,34,10,38,11,14,0,0,0,1,0
13,130301,2,2,0,0,0,2,2,147,0,18,4,2011,2,14,32,0,3,3,SR-8,,99999,34.35233056,-82.904955560,0,12,6,0,1,1,1,0,1,1,0,1,0,0000000,14,26,14,33,15,15,0,0,0,1,0
13,130302,1,1,0,0,0,2,2,157,2920,18,4,2011,2,1,7,1,11,1,I-85,,99999,34.16153333,-83.631663890,0,1,0,0,1,1,5,0,2,1,0,1,0,0000000,1,13,1,22,2,0,0,0,0,1,0
13,130303,2,2,0,0,0,4,4,245,310,18,4,2011,2,7,0,0,14,6,BROWN ROAD,CEDARWOOD DRIVE,37,33.32138333,-81.998541670,0,12,2,0,3,3,1,0,1,1,0,1,0,0000000,7,1,7,12,8,10,0,0,0,1,0
13,130304,2,2,0,0,0,2,2,13,0,19,4,2011,3,11,15,0,4,3,SR-8,,56,33.99196111,-83.780258330,0,12,2,0,1,1,1,0,1,1,0,1,0,0000000,88,88,88,88,88,88,0,0,0,1,0
13,130305,2,2,0,0,0,2,2,17,0,19,4,2011,3,6,40,0,4,3,SR-206,,29,31.70222778,-83.149744440,0,12,2,0,1,1,1,0,4,1,0,1,0,0000000,5,55,7,33,8,23,0,0,0,1,0
13,130306,2,2,0,0,0,2,2,85,0,19,4,2011,3,17,19,0,4,4,AURARIA ROAD,,61,34.40963611,-84.006763890,0,12,2,0,1,1,1,0,1,1,0,1,0,0000000,99,99,99,99,99,99,0,0,0,1,1
13,130307,3,3,0,0,0,6,6,185,0,19,4,2011,3,22,20,0,14,3,SR-125,,89,30.99565556,-83.201608330,0,12,2,0,1,1,1,0,2,1,0,1,0,0000000,22,29,22,32,23,14,0,0,0,2,0
13,130308,2,1,1,0,0,1,1,131,5900,20,4,2011,4,15,50,1,2,3,SR-38,,32,30.88331389,-84.323694440,0,31,0,0,1,1,4,0,1,1,0,1,0,0000000,15,48,15,55,99,99,0,0,0,1,0
13,130309,1,1,0,0,0,4,4,321,0,20,4,2011,4,0,0,0,2,3,SR-300,,59,31.66353611,-83.997066670,0,32,0,0,1,1,5,0,2,1,0,1,0,0000000,0,4,0,13,0,57,0,0,0,1,0
13,130310,1,1,0,0,0,2,2,147,0,23,4,2011,7,19,56,0,3,3,SR-8,,99999,34.35247222,-82.905236110,9,35,0,0,1,1,5,0,1,1,0,1,0,0000000,19,51,19,58,20,44,0,0,0,1,1
13,130311,1,1,0,0,0,1,1,187,9997,23,4,2011,7,20,40,0,6,4,POST WHITE HILL ROAD,SR-115,0,34.53811389,-83.853944440,0,42,0,0,2,3,5,0,2,1,0,1,0,0000000,20,56,21,13,22,16,0,0,0,1,1
13,130312,1,1,0,0,0,2,2,85,1590,23,4,2011,7,17,43,0,4,3,SR-183,,114,34.53859167,-84.263850000,0,35,0,0,1,1,5,0,1,1,0,1,0,0000000,99,99,99,99,99,99,0,0,0,1,1
13,130313,2,2,0,0,0,2,2,123,2000,24,4,2011,1,20,33,0,4,3,SR-5,,49,34.63546667,-84.511319440,0,12,1,0,1,1,1,0,5,1,0,1,0,0000000,20,33,20,44,88,88,0,0,0,1,0
13,130314,1,1,0,0,0,1,1,9,0,28,4,2011,5,14,38,0,6,4,PEEBLE HILL ROAD,,3,33.05698333,-83.177361110,0,32,0,0,1,1,5,0,1,1,0,1,0,0000000,88,88,88,88,88,88,0,0,0,1,0
13,130315,1,1,0,0,0,1,1,67,5070,28,4,2011,5,12,55,0,15,6,CONCORD ROAD,,49,33.86847222,-84.537905560,0,33,0,0,4,1,5,0,1,1,0,1,0,0000000,12,56,13,0,13,28,0,0,0,1,1
13,130316,2,2,0,0,0,3,3,117,1440,27,1,2011,5,9,33,0,5,6,A.C. SMITH ROAD,,34,34.33255833,-84.103216670,0,12,2,0,1,1,1,0,1,1,0,1,0,0000000,9,34,9,43,88,88,0,0,0,1,0
13,130317,2,2,0,0,0,2,2,89,0,31,3,2011,5,12,50,0,14,4,MORELAND AVENUE,RIVER INDUSTRIAL RD,26,33.68305000,-84.347405560,0,12,6,0,2,2,1,0,1,1,0,1,0,0000000,12,57,13,10,13,30,0,0,0,1,0
13,130318,2,2,0,0,0,2,2,139,4100,4,4,2011,2,15,21,0,14,3,SR-53,OLD OAKWOOD ROAD,127,34.23827222,-83.875936110,9,12,6,0,2,2,1,0,1,1,0,1,0,0000000,15,21,15,25,88,88,0,0,0,1,0
13,130319,1,1,0,0,0,4,4,15,0,17,4,2011,1,22,28,0,3,3,SR-113,,51,34.10960278,-84.900713890,9,1,0,0,1,1,1,0,2,1,0,1,0,0000000,99,99,99,99,99,99,0,0,0,1,1
13,130320,1,1,0,1,1,2,2,121,280,29,4,2011,6,22,30,0,15,6,JOSEPH E. BOONE,,48,33.76368333,-84.442805560,0,8,0,0,1,1,1,0,3,1,10,10,0,0000000,88,88,88,88,88,88,0,0,0,1,0
13,130321,2,2,0,0,0,3,3,153,5790,30,4,2011,7,17,23,0,13,6,WATSON BLVD.,WILLIE LEE PARKWAY,13,32.61646111,-83.695800000,0,12,6,0,2,2,1,0,1,1,0,1,0,0000000,17,28,17,37,18,8,0,0,0,1,1
13,130322,3,2,1,2,2,2,2,77,0,21,4,2011,5,17,10,1,11,1,I-85,,181,33.45287500,-84.680386110,0,12,1,0,1,1,1,0,1,1,0,1,0,0000000,17,33,17,40,18,39,23,0,0,1,0
13,130323,1,1,0,0,0,1,1,121,280,5,4,2011,3,8,9,0,16,6,TILDEN AVENUE,,0,33.78335556,-84.425038890,0,16,0,0,1,1,1,0,1,2,0,2,0,0000000,8,9,8,12,88,88,0,0,0,1,0
13,130324,3,3,0,0,0,5,5,177,3120,1,5,2011,1,17,52,1,2,3,SR-520,DOUBLEGATE DRIVE,56,31.63586389,-84.246683330,0,12,6,0,2,2,1,0,1,1,0,1,0,0000000,99,99,99,99,99,99,0,0,0,1,1
13,130325,2,2,0,0,0,2,2,211,0,3,5,2011,3,11,41,1,2,3,SR-24,,10,33.47526667,-83.431013890,0,12,9,0,1,1,1,0,1,1,0,1,0,0000000,99,99,99,99,99,99,0,0,0,1,0
13,130326,1,1,0,0,0,1,1,293,0,3,5,2011,3,16,55,0,4,4,JEFF DAVIS ROAD,,99999,32.94058333,-84.384441670,0,32,0,0,1,1,5,0,1,10,0,10,0,0000000,99,99,99,99,99,99,0,0,0,1,0
13,130327,2,2,0,0,0,4,4,71,3800,4,5,2011,4,20,0,0,4,6,KENDALLWOOD CH. RD.,DUNN ROAD,46,31.18042500,-83.873491670,0,12,6,0,2,2,1,0,1,1,0,1,0,0000000,99,99,99,99,99,99,0,0,0,2,0
13,130328,1,1,0,0,0,2,2,77,0,4,5,2011,4,21,55,0,5,4,TOMMY LEE COOK ROAD,,99999,33.50134722,-84.719447220,0,5,0,0,1,1,1,0,2,1,0,1,0,0000000,21,59,22,7,22,19,0,0,0,1,1
13,130329,1,1,0,0,0,1,1,191,0,4,5,2011,4,15,3,0,6,4,LECOUNTE ROAD,,5,31.65027500,-81.494908330,0,34,0,0,1,1,5,0,1,1,0,1,0,0000000,15,3,15,18,88,88,0,0,0,1,0
13,130330,1,1,0,0,0,2,2,17,0,5,5,2011,5,14,19,0,3,3,SR-11,,131,31.83603889,-83.209633330,0,59,0,0,1,1,5,0,1,1,0,1,0,0000000,14,14,14,24,15,29,0,0,0,1,0
13,130331,2,2,0,0,0,2,2,121,280,5,5,2011,5,12,26,1,1,1,I-20,,9,33.76500278,-84.521963890,0,12,1,0,1,1,1,0,1,1,0,1,0,0000000,88,88,88,88,88,88,0,0,0,1,0
13,130332,1,1,0,0,0,1,1,309,0,5,5,2011,5,16,30,0,4,3,SR-19,,204,32.21011389,-82.673947220,0,34,0,0,1,1,6,0,1,1,0,1,0,0000000,16,36,16,40,17,11,0,0,0,1,0
13,130333,2,2,0,0,0,4,4,55,0,7,5,2011,7,12,27,0,3,3,SR-48,,66,34.48588333,-85.442819440,0,12,2,0,1,1,1,0,1,1,0,1,0,0000000,12,23,12,25,12,54,0,0,0,3,0
13,130334,2,2,0,0,0,1,1,81,0,7,5,2011,7,6,0,1,2,3,SR-30,,160,31.95735000,-83.670608330,0,12,1,0,1,1,1,0,2,1,0,1,0,0000000,88,88,88,88,88,88,19,0,0,1,0
13,130335,1,1,0,1,1,1,1,99,550,7,5,2011,7,21,40,1,13,3,SR-1,SR-200,114,31.37558611,-84.921763890,0,8,0,1,3,2,1,0,2,1,0,1,0,0000000,99,99,99,99,99,99,0,0,0,1,0
13,130336,1,1,0,0,0,2,2,165,0,7,5,2011,7,22,8,0,5,4,OLD LOUISVILLE ROAD,,17,32.82255278,-81.983263890,0,1,0,0,1,1,1,0,2,1,0,1,0,0000000,99,99,99,99,99,99,0,0,0,1,1
13,130337,1,1,0,0,0,1,1,251,0,7,5,2011,7,21,48,0,4,3,SR-17,,97,32.57862500,-81.670883330,0,34,0,0,1,1,6,0,2,1,0,1,0,0000000,88,88,88,88,88,88,0,0,0,1,1
13,130338,1,1,0,1,1,1,1,259,4650,7,5,2011,7,0,24,1,2,3,SR-520,,109,32.09073611,-84.677294440,0,8,0,0,1,1,1,0,2,1,0,1,0,0000000,99,99,99,99,99,99,0,0,0,1,0
13,130339,2,2,0,0,0,2,2,271,3610,8,5,2011,1,15,0,1,2,3,SR-30,CHERRY STREET,5,32.01722778,-83.058400000,0,12,6,0,2,2,1,0,1,1,0,1,0,0000000,15,3,15,17,15,36,0,0,0,1,1
13,130340,1,1,0,0,0,1,1,193,4150,14,5,2011,7,4,40,0,3,3,SR-49,,1,32.07443056,-84.216255560,0,31,0,0,1,1,5,0,2,1,0,1,0,0000000,88,88,88,88,88,88,0,0,0,1,0
13,130341,1,1,0,0,0,1,1,269,0,15,5,2011,1,6,39,0,3,3,SR-22,,59,32.71469167,-84.238680560,0,35,0,0,1,1,5,0,2,10,0,10,0,0000000,99,99,99,99,99,99,0,0,0,1,0
13,130342,1,1,0,0,0,1,1,93,0,16,5,2011,2,18,41,0,3,3,SR-257,,13,31.98809444,-83.745152780,0,34,0,0,1,1,5,0,1,10,0,10,0,0000000,18,38,18,46,19,7,0,0,0,1,0
13,130343,1,1,0,0,0,1,1,103,5130,16,5,2011,2,23,11,0,6,6,THIRD STREET,RAILROAD AVENUE,0,32.36616944,-81.310330560,0,35,0,0,3,4,6,0,2,1,0,1,0,0000000,23,13,23,20,23,33,20,0,0,1,0
13,130344,2,2,0,0,0,2,2,127,0,18,5,2011,4,16,18,0,14,3,SR-25,,172,31.23532222,-81.452233330,0,12,6,0,1,1,1,0,1,1,0,1,0,0000000,99,99,99,99,99,99,0,0,0,1,0
13,130345,1,1,0,0,0,1,1,235,2620,21,5,2011,7,20,10,1,2,3,SR-27,,163,32.26169722,-83.404941670,0,24,0,0,1,1,3,0,1,1,0,1,0,0000000,99,99,99,99,99,99,0,0,0,1,1
13,130346,1,1,0,0,0,3,3,137,0,22,5,2011,1,4,49,1,2,3,SR-365,DOUBLE BRIDGE ROAD,113,34.56488889,-83.504033330,0,1,0,0,3,2,1,0,2,1,0,1,0,0000000,99,99,99,99,99,99,0,0,0,1,1
13,130347,1,1,0,0,0,1,1,171,0,22,5,2011,1,3,0,0,3,3,SR-36,,99999,33.15318056,-84.136763890,0,34,0,0,1,1,5,0,2,1,0,1,0,0000000,88,88,88,88,88,88,0,0,0,1,0
13,130348,2,2,0,0,0,4,4,233,0,22,5,2011,1,8,29,1,2,3,SR-6,,48,33.97012778,-85.320338890,0,12,2,0,1,1,1,0,1,1,0,1,0,0000000,8,21,8,30,9,28,0,0,0,2,0
13,130349,2,2,0,0,0,2,2,13,0,23,5,2011,2,6,22,0,14,3,SR-8,SR-324,9,33.94496111,-83.646211110,0,12,2,0,2,3,1,0,1,1,0,1,0,0000000,88,88,88,88,88,88,0,0,0,1,2
13,130350,1,1,0,0,0,2,2,149,0,24,5,2011,3,18,11,0,3,3,SR-34,,20,33.22646389,-85.230088890,0,1,0,0,1,1,1,0,1,1,0,1,0,0000000,18,0,18,20,19,2,0,0,0,1,0
13,130351,1,1,0,0,0,2,2,259,0,24,5,2011,3,9,30,0,3,3,SR-27,,79,32.04115000,-84.874319440,0,42,0,0,1,1,5,0,1,1,0,1,0,0000000,99,99,99,99,99,99,0,0,0,1,0
13,130352,1,1,0,0,0,6,6,321,0,24,5,2011,3,15,55,0,4,4,RED ROCK ROAD,,68,31.57822500,-83.881730560,0,32,0,0,1,1,5,0,1,1,0,1,0,0000000,16,0,16,6,16,40,0,0,0,1,0
13,130353,2,2,0,0,0,4,4,77,0,27,5,2011,6,23,55,0,14,3,SR-34,I-85 RAMP,149,33.39683611,-84.750638890,0,12,6,1,5,1,1,0,2,1,0,1,0,0000000,23,53,0,7,0,27,0,0,0,2,0
13,130354,2,2,0,0,0,4,4,187,0,27,5,2011,6,12,35,0,6,4,MILL CREEK ROAD,,10,34.49831667,-84.108516670,0,12,6,0,1,1,2,0,1,1,0,1,0,0000000,12,32,12,46,13,33,0,0,0,1,1
13,130355,2,2,0,0,0,3,3,77,0,28,5,2011,7,18,7,0,4,4,WELCOME TO SARGENT,BRIDGE STREET,30,33.43274722,-84.873011110,0,12,6,0,2,3,1,0,1,1,0,1,0,0000000,18,8,18,18,19,4,0,0,0,1,0
13,130356,2,2,0,0,0,4,4,183,3280,28,5,2011,7,20,15,0,4,3,SR-196,,19,31.87722778,-81.888875000,0,12,1,0,1,1,1,0,1,1,0,1,0,0000000,20,20,20,32,21,8,0,0,0,1,1
13,130357,1,1,0,0,0,1,1,233,0,28,5,2011,7,21,35,0,6,4,BROWNING ROAD,,24,33.91485556,-85.110397220,0,11,0,0,1,1,1,0,2,1,0,1,0,0000000,99,99,99,99,99,99,0,0,0,1,1
13,130358,1,1,0,0,0,1,1,313,0,28,5,2011,7,22,50,0,15,4,HILL ROAD,,7,34.75030556,-84.927536110,0,35,0,0,1,1,5,0,2,1,0,1,0,0000000,22,44,22,48,23,14,0,0,0,1,1
13,130359,2,2,0,0,0,4,4,7,0,29,5,2011,1,19,50,0,6,4,HAWKINSTOWN ROAD,,99999,31.25144444,-84.424794440,0,12,6,0,4,1,1,0,1,1,0,1,0,0000000,19,50,20,48,21,8,0,0,0,1,1
13,130360,1,1,0,0,0,1,1,263,0,29,5,2011,1,23,32,0,3,3,SR-190,,10,32.84416667,-84.692222220,0,34,0,0,1,1,5,0,2,1,0,1,0,0000000,88,88,88,88,88,88,0,0,0,1,1
13,130361,3,3,0,0,0,3,3,293,0,29,5,2011,1,10,44,0,5,4,OLD ALABAMA ROAD,,13,32.88589444,-84.471258330,0,12,2,0,1,1,1,0,1,1,0,1,0,0000000,99,99,99,99,99,99,0,0,0,1,1
13,130362,2,2,0,0,0,5,5,89,280,30,5,2011,2,21,31,0,14,3,SR-42,,51,33.71987778,-84.349422220,0,12,6,0,8,1,1,0,3,1,0,1,0,0000000,88,88,88,88,88,88,20,0,0,1,1
13,130363,2,2,0,0,0,2,2,209,0,30,5,2011,2,17,54,0,3,3,SR-56,,99999,32.23918889,-82.606405560,0,12,1,0,1,1,1,0,1,1,0,1,0,0000000,99,99,99,99,99,99,0,0,0,1,0
13,130364,2,2,0,0,0,7,7,297,0,30,5,2011,2,18,47,0,15,4,OZORA CHURCH ROAD,,5,33.88543333,-83.855338890,0,12,2,0,1,1,1,0,1,1,0,1,0,0000000,18,47,18,56,19,56,0,0,0,2,1