STATE,ST_CASE,VE_TOTAL,VE_FORMS,PVH_INVL,PEDS,PERNOTMVIT,PERMVIT,PERSONS,COUNTY,CITY,DAY,MONTH,YEAR,DAY_WEEK,HOUR,MINUTE,NHS,ROAD_FNC,ROUTE,TWAY_ID,TWAY_ID2,MILEPT,LATITUDE,LONGITUD,SP_JUR,HARM_EV,MAN_COLL,RELJCT1,RELJCT2,TYP_INT,REL_ROAD,WRK_ZONE,LGT_COND,WEATHER1,WEATHER2,WEATHER,SCH_BUS,RAIL,NOT_HOUR,NOT_MIN,ARR_HOUR,ARR_MIN,HOSP_HR,HOSP_MN,CF1,CF2,CF3,FATALS,DRUNK_DR
13,130365,2,2,0,0,0,2,2,71,0,31,5,2011,3,17,33,0,4,4,ELLENTON OMEGA ROAD,,99999,31.18906111,-83.583894440,0,12,1,0,1,1,1,0,1,1,0,1,0,0000000,99,99,99,99,99,99,0,0,0,1,0
13,130366,2,2,0,1,1,2,2,57,920,2,5,2011,2,2,2,1,11,1,I-575,,105,34.21446389,-84.490613890,0,8,0,0,1,1,1,0,2,1,0,1,0,0000000,2,12,2,23,88,88,0,0,0,1,0
13,130367,2,2,0,0,0,3,3,95,0,10,5,2011,3,10,5,1,13,3,SR-62,OAKHAVEN DRIVE,146,31.52228889,-84.194627780,0,12,6,0,2,2,1,0,1,1,0,1,0,0000000,9,56,10,5,10,33,0,0,0,1,0
13,130368,1,1,0,1,1,1,1,51,0,15,5,2011,1,2,53,0,13,3,SR-17,,100,32.05126111,-81.153108330,0,8,0,0,1,1,1,0,2,1,0,1,0,0000000,2,51,3,2,88,88,0,0,0,1,1
13,130369,1,1,0,0,0,1,1,207,0,18,5,2011,4,16,16,0,4,3,SR-19,,57,32.94787500,-83.846002780,0,34,0,0,1,1,6,0,1,1,0,1,0,0000000,16,15,16,20,17,17,0,0,0,1,1
13,130370,1,1,0,1,1,1,1,245,310,20,5,2011,6,20,44,0,12,3,SR-28,,61,33.48437778,-81.999013890,0,8,0,0,1,1,1,0,1,1,0,1,0,0000000,20,46,20,57,21,6,0,0,0,1,0
13,130371,1,1,0,0,0,2,2,93,0,20,5,2011,6,19,29,1,1,1,I-75,,15,32.04315000,-83.763519440,0,24,0,0,1,1,3,0,1,1,0,1,0,0000000,19,31,19,41,20,41,0,0,0,1,0
13,130372,2,2,0,0,0,3,3,121,280,1,5,2011,1,0,9,0,14,3,SR-139,WEST LAND BLVD,132,33.75363333,-84.472913890,0,12,2,0,2,3,1,0,3,1,0,1,0,0000000,0,19,0,30,0,44,0,0,0,1,0
13,130373,1,1,0,0,0,1,1,127,0,1,5,2011,1,0,26,0,14,3,SR-25,BELLE POINT PKWY,172,31.22327778,-81.460961110,0,33,0,0,3,3,3,0,3,10,0,10,0,0000000,2,22,2,29,3,22,0,0,0,1,1
13,130374,2,2,0,0,0,4,4,31,0,2,5,2011,2,14,38,1,13,2,US-25 BYP / SR-67 BYP,WILLIAMS RD,61,32.46547778,-81.814838890,0,12,6,0,2,2,1,0,1,1,0,1,0,0000000,14,40,14,44,15,7,0,0,0,2,0
13,130375,1,1,0,0,0,2,2,75,0,2,5,2011,2,18,58,1,1,1,I-75,,178,31.27745000,-83.474041670,0,35,0,0,1,1,4,0,1,1,0,1,0,0000000,99,99,99,99,99,99,0,0,0,1,0
13,130376,1,1,0,0,0,1,1,97,1770,2,5,2011,2,13,44,0,14,4,CAMPBELLTON ST,,70,33.73856667,-84.738155560,0,53,0,0,1,1,4,0,1,1,0,1,0,0000000,13,44,13,48,14,1,0,0,0,1,0
13,130377,2,1,1,0,1,1,2,217,0,2,5,2011,2,19,16,1,11,1,I-20,,20,33.61627222,-83.922286110,0,14,0,0,1,1,2,0,1,10,0,10,0,0000000,99,99,99,99,99,99,0,0,0,1,0
13,130378,1,1,0,0,0,1,1,225,0,2,5,2011,2,10,0,0,4,4,CR-176 / BOY SCOUT RD,,19,32.68089722,-83.762605560,0,42,0,0,1,1,4,0,1,1,0,1,0,0000000,99,99,99,99,99,99,0,0,0,1,0
13,130379,1,1,0,0,0,2,2,59,270,3,5,2011,3,3,15,0,13,2,US-78,W HANCOCK AVE,69,33.95242500,-83.398805560,0,19,0,0,3,2,5,0,6,1,0,1,0,0000000,3,17,3,20,3,38,0,0,0,1,1
13,130380,1,1,0,0,0,1,1,81,0,3,5,2011,3,14,0,0,2,3,SR-300,,65,31.91826944,-83.849088890,0,1,0,0,1,1,1,0,1,1,0,1,0,0000000,99,99,99,99,99,99,0,0,0,1,0
13,130381,1,1,0,0,0,4,4,119,0,3,5,2011,3,17,28,1,1,1,I-85,,99999,34.37298333,-83.265080560,0,1,0,0,1,1,1,0,1,10,0,10,0,0000000,17,34,17,41,18,32,0,0,0,1,0
13,130382,2,2,0,0,0,2,2,67,0,4,5,2011,4,10,51,0,13,3,SR-947,PRINCETON LAKES DR,5,33.97908333,-84.420811110,0,12,6,0,2,2,1,0,1,10,0,10,0,0000000,10,54,11,0,11,53,0,0,0,1,0
13,130383,1,1,0,1,1,1,1,21,0,7,5,2011,7,20,51,1,13,3,SR-11 / SR-247,OLD HAWKINSVILLE RD,49,32.75063056,-83.657647220,0,8,0,0,3,3,1,0,2,1,0,1,0,0000000,88,88,88,88,88,88,0,0,0,1,0
13,130384,2,2,0,0,0,2,2,105,1950,7,5,2011,7,10,1,0,2,3,SR-17,NOWHERE RD,155,34.14714722,-82.916447220,0,12,2,0,2,3,1,0,1,1,0,1,0,0000000,10,2,10,11,11,2,0,0,0,1,0
13,130385,2,2,0,0,0,2,2,21,0,8,5,2011,1,9,3,0,14,3,SR-74,I-475 RAMP,84,32.83291944,-83.732191670,0,12,6,1,5,1,1,0,1,1,0,1,0,0000000,99,99,99,99,99,99,0,0,0,1,0
13,130386,1,1,0,0,0,1,1,215,1280,8,5,2011,1,19,14,1,12,3,SR-22,,25,32.53267778,-84.974258330,0,1,0,0,1,1,3,0,1,1,0,1,0,0000000,19,16,19,19,19,42,0,0,0,1,0
13,130387,2,1,1,0,0,1,1,89,0,9,5,2011,2,8,7,0,9,4,NORTHEAST EXPY,,99999,33.90019167,-84.245922220,0,14,0,0,1,1,2,0,1,1,0,1,0,0000000,8,9,8,14,88,88,0,0,0,1,0
13,130388,2,2,0,0,0,2,2,31,0,10,5,2011,3,11,57,0,3,2,US-80,,20,32.54674167,-81.985944440,0,12,6,0,8,1,1,0,1,1,0,1,0,0000000,88,88,88,88,88,88,0,0,0,1,0
13,130389,1,1,0,0,0,3,3,67,3440,10,5,2011,3,19,15,0,16,4,WALLACE RD,,0,33.95870556,-84.513727780,0,33,0,0,1,1,4,0,1,1,0,1,0,0000000,19,18,19,25,19,45,0,0,0,1,1
13,130390,1,1,0,0,0,1,1,89,0,10,5,2011,3,0,54,0,15,4,KATIE KERR DR,,1,33.77118056,-84.279519440,0,42,0,0,1,1,3,0,2,1,0,1,0,0000000,0,54,0,59,88,88,0,0,0,1,1
13,130391,1,1,0,0,0,1,1,95,0,10,5,2011,3,11,55,0,14,4,RADIUM SPRINGS RD,,38,31.49420556,-84.128255560,0,42,0,0,1,1,4,0,1,1,0,1,0,0000000,11,59,12,3,88,88,0,0,0,1,0
13,130392,1,1,0,0,0,1,1,277,0,10,5,2011,3,17,53,0,3,3,SR-7,,30,31.37276667,-83.489819440,0,42,0,0,1,1,4,0,1,1,0,1,0,0000000,17,38,17,43,18,12,0,0,0,1,0
13,130393,2,2,0,0,0,3,3,213,1080,11,5,2011,4,20,2,1,2,2,US-411,SR-282,69,34.69670000,-84.738161110,0,12,6,0,2,2,1,0,1,1,0,1,0,0000000,20,2,20,11,88,88,0,0,0,1,0
13,130394,3,3,0,0,0,4,4,223,1500,11,5,2011,4,14,19,1,13,2,US-278,MT OLIVET LOOP,57,33.91240833,-84.901400000,0,12,1,0,3,2,1,0,1,1,0,1,0,0000000,14,16,14,24,15,23,0,0,0,1,0
13,130395,1,1,0,0,0,1,1,319,2420,12,5,2011,5,19,25,0,6,6,PINE ST,,0,32.88494722,-83.326255560,0,30,0,0,1,1,4,0,1,1,0,1,0,0000000,88,88,88,88,88,88,0,0,0,1,0
13,130396,1,1,0,1,1,1,1,135,0,13,5,2011,6,23,58,0,14,4,S NORCROSS TUCKER RD,,10,33.89763056,-84.208736110,0,8,0,0,1,1,1,0,2,1,0,1,0,0000000,23,59,0,3,0,29,0,0,0,1,0
13,130397,1,1,0,0,0,1,1,245,310,13,5,2011,6,14,37,1,13,3,SR-4,TREE HAVEN RD,100,33.34410556,-82.150991670,0,32,0,0,3,3,4,0,1,1,0,1,1,0000000,14,38,14,45,15,11,0,0,0,1,0
13,130398,1,1,0,1,1,1,1,135,0,17,5,2011,3,23,37,0,14,4,SUGARLOAF PKWY,,62,33.95484444,-84.052683330,0,8,0,0,1,1,1,0,3,10,0,10,0,0000000,88,88,88,88,88,88,0,0,0,1,0
13,130399,1,1,0,0,0,2,2,187,0,18,5,2011,4,19,15,0,6,4,PINK WILLIAMS RD,,99999,34.48977500,-84.076608330,0,35,0,0,1,1,4,0,1,1,0,1,0,0000000,19,18,19,19,99,99,0,0,0,1,0
13,130400,1,1,0,0,0,1,1,151,0,19,5,2011,5,3,51,0,14,4,JONESBORO RD,,0,33.45820833,-84.293288890,0,42,0,0,1,1,5,0,2,10,0,10,0,0000000,88,88,88,88,88,88,0,0,0,1,1
13,130401,2,2,0,0,0,3,3,13,5980,20,5,2011,6,17,28,0,14,3,SR-11,,50,33.97081389,-83.715047220,0,12,8,0,1,1,1,0,1,1,0,1,0,0000000,17,28,17,30,88,88,0,0,0,1,0
13,130402,2,1,1,0,0,1,1,35,0,20,5,2011,6,8,45,0,4,4,OLD BETHEL RD,,99999,33.33436389,-83.977175000,0,53,0,0,1,1,4,0,1,1,0,1,0,0000000,8,45,8,54,9,11,0,0,0,1,0
13,130403,1,1,0,0,0,1,1,123,2000,20,5,2011,6,22,15,0,4,4,BURNT MOUNTAIN RD,,99999,34.56565556,-84.344733330,0,1,0,0,1,1,4,0,2,1,0,1,0,0000000,88,88,88,88,88,88,0,0,0,1,1
13,130404,1,1,0,2,2,1,1,157,0,21,5,2011,7,2,24,0,5,4,NEW CUT RD,,1,34.13978056,-83.750194440,0,8,0,0,1,1,2,0,2,1,0,1,0,0000000,88,88,88,88,88,88,0,0,0,1,0
13,130405,1,1,0,0,0,1,1,303,1570,21,5,2011,7,21,3,0,4,3,SR-231,,200,33.02626111,-82.619741670,0,11,0,0,1,1,1,0,2,1,0,1,0,0000000,88,88,88,88,88,88,0,0,0,1,0
13,130406,2,2,0,0,0,2,2,117,0,22,5,2011,1,7,44,1,13,3,SR-20,,100,34.18477778,-84.139769440,0,12,6,1,5,1,1,0,4,1,0,1,0,0000000,7,47,7,51,88,88,0,0,0,1,1
13,130407,2,2,0,0,0,2,2,245,310,22,5,2011,1,22,46,0,14,4,LANEY WALKER BLVD,,23,33.45305278,-81.932558330,0,12,1,1,18,1,1,0,2,1,0,1,0,0000000,88,88,88,88,88,88,0,0,0,1,1
13,130408,1,1,0,0,0,1,1,139,0,22,5,2011,1,0,49,0,4,3,SR-136,,26,34.40398056,-83.940686110,0,35,0,0,1,1,4,0,2,1,0,1,0,0000000,0,44,0,53,2,35,0,0,0,1,0
13,130409,1,1,0,0,0,1,1,135,0,23,5,2011,2,16,9,0,16,4,N BERKELEY LAKE RD,,0,33.97276667,-84.161155560,0,42,0,0,1,1,4,0,1,1,0,1,0,0000000,16,8,16,14,17,5,0,0,0,1,0
13,130410,1,1,0,0,0,1,1,121,0,23,5,2011,2,14,23,1,13,3,SR-6,,12,33.71828889,-84.576508330,0,34,0,0,1,1,3,1,1,1,0,1,0,0000000,14,23,14,28,15,25,0,0,0,1,0
13,130411,1,1,0,0,0,1,1,245,310,23,5,2011,2,19,58,0,14,3,SR-28,,111,33.47661111,-81.975538890,0,24,0,0,5,1,4,0,1,1,0,1,0,0000000,20,0,20,5,88,88,0,0,0,1,0
13,130412,1,1,0,0,0,6,6,73,0,26,5,2011,5,15,18,0,16,5,OLD BELAIR LANE,S OLD BELAIR RD,99999,33.49033611,-82.167047220,0,18,0,0,3,3,2,0,1,1,0,1,0,0000000,15,21,15,31,16,1,0,0,0,1,0
13,130413,1,1,0,0,0,1,1,77,0,26,5,2011,5,18,3,0,14,3,SR-154,,65,33.42532500,-84.686661110,0,34,0,0,1,1,4,0,1,2,0,2,0,0000000,18,4,18,14,88,88,0,0,0,1,0
13,130414,1,1,0,0,0,1,1,95,90,26,5,2011,5,10,51,1,13,3,SR-234,CENTENNIAL AVE,181,31.56133611,-84.176361110,0,33,0,0,3,3,4,0,1,1,0,1,0,0000000,10,46,10,53,11,11,0,0,0,1,0
13,130415,1,1,0,0,0,2,2,121,280,26,5,2011,5,18,10,0,15,6,PACES FERRY RD,,6,33.85716944,-84.444094440,0,16,0,0,1,1,1,0,1,10,0,10,0,0000000,88,88,88,88,88,88,0,0,0,2,0
13,130416,1,1,0,0,0,1,1,51,4910,28,5,2011,7,5,16,1,11,1,I-16 RAMP,,152,32.06500556,-81.112533330,0,42,0,0,5,1,4,0,2,1,0,1,0,0000000,5,31,5,46,88,88,0,0,0,1,1
13,130417,2,1,1,0,0,1,1,135,0,28,5,2011,7,2,3,0,16,6,LAWRENCEVILLE ST,,2,33.94328889,-84.208650000,0,41,0,0,1,1,4,0,2,10,0,10,0,0000000,88,88,88,88,88,88,20,0,0,1,1
13,130418,3,3,0,0,0,4,4,89,280,30,5,2011,2,21,38,0,14,3,SR-42,,83,33.76617500,-84.349058330,0,12,1,0,1,1,1,0,3,1,0,1,0,0000000,21,41,21,47,22,2,0,0,0,1,1
13,130419,1,1,0,0,0,1,1,139,2285,30,5,2011,2,23,14,1,13,2,US-129,,141,34.34505833,-83.821422220,0,35,0,0,1,1,4,0,2,1,0,1,0,0000000,23,14,23,26,0,23,0,0,0,1,1
13,130420,1,1,0,1,1,1,1,215,1280,31,5,2011,3,21,39,1,13,2,US-27,15TH ST,87,32.47433889,-84.987555560,0,8,0,0,2,9,1,0,3,1,0,1,0,0000000,21,40,21,43,21,50,0,0,0,1,0
13,130421,2,2,0,1,1,2,2,67,0,28,5,2011,7,5,15,1,11,1,I-20,,23,33.77425278,-84.563816670,0,8,0,0,1,1,1,0,2,1,0,1,0,0000000,5,17,5,26,6,38,19,0,0,1,0
13,130422,1,1,0,0,0,1,1,279,0,3,5,2011,3,23,12,0,6,4,CR-149,CR-147,11,32.14351389,-82.335833330,0,35,0,0,3,3,5,0,2,10,0,10,0,0000000,23,14,23,39,0,17,0,0,0,1,0
13,130423,2,2,0,0,0,2,2,67,0,28,5,2011,7,15,20,0,14,4,CANTON ROAD,SHALLOWFORD ROAD,40,34.05790000,-84.521819440,0,12,6,0,3,2,1,0,1,1,0,1,0,0000000,15,22,15,30,16,14,0,0,0,1,0
13,130424,1,1,0,0,0,2,2,151,3220,6,5,2011,6,13,5,1,1,1,I-75,,39,33.35513889,-84.126080560,0,32,0,0,5,1,4,0,1,1,0,1,0,0000000,99,99,99,99,99,99,0,0,0,2,0
13,130425,1,1,0,1,1,1,1,63,0,5,4,2011,3,4,44,1,13,3,SR-3,,93,33.55195833,-84.370338890,0,8,0,0,1,1,1,0,2,10,0,10,0,0000000,4,48,4,48,5,5,0,0,0,1,0
13,130426,1,1,0,0,0,1,1,221,0,20,5,2011,6,6,4,0,3,3,SR-77,,66,33.77097778,-83.178316670,0,11,0,0,1,1,1,0,2,1,0,1,0,0000000,99,99,99,99,99,99,0,0,0,1,0
13,130427,1,1,0,0,0,1,1,135,0,1,6,2011,4,19,34,1,11,1,I-85,,158,34.05625000,-84.001722220,0,18,0,0,1,1,2,1,1,1,0,1,0,0000000,88,88,88,88,88,88,0,0,0,1,0
13,130428,3,3,0,0,0,7,7,63,0,2,6,2011,5,9,38,0,13,3,SR-85,WEBB RD,12,33.53373611,-84.419230560,0,12,6,0,2,3,1,0,1,1,0,1,0,0000000,9,39,9,39,10,35,0,0,0,1,0
13,130429,1,1,0,0,0,2,2,33,0,2,6,2011,5,20,34,0,4,3,SR-305,,202,33.10566944,-82.228847220,0,30,0,0,1,1,4,0,2,1,0,1,0,0000000,20,38,20,41,21,48,0,0,0,1,1
13,130430,2,2,0,0,0,5,5,59,270,3,6,2011,6,13,0,1,13,2,US-441,SANDY CREEK DR,97,33.98011111,-83.377680560,0,12,1,0,8,1,1,0,1,1,0,1,0,0000000,13,4,13,11,13,31,0,0,0,2,0
13,130431,1,1,0,0,0,2,2,211,0,3,6,2011,6,6,9,0,3,3,SR-83,,63,33.50588611,-83.542505560,0,1,0,0,1,1,4,0,4,1,0,1,0,0000000,99,99,99,99,99,99,0,0,0,1,1
13,130432,1,1,0,0,0,1,1,71,3800,4,6,2011,7,5,55,0,6,4,COOK RD,,22,31.08648056,-83.688311110,0,34,0,0,1,1,4,0,4,1,0,1,0,0000000,88,88,88,88,88,88,0,0,0,1,1
13,130433,2,2,0,0,0,2,2,121,4790,4,6,2011,7,22,53,0,13,3,SR-140,GRIMES BRIDGE RD,69,34.03281667,-84.341138890,0,12,6,0,2,2,1,0,3,1,0,1,0,0000000,22,54,22,56,23,12,0,0,0,1,0
13,130434,2,2,0,0,0,3,3,127,0,4,6,2011,7,1,5,1,1,1,I-95,,13,31.14163333,-81.572672220,0,12,1,0,1,1,1,0,2,1,0,1,0,0000000,1,5,1,17,2,28,0,0,0,1,0
13,130435,1,1,0,0,0,1,1,157,0,4,6,2011,7,17,9,0,6,4,TAP WOOD RD,,25,34.06177778,-83.709102780,0,42,0,0,1,1,4,0,1,1,0,1,0,0000000,88,88,88,88,88,88,0,0,0,1,0
13,130436,1,1,0,0,0,1,1,211,0,4,6,2011,7,16,5,0,3,3,SR-83,,10,33.47891944,-83.563127780,0,1,0,0,1,1,4,0,1,1,0,1,0,0000000,99,99,99,99,99,99,0,0,0,1,0
13,130437,1,1,0,0,0,1,1,275,5460,4,6,2011,7,8,32,0,16,6,JONES ST,,6,30.82361944,-83.980072220,0,33,0,0,1,1,4,0,1,1,0,1,0,0000000,8,10,8,14,99,99,0,0,0,1,1
13,130438,2,2,0,0,0,5,5,47,0,5,6,2011,1,5,24,1,1,1,I-75,,15,34.87328889,-85.042055560,0,24,0,0,1,1,3,0,2,1,0,1,0,0000000,5,26,5,31,6,4,0,0,0,3,1
13,130439,1,1,0,1,1,1,1,63,0,7,6,2011,3,5,25,1,13,3,SR-3,,68,33.51754722,-84.363658330,0,8,0,0,1,1,1,0,2,1,0,1,0,0000000,88,88,88,88,88,88,0,0,0,1,0
13,130440,2,2,0,0,0,2,2,145,0,7,6,2011,3,10,42,0,4,4,KINGS GAP RD,,2,32.83894167,-84.806641670,0,12,2,0,1,1,1,0,1,1,0,1,0,0000000,88,88,88,88,88,88,0,0,0,1,0
13,130441,2,2,0,0,0,2,2,237,0,7,6,2011,3,14,37,0,5,4,M L KING DR,PARKS RD,35,33.29712778,-83.334694440,0,12,6,0,2,3,1,0,1,1,0,1,0,0000000,14,35,14,40,15,55,0,0,0,1,1
13,130442,2,2,0,0,0,3,3,121,0,8,6,2011,4,14,18,1,11,1,I-285,,8,33.63112778,-84.489583330,0,12,1,0,1,1,1,0,1,1,0,1,0,0000000,14,20,14,28,99,99,0,0,0,1,0
13,130443,2,2,0,0,0,6,6,77,4960,10,6,2011,6,23,57,0,5,4,ROCKAWAY RD,BLUE HERON BLVD,68,33.32039722,-84.542358330,0,12,6,0,2,2,1,0,3,10,0,10,0,0000000,23,57,0,12,0,59,0,0,0,1,0
13,130444,1,1,0,0,0,1,1,105,1950,10,6,2011,6,14,4,1,2,3,SR-72,,9,34.07556389,-82.989891670,0,24,0,0,1,1,4,0,1,1,0,1,0,0000000,14,7,14,16,88,88,0,0,0,1,1
13,130445,1,1,0,0,0,1,1,135,0,10,6,2011,6,22,23,1,11,1,I-85,,99999,34.05938056,-83.958636110,0,1,0,0,1,1,1,0,2,10,0,10,0,0000000,88,88,88,88,88,88,0,0,0,1,0
13,130446,1,1,0,0,0,3,3,67,3440,11,6,2011,7,11,35,1,11,1,I-75,,69,33.95528889,-84.516569440,0,1,0,0,1,1,1,0,1,1,0,1,0,0000000,11,35,11,44,12,3,0,0,0,1,0
13,130447,2,2,0,0,0,2,2,121,2060,11,6,2011,7,13,30,0,13,3,SR-92,,116,33.64065556,-84.639983330,0,12,2,0,1,1,1,0,1,10,0,10,0,0000000,99,99,99,99,99,99,0,0,0,1,0
13,130448,1,1,0,0,0,1,1,63,0,13,6,2011,2,3,56,0,14,4,FIELDER RD,,14,33.54710556,-84.306536110,0,53,0,0,1,1,4,0,2,1,0,1,0,0000000,3,56,3,56,5,43,0,0,0,1,0
13,130449,3,3,0,0,0,4,4,135,0,16,6,2011,5,16,53,0,14,3,SR-124,AMBER CREEK DR,221,34.04802500,-83.938822220,0,12,1,0,2,3,1,0,1,1,0,1,0,0000000,16,58,17,5,17,34,0,0,0,1,0
13,130450,2,2,0,0,0,12,12,73,0,17,6,2011,6,20,50,0,3,2,US-221,RIDGE RD,26,33.65825556,-82.330988890,0,12,6,0,2,2,1,0,2,10,0,10,0,0000000,20,52,20,58,21,51,0,0,0,1,1
13,130451,2,2,0,0,0,2,2,117,0,17,6,2011,6,6,52,0,14,3,SR-9,PENDLEY RD,73,34.16425000,-84.168622220,0,12,6,0,2,2,1,0,1,1,0,1,0,0000000,6,52,7,0,7,35,0,0,0,1,1
13,130452,1,1,0,0,0,1,1,67,0,18,6,2011,7,18,10,0,15,4,POWERS FERRY RD,,19,33.90093333,-84.416125000,0,16,0,0,1,1,1,0,1,2,0,2,0,0000000,18,11,18,17,88,88,0,0,0,1,0
13,130453,1,1,0,0,0,2,2,59,270,20,6,2011,2,0,34,0,13,2,US-78,DOUBLE BRIDGES RD,170,33.90299444,-83.247033330,0,1,0,0,1,1,1,0,2,1,0,1,0,0000000,0,48,0,54,1,21,0,0,0,1,1
13,130454,1,1,0,0,0,1,1,113,0,20,6,2011,2,9,20,0,6,4,MORGAN MILL RD,,15,33.30565833,-84.490580560,0,1,0,0,1,1,1,0,1,1,0,1,0,0000000,88,88,88,88,88,88,0,0,0,1,0
13,130455,6,6,0,0,0,6,6,135,0,21,6,2011,3,10,59,0,15,4,OLD PEACHTREE RD,SUGARLOAF PKWY,53,34.01324722,-84.109941670,0,12,6,0,2,2,1,0,1,1,0,1,0,0000000,11,0,11,4,11,41,0,0,0,1,0
13,130456,1,1,0,0,0,1,1,299,0,22,6,2011,4,10,19,1,13,2,US-84,,137,31.16887500,-82.415688890,0,30,0,0,1,1,4,0,1,1,0,1,0,0000000,10,20,10,27,11,4,0,0,0,1,0
13,130457,1,1,0,0,0,1,1,121,120,23,6,2011,5,8,45,1,12,3,SR-400,,180,34.05382500,-84.288236110,0,42,0,1,5,1,4,0,1,2,0,2,0,0000000,8,45,8,50,88,88,0,0,0,1,0
13,130458,1,1,0,0,0,1,1,135,0,23,6,2011,5,2,12,1,13,3,SR-20,,92,34.05903611,-83.991905560,0,42,0,0,5,1,4,0,3,1,0,1,0,0000000,88,88,88,88,88,88,0,0,0,1,0
13,130459,1,1,0,0,0,2,2,63,0,27,6,2011,2,6,35,0,14,4,LAKE HARBIN RD,,46,33.58291389,-84.310586110,0,53,0,0,1,1,4,0,4,10,0,10,0,0000000,6,30,6,30,7,14,2,0,0,1,0
13,130460,2,2,0,0,0,2,2,215,1280,27,6,2011,2,5,15,0,19,6,MACON RD,ELM DR,99999,32.48918333,-84.931591670,0,12,6,0,2,2,1,0,3,10,0,10,0,0000000,5,15,5,20,5,49,0,0,0,1,1
13,130461,1,1,0,0,0,2,2,73,0,28,6,2011,3,17,41,1,11,1,I-20,,116,33.48410000,-82.201425000,0,34,0,0,1,1,8,0,1,2,0,2,0,0000000,17,45,17,50,18,22,0,0,0,1,0
13,130462,1,1,0,0,0,1,1,121,0,29,6,2011,4,23,57,0,12,3,SR-14 CO,,21,33.61903333,-84.486344440,0,24,0,0,1,1,3,1,2,1,0,1,0,0000000,88,88,88,88,88,88,0,0,0,1,1
13,130463,2,2,0,0,0,3,3,117,0,11,6,2011,7,17,0,0,15,4,CASTLEBERRY RD,,5,34.18101944,-84.185250000,0,12,2,0,1,1,1,0,1,1,0,1,0,0000000,17,5,17,12,17,45,0,0,0,1,1
13,130464,1,1,0,0,0,1,1,21,0,20,4,2011,4,20,25,1,13,4,HAWKINSVILLE ROAD,HOUSTON ROAD,60,32.75983333,-83.661466670,0,1,0,0,2,9,1,0,2,1,0,1,0,0000000,88,88,88,88,88,88,0,0,0,1,1
13,130465,2,2,0,0,0,2,2,247,3650,26,4,2011,3,20,9,0,14,3,SR-20,,93,33.68422778,-83.999769440,0,12,6,0,8,1,1,0,5,10,0,10,0,0000000,20,11,20,11,20,29,0,0,0,1,0
13,130466,2,1,1,0,1,1,2,151,0,30,4,2011,7,1,2,1,11,1,I-75,,100,33.42963333,-84.184027780,0,14,0,0,1,1,2,0,3,1,0,1,0,0000000,88,88,88,88,88,88,23,0,0,1,0
13,130467,1,1,0,0,0,2,2,169,0,25,5,2011,4,16,7,0,4,4,UPPER RIVER ROAD,,47,32.94670556,-83.648077780,0,42,0,0,1,1,5,0,1,1,0,1,0,0000000,16,8,16,21,16,55,0,0,0,1,0
13,130468,1,1,0,0,0,1,1,121,280,5,6,2011,1,19,52,1,11,1,I-75,,34,33.69624444,-84.405191670,0,24,0,1,5,1,4,0,3,1,0,1,0,0000000,19,52,20,0,88,88,0,0,0,1,1
13,130469,1,1,0,0,0,2,2,9,3620,9,6,2011,5,2,53,0,14,6,IVEY WEAVER ROAD,,15,33.11693889,-83.215813890,0,43,0,0,1,1,5,0,2,1,0,1,0,0000000,2,58,3,9,4,6,0,0,0,1,1
13,130470,2,2,0,0,0,2,2,97,0,10,6,2011,6,10,5,0,3,3,SR-166,,99999,33.65853056,-84.713902780,0,12,2,0,1,1,1,0,1,1,0,1,0,0000000,88,88,88,88,88,88,0,0,0,1,0
13,130471,1,1,0,1,1,1,1,51,4910,11,6,2011,7,21,2,0,16,6,MIDDLEGROUND ROAD,FOREST RIDGE DRIVE,0,31.99096944,-81.156069440,0,8,0,1,2,3,1,0,3,1,0,1,0,0000000,21,2,21,11,99,99,0,0,0,1,0
13,130472,1,1,0,0,0,1,1,157,0,11,6,2011,7,15,1,0,5,4,PEA RIDGE ROAD,,29,34.52231111,-83.619519440,0,32,0,0,1,1,5,0,1,10,0,10,0,0000000,99,99,99,99,99,99,0,0,0,1,1
13,130473,2,2,0,0,0,5,5,157,0,11,6,2011,7,21,58,1,1,1,I-85,,37,34.12467500,-83.742700000,0,24,0,0,1,1,4,0,2,1,0,1,0,0000000,99,99,99,99,99,99,0,0,0,1,0
13,130474,1,1,0,0,0,1,1,279,0,12,6,2011,1,2,47,0,3,3,SR-292,,94,32.20281667,-82.290130560,0,34,0,0,1,1,5,0,2,1,0,1,0,0000000,2,51,2,59,3,19,20,0,0,1,1
13,130475,2,2,0,0,0,2,2,51,4910,13,6,2011,2,21,30,0,16,6,STEVENS STREET,W 52ND,7,32.04876944,-81.115686110,0,12,2,0,2,2,1,0,3,1,0,1,0,0000000,21,30,21,36,22,33,0,0,0,1,0
13,130476,2,2,0,0,0,3,3,197,790,13,6,2011,2,14,50,0,4,3,SR-365,,101,32.43037778,-84.648477780,0,12,2,0,1,1,1,0,1,1,0,1,0,0000000,14,56,15,13,16,33,0,0,0,1,1
13,130477,2,2,0,0,0,3,3,223,1500,13,6,2011,2,15,59,1,13,3,SR-6,THOMAS B. MURPHY DR,107,33.90831944,-84.820461110,0,12,6,0,2,2,1,0,1,1,0,1,0,0000000,15,59,16,11,16,31,0,0,0,1,0
13,130478,2,2,0,0,0,6,6,103,0,15,6,2011,4,15,41,1,1,3,SR-404,,11,32.12703333,-81.389916670,0,42,0,0,1,1,3,0,1,1,0,1,0,0000000,16,33,16,33,17,0,0,0,0,1,1