STATE,ST_CASE,VE_TOTAL,VE_FORMS,PVH_INVL,PEDS,PERNOTMVIT,PERMVIT,PERSONS,COUNTY,CITY,DAY,MONTH,YEAR,DAY_WEEK,HOUR,MINUTE,NHS,ROAD_FNC,ROUTE,TWAY_ID,TWAY_ID2,MILEPT,LATITUDE,LONGITUD,SP_JUR,HARM_EV,MAN_COLL,RELJCT1,RELJCT2,TYP_INT,REL_ROAD,WRK_ZONE,LGT_COND,WEATHER1,WEATHER2,WEATHER,SCH_BUS,RAIL,NOT_HOUR,NOT_MIN,ARR_HOUR,ARR_MIN,HOSP_HR,HOSP_MN,CF1,CF2,CF3,FATALS,DRUNK_DR
13,130479,2,2,0,0,0,4,4,219,0,15,6,2011,4,9,20,1,13,3,SR-8,JIMMIE DANIEL ROAD,57,33.94019167,-83.489700000,0,12,6,0,2,2,1,0,1,1,0,1,0,0000000,99,99,99,99,99,99,0,0,0,2,0
13,130480,1,1,0,0,0,1,1,117,0,16,6,2011,5,20,6,0,6,4,SETTINGDOWN ROAD,,26,34.29588889,-84.067961110,0,42,0,0,1,1,5,0,1,1,0,1,0,0000000,20,7,20,11,88,88,0,0,0,1,0
13,130481,2,2,0,0,0,2,2,139,2160,16,6,2011,5,8,40,0,5,6,HOG MOUNTAIN ROAD,CAPITOLA FARM ROAD,11,34.14976111,-83.927327780,0,12,6,0,2,2,1,0,1,1,0,1,0,0000000,8,39,8,44,9,14,0,0,0,1,0
13,130482,2,2,0,0,0,2,2,253,1740,17,6,2011,6,13,27,1,2,3,SR-38,,79,31.05515833,-84.910605560,0,12,1,0,1,1,2,0,1,1,0,1,0,0000000,99,99,99,99,99,99,0,0,0,1,0
13,130483,1,1,0,0,0,1,1,29,0,18,6,2011,7,2,15,0,3,3,SR-30,SR-26,218,32.19711389,-81.438280560,0,18,0,0,3,2,5,0,3,1,0,1,0,0000000,88,88,88,88,88,88,0,0,0,1,1
13,130484,2,2,0,0,0,3,3,221,3150,20,6,2011,2,21,1,0,2,3,SR-10,,41,33.88659167,-83.174013890,0,12,2,0,1,1,1,0,5,1,0,1,0,0000000,21,10,21,18,21,42,0,0,0,2,0
13,130485,1,1,0,0,0,1,1,257,0,20,6,2011,2,7,20,0,6,4,DEAN ROAD,,99999,34.55888889,-83.159636110,0,42,0,0,1,1,5,0,1,1,0,1,0,0000000,88,88,88,88,88,88,0,0,0,1,0
13,130486,3,3,0,0,0,5,5,51,4910,21,6,2011,3,21,32,1,11,1,I-95 RAMP,,3,32.07791944,-81.244475000,0,18,0,1,5,1,8,0,3,1,0,1,0,0000000,21,36,21,42,22,16,0,0,0,1,1
13,130487,1,1,0,0,0,2,2,89,0,21,6,2011,3,12,28,0,14,4,RIVER ROAD,MISTY LAKE,5,33.67371111,-84.299747220,0,5,0,0,2,3,1,0,1,1,0,1,0,0000000,12,30,12,38,99,99,0,0,0,1,1
13,130488,2,2,0,0,0,4,4,295,0,21,6,2011,3,15,0,0,14,4,NICK A JACK ROAD,,99999,34.91518056,-85.369863890,0,5,0,0,1,1,5,0,1,1,0,1,0,0000000,15,4,15,20,15,38,14,0,0,1,0
13,130489,1,1,0,0,0,1,1,15,0,22,6,2011,4,6,40,0,14,3,SR-20,,29,34.20386944,-84.745916670,0,59,0,0,1,1,5,0,1,1,0,1,0,0000000,6,37,6,44,88,88,0,0,0,1,0
13,130490,1,1,0,0,0,1,1,27,0,22,6,2011,4,11,30,0,4,4,TALLOKAS ROAD,GAULDIN CIRCLE,33,30.89473056,-83.641083330,0,34,0,0,2,3,5,0,1,1,0,1,0,0000000,11,37,11,49,88,88,0,0,0,1,0
13,130491,2,2,0,0,0,2,2,255,0,23,6,2011,5,12,47,1,2,3,SR-3,MOOSE LODGE ROAD,14,33.20740000,-84.282475000,0,12,6,0,2,2,1,0,1,10,0,10,0,0000000,12,54,13,8,13,59,0,0,0,1,0
13,130492,2,2,0,0,0,2,2,29,0,28,6,2011,3,18,28,1,1,1,I-16,,72,32.16137222,-81.434311110,0,12,1,0,1,1,1,0,1,10,0,10,0,0000000,99,99,99,99,99,99,0,0,0,1,0
13,130493,2,2,0,0,0,3,3,293,0,28,6,2011,3,14,5,1,13,3,SR-3,HARP ROAD,182,32.93483889,-84.333866670,0,12,6,0,2,2,1,0,1,10,0,10,0,0000000,14,29,14,51,15,31,0,0,0,1,0
13,130494,1,1,0,0,0,2,2,227,0,29,6,2011,4,21,45,0,2,3,SR-53,,99999,34.44811389,-84.649572220,0,35,0,0,1,1,5,0,2,1,0,1,0,0000000,88,88,88,88,88,88,0,0,0,2,1
13,130495,1,1,0,0,0,1,1,295,0,29,6,2011,4,14,45,0,6,4,NEWT JOHNSON ROAD,,99999,34.78621111,-85.373941670,0,34,0,0,1,1,5,0,1,1,0,1,0,0000000,88,88,88,88,88,88,0,0,0,1,1
13,130496,1,1,0,0,0,1,1,15,0,30,6,2011,5,10,45,0,4,3,SR-140,,204,34.34891111,-84.671844440,0,42,0,0,1,1,5,0,1,1,0,1,0,0000000,10,43,10,55,11,53,0,0,0,1,0
13,130497,1,1,0,1,1,1,1,51,2290,30,6,2011,5,23,0,0,13,3,SR-25,,82,32.04378611,-81.184652780,0,8,0,0,1,1,1,0,2,10,0,10,0,0000000,23,2,23,4,23,33,0,0,0,1,1
13,130498,1,1,0,0,0,1,1,149,0,30,6,2011,5,22,5,0,4,3,SR-100,,220,33.37567778,-85.239766670,0,59,0,0,1,1,5,0,2,1,0,1,0,0000000,88,88,88,88,88,88,0,0,0,1,1
13,130499,2,2,0,0,0,4,4,255,0,30,6,2011,5,13,45,0,6,4,HENRY JACKSON ROAD,,5,33.27435833,-84.312344440,0,12,2,0,1,1,1,0,1,1,0,1,0,0000000,99,99,99,99,99,99,0,0,0,1,0
13,130500,1,1,0,0,0,2,2,245,310,4,6,2011,7,17,4,1,11,1,I-520,DOUG BARNARD PKWY,100,33.40785278,-81.988027780,0,20,0,1,5,1,5,0,2,1,0,1,0,0000000,17,8,17,16,17,37,0,0,0,1,1
13,130501,1,1,0,1,1,1,1,63,1250,17,6,2011,6,0,24,0,14,3,SR-34,,41,33.61002778,-84.446969440,0,8,0,0,1,1,1,0,2,1,0,1,0,0000000,88,88,88,88,88,88,0,0,0,1,0
13,130502,1,1,0,0,0,1,1,67,3440,24,6,2011,6,1,40,0,16,6,BURNT HICKORY ROAD,,12,33.95970000,-84.584900000,0,42,0,0,1,1,5,0,2,2,0,2,0,0000000,88,88,88,88,88,88,0,0,0,1,1
13,130503,1,1,0,0,0,1,1,67,0,5,6,2011,1,2,36,0,14,3,SR-280,,5,33.82507778,-84.490141670,0,35,0,1,19,1,2,0,3,1,0,1,0,0000000,2,36,2,41,88,88,0,0,0,1,0
13,130504,3,3,0,0,0,5,5,63,0,10,6,2011,6,15,10,1,13,3,SR-3,MUSEUM CIRCLE,86,33.54343333,-84.368261110,0,12,6,0,2,3,1,0,1,1,0,1,0,0000000,15,13,15,13,15,20,0,0,0,1,0
13,130505,2,1,1,0,0,1,1,223,0,9,7,2011,7,12,29,0,16,4,BURTON DRIVE,,2,33.80011944,-84.826833330,0,14,0,0,1,1,2,0,1,1,0,1,0,0000000,99,99,99,99,99,99,0,0,0,1,1
13,130506,2,2,0,0,0,4,4,39,0,10,7,2011,1,14,10,1,13,1,I-95,,199,31.05116944,-81.644511110,0,12,1,0,1,1,1,0,1,1,0,1,0,0000000,14,9,14,17,15,2,0,0,0,1,0
13,130507,1,1,0,0,0,1,1,161,0,10,7,2011,1,0,30,0,3,3,SR-135,,129,31.82234722,-82.646733330,0,35,0,0,1,1,5,0,2,1,0,1,0,0000000,0,36,0,40,0,58,0,0,0,1,0
13,130508,1,1,0,1,1,2,2,63,0,11,7,2011,2,9,50,1,13,3,SR-3,,39,33.54752778,-84.369377780,0,8,0,0,1,1,1,0,1,10,0,10,0,0000000,9,50,9,50,10,5,15,0,0,1,0
13,130509,1,1,0,0,0,1,1,291,540,11,7,2011,2,9,21,0,6,6,JONES CREEK ROAD,,99999,34.86636389,-84.109602780,0,35,0,0,1,1,5,0,1,1,0,1,0,0000000,9,29,9,47,10,41,0,0,0,1,0
13,130510,1,1,0,0,0,3,3,287,0,12,7,2011,3,8,0,0,4,3,SR-107,,10,31.72243611,-83.585486110,0,34,0,0,1,1,5,0,1,1,0,1,0,0000000,8,17,8,19,8,45,0,0,0,1,0
13,130511,1,1,0,0,0,1,1,11,0,13,7,2011,4,15,25,0,4,3,SR-51,,99999,34.37457778,-83.642908330,0,35,0,0,1,1,5,0,1,10,0,10,0,0000000,15,28,15,37,88,88,0,0,0,1,0
13,130512,1,1,0,0,0,1,1,305,0,13,7,2011,4,20,56,0,14,4,RAYONIER ROAD,,99999,31.66486389,-81.879280560,0,1,0,0,1,1,5,0,2,1,0,1,0,0000000,99,99,99,99,99,99,0,0,0,1,1
13,130513,1,1,0,1,1,1,1,9,3620,14,7,2011,5,0,54,0,16,6,PINE AVENUE,,3,33.06320556,-83.216372220,0,8,0,0,1,1,1,0,2,1,0,1,0,0000000,99,99,99,99,99,99,0,0,0,1,0
13,130514,1,1,0,1,1,1,1,67,3440,15,7,2011,6,23,12,0,14,6,WINDY HILL ROAD,BENSON POOLE ROAD,18,33.89458889,-84.543980560,0,8,0,0,2,2,1,0,3,1,0,1,0,0000000,23,13,23,18,23,35,0,0,0,1,0
13,130515,1,1,0,0,0,9,9,1,9997,16,7,2011,7,14,42,0,5,6,BUCKHEAD ROAD,,98,31.80358611,-82.459216670,0,34,0,0,1,1,5,0,1,1,0,1,0,0000000,14,59,15,9,15,26,0,0,0,1,0
13,130516,1,1,0,0,0,1,1,263,0,17,7,2011,1,17,15,0,3,3,SR-41,,99999,32.80031667,-84.586980560,0,59,0,0,1,1,5,0,1,1,0,1,0,0000000,99,99,99,99,99,99,0,0,0,1,0
13,130517,1,1,0,0,0,1,1,315,0,17,7,2011,1,10,35,1,2,3,SR-30,,149,31.97198611,-83.369922220,0,32,0,0,1,1,5,0,1,1,0,1,0,0000000,10,30,10,38,11,29,0,0,0,1,0
13,130518,1,1,0,0,0,1,1,161,0,18,7,2011,2,1,55,0,3,3,SR-135,,192,31.90623333,-82.561183330,0,34,0,0,1,1,5,0,2,1,0,1,0,0000000,1,59,2,6,88,88,0,0,0,1,0
13,130519,1,1,0,0,0,1,1,47,4680,19,7,2011,3,19,10,1,1,1,I-75,,60,34.91071111,-85.130480560,0,21,0,0,1,1,3,0,1,1,0,1,0,0000000,19,15,19,17,88,88,0,0,0,1,0
13,130520,1,1,0,0,0,1,1,255,0,20,7,2011,4,14,16,0,4,4,HOLLONVILLE ROAD,,20,33.21727500,-84.485336110,0,11,0,0,1,1,1,0,1,10,0,10,0,0000000,99,99,99,99,99,99,0,0,0,1,0
13,130521,1,1,0,0,0,2,2,301,0,20,7,2011,4,16,32,1,1,1,I-20,,31,33.49984722,-82.797933330,0,42,0,0,1,1,5,0,1,2,0,2,0,0000000,99,99,99,99,99,99,0,0,0,2,0
13,130522,2,2,0,0,0,3,3,71,0,21,7,2011,5,12,50,0,4,3,SR-270,THIGPEN TRAIL,21,31.30057222,-83.971425000,0,12,6,0,2,2,1,0,1,1,0,1,0,0000000,12,47,13,8,13,56,0,0,0,1,0
13,130523,2,2,0,0,0,2,2,71,0,21,7,2011,5,13,18,1,13,3,SR-33,WOODMAN ROAD,130,31.21639722,-83.785922220,0,12,6,0,2,2,1,0,1,1,0,1,0,0000000,99,99,99,99,99,99,0,0,0,1,0
13,130524,1,1,0,1,1,1,1,245,310,21,7,2011,5,9,31,0,14,6,OLIVE ROAD,COONEY CIRCLE,4,33.45258611,-82.007080560,0,8,0,0,3,2,1,0,1,1,0,1,0,0000000,9,32,9,36,9,49,0,0,0,1,0
13,130525,1,1,0,0,0,1,1,45,5730,23,7,2011,7,7,40,1,1,1,I-20,,142,33.72251944,-84.939422220,0,21,0,0,1,1,4,0,1,1,0,1,0,0000000,7,33,7,42,7,58,0,0,0,1,0
13,130526,1,1,0,0,0,1,1,69,0,23,7,2011,7,23,5,0,6,4,LANDFILL ROAD,,2,31.55105556,-82.896094440,0,1,0,0,1,1,5,0,2,1,0,1,0,0000000,99,99,99,99,99,99,0,0,0,1,1
13,130527,2,2,0,0,0,3,3,63,0,2,6,2011,5,12,2,0,16,4,FITZGERALD RD,,5,33.47100000,-84.375661110,0,12,6,0,1,1,1,0,1,1,0,1,0,0000000,99,99,99,99,99,99,0,0,0,1,0
13,130528,1,1,0,1,1,2,2,89,0,18,6,2011,7,23,0,0,15,4,INDIAN CREEK DR,,11,33.80200556,-84.238452780,0,8,0,0,1,1,1,0,3,1,0,1,0,0000000,23,9,23,17,88,88,0,0,0,1,0
13,130529,1,1,0,0,0,5,5,31,0,26,6,2011,1,16,11,1,1,1,I-16,,231,32.23041944,-81.627280560,0,32,0,0,1,1,3,0,1,10,0,10,0,0000000,16,14,16,33,17,30,0,0,0,1,0
13,130530,3,3,0,0,0,9,9,111,560,1,7,2011,6,23,41,1,2,2,US-76,JOSH HALL,45,34.87467778,-84.315272220,0,12,1,0,2,3,1,0,2,1,0,1,0,0000000,23,41,23,48,0,13,0,0,0,1,1
13,130531,1,1,0,0,0,1,1,59,270,2,7,2011,7,14,59,0,16,4,EPPS BRIDGE PKWY,,0,33.94440000,-83.434038890,0,24,0,0,1,1,4,0,1,1,0,1,0,0000000,15,0,15,5,15,28,0,0,0,1,0
13,130532,2,2,0,0,0,4,4,85,0,2,7,2011,7,22,30,0,2,3,SR-53,,57,34.42988611,-84.174050000,0,12,2,0,1,1,1,0,2,10,0,10,0,0000000,22,43,22,57,0,34,0,0,0,1,0
13,130533,1,1,0,0,0,1,1,123,2000,2,7,2011,7,9,50,0,3,2,US-76 / SR-282,,97,34.70185833,-84.514752780,0,34,0,0,1,1,4,0,1,1,0,1,0,0000000,99,99,99,99,99,99,0,0,0,1,0
13,130534,1,1,0,0,0,2,2,285,0,2,7,2011,7,17,19,1,1,1,I-85,,4,32.87569444,-85.154127780,0,1,0,0,1,1,1,0,1,1,0,1,0,0000000,17,7,17,15,18,2,0,0,0,2,0
13,130535,1,1,0,0,0,4,4,89,0,3,7,2011,1,0,45,0,14,4,BOULDERCREST RD,,2,33.65354722,-84.285472220,0,42,0,0,1,1,4,0,2,10,0,10,0,0000000,0,45,0,55,99,99,0,0,0,1,0
13,130536,1,1,0,1,1,1,1,121,1250,3,7,2011,1,21,30,0,14,3,SR-279,,45,33.61451111,-84.472605560,0,8,0,0,1,1,1,0,3,1,0,1,0,0000000,21,30,21,35,88,88,0,0,0,1,1
13,130537,1,1,0,0,0,1,1,121,4882,3,7,2011,1,14,20,0,14,6,HAMMOND DR,,2,33.91889722,-84.351675000,0,33,0,0,1,1,4,0,1,1,0,1,0,0000000,14,20,14,28,14,56,0,0,0,1,0
13,130538,1,1,0,0,0,1,1,131,0,3,7,2011,1,0,5,1,2,2,US-319,,40,30.72850000,-84.120019440,0,34,0,0,1,1,4,0,2,10,0,10,0,0000000,6,29,6,47,8,0,0,0,0,1,1
13,130539,1,1,0,0,0,1,1,139,2285,3,7,2011,1,17,24,0,15,6,OAK ST,,8,34.29989444,-83.834744440,0,33,0,0,1,1,4,0,1,1,0,1,0,0000000,17,24,17,28,17,43,0,0,0,1,0
13,130540,1,1,0,0,0,1,1,11,3490,4,7,2011,2,7,47,0,4,3,SR-51,,61,34.34749444,-83.574327780,0,34,0,0,1,1,4,0,1,10,0,10,0,0000000,7,48,7,54,88,88,0,0,0,1,0
13,130541,1,1,0,0,0,1,1,49,0,4,7,2011,2,6,43,0,3,3,SR-252,,17,30.87480556,-81.980797220,0,34,0,0,1,1,4,0,1,1,0,1,0,0000000,88,88,88,88,88,88,0,0,0,1,0
13,130542,2,2,0,1,1,3,3,51,4910,4,7,2011,2,20,59,0,14,6,MONTGOMERY ST,W 55TH ST,0,32.04461111,-81.109522220,0,8,0,0,2,9,1,0,3,1,0,1,0,0000000,20,59,21,3,21,15,0,0,0,1,0
13,130543,1,1,0,1,1,1,1,63,4690,4,7,2011,2,22,47,0,14,3,SR-139,,6,33.57973056,-84.415958330,0,8,0,0,1,1,1,0,3,2,0,2,0,0000000,99,99,99,99,99,99,0,0,0,1,0
13,130544,1,1,0,0,0,1,1,75,0,4,7,2011,2,23,19,1,1,1,I-75,,29,31.07127778,-83.406152780,0,34,0,0,1,1,4,0,2,1,0,1,0,0000000,88,88,88,88,88,88,0,0,0,1,0
13,130545,1,1,0,1,1,1,1,121,4882,4,7,2011,2,7,0,0,13,3,SR-9,,162,33.99217222,-84.351588890,0,9,0,0,1,1,1,0,1,1,0,1,0,0000000,7,0,7,4,7,23,0,0,0,1,0
13,130546,1,1,0,0,0,5,5,139,0,4,7,2011,2,14,0,0,6,4,WHELCHEL MILL RD,,5,34.38459167,-83.934700000,0,35,0,0,1,1,4,0,1,10,0,10,0,0000000,14,0,14,3,15,49,0,0,0,2,0
13,130547,1,1,0,0,0,1,1,27,0,5,7,2011,3,10,0,0,4,3,SR-333,,214,30.91012222,-83.583897220,0,34,0,0,1,1,4,0,1,10,0,10,0,0000000,10,11,10,20,11,1,0,0,0,1,0
13,130548,1,1,0,0,0,3,3,105,1950,6,7,2011,4,21,26,1,2,3,SR-72,,164,34.08843056,-82.773269440,0,32,0,0,1,1,4,0,2,10,0,10,0,0000000,21,28,21,37,22,8,0,0,0,1,0
13,130549,1,1,0,1,1,1,1,121,280,6,7,2011,4,14,20,0,13,2,US-78 / SR-8,CHAPPELL RD,49,33.77130278,-84.433908330,0,8,0,0,3,2,1,0,1,1,0,1,0,0000000,14,27,14,38,15,20,0,0,0,1,0
13,130550,1,1,0,0,0,1,1,15,0,7,7,2011,5,20,20,0,3,3,SR-113,,10,34.08884722,-84.965213890,0,34,0,0,1,1,3,0,5,10,0,10,0,0000000,20,19,20,27,21,38,0,0,0,1,0
13,130551,2,2,0,0,0,4,4,31,0,7,7,2011,5,16,39,1,1,1,I-16,,221,32.22837778,-81.584086110,0,12,7,0,1,1,1,0,1,1,0,1,0,0000000,99,99,99,99,99,99,0,0,0,2,0
13,130552,1,1,0,1,1,1,1,295,9997,7,7,2011,5,3,39,0,14,4,MISSION RIDGE RD,,18,34.92326667,-85.310744440,0,9,0,0,1,1,1,0,6,5,0,5,0,0000000,88,88,88,88,88,88,0,0,0,1,0
13,130554,1,1,0,0,0,6,6,63,0,8,7,2011,6,21,29,0,16,4,GILBERT RD,CONLEY RD,5,33.64103611,-84.378433330,0,42,0,0,3,2,4,0,1,1,0,1,0,0000000,21,29,21,29,22,10,0,0,0,1,0
13,130555,1,1,0,0,0,1,1,223,0,8,7,2011,6,21,42,0,14,3,SR-120 CO,,9,33.87100278,-84.869975000,0,43,0,0,1,1,4,0,2,1,0,1,0,0000000,99,99,99,99,99,99,0,0,0,1,0
13,130556,2,2,0,0,0,2,2,117,0,9,7,2011,7,9,42,1,12,2,US-19 / SR-400,,64,34.16232500,-84.166425000,0,12,1,0,1,1,1,0,1,10,0,10,0,0000000,9,51,10,0,11,1,0,0,0,1,0
13,130557,1,1,0,0,0,4,4,121,2060,9,7,2011,7,17,24,1,11,1,I-85,,39,33.54251111,-84.585113890,0,42,0,0,1,1,4,0,1,2,0,2,0,0000000,17,24,17,36,17,53,0,0,0,1,0
13,130558,1,1,0,0,0,1,1,67,0,12,7,2011,3,11,4,0,16,4,TOWN CENTER DR,,1,34.02126944,-84.565211110,0,33,0,0,1,1,4,0,1,1,0,1,0,0000000,11,4,11,10,88,88,0,0,0,1,0
13,130559,1,1,0,1,1,2,2,89,0,12,7,2011,3,19,53,0,9,4,BROCKETT RD,,99999,33.82258889,-84.231900000,0,8,0,0,8,1,1,0,1,1,0,1,0,0000000,19,54,19,57,20,31,0,0,0,1,0
13,130560,1,1,0,1,1,1,1,39,3010,14,7,2011,5,14,59,0,16,6,SCRUBBY BLUFF RD,S GROVE BLVD,1,30.78039444,-81.683483330,0,9,0,0,3,3,1,0,1,1,0,1,0,0000000,14,59,15,2,88,88,0,0,0,1,0
13,130561,2,2,0,0,0,2,2,63,0,16,7,2011,7,20,42,1,13,2,US-19 / SR-3,WINDING WAY LANE,50,33.49665000,-84.344458330,0,12,6,0,2,2,1,0,5,10,0,10,0,0000000,20,41,20,41,21,12,0,0,0,1,0
13,130562,1,1,0,0,0,1,1,63,0,17,7,2011,1,19,25,0,14,4,S MAIN ST,NOAHS ARK RD,8,33.49274167,-84.338961110,0,7,0,0,3,3,5,0,1,1,0,1,0,0000000,19,32,19,32,20,8,0,0,0,1,0
13,130563,2,2,0,0,0,2,2,51,4910,19,7,2011,3,20,59,0,14,4,SHIPYARD RD,,15,31.93304722,-81.098450000,0,12,8,0,1,1,1,0,2,1,0,1,0,0000000,21,0,21,10,21,30,0,0,0,1,0
13,130564,1,1,0,0,0,1,1,89,0,20,7,2011,4,12,57,0,16,4,EMBRY CIR,DAVID RD,2,33.88132500,-84.259777780,0,19,0,0,3,3,5,0,1,1,0,1,0,0000000,12,57,13,8,13,33,0,0,0,1,0
13,130565,2,2,0,0,0,4,4,135,0,21,7,2011,5,4,31,0,13,3,SR-140,CORLEY RD,33,33.93521667,-84.230897220,0,12,2,0,2,3,11,0,3,1,0,1,0,0000000,4,34,4,38,4,59,0,0,0,1,1
13,130566,1,1,0,1,1,1,1,121,280,22,7,2011,6,3,22,0,14,3,SR-9,16TH STREET,13,33.79070278,-84.385202780,0,8,0,0,3,3,1,0,3,1,0,1,0,0000000,3,22,3,28,88,88,0,0,0,1,0
13,130567,3,3,0,0,0,10,10,153,5790,22,7,2011,6,15,59,0,14,6,LAKE JOY RD,FEAGIN MILL RD,99999,32.57087222,-83.691166670,0,12,6,0,2,2,1,0,1,1,0,1,0,0000000,16,0,16,6,16,48,14,0,0,1,0
13,130568,1,1,0,1,1,1,1,153,5790,24,7,2011,1,19,13,0,16,6,YOUNG AVE,5TH STREET,1,32.62171944,-83.604441670,0,9,0,0,2,2,1,0,1,1,0,1,0,0000000,19,14,19,18,19,44,0,0,0,1,0
13,130569,1,1,0,0,0,1,1,117,0,25,7,2011,2,18,34,0,4,4,DR BRAMBLETT RD,,41,34.29718611,-84.163711110,0,38,0,0,1,1,4,0,1,2,0,2,0,0000000,18,36,18,42,88,88,0,0,0,1,0
13,130570,3,3,0,0,0,3,3,135,1810,26,7,2011,3,16,41,0,13,4,PEACHTREE IND BLVD,RIVER GREEN PKWY,64,34.01330833,-84.166441670,0,12,6,0,2,2,1,0,1,1,0,1,0,0000000,16,54,16,58,17,30,0,0,0,1,0
13,130571,1,1,0,1,1,1,1,89,280,27,7,2011,4,22,54,0,15,6,WYMAN ST,,2,33.75106667,-84.333163890,0,8,0,0,1,1,1,0,2,1,0,1,0,0000000,22,54,23,0,88,88,0,0,0,1,0
13,130572,7,3,4,0,0,3,3,21,3390,29,7,2011,6,14,23,0,14,3,SR-74,BURTON AVE,115,32.82380000,-83.681722220,0,12,6,0,3,2,1,0,1,1,0,1,0,0000000,14,20,14,28,14,38,14,0,0,1,0
13,130573,1,1,0,0,0,2,2,245,310,29,7,2011,6,15,58,0,13,3,SR-10,,36,33.43729722,-82.170963890,0,34,0,0,1,1,4,0,1,1,0,1,0,0000000,16,0,16,1,16,51,0,0,0,1,0
13,130574,1,1,0,0,0,3,3,63,0,30,7,2011,7,23,20,0,9,4,MT. ZION BLVD,,99999,33.55694722,-84.327750000,0,30,0,0,1,1,4,0,2,10,0,10,0,0000000,23,19,23,19,23,52,0,0,0,1,0
13,130575,1,1,0,0,0,2,2,89,0,31,7,2011,1,9,51,1,11,1,I-85,,71,33.90049444,-84.244913890,0,35,0,0,1,1,4,0,1,99,0,99,0,0000000,9,51,9,52,10,18,0,0,0,1,0
13,130576,1,1,0,1,1,3,3,173,0,23,7,2011,7,21,37,0,4,3,SR-135,,35,30.99663056,-83.068891670,0,8,0,0,8,1,1,0,2,1,0,1,0,0000000,21,40,21,49,22,5,0,0,0,1,1
13,130577,2,2,0,0,0,3,3,217,0,23,7,2011,7,19,33,0,14,3,SR-162,,155,33.59519167,-83.970866670,0,12,6,0,8,1,1,0,1,1,0,1,0,0000000,19,34,19,42,20,9,0,0,0,1,0
13,130578,1,1,0,0,0,1,1,211,0,24,7,2011,1,22,5,0,3,4,MAIN STREET,,7,33.63195556,-83.627741670,0,42,0,0,1,1,5,0,2,1,0,1,0,0000000,88,88,88,88,88,88,0,0,0,1,1
13,130579,1,1,0,0,0,1,1,255,0,24,7,2011,1,4,44,0,4,4,TEAMON ROAD,,50,33.31448056,-84.215419440,0,42,0,0,1,1,5,0,2,1,0,1,0,0000000,99,99,99,99,99,99,0,0,0,1,0
13,130580,2,2,0,0,0,3,3,283,0,24,7,2011,1,16,59,0,3,3,SR-56,,6,32.32928889,-82.597402780,0,12,6,0,1,1,1,0,1,1,0,1,0,0000000,88,88,88,88,88,88,0,0,0,1,0
13,130581,3,3,0,0,0,4,4,23,0,25,7,2011,2,8,45,0,3,3,SR-26,CHURCHWELL ROAD,97,32.43374722,-83.304605560,0,12,6,0,2,2,1,0,1,1,0,1,0,0000000,8,45,8,52,9,8,0,0,0,1,0
13,130582,1,1,0,0,0,1,1,35,2890,25,7,2011,2,11,50,0,3,3,SR-42,,77,33.28958889,-83.946447220,0,34,0,0,1,1,5,0,1,1,0,1,0,0000000,99,99,99,99,99,99,0,0,0,1,0
13,130583,1,1,0,0,0,1,1,99,0,25,7,2011,2,7,4,0,14,4,MARTIN LUTHER KING,,179,31.38976667,-84.949680560,0,34,0,0,1,1,5,0,1,10,0,10,0,0000000,88,88,88,88,88,88,0,0,0,1,1
13,130584,1,1,0,0,0,2,2,295,1110,26,7,2011,3,3,46,0,6,6,MARBLETOP ROAD,,43,34.82565833,-85.370250000,0,42,0,0,1,1,5,0,2,1,0,1,0,0000000,99,99,99,99,99,99,0,0,0,1,1
13,130585,1,1,0,0,0,1,1,111,560,26,7,2011,3,18,58,0,4,3,SR-2,,46,34.89430833,-84.432227780,0,42,0,0,1,1,5,0,1,1,0,1,0,0000000,88,88,88,88,88,88,0,0,0,1,1
13,130586,1,1,0,0,0,1,1,111,560,27,7,2011,4,7,8,0,6,6,MOBILE ROAD,,34,34.93979167,-84.444416670,0,24,0,0,1,1,4,0,1,1,0,1,0,0000000,88,88,88,88,88,88,0,0,0,1,1
13,130587,1,1,0,0,0,3,3,245,310,27,7,2011,4,17,22,1,13,3,SR-10,OLD SAVANNAH ROAD,144,33.43939167,-81.998863890,0,30,0,1,3,2,4,0,1,1,0,1,0,0000000,17,22,17,27,17,32,0,0,0,1,0
13,130588,2,2,0,0,0,3,3,29,0,29,7,2011,6,23,7,0,2,3,SR-25,,19,31.89568611,-81.374905560,0,12,2,0,1,1,1,0,2,1,0,1,0,0000000,23,13,23,33,0,25,0,0,0,1,1
13,130589,1,1,0,0,0,1,1,189,0,29,7,2011,6,23,25,0,6,4,WELLMAKER ROAD,,13,33.43439722,-82.399027780,0,35,0,0,1,1,5,0,2,1,0,1,0,0000000,88,88,88,88,88,88,0,0,0,1,0
13,130590,2,2,0,0,0,2,2,313,0,29,7,2011,6,9,3,1,1,1,I-75,,19,34.66620000,-84.992166670,0,12,1,0,1,1,1,0,1,1,0,1,0,0000000,9,6,9,13,88,88,0,0,0,1,0
13,130591,2,2,0,0,0,3,3,13,0,30,7,2011,7,22,51,0,4,3,SR-82,,30,33.99205000,-83.666683330,0,12,2,0,1,1,1,0,2,1,0,1,0,0000000,88,88,88,88,88,88,0,0,0,3,1
13,130592,1,1,0,0,0,1,1,111,3350,30,7,2011,7,11,3,0,6,6,RIVER ROAD,,26,34.96743889,-84.331869440,0,34,0,0,1,1,5,0,1,1,0,1,0,0000000,88,88,88,88,88,88,0,0,0,1,0