STATE,ST_CASE,VE_TOTAL,VE_FORMS,PVH_INVL,PEDS,PERNOTMVIT,PERMVIT,PERSONS,COUNTY,CITY,DAY,MONTH,YEAR,DAY_WEEK,HOUR,MINUTE,NHS,ROAD_FNC,ROUTE,TWAY_ID,TWAY_ID2,MILEPT,LATITUDE,LONGITUD,SP_JUR,HARM_EV,MAN_COLL,RELJCT1,RELJCT2,TYP_INT,REL_ROAD,WRK_ZONE,LGT_COND,WEATHER1,WEATHER2,WEATHER,SCH_BUS,RAIL,NOT_HOUR,NOT_MIN,ARR_HOUR,ARR_MIN,HOSP_HR,HOSP_MN,CF1,CF2,CF3,FATALS,DRUNK_DR
13,130593,2,2,0,0,0,2,2,127,760,30,7,2011,7,16,57,1,13,3,SR-27,BUTLER DRIVE,154,31.22183333,-81.523450000,0,12,6,0,2,2,1,0,1,1,0,1,0,0000000,99,99,99,99,99,99,0,0,0,1,0
13,130594,1,1,0,0,0,1,1,183,0,30,7,2011,7,2,45,0,16,4,HORSECREEK ROAD,,99999,31.80619444,-81.684272220,0,1,0,0,1,1,5,0,2,1,0,1,0,0000000,2,54,3,5,4,30,0,0,0,1,1
13,130595,3,3,0,0,0,9,9,129,0,31,7,2011,1,17,50,0,3,3,SR-3,TRIMBLE HOLLOW ROAD,5,34.40591944,-84.935688890,0,12,1,0,2,3,1,0,1,1,0,1,0,0000000,99,99,99,99,99,99,0,0,0,2,0
13,130596,1,1,0,0,0,1,1,277,0,31,7,2011,1,15,15,1,2,3,SR-520,WHITLEY ROAD,177,31.41846389,-83.384555560,0,42,0,0,2,2,5,0,1,1,0,1,0,0000000,88,88,88,88,88,88,0,0,0,1,0
13,130597,4,4,0,1,1,4,4,67,3440,10,7,2011,1,3,19,1,11,1,I-285,,29,33.88014167,-84.473233330,0,8,0,0,1,1,1,0,2,1,0,1,0,0000000,88,88,88,88,88,88,0,0,0,1,0
13,130598,1,1,0,0,0,1,1,179,2218,2,3,2011,4,16,20,0,3,3,SR-144,,51,99.99990000,999.999900000,0,1,0,0,1,1,5,0,1,1,0,1,0,0000000,88,88,88,88,88,88,0,0,0,1,0
13,130599,1,1,0,0,0,2,2,129,0,1,8,2011,2,19,44,0,6,4,MOORES FERRY RD,,10,34.41696389,-85.043150000,0,30,0,0,1,1,4,0,1,1,0,1,0,0000000,19,43,19,56,88,88,0,0,0,2,1
13,130600,1,1,0,1,1,1,1,245,310,1,8,2011,2,6,38,0,16,4,BELAIR RD,BRIDGEWOOD PL,13,33.46003889,-82.113025000,0,9,0,0,2,3,1,0,4,10,0,10,0,0000000,6,39,6,46,7,9,0,0,0,1,0
13,130601,1,1,0,0,0,4,4,297,0,1,8,2011,2,18,10,0,14,4,CENTER HILL CHURCH R,,99,33.79131111,-83.935438890,0,1,0,0,1,1,4,0,1,1,0,1,0,0000000,18,14,18,34,19,21,0,0,0,1,0
13,130602,1,1,0,0,0,1,1,15,980,3,8,2011,4,9,2,0,13,3,SR-61,,118,34.22360556,-84.788430560,0,42,0,0,1,1,4,0,1,1,0,1,0,0000000,9,8,9,13,88,88,0,0,0,1,0
13,130603,1,1,0,0,0,1,1,89,0,3,8,2011,4,1,0,1,11,1,I-20,,33,33.71649444,-84.255072220,0,24,0,0,1,1,4,0,3,1,0,1,0,0000000,99,99,99,99,99,99,0,0,0,1,0
13,130604,2,2,0,0,0,2,2,245,310,3,8,2011,4,3,42,0,14,3,SR-56,,9,33.24767778,-81.954588890,0,12,8,0,1,1,1,0,2,1,0,1,0,0000000,88,88,88,88,88,88,0,0,0,1,0
13,130605,1,1,0,0,0,1,1,121,0,4,8,2011,5,14,49,1,11,1,I-85,,104,33.89077778,-84.261230560,0,24,0,0,1,1,4,1,1,1,0,1,0,0000000,14,50,14,56,15,35,0,0,0,1,0
13,130606,2,2,0,0,0,2,2,21,0,5,8,2011,6,12,41,0,4,4,HOUSTON RD,,16,32.72205833,-83.686336110,0,12,2,0,1,1,1,0,1,1,0,1,0,0000000,88,88,88,88,88,88,0,0,0,2,0
13,130607,1,1,0,0,0,1,1,73,0,5,8,2011,6,16,30,1,11,1,I-20,,130,33.48185278,-82.183141670,0,42,0,0,1,1,3,0,1,2,0,2,0,0000000,16,35,16,40,17,8,0,0,0,1,0
13,130608,1,1,0,0,0,1,1,257,5530,8,8,2011,2,19,43,0,19,6,S PINE ST,,99999,34.57110833,-83.341502780,0,35,0,0,1,1,4,0,1,1,0,1,0,0000000,19,43,19,45,99,99,20,0,0,1,0
13,130609,3,3,0,0,0,4,4,73,195,9,8,2011,3,14,17,0,3,3,SR-104,,113,33.59344167,-82.219908330,0,34,0,0,1,1,4,0,1,1,0,1,0,0000000,14,20,14,29,15,39,0,0,0,1,0
13,130610,1,1,0,0,0,1,1,187,1480,9,8,2011,3,1,59,0,3,3,SR-9,,102,34.52463611,-83.986133330,0,24,0,0,1,1,4,0,2,1,0,1,0,0000000,88,88,88,88,88,88,0,0,0,1,0
13,130611,2,2,0,0,0,2,2,45,970,10,8,2011,4,6,6,0,13,2,US-27,BLANDENBURG RD,99999,33.56159444,-85.057036110,0,12,6,0,2,2,1,0,2,1,0,1,0,0000000,6,10,6,23,6,53,0,0,0,1,0
13,130612,1,1,0,1,1,1,1,127,0,10,8,2011,4,21,40,0,3,3,SR-303,,0,31.14210278,-81.583508330,0,8,0,0,1,1,1,0,2,10,0,10,0,0000000,88,88,88,88,88,88,0,0,0,1,0
13,130613,1,1,0,2,2,1,1,121,280,11,8,2011,5,21,12,0,16,6,ELOISE CT,,0,33.73448889,-84.361225000,0,8,0,0,1,1,1,0,3,1,0,1,0,0000000,21,14,21,20,21,36,0,0,0,1,0
13,130614,2,2,0,0,0,2,2,67,0,12,8,2011,6,13,32,0,14,4,CR-4510 / POWDER SPRINGS RD,EAST WEST CONN,26,33.86757778,-84.631038890,0,12,1,0,2,2,1,0,1,1,0,1,0,0000000,13,32,13,39,14,5,0,0,0,1,0
13,130615,2,2,0,0,0,2,2,151,3360,13,8,2011,7,23,43,0,16,6,PHILLIPS DR,SIMPSON ST,0,33.43360278,-84.149883330,0,12,2,0,2,3,1,0,3,10,0,10,0,0000000,88,88,88,88,88,88,0,0,0,1,1
13,130616,1,1,0,0,0,1,1,135,0,14,8,2011,1,2,43,0,16,4,FLOWERY BRANCH RD,,6,34.07992222,-83.865583330,0,42,0,0,1,1,4,0,2,1,0,1,0,0000000,88,88,88,88,88,88,0,0,0,1,1
13,130617,1,1,0,0,0,1,1,215,1280,14,8,2011,1,4,0,0,16,6,W 9TH STREET,,0,32.46295278,-84.994788890,0,43,0,0,6,1,5,0,3,1,0,1,0,121003L,4,1,4,7,88,88,0,0,0,1,0
13,130618,1,1,0,0,0,1,1,89,0,16,8,2011,3,21,27,0,9,4,SNAPFINGER WOODS DR,,99999,33.70937500,-84.175588890,0,33,0,0,1,1,4,0,2,1,0,1,0,0000000,21,27,21,35,22,4,0,0,0,1,0
13,130619,2,2,0,0,0,2,2,135,0,16,8,2011,3,21,34,0,9,3,SR-20,GRAYSON NEW HOPE RD,99999,33.89424167,-83.955611110,0,12,6,0,2,2,1,0,3,1,0,1,0,0000000,21,35,21,38,99,99,0,0,0,1,0
13,130620,6,6,0,0,0,6,6,63,3780,17,8,2011,4,6,42,1,11,1,I-75,,23,33.56869167,-84.326119440,0,12,1,0,1,1,1,1,4,1,0,1,0,0000000,6,43,6,47,88,88,14,0,0,1,0
13,130621,2,2,0,0,0,2,2,67,0,19,8,2011,6,18,16,0,16,4,CHEATHAM RD,,18,34.01817222,-84.736733330,0,12,2,0,1,1,1,0,1,1,0,1,0,0000000,18,17,18,29,19,17,0,0,0,1,1
13,130622,1,1,0,0,0,1,1,139,0,19,8,2011,6,15,52,1,11,1,I-985,,85,34.22298056,-83.868900000,0,1,0,0,1,1,1,0,1,1,0,1,0,0000000,99,99,99,99,99,99,0,0,0,1,0
13,130623,2,2,0,0,0,2,2,73,0,20,8,2011,7,19,34,0,13,3,SR-383,OLD BELAIR RD,9,33.48710278,-82.134058330,0,12,6,0,2,2,1,0,1,10,0,10,0,0000000,19,37,19,45,20,7,0,0,0,1,0
13,130624,2,2,0,0,0,3,3,135,0,20,8,2011,7,20,17,0,15,4,ROCKBRIDGE RD,PARK PLACE BLVD,2,33.81721667,-84.106222220,0,33,0,0,3,2,4,0,3,1,0,1,0,0000000,20,17,20,25,21,12,0,0,0,1,1
13,130625,1,1,0,0,0,1,1,153,5790,20,8,2011,7,3,21,0,14,6,FEAGIN MILL RD,,5,32.57241389,-83.652488890,0,42,0,0,1,1,4,0,2,1,0,1,0,0000000,3,22,3,30,3,54,0,0,0,1,1
13,130626,1,1,0,0,0,1,1,115,4760,24,8,2011,4,15,9,0,13,3,SR-1 LO,,17,34.24041944,-85.115933330,0,1,0,0,1,1,4,0,1,1,0,1,0,0000000,15,2,15,9,15,53,0,0,0,1,0
13,130627,3,2,1,0,0,2,2,207,0,26,8,2011,6,17,14,0,3,2,US-23,JULIETTE RD,119,33.10523056,-83.811902780,0,12,6,0,2,2,1,0,1,1,0,1,0,0000000,17,9,17,20,88,88,14,0,0,1,0
13,130628,5,5,0,0,0,6,6,285,0,26,8,2011,6,13,35,1,1,1,I-85,,175,33.05556111,-84.953713890,0,12,1,0,1,1,1,0,1,1,0,1,0,0000000,13,36,13,41,15,22,0,0,0,1,0
13,130629,2,2,0,0,0,2,2,57,0,27,8,2011,7,18,1,0,16,4,DIALS DR,,7,34.08992222,-84.452830560,0,12,1,0,8,1,1,0,1,1,0,1,0,0000000,18,1,18,1,18,28,0,0,0,1,0
13,130630,2,2,0,0,0,4,4,135,0,27,8,2011,7,2,8,0,9,3,SR-13,GLOBAL FORUM BLVD,99999,33.91891667,-84.257305560,0,12,6,0,2,3,1,0,3,1,0,1,0,0000000,2,7,2,15,2,46,0,0,0,1,1
13,130631,3,3,0,0,0,5,5,217,0,27,8,2011,7,16,59,0,14,3,SR-162,,129,33.56834167,-83.945944440,0,12,6,0,1,1,1,0,1,1,0,1,0,0000000,99,99,99,99,99,99,0,0,0,1,1
13,130632,1,1,0,0,0,1,1,135,0,28,8,2011,1,12,24,1,11,1,I-85,,105,33.97706944,-84.088969440,0,25,0,0,1,1,3,0,1,1,0,1,0,0000000,12,25,12,34,12,48,0,0,0,1,0
13,130633,1,1,0,0,0,2,2,45,970,29,8,2011,2,20,24,0,16,4,SAGE DR,,16,33.62855556,-84.998258330,0,34,0,0,1,1,4,0,3,1,0,1,0,0000000,20,15,20,20,20,42,0,0,0,1,0
13,130634,3,3,0,1,1,6,6,89,0,31,8,2011,4,21,3,0,13,3,SR-10,,124,33.81819722,-84.171494440,0,8,0,0,1,1,1,0,2,1,0,1,0,0000000,21,5,21,15,21,21,0,0,0,1,0
13,130635,2,2,0,0,0,4,4,143,690,26,7,2011,3,12,18,0,4,3,SR-8,,152,33.72226944,-85.122133330,0,12,6,0,8,1,1,0,1,1,0,1,0,0000000,12,18,12,22,12,47,0,0,0,1,0
13,130636,2,2,0,0,0,4,4,117,0,30,7,2011,7,9,40,0,14,3,SR-9,,90,34.18118611,-84.148105560,0,12,6,0,8,1,1,0,1,1,0,1,0,0000000,9,39,9,45,10,17,0,0,0,1,0
13,130637,2,2,0,0,0,5,5,223,0,1,8,2011,2,6,37,1,13,3,SR-6,LAKE ROAD,151,33.89052778,-84.751197220,0,12,6,0,2,2,1,0,4,1,0,1,0,0000000,6,30,6,36,7,5,0,0,0,1,0
13,130638,5,5,0,0,0,5,5,175,0,3,8,2011,4,5,53,1,1,1,I-16,,210,32.48469722,-82.882447220,0,12,1,0,1,1,1,0,4,1,0,1,0,0000000,5,54,6,8,6,39,0,0,0,2,0
13,130639,2,2,0,0,0,3,3,287,0,3,8,2011,4,2,47,1,1,1,I-75,,123,31.74875278,-83.661275000,0,12,1,0,1,1,1,0,2,1,0,1,0,0000000,2,49,2,55,3,17,0,0,0,1,0
13,130640,2,2,0,0,0,5,5,103,0,4,8,2011,5,13,32,0,4,3,SR-17,CONAWAY ROAD,46,32.19914722,-81.360733330,0,12,6,1,2,2,1,0,1,10,0,10,0,0000000,13,34,13,39,14,51,0,0,0,1,0
13,130641,1,1,0,0,0,1,1,119,0,5,8,2011,6,17,44,0,3,3,SR-59,,139,34.40676667,-83.175130560,0,32,0,0,1,1,5,0,1,6,0,6,0,0000000,17,45,17,50,18,30,0,0,0,1,0
13,130642,1,1,0,0,0,1,1,121,280,5,8,2011,6,4,53,0,14,6,METROPOLITAN PKWY,,32,33.68249722,-84.407958330,0,30,0,0,1,1,5,0,3,1,0,1,0,0000000,99,99,99,99,99,99,0,0,0,1,1
13,130643,2,2,0,0,0,4,4,223,0,5,8,2011,6,23,53,1,13,3,SR-6,CADILLAC PKWY,118,33.90228333,-84.802027780,0,12,6,0,2,2,1,0,2,1,0,1,0,0000000,23,53,23,55,0,6,0,0,0,1,1
13,130644,1,1,0,1,1,1,1,237,1930,5,8,2011,6,7,40,0,15,6,GLENWOOD SPRINGS RD,,94,33.30603611,-83.398805560,0,8,0,0,1,1,1,0,2,1,0,1,0,0000000,88,88,88,88,88,88,0,0,0,1,0
13,130645,2,2,0,0,0,3,3,77,0,7,8,2011,1,0,42,0,3,3,SR-16,,190,33.33949167,-84.681586110,0,12,2,0,1,1,1,0,2,1,0,1,0,0000000,99,99,99,99,99,99,0,0,0,1,1
13,130646,1,1,0,0,0,3,3,217,0,7,8,2011,1,9,6,0,15,4,FLATSHOALS ROAD,,26,33.54126944,-83.874222220,0,35,0,0,1,1,5,0,1,10,0,10,0,0000000,9,7,9,11,9,48,0,0,0,1,0
13,130647,2,2,0,0,0,4,4,245,310,7,8,2011,1,1,47,0,13,3,SR-28,12TH STREET,47,33.47566111,-81.973844440,0,12,6,0,2,2,1,0,2,10,0,10,0,0000000,1,56,2,3,2,23,20,0,0,1,0
13,130648,2,2,0,0,0,7,7,303,4880,7,8,2011,1,19,30,0,6,6,NEW ROAD,HENDERSON GROVE RD,29,32.98411667,-82.713511110,0,12,6,0,2,2,1,0,1,1,0,1,0,0000000,99,99,99,99,99,99,0,0,0,1,0
13,130649,8,8,0,0,0,8,8,155,0,8,8,2011,2,13,14,0,3,3,SR-32,,49,31.63264722,-83.416250000,0,12,1,0,1,1,1,1,1,1,0,1,0,0000000,13,17,13,29,14,55,0,0,0,3,0
13,130650,1,1,0,0,0,1,1,147,0,9,8,2011,3,17,18,0,4,4,REED CREEK SCHOOL RD,,57,34.44280556,-82.917069440,0,32,0,0,1,1,5,0,1,1,0,1,0,0000000,88,88,88,88,88,88,0,0,0,1,0
13,130651,2,2,0,0,0,2,2,285,3050,10,8,2011,4,7,28,0,13,6,LAFAYETTE PKWY.,PATILLO ROAD,149,33.04234167,-84.975622220,0,12,6,0,2,3,1,0,1,1,0,1,0,0000000,7,28,7,28,8,15,0,0,0,1,0
13,130652,1,1,0,0,0,1,1,187,1480,11,8,2011,5,21,21,0,6,6,MT. OLIVE CHURCH RD.,,4,34.48360278,-83.889811110,0,32,0,0,1,1,5,0,1,1,0,1,0,0000000,99,99,99,99,99,99,0,0,0,1,1
13,130653,2,2,0,0,0,4,4,29,4300,12,8,2011,6,19,1,1,2,3,SR-30,TONI BRANCH ROAD,164,32.15218056,-81.512847220,0,12,6,0,2,3,1,0,1,2,0,2,0,0000000,19,0,19,20,20,21,0,0,0,1,0
13,130654,1,1,0,0,0,1,1,121,280,12,8,2011,6,15,9,1,11,1,I-285,,543,33.64863611,-84.370172220,0,42,0,0,1,1,5,0,1,1,0,1,0,0000000,88,88,88,88,88,88,0,0,0,1,0
13,130655,1,1,0,0,0,5,5,233,0,12,8,2011,6,5,50,0,6,4,CASHTOWN ROAD,,9,34.05555833,-85.087416670,0,42,0,0,1,1,5,0,2,1,0,1,0,0000000,99,99,99,99,99,99,0,0,0,1,1
13,130656,1,1,0,0,0,1,1,77,0,13,8,2011,7,10,45,0,14,4,LOWER FAYETTEVILLE,,88,33.38236111,-84.670000000,0,32,0,0,1,1,5,0,1,1,0,1,0,0000000,99,99,99,99,99,99,0,0,0,1,0
13,130657,3,3,0,0,0,4,4,135,3100,13,8,2011,7,10,49,1,13,3,SR-316,COLLINS HILL ROAD,67,33.97724722,-83.996100000,0,12,1,0,3,1,1,0,1,1,0,1,0,0000000,10,46,10,53,11,7,0,0,0,1,0
13,130658,2,2,0,0,0,3,3,149,0,13,8,2011,7,21,25,0,5,4,S. RIVER ROAD,,99999,33.25365278,-85.089219440,0,12,6,0,1,1,1,0,2,1,0,1,0,0000000,21,25,21,37,22,1,0,0,0,1,0
13,130659,3,3,0,0,0,4,4,207,0,14,8,2011,1,21,40,1,1,1,I-75,,42,32.95570833,-83.811072220,0,12,1,0,1,1,1,0,2,1,0,1,0,0000000,21,45,21,52,22,13,0,0,0,1,0
13,130660,2,2,0,0,0,2,2,103,0,15,8,2011,2,15,48,0,3,3,SR-26,,28,32.16482222,-81.378277780,0,12,6,0,8,1,1,0,1,1,0,1,0,0000000,88,88,88,88,88,88,0,0,0,1,0
13,130661,2,2,0,0,0,3,3,115,0,15,8,2011,2,16,11,0,13,3,SR-20,,140,34.27122500,-85.249913890,0,12,6,0,8,1,1,0,1,1,0,1,0,0000000,16,11,16,25,17,3,0,0,0,1,0
13,130662,2,2,0,0,0,2,2,63,3780,20,8,2011,7,3,52,0,16,6,BURBANK TRAIL,MALIBU DRIVE,3,33.59365556,-84.348263890,0,12,2,0,3,3,1,0,2,1,0,1,0,0000000,3,53,3,55,4,22,0,0,0,1,2
13,130663,3,3,0,0,0,4,4,67,0,20,8,2011,7,20,33,1,11,1,I-75,,21,33.90495556,-84.474927780,0,12,6,0,1,1,1,0,2,10,0,10,0,0000000,20,33,20,39,88,88,0,0,0,1,0
13,130664,1,1,0,0,0,2,2,311,2650,21,8,2011,1,20,14,0,3,3,SR-75,,99,34.70988611,-83.740752780,0,42,0,0,1,1,5,0,2,10,0,10,0,0000000,99,99,99,99,99,99,0,0,0,1,0
13,130665,2,2,0,0,0,2,2,15,0,22,8,2011,2,13,46,1,2,3,SR-20,,215,34.21865000,-84.693733330,0,12,6,0,1,1,1,0,1,1,0,1,0,0000000,13,39,13,49,14,53,0,0,0,1,0
13,130666,2,2,0,0,0,3,3,129,0,22,8,2011,2,15,47,0,3,3,SR-225,,99999,34.55859722,-84.893802780,0,12,6,0,1,1,1,0,1,1,0,1,0,0000000,15,43,15,54,16,11,0,0,0,1,1
13,130667,2,2,0,0,0,2,2,143,690,23,8,2011,3,12,12,1,2,3,SR-1,SR-8,11,33.71041944,-85.161616670,0,12,6,1,2,2,1,0,1,1,0,1,0,0000000,12,12,12,15,12,50,0,0,0,1,1
13,130668,1,1,0,3,3,1,1,63,0,25,8,2011,5,16,37,1,13,3,SR-138,,122,33.55305556,-84.268183330,0,8,0,0,1,1,1,0,1,1,0,1,0,0000000,99,99,99,99,99,99,0,0,0,3,1
13,130669,1,1,0,0,0,1,1,95,0,23,8,2011,3,19,30,0,3,3,SR-133,,75,31.53353333,-84.094747220,0,32,0,0,1,1,4,0,1,1,0,1,0,0000000,19,30,19,35,20,30,0,0,0,1,0
13,130670,2,2,0,0,0,2,2,95,0,31,8,2011,4,16,15,1,13,2,US-19,NELMS RD,15,31.46478056,-84.117883330,0,12,6,0,2,2,1,0,1,1,0,1,0,0000000,16,16,16,18,17,30,0,0,0,1,0
13,130671,2,2,0,0,0,2,2,285,3050,26,8,2011,6,20,57,0,14,6,HILL STREET,DAUGHTERY STREET,3,33.04246667,-85.024244440,0,12,1,0,3,3,1,0,3,10,0,10,0,0000000,88,88,88,88,88,88,0,0,0,1,0
13,130672,1,1,0,0,0,1,1,71,0,30,8,2011,3,0,30,0,3,4,ELLINGTON OMEGA ROAD,,99999,31.31881389,-83.579908330,0,34,0,0,1,1,5,0,2,1,0,1,0,0000000,88,88,88,88,88,88,0,0,0,1,1
13,130673,2,2,0,0,0,4,4,139,0,30,8,2011,3,6,58,0,14,3,SR-347,,49,34.13297778,-83.933616670,0,12,2,0,1,1,1,0,1,10,0,10,0,0000000,7,11,7,24,8,22,0,0,0,1,0
13,130674,2,2,0,0,0,4,4,139,0,30,8,2011,3,7,26,0,14,4,MCEVER ROAD,GOULD ROAD,97,34.27361944,-83.882783330,0,12,6,0,2,2,1,0,1,1,0,1,0,0000000,99,99,99,99,99,99,0,0,0,1,0
13,130675,1,1,0,0,0,1,1,15,0,17,7,2011,1,18,26,1,1,1,I-75,,126,34.20326667,-84.761722220,0,1,0,0,1,1,1,0,1,1,0,1,0,0000000,99,99,99,99,99,99,0,0,0,1,0
13,130676,1,1,0,0,0,3,3,15,0,20,8,2011,7,21,24,0,6,4,CONNESENA RD,,99999,34.28783889,-85.000022220,0,34,0,0,1,1,4,0,2,1,0,1,0,0000000,21,19,21,34,99,99,0,0,0,1,1
13,130677,3,3,0,0,0,3,3,89,0,23,8,2011,3,9,8,0,14,2,US-278 / SR-12,YOUNG RD,55,33.72737222,-84.186419440,0,12,1,0,3,3,1,0,1,1,0,1,0,0000000,9,14,9,28,10,0,0,0,0,1,0
13,130678,3,3,0,0,0,3,3,121,280,1,9,2011,5,6,53,0,16,4,GREAT SW PKWY,TULANE DR,8,33.74392500,-84.568094440,0,12,6,0,2,2,1,0,4,1,0,1,0,0000000,99,99,99,99,99,99,0,0,0,1,0
13,130679,1,1,0,0,0,4,4,313,1510,1,9,2011,5,1,32,0,16,6,CHATTANOOGA AVE,JUDSON ST,7,34.78425556,-84.972875000,0,33,0,0,3,3,4,0,3,1,0,1,0,0000000,1,33,1,38,1,58,0,0,0,1,1
13,130680,1,1,0,0,0,5,5,157,0,2,9,2011,6,18,12,1,1,1,I-85,,101,34.20487500,-83.554136110,0,24,0,0,1,1,4,0,5,1,0,1,0,0000000,18,12,18,24,19,29,0,0,0,1,0
13,130681,1,1,0,0,0,1,1,281,2690,2,9,2011,6,15,35,0,3,3,SR-17,,41,34.82102778,-83.737877780,0,24,0,0,1,1,4,0,1,1,0,1,0,0000000,15,35,15,47,16,13,0,0,0,1,0
13,130682,1,1,0,0,0,1,1,57,0,3,9,2011,7,1,48,0,14,3,SR-140,CHEROKEE OVERLOOK DR,180,34.22039444,-84.463477780,0,33,0,0,3,3,4,0,2,1,0,1,0,0000000,88,88,88,88,88,88,0,0,0,1,1
13,130683,2,2,0,0,0,3,3,71,3800,3,9,2011,7,14,10,0,3,3,SR-33,WOODMEN RD,130,31.21635278,-83.785852780,0,12,6,0,2,2,1,0,1,1,0,1,0,0000000,99,99,14,12,14,19,0,0,0,1,0
13,130684,1,1,0,0,0,3,3,247,0,3,9,2011,7,22,7,0,15,4,GEES MILL RD,,20,33.66717222,-83.937255560,0,34,0,0,1,1,4,0,2,1,0,1,0,0000000,22,25,22,30,22,59,20,0,0,1,0
13,130685,1,1,0,0,0,1,1,131,850,4,9,2011,1,4,0,0,6,4,ELKINS RD,,12,30.93794444,-84.166802780,0,42,0,0,1,1,5,0,2,2,0,2,0,0000000,3,32,3,41,88,88,0,0,0,1,1
13,130686,1,1,0,0,0,2,2,231,0,5,9,2011,2,1,18,0,6,4,CHAPEL HILL RD,SECOND DISTRICT RD,16,33.18083889,-84.344725000,0,34,0,0,3,3,4,0,2,2,0,2,0,0000000,1,18,1,31,2,7,0,0,0,1,0
13,130687,1,1,0,0,0,1,1,57,0,6,9,2011,3,8,32,0,9,3,SR-205,TYSON WOODS DR,99999,34.09348333,-84.582763890,0,35,0,0,3,2,4,0,1,2,0,2,0,0000000,8,33,8,33,9,18,0,0,0,1,0
13,130688,1,1,0,0,0,2,2,133,0,6,9,2011,3,13,35,0,9,4,C M COPELAND RD,,99999,33.63830556,-83.303675000,0,34,0,0,1,1,4,0,1,10,0,10,0,0000000,13,50,14,3,14,25,0,0,0,1,0
13,130689,1,1,0,0,0,1,1,139,0,6,9,2011,3,9,44,1,11,1,I-985,,99999,34.14118889,-83.949161110,0,59,0,0,1,1,8,0,1,10,0,10,0,0000000,9,44,9,50,10,52,0,0,0,1,1
13,130690,1,1,0,0,0,1,1,19,0,7,9,2011,4,7,0,0,6,4,RIVERSIDE RD,,11,31.23701944,-83.059891670,0,32,0,0,1,1,4,0,1,1,0,1,0,0000000,8,33,8,45,9,42,0,0,0,1,0
13,130691,2,2,0,0,0,2,2,39,0,7,9,2011,4,2,12,1,1,1,I-95,,179,30.99726389,-81.663858330,0,12,1,0,1,1,1,0,2,1,0,1,0,0000000,88,88,88,88,88,88,0,0,0,1,0
13,130692,1,1,0,0,0,2,2,65,0,7,9,2011,4,14,17,0,4,3,SR-122,,119,31.14368056,-82.781750000,0,1,0,0,1,1,2,0,1,1,0,1,0,0000000,99,99,99,99,99,99,0,0,0,1,0
13,130693,1,1,0,1,1,1,1,121,280,7,9,2011,4,4,30,1,11,1,I-285,,85,33.74664167,-84.498208330,0,8,0,0,1,1,1,0,2,1,0,1,0,0000000,88,88,88,88,88,88,0,0,0,1,0
13,130694,1,1,0,0,0,1,1,121,280,7,9,2011,4,6,28,1,11,1,I-75,,99999,33.69884722,-84.404819440,0,52,0,0,1,1,4,0,1,2,0,2,0,0000000,88,88,88,88,88,88,99,99,99,1,1
13,130695,3,3,0,0,0,3,3,121,280,7,9,2011,4,6,44,1,13,2,US-19,PEACHTREE BATTLE AVE,36,33.81954444,-84.388511110,0,12,6,0,2,3,1,0,4,1,0,1,0,0000000,6,47,6,52,7,21,20,0,0,1,0
13,130696,2,1,1,1,1,1,1,207,2190,7,9,2011,4,4,58,1,1,1,I-75,,112,33.02388889,-83.901619440,0,14,0,0,1,1,2,0,2,1,0,1,0,0000000,4,48,5,3,88,88,23,0,0,1,0
13,130697,1,1,0,1,1,1,1,233,1010,7,9,2011,4,20,29,0,16,6,JONES ST,,1,34.00918611,-85.250458330,0,8,0,0,1,1,1,0,2,10,0,10,0,0000000,20,30,20,35,21,16,0,0,0,1,0
13,130698,1,1,0,0,0,1,1,315,0,7,9,2011,4,6,30,0,4,3,SR-112,,142,32.07567500,-83.503377780,0,34,0,0,1,1,4,0,2,10,0,10,0,0000000,88,88,88,88,88,88,0,0,0,1,0
13,130699,2,2,0,0,0,2,2,135,3990,10,9,2011,7,8,24,0,14,3,SR-378,SR-13,0,33.94498611,-84.203586110,0,12,1,0,3,2,1,0,1,1,0,1,0,0000000,88,88,88,88,88,88,0,0,0,1,0
13,130700,1,1,0,0,0,1,1,135,5080,10,9,2011,7,15,34,0,15,4,OAK RD,,2,33.86535000,-84.026850000,0,34,0,0,1,1,4,0,1,1,0,1,0,0000000,15,34,15,37,16,0,0,0,0,1,0
13,130701,1,1,0,1,1,1,1,67,5070,13,9,2011,3,23,30,0,14,4,WINDY HILL RD,,19,33.89452222,-84.541761110,0,8,0,0,1,1,1,0,2,1,0,1,0,0000000,21,33,21,38,22,3,0,0,0,1,0
13,130702,2,2,0,0,0,2,2,89,280,13,9,2011,3,23,0,0,14,3,SR-42,,18,33.67245833,-84.341330560,0,12,6,0,8,1,1,0,3,1,0,1,0,0000000,23,6,23,10,88,88,0,0,0,1,0
13,130703,3,3,0,0,0,3,3,135,0,14,9,2011,4,17,33,1,11,1,I-85,,152,34.03783611,-84.037811110,0,54,11,0,1,1,1,0,1,1,0,1,0,0000000,17,33,17,44,18,25,14,0,0,1,0
13,130704,2,2,0,0,0,3,3,207,0,15,9,2011,5,16,47,0,3,3,SR-74,,117,32.88040556,-83.960600000,0,12,2,0,1,1,1,0,1,1,0,1,0,0000000,16,47,17,7,18,20,0,0,0,1,0
13,130705,1,1,0,1,1,2,2,135,0,16,9,2011,6,0,45,1,11,1,I-85,,177,34.05628889,-84.001541670,0,8,0,1,5,1,1,0,2,10,0,10,0,0000000,88,88,88,88,88,88,0,0,0,1,0
13,130706,1,1,0,0,0,1,1,89,0,18,9,2011,1,21,7,0,15,4,SNAPFINGER WOODS DR,,8,33.71467222,-84.217772220,0,33,0,0,1,1,4,0,3,1,0,1,0,0000000,21,10,21,13,21,45,0,0,0,1,1