STATE,ST_CASE,VE_TOTAL,VE_FORMS,PVH_INVL,PEDS,PERNOTMVIT,PERMVIT,PERSONS,COUNTY,CITY,DAY,MONTH,YEAR,DAY_WEEK,HOUR,MINUTE,NHS,ROAD_FNC,ROUTE,TWAY_ID,TWAY_ID2,MILEPT,LATITUDE,LONGITUD,SP_JUR,HARM_EV,MAN_COLL,RELJCT1,RELJCT2,TYP_INT,REL_ROAD,WRK_ZONE,LGT_COND,WEATHER1,WEATHER2,WEATHER,SCH_BUS,RAIL,NOT_HOUR,NOT_MIN,ARR_HOUR,ARR_MIN,HOSP_HR,HOSP_MN,CF1,CF2,CF3,FATALS,DRUNK_DR
13,130707,1,1,0,1,1,1,1,121,4882,21,9,2011,4,15,34,0,13,3,SR-9,,131,33.95013889,-84.369086110,0,8,0,0,1,1,1,0,1,10,0,10,0,0000000,15,34,15,42,16,12,0,0,0,1,0
13,130708,1,1,0,0,0,4,4,9,3620,22,9,2011,5,0,56,0,14,3,SR-24,,153,33.09051944,-83.236719440,0,43,0,0,6,1,1,0,3,2,0,2,0,279854R,0,56,1,11,1,24,0,0,0,2,0
13,130709,1,1,0,0,0,1,1,21,0,22,9,2011,5,0,6,0,15,4,NORTHSIDE DR,RIVOLI DR,0,32.89939167,-83.733330560,0,59,0,0,2,3,4,0,2,2,0,2,0,0000000,0,6,0,12,88,88,0,0,0,1,0
13,130710,2,2,0,0,0,3,3,135,0,23,9,2011,6,19,6,0,14,4,BUFORD DAM RD,SUWANEE DAM RD,46,34.14754722,-84.061788890,0,12,6,0,2,2,1,0,1,1,0,1,0,0000000,88,88,88,88,88,88,0,0,0,1,0
13,130711,2,2,0,0,0,2,2,285,3050,23,9,2011,6,17,27,0,13,3,SR-109,HOFFMAN DR,150,33.04213611,-84.973430560,0,12,6,0,2,3,1,0,1,1,0,1,0,0000000,88,88,88,88,88,88,0,0,0,1,0
13,130712,1,1,0,0,0,1,1,21,0,25,9,2011,1,11,8,0,5,4,BETHEL CHURCH RD,,23,32.77660556,-83.782527780,0,35,0,0,1,1,4,0,1,10,0,10,0,0000000,88,88,88,88,88,88,0,0,0,1,0
13,130713,1,1,0,1,1,1,1,121,280,25,9,2011,1,2,22,1,11,1,I-75,,75,33.74980278,-84.382433330,0,8,0,0,1,1,2,0,3,1,0,1,0,0000000,2,24,2,32,88,88,0,0,0,1,0
13,130714,2,2,0,0,0,2,2,59,270,27,9,2011,3,1,40,0,15,4,ATHENA DR,,2,33.97868611,-83.339827780,0,12,1,0,1,1,1,0,3,10,0,10,0,0000000,1,42,1,50,88,88,0,0,0,1,0
13,130715,1,1,0,0,0,1,1,89,0,27,9,2011,3,23,30,1,12,2,US-78 RAMP,,99999,33.82161111,-84.170497220,0,33,0,0,5,1,4,0,2,1,0,1,0,0000000,88,88,88,88,88,88,0,0,0,1,1
13,130716,2,1,1,0,1,1,2,89,0,29,9,2011,5,9,53,1,11,1,I-285,,142,33.77402778,-84.235327780,0,14,0,0,1,1,8,0,1,1,0,1,0,0000000,9,54,9,59,10,43,0,0,0,1,0
13,130717,1,1,0,0,0,1,1,297,3230,30,9,2011,6,3,39,0,15,4,SHARON CHURCH RD,,3,33.82576944,-83.911138890,0,42,0,0,1,1,4,0,2,1,0,1,0,0000000,3,39,3,51,4,52,0,0,0,1,0
13,130718,2,2,0,0,0,3,3,89,0,6,9,2011,3,15,54,0,14,3,SR-154,KENSINGTON RD,64,33.77204444,-84.249433330,0,12,6,0,2,2,1,0,1,2,0,2,0,0000000,15,30,15,35,16,10,0,0,0,1,0
13,130719,2,2,0,0,0,2,2,135,1810,13,9,2011,3,9,44,0,13,4,PEACHTREE IND BLVD,CHATTAHOOCHEE DR,92,34.02121111,-84.123602780,0,12,6,0,2,2,1,0,1,1,0,1,0,0000000,9,42,9,47,10,37,0,0,0,1,1
13,130720,2,2,0,0,0,3,3,303,4880,28,8,2011,1,12,46,0,14,3,SR-15,SR-242,143,32.97220000,-82.808411110,0,12,6,0,2,3,1,0,1,1,0,1,0,0000000,99,99,99,99,99,99,0,0,0,1,0
13,130721,1,1,0,1,1,1,1,135,0,6,10,2011,5,19,58,0,16,4,VICTOR TRAIL,EAST HILL WAY,0,33.93995000,-84.185530560,0,8,0,0,2,3,1,0,3,1,0,1,0,0000000,19,58,20,3,20,24,0,0,0,1,0
13,130722,1,1,0,0,0,1,1,67,5070,30,8,2011,3,2,17,0,15,6,CUMBERLAND PKWY,ATLANTA ROAD,5,33.84886667,-84.493280560,0,24,0,0,1,1,4,0,2,1,0,1,0,0000000,88,88,88,88,88,88,0,0,0,1,0
13,130723,2,2,0,0,0,2,2,103,0,8,9,2011,5,21,6,0,4,3,SR-17,BLUEJAY ROAD,60,32.20968889,-81.393519440,0,12,6,0,2,2,1,0,2,1,0,1,0,0000000,88,88,88,88,88,88,0,0,0,1,0
13,130724,1,1,0,0,0,1,1,133,0,8,9,2011,5,18,10,0,3,3,SR-15,,113,33.56712500,-83.158302780,0,1,0,0,1,1,4,0,1,1,0,1,0,0000000,18,10,18,14,19,27,0,0,0,1,0
13,130725,1,1,0,0,0,1,1,217,0,8,9,2011,5,12,48,0,14,4,SMITH STORE ROAD,,12,33.53263889,-83.977608330,0,1,0,0,1,1,1,0,1,10,0,10,0,0000000,12,50,12,58,13,31,0,0,0,1,0
13,130726,1,1,0,0,0,1,1,111,3770,9,9,2011,6,9,57,0,4,3,SR-60,,160,34.85889722,-84.228102780,0,1,0,0,1,1,4,0,1,10,0,10,0,0000000,88,88,88,88,88,88,0,0,0,1,0
13,130727,1,1,0,0,0,1,1,321,0,9,9,2011,6,15,42,1,2,3,SR-520,,29,31.55161667,-83.926905560,0,34,0,0,1,1,4,0,1,1,0,1,0,0000000,15,43,15,50,16,30,0,0,0,1,0
13,130728,1,1,0,0,0,2,2,141,0,10,9,2011,7,17,40,0,5,4,HUNTS CHAPEL ROAD,,99999,33.32461389,-83.087975000,0,11,0,0,1,1,1,0,1,1,0,1,0,0000000,99,99,99,99,99,99,0,0,0,2,0
13,130729,1,1,0,2,2,1,1,259,0,10,9,2011,7,20,55,0,3,3,SR-27,,59,32.06423056,-84.722322220,0,8,0,0,1,1,1,0,2,1,0,1,0,0000000,20,50,20,57,21,47,0,0,0,1,0
13,130730,1,1,0,0,0,1,1,295,0,10,9,2011,7,0,30,0,4,3,SR-95,,99999,34.80699444,-85.226025000,0,32,0,0,1,1,4,0,2,1,0,1,0,0000000,88,88,88,88,88,88,0,0,0,1,0
13,130731,1,1,0,0,0,1,1,297,3230,10,9,2011,7,11,32,0,6,6,BROADNAX MILL ROAD,,56,33.82831389,-83.849488890,0,1,0,0,1,1,1,0,1,1,0,1,0,0000000,11,35,11,43,11,58,0,0,0,1,0
13,130732,2,2,0,0,0,2,2,31,0,11,9,2011,1,17,0,0,6,4,CLIPONREKA ROAD,,22,32.51908611,-81.706677780,0,12,6,0,8,1,1,0,1,1,0,1,0,0000000,17,9,17,18,18,4,0,0,0,1,0
13,130733,2,2,0,0,0,2,2,217,0,11,9,2011,1,10,19,0,14,3,SR-138,GUM CREEK ROAD,16,33.72664167,-83.890977780,0,12,6,0,2,2,1,0,1,1,0,1,0,0000000,99,99,99,99,99,99,0,0,0,2,0
13,130734,1,1,0,0,0,2,2,297,0,11,9,2011,1,13,12,0,6,4,MT. ENA CHURCH ROAD,,3,33.85080000,-83.612783330,0,34,0,0,1,1,5,0,1,1,0,1,0,0000000,13,16,13,31,14,2,0,0,0,1,0
13,130735,2,2,0,0,0,4,4,313,0,11,9,2011,1,11,27,0,14,4,DAWNVILLE ROAD,,20,34.81304167,-84.915169440,0,12,2,0,1,1,1,0,1,10,0,10,0,0000000,11,38,11,48,12,20,0,0,0,1,0
13,130736,2,2,0,0,0,2,2,71,3800,13,9,2011,3,13,10,0,15,6,HOPEWELL CHURCH RD.,,99999,31.13508333,-83.728666670,0,12,6,0,8,1,1,0,1,1,0,1,0,0000000,13,4,13,14,13,40,0,0,0,1,0
13,130737,1,1,0,1,1,1,1,241,0,13,9,2011,3,10,45,0,6,4,WOLF FORK ROAD,,99999,34.93736667,-83.404466670,0,8,0,0,1,1,1,0,1,10,0,10,0,0000000,88,88,88,88,88,88,0,0,0,1,0
13,130738,1,1,0,0,0,1,1,45,0,14,9,2011,4,17,55,1,1,1,I-20,,116,33.71677778,-84.986586110,0,42,0,0,1,1,5,0,1,1,0,1,0,0000000,17,57,18,3,19,47,0,0,0,1,0
13,130739,1,1,0,0,0,1,1,291,540,15,9,2011,5,15,20,0,6,6,MT. PLEASANT CHURCH,,16,34.80834444,-83.994638890,0,42,0,0,1,1,5,0,1,10,0,10,0,0000000,15,30,16,17,99,99,0,0,0,1,0
13,130740,2,2,0,0,0,3,3,171,3640,16,9,2011,6,10,12,0,4,6,MORGAN DAIRY ROAD,WELDON LAKE ROAD,71,33.15925833,-84.157130560,0,12,6,0,2,3,1,0,1,10,0,10,0,0000000,99,99,99,99,99,99,0,0,0,1,0
13,130741,1,1,0,0,0,1,1,217,0,16,9,2011,6,0,27,1,11,1,I-20 RAMP,,46,33.60725278,-83.879947220,0,31,0,0,5,1,8,0,2,1,0,1,0,0000000,88,88,88,88,88,88,0,0,0,1,1
13,130742,1,1,0,0,0,1,1,291,540,17,9,2011,7,12,34,0,4,3,SR-180,,13,34.75967778,-83.960222220,0,42,0,0,1,1,5,0,1,1,0,1,0,0000000,88,88,88,88,88,88,0,0,0,1,0
13,130743,1,1,0,0,0,2,2,313,1510,17,9,2011,7,19,5,1,11,1,I-75,,121,34.78295278,-85.000338890,0,24,0,0,1,1,5,0,1,1,0,1,0,0000000,19,9,19,44,88,88,0,0,0,2,1
13,130744,1,1,0,0,0,1,1,17,2130,8,9,2011,5,10,40,0,16,6,ADAMSON ROAD,,2,31.72731111,-83.280113890,0,10,0,0,6,1,1,0,1,10,0,10,0,638278U,10,40,10,48,11,0,0,0,0,1,0
13,130745,1,1,0,0,0,1,1,135,3100,18,9,2011,1,1,44,0,12,3,SR-316,,45,33.95950000,-84.035227780,0,52,0,0,1,1,3,0,2,10,0,10,0,0000000,1,40,1,48,2,6,0,0,0,1,1
13,130746,2,2,0,0,0,2,2,183,0,20,9,2011,3,17,55,0,2,3,SR-23,,52,31.73125556,-81.767844440,0,12,8,0,1,1,1,0,1,10,0,10,0,0000000,99,99,99,99,99,99,0,0,0,1,0
13,130747,1,1,0,0,0,1,1,137,0,21,9,2011,4,15,57,0,3,3,SR-115,,19,34.58978889,-83.606263890,0,34,0,0,1,1,5,0,9,1,0,1,0,0000000,88,88,88,88,88,88,0,0,0,1,0
13,130748,2,2,0,0,0,3,3,151,0,21,9,2011,4,7,46,0,14,4,CONYERS ROAD,,14,33.51796111,-84.066172220,0,12,2,0,1,1,1,0,1,10,0,10,0,0000000,7,46,7,46,8,38,0,0,0,1,0
13,130749,2,2,0,0,0,2,2,45,0,22,9,2011,5,18,49,1,2,3,SR-1,,176,33.64249444,-85.129750000,0,33,0,0,1,1,3,0,1,10,0,10,0,0000000,18,51,18,57,19,50,0,0,0,1,0
13,130750,2,2,0,0,0,5,5,45,0,22,9,2011,5,19,25,0,4,3,SR-100,,172,33.64734444,-85.273125000,0,12,2,0,1,1,1,0,5,2,0,2,0,0000000,99,99,99,99,99,99,0,0,0,2,0
13,130751,1,1,0,0,0,1,1,67,20,23,9,2011,6,17,54,0,16,6,HAMBY ROAD,HICKORY GROVE ROAD,0,34.06444167,-84.605700000,0,30,0,0,3,3,5,0,1,1,0,1,0,0000000,99,99,99,99,99,99,0,0,0,1,0
13,130752,2,2,0,0,0,2,2,297,3710,23,9,2011,6,11,44,0,14,3,SR-10,SR-11,124,33.80573333,-83.722125000,0,12,6,1,2,4,1,0,1,1,0,1,0,0000000,88,88,88,88,88,88,0,0,0,1,0
13,130753,1,1,0,1,1,1,1,33,0,24,9,2011,7,4,0,0,6,4,STONEY BLUFF ROAD,,99999,33.03053611,-81.681525000,0,8,0,0,1,1,1,0,2,1,0,1,0,0000000,88,88,88,88,88,88,0,0,0,1,0
13,130754,2,2,0,0,0,3,3,139,0,24,9,2011,7,18,11,1,13,3,SR-11,,160,34.36709444,-83.810838890,0,12,6,0,8,1,1,0,1,1,0,1,0,0000000,18,11,18,19,20,5,0,0,0,1,1
13,130755,2,2,0,0,0,2,2,43,0,25,9,2011,1,22,0,0,4,4,STILLMORE HIGHWAY,,99999,32.41140833,-82.112666670,0,12,7,0,1,1,1,0,3,10,0,10,0,0000000,99,99,99,99,99,99,0,0,0,1,0
13,130756,1,1,0,0,0,1,1,91,0,28,9,2011,4,13,40,0,6,4,CR-43,SR-126,71,32.41232222,-83.199925000,0,35,0,1,3,3,5,0,1,1,0,1,0,0000000,99,99,99,99,99,99,0,0,0,1,0
13,130757,2,2,0,0,0,3,3,103,5130,28,9,2011,4,8,5,0,4,3,SR-21,SR-119,124,32.36621667,-81.318819440,0,12,6,0,2,4,1,0,1,5,0,5,0,0000000,99,99,99,99,99,99,0,0,0,1,0
13,130758,1,1,0,0,0,1,1,71,0,29,9,2011,5,21,12,1,2,3,SR-133,OLD DOERUN ROAD,226,31.25735278,-83.847572220,0,42,0,0,3,3,5,0,2,1,0,1,0,0000000,88,88,88,88,88,88,0,0,0,1,0
13,130759,1,1,0,0,0,1,1,47,0,30,9,2011,6,5,47,0,16,4,HAGGARD ROAD,,9,34.96840556,-85.159338890,0,53,0,0,1,1,5,0,2,1,0,1,0,0000000,99,99,99,99,99,99,0,0,0,1,1
13,130760,1,1,0,0,0,1,1,151,0,30,9,2011,6,5,53,0,2,3,SR-81,,163,33.42889167,-84.068702780,0,34,0,0,1,1,5,0,2,1,0,1,0,0000000,5,54,5,54,88,88,0,0,0,1,0
13,130761,2,2,0,0,0,2,2,151,3360,30,9,2011,6,20,6,0,14,4,KELLEYTOWN ROAD,,15,33.55242500,-84.115855560,0,12,2,0,1,1,1,0,2,1,0,1,0,0000000,20,6,20,6,21,5,0,0,0,1,1
13,130762,1,1,0,0,0,3,3,221,0,30,9,2011,6,22,36,1,2,3,SR-10,,154,33.81638333,-83.021297220,0,42,0,0,1,1,5,0,2,1,0,1,0,0000000,99,99,99,99,99,99,0,0,0,1,0
13,130763,2,2,0,0,0,3,3,67,0,2,6,2011,5,14,20,0,14,4,SHALLOWFORD ROAD,,13,34.06851111,-84.543569440,0,12,6,0,1,1,1,0,1,1,0,1,0,0000000,14,20,14,26,88,88,0,0,0,1,0
13,130764,3,3,0,0,0,3,3,67,0,6,9,2011,3,12,50,0,13,4,DALLAS HIGHWAY,W. SANDTOWN ROAD,50,33.95075000,-84.641080560,0,12,6,0,2,3,1,0,1,2,0,2,0,0000000,12,50,12,53,13,18,0,0,0,1,0
13,130765,1,1,0,0,0,1,1,121,280,5,9,2011,2,22,15,0,15,6,OAKLAND DRIVE,,4,33.72720556,-84.427280560,0,30,0,0,1,1,5,0,3,2,0,2,0,0000000,22,29,23,34,23,0,0,0,0,1,0
13,130766,1,1,0,0,0,1,1,245,310,2,9,2011,6,0,22,1,11,1,I-20,,53,33.52518056,-82.022994440,0,24,0,0,1,1,5,0,2,1,0,1,0,0000000,88,88,88,88,88,88,0,0,0,1,0
13,130767,2,2,0,0,0,2,2,133,2490,31,8,2011,4,15,19,1,1,1,I-20,,155,33.54005833,-83.007397220,0,12,1,0,1,1,1,0,1,1,0,1,0,0000000,99,99,99,99,99,99,0,0,0,1,0
13,130768,2,2,0,0,0,2,2,245,310,2,9,2011,6,23,20,0,16,6,MIMS ROAD,PEACH ORCHARD ROAD,27,33.30920833,-82.055955560,0,12,6,0,2,3,1,0,3,10,0,10,0,0000000,23,20,23,29,23,57,0,0,0,1,0
13,130769,2,2,0,0,0,5,5,45,0,1,10,2011,7,12,58,0,14,4,LOVVORN ROAD,BEULAH CHURCH ROAD,135,33.58245278,-85.121488890,0,12,6,0,2,2,1,0,1,1,0,1,0,0000000,99,99,99,99,99,99,0,0,0,1,1
13,130770,1,1,0,0,0,1,1,121,1250,1,10,2011,7,3,22,1,11,1,I-285 RAMP,,21,33.61869444,-84.485263890,0,1,0,0,5,1,1,0,2,1,0,1,0,0000000,88,88,88,88,88,88,0,0,0,1,0
13,130771,2,2,0,0,0,2,2,151,5210,30,4,2011,7,14,34,1,13,2,US-23 / SR-42,,201,33.54367778,-84.225105560,0,12,6,0,8,1,1,0,1,1,0,1,0,0000000,99,99,99,99,99,99,0,0,0,1,0
13,130772,1,1,0,0,0,1,1,153,5790,3,5,2011,3,22,41,0,13,3,SR-247 CO,,9,32.61471944,-83.704275000,0,34,0,0,1,1,4,0,3,10,0,10,0,0000000,22,48,22,50,88,88,0,0,0,1,0
13,130773,2,2,0,0,0,2,2,69,0,20,5,2011,6,4,15,1,2,3,SR-31,RIVERBEND ESTATES RD,115,31.56982500,-82.850061110,0,12,1,0,3,3,1,0,2,1,0,1,0,0000000,99,99,99,99,99,99,0,0,0,1,0
13,130774,1,1,0,1,1,1,1,215,1280,2,6,2011,5,0,21,1,13,3,SR-22 SP,5TH AVE,0,32.47048333,-84.987563890,0,8,0,0,3,9,1,0,3,1,0,1,0,0000000,0,21,0,25,0,33,0,0,0,1,0
13,130775,1,1,0,0,0,1,1,229,0,7,6,2011,3,0,15,0,4,3,SR-203,,26,31.33443056,-82.266544440,0,34,0,0,1,1,4,0,2,1,0,1,0,0000000,99,99,99,99,99,99,0,0,0,1,1
13,130776,1,1,0,0,0,1,1,217,0,23,6,2011,5,2,54,0,14,3,SR-212,,30,33.52792778,-84.030863890,0,30,0,0,1,1,4,0,2,10,0,10,0,0000000,88,88,88,88,88,88,0,0,0,1,0
13,130777,2,2,0,0,0,3,3,277,0,3,7,2011,1,9,2,1,2,2,US-82 / SR-520,,182,31.41791111,-83.376572220,0,34,0,0,1,1,3,0,1,1,0,1,0,0000000,99,99,99,99,99,99,0,0,0,1,0
13,130778,2,2,0,0,0,6,6,151,0,30,7,2011,7,11,51,0,14,3,SR-20,INDUSTRIAL PKWY,122,33.42052778,-84.189333330,0,12,6,0,2,3,1,0,1,10,0,10,0,0000000,12,1,12,1,12,57,0,0,0,1,0
13,130779,2,2,0,0,0,3,3,13,0,14,9,2011,4,10,12,0,4,3,SR-82,NUNNALLY RD,62,33.99920278,-83.613030560,0,12,6,0,2,2,1,0,1,1,0,1,0,0000000,10,12,10,16,10,48,0,0,0,1,0
13,130780,3,3,0,0,0,8,8,71,3800,17,9,2011,7,16,22,1,13,3,SR-133,DEAN MATTHEWS RD,101,31.12913611,-83.713311110,0,12,1,0,3,3,1,0,1,1,0,1,0,0000000,16,22,16,27,17,21,0,0,0,1,0
13,130781,2,2,0,0,0,3,3,87,370,27,9,2011,3,10,9,0,16,6,RUSS ST,E SHARPE ST,3,30.90294167,-84.565755560,0,12,6,0,2,2,1,0,1,10,0,10,0,0000000,10,9,10,15,10,36,0,0,0,1,0
13,130783,1,1,0,1,1,1,1,243,1460,1,10,2011,7,18,1,1,2,2,US-82 / SR-50,,109,31.77095000,-84.784261110,0,8,0,0,1,1,1,0,1,1,0,1,0,0000000,99,99,99,99,99,99,0,0,0,1,0
13,130784,2,2,0,0,0,1,1,245,310,1,10,2011,7,23,25,0,16,4,HICKMAN RD,CENTRAL AVE,4,33.47023333,-82.012075000,0,12,2,0,3,2,1,0,3,1,0,1,0,0000000,88,88,88,88,88,88,0,0,0,1,0
13,130785,2,2,0,0,0,3,3,255,0,1,10,2011,7,8,45,0,3,3,SR-92 / FAYETTEVILLE RD,DIANNE DR,73,33.30616667,-84.372580560,0,12,2,0,2,3,1,0,1,1,0,1,0,0000000,99,99,99,99,99,99,0,0,0,1,0
13,130786,2,2,0,0,0,6,6,279,5700,1,10,2011,7,9,28,1,13,2,US-280 / SR-30,PETE PHILLIPS DR,48,32.20501389,-82.362997220,0,12,6,0,2,3,1,0,1,1,0,1,0,0000000,9,28,9,30,9,51,0,0,0,1,0
13,130787,1,1,0,0,0,4,4,63,0,2,10,2011,1,3,10,0,14,4,FLAT SHOALS RD,CAMP AVE,2,33.58618056,-84.456208330,0,42,0,0,3,3,4,0,2,1,0,1,0,0000000,3,13,3,13,4,4,0,0,0,1,0
13,130788,1,1,0,0,0,2,2,185,0,2,10,2011,1,18,3,0,5,4,GLENN RD,,16,30.76240833,-83.139777780,0,1,0,0,1,1,4,0,1,1,0,1,0,0000000,88,88,88,88,88,88,0,0,0,1,1
13,130789,1,1,0,0,0,1,1,3,0,3,10,2011,2,15,59,0,5,4,CLARENCE ROYALS RD,,99999,31.37180556,-82.894027780,0,34,0,0,1,1,4,0,1,1,0,1,0,0000000,88,88,88,88,88,88,0,0,0,1,0
13,130790,2,2,0,0,0,2,2,245,310,3,10,2011,2,7,39,0,14,4,WALTON WAY,CAMELLIA RD,27,33.48408333,-82.059505560,0,12,6,0,2,2,1,0,1,1,0,1,0,0000000,99,99,99,99,99,99,0,0,0,1,0
13,130791,2,2,0,0,0,2,2,31,0,4,10,2011,3,18,24,1,2,2,US-301 / SR-73,,29,32.30947500,-81.873866670,0,12,6,1,5,1,1,0,1,1,0,1,0,0000000,99,99,99,99,99,99,0,0,0,1,0
13,130792,1,1,0,0,0,1,1,297,0,4,10,2011,3,23,9,0,4,4,GRATIS RD,,55,33.86812500,-83.679458330,0,42,0,0,1,1,4,0,2,1,0,1,0,0000000,88,88,88,88,88,88,0,0,0,1,0
13,130793,1,1,0,0,0,1,1,139,0,5,10,2011,4,19,26,1,11,1,I-985,,87,34.22258611,-83.869436110,0,1,0,0,1,1,3,0,5,10,0,10,0,0000000,99,99,99,99,99,99,0,0,0,1,0
13,130794,1,1,0,1,1,1,1,153,5790,7,10,2011,6,6,24,1,13,6,RUSSELL PKWY,,22,32.59384722,-83.629291670,0,8,0,0,1,1,1,0,3,1,0,1,0,0000000,6,25,6,31,6,54,0,0,0,1,0
13,130795,4,4,0,0,0,7,7,63,0,8,10,2011,7,22,16,1,13,2,US-19/41 / SR-3,UPPER RIVERDALE RD,116,33.58396944,-84.377638890,0,12,6,0,2,2,1,0,2,1,0,1,0,0000000,10,17,10,17,11,2,14,0,0,1,0
13,130796,2,2,0,0,0,8,8,121,280,8,10,2011,7,20,29,1,11,1,I-20,,26,33.76567222,-84.495105560,0,12,7,0,1,1,1,0,2,10,0,10,0,0000000,19,58,20,8,20,45,0,0,0,1,0
13,130797,1,1,0,1,1,1,1,89,0,8,10,2011,7,5,28,1,11,1,I-85,,32,33.85046389,-84.301950000,0,8,0,0,1,1,2,1,2,1,0,1,0,0000000,5,35,5,45,6,2,19,0,0,1,0
13,130798,2,2,0,0,0,3,3,135,3990,8,10,2011,7,19,36,0,14,3,SR-141,,36,33.96696111,-84.222575000,0,12,6,0,1,1,1,0,2,1,0,1,0,0000000,19,36,19,36,88,88,0,0,0,2,0
13,130799,2,2,0,0,0,5,5,169,0,8,10,2011,7,20,18,0,3,2,US-129 / SR-44,,81,33.10433889,-83.484672220,0,12,2,0,1,1,1,0,2,1,0,1,0,0000000,20,20,20,47,21,26,0,0,0,3,1
13,130800,2,2,0,0,0,2,2,139,0,1,10,2011,7,8,20,0,13,3,SR-60,,167,34.38056111,-83.875983330,0,12,2,0,1,1,1,0,1,1,0,1,0,0000000,99,99,99,99,99,99,0,0,0,1,0
13,130801,1,1,0,0,0,3,3,207,0,8,10,2011,7,8,0,1,1,1,I-75,,17,32.93971667,-83.776030560,0,35,0,0,1,1,4,0,1,1,0,1,0,0000000,7,53,8,9,8,38,0,0,0,1,0
13,130802,1,1,0,0,0,2,2,185,5680,9,10,2011,1,2,18,0,14,4,JERRY JONES DR,,23,30.86356667,-83.309250000,0,34,0,0,1,1,4,0,3,10,0,10,0,0000000,99,99,99,99,99,99,0,0,0,2,1
13,130803,3,3,0,0,0,7,7,255,0,1,10,2011,7,10,5,0,6,4,VAUGHN ROAD,,99999,33.28453889,-84.382758330,0,12,2,0,1,1,1,0,1,1,0,1,0,0000000,99,99,99,99,99,99,0,0,0,1,0
13,130804,3,3,0,0,0,4,4,257,0,1,10,2011,7,18,52,1,2,3,SR-17,WOLF PIT ROAD,36,34.51211667,-83.222158330,0,12,1,0,2,3,1,0,1,1,0,1,0,0000000,99,99,99,99,99,99,0,0,0,1,1
13,130805,1,1,0,0,0,2,2,95,90,2,10,2011,1,1,57,0,13,3,SR-91,GADSDEN DRIVE,106,31.55901111,-84.165700000,0,30,0,0,3,2,5,0,3,1,0,1,0,0000000,1,55,1,58,2,23,0,0,0,1,0
13,130806,2,2,0,1,1,3,3,153,0,5,10,2011,4,10,23,1,3,3,SR-26,,49,32.32249444,-83.715919440,0,8,0,0,1,1,1,0,1,1,0,1,0,0000000,10,23,10,40,99,99,0,0,0,1,0
13,130807,2,2,0,0,0,4,4,59,270,10,10,2011,2,12,18,1,13,2,US-441 / SR-15,,114,34.01219722,-83.387383330,0,12,6,0,1,1,1,0,1,2,0,2,0,0000000,12,19,12,26,12,56,0,0,0,2,0
13,130808,1,1,0,1,1,2,2,63,0,10,10,2011,2,3,24,1,13,2,US-19/41 / SR-3,,29,33.46782500,-84.335794440,0,8,0,0,1,1,1,0,2,1,0,1,0,0000000,3,30,3,30,3,55,0,0,0,1,0
13,130809,1,1,0,1,1,1,1,115,4760,11,10,2011,3,8,49,0,13,3,SR-20,,147,34.27070278,-85.220772220,0,8,0,0,1,1,2,0,1,2,0,2,0,0000000,8,49,8,53,9,8,0,0,0,1,0
13,130810,1,1,0,1,1,1,1,67,3440,14,10,2011,6,16,26,0,14,3,SR-120,,118,33.94254444,-84.531483330,0,8,0,0,1,1,1,0,1,10,0,10,0,0000000,16,26,16,31,16,56,0,0,0,1,0
13,130811,1,1,0,0,0,1,1,187,1480,5,10,2011,4,16,34,1,2,3,SR-9,,228,34.64310556,-83.911783330,0,1,0,0,1,1,5,0,1,1,0,1,0,0000000,88,88,88,88,88,88,0,0,0,1,1
13,130812,1,1,0,0,0,1,1,297,0,14,10,2011,6,18,38,0,5,4,WALTON RD,,99999,33.83240556,-83.714341670,0,1,0,0,1,1,4,0,1,1,0,1,0,0000000,99,99,99,99,99,99,0,0,0,1,1
13,130813,3,3,0,0,0,3,3,59,270,16,10,2011,1,23,14,0,14,4,DANIELSVILLE RD,,40,34.00730833,-83.348247220,0,12,1,0,1,1,1,0,2,1,0,1,0,0000000,23,14,23,27,88,88,0,0,0,1,2
13,130814,2,2,0,0,0,4,4,89,0,16,10,2011,1,17,30,0,13,2,US-23 / SR-13,,45,33.87361667,-84.295027780,0,12,6,0,1,1,1,0,1,1,0,1,0,0000000,17,30,17,38,99,99,0,0,0,2,0
13,130815,1,1,0,0,0,1,1,139,0,18,10,2011,3,99,99,0,14,3,SR-60,,43,34.22798611,-83.791919440,0,35,0,0,1,1,4,0,2,1,0,1,0,0000000,88,88,88,88,88,88,0,0,0,1,0
13,130816,1,1,0,0,0,1,1,89,0,19,10,2011,4,4,20,1,12,2,US-78 / SR-410,,29,33.82643889,-84.231280560,0,42,0,0,1,1,4,0,2,2,0,2,0,0000000,4,27,4,38,88,88,0,0,0,1,0
13,130817,1,1,0,0,0,1,1,51,0,21,10,2011,6,23,54,0,14,4,FERGUSON AVE,,8,31.95365556,-81.103019440,0,30,0,0,1,1,4,0,3,1,0,1,0,0000000,23,56,23,59,0,21,0,0,0,1,1
13,130818,2,2,0,0,0,2,2,77,0,21,10,2011,6,8,37,1,2,2,US-29 / SR-14,WELDON RD,267,33.49532778,-84.673583330,0,12,2,0,2,2,1,0,1,1,0,1,0,0000000,88,88,88,88,88,88,0,0,0,1,0