STATE,ST_CASE,VE_TOTAL,VE_FORMS,PVH_INVL,PEDS,PERNOTMVIT,PERMVIT,PERSONS,COUNTY,CITY,DAY,MONTH,YEAR,DAY_WEEK,HOUR,MINUTE,NHS,ROAD_FNC,ROUTE,TWAY_ID,TWAY_ID2,MILEPT,LATITUDE,LONGITUD,SP_JUR,HARM_EV,MAN_COLL,RELJCT1,RELJCT2,TYP_INT,REL_ROAD,WRK_ZONE,LGT_COND,WEATHER1,WEATHER2,WEATHER,SCH_BUS,RAIL,NOT_HOUR,NOT_MIN,ARR_HOUR,ARR_MIN,HOSP_HR,HOSP_MN,CF1,CF2,CF3,FATALS,DRUNK_DR
13,130819,2,2,0,1,1,2,2,121,5640,21,10,2011,6,20,21,0,13,2,US-29 / SR-14,MASON RD,119,33.60036111,-84.545030560,0,8,0,0,3,2,1,0,2,1,0,1,0,0000000,88,88,88,88,88,88,0,0,0,1,0
13,130820,1,1,0,0,0,1,1,215,1280,21,10,2011,6,6,12,1,13,2,US-27/ SR-520,,58,32.40513611,-84.925261110,0,33,0,0,1,1,3,0,2,1,0,1,0,0000000,6,15,6,21,6,48,0,0,0,1,0
13,130821,3,3,0,0,0,11,11,157,0,6,10,2011,5,15,59,1,1,1,I-85,,8,34.10607778,-83.785247220,0,12,1,0,1,1,1,0,1,1,0,1,0,0000000,99,99,99,99,99,99,0,0,0,2,0
13,130822,2,2,0,1,1,3,3,89,0,22,10,2011,7,4,7,1,11,1,I-285,,171,33.73641944,-84.231005560,0,8,0,0,1,1,1,0,2,1,0,1,0,0000000,4,7,4,19,88,88,14,0,0,1,0
13,130823,2,2,0,0,0,2,2,135,0,22,10,2011,7,23,48,0,15,4,HARBINS RD,,13,33.94880278,-83.838538890,0,12,2,0,1,1,1,0,2,1,0,1,0,0000000,99,99,99,99,99,99,0,0,0,1,0
13,130824,1,1,0,1,1,2,2,89,0,23,10,2011,1,21,45,0,14,2,US-23 / SR-42,,32,33.69165556,-84.349286110,0,8,0,0,1,1,1,0,2,1,0,1,0,0000000,22,2,22,18,88,88,0,0,0,1,0
13,130826,1,1,0,0,0,1,1,267,0,6,10,2011,5,8,15,0,5,3,SR-144,,99999,31.92807500,-82.002127780,0,35,0,0,1,1,5,0,1,1,0,1,0,0000000,88,88,88,88,88,88,0,0,0,1,0
13,130827,1,1,0,0,0,1,1,311,0,6,10,2011,5,14,54,1,2,3,SR-11,,32,34.54038611,-83.759069440,0,35,0,0,1,1,5,0,1,1,0,1,0,0000000,14,48,14,53,15,41,0,0,0,1,0
13,130828,1,1,0,0,0,3,3,155,0,8,10,2011,7,19,6,0,6,4,ARTHUR ROAD,,45,31.74307778,-83.413505560,0,34,0,0,1,1,5,0,1,1,0,1,0,0000000,19,13,19,30,19,54,0,0,0,2,1
13,130829,2,2,0,0,0,3,3,111,3770,9,10,2011,1,15,48,0,4,3,SR-60,,163,34.86057500,-84.229472220,0,12,6,0,1,1,1,0,1,1,0,1,0,0000000,15,57,16,18,16,47,0,0,0,2,0
13,130830,2,2,0,0,0,2,2,237,0,9,10,2011,1,9,15,1,12,3,SR-24,OLD GLENWOOD SPRINGS RD,108,33.30738889,-83.396802780,0,12,6,1,2,2,1,0,1,10,0,10,0,0000000,9,13,9,17,10,4,0,0,0,1,0
13,130831,1,1,0,0,0,2,2,241,0,9,10,2011,1,0,50,0,6,4,LUTHER WATTS ROAD,,99999,34.85548889,-83.400125000,0,35,0,0,1,1,5,0,2,1,0,1,0,0000000,0,55,1,2,1,29,0,0,0,1,1
13,130832,1,1,0,0,0,1,1,187,0,10,10,2011,2,1,5,0,3,3,SR-9,,99999,34.51167500,-84.068105560,0,35,0,0,1,1,5,0,2,1,0,1,0,0000000,88,88,88,88,88,88,0,0,0,1,0
13,130833,3,3,0,0,0,3,3,7,0,11,10,2011,3,10,40,0,3,3,SR-91,PRETORIA ROAD,168,31.32878056,-84.334530560,0,12,1,0,2,2,1,0,1,2,1,2,0,0000000,10,31,10,36,11,8,0,0,0,1,0
13,130834,1,1,0,0,0,2,2,69,0,11,10,2011,3,15,39,0,4,4,ANDREW TANNER ROAD,,57,31.48362222,-83.648580560,0,42,0,0,1,1,5,0,1,2,0,2,0,0000000,99,99,99,99,99,99,0,0,0,1,0
13,130835,2,2,0,0,0,3,3,217,1380,11,10,2011,3,16,19,1,11,1,I-20,,74,33.61378056,-83.830013890,0,25,0,0,1,1,3,0,1,2,0,2,0,0000000,16,19,16,28,17,33,0,0,0,1,0
13,130836,1,1,0,0,0,4,4,121,0,12,10,2011,4,12,27,0,16,4,ORKNEY LANE,,3,33.71109722,-84.538358330,0,42,0,0,1,1,5,0,1,10,0,10,0,0000000,12,27,12,34,13,12,0,0,0,2,0
13,130837,1,1,0,0,0,3,3,161,0,14,10,2011,6,12,50,0,5,4,PHILADEPHIA CHURCH,,74,31.93098611,-82.527452780,0,1,0,0,1,1,5,0,1,1,0,1,0,0000000,12,58,13,6,13,29,0,0,0,1,1
13,130838,1,1,0,0,0,1,1,147,0,15,10,2011,7,13,15,1,2,3,SR-17,,99999,34.26051667,-83.093752780,0,35,0,0,1,1,5,0,1,1,0,1,0,0000000,99,99,99,99,99,99,0,0,0,1,1
13,130839,1,1,0,0,0,1,1,175,0,15,10,2011,7,19,8,0,4,3,SR-338,,109,32.50047778,-83.116272220,0,11,0,0,1,1,1,0,2,1,0,1,0,0000000,99,99,99,99,99,99,0,0,0,1,0
13,130840,2,2,0,0,0,2,2,67,0,16,10,2011,1,14,33,0,14,4,CANTON ROAD,JAMERSON ROAD,48,34.06910000,-84.521505560,0,12,6,0,2,2,1,1,1,1,0,1,0,0000000,14,37,14,49,15,31,0,0,0,1,0
13,130841,3,3,0,0,0,6,6,55,0,17,10,2011,2,15,25,0,5,3,SR-48,BELL STREET,44,34.48475000,-85.479894440,0,12,6,0,2,2,1,0,1,1,0,1,0,0000000,15,34,15,45,16,23,0,0,0,1,0
13,130842,1,1,0,0,0,1,1,135,0,23,10,2011,1,7,1,0,15,4,NEW HOPE RD,,99999,33.91475000,-83.875994440,0,42,0,0,1,1,4,0,1,1,0,1,0,0000000,7,1,7,11,88,88,0,0,0,1,0
13,130843,2,2,0,0,0,2,2,95,90,28,10,2011,6,15,47,0,14,6,BLAYLOCK ST,E RESIDENCE AVE,3,31.58204444,-84.125125000,0,12,6,0,2,2,1,0,1,1,0,1,0,0000000,99,99,99,99,99,99,0,0,0,1,0
13,130844,1,1,0,0,0,1,1,67,0,29,10,2011,7,13,59,0,15,4,HURT RD,,12,33.86783611,-84.606941670,0,42,0,0,1,1,4,0,1,1,0,1,0,0000000,13,59,14,6,88,88,0,0,0,1,1
13,130845,2,2,0,0,0,5,5,73,0,31,10,2011,2,7,31,0,14,3,SR-232,,99999,33.52566667,-82.259161110,0,12,11,0,8,1,1,0,4,10,0,10,0,0000000,7,43,7,54,8,19,0,0,0,1,0
13,130846,1,1,0,0,0,1,1,27,4530,18,10,2011,3,4,55,1,2,3,SR-38,NORTH QUINCY STREET,104,30.78525556,-83.565377780,0,59,0,0,2,3,5,0,2,1,0,1,0,0000000,88,88,88,88,88,88,0,0,0,1,1
13,130847,3,3,0,0,0,4,4,123,2000,18,10,2011,3,12,40,0,4,3,SR-136,,14,34.57966944,-84.636975000,0,12,8,0,1,1,1,0,1,1,0,1,0,0000000,88,88,88,88,88,88,0,0,0,1,0
13,130848,2,2,0,0,0,2,2,137,0,18,10,2011,3,17,52,0,4,3,SR-17,,54,34.61218333,-83.495486110,0,12,2,0,1,1,1,0,1,2,0,2,0,0000000,17,52,17,58,18,25,0,0,0,1,0
13,130849,1,1,0,0,0,1,1,211,3400,18,10,2011,3,14,24,1,1,1,I-20,,78,33.57839722,-83.538411110,0,52,0,0,1,1,3,1,1,2,0,2,0,0000000,88,88,88,88,88,88,0,0,0,1,0
13,130850,2,2,0,0,0,3,3,25,0,19,10,2011,4,13,30,0,3,3,SR-32,BROWNTOWN ROAD,156,31.33422222,-81.776488890,0,12,6,0,2,2,1,0,1,10,0,10,0,0000000,88,88,88,88,88,88,0,0,0,2,0
13,130851,1,1,0,1,1,1,1,139,0,19,10,2011,4,2,5,0,2,3,SR-53,,24,34.33111389,-83.920852780,0,8,0,0,1,1,1,0,2,2,0,2,0,0000000,2,5,2,11,88,88,0,0,0,1,0
13,130852,1,1,0,1,1,1,1,9,3620,20,10,2011,5,19,20,1,13,3,SR-22,,118,33.08202500,-83.223394440,0,8,0,0,1,1,1,0,2,1,0,1,0,0000000,99,99,99,99,99,99,0,0,0,1,0
13,130853,1,1,0,0,0,1,1,197,0,20,10,2011,5,13,53,1,3,3,SR-26,,161,32.25839167,-84.416441670,0,32,0,0,1,1,5,0,1,1,0,1,0,0000000,88,88,88,88,88,88,0,0,0,1,0
13,130854,2,2,0,0,0,6,6,267,0,20,10,2011,5,16,5,0,3,3,SR-144,,156,31.92399444,-81.887413890,0,12,2,0,1,1,1,0,1,10,0,10,0,0000000,16,14,16,55,17,33,0,0,0,5,0
13,130855,1,1,0,0,0,1,1,45,0,22,10,2011,7,23,50,0,4,3,SR-16,,56,33.63895278,-85.204738890,0,42,0,0,1,1,5,0,2,1,0,1,0,0000000,23,59,0,8,1,18,20,0,0,1,1
13,130856,1,1,0,0,0,1,1,217,0,22,10,2011,7,22,38,0,6,4,ELKS CLUB ROAD,,25,33.56331667,-83.797755560,0,42,0,0,1,1,5,0,2,1,0,1,0,0000000,88,88,88,88,88,88,0,0,0,1,0
13,130857,1,1,0,0,0,1,1,55,0,23,10,2011,1,12,5,0,6,4,FOSTER MANNING ROAD,,99999,34.40483889,-85.289258330,0,1,0,0,1,1,5,0,1,1,0,1,0,0000000,12,4,12,14,88,88,0,0,0,1,0
13,130858,2,2,0,0,0,5,5,129,0,23,10,2011,1,14,41,0,13,3,SR-53,,128,34.45129444,-84.887591670,0,12,2,0,1,1,1,0,1,1,0,1,0,0000000,14,41,14,49,15,39,0,0,0,1,0
13,130859,1,1,0,0,0,1,1,19,0,25,10,2011,3,11,52,0,4,3,SR-37,,29,31.11426389,-83.303558330,0,34,0,0,1,1,5,0,1,1,0,1,0,0000000,88,88,88,88,88,88,0,0,0,1,1
13,130860,2,2,0,0,0,3,3,227,0,25,10,2011,3,11,58,0,4,4,TALKING ROCK ROAD,,33,34.50986667,-84.494911110,0,30,0,0,1,1,5,0,1,1,0,1,0,0000000,99,99,99,99,99,99,0,0,0,1,0
13,130861,1,1,0,1,1,4,4,277,5490,26,10,2011,4,22,5,1,13,3,SR-520,SOUTH RIDGE AVENUE,96,31.45063333,-83.516463890,0,8,0,0,2,2,1,0,3,1,0,1,0,0000000,88,88,88,88,88,88,0,0,0,1,0
13,130862,1,1,0,0,0,1,1,149,0,27,10,2011,5,20,2,0,3,3,SR-34,,99999,33.29525278,-85.077819440,0,1,0,0,1,1,1,0,2,1,0,1,0,0000000,99,99,99,99,99,99,0,0,0,1,0
13,130863,1,1,0,0,0,3,3,147,0,29,10,2011,7,18,40,0,6,4,WHIPPORWILL TRAIL,,99999,34.30741944,-82.870597220,0,42,0,0,1,1,5,0,5,1,0,1,0,0000000,99,99,99,99,99,99,0,0,0,1,0
13,130864,2,2,0,0,0,3,3,185,0,29,10,2011,7,16,45,1,11,1,I-75,,129,30.77880556,-83.296458330,0,12,7,0,1,1,1,0,1,1,0,1,0,0000000,88,88,88,88,88,88,0,0,0,2,0
13,130865,1,1,0,0,0,1,1,255,0,29,10,2011,7,3,10,0,4,4,E. MCINTOSH ROAD,,75,33.28355000,-84.221744440,0,32,0,0,1,1,6,0,2,2,1,2,0,0000000,99,99,99,99,99,99,0,0,0,1,1
13,130866,1,1,0,0,0,1,1,279,0,29,10,2011,7,16,0,0,4,3,SR-66,,75,32.05967222,-82.327425000,0,42,0,0,1,1,5,0,1,1,0,1,0,0000000,88,88,88,88,88,88,0,0,0,1,1
13,130867,1,1,0,0,0,1,1,157,0,31,10,2011,2,6,59,0,4,3,SR-124,,104,34.10375833,-83.626325000,0,42,0,0,1,1,5,0,2,1,0,1,0,0000000,88,88,88,88,88,88,0,0,0,1,0
13,130868,3,3,0,1,1,3,3,129,0,14,10,2011,6,22,24,0,3,3,SR-225,,34,34.55483889,-84.893308330,0,8,0,0,1,1,1,0,2,1,0,1,0,0000000,22,24,22,44,22,59,23,0,0,1,1
13,130869,1,1,0,1,1,1,1,135,5300,28,10,2011,6,6,31,0,13,6,PEACHTREE IND BLVD,,137,34.06685556,-84.070427780,0,8,0,0,1,1,1,0,2,10,0,10,0,0000000,6,31,6,36,6,55,23,0,0,1,0
13,130870,1,1,0,0,0,7,7,207,0,31,7,2011,1,18,8,1,1,1,I-75,,234,33.15254444,-84.033586110,0,1,0,0,1,1,1,0,1,1,0,1,0,0000000,18,1,18,7,19,12,0,0,0,1,0
13,130871,1,1,0,0,0,1,1,15,0,14,8,2011,1,3,5,1,11,1,I-75,,47,34.10143611,-84.726288890,0,2,0,0,1,1,1,0,2,1,0,1,0,0000000,88,88,88,88,88,88,0,0,0,1,0
13,130872,2,2,0,0,0,2,2,97,0,7,9,2011,4,17,0,0,14,4,MAXAHM RD,,13,33.80032778,-84.620119440,0,12,6,0,8,1,1,0,1,1,0,1,0,0000000,99,99,99,99,99,99,0,0,0,1,0
13,130873,1,1,0,1,1,1,1,297,0,1,11,2011,3,18,7,0,6,4,BROADNAX MILL RD,,28,33.79941944,-83.833702780,0,9,0,0,1,1,1,0,1,1,0,1,0,0000000,18,9,18,15,18,35,0,0,0,1,0
13,130874,2,2,0,0,0,2,2,321,0,1,11,2011,3,19,49,0,2,3,SR-300,SR-32,53,31.72625556,-83.987088890,0,12,6,0,2,2,1,0,2,1,0,1,0,0000000,19,51,20,0,20,36,0,0,0,1,1
13,130875,2,2,0,0,0,3,3,45,5730,3,11,2011,5,18,48,0,3,3,SR-101,,99999,33.76518611,-84.952755560,0,12,6,0,8,1,1,0,2,2,0,2,0,0000000,18,48,19,8,19,36,0,0,0,1,0
13,130876,1,1,0,0,0,1,1,57,6040,3,11,2011,5,2,7,0,16,4,BELLS FERRY RD,ROBIN RD,99999,34.09342500,-84.582772220,0,33,0,0,2,2,3,0,2,1,0,1,0,0000000,88,88,88,88,88,88,0,0,0,1,1
13,130877,2,2,0,0,0,2,2,135,0,4,11,2011,6,7,39,1,13,4,PLEASANT HILL RD,VENTURE DR,36,33.95436944,-84.131422220,0,12,6,0,2,2,1,0,1,1,0,1,0,0000000,7,40,7,44,8,4,0,0,0,1,0
13,130878,2,2,0,0,0,2,2,145,9997,4,11,2011,6,10,25,0,3,3,SR-85,,112,32.71055278,-84.712755560,0,12,2,0,1,1,1,0,1,10,0,10,0,0000000,88,88,88,88,88,88,0,0,0,1,0
13,130879,1,1,0,0,0,3,3,227,0,4,11,2011,6,4,30,0,4,3,SR-136,,130,34.51511389,-84.428638890,0,1,0,0,1,1,4,0,2,10,0,10,0,0000000,99,99,99,99,99,99,0,0,0,2,0
13,130880,2,2,0,0,0,3,3,313,0,4,11,2011,6,15,48,0,14,4,MT VERNON RD,HELTON RD,19,34.81267222,-85.053816670,0,12,2,0,3,3,1,0,1,1,0,1,0,0000000,15,54,15,58,16,35,0,0,0,1,0
13,130881,1,1,0,0,0,1,1,69,0,5,11,2011,7,23,27,0,4,3,SR-206,,47,31.61087500,-82.952438890,0,32,0,0,1,1,4,0,2,1,0,1,0,0000000,23,30,23,37,23,52,0,0,0,1,0
13,130882,3,3,0,0,0,10,10,121,1250,5,11,2011,7,12,13,0,14,4,FLAT SHOALS RD,,13,33.58300000,-84.487113890,0,12,8,0,1,1,1,0,1,1,0,1,0,0000000,12,30,12,38,99,99,0,0,0,2,0
13,130883,2,2,0,0,0,3,3,265,1410,6,11,2011,1,23,58,1,1,1,I-20,,34,33.53186389,-82.986147220,0,12,6,0,1,1,1,0,2,1,0,1,0,0000000,99,99,99,99,99,99,0,0,0,1,0
13,130884,1,1,0,0,0,1,1,285,3050,6,11,2011,1,21,33,0,3,2,US-29 / SR-14,,226,33.07591389,-84.949816670,0,42,0,0,1,1,4,0,2,1,0,1,0,0000000,99,99,99,99,99,99,0,0,0,1,1
13,130885,2,2,0,0,0,4,4,223,2740,7,11,2011,2,18,58,1,13,2,US-278 / SR-6,ATLANTA HWY,136,33.90181111,-84.771522220,0,12,6,0,2,2,1,0,2,1,0,1,0,0000000,99,99,99,99,99,99,0,0,0,1,0
13,130886,2,2,0,0,0,2,2,261,170,7,11,2011,2,6,34,1,2,2,US-280 / SR-30,,239,31.99794444,-84.104883330,0,12,2,0,1,1,1,0,2,1,0,1,0,0000000,6,37,6,48,7,56,0,0,0,1,0
13,130887,3,3,0,0,0,6,6,265,0,7,11,2011,2,0,57,1,1,1,I-20,,40,33.53045278,-82.922575000,0,12,1,0,1,1,1,0,2,1,0,1,0,0000000,0,58,1,10,1,51,19,0,0,2,0
13,130888,2,2,0,0,0,2,2,123,2000,8,11,2011,3,16,33,0,4,3,SR-136,,17,34.58231944,-84.632122220,0,12,2,0,1,1,1,0,1,1,0,1,0,0000000,88,88,88,88,88,88,99,99,99,1,1
13,130889,1,1,0,0,0,1,1,15,0,9,11,2011,4,14,0,0,16,6,DOUGLAS ST,,0,34.17953611,-84.794672220,0,39,0,0,1,1,1,0,1,10,0,10,0,0000000,13,50,13,55,14,58,0,0,0,1,0
13,130890,1,1,0,1,1,3,3,15,0,9,11,2011,4,19,35,0,3,2,US-41 / SR-3,,10,34.09282500,-84.740133330,0,8,0,0,1,1,2,0,2,10,0,10,0,0000000,19,37,19,43,20,31,0,0,0,1,0
13,130891,2,2,0,0,0,2,2,105,1950,9,11,2011,4,14,2,0,4,4,DEEP CREEK RD,,30,34.15684167,-83.005705560,0,12,2,0,1,1,1,0,1,99,0,99,0,0000000,14,3,14,16,15,30,0,0,0,1,0
13,130892,1,1,0,1,1,1,1,245,310,9,11,2011,4,19,38,0,13,3,SR-4,LANEY WALKER BLVD,235,33.47020556,-81.991844440,0,9,0,0,3,2,1,0,3,1,0,1,0,0000000,19,39,19,44,20,7,0,0,0,1,0
13,130893,1,1,0,1,1,1,1,67,0,10,11,2011,5,23,38,0,14,3,SR-139 / MABLETON PKWY,,26,33.80383611,-84.568397220,0,8,0,0,1,1,1,0,2,1,0,1,0,0000000,88,88,88,88,88,88,0,0,0,1,0
13,130894,2,2,0,0,0,2,2,107,0,10,11,2011,5,10,1,0,3,3,SR-57,,47,32.65331944,-82.419505560,0,12,2,0,1,1,1,0,1,10,0,10,0,0000000,10,1,10,7,11,21,0,0,0,2,0
13,130895,2,2,0,0,0,4,4,153,5790,10,11,2011,5,6,28,0,14,6,MOODY RD,HELEN TERR,31,32.58627778,-83.622819440,0,12,6,0,2,3,1,0,3,2,0,2,0,0000000,6,29,6,34,6,52,0,0,0,1,0
13,130896,1,1,0,0,0,1,1,321,0,10,11,2011,5,20,3,0,6,4,MASSEY AIRPORT RD,,51,31.51846111,-83.866450000,0,34,0,0,1,1,4,0,2,1,0,1,0,0000000,88,88,88,88,88,88,0,0,0,1,1
13,130897,2,2,0,0,0,2,2,299,0,11,11,2011,6,15,12,0,13,4,ALBANY AVE,,52,31.22824722,-82.403700000,0,12,1,1,8,1,1,0,1,1,0,1,0,0000000,15,14,15,17,15,58,0,0,0,1,0
13,130898,1,1,0,0,0,3,3,151,0,12,11,2011,7,21,22,0,5,4,SIMPSON MILL RD,BO SIMPSON PKWY,1,33.40363611,-84.214227780,0,32,0,0,3,3,4,0,2,1,0,1,0,0000000,21,22,21,22,23,9,0,0,0,2,0
13,130899,1,1,0,1,1,2,2,131,850,13,11,2011,1,12,2,0,5,4,BOLD SPRINGS RD,,135,30.91149722,-84.101197220,0,15,0,0,8,1,1,0,1,1,0,1,0,0000000,12,4,12,9,12,28,0,0,0,1,0
13,130900,1,1,0,0,0,4,4,185,0,13,11,2011,1,3,12,0,4,4,STATEN RD,,50,30.95077222,-83.292350000,0,34,0,0,1,1,4,0,2,1,0,1,0,0000000,3,11,3,20,3,41,0,0,0,3,1
13,130901,2,2,0,1,1,4,4,185,5680,14,11,2011,2,19,44,0,15,4,N OAK ST EXT,,12,30.89002778,-83.285797220,0,8,0,0,1,1,1,0,2,1,0,1,0,0000000,88,88,88,88,88,88,0,0,0,1,0
13,130902,1,1,0,1,1,1,1,261,170,14,11,2011,2,19,17,1,13,2,US-19 / SR-3,RUCKER ST,128,32.09011111,-84.240508330,0,8,0,0,3,3,1,0,2,1,0,1,0,0000000,19,17,19,21,20,17,0,0,0,1,0
13,130903,3,3,0,0,0,5,5,135,0,17,11,2011,5,13,1,0,14,4,LAWRENCEVILLE SUWANEE,RIVERSIDE PKWY,41,33.98470278,-84.023291670,0,12,11,0,2,3,1,0,1,1,0,1,0,0000000,13,1,13,11,13,27,0,0,0,2,0
13,130904,1,1,0,0,0,1,1,255,0,17,11,2011,5,10,15,0,3,3,SR-155,,83,33.27737778,-84.202725000,0,34,0,0,1,1,4,0,1,1,0,1,0,0000000,99,99,99,99,99,99,0,0,0,1,0
13,130905,1,1,0,0,0,5,5,81,0,20,11,2011,1,4,30,0,13,3,SR-300,,117,31.92321667,-83.766263890,0,1,0,0,1,1,1,0,2,10,0,10,0,0000000,4,36,4,47,5,2,0,0,0,3,0
13,130906,1,1,0,1,1,1,1,89,0,21,11,2011,2,19,48,0,16,4,CONTINENTAL WAY,,6,33.68493611,-84.310580560,0,8,0,0,1,1,1,0,3,1,0,1,0,0000000,19,52,20,5,20,14,0,0,0,1,0
13,130907,1,1,0,0,0,1,1,231,0,22,11,2011,3,20,51,0,6,4,CHAPEL HILL RD,,3,33.17278333,-84.334061110,0,53,0,0,1,1,4,0,2,2,1,2,0,0000000,20,58,21,14,88,88,0,0,0,1,0
13,130908,2,2,0,0,0,5,5,215,1280,23,11,2011,4,23,12,1,13,2,US-27 / VICTORY DR,30TH AVE,24,32.43802500,-84.960866670,0,12,6,0,2,3,1,0,3,1,0,1,0,0000000,23,12,23,12,0,3,0,0,0,1,1
13,130909,1,1,0,0,0,1,1,151,0,24,11,2011,5,16,20,0,5,4,S OLA RD,,23,33.39718611,-84.054119440,0,42,0,0,1,1,4,0,1,1,0,1,0,0000000,16,20,16,20,17,55,0,0,0,1,0
13,130910,1,1,0,1,1,1,1,135,5300,25,11,2011,6,3,8,1,11,1,I-85,,143,34.02909167,-84.049694440,0,8,0,0,1,1,1,0,2,1,0,1,0,0000000,88,88,88,88,88,88,0,0,0,1,0
13,130911,1,1,0,0,0,1,1,45,970,27,11,2011,1,14,57,0,5,4,SANDHILL SHADY GROVE RD,RUSSELL LANE,11,33.64010556,-84.999580560,0,42,0,0,3,3,4,0,1,1,0,1,0,0000000,14,59,15,11,15,42,0,0,0,1,0
13,130912,1,1,0,0,0,1,1,13,5980,29,11,2011,3,14,34,0,16,6,BEULAH ST,,0,33.99271944,-83.725733330,0,10,0,0,6,1,1,0,1,1,0,1,0,640128L,88,88,88,88,88,88,0,0,0,1,0
13,130913,1,1,0,0,0,1,1,63,0,30,11,2011,4,10,35,1,11,1,I-675,,20,33.57773611,-84.278111110,0,42,0,0,1,1,4,0,1,10,0,10,0,0000000,10,38,10,48,11,37,0,0,0,1,0
13,130914,2,2,0,0,0,4,4,135,0,30,11,2011,4,7,5,0,16,4,DICKENS RD,DUNDEE DR,13,33.90342778,-84.159800000,0,12,2,0,3,3,1,0,4,10,0,10,0,0000000,7,7,7,13,8,6,0,0,0,1,1
13,130915,2,2,0,0,0,2,2,117,0,3,11,2011,5,8,39,1,13,3,SR-20,WINDERMERE PKWY,141,34.13686389,-84.101216670,0,12,6,0,2,2,1,0,1,10,0,10,0,0000000,8,40,8,48,9,7,0,0,0,1,0
13,130916,1,1,0,0,0,1,1,51,4910,11,11,2011,6,1,19,0,13,6,WHITE BLUFF RD,,65,32.02026944,-81.113738890,0,30,0,0,1,1,4,0,3,1,0,1,0,0000000,1,21,1,29,88,88,0,0,0,1,1
13,130917,1,1,0,1,1,1,1,245,310,13,11,2011,1,20,34,0,16,4,SKINNER MILL RD,,9,33.50514722,-82.052547220,0,8,0,0,1,1,1,0,2,1,0,1,0,0000000,88,88,88,88,88,88,19,0,0,1,0
13,130918,1,1,0,1,1,1,1,117,0,16,11,2011,4,19,28,0,14,4,MCGINNIS FERRY RD,,69,34.07027500,-84.178222220,0,8,0,0,1,1,1,0,2,2,0,2,0,0000000,19,28,19,30,19,55,0,0,0,1,0
13,130919,1,1,0,0,0,1,1,117,0,16,11,2011,4,13,56,0,14,4,BROOKWOOD RD,,11,34.08583611,-84.187952780,0,16,0,0,1,1,1,0,1,2,0,2,0,0000000,13,59,14,10,88,88,0,0,0,1,0
13,130920,1,1,0,0,0,1,1,89,0,29,11,2011,3,15,38,0,9,3,SR-260 / GLENWOOD RD,,99999,33.73831111,-84.273186110,0,38,0,0,1,1,4,0,1,2,0,2,0,0000000,15,38,15,40,88,88,0,0,0,1,1
13,130921,1,1,0,1,1,1,1,89,0,30,11,2011,4,21,55,0,14,2,US-23 / SR-42,,23,33.67960000,-84.345613890,0,8,0,0,1,1,1,0,3,1,0,1,0,0000000,88,88,88,88,88,88,0,0,0,1,0
13,130922,1,1,0,0,0,1,1,121,1250,6,11,2011,1,1,50,1,11,1,I-285 RAMP,,621,33.61994167,-84.475336110,0,24,0,1,5,1,4,0,2,1,0,1,0,0000000,1,51,1,55,88,88,0,0,0,1,1
13,130923,1,1,0,1,1,1,1,155,0,14,11,2011,2,14,5,0,6,4,EVERGREEN DR,,6,31.59875556,-83.165130560,0,15,0,0,1,1,1,0,1,1,0,1,0,0000000,14,5,14,10,14,39,0,0,0,1,0
13,130924,1,1,0,1,1,1,1,71,3800,7,11,2011,2,17,35,1,13,3,SR-133 / 1ST AVE,,136,31.16996667,-83.747088890,0,9,0,0,8,1,1,0,1,1,0,1,0,0000000,88,88,88,88,88,88,0,0,0,1,0
13,130925,2,2,0,0,0,3,3,263,2980,25,4,2011,2,14,15,1,2,3,SR-96,,89,32.59473333,-84.423241670,0,12,1,0,1,1,1,0,1,1,0,1,0,0000000,99,99,99,99,99,99,0,0,0,2,0
13,130926,2,2,0,0,0,2,2,257,0,5,4,2011,3,12,38,1,13,3,SR-17,MEMORIAL DRIVE,83,34.54827500,-83.278741670,0,12,6,1,2,2,1,0,1,1,0,1,0,0000000,99,99,99,99,99,99,0,0,0,1,0
13,130927,2,2,0,0,0,4,4,151,0,13,4,2011,4,10,11,0,14,4,JONESBORO ROAD,CHAMBERS ROAD,41,33.46448333,-84.232322220,0,12,6,0,2,2,1,0,1,1,0,1,0,0000000,10,11,10,11,10,55,0,0,0,1,0
13,130928,2,2,0,0,0,2,2,161,0,14,4,2011,5,15,8,0,6,4,WILLIAMS STREET,COFFEE STREET,8,31.87393611,-82.595541670,0,12,6,0,2,2,1,0,1,1,0,1,0,0000000,99,99,99,99,99,99,0,0,0,1,0
13,130929,3,3,0,0,0,3,3,157,0,17,4,2011,1,11,42,0,3,3,SR-11,SR-11 BUSINESS,57,34.10387500,-83.593405560,0,12,6,0,2,2,1,0,1,1,0,1,0,0000000,99,99,99,99,99,99,0,0,0,1,0
13,130930,2,2,0,0,0,6,6,87,370,22,4,2011,6,15,50,1,13,3,SR-38,COLLEGE ROAD,159,30.90276111,-84.536408330,0,12,6,0,2,2,1,0,1,1,0,1,0,0000000,15,50,15,54,16,25,0,0,0,1,0
13,130931,6,6,0,0,0,11,11,211,3400,7,9,2011,4,16,24,1,1,1,I-20,,119,33.55545833,-83.468277780,0,12,1,0,1,1,1,1,1,1,0,1,0,0000000,16,25,16,35,17,29,0,0,0,1,0
13,130932,2,2,0,0,0,3,3,187,1480,8,10,2011,7,15,18,0,3,3,SR-9,BEN HIGGINS ROAD,73,34.52259444,-84.038416670,0,12,7,0,2,3,1,0,1,1,0,1,0,0000000,15,15,15,27,16,27,0,0,0,1,0