STATE,ST_CASE,VE_TOTAL,VE_FORMS,PVH_INVL,PEDS,PERNOTMVIT,PERMVIT,PERSONS,COUNTY,CITY,DAY,MONTH,YEAR,DAY_WEEK,HOUR,MINUTE,NHS,ROAD_FNC,ROUTE,TWAY_ID,TWAY_ID2,MILEPT,LATITUDE,LONGITUD,SP_JUR,HARM_EV,MAN_COLL,RELJCT1,RELJCT2,TYP_INT,REL_ROAD,WRK_ZONE,LGT_COND,WEATHER1,WEATHER2,WEATHER,SCH_BUS,RAIL,NOT_HOUR,NOT_MIN,ARR_HOUR,ARR_MIN,HOSP_HR,HOSP_MN,CF1,CF2,CF3,FATALS,DRUNK_DR
13,130933,1,1,0,0,0,2,2,29,2218,15,10,2011,7,19,5,1,3,3,SR-144,,59,99.99990000,999.999900000,2,34,0,0,1,1,5,0,2,1,0,1,0,0000000,99,99,99,99,99,99,0,0,0,1,0
13,130934,2,2,0,0,0,2,2,115,4760,31,10,2011,2,17,18,0,4,3,SR-100,MORTON BEND ROAD,108,34.24057778,-85.355502780,0,12,8,0,1,1,1,0,1,1,0,1,0,0000000,17,18,17,18,18,26,0,0,0,1,0
13,130935,1,1,0,0,0,1,1,299,5850,3,11,2011,5,18,44,1,13,3,SR-38,,193,31.21400556,-82.353552780,0,5,0,0,1,1,1,0,3,1,0,1,0,0000000,18,44,18,49,19,5,0,0,0,1,0
13,130936,2,2,0,0,0,4,4,57,0,4,11,2011,6,15,18,1,2,4,KNOX BRIDGE HIGHWAY,RHIND ROAD,3,34.21406667,-84.649005560,0,12,6,0,1,1,1,0,1,1,0,1,0,0000000,15,18,15,18,16,14,19,0,0,1,0
13,130937,2,2,0,0,0,2,2,115,4760,9,11,2011,4,15,41,1,13,3,SR-1,CALHOUN ROAD,44,34.27932500,-85.126255560,0,12,6,0,2,2,1,0,1,10,0,10,0,0000000,15,41,15,41,16,8,0,0,0,1,0
13,130938,1,1,0,0,0,1,1,295,0,9,11,2011,4,18,0,0,6,4,LEE CLARKSTON ROAD,,99999,34.86103333,-85.279338890,0,42,0,0,1,1,5,0,2,2,0,2,0,0000000,99,99,99,99,99,99,0,0,0,1,0
13,130939,2,2,0,0,0,4,4,157,1300,12,11,2011,7,11,4,1,1,1,I-85,,99999,34.23137222,-83.496850000,0,12,6,0,1,1,1,0,1,1,0,1,0,0000000,88,88,88,88,88,88,0,0,0,1,0
13,130940,2,2,0,0,0,2,2,253,9997,13,11,2011,1,13,50,0,5,4,BRACKIN ROAD,,68,31.02525556,-84.943661110,0,12,1,0,1,1,1,0,1,1,0,1,0,0000000,99,99,99,99,99,99,0,0,0,1,0
13,130941,2,2,0,0,0,3,3,81,0,13,11,2011,1,13,3,1,2,3,SR-30,PEINA ROAD,143,31.95031944,-83.698688890,0,12,2,0,3,4,1,0,1,1,0,1,0,0000000,99,99,99,99,99,99,0,0,0,1,0
13,130942,2,2,0,0,0,2,2,89,0,14,11,2011,2,2,34,1,11,1,I-20,,118,33.70643889,-84.200819440,0,12,2,0,1,1,1,0,3,1,0,1,0,0000000,2,35,2,40,3,42,0,0,0,1,1
13,130943,1,1,0,2,2,1,1,89,0,15,11,2011,3,5,30,1,11,1,I-285,,121,33.80466389,-84.250100000,0,8,0,0,1,1,1,0,2,1,0,1,0,0000000,5,32,5,52,6,38,19,23,0,2,0
13,130944,1,1,0,2,2,1,1,89,0,15,11,2011,3,17,42,0,14,4,COVINGTON HIGHWAY,PAUL EDWIN DRIVE,16,33.75691111,-84.238625000,0,15,0,0,2,3,1,0,3,10,0,10,0,0000000,17,45,17,54,18,25,0,0,0,1,0
13,130945,1,1,0,0,0,1,1,111,3350,15,11,2011,3,6,20,0,6,4,MOBILE ROAD,,99999,34.98606389,-84.388011110,0,42,0,0,1,1,5,0,4,10,0,10,0,0000000,88,88,88,88,88,88,0,0,0,1,0
13,130946,1,1,0,1,1,1,1,135,3100,15,11,2011,3,22,18,0,16,6,OLD NORCROSS ROAD,MONFORT ROAD,99999,33.95448056,-84.021483330,0,8,0,0,2,2,1,0,2,2,0,2,0,0000000,22,24,22,25,22,41,0,0,0,1,0
13,130947,1,1,0,0,0,1,1,143,0,15,11,2011,3,15,15,0,4,3,SR-100,,1,33.66038889,-85.268016670,8,1,0,0,1,1,5,0,1,2,0,2,0,0000000,15,11,15,21,16,54,0,0,0,1,0
13,130948,2,2,0,0,0,2,2,179,0,15,11,2011,3,8,18,0,3,3,SR-144,,10,99.99990000,999.999900000,0,12,8,0,1,1,1,0,1,5,0,5,0,0000000,88,88,88,88,88,88,0,0,0,1,0
13,130949,2,2,0,0,0,2,2,229,4250,15,11,2011,3,5,58,0,3,3,SR-32,ZIRKLE ROAD,182,31.35391389,-82.045897220,0,12,6,0,2,2,1,0,2,5,0,5,0,0000000,99,99,99,99,99,99,0,0,0,1,0
13,130950,2,2,0,0,0,3,3,21,3390,16,11,2011,4,5,40,0,13,6,EMERY HIGHWAY,SHORT STREET,75,32.84813889,-83.607563890,0,12,6,0,2,2,1,0,4,10,0,10,0,0000000,5,39,5,46,6,0,0,0,0,1,0
13,130951,2,2,0,0,0,2,2,223,0,16,11,2011,4,6,21,0,3,3,SR-61,,187,34.00935556,-84.865241670,0,12,2,0,1,1,1,0,4,2,0,2,0,0000000,6,18,6,34,7,22,0,0,0,1,0
13,130952,2,2,0,0,0,2,2,97,1770,17,11,2011,5,6,10,0,14,3,SR-92,CAVE SPRINGS ROAD,135,33.78142222,-84.748088890,0,12,6,0,2,2,1,0,1,10,0,10,0,0000000,99,99,99,99,99,99,0,0,0,1,0
13,130953,2,2,0,0,0,5,5,153,5790,17,11,2011,5,13,58,0,14,6,GREEN STREET,HOLLY STREE,13,32.62634722,-83.632963890,0,12,6,0,2,3,1,0,1,1,0,1,0,0000000,14,4,14,13,14,49,0,0,0,1,0
13,130954,3,3,0,0,0,5,5,13,0,18,11,2011,6,13,15,1,2,3,SR-316,PATRICK MILL ROAD,21,33.96196944,-83.796180560,0,12,6,0,2,2,1,0,1,1,0,1,0,0000000,99,99,99,99,99,99,0,0,0,1,0
13,130955,1,1,0,2,2,1,1,25,0,18,11,2011,6,2,0,0,5,4,CR-226,,19,31.16063333,-81.991144440,0,8,0,0,1,1,1,0,2,1,0,1,0,0000000,88,88,88,88,88,88,0,0,0,2,0
13,130956,1,1,0,0,0,1,1,49,0,18,11,2011,6,4,49,0,4,3,SR-23,,9,30.37984722,-82.135497220,0,1,0,0,1,1,5,0,2,1,0,1,0,0000000,88,88,88,88,88,88,0,0,0,1,1
13,130957,2,2,0,0,0,3,3,175,0,18,11,2011,6,13,6,1,2,3,SR-31,,99,32.32986111,-82.922222220,0,12,2,0,1,1,1,0,1,1,0,1,0,0000000,13,5,13,27,13,48,0,0,0,2,0
13,130958,1,1,0,0,0,1,1,179,0,18,11,2011,6,23,31,0,16,4,LAKE ROSALIND DRIVE,,99999,31.81764722,-81.363450000,0,1,0,0,1,1,5,0,2,1,0,1,0,0000000,99,99,99,99,99,99,0,0,0,1,0
13,130959,1,1,0,0,0,2,2,3,0,19,11,2011,7,23,46,0,5,4,COGDELL HIGHWAY,,99999,31.28333611,-82.836472220,0,53,0,0,1,1,5,0,2,1,0,1,0,0000000,99,99,99,99,99,99,0,0,0,1,0
13,130960,2,2,0,0,0,3,3,85,0,19,11,2011,7,10,41,0,3,3,SR-53,SR-183,67,34.42771111,-84.159325000,0,12,6,0,2,4,1,0,1,1,0,1,0,0000000,10,44,10,49,12,29,0,0,0,1,0
13,130961,1,1,0,0,0,3,3,121,280,19,11,2011,7,21,51,0,14,6,JONESBORO ROAD,,16,33.67100000,-84.372625000,0,33,0,0,1,1,5,0,3,1,0,1,0,0000000,21,58,22,14,22,55,20,0,0,1,1
13,130962,2,2,0,0,0,3,3,277,5490,7,4,2011,5,17,34,1,11,1,I-75,,112,31.47893889,-83.519138890,0,12,7,0,1,1,1,0,1,1,0,1,0,0000000,17,28,17,33,17,52,0,0,0,1,0
13,130963,2,2,0,0,0,4,4,25,0,9,4,2011,7,13,10,0,4,4,POST ROAD S,,37,31.22355833,-81.764188890,0,12,6,0,1,1,1,0,1,1,0,1,0,0000000,13,14,13,20,14,33,0,0,0,4,0
13,130964,1,1,0,0,0,2,2,227,2910,17,4,2011,1,17,13,0,6,4,HOBSON RD,,2,34.47998056,-84.484913890,0,42,0,0,1,1,4,0,1,1,0,1,0,0000000,88,88,88,88,88,88,0,0,0,1,1
13,130965,2,2,0,0,0,9,9,299,5774,22,4,2011,6,21,51,1,2,2,US-82 / SR-520,SR-4 BYP,162,31.24304167,-82.431286110,0,12,6,0,2,2,1,0,2,1,0,1,0,0000000,99,99,99,99,99,99,0,0,0,1,0
13,130966,3,3,0,0,0,4,4,127,760,30,4,2011,7,18,30,0,14,4,NORWICH ST,FIRST ST,10,31.17136389,-81.499213890,0,12,6,0,2,2,1,0,1,1,0,1,0,0000000,18,30,18,30,18,48,0,0,0,1,1
13,130967,1,1,0,0,0,2,2,187,0,19,5,2011,5,19,48,0,6,4,SHAMANS WAY,,9,34.51088056,-83.989413890,0,35,0,0,1,1,4,0,1,10,0,10,0,0000000,88,88,88,88,88,88,0,0,0,2,0
13,130968,1,1,0,1,1,3,3,247,0,1,6,2011,4,20,18,0,14,4,HONEY CREEK RD,,0,33.59646111,-84.015280560,0,9,0,0,1,1,1,0,1,1,0,1,0,0000000,99,99,99,99,99,99,0,0,0,1,0
13,130969,2,2,0,0,0,5,5,43,3560,10,6,2011,6,15,25,0,4,4,MARTIN LUTHER KING BLVD,,20,32.41673056,-82.041136110,0,12,1,0,1,1,1,0,1,1,0,1,0,0000000,88,88,88,88,88,88,0,0,0,1,1
13,130970,1,1,0,0,0,1,1,241,0,10,6,2011,6,16,5,1,2,2,US-76 / SR-2,,155,34.88081111,-83.407244440,0,1,0,0,1,1,1,0,1,10,0,10,0,0000000,16,7,16,9,16,18,0,0,0,1,0
13,130971,2,2,0,0,0,5,5,5,0,16,6,2011,5,6,0,0,3,2,US-23 / SR-19,,35,31.68541111,-82.501411110,0,12,7,0,1,1,1,0,4,10,0,10,0,0000000,6,6,6,27,6,50,0,0,0,1,0
13,130972,1,1,0,0,0,1,1,119,0,17,6,2011,6,22,10,0,3,3,SR-320,,83,34.45297778,-83.328072220,0,34,0,0,1,1,5,0,2,1,0,1,0,0000000,88,88,88,88,88,88,0,0,0,1,0
13,130973,2,2,0,0,0,2,2,27,0,23,6,2011,5,16,27,0,4,4,TROUPVILLE RD,BLANE CIR,62,30.83738889,-83.453694440,0,12,2,0,2,3,1,0,1,2,0,2,0,0000000,16,27,16,37,17,38,0,0,0,1,0
13,130974,1,1,0,0,0,1,1,69,0,23,6,2011,5,12,15,0,6,4,CLYDE ROLLINS RD,,1,31.53180833,-82.910602780,0,34,0,0,1,1,4,0,1,1,0,1,0,0000000,99,99,99,99,99,99,0,0,0,1,0
13,130975,1,1,0,0,0,2,2,281,2690,25,6,2011,7,11,20,0,4,3,SR-180 SP,,20,34.86947500,-83.805027780,0,42,0,0,1,1,4,0,1,1,0,1,0,0000000,11,40,12,4,12,48,0,0,0,1,0
13,130976,2,2,0,0,0,2,2,311,0,25,6,2011,7,17,10,0,5,4,ASBESTOS RD,,13,34.64767222,-83.760694440,0,12,2,0,1,1,1,0,1,1,0,1,0,0000000,99,99,99,99,99,99,0,0,0,1,1
13,130977,1,1,0,0,0,1,1,217,0,2,7,2011,7,99,99,0,14,4,BROWN BRIDGE RD,,84,33.59150833,-83.892077780,0,42,0,0,1,1,4,0,2,1,0,1,0,0000000,88,88,88,88,88,88,0,0,0,1,0
13,130978,3,3,0,0,0,4,4,299,0,15,7,2011,6,11,56,1,2,2,US-82 / SR-520,,99999,31.18836111,-82.271438890,0,12,6,0,1,1,1,0,1,2,0,2,0,0000000,99,99,99,99,99,99,14,0,0,1,0
13,130979,2,2,0,0,0,3,3,227,0,28,7,2011,5,20,25,0,4,4,YELLOW CREEK RD,,13,34.39654722,-84.279877780,0,12,6,0,1,1,1,0,1,1,0,1,0,0000000,20,31,20,41,99,99,0,0,0,1,1
13,130980,1,1,0,0,0,4,4,45,0,9,8,2011,3,16,12,0,5,4,MORGAN RD,RAINEY RD,18,33.77927500,-85.021422220,0,43,0,0,3,3,4,0,1,1,0,1,0,0000000,88,88,88,88,88,88,0,0,0,1,0
13,130981,1,1,0,0,0,1,1,123,2000,17,8,2011,4,13,25,1,2,2,US-76 / SR-2,,99999,34.77113889,-84.397950000,0,1,0,0,1,1,3,0,1,1,0,1,0,0000000,99,99,99,99,99,99,0,0,0,1,0
13,130982,1,1,0,0,0,1,1,155,0,17,8,2011,4,13,47,0,4,4,VO TECH RD / CO RD-259,,23,31.63245556,-83.275183330,0,1,0,0,1,1,4,0,1,1,0,1,0,0000000,99,99,99,99,99,99,0,0,0,1,0
13,130983,1,1,0,0,0,1,1,217,0,17,8,2011,4,17,13,0,14,3,SR-212,,37,33.52891111,-84.006036110,0,34,0,0,1,1,4,0,1,1,0,1,0,0000000,88,88,88,88,88,88,0,0,0,1,0
13,130984,1,1,0,0,0,1,1,97,1770,19,8,2011,6,22,31,0,13,3,SR-5,,85,33.68120833,-84.803797220,0,33,0,0,1,1,4,0,2,1,0,1,0,0000000,88,88,88,88,88,88,0,0,0,1,1
13,130985,2,2,0,0,0,2,2,185,0,19,8,2011,6,17,25,0,5,4,VAL DEL RD,BETHANY DR,43,30.94316944,-83.329647220,0,12,2,0,2,2,1,0,1,10,0,10,0,0000000,99,99,99,99,99,99,0,0,0,1,0
13,130986,1,1,0,0,0,1,1,197,0,19,8,2011,6,19,17,0,4,3,SR-355,DR BROOKS RD,164,32.52055278,-84.603716670,0,59,0,0,3,3,4,0,1,1,0,1,0,0000000,88,88,88,88,88,88,0,0,0,1,1
13,130987,1,1,0,0,0,1,1,99,0,20,8,2011,7,19,20,0,4,4,THREE NOTCH RD,,35,31.27716111,-84.896811110,0,42,0,0,1,1,5,0,1,1,0,1,0,0000000,88,88,88,88,88,88,0,0,0,1,1
13,130988,1,1,0,0,0,3,3,71,0,21,8,2011,1,1,0,0,3,3,SR-133,,68,31.10371389,-83.667375000,0,1,0,0,1,1,4,0,2,1,0,1,0,0000000,0,59,1,13,2,20,0,0,0,1,1
13,130989,1,1,0,1,1,1,1,127,0,22,8,2011,2,10,16,1,1,1,I-95,,380,31.24796944,-81.499680560,0,8,0,0,1,1,1,0,1,1,0,1,0,0000000,88,88,88,88,88,88,0,0,0,1,0
13,130990,1,1,0,0,0,2,2,317,0,22,8,2011,2,2,1,1,2,2,US-78 / SR-10,,264,33.64130556,-82.598380560,0,18,0,0,1,1,1,0,2,5,0,5,0,0000000,2,0,2,14,4,28,0,0,0,1,0
13,130991,1,1,0,0,0,1,1,301,0,24,8,2011,4,22,26,0,3,3,SR-80,,61,33.38625833,-82.631972220,0,38,0,0,1,1,5,0,2,1,0,1,0,0000000,88,88,88,88,88,88,0,0,0,1,0
13,130992,2,2,0,0,0,2,2,81,0,25,8,2011,5,15,15,1,13,3,SR-300,FRONTAGE RD,91,31.93315000,-83.749822220,0,12,6,0,2,2,1,0,1,1,0,1,0,0000000,15,15,15,19,15,24,0,0,0,1,1
13,130993,1,1,0,0,0,2,2,33,0,27,8,2011,7,2,0,0,4,3,SR-88,,27,33.25961667,-82.235897220,0,42,0,0,1,1,4,0,2,1,0,1,0,0000000,2,7,2,14,2,58,0,0,0,1,1
13,130994,1,1,0,0,0,1,1,191,0,27,8,2011,7,23,23,0,9,4,AIRPORT RD,,99999,31.42076389,-81.285791670,0,42,0,0,1,1,4,0,2,1,0,1,0,0000000,22,40,0,11,0,57,0,0,0,1,0
13,130995,1,1,0,0,0,1,1,55,0,31,8,2011,4,15,9,0,3,3,SR-48,,26,34.50217778,-85.492997220,0,52,0,0,1,1,4,0,1,1,0,1,0,0000000,88,88,88,88,88,88,2,0,0,1,0
13,130996,2,2,0,0,0,4,4,95,0,5,9,2011,2,17,11,1,13,2,US-82 / SR-520,HILL RD,131,31.57560833,-84.032094440,0,12,6,0,2,3,1,0,1,2,0,2,0,0000000,17,11,17,18,17,40,0,0,0,1,0
13,130997,2,2,0,0,0,2,2,25,0,6,9,2011,3,15,15,0,3,2,US-301 / SR-23,SR-32,190,31.33519722,-81.950077780,0,12,6,0,2,2,1,0,1,1,0,1,0,0000000,88,88,88,88,88,88,0,0,0,1,0
13,130998,2,2,0,0,0,3,3,121,280,8,9,2011,5,16,11,1,11,1,I-75,,98,33.77780833,-84.390758330,0,12,1,0,1,1,1,0,1,10,0,10,0,0000000,99,99,99,99,99,99,0,0,0,1,0
13,130999,1,1,0,0,0,1,1,25,0,14,9,2011,4,8,45,0,4,4,TRUDIE RD,,18,31.31710000,-82.223380560,0,43,0,0,6,1,1,0,1,1,0,1,0,637383S,99,99,99,99,99,99,0,0,0,1,0
13,131000,2,2,0,0,0,3,3,285,5890,19,9,2011,2,9,20,0,3,3,SR-18,,55,32.87836667,-85.116205560,0,12,6,0,1,1,1,0,1,1,0,1,0,0000000,99,99,99,99,99,99,0,0,0,1,0
13,131001,2,2,0,0,0,4,4,59,270,1,12,2011,5,20,47,0,13,2,US-441 / SR-15,SR-8,0,33.97794167,-83.378222220,0,12,6,0,2,2,1,0,2,1,0,1,0,0000000,20,49,21,1,21,44,0,0,0,1,0
13,131002,1,1,0,0,0,1,1,139,0,22,11,2011,3,9,24,0,14,4,SPOUT SPRINGS ROAD,,89,34.16886667,-83.901608330,0,35,0,0,1,1,5,0,1,1,0,1,0,0000000,9,25,9,30,10,26,0,0,0,1,0
13,131003,1,1,0,0,0,1,1,285,3050,22,11,2011,3,14,46,0,19,6,HORACE KING STREET,HILL STREET,3,33.04522222,-85.019838890,0,33,0,0,3,2,4,0,1,10,0,10,0,0000000,14,46,14,46,99,99,0,0,0,1,0
13,131004,1,1,0,0,0,2,2,75,0,23,11,2011,4,1,0,0,16,4,THOMAS STREET,,4,31.16371667,-83.406883330,0,34,0,0,1,1,5,0,2,2,0,2,0,0000000,99,99,99,99,99,99,0,0,0,1,1
13,131005,2,2,0,0,0,2,2,93,0,23,11,2011,4,13,3,0,3,3,SR-7,,18,32.05463611,-83.797400000,0,12,2,0,1,1,1,0,1,1,0,1,0,0000000,88,88,88,88,88,88,0,0,0,1,0
13,131006,3,3,0,0,0,6,6,97,0,23,11,2011,4,16,58,0,4,3,SR-5,,217,33.79337778,-84.678619440,0,12,8,0,1,1,1,0,1,1,0,1,0,0000000,17,2,17,13,17,50,0,0,0,1,0
13,131007,2,2,0,0,0,2,2,165,9997,23,11,2011,4,6,39,1,3,3,SR-21,SR-23,67,32.82092778,-81.923961110,0,12,6,0,2,2,1,0,4,2,0,2,0,0000000,6,38,6,47,9,10,0,0,0,1,0
13,131008,1,1,0,0,0,1,1,319,0,23,11,2011,4,17,2,0,3,3,SR-57,,258,32.79764167,-83.003769440,0,32,0,0,1,1,5,0,1,1,0,1,0,0000000,88,88,88,88,88,88,0,0,0,1,1
13,131009,1,1,0,0,0,1,1,45,970,24,11,2011,5,15,36,0,5,6,SANDHILL HICKORY LEVEL RD,,27,33.66462500,-84.986302780,0,1,0,0,1,1,5,0,1,1,0,1,0,0000000,99,99,99,99,99,99,0,0,0,1,0
13,131010,1,1,0,0,0,2,2,97,1770,24,11,2011,5,19,45,0,2,3,SR-5,SR-166,31,33.61346944,-84.836769440,0,33,0,0,2,6,4,0,2,1,0,1,0,0000000,19,52,19,57,20,54,0,0,0,1,0
13,131011,1,1,0,0,0,2,2,111,3770,24,11,2011,5,20,45,1,2,3,SR-515,,83,34.88943889,-84.199580560,0,11,0,0,1,1,1,0,2,1,0,1,0,0000000,20,44,20,55,21,18,0,0,0,1,0
13,131012,2,2,0,0,0,2,2,223,1500,24,11,2011,5,16,50,1,13,3,SR-6,ACCESS ROAD,153,33.89080278,-84.752197220,0,12,6,0,2,2,1,0,5,1,0,1,0,0000000,16,45,16,51,17,17,0,0,0,1,0
13,131013,1,1,0,0,0,3,3,45,970,25,11,2011,6,22,5,0,14,6,STRIPLING CHAPEL ROAD,,9,33.54143333,-85.074533330,0,30,0,0,1,1,5,0,2,1,0,1,0,0000000,99,99,99,99,99,99,0,0,0,1,0
13,131014,2,2,0,0,0,2,2,171,0,25,11,2011,6,17,14,0,3,3,SR-36,COUNTRY KITCHEN ROAD,33,33.02967500,-84.170561110,0,12,6,0,2,2,1,0,1,1,0,1,0,0000000,17,22,17,38,18,22,0,0,0,1,0
13,131015,2,2,0,0,0,5,5,15,0,26,11,2011,7,19,22,0,13,3,SR-61,OLD ALABAMA ROAD,26,34.11316111,-84.851288890,0,12,6,0,2,3,1,0,2,1,0,1,0,0000000,99,99,99,99,99,99,0,0,0,2,0
13,131016,1,1,0,0,0,3,3,147,0,26,11,2011,7,18,45,0,5,4,BETHANY BOWERSVILLE ROAD,,99999,34.32331389,-82.990794440,0,34,0,0,1,1,4,0,1,1,0,1,0,0000000,19,2,19,8,19,58,0,0,0,1,0
13,131017,1,1,0,0,0,1,1,179,2218,26,11,2011,7,4,22,1,14,6,GULICK AVENUE,,219,31.87589167,-81.620716670,2,5,0,0,1,1,1,0,3,1,0,1,0,0000000,88,88,88,88,88,88,0,0,0,1,0
13,131018,4,4,0,0,0,8,8,309,0,26,11,2011,7,15,34,1,2,3,SR-30,,157,32.18806111,-82.645891670,0,12,8,0,1,1,1,0,1,1,0,1,0,0000000,99,99,99,99,99,99,0,0,0,1,1
13,131019,1,1,0,2,2,1,1,33,0,27,11,2011,1,18,0,0,5,4,SEVEN OAKS ROAD,,99999,33.08957778,-81.882491670,0,53,0,0,1,1,5,0,2,1,0,1,0,0000000,99,99,99,99,99,99,0,0,0,2,0
13,131020,2,2,0,0,0,3,3,245,310,29,11,2011,3,18,11,0,14,3,SR-56,,99999,33.35490556,-81.984722220,0,12,6,0,8,1,1,0,2,1,0,1,0,0000000,18,12,18,21,18,54,0,0,0,1,0
13,131021,1,1,0,0,0,1,1,257,0,29,11,2011,3,14,15,0,3,3,SR-63,,2,34.52854722,-83.322130560,0,1,0,0,1,1,5,0,1,2,0,2,0,0000000,14,15,14,21,14,52,0,0,0,1,1
13,131022,2,2,0,0,0,5,5,73,0,30,11,2011,4,20,23,0,16,4,COX ROAD,GIBBS ROAD,7,33.52982222,-82.151819440,0,12,6,0,2,2,1,0,2,1,0,1,0,0000000,20,24,20,28,21,4,0,0,0,1,0
13,131023,3,3,0,0,0,4,4,45,9997,16,11,2011,4,18,22,1,2,3,SR-1,SR-1BUS,211,33.58040833,-85.078513890,0,12,6,1,2,2,1,0,2,2,0,2,0,0000000,18,23,18,27,18,48,0,0,0,1,0
13,131024,1,1,0,1,1,1,1,79,0,30,11,2011,4,16,7,0,4,4,BOY SCOUT ROAD,,6,32.69847778,-83.776786110,0,8,0,0,1,1,4,0,1,1,0,1,0,0000000,88,88,88,88,88,88,0,0,0,1,0
13,131025,1,1,0,0,0,1,1,233,0,30,11,2011,4,23,50,0,5,4,PRIOR STATION ROAD,,99999,34.01522222,-85.310330560,0,1,0,0,1,1,5,0,2,1,0,1,0,0000000,23,50,0,1,88,88,0,0,0,1,0
13,131026,2,2,0,0,0,6,6,9,0,17,8,2011,4,16,6,0,3,3,SR-22,,43,33.07449444,-83.337588890,0,12,6,0,1,1,1,0,1,1,0,1,0,0000000,99,99,99,99,99,99,0,0,0,1,1
13,131027,2,2,0,0,0,2,2,185,0,25,8,2011,5,6,0,0,14,3,SR-125,,91,31.00572500,-83.198341670,0,12,2,0,1,1,1,0,2,10,0,10,0,0000000,99,99,99,99,99,99,0,0,0,1,0
13,131028,1,1,0,0,0,1,1,279,0,27,8,2011,7,13,28,1,2,3,SR-4,,16,31.96138611,-82.353263890,0,34,0,0,1,1,5,0,1,1,0,1,0,0000000,99,99,99,99,99,99,0,0,0,1,0
13,131029,1,1,0,0,0,1,1,305,2960,28,8,2011,1,5,22,0,6,6,BETHLEHEM ROAD,,99999,31.56887500,-81.800841670,0,34,0,0,1,1,5,0,2,1,0,1,0,0000000,99,99,99,99,99,99,0,0,0,1,0
13,131030,1,1,0,0,0,1,1,143,0,30,8,2011,3,0,22,0,6,4,TALLAPOOSA EAST CHURCH RD,,99999,33.84457500,-85.169827780,0,34,0,0,1,1,5,0,2,1,0,1,0,0000000,99,99,99,99,99,99,0,0,0,1,1
13,131031,1,1,0,0,0,1,1,241,0,30,8,2011,3,20,30,0,6,4,DUD CREEK SPUR,,99999,34.84722222,-83.335541670,0,34,0,0,1,1,5,0,5,1,0,1,0,0000000,88,88,88,88,88,88,0,0,0,1,1
13,131032,1,1,0,0,0,5,5,139,2285,31,8,2011,4,7,39,0,4,3,SR-283,,36,34.41706667,-83.846477780,0,42,0,0,1,1,5,0,1,10,0,10,0,0000000,99,99,99,99,99,99,0,0,0,1,0
13,131033,2,2,0,0,0,2,2,313,0,31,8,2011,4,1,45,1,1,1,I-75,,25,35.10621389,-85.533908330,0,12,1,0,1,1,1,0,2,1,0,1,0,0000000,99,99,99,99,99,99,0,0,0,1,1
13,131034,1,1,0,0,0,1,1,89,0,27,11,2011,1,12,20,0,16,4,TILSON RD,,10,33.72256111,-84.294388890,0,33,0,0,1,1,4,0,1,10,0,10,0,0000000,12,25,12,33,13,2,0,0,0,1,0
13,131035,2,2,0,0,0,2,2,221,3150,1,12,2011,5,12,25,0,3,3,SR-77,,150,33.86499167,-83.143175000,0,12,6,0,1,1,1,0,1,1,0,1,0,0000000,99,99,99,99,99,99,0,0,0,1,0
13,131036,1,1,0,1,1,2,2,261,170,1,12,2011,5,22,57,1,13,3,SR-3,SR-30,124,32.08503889,-84.239883330,0,8,0,0,2,2,1,0,3,1,0,1,0,0000000,22,56,23,1,23,15,0,0,0,1,0
13,131037,1,1,0,0,0,1,1,137,0,2,12,2011,6,15,49,0,4,2,US-123 / SR-17,,99999,34.58779167,-83.413733330,0,35,0,0,1,1,4,0,1,1,0,1,0,0000000,15,45,15,52,16,9,0,0,0,1,0
13,131038,1,1,0,0,0,1,1,285,3050,2,12,2011,6,4,45,0,5,4,NEW HUTCHINSON MILL RD,,37,32.97732222,-85.051586110,0,53,0,0,1,1,4,0,2,1,0,1,0,0000000,4,46,4,56,5,36,0,0,0,1,1
13,131039,1,1,0,0,0,1,1,55,0,3,12,2011,7,15,29,0,6,4,BEAVERS RD,,13,34.51681111,-85.383613890,0,34,0,0,1,1,4,0,1,1,0,1,0,0000000,88,88,88,88,88,88,0,0,0,1,0
13,131040,1,1,0,0,0,1,1,117,0,3,12,2011,7,5,6,0,16,4,JOHN BURRUSS RD,,0,34.29637222,-84.154836110,0,42,0,0,1,1,4,0,2,1,0,1,0,0000000,88,88,88,88,88,88,0,0,0,1,1
13,131041,1,1,0,0,0,1,1,135,0,3,12,2011,7,14,38,1,11,1,I-85,,18,33.91100000,-84.216436110,0,32,0,0,1,1,4,0,1,1,0,1,0,0000000,88,88,88,88,88,88,0,0,0,1,0
13,131042,1,1,0,0,0,1,1,159,0,3,12,2011,7,16,23,0,4,3,SR-212,,179,33.27431111,-83.611291670,0,34,0,0,1,1,4,0,1,1,0,1,0,0000000,88,88,88,88,88,88,0,0,0,1,0
13,131043,2,2,0,0,0,2,2,213,1390,3,12,2011,7,8,8,0,3,2,US-411 / SR-2,,118,34.88586944,-84.750088890,0,24,0,0,1,1,4,0,1,1,0,1,0,0000000,88,88,88,88,88,88,0,0,0,2,0
13,131044,1,1,0,0,0,1,1,51,4910,4,12,2011,1,7,39,1,13,4,TRUMAN PKWY,,52,32.00324167,-81.078219440,0,1,0,0,1,1,5,0,2,1,0,1,0,0000000,7,39,7,48,88,88,0,0,0,1,1