STATE,ST_CASE,VE_TOTAL,VE_FORMS,PVH_INVL,PEDS,PERNOTMVIT,PERMVIT,PERSONS,COUNTY,CITY,DAY,MONTH,YEAR,DAY_WEEK,HOUR,MINUTE,NHS,ROAD_FNC,ROUTE,TWAY_ID,TWAY_ID2,MILEPT,LATITUDE,LONGITUD,SP_JUR,HARM_EV,MAN_COLL,RELJCT1,RELJCT2,TYP_INT,REL_ROAD,WRK_ZONE,LGT_COND,WEATHER1,WEATHER2,WEATHER,SCH_BUS,RAIL,NOT_HOUR,NOT_MIN,ARR_HOUR,ARR_MIN,HOSP_HR,HOSP_MN,CF1,CF2,CF3,FATALS,DRUNK_DR
13,131045,1,1,0,0,0,1,1,319,3370,4,12,2011,1,19,5,0,4,4,MAIN ST,,132,32.84622500,-83.193922220,0,10,0,0,6,1,1,0,3,1,0,1,0,732723K,88,88,88,88,88,88,0,0,0,1,1
13,131046,3,1,2,4,4,1,1,51,0,5,12,2011,2,12,16,0,9,4,S LANDINGS WAY,,99999,31.89858333,-81.054263890,0,45,0,0,1,1,3,1,1,10,0,10,0,0000000,12,14,12,41,13,0,0,0,0,1,0
13,131047,1,1,0,1,1,1,1,97,1770,6,12,2011,3,19,5,0,15,4,DORRIS RD,,9,33.76053056,-84.784530560,0,8,0,0,8,1,1,0,2,2,0,2,1,0000000,19,13,19,20,19,37,0,0,0,1,0
13,131048,3,3,0,0,0,3,3,121,9997,6,12,2011,3,16,56,0,14,2,US-29 ALT / SR-154,,39,33.56416944,-84.666538890,0,12,2,0,1,1,1,0,1,2,0,2,0,0000000,17,0,17,10,88,88,14,0,0,1,0
13,131049,2,2,0,0,0,5,5,185,5680,6,12,2011,3,18,28,0,14,4,NORTHSIDE DR,,4,30.87120556,-83.268491670,0,12,2,0,1,1,1,0,3,10,0,10,0,0000000,18,30,18,34,18,58,0,0,0,1,0
13,131050,1,1,0,1,1,1,1,255,2510,6,12,2011,3,20,26,0,16,4,HAMILTON BLVD,,2,33.23886944,-84.243200000,0,8,0,0,1,1,1,0,3,1,0,1,0,0000000,20,27,20,34,21,7,0,0,0,1,0
13,131051,1,1,0,0,0,1,1,31,0,7,12,2011,4,20,35,1,1,1,I-16,,241,32.22253611,-81.550352780,0,1,0,0,1,1,3,0,2,1,0,1,0,0000000,88,88,88,88,88,88,0,0,0,1,0
13,131052,2,2,0,1,1,7,7,9,0,9,12,2011,6,21,38,0,4,3,SR-243,,19,32.97494167,-83.281050000,0,8,0,0,1,1,1,0,2,10,0,10,0,0000000,88,88,88,88,88,88,0,0,0,1,0
13,131053,2,2,0,0,0,3,3,81,0,9,12,2011,6,15,31,0,2,3,SR-300,,20,31.87283611,-83.902144440,0,12,1,0,1,1,1,0,1,10,0,10,0,0000000,16,6,16,9,16,39,0,0,0,1,0
13,131054,2,2,0,0,0,2,2,189,0,9,12,2011,6,4,40,1,2,3,SR-17,,8,33.35251667,-82.461794440,0,12,6,0,1,1,1,0,2,1,0,1,0,0000000,4,36,4,52,88,88,0,0,0,1,0
13,131055,1,1,0,0,0,1,1,313,0,9,12,2011,6,14,4,0,4,4,CARBONDALE RD,,15,34.63775833,-84.993944440,0,21,0,0,1,1,4,0,1,1,0,1,0,0000000,14,10,14,21,14,47,0,0,0,1,0
13,131056,2,2,0,0,0,5,5,261,170,10,12,2011,7,15,20,1,13,2,US-280 / SR-27,,138,32.07338611,-84.223430560,0,30,0,0,1,1,4,0,1,1,0,1,0,0000000,15,22,15,25,15,43,0,0,0,1,1
13,131057,3,1,2,1,2,1,2,31,0,11,12,2011,1,19,7,1,1,1,I-16,,211,32.23087222,-81.635644440,0,14,0,0,1,1,2,0,2,10,0,10,0,0000000,19,6,19,27,20,45,23,0,0,1,0
13,131058,1,1,0,0,0,1,1,59,270,11,12,2011,1,1,1,0,15,4,SMOKEY RD,,19,34.03252778,-83.346272220,0,42,0,0,1,1,4,0,2,1,0,1,0,0000000,1,1,1,12,88,88,0,0,0,1,1
13,131059,1,1,0,0,0,2,2,21,0,12,12,2011,2,8,29,0,14,4,ARKWRIGHT RD,,27,32.91043611,-83.689480560,0,34,0,0,1,1,4,0,1,2,0,2,0,0000000,8,33,8,39,9,8,0,0,0,1,0
13,131060,2,2,0,0,0,2,2,303,0,12,12,2011,2,7,3,1,2,3,SR-24,,261,32.96328056,-82.969177780,0,12,2,0,1,1,1,4,1,2,0,2,0,0000000,7,3,7,19,88,88,0,0,0,1,0
13,131061,3,3,0,0,0,3,3,293,0,12,12,2011,2,20,6,1,2,2,US-19 / SR-3,,193,32.94938611,-84.337872220,0,12,6,0,1,1,1,0,2,1,0,1,0,0000000,20,2,20,8,21,17,0,0,0,1,0
13,131062,2,2,0,0,0,3,3,39,0,13,12,2011,3,17,20,0,14,2,US-17 / SR-25,SCRUBBY BLUFF RD,26,30.78046389,-81.686591670,0,12,6,0,2,2,1,0,1,1,0,1,0,0000000,88,88,88,88,88,88,0,0,0,1,0
13,131063,2,2,0,0,0,4,4,9,3620,14,12,2011,4,14,45,1,13,2,US-441 / SR-24 / N COLUMBIA ST,MARSHALL RD,188,33.13140000,-83.268847220,0,12,2,0,2,3,1,0,1,1,0,1,0,0000000,14,46,14,57,15,52,0,0,0,1,0
13,131064,1,1,0,1,1,1,1,21,0,14,12,2011,4,23,20,0,14,4,FOREST HILL RD,,27,32.89943889,-83.703180560,0,8,0,0,1,1,1,0,2,1,0,1,0,0000000,23,20,23,30,0,6,0,0,0,1,0
13,131065,1,1,0,0,0,1,1,73,0,14,12,2011,4,1,48,0,4,4,HEREFORD FARM RD,,14,33.52708889,-82.200397220,0,30,0,0,1,1,4,0,2,1,0,1,0,0000000,2,0,2,8,88,88,0,0,0,1,1
13,131066,2,2,0,0,0,3,3,139,0,15,12,2011,5,13,31,0,13,3,SR-60,SOUTHERS RD,161,34.37241389,-83.871216670,0,12,6,0,2,2,1,0,1,10,0,10,0,0000000,13,31,13,35,14,14,0,0,0,1,0
13,131067,2,2,0,0,0,4,4,143,5370,15,12,2011,5,8,38,0,6,6,WHITE ST,,0,33.74930833,-85.294863890,0,12,8,0,8,1,1,0,1,1,0,1,0,0000000,99,99,99,99,99,99,0,0,0,1,0
13,131068,1,1,0,0,0,1,1,291,540,15,12,2011,5,13,24,0,4,4,SKEENAH GAP RD,,99999,34.80690278,-84.140152780,0,43,0,0,1,1,4,0,1,1,0,1,0,0000000,13,26,13,40,14,7,0,0,0,1,0
13,131069,2,2,0,0,0,2,2,225,2220,16,12,2011,6,11,11,0,14,6,KNOXVILLE ST,MAGNOLIA ST,3,32.56562778,-83.893191670,0,12,1,0,2,3,1,0,1,1,0,1,0,0000000,11,11,11,15,11,55,0,0,0,1,0
13,131070,2,2,0,0,0,3,3,45,970,20,12,2011,3,11,19,0,13,3,SR-166,OLD NEWMAN RD,174,33.57301111,-85.043677780,0,12,6,0,2,2,1,0,1,2,0,2,0,0000000,11,22,11,26,11,55,0,0,0,1,0
13,131071,1,1,0,0,0,1,1,21,0,23,12,2011,6,4,26,0,16,4,WOODFIELD DR,,3,32.83340556,-83.722913890,0,40,0,0,1,1,4,0,2,10,0,10,0,0000000,88,88,88,88,88,88,0,0,0,1,0
13,131072,1,1,0,0,0,4,4,231,0,13,11,2011,1,0,36,0,6,4,CHAPEL HILL RD,MELVILLE BROWN RD,0,33.17314444,-84.338225000,0,1,0,0,3,9,4,0,2,1,0,1,0,0000000,0,38,0,50,99,99,0,0,0,2,1
13,131073,2,2,0,0,0,2,2,91,1880,1,9,2011,5,15,43,0,13,3,SR-27,PINE STREET,19,32.19713889,-83.179344440,0,12,6,0,2,2,1,0,1,10,0,10,0,0000000,99,99,99,99,99,99,0,0,0,1,0
13,131074,2,2,0,0,0,2,2,293,0,1,9,2011,5,15,7,1,2,3,SR-3,,226,32.99464722,-84.320411110,0,12,6,0,1,1,1,0,1,1,0,1,0,0000000,99,99,99,99,99,99,0,0,0,2,0
13,131075,1,1,0,1,1,1,1,129,0,16,9,2011,6,23,7,0,13,3,SR-3,,102,34.53890278,-84.937363890,0,8,0,0,1,1,1,0,2,10,0,10,0,0000000,23,7,23,15,88,88,0,0,0,1,0
13,131076,2,2,0,0,0,2,2,57,2770,20,9,2011,3,14,40,0,15,6,HICKORY ROAD,HARMONY LAKE DRIVE,29,34.16806389,-84.453438890,0,12,6,0,1,1,1,0,1,1,0,1,0,0000000,99,99,99,99,99,99,0,0,0,1,0
13,131077,2,2,0,0,0,4,4,127,760,1,10,2011,7,15,27,1,3,3,SR-32,GODLEY ROAD,105,31.27351389,-81.579311110,0,12,6,0,2,3,1,0,1,1,0,1,0,0000000,99,99,99,99,99,99,0,0,0,1,0
13,131078,2,2,0,0,0,3,3,15,0,5,10,2011,4,18,11,0,3,3,SR-3,CASSVILLE ROAD,172,34.23228889,-84.855716670,0,12,6,0,2,2,1,0,1,1,0,1,0,0000000,99,99,99,99,99,99,0,0,0,1,0
13,131079,3,3,0,0,0,6,6,15,0,9,10,2011,1,7,26,1,11,1,I-75,,77,34.14641944,-84.742500000,0,12,1,0,1,1,1,0,4,10,0,10,0,0000000,99,99,99,99,99,99,0,0,0,1,0
13,131080,1,1,0,0,0,1,1,1,440,10,10,2011,2,19,21,0,3,3,SR-144,10 MILE ROAD,119,31.83158611,-82.147300000,0,59,0,0,3,3,4,0,2,2,0,2,0,0000000,19,18,19,22,19,32,0,0,0,1,0
13,131081,2,2,0,0,0,3,3,151,2560,18,10,2011,3,17,8,1,13,3,SR-3,WOOLSEY ROAD,19,33.38113056,-84.301258330,0,12,6,1,2,2,1,0,1,10,0,10,0,0000000,17,11,17,18,18,0,0,0,0,1,0
13,131082,1,1,0,0,0,1,1,57,0,1,12,2011,5,4,18,0,6,4,REINHARDT COLLEGE ROAD,,99999,99.99990000,999.999900000,0,34,0,0,1,1,4,0,2,1,0,1,0,0000000,4,18,4,18,99,99,0,0,0,1,0
13,131083,1,1,0,0,0,1,1,321,5810,2,12,2011,6,11,19,1,12,3,SR-300,,49,31.82990278,-83.927225000,0,59,0,0,1,1,5,0,1,1,0,1,0,0000000,11,19,11,26,12,3,0,0,0,1,0
13,131084,3,3,0,0,0,3,3,63,0,14,12,2011,4,11,59,1,11,1,I-75,,64,33.58270556,-84.369372220,0,12,7,0,1,1,1,0,1,1,0,1,0,0000000,12,2,12,2,12,20,0,0,0,1,1
13,131085,2,2,0,2,2,3,3,15,0,16,12,2011,6,2,22,1,11,1,I-75 RAMP,,77,34.13875278,-84.736941670,0,8,0,1,5,1,1,0,2,2,0,2,0,0000000,99,99,99,99,99,99,0,0,0,1,0
13,131086,1,1,0,1,1,1,1,135,5080,18,12,2011,1,3,36,0,16,6,HIGHPOINT ROAD,ASHLY FOREST DRIVE,36,33.83663889,-84.027211110,0,8,0,0,1,1,1,0,3,1,0,1,0,0000000,88,88,88,88,88,88,0,0,0,1,0
13,131087,1,1,0,0,0,1,1,63,0,19,12,2011,2,0,20,0,16,4,MUSEUM CIRCLE,,3,33.54328333,-84.371088890,0,42,0,0,1,1,5,0,3,1,0,1,0,0000000,88,88,88,88,88,88,0,0,0,1,0
13,131088,1,1,0,1,1,1,1,135,0,15,12,2011,5,1,59,1,13,3,SR-20,,64,34.09071944,-83.998622220,0,8,0,0,1,1,1,0,2,1,0,1,0,0000000,1,59,2,8,88,88,0,0,0,1,0
13,131089,1,1,0,1,1,1,1,135,3990,16,12,2011,6,4,51,0,16,6,BRITT ROAD,,22,33.88405833,-84.193583330,0,8,0,0,1,1,1,0,2,10,0,10,0,0000000,88,88,88,88,88,88,0,0,0,1,0
13,131090,2,2,0,0,0,5,5,135,0,16,12,2011,6,1,31,1,11,1,I-85,,65,33.94620278,-84.142788890,0,12,1,0,1,1,1,0,3,1,0,1,0,0000000,88,88,88,88,88,88,0,0,0,1,1
13,131091,1,1,0,0,0,1,1,35,0,17,12,2011,7,22,19,0,4,4,FOUR POINTS ROAD,,38,33.33159167,-83.915616670,0,42,0,0,1,1,5,0,2,1,0,1,0,0000000,88,88,88,88,88,88,0,0,0,1,0
13,131092,1,1,0,0,0,1,1,43,0,17,12,2011,7,23,20,1,1,1,I-16,,165,32.33661389,-81.948619440,0,1,0,0,1,1,3,0,2,1,0,1,0,0000000,88,88,88,88,88,88,0,0,0,1,0
13,131093,1,1,0,0,0,1,1,161,0,17,12,2011,7,6,0,0,3,3,SR-135,,64,31.77360556,-82.682625000,0,42,0,0,1,1,5,0,2,1,0,1,0,0000000,88,88,88,88,88,88,0,0,0,1,1
13,131094,1,1,0,0,0,1,1,295,0,17,12,2011,7,16,18,0,16,4,WARREN ROAD,,8,34.75103611,-85.261172220,0,1,0,0,1,1,1,0,1,1,0,1,0,0000000,16,24,16,31,16,43,0,0,0,1,0
13,131095,2,2,0,0,0,3,3,77,0,18,12,2011,1,2,4,0,3,3,SR-41,,4,33.23529444,-84.751513890,0,12,2,0,1,1,1,0,2,1,0,1,0,0000000,2,4,2,12,3,16,0,0,0,1,0
13,131096,1,1,0,0,0,4,4,87,0,19,12,2011,2,17,44,1,2,3,SR-38,,50,30.94581389,-84.697600000,0,1,0,0,1,1,3,0,5,1,0,1,0,0000000,99,99,99,99,99,99,0,0,0,1,0
13,131097,3,3,0,0,0,4,4,227,2910,19,12,2011,2,14,43,0,2,3,SR-5,,99999,34.39142778,-84.406877780,0,12,1,0,1,1,1,0,1,1,0,1,0,0000000,14,45,14,49,15,34,14,0,0,1,0
13,131098,3,3,0,0,0,6,6,207,0,20,12,2011,3,18,5,1,1,1,I-75 RAMP,,76,32.99260833,-83.846133330,0,12,1,1,5,1,1,0,2,2,0,2,0,0000000,18,10,18,10,19,49,0,0,0,2,0
13,131099,2,2,0,0,0,2,2,51,4910,21,12,2011,4,19,19,0,13,6,MONTGOMERY CROSSROAD,,16,31.99030833,-81.087897220,0,12,2,0,1,1,1,0,2,1,0,1,0,0000000,19,19,19,19,19,54,0,0,0,1,0
13,131100,1,1,0,1,1,1,1,265,0,21,12,2011,4,2,45,0,3,3,SR-44,,10,99.99990000,999.999900000,0,9,0,0,1,1,1,0,2,2,0,2,0,0000000,2,30,2,45,88,88,0,0,0,1,0
13,131101,3,3,0,0,0,7,7,313,0,21,12,2011,4,12,18,0,13,3,SR-52,PLEASANT DRIVE,50,34.77262222,-84.921997220,0,12,6,0,2,3,1,0,1,2,0,2,0,0000000,99,99,99,99,99,99,0,0,0,1,0
13,131102,1,1,0,0,0,1,1,39,0,22,12,2011,5,22,35,1,1,1,I-95,,194,31.02079444,-81.657933330,0,34,0,0,1,1,5,0,2,1,0,1,0,0000000,99,99,99,99,99,99,0,0,0,1,0
13,131103,1,1,0,0,0,1,1,67,3440,22,12,2011,5,11,24,1,11,1,I-75 RAMP,I-285,0,33.88935000,-84.458558330,0,25,0,1,5,1,4,0,1,2,0,2,0,0000000,11,24,11,35,12,32,0,0,0,1,0
13,131104,2,2,0,0,0,4,4,17,0,23,12,2011,6,15,2,0,13,3,SR-11,,12,31.67542778,-83.236155560,0,12,2,0,1,1,1,0,1,1,0,1,0,0000000,15,2,15,7,15,25,0,0,0,2,0
13,131105,2,2,0,2,2,5,5,121,280,23,12,2011,6,18,59,1,11,3,SR-401,,43,33.70873056,-84.402300000,0,8,0,0,1,1,1,0,2,10,0,10,0,0000000,19,24,19,33,19,54,0,0,0,1,0
13,131106,1,1,0,0,0,1,1,67,0,26,12,2011,2,2,57,0,16,4,OGLESBY ROAD,,10,33.84195278,-84.683277780,0,42,0,0,1,1,5,0,2,10,0,10,0,0000000,3,1,3,5,88,88,0,0,0,1,1
13,131107,1,1,0,0,0,1,1,317,0,26,12,2011,2,13,58,0,3,3,SR-47,,147,33.77628333,-82.812230560,0,32,0,0,1,1,5,0,1,1,0,1,0,0000000,13,58,14,9,88,88,0,0,0,1,0
13,131108,2,2,0,0,0,3,3,285,2760,27,12,2011,3,6,51,0,3,3,SR-14,,268,33.12847500,-84.918680560,0,12,1,0,1,1,1,0,2,10,0,10,0,0000000,99,99,99,99,99,99,0,0,0,1,0
13,131109,1,1,0,1,1,1,1,245,310,28,12,2011,4,3,45,1,13,3,SR-10,,146,33.44048611,-81.992775000,0,8,0,0,1,1,1,0,3,1,0,1,0,0000000,3,56,4,5,88,88,0,0,0,1,0
13,131110,2,2,0,0,0,2,2,299,0,29,12,2011,5,14,11,0,4,3,SR-122,MANOR MILLWOOD ROAD,42,31.18525000,-82.595519440,0,12,6,0,2,2,1,0,1,1,0,1,0,0000000,14,13,14,26,15,44,0,0,0,1,0
13,131111,1,1,0,0,0,2,2,15,0,31,12,2011,7,1,5,1,2,4,BELLS FERRY ROAD,,56,34.22793056,-84.696336110,0,30,0,0,1,1,5,0,2,1,0,1,0,0000000,99,99,99,99,99,99,0,0,0,1,0
13,131112,2,2,0,0,0,6,6,45,0,31,12,2011,7,16,30,0,3,6,ROCKMART ROAD,OLD DRAKETOWN TRAIL,52,33.78378333,-84.967025000,0,12,6,0,2,3,1,0,1,1,0,1,0,0000000,99,99,99,99,99,99,0,0,0,1,0
13,131113,1,1,0,1,1,1,1,121,280,31,12,2011,7,4,7,1,12,3,SR-400,,25,33.85038889,-84.369527780,0,8,0,0,1,1,1,0,2,1,0,1,0,0000000,4,10,4,21,88,88,0,0,0,1,0
13,131114,2,2,0,0,0,5,5,121,280,31,12,2011,7,16,39,0,14,6,MEMORIAL DRIVE,CAPITOL AVENUE,340,33.74687222,-84.387694440,0,12,6,0,2,2,1,0,1,1,0,1,0,0000000,16,42,16,47,17,2,20,0,0,1,0
13,131115,2,2,0,0,0,2,2,89,0,21,10,2011,6,16,20,1,11,1,I-20,,90,33.71153056,-84.217352780,0,43,0,0,1,1,5,0,1,1,0,1,0,0000000,16,20,16,34,17,2,14,0,0,1,0
13,131116,2,2,0,0,0,3,3,53,1450,21,11,2011,2,12,25,1,2,3,SR-520,SR-1,96,32.30020556,-84.780363890,0,12,6,1,2,2,1,0,1,1,0,1,0,0000000,99,99,99,99,99,99,0,0,0,1,0
13,131117,2,2,0,0,0,4,4,139,0,20,12,2011,3,11,57,0,4,3,SR-284,,53,34.39573056,-83.779002780,0,12,2,0,1,1,1,0,1,2,0,2,0,0000000,11,59,12,7,12,25,0,0,0,1,0
13,131118,1,1,0,1,1,1,1,193,3720,30,12,2011,6,22,45,1,13,3,SR-26,,99999,32.29299444,-83.957219440,0,8,0,0,1,1,1,0,2,1,0,1,0,0000000,88,88,88,88,88,88,0,0,0,1,0
13,131119,1,1,0,0,0,1,1,115,4760,17,11,2011,5,13,9,0,6,4,CR-208,,99999,99.99990000,999.999900000,0,43,0,0,1,1,5,0,1,1,0,1,0,0000000,13,9,13,9,99,99,0,0,0,1,0
13,131120,3,2,1,0,0,2,2,21,0,22,8,2011,2,16,55,0,14,3,SR-87,TOM HILL SR. BLVD.,153,32.90096667,-83.686858330,0,12,7,0,2,2,1,0,1,1,0,1,0,0000000,16,55,17,10,88,88,14,0,0,1,0
13,131121,1,1,0,0,0,1,1,53,9997,1,9,2011,5,11,0,1,2,2,US-280 / SR-520,8TH DIVISION RD,29,32.37161667,-84.856880560,2,24,0,0,2,9,4,0,1,99,0,99,0,0000000,88,88,88,88,88,88,0,0,0,1,0
13,131122,2,2,0,0,0,3,3,153,5790,9,6,2011,5,11,4,1,13,6,RICHARD B RUSSELL PKWY,S CORDER RD,7,32.59384722,-83.655547220,0,12,6,0,2,2,1,0,1,1,0,1,0,0000000,11,14,11,23,13,4,0,0,0,1,0
13,131123,2,2,0,0,0,2,2,143,690,28,12,2011,4,18,1,1,2,3,SR-1,WADDELL STREET,21,99.99990000,999.999900000,0,12,6,0,2,2,1,0,5,1,0,1,0,0000000,99,99,99,99,99,99,0,0,0,1,0
15,150001,5,5,0,0,0,12,12,3,8900,1,1,2011,7,18,56,0,3,3,SR-750,,51,21.45063333,-158.060344440,0,12,2,0,1,1,1,0,2,1,0,1,0,0000000,19,7,19,10,19,52,13,14,0,2,1
15,150002,1,1,0,0,0,2,2,3,1600,1,1,2011,7,21,25,1,2,3,SR-83,,209,21.61829722,-157.914430560,0,5,0,0,1,1,1,0,3,1,0,1,0,0000000,21,33,21,39,22,29,0,0,0,1,0
15,150004,1,1,0,0,0,1,1,7,1400,2,1,2011,1,1,13,0,15,4,LAUKONA STREET,,0,21.99674444,-159.363608330,0,38,0,0,1,1,4,0,2,1,0,1,0,0000000,1,15,1,21,88,88,0,0,0,1,1
15,150005,2,2,0,0,0,2,2,1,7700,1,1,2011,7,10,56,0,4,4,AWEOWEO STREET,KAHAKAI BLVD,0,19.53220833,-154.917397220,0,12,6,0,2,2,1,0,1,1,0,1,0,0000000,10,57,11,5,11,49,0,0,0,1,0
15,150006,2,2,0,0,0,2,2,1,3000,5,1,2011,4,18,30,1,13,3,SR-190,MAKALAPUA ROAD,345,19.69929167,-155.977002780,0,12,6,0,2,3,1,0,5,1,0,1,0,0000000,18,29,18,38,19,17,0,0,0,1,0
15,150007,1,1,0,1,1,1,1,3,2400,6,1,2011,5,8,30,0,15,4,N. HOTEL STREET,RIVER STREET,0,21.31361389,-157.863750000,0,8,0,0,2,2,1,0,1,1,0,1,0,0000000,8,39,8,42,8,58,0,0,0,1,0
15,150008,2,2,0,0,0,2,2,3,9200,11,1,2011,3,7,20,0,6,4,KAULAILI ROAD,,0,21.46297500,-158.204444440,0,12,2,0,1,1,1,0,4,10,0,10,0,0000000,7,17,7,24,8,24,0,0,0,1,0
15,150009,1,1,0,0,0,1,1,1,9260,12,1,2011,4,23,34,0,6,4,LUA KULA STREET,,0,19.93308889,-155.791583330,0,30,0,0,1,1,4,0,6,1,0,1,0,0000000,23,35,23,40,88,88,0,0,0,1,1
15,150010,2,2,0,0,0,2,2,3,2400,14,1,2011,6,22,43,1,13,3,SR-63,VALLEY VIEW DRIVE,29,21.35819444,-157.857408330,0,12,6,0,2,3,1,0,6,1,0,1,0,0000000,22,47,22,54,23,22,0,0,0,1,1
15,150011,2,1,1,0,0,1,1,3,9600,17,1,2011,2,17,27,0,6,4,KUPUNA LOOP,,0,21.39341389,-158.029950000,0,14,0,0,1,1,4,0,1,1,0,1,0,0000000,17,25,17,29,18,1,0,0,0,1,1
15,150012,1,1,0,0,0,2,2,7,4700,23,1,2011,1,0,58,0,3,3,SR-50,,252,21.96162500,-159.699325000,0,24,0,0,1,1,4,0,2,1,0,1,0,0000000,1,4,1,9,1,35,0,0,0,1,1
15,150013,2,2,0,0,0,2,2,3,3000,26,1,2011,4,16,40,0,13,3,SR-62,KAPAA QUARY ROAD,0,21.40683889,-157.758091670,0,12,1,0,2,4,1,0,1,1,0,1,0,0000000,16,42,16,47,17,23,0,0,0,1,0
15,150014,1,1,0,0,0,7,7,3,100,4,2,2011,6,1,55,1,11,1,I-H-1,,118,21.38867778,-157.941363890,0,35,0,0,1,1,4,0,3,1,0,1,0,0000000,1,59,2,5,2,52,0,0,0,1,1
15,150015,1,1,0,0,0,1,1,9,9300,18,2,2011,6,21,42,0,6,4,IAO VALLEY ROAD,,0,20.88327222,-156.527280560,0,42,0,0,1,1,4,0,2,2,0,2,0,0000000,21,49,21,51,22,32,0,0,0,1,1
15,150016,3,3,0,0,0,7,7,7,6200,20,2,2011,1,14,20,1,13,3,SR-50,,11,21.97082778,-159.385013890,0,12,1,0,1,1,1,0,1,2,0,2,0,0000000,14,21,14,26,14,42,14,0,0,1,0
15,150017,1,1,0,0,0,1,1,9,7800,28,2,2011,2,18,28,0,6,4,LAE STREET,,0,20.91773056,-156.374877780,0,38,0,0,1,1,4,0,5,10,0,10,0,0000000,18,29,18,44,88,88,0,0,0,1,1
15,150018,1,1,0,0,0,2,2,1,300,10,3,2011,5,1,36,0,3,3,SR-11,,1040,19.40863889,-155.881147220,0,42,0,0,1,1,4,0,2,1,0,1,0,0000000,1,40,1,52,2,19,0,0,0,1,1
15,150019,2,2,0,0,0,7,7,3,9400,13,3,2011,1,12,45,1,13,3,SR-72,,77,21.31584444,-157.666641670,0,12,2,0,1,1,1,0,1,1,0,1,0,0000000,12,50,13,0,13,18,0,0,0,1,0
15,150020,1,1,0,1,1,1,1,3,2400,31,3,2011,5,11,35,0,13,4,WAIALAE AVENUE,,0,21.28282222,-157.799211110,0,8,0,0,1,1,1,0,1,1,0,1,0,0000000,11,38,11,42,12,0,0,0,0,1,0
15,150021,4,4,0,0,0,6,6,3,2400,31,3,2011,5,21,23,1,11,1,I-H-1,,106,21.33639167,-157.881797220,0,12,6,1,5,1,1,0,3,2,0,2,0,0000000,21,25,21,36,22,15,0,0,0,1,0
15,150022,1,1,0,1,1,1,1,3,2400,4,4,2011,2,13,25,0,14,4,UNIVERISTY AVENUE,,0,21.29211389,-157.821758330,0,9,0,0,4,1,1,0,1,1,0,1,0,0000000,13,24,13,28,13,52,0,0,0,1,0
15,150023,1,1,0,1,1,1,1,3,2400,4,4,2011,2,22,35,0,16,4,KOA AVENUE,,0,21.27687778,-157.825438890,0,8,0,0,1,1,1,0,6,1,0,1,0,0000000,22,37,22,43,88,88,0,0,0,1,0
15,150024,2,1,1,0,0,1,1,3,9600,7,4,2011,5,4,18,1,11,1,I-H-1,,71,21.39661944,-158.008888890,0,14,0,0,1,1,2,0,3,10,2,2,0,0000000,4,23,4,31,88,88,0,0,0,1,1
15,150025,1,1,0,0,0,4,4,1,3002,9,4,2011,7,2,30,0,6,4,AHULANI STREET,,0,19.72405000,-155.988136110,0,1,0,0,1,1,1,0,2,1,0,1,0,0000000,2,40,2,54,99,99,0,0,0,1,1
15,150026,1,1,0,1,1,1,1,3,2400,12,4,2011,3,5,45,1,13,3,SR-83,,99999,21.33207500,-157.886194440,0,8,0,0,1,1,1,0,4,1,0,1,0,0000000,5,50,5,54,6,16,0,0,0,1,0
15,150027,1,1,0,0,0,1,1,1,2100,12,4,2011,3,19,45,0,3,3,SR-11,,909,19.23780000,-155.877136110,0,35,0,0,1,1,4,0,2,10,2,2,0,0000000,19,49,20,11,88,88,0,0,0,1,0
15,150028,1,1,0,1,1,1,1,9,5600,18,4,2011,2,19,49,1,2,3,SR-30,,212,20.88613056,-156.682666670,0,8,0,0,1,1,1,0,2,1,0,1,0,0000000,19,50,19,57,20,40,0,0,0,1,0
15,150029,2,2,0,0,0,2,2,3,9100,21,4,2011,5,16,35,0,3,4,KAUKONAHUA ROAD,,0,21.56760833,-158.109622220,0,12,2,0,1,1,1,0,1,1,0,1,0,0000000,16,37,16,44,17,15,0,0,0,1,1
15,150030,1,1,0,0,0,1,1,3,8900,24,4,2011,1,11,44,0,14,4,CALIFORNIA AVENUE,,0,21.49821667,-158.024244440,0,30,0,0,1,1,4,0,1,1,0,1,0,0000000,11,48,11,50,99,99,0,0,0,1,0
15,150031,2,2,0,0,0,4,4,3,8900,30,4,2011,7,13,58,0,3,4,KAUKONAHUA ROAD,,0,21.52997778,-158.081588890,0,12,2,0,1,1,1,0,1,1,0,1,0,0000000,14,0,14,8,14,33,0,0,0,1,0
15,150032,1,1,0,0,0,2,2,3,3500,30,4,2011,7,19,15,1,2,3,SR-83,,320,21.50442500,-157.856025000,0,42,0,0,1,1,4,0,6,2,0,2,0,0000000,19,19,19,35,88,88,0,0,0,2,1
15,150033,1,1,0,0,0,1,1,3,2400,5,5,2011,5,22,57,1,12,3,SR-61,,99999,21.31470278,-157.854600000,0,33,0,0,5,1,4,0,6,2,0,2,0,0000000,22,55,23,3,23,20,0,0,0,1,1
15,150034,1,1,0,1,1,3,3,9,2900,7,5,2011,7,0,49,1,13,3,SR-36,,44,20.88074722,-156.430591670,0,8,0,0,1,1,1,0,3,1,0,1,0,0000000,0,50,0,55,1,6,0,0,0,1,1