STATE,ST_CASE,VE_TOTAL,VE_FORMS,PVH_INVL,PEDS,PERNOTMVIT,PERMVIT,PERSONS,COUNTY,CITY,DAY,MONTH,YEAR,DAY_WEEK,HOUR,MINUTE,NHS,ROAD_FNC,ROUTE,TWAY_ID,TWAY_ID2,MILEPT,LATITUDE,LONGITUD,SP_JUR,HARM_EV,MAN_COLL,RELJCT1,RELJCT2,TYP_INT,REL_ROAD,WRK_ZONE,LGT_COND,WEATHER1,WEATHER2,WEATHER,SCH_BUS,RAIL,NOT_HOUR,NOT_MIN,ARR_HOUR,ARR_MIN,HOSP_HR,HOSP_MN,CF1,CF2,CF3,FATALS,DRUNK_DR
15,150035,1,1,0,0,0,2,2,9,9250,14,5,2011,7,1,8,0,4,3,SR-340,,66,20.95441667,-156.524427780,0,38,0,0,1,1,6,0,2,1,0,1,0,0000000,1,11,1,24,88,88,20,0,0,1,0
15,150036,2,2,0,0,0,5,5,1,7700,18,5,2011,4,21,57,0,3,3,SR-130,AINALOA BLVD,70,19.52282500,-155.001211110,0,12,2,0,2,3,1,0,3,1,0,1,0,0000000,21,58,22,3,22,42,0,0,0,1,1
15,150037,1,1,0,1,1,1,1,3,9600,23,5,2011,2,2,37,1,13,3,SR-93,,24,21.38498056,-158.000263890,0,8,0,0,1,1,1,0,3,1,0,1,0,0000000,2,33,2,38,3,5,0,0,0,1,0
15,150038,2,2,0,0,0,2,2,1,1900,28,5,2011,7,21,59,0,15,4,KINOOLE STREET,HUALALAI STREET,0,19.71637500,-155.083608330,0,12,2,0,2,2,1,0,6,10,0,10,0,0000000,22,0,22,4,22,18,0,0,0,1,1
15,150039,1,1,0,1,1,1,1,1,300,10,6,2011,6,20,17,0,3,3,SR-11,,1080,19.46756389,-155.886811110,0,8,0,0,1,1,2,0,2,10,0,10,0,0000000,20,17,20,23,20,44,0,0,0,1,0
15,150040,2,2,0,0,0,2,2,9,2900,15,6,2011,4,19,7,0,14,3,SR-37,,0,20.88812500,-156.442372220,0,58,0,0,1,1,1,0,1,10,0,10,0,0000000,19,7,19,15,88,88,0,0,0,1,1
15,150041,1,1,0,1,1,1,1,3,2400,27,6,2011,2,19,34,0,16,4,ROYAL HAWAIIAN,LAUULA,0,21.28000833,-157.828572220,0,8,0,0,3,3,1,0,3,1,0,1,0,0000000,19,35,19,39,20,0,0,0,0,1,0
15,150042,1,1,0,0,0,2,2,9,4800,30,6,2011,5,22,42,1,14,3,SR-31,,37,20.78506389,-156.460794440,0,24,0,0,1,1,4,0,2,1,0,1,0,0000000,22,42,22,49,23,16,0,0,0,1,1
15,150043,1,1,0,0,0,2,2,7,4900,1,7,2011,6,21,40,0,6,4,KAUAPEA ROAD,,0,22.22189167,-159.405794440,0,53,0,0,1,1,4,0,2,10,0,10,0,0000000,21,43,21,53,22,52,0,0,0,1,1
15,150044,1,1,0,0,0,2,2,9,6300,2,7,2011,7,18,32,0,4,4,390,,0,20.89226389,-156.351230560,0,38,0,0,1,1,6,0,1,1,0,1,0,0000000,18,33,18,45,19,7,0,0,0,2,0
15,150045,1,1,0,0,0,1,1,3,3627,3,7,2011,1,0,55,1,14,3,SR-95,,27,21.31759167,-158.114525000,0,58,0,0,1,1,1,0,2,1,0,1,0,0000000,0,58,1,9,88,88,0,0,0,1,1
15,150046,3,3,0,0,0,4,4,3,9400,3,7,2011,1,11,54,1,13,3,SR-72,,65,21.32551667,-157.682808330,0,12,2,0,1,1,1,0,1,1,0,1,0,0000000,11,56,12,4,12,35,14,0,0,1,0
15,150047,1,1,0,0,0,3,3,9,9997,4,7,2011,2,19,32,0,15,4,3135,,0,20.68757222,-156.439169440,0,33,0,0,1,1,4,0,5,1,0,1,0,0000000,19,32,19,45,20,16,0,0,0,1,1
15,150048,1,1,0,1,1,4,4,3,2400,5,7,2011,3,20,0,0,15,4,7853,KAAU,0,21.28703611,-157.799275000,0,8,0,0,3,2,1,0,3,1,0,1,0,0000000,20,0,20,10,21,0,0,0,0,1,0
15,150049,1,1,0,0,0,1,1,1,3400,10,7,2011,1,4,33,1,13,3,SR-19,,549,20.03125833,-155.638225000,0,30,0,0,1,1,4,0,2,1,0,1,0,0000000,4,33,4,39,4,59,2,0,0,1,1
15,150050,3,3,0,0,0,3,3,3,6625,18,7,2011,2,4,28,1,11,1,I-H-2,,43,21.45479444,-157.989983330,0,12,2,0,1,1,1,0,3,2,10,2,0,0000000,4,29,4,42,5,16,0,0,0,1,0
15,150051,2,2,0,0,0,2,2,1,4150,24,7,2011,1,3,24,0,3,3,SR-130,,40,19.57986667,-155.006425000,0,12,2,0,1,1,1,0,3,1,0,1,0,0000000,3,25,3,32,4,8,0,0,0,1,2
15,150052,2,2,0,0,0,6,6,1,8300,24,7,2011,1,21,41,1,3,3,SR-19,,115,19.85601389,-155.099808330,0,12,2,0,1,1,1,0,2,1,0,1,0,0000000,21,43,21,55,22,31,0,0,0,1,1
15,150053,2,2,0,0,0,3,3,1,3400,27,7,2011,4,17,40,1,2,3,SR-19,,634,20.02335556,-155.763944440,0,12,2,0,1,1,1,0,1,1,0,1,0,0000000,17,48,17,57,18,28,2,0,0,1,0
15,150054,2,2,0,0,0,3,3,3,2400,29,7,2011,6,4,40,0,12,3,SR-63,,57,21.37501111,-157.820480560,0,24,0,0,1,1,3,0,2,2,0,2,0,0000000,4,42,4,53,5,20,0,0,0,1,0
15,150055,1,1,0,0,0,1,1,9,9997,31,7,2011,1,0,27,0,16,4,WAILEA ALANUI DRIVE,,0,20.67581111,-156.440247220,0,33,0,0,1,1,3,0,3,1,0,1,0,0000000,0,27,0,36,88,88,0,0,0,1,1
15,150056,2,2,0,0,0,4,4,1,1900,6,2,2011,1,13,25,0,15,4,KOMOHANA STREET,KUKUAU STREET,0,19.70835556,-155.094675000,0,12,6,0,2,2,1,0,1,1,0,1,0,0000000,13,22,13,26,99,99,0,0,0,1,0
15,150057,2,2,0,0,0,2,2,3,1000,2,8,2011,3,15,6,1,2,3,SR-83,JOSEPH P LEONG,18,21.57572778,-158.104913890,0,12,6,1,3,6,1,0,1,1,0,1,0,0000000,15,6,15,11,15,36,0,0,0,1,1
15,150058,1,1,0,1,1,1,1,3,2400,2,8,2011,3,23,20,0,12,3,SR-63,WILSON STREET,18,21.34501389,-157.867477780,0,8,0,0,3,2,1,0,3,2,10,2,0,0000000,23,23,23,28,23,49,0,0,0,1,0
15,150059,1,1,0,0,0,1,1,9,2900,4,8,2011,5,1,48,0,16,4,LELEIPIO PLACE,,0,20.88797778,-156.432319440,0,33,0,0,1,1,4,0,3,1,0,1,0,0000000,1,51,1,58,2,18,0,0,0,1,1
15,150060,2,2,0,0,0,2,2,3,2400,8,8,2011,2,10,45,1,12,3,SR-72,LAUKAHI STREET,180,21.27700556,-157.772019440,0,12,1,0,3,2,1,0,1,1,0,1,0,0000000,10,51,11,8,11,24,0,0,0,1,0
15,150061,2,2,0,0,0,3,3,3,2400,9,8,2011,3,9,0,0,16,4,PUAWAINA DRIVE,HOOKUI STREET,0,21.31588333,-157.843355560,0,12,2,0,2,3,1,0,1,1,0,1,0,0000000,9,7,9,16,9,39,0,0,0,1,0
15,150062,1,1,0,0,0,1,1,3,2400,18,8,2011,5,9,13,0,14,4,7411,OLOMEA STREET,0,21.32988611,-157.870038890,0,33,0,0,3,3,4,0,1,1,0,1,0,0000000,9,15,9,18,9,31,0,0,0,1,0
15,150063,2,2,0,0,0,3,3,3,1000,23,8,2011,3,15,0,1,2,3,SR-83,,10,21.58965556,-158.100997220,0,12,1,0,1,1,1,0,1,1,0,1,0,0000000,15,1,15,9,15,32,0,0,0,1,0
15,150064,1,1,0,1,1,1,1,3,2400,24,8,2011,4,2,0,0,13,3,SR-92,,25,21.33632222,-157.907727780,0,8,0,0,1,1,1,0,2,1,0,1,0,0000000,2,5,2,14,88,88,0,0,0,1,0
15,150065,1,1,0,1,1,1,1,3,9200,28,8,2011,1,20,10,1,13,3,SR-93,,131,21.46330278,-158.212394440,0,8,0,0,1,1,2,0,3,1,0,1,0,0000000,20,10,20,23,88,88,0,0,0,1,1
15,150066,1,1,0,0,0,1,1,1,4150,29,8,2011,2,12,30,0,16,8,MACADAMIA ROAD,,0,19.64565000,-155.045447220,0,42,0,0,1,1,4,0,1,1,0,1,0,0000000,99,99,99,99,99,99,0,0,0,1,0
15,150067,1,1,0,1,1,1,1,3,3627,13,3,2011,1,2,15,1,11,1,I-H-1,,15,21.35037222,-158.069122220,0,8,0,0,1,1,1,0,2,1,0,1,0,0000000,2,19,2,29,88,88,0,0,0,1,0
15,150068,1,1,0,0,0,1,1,1,6700,3,9,2011,7,4,27,0,6,4,OHIA AVENUE,,0,99.99990000,999.999900000,0,42,0,0,1,1,2,0,2,2,10,2,0,0000000,4,34,4,55,88,88,2,0,0,1,1
15,150069,1,1,0,1,1,2,2,3,3000,3,9,2011,7,21,37,0,14,4,KEOLU DRIVE,,0,21.38474167,-157.732508330,0,8,0,0,1,1,7,0,3,1,0,1,0,0000000,21,43,21,46,21,58,0,0,0,1,0
15,150070,1,1,0,0,0,3,3,7,6200,11,9,2011,1,0,53,1,2,3,SR-56,,45,22.03058889,-159.341980560,0,42,0,0,1,1,4,0,3,1,0,1,0,0000000,0,57,1,3,1,31,0,0,0,1,1
15,150071,2,2,0,0,0,3,3,3,3000,11,9,2011,1,17,12,0,13,3,SR-65,KANEOHE BAY DRIVE,42,21.42117778,-157.748197220,0,12,6,0,2,2,1,0,1,10,0,10,0,0000000,17,15,17,20,17,32,0,0,0,1,0
15,150072,3,1,2,2,6,1,5,3,6286,13,9,2011,3,22,38,1,13,3,SR-93,,20,21.34416667,-158.117266670,0,25,0,0,1,1,3,0,3,1,0,1,0,0000000,22,41,22,49,23,10,15,0,0,1,0
15,150073,1,1,0,1,1,1,1,1,4300,14,9,2011,4,18,40,0,2,3,SR-11,,1120,19.51424444,-155.920527780,0,8,0,0,1,1,1,0,5,1,0,1,0,0000000,18,43,18,50,18,59,0,0,0,1,1
15,150074,1,1,0,0,0,3,3,3,2400,19,9,2011,2,15,15,1,13,3,SR-92,,84,21.28943889,-157.843469440,0,5,0,0,8,1,1,0,1,1,0,1,0,0000000,15,16,15,22,15,45,0,0,0,1,0
15,150075,1,1,0,0,0,1,1,9,9255,20,9,2011,3,5,2,0,15,4,WAIALE ROAD,EAST WAIKO ROAD,0,20.85242500,-156.498061110,0,43,0,0,3,3,4,0,3,1,0,1,0,0000000,5,15,5,23,88,88,0,0,0,1,1
15,150076,1,1,0,0,0,1,1,9,7800,23,9,2011,6,15,20,0,3,3,SR-360,,79,20.92709722,-156.367088890,0,24,0,0,1,1,4,0,1,6,0,6,0,0000000,15,22,15,35,15,55,0,0,0,1,0
15,150077,2,2,0,0,0,2,2,9,2900,26,9,2011,2,21,55,1,13,3,SR-311,CANE HAUL ROAD,10,20.86371389,-156.457777780,0,12,6,0,2,2,1,0,3,1,0,1,0,0000000,21,55,22,3,88,88,0,0,0,1,1
15,150078,2,2,0,0,0,8,8,7,6200,1,10,2011,7,14,47,1,2,3,SR-56,,41,22.02368611,-159.341830560,0,12,2,0,1,1,1,0,1,1,0,1,0,0000000,14,55,15,2,15,10,0,0,0,1,0
15,150079,3,2,1,2,2,2,2,3,2400,2,10,2011,1,14,2,1,11,1,I-H-1,,144,21.35856667,-157.931466670,0,12,1,0,1,1,1,0,1,1,0,1,0,0000000,14,3,14,10,14,49,23,0,0,1,0
15,150080,1,1,0,0,0,1,1,3,9400,2,10,2011,1,16,35,0,16,4,WAIKUPANAHA STREET,,0,21.33612500,-157.728602780,0,33,0,0,1,1,4,0,5,1,0,1,0,0000000,16,36,16,42,17,16,0,0,0,1,1
15,150081,1,1,0,0,0,1,1,3,2400,2,10,2011,1,18,25,0,16,4,NUUANU PALI DRIVE,,0,99.99990000,999.999900000,0,38,0,0,1,1,4,0,3,1,0,1,0,0000000,18,24,18,28,88,88,0,0,0,1,0
15,150082,1,1,0,0,0,2,2,9,6300,8,10,2011,7,1,22,0,15,4,OLINDA ROAD,,0,20.84096944,-156.308680560,0,59,0,0,1,1,2,0,2,1,0,1,0,0000000,1,23,1,31,99,99,0,0,0,1,1
15,150083,2,2,0,1,1,2,2,9,5600,16,10,2011,1,4,22,1,2,3,SR-30,,183,20.84568889,-156.654150000,0,8,0,0,1,1,1,0,6,1,0,1,0,0000000,4,26,4,34,88,88,0,0,0,1,0
15,150084,1,1,0,0,0,1,1,1,300,22,10,2011,7,23,30,0,6,4,MILOLII ROAD,,0,19.20015000,-155.899988890,0,1,0,0,1,1,6,0,2,1,0,1,0,0000000,99,99,99,99,88,88,0,0,0,1,1
15,150085,1,1,0,0,0,1,1,1,7700,23,10,2011,1,14,56,0,4,3,SR-132,,21,19.48528611,-154.909250000,0,24,0,0,1,1,4,0,1,10,0,10,0,0000000,14,57,15,24,15,55,0,0,0,1,0
15,150086,1,1,0,0,0,4,4,3,2400,28,10,2011,6,0,12,0,14,4,KILAUEA AVENUE,19TH AVENUE,0,21.27092778,-157.796063890,0,33,0,0,3,3,4,0,3,2,0,2,0,0000000,0,16,0,22,0,52,0,0,0,1,1
15,150087,2,2,0,0,0,5,5,9,2765,3,11,2011,5,22,51,0,3,3,SR-30,KAANAPALI PARKWAY,240,20.91738889,-156.690147220,0,12,6,0,2,2,1,0,3,1,0,1,0,0000000,22,53,22,55,88,88,0,0,0,1,1
15,150088,3,3,0,0,0,3,3,3,8200,19,11,2011,7,2,15,1,11,1,I-H-2,,11,21.41508056,-157.991736110,0,12,2,0,1,1,1,0,2,1,0,1,0,0000000,2,22,2,32,3,9,0,0,0,1,0
15,150089,1,1,0,1,1,1,1,3,3500,20,11,2011,1,20,42,1,13,3,SR-83,,438,21.37701667,-157.782811110,0,8,0,0,1,1,1,0,3,10,0,10,0,0000000,20,45,20,55,21,9,0,0,0,1,0
15,150090,1,1,0,0,0,1,1,1,300,22,11,2011,3,22,30,0,3,3,SR-11,,925,19.26227222,-155.875383330,0,1,0,0,1,1,5,0,2,2,0,2,0,0000000,22,52,23,18,88,88,2,0,0,1,1
15,150091,1,1,0,0,0,1,1,1,4000,3,12,2011,7,2,13,0,3,3,SR-270,,84,99.99990000,999.999900000,0,1,0,0,1,1,5,0,2,1,0,1,0,0000000,2,13,2,29,88,88,2,0,0,1,1
15,150092,1,1,0,1,1,1,1,9,6300,4,12,2011,1,9,24,0,15,4,MAKAWAO AVENUE,,0,20.85971389,-156.306705560,0,9,0,0,1,1,1,0,1,1,0,1,0,0000000,9,24,9,32,10,8,0,0,0,1,0
15,150093,1,1,0,1,1,1,1,1,1900,11,12,2011,1,18,40,0,15,4,WAIANUENUE AVENUE,,0,99.99990000,999.999900000,0,8,0,0,1,1,1,0,3,2,0,2,0,0000000,18,40,18,44,18,54,2,0,0,1,0
15,150094,1,1,0,1,1,2,2,3,9600,18,12,2011,1,4,30,0,16,4,HIAPO STREET,KUHUALUA STREET,0,21.39316111,-158.009111110,0,8,0,0,2,2,1,0,3,2,0,2,0,0000000,4,30,4,37,88,88,0,0,0,1,0
15,150095,2,2,0,0,0,2,2,3,2400,19,12,2011,2,10,0,0,15,4,YOUNG STREET,,0,21.30009444,-157.842025000,0,12,6,0,1,1,1,0,1,2,0,2,0,0000000,10,11,10,13,10,28,0,0,0,1,0
15,150096,2,2,0,0,0,3,3,3,2400,23,12,2011,6,16,25,0,15,4,AUIKI STREET,SAND ISLAND ACCESS ROAD,0,21.32294167,-157.891091670,0,12,1,0,3,2,1,0,1,1,0,1,0,0000000,99,99,99,99,99,99,0,0,0,1,1
15,150097,1,1,0,1,1,2,2,9,4800,24,12,2011,7,12,53,1,2,3,SR-311,,54,99.99990000,999.999900000,0,8,0,0,1,1,1,0,1,1,0,1,0,0000000,12,55,13,1,88,88,0,0,0,1,0
15,150098,1,1,0,0,0,1,1,1,1900,25,12,2011,1,0,5,0,6,4,KULANA STREET,,0,19.76676667,-155.093355560,0,42,0,0,1,1,4,0,2,2,10,2,0,0000000,0,22,0,31,1,13,2,0,0,1,1
16,160001,1,1,0,0,0,4,4,33,0,2,1,2011,1,22,13,1,1,1,I-15,,1881,44.46319167,-112.224669440,0,31,0,0,1,1,4,0,2,1,0,1,0,0000000,22,15,23,14,99,99,0,0,0,1,0
16,160002,2,2,0,0,0,5,5,57,0,7,1,2011,6,20,41,1,2,2,US-95,,3380,46.63939722,-117.000927780,0,12,6,0,1,1,1,0,2,4,10,4,0,0000000,20,46,20,56,99,99,0,0,0,1,0
16,160003,2,2,0,0,0,4,4,79,1860,6,1,2011,5,10,35,1,1,1,I-90,,622,47.47402500,-115.908772220,0,25,0,1,19,1,3,0,1,10,2,2,0,0000000,10,39,10,57,99,99,0,0,0,1,0
16,160004,1,1,0,0,0,1,1,73,0,13,1,2011,5,9,7,0,4,3,SR-78,,23,43.51065000,-116.811433330,0,32,0,0,1,1,5,0,1,2,10,2,0,0000000,9,19,9,23,88,88,0,0,0,1,0
16,160005,1,1,0,0,0,1,1,59,0,16,1,2011,1,23,0,1,2,2,US-93,,3144,45.30504167,-113.901227780,0,1,0,0,1,1,4,0,2,10,2,2,0,0000000,99,99,99,99,88,88,18,0,0,1,1
16,160006,1,1,0,0,0,2,2,39,0,22,1,2011,7,4,1,1,1,1,I-84,,793,43.28791944,-115.891894440,0,1,0,0,1,1,4,0,2,3,5,3,0,0000000,4,3,4,19,99,99,0,0,0,1,0
16,160007,4,4,0,0,0,8,8,57,0,7,2,2011,2,9,20,1,2,2,US-95,,3596,46.90828056,-116.960975000,0,12,1,0,1,1,1,0,1,10,0,10,0,0000000,9,23,9,33,99,99,3,0,0,1,0
16,160008,1,1,0,0,0,2,2,57,0,13,2,2011,1,15,10,1,2,2,US-95,,3519,46.82011944,-117.021266670,0,1,0,0,1,1,4,0,1,1,0,1,0,0000000,15,18,15,32,99,99,0,0,0,1,0
16,160009,1,1,0,0,0,1,1,77,0,4,3,2011,6,0,5,1,1,1,I-86,,198,42.61834722,-113.136363890,0,1,0,0,1,1,4,0,2,1,0,1,0,0000000,0,12,0,36,88,88,18,0,0,1,1
16,160010,1,1,0,0,0,2,2,69,960,14,3,2011,2,2,16,0,16,6,14TH ST,VINEYARD DR,9,46.39362500,-117.012377780,0,35,0,0,3,3,4,0,3,10,0,10,0,0000000,2,20,2,24,99,99,0,0,0,1,0
16,160011,2,2,0,0,0,7,7,13,0,18,2,2011,6,16,55,0,3,3,SR-75,,996,43.29831111,-114.296733330,0,12,6,0,1,1,1,0,1,10,0,10,0,0000000,16,55,17,14,99,99,0,0,0,1,1
16,160012,2,2,0,0,0,2,2,83,0,5,4,2011,3,3,26,1,2,2,US-93,,335,42.43330556,-114.574736110,0,12,2,0,1,1,1,0,2,1,0,1,0,0000000,3,26,3,45,99,99,0,0,0,1,0
16,160013,1,1,0,0,0,1,1,5,0,30,3,2011,4,8,16,0,14,6,FORT HALL MINE RD,,18,42.79705556,-112.363275000,0,10,0,0,6,1,1,0,1,10,0,10,0,811319V,8,21,8,28,88,88,0,0,0,1,0
16,160014,1,1,0,0,0,2,2,55,1460,3,4,2011,1,3,0,0,13,6,I 90 BUSINESS LOOP,,49,47.71485833,-116.942619440,0,42,0,0,1,1,5,0,3,1,0,1,0,0000000,3,8,3,20,99,99,0,0,0,1,1
16,160015,1,1,0,0,0,2,2,39,0,26,3,2011,7,8,48,1,1,1,I-84,,1049,43.02214722,-115.557261110,0,1,0,0,1,1,3,0,1,10,2,2,0,0000000,8,49,9,0,88,88,0,0,0,2,0
16,160016,1,1,0,1,1,4,4,77,0,9,4,2011,7,22,8,1,1,1,I-86,,518,42.88477222,-112.646944440,3,8,0,0,1,1,1,0,2,2,0,2,0,0000000,22,12,22,26,88,88,0,0,0,1,0
16,160017,1,1,0,0,0,1,1,1,0,9,3,2011,4,6,6,0,3,3,SR-21,,164,43.58142778,-115.996008330,0,35,0,0,1,1,5,0,1,10,0,10,0,0000000,6,8,6,22,99,99,0,0,0,1,0
16,160018,1,1,0,0,0,2,2,65,0,19,3,2011,7,22,0,0,4,4,2000 NORTH RD,2000 WEST RD,20,43.85466111,-111.818836110,0,1,0,0,3,4,1,0,2,10,0,10,0,0000000,22,10,22,16,99,99,0,0,0,1,0
16,160019,1,1,0,0,0,1,1,73,0,31,3,2011,5,2,0,0,4,3,SR-78,,359,43.13818611,-116.488213890,0,43,0,0,1,1,4,0,2,1,0,1,0,0000000,88,88,88,88,88,88,0,0,0,1,1
16,160020,1,1,0,0,0,2,2,83,0,10,4,2011,1,99,99,0,6,4,N 1400 EAST RD,E4400 NORTH RD,0,42.63695278,-114.771769440,0,38,0,0,3,3,5,0,9,10,0,10,0,0000000,8,36,8,46,99,99,0,0,0,1,1
16,160021,1,1,0,0,0,1,1,17,1280,1,4,2011,6,2,0,0,3,3,SR-41,STATE AVE,386,48.17750556,-117.039522220,0,59,0,0,3,4,4,0,2,10,0,10,0,0000000,2,19,2,21,88,88,0,0,0,1,1
16,160022,1,1,0,0,0,1,1,11,0,14,4,2011,5,2,30,1,12,1,I-15 BUSINESS LOOP,,24,43.17548333,-112.359538890,3,59,0,0,1,1,4,0,3,1,0,1,0,0000000,2,31,2,38,88,88,0,0,0,1,1
16,160023,1,1,0,0,0,1,1,17,0,15,4,2011,6,23,10,0,5,4,COLBURN CULVER RD,,0,48.40068333,-116.495877780,0,3,0,0,1,1,5,0,2,4,0,4,0,0000000,88,88,88,88,88,88,18,0,0,1,1
16,160024,1,1,0,0,0,7,7,73,0,24,4,2011,1,19,23,0,6,4,POISON CREEK RD,,0,43.50901389,-116.871205560,0,34,0,0,1,1,4,0,1,1,0,1,0,0000000,19,23,19,34,99,99,0,0,0,1,1
16,160025,2,2,0,0,0,2,2,17,0,25,4,2011,2,11,17,1,12,2,US-12,,244,48.25223333,-116.631583330,0,11,0,0,1,1,1,0,1,2,0,2,0,0000000,11,22,11,26,99,99,14,0,0,1,0
16,160026,2,2,0,0,0,4,4,27,1200,27,4,2011,4,16,56,0,15,6,HAPPY VALLEY RD,LEWIS LN,140,43.51733889,-116.512941670,0,12,6,0,2,3,1,0,1,1,0,1,0,0000000,16,57,16,58,99,99,0,0,0,1,0
16,160027,1,1,0,1,1,1,1,57,1140,28,4,2011,5,22,55,0,16,6,ALMON ST,E ST,0,46.73858611,-117.004116670,0,8,0,0,2,3,1,0,3,1,0,1,0,0000000,22,56,22,59,99,99,0,0,0,1,0
16,160028,1,1,0,0,0,1,1,31,0,27,4,2011,4,99,99,0,6,4,800 SOUTH RD,,0,42.41623611,-113.773988890,0,1,0,0,1,1,5,0,9,1,0,1,0,0000000,7,13,7,27,88,88,18,0,0,1,0
16,160029,1,1,0,0,0,1,1,85,990,3,5,2011,3,16,48,1,2,3,SR-55,,1463,44.92221667,-116.139302780,0,42,0,0,1,1,4,0,1,10,0,10,0,0000000,16,48,16,54,88,88,20,0,0,1,0
16,160030,2,2,0,0,0,2,2,61,0,9,5,2011,2,10,14,1,2,2,US-95,WEST LAKE RD,2737,46.23555833,-116.494141670,3,12,6,0,2,2,1,0,1,5,0,5,0,0000000,10,15,10,25,88,88,0,0,0,1,0
16,160031,2,2,0,0,0,4,4,3,0,11,5,2011,4,10,50,1,2,3,SR-55,,1477,44.93223889,-116.164855560,0,12,2,0,1,1,1,0,1,1,0,1,0,0000000,10,59,11,7,99,99,0,0,0,2,0
16,160032,1,1,0,0,0,1,1,79,1860,14,5,2011,7,11,35,1,1,1,I-90,,616,47.47295556,-115.922461110,0,24,0,0,1,1,4,0,1,1,0,1,0,0000000,11,42,11,48,88,88,0,0,0,1,1
16,160033,2,2,0,0,0,3,3,55,0,13,5,2011,6,15,0,1,2,2,US-95,,4466,47.91401111,-116.699600000,0,12,6,0,1,1,1,0,1,1,0,1,0,0000000,15,7,15,15,99,99,0,0,0,1,0
16,160034,1,1,0,0,0,1,1,1,160,9,4,2011,7,2,0,0,13,6,PARK CENTER BLVD,,41,43.57556667,-116.155488890,0,33,0,0,1,1,4,0,3,10,0,10,0,0000000,4,31,4,45,88,88,0,0,0,1,1
16,160035,1,1,0,0,0,3,3,69,0,16,5,2011,2,14,5,1,2,2,US-12,,222,46.51466389,-116.657705560,3,16,0,0,1,1,1,0,1,10,0,10,0,0000000,14,16,14,34,88,88,0,0,0,2,0
16,160036,1,1,0,0,0,2,2,27,0,17,5,2011,3,20,51,0,3,4,PURPLE SAGE RD,,1060,43.73547778,-116.708750000,0,21,0,0,1,1,4,0,1,10,0,10,0,0000000,20,52,21,2,99,99,0,0,0,2,0
16,160037,1,1,0,0,0,1,1,51,1540,31,5,2011,3,19,40,1,2,2,US-20 IC 320 EB OFF,,2,43.66135833,-111.918911110,0,24,0,0,5,1,4,0,1,1,0,1,0,0000000,19,55,19,57,99,99,0,0,0,1,0
16,160038,1,1,0,0,0,2,2,1,160,21,5,2011,7,1,19,1,12,3,SR-21,I-84 IC 57 WB ON,2,43.54169444,-116.158980560,0,1,0,1,2,2,1,0,3,1,0,1,0,0000000,1,19,1,30,99,99,0,0,0,1,0
16,160039,3,2,1,0,0,5,5,83,0,11,6,2011,7,14,30,0,3,2,US-30,3500 EAST RD,2235,42.54808611,-114.364800000,0,12,6,0,2,2,1,0,1,1,0,1,0,0000000,14,30,14,41,99,99,14,0,0,1,0
16,160040,1,1,0,0,0,2,2,87,0,16,6,2011,5,20,14,0,4,4,OLD FERRY RD,,1162,44.27323889,-117.129161110,0,1,0,0,1,1,2,0,1,1,0,1,0,0000000,20,14,20,27,99,99,0,0,0,1,0
16,160041,1,1,0,0,0,1,1,19,0,10,6,2011,6,15,9,0,4,3,SR-43,,9,43.55378611,-111.964002780,0,1,0,0,1,1,4,0,1,1,0,1,0,0000000,15,9,15,19,99,99,0,0,0,1,0
16,160042,1,1,0,0,0,2,2,79,1860,13,6,2011,2,9,43,1,1,1,I-90,,616,47.47247500,-115.921661110,0,24,0,1,19,1,4,0,1,10,2,2,0,0000000,9,43,9,48,99,99,0,0,0,1,0
16,160043,4,4,0,0,0,6,6,1,160,22,4,2011,6,17,23,0,13,6,OVERLAND RD,CANONERO WAY,33,43.59018333,-116.327158330,0,12,6,0,2,3,1,0,1,1,0,1,0,0000000,17,24,17,31,99,99,0,0,0,1,0
16,160044,1,1,0,0,0,11,11,77,0,22,6,2011,4,19,55,1,1,1,I-86,,306,42.69438056,-112.957977780,0,31,0,0,1,1,4,0,1,10,0,10,0,0000000,19,57,20,8,99,99,0,0,0,4,0
16,160045,4,4,0,1,1,6,6,53,0,28,6,2011,3,12,10,1,2,2,US-93,,614,42.76179722,-114.433400000,0,8,0,0,1,1,1,1,1,10,0,10,0,0000000,12,12,12,20,88,88,3,0,0,1,0
16,160046,2,2,0,0,0,5,5,87,0,10,6,2011,6,21,59,1,2,2,US-95,,1172,44.56417222,-116.604202780,0,12,1,0,1,1,1,0,2,1,0,1,0,0000000,22,3,22,6,99,99,0,0,0,1,1
16,160047,1,1,0,0,0,1,1,55,0,24,6,2011,6,16,42,0,4,3,SR-54,,85,47.94781944,-116.685705560,0,42,0,0,1,1,4,0,1,1,0,1,0,0000000,16,45,16,47,99,99,0,0,0,1,0
16,160048,1,1,0,0,0,3,3,47,0,25,6,2011,7,18,30,0,9,4,2300 EAST RD,,0,42.98506111,-114.629416670,0,35,0,0,1,1,4,0,1,1,0,1,0,0000000,18,46,18,59,99,99,0,0,0,1,1
16,160049,1,1,0,0,0,1,1,69,930,27,6,2011,2,19,28,0,6,4,N 3RD ST WEST,,0,46.41433333,-116.808200000,3,1,0,0,1,1,1,0,1,1,0,1,0,0000000,19,33,19,48,99,99,0,0,0,1,1
16,160050,2,2,0,0,0,3,3,39,0,30,6,2011,5,7,18,1,2,2,US-20,,1241,43.29831111,-115.318691670,0,12,7,0,1,1,1,0,1,1,0,1,0,0000000,7,19,7,50,99,99,0,0,0,1,1