STATE,ST_CASE,VE_TOTAL,VE_FORMS,PVH_INVL,PEDS,PERNOTMVIT,PERMVIT,PERSONS,COUNTY,CITY,DAY,MONTH,YEAR,DAY_WEEK,HOUR,MINUTE,NHS,ROAD_FNC,ROUTE,TWAY_ID,TWAY_ID2,MILEPT,LATITUDE,LONGITUD,SP_JUR,HARM_EV,MAN_COLL,RELJCT1,RELJCT2,TYP_INT,REL_ROAD,WRK_ZONE,LGT_COND,WEATHER1,WEATHER2,WEATHER,SCH_BUS,RAIL,NOT_HOUR,NOT_MIN,ARR_HOUR,ARR_MIN,HOSP_HR,HOSP_MN,CF1,CF2,CF3,FATALS,DRUNK_DR
16,160051,2,1,1,1,2,2,3,5,1430,23,6,2011,5,16,10,1,13,6,ARTHUR AVE,,22,42.86478056,-112.455516670,0,14,0,0,1,1,2,0,1,1,0,1,0,0000000,16,13,16,22,99,99,0,0,0,1,0
16,160052,1,1,0,0,0,2,2,15,0,3,7,2011,1,0,3,0,4,4,ARROWROCK RD,,1182,43.63762778,-115.798733330,0,35,0,0,1,1,4,0,2,1,0,1,0,0000000,0,5,2,5,99,99,0,0,0,1,1
16,160053,2,2,0,0,0,2,2,1,0,14,6,2011,3,19,1,1,2,3,SR-16,BEACON LIGHT RD,20,43.72111389,-116.458227780,0,12,6,0,2,2,1,0,1,1,0,1,0,0000000,19,3,19,7,99,99,0,0,0,1,1
16,160054,2,2,0,0,0,2,2,67,0,29,6,2011,4,10,49,0,6,4,500 SOUTH RD,300 WEST RD,0,42.54702500,-113.724677780,0,12,6,0,2,2,1,0,1,1,0,1,0,0000000,10,49,11,0,99,99,0,0,0,1,0
16,160055,1,1,0,0,0,1,1,57,1140,22,6,2011,4,5,45,0,3,3,SR-8,,209,46.76957222,-116.650116670,0,42,0,0,1,1,5,0,1,1,0,1,0,0000000,5,49,6,3,99,99,0,0,0,1,0
16,160056,1,1,0,0,0,1,1,17,0,3,7,2011,1,19,15,0,6,4,GARFIELD BAY CUTOFF,,0,48.20906667,-116.421586110,0,34,0,0,1,1,4,0,1,1,0,1,0,0000000,19,21,19,36,88,88,0,0,0,1,1
16,160057,2,2,0,0,0,8,8,27,0,7,7,2011,5,23,22,1,2,2,US-95,US-20,535,43.87294444,-116.954541670,0,12,6,0,2,2,1,0,2,1,0,1,0,0000000,23,23,23,41,99,99,0,0,0,3,0
16,160058,1,1,0,0,0,2,2,79,0,9,7,2011,7,15,59,0,4,4,OLD RIVER RD,,20,47.61244167,-116.239427780,0,35,0,0,1,1,4,0,1,1,0,1,0,0000000,16,5,16,22,99,99,4,0,0,1,1
16,160059,1,1,0,0,0,1,1,49,0,14,7,2011,5,4,0,1,2,2,US-12,,1278,46.38819444,-115.231755560,0,35,0,0,1,1,4,0,2,10,0,10,0,0000000,6,25,7,15,88,88,0,0,0,1,1
16,160060,2,2,0,0,0,2,2,83,0,14,7,2011,5,13,48,0,6,4,RIVER RD,,0,42.65974167,-114.788477780,0,12,6,0,4,1,1,0,1,1,0,1,0,0000000,13,48,14,10,88,88,0,0,0,1,0
16,160061,1,1,0,0,0,5,5,57,0,15,7,2011,6,8,26,0,16,6,ROBINSON PARK RD,,0,46.74114167,-116.948611110,0,1,0,0,1,1,2,0,1,1,0,1,0,0000000,8,27,8,34,99,99,0,0,0,1,0
16,160062,1,1,0,0,0,1,1,31,0,19,7,2011,3,8,29,0,4,3,SR-27,,76,42.35451389,-113.881708330,0,1,0,0,1,1,4,0,1,1,0,1,0,0000000,8,30,8,45,88,88,0,0,0,1,0
16,160063,2,2,0,0,0,4,4,67,0,20,7,2011,4,13,3,0,6,4,500 WEST RD,200 SOUTH RD,0,42.59055000,-113.764005560,0,12,6,0,2,2,1,0,1,1,0,1,0,0000000,13,4,13,12,99,99,0,0,0,1,0
16,160064,1,1,0,0,0,1,1,43,0,23,7,2011,7,6,5,1,2,2,US-20,,3770,44.29595833,-111.457427780,0,35,0,0,1,1,4,0,4,1,0,1,0,0000000,6,23,6,39,99,99,0,0,0,1,0
16,160065,1,1,0,0,0,1,1,1,160,30,7,2011,7,2,8,0,13,6,CAPITOL BLVD,,498,43.60280000,-116.213597220,0,30,0,0,1,1,4,0,3,1,0,1,0,0000000,2,9,2,12,88,88,0,0,0,1,1
16,160066,1,1,0,0,0,2,2,39,0,31,7,2011,1,4,38,0,3,3,SR-51,,788,42.96128611,-115.766208330,0,1,0,0,1,1,1,0,2,1,0,1,0,0000000,4,38,4,49,99,99,0,0,0,1,1
16,160067,1,1,0,0,0,5,5,33,0,28,7,2011,5,13,30,0,4,4,KILGORE A2 COUNTY RD,,54,44.41328611,-111.802672220,0,1,0,0,1,1,4,0,1,1,10,10,0,0000000,13,31,14,10,99,99,0,0,0,1,0
16,160068,1,1,0,0,0,2,2,15,0,30,7,2011,7,99,99,0,9,8,FSR 348,,0,43.97248889,-115.559725000,0,35,0,0,1,1,4,0,9,99,0,99,0,0000000,88,88,88,88,88,88,2,7,0,1,0
16,160069,2,2,0,0,0,2,2,21,0,3,8,2011,4,16,45,1,2,2,US-95,,4947,48.53752778,-116.419683330,0,11,0,0,1,1,1,0,1,1,0,1,0,0000000,16,49,16,59,88,88,14,0,0,1,0
16,160070,1,1,0,0,0,1,1,21,1170,1,8,2011,2,21,15,0,6,5,CANYON VIEW RD,,0,48.72851389,-116.182933330,0,35,0,0,1,1,4,0,2,1,0,1,0,0000000,21,18,21,37,99,99,0,0,0,1,1
16,160071,1,1,0,0,0,1,1,17,0,10,8,2011,4,20,45,1,2,2,US-2,,225,48.25906944,-116.670297220,0,31,0,0,1,1,4,0,2,1,0,1,0,0000000,20,48,20,57,88,88,0,0,0,1,1
16,160072,2,2,0,0,0,8,8,19,790,10,8,2011,4,11,50,0,4,4,145 NORTH RD,,64,43.62644722,-111.955833330,0,12,1,0,1,1,1,0,1,1,0,1,0,0000000,12,0,12,10,99,99,0,0,0,1,0
16,160073,2,2,0,0,0,3,3,19,0,17,8,2011,4,10,29,0,4,4,1ST EAST RD,97TH SOUTH RD,24,43.41013333,-112.033619440,0,12,6,0,2,2,1,0,1,1,0,1,0,0000000,10,29,10,37,99,99,0,0,0,1,0
16,160074,2,2,0,0,0,3,3,55,1460,22,8,2011,2,14,55,1,11,1,I-90,,72,47.70969167,-116.891383330,0,12,7,0,1,1,1,0,1,1,0,1,0,0000000,14,56,15,2,88,88,0,0,0,1,0
16,160075,1,1,0,0,0,1,1,79,1305,23,8,2011,3,7,24,1,1,1,I-90,,568,47.50928889,-116.000705560,0,59,0,0,1,1,4,1,1,1,0,1,0,0000000,7,28,7,34,88,88,0,0,0,1,1
16,160076,1,1,0,0,0,4,4,55,0,28,8,2011,1,13,40,0,15,6,FERNAN LAKE RD,,151,47.67648333,-116.734372220,0,35,0,0,1,1,4,0,1,1,0,1,0,0000000,13,44,13,50,99,99,0,0,0,1,0
16,160077,1,1,0,0,0,5,5,43,0,28,8,2011,1,20,20,0,6,4,SAND CREEK RD,,0,44.02574167,-111.636075000,0,11,0,0,1,1,1,0,5,1,0,1,0,0000000,20,25,20,39,99,99,0,0,0,1,0
16,160078,1,1,0,0,0,2,2,31,0,30,8,2011,3,11,54,0,4,3,SR-81,,14,42.32792222,-113.369497220,0,34,0,0,1,1,4,0,1,1,0,1,0,0000000,11,56,12,5,88,88,0,0,0,1,0
16,160079,2,2,0,0,0,6,6,1,0,1,9,2011,5,19,35,0,14,6,SWAN FALLS RD,KING RD,1175,43.47386944,-116.413655560,0,12,6,0,2,2,1,0,1,5,1,5,0,0000000,19,37,19,38,99,99,0,0,0,1,0
16,160080,1,1,0,0,0,1,1,55,300,3,9,2011,7,1,1,1,11,1,I-90,,122,47.69843611,-116.787894440,0,34,0,0,1,1,4,0,3,1,0,1,0,0000000,1,1,1,10,99,99,0,0,0,1,1
16,160081,1,1,0,0,0,1,1,13,0,24,8,2011,4,12,38,0,4,4,TRAIL CREEK RD,,0,43.79560278,-114.257386110,0,35,0,0,1,1,4,0,1,1,0,1,0,0000000,12,46,13,9,88,88,0,0,0,1,0
16,160082,2,2,0,0,0,2,2,11,0,5,9,2011,2,20,54,1,1,1,I-15,,972,43.25645556,-112.313147220,0,12,1,0,1,1,1,0,2,1,0,1,0,0000000,20,52,21,0,88,88,0,0,0,1,1
16,160083,1,1,0,1,1,3,3,69,960,4,9,2011,1,23,24,0,14,6,MAIN ST,,12,46.41790556,-117.011633330,0,8,0,0,1,1,1,0,3,1,0,1,0,0000000,23,28,23,37,99,99,0,0,0,1,0
16,160084,1,1,0,0,0,1,1,57,0,3,9,2011,7,17,0,0,9,8,GOLD CREEK RD,,0,46.96936944,-116.841080560,0,59,0,0,1,1,4,0,1,1,0,1,0,0000000,17,17,17,33,99,99,0,0,0,1,0
16,160085,1,1,0,0,0,2,2,3,0,10,9,2011,7,20,25,1,2,2,US-95,,1550,44.97207500,-116.377583330,0,34,0,0,1,1,4,0,5,10,2,2,0,0000000,20,34,20,41,99,99,0,0,0,1,0
16,160086,1,1,0,0,0,2,2,83,0,10,9,2011,7,21,22,0,5,4,3300 EAST RD,,0,42.58548056,-114.401361110,0,38,0,0,1,1,5,0,2,1,0,1,0,0000000,21,9,21,17,99,99,0,0,0,1,0
16,160087,2,2,0,0,0,2,2,19,0,12,9,2011,2,16,14,0,4,4,113 NORTH RD,15 EAST RD,19,43.59705278,-112.003738890,0,12,6,0,2,2,1,0,1,10,0,10,0,0000000,16,17,16,27,88,88,0,0,0,1,0
16,160088,2,2,0,0,0,3,3,47,0,12,9,2011,2,17,27,0,6,4,3100 SOUTH RD,1700 EAST RD,0,42.75386667,-114.751875000,0,12,6,0,2,2,1,0,1,1,0,1,0,0000000,17,28,17,45,99,99,0,0,0,1,0
16,160089,2,2,0,0,0,2,2,17,0,8,9,2011,5,13,22,1,2,2,US-95,BOTTLE BAY RD,4710,48.23070556,-116.540972220,0,12,2,0,2,3,1,0,1,1,0,1,0,0000000,13,25,13,29,99,99,0,0,0,1,0
16,160090,1,1,0,0,0,1,1,77,0,18,9,2011,1,2,0,0,4,4,ARBON VALLEY HWY,,137,42.74723889,-112.617988890,3,5,0,0,1,1,2,0,2,1,0,1,0,0000000,7,3,7,24,88,88,0,0,0,1,1
16,160091,2,2,0,0,0,3,3,3,1220,12,9,2011,2,19,33,1,2,3,SR-55,,1559,44.97066944,-116.278408330,0,12,6,0,4,1,1,0,1,1,0,1,0,0000000,19,34,19,36,99,99,0,0,0,1,0
16,160092,1,1,0,0,0,2,2,69,960,19,9,2011,2,18,25,0,3,3,SR-3,,62,46.54136944,-116.722058330,3,42,0,0,1,1,4,0,1,1,0,1,0,0000000,18,33,18,38,99,99,0,0,0,1,0
16,160093,2,2,0,0,0,3,3,11,0,20,9,2011,3,15,3,1,1,1,I-15,,833,43.07103889,-112.402566670,3,1,0,0,1,1,1,0,1,1,0,1,0,0000000,15,5,15,23,88,88,0,0,0,2,0
16,160094,1,1,0,0,0,1,1,55,1460,25,9,2011,1,2,0,1,11,1,I-90,,31,47.71146111,-116.980211110,0,21,0,0,1,1,4,0,2,10,0,10,0,0000000,6,26,6,38,88,88,0,0,0,1,0
16,160095,2,2,0,1,1,1,1,27,0,16,9,2011,6,1,48,0,6,4,HATCH RD,,0,43.72721389,-116.952713890,0,12,1,0,1,1,1,0,2,1,0,1,0,0000000,1,50,2,1,99,99,23,0,0,1,0
16,160096,2,2,0,0,0,2,2,31,0,26,9,2011,2,8,20,0,4,4,250 EAST RD,200 SOUTH RD,40,42.50364444,-113.744416670,0,12,6,0,2,2,1,0,1,1,0,1,0,0000000,8,23,8,29,99,99,0,0,0,1,0
16,160097,2,2,0,0,0,4,4,47,0,27,9,2011,3,18,40,1,1,1,I-84,,1478,42.85039444,-114.830538890,0,12,7,0,1,1,1,0,1,1,0,1,0,0000000,18,42,19,6,99,99,0,0,0,1,0
16,160098,1,1,0,0,0,4,4,5,1430,6,9,2011,3,2,23,0,13,6,CENTER ST,,3005,42.87591111,-112.427869440,0,33,0,0,1,1,4,0,3,1,0,1,0,0000000,2,25,2,29,99,99,0,0,0,2,1
16,160099,3,3,0,0,0,4,4,49,0,28,9,2011,4,17,33,1,2,2,US-95,GULCH RD,2508,45.99688333,-116.324680560,0,12,7,0,2,3,1,0,1,1,0,1,0,0000000,17,36,17,43,99,99,0,0,0,1,0
16,160100,1,1,0,0,0,1,1,83,0,29,9,2011,5,20,46,0,4,4,3500 EAST RD,,0,42.48750000,-114.364308330,0,1,0,0,1,1,1,0,2,1,0,1,0,0000000,20,46,20,52,88,88,0,0,0,1,1
16,160101,1,1,0,0,0,1,1,1,160,22,9,2011,5,20,40,1,13,2,US-20,FRONT ST,48,43.60798611,-116.193400000,0,33,0,0,3,1,4,0,3,1,0,1,0,0000000,20,40,20,46,99,99,0,0,0,1,0
16,160102,1,1,0,1,1,1,1,57,0,30,9,2011,6,16,30,1,2,2,US-95,,3412,46.67749444,-117.022641670,0,8,0,0,1,1,1,0,9,99,0,99,0,0000000,8,57,9,9,88,88,18,0,0,1,0
16,160103,2,2,0,0,0,2,2,27,0,24,9,2011,7,16,5,0,3,4,HOMEDALE RD,GARNET RD,6,43.61750556,-116.911505560,0,12,6,0,2,2,1,0,1,1,0,1,0,0000000,16,6,16,7,88,88,0,0,0,1,0
16,160104,1,1,0,0,0,1,1,27,0,30,9,2011,6,16,27,0,6,4,PUMP RD,,0,43.40815278,-116.672950000,0,1,0,0,1,1,5,0,1,1,0,1,0,0000000,16,29,16,43,99,99,0,0,0,1,1
16,160105,2,2,0,0,0,3,3,67,0,2,10,2011,1,9,50,0,3,3,SR-24,,6,42.57408333,-113.729236110,0,12,6,0,8,1,1,0,1,10,0,10,0,0000000,9,52,9,57,99,99,0,0,0,1,0
16,160106,1,1,0,0,0,2,2,31,0,1,10,2011,7,21,16,0,4,3,SR-81,,242,42.52363056,-113.590963890,0,11,0,0,1,1,1,0,2,1,0,1,0,0000000,21,17,21,29,88,88,19,0,0,2,0
16,160107,1,1,0,0,0,1,1,83,0,4,10,2011,3,13,40,0,4,4,700 EAST RD,,46,42.41685833,-114.907552780,0,38,0,0,1,1,4,0,1,10,0,10,0,0000000,13,41,13,55,88,88,0,0,0,1,1
16,160108,1,1,0,0,0,1,1,27,0,14,8,2011,1,3,30,0,3,2,US-20,OLD US 30,221,43.69065556,-116.691338890,0,35,0,0,3,3,4,0,3,1,0,1,0,0000000,7,49,7,54,88,88,0,0,0,1,1
16,160109,1,1,0,0,0,3,3,49,0,29,10,2011,7,2,16,0,6,4,HARRIS RIDGE RD,,0,46.14988611,-115.924869440,3,35,0,0,1,1,4,0,2,10,0,10,0,0000000,3,6,3,27,99,99,0,0,0,1,1
16,160110,1,1,0,0,0,3,3,37,0,10,10,2011,2,5,37,0,9,8,FSR-214,,0,44.16244167,-114.903775000,0,43,0,0,1,1,4,0,2,1,0,1,0,0000000,5,53,5,58,99,99,0,0,0,1,1
16,160111,1,1,0,0,0,1,1,17,0,16,10,2011,1,0,18,1,2,2,US-2,,80,48.17304722,-116.872711110,0,35,0,0,1,1,4,0,2,1,0,1,0,0000000,0,28,0,31,88,88,0,0,0,1,1
16,160112,2,2,0,0,0,2,2,83,0,16,10,2011,1,12,57,0,6,4,4400 RD N,,0,42.63742500,-114.790886110,0,12,6,0,8,1,1,0,1,1,0,1,0,0000000,12,57,13,3,88,88,0,0,0,1,0
16,160113,2,2,0,0,0,2,2,75,0,18,10,2011,3,17,35,0,3,2,US-30,,231,43.97452500,-116.882558330,0,12,6,0,8,1,1,0,1,1,0,1,0,0000000,17,36,17,39,99,99,0,0,0,1,1
16,160114,1,1,0,0,0,1,1,15,0,20,10,2011,5,13,14,0,3,3,SR-21,,300,43.73583889,-115.937236110,0,59,0,0,1,1,4,0,1,1,0,1,0,0000000,13,16,13,35,88,88,0,0,0,1,0
16,160115,1,1,0,0,0,2,2,11,0,20,10,2011,5,23,14,0,4,4,600 EAST RD,,201,43.40921389,-112.161927780,0,1,0,0,1,1,2,0,2,1,0,1,0,0000000,23,21,23,26,99,99,0,0,0,1,0
16,160116,4,4,0,0,0,9,9,5,1430,22,10,2011,7,15,24,0,15,6,S 2ND AVE,,34,42.82809444,-112.409383330,0,12,8,0,1,1,1,0,1,1,0,1,0,0000000,15,26,15,32,99,99,0,0,0,1,0
16,160117,1,1,0,0,0,1,1,7,0,6,10,2011,5,99,99,0,6,4,GREEN CANYON RD,,0,42.08014167,-111.505566670,0,35,0,0,1,1,4,0,9,4,0,4,0,0000000,88,88,88,88,88,88,0,0,0,1,1
16,160118,2,2,0,0,0,2,2,73,0,29,10,2011,7,14,22,0,5,4,REYNOLDS CREEK RD,,0,43.32905556,-116.605205560,0,12,8,0,1,1,1,0,1,1,0,1,0,0000000,14,22,14,32,99,99,0,0,0,1,0
16,160119,1,1,0,0,0,4,4,39,0,30,10,2011,1,19,2,0,9,4,DANSKIN RD,,0,43.33066389,-115.740688890,0,1,0,0,1,1,4,0,2,1,0,1,0,0000000,19,19,20,1,99,99,0,0,0,1,1
16,160120,1,1,0,0,0,5,5,27,1050,8,10,2011,7,20,40,0,6,8,ALLEY BETWEEN 4TH & 3RD,,0,43.37527222,-116.531666670,0,5,0,0,1,1,1,0,3,1,0,1,0,0000000,20,41,20,50,99,99,0,0,0,1,0
16,160121,1,1,0,0,0,1,1,55,0,29,10,2011,7,6,30,0,5,8,PEND OREILLE DIVIDE RD,,0,47.91248889,-116.570069440,0,35,0,0,1,1,4,0,2,10,0,10,0,0000000,6,45,7,8,88,88,0,0,0,1,0
16,160122,1,1,0,0,0,1,1,73,0,13,10,2011,5,99,99,0,4,3,SR-78,,40,43.49249444,-116.795736110,0,35,0,0,1,1,4,0,9,99,0,99,0,0000000,88,88,88,88,88,88,0,0,0,1,1
16,160123,1,1,0,0,0,1,1,63,0,13,10,2011,5,12,59,1,2,2,US-93,,1930,43.05460278,-114.136197220,0,1,0,0,1,1,5,0,1,1,0,1,0,0000000,12,59,13,20,99,99,0,0,0,1,0
16,160124,1,1,0,0,0,1,1,69,960,2,11,2011,4,5,58,0,16,6,3RD AVE N,,0,46.42639444,-117.014180560,0,42,0,0,1,1,5,0,3,1,0,1,0,0000000,6,0,6,8,88,88,0,0,0,1,0
16,160125,3,3,0,0,0,4,4,41,1480,4,11,2011,6,13,37,0,3,2,US-91,,98,42.11100278,-111.885766670,0,12,8,0,1,1,1,0,1,1,0,1,0,0000000,13,37,14,4,99,99,0,0,0,1,0
16,160126,2,2,0,0,0,3,3,85,0,5,11,2011,7,9,31,1,2,3,SR-55,,1230,44.61676944,-116.048480560,0,12,8,0,1,1,1,0,1,1,0,1,0,0000000,9,50,10,35,99,99,0,0,0,1,0
16,160127,1,1,0,0,0,1,1,21,0,7,11,2011,2,21,28,1,2,2,US-2,,790,48.64679722,-116.060397220,0,52,0,0,1,1,4,0,2,10,0,10,0,0000000,21,38,21,57,88,88,0,0,0,1,1
16,160128,2,2,0,0,0,3,3,19,0,5,11,2011,7,19,14,0,13,4,W 65TH S RD,,22,43.43925000,-112.039091670,0,12,6,0,1,1,1,0,2,1,0,1,0,0000000,19,14,19,20,99,99,0,0,0,1,0
16,160129,1,1,0,0,0,6,6,57,1820,12,11,2011,7,3,30,0,6,4,RANDALL FLAT RD,,0,46.73806944,-116.774677780,0,35,0,0,1,1,4,0,3,4,0,4,0,0000000,3,34,3,46,99,99,0,0,0,2,1
16,160130,1,1,0,0,0,1,1,19,0,12,11,2011,7,12,56,0,13,4,LEWISVILLE HWY,,29,43.54926389,-112.023777780,0,35,0,0,1,1,4,0,1,10,4,4,0,0000000,88,88,88,88,88,88,0,0,0,1,0
16,160131,1,1,0,0,0,1,1,83,0,8,11,2011,3,19,35,0,6,4,2950 NORTH RD,,0,42.42680833,-114.303561110,0,1,0,0,1,1,5,0,2,1,0,1,0,0000000,19,37,19,52,88,88,0,0,0,1,1
16,160132,1,1,0,0,0,1,1,87,0,7,11,2011,2,14,20,0,6,4,HAAS RD,,0,44.25281111,-117.032641670,0,1,0,0,1,1,1,0,1,1,0,1,0,0000000,14,23,14,30,99,99,0,0,0,1,0
16,160133,1,1,0,1,1,1,1,5,1430,16,11,2011,4,17,28,0,13,6,N 5TH AVE,,1,42.84303611,-112.415563890,0,8,0,0,1,1,1,0,3,10,0,10,0,0000000,17,31,17,36,88,88,0,0,0,1,0
16,160134,2,2,0,0,0,4,4,85,0,19,11,2011,7,11,7,1,2,3,SR-55,,867,44.17751111,-116.115727780,0,12,8,0,1,1,1,0,1,10,4,4,0,0000000,11,10,11,49,99,99,0,0,0,1,0
16,160135,1,1,0,0,0,2,2,35,0,19,11,2011,7,17,54,0,6,4,TWIN RIDGE RD,,0,46.52283889,-116.215938890,3,35,0,0,1,1,4,0,2,10,4,4,0,0000000,17,42,17,58,99,99,0,0,0,1,1
16,160136,1,1,0,1,1,1,1,69,960,18,11,2011,6,17,15,0,15,6,BURRELL AVE,THAIN RD,0,46.37662500,-116.970341670,0,8,0,0,2,7,1,0,3,10,0,10,0,0000000,17,18,17,21,99,99,0,0,0,1,0
16,160137,2,2,0,0,0,2,2,35,0,21,11,2011,2,7,48,1,2,2,US-12,,487,46.42550833,-116.210127780,3,12,2,0,1,1,1,0,1,10,0,10,0,0000000,7,52,7,58,99,99,0,0,0,1,0
16,160138,2,2,0,0,0,3,3,67,0,17,11,2011,5,7,40,0,4,3,SR-25,700 WEST RD,450,42.60494722,-113.803200000,0,12,6,0,2,2,1,0,4,10,0,10,0,0000000,7,40,7,49,99,99,0,0,0,1,0
16,160139,2,1,1,1,1,3,3,65,0,25,11,2011,6,15,25,0,3,3,SR-33,,1149,43.85306111,-111.456363890,0,14,0,0,1,1,4,0,1,10,0,10,0,0000000,15,30,15,48,99,99,0,0,0,1,0
16,160140,1,1,0,0,0,1,1,69,0,18,11,2011,6,99,99,0,6,4,WEBB RIDGE RD,,0,46.29251111,-116.825075000,0,1,0,0,1,1,2,0,1,10,0,10,0,0000000,10,2,10,19,99,99,0,0,0,1,0
16,160141,2,2,0,0,0,3,3,27,210,1,12,2011,5,20,15,0,13,6,FARMWAY RD,USTICK RD,0,43.63338333,-116.713100000,0,12,6,0,2,2,1,0,2,1,0,1,0,0000000,20,19,20,24,99,99,0,0,0,1,1
16,160142,2,2,0,0,0,4,4,1,0,13,11,2011,1,16,13,1,2,3,SR-69,,48,43.52751389,-116.393913890,0,12,1,0,1,1,1,0,1,10,0,10,0,0000000,16,13,16,16,99,99,0,0,0,1,0
16,160143,1,1,0,0,0,1,1,55,0,3,12,2011,7,2,4,0,3,3,SR-41,,172,47.94280278,-116.856919440,0,42,0,0,1,1,5,0,2,1,0,1,0,0000000,2,6,2,18,88,88,0,0,0,1,1
16,160144,2,2,0,0,0,3,3,19,0,17,12,2011,7,15,47,1,2,2,US-26,45TH EAST RD,3395,43.55326389,-111.944058330,0,12,6,0,2,2,1,0,1,1,0,1,0,0000000,15,47,15,54,88,88,0,0,0,1,0
16,160145,1,1,0,0,0,1,1,23,0,20,12,2011,3,16,25,1,2,2,US-20 CONNECTOR TO US 26,,2708,43.50813056,-112.911591670,5,21,0,1,5,1,4,0,1,1,0,1,0,0000000,16,31,16,38,88,88,0,0,0,1,0
16,160146,1,1,0,0,0,1,1,19,0,24,12,2011,7,2,40,0,4,4,S 35TH E RD,,53,43.43698333,-111.964030560,0,38,0,0,1,1,4,0,2,1,0,1,0,0000000,2,41,2,49,99,99,0,0,0,1,1
16,160147,2,2,0,0,0,5,5,9,0,23,12,2011,6,7,24,1,2,2,US-95,,3742,47.07623333,-116.825352780,3,12,2,0,1,1,1,0,1,1,0,1,0,0000000,7,32,7,39,99,99,0,0,0,2,0
16,160148,1,1,0,1,1,1,1,69,960,13,12,2011,3,17,30,0,14,6,5TH ST,,18,46.38588056,-117.007200000,0,15,0,0,1,1,1,0,3,10,0,10,0,0000000,17,35,17,38,99,99,0,0,0,1,0
16,160149,1,1,0,0,0,1,1,71,0,24,12,2011,7,3,0,0,5,4,OLD HIGHWAY 191,,0,42.15210000,-112.233316670,0,35,0,0,1,1,4,0,3,1,0,1,0,0000000,8,26,8,36,99,99,0,0,0,1,0
16,160150,1,1,0,0,0,6,6,39,0,30,12,2011,6,18,8,1,1,1,I-84,,776,43.30702222,-115.912872220,0,1,0,0,1,1,3,0,2,2,0,2,0,0000000,18,8,18,40,99,99,0,0,0,1,0
16,160151,2,2,0,0,0,3,3,49,0,23,12,2011,6,10,5,0,6,4,POWERLINE RD,,0,45.96864444,-116.201513890,0,12,2,0,1,1,1,0,1,1,0,1,0,0000000,10,42,11,0,99,99,0,0,0,2,0
16,160152,3,3,0,0,0,4,4,19,790,30,12,2011,6,8,39,0,13,6,SUNNYSIDE RD,,8,43.46828611,-112.039580560,0,12,8,0,1,1,1,0,1,10,2,2,0,0000000,8,42,8,48,99,99,0,0,0,1,0
17,170001,1,1,0,0,0,1,1,197,0,1,1,2011,7,9,52,0,14,2,US-6,,1538,41.55474722,-87.920488890,0,24,0,0,1,1,4,0,1,1,0,1,0,0000000,9,52,99,99,99,99,0,0,0,1,0
17,170002,1,1,0,0,0,1,1,191,0,1,1,2011,7,5,45,0,4,3,SR-161,,0,38.52319722,-88.561766670,0,34,0,0,1,1,4,0,2,1,0,1,0,0000000,6,10,99,99,88,88,0,0,0,1,1
17,170003,2,2,0,0,0,3,3,83,0,3,1,2011,2,21,3,1,2,2,US-67,,172,39.07841111,-90.293850000,0,12,2,0,1,1,1,0,2,1,0,1,0,0000000,21,5,99,99,99,99,0,0,0,2,1
17,170004,2,2,0,0,0,2,2,163,670,11,1,2011,3,20,15,0,13,3,SR-161,,21,38.57098611,-90.035727780,0,12,2,0,1,1,1,0,2,1,0,1,0,0000000,20,15,99,99,99,99,0,0,0,1,1
17,170005,1,1,0,0,0,3,3,109,0,7,1,2011,6,13,32,0,6,4,CR-1400,,0,40.49880000,-90.637761110,0,24,0,0,1,1,4,0,1,1,0,1,0,0000000,13,32,99,99,99,99,0,0,0,1,0
17,170006,1,1,0,1,1,1,1,177,0,10,1,2011,2,13,33,0,4,4,CR-4,HENDERSON ROAD,0,42.47585000,-89.614100000,0,9,0,0,2,2,1,0,1,1,0,1,0,0000000,13,33,99,99,88,88,0,0,0,1,0
17,170007,2,2,0,0,0,2,2,167,7945,5,1,2011,4,12,0,1,13,1,I-55,S CROSSING DR,116,39.89218889,-89.605530560,0,12,1,0,2,3,1,0,1,1,0,1,0,0000000,12,0,99,99,99,99,0,0,0,1,0
17,170008,1,1,0,0,0,1,1,157,0,4,1,2011,3,21,41,0,3,3,SR-150,CR-3,120,38.01387778,-89.708700000,0,35,0,0,3,3,4,0,2,1,0,1,0,0000000,21,41,99,99,99,99,0,0,0,1,1
17,170010,2,2,0,0,0,5,5,169,0,1,1,2011,7,12,24,0,3,3,SR-103,,31,40.02953056,-90.567711110,0,12,2,0,1,1,1,0,1,1,0,1,0,0000000,12,24,99,99,99,99,0,0,0,1,0
17,170011,1,1,0,0,0,1,1,19,0,10,1,2011,2,4,20,0,6,6,CR-11,,0,40.04753333,-88.014413890,0,42,0,0,1,1,4,0,2,1,0,1,0,0000000,6,31,99,99,88,88,0,0,0,1,1
17,170012,2,2,0,0,0,2,2,29,0,11,1,2011,3,21,42,1,11,1,I-57,,1839,39.42473056,-88.380438890,0,12,6,1,18,1,1,0,2,4,0,4,0,0000000,21,43,99,99,99,99,0,0,0,1,0
17,170013,2,2,0,0,0,2,2,43,0,14,1,2011,6,3,30,1,11,1,I-290,,62,41.96817500,-88.025222220,0,12,1,0,1,1,1,0,3,1,0,1,0,0000000,3,35,99,99,88,88,0,0,0,1,1
17,170014,2,2,0,0,0,2,2,93,0,12,1,2011,4,16,15,1,2,3,SR-71,,0,41.65103056,-88.399730560,0,12,2,0,1,1,1,0,1,1,0,1,0,0000000,16,15,99,99,99,99,0,0,0,1,0