STATE,ST_CASE,VE_TOTAL,VE_FORMS,PVH_INVL,PEDS,PERNOTMVIT,PERMVIT,PERSONS,COUNTY,CITY,DAY,MONTH,YEAR,DAY_WEEK,HOUR,MINUTE,NHS,ROAD_FNC,ROUTE,TWAY_ID,TWAY_ID2,MILEPT,LATITUDE,LONGITUD,SP_JUR,HARM_EV,MAN_COLL,RELJCT1,RELJCT2,TYP_INT,REL_ROAD,WRK_ZONE,LGT_COND,WEATHER1,WEATHER2,WEATHER,SCH_BUS,RAIL,NOT_HOUR,NOT_MIN,ARR_HOUR,ARR_MIN,HOSP_HR,HOSP_MN,CF1,CF2,CF3,FATALS,DRUNK_DR
17,170015,1,1,0,0,0,1,1,19,8770,3,1,2011,2,11,13,1,11,1,I-74,CUNNINGHAM AVENUE,0,40.13205556,-88.196761110,0,33,0,1,5,1,4,0,1,1,0,1,0,0000000,11,15,11,18,99,99,0,0,0,1,0
17,170016,2,2,0,0,0,3,3,43,9180,19,1,2011,4,3,41,0,14,4,CR-18,HARVESTER ROAD,0,41.90247500,-88.238219440,0,12,1,0,3,3,1,0,3,1,0,1,0,0000000,3,41,99,99,88,88,0,0,0,1,0
17,170017,3,1,2,2,2,1,1,91,0,20,1,2011,5,15,13,0,6,6,BERNARD ROAD,,0,41.18048611,-87.798875000,0,14,0,0,1,1,2,0,1,1,0,1,0,0000000,15,14,99,99,99,99,23,0,0,1,0
17,170018,1,1,0,0,0,1,1,127,0,19,1,2011,4,1,20,1,1,1,I-24,,296,37.26139444,-88.728791670,0,42,0,0,1,1,3,0,2,1,0,1,0,0000000,1,20,99,99,88,88,0,0,0,1,0
17,170019,1,1,0,0,0,1,1,169,0,16,1,2011,1,21,27,0,4,4,CR-1,,0,40.03271667,-90.572450000,0,34,0,0,1,1,4,0,2,1,0,1,0,0000000,21,27,99,99,99,99,0,0,0,1,1
17,170020,2,2,0,0,0,2,2,89,0,3,1,2011,2,6,40,0,14,4,CR-80,,0,41.99990556,-88.400252780,0,12,2,0,1,1,1,0,4,1,0,1,0,0000000,6,43,99,99,99,99,0,0,0,1,0
17,170021,1,1,0,1,1,1,1,97,0,6,1,2011,5,17,52,0,14,4,QUENTIN RD,,0,42.21167778,-88.058019440,0,8,0,0,1,1,1,0,2,1,0,1,0,0000000,17,52,99,99,99,99,0,0,0,1,0
17,170022,1,1,0,0,0,1,1,197,4300,14,1,2011,6,23,14,0,13,3,SR-53,,271,41.48356667,-88.080369440,0,34,0,0,1,1,4,1,3,4,0,4,0,0000000,23,15,99,99,88,88,0,0,0,1,1
17,170023,2,2,0,0,0,5,5,31,1670,10,1,2011,2,2,0,0,15,6,INDIANA AVENUE,69TH STREET,0,41.76921944,-87.620200000,0,12,6,0,2,2,1,0,2,1,0,1,0,0000000,2,3,99,99,99,99,0,0,0,1,1
17,170024,1,1,0,1,1,1,1,163,1240,19,1,2011,4,18,25,1,13,3,SR-3,,1416,38.57315556,-90.186605560,0,8,0,0,1,1,1,0,2,1,0,1,0,0000000,18,25,99,99,99,99,0,0,0,1,0
17,170026,2,2,0,0,0,3,3,201,0,22,1,2011,7,23,49,0,13,3,SR-2,,613,42.36685833,-89.078241670,0,48,0,0,1,1,4,0,2,1,0,1,0,0000000,23,49,99,99,99,99,0,0,0,1,2
17,170027,1,1,0,0,0,1,1,145,0,12,1,2011,4,16,32,0,6,6,PECAN ROAD,,0,38.05722778,-89.196208330,0,35,0,0,1,1,4,0,1,1,0,1,0,0000000,16,34,99,99,88,88,0,0,0,1,0
17,170028,2,2,0,0,0,3,3,31,3800,26,1,2011,4,18,3,0,14,6,GUNNISON STREET,,7,41.96836667,-87.793200000,0,12,2,0,1,1,1,0,3,4,0,4,0,0000000,18,4,99,99,99,99,0,0,0,1,0
17,170029,3,3,0,0,0,4,4,1,0,25,1,2011,3,17,39,1,2,2,US-24,,116,40.00707500,-91.274569440,0,12,1,0,1,1,1,0,2,1,0,1,0,0000000,17,43,99,99,99,99,0,0,0,2,0
17,170030,3,3,0,0,0,23,23,113,0,22,1,2011,7,8,38,1,1,1,I-74,,1242,40.54204167,-89.079366670,0,12,6,0,1,1,1,0,1,4,0,4,1,0000000,8,28,99,99,99,99,0,0,0,2,0
17,170031,3,3,0,0,0,4,4,59,0,26,1,2011,4,8,0,0,2,3,SR-13,OLD SHAWNEETOWN RD,1479,37.70430278,-88.159766670,0,12,1,0,2,3,1,0,1,1,0,1,0,0000000,8,3,99,99,99,99,0,0,0,2,0
17,170032,1,1,0,0,0,2,2,163,8430,22,1,2011,7,8,22,0,16,6,SMELTING WORKS,,0,38.55965556,-89.977966670,0,30,0,0,1,1,4,0,1,1,0,1,0,0000000,8,22,99,99,99,99,0,0,0,1,0
17,170033,1,1,0,0,0,2,2,31,5280,29,1,2011,7,2,7,1,11,1,I-57,,3489,41.61122222,-87.696350000,0,38,0,0,1,1,4,0,3,1,0,1,0,0000000,2,9,99,99,99,99,0,0,0,1,1
17,170034,1,1,0,1,1,1,1,91,900,3,1,2011,2,13,34,1,13,2,US-45,JOHN CASEY RD,3290,41.16576944,-87.875355560,0,8,0,0,2,2,1,0,1,1,0,1,0,0000000,13,34,99,99,99,99,0,0,0,1,0
17,170035,1,1,0,1,1,1,1,29,0,29,1,2011,7,17,45,0,3,2,US-45,,2051,39.53731944,-88.350975000,0,8,0,0,1,1,1,0,2,1,0,1,0,0000000,17,45,99,99,88,88,0,0,0,1,0
17,170036,3,3,0,0,0,3,3,131,0,1,2,2011,3,6,5,1,13,2,US-67,,1935,41.29111944,-90.590236110,0,12,6,0,1,1,1,0,2,4,0,4,0,0000000,6,15,99,99,99,99,0,0,0,1,0
17,170037,3,3,0,0,0,5,5,31,9997,4,2,2011,6,1,15,1,12,3,SR-394,,98,41.51353611,-87.577808330,0,12,2,0,1,1,1,0,3,1,0,1,0,0000000,1,15,99,99,99,99,0,0,0,1,3
17,170038,1,1,0,0,0,3,3,27,0,8,1,2011,7,19,44,0,5,6,COVINGTON ROAD,,0,38.51647500,-89.445802780,0,34,0,0,1,1,4,0,2,1,0,1,0,0000000,19,44,99,99,99,99,0,0,0,1,1
17,170039,2,2,0,0,0,3,3,163,8430,28,1,2011,6,12,50,1,13,3,SR-59,SERVICE STREET,224,38.53065000,-89.983866670,0,12,6,0,2,3,1,0,1,1,0,1,0,0000000,12,50,99,99,99,99,0,0,0,1,0
17,170040,1,1,0,1,1,1,1,97,230,6,2,2011,1,21,11,1,13,3,SR-59,,705,42.46720278,-88.106494440,0,8,0,0,1,1,1,0,2,4,0,4,0,0000000,21,11,99,99,88,88,0,0,0,1,1
17,170041,1,1,0,0,0,3,3,33,0,5,2,2011,7,23,0,0,16,6,1150TH AVENUE,,0,39.02153611,-87.753625000,0,31,0,0,1,1,4,0,2,1,0,1,0,0000000,23,9,99,99,99,99,0,0,0,2,1
17,170042,2,2,0,0,0,3,3,31,1670,22,1,2011,7,1,38,0,15,6,21ST ST,DAMEN AVE,0,41.85401944,-87.675902780,0,12,6,0,2,2,1,0,3,1,0,1,0,0000000,1,38,99,99,99,99,0,0,0,2,0
17,170043,1,1,0,0,0,1,1,89,460,30,1,2011,1,3,37,0,13,6,FARNSWORTH,,0,41.77131111,-88.282113890,0,30,0,0,1,1,4,0,3,1,0,1,0,0000000,3,37,99,99,99,99,0,0,0,1,1
17,170044,2,2,0,0,0,4,4,31,1185,23,1,2011,1,22,22,1,13,3,SR-50,,459,41.73826111,-87.740961110,0,12,2,0,1,1,1,0,3,4,0,4,0,0000000,22,23,99,99,99,99,0,0,0,1,1
17,170045,1,1,0,0,0,4,4,139,5010,29,1,2011,7,15,35,0,3,3,SR-32,,447,39.71685000,-88.634261110,0,32,0,0,1,1,4,0,1,1,0,1,0,0000000,15,35,99,99,88,88,0,0,0,4,0
17,170046,1,1,0,0,0,2,2,31,8590,14,1,2011,6,2,19,0,14,6,WILLIAMS ST,,11,41.56295000,-87.613480560,0,35,0,0,1,1,4,0,2,1,0,1,0,0000000,2,19,99,99,99,99,0,0,0,1,1
17,170047,2,2,0,0,0,2,2,47,0,8,2,2011,3,18,14,0,4,4,1850N,,0,38.51900278,-88.070902780,0,12,6,0,1,1,1,0,2,1,0,1,0,0000000,18,14,99,99,88,88,0,0,0,1,0
17,170048,4,2,2,0,0,7,7,31,1670,22,1,2011,7,2,3,0,16,6,NORTH SHORE AVENUE,ARTESIAN AVENUE,0,42.00318056,-87.691250000,0,12,6,0,2,2,1,0,3,1,0,1,0,0000000,2,5,99,99,99,99,0,0,0,1,1
17,170049,2,2,0,0,0,4,4,31,1670,9,2,2011,4,14,11,1,11,1,I-94,,601,41.76169722,-87.625450000,0,12,1,0,1,1,1,0,1,1,0,1,1,0000000,14,25,99,99,99,99,0,0,0,1,0
17,170050,1,1,0,0,0,2,2,31,1670,30,1,2011,1,3,50,0,15,6,RACINE AVENUE,,0,41.78776667,-87.654708330,0,33,0,0,1,1,4,0,3,1,0,1,0,0000000,3,52,99,99,99,99,0,0,0,1,0
17,170051,1,1,0,1,1,1,1,31,1670,2,2,2011,4,14,47,0,15,6,ARCHER AVE,ELIAS CT,0,41.84205000,-87.657080560,0,8,0,0,3,3,1,0,1,8,0,8,0,0000000,14,47,99,99,88,88,0,0,0,1,0
17,170053,1,1,0,0,0,2,2,1,4685,19,1,2011,4,11,28,0,4,6,N 2600TH AVE,,0,40.13566944,-91.005919440,0,10,0,0,6,1,1,0,1,1,0,1,0,0726305,11,35,99,99,99,99,0,0,0,2,0
17,170054,2,1,1,0,1,2,3,149,0,12,2,2011,7,23,26,1,1,1,I-72,,197,39.70611389,-91.045644440,0,14,0,0,1,1,2,0,2,1,0,1,0,0000000,23,26,99,99,99,99,0,0,0,1,0
17,170055,1,1,0,0,0,1,1,31,1670,9,2,2011,4,23,38,1,11,1,I-94,,0,41.68512500,-87.601366670,0,42,0,1,5,1,8,0,3,1,0,1,0,0000000,23,43,99,99,99,99,0,0,0,1,1
17,170056,1,1,0,0,0,3,3,55,0,15,2,2011,3,18,18,0,4,4,CR-30,,0,37.95005000,-89.103069440,0,30,0,0,1,1,4,0,2,1,0,1,0,0000000,18,18,99,99,99,99,0,0,0,1,0
17,170059,1,1,0,0,0,2,2,163,2610,10,2,2011,5,23,55,1,16,6,3RD STREET,ST LOUIS AVENUE,0,38.62834167,-90.159672220,0,30,0,0,5,1,4,0,3,1,0,1,0,0000000,23,55,99,99,99,99,0,0,0,1,1
17,170060,1,1,0,1,1,1,1,31,1670,4,2,2011,6,23,11,0,16,6,SPAULDING AVENUE,,0,41.90955278,-87.709447220,0,8,0,0,1,1,1,0,3,4,0,4,0,0000000,23,24,99,99,88,88,0,0,0,1,0
17,170061,1,1,0,0,0,2,2,7,0,12,2,2011,7,21,52,0,6,6,SQUAW PRAIRIE ROAD,,0,42.29143056,-88.820938890,0,42,0,0,1,1,4,0,2,1,0,1,0,0000000,21,52,99,99,99,99,0,0,0,1,1
17,170062,1,1,0,0,0,1,1,31,7380,6,1,2011,5,11,30,0,16,6,KEYSTONE AVE,,0,41.64403056,-87.719641670,0,42,0,0,1,1,4,0,1,4,0,4,0,0000000,11,30,99,99,99,99,0,0,0,1,0
17,170063,1,1,0,0,0,1,1,131,0,1,2,2011,3,8,46,0,6,5,30TH AVE,,0,41.11360556,-90.908419440,0,35,0,0,1,1,4,0,1,4,6,4,0,0000000,8,47,9,6,9,28,0,0,0,1,1
17,170064,2,2,0,0,0,4,4,157,0,4,2,2011,6,16,56,0,3,3,SR-4,SR-13,418,38.21224722,-89.703263890,0,12,6,0,2,3,1,0,1,1,0,1,0,0000000,16,56,99,99,99,99,0,0,0,1,0
17,170065,1,1,0,0,0,4,4,149,0,19,2,2011,7,10,40,1,11,1,I-72,,0,39.75564167,-91.294038890,0,31,0,1,5,1,8,0,1,1,0,1,0,0000000,10,42,99,99,99,99,0,0,0,1,0
17,170066,2,2,0,0,0,4,4,199,4100,9,2,2011,4,16,37,0,4,3,SR-184,,0,37.82481667,-89.136050000,0,12,2,0,1,1,1,0,1,4,0,4,0,0000000,16,37,99,99,99,99,0,0,0,1,0
17,170067,1,1,0,1,1,1,1,31,780,16,2,2011,4,19,59,1,13,3,SR-43,,219,41.82150278,-87.802630560,0,8,0,0,1,1,1,0,3,1,0,1,0,0000000,19,59,99,99,99,99,0,0,0,1,0
17,170068,1,1,0,0,0,1,1,25,0,17,2,2011,5,17,6,0,6,6,1100N,,0,38.73787222,-88.489163890,0,34,0,0,1,1,4,0,5,1,0,1,0,0000000,17,20,99,99,88,88,0,0,0,1,1
17,170069,2,2,0,0,0,2,2,31,0,19,2,2011,7,16,57,1,11,1,I-294,,135,41.97221667,-87.870036110,0,12,1,0,1,1,1,0,1,1,0,1,1,0000000,16,57,99,99,99,99,0,0,0,1,0
17,170070,1,1,0,0,0,1,1,57,0,9,1,2011,1,14,50,0,4,4,CR-9,,0,40.37196667,-90.139530560,0,35,0,0,1,1,4,0,1,1,0,1,0,0000000,14,55,99,99,88,88,0,0,0,1,1
17,170071,1,1,0,0,0,5,5,39,2980,19,2,2011,7,22,3,1,11,1,I-74,,1582,40.25833056,-88.635916670,0,35,0,0,1,1,3,0,2,1,0,1,0,0000000,22,4,99,99,99,99,0,0,0,2,0
17,170072,2,2,0,0,0,2,2,167,0,23,2,2011,4,21,13,0,3,3,SR-4,,1526,39.62795278,-89.732011110,0,12,2,0,1,1,1,0,2,1,0,1,0,0000000,21,13,99,99,88,88,0,0,0,2,0
17,170073,2,2,0,0,0,2,2,193,0,9,2,2011,4,14,10,0,3,3,SR-1,,364,37.94741667,-88.319408330,0,12,6,0,1,1,1,0,1,4,0,4,0,0000000,14,11,99,99,99,99,0,0,0,1,0
17,170075,1,1,0,1,1,1,1,19,1550,3,2,2011,5,23,25,0,14,6,DUNCAN ROAD,,0,40.09274722,-88.295211110,0,8,0,0,1,1,1,0,2,1,0,1,0,0000000,23,26,99,99,99,99,0,0,0,1,0
17,170076,5,2,3,0,0,2,2,43,9997,10,1,2011,2,15,44,0,16,6,SMITH,MALL,0,41.92296667,-88.262550000,0,12,6,0,2,2,1,0,1,1,0,1,0,0000000,15,46,99,99,99,99,0,0,0,1,0
17,170077,1,1,0,1,1,1,1,31,1670,18,2,2011,6,21,55,0,14,6,PULASKI ROAD,,0,41.82389444,-87.724083330,0,8,0,0,1,1,1,0,3,1,0,1,0,0000000,21,57,99,99,99,99,0,0,0,1,0
17,170078,1,1,0,0,0,1,1,73,0,21,2,2011,2,15,20,0,4,4,CR-5,,0,41.23016389,-90.033397220,0,35,0,0,1,1,4,0,1,1,0,1,0,0000000,15,20,99,99,99,99,0,0,0,1,0
17,170079,2,2,0,0,0,5,5,111,0,17,1,2011,2,19,6,0,14,5,RAWSON BRIDGE RD,,0,42.24167778,-88.231380560,0,12,2,0,1,1,1,0,2,3,0,3,0,0000000,19,6,99,99,99,99,0,0,0,1,0
17,170080,3,3,0,0,0,6,6,199,3870,18,2,2011,6,20,0,0,13,3,SR-148,,127,37.78648611,-89.027363890,0,12,6,0,8,1,1,0,3,1,0,1,0,0000000,20,0,99,99,99,99,0,0,0,1,0
17,170081,1,1,0,1,1,1,1,31,7488,21,2,2011,2,19,45,1,12,3,SR-53,,695,42.06071111,-88.028530560,0,8,0,1,18,1,1,0,3,3,0,3,0,0000000,19,48,99,99,88,88,19,23,0,1,0
17,170082,2,2,0,0,0,4,4,111,4625,1,3,2011,3,18,24,0,14,6,PYOTT ROAD,,0,42.18750278,-88.306072220,0,12,2,0,1,1,1,0,2,1,0,1,0,0000000,18,24,99,99,99,99,0,0,0,1,0
17,170083,2,2,0,0,0,5,5,33,0,23,2,2011,4,10,51,0,4,5,TRIMBLE RD,HIGHLAND AVE,0,39.02242778,-87.720380560,0,12,6,0,2,3,1,0,1,1,0,1,0,0000000,10,51,99,99,99,99,0,0,0,1,0
17,170084,1,1,0,0,0,1,1,31,280,26,1,2011,4,16,9,0,16,6,WALNUT AVENUE,,0,42.06521667,-87.988547220,0,33,0,0,1,1,4,0,1,1,0,1,0,0000000,16,10,99,99,99,99,0,0,0,1,0
17,170085,2,2,0,0,0,2,2,199,2010,17,2,2011,5,18,17,0,2,3,SR-13,SAMUEL,980,37.74497778,-89.044661110,0,12,6,0,2,7,1,0,3,1,0,1,0,0000000,18,17,99,99,99,99,0,0,0,1,0
17,170086,1,1,0,0,0,1,1,105,0,17,2,2011,5,20,32,0,6,5,3100E,,0,40.84764167,-88.337325000,0,35,0,0,1,1,4,0,2,1,0,1,0,0000000,20,32,99,99,88,88,0,0,0,1,0
17,170087,3,2,1,0,0,2,2,91,4380,18,2,2011,6,20,43,0,15,6,SCHUYLER,,0,41.12441111,-87.863141670,0,14,0,0,1,1,7,0,2,1,0,1,0,0000000,20,43,99,99,99,99,0,0,0,1,1
17,170088,2,2,0,0,0,3,3,37,8450,21,2,2011,2,17,30,0,13,3,SR-23,PLANK RD,932,42.01538889,-88.676511110,0,12,6,0,2,2,1,0,5,2,0,2,0,0000000,17,32,99,99,99,99,0,0,0,2,0
17,170089,5,5,0,0,0,6,6,31,0,23,2,2011,4,19,1,1,11,1,I-294,,32,42.11600556,-87.876136110,0,12,7,0,1,1,1,0,3,1,0,1,0,0000000,19,1,99,99,99,99,0,0,0,1,0
17,170090,1,1,0,2,2,1,1,19,0,7,3,2011,2,16,33,0,6,4,CR-500,,0,40.14776389,-88.369838890,0,9,0,0,1,1,1,0,1,1,0,1,0,0000000,16,33,99,99,99,99,0,0,0,1,0
17,170091,1,1,0,0,0,1,1,189,0,27,2,2011,1,6,24,0,5,4,CR-1,,0,38.39041389,-89.452463890,0,52,0,0,1,1,4,0,2,1,0,1,0,0000000,6,24,99,99,88,88,0,0,0,1,0
17,170092,1,1,0,0,0,2,2,163,1495,7,3,2011,2,0,38,0,15,6,LAKE DR,,0,38.60084167,-90.094825000,0,1,0,0,1,1,4,0,3,1,0,1,0,0000000,0,38,99,99,99,99,0,0,0,1,1
17,170093,1,1,0,1,1,2,2,43,9545,28,2,2011,2,19,20,0,15,4,CR-2,,0,41.76531667,-88.056266670,0,8,0,0,1,1,1,0,2,1,0,1,0,0000000,19,20,99,99,99,99,0,0,0,1,0
17,170094,1,1,0,0,0,2,2,189,0,13,2,2011,1,2,2,0,4,4,CR-21,,0,38.34731667,-89.477077780,0,23,0,0,1,1,4,0,2,1,0,1,0,0000000,2,2,99,99,99,99,0,0,0,1,1
17,170095,1,1,0,1,1,2,2,119,3450,28,2,2011,2,18,26,0,13,3,SR-111,,304,38.92691389,-90.191027780,0,8,0,0,1,1,1,0,2,1,0,1,0,0000000,18,26,99,99,88,88,0,0,0,1,0
17,170096,1,1,0,0,0,5,5,27,0,13,3,2011,1,10,30,0,3,3,SR-161,,295,38.55359444,-89.592263890,0,34,0,0,1,1,4,0,1,1,0,1,0,0000000,10,30,99,99,99,99,0,0,0,1,1
17,170097,1,1,0,1,1,1,1,3,0,13,3,2011,1,20,42,0,3,3,SR-3,,140,37.16891111,-89.356550000,0,8,0,0,1,1,1,0,2,2,0,2,0,0000000,20,45,99,99,88,88,0,0,0,1,0
17,170098,2,2,0,0,0,2,2,11,0,8,3,2011,3,11,42,0,3,2,US-34,,934,41.33200278,-89.755780560,0,12,2,0,1,1,1,0,1,1,0,1,0,0000000,11,45,99,99,88,88,0,0,0,1,0
17,170099,2,2,0,0,0,4,4,31,1670,6,3,2011,1,3,6,0,15,6,WASHINGTON,WOLCOTT,0,41.88318056,-87.674238890,0,12,6,0,2,2,1,0,3,8,0,8,0,0000000,3,8,99,99,99,99,0,0,0,1,1
17,170100,2,2,0,0,0,5,5,43,9180,12,3,2011,7,18,42,0,16,6,GATES STREET,AUGUSTA AVENUE,0,41.86601944,-88.197288890,0,12,6,0,2,2,1,0,3,1,0,1,0,0000000,18,43,99,99,99,99,0,0,0,1,0
17,170101,2,2,0,0,0,2,2,31,1670,21,1,2011,6,1,58,0,15,6,35TH ST,KING DR,0,41.83111111,-87.617300000,0,12,6,0,2,2,1,0,3,1,0,1,0,0000000,2,1,99,99,99,99,0,0,0,1,0
17,170102,3,3,0,0,0,4,4,89,8031,27,2,2011,1,15,56,1,13,6,RANDALL,,0,42.09394444,-88.335158330,0,12,7,0,1,1,1,0,1,2,0,2,0,0000000,15,57,16,1,99,99,0,0,0,1,0
17,170103,2,2,0,0,0,2,2,45,6720,10,3,2011,5,6,28,0,13,2,US-150,LOWER TERRE HAUTE,2564,39.60387778,-87.684041670,0,12,6,0,2,2,1,0,1,5,0,5,0,0000000,6,28,99,99,88,88,0,0,0,1,0
17,170104,1,1,0,0,0,1,1,113,0,29,1,2011,7,0,59,0,4,5,900 EAST RD,,0,40.48009722,-89.096533330,0,42,0,0,1,1,4,0,2,1,0,1,0,0000000,0,59,99,99,88,88,0,0,0,1,1
17,170106,1,1,0,0,0,1,1,201,7460,18,3,2011,6,18,38,0,16,6,8TH ST,,0,42.23033889,-89.079683330,0,33,0,0,1,1,4,0,1,1,0,1,0,0000000,18,38,99,99,99,99,0,0,0,1,1
17,170107,1,1,0,0,0,1,1,197,4300,20,3,2011,1,18,5,1,13,3,SR-59,,35,41.55874444,-88.200097220,0,38,0,0,1,1,4,0,1,1,0,1,0,0000000,18,5,99,99,88,88,0,0,0,1,0
17,170109,2,2,0,1,1,2,2,19,8770,4,3,2011,6,21,40,1,13,2,US-45,MCCULLOUGH,2476,40.11649167,-88.212819440,0,8,0,0,2,2,1,0,3,2,0,2,0,0000000,21,42,99,99,99,99,0,0,0,1,0
17,170110,1,1,0,1,1,1,1,31,1670,17,3,2011,5,22,14,1,11,1,I-55,,2896,41.83254167,-87.693672220,0,8,0,1,18,1,2,0,3,1,0,1,0,0000000,22,17,99,99,99,99,23,0,0,1,1
17,170111,1,1,0,1,1,1,1,31,7820,3,3,2011,5,18,42,0,14,6,LAWRENCE AVENUE,,0,41.96567778,-87.871541670,0,8,0,0,1,1,1,0,3,1,0,1,0,0000000,18,42,99,99,99,99,0,0,0,1,0
17,170112,1,1,0,1,1,1,1,31,1670,14,3,2011,2,1,10,0,14,6,111TH STREET,,0,41.69158333,-87.698758330,0,8,0,0,1,1,1,0,3,1,0,1,0,0000000,1,13,99,99,88,88,0,0,0,1,0
17,170113,1,1,0,0,0,1,1,119,0,5,3,2011,7,0,30,0,6,6,ST JAMES DRIVE,,0,38.92565000,-89.946141670,0,1,0,0,1,1,4,0,2,2,0,2,0,0000000,0,30,99,99,88,88,0,0,0,1,1
17,170114,1,1,0,0,0,3,3,197,0,6,3,2011,1,12,3,0,16,5,BEMES,,0,41.40703056,-87.535700000,0,42,0,0,1,1,4,0,1,1,0,1,0,0000000,12,3,99,99,99,99,0,0,0,2,0
17,170115,2,2,0,0,0,2,2,167,8220,21,3,2011,2,22,36,0,16,6,COOK ST,5TH ST,0,39.79487778,-89.649500000,0,12,6,0,2,2,1,2,3,1,0,1,0,0000000,22,36,99,99,99,99,0,0,0,1,0
17,170116,2,2,0,0,0,2,2,31,8030,23,3,2011,4,22,9,0,14,6,GOLF,EWING,0,42.05427778,-87.713125000,0,12,2,0,1,1,1,0,3,2,0,2,0,0000000,22,9,99,99,99,99,0,0,0,1,0
17,170118,2,2,0,0,0,4,4,105,0,18,3,2011,6,17,4,0,4,5,OLD IL-66,,0,40.85325278,-88.653830560,0,12,2,0,1,1,1,0,1,1,0,1,0,0000000,17,4,99,99,99,99,0,0,0,1,0
17,170119,2,2,0,0,0,5,5,181,0,23,3,2011,4,14,48,1,1,1,I-57,,382,37.54185000,-89.053027780,0,12,1,0,1,1,1,0,1,1,0,1,0,0000000,14,48,99,99,99,99,0,0,0,1,0
17,170120,3,1,2,1,1,1,1,97,4650,24,3,2011,5,14,50,1,13,2,US-12,,267,42.19772500,-88.111219440,0,31,0,0,1,1,5,0,1,1,0,1,0,0000000,14,50,99,99,99,99,0,0,0,1,0
17,170121,2,2,0,0,0,3,3,163,0,26,3,2011,7,6,28,1,11,1,I-255,,43,38.49661389,-90.213625000,0,12,1,0,1,1,1,0,2,1,0,1,0,0000000,6,28,99,99,99,99,0,0,0,1,1
17,170122,1,1,0,0,0,1,1,91,0,27,3,2011,1,2,20,0,6,5,4000E,,0,41.15749167,-87.798372220,0,53,0,0,1,1,4,0,2,1,0,1,0,0000000,2,20,99,99,99,99,0,0,0,1,1
17,170123,2,2,0,0,0,2,2,15,0,27,1,2011,5,8,11,1,2,3,SR-84,,617,42.17500833,-90.200630560,0,12,6,0,1,1,1,0,1,4,0,4,0,0000000,8,11,99,99,88,88,0,0,0,1,0
17,170124,2,2,0,0,0,3,3,203,0,13,3,2011,1,15,23,0,4,3,SR-26,,38,40.78556389,-89.522291670,0,12,1,0,1,1,1,0,1,1,0,1,0,0000000,15,24,99,99,99,99,0,0,0,1,0
17,170125,2,2,0,0,0,4,4,197,7977,12,3,2011,7,12,28,0,13,2,US-52,I-55 EXIT RAMP,1347,41.52161944,-88.189769440,0,12,6,1,2,2,1,0,1,1,0,1,0,0000000,12,28,99,99,99,99,0,0,0,1,0
17,170126,1,1,0,0,0,1,1,201,7460,1,3,2011,3,11,49,0,14,6,KISHWAUKEE STREET,,0,42.21890833,-89.086908330,0,42,0,0,1,1,4,0,1,1,0,1,0,0000000,11,49,99,99,99,99,0,0,0,1,0
17,170127,2,2,0,0,0,3,3,97,6501,12,3,2011,7,9,55,0,14,4,CR-16,,0,42.39898056,-87.984158330,0,12,2,0,1,1,1,0,1,1,0,1,0,0000000,9,56,10,1,10,28,0,0,0,1,0
17,170128,2,2,0,0,0,3,3,157,0,23,3,2011,4,17,56,0,4,4,CR-2,CR-4,0,38.08891667,-89.729602780,0,12,6,0,2,2,1,0,1,1,0,1,0,0000000,17,56,99,99,99,99,0,0,0,1,0
17,170129,2,2,0,0,0,3,3,197,4300,2,4,2011,7,16,54,0,15,6,WASHINGTON STREET,BOULDER AVENUE,0,41.52352222,-88.059530560,0,12,6,0,2,2,1,0,1,1,0,1,0,0000000,16,54,99,99,99,99,0,0,0,1,1
17,170130,1,1,0,0,0,1,1,31,8120,1,4,2011,6,13,5,0,16,6,WENTWORTH,157TH,0,41.61090000,-87.624169440,0,38,0,0,3,3,4,0,1,2,0,2,0,0000000,13,6,99,99,99,99,0,0,0,1,0
17,170131,3,1,2,0,0,2,2,31,5790,30,3,2011,4,1,38,0,15,6,LINCOLN AVENUE,,0,42.03532778,-87.773958330,0,14,0,0,1,1,4,0,3,1,0,1,0,0000000,1,38,99,99,99,99,20,0,0,1,0
17,170132,1,1,0,0,0,1,1,31,1670,27,3,2011,1,1,40,0,15,6,GRAND AVENUE,ARTESIAN AVENUE,0,41.89086111,-87.687930560,0,33,0,0,1,1,4,0,3,1,0,1,0,0000000,1,40,99,99,88,88,0,0,0,1,1
17,170133,3,3,0,0,0,4,4,179,6840,21,3,2011,2,16,10,0,13,3,SR-29,VFW RD,1026,40.53342778,-89.664513890,0,12,6,0,2,3,1,0,1,1,0,1,0,0000000,16,10,99,99,88,88,14,0,0,1,0
17,170134,1,1,0,0,0,1,1,57,0,2,4,2011,7,19,45,0,4,4,CR-20,,0,40.67196667,-90.376669440,0,1,0,0,1,1,4,0,2,1,0,1,0,0000000,19,45,99,99,88,88,0,0,0,1,1
17,170135,1,1,0,0,0,2,2,75,0,21,2,2011,2,20,15,0,4,4,CR-700,,30,40.91169722,-88.000705560,0,1,0,0,1,1,4,0,2,4,3,4,0,0000000,9,34,99,99,88,88,18,0,0,2,0
17,170136,2,2,0,0,0,2,2,77,5950,22,3,2011,3,9,28,1,13,3,SR-13,COUNTRY CLUB RD,836,37.76151389,-89.280536110,0,12,6,0,2,2,1,0,1,1,0,1,0,0000000,9,28,99,99,99,99,0,0,0,1,0