STATE,ST_CASE,VE_TOTAL,VE_FORMS,PVH_INVL,PEDS,PERNOTMVIT,PERMVIT,PERSONS,COUNTY,CITY,DAY,MONTH,YEAR,DAY_WEEK,HOUR,MINUTE,NHS,ROAD_FNC,ROUTE,TWAY_ID,TWAY_ID2,MILEPT,LATITUDE,LONGITUD,SP_JUR,HARM_EV,MAN_COLL,RELJCT1,RELJCT2,TYP_INT,REL_ROAD,WRK_ZONE,LGT_COND,WEATHER1,WEATHER2,WEATHER,SCH_BUS,RAIL,NOT_HOUR,NOT_MIN,ARR_HOUR,ARR_MIN,HOSP_HR,HOSP_MN,CF1,CF2,CF3,FATALS,DRUNK_DR
17,170137,3,3,0,0,0,5,5,43,2440,14,3,2011,2,12,3,0,14,6,63RD STREET,,0,41.77288889,-88.015711110,0,12,1,0,1,1,1,0,1,1,0,1,1,0000000,12,3,99,99,99,99,0,0,0,1,0
17,170140,2,2,0,1,1,2,2,31,7165,22,2,2011,3,23,0,0,14,6,EUCLID AVENUE,,0,42.08780556,-87.919558330,0,15,0,0,1,1,1,0,2,1,0,1,0,0000000,23,1,99,99,99,99,0,0,0,1,0
17,170141,1,1,0,1,1,1,1,145,2470,31,3,2011,5,12,26,0,13,6,W MAIN ST,S HICKORY ST,755,38.01128056,-89.243111110,0,15,0,0,2,2,1,0,1,1,0,1,0,0000000,12,26,99,99,99,99,0,0,0,1,0
17,170142,1,1,0,0,0,1,1,197,0,7,4,2011,5,12,37,1,1,1,I-55,,0,41.41700833,-88.194472220,0,1,0,1,5,1,8,0,1,1,0,1,0,0000000,12,37,99,99,99,99,0,0,0,1,0
17,170143,1,1,0,1,1,1,1,31,980,31,3,2011,5,2,21,1,13,2,US-20,,689,41.71887778,-87.802025000,0,9,0,1,18,1,1,0,3,1,0,1,0,0000000,2,21,99,99,99,99,0,0,0,1,0
17,170144,1,1,0,0,0,2,2,31,1670,26,3,2011,7,19,30,0,15,6,VINCENNES AVENUE,,0,41.73889444,-87.640786110,0,33,0,0,1,1,4,0,3,1,0,1,0,0000000,19,33,99,99,99,99,0,0,0,1,1
17,170145,2,2,0,0,0,2,2,119,0,7,4,2011,5,21,34,0,3,3,SR-160,CR-31,317,38.71341111,-89.689361110,0,12,6,0,3,2,1,0,2,1,0,1,0,0000000,22,9,99,99,99,99,0,0,0,1,0
17,170146,2,2,0,0,0,2,2,91,0,6,4,2011,4,17,59,0,3,3,SR-102,,52,41.19677222,-87.961008330,0,12,6,0,8,1,1,0,1,1,0,1,0,0000000,17,59,99,99,99,99,0,0,0,1,0
17,170147,2,2,0,0,0,3,3,49,0,9,4,2011,7,14,45,1,2,2,US-45,CR-30,1683,39.06156111,-88.547091670,0,12,6,0,2,2,1,0,1,1,0,1,0,0000000,14,52,99,99,99,99,0,0,0,1,0
17,170148,1,1,0,0,0,5,5,29,0,10,4,2011,1,17,39,1,11,1,I-57,,1905,39.49816944,-88.322486110,0,1,0,0,1,1,3,0,1,1,0,1,0,0000000,17,39,99,99,99,99,0,0,0,1,0
17,170149,1,1,0,1,1,1,1,31,1670,1,4,2011,6,20,5,1,13,3,SR-64,,1339,41.91005000,-87.712152780,0,8,0,0,1,1,1,0,3,2,0,2,0,0000000,20,10,99,99,99,99,0,0,0,1,0
17,170150,1,1,0,0,0,2,2,183,0,6,4,2011,4,3,31,0,5,5,GRAPE CREEK,,0,40.06448889,-87.602633330,0,43,0,0,1,1,4,0,2,1,0,1,0,0000000,3,31,99,99,88,88,0,0,0,1,1
17,170151,3,3,0,0,0,3,3,31,0,15,4,2011,6,22,34,1,11,1,I-294,,1562,41.57824167,-87.665836110,0,12,1,0,1,1,1,0,3,1,0,1,0,0000000,22,34,99,99,99,99,0,0,0,1,0
17,170152,1,1,0,0,0,1,1,179,0,10,4,2011,1,5,20,0,6,6,FAST AVENUE,,0,40.53631111,-89.293466670,0,34,0,0,1,1,4,0,2,1,0,1,0,0000000,5,20,99,99,99,99,0,0,0,1,1
17,170153,2,2,0,0,0,3,3,19,1550,11,4,2011,2,11,1,1,11,1,I-74,,1793,40.14295000,-88.280297220,0,12,6,0,1,1,1,0,1,1,0,1,0,0000000,11,3,99,99,99,99,0,0,0,1,0
17,170154,1,1,0,0,0,1,1,113,0,13,4,2011,4,16,21,0,4,3,SR-165,,223,40.58772778,-88.524605560,0,1,0,0,1,1,4,0,1,1,0,1,0,0000000,16,21,99,99,99,99,0,0,0,1,0
17,170155,3,3,0,0,0,3,3,165,7182,18,4,2011,2,3,10,0,3,3,SR-34,,366,37.83431944,-88.540783330,0,1,0,0,1,1,1,0,2,1,0,1,0,0000000,3,27,99,99,99,99,0,0,0,1,0
17,170156,3,3,0,0,0,5,5,97,0,12,4,2011,3,12,13,1,11,1,I-94,,148,42.29711667,-87.902875000,0,12,1,0,1,1,1,0,1,1,0,1,0,0000000,12,34,99,99,99,99,19,23,0,1,0
17,170157,1,1,0,1,1,1,1,31,980,22,3,2011,3,12,42,0,16,6,ODELL,,0,41.74371944,-87.803302780,0,8,0,0,8,1,1,0,1,1,0,1,0,0000000,12,42,99,99,99,99,0,0,0,1,0
17,170158,1,1,0,0,0,2,2,93,0,30,1,2011,1,8,29,0,16,6,STEWART ROAD,,0,41.66949167,-88.269813890,0,34,0,0,1,1,4,0,1,1,0,1,0,0000000,8,29,99,99,99,99,0,0,0,1,0
17,170159,1,1,0,0,0,1,1,115,0,26,3,2011,7,2,40,0,4,4,CR-24,,0,39.89471111,-88.770227780,0,34,0,0,1,1,4,0,2,1,0,1,0,0000000,5,58,99,99,88,88,0,0,0,1,1
17,170160,2,2,0,0,0,3,3,163,2962,15,4,2011,6,20,32,1,13,3,SR-159,,283,38.61516944,-89.984991670,0,12,2,0,1,1,11,0,3,1,0,1,0,0000000,20,32,21,34,99,99,0,0,0,1,0
17,170161,2,2,0,0,0,2,2,31,6320,15,4,2011,6,19,45,1,13,6,WILLOW,,0,42.10222222,-87.783027780,0,12,2,0,1,1,1,0,2,2,0,2,0,0000000,18,47,19,53,99,99,0,0,0,2,1
17,170162,1,1,0,0,0,1,1,163,0,18,4,2011,2,21,52,1,11,1,I-64,,0,38.62147222,-90.093511110,0,1,0,1,5,1,8,0,3,2,0,2,0,0000000,21,52,99,99,88,88,0,0,0,1,1
17,170163,1,1,0,0,0,1,1,31,2870,24,2,2011,5,6,14,0,14,6,OAKTON,CALLAN,0,42.02672778,-87.678783330,0,39,0,0,1,1,4,0,3,1,0,1,0,0000000,6,14,99,99,88,88,0,0,0,1,0
17,170164,1,1,0,0,0,1,1,31,2330,8,4,2011,6,13,30,0,14,6,OAKTON,TIMES,0,42.02378889,-87.898441670,0,33,0,0,1,1,4,0,1,2,0,2,0,0000000,13,30,99,99,88,88,0,0,0,1,0
17,170165,1,1,0,0,0,3,3,97,9650,5,2,2011,7,20,16,1,13,3,SR-131,,150,42.49243056,-87.886463890,0,48,0,0,1,1,4,0,2,1,0,1,0,0000000,20,16,99,99,99,99,0,0,0,1,0
17,170166,1,1,0,0,0,1,1,31,1670,3,4,2011,1,2,35,1,13,3,SR-50,,490,41.78291667,-87.742241670,0,33,0,0,1,1,3,0,3,1,0,1,0,0000000,2,36,99,99,99,99,0,0,0,1,1
17,170167,1,1,0,0,0,2,2,31,280,24,3,2011,5,0,43,0,16,6,WINDSOR,,0,42.07736667,-87.963472220,0,42,0,0,1,1,4,0,3,4,0,4,0,0000000,0,43,99,99,99,99,0,0,0,1,0
17,170168,1,1,0,1,1,1,1,31,1670,1,1,2011,7,3,38,1,13,6,WESTERN,53RD,0,41.79763889,-87.684130560,0,8,0,0,1,1,1,0,3,1,0,1,0,0000000,3,48,99,99,99,99,0,0,0,1,0
17,170169,2,2,0,0,0,2,2,31,5450,31,3,2011,5,6,29,1,13,3,SR-64,22ND AVE,1263,41.90793889,-87.860805560,0,12,6,0,2,3,1,0,1,1,0,1,0,0000000,6,29,99,99,99,99,0,0,0,1,0
17,170170,2,2,0,0,0,2,2,31,0,27,3,2011,1,12,48,1,13,3,SR-50,,523,41.83115000,-87.743641670,0,12,6,0,1,1,1,0,1,1,0,1,0,0000000,12,51,99,99,88,88,0,0,0,1,1
17,170171,2,2,0,0,0,2,2,31,0,18,3,2011,6,5,0,0,14,6,CERMAK,,0,41.85138056,-87.740436110,0,12,7,0,1,1,1,0,3,1,0,1,0,0000000,5,1,99,99,99,99,0,0,0,1,0
17,170173,1,1,0,1,1,2,2,163,2610,16,4,2011,7,22,16,0,14,6,STATE,,0,38.62060278,-90.139480560,0,8,0,0,1,1,1,0,2,1,0,1,0,0000000,22,16,99,99,99,99,0,0,0,1,0
17,170174,1,1,0,0,0,1,1,81,0,6,4,2011,4,12,19,0,4,4,CR-39,,0,38.43981389,-88.992752780,0,42,0,0,1,1,4,0,1,1,0,1,0,0000000,12,19,99,99,99,99,0,0,0,1,0
17,170175,1,1,0,1,1,1,1,31,1670,20,3,2011,1,14,40,0,15,6,SHERIDAN,ARDMORE,0,41.98736111,-87.655238890,0,8,0,0,3,2,1,0,1,2,0,2,0,0000000,14,45,99,99,99,99,0,0,0,1,0
17,170176,1,1,0,0,0,2,2,31,1670,31,3,2011,5,20,13,0,15,6,99TH STREET,,0,41.71370000,-87.679363890,0,33,0,0,1,1,4,0,3,1,0,1,0,0000000,20,13,99,99,99,99,0,0,0,1,0
17,170177,1,1,0,0,0,1,1,31,1670,1,1,2011,7,5,4,0,14,6,CERMAK RD,,0,41.85140833,-87.739866670,0,25,0,0,1,1,3,0,3,1,0,1,0,0000000,5,4,99,99,88,88,0,0,0,1,1
17,170178,2,2,0,0,0,2,2,131,0,15,2,2011,3,12,1,0,3,3,SR-17,,256,41.20277500,-90.539847220,0,12,2,0,1,1,1,0,1,1,0,1,0,0000000,12,1,99,99,99,99,0,0,0,1,1
17,170179,1,1,0,0,0,2,2,197,4300,21,4,2011,5,3,0,1,13,3,SR-59,,29,41.55022222,-88.199769440,0,33,0,0,1,1,4,0,2,1,0,1,0,0000000,3,0,99,99,99,99,0,0,0,1,1
17,170180,1,1,0,1,1,1,1,31,9300,25,4,2011,2,12,50,0,14,6,WOLF,MESSNER,0,42.11400278,-87.907641670,0,9,0,0,1,1,1,0,1,1,0,1,0,0000000,12,50,12,51,99,99,0,0,0,1,0
17,170181,1,1,0,0,0,3,3,75,0,4,4,2011,2,20,30,1,1,1,I-57,,2867,40.80262778,-87.998761110,0,1,0,0,1,1,4,0,2,1,0,1,0,0000000,21,19,99,99,99,99,0,0,0,1,0
17,170182,1,1,0,1,1,3,3,31,1670,22,4,2011,6,21,52,1,11,1,I-290,,238,41.87126667,-87.760116670,0,8,0,0,1,1,1,0,3,2,0,2,0,0000000,21,53,99,99,99,99,0,0,0,1,0
17,170183,1,1,0,0,0,1,1,97,3815,15,4,2011,6,1,29,0,14,6,MIDLOTHIAN RD,,0,42.22444167,-88.062619440,0,59,0,0,1,1,4,0,2,1,0,1,0,0000000,1,29,99,99,88,88,0,0,0,1,1
17,170185,2,2,0,0,0,2,2,31,3996,27,1,2011,5,19,37,0,13,3,SR-58,,44,42.04630278,-88.181355560,0,12,6,0,1,1,1,0,2,1,0,1,0,0000000,19,37,99,99,99,99,0,0,0,2,0
17,170186,1,1,0,0,0,1,1,141,0,10,3,2011,5,1,1,0,2,3,SR-2,,449,42.17831667,-89.191452780,0,34,0,0,1,1,4,0,2,1,0,1,0,0000000,1,1,99,99,88,88,0,0,0,1,1
17,170187,1,1,0,0,0,1,1,141,0,23,3,2011,4,18,55,0,2,3,SR-2,,340,42.08406944,-89.330408330,0,24,0,0,1,1,4,0,2,2,0,2,0,0000000,18,55,99,99,99,99,0,0,0,1,0
17,170188,1,1,0,0,0,1,1,189,0,24,4,2011,1,0,36,0,5,4,CR-27,,0,38.45958611,-89.436511110,0,34,0,0,1,1,4,0,2,2,0,2,0,0000000,0,36,99,99,88,88,0,0,0,1,1
17,170189,1,1,0,1,1,1,1,31,1670,19,4,2011,3,19,54,0,15,6,35TH ST,,0,41.83115000,-87.614750000,0,8,0,0,1,1,1,0,3,2,0,2,0,0000000,19,54,99,99,88,88,0,0,0,1,0
17,170190,2,2,0,0,0,2,2,111,5060,29,4,2011,6,14,26,1,13,3,SR-120,,118,42.35073056,-88.301783330,0,12,6,0,99,1,1,0,1,1,0,1,0,0000000,14,27,99,99,99,99,0,0,0,1,0
17,170191,1,1,0,0,0,2,2,133,0,30,4,2011,7,18,50,0,4,4,AMES,,0,38.15714167,-90.053341670,0,35,0,0,1,1,4,0,1,1,0,1,0,0000000,6,55,99,99,88,88,0,0,0,2,1
17,170192,3,3,0,0,0,6,6,183,0,30,4,2011,7,17,4,1,2,2,US-136,,2102,40.26596111,-87.651525000,0,12,2,0,1,1,1,0,1,1,0,1,0,0000000,17,10,99,99,99,99,20,0,0,1,1
17,170193,1,1,0,1,1,1,1,163,0,5,5,2011,5,21,58,0,14,6,ST. CLAIR,79TH,0,38.60368889,-90.064575000,0,8,0,0,1,1,1,0,3,2,0,2,0,0000000,21,50,99,99,99,99,16,0,0,1,0
17,170194,2,2,0,0,0,3,3,163,6460,5,5,2011,5,12,29,0,15,4,CR-18,CAMBRIDGE BLVD,0,38.58496944,-89.928900000,0,12,6,0,2,3,1,0,1,1,0,1,0,0000000,12,29,99,99,99,99,0,0,0,2,0
17,170195,1,1,0,1,1,1,1,201,7460,2,5,2011,2,21,56,0,16,6,DAY,,0,42.28451389,-89.128547220,0,8,0,0,1,1,1,0,3,1,0,1,0,0000000,21,57,99,99,88,88,0,0,0,1,0
17,170196,1,1,0,0,0,1,1,83,0,7,5,2011,7,20,35,0,2,3,SR-100,,116,38.95653889,-90.374780560,0,24,0,0,1,1,4,0,2,1,0,1,0,0000000,20,57,99,99,88,88,0,0,0,1,1
17,170197,2,2,0,0,0,6,6,201,5000,3,5,2011,3,16,24,0,14,6,FOREST HILLS RD,,0,42.33270000,-89.020400000,0,12,6,0,8,1,1,0,1,1,0,1,0,0000000,16,24,99,99,99,99,0,0,0,1,0
17,170198,2,2,0,0,0,3,3,119,8730,4,5,2011,4,5,41,0,16,6,LONGBRANCH,,0,38.72788056,-89.915816670,0,12,6,0,1,1,1,0,3,1,0,1,0,0000000,5,41,99,99,99,99,0,0,0,1,0
17,170199,1,1,0,0,0,1,1,1,0,17,1,2011,2,7,52,1,11,1,I-72,,160,39.95741944,-91.320650000,0,34,0,0,1,1,4,0,1,3,0,3,0,0000000,7,52,99,99,99,99,0,0,0,1,0
17,170200,1,1,0,1,1,1,1,89,2690,11,3,2011,6,4,13,1,12,2,US-20,MCLEAN BLVD,1432,42.02266389,-88.307827780,0,8,0,1,5,1,1,0,2,1,0,1,0,0000000,4,13,99,99,88,88,0,0,0,1,0
17,170201,1,1,0,0,0,4,4,95,3363,22,4,2011,6,3,24,0,6,6,ROBERTS,,0,40.86051111,-90.200302780,0,30,0,0,1,1,4,0,2,2,0,2,0,0000000,3,24,99,99,99,99,0,0,0,1,1
17,170202,2,2,0,0,0,2,2,115,0,29,4,2011,6,18,22,0,14,4,CR-30,,0,39.77683611,-88.911416670,0,12,2,0,1,1,1,0,1,1,0,1,0,0000000,18,22,99,99,88,88,0,0,0,2,1
17,170203,2,2,0,0,0,3,3,91,0,6,5,2011,6,17,21,1,2,3,SR-1,3000S,2743,41.07890000,-87.723811110,0,12,6,0,2,2,1,0,1,1,0,1,0,0000000,17,21,99,99,99,99,0,0,0,1,0
17,170204,2,2,0,0,0,2,2,91,0,10,5,2011,3,12,5,0,3,3,SR-50,,132,41.28140278,-87.817127780,0,12,8,0,1,1,1,0,1,1,0,1,0,0000000,12,5,99,99,99,99,0,0,0,1,0
17,170205,1,1,0,0,0,1,1,19,1550,10,5,2011,3,12,35,0,14,6,UNIVERSITY AVE,,0,40.11634722,-88.236922220,0,1,0,0,1,1,1,0,1,1,0,1,0,0000000,12,35,99,99,99,99,0,0,0,1,0
17,170206,2,2,0,0,0,3,3,99,0,20,4,2011,4,12,47,0,4,4,CR-15,CR-4,0,41.36861111,-88.706030560,0,12,6,0,2,2,1,0,1,1,0,1,0,0000000,12,47,99,99,99,99,0,0,0,2,0
17,170207,2,2,0,0,0,3,3,43,9180,29,4,2011,6,14,24,0,14,6,PRINCE CROSSING,GENEVA,0,41.88585000,-88.184730560,0,12,6,0,2,2,1,0,1,1,0,1,0,0000000,14,24,99,99,99,99,0,0,0,1,0
17,170208,2,2,0,0,0,12,12,31,1670,30,4,2011,7,3,0,0,15,6,KOSTNER,,0,41.86487222,-87.734902780,0,12,2,0,1,1,1,0,3,1,0,1,0,0000000,3,0,99,99,99,99,0,0,0,3,1
17,170209,1,1,0,1,1,1,1,31,1670,3,5,2011,3,19,0,1,13,6,COLUBUS,ILLINOIS,0,41.89100000,-87.620230560,0,8,0,0,2,2,1,0,5,1,0,1,0,0000000,19,21,99,99,99,99,0,0,0,1,1
17,170210,2,2,0,0,0,2,2,89,9997,5,5,2011,5,16,27,0,2,3,SR-64,,902,41.95628333,-88.539038890,0,12,2,0,1,1,1,0,1,1,0,1,0,0000000,16,28,99,99,88,88,0,0,0,1,0
17,170212,2,2,0,0,0,2,2,119,160,3,5,2011,3,18,2,0,14,6,BROWN,SPAULDING,0,38.89995833,-90.143930560,0,12,1,0,2,2,1,0,1,1,0,1,0,0000000,18,2,99,99,99,99,0,0,0,1,0
17,170213,2,2,0,0,0,2,2,167,0,11,5,2011,4,18,44,0,4,3,SR-125,FARMINGDALE RD,0,39.84225000,-89.806111110,0,12,6,0,2,3,1,0,1,1,0,1,0,0000000,18,50,99,99,99,99,0,0,0,1,0
17,170214,1,1,0,2,2,2,2,133,0,15,5,2011,1,2,57,1,2,3,SR-159,SUNSET,35,38.26100556,-89.995713890,0,8,0,0,1,1,1,0,2,2,0,2,0,0000000,2,57,99,99,99,99,0,0,0,1,1
17,170215,2,2,0,0,0,2,2,25,0,13,5,2011,6,14,50,1,2,2,US-50,325E,988,38.65260000,-88.635058330,0,12,6,0,2,2,1,0,1,1,0,1,0,0000000,14,54,99,99,88,88,0,0,0,1,0
17,170216,1,1,0,1,1,1,1,31,3100,8,5,2011,1,4,40,1,11,1,I-290,,0,41.87351667,-87.815436110,0,8,0,1,5,1,1,0,3,1,0,1,0,0000000,4,58,99,99,99,99,0,0,0,1,0
17,170217,1,1,0,0,0,1,1,197,9997,9,4,2011,7,16,20,1,13,3,SR-59,95TH,139,41.70973056,-88.205680560,0,1,0,0,2,2,1,0,1,1,0,1,0,0000000,16,24,99,99,99,99,0,0,0,1,0
17,170218,2,2,0,0,0,2,2,77,0,6,5,2011,6,17,31,1,2,3,SR-127,GRANGE HALL RD,773,37.81921111,-89.322277780,0,12,6,0,2,2,1,0,1,1,0,1,0,0000000,17,31,99,99,99,99,0,0,0,1,0
17,170219,1,1,0,0,0,3,3,167,8220,6,5,2011,6,22,30,0,16,6,LINDBERGH,,0,39.75353333,-89.695272220,0,19,0,0,1,1,5,0,3,1,0,1,0,0000000,22,28,99,99,99,99,0,0,0,1,0
17,170220,1,1,0,0,0,1,1,151,0,12,5,2011,5,12,10,0,4,4,CR-5,,0,37.43427500,-88.518927780,0,1,0,0,1,1,4,0,1,1,0,1,0,0000000,12,16,99,99,99,99,0,0,0,1,0
17,170221,1,1,0,0,0,2,2,89,0,16,5,2011,2,20,30,0,16,5,GREEN,,0,41.85563611,-88.446933330,0,42,0,0,1,1,4,0,2,1,0,1,0,0000000,20,35,99,99,99,99,0,0,0,1,0
17,170222,4,4,0,0,0,4,4,197,6140,18,5,2011,4,14,16,1,11,1,I-80,,1399,41.53809167,-87.962219440,0,12,1,0,1,1,1,1,1,1,0,1,0,0000000,14,18,99,99,88,88,0,0,0,1,1
17,170224,3,1,2,0,3,1,4,63,5750,9,5,2011,2,11,54,0,16,6,STATE PARK RD,,0,41.35543333,-88.418244440,8,45,0,0,1,1,1,0,1,1,0,1,0,0000000,11,54,99,99,99,99,0,0,0,1,0
17,170225,1,1,0,1,1,1,1,43,9180,17,5,2011,3,6,20,0,16,6,WASHINGTON ST,,0,41.87805556,-88.234219440,0,8,0,0,1,1,1,0,4,1,0,1,0,0000000,6,27,99,99,99,99,0,0,0,1,0
17,170226,1,1,0,0,0,3,3,157,0,19,2,2011,7,5,0,0,4,4,CR-5,,0,37.92584167,-89.672175000,0,31,0,0,1,1,4,0,2,1,0,1,0,0000000,5,6,99,99,99,99,0,0,0,1,0
17,170227,4,4,0,0,0,7,7,31,540,7,3,2011,2,14,0,1,13,2,US-20,,1505,42.00139444,-88.174438890,0,12,8,0,1,1,1,0,1,8,0,8,0,0000000,14,17,99,99,99,99,0,0,0,1,0
17,170228,1,1,0,0,0,3,3,131,0,28,4,2011,5,18,37,0,3,3,SR-17,,123,41.20071111,-90.791150000,0,1,0,0,1,1,4,0,1,1,0,1,0,0000000,18,37,99,99,99,99,0,0,0,1,1
17,170229,2,2,0,0,0,2,2,57,0,16,5,2011,2,8,6,1,2,2,US-24,,712,40.22655833,-90.371213890,0,12,2,0,1,1,1,1,1,1,0,1,0,0000000,8,6,99,99,99,99,0,0,0,1,0
17,170230,1,1,0,0,0,2,2,137,4250,20,5,2011,6,2,1,0,14,4,CR-2,,0,39.74048333,-90.214938890,0,34,0,0,1,1,4,0,3,1,0,1,0,0000000,2,1,99,99,99,99,0,0,0,1,1
17,170231,2,2,0,0,0,2,2,89,0,22,5,2011,1,13,31,0,14,3,SR-25,MAY LN,206,41.95666111,-88.301561110,0,12,1,0,2,3,1,0,1,1,0,1,0,0000000,13,29,99,99,99,99,0,0,0,1,0
17,170232,1,1,0,1,1,1,1,31,9170,13,4,2011,4,20,24,1,13,2,US-12,CANTERBURY,565,41.85583333,-87.882091670,0,8,0,0,2,2,1,0,5,1,0,1,0,0000000,20,26,99,99,88,88,0,0,0,1,0
17,170234,2,2,0,0,0,3,3,25,0,20,5,2011,6,14,41,0,2,2,US-45,,1487,38.78907500,-88.508061110,0,12,8,0,1,1,1,0,1,1,0,1,0,0000000,14,41,99,99,88,88,0,0,0,1,0
17,170235,1,1,0,1,1,2,2,27,0,22,5,2011,1,21,57,0,3,3,SR-160,,146,38.46746667,-89.677177780,0,8,0,0,1,1,1,0,2,1,0,1,0,0000000,21,57,99,99,88,88,0,0,0,1,0
17,170236,2,2,0,0,0,3,3,139,0,22,5,2011,1,0,43,0,2,3,SR-121,,351,39.53461389,-88.494080560,0,12,2,0,1,1,1,0,2,1,0,1,0,0000000,0,48,99,99,99,99,14,0,0,1,0
17,170237,2,2,0,0,0,3,3,31,9170,23,5,2011,2,14,40,0,14,6,CERMAK,,0,41.84889167,-87.872625000,0,12,1,0,1,1,1,0,1,1,0,1,0,0000000,14,40,99,99,99,99,0,0,0,1,0
17,170238,2,2,0,0,0,2,2,163,0,24,5,2011,3,15,0,0,14,8,ST CLAIR,,0,38.60455833,-90.067244440,0,12,6,0,7,1,1,0,1,1,0,1,0,0000000,15,4,99,99,99,99,0,0,0,1,0
17,170240,1,1,0,1,1,2,2,31,0,30,5,2011,2,9,16,1,11,1,I-294,,144,41.95908056,-87.878158330,0,8,0,0,1,1,1,0,1,1,0,1,0,0000000,9,18,99,99,99,99,0,0,0,1,0
17,170241,1,1,0,0,0,1,1,167,0,31,5,2011,3,0,5,0,3,3,SR-29,,517,39.88234167,-89.665619440,0,24,0,0,1,1,4,0,2,1,0,1,0,000000,0,9,99,99,99,99,0,0,0,1,1
17,170242,1,1,0,1,1,1,1,31,1670,17,1,2011,2,18,0,1,13,6,PERSHING,,0,41.82360556,-87.634366670,0,9,0,0,1,1,1,0,5,2,0,2,0,0000000,18,7,18,45,88,88,0,0,0,1,0
17,170243,1,1,0,0,0,1,1,31,6650,24,3,2011,5,12,6,0,16,6,EUCLID,NORTH,0,42.08352778,-88.072908330,0,33,0,0,1,1,4,0,1,1,0,1,0,0000000,12,6,12,8,99,99,0,0,0,1,1
17,170244,2,2,0,0,0,3,3,89,460,28,3,2011,2,10,37,0,14,6,INDIAN TRL,,0,41.78150278,-88.324750000,0,12,1,0,1,1,1,0,1,1,0,1,0,0000000,10,37,99,99,99,99,0,0,0,1,0
17,170245,1,1,0,0,0,5,5,41,0,10,4,2011,1,2,36,0,4,4,CR-200,,0,39.68085278,-88.353125000,0,1,0,0,1,1,1,0,2,1,0,1,0,0000000,2,36,99,99,99,99,0,0,0,2,1
17,170246,1,1,0,0,0,1,1,31,0,16,4,2011,7,15,45,0,14,5,MAIN,WALKER,0,41.68130000,-87.971588890,0,35,0,0,1,1,4,0,1,2,0,2,0,0000000,15,54,99,99,99,99,0,0,0,1,0
17,170247,4,2,2,0,0,5,5,31,1670,17,4,2011,1,22,25,1,13,6,NORTH,LARAMIE,1317,41.90950000,-87.755788890,0,12,6,0,2,2,1,0,3,1,0,1,0,0000000,99,99,99,99,88,88,0,0,0,1,1
17,170248,2,2,0,0,0,4,4,197,1565,10,5,2011,3,15,40,0,14,2,US-6,BELL,1324,41.41910833,-88.250669440,0,12,6,0,2,2,1,0,1,1,0,1,0,0000000,15,40,99,99,99,99,0,0,0,1,0
17,170249,2,2,0,0,0,3,3,31,8030,5,5,2011,5,13,44,0,15,6,KENTON AVE,CHURCH ST,0,42.04801111,-87.742108330,0,12,6,0,2,3,1,0,1,1,0,1,0,0000000,13,44,99,99,99,99,0,0,0,1,0
17,170250,2,2,0,0,0,2,2,101,0,19,5,2011,5,16,53,0,4,4,CR-10,,0,38.83510278,-87.847038890,0,12,1,0,4,1,1,0,1,1,0,1,0,0000000,17,17,99,99,99,99,0,0,0,1,0
17,170251,1,1,0,0,0,1,1,131,0,21,5,2011,7,1,16,0,6,5,BAY ISLAND,,0,41.19597500,-91.010622220,0,1,0,0,1,1,4,0,2,1,0,1,0,0000000,1,16,99,99,99,99,0,0,0,1,1
17,170252,2,2,0,0,0,4,4,201,7460,18,5,2011,4,15,40,0,16,6,35TH ST,,0,42.21429167,-89.033536110,0,12,6,0,1,1,1,0,1,1,0,1,0,0000000,15,40,99,99,99,99,0,0,0,1,0
17,170253,1,1,0,1,1,1,1,77,0,19,5,2011,5,16,45,0,3,2,US-51,,584,37.77364722,-89.222447220,0,8,0,0,1,1,1,0,1,2,0,2,0,0000000,16,49,16,99,16,99,23,0,0,1,0
17,170254,2,2,0,0,0,3,3,5,0,1,6,2011,4,15,51,1,11,1,I-70,,439,38.84540556,-89.484827780,0,12,6,0,1,1,1,0,1,1,0,1,0,0000000,15,51,15,99,99,99,0,0,0,2,0
17,170255,3,3,0,0,0,5,5,119,0,26,5,2011,5,16,1,1,1,1,I-55,,132,38.70341667,-89.981022220,0,57,0,0,1,1,3,0,1,1,0,1,0,0000000,16,1,16,99,99,99,0,0,0,1,0
17,170256,1,1,0,0,0,2,2,189,0,29,5,2011,1,1,30,0,3,3,SR-15,,390,38.36480278,-89.610480560,0,11,0,0,1,1,1,0,2,5,0,5,0,0000000,1,30,99,99,99,99,0,0,0,1,1
17,170257,2,2,0,0,0,2,2,163,0,29,5,2011,1,0,49,1,2,2,US-50,,296,38.58988333,-89.855563890,0,12,2,0,1,1,1,0,2,1,0,1,0,0000000,99,99,99,99,99,99,0,0,0,1,1
17,170258,2,2,0,0,0,9,9,29,0,1,6,2011,4,9,0,0,6,4,900N,LOXA,0,39.50667500,-88.277622220,0,12,6,0,1,1,1,0,1,1,0,1,0,0000000,9,0,99,99,99,99,0,0,0,3,0
17,170259,1,1,0,0,0,1,1,97,3670,2,6,2011,5,2,5,0,16,6,ROLLINS,,0,42.38328611,-87.997088890,0,33,0,0,1,1,4,0,2,1,0,1,0,0000000,2,5,99,99,99,99,0,0,0,1,0
17,170260,1,1,0,0,0,1,1,31,1670,12,5,2011,5,2,5,0,16,6,BLACKHAWK,,0,41.90713056,-87.657525000,0,33,0,0,1,1,5,0,3,1,0,1,0,0000000,14,30,99,99,88,88,6,18,0,1,1
17,170261,2,2,0,0,0,3,3,27,0,8,6,2011,4,13,59,0,4,5,ST ROSE,BAUMANN,0,38.72870833,-89.597000000,0,12,1,0,2,2,1,0,1,1,0,1,0,0000000,13,59,99,99,99,99,0,0,0,1,0