STATE,ST_CASE,VE_TOTAL,VE_FORMS,PVH_INVL,PEDS,PERNOTMVIT,PERMVIT,PERSONS,COUNTY,CITY,DAY,MONTH,YEAR,DAY_WEEK,HOUR,MINUTE,NHS,ROAD_FNC,ROUTE,TWAY_ID,TWAY_ID2,MILEPT,LATITUDE,LONGITUD,SP_JUR,HARM_EV,MAN_COLL,RELJCT1,RELJCT2,TYP_INT,REL_ROAD,WRK_ZONE,LGT_COND,WEATHER1,WEATHER2,WEATHER,SCH_BUS,RAIL,NOT_HOUR,NOT_MIN,ARR_HOUR,ARR_MIN,HOSP_HR,HOSP_MN,CF1,CF2,CF3,FATALS,DRUNK_DR
17,170262,3,3,0,0,0,4,4,31,5450,28,4,2011,5,16,41,0,14,6,LAKE ST,,0,41.89606389,-87.870186110,0,12,2,0,1,1,1,0,1,2,0,2,0,0000000,16,41,99,99,99,99,0,0,0,1,0
17,170263,2,2,0,0,0,2,2,31,280,3,4,2011,1,10,1,0,14,6,BLOOMINGTON AVE,,0,42.15283056,-88.007038890,0,12,2,0,1,1,1,0,1,1,0,1,0,0000000,10,1,99,99,88,88,0,0,0,1,0
17,170264,2,2,0,0,0,5,5,201,7460,29,5,2011,1,3,38,0,16,6,CORBIN ST,LOOMIS ST,0,42.26162222,-89.109372220,0,12,6,0,2,2,1,0,3,1,0,1,0,0000000,3,38,99,99,99,99,0,0,0,2,1
17,170265,1,1,0,0,0,5,5,67,0,7,6,2011,3,18,5,0,6,4,CR-16,,0,40.43080000,-91.120544440,0,1,0,0,1,1,1,0,1,1,0,1,0,0000000,18,20,99,99,99,99,0,0,0,2,0
17,170266,1,1,0,0,0,1,1,31,1670,24,5,2011,3,14,5,1,11,1,I-94,,411,41.99396944,-87.750997220,0,42,0,0,1,1,5,0,1,1,0,1,0,0000000,14,5,14,99,99,99,0,0,0,1,0
17,170267,3,3,0,0,0,7,7,31,0,28,5,2011,7,19,6,0,15,6,9TH AVE,MAIN,0,41.88908611,-87.844219440,0,12,2,0,3,2,1,0,5,2,0,2,0,0000000,19,6,99,99,99,99,0,0,0,3,0
17,170268,1,1,0,0,0,1,1,115,2250,8,5,2011,1,3,0,0,16,5,MOUND,,0,39.89303889,-88.885219440,0,31,0,0,1,1,4,0,2,1,0,1,0,0000000,15,9,99,99,88,88,0,0,0,1,1
17,170269,1,1,0,0,0,2,2,81,0,2,6,2011,5,10,17,1,1,1,I-57,,876,38.22339167,-88.906047220,0,1,0,0,1,1,3,0,1,1,0,1,0,0000000,10,17,99,99,99,99,0,0,0,1,0
17,170270,1,1,0,0,0,3,3,135,0,28,5,2011,7,14,46,0,4,5,MT OLIVE TRAIL,HERRON RD,0,39.06925000,-89.676380560,0,34,0,0,3,4,5,0,1,1,0,1,0,0000000,14,46,99,99,99,99,0,0,0,1,1
17,170271,1,1,0,0,0,1,1,77,1350,6,6,2011,2,21,22,0,14,2,US-13,,0,37.72908333,-89.175477780,0,1,0,0,1,1,5,0,2,1,0,1,0,0000000,21,22,99,99,99,99,0,0,0,1,1
17,170272,1,1,0,1,1,1,1,31,1670,3,5,2011,3,10,10,0,14,6,79TH,,0,41.75165278,-87.573383330,0,8,0,0,1,1,1,0,1,1,0,1,0,0000000,10,10,99,99,99,99,0,0,0,1,0
17,170273,1,1,0,0,0,3,3,167,0,6,6,2011,2,23,0,0,14,6,VANDEREN ST,BERRY ST,0,39.74129167,-89.771691670,0,34,0,0,6,1,5,0,2,1,0,1,0,479355C,23,0,99,99,99,99,0,0,0,1,1
17,170274,1,1,0,0,0,1,1,35,0,21,5,2011,7,9,35,0,3,2,US-45,,1924,39.35967222,-88.378677780,0,1,0,0,1,1,4,0,1,1,0,1,0,0000000,9,46,99,99,99,99,0,0,0,1,0
17,170275,1,1,0,1,1,1,1,31,8620,9,5,2011,2,16,0,0,15,6,175TH STREET,,0,41.57334444,-87.777375000,0,8,0,0,1,1,1,0,1,1,0,1,0,0000000,16,0,16,3,99,99,0,0,0,1,0
17,170276,1,1,0,1,1,1,1,31,1670,11,5,2011,4,19,50,1,13,6,ARCHER AVENUE,,0,41.81791944,-87.698005560,0,8,0,0,1,1,1,0,2,2,0,2,0,0000000,19,50,19,99,99,99,0,0,0,1,0
17,170277,2,2,0,0,0,2,2,31,1670,14,5,2011,7,16,55,1,13,6,ARCHER AVE,TRUMBULL,0,41.81066111,-87.709822220,0,12,6,0,2,3,1,0,1,2,0,2,0,0000000,16,55,99,99,88,88,0,0,0,1,0
17,170278,1,1,0,0,0,1,1,111,0,7,6,2011,3,17,54,0,4,4,GREENWOOD RD,,0,42.44470556,-88.374513890,0,1,0,0,1,1,5,0,1,1,0,1,0,0000000,17,54,99,99,88,88,0,0,0,1,0
17,170279,2,2,0,1,1,3,3,31,0,31,3,2011,5,21,35,0,15,6,DES PLAINES AVE,25TH,0,41.84463611,-87.822922220,0,8,0,0,2,2,1,0,2,1,0,1,0,0000000,21,35,99,99,99,99,0,0,0,1,0
17,170281,3,3,0,0,0,5,5,93,0,26,4,2011,3,16,35,0,14,4,CR-15,,0,41.63908333,-88.536241670,0,12,2,0,1,1,1,0,1,1,0,1,0,0000000,16,38,99,99,99,99,0,0,0,1,2
17,170283,1,1,0,0,0,1,1,125,0,14,5,2011,7,10,13,0,3,3,SR-97,,347,40.13288611,-89.994797220,0,35,0,0,1,1,5,0,1,1,0,1,0,0000000,10,13,99,99,99,99,0,0,0,1,0
17,170284,2,1,1,1,1,1,1,35,0,7,6,2011,3,13,51,1,1,1,I-57,,1790,39.36032500,-88.419761110,0,14,0,0,1,1,2,0,1,1,0,1,0,0000000,13,51,99,99,99,99,23,0,0,1,0
17,170285,3,2,1,0,0,2,2,31,1670,14,5,2011,7,23,55,0,16,6,PEORIA,80TH,0,41.74878056,-87.646408330,0,12,6,0,2,2,1,0,3,2,0,2,0,0000000,23,57,99,99,99,99,0,0,0,1,1
17,170286,3,3,0,0,0,4,4,27,0,9,6,2011,5,9,3,1,2,2,US-50,,673,38.61536944,-89.199527780,0,12,2,0,1,1,1,0,1,1,0,1,0,0000000,9,3,99,99,99,99,0,0,0,1,0
17,170287,4,4,0,0,0,8,8,29,0,7,6,2011,3,14,56,1,1,1,I-57,,1850,39.43438056,-88.366430560,0,12,1,0,1,1,1,0,1,1,0,1,0,0000000,14,56,99,99,99,99,0,0,0,2,0
17,170288,2,2,0,0,0,6,6,31,1670,22,5,2011,1,5,0,0,15,6,DIVERSEY,KOSTNER,0,41.93168056,-87.736800000,0,12,6,0,2,2,1,0,3,1,0,1,0,0000000,6,0,99,99,99,99,0,0,0,2,0
17,170289,2,2,0,0,0,2,2,191,0,8,6,2011,4,4,9,0,2,2,US-45,,1083,38.31712778,-88.360086110,0,1,0,0,1,1,1,0,2,1,0,1,0,0000000,4,9,99,99,99,99,0,0,0,1,0
17,170290,2,2,0,0,0,2,2,163,0,13,6,2011,2,18,16,0,3,3,SR-163,,47,38.52853333,-90.106738890,0,12,1,0,1,1,1,0,1,1,0,1,0,0000000,18,16,99,99,99,99,0,0,0,1,0
17,170291,1,1,0,0,0,1,1,117,0,4,6,2011,7,2,0,0,6,5,MOORES CEMETERY RD,,0,39.30736111,-89.819302780,0,1,0,0,1,1,1,0,2,1,0,1,0,0000000,2,28,99,99,88,88,0,0,0,1,1
17,170292,2,1,1,1,4,1,4,103,0,6,6,2011,2,13,28,1,1,1,I-39,,934,41.84058611,-89.009863890,0,14,0,0,1,1,2,0,1,1,0,1,0,0000000,13,28,99,99,99,99,23,0,0,1,0
17,170293,2,2,0,0,0,2,2,179,0,13,6,2011,2,12,44,0,3,3,SR-9,ORCHARD,1141,40.52983889,-89.358011110,0,12,6,0,2,2,1,0,1,1,0,1,0,0000000,12,47,99,99,99,99,0,0,0,1,0
17,170294,1,1,0,0,0,1,1,89,0,14,6,2011,3,16,18,0,14,3,SR-31,MOOSEHEART,103,41.81838889,-88.327377780,0,42,0,0,2,3,5,0,1,1,0,1,0,0000000,16,18,99,99,99,99,0,0,0,1,0
17,170295,2,2,0,0,0,4,4,31,6610,10,6,2011,6,22,30,0,14,6,135TH,ST MARY CIR,0,41.64540000,-87.834469440,0,12,6,0,2,2,1,0,3,1,0,1,0,0000000,22,30,99,99,99,99,0,0,0,1,0
17,170296,2,2,0,0,0,2,2,113,0,9,6,2011,5,5,10,1,11,1,I-39,,26,40.56474167,-89.002738890,0,12,1,0,1,1,2,0,4,1,0,1,0,0000000,5,17,99,99,99,99,0,0,0,1,0
17,170298,2,2,0,0,0,2,2,177,0,16,6,2011,5,12,39,0,6,5,MANNY,UNITY,0,42.41546944,-89.769833330,0,12,6,0,2,2,1,0,1,1,0,1,0,0000000,12,39,99,99,88,88,0,0,0,1,0
17,170299,1,1,0,0,0,1,1,81,0,17,6,2011,6,16,57,1,11,1,I-64 RAMP,,784,38.27113611,-88.928569440,0,31,0,1,5,1,4,2,1,1,0,1,0,0000000,16,57,99,99,88,88,0,0,0,1,0
17,170300,1,1,0,0,0,1,1,197,4300,17,6,2011,6,7,53,0,16,6,OTTAWA,SHELBY,0,41.51373889,-88.082811110,0,38,0,0,1,1,4,0,1,1,0,1,0,0000000,7,54,99,99,99,99,0,0,0,1,0
17,170301,2,2,0,0,0,3,3,141,0,17,6,2011,6,10,25,0,3,3,SR-72,KILBUCK,431,42.10053056,-89.032900000,0,12,6,0,2,2,1,0,1,1,0,1,0,0000000,10,29,99,99,99,99,0,0,0,1,0
17,170302,2,2,0,0,0,5,5,31,5040,19,6,2011,1,2,30,1,13,3,SR-171,,260,41.80586389,-87.833263890,0,12,2,0,1,1,1,0,3,1,0,1,0,0000000,2,30,99,99,99,99,0,0,0,3,1
17,170303,1,1,0,1,1,1,1,43,9545,13,6,2011,2,13,4,1,11,1,I-355,,0,41.77389722,-88.047855560,0,8,0,1,5,1,1,0,1,1,0,1,0,0000000,13,4,99,99,99,99,0,0,0,1,0
17,170304,5,5,0,0,0,7,7,31,1670,4,6,2011,7,1,5,1,13,3,SR-50,,576,41.90773611,-87.746058330,0,12,1,0,1,1,1,0,3,1,0,1,0,0000000,1,5,99,99,99,99,0,0,0,1,1
17,170305,2,2,0,0,0,5,5,103,0,17,6,2011,6,14,11,0,3,2,US-30,HARMAN RD,349,41.75820000,-89.553869440,0,12,6,0,2,2,1,0,1,1,0,1,0,0000000,14,11,99,99,99,99,0,0,0,3,0
17,170306,1,1,0,0,0,8,8,31,1670,30,5,2011,2,18,47,1,11,1,I-94,,602,41.76004444,-87.625833330,0,24,0,0,1,1,4,0,1,1,0,1,0,0000000,18,52,99,99,99,99,0,0,0,1,1
17,170307,2,2,0,0,0,3,3,197,4300,12,5,2011,5,14,34,0,14,6,THEODORE,PEBBLE BEACH,0,41.55046944,-88.209130560,0,12,6,0,2,3,1,0,1,1,0,1,0,0000000,14,36,99,99,99,99,0,0,0,1,0
17,170308,1,1,0,0,0,1,1,81,5900,30,5,2011,2,6,53,0,16,6,11TH,,0,38.31636667,-88.904580560,0,30,0,0,1,1,4,0,1,1,0,1,0,0000000,6,53,99,99,99,99,0,0,0,1,0
17,170309,2,2,0,0,0,2,2,145,0,7,6,2011,3,12,57,1,2,3,SR-127,,767,38.15258611,-89.386397220,0,12,2,0,1,1,2,0,1,1,0,1,0,0000000,12,57,99,99,99,99,0,0,0,1,0
17,170310,2,2,0,0,0,2,2,7,0,9,6,2011,5,6,44,0,3,3,SR-76,HUNTER,107,42.42934167,-88.851025000,0,12,6,0,2,2,1,0,1,1,0,1,0,0000000,6,44,99,99,99,99,0,0,0,1,0
17,170311,2,1,1,0,0,1,1,31,1670,21,4,2011,5,6,0,1,13,6,WESTERN,,0,41.90765556,-87.687119440,0,14,0,0,1,1,7,0,1,1,0,1,0,0000000,6,5,99,99,88,88,0,0,0,1,0
17,170312,1,1,0,1,1,1,1,31,1670,14,6,2011,3,16,30,0,16,6,62ND,,0,41.77983333,-87.706622220,0,9,0,0,1,1,1,0,1,1,0,1,0,0000000,16,35,99,99,99,99,0,0,0,1,0
17,170313,3,1,2,1,2,1,2,115,0,17,6,2011,6,3,45,1,1,1,I-72,,1519,39.97746667,-88.798944440,0,14,0,0,1,1,2,0,2,1,0,1,0,0000000,3,45,99,99,88,88,23,0,0,1,0
17,170314,1,1,0,0,0,2,2,121,0,16,6,2011,5,17,46,0,6,5,MARSHALL CREEK,,0,38.71114722,-89.031083330,0,35,0,0,1,1,4,0,1,1,0,1,0,0000000,17,46,99,99,99,99,0,0,0,1,0
17,170315,1,1,0,0,0,2,2,21,0,20,6,2011,2,18,50,0,6,5,1600N RD,,0,39.58235000,-89.157230560,0,35,0,0,1,1,4,0,1,1,0,1,0,0000000,18,55,99,99,99,99,0,0,0,1,1
17,170316,1,1,0,0,0,1,1,197,4300,18,6,2011,7,8,32,1,11,1,I-80,,1273,41.48772222,-88.175911110,0,1,0,0,1,1,1,4,1,1,0,1,0,0000000,8,35,99,99,99,99,0,0,0,1,0
17,170317,2,2,0,0,0,3,3,7,0,15,6,2011,4,13,26,1,2,2,US-20,,319,42.26685556,-88.821780560,0,12,2,0,1,1,1,0,1,1,0,1,0,0000000,13,26,99,99,99,99,0,0,0,1,0
17,170318,2,2,0,0,0,3,3,163,2610,20,5,2011,6,19,32,0,15,6,MARYBELLE,79TH,0,38.59858056,-90.066694440,0,12,6,0,2,2,1,0,1,1,0,1,0,0000000,19,32,99,99,99,99,0,0,0,1,0
17,170319,1,1,0,0,0,1,1,97,3670,19,6,2011,1,19,26,0,16,6,TRI STATE PARKWAY,,0,42.36662500,-87.947008330,0,33,0,0,1,1,4,0,1,1,0,1,0,0000000,19,27,99,99,88,88,0,0,0,1,1
17,170320,2,2,0,0,0,2,2,31,5380,20,6,2011,2,21,19,0,14,5,VOLLMER,,0,41.52796944,-87.742563890,0,12,2,0,1,1,1,0,3,1,0,1,0,0000000,21,19,99,99,99,99,0,0,0,1,1
17,170321,2,2,0,0,0,2,2,31,1670,22,6,2011,4,23,58,1,11,1,I-94,,1001,41.78307222,-87.631511110,0,12,1,0,1,1,1,0,3,1,0,1,0,0000000,0,0,99,99,99,99,0,0,0,1,1
17,170322,1,1,0,0,0,2,2,91,0,24,6,2011,6,23,22,0,6,5,4000S,,0,41.06585556,-87.656338890,0,30,0,0,1,1,4,0,2,1,0,1,0,0000000,23,22,99,99,88,88,0,0,0,1,1
17,170323,1,1,0,0,0,1,1,31,1992,18,6,2011,7,17,17,1,11,1,I-80,,1523,41.57001944,-87.733736110,0,24,0,0,1,1,4,0,1,1,0,1,0,0000000,17,22,99,99,88,88,0,0,0,1,0
17,170324,1,1,0,1,1,1,1,31,1670,8,6,2011,4,18,50,0,14,6,KEDZIE,SCHUBERT,0,41.93020000,-87.707388890,0,8,0,0,2,2,1,0,5,1,0,1,0,0000000,18,59,99,99,88,88,0,0,0,1,1
17,170325,1,1,0,0,0,1,1,125,0,15,6,2011,4,18,22,1,2,2,US-36,,988,40.30471111,-89.700850000,0,34,0,0,1,1,4,0,1,1,0,1,0,0000000,18,22,99,99,88,88,0,0,0,1,1
17,170326,1,1,0,0,0,1,1,31,1670,3,6,2011,6,4,0,0,15,6,112TH,HAMLET,0,41.68928889,-87.660788890,0,26,0,0,2,2,4,0,3,1,0,1,0,0000000,4,38,99,99,88,88,20,0,0,1,1
17,170328,2,2,0,0,0,9,9,177,0,13,5,2011,6,19,42,1,2,2,US-20,,601,42.33136944,-89.661425000,0,12,2,0,1,1,1,0,1,2,0,2,0,0000000,19,42,99,99,99,99,0,0,0,1,0
17,170329,1,1,0,0,0,2,2,201,7460,26,6,2011,1,7,22,1,12,2,US-20,MAIN,505,42.21631111,-89.108819440,0,1,0,1,5,1,8,0,1,1,0,1,0,0000000,7,22,99,99,99,99,0,0,0,1,0
17,170330,1,1,0,0,0,1,1,189,0,11,6,2011,7,20,44,0,3,2,US-51,,925,38.25562222,-89.230136110,0,11,0,0,1,1,1,0,1,1,0,1,0,0000000,20,44,99,99,99,99,0,0,0,1,0
17,170331,1,1,0,1,1,1,1,43,9510,18,6,2011,7,22,3,1,13,3,SR-83,SHERWOOD DR,499,41.95473056,-87.959483330,0,8,0,0,2,2,1,0,2,1,0,1,0,0000000,22,8,99,99,99,99,0,0,0,1,0
17,170332,2,1,1,0,0,1,1,31,0,22,6,2011,4,11,35,1,11,1,I-90,,643,42.06650556,-88.104863890,0,14,0,0,1,1,2,2,1,1,0,1,0,0000000,11,35,99,99,99,99,0,0,0,1,0
17,170333,2,2,0,0,0,7,7,61,0,25,6,2011,7,12,0,0,3,3,SR-267,,189,39.43431944,-90.212377780,0,12,6,0,1,1,1,0,1,2,0,2,0,0000000,12,7,99,99,99,99,0,0,0,2,0
17,170334,1,1,0,0,0,1,1,179,0,9,6,2011,5,23,17,1,1,1,I-474,,112,40.63006389,-89.580897220,0,34,0,0,1,1,5,0,3,1,0,1,0,0000000,23,17,99,99,88,88,0,0,0,1,1
17,170335,1,1,0,0,0,1,1,163,2610,6,7,2011,4,3,17,0,14,6,ST CLAIR,17TH,0,38.62477500,-90.135813890,0,30,0,0,1,1,4,0,2,1,0,1,0,0000000,3,17,99,99,88,88,20,0,0,1,1
17,170336,1,1,0,0,0,1,1,197,1565,3,7,2011,1,5,32,1,11,1,I-55,,2470,41.43896111,-88.195280560,0,42,0,0,1,1,5,0,4,1,0,1,0,0000000,5,32,99,99,99,99,0,0,0,1,1
17,170337,1,1,0,1,1,1,1,83,0,2,7,2011,7,12,17,0,4,4,OTTERVILLE RD,COUNTY,0,39.11043056,-90.389280560,0,9,0,0,2,3,1,0,1,1,0,1,0,0000000,12,17,99,99,99,99,0,0,0,1,0
17,170338,1,1,0,0,0,1,1,167,0,27,6,2011,2,23,34,0,4,4,MECHANICSBURG (CH33),,0,39.81116111,-89.416091670,0,11,0,0,1,1,1,0,2,1,0,1,0,0000000,23,34,99,99,99,99,0,0,0,1,1
17,170339,1,1,0,0,0,2,2,97,0,21,6,2011,3,0,45,0,14,6,ALMOND,,0,42.33656944,-87.978358330,0,30,0,0,1,1,4,0,2,1,0,1,0,0000000,0,45,99,99,99,99,0,0,0,1,1
17,170340,1,1,0,0,0,1,1,43,1385,12,6,2011,1,16,55,0,16,6,CHIPPEWA,,0,41.92186389,-88.135719440,0,33,0,0,1,1,4,0,1,1,0,1,0,0000000,16,55,99,99,99,99,0,0,0,1,1
17,170341,1,1,0,0,0,1,1,111,5060,1,7,2011,6,6,18,0,13,3,SR-120,,131,42.34503611,-88.276986110,0,33,0,0,1,1,4,0,1,1,0,1,0,0000000,6,18,99,99,88,88,0,0,0,1,0
17,170342,1,1,0,1,1,1,1,135,3780,20,6,2011,2,18,25,0,6,4,CR-800,,0,39.39981944,-89.550619440,0,8,0,0,1,1,1,0,1,1,0,1,0,0000000,18,25,99,99,88,88,0,0,0,1,0
17,170343,2,2,0,0,0,2,2,99,0,24,6,2011,6,6,24,0,4,4,CH-3,,0,41.51804722,-88.679488890,0,12,2,0,1,1,1,0,1,1,0,1,0,0000000,6,24,99,99,99,99,0,0,0,1,0
17,170344,3,3,0,0,0,3,3,197,0,4,6,2011,7,15,10,0,13,4,CR-17,,0,41.42410278,-88.132455560,0,12,1,0,1,1,1,0,1,1,0,1,0,0000000,15,10,99,99,88,88,0,0,0,1,1
17,170345,2,2,0,0,0,3,3,49,0,25,6,2011,7,11,39,0,5,3,SR-33,CR-800E,50,39.18688889,-88.712280560,0,12,6,0,2,2,1,0,1,1,0,1,0,0000000,11,39,99,99,99,99,0,0,0,2,0
17,170346,2,2,0,0,0,2,2,201,0,16,6,2011,5,12,45,0,13,5,N SPRINGFIELD AVE,SR-70,35,42.31410833,-89.135141670,0,12,6,0,2,2,1,0,1,1,0,1,0,0000000,12,45,99,99,99,99,0,0,0,1,0
17,170347,2,2,0,0,0,2,2,111,0,29,6,2011,4,12,59,0,13,3,SR-176,HALE LN,212,42.28200833,-88.220061110,0,12,6,0,2,2,1,0,1,1,0,1,0,0000000,12,59,99,99,99,99,0,0,0,1,0
17,170348,2,1,1,1,1,1,1,31,3790,5,7,2011,3,6,56,0,15,6,171ST ST,HALSTED,0,41.58235000,-87.636494440,0,8,0,0,1,1,1,0,1,1,0,1,0,0000000,6,56,99,99,99,99,23,0,0,1,0
17,170349,2,2,0,0,0,4,4,187,0,29,6,2011,4,18,37,0,6,5,210TH,58TH,0,40.93635000,-90.674508330,0,12,6,0,2,3,1,0,1,1,0,1,0,0000000,18,42,99,99,88,88,23,0,0,1,0
17,170350,2,2,0,0,0,2,2,115,0,17,6,2011,6,8,54,0,14,3,SR-48,,429,39.73493056,-89.084077780,0,12,2,0,1,1,1,0,1,1,0,1,0,0000000,8,56,99,99,88,88,0,0,0,1,0
17,170352,1,1,0,1,1,1,1,105,7070,30,6,2011,5,13,33,0,15,5,WATER ST,,0,40.87866667,-88.629925000,0,8,0,0,1,1,1,0,1,1,0,1,0,0000000,13,33,99,99,99,99,0,0,0,1,0
17,170353,2,2,0,0,0,3,3,31,5380,2,7,2011,7,22,15,0,13,6,VOLLMER,US-50,314,41.52798889,-87.732558330,0,12,6,0,2,2,1,0,3,1,0,1,0,0000000,22,15,99,99,99,99,0,0,0,1,1
17,170354,1,1,0,0,0,1,1,197,9997,4,7,2011,2,16,30,1,11,1,I-80 RAMP,,0,41.55507222,-87.851494440,0,1,0,1,5,1,4,0,1,1,0,1,0,0000000,16,38,99,99,99,99,0,0,0,1,1
17,170355,3,3,0,0,0,7,7,31,2390,15,5,2011,1,2,55,0,14,6,142ND ST,,0,41.63714722,-87.586413890,0,12,2,0,1,1,1,0,2,2,0,2,0,0000000,2,55,99,99,99,99,0,0,0,2,2
17,170356,2,2,0,0,0,3,3,181,210,21,4,2011,5,8,43,0,13,3,SR-146,MARKET,251,37.45948056,-89.241258330,0,12,2,0,2,2,1,0,1,1,0,1,0,0000000,8,44,99,99,99,99,0,0,0,1,0
17,170357,2,2,0,0,0,7,7,31,1730,26,6,2011,1,18,27,1,13,3,SR-50,32ND STREET,526,41.83485278,-87.743677780,0,12,6,0,2,3,1,0,1,1,0,1,0,0000000,18,27,99,99,99,99,0,0,0,1,1
17,170358,1,1,0,0,0,1,1,91,0,22,5,2011,1,19,28,0,4,4,CR-58,,0,41.29680000,-87.666336110,0,34,0,0,1,1,4,0,1,1,0,1,0,0000000,19,28,99,99,99,99,0,0,0,1,1
17,170359,1,1,0,0,0,1,1,31,7813,27,5,2011,6,10,18,0,19,8,ALLEY,,0,42.03750556,-88.032580560,0,52,0,0,8,1,4,0,1,1,0,1,0,0000000,10,18,99,99,88,88,0,0,0,1,0
17,170360,1,1,0,1,1,1,1,143,6860,27,5,2011,6,23,0,1,13,3,SR-29,,1207,40.74443333,-89.555833330,0,8,0,0,1,1,1,0,2,1,0,1,0,0000000,23,0,99,99,99,99,0,0,0,1,0
17,170361,1,1,0,0,0,2,2,31,9300,17,7,2011,1,3,6,1,13,3,SR-21,,3980,42.13827222,-87.906677780,0,42,0,0,1,1,4,0,3,1,0,1,0,0000000,3,7,99,99,99,99,0,0,0,2,1
17,170362,3,3,0,0,0,3,3,31,1670,18,7,2011,2,9,23,1,11,1,I-90,,987,41.80362778,-87.631975000,0,12,1,0,1,1,1,0,1,1,0,1,0,0000000,9,23,99,99,88,88,14,0,0,1,0
17,170363,1,1,0,0,0,2,2,165,0,9,7,2011,7,13,9,0,6,5,UNION GROVE ROAD,,0,37.80495833,-88.535391670,0,34,0,0,1,1,5,0,1,1,0,1,0,0000000,13,14,99,99,99,99,0,0,0,1,0
17,170364,2,2,0,0,0,2,2,35,0,19,7,2011,3,15,50,0,4,2,US-40,,1239,39.25303333,-88.144730560,0,12,2,0,1,1,1,0,1,1,0,1,0,0000000,15,59,99,99,99,99,0,0,0,1,0
17,170365,1,1,0,0,0,1,1,119,1910,26,6,2011,1,1,5,1,13,3,SR-159,,345,38.69962778,-89.964980560,0,33,0,0,1,1,4,0,3,2,0,2,0,0000000,1,5,99,99,99,99,0,0,0,1,1
17,170366,2,2,0,1,1,3,3,167,8220,8,7,2011,6,20,57,1,13,6,SOUTH GRAND AVE,I-55,37,39.78715833,-89.643969440,0,12,6,0,2,2,1,0,5,1,0,1,0,0000000,20,57,99,99,99,99,20,0,0,1,1
17,170367,1,1,0,0,0,1,1,27,0,9,7,2011,7,2,20,0,5,4,JAMESTOWN ROAD,,0,38.64710000,-89.516738890,0,52,0,0,1,1,5,0,2,1,0,1,0,0000000,2,21,99,99,99,99,0,0,0,1,1
17,170368,2,2,0,0,0,2,2,143,6850,8,7,2011,6,10,15,0,14,6,S ADAMS STREET,,0,40.67884722,-89.609441670,0,12,6,0,8,1,1,0,1,1,0,1,0,0000000,10,16,99,99,99,99,0,0,0,1,0
17,170369,1,1,0,1,1,1,1,197,4300,13,7,2011,4,22,43,0,15,6,WASHINGTON STREET,,0,41.52304722,-88.054763890,0,8,0,0,1,1,1,0,3,1,0,1,0,0000000,22,43,99,99,99,99,0,0,0,1,1
17,170370,1,1,0,1,1,1,1,107,0,5,7,2011,3,9,44,0,4,5,1250TH,1200TH,0,40.09097500,-89.358200000,0,9,0,0,1,1,1,0,1,1,0,1,0,0000000,9,44,99,99,99,99,0,0,0,1,0
17,170371,1,1,0,0,0,3,3,77,0,5,7,2011,3,0,31,0,6,5,MCLAUGHLIN RD,,0,37.82666111,-89.350500000,0,42,0,0,1,1,5,0,2,1,0,1,0,0000000,0,31,99,99,99,99,20,0,0,1,1
17,170372,2,2,0,0,0,2,2,111,0,12,7,2011,3,11,4,0,2,3,SR-203,BUNKER HILL,1198,42.35673611,-88.618083330,0,12,6,0,2,2,1,0,1,1,0,1,0,0000000,11,4,99,99,99,99,0,0,0,1,0
17,170373,2,2,0,0,0,2,2,25,0,9,7,2011,7,20,15,1,2,2,US-50,OLIVE,1397,38.67958889,-88.479705560,0,12,6,0,2,3,1,0,1,1,0,1,0,0000000,20,15,99,99,99,99,0,0,0,1,1
17,170374,2,2,0,0,0,3,3,31,1995,20,4,2011,4,12,19,0,14,6,55TH,PLAINFIELD,0,41.79036111,-87.874330560,0,12,2,0,2,2,1,0,1,1,0,1,0,0000000,12,19,99,99,99,99,0,0,0,1,0
17,170375,1,1,0,0,0,3,3,199,5250,13,6,2011,2,5,40,0,16,6,LIBERTY,SIMMONS,0,37.72488889,-88.929038890,0,30,0,0,2,3,5,0,1,1,0,1,0,0000000,5,40,99,99,88,88,0,0,0,1,0
17,170376,1,1,0,0,0,1,1,89,0,15,7,2011,6,4,24,0,4,4,BURLINGTON,ROMKE,0,42.03800833,-88.521358330,0,1,0,0,1,1,5,0,2,1,0,1,0,0000000,4,24,99,99,88,88,0,0,0,1,1
17,170377,1,1,0,0,0,2,2,197,0,10,7,2011,1,9,48,0,13,2,US-52,,1549,41.35178333,-87.958883330,0,52,0,0,1,1,5,0,1,1,0,1,0,0000000,9,49,99,99,99,99,0,0,0,1,0
17,170378,1,1,0,0,0,4,4,31,7165,18,6,2011,7,3,10,0,15,6,CAMP MCDONALD,,0,42.09526944,-87.934247220,0,33,0,0,1,1,5,0,2,1,0,1,0,0000000,3,11,99,99,99,99,0,0,0,3,1
17,170379,1,1,0,0,0,1,1,201,7460,24,7,2011,1,20,12,0,13,3,SR-2,HARRISON,519,42.23766111,-89.109044440,0,42,0,0,1,1,5,0,1,1,0,1,0,0000000,20,12,99,99,99,99,0,0,0,1,1
17,170380,1,1,0,0,0,2,2,183,0,13,7,2011,4,1,19,0,6,4,CR-70,,0,39.98171111,-87.938716670,0,34,0,0,1,1,5,0,2,1,0,1,0,0000000,1,19,99,99,99,99,0,0,0,1,1
17,170381,2,2,0,0,0,2,2,167,8220,8,7,2011,6,14,33,1,13,3,SR-29,,0,39.80190556,-89.626394440,0,12,6,0,8,1,1,0,1,1,0,1,0,0000000,14,33,99,99,99,99,0,0,0,1,0