STATE,ST_CASE,VE_TOTAL,VE_FORMS,PVH_INVL,PEDS,PERNOTMVIT,PERMVIT,PERSONS,COUNTY,CITY,DAY,MONTH,YEAR,DAY_WEEK,HOUR,MINUTE,NHS,ROAD_FNC,ROUTE,TWAY_ID,TWAY_ID2,MILEPT,LATITUDE,LONGITUD,SP_JUR,HARM_EV,MAN_COLL,RELJCT1,RELJCT2,TYP_INT,REL_ROAD,WRK_ZONE,LGT_COND,WEATHER1,WEATHER2,WEATHER,SCH_BUS,RAIL,NOT_HOUR,NOT_MIN,ARR_HOUR,ARR_MIN,HOSP_HR,HOSP_MN,CF1,CF2,CF3,FATALS,DRUNK_DR
17,170382,2,2,0,0,0,5,5,89,0,16,7,2011,7,21,10,0,2,3,SR-72,,674,42.08825000,-88.578713890,0,12,6,0,1,1,4,0,2,1,0,1,0,0000000,21,10,99,99,99,99,0,0,0,1,0
17,170383,1,1,0,1,1,1,1,137,0,25,7,2011,2,2,56,0,6,4,SPRADLIN LANE,SPRADLIN ROAD,0,39.79265556,-90.202511110,0,8,0,0,1,1,1,0,2,1,0,1,0,0000000,3,5,99,99,99,99,0,0,0,1,1
17,170384,2,2,0,0,0,5,5,181,0,25,7,2011,2,17,23,0,6,5,HUMMINGBIRD ROAD,SOUTH LICK CREEK ROA,0,37.50887500,-89.059638890,0,12,8,0,1,1,1,0,1,1,0,1,0,0000000,17,33,99,99,99,99,0,0,0,1,1
17,170385,1,1,0,0,0,2,2,95,0,21,7,2011,5,21,4,1,1,1,I-74,,530,40.91753056,-90.259705560,0,1,0,0,1,1,3,0,2,1,0,1,0,0000000,21,4,99,99,99,99,0,0,0,1,0
17,170386,2,2,0,0,0,2,2,43,2225,26,7,2011,3,16,30,0,15,6,PLAINFIELD ROAD,,0,41.73670278,-88.012075000,0,12,6,0,8,1,1,0,1,1,0,1,0,0000000,16,33,99,99,99,99,0,0,0,1,0
17,170387,1,1,0,1,1,1,1,167,8220,13,7,2011,4,23,30,1,13,3,SR- 29 (PEORIA ROAD),,76,39.84118056,-89.633391670,0,8,0,0,1,1,1,0,2,1,0,1,0,0000000,23,30,99,99,99,99,0,0,0,1,0
17,170388,2,2,0,0,0,2,2,77,0,15,7,2011,6,19,35,1,2,3,SR-3,,577,37.71705000,-89.467002780,0,12,1,0,1,1,1,0,1,1,0,1,0,0000000,19,35,99,99,99,99,0,0,0,1,0
17,170389,3,3,0,0,0,13,13,31,0,4,7,2011,2,0,56,1,12,1,I-90,,772,41.99837222,-87.878086110,0,12,1,0,1,1,1,0,3,1,0,1,0,0000000,0,56,99,99,99,99,0,0,0,1,0
17,170390,1,1,0,0,0,1,1,75,0,8,7,2011,6,15,14,0,3,3,SR-49,,1376,40.84069444,-87.864850000,0,34,0,0,1,1,5,0,1,1,0,1,0,0000000,15,14,99,99,99,99,0,0,0,1,0
17,170391,1,1,0,0,0,4,4,119,0,22,7,2011,6,19,28,1,1,1,I-255 RAMP,,0,38.75364167,-90.042119440,0,52,0,1,5,1,4,0,5,1,0,1,0,0000000,19,28,99,99,99,99,0,0,0,1,0
17,170392,1,1,0,3,3,1,1,97,4650,22,7,2011,6,21,13,0,14,6,CHURCH STREET,,0,42.20148333,-88.088030560,0,8,0,0,1,1,2,0,2,1,0,1,0,0000000,21,13,99,99,99,99,0,0,0,1,0
17,170393,1,1,0,1,1,2,2,63,5750,25,7,2011,2,21,42,1,13,3,SR-47,,888,41.37213333,-88.421991670,0,8,0,0,1,1,1,0,3,1,0,1,0,0000000,21,42,99,99,99,99,0,0,0,1,0
17,170394,2,2,0,0,0,2,2,197,0,19,5,2011,5,13,20,1,2,4,CR-25,CEDAR RD,0,41.32240000,-87.958988890,0,12,1,0,2,2,1,0,1,1,0,1,0,0000000,13,20,99,99,88,88,0,0,0,1,0
17,170395,1,1,0,1,1,1,1,31,1670,8,5,2011,1,23,0,0,15,6,GRAND,KOLMAR,0,41.91150000,-87.739861110,0,9,0,0,2,2,1,0,3,1,0,1,0,0000000,21,18,99,99,99,99,0,0,0,1,0
17,170396,1,1,0,0,0,1,1,31,1670,29,5,2011,1,23,43,0,15,6,S CHICAGO,,0,41.75867500,-87.595580560,0,21,0,0,1,1,3,0,2,1,0,1,0,0000000,23,43,99,99,88,88,0,0,0,1,1
17,170397,1,1,0,0,0,1,1,31,1670,25,5,2011,4,23,50,1,13,6,WESTERN,,0,41.87123889,-87.686158330,0,19,0,0,1,1,4,0,3,2,0,2,0,0000000,23,43,99,99,99,99,0,0,0,1,0
17,170398,2,2,0,0,0,2,2,31,1670,11,6,2011,7,3,40,1,13,6,WESTERN,,0,41.83417500,-87.684611110,0,12,8,0,1,1,1,0,3,2,0,2,0,0000000,3,40,99,99,99,99,0,0,0,1,1
17,170400,1,1,0,0,0,1,1,7,710,10,7,2011,1,15,8,1,13,2,US-20,TOWNHALL RD,1050,42.24006944,-88.880827780,0,33,0,0,2,2,3,0,1,1,0,1,0,0000000,15,8,99,99,88,88,0,0,0,1,0
17,170401,2,2,0,0,0,6,6,97,0,10,7,2011,1,14,28,1,13,3,SR-173,KILBOURNE RD,615,42.46500833,-87.913311110,0,12,6,0,2,2,1,0,1,1,0,1,0,0000000,14,28,99,99,99,99,0,0,0,1,0
17,170402,2,2,0,0,0,3,3,31,3430,16,7,2011,7,12,1,0,14,6,WEST LAKE,MAGNOLIA,0,42.08655000,-87.875450000,0,12,6,0,2,2,1,0,1,1,0,1,0,0000000,12,2,99,99,99,99,0,0,0,1,0
17,170403,1,1,0,0,0,2,2,31,1670,2,7,2011,7,2,23,1,13,3,SR-50,,515,41.81981667,-87.743461110,0,50,0,0,1,1,5,0,2,1,0,1,0,0000000,2,30,99,99,88,88,0,0,0,2,1
17,170404,1,1,0,0,0,1,1,167,0,1,8,2011,2,23,45,0,14,3,SR-4,BROWNING,1688,39.83758611,-89.657580560,0,33,0,0,2,2,3,1,2,1,0,1,0,0000000,23,52,99,99,99,99,0,0,0,1,0
17,170405,1,1,0,0,0,1,1,31,5870,13,5,2011,6,8,43,0,15,6,MOUNT PROSPECT,US-14,0,42.05643611,-87.921280560,0,10,0,0,6,1,1,0,1,1,0,1,0,176909P,8,44,99,99,88,88,0,0,0,1,0
17,170406,1,1,0,0,0,1,1,31,5280,22,7,2011,6,23,34,1,11,1,I-57,,3482,41.60388056,-87.706066670,0,1,0,0,1,1,4,1,3,1,0,1,0,0000000,23,36,99,99,99,99,0,0,0,1,1
17,170407,2,2,0,1,1,2,2,31,2719,7,7,2011,5,22,6,0,14,6,BUSSE ROAD,,0,42.03115000,-87.960069440,0,8,0,0,1,1,1,0,2,1,0,1,0,0000000,20,12,99,99,88,88,0,0,0,1,0
17,170409,1,1,0,0,0,1,1,55,9230,17,7,2011,1,12,24,0,16,6,LINDELL,,0,37.90115556,-88.929802780,0,42,0,0,1,1,4,0,1,1,0,1,0,0000000,12,24,99,99,99,99,0,0,0,1,0
17,170410,3,3,0,0,0,4,4,143,0,31,7,2011,1,15,27,1,2,2,US-150,,881,40.72952500,-89.567950000,0,12,2,0,1,1,1,0,1,1,0,1,0,0000000,15,29,99,99,99,99,0,0,0,1,0
17,170411,1,1,0,0,0,2,2,119,1910,31,7,2011,1,3,11,0,14,6,ST LOUIS,,0,38.65942500,-90.004333330,0,1,0,0,1,1,4,0,3,1,0,1,0,0000000,3,11,99,99,88,88,0,0,0,2,1
17,170412,1,1,0,0,0,2,2,49,0,28,7,2011,5,5,9,1,1,1,I-70,,957,39.09000278,-88.595802780,0,24,0,0,1,1,4,1,2,1,0,1,0,0000000,5,9,99,99,99,99,0,0,0,1,1
17,170413,1,1,0,1,1,5,5,101,8420,25,7,2011,2,12,37,0,16,6,SOUTH,,0,38.71561667,-87.860891670,0,9,0,0,8,1,1,0,1,1,0,1,0,0000000,12,37,99,99,99,99,0,0,0,1,0
17,170414,2,2,0,0,0,3,3,135,0,30,7,2011,7,15,24,0,4,4,CR-2100,,0,39.30494722,-89.492119440,0,12,1,0,1,1,1,0,1,1,0,1,0,0000000,15,24,99,99,99,99,0,0,0,1,2
17,170415,1,1,0,0,0,1,1,73,0,29,6,2011,4,7,32,0,3,3,SR-78,,1313,41.40823889,-89.904891670,0,1,0,0,1,1,4,0,1,1,0,1,0,0000000,7,33,99,99,99,99,0,0,0,1,0
17,170416,1,1,0,0,0,2,2,183,0,25,7,2011,2,8,55,0,6,5,1750 EAST RD,,0,40.01757500,-87.609505560,0,34,0,0,1,1,4,0,1,1,0,1,0,0000000,8,56,99,99,99,99,0,0,0,1,0
17,170417,1,1,0,0,0,1,1,75,0,25,7,2011,2,20,25,0,6,4,CR-950,,0,40.62677778,-88.027188890,0,10,0,0,6,1,1,0,5,1,0,1,0,289004D,20,30,99,99,88,88,0,0,0,1,0
17,170418,1,1,0,0,0,1,1,91,0,3,8,2011,4,23,10,0,3,3,SR-114,12000 E RD,11,41.15705833,-87.643100000,0,42,0,0,3,3,4,0,2,1,0,1,0,0000000,23,10,99,99,99,99,0,0,0,1,1
17,170419,1,1,0,0,0,1,1,167,0,6,8,2011,7,20,40,0,4,4,CR-15,,0,39.82224444,-89.805794440,0,32,0,0,1,1,4,0,5,1,0,1,0,0000000,20,40,99,99,88,88,0,0,0,1,1
17,170420,1,1,0,0,0,1,1,19,0,25,7,2011,2,5,25,0,6,4,CR-1000,1500E,0,40.02553889,-88.161625000,0,42,0,0,2,2,4,0,4,5,0,5,0,0000000,5,25,99,99,88,88,0,0,0,1,1
17,170421,1,1,0,1,1,1,1,31,7380,11,5,2011,4,16,39,0,14,6,139TH,KEDZIE,0,41.64052778,-87.698880560,0,8,0,0,2,2,1,0,1,5,0,5,0,0000000,16,39,99,99,99,99,0,0,0,1,0
17,170422,1,1,0,1,1,2,2,31,1670,27,6,2011,2,8,47,1,13,6,ILLINOIS,,0,41.89102500,-87.619463890,0,8,0,0,1,1,4,0,1,2,0,2,0,0000000,8,51,99,99,99,99,0,0,0,1,0
17,170423,1,1,0,0,0,1,1,31,1670,29,6,2011,4,1,0,1,13,3,SR-43,,338,41.99310833,-87.806850000,0,18,0,0,1,1,1,1,3,1,0,1,0,0000000,0,12,99,99,99,99,0,0,0,1,1
17,170424,1,1,0,1,1,1,1,31,1670,15,7,2011,6,9,38,0,16,6,MICHIGAN,,0,41.84192500,-87.621958330,0,8,0,0,1,1,1,0,1,1,0,1,0,0000000,10,0,99,99,99,99,0,0,0,1,0
17,170426,1,1,0,0,0,1,1,11,0,2,7,2011,7,2,40,0,4,4,CR-16,,0,41.25621944,-89.780088890,0,34,0,0,1,1,4,0,2,1,0,1,0,0000000,2,48,99,99,99,99,0,0,0,1,1
17,170427,1,1,0,0,0,1,1,81,0,8,5,2011,1,15,0,0,6,4,CR-1550,,0,38.35106667,-88.857808330,0,19,0,0,1,1,5,0,1,1,0,1,0,0000000,22,47,99,99,99,99,0,0,0,1,0
17,170428,2,2,0,0,0,2,2,99,0,14,7,2011,5,1,56,0,4,6,LASALLE,,0,41.63102778,-88.658511110,0,12,1,0,1,1,1,0,2,1,0,1,0,0000000,1,56,99,99,99,99,0,0,0,1,2
17,170429,2,2,0,0,0,3,3,31,1670,4,7,2011,2,21,0,0,16,6,43RD,,0,41.81638056,-87.634127780,0,12,6,0,8,1,1,0,5,1,0,1,0,0000000,21,5,99,99,99,99,0,0,0,1,0
17,170430,1,1,0,0,0,1,1,113,840,4,7,2011,2,20,43,0,15,6,REGENCY,,0,40.48269722,-88.960591670,0,26,0,0,1,1,4,0,5,1,0,1,0,0000000,20,43,99,99,88,88,0,0,0,1,1
17,170431,1,1,0,1,1,1,1,31,1670,5,7,2011,3,8,46,1,14,6,46TH,ASHLAND,0,41.81040278,-87.665011110,0,8,0,0,2,2,1,0,1,1,0,1,0,0000000,8,46,99,99,99,99,0,0,0,1,1
17,170433,2,2,0,0,0,2,2,97,8857,24,7,2011,1,19,53,1,13,3,SR-60,,118,42.24046111,-87.969441670,0,12,6,0,8,1,1,0,1,1,0,1,0,0000000,19,53,99,99,88,88,0,0,0,1,1
17,170434,1,1,0,0,0,2,2,31,2870,17,7,2011,1,6,59,0,14,6,CHICAGO,,0,42.02643611,-87.678025000,0,42,0,0,1,1,4,0,1,1,0,1,0,0000000,6,59,99,99,99,99,0,0,0,1,1
17,170435,3,2,1,0,0,4,4,31,1730,29,7,2011,6,23,16,1,13,3,SR-50,31ST,527,41.83666944,-87.743722220,0,12,1,0,2,2,1,0,3,1,0,1,0,0000000,23,16,99,99,99,99,0,0,0,1,1
17,170437,3,3,0,0,0,4,4,143,6850,7,8,2011,1,1,55,0,14,6,SHERIDAN RD,GLEN,0,40.74675000,-89.602980560,0,12,1,0,3,2,1,0,3,1,0,1,0,0000000,1,55,99,99,99,99,0,0,0,2,3
17,170438,1,1,0,0,0,1,1,31,6410,5,8,2011,6,3,57,1,11,1,I-290,,230,41.87124167,-87.774472220,0,25,0,0,1,1,3,0,3,1,0,1,0,0000000,3,59,99,99,88,88,0,0,0,1,0
17,170439,1,1,0,0,0,1,1,117,0,19,7,2011,3,19,55,0,3,3,SR-4,,1049,39.03551111,-89.801675000,0,24,0,0,1,1,5,0,5,1,0,1,0,0000000,19,55,99,99,99,99,0,0,0,1,0
17,170440,1,1,0,0,0,4,4,199,0,17,7,2011,1,16,43,0,4,4,ROCKY COMFORT,,0,37.60960556,-89.113791670,0,24,0,0,1,1,5,0,1,1,0,1,0,0000000,16,43,99,99,99,99,0,0,0,1,1
17,170441,2,2,0,0,0,2,2,147,0,4,8,2011,5,6,20,0,4,3,SR-10,I-72 RAMP,790,40.10573889,-88.488913890,0,12,6,0,2,2,1,0,1,1,0,1,0,0000000,6,20,99,99,99,99,0,0,0,1,0
17,170443,1,1,0,0,0,1,1,27,0,8,8,2011,2,7,0,0,4,5,OLD US-50,,0,38.60915556,-89.454022220,0,1,0,0,1,1,4,0,1,1,0,1,0,0000000,7,0,99,98,88,88,0,0,0,1,0
17,170444,2,2,0,0,0,3,3,21,0,11,8,2011,5,6,6,0,6,5,1100N,1900E,0,39.50938889,-89.175730560,0,12,6,0,2,2,1,0,4,1,0,1,0,0000000,6,6,99,99,99,99,0,0,0,2,0
17,170445,2,2,0,0,0,5,5,69,0,14,8,2011,1,12,27,0,4,4,CR-10,,0,37.59776111,-88.364263890,0,1,0,0,1,1,1,0,1,1,0,1,0,0000000,12,31,99,99,99,99,0,0,0,1,0
17,170446,1,1,0,0,0,2,2,133,0,12,8,2011,6,19,22,0,3,3,SR-156,,12,38.30845556,-90.253241670,0,17,0,0,1,1,4,0,1,1,0,1,0,0000000,19,22,99,99,99,99,0,0,0,1,0
17,170447,2,2,0,0,0,3,3,195,0,11,8,2011,5,14,9,0,4,5,MOLINE RD,,0,41.76251944,-89.787433330,0,12,6,0,1,1,1,0,1,1,0,1,0,0000000,14,8,99,99,99,99,0,0,0,1,0
17,170448,1,1,0,0,0,1,1,127,0,12,8,2011,6,8,2,0,4,2,US-45,STRAWBERRY,36,37.16066111,-88.648988890,0,34,0,0,2,2,4,0,1,1,0,1,0,0000000,8,7,99,99,88,88,0,0,0,1,0
17,170449,1,1,0,0,0,2,2,85,0,13,8,2011,7,14,53,1,2,2,US-20,,162,42.40915000,-90.401222220,0,1,0,0,1,1,1,0,1,1,0,1,0,0000000,14,53,99,99,99,99,0,0,0,1,1
17,170450,2,2,0,0,0,4,4,199,5250,13,8,2011,7,19,40,1,11,1,I-57,,543,37.75121111,-88.954358330,0,12,6,0,7,1,1,0,1,1,0,1,0,0000000,19,40,99,99,99,99,0,0,0,1,0
17,170451,2,2,0,0,0,2,2,99,0,10,8,2011,4,9,30,0,3,2,US-34,,1428,41.56933056,-89.005941670,0,12,2,0,1,1,1,0,1,1,0,1,0,0000000,9,30,99,99,88,88,0,0,0,1,0
17,170452,4,4,0,0,0,6,6,43,0,6,8,2011,7,18,28,1,11,1,I-88,,1309,41.81030556,-88.056436110,0,12,2,0,1,1,1,0,1,1,0,1,0,0000000,18,28,99,99,99,99,14,0,0,2,0
17,170453,2,2,0,0,0,2,2,31,1670,28,6,2011,3,20,26,0,16,6,S LOWE,102ND,0,41.70878056,-87.639219440,0,12,6,0,2,2,1,0,1,1,0,1,0,0000000,20,26,99,99,99,99,0,0,0,1,0
17,170454,2,2,0,0,0,2,2,31,3105,4,8,2011,5,3,37,1,11,1,I-55,,2846,41.80579444,-87.778552780,0,12,1,0,1,1,1,1,3,1,0,1,0,0000000,3,39,99,99,99,99,0,0,0,1,0
17,170455,2,2,0,0,0,4,4,11,0,13,8,2011,7,7,16,0,6,5,2700 N AVE,2100 E ST,0,41.53850833,-89.451988890,0,12,6,0,2,2,1,0,1,1,0,1,0,0000000,7,16,99,99,99,99,0,0,0,1,0
17,170456,1,1,0,0,0,1,1,31,7488,10,7,2011,1,7,45,0,13,3,SR-58,,128,42.05103611,-88.016800000,0,33,0,0,1,1,5,0,2,1,0,1,0,0000000,7,45,99,99,88,88,0,0,0,1,1
17,170457,1,1,0,0,0,2,2,83,0,13,8,2011,7,15,7,0,6,4,COUNTY ROAD,,0,39.10891389,-90.368294440,0,1,0,0,1,1,1,0,1,1,0,1,0,0000000,15,7,99,99,99,99,0,0,0,1,0
17,170458,2,2,0,0,0,2,2,119,9550,2,6,2011,5,10,27,1,13,3,SR-143,6TH ST,54,38.86012778,-90.086700000,0,12,6,0,2,2,1,0,1,1,0,1,0,0000000,10,27,99,99,99,99,0,0,0,1,0
17,170459,2,2,0,0,0,5,5,157,0,31,7,2011,1,12,30,0,2,3,SR-154,,108,38.17228333,-89.805583330,0,12,6,0,1,1,4,0,1,1,0,1,0,0000000,12,33,99,99,99,99,0,0,0,1,0
17,170460,2,2,0,1,1,3,3,31,980,18,7,2011,2,22,23,1,13,3,SR-43,,159,41.73684167,-87.799238890,0,8,0,0,1,1,1,0,3,1,0,1,0,0000000,22,23,99,99,99,99,0,0,0,1,0
17,170461,1,1,0,0,0,1,1,199,0,9,7,2011,7,13,56,0,6,5,FANCY FARM RD,,0,37.85981111,-88.770036110,0,30,0,0,1,1,4,0,1,1,0,1,0,0000000,13,56,99,99,99,99,0,0,0,1,0
17,170462,1,1,0,0,0,1,1,31,1670,16,7,2011,7,23,59,0,14,6,ASHLAND,,0,41.94061111,-87.668688890,0,30,0,0,1,1,5,0,2,1,0,1,0,0000000,7,45,99,99,99,99,0,0,0,1,0
17,170463,1,1,0,1,1,1,1,115,2250,17,7,2011,1,0,30,0,14,5,GARFIELD AVE,,0,39.86265833,-88.933616670,0,9,0,0,1,1,2,0,3,1,0,1,0,0000000,0,51,99,99,88,88,0,0,0,1,0
17,170464,1,1,0,0,0,1,1,17,0,6,8,2011,7,19,48,0,3,3,SR-78,,256,40.03376667,-90.173688890,0,24,0,0,1,1,5,0,1,1,0,1,0,0000000,19,48,99,99,88,88,0,0,0,1,1
17,170465,1,1,0,1,1,1,1,163,2610,1,8,2011,2,22,13,0,16,6,AUDUBON,,0,38.63236667,-90.116205560,0,8,0,0,1,1,1,0,2,1,0,1,0,0000000,22,13,99,99,88,88,0,0,0,1,0
17,170467,2,2,0,0,0,5,5,127,0,16,8,2011,3,12,15,0,5,4,CR-1700,CR-800,0,37.18953889,-88.621069440,0,12,6,0,2,2,1,0,1,1,0,1,0,0000000,12,21,99,99,99,99,0,0,0,2,0
17,170468,3,3,0,0,0,3,3,87,0,18,8,2011,5,8,25,0,3,2,US-45,GILEAD CHURCH,0,37.51289167,-88.830363890,0,12,6,0,2,2,1,0,1,1,0,1,0,0000000,8,28,99,99,99,99,0,0,0,1,0
17,170469,1,1,0,1,1,1,1,97,9997,5,8,2011,6,14,26,1,13,2,US-12,,173,42.31556667,-88.164944440,0,8,0,0,1,1,1,0,1,1,0,1,0,0000000,14,26,99,99,88,88,0,0,0,1,0
17,170470,1,1,0,1,1,2,2,41,0,20,8,2011,7,2,38,1,2,2,US-36,,1676,39.79177500,-88.440011110,0,8,0,0,1,1,1,0,2,1,0,1,0,0000000,2,38,99,99,88,88,0,0,0,1,0
17,170471,1,1,0,0,0,1,1,25,0,20,8,2011,7,19,0,0,6,5,BUNNYVILLE DR,,0,38.65974444,-88.322130560,0,5,0,0,1,1,1,0,1,1,0,1,0,0000000,19,0,99,99,99,99,0,0,0,1,1
17,170472,2,2,0,0,0,2,2,63,5750,21,8,2011,1,8,22,1,13,3,SR-47,MAIN,878,41.35830000,-88.421591670,0,12,6,0,2,2,1,0,1,1,0,1,0,0000000,8,22,99,99,99,99,0,0,0,1,0
17,170473,1,1,0,0,0,1,1,113,0,18,8,2011,5,4,30,1,1,1,I-74,,1510,40.32203611,-88.739075000,0,34,0,0,1,1,3,0,2,1,0,1,0,0000000,4,30,99,99,88,88,0,0,0,1,0
17,170474,1,1,0,2,2,1,1,197,4300,12,8,2011,6,21,23,0,14,6,ESSINGTON,CATON FARM,0,41.56553056,-88.161719440,0,8,0,0,2,2,1,0,3,1,0,1,0,0000000,21,23,99,99,99,99,0,0,0,1,0
17,170475,1,1,0,1,1,1,1,163,0,19,8,2011,6,6,12,1,1,1,I-55,,47,38.65301944,-90.117025000,0,8,0,0,1,1,1,0,2,2,0,2,0,0000000,6,12,99,99,99,99,19,0,0,1,0
17,170476,3,3,0,0,0,3,3,99,0,17,6,2011,6,16,28,0,3,2,US-52,E 2603RD,1086,41.48567222,-88.668911110,0,12,6,0,2,2,1,0,1,1,0,1,0,0000000,16,28,99,99,99,99,0,0,0,1,0
17,170477,1,1,0,0,0,1,1,31,5050,20,6,2011,2,6,15,0,14,6,JOLIET,,0,41.80009167,-87.829872220,0,53,0,0,1,1,4,0,1,2,0,2,0,0000000,6,15,99,99,99,99,0,0,0,1,0
17,170478,2,2,0,0,0,2,2,43,9997,28,6,2011,3,16,21,0,14,3,SR-19,MITCHELL RD,98,41.98880000,-88.092538890,0,12,6,0,2,3,1,0,1,1,0,1,0,0000000,16,21,99,99,99,99,0,0,0,1,0
17,170479,2,2,0,0,0,2,2,99,0,30,6,2011,5,10,50,0,4,4,2352 E,42ND,0,41.54346944,-88.711138890,0,12,6,0,2,2,1,0,1,1,0,1,0,0000000,10,53,99,99,99,99,0,0,0,1,0
17,170480,2,2,0,0,0,3,3,7,0,30,6,2011,5,16,47,0,4,4,CR-4,,0,42.22271944,-88.812425000,0,12,2,0,1,1,1,0,1,1,0,1,0,0000000,16,47,99,99,99,99,0,0,0,1,0
17,170481,1,1,0,0,0,1,1,93,0,28,6,2011,3,10,0,0,16,6,HARVEY,,0,41.69013333,-88.275255560,0,34,0,0,1,1,4,0,1,1,0,1,0,0000000,10,0,99,99,99,99,0,0,0,1,0
17,170482,1,1,0,1,1,1,1,195,3230,13,6,2011,2,12,22,0,16,6,CATTAIL,,0,41.87111667,-90.145555560,0,9,0,0,1,1,1,0,1,1,0,1,0,0000000,12,22,99,99,88,88,0,0,0,1,0
17,170483,1,1,0,1,1,1,1,31,1670,10,7,2011,1,3,24,0,15,6,JACKSON BLVD,HOMAN AVE,0,41.87726111,-87.710877780,0,8,0,0,2,2,1,0,3,1,0,1,0,0000000,3,24,99,99,99,99,0,0,0,1,1
17,170484,2,2,0,0,0,3,3,89,0,7,9,2011,4,20,5,0,15,3,SR-25,LAKE-COOK RD,0,42.15417778,-88.257786110,0,12,6,0,2,2,1,0,5,1,0,1,0,0000000,20,7,99,99,99,99,0,0,0,1,0
17,170485,2,2,0,0,0,2,2,179,6840,21,7,2011,5,12,55,0,13,3,SR-9,SR-29,975,40.57114444,-89.649383330,0,12,6,0,2,2,1,0,1,1,0,1,0,0000000,12,55,99,99,99,99,0,0,0,1,0
17,170486,1,1,0,0,0,1,1,41,0,21,8,2011,1,0,1,0,3,3,SR-133,,238,39.68133333,-88.199630560,0,34,0,0,1,1,4,0,2,1,0,1,0,0000000,8,39,99,99,88,88,0,0,0,1,0
17,170487,1,1,0,1,1,1,1,119,0,25,8,2011,5,18,27,0,15,5,CHAIN OF ROCKS RD,DIAL DR,0,38.76204722,-90.115000000,0,8,0,0,8,1,1,0,1,1,0,1,0,0000000,18,27,99,99,99,99,0,0,0,1,0
17,170488,1,1,0,0,0,1,1,31,1670,20,7,2011,4,10,0,0,15,6,LAKE STREET,,0,41.88496944,-87.716858330,0,31,0,0,1,1,4,0,1,1,0,1,0,0000000,10,0,99,99,99,99,0,0,0,1,1
17,170489,1,1,0,0,0,1,1,29,0,30,8,2011,3,9,46,0,3,3,SR-16,,1517,39.51535000,-88.098205560,0,34,0,0,1,1,4,0,1,1,0,1,0,0000000,9,52,99,99,99,99,0,0,0,1,0
17,170490,1,1,0,0,0,1,1,165,0,8,9,2011,5,0,34,0,3,3,SR-142,,54,37.79486667,-88.405288890,0,31,0,0,1,1,5,0,2,1,0,1,0,0000000,0,34,99,99,88,88,0,0,0,1,1
17,170491,2,2,0,0,0,2,2,103,0,8,9,2011,5,11,25,0,4,3,SR-2,N FRONTAGE ROAD,95,41.83452778,-89.529019440,0,12,6,0,2,2,1,0,1,1,0,1,0,0000000,11,25,99,99,99,99,0,0,0,1,0
17,170492,1,1,0,0,0,2,2,43,4220,3,7,2011,1,2,53,0,14,3,SR-53,,633,41.97448611,-88.031519440,0,10,0,0,6,1,1,0,3,1,0,1,0,372184D,2,53,99,99,99,99,0,0,0,1,1
17,170493,2,2,0,0,0,4,4,31,1670,26,7,2011,3,19,59,0,14,6,CENTRAL,MADISON,0,41.88025833,-87.764827780,0,12,6,0,2,2,1,0,1,1,0,1,0,0000000,19,59,99,99,99,99,0,0,0,1,0
17,170494,1,1,0,0,0,1,1,93,9997,10,7,2011,1,1,16,0,16,6,RIDGE RD,,0,41.64922500,-88.269161110,0,33,0,0,1,1,3,0,2,1,0,1,0,0000000,1,16,99,99,99,99,0,0,0,1,1
17,170495,2,2,0,0,0,2,2,163,0,30,8,2011,3,17,32,0,3,3,SR-159,,113,38.37447778,-89.992941670,0,12,8,0,1,1,1,0,1,1,0,1,0,0000000,17,32,99,99,99,99,0,0,0,1,0
17,170496,3,3,0,0,0,4,4,97,9090,24,7,2011,1,17,7,0,13,3,SR-176,,247,42.26024722,-88.161575000,0,12,6,0,8,1,1,0,1,1,0,1,0,0000000,17,7,99,99,99,99,0,0,0,1,2
17,170497,3,3,0,0,0,3,3,31,5044,8,7,2011,6,9,45,1,13,2,US-30,SR-83,1518,41.50651111,-87.533730560,0,12,6,0,2,3,1,0,1,1,0,1,0,0000000,9,48,99,99,99,99,0,0,0,1,0
17,170498,2,2,0,0,0,2,2,193,0,19,8,2011,6,7,25,0,4,4,CR-8,,0,37.98460000,-88.195430560,0,12,2,0,1,1,1,0,1,1,0,1,0,0000000,7,25,99,99,99,99,0,0,0,1,0
17,170499,2,2,0,0,0,4,4,67,0,17,8,2011,4,19,13,0,6,4,CR-900,CR-1550,0,40.42582222,-91.329469440,0,12,6,0,2,2,1,0,1,1,0,1,0,0000000,19,25,99,99,99,99,0,0,0,1,0
17,170500,2,2,0,0,0,5,5,31,1670,28,8,2011,1,3,10,1,11,1,I-94,,683,41.66360833,-87.592038890,0,12,1,0,1,1,1,0,3,1,0,1,0,0000000,3,14,99,99,99,99,0,0,0,3,0
17,170501,2,2,0,0,0,3,3,57,0,30,7,2011,7,0,22,1,2,2,US-24,SR-136,828,40.30463056,-90.190961110,0,12,6,0,2,2,1,0,2,1,0,1,0,0000000,0,22,99,99,99,99,0,0,0,2,0
17,170502,1,1,0,0,0,1,1,27,0,19,8,2011,6,17,30,0,6,4,CR-2 KEYESPORT ROAD,,0,38.74188889,-89.291577780,0,1,0,0,1,1,1,0,1,1,0,1,0,0000000,17,30,99,99,99,99,0,0,0,1,0
17,170503,2,2,0,0,0,4,4,163,1910,12,9,2011,2,16,2,0,15,6,CASEYVILLE RD,ERIE PL,0,38.65784722,-90.009961110,0,12,2,0,1,1,1,0,1,1,0,1,0,0000000,16,3,99,99,99,99,0,0,0,1,0