STATE,ST_CASE,VE_TOTAL,VE_FORMS,PVH_INVL,PEDS,PERNOTMVIT,PERMVIT,PERSONS,COUNTY,CITY,DAY,MONTH,YEAR,DAY_WEEK,HOUR,MINUTE,NHS,ROAD_FNC,ROUTE,TWAY_ID,TWAY_ID2,MILEPT,LATITUDE,LONGITUD,SP_JUR,HARM_EV,MAN_COLL,RELJCT1,RELJCT2,TYP_INT,REL_ROAD,WRK_ZONE,LGT_COND,WEATHER1,WEATHER2,WEATHER,SCH_BUS,RAIL,NOT_HOUR,NOT_MIN,ARR_HOUR,ARR_MIN,HOSP_HR,HOSP_MN,CF1,CF2,CF3,FATALS,DRUNK_DR
17,170504,2,2,0,0,0,2,2,97,0,29,8,2011,2,9,50,1,11,1,I-94,,235,42.17863056,-87.874663890,0,12,7,0,1,1,1,0,1,1,0,1,0,0000000,9,56,99,99,99,99,0,0,0,1,1
17,170505,3,3,0,0,0,4,4,91,0,29,8,2011,2,15,40,0,3,3,SR-17,,1746,41.11783889,-88.028219440,0,12,1,0,1,1,1,0,1,1,0,1,0,0000000,15,48,99,99,99,99,0,0,0,1,0
17,170506,1,1,0,0,0,1,1,101,0,30,8,2011,3,4,40,0,3,3,SR-33,,892,38.75978889,-87.519566670,0,42,0,0,1,1,4,0,2,1,0,1,0,0000000,4,41,99,99,88,88,0,0,0,1,0
17,170507,2,2,0,0,0,4,4,49,0,26,8,2011,6,14,11,1,1,1,I-57,,1650,39.17180833,-88.505586110,0,18,0,0,1,1,3,1,1,1,0,1,0,0000000,14,11,99,99,99,99,0,0,0,1,1
17,170508,1,1,0,1,1,1,1,135,0,4,9,2011,1,6,2,1,1,1,I-55,,513,39.16351944,-89.689130560,0,8,0,0,1,1,1,0,2,2,0,2,0,0000000,6,2,99,99,88,88,17,0,0,1,0
17,170509,3,3,0,0,0,4,4,111,0,12,9,2011,2,11,20,0,3,3,SR-120,WONDER LAKE,0,42.35656111,-88.345425000,0,12,2,0,2,2,1,0,1,1,0,1,0,0000000,11,20,99,99,99,99,0,0,0,1,0
17,170510,2,2,0,0,0,2,2,21,0,13,9,2011,3,4,22,0,4,5,350N RD,2000E RD,0,39.39980000,-89.157700000,0,12,6,0,2,2,1,0,2,1,0,1,0,0000000,4,23,99,99,99,99,0,0,0,1,0
17,170511,2,2,0,0,0,2,2,21,0,27,8,2011,7,14,0,0,2,3,SR-29,,148,39.54078333,-89.261483330,0,12,6,0,8,1,1,0,1,1,0,1,0,0000000,12,11,99,99,99,99,0,0,0,1,0
17,170512,2,2,0,0,0,3,3,201,7460,15,9,2011,5,12,32,0,13,4,PERRYVILLE RD,GUILFORD RD,0,42.28248889,-88.979919440,0,12,6,0,2,2,1,0,1,1,0,1,0,0000000,12,32,99,99,99,99,0,0,0,2,0
17,170513,1,1,0,0,0,1,1,105,0,27,8,2011,7,12,1,1,1,1,I-55,,2149,41.06692778,-88.461452780,0,1,0,0,1,1,1,0,1,1,0,1,0,0000000,12,1,99,99,99,99,0,0,0,1,0
17,170514,2,2,0,0,0,2,2,95,0,23,8,2011,3,13,30,0,4,2,US-150,2900N,243,41.13728056,-90.379938890,0,12,6,0,2,2,1,0,1,1,0,1,0,0000000,13,30,99,99,99,99,0,0,0,1,1
17,170515,1,1,0,0,0,1,1,55,0,30,8,2011,3,14,24,0,3,3,SR-149,,416,37.90550278,-88.838569440,0,17,0,0,1,1,4,0,1,1,0,1,0,0000000,14,24,99,99,99,99,0,0,0,1,0
17,170516,1,1,0,0,0,2,2,197,4300,2,9,2011,6,0,15,1,12,1,I-80,,1270,41.48676667,-88.183719440,0,1,0,0,1,1,1,0,2,1,0,1,0,0000000,0,15,99,99,99,99,0,0,0,1,1
17,170517,1,1,0,1,1,1,1,31,0,2,9,2011,6,6,10,1,12,1,I-290,,179,41.87072778,-87.873877780,0,8,0,0,1,1,1,0,1,1,0,1,0,0000000,6,12,99,99,99,99,0,0,0,1,0
17,170518,2,2,0,0,0,2,2,43,0,26,8,2011,6,21,19,1,1,1,I-88,,1252,41.80631389,-88.161547220,0,1,0,0,1,1,1,0,3,1,0,1,0,0000000,21,19,99,99,88,88,0,0,0,1,0
17,170519,1,1,0,1,1,1,1,67,0,2,9,2011,6,9,10,0,4,4,CR-16,,0,40.39565556,-91.198033330,0,9,0,0,1,1,1,0,1,1,0,1,0,0000000,9,15,99,99,99,99,0,0,0,1,0
17,170520,2,2,0,0,0,3,3,73,0,2,9,2011,6,21,20,1,1,1,I-80,,130,41.44038056,-90.276272220,0,12,6,0,1,1,1,0,2,1,0,1,0,0000000,21,22,99,99,99,99,0,0,0,1,0
17,170521,1,1,0,0,0,1,1,63,0,5,9,2011,2,1,30,0,6,5,PRAIRIE,,0,41.21001389,-88.533836110,0,34,0,0,1,1,4,0,2,1,0,1,0,0000000,8,54,99,99,99,99,0,0,0,1,1
17,170522,3,3,0,0,0,3,3,31,0,2,9,2011,6,16,55,1,12,3,SR-394,,126,41.55343889,-87.583458330,0,25,0,0,1,1,4,0,1,1,0,1,0,0000000,17,10,99,99,88,88,14,0,0,1,0
17,170523,1,1,0,0,0,1,1,133,0,20,5,2011,6,12,9,0,6,5,CARR,,0,38.16965278,-90.100611110,0,1,0,0,1,1,4,0,1,1,0,1,0,0000000,12,9,99,99,99,99,0,0,0,1,0
17,170524,2,2,0,0,0,3,3,41,8740,9,9,2011,6,12,33,1,13,2,US-36,PROGRESS BLVD,1766,39.79156944,-88.270180560,0,12,2,0,2,2,1,0,1,1,0,1,0,0000000,12,33,99,99,99,99,0,0,0,1,0
17,170525,1,1,0,0,0,1,1,49,0,10,9,2011,7,6,15,1,1,1,I-57,,1571,39.08960556,-88.580719440,0,20,0,0,1,1,3,1,1,1,0,1,0,0000000,6,18,99,99,88,88,0,0,0,1,0
17,170526,2,2,0,0,0,3,3,31,9580,3,7,2011,1,20,30,1,13,3,SR-43,115TH ST,122,41.68261944,-87.797200000,0,12,2,0,2,2,1,0,5,1,0,1,0,0000000,20,31,99,99,99,99,0,0,0,1,0
17,170527,1,1,0,0,0,6,6,97,7570,17,7,2011,1,16,13,0,16,6,CLIFTON DR,MIDLAND DR,0,42.35781389,-88.079441670,0,42,0,0,1,1,4,0,1,1,0,1,0,0000000,16,14,99,99,99,99,0,0,0,1,0
17,170528,2,2,0,0,0,3,3,31,2390,16,7,2011,7,19,41,1,15,3,SR-83,EVERS,110,41.62257222,-87.605061110,0,12,6,0,2,2,1,0,1,1,0,1,0,0000000,19,41,99,99,99,99,0,0,0,1,1
17,170529,2,2,0,0,0,2,2,31,1670,25,7,2011,2,11,57,0,14,6,HALSTED,,0,41.76506944,-87.644413890,0,12,2,0,8,1,1,0,1,1,0,1,0,0000000,12,2,99,99,99,99,0,0,0,1,0
17,170530,1,1,0,1,1,1,1,31,5410,29,7,2011,6,21,10,0,15,6,9TH AVE,,0,41.86611944,-87.843258330,0,9,0,0,1,1,1,0,1,1,0,1,0,0000000,21,10,99,99,99,99,0,0,0,1,0
17,170531,1,1,0,1,1,1,1,111,1440,8,7,2011,6,7,46,0,15,6,MAIN,GEORGETOWN,0,42.20815833,-88.267011110,0,8,0,0,2,2,1,0,1,1,0,1,0,0000000,7,47,99,99,99,99,0,0,0,1,0
17,170532,2,2,0,0,0,2,2,31,1670,19,7,2011,3,16,44,0,14,6,LANGLEY,87TH,0,41.73661944,-87.607238890,0,12,6,0,2,3,1,0,1,1,0,1,0,0000000,16,44,99,99,99,99,0,0,0,1,0
17,170533,1,1,0,0,0,1,1,161,5670,13,7,2011,4,15,10,0,15,8,RAMP,,0,41.47256111,-90.496675000,0,24,0,1,5,1,4,0,1,1,0,1,0,0000000,15,10,99,99,99,99,0,0,0,1,0
17,170534,1,1,0,1,1,1,1,163,2610,11,8,2011,5,2,30,0,14,6,EADS BRIDGE,,0,38.62832500,-90.173936110,0,8,0,0,1,1,1,0,3,1,0,1,0,0000000,2,42,99,99,99,99,0,0,0,1,0
17,170535,1,1,0,0,0,5,5,31,8620,13,8,2011,7,23,38,0,14,6,183RD STREET,,0,41.55891111,-87.770608330,0,1,0,0,1,1,4,0,2,1,0,1,0,0000000,23,38,99,99,99,99,0,0,0,1,1
17,170536,1,1,0,0,0,1,1,177,0,17,9,2011,7,0,30,0,2,3,SR-26,,1348,42.45085000,-89.639788890,0,42,0,0,1,1,4,0,2,1,0,1,0,0000000,18,29,99,99,99,99,0,0,0,1,1
17,170537,3,3,0,0,0,3,3,163,8430,13,9,2011,3,19,41,0,15,6,FRANK SCOTT PKWY,OLD COLLINSVILLE RD,0,38.57085000,-89.966069440,0,12,1,0,3,2,1,0,3,1,0,1,0,0000000,19,41,99,99,99,99,0,0,0,1,1
17,170538,1,1,0,0,0,2,2,103,0,31,8,2011,4,23,25,1,1,1,I-39,,807,41.66970000,-89.056497220,0,1,0,0,1,1,3,0,2,1,0,1,0,0000000,23,35,99,99,88,88,0,0,0,1,0
17,170539,2,2,0,0,0,6,6,197,0,28,8,2011,1,19,58,1,2,2,US-45,,3414,41.34542222,-87.882041670,0,12,2,0,1,1,1,0,2,1,0,1,0,0000000,20,0,99,99,99,99,0,0,0,2,1
17,170540,1,1,0,0,0,1,1,191,0,7,9,2011,4,15,1,1,1,1,I-64,,1059,38.26631944,-88.428630560,0,42,0,0,1,1,3,0,1,1,0,1,0,0000000,15,1,99,99,99,99,0,0,0,1,0
17,170541,1,1,0,0,0,1,1,97,0,25,7,2011,2,19,25,0,13,2,US-41,,621,42.47277222,-87.947233330,0,25,0,0,1,1,3,0,1,1,0,1,0,0000000,19,31,99,99,99,99,0,0,0,1,1
17,170542,1,1,0,0,0,1,1,201,7480,17,8,2011,4,9,46,0,13,3,SR-2,,666,42.43860000,-89.065197220,0,1,0,0,1,1,4,0,1,99,0,99,0,0000000,9,46,99,99,88,88,0,0,0,1,1
17,170543,1,1,0,0,0,1,1,197,0,19,8,2011,6,23,48,1,13,1,I-80,,1334,41.51334722,-88.069936110,0,44,0,0,1,1,1,1,3,1,0,1,0,0000000,23,48,99,99,99,99,0,0,0,1,0
17,170544,3,3,0,0,0,4,4,199,0,17,8,2011,4,13,0,1,2,3,SR-13,SR-166,1086,37.72910833,-88.855269440,0,12,1,0,2,2,1,0,1,1,0,1,0,0000000,13,5,99,99,99,99,0,0,0,1,0
17,170545,1,1,0,1,1,1,1,43,0,12,9,2011,2,11,15,0,15,2,US-20 RAMP,,0,41.91323333,-87.939922220,0,8,0,1,5,1,8,1,1,1,0,1,0,0000000,11,15,99,99,99,99,0,0,0,1,0
17,170546,1,1,0,0,0,2,2,105,0,11,9,2011,1,23,3,0,3,3,SR-116,CR-800E,0,40.87201111,-88.777050000,0,5,0,0,2,3,1,0,2,1,0,1,0,0000000,23,3,99,99,99,99,0,0,0,1,1
17,170547,2,2,0,0,0,2,2,5,0,20,9,2011,3,16,35,0,4,4,CR-3,,0,38.93068333,-89.372327780,0,12,2,0,1,1,1,0,1,1,0,1,0,0000000,16,35,99,99,99,99,0,0,0,1,0
17,170548,1,1,0,0,0,4,4,31,1670,17,9,2011,7,0,41,1,11,1,I-57,,3553,41.69399167,-87.659461110,0,35,0,0,1,1,4,0,3,1,0,1,0,0000000,0,50,99,99,99,99,0,0,0,2,1
17,170549,2,2,0,0,0,3,3,81,5900,13,8,2011,7,23,40,0,15,3,SR-15,LIEBENGOOD,804,38.31591111,-88.873088890,0,12,6,0,2,2,1,0,3,1,0,1,0,0000000,23,40,99,99,99,99,0,0,0,2,0
17,170550,1,1,0,0,0,2,2,95,0,10,8,2011,4,8,55,0,6,5,KNOX RD,,0,40.98360000,-90.309147220,0,34,0,0,1,1,4,0,1,1,0,1,0,0000000,8,55,99,99,99,99,0,0,0,2,0
17,170551,1,1,0,1,1,1,1,31,1670,12,8,2011,6,14,45,0,16,8,BUFFALO,,0,41.73651111,-87.544555560,0,9,0,0,1,1,1,0,1,1,0,1,0,0000000,15,0,99,99,99,99,0,0,0,1,0
17,170552,1,1,0,0,0,1,1,157,0,20,8,2011,7,17,48,0,4,4,CR-3,,0,38.00626944,-89.792725000,0,34,0,0,1,1,4,0,1,1,0,1,0,0000000,17,50,99,99,88,88,0,0,0,1,1
17,170553,1,1,0,1,1,1,1,111,9560,22,8,2011,2,8,34,1,2,2,US-14,,195,42.29522778,-88.433980560,0,8,0,0,1,1,1,4,1,1,0,1,0,0000000,8,34,99,99,99,99,0,0,0,1,0
17,170554,1,1,0,0,0,1,1,89,0,21,8,2011,1,14,18,0,4,4,CR-23,,0,41.92358611,-88.503727780,0,34,0,0,1,1,4,0,1,1,0,1,0,0000000,14,18,99,99,99,99,0,0,0,1,0
17,170555,1,1,0,0,0,1,1,77,0,26,8,2011,6,11,0,0,6,5,MCLAUGHLIN,SAUPE,0,37.83417778,-89.359716670,0,34,0,0,2,3,4,0,1,1,0,1,0,0000000,11,22,99,99,99,99,0,0,0,1,0
17,170556,2,2,0,0,0,2,2,37,0,25,8,2011,5,6,40,0,2,3,SR-23,MELMS RD,1038,42.13903889,-88.646891670,0,12,6,0,2,2,1,0,1,1,0,1,0,0000000,6,40,99,99,99,99,0,0,0,1,0
17,170557,1,1,0,1,1,1,1,31,1670,22,8,2011,2,11,50,0,15,6,SHERIDAN,BRIAR,0,41.93873056,-87.639411110,0,8,0,0,2,2,1,0,1,1,0,1,0,0000000,11,59,99,99,99,99,0,0,0,1,0
17,170558,1,1,0,0,0,1,1,167,0,3,9,2011,7,2,25,0,4,4,CR-47,CR-15,0,39.81518889,-89.805680560,0,42,0,0,3,3,4,0,2,1,0,1,0,0000000,2,25,99,99,88,88,0,0,0,1,1
17,170559,3,3,0,0,0,4,4,163,4730,6,9,2011,3,7,45,0,13,2,US-50,BELLEVILLE,311,38.59431944,-89.827877780,0,12,6,0,2,3,1,0,1,1,0,1,0,0000000,7,46,99,99,99,99,0,0,0,1,0
17,170560,2,2,0,0,0,2,2,167,8220,12,9,2011,2,12,30,0,13,3,SR-97,BRUNS,23,39.80963889,-89.687191670,0,12,6,0,2,2,1,0,1,1,0,1,0,0000000,12,28,99,99,99,99,0,0,0,1,0
17,170561,2,2,0,0,0,6,6,107,0,16,9,2011,6,5,41,1,1,1,I-55,,1370,40.23647778,-89.259825000,0,12,7,0,1,1,1,0,4,1,0,1,0,0000000,5,41,99,99,88,88,0,0,0,1,1
17,170562,1,1,0,0,0,2,2,119,1910,24,9,2011,7,8,9,0,13,3,SR-159,,345,38.69937778,-89.965258330,0,33,0,0,1,1,4,0,1,1,0,1,0,0000000,8,10,99,99,99,99,0,0,0,1,1
17,170563,1,1,0,1,1,2,2,119,160,23,9,2011,6,23,51,1,13,3,SR-143,,18,38.87078611,-90.147938890,0,8,0,0,1,1,1,0,2,1,0,1,0,0000000,23,51,99,99,88,88,0,0,0,1,0
17,170565,1,1,0,2,2,2,2,163,2610,25,9,2011,1,3,41,1,11,1,I-55,,3,38.61661389,-90.177513890,0,8,0,0,1,1,1,0,3,1,0,1,0,0000000,3,41,99,99,99,99,20,0,0,1,1
17,170566,4,2,2,0,0,2,2,31,1670,10,7,2011,1,6,14,0,15,6,HOYNE,ARMITAGE,0,41.91771944,-87.680088890,0,12,6,0,2,2,1,0,1,1,0,1,0,0000000,6,14,99,99,99,99,20,0,0,1,1
17,170567,1,1,0,0,0,1,1,31,1670,11,7,2011,2,8,22,0,16,6,SACRAMENTO,,0,41.86185278,-87.702097220,0,16,0,0,1,1,1,0,2,2,0,2,0,0000000,8,24,99,99,99,99,0,0,0,1,0
17,170568,2,2,0,0,0,2,2,99,0,9,7,2011,7,14,24,0,3,3,SR-71,,235,41.30834722,-88.956300000,0,12,2,0,1,1,1,0,1,1,0,1,0,0000000,14,24,99,99,99,99,0,0,0,1,0
17,170569,1,1,0,1,1,1,1,115,2250,19,8,2011,6,23,27,1,13,3,SR-121,,713,39.85455833,-88.926522220,0,8,0,0,1,1,1,0,3,1,0,1,0,0000000,12,20,99,99,99,99,0,0,0,1,0
17,170570,6,6,0,0,0,6,6,97,3910,24,8,2011,4,22,32,1,13,2,US-41,SR-22,414,42.19980000,-87.832530560,0,12,1,0,2,2,1,0,2,1,0,1,0,0000000,22,32,99,99,99,99,0,0,0,1,1
17,170571,2,2,0,0,0,5,5,33,0,25,8,2011,5,20,48,1,2,3,SR-1,CR-325,1186,38.90040000,-87.684519440,0,12,6,0,2,3,1,0,2,1,0,1,0,0000000,20,48,99,99,99,99,0,0,0,1,0
17,170572,2,2,0,0,0,3,3,97,0,27,8,2011,7,18,34,1,13,3,SR-59,WILSON,650,42.39405000,-88.139838890,0,12,6,0,2,2,1,0,1,1,0,1,0,0000000,18,34,99,99,99,99,0,0,0,1,0
17,170574,1,1,0,0,0,1,1,101,0,4,9,2011,1,12,18,0,4,4,CR-6,,0,38.61063611,-87.863997220,0,11,0,0,1,1,1,0,1,1,0,1,0,0000000,12,18,99,99,99,99,0,0,0,1,0
17,170575,2,2,0,0,0,2,2,119,7073,5,9,2011,2,8,14,0,13,3,SR-111,,60,38.67843611,-90.074183330,0,12,8,0,1,1,1,0,1,1,0,1,0,0000000,8,14,99,99,88,88,0,0,0,1,0
17,170576,1,1,0,0,0,1,1,139,0,3,9,2011,7,19,20,0,3,3,SR-32,,424,39.68231111,-88.638544440,0,11,0,0,1,1,1,0,5,1,0,1,0,0000000,19,23,99,99,99,99,0,0,0,1,1
17,170577,1,1,0,2,2,1,1,31,1670,3,9,2011,7,10,19,0,14,6,STATE,124TH,0,41.66891944,-87.622350000,0,8,0,0,2,2,1,0,1,1,0,1,0,0000000,10,22,99,99,99,99,0,0,0,1,0
17,170578,1,1,0,0,0,1,1,123,0,10,9,2011,7,21,28,0,4,4,CR-59,,0,40.98831667,-89.591372220,0,11,0,0,1,1,1,0,2,1,0,1,0,0000000,21,28,99,99,88,88,0,0,0,1,1
17,170579,2,2,0,0,0,4,4,7,710,11,9,2011,1,15,0,0,13,2,US-20,,311,42.27682500,-88.826825000,0,12,2,0,1,1,1,0,1,1,0,1,0,0000000,15,0,99,99,88,88,0,0,0,1,1
17,170580,1,1,0,1,1,1,1,75,0,15,9,2011,5,19,43,0,6,4,CR-2000,,0,40.96371944,-87.751116670,0,15,0,0,1,1,1,0,2,1,0,1,0,0000000,19,43,99,99,88,88,0,0,0,1,1
17,170581,1,1,0,0,0,1,1,83,6635,21,9,2011,4,5,0,0,4,4,CR-9,,0,39.05667222,-90.398522220,0,34,0,0,1,1,4,0,4,1,0,1,0,0000000,6,11,99,99,88,88,0,0,0,1,0
17,170582,1,1,0,0,0,1,1,25,0,24,9,2011,7,12,40,1,2,2,US-50,,1039,38.67397778,-88.551294440,0,42,0,0,1,1,4,0,1,1,0,1,0,0000000,12,40,99,99,99,99,0,0,0,1,0
17,170583,1,1,0,1,1,7,7,43,4867,3,7,2011,1,22,10,0,15,4,CR-40,,0,41.79042222,-88.090658330,0,8,0,0,1,1,1,0,2,1,0,1,0,0000000,22,13,99,99,99,99,0,0,0,1,1
17,170584,5,5,0,0,0,6,6,31,1670,14,7,2011,5,16,15,0,14,6,NAGLE,FOSTER,0,41.97566111,-87.787927780,0,12,6,0,2,2,1,0,1,1,0,1,0,0000000,16,18,99,99,99,99,0,0,0,1,0
17,170585,2,2,0,0,0,6,6,31,1670,9,8,2011,3,8,7,0,15,6,AUSTIN,SUNNYSIDE,0,41.96214444,-87.777072220,0,12,6,0,2,2,1,0,1,1,0,1,0,0000000,8,10,99,99,99,99,0,0,0,2,1
17,170586,2,2,0,0,0,2,2,89,2690,17,8,2011,4,19,1,0,14,6,WALNUT,MOSELEY,0,42.02884444,-88.290088890,0,12,6,0,2,2,1,0,1,1,0,1,0,0000000,19,1,99,99,99,99,0,0,0,1,1
17,170587,1,1,0,0,0,1,1,115,2250,9,8,2011,3,22,49,0,15,6,DIVISION,,0,39.85812500,-88.981436110,0,42,0,0,1,1,4,0,3,1,0,1,0,0000000,22,49,99,99,99,99,0,0,0,1,0
17,170588,2,1,1,1,1,1,1,201,5000,2,9,2011,6,20,10,0,16,6,ROCK CUT ST PK RD,,0,42.34770000,-88.964263890,0,14,0,0,1,1,5,0,2,1,0,1,0,0000000,20,13,99,99,99,99,0,0,0,1,0
17,170589,2,2,0,0,0,2,2,55,9190,20,9,2011,3,16,0,0,15,6,WEBSTER,,0,37.99409167,-88.930491670,0,1,0,0,1,1,1,0,1,1,0,1,0,0000000,16,3,99,99,99,99,0,0,0,1,0
17,170590,1,1,0,0,0,1,1,187,0,30,9,2011,6,1,30,0,6,5,50TH ST,,0,40.79660556,-90.692008330,0,34,0,0,1,1,4,0,2,1,0,1,0,0000000,1,31,99,99,88,88,0,0,0,1,1
17,170591,3,3,0,0,0,5,5,203,0,30,9,2011,6,21,56,0,3,3,SR-116,,883,40.76083056,-89.483525000,0,12,1,0,1,1,1,0,2,1,0,1,0,0000000,21,56,99,99,99,99,0,0,0,1,1
17,170592,1,1,0,0,0,1,1,115,0,16,8,2011,3,17,41,0,4,4,CR-28,,0,39.78776667,-89.081250000,0,34,0,0,1,1,4,0,1,1,0,1,0,0000000,17,43,99,99,88,88,0,0,0,1,0
17,170593,2,2,0,0,0,4,4,31,1730,18,8,2011,5,22,19,0,15,6,CENTRAL,24TH,0,41.84645000,-87.763786110,0,12,6,0,2,3,1,0,3,1,0,1,0,0000000,22,19,99,99,99,99,0,0,0,1,1
17,170594,2,2,0,0,0,2,2,199,0,12,9,2011,2,16,23,0,4,4,CR-2,,0,37.81735556,-88.981319440,0,12,2,0,1,1,1,0,1,1,0,1,0,0000000,16,23,99,99,99,99,0,0,0,1,0
17,170595,1,1,0,1,1,1,1,197,4300,2,10,2011,1,0,32,0,16,6,BLUFF,,0,41.53581389,-88.084488890,0,8,0,0,1,1,1,0,3,1,0,1,0,0000000,0,32,99,99,99,99,0,0,0,1,0
17,170596,3,3,0,0,0,5,5,99,0,23,9,2011,6,8,16,0,3,3,SR-23,35TH RD,483,41.44102778,-88.835772220,0,12,6,0,2,2,1,0,1,1,0,1,0,0000000,8,16,99,99,99,99,0,0,0,2,0
17,170597,1,1,0,0,0,3,3,53,0,15,8,2011,2,18,41,0,6,5,2500 N,,0,40.76246111,-88.203672220,0,32,0,0,1,1,4,0,1,1,0,1,0,0000000,18,48,99,99,99,99,0,0,0,1,0
17,170598,1,1,0,0,0,1,1,49,0,22,8,2011,2,17,45,0,4,2,US-40,,964,39.09966667,-88.603925000,0,34,0,0,1,1,4,0,1,1,0,1,0,0000000,17,51,99,99,99,99,0,0,0,1,0
17,170599,2,1,1,1,1,1,1,31,1670,23,8,2011,3,0,52,0,15,6,18TH,,0,41.85797778,-87.654263890,0,9,0,0,1,1,1,0,3,1,0,1,0,0000000,0,52,99,99,99,99,0,0,0,1,1
17,170600,1,1,0,0,0,1,1,109,0,12,8,2011,6,6,40,0,4,4,CR-8,,0,40.35798056,-90.757708330,0,11,0,0,1,1,1,0,1,1,0,1,0,0000000,6,40,99,99,88,88,0,0,0,1,0
17,170601,1,1,0,1,1,1,1,31,1670,31,8,2011,4,17,6,0,15,6,COLUMBUS AVE,,0,41.75233056,-87.698297220,0,8,0,0,1,1,1,0,1,1,0,1,0,0000000,17,7,99,99,99,99,0,0,0,1,0
17,170602,2,2,0,0,0,4,4,31,6280,25,8,2011,5,1,34,0,14,6,SANDERS RD,COMMERCIAL AVE,0,42.14456111,-87.882200000,0,12,6,0,2,3,1,0,3,1,0,1,0,0000000,1,35,99,99,99,99,0,0,0,1,1
17,170603,2,2,0,0,0,2,2,103,2380,10,9,2011,7,14,37,0,13,3,SR-38,WARP RD,9,41.83780833,-89.456111110,0,12,6,0,2,3,1,0,1,1,0,1,0,0000000,14,37,99,99,99,99,0,0,0,1,0
17,170604,1,1,0,0,0,1,1,31,7820,16,9,2011,6,23,24,0,14,6,RIVER RD,,0,41.95425278,-87.857125000,0,33,0,0,1,1,4,0,2,1,0,1,0,0000000,23,24,99,99,99,99,0,0,0,1,1
17,170605,1,1,0,2,2,2,2,31,5410,27,9,2011,3,0,4,0,14,6,19TH,MADISON,0,41.87858611,-87.856211110,0,19,0,0,2,2,5,0,3,2,0,2,0,0000000,0,4,99,99,99,99,0,0,0,1,0
17,170606,1,1,0,0,0,1,1,37,0,11,9,2011,1,1,30,0,16,5,AIRPORT,,0,41.97231667,-88.658533330,0,34,0,0,1,1,4,0,2,5,0,5,0,0000000,4,14,99,99,88,88,0,0,0,1,1
17,170607,1,1,0,0,0,2,2,115,2250,2,10,2011,1,5,57,1,13,2,US-36,,1371,39.84689444,-88.992677780,0,42,0,0,1,1,4,0,2,1,0,1,0,0000000,5,57,99,99,99,99,0,0,0,1,0
17,170608,1,1,0,1,1,3,3,55,0,4,10,2011,3,21,54,0,6,5,ROAD NUMBER 10,,0,37.95799722,-88.854405560,0,18,0,0,1,1,1,0,2,1,0,1,0,0000000,21,54,99,99,88,88,0,0,0,1,1
17,170610,2,2,0,0,0,3,3,77,0,23,9,2011,6,12,24,0,4,3,SR-127,SALT PETRE CAVE,397,37.65146111,-89.318769440,0,12,6,0,2,3,1,0,1,1,0,1,0,0000000,12,24,99,99,99,99,0,0,0,1,0
17,170611,1,1,0,2,2,1,1,31,1670,17,9,2011,7,11,48,0,14,6,LAWRENCE,,0,41.96773889,-87.770236110,0,8,0,0,1,1,1,0,1,1,0,1,0,0000000,11,51,99,99,99,99,0,0,0,1,0
17,170612,2,2,0,0,0,2,2,179,0,8,8,2011,2,11,35,0,15,5,SHERIDAN RD,COUNTRY CLUB DR,0,40.58038056,-89.594158330,0,12,6,0,2,2,1,0,1,1,0,1,0,0000000,11,36,99,99,99,99,0,0,0,1,0
17,170613,1,1,0,0,0,4,4,105,7070,25,7,2011,2,13,16,0,14,6,ELM,,0,40.88551111,-88.618908330,0,7,0,0,1,1,1,0,1,1,0,1,0,0000000,13,16,99,99,99,99,0,0,0,1,0
17,170614,2,2,0,0,0,3,3,197,4001,27,8,2011,7,7,26,0,15,6,HADLEY RD,,0,41.58570556,-87.914802780,0,12,2,0,1,1,1,0,1,1,0,1,0,0000000,7,26,99,99,99,99,0,0,0,1,1
17,170615,3,3,0,0,0,5,5,31,1670,2,10,2011,1,9,16,1,11,1,I-94,,621,41.73271944,-87.624886110,0,12,7,0,1,1,1,0,1,1,0,1,0,0000000,9,21,99,99,99,99,0,0,0,1,1
17,170616,2,2,0,0,0,2,2,1,0,29,8,2011,2,15,57,0,3,2,US-24,SR-96,60,40.00213056,-91.376938890,0,12,6,0,2,2,1,0,1,1,0,1,0,0000000,15,57,99,99,99,99,0,0,0,1,0
17,170617,2,2,0,0,0,2,2,157,0,21,10,2011,6,23,6,0,3,3,SR-150,,53,37.93818611,-89.771033330,0,12,2,0,1,1,1,0,2,1,0,1,0,0000000,23,14,99,99,88,88,0,0,0,1,1
17,170618,2,2,0,0,0,2,2,97,0,30,9,2011,6,5,45,1,2,2,US-12,MOLIDOR RD,153,42.34388889,-88.169230560,0,12,6,0,2,2,1,0,2,1,0,1,0,0000000,5,45,99,99,99,99,0,0,0,1,1
17,170619,1,1,0,0,0,2,2,41,0,26,10,2011,4,0,15,0,3,2,US-45,,2142,39.66550833,-88.311950000,0,34,0,0,1,1,4,0,2,1,0,1,0,0000000,0,17,99,99,88,88,0,0,0,2,1
17,170620,2,2,0,0,0,5,5,201,0,2,10,2011,1,17,20,0,2,3,SR-02,,479,42.19027222,-89.136391670,0,12,2,0,1,1,1,0,1,1,0,1,0,0000000,17,22,99,99,99,99,0,0,0,2,0
17,170621,1,1,0,0,0,2,2,103,0,9,10,2011,1,18,30,0,5,4,CR-35,,0,41.78162778,-89.601802780,0,34,0,0,1,1,4,0,5,1,0,1,0,0000000,18,30,99,99,99,99,0,0,0,1,1
17,170622,1,1,0,0,0,4,4,147,0,2,10,2011,1,17,10,0,3,3,SR-10,,743,40.11470000,-88.574222220,0,34,0,0,1,1,5,0,1,1,0,1,0,0000000,17,13,99,99,99,99,0,0,0,2,0