STATE,ST_CASE,VE_TOTAL,VE_FORMS,PVH_INVL,PEDS,PERNOTMVIT,PERMVIT,PERSONS,COUNTY,CITY,DAY,MONTH,YEAR,DAY_WEEK,HOUR,MINUTE,NHS,ROAD_FNC,ROUTE,TWAY_ID,TWAY_ID2,MILEPT,LATITUDE,LONGITUD,SP_JUR,HARM_EV,MAN_COLL,RELJCT1,RELJCT2,TYP_INT,REL_ROAD,WRK_ZONE,LGT_COND,WEATHER1,WEATHER2,WEATHER,SCH_BUS,RAIL,NOT_HOUR,NOT_MIN,ARR_HOUR,ARR_MIN,HOSP_HR,HOSP_MN,CF1,CF2,CF3,FATALS,DRUNK_DR
17,170623,1,1,0,0,0,9,9,49,0,10,10,2011,2,7,32,1,1,1,I-57,,1680,39.21217222,-88.488972220,0,1,0,0,1,1,1,0,1,1,0,1,0,0000000,7,32,99,99,99,99,0,0,0,1,0
17,170624,1,1,0,0,0,1,1,69,0,9,10,2011,1,5,0,0,6,5,BATTERY ROCK RD,,0,37.52720556,-88.102252780,0,34,0,0,1,1,5,0,2,1,0,1,0,0000000,5,32,99,99,99,99,0,0,0,1,1
17,170625,1,1,0,1,1,1,1,163,7763,17,9,2011,7,5,39,1,13,3,SR-03,,1434,38.60112222,-90.172705560,0,8,0,0,1,1,1,0,3,1,0,1,0,0000000,5,39,99,99,99,99,0,0,0,1,1
17,170626,1,1,0,0,0,1,1,177,0,18,9,2011,1,13,47,0,2,3,SR-26,US-20,1258,42.32278611,-89.632630560,0,1,0,0,2,2,1,0,1,2,0,2,0,0000000,13,49,99,99,99,99,0,0,0,1,0
17,170627,2,2,0,0,0,3,3,119,3550,20,9,2011,3,21,12,1,13,3,SR-03,ST. THOMAS RD,1569,38.75236111,-90.124850000,0,12,6,0,2,2,1,0,2,1,0,1,0,0000000,21,12,99,99,99,99,0,0,0,1,0
17,170628,2,2,0,0,0,2,2,111,0,30,9,2011,6,11,8,1,2,2,US-20,HARMONY,1269,42.16088056,-88.526750000,0,12,6,0,2,2,1,0,1,1,0,1,0,0000000,11,8,11,27,99,99,0,0,0,1,0
17,170629,1,1,0,0,0,1,1,61,0,11,10,2011,3,18,25,1,2,2,US-67,,369,39.34265278,-90.412291670,0,31,0,0,1,1,5,0,1,1,0,1,0,0000000,18,25,99,99,88,88,0,0,0,1,1
17,170630,1,1,0,0,0,1,1,27,0,4,10,2011,3,20,43,0,5,4,OLD STATE ROAD,,0,38.64496667,-89.517147220,0,34,0,0,1,1,5,0,2,1,0,1,0,0000000,20,43,99,99,99,99,0,0,0,1,1
17,170631,1,1,0,0,0,1,1,31,1670,25,9,2011,1,4,58,0,16,6,ASHLAND AVE,,0,41.82191389,-87.665208330,0,1,0,0,1,1,1,0,3,1,0,1,0,0000000,4,59,99,99,99,99,0,0,0,1,1
17,170632,2,2,0,0,0,2,2,119,3760,11,10,2011,3,6,36,0,14,6,HAWTHORNE ST,,0,38.83342778,-90.082925000,0,12,1,0,4,1,1,0,2,1,0,1,0,0000000,6,36,99,99,99,99,0,0,0,1,0
17,170633,2,2,0,0,0,2,2,143,0,23,9,2011,6,7,40,1,13,3,SR-29,,1256,40.81140000,-89.569377780,0,34,0,0,1,1,4,0,1,1,0,1,0,0000000,7,43,99,99,99,99,0,0,0,1,0
17,170635,1,1,0,1,1,1,1,19,7220,13,10,2011,5,6,22,0,13,2,US-136,CENTURY BLVD,2619,40.30819167,-88.155800000,0,8,0,0,2,2,1,0,3,2,0,2,0,0000000,6,22,99,99,99,99,0,0,0,1,0
17,170636,1,1,0,0,0,3,3,163,670,15,10,2011,7,12,9,0,14,6,NORTH BELT WEST,,0,38.54194167,-90.046413890,0,31,0,0,1,1,5,0,1,1,0,1,0,0000000,12,9,99,99,99,99,0,0,0,1,0
17,170637,1,1,0,0,0,2,2,187,0,9,10,2011,1,5,0,1,2,2,US-67,,1542,40.75905000,-90.663302780,0,1,0,0,1,1,5,0,2,1,0,1,0,0000000,7,18,99,99,99,99,0,0,0,1,1
17,170638,2,2,0,0,0,2,2,119,0,21,9,2011,4,14,0,1,1,1,I-55,,113,38.68520833,-90.006708330,0,12,1,0,1,1,1,1,1,1,0,1,0,0000000,14,5,99,99,99,99,0,0,0,1,0
17,170639,1,1,0,0,0,1,1,5,0,30,9,2011,6,3,31,0,6,5,HOOKDALE AVE,,0,38.82646944,-89.313016670,0,35,0,0,1,1,5,0,2,1,0,1,0,0000000,3,31,99,99,99,99,0,0,0,1,0
17,170640,1,1,0,0,0,1,1,31,1670,30,9,2011,6,2,0,0,15,6,LARAMIE,,0,41.88090278,-87.755080560,0,19,0,0,1,1,5,0,3,2,0,2,0,0000000,2,0,99,99,99,99,0,0,0,1,1
17,170641,2,2,0,0,0,5,5,31,1670,12,9,2011,2,10,27,0,14,6,WESTERN AVE,PRATT BLVD,0,42.00501111,-87.690080560,0,12,6,0,2,2,1,0,1,1,0,1,0,0000000,10,27,99,99,99,99,0,0,0,1,0
17,170642,2,2,0,0,0,2,2,17,0,28,9,2011,4,16,30,0,3,3,SR-125,BURLINGGAME,158,39.93309167,-90.163861110,0,12,6,0,2,2,1,0,1,1,0,1,0,0000000,16,30,99,99,99,99,0,0,0,1,1
17,170643,1,1,0,1,1,2,2,31,1670,24,9,2011,7,1,32,0,15,6,SHERIDAN RD,,0,41.96884722,-87.654805560,0,8,0,0,1,1,1,0,3,1,0,1,0,0000000,1,32,99,99,99,99,0,0,0,1,0
17,170644,1,1,0,1,1,3,3,31,8090,24,9,2011,7,2,43,0,14,6,SAUK TRAIL,,0,41.48220000,-87.622411110,0,8,0,0,1,1,1,0,2,1,0,1,0,0000000,2,43,99,99,99,99,0,0,0,1,0
17,170645,1,1,0,1,1,1,1,31,0,15,9,2011,5,17,21,0,14,5,104TH,,0,41.68382500,-87.874725000,0,8,0,0,1,1,1,0,1,1,0,1,0,0000000,17,22,99,99,99,99,0,0,0,1,0
17,170646,1,1,0,1,1,1,1,121,0,3,10,2011,2,21,30,0,4,4,KINOKA RD,,0,38.75882222,-88.887358330,0,8,0,0,1,1,1,0,2,1,0,1,0,0000000,21,50,99,99,99,99,0,0,0,1,0
17,170647,1,1,0,0,0,1,1,29,0,1,10,2011,7,4,22,0,4,4,LINCOLN HWY,,0,39.44288333,-88.206280560,0,42,0,0,1,1,5,0,2,1,0,1,0,0000000,4,22,99,99,99,99,0,0,0,1,1
17,170648,4,4,0,0,0,6,6,89,560,1,10,2011,7,15,6,0,2,4,KIRK RD,,0,41.82623056,-88.279694440,0,12,2,0,1,1,1,0,1,1,0,1,0,0000000,15,6,99,99,99,99,0,0,0,1,0
17,170649,1,1,0,0,0,1,1,31,1670,4,10,2011,3,20,1,1,13,2,US-41,,168,41.91329167,-87.626413890,0,44,0,0,1,1,1,0,3,1,0,1,0,0000000,20,3,99,99,99,99,0,0,0,1,0
17,170650,1,1,0,1,1,1,1,31,1670,11,10,2011,3,15,30,1,13,6,PERSHING,WELLS,0,41.82362778,-87.632538890,0,15,0,0,2,3,1,0,1,1,0,1,0,0000000,16,6,99,99,99,99,0,0,0,1,0
17,170651,1,1,0,0,0,1,1,167,0,15,10,2011,7,16,34,0,14,3,SR-54,,0,39.74446944,-89.761058330,0,23,0,0,1,1,5,0,1,1,0,1,0,0000000,16,34,99,99,99,99,0,0,0,1,1
17,170652,1,1,0,0,0,2,2,73,0,9,10,2011,1,6,25,1,1,1,I-80,,267,41.41026389,-90.022652780,0,1,0,0,1,1,3,0,2,1,0,1,0,0000000,6,26,99,99,99,99,0,0,0,1,0
17,170653,1,1,0,3,3,1,1,183,0,9,10,2011,1,18,34,1,13,2,US-150,HEGELER,2227,40.07568889,-87.634930560,0,8,0,0,2,2,1,0,5,1,0,1,0,0000000,18,34,99,99,99,99,0,0,0,1,0
17,170654,2,2,0,0,0,2,2,75,0,17,10,2011,2,11,10,0,4,2,US-52,,2081,40.84562500,-87.597875000,0,12,1,0,1,1,1,0,1,1,0,1,0,0000000,11,10,99,99,99,99,0,0,0,1,0
17,170655,2,2,0,0,0,2,2,179,0,20,10,2011,5,16,13,1,2,2,US-24,MAIN,1405,40.72750000,-89.407522220,0,12,6,0,2,2,1,0,1,1,0,1,0,0000000,16,13,99,99,99,99,0,0,0,1,0
17,170656,2,2,0,0,0,2,2,143,0,14,10,2011,6,6,48,1,2,2,US-24,MCCLURE AVE,1252,40.64951389,-89.649630560,0,12,6,0,2,2,1,0,4,1,0,1,0,0000000,6,49,99,99,99,99,0,0,0,1,0
17,170657,1,1,0,0,0,2,2,167,0,10,10,2011,2,15,15,0,6,5,SMITH,,0,39.85404722,-89.801533330,0,35,0,0,1,1,4,0,1,1,0,1,0,0000000,15,46,99,99,99,99,0,0,0,1,1
17,170658,1,1,0,0,0,1,1,63,0,24,10,2011,2,7,8,0,6,5,DWIGHT RD,,0,41.23621944,-88.438083330,0,34,0,0,1,1,5,0,1,1,0,1,0,0000000,7,8,99,99,88,88,0,0,0,1,0
17,170659,1,1,0,0,0,1,1,133,0,27,10,2011,5,2,33,1,1,1,I-255,,23,38.47433056,-90.234291670,0,31,0,0,1,1,5,0,2,1,0,1,0,0000000,2,33,99,99,88,88,0,0,0,1,1
17,170660,1,1,0,1,1,1,1,99,6630,7,10,2011,6,17,3,0,15,3,SR-71,SUPERIOR,420,41.35215833,-88.842688890,0,9,0,0,2,2,1,0,1,1,0,1,0,0000000,17,3,99,99,88,88,0,0,0,1,0
17,170661,2,2,0,0,0,14,14,57,0,11,10,2011,3,8,11,0,3,3,SR-9,,795,40.53137500,-89.945622220,0,12,2,0,1,1,1,0,1,1,0,1,0,0000000,8,11,99,99,99,99,0,0,0,3,0
17,170662,1,1,0,0,0,5,5,151,0,28,8,2011,1,14,30,0,6,5,ROSEBUD ROAD,,0,37.30945556,-88.586027780,0,5,0,0,1,1,1,0,1,1,0,1,0,0000000,14,50,99,99,99,99,0,0,0,1,0
17,170663,1,1,0,0,0,1,1,197,0,4,8,2011,5,16,52,0,16,6,STATE LINE,BURVILLE,0,41.44346944,-87.525922220,0,34,0,0,3,3,4,0,1,1,0,1,0,0000000,16,52,99,99,99,99,0,0,0,1,0
17,170664,2,2,0,0,0,3,3,91,0,23,10,2011,1,20,0,0,14,3,SR-115,HAMLYN,600,41.09086944,-87.906938890,0,12,6,0,2,2,1,0,3,1,0,1,0,0000000,20,3,99,99,99,99,0,0,0,1,0
17,170665,2,2,0,0,0,2,2,45,0,29,10,2011,7,17,11,0,3,3,SR-133,925E,464,39.62200833,-87.792322220,0,12,6,0,2,2,1,0,1,1,0,1,0,0000000,17,12,99,99,99,99,0,0,0,1,0
17,170666,1,1,0,0,0,1,1,141,0,30,10,2011,1,2,5,0,3,3,SR-72,,289,42.13078056,-89.293811110,0,43,0,0,1,1,4,0,2,1,0,1,0,0000000,7,21,99,99,99,99,0,0,0,1,1
17,170667,1,1,0,0,0,1,1,107,0,30,10,2011,1,3,4,0,2,3,SR-121,,973,40.04618056,-89.282038890,0,34,0,0,1,1,4,0,2,1,0,1,0,0000000,3,4,99,99,88,88,0,0,0,1,1
17,170668,1,1,0,0,0,4,4,201,0,30,10,2011,1,5,41,1,11,1,I-39 RAMP,,0,42.21493889,-89.011341670,0,24,0,1,5,1,4,0,3,1,0,1,0,0000000,5,41,99,99,99,99,0,0,0,1,1
17,170669,2,2,0,0,0,2,2,127,0,31,10,2011,2,11,25,0,4,4,CR-6,,0,37.12245833,-88.556202780,0,12,6,0,8,1,1,0,1,1,0,1,0,0000000,11,35,99,99,88,88,0,0,0,1,0
17,170670,2,2,0,0,0,3,3,31,8030,1,11,2011,3,14,52,1,13,6,CRAWFORD,DEMPSTER,0,42.04078056,-87.727869440,0,12,6,0,2,2,1,1,1,1,0,1,0,0000000,14,54,99,99,99,99,0,0,0,1,0
17,170671,1,1,0,1,1,1,1,111,2100,8,6,2011,4,7,35,0,15,6,NORTH,MILLARD,0,42.23352500,-88.372419440,0,9,0,0,1,1,1,0,1,1,0,1,0,0000000,7,35,99,99,99,99,0,0,0,1,0
17,170672,1,1,0,0,0,2,2,31,0,21,7,2011,5,16,1,0,15,6,CENTRAL AVE,,0,41.59022778,-87.755547220,0,10,0,0,6,1,1,0,1,1,0,1,0,608945G,16,1,99,99,99,99,0,0,0,2,1
17,170673,1,1,0,0,0,3,3,31,1670,21,7,2011,5,23,38,1,13,6,MIDWAY PLAISANCE ST,,0,41.78630556,-87.585669440,0,42,0,0,1,1,5,0,3,1,0,1,0,0000000,3,15,99,99,99,99,0,0,0,1,0
17,170674,2,2,0,0,0,2,2,89,460,15,9,2011,5,21,59,0,16,6,HIGH ST,EDISON AVE,0,41.77969444,-88.301500000,0,12,6,0,2,2,1,0,3,1,0,1,0,0000000,21,59,99,99,99,99,0,0,0,1,1
17,170675,1,1,0,1,1,1,1,73,3290,31,10,2011,2,6,33,0,13,2,US-6,CENTER STREET,227,41.44790000,-90.157569440,0,8,0,0,3,2,1,0,3,1,0,1,0,0000000,6,33,99,99,99,99,0,0,0,1,0
17,170676,1,1,0,1,1,1,1,163,1495,24,9,2011,7,21,4,0,14,6,BOND AVE,,0,38.56695000,-90.103111110,0,8,0,0,1,1,1,0,2,1,0,1,0,0000000,21,4,99,99,99,99,0,0,0,1,0
17,170677,1,1,0,0,0,1,1,91,940,7,9,2011,4,18,54,0,15,6,MICHIGAN AVE,,0,41.13612222,-87.865758330,0,42,0,0,1,1,5,0,1,1,0,1,0,0000000,18,54,99,99,99,99,0,0,0,1,0
17,170678,1,1,0,2,2,1,1,99,0,11,10,2011,3,8,40,0,4,4,CR-42,,0,41.40291111,-88.874108330,0,9,0,0,1,1,1,0,1,1,0,1,0,0000000,8,45,99,99,99,99,0,0,0,1,0
17,170679,1,1,0,1,1,1,1,31,7813,17,10,2011,2,21,0,0,13,6,ROSELLE ROAD,,0,42.01080833,-88.080036110,0,8,0,0,1,1,1,0,3,1,0,1,0,0000000,21,3,99,99,99,99,0,0,0,1,0
17,170680,1,1,0,1,1,1,1,31,1670,13,10,2011,5,20,0,0,15,6,ADDISON,,0,41.94529444,-87.805469440,0,8,0,0,1,1,1,0,5,2,0,2,0,0000000,20,3,99,99,99,99,0,0,0,1,0
17,170681,2,2,0,0,0,2,2,7,0,5,10,2011,4,8,31,0,15,6,SQUAW PRAIRIE RD,BEAVER VALLEY RD,0,42.29076111,-88.899969440,0,12,6,0,2,2,1,0,1,1,0,1,0,0000000,8,31,99,99,99,99,0,0,0,1,0
17,170682,2,1,1,1,1,2,2,31,1670,5,10,2011,4,13,9,0,16,6,44TH STREET,,0,41.81355833,-87.707938890,0,8,0,0,1,1,1,0,1,1,0,1,0,0000000,13,10,99,99,99,99,23,0,0,1,0
17,170683,1,1,0,1,1,1,1,91,0,1,11,2011,3,6,10,0,15,6,CR-3000E,,0,41.25799444,-87.819733330,0,8,0,0,1,1,1,0,2,1,0,1,0,0000000,6,10,99,99,99,99,0,0,0,1,0
17,170685,3,3,0,0,0,4,4,125,0,1,11,2011,3,14,21,0,3,3,SR-97,CR-1200,417,40.23189167,-90.008777780,0,12,2,0,2,3,1,0,1,1,0,1,0,0000000,14,37,99,99,99,99,0,0,0,1,1
17,170686,1,1,0,1,1,1,1,31,1670,5,8,2011,6,22,46,0,15,6,WABASH STREET,WACKER STREET,0,41.88711111,-87.626330560,0,9,0,0,2,2,1,0,3,1,0,1,0,0000000,23,0,99,99,99,99,0,0,0,1,0
17,170687,1,1,0,0,0,1,1,91,0,4,11,2011,6,5,30,0,4,4,CR-7,,0,41.21315556,-87.973361110,0,42,0,0,1,1,4,0,2,8,0,8,0,0000000,5,53,99,99,88,88,0,0,0,1,0
17,170688,2,2,0,0,0,3,3,59,0,5,11,2011,7,12,30,0,2,3,SR-13,,1461,37.71407222,-88.190952780,0,12,2,0,1,1,1,0,1,1,0,1,0,0000000,12,40,99,99,99,99,0,0,0,1,0
17,170689,3,3,0,0,0,5,5,157,0,7,11,2011,2,12,16,1,2,3,SR-3,,882,37.95466389,-89.878366670,0,12,2,0,1,1,1,0,1,1,0,1,0,0000000,12,17,99,99,99,99,0,0,0,1,0
17,170690,2,2,0,0,0,2,2,31,1670,2,9,2011,6,7,55,0,15,6,MONTROSE,KOSTER,0,41.96085000,-87.738400000,0,12,6,0,2,2,1,0,1,1,0,1,0,0000000,7,59,99,99,99,99,0,0,0,1,1
17,170691,1,1,0,1,1,2,2,31,1670,24,9,2011,7,1,17,1,13,2,US-41,MONROE,143,41.88091111,-87.617202780,0,8,0,0,2,3,1,0,3,2,0,2,0,0000000,1,17,99,99,99,99,0,0,0,1,1
17,170692,1,1,0,1,1,1,1,31,1670,17,9,2011,7,19,11,0,16,6,55TH STREET,,0,41.79444722,-87.618772220,0,8,0,0,1,1,1,0,5,1,0,1,0,0000000,19,11,99,99,99,99,0,0,0,1,0
17,170693,1,1,0,0,0,1,1,31,1670,29,9,2011,5,2,50,0,15,6,ELSTON,,0,41.90328056,-87.658213890,0,24,0,0,1,1,5,0,3,1,0,1,0,0000000,2,52,99,99,99,99,0,0,0,1,0
17,170694,1,1,0,0,0,1,1,163,0,15,9,2011,5,2,35,0,3,3,SR-13,,21,38.54854167,-90.072313890,0,19,0,0,1,1,5,0,2,1,0,1,0,0000000,2,36,99,99,99,99,0,0,0,1,1
17,170695,1,1,0,0,0,2,2,133,0,12,11,2011,7,21,55,0,3,3,SR-159,,17,38.23649167,-89.998255560,0,35,0,0,1,1,5,0,3,1,0,1,0,0000000,21,55,99,99,99,99,0,0,0,2,0
17,170696,2,2,0,0,0,5,5,31,1670,15,9,2011,5,14,53,0,15,6,OGDEN,KEDZIE,0,41.85788056,-87.705422220,0,12,2,0,2,2,1,0,1,1,0,1,0,0000000,15,0,99,99,99,99,0,0,0,1,0
17,170697,2,2,0,0,0,4,4,95,3260,8,10,2011,7,12,2,0,14,6,BERRIEN,CHAMBERS,0,40.94253056,-90.362463890,0,12,6,0,2,2,1,0,1,1,0,1,0,0000000,12,2,99,99,99,99,0,0,0,1,0
17,170698,2,2,0,0,0,2,2,1,0,18,10,2011,3,12,47,0,3,3,SR-104,2775TH,276,39.81979167,-90.978150000,0,12,6,0,2,2,1,0,1,1,0,1,0,0000000,12,47,99,99,99,99,0,0,0,1,0
17,170699,1,1,0,0,0,1,1,31,1670,8,10,2011,7,2,17,0,15,6,RACINE STREET,,0,41.75521944,-87.653861110,0,31,0,0,1,1,5,0,3,1,0,1,0,0000000,2,18,99,99,99,99,20,0,0,1,1
17,170700,1,1,0,0,0,4,4,89,0,27,10,2011,5,19,14,1,11,1,I-90,,505,42.09298056,-88.363677780,0,34,0,0,1,1,4,0,2,1,0,1,0,0000000,19,14,99,99,99,99,0,0,0,1,1
17,170701,1,1,0,0,0,3,3,29,0,29,10,2011,7,3,36,0,3,3,SR-16,,1514,39.51410556,-88.103305560,0,34,0,0,1,1,4,0,2,1,0,1,0,0000000,3,36,99,99,99,99,0,0,0,1,1
17,170702,2,2,0,0,0,2,2,99,6480,7,11,2011,2,16,23,1,11,1,I-39,,547,41.30066111,-89.082880560,0,34,0,0,1,1,3,0,1,1,0,1,0,0000000,16,23,99,99,88,88,0,0,0,1,0
17,170703,1,1,0,0,0,4,4,31,1670,13,11,2011,1,4,3,1,12,1,I-290,,266,41.87419167,-87.706386110,0,39,0,0,1,1,3,0,3,1,0,1,0,0000000,4,3,99,99,99,99,0,0,0,1,1
17,170704,3,3,0,0,0,9,9,131,0,15,8,2011,2,16,30,1,2,2,US-67,75TH,1855,41.17490833,-90.587458330,1,12,6,0,2,2,1,0,1,1,0,1,0,0000000,16,30,99,99,88,88,0,0,0,1,0
17,170705,1,1,0,0,0,1,1,89,0,15,11,2011,3,6,47,1,11,1,I-90,,1148,41.79500278,-88.364197220,0,34,0,0,1,1,4,0,1,1,0,1,0,0000000,6,47,99,99,99,99,0,0,0,1,1
17,170706,2,2,0,0,0,2,2,89,3700,5,10,2011,4,16,39,0,13,2,US-20,BIG TIMBER,1304,42.12257222,-88.481708330,0,12,6,0,2,2,1,0,1,1,0,1,0,0000000,16,40,99,99,88,88,0,0,0,1,0
17,170707,1,1,0,0,0,1,1,31,1670,11,10,2011,3,5,27,0,14,6,CHICAGO,LOCKWOOD,0,41.89491944,-87.758030560,0,30,0,0,2,2,4,0,3,1,0,1,0,0000000,5,55,99,99,99,99,0,0,0,1,0
17,170708,2,1,1,0,0,1,1,31,1670,14,10,2011,6,19,0,0,14,6,PULASKI,,0,41.84717778,-87.724644440,0,14,0,0,1,1,7,0,3,1,0,1,0,0000000,19,6,99,99,99,99,0,0,0,1,0
17,170709,2,2,0,0,0,2,2,99,0,22,10,2011,7,4,33,0,4,4,CR-21,18TH,0,41.44172778,-88.816050000,0,12,6,0,2,2,1,0,2,1,0,1,0,0000000,4,33,99,99,99,99,0,0,0,1,0
17,170711,1,1,0,0,0,1,1,123,0,11,10,2011,3,22,48,0,6,4,CR-800,,0,41.04250556,-89.250302780,0,34,0,0,1,1,4,0,2,1,0,1,0,0000000,22,48,99,99,88,88,0,0,0,1,1
17,170712,1,1,0,1,1,1,1,43,4867,22,10,2011,7,21,28,0,13,2,US-34,,1972,41.80188333,-88.068552780,0,8,0,0,1,1,1,0,2,1,0,1,0,0000000,21,28,99,99,99,99,0,0,0,1,0
17,170713,1,1,0,0,0,1,1,89,0,23,10,2011,1,0,54,0,15,5,PLAIN,CRANE,0,41.76820000,-88.271941670,0,42,0,0,2,3,4,0,2,1,0,1,0,0000000,0,54,99,99,99,99,0,0,0,1,1
17,170714,2,2,0,0,0,2,2,197,7000,8,10,2011,7,16,28,1,13,3,SR-59,,84,41.63024444,-88.202880560,0,33,0,0,1,1,3,0,1,1,0,1,0,0000000,16,28,99,99,99,99,0,0,0,1,1
17,170715,2,2,0,0,0,2,2,199,0,29,10,2011,7,11,55,0,4,4,CR-26,,0,37.71287222,-89.149769440,0,12,2,0,1,1,1,0,1,1,0,1,0,0000000,11,55,99,99,88,88,0,0,0,1,0
17,170716,1,1,0,0,0,1,1,171,0,11,11,2011,6,23,54,0,6,5,ELLERMAN ROAD,,0,39.73148333,-90.488858330,0,1,0,0,1,1,5,0,2,1,0,1,0,0000000,23,54,99,99,99,99,0,0,0,1,0
17,170717,2,2,0,0,0,3,3,17,0,15,11,2011,3,10,4,0,3,3,SR-125,,65,39.98527222,-90.319408330,0,12,2,0,1,1,1,0,1,1,0,1,0,0000000,10,4,99,99,99,99,0,0,0,1,0
17,170718,6,6,0,0,0,6,6,31,8030,18,11,2011,6,16,20,1,11,1,I-94,,398,42.01202222,-87.750994440,0,12,1,0,1,1,1,0,1,1,0,1,0,0000000,16,20,99,99,99,99,0,0,0,1,0
17,170719,1,1,0,0,0,3,3,61,0,23,11,2011,4,23,0,0,6,5,BELLTOWN ROAD,,0,39.38625278,-90.459919440,0,34,0,0,1,1,4,0,2,1,0,1,0,0000000,23,21,99,99,99,99,0,0,0,1,1
17,170720,1,1,0,0,0,1,1,83,0,25,11,2011,6,16,49,0,2,3,SR-100,,280,39.06764167,-90.558180560,0,35,0,0,1,1,5,0,2,1,0,1,0,0000000,16,49,99,99,99,99,0,0,0,1,1
17,170721,2,2,0,0,0,5,5,45,0,13,11,2011,1,18,26,0,4,4,LOWER TERRE HAUTE,800N,0,39.58929722,-87.671519440,0,12,8,0,1,1,1,0,2,1,0,1,0,0000000,18,48,99,99,99,99,0,0,0,2,1
17,170722,1,1,0,0,0,2,2,97,9100,31,8,2011,4,2,41,0,16,6,FULTON,,0,42.34533889,-87.852783330,0,33,0,0,1,1,5,0,3,2,0,2,0,0000000,2,41,99,99,99,99,0,0,0,1,1
17,170723,2,2,0,0,0,4,4,37,0,30,9,2011,6,20,2,0,3,2,US-30,,687,41.76102222,-88.900566670,0,12,2,0,1,1,1,0,2,1,0,1,0,0000000,20,2,99,99,99,99,0,0,0,1,1
17,170724,1,1,0,1,1,1,1,43,9510,14,9,2011,4,23,31,1,13,3,SR-83,SHERWOOD,499,41.95516111,-87.959480560,0,9,0,0,2,2,1,0,3,1,0,1,0,0000000,23,31,99,99,99,99,0,0,0,1,0
17,170725,3,2,1,1,1,3,3,31,6410,14,8,2011,1,3,35,1,11,1,I-290,,227,41.87168889,-87.781127780,0,8,0,0,1,1,4,0,2,1,0,1,0,0000000,3,37,99,99,99,99,19,0,0,1,1
17,170726,1,1,0,1,1,1,1,195,0,23,11,2011,4,18,20,0,15,5,MCNEIL RD,,0,41.77271111,-89.665283330,0,8,0,0,1,1,1,0,2,1,0,1,0,0000000,18,21,99,99,99,99,0,0,0,1,0
17,170727,2,2,0,0,0,2,2,111,2100,9,10,2011,1,19,19,1,13,2,US-14,SR-31,293,42.22555000,-88.286838890,0,33,0,1,5,1,3,0,3,1,0,1,0,0000000,19,19,99,99,99,99,0,0,0,1,0
17,170728,1,1,0,0,0,1,1,133,0,22,10,2011,7,17,55,0,4,4,BLUFF RD,,0,38.13451944,-90.150558330,0,30,0,0,1,1,5,0,5,1,0,1,0,0000000,17,58,99,99,99,99,0,0,0,1,1
17,170729,1,1,0,2,2,1,1,31,1670,29,10,2011,7,20,23,0,15,6,LOOMIS,70TH,0,41.76678889,-87.659000000,0,8,0,0,2,2,1,0,3,1,0,1,0,0000000,20,30,99,99,99,99,0,0,0,1,0
17,170730,1,1,0,0,0,1,1,155,0,31,10,2011,2,5,0,0,4,4,BRADFORD BLACKTOP,,0,41.17770000,-89.446122220,0,34,0,0,1,1,5,0,2,1,0,1,0,0000000,5,19,99,99,99,99,0,0,0,1,0
17,170731,3,3,0,0,0,6,6,81,0,31,10,2011,2,16,55,0,3,3,SR-15,,868,38.34326111,-88.760783330,0,12,1,0,1,1,1,0,1,1,0,1,0,0000000,16,55,99,99,99,99,0,0,0,1,0
17,170732,2,2,0,0,0,3,3,179,6840,17,10,2011,2,14,23,0,13,3,SR-09,HILLTOP DR,998,40.55608056,-89.611122220,0,12,6,0,2,3,1,0,1,1,0,1,0,0000000,14,23,99,99,99,99,0,0,0,1,0
17,170733,1,1,0,1,1,1,1,43,3416,31,10,2011,2,18,51,0,14,6,GLEN ELLYN RD,,0,41.91788056,-88.061719440,0,8,0,0,1,1,1,0,3,1,0,1,0,0000000,18,51,99,99,99,99,0,0,0,1,0
17,170734,2,2,0,0,0,4,4,49,0,28,11,2011,2,13,32,0,3,3,SR-33,,221,39.09184444,-88.445491670,0,12,2,0,1,1,1,0,1,2,0,2,0,0000000,13,34,99,99,99,99,0,0,0,1,0
17,170735,1,1,0,0,0,1,1,19,0,1,12,2011,5,10,11,0,4,4,OLD CHURCH RD,1500E,0,40.05469722,-88.180830560,0,30,0,0,2,3,5,0,1,1,0,1,0,0000000,10,12,99,99,99,99,0,0,0,1,0
17,170736,1,1,0,1,1,3,3,73,4450,16,9,2011,6,22,41,0,13,2,US-34,,808,41.23191111,-89.927241670,0,9,0,0,1,1,1,0,3,1,0,1,0,0000000,22,41,99,99,99,99,0,0,0,1,1
17,170737,2,2,0,0,0,2,2,31,0,3,12,2011,7,17,35,1,1,1,I-94,,280,42.14451944,-87.825108330,0,12,6,0,1,1,1,0,2,1,0,1,0,0000000,17,37,99,99,99,99,0,0,0,1,0
17,170738,1,1,0,0,0,1,1,31,1670,4,12,2011,1,19,30,1,12,1,I-94,,629,41.72141111,-87.624558330,0,1,0,0,1,1,5,0,3,1,0,1,0,0000000,19,33,99,99,99,99,0,0,0,1,1
17,170739,2,2,0,0,0,2,2,93,0,5,11,2011,7,18,16,0,14,6,GALENA RD,,0,41.71834167,-88.533025000,0,12,2,0,1,1,1,0,5,1,0,1,0,0000000,18,16,99,99,99,99,0,0,0,1,1
17,170740,1,1,0,0,0,1,1,81,0,13,11,2011,1,2,35,0,6,5,DAVIS RD,VERMONT LN,0,38.22857778,-88.948838890,0,32,0,0,2,2,4,0,2,1,0,1,0,0000000,2,38,99,99,99,99,0,0,0,1,1