STATE,ST_CASE,VE_TOTAL,VE_FORMS,PVH_INVL,PEDS,PERNOTMVIT,PERMVIT,PERSONS,COUNTY,CITY,DAY,MONTH,YEAR,DAY_WEEK,HOUR,MINUTE,NHS,ROAD_FNC,ROUTE,TWAY_ID,TWAY_ID2,MILEPT,LATITUDE,LONGITUD,SP_JUR,HARM_EV,MAN_COLL,RELJCT1,RELJCT2,TYP_INT,REL_ROAD,WRK_ZONE,LGT_COND,WEATHER1,WEATHER2,WEATHER,SCH_BUS,RAIL,NOT_HOUR,NOT_MIN,ARR_HOUR,ARR_MIN,HOSP_HR,HOSP_MN,CF1,CF2,CF3,FATALS,DRUNK_DR
17,170741,1,1,0,0,0,1,1,43,5980,9,7,2011,7,1,0,0,16,6,GOLF DR,CANYON RUN,0,41.73335000,-88.116661110,0,42,0,0,2,3,5,0,3,1,0,1,0,0000000,1,0,99,99,99,99,0,0,0,1,1
17,170742,1,1,0,0,0,1,1,97,9090,8,8,2011,2,2,45,0,15,6,BARRINGTON RD,,0,42.25793056,-88.140080560,0,30,0,0,1,1,5,0,2,1,0,1,0,0000000,2,45,99,99,99,99,0,0,0,1,0
17,170743,1,1,0,0,0,1,1,31,6180,22,9,2011,5,8,36,0,16,6,AUSTIN AVE,,0,42.00965000,-87.771558330,0,1,0,0,1,1,1,0,1,1,0,1,0,0000000,8,37,99,99,99,99,0,0,0,1,0
17,170744,1,1,0,1,1,1,1,31,1670,22,10,2011,7,11,0,0,14,6,CHICAGO AVE,LAMON AVE,0,41.89498056,-87.748219440,0,8,0,0,2,2,1,0,1,1,0,1,0,0000000,11,0,99,99,99,99,0,0,0,1,0
17,170745,2,2,0,0,0,2,2,105,7070,2,9,2011,6,6,40,0,13,3,SR-23,REDWOOD MANOR PARK,8,40.89239167,-88.642841670,0,12,6,0,2,3,1,0,1,1,0,1,0,0000000,6,40,99,99,99,99,0,0,0,1,0
17,170746,2,2,0,0,0,2,2,99,0,7,11,2011,2,20,9,0,3,3,SR-18,,259,41.12053889,-88.895366670,0,12,2,0,1,1,1,0,2,2,0,2,0,0000000,20,9,99,99,99,99,0,0,0,1,1
17,170747,2,2,0,0,0,2,2,43,4867,31,10,2011,2,21,15,0,15,6,COLLEGE,,0,41.77891389,-88.093572220,0,12,6,0,8,1,1,0,2,1,0,1,0,0000000,21,18,99,99,99,99,0,0,0,1,1
17,170748,3,3,0,0,0,3,3,31,1992,26,10,2011,4,22,42,0,13,3,SR-50,183RD,334,41.55710833,-87.733113890,0,12,6,0,2,2,1,0,3,1,0,1,0,0000000,22,42,99,99,99,99,0,0,0,1,0
17,170749,1,1,0,0,0,1,1,133,0,3,11,2011,5,20,56,0,4,4,KASKASKIA RD,,0,38.28680833,-90.140205560,0,34,0,0,1,1,5,0,2,2,0,2,0,0000000,20,56,99,99,99,99,0,0,0,1,1
17,170750,2,2,0,0,0,3,3,93,0,8,10,2011,7,20,24,0,4,5,GROVE RD,WALKER RD,0,41.57730833,-88.353330560,0,12,6,0,2,2,1,0,2,1,0,1,0,0000000,20,26,99,99,99,99,0,0,0,1,1
17,170751,1,1,0,1,1,1,1,19,1550,29,11,2011,3,18,12,0,14,6,MARKET ST,ANTHONY DR,0,40.13525833,-88.238919440,0,9,0,1,2,3,1,0,2,1,0,1,0,0000000,18,13,99,99,99,99,0,0,0,1,0
17,170752,1,1,0,0,0,1,1,161,0,2,12,2011,6,0,20,1,1,1,I-88,,77,41.57815278,-90.213516670,0,32,0,0,1,1,3,0,2,2,0,2,0,0000000,0,25,99,99,99,99,0,0,0,1,1
17,170754,1,1,0,0,0,1,1,89,2690,11,10,2011,3,7,19,0,13,3,SR-20,,1372,42.06195833,-88.408877780,0,42,0,0,1,1,6,0,4,1,0,1,0,0000000,7,19,99,99,99,99,0,0,0,1,0
17,170756,3,3,0,0,0,5,5,31,6180,12,9,2011,2,14,35,1,13,3,SR-21,ORIOLE AVE,8,42.02847500,-87.816272220,0,12,6,0,2,3,1,0,1,1,0,1,0,0000000,14,35,99,99,99,99,0,0,0,1,0
17,170757,1,1,0,0,0,1,1,31,1670,29,10,2011,7,5,0,1,13,6,130TH ST,,0,41.65916944,-87.561202780,0,1,0,0,6,1,5,0,3,1,0,1,0,478713F,5,3,99,99,99,99,0,0,0,1,1
17,170758,1,1,0,0,0,3,3,101,0,13,11,2011,1,2,23,0,4,4,CR-1808,,0,38.71783056,-87.638836110,0,34,0,0,1,1,5,0,2,1,0,1,0,0000000,2,46,99,99,99,99,0,0,0,1,0
17,170759,2,2,0,0,0,4,4,31,1670,13,11,2011,1,3,4,1,13,2,US-12,,836,41.71015833,-87.532319440,0,12,1,0,1,1,1,0,3,1,0,1,0,0000000,3,4,99,99,99,99,0,0,0,1,1
17,170760,1,1,0,1,1,2,2,115,2250,13,11,2011,1,20,39,0,14,6,GRAND,,0,39.85471944,-88.971983330,0,8,0,0,1,1,1,0,3,1,0,1,0,0000000,20,39,99,99,99,99,0,0,0,1,0
17,170761,1,1,0,0,0,2,2,181,0,14,11,2011,2,11,3,0,2,3,SR-146,,195,37.45683611,-89.327055560,0,33,0,0,1,1,5,0,1,1,0,1,0,0000000,11,3,99,99,99,99,0,0,0,2,0
17,170762,1,1,0,0,0,3,3,85,3730,16,11,2011,4,20,33,0,14,6,BLANDING RD,FULTON RD,0,42.25328889,-90.287638890,0,53,0,0,2,2,5,0,2,1,0,1,0,0000000,20,33,99,99,99,99,0,0,0,1,1
17,170763,2,2,0,0,0,2,2,31,5380,7,11,2011,2,4,3,0,14,3,SR-50,VOLLMER RD,314,41.52798889,-87.732558330,0,12,1,0,2,2,1,0,2,1,0,1,0,0000000,4,3,99,99,99,99,0,0,0,1,1
17,170764,2,2,0,0,0,7,7,183,0,19,11,2011,7,18,6,0,4,4,MILL RD,1800E,0,39.98293889,-87.598383330,0,12,6,0,2,3,1,0,2,1,0,1,0,0000000,18,6,99,99,99,99,0,0,0,1,0
17,170765,1,1,0,0,0,1,1,75,0,20,11,2011,1,3,13,0,6,4,CR-200N,,0,40.51694444,-87.766102780,0,1,0,0,1,1,5,0,2,1,0,1,0,0000000,3,13,99,99,99,99,0,0,0,1,1
17,170766,1,1,0,1,1,1,1,55,0,5,12,2011,2,3,34,0,2,3,SR-149,,353,37.89758611,-88.949125000,0,8,0,0,1,1,1,0,2,2,0,2,0,0000000,3,34,99,99,99,99,0,0,0,1,0
17,170767,2,2,0,0,0,2,2,201,0,6,12,2011,3,11,52,0,2,3,SR-02,ROSCOE,644,42.41187778,-89.079061110,0,12,6,0,2,2,1,0,1,1,0,1,0,0000000,11,52,99,99,99,99,0,0,0,1,0
17,170768,3,3,0,0,0,3,3,1,7180,7,12,2011,4,11,23,0,14,6,36TH ST,,0,39.93610000,-91.358288890,0,12,6,0,4,1,1,0,1,1,0,1,0,0000000,11,23,99,99,99,99,0,0,0,1,0
17,170769,2,2,0,0,0,2,2,179,2600,27,9,2011,3,10,2,0,14,6,CENTENNIAL DRIVE,,0,40.70621389,-89.533747220,0,12,6,0,1,1,1,0,1,1,0,1,0,0000000,10,2,99,99,99,99,0,0,0,1,0
17,170770,2,2,0,0,0,2,2,197,5690,23,10,2011,1,16,22,1,13,6,MONEE MANHATTAN,HAMILTON,0,41.42697222,-87.755916670,0,12,1,0,3,3,1,0,1,1,0,1,0,0000000,16,22,99,99,99,99,0,0,0,1,0
17,170771,1,1,0,0,0,1,1,75,0,1,9,2011,5,5,0,0,6,4,CR-1700,,0,40.75395000,-87.923977780,0,34,0,0,1,1,4,0,2,1,0,1,0,0000000,6,19,99,99,99,99,0,0,0,1,1
17,170772,2,2,0,0,0,2,2,133,0,22,11,2011,3,6,12,0,4,4,CR-1 KASKASKIA RD,,0,38.28375278,-90.141161110,0,12,2,0,1,1,1,0,2,2,0,2,0,0000000,6,14,99,99,99,99,0,0,0,1,0
17,170773,2,2,0,0,0,2,2,73,0,25,11,2011,6,7,33,0,4,4,CR-9,400TH,0,41.21038333,-90.304861110,0,12,6,0,2,2,1,0,1,1,0,1,0,0000000,7,35,99,99,88,88,0,0,0,1,0
17,170774,1,1,0,0,0,4,4,77,0,26,11,2011,7,16,31,0,4,4,CR-30,,0,37.67308889,-89.182361110,0,35,0,0,1,1,4,0,5,2,0,2,0,0000000,16,31,99,99,99,99,0,0,0,2,0
17,170775,2,2,0,0,0,3,3,15,0,27,11,2011,1,11,22,1,2,3,SR-84,FOUR MILE RD,486,42.01736944,-90.104411110,0,12,2,0,1,1,1,0,1,1,0,1,0,0000000,11,22,99,99,99,99,0,0,0,1,1
17,170776,1,1,0,0,0,1,1,143,0,10,11,2011,5,2,0,0,4,4,CR-5,LAURA,0,40.91524167,-89.773730560,0,42,0,0,1,1,4,0,2,1,0,1,0,0000000,2,12,99,99,88,88,0,0,0,1,1
17,170777,1,1,0,1,1,1,1,31,6650,5,11,2011,7,18,46,1,13,2,US-14,BENTON ST,446,42.12051944,-88.041300000,0,8,0,0,2,2,1,0,2,1,0,1,0,0000000,18,46,99,99,99,99,0,0,0,1,0
17,170778,1,1,0,0,0,1,1,203,0,12,11,2011,7,11,10,0,5,5,HOFFMAN RD,,0,40.78383889,-89.510447220,0,42,0,0,1,1,4,0,1,1,0,1,0,0000000,11,13,99,99,99,99,0,0,0,1,0
17,170779,1,1,0,0,0,1,1,31,3430,30,11,2011,4,3,47,1,13,6,PATRIOT BLVD,WILLOW RD,0,42.10556944,-87.823461110,0,31,0,0,2,2,4,0,3,1,0,1,0,0000000,3,47,99,99,99,99,0,0,0,1,1
17,170780,3,3,0,1,1,3,3,143,680,29,11,2011,3,19,5,0,13,3,SR-116,,736,40.68874444,-89.682191670,0,8,0,0,1,1,1,0,2,1,0,1,0,0000000,19,5,99,99,88,88,0,0,0,1,1
17,170781,1,1,0,1,1,2,2,113,840,1,12,2011,5,18,14,1,13,1,I-55 BUSINESS,,269,40.46973333,-88.953133330,0,8,0,0,1,1,1,0,2,1,0,1,0,0000000,18,14,99,99,88,88,0,0,0,1,0
17,170782,1,1,0,0,0,1,1,119,1910,9,12,2011,6,21,56,1,11,1,I-255 RAMP,,0,38.67560000,-90.028822220,0,31,0,1,5,1,4,0,3,1,0,1,0,0000000,21,56,99,99,88,88,0,0,0,1,0
17,170783,1,1,0,0,0,1,1,45,6720,10,12,2011,7,1,37,0,14,6,HIGH,,0,39.61016111,-87.684422220,0,41,0,0,1,1,4,0,3,1,0,1,0,0000000,1,37,99,99,88,88,0,0,0,1,1
17,170784,1,1,0,1,1,1,1,23,5310,7,12,2011,4,21,20,1,2,3,SR-1,LOCUST,1532,39.39027222,-87.693769440,0,8,0,0,1,1,1,0,2,1,0,1,0,0000000,21,20,99,99,88,88,0,0,0,1,0
17,170785,1,1,0,0,0,1,1,75,0,9,12,2011,6,1,28,1,2,2,US-24,,2278,40.77166944,-87.770394440,0,34,0,0,1,1,4,0,2,4,0,4,0,0000000,1,28,99,99,99,99,0,0,0,1,1
17,170786,1,1,0,0,0,1,1,197,0,9,12,2011,6,1,40,1,11,1,I-80,,1253,41.48591667,-88.215327780,0,1,0,0,1,1,4,0,2,4,0,4,0,0000000,1,40,99,99,88,88,0,0,0,1,1
17,170787,2,2,0,0,0,2,2,29,5390,10,12,2011,7,21,55,0,14,6,MARSHALL,9TH ST,0,39.47732778,-88.364261110,0,12,6,0,2,2,1,0,2,1,0,1,0,0000000,21,55,99,99,99,99,0,0,0,1,1
17,170788,1,1,0,0,0,3,3,197,6140,10,12,2011,7,2,22,1,11,1,I-80,,1369,41.51409167,-88.003613890,0,18,0,0,1,1,3,1,2,1,0,1,0,0000000,2,32,99,99,88,88,0,0,0,3,1
17,170789,2,2,0,0,0,2,2,149,0,14,12,2011,4,8,15,1,2,2,US-54,,1,39.45793056,-91.045166670,0,21,0,0,1,1,4,0,1,1,0,1,0,0000000,8,15,99,99,88,88,14,0,0,1,0
17,170790,1,1,0,0,0,1,1,19,0,15,12,2011,5,5,0,0,6,4,CR-900,,0,39.98700556,-88.294077780,0,35,0,0,1,1,4,0,2,1,0,1,0,0000000,6,31,99,99,88,88,0,0,0,1,1
17,170791,1,1,0,0,0,2,2,99,0,9,12,2011,6,1,25,1,1,1,I-80,,924,41.37743056,-88.796905560,0,23,0,0,1,1,3,0,2,4,0,4,0,0000000,1,25,99,99,99,99,0,0,0,1,0
17,170792,2,2,0,0,0,4,4,75,0,10,12,2011,7,14,15,0,3,2,US-52,CR-4,3121,40.93093056,-87.866680560,0,12,6,0,2,2,1,0,1,1,0,1,0,0000000,14,15,99,99,88,88,0,0,0,1,0
17,170793,1,1,0,1,1,1,1,31,1670,9,12,2011,6,5,40,1,11,1,I-290,,244,41.87142500,-87.747263890,0,8,0,0,1,1,4,0,3,4,0,4,0,0000000,5,43,99,99,99,99,0,0,0,1,0
17,170794,2,2,0,0,0,2,2,157,0,13,12,2011,3,14,45,1,2,3,SR-3,,897,37.97708056,-89.880433330,0,12,6,0,1,1,1,0,1,2,0,2,0,0000000,14,45,99,99,99,99,0,0,0,1,0
17,170795,1,1,0,0,0,3,3,201,7460,13,12,2011,3,20,40,0,14,6,HIGHCREST RD,ALPINE RD,0,42.28549444,-89.029344440,0,42,0,0,1,1,4,0,3,1,0,1,0,0000000,20,41,99,99,99,99,0,0,0,2,1
17,170796,1,1,0,1,1,1,1,119,3550,20,12,2011,3,6,34,0,14,6,20TH STREET,,0,38.69631667,-90.142305560,0,8,0,0,1,1,1,0,4,2,0,2,0,0000000,6,34,99,99,99,99,0,0,0,1,0
17,170797,1,1,0,0,0,2,2,201,0,16,12,2011,6,1,0,0,3,3,SR-75,,251,42.41145556,-89.243616670,0,30,0,0,1,1,4,0,2,1,0,1,0,0000000,1,5,99,99,99,99,0,0,0,1,1
17,170798,1,1,0,0,0,2,2,121,0,21,12,2011,4,5,50,0,4,4,CR-11,,0,38.55322222,-89.064975000,0,32,0,0,1,1,4,0,2,5,0,5,0,0000000,6,0,99,99,99,99,0,0,0,1,0
17,170799,1,1,0,0,0,1,1,91,900,21,12,2011,4,9,53,1,11,1,I-57,,3160,41.17096944,-87.861375000,0,31,0,0,1,1,5,4,1,1,0,1,0,0000000,9,53,99,99,99,99,0,0,0,1,1
17,170800,1,1,0,1,1,1,1,31,2870,12,9,2011,2,10,13,0,15,6,DODGE AVENUE,,0,42.03950278,-87.699191670,0,9,0,0,1,1,1,0,1,1,0,1,0,0000000,10,13,99,99,99,99,0,0,0,1,0
17,170801,2,2,0,0,0,2,2,113,0,8,10,2011,7,21,1,0,14,4,CR-29,,0,40.54361667,-88.903066670,0,12,1,0,1,1,1,0,2,1,0,1,0,0000000,21,1,99,99,88,88,0,0,0,1,1
17,170802,1,1,0,1,1,1,1,97,9100,13,10,2011,5,19,40,0,13,6,GRAND AVENUE,,0,42.36968889,-87.847558330,0,8,0,0,1,1,1,0,3,2,0,2,0,0000000,19,41,99,99,99,99,0,0,0,1,0
17,170803,1,1,0,1,1,1,1,31,1670,25,10,2011,3,13,25,1,13,6,GARFIELD BLVD,,0,41.79461389,-87.627333330,0,8,0,0,1,1,1,0,1,1,0,1,0,0000000,13,25,99,99,99,99,0,0,0,1,1
17,170804,2,1,1,0,0,1,1,43,4867,28,11,2011,2,10,0,0,16,6,BEAU MONDE DRIVE,BEAU MONDE TERRACE,0,41.80255278,-88.098122220,0,14,0,0,1,1,4,0,1,1,0,1,0,0000000,10,1,99,99,99,99,0,0,0,1,0
17,170805,1,1,0,1,1,1,1,31,1670,4,11,2011,6,13,20,0,14,6,KEDZIE,,0,41.84789722,-87.705133330,0,9,0,0,1,1,1,0,1,1,0,1,0,0000000,13,24,99,99,99,99,0,0,0,1,0
17,170806,1,1,0,1,1,1,1,31,1670,4,11,2011,6,13,30,0,14,6,MORGAN ST,63RD ST,0,41.77966944,-87.649627780,0,8,0,0,2,2,1,0,1,1,0,1,0,0000000,13,35,99,99,99,99,0,0,0,1,0
17,170807,4,4,0,0,0,8,8,31,1670,21,11,2011,2,7,29,0,15,6,VINCENNES AVE,73RD AVE,0,41.76178889,-87.629650000,0,12,7,0,2,2,1,0,1,1,0,1,0,0000000,7,35,99,99,99,99,0,0,0,1,0
17,170808,1,1,0,1,1,1,1,31,1670,21,11,2011,2,14,52,0,15,6,BRYN MAWR AVE,CALIFORNIA AVE,0,41.98312778,-87.699152780,0,8,0,0,2,2,1,0,1,1,0,1,0,0000000,14,54,99,99,99,99,0,0,0,1,0
17,170809,4,4,0,0,0,9,9,97,6279,12,12,2011,2,17,41,1,13,2,US-12,OLD MCHENRY RD,240,42.23726944,-88.112488890,0,12,6,0,2,3,1,0,3,1,0,1,0,0000000,17,41,99,99,99,99,0,0,0,1,0
17,170810,1,1,0,1,1,1,1,31,2330,13,12,2011,3,5,29,0,14,6,OAKTON ST,5TH AVE,0,42.02351944,-87.906541670,0,8,0,0,2,3,1,0,3,1,0,1,0,0000000,5,30,99,99,99,99,0,0,0,1,0
17,170811,1,1,0,1,1,6,6,31,2330,13,12,2011,3,11,42,0,16,6,FARGO AVE,,0,42.01302500,-87.894350000,0,8,0,0,1,1,1,0,1,1,0,1,1,0000000,11,42,99,99,99,99,0,0,0,1,0
17,170812,1,1,0,1,1,1,1,31,1670,14,12,2011,4,21,28,0,14,6,STONY ISLAND AVE,,0,41.78056111,-87.586450000,0,8,0,0,1,1,1,0,2,2,0,2,0,0000000,21,38,99,99,99,99,0,0,0,1,0
17,170813,2,2,0,0,0,6,6,113,840,17,12,2011,7,22,36,0,14,6,FAIRWAY,RADCLIFF,0,40.49208611,-88.962572220,0,12,6,0,1,1,1,0,2,1,0,1,0,0000000,22,36,99,99,99,99,0,0,0,1,1
17,170814,1,1,0,1,1,1,1,167,8220,14,12,2011,4,16,49,0,15,6,LINDBERGH BLVD,,0,39.75307222,-89.711225000,0,8,0,0,8,1,1,0,3,2,0,2,0,0000000,16,49,99,99,99,99,0,0,0,1,0
17,170815,1,1,0,1,1,1,1,77,1350,19,12,2011,2,16,58,1,13,3,SR-13,,873,37.72671111,-89.232125000,0,8,0,0,1,1,1,0,2,1,0,1,0,0000000,16,58,99,99,99,99,0,0,0,1,0
17,170816,1,1,0,0,0,1,1,37,0,21,12,2011,4,22,12,0,4,4,CR-5,,0,41.98625833,-88.774266670,0,34,0,0,1,1,4,0,2,1,0,1,0,0000000,22,12,99,99,88,88,0,0,0,1,1
17,170817,2,2,0,0,0,8,8,201,1650,24,12,2011,7,15,18,1,11,1,I-39,,1206,42.22028333,-88.996552780,0,12,2,0,1,1,1,0,1,1,0,1,0,0000000,15,20,99,99,99,99,0,0,0,2,0
17,170818,1,1,0,0,0,1,1,1,0,26,12,2011,2,16,21,0,4,5,ST AUGUSTA BLKTP RD,,0,40.07217778,-90.946694440,0,1,0,0,1,1,4,0,5,1,0,1,0,0000000,16,21,99,99,88,88,0,0,0,1,1
17,170819,2,2,0,0,0,2,2,31,1680,24,8,2011,4,23,0,0,13,3,SR-1,,3105,41.53081389,-87.635819440,0,12,7,0,1,1,1,0,3,1,0,1,0,0000000,23,0,99,99,88,88,0,0,0,1,1
17,170820,2,2,0,0,0,2,2,31,1680,20,9,2011,3,17,10,0,14,6,DIXIE,,0,41.52127500,-87.650336110,0,12,6,0,8,1,1,0,1,1,0,1,0,0000000,17,11,99,99,99,99,0,0,0,1,0
17,170821,1,1,0,0,0,1,1,85,0,10,10,2011,2,19,9,0,4,4,CR-3,,0,42.42188611,-90.398947220,0,1,0,0,1,1,4,0,5,1,0,1,0,0000000,19,9,99,99,88,88,0,0,0,1,0
17,170822,1,1,0,0,0,1,1,97,5532,24,10,2011,2,9,0,0,14,4,CR-41,,0,42.23097500,-87.925397220,0,17,0,0,1,1,4,0,1,1,0,1,0,0000000,9,6,99,99,99,99,0,0,0,1,0
17,170823,1,1,0,1,1,1,1,31,2690,5,11,2011,7,22,5,0,14,3,SR-58,,3,42.04642500,-88.259302780,0,8,0,0,1,1,1,0,2,1,0,1,0,0000000,22,4,99,99,99,99,0,0,0,1,0
17,170824,1,1,0,0,0,1,1,31,1670,29,12,2011,5,19,28,1,11,1,I-90,,887,41.92892222,-87.690055560,0,25,0,0,1,1,3,0,3,1,0,1,0,0000000,19,29,99,99,99,99,0,0,0,1,1
17,170825,1,1,0,1,1,2,2,199,3870,9,12,2011,6,18,12,0,13,3,SR-148,,140,37.80605000,-89.027541670,0,8,0,0,1,1,1,0,2,1,0,1,0,0000000,18,12,99,99,99,99,0,0,0,1,0
17,170826,1,1,0,0,0,1,1,53,0,14,12,2011,4,13,50,0,6,5,500 E RD,,0,40.53988611,-88.366144440,0,30,0,0,1,1,4,0,1,2,0,2,0,0000000,13,50,99,99,88,88,0,0,0,1,0
17,170827,3,3,0,0,0,4,4,177,0,19,12,2011,2,8,16,1,2,2,US-20,,531,42.34824722,-89.786197220,0,12,8,0,1,1,1,0,1,1,0,1,0,0000000,8,16,99,99,99,99,0,0,0,1,0
17,170828,1,1,0,0,0,1,1,163,0,20,12,2011,3,17,29,0,6,4,CR-4,,0,38.46800278,-89.944175000,0,42,0,0,1,1,4,0,2,2,0,2,0,0000000,17,29,99,99,99,99,0,0,0,1,0
17,170829,1,1,0,0,0,1,1,111,80,24,12,2011,7,17,8,0,14,3,SR-31,,365,42.16026667,-88.297130560,0,42,0,0,1,1,4,0,3,1,0,1,0,0000000,17,8,99,99,99,99,0,0,0,1,0
17,170830,1,1,0,0,0,2,2,167,0,22,12,2011,5,9,29,0,4,4,CANTRALL CREEK ROAD,,0,39.89496111,-89.706172220,0,24,0,0,1,1,4,0,1,1,0,1,0,0000000,9,29,99,99,99,99,0,0,0,2,1
17,170831,1,1,0,0,0,1,1,89,0,31,12,2011,7,3,58,0,15,4,CAMPTON HILLS DRIVE,,0,41.91383611,-88.384030560,0,31,0,0,1,1,4,0,2,2,0,2,0,0000000,3,58,99,99,99,99,0,0,0,1,1
17,170832,2,2,0,0,0,3,3,103,0,26,12,2011,2,21,48,1,2,2,US-30,SR-26,399,41.75823056,-89.457377780,0,12,1,0,2,2,1,0,3,1,0,1,0,0000000,21,48,99,99,88,88,0,0,0,1,1
17,170833,1,1,0,1,1,2,2,167,7420,30,12,2011,6,17,46,0,13,3,SR-29,,367,39.75526111,-89.546494440,0,8,0,0,1,1,1,0,2,5,0,5,0,0000000,17,46,99,99,99,99,0,0,0,1,0
17,170835,1,1,0,0,0,1,1,95,0,28,7,2011,5,19,21,0,4,4,CR-6,,0,41.08334444,-90.307472220,0,35,0,0,1,1,4,0,1,1,0,1,0,0000000,19,21,99,99,99,99,0,0,0,1,0
17,170836,1,1,0,3,3,3,3,31,1670,23,12,2011,6,22,50,0,15,6,ARMITAGE,,0,41.91685556,-87.752325000,0,8,0,0,1,1,4,0,3,1,0,1,0,0000000,23,5,99,99,99,99,0,0,0,1,0
17,170837,1,1,0,1,1,1,1,97,0,18,11,2011,6,23,59,0,14,3,SR-131,,87,42.40172778,-87.880758330,0,8,0,0,1,1,1,0,2,1,0,1,0,0000000,23,59,99,99,88,88,0,0,0,1,0
17,170838,1,1,0,0,0,4,4,119,0,3,12,2011,7,23,46,0,6,5,ST THOMAS ROAD,,0,38.76603333,-90.115666670,0,21,0,0,1,1,4,0,2,2,0,2,0,0000000,23,46,99,99,99,99,0,0,0,3,0
17,170839,1,1,0,0,0,3,3,135,0,24,12,2011,7,1,35,0,6,4,OLD QUARRY TRAIL,,0,39.16771389,-89.627636110,8,34,0,0,1,1,4,0,2,1,0,1,0,0000000,1,35,99,99,99,99,0,0,0,2,1
17,170840,2,2,0,0,0,5,5,31,1670,26,12,2011,2,23,52,0,15,8,100TH STREET,,0,41.71378611,-87.543622220,0,12,6,0,1,1,1,0,3,2,0,2,0,0000000,23,53,99,99,99,99,0,0,0,2,0
17,170841,2,2,0,0,0,3,3,197,7491,30,12,2011,6,10,41,1,13,6,WEBER ROAD,WEST ROMEO ROAD,0,41.63874722,-88.124530560,0,12,6,0,2,2,1,0,1,2,0,2,0,0000000,10,41,99,99,99,99,0,0,0,1,0
17,170842,1,1,0,0,0,2,2,15,0,24,9,2011,7,19,20,0,4,5,RIDGE ROAD,HAAS ROAD,0,42.17630556,-90.148991670,0,34,0,0,2,3,4,0,2,1,0,1,0,0000000,19,22,99,99,99,99,0,0,0,1,0
17,170844,2,2,0,0,0,3,3,79,0,31,12,2011,7,11,26,0,3,3,SR-130,,645,39.14960556,-88.143127780,0,12,2,0,1,1,1,0,1,1,0,1,0,0000000,11,28,99,99,99,99,0,0,0,3,0
17,170845,1,1,0,0,0,2,2,197,4300,15,12,2011,5,2,12,0,13,7,NE FRONTAGE RD,,0,41.53586111,-88.179569440,0,32,0,0,1,1,4,0,3,2,0,2,0,0000000,2,15,99,99,99,99,0,0,0,1,1
17,170846,1,1,0,0,0,1,1,89,3700,21,12,2011,4,15,11,0,16,6,EDGEWOOD CT,,0,42.09420278,-88.531736110,0,42,0,0,1,1,5,0,1,1,0,1,0,0000000,15,11,99,99,99,99,0,0,0,1,0
17,170847,1,1,0,1,1,1,1,89,460,22,12,2011,5,14,33,0,13,6,FARNSWORTH AVE,,0,41.78931111,-88.281950000,0,8,0,0,1,1,1,0,1,2,0,2,0,0000000,14,33,99,99,99,99,0,0,0,1,0
17,170848,2,2,0,0,0,2,2,105,0,22,12,2011,5,15,57,0,4,4,CR-10,CR-8,0,40.80071944,-88.622780560,0,12,6,0,2,2,1,0,1,2,0,2,0,0000000,15,57,99,99,99,99,0,0,0,1,0
17,170849,1,1,0,0,0,1,1,15,0,17,12,2011,7,0,40,0,3,3,SR-78,,1773,42.01855556,-89.978205560,0,34,0,0,1,1,4,0,2,4,0,4,0,0000000,0,43,99,99,99,99,0,0,0,1,0
17,170850,1,1,0,0,0,1,1,123,0,23,12,2011,6,13,35,1,11,1,I-39,,315,40.96693611,-89.056294440,0,32,0,0,1,1,4,0,1,1,0,1,0,0000000,13,35,99,99,99,99,0,0,0,1,0
17,170851,1,1,0,1,1,3,3,195,7450,26,11,2011,7,23,34,0,15,6,AVENUE D,,0,41.77701667,-89.681733330,0,8,0,0,1,1,1,0,3,1,0,1,0,0000000,23,34,99,99,99,99,0,0,0,1,1
17,170852,2,2,0,0,0,2,2,197,6140,9,12,2011,6,1,43,1,11,1,I-80,,1376,41.51952778,-87.992441670,0,12,6,0,1,1,1,0,2,4,0,4,0,0000000,1,48,99,99,99,99,0,0,0,1,0
17,170853,1,1,0,0,0,1,1,85,0,29,12,2011,5,12,24,0,4,4,CR-10,,0,42.22853611,-90.140216670,0,32,0,0,1,1,4,0,1,1,0,1,0,0000000,12,24,99,99,99,99,0,0,0,1,0
17,170854,1,1,0,0,0,3,3,31,1670,13,10,2011,5,21,10,1,2,6,WESTERN AVENUE,,0,41.76496111,-87.683250000,0,33,0,0,1,1,4,0,3,4,0,4,0,0000000,21,10,99,99,99,99,0,0,0,1,0
17,170855,1,1,0,1,1,1,1,31,1670,3,12,2011,7,7,15,0,15,6,KIMBALL,SUNNYSIDE,0,41.96295000,-87.713161110,0,8,0,0,2,2,1,0,3,2,0,2,0,0000000,7,40,99,99,99,99,0,0,0,1,0
17,170856,1,1,0,0,0,1,1,99,0,3,11,2011,5,14,30,0,3,2,US-34,,1331,41.54777500,-89.165883330,0,34,0,0,1,1,4,0,1,2,0,2,0,0000000,14,35,99,99,99,99,0,0,0,1,0
17,170857,1,1,0,0,0,1,1,81,0,25,10,2011,3,6,0,0,6,4,CR-525,,0,38.20149444,-89.126363890,0,1,0,0,1,1,4,0,2,1,0,1,0,0000000,6,9,99,99,99,99,3,0,0,1,0
17,170858,1,1,0,0,0,2,2,31,7350,7,12,2011,4,23,42,0,16,6,NORTH DELAPHINE,LONGCOMMON,0,41.83461944,-87.813525000,0,1,0,0,2,3,4,0,3,1,0,1,0,0000000,23,42,99,99,99,99,0,0,0,1,1