STATE,ST_CASE,VE_TOTAL,VE_FORMS,PVH_INVL,PEDS,PERNOTMVIT,PERMVIT,PERSONS,COUNTY,CITY,DAY,MONTH,YEAR,DAY_WEEK,HOUR,MINUTE,NHS,ROAD_FNC,ROUTE,TWAY_ID,TWAY_ID2,MILEPT,LATITUDE,LONGITUD,SP_JUR,HARM_EV,MAN_COLL,RELJCT1,RELJCT2,TYP_INT,REL_ROAD,WRK_ZONE,LGT_COND,WEATHER1,WEATHER2,WEATHER,SCH_BUS,RAIL,NOT_HOUR,NOT_MIN,ARR_HOUR,ARR_MIN,HOSP_HR,HOSP_MN,CF1,CF2,CF3,FATALS,DRUNK_DR
17,170859,1,1,0,0,0,2,2,31,6650,17,12,2011,7,1,5,0,2,6,QUENTIN RD,,0,42.08897222,-88.063158330,0,33,0,0,1,1,4,0,3,1,0,1,0,0000000,1,7,99,99,99,99,0,0,0,1,1
17,170860,1,1,0,0,0,1,1,7,710,8,11,2011,3,21,15,0,16,6,14TH AVENUE,12TH STREET,0,42.24122778,-88.856422220,0,33,0,0,3,1,4,0,3,1,0,1,0,0000000,21,15,0,0,0,0,0,0,0,1,1
17,170861,1,1,0,0,0,2,2,199,0,23,12,2011,6,22,17,0,5,3,SR-37,,442,37.59727500,-88.978216670,0,42,0,0,1,1,4,0,3,1,0,1,0,0000000,22,17,99,99,99,99,0,0,0,2,1
17,170862,1,1,0,0,0,1,1,31,7813,18,12,2011,1,14,45,0,15,6,WRIGHT BLVD,,0,42.00433611,-88.101622220,0,1,0,0,1,1,1,0,1,1,0,1,0,0000000,0,0,0,0,0,0,0,0,0,1,0
17,170863,1,1,0,0,0,1,1,31,6650,27,12,2011,3,7,30,0,16,6,BROCKWAY,,0,42.11192500,-88.046188890,0,10,0,0,6,1,1,0,1,1,0,1,0,176940B,7,34,99,99,99,99,0,0,0,1,0
17,170864,1,1,0,0,0,5,5,73,0,29,11,2011,3,16,12,0,6,5,2700 EAST,300 NORTH,0,41.19583889,-89.916205560,0,34,0,0,1,1,4,0,1,1,0,1,0,0000000,16,15,99,99,99,99,0,0,0,3,1
17,170865,1,1,0,1,1,1,1,103,0,19,12,2011,2,15,57,0,5,4,CR-22 (ELDENA ROAD),,0,41.81416944,-89.447322220,0,9,0,0,1,1,1,0,1,1,0,1,0,0000000,16,2,99,99,99,99,0,0,0,1,0
17,170866,1,1,0,0,0,1,1,143,0,10,11,2011,5,14,39,0,15,5,FARMINGTON RD,,0,40.69873889,-89.704947220,0,42,0,0,1,1,5,0,1,1,0,1,0,0000000,14,39,99,99,99,99,0,0,0,1,0
17,170867,2,2,0,0,0,2,2,31,2330,21,12,2011,4,18,20,1,13,6,TOUHY AVE,MT PROSPECT RD,1037,42.00841944,-87.922619440,0,12,2,0,2,2,1,0,3,1,0,1,0,0000000,18,22,99,99,99,99,0,0,0,1,0
17,170868,1,1,0,1,1,1,1,43,0,16,12,2011,6,0,2,0,4,4,CR-21,WOODLAWN,0,41.88779167,-88.125144440,0,8,0,0,2,3,1,0,2,1,0,1,0,0000000,0,3,99,99,99,99,0,0,0,1,0
17,170869,2,2,0,0,0,2,2,43,540,15,12,2011,5,5,49,0,4,3,SR-59,ARMY TRAIL RD,308,41.94678056,-88.208052780,0,12,6,0,2,2,1,0,3,1,0,1,0,0000000,5,46,99,99,99,99,0,0,0,1,0
17,170870,1,1,0,1,1,1,1,201,0,5,12,2011,2,17,30,0,15,6,LYFORD RD,CONE HILL DR,0,42.27599722,-88.960461110,0,8,0,0,2,3,1,0,2,1,0,1,0,0000000,5,37,99,99,99,99,0,0,0,1,0
17,170871,1,1,0,1,1,2,2,31,1670,19,12,2011,2,15,0,0,14,6,CHICAGO AVE,AVERS AVE,0,41.89543056,-87.722388890,0,15,0,0,2,2,1,0,1,1,0,1,0,0000000,15,5,99,99,99,99,0,0,0,1,0
17,170872,2,2,0,0,0,3,3,31,8620,26,12,2011,2,18,26,0,15,6,171ST,88TH,0,41.57983889,-87.832430560,0,12,6,0,2,2,1,0,3,1,0,1,0,0000000,18,26,99,99,99,99,0,0,0,1,0
17,170873,1,1,0,0,0,1,1,179,2600,17,9,2011,7,19,41,0,14,6,WASHINGTON,,0,40.66407222,-89.568597220,0,57,0,0,1,1,3,0,1,1,0,1,0,0000000,19,41,99,99,99,99,0,0,0,1,1
17,170874,2,2,0,0,0,6,6,87,0,6,2,2011,1,15,10,0,3,3,SR-37,DONGOLA ROAD,256,37.34884167,-89.019800000,0,12,6,0,2,2,1,0,1,1,0,1,0,0000000,15,13,99,99,99,99,0,0,0,1,0
18,180001,2,2,0,0,0,2,2,3,1580,1,1,2011,7,3,27,0,6,4,HESSAN CASSEL RD,,0,41.04207500,-85.096363890,0,12,2,0,1,1,1,0,2,2,0,2,0,0000000,3,29,3,30,99,99,0,0,0,1,1
18,180002,1,1,0,0,0,1,1,3,1580,1,1,2011,7,7,53,0,6,4,PONTIAC ST,,0,41.06074722,-85.126963890,0,19,0,0,1,1,5,0,1,10,0,10,0,0000000,7,53,7,57,88,88,0,0,0,1,1
18,180003,1,1,0,0,0,1,1,19,870,3,1,2011,2,17,20,1,11,1,I-65,,44,38.32041389,-85.753569440,0,25,0,0,1,1,3,0,5,1,0,1,0,0000000,17,21,17,34,88,88,0,0,0,1,0
18,180004,3,3,0,0,0,4,4,177,4120,4,1,2011,3,6,42,0,3,2,US-35,,0,39.87041944,-84.930752780,0,12,6,0,8,1,1,0,2,1,0,1,0,0000000,6,46,6,50,99,99,0,0,0,1,0
18,180005,1,1,0,0,0,1,1,75,4040,2,1,2011,1,19,24,0,16,4,STATE LINE RD,,0,40.44038333,-84.803980560,0,34,0,0,1,1,5,0,2,1,0,1,0,0000000,19,25,19,44,99,99,0,0,0,1,0
18,180006,1,1,0,0,0,2,2,29,4310,6,1,2011,5,19,55,0,4,3,SR-46,,0,39.28289444,-84.959763890,0,35,0,0,1,1,5,0,2,10,0,10,0,0000000,19,55,19,57,99,99,0,0,0,1,0
18,180007,2,2,0,0,0,3,3,53,2850,6,1,2011,5,14,37,0,4,3,SR-9,CR-600,0,40.64066111,-85.629844440,0,12,6,0,3,3,1,0,1,11,0,11,0,0000000,14,37,14,45,99,99,0,0,0,1,0
18,180008,2,2,0,0,0,3,3,97,2210,7,1,2011,6,12,4,1,11,1,I-65,,1060,39.69979167,-86.107277780,0,12,6,0,1,1,1,0,1,4,0,4,0,0000000,12,4,12,15,99,99,0,0,0,1,0
18,180009,2,2,0,0,0,2,2,89,1730,3,1,2011,2,11,16,0,6,4,19TH AVE,GRANT ST,0,41.58428056,-87.356327780,0,12,1,0,2,2,1,0,1,1,0,1,1,0000000,11,17,11,25,88,88,0,0,0,1,0
18,180010,2,1,1,0,0,1,1,89,2972,1,1,2011,7,6,34,0,15,3,SR- 55,,0,41.50292222,-87.366027780,0,14,0,0,1,1,5,0,4,1,0,1,0,0000000,6,35,6,40,88,88,0,0,0,1,1
18,180011,2,2,0,0,0,2,2,53,1490,6,1,2011,5,13,19,1,1,1,I-69,,550,40.42411389,-85.549463890,0,12,6,0,1,1,1,0,1,4,0,4,0,0000000,13,19,13,32,88,88,0,0,0,1,0
18,180013,3,3,0,0,0,3,3,23,1640,10,1,2011,2,13,50,0,14,2,US- 421,MAISH RD,0,40.27880556,-86.487208330,0,12,6,0,2,2,1,0,1,10,0,10,0,0000000,13,52,13,55,99,99,0,0,0,1,0
18,180014,2,2,0,0,0,2,2,19,800,10,1,2011,2,19,53,0,15,3,SR- 62,,0,38.44189167,-85.658169440,0,12,6,0,1,1,4,0,2,1,0,1,0,0000000,19,53,19,54,88,88,0,0,0,1,0
18,180015,1,1,0,1,1,2,2,77,2830,11,1,2011,3,19,12,0,4,3,SR-7,,0,38.82526667,-85.472947220,0,8,0,0,1,1,1,0,2,4,0,4,0,0000000,19,12,19,25,99,99,0,0,0,1,0
18,180016,1,1,0,0,0,1,1,29,1880,4,1,2011,3,19,7,0,14,2,US-50,,0,39.14337500,-84.828013890,0,42,0,0,1,1,5,0,2,1,0,1,0,0000000,19,6,19,10,88,88,0,0,0,1,0
18,180017,1,1,0,0,0,1,1,83,5030,13,1,2011,5,1,59,0,3,2,US-41,US-50,0,38.68336667,-87.488250000,0,59,0,0,3,4,8,0,2,1,0,1,0,0000000,1,59,2,3,88,88,0,0,0,1,0
18,180018,1,1,0,1,1,1,1,127,2080,12,1,2011,4,6,28,0,15,3,SR-2,,0,41.33063889,-87.200327780,0,8,0,0,1,1,1,0,3,4,0,4,0,0000000,6,32,6,33,88,88,0,0,0,1,0
18,180019,2,2,0,0,0,3,3,11,5280,13,1,2011,5,13,55,1,11,1,I-65,,1304,39.95006111,-86.357358330,0,12,1,0,1,1,1,0,1,1,0,1,0,0000000,13,59,14,9,99,99,23,0,0,1,0
18,180020,1,1,0,0,0,5,5,33,5130,9,1,2011,1,17,10,1,1,1,I-69,,1340,41.42947222,-85.053288890,0,35,0,0,1,1,3,0,5,1,0,1,0,0000000,17,15,17,20,99,99,0,0,0,4,0
18,180021,1,1,0,0,0,2,2,167,4840,16,1,2011,1,2,15,0,6,4,16TH ST,,0,39.49973889,-87.390827780,0,35,0,0,1,1,6,0,3,1,0,1,0,0000000,2,15,2,25,99,99,0,0,0,1,0
18,180022,1,1,0,1,1,1,1,89,2010,16,1,2011,1,18,22,0,6,4,MICHIGAN ST,,0,41.61597500,-87.500827780,0,8,0,0,1,1,1,0,3,10,0,10,0,0000000,18,23,18,25,99,99,0,0,0,1,0
18,180023,1,1,0,0,0,3,3,71,4440,18,1,2011,3,15,25,0,4,3,SR-11,,0,38.99146944,-85.891455560,0,21,0,0,1,1,4,0,1,2,0,2,0,0000000,15,28,15,34,88,88,0,0,0,2,0
18,180024,2,2,0,0,0,3,3,63,560,13,1,2011,5,4,47,1,11,1,I-65,,1280,39.91817500,-86.328330560,0,12,1,0,1,1,1,0,2,1,0,1,0,0000000,4,47,5,5,99,99,0,0,0,1,0
18,180025,1,1,0,0,0,3,3,125,3950,9,1,2011,1,10,0,0,4,3,SR-57,,0,38.45083611,-87.295605560,0,32,0,0,1,1,6,0,1,1,0,1,0,0000000,10,0,10,5,99,99,0,0,0,1,1
18,180026,1,1,0,0,0,1,1,61,1390,16,1,2011,1,2,51,0,16,4,NEW MIDDLETOWN RD,,0,38.12689444,-86.004822220,0,34,0,0,1,1,6,0,2,1,0,1,0,0000000,2,56,3,11,99,99,0,0,0,1,1
18,180027,2,2,0,0,0,3,3,41,1000,20,1,2011,5,12,30,0,4,3,SR-44,,0,39.63881389,-85.097647220,0,12,2,0,1,1,1,0,1,4,0,4,0,0000000,12,31,12,40,99,99,0,0,0,2,0
18,180028,2,2,0,0,0,5,5,137,5010,12,1,2011,4,16,8,0,16,4,CR-450,,0,38.92494444,-85.343169440,0,12,6,0,8,1,1,0,1,11,0,11,0,0000000,16,8,18,29,88,88,0,0,0,1,0
18,180029,2,2,0,0,0,2,2,91,5085,20,1,2011,5,14,52,0,3,2,US-30,CR-700,0,41.43379167,-86.833175000,0,12,1,0,2,2,1,0,1,1,0,1,0,0000000,14,53,14,58,99,99,0,0,0,1,0
18,180031,1,1,0,0,0,3,3,109,3163,21,1,2011,6,13,17,1,1,1,I-70,,490,39.56568611,-86.639986110,0,42,0,0,1,1,6,0,1,1,0,1,0,0000000,13,17,13,40,99,99,0,0,0,1,0
18,180032,2,2,0,0,0,3,3,65,4640,22,1,2011,7,21,11,1,1,1,I-70,,1290,39.85243333,-85.301627780,0,12,1,0,1,1,1,0,2,10,0,10,0,0000000,21,12,21,21,99,99,0,0,0,1,0
18,180033,1,1,0,0,0,1,1,95,3910,21,1,2011,6,10,33,0,6,4,CR-360,,0,39.98297222,-85.752411110,0,10,0,0,6,1,1,0,1,1,0,1,0,538974x,10,33,10,36,88,88,0,0,0,1,0
18,180034,2,2,0,0,0,2,2,29,230,21,1,2011,6,14,42,0,4,3,SR-48,,0,39.16128056,-85.027227780,0,12,6,0,1,1,1,0,1,1,0,1,0,0000000,14,44,14,56,99,99,0,0,0,1,0
18,180036,2,2,0,0,0,4,4,107,5140,20,1,2011,5,9,51,0,4,3,SR-47,,0,39.89525000,-87.016011110,0,12,1,0,1,1,1,0,1,11,0,11,0,0000000,9,51,10,14,88,88,0,0,0,3,0
18,180037,2,2,0,0,0,3,3,163,1480,26,1,2011,4,7,55,1,1,1,I-164,,150,38.08660833,-87.476663890,0,12,9,0,1,1,1,0,1,11,0,11,0,0000000,8,6,8,6,99,99,0,0,0,1,0
18,180038,1,1,0,0,0,1,1,71,1090,17,1,2011,2,22,58,0,14,2,US-31,,0,38.80145833,-85.842619440,0,32,0,0,1,1,5,0,2,1,0,1,0,0000000,23,2,23,12,99,99,0,0,0,1,1
18,180039,3,3,0,0,0,3,3,65,2400,19,1,2011,4,4,3,1,1,1,I-70,,1150,39.83810000,-85.560580560,0,12,1,0,1,1,1,0,2,3,0,3,0,0000000,4,3,4,3,99,99,19,0,0,1,0
18,180040,2,2,0,0,0,2,2,57,3590,27,1,2011,5,11,48,0,4,3,SR-32,,0,40.04427222,-85.981022220,0,12,2,0,1,1,1,0,1,10,0,10,0,0000000,11,49,11,50,88,88,0,0,0,1,0
18,180041,2,1,1,0,0,1,1,91,2990,30,1,2011,1,0,26,0,16,4,JOHNSON RD,,0,41.66133889,-86.828427780,0,14,0,0,1,1,6,0,3,10,0,10,0,0000000,0,28,0,36,88,88,0,0,0,1,1
18,180042,1,1,0,0,0,1,1,109,3240,30,1,2011,1,18,25,0,16,4,BETHEL RD,,0,39.57446944,-86.386827780,0,1,0,0,1,1,4,0,2,1,0,1,0,0000000,18,45,18,56,88,88,0,0,0,1,1
18,180043,2,2,0,0,0,2,2,17,4260,28,1,2011,6,20,43,0,3,2,US-35,,0,40.90420556,-86.522483330,0,12,2,0,1,1,1,0,2,10,0,10,0,0000000,20,53,21,2,88,88,0,0,0,1,0
18,180044,1,1,0,0,0,1,1,47,550,25,1,2011,3,13,42,0,3,2,US-52,,0,39.40595833,-85.008130560,0,42,0,0,1,1,6,0,1,1,0,1,0,0000000,12,47,12,51,88,88,0,0,0,1,0
18,180045,1,1,0,0,0,1,1,33,5130,27,1,2011,5,1,30,0,6,4,CR-27,,0,41.41325278,-85.062888890,0,11,0,0,1,1,1,0,2,10,0,10,0,0000000,1,32,1,36,88,88,0,0,0,1,1
18,180046,2,2,0,0,0,2,2,151,160,29,1,2011,7,5,17,0,4,3,SR-127,,0,41.69916111,-85.000041670,0,12,2,0,1,1,1,0,2,10,0,10,0,0000000,5,27,5,51,99,99,0,0,0,1,0
18,180047,1,1,0,1,1,1,1,89,1310,28,1,2011,6,18,4,0,14,2,US-20,150TH ST,0,41.62308889,-87.480786110,0,8,0,0,2,2,1,0,3,1,0,1,0,0000000,18,4,18,6,99,99,0,0,0,1,0
18,180048,1,1,0,0,0,1,1,109,3240,31,1,2011,2,14,0,0,4,3,SR-144,,0,39.59795556,-86.348016670,0,32,0,0,1,1,6,0,1,10,0,10,0,0000000,14,11,14,19,99,99,0,0,0,1,0
18,180049,2,2,0,0,0,3,3,35,3360,3,1,2011,2,12,15,0,4,3,SR-67,CR-350,0,40.24117500,-85.354661110,0,12,6,0,2,3,1,0,1,1,0,1,0,0000000,12,19,12,26,99,99,0,0,0,1,0
18,180050,2,2,0,0,0,4,4,111,3300,1,2,2011,3,14,31,0,15,3,SR-10,,0,40.85141111,-87.382163890,0,12,6,0,1,1,1,0,1,4,0,4,0,0000000,14,31,14,48,99,99,0,0,0,2,0
18,180051,5,5,0,0,0,9,9,39,1410,3,2,2011,5,15,10,0,6,4,NAPPANEE ST,,0,41.69537778,-86.003508330,0,12,1,0,1,1,1,0,1,1,0,1,1,0000000,15,12,15,18,99,99,0,0,0,1,0
18,180052,2,2,0,0,0,2,2,35,3360,7,2,2011,2,11,51,0,4,3,SR-28,NEBO RD,0,40.27723333,-85.462216670,0,12,6,0,2,2,1,0,1,1,0,1,0,0000000,11,54,11,59,99,99,0,0,0,1,0
18,180053,3,3,0,0,0,4,4,127,4025,3,2,2011,5,9,3,1,11,1,I-94,,190,41.60203056,-87.166558330,0,12,1,0,1,1,1,0,1,10,0,10,0,0000000,9,6,9,23,99,99,0,0,0,2,0
18,180054,1,1,0,1,1,2,2,119,4630,22,1,2011,7,21,41,0,15,3,SR-42,,0,39.44653333,-86.872372220,0,15,0,0,1,1,1,0,2,10,0,10,0,0000000,20,41,22,5,99,99,0,0,0,1,0
18,180055,2,2,0,0,0,3,3,91,2990,4,1,2011,3,13,30,0,15,3,SR-212,TYRON RD,0,41.72357222,-86.826066670,0,30,0,0,2,2,5,0,1,1,0,1,0,0000000,13,30,13,35,99,99,14,0,0,1,0
18,180056,1,1,0,1,1,1,1,141,4580,9,2,2011,4,18,55,0,4,3,SR-933,,0,41.75082500,-86.251086110,0,8,0,0,1,1,1,0,2,1,0,1,0,0000000,18,59,19,3,88,88,0,0,0,1,0
18,180057,2,2,0,0,0,2,2,139,4270,8,2,2011,3,14,10,0,4,3,SR-3,,0,39.63636389,-85.445308330,0,12,2,0,1,1,1,0,1,1,0,1,0,0000000,14,15,14,26,99,99,0,0,0,1,0
18,180058,1,1,0,0,0,1,1,71,4440,10,2,2011,5,12,27,0,6,4,A AVE,,0,38.92721667,-85.902894440,0,43,0,0,1,1,5,0,1,1,0,1,0,0000000,12,28,12,31,88,88,0,0,0,1,0
18,180059,1,1,0,1,1,2,2,97,2210,25,1,2011,3,18,38,0,6,4,MADISON AVE,,0,39.72989722,-86.154055560,0,8,0,0,1,1,1,0,2,1,0,1,0,0000000,18,38,19,0,99,99,0,0,0,1,0
18,180060,2,2,0,0,0,2,2,97,2210,10,2,2011,5,3,24,0,6,4,WASHINGTON ST,,0,39.77193333,-86.050330560,0,12,2,0,1,1,1,0,2,1,0,1,0,0000000,3,27,3,28,99,99,0,0,0,1,1
18,180061,2,2,0,0,0,3,3,147,1140,14,2,2011,2,7,17,0,3,2,US-231,SR-62,0,38.11997222,-87.028541670,0,12,6,0,2,2,1,0,1,10,0,10,0,0000000,7,17,7,29,99,99,0,0,0,2,0
18,180062,2,2,0,0,0,2,2,97,2210,11,2,2011,6,12,40,0,6,4,56TH ST,ROXBURY RD,0,39.85506944,-86.071958330,0,12,6,0,3,3,1,0,1,1,0,1,0,0000000,12,40,12,45,99,99,0,0,0,1,0
18,180063,1,1,0,0,0,2,2,55,360,18,1,2011,3,22,41,0,4,3,SR-54,,0,39.04811944,-86.794225000,0,43,0,0,1,1,5,0,2,10,0,10,0,0000000,22,41,22,51,99,99,0,0,0,1,1
18,180064,1,1,0,0,0,1,1,145,4470,10,2,2011,5,19,45,0,6,4,FRONTAGE RD,,0,39.65559722,-85.930852780,0,1,0,0,1,1,5,0,2,10,0,10,0,0000000,20,20,20,30,88,88,0,0,0,1,0
18,180065,2,2,0,0,0,2,2,103,1210,14,2,2011,2,14,28,0,4,3,SR-19,,0,40.80835278,-86.039600000,0,12,2,0,1,1,1,0,1,1,0,1,0,0000000,14,28,14,35,99,99,0,0,0,1,0
18,180066,2,1,1,0,0,1,1,169,5040,15,2,2011,3,16,12,0,16,4,CR-550,,0,99.99990000,999.999900000,0,1,0,0,1,1,1,0,1,1,0,1,0,0000000,16,14,16,18,88,88,0,0,0,1,0
18,180067,2,2,0,0,0,5,5,183,840,17,2,2011,5,16,50,0,3,2,US-33,,0,99.99990000,999.999900000,0,12,2,0,1,1,1,0,1,10,0,10,0,0000000,16,54,16,57,99,99,0,0,0,2,0
18,180068,3,3,0,0,0,3,3,163,1480,17,2,2011,5,15,14,0,16,4,BOEHNE CAMP RD,PEARL DR,0,37.97350000,-87.646094440,0,12,1,0,3,3,1,0,1,1,0,1,1,0000000,15,15,15,21,99,99,0,0,0,1,0
18,180069,2,2,0,0,0,6,6,37,2260,18,2,2011,6,15,51,0,4,3,SR-56,,0,99.99990000,999.999900000,0,12,2,0,1,1,1,0,1,1,0,1,0,0000000,15,53,16,4,99,99,0,0,0,1,0
18,180070,1,1,0,0,0,1,1,39,1830,20,2,2011,1,7,27,0,16,4,CR-35,,0,41.60128889,-85.733727780,0,42,0,0,1,1,6,0,2,10,0,10,0,0000000,7,27,7,40,88,88,0,0,0,1,1
18,180071,2,2,0,0,0,2,2,149,3620,18,2,2011,6,16,51,0,15,3,SR-10,,0,41.21513056,-86.759541670,0,12,6,0,8,1,1,0,1,1,0,1,0,0000000,16,51,17,0,88,88,0,0,0,1,0
18,180072,2,2,0,0,0,2,2,97,2210,11,2,2011,6,4,7,0,15,3,SR-37,,0,39.67176944,-86.195963890,0,12,2,0,1,1,1,0,2,1,0,1,0,0000000,4,8,4,11,99,99,0,0,0,1,1
18,180073,1,1,0,0,0,1,1,47,550,8,2,2011,3,20,30,0,16,4,FAIRFIELD CAUSEWAY,,0,39.50552222,-85.022827780,0,1,0,0,1,1,4,0,2,1,0,1,0,0000000,20,34,20,36,88,88,0,0,0,1,0
18,180074,2,2,0,0,0,3,3,67,2430,21,2,2011,2,15,48,0,4,3,SR-22,,0,40.48984722,-86.228986110,0,12,6,0,1,1,1,0,1,4,0,4,0,0000000,15,55,16,3,99,99,0,0,0,1,0
18,180075,2,2,0,0,0,2,2,113,60,21,2,2011,2,6,25,0,4,3,SR-9,,0,41.42776667,-85.423808330,0,12,2,0,1,1,1,0,2,3,0,3,0,0000000,6,26,6,34,99,99,0,0,0,1,0
18,180076,1,1,0,0,0,1,1,145,4470,18,1,2011,3,13,26,0,16,4,CR-800,,0,39.69734722,-85.933180560,0,30,0,0,1,1,4,0,1,2,0,2,0,0000000,13,29,13,34,99,99,0,0,0,1,0
18,180077,2,2,0,0,0,6,6,113,2670,22,2,2011,3,9,22,0,3,2,US-33,,0,41.43198056,-85.587702780,0,12,6,0,1,1,1,0,1,11,0,11,0,0000000,9,22,9,33,99,99,0,0,0,1,0
18,180079,2,2,0,0,0,2,2,129,3340,18,2,2011,6,8,15,0,4,3,SR-69,,0,37.95516111,-87.860413890,0,12,2,0,1,1,1,0,1,10,0,10,0,0000000,8,18,8,29,88,88,0,0,0,1,0
18,180081,1,1,0,0,0,1,1,89,2010,19,2,2011,7,3,55,1,11,1,I-80,,7,41.57421389,-87.514222220,0,20,0,1,19,1,8,0,3,1,0,1,0,0000000,3,55,3,57,99,99,0,0,0,1,1
18,180082,1,1,0,0,0,3,3,73,1206,22,2,2011,3,22,7,1,1,1,I-65,,2250,41.10948889,-87.265622220,0,1,0,0,1,1,3,0,2,3,0,3,0,0000000,22,10,22,37,99,99,19,0,0,1,0
18,180083,2,2,0,0,0,2,2,3,1580,24,2,2011,5,18,11,0,3,2,US-30,,0,41.12530278,-85.234488890,0,12,2,0,1,1,1,0,5,1,0,1,0,0000000,18,25,18,45,99,99,0,0,0,1,0
18,180084,1,1,0,1,1,1,1,157,2480,27,2,2011,1,20,35,0,15,3,SR-25,,0,40.38948056,-86.907602780,0,8,0,0,1,1,2,0,3,10,0,10,0,0000000,20,35,20,39,99,99,0,0,0,1,1
18,180085,1,1,0,0,0,1,1,11,4850,26,2,2011,7,6,50,1,1,1,I-65,,1470,40.14251667,-86.527355560,0,42,0,0,1,1,6,0,2,1,0,1,0,0000000,6,50,6,56,88,88,0,0,0,1,0
18,180086,3,3,0,0,0,3,3,163,1480,23,2,2011,4,6,23,0,4,3,SR-65,,0,38.03558611,-87.641030560,0,12,2,0,1,1,1,0,1,1,0,1,0,0000000,6,24,6,32,99,99,0,0,0,1,0
18,180087,3,2,1,0,0,3,3,83,5030,28,2,2011,2,7,49,0,16,4,RED SKELTON BLVD,CHESTNUT ST,0,99.99990000,999.999900000,0,12,6,0,2,2,1,0,1,2,0,2,0,0000000,7,50,7,51,99,99,0,0,0,1,0
18,180088,1,1,0,0,0,1,1,105,380,26,2,2011,7,9,32,0,4,3,SR-37,,0,39.28046944,-86.522741670,0,34,0,0,1,1,5,0,1,1,0,1,0,0000000,9,32,10,20,99,99,0,0,0,1,0
18,180089,2,2,0,0,0,4,4,97,2210,25,2,2011,6,18,1,0,6,4,ZIONSVILLE RD,,0,39.89090556,-86.260100000,0,12,6,0,1,1,1,0,5,10,0,10,0,0000000,18,2,18,6,99,99,0,0,0,1,0
18,180090,1,1,0,1,1,1,1,167,4840,17,1,2011,2,23,57,0,6,4,13TH ST,HULMAN ST,0,39.44871944,-87.397700000,0,8,0,0,2,2,1,0,2,2,0,2,0,0000000,23,57,23,57,99,99,0,0,0,1,0
18,180091,1,1,0,0,0,1,1,87,2500,23,2,2011,4,14,20,1,1,1,I-80,,1244,41.74861389,-85.353297220,0,21,0,0,1,1,3,0,1,10,0,10,0,0000000,15,24,15,33,88,88,0,0,0,1,0
18,180092,2,2,0,0,0,3,3,71,1090,25,2,2011,6,1,24,1,1,1,I-65,,375,38.79182500,-85.819100000,0,12,6,0,1,1,1,0,2,2,0,2,0,0000000,1,24,1,32,88,88,0,0,0,1,1
18,180095,2,2,0,0,0,3,3,31,1910,25,2,2011,6,9,3,0,4,3,SR-3,,0,39.21998611,-85.575427780,0,12,6,0,1,1,1,0,1,10,0,10,0,0000000,9,3,9,12,99,99,0,0,0,1,0
18,180096,1,1,0,0,0,4,4,57,4480,27,2,2011,1,4,9,0,16,4,DUNBAR RD,,0,40.09868889,-86.137533330,0,42,0,0,1,1,5,0,2,10,0,10,0,0000000,4,47,99,99,99,99,0,0,0,1,1
18,180097,1,1,0,0,0,4,4,61,1030,18,2,2011,6,23,19,1,1,1,I-64,,1040,38.23949444,-86.148561110,0,34,0,0,1,1,5,0,2,1,0,1,0,0000000,23,19,23,24,99,99,0,0,0,1,0
18,180098,1,1,0,1,1,1,1,39,480,5,3,2011,7,0,10,0,4,3,SR-120,,0,41.70480000,-85.871286110,0,8,0,0,1,1,1,0,2,2,0,2,0,0000000,0,13,0,25,88,88,0,0,0,1,0
18,180099,1,1,0,0,0,2,2,25,1460,6,3,2011,1,20,40,1,1,1,I-64,,838,38.23369722,-86.500725000,0,1,0,0,1,1,5,0,2,1,0,1,0,0000000,20,47,20,51,88,88,0,0,0,2,0
18,180100,1,1,0,0,0,1,1,43,3400,8,3,2011,3,3,0,0,4,3,SR-111,,0,38.19987778,-85.897036110,0,53,0,0,1,1,5,0,2,1,0,1,0,0000000,3,15,3,25,88,88,0,0,0,1,1
18,180101,1,1,0,0,0,1,1,81,1950,1,3,2011,3,5,53,0,6,4,GRAHAM RD,ALLEN RD,0,39.60251389,-86.064405560,0,3,0,0,3,3,5,0,2,10,0,10,0,0000000,5,55,5,58,88,88,0,0,0,1,0
18,180102,1,1,0,0,0,1,1,175,3906,3,3,2011,5,23,45,0,16,4,ELMER MARTIN RD,,0,38.48329167,-86.003122220,0,42,0,0,1,1,5,0,2,10,0,10,0,0000000,23,53,0,3,99,99,0,0,0,1,1
18,180103,3,3,0,0,0,3,3,5,990,11,3,2011,6,10,32,0,15,3,SR-46,CARLOS FOLGER RD,0,39.19960278,-85.977544440,0,12,1,0,3,3,1,0,1,1,0,1,0,0000000,10,34,10,38,99,99,0,0,0,1,0
18,180104,1,1,0,1,1,2,2,65,3020,11,3,2011,6,20,1,0,16,4,RAIDER RD,,0,40.04108611,-85.527877780,0,15,0,0,1,1,1,0,2,1,0,1,0,0000000,20,2,20,13,88,88,0,0,0,1,0
18,180105,3,3,0,0,0,6,6,97,2210,4,3,2011,6,16,0,0,6,4,HARDING ST,I-70,0,39.75583333,-86.187916670,0,12,6,0,2,2,1,0,1,2,0,2,0,0000000,16,1,16,5,99,99,0,0,0,1,0
18,180106,2,2,0,0,0,4,4,145,4470,1,3,2011,3,11,40,0,4,3,SR-252,,0,39.36419722,-85.842077780,0,12,2,0,1,1,1,0,1,1,0,1,0,0000000,11,42,11,50,99,99,0,0,0,2,0