STATE,ST_CASE,VE_TOTAL,VE_FORMS,PVH_INVL,PEDS,PERNOTMVIT,PERMVIT,PERSONS,COUNTY,CITY,DAY,MONTH,YEAR,DAY_WEEK,HOUR,MINUTE,NHS,ROAD_FNC,ROUTE,TWAY_ID,TWAY_ID2,MILEPT,LATITUDE,LONGITUD,SP_JUR,HARM_EV,MAN_COLL,RELJCT1,RELJCT2,TYP_INT,REL_ROAD,WRK_ZONE,LGT_COND,WEATHER1,WEATHER2,WEATHER,SCH_BUS,RAIL,NOT_HOUR,NOT_MIN,ARR_HOUR,ARR_MIN,HOSP_HR,HOSP_MN,CF1,CF2,CF3,FATALS,DRUNK_DR
18,180107,1,1,0,0,0,1,1,97,2210,11,3,2011,6,2,48,0,6,4,46TH ST,SHERMAN DR,0,39.84033611,-86.102941670,0,42,0,0,2,3,4,0,3,1,0,1,0,0000000,2,49,2,52,88,88,0,0,0,1,1
18,180108,2,2,0,0,0,3,3,35,1143,5,1,2011,4,10,6,0,15,3,SR-32,WALNUT ST,0,40.12300000,-85.557183330,0,12,6,0,2,2,1,0,1,1,0,1,0,0000000,10,6,10,7,99,99,0,0,0,1,0
18,180109,2,2,0,0,0,2,2,57,710,10,2,2011,5,10,44,0,6,4,CARMEL DRIVE,RANGELINE RD,0,39.96137500,-86.126836110,0,12,2,0,2,2,1,0,1,1,0,1,0,0000000,10,44,10,46,99,99,0,0,0,1,0
18,180110,1,1,0,0,0,1,1,33,620,21,1,2011,6,8,30,0,16,4,CR-79,,0,41.43030833,-84.814452780,0,52,0,0,1,1,4,0,1,1,0,1,0,0000000,15,51,16,4,88,88,0,0,0,1,1
18,180111,1,1,0,0,0,1,1,157,2480,25,2,2011,6,16,33,0,16,4,CR-800,,0,40.53333889,-86.726416670,0,3,0,0,1,1,5,0,1,1,0,1,0,0000000,16,33,16,48,88,88,0,0,0,1,1
18,180112,1,1,0,0,0,1,1,11,2630,23,2,2011,4,17,20,0,4,3,SR-39,,0,40.09385000,-86.478622220,0,42,0,0,1,1,4,0,1,1,0,1,0,0000000,15,20,15,27,88,88,0,0,0,1,0
18,180113,1,1,0,0,0,1,1,45,1040,14,3,2011,2,15,32,0,16,4,RIVER RD,,0,40.09745833,-87.399697220,0,32,0,0,1,1,4,0,1,1,0,1,0,0000000,15,32,15,42,88,88,0,0,0,1,0
18,180114,1,1,0,1,1,1,1,97,2210,4,3,2011,6,23,22,0,6,4,FRANKLIN RD,,0,39.69434722,-86.017969440,0,8,0,0,1,1,1,0,2,2,0,2,0,0000000,23,27,23,30,99,99,0,0,0,1,0
18,180115,1,1,0,0,0,1,1,77,530,11,3,2011,6,7,0,0,16,4,BIG DOE RUN,,0,38.74414167,-85.229466670,0,42,0,0,1,1,6,0,2,1,0,1,0,0000000,7,53,10,30,88,88,0,0,0,1,1
18,180116,3,3,0,0,0,3,3,29,2610,20,1,2011,5,16,45,0,14,2,US-50,,0,39.14270833,-84.827500000,0,12,6,0,1,1,1,0,1,11,0,11,0,0000000,16,45,16,50,99,99,0,0,0,1,0
18,180117,2,2,0,0,0,6,6,105,380,20,3,2011,1,16,41,0,4,3,SR-37,,0,39.04965278,-86.536647220,0,12,1,0,1,1,1,0,1,1,0,1,0,0000000,16,41,16,50,99,99,0,0,0,1,1
18,180118,1,1,0,0,0,1,1,31,1910,16,3,2011,4,21,24,0,16,4,CR-550,,0,39.33529444,-85.584183330,0,34,0,0,1,1,5,0,2,1,0,1,0,0000000,21,40,21,45,88,88,0,0,0,1,1
18,180119,1,1,0,0,0,1,1,57,3590,22,3,2011,3,0,11,0,6,4,191ST,,0,40.06539444,-86.071358330,0,42,0,0,1,1,5,0,2,1,0,1,0,0000000,0,11,0,16,88,88,0,0,0,1,1
18,180120,2,2,0,0,0,2,2,93,252,19,3,2011,7,6,34,0,4,3,SR-37,SR-54,0,38.90976111,-86.545219440,0,12,6,0,2,2,1,0,2,1,0,1,0,0000000,6,34,6,44,99,99,0,0,0,1,0
18,180121,1,1,0,1,1,3,3,69,2190,18,3,2011,6,15,20,0,6,4,LAFONTAINE ST,CHURCH ST,0,40.88600556,-85.505819440,0,15,0,0,2,2,1,0,1,1,0,1,0,0000000,15,24,15,25,99,99,0,0,0,1,0
18,180122,2,2,0,0,0,6,6,97,2210,1,3,2011,3,19,29,0,6,4,46TH STREET,BINFORD BLVD,0,39.84021111,-86.113011110,0,12,2,0,2,2,1,0,3,1,0,1,0,0000000,19,30,19,34,99,99,0,0,0,1,0
18,180123,1,1,0,0,0,1,1,3,5418,14,3,2011,2,3,51,0,16,4,ROHMAN RD,,0,41.13295278,-84.951866670,0,42,0,0,1,1,6,0,2,10,0,10,0,0000000,3,51,3,58,88,88,0,0,0,1,0
18,180124,2,2,0,0,0,3,3,119,4630,12,3,2011,7,10,59,0,6,4,NORTH PARK AVENUE,NORTH STREET,0,39.28799167,-86.757825000,0,12,6,0,2,2,1,0,1,1,0,1,0,0000000,11,0,11,3,99,99,0,0,0,1,0
18,180125,4,4,0,0,0,8,8,79,3670,26,2,2011,7,20,13,0,3,2,US-50,CR-650,0,38.97572500,-85.731083330,0,12,1,0,3,3,1,0,2,1,0,1,0,0000000,20,13,20,17,99,99,0,0,0,1,0
18,180126,2,2,0,0,0,3,3,19,4420,26,3,2011,7,19,30,0,3,2,US-31,,0,38.55924167,-85.764555560,0,12,2,0,1,1,1,0,5,1,0,1,0,0000000,19,31,19,47,99,99,0,0,0,1,0
18,180127,1,1,0,0,0,1,1,97,2210,23,3,2011,4,19,57,0,6,4,WOODLAND DRIVE,,0,39.88730833,-86.267002780,0,33,0,0,1,1,5,0,3,2,0,2,0,0000000,19,57,20,0,88,88,0,0,0,1,1
18,180128,2,2,0,0,0,2,2,107,9997,19,3,2011,7,19,22,0,3,2,US-231,,0,39.90486389,-86.902755560,0,12,6,0,8,1,1,0,1,10,0,10,0,0000000,19,22,19,24,99,99,0,0,0,1,0
18,180129,1,1,0,0,0,3,3,157,2480,27,3,2011,1,3,55,0,6,4,OLD US HWY 231,,0,40.39071667,-86.903958330,0,30,0,0,1,1,4,0,2,1,0,1,0,0000000,3,57,4,1,99,99,0,0,0,2,1
18,180130,2,2,0,0,0,2,2,3,1580,29,3,2011,3,1,28,0,16,4,HESSEN CASSEL RD,,0,41.04652500,-85.096552780,0,12,2,0,1,1,1,0,3,1,0,1,0,0000000,1,28,2,18,99,99,0,0,0,1,1
18,180131,2,2,0,0,0,2,2,3,3160,30,3,2011,4,6,15,0,16,4,MONROEVILLE RD,WAYNE TRACE,0,40.97643611,-85.018922220,0,12,6,0,2,2,1,0,2,10,0,10,0,0000000,6,17,6,32,99,99,0,0,0,1,0
18,180132,2,2,0,0,0,5,5,117,1690,28,3,2011,2,17,55,0,4,3,SR-56,,0,38.52419722,-86.661058330,0,12,2,0,1,1,1,0,1,1,0,1,0,0000000,17,55,18,4,99,99,0,0,0,1,0
18,180133,1,1,0,0,0,4,4,71,4440,27,3,2011,1,0,29,1,1,1,I-65,,540,39.01244722,-85.872800000,0,23,0,0,1,1,3,0,2,4,0,4,0,0000000,0,39,0,44,99,99,0,0,0,1,0
18,180134,1,1,0,0,0,2,2,57,1540,1,4,2011,6,22,45,0,16,4,113TH STREET,,0,39.95472222,-85.873130560,0,42,0,0,1,1,5,0,2,10,0,10,0,0000000,22,48,23,4,99,99,0,0,0,1,1
18,180135,1,1,0,0,0,1,1,91,2570,3,4,2011,1,4,24,0,16,4,CR-500,,0,41.61958056,-86.796455560,0,42,0,0,1,1,4,0,2,1,0,1,0,0000000,4,27,4,34,88,88,0,0,0,1,1
18,180136,1,1,0,0,0,1,1,167,4056,4,1,2011,3,10,59,0,16,4,S TRUEBLOOK PLACE,,0,39.33927500,-87.460527780,0,1,0,0,1,1,1,0,1,1,0,1,0,0000000,11,10,11,30,99,99,0,0,0,1,0
18,180137,2,2,0,0,0,5,5,157,2480,16,3,2011,4,7,57,0,6,4,UNION ST,,0,40.42460556,-86.873275000,0,12,6,0,1,1,1,0,1,1,0,1,0,0000000,7,58,8,0,99,99,0,0,0,1,0
18,180138,2,2,0,0,0,5,5,137,5010,24,3,2011,5,16,30,0,3,2,US-421S,CR-450 S,0,39.00871389,-85.286780560,0,12,1,0,2,2,1,0,1,10,0,10,0,0000000,16,33,16,33,99,99,0,0,0,2,0
18,180139,2,2,0,0,0,4,4,97,2210,1,4,2011,6,15,10,0,6,4,86TH ST,DITCH RD,0,39.91214722,-86.183944440,0,12,6,0,2,2,1,0,1,10,0,10,0,0000000,15,10,15,11,99,99,0,0,0,2,0
18,180140,2,2,0,0,0,3,3,39,1830,3,4,2011,1,15,33,0,3,2,US-6,,0,41.45012500,-85.805797220,0,12,2,0,1,1,1,0,1,1,0,1,0,0000000,15,33,15,37,99,99,0,0,0,2,0
18,180141,1,1,0,1,1,1,1,63,251,12,3,2011,7,9,19,0,16,4,CR-600 E,,0,39.78482778,-86.419144440,0,8,0,0,1,1,1,0,1,1,0,1,0,0000000,9,19,9,29,99,99,0,0,0,1,0
18,180142,1,1,0,0,0,5,5,141,3100,1,4,2011,6,18,30,1,1,1,I-80,,818,41.72280278,-86.157016670,0,34,0,0,1,1,4,0,5,2,0,2,0,0000000,18,32,18,39,99,99,0,0,0,1,1
18,180143,1,1,0,0,0,1,1,161,5170,3,4,2011,1,22,47,0,16,4,CONTRERAS PIKE,,0,39.53871667,-84.859213890,0,34,0,0,1,1,4,0,2,10,0,10,0,0000000,22,47,22,57,88,88,0,0,0,1,1
18,180144,2,2,0,0,0,2,2,89,1730,2,4,2011,7,5,30,0,14,2,US-20,UTAH ST,0,41.59493611,-87.292133330,0,12,1,0,2,2,1,0,3,1,0,1,0,0000000,5,36,5,40,99,99,0,0,0,1,1
18,180145,1,1,0,0,0,1,1,93,3110,4,4,2011,2,21,13,0,3,2,US-50,,0,38.71880833,-86.643777780,0,35,0,0,1,1,4,0,2,10,0,10,0,0000000,21,21,21,36,88,88,0,0,0,1,1
18,180146,2,2,0,0,0,2,2,55,5450,27,3,2011,1,4,10,0,3,2,US-231,,0,39.09336389,-86.999102780,0,12,2,0,1,1,1,0,2,10,0,10,0,0000000,4,10,4,18,99,99,0,0,0,1,2
18,180147,1,1,0,0,0,1,1,17,2730,4,4,2011,2,4,40,0,4,3,SR-25 N,,0,40.67569167,-86.512527780,0,34,0,0,1,1,4,0,2,10,0,10,0,0000000,4,45,4,51,88,88,0,0,0,1,1
18,180148,1,1,0,0,0,1,1,93,300,5,4,2011,3,22,10,0,4,3,SR- 37 RD,,0,38.98329722,-86.555700000,0,32,0,0,1,1,5,0,2,10,0,10,0,0000000,7,3,7,12,88,88,0,0,0,1,0
18,180149,2,2,0,0,0,2,2,107,2470,6,4,2011,4,8,25,0,4,3,SR-234,,0,39.91105278,-86.836966670,0,12,2,0,1,1,1,0,1,10,0,10,0,0000000,8,25,8,36,99,99,0,0,0,1,0
18,180150,1,1,0,0,0,1,1,9,2040,1,4,2011,6,6,43,0,4,3,SR-3,,0,40.42565000,-85.370250000,0,32,0,0,1,1,4,0,2,1,0,1,0,0000000,6,44,6,47,88,88,0,0,0,1,0
18,180151,2,2,0,0,0,2,2,21,460,3,4,2011,1,17,24,0,4,3,SR-59,CR-1200 N,0,39.56196667,-87.124705560,0,12,6,0,2,2,1,0,1,1,0,1,0,0000000,17,24,17,27,88,88,0,0,0,1,0
18,180152,2,2,0,0,0,2,2,97,2210,4,4,2011,2,15,26,0,6,4,WASHINGTON ST,,0,39.74508611,-86.275494440,0,12,6,0,8,1,1,0,1,2,0,2,0,0000000,15,26,15,31,99,99,0,0,0,1,0
18,180153,1,1,0,0,0,2,2,157,2480,8,4,2011,6,4,20,0,6,4,KOSSUTH ST,PARK AVE,0,40.41016389,-86.868983330,0,30,0,0,2,2,4,0,2,2,0,2,0,0000000,4,24,4,27,99,99,0,0,0,1,1
18,180154,1,1,0,0,0,1,1,77,2830,10,4,2011,1,2,45,0,4,3,SR-56,,1380,38.73658333,-85.440813890,0,39,0,0,1,1,5,0,2,1,0,1,0,0000000,3,5,4,12,88,88,0,0,0,1,1
18,180155,1,1,0,0,0,1,1,59,1890,11,4,2011,2,9,0,0,16,4,MERIDIAN RD,,0,39.72828056,-85.800733330,0,42,0,0,1,1,5,0,1,2,0,2,0,0000000,9,0,9,13,88,88,0,0,0,1,0
18,180156,1,1,0,0,0,1,1,89,4380,10,4,2011,1,19,15,0,14,2,US-41,,0,41.51808889,-87.471600000,0,33,0,0,1,1,4,0,1,1,0,1,0,0000000,19,16,19,20,88,88,0,0,0,1,0
18,180157,2,2,0,0,0,2,2,85,3960,14,4,2011,5,10,0,0,16,4,CR- 650 E,,0,41.23615556,-85.718894440,0,12,2,0,1,1,1,0,1,1,0,1,0,0000000,10,0,10,4,99,99,0,0,0,1,0
18,180158,2,2,0,0,0,3,3,95,1440,10,4,2011,1,19,37,0,4,3,SR-28,,0,40.27751944,-85.784416670,0,12,2,0,1,1,1,0,1,10,0,10,0,0000000,19,37,19,44,99,99,0,0,0,1,0
18,180159,1,1,0,1,1,1,1,97,2210,13,4,2011,4,18,23,0,6,4,WASHINGTON ST,,0,39.76659722,-86.193302780,0,8,0,0,1,1,1,0,1,1,0,1,0,0000000,18,24,18,26,99,99,0,0,0,1,0
18,180160,1,1,0,1,1,1,1,1,1180,13,4,2011,4,10,15,0,15,3,SR-27,WINCHESTER ST,0,40.81031944,-84.937283330,0,8,0,0,3,2,1,1,1,1,0,1,0,0000000,10,19,10,20,88,88,3,0,0,1,0
18,180161,7,7,0,0,0,9,9,97,2210,11,4,2011,2,8,50,1,11,1,I-70 E,,730,39.71172222,-86.269169440,0,25,0,0,1,1,3,1,1,2,0,2,0,0000000,8,58,9,2,88,88,14,0,0,1,0
18,180162,1,1,0,0,0,1,1,141,3630,15,4,2011,6,23,55,0,16,4,RILEY RD,,0,41.50620000,-86.407813890,0,1,0,0,1,1,5,0,2,2,0,2,0,0000000,23,59,0,12,88,88,0,0,0,1,1
18,180163,1,1,0,0,0,1,1,113,2320,10,4,2011,1,13,0,0,16,4,CR-600 E,,0,41.45260278,-85.308452780,0,5,0,0,1,1,1,0,1,10,0,10,0,0000000,19,26,19,37,99,99,0,0,0,1,0
18,180164,3,3,0,0,0,8,8,5,990,10,4,2011,1,4,9,1,1,1,I-65 N,,715,39.24435556,-85.954858330,0,24,0,0,1,1,4,0,4,1,0,1,0,0000000,4,9,4,14,99,99,14,0,0,1,1
18,180165,1,1,0,0,0,1,1,171,5210,18,4,2011,2,12,30,0,16,4,CR-450 S RD,,0,40.25123333,-87.434350000,0,1,0,0,1,1,4,0,1,1,0,1,0,0000000,12,30,12,35,99,99,0,0,0,1,0
18,180166,1,1,0,1,1,1,1,127,820,17,4,2011,1,18,43,0,15,3,SR-49,,0,41.57635278,-87.045708330,0,8,0,0,1,1,1,0,1,1,0,1,0,0000000,18,39,18,43,99,99,0,0,0,1,0
18,180167,2,2,0,0,0,2,2,89,2515,14,4,2011,5,6,2,1,11,1,I-80,,134,41.57484167,-87.270369440,0,12,7,0,1,1,1,1,4,1,0,1,0,0000000,6,8,6,24,88,88,0,0,0,1,0
18,180168,1,1,0,0,0,1,1,55,360,16,4,2011,7,21,45,0,3,2,US-231 S,,0,38.97595833,-86.927175000,0,42,0,0,1,1,4,0,2,1,0,1,0,0000000,21,55,22,8,88,88,0,0,0,1,0
18,180169,1,1,0,0,0,2,2,171,3970,24,4,2011,1,18,21,0,16,4,CR-1050 N,,0,99.99990000,999.999900000,0,5,0,0,1,1,1,0,1,1,0,1,0,0000000,18,24,18,38,88,88,0,0,0,1,0
18,180170,2,2,0,0,0,2,2,71,4440,14,4,2011,5,10,24,0,14,2,US-50 E,,0,38.94966389,-85.911111110,0,12,7,0,1,1,1,0,1,1,0,1,0,0000000,10,25,10,25,99,99,0,0,0,1,0
18,180171,1,1,0,0,0,2,2,39,1830,23,4,2011,7,18,38,0,4,3,SR-4 E,,0,41.59253056,-85.782452780,0,34,0,0,1,1,4,0,1,1,0,1,0,0000000,18,38,18,38,99,99,20,0,0,1,1
18,180172,1,1,0,0,0,1,1,53,2900,25,4,2011,2,22,54,0,16,4,CR-950 E,,0,40.39583889,-85.492338890,0,59,0,0,1,1,4,0,2,10,0,10,0,0000000,22,55,22,57,99,99,0,0,0,1,0
18,180173,2,2,0,0,0,4,4,167,4840,16,3,2011,4,18,0,0,6,4,LAFAYETTE AVE,,0,39.50786667,-87.386094440,0,12,6,0,4,1,1,0,1,1,0,1,0,0000000,18,0,18,7,99,99,0,0,0,1,0
18,180174,1,1,0,0,0,1,1,97,2210,11,4,2011,2,3,12,1,11,1,I-70,,840,39.78965278,-86.128075000,0,25,0,0,1,1,3,0,3,10,0,10,0,0000000,3,17,3,24,88,88,0,0,0,1,0
18,180175,1,1,0,0,0,1,1,167,4840,21,4,2011,5,23,39,0,3,2,US-41 S,,0,39.28827500,-87.388772220,0,32,0,0,1,1,4,0,2,1,0,1,0,0000000,23,41,23,59,99,99,0,0,0,1,0
18,180176,1,1,0,1,1,1,1,97,2210,2,4,2011,7,16,16,0,6,4,TREMONT ST,,0,39.78070556,-86.201133330,0,8,0,0,1,1,1,0,1,1,0,1,0,0000000,16,16,16,19,99,99,0,0,0,1,0
18,180177,2,2,0,0,0,2,2,15,1200,30,4,2011,7,10,45,0,3,2,US-421,,0,40.59423889,-86.712755560,0,12,6,0,8,1,1,0,1,10,0,10,0,0000000,10,47,10,56,99,99,0,0,0,1,0
18,180178,2,2,0,0,0,2,2,75,4040,30,4,2011,7,16,26,0,15,3,SR-67,WILLIAMS RD,0,40.43930000,-84.988744440,0,12,6,0,2,2,1,0,1,1,0,1,0,0000000,16,26,16,28,99,99,0,0,0,1,0
18,180179,2,2,0,0,0,2,2,141,3100,30,4,2011,7,21,45,0,15,3,SR-933 W,LOGAN ST,0,41.65973333,-86.196480560,0,12,6,0,2,2,1,0,3,1,0,1,0,0000000,21,45,21,52,99,99,0,0,0,1,1
18,180180,1,1,0,0,0,1,1,175,4340,21,4,2011,5,12,16,0,4,3,SR-135,,0,38.55625833,-86.096730560,0,52,0,0,1,1,4,0,1,1,0,1,0,0000000,12,17,12,17,88,88,0,0,0,1,0
18,180181,1,1,0,0,0,1,1,127,4960,5,5,2011,5,3,40,0,16,4,SAGER RD,,0,41.44928889,-87.051716670,0,32,0,0,1,1,4,0,2,1,0,1,0,0000000,3,42,3,44,88,88,0,0,0,1,1
18,180182,2,2,0,0,0,2,2,63,251,5,5,2011,5,0,14,0,6,4,CR-100 N RD,,0,39.77800278,-86.362794440,0,12,2,0,1,1,1,0,2,10,0,10,0,0000000,0,16,0,20,99,99,0,0,0,1,0
18,180183,2,2,0,0,0,3,3,127,2440,3,5,2011,3,9,26,0,4,3,SR-49,,0,41.34018333,-87.026352780,0,12,2,0,1,1,1,0,1,1,0,1,0,0000000,9,28,9,35,99,99,0,0,0,1,0
18,180184,2,1,1,0,1,1,2,89,1730,3,5,2011,3,15,57,1,1,1,I-80,,80,41.56963056,-87.379277780,0,14,0,0,1,1,2,0,1,10,0,10,0,0000000,16,0,16,14,99,99,0,0,0,1,0
18,180185,1,1,0,0,0,1,1,107,1060,4,5,2011,4,6,50,0,16,4,CR-150 S,,0,40.01768889,-86.843833330,0,10,0,0,6,1,1,0,1,1,0,1,0,543069V,6,58,7,2,88,88,0,0,0,1,0
18,180186,2,2,0,0,0,4,4,3,2178,17,4,2011,1,21,20,0,15,3,SR-3,OLD LIMA RD,0,41.21617778,-85.171380560,0,12,6,0,2,2,1,0,2,10,0,10,0,0000000,21,21,21,23,99,99,0,0,0,1,1
18,180187,2,2,0,0,0,5,5,61,2910,3,5,2011,3,20,0,0,16,4,FAITH RD,,0,38.06465000,-86.239500000,0,12,2,0,1,1,1,0,5,1,0,1,0,0000000,19,43,19,52,99,99,0,0,0,1,1
18,180188,1,1,0,0,0,1,1,19,800,8,5,2011,1,21,0,0,4,3,SR-3,,0,38.58668611,-85.647525000,0,34,0,0,1,1,4,0,5,1,0,1,0,0000000,21,3,21,16,99,99,0,0,0,1,1
18,180189,2,2,0,0,0,3,3,137,5010,2,5,2011,2,0,15,0,3,2,US-50,,0,39.05838056,-85.179538890,0,12,2,0,1,1,1,0,2,2,0,2,0,0000000,0,18,0,22,99,99,0,0,0,1,0
18,180190,1,1,0,1,1,1,1,3,1580,8,5,2011,1,18,8,0,6,4,FAYETTE DR,,0,41.02771667,-85.116491670,0,8,0,0,1,1,1,0,1,1,0,1,0,0000000,18,20,18,52,99,99,0,0,0,1,0
18,180191,1,1,0,2,2,1,1,97,2210,7,5,2011,7,23,46,0,6,4,MORRIS STREET,,0,39.75042222,-86.216238890,0,8,0,0,1,1,1,0,2,2,0,2,0,0000000,0,3,0,13,99,99,0,0,0,1,0
18,180192,2,2,0,0,0,2,2,103,3940,5,5,2011,5,8,45,0,4,3,SR-18,,0,40.57888889,-86.013422220,0,12,8,0,1,1,1,0,1,1,0,1,0,0000000,8,45,8,54,88,88,0,0,0,1,0
18,180193,1,1,0,0,0,1,1,141,4580,8,5,2011,1,15,35,0,6,4,MAIN ST,,0,41.61395000,-86.254027780,0,5,0,0,1,1,1,0,1,1,0,1,0,0000000,15,35,15,37,99,99,0,0,0,1,0
18,180194,1,1,0,0,0,2,2,23,970,11,5,2011,4,15,11,0,3,2,US-52 S,,0,40.17920000,-86.618527780,0,1,0,0,1,1,3,0,1,1,0,1,0,0000000,15,11,15,23,99,99,0,0,0,1,0
18,180195,2,2,0,0,0,4,4,167,4840,6,5,2011,6,17,32,0,16,4,OLD RILEY RD,,0,39.41395000,-87.344727780,0,12,6,0,1,1,1,0,1,1,0,1,0,0000000,17,32,17,46,99,99,0,0,0,2,0
18,180196,2,2,0,0,0,3,3,99,470,12,5,2011,5,11,49,0,3,2,US-6,MIAMI TRAIL,0,41.46041667,-86.192550000,0,12,6,0,2,2,1,0,1,1,0,1,0,0000000,11,50,12,12,99,99,0,0,0,2,0
18,180197,2,2,0,0,0,2,2,93,4685,13,5,2011,6,14,56,0,4,3,SR-54/58 W,,0,38.93070556,-86.596555560,0,12,2,0,1,1,1,0,1,1,0,1,0,0000000,14,56,15,8,99,99,0,0,0,1,0
18,180199,2,2,0,0,0,3,3,3,3160,14,5,2011,7,18,46,0,3,2,US-30,OLD LINCOLN HWY,0,40.99991667,-84.809044440,0,12,6,0,3,3,1,0,1,2,0,2,0,0000000,18,46,19,6,99,99,0,0,0,1,1
18,180200,2,2,0,0,0,2,2,169,5040,4,5,2011,4,11,38,0,4,3,SR-15,ANGLING RD,0,40.86810833,-85.887600000,0,12,2,0,3,4,1,0,1,1,0,1,0,0000000,11,40,11,45,99,99,0,0,0,2,0
18,180201,2,2,0,0,0,4,4,1,1180,13,5,2011,6,22,29,0,16,4,PIQUA RD,,0,40.80239167,-84.833572220,0,12,6,0,1,1,1,0,2,2,0,2,0,0000000,22,30,22,37,99,99,0,0,0,1,0
18,180202,1,1,0,0,0,3,3,39,1830,16,5,2011,2,21,34,0,6,4,BRIDGE ST,8TH ST,0,41.58856944,-85.828202780,0,5,0,0,2,3,1,0,2,1,0,1,0,0000000,21,34,21,39,99,99,0,0,0,1,0
18,180203,1,1,0,0,0,2,2,141,3440,14,5,2011,7,8,55,0,16,4,TIMOTHY RD,,0,41.74932222,-86.505169440,0,42,0,0,1,1,4,0,1,2,0,2,0,0000000,8,55,9,8,99,99,0,0,0,1,1
18,180204,1,1,0,0,0,1,1,97,2210,14,5,2011,7,2,55,0,6,4,KEYSTONE AVE,,0,39.85465556,-86.122011110,0,30,0,0,1,1,4,0,3,1,0,1,0,0000000,2,55,2,55,99,99,0,0,0,1,1
18,180205,1,1,0,0,0,1,1,97,2210,17,5,2011,3,13,19,0,6,4,PADDOCK RD,,0,39.64092500,-86.288294440,0,42,0,0,1,1,4,0,1,10,0,10,0,0000000,13,19,13,19,99,99,20,0,0,1,0
18,180206,1,1,0,0,0,1,1,39,1410,18,5,2011,4,11,54,0,16,4,CR-19,,0,41.73977778,-85.871158330,0,42,0,0,1,1,4,0,1,10,0,10,0,0000000,11,54,12,8,88,88,0,0,0,1,0
18,180207,1,1,0,0,0,1,1,93,9997,18,5,2011,4,17,59,0,16,4,LEESVILLE RD,,0,38.87573333,-86.281944440,0,42,0,0,1,1,4,0,1,2,0,2,0,0000000,17,59,18,16,99,99,0,0,0,1,0
18,180208,1,1,0,0,0,1,1,97,2210,16,5,2011,2,20,18,1,11,1,I-465,A RAMP,270,39.92438889,-86.227108330,0,35,0,1,5,1,5,0,1,1,0,1,0,0000000,20,18,20,39,88,88,0,0,0,1,0
18,180209,2,2,0,0,0,3,3,57,3590,20,5,2011,6,3,58,0,4,3,SR-37,,0,40.11175556,-85.954283330,0,12,2,0,1,1,1,0,2,1,0,1,0,0000000,3,59,4,6,99,99,0,0,0,1,1
18,180210,2,2,0,0,0,3,3,39,3380,16,5,2011,2,14,13,0,3,2,US-6,,0,41.44365833,-86.034258330,0,12,8,0,1,1,1,0,1,1,0,1,0,0000000,14,30,14,52,99,99,0,0,0,1,0
18,180211,1,1,0,0,0,1,1,39,1410,22,5,2011,1,18,50,0,16,4,CR-28,,0,41.60870556,-86.031533330,0,30,0,0,1,1,4,0,1,2,0,2,0,0000000,18,50,19,2,88,88,0,0,0,1,1
18,180212,2,2,0,0,0,2,2,97,2210,4,5,2011,4,3,3,0,6,4,MASSACHUSETTS AVE,PRODUCERS DR,0,39.80568056,-86.094005560,0,12,6,0,2,3,1,0,3,1,0,1,0,0000000,3,4,3,6,99,99,0,0,0,1,1
18,180213,1,1,0,0,0,2,2,121,370,16,5,2011,2,1,17,0,3,2,US-41,,0,39.82412778,-87.236466670,0,32,0,0,1,1,4,0,2,2,0,2,0,0000000,1,17,1,23,88,88,0,0,0,2,1
18,180214,1,1,0,0,0,1,1,37,2260,13,5,2011,6,17,21,0,4,3,SR-545 E,,0,38.42784167,-86.725816670,0,32,0,0,1,1,5,0,1,1,0,1,0,0000000,17,21,17,25,88,88,0,0,0,1,0
18,180215,1,1,0,0,0,1,1,67,2430,23,5,2011,2,7,19,0,16,4,WEBSTER ST,,0,40.42725000,-86.136716670,0,42,0,0,1,1,4,0,1,1,0,1,0,0000000,7,19,7,26,99,99,0,0,0,1,0
18,180216,1,1,0,0,0,1,1,15,604,25,5,2011,4,3,57,0,4,3,SR-22,,0,40.48898333,-86.384297220,0,24,0,0,1,1,4,0,2,10,0,10,0,0000000,4,2,4,13,88,88,0,0,0,1,1
18,180217,1,1,0,2,2,1,1,87,2500,8,5,2011,1,12,30,0,4,3,SR-120,,0,41.72653611,-85.609030560,0,9,0,0,1,1,1,0,1,10,0,10,0,0000000,12,32,12,35,88,88,0,0,0,2,0
18,180218,2,2,0,0,0,2,2,127,4025,24,5,2011,3,12,11,0,6,4,WILLOWCREEK BYPASS,,0,41.58423333,-87.183422220,0,12,6,0,1,1,1,0,1,1,0,1,0,0000000,12,11,12,17,88,88,0,0,0,1,0
18,180219,1,1,0,0,0,1,1,145,4470,22,5,2011,1,8,55,0,4,3,SR-9 S,,0,39.42445833,-85.750952780,0,53,0,0,1,1,4,0,1,1,0,1,0,0000000,8,57,9,3,99,99,0,0,0,1,0
18,180220,1,1,0,0,0,1,1,147,4364,22,5,2011,1,2,30,0,4,3,SR- 162 E,,0,38.15311944,-86.884688890,0,35,0,0,1,1,4,0,2,10,0,10,0,0000000,8,40,8,47,99,99,0,0,0,1,0
18,180221,1,1,0,1,1,1,1,59,9997,24,5,2011,3,23,38,0,16,4,CR-600 W,,0,39.69850278,-85.632463890,0,9,0,0,1,1,1,0,2,10,0,10,0,0000000,23,38,23,45,99,99,0,0,0,1,1
18,180222,2,2,0,0,0,4,4,35,50,22,5,2011,1,4,28,0,4,3,SR-67 N,CR-500 N,0,40.26264722,-85.331811110,0,12,6,0,2,2,1,0,2,1,0,1,0,0000000,4,28,4,40,99,99,0,0,0,1,1