STATE,ST_CASE,VE_TOTAL,VE_FORMS,PVH_INVL,PEDS,PERNOTMVIT,PERMVIT,PERSONS,COUNTY,CITY,DAY,MONTH,YEAR,DAY_WEEK,HOUR,MINUTE,NHS,ROAD_FNC,ROUTE,TWAY_ID,TWAY_ID2,MILEPT,LATITUDE,LONGITUD,SP_JUR,HARM_EV,MAN_COLL,RELJCT1,RELJCT2,TYP_INT,REL_ROAD,WRK_ZONE,LGT_COND,WEATHER1,WEATHER2,WEATHER,SCH_BUS,RAIL,NOT_HOUR,NOT_MIN,ARR_HOUR,ARR_MIN,HOSP_HR,HOSP_MN,CF1,CF2,CF3,FATALS,DRUNK_DR
18,180223,2,2,0,0,0,2,2,79,3670,13,5,2011,6,21,32,0,16,4,COUNTRY MANOR DR,TUDOR PLACE,0,39.04226944,-85.693338890,0,12,1,0,3,3,1,0,2,1,0,1,0,0000000,21,32,21,41,99,99,0,0,0,1,0
18,180224,1,1,0,0,0,1,1,43,1788,26,5,2011,5,19,50,1,1,1,I-64 E,,1160,38.28252500,-85.941752780,0,39,0,0,1,1,3,0,1,10,0,10,0,0000000,19,53,19,58,99,99,0,0,0,1,0
18,180225,2,2,0,0,0,3,3,89,2120,27,5,2011,6,23,15,0,14,2,US-30 E,,0,41.47086944,-87.274016670,0,12,1,0,1,1,1,0,2,10,0,10,0,0000000,23,43,23,58,88,88,0,0,0,1,1
18,180226,2,2,0,0,0,3,3,163,1480,27,5,2011,6,18,53,0,4,3,SR-65,BOONVILLE NEW HARMON,0,38.10204167,-87.646180560,0,12,6,0,2,2,1,0,1,10,0,10,0,0000000,18,53,19,0,99,99,0,0,0,1,0
18,180227,1,1,0,0,0,4,4,141,3100,28,5,2011,7,1,0,0,16,4,DOGWOOD RD,DRAGOON TRAIL,0,41.62994167,-86.118994440,0,5,0,0,3,3,1,0,2,10,0,10,0,0000000,88,88,88,88,88,88,0,0,0,1,1
18,180228,3,1,2,1,1,1,1,89,2010,29,5,2011,1,6,41,0,6,4,KENNEDY AVE,,0,41.59666944,-87.461386110,0,19,0,0,1,1,5,0,1,10,0,10,0,0000000,6,41,6,48,88,88,0,0,0,1,1
18,180229,1,1,0,0,0,2,2,95,140,15,5,2011,1,0,5,0,6,4,5TH ST,,0,40.11119722,-85.657461110,0,33,0,0,1,1,4,0,2,2,0,2,0,0000000,0,5,0,8,99,99,0,0,0,1,0
18,180230,1,1,0,0,0,1,1,41,1000,30,5,2011,2,0,30,0,16,4,CR-200 E,,0,39.62499444,-85.101213890,0,5,0,0,1,1,5,0,2,1,0,1,0,0000000,1,21,1,30,88,88,0,0,0,1,0
18,180231,2,2,0,0,0,2,2,17,2730,31,5,2011,3,18,0,0,15,3,SR-25,CLIFF DR,0,40.74646111,-86.377213890,0,12,6,0,2,2,1,0,1,1,0,1,0,0000000,18,0,18,2,99,99,0,0,0,1,0
18,180232,2,2,0,0,0,2,2,35,3360,19,5,2011,5,15,45,0,6,4,NORTH MORRISON RD,WEST WILLIAMSBURG BL,0,40.21571667,-85.442991670,0,12,6,0,3,3,1,0,1,2,0,2,0,0000000,15,45,15,51,99,99,0,0,0,1,0
18,180235,2,2,0,0,0,4,4,91,4890,1,6,2011,4,16,22,0,3,2,US-20,,0,41.68823333,-86.838641670,0,12,1,0,1,1,1,0,1,1,0,1,0,0000000,16,22,16,27,99,99,0,0,0,1,0
18,180236,1,1,0,0,0,1,1,179,3810,3,6,2011,6,1,55,0,3,2,US-224,,0,40.83049444,-85.092808330,0,34,0,0,1,1,4,0,2,1,0,1,0,0000000,1,57,2,11,88,88,0,0,0,1,1
18,180237,2,2,0,0,0,2,2,157,2480,31,5,2011,3,10,41,0,4,3,SR-25 W,,0,40.35870000,-87.010025000,0,12,2,0,1,1,1,0,1,1,0,1,0,0000000,10,43,10,55,99,99,0,0,0,1,0
18,180238,2,2,0,0,0,2,2,97,2210,30,5,2011,2,11,32,0,16,4,SHELBYVILLE RD,,0,39.64140833,-86.014725000,0,12,7,0,1,1,1,0,1,1,0,1,0,0000000,11,34,11,40,99,99,0,0,0,1,0
18,180240,1,1,0,0,0,1,1,139,4270,1,6,2011,4,11,15,0,4,3,SR-244 W,,0,39.49768333,-85.578688890,0,5,0,0,1,1,5,0,1,1,0,1,0,0000000,11,20,11,32,88,88,0,0,0,1,0
18,180241,1,1,0,0,0,2,2,97,2210,1,6,2011,4,4,39,1,11,1,I-74,,730,39.80748056,-86.278897220,0,52,0,1,5,1,4,1,4,1,0,1,0,0000000,4,43,5,3,99,99,0,0,0,1,0
18,180242,1,1,0,0,0,1,1,49,4190,2,6,2011,5,14,40,0,4,3,SR-19,,0,41.02646944,-86.023722220,0,30,0,0,1,1,4,0,1,1,0,1,0,0000000,14,48,14,58,88,88,0,0,0,1,1
18,180243,1,1,0,0,0,1,1,91,2370,4,6,2011,7,3,0,0,14,2,US-35,,0,41.53306111,-86.698608330,0,1,0,0,1,1,3,0,2,1,0,1,0,0000000,3,1,3,5,88,88,0,0,0,1,1
18,180244,1,1,0,0,0,1,1,77,2830,28,5,2011,7,18,13,0,16,4,CR-500 N,,0,38.82210556,-85.517019440,0,5,0,0,1,1,5,0,1,1,0,1,0,0000000,18,13,18,16,99,99,0,0,0,1,1
18,180245,2,2,0,0,0,2,2,167,4840,6,6,2011,2,18,4,0,15,3,SR-40 W,,0,39.47535833,-87.350791670,0,33,0,0,1,1,4,0,1,1,0,1,0,0000000,18,6,18,9,99,99,0,0,0,1,0
18,180246,1,1,0,0,0,1,1,19,418,1,6,2011,4,14,10,0,4,3,SR-60,,0,38.48124167,-85.977030560,0,53,0,0,1,1,4,0,1,1,0,1,0,0000000,14,15,14,24,99,99,0,0,0,1,0
18,180247,1,1,0,1,1,1,1,3,1580,7,6,2011,3,22,45,0,15,3,SR-930 W,,0,41.11777222,-85.166102780,0,8,0,0,1,1,1,0,2,1,0,1,0,0000000,22,46,23,3,99,99,0,0,0,1,0
18,180248,1,1,0,0,0,1,1,163,1480,7,6,2011,3,17,43,0,16,4,OLD HENDERSON RD,,0,37.89409167,-87.602919440,0,24,0,0,1,1,4,0,1,1,0,1,0,0000000,17,46,17,50,88,88,0,0,0,1,1
18,180249,2,2,0,0,0,5,5,9,2040,7,6,2011,3,17,29,0,4,3,SR-26 W,CR-200 W,0,40.44965833,-85.331561110,0,12,6,0,2,2,1,0,1,1,0,1,0,0000000,17,29,17,32,99,99,0,0,0,1,0
18,180250,1,1,0,0,0,2,2,145,4470,2,6,2011,5,5,8,0,4,3,SR-9 S,,0,39.47019167,-85.763697220,0,1,0,0,1,1,5,0,2,1,0,1,0,0000000,5,8,5,21,99,99,0,0,0,1,1
18,180251,1,1,0,0,0,4,4,95,140,4,6,2011,7,20,3,0,16,4,MOUNDS RD,SR-232,0,40.09553333,-85.618519440,0,16,0,0,2,3,1,0,5,6,0,6,0,0000000,20,3,20,10,99,99,0,0,0,1,0
18,180252,1,1,0,0,0,4,4,5,990,7,6,2011,3,23,48,1,1,1,I-65,,780,39.31775278,-85.948830560,0,1,0,0,1,1,4,0,2,1,0,1,0,0000000,23,49,23,49,99,99,0,0,0,1,0
18,180253,1,1,0,1,1,1,1,97,2210,5,6,2011,1,22,39,0,6,4,38TH ST,,0,39.82373611,-86.256933330,0,8,0,0,1,1,1,1,2,1,0,1,0,0000000,22,39,22,40,88,88,3,0,0,1,0
18,180254,2,2,0,0,0,3,3,163,1480,7,6,2011,3,23,25,0,6,4,ADAMS AVE,KENTUCKY AVE,0,37.96196389,-87.547827780,0,12,6,0,2,2,1,0,2,1,0,1,0,0000000,23,25,23,28,99,99,0,0,0,1,1
18,180255,1,1,0,1,1,1,1,171,4700,8,6,2011,4,15,58,0,4,3,SR-63,,0,40.16536389,-87.448522220,0,18,0,0,1,1,1,1,1,1,0,1,0,0000000,16,0,16,7,88,88,0,0,0,1,0
18,180256,1,1,0,0,0,1,1,85,2950,11,6,2011,7,15,50,0,16,4,BURNER RD,,0,41.18618333,-85.937658330,0,42,0,0,1,1,4,0,1,1,0,1,0,0000000,15,51,16,5,99,99,0,0,0,1,0
18,180257,2,2,0,0,0,3,3,145,4470,7,6,2011,3,17,40,0,4,3,SR-44,CR-650 E,0,39.55750556,-85.662197220,0,12,2,0,2,2,1,0,1,1,0,1,0,0000000,17,41,17,44,99,99,0,0,0,1,0
18,180259,3,3,0,0,0,3,3,129,3340,18,5,2011,4,11,56,0,15,3,SR-62 W,SR-69 BYPASS,0,37.94303333,-87.850800000,0,12,1,0,2,2,1,0,1,1,0,1,0,0000000,12,0,12,5,99,99,14,0,0,1,0
18,180260,1,1,0,0,0,1,1,89,1100,8,6,2011,4,22,24,1,11,1,I-65,,2470,41.39203889,-87.325000000,0,34,0,0,1,1,3,0,2,10,0,10,0,0000000,22,34,22,43,99,99,0,0,0,1,1
18,180261,2,2,0,0,0,2,2,3,1580,14,6,2011,3,7,45,0,6,4,JEFFERSON BLVD,,0,41.03258889,-85.255150000,0,12,6,0,8,1,1,0,1,1,0,1,0,0000000,7,45,7,49,99,99,0,0,0,1,0
18,180262,1,1,0,1,1,1,1,73,1206,16,6,2011,5,10,8,0,14,2,US-231,,0,41.21743611,-87.199000000,0,8,0,0,1,1,1,1,1,1,0,1,0,0000000,10,8,10,27,99,99,0,0,0,1,0
18,180263,2,2,0,0,0,2,2,67,2430,17,6,2011,6,7,48,0,16,4,CR-50 SOUTH RD,CR-300 WEST RD,0,40.52058611,-86.117450000,0,5,0,0,2,2,1,0,1,1,0,1,0,0000000,7,48,7,52,99,99,0,0,0,1,0
18,180264,3,3,0,0,0,4,4,57,5180,17,6,2011,6,12,9,0,6,4,146 ST,GRAY RD,0,40.00033333,-86.089725000,0,12,6,0,2,2,1,0,1,1,0,1,0,0000000,12,9,12,14,88,88,0,0,0,2,1
18,180266,1,1,0,0,0,1,1,157,9997,18,6,2011,7,15,40,0,16,4,CR-700 W RD,,0,40.31572778,-87.008713890,0,34,0,0,1,1,4,0,1,1,0,1,0,0000000,15,45,15,55,88,88,0,0,0,1,1
18,180267,2,2,0,0,0,2,2,81,1650,9,6,2011,5,9,6,0,14,2,US-31 N,KING ST,0,39.48221667,-86.064255560,0,12,6,0,2,2,1,0,1,1,0,1,0,0000000,9,8,9,9,88,88,0,0,0,1,0
18,180268,1,1,0,1,1,1,1,63,3990,19,6,2011,1,4,49,0,4,3,SR-67,PROSPERITY CIR,0,39.63794167,-86.339808330,0,8,0,0,2,3,1,0,2,10,0,10,0,0000000,4,51,5,3,88,88,0,0,0,1,0
18,180269,2,1,1,0,0,1,1,103,3940,14,5,2011,7,3,49,0,4,3,SR-124,,0,40.74073889,-85.955508330,0,18,0,0,1,1,5,0,3,1,0,1,0,0000000,3,51,3,57,88,88,0,0,0,1,1
18,180270,1,1,0,1,1,1,1,91,2570,18,6,2011,7,8,19,0,16,4,CR-1000 N,RANGE RD,0,41.75232778,-86.700066670,0,9,0,0,3,3,2,0,1,1,0,1,0,0000000,8,19,8,27,88,88,0,0,0,1,0
18,180271,2,2,0,0,0,2,2,97,2210,17,6,2011,6,11,55,0,6,4,38TH ST,,0,39.82631944,-85.990247220,0,12,2,0,1,1,1,0,1,1,0,1,0,0000000,11,58,12,2,99,99,0,0,0,1,0
18,180272,2,2,0,0,0,4,4,97,2210,17,6,2011,6,14,40,0,6,4,91ST ST,WESTFIELD BLVD,0,39.91971111,-86.127936110,0,12,6,0,2,2,1,0,1,1,0,1,0,0000000,14,40,14,46,99,99,0,0,0,1,0
18,180273,1,1,0,0,0,2,2,97,2210,20,6,2011,2,19,58,0,6,4,36TH PL,,0,39.82471667,-85.999919440,0,42,0,0,1,1,4,0,1,10,0,10,0,0000000,19,58,20,10,99,99,0,0,0,1,0
18,180274,2,2,0,0,0,2,2,85,3960,21,6,2011,3,12,50,0,3,2,US-30 E,SR-13 N,0,41.20450278,-85.705275000,0,12,1,0,3,2,1,0,1,1,0,1,0,0000000,12,50,13,0,88,88,0,0,0,1,0
18,180275,1,1,0,0,0,1,1,3,2178,21,6,2011,3,19,55,0,16,4,BAIRD RD,,0,41.18420833,-85.196913890,0,30,0,0,1,1,4,0,1,2,0,2,0,0000000,20,40,21,7,99,99,0,0,0,1,1
18,180276,1,1,0,0,0,1,1,55,360,18,6,2011,7,12,0,0,16,4,VIADUCT RD,,0,39.07154444,-86.853575000,0,3,0,0,1,1,5,0,1,10,0,10,0,0000000,19,46,20,13,88,88,0,0,0,1,0
18,180277,3,3,0,0,0,4,4,177,4120,17,6,2011,6,12,58,1,11,1,I-70 E,,0,39.86979167,-84.908641670,0,12,1,0,1,1,1,0,1,1,0,1,0,0000000,13,0,13,4,99,99,14,0,0,1,0
18,180278,1,1,0,0,0,2,2,157,5200,21,6,2011,3,19,21,0,4,3,SR-43,,0,40.47352500,-86.884430560,0,16,0,0,1,1,4,0,5,6,0,6,0,0000000,19,31,19,53,99,99,0,0,0,1,0
18,180279,3,3,0,0,0,5,5,83,5030,21,6,2011,3,20,0,0,6,4,WASHINGTON AVE,ST CLAIR ST,0,38.68203889,-87.512500000,0,12,6,0,2,2,1,0,1,2,0,2,0,0000000,20,0,20,3,88,88,0,0,0,1,0
18,180281,2,2,0,0,0,3,3,105,380,23,6,2011,5,10,50,0,4,3,SR-46 E,,0,39.15162778,-86.390047220,0,24,0,0,1,1,4,0,1,10,0,10,0,0000000,10,50,11,0,99,99,0,0,0,1,1
18,180282,2,2,0,0,0,2,2,127,2440,21,6,2011,3,13,40,0,4,3,SR-49,CR-600 S,0,41.34666111,-87.026997220,0,12,6,0,2,2,1,0,1,1,0,1,0,0000000,13,44,13,58,99,99,0,0,0,1,1
18,180283,1,1,0,1,1,1,1,97,2210,24,6,2011,6,2,30,0,6,4,OLIVER AVE,,0,39.75731944,-86.221433330,0,9,0,0,1,1,1,0,2,10,0,10,0,0000000,2,33,2,41,88,88,0,0,0,1,0
18,180285,1,1,0,0,0,3,3,35,50,22,6,2011,4,17,53,0,16,4,EATON ALBANY PIKE,,0,40.32331667,-85.268069440,0,34,0,0,1,1,4,0,1,10,0,10,0,0000000,17,54,18,1,99,99,0,0,0,2,1
18,180286,1,1,0,0,0,1,1,57,3590,27,6,2011,2,4,20,0,4,3,SR-13,8TH ST,0,40.13885833,-85.862961110,0,31,0,0,3,3,4,0,2,1,0,1,0,0000000,4,24,4,37,88,88,0,0,0,1,0
18,180287,4,4,0,0,0,6,6,97,2600,9,6,2011,5,12,16,0,14,2,US-36 E,,0,39.85731111,-85.983725000,0,33,0,0,1,1,4,0,1,1,0,1,0,0000000,12,16,12,18,99,99,0,0,0,1,0
18,180288,3,3,0,0,0,4,4,141,4580,26,6,2011,1,14,4,0,3,2,US-31,MADISON RD,0,41.57943333,-86.262675000,0,12,1,0,3,3,1,0,1,1,0,1,0,0000000,14,5,14,9,99,99,0,0,0,1,1
18,180289,1,1,0,0,0,4,4,61,1050,25,5,2011,4,4,41,0,4,3,SR-64,,0,38.31715278,-86.125522220,0,34,0,0,1,1,5,0,2,1,0,1,0,0000000,4,43,4,54,99,99,0,0,0,1,0
18,180290,1,1,0,0,0,2,2,155,5020,21,6,2011,3,16,40,0,4,3,SR-156,,0,38.79535278,-84.892086110,0,42,0,0,1,1,5,0,1,2,0,2,0,0000000,17,47,19,7,99,99,0,0,0,1,0
18,180291,2,2,0,0,0,2,2,175,3906,14,6,2011,3,5,55,0,4,3,SR-60 W,,0,38.53087778,-86.025438890,0,12,2,0,1,1,1,0,4,10,0,10,0,0000000,5,59,6,3,88,88,0,0,0,2,0
18,180292,4,4,0,0,0,5,5,69,5090,23,6,2011,5,14,20,0,4,3,SR-218 W,SR-5 S,0,40.66782222,-85.506558330,0,12,6,0,2,2,1,0,1,10,0,10,0,0000000,14,24,14,30,99,99,0,0,0,1,0
18,180293,1,1,0,0,0,1,1,19,870,25,6,2011,7,13,7,0,6,4,HARRISON AVE,,0,38.28754444,-85.773180560,0,31,0,0,1,1,4,0,1,1,0,1,0,0000000,13,7,13,9,99,99,0,0,0,1,1
18,180294,1,1,0,0,0,2,2,97,2210,27,6,2011,2,3,4,1,11,1,I-65,,1096,39.74204167,-86.137705560,0,35,0,0,1,1,5,0,2,1,0,1,0,0000000,3,9,3,24,99,99,0,0,0,2,1
18,180295,1,1,0,2,2,1,1,121,3180,28,6,2011,3,4,46,0,6,4,WELLS ST,,0,39.72955000,-87.330858330,0,19,0,0,1,1,5,0,2,1,0,1,0,0000000,4,48,4,53,99,99,0,0,0,1,1
18,180296,2,2,0,0,0,2,2,11,2630,30,6,2011,5,5,55,1,1,1,I-65,,1455,40.12117222,-86.516088890,0,12,1,0,1,1,1,0,4,1,0,1,0,0000000,5,57,6,0,99,99,19,0,0,1,0
18,180297,1,1,0,0,0,1,1,117,1690,22,6,2011,4,21,48,0,16,4,CR-725 S,,0,38.45002500,-86.658611110,0,11,0,0,1,1,1,0,2,1,0,1,0,0000000,21,48,22,14,99,99,0,0,0,1,1
18,180298,1,1,0,0,0,1,1,3,1580,30,6,2011,5,5,0,0,6,4,AUBURN RD,,0,41.15132222,-85.118036110,0,34,0,0,1,1,4,0,4,1,0,1,0,0000000,14,3,14,5,88,88,0,0,0,1,1
18,180299,2,2,0,0,0,4,4,57,4480,20,4,2011,4,21,30,0,4,3,SR-38,SIX POINTS RD,0,40.11496944,-86.175469440,0,12,6,0,2,7,1,0,2,1,0,1,0,0000000,21,32,21,37,99,99,0,0,0,1,0
18,180300,1,1,0,1,1,1,1,35,3360,15,5,2011,1,16,15,0,6,4,MADISON ST,,0,40.16856111,-85.381686110,0,8,0,0,1,1,1,0,1,2,0,2,0,0000000,16,16,16,20,99,99,0,0,0,1,0
18,180301,1,1,0,1,1,2,2,89,4300,19,6,2011,1,1,0,0,16,4,CALUMET AVE,,0,41.42351667,-87.508377780,0,8,0,0,1,1,1,0,2,1,0,1,0,0000000,1,0,1,40,99,99,0,0,0,1,0
18,180302,1,1,0,0,0,1,1,141,4580,29,6,2011,4,16,57,0,3,2,US-20,LEXINGTON AVE,0,41.69461111,-86.322236110,0,33,0,0,2,6,3,0,1,1,0,1,0,0000000,16,57,16,59,99,99,0,0,0,1,0
18,180303,1,1,0,0,0,1,1,57,1540,2,7,2011,7,6,10,0,6,4,CUMBERLAND ROAD,,0,39.95718889,-85.995055560,0,30,0,0,1,1,4,0,4,2,0,2,0,0000000,6,15,6,15,99,99,0,0,0,1,0
18,180304,2,2,0,0,0,7,7,57,3590,3,7,2011,1,19,9,0,4,3,SR-37,,0,40.08431111,-85.968275000,0,12,2,0,1,1,1,0,1,1,0,1,0,0000000,19,10,19,12,99,99,0,0,0,2,0
18,180305,1,1,0,1,1,1,1,97,2210,16,6,2011,5,4,44,0,16,4,10TH ST,TIBBS AVE,0,39.78047500,-86.215983330,0,8,0,0,2,2,1,0,2,1,0,1,0,0000000,4,47,4,48,99,99,0,0,0,1,0
18,180306,1,1,0,0,0,2,2,181,4110,23,6,2011,5,8,35,0,3,2,US-24 W,,0,40.75610000,-86.709422220,0,1,0,0,1,1,4,0,1,2,0,2,0,0000000,8,30,8,35,99,99,0,0,0,1,0
18,180307,2,2,0,0,0,3,3,153,2200,2,7,2011,7,11,33,0,4,3,SR-48 E,,0,39.18636389,-87.289338890,0,12,2,0,1,1,1,0,1,1,0,1,0,0000000,11,34,11,43,99,99,0,0,0,1,0
18,180308,2,2,0,0,0,4,4,55,5450,5,7,2011,3,17,0,0,15,3,SR-67 S,INDIANA ST,0,39.11332500,-86.980433330,0,12,6,0,2,3,1,0,1,1,0,1,0,0000000,17,3,17,15,99,99,0,0,0,1,0
18,180309,1,1,0,0,0,4,4,65,4640,2,7,2011,7,13,55,1,1,1,I-70 E,,1200,39.85342222,-85.470155560,0,1,0,0,1,1,1,0,1,1,0,1,0,0000000,13,56,14,8,99,99,0,0,0,1,0
18,180310,2,1,1,0,0,2,2,97,2210,1,7,2011,6,12,40,0,6,4,E NEW YORK,,0,39.77180556,-86.119272220,0,38,0,0,1,1,5,0,1,10,0,10,0,0000000,12,48,12,57,99,99,0,0,0,1,1
18,180311,1,1,0,0,0,1,1,35,3360,3,7,2011,1,8,42,0,16,4,COUNTRY CLUB RD,,0,40.19162778,-85.329908330,0,18,0,0,6,1,1,0,1,1,0,1,0,538890C,8,44,8,52,88,88,0,0,0,1,0
18,180312,2,2,0,0,0,2,2,51,4060,8,7,2011,6,8,34,0,15,3,SR-64 W,KOPERS ST,0,99.99990000,999.999900000,0,12,6,0,2,2,1,0,1,2,0,2,0,0000000,8,34,8,38,99,99,0,0,0,1,0
18,180313,2,2,0,0,0,2,2,73,1206,10,7,2011,1,4,25,0,3,2,US-231 N,,0,41.24354722,-87.199280560,0,12,2,0,1,1,1,0,2,1,0,1,0,0000000,4,27,4,30,99,99,0,0,0,1,1
18,180314,1,1,0,0,0,2,2,91,2460,10,7,2011,1,22,16,0,4,3,SR-8,,0,41.31726944,-86.899452780,0,1,0,0,1,1,4,0,2,1,0,1,0,0000000,22,16,22,23,88,88,0,0,0,2,1
18,180315,2,2,0,0,0,3,3,63,1160,2,7,2011,7,14,28,0,6,4,OLD MAIN ST,OLD FARM RD,0,39.76123611,-86.497094440,0,12,6,0,2,2,1,0,1,1,0,1,0,0000000,14,29,14,31,99,99,0,0,0,1,0
18,180316,1,1,0,0,0,1,1,91,2990,9,7,2011,7,1,50,0,16,4,WILHELM RD,,0,41.73465278,-86.708308330,0,42,0,0,1,1,4,0,2,1,0,1,0,0000000,1,54,1,59,88,88,0,0,0,1,1
18,180317,2,2,0,0,0,2,2,65,3450,8,7,2011,6,13,55,0,16,4,BROWN RD,,0,39.93481667,-85.351711110,0,12,2,0,1,1,1,0,1,1,0,1,0,0000000,13,56,14,2,99,99,0,0,0,2,0
18,180318,1,1,0,0,0,2,2,119,4630,9,7,2011,7,0,55,0,4,3,SR-42 E,,0,39.44878611,-86.907350000,0,1,0,0,1,1,1,0,2,1,0,1,0,0000000,0,55,1,4,99,99,20,0,0,1,1
18,180319,2,2,0,0,0,2,2,171,5210,10,7,2011,1,12,0,0,4,3,SR-263 N,TOWER RD,0,40.25906111,-87.386658330,0,12,6,0,2,3,1,0,1,1,0,1,0,0000000,12,31,12,31,88,88,0,0,0,1,0
18,180320,2,2,0,0,0,2,2,3,1580,11,7,2011,2,17,53,0,3,2,US-33,VALENTINE RD,0,41.16400833,-85.250383330,0,12,6,0,2,3,1,0,1,1,0,1,0,0000000,17,55,18,22,88,88,0,0,0,1,1
18,180321,1,1,0,0,0,1,1,105,380,4,7,2011,2,5,42,0,4,3,SR-45 W,WEST SPARKS ROAD,0,39.08683333,-86.671263890,0,42,0,0,2,3,5,0,3,10,0,10,0,0000000,5,42,5,45,99,99,0,0,0,1,1
18,180323,1,1,0,0,0,2,2,13,3390,4,7,2011,2,14,27,0,4,3,SR-46 E,,0,39.20013333,-86.123758330,0,11,0,0,1,1,1,0,1,1,0,1,0,0000000,14,27,14,38,99,99,0,0,0,1,1
18,180324,2,2,0,0,0,3,3,131,5340,13,7,2011,4,11,40,0,4,3,SR-39 S,SR-14 E,0,41.05630556,-86.777238890,0,12,6,0,2,2,1,0,1,1,0,1,0,0000000,11,45,11,50,99,99,0,0,0,1,0
18,180325,2,2,0,0,0,2,2,81,270,27,6,2011,2,23,57,0,15,3,SR-135 N,,0,39.54154722,-86.158552780,0,12,2,0,1,1,1,0,2,1,0,1,0,0000000,23,57,23,58,88,88,0,0,0,1,0
18,180326,2,2,0,0,0,5,5,109,3240,12,7,2011,3,19,0,0,4,3,SR-37 N,NEW WHITELAND RD,0,39.54611667,-86.264300000,0,12,6,0,2,2,1,0,1,10,0,10,0,0000000,19,4,19,9,99,99,0,0,0,1,0
18,180327,2,2,0,0,0,2,2,109,2890,14,7,2011,5,13,50,0,4,3,SR-44E,,0,39.43825556,-86.361727780,0,12,6,0,1,1,1,0,1,1,0,1,0,0000000,13,50,13,56,99,99,0,0,0,1,0
18,180328,1,1,0,1,1,1,1,87,2500,9,7,2011,7,19,20,0,16,4,CR-500 E,,0,41.61505833,-85.327819440,0,49,0,0,1,1,1,0,1,1,0,1,0,0000000,19,23,19,30,99,99,0,0,0,1,1
18,180329,1,1,0,1,1,1,1,97,2210,10,7,2011,1,16,10,0,6,4,KENTUCKY AVE,,0,39.73537500,-86.198000000,0,8,0,0,1,1,2,0,2,1,0,1,0,0000000,16,12,16,13,88,88,0,0,0,1,0
18,180331,2,2,0,0,0,2,2,93,3110,15,7,2011,6,22,7,0,3,2,US-50 W,CASSIDY LANE,0,38.78787778,-86.539886110,0,12,2,0,3,3,1,0,1,1,0,1,0,0000000,22,7,22,14,88,88,0,0,0,1,0
18,180332,1,1,0,0,0,3,3,97,2210,17,7,2011,1,2,20,0,6,4,ARSENAL AVE,,0,39.79950278,-86.134613890,0,43,0,0,1,1,4,0,2,1,0,1,0,0000000,2,53,3,15,99,99,0,0,0,1,0
18,180333,1,1,0,0,0,1,1,151,1680,16,7,2011,7,19,58,0,16,4,CR-300 W,,0,41.75967222,-85.049097220,0,42,0,0,1,1,4,0,1,1,0,1,0,0000000,20,2,20,7,88,88,0,0,0,1,1
18,180334,2,2,0,0,0,4,4,33,220,17,7,2011,1,10,31,0,16,4,CR-60,,0,41.30829444,-85.088894440,0,12,2,0,1,1,1,0,1,1,0,1,0,0000000,10,31,10,39,99,99,0,0,0,1,0
18,180335,2,2,0,0,0,4,4,3,5418,16,7,2011,7,22,15,0,4,3,SR-101 S,DAWKINS RD,0,41.07376667,-84.864838890,0,12,6,0,2,2,1,0,2,1,0,1,0,0000000,22,26,22,42,99,99,0,0,0,2,0
18,180336,2,2,0,0,0,2,2,37,2260,18,7,2011,2,17,12,0,4,3,SR-162,,0,38.36445833,-86.919558330,0,12,8,0,1,1,1,0,1,1,0,1,0,0000000,17,12,17,14,88,88,0,0,0,1,0
18,180337,2,2,0,0,0,2,2,177,640,15,7,2011,6,17,18,1,1,1,I-70,,1410,39.85315833,-85.074991670,0,12,1,0,1,1,1,0,1,1,0,1,0,0000000,17,23,17,35,88,88,19,0,0,1,0
18,180338,1,1,0,0,0,1,1,137,3030,19,7,2011,3,11,14,0,6,4,CR-550 N,,0,39.15568889,-85.171166670,0,34,0,0,1,1,4,0,1,1,0,1,0,0000000,11,14,11,23,88,88,0,0,0,1,0
18,180339,2,2,0,0,0,2,2,73,4100,19,7,2011,3,13,29,0,3,2,US-231 S,SR- 16,0,40.86663333,-87.154927780,0,12,6,0,2,2,1,0,1,1,0,1,0,0000000,13,29,13,29,99,99,0,0,0,1,0
18,180341,2,2,0,0,0,3,3,81,1950,16,7,2011,7,13,29,0,6,4,MAIN ST,MEADOWVIEW LANE,0,39.61368889,-86.139850000,0,12,6,0,2,2,1,0,1,1,0,1,0,0000000,13,30,13,30,99,99,0,0,0,1,0
18,180342,2,2,0,0,0,2,2,127,4025,16,7,2011,7,20,58,0,6,4,WILLOWCREEK RD,,0,41.58473056,-87.183336110,0,12,6,0,8,1,1,0,2,1,0,1,0,0000000,20,58,20,58,99,99,0,0,0,1,0
18,180343,1,1,0,0,0,4,4,105,380,10,7,2011,1,0,33,0,4,3,SR-446 RD,,0,39.14853333,-86.471286110,0,1,0,0,1,1,1,0,2,1,0,1,0,0000000,0,33,0,50,99,99,0,0,0,1,1
18,180344,2,2,0,0,0,3,3,153,4750,17,7,2011,1,2,52,0,4,3,SR-154 W,,0,39.11774167,-87.498894440,0,12,2,0,1,1,1,0,2,1,0,1,0,0000000,2,54,2,58,99,99,0,0,0,1,2
18,180345,1,1,0,0,0,1,1,117,1690,10,7,2011,1,16,0,0,4,3,SR-56 W,,0,38.52427222,-86.659897220,0,34,0,0,1,1,4,0,1,1,0,1,0,0000000,16,0,16,4,88,88,0,0,0,1,1
18,180346,1,1,0,0,0,1,1,135,2790,22,7,2011,6,16,0,0,16,4,CR-300 W,,0,40.09031389,-85.034750000,0,34,0,0,1,1,4,0,1,1,0,1,0,0000000,16,5,16,10,88,88,0,0,0,1,0