STATE,ST_CASE,VE_TOTAL,VE_FORMS,PVH_INVL,PEDS,PERNOTMVIT,PERMVIT,PERSONS,COUNTY,CITY,DAY,MONTH,YEAR,DAY_WEEK,HOUR,MINUTE,NHS,ROAD_FNC,ROUTE,TWAY_ID,TWAY_ID2,MILEPT,LATITUDE,LONGITUD,SP_JUR,HARM_EV,MAN_COLL,RELJCT1,RELJCT2,TYP_INT,REL_ROAD,WRK_ZONE,LGT_COND,WEATHER1,WEATHER2,WEATHER,SCH_BUS,RAIL,NOT_HOUR,NOT_MIN,ARR_HOUR,ARR_MIN,HOSP_HR,HOSP_MN,CF1,CF2,CF3,FATALS,DRUNK_DR
18,180347,1,1,0,0,0,2,2,35,3360,18,7,2011,2,17,22,0,16,4,HOYT AVE,RAMP A,0,40.14040833,-85.432980560,0,34,0,1,5,1,8,0,1,1,0,1,0,0000000,17,24,17,24,99,99,0,0,0,1,1
18,180348,1,1,0,0,0,2,2,145,4470,23,7,2011,7,1,50,1,1,1,I-65,,825,39.40037500,-85.944800000,0,1,0,0,1,1,3,0,2,10,0,10,0,0000000,1,51,2,22,99,99,0,0,0,1,1
18,180349,1,1,0,0,0,1,1,35,3360,24,7,2011,1,6,18,0,16,4,CR-700 S,CR-300 E,0,40.09120556,-85.328322220,0,30,0,0,3,2,4,0,2,10,0,10,0,0000000,6,18,6,49,88,88,0,0,0,1,1
18,180350,2,2,0,0,0,4,4,105,380,24,7,2011,1,10,39,0,4,3,SR-37 N,WAYPORT RD,0,39.25704722,-86.525230560,0,12,6,0,2,2,1,0,1,1,0,1,0,0000000,10,39,10,44,99,99,0,0,0,1,0
18,180351,1,1,0,0,0,3,3,61,3850,7,7,2011,5,13,49,0,6,4,MAIN ST,,0,38.33867222,-86.256652780,0,34,0,0,1,1,4,0,1,1,0,1,0,0000000,13,48,14,1,99,99,0,0,0,1,0
18,180352,1,1,0,1,1,1,1,27,5120,23,7,2011,7,23,28,0,6,4,W NATL HWY,SW 7TH ST,0,38.65266389,-87.182752780,0,8,0,0,2,2,1,0,3,1,0,1,0,0000000,23,28,23,31,88,88,0,0,0,1,0
18,180353,1,1,0,0,0,1,1,93,300,25,7,2011,2,13,29,0,4,3,SR-158,,0,38.86084167,-86.525108330,0,24,0,0,1,1,4,0,1,1,0,1,0,0000000,13,29,13,34,88,88,0,0,0,1,0
18,180354,2,2,0,0,0,2,2,89,2010,25,7,2011,2,6,40,0,14,2,US-20 E,,0,41.60998889,-87.461472220,0,12,2,0,1,1,1,0,4,1,0,1,0,0000000,6,42,6,44,88,88,0,0,0,1,0
18,180355,1,1,0,0,0,1,1,39,3380,18,7,2011,2,19,32,0,6,4,SUMMIT ST,,0,41.43712778,-85.995569440,0,30,0,0,1,1,4,0,1,1,0,1,0,0000000,19,32,19,36,99,99,0,0,0,1,0
18,180356,1,1,0,0,0,1,1,157,5200,11,7,2011,2,22,17,0,3,2,US-52 W,MOREHOUSE RD,0,40.46712778,-86.939536110,0,1,0,0,2,3,1,0,2,1,0,1,0,0000000,22,17,22,23,99,99,0,0,0,1,1
18,180357,2,2,0,0,0,5,5,97,2210,26,7,2011,3,23,14,0,6,4,21ST ST,,0,39.79625000,-86.079947220,0,12,1,0,1,1,1,0,2,1,0,1,0,0000000,23,17,23,18,99,99,0,0,0,1,1
18,180358,2,2,0,0,0,3,3,65,3450,19,7,2011,3,20,46,0,15,3,SR-3 S,TROJAN LANE,0,39.90983611,-85.385313890,0,12,1,0,2,2,1,0,5,1,0,1,0,0000000,20,47,20,49,99,99,0,0,0,2,0
18,180359,1,1,0,0,0,2,2,153,4750,16,5,2011,2,1,30,0,16,4,CR- 350 NORTH RD,,0,39.04695278,-87.343538890,0,3,0,0,1,1,5,0,2,10,0,10,0,0000000,8,5,8,36,99,99,0,0,0,1,0
18,180360,2,2,0,0,0,2,2,11,2630,21,7,2011,5,17,20,0,4,3,SR-32 W,,0,40.05375833,-86.529577780,0,12,2,0,1,1,1,0,1,1,0,1,0,0000000,17,20,17,24,99,99,0,0,0,1,0
18,180361,2,2,0,0,0,3,3,97,2210,23,7,2011,7,1,50,0,15,3,SR-37 N,EDGEWOOD AVE,0,39.67825833,-86.196241670,0,12,6,0,2,2,1,0,2,1,0,1,0,0000000,2,5,2,21,99,99,0,0,0,1,0
18,180362,1,1,0,0,0,3,3,67,2430,26,7,2011,3,17,59,0,16,4,CR-300 W,CR-300 N,0,40.53532778,-86.126847220,0,24,0,0,3,3,4,0,1,1,0,1,0,0000000,17,52,17,56,99,99,0,0,0,3,0
18,180363,2,2,0,0,0,4,4,177,780,27,7,2011,4,15,25,1,1,1,I-70 W,,1430,39.85951667,-85.010147220,0,43,0,0,1,1,3,0,1,1,0,1,0,0000000,15,27,15,33,88,88,0,0,0,2,0
18,180364,2,2,0,0,0,3,3,135,5350,22,5,2011,1,17,53,0,16,4,BASE ROAD,CR- 300 SOUTH RD,0,40.16457500,-84.919852780,0,12,6,0,2,2,1,0,1,10,0,10,0,0000000,17,53,17,56,99,99,0,0,0,1,0
18,180365,1,1,0,0,0,1,1,59,1890,21,7,2011,5,11,50,0,16,4,CR-200 S,,0,39.75675833,-85.676363890,0,1,0,0,1,1,1,0,1,1,0,1,0,0000000,11,53,12,6,88,88,0,0,0,1,0
18,180366,1,1,0,0,0,2,2,89,2120,25,7,2011,2,17,53,1,11,1,I-65,,2535,41.48199444,-87.321997220,0,30,0,0,1,1,4,0,1,1,0,1,0,0000000,17,55,18,0,99,99,0,0,0,1,1
18,180367,1,1,0,0,0,1,1,97,2210,29,7,2011,6,1,41,0,6,4,MICHIGAN RD,,0,39.92570000,-86.229672220,0,5,0,0,1,1,1,0,2,1,0,1,0,0000000,1,52,2,0,99,99,0,0,0,1,0
18,180368,1,1,0,0,0,1,1,179,4020,30,7,2011,7,23,13,0,16,4,CR-200 E,,0,40.62382222,-85.183525000,0,30,0,0,1,1,4,0,2,1,0,1,0,0000000,23,13,23,20,99,99,6,0,0,1,1
18,180369,2,2,0,0,0,3,3,147,1140,28,7,2011,5,12,54,0,3,2,US-231,SR-62,0,38.11889167,-87.028886110,0,12,6,0,2,2,1,0,1,1,0,1,0,0000000,12,54,13,7,99,99,0,0,0,2,0
18,180370,2,2,0,0,0,3,3,85,5110,5,7,2011,3,16,21,0,16,4,FOX FARMS RD,SOUTHSIDE DR,0,41.25626667,-85.867616670,0,12,6,0,8,1,1,0,1,1,0,1,0,0000000,16,21,16,28,99,99,0,0,0,1,1
18,180371,4,4,0,0,0,7,7,89,1310,25,7,2011,2,19,0,0,14,2,US-12 E,MAIN ST,0,41.63892500,-87.445163890,0,12,6,0,2,2,1,0,1,1,0,1,0,0000000,19,1,19,4,99,99,0,0,0,1,0
18,180372,2,2,0,0,0,3,3,113,1080,1,7,2011,6,18,21,0,16,4,CR-200 S,CR-1050 W,0,41.32407222,-85.623750000,0,12,6,0,3,3,1,0,1,1,0,1,0,0000000,16,19,16,31,99,99,0,0,0,1,1
18,180373,2,2,0,0,0,2,2,39,1410,28,7,2011,5,20,25,0,16,4,CR-13,,0,41.65595278,-85.921883330,0,12,1,0,1,1,1,0,1,10,0,10,0,0000000,20,25,20,30,99,99,0,0,0,1,1
18,180374,1,1,0,0,0,1,1,3,1580,2,8,2011,3,1,45,0,4,3,SR-1,,0,40.92091389,-85.166880560,0,43,0,0,1,1,5,0,2,10,0,10,0,0000000,1,52,2,1,88,88,0,0,0,1,0
18,180375,1,1,0,0,0,2,2,25,2620,27,7,2011,4,1,20,1,1,1,I-64,,960,38.25422222,-86.286769440,0,34,0,0,1,1,3,0,2,1,0,1,0,0000000,1,45,2,20,99,99,0,0,0,1,0
18,180376,1,1,0,0,0,1,1,93,300,1,8,2011,2,14,58,0,6,4,PLAZA DR,,0,38.86052500,-86.516208330,0,30,0,0,1,1,4,0,1,1,0,1,0,0000000,14,58,15,0,99,99,0,0,0,1,1
18,180377,3,3,0,0,0,3,3,85,5110,30,7,2011,7,17,46,0,6,4,CENTER ST,SR-15 N,0,41.23807500,-85.852394440,0,12,1,0,3,2,1,0,1,1,0,1,0,0000000,17,46,17,46,99,99,14,0,0,1,0
18,180378,3,3,0,0,0,3,3,109,3240,1,8,2011,2,17,10,0,6,4,INDIANA ST,MOORE ST,0,39.60535833,-86.375283330,0,12,6,0,2,2,1,0,1,1,0,1,0,0000000,17,10,17,10,99,99,0,0,0,1,0
18,180379,1,1,0,1,1,1,1,127,4960,31,7,2011,1,7,35,0,16,4,CR-100 N,,0,41.44912778,-87.135400000,0,8,0,0,1,1,1,0,1,1,0,1,0,0000000,7,38,7,45,88,88,0,0,0,1,0
18,180380,2,1,1,1,1,1,1,167,4840,1,8,2011,2,19,27,0,6,4,15TH ST,WILSON ST,0,39.46011944,-87.393236110,0,33,0,0,3,3,4,0,1,1,0,1,0,0000000,19,28,19,30,88,88,0,0,0,1,0
18,180381,2,2,0,0,0,4,4,95,70,29,7,2011,6,22,41,0,4,3,SR-9,,0,40.31795278,-85.671988890,0,12,2,0,1,1,1,0,2,1,0,1,0,0000000,22,41,22,50,99,99,4,0,0,3,0
18,180382,2,2,0,0,0,3,3,119,4630,1,8,2011,2,17,47,0,4,3,SR-157,,0,39.21504722,-87.035994440,0,1,0,0,1,1,1,0,1,10,0,10,0,0000000,17,46,18,2,99,99,0,0,0,1,0
18,180383,3,3,0,0,0,6,6,127,4025,2,8,2011,3,16,22,0,6,4,CENTRAL AVE,WILLOW CREEK RD,0,41.57582778,-87.183080560,0,12,6,0,2,2,1,0,1,1,0,1,0,0000000,16,22,16,28,99,99,0,0,0,1,0
18,180384,1,1,0,0,0,1,1,71,570,2,8,2011,3,19,6,0,4,3,SR-58 W,,0,38.95560556,-86.134866670,0,34,0,0,1,1,4,1,1,1,0,1,0,0000000,19,6,19,11,88,88,3,0,0,1,1
18,180385,1,1,0,0,0,1,1,13,3390,30,7,2011,7,14,35,0,4,3,SR-135 S,,0,39.16910000,-86.185769440,0,42,0,0,1,1,4,0,1,1,0,1,0,0000000,14,35,14,54,99,99,0,0,0,1,0
18,180386,1,1,0,0,0,1,1,3,2178,4,8,2011,5,13,51,0,16,4,HAND RD,,0,41.20290000,-85.210088890,0,1,0,0,1,1,5,0,1,1,0,1,0,0000000,13,57,14,0,88,88,0,0,0,1,0
18,180387,2,2,0,0,0,3,3,39,1830,4,8,2011,5,16,55,0,15,3,SR-15,,0,41.55963056,-85.828338890,0,12,6,0,8,1,1,0,1,1,0,1,0,0000000,16,55,16,57,99,99,0,0,0,1,0
18,180388,1,1,0,0,0,1,1,111,1820,2,8,2011,3,6,0,0,16,4,CR-1300 S RD,,0,40.82251389,-87.267880560,0,1,0,0,1,1,1,0,1,1,0,1,0,0000000,6,0,6,4,88,88,0,0,0,1,0
18,180389,1,1,0,0,0,1,1,97,2210,3,8,2011,4,0,36,1,11,1,I-465 N,,160,39.80514167,-86.274347220,0,26,0,1,5,1,4,1,2,1,0,1,0,0000000,0,36,0,55,88,88,0,0,0,1,0
18,180390,1,1,0,0,0,3,3,63,3660,2,8,2011,3,16,54,0,16,4,BOONE COUNTY LINE RD,,0,39.92119167,-86.615697220,0,10,0,0,6,1,1,0,1,1,0,1,0,543038W,16,55,17,28,99,99,0,0,0,2,0
18,180391,1,1,0,0,0,1,1,91,2570,5,8,2011,6,23,30,0,16,4,CR-150 N,,0,41.62878889,-86.664425000,0,1,0,0,1,1,4,0,2,1,0,1,0,0000000,23,33,23,37,88,88,0,0,0,1,1
18,180392,1,1,0,1,1,1,1,163,1480,5,8,2011,6,3,50,0,6,4,FIFITH AVE,,0,37.98138333,-87.582363890,0,8,0,0,1,1,1,0,2,10,0,10,0,0000000,3,50,3,52,88,88,0,0,0,1,0
18,180393,1,1,0,0,0,1,1,91,2570,6,8,2011,7,1,5,0,4,3,SR-4,,0,41.59326944,-86.665519440,0,43,0,0,1,1,4,0,2,10,0,10,0,0000000,1,5,1,10,88,88,0,0,0,1,1
18,180394,2,2,0,0,0,2,2,111,3270,5,8,2011,6,14,5,0,3,2,US-41 N,CR-950 N,0,41.13768333,-87.456580560,0,12,6,0,2,2,1,0,1,1,0,1,0,0000000,14,5,14,15,99,99,0,0,0,1,0
18,180395,2,2,0,0,0,3,3,127,4960,7,8,2011,1,10,36,0,15,3,SR-130 E,CAMPBELL ST,0,41.46800833,-87.066308330,0,12,6,0,2,2,1,0,1,1,0,1,0,0000000,10,37,10,42,99,99,0,0,0,1,0
18,180396,2,2,0,0,0,2,2,35,5480,6,8,2011,7,16,30,0,4,3,SR-32 W,,0,40.16273889,-85.528391670,0,12,2,0,1,1,1,0,1,1,0,1,0,0000000,16,31,16,36,99,99,0,0,0,1,0
18,180397,1,1,0,0,0,1,1,103,3940,9,8,2011,3,0,24,0,16,4,MERIDIAN RD,,0,40.83628056,-86.074405560,0,21,0,0,1,1,4,0,2,10,0,10,0,0000000,0,24,0,32,88,88,0,0,0,1,0
18,180398,1,1,0,0,0,1,1,127,4960,4,8,2011,5,13,0,0,16,4,CALUMET AVE,WOODMERE DR,0,41.51461944,-87.034850000,0,42,0,0,3,3,4,0,1,1,0,1,0,0000000,13,2,13,4,99,99,0,0,0,1,0
18,180399,1,1,0,0,0,1,1,33,220,9,8,2011,3,17,34,0,4,3,SR-8 W,,0,41.36687222,-85.060936110,0,16,0,0,1,1,1,0,1,6,0,6,0,0000000,17,37,17,38,88,88,0,0,0,1,0
18,180400,1,1,0,0,0,1,1,113,2320,13,7,2011,4,13,40,0,6,4,DOWLING ST,,0,41.44594444,-85.247641670,0,30,0,0,1,1,4,0,1,1,0,1,0,0000000,13,40,13,42,99,99,0,0,0,1,0
18,180401,2,2,0,0,0,3,3,113,2320,9,8,2011,3,12,55,0,4,3,SR-3 S,SR-8,0,41.45218333,-85.282316670,0,12,6,0,2,2,1,0,1,10,0,10,0,0000000,12,55,12,55,99,99,0,0,0,1,0
18,180402,3,3,0,0,0,4,4,97,2210,4,8,2011,5,15,25,0,6,4,56TH ST,I-465 N,190,39.85277222,-86.276397220,0,12,6,0,2,2,1,0,1,1,0,1,0,0000000,15,27,15,28,88,88,0,0,0,1,0
18,180403,3,1,2,0,0,1,1,141,4580,13,8,2011,7,17,55,0,6,4,FORD ST,,0,41.66842500,-86.286105560,0,14,0,0,1,1,7,0,1,10,0,10,0,0000000,17,58,18,1,99,99,0,0,0,1,0
18,180404,1,1,0,1,1,0,0,3,3480,3,8,2011,4,10,35,0,16,4,FRITCHA AVE,,0,41.05393611,-85.042291670,0,8,0,0,1,1,4,0,1,1,0,1,0,0000000,10,38,10,42,99,99,0,0,0,1,0
18,180405,1,1,0,0,0,1,1,91,2370,13,8,2011,7,6,7,0,3,2,US-35,,0,41.51291667,-86.693094440,0,43,0,0,1,1,4,0,1,1,0,1,0,0000000,6,7,6,13,88,88,0,0,0,1,1
18,180406,2,2,0,0,0,2,2,157,2480,14,8,2011,1,0,50,0,4,3,SR-26 E,VETERANS MEMORIAL PK,0,40.41772778,-86.795997220,0,12,1,0,1,1,1,0,2,1,0,1,0,0000000,0,50,1,0,99,99,0,0,0,1,1
18,180407,2,2,0,0,0,3,3,167,4840,10,8,2011,4,15,35,0,14,2,US-40 S,MARGARET AVE,0,39.43390556,-87.413963890,0,12,6,0,2,2,1,0,1,10,0,10,0,0000000,15,36,15,43,99,99,0,0,0,1,0
18,180408,3,3,0,0,0,5,5,73,4100,10,8,2011,4,11,40,1,1,1,I-65,,2120,40.90952222,-87.211619440,0,12,1,0,1,1,1,1,1,1,0,1,0,0000000,11,43,11,54,88,88,0,0,0,2,0
18,180409,2,2,0,0,0,4,4,169,4170,14,8,2011,1,20,55,0,4,3,SR-15,,0,40.96779167,-85.891477780,0,12,2,0,1,1,1,0,5,1,0,1,0,0000000,20,53,21,3,88,88,0,0,0,4,1
18,180410,2,2,0,0,0,2,2,65,3020,16,8,2011,3,6,1,0,3,2,US-36 W,,0,40.00486944,-85.500497220,0,12,2,0,1,1,1,0,1,1,0,1,0,0000000,6,2,6,16,99,99,0,0,0,2,0
18,180411,2,1,1,0,0,1,1,79,3670,14,8,2011,1,14,26,0,16,4,CR-550 E,,0,39.03226944,-85.510219440,0,34,0,0,1,1,4,0,1,1,0,1,0,0000000,14,26,14,34,99,99,0,0,0,1,0
18,180412,2,2,0,0,0,2,2,59,1890,9,8,2011,3,11,10,0,4,3,SR-9,CR-500 S,0,39.85810000,-85.769919440,0,12,6,0,2,2,1,0,1,1,0,1,0,0000000,11,10,11,17,99,99,0,0,0,1,0
18,180413,2,2,0,0,0,3,3,147,1140,18,8,2011,5,8,10,0,3,2,US-231,SR-38,0,38.17019444,-87.000561110,0,12,6,0,2,2,1,0,1,10,0,10,0,0000000,8,22,8,35,99,99,0,0,0,1,0
18,180414,2,2,0,0,0,2,2,89,1730,13,8,2011,7,23,22,0,6,4,24TH AVE,KING ST,0,41.57545278,-87.410916670,0,12,6,0,2,2,1,0,2,10,0,10,0,0000000,23,27,23,42,99,99,0,0,0,1,0
18,180415,1,1,0,0,0,1,1,5,990,1,8,2011,2,23,41,0,16,4,W GEORGETOWN RD,,0,39.21373889,-85.992758330,0,42,0,0,1,1,5,0,2,1,0,1,0,0000000,23,41,23,51,88,88,0,0,0,1,1
18,180416,3,3,0,0,0,3,3,11,2630,11,8,2011,5,3,40,1,11,1,I-65 S,,1420,40.04132500,-86.484180560,0,12,1,0,1,1,1,0,3,1,0,1,0,0000000,3,45,3,48,88,88,3,14,0,1,0
18,180418,2,2,0,0,0,4,4,181,3200,18,8,2011,5,14,35,0,3,2,US-24,,0,40.75838333,-86.661147220,0,12,2,0,1,1,1,0,1,1,0,1,0,0000000,14,39,14,47,99,99,0,0,0,1,0
18,180419,2,2,0,0,0,2,2,141,3100,19,8,2011,6,0,12,0,16,4,JEFFERSON RD,,0,41.67798333,-86.075727780,0,42,0,0,1,1,4,0,3,1,0,1,0,0000000,1,0,1,4,88,88,14,0,0,1,1
18,180420,2,2,0,0,0,3,3,133,950,17,8,2011,4,15,15,1,1,1,I-70,,300,39.51368056,-86.921391670,0,24,0,0,1,1,5,1,1,10,0,10,0,0000000,15,16,15,16,88,88,3,0,0,1,0
18,180421,2,2,0,0,0,2,2,91,5085,19,8,2011,6,8,55,0,3,2,US-30,SR-39,0,41.40553333,-86.736625000,0,12,6,0,2,2,1,0,1,1,0,1,0,0000000,8,55,9,1,99,99,0,0,0,1,0
18,180422,2,2,0,0,0,3,3,177,780,21,8,2011,1,21,11,0,3,2,US-40 W,,0,39.81941389,-84.974380560,0,12,6,0,8,1,1,0,2,1,0,1,0,0000000,21,11,21,51,99,99,0,0,0,1,0
18,180423,1,1,0,0,0,1,1,43,1788,12,8,2011,6,22,5,0,16,4,GEORGTOWN GREENVILLE,,0,38.32349444,-86.011383330,0,34,0,0,1,1,4,0,2,10,0,10,0,0000000,22,7,22,7,99,99,0,0,0,1,0
18,180424,2,2,0,0,0,3,3,17,2730,17,8,2011,4,16,45,0,4,3,SR-25,,0,40.87956667,-86.296308330,0,12,6,0,1,1,1,0,1,1,0,1,0,0000000,16,22,16,34,99,99,0,0,0,2,1
18,180425,1,1,0,0,0,1,1,29,3230,23,8,2011,3,21,53,0,16,4,STAMPER RD,,0,39.10462222,-85.059222220,0,42,0,0,1,1,4,0,2,1,0,1,0,0000000,21,53,22,10,99,99,0,0,0,1,0
18,180426,2,2,0,0,0,2,2,61,1030,13,8,2011,7,22,1,0,4,3,SR-135,,0,38.22226944,-86.142769440,0,12,2,0,1,1,1,0,2,1,0,1,0,0000000,22,2,22,5,99,99,0,0,0,1,1
18,180427,1,1,0,0,0,1,1,97,2210,16,8,2011,3,18,55,0,16,4,SOUTHEASTERN AVE,,0,39.76169167,-86.122533330,0,33,0,0,1,1,4,0,1,1,0,1,0,0000000,18,57,19,1,99,99,0,0,0,1,0
18,180428,2,2,0,0,0,2,2,89,1730,22,8,2011,2,22,55,0,14,2,US-20 E,,0,41.59991111,-87.313755560,0,12,1,0,6,1,1,0,2,1,0,1,0,260738u,23,5,23,12,99,99,0,0,0,1,0
18,180429,1,1,0,0,0,1,1,183,2580,28,8,2011,1,0,45,0,16,4,CR-950 WEST RD,DIVISION RD,0,41.16185556,-85.664005560,0,30,0,0,1,1,4,0,2,1,0,1,0,0000000,1,0,1,5,88,88,0,0,0,1,1
18,180430,2,2,0,0,0,2,2,23,3350,23,8,2011,3,6,15,0,4,3,SR-38 W,,0,40.34831111,-86.676636110,0,12,2,0,1,1,1,0,2,1,0,1,0,0000000,6,15,6,24,99,99,0,0,0,1,1
18,180431,1,1,0,0,0,1,1,167,4840,28,8,2011,1,23,53,0,6,4,SIDENBENDER RD,,0,39.43321111,-87.378472220,0,24,0,0,1,1,4,0,2,1,0,1,0,0000000,23,53,0,0,99,99,0,0,0,1,0
18,180432,1,1,0,0,0,1,1,75,4080,26,8,2011,6,1,15,0,16,4,CR-400 S,,0,40.38015833,-85.129280560,0,34,0,0,1,1,4,0,2,1,0,1,0,0000000,1,20,1,30,99,99,0,0,0,1,1
18,180433,1,1,0,0,0,1,1,105,380,30,8,2011,3,2,10,0,15,3,SR-37 RD,DUNN ST,0,39.20811667,-86.528836110,0,30,0,0,3,3,4,0,2,10,0,10,0,0000000,2,10,2,12,99,99,0,0,0,1,0
18,180434,1,1,0,0,0,1,1,5,990,27,8,2011,7,22,31,0,16,4,CR-450 E,,0,39.10458611,-85.826725000,0,42,0,0,1,1,5,0,2,1,0,1,0,0000000,22,31,22,41,99,99,0,0,0,1,1
18,180435,2,2,0,0,0,3,3,89,760,28,8,2011,1,19,50,0,6,4,133RD AVENUE,,0,41.37734722,-87.463380560,0,1,0,0,1,1,1,0,5,1,0,1,0,0000000,20,15,20,52,99,99,0,0,0,1,1
18,180436,2,2,0,0,0,2,2,149,3620,10,8,2011,4,21,49,0,3,2,US-421 S,CR-400 S,0,41.24483611,-86.890783330,0,12,1,0,3,3,1,0,2,1,0,1,0,0000000,20,49,20,57,88,88,0,0,0,1,0
18,180437,2,2,0,0,0,2,2,149,2000,11,8,2011,5,10,59,0,3,2,US-30 E,CR- 1100 RD,0,41.36791944,-86.485833330,0,12,6,0,2,2,1,0,1,1,0,1,0,0000000,10,59,11,8,99,99,0,0,0,1,0
18,180439,1,1,0,1,1,1,1,5,990,1,9,2011,5,23,44,0,14,2,US-31N,ROBIN WAY,0,39.27505000,-85.946119440,0,8,0,0,3,3,1,0,2,1,0,1,0,0000000,23,44,23,49,99,99,0,0,0,1,0
18,180440,1,1,0,0,0,2,2,97,2210,30,8,2011,3,21,43,0,6,4,KESSLER BLVD N DR,,0,39.79797222,-86.210891670,0,1,0,0,1,1,4,0,2,1,0,1,0,0000000,21,43,21,43,88,88,20,0,0,2,0
18,180441,2,2,0,0,0,2,2,19,4420,1,9,2011,5,21,55,0,4,3,SR-60,SAINT JOE RD,0,38.40121111,-85.784833330,0,12,6,0,2,2,1,0,2,1,0,1,0,0000000,21,58,22,1,88,88,0,0,0,1,2
18,180442,2,2,0,0,0,2,2,63,3990,2,9,2011,6,22,0,1,1,1,I-70,,672,39.67566389,-86.351344440,0,12,2,0,1,1,1,0,3,1,0,1,0,0000000,22,43,23,0,88,88,20,0,0,1,0
18,180443,2,2,0,0,0,2,2,81,1950,24,8,2011,4,17,7,0,14,2,US-31,APRYL DR,0,39.59851389,-86.104766670,0,12,6,0,8,1,1,0,1,1,0,1,0,0000000,17,3,17,10,99,99,0,0,0,1,0
18,180444,1,1,0,0,0,1,1,93,3110,4,9,2011,1,22,32,0,16,4,STONINGTON RD,,0,99.99990000,999.999900000,0,35,0,0,1,1,4,0,2,10,0,10,0,0000000,22,32,22,50,88,88,0,0,0,1,0
18,180445,2,2,0,0,0,2,2,67,2430,5,9,2011,2,20,12,0,16,4,CR-750 W,CR-500 S,0,40.40316944,-86.222377780,0,12,6,0,2,2,1,0,5,1,0,1,0,0000000,20,14,20,24,99,99,0,0,0,1,0
18,180446,1,1,0,0,0,4,4,135,3881,5,9,2011,2,12,30,0,16,4,CR-1100 W RD,,0,40.17143056,-85.184897220,0,5,0,0,1,1,1,0,1,10,0,10,0,0000000,12,38,12,58,99,99,0,0,0,1,0
18,180447,1,1,0,0,0,1,1,63,560,27,8,2011,7,13,25,0,16,4,RONALD REAGAN PKWY,,0,39.83213611,-86.352152780,0,34,0,0,1,1,4,0,1,1,0,1,0,0000000,1,34,1,55,99,99,0,0,0,1,0
18,180448,2,2,0,0,0,3,3,89,1730,2,9,2011,6,15,27,0,15,3,SR-53,6TH AVE,0,41.60019167,-87.337138890,0,12,6,0,2,2,1,0,1,1,0,1,0,0000000,15,27,15,29,99,99,0,0,0,1,1
18,180449,1,1,0,0,0,1,1,97,2210,3,9,2011,7,12,25,0,6,4,PENNSYLVANIA ST,,0,39.91096667,-86.155472220,0,18,0,0,1,1,5,0,1,1,0,1,0,0000000,12,27,12,38,99,99,0,0,0,1,1
18,180450,1,1,0,0,0,1,1,19,4420,28,7,2011,5,23,30,1,1,1,I-65,,115,38.42995833,-85.764813890,0,5,0,0,1,1,1,0,2,1,0,1,0,0000000,23,30,23,37,88,88,0,0,0,1,1
18,180451,1,1,0,0,0,4,4,9,3210,3,9,2011,7,11,22,0,6,4,HIGH ST,,0,40.55584167,-85.280083330,0,10,0,0,6,1,1,0,1,1,0,1,0,475156l,11,22,11,25,99,99,0,0,0,2,0
18,180452,3,3,0,0,0,3,3,85,2640,7,9,2011,4,9,14,0,4,3,SR-15 N,,0,41.33428611,-85.854205560,0,12,1,0,1,1,1,1,1,1,0,1,0,0000000,9,14,9,25,99,99,0,0,0,1,0
18,180453,3,3,0,0,0,7,7,97,2210,27,7,2011,4,12,30,1,11,1,I-465 S,,458,39.77081111,-86.030158330,0,12,1,0,1,1,1,0,1,1,0,1,0,0000000,12,35,12,42,99,99,0,0,0,1,0
18,180454,1,1,0,0,0,1,1,97,2210,31,8,2011,4,2,57,0,6,4,21ST ST,,0,39.79681389,-85.997869440,0,32,0,0,1,1,5,0,2,1,0,1,0,0000000,3,1,3,4,88,88,0,0,0,1,0
18,180455,1,1,0,0,0,2,2,97,2210,5,9,2011,2,0,11,0,6,4,WASHINGTON ST,,0,39.76590278,-86.200119440,0,30,0,0,1,1,4,0,3,1,0,1,0,0000000,0,11,0,11,99,99,20,0,0,1,0
18,180456,1,1,0,6,6,1,1,39,3010,5,9,2011,2,10,4,0,16,4,CR-24,,0,41.63212500,-85.671730560,0,49,0,0,8,1,1,0,1,10,0,10,0,0000000,10,6,10,20,99,99,0,0,0,2,0
18,180457,1,1,0,0,0,2,2,141,2530,3,9,2011,7,17,44,0,16,4,ELM RD,,0,41.50528333,-86.137044440,0,5,0,0,1,1,4,0,1,1,0,1,0,0000000,17,46,17,56,99,99,0,0,0,1,1
18,180458,2,2,0,0,0,2,2,89,2760,2,9,2011,6,2,30,1,1,1,I-65,,2420,41.31897778,-87.301611110,0,12,1,0,1,1,1,0,2,1,0,1,0,0000000,2,34,2,40,99,99,0,0,0,1,1
18,180459,1,1,0,0,0,2,2,89,1730,6,9,2011,3,14,39,1,1,1,I-90,,156,41.60281111,-87.314683330,0,24,0,0,1,1,5,1,1,1,0,1,0,0000000,14,42,14,55,99,99,3,0,0,1,0
18,180460,2,2,0,0,0,3,3,67,2430,12,8,2011,6,12,33,0,6,4,WASHINGTON ST,,0,40.48684444,-86.133841670,0,12,7,0,1,1,1,0,1,1,0,1,0,0000000,12,34,12,35,99,99,0,0,0,1,0
18,180461,2,2,0,0,0,2,2,163,1480,27,7,2011,4,21,16,1,1,1,I-64,,230,38.16695556,-87.587127780,0,12,2,0,1,1,1,0,2,1,0,1,0,0000000,21,19,21,21,99,99,0,0,0,1,0
18,180462,2,2,0,0,0,2,2,105,380,8,9,2011,5,15,28,0,16,4,FAIRFAX RD,,0,39.10695278,-86.524372220,0,12,2,0,1,1,1,0,1,2,0,2,0,0000000,15,28,15,36,99,99,0,0,0,1,0