STATE,ST_CASE,VE_TOTAL,VE_FORMS,PVH_INVL,PEDS,PERNOTMVIT,PERMVIT,PERSONS,COUNTY,CITY,DAY,MONTH,YEAR,DAY_WEEK,HOUR,MINUTE,NHS,ROAD_FNC,ROUTE,TWAY_ID,TWAY_ID2,MILEPT,LATITUDE,LONGITUD,SP_JUR,HARM_EV,MAN_COLL,RELJCT1,RELJCT2,TYP_INT,REL_ROAD,WRK_ZONE,LGT_COND,WEATHER1,WEATHER2,WEATHER,SCH_BUS,RAIL,NOT_HOUR,NOT_MIN,ARR_HOUR,ARR_MIN,HOSP_HR,HOSP_MN,CF1,CF2,CF3,FATALS,DRUNK_DR
18,180463,1,1,0,0,0,1,1,151,160,28,7,2011,5,12,55,0,16,4,CR-800 E,,0,41.52731111,-85.041861110,0,42,0,0,1,1,4,0,1,10,0,10,0,0000000,13,0,13,8,88,88,0,0,0,1,0
18,180464,2,2,0,0,0,2,2,53,4950,11,9,2011,1,0,18,0,16,4,CR-950 E,,0,40.42434444,-85.493202780,0,12,2,0,1,1,1,0,2,1,0,1,0,0000000,0,18,0,18,99,99,0,0,0,1,1
18,180465,2,2,0,0,0,2,2,69,2190,19,8,2011,6,13,20,0,4,3,SR-124 W,300 WEST RD,0,99.99990000,999.999900000,0,12,6,0,2,2,1,0,1,1,0,1,0,0000000,13,22,13,31,99,99,0,0,0,1,0
18,180466,2,2,0,1,1,3,3,99,4010,2,8,2011,3,5,37,0,6,4,MICHIGAN RD,,0,41.39995833,-86.314044440,0,8,0,0,1,1,1,0,2,1,0,1,0,0000000,5,37,5,38,99,99,19,0,0,2,0
18,180467,1,1,0,0,0,2,2,71,570,8,9,2011,5,14,24,0,16,4,CR-190,,0,38.97435556,-86.076002780,0,42,0,0,1,1,4,0,1,10,0,10,0,0000000,14,24,14,33,99,99,0,0,0,1,0
18,180468,1,1,0,1,1,1,1,57,5180,12,9,2011,2,18,49,0,15,3,SR- 32 W,COMMERCIAL ST,0,40.04213889,-86.196069440,0,8,0,0,1,1,1,0,1,1,0,1,0,0000000,18,50,18,55,88,88,0,0,0,1,0
18,180469,2,2,0,0,0,5,5,93,300,9,9,2011,6,14,14,0,4,3,SR-37 S,,0,38.87526389,-86.519566670,0,12,7,0,1,1,1,0,1,10,0,10,0,0000000,14,14,14,17,99,99,0,0,0,1,0
18,180470,2,2,0,0,0,2,2,97,2210,12,9,2011,2,5,50,0,6,4,N SHADELAND AVE,WESTERN SELECT DR,0,39.80068889,-86.045866670,0,12,1,0,2,2,1,0,2,1,0,1,0,0000000,5,51,6,15,99,99,0,0,0,1,0
18,180471,2,2,0,0,0,2,2,97,2210,13,9,2011,3,4,57,0,6,4,DELMAR RD,BINFORD BLVD,0,39.84828333,-86.104402780,0,12,6,0,2,2,1,0,2,1,0,1,0,0000000,4,58,5,15,99,99,0,0,0,1,0
18,180472,2,2,0,0,0,5,5,91,2570,10,9,2011,7,20,13,0,16,4,DIVISION RD,CR-600 E,0,41.60726111,-86.581708330,0,12,6,0,2,2,1,0,2,1,0,1,0,0000000,20,13,20,19,99,99,0,0,0,1,0
18,180473,2,2,0,0,0,3,3,3,1580,13,9,2011,3,13,45,0,6,4,COLDWATER RD,,0,41.13680278,-85.136188890,0,12,1,1,18,1,1,0,1,1,0,1,0,0000000,13,45,14,15,88,88,0,0,0,1,0
18,180474,1,1,0,0,0,1,1,39,1410,18,8,2011,5,20,41,0,16,4,CR-15,,0,41.61919722,-85.906733330,0,42,0,0,1,1,4,0,2,1,0,1,0,0000000,20,41,20,41,99,99,0,0,0,1,1
18,180476,1,1,0,0,0,1,1,91,2570,13,9,2011,3,23,28,0,3,2,US-35,,0,41.66454444,-86.772508330,0,34,0,0,1,1,4,0,2,1,0,1,0,0000000,23,27,23,28,99,99,0,0,0,1,0
18,180477,1,1,0,0,0,2,2,95,3910,9,9,2011,6,1,6,0,4,3,SR-38 W,,0,39.99974167,-85.735930560,0,30,0,0,1,1,4,0,2,10,0,10,0,0000000,1,6,1,11,99,99,0,0,0,1,0
18,180478,2,1,1,0,0,4,4,17,4260,10,9,2011,7,4,9,0,6,4,NORTH CHICAGO ST,,0,40.86686111,-86.502441670,0,14,0,0,1,1,7,1,2,5,0,5,0,0000000,4,9,4,18,99,99,4,0,0,3,1
18,180479,2,2,0,0,0,2,2,105,380,10,9,2011,7,16,49,0,4,3,SR-446 N,,0,39.05591667,-86.409272220,0,12,2,0,1,1,1,0,1,10,0,10,0,0000000,16,49,16,58,99,99,0,0,0,1,1
18,180480,1,1,0,0,0,1,1,145,4470,13,9,2011,3,8,57,0,15,3,SR-44,,0,39.51765000,-85.781786110,0,33,0,0,1,1,5,0,1,1,0,1,0,0000000,8,57,8,58,99,99,0,0,0,1,0
18,180481,3,3,0,0,0,7,7,39,3010,16,9,2011,6,20,28,0,3,2,US-20,,0,41.66765556,-85.773266670,0,12,8,0,1,1,1,0,2,10,0,10,0,0000000,20,33,20,52,99,99,0,0,0,3,0
18,180482,2,2,0,0,0,4,4,167,4840,6,9,2011,3,19,0,0,4,3,SR-246 E,DICKENS ST,0,39.27389167,-87.315216670,0,12,6,0,2,2,1,0,1,1,0,1,0,0000000,19,4,19,14,99,99,0,0,0,1,0
18,180483,1,1,0,0,0,1,1,173,3430,16,9,2011,6,19,40,0,4,3,SR-66,,0,37.97685000,-87.415127780,0,26,0,0,1,1,3,0,2,1,0,1,0,0000000,19,42,19,44,88,88,0,0,0,1,0
18,180484,2,2,0,0,0,2,2,13,3390,17,9,2011,7,16,9,0,4,3,SR-135 S,,0,39.10115833,-86.209030560,0,12,2,0,1,1,1,0,1,1,0,1,0,0000000,16,9,16,23,99,99,0,0,0,1,0
18,180485,2,2,0,0,0,2,2,127,4960,16,9,2011,6,12,9,0,4,3,SR-49 S,CR-600 N,0,41.55031111,-87.036952780,0,12,6,0,2,2,1,0,1,10,0,10,0,0000000,12,10,12,18,99,99,0,0,0,1,1
18,180486,1,1,0,1,1,1,1,97,2210,11,9,2011,1,18,46,0,6,4,FLOATING LEAF DR,,0,39.68729167,-86.048141670,0,8,0,0,1,1,1,0,1,1,0,1,0,0000000,18,48,18,52,99,99,16,0,0,1,0
18,180487,1,1,0,0,0,1,1,47,3730,16,9,2011,6,7,51,0,4,3,SR-229,,0,39.32291944,-85.208319440,0,1,0,0,1,1,4,0,1,10,0,10,0,0000000,7,51,8,5,99,99,0,0,0,1,0
18,180488,1,1,0,0,0,1,1,89,2010,19,9,2011,2,18,52,1,11,1,I-80,EXIT RAMP-CALUMET AV,0,41.57368889,-87.510025000,0,34,0,1,5,1,8,0,1,1,0,1,0,0000000,18,53,18,56,99,99,0,0,0,1,0
18,180489,2,2,0,0,0,2,2,141,3100,20,9,2011,3,13,45,0,6,4,MCKINLEY AVE,HOME ST,0,41.68026944,-86.148241670,0,12,6,0,2,2,1,0,1,1,0,1,0,0000000,13,49,13,55,99,99,0,0,0,1,0
18,180490,1,1,0,0,0,1,1,171,3970,18,9,2011,1,20,54,0,16,4,COUNTY LINE RD,,0,40.42261667,-87.092883330,0,23,0,0,1,1,5,0,2,2,0,2,0,0000000,21,2,21,17,88,88,0,0,0,1,0
18,180491,2,2,0,0,0,2,2,89,2760,15,7,2011,6,12,52,0,4,3,SR-55 N,W 179TH PL,0,41.29219722,-87.353661110,0,12,1,0,2,3,1,0,1,1,0,1,0,0000000,12,55,13,6,99,99,0,0,0,1,0
18,180492,2,2,0,0,0,6,6,83,5030,17,9,2011,7,12,44,0,6,4,17TH ST,BUSSERON ST,0,38.66729722,-87.518436110,0,12,6,0,2,2,1,0,1,1,0,1,0,0000000,12,59,13,35,99,99,20,0,0,1,0
18,180494,1,1,0,0,0,1,1,103,3940,21,9,2011,4,23,35,0,6,4,HOOSIER BLVD,,0,40.66885556,-86.131588890,0,19,0,0,1,1,5,0,3,1,0,1,0,0000000,23,36,23,36,99,99,0,0,0,1,0
18,180495,1,1,0,0,0,2,2,39,1410,24,9,2011,7,23,9,0,15,3,SR-19,,0,41.74801667,-85.975177780,0,33,0,0,1,1,4,0,3,2,0,2,0,0000000,23,9,23,12,99,99,0,0,0,1,1
18,180496,2,2,0,0,0,3,3,15,1200,25,9,2011,1,5,41,0,4,3,SR-25 N,,0,40.61460278,-86.634450000,0,12,2,0,1,1,1,0,2,10,0,10,0,0000000,5,41,5,44,99,99,0,0,0,2,0
18,180497,1,1,0,0,0,1,1,85,3960,9,9,2011,6,5,49,0,16,4,CR-900,,0,41.19828889,-85.671894440,0,11,0,0,1,1,1,0,2,10,0,10,0,0000000,5,52,5,58,99,99,0,0,0,1,1
18,180498,2,2,0,0,0,2,2,35,3360,2,9,2011,6,18,30,0,4,3,SR-28,,0,40.27693889,-85.518372220,0,12,2,0,1,1,1,0,1,1,0,1,0,0000000,18,40,19,15,99,99,20,0,0,1,0
18,180499,2,2,0,0,0,3,3,141,3100,21,9,2011,4,17,35,0,4,3,SR-23,,0,41.73583056,-86.153680560,0,12,1,0,1,1,1,0,1,1,0,1,0,0000000,17,35,17,37,99,99,0,0,0,1,0
18,180500,2,2,0,0,0,2,2,141,3100,26,9,2011,2,8,25,0,6,4,MCKINLEY HWY,,0,41.68030833,-86.142994440,0,12,2,0,1,1,1,0,1,2,0,2,1,0000000,8,27,8,35,99,99,0,0,0,1,0
18,180501,2,1,1,3,3,1,1,97,2210,21,9,2011,4,23,50,1,11,1,I-465 S,,498,39.73702500,-86.043419440,0,8,0,0,1,1,2,0,2,1,0,1,0,0000000,23,52,0,4,99,99,23,0,0,1,0
18,180502,2,2,0,0,0,3,3,97,2210,10,8,2011,4,17,46,0,6,4,38TH ST,,0,39.82416111,-86.235466670,0,12,6,0,8,1,1,1,1,1,0,1,0,0000000,17,46,17,46,99,99,0,0,0,1,1
18,180503,1,1,0,0,0,1,1,61,1030,22,9,2011,5,15,37,0,4,3,SR- 337,,0,38.23120278,-86.138519440,0,30,0,0,1,1,4,0,1,1,0,1,0,0000000,15,37,15,38,88,88,0,0,0,1,0
18,180504,1,1,0,0,0,1,1,173,410,26,9,2011,2,7,29,0,16,4,MILLERSBURGH RD W RD,,0,38.06927778,-87.317341670,0,5,0,0,1,1,1,0,1,10,0,10,0,0000000,7,31,7,32,88,88,0,0,0,1,0
18,180505,2,2,0,0,0,5,5,51,4060,27,9,2011,3,13,27,0,16,4,CR-50 N,,0,38.36248889,-87.489666670,0,12,2,0,1,1,1,0,1,1,0,1,0,0000000,13,29,13,33,99,99,0,0,0,2,0
18,180506,1,1,0,0,0,1,1,47,550,19,8,2011,6,20,4,0,4,3,SR-252 E,,0,39.41685000,-84.978219440,0,1,0,0,1,1,5,0,1,1,0,1,0,0000000,20,8,20,12,88,88,0,0,0,1,1
18,180508,1,1,0,0,0,1,1,41,1000,28,9,2011,4,4,23,0,4,3,SR-44 W,,0,39.63560556,-85.195413890,0,34,0,0,1,1,4,0,2,1,0,1,0,0000000,4,23,4,28,88,88,0,0,0,1,0
18,180509,2,2,0,0,0,2,2,97,2210,2,8,2011,3,18,31,0,6,4,56TH ST,GEORGETOWN RD,0,39.85315833,-86.240013890,0,12,6,0,2,2,1,0,1,10,0,10,0,0000000,18,34,18,40,99,99,0,0,0,1,0
18,180510,2,2,0,0,0,2,2,3,3480,28,9,2011,4,15,40,0,3,2,US-24 E,,0,41.10380278,-84.964741670,0,12,2,0,1,1,1,0,1,2,0,2,0,0000000,15,44,15,54,99,99,0,0,0,1,0
18,180511,1,1,0,2,2,1,1,1,1180,30,9,2011,6,16,25,0,16,4,SALEM RD,,0,40.79721111,-84.880541670,0,49,0,0,1,1,1,0,1,1,0,1,0,0000000,16,26,16,31,99,99,0,0,0,1,0
18,180512,2,2,0,0,0,3,3,107,1060,2,10,2011,1,15,49,0,3,2,US-231 N,,0,40.12297778,-86.904602780,0,12,6,0,8,1,1,0,1,1,0,1,0,0000000,15,49,15,56,99,99,0,0,0,1,1
18,180513,1,1,0,0,0,1,1,29,2610,18,9,2011,1,12,50,0,4,3,SR-1,,0,39.20306944,-84.923383330,0,1,0,0,1,1,2,0,1,10,0,10,0,0000000,12,51,12,57,88,88,0,0,0,1,0
18,180514,1,1,0,0,0,2,2,97,2210,2,8,2011,3,13,1,0,6,4,MINNESOTA ST,,0,39.74586944,-86.078352780,0,21,0,0,1,1,4,0,1,1,0,1,0,0000000,13,16,13,20,99,99,0,0,0,1,0
18,180515,1,1,0,0,0,1,1,93,300,3,10,2011,2,12,45,0,16,4,BARTLETTSVILLE RD,WALNER QARRY RD,0,38.89737778,-86.441030560,0,42,0,0,3,3,4,0,1,1,0,1,0,0000000,12,45,12,47,88,88,0,0,0,1,1
18,180516,2,2,0,0,0,2,2,91,2990,3,10,2011,2,17,28,0,3,2,US-421,I-80/90,0,41.58591667,-86.897391670,0,12,1,0,3,3,1,0,1,1,0,1,0,0000000,17,28,17,45,99,99,0,0,0,1,0
18,180517,1,1,0,0,0,1,1,61,1030,30,9,2011,6,22,24,0,16,4,OLD HIGHWAY 135,,0,38.25476111,-86.121761110,0,38,0,0,1,1,5,0,2,1,0,1,0,0000000,22,26,22,32,88,88,0,0,0,1,1
18,180518,1,1,0,0,0,1,1,33,1720,4,10,2011,3,1,54,0,16,4,CR-7,,0,41.30743889,-85.155758330,0,30,0,0,1,1,4,0,2,1,0,1,0,0000000,1,56,2,0,88,88,0,0,0,1,1
18,180519,1,1,0,0,0,1,1,97,2210,25,9,2011,1,1,24,0,6,4,FALLCREEK RD,,0,39.87641389,-86.035738890,0,42,0,0,1,1,4,0,2,2,0,2,0,0000000,1,24,1,27,88,88,0,0,0,1,0
18,180520,1,1,0,0,0,1,1,155,5020,23,7,2011,7,19,34,0,4,3,SR-129,,0,38.75831667,-85.120697220,0,59,0,0,1,1,5,0,1,1,0,1,0,0000000,19,34,19,34,88,88,0,0,0,1,1
18,180521,1,1,0,2,2,1,1,89,1730,29,9,2011,5,8,16,0,14,2,US-20 E,CLEVELAND ST,0,41.60194444,-87.361752780,0,8,0,0,3,3,1,0,1,1,0,1,0,0000000,8,22,8,24,99,99,0,0,0,1,0
18,180523,2,2,0,0,0,3,3,53,2850,5,10,2011,4,16,33,0,15,3,SR-9 N,W JOHNSON AVE,0,40.57263056,-85.675958330,0,12,6,0,2,2,1,0,1,1,0,1,0,0000000,16,33,16,36,99,99,0,0,0,1,0
18,180524,2,2,0,0,0,3,3,103,3940,5,10,2011,4,11,15,0,14,2,US-24 E,SR-19,0,40.77976111,-86.059469440,0,12,6,0,2,2,1,0,1,1,0,1,0,0000000,11,17,11,17,88,88,0,0,0,2,0
18,180525,2,2,0,0,0,3,3,113,60,5,10,2011,4,20,25,0,16,4,CR-100 EAST RD,CR-400 SOUTH RD,0,41.29409167,-85.404411110,0,12,6,0,2,2,1,0,2,1,0,1,0,0000000,20,25,20,28,99,99,0,0,0,1,1
18,180526,1,1,0,0,0,2,2,177,4120,8,10,2011,7,18,30,0,6,4,NW 11TH ST,,0,39.85088889,-84.917144440,0,34,0,0,1,1,4,0,1,1,0,1,0,0000000,18,50,18,50,99,99,0,0,0,1,1
18,180527,2,2,0,0,0,3,3,53,4970,5,10,2011,4,18,56,1,1,1,I-69,,690,40.62837222,-85.522044440,0,12,1,0,1,1,1,0,1,1,0,1,0,0000000,18,56,18,59,88,88,0,0,0,2,0
18,180528,1,1,0,0,0,2,2,173,4830,8,10,2011,7,20,16,0,16,4,FOLSOMVILLE RD,,0,38.11348333,-87.206391670,0,53,0,0,1,1,5,0,2,1,0,1,0,0000000,20,16,20,30,99,99,20,0,0,1,1
18,180529,3,3,0,1,1,3,3,27,1430,10,10,2011,2,11,19,0,4,3,SR-58,,0,38.84448889,-87.035836110,0,12,1,0,1,1,1,0,1,1,0,1,0,0000000,11,19,11,25,99,99,23,0,0,3,0
18,180530,1,1,0,0,0,2,2,97,2210,4,10,2011,3,21,12,1,11,1,I-74 E,,976,39.69605833,-85.990377780,0,24,0,0,1,1,3,0,2,1,0,1,0,0000000,21,13,21,28,99,99,0,0,0,1,1
18,180531,1,1,0,0,0,2,2,157,290,9,10,2011,1,8,18,1,1,1,I-65,,1830,40.54824444,-86.924213890,0,1,0,0,1,1,1,0,4,1,0,1,0,0000000,8,18,8,22,99,99,0,0,0,1,0
18,180532,2,2,0,0,0,3,3,97,2210,9,10,2011,1,13,42,0,6,4,KESSLER BLVD EAST DR,BINFORD BLVD,0,39.85836389,-86.094016670,0,12,1,0,2,2,1,0,1,1,0,1,0,0000000,13,42,14,0,99,99,0,0,0,1,0
18,180533,1,1,0,0,0,1,1,11,2630,10,10,2011,2,20,35,0,16,4,CR-300 W,,0,40.08293056,-86.463602780,0,5,0,0,1,1,1,0,2,1,0,1,0,0000000,20,35,20,39,99,99,0,0,0,1,0
18,180534,7,7,0,1,1,13,13,97,2210,6,10,2011,5,13,0,0,6,4,30TH ST,,0,39.81107500,-86.030202780,0,20,0,0,1,1,1,1,1,1,0,1,0,0000000,13,5,13,12,99,99,14,0,0,1,0
18,180535,1,1,0,0,0,1,1,123,680,9,10,2011,1,7,13,1,1,1,I-64 W,,770,38.22992222,-86.615480560,0,1,0,0,1,1,4,0,4,1,0,1,0,0000000,7,13,7,39,99,99,0,0,0,1,0
18,180536,1,1,0,0,0,1,1,159,4860,12,10,2011,4,18,40,0,4,3,SR-213,CR-300 E,0,40.21856111,-85.956400000,0,1,0,0,3,4,1,0,1,1,0,1,0,0000000,18,57,19,3,99,99,0,0,0,1,0
18,180537,1,1,0,0,0,2,2,163,1480,20,9,2011,3,21,56,0,6,4,THIRD ST,LOCUST ST,0,37.97025278,-87.571550000,0,5,0,0,2,2,1,0,2,1,0,1,0,0000000,21,58,21,58,99,99,0,0,0,1,0
18,180538,2,2,0,0,0,4,4,11,5280,5,10,2011,4,8,36,1,1,1,I-865 E,,30,39.93066944,-86.275119440,0,12,2,0,1,1,1,0,1,1,0,1,0,0000000,8,36,8,36,99,99,0,0,0,1,0
18,180539,1,1,0,0,0,1,1,143,240,9,10,2011,1,22,56,0,16,4,NEW FRANKFORT RD,,0,38.73413333,-85.717605560,0,38,0,0,1,1,4,0,2,10,0,10,0,0000000,22,56,23,0,99,99,0,0,0,1,0
18,180540,2,2,0,0,0,2,2,39,3060,17,10,2011,2,5,22,0,16,4,CR-42,,0,41.52303889,-85.713658330,0,12,2,0,1,1,1,0,2,1,0,1,0,0000000,5,42,5,54,99,99,0,0,0,1,0
18,180541,1,1,0,0,0,2,2,89,2515,11,10,2011,3,13,5,1,11,1,I-80,,154,41.59263889,-87.242244440,0,24,0,0,1,1,4,0,1,1,0,1,0,0000000,13,10,13,15,99,99,0,0,0,1,0
18,180542,2,2,0,0,0,3,3,63,3990,13,10,2011,5,16,51,1,11,1,I-70 W,,664,39.67089444,-86.363594440,0,12,1,0,1,1,1,1,1,10,0,10,0,0000000,16,56,17,0,88,88,3,0,0,1,0
18,180543,2,2,0,0,0,5,5,43,3400,13,10,2011,5,11,52,0,4,3,SR-311 N,,0,38.35811944,-85.786488890,0,12,2,0,1,1,1,0,1,2,0,2,0,0000000,11,53,11,58,99,99,0,0,0,1,0
18,180544,1,1,0,0,0,1,1,19,4420,15,10,2011,7,16,36,0,16,4,HENRYVILLE OTISCO RD,,0,38.55879722,-85.715675000,0,34,0,0,1,1,5,0,1,1,0,1,0,0000000,16,36,16,42,99,99,0,0,0,1,0
18,180545,1,1,0,0,0,1,1,97,2210,15,10,2011,7,4,11,0,6,4,TIBBS AVE,,0,39.77038611,-86.216238890,0,24,0,0,1,1,4,0,3,1,0,1,0,0000000,4,36,4,46,88,88,0,0,0,1,0
18,180546,2,2,0,0,0,2,2,93,300,17,10,2011,2,11,51,0,15,3,SR-37 N,JOHN WILLIAMS BLVD,0,38.86734722,-86.519930560,0,12,1,0,2,3,1,0,1,1,0,1,0,0000000,11,51,11,55,88,88,0,0,0,1,0
18,180548,1,1,0,0,0,2,2,47,3310,27,9,2011,3,23,4,0,16,4,CAROLINA TRACE,,0,39.31523611,-84.823077780,0,1,0,0,1,1,5,0,2,1,0,1,0,0000000,23,7,23,21,99,99,0,0,0,1,1
18,180549,3,3,0,0,0,12,12,127,820,8,10,2011,7,16,22,1,1,1,I-94,,305,41.62380278,-87.068502780,0,12,1,0,1,1,1,0,1,1,0,1,0,0000000,16,32,16,33,99,99,0,0,0,1,0
18,180550,3,3,0,0,0,4,4,89,2010,17,10,2011,2,6,35,0,6,4,COLUMBIA AVE,,0,41.62180000,-87.500075000,0,12,1,0,1,1,1,0,4,1,0,1,0,0000000,6,36,6,39,99,99,14,0,0,1,0
18,180551,2,2,0,0,0,2,2,89,1730,11,10,2011,3,15,51,0,6,4,39TH AVE,POLK ST,0,41.54771389,-87.348561110,0,12,6,0,2,2,1,0,1,1,0,1,0,0000000,16,26,16,32,88,88,0,0,0,1,0
18,180552,1,1,0,0,0,1,1,149,2420,10,10,2011,2,21,43,0,4,3,SR-8 E,,0,41.28819167,-86.541966670,0,34,0,0,1,1,4,0,2,1,0,1,0,0000000,21,43,21,50,88,88,0,0,0,1,0
18,180553,2,2,0,0,0,2,2,141,2530,19,10,2011,4,10,11,0,3,2,US-31 S,,0,41.53608056,-86.272888890,0,12,2,0,1,1,1,0,1,2,0,2,0,0000000,10,11,10,19,99,99,0,0,0,1,0
18,180554,1,1,0,0,0,2,2,97,2210,13,10,2011,5,4,11,0,6,4,GEORGETOWN RD,59TH ST,0,39.86080278,-86.241475000,0,30,0,0,2,2,4,0,2,2,0,2,0,0000000,4,14,4,17,99,99,0,0,0,2,0
18,180555,2,2,0,0,0,3,3,177,4120,19,10,2011,4,17,15,0,3,2,US-35 N,,0,39.88221111,-84.943155560,0,12,6,0,1,1,1,0,1,2,0,2,0,0000000,17,16,17,21,99,99,0,0,0,1,0
18,180556,1,1,0,1,1,2,2,97,2210,19,10,2011,4,21,44,0,6,4,WASHINGTON ST,,0,39.73761944,-86.299838890,0,8,0,0,1,1,1,0,2,2,0,2,0,0000000,21,53,21,56,88,88,0,0,0,1,0
18,180557,2,2,0,0,0,2,2,39,1830,20,10,2011,5,4,50,0,4,3,SR-15,,0,41.61353056,-85.830327780,0,12,2,0,1,1,1,0,2,2,0,2,0,0000000,4,50,5,12,88,88,0,0,0,2,0
18,180558,1,1,0,0,0,1,1,65,390,18,10,2011,3,21,43,0,3,2,US-35 E,,0,40.06493611,-85.260858330,0,32,0,0,1,1,4,0,2,2,0,2,0,0000000,21,45,21,59,99,99,0,0,0,1,1
18,180559,1,1,0,0,0,1,1,141,2530,22,10,2011,7,18,0,0,16,4,MIAMI HWY,,0,41.54841667,-86.218644440,0,1,0,0,1,1,4,0,1,1,0,1,0,0000000,18,6,18,16,99,99,0,0,0,1,1
18,180560,2,2,0,0,0,2,2,99,4010,20,10,2011,5,16,15,0,3,2,US-30,KING RD,0,41.34247222,-86.263275000,0,12,6,0,2,2,1,0,1,2,0,2,0,0000000,16,20,16,22,99,99,0,0,0,1,0
18,180561,2,2,0,0,0,3,3,139,4270,7,9,2011,4,17,19,0,4,3,SR-44 W,,0,39.57297778,-85.605558330,0,12,2,0,1,1,1,0,1,2,0,2,0,0000000,17,20,17,27,99,99,0,0,0,1,0
18,180562,3,3,0,0,0,4,4,85,4810,24,10,2011,2,10,43,0,4,3,SR-13 N,,0,41.37204444,-85.701533330,0,12,1,0,1,1,1,1,1,1,0,1,0,0000000,10,43,10,52,88,88,3,14,0,1,0
18,180563,1,1,0,0,0,1,1,35,3360,22,10,2011,7,18,2,0,6,4,BUNCH BLVD,,0,40.19447778,-85.364200000,0,39,0,0,1,1,4,0,1,1,0,1,0,0000000,18,4,18,9,99,99,0,0,0,1,1
18,180564,1,1,0,1,1,2,2,175,3906,17,10,2011,2,5,10,0,4,3,SR-60 E,,0,38.54203889,-86.034933330,0,8,0,0,1,1,1,0,2,1,0,1,0,0000000,5,17,5,21,88,88,0,0,0,1,0
18,180565,1,1,0,0,0,3,3,89,2120,26,10,2011,4,1,39,0,15,3,SR-51 S,,0,41.55675833,-87.240908330,0,35,0,0,1,1,5,0,3,10,0,10,0,0000000,1,39,1,40,99,99,0,0,0,2,1
18,180566,1,1,0,0,0,2,2,97,2210,23,10,2011,1,3,28,0,6,4,WASHINGTON ST,WHITERIVER PKWY,0,39.76734722,-86.185855560,0,19,0,0,3,3,4,0,2,1,0,1,0,0000000,3,28,3,31,99,99,0,0,0,2,0
18,180567,1,1,0,0,0,2,2,97,2210,18,10,2011,3,4,50,0,6,4,GUILFORD AVE,58TH ST,0,39.85928611,-86.143369440,0,42,0,0,2,2,4,0,2,2,0,2,0,0000000,4,54,4,57,99,99,0,0,0,1,1
18,180568,2,2,0,0,0,4,4,145,4470,19,10,2011,4,14,52,0,4,3,SR-244 E,CR-600 E,0,39.49725278,-85.667911110,0,12,6,0,2,2,1,0,1,2,0,2,0,0000000,14,55,15,1,99,99,0,0,0,1,0
18,180569,1,1,0,0,0,1,1,91,2370,25,10,2011,3,15,40,0,3,2,US-35,HUPP RD,0,41.51751111,-86.696805560,0,42,0,0,3,3,4,0,1,10,0,10,0,0000000,15,43,15,48,88,88,0,0,0,1,0
18,180570,2,2,0,0,0,2,2,95,1440,22,10,2011,7,7,3,0,6,4,22ND ST,,0,40.27441667,-85.832833330,0,12,2,0,1,1,1,0,4,10,0,10,0,0000000,7,3,7,3,99,99,0,0,0,1,1
18,180571,4,1,3,0,0,3,3,167,4840,24,10,2011,2,23,14,0,14,2,US-41,,0,39.45495000,-87.413836110,0,33,0,0,1,1,4,0,2,1,0,1,0,0000000,23,14,23,14,99,99,20,0,0,1,0
18,180572,2,2,0,0,0,2,2,163,1480,25,8,2011,5,14,56,0,4,3,SR-66,SAINT JOSEPH RD,0,38.03835833,-87.670983330,0,12,6,0,2,2,1,0,1,1,0,1,0,0000000,14,59,15,0,99,99,0,0,0,1,0
18,180573,2,2,0,0,0,2,2,163,9997,27,10,2011,5,13,27,0,6,4,INGLEFIELD DR,,0,38.10822222,-87.560863890,0,12,1,0,1,1,1,0,1,1,0,1,0,0000000,13,27,13,29,88,88,0,0,0,1,0
18,180574,1,1,0,0,0,1,1,65,3450,29,10,2011,7,16,49,0,4,3,SR-38,,0,39.96955556,-85.573969440,0,34,0,0,1,1,4,0,1,1,0,1,0,0000000,16,49,16,55,88,88,0,0,0,1,0
18,180576,1,1,0,0,0,1,1,91,2570,28,10,2011,6,15,23,0,4,3,SR-2,,0,41.63659722,-86.664211110,0,30,0,0,1,1,4,0,1,10,0,10,0,0000000,15,23,15,29,99,99,0,0,0,1,0
18,180577,1,1,0,0,0,1,1,51,1560,29,10,2011,7,8,41,0,16,4,CR-550,,0,38.27498056,-87.580302780,0,10,0,0,6,1,1,0,1,1,0,1,0,342489u,8,41,8,41,88,88,0,0,0,1,0
18,180578,1,1,0,1,1,2,2,97,2210,9,9,2011,6,20,44,0,6,4,POST RD,,0,39.83345556,-86.010075000,0,8,0,0,1,1,1,0,2,10,0,10,0,0000000,20,44,20,55,99,99,0,0,0,1,0
18,180579,2,2,0,0,0,11,11,39,3010,27,10,2011,5,19,40,1,1,1,I-80,,1030,41.73151389,-85.756830560,0,11,0,0,1,1,1,0,2,1,0,1,0,0000000,19,46,19,57,99,99,0,0,0,7,0
18,180580,3,3,0,0,0,5,5,149,2420,29,10,2011,7,11,23,0,3,2,US-35 N,SR-8,0,41.31694722,-86.620844440,0,12,6,0,3,2,1,0,1,1,0,1,0,0000000,11,23,11,29,99,99,0,0,0,1,0
18,180581,1,1,0,1,1,1,1,19,870,1,11,2011,3,19,4,0,6,4,RANDOLPH AVE,HARRISON AVE,0,38.28698056,-85.762713890,0,8,0,0,3,3,1,0,2,1,0,1,0,0000000,19,4,19,8,99,99,0,0,0,1,0