STATE,ST_CASE,VE_TOTAL,VE_FORMS,PVH_INVL,PEDS,PERNOTMVIT,PERMVIT,PERSONS,COUNTY,CITY,DAY,MONTH,YEAR,DAY_WEEK,HOUR,MINUTE,NHS,ROAD_FNC,ROUTE,TWAY_ID,TWAY_ID2,MILEPT,LATITUDE,LONGITUD,SP_JUR,HARM_EV,MAN_COLL,RELJCT1,RELJCT2,TYP_INT,REL_ROAD,WRK_ZONE,LGT_COND,WEATHER1,WEATHER2,WEATHER,SCH_BUS,RAIL,NOT_HOUR,NOT_MIN,ARR_HOUR,ARR_MIN,HOSP_HR,HOSP_MN,CF1,CF2,CF3,FATALS,DRUNK_DR
18,180582,2,2,0,0,0,6,6,17,2730,3,11,2011,5,2,25,0,4,3,SR-25,,0,40.72309444,-86.419230560,0,12,2,0,1,1,1,0,2,1,0,1,0,0000000,2,25,2,30,99,99,0,0,0,2,0
18,180583,2,2,0,0,0,2,2,29,2610,29,9,2011,5,23,23,0,3,2,US-50 W,SR-48 E,0,39.09190000,-84.872216670,0,12,6,0,2,2,1,0,2,10,0,10,0,0000000,23,23,23,25,99,99,0,0,0,1,1
18,180584,1,1,0,0,0,1,1,53,1490,29,10,2011,7,4,4,0,16,4,CR-800 S,,0,40.43599444,-85.795877780,0,21,0,0,1,1,5,0,2,1,0,1,0,0000000,4,4,4,15,88,88,0,0,0,1,1
18,180585,2,2,0,0,0,2,2,141,2530,3,11,2011,5,18,28,0,16,4,OAK RD,TYLER RD,0,41.47809167,-86.329830560,0,12,6,0,2,2,1,0,5,10,0,10,0,0000000,18,28,18,37,99,99,0,0,0,1,0
18,180586,1,1,0,0,0,1,1,143,4400,5,11,2011,7,6,23,0,4,3,SR-356 E,,0,38.65014167,-85.669541670,0,34,0,0,1,1,4,0,2,1,0,1,0,0000000,6,23,6,33,88,88,0,0,0,1,0
18,180587,2,2,0,0,0,3,3,57,710,5,11,2011,7,19,19,0,6,4,HAZEL DELL PKWY,RIPPLING BROOK WAY,0,39.99611111,-86.070486110,0,12,6,0,2,2,1,0,2,1,0,1,0,0000000,19,19,19,25,99,99,0,0,0,1,0
18,180588,1,1,0,1,1,1,1,39,5050,6,11,2011,1,17,25,0,16,4,CR-40,,0,41.53632500,-85.984183330,0,9,0,0,1,1,1,0,5,10,0,10,0,0000000,17,27,17,36,99,99,0,0,0,1,0
18,180589,1,1,0,0,0,1,1,139,4270,7,11,2011,2,8,35,0,3,2,US-52 E,,0,39.57098889,-85.399852780,0,34,0,0,1,1,4,0,1,1,0,1,0,0000000,8,38,8,42,88,88,0,0,0,1,0
18,180590,2,2,0,0,0,3,3,125,3950,5,11,2011,7,17,30,0,4,3,SR-57,,0,38.40193333,-87.307555560,0,12,2,0,4,1,1,0,1,1,0,1,0,0000000,17,36,17,40,99,99,0,0,0,1,0
18,180591,1,1,0,0,0,1,1,113,2320,7,11,2011,2,8,25,0,16,4,CR-600 N,,0,41.43796389,-85.334008330,0,35,0,0,1,1,5,0,1,2,0,2,0,0000000,8,26,8,32,88,88,0,0,0,1,0
18,180592,2,1,1,0,0,3,3,175,1670,2,11,2011,4,9,35,0,16,4,MT CARMEL,,0,38.47597500,-86.182330560,0,14,0,0,1,1,5,0,1,1,0,1,0,0000000,9,35,9,48,99,99,0,0,0,1,0
18,180593,1,1,0,1,1,1,1,97,2210,7,11,2011,2,12,46,0,6,4,MADISON AVE,BANTA RD,0,39.67225556,-86.129558330,0,9,0,0,2,2,1,0,1,10,0,10,0,0000000,12,48,12,53,88,88,0,0,0,1,0
18,180594,2,2,0,0,0,2,2,127,4960,8,11,2011,3,8,3,0,4,3,SR-49,,0,41.53828056,-87.037816670,0,12,6,0,1,1,1,0,1,2,0,2,0,0000000,8,8,8,11,99,99,0,0,0,1,0
18,180595,1,1,0,0,0,1,1,135,5350,12,11,2011,7,1,35,0,16,4,UNION CITY PIKE,,0,40.19605556,-84.895777780,0,35,0,0,1,1,5,0,2,1,0,1,0,0000000,1,50,1,55,88,88,0,0,0,1,1
18,180596,1,1,0,1,1,1,1,3,1580,11,11,2011,6,18,10,0,6,4,CLINTON ST,,0,41.10244444,-85.138550000,0,9,0,0,1,1,1,0,2,1,0,1,0,0000000,18,11,18,14,99,99,0,0,0,1,0
18,180597,4,4,0,0,0,4,4,33,220,21,10,2011,6,7,17,1,1,1,I-69,,1250,41.30969444,-85.087608330,0,12,6,0,1,1,1,0,2,10,0,10,0,0000000,7,19,7,24,99,99,14,0,0,1,0
18,180598,1,1,0,0,0,2,2,147,4200,12,11,2011,7,19,30,0,16,4,CR-900 W,,0,37.93356944,-87.224277780,0,1,0,0,1,1,4,0,2,1,0,1,0,0000000,19,32,19,42,99,99,0,0,0,1,1
18,180599,2,2,0,0,0,2,2,129,3340,28,9,2011,4,20,35,0,4,3,SR-62 W,,0,37.93330000,-88.005380560,0,12,2,0,1,1,1,0,2,1,0,1,0,0000000,20,40,20,47,99,99,0,0,0,1,2
18,180600,2,2,0,0,0,3,3,157,2480,9,11,2011,4,16,15,0,16,4,9TH ST,,0,40.44596667,-86.880741670,0,12,7,0,1,1,1,0,1,10,0,10,0,0000000,16,15,16,16,99,99,0,0,0,1,0
18,180601,1,1,0,1,1,3,3,97,2210,4,11,2011,6,19,46,0,6,4,MICHIGAN RD,,0,39.83991944,-86.188025000,0,8,0,0,1,1,1,0,2,1,0,1,0,0000000,19,46,19,55,88,88,0,0,0,1,0
18,180602,2,2,0,0,0,3,3,61,3850,12,11,2011,7,7,31,0,4,3,SR-135,,0,38.35114722,-86.100625000,0,12,2,0,1,1,1,0,4,1,0,1,0,0000000,7,33,7,45,99,99,0,0,0,1,0
18,180603,2,2,0,0,0,3,3,133,260,25,8,2011,5,15,45,0,3,2,US-36 W,,0,39.76328333,-86.950313890,0,12,7,0,1,1,1,0,1,1,0,1,0,0000000,15,45,15,56,99,99,0,0,0,1,0
18,180604,1,1,0,0,0,1,1,85,5380,5,10,2011,4,0,0,0,6,4,ROY ST,JEAN ST,0,41.20875000,-85.811891670,0,11,0,0,3,3,1,0,2,1,0,1,0,0000000,0,0,0,4,88,88,0,0,0,1,1
18,180605,1,1,0,1,1,1,1,97,2210,31,7,2011,1,2,51,0,6,4,46TH ST,,0,39.84036111,-86.083450000,0,9,0,0,1,1,1,0,2,1,0,1,0,0000000,2,53,2,55,88,88,0,0,0,1,0
18,180606,1,1,0,1,1,1,1,95,3910,8,11,2011,3,6,13,0,15,3,SR- 9,,0,40.01788611,-85.730138890,0,9,0,0,1,1,1,0,2,1,0,1,0,0000000,6,13,6,16,99,99,0,0,0,1,0
18,180607,2,2,0,0,0,3,3,43,3400,20,11,2011,1,0,30,0,4,3,SR-111,,0,38.26073056,-85.845366670,0,12,6,0,1,1,1,0,2,10,0,10,0,0000000,0,41,0,43,99,99,0,0,0,1,1
18,180609,1,1,0,0,0,2,2,89,2120,21,11,2011,2,13,25,0,15,3,SR-51 N,,0,41.53033889,-87.253822220,0,10,0,0,6,1,1,0,1,10,0,10,0,283219g,13,25,13,30,99,99,0,0,0,1,0
18,180610,1,1,0,0,0,1,1,23,4250,21,11,2011,2,8,0,0,4,3,SR-26 W,,0,40.41704444,-86.652550000,0,34,0,0,1,1,4,0,1,1,0,1,0,0000000,8,8,8,16,88,88,0,0,0,1,0
18,180611,1,1,0,1,1,1,1,1,3140,29,10,2011,7,12,36,0,16,4,000 RD,,0,40.71760000,-84.936847220,0,49,0,0,1,1,1,0,1,1,0,1,0,0000000,12,36,12,40,99,99,0,0,0,1,0
18,180612,1,1,0,1,1,1,1,53,2850,16,11,2011,4,22,41,0,16,4,38TH ST,,0,40.52360278,-85.641497220,0,8,0,0,1,1,1,0,2,1,0,1,0,0000000,22,42,22,45,99,99,0,0,0,1,1
18,180613,2,2,0,0,0,7,7,89,760,20,11,2011,1,18,57,0,3,2,US-41,141ST AVE,0,41.36540833,-87.470055560,0,12,6,0,3,3,1,0,2,1,0,1,0,0000000,19,1,19,12,99,99,0,0,0,1,0
18,180614,2,2,0,0,0,6,6,11,5280,20,11,2011,1,3,49,1,11,1,I-465 S,,244,39.92635278,-86.254561110,0,12,2,0,1,1,1,0,3,1,0,1,0,0000000,3,50,4,0,99,99,0,0,0,1,2
18,180615,1,1,0,0,0,1,1,67,1930,24,11,2011,5,22,0,0,16,4,CR-900 E,,0,40.52505278,-85.956947220,0,35,0,0,1,1,6,0,2,10,0,10,0,0000000,22,14,22,17,99,99,0,0,0,1,1
18,180617,1,1,0,0,0,3,3,39,1410,24,11,2011,5,5,0,0,6,4,S MAIN ST,CONCORD MALL DR,0,41.64223333,-85.928097220,0,46,0,0,3,2,4,0,3,5,0,5,0,0000000,5,7,5,7,99,99,0,0,0,1,0
18,180618,2,2,0,1,1,2,2,97,2210,7,11,2011,2,22,27,0,6,4,GEORGETOWN RD,,0,39.87007222,-86.244380560,0,8,0,0,1,1,1,0,2,2,0,2,0,0000000,22,30,22,35,88,88,0,0,0,1,0
18,180619,1,1,0,1,1,1,1,97,2210,27,11,2011,1,19,10,0,6,4,86TH ST,COLBY BLVD,0,39.91189167,-86.213322220,0,8,0,0,2,2,1,0,2,2,0,2,0,0000000,19,10,19,27,99,99,0,0,0,1,0
18,180620,1,1,0,0,0,1,1,57,5180,22,11,2011,3,21,0,0,14,2,US-31,,0,40.05008889,-86.134527780,0,24,0,0,1,1,4,0,2,10,0,10,0,0000000,21,2,21,7,88,88,0,0,0,1,1
18,180621,1,1,0,1,1,2,2,97,2210,27,11,2011,1,17,58,0,6,4,HANNA AVE,,0,39.70811111,-86.143369440,0,8,0,0,1,1,1,0,2,2,0,2,0,0000000,17,58,18,0,99,99,0,0,0,1,0
18,180622,1,1,0,0,0,1,1,83,5030,11,10,2011,3,17,23,0,6,4,6TH ST,SHELBY ST,0,38.68061944,-87.523613890,0,1,0,0,2,2,1,0,1,1,0,1,0,0000000,17,23,17,25,99,99,0,0,0,1,0
18,180623,1,1,0,0,0,1,1,71,570,16,10,2011,1,15,36,0,4,3,SR-58 W,CR-980 W RD,0,38.95830833,-86.221302780,0,11,0,0,3,3,1,0,1,1,0,1,0,0000000,15,36,15,44,99,99,0,0,0,1,0
18,180624,1,1,0,1,1,1,1,89,1730,27,11,2011,1,17,50,0,15,3,SR-53,39TH AVE,0,41.54763889,-87.336416670,0,8,0,0,2,2,1,0,3,2,0,2,0,0000000,17,51,17,55,99,99,0,0,0,1,0
18,180625,3,3,0,0,0,3,3,91,2570,1,12,2011,5,14,44,0,3,2,US-20,,0,41.69080556,-86.788030560,0,12,6,0,8,1,1,0,1,1,0,1,0,0000000,14,46,14,53,99,99,0,0,0,1,1
18,180626,1,1,0,0,0,1,1,77,2830,18,11,2011,6,15,29,0,16,4,DEPUTY PIKE ROAD,,0,38.78184167,-85.439652780,0,34,0,0,1,1,4,0,1,1,0,1,0,0000000,15,29,15,35,88,88,0,0,0,1,0
18,180628,1,1,0,0,0,3,3,71,4440,24,11,2011,5,0,30,1,1,1,I-65 S,,515,38.98746111,-85.843147220,0,52,0,0,1,1,3,0,2,10,0,10,0,0000000,0,35,0,43,99,99,0,0,0,1,0
18,180629,1,1,0,1,1,1,1,89,2010,24,11,2011,5,13,10,1,11,1,I-80,,33,41.57407778,-87.462225000,0,8,0,0,1,1,1,0,1,10,0,10,0,0000000,13,12,13,21,99,99,0,0,0,1,0
18,180630,2,2,0,0,0,3,3,71,4440,24,11,2011,5,9,51,0,14,2,US-50 E,,0,38.95778889,-85.849097220,0,12,6,0,8,1,1,0,1,10,0,10,0,0000000,9,51,9,52,99,99,0,0,0,1,0
18,180631,1,1,0,1,1,1,1,19,4420,2,12,2011,6,1,5,0,4,3,SR-60,,0,38.37068056,-85.748558330,0,9,0,0,1,1,1,0,2,1,0,1,0,0000000,1,9,1,10,88,88,0,0,0,1,0
18,180632,2,2,0,0,0,3,3,19,2270,2,12,2011,6,12,24,0,6,2,US-31 HWY,,0,38.26889722,-85.750425000,0,33,0,0,1,1,4,0,1,1,0,1,0,0000000,12,24,12,45,99,99,0,0,0,1,0
18,180633,1,1,0,1,1,1,1,163,1480,3,12,2011,7,22,25,0,14,2,US-41,,0,37.97978333,-87.542961110,0,9,0,0,1,1,1,0,3,1,0,1,0,0000000,23,10,23,14,99,99,0,0,0,1,0
18,180634,3,3,0,0,0,3,3,49,4190,9,12,2011,6,6,35,0,4,3,SR-25,,0,41.04023889,-86.220630560,0,12,6,0,1,1,1,0,2,4,0,4,0,0000000,6,39,6,44,99,99,0,0,0,1,0
18,180635,1,1,0,0,0,1,1,73,4100,9,12,2011,6,16,25,0,16,4,CR-100 W,,0,41.06977500,-87.065461110,0,35,0,0,1,1,4,0,5,1,0,1,0,0000000,16,25,16,31,88,88,0,0,0,1,1
18,180636,1,1,0,0,0,1,1,131,5340,9,12,2011,6,5,30,0,16,4,CR-100 W,,0,41.04079722,-86.591594440,0,42,0,0,1,1,4,0,2,4,0,4,0,0000000,5,35,5,52,99,99,0,0,0,1,1
18,180637,1,1,0,0,0,1,1,69,2860,10,12,2011,7,16,42,1,1,1,I-69 S,,910,40.89261944,-85.344425000,0,58,0,0,1,1,3,0,5,1,0,1,0,0000000,16,44,16,54,88,88,0,0,0,1,0
18,180639,1,1,0,0,0,3,3,141,4580,10,12,2011,7,1,49,0,16,4,QUINCE RD,,0,41.62326111,-86.380244440,0,34,0,0,1,1,4,0,2,1,0,1,0,0000000,1,49,1,55,99,99,0,0,0,1,0
18,180640,1,1,0,0,0,2,2,93,300,9,12,2011,6,9,9,0,3,2,US-50,,0,38.78237500,-86.548425000,0,42,0,0,1,1,4,0,1,10,0,10,0,0000000,9,9,9,16,99,99,0,0,0,1,0
18,180641,2,2,0,0,0,2,2,111,2340,5,12,2011,2,10,50,0,14,2,US-41,PRINCETON PKWY,0,40.77896944,-87.439055560,0,12,6,0,3,3,1,0,1,1,0,1,0,0000000,10,53,10,55,99,99,0,0,0,1,0
18,180642,2,2,0,0,0,2,2,87,4870,7,12,2011,4,6,15,0,4,3,SR-5,CR-800 S,0,41.52493056,-85.578419440,0,12,6,0,2,2,1,0,2,10,0,10,0,0000000,6,17,6,26,88,88,0,0,0,1,0
18,180643,2,2,0,0,0,3,3,61,1030,11,12,2011,1,9,32,0,4,3,SR-135,,0,38.28089167,-86.111591670,0,12,6,0,1,1,1,0,1,1,0,1,0,0000000,9,33,9,41,99,99,0,0,0,1,0
18,180644,2,2,0,0,0,4,4,79,3670,25,11,2011,6,15,10,0,16,4,CR-675 N,,0,39.08321667,-85.649663890,0,12,2,0,1,1,1,0,1,1,0,1,0,0000000,16,43,17,4,99,99,0,0,0,1,0
18,180645,1,1,0,0,0,1,1,97,2210,5,12,2011,2,7,31,0,16,4,SERVICE RD,,0,39.71205278,-86.296544440,0,24,0,0,1,1,4,0,4,2,0,2,0,0000000,7,36,7,44,99,99,0,0,0,1,0
18,180646,1,1,0,0,0,2,2,61,1390,7,12,2011,4,21,15,0,4,3,SR-111 S,,0,38.17289167,-85.907022220,0,35,0,0,1,1,4,0,2,1,0,1,0,0000000,21,23,21,37,99,99,0,0,0,1,1
18,180647,1,1,0,0,0,1,1,63,560,10,12,2011,7,22,50,0,16,4,CR-350 N,,0,39.81361389,-86.418969440,0,42,0,0,1,1,4,0,2,1,0,1,0,0000000,22,52,22,55,99,99,0,0,0,1,0
18,180648,1,1,0,1,1,1,1,39,1830,13,12,2011,3,17,43,0,16,4,CR-31,CR-38,0,41.55196667,-85.770641670,0,49,0,0,2,2,1,0,2,10,0,10,0,0000000,17,45,18,0,99,99,0,0,0,1,1
18,180649,2,2,0,1,1,2,2,89,1310,29,11,2011,3,17,1,0,15,3,SR-312 W,NORTHCOTE AVENUE,0,41.62917222,-87.484991670,0,8,0,0,1,1,1,0,3,6,0,6,0,0000000,17,1,17,10,88,88,0,0,0,1,0
18,180650,1,1,0,0,0,1,1,91,2570,14,12,2011,4,14,59,0,16,4,CR-700 N,,0,41.70900556,-86.528911110,0,30,0,0,1,1,4,0,1,2,0,2,0,0000000,14,59,15,16,88,88,0,0,0,1,1
18,180651,3,3,0,0,0,3,3,167,4410,16,12,2011,6,14,29,0,3,2,US-40 W,,0,39.49616667,-87.257858330,0,12,1,0,1,1,1,0,1,1,0,1,0,0000000,14,30,14,33,99,99,0,0,0,1,0
18,180652,1,1,0,0,0,1,1,23,3000,14,12,2011,4,20,13,0,16,4,CR-100 N,,0,40.30140556,-86.349050000,0,34,0,0,1,1,4,0,2,2,0,2,0,0000000,20,14,20,25,99,99,0,0,0,1,0
18,180653,1,1,0,0,0,1,1,27,80,19,10,2011,4,7,50,0,16,4,CR-800 E,,0,38.53582778,-87.017111110,0,42,0,0,1,1,6,0,2,2,0,2,0,0000000,8,5,9,8,88,88,0,0,0,1,0
18,180654,2,2,0,0,0,3,3,157,2480,17,12,2011,7,11,14,0,16,4,CR-700 E,CR-1200 S,0,40.24363611,-86.771183330,0,12,6,0,2,2,1,0,1,10,0,10,0,0000000,11,16,11,23,99,99,0,0,0,1,0
18,180655,1,1,0,1,1,1,1,89,1100,18,12,2011,1,22,55,0,15,3,SR-231 E,,0,41.34856944,-87.247861110,0,8,0,0,1,1,1,0,2,1,0,1,0,0000000,22,56,23,20,88,88,0,0,0,1,0
18,180656,2,2,0,0,0,2,2,109,2890,18,12,2011,1,9,13,0,4,3,SR-144,,0,39.56760278,-86.260569440,0,12,6,0,1,1,1,0,1,10,0,10,0,0000000,9,13,9,27,99,99,0,0,0,1,0
18,180657,1,1,0,0,0,1,1,181,540,19,12,2011,2,17,3,0,16,4,SPRINGBORO RD,,0,40.56786111,-86.780847220,0,42,0,0,1,1,4,0,1,10,0,10,0,0000000,17,3,17,16,88,88,0,0,0,1,1
18,180658,1,1,0,1,1,1,1,97,2210,25,11,2011,6,18,22,0,6,4,21ST ST,SHADELAND AVE,0,39.79644167,-86.045752780,0,8,0,0,3,2,1,0,3,1,0,1,0,0000000,18,22,18,24,99,99,0,0,0,1,0
18,180659,2,2,0,0,0,6,6,35,4430,12,12,2011,2,15,0,0,4,3,SR-32,,0,40.19327222,-85.306294440,0,12,1,0,1,1,1,0,1,1,0,1,1,0000000,15,3,15,14,99,99,0,0,0,1,0
18,180660,2,2,0,0,0,4,4,113,1080,15,12,2011,5,11,29,0,4,3,SR-5,CR-200,0,41.38065556,-85.629263890,0,12,6,0,2,2,1,0,1,10,0,10,0,0000000,11,30,11,33,99,99,0,0,0,1,0
18,180661,1,1,0,0,0,3,3,89,2972,11,12,2011,1,19,11,1,11,1,I-65 S,,2400,41.48870833,-87.320188890,0,52,0,0,1,1,4,0,2,1,0,1,0,0000000,19,11,19,16,99,99,0,0,0,1,0
18,180662,2,2,0,0,0,2,2,97,2210,15,12,2011,5,19,0,1,11,1,I-465 S,,400,39.85876944,-86.047300000,0,12,2,0,1,1,1,0,2,10,0,10,0,0000000,19,3,19,7,99,99,0,0,0,1,0
18,180663,2,2,0,0,0,3,3,177,780,18,12,2011,1,23,55,0,4,3,SR-38 E,CENTERVILLE RD,0,39.88195000,-84.995983330,0,12,6,0,2,2,1,0,2,1,0,1,0,0000000,23,55,0,2,99,99,0,0,0,1,0
18,180664,2,2,0,0,0,3,3,163,1480,21,12,2011,4,13,46,0,4,3,SR-62,,0,37.97604444,-87.638605560,0,12,1,0,1,1,1,0,1,2,0,2,0,0000000,13,47,13,54,99,99,0,0,0,1,0
18,180665,1,1,0,0,0,2,2,39,1830,26,12,2011,2,6,56,0,6,4,COTTAGE AVE,,0,41.58716667,-85.828916670,0,10,0,0,6,1,1,0,2,1,0,1,0,510033v,6,57,7,0,99,99,0,0,0,1,1
18,180666,2,2,0,0,0,3,3,85,3050,27,12,2011,3,7,56,0,4,3,SR-15,,0,41.35613056,-85.854452780,0,12,2,0,1,1,1,0,4,4,0,4,0,0000000,7,56,7,56,99,99,0,0,0,1,0
18,180667,3,3,0,0,0,6,6,163,1480,16,12,2011,6,18,15,1,11,1,I-164,,78,37.98055000,-87.454444440,0,12,2,0,1,1,1,0,2,1,0,1,0,0000000,18,18,18,23,99,99,0,0,0,4,0
18,180668,2,2,0,0,0,5,5,75,4040,27,12,2011,3,12,20,0,3,2,US-27 N,CR-300 N,0,40.48273611,-84.979300000,0,12,6,0,2,2,1,0,1,11,7,11,0,0000000,12,20,12,25,99,99,0,0,0,1,0
18,180669,3,3,0,0,0,2,2,71,4440,1,12,2011,5,9,0,1,1,1,I-65 S,,540,39.01477778,-85.875258330,0,12,1,0,1,1,1,0,1,1,0,1,0,0000000,8,55,9,13,99,99,19,0,0,1,0
18,180670,1,1,0,1,1,2,2,43,3400,20,12,2011,3,15,55,0,6,4,GRANTLINE RD,JOLISSAINT AVE,0,38.31111389,-85.821297220,0,8,0,0,3,3,1,0,1,10,0,10,0,0000000,15,55,15,58,99,99,0,0,0,1,0
18,180671,1,1,0,2,2,1,1,97,2210,27,12,2011,3,21,22,0,6,4,82ND ST,LAKE SHORE WEST DR,0,39.90578333,-86.087647220,0,8,0,0,2,2,1,0,2,1,0,1,0,0000000,21,22,21,27,99,99,0,0,0,2,0
18,180672,2,2,0,0,0,3,3,27,5120,18,12,2011,1,16,40,0,4,3,SR-57,,0,38.63617222,-87.178197220,0,12,2,0,1,1,1,0,1,1,0,1,0,0000000,16,40,16,44,99,99,0,0,0,2,0
18,180673,1,1,0,0,0,1,1,133,950,26,12,2011,2,16,23,1,1,1,I-70 W,,300,39.48659444,-86.999027780,0,21,0,0,1,1,3,0,1,1,0,1,0,0000000,16,27,16,31,88,88,0,0,0,1,0
18,180674,2,2,0,0,0,2,2,53,2850,29,12,2011,5,15,56,0,6,4,MCCLURE ST,LINCOLN BLVD,0,40.55002500,-85.656047220,0,12,2,0,2,2,1,0,1,10,0,10,0,0000000,15,56,16,2,99,99,0,0,0,1,0
18,180675,2,2,0,0,0,6,6,55,360,20,12,2011,3,19,25,0,4,3,SR-54,,0,39.04280278,-86.828319440,0,12,2,0,1,1,1,0,2,2,0,2,0,0000000,19,58,20,14,99,99,0,0,0,1,0
18,180676,2,2,0,0,0,2,2,89,2010,26,12,2011,2,4,30,1,11,1,I- 80 E,,22,41.57410556,-87.483477780,0,12,1,0,1,1,1,0,2,1,0,1,0,0000000,4,35,4,41,88,88,0,0,0,1,1
18,180677,2,2,0,0,0,3,3,97,2210,30,12,2011,6,12,45,1,11,1,I-465,,335,39.92006389,-86.107633330,0,12,6,0,1,1,1,0,1,2,0,2,0,0000000,12,56,13,13,99,99,0,0,0,1,0
18,180678,2,2,0,0,0,5,5,89,3370,30,12,2011,6,2,33,0,6,4,RIDGE RD,HOHMAN AVE,0,41.56339444,-87.522566670,0,12,6,0,2,2,1,0,2,1,0,1,0,0000000,2,33,2,33,99,99,0,0,0,1,1
18,180679,1,1,0,0,0,3,3,19,4420,30,12,2011,6,13,10,0,4,3,SR-60,,0,38.40194167,-85.784966670,0,53,0,0,1,1,4,0,1,10,0,10,0,0000000,13,12,13,16,99,99,0,0,0,1,0
18,180680,1,1,0,0,0,2,2,65,3450,27,10,2011,5,16,13,0,4,3,SR-38 E,,0,39.91907500,-85.317069440,0,30,0,0,1,1,4,0,1,10,0,10,0,0000000,16,13,16,25,99,99,0,0,0,1,0
18,180681,2,2,0,0,0,3,3,51,3690,2,11,2011,4,13,59,0,4,3,SR-57,,0,38.30113611,-87.375963890,0,12,8,0,1,1,1,0,1,1,0,1,0,0000000,13,59,14,3,99,99,0,0,0,1,0
18,180682,1,1,0,0,0,1,1,35,1143,14,11,2011,2,21,46,0,4,3,SR-67 S,,0,99.99990000,999.999900000,0,34,0,0,1,1,4,0,2,2,0,2,0,0000000,21,53,21,54,99,99,0,0,0,1,0
18,180683,2,2,0,0,0,2,2,167,4840,25,11,2011,6,17,43,0,14,2,US-41,LINCOLN ST,0,39.44401667,-87.413688890,0,12,6,0,3,3,1,0,2,10,0,10,0,0000000,17,45,17,49,99,99,0,0,0,1,0
18,180684,1,1,0,1,1,1,1,1,1180,24,12,2011,7,18,33,0,14,2,US-27 N,MADISON ST,0,40.82745833,-84.937588890,0,8,0,0,3,2,1,0,2,1,0,1,0,0000000,18,35,18,38,99,99,0,0,0,1,0
18,180685,1,1,0,0,0,4,4,95,140,25,12,2011,1,17,13,0,16,4,CR-100 W,,0,40.18804444,-85.690672220,0,42,0,0,1,1,4,0,2,1,0,1,0,0000000,17,13,17,17,99,99,0,0,0,1,0
18,180686,1,1,0,1,1,1,1,89,1310,28,12,2011,4,17,5,0,14,2,US-20,148TH ST,0,41.62736667,-87.480300000,0,8,0,0,3,2,1,0,2,10,0,10,0,0000000,17,5,17,8,99,99,0,0,0,1,0
18,180687,2,2,0,0,0,7,7,93,3110,27,12,2011,3,15,20,0,15,3,SR-37 S,HWY 60 W,0,38.73147500,-86.489791670,0,12,6,0,2,2,1,0,1,10,0,10,0,0000000,15,20,15,23,99,99,0,0,0,1,0
18,180688,1,1,0,0,0,2,2,137,5010,30,12,2011,6,20,15,0,16,4,CR-200 W,CR-100 N,0,39.08874722,-85.297066670,0,59,0,0,3,2,4,0,2,1,0,1,0,0000000,20,31,21,1,88,88,0,0,0,1,0
18,180689,1,1,0,1,1,1,1,97,2210,28,12,2011,4,21,33,0,6,4,RAYMOND ST,,0,39.73739167,-86.134744440,0,8,0,0,1,1,1,0,2,1,0,1,0,0000000,21,35,21,39,99,99,0,0,0,1,0
18,180690,1,1,0,1,1,1,1,43,3400,29,12,2011,5,1,20,0,15,3,SR-311 S,KLERNER LANE,0,38.34573333,-85.816294440,0,8,0,0,2,2,1,0,2,1,0,1,0,0000000,1,20,1,21,88,88,0,0,0,1,0
18,180691,2,2,0,0,0,3,3,17,2730,23,10,2011,1,16,49,0,6,4,GEORGE ST,,0,40.75634444,-86.331602780,0,12,6,0,8,1,1,0,1,1,0,1,0,0000000,16,50,16,54,99,99,0,0,0,1,0
18,180692,1,1,0,0,0,1,1,149,2420,5,12,2011,2,0,55,0,16,4,CR-100 E,,0,41.23649444,-86.679061110,0,53,0,0,1,1,4,0,2,2,0,2,0,0000000,0,55,1,7,99,99,0,0,0,1,1
18,180693,1,1,0,1,1,1,1,97,2210,21,12,2011,4,18,23,0,6,4,EMERSON AVE,,0,39.71984167,-86.082325000,0,8,0,0,4,1,1,0,2,1,0,1,0,0000000,18,25,18,28,99,99,0,0,0,1,0
18,180694,2,2,0,0,0,3,3,65,4740,30,11,2011,4,17,25,0,16,4,CR-500 S,,0,39.86024444,-85.277386110,0,12,2,0,8,1,1,0,5,1,0,1,0,0000000,17,27,17,37,99,99,0,0,0,1,0
18,180695,2,2,0,0,0,2,2,7,1600,12,11,2011,7,11,25,0,4,3,SR-18 E,SR-71 HWY,0,40.62233611,-87.490761110,0,12,6,0,2,2,1,0,1,1,0,1,0,0000000,11,30,11,37,88,88,0,0,0,2,0
18,180696,1,1,0,0,0,2,2,157,2480,30,12,2011,6,19,35,0,6,4,KOSSUTH ST,12TH ST,0,40.40994167,-86.882791670,0,33,0,0,3,3,4,0,2,2,0,2,0,0000000,19,35,19,39,99,99,0,0,0,1,1
18,180697,1,1,0,0,0,2,2,97,2210,12,11,2011,7,3,25,0,6,4,FALL CREEK RD,,0,39.88146389,-86.011533330,0,42,0,0,1,1,4,0,2,1,0,1,0,0000000,3,26,3,32,99,99,0,0,0,1,1
18,180698,1,1,0,0,0,2,2,103,3940,29,11,2011,3,19,45,0,16,4,CR-300 N,,0,40.80779167,-86.054144440,0,72,0,0,1,1,1,0,2,4,0,4,0,0000000,19,45,20,25,88,88,0,0,0,1,0
18,180699,2,2,0,0,0,2,2,97,2210,21,10,2011,6,3,21,0,6,4,MICHIGAN RD,71ST ST,0,39.88476111,-86.209800000,0,12,6,0,2,2,1,0,3,1,0,1,0,0000000,3,25,3,26,99,99,0,0,0,1,1