STATE,ST_CASE,VE_TOTAL,VE_FORMS,PVH_INVL,PEDS,PERNOTMVIT,PERMVIT,PERSONS,COUNTY,CITY,DAY,MONTH,YEAR,DAY_WEEK,HOUR,MINUTE,NHS,ROAD_FNC,ROUTE,TWAY_ID,TWAY_ID2,MILEPT,LATITUDE,LONGITUD,SP_JUR,HARM_EV,MAN_COLL,RELJCT1,RELJCT2,TYP_INT,REL_ROAD,WRK_ZONE,LGT_COND,WEATHER1,WEATHER2,WEATHER,SCH_BUS,RAIL,NOT_HOUR,NOT_MIN,ARR_HOUR,ARR_MIN,HOSP_HR,HOSP_MN,CF1,CF2,CF3,FATALS,DRUNK_DR
18,180700,2,2,0,0,0,2,2,71,1090,21,11,2011,2,10,0,0,3,2,US-31,CR-200 S,0,38.85227778,-85.821402780,0,12,2,0,1,1,1,0,1,2,0,2,0,0000000,10,10,10,12,99,99,0,0,0,1,0
18,180701,1,1,0,1,1,2,2,97,2210,9,11,2011,4,6,8,0,6,4,SOUTHERN AVE,SHELBY ST,0,39.73410833,-86.139666670,0,15,0,0,2,3,1,0,3,2,0,2,1,0000000,6,8,6,8,99,99,0,0,0,1,0
18,180702,2,2,0,0,0,4,4,139,4270,22,11,2011,3,16,59,0,14,2,US-52,CR-150,0,39.61448056,-85.472313890,0,12,6,0,2,3,1,0,5,2,0,2,0,0000000,17,0,17,4,99,99,0,0,0,1,0
18,180703,1,1,0,0,0,1,1,105,380,19,12,2011,2,10,0,0,6,8,MONROE DAM RD,,0,39.01265556,-86.512491670,0,3,0,0,1,1,5,0,9,1,0,1,0,0000000,10,0,10,15,88,88,0,0,0,1,0
18,180704,1,1,0,0,0,1,1,165,740,11,12,2011,1,22,17,0,4,3,SR-63,,0,39.94336389,-87.451633330,0,24,0,0,1,1,3,0,2,10,0,10,0,0000000,22,17,22,25,88,88,0,0,0,1,1
18,180705,2,2,0,0,0,2,2,63,900,27,12,2011,3,5,15,0,4,3,SR-39,,0,39.65862222,-86.485516670,0,12,1,0,1,1,1,0,2,4,0,4,0,0000000,5,20,5,25,99,99,0,0,0,1,0
18,180706,1,1,0,1,1,1,1,97,2210,30,9,2011,6,19,13,0,16,5,10TH ST,BELMAR AVE,0,39.78167778,-86.024488890,0,8,0,0,3,3,1,0,5,10,0,10,0,0000000,19,13,19,20,99,99,0,0,0,1,0
19,190001,1,1,0,0,0,1,1,153,8980,2,1,2011,1,22,41,0,14,6,GRAND AVE,VINE ST,0,41.57736389,-93.727727780,0,31,0,0,2,2,4,0,2,1,0,1,0,0000000,22,41,22,45,23,13,0,0,0,1,0
19,190002,1,1,0,0,0,1,1,61,0,4,1,2011,3,17,56,1,2,2,US-20,,65,42.44100000,-91.013869440,0,21,0,0,1,1,3,0,5,1,0,1,0,0000000,17,57,18,3,18,26,0,0,0,1,0
19,190003,3,3,0,0,0,3,3,15,0,7,1,2011,6,12,33,0,4,4,MAMIE EISENHOWER AVE,,0,42.05650833,-93.845308330,0,12,8,0,1,1,1,0,1,11,0,11,0,0000000,12,41,12,45,13,13,0,0,0,1,0
19,190005,2,2,0,0,0,4,4,1,0,9,1,2011,1,15,35,1,1,1,I-80,,219,41.49308333,-94.263483330,0,12,6,0,1,1,1,0,1,3,0,3,0,0000000,15,35,15,38,99,99,0,0,0,2,0
19,190006,1,1,0,0,0,2,2,161,0,9,1,2011,1,7,30,0,6,4,365TH ST,,0,42.26037778,-94.882911110,0,1,0,0,1,1,5,0,2,1,0,1,0,0000000,7,38,7,53,99,99,0,0,0,1,0
19,190007,1,1,0,1,1,3,3,163,4600,9,1,2011,1,21,38,1,2,2,US-67,SYCAMORE DR,130,41.58247778,-90.376497220,0,8,0,0,2,2,1,0,2,1,0,1,0,0000000,21,42,21,48,22,7,0,0,0,1,0
19,190008,1,1,0,0,0,1,1,111,0,9,1,2011,1,2,22,0,4,4,330TH AVE,180TH ST,0,40.69609722,-91.286980560,0,1,0,0,2,3,4,0,3,1,0,1,0,0000000,2,18,2,30,99,99,0,0,0,1,1
19,190009,1,1,0,0,0,1,1,33,0,10,1,2011,2,12,57,1,1,1,I-35,,192,43.18675833,-93.355977780,0,1,0,0,1,1,3,0,1,4,0,4,0,0000000,12,58,13,15,88,88,0,0,0,1,0
19,190010,2,1,1,0,1,7,8,99,0,11,1,2011,3,6,48,1,1,1,I-80,,256,41.69506944,-92.857683330,0,14,0,0,1,1,3,0,2,4,0,4,0,0000000,6,48,7,10,99,99,19,0,0,1,0
19,190011,1,1,0,0,0,1,1,7,0,13,1,2011,5,19,40,0,3,3,SR-5,,154,40.75701667,-92.858783330,0,34,0,0,1,1,4,0,2,1,0,1,0,0000000,19,42,19,46,19,53,0,0,0,1,1
19,190012,1,1,0,1,1,1,1,13,8790,15,1,2011,7,20,19,0,6,6,LA PORTE RD,,0,42.47246389,-92.322694440,0,8,0,0,1,1,1,0,3,1,0,1,0,0000000,20,20,20,22,20,32,0,0,0,1,0
19,190013,2,2,0,0,0,2,2,167,0,17,1,2011,2,9,55,1,2,2,US-18,,149,43.20022500,-96.205247220,0,12,6,0,1,1,1,0,1,10,0,10,0,0000000,9,59,10,6,10,14,0,0,0,1,1
19,190014,1,1,0,0,0,1,1,75,0,18,1,2011,3,6,15,0,4,4,PIONEER RD,,0,42.33041944,-92.592100000,0,1,0,0,1,1,4,0,2,11,0,11,0,0000000,6,20,6,24,7,10,0,0,0,1,0
19,190015,1,1,0,0,0,2,2,129,0,20,1,2011,5,9,5,1,1,1,I-29,,80,41.01776111,-95.811847220,0,1,0,0,1,1,3,0,1,1,0,1,0,0000000,9,11,9,30,9,54,0,0,0,1,0
19,190016,2,2,0,0,0,2,2,153,2260,21,1,2011,6,8,50,1,13,2,US-6,,157,41.63593056,-93.531702780,0,12,6,0,8,1,1,0,1,4,0,4,0,0000000,8,53,9,1,9,31,0,0,0,1,0
19,190017,1,1,0,1,1,1,1,153,2260,22,1,2011,7,17,36,0,16,6,E ARMY POST RD,,0,41.52603889,-93.562908330,0,39,0,0,1,1,5,0,1,1,0,1,0,0000000,17,36,17,40,88,88,0,0,0,1,0
19,190018,1,1,0,0,0,2,2,163,2080,29,1,2011,7,7,25,0,16,6,UTAH AVE,,0,41.51446667,-90.668844440,0,42,0,0,1,1,4,0,2,10,0,10,0,0000000,7,28,7,38,7,57,0,0,0,1,1
19,190019,1,1,0,0,0,1,1,7,0,2,2,2011,4,11,8,0,16,4,600TH ST,SHOAL CR,0,40.60890556,-93.029830560,0,34,0,0,1,1,4,0,1,1,0,1,0,0000000,11,8,12,4,88,88,0,0,0,1,0
19,190020,1,1,0,0,0,1,1,179,0,6,2,2011,1,6,0,0,4,4,BLUEGRASS RD,,0,40.99272500,-92.464061110,0,42,0,0,1,1,4,0,2,4,0,4,0,0000000,88,88,88,88,88,88,0,0,0,1,0
19,190021,2,2,0,0,0,6,6,73,0,6,2,2011,1,15,55,1,2,2,US-30,,19,42.03454722,-94.600411110,0,12,6,0,1,1,1,0,1,11,0,11,0,0000000,15,58,16,10,16,47,0,0,0,1,0
19,190022,1,1,0,0,0,1,1,153,2260,7,2,2011,2,21,21,0,16,6,SE 34TH STREET,,0,41.58654444,-93.549052780,0,10,0,0,6,1,1,0,3,1,0,1,0,603696L,21,22,21,29,88,88,0,0,0,1,1
19,190023,2,2,0,0,0,2,2,167,0,11,2,2011,6,7,0,1,2,2,US-18,,330,43.18586944,-95.875644440,0,12,6,0,1,1,1,0,4,10,0,10,0,0000000,7,6,7,14,88,88,0,0,0,1,0
19,190024,2,2,0,0,0,2,2,153,8980,12,2,2011,7,16,34,1,11,1,I-80,,226,41.59213056,-93.799188890,0,12,2,0,1,1,1,0,1,10,0,10,0,0000000,16,34,16,41,88,88,0,0,0,1,0
19,190025,2,2,0,1,1,6,6,103,0,13,2,2011,1,0,3,1,1,1,I-80,,89,41.69379444,-91.661613890,0,8,0,0,1,1,1,0,2,10,0,10,0,0000000,88,88,88,88,88,88,0,0,0,1,0
19,190026,2,2,0,0,0,2,2,97,0,16,2,2011,4,9,26,1,2,2,US-61,D61,155,42.24040556,-90.679972220,0,12,6,0,2,2,1,0,1,5,0,5,0,0000000,88,88,88,88,88,88,0,0,0,1,0
19,190027,2,2,0,0,0,3,3,169,0,17,2,2011,5,16,31,0,4,4,500TH AVENUE,270TH STREET,0,41.96495556,-93.698163890,0,12,6,0,2,2,1,0,1,1,0,1,0,0000000,16,31,16,40,99,99,0,0,0,1,1
19,190028,1,1,0,0,0,1,1,7,0,17,2,2011,5,10,58,0,4,4,J05T,,0,40.81195833,-93.039422220,0,1,0,0,1,1,4,0,1,10,0,10,0,0000000,11,0,11,32,12,24,0,0,0,1,0
19,190029,2,2,0,0,0,5,5,13,8790,5,2,2011,7,11,2,1,13,2,US-63,WASHINGTON ST,3,42.49656667,-92.354258330,0,12,6,0,2,2,1,0,1,1,0,1,0,0000000,11,2,11,4,11,31,0,0,0,1,0
19,190030,3,3,0,0,0,5,5,13,8790,19,2,2011,7,1,52,0,16,6,WILLISTON AVE,US-218,0,42.48333611,-92.206425000,0,12,6,0,2,2,1,0,3,1,0,1,0,0000000,1,52,1,57,2,17,0,0,0,1,2
19,190031,2,2,0,0,0,2,2,193,0,21,2,2011,2,22,28,1,1,1,I-29,,32,42.26731111,-96.265072220,0,12,2,0,1,1,1,0,2,10,0,10,0,0000000,22,30,22,38,23,8,0,0,0,1,1
19,190032,1,1,0,0,0,1,1,113,0,3,3,2011,5,1,15,0,4,4,BERTRAM STREET,,0,41.95798889,-91.530530560,0,42,0,0,1,1,4,0,2,10,0,10,0,0000000,4,31,4,50,88,88,0,0,0,1,1
19,190033,1,1,0,1,1,2,2,61,0,2,3,2011,4,16,59,0,4,4,SOUTH MOUND RD,,0,42.60199444,-90.792863890,0,8,0,0,1,1,1,0,1,1,0,1,0,0000000,88,88,88,88,88,88,0,0,0,1,0
19,190034,1,1,0,0,0,1,1,127,5320,6,3,2011,1,2,0,0,4,4,MAIN ST RD,,0,42.04901111,-92.957619440,0,42,0,0,1,1,4,0,3,1,0,1,0,0000000,2,2,2,8,2,23,0,0,0,1,1
19,190035,1,1,0,0,0,1,1,193,0,6,3,2011,1,2,30,0,4,4,OLD HWY 141,,0,42.25381667,-95.965588890,0,35,0,0,1,1,4,0,2,1,0,1,0,0000000,3,10,3,39,4,15,0,0,0,1,1
19,190036,2,2,0,0,0,4,4,171,0,7,3,2011,2,14,10,1,2,2,US-20,,212,41.96412222,-92.369788890,0,12,2,0,1,1,1,0,1,4,0,4,0,0000000,14,20,14,32,15,17,0,0,0,1,0
19,190037,3,3,0,0,0,3,3,103,4050,15,2,2011,3,16,14,1,13,2,US-6,,206,41.63111667,-91.489405560,0,12,2,0,1,1,1,0,1,10,0,10,0,0000000,16,17,16,22,16,43,0,0,0,1,0
19,190038,2,2,0,0,0,3,3,93,0,7,3,2011,2,7,53,1,2,2,US-20,,43,42.47480833,-95.580633330,0,12,6,0,1,1,1,0,1,4,0,4,0,0000000,7,55,8,5,99,99,0,0,0,2,0
19,190039,2,2,0,0,0,2,2,129,0,10,3,2011,5,10,7,0,4,4,221ST STREET,ABBEY RD,0,41.14739444,-95.782908330,0,12,2,0,1,1,1,0,1,1,0,1,0,0000000,10,17,10,39,10,50,0,0,0,1,0
19,190040,2,2,0,0,0,3,3,99,0,10,3,2011,5,17,45,1,2,2,US-65,SR-330,27,41.80990833,-93.308500000,0,12,6,0,2,2,1,0,1,1,0,1,0,0000000,17,45,17,59,18,41,0,0,0,1,0
19,190041,1,1,0,0,0,1,1,13,8790,10,3,2011,5,12,18,0,16,6,NEWELL ST,,0,42.51290278,-92.315169440,0,30,0,0,1,1,4,0,1,1,0,1,0,0000000,88,88,88,88,88,88,0,0,0,1,0
19,190042,1,1,0,0,0,1,1,73,0,10,3,2011,5,6,37,0,6,4,190TH ST,,0,42.07747500,-94.619369440,0,42,0,0,1,1,4,0,4,5,10,5,0,0000000,6,37,6,56,88,88,0,0,0,1,0
19,190043,1,1,0,0,0,1,1,1,0,13,3,2011,1,5,0,1,1,1,I-80,,40,41.49321111,-94.609430560,0,35,0,0,1,1,3,0,2,10,0,10,0,0000000,88,88,88,88,88,88,0,0,0,1,0
19,190044,1,1,0,0,0,1,1,69,0,13,3,2011,1,2,30,0,6,4,BALSAM AVE,,0,42.71491944,-93.478608330,0,1,0,0,1,1,4,0,2,1,0,1,0,0000000,88,88,88,88,88,88,0,0,0,1,0
19,190045,1,1,0,0,0,1,1,139,0,14,3,2011,2,14,15,0,4,4,X30,,0,41.59611667,-91.347472220,0,34,0,0,1,1,4,0,1,1,0,1,0,0000000,88,88,88,88,88,88,0,0,0,1,0
19,190046,2,2,0,0,0,2,2,11,0,14,3,2011,2,18,9,0,6,4,255TH STREET,,0,40.59040556,-91.602044440,0,12,2,0,1,1,1,0,1,1,0,1,0,0000000,18,9,18,16,19,5,0,0,0,2,0
19,190047,1,1,0,1,1,1,1,57,0,16,3,2011,4,17,59,1,2,2,US-61,,2,40.72757500,-91.201886110,0,9,0,0,1,1,1,0,1,10,0,10,0,0000000,88,88,88,88,88,88,0,0,0,1,0
19,190049,1,1,0,0,0,1,1,127,0,18,3,2011,6,6,56,0,3,3,SR-330,,48,41.91176944,-93.162627780,0,35,0,0,1,1,3,0,4,10,0,10,0,0000000,6,57,7,14,88,88,0,0,0,1,0
19,190050,1,1,0,0,0,3,3,99,0,17,3,2011,5,4,40,0,6,4,S 36TH AVE W,,0,41.66663333,-93.109644440,0,35,0,0,1,1,4,0,2,1,0,1,0,0000000,4,44,4,53,5,40,0,0,0,2,0
19,190051,2,2,0,0,0,2,2,143,0,18,3,2011,6,9,53,1,2,2,US-59,SR-9,120,43.43279722,-95.643225000,0,12,6,0,2,2,1,0,1,10,0,10,0,0000000,9,55,10,4,88,88,0,0,0,1,0
19,190052,1,1,0,0,0,1,1,169,0,18,3,2011,6,2,32,1,2,2,US-69,190TH ST,153,42.07748611,-93.620697220,0,35,0,0,2,3,4,0,3,1,0,1,0,0000000,2,32,2,37,88,88,0,0,0,1,0
19,190053,1,1,0,0,0,1,1,69,0,20,3,2011,1,2,30,0,4,4,GROUSE AVE,,0,42.79721944,-93.379880560,0,1,0,0,1,1,4,0,2,2,0,2,0,0000000,2,34,3,1,88,88,0,0,0,1,1
19,190054,1,1,0,0,0,1,1,111,0,20,3,2011,1,1,15,0,4,4,ARGYLE RD,,0,40.43891111,-91.467172220,0,42,0,0,1,1,4,0,2,10,0,10,0,0000000,1,15,1,20,1,43,0,0,0,1,0
19,190055,1,1,0,0,0,1,1,163,2080,21,3,2011,2,22,4,0,16,6,E 29TH ST,EASTERN AVE,0,41.54927500,-90.551438890,0,33,0,0,2,3,2,0,3,10,0,10,0,0000000,88,88,88,88,88,88,0,0,0,1,0
19,190056,2,2,0,0,0,2,2,153,0,22,3,2011,3,23,51,1,1,1,I-80,,156,41.65391111,-93.563425000,0,12,1,0,1,1,1,0,2,10,0,10,0,0000000,88,88,88,88,88,88,0,0,0,1,0
19,190057,2,2,0,0,0,2,2,99,0,24,3,2011,5,6,14,0,4,4,F62 E,,0,41.58097778,-92.883969440,0,12,2,0,1,1,1,0,2,10,0,10,0,0000000,6,24,6,51,7,26,0,0,0,1,0
19,190059,1,1,0,1,1,1,1,55,5180,24,3,2011,5,20,8,0,16,6,N BREWER ST,MAIN ST,0,42.48420556,-91.454216670,0,8,0,0,2,2,1,0,3,1,0,1,0,0000000,20,17,20,17,88,88,0,0,0,1,0
19,190060,2,2,0,0,0,3,3,161,0,25,3,2011,6,5,16,1,2,2,US-71,,73,42.26484167,-94.955247220,0,12,2,0,1,1,1,0,2,4,0,4,0,0000000,5,23,4,38,99,99,0,0,0,1,0
19,190061,1,1,0,0,0,1,1,15,0,26,3,2011,7,5,33,0,4,4,270TH ST,,0,41.96516667,-93.778500000,0,32,0,0,1,1,4,0,2,1,0,1,0,0000000,5,37,5,51,88,88,0,0,0,1,1
19,190062,1,1,0,0,0,1,1,11,0,27,3,2011,1,2,16,0,4,4,32ND AVE,,0,42.14038611,-91.877516670,0,35,0,0,1,1,4,0,2,1,0,1,0,0000000,2,16,2,26,88,88,0,0,0,1,1
19,190063,1,1,0,0,0,1,1,183,0,30,3,2011,4,21,4,0,6,4,ORANGE AVE,,0,41.49874444,-91.681611110,0,35,0,0,1,1,4,0,2,1,0,1,0,0000000,21,6,21,23,88,88,0,0,0,1,0
19,190064,2,2,0,0,0,2,2,123,0,31,3,2011,5,6,17,0,4,4,WAPELLO-MAHASKA RD,,0,41.16147778,-92.597433330,0,12,6,0,8,1,1,0,2,10,0,10,0,0000000,6,22,6,34,88,88,0,0,0,1,0
19,190065,1,1,0,0,0,2,2,149,0,31,3,2011,5,16,27,1,2,2,US-75,,97,42.70275833,-96.256525000,0,1,0,0,1,1,3,0,1,2,0,2,0,0000000,16,27,16,37,17,13,0,0,0,1,0
19,190066,2,1,1,0,0,1,1,107,0,31,3,2011,5,21,25,0,4,4,S STUART ST,,0,41.32683611,-92.206413890,0,14,0,0,1,1,7,0,2,1,0,1,0,0000000,21,14,21,17,21,24,0,0,0,1,0
19,190067,2,2,0,0,0,2,2,169,230,1,4,2011,6,15,42,0,16,6,WELCH AVE,MORTENSON RD,0,42.01185000,-93.649352780,0,12,6,0,2,2,1,0,1,1,0,1,0,0000000,15,44,15,50,99,99,0,0,0,1,0
19,190068,1,1,0,0,0,1,1,45,0,1,4,2011,6,9,42,0,4,4,380TH AVE,,0,41.75570833,-90.354930560,0,30,0,0,1,1,4,0,1,10,0,10,0,0000000,88,88,88,88,88,88,0,0,0,1,0
19,190069,2,2,0,0,0,3,3,31,0,1,4,2011,6,19,15,0,6,4,NEWTON AVENUE,,0,41.86436944,-91.103133330,0,1,0,0,1,1,4,0,1,1,0,1,0,0000000,19,31,19,50,99,99,0,0,0,2,0
19,190070,1,1,0,0,0,2,2,97,0,2,4,2011,7,4,52,0,3,3,SR-64,24TH ST,102,42.05499722,-90.703616670,0,35,0,0,1,1,4,0,2,1,0,1,0,0000000,4,53,5,10,99,99,0,0,0,2,1
19,190071,1,1,0,0,0,1,1,119,0,7,4,2011,5,17,20,0,4,4,HARK BLVD,,0,43.45840000,-96.180413890,0,1,0,0,1,1,4,0,1,1,0,1,0,0000000,17,20,17,23,17,34,0,0,0,1,1
19,190072,1,1,0,0,0,1,1,153,2260,3,4,2011,1,11,0,0,16,6,HICKMAN RD,9TH STREET,0,41.44699167,-93.629441670,0,30,0,0,2,2,4,0,1,10,0,10,0,0000000,11,0,11,4,11,20,0,0,0,1,0
19,190073,1,1,0,0,0,1,1,43,0,30,4,2011,7,15,35,1,2,2,US-52,390TH ST,10,42.66091111,-91.074527780,0,35,0,0,2,2,4,0,1,10,0,10,0,0000000,88,88,88,88,88,88,0,0,0,1,0
19,190074,3,3,0,0,0,3,3,153,210,7,4,2011,5,7,32,0,16,6,8TH ST SE,1ST AVE S,0,41.64403056,-93.464613890,0,12,6,0,2,2,1,0,1,1,0,1,0,0000000,88,88,88,88,88,88,0,0,0,1,1
19,190075,1,1,0,0,0,1,1,95,0,10,4,2011,1,2,21,0,4,4,M AVE,,0,41.75637778,-92.065355560,0,35,0,0,1,1,5,0,2,1,0,1,0,0000000,2,22,2,35,88,88,0,0,0,1,1
19,190076,1,1,0,0,0,1,1,171,0,11,4,2011,2,21,30,0,4,4,T47,,0,41.95112222,-92.707630560,0,35,0,0,1,1,4,0,2,1,0,1,0,0000000,21,30,21,46,22,41,0,0,0,1,0
19,190077,2,2,0,0,0,3,3,13,0,12,4,2011,3,13,38,1,2,2,US-218,,37,42.35083889,-92.228297220,0,23,0,0,1,1,4,0,1,1,0,1,0,0000000,13,38,13,44,14,27,0,0,0,1,0
19,190078,2,2,0,0,0,2,2,23,6600,12,4,2011,3,18,50,0,3,3,SR-14,TOP AIR RD,17,42.57066944,-92.789158330,0,12,2,0,2,3,1,0,1,1,0,1,0,0000000,18,49,18,52,19,23,0,0,0,1,0
19,190079,1,1,0,0,0,1,1,155,1900,14,4,2011,5,1,5,1,11,1,I-29,,62,41.23217500,-95.864647220,0,23,0,0,1,1,4,0,3,10,0,10,0,0000000,1,10,1,17,1,42,0,0,0,1,0
19,190080,2,2,0,0,0,3,3,163,2080,18,4,2011,2,9,10,0,16,6,N DIVISION ST,,0,41.53641667,-90.601169440,0,12,2,0,1,1,1,0,1,10,0,10,0,0000000,9,12,9,15,9,31,0,0,0,1,0
19,190081,2,2,0,0,0,3,3,37,0,18,4,2011,2,13,48,1,2,2,US-18,235TH STREET,148,43.01566111,-92.320608330,0,12,6,0,2,2,1,0,1,10,0,10,0,0000000,13,50,14,17,14,29,0,0,0,1,0
19,190082,1,1,0,0,0,1,1,143,0,20,4,2011,4,10,7,0,3,3,SR-9,,139,43.43204722,-95.575888890,0,35,0,0,1,1,4,0,1,1,0,1,0,0000000,10,7,10,15,88,88,0,0,0,1,0
19,190083,1,1,0,0,0,2,2,179,6490,22,4,2011,6,18,59,0,16,6,GRANT STREET,N JEFFERSON ST,0,41.01837222,-92.405236110,0,30,0,0,2,2,4,0,1,10,0,10,0,0000000,18,59,19,2,19,21,0,0,0,1,0
19,190084,1,1,0,0,0,1,1,153,0,22,4,2011,6,21,25,0,4,4,NW MADRID DR,,0,41.78397222,-93.732658330,0,35,0,0,1,1,4,0,2,5,0,5,0,0000000,21,25,21,31,22,6,0,0,0,1,0
19,190085,1,1,0,0,0,1,1,47,0,24,4,2011,1,2,26,0,6,4,390TH ST,S AVE,0,41.94995556,-95.111811110,0,1,0,0,2,2,4,0,2,1,0,1,0,0000000,2,31,2,40,3,1,0,0,0,1,1
19,190086,1,1,0,0,0,1,1,13,8790,24,4,2011,1,12,43,0,16,6,W CONGER ST,,0,42.51050000,-92.367533330,0,59,0,0,1,1,4,0,1,10,0,10,0,0000000,12,45,13,0,88,88,0,0,0,1,0
19,190087,1,1,0,0,0,4,4,195,0,30,4,2011,7,14,55,0,6,4,RAVEN AVE,,0,43.27772222,-93.161361110,0,1,0,0,1,1,4,0,1,1,0,1,0,0000000,14,56,15,0,15,30,0,0,0,1,0
19,190088,2,2,0,0,0,2,2,83,0,3,5,2011,3,7,40,0,6,4,C AVE,HARDIN ST,0,42.55755833,-93.439547220,0,12,6,0,2,2,1,0,1,1,0,1,0,0000000,7,43,8,2,8,26,0,0,0,1,0
19,190089,2,2,0,0,0,2,2,175,0,4,5,2011,4,7,32,1,2,2,US-34,,169,41.03532778,-94.198825000,0,12,1,0,1,1,1,0,1,1,0,1,0,0000000,7,32,7,46,88,88,0,0,0,1,0
19,190090,2,2,0,0,0,4,4,169,230,7,5,2011,7,1,12,1,2,2,US-69,S DUFF AVE,112,42.02288889,-93.610369440,0,12,6,0,2,2,1,0,3,1,0,1,0,0000000,1,14,1,18,1,40,0,0,0,1,0
19,190091,2,2,0,0,0,3,3,55,0,7,5,2011,7,16,34,0,4,4,210TH AVE,245TH ST,0,42.43408611,-91.382961110,0,12,6,0,2,3,1,0,1,10,0,10,0,0000000,16,35,16,48,17,24,0,0,0,1,0
19,190092,1,1,0,1,1,1,1,195,0,10,5,2011,3,7,49,0,6,4,RAVEN AVE,,0,43.39371944,-93.161047220,0,8,0,0,1,1,1,0,1,1,0,1,1,0000000,7,53,8,4,99,99,0,0,0,1,0
19,190093,2,2,0,0,0,4,4,99,0,11,5,2011,4,17,28,1,1,1,I-80,,94,41.68648611,-93.169047220,0,12,6,0,1,1,1,0,1,10,0,10,0,0000000,17,32,17,37,99,99,0,0,0,1,0
19,190094,1,1,0,0,0,1,1,65,0,12,5,2011,5,3,28,0,4,4,CANOE RD,,0,42.95877500,-91.650122220,0,53,0,0,1,1,4,0,2,2,0,2,0,0000000,3,32,3,39,88,88,0,0,0,1,0
19,190095,1,1,0,0,0,1,1,123,0,15,5,2011,1,19,34,0,3,3,SR-23,,39,41.21241944,-92.483363890,0,1,0,0,1,1,4,0,1,1,0,1,0,0000000,19,46,20,18,20,29,0,0,0,1,0
19,190096,2,2,0,0,0,2,2,11,0,12,5,2011,5,13,47,1,2,2,US-30,,230,41.96407500,-91.837633330,0,12,1,0,1,1,1,0,1,10,0,10,0,0000000,13,53,14,2,14,36,0,0,0,1,0
19,190097,2,2,0,0,0,2,2,111,0,15,5,2011,1,12,10,1,2,2,US-218,,25,40.42694167,-91.413450000,0,12,6,0,4,1,1,0,1,2,0,2,0,0000000,12,14,12,17,88,88,0,0,0,1,0
19,190098,1,1,0,0,0,2,2,153,2260,15,5,2011,1,0,34,0,16,6,E HARTFORD AVE,,0,41.56976667,-93.607433330,0,33,0,0,1,1,4,0,3,2,0,2,0,0000000,0,41,0,49,99,99,0,0,0,1,1
19,190099,2,2,0,0,0,4,4,157,0,17,5,2011,3,13,24,0,3,3,SR-146,I-80,155,41.69487778,-92.727075000,0,12,6,1,2,2,1,0,1,1,0,1,0,0000000,13,25,13,29,14,6,0,0,0,1,0
19,190100,1,1,0,0,0,1,1,195,0,9,4,2011,7,14,37,0,6,4,JONQUIL AVE,,0,43.46219722,-93.320355560,0,1,0,0,1,1,4,0,1,1,0,1,0,0000000,14,40,15,5,15,15,0,0,0,1,0
19,190101,3,3,0,0,0,3,3,181,0,29,4,2011,6,4,55,0,3,3,SR-5,,40,41.46462222,-93.395016670,0,12,6,0,1,1,1,0,3,1,0,1,0,0000000,5,4,5,24,99,99,0,0,0,1,0
19,190102,4,4,0,0,0,5,5,13,0,17,5,2011,3,13,0,1,2,2,US-218,,269,42.60343056,-92.439944440,0,12,1,0,1,1,1,0,1,1,0,1,0,0000000,13,4,13,9,13,30,0,0,0,1,0
19,190103,1,1,0,0,0,1,1,33,5370,12,3,2011,7,9,3,0,3,3,SR-122,,0,43.14721111,-93.205319440,0,33,0,0,1,1,4,0,1,1,0,1,0,0000000,9,5,9,8,9,23,0,0,0,1,0
19,190104,1,1,0,0,0,1,1,23,170,19,3,2011,7,17,10,0,6,4,NEWELL AVE,200TH ST,0,42.75926944,-92.771561110,0,1,0,0,1,1,4,0,1,1,0,1,0,0000000,17,11,17,18,17,52,0,0,0,1,0
19,190105,2,2,0,0,0,4,4,125,0,18,5,2011,4,17,41,0,3,3,SR-92,SR-17,203,41.30635833,-92.948111110,0,12,6,0,2,2,1,0,1,1,0,1,0,0000000,17,42,17,52,99,99,0,0,0,1,0
19,190106,1,1,0,0,0,3,3,153,0,21,5,2011,7,0,6,0,4,4,NE 27TH AVE,,0,41.61871111,-93.482080560,0,53,0,0,1,1,4,0,2,1,0,1,0,0000000,0,6,0,13,99,99,0,0,0,2,0
19,190107,2,2,0,0,0,2,2,79,0,23,5,2011,2,10,2,0,3,3,SR-17,,265,42.52678889,-93.912275000,0,12,2,0,1,1,1,0,1,1,0,1,0,0000000,88,88,88,88,88,88,0,0,0,1,0
19,190108,1,1,0,0,0,2,2,155,1900,22,5,2011,1,17,21,0,16,6,NAVAJO ST,,0,41.20170278,-95.839333330,0,30,0,0,1,1,4,0,1,1,0,1,0,0000000,17,21,17,22,17,55,0,0,0,1,0
19,190109,2,2,0,1,1,3,3,13,1330,20,5,2011,6,21,10,0,16,3,SR-58,VIKING RD,243,42.48403333,-92.445702780,0,8,0,0,2,2,1,0,3,2,0,2,0,0000000,21,11,21,14,21,25,0,0,0,1,0
19,190110,2,2,0,0,0,2,2,153,2260,29,5,2011,1,0,57,0,14,3,SR-163,E 28TH CT,19,41.60049444,-93.562350000,0,12,6,0,2,2,1,0,3,1,0,1,0,0000000,0,57,1,1,1,25,0,0,0,1,2
19,190111,1,1,0,0,0,1,1,125,0,10,5,2011,3,14,44,0,4,4,T14,,0,41.49421944,-92.914780560,0,30,0,0,1,1,4,0,1,1,0,1,0,0000000,14,44,14,56,15,20,0,0,0,1,0
19,190112,1,1,0,0,0,1,1,7,0,28,5,2011,7,5,0,0,6,4,200TH AVE,,0,40.77607500,-92.906330560,0,52,0,0,1,1,4,0,2,2,0,2,0,0000000,88,88,88,88,88,88,0,0,0,1,0