STATE,ST_CASE,VE_TOTAL,VE_FORMS,PVH_INVL,PEDS,PERNOTMVIT,PERMVIT,PERSONS,COUNTY,CITY,DAY,MONTH,YEAR,DAY_WEEK,HOUR,MINUTE,NHS,ROAD_FNC,ROUTE,TWAY_ID,TWAY_ID2,MILEPT,LATITUDE,LONGITUD,SP_JUR,HARM_EV,MAN_COLL,RELJCT1,RELJCT2,TYP_INT,REL_ROAD,WRK_ZONE,LGT_COND,WEATHER1,WEATHER2,WEATHER,SCH_BUS,RAIL,NOT_HOUR,NOT_MIN,ARR_HOUR,ARR_MIN,HOSP_HR,HOSP_MN,CF1,CF2,CF3,FATALS,DRUNK_DR
19,190113,2,2,0,0,0,4,4,127,0,28,5,2011,7,11,30,0,3,3,SR-330,S75,235,42.12253056,-92.988075000,0,12,2,0,2,4,1,0,1,10,0,10,0,0000000,11,37,11,56,12,15,0,0,0,1,0
19,190114,2,2,0,0,0,4,4,11,0,27,5,2011,6,18,38,1,2,2,US-218,70TH ST,116,42.00711111,-92.028769440,0,12,6,0,2,2,1,0,1,1,0,1,0,0000000,18,38,18,58,19,44,0,0,0,1,0
19,190115,2,2,0,0,0,2,2,63,0,1,6,2011,4,22,42,0,4,4,230TH ST,370TH AVE,0,43.31346667,-94.856802780,0,12,6,0,2,2,1,0,2,10,0,10,0,0000000,22,48,23,1,99,99,0,0,0,1,1
19,190116,1,1,0,0,0,1,1,99,0,9,6,2011,5,0,25,0,3,3,SR-117,,121,41.75127778,-93.251402780,0,1,0,0,1,1,4,0,2,10,0,10,0,0000000,88,88,88,88,88,88,0,0,0,1,0
19,190117,1,1,0,0,0,5,5,43,0,27,3,2011,1,16,15,1,2,2,US-52,,178,42.83752500,-91.213252780,0,2,0,0,1,1,4,0,1,1,0,1,0,0000000,16,15,16,23,16,37,0,0,0,3,0
19,190118,1,1,0,1,1,1,1,75,0,7,6,2011,3,6,15,0,4,4,160TH ST,,0,42.46962500,-92.586991670,0,9,0,0,1,1,1,0,1,1,0,1,0,0000000,6,18,6,28,88,88,0,0,0,1,0
19,190120,1,1,0,0,0,1,1,11,0,18,6,2011,7,13,57,0,6,4,61ST STREET LN,,0,42.13826944,-91.863019440,0,1,0,0,1,1,4,0,1,10,0,10,0,0000000,88,88,88,88,88,88,0,0,0,1,1
19,190121,1,1,0,0,0,2,2,13,8790,19,6,2011,1,0,22,0,16,6,NORTHEAST DR,,0,42.50238333,-92.288600000,0,1,0,0,1,1,4,0,2,5,0,5,0,0000000,0,25,0,28,0,49,0,0,0,1,0
19,190122,2,2,0,0,0,6,6,21,0,19,6,2011,1,15,37,0,3,3,SR-10,M54,112,42.85121667,-94.992650000,0,12,6,0,2,2,1,0,1,10,0,10,0,0000000,15,37,15,51,99,99,0,0,0,1,0
19,190123,1,1,0,0,0,2,2,31,0,20,6,2011,2,21,35,0,6,4,QUINCY AVE,120TH ST,0,41.91806667,-91.054944440,0,1,0,0,2,4,1,0,2,1,0,1,0,0000000,21,41,22,8,22,44,7,0,0,1,0
19,190124,2,2,0,0,0,2,2,99,0,21,6,2011,3,18,25,1,2,2,US-6,125TH ST N,281,41.71358889,-92.837683330,0,12,6,0,2,3,1,0,1,10,0,10,0,0000000,88,88,88,88,88,88,0,0,0,1,0
19,190125,1,1,0,0,0,1,1,51,0,21,6,2011,3,3,59,0,3,3,SR-202,,3,40.59519444,-92.628080560,0,1,0,0,1,1,4,0,2,10,0,10,0,0000000,3,59,4,9,88,88,0,0,0,1,1
19,190127,1,1,0,0,0,3,3,157,0,25,6,2011,7,14,45,0,6,4,240TH ST,,0,41.73361111,-92.319177780,0,1,0,0,1,1,1,0,1,10,0,10,0,0000000,14,50,14,56,99,99,0,0,0,1,0
19,190128,2,2,0,0,0,3,3,113,1340,7,6,2011,3,10,31,1,11,1,I-380,COLLINS RD NE,120,42.02778056,-91.673341670,0,12,6,1,5,1,1,0,1,1,0,1,0,0000000,10,33,10,36,11,1,0,0,0,1,0
19,190129,1,1,0,0,0,2,2,113,0,9,6,2011,5,3,20,0,6,4,WALFORD RD,,0,41.87659167,-91.723652780,0,35,0,0,1,1,4,0,2,2,0,2,0,0000000,3,24,3,32,88,88,0,0,0,1,1
19,190130,2,2,0,0,0,4,4,113,0,10,6,2011,6,18,50,1,2,2,US-30,SR-922,1,41.94600278,-91.739088890,0,12,6,0,2,2,1,0,1,10,0,10,0,0000000,18,51,18,58,19,26,0,0,0,1,1
19,190131,1,1,0,0,0,1,1,53,0,20,6,2011,2,5,25,1,1,1,I-35,120TH STREET,222,40.87002778,-93.802505560,0,21,0,0,1,1,3,0,2,2,0,2,0,0000000,3,34,3,45,4,20,0,0,0,1,0
19,190132,1,1,0,0,0,2,2,37,5950,23,6,2011,5,16,43,1,2,2,US-218,,34,42.95678611,-92.552852780,0,1,0,0,1,1,1,0,1,10,0,10,0,0000000,16,41,17,3,99,99,0,0,0,2,0
19,190133,2,2,0,0,0,4,4,99,0,25,6,2011,7,23,12,0,3,3,SR-14,S 24TH AVE,119,41.67764167,-93.076700000,0,12,6,0,2,2,1,0,3,1,0,1,0,0000000,23,12,23,18,23,57,0,0,0,1,0
19,190134,2,2,0,0,0,2,2,35,0,28,6,2011,3,10,0,0,4,4,530TH ST,L AVE,0,42.74995556,-95.642938890,0,12,6,0,2,2,1,0,1,1,0,1,0,0000000,10,1,10,9,10,30,0,0,0,1,0
19,190135,1,1,0,0,0,2,2,163,0,30,6,2011,5,14,51,1,1,1,I-80,,56,41.61793056,-90.790008330,0,1,0,0,1,1,3,0,1,1,0,1,0,0000000,14,55,15,11,99,99,0,0,0,1,0
19,190136,1,1,0,0,0,1,1,133,0,30,6,2011,5,14,53,1,1,1,I-29,,155,42.07855833,-96.174333330,0,1,0,0,1,1,4,0,1,1,0,1,0,0000000,14,53,15,4,15,15,0,0,0,1,0
19,190137,1,1,0,0,0,1,1,129,0,3,5,2011,3,14,17,1,2,2,US-34,,220,41.03071944,-95.522600000,0,35,0,0,1,1,4,0,1,1,0,1,0,0000000,14,20,14,30,99,99,0,0,0,1,0
19,190138,1,1,0,0,0,1,1,103,0,4,6,2011,7,0,26,0,4,4,WAPSI AVE,,0,41.47167778,-91.425847220,0,1,0,0,1,1,4,0,2,1,0,1,0,0000000,0,37,0,55,1,19,0,0,0,1,0
19,190139,1,1,0,0,0,1,1,115,0,5,6,2011,1,0,1,0,4,4,X61,,0,41.28584167,-91.115425000,0,35,0,0,1,1,4,0,2,5,0,5,0,0000000,88,88,88,88,88,88,0,0,0,1,1
19,190140,1,1,0,0,0,3,3,13,8790,19,6,2011,1,3,0,1,13,2,US-63,W MULLAN AVE,0,42.49621667,-92.347983330,0,39,0,0,1,1,4,0,3,10,0,10,0,0000000,3,4,3,7,3,28,0,0,0,1,1
19,190141,1,1,0,0,0,1,1,103,0,22,6,2011,4,23,34,0,4,4,DOUGHERTY DR,DEVOE,0,41.48080833,-91.425688890,0,42,0,0,2,2,5,0,3,2,0,2,0,0000000,23,37,23,52,0,15,0,0,0,1,0
19,190142,2,2,0,0,0,2,2,123,0,1,7,2011,6,21,55,0,3,3,SR-163,,96,41.32696667,-92.710661110,0,12,1,0,1,1,1,0,2,1,0,1,0,0000000,22,0,22,8,99,99,0,0,0,1,0
19,190143,1,1,0,0,0,1,1,99,0,2,7,2011,7,20,31,0,4,4,F62,E 132ND ST,0,41.58104167,-92.827011110,0,35,0,0,2,3,4,0,5,1,0,1,0,0000000,88,88,88,88,88,88,0,0,0,1,1
19,190144,1,1,0,0,0,1,1,115,0,2,7,2011,7,19,55,0,6,4,6TH ST,CEDAR ST,0,41.09740556,-91.037550000,0,5,0,0,2,3,1,0,1,1,0,1,0,0000000,20,5,20,32,21,15,0,0,0,1,1
19,190145,2,2,0,0,0,3,3,153,0,3,7,2011,1,4,41,0,4,4,NE 23RD AVE,NE OAKHILL DR,0,41.61522222,-93.506022220,0,12,6,0,2,4,1,0,3,1,0,1,0,0000000,4,48,5,9,5,40,0,0,0,1,0
19,190146,1,1,0,0,0,1,1,127,5320,4,7,2011,2,1,17,0,16,6,MAIN ST RD,,0,42.04951111,-92.820869440,0,35,0,0,1,1,4,0,2,1,0,1,0,0000000,1,24,1,29,1,59,0,0,0,1,1
19,190147,2,2,0,0,0,3,3,155,1900,4,7,2011,2,21,14,0,16,6,23RD AVE,,0,41.24010556,-95.884994440,0,12,6,0,8,1,1,0,5,1,0,1,0,0000000,21,17,21,24,21,43,0,0,0,1,0
19,190148,2,2,0,0,0,2,2,137,7100,4,7,2011,2,18,20,1,2,2,US-34,EASTERN AVE,85,41.02585278,-95.213875000,0,12,6,0,2,2,1,0,1,10,0,10,0,0000000,18,21,18,24,18,52,0,0,0,1,0
19,190149,1,1,0,0,0,1,1,155,0,4,7,2011,2,17,45,1,1,1,I-80,,275,41.49795556,-95.583147220,0,1,0,0,1,1,4,0,1,10,0,10,0,0000000,17,45,18,4,18,34,0,0,0,1,0
19,190150,1,1,0,0,0,1,1,133,0,5,7,2011,3,0,1,0,3,3,SR-183,,5,41.87669722,-95.896972220,0,1,0,0,1,1,4,0,2,99,0,99,0,0000000,88,88,88,88,88,88,0,0,0,1,0
19,190151,1,1,0,0,0,1,1,49,0,22,6,2011,4,14,16,0,6,4,H AVENUE,,0,41.82612778,-94.149938890,0,1,0,0,1,1,1,0,1,10,0,10,0,0000000,88,88,88,88,88,88,0,0,0,1,1
19,190152,2,1,1,0,0,1,1,113,5900,6,7,2011,4,10,5,0,16,6,3RD AVE SW,,0,41.91905000,-91.423027780,0,33,0,0,1,1,4,0,1,1,0,1,0,0000000,10,13,10,21,10,51,0,0,0,1,0
19,190153,1,1,0,0,0,1,1,123,0,9,7,2011,7,18,45,0,6,4,ADAMS AVE,,0,41.19041111,-92.869930560,0,1,0,0,1,1,4,0,1,1,0,1,0,0000000,88,88,88,88,88,88,0,0,0,1,0
19,190154,1,1,0,0,0,3,3,27,0,11,7,2011,2,0,34,0,6,4,170TH ST,,0,42.10758611,-94.968630560,0,1,0,0,1,1,4,0,2,1,0,1,0,0000000,1,56,2,8,99,99,0,0,0,1,0
19,190155,2,1,1,0,0,1,1,187,3020,11,7,2011,2,17,16,0,16,6,5TH AVE S,,0,42.50119444,-94.154863890,0,14,0,0,1,1,4,1,1,1,0,1,0,0000000,17,16,17,21,17,32,0,0,0,1,0
19,190156,2,2,0,0,0,4,4,147,0,14,7,2011,5,8,50,1,2,2,US-18,,212,43.08456389,-94.535655560,0,12,2,0,1,1,1,0,1,2,0,2,0,0000000,8,54,9,7,9,35,0,0,0,2,0
19,190157,3,3,0,0,0,5,5,153,2260,14,7,2011,5,22,42,0,3,3,SR-163,,1,41.60083889,-93.597925000,0,12,2,0,1,1,1,1,3,1,0,1,0,0000000,22,43,22,47,22,48,0,0,0,1,2
19,190158,2,2,0,0,0,2,2,89,0,15,7,2011,6,14,38,0,4,4,2ND ST E,6TH AVE E,0,43.37794444,-92.113402780,0,12,6,0,2,2,1,0,1,1,0,1,0,0000000,14,38,14,41,14,49,0,0,0,1,0
19,190159,3,3,0,0,0,5,5,105,0,15,7,2011,6,14,10,0,4,4,E28,,0,42.11793611,-91.336294440,0,12,6,0,1,1,1,0,1,1,0,1,0,0000000,14,21,14,39,15,11,0,0,0,2,0
19,190160,2,2,0,0,0,4,4,129,0,16,7,2011,7,12,15,1,1,1,I-29,,73,41.00663056,-95.808125000,0,12,6,0,5,1,1,1,1,10,0,10,0,0000000,12,22,12,44,13,20,0,0,0,1,0
19,190161,2,2,0,0,0,9,9,155,0,16,7,2011,7,23,14,0,4,4,OLD LINCOLN HWY,,0,41.30252500,-95.253994440,0,12,6,0,1,1,1,0,2,1,0,1,0,0000000,23,16,0,21,99,99,0,0,0,2,0
19,190163,2,2,0,0,0,5,5,99,0,20,7,2011,4,16,15,0,3,3,SR-330,F17,10,41.82060833,-93.294305560,0,12,6,0,2,2,1,0,1,1,0,1,0,0000000,16,25,16,39,17,12,0,0,0,1,0
19,190164,1,1,0,0,0,1,1,155,0,21,7,2011,5,2,5,0,4,4,S 35TH ST,,0,41.24865556,-95.902058330,0,5,0,0,1,1,1,0,3,10,0,10,0,0000000,88,88,88,88,88,88,0,0,0,1,0
19,190165,1,1,0,0,0,1,1,21,0,20,7,2011,4,14,25,0,4,4,M54,,0,42.79436111,-94.992588890,0,35,0,0,1,1,4,0,1,1,0,1,0,0000000,14,26,14,48,15,20,0,0,0,1,0
19,190166,1,1,0,0,0,1,1,179,0,22,7,2011,6,16,40,0,6,4,118TH AVE,,0,41.10940278,-92.381894440,0,1,0,0,1,1,4,0,1,1,0,1,0,0000000,88,88,88,88,88,88,0,0,0,1,0
19,190167,1,1,0,0,0,3,3,45,0,23,7,2011,7,2,50,0,6,4,400 AVE,,0,41.97203889,-90.315150000,0,42,0,0,1,1,4,0,2,99,0,99,0,0000000,2,55,3,7,3,38,0,0,0,2,1
19,190168,1,1,0,0,0,1,1,171,0,25,7,2011,2,8,47,0,3,3,SR-96,J AVE,91,42.17412222,-92.591430560,0,35,0,0,2,2,4,0,1,1,0,1,0,0000000,8,47,9,5,9,47,0,0,0,1,0
19,190169,1,1,0,0,0,2,2,181,0,2,7,2011,7,0,20,0,4,4,S23,,0,41.17127222,-93.372236110,0,34,0,0,1,1,4,0,2,1,0,1,0,0000000,88,88,88,88,88,88,0,0,0,1,1
19,190170,1,1,0,0,0,1,1,7,0,28,7,2011,5,20,4,0,4,4,S70,,0,40.99800000,-93.045091670,0,1,0,0,1,1,4,0,2,10,0,10,0,0000000,20,6,20,19,99,99,0,0,0,1,1
19,190171,1,1,0,1,1,1,1,81,0,29,7,2011,6,22,30,1,2,2,US-18,,79,43.09947778,-93.812225000,0,9,0,0,1,1,1,0,2,1,0,1,0,0000000,22,35,22,38,88,88,0,0,0,1,1
19,190172,1,1,0,0,0,1,1,127,0,4,8,2011,5,5,25,0,6,4,LAFAYETTE AVE,,0,41.89195000,-93.019241670,0,35,0,0,1,1,4,0,2,10,0,10,0,0000000,5,31,5,43,88,88,0,0,0,1,0
19,190173,2,2,0,0,0,3,3,153,6765,4,8,2011,5,11,58,0,3,3,SR-163,NE 60TH ST,0,41.59859444,-93.491477780,0,12,6,0,2,2,1,0,1,10,0,10,0,0000000,11,40,11,44,99,99,0,0,0,1,0
19,190174,2,2,0,0,0,2,2,127,0,1,8,2011,2,8,2,0,4,4,ZELLER AVE,QUARRY RD,0,42.02040278,-92.785297220,0,12,6,0,2,4,1,0,1,1,0,1,0,0000000,8,3,8,10,88,88,0,0,0,1,0
19,190175,1,1,0,0,0,1,1,177,0,6,8,2011,7,15,30,0,3,3,SR-2,,208,40.67436389,-91.804258330,0,59,0,0,1,1,4,0,1,10,0,10,0,0000000,15,33,15,40,16,0,0,0,0,1,1
19,190176,2,2,0,0,0,5,5,99,0,6,8,2011,7,15,52,1,2,2,US-65/330,SR-117,27,41.80990833,-92.308500000,0,12,6,0,2,2,1,0,1,10,0,10,0,0000000,15,52,16,9,99,99,0,0,0,1,2
19,190177,2,2,0,0,0,2,2,27,0,8,8,2011,2,8,12,0,3,3,SR-141,,59,41.90618889,-94.961519440,0,12,2,0,1,1,1,0,1,1,0,1,0,0000000,8,14,8,30,88,88,0,0,0,1,0
19,190178,1,1,0,0,0,1,1,155,0,9,8,2011,3,5,0,0,6,4,CONTRAIL AVE,CHAMPION LN,0,41.23659444,-95.167411110,0,1,0,0,2,3,4,0,2,5,2,2,0,0000000,88,88,88,88,88,88,0,0,0,1,0
19,190179,1,1,0,0,0,1,1,103,4050,11,8,2011,5,21,43,0,16,6,MORMON TREK BLVD,,0,41.66501111,-91.570477780,0,33,0,0,1,1,3,0,3,1,0,1,0,0000000,88,88,88,88,88,88,0,0,0,1,0
19,190180,1,1,0,1,1,1,1,155,0,6,7,2011,4,3,20,1,1,1,I-80,,394,41.49934444,-95.448861110,0,8,0,1,5,1,1,0,2,10,0,10,0,0000000,3,31,3,40,4,35,0,0,0,1,0
19,190181,1,1,0,0,0,2,2,13,0,1,8,2011,2,10,44,0,3,3,SR-281,C57,125,42.61340278,-92.160430560,0,34,0,0,2,2,4,0,1,1,0,1,0,0000000,10,45,10,51,11,30,0,0,0,1,0
19,190182,2,2,0,0,0,3,3,163,2080,13,8,2011,7,22,0,1,13,2,US-61,W 31ST ST,67,41.55164444,-90.576605560,0,1,0,0,2,4,1,0,3,1,0,1,0,0000000,22,1,22,4,22,11,0,0,0,1,0
19,190183,1,1,0,0,0,1,1,163,2080,21,8,2011,1,1,12,0,16,6,GAYMAN AVE,SUNNYSIDE AVE,0,41.50490556,-90.631158330,0,33,0,0,2,3,4,0,3,10,0,10,0,0000000,1,14,1,24,1,36,0,0,0,1,1
19,190184,1,1,0,0,0,1,1,29,0,13,8,2011,7,0,10,1,1,1,I-80,,205,41.49714722,-94.754816670,0,1,0,1,5,1,8,0,2,1,0,1,0,0000000,88,88,88,88,88,88,0,0,0,1,0
19,190185,2,2,0,0,0,3,3,95,0,28,8,2011,1,15,13,1,1,1,I-80,,40,41.69585000,-92.218325000,0,12,8,0,1,1,1,0,1,10,0,10,0,0000000,15,11,15,26,16,1,0,0,0,1,0
19,190186,1,1,0,0,0,1,1,103,0,31,7,2011,1,18,50,0,4,4,450TH ST,BLACK DIAMOND RD,0,41.60684444,-91.827625000,0,1,0,0,2,3,4,0,1,1,0,1,0,0000000,18,56,19,12,19,42,0,0,0,1,1
19,190187,1,1,0,0,0,2,2,53,0,14,8,2011,1,0,20,0,4,4,S MAIN STREET,SW 12TH STREET,0,40.73181667,-93.747230560,0,1,0,0,2,3,4,0,3,1,0,1,0,0000000,0,20,0,28,0,40,0,0,0,1,0
19,190188,2,2,0,0,0,4,4,163,0,18,8,2011,5,21,1,0,3,3,SR-22,CLARK ST,32,41.45582778,-90.719361110,0,12,1,0,2,3,1,0,3,10,0,10,0,0000000,21,2,21,20,99,99,0,0,0,1,2
19,190189,2,2,0,0,0,2,2,43,0,19,8,2011,6,7,55,0,6,4,HICKORY AVE,,0,43.04170556,-91.329797220,0,12,6,0,4,1,1,0,1,1,0,1,0,0000000,7,55,8,5,8,25,0,0,0,1,0
19,190190,2,2,0,0,0,2,2,13,0,25,8,2011,5,8,44,1,2,2,US-218,CEDAR-WAPSI RD,278,42.61374167,-92.443572220,0,12,6,0,2,2,1,0,1,1,0,1,0,0000000,8,45,8,54,88,88,0,0,0,1,0
19,190191,1,1,0,0,0,1,1,163,0,25,8,2011,5,12,2,0,6,4,260TH ST,,0,41.68395833,-90.832227780,0,43,0,0,1,1,1,0,1,1,0,1,0,0000000,88,88,88,88,88,88,0,0,0,1,0
19,190192,1,1,0,0,0,1,1,133,0,26,8,2011,6,20,0,0,6,4,334TH ST.,,0,41.87899167,-95.910533330,0,1,0,0,1,1,4,0,1,10,0,10,0,0000000,19,29,19,50,20,38,0,0,0,1,0
19,190193,1,1,0,0,0,5,5,23,0,27,8,2011,7,16,25,0,6,4,DIAGONAL RD,,0,42.56676667,-92.611686110,0,1,0,0,1,1,4,0,1,10,0,10,0,0000000,16,25,16,29,17,10,0,0,0,1,0
19,190194,1,1,0,0,0,1,1,153,2260,27,8,2011,7,2,2,0,16,6,POLK BLVD,GRAND AVE,0,41.58475278,-93.681658330,0,33,0,0,2,3,4,0,3,10,0,10,0,0000000,2,2,2,7,88,88,20,0,0,1,1
19,190195,2,2,0,0,0,6,6,153,2260,28,8,2011,1,2,59,1,2,2,US-69,E HARTFORD AVE,46,41.56973056,-93.596927780,0,12,6,0,2,2,1,0,3,10,0,10,0,0000000,2,59,3,6,3,41,0,0,0,1,1
19,190196,1,1,0,0,0,1,1,149,0,28,8,2011,1,17,40,0,3,3,SR-12,,53,42.63952222,-96.525055560,0,24,0,0,1,1,4,0,1,10,0,10,0,0000000,17,42,17,58,88,88,0,0,0,1,1
19,190197,1,1,0,0,0,1,1,99,0,30,8,2011,3,10,0,0,4,4,F48,,0,41.67344722,-93.270983330,0,23,0,0,1,1,4,0,1,1,0,1,0,0000000,88,88,88,88,88,88,0,0,0,1,0
19,190198,2,2,0,0,0,2,2,3,0,2,9,2011,6,17,5,1,2,2,US-34,SR-148,102,40.97869444,-94.716130560,0,12,6,0,2,2,1,0,1,1,0,1,0,0000000,17,9,17,13,88,88,0,0,0,1,0
19,190199,2,2,0,0,0,4,4,187,0,30,8,2011,3,11,20,0,4,4,170TH ST,VINCENT AVE,0,42.54456389,-94.020386110,0,12,6,0,2,2,1,0,1,2,10,2,0,0000000,11,22,11,30,99,99,0,0,0,1,0
19,190200,1,1,0,0,0,1,1,15,0,2,9,2011,6,21,9,0,6,6,L AVE,325TH ST,0,41.88497778,-93.949980560,0,99,99,0,2,4,1,0,2,1,0,1,0,0000000,21,28,21,35,22,12,0,0,0,1,0
19,190201,2,2,0,0,0,3,3,111,0,7,9,2011,4,12,17,0,3,3,SR-2,,83,40.63900833,-91.570563890,0,12,2,0,1,1,1,0,1,1,0,1,0,0000000,12,19,12,20,13,5,0,0,0,1,0
19,190202,2,2,0,0,0,3,3,45,1630,8,9,2011,5,7,1,0,4,4,2ND AVE,MILL CREEK PKWY,0,41.84453333,-90.236455560,0,12,6,0,2,2,1,0,1,1,0,1,1,0000000,7,3,7,8,7,32,0,0,0,1,0
19,190203,2,2,0,0,0,2,2,169,0,23,8,2011,3,14,24,0,4,4,620TH AVE,,0,41.95828889,-93.463211110,0,12,1,0,1,1,1,0,1,10,0,10,0,0000000,14,25,14,30,14,52,0,0,0,1,0
19,190204,2,2,0,0,0,2,2,123,0,28,8,2011,1,13,15,0,3,3,SR-92,,0,41.30933889,-92.869538890,0,12,8,0,1,1,1,0,1,2,0,2,0,0000000,13,29,13,37,14,12,0,0,0,1,0
19,190205,1,1,0,0,0,2,2,31,0,10,9,2011,7,19,30,0,6,4,VERMONT AVE,140TH ST,0,41.88837500,-90.955950000,0,1,0,0,2,3,4,0,1,1,0,1,0,0000000,19,25,19,34,99,99,0,0,0,1,0
19,190206,1,1,0,0,0,1,1,179,0,11,9,2011,1,20,30,0,4,4,S23,QUEBEC ST,0,41.24757500,-93.415155560,0,1,0,0,2,3,4,0,2,1,0,1,0,0000000,88,88,88,88,88,88,0,0,0,1,0
19,190207,1,1,0,0,0,2,2,113,1340,24,8,2011,4,2,0,0,16,6,OLD RIVER RD,,0,41.93798333,-91.594783330,0,42,0,0,1,1,4,0,2,99,0,99,0,0000000,10,35,10,39,11,11,0,0,0,1,1
19,190208,1,1,0,0,0,1,1,63,0,7,8,2011,1,4,0,0,3,4,155TH ST.,410TH,0,43.42115556,-94.778297220,0,1,0,0,2,2,4,0,2,10,0,10,0,0000000,88,88,88,88,88,88,0,0,0,1,0
19,190209,2,2,0,0,0,5,5,41,0,10,9,2011,7,13,30,0,4,4,350TH ST.,240TH AVE.,0,43.14165833,-95.111425000,0,12,6,0,2,2,1,0,1,1,0,1,0,0000000,13,31,13,35,14,0,0,0,0,2,0
19,190210,1,1,0,0,0,4,4,83,0,11,9,2011,1,15,39,0,4,4,S56,,0,42.41502500,-93.051369440,0,1,0,0,1,1,4,0,1,1,0,1,0,0000000,15,41,15,50,16,35,0,0,0,1,0
19,190211,2,2,0,0,0,2,2,75,0,12,9,2011,2,7,5,0,4,4,K AVE,290TH ST,0,43.28251389,-92.826427780,0,12,6,0,2,2,1,0,1,1,0,1,0,0000000,7,14,7,32,8,0,0,0,0,1,0
19,190212,1,1,0,0,0,1,1,163,790,12,9,2011,2,23,44,1,11,1,I-74,,19,41.56533889,-90.522316670,0,1,0,0,1,1,4,0,3,1,0,1,0,0000000,23,58,0,2,0,28,0,0,0,1,0
19,190213,4,1,3,3,3,1,1,157,0,13,9,2011,3,19,4,1,1,1,I-80,,70,42.28219167,-92.826425000,0,14,0,0,1,1,2,0,5,1,0,1,0,0000000,19,5,19,18,99,99,23,0,0,4,0
19,190214,1,1,0,1,1,1,1,153,280,15,9,2011,5,7,40,0,16,6,1ST ST,SCHOOL ST,0,41.73188056,-93.603222220,0,8,0,0,2,2,1,0,4,1,0,1,0,0000000,7,39,7,42,8,6,0,0,0,1,0
19,190215,1,1,0,1,1,1,1,153,280,16,9,2011,6,15,50,1,1,1,I-35,,258,41.74262500,-93.577336110,0,8,0,0,1,1,1,0,1,1,0,1,0,0000000,88,88,88,88,88,88,0,0,0,1,0
19,190216,2,2,0,0,0,2,2,43,0,14,9,2011,4,11,42,1,2,2,US-52,,132,42.81983333,-91.143852780,0,12,6,0,1,1,1,0,1,10,0,10,0,0000000,11,42,11,50,12,16,0,0,0,1,0
19,190217,1,1,0,0,0,2,2,41,0,17,9,2011,7,23,53,1,2,2,US-18,,219,43.12681944,-95.024838890,0,1,0,0,1,1,4,0,2,2,0,2,0,0000000,23,54,0,7,0,36,0,0,0,1,0
19,190218,1,1,0,0,0,2,2,5,0,28,5,2011,7,7,50,0,4,4,IOWA RIVER DR.,,0,43.47348333,-91.317172220,0,1,0,0,1,1,1,0,1,1,0,1,0,0000000,8,3,8,10,9,4,0,0,0,1,0
19,190219,1,1,0,1,1,1,1,35,0,18,7,2011,2,9,3,0,6,4,AMHERST ST,,0,42.82247500,-95.807530560,0,15,0,0,1,1,1,0,1,1,0,1,0,0000000,9,5,9,7,9,33,0,0,0,1,0
19,190220,2,1,1,0,0,2,2,103,4050,17,9,2011,7,4,2,0,16,6,1ST STREET,,0,41.64738611,-91.505408330,0,14,0,0,1,1,7,0,2,10,0,10,0,0000000,4,6,4,10,4,27,0,0,0,1,0
19,190221,1,1,0,1,1,1,1,155,0,18,9,2011,1,18,50,1,1,1,I-80,,344,41.49868889,-95.448030560,0,8,0,0,1,1,1,0,1,10,0,10,0,0000000,99,99,99,99,99,99,19,0,0,1,0
19,190222,1,1,0,0,0,1,1,35,0,18,9,2011,1,2,0,0,4,4,D AVE,,0,42.73835278,-95.800569440,0,1,0,0,1,1,4,0,2,2,0,2,0,0000000,2,7,2,16,99,99,0,0,0,1,1
19,190223,1,1,0,0,0,1,1,181,0,20,9,2011,3,16,39,1,2,2,US-65,,133,41.31461389,-93.559305560,0,32,0,0,1,1,4,0,1,1,0,1,0,0000000,88,88,88,88,88,88,0,0,0,1,0
19,190224,2,2,0,0,0,5,5,153,8980,20,9,2011,3,14,34,0,16,6,JORDAN CREEK PKWY,WESTOWN PKWY,0,41.59700556,-93.808922220,0,12,6,0,2,2,1,0,1,10,0,10,0,0000000,14,35,14,39,14,59,0,0,0,4,0
19,190225,3,3,0,0,0,6,6,35,0,22,9,2011,5,12,33,1,2,2,US-59,,95,42.69900278,-95.554555560,0,12,1,0,1,1,1,0,1,1,0,1,0,0000000,12,34,12,41,99,99,0,0,0,4,0
19,190226,1,1,0,0,0,2,2,7,0,24,9,2011,7,5,0,0,16,6,240TH AVE,S. EAST ST,0,40.88571667,-92.811150000,0,35,0,0,2,4,4,0,2,1,0,1,0,0000000,12,44,12,57,14,23,0,0,0,1,1
19,190227,1,1,0,0,0,2,2,159,0,24,9,2011,7,1,30,0,6,4,290TH ST.,,0,40.62446667,-94.259211110,0,1,0,0,1,1,4,0,2,1,0,1,0,0000000,2,8,2,32,99,99,0,0,0,1,0
19,190228,2,2,0,0,0,3,3,153,2260,24,9,2011,7,13,47,0,16,6,THORNTON AVE,SW 9TH STREET,0,41.55181667,-93.625738890,0,12,6,0,2,2,1,0,1,1,0,1,0,0000000,13,48,13,56,88,88,0,0,0,1,0
19,190229,2,2,0,0,0,3,3,83,0,24,9,2011,7,7,13,1,2,2,US-20,,141,42.42837500,-93.196741670,0,12,2,0,1,1,1,0,4,10,0,10,0,0000000,7,15,7,34,7,36,0,0,0,1,0
19,190230,2,2,0,0,0,3,3,9,0,25,9,2011,1,15,6,1,2,2,US-71,,85,41.62583889,-94.899055560,0,12,2,0,1,1,1,0,1,1,0,1,0,0000000,15,0,15,5,15,22,0,0,0,1,0
19,190231,1,1,0,0,0,2,2,193,0,25,9,2011,1,21,23,0,4,4,D25 (OLD HWY 141),,0,42.35177222,-96.168086110,0,11,0,0,1,1,1,0,2,1,0,1,0,0000000,21,27,21,54,22,20,0,0,0,1,0