STATE,ST_CASE,VE_TOTAL,VE_FORMS,PVH_INVL,PEDS,PERNOTMVIT,PERMVIT,PERSONS,COUNTY,CITY,DAY,MONTH,YEAR,DAY_WEEK,HOUR,MINUTE,NHS,ROAD_FNC,ROUTE,TWAY_ID,TWAY_ID2,MILEPT,LATITUDE,LONGITUD,SP_JUR,HARM_EV,MAN_COLL,RELJCT1,RELJCT2,TYP_INT,REL_ROAD,WRK_ZONE,LGT_COND,WEATHER1,WEATHER2,WEATHER,SCH_BUS,RAIL,NOT_HOUR,NOT_MIN,ARR_HOUR,ARR_MIN,HOSP_HR,HOSP_MN,CF1,CF2,CF3,FATALS,DRUNK_DR
19,190232,1,1,0,0,0,1,1,45,0,26,9,2011,2,5,50,1,2,2,US-67,,245,41.99608056,-90.185775000,0,42,0,0,1,1,4,0,2,2,0,2,0,0000000,6,11,6,22,99,99,0,0,0,1,0
19,190233,1,1,0,1,1,1,1,163,2080,17,1,2011,2,1,55,0,16,6,FAIRMOUNT ST,,0,41.54777222,-90.629680560,0,8,0,0,1,1,1,0,3,10,0,10,0,0000000,1,57,2,2,2,13,0,0,0,1,0
19,190234,2,2,0,0,0,4,4,1,0,26,9,2011,2,14,42,1,1,1,I-80,,15,41.49317222,-94.667733330,0,1,0,0,1,1,3,0,1,1,0,1,0,0000000,14,52,15,24,16,9,0,0,0,1,0
19,190235,1,1,0,0,0,2,2,109,0,26,9,2011,2,1,45,0,4,4,PLUM CREEK RD,240TH STREET W,0,43.11155278,-94.194377780,0,1,0,0,2,3,4,0,2,10,0,10,0,0000000,4,10,4,22,4,54,0,0,0,1,1
19,190236,2,2,0,0,0,2,2,7,0,28,9,2011,4,11,26,0,6,4,610TH STREET,,0,40.59481944,-92.811619440,0,12,2,0,4,1,1,0,1,1,0,1,0,0000000,11,26,11,45,99,99,0,0,0,1,0
19,190237,2,2,0,0,0,2,2,153,0,28,9,2011,4,4,10,0,4,4,SE 116TH ST,,0,41.54349444,-93.357808330,0,12,2,0,1,1,1,0,2,1,0,1,0,0000000,4,18,4,43,5,5,0,0,0,1,0
19,190238,2,2,0,0,0,3,3,129,0,12,7,2011,3,99,99,1,2,2,US-34,280TH ST,155,41.03036111,-95.651988890,0,12,1,0,1,1,1,0,1,10,0,10,0,0000000,14,44,14,55,15,45,0,0,0,1,0
19,190239,1,1,0,0,0,1,1,13,8790,1,10,2011,7,99,99,1,11,1,I-380,,158,42.45439444,-92.308222220,0,25,0,1,5,1,5,0,1,1,0,1,0,0000000,0,22,0,31,88,88,0,0,0,1,0
19,190240,2,2,0,0,0,3,3,111,0,1,10,2011,7,19,3,0,4,4,265TH AVE,CO RD 103,0,40.69706667,-91.388694440,0,12,1,0,2,3,1,0,5,10,0,10,0,0000000,19,6,19,17,88,88,0,0,0,1,1
19,190241,2,2,0,0,0,4,4,73,0,1,10,2011,7,9,27,0,4,4,N AVE,,0,42.17651944,-94.378350000,0,12,6,0,1,1,1,0,1,1,0,1,0,0000000,9,30,9,44,10,11,0,0,0,1,0
19,190242,2,2,0,0,0,3,3,153,8980,1,11,2011,3,22,0,1,11,1,I-35,,6,41.52126389,-93.773602780,0,57,0,0,1,1,3,0,2,1,0,1,0,0000000,22,1,22,10,22,39,0,0,0,1,1
19,190243,1,1,0,0,0,1,1,111,0,4,10,2011,3,15,40,0,6,4,WHITE PLAINS RD,,0,40.47303333,-91.478052780,0,1,0,0,1,1,2,0,1,1,0,1,0,0000000,15,42,15,49,16,33,0,0,0,1,0
19,190244,2,2,0,0,0,3,3,155,1900,5,10,2011,4,13,38,1,13,2,US-275,GIFFORD RD,67,41.21878889,-95.878863890,0,12,1,0,2,4,1,0,1,1,0,1,0,0000000,13,35,13,45,14,5,0,0,0,1,0
19,190245,1,1,0,0,0,2,2,197,0,6,10,2011,5,21,21,0,6,4,305TH ST,,0,42.60860278,-93.514877780,0,1,0,0,1,1,4,0,2,1,0,1,0,0000000,21,22,21,25,21,28,0,0,0,1,0
19,190246,2,2,0,0,0,3,3,55,0,6,10,2011,5,14,37,1,1,1,I-29,,249,41.45408611,-94.899644440,0,12,1,0,1,1,1,0,1,1,0,1,0,0000000,14,37,15,4,15,33,0,0,0,1,0
19,190247,2,2,0,0,0,2,2,143,0,6,10,2011,5,16,22,0,5,4,ORIOLE AVE,,0,43.46366111,-95.741505560,0,12,6,0,8,1,1,0,1,10,0,10,0,0000000,16,24,16,30,16,39,0,0,0,1,0
19,190248,1,1,0,0,0,1,1,71,0,6,10,2011,5,0,1,0,6,4,300TH AVE,,0,40.73300000,-95.613908330,0,1,0,0,1,1,4,0,2,1,0,1,0,0000000,88,88,88,88,88,88,0,0,0,1,1
19,190249,1,1,0,1,1,1,1,153,0,7,10,2011,6,2,39,1,1,1,I-80,,175,41.65949444,-93.525452780,0,8,0,0,1,1,1,0,3,1,0,1,0,0000000,88,88,88,88,88,88,0,0,0,1,0
19,190250,1,1,0,0,0,1,1,33,0,8,10,2011,7,15,18,0,4,4,YARROW AVE,,0,42.96041389,-93.044497220,0,1,0,0,1,1,4,0,1,1,0,1,0,0000000,15,30,15,49,88,88,0,0,0,1,0
19,190251,1,1,0,1,1,1,1,113,3825,8,10,2011,7,2,30,0,16,6,ROBINS RD,,0,42.05846667,-91.672836110,0,8,0,0,1,1,1,0,2,1,0,1,0,0000000,2,40,2,43,88,88,0,0,0,1,0
19,190252,2,2,0,0,0,2,2,153,2260,10,10,2011,2,9,44,0,16,6,E SHERIDAN AVE,E 40TH STREET,0,41.61875278,-93.537569440,0,12,6,0,2,2,1,0,1,1,0,1,0,0000000,9,45,9,54,10,30,0,0,0,1,0
19,190253,2,2,0,0,0,4,4,127,0,12,10,2011,4,8,10,1,2,2,US-30,JESSUP AVE,89,40.00792500,-93.058688890,0,12,6,0,2,2,1,0,1,10,0,10,0,0000000,8,10,8,17,99,99,0,0,0,2,0
19,190254,1,1,0,0,0,2,2,111,0,12,10,2011,4,2,30,0,3,3,SR-2,W78,113,40.63519167,-91.517258330,0,3,0,0,2,3,5,0,2,3,6,3,0,0000000,8,53,8,59,9,35,0,0,0,1,0
19,190255,2,2,0,0,0,3,3,109,0,12,10,2011,4,12,12,0,4,4,360TH STREET,220TH AVE,0,43.28435556,-94.029919440,0,12,6,0,2,2,1,0,1,2,0,2,0,0000000,12,18,12,46,99,99,0,0,0,1,0
19,190256,1,1,0,0,0,1,1,187,0,15,10,2011,7,17,30,0,4,4,BRUSHY CREEK RD,,0,42.37738333,-93.971308330,0,42,0,0,1,1,4,0,1,10,0,10,0,0000000,17,30,17,45,18,29,0,0,0,1,1
19,190257,2,2,0,0,0,4,4,193,7850,15,10,2011,7,14,50,0,16,6,9TH STREET,ALICE STREET,0,42.49935278,-96.368911110,0,12,6,0,2,2,1,0,1,1,0,1,0,0000000,14,52,15,4,15,16,0,0,0,1,0
19,190258,2,2,0,0,0,8,8,103,0,17,10,2011,2,17,15,1,2,2,US-6,,75,41.71160278,-91.696261110,0,12,6,0,1,1,1,0,1,10,0,10,0,0000000,17,21,17,31,18,22,0,0,0,1,0
19,190259,1,1,0,0,0,4,4,129,0,19,10,2011,4,11,55,0,6,4,ELLINGTON AVE,,0,41.08750000,-95.779230560,0,1,0,0,1,1,4,0,1,1,0,1,0,0000000,11,55,12,3,12,35,0,0,0,1,0
19,190260,2,2,0,0,0,4,4,9,0,19,10,2011,4,23,26,1,2,2,US-71,,32,41.54798611,-94.920166670,0,12,2,0,1,1,1,0,2,1,0,1,0,0000000,23,29,23,43,0,27,0,0,0,1,1
19,190261,2,2,0,0,0,2,2,67,0,20,10,2011,5,1,28,1,2,2,US-218,,207,43.03911667,-92.712188890,0,12,2,0,1,1,1,0,2,1,0,1,0,0000000,1,26,1,45,88,88,0,0,0,2,0
19,190262,1,1,0,0,0,2,2,79,0,21,10,2011,6,18,57,0,6,4,FENTON AVE,,0,42.31276944,-93.874405560,0,1,0,0,1,1,4,0,2,1,0,1,0,0000000,19,0,19,9,99,99,0,0,0,1,1
19,190263,1,1,0,1,1,1,1,111,0,21,10,2011,6,13,25,1,2,2,US-61,,103,40.52738333,-91.434955560,0,9,0,0,1,1,1,0,1,1,0,1,0,0000000,13,25,13,30,13,57,0,0,0,1,0
19,190264,1,1,0,0,0,2,2,111,0,22,10,2011,7,7,12,1,2,2,US-61,,297,40.70113056,-91.241233330,0,1,0,0,1,1,4,0,4,1,0,1,0,0000000,7,18,7,36,8,35,0,0,0,1,1
19,190265,1,1,0,0,0,1,1,129,0,25,10,2011,3,9,15,1,2,2,US-34,370TH ST,0,41.03085278,-95.479902780,0,34,0,0,2,3,4,0,1,1,0,1,0,0000000,9,20,9,26,88,88,0,0,0,1,0
19,190266,2,2,0,0,0,3,3,73,4120,25,10,2011,3,23,31,1,2,2,US-30,,133,42.03441944,-94.378419440,0,12,8,0,1,1,1,0,2,1,0,1,0,0000000,23,41,23,48,99,99,20,0,0,1,1
19,190267,3,2,1,0,0,3,3,165,0,26,10,2011,4,10,21,1,2,2,US-59,,49,41.57985000,-95.334777780,0,12,2,0,1,1,1,0,1,10,0,10,0,0000000,10,20,10,27,88,88,0,0,0,3,0
19,190268,1,1,0,0,0,1,1,75,0,27,10,2011,5,13,17,0,4,4,215TH ST,,0,42.39121389,-92.734019440,0,34,0,0,1,1,4,0,1,10,0,10,0,0000000,88,88,88,88,88,88,0,0,0,1,0
19,190269,1,1,0,0,0,5,5,53,0,28,10,2011,6,23,45,1,1,1,I-35,,17,40.59576944,-93.915327780,0,1,0,0,1,1,3,0,2,1,0,1,0,0000000,23,57,0,15,0,48,0,0,0,2,1
19,190270,2,2,0,0,0,2,2,35,0,31,10,2011,2,7,13,0,3,3,SR-3,SR-143,24,42.80795278,-95.799775000,0,12,6,0,2,2,1,0,1,10,0,10,0,0000000,7,10,7,12,7,37,0,0,0,1,0
19,190271,1,1,0,1,1,5,5,17,0,31,10,2011,2,15,48,0,6,4,DAKOTA AVE,,0,42.66061944,-92.495072220,0,8,0,0,1,1,1,0,1,1,0,1,1,0000000,15,49,15,55,16,6,0,0,0,1,0
19,190272,1,1,0,0,0,1,1,99,0,9,9,2011,6,14,16,0,4,4,F48,,0,41.68502222,-93.205516670,0,31,0,0,1,1,4,0,1,1,0,1,0,0000000,14,21,14,24,15,18,0,0,0,1,0
19,190273,2,2,0,0,0,2,2,131,0,1,11,2011,3,15,25,1,2,2,US-218,,183,43.37843889,-92.882466670,0,12,1,0,1,1,1,0,1,1,0,1,1,0000000,15,34,15,40,99,99,0,0,0,1,0
19,190274,1,1,0,0,0,1,1,103,1830,1,11,2011,3,19,35,1,11,1,I-80,,114,41.69404167,-91.611716670,0,25,0,0,1,1,2,0,2,1,0,1,0,0000000,19,37,19,42,99,99,0,0,0,1,0
19,190275,2,2,0,0,0,2,2,129,0,2,11,2011,4,14,20,0,3,3,SR-370,,14,41.14929167,-95.851113890,0,12,6,0,1,1,1,0,1,4,0,4,0,0000000,14,21,14,38,15,3,0,0,0,1,0
19,190276,1,1,0,0,0,7,7,191,0,2,11,2011,4,21,15,0,6,4,245TH AVE,,0,43.22498056,-91.883769440,0,34,0,0,1,1,4,0,2,1,0,1,0,0000000,21,21,21,31,22,0,0,0,0,2,0
19,190277,1,1,0,0,0,1,1,47,0,3,11,2011,5,2,54,0,3,3,SR-39,,117,42.18358889,-95.323627780,0,35,0,0,1,1,4,0,2,1,0,1,0,0000000,2,55,3,9,99,99,0,0,0,1,1
19,190278,2,2,0,0,0,2,2,123,0,4,11,2011,6,14,20,0,6,4,140TH ST,,0,41.45134167,-92.723986110,0,12,2,0,1,1,1,0,1,10,0,10,0,0000000,14,24,14,40,99,99,0,0,0,1,0
19,190279,1,1,0,0,0,1,1,63,0,4,11,2011,6,4,52,0,3,3,SR-9,,82,43.39935000,-94.738355560,0,34,0,0,1,1,4,0,2,1,0,1,0,0000000,5,5,5,10,5,29,0,0,0,1,0
19,190280,1,1,0,0,0,1,1,119,0,5,11,2011,7,4,55,0,3,3,SR-9,,41,43.45884167,-96.462450000,0,34,0,0,1,1,4,0,2,1,0,1,0,0000000,5,12,5,17,88,88,0,0,0,1,0
19,190281,2,2,0,0,0,2,2,69,0,7,11,2011,2,16,33,0,3,3,SR-3,,236,42.74514722,-93.029313890,0,12,6,0,1,1,1,0,1,10,0,10,0,0000000,88,88,88,88,88,88,0,0,0,1,0
19,190282,1,1,0,1,1,1,1,111,0,7,11,2011,2,7,28,1,2,2,US-61,,127,40.55812778,-91.430952780,0,9,0,0,1,1,1,0,1,1,0,1,0,0000000,7,28,7,39,8,0,0,0,0,1,0
19,190283,1,1,0,1,1,1,1,37,0,8,11,2011,3,17,15,0,6,4,290TH ST,,0,42.93595278,-92.229005560,0,8,0,0,1,1,1,0,2,10,0,10,0,0000000,88,88,88,88,88,88,0,0,0,1,0
19,190284,2,2,0,0,0,2,2,43,0,9,11,2011,4,7,32,0,3,3,SR-3,,82,42.65813333,-91.478058330,0,12,2,0,1,1,1,0,1,4,10,4,0,0000000,7,53,8,13,8,40,0,0,0,1,0
19,190285,2,1,1,1,1,1,1,153,2260,13,11,2011,1,13,21,0,16,6,E 19TH STREET,,0,41.59508611,-93.584741670,0,8,0,0,1,1,1,0,1,10,0,10,0,0000000,13,21,13,31,88,88,23,0,0,1,1
19,190286,1,1,0,0,0,1,1,125,0,18,11,2011,6,0,1,0,6,4,QUEBEC DR,,0,41.24658333,-93.265902780,0,52,0,0,1,1,4,0,2,1,0,1,0,0000000,88,88,88,88,88,88,0,0,0,1,0
19,190287,2,2,0,0,0,2,2,41,0,20,11,2011,1,13,26,1,2,2,US-18,,187,43.12734444,-95.083816670,0,12,6,0,1,1,1,0,1,1,0,1,0,0000000,88,88,88,88,88,88,0,0,0,1,0
19,190288,1,1,0,0,0,2,2,153,0,20,11,2011,1,22,8,0,4,4,NE 46TH AVE,,0,41.64410278,-93.590197220,0,1,0,0,1,1,4,0,2,1,0,1,0,0000000,22,8,22,13,22,48,0,0,0,1,0
19,190289,2,2,0,0,0,2,2,11,0,21,11,2011,2,10,50,0,4,4,30TH AVE,,0,41.93738333,-91.910558330,0,12,6,0,8,1,1,0,1,1,0,1,0,0000000,11,2,11,18,11,56,0,0,0,1,0
19,190290,2,2,0,0,0,7,7,133,0,21,11,2011,2,21,42,0,3,3,SR-141,SIOUX ST,64,41.16835556,-95.793255560,0,12,6,0,2,2,1,0,3,2,10,2,0,0000000,21,43,21,48,22,24,0,0,0,1,0
19,190291,1,1,0,0,0,1,1,153,0,22,11,2011,3,14,56,1,1,1,I-35,,275,41.76498889,-93.570322220,0,23,0,0,1,1,4,0,1,1,0,1,0,0000000,14,57,15,3,88,88,0,0,0,1,0
19,190292,2,2,0,0,0,3,3,29,0,22,11,2011,3,15,45,0,4,4,GLENDALE RD,,0,41.41763333,-94.737047220,0,12,2,0,8,1,1,0,1,10,0,10,0,0000000,15,51,16,2,16,28,0,0,0,2,0
19,190293,2,2,0,0,0,2,2,13,0,23,11,2011,4,15,53,1,2,2,US-63,E CEDAR-WAPSI RD,244,42.61588889,-92.337705560,0,12,6,0,2,2,1,0,1,10,0,10,0,0000000,15,57,16,6,16,24,0,0,0,1,0
19,190294,1,1,0,0,0,1,1,13,0,25,11,2011,6,2,45,1,2,2,US-20,,203,42.45011111,-92.141122220,0,1,0,0,1,1,1,0,2,1,0,1,0,0000000,2,49,3,2,88,88,0,0,0,1,1
19,190295,1,1,0,0,0,1,1,25,0,25,11,2011,6,14,36,1,2,2,US-20,,181,42.39849444,-94.503438890,0,1,0,0,1,1,4,0,1,10,0,10,0,0000000,14,37,14,46,88,88,0,0,0,1,1
19,190297,1,1,0,0,0,1,1,153,2260,26,11,2011,7,14,33,0,16,6,SW 2ND ST,,0,41.58183611,-93.617833330,0,33,0,0,1,1,4,0,1,10,0,10,0,0000000,14,33,14,38,14,52,0,0,0,1,0
19,190298,1,1,0,0,0,2,2,127,5320,28,11,2011,2,21,4,0,16,6,WASHINGTON ST,,0,42.04063611,-92.923011110,0,5,0,0,1,1,1,0,3,1,0,1,0,0000000,88,88,88,88,88,88,0,0,0,1,0
19,190299,1,1,0,0,0,1,1,155,0,1,12,2011,5,17,40,1,1,1,I-29,,20,41.19589722,-95.823500000,0,1,0,0,1,1,4,0,2,1,0,1,0,0000000,17,45,18,13,18,23,0,0,0,1,0
19,190300,1,1,0,0,0,1,1,67,0,2,12,2011,6,23,48,1,2,2,US-18,,173,43.08597500,-92.718188890,0,1,0,0,1,1,3,0,2,4,8,4,0,0000000,23,56,0,17,88,88,0,0,0,1,0
19,190301,1,1,0,0,0,1,1,83,0,2,12,2011,6,23,29,0,4,4,D55,,0,42.28128889,-93.154475000,0,1,0,0,1,1,4,0,2,2,0,2,0,0000000,88,88,88,88,88,88,0,0,0,1,0
19,190302,2,2,0,0,0,4,4,27,0,3,12,2011,7,11,0,0,4,4,120TH AVE,,0,42.18193056,-95.004013890,0,12,2,0,1,1,1,0,1,3,4,4,0,0000000,11,2,11,12,12,1,0,0,0,1,0
19,190303,2,2,0,0,0,3,3,79,0,4,12,2011,1,11,40,0,4,4,D25,,0,42.47101944,-93.629147220,0,12,6,0,1,1,1,0,1,10,0,10,0,0000000,11,45,12,27,13,14,0,0,0,1,0
19,190304,1,1,0,0,0,1,1,115,0,4,12,2011,1,7,39,0,4,4,X37,,0,41.23360278,-91.318561110,0,34,0,0,1,1,4,0,1,10,0,10,0,0000000,7,42,7,52,88,88,0,0,0,1,0
19,190305,2,2,0,0,0,2,2,81,0,5,12,2011,2,5,47,1,2,2,US-18,REED AVE,172,43.10495278,-93.626205560,0,12,2,0,3,3,1,0,2,1,0,1,0,0000000,5,47,5,59,88,88,0,0,0,1,0
19,190306,1,1,0,0,0,1,1,25,0,5,12,2011,2,7,15,0,4,4,220TH ST,TABOR AVE,0,42.47354722,-94.540780560,0,1,0,0,2,3,4,0,1,10,0,10,0,0000000,7,17,7,28,8,5,0,0,0,1,0
19,190307,1,1,0,1,1,1,1,89,0,5,12,2011,2,18,48,0,6,4,3RD STREET E,,0,43.37961944,-92.111197220,0,8,0,0,8,1,1,0,3,10,0,10,0,0000000,18,47,18,53,19,4,0,0,0,1,0
19,190308,1,1,0,1,1,2,2,169,0,9,12,2011,6,19,26,0,4,4,CAMERON SCHOOL RD,,0,42.07066944,-93.677702780,0,8,0,0,8,1,1,0,2,1,0,1,0,0000000,19,33,20,0,20,25,0,0,0,1,0
19,190309,1,1,0,0,0,1,1,113,0,11,12,2011,1,1,14,0,4,4,SECRIST RD,,0,42.02081111,-91.478969440,0,23,0,0,1,1,4,0,2,1,0,1,0,0000000,1,29,1,51,88,88,0,0,0,1,1
19,190310,2,2,0,0,0,2,2,103,0,13,12,2011,3,17,21,0,4,4,AMERICAN LEGION RD,420TH ST,0,41.62750278,-91.418888890,0,12,6,0,2,2,1,0,3,2,0,2,0,0000000,17,21,17,33,88,88,0,0,0,1,0
19,190311,2,2,0,0,0,3,3,7,0,16,12,2011,6,13,58,0,3,3,SR-2,,101,40.73951389,-92.869791670,0,12,2,0,8,1,1,0,1,1,0,1,0,0000000,14,8,14,49,99,99,0,0,0,1,0
19,190312,1,1,0,0,0,1,1,45,0,16,12,2011,6,22,5,0,4,4,190TH STREET,,0,41.90189167,-90.583247220,0,35,0,0,1,1,4,0,2,1,0,1,0,0000000,22,9,22,19,22,39,0,0,0,1,0
19,190313,1,1,0,0,0,1,1,79,0,18,12,2011,1,7,48,0,4,4,CHRISTYTOWN RD,,0,42.21184722,-93.591033330,0,1,0,0,1,1,4,0,1,1,0,1,0,0000000,7,57,8,11,8,39,0,0,0,1,0
19,190314,1,1,0,1,1,1,1,153,0,18,12,2011,1,1,20,1,11,1,I-35,,159,41.64956944,-93.640772220,0,8,0,0,1,1,1,0,2,1,0,1,0,0000000,1,25,1,41,99,99,0,0,0,1,0
19,190315,1,1,0,0,0,1,1,95,0,19,12,2011,2,6,45,1,2,2,US-6,,96,41.77968611,-92.109280560,0,34,0,0,1,1,4,0,2,4,0,4,0,0000000,6,49,7,1,7,20,0,0,0,1,0
19,190316,2,2,0,0,0,2,2,27,0,19,12,2011,2,9,12,0,6,4,160TH STREET,GRANITE AVE,0,42.12391389,-94.975480560,0,12,6,0,2,2,1,0,1,10,0,10,0,0000000,9,16,9,31,99,99,0,0,0,1,0
19,190317,1,1,0,0,0,1,1,47,0,19,12,2011,2,4,50,0,3,3,SR-34,,97,42.16317500,-95.323616670,0,1,0,0,1,1,4,0,2,1,0,1,0,0000000,4,59,5,18,6,1,0,0,0,1,0
19,190318,1,1,0,0,0,2,2,155,0,19,12,2011,2,16,55,0,4,4,RAILROAD HWY,,0,41.34553056,-95.725577780,0,1,0,0,1,1,4,0,5,10,0,10,0,0000000,17,0,17,23,17,43,0,0,0,1,0
19,190319,2,2,0,0,0,2,2,73,0,19,12,2011,2,6,56,1,2,2,US-30,,50,42.03462500,-94.534736110,0,12,6,0,1,1,1,0,2,10,0,10,0,0000000,6,58,7,13,7,40,0,0,0,1,0
19,190320,1,1,0,0,0,1,1,19,0,22,12,2011,5,8,42,0,3,3,SR-150,,176,42.55340278,-91.904841670,0,34,0,0,1,1,4,0,1,10,0,10,0,0000000,8,42,8,52,9,25,0,0,0,1,0
19,190321,1,1,0,0,0,1,1,133,0,23,12,2011,6,2,45,0,3,3,SR-183,,165,42.04050278,-95.726691670,0,1,0,0,1,1,4,0,2,1,0,1,0,0000000,88,88,88,88,88,88,0,0,0,1,0
19,190322,1,1,0,0,0,1,1,151,0,24,12,2011,7,5,29,0,3,3,SR-15,430TH ST,97,42.86216389,-94.520483330,0,1,0,0,2,4,4,0,2,1,0,1,0,0000000,88,88,88,88,88,88,0,0,0,1,1
19,190323,1,1,0,1,1,1,1,189,4420,30,12,2011,6,7,36,0,6,6,N WASHINGTON ST,,0,43.42155556,-93.533661110,0,8,0,0,4,1,1,0,4,3,0,3,0,0000000,88,88,88,88,88,88,0,0,0,1,0
19,190324,1,1,0,0,0,1,1,7,0,24,12,2011,7,20,25,0,4,4,J46,,0,40.69309444,-92.944766670,0,1,0,0,1,1,4,0,2,1,0,1,0,0000000,20,32,20,41,21,12,0,0,0,1,0
19,190325,2,2,0,0,0,3,3,187,0,25,12,2011,1,11,39,1,2,2,US-175,BAXTER AVE,9,42.26704167,-94.379066670,0,12,6,0,2,2,1,0,1,1,0,1,0,0000000,11,42,11,48,12,29,0,0,0,1,0
19,190326,2,2,0,0,0,2,2,103,0,27,12,2011,3,7,35,0,4,4,500TH STREET,,0,41.56930556,-91.818072220,0,12,2,0,1,1,1,0,1,10,0,10,0,0000000,7,40,7,55,8,31,0,0,0,1,0
19,190327,1,1,0,0,0,1,1,153,2260,27,12,2011,3,16,34,1,13,2,US-69/65,E COURT AVE,75,41.58971111,-93.596852780,0,1,0,0,2,2,4,0,1,10,0,10,0,0000000,16,36,16,40,16,54,0,0,0,1,0
19,190328,3,3,0,0,0,5,5,61,0,27,12,2011,3,17,4,1,13,2,US-52,,162,42.55995556,-90.712297220,0,12,8,0,1,1,1,0,5,1,0,1,0,0000000,17,6,17,15,99,99,0,0,0,1,0
19,190329,1,1,0,0,0,2,2,127,5320,29,12,2011,5,1,51,0,6,6,SUMMIT ST,7TH ST.,0,42.05276944,-92.923913890,0,42,0,0,2,2,4,0,3,1,0,1,0,0000000,1,55,2,1,2,17,0,0,0,1,0
19,190330,1,1,0,0,0,1,1,187,0,29,12,2011,5,15,30,1,2,2,US-20,,200,42.44907778,-94.015213890,0,35,0,0,1,1,3,0,1,10,0,10,0,0000000,15,31,15,51,88,88,0,0,0,1,0
19,190331,2,2,0,0,0,3,3,21,0,29,12,2011,5,8,45,0,6,4,600TH ST,240TH AVE,0,42.64717222,-94.935344440,0,12,6,0,2,2,1,0,1,1,0,1,0,0000000,9,7,9,37,10,29,0,0,0,1,0
19,190332,1,1,0,0,0,3,3,83,0,30,12,2011,6,11,30,0,4,4,S55,,0,42.30158333,-93.171611110,0,32,0,0,1,1,4,0,1,10,0,10,0,0000000,11,31,11,39,12,33,0,0,0,1,0
19,190333,2,2,0,0,0,2,2,33,0,30,12,2011,6,17,50,1,1,1,I-35,,154,43.12965833,-93.356150000,0,12,1,0,1,1,1,0,2,10,0,10,0,0000000,88,88,88,88,88,88,0,0,0,1,0
19,190334,2,2,0,0,0,3,3,155,1900,30,12,2011,6,15,29,1,11,1,I-480,,1,41.26056667,-95.916422220,0,12,1,0,1,1,1,0,1,1,0,1,0,0000000,15,30,15,32,99,99,0,0,0,1,1
19,190335,1,1,0,0,0,1,1,127,0,31,12,2011,7,1,30,0,4,4,230TH ST.,,0,42.02231111,-93.224719440,0,32,0,0,1,1,4,0,2,1,0,1,0,0000000,88,88,88,88,88,88,0,0,0,1,0
19,190336,2,2,0,0,0,2,2,97,0,1,12,2011,5,18,5,0,3,3,SR-64,EDWARD ST,7,42.07326944,-90.882888890,0,12,1,0,3,3,1,0,3,10,0,10,0,0000000,18,5,18,23,99,99,0,0,0,1,2
20,200001,2,2,0,0,0,3,3,79,5650,2,1,2011,1,11,0,1,2,2,US-50,WALTON,2814,38.11821667,-97.255955560,0,12,2,0,1,1,1,0,1,1,0,1,0,0000000,11,3,11,10,12,0,0,0,0,2,0
20,200002,4,4,0,0,0,5,5,173,0,2,1,2011,1,15,25,0,4,6,119TH,39TH,0,37.62116667,-97.480488890,0,12,6,0,2,2,1,0,1,1,0,1,0,0000000,15,27,15,37,16,25,0,0,0,1,0
20,200003,1,1,0,0,0,2,2,151,0,2,1,2011,1,15,45,0,4,6,110TH STREET,130TH AVE,0,37.80598611,-98.491402780,0,34,0,0,1,1,4,0,1,1,0,1,0,0000000,16,12,16,26,88,88,0,0,0,1,0
20,200004,2,2,0,0,0,2,2,169,0,4,1,2011,3,8,0,0,4,4,HEDVILLE RD,I-70,0,38.87900556,-97.761497220,0,12,6,1,2,2,1,0,1,1,0,1,0,0000000,88,88,88,88,88,88,0,0,0,1,0
20,200005,2,2,0,0,0,2,2,121,0,5,1,2011,4,6,29,0,3,3,SR-68,CEDAR NILES,469,38.62176667,-94.893894440,0,12,2,0,1,1,1,0,2,1,0,1,0,0000000,6,33,6,48,88,88,0,0,0,2,0
20,200006,1,1,0,0,0,4,4,173,5880,7,1,2011,6,22,4,1,2,2,US-54,WASHINGTON,0,37.67913333,-97.324188890,0,1,0,1,5,1,4,0,3,1,0,1,0,0000000,22,4,22,8,22,30,0,0,0,1,1
20,200007,1,1,0,0,0,3,3,111,1660,9,1,2011,1,19,8,1,1,1,I-35,SR-99,1317,38.41223889,-96.152086110,0,32,0,0,1,1,3,0,2,4,0,4,0,0000000,19,11,19,21,19,36,0,0,0,1,0
20,200008,2,2,0,0,0,3,3,125,2670,10,1,2011,2,9,22,1,2,2,US-75,5400,289,37.29863611,-95.711175000,0,12,6,0,1,1,1,0,1,4,0,4,0,0000000,9,30,9,46,10,20,0,0,0,1,0
20,200009,1,1,0,0,0,2,2,103,0,13,1,2011,5,15,45,0,4,6,LOGAN,187TH,0,39.40436667,-95.013113890,0,23,0,0,1,1,4,0,1,1,0,1,0,0000000,16,0,16,17,17,30,0,0,0,1,0
20,200010,1,1,0,1,1,1,1,79,720,14,1,2011,6,21,50,0,4,6,MCPHERSON,ADAMS,0,38.02497222,-97.666052780,0,8,0,0,1,1,1,0,2,1,0,1,0,0000000,21,53,21,57,22,36,0,0,0,1,0
20,200011,3,3,0,0,0,5,5,173,5880,14,1,2011,6,19,28,0,14,6,ZOO,I-235,0,37.71281944,-97.398433330,0,12,1,1,3,1,1,0,3,1,0,1,0,0000000,19,27,19,31,19,57,0,0,0,1,1