STATE,ST_CASE,VE_TOTAL,VE_FORMS,PVH_INVL,PEDS,PERNOTMVIT,PERMVIT,PERSONS,COUNTY,CITY,DAY,MONTH,YEAR,DAY_WEEK,HOUR,MINUTE,NHS,ROAD_FNC,ROUTE,TWAY_ID,TWAY_ID2,MILEPT,LATITUDE,LONGITUD,SP_JUR,HARM_EV,MAN_COLL,RELJCT1,RELJCT2,TYP_INT,REL_ROAD,WRK_ZONE,LGT_COND,WEATHER1,WEATHER2,WEATHER,SCH_BUS,RAIL,NOT_HOUR,NOT_MIN,ARR_HOUR,ARR_MIN,HOSP_HR,HOSP_MN,CF1,CF2,CF3,FATALS,DRUNK_DR
20,200012,1,1,0,0,0,1,1,109,0,15,1,2011,7,16,54,0,3,2,US-40,CO RD 380,636,39.11221389,-100.967788890,0,34,0,0,1,1,4,0,1,1,0,1,0,0000000,16,58,17,13,17,19,0,0,0,1,1
20,200013,2,1,1,0,0,1,1,63,2220,16,1,2011,1,12,0,1,1,1,I-70,CAMPUS,778,39.11268056,-100.777330560,0,14,0,0,1,1,2,0,1,1,0,1,0,0000000,88,88,88,88,88,88,0,0,0,1,0
20,200014,1,1,0,0,0,1,1,59,0,16,1,2011,1,0,40,0,4,6,COLORADO,SAND CREEK,0,38.65957778,-95.452994440,0,34,0,0,1,1,4,0,2,1,0,1,0,0000000,0,40,0,55,88,88,0,0,0,1,1
20,200015,1,1,0,0,0,3,3,129,0,17,1,2011,2,16,40,0,4,4,STATE LINE,SR-56,0,37.99412222,-101.874933330,0,34,0,0,1,1,4,0,1,1,0,1,0,0000000,16,45,16,47,17,7,0,0,0,2,0
20,200016,1,1,0,0,0,1,1,173,0,18,1,2011,3,0,1,0,4,5,MERIDIAN,111TH,0,37.88704722,-97.372855560,0,34,0,0,1,1,4,0,2,1,0,1,0,0000000,0,1,0,11,88,88,0,0,0,1,1
20,200017,1,1,0,0,0,1,1,139,0,18,1,2011,3,17,50,0,3,2,US-56,229TH,3882,38.65495278,-95.839061110,0,34,0,0,1,1,4,0,2,1,0,1,0,0000000,88,88,88,88,88,88,0,0,0,1,0
20,200018,1,1,0,0,0,2,2,151,0,23,1,2011,1,7,36,0,4,4,50TH,80TH,0,37.57662222,-98.885708330,0,1,0,0,1,1,4,0,2,1,0,1,0,0000000,7,38,7,49,88,88,0,0,0,2,1
20,200019,2,2,0,0,0,2,2,15,0,25,1,2011,3,17,41,0,5,4,20TH,BOYER,0,37.79567778,-96.898641670,0,12,6,0,2,2,1,0,1,1,0,1,0,0000000,17,46,18,14,18,20,0,0,0,1,0
20,200020,1,1,0,0,0,2,2,15,0,28,1,2011,6,16,40,0,6,4,90TH,SR-177,0,37.95590556,-96.721572220,0,10,0,0,6,1,1,0,1,1,0,1,0,009541H,16,44,17,0,88,88,0,0,0,2,0
20,200021,2,2,0,0,0,2,2,155,0,28,1,2011,6,7,55,1,2,3,SR-96,VICTORY,2610,37.88948611,-97.748108330,0,1,0,0,1,1,3,0,1,1,0,1,0,0000000,8,0,8,8,9,20,0,0,0,1,2
20,200022,2,1,1,0,0,2,2,51,2390,29,1,2011,7,2,20,0,14,6,CENTENNIAL,22ND,0,38.87960833,-99.309369440,0,14,0,0,3,3,4,0,2,1,0,1,0,0000000,88,88,88,88,88,88,0,0,0,1,1
20,200023,1,1,0,0,0,1,1,89,0,30,1,2011,1,99,99,0,3,3,SR-14,V ROAD,2459,39.66590556,-98.156747220,0,32,0,0,1,1,4,0,9,1,0,1,0,0000000,11,44,11,59,88,88,0,0,0,1,0
20,200024,1,1,0,0,0,1,1,183,0,31,1,2011,2,9,0,1,2,2,US-56,US-281,1709,39.77120833,-98.898238890,0,32,0,0,1,1,4,0,1,3,11,11,0,0000000,9,6,9,18,9,48,0,0,0,1,0
20,200025,2,2,0,0,0,2,2,99,0,31,1,2011,2,18,16,1,2,2,US-400,US-56,3910,37.34355000,-95.383127780,0,12,2,0,1,1,1,0,2,10,0,10,0,0000000,18,18,18,32,88,88,0,0,0,1,1
20,200026,1,1,0,0,0,1,1,173,5880,2,2,2011,4,5,30,0,16,6,20TH,TOPEKA AVE,0,37.72083056,-97.334319440,0,10,0,0,6,1,1,0,3,4,0,4,0,009264B,5,30,5,44,88,88,0,0,0,1,0
20,200027,1,1,0,0,0,4,4,9,0,2,2,2011,4,22,19,0,6,6,40 ROAD,10 ROAD,0,38.38365000,-98.848627780,0,42,0,0,1,1,4,0,2,1,0,1,0,0000000,22,21,22,27,22,53,0,0,0,1,0
20,200028,2,2,0,0,0,2,2,145,2980,3,2,2011,5,16,30,0,3,3,SR-156,103TH,1009,38.18935556,-99.132386110,0,12,6,0,2,2,1,0,1,1,0,1,0,0000000,16,35,16,43,17,5,0,0,0,1,2
20,200029,1,1,0,0,0,1,1,45,0,4,2,2011,6,12,5,0,6,6,950,1950,0,39.02638611,-95.323647220,0,10,0,0,6,1,1,0,1,1,0,1,0,005878X,12,7,12,26,88,88,0,0,0,1,0
20,200030,2,2,0,0,0,2,2,91,3705,6,2,2011,1,13,34,0,14,6,MARTWAY,NALL,0,39.02165000,-94.649191670,0,12,6,0,2,2,1,0,1,1,0,1,0,0000000,13,34,13,37,14,2,0,0,0,1,0
20,200031,2,2,0,0,0,2,2,175,0,9,2,2011,4,15,40,1,2,2,US-54,COUNTY RD 15,203,37.20599444,-100.696563890,0,12,6,0,1,1,1,0,1,1,0,1,0,0000000,15,47,16,5,16,55,0,0,0,1,0
20,200032,1,1,0,0,0,1,1,91,4285,11,2,2011,6,1,56,1,2,2,US-69,COLLEGE,1428,38.92295833,-94.704466670,0,31,0,0,1,1,4,0,3,1,0,1,0,0000000,1,57,2,6,2,21,0,0,0,1,1
20,200033,3,3,0,0,0,4,4,173,5880,12,2,2011,7,15,40,1,2,2,US-54,SENECA,2149,37.67730000,-97.359122220,0,25,0,0,1,1,3,0,1,1,0,1,0,0000000,15,45,15,51,16,3,0,0,0,1,1
20,200034,1,1,0,0,0,1,1,119,0,13,2,2011,1,2,0,0,5,4,COUNTY RD 15,SR-23,0,37.18603056,-100.408172220,0,23,0,0,1,1,4,0,2,1,0,1,0,0000000,9,5,9,23,88,88,0,0,0,1,1
20,200035,4,2,2,0,0,8,8,173,5880,13,2,2011,1,11,20,0,16,6,HARRY ST,GEORGE WASHINGTON,0,37.66473056,-97.301188890,0,12,6,0,2,2,1,0,1,1,0,1,0,0000000,19,8,19,37,20,1,0,0,0,2,0
20,200036,2,2,0,0,0,3,3,21,0,14,2,2011,2,19,55,1,2,3,SR-171,110TH,0,37.33795278,-94.631938890,0,12,6,0,2,2,1,0,2,1,0,1,0,0000000,20,1,20,15,21,0,0,0,0,1,0
20,200037,2,2,0,0,0,2,2,7,2400,18,2,2011,6,9,26,0,6,3,SR-2,MAIN,115,37.09058333,-98.409347220,0,12,6,0,2,2,1,0,1,1,0,1,0,0000000,9,27,10,38,12,6,0,0,0,1,0
20,200038,1,1,0,0,0,1,1,53,0,4,2,2011,6,23,0,0,6,4,COUNTY RD M,4TH,0,38.69730000,-98.429947220,0,34,0,0,1,1,4,0,2,1,0,1,0,0000000,23,34,23,49,88,88,0,0,0,1,1
20,200039,2,2,0,0,0,2,2,57,1370,18,2,2011,6,13,25,1,13,2,US-400,US-56,1250,37.74750833,-99.991036110,0,12,1,0,3,3,1,0,1,1,0,1,0,0000000,13,29,13,31,88,88,0,0,0,1,2
20,200040,2,2,0,0,0,4,4,35,0,19,2,2011,7,12,16,0,6,4,252 RD,31ST,0,37.11433611,-97.104033330,0,12,7,0,1,1,1,0,1,1,0,1,0,0000000,12,17,12,26,13,0,0,0,0,2,0
20,200041,1,1,0,0,0,1,1,167,4820,19,2,2011,7,2,1,0,6,6,1ST,FRANKLIN,0,38.88648889,-98.850861110,0,1,0,0,1,1,7,0,3,1,0,1,0,0000000,2,2,2,7,2,26,0,0,0,1,1
20,200042,1,1,0,1,1,1,1,173,5880,19,2,2011,7,2,3,1,1,1,I-235,US-54,0,37.67023333,-97.402038890,0,8,0,0,1,1,1,0,3,1,0,1,0,0000000,2,4,2,6,2,12,0,0,0,1,1
20,200043,2,2,0,0,0,2,2,99,0,21,2,2011,2,11,16,0,5,5,2000,JACKSON,0,37.02064722,-95.336608330,0,12,2,0,1,1,1,0,1,1,0,1,0,0000000,11,19,11,45,12,25,0,0,0,1,0
20,200044,2,2,0,0,0,4,4,205,0,21,2,2011,2,13,29,1,2,2,US-400,SR-47,3553,37.54485000,-95.804558330,0,12,8,0,1,1,1,0,1,1,0,1,0,0000000,13,32,13,35,13,46,0,0,0,2,0
20,200045,1,1,0,0,0,2,2,121,0,24,2,2011,5,17,31,1,2,2,US-169,STANTON,1107,38.40598611,-95.061950000,0,42,0,0,1,1,4,0,1,3,0,3,0,0000000,17,39,17,54,99,99,0,0,0,1,0
20,200046,2,2,0,0,0,6,6,121,0,24,2,2011,5,17,36,1,2,2,US-169,STANTON RD,1106,38.40558056,-95.061005560,0,12,2,0,1,1,1,0,1,3,0,3,0,0000000,17,39,17,54,19,22,0,0,0,2,0
20,200047,2,2,0,0,0,4,4,161,0,24,2,2011,5,16,3,0,2,3,SR-18,WALNUT,1817,39.10009167,-96.706122220,0,12,2,0,1,1,1,0,1,3,4,4,0,0000000,16,5,16,45,17,27,0,0,0,1,0
20,200048,1,1,0,0,0,4,4,35,0,25,2,2011,6,22,12,1,2,3,SR-15,65TH,484,37.24112500,-97.032966670,0,1,0,0,1,1,4,0,2,3,0,3,0,0000000,22,14,22,35,99,99,0,0,0,1,0
20,200049,2,2,0,0,0,2,2,85,0,25,2,2011,6,10,0,1,2,2,US-75,SR-9,1980,39.58227500,-95.732630560,0,12,2,0,1,1,1,0,1,1,0,1,0,0000000,10,6,10,24,11,22,0,0,0,1,0
20,200050,1,1,0,0,0,6,6,173,5880,25,2,2011,6,22,5,1,1,1,I-35,CENTRAL AVE,535,37.69448333,-97.167977780,0,1,0,0,1,1,4,0,2,3,0,3,0,0000000,22,12,22,23,23,2,0,0,0,1,0
20,200051,2,2,0,1,1,4,4,173,5880,25,2,2011,6,13,41,0,14,6,MAIZE RD,STERLING ST,0,37.73243889,-97.463836110,0,12,6,0,2,3,1,0,1,1,0,1,0,0000000,13,41,13,56,14,26,0,0,0,1,0
20,200052,2,2,0,0,0,2,2,1,0,26,2,2011,7,7,30,0,6,6,1400 ST,NEBRASKA RD,0,37.90520000,-95.410422220,0,12,6,0,1,1,1,0,1,3,0,3,0,0000000,88,88,88,88,88,88,0,0,0,1,0
20,200053,2,2,0,0,0,3,3,185,0,26,2,2011,7,12,27,0,3,2,US-281,SR-19,897,38.16155556,-98.750611110,0,12,6,0,2,2,1,0,1,5,0,5,0,0000000,12,33,12,46,13,20,0,0,0,1,0
20,200054,2,2,0,0,0,4,4,91,0,27,2,2011,1,13,31,0,4,5,175TH,FOUR CORNERS,0,38.81128889,-94.973802780,0,12,6,0,2,2,1,0,1,5,0,5,0,0000000,13,31,13,36,14,39,0,0,0,1,0
20,200055,2,2,0,0,0,3,3,113,0,28,2,2011,2,17,1,1,2,3,SR-61,SR-153,770,38.32038056,-97.704163890,0,12,2,0,1,1,1,2,1,1,0,1,0,0000000,17,8,17,16,17,53,0,0,0,1,0
20,200056,2,2,0,0,0,5,5,57,0,2,3,2011,4,23,25,1,2,2,US-50,US-283,1281,37.77939722,-99.907608330,0,12,6,0,2,2,1,0,3,1,0,1,0,0000000,23,42,23,47,0,8,0,0,0,3,0
20,200057,2,2,0,0,0,2,2,19,0,4,3,2011,6,14,50,1,2,2,US-166,US-166B,661,37.10831389,-96.250877780,0,12,6,0,1,1,1,0,1,2,0,2,0,0000000,14,52,15,0,15,16,0,0,0,1,0
20,200058,2,2,0,0,0,2,2,91,4285,5,3,2011,7,22,27,1,1,1,I-635,MERRIAM,3,39.04411944,-94.675969440,0,12,7,0,1,1,1,0,3,1,0,1,0,0000000,22,28,22,36,88,88,0,0,0,1,0
20,200059,1,1,0,0,0,1,1,35,0,5,3,2011,7,19,40,0,3,3,SR-15,162ND,0,37.24481389,-96.718825000,0,24,0,0,3,4,4,0,2,1,0,1,0,0000000,19,41,19,51,88,88,0,0,0,1,1
20,200060,1,1,0,1,1,1,1,155,2660,5,3,2011,7,21,20,0,15,6,BLANCHARD,SEVERANCE,0,38.02875833,-97.915133330,0,8,0,0,1,1,1,0,3,1,0,1,0,0000000,21,22,21,31,88,88,0,0,0,1,0
20,200061,1,1,0,0,0,2,2,193,1060,7,3,2011,2,23,32,1,3,2,US-24,SR-25,602,39.39720278,-101.045550000,0,34,0,0,1,1,4,0,3,3,0,3,0,0000000,23,34,23,51,0,9,0,0,0,1,1
20,200062,2,2,0,0,0,2,2,23,4850,8,3,2011,3,15,36,0,3,3,SR-27,US-36,2167,39.89288056,-101.940766670,0,12,6,0,1,1,1,0,1,4,0,4,0,0000000,15,40,16,1,88,88,0,0,0,1,0
20,200063,2,2,0,2,2,2,2,103,3020,11,3,2011,6,22,40,0,14,4,EISENHOWER,HUGHES,0,39.26728056,-94.910802780,0,8,0,0,1,1,1,0,3,1,0,1,0,0000000,22,41,22,46,23,40,23,0,0,1,1
20,200064,1,1,0,0,0,1,1,77,0,12,3,2011,7,0,55,0,6,4,CENTRAL,22ND,0,37.27507778,-98.026200000,0,34,0,0,1,1,4,0,2,1,0,1,0,0000000,0,58,1,5,1,17,20,0,0,1,1
20,200065,2,2,0,0,0,2,2,3,0,12,3,2011,7,5,55,1,2,2,US-169,SR-58,797,38.07025833,-95.378494440,0,12,2,0,1,1,1,0,2,1,0,1,0,0000000,6,31,7,13,7,17,0,0,0,1,0
20,200066,1,1,0,0,0,1,1,7,2870,12,3,2011,7,18,35,0,6,4,HARDTNER,RAILROAD,0,37.02489444,-98.480416670,0,10,0,0,6,1,1,0,5,1,0,1,0,014290B,18,37,18,42,88,88,0,0,0,1,1
20,200067,1,1,0,0,0,1,1,9,0,13,3,2011,1,16,20,0,6,6,80,140,0,38.57393889,-98.628386110,0,34,0,0,1,1,4,0,1,3,0,3,0,0000000,16,25,16,46,88,88,0,0,0,1,1
20,200068,1,1,0,0,0,1,1,5,260,13,3,2011,1,0,20,0,14,6,KANSAS,4TH,0,39.56533889,-95.117741670,0,33,0,0,1,1,4,0,3,1,0,1,0,0000000,0,22,0,23,0,59,0,0,0,1,1
20,200069,1,1,0,0,0,1,1,91,3030,15,3,2011,3,20,22,0,14,6,151ST,MISSION,0,38.85548333,-94.626275000,0,39,0,0,1,1,4,0,2,1,0,1,0,0000000,20,26,20,28,88,88,0,0,0,1,1
20,200070,3,3,0,0,0,3,3,1,2620,17,3,2011,5,14,5,0,4,4,DELAWARE,US-169,0,37.79126944,-95.404158330,0,12,2,0,8,1,1,0,1,1,0,1,0,0000000,88,88,88,88,88,88,0,0,0,1,0
20,200071,2,2,0,0,0,3,3,149,0,18,3,2011,6,7,35,0,2,2,US-24,FLUSH,3236,39.20086667,-96.441422220,0,12,6,0,2,2,1,0,1,1,0,1,0,0000000,7,43,7,51,8,22,0,0,0,1,0
20,200072,1,1,0,0,0,1,1,15,0,20,3,2011,1,2,30,0,6,4,70,DIAMOND,0,37.72347778,-97.022152780,0,34,0,0,1,1,4,0,2,1,0,1,0,0000000,2,41,2,48,3,22,0,0,0,1,0
20,200073,2,2,0,0,0,5,5,103,3020,20,3,2011,1,20,14,0,14,4,EISENHOWER,SHRINE PARK,0,39.26728056,-94.918613890,0,12,6,0,4,1,1,0,3,1,0,1,0,0000000,20,17,20,22,21,3,0,0,0,1,0
20,200074,2,2,0,0,0,3,3,53,0,23,3,2011,4,1,55,1,1,1,I-70,6TH,2107,38.84880000,-98.382052780,0,12,2,0,1,1,1,0,2,1,0,1,0,0000000,1,59,2,15,88,88,0,0,0,3,1
20,200075,2,2,0,0,0,3,3,57,0,23,3,2011,4,9,20,1,2,2,US-54,SR-34,909,37.55736944,-99.584541670,0,12,2,0,1,1,1,0,1,1,0,1,0,0000000,9,22,9,29,88,88,0,0,0,1,0
20,200076,2,2,0,0,0,5,5,157,0,23,3,2011,4,15,18,1,2,2,US-81,M,2225,39.84086944,-97.633738890,0,12,6,0,2,2,1,0,1,1,0,1,0,0000000,15,24,15,39,15,45,0,0,0,1,0
20,200077,1,1,0,0,0,1,1,17,0,27,3,2011,1,16,19,1,1,1,I-35,TEAPOT MOUNT RD,1130,38.12834444,-96.548538890,0,34,0,0,1,1,4,0,1,1,0,1,0,0000000,16,28,16,49,18,34,0,0,0,1,0
20,200078,1,1,0,0,0,2,2,209,1510,28,3,2011,2,14,0,1,1,1,I-435,WOODEND,90,39.06851389,-94.794072220,0,23,0,0,1,1,4,0,1,1,0,1,0,0000000,14,4,14,18,14,42,0,0,0,1,0
20,200079,2,2,0,0,0,3,3,87,0,29,3,2011,3,20,5,0,4,4,HICKORY POINT,US-59,0,39.31836389,-95.301161110,0,12,2,0,1,1,1,0,2,2,0,2,0,0000000,20,5,20,15,21,23,0,0,0,2,1
20,200080,1,1,0,1,1,1,1,9,0,30,3,2011,4,23,44,1,2,2,US-56,MAIN ST,2162,38.36144444,-98.771380560,0,8,0,0,1,1,1,0,2,2,0,2,0,0000000,0,15,0,57,88,88,0,0,0,1,0
20,200081,2,2,0,0,0,2,2,173,5880,29,1,2011,7,19,10,0,14,4,BRAODWAY AVE,44TH,0,37.61295556,-97.334102780,0,12,1,0,3,3,1,0,3,1,0,1,0,0000000,19,10,19,16,19,39,0,0,0,1,1
20,200082,2,2,0,0,0,3,3,91,0,13,2,2011,1,19,16,1,2,3,SR-10,EVENING STAR,147,38.94552500,-95.036544440,0,12,1,0,1,1,1,0,2,1,0,1,0,0000000,19,18,19,27,19,58,0,0,0,1,0
20,200084,1,1,0,0,0,1,1,111,1660,24,2,2011,5,16,0,1,1,1,I-35,SR-99,1299,38.42380556,-96.182213890,0,42,0,0,1,1,4,0,1,3,0,3,0,0000000,16,3,16,9,16,58,0,0,0,1,0
20,200085,1,1,0,0,0,4,4,173,5880,4,3,2011,6,16,47,0,16,4,SILVER,SKINNER,0,37.65895556,-97.347105560,0,33,0,0,1,1,4,0,1,1,0,1,0,0000000,16,47,16,50,17,8,0,0,0,1,0
20,200086,1,1,0,0,0,1,1,173,5880,17,3,2011,5,1,46,0,14,4,WOODLAWN,32ND,0,37.74316389,-97.262477780,0,33,0,0,1,1,3,0,3,1,0,1,0,0000000,1,41,1,53,88,88,0,0,0,1,1
20,200087,2,2,0,0,0,2,2,15,0,31,3,2011,5,6,10,0,6,4,100TH,BOYER,0,37.67947222,-96.906794440,0,12,2,0,1,1,1,0,2,2,0,2,0,0000000,6,15,6,28,7,20,0,0,0,1,0
20,200089,1,1,0,0,0,1,1,57,0,31,3,2011,5,12,24,0,13,4,COMANCHE,P AVE,0,37.75185000,-99.980563890,0,34,0,0,1,1,4,0,1,1,0,1,0,0000000,12,25,12,28,88,88,0,0,0,1,1
20,200090,2,2,0,0,0,4,4,115,0,1,4,2011,6,19,3,1,2,2,US-50,US-777,2915,38.17559167,-97.101288890,0,12,8,0,1,1,1,0,1,1,0,1,0,0000000,19,6,19,38,19,59,0,0,0,2,0
20,200091,1,1,0,0,0,1,1,167,0,2,4,2011,7,2,16,0,4,3,SR-40,181 ST,0,38.86443889,-98.930511110,0,32,0,0,1,1,4,0,2,1,0,1,0,0000000,99,98,99,98,88,88,0,0,0,1,1
20,200092,1,1,0,0,0,2,2,103,0,3,4,2011,1,16,5,0,3,2,US-24,243RD STREET,0,39.04371944,-95.142630560,0,34,0,0,1,1,4,0,1,6,1,6,0,0000000,16,17,16,24,17,4,0,0,0,1,0
20,200093,2,2,0,0,0,3,3,121,2477,3,4,2011,1,14,34,0,6,4,OLD KC,LINCOLN,0,38.65816944,-94.854927780,0,12,6,0,2,3,1,0,1,1,0,1,0,0000000,14,36,14,48,14,55,0,0,0,1,1
20,200094,1,1,0,0,0,1,1,35,0,3,4,2011,1,14,35,0,4,4,GROUSE CREEK RD,231ST,0,37.17508889,-96.721058330,0,35,0,0,1,1,4,0,1,6,0,6,0,0000000,14,45,15,2,88,88,0,0,0,1,0
20,200095,1,1,0,0,0,1,1,191,0,4,4,2011,2,17,39,0,3,3,SR-55,1ST,90,37.39252778,-97.278786110,0,34,0,0,1,1,4,0,1,1,0,1,0,0000000,88,88,88,88,88,88,0,0,0,1,0
20,200096,1,1,0,0,0,3,3,197,0,6,4,2011,4,10,35,0,4,3,SR-4,CARLSON,3106,38.96528056,-95.955277780,0,34,0,0,1,1,4,0,1,1,0,1,0,0000000,10,38,10,50,11,32,0,0,0,1,0
20,200097,2,2,0,0,0,4,4,111,0,8,4,2011,6,8,23,0,3,2,US-56,COUNTY RD B,3609,38.66695000,-96.333533330,0,12,2,0,1,1,1,0,1,5,0,5,0,0000000,8,25,8,36,9,11,0,0,0,1,0
20,200099,1,1,0,0,0,1,1,209,2820,12,4,2011,3,23,37,0,16,4,63RD,COUNTY LINE RD,0,39.04438611,-94.723950000,0,42,0,0,1,1,4,0,3,1,0,1,0,0000000,23,37,23,45,88,88,0,0,0,1,0
20,200100,1,1,0,0,0,1,1,209,2820,13,4,2011,4,13,49,0,13,4,STATE AVE,98 ST,0,39.11627778,-94.806733330,0,30,0,0,1,1,4,0,1,1,0,1,0,0000000,13,52,13,53,14,22,0,0,0,1,0
20,200101,1,1,0,0,0,1,1,5,0,13,4,2011,4,20,10,0,6,4,SHERMAN,244TH,0,39.49490000,-95.097141670,0,34,0,0,1,1,4,0,5,1,0,1,0,0000000,8,20,8,28,88,88,0,0,0,1,0
20,200102,2,2,0,0,0,2,2,149,0,13,4,2011,4,20,33,0,2,2,US-24,FLUSH RD,3236,39.20126389,-96.440563890,0,12,6,0,2,2,1,0,2,1,0,1,0,0000000,20,41,21,15,22,1,0,0,0,1,0
20,200103,1,1,0,0,0,1,1,189,2610,25,2,2011,6,18,40,0,4,4,CO RD 12,HWY 56,0,37.12610833,-101.357116670,0,31,0,0,1,1,4,0,5,1,0,1,0,0000000,18,41,18,49,88,88,0,0,0,1,0
20,200104,1,1,0,0,0,1,1,91,3080,15,4,2011,6,19,37,0,16,4,83RD,MULLEN,0,38.97996111,-94.749869440,0,42,0,0,1,1,4,0,1,2,0,2,0,0000000,19,34,19,41,20,11,0,0,0,1,0
20,200105,2,2,0,0,0,5,5,45,0,16,4,2011,7,15,29,1,2,3,SR-10,2200,115,38.93137222,-95.089588890,0,12,2,0,1,1,1,0,1,1,0,1,0,0000000,15,36,15,45,16,50,0,0,0,2,0
20,200106,2,2,0,0,0,3,3,171,0,18,4,2011,2,21,28,1,2,2,US-83,RD 130,1045,38.45358889,-100.906850000,0,12,6,0,2,2,1,0,2,1,0,1,0,0000000,21,28,21,33,21,46,0,0,0,1,0
20,200107,1,1,0,0,0,1,1,111,0,19,4,2011,3,16,50,0,4,4,ROAD M,ROAD 150,0,38.37396111,-96.154061110,0,34,0,0,1,1,4,0,1,1,0,1,0,0000000,99,98,99,98,88,88,0,0,0,1,1
20,200108,2,2,0,0,0,2,2,173,5880,16,2,2011,4,15,30,0,15,4,GLENN,CRAWFORD,0,37.64794722,-97.361955560,0,12,6,0,2,2,1,0,1,1,0,1,0,0000000,15,30,15,35,15,50,0,0,0,1,0
20,200109,1,1,0,0,0,2,2,155,0,7,4,2011,5,7,20,0,4,4,WHITSIDE,ARLINGTON,0,37.90357500,-98.013838890,0,42,0,0,1,1,4,0,4,1,0,1,0,0000000,88,88,88,88,88,88,0,0,0,2,0
20,200110,1,1,0,0,0,1,1,173,5880,20,4,2011,4,0,48,0,14,4,WOODLAND,15TH,0,37.71227500,-97.347880560,0,33,0,0,1,1,4,0,3,1,0,1,0,0000000,0,50,0,56,88,88,0,0,0,1,1
20,200111,1,1,0,0,0,1,1,157,0,20,4,2011,4,7,35,0,5,4,280TH,US-36,0,39.87233056,-97.425383330,0,1,0,0,1,1,4,0,1,1,0,1,0,0000000,7,39,7,56,8,22,0,0,0,1,0
20,200112,2,2,0,0,0,2,2,113,0,24,4,2011,1,3,23,0,3,2,US-56,28TH,2804,38.37773056,-97.408561110,0,12,2,0,1,1,2,0,2,1,0,1,0,0000000,3,28,3,35,4,12,0,0,0,1,1
20,200113,1,1,0,0,0,3,3,77,0,24,4,2011,1,4,20,0,6,4,50 RD,100AVE,0,37.22527222,-98.222063890,0,31,0,0,1,1,4,0,2,1,0,1,0,0000000,4,57,5,15,5,39,0,0,0,1,1
20,200114,1,1,0,1,1,1,1,177,5400,24,4,2011,1,13,52,1,2,2,US-75,US-24,1629,39.09543056,-95.725250000,0,8,0,0,1,1,1,1,1,1,0,1,0,0000000,13,56,13,58,14,17,0,0,0,1,0
20,200115,2,2,0,0,0,5,5,37,4460,28,4,2011,5,0,40,0,13,3,SR-126,FREE KINGS,0,37.41114167,-94.668588890,0,12,6,0,2,2,1,0,3,1,0,1,0,0000000,0,42,0,51,1,15,0,0,0,1,0
20,200116,1,1,0,0,0,2,2,91,3705,1,5,2011,1,14,0,0,13,2,US-56,US-69,0,39.01498333,-94.666958330,0,34,0,1,5,1,4,0,1,1,0,1,0,0000000,14,2,14,14,88,88,0,0,0,1,0
20,200117,1,1,0,0,0,2,2,77,0,3,5,2011,3,15,38,0,4,3,SR-44,50 AVE,48,37.15279167,-97.951783330,0,34,0,0,1,1,4,0,1,1,0,1,0,0000000,15,41,15,49,16,6,0,0,0,1,0
20,200118,2,2,0,0,0,3,3,79,2250,3,5,2011,3,23,41,1,2,2,US-50,HALSTEAD RD,2628,38.02868889,-97.518683330,0,12,6,0,2,2,1,0,3,1,0,1,0,0000000,23,41,0,5,99,98,0,0,0,1,1
20,200119,1,1,0,0,0,2,2,209,2820,3,5,2011,3,2,28,1,1,1,I-70,57TH,4175,39.10601944,-94.706697220,0,35,0,0,1,1,4,0,3,1,0,1,0,0000000,88,88,88,88,88,88,0,0,0,1,1
20,200120,2,2,0,0,0,3,3,113,3430,6,5,2011,6,15,2,1,2,3,SR-61,US-81,805,38.34165556,-97.632063890,0,12,2,0,1,1,1,0,1,6,0,6,0,0000000,15,2,15,8,15,24,0,0,0,1,0
20,200121,1,1,0,0,0,1,1,17,0,7,5,2011,7,9,15,0,6,4,CAMPWOOD,US-50,0,38.31553056,-96.716594440,0,10,0,0,6,1,1,0,1,1,0,1,0,008775h,88,88,88,88,88,88,0,0,0,1,0
20,200122,1,1,0,0,0,2,2,51,0,6,5,2011,6,16,17,1,1,1,I-70,US-183,1535,38.92309167,-99.426269440,0,1,0,0,1,1,3,0,1,1,0,1,0,0000000,16,17,16,25,16,47,0,0,0,1,0
20,200123,1,1,0,0,0,1,1,91,4545,8,5,2011,1,3,2,0,14,4,MISSION,71,0,39.00157778,-94.630222220,0,33,0,0,1,1,4,0,3,1,0,1,0,0000000,88,88,88,88,88,88,20,0,0,1,1
20,200124,1,1,0,0,0,2,2,49,0,9,5,2011,2,15,18,0,3,3,SR-99,ANGUS,242,37.32020833,-96.290702780,0,34,0,0,1,1,4,0,1,1,0,1,0,0000000,99,99,16,17,88,88,0,0,0,1,0
20,200125,2,2,0,0,0,2,2,87,0,10,5,2011,3,9,30,1,2,3,SR-4,SR-92,3492,39.26402500,-95.516680560,0,12,2,0,1,1,1,0,1,1,0,1,0,0000000,88,88,88,88,88,88,0,0,0,2,0
20,200126,2,2,0,0,0,2,2,9,0,10,5,2011,3,13,20,0,3,2,US-281,200,1281,38.67425278,-98.849830560,0,12,8,0,1,1,1,0,1,1,0,1,0,0000000,13,26,13,37,88,88,0,0,0,1,0
20,200127,3,3,0,0,0,3,3,169,4900,10,5,2011,3,17,19,0,13,6,CRAWFORD,MARKLEY,0,38.82727222,-97.564944440,0,12,6,0,2,2,1,0,1,1,0,1,0,0000000,17,19,17,26,17,48,0,0,0,1,0
20,200128,1,1,0,0,0,1,1,59,0,10,5,2011,3,18,55,0,5,4,JOHN BROWN,UTAH,0,38.49995278,-95.120658330,0,31,0,0,1,1,4,0,1,1,0,1,0,0000000,19,1,19,15,88,88,0,0,0,1,0