STATE,ST_CASE,VE_TOTAL,VE_FORMS,PVH_INVL,PEDS,PERNOTMVIT,PERMVIT,PERSONS,COUNTY,CITY,DAY,MONTH,YEAR,DAY_WEEK,HOUR,MINUTE,NHS,ROAD_FNC,ROUTE,TWAY_ID,TWAY_ID2,MILEPT,LATITUDE,LONGITUD,SP_JUR,HARM_EV,MAN_COLL,RELJCT1,RELJCT2,TYP_INT,REL_ROAD,WRK_ZONE,LGT_COND,WEATHER1,WEATHER2,WEATHER,SCH_BUS,RAIL,NOT_HOUR,NOT_MIN,ARR_HOUR,ARR_MIN,HOSP_HR,HOSP_MN,CF1,CF2,CF3,FATALS,DRUNK_DR
20,200129,1,1,0,0,0,2,2,55,0,12,5,2011,5,14,45,1,2,2,US-83,US-50,589,37.82063333,-100.870286110,0,34,0,0,1,1,4,0,1,1,0,1,0,0000000,14,51,15,7,15,30,0,0,0,2,1
20,200130,1,1,0,0,0,2,2,121,0,16,5,2011,2,18,10,0,6,4,OLD KC,PLUM CREEK,0,38.48100833,-94.955005560,0,44,0,0,1,1,4,0,1,1,0,1,0,0000000,18,11,18,38,19,8,0,0,0,1,0
20,200131,1,1,0,0,0,2,2,161,3490,17,5,2011,3,17,17,0,16,6,LITTLE KITTEN,FOREST CREEK,0,39.20834722,-96.632675000,0,5,0,0,1,1,1,0,1,1,0,1,0,0000000,17,19,17,24,17,40,0,0,0,1,0
20,200132,1,1,0,0,0,1,1,45,0,18,5,2011,4,4,0,0,2,2,US-59,700,1465,38.84345000,-95.269661110,0,32,0,0,1,1,4,1,2,1,0,1,0,0000000,99,99,6,1,88,88,18,0,0,1,0
20,200133,2,2,0,0,0,2,2,73,0,19,5,2011,5,11,17,1,2,2,US-400,COUNTY RD 50,3221,37.62143889,-96.038875000,0,12,6,0,1,1,1,0,1,1,0,1,0,0000000,11,20,11,40,88,88,0,0,0,1,0
20,200134,1,1,0,0,0,2,2,209,2820,20,5,2011,6,22,39,0,16,6,9TH,WOODEND,0,39.05171944,-94.631852780,0,42,0,0,3,3,4,0,3,1,0,1,0,0000000,22,55,23,1,23,14,0,0,0,1,0
20,200135,1,1,0,0,0,1,1,155,0,20,5,2011,6,16,53,1,2,2,US-50,BUHLER,0,38.02916389,-97.783813890,0,34,0,0,1,1,4,0,1,1,0,1,0,0000000,16,58,17,8,88,88,0,0,0,1,0
20,200136,1,1,0,0,0,1,1,181,0,22,5,2011,1,4,45,0,5,4,RD-65,RD-12,0,39.35095833,-101.856908330,0,34,0,0,1,1,4,0,3,1,0,1,0,0000000,6,32,6,46,88,88,0,0,0,1,1
20,200137,2,2,0,0,0,2,2,79,4000,23,5,2011,2,17,14,1,2,2,US-50,RIDGE,2678,38.02868889,-97.427016670,0,12,2,0,3,2,1,0,1,1,0,1,0,0000000,17,16,17,20,17,40,0,0,0,1,0
20,200138,1,1,0,0,0,1,1,85,0,23,5,2011,2,15,24,0,4,4,158TH,M,0,39.33296944,-95.809022220,3,34,0,0,1,1,4,0,1,1,0,1,0,0000000,15,15,15,20,88,88,0,0,0,1,1
20,200139,2,2,0,0,0,2,2,173,1960,23,5,2011,2,17,42,1,2,2,US-54,263,1984,37.66683611,-97.650947220,0,12,1,0,1,1,2,0,1,1,0,1,0,0000000,17,43,17,55,88,88,0,0,0,1,1
20,200141,3,3,0,0,0,4,4,91,5200,25,5,2011,4,6,20,0,3,6,U-169,199TH,1431,38.76599722,-94.828491670,0,12,1,0,3,2,1,0,4,1,0,1,0,0000000,6,23,6,33,7,10,14,0,0,1,1
20,200142,2,2,0,0,0,2,2,111,0,26,5,2011,5,17,54,1,2,2,US-50,E,3419,38.41055833,-96.281088890,0,12,6,0,2,4,1,0,1,1,0,1,0,0000000,17,56,18,2,19,0,0,0,0,1,0
20,200143,1,1,0,0,0,4,4,169,0,26,5,2011,5,3,39,0,4,4,STATE,HALSTEAD,0,38.79623889,-97.763900000,0,34,0,0,1,1,4,0,2,1,0,1,0,0000000,3,45,3,55,4,18,0,0,0,1,0
20,200144,2,2,0,0,0,4,4,151,0,27,5,2011,6,20,12,1,2,3,SR-61,60TH,85,37.73108056,-98.628386110,0,12,2,0,3,4,1,4,1,1,0,1,0,0000000,20,17,20,29,20,57,0,0,0,1,1
20,200145,1,1,0,0,0,3,3,13,0,27,5,2011,6,20,0,0,6,4,260TH,US-73,0,39.88550278,-95.518913890,0,53,0,0,1,1,4,0,1,1,0,1,0,0000000,20,8,20,47,99,99,0,0,0,1,1
20,200146,2,2,0,0,0,6,6,21,0,28,5,2011,7,21,8,1,2,2,US-166,72ND,1589,37.02393611,-94.702491670,0,12,1,0,3,3,1,0,2,1,0,1,0,0000000,21,21,21,35,22,24,0,0,0,1,1
20,200147,1,1,0,0,0,13,13,53,1610,29,5,2011,1,23,45,1,1,1,I-70,SR-156,2259,38.85895833,-98.112030560,0,1,0,0,1,1,1,1,2,6,0,6,0,0000000,23,50,2,30,3,0,0,0,0,2,0
20,200148,3,3,0,0,0,4,4,45,0,31,5,2011,3,12,10,1,2,3,SR-10,1400,0,38.94512500,-95.337038890,0,54,11,0,1,1,1,0,1,1,0,1,0,0000000,12,11,12,18,12,38,14,0,0,1,0
20,200149,2,2,0,0,0,2,2,173,5880,3,5,2011,3,4,18,1,12,2,US-54,MAIN ST,0,37.67875833,-97.339811110,0,12,7,0,1,1,1,0,2,1,0,1,0,0000000,4,18,4,25,4,40,0,0,0,1,1
20,200150,2,2,0,0,0,2,2,91,3030,23,5,2011,2,9,22,0,16,4,123RD,ABERDEEN,0,38.90569444,-94.619363890,0,12,2,0,1,1,1,0,1,1,0,1,0,0000000,9,23,9,30,88,88,0,0,0,1,0
20,200151,2,1,1,0,0,1,1,81,0,29,5,2011,1,3,30,0,4,4,190,PP,0,37.47513056,-100.925216670,0,34,0,0,1,1,4,0,2,99,0,99,0,0000000,5,35,5,38,6,39,0,0,0,1,1
20,200152,2,2,0,0,0,3,3,57,0,31,5,2011,3,14,57,0,2,2,US-400,114,1236,37.73950000,-99.957388890,0,12,6,0,4,1,1,0,1,1,0,1,0,0000000,15,2,15,7,15,39,0,0,0,1,0
20,200153,1,1,0,0,0,2,2,177,5400,28,5,2011,7,1,45,0,16,6,WAYNE,13TH,0,39.04161944,-95.707441670,0,42,0,0,1,1,4,0,2,1,0,1,0,0000000,1,43,1,54,2,12,0,0,0,1,1
20,200154,1,1,0,0,0,2,2,151,0,1,6,2011,4,5,20,0,4,3,SR-64,VOUNTRY CLUB RD,0,37.63095556,-98.709927780,0,53,0,0,1,1,4,0,9,1,0,1,0,0000000,5,22,5,28,99,99,0,0,0,1,1
20,200155,1,1,0,0,0,2,2,127,0,5,6,2011,1,8,42,0,3,3,SR-177,US-50,371,38.52614444,-96.532058330,0,34,0,0,1,1,4,0,1,1,0,1,0,0000000,8,48,9,0,9,42,0,0,0,1,0
20,200156,1,1,0,0,0,3,3,43,0,5,6,2011,1,22,15,0,4,4,175TH,RANDOLPH,0,39.76230000,-94.990111110,0,34,0,0,1,1,4,0,2,1,0,1,0,0000000,22,19,22,33,23,11,0,0,0,2,1
20,200157,2,2,0,0,0,2,2,191,0,7,6,2011,3,8,11,1,2,2,US-166,US-81,38,37.05778056,-97.347277780,0,12,2,0,8,1,1,0,1,1,0,1,0,0000000,99,98,99,98,88,88,0,0,0,1,0
20,200158,2,2,0,0,0,2,2,31,0,10,6,2011,6,7,50,0,3,3,SR-58,US-75,271,38.08431111,-95.732802780,0,12,2,0,1,1,1,0,1,1,0,1,0,0000000,8,1,8,5,8,31,0,0,0,1,0
20,200159,1,1,0,1,1,2,2,173,5880,10,6,2011,6,7,14,0,14,6,GREENWICH RD,DOUGLAS  AVE,0,37.68843889,-97.207888890,0,33,0,0,1,1,4,0,1,1,0,1,0,0000000,7,15,7,29,88,88,0,0,0,1,0
20,200160,1,1,0,0,0,2,2,73,2260,11,6,2011,7,22,28,0,3,3,SR-99,CR-260,749,37.98479722,-96.162644440,0,32,0,0,1,1,4,0,2,1,0,1,0,0000000,22,30,22,47,88,88,0,0,0,2,1
20,200161,1,1,0,0,0,1,1,63,4620,11,6,2011,7,4,40,1,1,1,I-70,COUNTY RD 80,1120,39.02398611,-100.167161110,0,24,0,0,1,1,4,0,2,1,0,1,0,0000000,99,98,99,98,88,88,0,0,0,1,1
20,200162,1,1,0,0,0,1,1,143,0,11,6,2011,7,15,10,1,2,2,US-81,SR-18,1669,39.04891944,-97.651463890,0,1,0,0,1,1,3,0,1,1,0,1,0,0000000,99,98,99,98,88,88,0,0,0,1,1
20,200163,1,1,0,0,0,2,2,103,0,11,6,2011,7,2,30,0,3,3,SR-192,251 STREET,0,39.33230556,-95.159969440,0,1,0,0,1,1,4,0,2,1,0,1,0,0000000,2,47,3,19,4,26,0,0,0,1,1
20,200164,3,3,0,3,3,4,4,191,0,12,6,2011,1,22,21,1,1,1,I-35,SR-35,303,37.43643056,-97.321700000,0,12,6,0,1,1,1,0,2,1,0,1,0,0000000,22,27,22,39,23,13,19,0,0,1,0
20,200165,1,1,0,1,1,1,1,79,2250,13,6,2011,2,10,48,0,6,6,2ND,MAIN,0,38.00448056,-97.506236110,0,9,0,0,2,2,1,0,1,1,0,1,0,0000000,10,58,10,59,11,30,0,0,0,1,0
20,200166,2,2,0,0,0,4,4,91,4140,13,6,2011,2,16,43,0,16,4,115TH,WAVERLY,0,38.92008611,-94.945908330,0,12,6,0,2,2,1,0,1,1,0,1,0,0000000,16,44,16,49,88,88,0,0,0,1,0
20,200167,1,1,0,0,0,3,3,91,4285,14,6,2011,3,6,37,1,1,1,I-35,ANTIOCH,2302,38.98910278,-94.702405560,0,1,0,0,1,1,4,0,1,1,0,1,0,0000000,6,40,7,1,7,14,0,0,0,1,0
20,200168,2,2,0,0,0,3,3,35,0,14,6,2011,3,17,10,0,3,3,SR-47,30TH,500,37.24590833,-97.093736110,0,12,2,0,1,1,1,0,1,1,0,1,0,0000000,17,12,17,27,17,49,0,0,0,1,0
20,200169,1,1,0,0,0,2,2,87,0,14,6,2011,3,19,6,0,6,6,WESTSHORE,YACHT CLUB,0,39.19128611,-95.480419440,0,1,0,0,1,1,1,0,1,1,0,1,0,0000000,19,7,19,26,20,21,0,0,0,2,0
20,200170,2,2,0,0,0,5,5,165,0,14,6,2011,3,19,56,0,3,3,SR-4,US-183,990,38.53849722,-99.237441670,0,12,6,0,8,1,1,0,1,1,0,1,0,0000000,20,14,20,37,99,99,0,0,0,3,0
20,200171,2,2,0,0,0,3,3,73,0,15,6,2011,4,14,2,1,2,2,US-400,GG,2500,37.62157500,-95.979738890,0,12,6,0,2,2,1,0,1,1,0,1,0,0000000,14,8,14,30,15,25,0,0,0,1,0
20,200172,2,2,0,0,0,3,3,173,0,15,6,2011,4,5,27,1,1,1,I-135,47TH,0,37.60818056,-97.310886110,0,12,6,1,2,2,1,0,4,1,0,1,0,0000000,5,28,5,41,5,54,0,0,0,1,1
20,200173,1,1,0,0,0,1,1,21,0,17,6,2011,6,2,35,0,4,4,SCAMMON,70TH,0,37.28190556,-94.958697220,0,1,0,0,1,1,4,0,3,1,0,1,0,0000000,2,40,2,55,88,88,0,0,0,1,1
20,200174,1,1,0,0,0,1,1,195,0,19,6,2011,1,20,0,0,6,4,COUNTY RD S,400 AVE,0,38.95860833,-99.731138890,0,31,0,0,1,1,4,0,1,1,0,1,0,0000000,20,9,20,35,88,88,0,0,0,1,1
20,200175,1,1,0,0,0,3,3,97,0,21,6,2011,3,21,55,0,6,4,COUNTY ROAD I,COUNTY ROAD 49,0,37.61600000,-99.160022220,0,1,0,0,1,1,1,0,2,1,0,1,0,0000000,22,5,22,16,88,88,0,0,0,1,0
20,200176,2,2,0,0,0,4,4,147,0,22,6,2011,4,7,1,1,2,2,US-36,US-183,1465,39.77213056,-99.354172220,0,12,2,0,3,3,1,0,1,1,0,1,0,0000000,7,4,7,14,8,2,0,0,0,1,0
20,200177,1,1,0,0,0,1,1,27,0,24,6,2011,6,16,20,0,6,4,CHEROKEE,19TH,0,39.39189722,-97.332686110,0,1,0,0,8,1,1,0,1,1,0,1,0,0000000,16,29,16,54,17,38,0,0,0,1,1
20,200178,1,1,0,0,0,1,1,55,1950,25,6,2011,7,20,58,0,6,4,VFW,US-183,0,38.01401667,-100.902213890,0,34,0,0,1,1,4,0,5,1,0,1,0,0000000,99,98,99,98,88,88,0,0,0,1,1
20,200179,1,1,0,0,0,4,4,57,0,26,6,2011,1,8,30,1,2,2,US-283,SR-96,1017,37.51299444,-100.016441670,0,34,0,0,1,1,4,0,1,1,0,1,0,0000000,8,39,8,49,9,7,0,0,0,1,0
20,200180,2,2,0,0,0,2,2,209,2820,29,6,2011,4,19,21,0,16,5,SHAWNEE,HIGHLAND,0,39.04838611,-94.689016670,0,12,6,0,2,3,1,0,1,1,0,1,0,0000000,19,22,19,25,88,88,0,0,0,1,0
20,200181,3,3,0,0,0,4,4,127,0,2,6,2011,5,15,37,0,3,3,SR-177,SR-4,773,38.79851389,-96.501847220,0,12,1,0,3,2,1,0,1,1,0,1,0,0000000,15,40,15,50,16,30,0,0,0,1,0
20,200182,2,2,0,0,0,2,2,173,5880,11,6,2011,7,23,25,0,15,6,135TH,DOUGLAS,0,37.68286944,-97.498683330,0,12,2,0,2,3,1,0,3,1,0,1,0,0000000,23,31,23,38,23,57,0,0,0,1,1
20,200183,4,4,0,0,0,11,11,173,5880,20,4,2011,4,17,50,0,13,6,HILLSIDE AVE,PAWNEE RD,0,37.65025833,-97.299041670,0,12,1,0,3,2,1,0,1,1,0,1,0,0000000,99,98,99,98,99,98,0,0,0,1,1
20,200184,2,2,0,0,0,2,2,177,5400,25,6,2011,7,16,32,0,13,6,FAIRLAWN RD,WEST DRIVE,0,39.05383333,-95.743188890,0,12,6,0,2,3,1,0,1,1,0,1,0,0000000,16,36,16,41,16,55,0,0,0,1,0
20,200185,1,1,0,0,0,1,1,101,0,1,7,2011,6,6,59,0,3,3,SR-96,SR-23,971,38.47993333,-100.265008330,0,31,0,0,1,1,4,0,4,1,0,1,0,0000000,6,59,7,15,7,24,0,0,0,1,0
20,200186,1,1,0,0,0,2,2,33,4600,3,7,2011,1,12,43,0,6,4,RD-4,US-160,0,37.25383333,-99.491844440,0,34,0,0,1,1,4,0,1,1,0,1,0,0000000,12,49,12,51,13,18,0,0,0,1,0
20,200187,1,1,0,0,0,1,1,173,5880,4,7,2011,2,21,44,0,16,6,37TH,RIDGE,0,37.75253056,-97.429847220,0,33,0,0,1,1,4,0,2,1,0,1,0,0000000,21,44,21,49,22,6,0,0,0,1,0
20,200188,2,2,0,0,0,2,2,3,0,6,7,2011,4,11,11,1,2,2,US-169,2400 RD,1080,38.37557778,-95.115166670,0,12,2,0,1,1,1,0,1,1,0,1,0,0000000,11,14,11,25,12,2,0,0,0,1,0
20,200189,2,2,0,0,0,2,2,169,4900,5,7,2011,3,15,59,0,13,6,HAGEMAN,BROADWAY,0,38.81142222,-97.617644440,0,12,6,0,2,3,1,0,1,1,0,1,0,0000000,15,59,16,5,16,40,0,0,0,1,0
20,200190,3,3,0,0,0,3,3,103,2975,6,7,2011,4,13,19,1,13,2,US-73,FAIRMOUNT,200,39.18756111,-94.902991670,0,12,1,0,2,2,1,0,1,1,0,1,0,0000000,13,19,13,27,14,10,0,0,0,1,1
20,200191,1,1,0,0,0,2,2,103,375,7,7,2011,5,14,47,0,6,2,US-24,150TH,4163,39.11634444,-94.923763890,0,1,0,0,1,1,2,0,1,1,0,1,0,0000000,14,48,14,59,15,43,0,0,0,1,0
20,200192,1,1,0,0,0,1,1,173,5880,7,7,2011,5,23,19,0,16,6,BAYLEY,SAINT FRANCIS,0,37.66996111,-97.331313890,0,33,0,0,3,3,4,0,3,1,0,1,0,0000000,23,21,23,25,88,88,20,0,0,1,1
20,200193,2,2,0,0,0,5,5,57,1370,8,7,2011,6,22,40,0,16,2,US-56,14TH,1188,37.78034722,-100.033777780,0,12,6,0,2,2,1,0,2,1,0,1,0,0000000,22,42,22,52,23,10,0,0,0,1,0
20,200194,2,2,0,0,0,6,6,81,0,9,7,2011,7,5,50,1,2,2,US-83,COUNTY RD 30,521,37.72049167,-100.870972220,0,12,2,0,1,1,1,0,4,1,0,1,0,0000000,6,14,6,29,7,11,0,0,0,1,1
20,200195,2,2,0,0,0,3,3,125,0,9,7,2011,7,23,48,1,2,2,US-169,6000,260,37.33904722,-95.534363890,0,12,6,0,2,2,1,0,2,1,0,1,0,0000000,0,5,0,35,1,18,0,0,0,2,1
20,200196,1,1,0,0,0,2,2,95,0,9,7,2011,7,22,5,0,4,4,100,BLUFF,0,37.64747222,-97.935905560,0,34,0,0,1,1,4,0,2,2,8,2,0,0000000,22,5,22,21,23,20,0,0,0,1,1
20,200197,1,1,0,0,0,1,1,197,0,10,7,2011,1,99,99,0,4,3,SR-31,GRAY WOLF,0,38.78265833,-96.016730560,0,34,0,0,1,1,4,0,2,1,0,1,0,0000000,7,30,7,45,88,88,0,0,0,1,1
20,200198,1,1,0,0,0,2,2,19,0,11,7,2011,2,9,18,1,2,2,US-166,32,838,37.06819167,-95.974158330,0,34,0,0,1,1,4,0,1,1,0,1,0,0000000,9,24,9,38,10,10,0,0,0,1,0
20,200199,2,2,0,0,0,4,4,31,0,12,7,2011,3,20,52,1,2,2,US-75,I-35,1075,38.35296389,-95.730055560,0,12,2,0,1,1,1,0,2,2,0,2,0,0000000,21,7,21,15,21,57,0,0,0,1,0
20,200200,1,1,0,0,0,1,1,37,0,14,7,2011,5,22,10,0,3,3,SR-126,190TH,0,37.41148333,-94.768238890,0,32,0,0,1,1,4,0,2,1,10,10,0,0000000,22,12,22,18,88,88,0,0,0,1,1
20,200201,1,1,0,0,0,1,1,173,5880,17,7,2011,1,0,35,1,1,1,I-135,CENTRAL,93,37.70175000,-97.318266670,0,1,0,0,1,1,3,0,3,1,0,1,0,0000000,0,38,0,42,1,0,0,0,0,1,1
20,200202,2,2,0,0,0,2,2,57,0,19,7,2011,3,4,5,1,2,2,US-54,US-283,768,37.51299444,-99.820402780,0,12,6,0,1,1,1,0,2,1,0,1,0,0000000,4,33,4,45,5,28,0,0,0,1,0
20,200203,2,2,0,0,0,5,5,173,0,19,7,2011,3,0,58,1,1,1,I-35,159TH,541,37.69971389,-97.158794440,0,12,7,0,1,1,1,2,2,1,0,1,0,0000000,1,21,1,28,2,2,0,0,0,1,0
20,200204,1,1,0,0,0,1,1,59,0,20,7,2011,4,3,25,1,1,1,I-35,OREGON,1910,38.66339722,-95.175591670,0,1,0,0,1,1,3,0,2,1,0,1,0,0000000,3,27,3,36,88,88,0,0,0,1,0
20,200205,1,1,0,0,0,1,1,177,0,22,7,2011,6,19,5,0,6,5,CROCO,69TH,0,38.94792778,-95.614358330,0,34,0,0,1,1,4,0,1,1,0,1,0,0000000,19,10,19,21,88,88,0,0,0,1,0
20,200206,2,2,0,0,0,2,2,173,1110,24,7,2011,1,2,9,1,2,3,SR-96,167TH,0,37.82470000,-97.537222220,0,12,6,0,2,4,1,0,2,1,0,1,0,0000000,2,12,2,22,2,58,0,0,0,1,2
20,200207,5,5,0,0,0,5,5,55,1950,24,7,2011,1,19,52,0,13,3,SR-156,CAMPUS,12,37.97573333,-100.846766670,0,12,9,0,1,1,1,0,1,1,0,1,0,0000000,19,56,20,1,20,13,0,0,0,1,0
20,200208,1,1,0,0,0,2,2,151,0,24,7,2011,1,19,7,0,6,4,130TH,10TH,0,37.63870278,-98.979263890,0,5,0,0,1,1,1,0,1,1,0,1,0,0000000,19,12,19,23,19,59,0,0,0,1,1
20,200209,1,1,0,0,0,1,1,31,0,24,7,2011,1,4,32,0,4,4,22ND,KAFIR,0,38.34677222,-95.769194440,0,39,0,0,1,1,4,0,1,1,0,1,0,0000000,4,35,4,47,5,27,0,0,0,1,1
20,200210,2,2,0,0,0,4,4,155,2660,26,7,2011,3,2,34,0,14,4,ELM,11TH,0,38.06505556,-97.924488890,0,12,6,0,2,2,1,0,3,1,0,1,0,0000000,2,41,3,0,3,42,0,0,0,1,2
20,200211,1,1,0,0,0,1,1,111,0,30,7,2011,7,22,4,0,3,3,SR-99,COUNTY RD 150,1039,38.37826944,-96.267186110,0,1,0,0,1,1,4,0,2,1,0,1,0,0000000,22,4,22,7,88,88,0,0,0,1,1
20,200212,1,1,0,0,0,1,1,103,0,31,7,2011,1,11,22,0,6,4,PARALLEL,171ST,0,39.12869444,-94.975905560,0,31,0,0,1,1,4,0,1,1,0,1,0,0000000,11,25,11,34,12,22,0,0,0,1,0
20,200213,1,1,0,0,0,2,2,189,2610,31,7,2011,1,1,25,0,6,4,N,1,0,37.13840833,-101.553519440,0,34,0,0,1,1,4,0,2,1,0,1,0,0000000,1,56,2,19,88,88,0,0,0,1,0
20,200214,1,1,0,0,0,2,2,151,0,1,8,2011,2,15,18,0,4,6,10TH,70TH,0,37.54471389,-98.721083330,0,1,0,0,1,1,4,0,1,1,0,1,0,0000000,15,26,15,36,15,49,0,0,0,1,1
20,200215,1,1,0,0,0,1,1,145,2980,2,8,2011,3,14,15,0,3,3,SR-156,180TH,945,38.04836111,-99.274522220,0,32,0,0,1,1,4,0,1,1,0,1,0,0000000,14,17,14,28,14,42,0,0,0,1,0
20,200216,5,5,0,0,0,7,7,11,0,2,8,2011,3,15,45,1,2,2,US-69,DEER,574,37.71750278,-94.704380560,0,12,2,0,1,1,1,0,1,1,0,1,0,0000000,15,49,15,54,88,88,0,0,0,1,0
20,200217,2,2,0,0,0,2,2,9,0,3,8,2011,4,9,55,0,3,2,US-281,60,1100,38.44935278,-98.775072220,0,12,2,0,1,1,2,0,1,1,0,1,0,0000000,10,0,10,6,10,50,0,0,0,1,0
20,200218,2,2,0,0,0,3,3,107,0,4,8,2011,5,13,0,1,13,2,US-69,SR-152,902,38.21606389,-94.701977780,0,12,7,1,5,1,1,0,1,1,0,1,0,0000000,13,14,13,44,14,26,0,0,0,1,0
20,200219,1,1,0,0,0,1,1,13,0,5,8,2011,6,1,42,0,6,4,SAGEBRUSH,250TH,0,39.87127778,-95.396347220,0,34,0,0,1,1,4,0,2,5,0,5,0,0000000,1,45,1,53,88,88,0,0,0,1,0
20,200220,1,1,0,0,0,1,1,161,3490,5,8,2011,6,23,1,0,15,6,MARLATT,COLLEGE,0,39.21858889,-96.600422220,0,32,0,0,1,1,4,0,2,1,0,1,0,0000000,23,8,23,16,23,25,0,0,0,1,0
20,200221,1,1,0,0,0,7,7,197,3410,6,8,2011,7,19,14,0,6,4,MARKET,WHEELER,0,39.05448333,-96.237575000,0,5,0,0,1,1,1,0,1,1,0,1,0,0000000,19,21,19,45,20,13,0,0,0,1,0
20,200222,2,2,0,0,0,2,2,159,0,6,8,2011,7,4,10,1,2,2,US-56,4TH,2249,38.34778333,-98.415786110,0,12,2,0,1,1,1,0,3,1,0,1,0,0000000,4,16,4,29,6,3,20,0,0,1,1
20,200223,2,2,0,0,0,2,2,91,3080,6,8,2011,7,1,43,1,2,3,SR-10,I-435,295,38.94368889,-94.774288890,0,12,2,1,18,1,1,0,3,1,0,1,0,0000000,1,43,1,47,99,99,0,0,0,1,2
20,200224,1,1,0,0,0,1,1,47,0,9,8,2011,3,15,30,0,4,4,U,100TH,0,37.79269444,-99.389877780,0,34,0,0,1,1,4,0,1,1,0,1,0,0000000,15,42,15,51,88,88,0,0,0,1,1
20,200225,1,1,0,0,0,1,1,125,0,11,8,2011,5,16,22,0,4,4,CR-2100,CR-5250,0,37.29208056,-95.874852780,0,34,0,0,1,1,4,0,1,1,0,1,0,0000000,16,24,16,38,17,22,0,0,0,1,0
20,200227,2,2,0,0,0,2,2,63,4620,13,8,2011,7,8,28,0,6,4,COUNTY RD 64,COUNTY RD Y,0,39.04618611,-100.315905560,0,12,6,0,2,2,1,0,1,1,0,1,0,0000000,8,32,8,44,8,58,0,0,0,1,0
20,200228,1,1,0,0,0,1,1,173,418,14,8,2011,1,23,13,0,15,4,GREENWICH,45TH,0,37.77112222,-97.208233330,0,32,0,0,1,1,4,0,2,1,0,1,0,0000000,23,16,23,25,88,88,0,0,0,1,1
20,200229,1,1,0,0,0,1,1,173,0,15,8,2011,2,15,29,0,4,4,375TH,47TH,0,37.59736667,-97.773513890,0,31,0,0,1,1,4,0,1,1,0,1,0,0000000,15,29,15,46,88,88,0,0,0,1,1
20,200230,1,1,0,0,0,1,1,129,0,15,8,2011,2,18,35,0,4,4,COUNTY RD 2,COUNTY RD S,0,37.22650000,-102.027969440,0,1,0,0,1,1,2,0,1,1,0,1,0,0000000,18,39,18,58,88,88,0,0,0,1,1
20,200231,1,1,0,0,0,4,4,107,0,17,8,2011,4,8,15,1,2,2,US-69,SR-52,960,38.15777778,-94.697341670,0,58,0,0,1,1,3,0,1,1,0,1,0,0000000,8,23,8,31,9,45,0,0,0,1,0
20,200232,2,2,0,0,0,3,3,11,0,19,8,2011,6,20,37,0,6,4,LOCUST,255TH,0,37.84158056,-94.640522220,0,12,1,0,3,3,1,0,2,1,0,1,0,0000000,20,39,20,43,21,14,0,0,0,2,2
20,200233,2,2,0,0,0,3,3,21,0,20,8,2011,7,16,55,1,2,3,SR-171,US-69,48,37.32595000,-94.617691670,0,12,2,0,1,1,1,0,1,1,0,1,0,0000000,16,56,17,8,17,40,0,0,0,2,0
20,200234,2,2,0,0,0,2,2,147,0,21,8,2011,1,20,22,0,2,2,US-183,SR-383,0,39.99658611,-99.366188890,0,12,6,0,2,3,1,0,5,1,0,1,0,0000000,20,23,20,40,88,88,0,0,0,1,0
20,200235,1,1,0,0,0,2,2,3,0,23,8,2011,3,10,45,1,2,2,US-169,2370 RD,1081,38.37019444,-95.116969440,0,24,0,0,1,1,4,0,1,1,0,1,0,0000000,10,50,11,3,11,43,0,0,0,1,0
20,200236,1,1,0,0,0,1,1,159,0,23,8,2011,3,13,17,0,4,4,V AVE,18TH RD,0,38.21822222,-98.158722220,0,1,0,0,1,1,4,0,1,1,0,1,0,0000000,13,17,13,36,88,88,0,0,0,1,0
20,200237,2,2,0,0,0,2,2,79,5650,23,8,2011,3,10,19,1,2,2,US-50,FIRST STREET,2810,38.11690000,-97.256813890,0,12,6,0,2,7,1,0,1,1,0,1,0,0000000,10,22,10,27,11,3,0,0,0,1,0
20,200238,2,2,0,0,0,2,2,117,0,24,8,2011,4,15,50,1,2,2,US-50,7TH,0,39.84202222,-96.692047220,0,12,6,0,2,2,1,0,1,1,0,1,0,0000000,15,55,16,1,16,12,0,0,0,1,0
20,200239,2,2,0,0,0,2,2,209,2820,26,8,2011,6,15,2,0,16,6,34TH,BROWN AVE,0,39.14187778,-94.668716670,0,12,6,0,4,1,1,0,1,1,0,1,0,0000000,15,2,15,5,88,88,0,0,0,1,0
20,200240,1,1,0,0,0,1,1,45,3010,27,8,2011,7,0,38,0,6,6,1800 RD,US-40,0,39.00090833,-95.236186110,0,43,0,0,1,1,4,0,2,1,0,1,0,0000000,6,15,6,24,88,88,0,0,0,1,0
20,200241,2,2,0,0,0,3,3,121,0,28,8,2011,1,12,32,0,2,2,US-69,383 RD,1086,38.43496667,-95.007877780,0,12,1,0,1,1,1,0,1,1,0,1,0,0000000,12,38,12,52,99,99,0,0,0,1,0
20,200242,1,1,0,0,0,1,1,87,0,1,8,2011,2,0,35,0,3,3,SR-92,KIOWA,70,39.23630833,-95.406861110,0,11,0,0,1,1,1,0,2,1,0,1,0,0000000,0,39,1,1,1,20,0,0,0,1,0
20,200243,2,2,0,0,0,2,2,173,5880,17,8,2011,4,10,41,0,14,4,13TH,KEVIN,0,37.70838889,-97.269483330,0,33,0,0,1,1,4,0,1,1,0,1,0,0000000,10,41,10,56,11,15,0,0,0,1,0
20,200244,1,1,0,1,1,1,1,41,20,28,8,2011,1,15,43,0,4,4,JEEP,I-70,0,38.91748333,-97.167377780,0,10,0,0,6,1,1,0,1,1,0,1,0,818332H,15,47,15,54,16,10,0,0,0,1,0
20,200245,1,1,0,0,0,2,2,173,5880,28,8,2011,1,16,35,0,14,6,21ST,TYLER,0,37.72320833,-97.444783330,0,30,0,0,3,2,4,0,1,1,0,1,0,0000000,16,36,16,39,17,29,0,0,0,1,0