STATE,ST_CASE,VE_TOTAL,VE_FORMS,PVH_INVL,PEDS,PERNOTMVIT,PERMVIT,PERSONS,COUNTY,CITY,DAY,MONTH,YEAR,DAY_WEEK,HOUR,MINUTE,NHS,ROAD_FNC,ROUTE,TWAY_ID,TWAY_ID2,MILEPT,LATITUDE,LONGITUD,SP_JUR,HARM_EV,MAN_COLL,RELJCT1,RELJCT2,TYP_INT,REL_ROAD,WRK_ZONE,LGT_COND,WEATHER1,WEATHER2,WEATHER,SCH_BUS,RAIL,NOT_HOUR,NOT_MIN,ARR_HOUR,ARR_MIN,HOSP_HR,HOSP_MN,CF1,CF2,CF3,FATALS,DRUNK_DR
20,200246,2,2,0,0,0,3,3,15,0,31,8,2011,4,11,40,0,4,4,210 ST,HAVERHILL,0,37.51939444,-96.881047220,0,12,6,0,2,2,1,0,1,1,0,1,0,0000000,11,53,12,7,88,88,0,0,0,2,0
20,200247,2,2,0,0,0,4,4,45,3010,31,8,2011,4,18,12,0,13,2,US-59,UNIVERSITY,0,38.96067778,-95.260433330,0,12,2,0,2,3,1,0,1,1,0,1,0,0000000,18,17,18,24,88,88,0,0,0,1,0
20,200248,2,2,0,0,0,2,2,155,0,17,8,2011,4,20,43,0,4,4,PED ROCK RD,TODER RD,0,37.94108333,-97.860888890,0,12,1,0,1,1,1,0,1,1,0,1,0,0000000,20,44,20,52,21,40,0,0,0,1,0
20,200249,1,1,0,0,0,1,1,155,2660,28,8,2011,1,4,33,0,15,6,CAREY PARK RD,MAIN ST,0,38.03879722,-97.931786110,0,33,0,0,1,1,4,0,3,1,0,1,0,0000000,4,40,99,99,5,58,0,0,0,1,1
20,200250,1,1,0,0,0,2,2,173,5880,1,9,2011,5,23,35,0,15,4,135TH,ONEWOOD,0,37.67305278,-97.498597220,0,33,0,0,1,1,4,0,3,1,0,1,0,0000000,23,35,23,41,0,14,20,0,0,1,1
20,200251,1,1,0,0,0,1,1,113,0,2,9,2011,6,4,41,0,6,6,MOCCASIN,22ND,0,38.39145556,-97.509841670,0,43,0,0,1,1,4,0,2,1,0,1,0,0000000,4,41,4,45,88,88,0,0,0,1,0
20,200252,1,1,0,0,0,1,1,173,0,2,9,2011,6,12,7,0,6,6,127TH,71ST,0,37.56369722,-97.189436110,0,53,0,0,1,1,4,0,1,1,0,1,0,0000000,12,9,12,30,12,50,0,0,0,1,0
20,200253,1,1,0,0,0,3,3,173,0,2,9,2011,6,10,35,0,6,6,47TH STREET,GREENWICH,0,37.60661667,-97.200852780,0,43,0,0,1,1,4,0,1,1,0,1,0,0000000,10,45,11,12,11,19,0,0,0,1,0
20,200254,1,1,0,1,1,1,1,125,0,3,9,2011,7,23,50,0,6,4,4500,2400,0,37.10187778,-95.656586110,0,8,0,0,1,1,1,0,2,1,0,1,0,0000000,99,99,99,99,99,99,0,0,0,1,0
20,200255,1,1,0,0,0,1,1,45,0,3,9,2011,7,99,99,0,5,4,700,1532,0,38.96161111,-95.372744440,0,35,0,0,3,3,4,0,1,1,0,1,0,0000000,15,55,16,11,88,88,0,0,0,1,0
20,200256,2,2,0,0,0,3,3,87,4240,3,9,2011,7,11,57,0,3,3,SR-92,US-59,113,39.20233056,-95.334377780,0,12,1,0,8,1,1,0,1,1,0,1,0,0000000,12,1,12,6,12,53,0,0,0,1,0
20,200257,1,1,0,0,0,1,1,51,0,4,9,2011,1,21,30,0,4,6,130TH,SALINE RIVER,0,39.10209167,-99.537163890,0,1,0,0,1,1,4,0,2,1,0,1,0,0000000,21,49,22,7,23,42,0,0,0,1,0
20,200259,2,2,0,0,0,3,3,5,0,8,9,2011,5,10,35,1,2,2,US-59,COUNTY LINE,1950,39.44771389,-95.292116670,0,12,2,0,1,1,1,0,1,1,0,1,0,0000000,10,48,11,0,11,42,0,0,0,2,0
20,200260,2,2,0,0,0,4,4,11,0,8,9,2011,5,15,35,0,4,3,SR-3,MAPLE,240,37.84836389,-94.979769440,0,12,6,0,2,2,1,0,1,1,0,1,0,0000000,15,46,16,21,17,8,0,0,0,2,0
20,200261,2,2,0,0,0,2,2,57,0,11,9,2011,1,8,40,1,2,2,US-54,SR-34,859,37.54310000,-99.669625000,0,12,6,0,1,1,2,0,1,1,0,1,0,0000000,99,98,99,98,88,88,0,0,0,1,0
20,200262,2,2,0,0,0,3,3,209,2820,11,9,2011,1,18,14,0,14,6,38TH,PARALLEL,0,39.12851389,-94.673500000,0,12,1,0,3,2,1,0,2,1,0,1,0,0000000,18,15,18,24,18,37,0,0,0,1,0
20,200263,1,1,0,0,0,1,1,51,0,12,9,2011,2,14,20,0,6,6,260TH,EMMERAM,0,38.96049444,-99.296763890,0,23,0,0,1,1,4,0,1,1,0,1,0,0000000,14,29,14,38,88,88,0,0,0,1,1
20,200264,2,2,0,0,0,4,4,35,0,12,9,2011,2,16,41,1,2,2,US-77,242ND,93,37.12870000,-97.034433330,0,12,6,0,2,2,1,0,1,1,0,1,0,0000000,16,41,16,48,17,3,0,0,0,1,1
20,200265,2,2,0,0,0,2,2,99,0,14,9,2011,4,15,27,0,4,4,20000,ANDERSON,0,37.28005833,-95.519927780,0,12,6,0,2,2,1,0,1,1,0,1,0,0000000,15,31,15,49,16,0,0,0,0,1,1
20,200266,2,2,0,0,0,2,2,55,0,17,9,2011,7,6,30,1,2,2,US-50,ANDERSON RD,0,38.00329722,-100.925188890,0,12,1,0,1,1,1,0,2,1,0,1,0,0000000,6,31,6,59,7,19,0,0,0,1,1
20,200267,1,1,0,0,0,2,2,77,0,17,9,2011,7,17,24,0,4,3,SR-44,60 AVE,59,37.15250556,-97.932111110,0,32,0,0,1,1,4,0,1,2,0,2,0,0000000,17,24,17,44,18,18,0,0,0,1,0
20,200269,2,2,0,0,0,2,2,125,0,19,9,2011,2,22,50,1,13,2,US-75,US-160,215,37.22295833,-95.745497220,0,12,1,0,1,1,1,0,2,1,0,1,0,0000000,22,58,23,0,23,15,0,0,0,1,1
20,200270,4,4,0,0,0,5,5,91,3645,21,9,2011,4,0,31,1,1,1,I-35,,0,39.01640833,-94.693761110,0,31,0,1,5,1,4,0,3,1,0,1,0,0000000,99,98,99,98,99,98,0,0,0,1,2
20,200271,3,3,0,0,0,3,3,113,0,21,9,2011,4,16,50,1,2,3,SR-61,108TH STREET,650,38.17530833,-97.823847220,0,12,6,0,1,1,1,0,1,2,0,2,0,0000000,99,99,99,99,99,99,0,0,0,2,0
20,200272,2,2,0,0,0,2,2,173,5880,21,9,2011,4,20,40,1,1,1,I-235,BROAWAY ST,153,37.75616944,-97.339316670,0,12,7,0,1,1,1,0,2,2,0,2,0,0000000,99,99,99,99,88,88,0,0,0,1,0
20,200273,1,1,0,0,0,2,2,59,4270,19,9,2011,2,20,28,1,1,1,I-35,SR-68,0,38.62355000,-95.233650000,0,5,0,1,18,1,1,0,1,1,0,1,0,0000000,20,28,20,31,99,99,0,0,0,1,0
20,200274,2,2,0,0,0,2,2,7,0,23,9,2011,6,17,24,0,4,6,ISABEL RD,RIDGE RD,0,37.35979444,-98.552069440,0,12,2,0,1,1,1,0,1,1,0,1,0,0000000,99,99,99,99,99,99,0,0,0,1,0
20,200275,1,1,0,0,0,1,1,169,0,23,9,2011,6,20,36,0,4,3,SR-4,TINKLER RD,2090,38.69584167,-97.410591670,0,31,0,0,1,1,5,0,2,1,0,1,0,0000000,20,40,20,52,21,57,0,0,0,1,1
20,200276,1,1,0,0,0,5,5,121,0,30,9,2011,6,0,0,0,4,4,SOMERSET RD,399TH ST,0,38.39718889,-94.762486110,0,38,0,0,1,1,4,0,2,1,0,1,0,0000000,0,17,0,37,88,88,0,0,0,1,1
20,200277,1,1,0,0,0,1,1,209,2820,10,9,2011,7,17,55,1,1,1,I-435,DONOHOO,170,39.17114722,-94.809308330,0,35,0,0,1,1,3,0,1,1,0,1,0,0000000,18,1,18,7,18,32,0,0,0,1,0
20,200278,2,2,0,0,0,3,3,125,0,4,9,2011,1,18,30,1,2,2,US-75,6470 RD,0,37.37767222,-95.707947220,0,12,6,0,2,2,1,0,1,1,0,1,0,0000000,18,48,19,19,20,35,0,0,0,1,1
20,200279,2,2,0,0,0,2,2,155,0,6,9,2011,3,15,18,1,2,3,SR-96,SALEM RD,0,38.14473056,-98.139741670,0,12,2,0,1,1,1,0,9,1,0,1,0,0000000,15,19,15,26,88,88,0,0,0,1,0
20,200280,1,1,0,1,1,0,0,155,0,3,9,2011,7,14,7,0,6,4,16000 S STERLING,SR-61,0,37.87131111,-98.251750000,0,10,0,0,6,1,1,0,1,1,0,1,0,605224W,14,8,14,17,15,7,0,0,0,1,0
20,200281,1,1,0,1,1,2,2,55,1950,6,9,2011,3,9,18,0,16,6,SEVETH ST,KANSAS AVE,0,37.97544167,-100.869638890,0,8,0,0,1,1,1,0,1,1,0,1,0,0000000,9,19,9,22,9,31,0,0,0,1,0
20,200282,1,1,0,0,0,2,2,3,0,1,10,2011,7,18,20,0,4,4,1400 RD,OREGON RD,0,38.22661389,-95.173372220,0,34,0,0,1,1,5,0,1,1,0,1,0,0000000,18,30,18,39,19,11,0,0,0,1,0
20,200283,1,1,0,0,0,1,1,129,0,2,10,2011,1,13,45,0,4,3,SR-51,US-56,330,37.06938889,-101.782255560,0,31,0,0,1,1,4,0,1,1,0,1,0,0000000,13,48,14,10,14,41,0,0,0,1,0
20,200284,1,1,0,0,0,1,1,103,0,2,10,2011,1,16,52,0,3,2,US-24,HEMPHILL RD,4030,39.05855556,-95.111550000,0,31,0,0,1,1,4,0,1,1,0,1,0,0000000,16,55,17,2,88,88,0,0,0,1,0
20,200285,1,1,0,0,0,1,1,51,1600,4,10,2011,3,22,0,0,6,4,10TH ST,SPRUCE ST,0,38.93565556,-99.551616670,0,43,0,0,1,1,4,0,2,1,0,1,0,0000000,22,5,22,8,88,88,0,0,0,1,1
20,200286,2,1,1,0,0,1,1,209,2820,6,10,2011,5,0,23,0,14,6,CENTRAL AVE,RIDGE AVE,0,39.10234722,-94.639741670,0,19,0,0,1,1,4,0,3,1,0,1,0,0000000,0,23,0,24,88,88,20,0,0,1,0
20,200287,2,2,0,0,0,2,2,113,0,6,10,2011,5,5,35,0,4,4,17TH AVE,MOCCASIN RD,0,38.39097778,-97.611136110,0,12,2,0,2,2,1,0,2,1,0,1,0,0000000,5,39,5,43,6,6,0,0,0,1,0
20,200289,1,1,0,0,0,2,2,209,2820,8,10,2011,7,13,18,1,1,1,I-70,110TH ST,2256,39.10518889,-94.844061110,0,24,0,0,1,1,4,0,1,1,0,1,0,0000000,13,16,13,27,88,88,0,0,0,1,0
20,200290,1,1,0,0,0,4,4,91,4285,8,10,2011,7,2,16,0,15,6,79TH ST,ANTIOCH RD,0,38.98577778,-94.686961110,0,44,0,0,1,1,4,0,3,1,0,1,0,0000000,2,18,2,22,2,55,0,0,0,1,1
20,200291,2,2,0,0,0,2,2,173,5880,10,10,2011,2,18,30,0,13,6,21ST ST,BROADMOOR ST,0,37.72292222,-97.247902780,0,12,6,0,8,1,1,0,5,1,0,1,0,0000000,18,30,18,37,18,51,0,0,0,1,0
20,200292,1,1,0,0,0,2,2,123,0,13,10,2011,5,4,30,0,3,3,SR-14,SR-18,2016,39.29330278,-98.111772220,0,1,0,0,1,1,4,0,2,1,0,1,0,0000000,7,50,8,1,88,88,0,0,0,2,0
20,200293,1,1,0,0,0,1,1,209,2820,13,10,2011,5,23,58,1,1,1,I-635,SR-5,0,39.14631944,-94.655180560,0,23,0,1,5,1,4,0,3,1,0,1,0,0000000,0,43,0,50,88,88,0,0,0,1,0
20,200294,2,2,0,0,0,4,4,45,0,15,10,2011,7,20,0,0,6,4,E 850 RD,I-70,0,38.99480833,-95.343763890,0,12,6,0,3,3,1,0,2,1,0,1,0,0000000,20,23,20,35,21,4,0,0,0,1,0
20,200295,1,1,0,0,0,2,2,51,0,15,10,2011,7,23,32,0,6,4,HOPEWELL RD,110TH AVE,0,38.97177500,-99.564900000,0,32,0,0,1,1,4,0,2,1,0,1,0,0000000,23,36,23,41,1,43,0,0,0,1,1
20,200296,1,1,0,0,0,1,1,7,0,17,10,2011,2,5,15,0,3,2,US-160,US-281,2050,37.28055278,-98.937691670,0,11,0,0,1,1,1,0,2,1,0,1,0,0000000,8,48,9,6,88,88,0,0,0,1,0
20,200297,4,4,0,0,0,7,7,177,5400,18,10,2011,3,19,13,0,13,6,CALIFORNIA ST,23RD ST,0,39.02650833,-95.650938890,0,12,2,0,1,1,1,0,3,1,0,1,0,0000000,19,14,19,18,19,46,0,0,0,1,0
20,200300,2,2,0,0,0,2,2,181,0,22,10,2011,7,12,15,0,6,4,COUNTY RD 26,COUNTY RD F,0,39.26314167,-101.595813890,0,12,6,0,2,2,1,0,1,1,0,1,0,0000000,12,21,12,39,13,8,0,0,0,1,0
20,200301,1,1,0,0,0,2,2,79,0,22,10,2011,7,2,27,1,1,1,I-135,EMMA CREEK RD,430,38.17246389,-97.444083330,0,31,0,0,1,1,4,0,2,1,0,1,0,0000000,2,27,2,58,3,45,0,0,0,1,0
20,200302,1,1,0,0,0,1,1,177,5400,25,10,2011,3,4,45,1,1,1,I-70,ADAMS ST,3631,39.03867778,-95.666138890,0,25,0,0,1,1,3,0,2,1,0,1,0,0000000,4,50,4,54,88,88,0,0,0,1,0
20,200303,1,1,0,0,0,1,1,177,5400,25,10,2011,3,16,40,1,1,1,I-70,1ST,3612,39.05877222,-95.675627780,0,2,0,0,1,1,1,0,1,1,0,1,0,0000000,16,44,16,50,88,88,0,0,0,1,0
20,200304,2,2,0,0,0,2,2,79,4000,28,10,2011,6,17,0,0,14,4,BROADWAY,COLUMBUS,0,38.05012778,-97.367905560,0,12,6,0,2,2,1,0,1,1,0,1,0,0000000,17,6,17,6,17,59,0,0,0,1,0
20,200305,1,1,0,0,0,1,1,5,0,19,10,2011,4,23,45,0,3,2,US-159,SR-116,190,39.61881389,-95.522463890,0,34,0,0,1,1,4,0,2,1,0,1,0,0000000,23,57,0,6,88,88,0,0,0,1,1
20,200306,2,2,0,0,0,2,2,91,5200,30,10,2011,1,12,58,1,2,2,US-169,199 ST,1432,38.76676944,-94.827613890,0,12,1,0,3,2,1,0,1,1,0,1,0,0000000,99,99,99,99,99,99,0,0,0,1,0
20,200307,1,1,0,0,0,2,2,121,633,31,10,2011,2,12,40,0,4,6,223RD ST,QUIVIRA ST,0,38.72356389,-94.731802780,0,34,0,0,1,1,4,0,1,1,0,1,0,0000000,99,99,99,99,99,99,0,0,0,1,0
20,200308,1,1,0,0,0,1,1,91,4285,1,11,2011,3,1,32,1,1,1,I-435,PFLUMM,830,38.93748333,-94.743069440,0,25,0,1,5,1,4,0,3,1,0,1,0,0000000,1,41,1,53,1,57,0,0,0,1,1
20,200309,2,2,0,0,0,2,2,197,0,3,11,2011,5,6,27,1,1,1,I-70,WABAUNSEE RD,3239,39.06557500,-96.355558330,0,12,6,0,1,1,1,0,2,1,0,1,0,0000000,6,36,7,30,8,20,0,0,0,1,0
20,200310,1,1,0,0,0,1,1,191,5150,3,11,2011,5,14,55,0,3,2,US-166,I-35,66,37.05650000,-97.288419440,0,32,0,0,1,1,4,0,1,1,0,1,0,0000000,99,99,99,99,88,88,0,0,0,1,0
20,200311,2,2,0,0,0,3,3,91,4545,3,11,2011,5,9,17,0,14,4,MISSION RD,73RD TERR,0,38.99570556,-94.630327780,0,12,6,0,2,2,1,0,1,1,0,1,0,0000000,9,20,9,26,9,49,0,0,0,1,0
20,200312,1,1,0,0,0,2,2,177,5400,5,11,2011,7,13,55,1,1,1,I-470,21ST,28,39.02061111,-95.750891670,0,1,0,0,1,1,3,0,1,1,0,1,0,0000000,14,1,14,3,14,30,13,0,0,1,0
20,200313,1,1,0,0,0,2,2,133,0,5,11,2011,7,3,55,0,6,4,150TH RD,N MAIN ST RD,0,37.58680278,-95.234233330,0,10,0,0,6,1,1,1,2,1,0,1,0,412707T,4,27,4,44,5,45,0,0,0,1,1
20,200314,4,4,0,0,0,5,5,177,5400,5,11,2011,7,15,26,0,13,6,10TH ST,MACVICAR AVE,0,39.05113889,-95.705369440,0,12,1,0,2,2,1,0,1,1,0,1,0,0000000,15,29,15,37,15,49,20,0,0,1,1
20,200315,1,1,0,1,1,1,1,173,5880,6,11,2011,1,10,30,0,16,6,20TH ST,MARKET ST,0,37.72077500,-97.336688890,0,8,0,0,3,2,1,0,1,1,0,1,0,0000000,10,30,10,34,10,45,0,0,0,1,0
20,200317,2,2,0,0,0,2,2,209,2820,10,11,2011,5,14,30,1,1,1,I-70 KTA,18 ST,4200,39.09615278,-94.652813890,0,12,1,0,1,1,1,0,1,1,0,1,0,0000000,14,33,14,45,88,88,0,0,0,1,0
20,200318,1,1,0,0,0,1,1,113,3430,10,11,2011,5,15,45,0,16,6,WOODSIDE ST,CEDAR ST,0,38.37356389,-97.680027780,0,24,0,0,1,1,4,0,1,1,0,1,0,0000000,15,52,15,53,88,88,0,0,0,1,0
20,200319,1,1,0,0,0,1,1,121,0,10,11,2011,5,8,49,0,6,6,271 ST,JAYMAR DR,0,38.63488611,-94.649775000,0,32,0,0,1,1,4,0,1,1,0,1,0,0000000,9,2,9,7,88,88,0,0,0,1,0
20,200320,2,2,0,0,0,4,4,191,0,13,11,2011,1,6,30,0,3,2,US-81,90TH AVE,0,37.00743889,-97.605650000,0,12,6,0,3,4,1,0,4,1,0,1,0,0000000,6,30,6,41,7,19,0,0,0,1,1
20,200321,3,3,0,0,0,6,6,91,4285,14,11,2011,2,6,10,1,2,2,US-69,151ST,1390,38.85928889,-94.676933330,0,12,2,0,1,1,1,0,3,1,0,1,0,0000000,6,11,6,20,6,45,0,0,0,2,0
20,200322,2,2,0,0,0,3,3,19,0,14,11,2011,2,18,45,1,2,2,US-166,MARSH RD,510,37.11125000,-96.511419440,0,12,6,0,2,3,1,0,3,1,0,1,0,0000000,18,52,18,57,19,50,0,0,0,1,0
20,200323,2,2,0,0,0,2,2,103,0,16,11,2011,4,13,45,1,1,1,I-70KTA,238TH ST,2093,39.02221389,-95.130144440,0,12,6,0,1,1,1,0,1,1,0,1,0,0000000,13,48,14,1,88,88,0,0,0,1,0
20,200324,2,2,0,0,0,3,3,115,0,16,11,2011,4,20,31,0,3,2,US-56,SR-150,0,38.36241111,-96.966097220,0,12,6,0,2,2,1,0,2,1,0,1,0,0000000,20,35,20,46,99,99,0,0,0,1,0
20,200325,2,2,0,0,0,2,2,177,5400,16,11,2011,4,15,36,0,13,6,ADAMS ST,23RD ST,0,39.02533889,-95.669611110,0,53,0,0,1,1,4,0,1,1,0,1,0,0000000,15,44,15,58,16,6,0,0,0,1,1
20,200326,1,1,0,0,0,1,1,139,4210,19,11,2011,7,21,13,0,4,6,9TH ST,SCHENK,0,38.62573889,-95.819861110,0,53,0,0,1,1,4,0,3,1,0,1,0,0000000,21,15,21,18,22,8,0,0,0,1,0
20,200327,1,1,0,0,0,1,1,121,0,21,11,2011,2,1,54,0,13,2,US-169,215TH ST,1410,38.73503333,-94.836977780,0,31,0,0,1,1,4,0,3,1,0,1,0,0000000,99,99,99,99,88,88,0,0,0,1,0
20,200328,4,4,0,0,0,10,10,173,5880,25,11,2011,6,22,50,1,2,2,US-54,GREENWICH RD,0,37.67916389,-97.207730560,0,12,6,0,2,2,1,0,3,2,0,2,0,0000000,23,6,23,15,23,29,0,0,0,1,0
20,200329,1,1,0,0,0,1,1,99,0,27,9,2011,3,20,33,0,6,5,15000 RD,GRAY RD,0,37.20748333,-95.423022220,0,1,0,0,1,1,4,0,2,1,0,1,0,0000000,20,33,20,51,88,88,0,0,0,1,0
20,200330,2,2,0,0,0,2,2,89,0,29,11,2011,3,11,50,1,2,2,US-36,SR-128,2014,39.78395000,-98.338169440,0,12,8,0,1,1,1,0,1,1,0,1,0,0000000,11,57,12,5,88,88,0,0,0,1,0
20,200331,2,2,0,0,0,2,2,113,0,30,11,2011,4,11,59,0,6,4,27TH AVE,ARROWHEAD RD,0,38.20266667,-97.426427780,0,12,6,0,2,2,1,0,1,1,0,1,0,0000000,12,0,12,10,12,37,0,0,0,1,0
20,200332,2,2,0,0,0,2,2,173,910,1,12,2011,5,6,40,1,2,2,US-54,383 RD,1925,37.66763611,-97.756025000,0,12,6,0,1,1,1,0,2,1,0,1,0,0000000,6,43,6,55,7,34,0,0,0,1,0
20,200333,1,1,0,0,0,1,1,209,2820,3,12,2011,7,15,35,1,1,1,I-70,CENTRAL AVE,4235,39.09847778,-94.604388890,0,26,0,0,1,1,4,0,1,2,0,2,0,0000000,15,42,15,50,88,88,0,0,0,1,1
20,200334,2,2,0,0,0,7,7,173,5880,3,12,2011,7,10,35,0,14,4,ARKANSAS AVE,29TH ST,0,37.73790278,-97.344738890,0,12,1,0,3,2,1,0,1,2,0,2,0,0000000,10,36,10,43,11,6,0,0,0,1,0
20,200335,1,1,0,0,0,2,2,207,6010,3,12,2011,7,12,3,0,6,4,GROUSE RD,180TH RD,0,37.99298889,-95.848252780,0,42,0,0,1,1,4,0,1,2,0,2,0,0000000,12,4,12,30,12,52,0,0,0,1,0
20,200336,2,2,0,0,0,2,2,29,0,6,12,2011,3,14,20,1,2,2,US-81,OAT RD,2004,39.52613889,-97.654686110,0,12,6,0,1,1,1,0,1,1,0,1,0,0000000,14,20,14,28,88,88,0,0,0,1,0
20,200337,1,1,0,0,0,2,2,177,5400,7,12,2011,4,99,99,1,1,1,I-470,I-70,1,39.04747222,-95.770169440,0,31,0,1,5,1,4,0,3,1,0,1,0,0000000,2,48,2,54,3,21,0,0,0,1,0
20,200338,2,2,0,0,0,3,3,57,0,8,12,2011,5,23,56,1,2,2,US-54,SR-34,911,37.55647222,-99.577952780,0,12,6,0,1,1,1,0,2,5,0,5,0,0000000,0,1,0,12,88,88,0,0,0,1,1
20,200339,3,3,0,0,0,6,6,111,0,9,12,2011,6,12,23,0,14,6,INDUSTRIAL RD,US-50,0,38.40846944,-96.216736110,0,12,1,0,3,2,1,0,1,1,0,1,0,0000000,12,24,12,26,99,99,0,0,0,1,0
20,200340,2,2,0,0,0,4,4,79,4000,10,12,2011,7,1,25,1,1,1,I-135,1ST,310,38.04099167,-97.322719440,0,12,2,0,1,1,1,0,3,1,0,1,0,0000000,1,29,1,38,2,25,0,0,0,2,1
20,200341,2,2,0,0,0,2,2,103,0,12,12,2011,2,15,0,0,4,4,222ND ST,HEMPHILL RD,0,39.05817778,-95.093263890,0,12,6,0,2,2,1,0,1,1,0,1,0,0000000,15,19,15,29,16,16,0,0,0,1,0
20,200342,2,2,0,0,0,3,3,87,0,16,12,2011,6,15,8,1,2,3,SR-4,SR-16,3570,39.40841389,-95.328497220,0,12,2,0,2,3,1,0,1,1,0,1,0,0000000,15,6,15,12,16,9,0,0,0,1,0
20,200343,1,1,0,0,0,2,2,177,0,16,12,2011,6,20,0,0,6,4,SHAFFER RD,52ND ST,0,39.13682222,-95.607991670,0,30,0,0,1,1,4,0,1,1,0,1,0,0000000,20,8,20,23,20,47,0,0,0,2,0
20,200344,1,1,0,0,0,1,1,91,5090,17,12,2011,7,14,15,1,1,1,I-435,JOHNSON DR,69,39.02156944,-94.785266670,0,43,0,0,1,1,3,0,1,1,0,1,0,0000000,14,15,14,20,88,88,0,0,0,1,0
20,200345,2,2,0,0,0,3,3,165,0,19,12,2011,2,15,26,0,3,3,SR-4,COUNTY RD 280,960,38.53736389,-99.256375000,0,12,6,0,1,1,1,0,1,1,0,1,0,0000000,15,30,15,38,99,99,0,0,0,1,0
20,200346,2,2,0,0,0,3,3,91,3645,19,12,2011,2,16,53,0,13,6,SHAWNEE MISSION PKWY,I-35,0,39.01492222,-94.692216670,0,33,0,0,3,2,3,0,3,2,8,2,0,0000000,16,55,16,58,17,17,0,0,0,1,0
20,200347,3,1,2,0,0,1,1,173,5880,20,12,2011,3,0,11,0,16,6,1ST,QUENTIN AVE,0,37.68821944,-97.290338890,0,33,0,0,1,1,4,0,3,2,0,2,0,0000000,0,11,0,14,88,88,14,0,0,1,1
20,200348,1,1,0,0,0,1,1,33,0,21,12,2011,4,4,0,0,3,2,US-160,US-183,1811,37.23933056,-99.327188890,0,38,0,0,1,1,4,0,2,1,0,1,0,0000000,7,59,7,59,88,88,0,0,0,1,1
20,200349,1,1,0,0,0,1,1,111,0,22,12,2011,5,8,10,0,3,3,SR-99,COUNTY RD 370,1300,38.69669167,-96.093788890,0,32,0,0,1,1,4,0,1,1,0,1,0,0000000,8,19,8,42,88,88,0,0,0,1,0
20,200350,2,2,0,0,0,4,4,177,0,23,12,2011,6,2,23,1,1,1,I-470,SR-4,1821,39.05004722,-95.818269440,0,12,1,0,1,1,1,0,3,1,0,1,0,0000000,2,26,2,47,3,11,0,0,0,1,0
20,200351,1,1,0,0,0,1,1,61,2790,27,12,2011,3,9,9,1,2,3,SR-18,I-70,1770,39.05995278,-96.742547220,0,1,0,1,5,1,1,0,1,1,0,1,0,0000000,9,11,9,16,9,40,0,0,0,1,0
20,200352,2,2,0,0,0,3,3,9,970,28,12,2011,4,3,30,1,2,3,SR-156,130 AVE,1400,38.49295278,-98.544858330,0,12,8,0,1,1,1,0,2,1,0,1,0,0000000,3,47,3,49,4,23,0,0,0,1,1
20,200353,2,2,0,0,0,2,2,143,0,29,12,2011,5,18,19,1,2,2,US-81,LIMESTONE RD,1731,39.13128333,-97.667569440,0,12,6,0,2,2,1,0,2,1,0,1,0,0000000,18,19,18,22,19,13,0,0,0,1,0
20,200354,2,2,0,0,0,4,4,43,0,30,12,2011,6,12,55,1,2,2,US-36,ST COLUMBUS RD,3851,39.77505000,-94.964241670,0,12,2,0,1,1,1,0,1,1,0,1,0,0000000,13,2,13,22,13,40,0,0,0,1,0
20,200355,2,2,0,1,1,2,2,57,1810,31,12,2011,7,20,0,0,13,6,WYATT EARP BLVD,US-56,0,37.75260833,-100.020911110,0,8,0,0,1,1,1,0,3,6,0,6,0,0000000,88,88,88,88,88,88,0,0,0,1,0
20,200356,2,2,0,0,0,3,3,177,0,31,12,2011,7,18,15,0,6,4,CROCO RD,35TH STREET,0,39.00441944,-95.614227780,0,12,6,0,2,2,1,0,2,1,0,1,0,0000000,18,14,18,35,18,53,0,0,0,1,0
20,200357,1,1,0,0,0,1,1,27,0,31,12,2011,7,2,41,0,4,4,3RD RD,UTAH RD,0,39.16173333,-97.005591670,0,53,0,0,1,1,4,0,2,1,0,1,0,0000000,99,98,99,98,88,88,0,0,0,1,1
20,200358,1,1,0,0,0,1,1,147,0,31,12,2011,7,11,20,0,4,3,SR-9,400 RD,0,39.68325833,-99.403213890,0,58,0,0,1,1,4,0,1,1,0,1,0,0000000,11,35,11,40,11,57,0,0,0,1,0
20,200359,1,1,0,0,0,1,1,155,0,30,12,2011,6,14,25,0,4,4,4TH AVE,BUHLER RD,0,38.05724722,-97.775111110,0,34,0,0,3,1,4,0,1,1,0,1,0,0000000,14,33,14,44,15,10,0,0,0,1,0
20,200360,1,1,0,1,1,2,2,11,0,24,9,2011,7,14,43,0,5,6,MAPLE RD,115TH ST,0,37.84847778,-94.898369440,0,9,0,0,1,1,1,0,1,1,0,1,0,0000000,14,43,14,59,15,29,0,0,0,1,0
20,200361,2,2,0,0,0,4,4,173,5880,4,9,2011,1,13,20,1,2,3,SR-254,HILLSIDE ST,18,37.77106389,-97.294752780,0,1,0,0,1,1,3,0,1,1,0,1,0,0000000,13,17,13,29,13,50,19,0,0,1,0
21,210001,2,2,0,0,0,8,8,101,1510,1,1,2011,7,19,50,0,13,3,SR-351,,8,37.82951389,-87.563394440,0,12,2,0,1,1,1,0,3,1,0,1,0,0000000,19,51,19,56,21,20,0,0,0,2,1
21,210002,1,1,0,0,0,1,1,105,0,4,1,2011,3,17,37,0,6,4,STEPHENS RD,,15,36.61249722,-88.819827780,0,42,0,0,1,1,4,0,2,1,0,1,0,0000000,17,40,18,1,88,88,0,0,0,1,1