STATE,ST_CASE,VE_TOTAL,VE_FORMS,PVH_INVL,PEDS,PERNOTMVIT,PERMVIT,PERSONS,COUNTY,CITY,DAY,MONTH,YEAR,DAY_WEEK,HOUR,MINUTE,NHS,ROAD_FNC,ROUTE,TWAY_ID,TWAY_ID2,MILEPT,LATITUDE,LONGITUD,SP_JUR,HARM_EV,MAN_COLL,RELJCT1,RELJCT2,TYP_INT,REL_ROAD,WRK_ZONE,LGT_COND,WEATHER1,WEATHER2,WEATHER,SCH_BUS,RAIL,NOT_HOUR,NOT_MIN,ARR_HOUR,ARR_MIN,HOSP_HR,HOSP_MN,CF1,CF2,CF3,FATALS,DRUNK_DR
21,210003,5,5,0,0,0,7,7,111,2090,6,1,2011,5,17,30,1,11,1,I-71,,109,38.32354444,-85.553155560,0,54,11,0,1,1,1,0,5,1,0,1,0,0000000,99,99,99,99,99,99,14,0,0,1,0
21,210004,2,1,1,1,2,1,2,47,1620,7,1,2011,6,17,43,0,13,3,SR-1682,,20,36.88902500,-87.518119440,0,14,0,0,1,1,2,0,2,10,0,10,0,0000000,17,43,17,48,88,88,23,0,0,1,0
21,210005,2,2,0,0,0,3,3,67,1980,7,1,2011,6,22,17,0,14,2,US-421,,31,38.08363611,-84.550394440,0,12,2,0,1,1,1,0,3,4,0,4,0,0000000,22,18,22,24,22,55,0,0,0,1,0
21,210006,2,2,0,0,0,3,3,73,0,8,1,2011,7,14,33,1,2,2,US-127,SR-2826,7,38.11087222,-84.914211110,0,12,6,0,2,2,1,0,1,1,0,1,0,0000000,14,38,14,44,15,1,0,0,0,1,0
21,210007,1,1,0,0,0,1,1,15,0,8,1,2011,7,22,20,0,4,3,SR-14,,30,38.81978333,-84.664677780,0,42,0,0,1,1,4,0,2,10,0,10,0,0000000,22,21,22,23,88,88,0,0,0,1,1
21,210008,3,3,0,0,0,7,7,9,0,10,1,2011,2,12,51,0,3,3,SR-90,,207,36.90151944,-85.750522220,0,12,8,0,1,1,1,0,1,10,0,10,0,0000000,12,54,13,7,13,41,0,0,0,1,0
21,210009,2,2,0,0,0,2,2,45,0,13,1,2011,5,9,15,1,2,2,US-127,,209,37.38615000,-84.866380560,0,12,6,0,1,1,1,0,1,10,0,10,0,0000000,99,99,99,99,88,88,0,0,0,1,0
21,210010,1,1,0,0,0,1,1,83,0,13,1,2011,5,19,39,0,4,3,SR-45,,43,36.61187500,-88.779958330,0,32,0,0,1,1,4,0,2,1,0,1,0,0000000,19,43,19,56,88,88,0,0,0,1,0
21,210011,1,1,0,0,0,1,1,111,2090,14,1,2011,6,11,36,0,16,6,ESTELE AVE,,1,38.16226389,-85.763675000,0,38,0,0,1,1,4,0,1,1,0,1,0,0000000,99,99,99,99,99,99,0,0,0,1,0
21,210012,1,1,0,0,0,2,2,111,2090,16,1,2011,1,8,44,0,13,3,SR-1934,LOWER RIVER RD,14,38.09807500,-85.892036110,0,31,0,0,2,3,4,0,1,10,0,10,0,0000000,99,99,99,99,99,99,0,0,0,1,1
21,210013,1,1,0,0,0,1,1,175,0,16,1,2011,1,9,33,0,4,3,SR-172,,20,37.93810556,-83.216758330,0,53,0,0,1,1,4,0,1,1,0,1,0,0000000,9,33,9,40,9,51,0,0,0,1,0
21,210014,1,1,0,0,0,2,2,159,3410,18,1,2011,3,6,6,0,6,3,SR-1439,,46,37.73373056,-82.498441670,0,42,0,0,1,1,5,0,2,5,0,5,0,0000000,6,3,6,29,88,88,0,0,0,2,1
21,210015,1,1,0,0,0,1,1,51,0,8,1,2011,7,12,40,0,6,4,ROOTS BRANCH RD,,3,37.09996111,-83.823966670,0,1,0,0,1,1,4,0,1,10,0,10,0,0000000,12,49,12,57,13,27,0,0,0,1,0
21,210016,2,2,0,0,0,3,3,111,2090,20,1,2011,5,12,39,0,13,3,SR-864,,77,38.15399722,-85.634650000,0,12,6,0,1,1,1,0,1,2,0,2,0,0000000,12,40,12,49,13,19,0,0,0,1,0
21,210017,2,2,0,0,0,2,2,93,0,20,1,2011,5,14,58,0,3,3,SR-1600,,75,37.76474444,-85.989819440,0,12,6,0,1,1,1,0,1,4,0,4,0,0000000,14,58,15,16,15,46,0,0,0,1,0
21,210018,2,2,0,0,0,2,2,225,0,20,1,2011,5,16,25,0,4,3,SR-130,,127,37.71696111,-87.916461110,0,12,6,0,1,1,1,0,1,1,0,1,0,0000000,16,27,16,49,17,13,0,0,0,1,0
21,210019,2,2,0,0,0,2,2,119,2892,21,1,2011,6,0,16,1,2,3,SR-15,,59,37.22899444,-83.002566670,0,12,1,0,1,1,1,0,2,11,0,11,0,0000000,0,19,0,31,88,88,0,0,0,1,0
21,210020,2,2,0,0,0,3,3,227,350,21,1,2011,6,14,47,0,13,2,US-231,PASCO BLVD,96,36.94281667,-86.421933330,0,12,6,0,2,3,1,0,1,1,0,1,0,0000000,14,48,14,57,15,15,0,0,0,1,0
21,210021,1,1,0,0,0,1,1,153,0,24,1,2011,2,9,9,0,4,3,SR-1888,,8,37.71950556,-83.014927780,0,35,0,0,1,1,4,0,1,1,0,1,0,0000000,9,13,9,16,88,88,0,0,0,1,0
21,210022,1,1,0,0,0,2,2,169,0,24,1,2011,2,23,41,0,5,3,SR-533,00,84,36.95774444,-85.468183330,0,42,0,0,1,1,4,0,3,1,0,1,0,0000000,23,42,23,55,0,33,0,0,0,1,1
21,210023,2,2,0,0,0,2,2,9,0,25,1,2011,3,12,7,0,4,2,US-68,,30,37.02595833,-86.072258330,0,12,2,0,1,1,1,0,1,10,0,10,0,0000000,12,8,12,18,12,57,0,0,0,1,0
21,210024,1,1,0,1,1,1,1,111,2090,24,1,2011,2,20,1,1,11,1,I-264,00,110,38.18991944,-85.749952780,0,8,0,0,1,1,1,0,3,10,0,10,0,0000000,20,2,20,8,20,32,23,0,0,1,0
21,210025,2,1,1,1,1,1,1,143,1830,26,1,2011,4,8,6,1,1,1,I-24,,395,37.07154722,-88.113183330,0,25,0,1,19,1,3,0,1,10,0,10,0,0000000,8,9,8,21,9,8,23,0,0,1,0
21,210026,2,2,0,1,1,2,2,209,1280,21,1,2011,6,20,12,0,14,2,US-460,,84,38.18895000,-84.575113890,0,8,0,0,1,1,1,0,2,1,0,1,0,0000000,20,15,20,22,21,1,0,0,0,1,0
21,210027,2,2,0,0,0,2,2,199,0,27,1,2011,5,17,28,1,2,3,SR-80,,299,37.15258611,-84.450188890,0,12,2,0,1,1,1,0,5,10,0,10,0,0000000,17,29,17,41,88,88,0,0,0,1,0
21,210028,2,2,0,0,0,2,2,199,0,26,1,2011,4,8,51,0,4,3,SR-39,,34,37.14102500,-84.578591670,0,12,2,0,1,1,1,0,1,1,0,1,0,0000000,9,4,9,18,9,41,0,0,0,1,0
21,210029,1,1,0,0,0,3,3,219,0,28,1,2011,6,11,46,0,5,3,SR-848,,25,36.70610278,-87.216125000,0,1,0,0,1,1,4,0,1,1,0,1,0,0000000,11,45,11,59,12,37,0,0,0,1,0
21,210030,1,1,0,0,0,1,1,227,0,28,1,2011,6,22,15,0,4,2,US-231,,244,37.06671944,-86.615911110,0,42,0,0,1,1,4,0,2,10,0,10,0,0000000,22,16,22,31,88,88,0,0,0,1,1
21,210031,1,1,0,0,0,4,4,149,0,30,1,2011,1,4,13,0,4,3,SR-56,,23,37.62439444,-87.435250000,0,42,0,0,1,1,4,0,2,1,0,1,0,0000000,4,17,4,29,5,29,0,0,0,1,1
21,210032,2,2,0,0,0,3,3,119,2008,30,1,2011,1,9,5,0,3,3,SR-160,,56,37.28446667,-82.936047220,0,12,2,0,1,1,1,0,1,1,0,1,0,0000000,9,7,9,11,10,12,0,0,0,1,1
21,210033,1,1,0,0,0,1,1,41,0,30,1,2011,1,2,30,0,4,3,SR-389,,70,38.64489722,-85.171166670,0,1,0,0,1,1,4,0,2,1,0,1,0,0000000,17,20,17,20,88,88,18,0,0,1,1
21,210034,1,1,0,0,0,1,1,39,2233,29,1,2011,7,17,56,0,5,3,SR-1371,,2,36.79715556,-88.908061110,0,32,0,0,1,1,5,0,2,10,0,10,0,0000000,18,3,18,13,88,88,0,0,0,1,1
21,210035,3,3,0,0,0,3,3,65,0,28,1,2011,6,5,35,0,3,3,SR-52,,49,37.70141111,-83.998761110,0,11,0,0,1,1,1,0,2,2,0,2,0,0000000,5,37,5,41,6,8,0,0,0,1,0
21,210036,1,1,0,0,0,1,1,3,0,1,2,2011,3,9,10,0,5,3,SR-1332,,130,36.79048889,-86.217400000,0,42,0,0,1,1,4,0,1,10,0,10,0,0000000,9,10,9,17,88,88,0,0,0,1,0
21,210037,2,2,0,0,0,2,2,67,1980,1,2,2011,3,11,35,0,14,5,MAXWELL ST. WEST,UPPER ST SOUTH,1,38.04395000,-84.502180560,0,12,6,0,2,2,1,0,1,10,0,10,0,0000000,11,36,11,38,11,51,0,0,0,1,0
21,210038,2,2,0,0,0,2,2,179,0,2,2,2011,4,11,0,0,6,4,HIGHWAY CHURCH RD,,21,37.96027222,-85.216783330,0,12,6,0,1,1,1,0,1,10,0,10,0,0000000,99,99,99,99,99,99,0,0,0,1,0
21,210039,1,1,0,0,0,1,1,121,0,3,2,2011,5,8,55,0,6,4,ARKLE RD,,2,36.92032222,-83.983611110,0,10,0,0,6,1,1,0,1,1,0,1,0,344841S,99,99,99,99,88,88,0,0,0,1,0
21,210040,1,1,0,0,0,1,1,207,0,3,2,2011,5,17,33,0,5,3,SR-76,,134,37.11190556,-85.066625000,0,1,0,0,1,1,4,0,2,10,0,10,0,0000000,17,34,17,45,88,88,0,0,0,1,0
21,210041,2,2,0,0,0,2,2,111,2090,4,2,2011,6,14,2,0,16,5,INDIAN TRAIL,,1,38.16793333,-85.707822220,0,12,2,0,8,1,1,0,1,1,0,1,0,0000000,14,2,14,9,14,47,0,0,0,1,0
21,210042,1,1,0,0,0,1,1,11,0,2,2,2011,4,4,41,1,1,1,I-64,,1220,38.12699444,-83.749894440,0,23,0,0,1,1,3,0,2,10,0,10,0,0000000,4,39,4,50,88,88,0,0,0,1,1
21,210043,1,1,0,0,0,2,2,213,0,3,2,2011,5,18,54,1,1,1,I-65,,45,36.69209722,-86.534155560,0,42,0,0,1,1,4,0,2,10,0,10,0,0000000,18,55,19,18,20,12,0,0,0,1,1
21,210044,1,1,0,1,1,1,1,225,0,3,2,2011,5,6,33,0,6,3,SR-2835,,8,37.66449167,-87.873502780,0,15,0,0,1,1,1,0,4,1,0,1,0,0000000,6,33,6,46,7,21,0,0,0,1,0
21,210045,2,2,0,0,0,4,4,225,0,6,2,2011,1,15,40,0,4,3,SR-360,,68,37.75123889,-87.963752780,0,12,2,0,1,1,1,0,1,1,0,1,0,0000000,15,45,15,55,16,45,0,0,0,1,1
21,210046,2,2,0,0,0,3,3,71,1426,6,2,2011,1,17,23,1,2,2,US-23,,8,37.53450556,-82.617358330,0,12,6,0,8,1,1,0,1,1,0,1,0,0000000,17,24,17,34,18,26,0,0,0,2,1
21,210047,1,1,0,1,1,1,1,185,0,7,2,2011,2,7,30,0,15,3,SR-2856,SYCAMORE RD,6,38.36881389,-85.413058330,0,8,0,0,3,1,1,0,4,2,0,2,0,0000000,7,32,7,35,8,12,0,0,0,1,0
21,210048,1,1,0,0,0,1,1,195,0,6,2,2011,1,23,58,0,6,4,FERRELLS CREEK RD,,147,37.34358333,-82.372227780,0,24,0,0,1,1,4,0,2,10,0,10,0,0000000,0,0,0,4,88,88,18,0,0,1,1
21,210049,1,1,0,1,1,1,1,111,2090,8,2,2011,3,6,57,0,13,3,SR-1934,SR-2051,77,38.18355278,-85.855236110,0,8,0,0,3,2,1,0,4,10,0,10,0,0000000,6,57,7,7,7,20,0,0,0,1,0
21,210050,1,1,0,0,0,3,3,111,2090,9,2,2011,4,8,14,0,12,3,SR-841,,101,38.11328611,-85.698166670,0,24,0,0,1,1,3,0,1,10,0,10,0,0000000,8,14,8,18,8,44,0,0,0,1,0
21,210051,2,2,0,0,0,2,2,151,0,9,2,2011,4,12,27,0,2,3,SR-627,,8,37.84906944,-84.317322220,0,12,2,0,1,1,1,0,1,4,0,4,0,0000000,12,28,12,37,13,15,0,0,0,1,0
21,210052,2,2,0,0,0,3,3,155,1910,7,2,2011,2,13,1,1,2,2,US-68,VILLAGE WAY,0,37.55743889,-85.274850000,0,12,6,0,2,3,1,0,1,4,0,4,0,0000000,13,4,13,6,13,34,0,0,0,1,0
21,210053,1,1,0,0,0,2,2,187,0,10,2,2011,5,3,0,0,6,3,SR-845,,167,38.57313333,-84.801405560,0,38,0,0,1,1,4,0,2,1,0,1,0,0000000,4,54,5,8,99,99,0,0,0,1,1
21,210054,2,2,0,0,0,3,3,165,1250,10,2,2011,5,17,15,0,4,3,SR-36,,36,37.97278889,-83.615097220,0,12,6,0,1,1,1,0,1,1,0,1,0,0000000,17,19,17,29,18,19,0,0,0,1,0
21,210055,4,2,2,1,1,2,2,77,0,9,2,2011,4,15,33,1,1,1,I-71,,668,38.78085278,-84.756088890,0,12,7,0,1,1,1,2,1,1,0,1,0,0000000,15,33,15,48,16,7,19,0,0,1,0
21,210056,3,2,1,0,0,2,2,19,558,7,2,2011,2,7,23,0,4,2,US-60,,14,38.36669444,-82.771080560,0,12,2,0,1,1,1,0,1,1,0,1,0,0000000,7,27,7,34,8,19,0,0,0,1,0
21,210057,3,3,0,0,0,8,8,211,2980,12,2,2011,7,16,34,0,3,3,SR-53,SR-55,98,38.21174722,-85.218780560,0,12,6,0,2,2,1,0,1,1,0,1,0,0000000,16,34,16,40,17,33,0,0,0,1,0
21,210058,1,1,0,0,0,1,1,203,0,14,2,2011,2,6,28,0,6,3,SR-3549,,11,37.32362222,-84.378175000,0,35,0,0,1,1,4,0,1,10,0,10,0,0000000,6,30,6,38,6,47,0,0,0,1,0
21,210059,1,1,0,0,0,2,2,235,0,14,2,2011,2,12,24,0,5,3,SR-628,,44,36.66077778,-84.141883330,0,42,0,0,1,1,4,0,1,1,0,1,0,0000000,12,20,12,30,99,99,0,0,0,1,0
21,210060,2,2,0,1,1,2,2,199,3070,13,2,2011,1,17,58,0,14,3,SR-1577,,20,37.07175278,-84.625369440,0,12,1,0,1,1,1,0,1,1,0,1,0,0000000,18,0,18,4,18,19,19,0,0,1,0
21,210061,4,4,0,0,0,6,6,21,1760,7,2,2011,2,7,35,1,2,2,US-127,SR-300,8,37.58276389,-84.786513890,0,12,6,0,2,2,1,0,4,2,0,2,0,0000000,7,36,7,40,7,55,0,0,0,1,0
21,210062,2,2,0,0,0,5,5,207,0,15,2,2011,3,20,18,0,4,3,SR-80,,55,37.07202500,-85.033536110,0,12,2,0,1,1,1,0,2,1,0,1,0,0000000,20,19,20,25,21,17,0,0,0,1,0
21,210063,2,2,0,0,0,3,3,151,0,16,2,2011,4,6,48,0,4,3,SR-52,,228,37.71224167,-84.086822220,0,12,2,0,1,1,1,0,4,1,0,1,0,0000000,6,48,7,2,8,1,0,0,0,1,1
21,210064,3,3,0,0,0,5,5,95,2711,16,2,2011,4,7,40,1,2,2,US-119,CEDAR PARK RD,195,36.90278056,-83.232388890,0,12,1,0,3,2,1,0,1,10,0,10,0,0000000,7,52,8,1,8,35,0,0,0,1,0
21,210065,1,1,0,0,0,1,1,111,2090,16,2,2011,4,4,0,1,11,1,I-65,,1272,38.13195833,-85.703530560,0,1,0,1,5,1,4,0,6,1,0,1,0,0000000,99,99,99,99,88,88,0,0,0,1,1
21,210066,1,1,0,0,0,1,1,235,0,17,2,2011,5,4,14,1,1,1,I-75,,136,36.76701111,-84.170080560,0,1,0,0,1,1,4,0,2,1,0,1,0,0000000,4,15,4,24,88,88,0,0,0,1,0
21,210067,1,1,0,0,0,1,1,215,3240,17,2,2011,5,8,22,0,3,3,SR-44,,81,38.02956944,-85.351325000,0,35,0,0,1,1,4,0,1,10,0,10,0,0000000,8,28,8,42,99,99,0,0,0,1,0
21,210068,1,1,0,0,0,2,2,145,0,17,2,2011,5,6,13,0,4,3,SR-348,,7,36.96155278,-88.649111110,0,42,0,0,1,1,4,0,4,10,0,10,0,0000000,6,17,6,38,6,52,0,0,0,1,0
21,210069,1,1,0,1,1,1,1,111,2090,17,2,2011,5,20,28,0,13,3,SR-61,,63,38.16526667,-85.703272220,0,8,0,0,1,1,1,0,2,1,0,1,0,0000000,20,39,99,99,88,88,0,0,0,1,0
21,210070,1,1,0,0,0,1,1,19,120,13,2,2011,1,16,0,0,13,2,US-60,,97,38.45372222,-82.671905560,0,35,0,0,1,1,4,0,1,1,0,1,0,0000000,16,0,16,1,88,88,0,0,0,1,0
21,210071,2,2,0,0,0,4,4,195,2217,18,2,2011,6,13,10,0,3,3,SR-194,,204,37.53494722,-82.383341670,0,12,2,0,1,1,1,0,1,10,0,10,0,0000000,13,16,14,10,15,46,0,0,0,1,0
21,210072,2,2,0,0,0,5,5,119,0,18,2,2011,6,14,42,0,5,3,SR-1087,,143,37.40533889,-82.932755560,0,12,2,0,1,1,1,0,1,10,0,10,0,0000000,14,42,14,55,15,1,0,0,0,1,0
21,210073,2,2,0,0,0,2,2,119,1042,21,2,2011,2,18,46,0,5,3,SR-1102,,4,37.34798611,-83.050116670,0,12,2,0,1,1,1,0,2,10,0,10,0,0000000,99,99,99,99,88,88,0,0,0,1,0
21,210074,2,2,0,0,0,8,8,93,0,23,2,2011,4,3,20,1,1,1,I-65,,884,37.63462500,-85.860213890,0,12,1,0,1,1,1,0,2,1,0,1,0,0000000,3,27,3,38,4,23,0,0,0,3,0
21,210075,1,1,0,1,1,1,1,111,2090,17,2,2011,5,14,5,0,13,3,SR-1931,MANSLICK CT.,81,38.19151389,-85.800841670,0,8,0,0,3,8,1,0,1,10,0,10,0,0000000,99,99,99,99,99,99,0,0,0,1,0
21,210076,1,1,0,0,0,1,1,195,1445,17,2,2011,5,18,49,0,6,4,ROCKHOUSE FORK,,1,37.65073333,-82.385658330,0,42,0,0,1,1,4,0,2,1,0,1,0,0000000,18,52,19,11,20,25,0,0,0,1,0
21,210077,1,1,0,0,0,1,1,195,3140,24,2,2011,5,17,28,1,2,2,US-119,WOODHILL DR.,250,37.64426111,-82.266761110,0,35,0,0,2,3,3,0,1,2,0,2,0,0000000,17,30,17,59,18,9,0,0,0,1,0
21,210078,1,1,0,0,0,2,2,115,2530,26,2,2011,7,15,33,0,6,3,SR-581,,0,37.82088611,-82.790094440,0,32,0,0,1,1,4,0,1,1,0,1,0,0000000,15,38,15,45,15,52,0,0,0,1,0
21,210079,2,2,0,0,0,3,3,135,0,27,2,2011,1,18,45,0,5,3,SR-57,,126,38.63222500,-83.523730560,0,12,8,0,1,1,1,0,2,2,0,2,0,0000000,99,99,99,99,88,88,0,0,0,1,0
21,210080,1,1,0,0,0,1,1,235,770,7,2,2011,2,15,51,0,15,3,SR-1259,,4,36.92715833,-84.121219440,0,30,0,0,1,1,4,0,1,10,0,10,0,0000000,15,53,15,55,88,88,0,0,0,1,1
21,210081,1,1,0,0,0,1,1,51,0,12,2,2011,7,9,55,0,5,3,SR-687,,128,37.14892778,-83.782683330,0,42,0,0,1,1,4,0,1,1,0,1,0,0000000,10,2,10,4,10,9,0,0,0,1,0
21,210082,1,1,0,0,0,1,1,19,2797,28,2,2011,2,16,4,0,6,3,SR-966,,2,38.32270278,-82.717180560,0,53,0,0,1,1,4,0,1,2,10,2,0,0000000,16,4,16,10,16,48,0,0,0,1,0
21,210083,1,1,0,0,0,1,1,29,0,23,2,2011,4,16,20,1,1,1,I-65,,1078,37.86716389,-85.705033330,0,38,0,0,1,1,5,0,1,1,0,1,0,0000000,16,21,16,34,88,88,0,0,0,1,0
21,210084,2,2,0,0,0,4,4,199,0,26,2,2011,7,1,2,0,4,3,SR-192,,13,37.09592222,-84.561766670,0,12,2,0,1,1,1,0,2,1,0,1,0,0000000,1,6,1,13,2,5,0,0,0,1,0
21,210085,1,1,0,0,0,1,1,9,0,27,2,2011,1,14,37,0,6,4,OLD MUNFORDVILLE RD,,35,37.08592500,-85.902700000,0,42,0,0,1,1,4,0,1,10,0,10,0,0000000,14,34,14,46,15,30,0,0,0,1,0
21,210086,2,2,0,0,0,3,3,135,0,19,1,2011,4,7,15,1,2,3,SR-10,SR-1306,120,38.59410000,-83.190836110,0,12,6,0,2,2,1,0,4,5,0,5,0,0000000,7,21,7,29,8,24,0,0,0,1,0
21,210087,1,1,0,0,0,1,1,159,0,17,1,2011,2,17,28,0,6,3,SR-2031,,36,37.88162778,-82.455997220,0,24,0,0,1,1,4,0,5,10,0,10,0,0000000,99,99,99,99,88,88,0,0,0,1,1
21,210088,2,2,0,0,0,2,2,227,0,1,3,2011,3,7,20,0,6,4,BRISTOW RD,,23,37.00755556,-86.318036110,0,12,2,0,1,1,1,0,1,1,0,1,0,0000000,7,29,7,33,8,17,4,1,0,1,0
21,210089,2,2,0,0,0,4,4,109,0,1,3,2011,3,12,14,0,3,3,SR-30,SR-3444,86,37.31983333,-83.960008330,0,12,6,0,2,3,1,0,1,1,0,1,0,0000000,12,14,12,28,99,99,0,0,0,1,0
21,210090,1,1,0,0,0,2,2,187,0,1,3,2011,3,16,55,0,2,3,SR-35,,5,38.64342222,-84.850502780,0,1,0,0,1,1,4,0,1,1,0,1,0,0000000,17,0,17,1,17,27,0,0,0,1,0
21,210091,1,1,0,0,0,2,2,117,2275,4,3,2011,6,3,35,0,6,4,RECTOR RD,,10,38.88325000,-84.483447220,0,42,0,0,1,1,4,0,2,1,0,1,0,0000000,3,53,4,4,99,99,0,0,0,1,1
21,210092,3,3,0,0,0,3,3,111,2090,4,3,2011,6,6,15,1,13,2,US-31E,,29,38.09978056,-85.565600000,0,12,2,0,1,1,1,0,2,10,0,10,0,0000000,6,20,6,20,7,0,0,0,0,1,0
21,210093,2,2,0,0,0,2,2,161,0,4,3,2011,6,9,35,0,3,3,SR-11,,72,38.58346667,-83.773327780,0,12,6,0,1,1,1,0,1,2,0,2,0,0000000,9,42,9,48,99,99,0,0,0,1,0
21,210094,1,1,0,0,0,2,2,215,0,4,3,2011,6,14,0,0,4,3,SR-48,,15,37.96179444,-85.433377780,0,35,0,0,1,1,4,0,1,10,0,10,0,0000000,14,3,14,41,99,99,0,0,0,1,0
21,210095,2,2,0,0,0,3,3,95,1420,5,3,2011,7,13,19,1,2,2,US-119,KINGDOM COME DRIVE,357,36.98423056,-82.969286110,0,12,2,0,2,3,1,0,1,1,0,1,0,0000000,13,22,13,29,14,6,0,0,0,1,0
21,210096,1,1,0,0,0,1,1,129,0,6,3,2011,1,22,42,0,6,4,BILLY FORK RD,,3,37.64916944,-83.816713890,0,1,0,0,1,1,4,0,2,1,0,1,0,0000000,22,46,23,0,23,32,6,0,0,1,0
21,210097,1,1,0,1,1,1,1,99,0,7,3,2011,2,20,47,1,1,1,I-65,,562,37.18343333,-85.946947220,0,8,0,0,1,1,1,0,2,1,0,1,0,0000000,20,51,20,57,88,88,0,0,0,1,0
21,210098,1,1,0,0,0,1,1,97,0,8,3,2011,3,9,55,0,4,2,US-62,,114,38.40124167,-84.273333330,0,42,0,0,1,1,5,0,1,1,0,1,0,0000000,9,58,10,3,88,88,0,0,0,1,0
21,210099,1,1,0,1,1,1,1,227,350,5,3,2011,7,3,8,0,13,2,US-31W,,109,36.96528889,-86.465536110,0,8,0,0,1,1,1,0,3,2,0,2,0,0000000,3,10,3,11,3,26,0,0,0,1,0
21,210100,1,1,0,0,0,1,1,227,0,9,3,2011,4,3,46,0,4,2,US-31W,,61,36.90000833,-86.517633330,0,42,0,0,1,1,5,0,2,2,0,2,0,0000000,3,50,3,50,88,88,0,0,0,1,1
21,210101,1,1,0,0,0,1,1,179,0,9,3,2011,4,8,24,0,5,3,SR-3207,,4,37.88318611,-85.534744440,0,42,0,0,1,1,4,0,1,2,0,2,0,0000000,8,24,8,34,88,88,0,0,0,1,1
21,210102,2,2,0,0,0,2,2,185,0,9,3,2011,4,10,8,0,13,2,US-42,,6,38.36733333,-85.596800000,0,12,6,0,1,1,1,0,1,2,0,2,0,0000000,10,9,10,15,88,88,0,0,0,1,0
21,210103,1,1,0,0,0,1,1,83,0,11,3,2011,6,14,15,0,5,3,SR-2422,,100,36.58066111,-88.664988890,0,35,0,0,1,1,4,0,1,10,0,10,0,0000000,14,30,14,53,88,88,0,0,0,1,0
21,210104,1,1,0,0,0,1,1,85,1940,11,3,2011,6,23,22,0,5,3,SR-920,,17,37.49988611,-86.268552780,0,39,0,0,1,1,4,0,2,1,0,1,0,0000000,23,24,23,31,88,88,0,0,0,1,1
21,210105,1,1,0,0,0,2,2,111,2090,7,3,2011,2,16,21,0,13,3,SR-1747,,28,38.15619167,-85.666880560,0,30,0,0,1,1,4,0,1,10,0,10,0,0000000,16,21,16,27,99,99,0,0,0,1,0
21,210106,1,1,0,1,1,2,2,111,2090,11,3,2011,6,23,41,0,13,3,SR-1865,,27,38.13435278,-85.773097220,0,8,0,0,1,1,1,0,2,10,0,10,0,0000000,23,41,23,46,0,11,0,0,0,1,0
21,210107,1,1,0,0,0,1,1,215,0,13,3,2011,1,1,8,0,5,3,SR-1319,,28,38.10579167,-85.419516670,0,42,0,0,1,1,4,0,2,10,0,10,0,0000000,1,13,1,24,88,88,0,0,0,1,0
21,210108,2,2,0,0,0,2,2,203,0,14,3,2011,2,13,57,0,3,2,US-150,,5,37.41707222,-84.450016670,0,12,8,0,1,1,1,0,1,2,0,2,0,0000000,13,58,14,12,14,54,0,0,0,1,0
21,210109,1,1,0,0,0,1,1,71,867,14,3,2011,2,18,40,0,4,3,SR-404,,16,37.58519444,-82.883391670,0,42,0,0,1,1,4,0,1,2,10,2,0,0000000,99,99,99,99,88,88,0,0,0,1,0
21,210110,2,2,0,0,0,2,2,23,0,15,3,2011,3,15,50,0,4,3,SR-8,,58,38.78121944,-84.135488890,0,12,2,0,1,1,1,0,1,2,0,2,0,0000000,15,54,16,6,16,45,0,0,0,1,0
21,210111,2,2,0,0,0,3,3,113,0,11,3,2011,6,19,10,1,2,2,US-27,SR-1268,33,37.81558056,-84.598036110,0,12,6,0,2,2,1,0,2,1,0,1,0,0000000,19,12,19,25,20,2,0,0,0,1,0
21,210112,2,2,0,0,0,3,3,93,0,18,3,2011,6,7,40,1,1,1,I-65,,851,37.58345833,-85.871458330,0,54,11,0,1,1,1,0,4,1,0,1,0,0000000,7,40,8,0,88,88,14,0,0,1,0
21,210113,2,2,0,0,0,2,2,51,0,18,3,2011,6,12,58,0,4,2,US-421,,75,37.10940833,-83.653677780,0,12,6,0,8,1,1,0,1,1,0,1,0,0000000,12,59,13,13,13,26,0,0,0,1,1
21,210114,1,1,0,0,0,1,1,33,0,18,3,2011,6,13,50,0,4,2,US-62,,147,37.13301944,-87.789775000,0,35,0,0,1,1,4,0,1,10,0,10,0,0000000,99,99,99,99,88,88,0,0,0,1,0
21,210115,1,1,0,0,0,1,1,1,0,18,3,2011,6,14,25,0,2,3,SR-9008,,544,37.06572500,-85.200091670,0,1,0,0,1,1,1,0,1,1,0,1,0,0000000,14,29,14,44,88,88,0,0,0,1,0
21,210116,1,1,0,1,1,3,3,29,2990,1,3,2011,3,21,11,0,14,3,SR-1020,,28,38.04988333,-85.710183330,0,8,0,0,1,1,1,0,2,1,0,1,0,0000000,21,11,21,18,88,88,0,0,0,1,0
21,210117,2,2,0,0,0,3,3,219,0,4,3,2011,6,11,32,0,3,3,SR-181,,63,36.73331389,-87.188616670,0,12,2,0,1,1,1,0,1,10,0,10,0,0000000,11,32,11,36,99,99,0,0,0,1,0
21,210118,1,1,0,0,0,4,4,47,0,10,3,2011,5,6,56,0,6,4,SPARKMAN RD,,1,36.97293611,-87.514600000,0,35,0,0,1,1,4,0,1,10,0,10,0,0000000,6,58,7,11,7,45,0,0,0,1,0