STATE,ST_CASE,VE_TOTAL,VE_FORMS,PVH_INVL,PEDS,PERNOTMVIT,PERMVIT,PERSONS,COUNTY,CITY,DAY,MONTH,YEAR,DAY_WEEK,HOUR,MINUTE,NHS,ROAD_FNC,ROUTE,TWAY_ID,TWAY_ID2,MILEPT,LATITUDE,LONGITUD,SP_JUR,HARM_EV,MAN_COLL,RELJCT1,RELJCT2,TYP_INT,REL_ROAD,WRK_ZONE,LGT_COND,WEATHER1,WEATHER2,WEATHER,SCH_BUS,RAIL,NOT_HOUR,NOT_MIN,ARR_HOUR,ARR_MIN,HOSP_HR,HOSP_MN,CF1,CF2,CF3,FATALS,DRUNK_DR
21,210119,1,1,0,0,0,1,1,47,0,19,3,2011,7,11,15,0,6,3,SR-800,,49,37.04805278,-87.500783330,0,35,0,0,1,1,4,0,1,1,0,1,0,0000000,11,24,11,39,12,12,0,0,0,1,0
21,210120,2,2,0,0,0,2,2,209,0,20,3,2011,1,12,30,0,4,2,US-62,,12,38.13725833,-84.627686110,0,12,2,0,1,1,1,0,1,1,0,1,0,0000000,12,53,13,18,13,36,0,0,0,1,0
21,210121,1,1,0,0,0,2,2,101,0,20,3,2011,1,18,33,1,2,3,SR-9005,,89,37.75280000,-87.400144440,0,52,0,0,1,1,3,0,1,1,0,1,0,0000000,18,33,18,48,20,27,0,0,0,1,0
21,210122,1,1,0,0,0,3,3,227,0,21,3,2011,2,15,5,0,4,2,US-231,,264,37.08061944,-86.621016670,0,42,0,0,1,1,4,0,1,1,0,1,0,0000000,15,7,15,33,16,20,0,0,0,1,0
21,210123,1,1,0,0,0,1,1,103,2581,15,3,2011,3,6,55,0,4,3,SR-146,,34,38.45295000,-85.272488890,0,42,0,0,1,1,4,0,2,2,10,2,0,0000000,7,15,7,20,8,2,0,0,0,1,0
21,210124,2,2,0,0,0,5,5,217,0,23,3,2011,4,6,54,0,5,3,SR-3212,,6,37.36299444,-85.366516670,0,12,2,0,1,1,1,0,2,10,0,10,0,0000000,99,99,99,99,88,88,0,0,0,1,0
21,210125,2,2,0,0,0,5,5,179,0,19,3,2011,7,22,21,0,4,2,US-62,,118,37.80775000,-85.499983330,0,12,2,0,1,1,1,0,2,1,0,1,0,0000000,22,19,22,22,23,2,0,0,0,1,1
21,210126,1,1,0,0,0,2,2,121,0,16,3,2011,4,7,54,1,2,3,SR-3041,,18,36.91627500,-84.087638890,0,42,0,0,1,1,4,0,1,10,0,10,0,0000000,99,99,99,99,99,99,0,0,0,1,0
21,210127,1,1,0,0,0,3,3,49,3610,11,3,2011,6,21,37,0,15,3,SR-1927,,62,37.98723333,-84.216513890,0,42,0,0,1,1,4,0,2,10,0,10,0,0000000,21,37,21,40,22,4,0,0,0,1,0
21,210128,1,1,0,0,0,3,3,81,0,26,3,2011,7,20,15,0,4,2,US-25,,12,38.50042222,-84.565802780,0,11,0,0,1,1,1,0,2,10,0,10,0,0000000,20,18,20,32,88,88,0,0,0,1,0
21,210129,1,1,0,0,0,1,1,67,1980,28,3,2011,2,11,36,1,2,2,US-60,,1,38.04971389,-84.510611110,0,30,0,0,1,1,4,0,1,1,0,1,0,0000000,11,41,11,45,11,56,0,0,0,1,0
21,210130,1,1,0,0,0,1,1,37,2400,26,3,2011,7,11,52,0,14,3,SR-9,,214,39.07396111,-84.493575000,0,30,0,0,1,1,4,0,1,10,0,10,0,0000000,11,56,11,58,12,50,0,0,0,1,1
21,210131,2,2,0,0,0,5,5,29,1572,23,3,2011,4,21,52,0,13,3,SR-61,SR-1116,210,38.06144722,-85.671269440,0,12,6,0,2,2,1,0,2,1,0,1,0,0000000,21,53,21,58,22,16,0,0,0,1,1
21,210132,2,2,0,0,0,2,2,35,0,31,3,2011,5,6,22,0,4,3,SR-21,SR-1497,131,36.58283056,-88.285361110,0,12,6,0,2,3,1,0,1,10,0,10,0,0000000,6,24,6,27,6,49,0,0,0,1,0
21,210133,1,1,0,0,0,1,1,209,0,31,3,2011,5,7,2,0,5,3,SR-1962,,24,38.18223889,-84.491513890,0,42,0,0,1,1,4,0,4,10,0,10,0,0000000,99,99,99,99,88,88,0,0,0,1,0
21,210134,2,2,0,0,0,2,2,141,2820,3,3,2011,5,10,28,1,2,2,US-431,US-68 80 BYPASS,159,36.85874722,-86.910438890,0,12,6,0,2,2,1,0,1,1,0,1,0,0000000,10,28,10,36,11,25,0,0,0,1,0
21,210135,1,1,0,0,0,1,1,13,0,13,3,2011,1,22,15,0,4,3,SR-74,,115,36.61277222,-83.787402780,0,24,0,0,1,1,4,0,3,1,0,1,0,0000000,22,14,22,20,23,8,0,0,0,1,0
21,210136,2,2,0,0,0,2,2,111,2090,3,4,2011,1,12,33,0,16,5,DEVONSHIRE DR.,PAGES LN,11,38.13065833,-85.868497220,0,12,6,0,2,2,1,0,1,1,0,1,0,0000000,12,33,12,43,13,25,0,0,0,1,0
21,210137,1,1,0,0,0,3,3,73,0,1,4,2011,6,2,15,0,3,2,US-421,,8,38.18544167,-84.801236110,0,42,0,0,1,1,4,0,2,1,0,1,0,0000000,2,21,2,29,88,88,0,0,0,3,1
21,210138,2,2,0,0,0,3,3,217,0,5,4,2011,3,11,25,0,4,3,SR-289,RED FERN RD,29,37.38182778,-85.350497220,0,12,6,0,2,2,1,0,1,1,0,1,0,0000000,11,26,11,32,12,31,0,0,0,1,0
21,210139,2,2,0,0,0,3,3,1,0,5,4,2011,3,13,48,0,2,3,SR-55,,150,37.14711389,-85.305491670,0,12,1,0,1,1,1,0,1,1,0,1,0,0000000,13,48,13,56,14,20,0,0,0,1,0
21,210140,1,1,0,0,0,2,2,135,0,6,4,2011,4,15,0,1,2,3,SR-10,,134,38.60211389,-83.168350000,0,32,0,0,1,1,4,0,1,1,0,1,0,0000000,15,0,15,8,16,0,0,0,0,1,0
21,210141,3,3,0,0,0,4,4,71,2670,5,4,2011,3,13,31,1,2,2,US-23,,135,37.63340278,-82.742844440,0,12,6,0,1,1,1,0,1,2,3,3,0,0000000,13,31,13,37,88,88,14,0,0,1,0
21,210142,1,1,0,1,1,1,1,111,2090,8,4,2011,6,9,28,0,13,3,SR-155,,145,38.22011111,-85.635036110,0,8,0,0,1,1,1,0,1,10,0,10,0,0000000,9,30,9,37,88,88,0,0,0,1,0
21,210143,2,2,0,0,0,2,2,35,0,7,4,2011,5,21,40,0,2,3,SR-80,BRINN RD,90,36.65327222,-88.324241670,0,12,6,0,2,2,1,0,2,1,0,1,0,0000000,21,43,21,50,22,5,0,0,0,1,0
21,210144,1,1,0,0,0,1,1,89,3135,6,4,2011,4,15,34,0,6,4,WRIGHT LN,,0,38.72383056,-82.931736110,0,31,0,0,1,1,4,0,1,1,0,1,0,0000000,15,35,15,42,15,48,0,0,0,1,0
21,210145,1,1,0,0,0,2,2,205,0,9,4,2011,7,2,45,0,6,4,LITTLE PERRY RD,,3,38.24451667,-83.352069440,0,35,0,0,1,1,5,0,2,1,0,1,0,0000000,5,0,5,5,5,32,0,0,0,1,1
21,210146,1,1,0,1,1,1,1,111,2090,9,4,2011,7,16,30,0,16,5,TRAIL RIDGE RD,,2,38.30300556,-85.617486110,0,8,0,0,1,1,1,0,1,1,0,1,0,0000000,99,99,99,99,99,99,0,0,0,1,0
21,210147,1,1,0,0,0,1,1,141,0,9,4,2011,7,16,53,0,2,2,US-431,,29,36.68115556,-86.854991670,0,59,0,0,1,1,4,0,1,1,0,1,0,0000000,16,56,17,8,88,88,0,0,0,1,1
21,210148,1,1,0,0,0,2,2,7,0,7,4,2011,5,21,43,0,3,3,SR-286,,21,36.97434167,-89.047966670,0,35,0,0,1,1,4,0,2,10,0,10,0,0000000,21,43,22,0,23,40,0,0,0,1,0
21,210149,1,1,0,0,0,1,1,157,9898,12,4,2011,3,22,51,0,2,2,US-68,,66,36.96210000,-88.378744440,0,53,0,0,1,1,4,0,2,1,0,1,0,0000000,22,58,23,7,88,88,0,0,0,1,0
21,210150,1,1,0,0,0,1,1,107,0,13,4,2011,4,16,5,0,4,2,US-62,,127,37.19389444,-87.485161110,0,59,0,0,1,1,4,0,1,1,0,1,0,0000000,16,6,16,19,88,88,0,0,0,1,0
21,210151,2,2,0,0,0,3,3,151,0,13,4,2011,4,16,6,0,3,3,SR-1295,,4,37.66051667,-84.423580560,0,12,2,0,1,1,1,0,1,1,0,1,0,0000000,16,11,16,24,17,36,0,0,0,1,0
21,210152,1,1,0,0,0,1,1,173,0,13,4,2011,4,17,36,0,4,2,US-60,,25,38.04408611,-83.993183330,0,35,0,0,1,1,4,0,1,1,0,1,0,0000000,17,36,17,44,18,9,0,0,0,1,1
21,210153,2,1,1,1,1,1,1,117,1050,8,4,2011,6,4,0,1,11,1,I-75,,1846,39.03691944,-84.594683330,0,8,0,0,1,1,2,0,3,10,0,10,0,0000000,4,2,4,10,99,99,23,0,0,1,1
21,210154,2,2,0,0,0,2,2,193,1470,1,4,2011,6,8,40,1,2,3,SR-15,,121,37.24826667,-83.198388890,0,24,0,0,1,1,4,0,1,1,0,1,0,0000000,8,40,8,44,99,99,0,0,0,1,0
21,210155,2,2,0,0,0,5,5,21,0,16,4,2011,7,17,51,0,5,3,SR-37,SR-300,163,37.59150278,-84.808016670,0,12,6,0,2,3,1,0,1,10,0,10,0,0000000,17,51,17,57,18,24,0,0,0,3,0
21,210156,2,1,1,0,0,1,1,207,0,17,4,2011,1,1,25,0,6,4,MCCLENDON RIDGE RD,,14,37.05017778,-85.018816670,0,14,0,0,1,1,5,0,2,1,0,1,0,0000000,1,29,1,39,88,88,0,0,0,1,1
21,210157,2,2,0,0,0,5,5,53,0,17,4,2011,1,9,50,1,2,2,US-127,,83,36.71645833,-85.135158330,0,12,2,0,1,1,1,0,1,1,0,1,0,0000000,9,49,9,51,10,20,0,0,0,1,0
21,210158,1,1,0,0,0,1,1,67,1980,18,4,2011,2,1,45,0,16,5,MAN O WAR BLVD,,133,38.00661389,-84.436400000,0,33,0,0,1,1,4,0,3,10,0,10,0,0000000,1,46,1,52,2,21,0,0,0,1,1
21,210159,6,6,0,1,1,8,8,111,2090,18,4,2011,2,12,20,0,16,5,HIKES LN,SR-1932,30,38.21793611,-85.628491670,0,12,7,0,3,2,1,0,1,1,0,1,0,0000000,12,12,12,27,13,0,0,0,0,1,0
21,210160,1,1,0,0,0,1,1,3,2910,14,4,2011,5,18,17,0,4,3,SR-100,,145,36.74438611,-86.200791670,0,43,0,0,1,1,4,0,1,1,0,1,0,0000000,18,16,18,20,99,99,0,0,0,1,0
21,210161,1,1,0,0,0,2,2,145,0,19,4,2011,3,16,26,0,4,3,SR-131,,16,36.94992500,-88.515086110,0,42,0,0,1,1,4,0,1,1,0,1,0,0000000,16,27,16,40,16,56,0,0,0,1,0
21,210162,1,1,0,0,0,2,2,95,312,19,4,2011,3,18,16,0,3,2,US-421,,267,36.92265556,-83.364172220,0,42,0,0,1,1,1,0,1,1,0,1,0,0000000,18,16,18,30,99,96,0,0,0,1,0
21,210163,1,1,0,0,0,2,2,43,0,2,4,2011,7,19,53,0,6,3,SR-207,,25,38.33310556,-82.817430560,0,42,0,0,1,1,4,0,2,10,0,10,0,0000000,19,59,20,34,99,99,0,0,0,1,1
21,210164,2,2,0,0,0,3,3,215,0,20,4,2011,4,5,50,0,3,3,SR-44,SR-1060,35,38.03886389,-85.437283330,0,12,2,0,3,2,1,0,2,2,10,2,0,0000000,5,53,6,6,7,20,0,0,0,1,0
21,210165,1,1,0,0,0,2,2,51,0,19,4,2011,3,19,35,0,4,3,SR-11,,215,37.28289722,-83.666769440,0,1,0,0,1,1,1,0,1,1,0,1,0,0000000,19,38,20,2,88,88,0,0,0,1,1
21,210166,2,2,0,0,0,2,2,151,0,20,4,2011,4,16,20,0,3,3,SR-1295,,7,37.65956667,-84.424438890,0,12,2,0,1,1,1,0,1,1,0,1,0,0000000,16,16,16,30,17,29,0,0,0,1,0
21,210167,1,1,0,0,0,1,1,25,0,20,4,2011,4,20,25,1,5,3,SR-15,,3,37.57975278,-83.393997220,0,30,0,0,1,1,4,0,2,10,0,10,0,0000000,20,26,20,30,88,88,0,0,0,1,1
21,210168,1,1,0,0,0,1,1,67,1980,21,4,2011,5,22,18,1,12,3,SR-4,,157,38.00018611,-84.462247220,0,57,0,0,1,1,3,0,2,10,0,10,0,0000000,22,21,22,25,88,88,0,0,0,1,0
21,210169,2,2,0,0,0,4,4,65,0,22,4,2011,6,13,10,0,4,3,SR-89,,166,37.76613611,-83.997602780,0,12,6,0,1,1,1,0,1,1,0,1,0,0000000,13,2,13,11,13,39,0,0,0,1,0
21,210170,1,1,0,0,0,1,1,185,2610,21,4,2011,5,12,10,0,6,4,ROLLINGTON RD,,4,38.30202778,-85.509294440,0,42,0,0,1,1,4,0,1,1,0,1,0,0000000,12,11,12,18,13,9,0,0,0,1,0
21,210171,1,1,0,1,1,1,1,51,2160,23,4,2011,7,20,53,1,4,2,US-421,,92,37.08784444,-83.676294440,0,8,0,0,1,1,1,0,2,1,0,1,0,0000000,20,56,21,7,88,88,0,0,0,1,1
21,210172,2,2,0,0,0,2,2,151,0,20,4,2011,4,12,45,0,4,2,US-25,,1,37.51901944,-84.315561110,0,12,2,0,1,1,1,0,1,10,0,10,0,0000000,99,99,99,99,99,99,0,0,0,1,0
21,210173,1,1,0,0,0,1,1,163,360,26,4,2011,3,18,0,0,4,3,SR-448,,73,37.99203611,-86.185083330,0,32,0,0,1,1,4,0,1,10,0,10,0,0000000,99,99,99,99,99,99,0,0,0,1,1
21,210174,1,1,0,0,0,2,2,67,1980,22,4,2011,6,15,58,0,5,3,SR-1966,,20,38.00398333,-84.617911110,0,42,0,0,1,1,4,0,1,10,0,10,0,0000000,15,59,15,59,16,13,0,0,0,2,0
21,210175,1,1,0,0,0,1,1,35,0,27,4,2011,4,15,37,0,5,3,SR-299,,6,36.59957778,-88.405866670,0,1,0,0,1,1,4,0,1,10,0,10,0,0000000,15,40,15,47,88,88,0,0,0,1,0
21,210176,2,2,0,0,0,3,3,41,0,29,4,2011,6,13,0,0,4,3,SR-36,,37,38.71759444,-85.250602780,0,12,2,0,1,1,1,0,1,1,0,1,0,0000000,13,8,13,16,88,88,0,0,0,1,0
21,210177,2,2,0,0,0,2,2,111,2090,29,4,2011,6,15,5,0,14,3,SR-907,,43,38.12282500,-85.800111110,0,12,2,0,1,1,1,0,1,1,0,1,0,0000000,99,99,99,99,99,99,0,0,0,1,1
21,210178,1,1,0,0,0,1,1,111,2090,22,4,2011,6,15,9,0,16,5,24TH ST. NORTH,GRIFFITHS AVE,3,38.26527222,-85.787997220,0,5,0,0,3,2,1,0,1,10,0,10,0,0000000,15,10,15,16,15,28,0,0,0,1,1
21,210179,2,2,0,0,0,2,2,71,2670,5,4,2011,3,10,29,0,4,3,SR-1428,EAST PORTER ST,166,37.68522222,-82.781350000,0,12,6,0,2,3,1,0,1,1,0,1,0,0000000,10,32,10,36,10,49,0,0,0,1,0
21,210180,2,2,0,0,0,2,2,173,0,29,4,2011,6,8,5,0,3,2,US-460,,117,38.01668889,-83.912630560,0,12,2,0,1,1,1,0,1,1,0,1,0,0000000,8,6,8,14,99,99,0,0,0,1,1
21,210181,1,1,0,1,1,2,2,219,1370,23,4,2011,7,18,43,0,6,4,PARL STREET EAST,KENTUCKY STREET,6,36.65433889,-87.156580560,0,9,0,0,2,3,1,0,1,1,0,1,0,0000000,18,43,19,0,19,57,0,0,0,1,0
21,210182,1,1,0,0,0,1,1,141,0,2,3,2011,4,21,25,0,3,3,SR-79,,114,36.96559722,-86.788902780,0,43,0,0,1,1,5,0,2,10,0,10,0,0000000,21,30,21,46,88,88,0,0,0,1,1
21,210183,2,2,0,0,0,3,3,21,860,27,3,2011,1,11,6,0,16,5,THOROUGHBRED DRIVE,PERRYVILLE RD,1,37.64850556,-84.805172220,0,12,6,0,2,2,1,0,1,10,0,10,0,0000000,99,99,99,99,99,99,0,0,0,1,0
21,210184,2,2,0,0,0,4,4,111,2090,26,4,2011,3,2,33,0,16,5,CHESTNUT STREET WEST,ROY WILKINS AVE,19,38.24977500,-85.766133330,0,12,6,0,2,2,1,0,3,10,0,10,0,0000000,99,99,99,99,99,99,0,0,0,1,1
21,210185,2,2,0,0,0,2,2,195,916,26,4,2011,3,10,52,1,2,2,US-23,BEEFHIDE CREEK RD,22,37.27046667,-82.606716670,0,12,6,0,2,3,1,0,1,1,0,1,0,0000000,10,59,11,8,88,88,0,0,0,1,0
21,210186,1,1,0,0,0,2,2,71,0,11,4,2011,2,12,0,0,4,3,SR-1428,,110,37.64502500,-82.702244440,0,35,0,0,1,1,4,0,1,1,0,1,0,0000000,11,55,12,1,99,99,0,0,0,1,0
21,210187,1,1,0,1,1,1,1,49,0,29,1,2011,7,6,20,1,1,1,I-64,,980,38.00968889,-84.173469440,0,8,0,0,1,1,1,0,2,1,0,1,0,0000000,6,20,6,26,88,88,19,0,0,1,0
21,210188,2,2,0,0,0,5,5,49,0,18,3,2011,6,17,23,0,14,3,SR-1960,SR-1958,11,38.00248611,-84.152355560,0,12,6,0,2,2,1,0,1,1,0,1,0,0000000,17,28,17,58,18,4,0,0,0,1,0
21,210190,1,1,0,0,0,1,1,9,0,5,4,2011,3,16,7,0,6,3,SR-1339,,1,37.05168333,-86.066036110,0,42,0,0,1,1,4,0,1,1,0,1,0,0000000,16,6,16,24,16,51,0,0,0,1,0
21,210191,1,1,0,0,0,1,1,183,1440,28,2,2011,2,19,29,0,4,3,SR-39,,159,37.45060556,-86.887522220,0,23,0,0,1,1,4,0,2,1,0,1,0,0000000,19,29,19,31,20,10,0,0,0,1,0
21,210192,1,1,0,1,1,1,1,87,0,21,3,2011,2,5,45,0,5,3,SR-323,,93,37.33228889,-85.533972220,0,8,0,0,1,1,1,0,2,1,0,1,0,0000000,5,54,5,56,88,88,0,0,0,1,0
21,210193,1,1,0,0,0,1,1,151,0,2,5,2011,2,2,22,0,4,3,SR-388,,69,37.83825833,-84.266252780,0,42,0,0,1,1,4,0,2,1,0,1,0,0000000,2,18,2,31,88,88,0,0,0,1,0
21,210194,2,2,0,0,0,2,2,17,2540,3,5,2011,3,21,46,1,13,2,US-68,,25,38.22442500,-84.242005560,0,12,2,0,1,1,1,0,3,1,0,1,0,0000000,21,48,21,51,22,3,0,0,0,1,1
21,210195,1,1,0,1,1,1,1,111,2090,3,5,2011,3,22,38,0,13,2,US-61,,2,38.10059167,-85.671472220,0,8,0,0,1,1,1,0,3,1,0,1,0,0000000,22,39,22,45,88,88,23,0,0,1,0
21,210196,1,1,0,0,0,1,1,185,0,4,5,2011,4,14,2,0,5,3,SR-393,,17,38.34059722,-85.389455560,0,42,0,0,1,1,4,0,1,1,0,1,0,0000000,14,4,14,11,88,88,0,0,0,1,0
21,210197,1,1,0,0,0,1,1,71,1563,3,5,2011,3,16,57,0,4,3,SR-122,,269,37.36616667,-82.734175000,0,30,0,0,1,1,4,0,1,2,0,2,0,0000000,17,0,17,19,17,31,0,0,0,1,0
21,210198,1,1,0,0,0,1,1,195,2131,6,5,2011,6,13,47,0,4,3,SR-1056,,84,37.58403889,-82.175288890,0,21,0,0,1,1,4,0,1,10,0,10,0,0000000,13,47,13,54,88,88,0,0,0,1,0
21,210199,1,1,0,1,1,2,2,67,1980,6,5,2011,6,21,43,1,13,2,US-27,,32,38.00738889,-84.517822220,0,8,0,0,1,1,1,0,3,1,0,1,0,0000000,21,43,21,48,22,10,0,0,0,1,0
21,210200,2,2,0,0,0,4,4,231,2260,7,5,2011,7,22,15,0,13,3,SR-90,,88,36.81643056,-84.878825000,0,12,2,0,1,1,1,0,2,10,0,10,0,0000000,22,15,22,30,22,46,0,0,0,3,0
21,210201,1,1,0,0,0,1,1,185,0,12,5,2011,5,1,40,0,6,4,HAUNZ LN,MOSER FARM RD,10,38.33071667,-85.537147220,0,42,0,0,3,3,4,0,2,1,0,1,0,0000000,1,43,1,57,88,88,0,0,0,1,0
21,210202,3,3,0,0,0,7,7,111,2090,12,5,2011,5,17,41,0,13,3,SR-1865,SOUTHERN PARKWAY,43,38.16971389,-85.781238890,0,12,6,0,2,3,1,0,1,1,0,1,0,0000000,17,28,17,35,99,99,0,0,0,1,0
21,210203,1,1,0,0,0,1,1,193,1470,13,5,2011,6,17,56,0,4,3,SR-451,,24,37.23750278,-83.171697220,0,17,0,0,1,1,4,0,1,10,0,10,0,0000000,17,56,18,2,18,25,0,0,0,1,0
21,210204,1,1,0,0,0,1,1,65,0,14,5,2011,7,1,40,0,3,3,SR-52,,51,37.70158056,-83.998847220,0,18,0,0,1,1,4,0,2,10,0,10,0,0000000,1,53,2,8,88,88,0,0,0,1,1
21,210205,1,1,0,0,0,23,23,39,0,16,5,2011,2,13,40,0,3,2,US-62,,103,36.92423333,-88.843344440,0,1,0,0,1,1,4,0,1,1,0,1,1,0000000,99,99,99,99,99,99,0,0,0,1,0
21,210206,1,1,0,0,0,1,1,167,0,8,5,2011,1,6,45,0,6,4,WARWICK RD,,12,37.81612500,-84.827927780,0,38,0,0,1,1,4,0,1,1,0,1,0,0000000,99,98,99,98,88,88,0,0,0,1,1
21,210207,2,2,0,0,0,3,3,111,2090,1,5,2011,1,20,0,1,11,1,I-65,,1355,38.23349444,-85.750994440,0,25,0,0,1,1,3,0,3,2,0,2,0,0000000,20,0,20,7,88,88,14,0,0,1,0
21,210208,1,1,0,1,1,1,1,239,2230,16,5,2011,2,21,12,0,4,2,US-62,,146,38.15214167,-84.665752780,0,9,0,0,1,1,1,0,2,10,0,10,0,0000000,21,16,21,27,88,88,0,0,0,1,0
21,210209,1,1,0,0,0,1,1,237,0,20,5,2011,6,2,0,0,6,4,ROSE BEND RD,,4,37.62456389,-83.488627780,0,35,0,0,1,1,4,0,2,5,0,5,0,0000000,88,88,88,88,88,88,0,0,0,1,1
21,210210,2,2,0,0,0,4,4,51,0,21,5,2011,7,16,50,0,3,2,US-421,,302,37.27056944,-83.818475000,0,12,1,0,8,1,1,0,1,1,0,1,0,0000000,16,51,17,3,17,30,0,0,0,1,1
21,210211,1,1,0,0,0,2,2,13,0,21,5,2011,7,17,34,0,4,3,SR-217,,5,36.64438889,-83.644238890,0,35,0,0,1,1,4,0,1,1,0,1,0,0000000,17,38,17,52,18,24,0,0,0,1,0
21,210212,1,1,0,0,0,2,2,59,0,21,5,2011,7,23,26,0,6,3,SR-2157,,2,37.72687222,-86.845722220,0,34,0,0,1,1,4,0,2,1,0,1,0,0000000,23,31,0,3,0,40,0,0,0,1,1
21,210213,2,2,0,0,0,3,3,11,0,22,5,2011,1,8,30,0,3,3,SR-11,OLD KY-11,110,38.26952222,-83.822422220,0,12,2,0,2,3,1,0,1,1,0,1,0,0000000,8,20,8,38,99,99,0,0,0,1,0
21,210214,1,1,0,0,0,1,1,19,610,22,5,2011,1,16,54,1,1,1,I-64,,1914,38.38297778,-82.586630560,0,52,0,0,7,1,3,0,1,10,0,10,0,0000000,17,10,17,14,17,30,0,0,0,1,0
21,210215,2,2,0,0,0,3,3,93,0,23,5,2011,2,16,35,0,5,3,SR-567,,40,37.68599444,-85.763483330,0,12,2,0,1,1,1,0,1,1,0,1,0,0000000,16,41,16,53,17,17,0,0,0,1,0
21,210216,2,2,0,0,0,2,2,219,0,25,5,2011,4,18,10,0,4,3,SR-181,,141,36.83388333,-87.154069440,0,12,2,0,1,1,1,0,1,10,0,10,0,0000000,99,99,99,99,99,99,0,0,0,1,0
21,210217,2,2,0,0,0,3,3,239,3360,24,5,2011,3,20,9,0,14,3,SR-2113,SR-1964,12,38.04295278,-84.757719440,0,12,6,0,2,2,1,0,1,1,0,1,0,0000000,20,10,20,17,20,42,0,0,0,2,0
21,210218,2,2,0,0,0,6,6,153,0,26,5,2011,5,22,14,1,2,2,US-460,,175,37.75979167,-82.986861110,0,12,2,0,1,1,1,0,2,2,0,2,0,0000000,22,22,22,31,23,0,0,0,0,1,0
21,210219,1,1,0,0,0,1,1,67,1980,27,5,2011,6,6,11,0,16,5,HUGHES LN,,17,38.13378056,-84.399933330,0,42,0,0,1,1,4,0,4,10,0,10,0,0000000,6,11,6,22,88,88,0,0,0,1,0
21,210220,1,1,0,0,0,2,2,195,2718,30,5,2011,2,14,10,0,5,3,SR-1441,,95,37.50257778,-82.446986110,0,31,0,0,1,1,4,0,1,1,0,1,0,0000000,99,99,99,99,88,88,0,0,0,1,0
21,210221,2,2,0,0,0,2,2,111,2090,30,5,2011,2,16,42,0,16,3,SR-61,JACOB ST. EAST,41,38.24343889,-85.747861110,0,12,6,0,2,2,1,0,1,1,0,1,0,0000000,99,99,99,99,88,88,0,0,0,1,0
21,210222,2,2,0,0,0,4,4,67,1980,31,5,2011,3,15,33,0,16,5,FT. HARRODS DRIVE,MAN O WAR BLVD,24,38.01286667,-84.575586110,0,12,6,0,2,2,1,0,1,1,0,1,0,0000000,15,37,15,45,16,0,0,0,0,1,0
21,210223,1,1,0,0,0,2,2,9,0,30,5,2011,2,18,20,0,4,3,SR-252,,88,36.94433611,-85.999088890,0,38,0,0,1,1,4,0,1,1,0,1,0,0000000,18,22,18,30,18,42,0,0,0,2,0
21,210224,1,1,0,0,0,1,1,15,2600,30,5,2011,2,17,18,0,3,3,SR-20,,54,39.04875278,-84.875136110,0,59,0,0,1,1,4,0,1,1,0,1,0,0000000,17,18,17,23,88,88,0,0,0,1,1
21,210225,2,2,0,0,0,3,3,35,2350,25,5,2011,4,10,46,0,4,3,SR-1660,SR-94,76,36.60498611,-88.351922220,0,12,6,0,2,2,1,0,1,10,0,10,0,0000000,10,53,10,57,11,13,0,0,0,1,0
21,210226,2,2,0,0,0,6,6,21,860,31,5,2011,3,7,55,0,15,3,SR-34,,116,37.62490556,-84.809775000,0,12,6,0,1,1,1,0,1,1,0,1,0,0000000,8,1,8,2,8,16,0,0,0,2,0
21,210227,2,2,0,0,0,7,7,49,0,20,5,2011,6,21,56,0,4,3,SR-15,STONER EPHESUS RD,69,37.97405833,-84.078883330,0,12,6,0,2,4,1,0,2,1,0,1,0,0000000,21,57,22,6,23,17,0,0,0,1,0
21,210228,1,1,0,0,0,1,1,15,0,21,5,2011,7,18,1,0,14,3,SR-338,I-75 RAMP,1,38.91708333,-84.630602780,0,1,0,0,5,1,1,0,1,1,0,1,0,0000000,18,1,18,4,18,27,0,0,0,1,0
21,210229,3,3,0,0,0,5,5,113,2410,12,5,2011,5,17,18,1,13,2,US-27,,151,37.95451944,-84.539880560,0,12,1,0,1,1,1,0,1,1,0,1,0,0000000,17,20,17,26,17,52,0,0,0,1,0
21,210230,1,1,0,0,0,1,1,45,0,25,5,2011,4,12,29,0,6,4,CHESTNUT LEVEL RD,,38,37.21724167,-84.832863890,0,1,0,0,1,1,1,0,1,1,0,1,0,0000000,12,35,12,49,13,32,0,0,0,1,1
21,210231,1,1,0,0,0,1,1,215,0,12,5,2011,5,4,33,0,3,3,SR-155,,42,38.13533333,-85.412650000,0,35,0,0,1,1,4,0,4,1,0,1,0,0000000,4,41,4,49,88,88,0,0,0,1,1
21,210232,2,2,0,0,0,2,2,67,1980,29,5,2011,1,8,6,0,2,2,US-25,,222,38.15541389,-84.546361110,0,12,6,0,1,1,1,0,1,1,0,1,0,0000000,7,50,7,57,8,20,0,0,0,1,0
21,210233,1,1,0,0,0,2,2,153,0,13,3,2011,1,0,14,0,6,3,SR-1397,,24,37.64995278,-83.131827780,0,42,0,0,1,1,4,0,2,1,0,1,0,0000000,99,99,99,99,99,99,0,0,0,1,1
21,210234,1,1,0,0,0,1,1,121,0,2,3,2011,4,14,37,0,5,3,SR-1803,,56,37.03202222,-83.903016670,0,35,0,0,1,1,4,0,1,1,0,1,0,0000000,14,45,15,2,15,52,0,0,0,1,1
21,210235,1,1,0,0,0,2,2,195,0,23,4,2011,7,13,13,0,6,4,VERA DRIVE,,0,37.50536111,-82.542022220,0,10,0,0,6,1,1,0,1,1,0,1,0,9999999,13,9,13,17,13,49,0,0,0,1,0