STATE,ST_CASE,VE_TOTAL,VE_FORMS,PVH_INVL,PEDS,PERNOTMVIT,PERMVIT,PERSONS,COUNTY,CITY,DAY,MONTH,YEAR,DAY_WEEK,HOUR,MINUTE,NHS,ROAD_FNC,ROUTE,TWAY_ID,TWAY_ID2,MILEPT,LATITUDE,LONGITUD,SP_JUR,HARM_EV,MAN_COLL,RELJCT1,RELJCT2,TYP_INT,REL_ROAD,WRK_ZONE,LGT_COND,WEATHER1,WEATHER2,WEATHER,SCH_BUS,RAIL,NOT_HOUR,NOT_MIN,ARR_HOUR,ARR_MIN,HOSP_HR,HOSP_MN,CF1,CF2,CF3,FATALS,DRUNK_DR
21,210236,2,2,0,0,0,3,3,229,0,18,5,2011,4,10,33,0,2,3,SR-555,US-150,14,37.69052778,-85.232427780,0,12,6,0,2,2,1,0,1,10,0,10,0,0000000,10,34,10,41,11,8,0,0,0,1,0
21,210237,1,1,0,0,0,1,1,173,1741,28,5,2011,7,18,14,0,3,2,US-460,,178,37.97008333,-83.832850000,0,53,0,0,1,1,4,0,1,1,0,1,0,0000000,18,16,18,25,18,55,0,0,0,1,0
21,210238,2,2,0,0,0,2,2,39,0,10,5,2011,3,7,36,0,4,3,SR-80,,106,36.79705278,-88.885575000,0,12,2,0,1,1,1,0,1,1,0,1,0,0000000,7,43,7,53,99,99,0,0,0,1,0
21,210239,2,2,0,0,0,2,2,183,0,1,6,2011,4,15,36,0,4,3,SR-261,CR-1106,7,37.63843056,-86.692963890,0,12,6,0,2,3,1,0,1,1,0,1,0,0000000,15,39,15,55,17,9,0,0,0,1,0
21,210240,2,2,0,0,0,7,7,71,947,1,6,2011,4,17,31,0,4,3,SR-122,,138,37.49998889,-82.759408330,0,12,2,0,1,1,1,0,1,1,0,1,0,0000000,99,99,99,99,99,99,0,0,0,2,1
21,210241,2,2,0,0,0,4,4,31,0,1,6,2011,4,18,14,0,4,2,US-231,,148,37.26213333,-86.687494440,0,12,2,0,1,1,1,0,1,1,0,1,0,0000000,18,14,18,22,18,51,0,0,0,1,0
21,210242,2,2,0,0,0,3,3,111,2090,2,6,2011,5,8,12,1,13,3,SR-1934,TRADE PORT RD,28,38.12523889,-85.893152780,0,12,6,0,2,2,1,0,1,1,0,1,0,0000000,8,15,8,24,9,0,0,0,0,1,0
21,210243,1,1,0,0,0,1,1,197,0,2,6,2011,5,21,15,0,4,3,SR-11,,134,37.83571667,-83.813152780,0,24,0,0,1,1,4,0,2,1,0,1,0,0000000,21,15,21,20,21,57,0,0,0,1,0
21,210244,1,1,0,0,0,1,1,125,0,4,6,2011,7,0,43,1,1,1,I-75 RAMP,,0,36.97848889,-84.111241670,0,52,0,0,5,1,8,0,2,1,0,1,0,0000000,0,44,0,56,1,25,0,0,0,1,1
21,210245,2,2,0,0,0,5,5,121,1337,4,6,2011,7,19,9,0,4,3,SR-11,,186,36.96686667,-83.833794440,0,12,2,0,8,1,1,0,1,1,0,1,0,0000000,19,8,19,19,88,88,0,0,0,1,0
21,210246,2,2,0,0,0,2,2,53,0,4,6,2011,7,16,25,0,3,3,SR-90,SR-558,63,36.75301667,-85.118122220,0,12,2,0,3,2,1,0,1,1,0,1,0,0000000,16,31,16,34,16,56,0,0,0,1,0
21,210247,1,1,0,0,0,1,1,67,1980,5,6,2011,1,3,44,1,1,1,I-75,,1035,37.89913889,-84.356030560,0,24,0,0,1,1,4,0,2,10,0,10,0,0000000,3,47,3,58,88,88,0,0,0,1,1
21,210248,1,1,0,0,0,2,2,209,0,5,6,2011,1,19,44,1,1,1,I-64,,699,38.14765278,-84.586702780,0,35,0,0,1,1,4,0,5,1,0,1,0,0000000,19,43,19,52,21,16,0,0,0,1,0
21,210249,1,1,0,0,0,5,5,31,0,8,6,2011,4,22,5,0,6,4,COUNTY RD,,5,37.30577222,-86.624794440,0,43,0,0,1,1,4,0,2,1,0,1,0,0000000,22,29,22,39,23,58,0,0,0,2,1
21,210250,1,1,0,0,0,1,1,237,0,9,6,2011,5,22,28,1,2,3,SR-15,,65,37.69710000,-83.526350000,0,35,0,0,1,1,4,0,2,1,0,1,0,0000000,99,99,99,99,88,88,0,0,0,1,1
21,210251,1,1,0,0,0,2,2,165,2209,8,6,2011,4,21,16,0,3,2,US-460,,28,37.95705556,-83.717752780,0,32,0,0,1,1,4,0,5,1,0,1,0,0000000,21,11,21,22,99,99,0,0,0,1,0
21,210252,2,1,1,0,0,1,1,81,0,10,6,2011,6,17,31,1,1,1,I-75,,1615,38.71508333,-84.604083330,0,14,0,0,1,1,4,0,1,2,0,2,0,0000000,17,33,17,38,88,88,19,0,0,1,0
21,210253,2,2,0,0,0,3,3,15,0,10,6,2011,6,19,9,0,4,2,US-42,,51,38.87483056,-84.700555560,0,12,2,0,1,1,1,0,1,10,0,10,0,0000000,19,10,19,19,20,4,0,0,0,1,0
21,210254,2,2,0,0,0,2,2,125,0,11,6,2011,7,13,3,0,13,2,US-25,,5,36.95747222,-84.070386110,0,12,2,0,1,1,1,0,1,1,0,1,0,0000000,13,4,13,11,13,59,0,0,0,1,1
21,210255,1,1,0,0,0,1,1,235,0,11,6,2011,7,13,35,0,6,4,WARD CEMETERY RD,,1,36.88682778,-84.185572220,0,1,0,0,1,1,4,0,1,1,0,1,0,0000000,99,99,99,99,88,88,0,0,0,1,0
21,210256,1,1,0,0,0,2,2,171,0,11,6,2011,7,21,25,0,4,3,SR-63,,185,36.76676944,-85.799275000,0,42,0,0,1,1,4,0,2,1,0,1,0,0000000,20,51,21,13,21,42,0,0,0,1,1
21,210257,2,2,0,0,0,3,3,191,1090,10,6,2011,6,13,57,0,2,2,US-27,WOODSON RD,77,38.67493889,-84.339680560,0,12,6,0,2,2,1,0,1,10,0,10,0,0000000,14,2,14,32,14,56,0,0,0,1,0
21,210258,1,1,0,0,0,3,3,93,0,13,6,2011,2,14,50,1,2,3,SR-9001,,1319,37.64359722,-85.916347220,0,42,0,0,1,1,4,0,1,1,0,1,0,0000000,14,57,15,0,15,59,0,0,0,2,0
21,210259,1,1,0,0,0,1,1,179,0,2,6,2011,5,5,17,0,4,3,SR-52,,28,37.73491667,-85.666366670,0,42,0,0,1,1,4,0,2,5,0,5,0,0000000,5,17,5,30,6,8,0,0,0,1,0
21,210260,1,1,0,0,0,1,1,111,0,2,6,2011,5,19,4,0,16,5,HALIFAX RD,NORTHCUMBERLAND DR,7,38.31396667,-85.527855560,0,19,0,0,3,3,4,0,1,10,0,10,0,0000000,19,4,19,9,88,88,0,0,0,1,0
21,210261,2,2,0,0,0,3,3,227,0,16,6,2011,5,17,58,0,5,3,SR-1297,,80,36.97296944,-86.168988890,0,12,2,0,8,1,1,0,1,10,0,10,0,0000000,17,56,18,14,18,52,0,0,0,1,1
21,210262,1,1,0,0,0,2,2,145,0,13,6,2011,2,19,44,0,4,3,SR-1954,SR-6039,32,37.00573056,-88.598941670,0,5,0,0,3,3,1,0,1,1,0,1,0,0000000,19,48,19,54,20,6,0,0,0,1,1
21,210263,2,2,0,0,0,5,5,111,2090,17,6,2011,6,15,20,0,16,5,SMYRNA PARKWAY,,1,38.13270000,-85.642419440,0,12,2,0,1,1,1,0,1,10,0,10,0,0000000,99,99,99,99,99,99,0,0,0,1,0
21,210264,1,1,0,0,0,1,1,75,1270,19,6,2011,1,8,20,0,4,2,US-45,,2,36.50466944,-88.892527780,0,53,0,0,1,1,5,0,1,1,0,1,0,0000000,8,24,8,28,88,88,0,0,0,1,0
21,210265,2,2,0,0,0,2,2,141,10,19,6,2011,1,15,45,0,2,2,US-431,,12,36.64996667,-86.854391670,0,12,2,0,1,1,1,0,1,10,0,10,0,0000000,15,52,16,16,16,47,0,0,0,1,0
21,210266,1,1,0,0,0,1,1,9,0,20,6,2011,2,2,15,0,6,4,BEAVER CREEK RD,,7,36.98726667,-85.759105560,0,35,0,0,1,1,4,0,6,1,0,1,0,0000000,2,15,2,33,88,88,0,0,0,1,1
21,210267,1,1,0,0,0,1,1,205,0,17,6,2011,6,15,6,0,4,3,SR-32,,180,38.16816944,-83.249975000,0,1,0,0,1,1,4,0,1,1,0,1,0,0000000,15,6,15,20,99,99,0,0,0,1,0
21,210268,2,2,0,0,0,3,3,179,170,10,6,2011,6,18,12,0,2,3,SR-245,,18,37.81897222,-85.433119440,0,24,0,0,1,1,4,0,1,1,0,1,0,0000000,18,12,18,16,19,11,0,0,0,1,0
21,210269,2,2,0,0,0,3,3,147,3545,21,6,2011,3,13,18,1,2,2,US-27,,116,36.74865000,-84.474436110,0,12,2,0,1,1,1,0,1,10,0,10,0,0000000,13,22,13,29,14,18,0,0,0,1,0
21,210270,1,1,0,0,0,1,1,83,3620,22,6,2011,4,18,25,0,4,2,US-45,,83,36.65378889,-88.737944440,0,53,0,0,1,1,5,0,1,1,0,1,0,0000000,18,25,18,35,18,51,0,0,0,1,0
21,210271,1,1,0,0,0,4,4,217,0,22,6,2011,4,20,45,0,5,3,SR-744,,157,37.38304722,-85.201205560,0,42,0,0,1,1,4,0,5,1,0,1,0,0000000,20,48,21,3,21,39,0,0,0,1,1
21,210272,1,1,0,0,0,1,1,211,2980,24,6,2011,6,15,58,1,1,1,I-64,,381,38.16999167,-85.150008330,0,52,0,0,1,1,3,0,1,10,0,10,0,0000000,15,59,16,21,16,54,0,0,0,1,0
21,210273,1,1,0,1,1,4,4,83,0,24,6,2011,6,23,12,0,4,2,US-45,,16,36.56945833,-88.807855560,0,8,0,0,1,1,1,0,2,10,0,10,0,0000000,99,99,99,99,88,88,0,0,0,1,0
21,210274,4,4,0,0,0,5,5,145,2520,16,6,2011,5,13,0,0,13,2,US-60,SR-731,125,37.08349444,-88.649452780,0,12,1,0,3,2,1,0,1,1,0,1,0,0000000,13,2,13,8,13,19,0,0,0,1,1
21,210275,1,1,0,0,0,2,2,161,0,25,6,2011,7,1,20,0,5,3,SR-3056,,0,38.65488611,-83.884305560,0,42,0,0,1,1,4,0,2,1,0,1,0,0000000,1,29,1,33,88,88,0,0,0,2,1
21,210276,1,1,0,0,0,1,1,213,0,25,6,2011,7,16,32,0,4,3,SR-73,,55,36.69719167,-86.525058330,0,1,0,0,1,1,10,0,1,1,0,1,0,0000000,16,35,16,40,88,88,0,0,0,1,0
21,210277,1,1,0,0,0,1,1,67,1980,25,6,2011,7,17,55,1,1,1,I-75,,1031,37.95076389,-84.386844440,0,52,0,0,1,1,4,0,1,1,0,1,0,0000000,17,54,18,5,18,34,0,0,0,1,0
21,210278,1,1,0,0,0,1,1,89,1350,25,6,2011,7,19,31,0,4,3,SR-2,,160,38.55789722,-82.850047220,0,1,0,0,1,1,1,0,1,1,0,1,0,0000000,19,33,19,40,88,88,0,0,0,1,0
21,210279,2,2,0,0,0,3,3,221,0,27,6,2011,2,17,43,0,5,3,SR-164,,109,36.68562778,-87.914572220,0,12,1,0,8,1,1,0,1,1,0,1,0,0000000,17,27,17,46,99,99,0,0,0,1,0
21,210280,2,2,0,0,0,2,2,111,2090,26,6,2011,1,23,43,0,13,3,SR-155,,48,38.19107500,-85.481916670,0,12,2,0,1,1,1,0,2,1,0,1,0,0000000,23,44,23,54,88,88,0,0,0,2,1
21,210281,3,3,0,1,1,2,2,117,800,24,6,2011,6,6,55,1,11,1,I-75,,1916,39.08340556,-84.522586110,0,12,1,0,1,1,1,0,1,1,0,1,0,0000000,6,55,6,57,7,20,19,0,0,1,0
21,210282,1,1,0,0,0,1,1,205,0,28,6,2011,3,0,30,0,4,3,SR-377,,30,38.23292222,-83.451977780,0,40,0,0,1,1,4,0,2,2,0,2,0,0000000,14,30,15,1,88,88,0,0,0,1,1
21,210283,2,2,0,0,0,3,3,151,0,28,6,2011,3,15,21,0,4,3,SR-1016,BARKER LANE WEST,24,37.59821944,-84.250502780,0,12,2,0,3,2,1,0,1,1,0,1,0,0000000,99,99,99,99,99,99,0,0,0,1,0
21,210284,1,1,0,0,0,1,1,199,0,28,6,2011,3,16,33,0,4,3,SR-80,,62,37.08787778,-84.793211110,0,42,0,0,1,1,4,0,1,10,0,10,0,0000000,16,36,16,40,99,99,0,0,0,1,0
21,210285,1,1,0,0,0,3,3,69,0,28,6,2011,3,21,27,0,5,3,SR-597,,8,38.43822778,-83.731655560,0,32,0,0,1,1,4,0,2,1,0,1,0,0000000,21,29,21,33,22,31,0,0,0,1,0
21,210286,2,2,0,0,0,2,2,89,0,29,6,2011,4,0,48,0,2,3,SR-67,,118,38.53890000,-82.805972220,0,1,0,0,1,1,1,0,2,1,0,1,0,0000000,0,51,1,5,88,88,0,0,0,2,1
21,210287,1,1,0,0,0,3,3,203,0,29,6,2011,4,9,31,0,4,3,SR-70,,65,37.36947500,-84.420833330,0,58,0,0,1,1,4,0,1,1,0,1,0,0000000,9,31,9,42,88,88,0,0,0,2,0
21,210289,1,1,0,1,1,2,2,111,2090,7,6,2011,3,22,42,0,13,3,SR-61,,69,38.17542222,-85.713958330,0,8,0,0,1,1,1,0,3,1,0,1,0,0000000,23,5,23,15,88,88,0,0,0,1,0
21,210290,1,1,0,0,0,1,1,31,0,30,6,2011,5,20,55,0,4,2,US-231,,18,37.11532778,-86.652002780,0,34,0,0,1,1,4,0,2,1,0,1,0,0000000,21,5,21,21,21,47,0,0,0,1,0
21,210291,2,2,0,0,0,2,2,73,1220,29,6,2011,4,15,55,0,13,2,US-160,,126,38.16763056,-84.808961110,0,12,6,0,8,1,1,0,1,1,0,1,0,0000000,16,10,16,21,16,45,0,0,0,1,0
21,210292,1,1,0,0,0,1,1,231,0,13,6,2011,2,14,45,0,5,3,SR-1546,,49,36.81210278,-84.967147220,0,35,0,0,1,1,4,0,1,1,0,1,0,0000000,14,44,14,56,88,88,0,0,0,1,1
21,210293,1,1,0,0,0,1,1,231,0,10,6,2011,6,6,57,0,3,3,SR-90,,192,36.92931111,-84.751411110,0,30,0,0,1,1,4,0,4,1,0,1,0,0000000,7,3,7,6,99,99,0,0,0,1,0
21,210294,3,3,0,0,0,6,6,57,0,22,6,2011,4,18,50,0,3,3,SR-90,,104,36.79821944,-85.415397220,0,12,6,0,1,1,1,0,1,1,0,1,0,0000000,18,53,18,57,19,29,0,0,0,2,0
21,210295,1,1,0,0,0,1,1,167,0,12,6,2011,1,10,40,0,16,4,MCCROWSKEY PIKE,,3,37.82632778,-84.834622220,0,1,0,0,1,1,1,0,1,10,0,10,0,0000000,10,45,10,50,99,99,0,0,0,1,0
21,210296,2,2,0,0,0,5,5,49,0,24,6,2011,6,20,38,0,3,2,US-60,,6,38.02267222,-84.261875000,0,12,2,0,8,1,1,0,1,1,0,1,0,0000000,20,38,20,43,99,99,0,0,0,1,0
21,210297,1,1,0,0,0,1,1,63,0,12,6,2011,1,13,12,0,5,3,SR-409,,63,38.13968611,-82.967505560,0,5,0,0,1,1,1,0,1,1,0,1,0,0000000,13,12,13,46,14,30,0,0,0,1,0
21,210298,1,1,0,0,0,1,1,199,0,25,6,2011,7,0,46,0,4,3,SR-192,,167,37.02777222,-84.354400000,0,1,0,0,1,1,4,0,2,1,0,1,0,0000000,0,50,1,12,88,88,0,0,0,1,1
21,210299,1,1,0,0,0,1,1,151,270,1,7,2011,6,5,48,1,11,1,I-75 N,,762,37.56754167,-84.314747220,0,25,0,0,1,1,3,0,4,10,0,10,0,0000000,5,47,5,58,88,88,0,0,0,1,0
21,210300,2,2,0,0,0,3,3,59,2490,1,7,2011,6,15,9,0,16,5,EAST 27TH STREET,JR MILLER BLVD,11,37.74869444,-87.106455560,0,12,6,0,2,2,1,0,1,1,0,1,0,0000000,15,18,15,25,15,41,0,0,0,1,0
21,210301,3,3,0,0,0,6,6,195,2640,1,7,2011,6,21,4,1,2,2,US-23,SR-460,187,37.43685556,-82.511100000,0,12,6,0,3,3,1,0,5,1,0,1,0,0000000,21,2,21,7,21,26,0,0,0,1,0
21,210302,3,3,0,0,0,5,5,215,0,2,7,2011,7,13,20,0,3,2,US-31E,,8,37.98493333,-85.484405560,0,12,8,0,1,1,1,0,1,1,0,1,0,0000000,13,21,13,49,14,22,0,0,0,1,0
21,210303,1,1,0,0,0,1,1,59,0,2,7,2011,7,21,56,0,6,4,CURDSVILLE DELAWARE,,70,37.72619444,-87.359419440,0,35,0,0,1,1,4,0,2,1,0,1,0,0000000,23,33,23,59,88,88,0,0,0,1,1
21,210304,2,2,0,0,0,6,6,35,0,4,7,2011,2,1,38,0,4,3,SR-94C,SR-80,0,36.66745556,-88.203736110,0,12,6,0,2,3,1,0,2,1,0,1,0,0000000,1,37,1,43,2,8,0,0,0,1,1
21,210305,2,2,0,0,0,3,3,185,0,4,7,2011,2,10,30,0,5,3,SR-1818,,14,38.31162500,-85.421105560,0,12,2,0,1,1,1,0,1,10,0,10,0,0000000,10,37,10,45,88,88,0,0,0,1,0
21,210306,1,1,0,0,0,2,2,195,0,4,7,2011,2,16,25,0,4,3,SR-195,,63,37.32270000,-82.458775000,0,42,0,0,1,1,4,0,1,10,0,10,0,0000000,16,34,17,0,18,24,0,0,0,1,0
21,210307,1,1,0,0,0,1,1,205,0,5,7,2011,3,9,25,0,4,3,SR-32,,163,38.18227222,-83.274222220,0,30,0,0,1,1,4,0,1,1,0,1,0,0000000,9,25,9,31,99,99,0,0,0,1,0
21,210308,3,3,0,0,0,7,7,71,1563,5,7,2011,3,17,32,0,4,3,SR-979,,10,37.37953611,-82.699586110,0,12,8,0,1,1,1,0,1,10,0,10,0,0000000,99,99,99,99,99,99,0,0,0,1,1
21,210309,1,1,0,0,0,1,1,43,0,5,7,2011,3,14,18,0,4,2,US-60,,205,38.32846111,-82.999047220,0,35,0,0,1,1,4,0,1,1,0,1,0,0000000,14,19,14,37,15,15,0,0,0,1,1
21,210310,1,1,0,0,0,1,1,119,2892,7,7,2011,5,18,23,0,5,3,SR-1088,,14,37.27029722,-83.100113890,0,42,0,0,1,1,4,0,1,1,0,1,0,0000000,88,88,88,88,88,88,0,0,0,1,1
21,210311,1,1,0,0,0,2,2,163,0,6,7,2011,4,13,44,0,3,3,SR-79,,4,37.89978056,-86.266194440,0,38,0,0,1,1,4,0,1,1,0,1,0,0000000,13,54,14,14,14,38,0,0,0,1,0
21,210312,1,1,0,0,0,1,1,35,0,4,7,2011,2,22,6,0,6,3,SR-1551,,9,36.69023889,-88.186269440,0,35,0,0,1,1,4,0,2,1,0,1,0,0000000,22,19,22,32,22,52,0,0,0,1,0
21,210313,2,2,0,0,0,3,3,227,0,8,7,2011,6,17,33,0,4,3,SR-185,,99,37.11649167,-86.423219440,0,12,6,0,1,1,1,0,1,1,0,1,0,0000000,17,29,18,4,18,27,0,0,0,1,1
21,210314,2,2,0,0,0,2,2,217,0,8,7,2011,6,17,36,0,2,2,US-68,SR-634,130,37.42872778,-85.281886110,0,12,2,0,2,2,1,0,1,2,0,2,0,0000000,17,38,17,46,88,88,0,0,0,1,0
21,210315,1,1,0,4,4,1,1,47,1620,8,7,2011,6,20,28,1,13,2,US-41A,,58,36.71408333,-87.458125000,0,49,0,0,1,1,1,0,5,1,0,1,0,0000000,20,41,21,6,21,53,0,0,0,1,1
21,210316,1,1,0,0,0,1,1,101,0,8,7,2011,6,22,54,0,6,4,OLD CORYDON ROAD,,6,37.79059167,-87.668408330,0,32,0,0,1,1,4,0,2,1,0,1,0,0000000,22,56,23,10,88,88,0,0,0,1,0
21,210317,2,2,0,0,0,3,3,19,0,9,7,2011,7,13,14,1,13,2,US-23,,207,38.48765833,-82.664608330,0,12,6,0,4,1,1,0,1,1,0,1,0,0000000,13,14,13,22,13,42,0,0,0,1,0
21,210318,1,1,0,0,0,4,4,47,1620,9,7,2011,7,13,57,1,2,2,US-68,,83,36.87193056,-87.531980560,0,1,0,0,1,1,1,0,1,1,0,1,0,0000000,14,0,14,3,14,38,0,0,0,1,0
21,210319,1,1,0,0,0,1,1,151,2750,3,7,2011,1,22,20,0,13,2,US-25X,,5,37.73832778,-84.281530560,0,30,0,0,1,1,4,0,3,10,0,10,0,0000000,22,20,22,21,88,88,0,0,0,1,1
21,210320,1,1,0,0,0,1,1,227,0,12,7,2011,3,12,0,0,4,2,US-231,,250,37.05113611,-86.595052780,0,35,0,0,1,1,4,0,1,1,0,1,0,0000000,12,10,12,23,88,88,0,0,0,1,1
21,210321,1,1,0,0,0,3,3,169,0,12,7,2011,3,15,57,0,3,3,SR-90,,74,36.84676111,-85.634952780,0,39,0,0,1,1,4,0,1,10,0,10,0,0000000,15,58,16,22,17,18,0,0,0,2,0
21,210322,1,1,0,0,0,1,1,93,1309,13,7,2011,4,7,32,1,1,1,I-65N,,861,37.60056389,-85.867511110,0,57,0,0,1,1,3,0,1,1,0,1,0,0000000,7,41,7,55,8,12,0,0,0,1,0
21,210323,1,1,0,0,0,3,3,67,1980,8,7,2011,6,10,35,1,11,1,I-75,,1101,38.04694167,-84.422722220,0,31,0,0,1,1,4,0,1,2,0,2,0,0000000,10,35,10,43,11,26,5,0,0,1,0
21,210324,1,1,0,0,0,1,1,175,0,13,7,2011,4,22,50,0,4,3,SR-172,,73,37.95191389,-83.152300000,0,30,0,0,1,1,4,0,2,1,0,1,0,0000000,23,6,23,17,88,88,0,0,0,1,0
21,210325,2,2,0,0,0,4,4,183,210,15,7,2011,6,14,39,0,4,2,US-231,,110,37.41502778,-86.877736110,0,12,6,0,8,1,1,0,1,1,0,1,0,0000000,14,40,14,42,15,19,0,0,0,1,0
21,210326,1,1,0,0,0,2,2,185,0,16,7,2011,7,2,45,0,6,3,SR-1488,,23,38.48574444,-85.349950000,0,1,0,0,1,1,1,0,2,1,0,1,0,0000000,2,45,3,8,88,88,0,0,0,1,1
21,210327,2,2,0,0,0,5,5,111,2090,16,7,2011,7,13,56,1,13,2,US-31W,,91,38.11399722,-85.861502780,0,12,2,0,1,1,1,0,1,1,0,1,0,0000000,13,56,14,0,14,36,0,0,0,1,0
21,210328,2,2,0,0,0,3,3,83,0,16,7,2011,7,14,32,0,4,3,SR-80,CARRICO RD,0,36.80210278,-88.800430560,0,12,6,0,2,3,1,0,1,2,0,2,0,0000000,14,34,14,44,15,31,0,0,0,1,0
21,210329,2,2,0,0,0,3,3,111,2090,16,7,2011,7,18,55,1,11,1,I-264,,66,38.18496944,-85.816011110,0,25,0,0,1,1,3,0,1,1,0,1,0,0000000,18,55,18,57,21,41,0,0,0,1,1
21,210330,1,1,0,0,0,1,1,231,0,17,7,2011,1,2,30,0,6,4,POTTERSHOP RD,,4,36.99588333,-84.832522220,0,1,0,0,1,1,4,0,2,1,0,1,0,0000000,2,41,3,8,3,56,0,0,0,1,1
21,210331,1,1,0,0,0,3,3,185,0,17,7,2011,1,16,54,0,3,2,US-42,,164,38.47952778,-85.375786110,0,24,0,0,1,1,4,0,1,1,0,1,0,0000000,16,51,17,8,99,99,0,0,0,1,1
21,210332,1,1,0,1,1,2,2,47,0,17,7,2011,1,21,40,0,15,3,SR-1682,,51,36.89311111,-87.465247220,0,8,0,0,1,1,1,0,2,1,0,1,0,0000000,21,41,21,50,88,88,0,0,0,1,0
21,210333,1,1,0,0,0,4,4,43,0,18,7,2011,2,14,44,1,1,1,I-64,,1758,38.36326111,-82.860088890,0,24,0,0,1,1,3,0,1,1,0,1,0,0000000,14,50,14,56,15,59,0,0,0,1,0
21,210334,2,2,0,0,0,2,2,185,815,18,7,2011,2,22,13,0,14,3,SR-146,SR-1408,21,38.32324167,-85.471358330,0,5,0,0,2,3,1,0,2,1,0,1,0,0000000,22,13,22,21,88,88,14,0,0,1,0
21,210335,4,4,0,0,0,13,13,199,0,19,7,2011,3,19,33,1,2,2,US-27,YELLOW JACKET COURT,229,37.17810000,-84.624102780,0,12,6,0,2,2,1,0,1,10,0,10,0,0000000,19,43,19,50,20,28,0,0,0,2,0
21,210336,1,1,0,0,0,4,4,239,0,18,7,2011,2,8,35,0,4,2,US-62,,4,38.03653333,-84.831661110,0,42,0,0,1,1,4,0,1,10,0,10,0,0000000,8,39,8,50,9,32,0,0,0,1,0
21,210337,2,2,0,0,0,2,2,211,0,18,7,2011,2,16,57,0,3,3,SR-55,,170,38.30233056,-85.198288890,0,12,6,0,8,1,1,0,1,1,0,1,0,0000000,17,0,17,12,17,33,0,0,0,1,0
21,210338,2,2,0,0,0,3,3,151,2750,15,7,2011,6,4,0,1,1,1,I-75,,834,37.68337778,-84.313502780,0,12,2,0,1,1,1,0,3,1,0,1,0,0000000,4,0,4,14,5,0,0,0,0,2,0
21,210339,2,2,0,0,0,2,2,25,1720,20,7,2011,4,9,47,0,2,3,SR-15,,153,37.53603611,-83.347605560,0,12,6,0,1,1,1,0,1,1,0,1,0,0000000,88,88,88,88,88,88,0,0,0,1,0
21,210340,1,1,0,0,0,4,4,89,106,21,7,2011,5,17,45,0,4,3,SR-1,,133,38.51664167,-82.820691670,0,42,0,0,1,1,4,0,1,1,0,1,0,0000000,17,50,17,57,18,49,0,0,0,1,0
21,210341,1,1,0,0,0,3,3,93,0,22,7,2011,6,17,30,1,1,1,I-65,,869,37.60100556,-85.867425000,0,57,0,0,1,1,3,0,1,1,0,1,0,0000000,17,35,17,47,18,5,0,0,0,1,1
21,210342,2,2,0,0,0,2,2,119,1897,23,7,2011,7,21,36,0,4,3,SR-550,,189,37.38482222,-82.881716670,0,12,2,0,1,1,1,0,2,10,0,10,0,0000000,21,39,21,58,88,88,0,0,0,2,1
21,210343,1,1,0,0,0,1,1,131,848,23,7,2011,7,19,37,0,4,3,SR-699,,0,37.15008889,-83.299755560,0,1,0,0,1,1,1,0,1,1,0,1,0,0000000,88,88,88,88,88,88,0,0,0,1,0
21,210344,2,2,0,0,0,2,2,101,0,24,7,2011,1,3,36,0,4,3,SR-351,,34,37.81826111,-87.517905560,0,53,0,0,1,1,4,0,2,1,0,1,0,0000000,3,39,3,47,88,88,0,0,0,1,1
21,210345,1,1,0,0,0,1,1,119,2733,25,7,2011,2,8,36,1,2,3,SR-15,,2,37.20121111,-82.915191670,0,24,0,0,1,1,4,0,1,1,0,1,0,0000000,8,38,8,49,88,88,0,0,0,1,0
21,210346,1,1,0,0,0,1,1,145,0,25,7,2011,2,20,46,0,6,3,SR-787,,18,36.95098889,-88.488436110,0,42,0,0,1,1,4,0,2,1,0,1,0,0000000,99,99,99,99,88,88,0,0,0,1,1
21,210347,2,2,0,0,0,3,3,133,1712,23,7,2011,7,0,32,1,2,3,SR-15,,89,37.18268056,-82.886566670,0,12,6,0,1,1,1,0,2,10,0,10,0,0000000,99,99,99,99,99,99,0,0,0,1,1
21,210348,1,1,0,0,0,1,1,227,0,19,7,2011,3,11,12,0,4,3,SR-185,,105,37.13685000,-86.413222220,0,1,0,0,1,1,1,0,1,1,0,1,0,0000000,11,18,11,53,12,43,0,0,0,1,0
21,210349,2,2,0,0,0,3,3,27,0,26,7,2011,3,4,54,0,2,2,US-60,,67,37.82632778,-86.543855560,0,12,2,0,1,1,2,0,4,5,0,5,0,0000000,4,54,5,5,5,33,0,0,0,1,0
21,210350,1,1,0,0,0,2,2,69,2342,26,7,2011,3,23,43,0,5,3,SR-1013,,75,38.31687778,-83.551152780,0,1,0,0,1,1,4,0,2,1,0,1,0,0000000,23,45,23,53,99,99,0,0,0,1,1
21,210351,2,2,0,0,0,2,2,67,1980,13,7,2011,4,14,57,1,13,3,SR-4,,113,38.04822500,-84.454308330,0,12,6,0,1,1,1,0,1,1,0,1,0,0000000,14,57,14,59,15,23,0,0,0,1,0
21,210352,1,1,0,0,0,1,1,43,0,24,7,2011,1,21,35,0,4,2,US-60,,315,38.35303333,-82.815455560,0,35,0,0,1,1,4,0,2,2,0,2,0,0000000,21,49,21,54,22,19,0,0,0,1,1