STATE,ST_CASE,VE_TOTAL,VE_FORMS,PVH_INVL,PEDS,PERNOTMVIT,PERMVIT,PERSONS,COUNTY,CITY,DAY,MONTH,YEAR,DAY_WEEK,HOUR,MINUTE,NHS,ROAD_FNC,ROUTE,TWAY_ID,TWAY_ID2,MILEPT,LATITUDE,LONGITUD,SP_JUR,HARM_EV,MAN_COLL,RELJCT1,RELJCT2,TYP_INT,REL_ROAD,WRK_ZONE,LGT_COND,WEATHER1,WEATHER2,WEATHER,SCH_BUS,RAIL,NOT_HOUR,NOT_MIN,ARR_HOUR,ARR_MIN,HOSP_HR,HOSP_MN,CF1,CF2,CF3,FATALS,DRUNK_DR
21,210353,1,1,0,0,0,1,1,59,3540,28,7,2011,5,10,3,0,6,4,FRANKLIN ST.,,0,37.67858889,-86.870955560,0,42,0,0,1,1,4,0,1,1,0,1,0,0000000,10,7,10,21,88,88,0,0,0,1,0
21,210354,2,2,0,0,0,2,2,133,1750,29,7,2011,6,6,41,1,2,2,US-23,SR-805 RAMP,23,37.17761111,-82.640608330,0,12,1,0,2,3,1,0,4,5,0,5,0,0000000,6,41,99,99,88,88,0,0,0,1,0
21,210355,1,1,0,0,0,1,1,67,1980,30,7,2011,7,2,41,0,16,5,RUSSELL CAVE RD,,4,38.06663333,-84.483361110,0,42,0,0,1,1,4,0,3,10,0,10,0,0000000,2,45,2,50,88,88,0,0,0,1,1
21,210356,1,1,0,0,0,1,1,213,0,30,7,2011,7,15,13,0,6,4,HARRIS RD,,2,36.67282500,-86.755600000,0,34,0,0,1,1,4,0,1,2,0,2,0,0000000,15,17,15,32,88,88,0,0,0,1,0
21,210357,1,1,0,0,0,1,1,77,0,29,7,2011,6,19,24,0,4,2,US-127,,54,38.76693333,-84.817713890,0,42,0,0,1,1,4,0,1,1,0,1,0,0000000,19,24,19,38,20,24,0,0,0,1,1
21,210358,1,1,0,0,0,1,1,117,0,29,7,2011,6,21,4,0,6,3,SR-1930,,35,38.98510000,-84.463061110,0,1,0,0,1,1,2,0,2,1,0,1,0,0000000,21,4,21,14,21,53,0,0,0,1,0
21,210359,2,2,0,0,0,3,3,103,0,31,7,2011,1,14,9,0,6,4,WILSON RD,,2,38.42246111,-85.023150000,0,12,6,0,4,1,1,0,1,1,0,1,0,0000000,14,13,14,26,15,1,0,0,0,1,0
21,210360,2,2,0,0,0,3,3,111,2090,31,7,2011,1,20,48,0,14,3,SR-1450,,13,38.10116389,-85.694302780,0,12,2,0,1,1,1,0,2,1,0,1,0,0000000,99,99,99,99,99,99,0,0,0,1,0
21,210361,2,2,0,0,0,3,3,95,840,5,7,2011,3,14,30,1,2,2,US-119,SR-2179,339,36.97293611,-82.993877780,0,12,6,0,2,2,1,0,1,1,0,1,0,0000000,14,30,14,37,99,99,0,0,0,1,0
21,210362,1,1,0,0,0,1,1,113,0,21,7,2011,5,13,29,0,4,3,SR-169,,0,37.87390556,-84.441433330,0,3,0,0,1,1,5,0,1,1,0,1,0,0000000,13,29,13,43,88,88,0,0,0,1,0
21,210363,1,1,0,0,0,3,3,97,0,18,6,2011,7,6,20,1,2,2,US-27,,80,38.41677778,-84.282816670,0,34,0,0,1,1,4,0,4,10,0,10,0,0000000,6,25,6,30,6,59,0,0,0,1,0
21,210364,1,1,0,0,0,2,2,231,0,21,6,2011,3,20,20,0,5,3,SR-167,,159,36.76659722,-84.860586110,0,42,0,0,1,1,4,0,1,2,0,2,0,0000000,20,27,20,33,21,8,0,0,0,1,0
21,210365,1,1,0,1,1,1,1,17,0,2,7,2011,7,5,23,0,3,2,US-460,,41,38.22055000,-84.333413890,0,8,0,0,1,1,1,0,2,5,0,5,0,0000000,5,27,5,29,5,54,0,0,0,1,0
21,210366,2,2,0,0,0,3,3,105,0,4,5,2011,4,10,57,0,4,3,SR-58,,78,36.68325278,-89.019900000,0,12,6,0,8,1,1,0,1,1,0,1,0,0000000,10,58,99,99,88,88,0,0,0,3,0
21,210367,1,1,0,0,0,1,1,181,0,2,8,2011,3,10,50,0,4,3,SR-36,,46,38.30374444,-83.988633330,0,35,0,0,1,1,4,0,1,1,0,1,0,0000000,10,49,10,52,99,99,0,0,0,1,0
21,210368,2,2,0,0,0,3,3,85,287,2,8,2011,3,18,52,0,4,2,US-62,SR-720,312,37.54597222,-86.147488890,0,12,6,0,2,2,1,0,1,1,0,1,0,0000000,18,53,19,7,19,55,0,0,0,1,0
21,210369,1,1,0,0,0,2,2,227,0,3,8,2011,4,7,2,0,4,3,SR-234,,81,36.95246389,-86.348505560,0,42,0,0,1,1,5,0,1,10,0,10,0,0000000,7,2,7,12,88,88,0,0,0,2,1
21,210371,1,1,0,0,0,1,1,45,0,5,8,2011,6,4,36,0,5,3,SR-501,,4,37.21898333,-84.932727780,0,35,0,0,1,1,4,0,4,1,0,1,0,0000000,4,36,4,53,88,88,0,0,0,1,0
21,210372,4,4,0,0,0,7,7,117,800,5,8,2011,6,17,3,0,13,3,SR-17,SR-3035,154,38.98626667,-84.534472220,0,12,2,0,2,2,1,0,1,10,0,10,0,0000000,17,30,17,40,18,0,0,0,0,2,0
21,210373,1,1,0,0,0,2,2,203,0,5,8,2011,6,19,1,0,6,4,SINKING VALLEY RD,,7,37.46525278,-84.283847220,0,1,0,0,1,1,4,0,1,10,0,10,0,0000000,19,25,19,39,20,19,0,0,0,1,0
21,210374,2,2,0,0,0,4,4,59,2490,6,8,2011,7,14,45,0,13,3,SR-64,SR-60 RAMP,26,37.75789167,-87.073516670,0,12,6,0,5,1,1,0,1,1,0,1,0,0000000,14,48,14,51,15,13,0,0,0,1,0
21,210375,1,1,0,0,0,1,1,151,0,6,8,2011,7,21,55,0,3,3,SR-1295,,25,37.66602222,-84.387444440,0,35,0,0,1,1,4,0,2,1,0,1,0,0000000,21,59,22,25,88,88,0,0,0,1,1
21,210376,2,2,0,0,0,2,2,99,0,8,8,2011,2,5,49,1,1,1,I-65,,640,37.28306667,-85.908322220,0,23,0,0,1,1,3,0,4,5,0,5,0,0000000,5,53,6,3,6,27,0,0,0,1,0
21,210377,1,1,0,0,0,2,2,25,0,8,8,2011,2,16,46,0,5,3,SR-52,,2,37.54842222,-83.544372220,0,35,0,0,1,1,4,0,1,2,0,2,0,0000000,16,45,17,0,18,52,0,0,0,1,0
21,210378,2,2,0,0,0,2,2,67,1980,7,8,2011,1,4,57,0,13,2,US-68,BOB O LINK DRIVE,49,38.03206944,-84.525738890,0,12,6,0,2,2,1,0,3,10,0,10,0,0000000,5,0,5,5,5,32,0,0,0,1,1
21,210379,2,2,0,0,0,3,3,125,0,11,8,2011,5,18,3,0,4,3,SR-63,,61,37.06295000,-84.100772220,0,12,8,0,1,1,4,0,1,1,0,1,0,0000000,18,5,18,13,18,53,0,0,0,1,1
21,210380,2,2,0,0,0,2,2,89,0,8,8,2011,2,8,15,0,4,3,SR-207,,128,38.50398333,-82.752972220,0,12,2,0,1,1,1,0,1,10,0,10,0,0000000,8,22,8,30,8,53,0,0,0,1,0
21,210381,1,1,0,0,0,1,1,137,0,13,8,2011,7,3,40,0,5,3,SR-3246,,5,37.49134167,-84.497994440,0,42,0,0,1,1,4,0,2,1,0,1,0,0000000,99,99,99,99,99,99,0,0,0,1,1
21,210382,1,1,0,0,0,2,2,199,0,13,8,2011,7,7,37,0,4,3,SR-39,,174,37.32625000,-84.501472220,0,42,0,0,1,1,4,0,1,1,0,1,0,0000000,7,41,8,1,99,99,0,0,0,1,1
21,210383,2,2,0,0,0,2,2,79,0,13,8,2011,7,16,37,0,3,3,SR-1295,,20,37.62375000,-84.494905560,0,12,2,0,1,1,1,0,1,1,0,1,0,0000000,16,38,16,45,88,88,0,0,0,1,0
21,210384,2,2,0,0,0,4,4,195,2341,13,8,2011,7,18,27,1,2,2,US-460,,230,37.36889444,-82.248930560,0,12,2,0,1,1,1,0,1,10,0,10,0,0000000,99,99,99,99,99,99,0,0,0,1,0
21,210385,2,2,0,0,0,3,3,213,1230,6,8,2011,7,11,55,0,4,2,US-31W,I-65 RAMP,22,36.66552778,-86.554583330,0,12,6,1,2,2,1,0,1,1,0,1,0,0000000,11,57,12,6,99,99,0,0,0,1,0
21,210386,1,1,0,0,0,1,1,137,0,14,8,2011,1,2,42,0,4,3,SR-78,,0,37.52136667,-84.691758330,0,1,0,0,1,1,4,0,2,10,0,10,0,0000000,88,88,88,88,88,88,0,0,0,1,1
21,210387,1,1,0,0,0,1,1,73,1220,14,8,2011,1,12,14,0,13,3,SR-676,,30,38.18827500,-84.822350000,0,21,0,0,1,1,4,0,1,1,0,1,0,0000000,12,15,12,21,12,45,0,0,0,1,0
21,210388,1,1,0,0,0,1,1,97,0,14,8,2011,1,19,27,0,6,4,SWITZER PIKE,,5,38.31256944,-84.400491670,0,1,0,0,1,1,1,0,1,10,0,10,0,0000000,19,28,19,50,20,10,0,0,0,1,1
21,210389,2,2,0,0,0,3,3,157,0,15,8,2011,2,19,15,0,2,2,US-68,,0,36.97773611,-88.480797220,0,12,2,0,1,1,2,0,1,1,0,1,0,0000000,19,16,19,23,19,53,0,0,0,1,1
21,210390,1,1,0,0,0,1,1,83,0,16,8,2011,3,1,25,0,5,3,SR-849,,28,36.87776667,-88.750477780,0,42,0,0,1,1,4,0,2,1,0,1,0,0000000,99,99,99,99,88,88,0,0,0,1,1
21,210391,1,1,0,0,0,1,1,193,3368,4,8,2011,5,9,11,1,2,3,SR-15,,14,37.20575556,-83.074022220,0,35,0,0,1,1,4,0,1,1,0,1,0,0000000,99,99,99,99,99,99,0,0,0,1,0
21,210392,1,1,0,0,0,2,2,51,0,5,8,2011,6,3,0,0,6,4,CHOP BOTTOM RD,,2,37.10560833,-83.725991670,0,42,0,0,1,1,4,0,2,1,0,1,0,0000000,3,3,3,9,3,18,0,0,0,1,1
21,210393,1,1,0,0,0,1,1,29,0,17,8,2011,4,9,56,0,3,3,SR-61,,109,37.93346944,-85.702200000,0,1,0,0,1,1,4,0,1,1,0,1,0,0000000,9,54,9,58,10,50,0,0,0,1,0
21,210394,2,2,0,0,0,4,4,221,0,17,8,2011,4,12,2,1,2,2,US-68,,163,36.83803889,-87.849555560,0,12,6,0,8,1,1,0,1,1,0,1,0,0000000,12,2,12,7,13,7,0,0,0,1,0
21,210395,2,2,0,0,0,5,5,219,0,18,8,2011,5,15,53,0,2,2,US-79,,71,36.70600000,-87.106991670,0,42,0,0,1,1,4,0,1,2,0,2,1,0000000,16,6,16,19,16,51,0,0,0,1,0
21,210396,1,1,0,0,0,2,2,67,1980,14,8,2011,1,2,13,0,16,5,HIGH STREET EAST,,4,38.03482500,-84.491944440,0,42,0,0,1,1,5,0,3,10,0,10,0,0000000,2,16,2,19,88,88,0,0,0,2,1
21,210397,2,2,0,0,0,3,3,67,1980,19,8,2011,6,1,30,1,13,2,US-60,,20,38.04197500,-84.610047220,0,12,1,0,1,1,1,0,2,10,0,10,0,0000000,1,35,1,41,2,16,0,0,0,1,1
21,210398,2,2,0,0,0,3,3,49,0,19,8,2011,6,19,30,0,6,4,ELKIN STATION RD,,6,37.91244444,-84.219044440,0,32,0,0,1,1,4,0,1,1,0,1,0,0000000,19,37,19,46,99,99,0,0,0,1,0
21,210399,1,1,0,1,1,1,1,111,2090,21,8,2011,1,6,5,1,13,2,US-31W,BLANTON LN,125,38.15737222,-85.833691670,0,41,0,0,3,2,5,0,2,1,0,1,0,0000000,6,10,6,13,6,45,0,0,0,1,0
21,210400,2,2,0,0,0,3,3,19,0,21,8,2011,1,17,50,0,6,4,MIDLAND TRAIL,,9,38.42367222,-82.697525000,0,12,2,0,1,1,1,0,1,10,0,10,0,0000000,18,4,18,18,18,50,0,0,0,1,0
21,210401,1,1,0,0,0,2,2,157,0,22,8,2011,2,9,10,0,6,3,SR-1422,,49,36.91744167,-88.306216670,0,35,0,0,1,1,5,0,1,1,0,1,0,0000000,9,11,9,21,9,45,0,0,0,1,0
21,210402,2,2,0,0,0,4,4,193,341,22,8,2011,2,13,10,1,2,3,SR-15,,167,37.29023889,-83.231047220,0,12,2,0,1,1,2,0,1,1,0,1,0,0000000,13,14,13,15,13,30,0,0,0,1,0
21,210403,1,1,0,0,0,1,1,31,0,4,8,2011,5,3,0,0,5,3,SR-1083,,16,37.03356389,-86.671227780,0,38,0,0,1,1,4,0,2,1,0,1,0,0000000,6,56,7,9,88,88,0,0,0,1,0
21,210404,1,1,0,0,0,1,1,193,0,4,8,2011,5,13,26,0,4,3,SR-699,,107,37.10081667,-83.094319440,0,1,0,0,1,1,4,0,1,1,0,1,0,0000000,13,44,14,15,14,50,0,0,0,1,0
21,210405,1,1,0,0,0,1,1,37,2400,16,8,2011,3,21,26,0,13,3,SR-1120,,2,39.08143889,-84.495613890,0,30,0,0,1,1,4,0,3,1,0,1,0,0000000,21,27,21,31,21,52,0,0,0,1,0
21,210406,2,2,0,0,0,2,2,93,1309,24,8,2011,4,13,30,1,1,1,I-65,,855,37.58424167,-85.871200000,0,12,1,0,1,1,1,1,1,1,0,1,0,0000000,13,33,13,47,88,88,0,0,0,1,0
21,210407,2,2,0,0,0,3,3,101,0,25,8,2011,5,18,54,0,2,2,US-60,,19,37.72680556,-87.717675000,0,12,6,0,1,1,1,0,1,1,0,1,0,0000000,18,54,19,14,19,45,0,0,0,1,0
21,210408,1,1,0,0,0,1,1,227,350,26,8,2011,6,17,4,0,16,5,COLLEGE HEIGHTS BLVD,,0,36.98718056,-86.450236110,0,33,0,0,1,1,4,0,1,1,0,1,0,0000000,17,6,17,11,17,38,0,0,0,1,0
21,210409,1,1,0,0,0,1,1,107,0,26,8,2011,6,17,45,0,4,3,SR-70,,127,37.28006389,-87.589358330,0,34,0,0,1,1,4,0,1,1,0,1,0,0000000,17,45,17,55,18,7,0,0,0,1,0
21,210410,1,1,0,0,0,1,1,209,0,27,8,2011,7,6,30,0,2,2,US-25,,137,38.32936944,-84.573441670,0,38,0,0,1,1,4,0,4,1,0,1,0,0000000,6,46,6,50,88,88,0,0,0,1,1
21,210411,1,1,0,0,0,3,3,177,0,28,8,2011,1,0,50,0,4,3,SR-181,,33,37.08513889,-87.126088890,0,1,0,0,1,1,4,0,2,1,0,1,0,0000000,0,50,1,10,1,46,2,0,0,2,0
21,210412,2,2,0,0,0,2,2,15,3309,28,8,2011,1,8,13,0,14,2,US-42,SR-536,101,38.94662778,-84.676308330,0,12,6,0,2,2,1,0,1,1,0,1,0,0000000,8,13,8,17,9,28,0,0,0,1,0
21,210413,1,1,0,0,0,3,3,155,0,28,8,2011,1,12,6,0,5,3,SR-1195,,38,37.61395833,-85.166186110,0,42,0,0,1,1,4,0,1,1,0,1,0,0000000,12,6,12,16,12,56,0,0,0,2,0
21,210414,2,2,0,0,0,4,4,213,1230,27,8,2011,7,12,53,0,3,3,SR-100,,126,36.71494444,-86.518577780,0,12,11,0,8,1,2,0,1,1,0,1,0,0000000,12,53,12,59,88,88,0,0,0,1,1
21,210415,2,2,0,0,0,3,3,125,2040,28,8,2011,1,18,34,0,14,3,SR-80,,140,37.11741667,-84.033180560,0,12,6,0,8,1,1,0,1,1,0,1,0,0000000,18,36,18,41,18,59,0,0,0,1,0
21,210416,2,2,0,0,0,2,2,111,2090,31,8,2011,4,11,56,0,13,2,US-60A,4TH ST. SOUTH,30,38.21022222,-85.764705560,0,12,6,0,2,2,1,0,1,1,0,1,0,0000000,11,56,12,1,88,88,0,0,0,1,0
21,210417,1,1,0,0,0,1,1,37,0,26,8,2011,6,2,47,0,4,3,SR-10,,50,38.93320833,-84.341611110,0,35,0,0,1,1,4,0,2,1,0,1,0,0000000,2,50,2,58,88,88,0,0,0,1,1
21,210418,2,2,0,0,0,5,5,229,0,24,8,2011,4,17,20,1,2,3,SR-55,,12,37.64264444,-85.245322220,0,12,2,0,1,1,1,0,1,1,0,1,0,0000000,17,23,17,28,17,56,0,0,0,1,0
21,210419,1,1,0,1,1,1,1,37,0,28,8,2011,1,2,30,0,3,3,SR-547,,20,38.98063056,-84.364013890,0,8,0,0,1,1,1,0,2,1,0,1,0,0000000,7,7,7,18,99,99,0,0,0,1,1
21,210420,1,1,0,0,0,1,1,5,0,28,8,2011,1,11,2,0,6,4,CLAY BURGIN RD,,7,37.94853056,-85.100397220,0,42,0,0,1,1,4,0,1,1,0,1,0,0000000,11,7,11,29,88,88,0,0,0,1,1
21,210421,2,2,0,0,0,4,4,109,0,5,8,2011,6,15,51,0,3,2,US-421,,86,37.38468611,-83.927050000,0,12,2,0,1,1,1,0,1,1,0,1,0,0000000,15,51,16,0,99,99,0,0,0,1,0
21,210422,2,2,0,0,0,2,2,111,2090,26,8,2011,6,19,25,0,16,5,DIXIE HIGHWAY,LEE STREET WEST,16,38.22634722,-85.791227780,0,12,6,0,2,3,1,0,1,10,0,10,0,0000000,99,99,99,99,99,99,0,0,0,1,0
21,210423,1,1,0,0,0,1,1,199,0,3,6,2011,6,6,39,0,6,4,RICHARDSON LANE,,1,37.00610000,-84.604875000,0,10,0,0,6,1,1,0,1,1,0,1,0,841786P,6,43,7,4,7,46,0,0,0,1,0
21,210424,2,1,1,0,1,1,2,177,0,28,7,2011,5,7,38,0,6,3,SR-2690,,11,37.24710833,-87.233772220,0,45,0,0,1,1,1,4,1,1,0,1,0,0000000,7,30,7,41,8,9,0,0,0,1,0
21,210425,1,1,0,0,0,1,1,205,0,8,7,2011,6,23,28,0,6,3,SR-785,,17,38.25159444,-83.490258330,0,34,0,0,1,1,4,0,2,5,0,5,0,0000000,23,28,23,32,0,1,0,0,0,1,1
21,210426,2,2,0,0,0,5,5,199,1110,29,7,2011,6,19,10,1,2,3,SR-914,SR-1247,89,37.05061667,-84.587394440,0,12,1,0,3,2,1,0,1,1,0,1,0,0000000,19,11,19,17,19,30,0,0,0,1,1
21,210427,2,2,0,0,0,2,2,29,0,3,7,2011,1,13,51,0,14,3,SR-1526,,123,38.05271667,-85.677427780,0,12,2,0,1,1,1,0,1,1,0,1,0,0000000,13,52,13,56,14,38,0,0,0,1,0
21,210428,1,1,0,0,0,1,1,9,0,31,8,2011,4,11,2,0,6,4,SIDDENS RD,,21,36.95297778,-86.016038890,0,35,0,0,1,1,4,0,1,1,0,1,0,0000000,11,5,11,16,88,88,0,0,0,1,0
21,210429,2,2,0,0,0,4,4,147,0,1,9,2011,5,6,0,1,2,2,US-27,,152,36.79990278,-84.485850000,0,12,1,0,1,1,1,0,4,1,0,1,0,0000000,6,4,6,9,99,99,0,0,0,1,0
21,210430,2,2,0,0,0,2,2,1,0,1,9,2011,5,12,50,1,2,3,SR-9008,,417,37.05880833,-85.424708330,0,12,2,0,1,1,1,0,1,1,0,1,0,0000000,12,56,13,6,88,88,0,0,0,1,0
21,210431,1,1,0,0,0,1,1,95,0,2,9,2011,6,18,19,0,6,3,SR-3451,,17,36.84174722,-83.379750000,0,18,0,0,1,1,4,0,1,1,0,1,0,0000000,18,21,18,32,19,6,0,0,0,1,0
21,210432,1,1,0,0,0,4,4,61,0,2,9,2011,6,17,58,0,6,4,RAY HOUCHIN RD,,1,37.08585833,-86.085691670,0,10,0,0,6,1,1,0,1,1,0,1,0,343654F,18,0,18,20,19,1,0,0,0,3,1
21,210433,2,2,0,0,0,6,6,5,0,3,9,2011,7,1,28,1,2,3,SR-9002,,481,37.91007500,-85.033836110,0,35,0,0,1,1,4,0,2,10,0,10,0,0000000,99,99,99,99,99,99,14,0,0,1,0
21,210434,1,1,0,0,0,1,1,95,0,3,9,2011,7,12,23,0,5,3,SR-179,,57,36.95297778,-83.021708330,0,35,0,0,1,1,4,0,1,1,0,1,0,0000000,12,27,12,37,13,40,0,0,0,1,0
21,210435,1,1,0,0,0,2,2,73,0,2,9,2011,6,9,18,0,2,2,US-127,,166,38.28505278,-84.847369440,0,72,0,0,1,1,1,0,1,1,0,1,0,0000000,9,21,9,36,10,4,0,0,0,1,0
21,210436,1,1,0,0,0,1,1,157,0,2,9,2011,6,23,2,0,6,4,MOORS CAMP HWY,,41,36.92104444,-88.241886110,0,1,0,0,1,1,2,0,2,1,0,1,0,0000000,23,8,23,18,88,88,0,0,0,1,1
21,210437,2,2,0,0,0,6,6,31,0,4,9,2011,1,16,20,0,4,3,SR-70,,173,37.27115000,-86.637411110,0,12,2,0,1,1,1,0,1,2,0,2,0,0000000,16,28,16,33,17,16,0,0,0,1,0
21,210438,1,1,0,1,1,1,1,111,2090,4,9,2011,1,21,4,1,13,2,US-31W,,65,38.06677778,-85.885105560,0,8,0,0,1,1,1,0,2,10,0,10,0,0000000,21,4,21,16,88,88,0,0,0,1,1
21,210439,1,1,0,0,0,1,1,131,1650,4,9,2011,1,21,40,0,3,2,US-421,,178,37.11745000,-83.379491670,0,24,0,0,1,1,4,0,2,10,0,10,0,0000000,99,99,99,99,88,88,0,0,0,1,1
21,210440,2,1,1,0,0,1,1,211,2980,6,9,2011,3,4,41,1,1,1,I-64,,360,38.18132778,-85.183652780,0,14,0,0,1,1,2,0,2,2,0,2,0,0000000,5,4,5,12,88,88,0,0,0,1,0
21,210441,3,3,0,0,0,3,3,211,0,6,9,2011,3,7,33,0,4,3,SR-395,,140,38.21667222,-85.066108330,0,12,6,0,1,1,1,0,1,2,0,2,0,0000000,7,36,7,43,8,29,0,0,0,1,0
21,210442,3,3,0,0,0,4,4,177,1360,6,9,2011,3,9,55,0,4,3,SR-189 BYPAS,SPARTAN DR,120,37.22701667,-87.162202780,0,12,6,0,2,2,1,0,1,10,0,10,0,0000000,9,56,9,57,10,16,0,0,0,1,0
21,210443,1,1,0,0,0,3,3,23,0,6,9,2011,3,10,5,0,4,3,SR-8,,95,38.76432500,-84.067383330,0,35,0,0,1,1,4,0,1,2,0,2,0,0000000,10,7,10,21,10,33,0,0,0,1,0
21,210444,1,1,0,0,0,1,1,29,0,5,9,2011,2,11,4,0,3,3,SR-61,,84,37.90178056,-85.696836110,0,1,0,0,1,1,4,0,1,1,0,1,0,0000000,11,5,11,10,88,88,0,0,0,1,0
21,210445,2,2,0,0,0,3,3,57,0,7,9,2011,4,6,49,0,3,3,SR-90,,103,36.79760278,-85.417327780,0,12,6,0,1,1,1,0,4,2,0,2,0,0000000,6,49,6,54,7,9,0,0,0,1,0
21,210446,2,2,0,0,0,3,3,117,800,7,9,2011,4,14,46,0,13,3,SR-1120,RUSSELL ST.,9,39.07704167,-84.511750000,0,12,6,0,2,2,1,0,1,2,0,2,0,0000000,14,47,14,50,15,19,0,0,0,1,0
21,210447,2,2,0,0,0,3,3,151,2750,9,9,2011,6,1,12,1,1,1,I-75,,867,37.71685833,-84.320797220,0,12,2,0,1,1,1,0,3,10,0,10,0,0000000,1,13,1,23,2,19,0,0,0,2,1
21,210448,1,1,0,0,0,1,1,233,2920,9,9,2011,6,12,37,0,6,5,SEBREE SPRINGS RD,,0,37.58243889,-87.520050000,0,10,0,0,6,1,1,0,1,10,0,10,0,345359H,12,38,12,57,88,88,0,0,0,1,0
21,210449,1,1,0,0,0,1,1,229,0,13,9,2011,3,5,47,0,5,3,SR-433,,36,37.76973056,-85.096622220,0,11,0,0,1,1,1,0,2,1,0,1,0,0000000,5,49,6,14,88,88,0,0,0,1,0
21,210450,2,2,0,0,0,2,2,227,0,13,9,2011,3,14,38,0,14,2,US-231,SR-9007 RAMP,147,36.99090000,-86.503644440,0,12,6,1,5,1,1,0,1,1,0,1,0,0000000,14,38,14,43,15,5,0,0,0,1,1
21,210451,3,3,0,0,0,5,5,145,0,13,9,2011,3,15,44,1,11,1,I-24,,89,37.02249722,-88.607655560,0,12,7,0,1,1,1,0,1,1,0,1,0,0000000,15,48,15,55,16,15,0,0,0,1,0
21,210452,2,2,0,0,0,3,3,9,2550,15,9,2011,5,15,47,0,4,2,US-31W,,20,37.09277222,-86.018658330,0,12,8,0,1,1,1,0,1,1,0,1,0,0000000,15,53,16,5,16,45,0,0,0,1,0
21,210453,1,1,0,0,0,1,1,177,0,3,9,2011,7,1,19,0,6,4,FORGY MILL ROAD,,3,37.06730000,-86.983438890,0,42,0,0,1,1,4,0,2,1,0,1,0,0000000,1,22,1,44,2,55,0,0,0,1,0
21,210454,1,1,0,1,1,1,1,51,0,2,9,2011,6,1,0,0,3,2,US-421,,264,37.24882778,-83.821241670,0,8,0,0,1,1,2,0,2,1,0,1,0,0000000,1,14,1,23,88,88,0,0,0,1,1
21,210455,1,1,0,0,0,2,2,83,0,16,9,2011,6,14,47,0,5,3,SR-1241,,57,36.86674722,-88.665119440,0,52,0,0,1,1,4,0,1,1,0,1,0,0000000,15,43,15,53,16,26,18,0,0,1,0
21,210456,2,2,0,0,0,2,2,21,860,14,9,2011,4,12,13,1,13,2,US-150B,DANIEL DR,6,37.61950000,-84.763255560,0,12,6,0,2,2,1,0,1,1,0,1,0,0000000,12,14,12,16,12,40,0,0,0,1,0
21,210457,1,1,0,0,0,1,1,209,1280,10,9,2011,7,21,30,0,16,5,LOUISA LANE,,0,38.20395833,-84.579813890,0,1,0,0,1,1,1,0,3,1,0,1,0,0000000,21,30,21,35,22,7,0,0,0,1,1
21,210458,1,1,0,0,0,1,1,211,2980,18,9,2011,1,5,34,1,1,1,I-64,,331,38.18476667,-85.233477780,0,1,0,0,1,1,3,0,2,10,0,10,0,0000000,99,99,99,99,88,88,0,0,0,1,0
21,210459,1,1,0,0,0,1,1,31,0,19,9,2011,2,10,0,0,3,3,SR-79,,70,37.11385556,-86.721483330,0,33,0,0,1,1,5,0,1,2,0,2,0,0000000,10,2,10,11,88,88,0,0,0,1,0
21,210460,2,2,0,0,0,4,4,67,1980,19,9,2011,2,17,51,0,16,5,LIBERTY RD,,5,38.03717500,-84.463750000,0,12,6,0,1,1,1,0,5,2,0,2,0,0000000,17,54,18,2,18,13,0,0,0,1,1
21,210461,2,2,0,0,0,2,2,71,2670,21,9,2011,4,15,57,1,2,2,US-23,,166,37.66673611,-82.792838890,0,24,0,0,1,1,3,0,1,2,0,2,0,0000000,15,57,15,59,99,99,0,0,0,1,0
21,210462,2,2,0,0,0,2,2,227,350,23,9,2011,6,16,36,0,14,3,SR-185,,7,37.01230278,-86.442961110,0,12,2,0,1,1,1,0,1,1,0,1,0,0000000,16,35,16,40,17,1,0,0,0,1,0
21,210463,2,2,0,0,0,3,3,73,0,23,9,2011,6,20,0,0,2,2,US-127,,138,38.25021389,-84.852175000,0,12,2,0,1,1,1,0,2,1,0,1,0,0000000,20,11,20,15,20,58,0,0,0,1,0
21,210464,1,1,0,0,0,1,1,67,1980,21,9,2011,4,10,50,1,1,1,I-75 RAMP,,3,38.02094722,-84.408902780,0,1,0,1,5,1,1,0,1,2,0,2,0,0000000,10,52,10,58,11,21,0,0,0,1,0
21,210465,1,1,0,0,0,5,5,157,0,24,9,2011,7,3,30,0,2,2,US-68 WEST,,66,36.94992500,-88.368402780,0,35,0,0,1,1,4,0,2,1,0,1,0,0000000,3,36,3,43,4,17,0,0,0,2,1
21,210466,2,2,0,0,0,2,2,117,800,24,9,2011,7,9,4,0,13,2,US-25,,128,39.07762500,-84.518011110,0,12,6,0,8,1,1,0,1,2,0,2,0,0000000,9,4,9,7,9,28,0,0,0,1,0
21,210467,1,1,0,3,3,2,2,107,0,24,9,2011,7,19,24,0,4,2,US-41,,12,37.13469444,-87.473744440,0,49,0,0,1,1,1,0,2,1,0,1,0,0000000,19,26,19,42,20,14,0,0,0,1,0
21,210468,2,2,0,0,0,2,2,67,1980,25,9,2011,1,11,50,1,13,3,SR-922,,33,38.10388333,-84.484316670,0,12,6,0,8,1,1,0,1,1,0,1,0,0000000,11,51,11,57,88,88,0,0,0,1,0
21,210469,1,1,0,0,0,1,1,99,0,26,9,2011,2,7,7,0,3,2,US-31E,,208,37.41663056,-85.757775000,0,53,0,0,1,1,4,0,1,2,0,2,0,0000000,7,9,7,29,88,88,0,0,0,1,0
21,210470,3,3,0,0,0,4,4,111,2225,26,9,2011,2,7,27,0,13,2,US-60,,101,38.24765000,-85.536547220,0,12,6,0,8,1,1,0,4,1,0,1,0,0000000,7,34,7,41,8,35,0,0,0,1,0