STATE,ST_CASE,VE_TOTAL,VE_FORMS,PVH_INVL,PEDS,PERNOTMVIT,PERMVIT,PERSONS,COUNTY,CITY,DAY,MONTH,YEAR,DAY_WEEK,HOUR,MINUTE,NHS,ROAD_FNC,ROUTE,TWAY_ID,TWAY_ID2,MILEPT,LATITUDE,LONGITUD,SP_JUR,HARM_EV,MAN_COLL,RELJCT1,RELJCT2,TYP_INT,REL_ROAD,WRK_ZONE,LGT_COND,WEATHER1,WEATHER2,WEATHER,SCH_BUS,RAIL,NOT_HOUR,NOT_MIN,ARR_HOUR,ARR_MIN,HOSP_HR,HOSP_MN,CF1,CF2,CF3,FATALS,DRUNK_DR
21,210471,2,2,0,0,0,3,3,27,0,20,9,2011,3,15,12,1,2,2,US-60,TAR SPRINGS RD,13,37.82701389,-86.644386110,0,12,6,0,2,2,1,0,1,10,0,10,0,0000000,15,12,15,26,15,50,0,0,0,1,0
21,210472,1,1,0,0,0,1,1,107,0,28,9,2011,4,17,15,0,6,4,PAUL PEYTON RD,,18,37.26636944,-87.703558330,0,42,0,0,1,1,4,0,1,1,0,1,0,0000000,17,24,17,38,88,88,0,0,0,1,0
21,210473,2,2,0,0,0,5,5,93,1000,28,9,2011,4,17,45,0,2,2,US-62,,203,37.71516111,-85.825838890,0,12,6,0,8,1,1,0,1,10,0,10,0,0000000,17,48,17,55,18,24,0,0,0,1,0
21,210474,2,2,0,0,0,2,2,239,0,21,9,2011,4,7,33,1,2,2,US-60,,75,38.06887222,-84.738116670,0,12,7,0,1,1,1,0,1,10,0,10,0,0000000,7,33,7,36,8,4,0,0,0,1,0
21,210475,1,1,0,0,0,1,1,81,0,24,9,2011,7,7,50,1,1,1,I-75 SOUTH,,1438,38.47831944,-84.581680560,0,35,0,0,1,1,4,0,1,1,0,1,0,0000000,7,56,8,8,88,88,0,0,0,1,0
21,210476,2,2,0,0,0,2,2,225,3230,26,9,2011,2,7,25,0,2,2,US-60,SR-365,56,37.54481667,-87.982677780,0,12,6,0,2,2,1,0,1,1,0,1,0,0000000,7,28,7,36,88,88,0,0,0,1,0
21,210477,2,2,0,0,0,13,13,83,0,30,9,2011,6,16,19,0,6,4,HOPEWELL RD,WESTPLAINS RD,51,36.82508333,-88.611602780,0,12,6,0,2,2,1,0,1,1,0,1,0,0000000,16,31,16,42,17,28,0,0,0,1,0
21,210478,1,1,0,0,0,1,1,155,0,30,8,2011,3,13,40,0,6,3,SR-49,,1,37.52003889,-85.221977780,0,35,0,0,1,1,4,0,1,1,0,1,0,0000000,13,42,13,49,88,88,0,0,0,1,0
21,210479,2,2,0,0,0,2,2,37,0,1,8,2011,2,22,20,1,2,2,US-27,SR-1280,32,38.86346667,-84.391547220,0,12,6,0,2,3,1,0,2,1,0,1,0,0000000,22,37,23,1,23,35,0,0,0,1,1
21,210480,4,4,0,0,0,8,8,199,0,27,8,2011,7,16,40,1,13,2,US-27,SR-914,122,37.02898056,-84.626880560,0,12,6,0,2,2,1,0,1,1,0,1,0,0000000,16,41,16,45,17,26,0,0,0,1,0
21,210481,1,1,0,0,0,1,1,217,520,16,9,2011,6,21,28,0,15,3,SR-289,,14,37.35013333,-85.343986110,0,31,0,0,1,1,4,0,2,1,0,1,0,0000000,21,29,21,33,88,88,0,0,0,1,1
21,210482,1,1,0,1,1,1,1,121,160,19,9,2011,2,22,24,1,2,2,US-25E,,100,36.85386944,-83.865552780,0,8,0,0,1,1,1,0,2,2,0,2,0,0000000,22,26,22,28,22,47,0,0,0,1,0
21,210483,3,3,0,0,0,4,4,195,1794,23,9,2011,6,5,45,0,3,3,SR-194,,227,37.53338056,-82.368322220,0,12,6,0,1,1,1,0,2,2,0,2,0,0000000,5,58,6,22,7,15,0,0,0,1,0
21,210484,1,1,0,0,0,4,4,115,2469,26,9,2011,2,13,6,1,2,2,US-460,,41,37.80422222,-82.879572220,0,5,0,0,1,1,2,0,1,1,0,1,0,0000000,13,6,13,12,13,27,0,0,0,1,0
21,210485,1,1,0,0,0,2,2,115,3025,15,9,2011,5,12,24,0,4,3,SR-201,,5,37.85449167,-82.830991670,0,32,0,0,1,1,4,0,1,2,0,2,0,0000000,12,27,12,42,13,1,0,0,0,1,0
21,210486,1,1,0,0,0,1,1,107,0,10,9,2011,7,22,35,0,6,4,JOHNSON ISLAND ROAD,,11,37.34986111,-87.683516670,0,11,0,0,1,1,1,0,2,10,0,10,0,0000000,22,42,23,0,23,30,0,0,0,1,1
21,210487,1,1,0,0,0,2,2,199,0,2,9,2011,6,22,42,0,6,4,JACKSBORO RD,,19,36.97259167,-84.617772220,0,42,0,0,1,1,4,0,2,1,0,1,0,0000000,22,43,22,57,99,99,0,0,0,1,1
21,210488,1,1,0,0,0,1,1,17,0,4,8,2011,5,18,40,0,5,3,SR-1939,,98,38.19701111,-84.314661110,0,42,0,0,1,1,4,0,1,1,0,1,0,0000000,18,42,18,46,19,27,0,0,0,1,0
21,210489,2,2,0,0,0,6,6,111,2090,2,8,2011,3,13,41,9,2,2,US-31W,ELZIE ST,99999,38.12593056,-85.851458330,0,12,6,0,2,3,1,0,1,1,0,1,0,0000000,13,41,13,44,99,99,0,0,0,1,0
21,210490,1,1,0,0,0,1,1,125,0,13,8,2011,7,13,5,0,4,3,SR-80,,235,37.08931667,-83.884650000,0,32,0,0,1,1,4,0,1,1,0,1,0,0000000,13,38,13,55,14,33,0,0,0,1,0
21,210491,1,1,0,2,2,1,1,91,0,5,9,2011,2,20,1,0,5,3,SR-657,,670,37.89971389,-86.902027780,0,8,0,0,1,1,1,0,2,10,0,10,0,0000000,20,2,20,9,21,17,0,0,0,1,0
21,210492,1,1,0,0,0,1,1,133,3530,29,9,2011,5,20,44,1,2,2,US-119,,110,37.06695833,-82.800394440,0,35,0,0,1,1,4,0,2,1,0,1,0,0000000,99,99,99,99,99,99,0,0,0,1,1
21,210493,1,1,0,0,0,2,2,27,0,5,9,2011,2,21,41,0,6,4,ROSETTA CORNERS RD,,8,37.77926389,-86.284216670,0,35,0,0,1,1,4,0,2,10,0,10,0,0000000,21,41,21,59,99,99,0,0,0,1,0
21,210494,1,1,0,0,0,2,2,239,3360,25,9,2011,1,12,30,0,14,3,SR-33,MONTGOMERY AVE,135,38.04824444,-84.730166670,0,33,0,0,3,3,4,0,1,1,0,1,0,0000000,12,30,12,34,13,5,0,0,0,1,0
21,210495,3,3,0,0,0,3,3,109,0,1,10,2011,7,13,10,0,3,2,US-421,,175,37.44958333,-84.019061110,0,12,2,0,1,1,1,0,1,10,0,10,0,0000000,13,24,13,33,13,55,0,0,0,1,0
21,210496,1,1,0,0,0,1,1,227,0,2,10,2011,1,2,34,0,5,3,SR-2665,,50,36.99891944,-86.485147220,0,53,0,0,1,1,4,0,2,1,0,1,0,0000000,2,34,2,39,88,88,0,0,0,1,0
21,210497,2,2,0,0,0,3,3,47,2455,2,10,2011,1,17,45,0,15,3,SR-400,DURRETT DRIVE,3,36.64084167,-87.431119440,0,12,6,0,2,2,1,0,5,1,0,1,0,0000000,17,44,17,49,20,9,0,0,0,2,0
21,210498,1,1,0,1,1,1,1,111,2090,1,10,2011,7,22,57,1,13,2,US-31W,FURY WAY,112,38.13865833,-85.842405560,0,8,0,0,3,3,1,0,2,1,0,1,0,0000000,99,99,99,99,99,99,0,0,0,1,0
21,210499,2,2,0,0,0,2,2,235,0,3,10,2011,2,4,50,1,1,1,I-75,,209,36.86691944,-84.147805560,0,12,2,0,1,1,1,0,2,1,0,1,0,0000000,4,52,5,4,5,50,0,0,0,1,1
21,210500,2,2,0,0,0,3,3,157,1400,3,10,2011,2,7,0,0,2,3,SR-905,SR-402,89,36.76768056,-88.295875000,0,12,6,0,2,2,1,0,1,1,0,1,0,0000000,7,9,7,17,7,43,0,0,0,1,0
21,210501,1,1,0,0,0,2,2,11,0,3,10,2011,2,8,35,0,4,2,US-60,,195,38.14066667,-83.549908330,0,53,0,0,1,1,5,0,1,1,0,1,0,0000000,8,47,9,1,10,5,0,0,0,1,1
21,210502,1,1,0,0,0,1,1,145,0,2,10,2011,1,2,5,0,15,3,SR-450,,63,37.01711667,-88.561563890,0,30,0,0,1,1,4,0,2,1,0,1,0,0000000,2,9,2,20,3,31,0,0,0,1,1
21,210503,3,3,0,0,0,4,4,111,2090,4,10,2011,3,18,52,0,16,3,SR-1065,I-65 RAMP,47,38.13680000,-85.709452780,0,12,6,1,5,1,1,0,1,1,0,1,0,0000000,18,52,19,1,99,99,0,0,0,1,1
21,210504,1,1,0,1,1,1,1,223,0,4,10,2011,3,20,36,0,3,2,US-421,,144,38.68731944,-85.333513890,0,8,0,0,1,1,1,0,2,1,0,1,0,0000000,20,38,20,42,88,88,0,0,0,1,0
21,210505,1,1,0,0,0,1,1,67,1980,1,10,2011,7,20,50,0,4,3,SR-57,,45,38.06883889,-84.384269440,0,38,0,0,1,1,4,0,2,1,0,1,0,0000000,20,51,21,4,21,29,0,0,0,1,1
21,210506,2,2,0,0,0,2,2,89,0,5,10,2011,4,12,50,0,2,3,SR-67,TURKEY LICK RD,39,38.42685833,-82.815133330,0,12,6,0,2,2,1,0,1,1,0,1,0,0000000,13,3,13,20,88,88,0,0,0,1,0
21,210507,2,2,0,0,0,3,3,155,0,6,10,2011,5,12,50,0,2,3,SR-55,,43,37.61807222,-85.255236110,0,12,6,0,1,1,1,0,1,10,0,10,0,0000000,12,53,12,58,13,49,0,0,0,2,0
21,210508,2,2,0,0,0,5,5,215,0,8,10,2011,7,14,29,0,3,3,SR-55,SR-1169,105,38.09491667,-85.364488890,0,12,6,0,2,2,1,0,1,1,0,1,0,0000000,14,29,14,36,14,55,0,0,0,1,0
21,210509,1,1,0,0,0,2,2,9,0,8,10,2011,7,15,56,0,6,4,DRIPPING SPRINGS RD,,42,37.03250000,-85.986727780,0,35,0,0,1,1,4,0,1,1,0,1,0,0000000,15,54,16,1,16,42,0,0,0,1,0
21,210510,1,1,0,0,0,1,1,111,2090,8,10,2011,7,22,21,0,16,5,TITAN DRIVE,,3,38.10582500,-85.696150000,0,1,0,0,1,1,4,0,2,1,0,1,0,0000000,22,21,22,35,88,88,0,0,0,1,1
21,210511,2,2,0,0,0,4,4,111,2090,9,10,2011,1,12,20,0,13,3,SR-1932,MANNER GATE DR,16,38.20245833,-85.622400000,0,12,6,0,2,2,1,0,1,1,0,1,0,0000000,12,23,12,50,13,25,0,0,0,1,0
21,210512,2,2,0,0,0,2,2,155,0,9,10,2011,1,19,10,0,5,3,SR-2154,,10,37.58383333,-85.267725000,0,12,2,0,1,1,1,0,5,10,0,10,0,0000000,19,15,19,33,20,28,0,0,0,1,0
21,210513,2,2,0,0,0,2,2,217,0,5,10,2011,4,10,3,0,6,3,SR-210,HICKORY GROVE RD,99998,37.42327500,-85.518350000,0,12,6,0,2,3,1,0,1,1,0,1,0,0000000,99,99,99,99,99,99,0,0,0,1,0
21,210514,2,2,0,0,0,2,2,33,0,10,10,2011,2,16,22,0,5,3,SR-672,,133,37.15245000,-87.698536110,0,12,6,0,8,1,1,0,1,10,0,10,0,0000000,16,24,16,45,17,12,0,0,0,1,0
21,210515,2,1,1,0,0,1,1,9,0,11,10,2011,3,14,25,0,3,3,SR-90,,211,36.90138056,-85.750480560,0,53,0,0,1,1,5,0,1,1,0,1,0,0000000,14,26,14,37,15,29,14,0,0,1,1
21,210516,1,1,0,0,0,1,1,211,2980,12,10,2011,4,8,49,1,1,1,I-64 EAST,,334,38.18466667,-85.233436110,0,35,0,0,1,1,4,0,1,1,0,1,0,0000000,8,52,8,56,88,88,0,0,0,1,0
21,210517,1,1,0,0,0,2,2,223,0,12,10,2011,4,21,35,0,3,3,SR-421,,158,38.69324722,-85.360250000,0,24,0,0,1,1,4,0,2,1,0,1,0,0000000,21,39,21,45,99,99,0,0,0,1,1
21,210518,3,3,0,0,0,5,5,145,2520,10,10,2011,2,16,36,1,11,1,I-24,,68,37.05003889,-88.650097220,0,12,6,0,1,1,1,0,1,1,0,1,0,0000000,16,38,16,46,17,59,14,0,0,1,0
21,210519,1,1,0,0,0,1,1,67,1980,13,10,2011,5,13,31,0,4,3,SR-1927,,50,37.99034444,-84.369077780,0,42,0,0,1,1,4,0,1,2,0,2,0,0000000,13,31,13,44,14,7,0,0,0,1,1
21,210520,1,1,0,0,0,1,1,3,0,13,10,2011,5,21,23,0,4,3,SR-98,,96,36.75009444,-86.033163890,0,38,0,0,1,1,4,0,2,1,0,1,0,0000000,21,24,21,38,88,88,0,0,0,1,0
21,210521,4,4,0,0,0,5,5,145,2520,12,10,2011,4,18,40,1,11,1,I-24,,72,37.03650833,-88.631000000,0,12,1,0,1,1,1,0,3,10,0,10,0,0000000,18,40,18,44,19,9,19,0,0,2,0
21,210522,1,1,0,0,0,4,4,145,0,15,10,2011,7,16,2,0,6,5,CHILDRESS ROAD,,34,37.03133611,-88.758072220,0,35,0,0,1,1,4,0,1,1,0,1,0,0000000,16,11,16,27,17,5,0,0,0,1,0
21,210523,1,1,0,0,0,1,1,111,2090,17,10,2011,2,4,32,0,16,5,3RD STREET SOUTH,,13,38.18006111,-85.766486110,0,30,0,0,1,1,4,0,3,1,0,1,0,0000000,4,32,4,43,88,88,0,0,0,1,1
21,210524,1,1,0,0,0,1,1,35,0,17,10,2011,2,15,0,0,5,3,SR-444,,25,36.55281111,-88.137816670,0,42,0,0,1,1,4,0,1,1,0,1,0,0000000,15,5,15,21,88,88,0,0,0,1,0
21,210525,1,1,0,0,0,3,3,191,0,17,10,2011,2,15,13,0,2,2,US-27,,114,38.71535000,-84.370750000,0,42,0,0,1,1,4,0,1,1,0,1,0,0000000,15,17,15,20,16,36,0,0,0,1,0
21,210526,1,1,0,0,0,1,1,111,2090,16,10,2011,1,4,0,1,1,1,I-265,I-64 RAMP,1,38.22402222,-85.507408330,0,42,0,1,5,1,4,0,3,1,0,1,0,0000000,4,13,4,31,4,46,0,0,0,1,1
21,210527,2,2,0,0,0,3,3,111,2090,13,10,2011,5,7,42,0,13,3,SR-864,PATTERSON DR,82,38.16034444,-85.675677780,0,12,6,0,2,3,1,0,1,2,0,2,0,0000000,7,42,7,49,8,22,0,0,0,1,0
21,210528,1,1,0,0,0,1,1,111,2090,9,10,2011,1,23,16,0,16,3,SR-1703,,26,38.20480278,-85.692802780,0,33,0,0,1,1,4,0,2,1,0,1,0,0000000,23,16,23,24,88,88,0,0,0,1,1
21,210529,1,1,0,0,0,1,1,111,2090,16,10,2011,1,0,12,0,16,4,RIVER RD,,55,38.32051389,-85.644608330,0,24,0,0,1,1,4,0,2,1,0,1,0,0000000,0,13,0,27,0,56,0,0,0,1,0
21,210530,2,2,0,0,0,2,2,111,2090,16,10,2011,1,14,30,0,14,3,SR-907,DODGE LANE,12,38.10588611,-85.844705560,0,12,2,0,2,3,1,0,1,1,0,1,0,0000000,14,31,14,34,15,8,0,0,0,1,0
21,210531,2,2,0,0,0,6,6,137,0,17,10,2011,2,17,38,1,2,2,US-27,SHAKE RAG RD,111,37.43039722,-84.643886110,0,12,1,0,3,3,1,0,1,1,0,1,0,0000000,99,99,99,99,99,99,0,0,0,1,0
21,210532,1,1,0,0,0,1,1,177,0,20,10,2011,5,2,50,0,5,3,SR-181,,191,37.30000000,-87.211447220,0,34,0,0,1,1,4,0,2,2,0,2,0,0000000,2,51,3,10,88,88,0,0,0,1,0
21,210533,1,1,0,0,0,2,2,175,0,18,10,2011,3,18,15,0,3,2,US-460,,46,37.86665556,-83.434425000,0,1,0,0,1,1,4,0,1,1,0,1,0,0000000,18,12,18,38,18,51,0,0,0,1,1
21,210534,1,1,0,0,0,1,1,7,0,16,10,2011,1,18,10,0,6,4,HOLLOWAY LANDING RD,,22,37.05613611,-89.083372220,0,23,0,0,1,1,4,0,1,1,0,1,0,0000000,18,20,18,29,99,99,0,0,0,1,1
21,210535,1,1,0,0,0,2,2,85,0,16,10,2011,1,14,16,0,4,2,US-62,,290,37.51986944,-86.180705560,0,35,0,0,1,1,4,0,1,1,0,1,0,0000000,14,16,14,25,14,48,0,0,0,1,0
21,210536,1,1,0,0,0,1,1,111,2090,22,10,2011,7,1,20,1,11,1,I-265,,130,38.11656389,-85.652933330,0,1,0,0,1,1,4,0,2,1,0,1,0,0000000,99,99,99,99,99,99,0,0,0,1,1
21,210537,1,1,0,0,0,1,1,141,0,23,10,2011,1,15,50,0,4,3,SR-178,,37,36.85689167,-86.985625000,0,59,0,0,1,1,4,0,1,1,0,1,0,0000000,15,54,16,5,88,88,0,0,0,1,0
21,210538,1,1,0,0,0,1,1,95,1334,24,10,2011,2,6,37,0,3,2,US-421,,117,36.80017778,-83.269844440,0,1,0,0,1,1,4,0,2,5,0,5,0,0000000,6,37,7,0,88,88,0,0,0,1,1
21,210539,1,1,0,0,0,2,2,9,0,24,10,2011,2,19,24,0,4,3,SR-63,,20,36.83491389,-85.828200000,0,35,0,0,1,1,4,0,2,1,0,1,0,0000000,19,22,19,37,20,3,0,0,0,1,0
21,210540,3,3,0,0,0,3,3,211,2980,13,10,2011,5,20,56,1,1,1,I-64,,351,38.18402500,-85.200133330,0,12,6,1,5,1,1,0,2,10,0,10,0,0000000,99,99,99,99,99,99,0,0,0,1,0
21,210541,2,2,0,0,0,3,3,107,2150,15,10,2011,7,7,26,0,6,3,SR-262,BEAN CEMETERY RD,20,37.33700000,-87.545200000,0,12,6,0,2,2,1,0,1,1,0,1,0,0000000,7,26,7,45,7,53,0,0,0,1,0
21,210542,2,2,0,0,0,3,3,15,0,23,10,2011,1,15,59,0,4,2,US-42,SR-1292,51,38.87780278,-84.698925000,0,12,6,0,2,2,1,0,1,1,0,1,0,0000000,15,59,16,5,16,46,0,0,0,1,0
21,210543,1,1,0,0,0,3,3,161,0,9,10,2011,1,14,45,0,5,3,SR-596,,84,38.61861389,-83.936533330,0,35,0,0,1,1,4,0,1,1,0,1,0,0000000,14,51,15,10,15,36,0,0,0,1,0
21,210544,2,2,0,0,0,2,2,217,0,25,10,2011,3,8,53,0,2,3,SR-210,,139,37.35337500,-85.377158330,0,12,2,0,1,1,1,0,1,1,0,1,0,0000000,99,99,99,99,88,88,0,0,0,1,0
21,210545,2,2,0,0,0,3,3,117,800,21,10,2011,6,11,15,0,16,5,MADISON AVE,18TH STREET,1,39.06909722,-84.506450000,0,12,6,0,2,2,1,0,1,1,0,1,0,0000000,11,17,11,18,11,50,0,0,0,1,0
21,210546,2,2,0,0,0,2,2,1,0,26,10,2011,4,7,30,0,4,3,SR-206,,28,37.11207778,-85.258369440,0,12,6,0,1,1,1,0,1,1,0,1,0,0000000,7,34,7,38,8,4,0,0,0,1,0
21,210547,1,1,0,0,0,3,3,179,0,17,10,2011,2,15,32,0,5,3,SR-162,,18,37.85330556,-85.388488890,0,35,0,0,1,1,4,0,1,1,0,1,0,0000000,15,32,15,42,16,7,0,0,0,1,0
21,210548,2,2,0,0,0,2,2,111,2090,11,10,2011,3,19,40,0,13,3,SR-864,BUSINESS PARK DR.,97,38.17778333,-85.689841670,0,12,6,0,2,3,1,0,2,1,0,1,0,0000000,19,41,19,47,20,8,0,0,0,1,0
21,210549,2,2,0,0,0,4,4,167,0,28,10,2011,6,15,50,0,3,2,US-68,,51,37.74207778,-84.867152780,0,12,2,0,1,1,1,0,1,2,0,2,0,0000000,99,99,99,99,99,99,0,0,0,1,0
21,210550,1,1,0,1,1,4,4,217,520,28,10,2011,6,21,25,0,13,2,US-68,,70,37.35472222,-85.327355560,0,8,0,0,1,1,1,0,3,1,0,1,0,0000000,21,27,21,30,22,9,0,0,0,1,0
21,210551,1,1,0,0,0,2,2,43,0,7,10,2011,6,13,22,0,6,3,SR-1910,,15,38.34610000,-82.920083330,0,35,0,0,1,1,4,0,1,1,0,1,0,0000000,13,32,13,41,88,88,0,0,0,2,1
21,210552,1,1,0,0,0,1,1,99,0,29,10,2011,7,20,25,0,4,2,US-31W,SR-571,94,37.25895833,-85.883688890,0,18,0,0,3,3,4,0,2,1,0,1,0,0000000,20,28,20,31,88,88,0,0,0,1,0
21,210553,1,1,0,1,1,1,1,53,0,31,10,2011,2,18,35,0,6,4,HADDIX RD,,3,36.68418333,-85.098638890,0,8,0,0,1,1,1,0,2,1,0,1,0,0000000,18,40,18,45,18,55,0,0,0,1,1
21,210554,1,1,0,1,1,2,2,67,1980,20,10,2011,5,13,27,0,16,5,EAST HIGH STREET,WOODLAND AVE,5,38.03656667,-84.492844440,0,8,0,0,3,4,1,0,1,2,5,2,0,0000000,13,28,13,29,13,42,0,0,0,1,0
21,210555,1,1,0,0,0,1,1,123,0,27,10,2011,5,16,28,0,4,3,SR-84,,108,37.58009167,-85.630358330,0,42,0,0,1,1,4,0,1,2,0,2,0,0000000,16,28,16,35,88,88,0,0,0,1,1
21,210556,1,1,0,1,1,1,1,203,0,26,10,2011,4,4,27,1,1,1,I-75,,734,37.39965278,-84.338263890,0,8,0,0,1,1,1,0,2,1,0,1,0,0000000,4,25,4,41,88,88,0,0,0,1,0
21,210557,1,1,0,0,0,1,1,205,0,10,10,2011,2,18,38,0,6,4,OLD HILDA RD,,4,38.22614444,-83.495063890,0,34,0,0,1,1,4,0,1,1,0,1,0,0000000,18,40,18,46,99,99,0,0,0,1,1
21,210558,2,2,0,0,0,5,5,133,1750,6,6,2011,2,13,20,1,2,2,US-23,SR-3086,14,37.15891389,-82.648772220,0,12,6,0,2,3,1,0,1,1,0,1,0,0000000,13,25,13,40,14,15,0,0,0,1,0
21,210559,2,2,0,0,0,2,2,197,0,21,7,2011,5,15,47,0,4,3,SR-213,,114,37.88321944,-83.863922220,0,12,2,0,1,1,1,0,1,1,0,1,0,0000000,15,50,15,54,99,99,0,0,0,1,0
21,210560,2,2,0,0,0,2,2,55,0,31,10,2011,2,8,8,0,2,2,US-60,,208,37.45377222,-87.957616670,0,1,0,0,1,1,1,0,1,1,0,1,0,0000000,8,13,8,24,8,50,0,0,0,1,0
21,210561,2,2,0,0,0,2,2,9,0,29,8,2011,2,17,26,0,3,2,US-31E,,250,37.13527778,-85.863302780,0,12,2,0,1,1,1,0,1,10,0,10,0,0000000,17,23,17,33,18,26,0,0,0,1,0
21,210562,1,1,0,0,0,1,1,105,710,13,9,2011,3,9,11,0,4,3,SR-58,,148,36.65479167,-88.901430560,0,42,0,0,1,1,4,0,1,1,0,1,0,0000000,9,11,9,17,88,88,0,0,0,1,0
21,210563,1,1,0,0,0,2,2,61,0,30,7,2011,7,11,56,0,6,4,OAK HILL ROAD,,27,37.15873889,-86.257066670,0,42,0,0,1,1,4,0,1,1,0,1,0,0000000,11,57,12,6,13,22,0,0,0,1,0
21,210564,2,2,0,0,0,2,2,195,0,2,11,2011,4,17,35,1,13,2,US-23,,284,37.51094722,-82.549441670,0,12,2,0,1,1,1,0,1,1,0,1,0,0000000,17,35,17,38,18,44,0,0,0,1,0
21,210565,2,2,0,0,0,2,2,117,1190,2,11,2011,4,18,18,1,11,1,I-275,,800,39.02906667,-84.537200000,0,12,7,1,18,1,1,0,1,1,0,1,0,0000000,18,23,18,31,88,88,0,0,0,1,0
21,210566,2,2,0,0,0,2,2,193,341,4,11,2011,6,5,14,1,2,3,SR-15,,178,37.29754167,-83.242261110,0,24,0,0,1,1,4,0,2,2,0,2,0,0000000,99,99,99,99,99,99,0,0,0,1,1
21,210567,1,1,0,0,0,1,1,11,0,5,11,2011,7,14,23,1,1,1,I-64,,1199,38.12243889,-83.766752780,0,1,0,0,1,1,4,0,1,1,0,1,0,0000000,14,23,14,30,14,54,0,0,0,1,0
21,210568,1,1,0,0,0,2,2,47,0,5,11,2011,7,18,8,0,4,2,US-41,,228,36.99971667,-87.487991670,0,11,0,0,1,1,1,0,2,1,0,1,0,0000000,18,8,18,23,18,32,0,0,0,1,0
21,210569,1,1,0,1,1,2,2,67,1980,5,11,2011,7,19,55,0,16,5,LOUDON AVE WEST,,7,38.06017222,-84.484791670,0,8,0,0,1,1,1,0,2,1,0,1,0,0000000,19,56,20,1,20,10,0,0,0,1,1
21,210570,1,1,0,0,0,2,2,165,0,7,11,2011,2,4,29,0,5,3,SR-713,,33,37.93441667,-83.764650000,0,52,0,0,1,1,4,0,2,1,0,1,0,0000000,4,31,4,40,6,15,0,0,0,1,0
21,210571,2,2,0,0,0,2,2,127,0,7,11,2011,2,9,26,1,2,2,US-23,SR-3398,216,38.16899444,-82.644438890,0,12,6,0,2,3,1,0,1,1,0,1,0,0000000,9,27,9,33,10,7,0,0,0,1,0
21,210572,2,2,0,0,0,3,3,125,0,7,11,2011,2,18,27,0,4,3,SR-192,,54,37.01021389,-84.260686110,0,12,2,0,1,1,1,0,2,1,0,1,0,0000000,18,28,18,48,19,25,0,0,0,1,0
21,210573,1,1,0,0,0,2,2,211,0,9,11,2011,4,11,34,0,5,3,SR-148,,8,38.16946667,-85.396525000,0,34,0,0,1,1,4,0,1,10,0,10,0,0000000,11,7,11,22,12,10,2,0,0,1,0
21,210574,1,1,0,0,0,1,1,79,0,9,11,2011,4,11,56,1,2,2,US-27,,48,37.63146389,-84.580800000,0,42,0,0,1,1,4,0,1,1,0,1,0,0000000,12,4,12,7,12,49,0,0,0,1,0
21,210575,3,3,0,0,0,3,3,5,0,9,11,2011,4,15,5,0,4,2,US-62,,213,38.02891667,-84.911436110,0,12,2,0,1,1,1,0,1,10,0,10,0,0000000,99,99,99,99,88,88,0,0,0,2,1
21,210576,1,1,0,0,0,1,1,155,0,9,11,2011,4,16,50,0,5,3,SR-208,,17,37.43871667,-85.268366670,0,42,0,0,1,1,4,0,1,10,0,10,0,0000000,16,56,16,59,88,88,0,0,0,1,1
21,210577,1,1,0,1,1,1,1,67,1980,11,11,2011,6,19,24,0,16,5,WINBURN DR.,,0,38.08642500,-84.468897220,0,8,0,0,1,1,1,0,5,1,0,1,0,0000000,19,24,19,35,19,50,0,0,0,1,0
21,210578,1,1,0,0,0,2,2,133,1750,12,11,2011,7,12,40,0,4,3,SR-805,,65,37.18316111,-82.643261110,0,42,0,0,1,1,4,0,1,1,0,1,0,0000000,12,40,12,41,88,88,0,0,0,2,1
21,210579,1,1,0,1,1,1,1,67,1980,12,11,2011,7,19,4,0,16,5,BRYAN AVE,,9,38.05970556,-84.465494440,0,8,0,0,1,1,1,0,2,1,0,1,0,0000000,19,6,19,9,19,22,0,0,0,1,0
21,210580,1,1,0,0,0,1,1,81,820,13,11,2011,1,6,18,1,1,1,I-75S,,1644,38.76542778,-84.608927780,0,35,0,0,1,1,4,0,2,10,0,10,0,0000000,6,25,6,35,88,88,0,0,0,1,0
21,210581,2,2,0,0,0,3,3,197,0,14,11,2011,2,14,14,0,4,3,SR-1057,,18,37.81880278,-83.919500000,0,12,2,0,1,1,1,0,1,1,0,1,0,0000000,14,14,14,20,99,99,0,0,0,1,0
21,210582,2,2,0,0,0,3,3,183,1440,2,11,2011,4,18,37,0,4,2,US-231,SR-69,121,37.44191944,-86.895005560,0,12,6,0,2,3,1,0,3,1,0,1,0,0000000,18,37,18,37,18,54,0,0,0,1,0
21,210583,3,3,0,0,0,3,3,217,0,15,11,2011,3,6,16,0,2,3,SR-55,,13,37.21748611,-85.345608330,0,24,0,0,1,1,4,0,2,2,0,2,0,0000000,6,22,6,22,6,45,0,0,0,1,0
21,210584,1,1,0,0,0,2,2,133,0,15,11,2011,3,19,45,0,4,3,SR-7,,213,37.22473056,-82.811475000,0,43,0,0,1,1,4,0,2,2,0,2,0,0000000,99,99,99,99,99,99,0,0,0,1,0
21,210585,2,2,0,0,0,2,2,51,0,16,11,2011,4,9,42,0,4,2,US-421,SR-149,136,37.11551389,-83.721869440,0,12,6,0,2,3,1,0,1,2,0,2,0,0000000,9,43,9,44,10,12,0,0,0,1,0