STATE,ST_CASE,VE_TOTAL,VE_FORMS,PVH_INVL,PEDS,PERNOTMVIT,PERMVIT,PERSONS,COUNTY,CITY,DAY,MONTH,YEAR,DAY_WEEK,HOUR,MINUTE,NHS,ROAD_FNC,ROUTE,TWAY_ID,TWAY_ID2,MILEPT,LATITUDE,LONGITUD,SP_JUR,HARM_EV,MAN_COLL,RELJCT1,RELJCT2,TYP_INT,REL_ROAD,WRK_ZONE,LGT_COND,WEATHER1,WEATHER2,WEATHER,SCH_BUS,RAIL,NOT_HOUR,NOT_MIN,ARR_HOUR,ARR_MIN,HOSP_HR,HOSP_MN,CF1,CF2,CF3,FATALS,DRUNK_DR
21,210586,1,1,0,0,0,3,3,51,0,16,11,2011,4,15,23,0,4,3,SR-11,,43,37.07371944,-83.781816670,0,35,0,0,1,1,4,0,1,2,0,2,0,0000000,15,34,15,46,16,19,0,0,0,2,0
21,210587,1,1,0,1,1,1,1,99,0,17,11,2011,5,16,56,0,5,3,SR-728,,50,37.31632500,-86.059913890,0,49,0,0,1,1,1,0,2,1,0,1,0,0000000,18,4,18,30,18,58,0,0,0,1,0
21,210588,2,2,0,0,0,2,2,187,0,18,11,2011,6,17,15,0,2,2,US-127,,172,38.57166667,-84.828811110,0,12,2,0,1,1,1,0,5,1,0,1,0,0000000,17,18,17,26,88,88,0,0,0,1,0
21,210589,1,1,0,0,0,2,2,31,0,18,11,2011,6,22,54,0,4,3,SR-185,,57,37.21550556,-86.434277780,0,42,0,0,1,1,4,0,2,1,0,1,0,0000000,22,57,23,13,88,88,0,0,0,2,1
21,210590,1,1,0,0,0,1,1,235,0,19,11,2011,7,4,55,0,6,4,BLACK DIAMOND RD,,2,36.92888056,-84.151444440,0,42,0,0,1,1,4,0,2,1,0,1,0,0000000,4,49,4,57,88,88,0,0,0,1,1
21,210591,1,1,0,0,0,1,1,195,2640,19,11,2011,7,14,30,1,2,2,US-119,,30,37.51348056,-82.467455560,0,35,0,0,1,1,3,0,1,1,0,1,0,0000000,14,31,14,36,99,99,0,0,0,1,1
21,210592,1,1,0,0,0,1,1,233,0,19,11,2011,7,23,37,0,6,4,BARNHILL RD,,0,37.37887500,-87.747125000,0,42,0,0,1,1,4,0,2,1,0,1,0,0000000,23,40,0,5,88,88,0,0,0,1,1
21,210593,2,2,0,0,0,2,2,95,630,20,11,2011,1,19,15,0,3,2,US-421,,91,36.79244167,-83.265894440,0,12,2,0,1,1,1,0,2,2,0,2,0,0000000,19,22,19,30,20,8,0,0,0,1,0
21,210594,2,2,0,0,0,2,2,175,3480,21,11,2011,2,10,5,0,3,2,US-460,,163,37.90562222,-83.271602780,0,12,8,0,1,1,1,0,1,1,0,1,0,0000000,99,99,99,99,88,88,0,0,0,2,0
21,210595,2,2,0,0,0,4,4,125,0,21,11,2011,2,11,38,0,4,3,SR-80,,236,37.08963333,-83.883119440,0,12,6,0,1,1,1,0,1,2,0,2,0,0000000,11,38,11,54,13,10,0,0,0,1,0
21,210596,1,1,0,0,0,1,1,31,0,15,11,2011,3,16,19,0,4,3,SR-70,,86,37.18593056,-86.766322220,0,42,0,0,1,1,4,0,1,2,0,2,0,0000000,16,21,16,28,88,88,0,0,0,1,0
21,210597,1,1,0,1,1,1,1,111,2090,22,11,2011,3,0,55,0,16,5,34TH STREET SOUTH,,6,38.25050556,-85.807897220,0,8,0,0,1,1,1,0,3,2,0,2,0,0000000,0,55,1,9,1,17,0,0,0,1,1
21,210598,4,4,0,0,0,5,5,37,3560,16,11,2011,4,17,38,1,13,3,SR-9,,169,39.00879444,-84.465444440,0,12,1,0,1,1,1,0,2,10,0,10,0,0000000,17,51,17,56,18,19,14,0,0,1,0
21,210599,2,2,0,0,0,2,2,97,0,23,11,2011,4,8,34,0,2,2,US-27,,119,38.47606389,-84.286219440,0,12,2,0,1,1,1,0,1,10,0,10,0,0000000,8,37,8,48,10,50,0,0,0,1,0
21,210600,1,1,0,1,1,1,1,117,1170,22,11,2011,3,10,20,0,6,5,FORT MITCHELL AVE,,1,39.05423333,-84.550944440,0,8,0,0,1,1,1,0,1,2,0,2,0,0000000,99,99,99,99,88,88,0,0,0,1,0
21,210601,1,1,0,0,0,1,1,67,1980,24,11,2011,5,4,19,0,5,3,SR-1977,,6,38.09282500,-84.598697220,0,42,0,0,1,1,4,0,2,1,0,1,0,0000000,4,21,4,43,88,88,0,0,0,1,1
21,210602,2,2,0,0,0,6,6,167,1430,24,11,2011,5,16,0,0,3,2,US-68,US-127,83,37.77158611,-84.826322220,0,12,6,0,2,2,1,0,1,1,0,1,0,0000000,16,0,16,10,16,45,0,0,0,1,0
21,210603,1,1,0,0,0,1,1,71,0,19,11,2011,7,14,20,0,4,3,SR-979,PALMER FRASURE DR.,118,37.46900000,-82.654936110,0,31,0,0,3,3,4,0,1,1,0,1,0,0000000,14,31,14,45,15,10,0,0,0,1,0
21,210604,2,2,0,0,0,3,3,121,770,18,11,2011,6,6,3,1,13,2,US-25,SR-1629,259,36.96135278,-84.076152780,0,12,6,0,2,2,1,0,3,1,0,1,0,0000000,6,4,6,15,7,30,0,0,0,1,0
21,210605,3,3,0,0,0,2,2,81,820,13,11,2011,1,6,20,1,1,1,I-75,,1644,38.76686667,-84.609227780,0,12,6,0,1,1,1,0,2,10,0,10,0,0000000,6,25,6,35,88,88,19,0,0,1,0
21,210606,1,1,0,0,0,1,1,143,0,29,11,2011,3,9,53,0,5,3,SR-730,,51,37.02651667,-87.986638890,0,42,0,0,1,1,4,0,1,2,0,2,0,0000000,9,55,10,5,88,88,0,0,0,1,0
21,210607,1,1,0,1,1,1,1,111,2090,29,11,2011,3,17,27,0,14,3,SR-907,SHOREWOOD DRIVE,62,38.14480556,-85.776450000,0,8,0,0,3,3,1,0,3,2,0,2,0,0000000,17,29,17,35,99,99,0,0,0,1,0
21,210608,1,1,0,0,0,1,1,1,0,30,11,2011,4,4,40,0,4,3,SR-80,,213,37.07306944,-85.146222220,0,1,0,0,1,1,4,0,2,2,0,2,0,0000000,5,0,5,5,88,88,0,0,0,1,0
21,210609,1,1,0,0,0,2,2,47,0,30,11,2011,4,7,35,0,15,3,SR-1682,,57,36.89043889,-87.460858330,0,24,0,0,1,1,4,0,1,1,0,1,0,0000000,7,44,7,50,8,16,0,0,0,1,0
21,210610,1,1,0,0,0,3,3,31,0,30,11,2011,4,19,18,0,4,2,US-231,,148,37.26133889,-86.686252780,0,24,0,0,1,1,4,0,2,1,0,1,0,0000000,19,26,19,52,21,8,0,0,0,1,0
21,210611,1,1,0,1,1,1,1,111,2090,24,11,2011,5,19,46,0,14,3,SR-1020,,69,38.17068056,-85.764719440,0,8,0,0,1,1,1,0,2,1,0,1,0,0000000,19,46,19,54,20,17,0,0,0,1,0
21,210612,1,1,0,1,1,1,1,111,2090,28,11,2011,2,6,4,0,14,3,SR-1020,OUTER LOOP,0,38.12710000,-85.749041670,0,8,0,0,3,2,1,0,2,2,0,2,0,0000000,6,4,6,19,6,34,0,0,0,1,1
21,210613,2,2,0,0,0,4,4,15,1493,23,11,2011,4,20,0,0,13,3,SR-237,BARBARA DR.,97,39.06980000,-84.702597220,0,12,2,0,3,2,1,0,2,10,0,10,0,0000000,20,0,20,4,21,40,0,0,0,2,0
21,210614,1,1,0,0,0,1,1,111,2090,27,11,2011,1,15,30,1,11,1,I-64,,185,38.22266944,-85.502616670,0,24,0,1,18,1,3,0,1,2,0,2,0,0000000,99,99,99,99,99,99,0,0,0,1,0
21,210615,1,1,0,0,0,1,1,117,3369,28,11,2011,2,0,15,0,15,3,SR-08,,1,39.06963333,-84.617825000,0,31,0,0,1,1,4,0,2,2,0,2,0,0000000,10,18,10,20,88,88,2,3,0,1,0
21,210616,2,2,0,0,0,2,2,111,2090,28,11,2011,2,14,26,1,13,2,US-31W,MOORMAN RD,69,38.08559722,-85.879713890,0,12,1,0,3,2,1,0,1,2,0,2,0,0000000,14,27,14,36,15,26,0,0,0,1,0
21,210617,1,1,0,0,0,1,1,125,0,21,10,2011,6,21,54,1,4,2,US-25,,62,37.05089167,-84.052016670,0,42,0,0,1,1,4,0,2,1,0,1,0,0000000,21,54,22,2,88,88,0,0,0,1,1
21,210618,2,2,0,0,0,5,5,155,0,15,11,2011,3,19,43,0,2,2,US-68,SR-2741,75,37.53988889,-85.305572220,0,12,6,0,2,3,1,0,2,2,0,2,0,0000000,19,46,19,50,20,29,0,0,0,1,0
21,210619,1,1,0,0,0,2,2,51,0,9,11,2011,4,15,26,0,5,3,SR-687,,92,37.15644444,-83.849997220,0,42,0,0,1,1,4,0,1,2,0,2,0,0000000,15,27,15,37,16,51,0,0,0,1,1
21,210620,1,1,0,1,1,1,1,89,3135,10,11,2011,5,19,36,1,2,2,US-23,,250,38.72404444,-82.946941670,0,8,0,0,1,1,1,0,2,1,0,1,0,0000000,19,37,19,42,88,88,0,0,0,1,0
21,210621,1,1,0,0,0,1,1,167,0,15,10,2011,7,9,19,0,5,3,SR-390,,117,37.79233889,-84.873441670,0,10,0,0,6,1,1,0,1,1,0,1,0,735674B,9,23,9,25,88,88,0,0,0,1,1
21,210622,1,1,0,0,0,1,1,59,0,29,11,2011,3,0,17,0,3,2,US-60,,86,37.78050278,-87.196594440,0,52,0,0,1,1,4,0,2,10,0,10,0,0000000,0,22,0,27,88,88,0,0,0,1,1
21,210623,2,2,0,0,0,2,2,91,0,24,10,2011,2,19,17,0,4,3,SR-69,,122,37.87164722,-86.746036110,0,12,2,0,1,1,1,0,2,1,0,1,0,0000000,19,19,19,28,19,47,0,0,0,1,0
21,210624,1,1,0,0,0,1,1,91,0,4,11,2011,6,10,15,0,4,3,SR-69,,75,37.80033889,-86.761758330,0,35,0,0,1,1,4,0,1,10,0,10,0,0000000,10,19,10,26,88,88,0,0,0,1,0
21,210625,2,2,0,0,0,3,3,195,2237,1,12,2011,5,10,14,1,2,2,US-460,,57,37.40170556,-82.433719440,0,12,6,0,1,1,1,0,1,1,0,1,0,0000000,10,15,10,15,11,19,0,0,0,1,0
21,210626,2,1,1,0,0,1,1,9,0,1,12,2011,5,16,5,1,1,1,I-65 SOUTH,,460,37.08683333,-86.062675000,0,14,0,0,1,1,2,0,1,10,0,10,0,0000000,16,14,16,22,17,31,0,0,0,1,0
21,210627,2,2,0,0,0,2,2,187,0,2,12,2011,6,14,0,0,2,3,SR-35,,36,38.66847500,-84.881016670,0,12,6,0,1,1,1,0,1,1,0,1,0,0000000,14,13,14,21,14,44,0,0,0,1,1
21,210628,3,3,0,0,0,4,4,67,1980,1,12,2011,5,0,10,1,1,1,I-75,,1176,38.11398056,-84.517869440,0,12,1,1,18,1,1,0,2,1,0,1,0,0000000,0,19,0,28,0,45,0,0,0,1,1
21,210629,1,1,0,0,0,2,2,111,2090,3,12,2011,7,21,42,0,13,3,SR-1631,,13,38.15691944,-85.707380560,0,33,0,0,1,1,4,0,2,1,0,1,0,0000000,21,44,21,52,22,20,0,0,0,1,1
21,210630,2,2,0,0,0,2,2,145,0,5,12,2011,2,10,42,0,13,2,US-60,,183,37.03577500,-88.535380560,0,12,6,0,8,1,1,0,1,2,0,2,0,0000000,10,43,10,58,11,20,0,0,0,1,0
21,210631,2,2,0,0,0,5,5,151,0,6,12,2011,3,16,50,0,3,3,SR-21,,132,37.54846944,-84.208641670,0,12,2,0,1,1,1,0,5,2,0,2,0,0000000,16,54,17,1,18,13,0,0,0,1,0
21,210632,1,1,0,0,0,2,2,37,1180,5,12,2011,2,20,17,1,11,1,I-471,,25,39.06210278,-84.468555560,0,24,0,0,1,1,4,0,2,2,0,2,0,0000000,20,23,20,30,20,47,0,0,0,1,1
21,210633,2,2,0,0,0,4,4,9,0,7,12,2011,4,6,23,0,3,2,US-31,,77,36.92177778,-85.996766670,0,12,2,0,1,1,1,0,2,1,0,1,0,0000000,6,24,6,34,7,4,0,0,0,1,0
21,210634,2,2,0,0,0,3,3,111,2090,6,12,2011,3,16,41,0,16,5,ROBBS LN,,2,38.13626111,-85.663341670,0,12,8,0,1,1,1,0,1,10,0,10,0,0000000,16,50,17,17,17,43,0,0,0,1,0
21,210635,2,2,0,0,0,2,2,163,0,8,12,2011,5,10,58,0,6,4,OLD EKRON RD,RONS RUN RD,34,37.94821111,-86.170858330,0,12,6,0,2,2,1,0,1,1,0,1,0,0000000,11,0,11,39,12,0,0,0,0,1,0
21,210636,1,1,0,0,0,1,1,25,0,8,12,2011,5,9,35,0,4,3,SR-30,,186,37.56629167,-83.313319440,0,42,0,0,1,1,4,0,1,1,0,1,0,0000000,99,99,99,99,88,88,0,0,0,1,0
21,210637,1,1,0,0,0,3,3,15,0,10,12,2011,7,2,10,0,14,2,US-25,,53,38.91613333,-84.622588890,0,30,0,0,1,1,4,0,2,1,0,1,0,0000000,3,9,3,13,3,48,0,0,0,2,1
21,210638,2,2,0,0,0,2,2,157,0,3,12,2011,7,12,30,0,3,2,US-62,,121,37.00726667,-88.277480560,0,12,2,0,1,1,1,0,1,1,0,1,0,0000000,12,35,12,42,13,38,0,0,0,1,0
21,210639,1,1,0,0,0,1,1,95,2711,11,12,2011,1,6,50,0,6,3,SR-522,,15,36.89452222,-83.271730560,0,35,0,0,1,1,4,0,4,1,0,1,0,0000000,7,15,7,25,88,88,0,0,0,1,0
21,210640,3,3,0,0,0,3,3,47,0,16,12,2011,6,8,5,1,1,1,I-24,,873,36.68656944,-87.414991670,0,12,6,0,1,1,1,0,1,10,0,10,0,0000000,8,5,8,14,88,88,0,0,0,1,0
21,210641,3,3,0,0,0,3,3,99,0,16,12,2011,6,8,49,0,4,2,US-31W,,68,37.21718056,-85.872975000,0,12,2,0,1,1,1,0,1,10,0,10,0,0000000,8,49,8,56,10,1,0,0,0,1,0
21,210642,2,2,0,0,0,3,3,195,0,18,12,2011,1,0,30,1,2,2,US-460,BLAIR ADKINS STREET,102,37.35880000,-82.407511110,0,12,6,0,2,3,1,0,2,1,0,1,0,0000000,0,36,0,51,1,33,0,0,0,1,0
21,210643,1,1,0,0,0,1,1,179,0,18,12,2011,1,3,43,0,4,3,SR-49,,75,37.76812500,-85.461372220,0,35,0,0,1,1,4,0,2,1,0,1,0,0000000,99,99,99,99,88,88,0,0,0,1,0
21,210644,1,1,0,0,0,1,1,157,0,18,12,2011,1,4,30,0,5,3,SR-1462,,7,36.86118889,-88.335316670,0,42,0,0,1,1,4,0,2,1,0,1,0,0000000,4,44,4,46,5,0,0,0,0,1,0
21,210645,1,1,0,0,0,1,1,203,0,18,12,2011,1,5,30,0,5,3,SR-1326,,17,37.38020556,-84.380072220,0,35,0,0,1,1,4,0,2,1,0,1,0,0000000,5,35,5,39,88,88,0,0,0,1,1
21,210646,4,4,0,0,0,4,4,163,0,19,12,2011,2,15,35,1,2,2,US-31W,,7,37.91852778,-85.986036110,0,12,2,0,1,1,1,0,1,2,0,2,0,0000000,15,39,15,54,99,99,0,0,0,1,0
21,210647,1,1,0,1,1,2,2,171,3280,1,12,2011,5,16,6,0,4,3,SR-63,,90,36.69561944,-85.699169440,0,15,0,0,1,1,1,0,1,1,0,1,0,0000000,16,6,16,10,16,28,0,0,0,1,0
21,210648,1,1,0,0,0,2,2,35,2350,1,12,2011,5,23,45,0,15,3,SR-1550,,51,36.58491944,-88.341144440,0,1,0,0,1,1,4,0,3,1,0,1,0,0000000,23,47,23,51,0,28,0,0,0,1,1
21,210649,1,1,0,0,0,1,1,111,2090,11,12,2011,1,13,5,0,13,3,SR-864,,88,38.15988333,-85.668641670,0,19,0,0,1,1,5,0,1,1,0,1,0,0000000,13,6,13,15,13,45,0,0,0,1,0
21,210650,2,2,0,0,0,3,3,227,0,12,12,2011,2,7,34,0,4,2,US-68,,240,37.03078333,-86.181858330,0,12,2,0,1,1,1,0,1,10,0,10,0,0000000,7,39,7,54,8,20,0,0,0,1,0
21,210651,1,1,0,0,0,1,1,1,0,22,12,2011,5,7,30,0,6,4,EGYPT RD,,1,37.19037500,-85.264219440,0,1,0,0,1,1,4,0,4,10,0,10,0,0000000,7,22,7,39,88,88,0,0,0,1,1
21,210652,1,1,0,0,0,1,1,193,1047,22,12,2011,5,7,40,1,2,3,SR-15,,248,37.38476667,-83.266625000,0,59,0,0,1,1,4,0,1,1,0,1,0,0000000,7,56,8,10,88,88,0,0,0,1,0
21,210653,2,2,0,0,0,3,3,67,1980,23,12,2011,6,2,9,0,3,2,US-421,,62,38.10827222,-84.580330560,0,12,6,0,1,1,1,0,2,10,0,10,0,0000000,2,10,2,21,2,47,0,0,0,1,0
21,210654,1,1,0,0,0,1,1,93,2724,24,12,2011,7,9,25,0,16,5,WILSON RD SOUTH,,20,37.79808611,-85.920425000,0,42,0,0,1,1,4,0,1,10,0,10,0,0000000,9,35,9,41,88,88,0,0,0,1,0
21,210655,3,3,0,0,0,6,6,227,0,25,12,2011,1,14,50,1,2,3,SR-9007,,101,37.01515833,-86.518341670,0,12,1,0,1,1,1,0,1,1,0,1,0,0000000,15,2,15,10,15,40,0,0,0,1,0
21,210656,2,2,0,0,0,2,2,99,0,26,12,2011,2,11,10,0,4,3,SR-88,,58,37.30075000,-86.034405560,0,12,2,0,1,1,1,0,1,10,0,10,0,0000000,11,16,11,26,99,99,0,0,0,1,0
21,210657,1,1,0,0,0,1,1,137,0,27,12,2011,3,21,15,0,5,3,SR-1781,,12,37.35914167,-84.625136110,0,42,0,0,1,1,4,0,2,2,0,2,0,0000000,88,88,88,88,88,88,0,0,0,1,1
21,210658,1,1,0,0,0,2,2,33,0,27,12,2011,3,10,32,0,5,3,SR-672,,84,37.08627778,-87.742902780,0,42,0,0,1,1,4,0,1,2,0,2,0,0000000,10,32,10,46,10,53,0,0,0,1,1
21,210659,2,2,0,0,0,2,2,79,0,30,12,2011,6,4,22,1,2,2,US-27,,120,37.70118889,-84.661672220,0,12,2,0,1,1,1,0,2,1,0,1,0,0000000,99,99,99,99,99,99,3,0,0,1,0
21,210660,2,2,0,0,0,3,3,187,0,30,12,2011,6,18,2,0,2,2,US-127,,45,38.40057222,-84.850727780,0,12,2,0,1,1,1,0,5,10,0,10,0,0000000,18,3,18,11,18,47,0,0,0,2,1
21,210661,1,1,0,0,0,1,1,95,1943,30,12,2011,6,22,30,0,4,3,SR-38,,119,36.88470556,-83.145477780,0,30,0,0,1,1,4,0,2,2,0,2,0,0000000,22,29,22,49,88,88,0,0,0,1,1
21,210662,1,1,0,0,0,1,1,83,0,29,12,2011,5,10,40,0,4,2,US-45,,30,36.58426389,-88.798311110,0,35,0,0,1,1,4,0,1,1,0,1,0,0000000,10,46,11,1,11,54,0,0,0,1,0
21,210663,2,2,0,0,0,3,3,105,0,17,12,2011,7,18,9,0,2,2,US-51,SARTEN RD,38,36.62030278,-88.956225000,0,12,1,0,2,3,1,0,2,1,0,1,0,0000000,18,9,18,16,18,47,0,0,0,1,1
21,210664,3,3,0,1,1,6,6,203,0,23,12,2011,6,4,58,1,1,1,I-75,,571,37.31668611,-84.292686110,0,8,0,0,1,1,1,0,2,10,0,10,0,0000000,5,0,5,10,88,88,19,0,0,1,0
21,210665,1,1,0,0,0,1,1,121,0,28,11,2011,2,18,9,0,6,4,RICHLAND CREEK RD,,1,36.94811389,-83.939122220,0,1,0,0,1,1,4,0,2,2,0,2,0,0000000,18,13,18,20,88,88,0,0,0,1,0
21,210666,1,1,0,0,0,4,4,195,1243,29,9,2011,5,12,27,0,4,3,SR-194,,593,37.55051111,-82.158969440,0,32,0,0,1,1,4,0,1,1,0,1,0,0000000,12,33,13,19,14,15,0,0,0,2,1
21,210667,1,1,0,0,0,1,1,69,2342,6,11,2011,1,17,58,0,5,3,SR-1013,,74,38.31663333,-83.551202780,0,1,0,0,1,1,4,0,5,1,0,1,0,0000000,18,2,18,11,99,99,0,0,0,1,1
21,210668,2,2,0,0,0,4,4,53,0,3,12,2011,7,19,47,0,3,3,SR-90,SR-829,101,36.76017222,-85.053338890,0,12,1,0,3,3,1,0,2,1,0,1,0,0000000,19,47,20,1,20,20,0,0,0,1,0
21,210669,1,1,0,0,0,1,1,195,0,26,10,2011,4,18,9,0,5,3,SR-1384,,40,37.48353889,-82.566452780,0,5,0,0,1,1,4,0,1,1,0,1,0,0000000,18,11,18,38,18,58,0,0,0,1,0
21,210670,1,1,0,0,0,2,2,205,0,9,11,2011,4,22,39,1,1,1,I-64,,1442,38.26899167,-83.400213890,0,35,0,0,1,1,4,0,2,1,0,1,0,0000000,22,49,23,6,23,46,0,0,0,1,0
21,210671,1,1,0,0,0,1,1,55,0,18,12,2011,1,16,6,0,5,3,SR-365,,9,37.42729167,-88.016347220,0,42,0,0,1,1,4,0,5,10,0,10,0,0000000,16,9,16,18,17,13,0,0,0,1,1
21,210672,2,2,0,0,0,2,2,59,0,21,12,2011,4,7,20,1,13,2,US-60,,247,37.88246111,-86.961761110,0,12,2,0,1,1,1,0,1,1,0,1,0,0000000,7,25,7,36,8,54,0,0,0,1,0
22,220001,1,1,0,0,0,1,1,53,0,1,1,2011,7,0,20,1,1,1,I-10,,528,30.24687500,-92.849297220,0,11,0,0,1,1,1,0,2,2,0,2,0,0000000,0,25,0,35,0,57,0,0,0,1,0
22,220002,2,2,0,1,1,1,1,89,0,1,1,2011,7,3,35,1,11,1,I-310,,33,29.97123611,-90.324263890,0,12,6,1,18,1,1,0,2,10,0,10,0,0000000,3,39,3,49,4,23,19,0,0,1,1
22,220003,2,2,0,0,0,3,3,43,0,1,1,2011,7,15,55,0,6,4,FAIRFIELD RD,,0,31.55236111,-92.609300000,0,12,2,0,1,1,1,0,1,1,0,1,0,0000000,16,10,16,15,17,5,4,0,0,1,0
22,220004,2,2,0,1,1,5,5,119,0,1,1,2011,7,17,38,1,1,1,I-20,,416,32.58351944,-93.385111110,0,8,0,0,1,1,1,0,5,10,0,10,0,0000000,17,43,17,47,88,88,14,23,0,1,0
22,220005,1,1,0,0,0,2,2,99,0,1,1,2011,7,21,2,0,5,3,SR-96,,132,30.17156944,-91.767580560,0,32,0,0,1,1,4,0,2,1,0,1,0,0000000,21,5,21,18,21,59,0,0,0,1,1
22,220006,1,1,0,0,0,1,1,113,0,2,1,2011,1,4,10,0,3,3,SR-13,,41,30.04978889,-92.339438890,0,35,0,0,1,1,4,0,2,1,0,1,0,0000000,4,12,4,22,88,88,0,0,0,1,1
22,220007,1,1,0,1,1,1,1,13,0,6,1,2011,5,23,47,1,1,1,I-20,,639,32.56248056,-93.007788890,0,8,0,0,1,1,1,0,2,1,0,1,0,0000000,99,98,99,98,88,88,0,0,0,1,0
22,220008,1,1,0,0,0,1,1,97,0,8,1,2011,7,0,30,0,6,3,SR-356,,46,30.37873056,-92.124738890,0,59,0,0,1,1,4,0,2,1,0,1,0,0000000,0,37,0,53,88,88,0,0,0,1,1
22,220009,2,2,0,0,0,4,4,55,1230,9,1,2011,1,13,30,1,13,6,AMBASSADOR CAFFERY,,0,30.19486944,-92.075180560,0,12,6,0,8,1,1,0,1,2,0,2,0,0000000,13,31,13,41,14,6,0,0,0,1,0
22,220010,1,1,0,0,0,2,2,119,0,9,1,2011,1,15,54,1,1,1,I-20,,411,32.58290000,-93.392750000,0,42,0,0,1,1,4,0,1,3,0,3,0,0000000,16,2,16,12,16,47,0,0,0,1,0
22,220011,1,1,0,1,1,1,1,85,0,15,1,2011,7,99,99,0,5,3,SR-3229,,10,31.62363056,-93.692869440,0,8,0,0,1,1,1,0,2,2,0,2,0,0000000,88,88,88,88,88,88,0,0,0,1,0
22,220012,2,2,0,0,0,2,2,103,0,21,1,2011,6,21,15,0,3,2,US-90,,2923,30.21353889,-89.691538890,0,12,2,0,1,1,1,0,2,1,0,1,0,0000000,21,20,21,40,22,4,0,0,0,1,1
22,220013,1,1,0,0,0,2,2,97,0,21,1,2011,6,22,30,0,5,3,SR-103,,90,30.62760000,-92.170511110,0,35,0,0,1,1,4,0,2,1,0,1,0,0000000,23,36,23,53,0,16,0,0,0,1,1
22,220014,1,1,0,0,0,1,1,47,0,23,1,2011,1,23,5,1,1,1,I-10,,1409,30.42401944,-91.415680560,0,42,0,0,1,1,4,0,2,1,0,1,0,0000000,23,6,23,20,88,88,0,0,0,1,0
22,220015,1,1,0,0,0,2,2,79,0,24,1,2011,2,8,51,0,4,3,SR-107,,587,31.29071944,-92.330375000,0,32,0,0,1,1,4,0,1,2,0,2,0,0000000,8,53,9,1,9,29,0,0,0,1,0
22,220016,3,3,0,0,0,3,3,109,0,24,1,2011,2,15,10,1,13,3,SR-24,,226,29.55906944,-90.578061110,0,12,6,0,1,1,1,0,1,2,0,2,0,0000000,15,18,15,23,16,8,0,0,0,1,0
22,220017,1,1,0,0,0,2,2,5,0,26,1,2011,4,2,21,0,16,3,SR-934,,21,30.26226111,-90.885338890,0,34,0,0,1,1,4,0,2,10,0,10,0,0000000,2,30,2,37,3,4,0,0,0,1,1
22,220018,2,2,0,0,0,2,2,73,0,26,1,2011,4,3,10,1,13,3,SR-34,,714,32.40831111,-92.307430560,0,12,2,0,1,1,1,0,2,1,0,1,0,0000000,3,11,3,27,88,88,0,0,0,2,0
22,220019,3,3,0,0,0,3,3,109,0,27,1,2011,5,21,17,1,13,3,SR-3040,CORPORATE DR,33,29.59955000,-90.745911110,0,12,6,0,2,2,1,0,3,1,0,1,0,0000000,21,17,21,25,21,43,0,0,0,1,0
22,220020,1,1,0,1,1,1,1,67,0,29,1,2011,7,17,30,0,4,3,SR-140,,31,32.86223056,-91.837038890,0,8,0,0,1,1,1,0,1,1,0,1,0,0000000,17,34,17,46,18,10,0,0,0,1,0
22,220021,1,1,0,0,0,1,1,5,870,30,1,2011,1,15,47,0,15,3,SR-429,,27,30.23353056,-90.951980560,0,42,0,0,1,1,4,0,1,2,0,2,0,0000000,15,50,16,1,16,13,0,0,0,1,0
22,220022,1,1,0,0,0,1,1,1,0,31,1,2011,2,2,0,1,1,1,I-10,,719,30.23148056,-92.532361110,0,42,0,1,5,1,8,0,2,5,0,5,0,0000000,2,7,2,20,88,88,0,0,0,1,1
22,220023,2,2,0,0,0,8,8,97,0,31,1,2011,2,19,5,0,5,3,SR-104,,402,30.53758889,-92.125650000,0,12,1,0,1,1,1,0,2,1,0,1,0,0000000,19,10,19,29,20,20,0,0,0,1,1
22,220024,1,1,0,0,0,10,10,97,2220,22,1,2011,7,12,16,1,1,1,I-49,,101,30.40218056,-92.057369440,0,1,0,0,1,1,1,4,1,1,0,1,0,0000000,12,17,12,30,99,99,0,0,0,1,0
22,220025,1,1,0,0,0,2,2,61,0,9,1,2011,1,19,8,0,4,3,SR-33,,92,32.62831944,-92.533158330,0,42,0,0,1,1,5,0,2,3,0,3,0,0000000,19,10,19,20,20,0,0,0,0,1,0
22,220026,1,1,0,0,0,2,2,43,0,10,1,2011,2,5,55,0,4,3,SR-34,,14,31.68638056,-92.880480560,0,24,0,0,1,1,4,0,2,2,0,2,0,0000000,6,10,6,20,88,88,0,0,0,2,0
22,220027,1,1,0,0,0,1,1,9,0,15,1,2011,7,5,4,0,4,3,SR-114,,98,31.05413889,-92.089469440,0,53,0,0,1,1,4,0,2,1,0,1,0,0000000,5,11,5,27,6,12,0,0,0,1,0
22,220028,2,2,0,0,0,2,2,105,50,15,1,2011,7,14,7,0,14,3,SR-16,CAMPO LANE,619,30.72688889,-90.520069440,0,12,6,0,2,2,1,0,1,1,0,1,0,0000000,14,17,14,30,14,59,0,0,0,1,0
22,220029,1,1,0,0,0,1,1,55,0,16,1,2011,1,16,45,0,15,3,SR-1252,,14,30.34486111,-92.020411110,0,32,0,0,1,1,4,0,5,1,0,1,0,0000000,16,55,17,12,18,34,0,0,0,1,1
22,220030,2,2,0,0,0,3,3,45,0,16,1,2011,1,22,25,1,2,2,US-90,NECO TOWN RD,1334,29.94526111,-91.782550000,0,12,6,0,2,2,1,0,2,2,0,2,0,0000000,22,25,22,35,22,58,0,0,0,1,1