STATE,ST_CASE,VE_TOTAL,VE_FORMS,PVH_INVL,PEDS,PERNOTMVIT,PERMVIT,PERSONS,COUNTY,CITY,DAY,MONTH,YEAR,DAY_WEEK,HOUR,MINUTE,NHS,ROAD_FNC,ROUTE,TWAY_ID,TWAY_ID2,MILEPT,LATITUDE,LONGITUD,SP_JUR,HARM_EV,MAN_COLL,RELJCT1,RELJCT2,TYP_INT,REL_ROAD,WRK_ZONE,LGT_COND,WEATHER1,WEATHER2,WEATHER,SCH_BUS,RAIL,NOT_HOUR,NOT_MIN,ARR_HOUR,ARR_MIN,HOSP_HR,HOSP_MN,CF1,CF2,CF3,FATALS,DRUNK_DR
22,220031,3,3,0,0,0,4,4,7,0,18,1,2011,3,18,9,0,15,3,SR-308,,137,29.96465000,-91.025038890,0,12,6,0,8,1,1,0,2,10,0,10,0,0000000,18,11,18,22,18,53,0,0,0,2,0
22,220032,2,2,0,0,0,2,2,117,0,20,1,2011,5,5,25,1,2,3,SR-21,SR-1075,271,30.67264444,-89.879702780,0,12,6,0,2,3,1,0,2,1,0,1,0,0000000,5,32,5,43,6,8,0,0,0,1,0
22,220033,3,3,0,0,0,3,3,57,0,20,1,2011,5,9,16,0,14,3,SR-1,,174,29.73691111,-90.686311110,0,12,1,0,1,1,1,0,1,10,0,10,0,0000000,9,19,9,37,10,21,0,0,0,1,1
22,220034,1,1,0,0,0,1,1,71,1690,2,1,2011,1,0,15,1,11,1,I-10,,2330,29.97008056,-90.109280560,0,33,0,1,5,1,4,0,3,1,0,1,0,0000000,99,98,99,98,88,88,0,0,0,1,0
22,220035,1,1,0,0,0,1,1,105,0,1,1,2011,7,2,9,0,6,4,SISTERS RD,,0,30.46036944,-90.422619440,0,53,0,0,1,1,4,0,3,2,0,2,0,0000000,2,9,2,17,2,41,0,0,0,1,1
22,220036,2,2,0,0,0,2,2,117,210,6,1,2011,5,13,45,1,13,3,SR-10,SUWANEE ST,2457,30.79066944,-89.873369440,0,12,6,0,2,2,1,0,1,1,0,1,0,0000000,13,46,13,50,88,88,0,0,0,1,0
22,220037,1,1,0,0,0,1,1,53,2390,11,1,2011,3,22,58,0,16,5,S ELM ST,,0,30.23770000,-92.822630560,0,10,0,0,6,1,1,0,3,10,0,10,0,767945T,23,3,23,17,88,88,0,0,0,1,0
22,220038,2,2,0,0,0,3,3,99,250,17,1,2011,2,9,26,1,11,1,I-10,,1102,30.29726944,-91.908819440,0,12,6,0,1,1,1,0,1,1,0,1,0,0000000,9,26,9,28,9,43,0,0,0,1,0
22,220039,2,2,0,0,0,3,3,99,250,31,1,2011,2,17,43,0,15,3,SR-336,,3,30.27501111,-91.898188890,0,12,2,0,1,1,1,0,3,2,0,2,0,0000000,17,44,17,50,99,99,0,0,0,1,1
22,220040,2,2,0,0,0,2,2,79,0,3,2,2011,5,14,15,0,4,3,SR-113,,4074,30.97938611,-92.799875000,0,12,2,0,1,1,2,0,1,10,0,10,0,0000000,14,16,14,34,15,38,0,0,0,1,0
22,220041,1,1,0,0,0,1,1,115,0,3,2,2011,5,23,45,0,6,4,BAILEY RD,,0,30.94153889,-93.208169440,0,34,0,0,1,1,4,0,2,2,0,2,0,0000000,23,56,0,15,88,88,0,0,0,1,1
22,220042,4,4,0,0,0,5,5,47,0,4,2,2011,6,0,29,1,1,1,I-10,,1353,30.40068889,-91.506838890,0,12,6,0,1,1,1,0,2,3,0,3,0,0000000,0,32,0,43,88,88,14,19,23,1,1
22,220043,1,1,0,0,0,1,1,57,2250,5,2,2011,7,4,51,0,15,5,MENARD ST,AUDUBON AVE,0,29.79326944,-90.804338890,4,19,0,0,3,3,5,0,3,1,0,1,0,0000000,6,51,6,57,7,25,0,0,0,1,1
22,220044,1,1,0,0,0,1,1,69,0,8,2,2011,3,16,33,0,3,2,US-71,,1390,31.96981111,-93.185730560,0,42,0,0,1,1,4,0,1,10,0,10,0,0000000,16,37,16,46,88,88,0,0,0,1,0
22,220045,2,2,0,0,0,2,2,103,0,8,2,2011,3,21,15,1,11,1,I-10,,2671,30.29173889,-89.747161110,0,12,6,0,1,1,1,0,2,1,0,1,0,0000000,21,20,21,25,88,88,0,0,0,1,0
22,220046,1,1,0,0,0,1,1,111,0,10,2,2011,5,19,19,0,4,3,SR-15,,1578,32.59543056,-92.335819440,0,42,0,0,1,1,4,0,2,1,0,1,0,0000000,99,98,99,98,88,88,0,0,0,1,1
22,220047,1,1,0,0,0,1,1,65,0,13,2,2011,1,2,0,0,4,2,US-80,,1908,32.34738889,-91.043761110,0,34,0,0,1,1,4,0,2,1,0,1,0,0000000,2,19,2,28,88,88,0,0,0,1,1
22,220048,2,2,0,0,0,3,3,5,0,9,2,2011,4,6,44,1,13,3,SR-44,SR-934,43,30.26203056,-90.921088890,0,12,6,0,2,2,1,0,1,10,0,10,0,0000000,6,56,6,59,7,26,0,0,0,1,0
22,220049,2,2,0,0,0,2,2,17,2130,8,2,2011,3,14,17,0,14,2,US-80,W BERT KOUNS LOOP EX,92,32.44923889,-93.899388890,0,59,0,0,1,1,4,0,1,1,0,1,0,0000000,14,17,14,24,88,88,0,0,0,1,0
22,220050,2,2,0,0,0,3,3,87,0,19,2,2011,7,6,15,1,13,3,SR-47,,29,29.97646111,-89.947111110,0,12,2,0,1,1,1,0,1,5,0,5,0,0000000,6,20,6,27,7,16,0,0,0,1,1
22,220051,2,2,0,0,0,2,2,103,2180,19,2,2011,7,22,25,1,11,1,I-10,,2667,30.28583056,-89.749480560,0,12,2,1,18,1,1,0,2,1,0,1,0,0000000,22,37,22,44,23,18,19,23,0,1,1
22,220052,1,1,0,0,0,1,1,79,0,21,2,2011,2,20,15,0,6,4,GLASS RD,,0,31.12131111,-92.639661110,0,42,0,0,1,1,4,0,2,1,0,1,0,0000000,20,24,20,40,88,88,0,0,0,1,1
22,220053,1,1,0,0,0,1,1,27,0,23,2,2011,4,10,55,0,5,3,SR-154,,493,32.61748056,-93.058261110,0,42,0,0,1,1,5,0,1,10,0,10,0,0000000,88,88,88,88,88,88,0,0,0,1,0
22,220054,1,1,0,0,0,3,3,55,0,24,2,2011,5,2,32,1,13,3,SR-733,,11,30.14236944,-92.077680560,0,1,0,0,1,1,5,1,2,5,0,5,0,0000000,2,36,2,41,3,21,0,0,0,1,1
22,220055,1,1,0,1,1,2,2,113,1180,1,2,2011,3,18,35,0,16,5,E 9TH ST,,0,30.00471111,-92.281030560,0,8,0,0,1,1,1,0,2,10,0,10,0,0000000,18,35,18,39,18,55,0,0,0,1,0
22,220056,2,2,0,0,0,6,6,55,260,12,2,2011,7,23,32,1,13,2,US-90,ALBERTSON PKWY,1154,30.14071111,-91.945530560,0,12,6,0,2,2,1,2,3,1,0,1,0,0000000,23,32,23,41,0,17,0,0,0,2,1
22,220057,1,1,0,0,0,1,1,103,0,14,2,2011,2,17,37,0,6,4,PINE ST EXT,,0,30.37243889,-89.788311110,0,35,0,0,1,1,4,0,5,1,0,1,0,0000000,17,43,17,50,88,88,0,0,0,1,0
22,220058,1,1,0,0,0,1,1,73,0,16,2,2011,4,12,5,0,6,4,FINKS HIDEAWAY RD,,0,32.56836944,-92.043188890,0,34,0,0,1,1,4,0,1,10,0,10,0,0000000,12,6,12,13,12,31,0,0,0,1,0
22,220059,1,1,0,1,1,1,1,79,40,21,2,2011,2,20,59,1,13,2,US-71,,684,31.29900000,-92.479261110,0,8,0,0,1,1,1,0,2,1,0,1,0,0000000,21,0,21,3,21,26,0,0,0,1,0
22,220061,2,2,0,1,1,5,5,5,0,23,2,2011,4,23,45,1,11,1,I-10,,1770,30.21898056,-90.954588890,0,8,0,0,1,1,1,0,2,10,0,10,0,0000000,23,49,0,12,88,88,0,0,0,1,0
22,220062,1,1,0,0,0,2,2,55,0,24,2,2011,5,17,50,0,6,4,RIDGE RD,,0,30.18088056,-92.194169440,0,35,0,0,1,1,4,0,1,10,0,10,0,0000000,17,52,18,8,88,88,0,0,0,2,0
22,220063,2,2,0,0,0,4,4,69,0,24,2,2011,5,19,25,1,2,3,SR-6,,372,31.71798056,-93.229063890,0,12,6,0,1,1,1,0,2,2,0,2,0,0000000,19,26,19,40,20,43,0,0,0,1,1
22,220064,1,1,0,1,1,1,1,55,1230,24,2,2011,5,21,55,1,13,3,SR-182,,1231,30.19433889,-92.016080560,0,8,0,0,1,1,1,0,3,2,0,2,0,0000000,21,55,22,1,88,88,0,0,0,1,0
22,220065,2,2,0,0,0,3,3,91,0,25,2,2011,6,6,25,0,3,3,SR-16,,414,30.68518056,-90.841580560,0,12,1,0,1,1,1,0,1,5,0,5,0,0000000,6,33,6,54,8,29,0,0,0,1,0
22,220066,1,1,0,0,0,2,2,51,0,26,2,2011,7,6,40,0,14,5,W NAPOLEON AVE,,0,29.99531111,-90.202411110,0,33,0,0,1,1,4,0,1,1,0,1,0,0000000,6,42,6,46,7,17,0,0,0,1,1
22,220067,1,1,0,0,0,3,3,51,0,27,2,2011,1,2,54,1,11,1,I-10,,2273,29.99983056,-90.181950000,0,59,0,1,5,1,8,0,3,1,0,1,0,0000000,2,56,2,57,3,28,0,0,0,1,1
22,220068,1,1,0,0,0,4,4,39,0,28,2,2011,2,22,30,0,6,4,COUNTRY LANE,,0,30.91926944,-92.461880560,0,1,0,0,1,1,4,0,2,1,0,1,0,0000000,22,48,23,4,88,88,0,0,0,1,1
22,220069,1,1,0,1,1,1,1,105,0,21,1,2011,6,18,14,1,1,1,I-55,,586,30.89763056,-90.527561110,0,8,0,0,1,1,1,0,2,1,0,1,0,0000000,18,14,18,22,88,88,19,0,0,1,0
22,220070,2,2,0,0,0,2,2,103,510,28,1,2011,6,8,34,1,13,2,US-190,SR-21,17,30.47861944,-90.106438890,0,12,6,0,2,2,1,0,1,1,0,1,0,0000000,8,36,8,36,9,7,0,0,0,1,0
22,220071,1,1,0,0,0,1,1,19,1250,31,1,2011,2,13,49,1,13,3,SR-385,,116,30.17621111,-93.219080560,0,43,0,0,8,1,4,0,1,1,0,1,0,0000000,13,50,13,52,14,23,0,0,0,1,0
22,220072,2,2,0,0,0,2,2,103,0,16,2,2011,4,5,42,0,4,3,SR-1077,,82,30.48570000,-90.191911110,0,12,2,0,1,1,1,0,2,1,0,1,0,0000000,5,49,5,59,7,13,0,0,0,1,0
22,220073,1,1,0,0,0,1,1,103,0,16,2,2011,4,1,30,1,13,2,US-190,,2483,30.42453056,-90.085000000,0,21,0,1,18,1,10,0,2,1,0,1,0,0000000,88,88,88,88,88,88,18,0,0,1,1
22,220074,1,1,0,1,1,1,1,51,0,20,2,2011,1,20,50,0,6,4,VETERANS MEMORIAL BL,,0,30.00180000,-90.141038890,0,8,0,0,1,1,1,0,3,1,0,1,0,0000000,20,58,21,0,88,88,0,0,0,1,1
22,220075,2,2,0,0,0,2,2,61,2070,22,2,2011,3,18,13,1,13,2,US-167,E CHARLOTTE AVE,2046,32.51193889,-92.638088890,0,12,6,0,2,2,1,0,3,1,0,1,0,0000000,18,11,18,15,18,32,0,0,0,1,0
22,220076,1,1,0,0,0,2,2,45,0,24,2,2011,5,19,6,0,4,3,SR-674,,56,29.97178889,-91.797688890,0,34,0,0,1,1,4,0,2,10,0,10,0,0000000,18,55,19,9,19,25,0,0,0,1,1
22,220077,1,1,0,0,0,3,3,95,0,1,1,2011,7,9,47,1,1,1,I-55,,4,30.08821111,-90.436750000,0,23,0,0,1,1,4,0,1,2,0,2,0,0000000,9,55,10,7,10,29,0,0,0,1,0
22,220078,1,1,0,0,0,2,2,57,0,20,2,2011,1,1,0,0,6,4,BURMA ROAD,,0,29.73550000,-90.774619440,0,52,0,0,1,1,4,0,2,5,0,5,0,0000000,1,3,1,15,2,12,0,0,0,1,1
22,220079,1,1,0,0,0,1,1,27,0,1,3,2011,3,23,8,0,4,3,SR-518,,127,32.65215000,-93.015588890,0,59,0,0,1,1,4,0,2,1,0,1,0,0000000,23,27,23,41,88,88,0,0,0,1,0
22,220080,1,1,0,1,1,1,1,19,1250,2,3,2011,4,21,24,1,11,1,I-210,,42,30.19686944,-93.252930560,0,8,0,0,1,1,1,0,2,1,0,1,0,0000000,21,28,21,31,88,88,0,0,0,1,0
22,220081,1,1,0,0,0,1,1,67,140,3,3,2011,5,6,59,0,14,3,SR-139,,197,32.77360000,-91.914319440,0,33,0,0,1,1,4,0,1,1,0,1,0,0000000,7,2,7,5,7,17,0,0,0,1,0
22,220082,1,1,0,0,0,1,1,39,0,4,3,2011,6,8,39,0,5,3,SR-3042,,12,30.70609444,-92.285352780,0,35,0,0,1,1,4,0,1,2,0,2,0,0000000,8,48,8,55,9,6,0,0,0,1,0
22,220083,1,1,0,0,0,1,1,63,0,4,3,2011,6,22,47,0,4,3,SR-40,,16,30.64343056,-90.593180560,0,32,0,0,1,1,4,0,2,2,0,2,0,0000000,22,50,23,7,88,88,0,0,0,1,1
22,220084,1,1,0,0,0,1,1,17,0,5,3,2011,7,2,10,0,6,4,ELYSIAN FIELDS RD,,0,32.42403889,-94.018688890,0,35,0,0,1,1,4,0,2,10,0,10,0,0000000,2,29,2,36,88,88,0,0,0,1,1
22,220085,1,1,0,1,1,1,1,97,720,5,3,2011,7,8,7,0,15,5,S EAST ST,,0,30.49013889,-92.413761110,0,8,0,0,1,1,1,0,2,10,0,10,0,0000000,8,11,8,20,88,88,0,0,0,1,0
22,220087,1,1,0,1,1,1,1,63,0,7,3,2011,2,6,0,0,6,3,SR-1039,,7,30.28583056,-90.642619440,0,8,0,0,1,1,1,0,2,1,0,1,0,0000000,5,59,6,35,7,34,0,0,0,1,0
22,220088,2,2,0,0,0,3,3,105,0,7,3,2011,2,20,38,0,15,3,SR-1064,,135,30.53826944,-90.383461110,0,12,6,0,1,1,1,0,2,1,0,1,0,0000000,20,42,20,58,21,47,0,0,0,1,0
22,220089,1,1,0,0,0,1,1,51,0,7,3,2011,2,23,30,1,11,1,I-10,,2253,30.00770000,-90.213638890,0,21,0,0,1,1,3,0,3,1,0,1,0,0000000,23,31,23,37,0,4,0,0,0,1,1
22,220090,2,2,0,0,0,2,2,57,0,9,3,2011,4,3,43,0,3,3,SR-1,,571,29.61519444,-90.494786110,0,12,2,0,1,1,1,0,3,1,0,1,0,0000000,3,50,4,2,4,30,0,0,0,1,1
22,220091,1,1,0,0,0,3,3,105,0,9,3,2011,4,12,20,1,11,1,I-12,,433,30.47886111,-90.404061110,0,1,0,0,1,1,1,0,1,10,0,10,0,0000000,12,23,12,31,13,39,0,0,0,1,0
22,220092,2,2,0,0,0,4,4,57,0,9,3,2011,4,15,45,0,14,3,SR-1,,804,29.77118056,-90.768450000,0,12,2,0,1,1,1,0,1,1,0,1,0,0000000,15,47,15,53,16,28,0,0,0,1,1
22,220093,2,2,0,0,0,2,2,97,0,10,3,2011,5,17,50,1,2,2,US-190,,1228,30.54091111,-92.026369440,0,12,1,0,8,1,1,0,1,1,0,1,0,0000000,17,57,18,3,88,88,0,0,0,1,0
22,220094,2,2,0,0,0,2,2,117,0,11,3,2011,6,0,25,1,2,3,SR-21,,277,30.68068889,-89.878311110,0,12,1,0,1,1,1,0,2,1,0,1,0,0000000,0,27,0,39,88,88,0,0,0,1,1
22,220095,2,2,0,0,0,6,6,113,1180,12,3,2011,7,19,17,0,14,3,SR-35,SR-696,137,30.02063056,-92.275700000,0,12,6,0,2,2,1,0,3,1,0,1,0,0000000,19,17,19,24,19,58,0,0,0,1,0
22,220096,4,4,0,0,0,9,9,33,0,13,3,2011,1,20,20,1,11,1,I-10,,1682,30.33301389,-91.017013890,0,12,6,0,1,1,1,0,2,1,0,1,0,0000000,20,36,20,42,21,19,0,0,0,5,1
22,220097,1,1,0,1,1,1,1,5,0,13,3,2011,1,21,42,0,14,3,SR-73,,56,30.27152500,-90.984027780,0,8,0,0,1,1,1,0,2,1,0,1,0,0000000,21,53,21,59,88,88,0,0,0,1,0
22,220098,1,1,0,1,1,1,1,55,0,14,3,2011,2,7,0,0,6,4,DUHON RD,,0,30.08333056,-92.044938890,0,8,0,0,1,1,1,0,4,1,0,1,1,0000000,7,3,7,12,7,40,0,0,0,1,0
22,220099,2,2,0,0,0,3,3,57,0,16,3,2011,4,20,38,0,14,3,SR-3235,SR-161,0,29.51688889,-90.345380560,0,12,6,0,2,2,1,0,3,1,0,1,0,0000000,20,41,20,49,21,20,0,0,0,1,0
22,220101,4,4,0,0,0,4,4,19,0,18,3,2011,6,13,45,0,14,3,SR-27,,890,30.29006944,-93.355738890,0,12,8,0,1,1,1,0,1,1,0,1,0,0000000,13,50,13,56,14,36,0,0,0,1,0
22,220102,1,1,0,1,1,4,4,9,0,18,3,2011,6,16,25,0,3,3,SR-115,,315,31.06888056,-92.105300000,0,8,0,0,1,1,1,0,1,1,0,1,0,0000000,16,26,16,31,16,48,0,0,0,1,0
22,220103,2,1,1,0,0,1,1,59,1130,19,3,2011,7,13,42,0,16,5,BEECH ST,,0,31.70176111,-92.118561110,0,53,0,0,1,1,4,0,1,1,0,1,0,0000000,13,43,13,50,88,88,14,0,0,1,0
22,220104,2,2,0,0,0,2,2,5,0,21,3,2011,2,15,5,1,11,1,I-10,,1692,30.32178056,-91.005569440,0,12,1,0,1,1,1,0,1,1,0,1,0,0000000,15,10,15,23,88,88,0,0,0,1,0
22,220105,3,3,0,0,0,4,4,99,0,22,3,2011,3,18,45,0,4,3,SR-96,,48,30.13506944,-91.868711110,0,12,2,0,1,1,1,0,1,1,0,1,0,0000000,18,51,19,8,19,46,0,0,0,1,0
22,220106,1,1,0,1,1,1,1,5,870,24,3,2011,5,0,30,1,13,3,SR-44,,85,30.20215000,-90.920361110,0,8,0,0,1,1,1,0,3,1,0,1,0,0000000,0,32,0,38,88,88,0,0,0,1,0
22,220107,1,1,0,0,0,1,1,47,0,25,3,2011,6,4,15,0,6,3,SR-1148,,19,30.32286111,-91.265222220,0,42,0,0,1,1,4,0,2,1,0,1,0,0000000,4,18,4,30,88,88,0,0,0,1,0
22,220108,1,1,0,0,0,1,1,79,0,25,3,2011,6,6,55,0,6,4,ROBINSON BRIDGE RD,,0,31.15436111,-92.436311110,0,42,0,0,1,1,4,0,2,1,0,1,0,0000000,7,4,7,20,7,50,0,0,0,1,0
22,220109,1,1,0,0,0,1,1,85,0,25,3,2011,6,8,10,0,4,3,SR-392,,9,31.20395000,-93.558730560,0,1,0,0,1,1,4,0,1,1,0,1,0,0000000,8,19,9,4,88,88,0,0,0,1,1
22,220110,2,2,0,0,0,3,3,99,0,28,3,2011,2,9,7,1,13,2,US-90,SR-92,1185,30.09466944,-91.940788890,0,12,6,0,2,2,1,0,1,1,0,1,0,0000000,9,13,9,25,10,30,0,0,0,1,0
22,220111,2,2,0,0,0,2,2,103,0,29,3,2011,3,6,3,0,5,3,SR-40,SR-41,531,30.60930000,-89.899580560,0,12,1,0,3,1,1,0,2,1,0,1,0,0000000,6,9,6,27,88,88,0,0,0,1,0
22,220112,2,2,0,0,0,2,2,33,0,29,3,2011,3,20,19,1,13,3,SR-42,SR-427,112,30.34793889,-91.027630560,0,12,1,0,3,1,1,4,3,10,0,10,0,0000000,20,19,20,29,20,51,0,0,0,1,0
22,220113,1,1,0,0,0,1,1,63,0,30,3,2011,4,0,15,0,6,4,BLACK MUD RD,,0,30.47626111,-90.797319440,0,42,0,0,1,1,4,0,2,10,0,10,0,0000000,0,20,0,25,1,1,0,0,0,1,1
22,220114,1,1,0,0,0,1,1,53,0,31,3,2011,5,16,30,0,3,3,SR-26,,691,30.18310000,-92.671861110,0,1,0,0,1,1,4,0,1,1,0,1,0,0000000,16,34,16,39,88,88,0,0,0,1,0
22,220115,2,1,1,0,0,1,1,109,0,31,3,2011,5,23,16,1,13,3,SR-24,,95,29.61881944,-90.746719440,0,33,0,0,1,1,4,0,3,1,0,1,0,0000000,23,20,23,30,88,88,0,0,0,1,1
22,220116,2,2,0,0,0,2,2,15,230,2,4,2011,7,14,48,1,11,7,I-220 FRONTAGE ROAD,SR-3,111,32.55709722,-93.726247220,0,12,6,1,2,2,1,0,1,1,0,1,0,0000000,14,52,14,54,15,16,0,0,0,1,0
22,220117,2,2,0,0,0,2,2,73,2410,5,4,2011,3,19,9,0,14,3,SR-616,JERSEY ST.,57,32.52936944,-92.154600000,0,12,6,0,2,3,1,0,1,1,0,1,0,0000000,19,10,19,15,88,88,0,0,0,1,0
22,220118,1,1,0,1,1,2,2,79,40,13,4,2011,4,7,99,1,13,2,US-167X,TURNER ST.,45,31.29938056,-92.449608330,0,8,0,0,2,2,1,0,1,1,0,1,0,0000000,7,38,7,45,7,55,0,0,0,1,0
22,220119,1,1,0,1,1,2,2,101,1830,30,1,2011,1,17,45,1,13,2,US-90,ENTERPRISE BLVD,1687,29.68323889,-91.300738890,0,8,0,0,2,2,1,0,3,2,0,2,0,0000000,17,41,17,45,88,88,0,0,0,1,0
22,220120,1,1,0,0,0,1,1,117,0,1,4,2011,6,18,29,0,6,4,OLD COLUMBIA RD,,0,30.89058889,-89.799950000,0,43,0,0,1,1,4,0,1,1,0,1,0,0000000,18,29,18,42,88,88,0,0,0,1,0
22,220121,4,4,0,0,0,5,5,73,2410,6,4,2011,4,10,8,1,13,3,SR-34,SR-143,859,32.50095000,-92.133811110,0,12,6,0,2,2,1,0,1,1,0,1,0,0000000,10,8,10,13,10,34,0,0,0,1,0
22,220122,2,2,0,0,0,3,3,55,260,14,4,2011,5,10,28,1,13,2,US-90,,1174,30.11185000,-91.943150000,0,32,0,0,8,1,4,0,1,1,0,1,0,0000000,10,28,10,35,12,5,0,0,0,1,0
22,220123,2,2,0,0,0,3,3,39,1390,14,4,2011,5,11,22,0,3,3,SR-13,SR-104,467,30.62648889,-92.426561110,0,12,6,0,2,2,1,0,1,1,0,1,0,0000000,11,23,11,28,11,53,0,0,0,1,0
22,220124,2,2,0,0,0,4,4,19,1250,16,4,2011,7,2,19,0,14,2,US-90,PINE ST,2,30.23300000,-93.204338890,0,12,6,0,2,2,1,0,3,1,0,1,0,0000000,2,20,2,26,3,11,0,0,0,1,1
22,220125,1,1,0,1,1,1,1,47,1870,16,4,2011,7,18,56,0,14,3,SR-75,,222,30.27350000,-91.238050000,0,9,0,0,1,1,1,0,1,1,0,1,0,0000000,19,0,19,2,88,88,0,0,0,1,1
22,220126,1,1,0,0,0,1,1,51,0,20,4,2011,4,22,37,0,14,4,CENTRAL AVE,,0,29.97131944,-90.173911110,0,10,0,0,6,1,1,0,3,1,0,1,0,300238J,22,39,22,42,88,88,0,0,0,1,0
22,220127,2,2,0,0,0,7,7,121,30,22,4,2011,6,12,30,1,13,3,SR-1,SUGAR PLANTATION PKW,1447,30.37398056,-91.254350000,0,12,6,0,2,2,1,0,1,1,0,1,0,0000000,12,34,12,50,99,99,0,0,0,1,0
22,220128,1,1,0,1,1,2,2,5,610,24,4,2011,1,20,23,0,14,3,SR-1,BOURG ST,1168,30.09726111,-91.005200000,0,8,0,0,2,3,1,0,2,1,0,1,0,0000000,20,25,20,33,20,42,0,0,0,1,0
22,220129,1,1,0,0,0,1,1,45,1680,27,4,2011,4,8,20,0,5,3,SR-89,,44,30.01248889,-91.981061110,0,34,0,0,1,1,4,0,1,10,0,10,0,0000000,8,20,8,35,9,10,0,0,0,1,0
22,220130,3,3,0,0,0,7,7,73,1560,22,1,2011,7,10,11,1,13,2,US-165,NORTHEAST DR,1793,32.52981944,-92.080111110,0,12,6,0,2,2,1,0,1,1,0,1,0,0000000,10,12,10,13,10,34,0,0,0,1,0
22,220131,2,2,0,0,0,2,2,63,0,13,2,2011,1,14,50,0,4,3,SR-22,,236,30.26708889,-90.711280560,0,24,0,0,1,1,4,0,1,1,0,1,0,0000000,14,56,15,18,15,50,0,0,0,1,0
22,220132,2,2,0,0,0,3,3,17,2130,11,3,2011,6,4,29,0,14,5,WILLIAMSON WAY,,0,32.38198056,-93.814261110,0,12,1,0,8,1,1,0,3,1,0,1,0,0000000,4,29,4,39,88,88,0,0,0,2,1
22,220133,2,2,0,0,0,6,6,3,0,1,4,2011,6,22,50,1,2,2,US-165,,182,30.46641944,-92.860680560,0,12,1,0,1,1,1,0,2,1,0,1,0,0000000,22,50,22,54,23,59,0,0,0,3,1
22,220134,1,1,0,0,0,1,1,113,0,2,4,2011,7,1,0,0,5,3,SR-91,,109,30.07475000,-92.514388890,0,59,0,0,1,1,4,0,2,99,0,99,0,0000000,88,88,88,88,88,88,0,0,0,1,1
22,220135,1,1,0,0,0,1,1,55,0,2,4,2011,7,4,40,0,14,3,SR-733,,13,30.14136944,-92.074619440,0,43,0,0,1,1,4,1,2,10,0,10,0,0000000,4,47,4,55,5,17,0,0,0,1,1
22,220136,1,1,0,1,1,1,1,65,2230,2,4,2011,7,20,21,1,13,2,US-65,,563,32.40553056,-91.189838890,0,8,0,0,1,1,1,0,3,1,0,1,0,0000000,20,22,20,24,88,88,0,0,0,1,0
22,220137,1,1,0,0,0,1,1,59,0,2,4,2011,7,21,30,0,5,3,SR-460,,50,31.61665000,-92.074819440,0,32,0,0,1,1,4,0,2,10,0,10,0,0000000,21,50,22,8,88,88,0,0,0,1,0
22,220138,1,1,0,1,1,1,1,95,0,3,4,2011,1,5,5,0,15,3,SR-3223,,3,30.07291944,-90.502638890,0,8,0,0,1,1,1,0,2,1,0,1,0,0000000,5,14,5,19,5,30,0,0,0,1,0
22,220139,2,2,0,0,0,2,2,99,0,3,4,2011,1,10,40,0,5,3,SR-352,,52,30.30575000,-91.748850000,0,12,2,0,1,1,1,0,1,1,0,1,0,0000000,10,43,11,0,88,88,0,0,0,1,1
22,220140,1,1,0,0,0,1,1,1,0,5,4,2011,3,11,15,0,5,3,SR-367,,32,30.31486111,-92.306150000,0,1,0,0,1,1,1,0,1,1,0,1,0,0000000,11,27,11,40,12,8,0,0,0,1,0
22,220141,1,1,0,1,1,4,4,61,0,5,4,2011,3,14,10,0,4,3,SR-33,,134,32.66840556,-92.480311110,0,9,0,0,1,1,1,0,1,1,0,1,0,0000000,14,10,14,14,88,88,0,0,0,1,0
22,220142,1,1,0,0,0,1,1,77,0,9,4,2011,7,2,30,0,15,3,SR-413,,108,30.61218889,-91.413069440,0,43,0,0,1,1,4,0,2,1,0,1,0,0000000,2,40,2,55,88,88,0,0,0,1,1
22,220143,2,2,0,0,0,2,2,31,0,9,4,2011,7,4,15,0,3,2,US-84,,129,31.98015000,-93.800961110,0,12,8,0,1,1,1,0,2,1,0,1,0,0000000,4,17,4,27,88,88,0,0,0,1,1
22,220144,3,3,0,0,0,3,3,7,0,9,4,2011,7,17,35,0,3,3,SR-70,,307,30.00383056,-91.092888890,0,12,2,0,1,1,1,0,1,1,0,1,0,0000000,17,39,17,57,18,36,0,0,0,1,1
22,220145,1,1,0,0,0,1,1,33,150,10,4,2011,1,0,20,1,11,1,I-110,,1,30.43956111,-91.179050000,0,26,0,1,5,1,4,0,3,1,0,1,0,0000000,0,21,0,30,88,88,0,0,0,1,1
22,220146,2,2,0,0,0,2,2,117,0,14,4,2011,5,6,25,0,6,3,SR-438,,358,30.96583056,-89.801569440,0,12,2,0,1,1,1,0,4,1,0,1,0,0000000,6,30,6,47,7,29,0,0,0,1,0
22,220147,1,1,0,1,1,1,1,103,0,14,4,2011,5,11,20,1,11,1,I-10,,2640,30.24906944,-89.762669440,0,8,0,0,1,1,1,0,1,1,0,1,0,0000000,11,28,11,34,88,88,23,0,0,1,0
22,220148,3,3,0,0,0,4,4,9,0,14,4,2011,5,16,5,0,3,2,US-71,,378,30.97785000,-92.205180560,0,12,2,0,1,1,1,0,1,1,0,1,0,0000000,16,11,16,17,18,4,0,0,0,1,0
22,220149,1,1,0,0,0,1,1,81,0,15,4,2011,6,2,57,0,4,3,SR-1,,3452,31.98553889,-93.368180560,0,30,0,0,1,1,4,0,2,1,0,1,0,0000000,88,88,88,88,88,88,0,0,0,1,1
22,220150,1,1,0,0,0,1,1,39,0,15,4,2011,6,9,0,0,5,3,SR-3042,,38,30.74481944,-92.285350000,0,59,0,0,1,1,4,0,1,1,0,1,0,0000000,9,2,9,10,88,88,0,0,0,1,0