STATE,ST_CASE,VE_TOTAL,VE_FORMS,PVH_INVL,PEDS,PERNOTMVIT,PERMVIT,PERSONS,COUNTY,CITY,DAY,MONTH,YEAR,DAY_WEEK,HOUR,MINUTE,NHS,ROAD_FNC,ROUTE,TWAY_ID,TWAY_ID2,MILEPT,LATITUDE,LONGITUD,SP_JUR,HARM_EV,MAN_COLL,RELJCT1,RELJCT2,TYP_INT,REL_ROAD,WRK_ZONE,LGT_COND,WEATHER1,WEATHER2,WEATHER,SCH_BUS,RAIL,NOT_HOUR,NOT_MIN,ARR_HOUR,ARR_MIN,HOSP_HR,HOSP_MN,CF1,CF2,CF3,FATALS,DRUNK_DR
22,220151,1,1,0,0,0,2,2,97,0,17,4,2011,1,4,55,1,1,1,I-49,,129,30.43769167,-92.069536110,0,1,0,0,1,1,3,0,2,1,0,1,0,0000000,5,4,5,12,5,58,0,0,0,1,1
22,220152,2,2,0,0,0,2,2,45,0,18,4,2011,2,14,38,0,14,3,SR-31,,24,30.04366111,-91.813719440,0,12,6,0,1,1,1,0,1,1,0,1,0,0000000,14,36,14,38,15,9,0,0,0,1,1
22,220153,1,1,0,0,0,1,1,47,0,19,4,2011,3,11,30,1,1,1,I-10,,1326,30.38936944,-91.550069440,0,23,0,0,1,1,4,0,1,1,0,1,0,0000000,11,36,11,50,12,32,0,0,0,1,1
22,220154,1,1,0,1,1,1,1,91,0,19,4,2011,3,18,30,0,3,3,SR-16,,443,30.70013056,-90.795738890,0,9,0,0,1,1,2,0,1,1,0,1,0,0000000,18,37,18,54,19,28,0,0,0,1,0
22,220155,1,1,0,1,1,2,2,67,140,19,4,2011,3,22,0,1,13,2,US-165,,1993,32.77518056,-91.950638890,0,8,0,0,1,1,1,0,2,1,0,1,0,0000000,22,4,22,11,88,88,0,0,0,1,0
22,220156,1,1,0,0,0,1,1,79,0,21,4,2011,5,14,30,0,3,3,SR-1,,2604,31.25733056,-92.388750000,0,42,0,0,1,1,4,0,1,1,0,1,0,0000000,14,34,14,53,88,88,0,0,0,1,0
22,220157,2,2,0,0,0,3,3,63,0,22,4,2011,6,9,20,1,13,3,SR-16,,327,30.60346111,-90.937688890,0,12,6,0,1,1,2,0,1,1,0,1,0,0000000,9,26,9,46,10,13,0,0,0,1,0
22,220158,2,2,0,0,0,2,2,113,0,22,4,2011,6,20,3,0,15,3,SR-3267,JOHN HARDY ROAD,14,29.95543056,-92.116638890,0,12,6,0,2,3,1,0,3,1,0,1,0,0000000,20,7,20,14,21,9,0,0,0,1,0
22,220159,2,2,0,0,0,3,3,57,0,23,4,2011,7,10,48,0,14,3,SR-316,US-90,27,29.68340000,-90.751761110,0,12,6,0,2,2,1,0,1,1,0,1,0,0000000,10,51,11,1,11,21,0,0,0,1,0
22,220160,2,2,0,0,0,3,3,1,0,23,4,2011,7,14,40,0,4,3,SR-1111,,42,30.27348889,-92.353950000,0,12,2,0,1,1,1,0,1,1,0,1,0,0000000,14,44,14,50,15,44,0,0,0,1,0
22,220161,1,1,0,0,0,1,1,125,0,23,4,2011,7,22,52,0,3,3,SR-10,,1506,30.84306944,-91.280700000,0,34,0,0,1,1,4,0,2,1,0,1,0,0000000,22,58,23,10,88,88,0,0,0,1,1
22,220162,2,2,0,0,0,3,3,15,0,24,4,2011,1,14,43,0,15,3,SR-157,,176,32.56771111,-93.515061110,2,1,0,0,8,1,1,0,1,1,0,1,0,0000000,14,44,14,50,88,88,14,0,0,1,0
22,220163,1,1,0,0,0,4,4,37,0,24,4,2011,1,19,37,0,5,3,SR-955,,43,30.77428889,-91.156580560,0,34,0,0,1,1,4,0,2,1,0,1,0,0000000,19,42,20,3,20,51,0,0,0,1,1
22,220164,3,3,0,0,0,5,5,7,0,25,4,2011,2,16,8,0,4,3,SR-662,,35,29.69088889,-91.092969440,0,12,1,0,8,1,1,0,1,1,0,1,0,0000000,16,21,16,31,17,19,0,0,0,1,0
22,220165,1,1,0,0,0,2,2,87,1518,28,4,2011,5,2,7,0,14,3,SR-46,,100,29.91713889,-89.913238890,0,43,0,0,1,1,4,0,3,1,0,1,0,0000000,2,9,2,14,2,50,0,0,0,1,1
22,220166,2,2,0,0,0,2,2,51,2023,28,4,2011,5,20,0,1,13,3,SR-48,REX DR,175,29.94773056,-90.213750000,0,12,6,0,2,3,1,0,3,1,0,1,0,0000000,20,0,20,13,20,46,0,0,0,1,1
22,220167,2,2,0,0,0,2,2,63,0,29,4,2011,6,20,18,0,5,3,SR-1024,,70,30.56139444,-90.865408330,0,12,1,0,8,1,1,0,2,1,0,1,0,0000000,20,28,20,40,88,88,0,0,0,1,0
22,220168,2,2,0,0,0,3,3,21,0,17,4,2011,1,18,25,0,6,4,WATERBIND RD.,,0,32.04387778,-92.094741670,0,12,2,0,1,1,1,0,1,1,0,1,0,0000000,18,32,18,42,19,26,0,0,0,3,0
22,220169,1,1,0,1,1,1,1,55,1230,16,5,2011,2,3,15,1,11,7,I-49 NW FRONTAGE RD,,20,30.28798056,-92.022930560,0,8,0,0,1,1,1,0,2,1,0,1,0,0000000,3,17,3,25,4,18,0,0,0,1,0
22,220170,1,1,0,0,0,2,2,1,710,18,5,2011,4,13,3,0,6,4,OLD SPANISH TRAIL RD,,0,30.18043056,-92.471661110,0,10,0,0,6,1,1,0,1,10,0,10,0,767899U,13,4,13,20,13,48,0,0,0,1,0
22,220171,1,1,0,0,0,4,4,9,2160,18,5,2011,4,22,42,0,4,3,SR-105,,382,30.97401111,-91.811200000,0,35,0,0,1,1,4,0,3,1,0,1,0,0000000,22,45,23,8,0,18,0,0,0,1,1
22,220172,1,1,0,0,0,1,1,23,0,22,5,2011,1,4,20,0,6,4,S. TALENS LANDING RD,,0,30.01926944,-92.637611110,0,32,0,0,1,1,4,0,2,10,0,10,0,0000000,4,50,5,9,88,88,19,0,0,1,0
22,220173,1,1,0,0,0,4,4,45,1680,22,5,2011,1,1,5,0,16,6,GRAND PRAIRIE ROAD,,0,30.01080556,-91.879650000,0,34,0,0,1,1,4,0,2,1,0,1,0,0000000,1,5,1,10,1,30,0,0,0,1,0
22,220174,1,1,0,0,0,1,1,55,0,3,5,2011,3,22,50,0,6,4,800 KIDDER RD,,0,30.35678889,-92.020888890,0,32,0,0,1,1,4,0,9,1,0,1,0,0000000,6,25,6,36,88,88,18,2,0,1,0
22,220175,2,2,0,0,0,2,2,45,0,23,5,2011,2,21,51,0,6,4,3211 W ADMIRAL DOYLE,FOX ROAD,0,30.03216944,-91.859730560,0,12,6,0,2,3,1,0,1,1,0,1,0,0000000,99,99,99,99,88,88,4,0,0,1,1
22,220176,1,1,0,0,0,2,2,63,1947,13,5,2011,6,10,5,0,4,3,SR-16,,92,30.33943889,-90.849161110,0,34,0,0,1,1,4,0,1,1,0,1,0,0000000,10,7,10,18,99,99,0,0,0,1,0
22,220177,3,3,0,0,0,3,3,89,0,22,4,2011,6,20,15,1,13,2,US-90,,2404,29.91456111,-90.278280560,0,12,6,0,8,1,1,0,2,1,0,1,0,0000000,20,40,20,51,21,40,14,0,0,1,1
22,220178,1,1,0,1,1,1,1,61,0,24,4,2011,1,23,50,1,1,1,I-10,,942,32.53565000,-92.493119440,0,8,0,0,1,1,1,0,2,1,0,1,0,0000000,23,55,0,3,88,88,19,0,0,1,0
22,220179,1,1,0,0,0,3,3,45,0,23,5,2011,2,12,6,0,6,4,LEE STATION ROAD,,0,29.96331944,-91.906938890,0,43,0,0,1,1,4,0,1,1,0,1,0,0000000,12,10,12,20,12,53,0,0,0,1,1
22,220180,2,2,0,0,0,7,7,15,0,28,5,2011,7,14,24,0,6,4,LINTON ROAD,,0,32.63851944,-93.708169440,0,24,0,0,1,1,5,0,1,1,0,1,0,0000000,14,26,14,32,15,21,0,0,0,4,0
22,220181,1,1,0,0,0,1,1,19,0,31,5,2011,3,22,0,0,6,4,KOONCE RD,GILL DR,0,30.30035000,-93.427400000,0,59,0,0,3,3,4,0,2,1,0,1,0,0000000,22,22,22,42,88,88,0,0,0,1,1
22,220182,1,1,0,1,1,2,2,17,2130,9,5,2011,2,22,10,1,11,1,I-20,,139,32.46766111,-93.811550000,0,8,0,0,1,1,1,0,3,1,0,1,0,0000000,23,3,23,5,88,88,0,0,0,1,0
22,220183,1,1,0,0,0,1,1,33,150,27,2,2011,1,2,57,1,13,2,US-61,,48,30.44960000,-91.176000000,0,43,0,0,1,1,4,0,3,1,0,1,0,0000000,3,2,3,9,99,99,0,0,0,1,0
22,220184,3,3,0,0,0,3,3,71,1690,12,3,2011,7,14,35,1,13,2,US-90,WERNER DR,2661,30.01338056,-89.993038890,0,12,6,0,2,2,1,0,1,1,0,1,0,0000000,99,98,99,98,88,88,0,0,0,1,0
22,220185,1,1,0,0,0,1,1,33,150,18,3,2011,6,2,36,0,15,5,BLOUNT RD,,0,30.54168056,-91.140488890,0,3,0,0,1,1,4,0,2,1,0,1,0,0000000,2,36,2,41,88,88,0,0,0,1,1
22,220186,1,1,0,0,0,1,1,71,1690,27,3,2011,1,6,0,1,13,5,CANAL ST,,0,29.97245000,-90.097780560,0,33,0,0,1,1,4,0,4,1,0,1,0,0000000,99,99,99,99,88,88,0,0,0,1,1
22,220187,13,13,0,0,0,21,21,71,1690,12,4,2011,3,17,0,1,11,1,I-610,,38,29.99100000,-90.062430560,0,12,1,0,1,1,1,0,1,1,0,1,0,0000000,99,99,99,99,99,99,0,0,0,1,0
22,220188,2,2,0,0,0,4,4,67,0,1,5,2011,1,12,50,0,6,4,BOBBY RD,,0,32.95605000,-91.932700000,0,12,2,0,1,1,1,0,1,1,0,1,0,0000000,13,4,13,26,14,21,4,0,0,1,0
22,220189,2,2,0,0,0,3,3,101,0,1,5,2011,1,20,50,0,15,3,SR-182,,776,29.77151944,-91.483011110,0,12,6,0,8,1,1,0,2,1,0,1,0,0000000,20,56,21,3,21,42,0,0,0,1,2
22,220190,1,1,0,0,0,1,1,7,0,2,5,2011,2,99,99,0,3,3,SR-70,,372,30.02688056,-90.998100000,0,1,0,0,1,1,4,0,3,1,0,1,0,0000000,88,88,88,88,88,88,0,0,0,1,1
22,220191,1,1,0,0,0,1,1,111,0,2,5,2011,2,16,25,0,4,3,SR-143,,340,32.83923889,-92.180730560,0,34,0,0,1,1,4,0,1,10,0,10,0,0000000,16,30,16,48,17,50,0,0,0,1,0
22,220192,2,2,0,0,0,2,2,1,0,7,5,2011,7,21,54,0,4,3,SR-91,,300,30.27543889,-92.498119440,0,1,0,0,1,1,4,0,2,1,0,1,0,0000000,22,2,22,21,22,47,0,0,0,1,2
22,220193,2,2,0,0,0,3,3,63,0,10,5,2011,3,16,7,0,4,3,SR-16,,132,30.38202778,-90.867225000,0,12,2,0,1,1,1,0,1,1,0,1,0,0000000,16,14,16,26,17,18,0,0,0,1,0
22,220194,1,1,0,0,0,1,1,79,0,11,5,2011,4,12,15,0,4,3,SR-112,,644,31.10220000,-92.599561110,0,34,0,0,1,1,4,0,1,1,0,1,0,0000000,12,20,12,29,88,88,0,0,0,1,0
22,220195,1,1,0,1,1,1,1,5,0,12,5,2011,5,0,56,1,13,2,US-61,,611,30.29563056,-90.965369440,0,8,0,0,1,1,1,0,2,1,0,1,0,0000000,88,88,88,88,88,88,0,0,0,1,0
22,220196,1,1,0,0,0,1,1,33,0,12,5,2011,5,5,15,0,14,3,SR-64,,140,30.61585000,-91.032761110,0,1,0,0,1,1,2,0,2,10,0,10,0,0000000,5,23,5,32,88,88,0,0,0,1,0
22,220197,1,1,0,1,1,1,1,61,0,12,5,2011,5,7,5,1,1,1,I-20,,901,32.53981111,-92.562761110,0,8,0,0,1,1,2,0,1,1,0,1,0,0000000,7,11,7,16,88,88,0,0,0,1,0
22,220198,2,2,0,0,0,2,2,45,0,13,5,2011,6,7,0,0,6,3,SR-679,DUGAS RD,16,30.10971944,-91.726538890,0,12,6,0,2,2,1,0,1,1,0,1,1,0000000,7,14,7,29,8,4,0,0,0,1,0
22,220199,1,1,0,0,0,1,1,45,0,13,5,2011,6,20,30,0,15,3,SR-86,,38,30.01198056,-91.761688890,0,18,0,0,1,1,5,0,2,1,0,1,0,0000000,20,30,20,39,88,88,0,0,0,1,1
22,220200,2,2,0,0,0,2,2,1,0,16,5,2011,2,12,49,0,6,3,SR-98,SR-343,350,30.29931111,-92.159030560,0,12,9,0,2,2,1,0,1,1,0,1,0,0000000,12,54,13,9,88,88,0,0,0,1,0
22,220201,1,1,0,0,0,2,2,103,0,18,5,2011,4,22,25,1,11,1,I-12,,838,30.31194722,-89.772102780,0,1,0,1,5,1,4,0,2,1,0,1,0,0000000,99,99,99,99,99,99,0,0,0,1,1
22,220202,1,1,0,0,0,1,1,65,0,19,5,2011,5,16,30,0,4,2,US-80,,1889,32.35846111,-91.072800000,0,34,0,0,1,1,4,0,1,1,0,1,0,0000000,16,30,16,45,17,30,0,0,0,1,0
22,220203,1,1,0,0,0,2,2,69,0,19,5,2011,5,22,2,0,5,3,SR-486,,40,31.87398889,-93.102827780,0,34,0,0,1,1,4,0,2,1,0,1,0,0000000,22,13,22,17,23,40,0,0,0,1,1
22,220204,1,1,0,0,0,1,1,79,0,20,5,2011,6,11,15,0,6,4,PHILADELPHIA RD,,0,31.35541111,-92.204688890,0,42,0,0,1,1,4,0,1,1,0,1,0,0000000,11,19,11,38,88,88,4,0,0,1,0
22,220205,2,2,0,0,0,2,2,17,0,26,2,2011,7,20,29,1,13,2,US-171,,1675,32.34620000,-93.827500000,0,12,1,0,1,1,1,0,2,1,0,1,0,0000000,20,29,20,33,20,46,0,0,0,1,0
22,220206,1,1,0,0,0,1,1,17,0,2,4,2011,7,22,30,1,11,1,I-49,,1987,32.35920000,-93.752300000,0,1,0,1,5,1,8,0,2,1,0,1,0,0000000,1,30,1,37,88,88,0,0,0,1,1
22,220207,1,1,0,0,0,1,1,17,0,9,4,2011,7,18,50,0,6,4,STATLINE RD,,0,32.58290000,-94.042200000,0,1,0,0,1,1,4,0,1,1,0,1,0,0000000,18,59,19,10,88,88,0,0,0,1,1
22,220208,1,1,0,0,0,1,1,115,0,6,5,2011,6,18,18,0,6,4,LAKE VERNON RD,,0,31.17080000,-93.328561110,0,34,0,0,1,1,4,0,1,1,0,1,0,0000000,18,26,18,36,19,11,0,0,0,1,0
22,220209,1,1,0,0,0,2,2,7,0,7,5,2011,7,16,56,1,2,2,US-90,,1831,29.66870000,-91.075180560,0,1,0,0,1,1,2,0,1,1,0,1,0,0000000,16,50,17,30,17,58,0,0,0,1,1
22,220210,2,2,0,0,0,2,2,103,0,20,5,2011,6,12,40,0,4,3,SR-40,SR-1080,318,30.62866944,-90.160400000,0,12,2,0,2,2,1,0,1,1,0,1,0,0000000,12,43,12,46,13,44,0,0,0,1,0
22,220211,2,2,0,0,0,2,2,45,0,20,5,2011,6,17,50,0,14,3,SR-14,CLAUDE VIATOR,945,29.97458889,-91.901619440,0,12,6,0,2,3,1,0,1,10,0,10,0,0000000,18,3,18,18,18,43,0,0,0,1,0
22,220212,1,1,0,0,0,1,1,83,0,21,5,2011,7,6,45,0,6,3,SR-856,,36,32.34901111,-91.714911110,0,34,0,0,1,1,4,0,4,10,0,10,0,0000000,6,46,7,0,7,38,0,0,0,1,1
22,220213,2,2,0,0,0,2,2,63,0,21,5,2011,7,18,53,0,4,3,SR-447,,10,30.36871111,-90.847380560,0,12,2,0,1,1,1,0,1,1,0,1,0,0000000,18,54,19,4,99,99,0,0,0,1,0
22,220214,1,1,0,0,0,1,1,91,0,22,5,2011,1,10,5,0,5,3,SR-440,,35,30.87930000,-90.591600000,0,1,0,0,1,1,4,0,1,1,0,1,0,0000000,10,20,10,31,88,88,0,0,0,1,0
22,220215,1,1,0,0,0,3,3,31,0,23,5,2011,2,14,50,1,2,2,US-171,,1371,31.96976111,-93.721338890,0,1,0,0,1,1,3,0,1,1,0,1,0,0000000,14,51,14,57,15,25,0,0,0,1,0
22,220216,1,1,0,0,0,1,1,97,0,24,5,2011,3,8,5,0,4,3,SR-10,,977,30.72785000,-91.982511110,0,43,0,0,1,1,5,0,1,1,0,1,0,0000000,8,10,8,19,88,88,0,0,0,1,0
22,220217,1,1,0,1,1,1,1,7,0,27,5,2011,6,8,10,0,14,3,SR-1,,1138,30.07170000,-91.027019440,0,8,0,0,1,1,1,0,1,1,0,1,0,0000000,8,14,8,20,8,33,0,0,0,1,0
22,220218,1,1,0,0,0,1,1,19,0,27,5,2011,6,23,58,0,15,3,SR-379,,46,30.26488056,-93.288438890,0,59,0,0,1,1,4,0,2,1,0,1,0,0000000,23,59,0,12,88,88,0,0,0,1,1
22,220219,1,1,0,0,0,3,3,97,0,28,5,2011,7,14,55,1,1,1,I-49,,423,30.79946111,-92.208250000,0,1,0,0,1,1,1,0,1,1,0,1,0,0000000,14,54,15,9,15,54,0,0,0,2,0
22,220220,1,1,0,0,0,1,1,5,0,28,5,2011,7,18,9,0,3,3,SR-70,,412,30.07998889,-90.962588890,0,10,0,0,6,1,1,0,1,1,0,1,0,448927R,18,18,18,24,18,37,0,0,0,1,0
22,220221,1,1,0,0,0,3,3,5,0,28,5,2011,7,20,5,0,16,3,SR-935,,16,30.24743056,-90.893161110,0,34,0,0,1,1,4,0,5,1,0,1,0,0000000,20,12,20,18,88,88,0,0,0,1,0
22,220222,2,2,0,0,0,2,2,57,0,30,5,2011,2,8,58,0,4,3,SR-20,,211,29.85633056,-90.803988890,0,12,1,0,1,1,1,0,1,1,0,1,0,0000000,9,1,9,11,9,38,14,0,0,1,0
22,220223,1,1,0,0,0,2,2,13,0,30,5,2011,2,20,33,0,6,4,PINE BLUFF RD,,0,32.33581944,-93.315119440,0,32,0,0,1,1,4,0,2,1,0,1,0,0000000,20,33,20,39,21,34,4,0,0,1,0
22,220224,1,1,0,0,0,1,1,47,0,30,5,2011,2,20,0,0,4,3,SR-75,,90,30.13867222,-91.322097220,0,1,0,0,1,1,4,0,2,1,0,1,0,0000000,20,0,20,18,88,88,0,0,0,1,0
22,220225,1,1,0,0,0,1,1,109,0,31,5,2011,3,20,36,1,13,3,SR-3040,ENTERPRISE DR,43,29.61098889,-90.753380560,0,33,0,0,3,2,3,0,3,1,0,1,0,0000000,20,45,20,53,21,6,0,0,0,1,1
22,220226,1,1,0,0,0,1,1,71,1690,28,3,2011,2,1,0,1,13,5,ALMONASTER AVE,,0,29.98918889,-90.043850000,0,31,0,0,1,1,4,0,3,1,0,1,0,0000000,99,99,99,99,88,88,0,0,0,1,1
22,220227,1,1,0,0,0,1,1,71,1690,21,4,2011,5,21,0,1,13,2,US-90,DOWNMAN RD,2644,30.00973889,-90.020730560,0,30,0,0,3,2,4,0,3,1,0,1,0,0000000,99,99,99,99,88,88,0,0,0,1,1
22,220228,1,1,0,0,0,1,1,83,0,2,6,2011,5,4,45,0,5,3,SR-561,,109,32.18241944,-91.977569440,0,24,0,0,1,1,4,0,2,1,0,1,0,0000000,5,4,5,34,88,88,0,0,0,1,0
22,220229,2,2,0,0,0,3,3,31,2207,3,6,2011,6,13,34,1,2,2,US-171,SR-3276,1630,32.28226111,-93.822719440,0,12,6,0,2,2,1,0,1,1,0,1,0,0000000,13,35,13,38,99,99,0,0,0,2,0
22,220230,2,2,0,0,0,4,4,101,0,5,6,2011,1,16,40,1,2,2,US-90 FRONTAGE RD,,1449,29.85971944,-91.620000000,0,12,6,0,1,1,1,0,1,1,0,1,0,0000000,16,43,16,48,17,24,0,0,0,1,1
22,220231,2,2,0,0,0,2,2,37,420,6,6,2011,2,11,39,0,4,3,SR-67,OAK ST,309,30.85411111,-91.008361110,0,12,1,0,3,3,1,0,1,1,0,1,0,0000000,11,40,11,41,99,99,0,0,0,1,0
22,220232,1,1,0,0,0,2,2,79,0,8,6,2011,4,5,15,0,4,3,SR-121,,322,31.26206944,-92.701619440,0,59,0,0,1,1,4,0,2,1,0,1,0,0000000,8,29,8,46,9,12,0,0,0,1,0
22,220233,2,2,0,0,0,3,3,19,0,9,6,2011,5,21,42,0,4,3,SR-27,,965,30.38027778,-93.408113890,0,12,2,0,1,1,1,0,2,1,0,1,0,0000000,21,42,21,53,88,88,0,0,0,1,0
22,220234,1,1,0,0,0,1,1,69,0,10,6,2011,6,2,34,0,5,3,SR-119,,121,31.50945278,-92.947830560,0,1,0,0,1,1,4,0,2,1,0,1,0,0000000,2,34,3,1,88,88,0,0,0,1,1
22,220235,2,2,0,0,0,2,2,17,2130,10,6,2011,6,15,0,1,13,3,SR-3032,,3,32.47863889,-93.716938890,0,12,6,0,8,1,1,0,1,1,0,1,0,0000000,15,2,15,9,15,32,0,0,0,1,0
22,220236,2,2,0,0,0,3,3,109,0,10,6,2011,6,17,15,1,12,2,US-90,SR-311,2003,29.68331111,-90.811611110,0,12,6,1,2,2,1,0,1,1,0,1,0,0000000,17,34,17,44,18,10,0,0,0,2,0
22,220237,1,1,0,0,0,1,1,121,0,10,6,2011,6,22,0,1,1,1,I-10,,1429,30.43368056,-91.385330560,0,42,0,0,1,1,3,0,2,1,0,1,0,0000000,22,10,22,23,88,88,0,0,0,1,0
22,220238,1,1,0,0,0,1,1,17,2130,11,6,2011,7,10,58,1,11,1,I-20,,191,32.50958056,-93.743880560,0,23,0,1,5,1,4,0,1,1,0,1,0,0000000,10,55,10,58,88,88,0,0,0,1,1
22,220239,1,1,0,0,0,1,1,83,0,11,6,2011,7,21,20,0,6,3,SR-855,,9,32.53783611,-91.510891670,0,43,0,0,1,1,4,0,2,1,0,1,0,0000000,21,20,21,31,88,88,0,0,0,1,1
22,220240,1,1,0,1,1,1,1,17,2130,12,6,2011,1,22,30,1,13,5,KINGS HWY,,0,32.48181944,-93.756700000,0,8,0,0,1,1,1,0,3,1,0,1,0,0000000,22,25,22,30,22,51,0,0,0,1,0
22,220241,1,1,0,0,0,1,1,61,0,13,6,2011,2,1,20,0,4,3,SR-33,,108,32.64151944,-92.509977780,0,53,0,0,1,1,4,0,2,1,0,1,0,0000000,1,21,1,33,88,88,0,0,0,1,0
22,220242,1,1,0,0,0,4,4,31,0,14,6,2011,3,21,51,0,5,3,SR-481,,65,31.92563889,-93.782350000,0,5,0,0,1,1,1,0,2,1,0,1,0,0000000,22,0,22,33,23,12,0,0,0,1,0
22,220243,2,1,1,0,0,1,1,71,0,16,6,2011,5,19,58,1,13,5,N RAMPART ST,,0,29.96041944,-90.018488890,0,14,0,0,1,1,5,0,1,1,0,1,0,0000000,20,0,20,10,21,0,0,0,0,1,0
22,220244,1,1,0,1,1,1,1,103,0,17,6,2011,6,2,50,1,11,1,I-12,,803,30.31398056,-89.828630560,0,8,0,0,1,1,1,0,2,1,0,1,0,0000000,88,88,88,88,88,88,0,0,0,1,0
22,220245,2,2,0,0,0,2,2,19,0,17,6,2011,6,7,50,1,2,2,US-171,N PERKINS FERRY RD,125,30.40116944,-93.232788890,0,12,6,0,2,3,1,0,1,1,0,1,0,0000000,7,50,8,4,88,88,0,0,0,1,0
22,220246,1,1,0,0,0,2,2,19,0,17,6,2011,6,8,5,0,6,4,HOUSTON RIVER RD,,0,30.28575000,-93.391069440,0,1,0,0,1,1,4,0,1,1,0,1,0,0000000,8,11,8,21,8,59,0,0,0,1,0
22,220247,2,2,0,0,0,2,2,55,1230,17,6,2011,6,22,51,1,11,1,I-10,,1029,30.25761944,-92.020688890,0,12,6,0,1,1,1,0,3,1,0,1,0,0000000,22,51,22,57,88,88,0,0,0,1,1
22,220248,1,1,0,0,0,5,5,73,0,18,6,2011,7,16,35,1,11,1,I-20,,1104,32.50973056,-92.218588890,0,1,0,0,1,1,1,0,1,1,0,1,0,0000000,16,38,16,43,16,53,0,0,0,1,0
22,220249,1,1,0,0,0,4,4,97,720,19,6,2011,1,19,12,0,15,5,SAMUEL DR,,0,30.50113889,-92.434988890,0,10,0,0,6,1,1,0,1,1,0,1,0,435832V,19,18,19,22,20,31,0,0,0,1,1
22,220250,1,1,0,0,0,1,1,5,0,20,6,2011,2,1,40,0,4,3,SR-22,,166,30.24771944,-90.789480560,0,42,0,0,1,1,4,0,2,1,0,1,0,0000000,2,7,2,23,88,88,0,0,0,1,1
22,220251,2,1,1,0,0,1,1,73,0,21,6,2011,3,13,44,0,6,4,RADER DR,,0,32.53885000,-91.988350000,0,14,0,0,1,1,4,0,1,99,0,99,0,0000000,13,50,13,57,14,13,0,0,0,1,0
22,220252,1,1,0,0,0,11,11,123,0,22,6,2011,4,19,0,0,4,3,SR-587,,19,32.85788056,-91.448111110,0,32,0,0,1,1,4,0,1,1,0,1,0,0000000,19,0,19,14,19,36,0,0,0,5,0
22,220253,2,2,0,0,0,3,3,15,1010,25,6,2011,7,16,44,0,14,3,SR-614,,19,32.53413056,-93.530830560,0,35,0,0,1,1,4,0,1,1,0,1,0,0000000,16,44,16,50,17,23,0,0,0,1,1
22,220254,1,1,0,0,0,1,1,41,0,26,6,2011,1,4,6,0,4,3,SR-130,,20,32.14986111,-91.807311110,0,32,0,0,1,1,4,0,2,1,0,1,0,0000000,99,98,99,98,88,88,0,0,0,1,1
22,220255,1,1,0,0,0,1,1,83,0,26,6,2011,1,21,5,0,5,3,SR-561,,35,32.26965000,-91.988219440,0,42,0,0,1,1,4,0,2,1,0,1,0,0000000,21,7,21,27,88,88,0,0,0,1,0
22,220256,2,2,0,0,0,5,5,17,2130,27,6,2011,2,21,6,1,11,1,I-20,,86,32.44750000,-93.899230560,0,1,0,0,1,1,3,0,3,1,0,1,0,0000000,99,99,99,99,99,99,0,0,0,1,0
22,220257,2,2,0,0,0,2,2,119,1550,28,6,2011,3,15,52,0,14,2,US-80,SR-531,514,32.60183056,-93.249980560,0,12,6,0,2,2,1,0,1,1,0,1,0,0000000,16,4,16,21,16,43,0,0,0,1,0
22,220258,3,3,0,0,0,3,3,63,2350,28,6,2011,3,12,14,1,1,1,I-12,,185,30.47355000,-90.819369440,0,12,7,0,1,1,1,0,1,1,0,1,0,0000000,12,16,12,21,88,88,0,0,0,1,0
22,220259,1,1,0,1,1,2,2,55,260,28,4,2011,5,5,4,1,13,2,US-90,,1153,30.14151111,-91.945569440,0,8,0,0,1,1,1,1,3,1,0,1,0,0000000,5,4,5,10,88,88,0,0,0,1,0
22,220260,5,5,0,0,0,6,6,17,2130,6,5,2011,6,13,30,1,11,1,I-20,,86,32.44748889,-93.899511110,0,12,1,0,1,1,1,0,1,1,0,1,0,0000000,13,41,13,52,14,20,0,0,0,2,0
22,220261,2,2,0,0,0,3,3,87,0,15,5,2011,1,0,5,1,13,3,SR-46,MELVIN PEREZ ST,53,29.94365000,-89.982230560,0,54,11,0,3,2,1,0,3,1,0,1,0,0000000,0,7,0,19,88,88,14,0,0,1,1
22,220262,1,1,0,0,0,1,1,61,0,2,6,2011,5,0,5,0,4,2,US-80,,799,32.53531111,-92.816280560,0,30,0,0,1,1,4,0,2,1,0,1,0,0000000,0,18,0,32,88,88,20,0,0,1,0
22,220263,2,2,0,0,0,3,3,113,0,4,6,2011,7,0,53,0,4,3,SR-82,,1282,29.92161111,-92.162119440,0,12,2,0,1,1,1,0,2,1,0,1,0,0000000,1,1,1,9,2,10,0,0,0,2,1
22,220264,1,1,0,0,0,1,1,97,0,5,6,2011,1,14,52,0,3,2,US-71,,107,30.67028056,-91.922730560,0,32,0,0,1,1,4,0,1,1,0,1,0,0000000,14,54,15,38,16,27,0,0,0,1,1
22,220265,1,1,0,0,0,1,1,119,0,12,6,2011,1,16,25,0,6,3,SR-528,GOODWILL RD,0,32.62461111,-93.418961110,0,42,0,0,3,2,4,0,1,1,0,1,0,0000000,16,29,16,38,88,88,0,0,0,1,0
22,220266,1,1,0,0,0,1,1,1,0,14,6,2011,3,99,99,0,4,3,SR-97,,164,30.41125000,-92.564130560,0,34,0,0,1,1,4,0,2,1,0,1,0,0000000,14,49,15,1,88,88,18,0,0,1,0