STATE,ST_CASE,VE_TOTAL,VE_FORMS,PVH_INVL,PEDS,PERNOTMVIT,PERMVIT,PERSONS,COUNTY,CITY,DAY,MONTH,YEAR,DAY_WEEK,HOUR,MINUTE,NHS,ROAD_FNC,ROUTE,TWAY_ID,TWAY_ID2,MILEPT,LATITUDE,LONGITUD,SP_JUR,HARM_EV,MAN_COLL,RELJCT1,RELJCT2,TYP_INT,REL_ROAD,WRK_ZONE,LGT_COND,WEATHER1,WEATHER2,WEATHER,SCH_BUS,RAIL,NOT_HOUR,NOT_MIN,ARR_HOUR,ARR_MIN,HOSP_HR,HOSP_MN,CF1,CF2,CF3,FATALS,DRUNK_DR
22,220267,1,1,0,0,0,1,1,97,0,19,6,2011,1,3,20,0,4,3,SR-105,,88,30.61291111,-91.760200000,0,35,0,0,1,1,4,0,2,1,0,1,0,0000000,3,29,3,57,88,88,0,0,0,1,1
22,220268,1,1,0,0,0,1,1,33,0,21,6,2011,3,99,99,1,13,3,SR-42,,8,30.39818889,-91.170938890,0,33,0,0,1,1,3,0,2,1,0,1,0,0000000,18,41,18,53,88,88,0,0,0,1,1
22,220269,1,1,0,0,0,1,1,19,0,21,6,2011,3,8,5,0,3,3,SR-12,,40,30.31445278,-93.677686110,0,42,0,0,1,1,4,0,1,2,0,2,0,0000000,8,12,8,34,88,88,0,0,0,1,0
22,220270,2,2,0,0,0,3,3,63,0,22,6,2011,4,21,0,0,5,3,SR-442,,40,30.55821944,-90.694486110,0,12,2,0,1,1,1,0,2,2,0,2,0,0000000,21,0,21,24,22,6,0,0,0,1,0
22,220271,2,2,0,0,0,3,3,33,150,10,3,2011,5,20,5,1,11,1,I-10,,1586,30.42275000,-91.136169440,0,12,7,0,1,1,1,0,3,1,0,1,0,0000000,20,8,20,12,99,99,0,0,0,1,0
22,220272,1,1,0,0,0,2,2,75,0,4,6,2011,7,6,20,0,14,3,SR-39,,363,29.86353056,-89.908730560,0,30,0,0,1,1,4,0,4,1,0,1,0,0000000,6,24,6,33,7,11,0,0,0,1,1
22,220273,1,1,0,1,1,1,1,105,980,22,6,2011,4,21,6,1,13,2,US-190,,2195,30.50088056,-90.484388890,0,8,0,0,1,1,1,0,3,2,0,2,0,0000000,21,8,21,13,88,88,0,0,0,1,0
22,220274,2,2,0,0,0,3,3,103,0,24,6,2011,6,1,10,1,1,1,I-12,,689,30.39065000,-89.998269440,0,12,1,0,1,1,1,0,2,1,0,1,0,0000000,1,13,1,17,88,88,0,0,0,2,0
22,220275,1,1,0,0,0,1,1,113,0,24,6,2011,6,17,5,0,5,3,SR-331,,40,29.93398056,-92.051719440,0,34,0,0,1,1,4,0,1,1,0,1,0,0000000,17,7,17,19,17,46,0,0,0,1,1
22,220276,1,1,0,0,0,1,1,79,112,26,6,2011,1,2,40,1,13,2,US-165,,904,31.39785000,-92.410011110,0,18,0,0,1,1,1,0,2,1,0,1,0,0000000,2,47,2,57,88,88,0,0,0,1,0
22,220277,1,1,0,0,0,1,1,11,0,28,6,2011,3,4,0,0,6,4,OLD RIVER RD,,0,30.44145000,-93.687000000,0,1,0,0,1,1,1,0,2,1,0,1,0,0000000,4,17,4,44,88,88,0,0,0,1,1
22,220278,1,1,0,0,0,2,2,105,0,28,6,2011,3,14,3,1,11,1,I-55,,249,30.42460000,-90.451030560,0,34,0,0,1,1,10,0,1,1,0,1,0,0000000,14,8,14,15,14,50,0,0,0,1,0
22,220279,1,1,0,1,1,1,1,103,2180,28,6,2011,3,20,6,1,13,2,US-190,,2702,30.29398889,-89.799311110,0,8,0,0,1,1,1,0,3,1,0,1,0,0000000,20,13,20,17,20,34,0,0,0,1,0
22,220280,1,1,0,0,0,1,1,63,0,29,6,2011,4,14,55,0,5,3,SR-449,,72,30.59480833,-90.813800000,0,32,0,0,1,1,4,0,1,1,0,1,0,0000000,15,3,15,18,88,88,0,0,0,1,0
22,220281,1,1,0,1,1,1,1,33,0,29,6,2011,4,21,30,0,14,3,SR-946,,12,30.50083889,-91.087519440,0,9,0,0,1,1,1,0,2,10,0,10,0,0000000,21,30,21,38,22,37,0,0,0,1,1
22,220282,1,1,0,0,0,1,1,11,0,30,6,2011,5,99,99,0,4,3,SR-27,,1266,30.76805000,-93.321538890,0,42,0,0,1,1,4,0,2,1,0,1,0,0000000,13,55,14,4,88,88,18,0,0,1,1
22,220283,1,1,0,0,0,1,1,17,0,8,4,2011,6,21,2,0,3,3,SR-1,,4306,33.00260000,-94.012700000,0,42,0,0,1,1,4,0,2,1,0,1,0,0000000,21,0,21,18,88,88,0,0,0,1,1
22,220284,2,2,0,0,0,2,2,17,0,20,4,2011,4,21,7,1,13,3,SR-1,,4025,32.62780000,-93.888400000,0,12,2,0,1,1,1,0,2,1,0,1,0,0000000,21,7,21,12,21,40,1,0,0,1,0
22,220285,1,1,0,0,0,1,1,71,1690,27,2,2011,1,8,21,1,13,2,US-90,,2636,30.00631111,-90.034069440,0,40,0,0,1,1,4,0,1,1,0,1,0,0000000,99,98,99,98,88,88,0,0,0,1,0
22,220286,2,2,0,0,0,6,6,1,0,17,6,2011,6,15,31,0,4,2,US-90,,772,30.18073889,-92.481766670,0,12,2,0,1,1,1,0,1,10,0,10,0,0000000,15,10,15,23,16,13,0,0,0,1,0
22,220287,1,1,0,0,0,4,4,75,0,21,6,2011,3,20,16,1,13,3,SR-23,,684,29.87221111,-90.009461110,0,33,0,0,1,1,3,0,3,10,0,10,0,0000000,21,31,21,35,21,58,0,0,0,2,0
22,220288,1,1,0,0,0,3,3,1,0,28,6,2011,3,15,29,1,1,1,I-10,,698,30.23616111,-92.566819440,0,42,0,0,1,1,4,0,1,1,0,1,0,0000000,15,31,15,39,16,27,0,0,0,1,1
22,220289,1,1,0,0,0,1,1,103,1840,15,5,2011,1,11,53,0,16,3,SR-3081 SPUR,,1,30.37765000,-89.743811110,0,44,0,0,1,1,1,0,1,1,0,1,0,0000000,11,53,11,58,12,35,0,0,0,1,0
22,220290,1,1,0,0,0,2,2,103,0,19,1,2011,4,19,56,0,6,4,CAREY RD,,0,30.35633056,-89.779438890,0,30,0,0,1,1,4,0,2,1,0,1,0,0000000,19,56,20,8,99,99,0,0,0,1,1
22,220291,2,2,0,0,0,2,2,33,150,19,4,2011,3,5,31,0,14,5,PRESCOTT RD,W BROOKSTOWN DR,0,30.48773056,-91.132861110,0,12,6,0,2,2,1,0,3,10,0,10,1,0000000,5,31,5,36,6,8,0,0,0,1,0
22,220292,2,2,0,0,0,5,5,33,150,22,5,2011,1,7,59,1,11,1,I-10,,1632,30.38620278,-91.071852780,0,12,1,0,1,1,1,4,1,1,0,1,0,0000000,99,99,99,99,99,99,0,0,0,1,0
22,220293,2,1,1,0,0,1,1,69,1650,28,5,2011,7,20,6,0,16,5,ROYAL ST,,0,31.74886111,-93.078250000,0,53,0,0,1,1,4,0,1,1,0,1,0,0000000,20,7,20,8,20,20,0,0,0,1,0
22,220294,1,1,0,0,0,1,1,33,150,12,6,2011,1,6,45,0,6,4,PRESCOTT RD,,0,30.48926111,-91.103580560,0,42,0,0,1,1,4,0,1,1,0,1,0,0000000,6,47,6,57,7,17,0,0,0,1,1
22,220295,1,1,0,1,1,1,1,55,1230,4,7,2011,2,20,52,1,13,2,US-90,GARBER RD,1118,30.17648889,-91.984369440,0,8,0,0,3,2,1,4,2,1,0,1,0,0000000,20,52,21,1,88,88,0,0,0,1,0
22,220296,3,3,0,0,0,3,3,51,1190,9,7,2011,7,18,45,0,14,3,SR-49,,26,30.01845000,-90.239230560,0,12,99,0,1,1,1,0,1,1,0,1,0,0000000,18,46,18,49,19,13,0,0,0,1,1
22,220297,1,1,0,0,0,3,3,51,0,12,7,2011,3,17,9,0,6,4,JOY ANN DR,,0,29.83783889,-90.104638890,0,5,0,0,1,1,1,0,1,1,0,1,0,0000000,99,99,99,99,99,99,0,0,0,1,0
22,220298,2,2,0,0,0,3,3,19,0,21,7,2011,5,10,27,0,6,4,W HOUSTON RIVER RD,,0,30.28716944,-93.498280560,0,12,1,0,1,1,1,0,1,1,0,1,0,0000000,10,36,10,40,88,88,0,0,0,1,0
22,220299,2,2,0,0,0,3,3,105,980,23,7,2011,7,14,15,0,14,2,US-190,AIRPORT RD,2237,30.51201944,-90.415311110,0,12,6,0,2,3,1,0,1,10,0,10,0,0000000,14,17,14,27,15,5,0,0,0,1,0
22,220300,1,1,0,0,0,2,2,99,0,23,7,2011,7,23,39,0,6,4,HERMAN DUPUIS,,0,30.26718889,-91.708811110,0,32,0,0,1,1,4,0,2,1,0,1,0,0000000,23,39,23,55,0,39,0,0,0,1,0
22,220301,1,1,0,0,0,1,1,17,946,29,7,2011,6,16,58,1,11,1,I-20,,45,32.44568056,-93.969461110,0,34,0,0,1,1,4,0,1,2,0,2,0,0000000,16,58,17,1,17,28,0,0,0,1,0
22,220302,1,1,0,1,1,1,1,79,40,14,7,2011,5,14,99,0,15,6,TEXAS AVENUE,,0,31.29663056,-92.475938890,0,8,0,0,1,1,1,0,1,10,0,10,0,0000000,14,57,15,3,15,22,0,0,0,1,0
22,220303,1,1,0,1,1,1,1,57,850,23,7,2011,7,22,99,0,15,3,SR-1,,336,29.38680000,-90.262400000,0,9,0,0,8,1,1,0,3,10,0,10,0,0000000,22,16,22,22,88,88,0,0,0,1,0
22,220304,2,2,0,0,0,4,4,51,1190,24,7,2011,1,1,15,0,14,6,W. ESPLANADE AVE.,,0,30.01790000,-90.208561110,0,12,1,0,1,1,1,0,3,1,0,1,0,0000000,1,24,1,27,2,3,0,0,0,1,2
22,220305,1,1,0,0,0,1,1,19,2210,30,7,2011,7,2,0,0,6,4,WALKER RD,,0,30.18361944,-93.396488890,0,34,0,0,1,1,4,0,2,1,0,1,0,0000000,2,9,2,14,2,41,0,0,0,1,0
22,220306,1,1,0,0,0,2,2,103,1400,5,5,2011,5,21,43,0,14,7,US-190 SERV. RD EAST,,2505,30.39393889,-90.087716670,0,42,0,1,19,1,4,0,2,1,0,1,0,0000000,21,43,21,50,22,99,0,0,0,1,1
22,220307,1,1,0,0,0,1,1,9,0,2,7,2011,7,20,6,0,6,3,SR-1192,,7,31.15791111,-92.108150000,0,53,0,0,1,1,4,0,1,1,0,1,0,0000000,20,9,20,23,20,39,0,0,0,1,1
22,220308,1,1,0,0,0,1,1,113,0,3,7,2011,1,16,20,0,3,3,SR-14,,451,30.05368611,-92.647141670,0,34,0,0,1,1,4,0,1,1,0,1,0,0000000,16,25,16,30,88,88,0,0,0,1,0
22,220309,1,1,0,0,0,1,1,97,0,4,7,2011,2,8,45,1,1,1,I-49,,313,30.69188889,-92.081038890,0,1,0,0,1,1,4,0,1,1,0,1,0,0000000,8,54,9,15,9,48,0,0,0,1,0
22,220310,1,1,0,0,0,1,1,111,0,4,7,2011,2,16,25,0,6,4,BRIDGES RD,,0,32.64999444,-92.311680560,0,35,0,0,1,1,4,0,1,1,0,1,0,0000000,16,27,16,45,88,88,0,0,0,1,1
22,220311,1,1,0,0,0,2,2,11,0,4,7,2011,2,18,0,1,13,2,US-171,,427,30.83406111,-93.250311110,0,32,0,0,1,1,4,0,1,1,0,1,0,0000000,18,4,18,10,18,42,0,0,0,1,1
22,220312,1,1,0,0,0,1,1,7,0,5,7,2011,3,2,15,0,14,3,SR-73,,63,30.28156944,-90.982019440,0,32,0,0,1,1,4,0,2,1,0,1,0,0000000,2,26,2,36,88,88,0,0,0,1,1
22,220313,2,2,0,0,0,4,4,93,0,5,7,2011,3,15,24,0,3,3,SR-70,,437,30.09651944,-90.920230560,0,12,1,0,1,1,1,0,1,10,0,10,0,0000000,15,27,15,43,16,49,0,0,0,1,0
22,220314,2,2,0,0,0,2,2,11,0,6,7,2011,4,16,40,0,4,3,SR-112,,17,30.85886111,-93.230650000,0,12,2,0,1,1,1,1,1,1,0,1,0,0000000,16,40,16,44,17,51,0,0,0,1,1
22,220315,1,1,0,0,0,1,1,103,0,7,7,2011,5,11,15,1,13,2,US-190,,2480,30.42775278,-90.085161110,0,21,0,0,1,1,4,0,1,1,0,1,0,0000000,11,24,11,32,88,88,0,0,0,1,0
22,220316,1,1,0,0,0,1,1,83,0,7,7,2011,5,21,35,0,6,3,SR-622,,37,32.29841944,-91.808411110,0,34,0,0,1,1,4,0,2,1,0,1,0,0000000,21,44,21,59,88,88,0,0,0,1,1
22,220317,1,1,0,0,0,2,2,115,0,9,7,2011,7,0,13,0,4,3,SR-113,,285,30.90373889,-92.954319440,0,1,0,0,1,1,4,0,2,1,0,1,0,0000000,0,16,0,48,1,31,0,0,0,1,1
22,220318,1,1,0,0,0,2,2,119,513,15,4,2011,6,2,30,0,14,2,US-371,,796,32.97771111,-93.457600000,0,18,0,0,1,1,1,0,2,2,6,2,0,0000000,2,36,2,41,3,7,0,0,0,1,0
22,220319,2,2,0,0,0,6,6,71,1690,8,1,2011,7,23,55,0,16,6,MILAN ST.,FRERET ST.,0,29.93556111,-90.100636110,0,12,6,0,2,2,1,0,3,1,0,1,0,0000000,0,3,0,4,0,28,20,0,0,1,0
22,220320,1,1,0,0,0,1,1,71,1690,31,1,2011,2,5,26,0,14,6,NAPOLEON AVE.,S. BROAD ST.,0,29.94883611,-90.104283330,0,33,0,0,3,4,3,0,3,5,0,5,0,0000000,5,26,5,35,88,88,0,0,0,1,1
22,220321,1,1,0,0,0,1,1,39,0,10,7,2011,1,4,0,0,4,3,SR-106,,153,30.82130556,-92.338138890,0,34,0,0,1,1,4,0,2,1,0,1,0,0000000,4,25,4,40,88,88,0,0,0,1,1
22,220322,1,1,0,0,0,1,1,115,0,12,7,2011,3,23,35,0,6,4,BAILEY ROAD,,0,30.94661944,-93.185461110,0,1,0,0,1,1,4,0,2,1,0,1,0,0000000,23,40,23,49,88,88,4,0,0,1,1
22,220323,2,2,0,0,0,2,2,57,795,15,7,2011,6,11,21,0,15,3,SR-1,,371,29.42551944,-90.293188890,0,12,6,0,1,1,1,0,1,2,0,2,0,0000000,11,26,11,33,12,4,3,0,0,1,0
22,220324,1,1,0,0,0,1,1,123,0,16,7,2011,7,3,15,0,6,3,SR-589,,91,32.81296944,-91.369450000,0,1,0,0,1,1,4,0,2,1,0,1,0,0000000,3,40,3,47,4,14,0,0,0,1,1
22,220325,2,2,0,0,0,2,2,45,0,17,7,2011,1,16,58,0,4,3,SR-674,,55,29.97158056,-91.795850000,0,12,6,0,1,1,1,0,1,1,0,1,0,0000000,16,59,17,5,17,26,0,0,0,1,1
22,220326,1,1,0,0,0,2,2,115,0,17,7,2011,1,18,0,1,2,3,SR-8,,81,31.11275278,-93.410847220,0,42,0,0,1,1,4,0,1,2,0,2,0,0000000,18,4,18,20,19,2,0,0,0,1,1
22,220327,1,1,0,0,0,3,3,11,0,21,7,2011,5,22,27,0,6,4,FOREMAN RD,,0,30.47556944,-93.181588890,0,34,0,0,1,1,4,0,2,10,0,10,0,0000000,22,28,22,53,0,46,0,0,0,1,0
22,220328,3,3,0,0,0,4,4,67,0,23,7,2011,7,21,15,0,4,3,SR-139,,172,32.73799722,-91.916444440,0,12,8,0,1,1,1,0,2,1,0,1,0,0000000,21,19,21,26,22,23,0,0,0,1,1
22,220329,1,1,0,0,0,1,1,15,0,23,7,2011,7,21,30,0,6,4,BELLEVUE RD,,0,32.60851944,-93.582819440,0,42,0,0,1,1,4,0,2,1,0,1,0,0000000,6,24,6,36,88,88,18,0,0,1,1
22,220330,1,1,0,0,0,2,2,115,0,23,7,2011,7,22,45,1,2,3,SR-8,,83,31.11486944,-93.408888890,0,1,0,0,1,1,4,0,2,1,0,1,0,0000000,23,6,23,28,23,57,0,0,0,1,1
22,220331,2,2,0,0,0,6,6,105,0,26,7,2011,3,10,25,0,15,2,US-190,N COBURN RD,2248,30.51230000,-90.398300000,0,12,6,0,2,2,1,0,1,1,0,1,0,0000000,10,31,10,43,11,16,0,0,0,3,0
22,220332,2,2,0,0,0,4,4,47,0,29,7,2011,6,18,40,1,2,3,SR-1,MAYOR DOC FOLEY ST,1276,30.16898056,-91.140791670,0,12,1,0,3,3,1,0,1,1,0,1,0,0000000,18,45,19,0,88,88,0,0,0,1,1
22,220333,1,1,0,0,0,2,2,103,0,30,7,2011,7,22,30,1,11,1,I-10,,2677,30.30001944,-89.743550000,0,59,0,0,1,1,3,0,2,1,0,1,0,0000000,22,47,22,57,23,24,0,0,0,1,1
22,220334,3,3,0,0,0,3,3,43,1900,7,7,2011,5,11,5,1,2,2,US-165,,949,31.46296111,-92.407600000,0,12,2,0,8,1,1,0,1,1,0,1,1,0000000,11,13,11,19,12,10,0,0,0,2,0
22,220335,2,2,0,0,0,2,2,15,0,31,7,2011,1,10,45,1,13,3,SR-3,,61,32.60246944,-93.734469440,0,12,7,0,1,1,1,0,1,1,0,1,0,0000000,10,48,10,53,11,19,0,0,0,1,0
22,220336,1,1,0,0,0,1,1,103,1400,2,8,2011,3,2,35,0,14,3,SR-59,,8,30.37391111,-90.054619440,0,34,0,0,1,1,4,0,2,1,0,1,0,0000000,2,38,2,40,99,99,0,0,0,1,1
22,220337,2,2,0,0,0,2,2,105,1910,3,8,2011,4,2,35,1,11,1,I-55,,264,30.44378889,-90.465375000,0,12,1,0,1,1,1,0,2,1,0,1,0,0000000,2,40,2,45,88,88,0,0,0,1,0
22,220338,1,1,0,1,1,1,1,17,2130,3,8,2011,4,19,17,0,14,3,SR-1,,3843,32.43075000,-93.711738890,0,8,0,0,1,1,1,0,1,1,0,1,0,0000000,19,15,19,20,88,88,0,0,0,1,1
22,220339,1,1,0,0,0,1,1,123,9997,4,8,2011,5,19,53,0,3,3,SR-2,,1682,32.77828056,-91.565030560,0,1,0,0,1,1,4,0,2,1,0,1,0,0000000,19,52,20,4,88,88,0,0,0,1,1
22,220340,1,1,0,0,0,1,1,63,0,6,8,2011,7,18,20,0,15,3,SR-1019,,58,30.58800556,-90.915247220,0,59,0,0,1,1,4,0,1,1,0,1,0,0000000,18,24,18,38,88,88,0,0,0,1,1
22,220341,3,3,0,0,0,5,5,67,0,13,8,2011,7,13,35,1,13,2,US-165,BAYOU ACRES RD,1980,32.75989722,-91.960811110,0,12,6,0,2,3,1,0,1,1,0,1,0,0000000,13,40,13,46,14,27,0,0,0,1,0
22,220342,1,1,0,1,1,4,4,73,0,16,8,2011,3,18,5,0,4,3,SR-34,,773,32.41206111,-92.209958330,0,8,0,0,1,1,1,0,1,1,0,1,0,0000000,18,7,18,11,18,25,0,0,0,1,0
22,220343,2,2,0,0,0,3,3,55,1230,19,8,2011,6,10,58,1,13,2,US-90,,1080,30.22465000,-92.010361110,0,12,7,0,1,1,1,0,1,1,0,1,0,0000000,10,59,11,8,11,43,0,0,0,1,0
22,220344,3,2,1,0,0,2,2,1,520,12,8,2011,6,2,45,1,13,3,SR-13,,154,30.20105000,-92.363030560,0,12,1,0,1,1,1,0,3,1,0,1,0,0000000,2,47,2,55,3,35,0,0,0,1,1
22,220346,1,1,0,0,0,2,2,9,0,28,7,2011,5,3,22,0,5,3,SR-451,,103,31.10276111,-91.885369440,0,42,0,0,1,1,5,0,2,10,0,10,0,0000000,3,22,3,33,5,3,0,0,0,1,1
22,220347,2,2,0,0,0,2,2,9,0,30,7,2011,7,7,11,0,4,3,SR-115,,489,31.26388889,-92.177361110,0,12,2,0,1,1,1,0,1,1,0,1,0,0000000,7,16,7,36,8,18,0,0,0,1,0
22,220348,1,1,0,0,0,1,1,85,0,31,7,2011,1,4,15,0,6,4,CARTER'S FERRY RD,,0,31.55726111,-93.696038890,0,35,0,0,1,1,4,0,2,1,0,1,0,0000000,4,26,4,54,88,88,0,0,0,1,1
22,220349,1,1,0,1,1,1,1,79,1850,31,7,2011,1,20,59,1,13,3,SR-28,,576,31.33891944,-92.369719440,0,8,0,0,1,1,1,0,3,1,0,1,0,0000000,21,4,21,9,88,88,0,0,0,1,1
22,220350,2,2,0,0,0,3,3,103,0,4,8,2011,5,22,40,0,3,3,SR-21,GRANDE HILLS BLVD,177,30.57958889,-89.975788890,0,12,6,0,2,3,1,0,3,1,0,1,0,0000000,22,45,22,56,23,38,0,0,0,1,1
22,220351,1,1,0,0,0,1,1,115,0,7,8,2011,1,12,55,0,4,3,SR-111,,139,31.02908889,-93.494380560,0,31,0,0,1,1,4,0,1,1,0,1,0,0000000,12,59,13,19,88,88,0,0,0,1,0
22,220352,1,1,0,0,0,4,4,97,0,6,8,2011,7,13,55,0,5,3,SR-357,,62,30.49001111,-92.111788890,0,34,0,0,1,1,4,0,1,1,0,1,0,0000000,13,58,14,10,14,45,0,0,0,1,1
22,220353,1,1,0,0,0,1,1,63,0,7,8,2011,1,16,50,0,15,3,SR-43,,8,30.44813889,-90.569519440,0,58,0,0,1,1,4,0,1,1,0,1,0,0000000,16,59,17,13,88,88,0,0,0,1,1
22,220354,3,3,0,0,0,3,3,63,0,9,8,2011,3,17,57,1,1,1,I-12,,314,30.47626111,-90.602305560,0,12,6,0,1,1,1,0,1,10,0,10,0,0000000,17,59,18,30,19,18,0,0,0,1,0
22,220355,1,1,0,0,0,1,1,99,0,11,8,2011,5,1,15,0,5,3,SR-345,,5,30.11651111,-91.798561110,0,32,0,0,1,1,4,0,2,1,0,1,0,0000000,1,29,1,39,88,88,0,0,0,1,1
22,220356,2,2,0,0,0,2,2,17,0,7,6,2011,3,8,5,1,11,1,I-220,,16,32.47670000,-93.834900000,0,12,6,0,1,1,1,0,1,1,0,1,0,0000000,8,26,8,33,8,51,0,0,0,1,0
22,220357,3,3,0,1,1,6,6,17,0,12,8,2011,6,21,36,1,11,1,I-20,,186,32.50318056,-93.748138890,0,8,0,0,1,1,1,0,3,1,0,1,0,0000000,21,35,21,37,88,88,0,0,0,1,1
22,220358,1,1,0,0,0,6,6,41,0,2,9,2011,6,16,45,0,4,3,SR-135,,113,32.19731111,-91.814780560,0,1,0,0,1,1,4,0,1,1,0,1,0,0000000,16,51,16,57,17,45,0,0,0,1,0
22,220359,1,1,0,0,0,1,1,49,0,3,9,2011,7,15,21,0,6,4,SILOAM SPRINGS RD,,0,32.19455000,-92.637330560,0,35,0,0,1,1,4,0,1,2,0,2,0,0000000,15,21,15,24,16,20,0,0,0,1,0
22,220360,1,1,0,1,1,1,1,73,1560,17,3,2011,5,22,28,1,13,3,SR-15,,1390,32.48385000,-92.092819440,0,8,0,0,1,1,1,0,3,1,0,1,0,0000000,22,29,22,35,22,47,0,0,0,1,0
22,220361,2,2,0,0,0,3,3,17,0,13,4,2011,4,17,52,1,13,3,SR-526,,150,32.43340000,-93.708800000,0,12,6,0,8,1,1,0,1,1,0,1,0,0000000,17,53,17,56,18,21,0,0,0,1,0
22,220362,1,1,0,1,1,1,1,17,0,22,4,2011,6,20,30,0,4,3,SR-525,,1,32.31190000,-93.943000000,0,8,0,0,1,1,1,0,2,1,0,1,0,0000000,20,30,20,31,20,51,19,0,0,1,0
22,220363,1,1,0,0,0,1,1,17,0,7,5,2011,7,15,40,0,4,3,SR-169,,156,32.36721944,-93.966269440,0,59,0,0,1,1,4,0,1,1,0,1,0,0000000,15,40,15,45,16,23,0,0,0,1,1
22,220364,1,1,0,0,0,1,1,17,0,12,6,2011,1,20,27,1,11,1,I-20,,53,32.44480000,-93.954600000,0,1,0,0,1,1,10,0,2,1,0,1,0,0000000,20,24,20,28,88,88,0,0,0,1,0
22,220365,1,1,0,0,0,1,1,17,0,21,6,2011,3,15,30,0,6,4,JEFFERSON PAIGE RD,,0,32.48353889,-93.914280560,0,42,0,0,1,1,4,0,1,2,0,2,0,0000000,15,35,15,42,88,88,0,0,0,1,1
22,220366,1,1,0,1,1,1,1,71,1690,4,7,2011,2,19,20,0,16,5,DINKINS ST,,0,30.04178889,-89.995230560,0,8,0,0,1,1,1,0,1,1,0,1,0,0000000,19,19,19,24,19,55,0,0,0,1,0
22,220367,1,1,0,0,0,1,1,69,0,8,7,2011,6,15,22,0,3,2,US-71,,1391,31.97071944,-93.187088890,0,38,0,0,1,1,4,0,1,1,0,1,0,0000000,15,32,15,43,16,46,0,0,0,1,0
22,220368,1,1,0,0,0,1,1,79,40,27,7,2011,4,10,31,1,13,2,US-71,,663,31.27256944,-92.464619440,0,35,0,0,1,1,4,0,1,10,0,10,0,0000000,10,25,10,42,88,88,0,0,0,1,0
22,220369,1,1,0,0,0,1,1,85,0,27,7,2011,4,21,15,1,2,3,SR-6,,112,31.51141111,-93.570161110,0,1,0,0,1,1,4,0,2,1,0,1,0,0000000,21,16,21,22,88,88,0,0,0,1,1
22,220370,1,1,0,0,0,1,1,33,150,30,7,2011,7,3,2,1,14,5,S SHERWOOD FOREST,,0,30.42750000,-91.055700000,0,1,0,0,1,1,1,0,3,1,0,1,0,0000000,3,3,3,8,3,31,0,0,0,1,0
22,220371,1,1,0,0,0,1,1,51,0,1,7,2011,6,2,16,1,13,2,US-90,,2524,29.96270000,-90.145361110,0,33,0,0,1,1,3,0,3,1,0,1,0,0000000,2,22,2,28,88,88,0,0,0,1,1
22,220372,2,2,0,0,0,2,2,51,0,17,7,2011,1,0,17,1,13,2,US-61,BELLEVUE PKWY,50,29.97533889,-90.172361110,0,12,6,0,2,2,1,0,3,1,0,1,0,0000000,0,18,0,25,1,3,0,0,0,1,2
22,220373,1,1,0,0,0,2,2,15,230,17,7,2011,1,2,2,1,13,3,SR-71,,1918,32.51303889,-93.715361110,0,99,0,0,1,1,3,0,3,1,0,1,0,0000000,2,5,2,8,2,33,0,0,0,1,1
22,220374,1,1,0,0,0,2,2,29,0,5,8,2011,6,22,50,0,6,4,BOGGY BAYOU RD,,0,31.52093056,-91.699580560,0,34,0,0,1,1,4,0,2,1,0,1,0,0000000,23,2,23,20,23,48,0,0,0,1,1
22,220375,1,1,0,0,0,1,1,71,1690,7,8,2011,1,16,10,0,16,5,DAUPHINE,,0,29.95948056,-90.023588890,0,33,0,0,1,1,4,0,1,2,0,2,0,0000000,16,19,16,23,16,50,0,0,0,1,0
22,220376,1,1,0,0,0,3,3,69,0,8,8,2011,2,14,53,0,6,4,CAMPTI BAYOU RD,,0,31.92078889,-93.052100000,0,35,0,0,1,1,4,0,1,1,0,1,0,0000000,14,54,15,13,15,53,0,0,0,1,0
22,220377,2,2,0,0,0,4,4,29,0,9,8,2011,3,17,50,1,2,2,US-425,,135,31.67545833,-91.540761110,0,12,1,0,1,1,1,0,1,1,0,1,0,0000000,17,51,17,55,18,15,0,0,0,1,0
22,220378,1,1,0,0,0,1,1,63,0,11,8,2011,5,18,49,0,6,4,COCKE VAIL RD,,0,30.48236944,-90.620288890,0,42,0,0,1,1,4,0,5,1,0,1,0,0000000,18,51,19,18,88,88,0,0,0,1,1
22,220379,3,3,0,0,0,3,3,57,0,15,8,2011,2,7,34,0,14,3,SR-182,,82,29.68301944,-90.647561110,0,12,2,0,1,1,1,0,1,1,0,1,0,0000000,7,37,7,48,8,15,14,0,0,1,0
22,220380,1,1,0,1,1,1,1,55,260,18,8,2011,5,21,7,0,15,3,SR-96,,4,30.13051944,-91.936600000,0,9,0,0,1,1,1,0,2,2,0,2,0,0000000,20,44,20,55,88,88,0,0,0,1,0
22,220381,1,1,0,2,2,1,1,15,0,20,8,2011,7,0,10,1,11,1,I-20,,300,32.54238056,-93.567738890,0,8,0,0,1,1,2,0,2,1,0,1,0,0000000,0,13,0,22,99,99,23,0,0,1,0
22,220382,1,1,0,0,0,2,2,115,0,20,8,2011,7,3,20,0,6,4,EBENEZER CEMETERY,,0,31.17321111,-93.007100000,0,34,0,0,1,1,4,0,2,1,0,1,0,0000000,3,42,4,3,99,99,0,0,0,1,1
22,220383,3,2,1,0,0,2,2,89,0,22,8,2011,2,1,57,1,1,1,I-10,,2176,30.02958889,-90.333019440,0,14,0,0,1,1,4,0,2,10,0,10,0,0000000,2,18,2,18,2,18,23,0,0,1,0
22,220384,2,2,0,0,0,2,2,103,0,4,8,2011,5,20,55,0,4,3,SR-40,,339,30.62117778,-90.126480560,0,12,2,0,1,1,1,0,2,1,0,1,0,0000000,20,59,21,13,22,5,0,0,0,1,0