STATE,ST_CASE,VE_TOTAL,VE_FORMS,PVH_INVL,PEDS,PERNOTMVIT,PERMVIT,PERSONS,COUNTY,CITY,DAY,MONTH,YEAR,DAY_WEEK,HOUR,MINUTE,NHS,ROAD_FNC,ROUTE,TWAY_ID,TWAY_ID2,MILEPT,LATITUDE,LONGITUD,SP_JUR,HARM_EV,MAN_COLL,RELJCT1,RELJCT2,TYP_INT,REL_ROAD,WRK_ZONE,LGT_COND,WEATHER1,WEATHER2,WEATHER,SCH_BUS,RAIL,NOT_HOUR,NOT_MIN,ARR_HOUR,ARR_MIN,HOSP_HR,HOSP_MN,CF1,CF2,CF3,FATALS,DRUNK_DR
22,220385,2,1,1,1,2,1,2,69,0,4,8,2011,5,14,52,1,1,1,I-49,,1203,31.53136111,-92.951530560,0,14,0,0,1,1,2,0,1,1,0,1,0,0000000,14,53,15,9,88,88,23,0,0,1,0
22,220386,1,1,0,0,0,1,1,119,0,29,8,2011,2,22,21,0,6,4,MCINTYRE ROAD,,0,32.62660833,-93.367383330,0,1,0,0,1,1,4,0,2,1,0,1,0,0000000,22,25,22,34,88,88,0,0,0,1,0
22,220387,1,1,0,0,0,1,1,79,40,23,8,2011,3,16,99,0,16,6,BRUYNINCKX ST.,,0,31.27100000,-92.498000000,0,33,0,0,1,1,5,0,1,10,0,10,0,0000000,16,21,16,30,16,59,0,0,0,1,0
22,220388,2,2,0,0,0,2,2,33,9898,26,8,2011,6,12,0,1,13,2,US-61,,662,30.35858333,-91.007352780,0,12,6,0,8,1,1,0,1,1,0,1,0,0000000,12,4,12,12,12,40,0,0,0,1,0
22,220389,1,1,0,1,1,1,1,99,0,27,8,2011,7,21,38,0,6,4,ZIN ZIN RD,,0,30.27346944,-91.848769440,0,8,0,0,1,1,1,0,2,1,0,1,0,0000000,21,51,22,2,22,19,0,0,0,1,0
22,220390,1,1,0,1,1,4,4,85,0,27,8,2011,7,23,42,0,6,4,BEHAN LOOP RD,,0,31.51123056,-93.351100000,0,8,0,0,1,1,1,0,2,1,0,1,0,0000000,23,45,0,17,88,88,0,0,0,1,1
22,220391,2,2,0,0,0,2,2,85,1440,30,8,2011,3,13,44,1,2,2,US-171,FISHER RD,1000,31.55781111,-93.472861110,0,12,6,0,2,3,1,0,1,1,0,1,0,0000000,13,42,13,47,14,10,0,0,0,1,0
22,220392,2,2,0,0,0,2,2,105,980,30,8,2011,3,22,20,1,13,2,US-51,I-12 ON RAMP,56,30.47835000,-90.457130560,0,12,6,0,2,2,1,0,3,1,0,1,0,0000000,22,20,22,21,22,43,0,0,0,1,0
22,220393,3,3,0,0,0,3,3,63,0,31,8,2011,4,15,8,0,15,3,SR-1019,,72,30.59129444,-90.892988890,0,12,8,0,1,1,1,0,1,1,0,1,0,0000000,15,9,15,21,15,54,0,0,0,1,0
22,220394,2,2,0,0,0,2,2,79,0,31,8,2011,4,15,55,0,4,3,SR-121,,328,31.26813889,-92.694761110,0,12,2,0,1,1,1,0,1,1,0,1,0,0000000,15,58,16,14,16,53,0,0,0,1,0
22,220395,1,1,0,0,0,1,1,59,0,1,9,2011,5,4,45,0,4,3,SR-500,,246,31.70351111,-92.209238890,0,30,0,0,1,1,4,0,2,1,0,1,0,0000000,4,50,4,54,5,45,0,0,0,1,0
22,220396,1,1,0,0,0,1,1,109,0,1,9,2011,5,20,35,0,14,3,SR-55,,109,29.50928056,-90.560880560,0,43,0,0,1,1,4,0,3,10,0,10,0,0000000,20,39,20,47,88,88,0,0,0,1,1
22,220397,2,2,0,0,0,3,3,97,0,2,9,2011,6,16,11,0,14,2,US-190,ANDREPONT RD,1152,30.52636944,-92.148130560,0,12,6,0,2,2,1,0,1,2,0,2,0,0000000,16,22,16,28,17,41,0,0,0,1,1
22,220398,1,1,0,0,0,1,1,17,1728,29,6,2011,4,22,99,0,14,6,ROY ROAD,,0,32.56416944,-93.846669440,0,35,0,0,1,1,4,0,2,1,0,1,0,0000000,5,0,5,7,88,88,0,0,0,1,0
22,220399,1,1,0,0,0,1,1,73,0,30,6,2011,5,16,5,0,15,3,SR-3033,,31,32.44716667,-92.202286110,0,34,0,0,1,1,4,0,1,1,0,1,0,0000000,16,7,16,19,16,45,0,0,0,1,0
22,220400,3,3,0,0,0,3,3,17,0,12,7,2011,3,14,25,1,2,2,US-71,,2104,32.72740000,-93.844000000,0,12,8,0,1,1,1,0,1,1,0,1,0,0000000,14,31,14,45,15,15,0,0,0,1,0
22,220401,1,1,0,0,0,1,1,33,150,4,8,2011,5,11,46,1,13,3,SR-19,,19,30.55048889,-91.175180560,0,30,0,0,1,1,4,0,1,1,0,1,0,0000000,11,47,11,52,12,25,0,0,0,1,0
22,220402,1,1,0,0,0,2,2,33,150,24,8,2011,4,11,33,1,11,1,I-110,,34,30.47600000,-91.166900000,0,25,0,0,1,1,4,0,1,1,0,1,0,0000000,11,33,11,40,12,15,0,0,0,1,0
22,220403,2,2,0,0,0,4,4,57,0,27,8,2011,7,15,3,0,14,3,SR-3235,,82,29.46981111,-90.325111110,0,12,6,0,8,1,1,0,1,1,0,1,0,0000000,15,8,15,13,15,30,0,0,0,1,0
22,220404,1,1,0,0,0,1,1,61,0,2,9,2011,6,18,0,0,4,3,SR-146,,287,32.59338889,-92.664280560,0,35,0,0,1,1,4,0,1,1,0,1,0,0000000,18,3,18,9,88,88,0,0,0,1,1
22,220405,3,3,0,1,1,4,4,71,1690,2,9,2011,6,19,50,1,13,3,SR-46,,20,29.96436944,-90.029869440,0,9,0,0,1,1,1,0,2,2,0,2,0,0000000,99,99,99,99,88,88,0,0,0,1,0
22,220406,1,1,0,0,0,1,1,77,0,3,9,2011,7,2,31,0,15,3,SR-413,,210,30.68137222,-91.417719440,0,44,0,0,1,1,1,0,2,2,0,2,0,0000000,2,33,2,43,88,88,0,0,0,1,1
22,220407,1,1,0,1,1,1,1,5,0,3,9,2011,7,5,19,0,14,3,SR-42,,54,30.34125833,-90.894194440,0,8,0,0,1,1,1,0,2,2,0,2,0,0000000,5,26,5,35,6,2,0,0,0,1,0
22,220408,1,1,0,1,1,2,2,31,1420,3,9,2011,7,1,13,0,16,5,WILLARD ST,,0,32.03375000,-93.690088890,0,8,0,0,1,1,1,0,2,1,0,1,0,0000000,1,13,1,19,1,42,0,0,0,1,1
22,220409,2,2,0,0,0,4,4,115,0,6,9,2011,3,16,45,1,2,3,SR-28,SR-121,129,31.19248889,-93.054419440,0,12,6,0,2,3,1,0,1,1,0,1,0,0000000,16,56,17,23,18,12,0,0,0,2,0
22,220410,3,3,0,0,0,3,3,127,0,8,9,2011,5,7,15,1,2,2,US-84,,919,31.91738056,-92.693569440,0,12,2,0,1,1,1,0,1,1,0,1,0,0000000,7,22,7,29,8,1,0,0,0,1,0
22,220411,2,2,0,0,0,2,2,33,0,9,9,2011,6,17,20,0,14,3,SR-37,WILL AVE,104,30.54986944,-90.982480560,0,12,6,0,2,3,1,0,1,1,0,1,0,0000000,17,28,17,39,19,16,0,0,0,1,1
22,220412,2,2,0,1,1,2,2,47,0,9,9,2011,6,22,21,1,1,1,I-10,,1332,30.39210000,-91.539800000,0,12,1,0,1,1,1,0,2,1,0,1,0,0000000,22,24,22,42,23,53,23,0,0,1,0
22,220413,1,1,0,1,1,3,3,79,40,10,9,2011,7,5,33,1,11,1,I-49,,917,31.34868056,-92.526969440,0,8,0,0,1,1,1,0,2,1,0,1,0,0000000,5,33,5,48,88,88,0,0,0,1,0
22,220414,2,2,0,0,0,3,3,127,0,13,9,2011,3,18,25,1,13,2,US-84,,968,31.92786111,-92.618050000,0,12,6,0,1,1,1,0,1,1,0,1,0,0000000,18,29,18,35,19,53,0,0,0,1,0
22,220415,2,2,0,1,1,2,2,97,0,13,9,2011,3,20,2,0,5,3,SR-741,,33,30.51563889,-91.951080560,0,12,11,0,1,1,1,0,2,1,0,1,0,0000000,20,2,20,23,21,6,19,0,0,1,0
22,220416,1,1,0,0,0,1,1,117,0,15,9,2011,5,6,35,0,5,3,SR-436,,41,30.88436944,-90.105838890,0,42,0,0,1,1,4,0,1,10,0,10,0,0000000,6,35,6,42,7,5,0,0,0,1,0
22,220417,2,2,0,0,0,3,3,67,0,16,9,2011,6,11,41,0,4,2,US-425,BROADNAX SPUR,826,32.58215000,-91.764250000,0,12,6,0,2,2,1,0,1,1,0,1,0,0000000,11,42,11,51,12,10,0,0,0,1,0
22,220418,2,2,0,0,0,5,5,69,0,28,5,2011,7,23,0,0,6,5,PETE SLAUGHTER RD,,0,31.97048889,-93.160850000,0,12,1,0,1,1,1,0,2,1,0,1,0,0000000,0,9,0,37,1,35,0,0,0,1,0
22,220419,1,1,0,1,1,2,2,71,1690,1,1,2011,7,11,24,1,13,2,US-90,GRAVIER ST.,2579,29.95519444,-90.080338890,0,8,0,0,3,2,1,0,1,10,0,10,0,0000000,88,88,88,88,88,88,0,0,0,1,0
22,220420,1,1,0,0,0,2,2,71,1690,20,8,2011,7,2,31,0,3,2,US-90,,2823,30.09431111,-89.767738890,0,43,0,0,1,1,4,0,3,1,0,1,0,0000000,99,99,99,99,88,88,0,0,0,2,0
22,220421,2,2,0,0,0,2,2,17,2130,5,9,2011,2,14,49,0,14,2,US-80,,158,32.47528056,-93.797111110,0,1,0,0,8,1,1,0,1,1,0,1,0,0000000,99,99,99,99,99,99,0,0,0,1,0
22,220422,3,3,0,0,0,4,4,17,2130,6,9,2011,3,7,44,0,14,3,SR-523,TURNER ST.,55,32.43628056,-93.745969440,0,12,1,0,2,2,1,0,1,1,0,1,0,0000000,99,99,99,99,99,99,0,0,0,1,0
22,220423,5,5,0,1,1,5,5,57,0,8,9,2011,5,3,3,0,14,3,SR-1,,757,29.74205833,-90.702016670,0,8,0,0,1,1,1,0,3,10,0,10,0,0000000,3,10,3,18,88,88,0,0,0,1,0
22,220424,1,1,0,1,1,1,1,33,150,8,9,2011,5,20,8,1,13,2,US-190 SERVICE RD,,1846,30.46010000,-91.049300000,0,8,0,0,1,1,1,0,2,10,0,10,0,0000000,20,8,20,13,20,36,0,0,0,1,0
22,220425,1,1,0,1,1,1,1,71,1690,10,9,2011,7,17,4,0,14,3,SR-428,,25,29.91836944,-90.017500000,0,59,0,0,1,1,3,0,8,1,0,1,0,0000000,99,99,99,99,99,99,0,0,0,1,0
22,220426,2,2,0,0,0,2,2,103,0,16,9,2011,6,6,50,0,3,3,SR-25,,32,30.54041111,-90.136311110,0,12,2,0,1,1,1,0,1,1,0,1,0,0000000,6,57,7,5,7,53,0,0,0,1,0
22,220427,1,1,0,1,1,2,2,105,0,16,9,2011,6,20,50,1,1,1,I-55,,584,30.89455000,-90.528150000,0,8,0,0,1,1,1,0,2,1,0,1,0,0000000,20,56,21,30,22,35,0,0,0,1,0
22,220428,1,1,0,0,0,1,1,113,0,17,9,2011,7,0,51,0,6,4,ACORN DR,,0,29.95436944,-92.115280560,0,59,0,0,1,1,4,0,2,1,0,1,0,0000000,1,0,1,6,88,88,0,0,0,1,1
22,220429,3,3,0,0,0,3,3,77,0,17,9,2011,7,5,50,0,3,3,SR-1,SR-972,1974,30.80578056,-91.638388890,0,12,1,0,3,3,1,0,1,1,0,1,0,0000000,5,59,6,16,7,15,0,0,0,1,0
22,220430,1,1,0,0,0,3,3,69,0,17,9,2011,7,17,41,0,6,4,HAMPTON RD,,0,31.71431111,-93.013872220,0,1,0,0,1,1,4,0,1,1,0,1,0,0000000,17,52,18,4,99,99,0,0,0,2,0
22,220431,1,1,0,0,0,1,1,115,0,18,9,2011,1,11,0,1,13,2,US-171,,488,30.89223056,-93.286311110,0,43,0,0,1,1,4,0,1,10,0,10,0,0000000,11,1,11,6,11,28,0,0,0,1,1
22,220432,1,1,0,0,0,1,1,33,0,18,9,2011,1,16,10,0,15,4,HOO SHOO TOO ROAD,,0,30.35395000,-90.975750000,0,32,0,0,1,1,4,0,1,2,0,2,0,0000000,16,12,16,13,16,25,0,0,0,1,1
22,220433,2,2,0,0,0,4,4,33,150,21,9,2011,4,15,20,1,13,3,SR-37,,21,30.48581111,-91.082219440,0,12,6,0,7,1,1,0,1,1,0,1,0,0000000,99,99,99,99,99,99,0,0,0,1,0
22,220434,1,1,0,1,1,1,1,85,1440,21,9,2011,4,21,30,1,2,2,US-171 SOUTH,UNKNOWN,997,31.55460000,-93.470480560,0,9,0,0,7,1,1,0,3,1,0,1,0,0000000,21,31,21,36,99,99,0,0,0,1,0
22,220435,1,1,0,0,0,3,3,111,0,23,9,2011,6,0,45,0,4,3,SR-15,,1868,32.92855556,-92.542811110,0,42,0,0,1,1,4,0,2,1,0,1,0,0000000,0,51,1,6,1,42,0,0,0,1,1
22,220436,1,1,0,1,1,1,1,19,0,23,9,2011,6,1,5,1,13,2,US-171,,61,30.32016111,-93.200019440,0,9,0,0,1,1,1,0,2,1,0,1,0,0000000,1,6,1,14,88,88,0,0,0,1,1
22,220437,1,1,0,0,0,1,1,105,0,24,9,2011,7,10,25,1,1,1,I-55,,553,30.84928889,-90.533369440,0,42,0,0,1,1,3,0,1,1,0,1,0,0000000,10,30,10,38,11,58,0,0,0,1,0
22,220438,2,2,0,0,0,5,5,53,0,24,9,2011,7,21,40,0,4,2,US-90,,545,30.23208056,-92.828938890,0,53,0,0,1,1,4,0,2,1,0,1,0,0000000,88,88,88,88,88,88,14,0,0,1,1
22,220439,1,1,0,0,0,1,1,59,0,25,9,2011,1,2,10,1,2,2,US-84,,1399,31.62608889,-92.046000000,0,59,0,0,1,1,4,0,2,1,0,1,0,0000000,2,20,2,27,88,88,0,0,0,1,1
22,220440,2,2,0,0,0,5,5,85,2500,28,9,2011,4,10,40,0,6,3,SR-482,OBRIE ST,73,31.63091111,-93.643719440,0,12,6,0,2,2,1,0,1,1,0,1,0,0000000,10,40,10,55,99,99,0,0,0,2,0
22,220441,2,2,0,0,0,2,2,61,0,30,9,2011,6,12,25,0,14,2,US-80,,882,32.50691111,-92.684650000,0,12,2,0,1,1,1,0,1,1,0,1,0,0000000,12,28,12,36,13,9,0,0,0,1,0
22,220442,1,1,0,0,0,1,1,101,0,30,9,2011,6,23,10,0,4,3,SR-182,,874,29.87033889,-91.580311110,0,35,0,0,1,1,4,0,2,1,0,1,0,0000000,23,23,23,34,88,88,0,0,0,1,1
22,220443,1,1,0,0,0,1,1,27,0,3,9,2011,7,16,0,0,4,3,SR-2,,636,32.82561111,-93.171138890,0,34,0,0,1,1,4,0,1,2,0,2,0,0000000,16,2,16,11,88,88,0,0,0,1,1
22,220444,1,1,0,0,0,1,1,85,0,1,9,2011,5,99,99,0,4,3,SR-175,,92,31.69655000,-93.508588890,0,5,0,0,1,1,1,0,2,1,0,1,0,0000000,3,56,4,20,88,88,0,0,0,1,1
22,220445,1,1,0,1,1,3,3,55,1230,1,10,2011,7,8,22,1,13,2,US-167,MARILYN DR,171,30.19876944,-92.055711110,0,9,0,0,2,3,1,0,1,1,0,1,0,0000000,8,23,8,26,8,43,0,0,0,1,0
22,220446,1,1,0,0,0,1,1,9,0,1,10,2011,7,12,48,0,6,3,SR-451,,182,31.05243056,-91.792638890,0,35,0,0,1,1,4,1,1,1,0,1,0,0000000,12,55,13,24,88,88,0,0,0,1,0
22,220447,2,2,0,0,0,4,4,63,0,2,10,2011,1,11,49,0,14,2,US-190,SR-1026,1932,30.48291944,-90.917469440,0,12,2,0,2,2,1,0,1,1,0,1,0,0000000,11,57,12,6,12,32,0,0,0,1,0
22,220448,1,1,0,1,1,1,1,97,0,4,10,2011,3,99,99,0,14,3,SR-182,BELMONT DR,1529,30.56376944,-92.073288890,0,8,0,0,2,3,1,0,2,1,0,1,0,0000000,2,19,2,28,2,50,0,0,0,1,0
22,220449,2,2,0,0,0,2,2,31,0,4,10,2011,3,13,31,0,4,3,SR-5,,127,32.14911111,-93.926811110,0,12,2,0,1,1,1,0,1,1,0,1,0,0000000,13,31,13,41,88,88,0,0,0,1,0
22,220450,1,1,0,1,1,4,4,71,1690,4,10,2011,3,19,53,1,13,5,GENERAL DEGAULLE DR,,0,29.91840000,-90.011219440,0,8,0,0,1,1,1,0,2,1,0,1,0,0000000,99,99,99,99,99,99,0,0,0,1,0
22,220451,1,1,0,0,0,1,1,103,0,5,10,2011,4,22,20,0,3,3,SR-25,,18,30.52330000,-90.123961110,0,1,0,0,1,1,2,0,2,1,0,1,0,0000000,22,24,22,33,22,45,0,0,0,1,0
22,220452,1,1,0,0,0,1,1,81,0,7,10,2011,6,18,15,0,3,2,US-84,,393,32.05346111,-93.416488890,0,1,0,0,1,1,1,1,1,1,0,1,0,0000000,18,20,18,27,88,88,0,0,0,1,0
22,220453,2,2,0,0,0,4,4,11,0,7,10,2011,6,16,33,0,3,3,SR-26,,32,30.80996944,-93.192080560,0,12,8,0,1,1,1,0,1,1,0,1,0,0000000,16,33,16,43,17,45,0,0,0,1,0
22,220454,1,1,0,0,0,1,1,9,0,7,10,2011,6,21,45,0,6,3,SR-1176,,35,30.91171111,-92.216519440,0,42,0,0,1,1,4,0,2,1,0,1,0,0000000,7,40,7,42,88,88,0,0,0,1,1
22,220455,1,1,0,0,0,2,2,67,0,8,10,2011,7,4,0,0,4,2,US-425,,844,32.60806111,-91.771969440,0,42,0,0,1,1,4,0,2,1,0,1,0,0000000,4,26,4,39,5,19,0,0,0,1,1
22,220456,2,2,0,0,0,2,2,97,0,9,10,2011,1,0,55,0,4,3,SR-93,,177,30.38263056,-92.084850000,0,54,11,0,1,1,1,0,2,1,0,1,0,0000000,0,58,1,15,2,47,14,19,0,1,0
22,220457,1,1,0,1,1,1,1,45,1680,10,10,2011,2,8,26,1,13,3,SR-675,,31,30.00455000,-91.835311110,0,9,0,0,1,1,1,0,1,1,0,1,0,0000000,8,30,8,35,8,52,0,0,0,1,0
22,220458,1,1,0,1,1,1,1,97,0,11,10,2011,3,19,21,1,1,7,I-49 SERVICE RD,,124,30.43155000,-92.064788890,0,9,0,0,1,1,1,0,5,1,0,1,0,0000000,19,9,19,30,88,88,0,0,0,1,0
22,220459,1,1,0,1,1,1,1,43,0,13,10,2011,5,19,35,0,3,2,US-71,,964,31.55025833,-92.710547220,0,8,0,0,1,1,1,1,2,1,0,1,0,0000000,19,46,19,53,20,38,0,0,0,1,0
22,220460,1,1,0,0,0,1,1,33,0,16,10,2011,1,0,18,1,13,2,US-61,,852,30.55651944,-91.200380560,0,10,0,0,6,1,1,0,2,1,0,1,0,335331P,0,21,0,32,88,88,0,0,0,1,0
22,220461,2,2,0,0,0,2,2,99,0,16,10,2011,1,19,15,1,13,2,US-90,,1194,30.08143056,-91.939500000,0,12,6,0,7,1,1,0,2,1,0,1,0,0000000,19,22,19,26,88,88,0,0,0,1,1
22,220462,1,1,0,0,0,1,1,69,0,10,10,2011,2,15,35,1,2,3,SR-6,,391,31.71468056,-93.197661110,0,42,0,0,1,1,4,0,1,1,0,1,0,0000000,15,40,15,50,16,59,0,0,0,1,0
22,220463,3,1,2,1,3,1,3,79,40,14,10,2011,6,11,0,1,13,3,SR-28,,480,31.29841944,-92.485650000,0,14,0,0,1,1,4,0,1,1,0,1,0,0000000,11,0,11,8,11,39,0,0,0,1,0
22,220464,2,2,0,0,0,2,2,105,0,14,10,2011,6,17,55,0,4,3,SR-442,,143,30.57733056,-90.531438890,0,12,2,0,1,1,1,0,5,1,0,1,0,0000000,17,59,18,8,18,55,0,0,0,1,1
22,220465,2,2,0,0,0,4,4,73,0,14,10,2011,6,19,30,0,4,3,SR-557,,144,32.40926944,-92.198191670,0,12,2,0,1,1,1,0,2,1,0,1,0,0000000,19,32,19,35,20,21,0,0,0,1,0
22,220466,2,2,0,1,1,2,2,71,1690,15,10,2011,7,3,2,1,13,2,US-90,GRAVIER ST,2579,29.95566944,-90.080588890,0,8,0,0,2,2,1,0,3,1,0,1,0,0000000,99,98,99,98,88,88,0,0,0,1,0
22,220467,1,1,0,0,0,1,1,73,0,16,10,2011,1,2,28,0,14,3,SR-15,,1370,32.46763889,-92.066650000,0,32,0,0,1,1,4,0,2,1,0,1,0,0000000,2,29,2,37,2,51,20,0,0,1,0
22,220468,1,1,0,1,1,2,2,77,0,16,10,2011,1,19,10,0,3,3,SR-10,SR-420,1381,30.73448056,-91.432619440,0,8,0,0,3,3,1,0,2,1,0,1,0,0000000,19,18,19,24,19,35,0,0,0,1,0
22,220469,1,1,0,0,0,1,1,89,0,16,10,2011,1,22,0,0,6,4,GOODHOPE RD,,0,30.00058056,-90.410730560,0,43,0,0,1,1,4,0,3,1,0,1,0,0000000,22,10,22,20,88,88,0,0,0,1,0
22,220470,1,1,0,0,0,1,1,51,0,17,10,2011,2,4,45,0,6,4,VETERANS MEMORIAL BL,,0,30.00488056,-90.178911110,0,43,0,0,1,1,3,0,3,1,0,1,0,0000000,4,50,4,57,88,88,0,0,0,1,0
22,220471,1,1,0,0,0,1,1,109,1070,19,10,2011,4,1,40,1,13,3,SR-3040,,12,29.58990000,-90.715850000,0,33,0,0,1,1,4,0,3,1,0,1,0,0000000,1,45,1,49,2,9,0,0,0,1,1
22,220472,1,1,0,1,1,2,2,19,580,6,10,2011,5,19,42,0,4,3,SR-27,,1014,30.44601111,-93.427130560,0,9,0,0,1,1,1,0,2,1,0,1,0,0000000,19,45,19,49,20,0,0,0,0,1,0
22,220473,1,1,0,1,1,1,1,33,9997,21,10,2011,6,19,0,1,13,3,SR-37,FRENCHTOWN RD,56,30.50831944,-91.032211110,0,8,0,0,2,3,1,0,2,1,0,1,0,0000000,19,1,19,8,19,31,0,0,0,1,0
22,220474,1,1,0,1,1,1,1,1,1980,22,10,2011,7,19,59,0,14,3,SR-98,,257,30.24211111,-92.255080560,0,15,0,0,1,1,1,0,2,1,0,1,0,0000000,20,1,20,5,20,31,0,0,0,1,0
22,220475,1,1,0,0,0,2,2,109,0,22,10,2011,7,22,51,1,13,3,SR-24,,35,29.69623889,-90.786011110,0,42,0,0,1,1,4,0,1,1,0,1,0,0000000,23,1,23,15,23,48,0,0,0,2,1
22,220476,2,2,0,0,0,3,3,79,0,25,10,2011,3,17,3,0,4,3,SR-121,SR-112,523,31.12658056,-92.767288890,0,12,6,0,2,3,1,0,1,1,0,1,0,0000000,17,5,17,27,17,49,0,0,0,1,0
22,220477,1,1,0,0,0,3,3,45,0,25,10,2011,3,21,46,0,6,4,JEFFERSON ISLAND ROAD,,0,29.95786944,-91.981269440,0,32,0,0,1,1,4,0,2,5,0,5,0,0000000,21,99,21,53,22,45,0,0,0,1,1
22,220478,1,1,0,0,0,2,2,53,0,26,10,2011,4,1,18,0,5,3,SR-395,,152,30.41838056,-92.705438890,0,1,0,0,1,1,1,0,2,5,0,5,0,0000000,1,9,1,45,99,99,0,0,0,1,1
22,220479,2,2,0,0,0,2,2,97,0,26,10,2011,4,17,40,0,3,2,US-190,SR-367,1021,30.49503889,-92.361450000,0,12,6,0,2,3,1,0,1,1,0,1,0,0000000,17,45,17,50,88,88,0,0,0,1,0
22,220480,2,2,0,0,0,3,3,33,0,27,10,2011,5,6,46,1,13,3,SR-64,,5,30.64675000,-91.239238890,0,12,6,0,1,1,1,0,4,5,0,5,0,0000000,6,54,7,0,88,88,2,0,0,1,0
22,220481,1,1,0,0,0,2,2,19,0,28,10,2011,6,17,57,0,5,3,SR-3059,,85,30.27638056,-93.059200000,0,32,0,0,1,1,4,0,1,10,0,10,0,0000000,18,3,18,23,18,52,0,0,0,1,0
22,220482,1,1,0,0,0,1,1,117,0,28,10,2011,6,23,14,0,6,4,ARETHA WARNER RD,,0,30.96086944,-90.105000000,0,1,0,0,1,1,1,0,2,1,0,1,0,0000000,88,88,88,88,88,88,0,0,0,1,0
22,220483,1,1,0,1,1,1,1,71,1690,29,10,2011,7,7,53,1,11,1,I-10,,2537,30.13441944,-89.871700000,0,8,0,0,1,1,1,0,4,99,0,99,0,0000000,88,88,88,88,88,88,0,0,0,1,0
22,220484,1,1,0,1,1,1,1,29,2310,29,10,2011,7,19,50,1,13,2,US-184,HICKORY ST,1823,31.56776111,-91.430511110,0,8,0,0,3,2,1,0,3,1,0,1,0,0000000,19,52,19,53,88,88,0,0,0,1,0
22,220485,2,2,0,0,0,2,2,109,1070,30,10,2011,1,19,45,0,14,3,SR-57,EMMA STREET,246,29.59158056,-90.703780560,0,12,6,0,2,3,1,0,3,1,0,1,0,0000000,19,48,19,51,20,10,0,0,0,1,1
22,220486,1,1,0,0,0,6,6,71,1690,28,5,2011,7,16,53,0,6,5,WOODLAND DR,,0,29.90441944,-89.991830560,0,43,0,0,1,1,4,0,1,1,0,1,0,0000000,16,55,17,2,17,21,0,0,0,1,0
22,220487,1,1,0,1,1,1,1,33,150,8,9,2011,5,0,20,0,14,5,CHOCTAW DR,,0,30.47160000,-91.086961110,0,8,0,0,1,1,1,0,2,1,0,1,0,0000000,0,20,0,30,0,35,0,0,0,1,0
22,220488,2,2,0,0,0,3,3,17,0,10,10,2011,2,11,50,0,6,4,GILLIM SCOTT SLOUGH,,0,32.95350000,-93.858100000,0,12,2,0,1,1,1,0,1,1,0,1,0,0000000,11,55,12,9,13,19,0,0,0,1,0
22,220489,1,1,0,0,0,1,1,17,0,23,10,2011,1,2,0,0,4,3,SR-1,,3764,32.34830000,-93.622800000,0,1,0,0,1,1,4,0,2,10,0,10,0,0000000,8,14,8,19,88,88,18,0,0,1,0
22,220490,1,1,0,0,0,1,1,87,0,30,10,2011,1,99,99,1,13,3,SR-39,,398,29.87910000,-89.874900000,0,59,0,0,1,1,4,0,2,1,0,1,0,0000000,8,3,8,10,8,50,0,0,0,1,1
22,220491,1,1,0,0,0,6,6,45,0,30,10,2011,1,19,0,0,5,3,SR-86,,125,30.06469444,-91.772455560,0,35,0,0,1,1,4,0,2,1,0,1,0,0000000,19,2,19,10,20,9,0,0,0,1,1
22,220492,1,1,0,1,1,1,1,71,1690,3,4,2011,1,6,20,1,13,6,S. CARROLLTON AVENUE,SPRUCE STREET,0,29.95296667,-90.123550000,0,8,0,0,2,2,1,0,4,1,0,1,0,0000000,6,99,6,20,7,25,0,0,0,1,0
22,220493,2,2,0,0,0,2,2,63,791,12,7,2011,3,6,55,0,4,3,SR-16,MURPHY LANE,36,30.30198056,-90.799630560,0,12,2,0,2,3,1,0,1,1,0,1,0,0000000,6,59,7,19,7,99,0,0,0,1,1
22,220494,1,1,0,0,0,1,1,97,1800,27,9,2011,3,19,16,0,15,3,SR-357,,86,30.52420000,-92.104100000,0,34,0,0,1,1,4,0,3,1,0,1,0,0000000,19,16,19,48,19,59,0,0,0,1,1
22,220495,2,2,0,0,0,4,4,17,0,29,10,2011,7,8,55,1,2,3,SR-1,WILTON PLACE,3973,32.58740000,-93.813800000,0,1,0,0,3,3,1,0,1,1,0,1,0,0000000,8,59,9,6,9,34,0,0,0,1,0
22,220496,2,2,0,0,0,2,2,115,0,1,11,2011,3,14,50,1,2,2,US-171,CRYER CEMETERY RD,564,31.00116111,-93.281038890,0,12,1,0,3,3,1,0,1,1,0,1,0,0000000,14,51,14,55,15,48,0,0,0,1,1
22,220497,2,2,0,0,0,3,3,95,0,2,11,2011,4,7,43,0,14,2,US-61,,308,30.07691111,-90.563869440,0,12,6,0,1,1,1,0,1,1,0,1,0,0000000,7,43,7,52,8,10,0,0,0,1,0
22,220498,1,1,0,0,0,1,1,105,0,4,11,2011,6,7,7,1,1,1,I-55 NORTH,,453,30.70396111,-90.532661110,0,1,0,0,1,1,1,0,2,1,0,1,0,0000000,7,15,7,20,88,88,0,0,0,1,0
22,220499,1,1,0,0,0,4,4,19,0,5,11,2011,7,4,28,0,6,4,BIGWOODS EDGERLY RD,,0,30.25783889,-93.539138890,0,32,0,0,1,1,4,0,2,1,0,1,0,0000000,4,29,4,39,5,13,0,0,0,3,0
22,220500,2,2,0,0,0,10,10,21,0,5,11,2011,7,16,45,0,3,3,SR-4,,1069,32.08549722,-92.037919440,0,12,6,0,1,1,1,0,1,1,0,1,0,0000000,16,99,16,58,17,33,0,0,0,3,0