STATE,ST_CASE,VE_TOTAL,VE_FORMS,PVH_INVL,PEDS,PERNOTMVIT,PERMVIT,PERSONS,COUNTY,CITY,DAY,MONTH,YEAR,DAY_WEEK,HOUR,MINUTE,NHS,ROAD_FNC,ROUTE,TWAY_ID,TWAY_ID2,MILEPT,LATITUDE,LONGITUD,SP_JUR,HARM_EV,MAN_COLL,RELJCT1,RELJCT2,TYP_INT,REL_ROAD,WRK_ZONE,LGT_COND,WEATHER1,WEATHER2,WEATHER,SCH_BUS,RAIL,NOT_HOUR,NOT_MIN,ARR_HOUR,ARR_MIN,HOSP_HR,HOSP_MN,CF1,CF2,CF3,FATALS,DRUNK_DR
22,220501,2,2,0,0,0,2,2,105,0,8,11,2011,3,19,14,1,11,1,I-12,,358,30.47913889,-90.529111110,0,12,1,0,1,1,1,0,3,1,0,1,0,0000000,19,16,19,29,88,88,0,0,0,1,0
22,220502,2,2,0,0,0,2,2,111,0,10,11,2011,5,7,30,0,4,3,SR-33,,407,32.96320000,-92.234569440,0,12,2,0,1,1,1,0,1,1,0,1,0,0000000,7,31,7,51,8,44,0,0,0,1,0
22,220503,2,2,0,0,0,3,3,73,0,10,11,2011,5,11,54,0,14,3,SR-594,,97,32.53126944,-91.990611110,0,12,1,0,1,1,1,0,1,1,0,1,0,0000000,11,54,12,8,12,38,0,0,0,1,0
22,220504,1,1,0,0,0,3,3,117,0,12,11,2011,7,12,33,0,6,4,PLEASANT HILL RD,,0,30.89456111,-90.280950000,0,53,0,0,1,1,4,0,1,1,0,1,0,0000000,12,34,12,51,99,99,0,0,0,1,0
22,220505,2,2,0,0,0,4,4,21,0,14,11,2011,2,19,10,0,4,3,SR-126,,590,32.03246944,-92.092569440,0,12,2,0,1,1,1,0,2,1,0,1,0,0000000,19,12,19,17,20,16,0,0,0,1,0
22,220506,2,2,0,0,0,2,2,101,1600,24,11,2011,5,2,5,0,14,2,US- 90 WEST,,23,29.69128889,-91.163211110,0,12,2,0,1,1,1,0,2,1,0,1,0,0000000,2,5,2,9,2,48,0,0,0,1,1
22,220507,1,1,0,0,0,3,3,65,0,24,11,2011,5,8,25,1,2,2,US-65,,596,32.44468889,-91.158569440,0,52,0,0,1,1,2,0,1,1,0,1,0,0000000,8,32,8,37,9,35,0,0,0,1,0
22,220508,1,1,0,0,0,1,1,115,0,13,11,2011,1,22,15,0,5,3,SR-399,,11,30.88178056,-93.084550000,0,42,0,0,1,1,4,0,2,1,0,1,0,0000000,22,18,22,37,23,13,0,0,0,1,1
22,220509,2,2,0,0,0,3,3,79,40,14,11,2011,2,15,19,0,6,5,UNIVERSITY ST,9TH ST,0,31.29421944,-92.431038890,0,12,6,0,2,2,1,0,1,1,0,1,0,0000000,15,19,15,25,15,36,0,0,0,1,0
22,220510,1,1,0,0,0,1,1,31,0,16,11,2011,4,1,0,0,5,3,SR-481,,57,31.91286111,-93.782400000,0,35,0,0,1,1,4,0,2,99,0,99,0,0000000,7,8,7,24,88,88,0,0,0,1,1
22,220511,2,2,0,0,0,4,4,103,0,19,11,2011,7,14,55,1,11,1,I-12,,747,30.34856111,-89.913888890,0,12,1,0,1,1,1,0,1,1,0,1,0,0000000,14,56,15,2,15,34,0,0,0,1,0
22,220512,1,1,0,0,0,1,1,7,0,19,11,2011,7,23,34,0,15,3,SR-308,,39,30.06801944,-91.026180560,0,43,0,0,1,1,4,0,2,5,0,5,0,0000000,23,36,23,49,0,22,0,0,0,1,1
22,220513,1,1,0,1,1,2,2,51,1190,21,11,2011,2,17,16,0,14,3,SR-49,33RD ST,25,30.01595000,-90.239661110,0,9,0,0,2,2,1,0,5,1,0,1,0,0000000,17,18,17,18,17,49,0,0,0,1,0
22,220514,1,1,0,0,0,1,1,33,150,22,11,2011,3,14,49,1,13,3,SR-19,,14,30.54338889,-91.176861110,0,30,0,0,1,1,4,0,1,2,0,2,0,0000000,14,50,14,51,15,13,0,0,0,1,0
22,220515,1,1,0,0,0,1,1,109,0,24,11,2011,5,3,17,0,14,3,SR-56,,236,29.54297778,-90.628947220,0,43,0,0,1,1,4,0,2,1,0,1,0,0000000,3,20,3,25,3,50,0,0,0,1,1
22,220516,2,2,0,0,0,5,5,11,590,6,9,2011,3,19,20,1,13,2,US-171,,460,30.85315000,-93.288988890,0,12,1,0,1,1,1,0,1,1,0,1,0,0000000,19,24,19,24,19,50,0,0,0,1,0
22,220517,2,2,0,0,0,3,3,113,0,8,11,2011,3,11,43,0,4,3,SR-35,WEST LIBERTY FARM,74,29.93685000,-92.283900000,0,12,6,0,2,3,1,0,1,1,0,1,0,0000000,11,45,11,53,12,28,0,0,0,1,0
22,220518,1,1,0,0,0,1,1,1,0,24,11,2011,5,16,25,0,6,3,SR-1109,,4,30.33296944,-92.381238890,0,5,0,0,1,1,1,0,1,1,0,1,0,0000000,15,42,15,54,16,51,0,0,0,1,0
22,220519,1,1,0,1,1,2,2,73,1560,24,11,2011,5,22,24,0,14,4,BURG JONES LN,,0,32.46290000,-92.089188890,0,15,0,0,1,1,1,0,3,1,0,1,0,0000000,22,24,22,28,22,32,0,0,0,1,1
22,220520,1,1,0,0,0,3,3,119,2200,25,11,2011,6,1,10,0,15,5,SPRING BRANCH RD,,0,33.00851111,-93.460930560,0,34,0,0,1,1,4,0,2,5,0,5,0,0000000,1,8,1,12,1,20,0,0,0,1,1
22,220521,1,1,0,0,0,1,1,101,0,5,11,2011,7,22,16,0,15,3,SR-182,,571,29.70235000,-91.265019440,0,32,0,0,1,1,4,0,2,1,0,1,0,0000000,22,16,22,23,22,51,0,0,0,1,0
22,220522,1,1,0,1,1,1,1,33,150,7,11,2011,2,19,5,1,11,1,I-12,,54,30.43545000,-91.035411110,0,8,0,1,18,1,1,0,3,1,0,1,0,0000000,19,6,19,7,88,88,0,0,0,1,0
22,220523,1,1,0,1,1,2,2,101,0,7,11,2011,2,20,0,1,2,7,US-90 FRONTAGE RD,,1613,29.73346111,-91.421988890,0,8,0,0,1,1,1,0,2,1,0,1,0,0000000,20,3,20,15,20,40,0,0,0,1,0
22,220524,3,3,0,0,0,4,4,51,1545,9,11,2011,4,7,51,0,16,6,N. CAUSEWAY BLVD,BORE STREET,0,29.98038889,-90.156088890,0,42,0,0,3,2,3,0,1,10,0,10,0,0000000,7,52,8,1,8,29,0,0,0,1,0
22,220525,2,2,0,0,0,3,3,1,520,11,11,2011,6,0,12,0,15,3,SR-1111,TOWER RD,0,30.23093056,-92.362911110,0,12,1,0,3,2,1,0,2,1,0,1,0,0000000,0,99,0,13,0,33,20,0,0,1,1
22,220526,2,2,0,0,0,5,5,115,0,11,11,2011,6,19,48,1,2,3,SR-28,SR-469,64,31.16236111,-93.157738890,0,12,6,0,2,2,1,0,2,1,0,1,0,0000000,19,50,19,57,21,3,0,0,0,1,0
22,220527,4,1,3,0,0,1,1,51,1190,12,11,2011,7,4,7,0,15,6,DAVID DRIVE,,0,29.99820833,-90.218169440,0,31,0,0,1,1,4,0,3,1,0,1,0,0000000,4,9,4,12,88,88,0,0,0,1,1
22,220528,1,1,0,0,0,1,1,51,1190,4,11,2011,6,22,5,1,11,1,I-10,,2237,30.00948889,-90.245530560,0,42,0,0,1,1,4,0,3,1,0,1,0,0000000,22,8,22,11,88,88,0,0,0,1,0
22,220529,1,1,0,1,1,1,1,89,2108,5,11,2011,7,21,25,1,13,2,US-61,,119,29.97793889,-90.285219440,0,8,0,0,1,1,1,0,2,1,0,1,0,0000000,21,13,21,22,21,36,0,0,0,1,0
22,220530,3,3,0,0,0,3,3,33,150,2,2,2011,4,18,46,1,13,3,SR-37,WOODCREST,14,30.48271111,-91.092830560,0,12,7,0,2,3,1,0,3,1,0,1,0,0000000,18,46,18,51,19,7,0,0,0,1,0
22,220531,1,1,0,1,1,1,1,33,150,22,3,2011,3,6,46,0,15,3,SR-3164,SENECA ST.,8,30.47115000,-91.168030560,0,8,0,0,3,3,1,0,1,1,0,1,0,0000000,6,47,6,52,7,5,0,0,0,1,1
22,220532,1,1,0,1,1,1,1,33,150,15,5,2011,1,3,9,0,14,6,HOLLYWOOD STREET,,0,30.49963056,-91.156080560,0,8,0,0,1,1,1,0,3,1,0,1,0,0000000,3,9,3,12,3,42,0,0,0,1,0
22,220533,1,1,0,1,1,1,1,33,150,5,6,2011,1,15,51,0,14,6,NORTH STREET,N. BECK STREET,0,30.45368889,-91.144538890,0,15,0,0,3,3,1,0,1,1,0,1,0,0000000,15,52,15,56,16,14,0,0,0,1,0
22,220534,2,2,0,0,0,2,2,33,150,9,8,2011,3,7,32,1,13,2,US-190,,1827,30.45651944,-91.073080560,0,24,0,0,1,1,3,0,1,1,0,1,0,0000000,7,32,7,42,8,31,0,0,0,1,0
22,220535,2,2,0,0,0,4,4,33,150,12,8,2011,6,20,28,0,15,6,WINBOURNE ST.,DELAWARE ST.,0,30.47858889,-91.149569440,0,1,0,0,2,3,1,0,3,1,0,1,0,0000000,20,28,20,32,88,88,14,0,0,1,0
22,220536,1,1,0,1,1,1,1,33,150,16,10,2011,1,5,40,0,14,6,MONTERREY BLVD,,0,30.47586111,-91.083738890,0,8,0,0,1,1,1,0,3,1,0,1,0,0000000,5,42,5,50,6,9,0,0,0,1,0
22,220537,3,3,0,0,0,4,4,71,1690,26,10,2011,4,15,28,1,11,1,I-10,,2488,30.07318889,-89.925130560,0,12,6,0,1,1,1,0,1,1,0,1,0,0000000,15,28,99,99,99,99,14,0,0,1,0
22,220538,4,4,0,0,0,4,4,33,150,10,11,2011,5,21,12,1,11,1,I-12,,70,30.44201944,-91.008669440,0,12,1,0,1,1,1,0,3,1,0,1,0,0000000,21,13,21,20,22,3,19,0,0,1,0
22,220539,2,2,0,0,0,3,3,57,0,25,11,2011,6,17,47,0,6,4,BAYOU BLUE BYPASS RD,BOBCAT LN,0,29.72228056,-90.772261110,0,12,8,0,2,3,1,0,2,1,0,1,0,0000000,17,55,18,7,18,38,0,0,0,1,0
22,220540,1,1,0,0,0,1,1,79,1370,26,11,2011,7,2,30,0,16,5,EAST CADY RD,,0,30.98831111,-92.577688890,0,32,0,0,1,1,4,0,2,10,0,10,0,0000000,2,50,2,58,88,88,0,0,0,1,1
22,220541,4,4,0,0,0,7,7,55,260,25,11,2011,6,13,15,1,13,2,US-90,ALBERTSON PKWY,1164,30.14066111,-91.945280560,0,12,6,0,2,2,1,0,1,1,0,1,0,0000000,13,15,13,24,13,42,0,0,0,2,0
22,220542,2,2,0,0,0,2,2,51,0,28,11,2011,2,17,10,0,6,4,MOUNES ST,N CORPORATE DR,0,29.95716111,-90.185661110,0,12,6,0,2,2,1,0,3,1,0,1,0,0000000,17,19,17,24,18,0,0,0,0,1,0
22,220543,3,3,0,0,0,3,3,5,870,29,11,2011,3,16,12,1,11,1,I-10,,1785,30.20805000,-90.945561110,0,12,2,0,1,1,1,0,1,1,0,1,0,0000000,16,15,16,20,88,88,0,0,0,2,0
22,220544,2,2,0,0,0,2,2,101,0,29,11,2011,3,21,45,1,2,2,US-90,,1635,29.71201111,-91.396838890,0,12,2,0,1,1,1,0,2,1,0,1,0,0000000,21,56,22,5,22,57,0,0,0,1,1
22,220545,2,2,0,0,0,3,3,33,9997,28,11,2011,2,6,23,0,14,3,SR-3034,,15,30.54276111,-91.017661110,0,12,6,0,4,1,1,0,1,1,0,1,0,0000000,6,31,6,33,7,5,0,0,0,1,1
22,220546,2,2,0,0,0,3,3,17,0,17,11,2011,5,16,12,0,6,4,KEATCHIE MARSHALL RD,JOHNS GIN RD,0,32.22500000,-94.027900000,0,12,6,0,2,2,1,0,1,1,0,1,0,0000000,16,12,16,16,16,53,0,0,0,1,0
22,220547,2,2,0,0,0,2,2,71,1690,20,11,2011,1,11,17,1,13,5,ALMONASTER AVE,N TONTI ST,0,29.98131944,-90.046569440,0,12,6,0,2,2,1,0,1,10,0,10,0,0000000,11,17,11,23,11,36,0,0,0,1,0
22,220548,1,1,0,0,0,2,2,17,0,21,11,2011,2,23,12,1,11,1,I-49,,1971,32.35453056,-93.751650000,0,32,0,0,1,1,4,0,2,1,0,1,0,0000000,23,15,23,25,23,46,0,0,0,1,0
22,220549,2,2,0,0,0,2,2,33,150,24,9,2011,7,19,18,1,13,3,SR-67,FORD STREET,53,30.51935000,-91.145919440,0,12,6,0,2,3,1,0,3,1,0,1,0,0000000,19,18,19,19,19,25,0,0,0,1,0
22,220550,1,1,0,0,0,2,2,63,1497,20,11,2011,1,16,57,0,6,4,CATFISH LANDING RD,,0,30.29603889,-90.649750000,0,42,0,0,1,1,5,0,1,10,0,10,0,0000000,17,10,17,42,18,21,0,0,0,1,1
22,220551,2,2,0,0,0,3,3,33,150,6,12,2011,3,17,54,1,13,3,SR-37,SHERWOOD FOREST BLVD,35,30.49366944,-91.060719440,0,12,6,0,2,3,1,0,3,2,0,2,0,0000000,17,54,18,4,18,29,0,0,0,1,0
22,220552,1,1,0,0,0,1,1,57,0,7,12,2011,4,10,47,1,2,2,US-90,,2264,29.82198056,-90.479950000,0,33,0,0,1,1,4,0,1,1,0,1,0,0000000,10,50,11,5,12,0,0,0,0,1,0
22,220553,1,1,0,0,0,1,1,33,150,7,12,2011,4,22,41,0,16,5,DARRYL DR,,0,30.47090000,-91.062600000,0,32,0,0,1,1,4,0,3,1,0,1,0,0000000,22,42,22,47,88,88,0,0,0,1,1
22,220554,1,1,0,0,0,1,1,97,0,8,12,2011,5,8,50,0,3,2,US-190,,1006,30.49498889,-92.380938890,0,43,0,0,1,1,4,0,1,1,0,1,0,0000000,8,56,9,4,9,30,0,0,0,1,0
22,220555,2,2,0,0,0,3,3,105,0,8,12,2011,5,17,20,0,4,3,SR-445,,6,30.45238889,-90.310911110,0,12,6,0,1,1,1,0,2,1,0,1,0,0000000,17,22,17,36,18,10,0,0,0,1,0
22,220556,2,2,0,0,0,4,4,97,1800,8,12,2011,5,8,36,1,1,1,I-49,,154,30.46856944,-92.077588890,0,12,7,0,1,1,1,0,1,1,0,1,0,0000000,8,36,8,43,9,33,0,0,0,1,0
22,220557,1,1,0,0,0,1,1,43,0,9,12,2011,6,12,45,0,4,3,SR-8,,938,31.51980000,-92.506000000,0,42,0,0,1,1,4,0,1,1,0,1,0,0000000,12,49,13,7,88,88,0,0,0,1,1
22,220558,2,1,1,0,0,1,1,63,0,10,12,2011,7,2,17,0,4,3,SR-43,SR-1064,76,30.54451944,-90.583869440,0,59,0,0,3,3,4,0,2,1,0,1,0,0000000,2,25,2,41,88,88,0,0,0,1,1
22,220559,1,1,0,1,1,1,1,19,1250,10,12,2011,7,21,55,0,15,5,E PRIEN LAKE RD,,0,30.19828889,-93.164580560,0,8,0,0,1,1,1,0,2,1,0,1,0,0000000,99,98,99,98,88,88,0,0,0,1,0
22,220560,1,1,0,0,0,1,1,105,0,10,12,2011,7,16,30,0,6,4,SOUTH RIVER RD,,0,30.80890000,-90.479911110,0,42,0,0,1,1,4,0,1,1,0,1,0,0000000,16,34,16,42,88,88,0,0,0,1,1
22,220561,1,1,0,1,1,1,1,7,0,12,12,2011,2,17,55,0,4,3,SR-398,,104,29.72178056,-91.057638890,0,9,0,0,8,1,1,0,2,1,0,1,0,0000000,17,58,18,23,18,50,0,0,0,1,0
22,220562,1,1,0,0,0,1,1,93,0,13,12,2011,3,18,58,0,3,3,SR-3213,,4,29.99060556,-90.684058330,0,35,0,0,1,1,4,0,2,1,0,1,0,0000000,19,7,19,7,88,88,20,0,0,1,0
22,220563,1,1,0,0,0,1,1,73,0,13,12,2011,3,99,99,0,14,3,SR-143,,65,32.58103889,-92.146200000,0,53,0,0,1,1,4,0,2,99,0,99,0,0000000,6,55,7,5,88,88,0,0,0,1,0
22,220564,2,2,0,0,0,2,2,79,1850,15,12,2011,5,5,4,1,13,2,US-71,,715,31.32735000,-92.447619440,0,12,2,0,1,1,1,0,2,5,0,5,0,0000000,5,6,5,16,5,49,0,0,0,2,0
22,220565,1,1,0,1,1,3,3,29,0,15,12,2011,5,17,28,1,13,2,US-84,,1788,31.57540000,-91.467911110,0,8,0,0,1,1,1,0,2,2,0,2,0,0000000,99,98,99,98,88,88,0,0,0,1,0
22,220566,1,1,0,0,0,2,2,19,0,1,12,2011,5,18,25,0,5,3,SR-3059,,104,30.27516111,-93.030797220,0,34,0,0,1,1,4,0,2,1,0,1,0,0000000,18,30,18,47,19,36,0,0,0,1,0
22,220567,1,1,0,0,0,1,1,13,0,1,12,2011,5,22,25,0,5,3,SR-4,,196,32.26200000,-93.202950000,0,1,0,0,1,1,4,0,2,1,0,1,0,0000000,22,30,22,44,88,88,0,0,0,1,1
22,220568,1,1,0,1,1,1,1,45,0,2,12,2011,6,4,25,0,14,3,SR-14,,945,29.97605000,-91.899850000,0,8,0,0,1,1,1,0,2,1,0,1,0,0000000,4,28,4,31,88,88,19,23,0,1,0
22,220569,2,2,0,0,0,2,2,41,0,2,12,2011,6,10,25,0,3,3,SR-17,,84,32.22716944,-91.604400000,0,12,8,0,1,1,1,0,1,1,0,1,0,0000000,10,28,10,38,11,8,0,0,0,1,0
22,220570,1,1,0,0,0,4,4,73,0,2,12,2011,6,20,9,0,5,4,PINE BLUFF ROAD,,0,32.30861944,-92.220861110,0,11,0,0,1,1,1,0,2,1,0,1,0,0000000,20,13,20,24,20,54,0,0,0,1,0
22,220571,2,2,0,0,0,3,3,105,0,3,12,2011,7,13,40,0,15,3,SR-1064,RUFUS BANKSTON RD,23,30.54460000,-90.516500000,0,12,6,0,2,2,1,0,1,1,0,1,0,0000000,13,40,13,45,14,6,0,0,0,1,0
22,220572,1,1,0,0,0,1,1,79,0,3,12,2011,7,0,35,0,5,4,TURKEY CREEK RD,,0,30.96891944,-92.559425000,0,42,0,0,1,1,5,0,2,1,0,1,0,0000000,0,38,0,48,1,39,20,0,0,1,1
22,220573,1,1,0,0,0,1,1,55,0,6,12,2011,3,4,25,1,13,2,US-167,,123,30.14258889,-92.100588890,0,34,0,0,1,1,4,0,2,1,0,1,0,0000000,4,28,4,40,5,4,0,0,0,1,0
22,220574,3,3,0,0,0,5,5,57,0,6,12,2011,3,10,0,0,14,3,SR-3087,SR-182,49,29.65476111,-90.678361110,0,12,1,0,3,3,1,0,1,10,0,10,0,0000000,10,4,10,6,10,28,0,0,0,1,0
22,220575,1,1,0,0,0,2,2,105,0,7,12,2011,4,7,25,1,1,1,I-55,,633,30.96456111,-90.516169440,0,42,0,0,1,1,4,0,1,10,0,10,0,0000000,7,35,7,50,8,22,0,0,0,1,0
22,220576,1,1,0,0,0,2,2,109,0,11,12,2011,1,2,27,0,14,4,SAVANNE RD,,0,29.60582222,-90.814452780,0,53,0,0,1,1,4,0,3,1,0,1,0,0000000,2,37,2,46,88,88,0,0,0,1,1
22,220577,1,1,0,1,1,1,1,41,0,15,12,2011,5,21,40,0,6,3,SR-562,,254,31.98496944,-91.584388890,0,8,0,0,1,1,1,0,2,2,0,2,0,0000000,21,42,22,13,88,88,0,0,0,1,0
22,220578,1,1,0,0,0,2,2,91,0,16,12,2011,6,0,31,0,6,3,SR-1036,,0,30.67661111,-90.653730560,0,35,0,0,1,1,4,0,2,2,0,2,0,0000000,0,32,0,47,88,88,0,0,0,1,1
22,220579,1,1,0,0,0,1,1,77,0,16,12,2011,6,3,48,0,4,3,SR-413,,75,30.57921944,-91.396011110,0,35,0,0,1,1,4,0,2,1,0,1,0,0000000,3,49,4,15,88,88,0,0,0,1,1
22,220580,1,1,0,0,0,1,1,121,0,16,12,2011,6,19,45,1,1,1,I-10,,1478,30.44995556,-91.321697220,0,42,0,0,1,1,3,0,2,2,0,2,0,0000000,19,52,20,6,88,88,0,0,0,1,0
22,220581,2,2,0,0,0,2,2,73,1560,8,7,2011,6,16,37,1,11,1,I-20,,1180,32.50021111,-92.095738890,0,12,7,1,5,1,1,0,1,1,0,1,0,0000000,99,98,99,98,88,88,0,0,0,1,0
22,220582,1,1,0,1,1,1,1,73,1560,20,7,2011,4,21,38,1,13,2,US-165,,1759,32.48503056,-92.082961110,0,8,0,0,1,1,1,0,2,1,0,1,0,0000000,21,40,21,40,88,88,0,0,0,1,0
22,220583,1,1,0,1,1,1,1,17,2130,1,11,2011,3,14,9,0,16,5,N MCNEIL ST,,0,32.51535000,-93.753811110,0,9,0,0,1,1,1,0,1,1,0,1,0,0000000,88,88,88,88,88,88,0,0,0,1,0
22,220584,2,2,0,0,0,2,2,19,1250,20,11,2011,1,3,24,0,15,5,W SALE RD,,0,30.18358056,-93.241788890,0,12,2,0,1,1,1,0,3,10,0,10,0,0000000,3,30,3,35,4,9,0,0,0,1,0
22,220585,1,1,0,1,1,3,3,97,0,17,12,2011,7,1,38,1,2,2,US-190,,1309,30.54730000,-91.887211110,0,8,0,0,1,1,1,0,2,1,0,1,0,0000000,1,41,2,0,88,88,0,0,0,1,0
22,220586,2,2,0,0,0,4,4,121,30,17,12,2011,7,13,30,1,13,3,SR-1,SUGAR PLANTATION PKWY,1445,30.37408056,-91.254630560,0,12,6,0,2,3,1,0,1,1,0,1,0,0000000,13,35,13,50,99,99,0,0,0,2,0
22,220587,2,2,0,0,0,3,3,79,1850,17,12,2011,7,9,10,1,13,2,US-165,US-167 RAMP INTERSECTION,880,31.35893056,-92.416450000,0,12,6,1,3,2,1,0,1,1,0,1,0,0000000,9,13,9,21,9,51,0,0,0,1,0
22,220588,2,2,0,2,2,2,2,101,190,17,12,2011,7,23,16,0,15,3,SR-182,PARRO LANE,557,29.71028056,-91.245261110,0,8,0,0,3,2,1,0,3,1,0,1,0,0000000,23,16,23,21,88,88,19,0,0,2,0
22,220589,2,2,0,0,0,2,2,45,1680,18,12,2011,1,8,47,0,14,6,S. LEWIS STREET,E. DALE STREET,0,29.98886944,-91.816666670,0,12,6,0,2,2,1,0,1,1,0,1,0,0000000,8,41,8,45,9,1,0,0,0,1,0
22,220590,1,1,0,0,0,2,2,103,2180,19,12,2011,2,99,99,1,11,1,I-59,,9,30.31236667,-89.738930560,0,35,0,0,1,1,4,0,2,1,0,1,0,0000000,6,56,7,4,7,37,0,0,0,1,1
22,220591,1,1,0,0,0,1,1,57,0,21,12,2011,4,12,57,0,15,3,SR-308,,444,29.73896389,-90.656538890,0,53,0,0,1,1,4,0,1,1,0,1,0,0000000,13,1,13,12,13,45,20,0,0,1,0
22,220592,2,2,0,0,0,2,2,71,1690,21,12,2011,4,15,5,0,14,6,FRANKLIN AVE.,N. GALVEZ ST.,0,29.97933056,-90.048569440,0,12,6,0,2,2,1,0,1,1,0,1,0,0000000,99,98,99,98,88,88,0,0,0,1,0
22,220593,1,1,0,0,0,1,1,55,0,21,12,2011,4,22,45,0,6,4,LEBLANC ROAD,,0,30.12528889,-92.120250000,0,52,0,0,1,1,4,0,2,10,0,10,0,0000000,22,49,22,57,88,88,0,0,0,1,0
22,220594,1,1,0,0,0,1,1,63,570,22,12,2011,5,21,53,0,14,3,SR-16,,224,30.47928056,-90.944700000,0,32,0,0,1,1,4,0,2,10,0,10,0,0000000,88,88,88,88,88,88,0,0,0,1,1
22,220595,2,2,0,0,0,2,2,33,150,24,12,2011,7,20,36,0,14,4,HIGHLAND RD,,0,30.35186944,-91.087419440,0,12,6,0,1,1,1,0,2,10,0,10,0,0000000,20,37,20,47,21,20,0,0,0,1,0
22,220596,2,2,0,0,0,6,6,17,0,25,12,2011,1,16,30,0,6,4,N. LAKESHORE,,0,32.53773889,-93.851938890,0,12,2,0,1,1,1,0,1,10,0,10,0,0000000,16,33,16,40,17,14,0,0,0,2,0
22,220597,1,1,0,0,0,1,1,31,0,26,12,2011,2,16,19,0,6,4,DIXIE SWIM CLUB RD,,0,32.21713056,-93.844869440,0,35,0,0,1,1,4,0,1,2,0,2,0,0000000,16,22,16,36,17,5,0,0,0,1,0
22,220598,2,2,0,0,0,4,4,75,163,27,12,2011,3,18,5,1,13,3,SR-23,BYRD ST.,644,29.83518056,-90.001750000,0,12,6,0,2,3,1,0,3,1,0,1,0,0000000,18,8,18,17,18,46,0,0,0,1,0
22,220599,2,2,0,0,0,2,2,117,0,28,12,2011,4,15,30,0,4,3,SR-10,ERWIN RD,2266,30.83121944,-90.235144440,0,12,9,0,3,3,1,0,1,1,0,1,0,0000000,15,36,15,40,16,3,0,0,0,1,0
22,220600,4,4,0,0,0,4,4,11,590,28,12,2011,4,17,31,0,14,6,PARK ROAD,,0,30.86131944,-93.294261110,0,1,0,0,1,1,1,0,5,1,0,1,0,0000000,17,29,17,32,18,0,14,0,0,1,0
22,220601,1,1,0,0,0,1,1,89,236,30,12,2011,6,10,10,1,13,2,US-90,,2353,29.90398056,-90.378830560,0,42,0,0,1,1,4,0,1,1,0,1,0,0000000,10,10,10,15,88,88,0,0,0,1,0
22,220602,2,2,0,0,0,2,2,55,1230,30,12,2011,6,12,2,0,14,6,W. CONGRESS ST.,W. ST. MARY BLVD.,0,30.22428889,-92.032069440,0,12,6,0,2,2,1,0,1,1,0,1,0,0000000,12,3,12,7,12,23,0,0,0,1,0
22,220603,1,1,0,0,0,1,1,9,1480,30,12,2011,6,15,1,0,5,3,SR-452,,21,31.14548889,-92.057180560,0,31,0,0,1,1,4,0,1,1,0,1,0,0000000,15,1,15,13,88,88,0,0,0,1,0
22,220604,2,2,0,0,0,6,6,55,1230,31,12,2011,7,21,27,0,14,3,SR-176,,26,30.26528056,-92.007861110,0,12,7,0,1,1,1,0,9,10,0,10,0,0000000,21,29,21,38,21,47,0,0,0,1,0
22,220605,1,1,0,1,1,1,1,33,150,31,12,2011,7,17,35,1,13,2,US-61,,772,30.48311111,-91.117638890,0,8,0,0,1,1,1,0,3,2,0,2,0,0000000,17,35,17,39,17,47,0,0,0,1,0
22,220606,2,2,0,0,0,2,2,73,0,7,5,2011,7,13,35,0,4,3,SR-139,,68,32.59988056,-91.959880560,0,12,6,0,8,1,1,0,1,1,0,1,0,0000000,13,40,13,50,14,52,0,0,0,1,0
22,220607,1,1,0,1,1,1,1,17,2130,4,11,2011,6,6,53,0,16,6,WESTPORT AVENUE,,0,32.44938056,-93.874661110,0,9,0,0,1,1,1,0,2,1,0,1,0,0000000,6,54,6,58,99,99,0,0,0,1,0
22,220608,2,2,0,0,0,6,6,71,1690,15,4,2011,6,2,19,0,15,6,TCHOUPITOULAS STREET,ANDREW HIGGINS AVENUE,0,29.94220000,-90.067388890,0,12,6,0,2,2,1,0,3,1,0,1,0,0000000,2,20,2,22,2,44,0,0,0,1,0
22,220609,1,1,0,0,0,1,1,51,0,27,7,2011,4,17,10,0,16,4,BURGESS DR,,0,29.88913056,-90.129480560,0,43,0,0,1,1,4,0,1,1,0,1,0,0000000,17,14,17,20,18,10,0,0,0,1,0
22,220610,1,1,0,0,0,1,1,1,0,21,8,2011,1,99,99,0,5,3,SR-98,L BOUDREAUX RD,273,30.25695000,-92.244569440,0,34,0,0,3,3,4,0,2,1,0,1,0,0000000,11,43,11,47,88,88,0,0,0,1,0
22,220611,2,2,0,0,0,2,2,61,2070,27,10,2011,5,15,6,1,13,2,US-167,E VAUGHN AVE,2045,32.52486111,-92.638600000,0,12,6,0,2,2,1,0,1,10,0,10,0,0000000,15,6,15,9,15,24,0,0,0,1,0
22,220612,1,1,0,1,1,1,1,45,540,5,10,2011,4,23,53,0,3,3,SR-14,DOOLEY ST,887,29.95146111,-91.986619440,0,8,0,0,3,3,1,0,3,1,0,1,0,0000000,23,53,0,4,0,31,0,0,0,1,0
22,220613,1,1,0,1,1,1,1,17,2130,29,12,2011,5,15,9,0,6,5,ROBINSON PL,,0,32.48653056,-93.742388890,0,9,0,0,4,1,4,0,1,1,0,1,0,0000000,99,99,99,99,99,99,0,0,0,1,0
22,220614,2,2,0,0,0,4,4,33,0,26,12,2011,2,12,59,0,15,4,HOO SHOO TOO RD,,0,30.35643056,-90.982450000,0,12,2,0,1,1,1,0,1,2,0,2,0,0000000,13,0,13,12,13,53,0,0,0,1,1