STATE,ST_CASE,VE_TOTAL,VE_FORMS,PVH_INVL,PEDS,PERNOTMVIT,PERMVIT,PERSONS,COUNTY,CITY,DAY,MONTH,YEAR,DAY_WEEK,HOUR,MINUTE,NHS,ROAD_FNC,ROUTE,TWAY_ID,TWAY_ID2,MILEPT,LATITUDE,LONGITUD,SP_JUR,HARM_EV,MAN_COLL,RELJCT1,RELJCT2,TYP_INT,REL_ROAD,WRK_ZONE,LGT_COND,WEATHER1,WEATHER2,WEATHER,SCH_BUS,RAIL,NOT_HOUR,NOT_MIN,ARR_HOUR,ARR_MIN,HOSP_HR,HOSP_MN,CF1,CF2,CF3,FATALS,DRUNK_DR
22,220615,1,1,0,0,0,1,1,33,150,22,11,2011,3,14,35,0,6,4,DENHAM RD,,0,30.58348056,-91.043438890,0,38,0,0,1,1,4,0,1,2,0,2,0,0000000,14,37,14,42,15,15,0,0,0,1,0
22,220616,3,3,0,0,0,3,3,33,150,21,7,2011,5,9,25,0,15,4,INDUSTRIPLEX BLVD,EXCHEQUER AVE,0,30.38436944,-91.047980560,0,12,6,0,2,2,1,0,1,1,0,1,0,0000000,9,25,9,29,9,52,0,0,0,1,0
22,220617,2,2,0,0,0,2,2,3,1740,1,11,2011,3,15,59,1,13,2,US-165,,433,30.79333056,-92.675080560,0,12,1,0,8,1,1,0,1,1,0,1,0,0000000,16,2,16,3,88,88,0,0,0,1,1
22,220618,1,1,0,0,0,1,1,47,960,20,8,2011,7,22,59,0,6,6,CEDAR STREET,,0,30.40976111,-91.434719440,0,10,0,0,6,1,1,0,2,1,0,1,0,447062A,22,59,23,4,88,88,0,0,0,1,0
22,220619,1,1,0,1,1,1,1,73,1560,1,12,2011,5,22,33,0,14,2,US-80,,1272,32.52631111,-92.067561110,0,8,0,0,1,1,1,0,3,1,0,1,0,0000000,22,39,22,46,88,88,0,0,0,1,0
22,220620,1,1,0,0,0,1,1,105,0,19,4,2011,3,1,55,0,6,3,SR-1063,,35,30.60366944,-90.533388890,0,59,0,0,1,1,4,0,2,98,0,98,0,0000000,99,99,99,99,88,88,20,0,0,1,0
22,220621,1,1,0,1,1,1,1,71,1690,29,7,2011,6,21,23,0,14,6,HOLIDAY DRIVE,,0,29.91908056,-90.016569440,0,8,0,0,1,1,1,0,2,1,0,1,0,0000000,88,88,88,88,88,88,0,0,0,1,1
22,220622,2,2,0,0,0,4,4,73,1560,17,7,2011,1,18,16,0,14,2,US-80,KANSAS LANE,1281,32.52595000,-92.052188890,0,12,6,0,2,3,1,0,1,1,0,1,0,0000000,18,19,18,26,18,57,0,0,0,1,0
22,220623,2,2,0,0,0,3,3,33,150,2,10,2011,1,23,17,1,13,2,US-61,LINDALE,736,30.43876944,-91.085688890,0,12,6,0,2,3,1,0,3,1,0,1,0,0000000,23,18,23,22,23,36,0,0,0,1,0
22,220624,1,1,0,0,0,2,2,33,150,5,4,2011,3,8,58,0,16,5,ROSEMONT DR,,0,30.43430000,-91.138200000,0,5,0,0,1,1,1,0,1,1,0,1,0,0000000,8,58,9,8,88,88,0,0,0,1,0
22,220625,2,2,0,0,0,4,4,33,150,25,9,2011,1,14,34,0,14,5,S HARRELLS FERRY RD,EASTGATE,0,30.43170000,-91.048800000,0,12,1,0,3,3,1,0,1,1,0,1,0,0000000,14,33,14,45,15,8,0,0,0,1,0
22,220626,1,1,0,0,0,1,1,71,1690,5,2,2011,7,22,3,1,11,1,I-10,,2395,29.99991389,-90.041944440,0,30,0,0,1,1,4,0,3,1,0,1,0,0000000,88,88,88,88,88,88,0,0,0,1,1
22,220627,1,1,0,0,0,1,1,71,1690,9,4,2011,7,2,58,1,12,2,US-90 BUSINESS,,134,29.94826111,-90.083338890,0,25,0,0,1,1,4,0,3,1,0,1,0,0000000,88,88,88,88,88,88,0,0,0,1,1
22,220628,2,2,0,0,0,2,2,1,0,20,3,2011,1,16,5,0,4,3,SR-95,,77,30.34068889,-92.194088890,0,1,0,0,1,1,1,0,1,1,0,1,0,0000000,16,9,16,29,17,4,14,0,0,1,0
22,220629,1,1,0,1,1,2,2,1,0,15,10,2011,7,20,12,0,4,2,US-90,,777,30.18071944,-92.488961110,0,8,0,0,1,1,1,0,2,1,0,1,0,0000000,20,20,20,31,21,26,16,0,0,1,0
22,220630,2,2,0,0,0,2,2,103,0,5,11,2011,7,11,50,0,3,3,SR-41,,45,30.41161111,-89.779208330,0,12,6,0,8,1,1,0,1,1,0,1,0,0000000,11,54,12,1,13,14,0,0,0,1,0
22,220631,1,1,0,0,0,1,1,71,1690,17,3,2011,5,18,34,1,13,2,US-90,,2581,29.95256944,-90.087611110,0,23,0,1,5,1,4,0,1,1,0,1,0,0000000,99,99,99,99,99,99,0,0,0,1,1
22,220632,3,3,0,0,0,1,1,71,1690,22,9,2011,5,0,17,1,11,1,I-10,,2407,30.00566944,-90.022119440,0,12,1,0,1,1,1,0,3,1,0,1,0,0000000,0,17,0,35,99,99,19,0,0,1,0
22,220633,4,4,0,0,0,5,5,71,1690,16,12,2011,6,10,35,1,11,1,I-10,,2327,29.98006111,-90.113250000,0,12,7,0,1,1,1,0,1,1,0,1,0,0000000,99,99,99,99,99,99,14,0,0,1,0
22,220634,1,1,0,1,1,1,1,71,1690,11,11,2011,6,13,24,0,15,6,TECHE ST.,,0,29.94180000,-90.051961110,0,8,0,0,1,1,1,0,1,1,0,1,1,0000000,99,99,99,99,99,99,0,0,0,1,0
22,220635,1,1,0,2,2,1,1,71,1690,5,12,2011,2,19,36,1,13,3,SR-428,MEMORIAL PARK DRIVE,25,29.91833611,-90.017641670,0,8,0,0,3,3,1,0,3,1,0,1,0,0000000,99,99,99,99,99,99,0,0,0,1,0
22,220636,1,1,0,0,0,2,2,71,1690,24,12,2011,7,8,40,0,14,3,SR-3021,,17,29.99774722,-90.059247220,0,5,0,0,1,1,1,0,1,1,0,1,0,0000000,8,41,8,53,9,11,20,0,0,1,0
22,220637,3,3,0,0,0,6,6,71,1690,29,12,2011,5,3,57,1,11,1,I-10,,2485,30.07663056,-89.922797220,0,12,1,1,18,1,1,0,2,5,0,5,0,0000000,99,99,99,99,99,99,19,0,0,1,0
22,220638,3,3,0,0,0,3,3,71,1690,29,12,2011,5,3,57,1,11,1,I-10,,2485,30.07667500,-89.922722220,0,12,98,1,18,1,1,0,2,5,0,5,0,0000000,99,99,99,99,99,99,19,0,0,1,0
23,230001,2,2,0,0,0,3,3,11,9300,3,1,2011,2,14,6,0,4,3,SR-41,,0,44.32133056,-69.979477780,0,12,6,0,8,1,1,0,1,1,0,1,0,0000000,14,6,14,12,14,46,0,0,0,2,0
23,230002,1,1,0,0,0,2,2,27,4001,7,1,2011,6,21,0,0,6,6,WORKS ROAD,,0,44.58551667,-69.170008330,0,35,0,0,1,1,6,0,2,1,0,1,0,0000000,7,15,7,34,8,0,0,0,0,1,0
23,230003,1,1,0,0,0,1,1,25,7350,8,1,2011,7,20,11,0,6,6,MALBONS HILL ROAD,,0,44.78938889,-69.697266670,0,57,0,0,1,1,3,0,2,10,0,10,0,0000000,7,48,7,54,88,88,0,0,0,1,1
23,230004,2,2,0,0,0,3,3,27,8560,19,1,2011,4,8,55,0,4,3,SR-139,,0,44.59609167,-69.286822220,0,12,2,0,1,1,1,0,1,2,0,2,0,0000000,9,0,9,11,9,40,0,0,0,1,0
23,230005,1,1,0,1,1,1,1,9,5860,10,2,2011,5,21,30,0,6,6,SCHOOL HOUSE ROAD,,0,44.56980278,-68.739480560,0,8,0,0,1,1,1,0,2,1,0,1,0,0000000,21,30,21,36,22,8,0,0,0,1,0
23,230006,2,1,1,0,0,1,1,19,2590,28,2,2011,2,10,44,1,1,1,I-95,,0,44.78816944,-69.169236110,0,14,0,0,1,1,2,0,1,4,0,4,0,0000000,10,44,10,49,88,88,0,0,0,1,0
23,230007,1,1,0,0,0,1,1,31,7320,3,1,2011,2,21,59,0,6,6,SHAPLEIGH CORNER RD,,0,43.50249444,-70.857952780,0,32,0,0,1,1,6,0,2,1,0,1,0,0000000,22,4,22,14,88,88,0,0,0,1,0
23,230008,1,1,0,0,0,1,1,15,8850,4,1,2011,3,11,7,0,4,3,SR-220,,0,44.17106111,-69.379005560,0,30,0,0,1,1,6,0,1,1,0,1,0,0000000,11,7,11,14,88,88,0,0,0,1,1
23,230009,1,1,0,0,0,2,2,31,8899,8,2,2011,3,21,44,0,6,6,2144 MAIN STREET,,0,43.53249722,-70.716933330,0,35,0,0,1,1,6,0,2,10,0,10,0,0000000,21,49,21,54,22,19,0,0,0,1,1
23,230010,2,2,0,0,0,2,2,1,6227,9,2,2011,4,15,50,0,6,6,HARRIS HILL ROAD,,0,44.06970278,-70.327777780,0,12,2,0,1,1,1,0,1,1,0,1,0,0000000,15,50,15,54,16,15,0,0,0,1,0
23,230011,2,2,0,0,0,2,2,11,160,8,3,2011,3,11,30,0,15,3,SR-104,,0,44.33876667,-69.776916670,0,12,6,0,8,1,1,0,1,1,0,1,0,0000000,11,34,11,38,12,4,0,0,0,1,1
23,230012,2,2,0,0,0,4,4,11,7,14,2,2011,2,14,57,0,6,6,18 MAIN STREET,,0,44.53206389,-69.440288890,0,12,2,0,1,1,1,0,1,10,0,10,0,0000000,14,57,15,3,15,40,0,0,0,1,0
23,230013,1,1,0,0,0,1,1,11,9300,28,3,2011,2,21,39,0,6,6,ANNABESSACOOK ROAD,,0,44.26818889,-69.995097220,0,34,0,0,1,1,6,0,2,1,0,1,0,0000000,21,43,21,47,88,88,0,0,0,1,1
23,230014,1,1,0,0,0,1,1,9,1960,11,4,2011,2,11,8,0,6,6,NORTH DEER ISLE ROAD,,0,44.27107778,-68.672961110,0,26,0,0,1,1,6,0,1,10,0,10,0,0000000,11,9,11,15,88,88,0,0,0,1,0
23,230015,2,2,0,0,0,2,2,1,80,27,2,2011,1,8,37,0,6,6,4 CENTER STREET,,0,44.10281111,-70.226583330,0,12,1,0,1,1,1,0,1,4,0,4,0,0000000,8,40,8,48,9,4,0,0,0,1,1
23,230016,1,1,0,0,0,1,1,1,80,23,2,2011,4,13,20,0,6,6,BROAD STREET,,0,44.08573611,-70.224952780,0,1,0,0,1,1,6,0,1,1,0,1,0,0000000,13,23,13,29,13,46,0,0,0,1,0
23,230017,2,2,0,0,0,2,2,11,9150,18,3,2011,6,7,15,0,6,6,CLINTON AVENUE,,0,44.54442222,-69.605855560,0,12,2,0,1,1,1,0,1,1,0,1,0,0000000,7,17,7,20,8,20,0,0,0,1,0
23,230018,1,1,0,0,0,1,1,5,7265,11,3,2011,6,23,14,0,3,3,SR-114,,0,43.59058611,-70.334988890,0,38,0,0,1,1,6,0,3,5,0,5,0,0000000,23,16,23,21,23,47,0,0,0,1,1
23,230019,1,1,0,0,0,4,4,1,5050,8,4,2011,6,21,25,0,6,6,ELM STREET,,0,44.08826389,-70.374813890,0,42,0,0,1,1,6,0,2,1,0,1,0,0000000,21,29,21,38,22,3,0,0,0,2,0
23,230020,2,2,0,0,0,2,2,15,2210,17,3,2011,5,17,28,0,3,3,SR-197,SR-128,0,44.08801667,-69.772969440,0,12,2,0,2,2,1,0,1,1,0,1,0,0000000,17,42,17,57,18,30,0,0,0,1,0
23,230021,2,2,0,0,0,2,2,13,8890,29,3,2011,3,12,23,1,2,2,US-1,,0,44.07870556,-69.219188890,0,12,2,0,1,1,1,0,1,1,0,1,0,0000000,12,24,12,28,13,13,0,0,0,1,0
23,230022,2,2,0,0,0,3,3,17,3174,29,4,2011,6,17,10,1,2,2,US-2,,0,44.39552222,-70.974425000,0,12,2,0,1,1,1,0,1,10,0,10,1,0000000,17,35,17,45,18,15,0,0,0,1,0
23,230023,2,2,0,0,0,2,2,7,2750,30,4,2011,7,16,51,0,3,3,SR-27,MASON ROAD,0,44.62346389,-70.077152780,0,12,6,0,2,2,1,0,1,1,0,1,0,0000000,16,51,17,1,88,88,0,0,0,1,0
23,230024,2,2,0,0,0,2,2,27,400,11,5,2011,4,14,55,1,2,2,US-1,,0,44.43224722,-68.993369440,0,12,2,0,1,1,1,0,1,10,0,10,0,0000000,15,3,15,10,88,88,0,0,0,1,0
23,230025,1,1,0,1,1,1,1,5,6400,16,5,2011,2,21,50,0,3,3,SR-22,CALEB STREET,0,43.65837222,-70.295161110,0,8,0,0,3,4,1,0,3,2,0,2,0,0000000,21,46,21,51,88,88,0,0,0,1,0
23,230026,2,2,0,0,0,2,2,9,7315,22,3,2011,3,6,40,0,3,3,SR-15,,0,44.30081667,-68.684977780,0,12,6,0,1,1,1,0,1,4,0,4,0,0000000,6,45,6,59,7,37,0,0,0,1,0
23,230027,2,2,0,0,0,2,2,13,8897,14,5,2011,7,9,4,0,3,3,SR-17,,0,44.22816389,-69.342527780,0,12,2,0,1,1,1,0,1,10,0,10,0,0000000,9,5,9,12,9,35,0,0,0,1,0
23,230028,1,1,0,0,0,1,1,31,4750,21,5,2011,7,5,0,0,3,3,SR-111,,0,43.47740000,-70.642691670,0,34,0,0,1,1,6,0,4,10,0,10,0,0000000,5,18,5,31,88,88,0,0,0,1,0
23,230029,1,1,0,0,0,1,1,3,3055,22,5,2011,1,19,13,1,2,2,US-1,,0,47.28167500,-68.378391670,0,32,0,0,1,1,6,0,1,1,0,1,0,0000000,19,13,19,23,88,88,0,0,0,1,1
23,230030,1,1,0,0,0,1,1,7,2753,5,6,2011,1,20,0,0,6,6,TEMPLE ROAD,,0,44.72051389,-70.054750000,0,42,0,0,1,1,6,0,1,1,0,1,0,0000000,20,0,20,7,20,30,0,0,0,1,1
23,230031,1,1,0,0,0,1,1,25,5342,9,6,2011,5,12,25,0,6,6,1 BURNS ROAD,,0,45.08049167,-69.881802780,0,34,0,0,1,1,6,0,1,1,0,1,0,0000000,12,25,12,40,88,88,0,0,0,1,0
23,230032,1,1,0,1,1,1,1,15,9400,15,6,2011,4,12,29,0,3,3,SR-27,,0,44.02244722,-69.670058330,0,8,0,0,1,1,1,0,1,1,0,1,0,0000000,12,29,12,32,13,30,0,0,0,1,0
23,230033,2,2,0,0,0,3,3,5,9119,30,5,2011,2,16,13,0,3,3,SR-302,ENTERPRISE DRIVE,0,43.79488889,-70.409316670,0,12,2,0,2,3,1,0,1,1,0,1,0,0000000,16,13,16,38,16,59,0,0,0,1,0
23,230034,1,1,0,0,0,1,1,31,1223,28,5,2011,7,23,3,0,6,6,LONG PLAINS ROAD,,0,43.62073056,-70.480555560,0,1,0,0,1,1,6,0,3,1,0,1,0,0000000,23,4,23,15,23,49,20,0,0,1,1
23,230035,2,2,0,0,0,2,2,27,400,23,5,2011,2,13,17,0,3,3,SR-52,,0,44.37822500,-69.033622220,0,12,2,0,1,1,1,0,1,10,0,10,0,0000000,13,19,13,24,13,50,0,0,0,1,0
23,230036,1,1,0,1,1,2,2,17,7100,8,5,2011,1,18,30,0,6,6,RUMFORD AVENUE,SOMERSET STREET,0,44.54844444,-70.549155560,0,8,0,0,2,5,1,0,1,1,0,1,0,0000000,18,32,18,34,18,53,0,0,0,1,0
23,230037,1,1,0,0,0,4,4,9,8115,28,5,2011,7,21,27,0,6,6,NEWBURY NECK ROAD,,0,44.44389167,-68.466883330,0,34,0,0,1,1,6,0,2,10,0,10,0,0000000,21,29,21,45,22,15,0,0,0,1,1
23,230038,1,1,0,0,0,2,2,31,4750,1,6,2011,4,0,23,0,6,6,SOUTH WATERBORO ROAD,,0,43.50529722,-70.585441670,0,17,0,0,1,1,6,0,2,1,0,1,0,0000000,0,35,0,54,88,88,0,0,0,2,1
23,230039,1,1,0,0,0,1,1,23,6150,9,6,2011,5,18,0,0,3,3,SR-209,,0,43.75249722,-69.784383330,0,35,0,0,1,1,6,0,1,2,0,2,0,0000000,18,9,18,11,19,0,0,0,0,1,1
23,230040,1,1,0,0,0,1,1,23,820,25,6,2011,7,1,34,0,3,3,SR-125,,0,44.01763333,-69.923000000,0,42,0,0,1,1,6,0,2,1,0,1,0,0000000,1,37,2,24,88,88,0,0,0,1,0
23,230041,2,2,0,0,0,2,2,5,3050,24,6,2011,6,15,25,0,6,6,LOWER MAIN STREET,,0,43.84201667,-70.119294440,0,12,1,0,1,1,1,0,1,2,0,2,0,0000000,15,25,16,5,16,30,0,0,0,1,0
23,230042,1,1,0,0,0,2,2,13,7607,20,6,2011,2,21,53,0,3,3,SR-73,,0,44.01491667,-69.132241670,0,34,0,0,1,1,6,0,2,1,0,1,0,0000000,21,55,22,0,22,40,0,0,0,1,0
23,230043,1,1,0,0,0,1,1,3,7205,24,6,2011,6,0,58,0,6,6,MAIN STREET,,0,47.19181111,-68.852261110,0,42,0,0,1,1,6,0,2,1,0,1,0,0000000,0,59,1,5,88,88,0,0,0,1,1
23,230044,1,1,0,1,1,3,3,3,7204,12,7,2011,3,19,58,0,6,6,961 MAIN STREET,,0,47.34213889,-68.237800000,0,8,0,0,1,1,1,0,2,1,0,1,0,0000000,19,59,20,2,88,88,0,0,0,1,0
23,230045,1,1,0,0,0,2,2,19,2505,16,7,2011,7,17,48,0,3,3,SR-188,,0,45.27814722,-68.591166670,0,34,0,0,1,1,6,0,1,1,0,1,0,0000000,17,51,18,1,18,29,0,0,0,1,1
23,230046,1,1,0,1,1,2,2,23,818,16,7,2011,7,19,57,0,6,6,1020 MAIN STREET,,0,44.03651667,-69.977933330,0,8,0,0,1,1,1,0,1,1,0,1,0,0000000,19,59,20,11,20,40,0,0,0,1,0
23,230047,1,1,0,0,0,1,1,19,1510,22,7,2011,6,14,24,0,6,6,COOK ROAD,,0,44.74776944,-69.067611110,0,34,0,0,1,1,6,0,1,1,0,1,0,0000000,14,26,14,33,88,88,0,0,0,1,1
23,230048,1,1,0,0,0,3,3,19,7313,24,7,2011,1,21,41,0,6,6,SEBOEIS ROAD,,0,45.37307222,-68.713388890,0,42,0,0,1,1,6,0,2,1,0,1,0,0000000,21,41,22,0,22,40,0,0,0,1,1
23,230049,2,2,0,0,0,2,2,5,5433,22,7,2011,6,16,23,0,3,3,SR-100,,0,43.92268889,-70.312672220,0,12,2,0,1,1,1,0,1,1,0,1,0,0000000,16,23,16,34,17,3,0,0,0,1,1
23,230050,1,1,0,0,0,1,1,5,7850,28,7,2011,5,16,41,0,6,6,CHADBOURNE ROAD,,0,43.76154722,-70.526733330,0,34,0,0,1,1,6,0,1,1,0,1,0,0000000,16,42,16,50,17,30,0,0,0,1,0
23,230051,1,1,0,0,0,1,1,31,5500,11,7,2011,2,11,5,0,3,3,SR-4,,0,43.27883056,-70.751952780,0,10,0,0,6,1,1,0,1,1,0,1,0,053153A,11,5,11,12,88,88,0,0,0,1,0
23,230052,1,1,0,0,0,1,1,27,7272,21,7,2011,5,4,20,0,6,6,THOMPSON RIDGE ROAD,,0,44.40858611,-69.218158330,0,11,0,0,1,1,1,0,6,5,0,5,0,0000000,4,53,4,59,5,20,0,0,0,1,0
23,230053,2,2,0,0,0,2,2,5,6410,4,8,2011,5,12,8,0,3,3,SR-9,ELMWOOD ROAD,0,43.89207778,-70.184783330,0,12,6,0,2,2,1,0,1,2,0,2,0,0000000,12,14,12,29,13,1,0,0,0,1,0
23,230054,2,2,0,0,0,4,4,5,3050,29,7,2011,6,9,1,1,2,2,US-1,,0,43.82653889,-70.137319440,0,35,0,0,1,1,6,0,1,1,0,1,0,0000000,9,5,9,7,9,43,0,0,0,1,0
23,230055,1,1,0,0,0,1,1,3,2350,3,8,2011,4,22,5,0,6,6,FORT FAIRFIELD ROAD,CONANT ROAD,0,46.67794444,-67.938766670,0,41,0,0,2,3,6,0,2,2,0,2,0,0000000,22,4,22,12,88,88,0,0,0,1,1
23,230056,1,1,0,1,1,2,2,7,9997,3,8,2011,4,4,54,0,3,3,SR-142,,0,44.62859722,-70.452233330,0,8,0,0,1,1,1,0,4,5,0,5,0,0000000,4,55,5,8,88,88,0,0,0,1,0
23,230057,2,2,0,0,0,2,2,19,2422,19,8,2011,6,21,2,0,3,3,SR-46,,0,44.74965833,-68.612280560,0,12,2,0,1,1,1,0,2,1,0,1,0,0000000,21,9,21,19,22,0,0,0,0,1,1
23,230058,2,2,0,0,0,3,3,9,8080,16,8,2011,3,16,55,1,2,2,US-1,,0,44.49895556,-68.146391670,0,12,2,0,1,1,1,0,1,2,0,2,0,0000000,17,1,17,20,17,40,0,0,0,1,0
23,230059,2,2,0,0,0,2,2,19,3603,22,8,2011,2,15,40,0,3,3,SR-1A,,0,44.76398333,-68.804455560,0,12,7,0,1,1,1,0,1,1,0,1,0,0000000,15,41,15,44,16,5,20,0,0,1,1
23,230060,2,2,0,0,0,2,2,25,5480,24,8,2011,4,12,56,0,3,3,SR-2,,0,44.73856389,-69.753400000,0,12,6,0,4,1,1,0,1,1,0,1,0,0000000,12,57,13,0,13,26,0,0,0,1,0
23,230061,1,1,0,0,0,1,1,1,4350,10,4,2011,1,17,33,0,3,3,SR-196,,0,44.06261111,-70.152338890,0,30,0,0,1,1,6,0,1,1,0,1,0,0000000,17,33,17,41,18,0,0,0,0,1,1
23,230062,1,1,0,0,0,2,2,1,8390,21,8,2011,1,0,56,0,6,6,12 BETTY ROAD,,0,44.33901389,-70.239113890,0,42,0,0,1,1,6,0,2,1,0,1,0,0000000,0,56,1,5,1,40,0,0,0,1,1
23,230063,1,1,0,0,0,2,2,5,1150,21,8,2011,1,12,56,0,6,6,BATH ROAD,,0,43.91118889,-69.869786110,0,58,0,0,1,1,1,0,1,1,0,1,0,0000000,12,56,12,59,13,47,0,0,0,1,0
23,230064,1,1,0,0,0,2,2,25,5967,27,8,2011,7,3,47,0,6,6,WARREN HILL ROAD,,0,44.84716667,-69.366475000,0,42,0,0,1,1,6,0,2,1,0,1,0,0000000,3,57,4,16,4,38,0,0,0,1,1
23,230065,1,1,0,1,1,2,2,9,5860,31,8,2011,4,22,40,0,3,3,SR-46,ACADIA HIGHWAY,0,44.56882500,-68.766175000,0,8,0,0,3,3,1,0,2,1,0,1,0,0000000,22,43,22,47,23,22,0,0,0,1,0
23,230066,2,2,0,0,0,7,7,19,2422,1,9,2011,5,13,50,0,6,6,MAIN ROAD,,0,44.79304444,-68.568163890,0,12,2,0,1,1,1,0,1,1,0,1,0,0000000,13,52,13,54,14,20,0,0,0,2,0
23,230067,1,1,0,0,0,1,1,5,9700,3,9,2011,7,16,43,0,6,6,780 EAST MAIN STREET,,0,43.82040833,-70.162211110,0,42,0,0,1,1,6,0,1,1,0,1,0,0000000,16,45,16,53,88,88,0,0,0,1,1
23,230068,1,1,0,0,0,1,1,19,5150,30,7,2011,7,13,20,0,3,3,SR-11,,0,45.40616389,-69.062375000,0,34,0,0,1,1,6,0,1,1,0,1,0,0000000,13,24,13,34,13,50,0,0,0,1,1
23,230069,2,2,0,0,0,2,2,1,8390,17,8,2011,4,15,37,0,3,3,SR-4,,0,44.18374167,-70.234908330,0,12,6,0,8,1,1,0,1,1,0,1,0,0000000,15,38,15,45,88,88,0,0,0,1,1
23,230070,2,2,0,0,0,7,7,7,2750,17,8,2011,4,9,20,0,3,3,SR-2,,0,44.63647500,-70.096463890,0,12,1,0,5,1,1,0,1,1,0,1,0,0000000,9,21,9,29,9,55,0,0,0,1,0
23,230071,1,1,0,0,0,1,1,19,3802,4,9,2011,1,4,10,0,6,6,OLD TOWN ROAD,,0,44.99934167,-68.885477780,0,34,0,0,1,1,6,0,2,1,0,1,0,0000000,4,10,4,22,88,88,0,0,0,1,1
23,230072,1,1,0,0,0,1,1,9,4342,4,9,2011,1,3,15,0,3,3,SR-184,,0,44.47084722,-68.330069440,0,3,0,0,1,1,6,0,2,1,0,1,0,0000000,6,41,6,55,88,88,0,0,0,1,1
23,230073,1,1,0,0,0,1,1,3,7345,8,7,2011,6,12,28,0,3,3,SR-162,,0,47.17687778,-68.239947220,0,58,0,0,1,1,6,0,1,1,0,1,0,0000000,12,35,12,54,88,88,0,0,0,1,0
23,230074,1,1,0,0,0,1,1,3,9027,19,7,2011,3,0,15,1,2,2,US-1,,0,46.53135000,-67.942972220,0,32,0,0,1,1,6,0,2,1,0,1,0,0000000,1,42,1,57,88,88,0,0,0,1,1
23,230075,1,1,0,1,1,1,1,25,4000,19,7,2011,3,2,30,0,6,6,510 MAIN STREET,,0,45.62724444,-70.260400000,0,30,0,0,1,1,6,0,6,1,0,1,0,0000000,2,30,2,42,3,32,0,0,0,1,0
23,230076,1,1,0,0,0,1,1,3,3055,18,9,2011,1,18,14,0,6,6,AIRPORT AVENUE,PELLETIER AVENUE,0,47.29093056,-68.334788890,0,1,0,0,2,3,1,0,1,1,0,1,0,0000000,18,16,18,21,88,88,0,0,0,1,0
23,230077,3,3,0,0,0,5,5,15,795,23,8,2011,3,16,38,0,3,3,SR-27,,0,43.87618056,-69.633494440,0,12,2,0,1,1,1,0,1,1,0,1,0,0000000,16,40,16,42,17,7,0,0,0,2,0
23,230078,1,1,0,0,0,1,1,25,6200,23,7,2011,7,23,2,0,6,6,JOHNSON FLAT ROAD,,0,44.70154444,-69.451447220,0,34,0,0,1,1,6,0,2,1,0,1,0,0000000,23,4,23,16,88,88,0,0,0,1,1
23,230079,1,1,0,0,0,1,1,11,8901,19,8,2011,6,4,14,0,6,6,29 MAIN STREET,,0,44.34054722,-70.025225000,0,42,0,0,1,1,6,0,2,5,0,5,0,0000000,4,16,4,24,88,88,0,0,0,1,0
23,230080,1,1,0,0,0,1,1,11,8790,19,8,2011,6,18,24,0,6,6,TOWNHOUSE ROAD,,0,44.56460556,-70.024452780,0,34,0,0,1,1,6,0,5,1,0,1,0,0000000,18,26,18,37,19,30,0,0,0,1,1
23,230081,2,2,0,0,0,2,2,21,5290,15,9,2011,5,12,29,0,3,3,SR-15,,0,45.29264167,-69.505605560,0,12,2,0,1,1,1,0,1,1,0,1,0,0000000,12,34,12,48,13,30,0,0,0,1,0
23,230082,1,1,0,0,0,1,1,19,4310,29,8,2011,2,17,30,0,6,6,MEDFORD ROAD,,0,45.21500000,-68.841447220,0,17,0,0,1,1,6,0,1,1,0,1,0,0000000,18,23,18,42,19,5,0,0,0,1,1
23,230083,2,2,0,0,0,2,2,17,7550,28,9,2011,4,16,50,0,6,6,518 ELM HILL ROAD,,0,44.26450278,-70.541152780,0,12,1,0,1,1,1,0,1,1,0,1,0,0000000,16,50,16,55,17,35,0,0,0,1,0
23,230084,1,1,0,0,0,1,1,5,3606,28,9,2011,4,22,24,0,3,3,SR-123,,0,43.83935556,-69.955872220,0,42,0,0,1,1,6,0,2,10,0,10,0,0000000,22,26,22,33,88,88,0,0,0,1,0
23,230085,1,1,0,0,0,1,1,3,1500,4,10,2011,3,13,36,1,2,2,US-1,FORT FAIRFIELD ROAD,0,46.85596389,-68.005886110,0,38,0,0,3,2,6,0,1,2,0,2,0,0000000,13,37,13,40,88,88,0,0,0,1,0
23,230086,2,2,0,0,0,2,2,5,9119,6,10,2011,5,16,23,0,3,3,SR-302,,0,43.83180278,-70.436438890,0,12,2,0,1,1,1,0,1,1,0,1,0,0000000,16,23,16,27,17,9,0,0,0,1,1
23,230087,1,1,0,0,0,1,1,9,3604,11,10,2011,3,5,47,0,3,3,SR-182,,0,44.53971111,-68.316250000,0,35,0,0,1,1,6,0,4,1,0,1,0,0000000,5,51,6,10,6,46,0,0,0,1,0
23,230088,1,1,0,0,0,4,4,17,9997,18,10,2011,3,19,49,0,6,6,GREENWOOD ROAD,,0,44.31119722,-70.654191670,0,35,0,0,1,1,6,0,2,1,0,1,0,0000000,19,49,19,57,20,25,0,0,0,1,0
23,230089,1,1,0,0,0,1,1,17,6141,15,10,2011,7,20,20,0,6,6,RIDGE ROAD,,0,44.50734167,-70.460986110,0,42,0,0,1,1,6,0,2,1,0,1,0,0000000,20,23,20,30,21,10,0,0,0,1,0
23,230090,1,1,0,0,0,1,1,3,5300,25,9,2011,1,10,40,0,6,6,FOSTER ROAD,,0,46.27981667,-67.884177780,0,35,0,0,1,1,6,0,1,1,0,1,0,0000000,10,41,10,51,88,88,0,0,0,1,0
23,230091,2,2,0,0,0,4,4,3,3750,17,10,2011,2,21,40,1,1,1,I-95,,0,46.12655556,-67.837830560,0,12,6,1,7,1,1,0,2,2,0,2,0,0000000,21,45,21,50,22,15,0,0,0,1,0