STATE,ST_CASE,VE_TOTAL,VE_FORMS,PVH_INVL,PEDS,PERNOTMVIT,PERMVIT,PERSONS,COUNTY,CITY,DAY,MONTH,YEAR,DAY_WEEK,HOUR,MINUTE,NHS,ROAD_FNC,ROUTE,TWAY_ID,TWAY_ID2,MILEPT,LATITUDE,LONGITUD,SP_JUR,HARM_EV,MAN_COLL,RELJCT1,RELJCT2,TYP_INT,REL_ROAD,WRK_ZONE,LGT_COND,WEATHER1,WEATHER2,WEATHER,SCH_BUS,RAIL,NOT_HOUR,NOT_MIN,ARR_HOUR,ARR_MIN,HOSP_HR,HOSP_MN,CF1,CF2,CF3,FATALS,DRUNK_DR
23,230092,1,1,0,0,0,1,1,5,950,23,10,2011,1,12,25,0,6,6,KANSAS ROAD,,0,44.01022500,-70.656938890,0,42,0,0,1,1,6,0,1,1,0,1,0,0000000,12,28,12,33,88,88,20,0,0,1,0
23,230093,1,1,0,0,0,1,1,3,7202,29,10,2011,7,3,18,0,3,3,SR-162,,0,47.24894167,-68.344744440,0,34,0,0,1,1,6,0,2,1,0,1,0,0000000,3,15,3,37,4,20,0,0,0,1,1
23,230094,2,2,0,0,0,4,4,3,5000,3,9,2011,7,18,25,1,2,2,US-1,,0,46.52621389,-67.900830560,0,12,2,0,1,1,1,0,1,1,0,1,0,0000000,18,25,18,30,18,56,0,0,0,1,2
23,230095,1,1,0,0,0,1,1,1,8390,4,9,2011,1,2,45,0,6,6,CENTER BRIDGE ROAD,BACK COVE DRIVE,0,44.26216667,-70.189847220,0,42,0,0,2,2,6,0,2,1,0,1,0,0000000,2,50,3,4,88,88,0,0,0,1,1
23,230096,2,1,1,0,0,1,1,11,9130,21,9,2011,4,3,29,0,3,3,SR-17,SR-32,0,44.27900556,-69.598988890,0,14,0,0,2,2,6,0,3,5,0,5,0,0000000,3,30,3,40,88,88,0,0,0,1,0
23,230097,1,1,0,0,0,1,1,11,9130,28,9,2011,4,23,24,0,3,3,SR-17,,0,44.27783889,-69.596327780,0,1,0,0,1,1,6,0,2,1,0,1,0,0000000,23,24,23,35,0,0,0,0,0,1,1
23,230098,2,2,0,0,0,2,2,7,4022,7,10,2011,6,14,39,0,3,3,SR-4,,0,44.56527778,-70.231819440,0,12,2,0,1,1,1,0,1,1,0,1,0,0000000,14,39,14,43,88,88,0,0,0,1,0
23,230099,2,2,0,0,0,3,3,1,2214,15,10,2011,7,18,50,0,3,3,SR-136,,0,44.01294167,-70.168388890,0,12,2,0,1,1,1,0,2,1,0,1,0,0000000,18,50,19,3,19,27,0,0,0,1,0
23,230100,2,2,0,0,0,2,2,19,6050,28,10,2011,6,15,36,0,3,3,SR-11,,0,45.98485556,-68.272991670,0,12,2,0,1,1,1,0,1,1,0,1,0,0000000,15,37,15,40,16,3,0,0,0,1,0
23,230101,1,1,0,0,0,1,1,3,175,3,11,2011,5,7,42,0,6,6,BANCROFT ROAD,,0,45.71277222,-67.932758330,0,30,0,0,1,1,6,0,4,1,0,1,0,0000000,7,42,7,59,88,88,0,0,0,1,1
23,230102,1,1,0,0,0,1,1,31,8905,4,11,2011,6,22,39,0,6,6,PERRY OLIVER ROAD,,0,43.32430278,-70.693158330,0,42,0,0,1,1,6,0,2,1,0,1,0,0000000,22,39,22,48,22,52,0,0,0,1,0
23,230103,1,1,0,0,0,1,1,19,5055,20,10,2011,5,17,32,1,1,1,I-95,,0,45.62172222,-68.507994440,0,34,0,0,1,1,6,0,2,1,0,1,0,0000000,17,35,17,44,18,25,0,0,0,1,0
23,230104,1,1,0,0,0,2,2,19,1510,7,11,2011,2,21,10,0,6,6,IRISH ROAD,FULLER ROAD,0,44.81210556,-69.013108330,0,30,0,0,2,2,6,0,6,1,0,1,0,0000000,21,17,21,42,88,88,0,0,0,2,0
23,230105,1,1,0,0,0,2,2,21,2150,1,10,2011,7,1,0,0,3,3,SR-15,,0,45.16364167,-69.185027780,0,42,0,0,1,1,6,0,2,1,0,1,0,0000000,1,0,1,10,1,40,0,0,0,1,0
23,230106,1,1,0,0,0,1,1,25,9997,13,11,2011,1,18,28,0,3,3,SR-16,,0,45.03235000,-69.875622220,0,30,0,0,1,1,6,0,2,1,0,1,0,0000000,18,58,19,25,19,40,0,0,0,1,0
23,230107,2,2,0,0,0,2,2,29,7931,22,11,2011,3,11,0,1,2,2,US-1,,0,44.56552222,-67.913702780,0,12,2,0,8,1,1,0,1,1,0,1,0,0000000,11,0,11,11,12,11,0,0,0,1,0
23,230108,1,1,0,0,0,1,1,11,9150,11,11,2011,6,23,40,0,6,6,SOUTH POND RD,,0,44.49932222,-69.590663890,0,34,0,0,1,1,6,0,2,1,0,1,0,0000000,22,43,23,51,88,88,0,0,0,1,1
23,230109,1,1,0,1,1,1,1,23,820,1,12,2011,5,18,15,0,6,6,FISHER ROAD,,0,44.00841944,-69.913077780,0,8,0,0,1,1,2,0,2,1,0,1,0,0000000,18,16,18,20,19,0,0,0,0,1,0
23,230110,1,1,0,0,0,1,1,31,7450,14,11,2011,2,10,51,0,6,6,OGUNQUIT ROAD,,0,43.26946667,-70.684458330,0,42,0,0,1,1,6,0,1,1,0,1,0,0000000,10,52,11,1,88,88,0,0,0,1,0
23,230111,1,1,0,0,0,2,2,19,5400,1,12,2011,5,16,14,0,6,6,LITTLEFIELD ROAD,,0,44.68705833,-69.006597220,0,1,0,0,1,1,1,0,2,1,0,1,0,0000000,16,45,17,6,18,4,0,0,0,1,0
23,230112,2,2,0,0,0,2,2,9,1959,20,12,2011,3,9,21,1,2,2,US-1A,,0,44.72449444,-68.619469440,0,12,2,0,1,1,1,0,1,1,0,1,0,0000000,9,22,9,30,10,20,0,0,0,1,0
23,230113,1,1,0,0,0,1,1,1,2214,21,12,2011,4,10,5,0,6,6,96 PINKHAM BROOK RD,,0,43.98803056,-70.053536110,0,42,0,0,1,1,6,0,1,3,0,3,0,0000000,10,8,10,17,88,88,0,0,0,1,0
23,230114,1,1,0,0,0,1,1,1,3440,21,12,2011,4,12,20,0,6,6,ALLEN POND ROAD,,0,44.22291389,-70.150483330,0,34,0,0,1,1,6,0,1,3,0,3,0,0000000,12,24,12,56,88,88,0,0,0,1,0
23,230115,2,2,0,0,0,2,2,3,3350,23,12,2011,6,10,42,1,2,2,US-1,,0,47.29145000,-68.134169440,0,12,1,0,1,1,1,0,1,4,0,4,0,0000000,10,42,11,21,88,88,0,0,0,1,0
23,230116,2,2,0,0,0,4,4,11,5955,25,12,2011,1,13,30,0,3,3,SR-3,,0,44.37280278,-69.393994440,0,12,6,0,1,1,1,0,1,4,0,4,0,0000000,13,33,13,54,88,88,0,0,0,4,0
23,230117,2,2,0,0,0,3,3,19,3230,26,12,2011,2,13,32,0,6,6,PUSHAW ROAD,,0,44.86675278,-68.809533330,1,12,6,0,1,1,1,0,1,1,0,1,0,0000000,13,32,13,38,14,0,0,0,0,1,0
23,230118,1,1,0,0,0,1,1,25,5480,29,12,2011,5,13,29,0,6,6,MADISON ROAD,,0,44.75282222,-69.841602780,0,34,0,0,1,1,4,0,1,1,0,1,0,0000000,13,36,13,46,14,26,0,0,0,1,0
23,230119,1,1,0,0,0,1,1,23,818,31,12,2011,7,14,27,0,3,3,SR-201,,0,44.04917500,-69.939255560,0,34,0,0,1,1,6,0,1,1,0,1,0,0000000,14,28,14,38,88,88,0,0,0,1,0
23,230120,2,1,1,0,0,1,1,31,3710,21,12,2011,4,10,28,0,6,6,HOLLIS ROAD,,0,43.59675833,-70.562794440,0,34,0,0,1,1,6,0,1,1,0,1,0,0000000,10,30,10,38,88,88,0,0,0,1,0
23,230121,2,1,1,0,0,1,1,25,1824,30,12,2011,6,23,10,0,6,6,WEST RIDGE ROAD,,0,44.82341944,-69.669216670,0,30,0,0,1,1,6,0,2,4,0,4,0,0000000,23,10,23,18,88,88,0,0,0,1,1
23,230122,1,1,0,0,0,4,4,19,2426,31,12,2011,7,14,39,1,1,1,I-95,,0,44.91775556,-68.695225000,0,34,0,0,1,1,6,0,1,2,0,2,0,0000000,14,44,15,1,15,27,0,0,0,1,0
23,230123,1,1,0,1,1,3,3,21,7343,17,12,2011,7,18,45,0,6,6,187 GREENVILLE ROAD,,0,45.35779722,-69.590141670,0,8,0,0,1,1,4,0,2,1,0,1,0,0000000,18,45,19,0,88,88,0,0,0,1,0
23,230124,2,2,0,0,0,2,2,25,7350,8,12,2011,5,9,50,0,3,3,SR-2,,0,44.77189167,-69.709958330,0,12,2,0,1,1,1,0,1,1,0,1,0,0000000,9,55,9,59,10,25,0,0,0,1,0
23,230125,1,1,0,0,0,1,1,15,1000,16,12,2011,6,20,10,0,6,6,950 BRISTOL ROAD,,0,43.97321667,-69.519177780,0,35,0,0,1,1,6,0,2,1,0,1,0,0000000,20,41,20,43,88,88,0,0,0,1,0
23,230126,1,1,0,0,0,3,3,11,3150,31,12,2011,7,7,58,0,3,3,SR-201,,0,44.18305833,-69.825955560,0,1,0,0,1,1,2,0,1,3,0,3,0,0000000,8,3,8,6,8,42,0,0,0,2,0
24,240001,1,1,0,0,0,1,1,33,0,1,1,2011,7,8,6,1,11,1,I-95,,285,39.05778333,-76.926527780,0,30,0,0,1,1,3,0,1,2,0,2,0,0000000,8,5,8,15,88,88,0,0,0,1,1
24,240002,2,2,0,0,0,2,2,23,0,1,1,2011,7,18,35,0,4,3,SR-135,,31,39.41090000,-79.348152780,0,12,2,0,1,1,1,0,2,2,0,2,0,0000000,18,44,18,57,19,30,0,0,0,1,1
24,240003,2,1,1,0,0,1,1,5,0,4,1,2011,3,4,36,1,11,1,I-95,,223,39.40728333,-76.576852780,0,14,0,0,1,1,2,0,2,1,0,1,0,0000000,99,99,99,99,88,88,0,0,0,1,0
24,240004,3,3,0,0,0,3,3,13,0,4,1,2011,3,18,6,1,2,3,SR-30,,105,39.70685556,-76.915283330,0,54,11,0,1,1,1,0,2,1,0,1,0,0000000,18,2,18,8,18,33,14,0,0,1,0
24,240005,1,1,0,0,0,2,2,3,0,3,1,2011,2,21,5,1,12,2,US-50,I-97,86,38.98443333,-76.579083330,0,25,0,1,3,1,6,0,3,1,0,1,0,0000000,99,99,99,99,99,99,0,0,0,1,1
24,240006,2,2,0,0,0,3,3,33,0,7,1,2011,6,21,29,1,12,2,US-50,,80,38.95526944,-76.704655560,0,12,1,0,1,1,1,0,2,1,0,1,0,0000000,21,33,21,43,22,4,0,0,0,1,0
24,240007,1,1,0,0,0,1,1,13,0,7,1,2011,6,22,23,1,1,1,I-70,,3,39.36058056,-77.175694440,0,1,0,0,1,1,1,0,2,1,0,1,0,0000000,99,99,99,99,88,88,0,0,0,1,0
24,240008,1,1,0,1,1,1,1,3,0,8,1,2011,7,22,21,1,13,3,SR-2,,0,39.08195556,-76.549719440,0,8,0,0,1,1,1,0,3,1,0,1,0,0000000,99,99,99,99,99,99,0,0,0,1,0
24,240009,2,2,0,0,0,8,8,17,0,5,1,2011,4,0,30,1,2,2,US-301,,155,38.54036944,-76.984152780,0,12,1,0,1,1,1,0,2,1,0,1,0,0000000,99,99,99,99,88,88,0,0,0,1,1
24,240010,2,2,0,0,0,2,2,37,0,11,1,2011,3,17,46,0,5,4,CO-4,,12,38.49068056,-76.756797220,0,12,6,0,1,1,1,0,2,2,0,2,0,0000000,99,99,99,99,99,99,0,0,0,1,0
24,240011,1,1,0,0,0,1,1,25,0,13,1,2011,5,12,0,0,3,3,SR-165,,182,39.70322500,-76.364250000,0,42,0,0,1,1,6,0,1,1,0,1,0,0000000,11,58,12,4,88,88,0,0,0,1,0
24,240012,2,2,0,0,0,2,2,15,0,15,1,2011,7,6,43,0,3,2,US-40,OLD ELK NECK RD,130,39.60747500,-75.860938890,0,12,6,0,2,3,1,0,4,1,0,1,0,0000000,6,49,6,52,88,88,0,0,0,1,1
24,240013,1,1,0,0,0,3,3,5,0,13,1,2011,5,3,59,0,4,3,SR-130,,44,39.42522222,-76.688733330,0,31,0,0,1,1,6,0,2,1,0,1,0,0000000,99,99,99,99,99,99,0,0,0,1,1
24,240015,1,1,0,1,1,1,1,37,0,19,1,2011,4,19,1,0,6,3,SR-944,,17,38.33558889,-76.559472220,0,8,0,0,1,1,1,0,2,1,0,1,0,0000000,99,99,99,99,88,88,0,0,0,1,0
24,240016,1,1,0,1,1,1,1,33,879,18,1,2011,3,18,56,0,13,3,SR-202,CO-3290,114,38.92708333,-76.882988890,0,8,0,0,3,3,1,0,2,1,0,1,0,0000000,18,57,19,3,19,24,0,0,0,1,0
24,240017,2,2,0,0,0,2,2,25,10,19,1,2011,4,15,30,1,12,3,SR-22,POST RD,7,39.51059722,-76.155811110,0,12,98,0,2,2,1,0,1,1,0,1,0,0000000,15,30,15,34,88,88,0,0,0,1,0
24,240018,1,1,0,0,0,3,3,43,0,21,1,2011,6,19,24,0,5,2,US-40,,294,39.65352500,-77.822311110,0,42,0,0,1,1,6,0,2,1,0,1,0,0000000,99,99,99,99,99,99,0,0,0,1,1
24,240019,2,2,0,0,0,2,2,43,0,21,1,2011,6,23,41,0,4,2,US-40,,442,39.55985556,-77.625886110,0,12,2,0,1,1,1,0,2,1,0,1,0,0000000,23,44,23,52,0,14,0,0,0,1,1
24,240020,2,2,0,0,0,2,2,5,0,12,1,2011,4,8,40,0,5,4,CO-3887,,7,39.43586111,-76.523852780,0,12,6,0,1,1,1,0,1,1,0,1,0,0000000,99,99,99,99,99,99,0,0,0,1,0
24,240021,1,1,0,1,1,1,1,510,50,4,1,2011,3,15,4,0,13,6,MLK BLVD,,0,39.30118056,-76.621077780,0,8,0,0,1,1,1,0,1,1,0,1,0,0000000,99,99,99,99,99,99,0,0,0,1,0
24,240022,2,2,0,0,0,2,2,510,50,8,1,2011,7,1,54,0,13,6,EDIDSON HWY,FEDERAL ST,0,39.30936389,-76.572947220,0,12,6,0,2,2,1,0,3,1,0,1,0,0000000,99,99,99,99,99,99,0,0,0,1,2
24,240023,1,1,0,0,0,1,1,5,0,24,1,2011,2,5,22,0,12,3,SR-702,,4,39.32372500,-76.478061110,0,21,0,0,1,1,3,0,2,1,0,1,0,0000000,99,99,99,99,88,88,0,0,0,1,0
24,240024,2,2,0,1,1,2,2,33,0,22,1,2011,7,23,54,1,11,1,I-495,,165,38.91172222,-76.849858330,0,12,1,0,1,1,1,0,2,1,0,1,0,0000000,99,99,99,99,99,99,23,0,0,1,0
24,240025,2,2,0,0,0,1,1,27,0,18,1,2011,3,22,20,1,12,3,SR-32,,30,39.16281111,-76.833572220,0,12,2,0,1,1,1,0,2,1,0,1,0,0000000,22,20,22,26,88,88,23,0,0,1,1
24,240026,2,2,0,0,0,3,3,33,365,21,1,2011,6,22,19,0,14,4,CO-558,,6,38.78393889,-76.886444440,0,12,2,0,1,1,1,0,3,1,0,1,0,0000000,99,99,99,99,99,99,0,0,0,1,1
24,240027,2,2,0,0,0,2,2,5,0,27,1,2011,5,10,55,1,11,1,I-695,,254,39.39037222,-76.535397220,0,12,9,0,1,1,1,0,1,4,0,4,0,0000000,99,99,99,99,99,99,0,0,0,1,0
24,240028,1,1,0,1,1,1,1,3,673,27,1,2011,5,22,17,0,16,4,CO-1383,,0,39.13554444,-76.615036110,0,8,0,0,1,1,1,0,3,1,0,1,0,0000000,99,99,99,99,88,88,0,0,0,1,0
24,240029,1,1,0,1,1,4,4,3,1192,27,1,2011,5,2,36,0,16,3,SR-177,,42,39.12351944,-76.521561110,0,8,0,0,1,1,1,0,3,1,0,1,0,0000000,99,99,99,99,88,88,0,0,0,1,1
24,240030,2,2,0,0,0,2,2,31,0,25,1,2011,3,10,20,0,6,3,SR-108,CO-59,95,39.19414444,-77.124741670,0,12,11,0,2,3,1,0,1,1,0,1,0,0000000,10,10,10,11,99,99,0,0,0,1,0
24,240031,1,1,0,1,1,1,1,33,22,15,1,2011,7,21,39,0,15,4,CO-230,,0,39.00397778,-76.976222220,0,8,0,0,1,1,1,0,3,1,0,1,0,0000000,99,99,99,99,88,88,0,0,0,1,0
24,240032,2,2,0,0,0,4,4,15,0,4,2,2011,6,17,19,0,3,3,SR-222,,34,39.59877778,-76.082597220,0,12,2,0,1,1,1,0,5,1,0,1,0,0000000,99,99,99,99,99,99,0,0,0,1,0
24,240033,1,1,0,0,0,1,1,5,1698,4,2,2011,6,10,40,1,11,1,I-70,,28,39.30800278,-76.756838890,0,1,0,0,1,1,2,0,1,1,0,1,0,0000000,99,99,99,99,99,99,0,0,0,1,0
24,240034,1,1,0,0,0,4,4,13,0,5,2,2011,7,21,59,0,6,4,CO-446,,3,39.56940833,-76.900091670,0,42,0,0,1,1,6,0,2,1,0,1,0,0000000,21,57,22,7,22,47,0,0,0,1,1
24,240035,2,2,0,0,0,2,2,5,0,7,2,2011,2,18,14,0,15,4,CO-4779,,7,39.28856667,-76.443397220,0,12,6,0,1,1,1,0,3,1,0,1,0,0000000,99,99,99,99,99,99,0,0,0,2,0
24,240036,2,2,0,0,0,2,2,27,0,12,1,2011,4,9,49,1,2,3,SR-32,SR-144A,190,39.30242500,-76.952877780,0,12,6,0,2,2,1,0,1,1,0,1,0,0000000,9,49,9,56,11,1,0,0,0,1,1
24,240037,1,1,0,0,0,2,2,15,0,20,2,2011,1,16,28,0,14,3,SR-545,,0,39.63365556,-75.861283330,0,42,0,0,1,1,6,0,1,1,0,1,0,0000000,99,99,99,99,99,99,0,0,0,1,0
24,240038,2,2,0,1,1,2,2,25,0,18,2,2011,6,4,15,1,11,1,I-95,,44,39.44921667,-76.324811110,0,8,0,0,1,1,1,0,3,1,0,1,0,0000000,99,99,99,99,88,88,23,0,0,1,0
24,240039,2,1,1,0,18,1,19,43,0,28,2,2011,2,10,11,1,11,1,I-70,,110,39.63676111,-78.025675000,0,14,0,0,1,1,2,0,1,2,0,2,0,0000000,10,12,10,28,11,3,23,0,0,1,0
24,240040,1,1,0,1,1,1,1,5,0,13,2,2011,1,2,4,0,14,4,CO-4356,,1,39.34190556,-76.527308330,0,8,0,0,1,1,1,0,3,1,0,1,0,0000000,99,99,99,99,99,99,0,0,0,1,0
24,240041,1,1,0,1,1,2,2,5,0,12,2,2011,7,17,32,0,14,3,SR-129,SLADE AVE,4,39.37226111,-76.711777780,0,8,0,0,2,2,1,0,1,1,0,1,0,0000000,99,99,99,99,99,99,0,0,0,1,0
24,240042,1,1,0,1,1,1,1,5,0,22,2,2011,3,22,34,0,14,4,CO-2000,,18,39.29246111,-76.752591670,0,8,0,0,1,1,1,0,3,1,0,1,0,0000000,99,99,99,99,99,99,0,0,0,1,0
24,240043,2,2,0,0,0,3,3,15,0,11,3,2011,6,18,18,0,4,3,SR-274,,53,39.65632500,-75.982216670,0,12,2,0,1,1,1,0,1,1,0,1,0,0000000,18,21,18,47,19,22,0,0,0,2,1
24,240044,1,1,0,0,0,1,1,21,0,14,3,2011,2,11,11,1,11,1,I-70,,239,39.38148333,-77.267788890,0,1,0,0,1,1,1,0,1,1,0,1,0,0000000,11,12,11,18,99,99,0,0,0,1,0
24,240045,1,1,0,0,0,1,1,45,0,19,3,2011,7,0,58,1,13,2,US-50,MILL ST,31,38.36605556,-75.603361110,0,30,0,0,2,2,4,0,3,1,0,1,0,0000000,1,2,1,3,1,25,0,0,0,1,1
24,240046,1,1,0,0,0,1,1,11,0,19,3,2011,7,22,5,0,5,4,CO-46,,0,38.99570556,-75.780944440,0,35,0,0,1,1,6,0,2,1,0,1,0,0000000,99,99,99,99,88,88,0,0,0,1,1
24,240047,2,2,0,0,0,3,3,17,0,6,2,2011,1,22,46,1,13,3,SR-228,CO-1130,20,38.65257222,-76.972575000,0,12,6,0,2,3,1,0,3,1,0,1,0,0000000,22,47,23,6,23,47,0,0,0,1,0
24,240048,1,1,0,1,1,1,1,13,0,16,2,2011,4,18,30,0,16,4,CO-725,,12,39.46939722,-77.094627780,0,8,0,0,1,1,2,0,2,1,0,1,0,0000000,99,99,99,99,99,99,0,0,0,1,1
24,240049,2,2,0,0,0,2,2,3,0,22,2,2011,3,6,5,1,11,1,I-97,,138,39.16128056,-76.644572220,0,12,1,0,1,1,1,0,3,4,0,4,0,0000000,99,99,99,99,99,99,0,0,0,1,0
24,240050,2,2,0,0,0,2,2,31,0,7,3,2011,2,4,59,0,3,3,SR-27,,5,39.21276944,-77.239380560,0,12,6,0,1,1,1,0,2,1,0,1,0,0000000,5,0,5,9,99,99,0,0,0,1,1
24,240051,1,1,0,0,0,1,1,17,0,9,2,2011,4,22,42,0,5,4,CO-1148,,18,38.51197500,-76.857861110,0,35,0,0,1,1,6,0,2,4,0,4,0,0000000,22,55,23,4,88,88,0,0,0,1,0
24,240052,1,1,0,0,0,2,2,19,0,26,2,2011,7,4,12,0,5,3,SR-313,,19,38.56674444,-75.741563890,0,34,0,0,1,1,4,0,1,1,0,1,0,0000000,4,10,4,18,99,99,0,0,0,1,1
24,240053,1,1,0,0,0,1,1,19,0,25,3,2011,6,22,42,0,5,3,SR-343,,4,38.60131944,-76.244483330,0,42,0,0,1,1,6,0,2,1,0,1,0,0000000,22,55,23,20,0,2,0,0,0,1,0
24,240054,3,3,0,0,0,9,9,33,0,26,2,2011,7,1,26,1,2,3,SR-5,CO-130,65,38.75040278,-76.879750000,0,12,1,0,2,2,1,0,3,1,0,1,0,0000000,1,26,1,29,2,1,0,0,0,1,1
24,240055,1,1,0,0,0,1,1,45,0,22,3,2011,3,0,2,0,5,4,CO-23,,31,38.47724444,-75.702238890,0,1,0,0,1,1,6,0,2,1,0,1,0,0000000,0,12,0,19,0,42,0,0,0,1,1
24,240056,1,1,0,1,1,3,3,33,830,9,1,2011,1,8,50,0,14,3,SR-500,,16,38.95594722,-76.961975000,0,8,0,0,1,1,1,0,1,1,0,1,0,0000000,99,99,99,99,99,99,0,0,0,1,0
24,240057,1,1,0,0,0,4,4,33,0,30,1,2011,1,9,19,1,11,1,I-95,,131,38.87660000,-76.843958330,0,30,0,0,1,1,4,0,1,1,0,1,0,0000000,9,19,9,25,9,58,0,0,0,1,0
24,240058,2,2,0,0,0,3,3,33,885,12,2,2011,7,1,39,0,14,3,SR-704,CO-4224,58,38.95240000,-76.834902780,0,12,6,0,2,2,1,0,3,1,0,1,0,0000000,1,40,1,45,2,14,0,0,0,1,0
24,240059,2,2,0,0,0,3,3,25,0,14,2,2011,2,13,30,0,6,4,CO-87,,27,39.64039722,-76.380644440,0,12,2,0,1,1,1,0,1,1,0,1,0,0000000,13,33,14,10,14,41,0,0,0,1,0
24,240060,1,1,0,0,0,2,2,33,175,4,2,2011,6,21,52,0,4,3,SR-381,,111,38.68189167,-76.813488890,0,42,0,0,1,1,6,0,2,1,0,1,0,0000000,99,99,99,99,99,99,0,0,0,1,1
24,240061,3,2,1,0,0,2,2,33,0,15,2,2011,3,23,5,1,11,1,I-95,,122,38.85717222,-76.852336110,0,14,0,0,1,1,2,0,2,1,0,1,0,0000000,23,5,23,13,23,40,0,0,0,1,1
24,240062,1,1,0,1,1,1,1,33,569,4,3,2011,6,21,46,1,12,3,SR-4,,107,38.84722778,-76.896013890,0,8,0,0,1,1,1,0,2,1,0,1,0,0000000,21,47,21,52,22,25,0,0,0,1,0
24,240063,2,2,0,1,1,4,4,3,0,27,2,2011,1,18,33,0,13,3,SR-198,,6,39.10048889,-76.816722220,0,8,0,0,1,1,1,0,2,1,0,1,0,0000000,99,99,99,99,88,88,0,0,0,1,0
24,240064,2,2,0,0,0,5,5,33,21,5,3,2011,7,0,14,0,13,3,SR-223,FLORAL PARK RD,6,38.70279444,-76.966866670,0,12,6,0,2,2,1,0,3,1,0,1,0,0000000,0,15,0,23,1,38,0,0,0,1,0
24,240065,3,3,0,0,0,3,3,25,0,9,3,2011,4,12,45,0,3,3,SR-165,CO-1520,135,39.62720833,-76.474713890,0,12,6,0,2,2,1,0,1,1,0,1,0,0000000,13,2,13,19,13,39,0,0,0,1,0
24,240066,1,1,0,0,0,1,1,33,100,5,2,2011,7,4,59,0,14,4,CO-14,,19,39.03538611,-76.945022220,0,33,0,0,1,1,4,0,3,2,0,2,0,0000000,5,1,5,8,5,49,0,0,0,1,1
24,240067,2,2,0,0,0,3,3,33,175,7,2,2011,2,21,56,0,6,4,CO-172,,0,38.69629444,-76.820869440,0,12,6,0,1,1,1,0,2,1,0,1,0,0000000,21,57,22,2,22,48,0,0,0,1,1
24,240068,2,2,0,0,0,3,3,5,0,7,3,2011,2,18,59,1,11,1,I-83,,276,39.71948889,-76.653413890,0,1,0,0,1,1,3,0,2,1,0,1,0,0000000,99,99,99,99,99,99,0,0,0,1,0
24,240069,1,1,0,0,0,1,1,43,0,11,3,2011,6,9,50,1,11,1,I-81,,119,39.71042222,-77.742691670,0,42,0,0,1,1,3,0,1,1,0,1,0,0000000,99,99,99,99,88,88,0,0,0,1,0
24,240070,1,1,0,0,0,1,1,15,1260,13,3,2011,1,22,31,0,3,3,SR-276,,59,39.60552222,-76.116413890,0,31,0,0,1,1,4,0,9,1,0,1,0,0000000,99,99,99,99,88,88,0,0,0,1,1
24,240071,3,3,0,0,0,4,4,5,0,25,3,2011,6,19,23,0,13,2,US-40,CO-5081,149,39.31716667,-76.516000000,0,24,0,0,2,2,4,0,3,1,0,1,0,0000000,99,99,99,99,99,99,0,0,0,1,1
24,240072,2,2,0,0,0,3,3,5,0,20,3,2011,1,16,18,0,4,3,SR-439,,41,39.67178611,-76.596250000,0,30,0,0,1,1,4,0,1,1,0,1,0,0000000,99,99,99,99,99,99,14,0,0,1,0
24,240073,2,2,0,0,0,2,2,5,0,30,3,2011,4,11,42,0,15,4,CO-4461,,16,39.36405833,-76.463461110,0,12,6,0,1,1,1,0,1,1,0,1,0,0000000,99,99,99,99,99,99,0,0,0,1,0
24,240074,1,1,0,1,1,1,1,17,0,25,3,2011,6,11,4,0,13,3,SR-6,,321,38.48198056,-76.894727780,0,8,0,0,1,1,2,0,1,1,0,1,0,0000000,99,99,99,99,88,88,0,0,0,1,0
24,240075,2,2,0,0,0,3,3,27,0,6,4,2011,4,23,2,0,13,2,US-1,,47,39.16512222,-76.791344440,0,12,6,0,8,1,1,0,2,1,0,1,0,0000000,23,2,23,8,23,40,0,0,0,1,0
24,240076,1,1,0,0,0,1,1,27,0,11,4,2011,2,20,43,0,6,4,CO-45,,4,39.26379167,-77.017894440,0,38,0,0,1,1,6,0,2,1,0,1,0,0000000,20,43,20,53,88,88,0,0,0,1,1
24,240077,2,2,0,0,0,2,2,510,50,6,1,2011,5,1,20,0,14,6,WINSOR MILL RD,,0,39.31162222,-76.676266670,0,12,2,0,1,1,1,0,3,1,0,1,0,0000000,99,99,99,99,99,99,0,0,0,1,2
24,240078,1,1,0,1,1,1,1,33,175,22,3,2011,3,5,45,0,4,3,SR-381,,91,38.66725000,-76.788725000,0,8,0,0,1,1,1,0,2,1,0,1,0,0000000,99,99,99,99,88,88,0,0,0,1,0
24,240079,2,2,0,0,0,2,2,11,0,12,4,2011,3,19,53,1,2,3,SR-404,SR-16,141,38.82830833,-75.765752780,0,12,2,0,2,3,1,0,5,2,0,2,0,0000000,19,55,20,3,21,5,0,0,0,1,0
24,240080,1,1,0,0,0,1,1,47,0,21,4,2011,5,2,43,0,5,3,SR-367,,17,38.44275000,-75.194033330,0,11,0,0,1,1,1,0,2,1,0,1,0,0000000,2,46,2,56,88,88,0,0,0,1,1
24,240081,1,1,0,0,0,1,1,25,0,2,4,2011,7,14,9,1,13,2,US-1 BYPASS,,65,39.56021111,-76.362147220,0,31,0,0,1,1,4,0,1,1,0,1,0,0000000,99,99,99,99,88,88,0,0,0,1,0
24,240082,1,1,0,0,0,1,1,25,0,12,4,2011,3,1,9,1,2,2,US-1,,130,39.62916111,-76.278461110,0,30,0,0,1,1,4,0,3,1,0,1,0,0000000,99,99,99,99,88,88,0,0,0,1,1
24,240083,3,3,0,0,0,4,4,9,0,13,4,2011,4,16,30,1,2,3,SR-2,SR-264,146,38.49995278,-76.537627780,0,12,6,0,2,2,1,0,1,1,0,1,0,0000000,16,28,16,32,99,99,0,0,0,2,0