STATE,ST_CASE,VE_TOTAL,VE_FORMS,PVH_INVL,PEDS,PERNOTMVIT,PERMVIT,PERSONS,COUNTY,CITY,DAY,MONTH,YEAR,DAY_WEEK,HOUR,MINUTE,NHS,ROAD_FNC,ROUTE,TWAY_ID,TWAY_ID2,MILEPT,LATITUDE,LONGITUD,SP_JUR,HARM_EV,MAN_COLL,RELJCT1,RELJCT2,TYP_INT,REL_ROAD,WRK_ZONE,LGT_COND,WEATHER1,WEATHER2,WEATHER,SCH_BUS,RAIL,NOT_HOUR,NOT_MIN,ARR_HOUR,ARR_MIN,HOSP_HR,HOSP_MN,CF1,CF2,CF3,FATALS,DRUNK_DR
24,240084,2,2,0,1,1,1,1,3,0,18,4,2011,2,10,25,1,12,2,US-50,,184,39.01258056,-76.406436110,0,12,1,0,1,1,1,0,1,1,0,1,0,0000000,99,99,99,99,99,99,23,0,0,1,0
24,240085,1,1,0,0,0,2,2,15,0,24,4,2011,1,17,21,0,3,2,US-40,,91,39.60978889,-75.944880560,0,24,0,0,1,1,4,0,1,2,0,2,0,0000000,99,99,99,99,99,99,0,0,0,1,0
24,240086,1,1,0,0,0,1,1,21,580,28,4,2011,5,20,39,1,12,2,US-15,,119,39.40448333,-77.435813890,0,24,0,0,1,1,4,0,3,1,0,1,0,0000000,20,39,20,44,21,0,0,0,0,1,1
24,240087,1,1,0,0,0,2,2,5,0,18,3,2011,6,1,48,0,14,4,CO-6539,,21,39.39355556,-76.453986110,0,33,0,0,1,1,4,0,3,1,0,1,0,0000000,99,99,99,99,99,99,0,0,0,1,1
24,240088,2,2,0,0,0,2,2,5,0,18,4,2011,2,20,15,0,13,2,US-40,,191,39.35039444,-76.457461110,0,12,1,0,1,1,1,0,3,1,0,1,0,0000000,99,99,99,99,99,99,0,0,0,1,0
24,240089,1,1,0,1,1,1,1,13,0,18,4,2011,2,6,11,1,2,3,SR-140,,80,39.56596667,-76.976694440,0,8,0,0,1,1,1,0,4,1,0,1,0,0000000,99,99,99,99,99,99,0,0,0,1,0
24,240090,1,1,0,0,0,1,1,11,0,29,4,2011,6,22,43,0,5,3,SR-306,,32,38.74022778,-75.723094440,0,42,0,0,1,1,6,0,2,1,0,1,0,0000000,22,47,23,1,88,88,0,0,0,1,1
24,240091,1,1,0,1,1,1,1,19,0,29,4,2011,6,21,7,1,2,2,US-50,,35,38.55101944,-76.031097220,0,8,0,0,1,1,1,0,2,1,0,1,0,0000000,99,99,99,99,99,99,0,0,0,1,0
24,240092,1,1,0,0,0,1,1,5,0,4,4,2011,2,18,45,1,11,1,I-695,,45,39.27352778,-76.724169440,0,25,0,0,1,1,4,0,1,1,0,1,0,0000000,99,99,99,99,88,88,0,0,0,1,1
24,240093,2,2,0,0,0,6,6,33,0,19,2,2011,7,13,55,1,11,1,I-95,,99,38.83288889,-76.872538890,0,12,6,0,1,1,1,0,1,1,0,1,0,0000000,13,52,14,3,14,45,0,0,0,1,0
24,240094,2,2,0,0,0,2,2,3,0,16,4,2011,7,12,43,0,3,3,SR-214,,0,38.90496944,-76.522252780,0,12,6,0,1,1,1,0,1,2,0,2,0,0000000,99,99,99,99,99,99,0,0,0,1,1
24,240095,1,1,0,1,1,1,1,33,370,20,4,2011,4,9,45,0,13,3,SR-650,METZEROTT RD,29,39.00431111,-76.980772220,0,8,0,0,2,3,1,0,1,1,0,1,0,0000000,9,46,9,54,10,7,0,0,0,1,0
24,240096,1,1,0,0,0,1,1,23,0,7,4,2011,5,17,23,0,5,3,SR-560,,87,39.39292500,-79.362616670,0,5,0,0,1,1,1,0,1,1,0,1,0,0000000,17,20,17,26,17,53,0,0,0,1,0
24,240097,1,1,0,0,0,1,1,510,50,4,4,2011,2,16,18,1,11,1,I-395,,0,39.27056944,-76.622772220,0,39,0,0,1,1,3,0,1,1,0,1,0,0000000,99,99,99,99,88,88,0,0,0,1,1
24,240098,2,2,0,0,0,2,2,13,0,18,4,2011,2,16,40,0,3,3,SR-27,,45,39.40536111,-77.130461110,0,12,1,0,1,1,1,0,1,1,0,1,0,0000000,99,99,99,99,99,99,0,0,0,1,0
24,240099,1,1,0,1,1,1,1,3,0,29,4,2011,6,14,3,0,14,9,HAMMONDS LN,UPTON RD,0,39.21554722,-76.618608330,0,9,0,0,2,2,1,0,1,1,0,1,0,0000000,99,99,99,99,99,99,0,0,0,1,0
24,240100,2,2,0,0,0,2,2,33,100,28,4,2011,5,11,8,0,15,4,CO-9,,19,39.07665833,-76.884652780,0,12,2,0,1,1,1,0,1,1,0,1,0,0000000,11,8,11,13,11,45,0,0,0,1,0
24,240101,1,1,0,0,0,1,1,25,0,26,4,2011,3,19,35,9,99,4,W.JARRETSVILLE RD,,40,39.59325556,-76.436777780,0,43,0,0,1,1,4,0,2,1,0,1,0,0000000,99,99,99,99,88,88,0,0,0,1,1
24,240102,1,1,0,0,0,3,3,23,0,1,5,2011,1,4,50,1,11,1,I-68,,168,39.68803611,-79.192372220,0,1,0,0,1,1,4,0,2,2,0,2,0,0000000,99,99,99,99,99,99,0,0,0,1,1
24,240103,2,2,0,0,0,2,2,41,0,6,5,2011,6,14,18,0,3,3,SR-33,,186,38.76616389,-76.142636110,0,12,2,0,1,1,1,0,1,1,0,1,0,0000000,14,22,14,38,15,19,0,0,0,2,0
24,240104,2,2,0,0,0,2,2,43,0,6,5,2011,6,2,34,0,13,2,US-40,LOCUST ST,360,39.64079444,-77.718013890,0,12,6,0,2,2,1,1,3,1,0,1,0,0000000,2,36,2,40,2,58,0,0,0,1,0
24,240105,1,1,0,0,0,1,1,13,0,8,5,2011,1,19,2,0,4,4,CO-402,,12,39.59213056,-76.925583330,0,24,0,0,1,1,4,0,1,1,0,1,0,0000000,19,17,19,27,20,3,0,0,0,1,1
24,240106,1,1,0,1,1,1,1,31,0,14,4,2011,5,14,30,0,13,3,SR-190,,154,38.95985000,-77.096213890,0,8,0,0,1,1,1,0,1,1,0,1,0,0000000,14,31,14,39,14,50,0,0,0,1,0
24,240107,3,3,0,0,0,3,3,13,0,21,4,2011,5,12,0,0,16,4,LONDONTOWN BLVD,,1,39.40726944,-76.946461110,0,12,6,0,4,1,1,0,1,1,0,1,0,0000000,11,56,12,2,12,42,14,0,0,1,0
24,240108,1,1,0,0,0,5,5,31,0,15,5,2011,1,3,11,0,3,3,SR-108,,116,39.16943889,-77.090344440,0,30,0,0,1,1,4,0,2,2,0,2,0,0000000,3,14,3,23,3,35,0,0,0,3,1
24,240109,1,1,0,0,0,1,1,45,0,16,5,2011,2,10,33,0,6,4,CO-393,,26,38.42320000,-75.543838890,0,31,0,0,1,1,6,0,1,1,0,1,0,0000000,10,36,10,46,88,88,0,0,0,1,0
24,240110,1,1,0,1,1,2,2,37,0,12,5,2011,5,1,8,0,14,3,SR-237,,21,38.27995833,-76.495077780,0,15,0,0,1,1,1,0,2,1,0,1,0,0000000,99,99,99,99,99,99,0,0,0,1,0
24,240111,1,1,0,0,0,1,1,45,0,19,5,2011,5,21,39,0,4,3,SR-349,,151,38.35633056,-75.756955560,0,34,0,0,1,1,4,0,2,1,0,1,0,0000000,21,41,21,49,88,88,0,0,0,1,0
24,240112,2,2,0,0,0,2,2,15,0,21,5,2011,7,20,57,0,3,3,SR-273,,49,39.70527222,-76.002730560,0,12,2,0,1,1,1,0,2,1,0,1,0,0000000,21,3,21,27,22,0,0,0,0,1,0
24,240113,1,1,0,0,0,1,1,11,0,27,5,2011,6,22,5,0,5,6,MARKET ST,,18,38.88441111,-75.801308330,0,30,0,0,1,1,4,0,1,1,0,1,0,0000000,99,99,99,99,88,88,0,0,0,1,1
24,240114,2,1,1,0,1,1,2,27,0,21,5,2011,7,2,44,1,11,1,I-95,,25,39.14620278,-76.843572220,0,14,0,0,1,1,2,0,3,1,0,1,0,0000000,99,99,99,99,88,88,0,0,0,1,0
24,240115,2,1,1,0,3,2,5,33,0,1,5,2011,1,11,3,1,11,1,I-95,,82,38.81811111,-76.904597220,0,14,0,0,1,1,2,0,1,1,0,1,0,0000000,11,5,11,7,11,56,0,0,0,1,0
24,240116,1,1,0,0,0,3,3,5,0,1,6,2011,4,11,42,0,13,3,SR-146,,15,39.42334722,-76.597355560,0,33,0,0,1,1,6,0,1,1,0,1,0,0000000,99,99,99,99,99,99,0,0,0,1,0
24,240117,2,2,0,0,0,4,4,33,0,3,6,2011,6,2,32,1,12,3,SR-5,SURRATTS RD,65,38.75063611,-76.880136110,0,12,6,0,2,3,1,0,3,1,0,1,0,0000000,2,32,2,37,99,99,0,0,0,1,0
24,240118,2,2,0,0,0,2,2,31,1360,1,6,2011,4,10,40,0,13,3,SR-28,HURLEY AVE,207,39.08916944,-77.177838890,0,12,99,0,2,2,1,0,1,1,0,1,0,0000000,10,40,10,47,11,6,0,0,0,1,0
24,240119,2,2,0,0,0,2,2,9,0,10,6,2011,6,6,35,0,15,4,CO-110,,0,38.34254722,-76.453975000,0,12,2,0,1,1,1,0,1,1,0,1,0,0000000,6,38,6,51,99,99,0,0,0,1,0
24,240120,1,1,0,1,1,1,1,510,50,7,2,2011,2,9,50,0,13,6,NORTH AVE,AISQUITH ST,0,39.31178889,-76.602666670,0,15,0,0,2,2,1,0,1,1,0,1,0,0000000,99,99,99,99,99,99,0,0,0,1,0
24,240121,2,2,0,0,0,5,5,43,730,12,6,2011,1,20,32,0,14,2,US-40 AL,,9,39.62040000,-77.713166670,0,12,1,0,8,1,1,0,5,1,0,1,0,0000000,99,99,99,99,99,99,0,0,0,1,2
24,240122,2,2,0,0,0,2,2,510,50,31,3,2011,5,18,47,0,13,6,MULBERRY ST,SMALLWOOD ST,0,39.29276111,-76.651761110,0,12,6,0,2,2,1,0,3,2,0,2,0,0000000,99,99,99,99,99,99,0,0,0,1,0
24,240123,1,1,0,0,0,2,2,13,0,16,3,2011,4,11,36,0,5,4,HARRISVILLE RD,,0,39.42416111,-77.148100000,0,42,0,0,1,1,6,0,1,1,0,1,0,0000000,12,0,12,27,12,59,0,0,0,1,0
24,240124,1,1,0,1,1,1,1,510,50,19,5,2011,5,21,13,0,14,6,HANOVER ST,,0,39.24790833,-76.612000000,0,8,0,0,1,1,1,0,9,2,0,2,0,0000000,99,99,99,99,99,99,0,0,0,1,0
24,240125,2,2,0,0,0,3,3,33,1022,6,5,2011,6,21,54,0,14,3,SR-193,,171,38.90323333,-76.795130560,0,12,2,0,1,1,1,0,2,1,0,1,0,0000000,21,55,22,5,22,39,0,0,0,1,1
24,240126,1,1,0,2,2,2,2,31,0,23,5,2011,2,21,42,0,13,3,SR-586,CENTERHILL ST,41,39.05033333,-77.072588890,0,8,0,0,2,3,1,0,3,1,0,1,0,0000000,21,42,21,46,22,13,0,0,0,1,1
24,240127,1,1,0,0,0,1,1,31,0,25,5,2011,4,11,3,0,13,3,SR-124,,109,39.21007778,-77.170500000,0,33,0,0,1,1,4,0,1,1,0,1,0,0000000,10,55,11,7,11,50,0,0,0,1,0
24,240128,1,1,0,0,0,2,2,31,0,8,6,2011,4,2,52,1,11,1,I-495,SR-190 RAMP,19,38.99130278,-77.157283330,0,24,0,1,5,1,4,0,3,1,0,1,0,0000000,99,99,99,99,99,99,0,0,0,2,1
24,240129,1,1,0,0,0,4,4,39,0,9,3,2011,4,13,35,0,4,3,SR-667,,0,38.04660278,-75.684041670,0,42,0,0,1,1,6,0,1,1,0,1,0,0000000,13,38,13,47,15,25,0,0,0,1,0
24,240130,2,2,0,0,0,2,2,21,0,3,5,2011,3,14,28,0,4,3,SR-17,,241,39.55587500,-77.525366670,0,12,6,0,4,1,1,0,1,1,0,1,0,0000000,14,29,14,30,99,99,0,0,0,1,0
24,240131,1,1,0,0,0,2,2,3,0,7,5,2011,7,18,56,0,16,9,SCOTT AVE,,0,39.14418333,-76.594180560,0,42,0,0,1,1,6,0,5,1,0,1,0,0000000,99,99,99,99,99,99,0,0,0,1,1
24,240132,2,2,0,0,0,2,2,33,0,15,6,2011,4,7,38,1,13,2,US-301,CO-108,123,38.78540278,-76.792888890,0,12,6,0,2,2,1,0,1,1,0,1,0,0000000,7,38,7,45,8,25,0,0,0,1,0
24,240133,2,2,0,0,0,2,2,33,0,17,4,2011,1,17,17,1,11,1,I-595,,2,38.95373611,-76.726111110,0,12,1,0,1,1,1,0,1,1,0,1,0,0000000,99,99,99,99,99,99,0,0,0,1,1
24,240134,1,1,0,1,1,1,1,3,0,7,6,2011,3,14,23,0,15,3,SR-648,,0,39.17166111,-76.632513890,0,8,0,0,1,1,1,0,1,1,0,1,0,0000000,99,99,99,99,99,99,0,0,0,1,0
24,240135,1,1,0,0,0,1,1,3,0,9,6,2011,5,3,28,0,6,9,POLLING HOUSE RD,,0,38.86173333,-76.640325000,0,24,0,0,1,1,4,0,3,1,0,1,0,0000000,99,99,99,99,88,88,0,0,0,1,1
24,240136,1,1,0,0,0,1,1,21,0,10,6,2011,6,14,11,1,11,1,I-70,,218,39.38446667,-77.288475000,0,24,0,0,1,1,3,0,1,1,0,1,0,0000000,14,11,14,17,99,99,0,0,0,1,0
24,240137,2,2,0,0,0,3,3,21,0,19,6,2011,1,16,38,0,3,3,SR-194,,92,39.56725000,-77.290888890,0,12,2,0,1,1,1,0,1,1,0,1,0,0000000,16,38,16,43,17,2,0,0,0,1,0
24,240138,1,1,0,0,0,3,3,5,0,19,6,2011,1,1,29,0,15,4,EARLS RD,,14,39.35354722,-76.394719440,0,30,0,0,1,1,6,0,3,1,0,1,0,0000000,99,99,99,99,99,99,0,0,0,1,1
24,240139,2,2,0,0,0,2,2,5,0,24,6,2011,6,15,25,9,99,4,WEST AYLESBURY RD,FOX TAIL RD,0,39.43506667,-76.626419440,0,12,6,0,2,3,1,0,1,1,0,1,0,0000000,99,99,99,99,99,99,0,0,0,1,0
24,240140,1,1,0,0,0,1,1,3,0,3,6,2011,6,0,43,0,5,3,SR-2,,0,38.86684444,-76.619166670,0,30,0,0,1,1,4,0,3,1,0,1,0,0000000,99,99,99,99,88,88,0,0,0,1,0
24,240141,1,1,0,0,0,1,1,13,0,2,7,2011,7,0,15,0,5,3,SR-75,,22,39.56967222,-77.156211110,0,38,0,0,1,1,6,1,2,1,0,1,0,0000000,99,99,99,99,88,88,0,0,0,1,1
24,240142,2,2,0,0,0,2,2,25,0,6,6,2011,2,13,26,1,12,3,SR-24,EMMORTON RD,42,39.46482500,-76.313866670,0,12,6,0,2,2,1,0,1,1,0,1,0,0000000,13,41,14,3,14,23,0,0,0,1,0
24,240143,1,1,0,0,0,1,1,25,0,13,7,2011,4,1,25,0,4,3,SR-136,,103,39.61934167,-76.257777780,0,24,0,0,1,1,4,0,3,1,0,1,0,0000000,99,99,99,99,99,99,0,0,0,1,1
24,240144,3,3,0,0,0,3,3,25,0,9,7,2011,7,12,26,0,13,3,SR-24,ROCKSPRING CHURCH RD,132,39.57423611,-76.385922220,0,12,1,0,2,2,1,0,1,1,0,1,0,0000000,99,99,99,99,99,99,0,0,0,1,0
24,240145,2,2,0,0,0,2,2,33,0,11,6,2011,7,4,56,0,13,3,SR-410,63RD PLACE,48,38.96114444,-76.907730560,0,12,2,0,2,3,1,0,3,1,0,1,0,0000000,4,57,5,1,5,30,0,0,0,1,0
24,240146,4,2,2,0,0,2,2,33,1400,11,6,2011,7,21,40,0,15,4,CO-361,,5,38.89844722,-76.896411110,0,12,1,0,1,1,1,0,3,1,0,1,0,0000000,21,43,21,50,22,18,0,0,0,1,1
24,240147,2,2,0,0,0,2,2,5,0,23,6,2011,5,0,28,0,5,3,SR-45,,230,39.68699167,-76.645844440,0,12,6,0,1,1,1,0,3,1,0,1,0,0000000,99,99,99,99,99,99,0,0,0,1,2
24,240148,2,2,0,0,0,3,3,33,240,14,6,2011,3,1,16,0,13,3,SR-214,,26,38.88964722,-76.864408330,0,12,1,0,1,1,1,0,3,1,0,1,0,0000000,1,19,1,26,99,99,0,0,0,1,0
24,240149,1,1,0,0,0,1,1,33,0,29,6,2011,4,17,26,1,2,2,US-301 RAMP,,0,38.81276111,-76.737141670,0,58,0,1,5,1,6,0,1,1,0,1,0,0000000,17,7,17,18,18,0,0,0,0,1,0
24,240150,1,1,0,0,0,2,2,5,1615,23,6,2011,5,1,41,1,2,3,SR-30,,48,39.52870556,-76.837563890,0,31,0,0,1,1,6,0,3,1,0,1,0,0000000,99,99,99,99,88,88,0,0,0,2,1
24,240151,1,1,0,1,1,2,2,5,0,26,6,2011,1,2,37,0,13,2,US-40,,210,39.38552778,-76.420897220,0,8,0,0,1,1,1,0,2,1,0,1,0,0000000,99,99,99,99,99,99,0,0,0,1,1
24,240152,1,1,0,0,0,1,1,5,0,12,7,2011,3,0,46,0,15,4,CO-4182,,0,39.36735000,-76.409955560,0,30,0,0,1,1,4,0,2,1,0,1,0,0000000,99,99,99,99,88,88,0,0,0,1,1
24,240153,1,1,0,0,0,1,1,31,0,10,6,2011,6,21,30,0,13,3,SR-390,,7,39.00406944,-77.040050000,0,40,0,0,1,1,6,0,3,1,0,1,0,0000000,21,30,21,35,88,88,0,0,0,1,0
24,240154,1,1,0,0,0,1,1,33,0,5,2,2011,7,16,15,1,12,3,SR-4,,20,38.81212500,-76.751775000,0,42,0,0,1,1,3,0,1,1,0,1,0,0000000,99,99,99,99,99,99,0,0,0,1,1
24,240155,1,1,0,1,1,1,1,3,0,14,7,2011,5,8,0,1,13,3,SR-2,,399,39.21312778,-76.614713890,0,9,0,0,1,1,1,0,1,1,0,1,0,0000000,99,99,99,99,99,99,0,0,0,1,0
24,240156,1,1,0,1,1,1,1,33,900,31,5,2011,3,23,5,0,13,3,SR-98,,30,39.09538056,-76.841361110,0,8,0,0,1,1,1,0,2,1,0,1,0,0000000,23,7,23,10,88,88,0,0,0,1,0
24,240157,1,1,0,0,0,1,1,5,0,16,7,2011,7,0,22,0,14,4,CO-4096,,2,39.36185833,-76.366686110,0,24,0,0,1,1,4,0,3,1,0,1,0,0000000,99,99,99,99,88,88,0,0,0,1,1
24,240158,1,1,0,0,0,1,1,9,0,23,7,2011,7,19,52,0,6,4,CO-33,,2,38.61336667,-76.605927780,0,1,0,0,1,1,6,0,1,1,0,1,0,0000000,19,54,19,58,20,16,0,0,0,1,1
24,240159,1,1,0,0,0,2,2,17,0,24,7,2011,1,1,32,0,6,4,CO-194,,17,38.41445833,-76.986694440,0,24,0,0,1,1,4,0,2,1,0,1,0,0000000,1,34,1,45,2,14,0,0,0,1,1
24,240160,2,2,0,0,0,5,5,25,0,8,5,2011,1,17,16,0,3,2,US-40,,148,39.52950000,-76.128472220,0,12,1,0,1,1,1,0,1,1,0,1,0,0000000,99,99,99,99,99,99,0,0,0,1,0
24,240161,1,1,0,0,0,1,1,5,0,3,6,2011,6,3,54,1,11,1,I-695,,211,39.41386667,-76.595927780,0,31,0,0,1,1,4,0,3,1,0,1,0,0000000,99,99,99,99,88,88,0,0,0,1,1
24,240162,1,1,0,0,0,1,1,47,0,3,6,2011,6,14,21,1,12,3,SR-90,,94,38.39075000,-75.104555560,0,24,0,0,1,1,3,0,1,1,0,1,0,0000000,14,20,14,22,14,42,0,0,0,1,0
24,240163,1,1,0,0,0,1,1,5,0,11,6,2011,7,9,57,1,11,1,I-695,,13,39.32626389,-76.479863890,0,1,0,0,1,1,1,0,1,1,0,1,0,0000000,99,99,99,99,99,99,0,0,0,1,0
24,240164,3,3,0,0,0,6,6,17,0,27,5,2011,6,10,41,0,3,3,SR-225,,63,38.54820000,-77.053600000,0,12,11,0,1,1,1,0,1,1,0,1,0,0000000,99,99,99,99,99,99,0,0,0,1,1
24,240165,1,1,0,1,1,4,4,17,0,4,6,2011,7,13,5,1,13,3,SR-228,,55,38.62693889,-76.911313890,0,8,0,0,1,1,1,0,1,1,0,1,0,0000000,99,99,99,99,99,99,0,0,0,1,0
24,240166,1,1,0,0,0,6,6,3,0,8,6,2011,4,20,3,0,16,4,CO-582,,0,39.21059167,-76.702175000,0,42,0,0,1,1,6,0,5,1,0,1,0,0000000,99,99,99,99,99,99,0,0,0,1,0
24,240167,2,2,0,0,0,3,3,27,0,16,2,2011,4,13,30,0,13,2,US-1,CO-131,1,39.17535278,-76.777225000,0,12,6,0,2,3,1,0,1,1,0,1,0,0000000,13,34,13,42,14,35,0,0,0,1,0
24,240168,2,2,0,0,0,2,2,33,983,17,4,2011,1,3,28,1,12,3,SR-5,SR-458,140,38.83940556,-76.946483330,0,12,6,0,2,2,1,0,3,1,0,1,0,0000000,3,26,3,32,99,99,0,0,0,1,1
24,240169,1,1,0,1,1,3,3,33,879,10,5,2011,3,14,32,0,14,3,SR-704,,11,38.90663056,-76.895488890,0,8,0,0,1,1,1,0,1,1,0,1,0,0000000,14,36,14,47,15,0,0,0,0,1,0
24,240170,1,1,0,1,1,1,1,33,1400,14,5,2011,7,4,40,0,14,4,CO-366,,8,38.88578889,-76.897913890,0,8,0,0,1,1,1,0,3,1,0,1,0,0000000,4,48,4,55,5,8,0,0,0,1,0
24,240171,2,2,0,0,0,6,6,5,0,11,5,2011,4,15,12,0,13,3,SR-26,CHAPMAN RD,48,39.37189444,-76.805505560,0,12,6,0,2,2,1,0,1,1,0,1,0,0000000,99,99,99,99,99,99,0,0,0,1,0
24,240172,2,2,0,0,0,2,2,33,896,20,5,2011,6,15,43,0,14,4,CO-97,,15,38.86661944,-76.829377780,0,12,1,0,1,1,1,0,1,1,0,1,0,0000000,15,46,15,50,16,30,0,0,0,1,0
24,240173,1,1,0,0,0,1,1,33,390,21,5,2011,7,1,49,0,14,2,US-1AL,,2,38.93512778,-76.950463890,0,33,0,0,1,1,4,0,3,1,0,1,0,0000000,1,51,1,56,2,20,0,0,0,1,0
24,240174,1,1,0,0,0,1,1,19,0,29,5,2011,1,11,46,0,6,4,CO-161,,7,38.30293611,-76.077319440,0,42,0,0,1,1,4,0,1,1,0,1,0,0000000,11,48,12,1,99,99,0,0,0,1,0
24,240175,1,1,0,1,1,1,1,33,335,26,5,2011,5,19,20,0,13,3,SR-650,,0,38.96648333,-77.002358330,0,8,0,0,1,1,1,0,1,1,0,1,0,0000000,99,99,99,99,99,99,0,0,0,1,0
24,240176,1,1,0,0,0,1,1,27,0,29,5,2011,1,16,10,1,12,3,SR-32,,63,39.18330556,-76.878633330,0,24,0,0,1,1,4,0,1,1,0,1,0,0000000,16,8,16,13,88,88,0,0,0,1,0
24,240177,2,2,0,0,0,5,5,33,1330,1,5,2011,1,2,28,0,15,4,CO-302,,17,38.96217778,-76.901722220,0,12,2,0,1,1,1,0,3,1,0,1,0,0000000,2,29,2,33,3,29,0,0,0,1,2
24,240178,2,2,0,0,0,3,3,31,0,6,5,2011,6,1,4,0,5,3,SR-118,MIDDLEBROOK RD,54,39.17878056,-77.267788890,0,12,6,0,2,2,1,0,3,1,0,1,0,0000000,1,6,1,9,1,39,0,0,0,1,0
24,240179,2,2,0,0,0,6,6,5,0,11,5,2011,4,22,39,0,16,4,CO-1700,SCOTTS LEVEL RD,38,39.36731667,-76.753191670,0,12,6,0,2,2,1,0,3,1,0,1,0,0000000,99,99,99,99,99,99,0,0,0,1,0
24,240180,1,1,0,1,1,1,1,33,240,20,4,2011,4,18,1,0,14,4,CO-367,,20,38.86942500,-76.890338890,0,8,0,0,1,1,1,0,1,1,0,1,0,0000000,18,2,18,15,99,99,0,0,0,1,0
24,240181,3,3,0,0,0,5,5,3,0,5,7,2011,3,23,7,1,13,3,SR-2,COLLEGE PKWY,0,39.05171944,-76.522522220,0,12,6,0,2,3,1,0,3,1,0,1,0,0000000,99,99,99,99,99,99,0,0,0,1,1
24,240182,1,1,0,0,0,1,1,31,0,17,7,2011,1,21,18,0,3,4,CO-242,,24,39.24468333,-77.398208330,0,30,0,0,1,1,4,0,2,1,0,1,0,0000000,21,18,21,17,99,99,0,0,0,1,1
24,240183,3,1,2,1,3,1,3,33,0,7,7,2011,5,17,52,1,11,1,I-95,,251,39.01998333,-76.931847220,0,14,0,0,1,1,2,0,1,1,0,1,0,0000000,17,56,18,4,18,30,23,0,0,1,0
24,240184,1,1,0,2,2,1,1,3,0,12,7,2011,3,20,43,0,13,3,SR-2,,310,39.09917778,-76.566413890,0,8,0,0,1,1,1,0,3,1,0,1,0,0000000,99,99,99,99,99,99,0,0,0,1,0
24,240185,1,1,0,0,0,3,3,15,0,13,7,2011,4,11,59,0,6,4,CO-79,,20,39.63047222,-76.018341670,0,1,0,0,1,1,1,0,1,1,0,1,0,0000000,99,99,99,99,99,99,0,0,0,1,0
24,240186,1,1,0,0,0,1,1,27,0,17,7,2011,1,7,56,1,11,1,I-70,,100,39.30813611,-76.943950000,0,42,0,0,1,1,3,0,1,1,0,1,0,0000000,7,55,7,58,88,88,0,0,0,1,1
24,240187,2,2,0,0,0,2,2,21,0,19,7,2011,3,0,33,1,2,2,US-15,,110,39.35546389,-77.571747220,0,12,2,0,1,1,1,0,3,1,0,1,0,0000000,0,49,0,54,1,40,20,0,0,1,0
24,240188,2,2,0,0,0,2,2,5,0,5,7,2011,3,9,12,0,14,3,SR-25,CO-192,113,39.51601944,-76.717238890,0,12,2,0,2,3,1,0,1,1,0,1,0,0000000,99,99,99,99,99,99,0,0,0,1,0
24,240189,1,1,0,2,2,1,1,510,50,22,4,2011,6,13,34,0,13,6,E. PRATT ST,,0,39.28670556,-76.608244440,0,8,0,0,1,1,1,0,1,2,0,2,0,0000000,99,99,99,99,99,99,0,0,0,1,0
24,240190,1,1,0,0,0,1,1,33,0,23,7,2011,7,22,50,1,12,3,SR-5,,65,38.75237778,-76.879663890,0,59,0,0,1,1,4,0,2,1,0,1,0,0000000,99,99,99,99,99,99,0,0,0,1,1
24,240191,1,1,0,0,0,1,1,5,0,23,7,2011,7,0,56,0,16,4,CO-4106,,4,39.37343056,-76.345958330,0,42,0,0,1,1,6,0,3,1,0,1,0,0000000,99,99,99,99,88,88,0,0,0,1,1
24,240192,2,2,0,0,0,3,3,5,0,8,7,2011,6,13,57,0,13,2,US-40,JONES RD,240,39.41206667,-76.386030560,0,12,6,0,2,3,1,0,1,1,0,1,0,0000000,99,99,99,99,99,99,0,0,0,2,0
24,240193,2,2,0,0,0,2,2,33,565,31,3,2011,5,0,13,0,14,4,CO-3645,,14,38.77406111,-76.976438890,0,12,2,0,1,1,1,0,3,1,0,1,0,0000000,0,10,0,17,99,99,0,0,0,1,1
24,240194,1,1,0,1,1,1,1,33,882,31,3,2011,5,20,4,0,13,3,SR-193,,7,38.98583333,-76.982361110,0,8,0,0,1,1,1,0,3,2,0,2,0,0000000,99,99,99,99,99,99,0,0,0,1,0
24,240195,2,2,0,1,1,3,3,33,569,22,4,2011,6,23,54,1,12,3,SR-4,,104,38.84352778,-76.883622220,0,8,0,0,1,1,1,0,3,1,0,1,0,0000000,99,99,99,99,99,99,0,0,0,1,0
24,240196,2,2,0,0,0,6,6,33,565,6,6,2011,2,3,15,1,12,3,SR-210,,120,38.78968333,-76.998666670,0,12,1,0,1,1,1,0,3,1,0,1,0,0000000,99,99,99,99,99,99,0,0,0,3,1
24,240197,1,1,0,1,1,1,1,33,150,23,6,2011,5,18,20,0,16,6,QUINCY ST,,0,38.93703889,-76.933252780,0,8,0,0,1,1,1,0,1,1,0,1,0,0000000,99,99,99,99,99,99,0,0,0,1,0
24,240198,1,1,0,1,1,1,1,510,50,18,5,2011,4,10,0,0,13,2,US-1,,0,39.32198056,-76.573227780,0,8,0,0,1,1,1,0,1,1,0,1,0,0000000,99,99,99,99,99,99,0,0,0,1,0
24,240199,1,1,0,1,1,1,1,33,879,7,7,2011,5,5,24,0,13,3,SR-202,FIREHOUSE RD,113,38.92728333,-76.881005560,0,8,0,0,2,3,1,0,3,1,0,1,0,0000000,5,24,5,27,88,88,0,0,0,1,0
24,240200,2,2,0,0,0,2,2,33,21,8,7,2011,6,17,0,1,12,3,SR-210,,14,38.64670833,-77.039652780,0,12,6,0,1,1,1,0,1,1,0,1,0,0000000,99,99,99,99,99,99,0,0,0,1,1