STATE,ST_CASE,VE_TOTAL,VE_FORMS,PVH_INVL,PEDS,PERNOTMVIT,PERMVIT,PERSONS,COUNTY,CITY,DAY,MONTH,YEAR,DAY_WEEK,HOUR,MINUTE,NHS,ROAD_FNC,ROUTE,TWAY_ID,TWAY_ID2,MILEPT,LATITUDE,LONGITUD,SP_JUR,HARM_EV,MAN_COLL,RELJCT1,RELJCT2,TYP_INT,REL_ROAD,WRK_ZONE,LGT_COND,WEATHER1,WEATHER2,WEATHER,SCH_BUS,RAIL,NOT_HOUR,NOT_MIN,ARR_HOUR,ARR_MIN,HOSP_HR,HOSP_MN,CF1,CF2,CF3,FATALS,DRUNK_DR
24,240201,1,1,0,0,0,1,1,33,1620,10,7,2011,1,19,21,0,14,4,CO-971,,0,38.83171944,-76.804475000,0,33,0,0,1,1,4,0,5,1,0,1,0,0000000,99,99,99,99,88,88,0,0,0,1,0
24,240202,2,2,0,0,0,2,2,43,0,25,7,2011,2,5,25,0,5,3,SR-66,I-70 RAMP ENTRANCE,52,39.58656667,-77.639158330,0,12,6,0,2,3,1,0,2,1,0,1,0,0000000,5,31,5,46,6,10,0,0,0,1,0
24,240203,1,1,0,0,0,1,1,3,0,1,8,2011,2,14,29,1,12,3,SR-100,,0,39.14537222,-76.632213890,0,1,0,0,1,1,3,0,1,1,0,1,0,0000000,99,99,99,99,99,99,0,0,0,1,1
24,240204,1,1,0,0,0,1,1,27,0,7,8,2011,1,2,50,0,15,4,CO-1910,,32,39.16207778,-76.825911110,0,1,0,0,1,1,5,0,3,1,0,1,0,0000000,2,50,2,55,3,53,0,0,0,1,1
24,240205,1,1,0,0,0,1,1,35,0,16,8,2011,3,19,44,0,5,3,SR-405,,42,39.08716944,-75.941533330,0,30,0,0,1,1,4,0,1,1,0,1,0,0000000,19,53,20,6,20,48,0,0,0,1,0
24,240206,1,1,0,1,1,1,1,3,0,13,7,2011,4,2,59,0,16,4,MONTEVIDEO RD,,0,39.16119722,-76.763019440,0,8,0,0,1,1,1,0,3,1,0,1,0,0000000,99,99,99,99,88,88,0,0,0,1,1
24,240207,1,1,0,0,0,1,1,21,0,2,8,2011,3,9,39,1,11,1,I-70,,35,39.50298056,-77.578238890,0,35,0,0,1,1,4,0,1,1,0,1,0,0000000,9,39,9,46,88,88,0,0,0,1,0
24,240208,1,1,0,0,0,1,1,37,0,12,8,2011,6,13,59,0,4,3,SR-5,,148,38.22590833,-76.468663890,0,30,0,0,1,1,4,0,1,1,0,1,0,0000000,14,1,14,10,15,8,0,0,0,1,0
24,240209,2,2,0,0,0,2,2,5,0,5,8,2011,6,7,11,0,13,3,SR-45,,223,39.67432778,-76.647447220,0,12,2,0,1,1,1,0,1,1,0,1,0,0000000,99,99,99,99,99,99,0,0,0,1,0
24,240210,2,2,0,0,0,7,7,25,0,14,8,2011,1,10,29,1,12,3,SR-4,CO-246,52,39.47893611,-76.319533330,0,12,6,0,2,2,1,0,1,2,0,2,0,0000000,99,99,99,99,99,99,0,0,0,1,0
24,240211,2,2,0,0,0,2,2,5,0,11,6,2011,7,19,27,0,13,4,CO-1400,MAGLEDT RD,18,39.39498056,-76.512522220,0,12,98,0,2,2,1,0,5,1,0,1,0,0000000,99,99,99,99,99,99,0,0,0,1,0
24,240212,2,1,1,0,0,1,1,27,0,9,6,2011,5,14,5,0,16,4,CO-497,,2,39.25226111,-76.807566670,0,53,0,0,1,1,5,0,1,1,0,1,0,0000000,14,3,14,15,14,41,14,0,0,1,0
24,240213,2,2,0,0,0,2,2,37,0,17,6,2011,6,5,46,1,2,3,SR-5,,400,38.44451389,-76.739502780,0,12,6,0,8,1,1,0,4,1,0,1,0,0000000,2,28,2,32,99,99,0,0,0,1,0
24,240214,2,2,0,0,0,5,5,37,0,19,6,2011,1,2,26,0,4,3,SR-5,MEDLEY'S NECK RD,247,38.27592222,-76.611872220,0,12,6,0,2,2,1,0,3,1,0,1,0,0000000,2,29,2,35,3,8,0,0,0,1,1
24,240215,3,3,0,0,0,4,4,33,21,31,7,2011,1,13,8,0,13,3,SR-223,CO-225,6,38.70316111,-76.966825000,0,12,6,0,2,2,1,0,1,1,0,1,0,0000000,13,11,13,20,99,99,0,0,0,1,0
24,240216,1,1,0,0,0,2,2,33,896,13,6,2011,2,23,1,0,15,4,CO-3465,,6,38.87522222,-76.826630560,0,42,0,0,1,1,6,0,3,1,0,1,0,0000000,23,2,23,7,99,99,0,0,0,1,0
24,240217,3,3,0,0,0,4,4,37,0,4,8,2011,5,18,50,0,4,3,SR-5,,198,38.23881111,-76.543175000,0,12,1,0,1,1,1,0,5,1,0,1,0,0000000,18,59,19,13,19,43,0,0,0,2,0
24,240218,1,1,0,0,0,1,1,27,0,5,8,2011,6,11,38,1,11,1,I-95,,59,39.17571944,-76.795291670,0,42,0,0,1,1,6,0,1,1,0,1,0,0000000,11,36,11,46,88,88,0,0,0,1,0
24,240219,2,2,0,0,0,2,2,11,0,6,7,2011,4,21,13,0,4,3,SR-480,SUNSET BLVD,27,38.93867500,-75.888683330,0,12,2,0,2,3,1,0,3,1,0,1,0,0000000,21,11,21,16,88,88,0,0,0,1,1
24,240220,2,2,0,0,0,4,4,25,0,21,7,2011,5,10,12,0,14,3,SR-543,,62,39.53416667,-76.297816670,0,12,6,0,1,1,1,0,1,1,0,1,0,0000000,10,23,10,50,11,14,0,0,0,1,0
24,240221,2,2,0,0,0,3,3,3,0,23,7,2011,7,3,29,1,11,1,I-595,,52,38.95620556,-76.694955560,0,12,6,0,1,1,1,0,2,1,0,1,0,0000000,99,99,99,99,99,99,0,0,0,1,2
24,240222,2,2,0,0,0,6,6,11,0,13,7,2011,4,13,47,1,2,3,SR-404,HILLSBORO RD,19,38.91838333,-75.914152780,0,12,1,0,3,3,1,0,1,1,0,1,0,0000000,14,37,14,54,15,12,0,0,0,1,0
24,240223,2,2,0,0,0,5,5,15,0,25,7,2011,2,20,53,1,2,2,US-1,,25,39.68516111,-76.139930560,0,12,6,0,1,1,1,0,2,2,0,2,0,0000000,99,99,99,99,99,99,0,0,0,2,1
24,240224,2,2,0,0,0,2,2,25,0,26,7,2011,3,0,37,0,3,3,SR-136,,71,39.57319167,-76.255450000,0,12,6,0,1,1,1,0,3,1,0,1,0,0000000,99,99,99,99,88,88,0,0,0,1,1
24,240225,2,2,0,0,0,2,2,11,0,31,7,2011,1,12,11,0,4,3,SR-304,,2,39.03290278,-75.881119440,0,12,6,0,1,1,1,0,1,1,0,1,0,0000000,99,99,99,99,99,99,0,0,0,1,0
24,240226,2,2,0,0,0,3,3,15,0,15,7,2011,6,4,40,1,11,1,I-95,,9,39.58578056,-76.093411110,0,24,0,0,1,1,3,0,3,1,0,1,0,0000000,99,99,99,99,99,99,0,0,0,2,0
24,240227,1,1,0,1,1,1,1,25,1287,28,7,2011,5,15,37,0,4,3,SR-136,,276,39.70184167,-76.489091670,0,8,0,0,1,1,1,0,1,1,0,1,0,0000000,99,99,99,99,99,99,0,0,0,1,0
24,240228,1,1,0,1,1,1,1,5,0,8,7,2011,6,21,27,0,13,2,US-40,,0,39.29016944,-76.723880560,0,8,0,0,1,1,1,0,2,1,0,1,0,0000000,99,99,99,99,99,99,0,0,0,1,0
24,240229,1,1,0,0,0,1,1,3,0,14,7,2011,5,23,12,0,12,3,SR-702,,5,39.32254722,-76.465958330,0,1,0,0,1,1,3,0,2,1,0,1,0,0000000,99,99,99,99,99,99,0,0,0,1,1
24,240230,1,1,0,0,0,1,1,3,952,19,7,2011,3,3,46,0,6,4,MULLEN LN,,0,38.79776944,-76.594700000,0,42,0,0,1,1,6,0,3,1,0,1,0,0000000,99,99,99,99,88,88,0,0,0,1,1
24,240231,2,2,0,0,0,2,2,3,0,23,7,2011,7,18,44,0,16,4,CO-1582,,0,39.15830000,-76.550347220,0,1,0,0,1,1,6,0,1,1,0,1,0,0000000,99,99,99,99,99,99,0,0,0,1,2
24,240232,6,6,0,0,0,6,6,33,240,2,8,2011,3,6,31,1,11,1,I-95,,131,38.86397222,-76.847563890,0,12,7,0,1,1,1,0,1,1,0,1,0,0000000,6,34,6,39,99,99,14,0,0,2,1
24,240233,1,1,0,2,2,1,1,510,50,13,8,2011,7,12,49,0,14,6,E. FAYETTE ST,N. MILTON ST,0,39.29437222,-76.582088890,0,8,0,0,2,2,1,0,1,2,0,2,0,0000000,99,99,99,99,99,99,0,0,0,1,0
24,240234,1,1,0,1,1,1,1,31,0,11,7,2011,2,0,50,0,14,3,SR-118,,58,39.18200556,-77.260000000,0,8,0,0,1,1,1,0,3,1,0,1,0,0000000,0,51,0,59,1,22,0,0,0,1,0
24,240235,1,1,0,1,1,1,1,37,0,10,7,2011,1,20,3,0,4,3,SR-5,HOLLYWOOD RD,267,38.29708611,-76.635188890,0,8,0,0,3,2,1,0,5,1,0,1,0,0000000,99,99,99,99,99,99,0,0,0,1,0
24,240236,1,1,0,0,0,1,1,37,0,21,7,2011,5,0,51,0,4,4,CO-4,,36,38.49098333,-76.723794440,0,30,0,0,1,1,4,0,2,1,0,1,0,0000000,99,99,99,99,88,88,0,0,0,1,1
24,240237,1,1,0,0,0,3,3,21,0,27,7,2011,4,23,55,0,6,4,CO-521,,16,39.55031667,-77.280105560,0,42,0,0,1,1,6,0,2,1,0,1,0,0000000,23,55,0,4,99,99,0,0,0,1,0
24,240239,1,1,0,0,0,1,1,15,0,29,7,2011,6,20,50,0,6,4,CO-312,GROVE NECK RD,30,39.39959167,-75.968827780,0,31,0,0,3,2,5,0,3,1,0,1,0,0000000,99,99,99,99,88,88,0,0,0,1,1
24,240240,2,2,0,1,1,2,2,33,240,2,7,2011,7,23,53,0,13,3,SR-214,NORAIR AVE,29,38.89006389,-76.859750000,0,8,0,0,2,3,1,0,3,1,0,1,0,0000000,99,99,99,99,88,88,0,0,0,1,0
24,240241,2,2,0,0,0,5,5,3,401,31,7,2011,1,1,40,1,13,3,SR-3,DAVIDSONVILLE RD,21,39.01951667,-76.696158330,0,12,6,0,2,2,1,0,3,1,0,1,0,0000000,99,99,99,99,99,99,0,0,0,1,0
24,240242,2,2,0,0,0,2,2,31,0,28,7,2011,5,7,15,0,13,3,SR-650,,121,39.13488611,-76.994547220,0,12,8,0,1,1,1,0,1,1,0,1,0,0000000,7,17,7,23,88,88,0,0,0,1,1
24,240243,3,3,0,0,0,6,6,5,0,6,8,2011,7,16,21,0,14,4,CO-3482,,36,39.38066944,-76.526780560,0,12,2,0,1,1,1,0,1,1,0,1,0,0000000,99,99,99,99,99,99,0,0,0,2,0
24,240244,1,1,0,0,0,2,2,21,0,23,8,2011,3,11,7,0,5,4,CO-0511,,0,39.57853611,-77.261225000,0,1,0,0,1,1,4,0,1,1,0,1,0,0000000,99,99,99,99,99,99,0,0,0,1,0
24,240245,1,1,0,0,0,1,1,15,0,12,8,2011,6,4,15,0,6,4,CO-411,,31,39.67271111,-75.910719440,0,42,0,0,1,1,6,0,2,1,0,1,0,0000000,99,99,99,99,99,99,0,0,0,1,1
24,240246,2,1,1,1,2,1,2,43,0,8,8,2011,2,14,23,1,11,1,I-70,,375,39.56328611,-77.615402780,0,14,0,0,1,1,2,0,1,1,0,1,0,0000000,14,37,14,54,15,12,23,0,0,1,0
24,240247,2,2,0,0,0,3,3,25,0,9,8,2011,3,11,16,1,2,2,US-1,,5,39.52119167,-76.360002780,0,12,6,0,4,1,4,0,1,2,0,2,0,0000000,99,99,99,99,99,99,0,0,0,1,0
24,240248,2,2,0,0,0,3,3,5,0,4,8,2011,5,23,53,1,11,1,I-95,,27,39.25782778,-76.675172220,0,12,1,0,1,1,1,0,2,1,0,1,0,0000000,99,99,99,99,99,99,0,0,0,1,0
24,240249,1,1,0,1,1,1,1,5,0,13,8,2011,7,13,24,0,12,3,SR-43,CO-6195,29,39.37962500,-76.471752780,0,8,0,0,2,2,1,0,1,1,0,1,0,0000000,99,99,99,99,99,99,0,0,0,1,0
24,240250,2,2,0,0,0,2,2,3,0,18,8,2011,5,17,53,0,4,3,SR-2,,2,38.83168333,-76.612300000,0,12,2,0,1,1,1,0,1,1,0,1,0,0000000,99,99,99,99,99,99,0,0,0,2,1
24,240251,2,1,1,1,1,1,1,3,0,24,8,2011,4,8,4,1,12,3,SR-100,,0,39.14224444,-76.627408330,0,8,0,0,1,1,2,0,1,1,0,1,0,0000000,99,99,99,99,88,88,0,0,0,1,0
24,240252,1,1,0,1,1,1,1,33,565,13,8,2011,7,0,13,1,12,3,SR-210,,115,38.77349167,-76.996736110,0,8,0,0,1,1,1,0,2,1,0,1,0,0000000,0,16,0,33,88,88,0,0,0,1,0
24,240253,1,1,0,0,0,1,1,3,575,22,8,2011,2,20,11,1,2,3,SR-32,,0,39.10285833,-76.769758330,0,24,0,0,1,1,4,0,3,1,0,1,0,0000000,99,99,99,99,99,99,0,0,0,1,0
24,240254,3,2,1,0,0,2,2,3,0,8,8,2011,2,16,32,1,11,1,I-695,,2,39.29976667,-76.743622220,0,14,0,0,1,1,2,0,1,1,0,1,0,0000000,99,99,99,99,88,88,0,0,0,1,0
24,240255,2,2,0,0,0,2,2,5,0,28,8,2011,1,23,52,1,11,1,I-70,,23,39.30720556,-76.770916670,0,12,1,0,1,1,1,0,2,1,0,1,0,0000000,99,99,99,99,88,88,0,0,0,1,1
24,240256,1,1,0,1,1,2,2,31,0,2,6,2011,5,22,38,0,13,3,SR-97,,60,39.07394444,-77.066238890,0,8,0,0,1,1,1,0,3,1,0,1,0,0000000,22,38,22,42,99,99,0,0,0,1,0
24,240257,2,2,0,0,0,6,6,9,0,18,7,2011,2,8,48,1,2,3,SR-2,SHECKELS LN,0,38.63563611,-76.605113890,0,12,7,0,2,3,1,0,1,1,0,1,0,0000000,8,48,8,50,9,25,0,0,0,1,0
24,240258,2,2,0,0,0,2,2,17,0,23,8,2011,3,19,52,1,2,2,US-301,DEMAR RD,203,38.59128056,-76.941119440,0,12,6,0,2,2,1,0,1,1,0,1,0,0000000,99,99,99,99,88,88,0,0,0,1,2
24,240259,3,2,1,0,0,3,3,510,50,27,4,2011,4,7,41,0,14,6,GWYNN OAK AVE,,0,39.33063056,-76.700577780,0,12,2,0,1,1,1,0,1,1,0,1,0,0000000,99,99,99,99,99,99,0,0,0,1,1
24,240260,1,1,0,0,0,1,1,3,0,6,8,2011,7,4,37,0,5,4,CO-1040,,0,39.03451944,-76.714011110,0,42,0,0,1,1,6,0,2,1,0,1,0,0000000,99,99,99,99,99,99,0,0,0,1,1
24,240261,1,1,0,0,0,1,1,43,0,24,8,2011,4,2,0,0,6,4,CO-175,,12,39.71524167,-77.689733330,0,53,0,0,1,1,6,0,2,1,0,1,0,0000000,2,8,2,16,88,88,0,0,0,1,1
24,240262,1,1,0,0,0,2,2,31,0,13,8,2011,7,0,22,0,16,4,CO-74,,0,39.11564444,-77.008452780,0,42,0,0,1,1,6,0,3,1,0,1,0,0000000,99,99,99,99,88,88,0,0,0,2,1
24,240263,3,3,0,0,0,7,7,45,0,26,8,2011,6,12,53,1,2,2,US-50,SALISBURY BYPASS,194,38.39771111,-75.571602780,0,12,6,0,2,2,1,0,1,1,0,1,0,0000000,12,52,13,9,13,29,0,0,0,1,0
24,240264,1,1,0,1,1,2,2,41,0,12,8,2011,6,21,11,0,13,3,SR-322,MARBORO RD,32,38.78141944,-76.083069440,0,8,0,0,3,4,1,0,3,1,0,1,0,0000000,99,99,99,99,99,99,0,0,0,1,0
24,240265,1,1,0,0,0,1,1,17,0,16,9,2011,6,23,40,0,5,4,CO-133,,53,38.53611389,-77.120419440,0,41,0,0,1,1,4,0,2,1,0,1,0,0000000,23,41,23,46,88,88,0,0,0,1,1
24,240266,1,1,0,1,1,1,1,33,0,9,9,2011,6,21,21,1,13,3,SR-3,,15,38.97786111,-76.713408330,0,9,0,0,1,1,2,0,2,1,0,1,0,0000000,99,99,99,99,99,99,0,0,0,1,0
24,240267,2,2,0,0,0,2,2,17,0,17,10,2011,2,18,13,1,2,3,SR-5,IDLEWOOD PARK RD,133,38.63559444,-76.873794440,0,12,6,0,3,3,1,0,1,1,0,1,0,0000000,18,7,18,15,18,48,0,0,0,1,0
24,240268,4,4,0,0,0,8,8,17,0,9,9,2011,6,11,35,1,2,3,SR-231,DICANDA DORSEY PL,99,38.51597500,-76.679058330,0,12,1,0,3,3,1,0,1,1,0,1,0,0000000,11,30,11,37,12,10,0,0,0,2,0
24,240269,1,1,0,1,1,1,1,35,1509,2,9,2011,6,21,1,0,6,4,SHOPING CENTER RD,,1,38.97491111,-76.298394440,0,8,0,0,5,1,1,0,3,1,0,1,0,0000000,99,99,99,99,88,88,0,0,0,1,0
24,240270,2,2,0,0,0,4,4,35,270,16,9,2011,6,7,10,1,2,2,US-301,SR-304,205,39.02763889,-76.026513890,0,12,6,0,2,2,1,0,1,1,0,1,0,0000000,7,34,7,59,8,28,0,0,0,1,0
24,240271,1,1,0,0,0,1,1,5,0,17,9,2011,7,8,38,1,11,1,I-83,,5,39.39623056,-76.666455560,0,35,0,0,1,1,3,0,1,1,0,1,0,0000000,99,99,99,99,88,88,0,0,0,1,0
24,240272,2,1,1,0,1,1,2,31,0,16,9,2011,6,12,47,1,11,1,I-270,,55,39.07662222,-77.168069440,0,14,0,0,1,1,2,0,1,1,0,1,0,0000000,12,47,12,54,99,99,0,0,0,1,0
24,240273,1,1,0,0,0,1,1,3,0,20,9,2011,3,10,41,1,11,1,I-97,,71,39.06274722,-76.640316670,0,1,0,0,1,1,4,0,1,2,0,2,0,0000000,99,99,99,99,99,99,0,0,0,1,0
24,240274,1,1,0,1,1,1,1,17,0,27,9,2011,3,99,99,0,5,3,SR-210,,2,38.62922222,-77.068975000,0,8,0,0,1,1,1,0,2,1,0,1,0,0000000,99,99,99,99,99,99,0,0,0,1,0
24,240275,1,1,0,1,1,1,1,17,0,22,9,2011,5,19,58,1,13,2,US-301,,257,38.65805556,-76.874297220,0,8,0,0,1,1,1,0,3,1,0,1,0,0000000,99,99,99,99,99,99,0,0,0,1,0
24,240276,2,2,0,0,0,3,3,25,90,6,9,2011,3,12,24,1,2,2,US-1,,104,39.60403889,-76.312277780,0,12,1,0,8,1,1,0,1,2,0,2,0,0000000,99,99,99,99,99,99,0,0,0,1,0
24,240277,2,2,0,0,0,2,2,47,1673,1,9,2011,5,11,29,1,2,2,US-50,,17,38.38080556,-75.293858330,0,12,1,0,1,1,2,4,1,1,0,1,0,0000000,11,22,11,31,12,15,0,0,0,1,0
24,240278,1,1,0,0,0,1,1,3,0,5,10,2011,4,16,37,1,12,3,SR-100,,119,39.12202222,-76.559538890,0,24,0,0,1,1,4,0,1,1,0,1,0,0000000,99,99,99,99,88,88,0,0,0,1,1
24,240279,2,2,0,0,0,2,2,5,0,1,10,2011,7,11,46,1,11,1,I-83,,105,39.49213889,-76.666397220,0,12,11,0,1,1,1,0,1,1,0,1,0,0000000,99,99,99,99,88,88,0,0,0,1,0
24,240280,1,1,0,0,0,1,1,11,1560,31,10,2011,2,7,3,0,6,4,CO-3,,16,39.11397222,-75.767622220,0,42,0,0,1,1,6,0,2,1,0,1,0,0000000,7,40,7,51,88,88,0,0,0,1,1
24,240281,2,2,0,0,0,2,2,25,355,5,11,2011,7,15,54,0,2,3,SR-22,,2,39.54973889,-76.237313890,0,12,2,0,1,1,1,0,1,1,0,1,0,0000000,99,99,99,99,99,99,0,0,0,1,0
24,240282,3,3,0,0,0,4,4,17,890,23,10,2011,1,1,27,1,2,2,US-301,,124,38.50356944,-76.985338890,0,12,7,0,1,1,1,0,2,1,0,1,0,0000000,99,99,99,99,99,99,0,0,0,1,1
24,240283,2,1,1,0,0,1,1,27,515,1,10,2011,7,12,45,0,16,4,BROOKDALE DR,,0,39.17812500,-76.765858330,0,14,0,0,1,1,7,0,1,1,0,1,0,0000000,99,99,99,99,99,99,0,0,0,1,0
24,240284,2,2,0,0,0,2,2,31,1450,4,11,2011,6,1,45,1,11,1,I-495,,104,39.01396944,-77.046477780,0,12,1,0,1,1,1,1,3,1,0,1,0,0000000,99,99,99,99,99,99,0,0,0,1,0
24,240285,2,2,0,0,0,4,4,43,0,15,11,2011,3,17,39,0,4,3,SR-66,,98,39.63833333,-77.591463890,0,12,2,0,1,1,1,0,3,2,0,2,0,0000000,17,39,17,55,18,28,0,0,0,1,0
24,240286,2,1,1,0,2,1,3,5,0,14,11,2011,2,7,5,0,15,4,CO-4553,,0,39.33110556,-76.446022220,0,14,0,0,1,1,7,0,1,1,0,1,0,0000000,99,99,99,99,99,99,0,0,0,1,0
24,240287,1,1,0,0,0,1,1,21,0,23,11,2011,4,20,59,1,11,1,I-270,,49,39.33313889,-77.375111110,0,42,0,0,1,1,6,0,2,1,0,1,0,0000000,20,59,21,5,99,99,0,0,0,1,0
24,240288,2,2,0,0,0,3,3,43,0,24,11,2011,5,14,39,1,2,2,US-340,KEEPTRYST RD,18,39.33024444,-77.702900000,0,12,6,0,2,2,1,0,1,1,0,1,0,0000000,99,99,99,99,99,99,0,0,0,1,1
24,240289,2,2,0,0,0,3,3,25,0,4,12,2011,1,4,57,0,3,3,SR-23,,164,39.67562222,-76.538075000,0,12,2,0,1,1,1,0,2,1,0,1,0,0000000,99,99,99,99,99,99,0,0,0,1,1
24,240290,1,1,0,1,1,1,1,15,1260,3,10,2011,2,19,30,0,3,3,SR-276,,14,39.62453611,-76.089358330,0,15,0,0,1,1,1,0,2,1,0,1,0,0000000,99,99,99,99,88,88,0,0,0,1,0
24,240291,2,2,0,0,0,3,3,15,0,8,10,2011,7,2,25,0,3,3,SR-273,,88,39.70045833,-75.929844440,0,12,1,0,1,1,2,0,3,1,0,1,0,0000000,99,99,99,99,99,99,0,0,0,1,2
24,240292,1,1,0,0,0,2,2,13,0,8,10,2011,7,10,33,0,3,3,SR-194,,102,39.70974444,-77.126475000,0,1,0,0,1,1,1,0,1,1,0,1,0,0000000,10,30,10,37,11,22,0,0,0,1,0
24,240293,1,1,0,1,1,1,1,17,0,16,10,2011,1,19,53,1,2,2,US-301,,152,38.53361944,-76.983491670,0,8,0,0,1,1,1,0,2,1,0,1,0,0000000,99,99,99,99,99,99,0,0,0,1,0
24,240294,2,2,0,0,0,1,1,33,0,18,10,2011,3,22,16,1,11,1,I-495,,199,38.97449444,-76.870680560,0,12,1,0,1,1,1,0,3,1,0,1,0,0000000,22,21,22,27,88,88,0,0,0,1,0
24,240295,1,1,0,1,1,1,1,17,0,20,10,2011,5,5,23,1,2,2,US-301,,252,38.64819444,-76.887238890,0,8,0,0,1,1,1,0,2,1,0,1,0,0000000,99,99,99,99,99,99,0,0,0,1,0
24,240296,1,1,0,1,1,1,1,15,520,21,10,2011,6,12,56,1,11,1,I-95,,174,39.64044167,-75.804938890,0,8,0,1,5,1,1,0,1,1,0,1,0,0000000,99,99,99,99,99,99,0,0,0,1,0
24,240297,2,2,0,0,0,3,3,29,310,28,10,2011,6,8,18,0,3,3,SR-213,,73,39.28852222,-76.015275000,0,12,2,0,1,1,1,0,1,1,0,1,0,0000000,8,5,8,12,9,0,0,0,0,1,0
24,240298,2,2,0,2,2,1,1,5,0,30,10,2011,1,5,52,1,11,1,I-70,,46,39.30508333,-76.795936110,0,25,0,0,1,1,3,0,2,3,0,3,0,0000000,99,99,99,99,99,99,19,0,0,1,0
24,240299,1,1,0,0,0,1,1,5,0,18,10,2011,3,9,41,1,11,1,I-95,,209,39.35827222,-76.483372220,0,25,0,0,1,1,3,0,1,1,0,1,0,0000000,99,99,99,99,99,99,0,0,0,1,0
24,240300,2,2,0,0,0,2,2,5,0,22,10,2011,7,2,17,1,11,1,I-70,,0,39.30647778,-76.790444440,0,12,1,1,7,1,1,0,2,1,0,1,0,0000000,99,99,99,99,88,88,0,0,0,1,1
24,240301,1,1,0,1,1,1,1,33,450,5,9,2011,2,20,16,0,14,4,MARLBORO PIKE,,99999,38.85032778,-76.887413890,0,8,0,0,1,1,1,0,2,2,0,2,0,0000000,20,12,20,22,20,55,0,0,0,1,0
24,240302,1,1,0,0,0,4,4,33,235,3,9,2011,7,22,0,0,15,4,CO-122,,32,38.80270833,-76.917869440,0,43,0,0,1,1,6,0,3,1,0,1,0,0000000,22,1,22,10,23,10,0,0,0,1,0
24,240303,1,1,0,0,0,1,1,33,1520,3,9,2011,7,2,46,0,14,4,CO-81,,22,38.84029167,-76.914630560,0,42,0,0,1,1,6,0,3,1,0,1,0,0000000,99,99,99,99,88,88,0,0,0,1,1
24,240304,1,1,0,1,1,1,1,17,0,2,9,2011,6,3,17,0,6,4,CO-180,,14,38.49235833,-77.016511110,0,9,0,0,1,1,1,0,2,1,0,1,0,0000000,99,99,99,99,99,99,0,0,0,1,0
24,240305,1,1,0,0,0,1,1,5,0,21,9,2011,4,14,4,1,11,1,I-695,,65,39.28060278,-76.478872220,0,1,0,0,1,1,3,0,1,1,0,1,0,0000000,99,99,99,99,99,99,0,0,0,1,1
24,240306,1,1,0,0,0,1,1,13,0,22,9,2011,5,23,57,0,4,4,CO-4,,70,39.67509167,-77.181302780,0,24,0,0,1,1,4,0,2,1,0,1,0,0000000,7,55,8,1,99,99,20,0,0,1,1
24,240307,2,2,0,0,0,2,2,1,0,24,9,2011,7,21,8,1,2,2,US-220,,131,39.58895556,-78.838700000,0,12,2,0,1,1,1,0,2,1,0,1,0,0000000,21,6,21,9,99,99,0,0,0,1,0
24,240308,2,2,0,0,0,3,3,31,0,25,9,2011,1,4,36,1,13,2,US-29,TECH RD,63,39.05774722,-76.968430560,0,12,6,0,2,2,1,0,3,1,0,1,0,0000000,4,36,4,42,5,26,0,0,0,1,1
24,240309,2,2,0,0,0,2,2,31,1360,22,9,2011,5,1,26,1,13,3,SR-355,EDMONSTON DR,84,39.07450556,-77.135663890,0,12,1,0,3,2,1,0,3,1,0,1,0,0000000,1,26,1,33,1,47,0,0,0,1,1
24,240310,1,1,0,1,1,1,1,31,0,10,9,2011,7,7,25,0,13,3,SR-97,,27,39.03204444,-77.048350000,0,8,0,0,1,1,1,0,1,1,0,1,0,0000000,7,28,7,32,99,99,0,0,0,1,0
24,240311,1,1,0,1,1,1,1,33,170,1,9,2011,5,14,11,0,14,3,SR-450,,0,38.98225556,-76.728300000,0,8,0,0,1,1,5,0,1,1,0,1,0,0000000,14,10,14,15,14,55,0,0,0,1,0
24,240312,1,1,0,1,1,1,1,5,0,25,9,2011,1,22,38,0,14,3,SR-151,,63,39.29184444,-76.511875000,0,8,0,0,1,1,1,0,3,1,0,1,0,0000000,99,99,99,99,88,88,0,0,0,1,0
24,240313,1,1,0,1,1,1,1,37,0,27,9,2011,3,20,56,0,13,3,SR-5,,141,38.22211111,-76.444633330,0,8,0,0,1,1,1,0,2,1,0,1,0,0000000,99,99,99,99,88,88,0,0,0,1,0
24,240314,2,2,0,0,0,2,2,5,0,30,9,2011,6,10,2,1,13,2,US-1,SHERADALE RD,231,39.43350278,-76.434461110,0,12,6,0,2,3,1,0,1,1,0,1,0,0000000,99,99,99,99,99,99,0,0,0,1,0
24,240315,2,2,0,0,0,3,3,33,885,25,9,2011,1,17,12,0,14,3,SR-450,I-495,14,38.95880833,-76.867405560,0,12,6,1,2,2,1,0,1,1,0,1,0,0000000,17,15,17,25,17,38,0,0,0,1,0
24,240316,3,3,0,0,0,3,3,33,21,16,9,2011,6,1,30,1,12,3,SR-210,,33,38.67181389,-77.010319440,0,12,7,0,1,1,1,0,3,1,0,1,0,0000000,99,99,99,99,99,99,0,0,0,1,1
24,240317,2,2,0,0,0,2,2,5,0,30,9,2011,6,7,33,0,5,3,SR-439,,9,39.70316111,-76.633916670,0,12,11,0,1,1,1,0,1,1,0,1,0,0000000,99,99,99,99,99,99,0,0,0,1,1
24,240318,2,2,0,0,0,2,2,3,422,7,10,2011,6,6,22,0,3,3,SR-258,,0,38.79291944,-76.573130560,0,12,2,0,1,1,2,0,2,1,0,1,0,0000000,99,99,99,99,99,99,0,0,0,1,0
24,240319,1,1,0,1,1,1,1,3,0,7,10,2011,6,19,27,0,6,4,CO-5461,,0,39.09019444,-76.623891670,0,9,0,0,1,1,1,0,2,1,0,1,0,0000000,99,99,99,99,99,99,0,0,0,1,0