STATE,ST_CASE,VE_TOTAL,VE_FORMS,PVH_INVL,PEDS,PERNOTMVIT,PERMVIT,PERSONS,COUNTY,CITY,DAY,MONTH,YEAR,DAY_WEEK,HOUR,MINUTE,NHS,ROAD_FNC,ROUTE,TWAY_ID,TWAY_ID2,MILEPT,LATITUDE,LONGITUD,SP_JUR,HARM_EV,MAN_COLL,RELJCT1,RELJCT2,TYP_INT,REL_ROAD,WRK_ZONE,LGT_COND,WEATHER1,WEATHER2,WEATHER,SCH_BUS,RAIL,NOT_HOUR,NOT_MIN,ARR_HOUR,ARR_MIN,HOSP_HR,HOSP_MN,CF1,CF2,CF3,FATALS,DRUNK_DR
24,240320,2,2,0,0,0,2,2,25,0,8,10,2011,7,20,31,0,4,3,SR-543,SR-7,14,39.48115556,-76.249652780,0,12,6,0,2,2,1,0,3,1,0,1,0,0000000,99,99,99,99,99,99,0,0,0,1,1
24,240321,2,2,0,0,0,2,2,15,0,11,10,2011,3,0,47,1,11,1,I-95,,152,39.64690833,-75.847216670,0,12,1,0,1,1,1,0,2,1,0,1,0,0000000,99,99,99,99,88,88,0,0,0,1,1
24,240322,1,1,0,0,0,4,4,33,21,7,10,2011,6,23,25,0,6,4,CO-226,,26,38.67450833,-76.947202780,0,30,0,0,1,1,4,0,2,1,0,1,0,0000000,23,28,23,39,99,99,0,0,0,1,1
24,240323,1,1,0,0,0,1,1,21,580,9,10,2011,1,19,23,0,6,4,CO-1618,,0,39.46561389,-77.438797220,0,1,0,0,1,1,6,0,2,1,0,1,0,0000000,19,24,19,30,99,99,0,0,0,1,1
24,240324,1,1,0,0,0,1,1,43,0,13,10,2011,5,4,57,0,13,2,US-11,,28,39.61323889,-77.780994440,0,34,0,0,1,1,4,0,2,1,0,1,0,0000000,99,99,99,99,88,88,0,0,0,1,0
24,240325,1,1,0,0,0,3,3,3,0,2,10,2011,1,19,15,0,15,8,WATERFORD RD,,0,39.13557500,-76.563686110,0,42,0,0,1,1,6,0,3,1,0,1,0,0000000,99,99,99,99,99,99,0,0,0,1,0
24,240326,1,1,0,1,1,1,1,33,100,11,10,2011,3,23,19,0,15,4,CO-19,,0,39.02904722,-76.916475000,0,8,0,0,1,1,1,0,3,1,0,1,0,0000000,23,20,23,39,99,99,0,0,0,1,1
24,240327,1,1,0,0,0,1,1,9,0,15,10,2011,7,7,45,1,2,3,SR-4,,357,38.75572500,-76.657636110,0,42,0,0,1,1,6,0,1,1,0,1,0,0000000,99,99,99,99,88,88,0,0,0,1,0
24,240328,1,1,0,1,1,3,3,37,0,15,10,2011,7,19,59,0,13,3,SR-246,,14,38.25416667,-76.480994440,0,8,0,0,1,1,1,0,2,1,0,1,0,0000000,20,1,20,10,99,99,0,0,0,1,0
24,240329,1,1,0,0,0,5,5,5,0,8,10,2011,7,22,10,0,16,4,CO-4155,,0,39.37103611,-76.399913890,0,42,0,0,1,1,6,0,2,1,0,1,0,0000000,99,99,99,99,0,0,0,0,0,1,1
24,240330,1,1,0,1,1,1,1,5,0,19,10,2011,4,23,8,0,13,3,SR-150,,26,39.30326111,-76.486358330,0,8,0,0,1,1,1,0,3,2,0,2,0,0000000,99,99,99,99,99,99,0,0,0,1,0
24,240331,1,1,0,0,0,1,1,1,1070,10,10,2011,2,2,17,0,4,3,SR-47,,9,39.70119444,-78.842777780,0,24,0,0,1,1,4,0,2,1,0,1,0,0000000,99,99,99,99,99,99,0,0,0,1,0
24,240332,1,1,0,0,0,1,1,47,0,26,10,2011,4,23,52,0,6,4,CO-58,CEDAR HALL RD,10,38.01960833,-75.609927780,0,59,0,0,3,3,6,0,3,1,0,1,0,0000000,23,52,0,1,88,88,0,0,0,1,1
24,240333,1,1,0,1,1,1,1,5,0,21,10,2011,6,21,8,0,16,4,CO-3255,,3,39.23710556,-76.652708330,0,8,0,0,1,1,1,0,3,1,0,1,0,0000000,99,99,99,99,99,99,0,0,0,1,1
24,240334,2,2,0,0,0,7,7,5,0,13,10,2011,5,6,58,0,13,2,US-40,,234,39.39696667,-76.406472220,0,12,1,0,1,1,1,0,3,5,0,5,0,0000000,99,99,99,99,99,99,0,0,0,1,1
24,240335,1,1,0,0,0,2,2,45,0,31,10,2011,2,13,40,1,2,2,US-50,,213,38.37317778,-75.522791670,0,42,0,0,1,1,3,0,1,1,0,1,0,0000000,13,33,13,42,14,8,0,0,0,1,0
24,240336,4,4,0,0,0,4,4,510,50,28,10,2011,6,6,12,0,14,3,SR-139,E. NORTHERN PKWY,0,39.36207222,-76.625122220,0,12,2,0,2,2,1,0,1,1,0,1,0,0000000,99,99,99,99,99,99,0,0,0,1,0
24,240337,1,1,0,0,0,1,1,5,0,15,11,2011,3,6,6,1,11,1,I-695,,114,39.37568056,-76.746433330,0,24,0,1,5,1,4,0,4,1,0,1,0,0000000,99,99,99,99,88,88,0,0,0,1,0
24,240338,1,1,0,1,1,1,1,17,0,12,11,2011,7,11,8,0,16,4,CO-532,,3,38.64755000,-76.897363890,0,8,0,0,1,1,5,0,1,1,0,1,0,0000000,11,12,11,36,12,7,0,0,0,1,1
24,240339,1,1,0,0,0,2,2,23,0,8,11,2011,3,13,5,1,2,2,US-219,,319,39.64129444,-79.311558330,0,11,0,0,1,1,1,0,1,1,0,1,0,0000000,13,7,13,28,13,58,0,0,0,1,0
24,240340,2,2,0,0,0,3,3,1,0,10,11,2011,5,16,52,0,4,3,SR-51,MESSICK RD,28,39.62655000,-78.736375000,0,12,2,0,2,2,1,0,5,1,0,1,0,0000000,99,99,99,99,99,99,0,0,0,1,0
24,240341,2,2,0,0,0,2,2,33,0,23,2,2011,4,14,40,0,4,3,SR-382,,99,38.72710556,-76.752844440,0,12,2,0,1,1,1,0,1,1,0,1,0,0000000,14,58,15,7,16,33,0,0,0,1,0
24,240342,1,1,0,0,0,4,4,510,50,19,5,2011,5,20,44,0,13,2,US-1,,0,39.31335833,-76.583186110,0,42,0,0,1,1,5,0,3,2,0,2,0,0000000,99,99,99,99,99,99,0,0,0,1,1
24,240343,1,1,0,2,2,2,2,510,50,13,6,2011,2,23,40,0,13,6,DR MLK BLVD,PRATT ST,0,39.28598889,-76.627725000,0,8,0,0,2,2,1,0,3,1,0,1,0,0000000,99,99,99,99,99,99,0,0,0,2,1
24,240344,1,1,0,0,0,1,1,3,0,23,7,2011,7,2,54,0,5,3,SR-468,,0,38.83733889,-76.515083330,0,30,0,0,1,1,6,0,3,1,0,1,0,0000000,99,99,99,99,99,99,0,0,0,1,0
24,240345,3,3,0,0,0,5,5,45,1380,2,9,2011,6,9,16,1,13,2,US-50,BEAGLIN PARK DR,52,38.36760000,-75.566116670,0,12,6,0,2,2,1,0,1,1,0,1,0,0000000,99,99,99,99,99,99,0,0,0,1,0
24,240346,1,1,0,1,1,4,4,5,0,16,9,2011,6,20,8,0,13,3,SR-151,,63,39.29133056,-76.510036110,0,8,0,0,1,1,1,0,3,1,0,1,0,0000000,99,99,99,99,99,99,0,0,0,1,0
24,240347,1,1,0,0,0,5,5,5,0,25,9,2011,1,4,35,0,5,4,CO-99,VERNON RD,9,39.64153889,-76.600741670,0,35,0,0,3,3,6,0,2,5,0,5,0,0000000,99,99,99,99,99,99,0,0,0,2,1
24,240348,2,2,0,0,0,5,5,5,0,2,10,2011,1,13,6,0,13,3,SR-26,,99,39.33943611,-76.719055560,0,12,1,0,1,1,1,0,1,1,0,1,0,0000000,99,99,99,99,99,99,0,0,0,1,1
24,240349,1,1,0,3,3,1,1,37,0,1,10,2011,7,19,41,1,2,3,SR-5,MT WOLF RD,440,38.50058889,-76.774802780,0,49,0,0,2,2,1,0,3,1,0,1,0,0000000,99,99,99,99,99,99,0,0,0,1,0
24,240350,1,1,0,0,0,1,1,3,0,12,10,2011,4,7,37,0,14,3,SR-177,,2,39.11350278,-76.501141670,0,19,0,0,1,1,5,0,1,2,0,2,0,0000000,99,99,99,99,99,99,0,0,0,1,0
24,240351,2,2,0,0,0,2,2,33,335,9,10,2011,1,21,21,0,14,3,SR-501,,10,38.95396944,-76.977275000,0,12,1,0,1,1,1,0,3,1,0,1,0,0000000,99,99,99,99,88,88,0,0,0,1,1
24,240352,2,2,0,0,0,4,4,33,0,18,9,2011,1,3,26,0,13,3,SR-193,,65,38.99578333,-76.887027780,0,12,7,0,1,1,1,0,3,1,0,1,0,0000000,99,99,99,99,99,99,0,0,0,1,1
24,240353,1,1,0,1,1,3,3,47,0,1,11,2011,3,2,53,0,3,3,SR-611,,77,38.33083611,-75.116369440,0,8,0,0,1,1,1,0,2,2,0,2,0,0000000,2,51,2,59,99,99,0,0,0,1,1
24,240354,3,3,0,1,1,3,3,31,0,9,12,2011,6,6,50,0,15,4,CO-4463,LAWRENCE RD,0,39.03486111,-77.072550000,0,8,0,0,2,2,1,0,2,1,0,1,0,0000000,6,50,6,54,88,88,0,0,0,1,0
24,240355,2,2,0,0,0,3,3,33,0,2,11,2011,4,22,58,1,11,1,I-595,,66,38.95047500,-76.751838890,0,12,1,0,1,1,1,0,2,1,0,1,0,0000000,22,57,23,10,99,99,0,0,0,1,0
24,240356,2,2,0,0,0,4,4,47,1230,8,11,2011,3,15,15,1,2,2,US-13,WINTER QUARTERS RD,58,38.07876667,-75.563977780,0,12,6,0,2,2,1,0,1,1,0,1,0,0000000,15,13,15,29,15,58,0,0,0,1,0
24,240357,1,1,0,1,1,1,1,33,0,13,11,2011,1,0,39,1,13,3,SR-3,,22,38.98515833,-76.709286110,0,8,0,0,1,1,1,0,3,1,0,1,0,0000000,99,99,99,99,88,88,0,0,0,1,0
24,240358,1,1,0,1,1,1,1,33,0,14,11,2011,2,19,22,1,12,3,SR-5,,30,38.70043889,-76.875608330,0,8,0,0,1,1,2,0,2,1,0,1,0,0000000,19,23,19,31,20,16,0,0,0,1,1
24,240359,1,1,0,1,1,1,1,3,0,25,9,2011,1,3,29,0,14,4,CO-273,,0,39.16245000,-76.603908330,0,8,0,0,1,1,1,0,2,2,0,2,0,0000000,99,99,99,99,88,88,0,0,0,1,1
24,240360,2,2,0,0,0,2,2,27,0,26,9,2011,2,0,10,1,11,1,I-70,,135,39.30679722,-76.930350000,0,12,1,0,1,1,1,0,2,1,0,1,0,0000000,0,2,0,10,88,88,0,0,0,1,1
24,240361,2,2,0,0,0,3,3,15,0,21,11,2011,2,14,56,0,3,3,SR-213,WILLIAMS RD,157,39.56579167,-75.810769440,0,12,6,0,2,2,1,0,1,1,0,1,0,0000000,99,99,99,99,99,99,0,0,0,1,0
24,240362,2,2,0,0,0,2,2,41,0,18,11,2011,6,6,5,0,13,3,SR-322,GLEBE RD,38,38.78790000,-76.077583330,0,12,6,0,2,2,1,0,1,1,0,1,0,0000000,6,4,6,8,6,36,0,0,0,1,0
24,240363,2,2,0,0,0,2,2,19,0,18,11,2011,6,15,45,0,5,4,CO-296,WILLIAMSBURG RD,62,38.65839722,-75.828988890,0,12,2,0,2,3,1,0,1,1,0,1,0,0000000,15,44,15,49,16,22,0,0,0,1,0
24,240364,1,1,0,0,0,5,5,27,0,25,11,2011,6,20,5,0,16,4,LAWYERS HILL RD,,9,39.21871944,-76.723661110,0,42,0,0,1,1,6,0,2,1,0,1,0,0000000,20,5,20,10,21,48,0,0,0,2,0
24,240365,3,3,0,0,0,3,3,33,900,13,11,2011,1,15,4,0,13,3,SR-197,,127,39.06996111,-76.842669440,0,12,1,0,1,1,1,0,1,1,0,1,0,0000000,15,4,15,14,15,58,0,0,0,1,1
24,240366,3,3,0,0,0,5,5,21,0,19,11,2011,7,14,52,0,13,3,SR-194,,22,39.48090278,-77.348738890,0,12,6,0,1,1,1,0,1,1,0,1,0,0000000,14,52,15,5,99,99,0,0,0,1,1
24,240367,1,1,0,0,0,1,1,33,0,21,11,2011,2,1,40,1,12,3,SR-5,,90,38.78285000,-76.894236110,0,25,0,0,1,1,6,0,3,2,1,2,0,0000000,99,99,99,99,99,99,0,0,0,1,0
24,240368,2,2,0,0,0,2,2,3,0,22,11,2011,3,11,11,0,14,3,SR-3,MADISON PK DR,0,39.14833611,-76.631633330,0,12,6,0,2,2,1,0,1,2,0,2,0,0000000,99,99,99,99,99,99,0,0,0,1,1
24,240369,1,1,0,0,0,1,1,41,0,29,11,2011,3,13,48,0,3,3,SR-333,,57,38.69739444,-76.100902780,0,42,0,0,1,1,6,0,1,2,0,2,0,0000000,99,99,99,99,88,88,0,0,0,1,0
24,240370,1,1,0,0,0,2,2,5,0,29,11,2011,3,23,36,0,16,4,SYNDER AVE,N. SYNDER AVE,0,39.23536389,-76.455575000,0,43,0,0,3,3,4,0,3,1,0,1,0,0000000,99,99,99,99,99,99,0,0,0,1,1
24,240371,1,1,0,1,1,1,1,5,0,25,11,2011,6,19,5,0,14,3,SR-150,,10,39.29495278,-76.511863890,0,8,0,0,1,1,1,0,3,1,0,1,0,0000000,99,99,99,99,99,99,0,0,0,1,0
24,240372,3,3,0,0,0,3,3,3,0,28,11,2011,2,19,14,1,12,3,SR-100,,2,39.15335833,-76.639491670,0,12,9,0,1,1,1,0,3,1,0,1,0,0000000,99,99,99,99,99,99,0,0,0,1,0
24,240373,2,2,0,0,0,2,2,3,0,29,11,2011,3,8,21,0,14,3,SR-648,,0,39.10291389,-76.551133330,0,12,6,0,1,1,1,0,1,1,0,1,0,0000000,99,99,99,99,88,88,0,0,0,1,0
24,240374,2,2,0,0,0,2,2,15,0,27,12,2011,3,12,39,0,3,3,SR-276,FIRE TOWER RD,31,39.63590278,-76.074033330,0,12,6,0,2,2,1,0,1,2,0,2,0,0000000,99,99,99,99,99,99,0,0,0,1,0
24,240375,2,1,1,6,6,1,1,33,830,24,11,2011,5,13,17,9,99,3,SR-410,,0,38.96741944,-76.957650000,0,33,0,0,1,1,5,0,1,1,0,1,0,0000000,13,18,13,26,14,0,0,0,0,2,0
24,240376,2,2,0,0,0,4,4,33,240,1,10,2011,7,8,48,0,14,4,CO-366,,18,38.87521667,-76.895272220,0,12,6,0,8,1,1,0,1,1,0,1,0,0000000,8,51,8,56,99,99,99,99,99,1,0
24,240377,2,1,1,0,0,1,1,33,320,31,10,2011,2,8,12,0,14,4,CO-1118,,16,38.91146111,-76.890422220,0,14,0,0,1,1,7,0,1,1,0,1,0,0000000,8,7,8,11,8,38,0,0,0,1,1
24,240378,3,3,0,0,0,3,3,33,1620,31,10,2011,2,22,12,0,13,3,SR-223,,112,38.79881667,-76.828477780,0,12,2,0,1,1,1,0,2,2,0,2,0,0000000,22,15,22,22,99,99,0,0,0,2,1
24,240379,1,1,0,1,1,1,1,33,1022,28,11,2011,2,20,16,0,14,3,SR-193,,141,38.94077778,-76.799444440,0,8,0,0,1,1,1,0,2,1,0,1,0,0000000,20,16,20,21,99,99,23,0,0,1,0
24,240380,2,2,0,0,0,2,2,33,235,17,10,2011,2,4,14,1,12,3,SR-5 RAMP,ALLENTOWN RD,106,38.80491389,-76.905591670,0,12,1,1,5,1,1,0,3,1,0,1,0,0000000,4,17,4,42,5,0,0,0,0,1,0
24,240381,2,2,0,0,0,3,3,33,0,30,11,2011,4,9,0,0,4,3,SR-381,CO-189,84,38.65944167,-76.777347220,0,12,6,0,2,3,1,0,1,1,0,1,0,0000000,9,4,9,10,9,49,0,0,0,1,0
24,240382,2,2,0,0,0,2,2,23,1140,29,12,2011,5,13,20,1,2,2,US-219,,6,39.40491667,-79.400822220,0,12,1,0,1,1,1,0,1,10,0,10,0,0000000,99,99,99,99,99,99,0,0,0,1,1
24,240383,2,2,0,1,1,3,3,5,0,15,12,2011,5,14,50,0,14,4,CO-3482,,33,39.38083889,-76.531063890,0,8,0,0,1,1,1,0,1,2,0,2,0,0000000,99,99,99,99,88,88,0,0,0,1,0
24,240384,2,2,0,0,0,2,2,33,1558,17,11,2011,5,6,40,0,14,4,CO-123,,22,38.78668056,-76.925008330,0,12,2,0,1,1,1,0,4,1,0,1,0,0000000,99,99,99,99,99,99,0,0,0,1,0
24,240385,2,2,0,1,1,2,2,31,0,17,12,2011,7,22,23,0,13,3,SR-586,,33,39.05680000,-77.083163890,0,8,0,0,1,1,1,0,3,1,0,1,0,0000000,99,99,99,99,99,99,0,0,0,1,0
24,240386,6,6,0,0,0,11,11,21,0,26,11,2011,7,5,8,1,11,1,I-70,,239,39.37952778,-77.250916670,0,12,1,0,1,1,1,0,2,1,0,1,0,0000000,5,29,5,40,7,18,14,0,0,2,0
24,240387,1,1,0,1,1,1,1,33,879,1,11,2011,3,6,33,9,15,4,GARDEN CITY DRIVE,CORPORATE DR,2,38.94813889,-76.869058330,0,8,0,0,2,3,1,0,3,1,0,1,0,0000000,6,37,6,41,99,99,0,0,0,1,0
24,240388,1,1,0,0,0,1,1,27,0,29,10,2011,7,21,51,0,14,4,CO-794,,0,39.21169167,-76.861508330,0,42,0,0,1,1,6,0,3,10,0,10,0,0000000,21,51,21,54,22,40,0,0,0,1,0
24,240389,2,2,0,0,0,2,2,33,365,30,10,2011,1,21,50,0,14,4,CO-558,,4,38.78387222,-76.887905560,0,12,11,0,1,1,1,0,3,1,0,1,0,0000000,21,52,21,58,99,99,0,0,0,1,0
24,240390,2,2,0,0,0,3,3,31,0,27,10,2011,5,12,48,0,13,4,CO-212,CRABBS BRANCH WAY,46,39.12874167,-77.167505560,0,12,6,0,2,2,1,0,1,2,0,2,0,0000000,12,56,13,4,13,25,0,0,0,1,0
24,240391,2,2,0,1,1,5,5,5,0,22,11,2011,3,17,31,0,15,4,CO-4553,,15,39.33052222,-76.447241670,0,8,0,0,1,1,1,0,2,2,0,2,0,0000000,99,99,99,99,0,0,0,0,0,1,1
24,240392,1,1,0,0,0,1,1,23,0,3,11,2011,5,17,30,0,5,2,US-40AL,,124,39.68400000,-79.046311110,0,35,0,0,1,1,4,0,1,1,0,1,0,0000000,99,99,99,99,99,99,0,0,0,1,1
24,240393,3,2,1,0,0,4,4,510,50,20,10,2011,5,22,28,0,15,6,S. BROADWAY ST,BANK ST,0,39.28654722,-76.593411110,0,12,6,0,2,2,1,0,3,1,0,1,0,0000000,99,99,99,99,99,99,0,0,0,2,1
24,240394,1,1,0,0,0,2,2,31,0,8,10,2011,7,4,15,0,13,3,SR-586,,35,39.07356667,-77.112116670,0,42,0,0,1,1,3,0,3,1,0,1,0,0000000,99,99,99,99,99,99,0,0,0,1,1
24,240395,1,1,0,1,1,1,1,33,565,3,1,2011,2,20,11,1,12,3,SR-210,,68,38.70499444,-76.988227780,0,8,0,0,1,1,2,0,2,1,0,1,0,0000000,99,99,99,99,88,88,0,0,0,1,0
24,240396,1,1,0,0,0,1,1,25,0,27,11,2011,1,2,58,0,5,3,SR-23,,125,39.62549722,-76.551283330,0,30,0,0,1,1,6,0,2,1,0,1,0,0000000,99,99,99,99,88,88,0,0,0,1,1
24,240397,1,1,0,0,0,1,1,35,0,26,11,2011,7,23,11,0,3,3,SR-213,,125,39.10212778,-76.033461110,0,42,0,0,1,1,6,0,2,1,0,1,0,0000000,99,99,99,99,99,99,0,0,0,1,1
24,240398,1,1,0,0,0,1,1,17,0,1,12,2011,5,8,28,0,5,3,SR-6,,184,38.48138333,-77.086536110,0,1,0,0,1,1,5,0,1,1,0,1,0,0000000,8,24,8,34,88,88,0,0,0,1,1
24,240399,1,1,0,0,0,1,1,13,0,1,12,2011,5,1,40,0,13,3,SR-32,NINER RD,87,39.46807778,-76.939225000,0,30,0,0,2,3,4,0,3,1,0,1,0,0000000,1,46,1,53,2,24,0,0,0,1,1
24,240400,2,2,0,0,0,2,2,25,0,27,11,2011,1,10,56,0,15,4,CO-214,,10,39.53168889,-76.404066670,0,1,0,0,1,1,1,0,1,1,0,1,0,0000000,99,99,99,99,88,88,0,0,0,1,0
24,240401,1,1,0,0,0,1,1,31,0,25,11,2011,6,2,52,0,3,3,SR-108,DR BIRD DR,147,39.14418056,-77.043702780,0,33,0,0,3,4,4,0,3,1,0,1,0,0000000,2,54,2,59,3,20,0,0,0,1,0
24,240402,2,2,0,0,0,2,2,31,0,17,11,2011,5,14,37,0,14,4,CO-166,,32,39.02368889,-77.181416670,0,12,2,0,1,1,1,0,1,1,0,1,0,0000000,14,38,14,48,15,12,0,0,0,1,0
24,240403,1,1,0,1,1,1,1,31,0,1,12,2011,5,18,37,0,15,4,CO-913,,0,38.99798333,-77.003461110,0,8,0,0,1,1,1,0,3,1,0,1,0,0000000,18,41,18,49,19,12,0,0,0,1,0
24,240404,1,1,0,0,0,1,1,33,365,23,12,2011,6,20,52,0,13,3,SR-223,,34,38.73964444,-76.939988890,0,42,0,0,1,1,5,0,2,1,0,1,0,0000000,99,99,99,99,88,88,0,0,0,1,0
24,240405,2,2,0,0,0,2,2,1,410,2,12,2011,6,15,3,0,13,3,SR-41,LAMONT ST,12,39.64074167,-78.764227780,0,12,6,0,3,2,1,0,1,1,0,1,0,0000000,99,99,99,99,99,99,0,0,0,1,1
24,240406,2,2,0,0,0,2,2,31,0,3,12,2011,7,2,1,1,11,1,I-270,,83,39.11342778,-77.189969440,0,12,2,0,1,1,1,0,3,1,0,1,0,0000000,1,57,2,9,2,42,0,0,0,1,1
24,240407,1,1,0,1,1,1,1,25,0,9,12,2011,6,5,23,0,14,3,SR-924,,1,39.55221944,-76.364488890,0,8,0,0,1,1,1,0,2,1,0,1,0,0000000,99,99,99,99,99,99,0,0,0,1,0
24,240408,2,2,0,0,0,2,2,47,0,2,12,2011,6,8,30,1,2,2,US-113,MD-12,118,38.15722222,-75.380866670,0,12,6,0,2,2,1,0,1,1,0,1,0,0000000,8,37,8,39,99,99,0,0,0,1,0
24,240409,2,2,0,0,0,2,2,41,0,9,12,2011,6,20,37,0,4,3,SR-33,,156,38.76150000,-76.194647220,0,12,2,0,1,1,1,0,2,1,0,1,0,0000000,20,32,20,36,21,27,0,0,0,1,1
24,240410,2,2,0,0,0,2,2,37,0,9,12,2011,6,6,9,1,13,3,SR-4,,89,38.31674722,-76.490633330,0,12,2,0,1,1,1,0,2,1,0,1,0,0000000,6,11,6,27,6,50,0,0,0,1,0
24,240411,1,1,0,0,0,2,2,23,0,10,12,2011,7,6,45,0,6,4,CO-100,,0,39.37531667,-79.398527780,0,42,0,0,1,1,6,0,2,1,0,1,0,0000000,99,99,99,99,99,99,0,0,0,1,0
24,240412,1,1,0,0,0,1,1,5,0,10,12,2011,7,0,56,0,4,3,SR-145,,55,39.51389167,-76.555433330,0,53,0,0,1,1,4,0,2,1,0,1,0,0000000,99,99,99,99,88,88,0,0,0,1,0
24,240413,1,1,0,0,0,1,1,27,0,11,12,2011,1,0,43,0,14,3,SR-99,,61,39.29713333,-76.848780560,0,42,0,0,1,1,6,0,2,1,0,1,0,0000000,0,43,0,45,88,88,0,0,0,1,1
24,240414,1,1,0,1,1,1,1,1,0,16,12,2011,6,17,36,0,13,3,SR-51,,49,39.59980278,-78.739072220,0,8,0,0,1,1,1,0,2,1,0,1,0,0000000,99,99,99,99,99,99,0,0,0,1,0
24,240415,1,1,0,0,0,1,1,9,0,22,12,2011,5,15,37,1,2,3,SR-2,,110,38.46237778,-76.504927780,0,24,0,0,1,1,3,0,1,1,0,1,0,0000000,15,39,15,50,16,15,0,0,0,1,1
24,240416,1,1,0,1,1,1,1,17,0,23,12,2011,6,2,52,1,13,2,US-301,,262,38.65819444,-76.874238890,0,8,0,0,1,1,1,0,2,2,0,2,0,0000000,99,99,99,99,99,99,0,0,0,1,0
24,240417,1,1,0,1,1,1,1,5,0,24,12,2011,7,19,39,1,11,1,I-695,,90,39.29069444,-76.502097220,0,8,0,0,1,1,1,0,3,1,0,1,0,0000000,99,99,99,99,88,88,0,0,0,1,0
24,240418,1,1,0,0,0,1,1,3,0,29,12,2011,5,2,10,0,15,3,SR-176,,36,39.16262222,-76.668916670,0,42,0,0,1,1,6,0,3,1,0,1,0,0000000,99,99,99,99,99,99,0,0,0,1,0
24,240419,1,1,0,0,0,1,1,31,0,30,12,2011,6,0,16,1,11,1,I-495,,118,39.01641111,-77.011283330,0,24,0,0,1,1,4,0,2,1,0,1,0,0000000,99,99,99,99,99,99,0,0,0,1,1
24,240420,1,1,0,0,0,2,2,23,0,30,12,2011,6,2,30,0,5,4,CO-343,,18,39.56084444,-79.359916670,0,42,0,0,1,1,6,0,2,1,0,1,0,0000000,99,99,99,99,99,99,0,0,0,1,1
24,240421,1,1,0,1,1,1,1,5,0,23,12,2011,6,18,21,0,14,4,CO-1500,,12,39.37520000,-76.683672220,0,8,0,0,1,1,1,0,3,1,0,1,0,0000000,99,99,99,99,99,99,0,0,0,1,0
24,240422,1,1,0,0,0,1,1,37,0,30,12,2011,6,14,47,1,13,3,SR-4,,83,38.31823056,-76.486213890,0,24,0,0,1,1,4,0,1,1,0,1,0,0000000,99,99,99,99,88,88,0,0,0,1,0
24,240423,1,1,0,0,0,1,1,31,0,17,12,2011,7,19,48,0,16,6,E. GUDE DR,,35,39.09113333,-77.130144440,0,33,0,0,1,1,6,0,3,1,0,1,0,0000000,19,49,19,54,20,26,0,0,0,1,0
24,240424,3,3,0,0,0,6,6,33,0,4,11,2011,6,21,33,1,11,1,I-595,,10,38.94695833,-76.824963890,0,12,1,0,1,1,1,0,2,1,0,1,0,0000000,99,99,99,99,99,99,0,0,0,2,1
24,240425,2,2,0,0,0,4,4,15,0,14,11,2011,2,18,47,0,14,3,SR-545,LEEDS RD,40,39.65251944,-75.880088890,0,12,1,0,3,3,1,0,2,1,0,1,0,0000000,99,99,99,99,99,99,0,0,0,1,1
24,240426,2,2,0,0,0,5,5,45,0,1,12,2011,5,15,12,1,13,2,US-13,DAGSBORO RD,134,38.42073333,-75.564641670,0,12,6,0,2,2,1,0,1,1,0,1,0,0000000,15,11,15,17,15,26,0,0,0,1,0
24,240427,1,1,0,1,1,1,1,5,0,8,12,2011,5,16,48,0,14,3,SR-648,,6,39.23370833,-76.641494440,0,8,0,0,1,1,1,0,5,1,0,1,0,0000000,99,99,99,99,99,99,0,0,0,1,0
24,240428,1,1,0,0,0,3,3,31,0,29,12,2011,5,3,9,0,13,3,SR-193,,60,39.00168056,-76.995486110,0,33,0,0,1,1,4,0,3,1,0,1,0,0000000,3,9,3,18,99,99,0,0,0,2,1
24,240429,2,2,0,0,0,6,6,33,1400,10,12,2011,7,19,10,0,13,4,CO-361,,5,38.89868889,-76.894961110,0,12,2,0,1,1,1,0,1,1,0,1,0,0000000,9,12,9,21,99,99,0,0,0,1,0
24,240430,2,2,0,0,0,2,2,33,0,11,5,2011,4,13,5,0,6,8,SOIL CONSERVATION RD,BEAVER DAM,0,39.01609167,-76.850005560,5,12,6,0,2,2,1,0,1,1,0,1,0,0000000,99,99,99,99,99,99,0,0,0,1,0
24,240431,2,2,0,0,0,2,2,33,0,24,5,2011,3,18,26,1,12,3,SR-295,,0,38.96182222,-76.904269440,1,12,1,0,1,1,1,0,1,1,0,1,0,0000000,99,99,99,99,99,99,0,0,0,1,0
24,240432,2,2,0,0,0,3,3,33,0,29,5,2011,1,5,14,1,12,3,SR-295,,0,99.99990000,999.999900000,1,12,1,0,1,1,1,0,2,1,0,1,0,0000000,99,99,99,99,99,99,0,0,0,1,1
24,240433,1,1,0,0,0,1,1,33,0,30,5,2011,2,3,17,0,12,3,SR-295,,0,99.99990000,999.999900000,1,42,0,0,1,1,3,0,2,1,0,1,0,0000000,99,99,99,99,88,88,0,0,0,1,1
24,240434,1,1,0,0,0,4,4,33,0,7,7,2011,5,21,50,1,12,3,SR-295,,0,39.06105000,-76.836688890,0,99,99,0,1,1,5,0,2,1,0,1,0,0000000,99,99,99,99,99,99,0,0,0,1,0
24,240435,1,1,0,0,0,7,7,33,0,13,8,2011,7,2,26,1,12,3,SR-295,,0,39.04295556,-76.846691670,0,42,0,0,1,1,6,0,2,1,0,1,0,0000000,99,99,99,99,99,99,0,0,0,3,0