STATE,ST_CASE,VE_TOTAL,VE_FORMS,PVH_INVL,PEDS,PERNOTMVIT,PERMVIT,PERSONS,COUNTY,CITY,DAY,MONTH,YEAR,DAY_WEEK,HOUR,MINUTE,NHS,ROAD_FNC,ROUTE,TWAY_ID,TWAY_ID2,MILEPT,LATITUDE,LONGITUD,SP_JUR,HARM_EV,MAN_COLL,RELJCT1,RELJCT2,TYP_INT,REL_ROAD,WRK_ZONE,LGT_COND,WEATHER1,WEATHER2,WEATHER,SCH_BUS,RAIL,NOT_HOUR,NOT_MIN,ARR_HOUR,ARR_MIN,HOSP_HR,HOSP_MN,CF1,CF2,CF3,FATALS,DRUNK_DR
24,240436,2,2,0,1,1,3,3,33,0,11,9,2011,1,0,11,1,13,8,SUITLAND PARKWAY,NAYLOR RD,0,38.85158889,-76.958961110,1,8,0,0,2,2,1,0,2,5,10,5,0,0000000,99,99,99,99,88,88,0,0,0,1,0
24,240437,1,1,0,0,0,1,1,33,0,11,9,2011,1,18,36,1,13,8,SUITLAND PARKWAY,,0,99.99990000,999.999900000,1,99,0,0,1,1,2,0,1,10,0,10,0,0000000,99,99,99,99,88,88,0,0,0,1,1
24,240438,1,1,0,0,0,1,1,33,0,18,10,2011,3,6,16,0,14,3,SR-212,,0,99.99990000,999.999900000,9,1,0,0,1,1,1,0,4,1,0,1,0,0000000,99,99,99,99,88,88,0,0,0,1,0
24,240439,2,2,0,0,0,2,2,33,0,28,11,2011,2,2,20,1,12,3,SR-295,,96,39.03562222,-76.851069440,1,12,1,0,1,1,1,0,2,1,0,1,0,0000000,99,99,99,99,99,99,0,0,0,1,0
24,240440,1,1,0,0,0,2,2,31,0,12,12,2011,2,0,2,0,13,8,CLARA BARTON PKWY,,0,99.99990000,999.999900000,9,99,0,0,1,1,2,0,2,1,0,1,0,0000000,99,99,99,99,99,99,0,0,0,1,0
24,240441,4,4,0,0,0,4,4,510,50,5,8,2011,6,20,45,0,13,2,US-1,SOUTHERN AVE,0,39.33323611,-76.558577780,0,12,6,0,2,3,1,0,3,1,0,1,0,0000000,99,99,99,99,99,99,0,0,0,1,0
24,240442,2,2,0,0,0,2,2,510,50,26,7,2011,3,1,3,0,14,8,BERWYN RD,,0,39.32667500,-76.683055560,0,12,6,0,8,1,1,0,3,1,0,1,0,0000000,99,99,99,99,99,99,0,0,0,1,1
24,240443,1,1,0,1,1,1,1,5,0,17,12,2011,7,16,52,0,16,4,CO-5237,CENTER PLACE,19,39.25851944,-76.524308330,0,8,0,0,2,2,1,0,3,1,0,1,0,0000000,99,99,99,99,99,99,0,0,0,1,0
24,240444,4,4,0,0,0,9,9,5,0,28,12,2011,4,14,45,1,11,1,I-83,,29,39.41194444,-76.661788890,0,12,1,0,1,1,1,0,1,1,0,1,0,0000000,99,99,99,99,99,99,0,0,0,1,0
24,240445,1,1,0,1,1,1,1,510,50,12,9,2011,2,9,10,0,13,8,E. LOMBARD STREET,MARKET PLACE,0,39.28795278,-76.606988890,0,8,0,0,3,2,1,0,1,1,0,1,0,0000000,99,99,99,99,99,99,0,0,0,1,0
24,240446,2,2,0,0,0,2,2,21,0,31,12,2011,7,17,46,1,2,2,US-15,,0,39.45450000,-77.398755560,0,54,11,0,1,1,1,0,3,1,0,1,0,0000000,17,46,18,4,99,99,14,0,0,1,0
24,240447,1,1,0,1,1,1,1,31,1360,7,12,2011,4,17,57,1,13,3,SR-355,HALPINE RD,73,39.06172222,-77.124055560,0,8,0,0,2,2,1,0,3,2,0,2,0,0000000,17,58,18,4,18,18,0,0,0,1,0
24,240448,2,2,0,0,0,7,7,31,0,28,12,2011,4,16,18,1,13,3,SR-355,,36,39.01316389,-77.098655560,0,12,2,0,1,1,1,0,5,1,0,1,0,0000000,16,22,16,31,16,50,0,0,0,1,0
24,240449,1,1,0,0,0,1,1,510,50,28,11,2011,2,8,19,0,13,8,HARFORD RD,,0,39.32270833,-76.588647220,0,33,0,0,1,1,4,0,1,1,0,1,0,0000000,99,99,99,99,99,99,0,0,0,1,0
24,240450,1,1,0,0,0,4,4,47,0,11,12,2011,1,12,23,0,5,3,SR-12,,168,38.21100000,-75.451036110,0,34,0,0,1,1,4,0,1,1,0,1,0,0000000,99,99,99,99,99,99,0,0,0,1,0
24,240451,1,1,0,0,0,1,1,33,0,17,12,2011,7,4,30,1,11,1,I-95 RAMP,SR-414,0,38.80353889,-76.996966670,0,1,0,1,5,1,4,0,3,1,0,1,0,0000000,4,32,4,45,88,88,0,0,0,1,1
24,240452,3,3,0,0,0,11,11,510,50,28,11,2011,2,15,59,0,13,6,700 W. PATAPSCO AVE,,0,39.24129722,-76.625380560,0,33,0,0,1,1,3,0,1,1,0,1,1,0000000,99,99,99,99,99,99,0,0,0,1,0
24,240453,2,1,1,1,1,1,1,31,0,17,12,2011,7,4,57,0,13,3,SR-586,,41,39.05043056,-77.072738890,0,33,0,0,1,1,4,0,3,1,0,1,0,0000000,5,2,5,8,5,34,0,0,0,1,0
24,240454,1,1,0,0,0,2,2,510,50,13,7,2011,4,18,38,0,14,6,THE ALAMEDA,,0,39.32150556,-76.590908330,0,33,0,0,1,1,3,0,5,2,10,2,0,0000000,99,99,99,99,99,99,0,0,0,1,0
24,240455,2,2,0,0,0,2,2,510,50,16,7,2011,7,15,34,0,15,6,BELLE AVE,FERNDALE AVE,0,39.33648333,-76.698566670,0,12,6,0,2,2,1,0,1,1,0,1,0,0000000,99,99,99,99,99,99,0,0,0,1,0
24,240456,1,1,0,1,1,1,1,23,1527,8,12,2011,5,6,15,0,4,3,SR-495,,0,39.52066667,-79.235075000,0,8,0,0,1,1,1,0,4,4,10,4,0,0000000,99,99,99,99,88,88,0,0,0,1,0
24,240457,1,1,0,1,1,1,1,510,50,16,8,2011,3,18,37,1,13,2,US-40,,0,39.29589167,-76.576113890,0,8,0,0,1,1,1,0,1,1,0,1,0,0000000,99,99,99,99,99,99,0,0,0,1,0
25,250001,1,1,0,0,0,1,1,5,850,25,1,2011,3,8,27,1,13,3,SR-140,,99998,41.66726944,-70.944213890,0,24,0,0,1,1,4,0,1,10,0,10,0,0000000,8,34,8,40,88,88,0,0,0,1,0
25,250002,1,1,0,0,0,1,1,9,255,23,1,2011,1,0,6,1,13,3,SR-128,,99998,42.57116111,-70.911597220,0,24,0,0,1,1,4,0,2,1,0,1,0,0000000,0,7,0,17,0,36,0,0,0,1,1
25,250003,3,3,0,0,0,3,3,17,1340,22,1,2011,7,15,0,1,11,1,I-95,,99998,42.36691667,-71.268652780,0,12,7,0,1,1,1,4,1,1,0,1,0,0000000,15,8,15,20,15,41,0,0,0,1,0
25,250004,2,2,0,1,1,2,2,5,1268,29,5,2011,1,3,12,1,11,1,I-195,,99998,41.74839167,-71.216725000,0,8,0,0,1,1,1,0,2,5,8,5,0,0000000,3,23,99,98,88,88,0,0,0,1,0
25,250005,1,1,0,0,0,1,1,23,1040,9,5,2011,2,14,25,1,13,3,SR-3,,99998,41.83625278,-70.567244440,0,42,0,0,1,1,3,0,1,1,10,10,0,0000000,14,32,14,44,88,88,0,0,0,1,0
25,250006,2,2,0,0,0,4,4,27,252,18,1,2011,3,4,27,0,3,3,SR-16,,99998,42.05859722,-71.806983330,0,12,6,0,1,1,1,0,2,4,0,4,0,0000000,4,29,4,44,5,18,0,0,0,2,0
25,250007,2,1,1,0,0,3,3,25,200,17,1,2011,2,2,19,1,13,2,US-1,SIXTH STREET,99998,42.39703889,-71.036269440,0,14,0,0,3,2,7,0,3,1,0,1,0,0000000,99,99,99,99,99,99,0,0,0,1,0
25,250009,1,1,0,1,1,2,2,23,677,16,1,2011,1,18,43,1,11,1,I-195,,356,41.72591111,-70.774697220,0,8,0,0,1,1,1,0,2,10,0,10,0,0000000,18,45,18,50,19,4,23,0,0,1,0
25,250010,2,2,0,0,0,2,2,21,1060,13,1,2011,5,15,45,0,16,8,WAMPATUCK RD,,0,42.26257500,-70.988844440,0,12,2,0,1,1,1,0,1,98,0,98,0,0000000,15,46,15,53,16,31,0,0,0,1,1
25,250011,1,1,0,0,0,1,1,23,564,8,1,2011,7,19,58,1,13,3,SR-140,,99998,41.80017500,-70.961122220,0,42,0,0,1,1,5,0,2,4,0,4,0,0000000,99,99,99,99,88,88,0,0,0,1,0
25,250012,1,1,0,0,0,1,1,1,1535,15,1,2011,7,22,40,1,13,2,US-6,,99998,41.68660556,-70.239727780,0,42,0,0,1,1,3,0,2,1,0,1,0,0000000,22,41,22,50,23,29,0,0,0,1,0
25,250013,1,1,0,0,0,1,1,23,685,31,1,2011,2,6,19,1,13,3,SR-3,,99998,42.10955278,-70.767930560,0,24,0,0,1,1,4,0,4,1,0,1,0,0000000,99,99,99,99,88,88,0,0,0,1,0
25,250014,2,2,0,0,0,2,2,9,35,29,1,2011,7,1,15,1,11,1,I-95,,99998,77.77770000,777.777700000,0,12,1,0,1,1,1,0,2,1,0,1,0,0000000,1,20,1,28,88,88,0,0,0,1,1
25,250015,1,1,0,0,0,1,1,27,565,20,5,2011,6,20,40,1,2,3,SR-2,,99998,42.52136111,-71.643408330,0,24,0,0,5,1,4,0,2,10,0,10,0,0000000,20,55,99,99,88,88,0,0,0,1,0
25,250016,2,1,1,0,0,1,1,5,850,16,6,2011,5,20,12,0,16,8,BROCK AVENUE,APPONAGANSETT,99998,41.60549444,-70.910652780,0,14,0,0,2,3,4,0,5,10,0,10,0,0000000,20,13,20,16,20,33,0,0,0,1,1
25,250017,2,2,0,0,0,2,2,17,1190,5,2,2011,7,0,50,0,4,3,SR-28,,99998,42.39253056,-71.085491670,0,48,0,0,1,1,5,0,3,1,0,1,0,0000000,99,99,99,99,99,99,0,0,0,1,0
25,250018,1,1,0,0,0,1,1,9,860,31,1,2011,2,20,15,1,1,1,I-95,WHITTIER BRIDGE,99998,42.83450000,-70.911855560,0,25,0,0,1,1,3,0,3,1,0,1,0,0000000,99,99,99,99,88,88,0,0,0,1,0
25,250019,1,1,0,0,0,1,1,17,1282,22,5,2011,1,1,34,0,16,8,EAST STREET,LIVINGSTON STREET,0,42.61981389,-71.203766670,0,42,0,0,2,2,5,0,3,1,0,1,0,0000000,1,36,1,38,2,25,0,0,0,1,0
25,250020,2,2,0,0,0,2,2,13,500,5,2,2011,7,17,0,0,12,2,US-202,APREMONT HIGHWAY,99998,42.18317500,-72.666425000,0,12,6,0,2,3,1,0,3,3,0,3,0,0000000,16,59,17,9,17,41,0,0,0,1,0
25,250021,1,1,0,0,0,3,3,21,1465,13,2,2011,1,5,19,0,16,8,COMMERCIAL STREET,HARDING AVE,99998,42.22500556,-70.956166670,0,48,0,0,3,3,4,0,3,1,0,1,0,0000000,5,21,5,28,99,99,0,0,0,1,0
25,250022,1,1,0,1,1,1,1,17,1490,21,2,2011,2,11,32,0,3,3,SR-38 MAIN STREET,,99998,42.56653333,-71.185169440,0,8,0,0,1,1,2,0,1,10,0,10,0,0000000,11,30,11,32,88,88,0,0,0,1,0
25,250023,1,1,0,0,0,1,1,5,1064,28,2,2011,2,8,10,0,16,8,PINE STREET,,99998,41.92278056,-71.002022220,0,42,0,0,1,1,4,0,1,3,0,3,0,0000000,99,99,99,99,88,88,0,0,0,1,0
25,250024,2,2,0,0,0,3,3,9,470,20,2,2011,1,14,37,0,14,3,SR-110,CLIFF AVENUE,99998,42.76769722,-71.109308330,0,12,2,0,2,3,1,0,1,1,0,1,0,0000000,14,37,14,43,15,5,0,0,0,1,0
25,250025,3,3,0,0,0,3,3,9,1000,23,2,2011,4,6,44,1,12,3,SR-128,EXIT 26,99998,42.52617222,-70.960908330,0,12,1,0,5,1,1,0,1,1,0,1,0,0000000,99,99,99,99,99,99,0,0,0,1,0
25,250026,3,1,2,1,3,1,3,9,654,4,3,2011,6,20,3,0,14,3,SR-1,,99998,42.51245833,-71.006175000,0,14,0,0,1,1,2,0,3,10,0,10,0,0000000,20,6,20,17,20,30,19,0,0,1,1
25,250027,2,2,0,0,0,3,3,3,440,2,3,2011,4,15,9,0,16,8,MAPLE AVE,,99998,42.18100556,-73.376113890,0,12,6,0,8,1,1,0,1,1,0,1,0,0000000,15,9,15,13,99,99,0,0,0,2,0
25,250028,1,1,0,1,1,1,1,17,1490,3,3,2011,5,11,26,1,11,1,I-93,,99998,42.55990833,-71.141797220,0,8,0,0,1,1,1,0,1,1,0,1,0,0000000,11,31,11,34,88,88,0,0,0,1,0
25,250029,1,1,0,0,0,1,1,17,375,10,3,2011,5,4,39,0,16,8,251 CENTRAL STREET,,99998,42.32070000,-71.410875000,0,42,0,0,1,1,5,0,3,1,0,1,0,0000000,99,99,99,99,88,88,0,0,0,1,0
25,250031,1,1,0,1,1,1,1,23,1360,19,7,2011,3,20,33,0,14,2,US-6 CRANBERRY HIGHWAY,,99998,41.74947500,-70.626913890,0,8,0,0,1,1,1,0,3,1,0,1,0,0000000,99,99,99,99,99,99,0,0,0,1,0
25,250032,1,1,0,0,0,1,1,27,1439,29,5,2011,1,2,20,0,16,8,SOUTH ASHBURNHAM RD,,99998,77.77770000,777.777700000,0,42,0,0,1,1,4,0,2,1,0,1,0,0000000,2,20,2,26,99,99,0,0,0,1,1
25,250034,1,1,0,0,0,1,1,21,488,17,3,2011,5,11,52,0,14,8,EAST HIGH STREET,,99998,42.13108611,-71.027344440,0,10,0,0,6,1,1,0,1,1,0,1,0,536893R,11,52,11,55,12,24,0,0,0,1,0
25,250035,1,1,0,0,0,4,4,27,785,26,3,2011,7,1,43,0,16,8,MILLBURY AVE,,99998,77.77770000,777.777700000,0,30,0,0,1,1,4,0,3,1,0,1,0,0000000,1,47,1,48,99,99,0,0,0,1,0
25,250036,1,1,0,0,0,1,1,25,120,27,3,2011,1,21,56,1,13,3,SR-1A RAMP,,99998,42.05000000,-71.000000000,0,25,0,0,5,1,4,0,3,1,0,1,0,0000000,21,59,22,4,88,88,0,0,0,1,1
25,250037,1,1,0,0,0,2,2,25,120,2,4,2011,7,2,25,0,16,8,WASHINGTON STREET,SCHOOL STREET,99998,42.29778611,-71.072758330,0,42,0,0,1,1,4,0,3,1,0,1,0,0000000,99,99,99,99,99,99,0,0,0,1,0
25,250038,1,1,0,0,0,1,1,23,475,7,4,2011,5,7,23,0,16,8,CUSHING ST,,0,42.18793333,-70.900894440,0,34,0,0,1,1,5,0,1,1,0,1,0,0000000,7,23,7,28,88,88,0,0,0,1,0
25,250039,1,1,0,0,0,3,3,17,870,5,6,2011,1,7,18,1,11,1,I-95,,99998,42.32694167,-71.250555560,0,24,0,0,1,1,3,0,1,1,0,1,0,0000000,99,99,99,99,99,99,0,0,0,1,0
25,250040,3,3,0,0,0,3,3,17,845,19,6,2011,1,1,30,1,11,1,I-90,,1180,42.32641111,-71.334186110,0,12,7,0,1,1,1,0,2,1,0,1,0,0000000,1,40,1,51,99,99,0,0,0,1,0
25,250041,1,1,0,0,0,1,1,27,510,26,5,2011,5,17,29,0,16,8,PLAIN STREET,MELLEN STREET,0,42.11019444,-71.513272220,0,42,0,0,3,4,4,0,1,1,0,1,0,0000000,17,28,17,35,88,88,0,0,0,1,0
25,250042,1,1,0,0,0,1,1,21,1465,7,6,2011,3,16,37,1,13,3,SR-3,EXIT 16,99998,42.19453889,-70.954300000,0,26,0,0,1,1,4,0,1,1,0,1,0,0000000,16,37,16,40,17,5,0,0,0,1,0
25,250043,1,1,0,0,0,1,1,17,680,7,4,2011,5,22,25,1,11,1,I-495,,683,42.33302500,-71.575025000,0,42,0,0,1,1,4,0,2,1,0,1,0,0000000,22,25,22,31,22,56,0,0,0,1,1
25,250044,1,1,0,0,0,1,1,1,293,9,4,2011,7,1,18,1,12,2,US-6,,99998,41.87611111,-69.991666670,0,18,0,0,1,1,2,0,3,1,0,1,0,0000000,4,0,4,10,88,88,0,0,0,1,1
25,250045,2,2,0,0,0,2,2,17,1282,11,4,2011,2,7,30,0,13,8,MAIN ST,,0,42.59692222,-71.216652780,0,12,6,0,1,1,1,0,1,10,0,10,0,0000000,99,99,99,99,99,99,0,0,0,1,0
25,250046,2,2,0,0,0,2,2,5,850,12,4,2011,3,21,4,0,16,8,WILLIS ST,PURCHASE ST,0,41.64327222,-70.927413890,0,12,6,0,2,3,1,0,3,2,0,2,0,0000000,21,21,21,23,99,99,0,0,0,1,0
25,250047,1,1,0,1,1,1,1,21,810,30,3,2011,4,13,3,0,14,3,SR-115,,99998,42.18925278,-71.362477780,0,9,0,0,1,1,1,0,1,10,0,10,0,0000000,13,2,13,6,13,54,0,0,0,1,0
25,250048,2,1,1,0,0,1,1,9,860,12,4,2011,3,18,56,0,16,8,MERRIMAC STREET,,99998,42.81510833,-70.878177780,0,33,0,0,1,1,4,0,1,1,0,1,0,0000000,18,57,19,9,88,88,14,0,0,1,0
25,250049,1,1,0,0,0,1,1,17,680,14,4,2011,5,19,47,1,11,1,I-495,,624,42.33315000,-71.575366670,0,1,0,0,1,1,3,0,2,1,0,1,0,0000000,19,53,20,0,88,88,0,0,0,1,1
25,250050,1,1,0,0,0,2,2,13,1430,16,4,2011,7,4,51,0,16,8,CROSS ST,,0,42.11862500,-72.741419440,0,38,0,0,1,1,4,0,3,10,0,10,0,0000000,5,0,5,2,5,35,0,0,0,1,0
25,250051,1,1,0,0,0,1,1,5,320,25,4,2011,2,12,0,1,12,3,SR-24,,99998,41.67616111,-71.141894440,0,42,0,0,1,1,3,0,1,1,0,1,0,0000000,12,6,12,12,12,53,0,0,0,1,0
25,250052,3,3,0,0,0,4,4,13,1430,20,4,2011,4,14,38,1,13,2,US-20,E MOUNTAIN RD,99998,42.10782222,-72.704169440,0,12,6,0,2,3,1,0,1,10,0,10,0,0000000,14,42,14,48,15,18,0,0,0,1,0
25,250053,3,3,0,0,0,3,3,1,293,12,5,2011,5,11,42,1,2,2,US-6,,99998,41.87364444,-69.986627780,0,12,6,0,1,1,1,0,1,10,0,10,0,0000000,11,39,11,45,99,99,0,0,0,1,0
25,250054,2,2,0,0,0,3,3,13,1270,27,5,2011,6,13,4,0,16,8,200 TAPLEY STREET,,99998,42.12655556,-72.561350000,0,12,6,0,4,1,1,0,1,10,0,10,0,0000000,13,4,13,7,13,23,0,0,0,1,0
25,250055,2,2,0,0,0,4,4,5,1064,30,4,2011,7,14,14,0,14,3,SR-104,,99998,41.91961111,-71.056738890,0,12,2,0,1,1,1,0,1,1,0,1,0,0000000,14,17,14,18,14,40,0,0,0,1,0
25,250056,2,2,0,0,0,4,4,5,1185,25,6,2011,7,7,18,0,16,8,COUNTY STREET,,99998,41.76259722,-71.139650000,0,12,2,0,1,1,1,0,1,10,0,10,0,0000000,7,18,7,22,7,47,0,0,0,1,1
25,250057,2,2,0,0,0,3,3,5,850,25,1,2011,3,13,0,0,14,8,NEW PLAINVILLE RD,,99998,41.68436944,-70.960191670,0,12,2,0,1,1,1,0,1,4,0,4,0,0000000,99,99,99,99,99,99,0,0,0,1,0
25,250058,1,1,0,0,0,1,1,17,36,1,5,2011,1,19,25,0,16,8,CORDAVILLE ROAD,,99998,42.26425833,-71.490441670,0,53,0,0,1,1,4,0,5,1,0,1,0,0000000,19,32,19,37,19,56,0,0,0,1,1
25,250059,1,1,0,0,0,3,3,13,1430,27,4,2011,4,0,17,1,12,2,US-202,,99998,42.17927500,-72.705375000,0,24,0,0,1,1,4,0,3,10,0,10,0,0000000,99,99,99,99,99,99,0,0,0,1,0
25,250062,1,1,0,0,0,1,1,11,1300,24,5,2011,3,10,41,0,16,8,THIRD STREET,CANAL STREET,99998,42.60920000,-72.558677780,0,24,0,0,3,3,4,0,1,10,0,10,0,0000000,99,99,99,99,88,88,0,0,0,1,0
25,250063,1,1,0,0,0,1,1,27,1172,1,5,2011,1,5,19,1,11,1,I-290,,99998,42.31933611,-71.722183330,0,59,0,0,5,1,4,0,2,1,0,1,0,0000000,5,21,5,28,88,88,0,0,0,1,1
25,250064,1,1,0,2,2,1,1,27,1520,28,4,2011,5,20,9,0,16,8,182 PARK AVE,INSTITUTE ROAD,99998,42.27345000,-71.813422220,0,33,0,0,3,4,5,0,3,1,0,1,0,0000000,20,10,20,15,20,45,0,0,0,1,1
25,250065,1,1,0,1,1,1,1,25,120,14,6,2011,3,21,19,1,13,8,VFW PARKWAY,GARDNER STREET,99998,42.27753889,-71.171847220,0,8,0,0,2,2,1,0,3,10,0,10,0,0000000,21,15,21,25,21,46,0,0,0,1,0
25,250066,1,1,0,0,0,1,1,9,470,26,4,2011,3,17,43,0,16,8,357 KINGSBURY AVE,,99998,42.75241667,-71.084052780,0,42,0,0,1,1,4,0,1,10,0,10,0,0000000,99,99,99,99,88,88,0,0,0,1,1
25,250067,1,1,0,0,0,1,1,5,299,17,6,2011,6,8,25,0,16,8,MAIN STREET,,99998,42.06895556,-71.075136110,0,42,0,0,1,1,4,0,1,10,0,10,0,0000000,9,7,9,12,99,99,0,0,0,1,0
25,250068,2,2,0,0,0,3,3,5,1185,29,6,2011,4,16,51,0,14,8,READ STREET,,99998,77.77770000,777.777700000,0,12,6,0,8,1,1,0,1,1,0,1,0,0000000,17,1,17,5,17,35,0,0,0,1,0
25,250070,1,1,0,0,0,2,2,13,1270,16,7,2011,7,14,51,0,16,8,SPRINGFIELD STREET,,99998,42.12492500,-72.602677780,0,5,0,0,1,1,1,0,1,1,0,1,0,0000000,14,54,15,1,15,8,0,0,0,1,0
25,250071,1,1,0,0,0,4,4,13,1446,24,2,2011,5,21,16,1,11,1,I-91,,106,42.09847778,-72.589416670,0,1,0,0,1,1,3,0,2,4,0,4,0,0000000,21,32,21,33,99,99,0,0,0,2,0
25,250073,2,2,0,0,0,4,4,21,1060,10,7,2011,1,0,28,0,16,8,QUNICY SHORE DRIVE,,0,42.27490278,-71.003769440,0,12,2,0,1,1,1,0,3,1,0,1,0,0000000,0,28,0,34,0,53,0,0,0,1,0
25,250074,1,1,0,1,1,1,1,5,1185,9,8,2011,3,20,53,1,12,2,US-6,,102,41.72815833,-71.161947220,0,8,0,0,1,1,1,0,2,2,0,2,0,0000000,20,54,20,57,21,29,0,0,0,1,0
25,250077,1,1,0,1,1,1,1,21,1060,11,7,2011,2,15,44,0,16,8,COPELAND STREET,FURNACE AVE,99998,42.24528611,-71.027847220,0,8,0,0,2,3,1,0,1,1,0,1,0,0000000,15,46,15,48,16,3,0,0,0,1,0
25,250078,2,2,0,0,0,2,2,23,685,7,5,2011,7,18,14,1,14,3,SR-139,OLD PLAIN STREET,99998,42.09657222,-70.723786110,0,12,2,0,3,4,1,0,1,10,0,10,0,0000000,18,14,18,15,99,99,0,0,0,1,1
25,250079,1,1,0,0,0,2,2,27,1520,30,4,2011,7,11,21,1,11,1,I-290,,76,42.25839167,-71.794494440,0,25,0,0,1,1,3,0,1,10,0,10,0,0000000,11,20,11,27,11,49,0,0,0,1,0
25,250080,2,2,0,0,0,2,2,17,1305,27,4,2011,4,8,9,1,12,2,US-3,,99998,42.66003056,-71.430272220,0,24,0,0,5,1,4,0,1,1,0,1,0,0000000,99,99,99,99,99,99,0,0,0,1,0
25,250081,2,2,0,1,1,2,2,17,375,25,6,2011,7,21,6,0,16,8,EDGELL ROAD,,99998,42.32780000,-71.435916670,0,8,0,0,1,1,1,0,3,2,0,2,0,0000000,20,59,21,5,99,99,0,0,0,1,0
25,250082,1,1,0,0,0,1,1,27,565,22,4,2011,6,11,50,0,16,8,OLD UNION TURNPIKE,STAGECOACH ROAD,99998,42.51587500,-71.672061110,0,5,0,0,3,3,1,0,1,1,0,1,0,0000000,11,50,11,58,12,24,0,0,0,1,0
25,250084,2,2,0,0,0,2,2,13,1270,11,8,2011,5,18,32,0,16,8,LIBERTY STREET,ARMORY STRET,99998,42.11974167,-72.584586110,0,33,0,1,5,1,4,0,1,1,0,1,0,0000000,18,32,18,38,18,47,0,0,0,1,0
25,250085,1,1,0,0,0,1,1,23,1360,13,8,2011,7,17,33,0,16,8,ONSET AVE,,0,41.75451389,-70.675894440,0,33,0,0,1,1,4,0,1,1,0,1,0,0000000,99,99,99,99,99,99,0,0,0,1,1
25,250086,2,1,1,0,2,1,3,9,765,15,8,2011,2,9,56,1,1,1,I-93,,99998,42.72802222,-71.204577780,0,14,0,0,1,1,2,0,1,2,0,2,0,0000000,99,98,99,98,88,88,0,0,0,1,0
25,250087,2,2,0,0,0,5,5,17,1490,15,8,2011,2,17,12,1,11,1,I-93,,99998,42.59886944,-71.282036110,0,12,6,0,1,1,1,0,1,2,10,2,0,0000000,17,26,17,28,17,54,0,0,0,1,0
25,250088,1,1,0,1,1,1,1,23,2,20,8,2011,7,20,57,1,12,3,SR-18,,99998,42.10086944,-70.949483330,0,8,0,0,1,1,1,0,2,10,0,10,0,0000000,20,55,21,1,88,88,0,0,0,1,0
25,250089,1,1,0,1,1,1,1,25,1070,29,8,2011,2,5,47,0,12,3,SR-1A,,99998,42.40905556,-71.002591670,0,8,0,0,5,1,1,0,4,1,0,1,0,0000000,5,45,5,50,6,12,0,0,0,1,0
25,250090,2,2,0,0,0,3,3,5,385,6,9,2011,3,11,13,0,12,3,SR-79,,99998,41.80657500,-71.045000000,0,12,2,0,1,1,1,0,1,2,0,2,0,0000000,11,13,11,21,99,99,0,0,0,2,0
25,250092,2,2,0,0,0,4,4,1,330,12,3,2011,7,16,41,1,12,3,SR-28,,99998,41.57246944,-70.619750000,0,12,6,0,1,1,4,0,1,1,0,1,0,0000000,16,42,16,43,17,13,0,0,0,1,0
25,250093,1,1,0,0,0,2,2,3,1480,29,6,2011,4,8,1,0,14,3,SR-2,US-7,99998,42.68666389,-73.230627780,0,35,0,0,3,3,5,0,1,1,0,1,0,0000000,8,1,8,7,8,40,0,0,0,1,0
25,250094,1,1,0,0,0,1,1,17,919,27,6,2011,2,15,20,0,16,8,NORTH STREET,WYOMING AVE,99998,42.58953611,-71.092647220,0,42,0,0,1,1,4,0,1,1,0,1,0,0000000,15,17,15,20,99,99,0,0,0,1,0
25,250095,1,1,0,0,0,4,4,23,475,10,6,2011,6,22,34,0,16,8,WINDSOR DRIVE,,99998,42.24740278,-70.869361110,0,5,0,0,1,1,1,0,3,1,0,1,0,0000000,22,34,22,39,23,4,0,0,0,1,0
25,250096,2,2,0,0,0,8,8,21,1530,19,4,2011,3,15,59,0,16,8,TAUNTON STREET,,0,77.77770000,777.777700000,0,12,2,0,1,1,1,0,1,10,0,10,0,0000000,15,59,16,5,99,99,0,0,0,1,0
25,250097,2,2,0,0,0,2,2,27,123,30,9,2011,6,10,4,0,12,3,SR-140,,99998,42.33007500,-71.724113890,0,12,2,0,8,1,1,0,1,1,0,1,0,0000000,10,2,10,6,10,22,0,0,0,1,0
25,250098,1,1,0,0,0,1,1,23,465,10,10,2011,2,0,43,1,12,3,SR-27,,99998,42.04011389,-70.864863890,0,38,0,0,1,1,4,0,3,1,0,1,0,0000000,0,40,0,45,88,88,0,0,0,1,0
25,250099,1,1,0,1,1,1,1,13,1270,19,10,2011,4,18,55,0,16,8,BELMONT AVE,,99998,42.08788611,-72.563277780,0,8,0,0,1,1,1,0,3,2,0,2,0,0000000,18,57,19,2,19,15,0,0,0,1,0
25,250100,1,1,0,1,1,1,1,23,1360,13,10,2011,5,19,36,1,12,2,US-6,,99998,41.75764722,-70.657655560,0,8,0,0,1,1,1,0,3,10,0,10,0,0000000,99,99,99,99,99,99,0,0,0,1,0
25,250101,1,1,0,0,0,1,1,17,105,23,9,2011,6,0,40,0,16,8,ALLEN ROAD,WEBB BROOK ROAD,0,42.54666944,-71.247227780,0,1,0,0,3,3,4,0,3,1,0,1,0,0000000,0,42,0,48,1,30,0,0,0,1,1