STATE,ST_CASE,VE_TOTAL,VE_FORMS,PVH_INVL,PEDS,PERNOTMVIT,PERMVIT,PERSONS,COUNTY,CITY,DAY,MONTH,YEAR,DAY_WEEK,HOUR,MINUTE,NHS,ROAD_FNC,ROUTE,TWAY_ID,TWAY_ID2,MILEPT,LATITUDE,LONGITUD,SP_JUR,HARM_EV,MAN_COLL,RELJCT1,RELJCT2,TYP_INT,REL_ROAD,WRK_ZONE,LGT_COND,WEATHER1,WEATHER2,WEATHER,SCH_BUS,RAIL,NOT_HOUR,NOT_MIN,ARR_HOUR,ARR_MIN,HOSP_HR,HOSP_MN,CF1,CF2,CF3,FATALS,DRUNK_DR
25,250103,2,2,0,1,1,2,2,27,1520,8,6,2011,4,14,37,0,16,8,MILL STREET,MAIN STREET,0,42.24508611,-71.832991670,0,12,6,0,2,2,1,0,1,1,0,1,0,0000000,14,39,14,40,15,9,0,0,0,1,0
25,250104,1,1,0,0,0,3,3,5,850,19,8,2011,6,1,8,0,16,8,ACUSHNET AVE,WASHBURN STREET,0,41.65326667,-70.927875000,0,33,0,0,3,3,4,0,3,1,0,1,0,0000000,1,12,1,18,1,50,0,0,0,1,1
25,250105,1,1,0,1,1,1,1,1,1050,14,7,2011,5,11,53,1,13,3,SR-6,,99998,42.06592500,-70.158863890,0,8,0,0,1,1,1,0,1,1,0,1,0,0000000,99,99,99,99,99,99,0,0,0,1,0
25,250106,2,2,0,0,0,6,6,5,1280,17,7,2011,1,19,26,0,12,3,SR-138 BROADWAY,,99998,41.92279722,-71.090577780,0,12,6,0,8,1,1,0,1,1,0,1,0,0000000,19,27,19,32,19,45,0,0,0,1,0
25,250107,1,1,0,1,1,1,1,5,1280,4,8,2011,5,21,44,0,16,8,BAY STREET,,0,41.95165556,-71.113000000,0,15,0,0,1,1,1,0,3,1,0,1,0,0000000,21,45,21,57,22,21,0,0,0,1,0
25,250108,3,3,0,0,0,5,5,27,980,3,10,2011,2,13,32,0,14,3,SR-12,,99998,42.08945000,-71.871055560,0,12,2,0,1,1,1,0,1,1,0,1,0,0000000,13,30,13,36,14,2,0,0,0,1,0
25,250109,3,2,1,0,0,3,3,9,650,26,8,2011,6,0,50,1,12,3,SR-107,CHATHAM STREET,99998,42.48115000,-70.945222220,0,12,6,0,2,2,1,0,3,2,0,2,0,0000000,0,52,0,57,1,23,0,0,0,1,1
25,250111,1,1,0,1,1,1,1,25,1070,21,10,2011,6,20,55,1,12,3,SR-107,,99998,42.40780556,-71.013700000,0,8,0,0,1,1,1,0,3,1,0,1,0,0000000,99,99,99,99,99,99,0,0,0,1,0
25,250112,1,1,0,1,1,1,1,5,1280,4,10,2011,3,6,11,0,16,8,WINTER STREET,WASHINGTOM STREET,0,41.92031389,-71.090438890,0,8,0,0,3,3,1,0,3,2,0,2,0,0000000,99,99,99,99,99,99,0,0,0,1,0
25,250113,1,1,0,0,0,1,1,13,1446,17,3,2011,5,1,46,0,16,8,KINGS HIGHWAY,,99998,42.10897778,-72.637138890,0,43,0,0,1,1,4,0,3,5,10,5,0,0000000,1,52,1,55,88,88,0,0,0,1,1
25,250114,2,2,0,0,0,2,2,23,1040,7,10,2011,6,12,0,0,16,8,CLARK ROAD,SR-3 RAMP,0,41.87496944,-70.599663890,0,12,6,0,5,1,1,0,1,1,0,1,0,0000000,99,99,99,99,99,99,0,0,0,1,0
25,250115,1,1,0,1,1,3,3,3,600,28,8,2011,1,0,39,0,16,8,PITTSFIELD ROAD,,0,42.40457500,-73.265152780,0,8,0,0,1,1,1,0,2,2,0,2,0,0000000,99,99,99,99,99,99,0,0,0,1,0
25,250116,1,1,0,0,0,1,1,27,55,17,10,2011,2,20,40,1,11,1,I-90 W,,910,42.19986111,-71.838008330,0,24,0,0,1,1,3,0,2,10,0,10,0,0000000,20,44,20,49,21,18,0,0,0,1,0
25,250117,2,2,0,0,0,1,1,1,121,28,10,2011,6,17,35,1,13,3,SR-28,,572,41.75308056,-70.593072220,0,12,1,0,1,1,1,0,1,1,0,1,0,0000000,99,99,99,99,99,99,0,0,0,1,1
25,250118,2,2,0,0,0,3,3,25,120,17,7,2011,1,16,30,0,16,8,ENNEKING PARKWAY,TURTLE POND PARKWAY,99998,42.25844167,-71.140197220,0,12,6,0,2,2,1,0,1,1,0,1,0,0000000,16,29,16,37,17,2,0,0,0,1,1
25,250119,1,1,0,1,1,1,1,17,170,17,8,2011,4,0,30,0,16,8,CAMBRIDGE STREET,HUNTING STREET,0,42.37246389,-71.091177780,0,8,0,0,3,3,1,0,3,1,0,1,0,0000000,0,33,0,35,0,54,0,0,0,1,0
25,250120,1,1,0,0,0,1,1,27,1520,3,7,2011,1,2,21,0,16,8,BEACON STREET,,0,42.25419167,-71.809819440,0,42,0,0,1,1,4,0,3,1,0,1,0,0000000,2,23,2,27,2,52,0,0,0,1,1
25,250121,2,2,0,0,0,5,5,27,55,8,9,2011,5,12,58,1,11,1,I-90 W,,895,42.19112222,-71.864566670,0,12,7,0,1,1,1,0,1,10,0,10,0,0000000,13,3,13,6,13,56,0,0,0,1,0
25,250122,2,2,0,1,1,1,1,27,565,26,11,2011,7,1,15,1,11,1,I-190 N,,178,42.50345000,-71.720350000,0,8,0,0,1,1,1,0,2,1,0,1,0,0000000,99,99,99,99,88,88,19,23,0,1,0
25,250123,1,1,0,0,0,2,2,17,1010,24,10,2011,2,21,55,0,3,3,SR-119,,99998,42.63819167,-71.622650000,0,30,0,0,1,1,4,0,3,10,0,10,0,0000000,21,56,22,5,99,99,0,0,0,1,0
25,250124,1,1,0,1,1,1,1,23,140,24,10,2011,2,12,8,1,12,3,SR-123  701 BELMONT ST,ANGUS BEATON WAY,99999,42.07000000,-71.046577780,0,15,0,0,2,2,1,0,1,1,0,1,0,0000000,99,99,99,99,99,99,0,0,0,1,0
25,250125,2,2,0,0,0,7,7,11,99,6,11,2011,1,13,55,0,16,8,NORTHFIELD ROAD,MOUNT HERMON STATION,0,42.67633611,-72.496055560,0,12,6,0,2,3,1,0,1,1,0,1,0,0000000,13,57,14,9,14,36,0,0,0,2,0
25,250126,2,2,0,0,0,3,3,21,155,30,8,2011,3,16,0,0,16,8,NEWTON STREET,CLYDE STREET,0,42.31023611,-71.141925000,0,12,2,0,3,3,1,0,1,1,0,1,0,0000000,99,99,99,99,99,99,0,0,0,1,0
25,250127,1,1,0,0,0,1,1,15,437,11,4,2011,2,6,24,0,16,8,NEW LUDLOW ROAD,,0,42.22192222,-72.526783330,0,30,0,0,1,1,4,0,1,1,0,1,0,0000000,99,99,99,99,88,88,0,0,0,1,0
25,250129,2,2,0,0,0,2,2,27,1500,18,10,2011,3,5,1,1,13,3,SR-12,,99998,42.67543056,-72.022722220,0,12,2,0,1,1,1,0,2,10,0,10,0,0000000,5,2,5,9,99,99,0,0,0,1,1
25,250130,2,2,0,0,0,3,3,27,1520,10,8,2011,4,14,42,0,16,8,AIRPORT DRIVE,PROUTY LANE,99998,42.27860833,-71.873186110,0,12,6,0,2,2,1,0,1,1,0,1,0,0000000,15,13,15,13,15,22,0,0,0,1,0
25,250131,1,1,0,1,1,2,2,13,1446,25,3,2011,6,22,21,0,16,8,DEWEY STREET,,99998,42.11981389,-72.675800000,0,8,0,0,1,1,4,0,3,10,0,10,0,0000000,22,20,22,27,22,50,0,0,0,1,0
25,250132,1,1,0,0,0,1,1,1,469,2,12,2011,6,23,0,1,13,3,SR-28,,99998,41.67876389,-70.038911110,0,26,0,0,1,1,4,0,3,1,0,1,0,0000000,23,1,23,6,88,88,0,0,0,1,1
25,250134,1,1,0,0,0,2,2,9,122,23,11,2011,4,14,37,0,6,5,MAIN STREET,,0,42.67970278,-71.045002780,0,35,0,0,1,1,4,0,1,10,0,10,0,0000000,99,99,99,99,99,99,0,0,0,1,0
25,250135,1,1,0,0,0,1,1,23,465,12,11,2011,7,2,7,0,5,3,SR-58,,0,42.04834444,-70.858008330,0,30,0,0,1,1,4,0,3,1,0,1,0,0000000,2,8,2,13,99,99,0,0,0,1,1
25,250136,1,1,0,0,0,1,1,5,50,8,8,2011,2,1,0,1,11,1,I-95 S,,99998,99.99990000,999.999900000,0,24,0,0,1,1,4,0,2,10,0,10,0,0000000,1,10,1,16,2,58,0,0,0,1,1
25,250137,1,1,0,1,1,1,1,1,330,1,12,2011,5,17,34,1,13,3,SR-28  741 MAIN ST,,99998,41.55338333,-70.603011110,0,8,0,0,1,1,1,0,2,1,0,1,0,0000000,17,33,17,34,17,52,0,0,0,1,0
25,250141,1,1,0,0,0,1,1,23,1360,24,5,2011,3,13,6,1,11,1,I-195,,99998,77.77770000,777.777700000,0,42,0,0,1,1,3,0,1,1,0,1,0,0000000,99,99,99,99,88,88,0,0,0,1,0
25,250142,1,1,0,0,0,2,2,25,120,9,8,2011,3,0,30,0,16,8,STORROW DRIVE,,99998,42.35109444,-71.092266670,0,24,0,1,5,1,4,0,3,98,0,98,0,0000000,0,42,0,44,99,99,0,0,0,1,0
25,250143,2,2,0,0,0,4,4,13,1430,9,7,2011,7,16,7,0,16,8,E MOUNTAIN ROAD,,0,42.17163056,-72.690147220,0,12,2,0,1,1,1,0,1,1,0,1,0,0000000,16,5,16,12,16,48,0,0,0,1,1
25,250144,1,1,0,0,0,5,5,13,1446,28,7,2011,5,10,40,1,11,1,I-90 E,,430,99.99990000,999.999900000,0,24,0,0,1,1,4,0,1,98,0,98,0,0000000,99,99,99,99,99,99,0,0,0,1,0
25,250145,1,1,0,1,1,0,0,17,680,10,10,2011,2,9,45,0,16,8,HARVARD STREET,,0,42.34212778,-71.539333330,0,8,0,0,8,1,1,0,1,1,0,1,0,0000000,99,99,99,99,99,99,0,0,0,1,0
25,250147,1,1,0,0,0,3,3,1,330,30,10,2011,1,0,15,0,14,8,JONES ROAD,,99998,41.56126667,-70.602458330,0,42,0,0,1,1,4,0,3,2,0,2,0,0000000,0,14,0,19,99,99,0,0,0,2,0
25,250148,2,2,0,0,0,2,2,17,845,1,8,2011,2,13,54,0,16,8,MILL STREET,,99998,42.27833056,-71.376747220,0,12,6,0,8,1,1,0,1,1,0,1,0,0000000,13,56,13,59,14,57,0,0,0,1,0
25,250149,1,1,0,0,0,1,1,5,7,5,8,2011,6,15,3,0,14,8,PECKHAM ROAD,,99998,41.73378333,-70.933675000,0,43,0,0,1,1,5,0,1,1,10,10,0,0000000,15,4,15,10,15,29,0,0,0,1,0
25,250151,1,1,0,0,0,3,3,5,850,26,11,2011,7,0,16,0,16,8,NAUSET STREET,MYRTLE STREET,99998,41.66216944,-70.939066670,0,39,0,0,3,3,4,0,3,1,0,1,0,0000000,99,99,99,99,99,99,0,0,0,2,0
25,250152,2,2,0,0,0,2,2,21,380,17,8,2011,4,2,30,1,11,1,I-495 N,,392,99.99990000,999.999900000,0,12,6,0,1,1,1,0,2,1,0,1,0,0000000,99,99,99,99,99,99,19,0,0,1,0
25,250153,2,2,0,0,0,2,2,27,780,20,8,2011,7,19,50,0,16,8,CONGRESS STREET,FAYETTE STREET,0,42.14145833,-71.522933330,0,12,6,0,2,3,1,0,1,1,0,1,0,0000000,19,52,19,55,20,3,0,0,0,1,1
25,250154,3,3,0,0,0,3,3,5,850,4,8,2011,5,8,13,0,14,8,HAWTHORNE STREET,COUNTY STREET,99998,41.62958611,-70.928636110,0,12,1,0,3,3,1,0,1,1,0,1,0,0000000,99,99,99,99,99,99,0,0,0,1,0
25,250155,1,1,0,1,1,1,1,21,1063,13,10,2011,5,6,35,0,14,8,NORTH STREET,,0,42.18209167,-71.028280560,0,8,0,0,1,1,1,0,3,2,5,2,0,0000000,6,35,6,39,7,27,0,0,0,1,0
25,250156,1,1,0,0,0,1,1,1,330,3,8,2011,4,0,57,0,14,8,DAVISVILLE ROAD,,99998,41.55767500,-70.563711110,0,30,0,0,1,1,4,0,3,10,5,5,0,0000000,0,59,1,3,88,88,0,0,0,1,1
25,250157,1,1,0,0,0,2,2,5,251,11,2,2011,6,2,30,0,16,8,HATAHWAY ROAD,,99998,41.64601667,-70.973866670,0,42,0,0,1,1,4,0,3,1,0,1,0,0000000,99,99,99,99,99,99,0,0,0,1,0
25,250159,2,2,0,0,0,2,2,27,780,14,2,2011,2,8,50,0,15,8,FORTUNE BLVD,,99998,42.15824444,-71.495080560,0,12,2,0,1,1,1,0,1,10,0,10,0,0000000,99,99,99,99,99,99,0,0,0,1,0
25,250160,2,2,0,0,0,5,5,27,780,1,2,2011,3,17,20,0,14,3,SR-85,,99998,77.77770000,777.777700000,0,12,98,0,1,1,1,0,3,3,0,3,0,0000000,99,99,99,99,99,99,0,0,0,1,0
25,250161,1,1,0,1,1,1,1,27,780,31,3,2011,5,19,56,0,16,8,FORTUNE BOULEVARD,,99998,42.16268333,-71.508377780,0,8,0,0,1,1,1,0,3,4,2,4,0,0000000,99,99,99,99,99,99,0,0,0,1,0
25,250162,1,1,0,0,0,1,1,21,488,20,6,2011,2,15,33,0,12,3,SR-139,,99998,42.15536389,-71.020330560,0,42,0,0,4,1,5,0,1,98,0,98,0,0000000,15,56,15,58,16,27,0,0,0,1,0
25,250163,2,2,0,0,0,4,4,27,350,5,6,2011,1,16,1,0,16,8,PEARL STREET,,99998,42.58852222,-71.784102780,0,12,6,0,1,1,1,0,1,1,0,1,0,0000000,16,2,16,9,16,31,0,0,0,1,1
25,250164,1,1,0,0,0,1,1,27,477,16,7,2011,7,5,12,0,6,8,TURKEY STREET,,99998,42.32483889,-72.224702780,0,42,0,0,1,1,4,0,4,1,0,1,0,0000000,5,12,5,12,88,88,0,0,0,1,1
25,250165,1,1,0,0,0,1,1,17,1305,26,5,2011,5,0,25,0,16,8,WESTFORD ROAD,,99998,77.77770000,777.777700000,0,53,0,0,1,1,4,0,1,1,0,1,0,0000000,0,30,0,40,1,15,0,0,0,1,1
25,250166,2,2,0,0,0,3,3,15,30,21,4,2011,5,13,9,0,16,8,BAY ROAD,CANTERBURY LANE,99998,42.31600278,-72.488797220,0,12,6,0,2,2,1,0,1,10,0,10,0,0000000,13,10,13,18,13,46,0,0,0,1,0
25,250167,2,2,0,0,0,3,3,5,251,10,6,2011,6,17,26,0,16,8,RUSSELLS MILLS ROAD,,99998,41.59987778,-70.970783330,0,12,2,0,1,1,1,0,1,10,0,10,0,0000000,99,99,99,99,99,99,0,0,0,2,0
25,250168,1,1,0,1,1,2,2,1,75,21,1,2011,6,23,31,0,16,8,PHINNEYS LANE,OLD JAIL LANE,99998,41.69003889,-70.306900000,0,8,0,0,3,3,1,0,2,1,0,1,0,0000000,23,28,23,32,23,58,0,0,0,1,0
25,250169,1,1,0,1,1,1,1,25,120,24,1,2011,2,8,10,0,16,8,HERALD STREET,TREMONT,99998,42.34805278,-71.068675000,0,9,0,0,3,1,1,0,1,10,0,10,0,0000000,8,13,8,17,8,31,0,0,0,1,0
25,250170,3,3,0,0,0,3,3,17,630,6,4,2011,4,23,29,1,1,1,I-495,,99998,42.61756111,-71.292338890,0,12,6,0,1,1,1,4,2,1,0,1,0,0000000,23,27,23,36,0,9,0,0,0,1,0
25,250171,1,1,0,0,0,1,1,25,120,24,7,2011,1,3,23,0,16,8,TRUMAN HIGHWAY,,99998,42.24897222,-71.124200000,0,33,0,0,1,1,3,0,3,1,0,1,0,0000000,3,17,3,27,4,43,0,0,0,1,0
25,250172,1,1,0,0,0,1,1,5,1067,23,7,2011,7,0,44,0,16,8,FIRST STREET,DAVIS STREET,0,41.78140000,-71.252916670,0,42,0,0,2,3,5,0,2,1,0,1,0,0000000,0,53,1,3,88,88,0,0,0,1,0
25,250173,1,1,0,0,0,2,2,17,1510,22,7,2011,6,0,11,0,16,8,MISHAWUM ROAD,,99998,42.49499444,-71.149844440,0,42,0,0,1,1,4,0,3,1,0,1,0,0000000,0,12,0,16,0,57,0,0,0,1,1
25,250174,1,1,0,1,1,1,1,5,320,7,4,2011,5,18,58,0,14,3,SR-138,KING PHILLIP STREET,99998,41.68491944,-71.176661110,0,8,0,0,3,2,1,0,1,1,0,1,0,0000000,19,0,19,4,19,18,0,0,0,1,0
25,250175,1,1,0,0,0,2,2,21,58,10,8,2011,4,20,16,0,16,8,D W FIELD PARKWAY,,99998,42.11711111,-71.053227780,0,34,0,0,1,1,5,0,1,1,0,1,0,0000000,20,16,20,20,21,15,0,0,0,1,0
25,250176,2,2,0,0,0,4,4,27,610,7,3,2011,2,17,15,0,12,3,SR-12,,99998,42.48314722,-71.749750000,0,12,6,0,1,1,1,0,1,1,0,1,0,0000000,17,23,17,27,18,4,0,0,0,1,0
25,250177,4,4,0,0,0,5,5,17,535,4,3,2011,6,8,29,0,14,3,SR-85,,99998,42.37627222,-71.564541670,0,12,8,0,1,1,1,0,1,1,0,1,0,0000000,8,34,8,35,99,99,0,0,0,2,0
25,250178,2,2,0,0,0,2,2,1,540,5,3,2011,7,16,43,0,16,8,MAIN STREET,,99998,41.65497778,-70.278527780,0,12,6,0,1,1,1,0,1,1,0,1,0,0000000,16,41,16,44,16,54,0,0,0,1,0
25,250179,2,2,0,0,0,3,3,13,500,7,7,2011,5,16,30,0,6,8,WESTFIELD ROAD,,0,42.17996389,-72.685008330,0,12,2,0,1,1,1,0,1,1,0,1,0,0000000,16,34,16,44,17,17,0,0,0,2,0
25,250180,2,2,0,0,0,5,5,17,615,14,5,2011,7,22,38,1,11,1,I-95,,99998,77.77770000,777.777700000,0,12,6,0,1,1,1,0,2,10,0,10,0,0000000,22,48,22,56,23,14,0,0,0,1,1
25,250181,1,1,0,1,1,1,1,25,120,18,9,2011,1,20,43,0,16,8,MASSACHUSETTS AVENUE,,99998,42.33652500,-71.077027780,0,8,0,0,1,1,1,0,2,1,0,1,0,0000000,20,44,20,48,20,57,0,0,0,1,0
25,250182,1,1,0,0,0,2,2,5,1268,1,1,2011,7,0,45,0,6,8,REED ROAD,,99998,41.76116667,-71.229688890,0,42,0,0,1,1,4,0,6,1,0,1,0,0000000,0,49,1,1,2,2,0,0,0,1,1
25,250183,3,3,0,0,0,4,4,1,970,30,6,2011,5,16,39,1,12,3,SR-28,,99998,41.65375278,-70.400700000,0,12,1,0,1,1,1,0,1,1,0,1,0,0000000,16,35,16,39,16,58,0,0,0,1,0
25,250184,1,1,0,0,0,3,3,17,845,16,6,2011,5,16,48,1,11,1,I-90,,1180,42.32729167,-71.333394440,0,35,0,0,1,1,5,0,1,1,0,1,0,0000000,17,3,17,22,18,47,0,0,0,1,0
25,250185,3,3,0,0,0,3,3,5,320,21,7,2011,5,23,40,0,13,3,SR-24,EXIT 8,99998,41.75474167,-71.117122220,0,12,2,0,1,1,1,0,2,1,0,1,0,0000000,23,44,0,2,0,56,0,0,0,1,1
25,250186,1,1,0,0,0,2,2,5,320,18,5,2011,4,3,41,0,16,8,STAFFORD ROAD,DICKINSON STREET,99998,41.66989444,-71.153538890,0,30,0,0,3,3,4,0,3,2,0,2,0,0000000,3,42,3,48,88,88,0,0,0,2,0
25,250187,2,2,0,0,0,4,4,21,1276,10,9,2011,7,23,11,1,12,3,SR-24,SR-139,99998,42.15791111,-71.068783330,0,12,6,1,5,1,1,0,2,1,0,1,0,0000000,99,99,99,99,99,99,0,0,0,1,1
25,250188,2,2,0,0,0,2,2,27,123,1,8,2011,2,8,10,0,16,8,MAIN STREET,,99998,42.31728611,-71.756722220,0,12,2,0,1,1,1,0,1,1,0,1,0,0000000,8,10,8,14,8,39,0,0,0,1,0
25,250189,1,1,0,1,1,1,1,9,1125,19,6,2011,1,1,17,1,12,3,SR-107,,99998,42.43417222,-70.994877780,0,8,0,0,1,1,99,0,3,1,0,1,0,0000000,99,99,99,99,99,99,0,0,0,1,0
25,250190,1,1,0,0,0,1,1,9,859,9,5,2011,2,23,1,0,6,8,GREEN STREET,,99998,42.78668056,-70.861133330,0,1,0,0,1,1,1,0,2,10,0,10,0,0000000,99,99,99,99,99,99,0,0,0,1,0
25,250191,1,1,0,0,0,1,1,3,1145,24,5,2011,3,20,56,0,6,8,1525 COUNTY ROAD,,99998,42.13435833,-73.303986110,0,30,0,0,1,1,4,0,2,10,1,10,0,0000000,20,56,21,10,21,41,0,0,0,1,0
25,250192,1,1,0,0,0,1,1,27,98,8,3,2011,3,17,41,1,11,1,I-495,,664,42.39490000,-71.606580560,0,43,0,0,1,1,3,0,5,1,0,1,0,0000000,17,56,18,13,19,2,0,0,0,1,0
25,250193,1,1,0,0,0,1,1,21,370,9,4,2011,7,2,12,0,16,8,COCASSET STREET,,99998,42.06284444,-71.220308330,0,33,0,0,1,1,5,0,3,1,0,1,0,0000000,2,16,2,21,88,88,0,0,0,1,1
25,250194,1,1,0,0,0,1,1,9,765,26,3,2011,7,0,35,1,13,3,SR-213 RAMP,I-495,99998,42.73398889,-71.188850000,0,24,0,1,5,1,4,0,2,1,0,1,0,0000000,0,38,0,43,1,13,0,0,0,1,1
25,250195,1,1,0,0,0,1,1,27,820,3,4,2011,1,1,0,0,16,8,CHESTNUT HILL ROAD,TOWER ROAD,99998,42.06260556,-71.575380560,0,42,0,0,2,4,5,0,3,1,0,1,0,0000000,1,0,1,16,88,88,0,0,0,1,1
25,250196,1,1,0,0,0,1,1,23,560,22,5,2011,1,1,54,1,12,3,SR-27,,99998,42.00930833,-70.761991670,0,33,0,0,1,1,4,0,3,5,0,5,0,0000000,1,54,1,58,88,88,0,0,0,1,1
25,250197,2,2,0,0,0,3,3,15,295,10,8,2011,4,16,26,0,16,8,LOVEFIELD STREET,,99998,42.28079167,-72.653866670,0,12,2,0,1,1,1,0,1,1,0,1,0,0000000,16,26,16,34,99,99,0,0,0,2,0
25,250198,1,1,0,0,0,1,1,17,615,28,11,2011,2,23,46,1,12,3,SR-2,,99998,42.41765833,-71.209702780,0,24,0,0,1,1,4,0,3,1,0,1,0,0000000,23,53,0,0,0,25,0,0,0,1,1
25,250199,1,1,0,1,1,1,1,9,1000,22,9,2011,5,6,0,0,16,8,MAIN STREET,WASHINGTON STREET,0,42.52411667,-70.923138890,0,8,0,0,3,3,1,0,3,2,0,2,0,0000000,99,99,99,99,99,99,0,0,0,1,0
25,250200,1,1,0,0,0,1,1,5,895,18,8,2011,5,7,3,1,11,1,I-95,,78,41.99450278,-71.296247220,0,42,0,0,1,1,4,0,1,1,0,1,0,0000000,7,1,7,9,88,88,0,0,0,1,0
25,250201,1,1,0,0,0,1,1,17,1065,21,8,2011,1,21,34,1,11,1,I-93,,99998,42.50359722,-71.119350000,0,24,0,1,18,1,3,0,3,10,0,10,0,0000000,99,99,99,99,99,99,0,0,0,1,0
25,250202,1,1,0,0,0,1,1,23,560,20,6,2011,2,21,7,1,13,8,PEMBROKE STREET,,99998,42.01384167,-70.770016670,0,33,0,0,1,1,4,0,2,1,0,1,0,0000000,21,10,21,21,21,42,0,0,0,1,0
25,250203,1,1,0,0,0,2,2,27,1370,2,9,2011,6,13,45,1,1,1,I-90 W,,677,77.77770000,777.777700000,0,24,0,0,1,1,4,0,1,1,0,1,0,0000000,13,56,14,9,14,39,0,0,0,1,0
25,250204,2,2,0,0,0,5,5,27,1204,12,8,2011,6,13,0,1,11,1,I-495,,99998,77.77770000,777.777700000,0,54,11,0,1,1,1,0,1,1,0,1,0,0000000,13,10,13,15,99,99,14,0,0,1,0
25,250205,2,2,0,0,0,2,2,23,140,13,9,2011,3,12,45,0,14,8,EAST ASHLAND STREET,BISHOP STREET,0,42.09797222,-70.999605560,0,12,2,0,2,3,1,0,1,1,0,1,0,0000000,99,99,99,99,99,99,0,0,0,1,0
25,250206,2,2,0,0,0,2,2,17,1190,19,9,2011,2,14,59,1,11,1,I-93 N,,99998,77.77770000,777.777700000,0,54,11,0,1,1,1,0,1,1,0,1,0,0000000,99,99,99,99,99,99,14,0,0,1,0
25,250207,2,2,0,0,0,2,2,3,440,2,3,2011,4,12,50,1,13,2,US-7,,99998,77.77770000,777.777700000,0,12,2,0,1,1,1,0,1,1,0,1,0,0000000,12,53,12,57,99,99,0,0,0,1,1
25,250208,1,1,0,0,0,1,1,25,200,3,8,2011,4,18,58,1,13,3,SR-1,,99998,42.39674722,-71.036166670,0,24,0,0,1,1,4,0,1,1,0,1,0,0000000,99,99,99,99,99,99,0,0,0,1,0
25,250209,1,1,0,0,0,2,2,17,1305,4,9,2011,1,2,48,0,16,8,SHERBURNE AVENUE,,0,42.66980278,-71.404030560,0,42,0,0,1,1,4,0,2,1,0,1,0,0000000,2,48,2,57,3,28,0,0,0,1,0
25,250210,1,1,0,0,0,1,1,25,120,29,4,2011,6,13,53,0,14,8,BLUE HILL AVENUE,DUDLEY STREET,99998,42.32570000,-71.075227780,0,1,0,0,3,7,1,0,1,1,0,1,0,0000000,13,57,14,2,14,18,0,0,0,1,0
25,250211,2,2,0,0,0,4,4,17,1279,26,5,2011,5,9,52,1,12,2,US-20,LANDHAM ROAD,99998,42.36119444,-71.401766670,0,12,2,0,2,3,1,0,1,1,0,1,0,0000000,99,99,99,99,99,99,0,0,0,1,0
25,250212,3,3,0,0,0,3,3,27,350,9,9,2011,6,14,5,0,4,8,220 SUMMER STREET,BOUTELLE STREET,99998,42.57387778,-71.782302780,0,12,6,0,2,3,1,0,1,1,0,1,0,0000000,14,7,14,13,14,29,21,0,0,1,0
25,250213,1,1,0,0,0,1,1,5,895,19,10,2011,4,5,47,1,11,1,I-95,,99998,41.96945000,-71.296019440,0,21,0,1,18,1,3,0,2,1,0,1,0,0000000,99,99,99,99,88,88,0,0,0,1,0
25,250214,1,1,0,0,0,1,1,27,350,6,10,2011,5,2,46,0,16,8,PEARL HILL ROAD,FISHER ROAD,0,42.60735833,-71.790277780,0,38,0,0,2,4,4,0,3,1,0,1,0,0000000,99,99,99,99,88,88,0,0,0,1,1
25,250215,1,1,0,0,0,3,3,25,120,22,10,2011,7,1,0,0,16,8,RIVERWAY,BROOKLINE AVENEUE,0,42.33639167,-71.110105560,0,33,0,0,3,2,4,0,3,1,0,1,0,0000000,1,1,1,4,99,99,0,0,0,1,1
25,250216,2,2,0,0,0,5,5,27,1520,9,10,2011,1,2,11,0,13,3,SR-122 CHANDLER STREET,PIEDMONT STREET,0,42.26059722,-71.812205560,0,12,6,0,2,2,1,0,3,1,0,1,0,0000000,99,99,99,99,99,99,0,0,0,2,2
25,250217,2,2,0,0,0,2,2,5,850,13,10,2011,5,6,47,0,16,8,COVE ROAD,,0,41.61511389,-70.925844440,0,12,2,0,1,1,1,0,1,2,0,2,0,0000000,99,99,99,99,88,88,0,0,0,1,0
25,250218,2,1,1,0,1,1,2,21,1060,18,10,2011,3,10,5,1,13,3,SR-3A,CHUBBUCK STREET,99998,42.24689444,-70.978050000,0,45,0,0,2,2,1,3,1,10,0,10,0,0000000,99,99,99,99,99,99,0,0,0,1,0
25,250219,3,3,0,0,0,3,3,21,1465,19,10,2011,4,10,7,0,19,8,RANDOLPH STREET,,99998,42.16821389,-70.972052780,0,12,6,0,1,1,1,0,1,10,2,2,0,0000000,99,99,99,99,99,99,0,0,0,1,0
25,250220,2,2,0,0,0,2,2,27,585,4,11,2011,6,16,21,0,16,8,STAFFORD STREET,,0,42.21136389,-71.884713890,0,12,1,0,1,1,1,0,1,1,0,1,0,0000000,16,30,16,34,17,6,0,0,0,1,0
25,250221,2,2,0,1,1,2,2,21,1465,22,11,2011,3,20,25,0,12,3,SR-53,SEAVER ROAD,99998,42.20004444,-70.939808330,0,8,0,0,3,1,1,0,3,10,0,10,0,0000000,20,30,20,32,20,50,0,0,0,1,0