STATE,ST_CASE,VE_TOTAL,VE_FORMS,PVH_INVL,PEDS,PERNOTMVIT,PERMVIT,PERSONS,COUNTY,CITY,DAY,MONTH,YEAR,DAY_WEEK,HOUR,MINUTE,NHS,ROAD_FNC,ROUTE,TWAY_ID,TWAY_ID2,MILEPT,LATITUDE,LONGITUD,SP_JUR,HARM_EV,MAN_COLL,RELJCT1,RELJCT2,TYP_INT,REL_ROAD,WRK_ZONE,LGT_COND,WEATHER1,WEATHER2,WEATHER,SCH_BUS,RAIL,NOT_HOUR,NOT_MIN,ARR_HOUR,ARR_MIN,HOSP_HR,HOSP_MN,CF1,CF2,CF3,FATALS,DRUNK_DR
25,250222,1,1,0,0,0,1,1,5,254,15,6,2011,4,17,36,0,9,8,TREMONT STREET,,99998,41.85620000,-71.136108330,0,42,0,0,1,1,5,0,1,1,0,1,0,0000000,99,99,99,99,99,99,0,0,0,1,1
25,250223,1,1,0,1,1,1,1,1,694,1,7,2011,6,22,21,0,9,8,OLD BARNSTABLE ROAD,,0,41.61179167,-70.518380560,0,8,0,0,1,1,2,0,2,1,0,1,0,0000000,22,23,22,28,23,5,0,0,0,1,1
25,250224,2,2,0,0,0,2,2,9,35,1,7,2011,6,4,12,1,11,1,I-93 N,,99998,77.77770000,777.777700000,0,12,6,0,1,1,1,0,2,1,0,1,0,0000000,99,99,99,99,99,99,19,0,0,1,1
25,250225,1,1,0,1,1,1,1,13,15,4,7,2011,2,14,45,0,13,3,SR-147 SPRINGFIELD STREET,,99998,42.08494444,-72.643577780,0,8,0,0,1,1,1,0,1,1,0,1,0,0000000,99,99,99,99,99,99,0,0,0,1,0
25,250226,1,1,0,1,1,1,1,23,1040,6,7,2011,4,16,31,0,14,8,CHERRY STREET,,99998,41.97260278,-70.689041670,0,9,0,0,4,1,1,0,1,1,0,1,0,0000000,99,99,99,99,99,99,0,0,0,1,0
25,250227,2,2,0,0,0,3,3,3,10,22,7,2011,6,12,25,1,13,3,SR-8,,99998,42.64632500,-73.103655560,0,12,1,0,8,1,1,0,1,1,0,1,0,0000000,12,26,12,29,99,99,0,0,0,1,0
25,250228,2,2,0,0,0,3,3,11,1265,11,9,2011,1,18,30,0,3,3,SR-116 AMHERST ROAD,,99998,42.43021389,-72.542569440,0,12,8,0,1,1,1,0,1,1,0,1,0,0000000,99,99,99,99,99,99,0,0,0,1,0
25,250229,2,2,0,0,0,2,2,5,251,1,8,2011,2,11,47,0,19,8,HAWTHORN STREET,,0,77.77770000,777.777700000,0,12,1,0,1,1,1,0,1,1,0,1,0,0000000,99,99,99,99,99,99,0,0,0,1,1
25,250230,2,2,0,0,0,2,2,21,1465,9,11,2011,4,12,36,1,12,2,US-1,UNION STREET,0,42.15893333,-71.200955560,0,12,6,0,2,2,1,0,1,1,0,1,0,0000000,12,37,12,42,13,5,0,0,0,1,0
25,250231,2,2,0,0,0,2,2,1,694,15,8,2011,2,6,56,0,4,8,GREAT NECK ROAD,,99998,41.63797500,-70.485486110,0,24,0,0,1,1,4,0,1,2,0,2,0,0000000,99,99,99,99,99,99,0,0,0,1,0
25,250232,2,2,0,0,0,4,4,13,1446,25,9,2011,1,0,34,1,13,2,US-20 WESTFIELD STREET,,99998,42.10530278,-72.661375000,0,12,2,0,1,1,1,0,3,1,0,1,0,0000000,99,99,99,99,99,99,0,0,0,2,1
25,250233,1,1,0,1,1,1,1,9,765,12,7,2011,3,11,27,0,19,8,BRUCE STREET,,99998,42.73815000,-71.172116670,0,8,0,0,1,1,1,0,1,1,0,1,0,0000000,11,29,11,31,88,88,0,0,0,1,0
25,250234,1,1,0,0,0,1,1,3,476,26,7,2011,3,15,34,0,3,3,SR-8 WASHINGTON ROAD,,99998,42.41155833,-73.119647220,0,18,0,0,1,1,1,0,1,2,0,2,0,0000000,15,35,15,42,88,88,0,0,0,1,0
25,250235,1,1,0,0,0,1,1,13,830,2,8,2011,3,19,40,0,4,8,LOWER HAMPDEN ROAD,,99998,77.77770000,777.777700000,0,42,0,0,1,1,4,0,1,1,0,1,0,0000000,19,41,19,45,20,6,0,0,0,1,0
25,250236,2,2,0,0,0,4,4,27,585,30,10,2011,1,10,51,0,14,3,SR-56,,99998,77.77770000,777.777700000,0,12,2,0,1,1,1,0,1,4,0,4,0,0000000,10,51,10,55,11,34,0,0,0,1,0
25,250237,1,1,0,0,0,1,1,17,375,24,11,2011,5,3,10,0,16,8,FRANKLIN STREET,,0,42.36413889,-71.533188890,0,42,0,0,1,1,4,0,6,1,0,1,0,0000000,99,99,99,99,99,99,0,0,0,1,1
25,250238,1,1,0,0,0,1,1,3,580,5,8,2011,6,2,14,0,9,2,US-7 KEMBLE STREET,,99998,77.77770000,777.777700000,0,43,0,0,1,1,5,0,3,1,0,1,0,0000000,99,98,99,98,88,88,0,0,0,1,0
25,250239,1,1,0,0,0,2,2,13,15,12,8,2011,6,0,0,0,9,8,BARRY STREET,S WEST STREET,0,42.04153889,-72.700294440,0,42,0,0,3,2,4,0,3,1,0,1,0,0000000,0,2,0,9,0,54,0,0,0,1,1
25,250240,1,1,0,0,0,1,1,13,1247,21,8,2011,1,11,22,0,3,3,SR-57,,99998,42.06083889,-72.787197220,0,53,0,0,1,1,5,0,1,10,1,10,0,0000000,99,99,99,99,99,99,0,0,0,1,0
25,250241,1,1,0,0,0,3,3,1,243,24,8,2011,4,11,14,0,6,8,MAIN STREET,,0,41.61986944,-70.434786110,0,33,0,0,1,1,4,0,1,1,0,1,0,0000000,99,99,99,99,99,99,0,0,0,1,0
25,250242,1,1,0,0,0,1,1,23,926,27,8,2011,7,0,24,0,16,8,NORWELL AVENUE,LINCOLN STREET,0,42.17319444,-70.818125000,0,1,0,0,3,2,1,0,3,1,0,1,0,0000000,0,24,0,32,88,88,0,0,0,1,1
25,250243,1,1,0,0,0,1,1,27,1045,7,9,2011,4,15,1,0,14,3,SR-31 WORCESTER ROAD,,366,42.42730556,-71.876513890,0,42,0,0,1,1,4,0,1,2,0,2,0,0000000,99,99,99,99,88,88,0,0,0,1,0
25,250244,1,1,0,0,0,1,1,27,610,18,9,2011,1,0,53,0,14,8,MERRIAM AVENUE,,0,42.53312778,-71.770297220,0,42,0,0,1,1,5,0,6,1,0,1,0,0000000,0,56,1,2,88,88,0,0,0,1,1
25,250245,1,1,0,0,0,1,1,5,1268,10,9,2011,7,1,22,1,11,1,I-195 E,,99998,41.74915556,-71.217983330,0,1,0,1,18,1,1,0,6,98,0,98,0,0000000,1,23,1,28,88,88,0,0,0,1,1
25,250246,2,2,0,0,0,5,5,17,455,1,11,2011,3,15,46,0,12,3,SR-119,,99998,42.58671667,-71.533141670,0,12,2,0,1,1,1,0,1,1,0,1,0,0000000,15,46,15,53,16,20,0,0,0,1,0
25,250247,1,1,0,1,1,2,2,13,15,10,11,2011,5,16,51,0,12,3,SR-147,KENSINGTON STREET,99998,42.07484444,-72.656527780,0,8,0,0,2,2,1,0,3,2,0,2,0,0000000,16,51,16,53,17,11,0,0,0,1,0
25,250248,1,1,0,1,1,1,1,27,1520,26,11,2011,7,16,37,0,14,3,SR-70,,99998,42.27865833,-71.794030560,0,8,0,0,1,1,1,0,5,1,0,1,0,0000000,16,38,16,49,16,59,0,0,0,1,0
25,250249,1,1,0,1,1,1,1,5,1268,11,10,2011,3,18,57,0,16,5,SHARPS LOT ROAD,,0,41.77726667,-71.171441670,0,8,0,0,1,1,1,0,3,1,0,1,0,0000000,19,5,19,14,19,32,0,0,0,1,0
25,250250,1,1,0,2,2,1,1,5,315,8,11,2011,3,17,29,0,16,8,SCONTICUT NECK ROAD,,99998,41.63193056,-70.873991670,0,8,0,0,1,1,1,0,5,1,0,1,0,0000000,17,32,17,34,17,58,0,0,0,1,0
25,250251,1,1,0,0,0,2,2,21,1530,30,12,2011,6,1,12,0,16,8,THURSTON STREET,,0,42.06466111,-71.309100000,0,38,0,0,1,1,4,0,3,1,0,1,0,0000000,1,11,1,19,2,28,0,0,0,1,1
25,250252,1,1,0,1,1,1,1,27,1520,22,11,2011,3,10,6,0,14,3,SR-70,,99998,42.29560833,-71.771522220,0,8,0,0,1,1,1,0,1,10,0,10,0,0000000,10,7,10,17,88,88,0,0,0,1,0
25,250253,1,1,0,1,1,1,1,27,1520,19,12,2011,2,6,56,0,13,3,SR-122 CHANDLER STREET,BELLEVUE STREET,0,42.26059167,-71.817122220,0,8,0,0,3,2,1,2,3,1,0,1,0,0000000,6,59,7,0,7,11,0,0,0,1,0
25,250254,1,1,0,0,0,2,2,9,650,5,12,2011,2,1,6,1,13,3,SR-107 WESTERN AVENUE,,99998,42.45098611,-70.978952780,0,25,0,0,1,1,3,0,3,10,0,10,0,0000000,99,99,99,99,99,99,0,0,0,1,1
25,250255,1,1,0,1,1,1,1,3,1030,3,10,2011,2,7,46,1,13,3,SR-9 EAST STREET,WILLIS STREET,99998,42.44789167,-73.249997220,0,9,0,0,2,3,1,0,1,1,0,1,1,0000000,99,99,99,99,99,99,0,0,0,1,0
25,250256,1,1,0,0,0,1,1,27,1520,31,12,2011,7,7,8,0,19,8,SALISBURY STREET,,0,42.30416667,-71.844900000,0,30,0,0,1,1,4,0,4,3,0,3,0,0000000,7,9,7,17,7,36,0,0,0,1,0
25,250257,1,1,0,0,0,1,1,27,480,29,12,2011,5,22,22,0,6,8,RESERVOIR STREET,,0,42.29517222,-71.866811110,0,39,0,0,1,1,4,0,2,1,0,1,0,0000000,99,99,99,99,88,88,0,0,0,1,0
25,250258,1,1,0,1,1,1,1,17,170,27,12,2011,3,19,40,0,16,8,VASSAR STREET,MASSACHUSETTS AVENUE,0,42.36015278,-71.094805560,0,9,0,0,3,2,1,0,3,2,0,2,0,0000000,19,41,19,46,19,54,0,0,0,1,0
25,250259,1,1,0,0,0,1,1,25,1070,26,12,2011,2,7,15,1,13,2,US-1A NORTH,,99998,42.44477778,-70.965702780,0,33,0,0,1,1,4,0,1,1,0,1,0,0000000,99,99,99,99,88,88,0,0,0,1,0
25,250260,1,1,0,0,0,1,1,5,7,17,12,2011,7,18,21,0,16,8,LEONARD STREET,,0,41.72116389,-70.900477780,0,39,0,0,1,1,4,0,3,1,0,1,0,0000000,18,23,18,27,88,88,0,0,0,1,1
25,250261,1,1,0,0,0,3,3,9,760,16,12,2011,6,1,39,1,11,1,I-495,,99998,42.83371667,-70.979352780,0,1,0,0,1,1,3,0,2,1,0,1,0,0000000,1,43,1,51,2,39,0,0,0,2,1
25,250262,2,2,0,0,0,2,2,17,520,27,11,2011,1,12,10,1,13,3,SR-495,,99998,77.77770000,777.777700000,0,12,7,0,1,1,1,0,1,1,0,1,0,0000000,12,16,12,21,12,59,0,0,0,1,0
25,250263,1,1,0,0,0,3,3,3,1030,27,11,2011,1,1,2,0,16,8,CRANE AVENUE,,99998,42.47432500,-73.237852780,0,5,0,0,1,1,1,0,3,1,0,1,0,0000000,99,99,99,99,99,99,0,0,0,1,1
25,250264,1,1,0,0,0,3,3,21,1140,27,12,2011,3,13,56,1,11,1,I-95 S,,99998,77.77770000,777.777700000,0,24,0,9,99,1,4,0,1,1,0,1,0,0000000,13,58,14,13,99,99,0,0,0,1,0
25,250265,4,1,3,0,0,4,4,23,140,23,4,2011,7,0,36,0,16,8,PROVOST STREET,,0,42.08743611,-71.003780560,0,33,0,0,1,1,4,0,3,10,0,10,0,0000000,0,41,0,42,1,6,0,0,0,1,0
25,250266,2,2,0,0,0,2,2,23,1005,2,1,2011,1,15,33,0,16,8,LAKE STREET,PLAIN STREET,99998,42.03578333,-70.800008330,0,12,6,0,2,2,1,0,1,5,0,5,0,0000000,15,37,15,40,16,5,0,0,0,1,0
25,250267,2,2,0,0,0,2,2,15,1350,14,4,2011,5,17,43,1,2,3,SR-9 BELCHERTOWN RD,,646,77.77770000,777.777700000,0,12,6,0,8,1,1,0,1,1,0,1,0,0000000,17,48,17,54,18,31,0,0,0,1,0
25,250268,1,1,0,0,0,3,3,5,912,28,11,2011,2,8,26,0,16,8,SPRING STREET,,0,41.86481111,-71.123080560,0,33,0,0,1,1,4,0,1,10,0,10,0,0000000,99,99,99,99,99,99,0,0,0,1,0
25,250269,1,1,0,1,1,1,1,9,570,6,1,2011,5,8,16,0,16,8,HIGH STREET,PLEASANT STREET,99998,42.71063889,-71.147511110,0,8,0,0,3,2,1,0,1,1,0,1,0,0000000,99,99,99,99,99,99,0,0,0,1,0
25,250270,1,1,0,0,0,5,5,17,375,3,12,2011,7,2,19,0,16,8,BADGER ROAD,,0,42.28026667,-71.460886110,0,30,0,0,1,1,4,0,2,1,0,1,0,0000000,99,99,99,99,99,99,0,0,0,1,1
25,250271,1,1,0,0,0,2,2,9,1110,3,12,2011,7,14,50,0,16,8,MARLBOROUGH ROAD,,0,42.50315556,-70.924375000,0,30,0,0,1,1,4,0,1,1,0,1,0,0000000,99,99,99,99,99,99,0,0,0,1,0
25,250272,1,1,0,1,1,1,1,17,157,14,8,2011,1,20,2,1,13,2,US-3A CAMBRIDGE STREET,,99998,42.50611944,-71.195705560,0,8,0,0,1,1,1,0,3,10,2,2,0,0000000,20,4,20,5,20,23,0,0,0,1,1
25,250273,2,2,0,2,2,3,3,9,654,25,11,2011,6,23,45,1,11,1,I-95,,99998,77.77770000,777.777700000,0,8,0,0,1,1,1,0,2,1,0,1,0,0000000,99,99,99,99,99,99,0,0,0,1,0
25,250274,2,2,0,0,0,2,2,17,60,15,11,2011,3,5,45,0,3,3,SR-2A LITTLETON ROAD,,99998,77.77770000,777.777700000,0,12,2,0,1,1,1,0,2,1,0,1,0,0000000,5,44,5,46,99,99,0,0,0,1,0
25,250275,2,2,0,0,0,2,2,23,1040,7,12,2011,4,14,35,1,2,3,SR-3  N,,98,77.77770000,777.777700000,0,12,6,0,1,1,1,0,1,2,0,2,0,0000000,14,43,14,51,88,88,0,0,0,1,0
25,250276,1,1,0,1,1,1,1,21,925,16,12,2011,6,6,25,0,16,8,PLEASANT STREET,,0,42.17096111,-71.203644440,0,8,0,0,1,1,1,0,3,10,0,10,0,0000000,6,23,6,27,88,88,0,0,0,1,0
25,250277,1,1,0,1,1,1,1,17,375,11,11,2011,6,19,42,0,12,3,SR-135,,99998,42.27628611,-71.418302780,0,8,0,0,1,1,1,0,3,1,0,1,0,0000000,19,42,19,46,20,18,0,0,0,1,0
25,250278,2,2,0,1,1,1,1,9,470,18,12,2011,1,5,20,1,13,3,SR-125,,99998,42.77178056,-71.075733330,0,8,0,0,1,1,1,0,3,10,0,10,0,0000000,5,19,5,26,5,50,0,0,0,1,1
25,250279,2,2,0,0,0,2,2,17,124,19,12,2011,2,16,43,0,16,8,LIBERTY SQUARE ROAD,,0,42.48742778,-71.495780560,0,12,2,0,1,1,1,0,2,1,0,1,0,0000000,16,46,16,48,17,41,0,0,0,1,0
25,250280,2,2,0,0,0,4,4,17,157,24,12,2011,7,13,49,0,16,8,WINN STREET,CENTER STREET,0,42.50147222,-71.183558330,0,12,2,0,2,4,1,0,1,1,0,1,0,0000000,13,49,13,52,14,9,0,0,0,1,0
25,250281,2,1,1,0,0,2,2,5,670,26,12,2011,2,6,45,1,11,1,I-495 N,,314,42.01262500,-71.232919440,0,1,0,0,1,1,3,0,4,10,0,10,0,0000000,6,53,6,59,7,26,19,0,0,1,0
25,250282,2,2,0,0,0,3,3,17,1279,27,12,2011,3,16,12,1,13,2,US-20 BOSTON POST ROAD,S BRIMSTONE LANE,99998,42.35921667,-71.459469440,0,12,1,0,3,3,1,0,1,2,10,2,0,0000000,16,9,16,12,16,51,0,0,0,1,0
25,250283,2,2,0,0,0,4,4,23,677,28,12,2011,4,20,44,1,11,1,I-195 W,,358,41.68133611,-70.814208330,0,12,1,0,1,1,1,0,2,98,0,98,0,0000000,20,44,20,53,99,99,23,0,0,1,0
25,250284,1,1,0,1,1,1,1,21,1465,28,12,2011,4,8,55,0,13,3,SR-53 WASHINGTON STREET,VINE STREET,0,42.21491667,-70.962091670,0,8,0,0,3,3,1,0,1,1,0,1,0,0000000,99,99,99,99,99,99,0,0,0,1,0
25,250285,2,2,0,0,0,2,2,27,1370,29,12,2011,5,0,22,0,9,3,SR-19 BRIMFIELD RD,,99998,42.19086944,-72.202586110,0,30,0,0,1,1,4,0,3,1,0,1,0,0000000,0,22,0,35,88,88,0,0,0,1,1
25,250286,3,3,0,0,0,5,5,27,1520,24,6,2011,6,23,33,0,12,3,SR-122,,99998,42.24455278,-71.756650000,0,12,2,0,1,1,1,0,3,2,10,2,0,0000000,0,8,0,8,99,99,0,0,0,1,1
25,250287,3,3,0,0,0,3,3,9,892,21,3,2011,2,5,29,1,12,3,SR-114,,34,42.65053611,-71.094533330,0,12,7,0,1,1,1,0,1,1,0,1,0,0000000,5,34,5,35,5,54,0,0,0,1,0
25,250288,2,2,0,0,0,2,2,1,184,15,3,2011,3,8,35,0,5,3,SR-28,LUMBERT HILL ROAD,99998,41.65227778,-70.371461110,0,12,6,0,2,2,1,0,1,1,0,1,0,0000000,99,99,99,99,99,99,0,0,0,1,0
25,250289,1,1,0,0,0,1,1,21,1465,31,5,2011,3,11,33,0,19,8,NORTH STREET,COMMERCIAL STREET,0,42.22795000,-70.942666670,0,1,0,0,3,3,1,0,1,1,0,1,0,0000000,99,99,99,99,99,99,0,0,0,1,0
25,250290,1,1,0,0,0,1,1,23,1360,24,5,2011,3,19,8,0,12,3,SR-25,,99998,41.77342500,-70.697044440,0,7,0,0,1,1,1,0,1,1,0,1,0,0000000,99,99,99,99,99,99,0,0,0,1,1
25,250291,1,1,0,0,0,1,1,9,470,29,5,2011,1,15,30,0,14,8,PRIMROSE STREET,,99998,42.79374444,-71.088402780,0,7,0,0,1,1,1,0,1,1,0,1,0,0000000,15,23,15,24,15,57,0,0,0,1,1
25,250292,2,1,1,0,0,1,1,9,654,27,6,2011,2,0,55,0,16,8,SALEM STREET,WALNUT STREET,99998,42.51263611,-71.028033330,0,14,0,0,3,2,4,4,2,1,0,1,0,0000000,99,99,99,99,88,88,0,0,0,1,0
25,250293,1,1,0,0,0,1,1,9,570,30,8,2011,3,21,7,0,14,8,CANAL STREET,,99998,42.70400000,-71.164000000,0,33,0,0,1,1,4,0,2,10,0,10,0,0000000,21,11,21,16,21,37,0,0,0,1,0
25,250294,2,2,0,0,0,2,2,9,1125,29,5,2011,1,6,20,0,16,8,WALNUT STREET,,0,42.49526389,-71.020138890,0,12,2,0,1,1,1,0,1,1,0,1,0,0000000,99,99,99,99,99,99,0,0,0,1,0
25,250296,2,1,1,0,0,1,1,27,533,17,5,2011,3,19,44,0,4,8,BRIGHAM STREET,,99998,42.48175000,-71.990050000,0,38,0,0,1,1,5,0,2,2,10,2,0,0000000,19,44,19,52,88,88,0,0,0,1,1
25,250297,1,1,0,0,0,1,1,23,464,29,5,2011,1,17,37,0,16,8,SUMMER STREET,EVERGREEN LANE,99998,42.11411111,-70.884036110,0,33,0,0,3,3,4,0,1,1,0,1,0,0000000,17,36,17,41,18,3,0,0,0,1,1
25,250298,1,1,0,0,0,1,1,27,1278,14,4,2011,5,21,9,0,16,8,CEDAR STREET,,99998,77.77770000,777.777700000,0,35,0,0,1,1,4,0,2,1,0,1,0,0000000,21,4,21,10,21,41,0,0,0,1,1
25,250299,1,1,0,0,0,1,1,25,120,24,12,2011,7,3,55,0,19,3,SR-1A SUMNER TUNNEL RAMP,STORROW DRIVE,99998,42.37072778,-71.043311110,0,26,0,0,5,1,1,0,3,1,0,1,0,0000000,4,0,4,8,88,88,0,0,0,1,1
25,250300,2,2,0,0,0,2,2,5,1064,12,8,2011,6,4,52,1,12,3,SR-24,,99998,41.93285000,-71.026630560,0,1,0,0,1,1,1,2,2,1,0,1,0,0000000,4,56,5,5,88,88,3,14,0,1,0
25,250301,2,2,0,0,0,5,5,23,464,3,2,2011,5,9,5,1,13,3,SR-53 WASHINGTON STREET,MILL STREET,99998,42.14198333,-70.843738890,0,12,2,0,3,2,1,0,1,10,4,4,1,0000000,9,4,9,6,9,28,0,0,0,1,0
25,250302,2,1,1,1,2,1,2,17,5,7,4,2011,5,18,51,1,12,3,SR-2,,1194,42.47041111,-71.418138890,0,8,0,0,1,1,2,0,1,1,0,1,0,0000000,18,56,18,58,99,99,23,0,0,1,0
25,250303,1,1,0,0,0,6,6,17,1190,22,4,2011,6,3,30,0,12,3,SR-28,WASHINGTON STREET,99998,42.38020000,-71.089961110,0,33,0,1,18,1,4,0,3,1,0,1,0,0000000,99,99,99,99,99,99,0,0,0,2,1
25,250304,2,2,0,0,0,4,4,9,35,11,6,2011,7,6,55,1,11,1,I-93,,99998,42.68558611,-71.203877780,0,12,6,0,1,1,1,0,1,10,0,10,0,0000000,6,55,7,4,7,33,3,0,0,2,1
25,250305,2,2,0,1,1,1,1,11,1150,12,6,2011,1,1,48,1,2,3,SR-2 MOHAWK TRAIL,,429,42.59974444,-72.670469440,0,12,7,0,1,1,1,0,2,2,0,2,0,0000000,1,46,2,0,2,20,0,0,0,1,1
25,250306,1,1,0,0,0,1,1,9,1000,5,7,2011,3,0,50,1,13,2,US-1,SR-128,99998,42.52804722,-70.994111110,0,1,0,1,18,1,1,0,3,1,0,1,0,0000000,99,99,99,99,88,88,0,0,0,1,0
25,250307,1,1,0,0,0,1,1,5,1064,12,7,2011,3,18,47,1,11,1,I-495 S EXIT 8,,99998,41.95906389,-71.066061110,0,1,0,1,18,1,1,0,1,1,0,1,0,0000000,18,51,18,58,19,26,0,0,0,1,0
25,250308,1,1,0,0,0,1,1,9,255,17,7,2011,1,3,18,0,13,2,US-1 NEWBURY STREET,,99998,42.58333056,-70.967661110,0,24,0,0,1,1,4,0,2,1,0,1,0,0000000,4,2,99,98,88,88,19,0,0,1,1
25,250309,4,4,0,0,0,5,5,9,1125,23,7,2011,7,2,30,1,12,2,US-1,,99998,42.45493889,-71.023550000,0,12,99,1,5,1,1,0,3,1,0,1,0,0000000,99,99,99,99,88,88,0,0,0,1,0
25,250310,1,1,0,0,0,2,2,9,859,27,7,2011,4,17,14,1,11,1,I-95 N,,99998,42.75817500,-70.940288890,0,1,0,1,18,1,1,0,1,1,0,1,0,0000000,17,16,17,20,99,99,0,0,0,1,0
25,250311,1,1,0,0,0,1,1,5,850,13,8,2011,7,3,40,1,12,3,SR-140 S,,99998,41.71983889,-70.943030560,0,42,0,0,1,1,3,0,2,1,0,1,0,0000000,99,99,99,99,88,88,0,0,0,1,1
25,250312,1,1,0,1,1,1,1,25,200,28,8,2011,1,0,30,1,13,3,SR-16 EAST,WASHINGTON AVENUE,99998,42.40383889,-71.035969440,0,8,0,0,3,2,1,0,2,2,10,2,0,0000000,99,99,99,99,99,99,0,0,0,1,0
25,250313,1,1,0,0,0,1,1,9,255,29,8,2011,2,18,55,1,13,2,US-1 NEWBURY STREET,,99998,42.58333056,-70.967661110,0,33,0,0,1,1,3,0,1,10,0,10,0,0000000,18,53,19,0,19,26,0,0,0,1,0
25,250314,2,2,0,0,0,4,4,5,1067,21,10,2011,6,22,45,1,11,1,I-195 W,,99998,41.77730000,-71.272800000,0,12,6,0,1,1,1,0,2,1,0,1,0,0000000,22,59,23,25,99,99,0,0,0,1,1
25,250315,2,2,0,0,0,2,2,5,385,24,11,2011,5,0,18,1,12,3,SR-24 AMVETS MEMORIAL HWY,,99998,41.77431111,-71.087819440,0,1,0,0,1,1,2,0,2,1,0,1,0,0000000,0,18,0,29,1,6,0,0,0,1,1
25,250317,1,1,0,0,0,1,1,27,1172,24,9,2011,7,20,14,0,16,8,BAKERS AVENUE,,99998,42.27955000,-71.747238890,0,42,0,0,1,1,4,0,3,10,0,10,0,0000000,20,13,20,16,20,38,0,0,0,1,0
25,250318,1,1,0,1,1,1,1,13,990,17,11,2011,5,17,46,0,3,3,SR-32 THORNDIKE STREET,,99998,42.16738333,-72.326086110,0,8,0,0,1,1,1,0,3,10,0,10,0,0000000,17,49,17,51,18,36,0,0,0,1,0
25,250319,2,2,0,0,0,3,3,1,293,14,8,2011,1,18,58,0,19,8,MASSASOIT ROAD,ASPINET ROAD,0,41.86625278,-69.995816670,0,12,6,0,2,3,1,0,1,10,0,10,0,0000000,18,58,19,6,19,48,0,0,0,1,0
25,250320,1,1,0,1,1,1,1,9,1110,2,9,2011,6,6,49,1,12,3,SR-107,HERITAGE DRIVE,99998,42.51339167,-70.908063890,0,8,0,0,2,3,1,0,1,10,0,10,0,0000000,99,99,99,99,99,99,0,0,0,1,0
25,250321,1,1,0,0,0,1,1,9,122,10,8,2011,4,21,47,1,11,1,I-95,,99998,77.77770000,777.777700000,0,41,0,8,98,1,4,0,2,1,0,1,0,0000000,21,59,22,8,22,35,0,0,0,1,0
25,250322,2,1,1,0,0,1,1,9,1110,1,6,2011,4,12,47,0,13,3,SR-1A LORING AVENUE,,99998,42.49860278,-70.895191670,0,14,0,0,1,1,7,0,1,1,0,1,0,0000000,99,99,99,99,99,99,0,0,0,1,0
25,250323,2,2,0,0,0,4,4,21,810,13,12,2011,3,9,19,1,13,3,SR-109 MAIN STREET,EXCHANGE STREET,99998,42.16588333,-71.361266670,0,12,6,0,2,3,1,0,1,1,0,1,0,0000000,9,23,9,24,9,50,0,0,0,1,0
25,250324,2,2,0,0,0,2,2,9,654,24,6,2011,6,16,11,0,16,8,MAIN STREET,,99998,42.53852222,-71.053222220,0,59,0,0,1,1,1,0,1,1,0,1,0,0000000,99,99,99,99,99,99,0,0,0,1,0
25,250325,1,1,0,0,0,1,1,23,465,15,9,2011,5,22,30,0,16,8,HIGH STREET,,99998,42.05350278,-70.876286110,0,39,0,0,1,1,5,0,2,2,8,2,0,0000000,22,30,22,33,23,13,0,0,0,1,0
25,250326,2,2,0,0,0,2,2,3,1480,6,9,2011,3,17,14,0,5,3,SR-7,,99998,42.61152222,-73.232022220,0,12,2,0,1,1,1,0,1,2,0,2,0,0000000,99,99,99,99,99,99,0,0,0,1,1
25,250327,1,1,0,0,0,2,2,5,1268,23,4,2011,7,17,9,0,15,3,SR-136,I-95 RAMP,99998,41.77466111,-71.265711110,0,42,0,0,5,1,4,0,1,10,0,10,0,0000000,99,99,99,99,99,99,0,0,0,1,0
25,250328,2,2,0,0,0,2,2,3,1480,13,10,2011,5,6,3,0,2,2,US-7,,99998,42.71118611,-73.218188890,0,12,2,0,1,1,1,0,2,2,0,2,0,0000000,5,51,6,1,99,99,0,0,0,1,0
25,250329,1,1,0,1,1,3,3,17,1340,23,11,2011,4,18,6,0,16,8,SCHOOL STREET,CHURCH STREET,99998,42.37791667,-71.234411110,0,8,0,0,2,2,1,0,3,10,0,10,0,0000000,18,9,18,9,18,27,0,0,0,1,0
25,250330,2,2,0,0,0,2,2,23,2,25,10,2011,3,6,3,0,14,3,SR-123,,99998,42.09741111,-70.963641670,0,12,6,0,8,1,1,0,3,1,0,1,0,0000000,99,99,99,99,99,99,0,0,0,1,0
25,250332,2,1,1,0,1,1,2,25,120,6,2,2011,1,23,31,0,16,8,BELGRADE AVENUE,,0,42.28619444,-71.138950000,0,45,0,0,1,1,1,2,3,10,0,10,0,0000000,23,32,23,36,23,55,0,0,0,1,1
25,250333,1,1,0,0,0,3,3,27,565,2,4,2011,7,22,20,1,2,3,SR-2,,1058,42.52138889,-71.652500000,0,5,0,0,1,1,1,0,2,1,0,1,0,0000000,99,99,99,99,99,99,0,0,0,1,0
25,250334,1,1,0,0,0,1,1,17,490,8,10,2011,7,21,58,0,16,8,CENTRAL STREET,,99998,77.77770000,777.777700000,0,42,0,0,1,1,5,0,3,1,0,1,0,0000000,99,99,99,99,99,99,0,0,0,1,0