STATE,ST_CASE,VE_TOTAL,VE_FORMS,PVH_INVL,PEDS,PERNOTMVIT,PERMVIT,PERSONS,COUNTY,CITY,DAY,MONTH,YEAR,DAY_WEEK,HOUR,MINUTE,NHS,ROAD_FNC,ROUTE,TWAY_ID,TWAY_ID2,MILEPT,LATITUDE,LONGITUD,SP_JUR,HARM_EV,MAN_COLL,RELJCT1,RELJCT2,TYP_INT,REL_ROAD,WRK_ZONE,LGT_COND,WEATHER1,WEATHER2,WEATHER,SCH_BUS,RAIL,NOT_HOUR,NOT_MIN,ARR_HOUR,ARR_MIN,HOSP_HR,HOSP_MN,CF1,CF2,CF3,FATALS,DRUNK_DR
25,250335,1,1,0,1,1,1,1,17,535,24,1,2011,2,17,51,0,14,3,SR-85,,99998,42.37440278,-71.563355560,0,8,0,0,1,1,2,0,2,1,0,1,0,0000000,99,99,99,99,99,99,0,0,0,1,0
25,250337,1,1,0,0,0,1,1,17,157,29,5,2011,1,1,43,1,11,1,I-95,,99998,42.48666111,-71.194050000,0,24,0,1,18,1,3,0,3,1,0,1,0,0000000,1,48,1,52,88,88,0,0,0,1,0
25,250339,1,1,0,0,0,1,1,13,1270,1,8,2011,2,4,11,0,13,8,ST JAMES AVENUE,MAGAZINE STREET,0,42.10990556,-72.574302780,0,33,0,0,3,7,4,0,3,1,0,1,0,0000000,4,12,4,15,4,47,0,0,0,1,0
25,250340,3,1,2,0,0,2,2,25,120,13,8,2011,7,1,37,0,16,8,BOWDOIN STREET,,99998,42.30060556,-71.072075000,0,14,0,0,1,1,4,0,3,1,0,1,0,0000000,1,38,1,47,1,59,0,0,0,1,0
25,250341,1,1,0,0,0,1,1,5,1064,16,10,2011,1,4,50,1,12,3,SR-24,,99998,77.77770000,777.777700000,0,31,0,0,1,1,4,0,2,1,0,1,0,0000000,5,10,5,17,5,47,0,0,0,1,0
25,250342,1,1,0,0,0,1,1,23,1040,22,8,2011,2,16,58,0,6,8,TAYLOR AVENUE,WHITE HORSE ROAD,0,41.93337778,-70.560902780,0,39,0,0,3,8,4,0,1,1,0,1,0,0000000,99,99,99,99,99,99,0,0,0,1,0
25,250343,1,1,0,0,0,2,2,15,890,28,10,2011,6,2,29,1,11,1,I-91 N,,99998,42.33330833,-72.621302780,0,52,0,1,18,1,3,0,2,3,0,3,0,0000000,2,37,2,45,99,99,0,0,0,2,1
25,250344,1,1,0,1,1,1,1,17,195,20,7,2011,4,18,7,0,16,8,CRANBERRY LANE,,99998,42.56571667,-71.368155560,0,8,0,0,1,1,98,0,1,1,0,1,0,0000000,18,7,18,35,18,48,0,0,0,1,1
25,250345,1,1,0,0,0,2,2,5,320,22,10,2011,7,2,20,1,13,3,SR-79,US-6,99998,77.77770000,777.777700000,0,5,0,1,5,1,1,0,8,98,0,98,0,0000000,2,25,2,35,2,57,0,0,0,1,0
25,250346,2,2,0,1,1,1,1,25,120,25,11,2011,6,8,17,1,11,1,I-93 S DEWEY TUNNEL,,174,77.77770000,777.777700000,0,8,0,1,18,1,1,0,1,1,0,1,0,0000000,8,19,8,28,8,45,19,0,0,1,0
25,250347,3,3,0,0,0,3,3,13,1270,11,3,2011,6,20,11,0,16,8,ST JAMES AVENUE,CAREW STREET,99998,42.13664444,-72.569180560,0,12,2,0,2,2,1,0,3,1,0,1,0,0000000,20,16,20,16,20,43,0,0,0,1,0
25,250348,1,1,0,1,1,1,1,9,892,30,10,2011,1,18,17,1,12,3,SR-114,,99998,42.66231389,-71.109969440,0,8,0,0,1,1,1,0,2,98,0,98,0,0000000,18,43,18,48,19,8,0,0,0,1,0
25,250349,3,3,0,0,0,6,6,27,1172,21,12,2011,4,20,54,0,16,8,MAIN STREET,,99998,42.29696389,-71.699238890,0,12,6,0,1,1,1,0,3,1,0,1,0,0000000,20,55,20,59,21,18,0,0,0,1,1
25,250350,2,2,0,0,0,4,4,23,2,1,5,2011,1,10,27,1,12,3,SR-18,,99998,42.12048889,-70.949383330,0,12,2,0,1,1,1,0,1,1,0,1,0,0000000,10,4,10,6,10,33,0,0,0,1,0
25,250351,2,1,1,0,1,1,2,1,75,5,12,2011,2,20,10,1,13,2,US-6,,99998,77.77770000,777.777700000,0,33,0,0,1,1,2,0,2,5,0,5,0,0000000,20,22,20,31,21,9,0,0,0,1,0
25,250352,1,1,0,0,0,2,2,17,1010,1,11,2011,3,10,21,0,12,3,SR-119,,99998,42.64844722,-71.649291670,0,30,0,0,1,1,4,0,1,10,0,10,0,0000000,10,21,10,22,11,23,0,0,0,1,0
25,250353,1,1,0,0,0,1,1,5,299,3,11,2011,5,10,26,1,13,3,SR-123,PURCHASE STREET,99998,42.03694722,-71.096886110,0,39,0,0,2,4,4,0,1,1,0,1,0,0000000,10,30,10,31,10,56,0,0,0,1,0
25,250354,1,1,0,1,1,1,1,21,925,7,12,2011,4,17,46,0,14,3,SR-1A,,99998,42.19801389,-71.199466670,0,8,0,0,1,1,1,0,3,2,0,2,0,0000000,17,43,17,45,17,54,0,0,0,1,0
25,250355,1,1,0,1,1,1,1,25,120,14,10,2011,6,21,32,0,16,8,DORCHESTER AVENUE,DEXTER STREET,99998,42.33104444,-71.057197220,0,8,0,0,2,2,1,0,3,2,0,2,0,0000000,21,31,21,36,21,56,0,0,0,1,0
25,250357,1,1,0,0,0,1,1,5,1280,10,8,2011,4,11,56,0,16,8,WILLIAM STREET,,99998,41.63551111,-70.930258330,0,42,0,0,1,1,4,0,1,10,1,10,0,0000000,11,54,12,0,12,15,0,0,0,1,0
25,250358,1,1,0,1,1,1,1,23,140,8,8,2011,2,21,44,0,16,8,WEST ELM STREET,AUNA DRIVE,99998,42.08110278,-71.039941670,0,8,0,0,2,3,1,0,3,10,0,10,0,0000000,21,45,21,50,22,16,0,0,0,1,0
25,250359,3,3,0,0,0,5,5,1,1120,30,10,2011,1,13,45,0,16,8,SNAKE POND ROAD,,99998,41.68174167,-70.525863890,0,12,8,0,1,1,1,0,1,10,0,10,0,0000000,13,46,13,50,14,13,0,0,0,1,0
25,250360,1,1,0,0,0,1,1,27,900,22,3,2011,3,6,30,1,11,1,I-290,,166,42.34099444,-71.651286110,0,42,0,0,1,1,4,0,1,1,0,1,0,0000000,6,53,6,59,88,88,0,0,0,1,0
25,250361,3,3,0,0,0,3,3,23,264,2,6,2011,5,9,45,0,14,3,SR-53,FRANKLIN STREET,99998,42.03702500,-70.742488890,0,12,6,0,2,2,1,0,1,1,0,1,0,0000000,9,45,9,50,10,32,0,0,0,1,0
25,250362,1,1,0,0,0,1,1,17,1340,10,1,2011,2,4,11,0,16,8,CHURCH STREET,LYMAN STREET,99998,42.38126667,-71.231261110,0,48,0,0,2,3,4,0,3,1,0,1,0,0000000,4,17,4,19,4,46,0,0,0,1,0
25,250363,1,1,0,1,1,1,1,3,1030,9,12,2011,6,17,8,0,16,8,LEBANON AVENUE,,0,42.43131389,-73.315497220,0,8,0,0,8,1,1,0,5,1,0,1,0,0000000,99,99,99,99,99,99,0,0,0,1,0
25,250364,1,1,0,0,0,1,1,27,745,8,6,2011,4,1,31,0,16,8,BLACKSTONE STREET,,99998,42.09611944,-71.551491670,0,31,0,0,1,1,4,0,2,1,0,1,0,0000000,1,32,1,49,2,17,0,0,0,1,0
25,250366,2,2,0,0,0,2,2,21,94,12,12,2011,2,17,1,0,12,3,SR-126,,99998,42.07418611,-71.477030560,0,12,2,0,1,1,1,0,3,1,0,1,0,0000000,17,1,17,3,17,30,0,0,0,1,0
25,250367,1,1,0,0,0,1,1,13,1270,3,10,2011,2,1,42,0,16,8,GERALD STREET,BRECKWOOD BOULEVARD,0,42.12080000,-72.526725000,0,33,0,0,3,3,4,0,3,10,0,10,0,0000000,99,99,99,99,99,99,0,0,0,1,0
25,250368,2,1,1,0,0,1,1,15,93,8,6,2011,4,23,10,0,6,8,STEBBINS STREET,,0,42.30061389,-72.444144440,0,14,0,0,8,1,5,0,2,10,2,2,0,0000000,99,99,99,99,99,99,0,0,0,1,0
25,250369,1,1,0,1,1,4,4,13,1270,1,4,2011,6,19,54,0,16,8,STATE STREET,TILTON STREET,0,42.12396389,-72.541911110,0,8,0,0,3,3,1,0,3,10,2,2,0,0000000,99,99,99,99,99,99,0,0,0,1,0
25,250370,1,1,0,1,1,1,1,25,120,10,12,2011,7,19,26,0,16,8,MELNEA CASS BOULEVARD,KERR WAY,0,42.33536111,-71.084866670,0,8,0,0,2,3,1,0,3,1,0,1,0,0000000,19,18,19,22,19,30,0,0,0,1,0
25,250371,2,2,0,0,0,2,2,23,140,14,12,2011,4,11,46,0,16,8,FULLER STREET,WINTHROP STREET,0,42.07666944,-71.024450000,0,12,6,0,2,3,1,0,1,10,0,10,0,0000000,99,99,99,99,99,99,0,0,0,1,0
25,250372,2,2,0,0,0,6,6,25,120,25,9,2011,1,5,45,0,16,8,BOYLSTON STREET,DARTMOUTH STREET,0,42.34989167,-71.077197220,0,12,6,0,2,2,1,0,6,1,0,1,0,0000000,5,45,5,51,6,15,0,0,0,1,0
25,250373,3,3,0,0,0,3,3,27,610,21,6,2011,3,13,10,0,12,3,SR-13,BURRAGE AVENUE,99998,42.54527500,-71.739055560,0,12,6,0,2,3,1,0,1,1,0,1,0,0000000,99,99,99,99,99,99,0,0,0,1,0
25,250374,2,2,0,1,1,4,4,13,500,4,6,2011,7,23,39,0,16,8,LINCOLN STREET,,0,42.21563333,-72.627511110,0,54,11,0,1,1,1,0,3,1,0,1,0,0000000,23,42,23,47,0,28,15,23,14,1,0
25,250375,1,1,0,0,0,1,1,5,251,23,2,2011,4,21,9,0,16,8,HIXVILLE ROAD,,0,77.77770000,777.777700000,0,42,0,0,1,1,5,0,2,1,0,1,0,0000000,21,11,21,13,21,58,0,0,0,1,1
25,250376,1,1,0,1,1,1,1,25,120,15,10,2011,7,15,17,0,14,3,SR-30,,99998,42.35209722,-71.124894440,0,8,0,0,99,9,99,8,9,99,0,99,8,0000000,99,99,99,99,99,99,99,99,99,1,0
25,250377,2,2,0,0,0,3,3,5,50,12,2,2011,7,8,17,1,11,1,I-95,,0,41.90047222,-71.365194440,0,12,1,0,1,1,1,0,1,1,0,1,0,0000000,99,99,99,99,99,99,0,0,0,1,0
25,250378,2,2,0,0,0,4,4,17,1340,28,5,2011,7,18,19,0,16,8,NEWTON STREET,HIGH STREET,0,42.36808333,-71.231747220,0,12,6,0,2,2,1,0,1,1,0,1,0,0000000,99,99,99,99,99,99,0,0,0,1,1
25,250379,1,1,0,1,1,1,1,5,1268,4,12,2011,1,17,36,0,14,2,US-6,GARDNER NECK ROAD,99998,41.67725556,-71.111033330,0,8,0,0,2,2,1,0,3,10,0,10,0,0000000,99,99,99,99,99,99,0,0,0,1,0
25,250380,2,2,0,0,0,2,2,1,1535,27,5,2011,6,11,28,0,16,8,WEST YARMOUTH ROAD,OLD TOWN HOUSE ROAD,99998,41.68543056,-70.228477780,0,12,6,0,2,2,1,0,1,1,0,1,0,0000000,99,99,99,99,99,99,0,0,0,1,0
25,250381,1,1,0,0,0,1,1,9,570,1,1,2011,7,14,10,0,16,8,MARSTON,,99998,42.70745556,-71.144827780,0,33,0,0,1,1,2,0,1,1,0,1,0,0000000,99,99,99,99,99,99,20,0,0,1,0
25,250382,1,1,0,1,1,1,1,17,630,18,9,2011,1,16,7,0,16,8,LITCHFIELD TERRACE,,99998,42.64466667,-71.332269440,0,8,0,0,1,1,1,0,1,1,0,1,0,0000000,99,99,99,99,99,99,0,0,0,1,0
25,250383,1,1,0,0,0,1,1,5,1280,10,12,2011,7,21,22,0,14,3,SR-140,SHORT STREET,99998,41.92140556,-71.153933330,0,17,0,0,3,4,4,0,3,1,0,1,0,0000000,99,99,99,99,22,9,0,0,0,1,0
25,250384,1,1,0,1,1,1,1,13,1446,18,11,2011,6,21,27,1,12,2,US-20,KINGS HIGHWAY,0,42.10748333,-72.647719440,0,8,0,0,3,4,1,0,3,1,0,1,0,0000000,99,99,99,99,99,99,0,0,0,1,0
26,260001,1,1,0,1,1,1,1,87,0,1,1,2011,7,1,20,0,4,3,SR-21,,212,43.03024444,-83.068572220,0,8,0,0,1,1,1,0,2,2,0,2,0,0000000,1,25,1,30,88,88,0,0,0,1,0
26,260002,2,2,0,0,0,2,2,47,3930,2,1,2011,1,8,10,1,13,3,SR-31,,49,45.36686389,-84.999686110,0,12,6,0,1,1,1,0,1,10,0,10,0,0000000,8,12,8,16,99,99,0,0,0,1,0
26,260003,1,1,0,0,0,1,1,57,3604,3,1,2011,2,12,20,0,5,4,BALDWIN RD,,61,43.23522222,-84.543308330,0,42,0,0,1,1,4,0,1,10,0,10,0,0000000,12,20,12,35,88,88,22,0,0,1,0
26,260004,1,1,0,0,0,4,4,81,2010,3,1,2011,2,23,24,0,13,6,FULTON RD,,36,42.96270000,-85.632513890,0,42,0,0,1,1,5,0,3,4,0,4,0,0000000,23,24,23,29,99,99,0,0,0,1,1
26,260005,1,1,0,0,0,1,1,67,0,4,1,2011,3,10,58,0,3,3,SR-66,,81,43.10051944,-85.075102780,0,32,0,0,1,1,4,0,1,4,0,4,0,0000000,11,1,11,21,88,88,0,0,0,1,0
26,260006,1,1,0,0,0,3,3,49,1931,4,1,2011,3,0,32,1,12,2,US-23,,105,42.92513889,-83.725522220,0,24,0,0,1,1,3,0,2,4,0,4,0,0000000,0,35,0,45,99,99,0,0,0,1,0
26,260007,2,2,0,0,0,5,5,163,5279,3,1,2011,2,1,33,1,11,1,I-75,,55,42.14575000,-83.241802780,0,12,11,1,18,1,1,0,2,1,0,1,0,0000000,1,27,1,35,99,99,19,0,0,1,0
26,260008,1,1,0,1,1,1,1,163,5140,1,1,2011,7,2,44,1,13,6,MERRIMAN RD,,37,42.26872778,-83.348088890,0,8,0,0,1,1,1,0,3,2,0,2,0,0000000,2,46,2,51,88,88,0,0,0,1,0
26,260009,1,1,0,0,0,1,1,121,3450,4,1,2011,3,13,23,1,12,2,US-31,,89,43.24563056,-86.204322220,0,1,0,0,1,1,4,0,1,4,0,4,0,0000000,99,99,99,99,88,88,0,0,0,1,0
26,260010,1,1,0,1,1,1,1,125,208,4,1,2011,3,23,28,1,11,1,I-75,,211,42.67709444,-83.241375000,0,8,0,0,1,1,1,0,2,1,0,1,0,0000000,23,30,23,40,88,88,0,0,0,1,0
26,260011,2,2,0,0,0,2,2,137,0,8,1,2011,7,16,49,0,14,4,DICKERSON RD,,6,44.99783889,-84.687408330,0,12,6,0,1,1,1,0,1,10,0,10,0,0000000,16,50,16,55,99,99,0,0,0,1,0
26,260012,2,2,0,0,0,3,3,13,0,9,1,2011,1,15,42,1,2,2,US-41,,214,46.63712778,-88.474916670,0,12,6,0,1,1,1,0,1,4,0,4,0,0000000,99,99,99,99,99,99,0,0,0,1,0
26,260013,1,1,0,0,0,3,3,77,3727,11,1,2011,3,1,0,0,6,4,H AVE,,30,42.31743889,-85.707575000,0,42,0,0,1,1,4,0,2,1,0,1,0,0000000,0,59,1,10,99,99,22,0,0,1,1
26,260014,1,1,0,0,0,2,2,25,0,12,1,2011,4,15,43,0,4,4,23 MILE RD,,27,42.34153611,-84.848400000,0,53,0,0,1,1,4,0,1,10,0,10,0,0000000,15,43,16,0,99,99,0,0,0,1,0
26,260015,1,1,0,0,0,1,1,163,2820,14,1,2011,6,11,39,1,13,3,SR-85,MAYFLOWER AVE,123,42.24114167,-83.179950000,0,59,0,0,1,1,3,0,1,10,0,10,0,0000000,11,39,11,42,99,99,0,0,0,1,0
26,260016,2,2,0,0,0,3,3,67,0,13,1,2011,5,20,19,0,4,4,KEEFER HWY,,52,42.84626944,-84.955922220,0,12,6,0,1,1,1,0,2,4,0,4,0,0000000,99,99,99,99,99,99,22,0,0,1,1
26,260017,2,2,0,0,0,2,2,45,0,15,1,2011,7,2,18,0,14,3,SR-43,,183,42.74075278,-84.698216670,0,12,6,0,1,1,1,0,2,4,0,4,0,0000000,2,20,2,26,99,99,0,0,0,1,0
26,260018,2,2,0,0,0,4,4,103,4447,15,1,2011,7,11,32,0,3,3,SR-553,,153,46.49141944,-87.413502780,0,24,0,0,1,1,4,0,1,4,0,4,0,0000000,11,35,11,42,99,99,0,0,0,2,0
26,260019,1,1,0,0,0,1,1,79,0,14,1,2011,6,22,21,0,6,4,HUDSON RD,,13,44.59111389,-85.292391670,0,42,0,0,1,1,4,0,2,4,0,4,0,0000000,99,99,99,99,88,88,22,0,0,1,1
26,260020,1,1,0,0,0,1,1,139,0,11,1,2011,3,14,22,0,13,4,BUS I-196,,45,42.80705833,-85.999966670,0,30,0,0,1,1,4,0,1,4,0,4,0,0000000,14,22,14,24,99,99,0,0,0,1,0
26,260021,1,1,0,0,0,3,3,49,0,9,1,2011,1,1,34,1,11,1,I-75,,1,42.86931944,-83.592480560,0,5,0,1,18,1,1,0,2,1,0,1,0,0000000,99,99,99,99,99,99,0,0,0,1,0
26,260022,2,2,0,0,0,3,3,163,738,10,1,2011,2,10,46,0,13,6,INKSTER RD,5 MILE RD,201,42.39851111,-83.314947220,0,12,2,0,2,2,1,0,1,1,0,1,0,0000000,10,48,10,53,99,99,0,0,0,1,0
26,260023,2,2,0,0,0,2,2,99,4154,18,1,2011,3,19,36,0,4,4,NORTH AVE,,72,42.73094444,-82.875183330,0,12,6,0,1,1,1,0,2,4,0,4,0,0000000,19,39,19,43,99,99,0,0,0,1,0
26,260024,1,1,0,1,1,1,1,125,4905,19,1,2011,4,7,13,0,13,6,DEQUINDRE RD,,101,42.59371111,-83.089922220,0,8,0,0,1,1,1,0,2,1,0,1,0,0000000,7,26,7,31,99,99,0,0,0,1,0
26,260025,1,1,0,0,0,1,1,87,0,20,1,2011,5,6,35,0,6,4,MARATHON RD,,23,43.19165556,-83.409541670,0,34,0,0,1,1,4,0,2,10,0,10,0,0000000,6,38,6,47,99,99,22,0,0,1,0
26,260026,2,2,0,0,0,4,4,105,0,21,1,2011,6,19,24,1,2,2,US-10,SCHOENHERR RD,146,43.95362222,-86.159730560,0,12,9,0,3,3,1,0,3,10,0,10,0,0000000,19,27,19,34,99,99,0,0,0,1,0
26,260027,1,1,0,0,0,4,4,49,686,22,1,2011,7,16,8,0,14,6,BELSAY RD,,59,43.04666667,-83.596108330,0,34,0,0,1,1,5,0,1,4,0,4,0,0000000,16,9,16,15,99,99,0,0,0,1,0
26,260028,1,1,0,0,0,2,2,75,0,19,1,2011,4,23,33,0,5,4,WHITE RD,,25,42.08792778,-84.330205560,0,42,0,0,1,1,4,0,2,10,0,10,0,0000000,23,35,23,43,99,99,22,0,0,1,1
26,260029,3,3,0,0,0,3,3,79,0,22,1,2011,7,8,39,1,2,3,SR-72,,43,44.76461944,-85.253175000,0,12,6,0,1,1,1,0,1,4,0,4,0,0000000,8,40,8,50,88,88,0,0,0,1,0
26,260030,2,2,0,0,0,3,3,123,0,21,1,2011,6,22,20,0,3,3,SR-82,,92,43.39575278,-85.621855560,0,12,1,0,1,1,1,0,3,10,0,10,0,0000000,22,22,22,26,88,88,0,0,0,1,0
26,260031,1,1,0,0,0,1,1,25,0,21,1,2011,6,7,25,0,4,3,SR-311,,40,42.20316389,-85.080077780,0,31,0,0,1,1,4,0,1,4,0,4,0,0000000,99,99,99,99,88,88,0,0,0,1,0
26,260032,2,2,0,0,0,2,2,163,1260,22,1,2011,7,3,47,1,12,3,SR-10,,30,42.41129167,-83.167002780,0,12,8,1,18,1,1,0,3,10,0,10,0,0000000,99,99,99,99,99,99,0,0,0,1,2
26,260033,1,1,0,0,0,1,1,125,2258,23,1,2011,1,23,4,0,15,4,DUCK LAKE,,38,42.66457222,-83.575230560,0,42,0,0,1,1,4,0,2,1,0,1,0,0000000,23,5,23,15,88,88,0,0,0,1,1
26,260034,2,2,0,0,0,3,3,77,0,25,1,2011,3,8,50,0,4,4,N 32ND ST,,92,42.42015556,-85.454966670,0,12,2,0,1,1,1,0,1,10,0,10,0,0000000,9,1,9,10,99,99,0,0,0,1,0
26,260035,1,1,0,1,1,1,1,163,1260,25,1,2011,3,20,0,1,12,3,SR-39,,139,42.42248056,-83.218933330,0,8,0,1,18,1,1,0,3,10,0,10,0,0000000,20,9,20,15,99,99,0,0,0,1,0
26,260036,1,1,0,1,1,2,2,77,0,31,1,2011,2,8,27,0,9,4,N CROOKED LAKE DR,,1,42.20825556,-85.705661110,0,15,0,0,1,1,1,0,1,10,0,10,0,0000000,8,29,8,38,99,99,0,0,0,1,0
26,260037,2,2,0,0,0,3,3,107,0,27,1,2011,5,10,32,0,14,3,SR-131,,146,43.66570556,-85.482841670,0,12,6,0,1,1,1,0,1,4,0,4,0,0000000,10,35,10,40,99,99,22,0,0,2,0
26,260038,3,2,1,0,0,3,3,145,0,27,1,2011,5,8,11,1,1,1,I-75,,19,43.24819722,-83.773341670,0,12,1,0,1,1,1,0,1,4,0,4,0,0000000,99,99,99,99,99,99,19,0,0,1,0
26,260039,1,1,0,0,0,2,2,161,150,24,1,2011,2,2,50,0,13,6,PACKARD RD,,29,42.24452222,-83.714358330,0,30,0,0,1,1,4,0,3,1,0,1,0,0000000,2,52,2,56,99,99,0,0,0,1,1
26,260040,1,1,0,0,0,1,1,163,1260,28,1,2011,6,1,35,1,12,3,SR-10,,36,42.40503889,-83.158941670,0,25,0,1,18,1,3,0,3,10,0,10,0,0000000,1,35,1,43,99,99,0,0,0,1,1
26,260041,2,2,0,0,0,3,3,149,0,28,1,2011,6,17,0,1,2,2,US-12,SHIMMEL,133,41.79377222,-85.505961110,0,12,6,0,2,2,1,0,1,10,0,10,0,0000000,17,4,17,10,88,88,0,0,0,1,0
26,260042,2,2,0,0,0,3,3,99,4330,29,1,2011,7,2,25,1,11,1,I-94,,54,42.52378333,-82.913516670,0,25,0,0,1,1,3,0,2,4,0,4,0,0000000,99,99,99,99,88,88,0,0,0,1,1
26,260043,2,2,0,0,0,2,2,75,3617,28,1,2011,6,9,52,0,5,4,SHARON VALLEY RD,NORVELL LAKE RD,15,42.16111111,-84.199861110,0,12,6,0,3,3,1,0,1,4,0,4,0,0000000,9,57,10,12,88,88,0,0,0,1,0
26,260044,2,2,0,0,0,2,2,101,0,29,1,2011,7,12,0,0,6,4,PUUSTINEN RD,CREAMERY RD,22,44.37610556,-85.980563890,0,12,6,0,2,2,1,0,1,10,0,10,0,0000000,12,0,12,9,99,99,0,0,0,1,0
26,260045,1,1,0,0,0,5,5,65,0,30,1,2011,1,2,11,0,14,4,HAGADORN,,195,42.70609167,-84.462033330,0,42,0,0,1,1,5,0,2,1,0,1,0,0000000,99,99,99,99,99,99,0,0,0,3,1
26,260046,2,2,0,0,0,2,2,55,0,31,1,2011,2,19,40,0,3,4,BEITNER RD,,92,44.67196111,-85.636641670,0,12,6,0,1,1,1,0,2,4,0,4,0,0000000,19,40,19,50,99,99,0,0,0,1,0
26,260047,2,2,0,0,0,3,3,33,0,21,1,2011,6,10,27,0,14,4,MACKINAC TRL,,136,46.44858056,-84.376538890,0,12,6,0,1,1,1,0,1,1,0,1,0,0000000,10,31,10,36,99,99,0,0,0,1,0
26,260048,2,2,0,0,0,3,3,65,1430,27,1,2011,5,15,1,1,13,3,SR-43,OLD HICKORY LN,66,42.74688889,-84.475900000,0,12,6,0,2,2,1,0,1,4,0,4,0,0000000,15,1,15,5,99,99,0,0,0,1,0
26,260049,2,2,0,0,0,2,2,115,0,7,1,2011,6,19,0,0,13,2,US-24,MEADOWBROOK DR,140,41.90798889,-83.423722220,0,12,6,0,2,2,1,0,2,4,0,4,0,0000000,19,6,19,15,99,99,0,0,0,1,0
26,260050,2,2,0,0,0,2,2,55,5,27,1,2011,5,8,30,1,2,3,SR-72,,26,44.77268056,-85.448655560,0,12,6,0,1,1,1,0,1,4,0,4,0,0000000,8,30,8,40,99,99,0,0,0,1,0
26,260051,1,1,0,0,0,1,1,81,691,1,2,2011,3,15,17,1,12,3,SR-6,,9,42.84806944,-85.764244440,0,1,0,0,1,1,4,0,1,4,0,4,0,0000000,15,17,15,22,88,88,0,0,0,1,0
26,260052,1,1,0,0,0,2,2,99,4330,1,2,2011,3,3,4,0,13,3,SR-97,,41,42.50041389,-82.964280560,0,30,0,0,1,1,4,0,3,4,0,4,0,0000000,3,10,3,15,99,99,0,0,0,1,1
26,260053,2,2,0,0,0,3,3,115,0,3,2,2011,5,5,36,1,2,2,US-223,,21,41.79653889,-83.725980560,0,12,6,0,1,1,1,0,4,4,0,4,0,0000000,5,42,6,2,99,99,0,0,0,3,0
26,260054,1,1,0,0,0,1,1,93,0,5,2,2011,7,7,10,1,11,1,I--96,,205,42.54853611,-83.790208330,0,24,0,1,19,1,4,0,4,10,0,10,0,0000000,7,11,7,22,88,88,0,0,0,1,0
26,260055,2,2,0,0,0,3,3,55,0,6,2,2011,1,22,30,0,3,4,HAMMOND RD,,44,44.71483611,-85.526525000,0,12,2,0,1,1,1,0,2,4,0,4,0,0000000,22,38,22,44,99,99,0,0,0,1,0
26,260056,1,1,0,0,0,2,2,33,0,6,2,2011,1,7,35,1,11,1,I-75,,233,46.45382500,-84.383583330,0,1,0,0,1,1,5,0,4,10,0,10,0,0000000,7,38,7,45,99,99,0,0,0,1,0
26,260057,3,2,1,0,0,4,4,159,0,6,2,2011,1,21,44,1,11,1,I-94,,185,42.21068889,-85.871394440,0,12,11,1,18,1,1,0,2,4,0,4,0,0000000,99,99,99,99,88,88,19,0,0,1,0
26,260058,2,2,0,0,0,6,6,75,4448,5,2,2011,7,13,13,1,1,1,I-94,,88,42.26903611,-84.548527780,0,12,1,1,18,1,1,0,1,11,0,11,0,0000000,13,14,13,22,99,99,19,0,0,1,0
26,260059,2,2,0,0,0,2,2,165,0,9,2,2011,4,8,49,1,13,3,SR-115,,260,44.21553333,-85.429297220,0,12,6,0,8,1,1,0,1,4,0,4,0,0000000,8,49,8,58,88,88,0,0,0,1,0
26,260060,2,2,0,0,0,2,2,163,4295,9,2,2011,4,9,55,0,13,6,ECORSE RD,HARRISON RD,117,42.25343889,-83.318683330,0,12,6,0,2,3,1,0,1,1,0,1,0,0000000,10,1,10,10,99,99,0,0,0,1,0
26,260061,2,2,0,0,0,7,7,105,0,3,2,2011,5,13,24,1,13,2,US-10,,37,43.95612778,-86.378927780,0,12,6,0,4,1,1,0,1,1,0,1,0,0000000,13,29,13,34,99,99,0,0,0,1,0
26,260062,2,2,0,0,0,3,3,37,0,4,2,2011,6,19,13,0,3,4,CLARK RD,,145,42.81305000,-84.503530560,0,12,6,0,1,1,1,0,2,1,0,1,0,0000000,19,15,19,22,99,99,0,0,0,1,0
26,260063,2,2,0,0,0,3,3,55,0,12,2,2011,7,9,57,0,4,4,KARLIN RD,ZUE RD,10,44.52746667,-85.756980560,0,12,6,0,2,2,1,0,1,1,0,1,0,0000000,9,57,99,99,99,99,22,0,0,1,0
26,260064,2,1,1,1,2,1,2,121,0,13,2,2011,1,0,45,1,12,2,US-31,,44,43.18094444,-86.205080560,0,14,0,0,1,1,2,0,2,10,0,10,0,0000000,0,45,0,50,88,88,23,0,0,1,0
26,260065,1,1,0,1,1,1,1,99,1009,13,2,2011,1,0,44,1,13,3,SR-59,,35,42.62728056,-82.964791670,0,8,0,0,1,1,1,0,2,11,0,11,0,0000000,0,46,0,52,99,99,23,0,0,1,0
26,260066,1,1,0,0,0,2,2,163,1260,30,1,2011,1,22,30,0,16,6,FRANKFORT,,2,42.41604444,-82.914086110,0,42,0,0,1,1,4,0,3,10,0,10,0,0000000,99,99,99,99,99,99,0,0,0,1,0