STATE,ST_CASE,VE_TOTAL,VE_FORMS,PVH_INVL,PEDS,PERNOTMVIT,PERMVIT,PERSONS,COUNTY,CITY,DAY,MONTH,YEAR,DAY_WEEK,HOUR,MINUTE,NHS,ROAD_FNC,ROUTE,TWAY_ID,TWAY_ID2,MILEPT,LATITUDE,LONGITUD,SP_JUR,HARM_EV,MAN_COLL,RELJCT1,RELJCT2,TYP_INT,REL_ROAD,WRK_ZONE,LGT_COND,WEATHER1,WEATHER2,WEATHER,SCH_BUS,RAIL,NOT_HOUR,NOT_MIN,ARR_HOUR,ARR_MIN,HOSP_HR,HOSP_MN,CF1,CF2,CF3,FATALS,DRUNK_DR
26,260067,2,2,0,0,0,3,3,145,0,15,1,2011,7,12,10,0,3,3,SR-13,,10,43.28170556,-83.952841670,0,12,2,0,1,1,1,0,1,1,0,1,0,0000000,99,99,99,99,99,99,0,0,0,1,0
26,260068,1,1,0,0,0,1,1,37,0,22,1,2011,7,13,57,0,4,4,WRIGHT RD,,55,42.84990278,-84.739672220,0,42,0,0,1,1,4,0,1,10,0,10,0,0000000,99,99,99,99,99,99,0,0,0,1,1
26,260069,1,1,0,0,0,1,1,119,0,30,1,2011,1,1,39,0,3,4,COUNTY RD 489,,14,44.87406944,-84.252166670,0,1,0,0,1,1,4,0,2,4,0,4,0,0000000,99,99,99,99,88,88,0,0,0,1,1
26,260070,2,2,0,0,0,3,3,29,0,14,2,2011,2,10,14,0,6,4,PLEASANT VALLEY RD,,24,45.17310000,-85.015044440,0,12,8,0,1,1,1,0,1,10,0,10,0,0000000,99,99,99,99,99,99,22,0,0,1,0
26,260071,2,2,0,0,0,3,3,159,0,14,2,2011,2,11,46,0,3,3,SR-43,CR380,48,42.34613611,-86.206841670,0,12,6,0,3,7,1,0,1,1,0,1,0,0000000,99,99,99,99,99,99,0,0,0,1,0
26,260072,2,2,0,0,0,3,3,161,0,15,2,2011,3,23,20,1,13,2,US-12,STATE RD,136,42.18490278,-83.738952780,0,12,6,0,2,2,1,0,3,1,0,1,0,0000000,23,21,23,26,88,88,0,0,0,1,0
26,260073,1,1,0,0,0,1,1,129,0,16,2,2011,4,6,4,0,6,4,FOREST DR,,2,44.39973056,-83.979752780,0,53,0,0,1,1,4,0,2,1,0,1,0,0000000,6,9,6,22,88,88,0,0,0,1,0
26,260074,1,1,0,0,0,3,3,145,0,9,2,2011,4,14,21,0,6,4,BALDWIN RD,,69,43.20171667,-84.149650000,0,34,0,0,1,1,4,0,1,4,0,4,0,0000000,14,21,14,44,99,99,0,0,0,1,0
26,260075,2,2,0,0,0,2,2,21,0,17,2,2011,5,12,7,1,1,1,I-94,,38,42.18129444,-86.232397220,0,12,1,1,18,1,1,0,1,10,0,10,0,0000000,12,9,12,16,88,88,0,0,0,1,1
26,260076,1,1,0,0,0,1,1,45,0,12,1,2011,4,21,33,0,14,4,CREYTS RD,,29,42.68925278,-84.642388890,0,30,0,0,1,1,4,0,2,10,0,10,0,0000000,21,36,21,46,88,88,0,0,0,1,1
26,260077,2,2,0,0,0,4,4,57,0,19,2,2011,7,16,57,1,2,3,SR-46,WARNER,30,43.40822222,-84.786550000,0,12,6,0,2,2,1,0,1,1,0,1,0,0000000,16,58,17,10,99,99,0,0,0,1,0
26,260078,2,2,0,0,0,2,2,147,0,22,2,2011,3,0,31,0,3,4,WILDCAT,,27,43.08277500,-82.578436110,0,12,6,0,1,1,1,0,2,1,0,1,0,0000000,99,99,99,99,99,99,0,0,0,1,0
26,260079,1,1,0,1,1,1,1,65,2700,14,2,2011,2,19,25,0,14,6,HOLMES,,20,42.69747500,-84.564669440,0,8,0,0,1,1,1,0,3,1,0,1,0,0000000,19,25,19,28,88,88,0,0,0,1,0
26,260080,2,2,0,1,1,3,3,17,320,21,2,2011,2,18,54,0,14,6,HENRY,,19,43.62285278,-83.899316670,0,12,6,0,1,1,1,0,3,1,0,1,0,0000000,18,55,18,58,99,99,0,0,0,1,0
26,260081,2,2,0,0,0,3,3,27,0,21,2,2011,2,15,25,0,3,2,US-12,,42,41.78180833,-86.164858330,0,12,2,0,1,1,1,0,1,11,0,11,0,0000000,99,99,99,99,99,99,0,0,0,1,0
26,260082,2,2,0,0,0,2,2,21,0,22,2,2011,3,5,15,0,13,3,SR-51,,13,41.77981944,-86.250611110,0,12,6,0,1,1,1,0,2,4,0,4,0,0000000,5,26,5,36,88,88,0,0,0,1,0
26,260083,1,1,0,0,0,1,1,115,0,23,2,2011,4,4,42,0,14,4,DUNBAR,,126,41.90544167,-83.435869440,0,10,0,0,6,1,1,0,2,10,0,10,0,232140T,4,45,4,46,88,88,0,0,0,1,0
26,260084,1,1,0,0,0,1,1,115,2723,22,2,2011,3,20,15,1,1,1,I-75,,31,41.76691111,-83.481116670,0,1,0,1,18,1,1,0,2,10,0,10,0,0000000,20,15,20,33,99,99,0,0,0,1,1
26,260085,2,2,0,0,0,2,2,55,0,24,2,2011,5,16,24,1,2,3,SR-72,,77,44.77987222,-85.348194440,0,12,2,0,1,1,1,0,1,10,0,10,0,0000000,16,24,99,99,99,99,22,0,0,1,0
26,260086,1,1,0,0,0,1,1,65,0,25,2,2011,6,6,31,0,6,4,BROGAN RD,,56,42.53227500,-84.161138890,0,42,0,0,1,1,4,0,2,4,0,4,0,0000000,6,32,6,50,88,88,0,0,0,1,1
26,260087,2,2,0,0,0,4,4,111,0,26,2,2011,7,22,34,1,2,3,SR-20,,130,43.61235000,-84.349797220,0,12,6,0,1,1,1,0,2,4,0,4,0,0000000,22,50,22,51,99,99,0,0,0,2,0
26,260088,3,3,0,0,0,8,8,95,0,26,2,2011,7,20,40,0,3,3,SR-123,CR428,262,46.33223611,-85.509725000,0,12,6,0,2,2,1,0,2,4,0,4,0,0000000,20,43,20,47,99,99,0,0,0,1,0
26,260089,3,3,0,0,0,5,5,99,2934,28,2,2011,2,12,2,0,13,4,23 MILE RD,ROMEO PLANK RD,80,42.67190833,-82.940536110,0,12,1,0,3,2,1,0,1,1,0,1,0,0000000,12,4,12,8,99,99,0,0,0,2,0
26,260090,1,1,0,0,0,1,1,125,0,28,2,2011,2,14,3,0,14,4,BALDWIN RD,,23,42.80930278,-83.333633330,0,17,0,0,1,1,4,0,1,1,0,1,0,0000000,14,4,14,13,99,99,0,0,0,1,0
26,260091,1,1,0,2,2,1,1,125,5210,10,2,2011,5,20,49,1,13,4,WILLIAMS LAKE RD,,3,42.61920556,-83.442108330,0,8,0,0,1,1,1,0,2,1,0,1,0,0000000,20,51,20,59,99,99,0,0,0,1,0
26,260092,1,1,0,0,0,2,2,163,0,3,2,2011,5,9,30,1,11,1,I-275,,218,42.38735833,-83.437011110,0,24,0,0,1,1,3,0,1,10,0,10,0,0000000,99,99,99,99,99,99,0,0,0,1,0
26,260093,2,1,1,0,0,1,1,121,0,12,2,2011,7,7,13,0,6,4,HARRIS RD,,3,43.46279722,-86.277733330,0,14,0,0,1,1,4,0,2,4,0,4,0,0000000,99,99,99,99,88,88,22,0,0,1,1
26,260094,1,1,0,0,0,2,2,65,2700,21,1,2011,6,16,4,1,13,3,SR-43,,19,42.74091667,-84.566069440,0,30,0,0,1,1,3,0,1,1,0,1,0,0000000,99,99,99,99,99,99,0,0,0,1,0
26,260095,2,2,0,0,0,8,8,163,1260,18,2,2011,6,2,10,1,13,6,EAST FOREST,MCCLELLAN,31,42.37872222,-82.998841670,0,12,6,0,2,2,1,0,3,10,0,10,0,0000000,99,99,99,99,99,99,0,0,0,1,0
26,260096,1,1,0,0,0,1,1,125,4567,8,1,2011,7,17,27,1,13,3,SR-102,,41,42.44399444,-83.241472220,0,33,0,0,1,1,4,0,5,1,0,1,0,0000000,99,99,99,99,99,99,0,0,0,1,0
26,260097,2,2,0,0,0,2,2,17,0,1,3,2011,3,15,44,0,4,4,PINCONNING,,67,43.85400000,-84.029283330,0,12,8,0,1,1,1,0,1,1,0,1,0,0000000,15,45,15,48,88,88,0,0,0,1,0
26,260098,2,2,0,0,0,2,2,95,0,2,3,2011,4,11,59,0,3,3,SR-123,,279,46.30607500,-85.509661110,0,12,6,0,1,1,1,0,1,10,0,10,0,0000000,11,59,12,8,99,99,0,0,0,1,0
26,260099,2,2,0,0,0,2,2,115,0,2,3,2011,4,6,34,0,3,4,IDA WEST,,1,41.90931111,-83.693891670,0,12,1,0,1,1,1,0,2,1,0,1,0,0000000,6,41,6,49,99,99,22,0,0,1,2
26,260100,1,1,0,0,0,1,1,49,1730,4,3,2011,6,6,21,1,11,1,I-475,,36,42.97093056,-83.681830560,0,30,0,1,18,1,4,0,3,3,0,3,0,0000000,6,22,6,32,88,88,0,0,0,1,0
26,260101,2,2,0,0,0,2,2,163,1260,4,3,2011,6,6,38,1,11,1,I-75,,23,42.35787778,-83.052316670,0,12,1,1,18,1,1,0,3,10,0,10,0,0000000,99,99,99,99,88,88,0,0,0,1,0
26,260102,2,2,0,0,0,2,2,89,0,4,3,2011,6,12,45,0,3,3,SR-22,,200,44.86973889,-85.649200000,0,12,6,0,1,1,1,0,1,3,0,3,0,0000000,12,47,12,50,99,99,0,0,0,1,0
26,260103,1,1,0,0,0,1,1,3,0,21,1,2011,6,22,10,0,4,4,COUNTY RD H-58,,153,46.63365000,-86.121161110,0,42,0,0,1,1,4,0,2,4,0,4,0,0000000,23,1,23,16,88,88,0,0,0,1,0
26,260104,3,3,0,0,0,3,3,99,4731,16,1,2011,1,0,18,0,13,6,DEQUINDRE RD,,109,42.60550833,-83.090575000,0,12,7,0,1,1,1,0,2,1,0,1,0,0000000,99,99,99,99,99,99,0,0,0,1,1
26,260105,2,1,1,2,2,1,1,87,0,4,3,2011,6,7,8,0,6,4,MILLVILLE RD,,37,43.10319167,-83.345800000,0,8,0,0,1,1,4,0,1,10,0,10,0,0000000,7,9,7,16,99,99,19,0,0,1,0
26,260106,3,2,1,1,1,3,3,81,2010,5,3,2011,7,21,33,1,13,3,SR-45,,40,42.96600556,-85.707247220,0,12,1,0,1,1,1,0,3,4,0,4,0,0000000,21,33,21,38,88,88,23,0,0,1,0
26,260107,2,2,0,0,0,3,3,163,0,6,3,2011,1,13,39,0,14,4,EIGHT MILE RD,,14,42.43608611,-83.524213890,0,12,2,0,1,1,1,0,1,1,0,1,0,0000000,13,40,13,47,99,99,0,0,0,1,0
26,260108,2,2,0,0,0,2,2,83,97,3,3,2011,5,14,34,0,3,2,US-41,,87,47.37733056,-88.303122220,0,12,6,0,1,1,1,0,1,1,0,1,0,0000000,99,99,99,99,99,99,0,0,0,1,1
26,260109,2,2,0,0,0,2,2,105,548,7,3,2011,2,6,13,1,2,2,US-10,,146,43.95370000,-86.158791670,0,12,1,0,1,1,1,0,2,1,0,1,0,0000000,6,14,6,31,88,88,0,0,0,1,0
26,260110,2,2,0,0,0,4,4,25,4649,7,3,2011,2,14,43,1,13,3,SR-96,,47,42.31408889,-85.235800000,0,33,0,0,1,1,4,0,1,1,0,1,0,0000000,14,43,14,46,99,99,0,0,0,1,1
26,260111,1,1,0,0,0,4,4,115,1586,3,3,2011,5,1,45,0,3,4,STERNS RD,,139,41.75027500,-83.494588890,0,34,0,0,1,1,4,0,2,1,0,1,0,0000000,1,46,1,59,99,99,0,0,0,2,1
26,260112,1,1,0,0,0,1,1,149,0,8,3,2011,3,2,17,0,6,4,CONSTANTINE RD,,60,41.85250833,-85.643588890,0,42,0,0,1,1,4,0,2,10,0,10,0,0000000,2,19,2,27,99,99,0,0,0,1,1
26,260113,1,1,0,0,0,1,1,99,4380,10,3,2011,5,0,25,1,11,1,I-94,,4,42.45512500,-82.923233330,0,59,0,0,1,1,4,0,2,5,0,5,0,0000000,0,30,0,45,88,88,0,0,0,1,0
26,260114,2,2,0,0,0,2,2,49,1931,11,3,2011,6,7,20,0,15,4,STANLEY RD,,83,43.10518611,-83.670716670,0,12,6,0,1,1,1,0,1,10,0,10,0,0000000,7,25,7,26,99,99,22,0,0,1,0
26,260115,1,1,0,0,0,1,1,163,2850,12,3,2011,7,18,37,1,11,1,I-96,,44,42.38272500,-83.357716670,0,25,0,1,18,1,3,0,3,10,0,10,0,0000000,18,37,18,41,99,99,0,0,0,1,0
26,260116,1,1,0,1,1,1,1,49,0,11,3,2011,6,20,28,0,14,6,STANLEY RD,,75,43.10476944,-83.705219440,0,8,0,0,1,1,1,0,3,1,0,1,0,0000000,99,99,99,99,99,99,0,0,0,1,0
26,260117,1,1,0,1,1,1,1,125,5113,14,3,2011,2,20,26,1,13,4,WALTON BLVD,,8,42.69005278,-83.368586110,0,8,0,0,1,1,1,0,3,1,0,1,0,0000000,20,26,20,28,88,88,0,0,0,1,0
26,260118,1,1,0,1,1,1,1,125,5113,17,3,2011,5,22,30,0,14,4,CASS ELIZABETH,,7,42.62558611,-83.381066670,0,8,0,0,1,1,1,0,2,1,0,1,0,0000000,99,99,99,99,88,88,0,0,0,1,1
26,260119,1,1,0,0,0,1,1,145,5343,18,3,2011,6,3,16,1,11,1,I-675,,1,43.49553056,-83.933927780,0,52,0,0,1,1,4,0,2,1,0,1,0,0000000,99,99,99,99,88,88,0,0,0,1,1
26,260120,2,2,0,0,0,6,6,137,0,19,3,2011,7,18,54,1,1,1,I-75,,5,44.86324444,-84.694419440,0,12,7,1,18,1,1,0,1,1,0,1,0,0000000,18,56,19,3,99,99,0,0,0,1,0
26,260121,1,1,0,0,0,2,2,165,0,20,3,2011,1,18,51,1,2,2,US-131,,188,44.41243889,-85.380269440,0,1,0,1,18,1,4,0,1,6,0,6,0,0000000,18,56,19,5,99,99,0,0,0,1,0
26,260122,1,1,0,0,0,1,1,81,5319,21,3,2011,2,11,17,0,13,6,54TH ST SW,54TH ST/S US-31 RAMP,3,42.86594167,-85.677463890,0,33,0,0,3,1,4,0,1,10,0,10,0,0000000,11,18,99,99,88,88,0,0,0,1,0
26,260123,2,2,0,0,0,2,2,121,0,17,3,2011,5,17,43,0,4,4,RAVENNA RD,WILSON RD,50,43.11902778,-85.927463890,0,12,6,0,2,2,1,0,1,10,0,10,0,0000000,99,99,99,99,88,88,0,0,0,1,1
26,260124,1,1,0,0,0,3,3,93,0,18,3,2011,6,2,26,0,13,4,SUPERIOR DR,,2,42.51458333,-83.743152780,0,30,0,0,1,1,4,0,2,1,0,1,0,0000000,99,99,99,99,99,99,0,0,0,1,1
26,260125,1,1,0,0,0,3,3,75,0,18,3,2011,6,2,50,1,1,1,I-94,,1,42.26198333,-84.647269440,0,1,0,1,5,1,8,0,2,1,0,1,0,0000000,99,99,99,99,99,99,0,0,0,1,1
26,260126,3,3,0,0,0,3,3,125,440,20,3,2011,1,22,32,0,13,6,TWELVE MILE RD,GREENFIELD RD,160,42.50288611,-83.202741670,0,12,1,0,3,2,1,0,3,2,0,2,0,0000000,99,99,22,32,99,99,0,0,0,1,0
26,260127,2,2,0,0,0,5,5,121,2307,22,3,2011,3,17,2,0,3,3,SR-120,,123,43.39258333,-86.108388890,0,12,6,0,1,1,1,0,1,3,0,3,0,0000000,17,5,17,20,99,99,0,0,0,1,0
26,260128,2,2,0,0,0,3,3,125,2300,23,3,2011,4,15,36,1,1,1,I-75,,450,42.85081389,-83.589861110,0,12,1,1,18,1,1,0,1,10,0,10,0,0000000,15,36,15,41,99,99,0,0,0,1,0
26,260129,1,1,0,0,0,2,2,161,0,14,3,2011,2,14,16,0,14,4,DEXTER ANN ARBOR,,62,42.29198889,-83.804416670,0,59,0,0,1,1,4,0,1,1,0,1,0,0000000,14,10,14,15,99,99,0,0,0,1,0
26,260130,2,1,1,2,2,1,1,47,0,25,3,2011,6,19,41,0,4,4,PICKEREL LAKE,,14,45.39169444,-84.884416670,0,8,0,0,1,1,1,0,5,1,0,1,0,0000000,19,43,19,49,99,99,0,0,0,1,0
26,260131,1,1,0,0,0,1,1,49,686,26,3,2011,7,23,39,1,11,1,I-69 RAMP 008C,,1,43.01900278,-83.592733330,0,1,0,1,5,1,5,0,2,1,0,1,0,0000000,23,37,23,39,88,88,0,0,0,1,0
26,260132,2,2,0,0,0,2,2,25,310,23,3,2011,4,12,44,1,13,3,SR-37,,7,42.27911667,-85.286930560,0,12,1,0,1,1,1,0,1,10,0,10,0,0000000,99,99,99,99,88,88,0,0,0,1,0
26,260133,1,1,0,0,0,3,3,161,4799,23,3,2011,4,21,40,1,1,1,I-94,,35,42.29271389,-84.065708330,0,1,0,0,1,1,2,0,2,10,0,10,0,0000000,99,99,99,99,99,99,0,0,0,1,1
26,260134,1,1,0,0,0,2,2,163,1480,25,3,2011,6,21,55,0,15,6,VISGER RD,,11,42.25964444,-83.143655560,0,10,0,0,6,1,1,0,3,1,0,1,0,511630F,99,99,99,99,99,99,0,0,0,1,1
26,260135,1,1,0,0,0,2,2,163,0,27,3,2011,1,2,39,1,12,3,SR-14,,44,42.38792778,-83.473308330,0,1,0,0,1,1,2,0,2,1,0,1,0,0000000,2,40,2,46,99,99,0,0,0,1,1
26,260136,3,1,2,0,0,1,1,163,90,28,3,2011,2,1,23,0,15,6,OLD GODDARD,,51,42.22787778,-83.208013890,0,42,0,0,1,1,4,0,3,1,0,1,0,0000000,99,99,99,99,99,99,0,0,0,1,1
26,260137,2,2,0,0,0,2,2,91,4214,31,3,2011,5,8,5,0,5,4,BERKEY HWY,WESTON RD,72,41.77321944,-83.861844440,0,12,6,0,2,2,1,0,1,1,0,1,0,0000000,8,7,8,20,99,99,22,0,0,1,0
26,260138,1,1,0,0,0,2,2,115,1586,30,3,2011,4,22,58,0,13,3,SR-24,E TEMPERANCE RD,38,41.77918611,-83.516477780,0,35,0,0,3,1,4,0,3,10,0,10,0,0000000,9,44,9,52,99,99,0,0,0,1,1
26,260139,2,2,0,0,0,3,3,21,0,30,3,2011,4,20,54,0,4,4,SAWYER RD,MINNICH RD,30,41.88551667,-86.575316670,0,12,6,0,2,2,1,0,2,1,0,1,0,0000000,20,55,20,59,88,88,0,0,0,1,1
26,260140,1,1,0,0,0,1,1,77,0,14,3,2011,2,23,5,0,4,4,Q AVE,,13,42.20092778,-85.740827780,0,1,0,0,1,1,4,0,2,10,0,10,0,0000000,23,14,23,17,99,99,0,0,0,1,1
26,260141,3,3,0,0,0,3,3,81,0,28,3,2011,2,9,40,0,13,3,SR-44,,52,43.04033333,-85.608650000,0,12,6,0,8,1,1,0,1,1,0,1,0,0000000,9,40,9,42,99,99,0,0,0,1,0
26,260142,2,2,0,0,0,2,2,65,2700,21,3,2011,2,16,33,1,13,6,GRAND RIVER,,3,42.76833889,-84.596386110,0,12,6,0,8,1,1,0,1,1,0,1,0,0000000,16,35,16,40,99,99,0,0,0,1,0
26,260143,2,2,0,1,1,2,2,121,3460,16,3,2011,4,6,52,1,13,6,SEAWAY DR,,20,43.18921111,-86.236563890,0,8,0,0,1,1,1,0,2,1,0,1,0,0000000,7,0,7,10,88,88,0,0,0,1,0
26,260144,1,1,0,0,0,1,1,163,1260,5,3,2011,7,5,0,0,14,6,GRAND BLVD,,18,42.37113889,-83.017380560,0,42,0,0,1,1,4,0,3,2,0,2,0,0000000,99,99,99,99,88,88,0,0,0,1,1
26,260145,1,1,0,0,0,1,1,163,1260,15,3,2011,3,21,55,0,16,6,VAN DYKE,SAVAGE,5,42.44611944,-83.024680560,0,19,0,0,3,1,4,0,2,2,0,2,0,0000000,99,99,99,99,99,99,0,0,0,1,1
26,260146,1,1,0,0,0,1,1,163,1260,28,3,2011,2,19,35,1,13,3,SR-5,,1,42.41934722,-83.264716670,0,30,0,0,1,1,4,0,1,1,0,1,0,0000000,99,99,99,99,99,99,0,0,0,1,0
26,260147,3,3,0,0,0,8,8,49,0,5,3,2011,7,18,8,1,11,1,I-75,,224,43.14471944,-83.763655560,0,25,0,0,1,1,3,0,2,4,0,4,0,0000000,99,99,99,99,99,99,0,0,0,1,0
26,260148,1,1,0,0,0,1,1,79,0,5,3,2011,7,23,30,0,5,4,SUNSET TRL,,107,44.67877222,-84.977788890,0,42,0,0,1,1,4,0,2,1,0,1,0,0000000,99,99,99,99,99,99,0,0,0,1,1
26,260149,2,2,0,0,0,4,4,121,0,5,3,2011,7,7,12,0,3,3,SR-37,,43,43.26381667,-85.813700000,0,12,6,0,1,1,1,0,4,10,0,10,0,0000000,99,99,99,99,99,99,0,0,0,1,0
26,260150,1,1,0,1,1,2,2,131,0,13,3,2011,1,3,52,1,2,2,US-45,,150,46.54661389,-89.178622220,0,8,0,0,1,1,1,0,2,4,0,4,0,0000000,99,99,99,99,99,99,0,0,0,1,0
26,260151,1,1,0,1,1,1,1,145,4350,15,3,2011,3,22,50,0,14,3,SR-13,,86,43.39270000,-83.955513890,0,8,0,0,1,1,1,0,1,2,0,2,0,0000000,99,99,99,99,88,88,0,0,0,1,0
26,260152,1,1,0,0,0,1,1,163,2820,19,3,2011,7,2,8,1,11,1,I-75,,60,42.40686111,-83.077088890,0,1,0,1,18,1,4,0,3,1,0,1,0,0000000,99,99,99,99,99,99,0,0,0,1,1
26,260153,2,2,0,0,0,2,2,81,0,22,3,2011,3,18,17,0,4,4,PINE LAKE AVE,,66,43.28581389,-85.471711110,0,12,6,0,1,1,1,0,1,2,0,2,0,0000000,99,99,99,99,99,99,0,0,0,1,1
26,260154,2,2,0,0,0,4,4,125,4567,22,3,2011,3,21,57,0,14,6,LAHSER RD,,6,42.45194722,-83.259850000,0,12,2,0,1,1,1,0,2,2,0,2,0,0000000,99,99,99,99,99,99,0,0,0,1,0
26,260155,1,1,0,1,1,1,1,161,5330,22,3,2011,3,20,38,1,13,3,SR-17,,64,42.24605556,-83.627458330,0,8,0,0,1,1,1,0,3,2,0,2,0,0000000,99,99,99,99,99,99,0,0,0,1,0
26,260156,1,1,0,0,0,1,1,5,0,13,3,2011,1,3,35,0,4,4,56TH ST,,56,42.51459167,-86.091625000,0,42,0,0,1,1,4,0,2,1,0,1,0,0000000,99,99,99,99,88,88,22,0,0,1,1
26,260157,1,1,0,1,1,1,1,99,2933,15,3,2011,3,7,0,0,14,4,21 MILE RD,,69,42.64353611,-82.904330560,0,8,0,0,1,1,1,0,2,1,0,1,0,0000000,99,99,99,99,99,99,0,0,0,1,0
26,260158,1,1,0,0,0,2,2,65,0,10,1,2011,2,11,43,1,12,2,US-127,,14,42.74191111,-84.509813890,0,52,0,1,18,1,3,0,1,10,0,10,0,0000000,11,43,99,99,99,99,0,0,0,1,0
26,260159,2,2,0,0,0,2,2,125,0,25,1,2011,3,8,12,0,14,4,MILFORD RD,,39,42.51825278,-83.616236110,0,12,2,0,1,1,1,0,1,1,0,1,0,0000000,8,12,8,12,99,99,0,0,0,1,0
26,260160,1,1,0,0,0,2,2,99,1810,19,2,2011,7,14,7,0,13,3,SR-97,,76,42.54507778,-82.930630560,0,42,0,0,1,1,4,0,1,1,0,1,0,0000000,99,99,99,99,99,99,0,0,0,1,0
26,260161,2,2,0,1,1,5,5,17,0,3,4,2011,1,15,54,1,12,2,US-10,,24,43.59736944,-84.128897220,0,12,1,1,18,1,1,0,1,3,0,3,0,0000000,15,56,16,13,99,99,0,0,0,1,0
26,260162,3,1,2,0,0,1,1,125,3712,4,4,2011,2,5,45,0,14,4,SILVERBELL RD,,19,42.72281944,-83.252655560,0,20,0,0,1,1,5,1,2,10,0,10,0,0000000,5,49,6,10,88,88,0,0,0,1,1
26,260163,1,1,0,0,0,1,1,101,0,5,4,2011,3,19,20,0,3,3,SR-55,,138,44.23100278,-86.047463890,0,42,0,0,1,1,4,0,1,1,0,1,0,0000000,19,23,19,33,88,88,0,0,0,1,1
26,260164,2,2,0,0,0,3,3,57,0,3,4,2011,1,15,23,1,2,3,SR-46,,143,43.40783056,-84.562036110,0,12,1,0,1,1,1,0,1,3,0,3,0,0000000,15,26,15,30,99,99,0,0,0,1,0
26,260165,1,1,0,0,0,2,2,65,0,5,4,2011,3,22,45,0,6,4,COOPER RD,,17,42.43699722,-84.374511110,0,42,0,0,1,1,4,0,2,10,0,10,0,0000000,22,45,22,55,99,99,22,0,0,1,1
26,260166,1,1,0,0,0,1,1,145,0,6,4,2011,4,1,31,0,4,4,BIRCH RUN RD,,30,43.25075000,-83.844566670,0,34,0,0,1,1,4,0,2,10,0,10,0,0000000,1,35,1,39,88,88,20,0,0,1,0
26,260167,2,2,0,0,0,2,2,163,4975,9,4,2011,7,1,18,1,11,1,I-275,,115,42.23902778,-83.439730560,0,12,2,1,18,1,1,0,2,1,0,1,0,0000000,1,24,1,32,99,99,0,0,0,1,2
26,260168,2,2,0,0,0,5,5,125,5113,9,4,2011,7,20,56,1,13,3,SR-59,,178,42.64000833,-83.352986110,0,1,0,0,1,1,1,0,3,1,0,1,0,0000000,20,57,20,59,99,99,0,0,0,1,1
26,260169,3,2,1,0,0,3,3,49,1730,9,4,2011,7,21,30,0,15,6,MASON ST,W HAMILTON AVE,15,43.03614444,-83.707769440,0,12,6,0,2,2,1,0,3,1,0,1,0,0000000,99,99,99,99,99,99,0,0,0,1,0
26,260170,1,1,0,0,0,1,1,125,4020,9,4,2011,7,4,21,1,13,3,SR-1,,6,42.62654167,-83.285636110,0,31,0,0,1,1,4,0,3,1,0,1,0,0000000,4,23,4,28,88,88,0,0,0,1,1
26,260171,1,1,0,0,0,2,2,161,150,9,4,2011,7,4,50,0,16,6,BROOKFIELD RD,,4,42.24798889,-83.761155560,0,59,0,0,1,1,4,0,2,10,0,10,0,0000000,4,50,4,55,88,88,0,0,0,2,1
26,260172,2,2,0,0,0,4,4,125,5113,10,4,2011,1,21,54,1,13,3,SR-59,,139,42.65953889,-83.418330560,0,12,1,0,1,1,1,0,3,1,0,1,0,0000000,21,53,21,56,99,99,0,0,0,1,1
26,260173,1,1,0,0,0,1,1,21,3560,11,4,2011,2,0,45,0,15,6,TERMINAL RD,,7,41.85193056,-86.229075000,0,1,0,0,1,1,4,0,3,10,0,10,0,0000000,99,99,99,99,88,88,0,0,0,1,1
26,260174,1,1,0,0,0,1,1,21,0,9,4,2011,7,3,51,0,14,4,EMPIRE AVE,,21,42.10151111,-86.425319440,0,30,0,0,1,1,4,0,2,1,0,1,0,0000000,3,51,3,55,88,88,0,0,0,1,1
26,260175,1,1,0,1,1,1,1,125,4020,11,4,2011,2,22,5,1,13,3,SR-1,PIKE ST,5,42.63745000,-83.288527780,0,8,0,0,3,2,1,0,3,1,0,1,0,0000000,22,4,22,6,88,88,0,0,0,1,0
26,260176,2,2,0,0,0,3,3,111,0,14,4,2011,5,19,26,0,6,4,GENEVA RD,BAKER RD,30,43.77116667,-84.546488890,0,12,6,0,2,2,1,0,1,1,0,1,0,0000000,19,29,19,41,99,99,22,0,0,1,0
26,260177,1,1,0,0,0,1,1,139,0,14,4,2011,5,20,19,0,14,4,PORT SHELDON ST,,76,42.88719722,-85.871291670,0,30,0,0,1,1,4,0,5,1,0,1,0,0000000,20,19,20,19,88,88,0,0,0,1,1
26,260178,1,1,0,0,0,1,1,165,0,15,4,2011,6,15,50,0,3,3,SR-37,,97,44.29240833,-85.769105560,0,42,0,0,1,1,4,0,1,10,0,10,0,0000000,15,59,16,14,88,88,0,0,0,1,0
26,260179,1,1,0,0,0,1,1,77,0,16,4,2011,7,17,2,0,3,4,M N AVE,,21,42.25264722,-85.392586110,0,42,0,0,1,1,4,0,1,2,0,2,0,0000000,17,5,17,8,88,88,0,0,0,1,0
26,260180,1,1,0,0,0,1,1,163,0,10,4,2011,1,18,22,0,14,4,WILL CARLETON RD,,34,42.09400556,-83.353766670,0,34,0,0,1,1,4,0,1,1,0,1,0,0000000,18,14,18,24,88,88,0,0,0,1,0
26,260182,2,2,0,0,0,5,5,87,0,20,2,2011,1,17,45,0,6,4,ARMSTRON RD,VANDYKE RD,20,43.09469722,-83.072116670,0,12,6,0,2,3,1,0,5,4,0,4,0,0000000,17,48,17,57,99,99,0,0,0,1,0