STATE,ST_CASE,VE_TOTAL,VE_FORMS,PVH_INVL,PEDS,PERNOTMVIT,PERMVIT,PERSONS,COUNTY,CITY,DAY,MONTH,YEAR,DAY_WEEK,HOUR,MINUTE,NHS,ROAD_FNC,ROUTE,TWAY_ID,TWAY_ID2,MILEPT,LATITUDE,LONGITUD,SP_JUR,HARM_EV,MAN_COLL,RELJCT1,RELJCT2,TYP_INT,REL_ROAD,WRK_ZONE,LGT_COND,WEATHER1,WEATHER2,WEATHER,SCH_BUS,RAIL,NOT_HOUR,NOT_MIN,ARR_HOUR,ARR_MIN,HOSP_HR,HOSP_MN,CF1,CF2,CF3,FATALS,DRUNK_DR
26,260297,1,1,0,0,0,2,2,163,1260,19,6,2011,1,1,54,1,11,1,I-94,,310,42.38616389,-83.020097220,0,7,0,0,1,1,1,0,3,1,0,1,0,0000000,99,99,99,99,99,99,0,0,0,1,0
26,260298,1,1,0,0,0,1,1,43,4352,19,6,2011,1,8,55,1,2,3,SR-95,,101,46.00155278,-88.060913890,0,34,0,0,1,1,4,0,1,10,0,10,0,0000000,99,99,99,99,88,88,20,0,0,1,1
26,260299,2,2,0,0,0,2,2,81,0,20,6,2011,2,14,53,0,3,3,SR-37,100TH ST,10,42.78306667,-85.506744440,0,12,6,0,2,2,1,0,1,1,0,1,0,0000000,15,12,99,99,99,99,0,0,0,1,0
26,260300,2,2,0,0,0,3,3,41,0,2,6,2011,5,17,17,0,4,4,COUNTY 416 J RD,COUNTY 418 21ST RD,30,45.84085278,-87.184119440,0,12,6,0,2,2,1,0,1,1,0,1,0,0000000,17,17,17,30,99,99,22,0,0,1,0
26,260301,3,3,0,0,0,4,4,125,3641,9,6,2011,5,20,35,0,14,6,COOLIDGE HWY,OAK PARK BLVD,14,42.46585833,-83.182244440,0,12,6,0,2,2,1,0,1,1,0,1,0,0000000,99,99,99,99,99,99,0,0,0,1,1
26,260302,1,1,0,1,1,1,1,49,1731,21,6,2011,3,21,35,1,11,1,I-75,,96,42.96629167,-83.725422220,0,8,0,0,1,1,1,0,2,2,0,2,0,0000000,21,36,21,36,88,88,0,0,0,1,0
26,260303,2,2,0,0,0,2,2,155,0,21,6,2011,3,21,17,0,6,4,COLE RD,,20,42.85766944,-84.019783330,0,12,2,0,1,1,1,0,2,10,0,10,0,0000000,99,99,99,99,99,99,0,0,0,1,0
26,260304,1,1,0,0,0,1,1,55,0,20,6,2011,2,2,0,0,6,4,HERKNER RD,,10,44.73291667,-85.699675000,0,42,0,0,1,1,4,0,2,1,0,1,0,0000000,5,42,5,52,88,88,22,0,0,1,1
26,260305,2,2,0,0,0,3,3,77,0,23,6,2011,5,15,30,0,15,4,S 6TH ST,,38,42.21380833,-85.706177780,0,12,1,0,1,1,1,0,1,10,0,10,0,0000000,15,37,15,50,99,99,22,0,0,2,1
26,260306,1,1,0,0,0,3,3,73,0,25,6,2011,7,19,0,0,6,4,E WIDMAN RD,,45,43.68430000,-84.657636110,0,1,0,0,8,1,4,0,1,1,0,1,0,0000000,99,99,99,99,99,99,0,0,0,1,0
26,260307,3,3,0,0,0,5,5,81,0,26,6,2011,1,18,26,0,3,3,SR-57,,71,43.17560278,-85.511291670,0,12,6,0,1,1,1,0,1,10,0,10,0,0000000,18,26,18,31,99,99,0,0,0,2,1
26,260308,2,2,0,0,0,2,2,163,738,24,6,2011,6,5,5,0,13,3,SR-14,,128,42.37038889,-83.305233330,0,12,2,0,1,1,1,0,3,10,0,10,0,0000000,99,99,99,99,99,99,0,0,0,1,0
26,260309,1,1,0,2,2,1,1,125,0,27,6,2011,2,2,15,1,13,3,SR-102,,78,42.44580278,-83.168144440,0,8,0,0,1,1,1,0,2,10,0,10,0,0000000,99,99,99,99,99,99,0,0,0,1,0
26,260310,1,1,0,0,0,1,1,75,0,27,6,2011,2,5,40,0,5,4,THORNE RD,,33,42.11883611,-84.478972220,0,42,0,0,1,1,5,0,4,1,0,1,0,0000000,99,99,99,99,88,88,0,0,0,1,1
26,260311,1,1,0,0,0,3,3,153,1932,24,6,2011,6,23,30,0,4,4,H-42,,179,46.21619444,-85.886072220,0,38,0,0,1,1,5,0,2,1,0,1,0,0000000,23,36,23,55,99,99,0,0,0,1,1
26,260312,2,2,0,0,0,2,2,63,0,27,6,2011,2,11,50,0,6,4,LANGE RD,MCALPIN RD,20,43.69754722,-83.414866670,0,12,6,0,2,2,1,0,1,10,0,10,0,0000000,11,50,11,58,99,99,0,0,0,2,0
26,260313,2,2,0,0,0,3,3,129,0,28,6,2011,3,11,9,0,2,3,SR-33,GREENWOOD RD,10,44.17639444,-84.125575000,0,12,6,0,2,2,1,0,1,10,0,10,0,0000000,11,12,11,14,99,99,0,0,0,2,0
26,260314,2,2,0,0,0,4,4,103,3050,6,6,2011,2,16,10,0,14,6,W WASHINGTON,N MCCLELLAN,4,46.54588333,-87.419780560,0,12,6,0,2,2,1,0,1,1,0,1,0,0000000,16,10,16,12,99,99,0,0,0,1,0
26,260315,2,1,1,0,4,1,5,41,3091,28,6,2011,3,21,2,1,2,2,US-41,,40,45.98494167,-86.968491670,0,11,0,0,1,1,1,0,1,1,0,1,0,0000000,21,2,21,20,88,88,0,0,0,1,0
26,260316,2,2,0,0,0,2,2,55,0,22,6,2011,4,13,31,0,3,3,SR-113,SUMMIT CITY RD,89,44.58457500,-85.515994440,0,12,1,0,3,2,1,0,1,2,0,2,0,0000000,13,35,13,48,99,99,0,0,0,1,0
26,260317,3,3,0,0,0,6,6,65,2700,3,6,2011,6,20,45,1,13,3,SR-43,,19,42.74320000,-84.524694440,0,12,7,0,8,1,1,0,5,1,0,1,0,0000000,99,99,99,99,99,99,0,0,0,1,0
26,260318,1,1,0,0,0,1,1,125,510,28,6,2011,3,11,13,0,14,6,LAHSER,LONE PINE RD,86,42.56696667,-83.264600000,0,33,0,0,3,2,4,0,1,1,0,1,0,0000000,11,23,11,25,99,99,0,0,0,1,0
26,260319,1,1,0,0,0,1,1,5,0,15,6,2011,4,0,35,0,5,4,PIERCE RD,,20,42.46467222,-85.622925000,0,11,0,0,1,1,1,0,2,1,0,1,0,0000000,99,99,99,99,99,99,0,0,0,1,0
26,260320,1,1,0,0,0,2,2,159,0,27,6,2011,2,15,2,1,11,1,I-196,,104,42.37536389,-86.261947220,0,34,0,0,1,1,3,0,1,1,0,1,0,0000000,99,99,99,99,99,99,0,0,0,1,0
26,260321,1,1,0,0,0,1,1,93,0,29,6,2011,4,18,45,0,3,3,SR-36,,0,42.45246389,-83.785936110,0,1,0,0,1,1,4,0,1,1,0,1,0,0000000,19,2,19,12,99,99,0,0,0,1,0
26,260322,2,2,0,0,0,4,4,111,3240,19,6,2011,1,8,23,0,14,6,ASHMAN ST,E INDIAN ST,4,43.61558056,-84.242213890,0,12,6,0,2,2,1,0,1,1,0,1,0,0000000,99,99,99,99,99,99,0,0,0,1,0
26,260323,1,1,0,1,1,2,2,5,1309,28,6,2011,3,19,45,0,4,4,142ND,,131,42.72523056,-85.740936110,0,9,0,0,1,1,1,0,1,1,0,1,0,0000000,99,99,99,99,99,99,0,0,0,1,1
26,260324,1,1,0,1,1,1,1,29,1400,5,5,2011,5,22,56,0,3,3,SR-32,,4,45.15023611,-85.119177780,0,8,0,0,1,1,1,0,6,10,0,10,0,0000000,99,99,99,99,99,99,0,0,0,1,0
26,260325,2,2,0,0,0,2,2,121,0,28,6,2011,3,18,32,0,15,4,E BROADWAY AVE,,42,43.20139722,-86.195863890,0,12,6,0,8,1,1,0,1,1,0,1,0,0000000,18,33,18,35,88,88,0,0,0,1,0
26,260326,2,2,0,0,0,5,5,65,2700,3,4,2011,1,12,30,0,13,3,SR-99,MARY AVE,33,42.69099167,-84.567561110,0,12,6,0,2,2,1,0,1,2,0,2,0,0000000,99,99,99,99,99,99,0,0,0,1,0
26,260327,2,2,0,0,0,6,6,117,0,2,7,2011,7,16,32,0,3,3,SR-91,,114,43.28215833,-85.255777780,0,12,2,0,1,1,1,0,1,1,0,1,0,0000000,99,99,99,99,99,99,0,0,0,1,1
26,260328,1,1,0,0,0,4,4,165,0,12,6,2011,1,7,50,1,12,2,US-131,,30,44.20233889,-85.415202780,0,52,0,0,1,1,4,0,1,10,0,10,0,0000000,99,99,99,99,99,99,0,0,0,1,0
26,260329,1,1,0,0,0,1,1,107,0,3,7,2011,1,2,53,0,16,4,205TH AVE,,3,43.72949444,-85.493663890,0,42,0,0,1,1,4,0,3,1,0,1,0,0000000,2,56,3,7,88,88,0,0,0,1,1
26,260330,1,1,0,0,0,3,3,121,0,1,7,2011,6,18,56,0,16,4,STERNBERG RD,,80,43.15443333,-86.086694440,0,42,0,0,1,1,4,0,1,10,0,10,0,0000000,18,56,99,99,99,99,0,0,0,1,1
26,260331,1,1,0,0,0,3,3,159,0,3,7,2011,1,0,46,0,6,4,34TH AVE,,14,42.29382500,-86.196447220,0,42,0,0,1,1,4,0,2,10,0,10,0,0000000,0,49,0,56,99,99,0,0,0,1,1
26,260332,2,2,0,0,0,3,3,21,448,14,7,2011,5,19,51,0,16,4,REDBUD TRL,BERTRAND RD,7,41.76791389,-86.358055560,0,12,6,0,2,2,1,0,1,1,0,1,0,0000000,19,51,19,58,99,99,0,0,0,1,0
26,260333,1,1,0,0,0,1,1,73,0,5,7,2011,3,9,50,0,16,4,N MISSION RD,,87,43.74344722,-84.767508330,0,35,0,0,1,1,4,0,1,1,0,1,0,0000000,9,49,10,3,99,99,22,0,0,1,0
26,260334,1,1,0,1,1,1,1,147,0,4,7,2011,2,14,20,0,14,3,SR-29,,152,42.65634722,-82.514819440,0,8,0,0,1,1,1,0,1,1,0,1,0,0000000,14,20,14,25,88,88,0,0,0,1,0
26,260335,1,1,0,0,0,1,1,65,0,5,7,2011,3,11,10,0,16,4,DEXTER TRAIL,,50,42.53428889,-84.342655560,0,42,0,0,1,1,4,0,1,1,0,1,0,0000000,11,25,11,32,88,88,0,0,0,1,0
26,260336,2,2,0,0,0,2,2,97,0,5,7,2011,3,13,3,1,2,2,US-2,,231,46.09690278,-85.395322220,0,12,6,0,8,1,1,0,1,1,0,1,0,0000000,13,10,13,36,99,99,0,0,0,1,0
26,260337,1,1,0,0,0,6,6,39,0,3,7,2011,1,9,5,1,1,1,I-75,,249,44.85408889,-84.703088890,0,1,0,0,1,1,4,0,1,1,0,1,0,0000000,99,99,99,99,99,99,0,0,0,1,0
26,260338,2,2,0,0,0,2,2,77,0,5,7,2011,3,13,35,0,9,4,E O AVE,S 38TH ST,10,42.23055556,-85.394208330,0,12,6,0,2,2,1,0,1,1,0,1,0,0000000,13,40,13,47,99,99,22,0,0,1,0
26,260339,1,1,0,0,0,2,2,91,0,6,7,2011,4,18,30,0,9,6,CADMUS RD,,60,41.87161111,-84.231908330,0,53,0,0,1,1,4,0,1,1,0,1,0,0000000,18,36,18,41,99,99,0,0,0,1,0
26,260340,1,1,0,1,1,1,1,65,2700,4,7,2011,2,19,43,0,14,6,N EAST ST,,26,42.76199167,-84.542791670,0,9,0,0,1,1,1,0,1,1,0,1,0,0000000,19,43,19,48,88,88,0,0,0,1,0
26,260341,2,2,0,0,0,2,2,107,0,20,7,2011,4,6,51,0,15,3,SR-66,,171,43.71507778,-85.146680560,0,12,2,0,1,1,1,0,1,10,0,10,0,0000000,6,53,6,55,88,88,0,0,0,1,1
26,260342,1,1,0,0,0,1,1,31,0,8,7,2011,6,2,41,0,6,4,VAN RD,,26,45.59343611,-84.729330560,0,42,0,0,1,1,4,0,2,1,0,1,0,0000000,2,43,3,5,88,88,22,0,0,1,1
26,260343,3,3,0,0,0,5,5,163,1260,8,7,2011,6,18,52,1,11,1,I-75,,37,42.37635556,-83.061555560,0,12,1,0,1,1,1,0,1,1,0,1,0,0000000,18,55,19,10,99,99,0,0,0,1,0
26,260344,2,2,0,0,0,2,2,77,3727,9,7,2011,7,9,40,1,13,3,SR-43,MAPLE HILL DR,55,42.29610000,-85.657872220,0,12,6,0,2,2,1,0,1,1,0,1,0,0000000,9,40,9,45,99,99,0,0,0,1,0
26,260345,1,1,0,0,0,1,1,135,0,9,7,2011,7,2,0,0,4,4,S RIVER RD,,148,44.64873333,-84.104916670,0,1,0,0,1,1,4,0,2,1,0,1,0,0000000,99,99,99,99,88,88,22,0,0,1,1
26,260346,1,1,0,0,0,1,1,89,0,6,7,2011,4,23,45,0,14,3,SR-72,,55,44.77594444,-85.665377780,0,32,0,0,1,1,4,0,2,1,0,1,0,0000000,23,45,23,51,99,99,0,0,0,1,0
26,260347,2,2,0,1,1,4,4,163,2165,9,7,2011,7,18,15,1,11,1,I-94,,382,42.44696667,-82.916808330,0,12,7,0,1,1,1,0,1,10,0,10,0,0000000,18,19,18,30,88,88,0,0,0,1,0
26,260348,2,2,0,0,0,3,3,77,4030,10,6,2011,6,11,22,0,14,6,LOVERS LN,BLUE BROOK LN,13,42.21208056,-85.574608330,0,12,6,0,2,2,1,0,1,10,0,10,0,0000000,99,99,99,99,99,99,0,0,0,1,0
26,260349,1,1,0,0,0,1,1,159,0,12,7,2011,3,6,15,0,15,4,CO RD 374,,25,42.22249444,-85.907966670,0,18,0,0,1,1,1,0,2,1,0,1,0,0000000,99,99,99,99,99,99,0,0,0,1,0
26,260350,2,2,0,0,0,2,2,49,0,11,7,2011,2,15,15,0,14,4,W GRAND BLANC RD,TORREY RD,101,42.91467500,-83.730577780,0,12,6,0,2,2,1,0,1,1,0,1,0,0000000,15,15,15,25,99,99,0,0,0,1,0
26,260351,1,1,0,0,0,1,1,55,0,8,7,2011,6,4,30,0,6,4,MUD LAKE RD,,12,44.67512222,-85.793675000,0,42,0,0,1,1,4,0,7,1,0,1,0,0000000,8,13,8,20,88,88,22,0,0,1,1
26,260352,2,2,0,0,0,2,2,103,2480,6,7,2011,4,5,20,1,13,2,US-41,,375,46.50382778,-87.664300000,0,12,6,0,8,1,1,0,4,1,0,1,0,0000000,5,28,5,32,88,88,0,0,0,1,0
26,260353,1,1,0,0,0,2,2,65,0,13,7,2011,4,20,49,1,11,1,I-96,,85,42.67812500,-84.442677780,0,1,0,1,18,1,3,0,5,1,0,1,0,0000000,20,49,20,55,99,99,0,0,0,1,0
26,260354,1,1,0,0,0,1,1,147,0,16,7,2011,7,1,37,0,16,4,FOLKERT,,5,42.63095000,-82.575988890,0,34,0,0,1,1,4,0,2,1,0,1,0,0000000,1,40,1,43,88,88,0,0,0,1,1
26,260355,2,2,0,0,0,3,3,115,4626,17,7,2011,1,0,20,1,11,1,I-75,,253,42.05095000,-83.270963890,0,12,2,0,1,1,1,0,3,10,0,10,0,0000000,0,23,0,35,99,99,0,0,0,1,1
26,260356,2,2,0,0,0,2,2,151,0,16,7,2011,7,18,14,1,2,3,SR-53,SNOVER RD,120,43.45783611,-83.089261110,0,12,6,0,2,2,1,0,1,1,0,1,0,0000000,18,17,18,36,99,99,0,0,0,1,1
26,260357,1,1,0,1,1,1,1,125,2230,25,4,2011,2,22,19,0,14,6,8 MILE SERVICE RD,S CHRYSLER DR,3,42.44710278,-83.095586110,0,9,0,0,3,4,1,0,2,10,0,10,0,0000000,22,20,22,21,99,99,0,0,0,1,0
26,260358,2,2,0,0,0,2,2,139,0,18,7,2011,2,17,39,0,4,4,48TH AVE,GARFIELD ST,26,43.04547778,-85.906827780,0,12,6,0,2,2,1,0,1,10,0,10,0,0000000,17,40,17,44,99,99,22,0,0,1,0
26,260359,2,2,0,0,0,5,5,163,4571,8,7,2011,6,17,39,0,16,6,BURNS,SYCAMORE,2,42.20011389,-83.190000000,0,12,6,0,2,2,1,0,1,1,0,1,0,0000000,99,99,99,99,99,99,0,0,0,1,0
26,260360,1,1,0,1,1,1,1,145,0,15,7,2011,6,22,59,1,13,4,TITTABAWASSEE RD,,209,43.47979167,-83.953930560,0,8,0,0,1,1,1,0,3,1,0,1,0,0000000,22,59,23,3,99,99,0,0,0,1,0
26,260361,2,2,0,0,0,3,3,115,0,16,7,2011,7,23,46,1,1,1,I-75,,230,42.02761944,-83.295111110,0,12,1,0,1,1,1,0,2,1,0,1,0,0000000,23,49,23,58,99,99,0,0,0,1,0
26,260362,1,1,0,1,1,2,2,81,2010,18,7,2011,2,19,19,0,16,6,SPENCER ST,,1,42.98819167,-85.662327780,0,8,0,0,1,1,1,0,1,1,0,1,0,0000000,19,19,19,22,88,88,0,0,0,1,0
26,260363,2,1,1,0,1,1,2,125,208,19,7,2011,3,14,38,1,11,1,I-75,,215,42.68267222,-83.242908330,0,14,0,0,1,1,2,0,1,1,0,1,0,0000000,99,99,99,99,99,99,0,0,0,1,0
26,260364,1,1,0,1,1,1,1,81,691,9,7,2011,7,18,24,0,13,4,BYRON CENTER AVE,RAMP TO SR-6,58,42.85321944,-85.722966670,0,9,0,1,3,1,1,0,1,1,0,1,0,0000000,18,24,18,24,99,99,0,0,0,1,0
26,260365,1,1,0,0,0,1,1,123,0,21,7,2011,5,20,5,0,3,4,MAPLE ISLAND RD,,16,43.31730833,-86.038869440,0,42,0,0,1,1,4,0,9,99,0,99,0,0000000,20,15,20,31,88,88,0,0,0,1,0
26,260366,1,1,0,1,1,2,2,163,738,21,7,2011,5,20,17,0,14,4,HAGGERTY RD,MICHIGAN AVE,50,42.27930833,-83.446877780,0,8,0,0,3,2,1,0,1,1,0,1,0,0000000,20,17,20,23,99,99,0,0,0,1,0
26,260367,1,1,0,1,1,2,2,49,1731,21,7,2011,5,4,42,1,11,1,I-75,,113,42.98963056,-83.738650000,0,8,0,0,1,1,1,0,2,10,0,10,0,0000000,4,42,4,44,88,88,0,0,0,1,0
26,260368,1,1,0,0,0,1,1,75,0,22,7,2011,6,15,20,1,12,2,US-127,,9,42.20416389,-84.369952780,0,1,0,0,1,1,3,0,1,10,0,10,0,0000000,15,29,15,36,88,88,0,0,0,1,1
26,260369,2,2,0,0,0,3,3,145,0,24,7,2011,1,16,13,1,13,3,SR-46,KENNELY RD,22,43.41610833,-84.091450000,0,12,6,0,2,2,1,0,1,1,0,1,0,0000000,16,14,16,19,99,99,0,0,0,2,0
26,260370,1,1,0,0,0,1,1,87,196,9,7,2011,7,13,1,0,3,4,IMLAY CITY RD,,183,43.04870278,-83.116019440,0,43,0,0,1,1,4,0,1,1,0,1,0,0000000,99,99,99,99,99,99,22,0,0,1,0
26,260371,1,1,0,0,0,1,1,145,0,9,7,2011,7,11,40,0,4,4,TOWNLINE RD,,21,43.30340556,-84.273150000,0,42,0,0,1,1,4,0,1,1,0,1,0,0000000,11,40,99,99,88,88,0,0,0,1,0
26,260372,1,1,0,0,0,1,1,147,0,15,7,2011,6,0,25,0,14,3,SR-29,,101,42.62090556,-82.567605560,0,59,0,0,1,1,4,0,2,10,0,10,0,0000000,99,99,99,99,99,99,0,0,0,1,1
26,260373,2,2,0,0,0,2,2,121,0,14,1,2011,6,7,54,0,4,4,STERNBERG RD,,66,43.15425556,-86.114519440,0,12,6,0,1,1,1,0,4,4,0,4,0,0000000,7,56,8,2,99,99,0,0,0,1,0
26,260374,1,1,0,1,1,1,1,57,2490,21,7,2011,5,23,10,0,3,6,CENTER ST,,129,43.29166111,-84.615636110,0,9,0,0,1,1,1,0,2,1,0,1,0,0000000,99,99,99,99,99,99,22,0,0,1,1
26,260375,2,2,0,0,0,2,2,75,2764,26,7,2011,3,6,22,1,1,1,I-94,,236,42.29069167,-84.265038890,0,12,1,0,1,1,1,1,4,1,0,1,0,0000000,6,23,6,43,99,99,0,0,0,1,0
26,260376,2,2,0,0,0,2,2,145,0,26,7,2011,3,22,40,0,14,3,SR-81,,117,43.45050556,-83.856369440,0,12,2,0,1,1,1,0,2,10,0,10,0,0000000,22,43,22,47,99,99,0,0,0,1,1
26,260377,1,1,0,0,0,2,2,115,0,27,7,2011,4,22,21,0,4,4,PLANK RD,,42,42.04042222,-83.631066670,0,42,0,0,1,1,4,0,2,2,0,2,0,0000000,22,23,22,35,99,99,22,0,0,1,1
26,260378,1,1,0,0,0,1,1,153,4849,28,7,2011,5,1,20,0,4,3,SR-149,,11,45.91671389,-86.343666670,0,30,0,0,1,1,4,0,2,10,0,10,0,0000000,1,22,1,32,88,88,0,0,0,1,1
26,260379,1,1,0,1,1,1,1,125,3712,27,7,2011,4,17,41,0,14,4,GIDDINGS RD,,2,42.71161111,-83.266519440,0,9,0,0,1,1,1,0,1,10,0,10,0,0000000,17,41,17,45,99,99,0,0,0,1,0
26,260380,1,1,0,0,0,1,1,161,0,27,7,2011,4,13,27,0,15,4,HURON RIVER DR,,39,42.33468333,-83.814438890,0,1,0,0,1,1,4,0,1,10,0,10,0,0000000,13,29,13,35,99,99,0,0,0,1,0
26,260381,1,1,0,0,0,1,1,81,0,30,7,2011,7,19,5,0,4,4,RAMSDELL DR NE,,10,43.14718333,-85.430588890,0,42,0,0,1,1,4,0,1,1,0,1,0,0000000,19,6,99,99,99,99,22,0,0,1,1
26,260382,1,1,0,1,1,1,1,163,0,28,7,2011,5,5,24,0,14,4,7 MILE RD,FRY ST,13,42.42400556,-83.448475000,0,8,0,0,3,2,1,0,3,2,0,2,0,0000000,5,24,5,32,99,99,0,0,0,1,0
26,260383,1,1,0,0,0,1,1,117,1158,9,7,2011,7,22,46,0,6,4,NORTH SHORE DR,,16,43.27113333,-84.924963890,0,42,0,0,1,1,4,0,3,10,0,10,0,0000000,22,47,22,52,99,99,0,0,0,1,1
26,260384,1,1,0,1,1,1,1,67,0,19,7,2011,3,18,31,0,4,4,RIVERSIDE DR,,2,42.92968611,-85.307863890,0,9,0,0,1,1,1,0,1,1,0,1,0,0000000,18,32,18,37,99,99,22,0,0,1,0
26,260385,1,1,0,0,0,1,1,133,0,10,7,2011,1,1,1,0,4,4,15 MILE RD,,125,44.03031667,-85.216675000,0,35,0,0,1,1,4,0,2,1,0,1,0,0000000,99,99,99,99,88,88,0,0,0,1,1
26,260386,2,2,0,0,0,4,4,63,0,31,7,2011,1,10,27,0,4,4,BAYPORT RD,GIEGER RD,90,43.79943611,-83.357566670,0,12,6,0,2,2,1,0,1,1,0,1,0,0000000,99,99,99,99,99,99,0,0,0,1,0
26,260387,2,2,0,0,0,2,2,125,4567,1,7,2011,6,14,57,0,13,6,12 MILE RD,FRANKLIN RD,106,42.50051944,-83.309797220,0,12,6,0,2,4,1,0,1,1,0,1,0,0000000,99,99,99,99,99,99,0,0,0,1,0
26,260389,1,1,0,1,1,1,1,99,4330,20,7,2011,4,23,19,0,14,6,E 13 MILE RD,,47,42.52426667,-82.937688890,0,8,0,0,1,1,1,0,3,1,0,1,0,0000000,99,99,99,99,88,88,0,0,0,1,0
26,260390,1,1,0,0,0,1,1,125,4567,14,7,2011,5,15,31,0,13,6,GREENFIELD RD,,34,42.49335833,-83.202636110,0,59,0,0,1,1,4,0,1,1,0,1,0,0000000,99,99,99,99,99,99,0,0,0,1,0
26,260391,1,1,0,0,0,2,2,161,150,7,7,2011,5,13,33,1,13,6,JACKSON AVE,,10,42.28110000,-83.772900000,0,33,0,0,1,1,4,0,1,1,0,1,0,0000000,13,33,13,35,88,88,0,0,0,1,0
26,260392,2,2,0,0,0,4,4,133,0,28,7,2011,5,12,48,0,4,4,11 MILE RD,MACKINAW TRAIL RD,27,43.97347778,-85.507747220,0,12,6,0,2,2,1,0,1,1,0,1,0,0000000,99,99,99,99,99,99,0,0,0,1,0
26,260393,1,1,0,1,1,1,1,49,1931,17,7,2011,1,4,0,1,13,3,SR-54,,135,43.09130278,-83.674536110,0,8,0,0,1,1,1,0,2,1,0,1,0,0000000,99,99,99,99,88,88,0,0,0,1,0
26,260394,2,2,0,0,0,2,2,77,0,19,7,2011,3,7,15,0,4,4,N RIVERVIEW DR,E B AVE,80,42.40539167,-85.561658330,0,12,6,0,2,2,1,0,1,10,0,10,0,0000000,99,99,99,99,99,99,0,0,0,1,0
26,260395,1,1,0,0,0,1,1,99,2181,30,7,2011,7,1,16,1,11,1,I-94,,1,42.56881389,-82.858522220,0,1,0,1,5,1,4,0,7,1,0,1,0,0000000,99,99,99,99,0,0,0,0,0,1,0
26,260396,2,2,0,0,0,2,2,99,1440,31,7,2011,1,13,46,0,15,6,STEPHENS DR,GRATIOT AVE,19,42.47218056,-82.953205560,0,12,1,0,3,1,1,0,1,1,0,1,0,0000000,99,99,99,99,99,99,0,0,0,1,0
26,260397,2,2,0,0,0,4,4,117,4566,12,7,2011,3,21,35,0,4,4,SIDNEY RD,,98,43.25002778,-85.118447220,0,54,11,0,1,1,1,0,5,10,0,10,0,0000000,21,37,21,50,99,99,14,0,0,1,0
26,260398,3,3,0,0,0,4,4,125,0,31,7,2011,1,14,55,0,4,4,S HOLLY RD,,2,42.78218889,-83.683375000,0,12,6,0,1,1,1,0,1,1,0,1,0,0000000,14,57,15,3,99,99,14,0,0,1,0
26,260399,2,2,0,0,0,5,5,145,0,14,7,2011,5,13,45,0,14,6,WEISS RD,,47,43.44368611,-83.956780560,0,12,6,0,1,1,1,0,1,1,0,1,0,0000000,99,99,99,99,99,99,20,0,0,1,0
26,260400,2,2,0,0,0,4,4,65,0,2,8,2011,3,13,5,0,4,4,HOLT RD,DIETZ RD,70,42.64461667,-84.226569440,0,12,6,0,2,2,1,0,1,10,0,10,0,0000000,99,99,99,99,99,99,0,0,0,1,0
26,260401,2,2,0,0,0,2,2,125,0,3,8,2011,4,23,19,1,13,3,SR-102,WYOMING,82,42.44595556,-83.161513890,0,12,6,0,2,2,1,0,3,10,0,10,0,0000000,23,21,99,99,99,99,0,0,0,1,0
26,260402,2,2,0,0,0,3,3,49,0,3,8,2011,4,13,32,0,2,3,SR-15,,77,42.97973889,-83.506608330,0,12,6,0,8,1,1,0,1,10,0,10,0,0000000,13,34,13,38,99,99,0,0,0,1,0
26,260403,2,2,0,0,0,5,5,159,0,21,8,2011,1,17,34,0,4,4,COUNTY RD 388,,1,42.36155556,-85.918030560,0,12,6,0,8,1,1,0,1,1,0,1,0,0000000,17,36,99,99,88,88,22,0,0,1,1
26,260404,2,2,0,0,0,5,5,81,2010,5,8,2011,6,10,52,1,12,2,US-131,,151,42.98041389,-85.677244440,0,12,1,1,18,1,1,0,1,10,0,10,0,0000000,10,51,10,59,99,99,0,0,0,1,0
26,260405,1,1,0,0,0,2,2,81,2010,6,8,2011,7,3,25,1,11,1,I-196/US-131RAMP077E,,3,42.97531667,-85.677563890,0,33,0,1,5,1,4,0,3,10,0,10,0,0000000,3,29,3,33,99,99,0,0,0,1,1
26,260406,2,2,0,0,0,2,2,99,1009,6,8,2011,7,20,9,0,13,3,SR-97,,80,42.54983611,-82.927036110,0,12,2,0,1,1,1,0,1,10,0,10,0,0000000,20,12,20,17,99,99,0,0,0,1,1
26,260407,1,1,0,1,1,1,1,115,0,2,8,2011,3,12,55,1,13,2,US-24,S HURON RIVER DR,285,42.09374167,-83.295758330,0,8,0,0,1,1,1,0,1,1,0,1,0,0000000,12,59,13,16,88,88,0,0,0,1,0
26,260408,1,1,0,0,0,1,1,125,3710,8,8,2011,2,9,59,0,13,6,PONTIAC TRL,,140,42.57515833,-83.370850000,0,42,0,0,1,1,4,0,1,10,0,10,0,0000000,10,0,10,3,99,99,0,0,0,1,0
26,260409,2,2,0,0,0,2,2,7,0,8,8,2011,2,13,0,1,2,3,SR-32,HAHN RD,15,45.05946111,-83.849050000,0,12,6,0,2,2,1,0,1,1,0,1,0,0000000,13,2,13,4,88,88,0,0,0,1,0
26,260410,1,1,0,0,0,1,1,21,0,2,8,2011,3,18,45,0,14,4,CLEVELAND AVE,,2,42.05303056,-86.494830560,0,53,0,0,1,1,4,0,1,10,0,10,0,0000000,99,99,99,99,99,99,0,0,0,1,1
26,260411,1,1,0,1,1,1,1,145,4350,3,8,2011,4,12,16,0,15,6,SALT ST,,3,43.40163333,-83.977752780,0,9,0,0,1,1,1,0,1,1,0,1,0,0000000,99,99,99,99,99,99,0,0,0,1,0