STATE,ST_CASE,VE_TOTAL,VE_FORMS,PVH_INVL,PEDS,PERNOTMVIT,PERMVIT,PERSONS,COUNTY,CITY,DAY,MONTH,YEAR,DAY_WEEK,HOUR,MINUTE,NHS,ROAD_FNC,ROUTE,TWAY_ID,TWAY_ID2,MILEPT,LATITUDE,LONGITUD,SP_JUR,HARM_EV,MAN_COLL,RELJCT1,RELJCT2,TYP_INT,REL_ROAD,WRK_ZONE,LGT_COND,WEATHER1,WEATHER2,WEATHER,SCH_BUS,RAIL,NOT_HOUR,NOT_MIN,ARR_HOUR,ARR_MIN,HOSP_HR,HOSP_MN,CF1,CF2,CF3,FATALS,DRUNK_DR
26,260412,1,1,0,0,0,1,1,111,0,1,8,2011,2,13,49,0,15,4,N WEST RIVER RD,,22,43.70758056,-84.393597220,0,1,0,0,8,1,1,0,1,1,0,1,0,0000000,13,51,13,55,99,99,0,0,0,1,0
26,260413,2,2,0,0,0,3,3,81,0,11,8,2011,5,18,52,0,4,4,ALGOMA AVE NE,19 MILE RD,91,43.24852500,-85.611202780,0,12,6,0,2,2,1,0,1,1,0,1,0,0000000,18,54,19,4,99,99,0,0,0,1,0
26,260414,2,2,0,0,0,2,2,81,5319,2,8,2011,3,15,26,1,13,3,SR-11,,103,42.91336667,-85.696375000,0,12,6,0,8,1,1,0,1,10,0,10,0,0000000,15,26,15,28,99,99,0,0,0,1,0
26,260415,1,1,0,1,1,1,1,161,0,4,8,2011,5,23,17,0,16,4,MARSHALL RD,,11,42.30495278,-83.876713890,0,8,0,0,1,1,1,0,3,1,0,1,0,0000000,23,17,23,24,88,88,22,0,0,1,1
26,260416,2,2,0,0,0,2,2,147,0,6,8,2011,7,1,32,0,6,4,BREEN RD,,25,43.02053889,-82.849694440,0,12,6,0,1,1,1,0,2,1,0,1,0,0000000,99,99,99,99,88,88,0,0,0,1,2
26,260417,2,2,0,0,0,2,2,75,4242,9,8,2011,3,16,13,0,16,4,HENRY RD,,29,42.34939444,-84.425747220,0,12,2,0,1,1,1,0,1,1,0,1,0,0000000,99,99,99,99,99,99,0,0,0,2,0
26,260418,1,1,0,2,2,1,1,23,0,9,8,2011,3,18,30,0,15,4,JONESVILLE RD,,84,41.98565833,-84.857958330,0,15,0,0,1,1,1,0,1,1,0,1,0,0000000,99,99,99,99,99,99,0,0,0,1,0
26,260419,4,4,0,0,0,6,6,49,1730,11,8,2011,5,17,54,1,13,3,SR-54,,104,43.05176944,-83.664616670,0,12,7,0,1,1,1,0,1,1,0,1,0,0000000,17,55,18,0,99,99,0,0,0,1,0
26,260420,2,2,0,0,0,2,2,65,0,10,8,2011,4,21,18,0,14,4,WAVERLY RD,BISHOP RD,55,42.66203611,-84.603008330,0,12,6,0,2,2,1,0,5,1,0,1,0,0000000,21,18,21,22,99,99,22,0,0,1,0
26,260421,1,1,0,0,0,1,1,123,0,13,8,2011,7,8,53,0,6,4,32ND,,11,43.49570833,-86.017197220,0,42,0,0,1,1,4,0,1,10,0,10,0,0000000,8,53,8,59,88,88,22,0,0,1,1
26,260422,1,1,0,0,0,1,1,145,0,12,8,2011,6,19,0,1,11,1,I-75,,169,43.43900000,-83.890655560,0,59,0,0,1,1,4,0,1,1,0,1,0,0000000,19,20,19,23,88,88,0,0,0,1,1
26,260423,1,1,0,0,0,1,1,123,0,12,8,2011,6,21,32,0,6,4,S RIVER DR,,3,43.31748889,-86.033255560,0,42,0,0,1,1,4,0,2,10,0,10,0,0000000,21,32,22,0,88,88,0,0,0,1,1
26,260424,1,1,0,0,0,1,1,91,0,13,8,2011,7,18,50,0,4,4,RIDGE HWY,,65,42.01631111,-83.842069440,0,16,0,0,1,1,1,0,1,6,0,6,0,0000000,18,53,19,0,88,88,0,0,0,1,0
26,260425,2,2,0,0,0,5,5,21,0,14,8,2011,1,13,19,0,4,4,SHAWNEE RD,HILLS RD,48,41.94281389,-86.469805560,0,12,2,0,2,2,1,0,1,1,0,1,0,0000000,13,20,13,23,99,99,0,0,0,1,0
26,260426,3,3,0,0,0,3,3,17,0,13,8,2011,7,21,6,1,13,3,SR-25,,32,43.59417778,-83.825652780,0,12,2,0,1,1,1,0,3,10,0,10,0,0000000,21,8,21,12,99,99,0,0,0,2,1
26,260427,2,2,0,0,0,4,4,49,0,14,8,2011,1,23,23,0,14,3,SR-54,,240,43.19087500,-83.724741670,0,12,2,0,1,1,1,0,2,1,0,1,0,0000000,99,99,99,99,99,99,0,0,0,1,1
26,260428,1,1,0,0,0,1,1,145,0,15,8,2011,2,15,54,1,2,3,SR-46,,72,43.41430000,-83.827644440,0,40,0,0,1,1,4,0,1,1,0,1,0,0000000,99,99,15,55,99,99,0,0,0,1,1
26,260429,1,1,0,1,1,1,1,69,4810,9,8,2011,3,22,31,0,3,3,SR-55,,179,44.27985833,-83.521972220,0,8,0,0,1,1,1,0,3,1,0,1,0,0000000,22,31,22,39,99,99,0,0,0,1,0
26,260430,1,1,0,1,1,1,1,99,1009,12,8,2011,6,21,4,1,13,3,SR-3,ULRICH,95,42.57430833,-82.888872220,0,8,0,0,3,2,1,1,2,10,0,10,0,0000000,21,3,21,9,99,99,0,0,0,1,0
26,260431,1,1,0,0,0,1,1,163,2090,15,8,2011,2,1,24,0,16,6,BEACONSFIELD,MACK,8,42.38806389,-82.942905560,0,39,0,0,3,3,4,0,3,1,0,1,0,0000000,1,25,1,28,99,99,20,0,0,1,0
26,260432,2,2,0,0,0,2,2,161,5330,12,8,2011,6,6,53,0,14,4,GROVE RD,,38,42.21376111,-83.558319440,0,12,8,0,1,1,1,0,4,1,0,1,0,0000000,6,53,7,0,99,99,0,0,0,1,1
26,260433,2,2,0,0,0,2,2,77,0,4,5,2011,4,13,25,1,13,3,SR-43,NAZARETH RD,24,42.31660556,-85.536202780,0,1,0,0,2,2,1,0,1,1,0,1,0,0000000,99,99,99,99,99,99,0,0,0,1,0
26,260434,1,1,0,0,0,1,1,121,3615,7,7,2011,5,21,12,1,13,2,US-31 BUS,,19,43.18941667,-86.235444440,0,1,0,0,1,1,4,0,1,1,0,1,0,0000000,21,12,21,16,99,99,0,0,0,1,1
26,260435,1,1,0,0,0,1,1,161,0,17,8,2011,4,14,2,0,4,4,EARHART RD,,23,42.32688056,-83.683558330,0,42,0,0,1,1,4,0,1,1,0,1,0,0000000,14,5,14,16,88,88,22,0,0,1,0
26,260436,2,2,0,0,0,2,2,21,410,14,8,2011,1,20,5,0,14,6,NORTHSHORE,KLOCK,12,42.12272222,-86.454708330,0,12,2,0,2,3,1,0,1,1,0,1,0,0000000,99,99,99,99,88,88,0,0,0,1,1
26,260437,2,2,0,0,0,2,2,145,0,16,8,2011,3,17,5,0,4,4,FROST RD,,103,43.45251111,-84.164597220,0,12,2,0,8,1,1,0,1,1,0,1,0,0000000,17,10,17,27,99,99,22,0,0,1,0
26,260438,1,1,0,0,0,1,1,69,0,16,8,2011,3,14,51,0,4,4,WHITTEMORE RD,,53,44.23368333,-83.769422220,0,53,0,0,1,1,4,0,1,1,0,1,0,0000000,14,59,15,12,99,99,0,0,0,1,1
26,260439,1,1,0,1,1,1,1,69,3725,18,8,2011,5,18,59,1,13,2,US-23,,278,44.47151667,-83.322472220,0,9,0,0,1,1,1,0,1,1,0,1,0,0000000,19,2,19,9,88,88,0,0,0,1,0
26,260440,1,1,0,0,0,1,1,87,2110,13,8,2011,7,0,49,0,4,4,HEGEL RD,,12,42.91890833,-83.435905560,0,42,0,0,1,1,4,0,3,1,0,1,0,0000000,0,53,1,7,99,99,0,0,0,1,0
26,260441,2,2,0,0,0,2,2,87,0,18,8,2011,5,14,25,1,2,3,SR-24,DRYDEN RD,42,42.94368056,-83.313511110,0,12,6,0,8,1,1,0,1,1,0,1,0,0000000,14,27,14,38,99,99,0,0,0,1,0
26,260442,2,2,0,0,0,2,2,125,0,16,8,2011,3,10,26,0,14,4,CLARKSTON RD,SASHABAW RD,26,42.75180278,-83.380358330,0,12,2,0,2,2,1,0,1,1,0,1,0,0000000,10,26,10,30,99,99,0,0,0,1,0
26,260443,3,3,0,0,0,3,3,41,1940,19,8,2011,6,12,21,0,14,3,SR-35,,7,45.85370278,-87.034002780,0,12,6,0,1,1,1,0,1,2,0,2,0,0000000,12,24,12,28,99,99,0,0,0,1,0
26,260444,1,1,0,0,0,1,1,35,0,19,8,2011,6,17,6,0,4,4,GRASS LAKE AVE,,7,43.95175278,-84.997561110,0,1,0,0,1,1,4,0,1,1,0,1,0,0000000,17,10,17,14,99,99,0,0,0,1,0
26,260445,1,1,0,1,1,3,3,111,3240,19,8,2011,6,20,0,0,14,6,SAGINAW RD,,198,43.64128889,-84.257008330,0,8,0,0,1,1,1,0,5,1,0,1,0,0000000,20,0,20,5,99,99,0,0,0,1,0
26,260446,1,1,0,0,0,1,1,67,0,20,8,2011,7,3,15,0,3,3,SR-21,,22,42.93461944,-85.269005560,0,24,0,0,1,1,4,0,2,1,0,1,0,0000000,3,15,3,26,88,88,20,0,0,1,0
26,260447,2,2,0,0,0,3,3,151,0,21,8,2011,1,9,54,0,3,3,SR-19,,25,43.45499167,-82.930405560,0,12,6,0,8,1,1,0,1,1,0,1,0,0000000,9,53,10,1,99,99,22,0,0,2,0
26,260448,3,3,0,0,0,4,4,161,0,20,8,2011,7,16,31,0,3,4,TERRITORIAL RD,,96,42.38566111,-83.902733330,0,18,0,0,1,1,1,0,1,2,0,2,0,0000000,16,32,16,39,99,99,0,0,0,1,0
26,260449,3,3,0,0,0,3,3,125,5113,22,8,2011,2,14,13,0,13,4,SILVER LAKE RD,,4,42.67644167,-83.333802780,0,12,8,0,1,1,1,0,1,1,0,1,0,0000000,14,13,14,19,88,88,0,0,0,1,0
26,260450,1,1,0,0,0,1,1,81,0,18,8,2011,5,15,24,0,4,4,PEACH RIDGE AVE NW,,103,43.26755278,-85.751827780,0,34,0,0,1,1,4,0,1,1,0,1,0,0000000,15,24,15,49,88,88,0,0,0,1,0
26,260451,1,1,0,0,0,1,1,97,0,18,8,2011,5,21,35,0,4,4,H-42,,32,46.21648611,-85.803738890,0,42,0,0,1,1,4,0,2,10,0,10,0,0000000,21,45,21,52,99,99,22,0,0,1,1
26,260452,1,1,0,0,0,2,2,115,0,25,8,2011,5,3,25,0,3,4,DEERFIELD RD,,6,41.89590556,-83.757883330,0,11,0,0,1,1,1,0,2,1,0,1,0,0000000,3,30,3,43,99,99,22,0,0,1,1
26,260453,1,1,0,0,0,1,1,107,0,26,8,2011,6,12,15,0,6,4,12 MILE RD,,3,43.64139167,-85.427191670,0,1,0,0,1,1,2,0,1,1,0,1,0,0000000,12,12,12,25,88,88,22,0,0,1,0
26,260454,2,2,0,0,0,2,2,67,0,25,8,2011,5,18,45,0,4,4,NASH HWY,,60,42.82403056,-85.242280560,0,12,6,0,8,1,1,0,1,10,0,10,0,0000000,18,46,18,57,88,88,22,0,0,1,0
26,260455,2,2,0,0,0,3,3,163,1260,24,8,2011,4,18,54,1,11,1,I-75,,196,42.30675000,-83.105755560,0,12,1,0,1,1,1,0,1,10,0,10,0,0000000,19,1,19,10,99,99,0,0,0,2,0
26,260456,1,1,0,0,0,1,1,157,4915,27,8,2011,7,2,15,0,4,4,BRAY RD,,67,43.31788611,-83.656563890,0,34,0,0,1,1,4,0,2,1,0,1,0,0000000,2,25,2,40,88,88,22,0,0,1,0
26,260457,3,3,0,0,0,7,7,81,0,27,8,2011,7,16,44,0,3,4,ALDEN NASH AVE SE,,34,42.91809167,-85.343991670,0,12,2,0,1,1,1,0,1,10,0,10,0,0000000,16,46,16,59,99,99,0,0,0,2,0
26,260458,3,3,0,0,0,7,7,91,0,27,8,2011,7,21,31,0,3,3,SR-34,,136,41.88738611,-84.143136110,0,12,1,0,1,1,1,0,2,1,0,1,0,0000000,21,31,21,37,99,99,0,0,0,2,1
26,260459,2,2,0,0,0,3,3,125,5113,27,8,2011,7,22,28,0,15,4,PONTIAC LAKE RD,,77,42.65336389,-83.377511110,0,12,8,0,1,1,1,0,2,1,0,1,0,0000000,22,28,22,33,99,99,0,0,0,1,1
26,260460,2,2,0,0,0,9,9,139,0,29,8,2011,2,11,30,0,4,4,ADAMS ST,56TH AVE,107,42.78255000,-85.920711110,0,12,6,0,2,2,1,0,1,1,0,1,0,0000000,11,31,11,38,99,99,22,0,0,1,0
26,260461,2,2,0,0,0,10,10,71,0,27,8,2011,7,12,36,1,2,2,US-2,,167,46.10247500,-88.687680560,0,12,6,0,8,1,1,0,1,1,0,1,0,0000000,12,36,12,44,99,99,0,0,0,1,0
26,260462,2,2,0,0,0,3,3,111,0,27,8,2011,7,0,40,1,2,2,US-10,,59,43.73556389,-84.503211110,0,12,1,0,1,1,1,0,2,1,0,1,0,0000000,0,49,0,52,88,88,0,0,0,2,1
26,260463,2,2,0,0,0,5,5,81,0,15,8,2011,2,7,27,0,4,4,12 MILE RD NE,SHANER AVE NE,58,43.14659167,-85.510641670,0,12,6,0,2,2,1,0,5,1,0,1,0,0000000,7,27,7,33,99,99,0,0,0,1,0
26,260464,2,2,0,0,0,6,6,121,0,27,8,2011,7,17,45,0,6,4,CHASE RD,EILERS RD,10,43.43048611,-86.426722220,0,12,6,0,2,2,1,0,1,10,0,10,0,0000000,99,99,99,99,99,99,0,0,0,2,1
26,260465,1,1,0,0,0,1,1,125,5210,7,8,2011,1,3,50,0,14,4,ELIZABETH LAKE RD,,22,42.64290833,-83.468597220,0,53,0,0,1,1,4,0,2,10,0,10,0,0000000,3,58,4,3,99,99,0,0,0,1,1
26,260466,1,1,0,0,0,5,5,161,0,21,8,2011,1,17,4,1,1,1,I-94,,72,42.29684722,-83.991880560,0,1,0,0,1,1,3,0,1,1,0,1,0,0000000,99,99,99,99,99,99,0,0,0,1,0
26,260467,1,1,0,0,0,1,1,77,47,28,8,2011,1,19,0,0,4,4,RAVINE RD,,5,42.34483611,-85.654591670,0,38,0,0,1,1,5,0,1,1,0,1,0,0000000,19,5,19,15,88,88,0,0,0,1,0
26,260468,1,1,0,1,1,1,1,163,2820,23,8,2011,3,6,7,0,13,8,RAMP 026C,DIX TOLEDO,0,42.24189167,-83.194772220,0,9,0,1,5,1,1,0,4,1,0,1,0,0000000,99,99,99,99,88,88,0,0,0,1,0
26,260469,2,2,0,0,0,3,3,71,0,28,8,2011,1,19,32,0,3,3,SR-69,,17,46.09774722,-88.299650000,0,12,2,0,8,1,1,0,1,1,0,1,0,0000000,19,32,19,37,99,99,0,0,0,1,1
26,260470,2,2,0,2,2,1,1,67,0,30,8,2011,3,11,30,0,4,4,STAGE,,18,43.01766944,-84.995416670,0,8,0,0,1,1,1,0,1,10,0,10,0,0000000,11,35,11,40,99,99,22,23,0,1,0
26,260471,2,2,0,0,0,3,3,115,0,31,8,2011,4,15,35,0,14,3,SR-25,,172,41.94950556,-83.382283330,0,12,2,0,1,1,1,0,1,1,0,1,0,0000000,15,37,15,45,99,99,0,0,0,1,1
26,260472,1,1,0,0,0,1,1,103,0,26,8,2011,6,10,40,0,6,4,HEIDTMAN RD,,14,46.39995000,-87.262572220,0,42,0,0,1,1,4,0,1,1,0,1,0,0000000,99,99,99,99,88,88,22,0,0,1,0
26,260473,1,1,0,1,1,1,1,115,3320,31,8,2011,4,21,46,0,13,2,US-24,FREDERICKS,159,41.93287500,-83.409588890,0,8,0,0,3,2,1,0,3,10,0,10,0,0000000,21,49,21,52,99,99,0,0,0,1,0
26,260474,2,2,0,0,0,2,2,163,1260,10,8,2011,4,10,30,0,13,3,SR-8,,11,42.38713333,-83.137772220,0,12,6,0,1,1,1,0,1,1,0,1,0,0000000,99,99,99,99,99,99,0,0,0,1,0
26,260475,1,1,0,0,0,1,1,161,0,25,8,2011,5,0,3,0,5,4,PLEASANT LAKE RD,,11,42.19049167,-84.073444440,0,42,0,0,1,1,4,0,2,1,0,1,0,0000000,99,99,99,99,88,88,22,0,0,1,0
26,260476,2,2,0,0,0,6,6,81,0,13,8,2011,7,23,35,0,3,3,SR-57,HARVARD AVE,119,43.17635278,-85.416641670,0,12,6,0,2,4,1,0,3,10,0,10,0,0000000,99,99,99,99,99,99,0,0,0,1,1
26,260477,1,1,0,0,0,3,3,25,4649,6,8,2011,7,23,46,0,15,6,A AVENUE,DICKMAN RD,0,42.32631111,-85.263777780,0,59,0,0,3,3,2,0,3,1,0,1,0,0000000,23,46,23,48,88,88,0,0,0,1,1
26,260478,1,1,0,1,1,1,1,163,1933,14,8,2011,1,3,50,0,14,6,JEFFERSON,,32,42.08699167,-83.207697220,0,8,0,0,1,1,1,0,3,2,0,2,0,0000000,4,9,4,16,88,88,0,0,0,1,0
26,260479,2,2,0,0,0,4,4,91,0,6,8,2011,7,11,49,0,3,3,SR-50,,62,42.02466944,-84.139183330,0,12,6,0,8,1,1,0,1,1,0,1,0,0000000,99,99,99,99,99,99,0,0,0,1,0
26,260480,1,1,0,0,0,1,1,125,208,27,8,2011,7,22,38,0,14,6,SOUTH BLVD,,5,42.62018611,-83.238780560,0,5,0,0,1,1,1,0,3,1,0,1,0,0000000,22,39,22,43,88,88,0,0,0,1,0
26,260481,1,1,0,0,0,1,1,23,0,28,8,2011,1,2,52,0,6,4,WATERS RD,,7,41.78898611,-84.937738890,0,1,0,0,1,1,4,0,2,1,0,1,0,0000000,99,99,99,99,88,88,22,0,0,1,1
26,260482,1,1,0,1,1,1,1,49,0,23,7,2011,7,1,6,0,14,6,N CENTER RD,,82,43.04887778,-83.635722220,0,8,0,0,1,1,1,0,3,1,0,1,0,0000000,1,7,99,97,99,97,0,0,0,1,0
26,260483,1,1,0,0,0,1,1,61,0,29,8,2011,2,0,39,0,5,4,COLES CREEK RD,,50,47.12690833,-88.670825000,0,42,0,0,1,1,4,0,2,1,0,1,0,0000000,0,39,0,54,88,88,22,0,0,1,1
26,260484,1,1,0,0,0,1,1,163,1260,25,7,2011,2,4,52,1,11,1,I-96,,130,42.37917222,-83.203041670,0,25,0,0,1,1,3,0,2,1,0,1,0,0000000,99,99,99,99,88,88,0,0,0,1,0
26,260485,1,1,0,0,0,2,2,161,0,8,8,2011,2,14,44,0,6,4,WARREN RD,,12,42.33476111,-83.567391670,0,42,0,0,1,1,4,0,1,10,0,10,0,0000000,14,44,14,48,99,99,0,0,0,2,0
26,260486,2,2,0,0,0,2,2,47,0,1,9,2011,5,9,33,1,13,2,US-131,INTERTOWN RD,37,45.34123333,-84.967569440,0,12,6,0,2,2,1,0,1,1,0,1,0,0000000,9,34,9,40,88,88,0,0,0,1,0
26,260487,2,2,0,0,0,2,2,115,4626,1,9,2011,5,8,25,1,11,1,I-75 RAMP 025B,,2,42.06581944,-83.255755560,0,1,0,1,5,1,1,0,1,1,0,1,0,0000000,8,28,8,36,99,99,0,0,0,1,0
26,260488,2,2,0,0,0,4,4,125,1652,5,8,2011,6,0,35,1,11,1,I-696,,28,42.49429444,-83.393591670,0,12,1,0,1,1,1,0,2,1,0,1,0,0000000,99,99,99,99,99,99,0,0,0,1,1
26,260489,2,2,0,0,0,3,3,163,738,17,8,2011,4,12,30,0,15,6,SCHOOLCRAFT RD,INKSTER RD,70,42.38440278,-83.314225000,0,12,6,0,2,2,1,0,1,1,0,1,0,0000000,99,99,99,99,99,99,0,0,0,1,0
26,260490,2,2,0,0,0,2,2,159,0,16,8,2011,3,12,56,0,3,4,RED ARROW HWY,COUNTY RD 681,61,42.21643889,-86.108500000,0,12,6,0,2,2,1,0,1,1,0,1,0,0000000,12,58,13,9,99,99,0,0,0,1,0
26,260491,1,1,0,0,0,1,1,117,0,23,5,2011,2,9,30,0,3,3,SR-66,,61,43.38043889,-85.084744440,0,42,0,0,1,1,4,0,1,1,0,1,0,0000000,99,99,99,99,88,88,0,0,0,1,0
26,260492,1,1,0,1,1,2,2,99,3390,18,8,2011,5,21,13,1,13,3,SR-3,ROBERTSON ST,106,42.59024167,-82.882333330,0,8,0,0,3,2,1,0,3,1,0,1,0,0000000,99,99,99,99,99,99,0,0,0,1,0
26,260493,2,2,0,0,0,2,2,109,0,14,8,2011,1,12,21,0,2,3,SR-35,RANGELINE RD,38,45.17773333,-87.570025000,0,12,1,0,3,3,1,0,1,1,0,1,0,0000000,99,99,99,99,88,88,0,0,0,1,0
26,260494,1,1,0,0,0,1,1,117,0,1,9,2011,5,20,22,0,4,4,W DICKERSON LAKE RD,,17,43.29332222,-85.218188890,0,42,0,0,1,1,4,0,1,1,0,1,0,0000000,20,23,20,35,99,99,0,0,0,1,1
26,260495,1,1,0,1,1,1,1,99,1009,1,9,2011,5,15,39,1,13,3,SR-3,,80,42.55439167,-82.899988890,0,8,0,0,1,1,1,0,1,1,0,1,0,0000000,15,40,15,46,99,99,0,0,0,1,0
26,260496,1,1,0,0,0,1,1,123,0,1,9,2011,5,10,25,0,6,4,W 80TH ST,,39,43.40928056,-85.962375000,0,1,0,0,1,1,4,0,1,1,0,1,0,0000000,10,30,10,45,88,88,22,0,0,1,0
26,260497,1,1,0,0,0,1,1,75,2500,13,8,2011,7,18,25,0,14,6,HORTON RD,,91,42.21450833,-84.418505560,0,18,0,0,1,1,1,0,2,2,0,2,0,0000000,18,26,18,32,99,99,0,0,0,1,0
26,260498,2,2,0,0,0,2,2,125,0,1,9,2011,5,14,2,1,13,3,SR-24,MARKET ST,3,42.83581944,-83.271961110,0,12,6,0,2,2,1,0,1,1,0,1,0,0000000,14,0,14,5,99,99,0,0,0,1,0
26,260499,1,1,0,0,0,2,2,73,0,3,9,2011,7,3,27,0,6,4,N SHEPHERD,,142,43.67226389,-84.687841670,0,1,0,0,1,1,4,0,2,1,0,1,0,0000000,3,30,3,38,88,88,0,0,0,1,1
26,260500,1,1,0,0,0,2,2,73,0,3,9,2011,7,13,14,1,12,2,US-127,,1,43.61495556,-84.740488890,0,1,0,1,18,1,1,0,1,2,0,2,0,0000000,13,17,13,20,88,88,0,0,0,1,0
26,260501,1,1,0,0,0,4,4,163,1260,13,8,2011,7,5,4,1,11,1,I-94 RAMP 215E,,2,42.36056111,-83.074986110,0,33,0,1,5,1,4,0,3,10,0,10,0,0000000,5,5,5,10,99,99,0,0,0,2,1
26,260502,2,2,0,0,0,2,2,7,0,4,9,2011,1,9,34,1,2,2,US-23,OSSINEKE RD,41,44.91453056,-83.439958330,0,12,6,0,2,2,1,0,1,1,0,1,0,0000000,9,36,9,49,99,99,0,0,0,1,0
26,260504,1,1,0,0,0,2,2,17,0,4,9,2011,1,23,50,1,1,1,I-75,,201,43.79311667,-84.022730560,0,1,0,0,1,1,4,1,2,1,0,1,0,0000000,23,52,0,1,99,99,0,0,0,1,1
26,260505,1,1,0,0,0,1,1,93,0,5,9,2011,2,0,50,1,1,1,I-96,,77,42.62616667,-84.005113890,0,42,0,0,1,1,4,0,2,10,0,10,0,0000000,1,3,1,12,88,88,0,0,0,1,1
26,260506,2,2,0,0,0,4,4,125,0,4,9,2011,1,16,55,0,3,4,MILFORD RD,,10,42.74702778,-83.616491670,0,12,2,0,1,1,1,0,1,1,0,1,0,0000000,17,0,17,7,99,99,0,0,0,2,0
26,260507,1,1,0,0,0,1,1,147,0,3,9,2011,7,15,24,0,6,4,RAVENSWOOD RD,,11,42.93161389,-82.636136110,0,42,0,0,1,1,4,0,1,1,0,1,0,0000000,15,24,15,38,88,88,0,0,0,1,0
26,260508,2,2,0,0,0,3,3,91,0,2,9,2011,6,17,50,1,2,2,US-12,,47,42.04918889,-84.272788890,0,12,8,0,1,1,1,0,1,10,0,10,0,0000000,17,52,18,10,99,99,0,0,0,1,0
26,260509,1,1,0,0,0,4,4,99,4330,4,9,2011,1,14,56,0,13,3,SR-97,,46,42.50765278,-82.958850000,0,59,0,0,1,1,4,0,1,10,0,10,0,0000000,14,56,15,0,99,99,0,0,0,1,0
26,260510,1,1,0,0,0,2,2,71,0,7,9,2011,4,21,10,0,4,4,BATES-AMASA,,9,46.11682778,-88.552744440,0,34,0,0,1,1,4,0,2,1,0,1,0,0000000,21,20,21,35,99,99,0,0,0,1,1
26,260511,1,1,0,1,1,2,2,115,0,3,9,2011,7,20,25,0,14,3,SR-125,,131,41.89640556,-83.414697220,0,9,0,0,1,1,1,0,2,10,0,10,0,0000000,20,32,20,38,99,99,0,0,0,1,0
26,260512,2,2,0,0,0,2,2,105,0,10,9,2011,7,17,45,0,4,4,SUGAR GROVE RD,,22,44.00564722,-86.296272220,0,12,6,0,8,1,1,0,1,1,0,1,0,0000000,17,47,17,54,99,99,0,0,0,1,0
26,260513,1,1,0,1,1,2,2,115,0,10,9,2011,7,21,5,0,13,2,US-24,,207,41.99249722,-83.364188890,0,8,0,0,1,1,1,0,2,10,0,10,0,0000000,21,6,21,12,99,99,0,0,0,1,0
26,260514,2,2,0,0,0,2,2,17,0,12,9,2011,2,6,20,0,4,4,GARFIELD RD,,158,43.79670000,-84.086808330,0,12,1,0,1,1,1,0,2,1,0,1,0,0000000,6,21,6,26,99,99,0,0,0,1,0
26,260515,1,1,0,1,1,2,2,163,0,9,9,2011,6,19,28,0,14,4,SEVEN MILE RD,,6,42.42371944,-83.462494440,0,9,0,0,1,1,1,0,1,2,0,2,0,0000000,99,99,99,99,88,88,0,0,0,1,0
26,260516,2,2,0,0,0,2,2,25,0,11,9,2011,1,21,52,1,1,1,I-94,,263,42.28357222,-84.805777780,0,20,0,0,1,1,3,1,2,1,0,1,0,0000000,21,54,22,4,99,99,0,0,0,1,0
26,260517,1,1,0,1,1,1,1,49,0,11,9,2011,1,20,9,0,14,4,SILVER LAKE RD,SUN SET WAY,50,42.79182778,-83.843458330,0,8,0,0,1,1,1,0,5,1,0,1,0,0000000,99,99,99,99,88,88,0,0,0,1,0
26,260518,1,1,0,1,1,4,4,163,4166,4,9,2011,1,13,52,1,13,2,US-24,,211,42.39415833,-83.276258330,0,8,0,0,1,1,1,0,1,10,0,10,0,0000000,99,99,99,99,99,99,0,0,0,1,0
26,260519,1,1,0,1,1,1,1,163,1260,6,9,2011,3,8,20,1,13,3,SR-53,DUBAY ST,24,42.41187222,-83.023397220,0,8,0,0,2,3,1,0,3,10,0,10,0,0000000,99,99,99,99,99,99,0,0,0,1,0
26,260520,1,1,0,1,1,0,0,81,131,7,9,2011,4,15,5,0,14,4,TEN MILE RD,,43,43.11698889,-85.704952780,0,8,0,0,1,1,1,0,1,1,0,1,0,0000000,99,99,99,99,99,99,23,0,0,1,0
26,260522,1,1,0,0,0,1,1,159,0,13,9,2011,3,20,58,0,6,4,52ND AVE,,34,42.22944444,-86.164455560,0,10,0,0,6,1,1,0,1,1,0,1,0,234753D,21,2,21,9,88,88,0,0,0,1,0
26,260523,1,1,0,0,0,1,1,27,0,15,9,2011,5,0,43,0,3,4,CASSOPOLIS RD,,7,41.77558333,-85.974422220,0,42,0,0,1,1,4,0,2,1,0,1,0,0000000,0,43,0,56,88,88,0,0,0,1,1
26,260524,4,4,0,0,0,7,7,67,0,17,9,2011,7,14,30,0,3,3,SR-66,,58,43.06781944,-85.075116670,0,12,1,0,1,1,1,0,1,1,0,1,0,0000000,14,31,14,42,99,99,0,0,0,1,4
26,260525,2,2,0,0,0,5,5,87,0,16,9,2011,6,19,59,0,4,4,LAKE PLEASANT RD,,169,43.22550556,-83.175866670,0,12,2,0,1,1,1,0,5,1,0,1,0,0000000,20,1,20,6,99,99,0,0,0,1,0
26,260526,2,2,0,0,0,3,3,37,0,18,9,2011,1,12,41,1,1,1,I-96,,17,42.81873056,-84.807605560,0,12,1,0,1,1,1,0,1,1,0,1,0,0000000,12,41,12,50,99,99,0,0,0,1,0
26,260527,1,1,0,0,0,2,2,89,0,20,9,2011,3,15,22,0,4,4,S COLEMAN,,5,44.81295556,-85.895519440,0,35,0,0,1,1,4,0,1,1,0,1,0,0000000,15,24,15,26,99,99,22,0,0,1,0