STATE,ST_CASE,VE_TOTAL,VE_FORMS,PVH_INVL,PEDS,PERNOTMVIT,PERMVIT,PERSONS,COUNTY,CITY,DAY,MONTH,YEAR,DAY_WEEK,HOUR,MINUTE,NHS,ROAD_FNC,ROUTE,TWAY_ID,TWAY_ID2,MILEPT,LATITUDE,LONGITUD,SP_JUR,HARM_EV,MAN_COLL,RELJCT1,RELJCT2,TYP_INT,REL_ROAD,WRK_ZONE,LGT_COND,WEATHER1,WEATHER2,WEATHER,SCH_BUS,RAIL,NOT_HOUR,NOT_MIN,ARR_HOUR,ARR_MIN,HOSP_HR,HOSP_MN,CF1,CF2,CF3,FATALS,DRUNK_DR
26,260528,1,1,0,0,0,1,1,77,0,15,9,2011,5,14,45,0,14,4,U AVE,,69,42.14340833,-85.629619440,0,10,0,0,6,1,1,0,1,1,0,1,0,536510L,14,47,14,52,88,88,0,0,0,1,0
26,260529,1,1,0,0,0,1,1,139,0,17,9,2011,7,2,37,0,14,4,FILLMORE ST,,180,42.93632222,-85.860419440,0,30,0,0,1,1,4,0,2,10,0,10,0,0000000,2,38,2,42,88,88,22,0,0,1,1
26,260530,1,1,0,0,0,3,3,99,5110,18,9,2011,1,2,52,1,13,3,SR-102,,8,42.44750556,-83.068741670,0,33,0,0,1,1,3,0,3,1,0,1,0,0000000,99,99,99,99,99,99,0,0,0,2,1
26,260531,2,2,0,0,0,2,2,27,0,20,9,2011,3,7,45,0,6,4,TERMINAL ST,,15,41.85513611,-86.194736110,0,12,8,0,1,1,1,0,4,5,0,5,0,0000000,99,99,99,99,88,88,0,0,0,1,0
26,260532,4,2,2,0,0,4,4,25,310,17,9,2011,7,1,15,0,13,3,SR-37,WASHINGTON AVE,7,42.31855833,-85.194183330,0,12,6,0,2,2,1,0,3,1,0,1,0,0000000,1,16,1,17,99,99,0,0,0,1,2
26,260533,4,4,0,0,0,6,6,125,490,22,9,2011,5,11,29,1,13,3,SR-1,,50,42.54424444,-83.210291670,0,12,7,0,1,1,1,0,1,1,0,1,0,0000000,11,33,11,34,99,99,0,0,0,1,0
26,260534,1,1,0,0,0,1,1,81,4260,22,9,2011,5,18,55,0,13,6,DIVISION AVE,,4,43.11742500,-85.551369440,0,43,0,0,1,1,4,0,1,10,0,10,0,0000000,18,56,19,2,99,99,0,0,0,1,0
26,260535,1,1,0,1,1,1,1,163,4295,23,9,2011,6,0,35,1,13,6,EUREKA RD,I-275 RAMP 094C,9,42.19423056,-83.385602780,0,8,0,1,3,1,1,0,3,2,0,2,0,0000000,0,40,0,53,88,88,0,0,0,1,0
26,260536,1,1,0,0,0,6,6,143,0,23,9,2011,6,22,0,0,14,4,EMERY RD,,57,44.27693056,-84.681600000,0,1,0,0,1,1,4,0,2,2,0,2,0,0000000,99,99,99,99,99,99,0,0,0,1,0
26,260537,1,1,0,0,0,1,1,121,0,23,9,2011,6,0,4,0,4,4,HOLTON WHITEHALL RD,,27,43.40563333,-86.254255560,0,42,0,0,1,1,4,0,2,10,0,10,0,0000000,99,99,99,99,88,88,0,0,0,1,1
26,260538,1,1,0,0,0,3,3,93,0,25,9,2011,1,0,38,0,3,3,SR-106,,13,42.45216389,-84.114941670,0,34,0,0,1,1,4,0,2,1,0,1,0,0000000,0,39,0,48,99,99,0,0,0,1,1
26,260539,1,1,0,0,0,2,2,81,2010,6,9,2011,3,13,22,1,11,1,I-96,,80,43.01963889,-85.636619440,0,1,0,0,1,1,3,0,1,1,0,1,0,0000000,13,23,13,27,99,99,0,0,0,1,0
26,260540,2,2,0,0,0,3,3,49,1680,26,9,2011,2,7,56,1,12,2,US-23,,4,42.78778333,-83.739938890,0,12,1,1,18,1,1,0,1,2,0,2,0,0000000,7,56,8,5,99,99,0,0,0,1,0
26,260541,1,1,0,1,1,1,1,49,0,25,9,2011,1,2,44,0,14,4,TORREY RD,,105,42.95656389,-83.732305560,0,8,0,0,1,1,1,0,3,1,0,1,0,0000000,2,50,99,99,88,88,0,0,0,1,0
26,260542,2,2,0,0,0,4,4,81,2010,26,5,2011,5,20,47,1,13,3,SR-11,ENGLEWOOD AVE SE,143,42.91265000,-85.616683330,0,12,6,0,2,2,1,0,1,10,0,10,0,0000000,20,47,20,51,99,99,0,0,0,1,0
26,260543,2,2,0,0,0,2,2,45,2700,8,6,2011,4,22,23,0,14,6,S CANAL RD,,118,42.70929722,-84.662058330,0,12,2,0,8,1,1,0,2,1,0,1,0,0000000,22,24,22,29,99,99,0,0,0,1,0
26,260544,2,2,0,0,0,4,4,5,0,18,6,2011,7,4,35,0,4,4,57TH ST,,9,42.56290000,-86.098875000,0,12,2,0,1,1,1,0,2,1,0,1,0,0000000,99,99,99,99,99,99,22,0,0,1,1
26,260545,2,2,0,0,0,2,2,61,0,25,7,2011,2,16,0,0,13,3,SR-26,,30,47.10166389,-88.603980560,0,12,1,0,1,1,1,0,1,1,0,1,0,0000000,99,99,99,99,99,99,0,0,0,1,0
26,260546,1,1,0,0,0,1,1,125,3641,27,8,2011,7,3,18,1,13,3,SR-102,,69,42.44536667,-83.187330560,0,33,0,0,1,1,3,0,3,1,0,1,0,0000000,3,18,3,25,99,99,0,0,0,1,1
26,260547,1,1,0,1,1,1,1,163,1260,17,9,2011,7,19,45,0,14,6,HUBBELL,,15,42.40926944,-83.189233330,0,8,0,0,1,1,1,0,1,1,0,1,0,0000000,99,99,99,99,99,99,0,0,0,1,0
26,260548,2,2,0,1,1,3,3,163,4815,24,9,2011,7,22,21,0,14,6,INKSTER RD,,64,42.19959444,-83.306647220,0,8,0,0,1,1,1,0,2,1,0,1,0,0000000,22,21,22,30,99,99,0,0,0,1,0
26,260549,1,1,0,0,0,2,2,163,1260,25,9,2011,1,2,0,0,16,6,ROHNS ST,,4,42.37613333,-83.000822220,0,42,0,0,1,1,4,0,3,1,0,1,0,0000000,99,99,99,99,99,99,0,0,0,1,0
26,260550,2,2,0,0,0,4,4,49,1731,23,9,2011,6,14,12,0,14,6,FENTON RD,,118,42.96170833,-83.692663890,0,12,2,0,8,1,1,0,1,10,0,10,0,0000000,14,12,14,14,99,99,0,0,0,1,0
26,260551,2,2,0,0,0,2,2,125,3628,27,9,2011,3,15,4,0,13,6,TWELVE MILE RD,NOVI RD,21,42.49536944,-83.476233330,0,12,6,0,2,2,1,0,1,10,0,10,0,0000000,15,5,15,8,99,99,0,0,0,1,0
26,260552,1,1,0,1,1,3,3,133,0,27,9,2011,3,15,30,0,4,4,170TH AVE,,45,43.98060278,-85.425036110,0,8,0,0,1,1,1,0,1,10,0,10,0,0000000,15,39,15,50,99,99,22,0,0,1,0
26,260553,2,2,0,0,0,3,3,73,0,7,9,2011,4,14,7,0,4,4,S WISE RD,E BLANCHARD RD,40,43.52409167,-84.647547220,0,12,6,0,2,2,1,0,1,10,0,10,0,0000000,99,99,99,99,99,99,22,0,0,1,0
26,260554,2,2,0,0,0,2,2,21,0,10,9,2011,7,16,50,1,1,1,I-94,,337,42.12973333,-86.375572220,0,12,7,0,1,1,1,1,1,1,0,1,0,0000000,99,99,99,99,99,99,0,0,0,1,0
26,260555,2,2,0,0,0,3,3,163,2430,18,9,2011,1,23,20,1,13,2,US-12,,136,42.29655556,-83.292305560,0,12,1,0,8,1,1,0,3,1,0,1,0,0000000,99,99,99,99,99,99,0,0,0,1,0
26,260556,2,2,0,0,0,3,3,5,0,25,9,2011,1,13,5,0,3,4,30TH ST,,33,42.57794444,-85.838697220,0,12,6,0,1,1,1,0,1,2,0,2,0,0000000,13,8,13,12,99,99,0,0,0,1,0
26,260557,1,1,0,1,1,1,1,49,1730,28,9,2011,4,16,59,0,13,6,S SAGINAW RD,TOBIAS RD,101,42.99880000,-83.677969440,0,8,0,0,3,2,1,0,1,1,0,1,0,0000000,99,99,99,99,99,99,0,0,0,1,0
26,260558,2,2,0,0,0,2,2,77,1084,30,9,2011,6,9,0,1,13,4,SPRINKLE RD,,101,42.31560833,-85.521416670,0,12,6,0,1,1,1,0,1,2,0,2,0,0000000,9,3,9,7,99,99,0,0,0,1,0
26,260559,1,1,0,0,0,3,3,5,1713,29,9,2011,5,18,46,0,14,4,146TH AVE,,41,42.75422222,-86.131688890,0,34,0,0,1,1,4,0,1,2,0,2,0,0000000,99,99,99,99,99,99,0,0,0,2,1
26,260560,2,2,0,0,0,2,2,81,0,21,9,2011,4,21,50,0,13,3,SR-21,LOCH LOMOND AVE,60,42.96274167,-85.585430560,0,12,2,0,2,2,1,0,3,10,0,10,0,0000000,9,50,99,99,99,99,0,0,0,1,0
26,260561,2,2,0,0,0,2,2,161,0,8,9,2011,5,14,52,0,4,4,AUSTIN,,34,42.14560833,-84.079788890,0,12,7,0,1,1,1,0,1,10,0,10,0,0000000,14,55,15,11,99,99,0,0,0,1,1
26,260562,2,2,0,0,0,2,2,21,570,29,9,2011,5,8,15,0,14,6,RED ARROW HWY,RAMP 16C WB I-94,170,41.92895833,-86.572219440,0,12,6,1,2,2,1,0,1,1,0,1,0,0000000,8,15,8,20,99,99,0,0,0,1,0
26,260563,1,1,0,0,0,1,1,99,919,12,9,2011,2,19,49,0,15,4,FAIRCHILD RD,,39,42.68236111,-82.853125000,0,42,0,0,1,1,5,0,1,10,0,10,0,0000000,19,50,19,54,99,99,0,0,0,1,0
26,260564,1,1,0,1,1,1,1,163,5176,26,9,2011,2,20,11,0,15,6,N WILDWOOD,,33,42.33681389,-83.380472220,0,8,0,0,1,1,1,0,3,1,0,1,0,0000000,20,12,20,17,99,99,0,0,0,1,0
26,260565,1,1,0,1,1,1,1,125,5113,20,9,2011,3,6,35,0,13,4,SILVER LAKE RD,DIXIE HWY,1,42.67128333,-83.336933330,0,8,0,0,3,2,1,0,3,5,0,5,0,0000000,6,40,6,46,99,99,0,0,0,1,0
26,260566,3,3,0,0,0,3,3,99,3540,28,9,2011,4,10,47,0,14,3,SR-19,NEW HAVEN,94,42.72356111,-82.793858330,0,12,6,0,2,2,1,0,1,10,0,10,0,0000000,99,99,99,99,99,99,0,0,0,1,0
26,260567,1,1,0,0,0,1,1,5,0,13,9,2011,3,20,25,0,4,4,21ST ST,,18,42.45251389,-85.737494440,0,35,0,0,1,1,4,0,2,1,0,1,0,0000000,99,99,99,99,88,88,0,0,0,1,1
26,260568,1,1,0,0,0,1,1,5,0,16,9,2011,6,4,50,0,3,3,SR-40,,3,42.42406944,-85.864027780,0,42,0,0,1,1,4,0,2,10,0,10,0,0000000,99,99,99,99,88,88,22,0,0,1,1
26,260569,1,1,0,1,1,1,1,99,5110,26,9,2011,2,21,11,0,14,6,HOOVER RD,,31,42.49336389,-83.006583330,0,8,0,0,1,1,1,1,2,1,0,1,0,0000000,99,99,99,99,99,99,0,0,0,1,0
26,260570,1,1,0,0,0,1,1,13,0,15,9,2011,5,2,5,0,4,4,SKANEE RD,,131,46.84718333,-88.242105560,0,53,0,0,1,1,4,0,2,1,0,1,0,0000000,99,99,99,99,88,88,0,0,0,1,1
26,260571,1,1,0,0,0,2,2,163,1260,7,1,2011,6,0,10,0,13,6,E JEFFERSON,,56,42.37160833,-82.947450000,0,30,0,0,1,1,4,0,3,10,0,10,0,0000000,99,99,99,99,99,99,0,0,0,1,1
26,260572,1,1,0,2,2,1,1,163,1260,1,3,2011,3,1,50,0,13,6,W SEVEN MILE RD,PREVOST,117,42.43034722,-83.204188890,0,8,0,0,2,2,1,0,2,10,0,10,0,0000000,99,99,99,99,99,99,0,0,0,2,0
26,260573,2,2,0,1,1,2,2,163,1260,20,3,2011,1,21,55,0,13,6,GREENFIELD,,66,42.36184167,-83.197147220,0,8,0,0,1,1,1,0,3,2,0,2,0,0000000,99,99,99,99,99,99,14,0,0,1,0
26,260574,3,2,1,0,0,2,2,163,1260,20,4,2011,4,16,25,1,13,3,SR-3,7 MILE RD,79,42.43489444,-82.977805560,0,14,0,0,3,2,4,0,1,10,0,10,0,0000000,99,99,99,99,88,88,0,0,0,1,0
26,260575,1,1,0,0,0,1,1,163,1260,8,4,2011,6,2,25,1,13,3,SR-3,,72,42.42600000,-82.983638890,0,19,0,0,1,1,5,0,3,10,0,10,0,0000000,99,99,99,99,99,99,0,0,0,1,0
26,260576,3,2,1,0,0,2,2,163,1260,23,4,2011,7,14,50,0,14,6,ALTER,,24,42.39211944,-82.950913890,0,12,8,0,1,1,1,0,1,1,0,1,0,0000000,99,99,99,99,99,99,0,0,0,1,0
26,260577,2,2,0,0,0,2,2,163,1260,28,4,2011,5,7,35,0,14,6,E OUTER DR,N THREE MILE DR,23,42.40722222,-82.943147220,0,12,6,0,2,2,1,0,1,2,0,2,0,0000000,99,99,99,99,99,99,0,0,0,1,0
26,260578,1,1,0,0,0,1,1,163,1260,3,5,2011,3,2,20,0,15,6,BERKSHIRE,,3,42.41055000,-82.954686110,0,18,0,0,1,1,4,0,2,10,0,10,0,0000000,99,99,99,99,99,99,0,0,0,1,0
26,260579,2,2,0,0,0,4,4,163,1260,6,5,2011,6,17,25,0,13,6,VERNOR,FISHER FWY,32,42.32469722,-83.084591670,0,12,6,0,2,2,1,0,1,1,0,1,0,0000000,99,99,99,99,99,99,0,0,0,1,0
26,260580,2,1,1,0,0,2,2,163,1260,11,5,2011,4,20,30,0,14,6,JOHN KRONK,,14,42.32350556,-83.120972220,0,14,0,0,1,1,4,0,8,10,0,10,0,0000000,99,99,99,99,99,99,0,0,0,1,0
26,260581,3,3,0,1,1,4,4,163,1260,31,5,2011,3,22,49,1,13,3,SR-53,E ROBINWOOD,38,42.43174722,-83.024141670,0,9,0,0,3,2,1,0,3,1,0,1,0,0000000,99,99,99,99,99,99,0,0,0,1,0
26,260582,1,1,0,0,0,3,3,163,1260,9,6,2011,5,3,0,0,16,6,VINEWOOD ST,BIDDLE ST,23,42.34605833,-83.106958330,0,33,0,0,1,1,4,0,3,1,0,1,0,0000000,99,99,99,99,99,99,0,0,0,1,0
26,260583,3,3,0,1,1,6,6,163,1260,5,6,2011,1,0,22,0,15,6,MONROE ST,ST ANTOINE ST,4,42.33556667,-83.040919440,0,8,0,0,3,2,1,0,3,1,0,1,0,0000000,99,99,99,99,99,99,0,0,0,1,0
26,260584,1,1,0,1,1,1,1,163,1260,11,6,2011,7,21,20,0,16,6,TIMES SQUARE,GRAND RIVER AVE,1,42.33366944,-83.052241670,0,8,0,0,3,7,1,0,3,1,0,1,0,0000000,99,99,99,99,99,99,16,0,0,1,0
26,260585,1,1,0,0,0,1,1,163,1260,14,6,2011,3,20,15,0,14,6,JOY RD,,55,42.35700556,-83.264405560,0,33,0,0,1,1,4,0,5,1,0,1,0,0000000,99,99,99,99,99,99,0,0,0,1,0
26,260586,1,1,0,1,1,1,1,163,1260,21,6,2011,3,2,15,1,13,3,SR-3,,37,42.38009444,-83.013791670,0,8,0,0,1,1,1,0,2,2,0,2,0,0000000,99,99,99,99,99,99,0,0,0,1,0
26,260587,1,1,0,1,1,1,1,163,1260,24,6,2011,6,2,10,0,13,6,GREENFIELD,GRAND RIVER,87,42.39259722,-83.198344440,0,8,0,0,3,2,1,0,3,2,0,2,0,0000000,99,99,99,99,88,88,0,0,0,1,0
26,260588,1,1,0,1,1,1,1,163,1260,2,7,2011,7,22,10,0,13,2,US-12,ST JAMES,22,42.32941667,-83.150866670,0,8,0,0,3,1,1,0,3,10,0,10,0,0000000,99,99,99,99,99,99,0,0,0,1,0
26,260589,2,2,0,0,0,4,4,163,1260,9,7,2011,7,2,8,1,13,3,SR-5,,35,42.39550278,-83.205380560,0,12,2,0,8,1,1,0,3,1,0,1,0,0000000,99,99,99,99,99,99,0,0,0,1,0
26,260590,2,2,0,0,0,2,2,163,1260,11,7,2011,2,20,30,0,13,6,W SEVEN MILE RD,S SYRACUSE RD,198,42.43352222,-83.045994440,0,12,6,0,2,2,1,0,5,10,0,10,0,0000000,99,99,99,99,99,99,0,0,0,1,0
26,260591,1,1,0,1,1,1,1,163,1260,18,7,2011,2,2,50,0,16,6,LONGACRE,,4,42.34236667,-83.213375000,0,8,0,0,1,1,1,0,3,1,0,1,0,0000000,99,99,99,99,99,99,0,0,0,1,0
26,260592,1,1,0,1,1,1,1,163,1260,24,7,2011,1,2,45,0,14,6,CONANT AVE,,33,42.42713889,-83.069530560,0,8,0,0,1,1,1,0,3,1,0,1,0,0000000,99,99,99,99,99,99,0,0,0,1,0
26,260593,4,2,2,0,0,2,2,163,1260,30,7,2011,7,2,30,0,13,3,SR-96,,96,42.35341667,-83.101025000,0,14,0,0,1,1,4,0,3,1,0,1,0,0000000,99,99,99,99,99,99,0,0,0,1,0
26,260594,2,2,0,0,0,3,3,163,1260,31,8,2011,4,2,50,0,13,6,W MCNICHOLS,JOHN C LODGE SERVICE DRIVE,194,42.41663056,-83.172563890,0,12,6,0,2,2,1,0,3,1,0,1,0,0000000,99,99,99,99,99,99,0,0,0,1,0
26,260595,1,1,0,1,1,1,1,163,1260,14,8,2011,1,9,30,0,13,6,MCNICHOLS,,176,42.41581111,-83.206677780,0,8,0,0,1,1,1,0,1,2,0,2,0,0000000,99,99,99,99,99,99,0,0,0,1,0
26,260596,2,2,0,0,0,2,2,163,1260,16,8,2011,3,22,10,1,13,6,LIVERNOIS,TOLEDO,14,42.31815278,-83.110900000,0,12,6,0,2,3,1,0,2,1,0,1,0,0000000,99,99,99,99,99,99,0,0,0,1,0
26,260597,2,2,0,1,1,2,2,49,0,2,10,2011,1,2,27,1,11,1,I-475,,29,42.95866111,-83.682711110,0,8,0,0,1,1,1,0,3,1,0,1,0,0000000,2,29,2,32,99,99,0,0,0,1,0
26,260598,1,1,0,0,0,2,2,11,4910,4,10,2011,3,17,56,0,4,4,TWINING RD,,136,44.11326389,-83.765338890,0,1,0,0,1,1,4,0,1,1,0,1,0,0000000,17,58,18,8,99,99,0,0,0,1,1
26,260599,1,1,0,0,0,1,1,15,0,21,8,2011,1,19,57,0,4,4,GUN LAKE RD,,23,42.61751389,-85.417766670,0,42,0,0,1,1,5,0,1,1,0,1,0,0000000,20,1,20,10,99,99,22,0,0,1,1
26,260600,1,1,0,0,0,1,1,99,4731,1,10,2011,7,22,3,0,14,6,VAN DYKE AVE,,9,42.61452500,-83.031841670,0,58,0,0,1,1,1,0,3,10,0,10,0,0000000,22,3,22,5,99,99,0,0,0,1,1
26,260601,1,1,0,0,0,1,1,147,0,6,10,2011,5,7,28,0,6,4,MARKEL RD,,5,42.70227222,-82.619744440,0,42,0,0,1,1,4,0,4,5,0,5,0,0000000,7,30,7,36,88,88,22,0,0,1,0
26,260602,2,2,0,0,0,5,5,27,0,9,10,2011,1,15,18,0,3,2,US-12,,18,41.78885278,-86.206858330,0,12,6,0,1,1,1,0,1,1,0,1,0,0000000,15,19,15,29,99,99,0,0,0,4,0
26,260603,1,1,0,0,0,2,2,125,4020,11,10,2011,3,9,36,0,13,3,SR-75,,9,42.64750556,-83.287547220,0,19,0,0,1,1,5,0,1,1,0,1,0,0000000,9,39,9,42,99,99,0,0,0,1,0
26,260604,2,2,0,1,1,2,2,163,5176,12,10,2011,4,6,58,1,13,6,MERRIMAN RD,,51,42.28972778,-83.348986110,0,8,0,0,1,1,1,0,2,1,0,1,0,0000000,6,58,7,3,99,99,14,0,0,1,0
26,260605,1,1,0,0,0,3,3,125,2230,12,10,2011,4,22,20,1,11,1,I-75,,5,42.45461944,-83.095750000,0,39,0,1,18,1,4,0,3,2,0,2,0,0000000,22,23,22,27,99,99,0,0,0,2,0
26,260606,2,2,0,0,0,4,4,163,0,15,10,2011,7,17,37,0,14,4,SIBLEY RD,,16,42.16565833,-83.371452780,0,12,2,0,1,1,1,0,1,1,0,1,0,0000000,17,37,17,43,88,88,0,0,0,1,1
26,260607,2,2,0,0,0,3,3,21,0,14,10,2011,6,16,23,0,4,3,SR-140,DEANS HILL RD,18,41.95699722,-86.276430560,0,12,6,0,2,2,1,0,1,10,0,10,0,0000000,16,27,16,39,99,99,22,0,0,1,0
26,260608,2,2,0,0,0,3,3,21,0,9,10,2011,1,16,21,0,3,4,RED ARROW HWY,LAKESHORE RD,62,41.81410833,-86.709016670,0,12,1,0,3,3,1,0,1,1,0,1,0,0000000,99,99,99,99,99,99,0,0,0,1,0
26,260609,1,1,0,1,1,2,2,21,0,9,10,2011,1,20,45,0,6,4,DAN SMITH RD,,20,42.17142500,-86.242280560,0,8,0,0,1,1,1,0,2,1,0,1,0,0000000,20,51,20,57,88,88,0,0,0,1,1
26,260610,2,2,0,0,0,4,4,163,1260,13,10,2011,5,16,15,1,13,3,SR-96,,60,42.37809722,-83.162305560,0,12,6,0,4,1,1,0,1,10,0,10,0,0000000,99,99,99,99,99,99,0,0,0,1,0
26,260611,1,1,0,0,0,1,1,35,0,18,10,2011,3,21,7,0,4,4,BEAVERTON RD,,9,43.87269444,-84.749775000,0,42,0,0,1,1,5,0,2,1,0,1,0,0000000,21,10,21,20,88,88,0,0,0,1,0
26,260612,1,1,0,0,0,1,1,155,0,18,10,2011,3,20,58,0,4,4,JUDDVILLE RD,SHERIDAN AVE,126,43.05893056,-83.928419440,0,59,0,0,3,3,2,0,2,2,0,2,0,0000000,20,59,21,10,99,99,0,0,0,1,1
26,260613,1,1,0,0,0,1,1,15,2220,20,7,2011,4,19,10,0,14,3,SR-37,,20,42.63896389,-85.283752780,0,33,0,0,1,1,4,0,1,1,0,1,0,0000000,19,13,19,12,88,88,0,0,0,1,0
26,260614,3,3,0,0,0,3,3,139,4807,6,10,2011,5,20,45,0,13,3,SR-45,,64,42.97274722,-85.833836110,0,12,8,0,1,1,1,0,2,1,0,1,0,0000000,20,46,20,51,99,99,0,0,0,1,0
26,260615,2,2,0,0,0,2,2,15,0,8,10,2011,7,3,23,0,3,3,SR-43,,57,42.49223056,-85.409152780,0,12,2,0,1,1,1,0,2,1,0,1,0,0000000,3,27,3,46,88,88,0,0,0,2,1
26,260616,1,1,0,0,0,2,2,33,325,8,10,2011,7,5,0,0,4,4,LAKESHORE DR,,163,46.46200000,-84.618722220,0,31,0,0,1,1,4,0,2,1,0,1,0,0000000,6,11,6,14,99,99,22,0,0,1,1
26,260617,1,1,0,0,0,2,2,147,0,8,10,2011,7,22,10,0,14,4,NORTH RD,,8,42.99983333,-82.527200000,0,59,0,0,1,1,4,0,2,1,0,1,0,0000000,20,14,20,15,99,99,0,0,0,1,1
26,260618,2,2,0,0,0,6,6,147,0,7,10,2011,6,7,15,0,4,4,YALE RD,EMMETT RD,97,43.13093611,-82.768769440,0,12,6,0,2,2,1,0,4,5,0,5,0,0000000,7,19,7,23,99,99,0,0,0,1,0
26,260619,2,2,0,0,0,3,3,91,0,6,10,2011,5,16,45,0,4,4,SAND CREEK HWY,PACKARD RD,49,41.78492500,-84.098566670,0,12,6,0,2,2,1,0,3,1,0,1,0,0000000,16,49,16,52,99,99,22,0,0,1,1
26,260620,2,2,0,0,0,2,2,57,5185,9,10,2011,1,22,9,1,2,3,SR-46,,239,43.40807778,-84.371205560,0,12,1,0,1,1,1,0,2,1,0,1,0,0000000,22,13,22,19,88,88,0,0,0,1,1
26,260621,1,1,0,0,0,1,1,93,2211,10,10,2011,2,19,24,0,14,4,OLD US-23,,130,42.60936389,-83.748072220,0,11,0,0,1,1,1,0,2,1,0,1,0,0000000,19,25,19,35,88,88,0,0,0,1,0
26,260622,2,2,0,0,0,3,3,51,0,8,10,2011,7,20,5,0,3,3,SR-18,,25,43.85072222,-84.485577780,0,12,1,0,8,1,1,0,2,1,0,1,0,0000000,20,11,20,21,99,99,0,0,0,1,0
26,260623,2,2,0,0,0,2,2,75,2500,8,10,2011,7,17,40,1,13,3,SR-50,S JACKSON ST,5,42.24563056,-84.408788890,0,12,6,0,2,2,1,0,1,1,0,1,0,0000000,17,40,17,43,99,99,0,0,0,1,2
26,260624,2,2,0,0,0,3,3,87,0,4,10,2011,3,20,11,0,3,4,OTTER LAKE RD,N LAKE RD,13,43.21661389,-83.430827780,0,12,6,0,2,2,1,0,1,1,0,1,0,0000000,99,99,99,99,99,99,0,0,0,1,0
26,260625,2,2,0,0,0,5,5,49,0,7,10,2011,6,11,30,1,11,1,I-75,,47,42.91261667,-83.668388890,0,12,6,0,7,1,1,0,1,1,0,1,0,0000000,11,30,11,40,99,99,0,0,0,1,0
26,260626,1,1,0,1,1,1,1,163,1260,14,10,2011,6,19,29,1,13,3,SR-102,,90,42.44599444,-83.146388890,0,8,0,0,1,1,1,0,7,1,0,1,0,0000000,99,99,99,99,88,88,0,0,0,1,0
26,260627,1,1,0,0,0,1,1,93,0,8,10,2011,7,13,24,0,4,4,DOYLE RD,,35,42.44583333,-84.027141670,0,1,0,0,1,1,4,0,1,1,0,1,0,0000000,13,28,13,37,88,88,0,0,0,1,0
26,260628,1,1,0,1,1,1,1,121,3450,10,10,2011,2,7,10,1,13,2,US-31 BUS,,22,43.25388611,-86.227883330,0,8,0,0,1,1,1,0,2,1,0,1,0,0000000,99,99,99,99,88,88,0,0,0,1,0
26,260629,3,3,0,0,0,4,4,21,0,13,10,2011,5,16,23,1,11,1,I-94,,303,42.08910556,-86.409991670,0,12,2,0,1,1,1,0,5,2,0,2,0,0000000,16,24,16,29,99,99,0,0,0,1,0
26,260630,1,1,0,1,1,1,1,75,0,19,10,2011,4,7,28,1,13,3,SR-106,,15,42.26983056,-84.403805560,0,8,0,0,1,1,1,0,2,2,0,2,0,0000000,7,30,7,32,88,88,0,0,0,1,0
26,260631,1,1,0,1,1,1,1,49,1730,11,10,2011,3,20,21,1,13,3,SR-54,LEITH ST,96,43.04269167,-83.656533330,0,8,0,0,3,2,1,0,3,10,0,10,0,0000000,99,99,99,99,88,88,0,0,0,1,0
26,260632,1,1,0,0,0,2,2,77,3727,22,10,2011,7,1,35,0,4,4,ALMENA DR,,21,42.29056389,-85.730697220,0,42,0,0,1,1,4,0,2,1,0,1,0,0000000,1,46,1,50,99,99,0,0,0,2,1
26,260633,1,1,0,0,0,1,1,17,0,22,10,2011,7,15,21,0,4,4,SALZBURG RD,,77,43.58148889,-84.014861110,0,32,0,0,1,1,4,0,1,1,0,1,0,0000000,15,20,15,28,88,88,22,0,0,1,1
26,260634,1,1,0,0,0,2,2,125,208,22,10,2011,7,0,53,1,11,1,I-75 RAMP 028G,,1,42.64014167,-83.239386110,0,1,0,1,5,1,1,0,6,1,0,1,0,0000000,0,57,1,1,99,99,0,0,0,1,1
26,260635,2,2,0,0,0,2,2,93,0,23,10,2011,1,4,37,0,14,4,NINE MILE RD,,14,42.44368889,-83.724275000,0,42,0,0,1,1,4,0,2,1,0,1,0,0000000,4,37,4,47,99,99,0,0,0,1,1
26,260636,1,1,0,0,0,2,2,163,4815,22,10,2011,7,20,0,1,11,1,I-94,,137,42.26098056,-83.289686110,0,24,0,0,1,1,3,0,2,1,0,1,0,0000000,20,3,20,13,88,88,0,0,0,1,1
26,260637,1,1,0,0,0,1,1,43,5125,22,10,2011,7,10,0,0,4,4,HAMILTON LAKE RD,,29,45.77221111,-87.811200000,0,1,0,0,1,1,4,0,1,1,0,1,0,0000000,10,5,10,10,88,88,0,0,0,1,0
26,260638,3,3,0,0,0,4,4,99,2934,21,10,2011,6,5,37,0,3,4,NORTH AVE,,34,42.67710833,-82.877894440,0,12,2,0,1,1,1,0,2,1,0,1,0,0000000,99,99,99,99,99,99,0,0,0,1,0
26,260639,1,1,0,0,0,1,1,121,0,21,10,2011,6,23,28,0,6,4,WHITE RD,,18,43.26471667,-85.951941670,0,34,0,0,1,1,4,0,2,1,0,1,0,0000000,99,99,99,99,88,88,0,0,0,1,1
26,260640,1,1,0,1,1,1,1,163,2820,23,10,2011,1,5,52,0,13,6,DIX AVE,SOUTHFIELD RD,67,42.25471667,-83.193416670,0,8,0,0,3,2,4,0,3,1,0,1,0,0000000,5,54,5,57,88,88,0,0,0,1,0