STATE,ST_CASE,VE_TOTAL,VE_FORMS,PVH_INVL,PEDS,PERNOTMVIT,PERMVIT,PERSONS,COUNTY,CITY,DAY,MONTH,YEAR,DAY_WEEK,HOUR,MINUTE,NHS,ROAD_FNC,ROUTE,TWAY_ID,TWAY_ID2,MILEPT,LATITUDE,LONGITUD,SP_JUR,HARM_EV,MAN_COLL,RELJCT1,RELJCT2,TYP_INT,REL_ROAD,WRK_ZONE,LGT_COND,WEATHER1,WEATHER2,WEATHER,SCH_BUS,RAIL,NOT_HOUR,NOT_MIN,ARR_HOUR,ARR_MIN,HOSP_HR,HOSP_MN,CF1,CF2,CF3,FATALS,DRUNK_DR
26,260641,4,4,0,0,0,9,9,163,1260,22,10,2011,7,14,58,1,11,1,I-75,,39,42.37851111,-83.063005560,0,12,1,0,1,1,1,0,1,1,0,1,0,0000000,99,99,99,99,99,99,0,0,0,2,1
26,260642,2,2,0,0,0,2,2,81,0,23,10,2011,1,20,50,0,3,4,ALDEN NASH AVE SE,,1,42.88096667,-85.370994440,0,12,6,0,8,1,1,0,2,2,0,2,0,0000000,20,51,20,59,99,99,0,0,0,1,1
26,260643,1,1,0,1,1,1,1,81,5089,23,10,2011,1,20,55,0,13,6,REMEMBRANCE RD,,17,42.99801667,-85.763119440,0,8,0,0,1,1,1,0,3,2,0,2,0,0000000,20,55,21,5,99,99,0,0,0,1,1
26,260644,1,1,0,0,0,1,1,149,3385,24,10,2011,2,7,44,0,6,4,BLUE SCHOOL RD,,9,41.77876389,-85.682080560,0,42,0,0,1,1,4,0,4,1,0,1,0,0000000,7,45,7,52,88,88,22,0,0,1,0
26,260645,1,1,0,0,0,1,1,79,0,24,10,2011,2,12,53,0,3,4,CO RD 571,,122,44.81792222,-85.051222220,0,52,0,0,1,1,4,0,1,10,0,10,0,0000000,12,55,13,11,88,88,0,0,0,1,0
26,260646,1,1,0,0,0,2,2,43,0,21,10,2011,6,21,25,0,5,4,CO RD 581,,84,46.17817222,-87.752288890,0,34,0,0,1,1,4,0,2,1,0,1,0,0000000,21,38,22,7,88,88,0,0,0,1,1
26,260647,3,1,2,0,0,1,1,21,1470,12,10,2011,4,10,23,0,16,6,FIRST ST,,1,41.98671944,-86.301741670,0,2,0,0,1,1,5,0,1,1,0,1,0,0000000,99,99,99,99,99,99,0,0,0,1,0
26,260648,1,1,0,1,1,2,2,67,0,11,10,2011,3,19,27,0,3,3,SR-66,,60,42.84426944,-85.074938890,0,8,0,0,1,1,1,0,5,1,0,1,0,0000000,19,28,19,35,88,88,19,0,0,1,0
26,260649,2,2,0,0,0,5,5,125,4567,23,10,2011,1,4,8,1,12,3,SR-10,,57,42.48531667,-83.266447220,0,12,2,0,1,1,1,0,3,1,0,1,0,0000000,99,99,99,99,88,88,0,0,0,5,1
26,260650,1,1,0,0,0,1,1,145,0,23,10,2011,1,0,44,0,3,3,SR-13,,72,43.23748889,-83.932280560,0,53,0,0,1,1,4,0,2,1,0,1,0,0000000,0,46,0,56,88,88,0,0,0,1,1
26,260651,1,1,0,1,1,1,1,147,0,24,10,2011,2,4,28,0,14,4,MARINE CITY HWY,,3,42.72102778,-82.724950000,0,9,0,0,1,1,1,0,2,2,0,2,0,0000000,4,28,4,38,99,99,0,0,0,1,0
26,260652,1,1,0,0,0,1,1,161,0,18,10,2011,3,11,54,1,1,1,I-94,,105,42.29708333,-83.930338890,0,34,0,0,1,1,3,0,1,1,0,1,0,0000000,99,99,99,99,99,99,0,0,0,1,0
26,260653,3,3,0,0,0,4,4,115,0,25,10,2011,3,11,30,0,3,4,N DIXIE HWY,US TURNPIKE,97,42.00180278,-83.262825000,0,12,6,1,2,2,1,0,1,10,0,10,0,0000000,11,33,11,43,99,99,0,0,0,1,0
26,260654,1,1,0,1,1,1,1,99,1009,25,10,2011,3,22,8,0,14,4,19 MILE RD,,13,42.61284722,-82.957722220,0,9,0,0,1,1,1,0,2,2,0,2,0,0000000,22,11,22,13,99,99,0,0,0,1,0
26,260655,1,1,0,1,1,2,2,115,0,26,10,2011,4,19,4,0,3,4,MILAN OAKVILLE RD,,30,42.08422778,-83.623036110,0,8,0,0,1,1,1,0,5,2,0,2,0,0000000,19,5,19,13,99,99,0,0,0,1,0
26,260656,1,1,0,1,1,1,1,99,4330,26,10,2011,4,7,21,1,13,3,SR-3,WILDWOOD,32,42.49251667,-82.939955560,0,15,0,0,7,1,1,0,3,10,0,10,0,0000000,7,20,7,23,88,88,0,0,0,1,0
26,260657,1,1,0,0,0,1,1,81,0,28,10,2011,6,3,50,0,4,4,PINE ISLAND DR,,80,43.15475556,-85.640972220,0,11,0,0,1,1,1,0,2,1,0,1,0,0000000,3,54,4,5,88,88,22,0,0,1,0
26,260658,1,1,0,0,0,1,1,15,0,25,10,2011,3,23,45,0,4,4,HICKORY RD,,90,42.44039167,-85.286358330,0,42,0,0,1,1,4,0,2,10,0,10,0,0000000,0,2,0,10,99,99,0,0,0,1,1
26,260659,2,2,0,0,0,2,2,25,3014,28,10,2011,6,2,52,1,1,1,I-94,,254,42.28341111,-84.822377780,0,12,1,1,18,1,1,0,3,1,0,1,0,0000000,2,54,3,4,99,99,0,0,0,1,0
26,260660,1,1,0,0,0,2,2,59,0,31,10,2011,2,2,8,0,6,4,UNION RD,,44,41.84031667,-84.390672220,0,42,0,0,1,1,4,0,2,1,0,1,0,0000000,2,16,2,23,99,99,0,0,0,1,0
26,260661,1,1,0,0,0,1,1,125,4020,22,10,2011,7,16,54,0,13,2,US-24 BUS,,7,42.64782222,-83.308094440,0,33,0,0,1,1,4,0,1,1,0,1,0,0000000,16,54,16,56,99,99,0,0,0,1,0
26,260662,1,1,0,0,0,4,4,163,1260,29,10,2011,7,2,9,1,12,3,SR-10,,35,42.40593333,-83.161455560,0,35,0,1,18,1,4,0,3,10,0,10,0,0000000,99,99,99,99,99,99,0,0,0,1,0
26,260663,1,1,0,0,0,1,1,161,0,23,10,2011,1,2,57,0,4,4,WHITTAKER RD,,35,42.13591389,-83.600061110,0,32,0,0,1,1,4,0,2,1,0,1,0,0000000,2,57,3,4,88,88,0,0,0,1,1
26,260664,1,1,0,0,0,1,1,5,0,28,10,2011,6,20,0,0,4,4,RIVERVIEW DR,,23,42.43035833,-85.608802780,0,42,0,0,1,1,4,0,2,1,0,1,0,0000000,99,99,99,99,99,99,0,0,0,1,0
26,260665,1,1,0,1,1,1,1,99,1009,26,10,2011,4,19,13,1,13,4,METROPOLITAN PKWY,HARPER AVE,34,42.56970278,-82.871666670,0,8,0,0,3,2,1,0,2,2,0,2,0,0000000,19,15,19,20,99,99,0,0,0,1,0
26,260666,1,1,0,1,1,1,1,77,4490,27,10,2011,5,7,0,1,13,2,US-131 GRAND ST,VIENNA ST,34,42.11954444,-85.637263890,0,8,0,0,3,2,1,0,3,2,0,2,0,0000000,7,3,7,15,88,88,0,0,0,1,0
26,260667,2,2,0,0,0,3,3,49,1931,27,10,2011,5,6,58,0,14,4,GENESEE RD,COLDWATER RD,101,43.09147500,-83.617086110,0,12,1,0,2,2,1,0,3,1,0,1,0,0000000,6,58,7,9,99,99,0,0,0,1,0
26,260668,2,2,0,1,1,2,2,111,3240,30,10,2011,1,20,1,1,13,3,SR-20,RODD ST,5,43.61435000,-84.240516670,0,8,0,0,3,2,1,0,3,1,0,1,0,0000000,20,3,20,19,88,88,14,0,0,1,0
26,260669,1,1,0,0,0,3,3,65,2700,30,10,2011,1,0,31,0,14,6,W MAIN ST,,18,42.72549722,-84.552683330,0,30,0,0,1,1,4,0,3,1,0,1,0,0000000,0,35,0,40,99,99,0,0,0,1,0
26,260670,2,2,0,0,0,5,5,121,3450,28,10,2011,6,9,9,1,13,6,E LAKETON AVE,E HOYT ST,21,43.21967500,-86.239355560,0,12,6,0,2,2,1,0,1,2,0,2,0,0000000,99,99,99,99,99,99,0,0,0,1,0
26,260671,1,1,0,2,2,2,2,93,0,30,10,2011,1,3,21,0,6,4,CENTER RD,,9,42.73342500,-83.865000000,0,8,0,0,1,1,1,0,2,1,0,1,0,0000000,3,21,3,35,99,99,22,0,0,1,1
26,260672,2,2,0,0,0,4,4,23,0,31,10,2011,2,15,3,9,6,4,KOSMERICK RD,,25,41.84003611,-85.169941670,0,12,7,0,1,1,1,0,1,10,0,10,0,0000000,15,5,15,20,99,99,22,0,0,2,0
26,260673,1,1,0,1,1,1,1,115,3320,27,10,2011,5,19,8,0,13,2,US-24,,150,41.92097778,-83.416133330,0,9,0,0,1,1,1,0,3,10,0,10,0,0000000,19,11,19,14,99,99,0,0,0,1,0
26,260674,2,2,0,0,0,2,2,49,0,6,10,2011,5,17,28,0,6,4,W WILSON RD,,32,43.16272222,-83.799680560,0,12,6,0,1,1,1,0,1,1,0,1,0,0000000,99,99,99,99,99,99,22,0,0,1,0
26,260675,2,2,0,0,0,2,2,125,5113,19,10,2011,4,15,33,0,13,4,COOLEY LAKE RD,,33,42.63183056,-83.394438890,0,12,2,0,1,1,1,0,1,2,0,2,0,0000000,15,33,15,40,99,99,0,0,0,1,0
26,260676,2,2,0,0,0,2,2,63,0,31,10,2011,2,7,10,0,4,4,WADSWORTH RD,,176,43.74912778,-83.085172220,0,12,2,0,1,1,1,0,4,10,0,10,0,0000000,99,99,99,99,99,99,0,0,0,1,0
26,260677,1,1,0,0,0,5,5,161,4426,30,10,2011,1,0,30,0,6,4,DIXBORO RD,,84,42.38753611,-83.663386110,0,34,0,0,1,1,4,0,2,10,0,10,0,0000000,0,44,0,47,99,99,22,0,0,1,1
26,260678,1,1,0,1,1,1,1,121,3450,11,10,2011,3,6,53,0,13,6,PECK ST,ARTHUR ST,27,43.22928056,-86.244175000,0,8,0,0,2,2,1,0,4,10,0,10,0,0000000,99,99,99,99,99,99,0,0,0,1,0
26,260679,2,2,0,0,0,12,12,21,0,29,10,2011,7,13,18,1,11,1,I-94,,233,42.03024722,-86.515750000,0,12,1,0,1,1,1,0,1,1,0,1,0,0000000,99,99,99,99,99,99,0,0,0,1,0
26,260680,1,1,0,1,1,2,2,161,0,27,10,2011,5,19,31,1,13,3,SR-17,,49,42.24970000,-83.654950000,0,9,0,0,1,1,1,0,2,1,0,1,0,0000000,19,32,19,40,99,99,0,0,0,1,0
26,260681,1,1,0,0,0,1,1,7,0,23,10,2011,1,15,26,0,6,4,PRECOUR RD,,17,44.96107778,-83.542980560,0,1,0,0,1,1,4,0,1,10,0,10,0,0000000,99,99,99,99,99,99,22,0,0,1,0
26,260682,1,1,0,0,0,1,1,111,0,8,10,2011,7,22,25,0,6,4,W BRADFORD RD,,10,43.55299444,-84.389597220,0,34,0,0,1,1,4,0,2,1,0,1,0,0000000,22,32,22,46,99,99,22,0,0,1,0
26,260683,2,2,0,0,0,3,3,139,0,4,11,2011,6,8,21,0,6,4,NEW HOLLAND ST,96TH AVE,95,42.85611111,-86.020286110,0,12,6,0,2,2,1,0,1,1,0,1,0,0000000,8,21,8,30,99,99,22,0,0,1,0
26,260684,2,2,0,1,1,4,4,93,0,4,11,2011,6,6,20,0,14,4,WHITMORE LAKE RD,,60,42.50969444,-83.758688890,0,8,0,0,1,1,1,0,2,1,0,1,0,0000000,6,22,6,25,88,88,0,0,0,1,0
26,260685,1,1,0,0,0,1,1,155,0,6,11,2011,1,0,43,0,4,4,JUDDVILLE RD,,91,43.05863611,-83.997380560,0,42,0,0,1,1,4,0,2,1,0,1,0,0000000,0,44,0,53,88,88,0,0,0,1,1
26,260686,1,1,0,1,1,1,1,125,3641,5,11,2011,7,1,10,1,13,3,SR-102,,67,42.44528889,-83.190094440,0,8,0,0,1,1,1,0,2,1,0,1,0,0000000,1,10,1,15,88,88,0,0,0,1,0
26,260687,1,1,0,0,0,1,1,149,1775,6,11,2011,1,16,9,0,6,4,MOUNT ZION,,19,41.99083333,-85.704916670,0,42,0,0,1,1,4,0,1,10,0,10,0,0000000,16,14,16,23,88,88,0,0,0,1,1
26,260688,2,2,0,0,0,3,3,139,0,1,11,2011,3,13,40,0,6,4,88TH AVE,RANSOM ST,45,42.84865000,-85.999444440,0,12,6,0,2,2,1,0,1,1,0,1,0,0000000,13,42,13,50,99,99,0,0,0,1,0
26,260689,1,1,0,0,0,3,3,37,0,4,11,2011,6,21,33,0,4,4,S GRANGE RD,,125,42.98331944,-84.798947220,0,34,0,0,1,1,4,0,2,1,0,1,0,0000000,21,36,21,43,99,99,0,0,0,1,1
26,260690,1,1,0,0,0,2,2,163,1260,18,9,2011,1,3,8,1,11,1,I-94,,257,42.34775556,-83.107072220,0,1,0,1,18,1,2,0,3,1,0,1,0,0000000,99,99,99,99,99,99,0,0,0,1,1
26,260691,2,2,0,0,0,3,3,41,3091,9,11,2011,4,16,14,1,2,2,US-2,,320,45.92633333,-86.979219440,0,12,6,0,1,1,1,0,1,3,0,3,0,0000000,16,23,16,26,99,99,0,0,0,2,0
26,260692,1,1,0,1,1,1,1,163,4815,3,11,2011,5,19,21,1,11,1,I-94,,136,42.25937222,-83.292186110,0,8,0,0,1,1,1,0,3,10,0,10,0,0000000,99,99,99,99,99,99,0,0,0,1,0
26,260693,1,1,0,0,0,2,2,83,0,5,11,2011,7,0,50,0,4,4,FIVE MILE POINT RD,,37,47.34359444,-88.404130560,0,35,0,0,1,1,4,0,2,1,0,1,0,0000000,1,17,1,35,88,88,22,0,0,1,1
26,260694,1,1,0,0,0,1,1,125,0,21,11,2011,2,3,4,0,14,4,PONTIAC TRL,,10,42.52238611,-83.598613890,0,34,0,0,1,1,4,0,2,1,0,1,0,0000000,99,99,99,99,99,99,0,0,0,1,1
26,260697,1,1,0,0,0,1,1,129,0,19,11,2011,7,7,35,0,4,4,N FAIRVIEW RD,,81,44.39240556,-84.223688890,0,35,0,0,1,1,4,0,2,1,0,1,0,0000000,7,40,7,47,88,88,0,0,0,1,1
26,260698,2,2,0,0,0,3,3,87,0,16,11,2011,4,20,33,0,6,4,BOOTH RD,NORTH BRANCH RD,15,43.22767778,-83.274391670,0,12,6,0,2,2,1,0,2,1,0,1,0,0000000,99,99,99,99,99,99,0,0,0,2,1
26,260699,2,2,0,0,0,2,2,81,131,10,11,2011,5,9,49,0,4,4,7 MILE RD NW,BAUMHOFF AVE NW,30,43.07279167,-85.719377780,0,12,6,0,2,2,1,0,1,10,0,10,0,0000000,9,49,10,5,88,88,0,0,0,1,0
26,260700,1,1,0,0,0,1,1,93,2211,12,11,2011,7,16,31,0,4,4,OLD US 23,,180,42.67900556,-83.760583330,0,38,0,0,1,1,6,0,1,10,0,10,0,0000000,16,34,16,48,88,88,0,0,0,1,0
26,260701,1,1,0,1,1,1,1,163,1260,10,11,2011,5,18,30,1,13,3,SR-3,ROHNS ST,42,42.38695833,-83.009261110,0,8,0,0,3,2,1,0,7,2,0,2,0,0000000,99,99,99,99,99,99,0,0,0,1,0
26,260702,1,1,0,0,0,1,1,81,0,11,11,2011,6,1,2,0,3,3,SR-46,,28,43.21958611,-85.737269440,0,42,0,0,1,1,4,0,2,4,11,4,0,0000000,1,3,1,18,88,88,0,0,0,1,1
26,260703,3,1,2,0,0,1,1,49,1730,15,11,2011,3,20,22,0,16,6,ROCKCREEK LN,GREENBROOK LN,5,42.98510556,-83.707238890,0,14,0,0,3,1,5,0,3,1,0,1,0,0000000,99,99,99,99,99,99,0,0,0,1,0
26,260704,2,2,0,0,0,2,2,93,0,10,11,2011,5,15,30,1,13,3,SR-96,,5,42.62049167,-83.986577780,0,12,6,0,1,1,1,0,1,10,0,10,0,0000000,15,34,15,39,99,99,0,0,0,1,0
26,260705,2,2,0,0,0,2,2,81,0,16,11,2011,4,17,18,0,6,4,15 MILE RD NE,MYERS LAKE AVE NE,30,43.19033889,-85.490902780,0,12,6,0,2,2,1,0,1,10,0,10,0,0000000,99,99,99,99,99,99,22,0,0,1,0
26,260706,1,1,0,0,0,1,1,31,0,22,11,2011,3,15,21,1,1,1,I-75,,350,45.67250278,-84.666044440,0,42,0,0,1,1,5,0,1,10,0,10,0,0000000,15,22,15,47,88,88,0,0,0,1,0
26,260707,1,1,0,0,0,1,1,115,0,17,11,2011,5,2,50,0,6,4,STEFFAS RD,,11,42.00723889,-83.454430560,0,32,0,0,1,1,4,0,2,1,0,1,0,0000000,2,51,3,4,88,88,0,0,0,1,1
26,260708,1,1,0,0,0,2,2,149,4760,19,11,2011,7,6,0,0,16,6,S BIG HILL RD,,30,41.80255556,-85.389013890,0,30,0,0,1,1,4,0,2,10,0,10,0,0000000,6,11,6,12,88,88,0,0,0,1,1
26,260709,2,2,0,0,0,4,4,81,0,19,11,2011,7,13,30,0,14,4,76TH ST SE,,115,42.82642778,-85.555502780,0,12,2,0,1,1,1,0,1,10,0,10,0,0000000,13,34,13,37,99,99,0,0,0,1,0
26,260710,1,1,0,0,0,2,2,163,1260,8,11,2011,3,23,26,1,11,1,I-75,,75,42.42442222,-83.092827780,0,25,0,0,1,1,4,0,3,10,0,10,0,0000000,99,99,99,99,99,99,0,0,0,1,0
26,260711,2,2,0,0,0,5,5,81,785,10,11,2011,5,21,2,0,16,4,36TH ST,,22,42.89969722,-85.443425000,0,12,6,0,8,1,1,0,2,4,0,4,0,0000000,21,4,99,99,99,99,0,0,0,1,0
26,260712,2,2,0,0,0,4,4,99,4731,19,11,2011,7,16,12,1,13,3,SR-53,,3,42.55284444,-83.029213890,0,59,0,0,1,1,3,0,1,10,0,10,0,0000000,16,12,16,16,99,99,0,0,0,1,0
26,260713,1,1,0,0,0,4,4,99,0,22,11,2011,3,0,6,0,9,4,HIPP RD,,16,42.86607500,-83.041555560,0,42,0,0,1,1,4,0,2,1,0,1,0,0000000,0,7,0,9,99,99,22,0,0,1,1
26,260714,2,2,0,0,0,2,2,145,0,22,11,2011,3,6,55,0,3,3,SR-13,,61,43.22080000,-83.932055560,0,12,6,0,1,1,1,0,2,10,0,10,0,0000000,6,56,7,1,99,99,22,0,0,1,0
26,260715,1,1,0,1,1,1,1,139,5340,23,11,2011,4,0,43,0,13,3,SR-I196 BL,STATE,53,42.80533889,-86.018894440,0,9,0,0,2,2,1,0,2,1,0,1,0,0000000,0,51,0,54,99,99,0,0,0,1,0
26,260716,2,2,0,0,0,3,3,155,0,23,11,2011,4,8,0,0,3,3,SR-52,,228,43.08949444,-84.168230560,0,12,2,0,1,1,1,0,1,10,0,10,0,0000000,8,7,8,24,99,99,0,0,0,1,0
26,260717,1,1,0,0,0,1,1,155,0,23,11,2011,4,23,35,0,3,4,E SILVER LAKE RD,,3,42.81721944,-83.927702780,0,38,0,0,1,1,5,0,2,10,0,10,0,0000000,23,37,23,52,88,88,22,0,0,1,0
26,260718,1,1,0,0,0,3,3,65,2700,24,11,2011,5,1,22,1,11,1,I-96,,21,42.66058056,-84.562252780,0,1,0,0,1,1,5,0,2,1,0,1,0,0000000,1,22,1,30,99,99,0,0,0,1,0
26,260719,1,1,0,0,0,1,1,5,0,27,11,2011,1,13,15,0,3,4,30TH ST,,31,42.57564722,-85.839483330,0,42,0,0,1,1,4,0,1,2,0,2,0,0000000,99,99,99,99,99,99,22,0,0,1,0
26,260720,1,1,0,1,1,2,2,65,2700,22,11,2011,3,17,55,1,11,1,I-96,,22,42.66027778,-84.560366670,0,8,0,0,1,1,1,0,2,2,0,2,0,0000000,17,55,18,0,88,88,0,0,0,1,0
26,260721,1,1,0,0,0,1,1,59,0,3,11,2011,5,14,27,0,6,4,LAKE PLEASANT RD,,25,41.93456944,-84.573633330,0,42,0,0,1,1,4,0,1,1,0,1,0,0000000,99,99,99,99,99,99,0,0,0,1,0
26,260722,2,2,0,0,0,3,3,77,3727,19,11,2011,7,18,15,0,3,3,SR-43,6TH ST,30,42.29574167,-85.706508330,0,12,6,0,2,2,1,0,3,10,0,10,0,0000000,18,20,18,31,99,99,0,0,0,1,1
26,260723,2,2,0,0,0,4,4,17,271,21,11,2011,2,18,18,0,13,3,SR-13,WHEELER RD,71,43.63839444,-83.926094440,0,12,2,0,2,2,1,0,3,10,0,10,0,0000000,18,20,18,23,99,99,0,0,0,1,1
26,260724,1,1,0,0,0,1,1,163,4295,19,11,2011,7,6,24,1,11,1,I-94,,87,42.23012500,-83.376758330,0,1,0,1,18,1,4,0,4,1,0,1,0,0000000,6,37,6,40,99,99,0,0,0,1,1
26,260725,2,2,0,0,0,2,2,121,3450,9,11,2011,4,14,41,1,13,3,SR-120,,2,43.25353889,-86.233980560,0,12,6,0,1,1,1,0,1,6,0,6,0,0000000,99,99,99,99,99,99,0,0,0,1,0
26,260726,2,1,1,0,1,1,2,125,0,19,11,2011,7,3,14,1,12,3,SR-10,,61,42.48321944,-83.261002780,0,14,0,0,1,1,2,0,2,1,0,1,0,0000000,3,15,3,23,99,99,0,0,0,1,1
26,260727,1,1,0,0,0,1,1,45,0,12,11,2011,7,13,32,0,4,4,BELLEVUE HWY,,153,42.45101944,-84.620152780,0,42,0,0,1,1,6,0,1,1,0,1,0,0000000,99,99,99,99,99,99,0,0,0,1,0
26,260728,1,1,0,0,0,2,2,19,0,23,11,2011,4,20,0,0,4,4,LAKE ANN RD,,53,44.70610833,-85.832602780,0,1,0,0,1,1,4,0,2,1,0,1,0,0000000,20,5,20,13,99,99,0,0,0,1,0
26,260729,1,1,0,0,0,1,1,51,0,25,11,2011,6,14,49,0,6,4,BADGER RD,,7,43.90078056,-84.410880560,0,1,0,0,1,1,4,0,1,10,0,10,0,0000000,14,52,15,3,99,99,22,0,0,1,0
26,260730,1,1,0,1,1,1,1,163,738,10,11,2011,5,18,27,1,13,3,SR-153,,50,42.32297500,-83.447841670,0,8,0,0,1,1,1,0,2,2,0,2,0,0000000,16,27,16,31,99,99,0,0,0,1,0
26,260731,1,1,0,1,1,2,2,99,1009,28,11,2011,2,19,38,0,14,4,CANAL RD,,34,42.60901111,-82.967727780,0,8,0,0,1,1,1,0,3,2,0,2,0,0000000,19,40,19,44,88,88,0,0,0,1,0
26,260732,1,1,0,1,1,2,2,81,0,5,11,2011,7,21,25,0,14,4,10 MILE RD,,68,43.11662778,-85.660655560,0,8,0,0,1,1,1,0,2,1,0,1,0,0000000,99,99,99,99,99,99,0,0,0,1,0
26,260733,1,1,0,1,1,1,1,0,0,6,11,2011,1,10,36,0,3,3,SR-21,,32,99.99990000,999.999900000,0,8,0,0,1,1,1,0,1,1,0,1,0,0000000,99,99,99,99,99,99,0,0,0,1,0
26,260734,2,2,0,0,0,2,2,147,0,30,11,2011,4,22,59,0,3,4,WADHAMS RD,GRATIOT AVE,75,42.88420556,-82.558294440,0,12,6,0,2,2,1,0,2,1,0,1,0,0000000,23,3,23,8,88,88,0,0,0,1,1
26,260735,1,1,0,0,0,1,1,163,2850,2,11,2011,4,19,34,1,11,1,I-275 RAMP 002D,8 MILE RD,4,42.43908611,-83.429275000,0,42,0,1,5,1,4,0,3,1,0,1,0,0000000,19,34,19,40,99,99,0,0,0,1,0
26,260736,1,1,0,0,0,3,3,163,1260,5,11,2011,7,3,0,0,16,6,NORTHLAWN ST,,1,42.35367500,-83.151686110,0,42,0,0,1,1,5,0,3,1,0,1,0,0000000,99,99,99,99,99,99,0,0,0,1,1
26,260737,1,1,0,0,0,2,2,49,1730,6,11,2011,1,17,0,0,16,6,LAWNDALE AVE,,7,43.04284444,-83.719350000,0,42,0,0,1,1,4,0,1,1,0,1,0,0000000,99,99,99,99,99,99,0,0,0,1,0
26,260738,1,1,0,0,0,1,1,39,1813,30,11,2011,4,3,20,0,4,4,CO RD 612,,19,44.76567500,-84.817838890,0,42,0,0,1,1,4,0,2,1,0,1,0,0000000,99,99,99,99,99,99,0,0,0,1,1
26,260739,1,1,0,1,1,1,1,163,4975,10,11,2011,5,22,49,0,2,7,I-94 SERVICE DR,,10,42.21835278,-83.528158330,0,8,0,0,1,1,1,0,2,1,0,1,0,0000000,99,99,99,99,99,99,0,0,0,1,0
26,260740,1,1,0,1,1,1,1,125,4567,10,11,2011,5,19,20,1,13,3,SR-102,,25,42.44317778,-83.273597220,0,8,0,0,1,1,1,0,2,10,0,10,0,0000000,99,99,99,99,99,99,0,0,0,1,0
26,260741,2,2,0,1,1,2,2,99,4154,6,11,2011,1,21,23,0,4,4,27 MILE RD,,32,42.73066944,-82.973036110,0,12,2,0,1,1,1,0,2,10,0,10,0,0000000,99,99,99,99,99,99,22,0,0,1,0
26,260742,3,3,0,0,0,3,3,161,0,30,11,2011,4,8,23,0,3,3,SR-52,BETHEL CHURCH RD,84,42.17679167,-84.031863890,0,51,0,0,3,2,4,0,1,10,0,10,0,0000000,8,23,8,27,99,99,0,0,0,1,0
26,260743,1,1,0,0,0,2,2,115,0,30,11,2011,4,15,25,0,4,4,NADEAU RD,,17,41.96325000,-83.341722220,0,10,0,0,6,1,1,0,1,1,0,1,0,511714B,15,28,15,39,99,99,0,0,0,1,0
26,260744,1,1,0,1,1,1,1,91,0,30,11,2011,4,17,30,1,2,2,US-127,,60,41.79391111,-84.361291670,0,8,0,0,1,1,1,0,2,1,0,1,0,0000000,99,99,99,99,88,88,0,0,0,1,0
26,260745,1,1,0,1,1,2,2,99,4731,15,11,2011,3,18,2,0,14,6,19 MILE RD,,9,42.61017222,-83.001483330,0,9,0,0,1,1,1,0,2,1,0,1,0,0000000,18,2,18,5,99,99,0,0,0,1,0
26,260746,1,1,0,1,1,1,1,163,1260,23,11,2011,4,23,25,0,14,6,WHITTIER AVE,WAYBURN,35,42.41810556,-82.955869440,0,8,0,0,3,2,1,0,3,2,0,2,0,0000000,99,99,99,99,99,99,0,0,0,1,0
26,260747,1,1,0,1,1,1,1,77,5050,4,11,2011,6,11,8,0,15,6,E PRAIRIE ST,N MAIN ST,92,42.11993333,-85.532344440,0,8,0,0,3,2,1,0,1,1,0,1,0,0000000,11,8,11,15,99,99,0,0,0,1,0
26,260748,1,1,0,1,1,1,1,81,2553,10,11,2011,5,6,48,1,13,3,SR-37,,83,42.91388056,-85.583494440,0,8,0,0,1,1,1,0,2,10,0,10,0,0000000,99,99,99,99,99,99,0,0,0,1,0
26,260749,1,1,0,1,1,1,1,25,310,22,11,2011,3,17,52,1,13,6,E MICHIGAN AVE,,3,42.31511111,-85.174986110,0,8,0,0,1,1,1,0,3,2,0,2,0,0000000,99,99,99,99,99,99,0,0,0,1,0
26,260750,3,3,0,0,0,5,5,163,1260,6,11,2011,1,11,40,0,14,6,VAN DYKE ST,CHARLEVOIX ST,9,42.36281389,-83.003091670,0,12,7,0,2,2,1,0,1,1,0,1,0,0000000,99,99,99,99,99,99,0,0,0,1,0
26,260751,2,2,0,0,0,3,3,163,1260,26,8,2011,6,15,50,1,13,6,CONNER ST,,11,42.38461944,-82.968591670,0,12,2,0,8,1,1,0,1,1,0,1,0,0000000,99,99,99,99,99,99,0,0,0,1,0
26,260752,1,1,0,0,0,1,1,163,1260,2,9,2011,6,14,5,0,15,6,LOTHROP RD,,4,42.37103611,-83.075533330,0,5,0,0,1,1,1,0,1,1,0,1,0,0000000,99,99,99,99,99,99,0,0,0,1,0
26,260753,2,2,0,0,0,2,2,163,1260,3,9,2011,7,2,30,0,13,6,7 MILE RD,,224,42.43468333,-82.995394440,0,12,6,0,1,1,1,0,3,1,0,1,0,0000000,99,99,99,99,99,99,0,0,0,1,0
26,260754,1,1,0,1,1,2,2,163,1260,9,9,2011,6,22,40,0,16,6,EATON ST,WYOMING ST,2,42.39798889,-83.159477780,0,15,0,0,2,2,1,0,2,2,0,2,0,0000000,99,99,99,99,99,99,0,0,0,1,0
26,260755,1,1,0,0,0,3,3,163,1260,11,9,2011,1,2,10,0,15,6,SCOTTEN,,9,42.32642500,-83.097858330,0,33,0,0,1,1,4,0,3,10,0,10,0,0000000,99,99,99,99,99,99,0,0,0,1,0