STATE,ST_CASE,VE_TOTAL,VE_FORMS,PVH_INVL,PEDS,PERNOTMVIT,PERMVIT,PERSONS,COUNTY,CITY,DAY,MONTH,YEAR,DAY_WEEK,HOUR,MINUTE,NHS,ROAD_FNC,ROUTE,TWAY_ID,TWAY_ID2,MILEPT,LATITUDE,LONGITUD,SP_JUR,HARM_EV,MAN_COLL,RELJCT1,RELJCT2,TYP_INT,REL_ROAD,WRK_ZONE,LGT_COND,WEATHER1,WEATHER2,WEATHER,SCH_BUS,RAIL,NOT_HOUR,NOT_MIN,ARR_HOUR,ARR_MIN,HOSP_HR,HOSP_MN,CF1,CF2,CF3,FATALS,DRUNK_DR
26,260756,1,1,0,0,0,1,1,21,4740,28,10,2011,6,8,5,1,11,1,I-94,,218,42.01428056,-86.532738890,0,18,0,1,18,1,1,0,2,2,0,2,0,0000000,99,99,99,99,99,99,0,0,0,1,0
26,260757,2,2,0,0,0,2,2,163,4240,27,6,2011,2,12,37,0,14,6,PENNSYLVANIA RD,,116,42.18489722,-83.190316670,0,12,6,0,8,1,1,0,1,1,0,1,0,0000000,99,99,99,99,99,99,0,0,0,1,0
26,260758,2,2,0,0,0,5,5,49,1730,1,12,2011,5,23,18,0,13,6,WELCH BLVD,,11,43.03603333,-83.731338890,0,12,2,0,1,1,1,0,3,10,0,10,0,0000000,23,18,23,25,99,99,0,0,0,1,1
26,260759,2,1,1,0,4,1,5,31,0,3,12,2011,7,8,59,1,1,1,I-75,,2,45.20242778,-84.621266670,0,14,0,0,1,1,4,0,1,3,0,3,0,0000000,99,99,99,99,99,99,0,0,0,1,0
26,260760,1,1,0,0,0,1,1,161,0,2,12,2011,6,8,30,0,6,4,MCKEAN,,23,42.16075556,-83.551866670,0,10,0,0,6,1,1,0,1,10,0,10,0,477334C,99,99,99,99,88,88,22,0,0,1,0
26,260761,1,1,0,0,0,4,4,75,4448,6,12,2011,3,22,44,1,1,1,I-94,,60,42.26921667,-84.602244440,0,1,0,1,18,1,2,0,2,4,0,4,0,0000000,22,45,22,48,99,99,0,0,0,1,0
26,260762,2,2,0,0,0,2,2,125,5113,3,12,2011,7,12,13,1,13,2,US-24,,47,42.69509722,-83.392861110,0,12,8,0,1,1,1,0,1,10,0,10,0,0000000,99,99,99,99,88,88,0,0,0,1,0
26,260763,1,1,0,0,0,1,1,121,0,5,12,2011,2,6,33,1,2,2,US-31 OLD,,251,43.45806389,-86.346166670,0,1,0,0,1,1,4,0,2,10,0,10,0,0000000,6,34,6,42,88,88,0,0,0,1,0
26,260764,1,1,0,0,0,4,4,125,2258,7,12,2011,4,23,17,0,15,4,MIDDLE RD,,14,42.66580278,-83.653719440,0,42,0,0,1,1,5,0,2,1,0,1,0,0000000,23,17,23,22,99,99,0,0,0,1,0
26,260765,1,1,0,1,1,1,1,163,3610,3,12,2011,7,1,15,0,14,6,GRISWOLD,,2,42.43160000,-83.478777780,0,8,0,0,1,1,1,0,3,1,0,1,0,0000000,1,15,1,27,99,99,0,0,0,1,1
26,260766,1,1,0,0,0,1,1,147,0,4,12,2011,1,9,44,0,4,3,SR-136,BEARD RD,0,43.05963056,-82.731941670,0,33,0,0,3,2,4,0,1,2,0,2,0,0000000,99,99,99,99,99,99,0,0,0,1,0
26,260767,1,1,0,1,1,1,1,163,2850,10,12,2011,7,23,59,1,11,1,I-96,,54,42.38308889,-83.343413890,0,8,0,0,1,1,1,0,3,1,0,1,0,0000000,0,7,0,9,88,88,0,0,0,1,0
26,260768,2,1,1,0,0,1,1,163,1260,1,12,2011,5,16,25,0,16,6,REMINGTON AVE,,9,42.44258889,-83.077188890,0,14,0,0,1,1,2,0,1,1,0,1,0,0000000,99,99,99,99,99,99,0,0,0,1,0
26,260769,2,2,0,0,0,6,6,77,0,11,12,2011,1,16,55,0,3,4,MERCURY DR,E MICHIGAN AVE,0,42.26990833,-85.301269440,0,12,6,0,2,2,1,0,1,10,0,10,0,0000000,16,58,17,4,99,99,0,0,0,1,0
26,260770,1,1,0,0,0,1,1,161,0,6,12,2011,3,20,31,1,2,2,US-12,,58,42.12509444,-83.867352780,0,30,0,0,1,1,4,0,2,10,0,10,0,0000000,22,30,22,45,99,99,0,0,0,1,0
26,260772,3,3,0,0,0,5,5,125,5113,7,12,2011,4,11,25,1,13,4,WALTON BLVD,,11,42.69014444,-83.363600000,0,24,0,0,1,1,4,0,1,10,0,10,0,0000000,11,26,11,32,99,99,0,0,0,1,0
26,260773,1,1,0,1,1,1,1,163,1260,6,12,2011,3,20,2,1,13,6,LIVERNOIS AVE,,57,42.37500278,-83.139036110,0,8,0,0,1,1,1,0,3,10,0,10,0,0000000,99,99,99,99,99,99,0,0,0,1,1
26,260774,1,1,0,0,0,1,1,155,5030,9,12,2011,6,2,40,0,15,6,N MAPLE ST,,42,42.94171944,-84.028080560,0,30,0,0,1,1,4,0,3,4,0,4,0,0000000,2,40,2,45,88,88,0,0,0,1,0
26,260775,2,2,0,0,0,4,4,145,0,29,9,2011,5,16,55,0,4,4,SHARON RD,GARY RD,31,43.21730833,-84.115669440,0,12,6,0,2,2,1,0,1,2,0,2,0,0000000,99,99,99,99,99,99,22,0,0,1,0
26,260776,1,1,0,1,1,1,1,125,1081,13,12,2011,3,22,49,0,14,4,W MAPLE RD,,70,42.53275000,-83.498330560,0,8,0,0,1,1,1,0,2,10,0,10,0,0000000,22,51,22,55,99,99,0,0,0,1,0
26,260777,1,1,0,0,0,2,2,163,4166,11,12,2011,1,1,54,0,16,4,GAYLORD ST,,5,42.42361111,-83.307725000,0,42,0,0,1,1,4,0,3,1,0,1,0,0000000,1,54,1,59,88,88,0,0,0,2,0
26,260778,1,1,0,1,1,1,1,123,2250,25,11,2011,6,11,11,0,3,3,SR-120,,65,43.56147500,-86.039697220,0,8,0,0,1,1,1,0,1,1,0,1,0,0000000,10,58,11,2,99,99,0,0,0,1,0
26,260779,2,2,0,0,0,2,2,131,0,14,12,2011,4,10,55,1,2,2,US-45,,233,46.70341667,-89.158463890,0,12,6,0,1,1,1,0,1,1,0,1,0,0000000,99,99,99,99,99,99,0,0,0,1,0
26,260780,2,2,0,1,1,1,1,49,686,17,12,2011,7,12,10,0,13,6,DAVISON RD,,44,43.03359722,-83.588711110,0,12,1,0,1,1,1,0,1,10,0,10,0,0000000,12,14,12,17,88,88,14,23,0,1,0
26,260781,1,1,0,0,0,1,1,49,0,11,12,2011,1,12,32,1,11,1,I-75,,60,42.92626389,-83.688913890,0,42,0,0,1,1,4,0,1,1,0,1,0,0000000,12,34,12,38,99,99,0,0,0,1,0
26,260782,2,2,0,0,0,3,3,139,0,14,12,2011,4,14,35,0,4,4,56TH AVE,,18,43.08609722,-85.927152780,0,12,1,0,1,1,1,0,1,2,0,2,1,0000000,14,36,14,39,88,88,22,0,0,2,0
26,260783,1,1,0,1,1,1,1,55,4880,16,12,2011,6,13,40,1,13,2,US-31,11TH ST,141,44.75582778,-85.634838890,0,8,0,0,3,2,1,0,1,10,0,10,0,0000000,13,40,13,43,99,99,0,0,0,1,0
26,260784,2,2,0,0,0,3,3,159,0,17,12,2011,7,17,45,0,6,4,BURGESS RD,,21,42.12581667,-85.935947220,0,12,7,0,1,1,1,0,2,10,0,10,0,0000000,99,99,17,55,99,99,22,0,0,1,1
26,260785,1,1,0,1,1,1,1,121,3450,9,12,2011,6,19,29,1,13,6,SHERMAN BLVD,EMERSON BLVD,30,43.20530278,-86.261936110,0,8,0,0,1,1,1,0,3,10,0,10,0,0000000,99,99,99,99,99,99,0,0,0,1,0
26,260786,1,1,0,0,0,1,1,45,0,16,12,2011,6,0,51,0,3,3,SR-50,,22,42.55214444,-84.792716670,0,1,0,0,1,1,5,0,2,1,0,1,0,0000000,0,51,0,56,88,88,0,0,0,1,1
26,260787,1,1,0,0,0,1,1,35,0,17,12,2011,7,11,33,0,5,4,MAPLE DR,,6,43.82495278,-84.838250000,0,1,0,0,1,1,4,0,1,1,0,1,0,0000000,11,35,11,41,88,88,22,0,0,1,0
26,260788,2,2,0,0,0,2,2,165,0,15,12,2011,5,19,55,1,2,3,SR-115,S 29 RD,175,44.30210833,-85.539647220,0,12,6,0,1,1,1,0,2,4,11,4,0,0000000,19,59,20,10,99,99,0,0,0,1,1
26,260789,1,1,0,0,0,2,2,59,3984,17,12,2011,7,18,2,1,2,2,US-127,,89,41.83620833,-84.361605560,0,34,0,0,1,1,4,0,2,4,0,4,0,0000000,18,7,99,99,99,99,0,0,0,1,0
26,260790,2,2,0,0,0,2,2,41,0,17,12,2011,7,20,38,1,13,2,US-2,,229,45.81391944,-87.057402780,0,12,6,0,1,1,1,0,2,4,0,4,0,0000000,20,39,20,45,99,99,0,0,0,1,0
26,260791,2,2,0,0,0,7,7,49,0,18,12,2011,1,17,52,0,4,4,BRAY RD,LAKE RD,93,43.20813333,-83.661069440,0,12,6,0,2,2,1,0,2,1,0,1,0,0000000,17,52,18,3,99,99,22,0,0,1,0
26,260792,1,1,0,0,0,1,1,161,0,11,11,2011,6,18,17,0,15,4,ISLAND LAKE RD,,44,42.34407500,-83.901752780,0,42,0,0,1,1,4,0,2,1,0,1,0,0000000,18,18,18,20,88,88,0,0,0,1,0
26,260793,1,1,0,0,0,2,2,105,0,10,12,2011,7,23,12,0,6,4,TUTTLE RD,,21,43.97813056,-86.239586110,0,35,0,0,1,1,4,0,2,10,0,10,0,0000000,23,12,23,23,99,99,22,0,0,1,1
26,260794,1,1,0,0,0,1,1,31,0,15,12,2011,5,22,45,0,4,4,TWIN LAKES RD,,137,45.52786944,-84.295161110,0,35,0,0,1,1,4,0,2,4,0,4,0,0000000,22,48,23,12,88,88,22,0,0,1,1
26,260795,2,2,0,0,0,4,4,65,0,17,12,2011,7,15,5,1,13,3,SR-43,BON AIR RD,5,42.74105000,-84.594188890,0,12,6,0,2,2,1,0,1,4,0,4,0,0000000,15,5,15,7,99,99,0,0,0,1,0
26,260796,1,1,0,0,0,1,1,65,2700,18,12,2011,1,0,24,1,11,2,US-127,,64,42.70455833,-84.505283330,0,24,0,1,18,1,3,0,2,4,0,4,0,0000000,0,24,0,30,88,88,0,0,0,1,0
26,260797,2,2,0,1,1,2,2,163,1260,5,12,2011,2,17,45,0,15,6,PIQUETTE ST,,0,42.36647222,-83.070530560,0,8,0,0,1,1,1,0,2,4,0,4,0,0000000,99,99,99,99,99,99,0,0,0,1,0
26,260798,2,2,0,0,0,3,3,163,1260,15,12,2011,5,15,25,0,16,6,7 MILE RD,HAWTHORNE ST,6,42.43255556,-83.092622220,0,12,6,0,2,2,1,0,1,10,0,10,0,0000000,99,99,99,99,99,99,0,0,0,1,0
26,260799,2,2,0,0,0,2,2,99,4330,16,12,2011,6,16,54,0,13,6,12 MILE RD,,69,42.50926389,-82.951188890,0,12,2,0,8,1,1,0,3,10,0,10,0,0000000,17,3,17,9,99,99,0,0,0,1,0
26,260800,2,2,0,0,0,3,3,165,700,20,12,2011,3,0,5,0,14,3,SR-55,LAUREL ST,25,44.24110833,-85.401125000,0,12,6,0,2,2,1,0,3,1,0,1,0,0000000,0,5,0,9,99,99,0,0,0,2,1
26,260801,2,2,0,0,0,4,4,125,5113,21,12,2011,4,10,0,1,13,2,US-24,,11,42.65329167,-83.328088890,0,12,2,0,1,1,1,0,1,2,0,2,0,0000000,10,1,10,5,99,99,0,0,0,1,0
26,260802,2,2,0,0,0,4,4,63,0,19,12,2011,2,13,42,0,4,4,BAD AXE RD,WADSWORTH RD,50,43.75161111,-82.999272220,0,12,6,0,2,2,1,0,1,10,0,10,0,0000000,99,99,99,99,99,99,0,0,0,1,0
26,260803,2,2,0,0,0,2,2,15,0,21,12,2011,4,18,35,0,3,3,SR-37,,138,42.59596667,-85.269402780,0,12,6,0,1,1,1,0,2,2,0,2,0,0000000,18,37,18,41,99,99,0,0,0,1,1
26,260804,1,1,0,0,0,2,2,77,0,22,12,2011,5,3,17,0,6,4,KL AVE,,8,42.28085278,-85.755286110,0,42,0,0,1,1,4,0,2,2,0,2,0,0000000,3,17,3,25,99,99,0,0,0,1,1
26,260805,3,3,0,0,0,5,5,55,0,22,12,2011,5,19,14,0,4,4,GARFIELD RD,,55,44.64881111,-85.530733330,0,24,0,0,1,1,4,0,2,3,0,3,0,0000000,19,14,19,26,99,99,0,0,0,1,0
26,260807,2,2,0,0,0,2,2,87,196,19,12,2011,2,14,32,0,4,4,NEWARK RD,LAKE PLEASANT RD,79,43.00342500,-83.164580560,0,12,6,0,2,2,1,0,1,1,0,1,0,0000000,14,36,14,44,99,99,22,0,0,1,0
26,260808,1,1,0,0,0,1,1,161,0,23,12,2011,6,2,40,1,12,2,US-23,,0,42.32583056,-83.741977780,0,24,0,0,1,1,4,0,2,10,0,10,0,0000000,99,99,99,99,88,88,0,0,0,1,1
26,260809,1,1,0,0,0,2,2,55,5,22,12,2011,5,23,58,1,13,3,SR-72,,10,44.77282222,-85.480752780,0,1,0,0,1,1,4,0,2,4,0,4,0,0000000,23,58,0,6,99,99,0,0,0,1,0
26,260810,1,1,0,0,0,4,4,65,2700,24,12,2011,7,2,34,0,15,6,MARY AVE,,5,42.69116111,-84.573291670,0,5,0,0,1,1,1,0,3,10,0,10,0,0000000,2,36,2,40,88,88,0,0,0,1,1
26,260811,2,2,0,0,0,7,7,163,1210,25,12,2011,1,18,28,0,13,6,GREENFIELD,,38,42.32059722,-83.195213890,0,12,7,1,8,1,1,0,3,1,0,1,0,0000000,99,99,99,99,99,99,0,0,0,1,0
26,260812,2,2,0,0,0,4,4,99,919,26,12,2011,2,0,21,1,11,1,I-94,,175,42.67182222,-82.823952780,0,12,6,0,1,1,1,0,2,10,0,10,0,0000000,99,99,99,99,99,99,19,0,0,1,1
26,260813,1,1,0,1,1,1,1,149,4760,27,12,2011,3,18,0,0,14,3,SR-66,,39,41.81571944,-85.418683330,0,8,0,0,1,1,1,0,2,3,0,3,0,0000000,18,9,18,13,88,88,0,0,0,1,0
26,260814,1,1,0,0,0,1,1,75,0,24,12,2011,7,17,40,0,5,4,STONY LAKE RD,BENTON RD,5,42.14617222,-84.306630560,0,59,0,0,3,3,2,0,5,1,0,1,0,0000000,17,43,17,55,99,99,0,0,0,1,1
26,260815,1,1,0,0,0,2,2,163,0,25,12,2011,1,1,15,1,11,1,I-275,,213,42.37903889,-83.436983330,0,30,0,0,1,1,4,0,2,10,0,10,0,0000000,1,20,1,27,99,99,0,0,0,1,1
26,260816,1,1,0,1,1,2,2,103,4190,28,12,2011,4,17,52,1,2,3,SR-95,,108,46.38636389,-87.994872220,0,8,0,0,1,1,1,0,2,10,0,10,0,0000000,19,52,19,59,99,99,0,0,0,1,0
26,260817,2,2,0,0,0,3,3,103,4447,29,12,2011,5,10,5,0,3,3,SR-553,,148,46.48442778,-87.416044440,0,12,6,0,1,1,1,0,1,4,11,4,0,0000000,10,14,10,20,99,99,0,0,0,1,0
26,260818,1,1,0,1,1,1,1,105,0,31,12,2011,7,19,20,0,6,4,FREESOIL RD,,7,44.10860000,-86.285011110,0,8,0,0,1,1,1,0,2,10,0,10,0,0000000,19,22,19,34,99,99,22,0,0,1,0
26,260819,1,1,0,0,0,1,1,161,0,24,12,2011,7,2,4,0,4,4,WATERLOO RD,,13,42.34825000,-84.113061110,0,42,0,0,1,1,4,0,2,4,0,4,0,0000000,2,5,2,15,88,88,0,0,0,1,0
26,260820,1,1,0,1,1,3,3,57,0,29,12,2011,5,17,39,0,15,4,STATE,,67,43.37421389,-84.607152780,0,8,0,0,1,1,1,0,5,10,0,10,0,0000000,17,41,17,50,88,88,0,0,0,1,0
26,260821,1,1,0,1,1,2,2,57,4420,31,12,2011,7,18,2,1,13,3,SR-46,FRANKLIN ST,121,43.40788333,-84.605636110,0,8,0,0,3,2,1,0,2,10,0,10,0,0000000,99,99,99,99,99,99,0,0,0,1,0
26,260822,2,2,0,0,0,2,2,99,1810,15,10,2011,7,11,45,0,14,6,15 MILE,,64,42.55332222,-82.962216670,0,12,6,0,8,1,1,0,1,10,0,10,0,0000000,99,99,99,99,99,99,0,0,0,1,0
26,260823,1,1,0,1,1,1,1,163,1260,30,12,2011,6,3,30,1,11,1,I-96,,37,42.34768056,-83.097591670,0,8,0,1,18,1,1,0,2,1,0,1,0,0000000,3,30,3,52,99,99,0,0,0,1,0
26,260824,2,2,0,0,0,3,3,21,0,29,12,2011,5,7,50,0,13,2,US-12,,239,41.80136389,-86.265266670,0,12,6,0,1,1,1,0,4,2,0,2,0,0000000,8,3,8,8,99,99,0,0,0,2,0
26,260825,1,1,0,1,1,1,1,163,1260,25,12,2011,1,23,15,0,14,6,HAYES AVE,ELMDALE,4,42.41040556,-82.964552780,0,8,0,0,3,2,1,0,2,1,0,1,0,0000000,99,99,99,99,88,88,0,0,0,1,0
26,260826,1,1,0,0,0,1,1,77,2520,31,12,2011,7,2,30,0,14,6,12TH,,92,42.25402500,-85.648372220,0,42,0,0,1,1,4,0,3,10,0,10,0,0000000,99,99,99,99,88,88,0,0,0,1,1
26,260827,2,2,0,0,0,2,2,163,1260,5,10,2011,4,16,30,0,15,6,KERCHEVAL,MONTCLAIR,22,42.36733611,-82.977325000,0,12,6,0,3,2,1,0,1,1,0,1,0,0000000,99,99,99,99,88,88,0,0,0,1,1
26,260828,1,1,0,0,0,1,1,99,5110,11,12,2011,1,23,57,0,14,6,N HOOVER RD,COMMON RD,45,42.51403611,-83.007241670,0,33,0,0,3,2,4,0,3,1,0,1,0,0000000,99,99,99,99,99,99,0,0,0,1,1
26,260829,1,1,0,1,1,1,1,125,1652,14,12,2011,4,21,56,0,14,6,THIRTEEN MILE RD,,31,42.51220556,-83.417725000,0,8,0,0,1,1,1,0,2,2,0,2,0,0000000,21,56,22,0,88,88,0,0,0,1,1
26,260830,2,2,0,0,0,2,2,145,0,11,10,2011,3,10,28,0,3,3,SR-15,,44,43.45743611,-83.757963890,0,12,1,0,1,1,1,0,1,1,0,1,0,0000000,99,99,99,99,99,99,0,0,0,1,0
26,260831,1,1,0,0,0,2,2,65,0,23,12,2011,6,1,30,0,4,4,W BARNES RD,,51,42.52406389,-84.504441670,0,1,0,0,1,1,4,0,2,10,0,10,0,0000000,1,30,1,45,99,99,22,0,0,1,1
26,260832,1,1,0,1,1,1,1,163,1260,24,12,2011,7,18,5,0,13,3,SR-1,MONTCALM,61,42.33894722,-83.052175000,0,8,0,0,3,2,1,0,1,1,0,1,0,0000000,99,99,99,99,99,99,0,0,0,1,0
26,260833,2,2,0,0,0,3,3,5,0,4,12,2011,1,18,40,1,12,2,US-131,,33,42.46728333,-85.652988890,0,24,0,0,1,1,3,0,2,10,0,10,0,0000000,18,41,18,47,99,99,0,0,0,1,0
26,260834,1,1,0,1,1,1,1,163,1260,23,11,2011,4,16,35,1,13,6,E WARREN AVE,GRATIOT AVE,35,42.37402778,-83.017872220,0,8,0,0,2,2,1,0,1,1,0,1,0,0000000,99,99,99,99,99,99,0,0,0,1,0
26,260835,1,1,0,0,0,2,2,93,580,15,12,2011,5,21,58,1,11,1,I-96 RAMP 005A,,4,42.55066667,-83.795102780,0,42,0,1,5,1,5,0,3,4,0,4,0,0000000,22,3,22,26,99,99,0,0,0,1,0
26,260836,2,2,0,1,1,3,3,125,4567,31,12,2011,7,17,46,1,13,6,SOUTHFIELD,GEORGE WASHINGON,41,42.47154444,-83.221105560,0,8,0,0,2,2,1,0,2,1,0,1,0,0000000,99,99,99,99,88,88,14,0,0,1,0
26,260837,3,3,0,1,1,3,3,163,1260,14,12,2011,4,18,35,0,13,6,MCNICHOLS RD,,137,42.41438056,-83.282388890,0,8,0,0,1,1,1,0,2,2,0,2,0,0000000,99,99,99,99,99,99,14,0,0,1,0
26,260838,3,3,0,2,2,1,1,49,0,21,12,2011,4,17,19,0,14,4,PIERSON RD,,23,43.06046389,-83.777852780,0,12,1,0,1,1,1,0,2,2,0,2,0,0000000,99,99,99,99,99,99,19,0,0,1,0
26,260839,1,1,0,1,1,2,2,49,0,2,12,2011,6,21,52,1,11,1,I-75,,131,43.01080278,-83.747961110,0,8,0,0,1,1,1,0,2,1,0,1,0,0000000,99,99,99,99,99,99,0,0,0,1,0
26,260840,2,2,0,1,1,3,3,163,1260,9,12,2011,6,7,25,1,13,3,SR-3,E FOREST AVE,29,42.37061389,-83.020086110,0,8,0,0,3,7,1,0,3,4,11,4,0,0000000,99,99,99,99,88,88,14,0,0,1,0
26,260841,1,1,0,0,0,1,1,9,0,31,12,2011,7,13,31,0,6,4,WINTER HAVEN RD,,2,44.93834444,-84.875413890,0,42,0,0,1,1,4,0,1,1,0,1,0,0000000,13,32,13,40,99,99,0,0,0,1,1
26,260842,1,1,0,1,1,1,1,53,2470,20,12,2011,3,13,39,0,15,6,SUFFOLK RD,MCCLEOD AVE,5,46.45392500,-90.167555560,0,8,0,0,3,2,1,0,1,1,0,1,0,0000000,13,39,13,42,99,99,0,0,0,1,0
27,270001,2,2,0,0,0,2,2,139,0,3,1,2011,2,15,46,0,14,3,SR-41 0300000041,,12,44.77828333,-93.594450000,0,12,2,0,1,1,1,0,1,4,0,4,0,0000000,15,48,16,0,99,99,0,0,0,1,0
27,270002,2,2,0,0,0,3,3,53,4760,4,1,2011,3,13,10,0,14,4,E 46 ST 0427000046,PARK AVE S,11,44.91973889,-93.265152780,0,12,6,0,2,2,1,0,1,1,10,10,0,0000000,13,10,13,14,13,35,0,0,0,2,0
27,270003,2,2,0,0,0,3,3,117,3370,4,1,2011,3,22,6,1,2,3,SR-23 0300000023,,385,44.08573056,-96.196519440,0,12,2,0,1,1,1,0,2,1,0,1,0,0000000,22,6,99,99,99,99,0,0,0,2,1
27,270004,2,2,0,0,0,4,4,157,0,9,1,2011,1,13,33,1,2,2,US-61 0200000061,,667,44.41069167,-92.162975000,0,12,6,0,1,1,1,0,1,1,0,1,0,0000000,13,33,99,99,99,99,0,0,0,1,0
27,270005,1,1,0,1,1,1,1,53,4495,15,1,2011,7,7,17,1,11,1,I-494 0100000494,,262,45.06733333,-93.447711110,0,8,0,1,18,1,2,0,4,4,0,4,0,0000000,99,99,99,99,88,88,19,0,0,1,0
27,270006,2,2,0,0,0,2,2,139,5130,17,1,2011,2,7,49,0,3,4,260 ST E 0470000002,XERXES AVE,152,44.57333333,-93.318580560,0,12,6,0,2,2,1,0,1,10,0,10,0,0000000,7,49,99,99,99,99,0,0,0,1,0
27,270007,2,2,0,0,0,2,2,75,0,13,1,2011,5,14,14,1,2,3,SR-61 0300000061,,328,47.09393056,-91.574947220,0,12,6,0,1,1,1,0,1,4,0,4,0,0000000,14,10,14,24,14,58,0,0,0,1,0
27,270008,1,1,0,0,0,1,1,13,4480,22,1,2011,7,2,13,1,12,2,US-14 0200000014,,1333,44.19036667,-93.989533330,0,1,0,0,1,1,3,0,3,11,10,11,0,0000000,2,13,2,19,88,88,0,0,0,1,1
27,270009,3,3,0,0,0,4,4,85,3460,21,1,2011,6,15,22,0,14,4,N HIGH DR 0443000012,SCHOOL RD SW,18,44.90832222,-94.388372220,0,12,2,0,2,3,1,0,1,4,10,4,0,0000000,15,24,15,29,15,50,0,0,0,1,0
27,270010,1,1,0,0,0,1,1,107,0,24,1,2011,2,7,20,0,4,4,CR 1 0454000001,,65,47.48490556,-96.398672220,0,2,0,0,1,1,1,0,9,6,4,4,0,0000000,88,88,88,88,88,88,23,0,0,1,0
27,270011,1,1,0,0,0,1,1,115,3240,24,1,2011,2,13,13,0,5,4,5TH AV SW 0458000012,,38,45.86823333,-93.118297220,0,10,0,0,6,1,1,0,1,4,10,4,0,061523W,13,14,13,22,99,99,0,0,0,1,0
27,270013,1,1,0,0,0,1,1,123,6330,30,1,2011,1,5,26,1,13,2,US-61 0200000061,,1340,44.93553333,-93.030305560,0,42,0,0,1,1,4,0,3,10,0,10,0,0000000,99,99,5,43,88,88,0,0,0,1,1
27,270014,2,2,0,0,0,2,2,171,0,31,1,2011,2,8,38,0,2,3,SR-55,,1613,45.11569722,-93.800019440,0,12,2,0,1,1,1,0,1,4,0,4,0,0000000,8,38,8,45,9,48,0,0,0,1,0
27,270015,2,2,0,0,0,4,4,9,0,1,2,2011,3,15,42,0,4,4,CR 4 0405000004,165 AVE NE,189,45.66258056,-93.822825000,0,12,6,0,2,2,1,0,1,10,0,10,0,0000000,15,44,16,1,17,26,0,0,0,2,0
27,270016,1,1,0,1,1,1,1,123,6330,3,2,2011,5,11,33,0,14,4,MARION ST 0460000056,UNIVERSITY AVE,4,44.95572500,-93.109188890,0,8,0,0,3,2,1,0,1,1,0,1,0,0000000,11,33,11,41,12,5,0,0,0,1,0
27,270017,2,2,0,0,0,2,2,109,0,3,2,2011,5,18,36,0,3,4,WHT BRDG 0455000012,,78,44.17305833,-92.520827780,0,12,6,0,1,1,1,0,2,1,0,1,0,0000000,18,36,18,55,88,88,0,0,0,1,0
27,270018,1,1,0,0,0,1,1,99,0,1,2,2011,3,11,35,0,4,4,CR 4 0450000004,,51,43.60876111,-92.956641670,0,10,0,0,6,1,1,0,1,11,0,11,0,380076C,11,35,11,46,88,88,0,0,0,1,0
27,270019,2,2,0,0,0,2,2,137,0,3,2,2011,5,22,7,1,2,2,US-2 0200000002,,2432,46.84711944,-92.491997220,0,12,2,0,1,1,1,0,2,10,0,10,0,0000000,22,2,22,23,22,45,0,0,0,1,0
27,270020,2,2,0,0,0,5,5,115,0,4,2,2011,6,22,34,1,2,3,SR-23 0300000023,,2606,45.93059444,-93.134125000,0,12,6,0,1,1,1,0,2,1,0,1,0,0000000,22,34,22,45,23,13,0,0,0,1,1
27,270021,2,2,0,0,0,3,3,3,1982,5,2,2011,7,5,16,0,13,3,SR-65 0300000065,221 AVE NE,293,45.37060278,-93.236413890,0,12,6,0,2,2,1,0,2,5,0,5,0,0000000,99,99,99,99,99,99,0,0,0,1,0
27,270022,1,1,0,1,1,1,1,123,7550,6,2,2011,1,4,30,0,16,6,HIGHLAND 0540900102,,1,45.05171667,-93.020458330,0,15,0,0,1,1,1,0,3,4,0,4,0,0000000,4,30,4,40,5,16,0,0,0,1,0
27,270023,1,1,0,0,0,1,1,145,0,9,2,2011,4,16,16,0,4,3,SR-238 0300000238,,86,45.72195833,-94.595113890,0,1,0,0,1,1,4,0,1,1,0,1,0,0000000,16,18,99,97,99,97,0,0,0,1,1
27,270024,2,2,0,0,0,2,2,43,0,7,2,2011,2,12,35,0,6,5,150 ST 0822000087,,5,43.70270000,-93.857208330,0,12,2,0,1,1,1,0,1,11,0,11,0,0000000,12,35,12,48,99,99,0,0,0,1,0
27,270025,3,2,1,0,1,3,4,45,0,11,2,2011,6,21,53,1,2,2,US-63 0200000063,TWP RD 430,104,43.64555000,-92.389338890,0,12,1,0,3,2,1,2,2,11,0,11,0,0000000,21,53,22,3,99,99,0,0,0,1,0
27,270026,2,2,0,0,0,2,2,19,1430,17,2,2011,5,9,29,1,2,2,US-212 0200000212,SR-284,1383,44.76541944,-93.781263890,0,12,6,0,2,2,1,0,1,5,0,5,0,0000000,9,31,9,35,88,88,0,0,0,1,0
27,270027,2,2,0,0,0,4,4,119,0,17,2,2011,5,16,8,0,3,4,CR 11 0460000011,,46,47.78931944,-96.516241670,0,12,2,0,1,1,1,0,1,3,11,11,0,0000000,16,10,16,17,99,99,0,0,0,2,0
27,270028,1,1,0,1,1,1,1,127,5850,17,2,2011,5,11,33,0,16,6,E 2 ST 1031800076,S WASHINGTON ST,1,44.54045833,-95.117880560,0,8,0,0,3,2,1,0,1,1,0,1,0,0000000,11,33,11,36,99,99,0,0,0,1,0