STATE,ST_CASE,VE_TOTAL,VE_FORMS,PVH_INVL,PEDS,PERNOTMVIT,PERMVIT,PERSONS,COUNTY,CITY,DAY,MONTH,YEAR,DAY_WEEK,HOUR,MINUTE,NHS,ROAD_FNC,ROUTE,TWAY_ID,TWAY_ID2,MILEPT,LATITUDE,LONGITUD,SP_JUR,HARM_EV,MAN_COLL,RELJCT1,RELJCT2,TYP_INT,REL_ROAD,WRK_ZONE,LGT_COND,WEATHER1,WEATHER2,WEATHER,SCH_BUS,RAIL,NOT_HOUR,NOT_MIN,ARR_HOUR,ARR_MIN,HOSP_HR,HOSP_MN,CF1,CF2,CF3,FATALS,DRUNK_DR
27,270029,2,2,0,0,0,4,4,157,3890,7,2,2011,2,12,13,0,16,6,W ELM ST 1020910032,S 7 ST,1,44.44213611,-92.268052780,0,12,6,0,2,2,1,0,1,10,0,10,0,0000000,12,13,99,99,99,99,0,0,0,1,0
27,270030,2,2,0,0,0,3,3,169,0,17,2,2011,5,12,52,0,2,3,SR-43 0300000043,CO RD 12,351,43.95989444,-91.685861110,0,12,6,0,2,4,1,0,1,5,0,5,0,0000000,99,99,99,99,99,99,0,0,0,1,0
27,270031,3,3,0,0,0,5,5,97,0,21,2,2011,2,18,49,0,3,3,SR-27 0300000027,,1327,45.97693333,-94.431908330,0,12,2,0,1,1,1,0,2,10,0,10,0,0000000,18,51,19,1,20,0,0,0,0,3,0
27,270032,2,2,0,0,0,2,2,145,6250,21,2,2011,2,15,26,1,11,1,I-94 0100000094,,1671,45.49789167,-94.240383330,0,23,0,1,18,1,4,0,1,4,0,4,0,0000000,15,26,15,40,15,55,0,0,0,1,0
27,270033,2,2,0,0,0,2,2,33,0,22,2,2011,3,8,3,0,3,3,SR-30 0300000030,,647,44.04670556,-95.293083330,0,12,2,0,1,1,1,0,1,5,10,5,0,0000000,8,4,8,17,88,88,4,0,0,1,0
27,270034,2,2,0,0,0,2,2,137,0,23,2,2011,4,20,5,0,4,4,HWY 133 0469000133,,194,47.07138889,-92.650761110,0,12,6,0,1,1,1,0,2,4,0,4,0,0000000,20,8,20,13,88,88,0,0,0,1,1
27,270035,1,1,0,0,0,1,1,43,0,26,2,2011,7,11,44,0,6,5,480 AVE 0822000049,,54,43.57830000,-93.908252780,0,10,0,0,6,1,1,0,1,4,0,4,0,195429E,11,42,99,99,88,88,0,0,0,1,0
27,270036,2,2,0,0,0,2,2,139,0,2,3,2011,4,16,37,1,2,2,US-169 0200000169,DELAWARE AVE,962,44.65702500,-93.675291670,0,12,6,0,2,2,1,0,1,10,0,10,0,0000000,16,37,16,50,88,88,0,0,0,1,1
27,270037,2,2,0,0,0,4,4,53,820,5,3,2011,7,22,27,1,12,3,SR-100 RAMP 03000100,57 AVE N,149,45.05870278,-93.307783330,0,12,6,1,2,2,1,0,3,1,0,1,0,0000000,22,27,99,99,99,99,0,0,0,2,1
27,270039,1,1,0,1,1,1,1,145,7260,11,3,2011,6,20,5,0,14,6,2 AVE N 0539450102,1 ST N,10,45.55524167,-94.218994440,0,8,0,0,3,2,1,0,3,4,10,4,0,0000000,20,9,99,99,88,88,0,0,0,1,0
27,270040,2,2,0,0,0,2,2,93,0,9,3,2011,4,7,53,0,4,4,CR 14 0447000014,195TH ST,41,45.03055278,-94.409277780,0,12,6,0,2,2,1,0,1,4,0,4,0,0000000,7,53,8,27,8,53,0,0,0,1,0
27,270041,2,2,0,0,0,3,3,37,0,15,3,2011,3,12,14,0,3,3,SR-56,,947,44.53763056,-93.000583330,0,12,2,0,1,1,1,0,1,10,0,10,0,0000000,12,15,99,98,88,88,0,0,0,2,0
27,270042,2,2,0,0,0,2,2,101,6560,15,3,2011,3,12,12,0,3,3,SR-30 0300000030,ERLANDSON AVE,348,43.99308333,-95.768783330,0,12,1,0,3,3,1,0,1,1,0,1,0,0000000,12,22,12,29,88,88,0,0,0,1,0
27,270043,1,1,0,1,1,1,1,163,3910,17,3,2011,5,20,43,1,13,3,SR-36 0300000036,KEATS AVE,148,45.03578056,-92.903755560,0,8,0,0,3,2,1,0,2,1,0,1,0,0000000,20,43,20,55,88,88,17,0,0,1,0
27,270044,1,1,0,0,0,1,1,53,5732,18,3,2011,6,0,15,0,15,6,W MEDICIN 0531050171,,17,45.00737222,-93.432105560,0,48,0,0,1,1,4,0,3,10,0,10,0,0000000,0,15,99,99,88,88,0,0,0,1,1
27,270045,1,1,0,0,0,4,4,49,0,19,3,2011,7,2,15,0,5,4,CR 30 0425000030,,27,44.31994444,-92.934194440,0,35,0,0,1,1,4,0,2,5,0,5,0,0000000,2,18,2,40,3,30,0,0,0,1,1
27,270047,4,4,0,0,0,9,9,53,2475,24,3,2011,5,11,37,1,12,3,SR-5 0300000005,,622,44.86671389,-93.202005560,0,12,2,0,1,1,1,0,1,10,0,10,0,0000000,11,37,11,50,99,99,0,0,0,1,0
27,270048,1,1,0,0,0,4,4,95,0,24,3,2011,5,8,3,0,5,4,CR 5  0448000005,,60,45.66538333,-93.666741670,0,1,0,0,1,1,5,0,1,11,0,11,0,0000000,8,1,8,11,88,88,0,0,0,1,0
27,270049,3,3,0,0,0,4,4,133,0,29,3,2011,3,6,26,1,1,1,I-90  0100000090,,173,43.63762222,-96.117138890,0,12,6,0,1,1,1,0,4,1,0,1,0,0000000,6,28,99,99,7,15,0,0,0,2,0
27,270050,2,2,0,0,0,5,5,37,0,29,3,2011,3,8,42,1,2,2,US-52 0200000052,,1045,44.58207222,-92.976219440,0,12,1,0,1,1,1,0,1,1,0,1,0,0000000,8,42,8,48,88,88,0,0,0,1,0
27,270051,2,2,0,0,0,4,4,53,820,26,3,2011,7,14,42,1,12,3,SR-100 RAMP 03100,57 AVE N,149,45.05881111,-93.307627780,0,12,6,1,2,2,1,0,1,1,0,1,0,0000000,14,42,14,49,15,6,0,0,0,1,0
27,270052,2,2,0,0,0,2,2,109,5960,23,3,2011,4,7,46,0,13,4,37 ST NE 0455000022,,114,44.06113056,-92.461655560,0,12,6,0,1,1,1,0,1,4,0,4,0,0000000,7,46,7,55,99,99,0,0,0,1,0
27,270053,1,1,0,0,0,1,1,75,0,1,4,2011,6,0,1,1,2,3,SR-61 0300000061,CR 3,285,47.04870000,-91.629575000,0,42,0,0,3,3,4,0,2,10,0,10,0,0000000,88,88,88,88,88,88,0,0,0,1,1
27,270054,1,1,0,0,0,1,1,137,0,1,4,2011,6,10,0,1,2,3,SR-61 0300000061,,169,46.93971667,-91.807525000,0,42,0,0,1,1,4,0,1,4,0,4,0,0000000,10,1,10,17,10,58,0,0,0,1,0
27,270055,1,1,0,0,0,3,3,53,820,7,4,2011,5,0,12,0,15,4,57TH AVE 0427000057,,20,45.05871111,-93.307919440,0,24,0,0,1,1,4,0,2,1,0,1,0,0000000,0,12,0,20,99,99,0,0,0,1,0
27,270056,2,2,0,0,0,2,2,129,0,11,4,2011,2,11,5,0,6,4,610 AVE 0765000077,480TH ST,5,44.47080556,-94.705152780,0,12,6,0,2,2,1,0,1,1,0,1,0,0000000,11,7,11,12,12,0,0,0,0,1,1
27,270057,2,2,0,0,0,3,3,139,5770,13,4,2011,4,17,32,0,14,4,MYSTIC LAKE 04 70 83,SIOUX TRAIL NW,9,44.73705000,-93.470533330,3,12,6,0,2,3,1,0,1,10,0,10,0,0000000,17,32,17,36,18,10,0,0,0,1,0
27,270058,1,1,0,0,0,2,2,137,0,14,4,2011,5,2,15,1,2,2,US-52 0200000052,,246,46.95900556,-92.461158330,0,35,0,0,1,1,4,0,3,10,0,10,0,0000000,88,88,88,88,88,88,0,0,0,1,1
27,270059,2,1,1,0,0,1,1,53,4760,13,4,2011,4,16,3,0,16,6,UPTON ABE 0525850201,,4,44.91009444,-93.315019440,0,14,0,0,1,1,7,0,1,1,0,1,0,0000000,99,99,99,99,88,88,0,0,0,1,0
27,270060,2,2,0,0,0,3,3,43,0,15,4,2011,6,20,41,1,1,1,I-90 0100000090,,1354,43.64900556,-93.791013890,0,23,0,0,1,1,4,0,2,3,0,3,0,0000000,20,42,20,56,21,48,0,0,0,1,0
27,270061,2,2,0,0,0,2,2,19,0,18,4,2011,2,4,3,0,2,3,SR-7 0300000007,CR 23,1660,44.90549722,-93.889952780,0,12,6,0,2,2,1,0,2,1,0,1,0,0000000,4,5,4,17,99,99,0,0,0,1,0
27,270062,5,5,0,0,0,6,6,145,6250,15,4,2011,6,16,59,1,13,3,SR-23 0300000023,WAITE AVE S,1997,45.54970000,-94.213802780,0,12,6,0,2,2,1,0,1,10,0,10,0,0000000,17,3,17,12,99,99,0,0,0,1,0
27,270063,2,2,0,0,0,2,2,53,4760,19,4,2011,3,23,55,1,11,1,I-94 0100000094,,2295,45.00950000,-93.282800000,0,12,2,0,1,1,1,0,3,3,0,3,0,0000000,23,59,0,3,88,88,0,0,0,2,1
27,270064,1,1,0,1,1,3,3,53,4760,15,4,2011,6,21,30,0,3,6,HENNEPIN 0525850425,LAKE ST,7,44.94842500,-93.298297220,0,8,0,0,3,2,1,0,3,2,4,4,0,0000000,21,32,21,33,21,36,0,0,0,1,0
27,270065,1,1,0,1,1,1,1,53,4760,21,4,2011,5,7,48,0,14,4,4 ST SE 0427000037,15 AVE SE,5,44.97995000,-93.234394440,0,9,0,0,2,2,1,0,1,1,0,1,0,0000000,7,51,8,11,88,88,0,0,0,1,0
27,270066,1,1,0,0,0,1,1,107,10,23,4,2011,7,23,39,0,3,3,SR-9,,1920,47.28245556,-96.500533330,0,59,0,0,1,1,4,0,2,1,0,1,0,0000000,23,39,99,98,88,88,0,0,0,1,1
27,270067,1,1,0,0,0,1,1,137,0,23,4,2011,7,16,29,0,5,4,CR 47 0469000047,,66,47.02246944,-92.618308330,0,35,0,0,1,1,4,8,8,10,0,10,0,0000000,16,29,16,46,88,88,0,0,0,1,1
27,270068,1,1,0,1,1,1,1,169,7660,25,4,2011,2,8,25,0,14,4,SARNIA ST 0485000032,CHIPPEWA ST,47,44.04783333,-91.658852780,0,9,0,0,3,3,1,0,1,1,0,1,1,0000000,8,29,99,99,88,88,0,0,0,1,0
27,270069,2,2,0,0,0,2,2,17,0,26,4,2011,3,23,44,1,2,3,SR-210,,2150,46.66387778,-92.501922220,0,12,2,0,1,1,1,0,2,2,0,2,0,0000000,23,44,0,0,2,0,0,0,0,1,1
27,270070,1,1,0,0,0,1,1,141,0,24,4,2011,1,1,30,0,4,4,CR 5 NW 0471000005,,30,45.37480556,-93.753061110,0,30,0,0,1,1,4,0,2,5,0,5,0,0000000,1,32,1,40,88,88,0,0,0,1,1
27,270071,1,1,0,0,0,1,1,93,0,27,4,2011,4,3,47,0,6,5,677 AVE 0847000306,395 ST,1,45.31902222,-94.404280560,0,1,0,0,1,1,1,0,6,2,0,2,0,0000000,3,47,3,54,88,88,0,0,0,1,1
27,270072,2,2,0,0,0,4,4,139,490,30,4,2011,7,19,51,0,16,6,MERIDIAN 0502700119,CHURCH ST E,1,44.62405000,-93.768244440,0,12,6,0,2,2,1,0,1,10,0,10,0,0000000,19,51,20,0,88,88,0,0,0,1,1
27,270073,1,1,0,0,0,1,1,111,0,30,4,2011,7,0,41,0,6,5,310TH AVE 0856000985,,17,46.30706111,-95.841744440,0,3,0,0,1,1,5,0,2,2,0,2,0,0000000,0,41,99,99,99,99,0,0,0,1,1
27,270074,2,2,0,0,0,2,2,145,0,3,5,2011,3,14,11,0,2,3,SR-15,,1351,45.36531111,-94.281977780,0,12,6,0,1,1,2,0,1,1,0,1,0,0000000,14,11,14,30,15,30,0,0,0,1,0
27,270075,1,1,0,0,0,1,1,139,6510,7,5,2011,7,15,20,1,13,2,US-169 RAMP,CR 18,1143,44.78725833,-93.413694440,0,24,0,1,5,1,4,0,1,10,0,10,0,0000000,15,20,15,25,88,88,0,0,0,1,0
27,270076,1,1,0,0,0,3,3,147,0,1,5,2011,1,3,8,0,5,4,70 AVE NW 0474000011,,11,44.19505833,-93.341608330,0,1,0,0,1,1,2,0,2,1,0,1,0,0000000,3,17,3,36,4,27,0,0,0,1,0
27,270077,1,1,0,0,0,1,1,7,0,7,5,2011,7,4,49,0,4,4,BEMIDJI R 0404000021,,98,47.60078056,-94.757016670,0,59,0,0,1,1,4,0,4,1,0,1,0,0000000,4,49,99,99,99,99,20,0,0,1,1
27,270078,2,2,0,0,0,3,3,1,0,8,5,2011,1,10,48,1,2,2,US-169,,2829,46.96067222,-93.602941670,0,12,2,0,1,1,1,0,1,1,0,1,0,0000000,10,50,11,9,11,41,0,0,0,1,1
27,270079,1,1,0,0,0,2,2,111,0,8,5,2011,1,2,2,0,6,5,LIBERTYDR 0856000241,LIBERTY LN,11,46.31312222,-95.552941670,0,59,0,0,1,1,4,0,2,10,0,10,0,0000000,2,30,2,37,3,30,0,0,0,1,1
27,270080,1,1,0,0,0,2,2,169,0,29,4,2011,6,19,4,0,4,4,CR 25 0485000025,,344,44.18608611,-91.870763890,0,24,0,0,1,1,4,0,1,10,0,10,0,0000000,19,5,19,20,20,14,0,0,0,1,1
27,270081,1,1,0,0,0,1,1,45,6130,9,5,2011,2,16,35,0,3,3,SR-16,,2492,43.79988611,-91.798838890,0,42,0,0,1,1,4,0,1,10,0,10,0,0000000,16,35,99,99,88,88,0,0,0,1,0
27,270082,1,1,0,0,0,2,2,79,0,10,5,2011,3,12,38,0,3,3,SR-19,11TH AVE SW,1504,44.54376389,-93.597219440,0,33,0,0,3,6,3,0,1,10,0,10,0,0000000,12,38,12,48,13,10,0,0,0,1,0
27,270083,1,1,0,0,0,3,3,3,1492,11,5,2011,4,15,21,1,12,2,US-10 RAMP,FOLEY BLVD,2339,45.15389167,-93.275111110,0,59,0,1,5,1,8,0,1,1,0,1,0,0000000,15,21,99,99,99,99,0,0,0,1,0
27,270084,2,2,0,0,0,5,5,141,0,13,5,2011,6,18,7,0,6,5,136 ST 0871000103,,27,45.52089444,-93.614038890,0,12,2,0,1,1,1,0,1,10,0,10,0,0000000,18,7,99,99,99,99,0,0,0,1,0
27,270086,2,2,0,0,0,3,3,37,1945,16,5,2011,2,19,45,0,14,4,LEXINGTON 0419000043,SAVANNAH RD,20,44.81671111,-93.146811110,0,12,6,0,2,3,1,0,1,1,0,1,0,0000000,19,45,19,50,88,88,0,0,0,1,0
27,270087,2,2,0,0,0,2,2,109,5960,11,5,2011,4,14,38,0,14,6,11 AVE SE 0532350110,E CENTER ST,3,44.02350556,-92.448808330,0,12,6,0,2,2,1,0,1,10,0,10,0,0000000,14,38,14,42,14,56,0,0,0,1,0
27,270088,2,2,0,0,0,2,2,157,0,17,5,2011,3,6,2,1,2,2,US-61,,552,44.32058333,-92.001469440,1,12,1,0,1,1,1,0,1,1,0,1,0,0000000,6,2,99,99,99,99,0,0,0,1,0
27,270089,2,2,0,0,0,2,2,53,4495,18,5,2011,4,16,13,1,11,1,I-494,,267,45.07391389,-93.446194440,0,12,1,0,1,1,1,0,1,1,0,1,0,0000000,16,13,99,99,99,99,0,0,0,1,0
27,270090,2,2,0,0,0,2,2,95,0,19,5,2011,5,10,51,1,2,2,US-169,,1960,45.88455556,-93.663580560,0,12,2,0,1,1,1,0,1,10,0,10,0,0000000,10,53,11,22,11,51,0,0,0,1,1
27,270091,2,2,0,0,0,2,2,19,1430,19,5,2011,5,15,12,1,2,2,US-212,SR-284,1383,44.76542222,-93.781266670,0,12,6,0,2,2,1,0,1,10,0,10,0,0000000,15,15,15,21,15,52,0,0,0,1,0
27,270092,1,1,0,0,0,1,1,17,0,21,5,2011,7,1,43,1,2,3,SR-210,,2070,46.67304722,-92.670019440,3,1,0,0,1,1,4,0,2,10,0,10,0,0000000,1,43,2,0,99,99,0,0,0,1,1
27,270094,2,2,0,0,0,4,4,67,5765,22,5,2011,1,14,26,0,3,3,SR-7,,1004,44.93403056,-95.184955560,0,12,2,0,1,1,1,0,1,10,0,10,0,0000000,14,27,14,40,15,22,0,0,0,2,0
27,270095,2,2,0,0,0,2,2,153,4250,22,5,2011,1,16,15,0,3,3,SR-27,,1127,45.97529444,-94.848166670,0,12,6,0,1,1,1,0,1,2,0,2,0,0000000,99,99,99,99,99,99,0,0,0,1,0
27,270096,1,1,0,0,0,3,3,53,4626,21,5,2011,7,21,32,0,15,4,HAMEL RD 0427000115,,9,45.04074444,-93.617675000,0,42,0,0,1,1,4,0,2,10,0,10,0,0000000,21,33,21,47,22,24,0,0,0,2,1
27,270097,2,2,0,0,0,3,3,141,6250,23,5,2011,2,9,49,1,13,2,US-10,SR-301,1821,45.54243333,-94.110688890,0,12,6,0,2,3,1,0,1,10,0,10,0,0000000,99,99,99,99,99,99,0,0,0,1,0
27,270098,2,2,0,0,0,3,3,13,0,24,5,2011,3,17,6,1,2,2,US-14,CR 17,1379,44.16315000,-93.867786110,0,12,6,0,2,2,1,0,1,10,0,10,0,0000000,17,6,17,11,18,36,0,0,0,2,0
27,270099,1,1,0,0,0,1,1,123,7550,25,5,2011,4,4,18,0,14,2,US-61,SR-96,1476,45.09332778,-93.006161110,0,46,0,0,3,3,4,0,3,10,2,2,0,0000000,4,18,4,25,88,88,0,0,0,1,0
27,270100,3,3,0,0,0,6,6,53,4760,25,5,2011,4,18,22,0,14,4,LAKE ST E 0427000003,40TH AVE S,155,44.94836111,-93.215286110,0,12,6,0,2,2,1,0,1,1,0,1,0,0000000,18,25,18,29,18,45,20,0,0,1,1
27,270101,1,1,0,0,0,1,1,55,0,1,6,2011,4,6,41,0,4,4,CR 6 0428000006,,14,43.83930556,-91.427952780,0,11,0,0,1,1,1,0,4,1,0,1,0,0000000,6,41,6,54,99,99,0,0,0,1,0
27,270102,2,2,0,0,0,4,4,171,0,3,6,2011,6,15,26,0,4,4,CR 75 0486000075,,37,45.38531944,-94.008555560,0,12,6,0,1,1,1,0,1,1,0,1,0,0000000,15,30,15,47,99,99,0,0,0,1,0
27,270103,2,2,0,0,0,3,3,79,0,5,6,2011,1,18,11,0,3,3,SR-13,,550,44.36283889,-93.606147220,0,1,0,0,1,1,1,0,1,1,0,1,0,0000000,18,11,18,22,88,88,0,0,0,1,0
27,270104,1,1,0,0,0,1,1,35,0,4,6,2011,7,17,5,0,4,4,CR 8      0418000008,,145,46.30130000,-93.986241670,0,1,0,0,1,1,1,0,1,1,0,1,0,0000000,17,8,17,20,88,88,0,0,0,1,1
27,270105,1,1,0,0,0,4,4,137,1900,3,6,2011,6,1,0,0,14,3,SR-23,SR-210,3320,46.66077222,-92.280613890,0,33,0,0,3,3,3,0,3,10,0,10,0,0000000,1,1,1,22,1,53,0,0,0,1,1
27,270106,1,1,0,0,0,2,2,161,0,7,6,2011,3,11,17,0,3,3,SR-30,,1631,43.89165556,-93.617294440,0,1,0,0,1,1,4,0,2,1,0,1,0,0000000,99,99,12,52,99,99,0,0,0,1,1
27,270107,2,2,0,0,0,2,2,131,0,7,6,2011,3,13,48,0,4,4,CR 46     0466000046,,21,44.35767222,-93.302572220,0,12,6,0,8,1,1,0,1,1,0,1,0,0000000,13,48,14,6,99,99,0,0,0,1,0
27,270108,1,1,0,0,0,1,1,129,0,9,6,2011,5,11,40,0,4,4,CR 1      0465000001,,220,44.88015000,-95.097455560,0,1,0,0,1,1,4,0,1,1,0,1,0,0000000,11,41,12,0,88,88,0,0,0,1,0
27,270109,2,2,0,0,0,2,2,111,0,12,6,2011,1,17,52,0,5,4,CR 15     0456000015,,10,46.11939444,-96.183380560,0,12,1,0,1,1,1,0,1,1,0,1,0,0000000,17,52,99,99,99,99,0,0,0,1,0
27,270110,1,1,0,0,0,1,1,163,4561,14,6,2011,3,16,50,0,3,4,OSTRUM TR 0482000004,,106,45.20811111,-92.782477780,0,42,0,0,1,1,5,0,1,10,0,10,0,0000000,16,52,17,8,99,99,0,0,0,1,0
27,270111,2,2,0,0,0,3,3,35,420,12,6,2011,1,12,47,1,13,3,SR-371,,277,46.35442778,-94.244444440,0,12,7,0,1,1,1,2,1,10,0,10,0,0000000,12,47,12,53,13,3,0,0,0,1,0
27,270112,1,1,0,0,0,1,1,113,0,17,6,2011,6,9,58,0,6,4,130 ST SE 0757000053,,285,47.97887778,-95.742527780,0,1,0,0,1,1,4,0,1,1,0,1,0,0000000,10,15,10,36,10,57,0,0,0,1,0
27,270113,1,1,0,0,0,2,2,53,4760,17,6,2011,6,22,24,1,11,1,I-35W,SR-62 ENTRANCE RAMP,117,44.89290833,-93.275611110,0,24,0,1,3,4,3,0,3,2,0,2,0,0000000,22,24,22,28,99,99,0,0,0,1,1
27,270114,2,2,0,0,0,5,5,25,0,17,6,2011,6,18,7,0,4,4,OLINDA TR 0413000025,MORGAN AVE,51,45.35961111,-92.834958330,0,12,2,0,2,3,1,0,1,1,0,1,0,0000000,18,7,99,99,99,99,0,0,0,3,0
27,270115,1,1,0,1,1,1,1,123,4205,14,6,2011,3,13,9,0,16,6,COUNTRYDR 0522800101,SPRUCE ST,15,45.04110278,-93.100602780,0,8,0,0,3,3,1,0,1,1,0,1,0,0000000,99,99,99,99,99,99,0,0,0,1,0
27,270116,1,1,0,0,0,4,4,95,0,22,6,2011,4,1,46,1,2,2,US-169,,2253,46.21414444,-93.792705560,0,35,0,0,1,1,4,0,2,2,6,2,0,0000000,1,46,1,58,2,31,0,0,0,1,1
27,270117,1,1,0,0,0,3,3,53,4760,13,6,2011,2,23,55,0,16,6,UPTON AVN 1025850306,21 AVE N,11,45.00008611,-93.314600000,0,42,0,0,1,1,4,0,3,1,0,1,0,0000000,23,58,0,2,0,24,0,0,0,1,1
27,270118,1,1,0,0,0,2,2,47,0,18,6,2011,7,15,25,0,15,4,180 ST 0424000019,,41,43.61273611,-93.291247220,0,35,0,0,1,1,5,0,1,10,0,10,0,0000000,15,25,15,30,16,31,0,0,0,1,0
27,270119,1,1,0,0,0,2,2,97,0,23,6,2011,5,0,42,0,4,4,GROUSE RD 0749000213,,28,46.00375833,-94.370158330,0,35,0,0,1,1,4,0,2,10,0,10,0,0000000,0,42,0,55,88,88,0,0,0,2,1
27,270120,2,2,0,0,0,4,4,109,0,24,6,2011,6,2,38,1,2,2,US-14,,2102,44.02790278,-92.582450000,0,12,2,0,1,1,1,0,2,1,0,1,0,0000000,2,38,99,99,99,99,0,0,0,2,1
27,270121,2,2,0,0,0,3,3,53,1570,26,6,2011,1,8,46,0,14,4,ORCHARD A 0427000010,,228,45.05952500,-93.339833330,0,12,2,0,1,1,1,0,1,1,0,1,0,0000000,99,99,99,99,99,99,0,0,0,1,0
27,270122,2,2,0,0,0,2,2,3,5788,25,6,2011,7,8,28,0,15,4,CR 7      0402000007,,79,45.29356389,-93.388466670,0,12,2,0,1,1,1,0,1,10,0,10,0,0000000,8,28,99,99,99,99,0,0,0,1,1
27,270123,1,1,0,1,1,1,1,95,0,30,6,2011,5,23,20,1,2,2,US-169,,2232,46.19581944,-93.763344440,3,8,0,0,1,1,1,0,2,10,0,10,0,0000000,23,23,23,35,23,48,0,0,0,1,0
27,270124,1,1,0,0,0,1,1,99,0,30,6,2011,5,0,18,0,6,4,CR 4      0450000004,,23,43.60493056,-93.006586110,0,35,0,0,1,1,4,0,2,1,0,1,0,0000000,88,88,88,88,88,88,0,0,0,1,1
27,270125,2,2,0,0,0,2,2,37,202,30,6,2011,5,16,45,0,14,4,PILOT KNB 0419000031,157 ST W,87,44.72098889,-93.176808330,0,12,6,0,2,2,1,0,1,1,0,1,0,0000000,16,45,16,53,99,99,0,0,0,1,0
27,270126,1,1,0,0,0,3,3,157,0,4,7,2011,2,19,1,0,3,2,US-63,,581,44.24972222,-92.431194440,0,24,0,0,1,1,4,0,1,1,0,1,0,0000000,19,4,19,21,20,6,0,0,0,1,1
27,270127,1,1,0,0,0,1,1,37,956,4,7,2011,2,19,58,1,11,1,I-35W,,4,44.74186389,-93.282988890,0,24,0,0,1,1,4,4,1,1,0,1,0,0000000,19,58,20,6,20,32,0,0,0,1,0
27,270128,2,2,0,0,0,2,2,169,7660,1,7,2011,6,10,35,0,14,6,MANKATO   0541450112,11 ST,2,44.03916667,-91.620836110,0,12,6,0,2,2,1,0,1,1,0,1,0,0000000,10,37,10,44,11,0,0,0,0,1,0
27,270129,1,1,0,0,0,5,5,145,6250,4,7,2011,2,2,14,0,13,4,CR 75     0473000075,,158,45.55486667,-94.259697220,0,59,0,0,1,1,4,0,2,1,0,1,0,0000000,2,14,2,30,99,99,0,0,0,3,1
27,270130,1,1,0,0,0,1,1,21,0,5,7,2011,3,22,2,0,3,3,SR-6,,543,47.03766667,-93.923544440,0,35,0,0,1,1,4,0,2,1,0,1,0,0000000,22,7,22,17,88,88,0,0,0,1,1
27,270131,2,2,0,0,0,2,2,93,0,7,7,2011,5,6,7,0,2,3,SR-15,CR 18,1075,44.98612222,-94.368586110,0,12,6,0,2,2,1,0,1,10,0,10,0,0000000,99,99,99,99,99,99,0,0,0,1,0
27,270132,1,1,0,0,0,1,1,27,4880,5,7,2011,3,2,20,0,16,6,34 ST 1026450347,,1,46.84239444,-96.715780560,0,42,0,0,1,1,5,0,3,1,0,1,0,0000000,88,88,88,88,88,88,0,0,0,1,1
27,270133,2,2,0,0,0,2,2,53,5910,7,7,2011,5,20,24,1,12,3,SR-77,,107,44.88563611,-93.247008330,0,12,1,1,18,1,1,0,1,1,0,1,0,0000000,20,24,20,29,20,47,0,0,0,1,0
27,270134,1,1,0,0,0,1,1,163,7716,8,7,2011,6,8,3,0,14,4,VALLEY CR 0482000016,,1,44.92723889,-92.982763890,0,33,0,0,1,1,4,0,1,1,0,1,0,0000000,8,3,8,10,8,27,20,0,0,1,0
27,270135,1,1,0,0,0,1,1,53,4810,7,7,2011,5,22,20,1,11,1,I-394,,1,44.97101389,-93.459858330,0,2,0,1,18,1,1,0,3,1,0,1,0,0000000,22,20,99,99,99,99,0,0,0,1,0
27,270136,1,1,0,0,0,1,1,115,0,8,7,2011,6,10,50,0,5,4,CLOVERDAL 0458000021,,48,46.04423333,-92.740166670,0,11,0,0,1,1,1,0,1,1,0,1,0,0000000,10,52,11,7,11,29,0,0,0,1,0
27,270137,2,2,0,1,1,2,2,37,3490,9,7,2011,7,3,59,1,11,1,I-494,,659,44.87462778,-93.054913890,0,8,0,1,18,1,1,0,3,10,0,10,0,0000000,4,3,4,9,4,28,19,23,17,1,0
27,270138,1,1,0,0,0,1,1,171,0,9,7,2011,7,6,12,0,4,4,CR 30     0486000030,,186,45.02195000,-93.935958330,0,35,0,0,1,1,4,0,4,2,10,2,0,0000000,99,99,99,99,88,88,0,0,0,1,0
27,270139,1,1,0,0,0,4,4,97,0,9,7,2011,7,20,11,0,6,5,ACORN RD  0849000170,,26,45.84636111,-94.641150000,0,1,0,0,1,1,1,0,1,1,0,1,0,0000000,20,15,20,48,99,99,0,0,0,1,1
27,270140,1,1,0,0,0,1,1,95,0,9,7,2011,7,20,20,0,3,4,300 ST 0448000021,,22,45.98243333,-93.741075000,0,11,0,0,1,1,1,0,5,1,0,1,0,0000000,20,23,20,24,20,37,0,0,0,1,0
27,270141,2,2,0,0,0,2,2,53,4495,10,7,2011,1,1,18,0,14,4,CR 81     0427000081,93 AVE N,119,45.12409167,-93.427463890,0,12,6,0,2,2,1,0,3,1,0,1,0,0000000,1,18,99,98,88,88,20,0,0,2,2