STATE,ST_CASE,VE_TOTAL,VE_FORMS,PVH_INVL,PEDS,PERNOTMVIT,PERMVIT,PERSONS,COUNTY,CITY,DAY,MONTH,YEAR,DAY_WEEK,HOUR,MINUTE,NHS,ROAD_FNC,ROUTE,TWAY_ID,TWAY_ID2,MILEPT,LATITUDE,LONGITUD,SP_JUR,HARM_EV,MAN_COLL,RELJCT1,RELJCT2,TYP_INT,REL_ROAD,WRK_ZONE,LGT_COND,WEATHER1,WEATHER2,WEATHER,SCH_BUS,RAIL,NOT_HOUR,NOT_MIN,ARR_HOUR,ARR_MIN,HOSP_HR,HOSP_MN,CF1,CF2,CF3,FATALS,DRUNK_DR
27,270142,1,1,0,0,0,2,2,47,0,10,7,2011,1,16,10,0,4,4,CR1       0424000001,860 AVE,114,43.51410556,-93.149150000,0,1,0,0,2,2,4,0,1,1,0,1,0,0000000,16,18,16,20,99,99,0,0,0,1,0
27,270143,1,1,0,0,0,1,1,93,0,11,7,2011,2,11,27,0,3,3,SR-4,,1066,44.89504722,-94.697105560,0,59,0,0,1,1,4,0,9,1,0,1,0,0000000,99,98,99,98,88,88,0,0,0,1,1
27,270144,1,1,0,0,0,1,1,73,0,12,7,2011,3,21,28,0,6,5,221 AVE   0837000193,,18,45.00620000,-96.206291670,0,1,0,0,8,1,4,0,1,1,0,1,0,0000000,21,30,21,34,88,88,0,0,0,1,1
27,270145,1,1,0,0,0,4,4,105,0,13,7,2011,4,16,47,0,6,5,270 ST 0853000097,,43,43.60149722,-95.789413890,0,1,0,0,1,1,4,0,1,1,0,1,0,0000000,16,49,16,56,17,28,0,0,0,1,0
27,270146,2,2,0,0,0,4,4,57,0,14,7,2011,5,17,31,0,2,3,SR-34,,797,46.93629444,-94.962272220,0,12,2,0,1,1,1,4,1,2,10,2,0,0000000,17,31,17,40,99,99,0,0,0,1,1
27,270147,1,1,0,0,0,2,2,29,0,16,7,2011,7,1,0,0,6,4,370 ST    0715000091,,50,47.54340556,-95.278769440,0,34,0,0,1,1,4,0,2,5,0,5,0,0000000,1,8,1,21,1,38,0,0,0,1,1
27,270148,1,1,0,0,0,3,3,111,0,17,7,2011,1,2,17,0,4,4,CR 8      0456000008,,173,46.63319167,-95.288711110,0,34,0,0,1,1,4,0,2,5,0,5,0,0000000,2,17,2,29,2,54,0,0,0,1,1
27,270149,1,1,0,1,1,2,2,37,0,17,7,2011,1,4,30,0,3,2,US-61,,1093,44.62918611,-92.853038890,0,8,0,0,1,1,1,0,2,10,0,10,0,0000000,4,42,4,59,88,88,0,0,0,1,0
27,270150,1,1,0,0,0,1,1,25,0,18,7,2011,2,18,39,0,5,4,CR 15     0413000015,,44,45.49151667,-92.839591670,0,42,0,0,1,1,5,0,1,1,0,1,0,0000000,18,39,99,97,99,97,0,0,0,1,1
27,270151,2,2,0,0,0,3,3,15,5190,8,7,2011,6,13,40,0,14,6,GARDEN ST 0528100121,,9,44.31906944,-94.478661110,0,12,6,0,8,1,1,0,1,1,0,1,0,0000000,13,41,13,46,14,0,0,0,0,2,0
27,270152,1,1,0,0,0,1,1,63,0,19,7,2011,3,7,23,0,5,4,CR14      0432000014,,49,43.67420278,-95.360513890,0,35,0,0,1,1,4,0,1,1,0,1,0,0000000,7,57,8,12,88,88,0,0,0,1,0
27,270153,1,1,0,0,0,1,1,171,100,19,7,2011,3,9,48,0,15,6,BARTHEL I 0500500113,59 ST NE,12,45.23695278,-93.652480560,0,42,0,0,1,1,4,0,1,1,0,1,0,0000000,9,48,9,55,10,27,0,0,0,1,0
27,270154,1,1,0,0,0,2,2,45,0,20,7,2011,4,10,0,0,3,3,SR-30,,2539,43.82525000,-91.969252780,0,1,0,0,1,1,1,0,1,1,0,1,0,0000000,10,2,10,16,10,59,0,0,0,1,0
27,270155,4,4,0,0,0,5,5,103,0,20,7,2011,4,10,40,1,2,2,US-14,,1240,44.21444167,-94.112227780,0,12,6,0,1,1,1,0,1,1,0,1,0,0000000,99,99,99,99,99,99,0,0,0,2,0
27,270156,1,1,0,0,0,1,1,61,0,20,7,2011,4,15,28,0,5,4,CR 74     0431000074,,41,47.12371389,-93.173702780,0,35,0,0,1,1,6,0,1,1,0,1,0,0000000,15,28,15,44,99,99,0,0,0,1,0
27,270157,2,2,0,0,0,4,4,39,0,21,7,2011,5,13,30,0,4,4,CR 1      0420000001,,117,44.14997222,-93.005866670,0,12,1,0,8,1,1,0,1,1,0,1,0,0000000,13,33,13,39,88,88,0,0,0,1,0
27,270158,1,1,0,1,1,1,1,53,4760,21,7,2011,5,19,18,0,14,6,5 ST S    0525850218,11 AVE S,1,44.97248611,-93.255588890,0,8,0,0,2,3,1,0,1,1,0,1,0,0000000,19,18,19,18,88,88,0,0,0,1,0
27,270159,1,1,0,1,1,3,3,121,0,23,7,2011,7,1,20,0,4,3,SR-114,,84,45.72886944,-95.530583330,0,8,0,0,1,1,1,0,2,1,0,1,0,0000000,88,88,88,88,88,88,0,0,0,1,1
27,270160,2,2,0,0,0,2,2,139,0,25,7,2011,2,19,27,0,3,4,PILLSBURY 0470000046,225 ST E,56,44.62355000,-93.293136110,0,12,6,0,2,2,1,0,1,1,0,1,0,0000000,19,28,19,38,88,88,0,0,0,1,2
27,270161,1,1,0,1,1,1,1,123,6330,26,7,2011,3,16,29,0,15,6,EARL ST   0534250128,MARGARET ST,11,44.96129722,-93.055852780,0,8,0,0,3,2,1,0,1,1,0,1,0,0000000,99,99,99,99,88,88,0,0,0,1,0
27,270162,2,2,0,0,0,2,2,111,0,28,7,2011,5,6,37,0,3,3,SR-108,,178,46.55174444,-95.989813890,0,12,2,0,1,1,1,0,1,1,0,1,0,0000000,6,37,6,50,88,88,0,0,0,1,0
27,270163,1,1,0,2,2,2,2,123,5320,28,7,2011,5,21,45,1,13,3,SR-36,SR-120,105,45.01973611,-92.984838890,0,8,0,0,3,2,1,0,3,1,0,1,0,0000000,21,45,99,99,99,99,0,0,0,1,0
27,270164,2,2,0,0,0,2,2,13,0,29,7,2011,6,7,50,0,3,3,SR-22,,494,44.13118611,-93.959047220,0,12,2,0,1,1,1,0,1,1,0,1,0,0000000,7,50,7,57,9,10,0,0,0,1,0
27,270165,1,1,0,0,0,1,1,43,0,30,7,2011,7,0,48,0,4,4,CR 32     0422000032,,25,43.74592778,-93.685869440,0,1,0,0,1,1,4,0,2,1,0,1,0,0000000,0,48,99,99,99,99,0,0,0,1,1
27,270166,2,2,0,0,0,2,2,3,6672,31,7,2011,1,11,45,0,14,4,CR 10     0402000010,PLEASANT VIEW DR NE,26,45.11629444,-93.228005560,0,12,1,0,3,2,1,0,1,1,0,1,0,0000000,99,99,99,99,99,99,0,0,0,1,0
27,270167,1,1,0,0,0,2,2,5,0,1,8,2011,2,12,15,0,5,4,CR 39,,191,46.93833056,-95.415497220,0,11,0,0,1,1,1,0,1,10,0,10,0,0000000,12,17,12,31,13,37,0,0,0,1,0
27,270168,1,1,0,0,0,7,7,133,0,2,8,2011,3,4,2,1,1,1,I-90,CT 6,51,43.60865000,-96.352336110,0,21,0,1,18,1,4,0,2,10,0,10,0,0000000,3,58,4,15,99,99,0,0,0,1,0
27,270169,2,2,0,0,0,4,4,53,675,2,8,2011,3,14,9,0,3,4,CR 32     0427000032,PENN CIR,21,44.84969167,-93.308808330,0,12,2,0,1,1,1,0,1,10,0,10,0,0000000,14,19,14,24,14,57,0,0,0,1,0
27,270170,2,2,0,0,0,5,5,127,0,3,8,2011,4,20,34,0,2,3,SR-19,CR 7,616,44.54166944,-95.329808330,0,12,6,0,2,2,1,0,1,1,0,1,0,0000000,20,31,20,42,21,6,0,0,0,2,0
27,270171,1,1,0,1,1,1,1,17,1370,4,8,2011,5,2,47,1,13,3,SR-33,,12,46.70225556,-92.456908330,0,8,0,0,1,1,1,0,3,10,0,10,0,0000000,2,48,2,58,88,88,0,0,0,1,0
27,270172,2,2,0,0,0,6,6,15,0,6,8,2011,7,10,17,0,4,4,CR 29 0408000029,CR 8 W JCT,38,44.36919722,-94.785597220,0,12,1,0,2,3,1,0,1,1,0,1,0,0000000,99,99,99,99,99,99,0,0,0,1,0
27,270173,2,2,0,0,0,3,3,157,0,6,8,2011,7,22,7,0,3,3,SR-60,,1932,44.28884444,-92.477202780,0,12,6,0,1,1,1,0,6,1,0,1,0,0000000,22,8,22,20,99,99,0,0,0,1,2
27,270174,2,2,0,0,0,3,3,13,0,7,8,2011,1,12,30,0,3,4,CR 40 0407000090,,11,44.14205833,-94.063258330,0,12,2,0,1,1,1,0,1,1,0,1,0,0000000,12,30,12,48,13,33,0,0,0,2,1
27,270175,2,2,0,0,0,7,7,59,0,7,8,2011,1,18,3,0,4,4,269 AV NE 0430000009,DURANT ST NE,35,45.45770278,-93.162950000,0,12,6,0,2,4,1,0,1,1,0,1,0,0000000,18,3,99,99,99,99,0,0,0,1,0
27,270176,1,1,0,0,0,1,1,81,0,9,8,2011,3,12,38,0,6,5,180 AVE   0841000079,,15,44.45220278,-96.302377780,0,1,0,0,1,1,4,0,1,1,0,1,0,0000000,12,42,12,50,13,16,0,0,0,1,0
27,270177,4,4,0,0,0,4,4,53,4760,10,8,2011,4,6,24,1,11,1,I-94,,2327,44.96464722,-93.286425000,0,25,0,0,1,1,3,0,1,1,0,1,0,0000000,88,88,88,88,88,88,14,0,0,1,0
27,270178,2,2,0,0,0,2,2,65,0,10,8,2011,4,18,32,0,6,5,BEAR ST    083000507,,10,45.77758333,-93.493597220,0,12,6,0,8,1,1,0,1,1,0,1,0,0000000,18,33,18,49,99,99,0,0,0,1,0
27,270179,2,2,0,0,0,3,3,137,0,12,8,2011,6,12,8,1,2,2,US-169,PENNSYLVANIA AVE,3494,47.49247500,-92.767466670,0,12,6,0,2,4,1,0,1,10,0,10,0,0000000,12,11,12,17,88,88,0,0,0,1,0
27,270180,1,1,0,0,0,1,1,17,0,14,8,2011,1,1,46,0,4,4,N CLOQUET 0409000002,,54,46.73580278,-92.355833330,0,34,0,0,1,1,4,0,2,5,0,5,0,0000000,1,46,2,8,88,88,0,0,0,1,1
27,270181,3,3,0,0,0,3,3,61,0,15,8,2011,2,17,10,1,2,2,US-2,,1904,47.18948889,-93.409880560,0,12,2,0,1,1,1,0,1,1,0,1,0,0000000,17,13,17,17,18,0,0,0,0,1,0
27,270182,1,1,0,0,0,1,1,53,5910,17,8,2011,4,17,8,1,12,3,SR-77,,106,44.88356944,-93.247033330,0,1,0,1,18,1,3,0,1,1,0,1,0,0000000,17,10,17,19,17,40,0,0,0,1,0
27,270183,1,1,0,0,0,1,1,123,6542,18,8,2011,5,17,37,0,14,4,HWY 96 0462000096,VITORIA,26,45.07931667,-93.135555560,0,35,0,0,2,3,5,0,1,1,0,1,0,0000000,99,98,99,98,88,88,0,0,0,1,1
27,270184,2,2,0,0,0,3,3,57,0,20,8,2011,7,14,2,0,2,2,US-71,CR 9,3041,47.36720556,-94.862922220,0,12,2,0,2,2,1,0,1,10,0,10,0,0000000,14,1,14,24,15,31,0,0,0,1,0
27,270185,2,1,1,0,0,1,1,145,6250,21,8,2011,1,12,45,0,16,6,14 ST S   1033800071,,1,45.54406111,-94.185875000,0,14,0,0,1,1,5,0,1,1,0,1,0,0000000,12,46,12,51,13,13,0,0,0,1,0
27,270187,1,1,0,0,0,2,2,109,0,16,6,2011,5,10,0,0,6,8,PUBLIC BOAT LAUNCH,,0,43.99719722,-92.312622220,0,3,0,0,1,1,1,0,1,1,0,1,0,0000000,99,99,99,99,99,99,0,0,0,1,0
27,270188,2,2,0,0,0,2,2,103,5210,22,8,2011,2,13,40,1,2,2,US-14,CR 23,1184,44.27123056,-94.190455560,0,12,6,0,2,2,1,0,1,1,0,1,0,0000000,13,40,99,97,99,97,0,0,0,1,0
27,270189,2,2,0,0,0,2,2,97,0,24,8,2011,4,15,30,0,4,4,ABACA RD  0449000019,,21,45.81000278,-94.628036110,0,12,6,0,8,1,1,0,1,1,0,1,0,0000000,15,35,15,57,88,88,0,0,0,1,0
27,270190,1,1,0,0,0,1,1,49,0,25,8,2011,5,6,48,0,5,4,CR 17 0425000017,,39,44.53317500,-92.856841670,0,35,0,0,1,1,4,0,1,1,0,1,0,0000000,6,48,6,55,99,99,0,0,0,1,0
27,270191,2,2,0,0,0,3,3,137,0,27,8,2011,7,13,48,1,2,2,US-53,,1012,47.92379167,-92.821938890,0,12,2,0,1,1,2,0,1,1,0,1,0,0000000,13,48,14,6,14,41,0,0,0,1,0
27,270192,1,1,0,0,0,1,1,119,0,27,8,2011,7,23,20,0,4,4,CENTER ST 0460000012,,9,47.54388889,-96.260697220,0,42,0,0,1,1,5,0,2,1,0,1,0,0000000,23,22,23,30,88,88,0,0,0,1,1
27,270193,2,2,0,0,0,8,8,137,4980,28,8,2011,1,12,3,1,2,2,US-169,CR 109,3586,47.51939722,-92.581225000,0,12,6,0,2,2,1,0,1,10,0,10,0,0000000,12,1,12,6,12,40,0,0,0,1,0
27,270194,3,3,0,0,0,3,3,53,4760,29,8,2011,2,14,55,1,11,1,I-94,,2337,44.96602500,-93.268475000,0,12,1,0,1,1,1,0,1,1,0,1,0,0000000,14,55,15,0,88,88,14,0,0,1,0
27,270195,4,4,0,0,0,5,5,3,4184,1,9,2011,5,6,22,1,11,1,I-35E,,1234,45.16148056,-93.031138890,0,12,1,1,18,1,1,1,1,1,0,1,0,0000000,6,24,6,31,7,2,3,0,0,1,0
27,270196,2,2,0,0,0,2,2,53,1496,2,9,2011,6,17,12,0,14,4,CR 116    0727000116,,72,45.15110833,-93.542544440,0,12,6,0,8,1,1,0,1,1,0,1,0,0000000,17,12,17,20,88,88,0,0,0,1,0
27,270197,2,2,0,0,0,2,2,51,0,3,9,2011,7,11,48,0,3,3,SR-79,CR 10,70,45.99208611,-95.831652780,0,12,6,0,2,2,1,0,1,1,0,1,0,0000000,11,52,12,2,12,18,0,0,0,1,0
27,270198,2,2,0,0,0,3,3,119,1550,3,9,2011,7,14,28,0,14,6,MAIN ST   0508550115,S BROADWAY,7,47.77048056,-96.611225000,0,12,6,0,3,2,1,0,1,1,0,1,0,0000000,14,29,99,99,99,99,20,0,0,1,0
27,270199,1,1,0,1,1,1,1,53,5910,3,9,2011,7,20,32,0,14,6,LYNDALE   0532100363,,4,44.86760000,-93.288411110,0,8,0,0,1,1,1,0,3,1,0,1,0,0000000,20,32,99,99,88,88,0,0,0,1,0
27,270200,1,1,0,0,0,2,2,19,1090,3,9,2011,7,23,27,0,15,4,MAIN ST W 0410000040,,114,44.75609444,-93.630425000,0,42,0,0,1,1,4,0,2,1,0,1,0,0000000,23,27,99,99,99,99,0,0,0,1,1
27,270201,2,2,0,0,0,3,3,53,4240,1,8,2011,2,19,55,1,13,2,US-12,,1514,44.98386667,-93.563869440,0,12,2,0,1,1,1,0,1,1,0,1,0,0000000,19,56,20,7,20,41,0,0,0,3,0
27,270202,1,1,0,0,0,1,1,53,4760,5,8,2011,6,1,29,1,11,1,I-94,HENNEPIN AVE,2320,44.97475278,-93.286494440,0,24,0,1,5,1,4,0,3,1,0,1,0,0000000,1,31,1,40,88,88,0,0,0,1,1
27,270203,1,1,0,0,0,1,1,57,0,4,9,2011,1,9,45,0,4,4,CR 24 0429000024,,33,47.05103056,-94.918194440,1,34,0,0,1,1,4,0,1,1,0,1,0,0000000,9,45,99,99,88,88,0,0,0,1,0
27,270204,1,1,0,1,1,1,1,41,130,5,9,2011,2,12,3,0,15,4,CR 22     0421000022,CR 44,64,45.90009167,-95.392261110,0,9,0,0,2,3,1,0,1,1,0,1,0,0000000,12,3,12,5,12,17,0,0,0,1,0
27,270205,3,3,0,0,0,4,4,37,956,9,9,2011,6,14,27,0,14,3,SR-13,RIVER HILLS DR,1002,44.80380000,-93.229969440,0,12,1,0,3,2,1,0,1,1,0,1,0,0000000,88,88,88,88,88,88,14,0,0,1,0
27,270206,1,1,0,0,0,1,1,135,0,10,9,2011,7,9,30,0,5,4,CR 12     0468000012,,156,48.82895278,-95.283308330,0,53,0,0,1,1,4,0,1,1,0,1,0,0000000,10,5,10,17,88,88,0,0,0,1,1
27,270207,1,1,0,0,0,1,1,31,2830,10,9,2011,7,15,6,0,4,4,CR 12     0416000012,,13,47.76261667,-90.341902780,0,34,0,0,1,1,4,0,1,1,0,1,0,0000000,15,8,15,17,15,25,0,0,0,1,0
27,270208,1,1,0,0,0,1,1,35,2199,10,9,2011,7,19,43,0,4,4,CR 1 0418000001,,225,46.75293056,-93.934155560,0,35,0,0,1,1,5,0,1,1,0,1,0,0000000,19,46,20,11,88,88,0,0,0,1,1
27,270209,2,2,0,0,0,2,2,139,3640,12,9,2011,2,23,19,1,13,2,US-169,SR-282,982,44.67048333,-93.639619440,0,12,1,0,3,2,1,0,3,1,0,1,0,0000000,23,22,23,33,0,13,0,0,0,1,0
27,270210,2,2,0,0,0,3,3,171,4860,13,9,2011,3,11,27,0,15,6,EDMONSON  0526350115,DUNDAS AVE,4,45.29025278,-93.796219440,0,12,2,0,2,2,1,0,1,1,0,1,0,0000000,11,27,11,34,12,1,0,0,0,1,0
27,270211,1,1,0,0,0,2,2,171,0,16,9,2011,6,1,50,0,2,3,SR-55,,1592,45.13717500,-93.827877780,0,1,0,0,1,1,4,0,2,1,0,1,0,0000000,1,49,2,8,2,55,0,0,0,1,1
27,270212,1,1,0,1,1,5,5,37,1945,16,9,2011,6,21,1,1,11,1,I-494,,711,44.86164444,-93.150983330,0,8,0,1,18,1,1,0,3,10,0,10,0,0000000,21,1,99,97,99,97,19,0,0,1,0
27,270213,1,1,0,0,0,1,1,37,3990,18,9,2011,1,3,35,1,1,1,I-35,,816,44.64221944,-93.296438890,0,57,0,1,18,1,3,0,2,10,0,10,0,0000000,3,35,99,99,88,88,0,0,0,1,1
27,270214,2,1,1,2,2,1,1,109,5960,19,9,2011,2,16,7,1,12,2,US-52,,565,44.03494722,-92.488172220,0,14,0,0,1,1,5,0,1,1,0,1,0,0000000,16,7,99,99,99,99,0,0,0,1,0
27,270215,1,1,0,0,0,1,1,33,0,20,9,2011,3,0,46,0,4,4,CR 7      0417000007,,40,43.91659167,-95.438027780,0,35,0,0,1,1,5,0,2,10,0,10,0,0000000,0,47,1,0,88,88,0,0,0,1,1
27,270216,2,2,0,0,0,2,2,103,5280,20,9,2011,3,12,57,1,12,2,US-14,LOOKOUT DR,1278,44.18177222,-94.053633330,0,12,6,1,2,2,1,0,1,1,0,1,0,0000000,12,58,99,99,99,99,0,0,0,1,0
27,270217,1,1,0,0,0,5,5,95,0,17,9,2011,7,16,41,0,6,8,SHAW BUSH KUNG DR,,0,46.20923889,-93.757666670,3,42,0,0,1,1,4,0,1,1,0,1,0,0000000,16,50,17,2,99,99,0,0,0,1,1
27,270218,1,1,0,1,1,1,1,53,4760,21,9,2011,4,0,18,1,1,1,I-94,,2352,44.96443333,-93.238283330,0,8,0,1,18,1,1,4,3,10,0,10,0,0000000,0,20,0,25,0,42,3,0,0,1,0
27,270219,1,1,0,0,0,1,1,123,6330,19,5,2011,5,7,37,0,16,6,BAYARD    1034250499,BAY,2,44.92229167,-93.130675000,0,30,0,0,3,3,4,0,1,1,0,1,0,0000000,99,99,99,99,99,99,0,0,0,1,0
27,270220,1,1,0,1,1,1,1,157,0,13,6,2011,2,0,11,0,4,4,CR 2      0479000002,,22,44.13846944,-92.259497220,0,8,0,0,1,1,1,8,8,98,0,98,0,0000000,99,98,99,98,88,88,0,0,0,1,0
27,270221,1,1,0,1,1,1,1,123,6330,25,6,2011,7,22,55,0,14,4,RANDOLPH  0462000038,,14,44.92695556,-93.156294440,0,8,0,0,1,1,1,0,3,1,0,1,0,0000000,99,99,99,99,99,99,0,0,0,1,0
27,270222,2,2,0,0,0,3,3,79,0,14,8,2011,1,16,52,0,3,3,SR-99,CR 45,140,44.32247778,-93.947372220,0,12,6,0,2,3,1,0,1,10,0,10,0,0000000,16,52,16,59,99,99,0,0,0,1,0
27,270223,2,1,1,1,1,1,1,53,4760,23,8,2011,3,23,10,1,11,1,I-94,,2356,44.96460556,-93.232575000,0,8,0,1,5,1,4,0,3,1,0,1,0,0000000,23,10,23,20,88,88,23,0,0,1,0
27,270224,1,1,0,0,0,2,2,123,215,26,8,2011,6,18,6,1,11,1,I-694,,416,45.06653333,-93.170211110,0,1,0,0,1,1,1,0,1,1,0,1,0,0000000,18,6,99,99,99,99,0,0,0,1,0
27,270225,1,1,0,0,0,2,2,65,0,23,9,2011,6,12,49,0,4,4,205 AV    0433000006,,49,45.88224167,-93.338288890,0,1,0,0,1,1,2,0,1,1,0,1,0,0000000,12,49,12,56,13,52,0,0,0,1,0
27,270226,1,1,0,0,0,2,2,1,0,23,9,2011,6,14,26,0,4,4,CR 2      0401000002,,66,46.33308889,-93.379047220,0,1,0,0,1,1,4,0,1,1,0,1,0,0000000,14,26,14,56,99,99,0,0,0,1,0
27,270227,2,2,0,0,0,3,3,35,0,23,9,2011,6,20,9,1,2,3,SR-371,SODER RD,340,46.42982778,-94.304986110,0,12,6,0,2,3,1,0,2,1,0,1,0,0000000,20,12,20,21,99,99,0,0,0,1,0
27,270228,1,1,0,0,0,1,1,25,0,24,9,2011,7,19,12,0,4,4,FIRST ST  0413000037,,62,45.39731944,-92.690036110,0,34,0,0,1,1,4,0,5,1,0,1,0,0000000,19,12,19,22,88,88,0,0,0,1,1
27,270229,1,1,0,0,0,1,1,3,2560,24,9,2011,7,20,28,0,3,3,SR-47,73 AVE NE,99,45.10072500,-93.263830560,0,1,0,0,3,2,1,0,3,1,0,1,0,0000000,20,28,20,33,21,9,0,0,0,1,1
27,270230,1,1,0,1,1,1,1,37,0,26,9,2011,2,6,28,0,3,3,SR-50,,206,44.60128056,-92.964680560,0,8,0,0,1,1,1,0,2,10,0,10,0,0000000,6,28,6,40,88,88,0,0,0,1,0
27,270231,1,1,0,0,0,2,2,145,0,28,9,2011,4,19,55,0,5,4,CR 155    0773000155,,20,45.62991389,-94.418086110,0,11,0,0,1,1,1,0,2,1,0,1,0,0000000,19,59,99,99,99,99,0,0,0,1,1
27,270232,2,2,0,0,0,2,2,95,0,30,9,2011,6,6,50,1,2,2,US-169,,2155,46.12368611,-93.670594440,0,12,2,0,1,1,1,0,4,1,0,1,0,0000000,6,50,7,0,7,20,0,0,0,1,0
27,270233,2,2,0,0,0,2,2,111,0,30,9,2011,6,8,38,1,2,2,US-10,CR 137,758,46.52966944,-95.407847220,0,12,6,0,2,2,1,0,1,1,0,1,0,0000000,8,38,99,99,99,99,0,0,0,1,0
27,270234,3,3,0,0,0,4,4,75,0,30,9,2011,6,12,47,1,2,3,SR-61,,434,47.18250000,-91.408808330,0,12,1,0,8,1,1,4,1,1,0,1,0,0000000,12,48,13,4,99,99,0,0,0,1,0
27,270236,1,1,0,0,0,1,1,5,0,2,10,2011,1,0,16,0,6,5,180 AVE   0803000424,,1,46.87241667,-96.027622220,0,10,0,0,6,1,1,0,2,1,0,1,0,062872K,0,18,0,27,88,88,0,0,0,1,1
27,270237,2,2,0,0,0,3,3,163,0,2,10,2011,1,9,59,0,15,4,STAGECOCH 0482000021,HUDSON RD,155,44.95321389,-92.796755560,0,12,6,0,2,2,1,0,1,1,0,1,0,0000000,9,59,99,99,99,99,0,0,0,1,0
27,270238,1,1,0,0,0,2,2,109,0,2,10,2011,1,17,22,0,16,4,CR 156    0755000156,,12,44.04336667,-92.560375000,0,35,0,0,1,1,4,0,1,1,0,1,0,0000000,17,24,99,99,99,99,0,0,0,1,1
27,270239,2,2,0,0,0,2,2,35,0,3,10,2011,2,8,43,0,6,4,THOMPSON  0718000148,FIVE MILE RD,30,46.31518889,-94.083127780,0,12,6,0,2,2,1,0,1,1,0,1,0,0000000,8,43,99,99,99,99,0,0,0,1,0
27,270240,1,1,0,0,0,1,1,35,0,4,10,2011,3,21,26,0,5,4,CR 127    0718000127,,42,46.47081944,-94.193730560,0,42,0,0,1,1,5,0,2,1,0,1,0,0000000,21,30,21,44,88,88,0,0,0,1,1
27,270241,1,1,0,0,0,1,1,145,0,5,10,2011,4,16,9,0,5,4,CR 21     0473000021,,27,45.37006111,-94.470075000,0,35,0,0,1,1,5,0,1,1,0,1,0,0000000,16,10,16,22,88,88,0,0,0,1,0
27,270242,1,1,0,0,0,2,2,93,0,6,10,2011,5,3,17,0,4,4,CR 2      0447000002,330 ST,19,45.22262500,-94.453013890,0,59,0,0,1,1,4,0,2,1,0,1,0,0000000,3,34,3,44,88,88,0,0,0,2,0
27,270243,2,1,1,0,1,1,2,61,1010,7,10,2011,6,4,36,1,2,2,US-169,,3173,47.32183056,-93.278069440,0,14,0,0,1,1,2,0,3,1,0,1,0,0000000,4,36,4,50,6,30,0,0,0,1,0
27,270244,2,2,0,0,0,2,2,161,7370,7,10,2011,6,16,9,0,13,3,SR-13,22 AVE N,345,44.09840000,-93.507219440,0,12,6,0,2,2,1,0,1,1,0,1,0,0000000,16,10,16,15,99,99,0,0,0,1,0
27,270245,1,1,0,0,0,2,2,61,5030,8,10,2011,7,2,38,1,2,2,US-169,,3253,47.38136667,-93.119630560,0,1,0,0,1,1,4,0,2,10,0,10,0,0000000,2,39,2,42,99,99,0,0,0,1,1
27,270246,1,1,0,0,0,1,1,131,2310,8,10,2011,7,8,44,0,14,4,CR 48,,4,44.28399167,-93.293875000,0,30,0,0,1,1,4,0,1,10,0,10,0,0000000,8,44,99,99,99,99,0,0,0,1,0
27,270247,2,2,0,0,0,4,4,67,0,8,10,2011,7,14,29,0,4,4,CR 5      0434000005,CR 40,286,45.29688333,-95.091377780,0,12,6,0,2,2,1,0,1,10,0,10,0,0000000,14,32,14,43,15,10,0,0,0,2,0
27,270248,3,3,0,0,0,5,5,49,0,8,10,2011,7,19,18,1,2,2,US-169,CR 9,898,44.39938056,-92.844302780,0,12,6,0,2,2,1,0,3,10,0,10,0,0000000,19,19,19,28,19,50,0,0,0,2,2
27,270249,2,2,0,0,0,8,8,111,0,9,10,2011,1,2,34,0,2,3,SR-210,CR 33,320,46.27563056,-95.989030560,0,12,6,0,2,2,1,0,2,10,0,10,0,0000000,2,30,2,35,2,50,0,0,0,1,0
27,270250,1,1,0,0,0,1,1,75,0,9,10,2011,1,17,25,0,6,4,CR 123,CR 131,11,47.08390278,-91.731069440,0,34,0,0,3,4,4,0,1,1,0,1,0,0000000,17,27,17,36,17,55,0,0,0,1,1
27,270251,1,1,0,1,1,1,1,15,5190,9,10,2011,1,20,40,0,13,3,SR-15,,571,44.29771944,-94.446388890,0,8,0,0,1,1,1,0,3,1,0,1,0,0000000,20,35,20,40,88,88,0,0,0,1,1
27,270252,2,2,0,0,0,2,2,53,4626,10,10,2011,2,8,22,0,13,3,SR-55,SIOUX DR,1764,45.04330278,-93.525438890,0,12,6,0,2,2,1,0,1,1,0,1,0,0000000,8,22,8,32,9,18,0,0,0,1,0
27,270253,2,2,0,0,0,6,6,163,40,10,10,2011,2,19,31,0,4,4,15 ST S,NEAL AVE S,54,44.92707222,-92.842772220,0,12,6,0,2,2,1,0,3,1,0,1,0,0000000,19,33,19,40,20,16,0,0,0,1,0
27,270255,2,2,0,0,0,3,3,27,0,11,10,2011,3,12,45,0,3,2,US-75,CR 26,2584,46.97701944,-96.746466670,0,12,6,0,2,2,1,0,1,1,0,1,0,0000000,12,47,12,58,13,32,0,0,0,1,0