STATE,ST_CASE,VE_TOTAL,VE_FORMS,PVH_INVL,PEDS,PERNOTMVIT,PERMVIT,PERSONS,COUNTY,CITY,DAY,MONTH,YEAR,DAY_WEEK,HOUR,MINUTE,NHS,ROAD_FNC,ROUTE,TWAY_ID,TWAY_ID2,MILEPT,LATITUDE,LONGITUD,SP_JUR,HARM_EV,MAN_COLL,RELJCT1,RELJCT2,TYP_INT,REL_ROAD,WRK_ZONE,LGT_COND,WEATHER1,WEATHER2,WEATHER,SCH_BUS,RAIL,NOT_HOUR,NOT_MIN,ARR_HOUR,ARR_MIN,HOSP_HR,HOSP_MN,CF1,CF2,CF3,FATALS,DRUNK_DR
27,270256,1,1,0,2,2,1,1,37,956,13,10,2011,5,12,33,1,11,1,I-35,,11,44.75239167,-93.286061110,0,8,0,0,1,1,4,1,1,1,0,1,0,0000000,12,33,12,33,12,58,0,0,0,2,0
27,270257,1,1,0,0,0,1,1,119,0,16,10,2011,1,2,23,0,4,4,CR 20,,144,48.12701111,-96.781902780,0,35,0,0,1,1,4,0,2,10,0,10,0,0000000,2,23,99,99,99,99,0,0,0,1,1
27,270258,2,2,0,0,0,2,2,103,0,16,10,2011,1,16,38,0,3,3,SR-99,,35,44.28277500,-94.131980560,0,12,2,0,1,1,1,0,1,1,0,1,0,0000000,99,98,99,98,88,88,0,0,0,1,0
27,270259,1,1,0,0,0,1,1,5,0,17,10,2011,2,6,7,0,4,3,SR-225,,75,46.93473333,-95.275836110,0,1,0,0,1,1,4,0,2,1,0,1,0,0000000,5,56,6,17,88,88,0,0,0,1,1
27,270260,2,2,0,0,0,2,2,173,0,17,10,2011,2,12,45,1,2,3,SR-23,,899,44.63747500,-95.649925000,0,12,8,0,1,1,1,0,1,1,0,1,0,0000000,12,45,12,50,99,99,0,0,0,1,0
27,270261,2,2,0,0,0,2,2,49,0,18,10,2011,3,7,12,1,2,2,US-52,CR-9,898,44.39952222,-92.843891670,0,12,6,0,2,2,1,0,4,10,0,10,0,0000000,99,99,99,99,99,99,0,0,0,1,0
27,270262,1,1,0,1,1,1,1,15,0,18,10,2011,3,9,13,0,2,3,SR-15,,507,44.21118611,-94.432186110,0,8,0,0,1,1,1,0,1,10,0,10,0,0000000,9,12,99,98,99,98,0,0,0,1,0
27,270263,2,2,0,0,0,3,3,107,0,18,10,2011,3,19,57,0,6,3,SR-200,,1,47.35252222,-96.844011110,0,12,6,0,1,1,1,0,2,1,0,1,0,0000000,99,99,99,99,99,99,0,0,0,1,1
27,270265,1,1,0,0,0,1,1,37,202,21,10,2011,6,13,16,1,13,4,CR-23 CEDAR VE,,207,44.74917500,-93.217822220,0,38,0,0,1,1,5,0,1,1,0,1,0,0000000,13,17,99,99,88,88,0,0,0,1,0
27,270266,1,1,0,0,0,1,1,119,0,24,10,2011,2,7,0,0,4,4,CR-1,,532,47.54360278,-95.790763890,0,1,0,0,1,1,4,0,2,10,0,10,0,0000000,7,0,7,10,88,88,0,0,0,1,0
27,270267,1,1,0,0,0,1,1,53,4760,25,10,2011,3,1,50,0,15,6,31ST ST E,CHICAGO AVE S,21,44.94665833,-93.262622220,0,46,0,0,3,3,4,0,3,10,0,10,0,0000000,1,50,1,55,2,16,20,0,0,1,1
27,270268,1,1,0,0,0,2,2,29,0,25,10,2011,3,5,30,0,4,4,CLEARWATER LAKE RD,,58,47.70386389,-95.323494440,0,1,0,0,1,1,4,0,2,10,0,10,0,0000000,5,30,6,5,6,30,0,0,0,1,1
27,270269,3,3,0,0,0,5,5,115,0,25,10,2011,3,17,31,1,1,1,I-35,,1676,45.79339444,-92.990152780,0,12,1,0,1,1,1,0,1,2,10,2,0,0000000,17,35,17,37,99,99,0,0,0,1,0
27,270271,1,1,0,0,0,1,1,105,0,27,10,2011,5,13,39,0,4,4,CR-14,,223,43.70349444,-95.568013890,0,1,0,0,1,1,5,0,1,1,0,1,0,0000000,13,39,99,99,99,99,0,0,0,1,1
27,270272,1,1,0,1,1,1,1,147,5500,28,10,2011,6,6,49,0,14,4,CR-34 26TH ST NE,3RD AVE NE,28,44.10977222,-93.220544440,0,8,0,0,3,2,1,0,3,10,0,10,0,0000000,6,49,6,55,7,6,0,0,0,1,0
27,270273,2,2,0,0,0,3,3,3,5788,28,10,2011,6,16,4,1,12,2,US-10,ALPINE DR NW,2200,45.25021667,-93.509777780,0,12,6,0,2,3,1,0,1,1,0,1,0,0000000,99,99,99,99,99,99,0,0,0,1,1
27,270274,1,1,0,0,0,1,1,33,0,29,10,2011,7,3,48,0,5,4,CR-6,,185,44.08450278,-95.381438890,0,32,0,0,1,1,5,0,6,1,0,1,0,0000000,3,49,4,3,5,41,0,0,0,1,1
27,270275,1,1,0,0,0,1,1,3,671,29,10,2011,7,5,55,0,16,6,TERRACE RD NE,,2,45.17918889,-93.258797220,0,42,0,0,1,1,5,0,6,1,0,1,0,0000000,99,99,99,99,99,99,0,0,0,1,0
27,270276,1,1,0,1,1,3,3,169,7660,29,10,2011,7,8,28,0,14,6,W 2ND SR,MAIN ST,5,44.05366667,-91.637297220,0,8,0,0,3,2,1,0,1,1,0,1,0,0000000,8,29,8,33,8,53,0,0,0,1,0
27,270277,1,1,0,0,0,2,2,111,0,29,10,2011,7,23,45,0,6,5,165TH AVE,,24,46.52080278,-96.146877780,0,5,0,0,1,1,1,0,2,1,0,1,0,0000000,1,40,1,55,2,40,0,0,0,1,0
27,270278,2,2,0,0,0,5,5,7,0,31,10,2011,2,12,54,0,6,4,NEW BASS RD,,50,47.38871111,-95.014205560,0,12,2,0,1,1,1,0,1,1,0,1,0,0000000,12,55,13,9,99,99,0,0,0,1,1
27,270279,2,2,0,0,0,2,2,145,5540,4,11,2011,6,15,2,1,2,3,SR-23,SR-55,1685,45.37867778,-94.729208330,0,12,6,0,2,2,1,0,1,1,0,1,0,0000000,14,56,15,4,15,25,0,0,0,1,0
27,270280,1,1,0,1,1,1,1,53,4495,4,11,2011,6,6,36,0,14,4,CR-30,RANCHVIEW LA,80,45.12343333,-93.476444440,0,8,0,0,3,2,1,0,3,10,0,10,0,0000000,6,37,3,47,88,88,0,0,0,1,0
27,270281,1,1,0,1,1,1,1,53,4760,4,11,2011,6,6,57,0,14,4,CR-5 FRANKLIN AVE,E STEVENS ST,123,44.96269444,-93.275383330,0,8,0,0,3,2,1,0,3,1,0,1,0,0000000,7,2,7,5,7,32,0,0,0,1,0
27,270282,1,1,0,0,0,1,1,75,0,6,11,2011,1,9,6,0,3,3,SR-1,,3380,47.44815000,-91.291569440,0,59,0,0,1,1,4,0,1,1,0,1,0,0000000,9,6,99,98,88,88,0,0,0,1,1
27,270284,3,3,0,0,0,4,4,15,0,9,11,2011,4,17,36,0,4,4,CR-27,,121,44.30461111,-94.572286110,0,12,1,0,1,1,1,0,2,1,0,1,0,0000000,17,37,17,48,99,99,14,0,0,1,0
27,270285,1,1,0,0,0,1,1,111,0,10,11,2011,5,13,9,1,2,2,US-10,,615,46.63948056,-95.637388890,0,1,0,0,1,1,3,0,1,1,0,1,0,0000000,13,9,99,99,99,99,0,0,0,1,0
27,270286,1,1,0,0,0,2,2,163,1517,10,11,2011,5,15,10,0,14,3,SR-95,,1215,44.86245556,-92.862425000,0,1,0,0,1,1,4,0,1,10,0,10,0,0000000,15,10,15,30,15,40,0,0,0,1,0
27,270287,1,1,0,0,0,1,1,21,0,12,11,2011,7,7,37,1,2,3,SR-371,,523,46.67355833,-94.355119440,0,42,0,0,1,1,4,0,1,1,0,1,0,0000000,7,43,7,48,88,88,0,0,0,1,0
27,270288,2,2,0,0,0,6,6,165,0,12,11,2011,7,10,59,0,2,3,SR-15,,321,43.96209722,-94.429291670,0,12,6,0,1,1,2,0,1,1,0,1,0,0000000,10,59,99,99,99,99,0,0,0,1,0
27,270289,1,1,0,1,1,2,2,53,4760,12,11,2011,7,10,50,0,14,4,WEST RIVER PKWY,FRANKLIN AVE,36,44.96189167,-93.223352780,0,9,0,1,3,3,1,0,1,1,0,1,0,0000000,99,99,99,99,99,99,0,0,0,1,0
27,270290,2,2,0,0,0,2,2,7,0,14,11,2011,2,13,51,0,2,2,US-71 WASHINGTON AVE S,,3076,47.41785000,-94.863736110,0,12,6,0,8,1,1,0,1,10,0,10,0,0000000,13,54,13,59,14,26,0,0,0,1,0
27,270291,2,2,0,0,0,3,3,75,0,15,11,2011,3,6,2,1,2,3,SR-61,,393,47.14362778,-91.468238890,0,12,6,0,1,1,1,0,2,10,0,10,0,0000000,6,3,6,23,7,6,0,0,0,2,1
27,270292,1,1,0,0,0,1,1,23,0,17,11,2011,5,8,9,0,4,4,CR-4,,173,45.13601111,-95.472325000,0,23,0,0,1,1,4,0,1,1,0,1,0,0000000,8,9,99,99,88,88,0,0,0,1,0
27,270293,2,2,0,0,0,4,4,19,1180,18,11,2011,6,19,57,0,14,4,CR-15 AUDUBON RD,,14,44.81924722,-93.578372220,0,12,2,0,1,1,1,0,2,1,0,1,0,0000000,19,57,20,15,99,99,0,0,0,1,1
27,270294,1,1,0,0,0,1,1,5,0,18,11,2011,6,23,15,0,4,4,CR-29,,43,46.75486667,-95.710766670,0,1,0,0,1,1,4,0,2,3,4,4,0,0000000,23,21,23,34,23,44,0,0,0,1,0
27,270295,1,1,0,0,0,8,8,105,0,19,11,2011,7,14,47,1,1,1,I-90,,328,43.63724722,-95.811133330,0,1,0,0,1,1,4,0,1,3,0,3,0,0000000,14,48,15,2,15,56,0,0,0,1,0
27,270296,1,1,0,0,0,4,4,109,0,20,11,2011,1,10,13,0,3,2,US-63,,528,44.19020278,-92.419491670,0,1,0,0,1,1,4,0,1,10,0,10,0,0000000,99,99,99,99,99,99,0,0,0,1,0
27,270297,2,2,0,0,0,5,5,119,0,20,11,2011,1,15,21,0,5,4,CR-19 130TH ST SW,270TH AVE SW,199,47.97775000,-96.634400000,0,12,6,0,2,2,1,0,1,1,0,1,0,0000000,15,21,15,27,15,55,0,0,0,1,0
27,270298,2,2,0,0,0,2,2,93,0,21,11,2011,2,19,27,0,4,4,CR-12,,11,44.89200000,-94.579930560,0,12,2,0,1,1,1,0,2,1,0,1,0,0000000,99,98,99,98,88,88,0,0,0,1,1
27,270299,2,2,0,0,0,2,2,9,5900,23,11,2011,4,4,42,1,2,2,US-10,CR-2 MAIN ST E,1657,45.75476944,-94.213766670,0,12,6,0,2,2,1,0,3,5,0,5,0,0000000,4,42,4,45,88,88,0,0,0,1,1
27,270300,1,1,0,0,0,1,1,7,2590,23,11,2011,4,16,52,0,2,2,US-71,,3455,47.78611389,-94.432738890,0,1,0,0,1,1,4,0,5,1,0,1,0,0000000,88,88,88,88,88,88,18,0,0,1,1
27,270301,1,1,0,0,0,1,1,107,0,25,11,2011,6,22,27,0,5,4,CR-27,,109,47.28157500,-96.248347220,0,1,0,0,1,1,5,0,2,1,0,1,0,0000000,22,27,22,30,23,58,0,0,0,1,1
27,270302,1,1,0,0,0,1,1,3,1445,26,11,2011,7,7,52,0,6,6,153RD AVE NE,,3,45.24718611,-93.095133330,0,53,0,0,1,1,4,0,2,1,0,1,0,0000000,99,98,99,98,88,88,0,0,0,1,1
27,270303,1,1,0,1,1,1,1,97,0,28,11,2011,2,1,40,0,4,3,SR-115,,69,46.07867778,-94.363536110,0,8,0,0,1,1,1,0,2,1,0,1,0,0000000,1,49,1,59,88,88,0,0,0,1,0
27,270304,2,2,0,0,0,7,7,21,0,28,11,2011,2,17,56,1,2,3,SR-371,SHINGOBEE FRONTAGE RD,831,47.06439722,-94.562600000,0,12,6,0,2,2,1,0,2,1,0,1,0,0000000,17,54,16,8,99,99,0,0,0,2,0
27,270305,1,1,0,0,0,1,1,111,0,2,12,2011,6,22,57,0,6,5,610TH AVE,,6,46.50757778,-95.217861110,0,35,0,0,1,1,4,0,2,1,0,1,0,0000000,22,57,99,99,88,88,0,0,0,1,0
27,270306,1,1,0,1,1,1,1,115,0,3,12,2011,7,20,11,0,3,3,SR-48,,93,46.01170278,-92.738194440,0,8,0,0,1,1,1,0,3,2,0,2,0,0000000,20,13,99,99,88,88,0,0,0,1,0
27,270307,1,1,0,0,0,3,3,137,0,4,12,2011,1,99,99,0,4,4,CR-7,,350,47.26481944,-92.603111110,0,32,0,0,1,1,4,0,2,99,0,99,0,0000000,6,57,7,36,99,99,0,0,0,2,1
27,270308,1,1,0,0,0,1,1,149,0,4,12,2011,1,7,53,0,4,4,CR-13,,45,45.47730556,-96.158572220,0,34,0,0,1,1,4,0,4,1,0,1,0,0000000,7,53,99,98,88,88,0,0,0,1,1
27,270309,1,1,0,0,0,1,1,123,7096,4,12,2011,1,20,10,0,3,4,CR-16 VADNAIS BLVD,,3,45.04548889,-93.102922220,0,1,0,0,1,1,5,0,2,2,0,2,0,0000000,20,23,20,27,20,56,0,0,0,1,1
27,270310,1,1,0,0,0,1,1,89,0,6,12,2011,3,2,47,0,3,3,SR-1,,114,48.19512778,-96.894936110,0,1,0,0,1,1,4,0,2,1,0,1,0,0000000,2,42,2,48,3,38,0,0,0,1,1
27,270311,2,2,0,0,0,2,2,127,0,6,12,2011,3,5,59,0,6,5,300TH ST,,60,44.48524722,-94.912058330,0,12,6,0,1,1,1,0,2,1,0,1,0,0000000,5,59,6,10,6,42,0,0,0,1,0
27,270312,2,2,0,0,0,2,2,59,0,6,10,2011,5,8,45,0,4,4,CR-2 STARK RD,337TH AVE NE,5,45.57921111,-93.178480560,0,12,2,0,2,3,1,0,1,1,0,1,0,0000000,8,44,8,51,9,13,0,0,0,1,0
27,270313,2,2,0,0,0,2,2,39,0,6,10,2011,5,10,33,0,3,3,SR-30,740TH ST,1951,43.87745556,-93.005188890,0,12,6,0,2,3,1,0,1,1,0,1,0,0000000,10,33,99,99,99,99,0,0,0,1,0
27,270314,2,2,0,0,0,3,3,9,0,30,10,2011,1,9,25,0,4,4,CR-4,CR-66,159,45.66267778,-93.884147220,0,12,6,0,2,2,1,0,1,10,0,10,0,0000000,9,31,9,48,10,42,0,0,0,1,0
27,270315,1,1,0,0,0,1,1,57,464,10,12,2011,7,8,8,0,4,4,CR-3,,146,47.36760833,-95.076494440,0,42,0,0,1,1,5,0,1,1,0,1,0,0000000,8,8,99,99,88,88,0,0,0,1,1
27,270316,2,2,0,0,0,3,3,139,0,12,12,2011,2,14,5,1,1,1,I-35,,782,44.59259722,-93.298013890,0,12,6,0,1,1,1,0,1,10,0,10,0,0000000,14,8,14,22,99,99,0,0,0,1,0
27,270317,1,1,0,0,0,1,1,145,0,13,12,2011,3,5,9,0,6,4,CR-142,,25,45.43503889,-94.190988890,0,42,0,0,1,1,5,0,2,2,5,2,0,0000000,5,9,5,26,88,88,0,0,0,1,0
27,270318,1,1,0,0,0,1,1,67,0,13,12,2011,3,6,52,0,5,4,CR-7,,144,45.08170833,-95.227027780,0,34,0,0,1,1,4,0,2,5,0,5,0,0000000,6,54,7,2,7,27,0,0,0,1,0
27,270319,1,1,0,1,1,1,1,19,7380,16,12,2011,6,18,18,0,3,4,CR-10,WESTMINSTER AVE,10,44.96477778,-93.849766670,0,8,0,0,3,2,1,0,3,1,0,1,0,0000000,18,19,18,24,99,99,0,0,0,1,0
27,270320,2,2,0,0,0,2,2,23,0,16,12,2011,6,20,21,0,3,3,SR-29,CR-13,63,45.02173889,-95.716719440,0,12,6,0,2,2,1,0,2,10,0,10,0,0000000,20,21,20,36,21,15,0,0,0,1,1
27,270321,2,2,0,0,0,5,5,13,0,16,12,2011,6,23,41,0,4,4,CR-33,,27,44.13052222,-94.068775000,0,12,6,0,1,1,1,0,2,4,10,4,0,0000000,23,41,23,53,0,38,0,0,0,1,0
27,270322,3,3,0,3,3,3,3,123,6330,18,12,2011,1,22,54,1,11,1,I-94,,2400,44.95180278,-93.147583330,0,12,98,1,18,1,1,0,2,1,0,1,0,0000000,99,99,99,99,99,99,19,0,0,1,1
27,270323,1,1,0,0,0,1,1,73,0,17,12,2011,7,1,11,0,3,3,SR-119,,49,45.15075833,-96.062897220,0,59,0,0,1,1,4,0,2,1,0,1,0,0000000,88,88,88,88,88,88,0,0,0,1,1
27,270324,2,2,0,0,0,2,2,111,0,19,12,2011,2,14,12,1,1,1,I-94,,420,46.43877500,-96.234163890,0,12,1,0,1,1,1,0,1,10,0,10,0,0000000,14,9,14,19,99,99,0,0,0,1,0
27,270325,1,1,0,1,1,1,1,21,0,20,12,2011,3,19,25,0,4,4,CR-75,,14,47.40106111,-94.649436110,3,8,0,0,1,1,1,0,2,1,0,1,0,0000000,19,25,19,30,88,88,0,0,0,1,0
27,270326,4,4,0,0,0,11,11,67,0,24,12,2011,7,11,41,1,2,2,US-71,CR-7,1104,44.93533056,-95.044083330,0,12,6,0,2,2,1,0,1,1,0,1,0,0000000,11,43,11,54,12,25,0,0,0,1,0
27,270327,1,1,0,0,0,1,1,69,3720,25,12,2011,1,21,16,0,3,2,US-75,,3819,48.63745000,-96.908491670,0,59,0,0,1,1,4,0,3,10,0,10,0,0000000,21,20,21,34,21,56,0,0,0,1,1
27,270328,1,1,0,1,1,1,1,53,4760,25,12,2011,1,22,17,0,14,2,US-952A,,1430,44.99264167,-93.283466670,0,8,0,0,1,1,1,0,3,1,0,1,0,0000000,22,20,22,23,22,49,0,0,0,1,0
27,270329,2,2,0,0,0,3,3,17,0,29,12,2011,5,6,57,1,1,1,I-35,,2412,46.69880000,-92.384025000,0,12,6,0,1,1,1,0,2,10,0,10,0,0000000,6,57,7,2,7,35,0,0,0,1,0
27,270330,1,1,0,0,0,1,1,23,0,29,12,2011,5,21,46,1,2,3,SR-7,,582,45.10051389,-95.899966670,0,1,0,0,1,1,5,0,2,3,4,4,0,0000000,21,51,99,99,99,99,0,0,0,1,0
27,270331,1,1,0,0,0,2,2,125,5830,29,12,2011,5,23,14,0,3,3,SR-32,,856,47.88110000,-96.274100000,0,42,0,0,1,1,4,0,3,10,0,10,0,0000000,23,15,23,18,99,99,0,0,0,2,1
27,270332,2,2,0,0,0,2,2,3,4175,29,12,2011,5,14,3,0,16,6,GRIGGS AVE,FLOWERFIELD RD,1,45.13156667,-93.168825000,0,12,6,0,2,2,1,0,1,1,0,1,0,0000000,14,4,14,8,14,53,0,0,0,1,0
27,270333,1,1,0,1,1,1,1,53,4760,30,12,2011,6,18,23,0,14,4,CR-33 PARK AVE,27TH ST E,24,44.95376111,-93.265155560,0,8,0,0,3,2,1,0,3,1,0,1,0,0000000,18,23,99,99,88,88,0,0,0,1,0
27,270334,1,1,0,0,0,1,1,17,0,30,12,2011,6,20,30,0,5,4,CR-8,,46,46.46164167,-92.653138890,0,42,0,0,1,1,4,0,2,1,0,1,0,0000000,20,35,20,48,21,23,0,0,0,1,1
27,270335,1,1,0,1,1,1,1,123,7096,21,5,2011,7,21,0,0,14,4,CR-12 COUNTY RD F,,66,45.06466667,-93.082863890,0,9,0,0,1,1,1,0,2,10,0,10,0,0000000,99,99,99,99,99,99,0,0,0,1,0
27,270336,1,1,0,0,0,1,1,115,0,3,7,2011,1,19,23,0,6,4,CR-143 BASS LAKE RD,,8,46.16127500,-93.038636110,0,1,0,0,1,1,4,8,8,1,0,1,0,0000000,88,88,88,88,88,88,0,0,0,1,1
27,270337,1,1,0,0,0,1,1,37,4177,25,8,2011,5,8,34,1,11,1,I-35E,,1025,44.90293611,-93.137450000,0,1,0,1,18,1,1,0,1,1,0,1,0,0000000,8,35,99,99,99,99,0,0,0,1,0
27,270338,1,1,0,0,0,1,1,137,0,27,9,2011,3,8,45,0,4,4,CR-110,,30,47.51721667,-92.216825000,0,42,0,0,1,1,4,0,1,1,0,1,0,0000000,8,45,8,58,9,9,0,0,0,1,1
27,270339,1,1,0,0,0,1,1,135,0,4,10,2011,3,6,45,0,4,4,CR-5,,45,48.79709444,-95.330650000,0,1,0,0,1,1,1,0,4,1,0,1,0,0000000,6,45,7,0,8,9,0,0,0,1,1
27,270340,1,1,0,0,0,1,1,61,0,11,10,2011,3,7,13,0,5,4,CR-70,,29,47.25378056,-93.323105560,0,59,0,0,1,1,4,0,1,1,0,1,0,0000000,7,13,7,26,7,50,0,0,0,1,0
27,270341,1,1,0,0,0,1,1,35,0,21,10,2011,6,11,51,0,4,4,CR-15,,43,46.68940556,-94.303686110,0,5,0,0,1,1,1,8,8,98,0,98,0,0000000,99,99,99,99,99,99,0,0,0,1,1
27,270342,1,1,0,0,0,2,2,157,0,7,11,2011,2,5,51,0,6,5,310 AVE,,35,44.33335278,-92.309838890,0,1,0,0,1,1,4,8,6,98,0,98,0,0000000,5,52,6,2,99,99,0,0,0,1,0
27,270343,1,1,0,1,1,0,0,13,0,14,11,2011,2,13,18,0,6,5,105 ST,,10,43.86258611,-94.007841670,0,8,0,0,98,8,98,8,1,98,0,98,0,0000000,13,22,13,37,88,88,17,0,0,1,0
27,270344,2,2,0,1,1,3,3,3,4184,21,12,2011,4,18,10,1,11,1,I-35E,,1204,45.12899722,-93.047147220,0,8,0,0,1,1,1,0,2,10,0,10,0,0000000,18,12,99,99,99,99,23,0,0,1,0
27,270345,3,3,0,0,0,4,4,169,7660,29,12,2011,5,12,51,1,13,2,US-61,GILMORE AVE,288,44.04871389,-91.678308330,0,12,6,0,2,2,1,0,1,10,0,10,0,0000000,12,51,99,99,99,99,0,0,0,1,1
28,280001,1,1,0,0,0,2,2,47,1910,1,1,2011,7,4,11,1,12,2,US-90,,99998,30.31020833,-89.259925000,0,33,0,0,1,1,3,0,2,1,0,1,0,0000000,4,15,4,39,5,0,0,0,0,1,1
28,280002,1,1,0,0,0,1,1,11,0,2,1,2011,1,13,48,1,2,2,US-61,,99998,33.92872500,-90.748486110,0,1,0,0,1,1,6,0,1,1,0,1,0,0000000,88,88,88,88,88,88,0,0,0,1,0
28,280003,1,1,0,0,0,1,1,135,0,2,1,2011,1,16,45,0,4,4,OLD HWY 49,,0,33.87255278,-90.399113890,0,1,0,0,1,1,6,0,1,1,0,1,0,0000000,88,88,88,88,88,88,0,0,0,1,0
28,280004,3,3,0,0,0,3,3,135,0,3,1,2011,2,13,43,0,4,3,SR-32,,99998,33.90087500,-90.439497220,0,12,6,0,1,1,1,0,1,1,0,1,0,0000000,14,17,14,30,14,52,0,0,0,1,0
28,280005,1,1,0,0,0,1,1,47,0,3,1,2011,2,22,57,0,4,4,16TH SECTION RD,VIDALIA RD,0,30.43561389,-89.293483330,0,35,0,0,2,3,6,0,2,1,0,1,0,0000000,88,88,88,88,88,88,0,0,0,1,1
28,280006,1,1,0,0,0,1,1,59,1810,4,1,2011,3,23,59,0,16,6,GOVERNMENT ST,,0,30.41337222,-88.814722220,0,42,0,0,1,1,6,0,3,1,0,1,0,0000000,88,88,88,88,88,88,0,0,0,1,1
28,280007,1,1,0,0,0,2,2,99,0,5,1,2011,4,5,0,0,3,3,SR-19,,99998,32.95891389,-89.348116670,0,34,0,0,1,1,6,0,2,2,0,2,0,0000000,5,25,5,42,6,0,0,0,0,1,0
28,280008,2,2,0,0,0,2,2,79,0,6,1,2011,5,18,5,0,4,3,SR-35,ROBERTS RD,99998,32.90656944,-89.541888890,0,12,1,0,2,3,1,0,2,1,0,1,0,0000000,88,88,88,88,88,88,0,0,0,1,1
28,280009,2,2,0,0,0,3,3,149,2690,7,1,2011,6,8,8,1,1,1,I-20,,99998,32.31861944,-90.877488890,0,12,2,0,1,1,1,0,1,1,0,1,0,0000000,8,20,8,42,9,0,0,0,0,1,0
28,280010,1,1,0,0,0,1,1,33,0,7,1,2011,6,23,21,1,2,2,US-61,,99998,34.90983056,-90.189944440,0,35,0,0,1,1,6,0,2,1,0,1,0,0000000,23,30,23,42,23,59,0,0,0,1,0
28,280011,1,1,0,1,1,1,1,75,0,8,1,2011,7,20,50,1,1,1,I-20,,99998,32.34280556,-88.785194440,0,8,0,0,1,1,1,0,2,1,0,1,0,0000000,88,88,88,88,88,88,0,0,0,1,0
28,280012,1,1,0,0,0,4,4,57,0,8,1,2011,7,22,49,0,4,4,DOC MASON RD,,0,34.37641111,-88.170036110,0,34,0,0,1,1,6,0,2,1,0,1,0,0000000,23,4,23,14,23,36,0,0,0,1,0
28,280013,1,1,0,0,0,3,3,51,0,9,1,2011,1,20,54,0,4,3,SR-17,,99998,33.08525000,-90.049266670,0,1,0,0,1,1,6,0,2,4,0,4,0,0000000,21,22,21,51,22,20,0,0,0,1,0
28,280014,1,1,0,0,0,1,1,21,0,10,1,2011,2,17,57,1,2,2,US-61,,99998,31.89013056,-91.001772220,0,35,0,0,1,1,6,0,2,1,0,1,0,0000000,88,88,88,88,88,88,0,0,0,1,0
28,280015,2,2,0,0,0,3,3,29,0,11,1,2011,3,7,5,0,13,2,US-51,,99998,31.95704167,-90.379672220,0,12,6,0,1,1,1,0,1,1,0,1,1,0000000,7,32,7,42,8,26,0,0,0,1,0
28,280016,2,2,0,0,0,2,2,141,0,13,1,2011,5,10,56,1,2,3,SR-25,,99998,34.74799444,-88.221888890,0,12,2,0,1,1,1,0,1,1,0,1,0,0000000,11,12,11,30,99,99,0,0,0,2,0
28,280017,1,1,0,0,0,2,2,63,0,14,1,2011,6,3,12,0,4,3,SR-552,,99998,31.80791667,-91.001569440,0,42,0,0,1,1,6,0,2,1,0,1,0,0000000,3,37,4,0,4,22,0,0,0,1,1
28,280018,3,3,0,0,0,4,4,151,0,17,1,2011,2,17,20,1,2,2,US-82,SEVEN OAKS,99998,33.40024167,-90.989327780,0,12,2,0,2,3,1,0,1,1,0,1,0,0000000,17,24,17,50,18,18,0,0,0,1,0
28,280019,2,2,0,0,0,3,3,121,870,18,1,2011,3,19,4,1,2,2,US-49,,99998,32.16885556,-90.131191670,0,12,6,0,1,1,1,0,2,2,0,2,0,0000000,19,7,19,22,19,40,0,0,0,1,0
28,280020,1,1,0,0,0,1,1,29,0,20,1,2011,5,13,27,1,1,1,I-55,,99998,31.72101389,-90.446663890,0,42,0,0,1,1,6,0,1,1,0,1,0,0000000,88,88,88,88,88,88,0,0,0,1,1
28,280021,1,1,0,0,0,1,1,109,0,21,1,2011,6,10,15,1,1,1,I-59,,99998,30.58613056,-89.625863890,0,1,0,0,1,1,6,0,1,1,0,1,0,0000000,88,88,88,88,88,88,0,0,0,1,0
28,280022,1,1,0,0,0,3,3,163,0,21,1,2011,6,23,48,1,2,2,US-49,,99998,32.60872500,-90.367055560,0,42,0,0,1,1,6,0,2,1,0,1,0,0000000,0,20,0,58,99,99,0,0,0,1,1
28,280023,4,4,0,0,0,5,5,47,680,22,1,2011,7,1,27,1,11,1,I-110,,99998,30.43339167,-88.895102780,0,12,2,0,1,1,1,0,3,1,0,1,0,0000000,1,29,1,42,99,99,0,0,0,1,1
28,280024,1,1,0,0,0,1,1,35,0,22,1,2011,7,2,20,0,4,4,MACEDONIA RD,,0,31.41522222,-89.167269440,0,1,0,0,1,1,6,0,2,1,0,1,0,0000000,88,88,88,88,88,88,0,0,0,1,1
28,280025,1,1,0,0,0,2,2,49,1220,23,1,2011,1,19,51,1,1,1,I-20,,99998,32.29536667,-90.271138890,0,1,0,0,1,1,3,0,2,1,0,1,0,0000000,19,58,20,22,20,51,0,0,0,1,0
28,280026,2,2,0,0,0,2,2,67,1310,24,1,2011,2,17,8,0,16,6,ELLISVILLE BLVD,,0,31.68967778,-89.131083330,0,12,2,0,1,1,1,0,1,2,0,2,0,0000000,88,88,88,88,88,88,0,0,0,1,2
28,280027,2,2,0,0,0,2,2,151,0,26,1,2011,4,16,31,1,2,2,US-61,,99998,33.16097778,-90.847791670,0,12,8,0,1,1,1,0,1,1,0,1,0,0000000,16,36,17,0,17,22,0,0,0,1,0
28,280028,2,2,0,0,0,5,5,133,0,26,1,2011,4,19,35,1,2,2,US-49W,THREE MILE RD,99998,33.93745000,-90.491725000,0,12,6,0,2,2,1,0,2,1,0,1,0,0000000,20,6,20,22,20,57,0,0,0,1,0