STATE,ST_CASE,VE_TOTAL,VE_FORMS,PVH_INVL,PEDS,PERNOTMVIT,PERMVIT,PERSONS,COUNTY,CITY,DAY,MONTH,YEAR,DAY_WEEK,HOUR,MINUTE,NHS,ROAD_FNC,ROUTE,TWAY_ID,TWAY_ID2,MILEPT,LATITUDE,LONGITUD,SP_JUR,HARM_EV,MAN_COLL,RELJCT1,RELJCT2,TYP_INT,REL_ROAD,WRK_ZONE,LGT_COND,WEATHER1,WEATHER2,WEATHER,SCH_BUS,RAIL,NOT_HOUR,NOT_MIN,ARR_HOUR,ARR_MIN,HOSP_HR,HOSP_MN,CF1,CF2,CF3,FATALS,DRUNK_DR
28,280029,1,1,0,0,0,1,1,5,0,27,1,2011,5,1,35,0,2,3,SR-569,,99998,31.05212500,-90.901458330,0,42,0,0,1,1,6,0,2,1,0,1,0,0000000,88,88,88,88,88,88,0,0,0,1,0
28,280030,2,2,0,0,0,3,3,67,0,27,1,2011,5,14,1,0,4,4,PLEASANT GROVE RD,,0,31.76221667,-89.002947220,0,12,2,0,1,1,1,0,1,1,0,1,0,0000000,14,13,14,36,14,52,0,0,0,2,0
28,280031,1,1,0,0,0,1,1,57,0,27,1,2011,5,15,49,1,2,3,SR-25,,99998,34.08991389,-88.391147220,0,30,0,0,1,1,5,0,1,1,0,1,0,0000000,16,0,16,20,16,52,0,0,0,1,0
28,280032,1,1,0,0,0,1,1,133,0,28,1,2011,6,2,22,0,4,2,US-82,,99998,33.46180833,-90.535197220,0,35,0,0,1,1,6,0,3,1,0,1,0,0000000,88,88,88,88,88,88,0,0,0,1,1
28,280033,1,1,0,0,0,1,1,85,0,29,1,2011,7,0,19,0,4,4,EAST LINCOLN,,0,31.54902500,-90.380788890,0,34,0,0,1,1,6,0,2,1,0,1,0,0000000,88,88,88,88,88,88,0,0,0,1,0
28,280034,1,1,0,0,0,1,1,161,0,29,1,2011,7,14,2,0,4,3,SR-330,,99998,33.92968889,-89.562650000,0,35,0,0,1,1,6,0,1,1,0,1,0,0000000,88,88,88,88,88,88,0,0,0,1,0
28,280035,1,1,0,0,0,1,1,91,0,29,1,2011,7,14,9,0,4,3,SR-587,,99998,31.26384167,-89.880780560,0,35,0,0,1,1,6,0,1,1,0,1,0,0000000,14,20,14,39,15,0,0,0,0,1,0
28,280036,1,1,0,0,0,1,1,33,0,31,1,2011,2,7,20,0,4,4,DEAN RD,,0,34.87452500,-90.108833330,0,23,0,0,1,1,6,0,3,1,0,1,0,0000000,88,88,88,88,88,88,0,0,0,1,0
28,280037,1,1,0,1,1,1,1,109,0,31,1,2011,2,13,24,0,4,3,SR-26,,99998,30.84984722,-89.445963890,0,9,0,0,1,1,2,0,1,1,0,1,0,0000000,13,39,13,52,14,12,0,0,0,1,0
28,280038,1,1,0,0,0,1,1,33,0,5,1,2011,4,16,27,0,4,4,OLD HWY 61,,0,34.73871944,-90.368641670,0,34,0,0,1,1,6,0,1,1,0,1,0,0000000,88,88,88,88,88,88,0,0,0,1,1
28,280039,2,2,0,0,0,3,3,107,0,9,1,2011,1,14,28,0,4,4,EUREKA,,0,34.27193611,-89.911283330,0,12,2,0,1,1,1,0,1,3,0,3,0,0000000,14,36,15,10,15,21,0,0,0,1,0
28,280040,2,2,0,0,0,4,4,143,0,15,1,2011,7,11,46,0,4,4,FITZGERALD'S BLVD,CASINO WAY,0,34.82627500,-90.337786110,0,12,2,0,2,2,1,0,1,1,0,1,0,0000000,11,48,12,20,12,52,0,0,0,1,1
28,280041,1,1,0,0,0,1,1,85,0,20,1,2011,5,12,1,0,4,4,CALIFORNIA CAMP RD,,0,31.59005000,-90.502066670,0,42,0,0,1,1,6,0,1,1,0,1,0,0000000,88,88,88,88,88,88,0,0,0,1,0
28,280042,1,1,0,0,0,1,1,91,0,21,1,2011,6,14,21,0,3,3,SR-44,,99998,31.28177778,-89.774222220,0,34,0,0,1,1,6,0,1,1,0,1,0,0000000,88,88,88,88,88,88,0,0,0,1,0
28,280043,2,2,0,0,0,6,6,141,170,28,1,2011,6,17,27,0,6,6,2ND ST,CO RD 864,0,34.47762222,-88.204766670,0,12,6,0,2,2,1,0,5,1,0,1,0,0000000,17,30,17,42,99,99,0,0,0,1,0
28,280044,1,1,0,0,0,1,1,115,0,1,2,2011,3,3,12,0,4,3,SR-341,CO RD 9,99998,34.23605556,-89.044166670,0,35,0,0,2,3,5,0,2,2,0,2,0,0000000,3,30,99,99,99,99,0,0,0,1,0
28,280045,2,2,0,0,0,3,3,31,0,1,2,2011,3,15,10,0,3,3,SR-589,,99998,31.50966667,-89.531794440,0,12,2,0,1,1,1,0,1,2,0,2,0,0000000,15,20,15,39,16,16,0,0,0,1,0
28,280046,1,1,0,0,0,1,1,69,0,2,2,2011,4,6,37,0,4,3,SR-397,,99998,32.79432778,-88.737666670,0,35,0,0,1,1,6,0,4,1,0,1,0,0000000,88,88,88,88,88,88,0,0,0,1,1
28,280047,1,1,0,0,0,2,2,113,1470,2,2,2011,4,22,28,0,16,6,DELAWARE AVE,LAUREL ST,0,31.24740556,-90.464944440,0,30,0,0,2,2,6,0,2,1,0,1,0,0000000,22,30,23,12,23,50,0,0,0,2,1
28,280048,1,1,0,0,0,1,1,23,0,3,2,2011,5,1,34,0,4,3,SR-130,512,99998,32.04238611,-88.752408330,0,42,0,0,2,3,6,0,2,1,0,1,0,0000000,88,88,88,88,88,88,0,0,0,1,1
28,280049,1,1,0,0,0,1,1,85,0,3,2,2011,5,12,2,1,1,1,I-55,,99998,31.52115556,-90.478763890,0,34,0,0,1,1,6,0,1,3,0,3,0,0000000,88,88,88,88,88,88,0,0,0,1,0
28,280050,2,2,0,0,0,3,3,65,0,3,2,2011,5,15,25,1,2,2,US-84,,99998,31.61311667,-89.863572220,0,12,6,0,1,1,1,0,1,3,0,3,0,0000000,15,32,15,49,16,20,0,0,0,1,0
28,280051,1,1,0,0,0,3,3,85,0,3,2,2011,5,21,14,1,1,1,I-55,,99998,31.52181389,-90.478763890,0,1,0,0,1,1,6,0,2,3,0,3,0,0000000,21,17,21,36,22,0,0,0,0,1,0
28,280052,1,1,0,0,0,1,1,61,0,3,2,2011,5,23,53,1,1,1,I-59,,99998,31.90503056,-89.019600000,0,1,0,0,1,1,6,0,2,3,0,3,0,0000000,88,88,88,88,88,88,0,0,0,1,0
28,280053,2,2,0,0,0,2,2,151,0,5,2,2011,7,10,4,0,16,6,BROADWAY,NELSON,0,33.41475833,-91.055116670,0,12,6,0,2,2,1,0,1,1,0,1,0,0000000,0,0,0,0,0,0,0,0,0,1,0
28,280054,2,2,0,0,0,4,4,27,0,5,2,2011,7,12,29,0,13,2,US-278,JONESTOWN,99998,34.18759444,-90.530091670,0,12,2,0,2,2,1,0,1,1,0,1,0,0000000,12,49,13,0,13,39,0,0,0,1,0
28,280055,1,1,0,0,0,2,2,33,1830,5,2,2011,7,18,12,0,16,6,SANDIDGE RD,,0,34.94749444,-89.845891670,0,33,0,0,1,1,6,0,3,1,0,1,0,0000000,18,17,18,36,19,0,0,0,0,1,1
28,280056,1,1,0,0,0,1,1,75,0,6,2,2011,1,17,9,1,2,2,US-45,,99998,32.33508056,-88.654261110,0,32,0,0,1,1,6,0,5,2,0,2,0,0000000,88,88,88,88,88,88,0,0,0,1,0
28,280057,2,2,0,0,0,5,5,7,0,6,2,2011,1,19,26,0,4,3,SR-12,CO RD 5216,99998,33.10293889,-90.007466670,0,12,6,0,2,3,1,0,2,1,0,1,0,0000000,20,13,20,36,21,8,0,0,0,1,0
28,280058,1,1,0,0,0,1,1,31,0,7,2,2011,2,13,57,1,2,2,US-49,,99998,31.72287500,-89.631958330,0,42,0,0,1,1,6,0,1,1,0,1,0,0000000,88,88,88,88,88,88,0,0,0,1,0
28,280059,3,3,0,0,0,4,4,13,0,8,2,2011,3,14,2,0,4,3,SR-8,,99998,33.76848056,-89.943480560,0,12,8,0,1,1,1,0,1,1,0,1,1,0000000,88,88,88,88,88,88,0,0,0,3,0
28,280060,1,1,0,1,1,1,1,35,1050,8,2,2011,3,23,32,0,16,6,BROADWAY DR,,0,31.30827222,-89.315425000,0,8,0,1,18,1,1,0,2,1,0,1,0,0000000,88,88,88,88,88,88,0,0,0,1,1
28,280061,1,1,0,0,0,1,1,33,0,9,2,2011,4,7,50,1,1,1,I-55,,99998,34.79280000,-89.967469440,0,35,0,0,1,1,6,0,1,1,0,1,0,0000000,8,22,8,49,9,22,0,0,0,1,0
28,280062,1,1,0,1,1,2,2,147,0,10,2,2011,5,6,57,0,4,4,E SARTINVILLE RD,,0,31.32656944,-90.060188890,0,8,0,0,1,1,1,0,1,1,0,1,0,0000000,88,88,88,88,88,88,0,0,0,1,0
28,280063,1,1,0,1,1,1,1,33,1830,11,2,2011,6,9,20,0,16,6,CRESCENT CIRCL,,0,34.97164167,-89.849602780,0,8,0,0,1,1,1,0,1,3,0,3,0,0000000,9,26,10,0,99,99,0,0,0,1,0
28,280064,1,1,0,0,0,2,2,5,0,11,2,2011,6,12,42,0,3,3,SR-567,,99998,31.17447500,-90.825713890,0,34,0,0,1,1,6,0,1,1,0,1,0,0000000,12,50,13,13,13,42,0,0,0,1,0
28,280065,2,2,0,0,0,2,2,47,1020,12,2,2011,7,18,49,0,16,6,28TH ST,30TH AVE,0,30.38350000,-89.097919440,0,12,6,0,2,3,1,0,3,1,0,1,0,0000000,18,52,19,19,19,50,0,0,0,1,1
28,280066,2,2,0,0,0,3,3,45,0,13,2,2011,1,12,55,0,2,3,SR-43,,99998,30.33661944,-89.428250000,0,12,2,0,1,1,1,0,1,1,0,1,0,0000000,13,17,13,36,14,0,0,0,0,1,0
28,280067,7,7,0,0,0,9,9,67,0,15,2,2011,3,11,42,1,2,1,I-59,,99998,31.49909167,-89.310477780,0,12,98,0,1,1,1,0,1,1,0,1,0,0000000,88,88,88,88,88,88,0,0,0,1,0
28,280068,2,2,0,0,0,3,3,47,0,15,2,2011,3,12,47,0,3,3,SR-53,,99998,30.59488611,-89.315627780,0,12,2,0,1,1,1,0,1,1,0,1,0,0000000,13,7,13,19,13,36,0,0,0,1,0
28,280069,2,2,0,0,0,3,3,45,0,18,2,2011,6,7,39,0,4,3,SR-603,,99998,30.31128333,-89.386483330,0,12,2,0,1,1,1,0,1,2,0,2,0,0000000,7,44,8,11,8,40,0,0,0,1,0
28,280070,1,1,0,0,0,1,1,35,0,18,2,2011,6,20,56,1,1,1,I-59,,99998,31.39658056,-89.319277780,0,42,0,0,1,1,6,0,2,1,0,1,0,0000000,21,5,21,20,21,37,0,0,0,1,1
28,280071,1,1,0,1,1,1,1,49,1220,19,2,2011,7,4,53,0,16,6,WOODROW WILSON AVE,,0,32.32641389,-90.165697220,0,8,0,0,1,1,1,0,3,1,0,1,0,0000000,4,59,5,12,5,36,0,0,0,1,0
28,280072,1,1,0,0,0,3,3,105,2430,19,2,2011,7,23,43,0,16,6,LOCKSLEY WAY,,0,33.44881111,-88.806888890,0,38,0,0,1,1,6,0,2,1,0,1,0,0000000,0,2,0,26,0,42,0,0,0,1,1
28,280073,1,1,0,0,0,4,4,149,0,20,2,2011,1,4,36,1,1,7,N FRONTAGE RD,OLD HWY 27,0,32.12739722,-90.625833330,0,31,0,0,1,1,6,0,2,1,0,1,0,0000000,5,12,5,39,6,10,0,0,0,1,1
28,280074,1,1,0,0,0,1,1,29,0,20,2,2011,1,5,57,1,1,1,I-55,,99998,31.86673333,-90.411986110,0,23,0,0,1,1,6,0,2,1,0,1,0,0000000,6,36,6,52,7,13,0,0,0,1,0
28,280075,1,1,0,0,0,1,1,113,0,20,2,2011,1,11,3,1,1,1,I-55,,99998,31.19578889,-90.484191670,0,42,0,0,1,1,6,0,1,1,0,1,0,0000000,11,16,11,39,12,0,0,0,0,1,0
28,280076,1,1,0,0,0,1,1,59,0,20,2,2011,1,12,53,0,4,4,LILY ORCHARD RD,,0,30.53572500,-88.455519440,0,34,0,0,1,1,6,0,1,1,0,1,0,0000000,13,12,13,30,13,42,0,0,0,1,0
28,280077,2,2,0,0,0,4,4,117,0,21,2,2011,2,14,48,1,2,2,US-45,CO RD 8061,99998,34.72496667,-88.567958330,0,12,6,0,2,2,1,0,1,1,0,1,0,0000000,14,53,15,13,15,42,0,0,0,1,0
28,280078,2,2,0,0,0,4,4,59,0,21,2,2011,2,17,39,1,1,1,I-10,,99998,30.45651667,-88.483972220,0,12,7,0,1,1,1,0,5,1,0,1,0,0000000,18,5,18,16,18,35,0,0,0,1,0
28,280079,1,1,0,1,1,1,1,47,1020,22,2,2011,3,6,51,0,16,6,S SHIRLEY CR,,0,30.45555556,-89.076805560,0,8,0,0,1,1,1,0,1,1,0,1,1,0000000,6,55,7,13,7,39,0,0,0,1,0
28,280080,1,1,0,0,0,2,2,149,0,22,2,2011,3,6,58,0,4,4,REDBONE RD,,0,32.22732500,-90.915986110,0,35,0,0,1,1,6,0,1,1,0,1,0,0000000,7,11,7,36,8,0,0,0,0,1,0
28,280081,1,1,0,0,0,1,1,143,0,22,2,2011,3,23,14,0,4,4,OLD COMMERCE RD,,0,34.81676389,-90.319288890,0,18,0,0,1,1,1,0,2,1,0,1,0,0000000,88,88,88,88,88,88,0,0,0,1,1
28,280082,1,1,0,0,0,1,1,115,0,23,2,2011,4,6,26,0,4,3,SR-334,,99998,34.23312778,-89.109269440,0,35,0,0,1,1,6,0,2,1,0,1,0,0000000,88,88,88,88,88,88,0,0,0,1,0
28,280083,1,1,0,1,1,3,3,47,1020,26,2,2011,7,20,16,1,2,2,US-49,,99998,30.42306944,-89.092425000,0,8,0,0,1,1,1,0,3,1,0,1,0,0000000,20,19,20,30,20,42,0,0,0,1,0
28,280084,1,1,0,0,0,1,1,131,0,26,2,2011,7,18,10,0,4,4,CLARK BATSON RD,,0,30.76934722,-89.241686110,0,42,0,0,1,1,6,0,2,1,0,1,0,0000000,88,88,88,88,88,88,0,0,0,1,0
28,280085,1,1,0,1,1,1,1,33,0,27,2,2011,1,18,3,1,1,1,I-55,,99998,34.72873889,-89.963736110,0,8,0,0,1,1,1,0,5,1,0,1,0,0000000,88,88,88,88,88,88,0,0,0,1,0
28,280086,1,1,0,0,0,1,1,107,0,1,3,2011,3,6,37,0,3,3,SR-315,,99998,34.20736667,-89.684058330,0,42,0,0,1,1,6,0,1,1,0,1,0,0000000,88,88,88,88,88,88,0,0,0,1,0
28,280087,1,1,0,0,0,1,1,39,0,2,3,2011,4,5,13,1,2,2,US-98,,99998,30.95608333,-88.570016670,0,1,0,0,1,1,6,0,2,1,0,1,0,0000000,88,88,88,88,88,88,0,0,0,1,0
28,280088,1,1,0,0,0,2,2,1,0,3,3,2011,5,9,26,1,2,2,US-61,,99998,31.46458056,-91.377025000,0,34,0,0,1,1,6,0,1,1,0,1,0,0000000,88,88,88,88,88,88,0,0,0,1,0
28,280089,2,2,0,0,0,3,3,151,990,4,3,2011,6,11,7,0,16,6,RACEWAY RD,,0,33.38404444,-91.006277780,0,12,2,0,1,1,1,0,1,2,0,2,0,0000000,11,12,11,36,12,11,0,0,0,2,0
28,280090,1,1,0,0,0,4,4,49,0,6,3,2011,1,14,45,1,2,2,US-80,,99998,32.35553056,-90.406622220,0,42,0,0,1,1,6,0,1,1,0,1,0,0000000,15,2,15,22,15,46,0,0,0,1,0
28,280091,1,1,0,0,0,1,1,79,0,6,3,2011,1,19,54,0,4,4,REDDOG RD,,0,32.77313056,-89.596080560,0,34,0,0,1,1,6,0,2,1,0,1,0,0000000,88,88,88,88,88,88,0,0,0,1,1
28,280092,1,1,0,0,0,1,1,109,0,7,3,2011,2,4,29,0,4,4,JACKSON LANDING RD,,0,30.49598056,-89.717188890,0,42,0,0,1,1,6,0,2,1,0,1,0,0000000,88,88,88,88,88,88,0,0,0,1,0
28,280093,1,1,0,0,0,2,2,35,1050,7,3,2011,2,20,59,1,1,1,I-59,,99998,31.32882222,-89.352150000,0,1,0,0,1,1,6,0,2,1,0,1,0,0000000,21,3,21,22,21,46,0,0,0,1,0
28,280094,1,1,0,0,0,1,1,81,2610,8,3,2011,3,7,58,0,16,6,CLIFF GOOKIN,,0,34.22344167,-88.738161110,0,34,0,0,1,1,6,0,1,1,0,1,0,0000000,88,88,88,88,88,88,0,0,0,1,0
28,280095,1,1,0,0,0,1,1,11,0,9,3,2011,4,10,11,1,2,2,US-61,,99998,33.55709722,-90.799683330,0,30,0,0,1,1,6,0,1,1,0,1,0,0000000,88,88,88,88,88,88,0,0,0,1,1
28,280096,1,1,0,0,0,1,1,89,400,9,3,2011,4,13,55,1,1,1,I-55,,99998,32.55570278,-90.085250000,0,21,0,0,1,1,4,0,1,1,0,1,0,0000000,88,88,88,88,88,88,0,0,0,1,0
28,280097,2,2,0,0,0,2,2,109,0,10,3,2011,5,15,13,0,3,3,SR-43,,99998,31.04683056,-89.745769440,0,12,2,0,1,1,1,0,1,1,0,1,0,0000000,88,88,88,88,88,88,0,0,0,1,1
28,280098,2,2,0,0,0,5,5,35,1050,12,3,2011,7,15,23,0,16,6,HARDY ST,,0,31.32453333,-89.306530560,0,12,6,0,1,1,1,0,1,1,0,1,0,0000000,15,25,15,42,16,15,0,0,0,1,0
28,280099,2,2,0,0,0,2,2,33,2422,13,3,2011,1,4,53,1,1,1,I-55,,99998,34.99301944,-90.002144440,0,12,2,0,1,1,1,0,2,1,0,1,0,0000000,88,88,88,88,88,88,0,0,0,1,0
28,280100,1,1,0,1,1,1,1,149,0,13,3,2011,1,7,35,1,1,1,I-20,,99998,32.35346389,-90.636219440,0,8,0,0,1,1,1,0,2,1,0,1,0,0000000,7,44,8,0,8,15,0,0,0,1,0
28,280101,1,1,0,0,0,2,2,137,0,15,3,2011,3,10,41,0,4,4,SCOTLAND,,0,34.71434722,-89.907238890,0,32,0,0,1,1,6,0,1,1,0,1,0,0000000,10,49,11,12,11,39,0,0,0,1,1
28,280102,2,2,0,0,0,6,6,45,0,16,3,2011,4,3,12,1,1,1,I-10,,99998,30.34710278,-89.458150000,0,12,1,0,1,1,1,0,2,1,0,1,0,0000000,3,29,3,45,4,15,0,0,0,2,0
28,280103,1,1,0,0,0,1,1,151,990,16,3,2011,4,8,58,0,16,6,HARBOR FRONT RD,,0,33.39913056,-91.044086110,0,42,0,0,1,1,6,0,1,1,0,1,0,0000000,88,88,88,88,88,88,0,0,0,1,0
28,280104,3,3,0,0,0,4,4,35,1050,16,3,2011,4,15,7,1,1,1,I-59,,99998,31.25294722,-89.332366670,0,12,1,0,1,1,1,0,1,1,0,1,0,0000000,15,16,15,42,16,4,0,0,0,1,0
28,280105,2,2,0,0,0,3,3,75,0,16,3,2011,4,20,19,0,4,4,BOLEN LONG CREEK RD,,0,32.34032222,-88.609586110,0,12,6,0,4,1,1,0,2,1,0,1,0,0000000,20,39,20,52,21,36,0,0,0,1,0
28,280106,2,2,0,0,0,2,2,151,0,16,3,2011,4,20,59,1,2,2,US-82,DELTA VILLAGE ST,99998,33.31894722,-91.118288890,0,12,6,0,2,3,1,0,3,1,0,1,0,0000000,88,88,88,88,88,88,0,0,0,1,0
28,280107,1,1,0,0,0,1,1,63,0,17,3,2011,5,19,15,0,4,3,SR-28,,99998,31.66640278,-90.990058330,0,35,0,0,1,1,6,0,2,1,0,1,0,0000000,19,39,20,0,99,99,0,0,0,1,0
28,280108,1,1,0,0,0,1,1,49,1220,19,3,2011,7,4,11,0,16,6,HIGHLAND DR,,0,32.28680556,-90.240283330,0,42,0,0,1,1,6,0,2,1,0,1,0,0000000,88,88,88,88,88,88,0,0,0,1,1
28,280109,1,1,0,0,0,11,11,49,1220,19,3,2011,7,13,1,1,1,1,I-220,,99998,32.29337222,-90.232858330,0,1,0,0,1,1,6,0,1,1,0,1,0,0000000,13,3,13,20,13,40,0,0,0,2,0
28,280110,2,2,0,0,0,4,4,29,0,19,3,2011,7,13,28,0,4,4,BETHESDA RD,,0,31.87661111,-90.365252780,0,12,2,0,1,1,1,0,1,1,0,1,0,0000000,14,0,14,22,14,52,0,0,0,1,0
28,280111,1,1,0,0,0,3,3,95,0,19,3,2011,7,17,56,0,2,3,SR-25,,99998,33.80782222,-88.572205560,0,34,0,0,1,1,6,0,1,1,0,1,0,0000000,18,40,19,19,19,42,0,0,0,1,0
28,280112,1,1,0,0,0,2,2,85,0,20,3,2011,1,0,28,0,4,4,CASEYVILLE RD,,0,31.69852222,-90.614033330,0,42,0,0,1,1,6,0,2,1,0,1,0,0000000,1,10,1,51,2,22,0,0,0,1,0
28,280113,1,1,0,0,0,1,1,109,0,20,3,2011,1,15,14,0,4,3,SR-43,,99998,31.04811667,-89.746455560,0,42,0,0,1,1,6,0,1,1,0,1,0,0000000,88,88,88,88,88,88,0,0,0,1,0
28,280114,2,2,0,0,0,2,2,137,0,20,3,2011,1,18,3,0,4,4,OLD MEPHIS OXFORD,,0,34.63753333,-89.751563890,0,12,2,0,1,1,1,0,1,1,0,1,0,0000000,88,88,88,88,88,88,0,0,0,1,0
28,280115,1,1,0,0,0,2,2,35,0,20,3,2011,1,19,37,1,2,2,US-98,,99998,31.23471111,-89.208427780,0,32,0,0,1,1,8,0,2,1,0,1,0,0000000,20,2,20,36,20,50,0,0,0,1,0
28,280116,3,3,0,0,0,4,4,47,0,20,3,2011,1,20,12,0,4,3,SR-67,BIG JOHN RD,99998,30.51032778,-88.936900000,0,12,6,0,2,2,1,0,2,1,0,1,0,0000000,20,20,20,42,21,20,0,0,0,1,0
28,280117,1,1,0,0,0,3,3,135,0,20,3,2011,1,20,41,0,4,4,TATUM POND RD,,0,34.00236667,-89.981502780,0,42,0,0,1,1,6,0,2,1,0,1,0,0000000,20,59,21,13,21,40,0,0,0,1,0
28,280118,1,1,0,1,1,2,2,37,0,21,3,2011,2,7,29,0,4,3,SR-33,,99998,31.50575278,-90.752863890,0,8,0,0,1,1,1,0,1,1,0,1,0,0000000,88,88,88,88,88,88,0,0,0,1,0
28,280119,2,2,0,0,0,2,2,137,0,22,3,2011,3,21,4,0,4,3,SR-35,MILAN LANE,99998,34.66025278,-89.810400000,0,12,6,0,2,3,1,0,2,1,0,1,0,0000000,88,88,88,88,88,88,0,0,0,1,0
28,280120,1,1,0,0,0,3,3,109,0,22,3,2011,3,22,35,0,4,4,CHARLIE WALKER RD,,0,30.57212778,-89.764308330,0,34,0,0,1,1,6,0,2,1,0,1,0,0000000,22,44,22,59,23,15,0,0,0,1,0
28,280121,2,2,0,0,0,2,2,89,0,23,3,2011,4,6,56,0,4,3,SR-51,HOY RD,99998,32.46465833,-90.109391670,0,12,6,0,2,2,1,0,4,1,0,1,0,0000000,7,11,7,38,8,0,0,0,0,1,0
28,280122,1,1,0,0,0,1,1,31,0,23,3,2011,4,20,14,0,4,4,SALEM CHURCH RD,,0,31.74353333,-89.569644440,0,34,0,0,1,1,6,0,2,1,0,1,0,0000000,88,88,88,88,88,88,0,0,0,1,0
28,280123,1,1,0,0,0,1,1,95,0,25,3,2011,6,13,14,0,4,4,WOLFE RD,,0,33.65428056,-88.341063890,0,34,0,0,1,1,6,0,1,1,0,1,0,0000000,88,88,88,88,88,88,0,0,0,1,0
28,280124,1,1,0,0,0,2,2,73,0,26,3,2011,7,3,8,1,1,1,I-59,,99998,31.07793056,-89.385880560,0,42,0,0,1,1,6,0,2,1,0,1,0,0000000,88,88,88,88,88,88,0,0,0,2,0
28,280125,1,1,0,0,0,1,1,49,1220,26,3,2011,7,15,18,1,1,1,I-55,,99998,32.30280556,-90.166630560,0,23,0,0,1,1,3,0,1,1,0,1,0,0000000,15,20,15,36,15,40,0,0,0,1,0
28,280126,2,2,0,0,0,4,4,11,480,27,3,2011,1,16,10,0,16,3,SR-8,MARTIN LUTHER KING,99998,33.74710833,-90.710891670,0,12,6,0,2,2,1,0,1,2,0,2,0,0000000,16,13,16,36,16,50,0,0,0,2,1
28,280127,1,1,0,1,1,3,3,47,1020,29,3,2011,3,17,16,0,16,6,PASS RD,,0,30.38094722,-89.080711110,0,8,0,0,1,1,1,0,1,2,0,2,0,0000000,17,33,17,50,18,18,0,0,0,1,1
28,280128,1,1,0,0,0,1,1,47,230,29,3,2011,3,18,9,1,1,1,I-10,,99998,30.44145833,-89.050241670,0,21,0,0,1,1,3,0,5,1,0,1,0,0000000,88,88,88,88,88,88,0,0,0,1,0
28,280129,1,1,0,0,0,1,1,127,0,30,3,2011,4,10,55,0,4,3,SR-478,,99998,31.79410278,-90.063900000,0,35,0,0,1,1,6,0,1,2,0,2,0,0000000,88,88,88,88,88,88,0,0,0,1,0
28,280130,2,2,0,0,0,2,2,49,0,31,3,2011,5,6,49,0,6,4,TERRY,,0,32.14491389,-90.300022220,0,12,2,0,1,1,1,0,1,1,0,1,0,0000000,6,55,7,12,7,30,0,0,0,1,0
28,280131,2,2,0,0,0,3,3,11,0,1,4,2011,6,7,35,1,2,2,US-61,CO RD 450,99998,33.55891944,-90.798213890,0,12,6,1,2,3,1,0,1,1,0,1,1,0000000,7,45,8,11,8,40,0,0,0,1,0
28,280132,2,2,0,0,0,2,2,163,0,1,4,2011,6,9,35,1,2,2,US-49,DOVER RD,99998,32.70707222,-90.373622220,0,12,6,0,2,3,1,0,1,1,0,1,0,0000000,9,41,9,52,10,20,0,0,0,1,0
28,280133,2,2,0,0,0,3,3,115,0,2,4,2011,7,13,41,0,4,3,SR-9,,99998,34.23300556,-89.101030560,0,12,2,0,1,1,1,0,1,1,0,1,0,0000000,88,88,88,88,88,88,0,0,0,3,0
28,280134,1,1,0,0,0,1,1,107,0,3,4,2011,1,1,56,0,4,3,SR-315,,99998,34.23582500,-89.748130560,0,1,0,0,1,1,6,0,2,1,0,1,0,0000000,88,88,88,88,88,88,0,0,0,1,1
28,280135,5,5,0,0,0,9,9,47,1020,3,4,2011,1,3,11,1,1,1,I-10,,99998,30.43256944,-89.094302780,0,12,1,0,1,1,1,0,3,1,0,1,0,0000000,3,18,3,30,3,49,0,0,0,2,1
28,280136,1,1,0,0,0,1,1,29,0,4,4,2011,2,17,35,0,4,4,RUBY RD,,0,31.99177222,-90.251055560,0,42,0,0,1,1,6,0,1,2,0,2,0,0000000,88,88,88,88,88,88,0,0,0,1,0
28,280137,2,2,0,0,0,4,4,47,0,6,4,2011,4,7,26,0,4,3,SR-605,WHITESTAR RD,99998,30.52925556,-89.032558330,0,12,6,0,2,2,1,0,1,1,0,1,0,0000000,7,33,7,49,8,11,0,0,0,1,0
28,280138,1,1,0,0,0,1,1,73,0,6,4,2011,4,11,10,0,4,4,RICHBURG,,0,31.14855000,-89.409400000,0,19,0,0,1,1,6,0,1,1,0,1,0,0000000,88,88,88,88,88,88,0,0,0,1,0
28,280139,1,1,0,1,1,1,1,3,0,7,4,2011,5,10,20,0,4,4,CO RD 180,,0,34.94185000,-88.629069440,0,8,0,0,1,1,2,0,1,1,0,1,0,0000000,88,88,88,88,88,88,0,0,0,1,0
28,280140,1,1,0,0,0,2,2,57,910,8,4,2011,6,9,19,0,16,6,WILLOW ST,,0,34.27268056,-88.385783330,0,33,0,0,1,1,6,0,1,10,0,10,0,0000000,9,22,9,39,10,22,0,0,0,1,0
28,280141,1,1,0,0,0,1,1,129,0,8,4,2011,6,17,24,0,13,3,SR-18,,99998,32.04635000,-89.563980560,0,35,0,0,1,1,6,0,1,1,0,1,0,0000000,88,88,88,88,88,88,0,0,0,1,0
28,280142,3,3,0,0,0,4,4,129,0,8,4,2011,6,20,0,0,4,3,SR-37,,99998,31.85824167,-89.446133330,0,12,2,0,1,1,1,0,2,1,0,1,0,0000000,20,22,20,40,21,0,0,0,0,1,1
28,280143,3,3,0,0,0,4,4,81,0,9,4,2011,7,5,18,1,2,2,US-78,,99998,34.27658056,-88.584994440,0,12,1,0,1,1,1,0,2,1,0,1,0,0000000,5,48,6,11,6,39,0,0,0,2,0
28,280144,1,1,0,0,0,2,2,81,2610,9,4,2011,7,20,23,0,16,6,45,,0,34.26959444,-88.698550000,0,35,0,0,1,1,6,0,2,1,0,1,0,0000000,20,25,20,36,20,53,0,0,0,1,0