STATE,ST_CASE,VE_TOTAL,VE_FORMS,PVH_INVL,PEDS,PERNOTMVIT,PERMVIT,PERSONS,COUNTY,CITY,DAY,MONTH,YEAR,DAY_WEEK,HOUR,MINUTE,NHS,ROAD_FNC,ROUTE,TWAY_ID,TWAY_ID2,MILEPT,LATITUDE,LONGITUD,SP_JUR,HARM_EV,MAN_COLL,RELJCT1,RELJCT2,TYP_INT,REL_ROAD,WRK_ZONE,LGT_COND,WEATHER1,WEATHER2,WEATHER,SCH_BUS,RAIL,NOT_HOUR,NOT_MIN,ARR_HOUR,ARR_MIN,HOSP_HR,HOSP_MN,CF1,CF2,CF3,FATALS,DRUNK_DR
28,280145,1,1,0,0,0,1,1,93,1140,10,4,2011,1,2,42,0,16,6,MARTIN LUTHER KING,,0,34.78476667,-89.460855560,0,1,0,0,1,1,6,0,2,1,0,1,0,0000000,88,88,88,88,88,88,0,0,0,1,1
28,280146,1,1,0,0,0,1,1,139,0,31,3,2011,5,23,6,0,4,4,CO RD 700,,0,34.75434167,-88.873513890,0,42,0,0,1,1,6,0,2,2,0,2,0,0000000,88,88,88,88,88,88,0,0,0,1,0
28,280147,1,1,0,0,0,3,3,159,0,10,4,2011,1,1,38,0,4,4,HINZE RD,,0,33.06341944,-89.187783330,0,34,0,0,1,1,6,0,2,1,0,1,0,0000000,2,4,2,22,3,0,0,0,0,1,1
28,280148,2,2,0,0,0,3,3,131,0,10,4,2011,1,17,35,0,4,4,PROJECT RD,,0,30.85892778,-89.168902780,0,12,2,0,1,1,1,0,1,1,0,1,0,0000000,17,37,18,0,99,99,0,0,0,1,1
28,280149,2,2,0,0,0,2,2,81,0,12,4,2011,3,7,1,0,4,4,CO RD 251,CO RD 503,0,34.25203889,-88.642930560,0,12,2,0,2,3,1,0,1,1,0,1,0,0000000,88,88,88,88,88,88,0,0,0,1,0
28,280150,2,2,0,0,0,3,3,137,0,12,4,2011,3,13,5,0,3,3,SR-3,,99998,34.71025556,-89.987855560,0,12,2,0,1,1,1,0,1,1,0,1,0,0000000,13,19,13,30,13,52,0,0,0,1,0
28,280151,1,1,0,0,0,1,1,95,0,13,4,2011,4,7,53,0,4,4,HATLEY DETROIT RD,,0,34.00261667,-88.373336110,0,42,0,0,1,1,6,0,1,1,0,1,0,0000000,88,88,88,88,88,88,0,0,0,1,0
28,280152,1,1,0,0,0,1,1,75,0,13,4,2011,4,21,35,0,16,6,POPLAR SPRINGS RD,,0,32.38405556,-88.704772220,0,35,0,0,1,1,6,0,3,1,0,1,0,0000000,21,37,22,0,22,40,0,0,0,1,1
28,280153,2,2,0,0,0,6,6,125,0,15,4,2011,6,9,5,1,2,2,US-61,,99998,32.91350278,-90.868413890,0,12,1,0,1,1,1,0,1,2,0,2,0,0000000,9,30,9,44,10,10,0,0,0,2,0
28,280154,1,1,0,0,0,5,5,35,0,15,4,2011,6,18,15,1,2,2,US-49,,99998,30.95128889,-89.188319440,0,42,0,0,1,1,6,0,2,2,0,2,0,0000000,18,32,19,0,99,99,0,0,0,3,0
28,280155,1,1,0,0,0,2,2,95,0,17,4,2011,1,12,8,0,4,4,MCCULLEN RD,,0,33.91541667,-88.510494440,0,42,0,0,1,1,6,0,1,1,0,1,0,0000000,12,15,12,36,12,55,0,0,0,1,0
28,280156,2,2,0,0,0,2,2,107,0,17,4,2011,1,21,2,0,4,4,OLD PANOLA RD,CONNIE ROSS RD,0,34.52717222,-89.968458330,0,12,6,0,2,3,1,0,3,1,0,1,0,0000000,88,88,88,88,88,88,0,0,0,1,2
28,280157,1,1,0,1,1,3,3,113,0,17,4,2011,1,21,38,1,1,1,I-55,,99998,31.04142500,-90.497688890,0,8,0,0,1,1,1,0,2,1,0,1,0,0000000,88,88,88,88,88,88,0,0,0,1,0
28,280158,1,1,0,0,0,1,1,47,230,18,4,2011,2,3,23,0,16,6,BAYVIEW AVE,,0,30.41096667,-88.884930560,0,1,0,0,1,1,6,0,3,1,0,1,0,0000000,88,88,88,88,88,88,0,0,0,1,1
28,280159,1,1,0,0,0,3,3,5,0,18,4,2011,2,13,20,0,4,3,SR-584,,99998,31.10938889,-90.735697220,0,34,0,0,1,1,6,0,1,1,0,1,0,0000000,88,88,88,88,88,88,0,0,0,1,0
28,280160,1,1,0,0,0,1,1,49,1220,18,4,2011,2,17,41,0,16,6,OB CURTIS DR,,0,32.41143333,-90.094372220,0,30,0,0,1,1,6,0,1,1,0,1,0,0000000,88,88,88,88,88,88,0,0,0,1,1
28,280161,1,1,0,0,0,2,2,153,0,19,4,2011,3,1,29,0,4,4,WAYNESBORO-SHUBUTA,,0,31.66382778,-88.615808330,0,34,0,0,1,1,6,0,2,1,0,1,0,0000000,1,35,2,0,2,16,0,0,0,1,1
28,280162,1,1,0,0,0,1,1,163,0,19,4,2011,3,6,44,1,1,1,I-55,,99998,32.83546111,-90.050125000,0,35,0,0,1,1,6,0,4,1,0,1,0,0000000,88,88,88,88,88,88,0,0,0,1,0
28,280163,1,1,0,0,0,1,1,109,0,19,4,2011,3,17,34,0,4,4,RESTERTOWN RD,,0,30.73538056,-89.410558330,0,34,0,0,1,1,6,0,1,1,0,1,0,0000000,88,88,88,88,88,88,0,0,0,1,0
28,280164,1,1,0,1,1,1,1,49,1220,19,4,2011,3,20,19,0,16,6,FRONTAGE RD,,0,32.25973611,-90.209555560,0,8,0,0,1,1,1,0,2,1,0,1,0,0000000,88,88,88,88,88,88,0,0,0,1,0
28,280165,1,1,0,1,1,1,1,35,1050,20,4,2011,4,0,22,0,16,6,49,,0,31.34923889,-89.337602780,0,8,0,0,1,1,1,0,3,1,0,1,0,0000000,88,88,88,88,88,88,0,0,0,1,1
28,280166,2,2,0,0,0,2,2,65,0,20,4,2011,4,19,19,1,2,2,US-84,COUNTRY CLUB RD,99998,31.60467222,-89.884813890,0,12,1,0,2,3,1,0,1,1,0,1,0,0000000,88,88,88,88,88,88,0,0,0,1,0
28,280167,1,1,0,1,1,3,3,49,0,20,4,2011,4,19,58,0,4,3,SR-27,,99998,32.06271944,-90.520736110,0,8,0,0,1,1,1,0,1,1,0,1,0,0000000,88,88,88,88,88,88,0,0,0,1,0
28,280168,1,1,0,0,0,2,2,47,1020,22,4,2011,6,12,42,1,2,2,US-90,,99998,30.36628333,-89.092813890,0,38,0,0,1,1,6,0,1,1,0,1,0,0000000,12,46,13,13,13,30,0,0,0,1,0
28,280169,2,2,0,0,0,2,2,93,0,22,4,2011,6,21,22,0,4,4,N SLAYDEN RD,CONCORD RD,0,34.97909722,-89.440813890,0,12,6,0,2,3,1,0,2,1,0,1,0,0000000,88,88,88,88,88,88,0,0,0,1,2
28,280170,2,2,0,0,0,2,2,81,0,22,4,2011,6,21,39,1,2,2,US-45,BREWER RD,99998,34.16987778,-88.703183330,0,12,1,0,1,1,1,0,2,1,0,1,0,0000000,88,88,88,88,88,88,0,0,0,1,0
28,280171,3,3,0,0,0,5,5,57,0,22,4,2011,6,22,44,1,2,2,US-78,,99998,34.27750278,-88.365783330,0,12,2,0,1,1,1,0,2,1,0,1,0,0000000,22,57,0,13,0,39,0,0,0,1,1
28,280172,2,2,0,0,0,4,4,99,0,23,4,2011,7,2,34,0,4,3,SR-16,INDUSTRIAL RD,99998,32.76926944,-89.190638890,0,12,6,0,2,2,1,0,3,1,0,1,0,0000000,3,0,3,13,3,42,0,0,0,2,0
28,280173,2,2,0,0,0,4,4,67,0,23,4,2011,7,12,37,1,2,2,US-84,MASONITE LAKE RD,99998,31.66368333,-88.997069440,0,12,6,0,2,2,1,0,1,1,0,1,0,0000000,88,88,88,88,88,88,0,0,0,2,0
28,280174,1,1,0,0,0,1,1,99,0,23,4,2011,7,23,10,0,4,4,CO RD 0022,,0,32.78839167,-89.090108330,0,34,0,0,1,1,6,0,2,1,0,1,0,0000000,88,88,88,88,88,88,0,0,0,1,1
28,280175,1,1,0,0,0,2,2,35,0,24,4,2011,1,12,4,1,1,1,I-59,,99998,31.36176389,-89.341894440,0,42,0,0,1,1,6,0,1,1,0,1,0,0000000,12,28,12,39,99,99,0,0,0,2,0
28,280176,1,1,0,0,0,1,1,139,0,24,4,2011,1,17,8,0,4,3,SR-15,,99998,34.62120000,-88.975094440,0,1,0,0,1,1,6,0,1,1,0,1,0,0000000,17,15,17,39,18,12,0,0,0,1,0
28,280177,1,1,0,0,0,1,1,99,0,24,4,2011,1,20,50,0,4,3,SR-482,,99998,32.79784444,-89.164138890,0,42,0,0,1,1,6,0,2,1,0,1,0,0000000,88,88,88,88,88,88,0,0,0,1,0
28,280178,1,1,0,0,0,1,1,39,0,25,4,2011,2,23,19,0,4,4,BEXLEY RD,,0,30.99300556,-88.655097220,0,42,0,0,1,1,6,0,2,1,0,1,0,0000000,88,88,88,88,88,88,0,0,0,1,0
28,280179,2,2,0,0,0,3,3,115,0,26,4,2011,3,15,22,0,4,4,DOZIER HILL RD,,0,34.27643889,-88.887633330,0,12,1,0,1,1,1,0,1,1,0,1,0,0000000,15,48,16,11,16,38,0,0,0,1,0
28,280180,1,1,0,0,0,1,1,71,0,27,4,2011,4,3,42,0,4,3,SR-30,,99998,34.44931667,-89.265888890,0,30,0,0,1,1,6,0,2,2,0,2,0,0000000,88,88,88,88,88,88,0,0,0,1,0
28,280181,2,2,0,0,0,2,2,75,0,28,4,2011,5,11,32,0,4,4,OLD HWY 80,,0,32.39692222,-88.612461110,0,12,2,0,1,1,1,0,1,1,0,1,0,0000000,11,43,12,0,12,30,0,0,0,1,0
28,280182,1,1,0,0,0,1,1,71,1860,28,4,2011,5,14,42,0,16,2,US-278,,99998,34.30828611,-89.297302780,0,31,0,0,1,1,6,0,1,1,0,1,0,0000000,14,44,14,50,15,19,0,0,0,1,0
28,280183,2,2,0,0,0,2,2,45,0,28,4,2011,5,19,22,1,2,2,US-90,LAKESHORE RD,99998,30.29976111,-89.456219440,0,12,6,0,2,3,1,0,1,1,0,1,0,0000000,88,88,88,88,88,88,0,0,0,1,0
28,280184,1,1,0,0,0,2,2,121,0,30,4,2011,7,23,5,0,4,4,APPLEWOOD,,0,32.20521111,-89.968758330,0,35,0,0,1,1,6,0,3,1,0,1,0,0000000,23,6,23,12,23,46,0,0,0,1,1
28,280185,1,1,0,0,0,4,4,85,0,1,5,2011,1,15,43,1,1,1,I-55,,99998,31.49053056,-90.478033330,0,35,0,0,1,1,3,0,1,1,0,1,0,0000000,16,0,16,16,16,30,0,0,0,2,0
28,280186,1,1,0,1,1,1,1,11,480,2,5,2011,2,10,59,0,16,6,MARTIN LUTHER KING,THIRD ST,0,33.78852778,-90.854230560,0,8,0,0,2,2,1,0,1,1,0,1,0,0000000,88,88,88,88,88,88,0,0,0,1,0
28,280187,1,1,0,1,1,1,1,51,0,2,5,2011,2,20,50,0,4,3,SR-17,,99998,33.17085833,-90.047763890,0,8,0,0,1,1,1,0,2,1,0,1,0,0000000,21,18,21,30,21,46,0,0,0,1,0
28,280188,1,1,0,0,0,1,1,39,0,3,5,2011,3,9,23,1,2,2,US-98,,99998,30.95310000,-88.601175000,0,1,0,0,1,1,6,0,1,1,0,1,0,0000000,88,88,88,88,88,88,0,0,0,1,0
28,280189,2,2,0,0,0,4,4,47,230,3,5,2011,3,19,1,1,2,2,US-90,,99998,30.39349722,-88.944841670,0,12,2,0,1,1,1,0,5,2,0,2,0,0000000,19,3,19,20,19,47,0,0,0,1,0
28,280190,2,2,0,0,0,3,3,145,0,4,5,2011,4,14,46,0,4,3,SR-15,,99998,34.44407778,-89.015263890,0,12,2,0,1,1,1,0,1,1,0,1,0,0000000,14,59,15,32,16,0,0,0,0,1,1
28,280191,1,1,0,0,0,1,1,67,0,5,5,2011,5,17,13,0,4,4,WILLKNIGHT RD,,0,31.75510278,-89.240827780,0,42,0,0,1,1,6,0,1,1,0,1,0,0000000,88,88,88,88,88,88,0,0,0,1,0
28,280192,2,2,0,0,0,2,2,89,400,6,5,2011,6,18,45,0,16,6,PEACE ST,HICKORY ST,0,32.61255556,-90.038183330,0,12,6,0,2,3,1,0,1,1,0,1,0,0000000,18,49,19,0,19,16,0,0,0,1,1
28,280193,2,2,0,0,0,2,2,45,0,7,5,2011,7,20,2,0,4,4,DEDEAUX RD,,0,30.48115000,-89.352577780,0,12,2,0,1,1,1,0,2,1,0,1,0,0000000,20,10,20,42,99,99,0,0,0,1,1
28,280194,1,1,0,0,0,1,1,123,0,8,5,2011,1,2,17,0,4,3,SR-13,,99998,32.04504167,-89.555569440,0,42,0,0,1,1,6,0,2,1,0,1,0,0000000,88,88,88,88,88,88,0,0,0,1,0
28,280195,1,1,0,0,0,3,3,47,0,8,5,2011,1,3,0,1,1,1,I-10,,99998,30.45395833,-88.853972220,0,5,0,0,1,1,1,0,2,1,0,1,0,0000000,88,88,88,88,88,88,0,0,0,1,0
28,280196,1,1,0,0,0,1,1,159,0,9,5,2011,2,1,27,0,4,4,STURGIS RD,,0,33.20860278,-89.038266670,0,34,0,0,1,1,6,0,2,1,0,1,0,0000000,88,88,88,88,88,88,0,0,0,1,1
28,280197,1,1,0,0,0,1,1,53,0,10,5,2011,3,7,8,0,4,3,SR-7,,99998,33.20978889,-90.487755560,0,35,0,0,1,1,6,0,1,1,0,1,0,0000000,88,88,88,88,88,88,0,0,0,1,0
28,280198,1,1,0,0,0,1,1,85,0,10,5,2011,3,11,48,0,4,4,HEUCKS RETREAT RD,,0,31.62575833,-90.349416670,0,42,0,0,1,1,6,0,1,1,0,1,0,0000000,88,88,88,88,88,88,0,0,0,1,0
28,280199,2,2,0,0,0,2,2,83,0,13,5,2011,6,8,20,1,2,2,US-82,139,99998,33.46051944,-90.436019440,0,12,6,0,2,3,1,0,1,2,0,2,0,0000000,8,32,9,0,99,99,0,0,0,1,0
28,280200,2,2,0,0,0,3,3,95,0,13,5,2011,6,12,50,1,2,2,US-45,,99998,33.97301111,-88.613705560,0,12,6,0,1,1,1,0,1,1,0,1,0,0000000,13,25,13,42,14,0,0,0,0,1,0
28,280201,2,2,0,0,0,4,4,127,0,13,5,2011,6,21,47,0,4,3,SR-540,POPLAR SPRINGS RD,99998,31.96457778,-89.778813890,0,12,6,0,2,3,1,0,2,1,0,1,0,0000000,21,56,22,13,22,42,0,0,0,1,0
28,280202,2,2,0,0,0,3,3,125,0,14,5,2011,7,0,45,1,2,2,US-61,,99998,32.78965556,-90.930019440,0,12,2,0,1,1,1,0,2,1,0,1,0,0000000,1,17,1,39,2,11,0,0,0,1,0
28,280203,1,1,0,0,0,1,1,59,0,14,5,2011,7,7,53,0,4,4,PAIGE BAYOU RD,,0,30.50149167,-88.658938890,0,30,0,0,1,1,6,0,1,1,0,1,0,0000000,88,88,88,88,88,88,0,0,0,1,0
28,280204,2,2,0,0,0,2,2,81,2610,14,5,2011,7,20,3,0,16,6,W JACKSON EXT,,0,34.27470278,-88.727344440,0,12,2,0,1,1,1,0,3,1,0,1,0,0000000,88,88,88,88,88,88,0,0,0,1,2
28,280205,1,1,0,0,0,1,1,101,0,15,5,2011,1,9,31,0,14,2,US-80,,99998,32.33105556,-89.055347220,0,42,0,0,1,1,6,0,1,1,0,1,0,0000000,88,88,88,88,88,88,0,0,0,1,0
28,280206,2,2,0,0,0,8,8,67,0,15,5,2011,1,14,50,0,3,2,US-11,,99998,31.53913333,-89.262608330,0,12,7,0,1,1,1,0,1,1,0,1,0,0000000,0,0,0,0,0,0,0,0,0,5,0
28,280207,1,1,0,0,0,1,1,33,0,16,5,2011,2,16,22,0,4,3,SR-305,,99998,34.86158333,-90.071819440,0,34,0,0,1,1,6,0,1,1,0,1,0,0000000,88,88,88,88,88,88,0,0,0,1,0
28,280208,1,1,0,0,0,1,1,81,0,17,5,2011,3,6,21,0,4,3,SR-371,,99998,34.28675833,-88.565469440,0,42,0,0,1,1,6,0,1,1,0,1,0,0000000,6,34,7,0,7,30,0,0,0,1,0
28,280209,2,2,0,0,0,3,3,87,540,17,5,2011,3,13,36,0,13,2,US-45,18TH AVE,99998,33.51616389,-88.434533330,0,12,6,0,2,2,1,0,1,1,0,1,0,0000000,13,47,14,2,14,22,0,0,0,1,0
28,280210,1,1,0,0,0,1,1,95,0,18,5,2011,4,2,58,0,4,2,US-278,,99998,33.83990833,-88.412302780,0,42,0,0,1,1,6,0,2,1,0,1,0,0000000,88,88,88,88,88,88,0,0,0,1,1
28,280211,1,1,0,0,0,1,1,49,490,18,5,2011,4,21,55,0,16,6,KICKAPOO RD,,0,32.39985556,-90.299850000,0,42,0,0,1,1,6,0,2,1,0,1,0,0000000,88,88,88,88,88,88,0,0,0,1,1
28,280212,1,1,0,0,0,1,1,99,0,19,5,2011,5,8,0,0,4,4,OSWALD RD,,0,32.75609722,-89.225891670,0,35,0,0,1,1,6,0,1,1,0,1,0,0000000,8,11,8,36,99,99,0,0,0,1,0
28,280213,4,4,0,0,0,6,6,107,120,19,5,2011,5,13,34,0,16,3,SR-6,,99998,34.30941389,-89.957813890,0,12,8,0,1,1,1,0,1,1,0,1,0,0000000,13,36,13,50,14,10,0,0,0,1,0
28,280214,1,1,0,0,0,2,2,107,0,25,2,2011,6,0,8,0,4,4,HAMMOND HILL RD,,0,34.60145833,-90.003991670,0,34,0,0,1,1,6,0,2,2,0,2,0,0000000,88,88,88,88,88,88,0,0,0,2,1
28,280215,4,4,0,0,0,6,6,89,2130,26,3,2011,7,14,16,1,2,1,I-220,,99998,32.40087222,-90.175525000,0,12,2,0,1,1,1,0,1,1,0,1,0,0000000,14,18,14,30,14,52,0,0,0,1,0
28,280216,2,2,0,0,0,5,5,3,0,16,4,2011,7,18,11,0,4,4,CO RD 515,,0,34.87293889,-88.619541670,0,12,2,0,1,1,1,0,1,1,0,1,0,0000000,18,26,19,0,19,51,0,0,0,1,0
28,280217,1,1,0,0,0,2,2,67,0,21,4,2011,5,21,23,0,4,4,NED DILLARD RD,CHOCTAW RD,0,31.77388333,-89.001672220,0,42,0,0,2,3,6,0,1,1,0,1,0,0000000,21,29,21,42,22,20,0,0,0,1,1
28,280218,2,2,0,0,0,3,3,109,1950,9,5,2011,2,14,29,0,16,3,SR-43,,99998,30.71881667,-89.554025000,0,12,6,0,1,1,1,0,1,1,0,1,0,0000000,14,36,14,52,15,20,0,0,0,2,0
28,280219,1,1,0,1,1,2,2,89,400,9,5,2011,2,23,17,0,16,3,SR-16,,99998,32.61266389,-90.019441670,0,8,0,0,1,1,1,0,2,1,0,1,0,0000000,23,34,23,50,0,26,0,0,0,1,0
28,280220,2,2,0,0,0,2,2,35,0,20,5,2011,6,11,34,0,4,3,SR-588,,99998,31.23610556,-89.458622220,0,12,6,0,1,1,1,0,1,1,0,1,0,0000000,88,88,88,88,88,88,0,0,0,1,0
28,280221,1,1,0,0,0,2,2,97,0,20,5,2011,6,12,16,1,1,1,I-55,,99998,33.48287500,-89.764061110,0,1,0,0,1,1,6,0,1,1,0,1,0,0000000,88,88,88,88,88,88,0,0,0,2,0
28,280222,1,1,0,0,0,1,1,79,0,20,5,2011,6,19,23,1,2,3,SR-25,,99998,32.92891389,-89.322066670,0,35,0,0,1,1,3,0,1,1,0,1,0,0000000,88,88,88,88,88,88,0,0,0,1,0
28,280223,2,2,0,0,0,2,2,93,0,21,5,2011,7,9,21,0,4,4,WALL HILL RD,,0,34.71426111,-89.706050000,0,12,1,0,1,1,1,0,1,1,0,1,0,0000000,9,38,9,46,10,10,0,0,0,1,0
28,280224,1,1,0,0,0,1,1,57,0,21,5,2011,7,14,44,0,4,4,OLD HWY 25,,0,34.29402778,-88.358530560,0,42,0,0,1,1,6,0,1,1,0,1,0,0000000,14,51,15,22,15,55,0,0,0,1,0
28,280225,1,1,0,0,0,5,5,105,0,21,5,2011,7,14,53,0,4,4,OKTOC RD,,0,33.36272222,-88.757172220,0,38,0,0,1,1,6,0,1,1,0,1,0,0000000,15,0,15,15,15,36,0,0,0,1,1
28,280226,4,4,0,0,0,5,5,87,540,21,5,2011,7,21,59,0,16,6,MAIN ST,,0,33.49559722,-88.389300000,0,12,1,0,1,1,1,0,3,1,0,1,0,0000000,88,88,88,88,88,88,0,0,0,1,1
28,280227,2,2,0,0,0,2,2,45,0,22,5,2011,1,14,34,0,4,4,FIRETOWER RD,,0,30.45144722,-89.417038890,0,12,6,0,1,1,1,0,1,1,0,1,0,0000000,14,45,14,58,15,18,0,0,0,1,0
28,280228,2,2,0,0,0,3,3,59,0,23,5,2011,2,18,18,1,2,2,US-90,HALEY'S CIRCLE,99998,30.42119167,-88.458630560,0,12,6,0,2,2,1,0,1,1,0,1,0,0000000,18,40,18,50,19,22,0,0,0,1,0
28,280229,1,1,0,1,1,1,1,97,0,23,5,2011,2,21,14,1,2,2,US-82,,99998,33.46964722,-89.612302780,0,8,0,0,1,1,1,0,2,1,0,1,0,0000000,21,14,21,29,21,36,0,0,0,1,0
28,280230,2,2,0,0,0,2,2,33,0,24,5,2011,3,8,1,0,4,4,STARLANDING RD,WILSON MILL RD,0,34.90405833,-90.166661110,0,12,6,0,2,2,1,0,1,1,0,1,0,0000000,8,20,8,52,9,11,0,0,0,1,0
28,280231,2,2,0,0,0,2,2,31,0,24,5,2011,3,9,21,1,2,2,US-84,MAIN ST,99998,31.65096944,-89.549775000,0,12,6,0,2,3,1,0,1,1,0,1,0,0000000,9,43,10,0,10,20,0,0,0,1,0
28,280232,2,2,0,0,0,3,3,35,0,26,5,2011,5,11,34,0,4,4,APP SLADE RD,,0,31.12812500,-89.324941670,0,12,2,0,1,1,1,0,1,2,0,2,0,0000000,11,47,12,0,12,22,0,0,0,1,0
28,280233,2,2,0,0,0,3,3,101,0,26,5,2011,5,12,47,1,1,1,I-20,,99998,32.33986944,-89.137916670,0,12,6,0,1,1,1,0,1,1,0,1,0,0000000,88,88,88,88,88,88,0,0,0,2,0
28,280234,1,1,0,0,0,3,3,71,0,27,5,2011,6,9,28,0,4,2,US-278,,99998,34.35399444,-89.472569440,0,35,0,0,1,1,6,0,1,1,0,1,0,0000000,9,45,10,11,10,39,0,0,0,1,0
28,280235,1,1,0,0,0,1,1,61,0,27,5,2011,6,15,31,0,4,3,SR-528,,99998,31.92466667,-89.074875000,0,42,0,0,1,1,6,0,1,1,0,1,0,0000000,15,58,16,30,16,50,0,0,0,1,0
28,280236,1,1,0,0,0,1,1,77,0,27,5,2011,6,21,57,0,4,4,RIVER RD,,0,31.42829722,-89.989613890,0,1,0,0,1,1,6,0,2,1,0,1,0,0000000,88,88,88,88,88,88,0,0,0,1,1
28,280237,1,1,0,0,0,1,1,25,0,28,5,2011,7,3,26,0,4,3,SR-47,,99998,33.81201111,-88.849655560,0,34,0,0,1,1,6,0,2,1,0,1,0,0000000,88,88,88,88,88,88,0,0,0,1,1
28,280238,1,1,0,0,0,1,1,43,0,29,5,2011,1,5,5,0,3,2,US-51,,99998,33.86428611,-89.850997220,0,42,0,0,1,1,6,0,4,1,0,1,0,0000000,88,88,88,88,88,88,0,0,0,1,1
28,280239,1,1,0,0,0,1,1,161,0,30,5,2011,2,13,41,1,1,1,I-55,,99998,33.94393056,-89.866791670,0,35,0,0,1,1,6,0,1,1,0,1,0,0000000,88,88,88,88,88,88,0,0,0,1,0
28,280240,1,1,0,0,0,8,8,23,0,30,5,2011,2,13,55,1,2,2,US-45,,99998,31.97903056,-88.720563890,0,21,0,0,1,1,6,0,1,1,0,1,0,0000000,14,6,14,42,15,20,0,0,0,4,0
28,280241,1,1,0,0,0,7,7,51,0,30,5,2011,2,15,9,1,1,1,I-55,,99998,33.05989722,-89.906616670,0,1,0,0,1,1,6,0,1,1,0,1,0,0000000,15,17,15,30,15,58,0,0,0,1,0
28,280242,1,1,0,0,0,1,1,59,0,30,5,2011,2,16,28,0,4,4,LEMOYNE BLVD,OLD LEMOYNE BLVD,0,30.44334722,-88.843002780,0,35,0,0,2,3,6,0,1,1,0,1,0,0000000,88,88,88,88,88,88,0,0,0,1,0
28,280243,1,1,0,0,0,4,4,121,2125,31,5,2011,3,1,45,1,12,2,US-49,,99998,32.22427500,-90.157841670,0,34,0,0,1,1,6,0,3,1,0,1,0,0000000,1,47,2,0,2,15,0,0,0,1,1
28,280244,1,1,0,0,0,1,1,51,0,31,5,2011,3,12,15,1,12,2,US-49,,99998,33.09506389,-90.308905560,0,35,0,0,1,1,3,0,1,1,0,1,0,0000000,88,88,88,88,88,88,0,0,0,1,0
28,280245,2,2,0,0,0,2,2,121,0,31,5,2011,3,15,14,0,2,3,SR-25,HOLLY BUSH RD,99998,32.39902222,-89.953394440,0,12,6,0,2,2,1,0,1,1,0,1,0,0000000,88,88,88,88,88,88,0,0,0,1,0
28,280246,1,1,0,0,0,1,1,7,0,12,5,2011,5,12,48,0,4,3,SR-35,,99998,33.14969722,-89.645088890,0,42,0,0,1,1,6,0,1,1,0,1,0,0000000,88,88,88,88,88,88,0,0,0,1,0
28,280247,1,1,0,0,0,3,3,7,0,14,5,2011,7,4,17,0,4,3,SR-12,,99998,33.10117778,-89.919747220,0,42,0,0,1,1,6,0,2,1,0,1,0,0000000,4,41,5,12,5,57,0,0,0,1,1
28,280248,1,1,0,0,0,2,2,89,0,2,6,2011,5,11,20,0,4,4,VIRLILIA RD,,0,32.60148611,-90.078319440,0,34,0,0,1,1,6,0,1,1,0,1,0,0000000,11,24,12,0,12,22,0,0,0,1,0
28,280249,2,2,0,0,0,3,3,105,0,2,6,2011,5,12,56,1,2,3,SR-25,LONGVIEW RD,99998,33.40297222,-88.855586110,0,12,6,0,2,2,1,0,1,1,0,1,0,0000000,12,59,13,20,13,33,0,0,0,1,0
28,280250,2,2,0,0,0,4,4,75,1590,3,6,2011,6,11,8,0,16,2,US-11,SHELL STATION,99998,32.32079444,-88.751400000,0,12,6,0,3,1,1,0,1,1,0,1,0,0000000,11,12,11,36,11,58,0,0,0,2,0
28,280251,1,1,0,0,0,1,1,59,0,4,6,2011,7,0,55,0,4,4,TANNER WILLIAMS RD,,0,30.72357500,-88.462600000,0,42,0,0,1,1,6,0,2,1,0,1,0,0000000,88,88,88,88,88,88,0,0,0,1,0
28,280252,1,1,0,0,0,2,2,141,0,4,6,2011,7,8,1,0,4,3,SR-365,294,99998,34.86072222,-88.318791670,0,1,0,0,2,4,6,0,1,1,0,1,0,0000000,8,20,8,36,8,56,0,0,0,1,1
28,280253,1,1,0,1,1,5,5,51,0,5,6,2011,1,14,19,1,2,2,US-49,,99998,33.25139444,-90.227408330,0,8,0,0,1,1,1,0,1,1,0,1,0,0000000,88,88,88,88,88,88,0,0,0,1,0
28,280254,2,2,0,0,0,2,2,53,0,7,6,2011,3,16,11,0,4,3,SR-433,LOCUST GROVE RD,99998,33.07658333,-90.522150000,0,12,6,0,2,3,1,0,1,1,0,1,0,0000000,88,88,88,88,88,88,0,0,0,1,0
28,280255,1,1,0,0,0,1,1,59,0,7,6,2011,3,20,7,0,4,3,SR-57,,99998,30.56067222,-88.712755560,0,30,0,0,1,1,6,0,2,1,0,1,0,0000000,20,20,20,46,99,99,0,0,0,1,0
28,280256,1,1,0,0,0,2,2,89,0,8,6,2011,4,13,46,0,4,4,SHARON RD,,0,32.59151389,-89.936186110,0,34,0,0,1,1,6,0,1,1,0,1,0,0000000,13,52,14,10,14,39,0,0,0,1,0
28,280257,1,1,0,0,0,1,1,49,0,8,6,2011,4,15,3,0,4,4,MT MORIAH RD,,0,32.28129167,-90.615319440,0,42,0,0,1,1,6,0,1,1,0,1,0,0000000,88,88,88,88,88,88,0,0,0,1,1
28,280258,1,1,0,1,1,2,2,163,0,8,6,2011,4,18,20,1,2,2,US-49,,99998,32.81815278,-90.374394440,0,8,0,0,1,1,1,0,1,1,0,1,0,0000000,18,41,18,59,19,22,0,0,0,1,0
28,280259,1,1,0,0,0,2,2,91,0,9,6,2011,5,20,53,0,4,4,GATES RD,,0,31.41881111,-89.696847220,0,42,0,0,1,1,6,0,2,1,0,1,0,0000000,21,26,21,39,22,0,0,0,0,1,0