STATE,ST_CASE,VE_TOTAL,VE_FORMS,PVH_INVL,PEDS,PERNOTMVIT,PERMVIT,PERSONS,COUNTY,CITY,DAY,MONTH,YEAR,DAY_WEEK,HOUR,MINUTE,NHS,ROAD_FNC,ROUTE,TWAY_ID,TWAY_ID2,MILEPT,LATITUDE,LONGITUD,SP_JUR,HARM_EV,MAN_COLL,RELJCT1,RELJCT2,TYP_INT,REL_ROAD,WRK_ZONE,LGT_COND,WEATHER1,WEATHER2,WEATHER,SCH_BUS,RAIL,NOT_HOUR,NOT_MIN,ARR_HOUR,ARR_MIN,HOSP_HR,HOSP_MN,CF1,CF2,CF3,FATALS,DRUNK_DR
28,280260,1,1,0,0,0,1,1,75,0,10,6,2011,6,2,33,0,4,3,SR-19,,99998,32.37923611,-88.746677780,0,35,0,0,1,1,6,0,2,1,0,1,0,0000000,88,88,88,88,88,88,0,0,0,1,0
28,280261,2,2,0,0,0,3,3,131,2820,10,6,2011,6,13,23,0,16,6,N AZALEA DR,HALL ST,0,30.85541944,-89.158075000,0,12,6,0,2,2,1,0,1,1,0,1,0,0000000,13,25,13,50,14,26,0,0,0,1,0
28,280262,1,1,0,0,0,2,2,81,0,11,6,2011,7,0,28,0,4,4,STATE PARK RD,,0,34.23727222,-88.607580560,0,42,0,0,1,1,6,0,2,1,0,1,0,0000000,0,34,1,0,1,25,0,0,0,1,1
28,280263,1,1,0,0,0,6,6,57,0,12,6,2011,1,11,57,0,4,2,US-78,,99998,34.21776389,-88.218713890,0,1,0,0,1,1,6,0,1,1,0,1,0,0000000,12,5,12,36,13,0,0,0,0,1,0
28,280264,2,2,0,0,0,3,3,45,0,12,6,2011,1,16,42,1,2,2,US-90,LAKESHORE DR,99998,30.29983333,-89.456263890,0,12,6,0,2,3,1,0,1,1,0,1,0,0000000,17,1,17,17,17,30,0,0,0,2,0
28,280265,1,1,0,0,0,2,2,11,0,12,6,2011,1,22,15,0,4,3,SR-1,,99998,33.87615278,-91.012844440,0,1,0,0,1,1,6,0,2,1,0,1,0,0000000,23,0,23,22,0,1,0,0,0,1,0
28,280266,1,1,0,0,0,1,1,149,0,12,6,2011,1,22,29,0,4,4,GIBSON RD,,0,32.49124722,-90.708747220,0,34,0,0,1,1,6,0,2,1,0,1,0,0000000,88,88,88,88,88,88,0,0,0,1,1
28,280267,1,1,0,0,0,1,1,107,0,15,6,2011,4,22,49,0,4,4,SEE CHAPEL RD,,0,34.53268611,-90.155097220,0,34,0,0,1,1,6,0,2,1,0,1,0,0000000,23,12,23,30,99,99,0,0,0,1,0
28,280268,2,2,0,0,0,2,2,107,0,17,6,2011,6,14,22,0,4,2,US-278,CENTRAL ACADEMY RD,99998,34.32763056,-89.807311110,0,12,6,0,2,2,1,0,1,1,0,1,0,0000000,88,88,88,88,88,88,0,0,0,1,0
28,280269,1,1,0,0,0,1,1,85,0,18,6,2011,7,7,23,0,4,3,SR-583,,99998,31.53395833,-90.505413890,0,42,0,0,1,1,6,0,2,1,0,1,0,0000000,88,88,88,88,88,88,0,0,0,1,0
28,280270,1,1,0,0,0,1,1,33,0,18,6,2011,7,15,11,0,4,4,BYHALIA RD,,0,34.86008889,-89.749502780,0,42,0,0,1,1,6,0,1,1,0,1,0,0000000,88,88,88,88,88,88,0,0,0,1,1
28,280271,1,1,0,0,0,3,3,91,0,18,6,2011,7,15,36,1,2,2,US-98,,99998,31.21828889,-89.897358330,0,32,0,0,1,1,6,0,1,1,0,1,0,0000000,15,38,16,0,16,16,0,0,0,1,0
28,280272,1,1,0,0,0,1,1,71,0,20,6,2011,2,7,13,0,4,3,SR-328,,99998,34.39614444,-89.572133330,0,42,0,0,1,1,6,0,1,1,0,1,0,0000000,88,88,88,88,88,88,0,0,0,1,0
28,280273,2,2,0,0,0,4,4,95,0,20,6,2011,2,13,5,1,2,2,US-45A,CHAPEL GROVE RD,99998,33.97119722,-88.708763890,0,12,6,0,2,2,1,0,1,1,0,1,0,0000000,13,17,13,36,13,50,0,0,0,1,0
28,280274,1,1,0,0,0,3,3,13,0,27,4,2011,4,14,55,0,4,3,SR-9,,99998,34.03153611,-89.364166670,0,42,0,0,1,1,6,0,1,2,0,2,0,0000000,15,1,15,15,16,0,0,0,0,1,0
28,280275,2,2,0,0,0,3,3,109,0,21,6,2011,3,12,55,1,13,3,SR-43,,99998,30.51679722,-89.617452780,0,12,2,0,1,1,1,0,1,1,0,1,0,0000000,13,13,13,36,14,2,0,0,0,1,0
28,280276,1,1,0,0,0,1,1,133,0,21,6,2011,3,1,18,1,2,2,US-82,,99998,33.46187778,-90.551419440,0,1,0,0,1,1,6,0,2,1,0,1,0,0000000,88,88,88,88,88,88,0,0,0,1,1
28,280277,2,2,0,0,0,3,3,163,0,21,6,2011,3,13,38,0,4,3,SR-16,SUNNY LANE RD,99998,32.83113611,-90.326672220,0,12,6,0,2,3,1,0,1,2,0,2,0,0000000,14,0,14,23,15,0,0,0,0,1,0
28,280278,1,1,0,0,0,1,1,109,0,21,6,2011,3,19,40,0,4,2,US-11,,99998,30.69343056,-89.615477780,0,42,0,0,1,1,6,0,1,1,0,1,0,0000000,19,46,20,0,20,28,0,0,0,1,1
28,280279,1,1,0,0,0,1,1,123,0,23,6,2011,5,6,56,0,4,2,US-80,,99998,32.36009722,-89.575480560,0,35,0,0,1,1,6,0,1,1,0,1,0,0000000,88,88,88,88,88,88,0,0,0,1,0
28,280280,2,2,0,0,0,2,2,11,0,23,6,2011,5,11,12,1,2,2,US-61,W MOUND BAYOU RD,99998,33.87921667,-90.742436110,0,12,6,0,2,2,1,0,1,1,0,1,0,0000000,11,20,12,0,12,34,0,0,0,1,0
28,280281,1,1,0,0,0,1,1,59,1810,24,6,2011,6,21,1,0,16,6,HALSTEAD RD,,0,30.40896944,-88.799700000,0,38,0,0,1,1,6,0,3,1,0,1,0,0000000,88,88,88,88,88,88,0,0,0,1,1
28,280282,1,1,0,0,0,1,1,107,0,24,6,2011,6,22,6,0,4,4,PLUM POINT RD,,0,34.18440000,-89.843488890,0,42,0,0,1,1,6,0,2,1,0,1,0,0000000,88,88,88,88,88,88,0,0,0,1,0
28,280283,1,1,0,0,0,1,1,99,0,25,6,2011,7,6,57,0,4,3,SR-485,,99998,32.75252500,-89.231944440,0,42,0,0,1,1,6,0,1,1,0,1,0,0000000,88,88,88,88,88,88,0,0,0,1,1
28,280284,1,1,0,0,0,5,5,107,0,25,6,2011,7,16,41,0,4,3,SR-315,RIVER RD,99998,34.21478333,-89.712369440,0,1,0,0,1,1,6,0,1,1,0,1,0,0000000,16,52,17,1,17,40,0,0,0,1,0
28,280285,2,2,0,0,0,2,2,47,230,25,6,2011,7,18,16,1,2,2,US-90,,99998,30.39449444,-88.902911110,0,12,1,0,1,1,1,0,1,1,0,1,0,0000000,18,30,18,42,99,99,0,0,0,1,0
28,280286,2,2,0,0,0,3,3,49,1220,25,6,2011,7,23,53,0,16,6,CASTLE HILL DR,,0,32.28186389,-90.240002780,0,12,2,0,1,1,1,0,3,1,0,1,0,0000000,23,58,0,13,0,36,0,0,0,2,1
28,280287,1,1,0,0,0,1,1,107,0,26,6,2011,1,6,49,0,4,4,CURTIS LOCKSTATION R,CURTIS RD,0,34.33989167,-90.140933330,0,42,0,0,2,3,6,0,4,1,0,1,0,0000000,88,88,88,88,88,88,0,0,0,1,1
28,280288,2,2,0,0,0,2,2,45,0,26,6,2011,1,16,33,0,4,3,SR-607,,99998,30.31772778,-89.600244440,0,12,6,0,1,1,1,0,1,1,0,1,0,0000000,16,50,17,1,17,39,0,0,0,1,0
28,280289,2,2,0,0,0,3,3,121,9997,27,6,2011,2,11,35,0,16,8,BOB ANTHONY PARKWAY,RESERVOIR PARK RD,0,32.38645000,-90.048494440,0,12,6,0,2,3,1,0,1,1,0,1,0,0000000,11,36,11,45,12,3,0,0,0,1,0
28,280290,2,2,0,0,0,2,2,139,0,27,6,2011,2,20,26,0,4,3,SR-15,CO RD 819,99998,34.70013056,-88.983036110,0,12,1,0,2,3,1,0,2,1,0,1,0,0000000,88,88,88,88,88,88,0,0,0,1,0
28,280291,1,1,0,1,1,1,1,49,1220,27,6,2011,2,23,18,0,16,6,MEDGER EVERS,GARY DR,0,32.37518611,-90.252911110,0,8,0,0,2,3,1,0,2,1,0,1,0,0000000,23,30,23,36,23,52,0,0,0,1,0
28,280292,1,1,0,0,0,1,1,85,0,30,6,2011,5,15,38,0,4,4,HURRICANE LAKE RD,,0,31.50981389,-90.613861110,0,42,0,0,1,1,6,0,1,1,0,1,0,0000000,15,46,16,0,16,42,0,0,0,1,0
28,280293,1,1,0,0,0,2,2,35,1050,1,7,2011,6,11,34,0,16,6,BROADWAY DR,,0,31.31507500,-89.307261110,0,42,0,0,1,1,6,0,1,1,0,1,0,0000000,88,88,88,88,88,88,0,0,0,1,0
28,280294,3,3,0,0,0,4,4,47,1020,1,7,2011,6,19,22,1,12,2,US-49,SR-53,99998,30.49975278,-89.106802780,0,12,6,1,2,2,1,0,3,1,0,1,0,0000000,19,36,20,0,20,19,0,0,0,1,0
28,280295,1,1,0,0,0,1,1,109,0,2,7,2011,7,12,40,0,4,2,US-11,,99998,30.81871111,-89.558144440,0,35,0,0,1,1,6,0,1,1,0,1,0,0000000,88,88,88,88,88,88,0,0,0,1,1
28,280296,2,2,0,0,0,2,2,45,0,2,7,2011,7,13,23,0,4,3,SR-43,,99998,30.46446944,-89.485444440,0,12,1,0,1,1,1,0,1,1,0,1,0,0000000,13,35,14,0,14,30,0,0,0,1,0
28,280297,1,1,0,0,0,1,1,113,0,3,7,2011,1,2,9,0,4,4,GIBSON RD,,0,31.19865000,-90.388277780,0,34,0,0,1,1,6,0,2,1,0,1,0,0000000,88,88,88,88,88,88,0,0,0,1,1
28,280298,1,1,0,0,0,3,3,91,0,3,7,2011,1,3,14,0,4,3,SR-13,,99998,31.31390278,-89.858808330,0,32,0,0,1,1,6,0,2,1,0,1,0,0000000,3,32,3,50,4,20,0,0,0,1,0
28,280299,1,1,0,0,0,2,2,127,0,3,7,2011,1,18,8,0,4,3,SR-28,,99998,31.86666111,-89.672213890,0,30,0,0,1,1,6,0,1,1,0,1,0,0000000,18,32,18,50,19,29,0,0,0,1,0
28,280300,1,1,0,0,0,1,1,121,1918,4,7,2011,2,13,22,0,16,3,SR-468,,99998,32.23763333,-90.092655560,0,34,0,0,1,1,6,0,1,1,0,1,0,0000000,13,24,13,52,14,0,0,0,0,1,0
28,280301,3,3,0,0,0,4,4,65,0,5,7,2011,3,17,47,0,4,3,SR-13,,99998,31.58241111,-89.882411110,0,12,2,0,1,1,1,0,1,2,0,2,0,0000000,18,2,18,19,18,42,0,0,0,1,0
28,280302,2,2,0,0,0,2,2,35,0,5,7,2011,3,20,42,1,2,2,US-49,SR-42,99998,31.30722778,-89.316616670,0,12,6,0,2,3,1,0,2,1,0,1,0,0000000,88,88,88,88,88,88,0,0,0,1,0
28,280303,1,1,0,1,1,1,1,59,1810,8,7,2011,6,8,58,1,2,2,US-90,,99998,30.40560000,-88.739833330,0,8,0,0,1,1,1,0,1,1,0,1,0,0000000,9,11,9,36,10,1,0,0,0,1,1
28,280304,1,1,0,0,0,1,1,113,0,9,7,2011,7,2,6,0,4,4,D P GUY RD,,0,31.31683333,-90.373127780,0,42,0,0,1,1,6,0,2,1,0,1,0,0000000,88,88,88,88,88,88,0,0,0,1,1
28,280305,2,2,0,0,0,2,2,119,0,10,7,2011,1,23,29,0,4,2,US-278,,99998,34.28346111,-90.222902780,0,12,2,0,1,1,1,0,2,1,0,1,0,0000000,23,41,23,59,0,14,0,0,0,1,0
28,280306,1,1,0,1,1,2,2,49,0,12,7,2011,3,16,0,0,4,4,JACKSON RAYMOND RD,,0,32.25425833,-90.331219440,0,8,0,0,1,1,1,0,1,2,0,2,0,0000000,16,5,16,14,16,40,0,0,0,1,0
28,280307,1,1,0,0,0,1,1,127,0,12,7,2011,3,16,4,0,4,3,SR-43,,99998,31.81784444,-89.880694440,0,35,0,0,1,1,6,0,1,2,0,2,0,0000000,88,88,88,88,88,88,0,0,0,1,0
28,280308,2,2,0,0,0,3,3,113,1470,14,7,2011,5,16,0,0,16,6,VETERANS BLVD,I-55,0,31.25998889,-90.478786110,0,12,6,0,2,2,1,0,1,1,0,1,0,0000000,16,16,16,39,17,0,0,0,0,1,0
28,280309,2,2,0,0,0,5,5,47,230,14,7,2011,5,20,34,1,2,2,US-90,MYRTLE ST,99998,30.39208889,-88.860211110,0,12,6,0,2,2,1,0,3,1,0,1,0,0000000,20,37,21,0,21,36,0,0,0,2,0
28,280310,1,1,0,0,0,1,1,75,0,16,7,2011,7,1,43,0,4,4,CAUSEYVILLE RD,,0,32.25060000,-88.536661110,0,34,0,0,1,1,6,0,2,2,10,2,0,0000000,88,88,88,88,88,88,0,0,0,1,0
28,280311,2,2,0,0,0,3,3,113,0,16,7,2011,7,9,0,0,3,3,SR-44,,99998,31.26237500,-90.384391670,0,12,2,0,1,1,1,0,1,1,0,1,0,0000000,9,15,9,36,10,0,0,0,0,2,0
28,280312,1,1,0,0,0,1,1,49,0,16,7,2011,7,20,6,0,4,4,TANK RD,,0,32.08624722,-90.435355560,0,42,0,0,1,1,6,0,5,2,0,2,0,0000000,88,88,88,88,88,88,0,0,0,1,0
28,280313,1,1,0,0,0,2,2,111,0,17,7,2011,1,2,5,0,4,3,SR-15,,99998,31.21030556,-88.917588890,0,35,0,0,1,1,6,0,2,1,0,1,0,0000000,2,45,3,0,3,22,0,0,0,1,0
28,280314,1,1,0,0,0,1,1,93,0,17,7,2011,1,16,43,0,4,3,SR-4,,99998,34.81775000,-89.340519440,0,34,0,0,1,1,6,0,1,1,0,1,0,0000000,88,88,88,88,88,88,0,0,0,1,0
28,280315,2,2,0,0,0,2,2,33,0,17,7,2011,1,17,14,0,4,3,SR-302,SR-61,99998,34.96225000,-89.901466670,0,12,6,0,2,2,1,0,1,1,0,1,0,0000000,88,88,88,88,88,88,0,0,0,1,0
28,280316,2,2,0,0,0,5,5,33,0,17,7,2011,1,18,55,0,4,4,BLUFF RD,SULLIVAN RD,0,34.80473056,-90.179258330,0,12,2,0,1,1,1,0,1,1,0,1,0,0000000,19,0,19,16,19,30,0,0,0,1,0
28,280317,2,2,0,0,0,3,3,143,0,20,6,2011,2,14,43,0,4,4,CASINO CENTER DR,OLD HWY 61,0,34.83881667,-90.299677780,0,12,6,0,2,2,1,0,1,1,0,1,0,0000000,14,45,15,10,15,43,0,0,0,1,0
28,280318,1,1,0,0,0,1,1,139,0,18,7,2011,2,16,8,0,4,3,SR-4,,99998,34.71276111,-88.819055560,0,35,0,0,1,1,6,0,1,1,0,1,0,0000000,88,88,88,88,88,88,0,0,0,1,1
28,280319,1,1,0,1,1,1,1,87,0,18,7,2011,2,17,51,0,4,3,SR-182,E CHERRY ST,99998,33.49173333,-88.303641670,0,9,0,0,2,3,1,0,1,1,0,1,0,0000000,17,57,18,18,18,39,0,0,0,1,0
28,280320,2,2,0,0,0,2,2,161,0,18,7,2011,2,21,45,0,4,4,CO RD 211,CO RD 232,0,34.05123611,-89.855933330,0,12,6,0,2,3,1,0,2,1,0,1,0,0000000,88,88,88,88,88,88,0,0,0,1,0
28,280321,2,2,0,0,0,2,2,33,0,20,7,2011,4,16,18,0,16,6,STATELINE RD,SWINNEA RD,0,34.99159444,-89.972191670,0,12,6,0,2,3,1,0,1,1,0,1,0,0000000,88,88,88,88,88,88,0,0,0,1,0
28,280322,1,1,0,0,0,1,1,115,0,21,7,2011,5,17,46,0,4,3,SR-336,,99998,34.27242222,-89.059575000,0,34,0,0,1,1,6,0,1,1,0,1,0,0000000,88,88,88,88,88,88,0,0,0,1,0
28,280323,1,1,0,0,0,3,3,47,0,21,7,2011,5,19,19,0,4,4,MCHENRY RD,,0,30.61833889,-89.302238890,0,1,0,0,1,1,6,0,1,1,0,1,0,0000000,19,30,19,46,20,0,0,0,0,1,0
28,280324,2,2,0,0,0,2,2,81,0,21,7,2011,5,21,13,0,4,3,SR-348,SR-275,99998,34.45105000,-88.784594440,0,12,6,0,2,3,1,0,2,1,0,1,0,0000000,21,20,21,50,22,40,0,0,0,1,0
28,280325,1,1,0,0,0,1,1,41,0,22,7,2011,6,2,12,0,4,4,LOVEWELL RD,,0,31.39148611,-88.800730560,0,35,0,0,1,1,6,0,2,1,0,1,0,0000000,88,88,88,88,88,88,0,0,0,1,0
28,280326,3,3,0,0,0,7,7,45,0,23,7,2011,7,22,11,1,12,2,US-90,LAKESHORE RD,99998,30.29999167,-89.456219440,0,12,6,1,2,3,1,0,3,2,0,2,0,0000000,22,42,23,0,23,11,0,0,0,1,0
28,280327,1,1,0,1,1,1,1,81,0,24,7,2011,1,1,29,0,4,3,SR-145,,99998,34.16401944,-88.719450000,0,8,0,0,1,1,1,0,2,1,0,1,0,0000000,88,88,88,88,88,88,0,0,0,1,0
28,280328,1,1,0,0,0,1,1,153,0,24,7,2011,1,7,8,0,4,4,WOULARD BEND RIVER R,,0,31.65126389,-88.726444440,0,42,0,0,1,1,6,0,4,1,0,1,0,0000000,88,88,88,88,88,88,0,0,0,1,1
28,280329,1,1,0,0,0,1,1,95,0,26,7,2011,3,4,40,0,4,2,US-278,,99998,33.92413333,-88.377927780,0,42,0,0,1,1,6,0,2,1,0,1,0,0000000,88,88,88,88,88,88,0,0,0,1,0
28,280330,1,1,0,0,0,1,1,99,0,26,7,2011,3,17,40,0,4,3,SR-16,,99998,32.75602500,-88.985180560,0,1,0,0,1,1,6,0,1,1,0,1,0,0000000,88,88,88,88,88,88,0,0,0,1,1
28,280331,1,1,0,0,0,1,1,121,0,27,7,2011,4,17,16,0,4,4,WHITE RD,,0,32.06908333,-90.208225000,0,42,0,0,1,1,6,0,1,2,0,2,0,0000000,88,88,88,88,88,88,0,0,0,1,0
28,280332,2,2,0,0,0,4,4,107,0,27,7,2011,4,17,52,0,4,2,US-51,SHILOH RD,99998,34.26586944,-89.938030560,0,12,6,0,2,2,1,0,1,1,0,1,0,0000000,17,55,18,22,18,45,0,0,0,1,0
28,280333,1,1,0,0,0,1,1,107,0,28,7,2011,5,10,53,1,1,1,I-55,,99998,34.33238056,-89.916230560,0,35,0,0,1,1,6,0,1,1,0,1,0,0000000,11,20,11,52,12,20,0,0,0,1,0
28,280334,1,1,0,0,0,1,1,113,0,28,7,2011,5,15,57,0,4,4,KENNEDY RD,,0,31.14331389,-90.488763890,0,35,0,0,1,1,6,0,1,1,0,1,0,0000000,88,88,88,88,88,88,0,0,0,1,0
28,280335,2,2,0,0,0,2,2,39,0,28,7,2011,5,17,36,0,4,3,SR-26,DICKEY RD,99998,30.88237500,-88.674216670,0,12,6,0,3,3,1,0,1,2,0,2,0,0000000,88,88,88,88,88,88,0,0,0,1,0
28,280336,2,2,0,0,0,3,3,121,0,29,7,2011,6,11,58,1,2,3,SR-25,HOLLY BUSH RD,99998,32.39909444,-89.953522220,0,12,6,0,2,2,1,0,1,1,0,1,0,0000000,88,88,88,88,88,88,0,0,0,2,0
28,280337,2,2,0,0,0,2,2,99,1940,29,7,2011,6,12,25,0,16,6,W BEACON ST,SALTERS AVE,0,32.77087500,-89.126436110,0,12,1,0,2,2,1,0,1,1,0,1,0,0000000,12,30,12,38,12,50,0,0,0,1,0
28,280338,3,3,0,0,0,4,4,115,0,29,7,2011,6,16,36,0,4,3,SR-342,VALLEY RD,99998,34.20512222,-88.909863890,0,12,6,0,2,4,1,0,1,1,0,1,0,0000000,16,52,17,11,17,40,0,0,0,1,0
28,280339,1,1,0,0,0,2,2,35,0,29,7,2011,6,23,58,1,1,1,I-59,,99998,31.21258056,-89.330905560,0,42,0,0,1,1,3,0,2,1,0,1,0,0000000,0,12,0,39,1,0,0,0,0,1,0
28,280340,1,1,0,0,0,1,1,29,0,30,7,2011,7,0,22,0,4,4,CLINE RD,,0,31.75729167,-90.472713890,0,42,0,0,1,1,6,0,2,1,0,1,0,0000000,88,88,88,88,88,88,0,0,0,1,1
28,280341,1,1,0,0,0,1,1,101,0,30,7,2011,7,5,23,0,4,3,SR-489,,99998,32.51215000,-89.186561110,0,42,0,0,1,1,6,0,1,1,0,1,0,0000000,88,88,88,88,88,88,0,0,0,1,0
28,280342,1,1,0,0,0,1,1,49,1220,30,7,2011,7,17,24,0,16,6,220,20,0,32.29565833,-90.248994440,0,35,0,1,2,3,6,0,1,1,0,1,0,0000000,88,88,88,88,88,88,0,0,0,1,1
28,280343,1,1,0,0,0,2,2,1,0,30,7,2011,7,19,22,0,4,2,US-84,,99998,31.56113056,-91.294927780,0,1,0,0,1,1,6,0,1,1,0,1,0,0000000,19,36,19,46,20,0,0,0,0,1,0
28,280344,3,3,0,0,0,5,5,123,880,31,7,2011,1,11,24,0,16,6,ALWAYS BLVD,,0,32.36898056,-89.465961110,0,12,1,0,1,1,1,0,1,1,0,1,0,0000000,88,88,88,88,88,88,0,0,0,1,0
28,280345,1,1,0,0,0,1,1,75,0,1,8,2011,2,5,27,0,4,4,BALL DIAMOND RD,,0,32.56498889,-88.893513890,0,42,0,0,1,1,6,0,3,1,0,1,0,0000000,88,88,88,88,88,88,0,0,0,1,0
28,280346,1,1,0,0,0,3,3,75,0,1,8,2011,2,15,31,0,4,3,SR-19,,99998,32.35208611,-88.608941670,0,42,0,0,1,1,6,0,1,1,0,1,0,0000000,15,45,16,0,16,21,0,0,0,1,0
28,280347,2,2,0,0,0,3,3,99,0,2,8,2011,3,10,27,0,4,3,SR-16,BIA,99998,32.77069444,-89.097233330,0,12,6,0,2,2,1,0,1,1,0,1,0,0000000,10,45,11,0,11,36,0,0,0,2,1
28,280348,1,1,0,0,0,1,1,11,0,4,8,2011,5,21,35,1,2,2,US-61,,99998,33.78214444,-90.716341670,0,1,0,0,1,1,6,0,2,1,0,1,0,0000000,88,88,88,88,88,88,0,0,0,1,0
28,280349,2,2,0,0,0,3,3,49,1220,5,8,2011,6,8,46,0,13,3,SR-18,SIWELL RD,99998,32.26830278,-90.309247220,0,12,1,0,2,2,1,0,1,1,0,1,0,0000000,9,15,9,36,10,0,0,0,0,1,0
28,280350,1,1,0,0,0,1,1,109,0,5,8,2011,6,10,50,0,4,4,SYCAMORE RD,,0,30.54433611,-89.628011110,0,34,0,0,1,1,6,0,1,1,0,1,0,0000000,88,88,88,88,88,88,0,0,0,1,0
28,280351,1,1,0,0,0,1,1,127,0,5,8,2011,6,15,35,0,4,3,SR-13,,99998,32.03096389,-89.817308330,0,1,0,0,1,1,6,0,1,1,0,1,0,0000000,88,88,88,88,88,88,0,0,0,1,0
28,280352,1,1,0,1,1,1,1,11,0,6,8,2011,7,1,50,0,4,3,SR-161,,99998,33.81652222,-90.721663890,0,8,0,0,1,1,1,0,2,1,0,1,0,0000000,88,88,88,88,88,88,0,0,0,1,0
28,280353,2,2,0,0,0,7,7,91,0,6,8,2011,7,13,56,1,2,2,US-98,BRANTON BAY,99998,31.22948056,-89.869225000,0,12,6,0,2,2,1,0,1,1,0,1,0,0000000,14,9,14,22,14,50,0,0,0,1,0
28,280354,1,1,0,0,0,1,1,81,0,7,8,2011,1,12,25,0,4,4,CO RD 2890,,0,34.29385000,-88.641127780,0,32,0,0,1,1,6,0,1,1,0,1,0,0000000,88,88,88,88,88,88,0,0,0,1,1
28,280355,2,2,0,0,0,2,2,29,0,9,8,2011,3,9,18,0,4,4,HARMONY RD,,0,31.95638611,-90.323625000,0,12,6,0,1,1,1,0,1,1,0,1,0,0000000,9,36,10,1,10,44,0,0,0,1,0
28,280356,2,2,0,0,0,3,3,67,0,9,8,2011,3,18,36,0,4,3,SR-15,,99998,31.54258889,-89.051786110,0,12,2,0,1,1,1,0,1,2,0,2,0,0000000,18,43,19,0,19,40,0,0,0,1,0
28,280357,1,1,0,1,1,2,2,93,1140,11,8,2011,5,21,38,0,16,6,CRAFT ST,WILSON AVE,0,34.75922500,-89.451005560,0,8,0,0,2,3,1,0,3,1,0,1,0,0000000,88,88,88,88,88,88,0,0,0,1,0
28,280358,1,1,0,0,0,1,1,95,0,13,8,2011,7,3,6,0,4,3,SR-8,OLD SR-8,99998,33.84005000,-88.591519440,0,35,0,0,2,4,6,0,2,1,0,1,0,0000000,88,88,88,88,88,88,0,0,0,1,0
28,280359,2,2,0,0,0,2,2,163,0,13,8,2011,7,13,1,0,4,4,NIVEN RD,,0,32.83254167,-90.276719440,0,12,8,0,1,1,1,0,1,1,0,1,0,0000000,13,15,13,39,14,10,0,0,0,1,0
28,280360,1,1,0,0,0,2,2,45,0,14,8,2011,1,20,23,1,1,1,I-10,,99998,30.33543611,-89.508019440,0,18,0,0,1,1,1,0,2,1,0,1,0,0000000,20,27,20,39,20,52,0,0,0,1,0
28,280361,1,1,0,1,1,1,1,49,0,14,8,2011,1,22,30,0,16,6,ARCHER AVE,WALKER ST,0,32.23963056,-90.224961110,0,9,0,0,2,3,1,0,3,1,0,1,0,0000000,88,88,88,88,88,88,0,0,0,1,1
28,280362,3,3,0,0,0,3,3,15,0,15,8,2011,2,17,21,1,2,2,US-82,SR-17,99998,33.49703056,-89.920777780,0,12,6,1,2,2,1,0,1,1,0,1,0,0000000,17,30,17,52,99,99,0,0,0,1,0
28,280363,2,2,0,0,0,2,2,91,0,16,8,2011,3,6,45,1,2,2,US-98,,99998,31.20186389,-89.957041670,0,12,1,0,1,1,1,0,1,1,0,1,0,0000000,88,88,88,88,88,88,0,0,0,1,0
28,280364,3,3,0,0,0,4,4,49,1220,17,8,2011,4,6,26,1,1,1,I-20,,99998,32.28796667,-90.230497220,0,12,6,0,1,1,1,0,1,1,0,1,0,0000000,7,0,7,16,7,30,0,0,0,1,0
28,280365,2,2,0,0,0,2,2,33,0,17,8,2011,4,8,32,0,4,3,SR-304,,99998,34.86139167,-90.083341670,0,12,6,0,1,1,1,0,1,2,0,2,0,0000000,8,39,8,52,9,20,0,0,0,1,0
28,280366,2,2,0,0,0,2,2,67,0,18,8,2011,5,11,51,0,4,3,SR-29,MAXEY RD,99998,31.69717222,-89.262113890,0,12,6,0,2,3,1,0,1,1,0,1,0,0000000,88,88,88,88,88,88,0,0,0,1,0
28,280367,2,2,0,0,0,2,2,45,0,18,8,2011,5,13,57,0,4,4,LOWERBAY RD,,0,30.28882778,-89.410127780,0,12,2,0,1,1,1,0,1,1,0,1,0,0000000,14,2,14,22,15,0,0,0,0,1,0
28,280368,1,1,0,0,0,1,1,121,0,18,8,2011,5,16,57,0,4,3,SR-43,,99998,32.49796389,-89.894472220,0,34,0,0,1,1,6,0,1,2,0,2,0,0000000,88,88,88,88,88,88,0,0,0,1,0
28,280369,1,1,0,0,0,1,1,107,120,19,8,2011,6,23,6,0,16,3,SR-6,MEDICAL CENTER DR,99998,34.30937778,-89.914341670,0,1,0,0,2,2,6,0,3,1,0,1,0,0000000,88,88,88,88,88,88,0,0,0,1,1
28,280370,1,1,0,0,0,2,2,35,0,20,8,2011,7,8,15,1,1,1,I-59,,99998,31.19018889,-89.341508330,0,1,0,0,1,1,6,0,1,1,0,1,0,0000000,8,39,8,52,9,13,0,0,0,1,0
28,280371,1,1,0,0,0,1,1,51,0,20,8,2011,7,10,8,0,4,3,SR-12,,99998,33.10053056,-89.922925000,0,42,0,0,1,1,6,0,1,1,0,1,0,0000000,88,88,88,88,88,88,0,0,0,1,1
28,280372,1,1,0,0,0,1,1,49,1220,21,8,2011,1,1,58,1,11,1,I-20,,99998,32.28934444,-90.244402780,0,42,0,0,1,1,3,0,3,1,0,1,0,0000000,88,88,88,88,88,88,0,0,0,1,1
28,280373,1,1,0,1,1,2,2,141,0,21,8,2011,1,12,15,0,4,3,SR-15,,99998,34.92253333,-88.285188890,0,9,0,0,1,1,1,0,1,1,0,1,0,0000000,12,25,12,39,13,13,0,0,0,1,0
28,280374,1,1,0,0,0,1,1,3,0,22,8,2011,2,5,9,0,4,4,CO RD 500,,0,34.86649722,-88.665033330,0,1,0,0,1,1,6,0,2,1,0,1,0,0000000,88,88,88,88,88,88,0,0,0,1,0