STATE,ST_CASE,VE_TOTAL,VE_FORMS,PVH_INVL,PEDS,PERNOTMVIT,PERMVIT,PERSONS,COUNTY,CITY,DAY,MONTH,YEAR,DAY_WEEK,HOUR,MINUTE,NHS,ROAD_FNC,ROUTE,TWAY_ID,TWAY_ID2,MILEPT,LATITUDE,LONGITUD,SP_JUR,HARM_EV,MAN_COLL,RELJCT1,RELJCT2,TYP_INT,REL_ROAD,WRK_ZONE,LGT_COND,WEATHER1,WEATHER2,WEATHER,SCH_BUS,RAIL,NOT_HOUR,NOT_MIN,ARR_HOUR,ARR_MIN,HOSP_HR,HOSP_MN,CF1,CF2,CF3,FATALS,DRUNK_DR
28,280375,1,1,0,0,0,1,1,91,530,22,8,2011,2,7,15,0,16,3,SR-35,,99998,31.30187500,-89.823533330,0,1,0,0,1,1,6,0,1,1,0,1,0,0000000,88,88,88,88,88,88,0,0,0,1,0
28,280376,1,1,0,0,0,1,1,109,0,24,8,2011,4,7,59,0,4,4,HENLEYFIELD MCNEIL,,0,30.81085833,-89.542780560,0,42,0,0,1,1,6,0,1,1,0,1,0,0000000,88,88,88,88,88,88,0,0,0,1,0
28,280377,1,1,0,0,0,1,1,93,0,25,8,2011,5,6,35,0,4,4,N SLAYDEN RD,,0,34.93062778,-89.441241670,0,42,0,0,1,1,6,0,1,1,0,1,0,0000000,88,88,88,88,88,88,0,0,0,1,0
28,280378,1,1,0,0,0,2,2,91,0,25,8,2011,5,16,11,0,4,3,SR-44,,99998,31.27370833,-89.786066670,0,30,0,0,1,1,6,0,1,1,0,1,0,0000000,16,27,16,42,17,2,0,0,0,1,0
28,280379,2,2,0,0,0,5,5,35,0,27,8,2011,7,13,51,1,2,2,US-49,CARNES RD,99998,31.04837500,-89.202891670,0,12,6,0,2,2,1,0,1,1,0,1,0,0000000,14,8,14,14,15,0,0,0,0,1,0
28,280380,1,1,0,0,0,1,1,159,0,27,8,2011,7,19,19,0,5,3,SR-490,,99998,32.98030000,-89.029683330,0,35,0,0,1,1,6,0,5,1,0,1,0,0000000,88,88,88,88,88,88,0,0,0,1,0
28,280381,2,2,0,0,0,2,2,121,0,27,8,2011,7,20,30,1,2,3,SR-25,,99998,32.47993611,-89.892369440,0,12,8,0,1,1,1,0,2,1,0,1,0,0000000,88,88,88,88,88,88,0,0,0,1,0
28,280382,2,2,0,0,0,4,4,109,0,27,8,2011,7,21,53,1,1,1,I-59,,99998,30.46480278,-89.692211110,0,12,2,0,1,1,1,0,2,1,0,1,0,0000000,22,14,22,42,23,11,0,0,0,1,0
28,280383,1,1,0,0,0,2,2,115,0,27,8,2011,7,23,40,0,4,3,SR-334,,99998,34.23951389,-89.138066670,0,42,0,0,1,1,6,0,2,1,0,1,0,0000000,23,52,0,20,0,45,0,0,0,1,1
28,280384,1,1,0,0,0,1,1,29,0,29,8,2011,2,13,11,0,4,3,SR-28,,99998,31.87402222,-90.172647220,0,34,0,0,1,1,6,0,1,1,0,1,0,0000000,88,88,88,88,88,88,0,0,0,1,0
28,280385,6,6,0,0,0,9,9,59,932,31,8,2011,4,15,25,1,1,1,I-10,,99998,30.43579722,-88.634950000,0,12,1,0,1,1,1,0,1,1,0,1,0,0000000,15,26,15,39,16,11,0,0,0,5,0
28,280386,1,1,0,1,1,1,1,121,0,31,8,2011,4,22,32,0,14,2,US-80,,99998,32.27762778,-90.153980560,0,8,0,0,1,1,1,0,2,1,0,1,0,0000000,88,88,88,88,88,88,0,0,0,1,0
28,280387,1,1,0,0,0,1,1,107,0,8,8,2011,2,0,8,0,4,4,EUREKA RD,,0,34.27133333,-89.911122220,0,42,0,0,1,1,6,0,2,1,0,1,0,0000000,88,88,88,88,88,88,0,0,0,1,1
28,280389,2,2,0,0,0,3,3,27,470,1,9,2011,5,14,54,0,6,6,S STATE ST,,0,34.17719167,-90.600472220,0,12,6,0,1,1,1,0,1,1,0,1,0,0000000,15,15,15,36,99,99,0,0,0,1,0
28,280390,1,1,0,0,0,1,1,29,0,1,9,2011,5,19,7,0,4,4,SUMMERALL RD,,0,31.97939444,-90.455975000,0,1,0,0,1,1,6,0,1,1,0,1,0,0000000,19,26,19,56,20,52,0,0,0,1,0
28,280391,1,1,0,0,0,3,3,35,0,1,9,2011,5,16,8,0,4,4,OLD HWY 49,,0,30.91492778,-89.169630560,0,34,0,0,1,1,6,0,1,1,0,1,0,0000000,16,24,17,0,17,36,0,0,0,2,0
28,280392,1,1,0,0,0,3,3,91,0,2,9,2011,6,13,53,0,4,3,SR-43,,99998,31.11375278,-89.776583330,0,1,0,0,1,1,6,0,1,2,0,2,0,0000000,14,4,15,0,15,35,0,0,0,1,0
28,280393,1,1,0,0,0,1,1,91,0,3,9,2011,7,9,31,0,4,4,GOOD HOPE RD,,0,31.36188333,-89.787225000,0,34,0,0,1,1,6,0,1,2,0,2,0,0000000,9,39,10,0,10,14,0,0,0,1,0
28,280394,2,2,0,0,0,2,2,25,0,3,9,2011,7,17,49,0,4,4,HAZELWOOD RD,,0,33.65103056,-88.630722220,0,12,6,0,1,1,1,0,1,1,0,1,0,0000000,17,53,18,10,18,39,0,0,0,1,0
28,280395,2,2,0,0,0,3,3,107,0,3,9,2011,7,21,30,0,4,2,US-278,,99998,34.33677500,-89.759630560,0,12,2,0,1,1,1,0,2,1,0,1,0,0000000,21,54,22,20,22,54,0,0,0,1,0
28,280396,1,1,0,0,0,1,1,75,0,3,9,2011,7,21,45,1,1,1,I-20,,99998,32.38713611,-88.614563890,0,42,0,0,1,1,6,0,2,2,0,2,0,0000000,21,56,22,0,22,53,0,0,0,1,0
28,280397,1,1,0,0,0,1,1,13,0,4,9,2011,1,1,53,0,4,3,SR-341,SR-161,99998,34.03705000,-89.186452780,0,35,0,0,2,3,6,0,2,1,0,1,0,0000000,88,88,88,88,88,88,0,0,0,1,1
28,280398,1,1,0,0,0,5,5,115,0,4,9,2011,1,16,30,0,16,6,15,,0,34.27331944,-89.023505560,0,30,0,0,1,1,6,0,1,2,0,2,0,0000000,16,39,17,0,17,22,0,0,0,1,0
28,280399,1,1,0,0,0,2,2,149,0,5,9,2011,2,0,56,1,1,1,I-20,,99998,32.35299167,-90.743594440,0,42,0,0,1,1,3,0,3,2,0,2,0,0000000,1,22,1,36,2,0,0,0,0,1,1
28,280400,1,1,0,0,0,3,3,137,0,18,6,2011,7,19,51,1,1,1,I-55,,99998,34.61042778,-89.948630560,0,1,0,0,1,1,6,0,5,1,0,1,0,0000000,20,22,20,36,21,0,0,0,0,1,0
28,280401,2,2,0,0,0,5,5,137,2290,28,6,2011,3,17,6,0,16,6,740 BY PASS,SCOTT ST,0,34.58775000,-89.955047220,0,12,6,0,2,2,1,0,1,1,0,1,0,0000000,17,9,17,30,17,44,0,0,0,1,0
28,280402,1,1,0,1,1,1,1,27,470,2,7,2011,7,1,44,0,16,6,N STATE ST,BARNES,0,34.19657500,-90.557041670,0,8,0,0,2,2,1,0,3,1,0,1,0,0000000,88,88,88,88,88,88,0,0,0,1,0
28,280403,2,2,0,0,0,3,3,81,2610,17,8,2011,4,23,14,0,16,3,SR-45,,99998,34.27842500,-88.707302780,0,12,6,0,1,1,1,0,2,1,0,1,0,0000000,23,16,23,30,23,56,0,0,0,1,0
28,280404,2,2,0,0,0,3,3,33,0,20,7,2011,4,12,50,0,4,4,CRAFT RD,ALLISON RD,0,34.89297222,-89.865675000,0,12,1,0,2,3,1,0,1,1,0,1,0,0000000,13,0,13,14,13,40,0,0,0,1,0
28,280405,1,1,0,0,0,1,1,99,0,5,9,2011,2,6,50,0,4,4,CO RD 641,CO RD 539,0,32.75739722,-88.923211110,0,42,0,0,1,1,6,0,4,1,0,1,0,0000000,88,88,88,88,88,88,0,0,0,1,1
28,280406,2,2,0,0,0,4,4,95,0,5,9,2011,2,17,21,1,12,2,US-45,HAMILTON RD,99998,33.73865278,-88.436594440,0,12,6,1,2,2,1,0,1,2,0,2,0,0000000,17,32,17,52,18,18,0,0,0,1,0
28,280407,1,1,0,0,0,1,1,67,0,6,9,2011,3,10,3,0,4,3,SR-590,,99998,31.57842500,-89.283658330,0,31,0,0,1,1,6,0,1,1,0,1,0,0000000,88,88,88,88,88,88,0,0,0,1,0
28,280408,1,1,0,0,0,2,2,99,0,7,9,2011,4,10,40,0,4,4,SR 491,,0,32.66719722,-88.939605560,0,42,0,0,1,1,6,0,1,1,0,1,0,0000000,11,1,11,36,12,0,0,0,0,1,1
28,280409,1,1,0,0,0,1,1,75,0,7,9,2011,4,11,17,1,1,1,I-59,,99998,32.28089167,-88.801202780,0,52,0,0,1,1,3,0,1,1,0,1,0,0000000,88,88,88,88,88,88,0,0,0,1,0
28,280410,1,1,0,0,0,1,1,47,230,7,9,2011,4,21,17,0,16,6,QUERENS AVE,,0,30.39866111,-88.900927780,0,10,0,0,6,1,1,0,2,1,0,1,0,340198X,88,88,88,88,88,88,0,0,0,1,0
28,280411,1,1,0,0,0,2,2,67,0,7,9,2011,4,21,33,0,4,4,WALT CULPEPPER RD,,0,31.63453056,-89.012433330,0,34,0,0,1,1,6,0,2,1,0,1,0,0000000,21,41,22,0,22,36,0,0,0,1,1
28,280412,1,1,0,0,0,1,1,81,0,8,9,2011,5,6,43,0,4,4,CO RD 1389,,0,34.31543889,-88.583322220,0,34,0,0,1,1,6,0,1,1,0,1,0,0000000,88,88,88,88,88,88,0,0,0,1,1
28,280413,2,2,0,0,0,3,3,11,0,8,9,2011,5,7,43,1,2,2,US-61,DEAN BLVD,99998,33.57286667,-90.784963890,0,12,6,0,2,2,1,0,1,1,0,1,0,0000000,8,15,9,0,9,22,20,0,0,2,0
28,280414,1,1,0,0,0,1,1,49,1220,9,9,2011,6,23,53,0,16,6,RAYMOND RD,,0,32.27008056,-90.272083330,0,34,0,0,1,1,6,0,2,1,0,1,0,0000000,88,88,88,88,88,88,0,0,0,1,1
28,280415,1,1,0,0,0,1,1,109,0,10,9,2011,7,2,22,0,4,4,JOHN AMACKER RD,,0,30.79810556,-89.657405560,0,42,0,0,1,1,6,0,2,1,0,1,0,0000000,88,88,88,88,88,88,0,0,0,1,0
28,280416,1,1,0,0,0,1,1,33,1830,11,9,2011,1,17,36,0,16,6,BLUE BIRD LN,CRAFT RD,0,34.97313611,-89.865825000,0,42,0,0,2,2,6,0,1,1,0,1,0,0000000,18,0,18,22,18,50,0,0,0,1,0
28,280417,1,1,0,0,0,1,1,109,0,15,9,2011,5,13,47,0,4,4,GEORGE RD,,0,30.62225556,-89.670838890,0,42,0,0,1,1,6,0,1,1,0,1,0,0000000,88,88,88,88,88,88,0,0,0,1,0
28,280418,1,1,0,0,0,1,1,45,0,16,9,2011,6,0,48,0,4,3,SR-43,,99998,30.43890556,-89.449997220,0,35,0,0,1,1,6,0,2,1,0,1,0,0000000,88,88,88,88,88,88,0,0,0,1,0
28,280419,1,1,0,0,0,1,1,121,0,16,9,2011,6,17,41,0,4,4,STUM RIDGE RD,,0,32.45955278,-89.867691670,0,35,0,0,1,1,6,0,1,1,0,1,0,0000000,88,88,88,88,88,88,0,0,0,1,0
28,280420,1,1,0,0,0,1,1,61,0,16,9,2011,6,18,7,0,4,4,CO RD 52826,,0,32.00454722,-89.078391670,0,35,0,0,1,1,6,0,1,1,0,1,0,0000000,88,88,88,88,88,88,0,0,0,1,1
28,280421,2,2,0,0,0,4,4,67,0,17,9,2011,7,11,29,0,4,3,SR-15,LANDRUM RD,99998,31.79840556,-89.197825000,0,12,6,0,2,3,1,0,1,1,0,1,0,0000000,88,88,88,88,88,88,0,0,0,2,0
28,280422,1,1,0,0,0,1,1,67,0,17,9,2011,7,22,16,0,4,4,TOWNSHIP RD,,0,31.62630833,-89.070711110,0,31,0,0,1,1,6,0,2,1,0,1,0,0000000,88,88,88,88,88,88,0,0,0,1,0
28,280423,1,1,0,1,1,1,1,149,0,18,9,2011,1,5,10,0,13,2,US-80,,99998,32.34976667,-90.716900000,0,8,0,0,1,1,1,0,2,1,0,1,0,0000000,88,88,88,88,88,88,0,0,0,1,1
28,280424,1,1,0,0,0,1,1,149,0,18,9,2011,1,20,23,0,4,4,JEFF DAVIS,,0,32.46863889,-90.795608330,0,31,0,0,1,1,6,0,2,1,0,1,0,0000000,88,88,88,88,88,88,0,0,0,1,0
28,280425,1,1,0,1,1,1,1,33,1830,18,9,2011,1,20,27,0,16,6,DOUGLAS DR,,0,34.97313611,-89.889880560,0,8,0,0,1,1,1,0,3,1,0,1,0,0000000,88,88,88,88,88,88,0,0,0,1,0
28,280426,4,4,0,0,0,5,5,47,1020,19,9,2011,2,15,44,0,16,6,LORRAINE RD,,0,30.42391944,-89.031830560,0,12,6,0,1,1,1,0,1,2,0,2,0,0000000,15,51,16,11,16,39,0,0,0,2,0
28,280427,1,1,0,1,1,1,1,81,0,18,9,2011,1,10,43,0,4,4,CO RD 45,,0,34.16658611,-88.719447220,0,8,0,0,1,1,1,0,1,1,0,1,0,0000000,10,56,11,33,11,52,0,0,0,1,0
28,280428,2,2,0,0,0,2,2,39,0,19,9,2011,2,16,32,1,12,2,US-98,SR-63,99998,30.95701389,-88.624283330,0,12,6,1,2,2,1,0,1,2,0,2,0,0000000,16,41,17,0,17,22,0,0,0,1,0
28,280429,1,1,0,0,0,2,2,115,0,21,9,2011,4,3,23,0,4,4,MACEDONIA RD,,0,34.15386944,-89.056772220,0,34,0,0,1,1,6,0,2,1,0,1,0,0000000,3,32,3,51,4,22,0,0,0,1,1
28,280430,2,2,0,0,0,2,2,31,520,22,9,2011,5,7,50,1,12,2,US-49,4TH ST,99998,31.64022222,-89.564083330,0,12,6,1,2,3,1,0,1,1,0,1,0,0000000,7,55,8,13,8,32,0,0,0,1,0
28,280431,1,1,0,0,0,1,1,9,0,22,9,2011,5,8,5,0,4,3,SR-5,,99998,34.84962222,-89.184244440,0,34,0,0,1,1,6,0,2,1,0,1,0,0000000,88,88,88,88,88,88,0,0,0,1,0
28,280432,2,2,0,0,0,4,4,45,0,22,9,2011,5,14,24,0,4,3,SR-603,,99998,30.44888611,-89.432258330,0,12,2,0,1,1,1,0,1,1,0,1,0,0000000,14,44,14,59,15,22,0,0,0,2,0
28,280433,1,1,0,0,0,1,1,149,0,22,9,2011,5,22,57,0,4,4,NINE MILE CUTOFF RD,,0,32.28431667,-90.798025000,0,34,0,0,1,1,6,0,2,1,0,1,0,0000000,88,88,88,88,88,88,0,0,0,1,1
28,280434,1,1,0,1,1,1,1,59,1900,24,9,2011,7,5,19,0,16,6,SERVICE DR,,0,30.42552778,-88.521552780,0,8,0,0,1,1,1,0,2,1,0,1,0,0000000,88,88,88,88,88,88,0,0,0,1,0
28,280435,1,1,0,0,0,1,1,95,0,24,9,2011,7,10,23,0,4,3,SR-373,,99998,33.67965278,-88.457580560,0,42,0,0,1,1,6,0,1,1,0,1,0,0000000,88,88,88,88,88,88,0,0,0,1,1
28,280436,1,1,0,0,0,1,1,149,2690,26,9,2011,2,10,50,0,16,6,HOLLY RIDGE RD,,0,32.30691667,-90.848397220,0,30,0,0,1,1,6,0,1,1,0,1,0,0000000,88,88,88,88,88,88,0,0,0,1,0
28,280437,2,2,0,0,0,4,4,147,0,27,9,2011,3,15,6,0,4,3,SR-48,JOHNSON SMITH,99998,31.12060000,-90.209369440,0,12,6,0,2,2,1,0,1,1,0,1,0,0000000,15,20,15,39,16,2,0,0,0,1,0
28,280438,2,2,0,0,0,3,3,85,0,28,9,2011,4,16,6,0,4,4,LITTLE ROCK RD,,0,31.70021667,-90.378638890,0,12,6,0,1,1,1,0,1,1,0,1,1,0000000,16,42,17,11,17,39,0,0,0,1,0
28,280439,2,2,0,0,0,3,3,79,0,29,9,2011,5,16,47,1,2,3,SR-25,,99998,32.80147778,-89.493500000,0,12,1,0,1,1,1,0,1,1,0,1,0,0000000,88,88,88,88,88,88,0,0,0,2,0
28,280440,1,1,0,1,1,1,1,151,990,30,9,2011,6,22,11,0,4,3,SR-1,OLD LELAND RD,99998,33.41538333,-91.037727780,0,8,0,0,2,2,1,0,3,1,0,1,0,0000000,88,88,88,88,88,88,0,0,0,1,0
28,280441,1,1,0,0,0,11,11,47,1020,1,10,2011,7,2,33,1,1,1,I-10,,99998,30.44608611,-89.022988890,0,1,0,0,1,1,6,0,2,1,0,1,0,0000000,2,37,2,52,3,26,0,0,0,3,0
28,280442,1,1,0,0,0,1,1,159,0,1,10,2011,7,9,11,0,4,4,JOE WRAY RD,,0,33.02871389,-88.939638890,0,42,0,0,1,1,6,0,1,1,0,1,0,0000000,9,24,9,46,10,10,0,0,0,1,0
28,280443,1,1,0,0,0,1,1,93,0,1,10,2011,7,21,31,0,4,4,CHULAHOMA RD,,0,34.72666667,-89.602088890,0,34,0,0,1,1,6,0,2,1,0,1,0,0000000,88,88,88,88,88,88,0,0,0,1,0
28,280444,1,1,0,0,0,1,1,33,0,1,10,2011,7,22,12,1,2,2,US-61,,99998,34.86453333,-90.242050000,0,1,0,0,1,1,6,0,2,1,0,1,0,0000000,88,88,88,88,88,88,0,0,0,1,0
28,280445,1,1,0,0,0,1,1,117,0,2,10,2011,1,5,0,0,6,3,SR-364,,99998,34.72701944,-88.356627780,0,35,0,0,1,1,6,0,2,1,0,1,0,0000000,88,88,88,88,88,88,0,0,0,1,0
28,280446,1,1,0,0,0,1,1,149,0,2,10,2011,1,10,19,0,4,3,SR-465,,99998,32.48357778,-90.980402780,0,35,0,0,1,1,6,0,1,1,0,1,0,0000000,10,46,11,0,11,22,0,0,0,1,0
28,280447,1,1,0,0,0,3,3,31,520,2,10,2011,1,16,29,0,16,6,MAGNOLIA AVE,,0,31.64420833,-89.562861110,0,32,0,0,1,1,6,0,1,1,0,1,0,0000000,16,35,17,0,17,22,0,0,0,1,0
28,280448,1,1,0,0,0,1,1,49,0,2,10,2011,1,17,35,1,12,2,US-49,,99998,32.40938056,-90.286044440,0,32,0,0,1,1,3,0,1,1,0,1,0,0000000,17,41,18,11,18,39,0,0,0,1,1
28,280449,1,1,0,1,1,1,1,107,0,2,10,2011,1,17,49,0,4,4,EUREKA RD,,0,34.26511389,-89.911355560,0,8,0,0,1,1,1,0,1,1,0,1,0,0000000,88,88,88,88,88,88,0,0,0,1,0
28,280450,1,1,0,0,0,1,1,83,1000,2,10,2011,1,17,55,0,16,6,W CLAIBORNE,,0,33.52159167,-90.207236110,0,43,0,0,1,1,6,0,1,1,0,1,0,0000000,88,88,88,88,88,88,0,0,0,1,0
28,280451,1,1,0,1,1,1,1,73,0,3,10,2011,2,22,0,1,1,1,I-59,,99998,31.12267778,-89.374086110,0,9,0,0,1,1,1,0,2,1,0,1,0,0000000,88,88,88,88,88,88,0,0,0,1,0
28,280452,1,1,0,0,0,2,2,47,230,3,10,2011,2,22,23,0,16,6,BAYVIEW AVE,,0,30.41173889,-88.897863890,0,33,0,0,1,1,6,0,2,1,0,1,0,0000000,22,36,23,0,23,20,0,0,0,1,1
28,280453,2,2,0,0,0,2,2,59,0,4,10,2011,3,8,51,0,4,3,SR-63,CO RD 613,99998,30.52436389,-88.543263890,0,12,6,0,2,2,1,0,1,1,0,1,0,0000000,9,11,9,36,10,0,0,0,0,1,0
28,280454,2,2,0,0,0,2,2,141,360,4,10,2011,3,15,53,0,4,3,SR-365,HARMONY RD,99998,34.91952500,-88.266888890,0,12,6,0,2,3,1,0,1,1,0,1,0,0000000,16,0,16,16,16,53,0,0,0,1,0
28,280455,4,4,0,0,0,5,5,93,0,5,10,2011,4,5,55,1,2,2,US-78,,99998,34.64118333,-89.289222220,0,12,1,0,1,1,1,0,2,1,0,1,0,0000000,6,13,6,39,7,11,0,0,0,1,0
28,280456,1,1,0,0,0,1,1,49,0,5,10,2011,4,7,1,0,4,4,WILLIAM LAKE RD,,0,32.40385000,-90.484272220,0,34,0,0,1,1,6,0,1,1,0,1,0,0000000,88,88,88,88,88,88,0,0,0,1,1
28,280457,1,1,0,0,0,1,1,117,0,5,10,2011,4,15,31,0,4,3,SR-4,,99998,34.68513889,-88.608447220,0,42,0,0,1,1,6,0,1,1,0,1,0,0000000,88,88,88,88,88,88,0,0,0,1,0
28,280458,1,1,0,1,1,2,2,93,0,5,10,2011,4,16,37,0,4,4,CHURCH AVE,,0,34.65163056,-89.309313890,0,8,0,0,1,1,1,0,1,1,0,1,0,0000000,17,0,17,17,99,99,0,0,0,1,0
28,280459,1,1,0,0,0,1,1,31,0,6,10,2011,5,15,48,1,2,2,US-84,,99998,31.63884722,-89.682216670,0,42,0,0,1,1,6,0,1,1,0,1,0,0000000,88,88,88,88,88,88,0,0,0,1,0
28,280460,1,1,0,1,1,2,2,43,0,7,10,2011,6,8,30,0,4,3,SR-8,,99998,33.78613056,-89.843816670,0,8,0,0,1,1,1,0,1,1,0,1,0,0000000,9,0,9,15,9,42,0,0,0,1,0
28,280461,1,1,0,1,1,2,2,71,0,7,10,2011,6,10,24,0,4,3,SR-314,,99998,34.41015833,-89.594675000,0,9,0,0,1,1,1,0,1,1,0,1,0,0000000,88,88,88,88,88,88,0,0,0,1,0
28,280462,2,2,0,0,0,2,2,3,0,11,8,2011,5,22,5,0,4,4,CO RD 156,,0,34.91842778,-88.700136110,0,12,2,0,1,1,1,0,2,1,0,1,0,0000000,88,88,88,88,88,88,0,0,0,1,1
28,280463,1,1,0,0,0,1,1,135,0,11,9,2011,1,1,13,0,4,4,SWAN LAKE RD,,0,33.83943889,-90.297316670,0,34,0,0,1,1,6,0,2,1,0,1,0,0000000,88,88,88,88,88,88,0,0,0,1,0
28,280464,2,2,0,0,0,2,2,105,2430,7,10,2011,6,10,39,1,2,3,SR-25,REED RD,99998,33.48382500,-88.850772220,0,12,6,0,2,2,1,0,1,1,0,1,0,0000000,88,88,88,88,88,88,0,0,0,1,0
28,280465,2,2,0,0,0,3,3,67,0,7,10,2011,6,16,39,0,4,4,INDIAN SPRINGS RD,LAKE RD,0,31.67225833,-89.204272220,0,12,6,0,2,2,1,0,1,1,0,1,0,0000000,16,45,17,20,17,40,0,0,0,1,0
28,280466,2,2,0,0,0,4,4,115,0,7,10,2011,6,19,22,0,4,2,US-278,WESTER LANE,99998,34.23501111,-88.857580560,0,12,6,0,2,2,1,0,2,1,0,1,0,0000000,19,27,19,59,20,22,0,0,0,1,1
28,280467,2,2,0,0,0,2,2,47,0,8,10,2011,7,16,28,1,2,2,US-49,,99998,30.51205833,-89.108158330,0,12,1,0,1,1,1,0,1,1,0,1,0,0000000,88,88,88,88,88,88,0,0,0,1,0
28,280468,2,2,0,0,0,2,2,49,1220,8,10,2011,7,21,5,0,16,6,WATKINS DR,NORTHGATE BLVD,0,32.38115278,-90.192738890,0,12,7,0,2,3,1,0,3,1,0,1,0,0000000,21,12,21,30,21,56,0,0,0,1,1
28,280469,2,2,0,0,0,2,2,113,0,9,10,2011,1,15,11,0,4,2,US-51,FREEMAN RD,99998,31.24992500,-90.455208330,0,12,6,0,2,2,1,0,1,1,0,1,0,0000000,88,88,88,88,88,88,0,0,0,1,0
28,280470,1,1,0,1,1,1,1,139,0,10,10,2011,2,1,35,0,4,3,SR-15,,99998,34.90107222,-88.907658330,0,8,0,0,1,1,1,0,2,1,0,1,0,0000000,88,88,88,88,88,88,0,0,0,1,0
28,280471,1,1,0,0,0,1,1,11,0,10,10,2011,2,3,25,0,4,4,LAUGHLIN,,0,33.71820833,-90.825147220,0,42,0,0,1,1,6,0,2,1,0,1,0,0000000,88,88,88,88,88,88,0,0,0,1,1
28,280472,2,2,0,0,0,2,2,145,0,10,10,2011,2,8,49,0,4,4,CO RD 51,CO RD 50,0,34.53602222,-89.034233330,0,12,6,0,2,3,1,0,1,1,0,1,0,0000000,9,0,9,13,10,0,0,0,0,1,0
28,280473,2,2,0,0,0,2,2,29,0,10,10,2011,2,12,50,0,4,4,TERRY GATEVILLE RD,,0,31.99635000,-90.258144440,0,12,2,0,1,1,1,0,1,1,0,1,0,0000000,13,8,13,50,14,22,0,0,0,1,0
28,280474,2,2,0,0,0,5,5,3,560,11,10,2011,3,8,57,1,2,2,US-45,,99998,34.93580278,-88.546033330,0,12,1,0,1,1,1,0,1,1,0,1,0,0000000,9,1,9,22,10,2,0,0,0,1,0
28,280475,1,1,0,0,0,1,1,67,0,11,10,2011,3,23,45,1,1,1,I-59,,99998,31.73989444,-89.086902780,0,21,0,0,1,1,5,0,2,1,0,1,0,0000000,88,88,88,88,88,88,0,0,0,1,1
28,280476,2,2,0,0,0,3,3,49,1220,14,10,2011,6,1,7,0,16,6,CAPITOL ST,WEST ST,0,32.29969167,-90.184122220,0,12,6,0,2,2,1,0,3,1,0,1,0,0000000,1,10,1,16,1,30,0,0,0,1,1
28,280477,1,1,0,0,0,1,1,135,0,14,10,2011,6,16,11,0,4,4,TEASEDALE RD,,0,34.06600278,-90.038136110,0,42,0,0,1,1,6,0,1,1,0,1,0,0000000,88,88,88,88,88,88,0,0,0,1,0
28,280478,1,1,0,0,0,1,1,79,0,15,10,2011,7,1,25,0,4,3,SR-43,,99998,32.72510556,-89.555544440,0,42,0,0,1,1,6,0,2,1,0,1,0,0000000,88,88,88,88,88,88,0,0,0,1,1
28,280480,1,1,0,0,0,1,1,113,0,19,10,2011,4,6,51,0,4,4,CO RD 93,,0,31.22428056,-90.290955560,0,35,0,0,1,1,6,0,1,1,0,1,0,0000000,88,88,88,88,88,88,0,0,0,1,0
28,280481,1,1,0,0,0,2,2,5,0,19,10,2011,4,11,13,0,4,3,SR-568,,99998,31.09603611,-90.553938890,0,1,0,0,1,1,6,0,1,1,0,1,0,0000000,11,42,12,0,12,30,0,0,0,1,0
28,280482,1,1,0,0,0,1,1,71,1860,20,10,2011,5,13,13,0,16,2,US-278,,99998,34.35480833,-89.531511110,0,35,0,0,1,1,6,0,1,1,0,1,0,0000000,88,88,88,88,88,88,0,0,0,1,0
28,280483,1,1,0,0,0,1,1,65,0,20,10,2011,5,17,20,0,4,3,SR-42,,99998,31.62370833,-89.883369440,0,42,0,0,1,1,6,0,1,1,0,1,0,0000000,88,88,88,88,88,88,0,0,0,1,0
28,280484,1,1,0,1,1,1,1,151,990,21,10,2011,6,21,7,0,16,6,THEOBALD,,0,33.40060278,-91.064202780,0,8,0,0,1,1,1,0,3,1,0,1,0,0000000,21,19,21,30,21,49,0,0,0,1,0
28,280485,1,1,0,0,0,1,1,35,0,22,10,2011,7,4,42,0,4,4,OLLIE WILLIAMS RD,ELKS LAKE RD,0,31.18577222,-89.290247220,0,34,0,0,2,3,6,0,2,1,0,1,0,0000000,4,49,5,12,5,30,0,0,0,1,0
28,280486,1,1,0,0,0,1,1,79,0,22,10,2011,7,21,34,0,5,3,SR-13,,99998,32.60477222,-89.620227780,0,34,0,0,1,1,6,0,2,1,0,1,0,0000000,88,88,88,88,88,88,0,0,0,1,1
28,280487,1,1,0,0,0,1,1,161,0,23,10,2011,1,0,21,0,4,4,CO RD 436,CO RD 97,0,34.10807222,-89.644250000,0,35,0,0,2,3,5,0,2,1,0,1,0,0000000,88,88,88,88,88,88,0,0,0,1,1
28,280488,1,1,0,0,0,1,1,93,0,23,10,2011,1,1,0,0,4,4,SCALES TOWER RD,,0,34.76923611,-89.303472220,0,42,0,0,1,1,6,0,3,1,0,1,0,0000000,88,88,88,88,88,88,0,0,0,1,1
28,280489,2,2,0,0,0,2,2,35,0,25,10,2011,3,7,36,0,4,4,ELKS LAKE RD,,0,31.20588056,-89.293350000,0,12,6,0,1,1,1,0,1,1,0,1,0,0000000,88,88,88,88,88,88,0,0,0,1,0
28,280490,2,2,0,0,0,3,3,19,0,26,10,2011,4,12,42,0,4,3,SR-15,,99998,33.39760278,-89.168777780,0,12,2,0,1,1,1,0,1,1,0,1,0,0000000,13,8,13,22,14,8,0,0,0,1,0
28,280491,2,2,0,0,0,3,3,87,540,26,10,2011,4,18,33,0,16,2,US-45,CRESCENT DR,99998,33.54956111,-88.433283330,0,12,6,0,2,3,1,0,2,1,0,1,0,0000000,88,88,88,88,88,88,0,0,0,1,0