STATE,ST_CASE,VE_TOTAL,VE_FORMS,PVH_INVL,PEDS,PERNOTMVIT,PERMVIT,PERSONS,COUNTY,CITY,DAY,MONTH,YEAR,DAY_WEEK,HOUR,MINUTE,NHS,ROAD_FNC,ROUTE,TWAY_ID,TWAY_ID2,MILEPT,LATITUDE,LONGITUD,SP_JUR,HARM_EV,MAN_COLL,RELJCT1,RELJCT2,TYP_INT,REL_ROAD,WRK_ZONE,LGT_COND,WEATHER1,WEATHER2,WEATHER,SCH_BUS,RAIL,NOT_HOUR,NOT_MIN,ARR_HOUR,ARR_MIN,HOSP_HR,HOSP_MN,CF1,CF2,CF3,FATALS,DRUNK_DR
28,280492,1,1,0,0,0,4,4,133,0,26,10,2011,4,19,56,0,4,4,DREW-MERIGOLD RD,,0,33.81270833,-90.579311110,0,35,0,0,1,1,6,0,2,1,0,1,0,0000000,20,11,20,36,21,22,0,0,0,1,0
28,280493,3,3,0,0,0,6,6,137,2290,27,10,2011,5,12,9,0,16,6,S PANOLA ST,,0,34.61895278,-89.968513890,0,12,1,0,4,1,1,0,1,2,0,2,0,0000000,12,11,12,42,13,22,0,0,0,2,0
28,280494,1,1,0,0,0,2,2,85,0,27,10,2011,5,16,45,1,1,1,I-55,,99998,31.54972222,-90.479600000,0,42,0,0,1,1,6,0,1,1,0,1,0,0000000,16,55,17,13,18,0,0,0,0,1,0
28,280495,3,3,0,0,0,3,3,87,0,28,10,2011,6,8,11,0,4,3,SR-50,,99998,33.52876111,-88.330825000,0,12,2,0,1,1,1,0,1,2,0,2,0,0000000,88,88,88,88,88,88,0,0,0,2,0
28,280496,2,2,0,0,0,4,4,47,0,28,10,2011,6,19,18,0,4,4,BELLS FERRY RD,,0,30.38694722,-89.231852780,0,12,2,0,1,1,1,0,2,1,0,1,0,0000000,19,24,19,40,20,12,0,0,0,2,0
28,280497,1,1,0,1,1,1,1,145,0,28,10,2011,6,20,55,0,4,3,SR-9,,99998,34.49118333,-89.068008330,0,8,0,0,1,1,1,0,2,1,0,1,0,0000000,21,4,21,42,22,10,0,0,0,1,0
28,280498,1,1,0,0,0,3,3,15,0,30,10,2011,1,8,36,1,1,1,I-55,,99998,33.38012500,-89.770994440,0,23,0,0,1,1,6,0,1,1,0,1,0,0000000,88,88,88,88,88,88,0,0,0,3,0
28,280499,2,2,0,0,0,3,3,153,0,1,11,2011,3,5,17,1,2,2,US-84,,99998,31.69543056,-88.759455560,0,12,1,0,1,1,1,0,2,1,0,1,0,0000000,88,88,88,88,88,88,0,0,0,1,0
28,280500,1,1,0,0,0,1,1,101,0,1,11,2011,3,22,32,0,4,3,SR-489,,99998,32.36091111,-89.309719440,0,34,0,0,1,1,6,0,2,1,0,1,0,0000000,88,88,88,88,88,88,0,0,0,1,1
28,280501,2,2,0,0,0,3,3,99,0,2,11,2011,4,7,32,0,4,3,SR-19,SR-492,99998,32.62479167,-88.997811110,0,12,6,0,2,2,1,0,1,1,0,1,0,0000000,7,59,8,11,9,0,0,0,0,1,0
28,280502,1,1,0,0,0,1,1,111,0,4,11,2011,6,13,59,0,4,3,SR-29,,99998,31.15166111,-89.027511110,0,42,0,0,1,1,6,0,1,1,0,1,0,0000000,88,88,88,88,88,88,0,0,0,1,0
28,280503,1,1,0,0,0,2,2,105,2430,5,11,2011,7,21,43,0,16,6,SAND RD,,0,33.41641111,-88.827533330,0,42,0,0,1,1,6,0,3,1,0,1,0,0000000,21,47,22,0,22,36,0,0,0,1,1
28,280504,1,1,0,0,0,1,1,49,1220,6,11,2011,1,1,55,0,16,6,220,,0,32.38793611,-90.192672220,0,43,0,0,1,1,6,0,3,1,0,1,0,0000000,88,88,88,88,88,88,0,0,0,1,1
28,280505,1,1,0,1,1,1,1,121,2125,1,11,2011,3,6,36,0,4,6,CLEARY RD,,0,32.20394167,-90.152419440,0,8,0,0,1,1,1,0,2,1,0,1,1,0000000,6,38,7,0,7,30,0,0,0,1,0
28,280506,2,2,0,0,0,5,5,3,0,7,11,2011,2,5,16,1,2,2,US-72,,99998,34.89705000,-88.471336110,0,12,1,0,1,1,1,0,2,1,0,1,0,0000000,5,37,6,0,6,51,0,0,0,3,0
28,280507,2,2,0,0,0,2,2,43,0,7,11,2011,2,19,0,0,4,3,SR-8,SHAW RD,99998,33.78642222,-89.849269440,0,12,6,0,2,3,1,0,2,1,0,1,0,0000000,88,88,88,88,88,88,0,0,0,1,0
28,280508,1,1,0,0,0,1,1,141,0,9,11,2011,4,14,50,1,2,3,SR-25,,99998,34.75051111,-88.221330560,0,42,0,0,1,1,6,0,1,1,0,1,0,0000000,88,88,88,88,88,88,0,0,0,1,0
28,280509,1,1,0,0,0,4,4,67,0,10,11,2011,5,10,3,1,2,1,I-59,,99998,31.75325000,-89.072352780,0,1,0,0,1,1,6,0,1,1,0,1,0,0000000,10,12,10,36,11,15,0,0,0,1,0
28,280510,2,2,0,0,0,2,2,11,0,11,11,2011,6,12,10,0,4,3,SR-8,CO LINE RD,99998,33.84299444,-91.015700000,0,12,6,0,2,2,1,0,1,1,0,1,0,0000000,12,38,13,0,13,30,0,0,0,1,0
28,280511,1,1,0,0,0,1,1,91,0,12,11,2011,7,14,52,0,4,3,SR-587,,99998,31.32208333,-89.936986110,0,43,0,0,1,1,6,0,1,1,0,1,0,0000000,14,57,15,0,99,99,0,0,0,1,0
28,280512,1,1,0,0,0,1,1,75,0,14,11,2011,2,11,41,0,4,4,CAUSEYVILLE RD,,0,32.31913889,-88.626552780,0,1,0,0,1,1,6,0,1,1,0,1,0,0000000,11,48,11,54,12,10,0,0,0,1,0
28,280513,1,1,0,1,1,1,1,23,0,14,11,2011,2,18,11,0,4,2,US-11,,99998,32.04705833,-88.882641670,0,8,0,0,1,1,1,0,2,1,0,1,0,0000000,88,88,88,88,88,88,0,0,0,1,0
28,280514,1,1,0,0,0,1,1,49,0,15,11,2011,3,13,46,0,4,4,OLD PORT GIBSON RD,,0,32.23272222,-90.520316670,0,42,0,0,1,1,6,0,1,2,0,2,0,0000000,88,88,88,88,88,88,0,0,0,1,0
28,280515,2,2,0,0,0,3,3,127,1510,16,11,2011,4,20,43,0,16,2,US-49,4TH AVE SW,99998,31.86643056,-89.737494440,0,12,6,0,2,2,1,0,3,1,0,1,0,0000000,20,59,21,26,22,0,0,0,0,1,0
28,280516,1,1,0,1,1,1,1,49,1220,17,11,2011,5,20,37,0,16,6,WATKINS DR,,0,32.35946389,-90.192586110,0,9,0,0,1,1,1,0,3,1,0,1,0,0000000,88,88,88,88,88,88,0,0,0,1,0
28,280517,1,1,0,0,0,2,2,81,2610,18,11,2011,6,15,4,1,12,2,US-45,,99998,34.23481944,-88.700988890,0,1,0,0,1,1,6,0,1,1,0,1,0,0000000,15,16,15,36,15,53,0,0,0,1,0
28,280518,1,1,0,1,1,1,1,151,990,18,11,2011,6,17,56,0,16,6,ALEXANDER,HYMAN,0,33.40644722,-91.033472220,0,8,0,0,2,2,1,0,3,1,0,1,0,0000000,88,88,88,88,88,88,0,0,0,1,0
28,280519,3,3,0,0,0,4,4,27,0,18,11,2011,6,20,50,1,2,2,US-49,,99998,34.49202222,-90.568386110,0,12,2,0,1,1,1,0,2,1,0,1,0,0000000,20,56,21,22,22,18,0,0,0,1,0
28,280520,1,1,0,0,0,2,2,35,1050,19,11,2011,7,3,2,1,2,2,US-49,,99998,31.41260833,-89.401927780,0,1,0,0,1,1,6,0,3,1,0,1,0,0000000,3,5,3,36,4,11,0,0,0,1,0
28,280521,1,1,0,0,0,1,1,77,0,20,11,2011,1,9,44,0,4,4,MONTICELLO RD,,0,31.72049444,-90.156527780,0,30,0,0,1,1,6,0,1,2,0,2,0,0000000,9,55,10,12,11,0,0,0,0,1,0
28,280522,1,1,0,0,0,1,1,49,0,21,11,2011,2,18,4,0,4,4,DRYGROVE RD,,0,32.23196667,-90.431655560,0,1,0,0,1,1,6,0,2,1,0,1,0,0000000,88,88,88,88,88,88,0,0,0,1,1
28,280523,3,3,0,0,0,3,3,27,0,22,11,2011,3,10,0,1,2,2,US-49,,99998,34.31042222,-90.503775000,0,12,2,0,1,1,1,0,1,2,0,2,0,0000000,88,88,88,88,88,88,0,0,0,2,0
28,280524,1,1,0,0,0,1,1,67,0,24,11,2011,5,0,29,0,4,4,LOWER MYRICK RD,,0,31.66861944,-89.097541670,0,30,0,0,1,1,6,0,3,1,0,1,0,0000000,88,88,88,88,88,88,0,0,0,1,1
28,280525,1,1,0,0,0,2,2,39,0,24,11,2011,5,7,30,0,4,3,SR-613,,99998,30.90942778,-88.572594440,0,1,0,0,1,1,6,0,1,1,0,1,0,0000000,7,42,8,0,8,22,0,0,0,1,1
28,280526,2,2,0,0,0,5,5,67,0,25,11,2011,6,19,20,1,2,2,US-84,TODD RD,99998,31.67701667,-89.300852780,0,12,6,0,2,2,1,0,2,1,0,1,0,0000000,19,31,19,44,20,11,0,0,0,1,0
28,280527,1,1,0,0,0,2,2,1,1720,26,11,2011,7,1,43,0,16,6,JOHN R JUNKIN DR,,0,31.53253611,-91.391986110,0,35,0,0,1,1,6,0,3,1,0,1,0,0000000,1,52,2,22,2,36,0,0,0,1,0
28,280528,1,1,0,0,0,1,1,111,0,27,11,2011,1,8,15,0,4,4,CORINTH CHURCH RD,,0,31.37498889,-89.133441670,0,42,0,0,1,1,6,0,1,2,0,2,0,0000000,88,88,88,88,88,88,0,0,0,1,0
28,280530,1,1,0,0,0,1,1,115,0,30,11,2011,4,1,0,0,4,3,SR-345,,99998,34.34247778,-88.984552780,0,1,0,0,1,1,6,0,2,1,0,1,0,0000000,88,88,88,88,88,88,0,0,0,1,1
28,280531,1,1,0,0,0,1,1,33,1830,30,11,2011,4,20,46,0,4,3,SR-305,,99998,34.96349167,-89.830419440,0,23,0,0,1,1,5,0,3,1,0,1,0,0000000,88,88,88,88,88,88,0,0,0,1,0
28,280532,1,1,0,0,0,1,1,141,1210,13,7,2011,4,12,52,0,16,6,CONSTITUTION DR,ASH ST,0,34.81913333,-88.198691670,0,42,0,0,3,1,5,0,1,1,0,1,0,0000000,13,11,13,48,99,99,0,0,0,1,0
28,280533,1,1,0,0,0,2,2,81,0,2,8,2011,3,0,18,0,4,3,SR-178,,99998,34.26681111,-88.556997220,0,35,0,0,1,1,6,0,2,1,0,1,0,0000000,0,47,1,0,1,40,0,0,0,1,0
28,280534,1,1,0,0,0,1,1,67,0,1,12,2011,5,2,36,0,4,3,SR-15,,99998,31.67000000,-89.109008330,0,35,0,0,1,1,6,0,2,1,0,1,0,0000000,88,88,88,88,88,88,0,0,0,1,0
28,280535,1,1,0,0,0,1,1,131,0,2,12,2011,6,14,6,0,4,3,SR-26,,99998,30.84726944,-89.469872220,0,42,0,0,1,1,6,0,1,1,0,1,0,0000000,14,23,14,50,15,12,0,0,0,1,1
28,280536,1,1,0,0,0,1,1,139,0,5,12,2011,2,10,7,0,4,4,CO RD 701,,0,34.70307500,-88.945583330,0,34,0,0,1,1,6,0,1,2,0,2,0,0000000,10,14,10,19,10,30,0,0,0,1,0
28,280537,1,1,0,1,1,1,1,145,0,6,12,2011,3,14,41,0,4,4,CR 86,CR 88,0,34.43852500,-89.052258330,0,8,0,0,2,2,1,0,1,1,0,1,0,0000000,88,88,88,88,88,88,0,0,0,1,0
28,280538,1,1,0,0,0,1,1,91,0,6,12,2011,3,17,32,0,4,3,SR-43,,99998,31.17353611,-89.786008330,0,24,0,0,1,1,6,0,2,2,0,2,0,0000000,88,88,88,88,88,88,0,0,0,1,0
28,280539,2,2,0,0,0,2,2,67,0,7,12,2011,4,13,27,0,4,3,SR-29,,99998,31.62712500,-89.215397220,0,12,8,0,1,1,1,0,1,1,0,1,0,0000000,88,88,88,88,88,88,0,0,0,1,0
28,280540,1,1,0,0,0,1,1,37,0,1,11,2011,3,9,24,1,2,2,US-84,,99998,31.51107500,-90.707075000,0,42,0,0,1,1,6,0,1,1,0,1,0,0000000,88,88,88,88,88,88,0,0,0,1,0
28,280541,2,2,0,0,0,6,6,79,0,8,12,2011,5,8,14,0,4,3,SR-35,PLEASANT HILL RD,99998,32.69609722,-89.519708330,0,12,6,0,2,3,1,0,1,1,0,1,0,0000000,8,31,8,44,9,12,0,0,0,1,0
28,280542,2,2,0,0,0,2,2,121,0,12,12,2011,2,12,16,0,4,4,RT BRADDY,,0,32.12899167,-90.059477780,0,12,2,0,1,1,1,0,1,1,0,1,0,0000000,88,88,88,88,88,88,0,0,0,1,0
28,280543,2,2,0,0,0,6,6,59,0,12,12,2011,2,0,17,1,1,1,I-10,,99998,30.45478611,-88.811286110,0,12,8,0,1,1,1,0,2,1,0,1,0,0000000,0,32,1,15,1,50,0,0,0,1,0
28,280544,1,1,0,0,0,3,3,75,1590,14,12,2011,4,14,50,0,16,6,28TH AVE,,0,32.37014167,-88.706438890,0,35,0,0,1,1,4,0,1,10,0,10,0,0000000,15,0,15,22,15,49,0,0,0,1,0
28,280545,1,1,0,0,0,1,1,77,0,13,12,2011,3,12,21,0,3,3,SR-27,N A SANDIFER,99998,31.61049722,-90.114511110,0,35,0,0,2,3,5,0,1,1,0,1,0,0000000,88,88,88,88,88,88,0,0,0,1,0
28,280546,1,1,0,1,1,1,1,99,0,14,12,2011,4,15,49,0,13,3,SR-16,,99998,32.76939167,-89.063775000,0,8,0,0,1,1,1,0,1,1,0,1,0,0000000,15,54,16,0,16,11,0,0,0,1,0
28,280547,1,1,0,0,0,2,2,21,0,12,10,2011,4,20,51,0,15,8,NATCHEZ TRACE PARKWAY,,0,32.09041667,-90.791416670,0,34,0,0,1,1,5,0,2,5,0,5,0,0000000,21,13,21,36,21,52,0,0,0,1,0
28,280548,1,1,0,0,0,1,1,163,0,12,12,2011,2,9,6,0,14,4,FLETCHERS CHAPEL RD,,0,32.78569167,-90.334080560,0,38,0,0,1,1,5,0,1,10,0,10,0,0000000,88,88,88,88,88,88,0,0,0,1,0
28,280549,1,1,0,0,0,1,1,41,0,15,12,2011,5,17,36,0,3,3,SR-57,,99998,31.10761667,-88.795938890,0,35,0,0,1,1,5,0,2,2,10,2,0,0000000,88,88,88,88,88,88,0,0,0,1,0
28,280550,1,1,0,0,0,1,1,91,0,15,12,2011,5,21,53,0,4,3,SR-43,,99998,31.10290556,-89.774186110,0,42,0,0,1,1,5,0,2,1,0,1,0,0000000,22,10,22,36,23,0,0,0,0,1,0
28,280551,1,1,0,0,0,1,1,143,0,16,12,2011,6,12,0,0,3,3,SR-3,,99998,34.71590000,-90.242233330,0,1,0,0,1,1,6,0,1,2,0,2,0,0000000,88,88,88,88,88,88,0,0,0,1,0
28,280552,1,1,0,0,0,5,5,69,0,17,12,2011,7,7,50,1,12,2,US-45,,99998,32.68043333,-88.490069440,0,1,0,0,1,1,6,0,1,1,0,1,0,0000000,8,0,8,41,9,11,0,0,0,1,0
28,280553,1,1,0,0,0,1,1,47,0,18,12,2011,1,14,52,0,4,4,SHAW RD,,0,30.51590556,-89.171188890,0,42,0,0,1,1,5,0,1,1,0,1,0,0000000,88,88,88,88,88,88,0,0,0,1,1
28,280554,1,1,0,0,0,3,3,107,0,20,12,2011,3,0,54,0,4,4,SHADY GROVE RD,,0,34.34144722,-89.747586110,0,34,0,0,1,1,6,0,3,1,0,1,0,0000000,0,59,1,22,1,52,0,0,0,1,1
28,280555,1,1,0,0,0,1,1,75,0,21,12,2011,4,14,6,0,4,4,SMITH SPUR RD,,0,32.39336111,-88.447647220,0,1,0,0,1,1,6,0,1,1,0,1,0,0000000,14,23,15,0,15,36,0,0,0,1,0
28,280556,1,1,0,0,0,1,1,29,0,22,12,2011,5,7,8,0,4,4,JAMES RD,CLARK LANE,0,31.82053333,-90.375905560,0,43,0,0,2,3,6,0,4,1,0,1,0,0000000,7,20,7,36,8,0,0,0,0,1,0
28,280557,2,2,0,0,0,2,2,65,0,22,12,2011,5,10,10,0,14,3,SR-13,,99998,31.64525556,-89.858047220,0,12,2,0,1,1,1,0,1,2,0,2,0,0000000,88,88,88,88,88,88,0,0,0,1,0
28,280558,1,1,0,0,0,1,1,39,0,23,12,2011,6,0,13,0,4,3,SR-63,,99998,30.94799444,-88.625227780,0,1,0,0,1,1,6,0,2,1,0,1,0,0000000,88,88,88,88,88,88,0,0,0,1,1
28,280559,2,2,0,0,0,2,2,39,0,24,12,2011,7,11,5,0,4,4,OLD HWY 63,,99998,30.87661389,-88.597661110,0,12,6,0,1,1,1,0,1,1,0,1,0,0000000,11,21,11,36,12,14,0,0,0,1,0
28,280560,1,1,0,1,1,1,1,157,0,24,12,2011,7,21,9,0,4,3,SR-24,FORD ST,99998,31.08735000,-91.241775000,0,8,0,0,3,3,1,0,2,2,10,2,0,0000000,88,88,88,88,88,88,0,0,0,1,1
28,280561,2,2,0,0,0,5,5,113,1520,25,12,2011,1,19,14,1,1,1,I-55,,99998,31.14215556,-90.480158330,0,12,6,0,1,1,1,0,2,2,0,2,0,0000000,19,30,19,44,20,11,0,0,0,3,0
28,280562,1,1,0,0,0,2,2,43,1010,26,12,2011,2,2,44,0,16,6,MEADOWBROOK RD,,0,33.73935000,-89.797694440,0,24,0,0,1,1,5,0,2,2,0,2,0,0000000,88,88,88,88,88,88,0,0,0,2,0
28,280563,1,1,0,0,0,2,2,75,0,28,12,2011,4,8,47,0,14,3,SR-39,,99998,32.44774167,-88.671380560,0,35,0,0,1,1,6,0,1,1,0,1,0,0000000,88,88,88,88,88,88,0,0,0,1,0
28,280564,1,1,0,0,0,2,2,135,0,30,12,2011,6,3,43,0,4,3,SR-2,,99998,34.09039444,-90.033641670,0,34,0,0,1,1,6,0,2,1,0,1,0,0000000,4,0,4,21,4,59,0,0,0,1,0
28,280565,1,1,0,0,0,1,1,109,0,31,12,2011,7,11,21,0,4,2,US-11,,99998,30.68282778,-89.626238890,0,32,0,0,1,1,6,0,1,1,0,1,0,0000000,88,88,88,88,88,88,0,0,0,1,0
28,280566,2,2,0,0,0,4,4,85,320,31,12,2011,7,11,51,1,2,3,SR-84,SR-583,99998,31.54617222,-90.440783330,0,12,6,1,2,2,1,0,1,1,0,1,0,0000000,11,59,12,14,12,39,0,0,0,1,0
28,280567,2,2,0,0,0,9,9,75,1590,31,12,2011,7,20,17,0,13,3,SR-19,SCRUGGS RD,99998,32.36685556,-88.645930560,0,12,6,0,2,3,6,0,2,1,0,1,0,0000000,20,20,20,42,21,10,0,0,0,1,1
28,280568,1,1,0,0,0,1,1,47,1020,27,12,2011,3,2,57,0,16,6,29TH AVE,,0,30.36872778,-89.096591670,0,10,0,0,6,1,1,0,2,2,0,2,0,9999999,88,88,88,88,88,88,0,0,0,1,1
28,280569,2,2,0,0,0,5,5,121,1918,4,12,2011,1,13,28,1,13,2,US-49,,99998,32.27289722,-90.158222220,0,12,7,0,1,1,1,0,1,1,0,1,0,0000000,13,29,13,36,14,0,0,0,0,1,0
28,280570,2,2,0,0,0,3,3,41,2440,31,12,2011,7,12,53,0,16,6,MAIN ST,,0,31.43375278,-88.472869440,0,12,2,0,1,1,1,0,1,1,0,1,0,0000000,13,5,13,42,14,14,0,0,0,2,0
29,290001,2,2,0,0,0,2,2,77,0,1,1,2011,7,6,57,1,1,1,I-44,,189,37.20741667,-93.392472220,0,12,2,0,1,1,1,0,2,10,0,10,0,0000000,99,98,99,98,88,88,0,0,0,1,1
29,290002,1,1,0,0,0,2,2,165,4120,2,1,2011,1,3,31,0,15,6,N MACE RD,,17,39.23227222,-94.676172220,0,42,0,0,1,1,4,0,3,1,0,1,0,0000000,3,37,3,46,99,99,0,0,0,1,1
29,290003,2,2,0,0,0,4,4,195,4970,3,1,2011,2,14,36,1,12,2,US-65,FAIRGROUND RD,186,39.09400000,-93.212805560,0,12,2,0,2,3,1,0,1,1,0,1,0,0000000,14,39,14,41,14,52,0,0,0,1,0
29,290004,2,2,0,0,0,2,2,77,7460,3,1,2011,2,18,40,0,13,6,CAMPBELL AVE,CHEROKEE ST,35,37.17743333,-93.295313890,0,33,0,0,3,1,4,0,3,1,0,1,0,0000000,18,41,18,49,19,9,0,0,0,1,0
29,290006,1,1,0,0,0,1,1,139,0,5,1,2011,4,0,30,0,4,3,SR-E,,89,38.97138889,-91.308333330,0,35,0,0,1,1,4,0,2,1,0,1,0,0000000,8,17,8,38,9,26,0,0,0,1,0
29,290007,1,1,0,0,0,1,1,55,7510,7,1,2011,6,99,99,0,2,3,SR-19,,99,37.96936111,-91.364444440,0,42,0,0,1,1,4,0,2,1,0,1,0,0000000,99,98,99,98,88,88,0,0,0,1,0
29,290009,1,1,0,0,0,1,1,91,0,7,1,2011,6,20,10,1,2,2,US-60,,198,36.99416667,-91.739277780,0,39,0,0,1,1,4,0,2,10,0,10,0,0000000,99,98,99,98,88,88,0,0,0,1,0
29,290010,2,2,0,0,0,3,3,83,0,10,1,2011,2,10,30,0,4,3,SR-18,,47,38.35725000,-93.983277780,0,12,2,0,1,1,1,0,1,4,0,4,0,0000000,10,30,10,52,11,38,0,0,0,1,0
29,290011,2,2,0,0,0,3,3,81,0,10,1,2011,2,12,0,1,1,1,I-35,,127,40.31044444,-94.011638890,0,12,6,0,1,1,1,0,1,4,0,4,0,0000000,11,58,12,9,12,48,0,0,0,1,0
29,290012,2,2,0,0,0,4,4,209,0,10,1,2011,2,16,55,0,2,2,US-160,,14,36.80161111,-93.349583330,0,12,6,0,1,1,1,0,1,4,0,4,0,0000000,16,54,17,6,18,9,0,0,0,2,0
29,290013,1,1,0,0,0,1,1,209,0,10,1,2011,2,20,0,0,3,3,SR-76,,73,36.73825000,-93.471388890,0,42,0,0,1,1,4,0,2,10,4,4,0,0000000,99,98,99,98,88,88,0,0,0,1,1
29,290014,1,1,0,0,0,2,2,189,3580,10,1,2011,2,22,11,1,11,1,I-270,,114,38.77595278,-90.393983330,0,24,0,0,1,1,4,0,3,4,0,4,0,0000000,22,17,22,23,22,43,0,0,0,1,1
29,290015,1,1,0,0,0,1,1,67,0,12,1,2011,4,13,7,0,3,3,SR-5,,52,37.00744444,-92.647638890,0,35,0,0,1,1,4,0,1,10,0,10,0,0000000,13,9,13,21,88,88,0,0,0,1,0
29,290016,1,1,0,0,0,1,1,149,0,14,1,2011,6,10,30,0,3,2,US-160,,143,36.73408333,-91.466944440,0,35,0,0,1,1,4,0,1,1,0,1,0,0000000,99,98,99,98,88,88,0,0,0,1,0
29,290017,1,1,0,0,0,1,1,83,0,15,1,2011,7,0,30,0,4,3,SR-Z,,6,38.22047222,-93.749527780,0,34,0,0,1,1,4,0,2,1,0,1,0,0000000,0,42,0,53,88,88,0,0,0,1,0
29,290018,1,1,0,1,1,1,1,95,4120,15,1,2011,7,4,5,1,11,1,I-435,,9,38.94074722,-94.593063890,0,8,0,0,1,1,1,0,2,1,0,1,0,0000000,99,98,99,98,88,88,0,0,0,1,0
29,290019,1,1,0,0,0,2,2,97,0,18,1,2011,3,8,45,1,2,2,US-71,,106,37.20697222,-94.305111110,0,1,0,0,1,1,4,0,1,10,3,3,0,0000000,8,47,8,53,9,29,0,0,0,1,0
29,290020,1,1,0,0,0,1,1,131,0,18,1,2011,3,23,15,0,4,3,SR-EE,,47,38.05852778,-92.342222220,0,42,0,0,1,1,4,0,2,1,0,1,0,0000000,99,98,99,98,88,88,0,0,0,1,1
29,290021,1,1,0,0,0,1,1,207,0,19,1,2011,4,10,30,1,12,2,US-60,SR-25,148,36.81558333,-89.941694440,0,33,0,1,5,1,4,0,1,10,0,10,0,0000000,99,98,99,98,88,88,0,0,0,1,0
29,290022,2,2,0,0,0,4,4,187,0,20,1,2011,5,13,35,1,2,2,US-67,,44,37.98413889,-90.532472220,0,12,1,0,1,1,1,0,1,1,0,1,0,0000000,99,98,99,98,88,88,0,0,0,3,1
29,290023,1,1,0,0,0,1,1,155,0,20,1,2011,5,16,50,1,1,1,I-155,SR-U,64,36.17644444,-89.693333330,0,21,0,1,18,1,4,0,1,4,0,4,0,0000000,99,98,99,98,88,88,0,0,0,1,0
29,290025,1,1,0,0,0,1,1,111,0,23,1,2011,1,15,10,1,2,2,US-61,,68,40.04433333,-91.525027780,0,58,0,0,1,1,4,0,1,10,4,4,0,0000000,99,98,99,98,88,88,0,0,0,1,0
29,290026,1,1,0,0,0,3,3,185,0,23,1,2011,1,17,15,1,1,3,SR-13,,33,38.17605556,-93.722361110,0,31,0,0,1,1,3,0,1,10,0,10,0,0000000,17,15,17,29,19,27,0,0,0,1,0
29,290027,1,1,0,2,2,2,2,510,7080,28,1,2011,6,18,15,0,13,6,GRAND BLVD,MONTGOMERY,7,38.65299444,-90.222600000,0,8,0,0,3,1,1,0,3,1,0,1,0,0000000,99,99,99,99,99,99,0,0,0,2,0
29,290028,1,1,0,0,0,1,1,147,0,28,1,2011,6,12,30,0,4,3,SR-46,,98,40.34727778,-95.003972220,0,35,0,0,1,1,4,0,1,1,0,1,0,0000000,12,31,12,42,13,35,0,0,0,1,0
29,290029,2,2,0,0,0,4,4,121,0,29,1,2011,7,8,57,1,12,2,US-36,KELLOGG ST,219,39.75533333,-92.453527780,0,12,6,0,2,2,1,0,1,1,0,1,0,0000000,8,58,9,2,9,36,0,0,0,1,0
29,290030,1,1,0,0,0,3,3,187,0,29,1,2011,7,12,55,0,4,3,SR-D,,87,37.82213889,-90.420583330,0,58,0,0,1,1,4,0,1,1,0,1,0,0000000,12,52,13,3,13,35,0,0,0,1,1
29,290031,1,1,0,1,1,1,1,189,8393,4,1,2011,3,19,13,0,14,3,SR-109,,83,38.54130556,-90.631080560,0,8,0,0,1,1,1,0,2,1,0,1,0,0000000,19,18,19,32,19,57,23,0,0,1,0
29,290032,2,2,0,0,0,2,2,97,0,14,1,2011,6,18,5,0,15,4,FIR,,47,37.14311111,-94.524722220,0,24,0,0,1,1,4,0,2,10,0,10,0,0000000,99,99,99,99,99,99,0,0,0,1,0
29,290033,1,1,0,1,1,4,4,510,7080,22,1,2011,7,20,0,0,14,6,GOODFELLOW BLVD,,33,38.68466944,-90.271705560,0,38,0,0,1,1,4,0,3,10,0,10,0,0000000,99,99,99,99,99,99,0,0,0,1,1
29,290034,1,1,0,0,0,1,1,31,0,25,1,2011,3,10,47,0,4,3,SR-KK,,51,37.56713889,-89.780416670,0,34,0,0,1,1,4,0,1,10,0,10,0,0000000,99,98,99,98,88,88,0,0,0,1,0
29,290035,3,3,0,0,0,3,3,63,1350,28,1,2011,6,20,24,0,14,3,SR-69,,36,39.75880556,-94.234444440,0,12,6,0,8,1,1,0,3,10,0,10,0,0000000,20,25,20,30,21,4,0,0,0,1,1
29,290036,1,1,0,0,0,2,2,175,0,29,1,2011,7,16,45,0,4,3,SR-C,,112,39.45516667,-92.569138890,0,24,0,0,1,1,4,0,1,1,0,1,0,0000000,17,26,17,37,18,10,0,0,0,1,0
29,290037,2,2,0,0,0,2,2,161,0,1,2,2011,3,5,18,1,2,2,US-63,,199,37.79155556,-91.825111110,0,12,2,0,1,1,1,0,2,3,4,4,0,0000000,5,24,5,48,6,25,0,0,0,1,0
29,290038,1,1,0,1,1,1,1,510,7080,3,2,2011,5,9,41,0,14,6,DE BALIVIERE AVE,,4,38.64817222,-90.285425000,0,8,0,0,1,1,1,0,1,8,0,8,0,0000000,99,99,99,99,99,99,0,0,0,1,0
29,290039,1,1,0,0,0,1,1,510,7080,7,2,2011,2,2,10,1,11,1,I-70,,48,38.67837500,-90.208702780,0,52,0,0,1,1,4,0,3,10,0,10,0,0000000,99,99,99,99,99,99,0,0,0,1,1
29,290040,1,1,0,0,0,1,1,510,7080,9,2,2011,4,8,23,0,13,6,RIVERVIEW DR,,32,38.73166944,-90.217125000,0,42,0,0,1,1,4,0,1,10,0,10,0,0000000,99,99,99,99,99,99,0,0,0,1,0