STATE,ST_CASE,VE_TOTAL,VE_FORMS,PVH_INVL,PEDS,PERNOTMVIT,PERMVIT,PERSONS,COUNTY,CITY,DAY,MONTH,YEAR,DAY_WEEK,HOUR,MINUTE,NHS,ROAD_FNC,ROUTE,TWAY_ID,TWAY_ID2,MILEPT,LATITUDE,LONGITUD,SP_JUR,HARM_EV,MAN_COLL,RELJCT1,RELJCT2,TYP_INT,REL_ROAD,WRK_ZONE,LGT_COND,WEATHER1,WEATHER2,WEATHER,SCH_BUS,RAIL,NOT_HOUR,NOT_MIN,ARR_HOUR,ARR_MIN,HOSP_HR,HOSP_MN,CF1,CF2,CF3,FATALS,DRUNK_DR
29,290041,1,1,0,1,1,2,2,83,0,9,2,2011,4,20,45,1,13,3,SR-7,,169,38.38941667,-93.803333330,0,8,0,0,1,1,1,0,2,1,0,1,0,0000000,99,98,99,98,88,88,0,0,0,1,0
29,290042,1,1,0,0,0,2,2,187,0,14,2,2011,2,15,0,0,4,3,SR-N,,29,37.73086111,-90.616722220,0,59,0,0,1,1,4,0,1,10,0,10,0,0000000,15,20,15,27,16,17,0,0,0,1,1
29,290043,1,1,0,0,0,2,2,99,0,12,2,2011,7,1,35,0,3,3,SR-110,,31,38.14247222,-90.529166670,0,42,0,0,1,1,4,0,2,1,0,1,0,0000000,1,38,2,4,2,59,0,0,0,2,1
29,290044,2,2,0,0,0,5,5,169,0,6,2,2011,1,21,10,0,3,3,SR-17,,14,38.00172222,-92.261722220,0,12,6,0,1,1,1,0,2,10,0,10,0,0000000,21,12,21,27,22,0,0,0,0,2,0
29,290045,2,2,0,0,0,2,2,111,0,10,1,2011,2,13,5,0,2,3,SR-6,,50,40.09808333,-91.855250000,0,12,2,0,1,1,1,0,1,10,0,10,0,0000000,99,98,99,98,88,88,0,0,0,1,0
29,290046,1,1,0,2,2,1,1,43,0,30,1,2011,1,18,10,0,6,4,COUNTY LINE RD 194,,17,37.08988889,-93.122138890,0,8,0,0,1,1,1,0,5,10,0,10,0,0000000,99,98,99,98,88,88,0,0,0,1,0
29,290047,1,1,0,1,1,1,1,145,0,13,2,2011,1,3,29,1,2,3,SR-71,,133,36.86138889,-94.428055560,0,8,0,0,1,1,1,0,2,10,0,10,0,0000000,99,98,99,98,88,88,0,0,0,1,0
29,290048,1,1,0,0,0,2,2,181,0,17,2,2011,5,13,10,0,4,3,SR-C,,163,36.65700000,-90.975277780,0,42,0,0,1,1,4,0,1,10,0,10,0,0000000,13,3,13,21,88,88,0,0,0,1,1
29,290049,1,1,0,0,0,2,2,183,7100,30,1,2011,1,18,53,0,13,6,MID RIVERS MALL DR,,25,38.77185833,-90.625247220,0,33,0,0,1,1,4,0,3,1,0,1,0,0000000,99,99,99,99,99,99,0,0,0,1,1
29,290050,2,2,0,0,0,2,2,109,0,16,2,2011,4,16,30,0,4,3,SR-97,2130,139,37.08916667,-93.949722220,0,12,6,0,2,2,1,0,1,10,0,10,0,0000000,99,98,99,98,88,88,0,0,0,1,0
29,290051,2,2,0,0,0,7,7,215,0,19,1,2011,4,15,55,0,3,3,SR-AW,EVENING SHADE RD,21,37.57547222,-92.141333330,0,12,6,0,2,3,1,0,1,10,0,10,0,0000000,15,57,16,29,17,5,0,0,0,1,0
29,290052,2,2,0,0,0,2,2,121,0,16,2,2011,4,15,55,0,4,3,SR-3,,198,39.79005556,-92.621111110,0,12,6,0,8,1,1,0,1,1,0,1,0,0000000,15,59,16,10,16,33,0,0,0,1,0
29,290053,2,2,0,0,0,4,4,9,0,19,2,2011,7,23,40,1,2,3,SR-37,,143,36.73097222,-93.907777780,0,12,2,0,1,1,1,0,2,10,0,10,0,0000000,23,44,0,23,0,55,0,0,0,1,1
29,290054,1,1,0,0,0,1,1,91,0,21,2,2011,2,17,15,0,4,3,SR-76,,45,36.98100000,-92.070277780,0,59,0,0,1,1,4,0,1,10,0,10,0,0000000,99,99,99,99,99,99,0,0,0,1,0
29,290055,2,2,0,0,0,3,3,169,7105,24,2,2011,5,23,13,1,11,1,I-44,,83,37.82371944,-92.154566670,0,57,0,0,1,1,3,0,2,2,4,4,0,0000000,23,17,23,23,0,10,0,0,0,1,1
29,290056,2,2,0,0,0,3,3,95,4120,16,1,2011,1,12,25,0,13,6,63RD TRFWY,,19,39.01279444,-94.499577780,0,12,6,0,1,1,1,0,1,10,0,10,0,0000000,12,28,12,38,99,99,0,0,0,1,1
29,290057,1,1,0,1,1,1,1,95,4120,27,2,2011,1,14,20,0,13,6,MAIN ST,LINWOOD BLVD,26,39.06834167,-94.585461110,0,8,0,0,3,1,1,0,1,10,5,5,0,0000000,14,21,14,24,88,88,0,0,0,1,0
29,290058,1,1,0,0,0,1,1,183,8280,6,2,2011,1,21,40,1,11,1,I-70,US-61,69,38.80508333,-90.829833330,0,1,0,1,5,1,4,0,3,10,0,10,0,0000000,22,49,22,49,23,30,0,0,0,1,1
29,290060,1,1,0,0,0,1,1,99,0,17,2,2011,5,18,20,0,6,4,SANDY CHURCH RD,,7,38.28661111,-90.512027780,0,1,0,0,1,1,1,0,2,1,0,1,0,0000000,18,20,18,36,88,88,0,0,0,1,1
29,290061,1,1,0,0,0,1,1,71,6030,25,2,2011,6,0,1,0,15,7,I-44 OR,,20,38.48800000,-90.779611110,0,53,0,0,1,1,5,0,2,10,4,4,0,0000000,2,6,2,13,88,88,0,0,0,1,1
29,290062,1,1,0,0,0,1,1,161,0,26,2,2011,7,16,2,0,6,4,7240,,12,37.83477778,-91.852111110,0,35,0,0,1,1,4,0,1,10,0,10,0,0000000,16,1,16,16,16,45,0,0,0,1,0
29,290063,2,2,0,0,0,3,3,25,0,27,2,2011,1,13,7,0,4,3,SR-116,,149,39.56811111,-93.947138890,0,12,2,0,1,1,1,0,1,5,0,5,0,0000000,13,5,13,15,99,99,0,0,0,1,0
29,290064,1,1,0,0,0,1,1,123,0,4,3,2011,6,14,45,1,12,2,US-67,,95,37.50972222,-90.309083330,0,35,0,0,1,1,3,0,1,5,0,5,0,0000000,14,47,14,53,15,10,0,0,0,1,0
29,290065,2,2,0,0,0,4,4,21,7070,30,1,2011,1,11,59,0,14,6,9TH ST,PATEE ST,64,39.76010000,-94.849380560,0,12,6,0,2,2,1,0,1,10,0,10,0,0000000,99,99,99,99,99,99,0,0,0,1,1
29,290066,2,2,0,0,0,2,2,129,0,3,3,2011,5,17,50,0,3,2,US-136,SR-A,60,40.38277778,-93.679444440,0,12,6,0,3,2,1,0,1,1,0,1,0,0000000,18,18,19,2,20,2,0,0,0,1,0
29,290067,1,1,0,0,0,1,1,113,0,4,3,2011,6,21,12,0,5,3,SR-OO,,17,38.91694444,-90.804722220,0,34,0,0,1,1,4,0,2,2,0,2,0,0000000,99,98,99,98,88,88,0,0,0,1,1
29,290068,1,1,0,1,1,1,1,27,0,18,1,2011,3,15,50,0,6,4,182,,23,38.92527778,-91.744194440,0,8,0,0,1,1,1,0,1,1,0,1,1,0000000,99,98,99,98,88,88,0,0,0,1,0
29,290069,1,1,0,0,0,3,3,77,7460,9,2,2011,4,8,59,1,12,3,SR-60,,131,37.13773889,-93.310205560,0,35,0,0,1,1,4,0,1,4,0,4,0,0000000,9,1,9,8,99,99,0,0,0,1,0
29,290070,2,2,0,0,0,3,3,187,0,28,2,2011,2,22,10,1,2,3,SR-32,,192,37.78236111,-90.380750000,0,12,2,0,1,1,1,0,2,1,0,1,0,0000000,22,22,22,51,23,25,0,0,0,2,1
29,290071,1,1,0,0,0,2,2,131,0,4,3,2011,6,8,2,1,2,3,SR-42,,95,38.11194444,-92.248888890,0,35,0,0,1,1,4,0,1,10,0,10,0,0000000,99,98,99,98,88,88,0,0,0,1,0
29,290072,2,2,0,0,0,4,4,157,0,24,2,2011,5,7,40,0,4,3,SR-B,,17,37.70777778,-89.862500000,0,12,6,0,1,1,1,0,1,10,0,10,0,0000000,7,44,7,50,99,99,0,0,0,1,0
29,290073,1,1,0,0,0,1,1,183,0,15,2,2011,3,21,5,0,4,3,SR-D,,164,38.70416667,-90.746388890,0,58,0,0,1,1,4,0,2,1,0,1,0,0000000,99,98,99,98,88,88,0,0,0,1,1
29,290074,1,1,0,0,0,1,1,91,0,7,3,2011,2,16,22,1,2,2,US-63,,337,36.67286111,-91.771166670,0,32,0,0,1,1,4,0,1,1,0,1,0,0000000,16,22,16,33,16,58,0,0,0,1,0
29,290075,1,1,0,0,0,2,2,99,0,19,2,2011,7,15,35,0,6,4,AMY LN,,0,38.29220833,-90.706011110,0,35,0,0,1,1,4,0,1,10,0,10,0,0000000,15,38,15,50,16,40,0,0,0,1,0
29,290076,2,2,0,0,0,5,5,510,7080,5,3,2011,7,21,20,0,14,6,W FLORISSANT AVE,UNION,16,38.69511111,-90.239263890,0,12,1,0,3,1,1,0,3,5,0,5,0,0000000,99,99,99,99,99,99,0,0,0,1,0
29,290077,1,1,0,1,1,1,1,189,2780,6,3,2011,1,1,30,1,11,1,I-270,ELIZABETH AVE,284,38.77277778,-90.308055560,0,8,0,1,18,1,1,0,3,10,0,10,0,0000000,99,99,99,99,99,99,0,0,0,1,0
29,290078,1,1,0,0,0,1,1,99,0,10,3,2011,5,16,4,1,12,3,SR-141,OLD HWY 141,24,38.46999444,-90.431750000,0,30,0,0,1,1,3,0,1,10,0,10,0,0000000,16,10,16,19,16,39,0,0,0,1,0
29,290079,1,1,0,1,1,1,1,189,4887,18,2,2011,6,19,15,1,12,3,SR-141,MERAMEC STATION,105,38.58584167,-90.508427780,0,8,0,0,3,1,1,0,3,1,0,1,0,0000000,19,18,19,21,19,46,0,0,0,1,0
29,290080,1,1,0,0,0,2,2,209,0,26,2,2011,7,22,50,0,4,3,SR-86,,20,36.50755556,-93.548694440,0,1,0,0,1,1,4,0,2,10,0,10,0,0000000,99,98,99,98,88,88,0,0,0,2,1
29,290081,1,1,0,0,0,1,1,225,0,9,3,2011,4,20,20,0,4,3,SR-JJ,,53,37.30880556,-92.755750000,0,34,0,0,1,1,4,0,2,1,0,1,0,0000000,20,30,20,40,21,34,0,0,0,1,1
29,290082,1,1,0,0,0,2,2,3,0,11,3,2011,6,6,50,0,4,2,US-59,,47,39.96688889,-94.915277780,0,34,0,0,1,1,4,0,2,10,0,10,0,0000000,99,98,99,98,88,88,0,0,0,2,1
29,290083,1,1,0,0,0,1,1,45,0,12,3,2011,7,20,15,0,3,2,US-136,,102,40.42222222,-91.767500000,0,35,0,0,1,1,4,0,2,1,0,1,0,0000000,99,98,99,98,88,88,18,0,0,1,1
29,290084,2,2,0,0,0,3,3,97,0,14,3,2011,2,17,53,0,3,3,SR-59,BURR OAK,16,37.07652778,-94.312472220,0,12,6,0,2,2,1,0,1,10,0,10,0,0000000,99,99,99,99,99,99,0,0,0,1,0
29,290085,1,1,0,0,0,1,1,11,0,16,3,2011,4,16,40,1,2,2,US-71,,42,37.59025000,-94.293861110,0,59,0,0,1,1,4,0,1,1,0,1,0,0000000,99,98,99,98,88,88,0,0,0,1,0
29,290086,1,1,0,0,0,1,1,189,3580,12,2,2011,7,23,53,0,14,4,AUBUCHON RD,,18,38.80587778,-90.402922220,0,30,0,0,1,1,4,0,2,1,0,1,0,0000000,23,59,0,4,88,88,0,0,0,1,1
29,290087,1,1,0,0,0,1,1,49,0,18,3,2011,6,5,50,1,11,1,I-35,,56,39.52727778,-94.279527780,0,42,0,0,1,1,4,0,2,1,0,1,0,0000000,99,98,99,98,88,88,0,0,0,1,0
29,290088,2,2,0,0,0,4,4,95,4120,16,2,2011,4,23,49,1,12,2,US-71,,91,38.99856111,-94.556036110,0,12,9,0,1,1,1,0,3,1,0,1,0,0000000,99,99,99,99,99,99,0,0,0,2,0
29,290089,1,1,0,1,1,2,2,95,4120,28,2,2011,2,19,7,1,11,1,I-435,,23,39.12189167,-94.493058330,0,8,0,0,1,1,1,0,3,1,0,1,0,0000000,19,9,19,20,19,39,23,0,0,1,0
29,290090,1,1,0,0,0,2,2,95,4120,16,3,2011,4,20,33,1,11,1,I-35 ENT RP,,2,39.12021667,-94.565091670,0,24,0,1,5,1,4,0,3,1,0,1,0,0000000,99,98,99,98,88,88,0,0,0,2,1
29,290091,1,1,0,0,0,1,1,135,0,15,3,2011,3,7,30,0,4,3,SR-E,,31,38.60316667,-92.689444440,0,42,0,0,1,1,4,0,1,1,0,1,0,0000000,99,98,99,98,88,88,0,0,0,1,0
29,290092,2,2,0,0,0,3,3,121,0,18,3,2011,6,9,30,0,2,2,US-63,SR-M,207,39.89866667,-92.471638890,0,12,6,0,2,2,1,0,1,10,0,10,0,0000000,9,33,9,54,10,47,0,0,0,1,0
29,290093,1,1,0,0,0,2,2,141,4445,20,3,2011,1,1,26,0,16,6,BASS POINT RD,,8,38.19352778,-92.810972220,0,35,0,0,1,1,4,0,2,10,0,10,0,0000000,1,47,2,2,2,49,0,0,0,1,1
29,290094,1,1,0,1,1,1,1,95,4120,15,3,2011,3,16,57,0,16,6,PITTMAN RD,,9,39.04419167,-94.461711110,0,8,0,0,1,1,1,0,1,1,0,1,0,0000000,16,57,17,3,17,26,0,0,0,1,0
29,290095,1,1,0,0,0,1,1,55,0,1,3,2011,3,13,3,0,4,3,SR-H,,37,38.08277778,-91.273888890,0,32,0,0,1,1,4,0,1,1,0,1,0,0000000,13,9,13,31,14,6,0,0,0,1,0
29,290096,1,1,0,0,0,1,1,47,0,19,3,2011,7,13,40,0,4,3,SR-H,,42,39.26638889,-94.349722220,0,58,0,0,1,1,4,0,1,10,2,2,0,0000000,13,41,13,52,88,88,0,0,0,1,0
29,290097,2,2,0,0,0,2,2,97,0,14,3,2011,2,17,55,0,4,3,SR-FF,,98,37.05341667,-94.325027780,0,12,2,0,1,1,1,0,1,10,5,5,0,0000000,18,1,18,8,18,42,0,0,0,2,0
29,290098,1,1,0,0,0,2,2,179,0,19,3,2011,7,3,58,0,4,3,SR-K,,7,37.24775000,-90.951805560,0,42,0,0,1,1,4,0,2,10,0,10,0,0000000,4,8,5,13,5,24,0,0,0,1,1
29,290099,2,2,0,0,0,2,2,69,0,17,3,2011,5,4,40,0,2,3,SR-53,,74,36.50416667,-90.085833330,0,12,2,0,1,1,1,0,2,1,0,1,0,0000000,99,98,99,98,88,88,0,0,0,2,0
29,290100,1,1,0,0,0,2,2,95,4120,25,3,2011,6,19,40,0,16,6,VINE ST,,19,39.08066111,-94.563994440,0,1,0,0,1,1,1,0,3,1,0,1,0,0000000,19,41,19,47,88,88,0,0,0,1,1
29,290101,1,1,0,0,0,3,3,55,0,1,4,2011,6,19,18,1,2,3,SR-8,,201,37.97305556,-91.197222220,0,43,0,0,1,1,4,0,1,1,0,1,0,0000000,19,18,19,29,19,58,0,0,0,1,0
29,290102,3,3,0,0,0,6,6,159,0,26,3,2011,7,11,5,1,2,2,US-50,,123,38.71777778,-93.290722220,0,12,9,0,1,1,1,0,1,10,4,4,0,0000000,11,9,11,14,11,53,0,0,0,1,0
29,290103,1,1,0,1,1,3,3,71,8150,27,3,2011,1,1,30,0,15,6,HIGH ST,,7,38.55643611,-91.024202780,0,8,0,0,1,1,1,0,2,10,0,10,0,0000000,1,40,1,47,2,9,0,0,0,1,0
29,290104,1,1,0,0,0,1,1,127,0,29,3,2011,3,2,10,1,2,2,US-36,,37,39.68777778,-91.584444440,0,35,0,0,1,1,4,0,2,10,0,10,0,0000000,2,7,2,23,88,88,0,0,0,1,0
29,290105,1,1,0,1,1,2,2,510,7080,17,2,2011,5,18,1,0,15,6,MAGNOLIA AVE,KLEMM ST,7,38.60848056,-90.254861110,0,8,0,0,2,3,1,0,3,10,0,10,0,0000000,99,99,99,99,99,99,0,0,0,1,0
29,290106,1,1,0,1,1,1,1,510,7080,20,2,2011,1,23,50,0,13,6,N GRAND,,6,38.65319167,-90.222497220,0,8,0,0,1,1,1,0,3,10,0,10,0,0000000,99,99,99,99,99,99,0,0,0,1,0
29,290107,2,2,0,0,0,2,2,155,0,28,3,2011,2,14,35,1,1,1,I-55,,72,36.08155556,-89.805527780,0,12,1,0,1,1,1,0,1,1,0,1,0,0000000,99,98,99,98,88,88,0,0,0,1,0
29,290108,1,1,0,1,1,1,1,145,0,5,4,2011,3,4,40,1,11,1,I-44,,44,37.03250000,-94.521111110,0,8,0,0,1,1,1,0,2,1,0,1,0,0000000,99,98,99,98,88,88,0,0,0,1,0
29,290109,3,3,0,0,0,5,5,95,4120,13,3,2011,1,21,35,1,11,1,I-435,,145,38.95580833,-94.527980560,0,12,1,0,1,1,1,0,3,4,3,4,0,0000000,21,37,21,44,22,27,0,0,0,1,0
29,290110,2,2,0,0,0,2,2,71,0,20,3,2011,1,2,18,0,15,3,SR-AT,,26,38.45888889,-90.880833330,0,12,6,0,1,1,1,0,2,1,0,1,0,0000000,2,49,3,38,4,25,0,0,0,1,1
29,290111,1,1,0,0,0,1,1,510,7080,6,4,2011,4,6,16,0,14,6,GOODFELLOW BLVD,,10,38.71407222,-90.254247220,0,33,0,0,1,1,4,0,3,1,0,1,0,0000000,99,99,99,99,99,99,0,0,0,1,0
29,290112,1,1,0,1,1,1,1,27,0,10,4,2011,1,4,23,1,2,2,US-54,,284,38.93072222,-91.941500000,0,8,0,0,1,1,1,0,2,1,0,1,0,0000000,99,98,99,98,88,88,0,0,0,1,0
29,290113,2,2,0,0,0,2,2,45,0,17,3,2011,5,19,17,1,2,2,US-61,US-136,24,40.36444444,-91.469166670,0,12,6,0,2,3,1,0,5,10,0,10,0,0000000,99,98,99,98,88,88,0,0,0,1,0
29,290114,1,1,0,1,1,1,1,183,7100,19,3,2011,7,1,15,1,11,1,I-70,,213,38.79611111,-90.574444440,0,8,0,0,1,1,1,0,2,1,0,1,0,0000000,99,98,99,98,88,88,0,0,0,1,0
29,290115,2,2,0,0,0,2,2,29,0,31,3,2011,5,17,15,1,2,3,SR-5,US-54,172,38.01308333,-92.736333330,0,1,0,1,5,1,1,0,1,10,0,10,0,0000000,99,98,99,98,88,88,14,0,0,1,0
29,290116,1,1,0,0,0,4,4,1,0,3,4,2011,1,14,40,0,6,4,YOUNGSTOWN TRAIL,,99,40.15055556,-92.635555560,0,24,0,0,1,1,4,0,1,1,0,1,0,0000000,14,44,14,55,15,27,0,0,0,1,0
29,290117,1,1,0,1,1,1,1,91,0,11,4,2011,2,10,50,0,4,3,SR-17,,401,36.62200000,-91.857750000,0,8,0,0,1,1,1,0,1,2,0,2,0,0000000,99,98,99,98,88,88,0,0,0,1,0
29,290118,2,2,0,0,0,3,3,91,0,12,4,2011,3,17,13,1,12,2,US-63,CRIDER ST,296,36.71222222,-91.824138890,0,12,6,0,2,3,1,0,1,1,0,1,0,0000000,17,17,17,23,17,47,0,0,0,1,0
29,290119,1,1,0,0,0,5,5,131,0,18,3,2011,6,18,49,0,4,3,SR-52,,289,38.24130556,-92.270000000,0,1,0,0,1,1,4,0,1,1,0,1,0,0000000,99,98,99,98,88,88,0,0,0,1,1
29,290120,2,2,0,0,0,2,2,157,0,4,4,2011,2,8,7,0,4,3,SR-H,,30,37.85638889,-89.898333330,0,12,6,0,1,1,4,0,1,10,2,2,0,0000000,8,9,8,25,9,10,0,0,0,1,0
29,290121,2,2,0,0,0,2,2,155,0,5,4,2011,3,5,40,1,1,1,I-55,,48,36.06097222,-89.830916670,0,12,6,0,1,1,1,0,2,1,0,1,0,0000000,99,98,99,98,88,88,0,0,0,1,0
29,290122,2,1,1,1,1,0,0,165,0,11,4,2011,2,13,8,0,6,4,77TH ST,,4,39.23722222,-94.707777780,0,8,0,0,1,1,1,0,1,1,0,1,0,0000000,13,9,13,17,88,88,0,0,0,1,0
29,290123,2,2,0,0,0,2,2,510,7080,12,4,2011,3,14,16,1,11,1,I-70,,13,38.68812222,-90.250300000,0,20,0,0,1,1,3,0,1,1,0,1,0,0000000,99,98,99,98,88,88,0,0,0,1,0
29,290124,1,1,0,0,0,1,1,221,0,3,4,2011,1,22,50,1,2,3,SR-8,,144,37.92877778,-90.849777780,0,1,0,0,1,1,2,0,2,1,0,1,0,0000000,22,48,22,54,23,9,0,0,0,1,0
29,290125,2,1,1,0,0,3,3,186,0,9,4,2011,7,17,15,0,4,3,SR-C,,1,37.92222222,-90.398055560,0,34,0,0,1,1,4,0,1,1,0,1,0,0000000,17,14,17,32,17,42,0,0,0,1,0
29,290126,2,2,0,0,0,3,3,187,0,10,4,2011,1,7,35,0,6,4,OLD CADET RD,,42,37.94300000,-90.583805560,0,12,2,0,1,1,1,0,1,1,0,1,0,0000000,7,48,8,3,8,41,0,0,0,1,0
29,290127,2,2,0,0,0,2,2,47,4120,4,4,2011,2,21,43,1,12,2,US-169,,99,39.31964444,-94.584555560,0,12,2,0,1,1,1,0,2,1,0,1,0,0000000,21,49,21,58,22,25,0,0,0,1,1
29,290128,1,1,0,0,0,2,2,95,4120,10,4,2011,1,4,35,1,11,1,I-70,EAST 27TH ST,55,39.07676389,-94.536877780,0,25,0,1,18,1,3,0,3,1,0,1,0,0000000,4,38,4,47,5,2,0,0,0,1,1
29,290129,1,1,0,0,0,1,1,223,0,12,4,2011,3,7,13,1,2,2,US-67,,112,37.17500000,-90.465972220,0,35,0,0,1,1,4,1,1,1,0,1,0,0000000,99,98,99,98,88,88,0,0,0,1,1
29,290130,2,2,0,0,0,3,3,95,4120,12,4,2011,3,18,21,0,13,2,US-24,ELMWOOD AVE,43,39.10551667,-94.528386110,0,12,6,0,8,1,1,0,1,1,0,1,0,0000000,18,21,18,30,18,45,0,0,0,1,0
29,290131,1,1,0,0,0,1,1,95,4490,17,3,2011,5,18,12,0,16,6,HAMBLEN RD,,21,38.87743611,-94.357022220,0,10,0,0,6,1,1,0,1,10,0,10,0,441974A,99,98,99,98,88,88,0,0,0,1,0
29,290132,2,2,0,0,0,2,2,9,0,8,4,2011,6,10,45,0,4,3,SR-112,,83,36.59327778,-93.841500000,0,12,2,0,1,1,1,0,1,1,0,1,0,0000000,99,98,99,98,88,88,0,0,0,1,0
29,290133,1,1,0,0,0,1,1,95,3280,19,2,2011,7,4,50,0,14,6,BLUE RIDGE EXT,,89,38.90194444,-94.532500000,0,33,0,0,1,1,4,0,3,2,0,2,0,0000000,99,98,99,98,88,88,0,0,0,1,1
29,290134,2,1,1,0,0,1,1,189,2780,24,4,2011,1,4,30,1,12,2,US-67,WASHINGTON ST,61,38.79649167,-90.339047220,0,59,0,0,1,1,4,0,3,10,0,10,0,0000000,99,98,99,98,88,88,0,0,0,1,1
29,290135,1,1,0,0,0,1,1,145,0,11,4,2011,2,12,1,1,2,2,US-71,,137,36.95569444,-94.429750000,0,58,0,0,1,1,3,0,1,10,0,10,0,0000000,99,98,99,98,88,88,0,0,0,1,0
29,290136,2,2,0,0,0,2,2,510,7080,4,3,2011,6,15,13,0,14,6,BROADWAY,HARLAN,4,38.72203889,-90.228752780,0,12,1,0,3,1,1,0,1,1,0,1,0,0000000,15,12,15,22,16,1,0,0,0,1,0
29,290137,1,1,0,0,0,1,1,29,0,9,4,2011,7,1,34,1,2,3,SR-5,,104,38.08797222,-92.804694440,0,24,0,0,1,1,4,0,2,1,0,1,0,0000000,99,98,99,98,88,88,0,0,0,1,1
29,290138,2,2,0,0,0,2,2,131,0,20,4,2011,4,13,55,0,3,3,SR-42,,79,38.10488889,-92.499361110,0,12,2,0,1,1,1,0,1,1,0,1,0,0000000,13,51,14,11,14,42,0,0,0,1,0
29,290139,1,1,0,0,0,1,1,43,0,21,4,2011,5,10,25,0,4,3,SR-125,,104,36.99113889,-93.052694440,0,35,0,0,1,1,4,0,1,1,0,1,0,0000000,99,98,99,98,88,88,0,0,0,1,0
29,290140,2,2,0,0,0,2,2,145,0,21,4,2011,5,19,5,0,13,2,US-60,CEMETERY RD,148,36.85055556,-94.355000000,0,12,6,0,2,2,1,0,1,10,2,2,0,0000000,19,9,19,18,20,3,0,0,0,1,0
29,290141,1,1,0,0,0,2,2,189,0,6,3,2011,1,4,19,0,15,6,SAPPINGTON BARRACKS,,8,38.50260833,-90.299519440,0,30,0,0,1,1,4,0,2,10,0,10,0,0000000,4,21,4,27,4,53,0,0,0,2,1
29,290142,1,1,0,1,1,1,1,510,7080,12,3,2011,7,14,49,0,13,6,GRAVOIS AVE,,35,38.59186111,-90.247125000,0,8,0,0,1,1,1,0,1,1,0,1,0,0000000,14,49,14,54,15,14,0,0,0,1,0
29,290143,1,1,0,1,1,1,1,95,4120,8,4,2011,6,21,58,0,13,2,US-24,,32,39.10626111,-94.548838890,0,8,0,0,1,1,1,0,3,10,0,10,0,0000000,22,0,22,5,22,18,0,0,0,1,0
29,290144,2,2,0,0,0,3,3,97,0,13,4,2011,4,13,20,0,4,3,SR-43,,134,37.16616667,-94.509833330,0,12,1,0,1,1,1,0,1,1,0,1,0,0000000,99,98,99,98,88,88,0,0,0,1,0
29,290145,2,2,0,0,0,4,4,77,0,14,4,2011,5,21,5,0,6,4,BUENA VISTA ST,ROANOKE,6,37.13150000,-93.291444440,0,12,6,0,3,1,1,0,3,10,0,10,0,0000000,99,98,99,98,88,88,0,0,0,1,1
29,290146,1,1,0,0,0,1,1,223,0,9,4,2011,7,21,25,0,4,3,SR-C,,47,37.15822222,-90.312277780,0,59,0,0,1,1,4,0,2,1,0,1,0,0000000,99,98,99,98,88,88,0,0,0,1,0
29,290147,1,1,0,0,0,2,2,37,0,22,4,2011,6,20,50,0,4,3,SR-2,,289,38.63150000,-94.169583330,0,58,0,0,1,1,4,0,2,1,0,1,0,0000000,20,50,21,4,21,39,0,0,0,1,0
29,290148,2,2,0,0,0,3,3,217,0,18,3,2011,6,16,15,1,2,2,US-54,700,58,37.84113889,-94.510388890,0,12,6,0,2,2,1,0,1,1,0,1,0,0000000,16,30,16,39,16,55,0,0,0,1,0
29,290149,1,1,0,0,0,1,1,189,3580,19,4,2011,3,23,59,0,13,4,HOWDERSHELL RD,BEHLMANN LN,1,38.78180833,-90.387719440,0,30,0,0,2,3,4,0,2,5,0,5,0,0000000,99,98,99,98,88,88,0,0,0,1,1
29,290150,1,1,0,0,0,1,1,161,0,23,4,2011,7,22,0,0,6,4,1140,,41,38.04955556,-91.563694440,0,35,0,0,1,1,4,0,2,10,2,2,0,0000000,22,7,22,18,88,88,0,0,0,1,0
29,290151,1,1,0,0,0,1,1,211,0,30,4,2011,7,16,7,0,6,4,ECLIPSE DR,,0,40.19333333,-93.137000000,0,1,0,0,1,1,1,0,1,1,0,1,0,0000000,99,98,99,98,88,88,0,0,0,1,1
29,290152,1,1,0,0,0,1,1,95,4120,17,4,2011,1,4,24,1,11,1,I-435,,80,39.04196389,-94.500080560,0,24,0,0,1,1,4,0,2,1,0,1,0,0000000,99,98,99,98,88,88,0,0,0,1,1
29,290153,2,2,0,0,0,3,3,83,0,10,4,2011,1,17,14,1,2,3,SR-13,NW400,96,38.42450000,-93.754611110,0,12,6,0,2,2,1,0,1,10,0,10,0,0000000,99,98,99,98,88,88,0,0,0,1,0
29,290154,1,1,0,0,0,1,1,217,5590,30,4,2011,7,2,20,0,14,6,E HIGHLAND AVE,,7,37.85813889,-94.354250000,0,30,0,0,1,1,4,0,3,1,0,1,0,0000000,2,22,2,29,2,46,0,0,0,1,1
29,290155,1,1,0,0,0,1,1,189,6040,16,1,2011,1,21,45,0,2,3,SR-180,,89,38.68401389,-90.301950000,0,52,0,0,1,1,4,0,3,1,0,1,0,0000000,99,99,99,99,99,99,0,0,0,1,0
29,290156,1,1,0,0,0,3,3,97,4100,22,3,2011,3,5,48,0,2,3,SR-43,,178,37.11036667,-94.511433330,0,1,0,0,1,1,4,0,2,1,0,1,0,0000000,99,99,99,99,99,99,0,0,0,1,1
29,290157,2,2,0,0,0,2,2,207,0,18,4,2011,2,6,35,0,4,3,SR-153,SR-Z,109,36.67166667,-89.809722220,0,12,6,0,2,2,1,0,1,1,0,1,0,0000000,6,37,6,59,8,48,0,0,0,1,0