STATE,ST_CASE,VE_TOTAL,VE_FORMS,PVH_INVL,PEDS,PERNOTMVIT,PERMVIT,PERSONS,COUNTY,CITY,DAY,MONTH,YEAR,DAY_WEEK,HOUR,MINUTE,NHS,ROAD_FNC,ROUTE,TWAY_ID,TWAY_ID2,MILEPT,LATITUDE,LONGITUD,SP_JUR,HARM_EV,MAN_COLL,RELJCT1,RELJCT2,TYP_INT,REL_ROAD,WRK_ZONE,LGT_COND,WEATHER1,WEATHER2,WEATHER,SCH_BUS,RAIL,NOT_HOUR,NOT_MIN,ARR_HOUR,ARR_MIN,HOSP_HR,HOSP_MN,CF1,CF2,CF3,FATALS,DRUNK_DR
29,290158,1,1,0,0,0,1,1,159,0,28,4,2011,5,17,7,0,6,4,FOREST PARK RD,,22,38.66650000,-93.233944440,0,58,0,0,1,1,4,0,1,1,0,1,0,0000000,99,98,99,98,88,88,0,0,0,1,1
29,290159,1,1,0,0,0,2,2,115,1140,2,5,2011,2,23,30,0,16,6,WASHINGTON ST,,1,39.77638889,-92.893888890,0,34,0,0,1,1,4,0,2,1,0,1,0,0000000,99,98,99,98,88,88,0,0,0,2,1
29,290160,2,2,0,0,0,5,5,183,0,13,4,2011,4,6,18,0,4,3,SR-Z,,49,38.74444444,-90.877305560,0,12,8,0,1,1,1,0,1,1,0,1,0,0000000,6,21,6,27,7,4,0,0,0,1,0
29,290161,2,2,0,0,0,3,3,77,7460,12,4,2011,3,8,33,1,12,3,SR-13,BROADMOOR,64,37.17148611,-93.315908330,0,12,6,0,2,3,1,0,1,1,0,1,0,0000000,8,33,8,41,8,59,0,0,0,1,0
29,290162,2,1,1,0,0,1,1,95,4120,2,4,2011,7,1,45,1,12,2,US-71,,111,38.96794167,-94.544941670,0,14,0,1,5,1,2,0,3,1,0,1,0,0000000,1,45,1,53,88,88,0,0,0,1,1
29,290163,2,1,1,1,2,1,2,95,4120,9,4,2011,7,16,23,1,11,1,I-70,,15,39.10661389,-94.574080560,0,14,0,0,1,1,8,0,1,1,0,1,0,0000000,16,24,16,28,16,41,23,0,0,1,0
29,290164,3,3,0,0,0,4,4,95,4120,17,4,2011,1,0,27,0,14,6,39TH ST,,18,39.05611111,-94.573175000,0,12,6,0,1,1,1,0,3,1,0,1,0,0000000,0,28,0,33,1,35,20,0,0,1,1
29,290165,2,2,0,0,0,3,3,47,3114,6,5,2011,6,2,39,0,12,3,SR-1,,30,39.20567778,-94.548602780,0,12,1,0,1,1,1,0,3,1,0,1,0,0000000,99,99,99,99,99,99,0,0,0,1,1
29,290166,1,1,0,0,0,4,4,225,0,25,4,2011,2,1,16,1,1,1,I-44,,75,37.38319444,-92.902666670,0,21,0,0,1,1,4,0,2,10,2,2,0,0000000,99,99,99,99,99,99,19,0,0,1,0
29,290167,1,1,0,0,0,1,1,77,0,28,4,2011,5,20,40,0,3,2,US-160,,6,37.33227778,-93.615555560,0,24,0,0,1,1,4,0,2,1,0,1,0,0000000,99,98,99,98,88,88,0,0,0,1,1
29,290168,2,2,0,0,0,8,8,209,0,30,4,2011,7,12,56,0,4,3,SR-86,,99,36.53269444,-93.426500000,0,12,6,0,8,1,1,0,1,10,0,10,0,0000000,99,98,99,98,88,88,0,0,0,1,0
29,290169,1,1,0,0,0,1,1,25,0,6,5,2011,6,23,55,0,4,3,SR-116,,145,39.56819444,-93.952027780,0,38,0,0,1,1,4,0,2,1,0,1,0,0000000,0,42,0,42,88,88,0,0,0,1,1
29,290170,1,1,0,0,0,1,1,31,3980,18,4,2011,2,14,6,1,1,1,I-55,,165,37.42492500,-89.637683330,0,18,0,0,1,1,1,0,1,10,0,10,0,0000000,14,6,14,16,14,53,0,0,0,1,1
29,290171,1,1,0,0,0,1,1,13,0,1,5,2011,1,17,20,0,4,3,SR-D,,33,38.32069444,-94.283055560,0,32,0,0,1,1,4,0,1,10,2,2,0,0000000,17,20,17,33,18,14,0,0,0,1,1
29,290172,1,1,0,0,0,1,1,29,0,7,5,2011,7,1,45,0,6,4,BOLLINGER CREEK RD,,81,38.12088889,-92.947500000,0,42,0,0,1,1,4,0,2,1,0,1,0,0000000,2,10,2,27,88,88,0,0,0,1,1
29,290173,1,1,0,0,0,1,1,153,0,11,5,2011,4,8,0,0,3,2,US-160,,209,36.59888889,-92.440555560,0,35,0,0,1,1,4,0,1,10,0,10,0,0000000,8,6,8,11,88,88,0,0,0,1,1
29,290174,2,2,0,0,0,3,3,221,0,9,4,2011,7,19,40,0,4,3,SR-P,,18,37.90658333,-90.792972220,0,12,2,0,1,1,1,0,2,1,0,1,0,0000000,19,45,19,48,99,99,0,0,0,1,0
29,290175,1,1,0,0,0,1,1,99,0,21,4,2011,5,7,20,1,12,3,SR-141,,17,38.47722222,-90.438888890,0,30,0,0,1,1,3,0,1,10,0,10,0,0000000,7,22,7,30,7,58,0,0,0,1,0
29,290176,1,1,0,0,0,3,3,167,0,25,4,2011,2,19,29,0,6,4,60TH RD,,26,37.60150000,-93.522694440,0,34,0,0,1,1,4,0,1,10,0,10,0,0000000,20,36,21,0,21,22,0,0,0,1,1
29,290177,1,1,0,0,0,1,1,183,8280,7,5,2011,7,15,30,0,3,3,SR-Z,,8,38.79527778,-90.853888890,0,30,0,0,1,1,4,0,1,1,0,1,0,0000000,15,36,15,41,88,88,0,0,0,1,0
29,290178,1,1,0,0,0,1,1,43,0,2,3,2011,4,11,20,0,3,3,SR-14,,428,37.01333333,-92.940277780,0,58,0,0,1,1,4,0,1,1,0,1,0,0000000,11,29,11,59,99,99,0,0,0,1,0
29,290179,1,1,0,0,0,1,1,221,0,23,3,2011,4,16,30,0,6,4,OLD HIGHWAY 8,,34,37.89244444,-90.679861110,0,42,0,0,1,1,4,0,1,10,0,10,0,0000000,16,34,16,41,16,58,0,0,0,1,1
29,290180,2,2,0,0,0,2,2,99,0,16,5,2011,2,8,55,0,14,4,OLD HWY 21,,5,38.45111111,-90.446388890,0,12,2,0,1,1,1,0,1,1,0,1,0,0000000,8,56,9,3,88,88,0,0,0,1,0
29,290181,2,2,0,0,0,2,2,165,9997,11,3,2011,6,14,38,0,3,3,SR-45,SR-92,161,39.36670000,-94.869541670,0,12,2,0,2,3,1,0,1,1,0,1,0,0000000,14,39,14,47,99,99,0,0,0,1,0
29,290182,2,1,1,0,0,2,2,43,6020,17,4,2011,1,12,0,0,16,6,SYCAMORE,14TH AVE,3,37.00862778,-93.192400000,0,59,0,0,3,1,4,0,1,1,0,1,0,0000000,99,99,99,99,99,99,0,0,0,1,0
29,290183,1,1,0,0,0,1,1,63,0,14,5,2011,7,5,35,0,3,3,SR-31,,53,39.90369444,-94.528944440,0,35,0,0,1,1,4,0,2,10,0,10,0,0000000,99,98,99,98,88,88,0,0,0,1,0
29,290184,2,2,0,0,0,2,2,139,0,6,5,2011,6,6,40,0,3,3,SR-94,,23,38.70416667,-91.614166670,0,12,2,0,1,1,1,0,1,5,0,5,0,0000000,7,3,7,20,99,99,0,0,0,1,0
29,290185,3,3,0,0,0,3,3,169,0,16,5,2011,2,15,50,0,3,3,SR-17,,42,37.96372222,-92.260277780,0,12,6,0,1,1,1,0,1,1,0,1,0,0000000,15,58,16,9,17,21,0,0,0,1,1
29,290186,1,1,0,0,0,1,1,510,7080,16,5,2011,2,5,45,1,11,1,I-64,MARKET ST,16,38.62941389,-90.222805560,0,25,0,1,18,1,8,0,3,1,0,1,0,0000000,5,46,5,58,6,15,0,0,0,1,1
29,290187,1,1,0,0,0,1,1,95,3240,16,5,2011,2,10,50,0,16,6,PINK HILL RD,,21,39.05095000,-94.221108330,0,42,0,0,1,1,4,0,1,1,0,1,0,0000000,11,23,11,31,12,27,0,0,0,1,0
29,290188,1,1,0,0,0,1,1,93,3970,1,4,2011,6,17,31,0,4,3,SR-M,,25,37.59033889,-90.654738890,0,18,0,0,1,1,4,0,1,10,0,10,0,0000000,17,43,18,24,19,43,0,0,0,1,0
29,290189,1,1,0,0,0,1,1,77,7460,12,4,2011,3,16,13,0,14,6,COLLEGE,,17,37.20826944,-93.301880560,0,33,0,0,1,1,4,0,1,10,2,2,0,0000000,16,15,16,21,16,36,0,0,0,1,1
29,290190,1,1,0,0,0,2,2,147,0,16,4,2011,7,20,11,0,4,3,SR-A,,21,40.34038889,-95.050000000,0,35,0,0,1,1,4,0,1,1,0,1,0,0000000,16,15,16,36,17,18,0,0,0,1,0
29,290191,1,1,0,0,0,1,1,95,7620,29,4,2011,6,21,25,0,16,6,CEMENT CITY RD,,2,39.12759444,-94.437683330,9,43,0,0,1,1,4,0,2,1,0,1,0,0000000,99,98,99,98,88,88,0,0,0,1,1
29,290192,1,1,0,0,0,2,2,221,0,3,5,2011,3,13,25,0,4,3,SR-E,,109,37.94661111,-90.759527780,0,35,0,0,1,1,4,0,1,10,0,10,0,0000000,12,20,12,31,13,2,0,0,0,1,0
29,290193,3,3,0,0,0,9,9,99,0,1,5,2011,1,12,10,1,2,2,US-67,MEYER RD,236,38.17358333,-90.446916670,0,12,1,0,3,1,1,0,1,10,0,10,0,0000000,13,34,13,38,14,12,14,0,0,1,0
29,290194,2,2,0,0,0,3,3,177,0,1,5,2011,1,13,17,0,3,2,US-10 BUS,,16,39.27861111,-94.001666670,0,12,2,0,1,1,1,0,1,1,0,1,0,0000000,13,19,13,21,99,99,0,0,0,1,0
29,290195,1,1,0,1,1,2,2,163,0,8,5,2011,1,1,53,1,2,2,US-54,,62,39.34527778,-91.331666670,0,8,0,0,1,1,1,0,2,1,0,1,0,0000000,99,98,99,98,88,88,0,0,0,1,0
29,290196,2,2,0,0,0,7,7,131,0,8,5,2011,1,10,43,0,3,3,SR-42,,117,38.09713889,-92.458194440,0,12,6,0,1,1,1,0,1,1,0,1,0,0000000,99,99,99,99,99,99,0,0,0,4,0
29,290197,1,1,0,1,1,1,1,163,0,11,5,2011,4,18,10,0,4,3,SR-M,,18,39.32000000,-91.345277780,0,8,0,0,1,1,1,0,1,10,2,2,0,0000000,99,98,99,98,88,88,0,0,0,1,0
29,290198,1,1,0,0,0,2,2,510,7080,13,5,2011,6,0,30,0,16,6,14TH ST,,9,38.63872778,-90.196988890,0,1,0,0,1,1,4,0,3,2,0,2,0,0000000,0,30,0,41,0,44,0,0,0,1,1
29,290199,1,1,0,0,0,3,3,27,0,13,5,2011,6,5,45,1,1,1,I-70,,139,38.94361111,-91.881666670,0,57,0,0,1,1,3,0,4,1,0,1,0,0000000,5,47,5,47,6,20,0,0,0,1,0
29,290200,2,2,0,0,0,2,2,189,0,14,5,2011,7,23,45,1,11,1,I-55,,75,38.54111111,-90.302222220,0,12,2,0,1,1,1,0,2,2,0,2,0,0000000,23,44,23,50,99,99,0,0,0,1,1
29,290201,1,1,0,0,0,1,1,167,0,15,5,2011,1,19,40,0,3,3,SR-32,,70,37.61394444,-93.489527780,0,32,0,0,1,1,4,0,1,10,2,2,0,0000000,19,35,19,45,88,88,0,0,0,1,1
29,290202,1,1,0,0,0,1,1,51,0,17,5,2011,3,21,15,0,4,3,SR-B,,134,38.39638889,-92.225833330,0,42,0,0,1,1,4,0,2,1,0,1,0,0000000,99,98,99,98,88,88,0,0,0,1,0
29,290203,1,1,0,0,0,3,3,73,0,20,5,2011,6,23,0,0,4,3,SR-A,SR-Y,59,38.38935000,-91.633497220,0,38,0,0,1,1,4,0,2,10,0,10,0,0000000,23,11,23,27,0,25,0,0,0,1,1
29,290204,2,2,0,0,0,2,2,89,0,3,5,2011,3,14,24,0,13,2,US-40,,10,38.99538889,-92.745194440,0,12,6,0,8,1,1,0,1,1,0,1,0,0000000,14,25,14,39,88,88,0,0,0,1,0
29,290205,2,2,0,0,0,2,2,47,4120,7,5,2011,7,3,19,1,12,2,US-169,,103,39.25840556,-94.588108330,0,12,1,1,18,1,1,0,2,10,0,10,0,0000000,99,98,99,98,88,88,0,0,0,1,1
29,290206,1,1,0,0,0,1,1,69,0,8,5,2011,1,2,0,0,6,4,320,,9,36.44794444,-89.996583330,0,34,0,0,1,1,4,0,2,1,0,1,0,0000000,99,98,99,98,88,88,0,0,0,1,1
29,290207,2,2,0,0,0,2,2,189,1050,10,5,2011,3,17,45,1,12,3,SR-370,,33,38.78058333,-90.416861110,0,12,7,0,1,1,1,0,1,1,0,1,0,0000000,17,48,17,53,18,9,0,0,0,1,1
29,290208,1,1,0,1,1,1,1,95,4120,13,5,2011,6,23,54,0,13,6,PASEO BLVD,44TH ST,42,39.04715000,-94.568066670,0,8,0,0,3,1,1,0,3,10,0,10,0,0000000,99,98,99,98,88,88,0,0,0,1,0
29,290209,1,1,0,0,0,3,3,21,7070,17,5,2011,3,2,1,0,16,6,DUNCAN ST,33RD ST,32,39.75156667,-94.812663890,0,42,0,0,3,1,4,0,3,1,0,1,0,0000000,99,99,99,99,99,99,0,0,0,1,1
29,290210,1,1,0,0,0,3,3,31,0,19,5,2011,5,18,35,0,14,4,621,,53,37.35466667,-89.562472220,0,42,0,0,1,1,4,0,1,1,0,1,0,0000000,18,39,18,45,19,18,0,0,0,2,0
29,290211,2,2,0,0,0,3,3,95,4490,21,5,2011,7,11,28,0,12,3,SR-291,CHIPMAN RD,68,38.92438056,-94.360111110,0,12,6,0,2,2,1,0,1,1,0,1,0,0000000,11,29,11,35,99,99,0,0,0,1,0
29,290212,2,2,0,0,0,3,3,185,4730,21,5,2011,7,11,56,1,2,3,SR-13,3RD ST,228,38.14046667,-93.718111110,0,12,6,0,8,1,1,0,1,1,0,1,0,0000000,12,15,12,31,13,5,0,0,0,1,0
29,290213,2,2,0,0,0,4,4,113,0,22,5,2011,1,9,15,0,6,4,BREVATOR RD,,10,38.95888889,-90.899166670,0,12,1,0,1,1,1,0,1,1,0,1,0,0000000,9,19,9,29,9,49,0,0,0,2,1
29,290214,1,1,0,1,1,1,1,133,0,22,5,2011,1,17,30,0,6,4,326,,14,36.86255556,-89.341388890,0,8,0,0,1,1,1,0,1,1,0,1,0,0000000,17,28,17,34,17,57,0,0,0,1,0
29,290215,1,1,0,0,0,1,1,187,0,25,5,2011,4,10,20,1,2,2,US-67,,314,38.01805556,-90.483333330,0,24,0,0,1,1,4,0,1,10,0,10,0,0000000,10,17,10,38,11,15,0,0,0,1,0
29,290216,1,1,0,0,0,2,2,99,0,29,5,2011,1,17,24,0,4,3,SR-E,,24,38.10491667,-90.559916670,0,42,0,0,1,1,4,0,1,1,0,1,0,0000000,17,29,17,50,18,20,0,0,0,1,0
29,290217,1,1,0,0,0,2,2,157,0,2,6,2011,5,18,30,0,4,2,US-61,,199,37.64833333,-89.751944440,0,42,0,0,1,1,4,0,1,1,0,1,0,0000000,18,33,18,44,99,99,0,0,0,2,0
29,290218,1,1,0,0,0,1,1,189,0,1,4,2011,6,0,37,0,15,4,PATTERSON,,5,38.47846944,-90.332791670,0,42,0,0,1,1,4,0,3,1,0,1,0,0000000,0,41,0,47,1,15,0,0,0,1,1
29,290219,2,2,0,0,0,2,2,159,7210,3,5,2011,3,14,52,1,13,2,US-65,,173,38.69391667,-93.250761110,0,12,6,0,1,1,1,0,1,1,0,1,0,0000000,99,98,99,98,88,88,0,0,0,1,0
29,290220,3,2,1,0,0,3,3,189,475,4,5,2011,4,11,55,0,13,3,SR-100,,131,38.59293611,-90.533491670,0,12,2,0,1,1,1,0,1,1,0,1,0,0000000,99,99,99,99,99,99,0,0,0,1,0
29,290221,1,1,0,0,0,3,3,95,4120,21,5,2011,7,1,9,1,12,2,US-71,,39,39.07105556,-94.560586110,0,25,0,1,18,1,3,0,3,1,0,1,0,0000000,1,26,1,36,2,1,0,0,0,1,1
29,290222,4,4,0,0,0,6,6,161,0,21,5,2011,7,2,55,1,1,1,I-44,,89,37.94511111,-91.912527780,0,59,0,0,1,1,4,0,3,10,0,10,0,0000000,2,1,2,17,2,17,0,0,0,1,0
29,290223,1,1,0,0,0,2,2,37,6160,30,5,2011,2,12,25,1,2,2,US-71,,212,38.73611111,-94.467222220,0,1,0,0,1,1,3,0,1,1,0,1,0,0000000,12,31,12,35,13,22,0,0,0,1,0
29,290225,2,2,0,0,0,5,5,123,0,1,6,2011,4,9,50,1,2,2,US-67,SR-C,139,37.48660278,-90.306675000,0,12,6,0,2,2,1,0,1,10,0,10,0,0000000,10,3,10,9,99,99,0,0,0,1,0
29,290226,1,1,0,0,0,1,1,195,0,1,6,2011,4,10,10,1,1,1,I-70,,213,38.97813889,-93.443694440,0,59,0,0,1,1,2,0,1,1,0,1,0,0000000,99,98,99,98,88,88,0,0,0,1,0
29,290227,2,2,0,0,0,4,4,510,7080,3,6,2011,6,1,22,0,14,6,GOODFELLOW BLVD,,31,38.68713889,-90.270786110,0,12,2,0,1,1,1,0,3,1,0,1,0,0000000,1,18,1,21,1,55,0,0,0,1,1
29,290228,3,3,0,0,0,8,8,9,0,3,6,2011,6,17,30,0,4,3,SR-97,,29,36.88863889,-94.010111110,0,12,8,0,1,1,1,0,1,1,0,1,0,0000000,99,99,99,99,99,99,0,0,0,1,1
29,290229,1,1,0,0,0,1,1,51,0,4,6,2011,7,1,45,1,2,2,US-54,,102,38.47333333,-92.278611110,0,43,0,0,1,1,4,0,2,1,0,1,0,0000000,1,50,1,56,2,25,0,0,0,1,1
29,290230,1,1,0,0,0,1,1,95,4120,5,6,2011,1,4,5,0,13,6,SWOPE PKWY,,32,39.04049444,-94.557830560,0,33,0,0,1,1,3,0,3,1,0,1,0,0000000,4,9,4,14,4,28,0,0,0,1,1
29,290231,1,1,0,0,0,2,2,157,0,5,6,2011,1,21,0,1,1,1,I-55,,0,37.83277778,-89.984305560,0,35,0,0,1,1,4,0,2,1,0,1,0,0000000,21,6,21,28,22,17,0,0,0,2,0
29,290232,1,1,0,0,0,1,1,23,0,6,6,2011,2,6,15,0,4,3,SR-T,,86,36.82500000,-90.325000000,0,58,0,0,1,1,4,0,1,1,0,1,0,0000000,99,99,99,99,99,99,0,0,0,1,0
29,290233,2,2,0,0,0,6,6,129,0,6,6,2011,2,16,0,0,4,3,SR-JJ,,38,40.27277778,-93.445861110,0,12,6,0,8,1,1,0,1,1,0,1,0,0000000,16,12,16,39,99,99,0,0,0,1,0
29,290234,2,2,0,1,1,3,3,165,4120,8,6,2011,4,4,13,1,11,1,I-29,,72,39.25653889,-94.658530560,0,8,0,0,1,1,1,0,2,10,0,10,0,0000000,99,98,99,98,88,88,0,0,0,1,0
29,290235,1,1,0,0,0,1,1,91,0,9,6,2011,5,10,30,0,3,3,SR-17,,120,36.92152778,-91.763555560,0,1,0,0,1,1,4,0,1,1,0,1,0,0000000,99,98,99,98,88,88,0,0,0,1,0
29,290236,1,1,0,0,0,1,1,95,4490,10,6,2011,6,2,52,1,11,1,I-470,,114,38.96472222,-94.358611110,0,31,0,0,1,1,4,0,3,10,0,10,0,0000000,99,98,99,98,88,88,0,0,0,1,1
29,290237,1,1,0,0,0,2,2,107,0,11,6,2011,7,1,15,0,6,4,VARNER RD,,5,38.97000000,-93.921111110,0,35,0,0,1,1,4,0,2,2,0,2,0,0000000,99,99,99,99,99,99,0,0,0,1,0
29,290238,1,1,0,0,0,1,1,133,0,12,6,2011,1,17,24,0,4,2,US-62,,63,36.90619444,-89.469916670,0,42,0,0,1,1,4,0,1,1,0,1,0,0000000,17,25,17,33,88,88,0,0,0,1,0
29,290239,1,1,0,0,0,5,5,47,4120,14,5,2011,7,13,8,1,11,1,I-29,,3,39.18508611,-94.596733330,0,1,0,0,1,1,3,0,1,10,0,10,0,0000000,13,12,13,22,13,38,0,0,0,3,0
29,290240,1,1,0,0,0,1,1,51,4040,29,5,2011,1,1,45,1,12,2,US-54,US-63,5,38.58360556,-92.183147220,0,24,0,1,5,1,4,0,3,10,0,10,0,0000000,1,48,1,54,88,88,0,0,0,1,1
29,290241,1,1,0,0,0,1,1,145,0,1,6,2011,4,7,10,0,4,3,SR-HH,,116,36.82416667,-94.189444440,0,34,0,0,1,1,4,0,2,10,0,10,0,0000000,99,98,99,98,88,88,0,0,0,1,1
29,290242,2,2,0,0,0,4,4,23,0,4,6,2011,7,16,43,0,3,2,US-67 BUS,,75,36.72808333,-90.460472220,0,12,6,0,1,1,1,0,1,1,0,1,0,0000000,16,44,16,54,17,15,0,0,0,2,0
29,290243,2,1,1,0,0,2,2,510,7080,8,6,2011,4,0,1,0,16,6,LABADIE AVE,SARAH ST,27,38.66126111,-90.231005560,0,14,0,0,3,1,4,0,3,1,0,1,0,0000000,0,5,0,12,0,37,0,0,0,1,1
29,290244,1,1,0,0,0,1,1,225,0,11,6,2011,7,8,20,0,4,3,SR-C,,56,37.21416667,-92.753055560,0,49,0,0,1,1,1,0,1,1,0,1,0,0000000,99,98,99,98,88,88,0,0,0,1,0
29,290245,2,2,0,0,0,3,3,137,0,10,6,2011,6,15,34,0,2,2,US-24,SR-15,172,39.49333333,-92.000000000,0,12,6,0,2,2,1,0,1,1,0,1,0,0000000,15,34,15,36,16,28,0,0,0,1,0
29,290246,1,1,0,0,0,1,1,83,0,10,6,2011,6,23,10,0,6,4,SE 1151 RD,,7,38.24444444,-93.557805560,0,1,0,0,1,1,4,0,2,10,0,10,0,0000000,23,9,23,27,0,30,0,0,0,1,1
29,290247,1,1,0,0,0,1,1,139,3670,27,4,2011,4,18,51,1,1,1,I-70,,143,38.87761111,-91.385527780,0,59,0,0,1,1,4,0,1,10,0,10,0,0000000,19,9,19,27,20,7,0,0,0,1,0
29,290248,3,3,0,0,0,5,5,183,0,29,5,2011,1,16,44,1,11,1,I-70,,19,38.77916667,-90.515277780,0,12,1,0,1,1,1,0,1,1,0,1,0,0000000,16,46,16,51,17,22,0,0,0,1,0
29,290249,2,2,0,0,0,8,8,203,8450,15,6,2011,4,18,35,1,2,2,US-60,601,173,36.99794444,-91.349361110,0,12,6,1,2,2,1,0,1,1,0,1,0,0000000,18,44,19,11,20,22,0,0,0,1,0
29,290250,1,1,0,0,0,2,2,49,0,19,6,2011,1,15,49,0,4,3,SR-C,,40,39.51444444,-94.423888890,0,58,0,0,1,1,4,0,1,10,0,10,0,0000000,15,53,15,57,16,41,0,0,0,1,1
29,290251,1,1,0,1,1,1,1,510,7080,4,5,2011,4,19,55,0,16,6,THEKLA AVE,,5,38.70314444,-90.252908330,0,33,0,0,1,1,5,0,3,1,0,1,0,0000000,19,55,20,5,20,19,0,0,0,1,0
29,290252,1,1,0,0,0,1,1,99,335,8,6,2011,4,23,34,1,12,3,SR-141,,4,38.44132500,-90.381441670,0,33,0,1,19,1,3,0,3,10,0,10,0,0000000,23,34,23,40,23,57,0,0,0,1,1
29,290253,1,1,0,0,0,1,1,183,7010,11,6,2011,7,3,17,0,16,6,W ADAMS,,6,38.80996389,-90.503533330,0,33,0,0,1,1,4,0,3,2,0,2,0,0000000,3,18,3,27,3,58,0,0,0,1,1
29,290254,1,1,0,0,0,6,6,161,0,20,6,2011,2,15,30,0,4,3,SR-B,,52,38.08147222,-91.586000000,0,7,0,0,1,1,1,0,1,10,0,10,0,0000000,15,37,15,48,16,27,0,0,0,1,0
29,290255,2,2,0,0,0,2,2,109,0,25,5,2011,4,15,40,0,3,3,SR-96,SR-39,117,37.18913889,-93.842250000,0,12,6,0,2,2,1,0,1,10,0,10,0,0000000,16,48,16,56,17,1,0,0,0,1,0
29,290256,1,1,0,0,0,1,1,143,0,21,6,2011,3,14,20,0,4,3,SR-P,,43,36.67333333,-89.475555560,0,59,0,0,1,1,4,0,1,10,0,10,0,0000000,14,28,14,41,88,88,0,0,0,1,1
29,290257,1,1,0,0,0,2,2,153,0,6,6,2011,2,9,30,0,3,3,SR-5,,241,36.54305556,-92.489166670,0,35,0,0,1,1,4,0,1,1,0,1,0,0000000,9,33,9,42,9,59,0,0,0,2,0
29,290258,1,1,0,0,0,2,2,181,0,7,5,2011,7,4,45,0,4,3,SR-H,,6,36.56266667,-90.620916670,0,59,0,0,1,1,4,0,2,1,0,1,0,0000000,5,10,5,28,6,17,0,0,0,1,0
29,290259,1,1,0,1,1,4,4,189,590,9,6,2011,5,17,42,0,16,6,CLER AVE,,0,38.70539167,-90.330216670,0,8,0,0,8,1,1,0,1,1,0,1,0,0000000,17,45,17,50,18,8,0,0,0,1,0
29,290260,2,2,0,0,0,2,2,95,4120,18,6,2011,7,0,30,0,15,6,INDIANA AVE,35TH ST,27,39.06237778,-94.544055560,0,12,6,0,2,2,1,0,6,10,0,10,0,0000000,0,35,0,36,99,99,0,0,0,1,1
29,290261,3,3,0,0,0,5,5,95,4120,19,6,2011,1,3,1,1,11,1,I-435,,143,39.07861667,-94.490502780,0,12,7,1,18,1,1,0,2,2,0,2,0,0000000,3,13,3,26,3,49,0,0,0,1,0
29,290262,2,2,0,0,0,3,3,73,0,20,6,2011,2,19,5,1,2,2,US-50,SR-A,11,38.46641667,-91.623305560,0,12,6,0,2,2,1,0,1,1,0,1,0,0000000,19,12,19,32,99,99,0,0,0,1,1
29,290263,1,1,0,0,0,1,1,73,0,21,6,2011,3,22,45,0,4,3,SR-100,,89,38.64275000,-91.518222220,0,35,0,0,1,1,4,0,2,1,0,1,0,0000000,23,15,23,25,88,88,0,0,0,1,1
29,290264,1,1,0,0,0,3,3,27,0,21,6,2011,3,23,10,1,1,1,I-70,,46,38.95277778,-92.075055560,0,59,0,0,1,1,4,0,2,1,0,1,0,0000000,23,11,23,22,0,6,0,0,0,1,1
29,290265,1,1,0,0,0,1,1,79,0,23,6,2011,5,7,15,0,4,3,SR-A,,38,40.21188889,-93.671055560,0,34,0,0,1,1,4,0,1,1,0,1,0,0000000,99,98,99,98,88,88,0,0,0,1,0
29,290266,1,1,0,0,0,2,2,183,0,25,6,2011,7,20,40,0,15,3,SR-P,,69,38.84411111,-90.755333330,0,58,0,0,1,1,4,0,2,10,0,10,0,0000000,20,43,20,54,21,30,0,0,0,1,0
29,290267,3,3,0,0,0,5,5,95,4120,27,6,2011,2,14,24,0,14,6,E 12TH ST,HARDESTY,48,39.09777500,-94.519091670,0,12,6,0,2,2,1,0,1,1,0,1,0,0000000,14,37,14,50,15,4,0,0,0,1,1
29,290268,1,1,0,0,0,1,1,197,0,30,6,2011,5,8,45,0,5,3,SR-M,,29,40.54944444,-92.577222220,0,38,0,0,1,1,4,0,9,1,0,1,0,0000000,8,45,8,53,99,99,18,0,0,1,0
29,290269,1,1,0,0,0,1,1,37,0,7,3,2011,2,1,0,0,6,4,175TH ST,,12,38.79760833,-94.221916670,0,35,0,0,1,1,4,0,2,1,0,1,0,0000000,1,35,1,41,88,88,0,0,0,1,0
29,290270,2,2,0,0,0,2,2,189,6290,17,4,2011,1,21,34,0,14,4,JENNING STATION RD,REICHMAN,36,38.69833333,-90.272469440,0,12,6,0,2,2,1,0,3,1,0,1,0,0000000,99,99,99,99,99,99,0,0,0,1,0
29,290271,2,2,0,0,0,2,2,189,2690,19,4,2011,3,8,30,0,15,6,GRAVOIS RD,MOUND ST,0,38.51236389,-90.436700000,0,12,6,0,2,2,1,0,1,10,0,10,0,0000000,8,31,8,36,9,2,0,0,0,1,0
29,290272,2,2,0,0,0,4,4,189,6040,23,4,2011,7,19,30,0,13,3,SR-D,PENNSYLVANIA,89,38.67674167,-90.314230560,0,12,6,0,2,2,1,0,1,2,10,2,0,0000000,99,99,99,99,99,99,0,0,0,1,0
29,290273,1,1,0,0,0,1,1,95,3940,7,5,2011,7,16,25,0,12,3,SR-7,,14,39.11906111,-94.281269440,0,35,0,0,1,1,4,0,1,1,0,1,0,0000000,99,99,99,99,99,99,0,0,0,1,1
29,290274,1,1,0,0,0,3,3,510,7080,31,5,2011,3,11,5,0,14,6,GOODFELLOW BLVD,,31,38.68513056,-90.271575000,0,42,0,0,1,1,4,0,1,1,0,1,0,0000000,11,6,11,16,11,33,0,0,0,2,0
29,290275,2,2,0,0,0,5,5,510,7080,10,6,2011,6,18,0,0,13,3,SR-30,RIVER DES PERES,0,38.56315833,-90.295847220,0,12,6,0,2,2,1,0,1,10,0,10,0,0000000,18,4,18,9,18,32,0,0,0,1,0