STATE,ST_CASE,VE_TOTAL,VE_FORMS,PVH_INVL,PEDS,PERNOTMVIT,PERMVIT,PERSONS,COUNTY,CITY,DAY,MONTH,YEAR,DAY_WEEK,HOUR,MINUTE,NHS,ROAD_FNC,ROUTE,TWAY_ID,TWAY_ID2,MILEPT,LATITUDE,LONGITUD,SP_JUR,HARM_EV,MAN_COLL,RELJCT1,RELJCT2,TYP_INT,REL_ROAD,WRK_ZONE,LGT_COND,WEATHER1,WEATHER2,WEATHER,SCH_BUS,RAIL,NOT_HOUR,NOT_MIN,ARR_HOUR,ARR_MIN,HOSP_HR,HOSP_MN,CF1,CF2,CF3,FATALS,DRUNK_DR
29,290276,1,1,0,0,0,1,1,207,0,22,6,2011,4,7,10,0,4,3,SR-Z,,19,36.66833333,-89.934722220,0,1,0,0,1,1,1,0,1,10,0,10,0,0000000,99,98,99,98,88,88,0,0,0,1,0
29,290277,3,3,0,0,0,4,4,47,4120,22,6,2011,4,21,44,1,12,2,US-169,,138,39.31038889,-94.577472220,0,12,7,1,5,1,1,0,2,1,0,1,0,0000000,21,46,21,54,22,19,0,0,0,1,0
29,290278,1,1,0,1,1,2,2,47,4120,22,6,2011,4,21,45,1,11,1,I-435,,9,39.31052778,-94.577138890,0,8,0,1,18,1,1,0,2,1,0,1,0,0000000,99,99,99,99,99,99,19,0,0,1,0
29,290279,1,1,0,0,0,2,2,510,7080,23,6,2011,5,0,38,0,16,6,MARCUS AVE,,3,38.67389167,-90.243672220,0,5,0,0,1,1,1,0,3,10,0,10,0,0000000,0,38,0,47,1,6,0,0,0,1,1
29,290280,1,1,0,0,0,1,1,33,0,23,6,2011,5,20,30,0,4,3,SR-W,,85,39.46833333,-93.602777780,0,32,0,0,1,1,4,0,2,1,0,1,0,0000000,20,54,21,11,99,99,0,0,0,1,1
29,290281,1,1,0,0,0,2,2,217,0,25,6,2011,7,23,40,0,6,4,LADY RD,,190,37.88202778,-94.441972220,0,34,0,0,1,1,4,0,2,1,0,1,0,0000000,99,99,99,99,99,99,0,0,0,1,0
29,290282,2,2,0,0,0,4,4,19,0,26,6,2011,1,20,2,0,2,2,US-63,PEABODY RD,320,39.07666667,-92.329805560,0,12,6,0,2,2,1,0,1,1,0,1,0,0000000,99,99,99,99,99,99,0,0,0,1,1
29,290283,1,1,0,0,0,2,2,181,0,27,6,2011,2,12,5,0,4,3,SR-P,,49,36.52697222,-91.016583330,0,38,0,0,1,1,4,0,1,1,0,1,0,0000000,12,31,13,7,13,58,0,0,0,1,0
29,290284,2,2,0,0,0,2,2,201,0,9,6,2011,5,13,44,1,1,1,I-55,,186,37.13916667,-89.536666670,0,12,1,0,1,1,1,0,1,1,0,1,0,0000000,13,45,14,1,14,39,0,0,0,1,0
29,290285,3,3,0,0,0,4,4,141,0,22,6,2011,4,11,15,1,2,2,US-50,,19,38.68313889,-93.021944440,0,12,6,0,1,1,1,0,1,1,0,1,0,0000000,11,26,11,41,99,99,14,0,0,1,0
29,290286,1,1,0,0,0,1,1,109,0,25,6,2011,7,18,30,1,1,1,I-44,,139,37.08641667,-93.817861110,0,59,0,0,1,1,4,0,1,1,0,1,0,0000000,18,35,18,41,19,10,0,0,0,1,0
29,290287,1,1,0,0,0,1,1,189,1970,2,7,2011,7,4,27,1,12,3,SR-340,BARNES WEST DR,102,38.67668889,-90.465544440,0,2,0,0,2,2,1,0,3,1,0,1,0,0000000,4,28,4,33,4,44,0,0,0,1,0
29,290288,2,2,0,0,0,3,3,157,0,6,7,2011,4,16,5,0,3,3,SR-51,,183,37.67136111,-89.932194440,0,12,2,0,1,1,1,0,1,1,0,1,0,0000000,16,8,16,19,88,88,0,0,0,2,0
29,290289,1,1,0,0,0,4,4,95,4120,10,6,2011,6,16,21,0,16,6,43RD ST,,13,39.04484444,-94.463813890,0,34,0,0,1,1,4,0,1,1,0,1,0,0000000,16,32,16,37,16,53,0,0,0,1,0
29,290290,2,2,0,0,0,2,2,510,7080,23,6,2011,5,23,25,0,14,6,HALL ST,E PRAIRIE ST,75,38.67873611,-90.200822220,0,12,6,0,2,2,1,0,3,1,0,1,0,0000000,23,26,23,32,23,57,0,0,0,1,0
29,290291,2,2,0,0,0,2,2,95,0,26,6,2011,1,0,53,0,6,4,MILTON THOMPSON RD,,34,38.93030278,-94.276341670,0,24,0,0,1,1,4,0,2,1,0,1,0,0000000,99,99,99,99,99,99,0,0,0,1,1
29,290292,2,1,1,0,0,1,1,189,7940,25,5,2011,4,2,20,0,16,6,FERNRIDGE AVE,,0,38.55617500,-90.489602780,0,14,0,0,1,1,2,0,3,1,0,1,0,0000000,2,20,2,25,2,43,0,0,0,1,1
29,290293,1,1,0,0,0,1,1,173,0,26,4,2011,3,7,56,0,3,3,SR-79,,0,39.68383333,-91.314527780,0,32,0,0,1,1,4,0,1,10,0,10,0,0000000,7,57,8,2,8,55,0,0,0,1,0
29,290294,2,2,0,0,0,3,3,175,0,27,5,2011,6,15,30,0,6,4,2180,2185,14,39.63583333,-92.975277780,0,12,1,0,2,3,1,0,1,10,0,10,0,0000000,15,50,16,10,17,9,0,0,0,1,0
29,290295,1,1,0,0,0,1,1,137,0,22,6,2011,4,14,50,0,6,4,1073,,4,39.46250000,-92.235833330,0,10,0,0,6,1,1,0,1,10,0,10,0,480715U,99,98,99,98,88,88,0,0,0,1,0
29,290296,1,1,0,1,1,2,2,95,4490,1,7,2011,6,18,55,1,11,1,I-470,,39,38.99027778,-94.357777780,0,8,0,0,1,1,1,0,1,1,0,1,0,0000000,18,55,19,1,19,19,0,0,0,1,0
29,290297,2,2,0,0,0,3,3,203,0,3,7,2011,1,14,30,1,2,2,US-60,,44,36.98358333,-91.290444440,0,1,0,0,1,1,1,0,1,1,0,1,0,0000000,15,39,16,1,17,15,0,0,0,1,0
29,290298,1,1,0,0,0,2,2,91,0,7,7,2011,5,19,10,0,4,3,SR-CC,,117,36.74194444,-91.908194440,0,34,0,0,1,1,4,0,1,1,0,1,0,0000000,99,99,99,99,99,99,0,0,0,1,0
29,290299,2,2,0,0,0,3,3,510,7080,8,7,2011,6,18,17,0,16,6,CALIFORNIA AVE,OSAGE ST,43,38.58309722,-90.232233330,0,12,6,0,2,2,1,0,1,1,0,1,0,0000000,18,17,18,24,18,47,0,0,0,1,0
29,290300,2,2,0,0,0,2,2,201,0,8,7,2011,6,18,38,0,4,3,SR-A,,33,37.17119444,-89.618027780,0,12,6,0,1,1,1,0,1,1,0,1,0,0000000,18,41,18,48,19,14,0,0,0,1,1
29,290301,3,3,0,0,0,3,3,15,0,11,7,2011,2,14,26,1,2,2,US-65,,159,38.30369444,-93.349694440,0,12,6,0,1,1,1,0,1,1,0,1,0,0000000,14,26,14,33,14,34,0,0,0,1,0
29,290302,1,1,0,1,1,1,1,163,0,12,7,2011,3,3,15,1,2,2,US-61,,59,39.27527778,-91.092916670,0,8,0,0,1,1,1,0,2,1,0,1,0,0000000,99,98,99,98,88,88,0,0,0,1,0
29,290303,1,1,0,0,0,2,2,215,0,26,6,2011,1,19,45,0,3,3,SR-17,,243,37.37275000,-92.063083330,0,5,0,0,1,1,1,0,1,10,0,10,0,0000000,99,99,99,99,99,99,0,0,0,1,0
29,290304,2,2,0,0,0,2,2,77,0,30,6,2011,5,7,50,0,15,4,100,SLAVENS AVE,3,37.26600000,-93.275000000,0,12,1,0,3,1,1,0,1,1,0,1,0,0000000,99,98,99,98,88,88,0,0,0,1,0
29,290305,2,2,0,0,0,4,4,207,0,2,7,2011,7,12,17,1,2,2,US-60,SR-114,6,36.83847222,-89.714805560,0,12,6,0,2,2,1,0,1,1,0,1,0,0000000,12,20,12,32,13,28,0,0,0,2,0
29,290306,2,2,0,0,0,3,3,95,4120,4,7,2011,2,8,33,1,11,1,I-435,,96,39.01446389,-94.497002780,0,12,2,0,1,1,1,0,1,1,0,1,0,0000000,8,35,8,45,99,99,0,0,0,2,1
29,290307,1,1,0,0,0,1,1,209,0,7,7,2011,5,12,14,0,2,3,SR-465,,8,36.67466667,-93.317611110,0,1,0,1,5,1,1,0,1,1,0,1,0,0000000,1,9,1,24,1,42,0,0,0,1,0
29,290308,1,1,0,1,1,4,4,145,0,10,7,2011,1,3,55,1,2,2,US-71,,147,36.96888889,-94.429722220,0,8,0,1,18,1,1,0,2,1,0,1,0,0000000,99,98,99,98,88,88,0,0,0,1,0
29,290309,1,1,0,0,0,1,1,9,0,12,7,2011,3,0,20,0,4,3,SR-86,,431,36.50391667,-93.625333330,0,42,0,0,1,1,4,0,2,1,0,1,0,0000000,99,99,99,99,99,99,0,0,0,1,1
29,290310,1,1,0,0,0,2,2,145,0,15,7,2011,6,8,0,0,6,4,NETTLE DR,MONARK DR,51,36.83861111,-94.292777780,0,38,0,0,2,3,4,0,1,1,0,1,0,0000000,8,18,8,35,99,99,0,0,0,1,0
29,290311,1,1,0,0,0,3,3,95,4120,12,6,2011,1,19,14,0,14,6,TROOST AVE,,49,39.03348611,-94.573494440,0,5,0,0,1,1,1,0,1,1,0,1,0,0000000,99,99,99,99,99,99,0,0,0,1,0
29,290312,1,1,0,0,0,2,2,221,0,25,6,2011,7,17,18,0,3,3,SR-21,,146,37.94558333,-90.766416670,0,1,0,0,1,1,4,0,1,1,0,1,0,0000000,17,20,17,25,99,99,0,0,0,1,0
29,290313,1,1,0,0,0,1,1,183,0,3,7,2011,1,2,5,0,15,3,SR-B,,82,38.84263889,-90.483027780,0,1,0,0,1,1,4,0,2,1,0,1,0,0000000,1,57,2,16,88,88,0,0,0,1,1
29,290314,1,1,0,0,0,2,2,510,0,4,7,2011,2,9,16,1,11,1,I-55,,1,38.55431944,-90.261230560,0,59,0,0,1,1,8,0,1,10,2,2,0,0000000,9,16,9,27,9,45,0,0,0,1,1
29,290315,1,1,0,0,0,1,1,113,0,8,7,2011,6,15,0,0,6,4,LINCOLN LINE,,45,39.09400000,-91.261583330,0,5,0,0,1,1,1,0,1,1,0,1,0,0000000,99,98,99,98,88,88,0,0,0,1,0
29,290316,1,1,0,0,0,1,1,510,7080,13,7,2011,4,6,13,1,11,1,I-55,,20,38.60903889,-90.212186110,0,24,0,1,18,1,3,0,1,10,2,2,0,0000000,6,16,6,24,88,88,0,0,0,1,1
29,290317,1,1,0,0,0,1,1,97,0,20,7,2011,4,7,0,0,3,3,SR-59,,18,37.05908333,-94.313194440,0,35,0,0,1,1,4,0,1,1,0,1,0,0000000,7,7,7,12,88,88,0,0,0,1,0
29,290318,1,1,0,1,1,1,1,105,4480,9,6,2011,5,10,8,0,13,6,MADISON,ELM,125,37.67536944,-92.659041670,0,8,0,0,3,1,1,0,1,1,0,1,0,0000000,10,10,10,13,99,99,0,0,0,1,0
29,290319,1,1,0,0,0,1,1,189,0,10,6,2011,6,22,26,1,12,3,SR-30,SEIBERT,97,38.55973611,-90.301019440,0,46,0,0,2,2,3,0,3,1,0,1,0,0000000,22,25,22,29,23,0,0,0,0,1,1
29,290320,2,2,0,0,0,2,2,189,650,26,6,2011,1,3,40,0,15,6,JAMES SMCDONNELLBLVD,,44,38.74012778,-90.338938890,0,12,2,0,1,1,1,0,3,2,0,2,0,0000000,3,55,4,0,4,52,0,0,0,1,2
29,290321,2,2,0,0,0,3,3,169,0,30,6,2011,5,22,8,0,3,3,SR-17,,28,37.98238889,-92.259500000,0,54,11,0,1,1,1,0,2,1,0,1,0,0000000,22,10,22,16,23,41,14,0,0,1,1
29,290322,2,2,0,0,0,5,5,167,0,8,7,2011,6,13,20,0,3,3,SR-32,,34,37.62958333,-93.554638890,0,12,2,0,1,1,1,0,1,1,0,1,0,0000000,13,27,13,43,99,99,0,0,0,1,0
29,290323,1,1,0,1,1,4,4,55,0,8,7,2011,6,22,30,0,6,7,I-44 NOR,,49,38.15283333,-91.254083330,0,8,0,0,1,1,1,0,2,1,0,1,0,0000000,99,99,99,99,99,99,0,0,0,1,1
29,290324,1,1,0,0,0,2,2,109,0,16,7,2011,7,3,0,0,4,3,SR-97,,249,36.96411111,-93.998500000,0,34,0,0,1,1,4,0,2,1,0,1,0,0000000,3,9,3,18,99,99,0,0,0,2,0
29,290325,1,1,0,0,0,1,1,109,0,19,7,2011,3,16,30,0,4,3,SR-M,,12,37.27083333,-93.710805560,0,35,0,0,1,1,4,0,9,1,0,1,0,0000000,99,98,99,98,88,88,0,0,0,1,0
29,290326,1,1,0,0,0,1,1,91,0,23,7,2011,7,10,35,0,6,4,1820,,4,36.83413889,-91.909861110,0,10,0,0,6,1,1,0,1,1,0,1,0,667844F,99,98,99,98,88,88,0,0,0,1,0
29,290327,1,1,0,0,0,2,2,205,0,24,7,2011,1,0,0,0,4,3,SR-J,,2,39.88125000,-92.017222220,0,11,0,0,1,1,1,0,2,1,0,1,0,0000000,0,13,0,18,1,58,0,0,0,1,0
29,290328,2,2,0,0,0,2,2,27,0,19,6,2011,1,0,41,1,12,2,US-54,110,117,38.91500000,-91.942777780,0,12,6,0,2,2,1,0,2,10,0,10,0,0000000,0,43,0,51,1,27,0,0,0,1,0
29,290329,1,1,0,0,0,2,2,189,2780,26,6,2011,1,0,59,0,13,3,SR-AC,POHLMAN RD,47,38.78336111,-90.279083330,0,26,0,0,3,1,3,0,2,2,0,2,0,0000000,1,2,1,5,1,34,0,0,0,1,1
29,290330,1,1,0,0,0,1,1,1,0,7,7,2011,5,0,30,0,4,3,SR-149,,65,40.27474444,-92.703108330,0,1,0,0,1,1,4,0,2,1,0,1,0,0000000,0,25,0,37,0,59,0,0,0,1,0
29,290331,1,1,0,0,0,4,4,101,0,9,7,2011,7,1,50,0,5,3,SR-U,,48,38.71838889,-93.969305560,0,1,0,0,1,1,4,0,2,1,0,1,0,0000000,99,98,99,98,88,88,0,0,0,1,1
29,290332,1,1,0,0,0,1,1,189,0,16,7,2011,7,23,27,1,12,2,US-50,,38,38.50911111,-90.336916670,0,33,0,0,1,1,8,0,3,1,0,1,0,0000000,23,28,23,33,23,51,0,0,0,1,1
29,290333,1,1,0,0,0,1,1,95,4120,21,7,2011,5,11,57,0,14,6,18TH ST,,8,39.09145278,-94.573905560,0,30,0,0,1,1,4,0,1,1,0,1,0,0000000,99,99,19,24,19,36,0,0,0,1,0
29,290334,1,1,0,1,1,0,0,95,4120,21,7,2011,5,15,49,0,14,6,WORNALL RD,,1,39.03928056,-94.591733330,0,33,0,0,1,1,4,0,1,1,0,1,0,0000000,15,50,15,56,16,7,0,0,0,1,0
29,290335,1,1,0,0,0,2,2,25,0,23,7,2011,7,1,0,0,4,3,SR-A,,109,39.57944444,-93.795194440,0,35,0,0,1,1,4,0,2,1,0,1,0,0000000,1,8,1,59,88,88,0,0,0,1,0
29,290336,2,1,1,0,0,4,4,47,4120,25,7,2011,2,12,48,1,11,1,I-435,,67,39.28498889,-94.510661110,0,14,0,0,1,1,2,0,1,1,0,1,0,0000000,12,47,13,0,13,30,0,0,0,1,0
29,290337,1,1,0,0,0,1,1,189,7665,26,7,2011,3,16,43,1,12,2,US-61,SAPPINGTON RD,221,38.52913889,-90.380152780,0,33,0,0,3,1,4,0,1,1,0,1,0,0000000,16,44,16,44,16,53,0,0,0,1,0
29,290338,1,1,0,1,1,2,2,510,7080,15,6,2011,4,12,54,0,13,6,MARKET ST,,16,38.62766944,-90.199494440,0,8,0,0,1,1,1,0,1,1,0,1,0,0000000,12,56,13,6,13,39,0,0,0,1,0
29,290339,1,1,0,1,1,2,2,189,2780,28,7,2011,5,19,14,1,13,2,US-67,MANRESA LN,88,38.79044444,-90.345725000,0,8,0,0,2,2,1,0,1,1,0,1,0,0000000,99,98,99,98,88,88,0,0,0,1,0
29,290340,2,2,0,0,0,3,3,77,7460,12,7,2011,3,10,46,0,16,2,US-160,LAKEWOOD,2,37.12806667,-93.296288890,0,12,6,0,2,2,1,1,1,1,0,1,0,0000000,99,99,99,99,99,99,0,0,0,1,0
29,290341,1,1,0,0,0,1,1,71,0,19,4,2011,3,13,48,0,3,3,SR-47,,257,38.26269444,-90.862694440,0,17,0,0,1,1,4,0,1,1,0,1,0,0000000,13,53,14,0,14,36,0,0,0,1,0
29,290342,1,1,0,1,1,2,2,510,7080,4,7,2011,2,0,33,0,14,6,MANCHESTER AVE,,35,38.62787778,-90.250633330,0,8,0,0,1,1,1,0,3,10,2,2,0,0000000,0,33,0,39,0,58,0,0,0,1,1
29,290343,1,1,0,0,0,1,1,510,7080,9,7,2011,7,4,15,0,16,6,OAK HILL AVE,,6,38.59564722,-90.256383330,0,59,0,0,1,1,4,0,3,1,0,1,0,0000000,4,26,4,32,88,88,0,0,0,1,1
29,290344,1,1,0,0,0,2,2,159,0,12,7,2011,3,9,15,1,2,2,US-50,,173,38.75405556,-93.356305560,0,1,0,0,1,1,4,0,1,1,0,1,0,0000000,9,29,9,44,10,24,0,0,0,1,0
29,290345,2,2,0,0,0,2,2,9,0,15,7,2011,6,0,55,1,2,3,SR-37,,43,36.87019444,-93.920166670,0,12,2,0,1,1,1,0,2,1,0,1,0,0000000,99,98,99,98,88,88,0,0,0,1,1
29,290346,2,2,0,0,0,2,2,143,0,18,7,2011,2,13,30,0,6,4,417,,32,36.41394444,-89.659111110,0,12,6,0,4,1,1,0,1,1,0,1,0,0000000,13,38,13,54,88,88,0,0,0,1,0
29,290347,3,1,2,0,0,1,1,510,7080,28,7,2011,5,21,41,0,13,6,S JEFFERSON AVE,,27,38.62087778,-90.219197220,0,14,0,0,1,1,7,0,3,10,0,10,0,0000000,21,40,21,45,21,55,0,0,0,1,0
29,290348,1,1,0,0,0,1,1,219,0,2,7,2011,7,22,56,0,4,4,S STRACKS CHURCH RD,,61,38.73050000,-91.045333330,0,1,0,0,1,1,1,0,2,1,0,1,0,0000000,22,55,23,15,88,88,0,0,0,1,1
29,290349,1,1,0,1,1,4,4,99,0,12,7,2011,3,23,50,1,13,3,SR-141,SR-21,36,38.46194444,-90.423888890,0,8,0,1,2,2,1,1,3,10,0,10,0,0000000,0,1,0,3,0,19,0,0,0,1,1
29,290350,1,1,0,0,0,1,1,219,0,26,7,2011,3,21,43,0,5,3,SR-CC,,19,38.70919444,-91.127027780,0,32,0,0,1,1,4,0,2,1,0,1,0,0000000,99,98,99,98,88,88,0,0,0,1,1
29,290351,1,1,0,0,0,4,4,71,0,26,7,2011,3,23,45,0,6,4,VEDDER RD,,22,38.53630556,-91.263166670,0,5,0,0,1,1,1,0,2,10,0,10,0,0000000,99,98,99,98,88,88,0,0,0,1,1
29,290352,1,1,0,0,0,1,1,55,0,26,7,2011,3,5,35,0,5,3,SR-P,,29,38.14166667,-91.382222220,0,11,0,0,1,1,1,0,2,10,0,10,0,0000000,5,27,5,43,6,21,0,0,0,1,0
29,290353,1,1,0,0,0,1,1,73,0,29,7,2011,6,0,16,0,4,3,SR-B,,84,38.18713889,-91.413861110,0,38,0,0,1,1,4,0,2,1,0,1,0,0000000,99,98,99,98,88,88,0,0,0,1,1
29,290354,1,1,0,0,0,1,1,117,0,29,7,2011,6,4,50,1,2,2,US-36,,185,39.77719444,-93.438500000,0,35,0,0,1,1,3,0,2,2,0,2,0,0000000,5,11,5,21,88,88,0,0,0,1,0
29,290355,1,1,0,0,0,1,1,91,0,31,7,2011,1,2,10,0,4,3,SR-CC,,62,36.74633333,-91.006361110,0,35,0,0,1,1,4,0,2,10,0,10,0,0000000,99,98,99,98,88,88,0,0,0,1,1
29,290356,1,1,0,0,0,1,1,67,0,31,7,2011,1,22,0,0,4,3,SR-C,,105,36.93277778,-92.434472220,0,42,0,0,1,1,4,0,2,1,0,1,0,0000000,22,30,22,58,88,88,0,0,0,1,0
29,290357,2,2,0,0,0,2,2,49,0,2,8,2011,3,13,18,0,3,3,SR-116,,126,39.56900000,-94.408638890,0,12,1,0,1,1,1,0,1,1,0,1,0,0000000,13,23,13,27,88,88,0,0,0,1,1
29,290358,1,1,0,0,0,1,1,63,0,3,8,2011,4,17,5,1,2,2,US-36,,125,39.76208333,-94.434166670,0,35,0,0,1,1,4,0,1,1,0,1,0,0000000,99,98,99,98,88,88,0,0,0,1,0
29,290359,1,1,0,0,0,1,1,29,0,14,7,2011,5,18,1,0,6,4,WAVY LEAF RD,,16,38.08455556,-92.733638890,0,35,0,0,1,1,4,0,1,1,0,1,0,0000000,18,10,18,24,99,99,0,0,0,1,1
29,290360,2,2,0,0,0,2,2,510,7080,29,7,2011,6,10,22,1,11,1,I-70,,73,38.63183889,-90.186255560,0,25,0,1,5,1,4,0,1,1,0,1,0,0000000,99,98,99,98,88,88,0,0,0,1,0
29,290361,1,1,0,0,0,1,1,33,910,3,7,2011,1,1,0,0,6,6,2ND ST,,2,39.46916667,-93.339722220,0,34,0,0,1,1,4,0,3,1,0,1,0,0000000,1,2,1,23,88,88,0,0,0,1,1
29,290362,2,2,0,0,0,3,3,95,4120,10,7,2011,1,17,17,0,15,6,SNI-A-BAR RD,,1,39.03547500,-94.516027780,0,12,6,0,1,1,1,0,1,1,0,1,0,0000000,17,19,17,24,18,6,0,0,0,1,1
29,290363,2,2,0,0,0,6,6,13,0,3,8,2011,4,15,55,0,4,3,SR-D,,72,38.31944444,-94.219444440,0,12,1,0,1,1,1,0,1,1,0,1,0,0000000,15,55,16,10,99,99,0,0,0,1,0
29,290364,1,1,0,0,0,5,5,221,0,7,8,2011,1,3,55,0,4,3,SR-CC,,19,38.06152778,-90.658361110,0,1,0,0,1,1,1,0,2,1,0,1,0,0000000,4,0,4,14,99,99,0,0,0,2,1
29,290365,1,1,0,0,0,1,1,203,0,7,8,2011,1,20,40,0,9,4,440,,114,37.03672222,-91.327638890,0,16,0,0,1,1,1,0,2,10,2,2,0,0000000,99,99,99,99,99,99,0,0,0,1,0
29,290366,1,1,0,0,0,2,2,25,0,8,8,2011,2,14,20,0,5,3,SR-E,,36,39.54355556,-93.851416670,0,35,0,0,1,1,4,0,1,1,0,1,0,0000000,14,28,14,48,88,88,0,0,0,1,0
29,290367,2,2,0,0,0,2,2,71,0,12,8,2011,6,11,58,0,15,3,SR-100,W OSAGE,350,38.48294444,-90.822583330,0,12,2,0,2,2,1,0,1,1,0,1,0,0000000,11,58,12,2,12,40,0,0,0,1,0
29,290368,1,1,0,0,0,1,1,153,0,2,7,2011,7,18,30,0,4,3,SR-95,,358,36.60077778,-92.696972220,0,34,0,0,1,1,4,0,1,10,0,10,0,0000000,99,98,99,98,88,88,0,0,0,1,1
29,290369,1,1,0,0,0,1,1,127,0,2,8,2011,3,2,30,0,4,3,SR-168,,293,39.75475000,-91.402027780,0,35,0,0,1,1,4,0,2,1,0,1,0,0000000,99,99,99,99,99,99,0,0,0,1,1
29,290370,2,2,0,0,0,3,3,47,4570,5,8,2011,6,14,38,1,12,3,SR-291,STEWART RD,57,39.25208056,-94.449672220,0,12,6,0,2,3,1,0,1,1,0,1,0,0000000,99,99,99,99,99,99,0,0,0,1,0
29,290371,1,1,0,0,0,1,1,169,0,13,8,2011,7,1,20,0,3,3,SR-28,,29,37.86550000,-92.082138890,0,35,0,0,1,1,4,0,2,1,0,1,0,0000000,99,98,99,98,88,88,0,0,0,1,1
29,290373,1,1,0,0,0,1,1,71,0,15,8,2011,2,1,43,0,5,4,SPRINGFIELD RD,,49,38.32511944,-91.024838890,0,53,0,0,1,1,4,0,2,1,0,1,0,0000000,1,55,2,15,2,51,0,0,0,1,0
29,290374,3,1,2,2,2,1,1,19,1800,14,7,2011,5,19,58,1,1,1,I-70,,148,38.96123889,-92.281136110,0,8,0,0,1,1,2,0,1,1,0,1,0,0000000,19,58,20,8,20,28,23,0,0,2,1
29,290375,1,1,0,0,0,2,2,77,0,12,8,2011,6,0,44,1,1,1,I-44,,170,37.25036111,-93.326833330,0,1,0,0,1,1,4,0,2,1,0,1,0,0000000,0,45,0,51,1,20,0,0,0,1,0
29,290376,2,2,0,0,0,2,2,97,6520,12,8,2011,6,16,18,0,4,3,SR-D,QUAKER ST,79,37.23880556,-94.434444440,0,12,6,0,2,3,1,0,1,2,0,2,0,0000000,99,98,99,98,88,88,0,0,0,1,0
29,290377,1,1,0,0,0,1,1,71,0,27,7,2011,4,20,0,1,1,1,I-44,,286,38.26611111,-91.110833330,0,1,0,0,1,1,3,0,1,1,0,1,0,0000000,20,5,20,22,20,56,0,0,0,1,1
29,290378,1,1,0,0,0,1,1,183,7100,31,7,2011,1,15,45,0,14,6,SPENCER RD,,9,38.81127778,-90.594861110,0,39,0,0,1,1,4,0,1,1,0,1,0,0000000,15,54,15,57,16,13,0,0,0,1,0
29,290379,2,1,1,0,0,1,1,510,7080,4,8,2011,5,23,50,0,16,6,NEBRASKA AVE,,31,38.57466389,-90.236341670,0,14,0,0,1,1,4,0,3,1,0,1,0,0000000,99,98,99,98,88,88,0,0,0,1,1
29,290380,2,2,0,0,0,2,2,23,0,14,8,2011,1,21,50,0,3,3,SR-142,,192,36.69836111,-90.410138890,0,12,1,0,1,1,1,0,2,1,0,1,0,0000000,99,98,99,98,88,88,0,0,0,1,0
29,290381,1,1,0,1,1,1,1,95,4120,14,8,2011,1,0,16,0,14,6,10TH ST,,12,39.10195000,-94.571394440,0,8,0,0,1,1,1,0,3,1,0,1,0,0000000,0,19,0,24,0,34,0,0,0,1,0
29,290382,1,1,0,0,0,1,1,95,4120,23,7,2011,7,5,44,0,13,6,BLUE RIDGE BLVD,87TH ST,37,38.96618611,-94.499844440,0,46,0,0,3,1,4,0,1,1,0,1,0,0000000,5,45,5,52,6,12,0,0,0,1,1
29,290383,1,1,0,0,0,1,1,183,0,5,8,2011,6,15,23,0,14,3,SR-N,,81,38.76369444,-90.827305560,0,35,0,0,1,1,4,0,1,10,0,10,0,0000000,15,25,15,31,15,48,0,0,0,1,1
29,290384,2,2,0,0,0,3,3,107,0,9,8,2011,3,17,10,0,4,3,SR-O,,63,39.06300000,-93.889027780,0,12,2,0,1,1,1,0,1,1,0,1,0,0000000,17,12,17,22,17,52,0,0,0,2,0
29,290385,1,1,0,1,1,2,2,183,0,13,8,2011,7,16,0,1,11,1,I-70,,29,38.80722222,-90.917222220,0,8,0,0,1,1,1,0,1,10,0,10,0,0000000,99,98,99,98,88,88,0,0,0,1,0
29,290386,1,1,0,0,0,1,1,213,0,17,8,2011,4,17,10,0,2,3,SR-465,,22,36.71513889,-93.256666670,0,1,0,0,1,1,3,0,1,1,0,1,0,0000000,17,10,17,19,17,38,0,0,0,1,0
29,290387,1,1,0,0,0,2,2,167,0,21,8,2011,1,1,20,0,4,3,SR-215,,261,37.45466667,-93.228027780,0,38,0,0,1,1,4,0,2,1,0,1,0,0000000,1,29,2,2,2,36,0,0,0,1,1
29,290388,2,2,0,0,0,3,3,97,0,23,8,2011,3,15,52,0,3,3,SR-59,SR-FF,0,37.05333333,-94.313472220,0,12,6,0,2,2,1,0,1,1,0,1,0,0000000,3,52,3,58,88,88,0,0,0,2,0
29,290389,1,1,0,0,0,1,1,43,0,26,8,2011,6,99,99,0,5,3,SR-U,,36,37.07150278,-93.056350000,0,58,0,0,1,1,4,0,7,1,0,1,0,0000000,99,98,99,98,88,88,0,0,0,1,1
29,290390,2,2,0,0,0,3,3,83,1750,25,8,2011,5,20,25,1,13,3,SR-7,WATER ST,182,38.38861111,-93.778055560,0,12,6,0,2,2,1,0,3,1,0,1,0,0000000,8,28,8,30,8,57,0,0,0,2,0
29,290391,2,2,0,0,0,2,2,37,6360,27,8,2011,7,13,50,0,3,3,SR-7,,5,38.82933333,-94.264055560,0,12,2,0,1,1,1,0,1,1,0,1,0,0000000,13,54,14,14,14,48,0,0,0,1,0
29,290392,1,1,0,0,0,1,1,213,0,15,8,2011,2,8,15,0,4,3,SR-M,,12,36.64222222,-92.995000000,0,1,0,0,1,1,1,0,1,10,0,10,0,0000000,8,21,8,36,88,88,0,0,0,1,0
29,290393,1,1,0,0,0,1,1,151,0,28,8,2011,1,5,5,0,6,4,612,,98,38.40091667,-91.908694440,0,38,0,0,1,1,4,0,2,1,0,1,0,0000000,5,8,5,32,88,88,0,0,0,1,1