STATE,ST_CASE,VE_TOTAL,VE_FORMS,PVH_INVL,PEDS,PERNOTMVIT,PERMVIT,PERSONS,COUNTY,CITY,DAY,MONTH,YEAR,DAY_WEEK,HOUR,MINUTE,NHS,ROAD_FNC,ROUTE,TWAY_ID,TWAY_ID2,MILEPT,LATITUDE,LONGITUD,SP_JUR,HARM_EV,MAN_COLL,RELJCT1,RELJCT2,TYP_INT,REL_ROAD,WRK_ZONE,LGT_COND,WEATHER1,WEATHER2,WEATHER,SCH_BUS,RAIL,NOT_HOUR,NOT_MIN,ARR_HOUR,ARR_MIN,HOSP_HR,HOSP_MN,CF1,CF2,CF3,FATALS,DRUNK_DR
29,290394,2,2,0,0,0,2,2,77,6710,2,8,2011,3,15,20,1,12,2,US-60,,201,37.15886111,-93.404083330,0,12,1,0,7,1,1,0,1,1,0,1,0,0000000,99,98,99,98,88,88,0,0,0,1,1
29,290395,1,1,0,0,0,2,2,99,0,13,8,2011,7,99,99,0,6,4,BROWN FORD RD,,68,38.21111111,-90.689722220,0,7,0,0,1,1,1,0,2,1,0,1,0,0000000,9,10,9,26,9,58,0,0,0,1,0
29,290396,1,1,0,0,0,1,1,145,0,18,8,2011,5,14,45,0,6,4,APRICOT DR,,63,37.03277778,-94.563611110,0,43,0,0,1,1,4,0,1,1,0,1,0,0000000,99,98,99,98,88,88,0,0,0,1,1
29,290397,2,2,0,0,0,7,7,153,0,20,8,2011,7,17,25,0,4,3,SR-PP,,33,36.61652778,-92.262277780,0,54,11,0,1,1,1,0,1,10,0,10,0,0000000,17,30,17,49,99,99,14,0,0,1,0
29,290398,1,1,0,0,0,1,1,169,0,22,8,2011,2,21,15,0,4,3,SR-U,,91,37.95791667,-92.283666670,0,59,0,0,1,1,4,0,2,10,0,10,0,0000000,21,39,21,43,88,88,0,0,0,1,1
29,290399,1,1,0,0,0,1,1,23,0,23,8,2011,3,8,23,1,2,2,US-67,,322,36.90433333,-90.482972220,0,42,0,0,1,1,4,0,1,1,0,1,0,0000000,8,43,9,4,10,11,0,0,0,1,0
29,290400,2,2,0,0,0,2,2,145,0,24,8,2011,4,17,0,0,4,3,SR-86,,27,37.00555556,-94.531111110,0,7,0,0,1,1,1,0,1,1,0,1,0,0000000,99,98,99,98,88,88,0,0,0,1,0
29,290401,1,1,0,0,0,1,1,161,0,24,8,2011,4,16,45,0,4,3,SR-68,,201,37.80638889,-91.560277780,0,42,0,0,1,1,4,0,1,1,0,1,0,0000000,99,98,99,98,88,88,0,0,0,1,0
29,290402,1,1,0,0,0,1,1,23,0,30,8,2011,3,8,0,0,6,4,459,,42,36.71188889,-90.537305560,0,34,0,0,1,1,4,0,1,1,0,1,0,0000000,99,98,99,98,88,88,0,0,0,1,0
29,290403,1,1,0,0,0,3,3,77,0,1,8,2011,2,17,50,0,4,3,SR-CC,,54,37.39583333,-93.257222220,0,1,0,0,1,1,4,0,1,1,0,1,0,0000000,17,53,18,17,18,56,0,0,0,1,1
29,290404,1,1,0,0,0,1,1,105,0,11,8,2011,5,13,15,0,5,3,SR-32,,319,37.59886111,-92.374194440,0,42,0,0,1,1,4,0,1,1,0,1,0,0000000,13,53,14,15,14,46,0,0,0,1,0
29,290405,1,1,0,0,0,1,1,187,2670,12,8,2011,6,14,9,1,12,2,US-67,,198,37.79568333,-90.440958330,0,23,0,1,5,1,4,0,1,1,0,1,0,0000000,14,12,14,19,14,43,0,0,0,1,0
29,290406,1,1,0,0,0,1,1,201,0,14,8,2011,1,19,9,0,6,4,ROTH DR,,3,37.19450000,-89.477888890,0,38,0,0,1,1,5,0,1,1,0,1,0,0000000,19,10,19,22,19,56,0,0,0,1,0
29,290407,1,1,0,0,0,1,1,143,0,24,8,2011,4,14,35,0,6,4,820,,44,36.83550000,-89.594722220,0,10,0,0,6,1,1,0,1,1,0,1,0,665610V,14,38,14,49,88,88,0,0,0,1,0
29,290408,2,2,0,0,0,3,3,11,0,26,8,2011,6,13,55,0,6,4,SW 90TH RD,SW 160TH LN,27,37.37838889,-94.593361110,0,12,6,0,2,2,1,0,1,1,0,1,0,0000000,13,58,14,19,88,88,0,0,0,1,0
29,290409,1,1,0,0,0,4,4,510,7080,27,8,2011,7,4,31,0,15,6,HAMILTON,ALLY MAFFITT AVE,2,38.67925278,-90.278519440,0,39,0,0,2,3,4,0,3,1,0,1,0,0000000,4,31,4,35,5,2,0,0,0,1,1
29,290410,1,1,0,0,0,1,1,149,0,30,8,2011,3,16,10,0,3,2,US-160,,243,36.67611111,-91.328027780,0,42,0,0,1,1,4,0,1,1,0,1,0,0000000,99,98,99,98,88,88,0,0,0,1,0
29,290411,1,1,0,0,0,1,1,105,0,30,8,2011,3,7,40,0,4,3,SR-AA,,69,37.72444444,-92.586555560,0,1,0,0,1,1,4,0,1,10,0,10,0,0000000,99,98,99,98,88,88,0,0,0,1,0
29,290412,1,1,0,0,0,2,2,19,0,3,9,2011,7,1,55,0,5,3,SR-MM,,38,38.78408333,-92.299250000,0,58,0,0,1,1,4,0,2,1,0,1,0,0000000,2,2,2,14,99,99,0,0,0,1,1
29,290413,1,1,0,0,0,2,2,97,0,5,9,2011,2,20,17,0,4,3,SR-66,,123,37.08555556,-94.581250000,0,1,0,0,1,1,4,0,2,1,0,1,0,0000000,99,99,99,99,99,99,0,0,0,1,0
29,290414,2,2,0,0,0,2,2,9,0,1,9,2011,5,13,45,0,4,3,SR-97,,85,36.81861111,-94.024805560,0,1,0,0,1,1,1,0,1,1,0,1,0,0000000,99,98,99,98,88,88,0,0,0,1,0
29,290415,1,1,0,0,0,1,1,183,0,23,8,2011,3,21,15,0,15,4,DINGLEDINE RD,TOWERS RD,18,38.72055556,-90.604722220,0,1,0,0,2,3,1,0,3,1,0,1,0,0000000,21,17,21,22,88,88,20,0,0,1,0
29,290416,2,2,0,0,0,3,3,189,1575,26,8,2011,6,22,44,0,14,6,WILDHORSE CREEK RD,,44,38.65400000,-90.597077780,0,12,2,0,1,1,1,0,2,1,0,1,0,0000000,22,47,22,57,23,29,0,0,0,1,1
29,290417,1,1,0,0,0,1,1,131,0,5,9,2011,2,20,53,0,3,3,SR-42,,52,38.11638889,-92.531666670,0,38,0,0,1,1,4,0,2,1,0,1,0,0000000,99,98,99,98,88,88,0,0,0,1,1
29,290418,1,1,0,0,0,1,1,141,0,24,7,2011,1,18,15,0,3,3,SR-135,,337,38.31594444,-92.934944440,0,34,0,0,1,1,4,0,1,1,0,1,0,0000000,18,20,18,33,18,45,0,0,0,1,1
29,290419,1,1,0,0,0,2,2,131,0,29,7,2011,6,14,10,0,3,3,SR-42,,53,38.11722222,-92.534055560,0,35,0,0,1,1,4,0,1,1,0,1,0,0000000,14,10,14,18,14,45,0,0,0,1,1
29,290420,2,2,0,0,0,3,3,77,0,29,7,2011,6,16,20,0,3,3,SR-125,112,126,37.24380556,-93.135694440,0,12,6,0,2,2,1,0,1,1,0,1,0,0000000,16,35,16,49,17,23,0,0,0,1,0
29,290421,2,2,0,0,0,2,2,139,0,5,9,2011,2,14,0,0,3,3,SR-19,,79,39.02491667,-91.547555560,0,12,2,0,1,1,1,0,1,1,0,1,0,0000000,14,15,14,34,15,32,0,0,0,1,0
29,290422,1,1,0,0,0,1,1,73,0,6,9,2011,3,14,40,0,4,3,SR-EE,,15,38.32652778,-91.518000000,0,42,0,0,1,1,4,0,1,1,0,1,0,0000000,14,38,14,43,16,4,0,0,0,1,1
29,290423,1,1,0,0,0,2,2,67,0,8,9,2011,5,12,30,0,3,3,SR-5,,8,37.05466667,-92.609250000,0,35,0,0,1,1,4,0,1,1,0,1,0,0000000,12,49,13,47,14,15,0,0,0,1,0
29,290424,3,3,0,0,0,6,6,189,4240,9,9,2011,6,15,57,1,13,2,US-61,MARTIN LUTHER KING,202,38.56100278,-90.407002780,0,12,6,0,2,3,1,0,1,2,0,2,0,0000000,15,59,16,4,16,23,0,0,0,1,0
29,290425,1,1,0,0,0,1,1,201,0,10,9,2011,7,0,55,0,16,4,538,,4,36.92061111,-89.526750000,0,43,0,0,1,1,4,0,2,10,0,10,0,0000000,0,58,1,9,88,88,0,0,0,1,1
29,290426,1,1,0,0,0,2,2,129,0,7,9,2011,4,13,10,0,4,3,SR-C,,44,40.38475000,-93.465583330,0,38,0,0,1,1,4,0,1,1,0,1,0,0000000,14,52,15,4,88,88,0,0,0,2,1
29,290427,2,2,0,0,0,3,3,95,3940,16,8,2011,3,23,14,0,14,6,STERLING AVE,20TH ST,26,39.08322500,-94.446077780,0,12,6,0,2,2,1,0,3,1,0,1,0,0000000,23,18,23,19,88,88,20,0,0,1,1
29,290428,2,2,0,1,1,2,2,510,7080,21,7,2011,5,16,24,0,14,6,GOODFELLOW BLVD,MARTIN LUTHER KING,42,38.67195833,-90.279469440,0,12,6,0,2,2,1,0,1,1,0,1,0,0000000,16,25,16,27,99,99,0,0,0,1,0
29,290429,2,2,0,0,0,4,4,47,4120,25,7,2011,2,0,20,1,12,3,SR-152,,22,39.24484722,-94.479311110,0,12,2,0,1,1,1,4,2,1,0,1,0,0000000,0,22,0,27,1,12,0,0,0,1,1
29,290430,2,2,0,0,0,6,6,21,7070,19,8,2011,6,22,59,0,14,6,MITCHELL AVE,,14,39.75546944,-94.774850000,0,12,2,0,1,1,1,0,2,2,0,2,0,0000000,99,98,99,98,88,88,0,0,0,1,2
29,290431,2,2,0,0,0,2,2,201,0,27,8,2011,7,20,50,0,4,3,SR-Y,,18,36.88988889,-89.644194440,0,12,2,0,1,1,1,0,2,1,0,1,0,0000000,20,54,20,58,21,21,0,0,0,1,1
29,290432,1,1,0,0,0,1,1,95,840,3,9,2011,7,12,38,1,11,1,I-70,,214,39.02861111,-94.258888890,0,57,0,0,1,1,3,0,1,1,0,1,0,0000000,99,98,99,98,88,88,0,0,0,1,0
29,290433,2,2,0,0,0,2,2,15,0,8,9,2011,5,6,0,1,2,2,US-65,,237,38.21622222,-93.348388890,0,12,2,0,1,1,2,0,2,1,0,1,0,0000000,99,98,99,98,88,88,0,0,0,1,0
29,290434,1,1,0,0,0,1,1,95,4120,11,9,2011,1,13,22,1,11,1,I-435,12TH ST,43,39.09638889,-94.488836110,0,33,0,1,5,1,8,0,1,1,0,1,0,0000000,99,98,99,98,88,88,0,0,0,1,1
29,290435,1,1,0,1,1,1,1,95,4120,11,9,2011,1,5,54,0,16,6,90TH ST,,0,38.96089444,-94.495952780,0,8,0,0,1,1,1,0,3,1,0,1,0,0000000,99,98,99,98,88,88,0,0,0,1,1
29,290436,1,1,0,0,0,1,1,71,0,17,8,2011,4,1,10,0,5,7,I-44 NOR,,108,38.31475000,-91.057333330,0,38,0,0,1,1,4,0,2,10,0,10,0,0000000,2,18,2,26,2,38,0,0,0,1,1
29,290437,1,1,0,0,0,3,3,113,0,20,8,2011,7,16,30,0,6,4,HOBART RD,,22,39.22305556,-91.085222220,0,42,0,0,1,1,4,0,1,1,0,1,0,0000000,99,99,99,99,99,99,0,0,0,1,0
29,290438,1,1,0,1,1,1,1,95,4120,29,8,2011,2,7,53,0,13,6,31 ST,MAIN ST,12,39.07110556,-94.585263890,0,8,0,0,3,1,1,0,1,1,0,1,0,0000000,7,53,7,59,8,19,0,0,0,1,0
29,290439,1,1,0,0,0,1,1,49,0,3,9,2011,7,17,20,0,6,4,NE 292ND ST,,11,39.62111111,-94.233055560,0,1,0,0,1,1,1,0,1,10,0,10,0,0000000,99,98,99,98,88,88,0,0,0,1,0
29,290440,1,1,0,0,0,1,1,217,0,8,9,2011,5,8,45,0,4,3,SR-B,,57,37.65944444,-94.204722220,0,34,0,0,1,1,4,0,1,1,0,1,0,0000000,99,98,99,98,88,88,0,0,0,1,1
29,290441,1,1,0,0,0,4,4,157,0,26,8,2011,6,4,25,0,3,3,SR-51,,36,37.85716667,-89.831833330,0,11,0,0,1,1,1,0,2,1,0,1,0,0000000,4,41,4,57,5,32,0,0,0,3,0
29,290442,2,2,0,0,0,2,2,165,0,30,8,2011,3,11,36,0,4,3,SR-273,,167,39.38248611,-94.811105560,0,12,2,0,1,1,1,0,1,10,2,2,0,0000000,11,36,11,44,99,99,0,0,0,2,0
29,290443,2,2,0,0,0,3,3,125,0,1,9,2011,5,12,0,0,3,3,SR-133,,16,38.20530556,-92.114694440,0,12,2,0,1,1,1,0,1,1,0,1,0,0000000,12,14,12,42,13,20,0,0,0,1,1
29,290444,1,1,0,0,0,1,1,213,0,1,9,2011,5,21,20,0,2,3,SR-465,,29,36.71419444,-93.272972220,0,1,0,1,18,1,1,0,2,1,0,1,0,0000000,99,98,99,98,88,88,0,0,0,1,0
29,290445,2,2,0,0,0,4,4,99,0,1,9,2011,5,23,50,0,15,4,ROCK CREEK RD,,88,38.41188889,-90.432555560,0,12,2,0,1,1,1,0,2,1,0,1,0,0000000,23,50,0,0,0,29,0,0,0,1,1
29,290446,1,1,0,0,0,3,3,9,0,3,9,2011,7,15,0,0,6,4,1065,,11,36.85430556,-93.762138890,0,42,0,0,1,1,4,0,1,1,0,1,0,0000000,15,10,15,57,16,27,0,0,0,1,1
29,290447,1,1,0,0,0,2,2,137,0,4,9,2011,1,7,45,0,4,3,SR-V,,61,39.57936111,-91.864277780,0,35,0,0,1,1,4,0,1,2,10,2,0,0000000,7,54,8,13,88,88,0,0,0,2,1
29,290448,2,2,0,0,0,3,3,31,0,9,9,2011,6,11,15,0,3,3,SR-25,,154,37.19727778,-89.730972220,0,12,6,0,1,1,1,0,1,10,0,10,0,0000000,11,15,11,33,12,7,0,0,0,1,0
29,290449,1,1,0,0,0,3,3,207,0,15,9,2011,5,15,35,0,6,4,271,,29,36.97941667,-90.074277780,0,35,0,0,1,1,4,0,1,1,0,1,0,0000000,99,99,99,99,99,99,0,0,0,1,0
29,290450,1,1,0,0,0,1,1,207,0,15,9,2011,5,17,30,0,4,3,SR-Z,,49,36.67163889,-89.885222220,0,34,0,0,1,1,4,0,1,1,0,1,0,0000000,17,34,18,1,19,24,0,0,0,1,0
29,290451,1,1,0,1,1,1,1,97,2343,16,9,2011,6,4,29,0,13,3,SR-FF,,25,37.05485556,-94.461886110,0,8,0,0,1,1,1,0,3,2,10,2,0,0000000,99,98,99,98,88,88,0,0,0,1,0
29,290452,1,1,0,0,0,1,1,209,0,12,9,2011,2,14,0,0,2,3,SR-13,,173,36.60294444,-93.421916670,0,1,0,0,1,1,4,0,1,1,0,1,0,0000000,99,98,99,98,88,88,0,0,0,1,0
29,290453,1,1,0,0,0,2,2,21,7070,22,9,2011,5,2,2,0,16,6,N 19TH ST,,3,39.76971389,-94.837486110,0,1,0,0,1,1,1,0,3,1,0,1,0,0000000,99,98,99,98,88,88,0,0,0,1,0
29,290454,1,1,0,0,0,1,1,143,0,2,9,2011,6,8,43,0,4,3,SR-H,,16,36.75861111,-89.652472220,0,59,0,0,1,1,4,0,1,1,0,1,0,0000000,99,98,99,98,88,88,0,0,0,1,0
29,290455,3,3,0,0,0,3,3,51,0,31,8,2011,4,10,44,0,14,3,SR-C,RUMSEY LN,104,38.53813889,-92.295027780,0,12,6,0,2,2,1,0,1,1,0,1,0,0000000,10,46,10,54,11,13,0,0,0,2,0
29,290456,1,1,0,0,0,1,1,229,0,24,9,2011,7,12,0,0,4,3,SR-95,PEACH CORNER DR,232,37.19138889,-92.284722220,0,59,0,0,2,3,4,0,1,10,0,10,0,0000000,99,98,99,98,88,88,0,0,0,1,0
29,290457,3,3,0,0,0,5,5,19,0,25,9,2011,1,13,4,1,1,1,I-70,,19,38.95877778,-92.186388890,0,57,0,0,1,1,3,0,1,1,0,1,0,0000000,13,6,13,19,13,49,0,0,0,1,0
29,290458,1,1,0,0,0,3,3,169,0,28,9,2011,4,1,30,0,3,3,SR-P,,9,37.76888889,-92.307777780,0,34,0,0,1,1,4,0,2,1,0,1,0,0000000,2,0,2,13,2,43,0,0,0,1,1
29,290459,1,1,0,0,0,1,1,209,0,18,9,2011,1,14,30,0,6,4,HORSE CREEK,,14,36.83277778,-93.445000000,0,1,0,0,1,1,4,0,1,2,10,2,0,0000000,99,98,99,98,88,88,0,0,0,1,1
29,290461,1,1,0,0,0,1,1,159,0,20,8,2011,7,3,0,0,4,3,SR-O,,129,38.71005556,-93.124861110,0,59,0,0,1,1,4,0,2,10,0,10,0,0000000,99,98,99,98,88,88,0,0,0,1,1
29,290462,1,1,0,1,1,1,1,95,4120,29,8,2011,2,7,58,0,16,6,W 79TH ST,,3,38.98538611,-94.602241670,0,8,0,0,1,1,1,0,1,1,0,1,0,0000000,7,59,8,7,8,23,0,0,0,1,0
29,290463,2,2,0,0,0,9,9,151,0,17,9,2011,7,15,20,1,2,2,US-63,SR-T,69,38.40847222,-91.971527780,0,12,2,0,3,1,1,0,1,10,0,10,0,0000000,15,15,15,26,99,99,0,0,0,1,0
29,290464,2,2,0,0,0,2,2,95,4120,19,9,2011,2,8,18,0,15,6,BROADWAY,NICHOLS RD,5,39.04127778,-94.591694440,0,1,0,0,2,2,1,0,1,1,0,1,0,0000000,8,19,8,22,99,99,0,0,0,1,0
29,290465,2,2,0,0,0,2,2,161,0,27,9,2011,3,9,40,0,4,3,SR-O,,50,37.86277778,-91.749166670,0,12,2,0,1,1,1,0,1,1,0,1,0,0000000,9,44,9,53,10,24,0,0,0,1,0
29,290466,1,1,0,0,0,1,1,69,1360,30,9,2011,6,7,5,0,6,6,BAILEY,,7,36.48469444,-90.072694440,0,53,0,0,1,1,4,0,1,1,0,1,0,0000000,99,98,99,98,88,88,0,0,0,1,0
29,290467,2,2,0,0,0,3,3,183,7100,19,8,2011,6,16,55,0,15,7,I-70 OUTER RD,,19,38.79943333,-90.587802780,0,12,2,0,1,1,1,0,1,1,0,1,0,0000000,16,59,17,5,17,25,0,0,0,2,2
29,290468,2,2,0,0,0,2,2,183,5880,30,6,2011,5,15,36,0,13,6,BRYAN RD,,5,38.79850833,-90.735727780,0,12,2,0,1,1,1,0,1,1,0,1,0,0000000,99,99,99,99,99,99,0,0,0,1,0
29,290469,2,2,0,0,0,2,2,71,0,16,9,2011,6,13,0,0,6,4,CEDAR LN,,9,38.48361111,-91.049722220,0,12,2,0,1,1,1,0,1,1,0,1,0,0000000,13,6,13,11,13,52,0,0,0,1,0
29,290470,1,1,0,0,0,1,1,99,0,17,9,2011,7,6,31,0,4,3,SR-FF,,23,38.45305556,-90.656388890,0,42,0,0,1,1,4,0,1,10,2,2,0,0000000,99,98,99,98,88,88,0,0,0,1,0
29,290471,1,1,0,0,0,3,3,187,0,24,9,2011,7,16,55,1,2,2,US-67,,266,37.96936111,-90.540694440,0,35,0,0,1,1,4,0,1,10,0,10,0,0000000,99,99,99,99,99,99,0,0,0,1,1
29,290472,2,2,0,0,0,2,2,11,0,28,9,2011,4,20,55,0,3,2,US-160,,81,37.49741667,-94.478222220,0,12,6,0,1,1,1,0,2,1,0,1,0,0000000,20,55,21,7,88,88,0,0,0,1,1
29,290473,2,2,0,0,0,6,6,95,4120,20,8,2011,7,10,45,0,13,6,INDEPENDENCE AVE,WHITE AVE,52,39.10490556,-94.511241670,0,1,0,0,3,1,1,0,1,10,0,10,0,0000000,10,47,10,52,11,3,0,0,0,1,0
29,290474,1,1,0,0,0,1,1,99,0,9,9,2011,6,5,30,0,3,3,SR-21,,332,38.08291667,-90.635861110,0,42,0,0,1,1,4,0,2,10,0,10,0,0000000,99,98,99,98,88,88,0,0,0,1,0
29,290475,1,1,0,0,0,1,1,145,0,29,9,2011,5,15,21,1,2,2,US-71,,41,36.99300000,-94.432861110,0,1,0,0,1,1,3,0,1,1,0,1,0,0000000,99,98,99,98,88,88,0,0,0,1,1
29,290476,1,1,0,0,0,5,5,167,0,30,9,2011,6,8,9,0,4,3,SR-215,,127,37.48497222,-93.444000000,0,34,0,0,1,1,4,0,1,1,0,1,0,0000000,8,16,8,53,9,37,0,0,0,1,0
29,290477,2,2,0,0,0,2,2,109,0,1,10,2011,7,19,2,1,1,1,I-44,,148,37.09597222,-93.798555560,0,12,7,0,1,1,1,0,3,1,0,1,0,0000000,99,98,99,98,88,88,0,0,0,1,0
29,290478,2,2,0,0,0,2,2,183,0,26,8,2011,6,12,11,1,12,2,US-61,PIENE RD,36,38.85469444,-90.871500000,0,12,6,0,2,2,1,0,1,1,0,1,0,0000000,12,51,13,2,13,10,0,0,0,1,0
29,290479,1,1,0,0,0,1,1,15,0,3,9,2011,7,10,40,1,2,2,US-65,,267,38.18430556,-93.321472220,0,38,0,0,1,1,4,0,1,1,0,1,0,0000000,10,48,10,52,99,99,0,0,0,1,0
29,290480,1,1,0,0,0,1,1,3,0,11,9,2011,1,3,0,1,1,1,I-29,,63,39.91552778,-94.904250000,0,32,0,0,1,1,4,0,2,10,0,10,0,0000000,99,98,99,98,88,88,0,0,0,1,1
29,290481,1,1,0,0,0,1,1,137,0,24,9,2011,7,16,20,0,6,4,124,,1,39.50438889,-92.166388890,0,42,0,0,1,1,4,0,1,10,0,10,0,0000000,99,98,99,98,88,88,0,0,0,1,0
29,290483,2,2,0,0,0,2,2,510,7080,5,7,2011,3,0,25,0,16,6,GRAND BLVD,,0,38.66627222,-90.213061110,0,12,6,0,4,1,1,0,3,1,0,1,0,0000000,0,25,0,34,0,50,0,0,0,1,2
29,290484,2,2,0,0,0,2,2,189,0,24,8,2011,4,10,50,0,15,2,US-50,,4,38.50151944,-90.316052780,0,12,6,0,1,1,1,0,1,1,0,1,0,0000000,10,50,10,56,99,99,0,0,0,1,0
29,290485,2,2,0,0,0,3,3,183,0,5,9,2011,2,11,40,0,16,4,METTE RD,,15,38.86653889,-90.865713890,0,1,0,0,1,1,1,0,1,1,0,1,0,0000000,99,98,99,98,88,88,0,0,0,1,0
29,290486,1,1,0,0,0,2,2,69,1360,8,9,2011,5,23,47,0,5,3,SR-OO,,6,36.49216111,-90.077241670,0,1,0,0,1,1,4,0,2,1,0,1,0,0000000,99,99,99,99,99,99,0,0,0,1,1
29,290487,4,4,0,0,0,6,6,183,5880,22,9,2011,5,15,9,0,13,3,SR-K,,39,38.74627500,-90.698816670,0,12,6,0,1,1,1,0,1,10,0,10,0,0000000,99,99,99,99,99,99,0,0,0,1,0
29,290488,1,1,0,1,1,2,2,189,1970,28,9,2011,4,14,32,0,15,6,CONWAY RD,,59,38.64445278,-90.451388890,0,8,0,0,1,1,1,0,1,1,0,1,0,0000000,14,32,14,35,14,41,0,0,0,1,0
29,290489,2,2,0,0,0,2,2,59,0,8,10,2011,7,13,15,0,4,3,SR-38,,30,37.51950000,-93.081916670,0,12,2,0,1,1,1,0,1,1,0,1,0,0000000,13,20,13,35,15,7,0,0,0,1,0
29,290490,2,2,0,0,0,8,8,189,2700,25,9,2011,1,1,1,1,11,1,I-270,,56,38.77161111,-90.291972220,0,12,1,0,1,1,1,0,3,1,0,1,0,0000000,1,27,1,37,2,15,0,0,0,2,1
29,290491,1,1,0,0,0,1,1,99,0,3,10,2011,2,14,9,0,5,4,HILLSBORO HOUSE SPRS,,28,38.37250000,-90.565277780,0,58,0,0,1,1,4,0,1,1,0,1,0,0000000,14,10,14,19,88,88,0,0,0,1,0
29,290492,1,1,0,0,0,1,1,47,0,3,10,2011,2,9,10,0,6,4,FIGHTMASTER RD,,3,39.42916667,-94.468333330,0,42,0,0,1,1,4,0,1,1,0,1,0,0000000,99,98,99,98,88,88,0,0,0,1,0
29,290493,1,1,0,0,0,4,4,43,0,1,10,2011,7,20,0,0,6,4,VALLEYVIEW RD,,1,36.88761111,-93.273638890,0,5,0,0,1,1,1,0,2,1,0,1,0,0000000,20,1,20,21,21,3,0,0,0,1,0
29,290494,2,2,0,0,0,3,3,95,4490,18,9,2011,1,1,23,1,12,2,US-50,,140,38.90280556,-94.367166670,0,12,2,0,1,1,1,0,2,2,0,2,0,0000000,99,98,99,98,88,88,0,0,0,1,1
29,290495,1,1,0,0,0,3,3,205,0,19,9,2011,2,13,0,0,4,3,SR-151,,156,39.80005556,-92.256972220,0,58,0,0,1,1,4,0,1,1,0,1,0,0000000,12,58,13,17,13,49,0,0,0,1,0
29,290496,1,1,0,0,0,1,1,161,0,28,9,2011,4,5,15,1,1,1,I-44,,68,37.94163889,-91.948000000,0,35,0,0,1,1,3,0,2,1,0,1,0,0000000,99,98,99,98,88,88,0,0,0,1,1
29,290497,1,1,0,0,0,2,2,65,0,1,10,2011,7,18,0,0,3,3,SR-32,,369,37.64222222,-91.203611110,0,34,0,0,1,1,4,0,1,1,0,1,0,0000000,18,13,18,25,19,26,0,0,0,1,0
29,290498,1,1,0,1,1,1,1,23,0,25,9,2011,1,0,20,0,14,2,US-67 BUS,,69,36.73044444,-90.451361110,0,8,0,0,1,1,1,0,2,2,0,2,0,0000000,99,98,99,98,88,88,0,0,0,1,0
29,290499,1,1,0,0,0,1,1,99,0,29,9,2011,5,9,23,0,2,3,SR-21,,129,38.31694444,-90.526666670,0,1,0,0,1,1,3,0,1,1,0,1,0,0000000,9,26,9,32,10,19,0,0,0,1,0
29,290500,2,2,0,0,0,2,2,95,4490,2,10,2011,1,13,24,1,11,1,I-470,VIEW HIGH DR,54,38.93583333,-94.445555560,0,12,1,1,18,1,1,0,1,1,0,1,0,0000000,13,26,13,32,13,52,0,0,0,1,0
29,290501,1,1,0,0,0,1,1,35,0,3,10,2011,2,14,30,0,4,3,SR-J,,62,36.87480556,-91.186527780,0,1,0,0,1,1,4,0,1,1,0,1,0,0000000,99,98,99,98,88,88,0,0,0,1,0
29,290502,1,1,0,0,0,1,1,215,0,4,10,2011,3,15,30,0,6,4,HUNTER RD,,0,37.25316667,-91.738750000,0,42,0,0,1,1,4,0,1,1,0,1,0,0000000,99,99,99,99,99,99,0,0,0,1,0
29,290503,1,1,0,0,0,1,1,201,0,4,10,2011,3,20,2,0,6,4,452,460,28,36.96222222,-89.659166670,0,59,0,0,2,3,4,0,2,1,0,1,0,0000000,20,2,20,14,88,88,0,0,0,1,1
29,290504,2,2,0,0,0,4,4,217,0,7,10,2011,6,22,0,1,2,2,US-54,,305,37.86402778,-94.081250000,0,12,7,0,1,1,1,0,2,1,0,1,0,0000000,22,12,22,30,88,88,0,0,0,2,1
29,290505,1,1,0,0,0,1,1,55,0,7,10,2011,6,7,59,0,5,3,SR-P,,3,38.18694444,-91.377222220,0,34,0,0,1,1,4,0,1,1,0,1,0,0000000,99,98,99,98,88,88,0,0,0,1,0
29,290506,1,1,0,0,0,1,1,141,0,10,10,2011,2,12,55,0,4,3,SR-W,,47,38.39013889,-92.796222220,0,1,0,0,1,1,1,0,1,10,0,10,0,0000000,99,98,99,98,88,88,0,0,0,1,0
29,290507,1,1,0,0,0,1,1,161,7050,23,9,2011,6,11,30,0,6,4,DILLION OUTER RD,,39,37.98888889,-91.655000000,0,59,0,0,1,1,4,0,1,1,0,1,0,0000000,99,99,99,99,99,99,0,0,0,1,0
29,290508,1,1,0,2,2,3,3,77,7596,25,9,2011,1,20,33,0,6,7,EVERGREEN NOR,,46,37.27094444,-93.095555560,0,8,0,0,1,1,1,0,2,1,0,1,0,0000000,99,98,99,98,88,88,0,0,0,1,0
29,290509,1,1,0,0,0,1,1,189,0,29,9,2011,5,0,18,0,14,4,FORDER RD,BERVIEW LN,6,38.49598333,-90.323002780,0,30,0,0,2,3,4,0,3,1,0,1,0,0000000,0,13,0,18,0,43,0,0,0,1,0
29,290510,2,2,0,0,0,2,2,111,0,8,10,2011,7,3,15,0,2,3,SR-6,,104,40.06455556,-91.778888890,0,12,2,0,1,1,1,0,2,1,0,1,0,0000000,3,39,3,47,5,28,0,0,0,1,1
29,290511,2,2,0,0,0,2,2,183,8280,11,10,2011,3,13,4,1,12,2,US-61,,148,38.83222222,-90.855277780,0,12,1,0,1,1,1,0,1,10,0,10,0,0000000,99,99,99,99,99,99,0,0,0,1,0