STATE,ST_CASE,VE_TOTAL,VE_FORMS,PVH_INVL,PEDS,PERNOTMVIT,PERMVIT,PERSONS,COUNTY,CITY,DAY,MONTH,YEAR,DAY_WEEK,HOUR,MINUTE,NHS,ROAD_FNC,ROUTE,TWAY_ID,TWAY_ID2,MILEPT,LATITUDE,LONGITUD,SP_JUR,HARM_EV,MAN_COLL,RELJCT1,RELJCT2,TYP_INT,REL_ROAD,WRK_ZONE,LGT_COND,WEATHER1,WEATHER2,WEATHER,SCH_BUS,RAIL,NOT_HOUR,NOT_MIN,ARR_HOUR,ARR_MIN,HOSP_HR,HOSP_MN,CF1,CF2,CF3,FATALS,DRUNK_DR
29,290512,1,1,0,1,1,1,1,510,7080,12,10,2011,4,23,16,0,13,6,GRAND BLVD,,4,38.66696944,-90.212541670,0,8,0,0,1,1,1,0,3,5,0,5,0,0000000,23,14,23,20,23,42,0,0,0,1,1
29,290513,4,4,0,0,0,9,9,189,7760,15,10,2011,7,12,34,1,13,3,SR-141,CONWAY RD,125,38.64888889,-90.507777780,0,46,0,0,3,1,4,1,1,1,0,1,0,0000000,99,98,99,98,88,88,14,0,0,1,0
29,290514,1,1,0,0,0,4,4,217,1080,15,10,2011,7,21,40,0,4,3,SR-43,,105,37.69422222,-94.469000000,0,5,0,0,1,1,1,0,2,1,0,1,0,0000000,21,50,22,19,23,15,0,0,0,1,0
29,290515,1,1,0,0,0,1,1,51,0,16,10,2011,1,9,4,1,2,2,US-50,,55,38.59316667,-92.341388890,0,1,0,0,1,1,4,0,7,1,0,1,0,0000000,99,98,99,98,88,88,0,0,0,1,0
29,290516,1,1,0,0,0,1,1,181,0,17,10,2011,2,0,15,0,3,3,SR-21,,5,36.80569444,-90.836361110,0,34,0,0,1,1,4,0,2,1,0,1,0,0000000,99,98,99,98,88,88,0,0,0,1,1
29,290517,2,2,0,0,0,2,2,167,0,17,10,2011,2,11,50,0,3,3,SR-32,26TH RD,16,37.63016667,-93.585555560,0,12,2,0,3,1,1,0,1,10,0,10,0,0000000,99,98,99,98,88,88,0,0,0,1,0
29,290518,1,1,0,0,0,1,1,221,0,8,7,2011,6,16,30,0,4,3,SR-H,,39,38.16444444,-90.744722220,0,58,0,0,1,1,4,0,1,1,0,1,0,0000000,18,45,19,7,19,49,0,0,0,1,0
29,290519,2,2,0,0,0,3,3,186,0,30,7,2011,7,17,15,0,4,3,SR-EE,BURKS SCHOOL,42,37.86027778,-90.335277780,0,12,6,0,2,3,1,0,1,1,0,1,0,0000000,17,16,17,30,18,15,0,0,0,1,0
29,290520,1,1,0,1,1,1,1,183,7010,30,9,2011,6,6,17,0,15,6,VETERANSMEMORIALPKWY,,38,38.79017778,-90.553083330,0,8,0,0,1,1,1,0,2,1,0,1,0,0000000,99,98,99,98,88,88,0,0,0,1,0
29,290521,1,1,0,1,1,1,1,95,4120,4,10,2011,3,2,9,0,13,6,PASEO BLVD,45TH ST,43,39.04513889,-94.568036110,0,8,0,0,2,2,1,0,3,1,0,1,0,0000000,2,11,2,18,2,30,0,0,0,1,0
29,290522,1,1,0,0,0,3,3,167,0,15,10,2011,7,22,15,0,6,4,140TH RD,455TH RD,0,37.58938889,-93.377555560,0,18,0,0,2,3,5,0,2,1,0,1,0,0000000,99,98,99,98,88,88,0,0,0,3,0
29,290523,1,1,0,0,0,1,1,189,774,24,9,2011,7,15,0,0,15,6,OLD JAMESTOWN,MEUSE,55,38.79431667,-90.263111110,0,33,0,0,2,3,4,0,1,1,0,1,0,0000000,99,98,99,98,88,88,0,0,0,1,1
29,290524,1,1,0,0,0,2,2,99,0,2,9,2011,6,0,22,0,16,4,LITTLE BRENNAN RD,MEADOW DR,3,38.49071667,-90.502355560,0,35,0,0,2,3,4,0,3,1,0,1,0,0000000,0,24,0,31,0,53,0,0,0,1,1
29,290525,2,2,0,0,0,2,2,45,0,29,9,2011,5,5,38,1,2,2,US-61,,75,40.35638889,-91.586666670,0,12,1,0,1,1,1,0,2,8,0,8,0,0000000,99,98,99,98,88,88,0,0,0,1,0
29,290526,1,1,0,1,1,1,1,95,3940,30,9,2011,6,22,7,0,12,3,SR-78,,49,39.07895833,-94.407561110,0,9,0,0,1,1,2,0,3,1,0,1,0,0000000,99,99,99,99,99,99,0,0,0,1,0
29,290527,2,2,0,0,0,2,2,183,0,5,10,2011,4,18,10,1,2,2,US-67,,29,38.87361111,-90.201388890,0,12,1,0,1,1,2,0,1,10,0,10,0,0000000,99,99,99,99,99,99,0,0,0,1,0
29,290528,1,1,0,0,0,1,1,173,0,8,10,2011,7,18,48,1,2,2,US-61,,57,39.60638889,-91.405444440,0,1,0,0,1,1,3,0,1,1,0,1,0,0000000,18,53,19,18,19,56,0,0,0,1,1
29,290529,1,1,0,0,0,1,1,113,0,12,10,2011,4,13,15,0,6,4,MALLARD POINTE BLVD,,0,38.98500000,-90.783611110,0,33,0,0,1,1,4,0,1,10,0,10,0,0000000,99,99,99,99,99,99,0,0,0,1,0
29,290530,1,1,0,0,0,1,1,33,0,13,10,2011,5,18,40,0,4,3,SR-D,,159,39.38052778,-93.701333330,0,35,0,0,1,1,4,0,2,1,0,1,0,0000000,18,41,18,58,88,88,0,0,0,1,0
29,290531,2,2,0,0,0,4,4,83,0,21,10,2011,6,17,49,1,2,3,SR-52,,58,38.25368611,-93.893291670,0,12,2,0,1,1,1,0,1,1,0,1,0,0000000,17,53,18,9,88,88,0,0,0,2,0
29,290532,1,1,0,0,0,1,1,165,6080,21,10,2011,6,21,0,1,11,1,I-435,,14,39.20638889,-94.760555560,0,59,0,0,1,1,4,0,2,1,0,1,0,0000000,99,98,99,98,88,88,0,0,0,1,1
29,290533,2,2,0,0,0,3,3,189,2210,21,10,2011,6,19,22,0,14,6,DOUGHERTY FERRY RD,DES PERES RD,23,38.58007778,-90.454041670,0,12,2,0,2,2,1,0,3,1,0,1,0,0000000,19,23,19,25,19,45,0,0,0,1,0
29,290534,1,1,0,0,0,1,1,97,0,23,10,2011,1,22,9,0,4,3,SR-M,,131,37.29752778,-94.366722220,0,58,0,0,1,1,4,0,2,1,0,1,0,0000000,99,98,99,98,88,88,0,0,0,1,0
29,290535,1,1,0,0,0,5,5,97,4100,2,7,2011,7,19,5,0,16,6,RIDGE DR,STARLITE DR,4,37.10475000,-94.462661110,0,42,0,0,2,3,4,0,1,1,0,1,0,0000000,19,6,19,12,99,99,0,0,0,1,1
29,290536,1,1,0,0,0,2,2,85,0,2,8,2011,3,10,0,0,4,3,SR-U,,75,37.94941667,-93.296611110,0,42,0,0,1,1,4,0,1,1,0,1,0,0000000,10,23,10,52,11,38,0,0,0,1,0
29,290537,1,1,0,0,0,2,2,189,1970,21,10,2011,6,15,30,1,12,2,US-67,,188,38.67928611,-90.404011110,0,30,0,0,1,1,4,0,1,1,0,1,0,0000000,15,41,15,44,15,54,0,0,0,1,0
29,290538,1,1,0,1,1,1,1,99,0,26,10,2011,4,6,15,0,15,2,US-61,,211,38.18441667,-90.394472220,0,8,0,0,1,1,1,0,2,10,0,10,0,0000000,99,98,99,98,88,88,0,0,0,1,0
29,290539,1,1,0,0,0,2,2,37,600,28,10,2011,6,12,20,0,16,6,PECULIAR DR,,19,38.78463889,-94.503111110,0,35,0,0,1,1,4,0,1,1,0,1,0,0000000,12,23,12,30,13,0,0,0,0,1,0
29,290540,2,2,0,0,0,2,2,77,7460,11,9,2011,1,14,9,0,15,3,SR-EE,,51,37.23680556,-93.403286110,0,12,6,0,1,1,4,0,1,1,0,1,0,0000000,99,98,99,98,88,88,0,0,0,2,0
29,290541,2,2,0,0,0,2,2,510,7080,18,9,2011,1,21,54,0,13,6,HALL ST,,66,38.68911389,-90.209983330,0,12,2,0,1,1,1,0,3,2,0,2,0,0000000,21,56,22,7,22,35,0,0,0,1,0
29,290542,4,4,0,0,0,5,5,189,2690,27,9,2011,3,16,23,1,13,3,SR-141,GRAVOIS BLUFFS BLVD,4,38.50750000,-90.443333330,0,12,1,0,3,1,1,0,1,1,0,1,0,0000000,16,22,16,26,99,99,14,0,0,1,0
29,290543,2,2,0,0,0,2,2,47,5770,7,10,2011,6,10,59,0,13,6,BURLINGTON ST,E 10TH AVE,6,39.12671389,-94.580641670,0,33,0,0,3,1,3,0,1,1,0,1,0,0000000,11,1,11,3,11,48,0,0,0,1,0
29,290544,1,1,0,0,0,1,1,221,0,27,10,2011,5,6,50,0,3,3,SR-21,,91,38.02330556,-90.755777780,0,42,0,0,1,1,4,0,2,10,0,10,0,0000000,99,98,99,98,88,88,0,0,0,1,0
29,290545,1,1,0,0,0,1,1,107,0,31,10,2011,2,18,40,0,6,4,CUMBERLAND,,24,38.94472222,-94.052777780,0,34,0,0,1,1,4,0,2,10,0,10,0,0000000,18,47,18,58,99,99,0,0,0,1,0
29,290546,1,1,0,1,1,5,5,95,4490,26,8,2011,6,22,52,1,12,2,US-50,,157,38.90229444,-94.341277780,0,8,0,0,1,1,1,0,2,1,0,1,0,0000000,99,99,99,99,99,99,0,0,0,1,0
29,290547,2,1,1,0,0,4,4,19,1800,3,9,2011,7,2,17,0,15,6,E BLUE RIDGE RD,,28,38.98545833,-92.301302780,0,53,0,0,1,1,4,0,3,1,0,1,0,0000000,2,25,2,33,2,48,0,0,0,2,1
29,290548,1,1,0,0,0,1,1,183,0,8,10,2011,7,22,50,1,2,2,US-61,,19,38.87055556,-90.893055560,0,1,0,0,1,1,4,0,2,1,0,1,0,0000000,99,99,99,99,99,99,0,0,0,1,1
29,290549,1,1,0,0,0,1,1,45,8540,11,10,2011,3,0,45,0,6,6,MAIN ST,,1,40.39486111,-91.929416670,0,42,0,0,1,1,4,0,3,10,0,10,0,0000000,0,48,1,17,1,58,0,0,0,1,1
29,290550,1,1,0,0,0,12,12,7,0,20,10,2011,5,17,50,0,6,4,435,,15,39.19027778,-91.794527780,0,53,0,0,1,1,4,0,1,1,0,1,0,0000000,18,12,18,32,19,18,0,0,0,1,0
29,290551,2,2,0,0,0,2,2,167,0,22,10,2011,7,14,15,0,4,3,SR-P,,76,37.68008333,-93.243527780,0,1,0,0,1,1,1,0,1,1,0,1,0,0000000,99,98,99,98,88,88,0,0,0,1,0
29,290552,2,2,0,0,0,2,2,105,0,27,10,2011,5,16,29,1,1,1,I-44,,59,37.75900000,-92.513305560,0,35,0,0,1,1,4,0,1,1,0,1,0,0000000,99,98,99,98,88,88,0,0,0,1,0
29,290553,1,1,0,0,0,1,1,225,0,29,10,2011,7,1,15,0,4,3,SR-K,,87,37.06916667,-92.716750000,0,34,0,0,1,1,4,0,2,1,0,1,0,0000000,99,98,99,98,88,88,0,0,0,1,1
29,290554,1,1,0,0,0,7,7,147,0,29,10,2011,7,2,15,0,4,3,SR-246,,13,40.54661111,-94.799500000,0,1,0,0,1,1,1,0,2,1,0,1,0,0000000,2,21,2,55,3,33,0,0,0,3,1
29,290555,1,1,0,0,0,1,1,221,0,31,10,2011,2,19,45,0,3,3,SR-32,,35,37.76527778,-90.749722220,0,1,0,0,1,1,4,0,2,1,0,1,0,0000000,99,98,99,98,88,88,0,0,0,1,0
29,290556,1,1,0,0,0,2,2,177,0,1,11,2011,3,14,30,0,4,3,SR-H,,37,39.22777778,-93.949166670,0,35,0,0,1,1,4,0,1,1,0,1,0,0000000,14,35,14,43,99,99,0,0,0,1,1
29,290557,2,2,0,0,0,4,4,105,0,2,11,2011,4,15,15,0,4,3,SR-B,,29,37.62266667,-92.558805560,0,12,2,0,1,1,1,0,1,10,0,10,0,0000000,15,27,15,57,16,35,0,0,0,1,0
29,290558,2,2,0,0,0,3,3,147,0,4,11,2011,6,10,25,0,4,3,SR-J,SR-M,49,40.16980556,-94.670472220,0,12,6,0,3,1,1,0,1,1,0,1,0,0000000,10,28,10,58,99,99,0,0,0,1,0
29,290559,1,1,0,0,0,1,1,99,0,23,7,2011,7,1,24,0,4,3,SR-O,,4,38.45138889,-90.731111110,0,35,0,0,1,1,4,0,2,1,0,1,0,0000000,99,99,99,99,99,99,0,0,0,1,1
29,290560,1,1,0,0,0,2,2,95,3940,24,8,2011,4,12,56,0,16,6,S HOLKE,,0,39.03042222,-94.345991670,0,5,0,0,1,1,1,0,1,1,0,1,0,0000000,99,99,99,99,99,99,0,0,0,1,0
29,290561,1,1,0,0,0,1,1,95,4120,22,9,2011,5,18,1,0,14,6,RAYTOWN RD,,98,38.93139167,-94.472855560,0,33,0,0,1,1,4,0,1,10,0,10,0,0000000,99,98,99,98,88,88,0,0,0,1,1
29,290562,2,2,0,0,0,4,4,95,4120,26,9,2011,2,15,9,0,14,6,NW SKYVIEW RD,,0,39.31413333,-94.648877780,0,12,2,0,1,1,1,0,1,1,0,1,0,0000000,15,33,15,45,16,8,0,0,0,1,0
29,290563,1,1,0,0,0,1,1,165,4120,28,9,2011,4,4,1,0,15,6,N AMBASSADOR DR,,16,39.29286944,-94.681358330,0,33,0,0,1,1,4,0,3,1,0,1,0,0000000,4,3,4,7,5,1,0,0,0,1,0
29,290564,1,1,0,0,0,1,1,213,980,30,9,2011,6,1,39,0,15,3,SR-165,,4,36.63249167,-93.280175000,0,1,0,0,1,1,1,0,3,1,0,1,0,0000000,99,99,99,99,99,99,0,0,0,1,0
29,290566,3,3,0,0,0,5,5,189,590,8,10,2011,7,16,20,1,11,1,I-170,,63,38.70908333,-90.334361110,0,57,0,0,1,1,3,0,1,10,0,10,0,0000000,16,29,16,35,99,99,0,0,0,1,0
29,290567,1,1,0,0,0,1,1,147,0,13,10,2011,5,8,20,0,5,3,SR-EE,,35,40.43194444,-94.781944440,0,1,0,0,1,1,4,0,1,1,0,1,0,0000000,8,18,8,28,9,3,0,0,0,1,0
29,290568,1,1,0,0,0,2,2,37,0,15,10,2011,7,10,0,0,4,3,SR-A,,27,38.49091667,-94.575250000,0,34,0,0,1,1,4,0,1,1,0,1,0,0000000,10,7,10,23,11,4,0,0,0,1,0
29,290569,1,1,0,0,0,2,2,55,0,23,10,2011,1,3,10,1,1,1,I-44,,182,38.05444444,-91.447777780,0,24,0,0,1,1,4,0,2,1,0,1,0,0000000,3,20,3,31,4,23,0,0,0,1,0
29,290570,1,1,0,0,0,4,4,183,0,23,10,2011,1,14,40,1,11,1,I-70,,44,38.80861111,-90.880833330,0,38,0,0,1,1,4,0,1,1,0,1,0,0000000,14,51,15,8,15,36,0,0,0,1,0
29,290571,2,2,0,0,0,4,4,99,0,23,10,2011,1,13,53,1,13,3,SR-W,,8,38.47111111,-90.624444440,0,1,0,0,1,1,1,0,1,1,0,1,0,0000000,99,98,99,98,88,88,0,0,0,1,0
29,290572,3,2,1,0,0,4,4,95,4120,25,10,2011,3,10,40,0,14,6,HARDESTY,,17,39.09583333,-94.519283330,0,12,1,0,1,1,1,0,1,1,0,1,0,0000000,10,42,10,48,11,34,0,0,0,1,0
29,290573,1,1,0,0,0,4,4,225,0,31,10,2011,2,13,38,0,4,3,SR-B,,51,37.24363889,-93.023972220,0,58,0,0,1,1,4,0,1,1,0,1,0,0000000,13,38,13,53,15,10,0,0,0,1,1
29,290574,1,1,0,1,1,1,1,155,0,31,10,2011,2,23,0,1,1,1,I-55,,317,36.00825000,-89.874666670,0,8,0,0,1,1,1,0,2,1,0,1,0,0000000,23,32,0,15,1,36,0,0,0,1,0
29,290575,1,1,0,0,0,1,1,187,0,5,11,2011,7,16,28,0,6,4,SNOWDELL RD,,15,37.95497222,-90.403777780,0,5,0,0,1,1,4,0,1,10,0,10,0,0000000,99,98,99,98,88,88,0,0,0,1,0
29,290576,1,1,0,0,0,2,2,155,0,5,11,2011,7,18,50,0,4,3,SR-U,,45,36.17616667,-89.697527780,0,1,0,0,1,1,4,0,2,1,0,1,0,0000000,19,4,19,42,20,51,0,0,0,1,1
29,290577,2,2,0,0,0,2,2,201,0,7,11,2011,2,7,46,1,1,1,I-55,,216,37.17083333,-89.537500000,0,12,7,0,1,1,4,0,1,10,0,10,0,0000000,7,39,7,46,8,44,0,0,0,1,0
29,290578,1,1,0,0,0,6,6,510,7080,7,10,2011,6,23,19,1,11,1,I-70,,21,38.68267222,-90.236705560,0,38,0,0,1,1,4,0,3,1,0,1,0,0000000,23,19,23,29,23,54,0,0,0,5,0
29,290579,3,3,0,0,0,7,7,65,0,17,10,2011,2,15,22,0,3,3,SR-32,5110,186,37.63697222,-91.480444440,0,12,1,0,3,1,1,0,1,1,0,1,0,0000000,15,24,15,33,16,12,0,0,0,2,0
29,290580,2,2,0,0,0,2,2,213,0,18,10,2011,3,6,10,0,14,2,US-160,,139,36.71555556,-93.125277780,0,12,1,0,1,1,1,0,2,2,0,2,0,0000000,6,15,6,20,7,30,0,0,0,1,0
29,290581,1,1,0,0,0,3,3,77,0,18,10,2011,3,14,25,1,2,2,US-65,,180,37.33330556,-93.168222220,0,1,0,0,1,1,3,0,1,1,0,1,0,0000000,14,25,14,42,15,18,0,0,0,1,0
29,290582,2,2,0,0,0,5,5,187,2670,24,10,2011,2,15,25,1,13,3,SR-32,SCHWARTZ LN,187,37.77905556,-90.392361110,0,12,1,0,3,1,1,0,1,1,0,1,0,0000000,15,40,15,48,16,31,0,0,0,1,0
29,290583,1,1,0,0,0,1,1,47,2600,27,10,2011,5,19,19,0,16,6,TRACY AVE,,0,39.35320556,-94.248927780,0,1,0,0,1,1,4,0,2,1,0,1,0,0000000,19,20,19,22,19,53,0,0,0,1,0
29,290584,2,2,0,0,0,2,2,27,2960,28,10,2011,6,11,31,1,12,2,US-54,,273,38.91129167,-91.942736110,0,12,1,0,1,1,1,0,1,1,0,1,0,0000000,11,30,11,36,12,14,0,0,0,1,0
29,290585,1,1,0,1,1,2,2,127,0,30,10,2011,1,18,51,0,2,2,US-24,,109,39.73783333,-91.509750000,0,8,0,0,1,1,1,0,2,1,0,1,0,0000000,99,98,99,98,88,88,0,0,0,1,0
29,290586,1,1,0,0,0,1,1,85,0,3,11,2011,5,21,45,0,4,3,SR-254,,11,37.89486667,-93.391866670,0,30,0,0,1,1,4,0,2,1,0,1,0,0000000,99,98,99,98,88,88,0,0,0,1,1
29,290587,1,1,0,0,0,1,1,93,0,5,11,2011,7,17,46,0,3,3,SR-49,,321,37.39211111,-90.694750000,0,59,0,0,1,1,4,0,1,1,0,1,0,0000000,99,98,99,98,99,98,0,0,0,1,1
29,290588,2,2,0,0,0,3,3,15,8130,12,11,2011,7,21,0,1,2,2,US-65,,216,38.24411111,-93.360250000,0,12,2,0,1,1,1,0,2,1,0,1,0,0000000,21,6,21,8,22,14,0,0,0,1,0
29,290589,1,1,0,0,0,2,2,15,0,13,11,2011,1,3,15,1,2,2,US-65,,266,38.18319444,-93.321305560,0,1,0,0,1,1,4,0,2,1,0,1,0,0000000,3,23,3,35,4,10,0,0,0,1,1
29,290590,1,1,0,0,0,1,1,27,0,13,11,2011,1,2,25,1,1,1,I-70,,101,38.95191667,-91.968000000,0,11,0,0,1,1,1,0,2,10,0,10,0,0000000,99,98,99,98,88,88,0,0,0,1,1
29,290591,2,2,0,0,0,3,3,71,0,12,11,2011,7,12,0,1,12,2,US-50,SR-AT,268,38.43805556,-90.916666670,0,12,2,0,3,2,1,0,1,1,0,1,0,0000000,99,99,99,99,99,99,0,0,0,1,0
29,290592,1,1,0,0,0,2,2,213,0,17,11,2011,5,23,20,0,6,4,EXPRESSWAY LN,,11,36.66250000,-93.266111110,0,35,0,0,1,1,4,0,3,1,0,1,0,0000000,99,99,99,99,99,99,0,0,0,1,0
29,290593,1,1,0,0,0,3,3,13,0,19,11,2011,7,12,55,0,4,3,SR-B,,53,38.09480556,-94.261083330,0,59,0,0,1,1,4,0,1,1,0,1,0,0000000,12,58,13,14,13,55,0,0,0,1,0
29,290594,2,2,0,0,0,4,4,105,0,20,11,2011,1,9,40,0,3,3,SR-5,CAMELOT CIR,247,37.55997222,-92.619444440,0,12,2,0,2,3,1,0,1,10,0,10,0,0000000,9,49,10,1,11,34,0,0,0,1,0
29,290595,1,1,0,0,0,1,1,189,5850,10,10,2011,2,12,11,1,11,1,I-44,,215,38.57591667,-90.377288890,0,24,0,0,1,1,4,0,1,1,0,1,0,0000000,12,12,12,18,13,3,0,0,0,1,0
29,290596,2,2,0,0,0,2,2,109,4940,16,11,2011,4,11,25,0,4,3,SR-14,SR-ZZ,3,37.00311111,-93.631083330,0,12,6,0,2,2,1,0,1,10,0,10,0,0000000,99,98,99,98,88,88,0,0,0,1,0
29,290597,2,2,0,0,0,2,2,23,0,14,11,2011,2,18,25,1,2,2,US-67,,195,36.68447222,-90.487333330,0,12,6,0,1,1,1,0,2,2,0,2,0,0000000,99,99,99,99,99,99,0,0,0,1,1
29,290598,2,2,0,0,0,3,3,149,0,8,11,2011,3,14,5,1,2,2,US-63,,16,36.62988889,-91.659527780,0,12,6,0,1,1,1,0,1,10,2,2,0,0000000,99,99,99,99,99,99,0,0,0,1,0
29,290599,3,3,0,0,0,4,4,149,0,14,11,2011,2,14,55,1,2,2,US-63,,9,36.63838889,-91.663916670,0,12,2,0,1,1,1,0,1,10,2,2,0,0000000,99,99,99,99,99,99,0,0,0,1,0
29,290600,1,1,0,0,0,1,1,177,8475,21,11,2011,2,6,0,0,2,3,SR-10,,19,39.33850000,-94.177277780,0,42,0,0,1,1,5,0,2,1,0,1,0,0000000,5,55,6,7,6,38,0,0,0,1,0
29,290601,2,2,0,0,0,2,2,143,0,17,11,2011,5,12,16,0,4,3,SR-H,SR-E,10,36.75863889,-89.665055560,0,12,6,0,2,2,1,0,1,1,0,1,0,0000000,12,20,12,35,13,31,0,0,0,1,0
29,290602,1,1,0,0,0,2,2,71,0,23,11,2011,4,12,31,0,3,3,SR-47,,220,38.31116667,-90.884916670,0,59,0,0,1,1,4,0,1,10,0,10,0,0000000,12,43,12,57,13,30,0,0,0,1,0
29,290603,1,1,0,0,0,2,2,85,0,5,11,2011,7,23,45,0,3,3,SR-F,,30,37.97816667,-93.146694440,0,34,0,0,1,1,4,0,2,10,0,10,0,0000000,99,98,99,98,88,88,0,0,0,2,1
29,290604,1,1,0,0,0,1,1,77,0,16,11,2011,4,9,45,0,4,4,47,,143,37.27666667,-93.548611110,0,10,0,0,6,1,1,0,1,1,0,1,0,669807K,99,98,99,98,88,88,0,0,0,1,0
29,290605,1,1,0,0,0,2,2,167,0,20,11,2011,1,2,7,0,4,3,SR-83,,143,37.63686111,-93.420777780,0,34,0,0,1,1,4,0,2,2,0,2,0,0000000,99,99,99,99,99,99,0,0,0,1,1
29,290606,1,1,0,0,0,1,1,13,0,4,10,2011,3,20,0,0,4,3,SR-V,,12,38.24863889,-94.496388890,0,35,0,0,1,1,4,0,2,1,0,1,0,0000000,20,4,20,41,21,31,0,0,0,1,0
29,290607,1,1,0,0,0,3,3,95,4120,17,11,2011,5,6,34,1,11,1,I-470,,49,38.93651389,-94.451825000,0,1,0,0,1,1,2,0,1,1,0,1,0,0000000,99,99,99,99,99,99,0,0,0,1,0
29,290608,2,2,0,0,0,2,2,95,4120,11,11,2011,6,15,26,0,3,3,SR-D HOLMES RD,,5,38.85582778,-94.586413890,0,12,2,0,1,1,1,0,1,1,0,1,0,0000000,99,99,99,99,99,99,0,0,0,1,1
29,290609,1,1,0,0,0,3,3,95,4120,18,11,2011,6,2,0,0,16,6,WALROND AVE,,3,39.07965833,-94.545827780,0,33,0,0,1,1,4,0,3,1,0,1,0,0000000,2,11,2,16,3,6,0,0,0,1,1
29,290610,1,1,0,0,0,2,2,95,4120,15,11,2011,3,0,57,0,14,6,RED BRIDGE RD,,25,38.92484722,-94.560125000,0,34,0,0,1,1,4,0,3,1,0,1,0,0000000,0,59,1,14,1,36,0,0,0,1,1
29,290611,2,2,0,0,0,2,2,37,0,9,10,2011,1,17,47,0,3,3,SR-7,RAFFURTY RD,49,38.76694444,-94.272250000,0,12,6,0,2,3,1,0,1,1,0,1,0,0000000,17,50,18,4,18,22,0,0,0,1,1
29,290612,1,1,0,1,1,1,1,145,4100,22,10,2011,7,12,3,1,11,1,I-44,,69,37.00870556,-94.554066670,0,8,0,0,1,1,1,0,1,1,0,1,0,0000000,99,98,99,98,88,88,0,0,0,1,0
29,290613,1,1,0,0,0,1,1,131,0,31,10,2011,2,9,35,0,3,3,SR-17,,269,38.03555556,-92.287666670,0,35,0,0,1,1,4,0,1,1,0,1,0,0000000,99,98,99,98,88,88,0,0,0,1,0
29,290614,2,2,0,0,0,2,2,203,0,7,11,2011,2,6,40,0,3,3,SR-19,,302,37.08358333,-91.351361110,0,12,6,0,1,1,1,0,1,10,0,10,0,0000000,6,49,6,58,99,99,0,0,0,1,0
29,290615,1,1,0,0,0,2,2,67,0,13,11,2011,1,5,0,0,3,3,SR-14,,290,36.88388889,-92.534444440,0,1,0,0,1,1,4,0,2,10,0,10,0,0000000,99,99,99,99,99,99,0,0,0,1,0
29,290616,2,2,0,0,0,3,3,169,0,18,11,2011,6,21,22,0,3,3,SR-28,,78,37.92483333,-92.099694440,0,12,2,0,1,1,1,0,2,1,0,1,0,0000000,99,99,99,99,99,99,0,0,0,3,1
29,290617,2,2,0,0,0,4,4,53,0,18,11,2011,6,21,35,1,1,1,I-70,,271,38.94944444,-93.032416670,0,12,1,0,1,1,1,0,2,1,0,1,0,0000000,99,98,99,98,88,88,0,0,0,3,0
29,290618,2,2,0,0,0,3,3,51,0,20,11,2011,1,2,33,1,2,2,US-54,,121,38.45416667,-92.299722220,0,12,2,0,1,1,1,0,2,1,0,1,0,0000000,2,35,2,41,3,22,0,0,0,1,0
29,290619,2,2,0,0,0,3,3,63,0,21,11,2011,2,8,35,1,2,2,US-36,SHARP RD,162,39.76222222,-94.507777780,0,12,6,0,2,2,1,0,1,10,0,10,0,0000000,8,48,8,51,9,21,0,0,0,1,0
29,290620,1,1,0,0,0,1,1,91,5490,21,11,2011,2,12,25,1,2,2,US-60,,205,36.99588889,-91.727583330,0,33,0,0,1,1,4,0,1,1,0,1,0,0000000,99,98,99,98,88,88,0,0,0,1,0
29,290621,1,1,0,0,0,2,2,201,0,25,11,2011,6,0,8,0,4,3,SR-H,,25,37.04666667,-89.528611110,0,58,0,0,1,1,4,0,2,1,0,1,0,0000000,0,9,0,28,1,5,0,0,0,1,0
29,290622,1,1,0,0,0,1,1,81,0,28,11,2011,2,8,35,0,3,2,US-136,,234,40.30138889,-93.817222220,0,35,0,0,1,1,4,0,1,1,0,1,0,0000000,8,37,8,49,9,18,0,0,0,1,0
29,290623,2,2,0,0,0,3,3,189,0,15,8,2011,2,16,15,0,4,3,SR-267,,304,38.46160833,-90.358944440,0,12,1,0,8,1,1,0,1,1,0,1,0,0000000,16,25,16,29,16,50,0,0,0,1,0
29,290624,2,2,0,0,0,2,2,77,7460,8,10,2011,7,7,48,1,12,3,SR-13 KANSAS EXPWY,BENNETT ST,166,37.18983889,-93.317686110,0,12,1,0,3,2,1,0,1,1,0,1,0,0000000,7,47,7,55,8,19,0,0,0,1,0
29,290625,1,1,0,0,0,2,2,145,4100,4,11,2011,6,9,48,1,1,1,I-44,,87,37.01114444,-94.544794440,0,24,0,0,1,1,3,0,1,1,0,1,0,0000000,99,99,99,99,99,99,0,0,0,1,1
29,290626,2,2,0,0,0,2,2,31,3980,4,11,2011,6,9,52,1,1,1,I-55,,92,37.44508611,-89.647650000,0,12,1,0,1,1,1,4,1,1,0,1,0,0000000,99,99,99,99,99,99,0,0,0,1,0
29,290627,1,1,0,0,0,1,1,189,0,15,11,2011,3,6,35,0,16,6,RANCH VIEW DR,PARKER RD,0,38.79662222,-90.235758330,0,33,0,0,3,3,4,0,3,1,0,1,0,0000000,99,99,99,99,99,99,0,0,0,1,0
29,290628,1,1,0,0,0,1,1,183,0,17,11,2011,5,1,0,0,15,3,SR-P,,67,38.84572222,-90.757111110,0,24,0,0,1,1,4,0,2,10,0,10,0,0000000,1,56,1,57,88,88,0,0,0,1,1