STATE,ST_CASE,VE_TOTAL,VE_FORMS,PVH_INVL,PEDS,PERNOTMVIT,PERMVIT,PERSONS,COUNTY,CITY,DAY,MONTH,YEAR,DAY_WEEK,HOUR,MINUTE,NHS,ROAD_FNC,ROUTE,TWAY_ID,TWAY_ID2,MILEPT,LATITUDE,LONGITUD,SP_JUR,HARM_EV,MAN_COLL,RELJCT1,RELJCT2,TYP_INT,REL_ROAD,WRK_ZONE,LGT_COND,WEATHER1,WEATHER2,WEATHER,SCH_BUS,RAIL,NOT_HOUR,NOT_MIN,ARR_HOUR,ARR_MIN,HOSP_HR,HOSP_MN,CF1,CF2,CF3,FATALS,DRUNK_DR
29,290629,2,2,0,0,0,2,2,93,290,18,11,2011,6,9,30,0,3,3,SR-21,SR-72,136,37.59177778,-90.624666670,0,12,2,0,2,3,1,0,1,1,0,1,0,0000000,9,51,10,14,99,99,0,0,0,1,0
29,290630,1,1,0,1,1,1,1,163,2544,18,11,2011,6,11,25,1,12,2,US-61,,2,39.23000000,-91.012222220,0,8,0,0,1,1,1,0,1,1,0,1,0,0000000,99,98,99,98,88,88,0,0,0,1,0
29,290631,1,1,0,0,0,3,3,95,3940,20,11,2011,1,0,53,0,16,6,PLEASANT AVE,,0,39.08185556,-94.421911110,0,10,0,0,6,1,1,0,3,1,0,1,0,441942U,1,7,1,10,1,40,0,0,0,1,1
29,290632,1,1,0,0,0,1,1,219,0,23,11,2011,4,21,15,0,6,4,HICKORY LICK RD,N HICKORY LICK RD,7,38.85930556,-91.111861110,0,42,0,0,2,3,5,0,2,10,0,10,0,0000000,21,28,21,37,88,88,0,0,0,1,1
29,290633,1,1,0,0,0,1,1,129,0,26,11,2011,7,23,59,0,2,2,US-65,,124,40.41472222,-93.578055560,0,38,0,0,1,1,4,0,2,5,10,5,0,0000000,99,98,99,98,88,88,0,0,0,1,0
29,290634,2,2,0,0,0,2,2,25,0,28,11,2011,2,8,45,0,4,3,SR-116,,203,39.57638889,-93.848333330,0,12,2,0,1,1,1,0,1,10,0,10,0,0000000,8,54,9,7,88,88,0,0,0,2,0
29,290635,1,1,0,0,0,1,1,221,0,29,11,2011,3,6,30,1,2,3,SR-8,,232,37.91152778,-90.707750000,0,42,0,0,1,1,4,0,1,3,0,3,0,0000000,6,30,6,38,6,53,0,0,0,1,0
29,290636,2,2,0,0,0,2,2,207,0,29,11,2011,3,6,30,0,3,3,SR-25,,321,36.71750000,-89.965555560,0,12,2,0,1,1,1,0,1,4,0,4,0,0000000,6,46,6,52,7,23,0,0,0,1,0
29,290637,2,2,0,0,0,4,4,71,0,29,11,2011,3,14,5,0,3,3,SR-30,HENDRICKS RD,114,38.30618333,-90.799980560,0,12,6,0,2,2,1,0,1,10,0,10,0,0000000,14,8,14,22,15,18,0,0,0,1,0
29,290638,1,1,0,1,1,1,1,225,0,30,11,2011,4,6,40,0,5,3,SR-O,,6,37.19313889,-92.826527780,0,49,0,0,1,1,1,0,1,1,0,1,0,0000000,6,46,7,17,7,46,0,0,0,1,0
29,290639,2,2,0,0,0,2,2,189,1575,1,12,2011,5,21,32,1,11,1,I-64,,48,38.66833333,-90.578611110,0,12,2,0,1,1,1,0,2,1,0,1,0,0000000,21,37,21,43,22,3,0,0,0,1,1
29,290640,2,2,0,0,0,5,5,49,0,1,12,2011,5,18,10,0,3,3,SR-116,US-69,204,39.55280556,-94.235750000,0,12,6,0,2,2,1,0,2,1,0,1,0,0000000,18,16,18,29,18,56,0,0,0,2,0
29,290641,1,1,0,0,0,1,1,55,0,2,12,2011,6,21,12,0,4,3,SR-M,,107,37.82388889,-91.437777780,0,1,0,0,1,1,4,0,2,2,0,2,0,0000000,21,11,21,23,22,18,0,0,0,1,0
29,290642,1,1,0,0,0,2,2,113,0,3,12,2011,7,17,17,0,5,3,SR-WW,,5,38.87527778,-91.002500000,0,42,0,0,1,1,4,0,2,2,0,2,0,0000000,17,15,17,30,18,1,0,0,0,1,0
29,290643,2,2,0,0,0,5,5,95,4120,3,12,2011,7,13,56,0,13,6,63 TRFWY,,21,39.01299722,-94.500061110,0,12,6,0,1,1,1,0,1,2,0,2,0,0000000,14,1,14,13,14,33,0,0,0,1,0
29,290644,1,1,0,0,0,4,4,71,0,4,12,2011,1,12,18,0,15,3,SR-AT,,22,38.45638889,-90.889722220,0,42,0,0,1,1,4,0,1,10,0,10,0,0000000,12,22,12,27,12,45,0,0,0,1,0
29,290645,1,1,0,0,0,1,1,19,0,4,12,2011,1,0,50,0,14,3,SR-WW,,9,38.94150000,-92.278833330,0,52,0,0,1,1,4,0,2,10,0,10,0,0000000,99,99,99,99,99,99,0,0,0,1,1
29,290646,1,1,0,0,0,1,1,151,0,5,12,2011,2,13,41,0,3,3,SR-89,,353,38.31941667,-91.754166670,0,38,0,0,1,1,4,0,1,10,0,10,0,0000000,13,44,13,49,88,88,0,0,0,1,0
29,290647,1,1,0,0,0,1,1,510,7080,7,12,2011,4,22,58,0,13,6,FOREST PARK PKWY,,9,38.64782222,-90.286497220,0,30,0,0,1,1,4,0,3,1,0,1,0,0000000,99,98,99,98,88,88,0,0,0,1,1
29,290648,2,2,0,0,0,2,2,105,0,10,12,2011,7,17,36,0,6,4,NELLY DR,,1,37.55330556,-92.726416670,0,12,2,0,1,1,1,0,2,1,0,1,0,0000000,99,99,99,99,99,99,0,0,0,1,0
29,290649,2,2,0,0,0,2,2,189,0,16,8,2011,3,6,5,0,13,3,SR-231,TOWNE WOODS,74,38.44470000,-90.316208330,0,12,6,0,2,2,1,0,1,1,0,1,0,0000000,6,8,6,14,6,39,0,0,0,1,0
29,290650,2,2,0,0,0,3,3,83,0,23,8,2011,3,15,45,1,2,3,SR-7,,265,38.36333333,-93.650472220,0,12,1,0,1,1,1,0,1,1,0,1,0,0000000,15,54,16,12,17,14,0,0,0,1,0
29,290651,1,1,0,1,1,1,1,19,1800,12,11,2011,7,23,17,0,14,3,SR-TT,,15,38.95326389,-92.399197220,0,8,0,0,1,1,1,0,3,1,0,1,0,0000000,23,15,23,21,23,47,0,0,0,1,1
29,290652,2,2,0,0,0,3,3,187,2190,16,11,2011,4,23,10,1,12,2,US-67,,126,37.87916667,-90.509722220,0,12,2,1,18,1,1,0,2,1,0,1,0,0000000,23,13,23,33,23,56,0,0,0,2,1
29,290653,3,3,0,0,0,5,5,43,6020,17,11,2011,5,17,15,0,14,3,SR-NN,SOUTHERNVIEW RD,5,37.08410000,-93.191225000,0,12,6,0,2,2,1,0,2,1,0,1,0,0000000,17,19,17,32,18,5,0,0,0,1,0
29,290654,2,2,0,0,0,3,3,213,0,21,11,2011,2,17,45,1,2,2,US-65,BRANSON CREEK BLVD,72,36.58850000,-93.231305560,0,12,6,0,2,2,1,0,2,5,0,5,0,0000000,18,44,18,44,19,29,0,0,0,1,0
29,290655,2,2,0,0,0,3,3,131,0,30,11,2011,4,15,45,0,3,3,SR-17,,125,38.19763889,-92.415472220,0,12,2,0,1,1,1,0,1,1,0,1,0,0000000,15,51,16,5,16,55,0,0,0,1,0
29,290656,1,1,0,1,1,1,1,183,2824,17,10,2011,2,16,49,0,6,4,CAPPELN OSAGE RD,,18,38.66453056,-90.942088890,0,8,0,0,1,1,1,0,1,10,0,10,0,0000000,99,99,99,99,99,99,0,0,0,1,0
29,290657,2,2,0,0,0,4,4,109,0,23,11,2011,4,17,15,0,3,3,SR-96,,79,37.19016667,-93.912138890,0,12,6,0,1,1,1,0,1,1,0,1,0,0000000,17,21,17,50,18,43,0,0,0,1,1
29,290658,3,3,0,0,0,3,3,145,2240,1,12,2011,5,17,0,0,3,3,SR-59,CHERRY RD,30,37.00983333,-94.315083330,0,12,2,0,1,1,1,0,1,1,0,1,0,0000000,99,99,99,99,99,99,14,0,0,1,0
29,290659,1,1,0,0,0,2,2,77,0,2,12,2011,6,3,50,0,4,3,SR-CC,,14,37.39491667,-93.325861110,0,34,0,0,1,1,4,0,2,1,0,1,0,0000000,3,57,4,15,5,4,0,0,0,1,1
29,290660,2,2,0,0,0,2,2,43,6020,3,12,2011,7,19,0,0,14,3,SR-NN,SOUTHERNVIEW RD,5,37.08403056,-93.191166670,0,12,6,0,2,2,1,0,2,2,0,2,0,0000000,99,99,99,99,99,99,0,0,0,1,0
29,290661,1,1,0,0,0,2,2,225,0,5,12,2011,2,8,10,0,6,4,OAK LAWN RD,,0,37.13835833,-92.745269440,0,10,0,0,6,1,1,0,1,10,0,10,0,667661M,99,98,99,98,88,88,0,0,0,2,0
29,290662,1,1,0,0,0,3,3,141,0,7,12,2011,4,20,10,0,4,3,SR-135,,144,38.53580556,-93.006916670,0,34,0,0,1,1,4,0,2,1,0,1,0,0000000,20,16,20,37,88,88,0,0,0,1,1
29,290663,1,1,0,0,0,1,1,141,0,12,12,2011,2,6,40,1,2,2,US-50,,28,38.68300000,-93.012472220,0,11,0,0,1,1,1,0,2,10,0,10,0,0000000,99,98,99,98,88,88,0,0,0,1,0
29,290664,1,1,0,0,0,2,2,113,7810,14,12,2011,4,1,15,0,15,3,SR-J,,9,38.96944444,-90.993611110,0,39,0,0,1,1,5,0,2,10,0,10,0,0000000,1,13,1,19,1,57,0,0,0,1,1
29,290665,2,2,0,0,0,2,2,189,0,16,12,2011,6,13,18,1,11,1,I-55,,52,38.59655556,-90.216000000,0,12,2,0,1,1,1,0,1,1,0,1,0,0000000,10,40,10,44,11,4,0,0,0,1,1
29,290666,1,1,0,0,0,1,1,161,0,17,12,2011,7,21,55,0,4,3,SR-D,,6,37.93083333,-92.011111110,0,59,0,0,1,1,4,0,2,1,0,1,0,0000000,22,6,22,26,22,57,0,0,0,1,1
29,290667,1,1,0,0,0,1,1,165,0,21,11,2011,2,5,53,0,4,3,SR-E,,48,39.44833611,-94.698344440,0,59,0,0,1,1,4,0,1,1,0,1,0,0000000,99,99,99,99,99,99,0,0,0,1,0
29,290668,2,2,0,0,0,6,6,183,7100,1,12,2011,5,0,18,1,11,1,I-70,,73,38.79861111,-90.606944440,0,12,1,0,1,1,1,0,2,1,0,1,0,0000000,1,16,1,26,1,40,0,0,0,1,1
29,290669,2,2,0,0,0,2,2,117,0,2,12,2011,6,16,40,1,2,2,US-36,SR-D,27,39.73722222,-93.708611110,0,12,6,0,2,2,1,0,1,1,0,1,0,0000000,16,45,16,57,17,24,0,0,0,1,0
29,290670,1,1,0,0,0,1,1,189,7665,22,12,2011,5,19,40,1,11,1,I-44,,181,38.54577778,-90.429027780,0,52,0,1,5,1,4,0,2,1,0,1,0,0000000,99,98,99,98,88,88,0,0,0,1,1
29,290671,1,1,0,0,0,1,1,35,0,28,10,2011,6,23,0,0,6,4,315,,0,37.02566667,-90.875138890,0,35,0,0,1,1,4,0,2,1,0,1,0,0000000,11,28,11,48,99,99,0,0,0,1,1
29,290672,1,1,0,0,0,4,4,97,0,2,12,2011,6,2,40,1,1,1,I-44,,18,37.07808333,-94.090833330,0,1,0,0,1,1,3,0,2,10,0,10,0,0000000,2,43,3,1,4,0,0,0,0,1,1
29,290673,2,2,0,0,0,3,3,97,0,2,12,2011,6,2,41,1,1,1,I-44,,18,37.07808333,-94.090833330,0,12,6,0,1,1,1,0,2,10,0,10,0,0000000,2,43,3,1,4,0,0,0,0,1,0
29,290674,2,2,0,0,0,2,2,73,0,7,12,2011,4,7,58,0,3,3,SR-19,,32,38.66813889,-91.441361110,0,12,6,0,1,1,1,0,1,1,0,1,0,0000000,8,2,8,7,8,37,0,0,0,1,0
29,290675,3,3,0,0,0,8,8,97,0,10,12,2011,7,14,25,1,12,3,SR-249,,38,37.09241667,-94.426055560,0,12,6,0,1,1,1,0,1,1,0,1,0,0000000,99,99,99,99,99,99,14,0,0,1,0
29,290676,1,1,0,0,0,2,2,31,0,10,12,2011,7,15,5,1,2,3,SR-72,,89,37.38538889,-89.712416670,0,33,0,0,1,1,4,0,1,1,0,1,0,0000000,15,10,15,15,15,38,0,0,0,2,0
29,290677,1,1,0,0,0,1,1,113,0,10,12,2011,7,21,0,0,4,3,SR-D,,84,39.00844444,-91.127583330,0,1,0,0,1,1,4,0,2,1,0,1,0,0000000,21,22,21,39,22,15,0,0,0,1,0
29,290678,1,1,0,1,1,1,1,67,0,12,12,2011,2,8,35,0,6,4,127,,4,37.02888889,-92.428888890,0,8,0,0,1,1,1,0,1,10,0,10,0,0000000,8,40,9,15,10,3,0,0,0,1,0
29,290679,1,1,0,0,0,4,4,143,3080,12,12,2011,2,22,20,0,4,3,SR-153,,185,36.44738889,-89.920166670,0,58,0,0,1,1,4,0,3,1,0,1,0,0000000,22,27,22,52,99,99,0,0,0,3,1
29,290680,1,1,0,0,0,1,1,113,0,16,12,2011,6,15,50,0,6,4,MCCLAY RD,,2,39.02800000,-90.791333330,0,42,0,0,1,1,4,0,1,1,0,1,0,0000000,15,46,15,54,16,26,0,0,0,1,0
29,290681,1,1,0,0,0,1,1,207,0,16,12,2011,6,23,15,0,6,4,271A,,2,37.01591667,-90.075388890,0,42,0,0,1,1,4,0,2,1,0,1,0,0000000,99,98,99,98,88,88,0,0,0,1,1
29,290682,1,1,0,0,0,1,1,93,0,19,12,2011,2,17,45,0,3,3,SR-32,,187,37.69741667,-90.891750000,0,35,0,0,1,1,4,0,2,10,5,5,0,0000000,17,57,18,14,88,88,0,0,0,1,0
29,290683,1,1,0,0,0,1,1,131,4327,18,8,2011,5,0,48,0,4,6,BAGNELL DAM,,32,38.20480556,-92.622569440,0,33,0,0,1,1,4,0,3,1,0,1,0,0000000,99,98,99,98,88,88,0,0,0,1,1
29,290684,1,1,0,1,1,1,1,9,0,14,12,2011,4,19,45,0,4,2,US-37 BUS,,5,36.70516667,-93.893472220,0,8,0,0,1,1,1,0,2,10,2,2,0,0000000,19,48,19,52,20,4,0,0,0,1,0
29,290685,2,2,0,0,0,2,2,91,0,21,12,2011,4,8,55,0,5,2,US-160,,125,36.66344444,-91.923611110,0,12,2,0,1,1,1,0,1,1,0,1,0,0000000,8,59,9,8,10,5,14,0,0,1,0
29,290686,1,1,0,0,0,1,1,169,0,25,12,2011,1,10,25,0,4,3,SR-133,,262,37.82361111,-92.405000000,0,35,0,0,1,1,4,0,1,1,0,1,0,0000000,10,29,10,34,11,39,0,0,0,1,0
29,290687,2,2,0,0,0,3,3,29,0,25,12,2011,1,13,20,1,2,3,SR-7,,51,38.11033333,-92.976194440,0,12,2,0,1,1,1,0,1,1,0,1,0,0000000,13,26,13,40,14,35,0,0,0,1,0
29,290688,2,2,0,0,0,2,2,27,0,27,12,2011,3,7,10,0,2,2,US-63,,21,38.60322222,-92.178222220,0,57,0,0,1,1,3,0,1,10,0,10,0,0000000,6,47,99,99,7,47,0,0,0,2,0
29,290689,1,1,0,0,0,1,1,123,0,27,12,2011,3,13,40,0,5,3,SR-Z,,33,37.53633333,-90.253250000,0,35,0,0,1,1,4,0,1,10,0,10,0,0000000,13,47,13,55,88,88,0,0,0,1,0
29,290690,2,2,0,0,0,3,3,63,0,29,12,2011,5,17,22,1,2,2,US-36,,133,39.76222222,-94.453888890,0,12,1,0,1,1,1,3,5,1,0,1,0,0000000,99,98,99,98,88,88,0,0,0,1,0
29,290691,1,1,0,1,1,1,1,189,0,21,10,2011,6,11,54,0,13,3,SR-231,JEFFERSON BARRACKS,24,38.51074167,-90.291983330,0,8,0,0,2,2,1,0,1,1,0,1,0,0000000,11,59,12,5,12,21,0,0,0,1,0
29,290692,1,1,0,0,0,2,2,99,1481,3,11,2011,5,1,0,0,14,3,SR-30,,63,38.33375000,-90.667500000,0,30,0,0,1,1,4,0,3,2,0,2,0,0000000,99,99,99,99,99,99,0,0,0,1,0
29,290693,2,2,0,0,0,3,3,95,3940,24,11,2011,5,13,29,0,12,2,US-40,VALLEY VIEW RD,134,39.02709167,-94.345388890,0,12,6,0,2,2,1,0,1,1,0,1,0,0000000,99,99,99,99,99,99,0,0,0,1,0
29,290694,1,1,0,0,0,1,1,189,7665,12,12,2011,2,2,18,1,11,1,I-270,SR-30,39,38.52432222,-90.397033330,0,43,0,1,5,1,10,0,3,1,0,1,0,0000000,2,20,2,24,2,48,0,0,0,1,0
29,290695,1,1,0,0,0,2,2,77,7460,18,12,2011,1,5,6,0,16,6,LINWOOD DR,,9,37.18448889,-93.228308330,0,30,0,0,1,1,4,0,3,1,0,1,0,0000000,5,9,5,17,5,37,0,0,0,1,1
29,290696,2,2,0,0,0,3,3,97,0,27,12,2011,3,12,5,0,6,4,CEDAR,,12,37.09669444,-94.287694440,0,12,2,0,1,1,1,0,1,1,0,1,0,0000000,99,99,99,99,99,99,0,0,0,1,0
29,290697,1,1,0,0,0,1,1,5,0,30,12,2011,6,17,55,0,2,2,US-136,,49,40.40386111,-95.560277780,0,35,0,0,1,1,4,0,2,1,0,1,0,0000000,17,59,18,17,19,4,0,0,0,1,1
29,290698,1,1,0,0,0,1,1,73,0,31,12,2011,7,22,30,0,4,3,SR-100,,29,38.66597222,-91.605777780,0,35,0,0,1,1,4,0,2,1,0,1,0,0000000,99,98,99,98,88,88,0,0,0,1,1
29,290699,2,2,0,0,0,2,2,77,7460,9,12,2011,6,23,20,1,13,2,US-60,,183,37.12762778,-93.230669440,0,12,6,1,18,1,1,1,2,1,0,1,0,0000000,23,22,23,29,23,42,0,0,0,1,0
29,290700,2,2,0,0,0,2,2,175,5270,17,12,2011,7,5,50,0,12,2,US-24,,164,39.43232778,-92.454094440,0,12,1,0,8,1,1,0,3,1,0,1,0,0000000,5,53,5,55,6,19,0,0,0,1,0
29,290701,1,1,0,0,0,5,5,510,7080,27,12,2011,3,0,46,1,11,1,I-55,,52,38.60997500,-90.209755560,0,24,0,1,18,1,3,0,3,4,0,4,0,0000000,0,46,1,5,1,18,0,0,0,1,0
29,290702,1,1,0,0,0,1,1,510,7080,27,12,2011,3,3,30,0,14,6,WATSON RD,,12,38.59781944,-90.300372220,0,42,0,0,1,1,4,0,3,10,4,4,0,0000000,99,99,99,99,99,99,0,0,0,1,1
29,290703,3,3,0,0,0,3,3,510,7080,16,9,2011,6,15,16,0,13,6,GRAVOIS AVE,,8,38.56988889,-90.285344440,0,12,1,0,1,1,1,0,1,1,0,1,0,0000000,15,19,15,31,15,56,0,0,0,1,0
29,290704,1,1,0,2,2,2,2,105,4480,6,11,2011,1,1,55,0,15,6,EVERGREEN PKWY,,12,37.66042500,-92.657391670,0,8,0,0,1,1,1,0,2,1,0,1,0,0000000,99,99,99,99,99,99,0,0,0,1,0
29,290705,1,1,0,1,1,1,1,95,4120,11,11,2011,6,6,37,0,15,6,VAN BRUNT BLVD,,1,39.10372500,-94.525841670,0,8,0,0,1,1,1,0,3,1,0,1,0,0000000,6,41,6,47,7,4,0,0,0,1,0
29,290706,2,2,0,0,0,2,2,95,4120,7,12,2011,4,22,43,1,11,1,I-670,,5,39.09630556,-94.576397220,0,12,2,0,1,1,1,0,2,1,0,1,0,0000000,99,98,99,98,88,88,0,0,0,1,0
29,290707,1,1,0,1,1,1,1,47,4120,8,12,2011,5,6,7,0,14,6,N BRIGHTON AVE,,31,39.22096389,-94.520869440,0,8,0,0,1,1,1,0,2,1,0,1,0,0000000,99,98,99,98,88,88,19,0,0,1,0
29,290708,1,1,0,1,1,1,1,77,7460,23,12,2011,6,18,23,0,16,6,HIGH ST,,31,37.23739167,-93.283547220,0,8,0,0,1,1,1,0,2,1,0,1,0,0000000,18,23,18,30,18,51,0,0,0,1,0
29,290709,1,1,0,0,0,2,2,27,0,26,12,2011,2,22,53,1,1,1,I-70,,252,38.95341667,-92.095777780,0,35,0,0,1,1,4,0,2,10,2,2,0,0000000,22,52,23,4,23,46,0,0,0,1,0
29,290710,1,1,0,0,0,4,4,183,7010,17,10,2011,2,19,20,0,15,4,GREENS BOTTOM RD,,14,38.70934167,-90.585919440,0,1,0,0,1,1,4,0,2,10,0,10,0,0000000,99,99,99,99,99,99,0,0,0,1,0
29,290712,1,1,0,0,0,2,2,165,0,21,12,2011,4,4,54,0,3,3,SR-45,,94,39.43536667,-94.921827780,0,42,0,0,1,1,4,0,2,8,0,8,0,0000000,4,54,5,22,6,5,0,0,0,1,0
29,290714,1,1,0,0,0,1,1,19,0,31,12,2011,7,0,21,0,6,4,WAGON TRAIL RD,,15,39.03396667,-92.316663890,0,42,0,0,1,1,4,0,2,1,0,1,0,0000000,0,26,0,37,0,57,0,0,0,1,0
29,290715,2,2,0,0,0,3,3,99,0,27,12,2011,3,20,43,0,3,3,SR-21,,291,38.11444444,-90.606111110,0,12,2,0,1,1,1,0,2,10,0,10,0,0000000,20,45,21,2,21,41,0,0,0,1,1
29,290716,2,2,0,0,0,2,2,119,200,30,7,2011,7,21,2,0,4,3,SR-76,,93,36.64723611,-94.472458330,0,12,2,0,1,1,1,0,2,1,0,1,0,0000000,99,99,99,99,99,99,0,0,0,1,1
29,290717,2,2,0,0,0,2,2,95,840,25,8,2011,5,21,35,0,15,6,LIGGETT RD,,0,38.99535000,-94.312997220,0,12,2,0,1,1,1,0,2,1,0,1,0,0000000,99,99,99,99,99,99,0,0,0,1,0
29,290718,1,1,0,0,0,2,2,47,4120,26,12,2011,2,10,20,1,12,3,SR-152,,24,39.25779722,-94.557502780,0,1,0,1,18,1,4,0,1,10,0,10,0,0000000,10,22,10,28,10,51,0,0,0,1,0
29,290719,1,1,0,0,0,1,1,71,0,6,11,2011,1,16,0,0,5,3,SR-HH,,37,38.40608333,-90.770138890,0,42,0,0,1,1,4,0,1,10,0,10,0,0000000,16,11,16,20,17,19,0,0,0,1,1
29,290720,2,2,0,0,0,4,4,169,2855,11,10,2011,3,15,21,0,6,6,IOWA AVE,,8,99.99990000,999.999900000,9,12,2,0,1,1,4,0,1,1,0,1,0,0000000,99,99,99,99,99,99,0,0,0,1,0
29,290721,1,1,0,1,1,1,1,95,4490,17,11,2011,5,22,50,1,12,2,US-50,,165,38.92122778,-94.402330560,0,8,0,0,1,1,1,0,2,1,0,1,0,0000000,99,98,99,98,88,88,0,0,0,1,0
29,290722,4,4,0,0,0,6,6,95,4490,16,12,2011,6,0,29,0,2,3,SR-291,DEERBROOK ST,75,38.93531389,-94.359550000,0,12,6,0,2,2,1,0,3,10,0,10,0,0000000,99,98,99,98,88,88,0,0,0,1,1
29,290723,2,2,0,0,0,6,6,47,4120,8,10,2011,7,9,53,1,12,2,US-169,,220,39.14599167,-94.586483330,0,12,2,0,1,1,1,0,1,1,0,1,0,0000000,10,26,10,31,10,49,0,0,0,1,0
29,290724,2,2,0,0,0,2,2,189,0,22,12,2011,5,14,45,1,11,1,I-44,,48,38.55267778,-90.420655560,0,12,7,0,1,1,1,0,1,10,0,10,0,0000000,99,99,99,99,99,99,0,0,0,1,0
29,290725,4,4,0,0,0,6,6,95,4120,30,11,2011,4,12,46,0,13,2,US-24,,49,39.10513611,-94.516636110,0,12,6,0,1,1,1,0,1,1,0,1,0,0000000,99,99,99,99,99,99,0,0,0,1,0
29,290726,2,2,0,0,0,3,3,77,7460,18,12,2011,1,15,40,0,13,6,SUNSHINE ST,GRANT AVE,23,37.18231389,-93.301658330,0,12,6,0,3,3,1,0,1,1,0,1,0,0000000,16,42,16,46,17,9,0,0,0,1,0
29,290727,1,1,0,0,0,1,1,145,0,3,12,2011,7,17,35,0,4,3,SR-43,,0,36.99055556,-94.551666670,0,53,0,0,1,1,4,0,2,2,0,2,0,0000000,99,99,99,99,99,99,0,0,0,1,0
30,300001,1,1,0,0,0,3,3,49,0,5,1,2011,4,20,45,1,2,3,SR-200,,1086,47.28806389,-112.172655560,0,1,0,0,1,1,4,0,2,11,0,11,0,0000000,21,20,22,26,23,43,0,0,0,1,0
30,300002,3,3,0,0,0,6,6,111,100,22,1,2011,7,19,53,1,13,2,US-87,WICKS LANE,0,45.82735000,-108.470936110,0,12,1,0,2,2,1,0,3,1,0,1,0,0000000,19,23,19,59,20,45,0,0,0,1,1
30,300003,2,2,0,0,0,3,3,31,0,23,1,2011,1,17,45,0,3,3,SR-86,,120,45.76431944,-110.877069440,0,12,2,0,1,1,1,0,2,10,11,11,0,0000000,99,99,99,99,99,99,4,0,0,1,1
30,300004,2,2,0,0,0,2,2,29,0,24,1,2011,2,10,28,1,2,2,US-93,,953,47.98658889,-114.199619440,0,12,8,0,1,1,1,0,1,10,0,10,0,0000000,10,32,10,38,11,14,0,0,0,1,0
30,300005,2,2,0,0,0,2,2,85,0,4,2,2011,6,20,25,1,2,2,US-2,,6057,48.13390556,-105.325119440,3,12,6,0,1,1,1,0,2,3,0,3,0,0000000,20,38,20,55,21,20,0,0,0,1,1
30,300006,2,2,0,0,0,2,2,63,830,1,2,2011,3,12,52,0,16,6,FLORENCE STREET,BLAINE STREET,0,46.85980833,-113.999827780,0,12,6,0,2,2,1,0,1,1,0,1,0,0000000,88,88,88,88,88,88,0,0,0,1,0
30,300007,1,1,0,0,0,1,1,97,0,30,1,2011,1,12,4,0,3,2,US-191,,240,46.15781389,-109.904716670,0,1,0,0,1,1,1,0,1,4,0,4,0,0000000,12,12,12,38,88,88,0,0,0,1,0
30,300008,1,1,0,0,0,1,1,13,0,11,2,2011,6,6,30,0,6,5,RAINBOW DAM ROAD,,0,47.53670278,-111.229833330,0,17,0,0,1,1,5,1,2,1,0,1,0,0000000,88,88,88,88,88,88,0,0,0,1,0
30,300009,2,1,1,0,1,1,2,89,0,22,2,2011,3,16,35,0,3,3,SR-200,,567,47.57946389,-115.235702780,0,23,0,0,1,1,5,2,1,4,0,4,0,0000000,16,27,16,33,17,37,0,0,0,1,1
30,300010,2,2,0,0,0,3,3,63,830,20,2,2011,1,2,3,1,13,2,US-12 BROOKS ST,DORE LANE,0,46.83794444,-114.035613890,0,12,6,0,2,2,1,0,3,10,0,10,0,0000000,2,5,2,10,2,27,0,0,0,1,2
30,300011,2,2,0,0,0,4,4,33,0,21,2,2011,2,9,55,1,2,3,SR-200,,1670,47.02679167,-107.709450000,0,12,2,0,1,1,1,0,1,1,0,1,0,0000000,10,15,10,56,99,99,0,0,0,2,0
30,300012,2,2,0,0,0,4,4,29,0,22,2,2011,3,17,35,1,2,2,US-2,,1820,48.26424722,-113.582147220,0,12,8,0,1,1,1,0,2,4,0,4,0,0000000,17,44,18,23,20,16,4,0,0,1,0
30,300013,2,2,0,0,0,2,2,45,0,26,2,2011,7,13,8,1,2,2,US-87,,570,47.02834167,-109.880452780,0,24,0,0,1,1,4,0,1,11,0,11,0,0000000,13,11,13,23,88,88,0,0,0,1,0
30,300014,2,2,0,0,0,2,2,83,420,21,2,2011,2,9,25,1,2,3,SR-200,SR-201,620,47.85633333,-104.044638890,0,12,6,0,2,2,1,0,1,1,0,1,0,0000000,9,30,9,37,11,2,0,0,0,1,0
30,300015,1,1,0,0,0,1,1,29,0,15,3,2011,3,12,10,0,3,3,SR-35,,475,48.21793889,-114.216100000,0,42,0,0,1,1,4,0,1,10,0,10,0,0000000,15,6,15,12,88,88,0,0,0,1,0
30,300016,1,1,0,1,1,1,1,31,60,5,3,2011,7,20,5,0,3,5,JACKRABBIT LANE,,0,45.77264167,-111.184922220,0,8,0,0,1,1,1,0,2,4,0,4,0,0000000,20,5,20,15,20,35,0,0,0,1,0
30,300017,1,1,0,0,0,3,3,31,0,23,3,2011,4,6,28,1,1,1,I-90 E,,3090,45.68644167,-111.016866670,0,1,0,0,1,1,4,0,2,1,0,1,0,0000000,6,36,6,43,7,30,0,0,0,1,0
30,300018,1,1,0,0,0,1,1,29,0,28,3,2011,2,4,15,1,2,2,US-93,,953,47.98665556,-114.199483330,0,1,0,0,1,1,4,0,2,5,0,5,0,0000000,4,19,4,24,88,88,0,0,0,1,0
30,300019,1,1,0,0,0,1,1,93,0,28,3,2011,2,7,18,1,1,1,I-90 E,,2110,46.06429167,-112.772727780,0,1,0,0,1,1,3,0,1,4,0,4,0,0000000,7,24,7,34,88,88,0,0,0,1,0