STATE,ST_CASE,VE_TOTAL,VE_FORMS,PVH_INVL,PEDS,PERNOTMVIT,PERMVIT,PERSONS,COUNTY,CITY,DAY,MONTH,YEAR,DAY_WEEK,HOUR,MINUTE,NHS,ROAD_FNC,ROUTE,TWAY_ID,TWAY_ID2,MILEPT,LATITUDE,LONGITUD,SP_JUR,HARM_EV,MAN_COLL,RELJCT1,RELJCT2,TYP_INT,REL_ROAD,WRK_ZONE,LGT_COND,WEATHER1,WEATHER2,WEATHER,SCH_BUS,RAIL,NOT_HOUR,NOT_MIN,ARR_HOUR,ARR_MIN,HOSP_HR,HOSP_MN,CF1,CF2,CF3,FATALS,DRUNK_DR
30,300020,3,3,0,0,0,4,4,111,0,1,4,2011,6,16,40,1,2,2,US-87,STONEHOUSE ROAD,219,46.08813611,-108.468058330,0,12,1,0,3,3,1,0,1,2,0,2,0,0000000,16,43,16,59,17,47,0,0,0,1,0
30,300021,2,2,0,0,0,2,2,29,0,2,4,2011,7,21,34,1,2,2,US-2,,1399,48.38006944,-114.125461110,0,12,2,0,1,1,1,0,2,11,0,11,0,0000000,21,37,21,59,22,36,0,0,0,1,1
30,300022,2,2,0,0,0,3,3,57,0,4,4,2011,2,19,30,0,3,3,SR-84,,10,45.57920556,-111.675766670,0,12,2,0,1,1,1,0,1,10,0,10,0,0000000,19,28,19,40,21,11,0,0,0,1,1
30,300023,2,2,0,0,0,5,5,63,0,11,4,2011,2,11,33,1,2,3,SR-200,,277,46.95590000,-113.423044440,0,12,2,0,1,1,1,0,1,10,0,10,0,0000000,11,36,12,6,13,1,0,0,0,1,0
30,300024,1,1,0,0,0,1,1,21,0,13,4,2011,4,0,35,1,2,3,SR-16,,217,47.32878889,-104.487358330,0,1,0,0,1,1,4,0,2,1,0,1,0,0000000,0,38,1,12,88,88,0,0,0,1,1
30,300025,1,1,0,0,0,1,1,81,0,15,4,2011,6,19,44,0,6,4,VICTOR CROSSING,,0,46.41463889,-114.114441670,0,34,0,0,1,1,4,0,5,1,0,1,0,0000000,19,46,19,49,88,88,0,0,0,1,1
30,300026,1,1,0,0,0,4,4,85,0,16,4,2011,7,8,30,0,4,3,SR-250,,78,48.19995278,-105.669225000,3,1,0,0,1,1,1,0,1,10,0,10,0,0000000,8,50,9,9,9,29,0,0,0,2,1
30,300027,1,1,0,0,0,4,4,53,0,20,4,2011,4,18,18,1,2,2,US-2,,787,48.02426944,-115.037630560,0,31,0,0,1,1,4,0,1,1,0,1,0,0000000,18,20,18,36,19,20,0,0,0,1,0
30,300028,1,1,0,0,0,1,1,111,635,24,4,2011,1,0,10,0,6,4,NAHMIS ROAD,,0,45.90036944,-108.312302780,0,38,0,0,1,1,4,0,2,1,0,1,0,0000000,0,36,0,46,88,88,0,0,0,1,1
30,300029,1,1,0,0,0,2,2,9,0,24,4,2011,1,3,30,1,2,2,US-310,,448,45.54735000,-108.845005560,0,35,0,0,1,1,4,0,2,1,0,1,0,0000000,12,19,12,31,13,20,0,0,0,1,1
30,300030,1,1,0,0,0,1,1,25,0,25,4,2011,2,2,30,0,3,3,SR-7,,147,46.08985556,-104.431577780,0,38,0,0,1,1,4,0,2,1,0,1,0,0000000,88,88,88,88,88,88,0,0,0,1,1
30,300031,2,2,0,0,0,4,4,111,100,27,4,2011,4,11,26,0,14,6,STATE AVENUE,6TH STREET,0,45.76797222,-108.530158330,0,12,6,0,2,2,1,0,1,1,0,1,0,0000000,11,26,11,33,11,46,0,0,0,2,0
30,300032,1,1,0,0,0,1,1,57,0,28,4,2011,5,11,50,0,3,3,SR-41,,559,45.71849444,-112.254611110,0,38,0,0,1,1,5,0,1,1,0,1,0,0000000,11,53,11,55,12,7,0,0,0,1,0
30,300033,1,1,0,0,0,1,1,81,0,1,5,2011,1,2,20,0,4,3,SR-203,,91,46.60818889,-114.037333330,0,42,0,0,1,1,4,0,2,10,0,10,0,0000000,2,35,2,38,88,88,0,0,0,1,1
30,300034,1,1,0,0,0,1,1,13,0,2,5,2011,2,20,39,0,6,4,VAUGHN S FRONTAGE RD,,64,47.52870000,-111.407522220,0,1,0,0,1,1,4,0,1,1,0,1,0,0000000,20,38,20,48,88,88,0,0,0,1,1
30,300035,1,1,0,0,0,1,1,5,0,7,5,2011,7,6,30,0,6,8,FORT BELKNAP RT 112,,9,48.02084444,-108.531533330,3,38,0,0,1,1,4,0,2,10,0,10,0,0000000,7,0,8,1,88,88,0,0,0,1,1
30,300036,1,1,0,0,0,8,8,3,0,12,5,2011,5,18,15,0,4,3,SR-463,,80,45.26351389,-107.479347220,3,42,0,0,1,1,4,0,1,10,0,10,0,0000000,18,19,18,25,19,48,0,0,0,1,1
30,300037,1,1,0,0,0,1,1,47,0,22,5,2011,1,4,5,1,2,2,US-93,,776,47.83449167,-114.345016670,3,31,0,0,1,1,4,0,2,1,0,1,0,0000000,4,13,4,30,5,44,0,0,0,1,1
30,300038,1,1,0,0,0,2,2,43,0,25,5,2011,4,16,20,0,6,8,FOREST SERV RD 8618,,43,45.93453056,-112.367200000,0,1,0,0,1,1,1,0,1,10,0,10,0,0000000,16,32,16,59,17,0,0,0,0,1,0
30,300039,1,1,0,0,0,3,3,111,0,27,5,2011,6,20,58,0,14,6,ZIMMERMAN TRAIL RD,,0,45.80331667,-108.595133330,0,25,0,0,1,1,4,0,2,2,0,2,0,0000000,20,59,21,8,21,32,0,0,0,2,1
30,300040,2,2,0,0,0,6,6,11,0,29,5,2011,1,13,55,1,2,2,US-212,,1260,45.10550000,-104.588766670,0,12,6,0,1,1,4,0,1,2,0,2,0,0000000,14,5,14,56,16,14,0,0,0,1,0
30,300041,1,1,0,0,0,1,1,89,0,4,6,2011,7,6,50,0,3,3,SR-200,,626,47.55128333,-115.115733330,0,11,0,0,1,1,1,0,1,1,0,1,0,0000000,7,0,7,17,88,88,0,0,0,1,0
30,300042,1,1,0,0,0,1,1,27,0,4,6,2011,7,13,20,1,2,2,US-191,,802,47.53273611,-108.751161110,0,1,0,0,1,1,4,0,1,1,0,1,0,0000000,13,45,14,5,88,88,0,0,0,1,1
30,300043,2,2,0,0,0,5,5,13,530,3,6,2011,6,23,9,1,13,2,US-87/ 10TH AVENUE,,0,47.49432778,-111.284208330,0,12,1,0,1,1,1,0,3,1,0,1,0,0000000,23,11,23,14,0,5,0,0,0,1,1
30,300044,2,2,0,0,0,4,4,43,0,8,6,2011,4,14,21,1,1,1,I-90 WEST,,2621,45.89156111,-111.853866670,0,12,1,0,1,1,1,0,1,10,0,10,0,0000000,14,21,14,37,15,19,0,0,0,2,0
30,300045,2,2,0,0,0,2,2,63,830,11,6,2011,7,4,20,0,13,6,ORANGE ST,5TH ST,0,46.86504722,-114.003583330,0,12,6,0,2,2,1,0,3,10,0,10,0,0000000,4,20,4,29,4,36,0,0,0,1,1
30,300046,1,1,0,0,0,3,3,87,0,13,6,2011,2,8,54,0,6,4,OLD HIGHWAY 10,,92,46.26854444,-106.478500000,0,59,0,0,1,1,4,0,1,1,0,1,0,0000000,8,54,9,6,9,29,0,0,0,1,0
30,300047,1,1,0,0,0,4,4,43,0,17,6,2011,6,7,23,1,1,1,I-90 E,,2430,45.90134722,-112.217183330,0,1,0,0,1,1,3,0,1,10,0,10,0,0000000,7,26,7,36,7,51,0,0,0,1,0
30,300048,1,1,0,0,0,1,1,31,0,24,6,2011,6,13,20,1,1,1,I-90 W,,3160,45.64808056,-110.873127780,0,31,0,0,1,1,4,0,1,1,0,1,0,0000000,13,21,99,99,88,88,0,0,0,1,0
30,300049,2,2,0,0,0,2,2,45,0,24,6,2011,6,21,30,1,2,2,US-87,,314,47.17700000,-110.320986110,0,12,2,0,1,1,1,0,5,10,0,10,0,0000000,21,43,21,54,88,88,0,0,0,1,1
30,300050,2,2,0,0,0,9,9,111,100,25,6,2011,7,22,56,0,14,6,WEST WICKS LANE,GLENHAVEN BLVD,0,45.82740000,-108.489933330,0,12,6,0,2,2,1,0,3,1,0,1,0,0000000,22,56,23,5,23,20,0,0,0,1,0
30,300051,1,1,0,0,0,6,6,77,0,13,6,2011,2,15,15,0,9,4,OLD STAGE ROAD,,0,46.45530278,-112.860852780,0,1,0,0,1,1,1,0,1,10,0,10,0,0000000,15,20,15,30,16,10,0,0,0,1,0
30,300052,1,1,0,0,0,2,2,87,0,30,6,2011,5,13,48,1,1,1,I-94,,898,46.25516667,-106.771905560,0,1,0,0,1,1,1,0,1,1,0,1,0,0000000,1,48,1,58,2,48,0,0,0,1,0
30,300053,1,1,0,0,0,1,1,79,0,1,7,2011,6,7,10,1,1,1,I-94 E,,1797,46.79606944,-105.238063890,0,24,0,0,1,1,4,0,1,2,0,2,0,0000000,88,88,88,88,88,88,0,0,0,1,0
30,300054,3,3,0,0,0,4,4,63,0,1,7,2011,6,13,15,0,3,3,SR-83,,11,47.01717500,-113.371869440,0,12,8,0,1,1,1,0,1,1,0,1,0,0000000,13,15,13,20,99,99,14,0,0,1,0
30,300055,2,2,0,0,0,2,2,81,0,2,7,2011,7,6,48,1,2,2,US-93,,456,46.22119167,-114.155297220,0,12,2,0,1,1,1,0,1,1,0,1,0,0000000,6,48,7,0,7,26,0,0,0,1,0
30,300056,2,2,0,0,0,6,6,47,0,2,7,2011,7,20,58,1,2,2,US-93,,233,47.22933611,-114.149119440,3,12,2,0,1,1,1,0,1,1,0,1,0,0000000,20,59,21,10,22,0,0,0,0,3,0
30,300057,2,2,0,0,0,2,2,55,0,29,6,2011,4,12,13,0,3,3,SR-13,,374,47.93999444,-105.513080560,0,12,8,0,1,1,1,0,1,1,0,1,0,0000000,12,18,12,24,13,14,0,0,0,1,0
30,300058,2,2,0,0,0,4,4,53,0,5,7,2011,3,15,35,1,2,2,US-2,LOGAN DRIVE,780,48.02740278,-115.050544440,0,12,6,0,2,3,1,0,1,1,0,1,0,0000000,15,39,15,53,88,88,0,0,0,2,0
30,300059,1,1,0,0,0,1,1,15,0,6,7,2011,4,0,50,1,2,2,US-87,,378,47.81427500,-110.732627780,0,1,0,0,1,1,4,0,2,1,0,1,0,0000000,0,56,0,59,88,88,0,0,0,1,1
30,300060,1,1,0,0,0,2,2,1,0,5,7,2011,3,19,40,0,3,3,SR-43,,274,45.62986944,-113.444850000,0,1,0,0,1,1,4,0,1,1,0,1,0,0000000,20,2,20,9,21,28,0,0,0,1,0
30,300061,1,1,0,0,0,1,1,59,0,11,7,2011,2,9,0,0,3,2,US-89,,153,46.77098333,-110.864883330,0,1,0,0,1,1,4,0,1,1,0,1,0,0000000,9,53,10,10,88,88,0,0,0,1,1
30,300062,1,1,0,0,0,1,1,111,100,5,7,2011,3,21,34,0,16,6,PA HOLLOW TRAIL,,0,45.81429722,-108.593147220,0,33,0,0,1,1,5,0,1,1,0,1,0,0000000,21,35,21,42,22,8,0,0,0,1,0
30,300063,1,1,0,0,0,1,1,89,0,14,7,2011,5,20,24,0,3,3,SR-200,,176,47.97491667,-115.729700000,0,35,0,0,1,1,4,0,1,1,0,1,0,0000000,20,24,20,29,88,88,0,0,0,1,1
30,300064,1,1,0,0,0,1,1,17,0,14,7,2011,5,23,0,0,3,2,US-12,,359,46.41999167,-105.073577780,0,1,0,0,1,1,4,0,2,1,0,1,0,0000000,23,0,23,10,88,88,0,0,0,1,1
30,300065,2,2,0,0,0,3,3,53,0,15,7,2011,6,12,14,1,2,2,US-2,,280,48.42979167,-115.627347220,0,12,8,0,1,1,1,0,1,10,0,10,0,0000000,12,15,12,22,88,88,0,0,0,1,0
30,300066,1,1,0,0,0,1,1,111,0,15,7,2011,6,17,10,1,1,1,I-94,,340,46.03976111,-107.799563890,0,31,0,0,1,1,4,0,1,1,0,1,0,0000000,17,22,17,47,88,88,0,0,0,1,0
30,300067,2,2,0,0,0,2,2,57,0,16,7,2011,7,15,40,0,3,3,SR-84,,60,45.58465556,-111.580108330,0,12,2,0,1,1,1,0,1,1,0,1,0,0000000,16,6,16,30,17,8,0,0,0,1,1
30,300068,1,1,0,1,1,1,1,95,0,18,7,2011,2,19,55,0,4,4,HIGHWAY 10,,84,45.59248056,-109.094108330,0,9,0,0,1,1,1,0,1,1,0,1,0,0000000,20,16,20,22,88,88,0,0,0,1,0
30,300069,1,1,0,0,0,3,3,29,0,19,7,2011,3,0,1,0,6,4,BEAVER LAKE ROAD,,0,48.42153333,-114.446572220,0,1,0,0,1,1,4,0,2,1,0,1,0,0000000,0,1,0,15,1,7,0,0,0,1,1
30,300070,1,1,0,0,0,1,1,13,0,19,7,2011,3,20,0,1,1,1,I-15,,2829,47.52616944,-111.385425000,0,1,0,0,1,1,1,0,1,1,0,1,0,0000000,20,3,20,10,88,88,0,0,0,1,0
30,300071,1,1,0,0,0,1,1,67,0,13,7,2011,4,13,52,0,16,6,WEST PARK STREET,,0,45.65633333,-110.569538890,0,33,0,0,1,1,5,0,1,1,0,1,0,0000000,13,54,13,56,14,14,0,0,0,1,0
30,300072,1,1,0,0,0,3,3,65,0,21,7,2011,5,0,30,0,3,2,US-12,,1563,46.32879167,-108.734394440,0,42,0,0,1,1,4,0,2,1,0,1,0,0000000,0,36,0,56,1,27,0,0,0,1,0
30,300073,1,1,0,0,0,1,1,111,0,21,7,2011,5,13,42,0,13,6,GRAND AVENUE,,0,45.78396944,-108.662680560,0,30,0,0,1,1,5,0,1,1,0,1,0,0000000,13,47,13,53,14,30,0,0,0,1,0
30,300074,1,1,0,0,0,1,1,49,0,20,7,2011,4,21,0,1,2,2,US-12,,480,46.59081944,-111.948061110,0,1,0,0,1,1,4,0,5,1,0,1,0,0000000,21,12,21,17,21,36,0,0,0,1,1
30,300075,1,1,0,0,0,1,1,1,0,24,7,2011,1,10,33,1,1,1,I-15,,850,45.52353611,-112.708194440,0,1,0,0,1,1,3,0,1,1,0,1,0,0000000,10,43,11,6,88,88,0,0,0,1,0
30,300076,1,1,0,0,0,3,3,57,0,24,7,2011,1,16,53,0,3,3,SR-287,,207,45.31986667,-112.057686110,0,31,0,0,1,1,4,0,1,1,0,1,0,0000000,16,55,17,14,17,33,0,0,0,1,1
30,300077,2,2,0,0,0,3,3,43,0,28,7,2011,5,12,0,1,1,1,I-90,,2383,45.91013056,-112.314800000,0,12,1,0,1,1,1,0,1,1,0,1,0,0000000,12,3,12,29,88,88,0,0,0,1,0
30,300078,3,3,0,0,0,7,7,63,0,31,7,2011,1,12,31,1,1,1,I-90,,1099,46.87880000,-113.897933330,0,12,6,0,1,1,1,0,1,1,0,1,0,0000000,12,31,12,33,12,53,0,0,0,1,1
30,300079,3,3,0,0,0,5,5,29,0,23,7,2011,7,17,33,0,99,8,GOING-TO-THE-SUN,,99999,48.71882778,-113.773555560,1,12,1,0,1,1,1,0,1,10,0,10,0,0000000,88,88,88,88,88,88,14,0,0,1,0
30,300080,1,1,0,0,0,2,2,67,0,3,8,2011,4,11,2,1,1,1,I-90,,3319,45.64681944,-110.596227780,0,1,0,0,1,1,1,0,1,1,0,1,0,0000000,11,4,11,10,11,25,0,0,0,1,0
30,300081,3,3,0,0,0,7,7,111,0,3,8,2011,4,20,5,1,2,2,US-87,,160,46.00171389,-108.467713890,0,12,2,0,1,1,1,0,1,1,0,1,0,0000000,20,9,20,27,21,0,0,0,0,3,0
30,300082,2,2,0,0,0,4,4,57,0,3,8,2011,4,22,56,0,3,2,US-287,,118,44.85588333,-111.543375000,0,12,2,0,1,1,1,0,2,10,0,10,0,0000000,23,6,23,28,88,88,0,0,0,3,0
30,300083,1,1,0,0,0,5,5,43,0,3,8,2011,4,12,45,1,1,1,I-90 E,,2639,45.90593611,-111.800841670,0,1,0,0,1,1,3,0,1,1,0,1,0,0000000,12,51,13,9,14,5,0,0,0,1,0
30,300084,1,1,0,0,0,1,1,65,0,5,8,2011,6,12,15,1,2,2,US-87,,430,46.37647778,-108.522375000,0,31,0,0,1,1,4,0,1,1,0,1,0,0000000,12,19,12,25,88,88,0,0,0,1,0
30,300085,2,2,0,0,0,2,2,5,0,6,8,2011,7,14,31,1,2,2,US-2,,4217,48.54959722,-108.851725000,0,12,8,0,1,1,1,0,1,1,0,1,0,0000000,14,38,14,49,88,88,0,0,0,1,1
30,300086,1,1,0,0,0,2,2,97,0,6,8,2011,7,18,55,0,3,4,HIGHWAY 10,,110,45.73305556,-109.742861110,0,38,0,0,1,1,4,0,1,1,0,1,0,0000000,18,53,19,9,99,99,0,0,0,1,1
30,300087,2,2,0,0,0,3,3,27,0,7,8,2011,1,10,15,1,2,2,US-87,SR-19,0,47.04056111,-108.803386110,0,12,6,0,2,2,1,0,1,1,0,1,0,0000000,10,30,10,35,88,88,0,0,0,2,0
30,300088,2,2,0,0,0,6,6,13,530,23,7,2011,7,23,32,0,14,6,38TH ST N,7TH AVENUE N,0,47.51270000,-111.241522220,0,12,6,0,2,2,1,0,3,1,0,1,0,0000000,23,33,23,39,23,55,0,0,0,1,1
30,300089,1,1,0,0,0,1,1,111,0,7,8,2011,1,11,2,1,1,1,I-90,,4487,45.75314722,-108.505088890,0,38,0,0,1,1,5,0,1,1,0,1,0,0000000,11,6,11,11,11,44,0,0,0,1,0
30,300090,1,1,0,0,0,1,1,3,0,9,8,2011,3,8,5,1,1,1,I-90,,5425,45.14748056,-107.372883330,3,1,0,0,1,1,4,0,1,10,0,10,0,0000000,8,22,8,57,88,88,0,0,0,1,0
30,300091,2,2,0,0,0,2,2,41,0,9,8,2011,3,7,30,1,2,2,US-2,,3886,48.56415556,-109.546352780,0,12,6,0,8,1,1,4,1,1,0,1,0,0000000,7,34,7,40,7,57,0,0,0,1,0
30,300092,1,1,0,0,0,2,2,29,0,13,8,2011,7,23,45,0,6,4,JUANITA WAY,,0,48.14577778,-114.312366670,0,53,0,0,1,1,4,0,2,1,0,1,0,0000000,0,6,0,20,0,45,0,0,0,1,1
30,300093,1,1,0,0,0,2,2,1,0,14,8,2011,1,12,20,1,1,1,I-15,,645,45.23507222,-112.639508330,0,35,0,0,1,1,3,0,1,1,0,1,0,0000000,12,23,12,27,13,25,0,0,0,1,0
30,300094,1,1,0,0,0,2,2,61,0,14,8,2011,1,22,40,1,1,1,I-90,,275,47.31165278,-115.210230560,0,31,0,0,1,1,3,0,1,1,0,1,0,0000000,22,42,22,46,23,34,0,0,0,1,1
30,300095,1,1,0,0,0,2,2,63,830,7,8,2011,1,16,34,0,16,6,RATTLESNAKE DRIVE,,0,46.89973333,-113.961330560,0,42,0,0,1,1,4,0,1,1,0,1,0,0000000,16,36,16,42,16,59,0,0,0,1,0
30,300096,2,2,0,0,0,4,4,105,0,19,8,2011,6,23,0,1,2,2,US-2,,489,48.05947500,-105.998313890,3,12,6,0,1,1,1,0,2,1,0,1,0,0000000,23,10,23,27,0,21,0,0,0,2,1
30,300097,1,1,0,0,0,8,8,37,0,21,8,2011,1,3,15,0,6,4,BERG ROAD,,31,46.17581389,-109.633219440,0,1,0,0,1,1,4,0,2,1,0,1,0,0000000,3,32,4,40,6,6,0,0,0,1,1
30,300098,1,1,0,0,0,1,1,35,0,21,8,2011,1,9,14,1,2,2,US-2,,2520,48.62441389,-112.388413890,3,31,0,0,1,1,4,0,1,1,0,1,0,0000000,9,15,9,23,9,46,0,0,0,1,0
30,300099,3,3,0,0,0,9,9,111,0,21,8,2011,1,1,5,1,1,1,I-90,,4500,45.76637500,-108.487641670,0,12,2,0,1,1,1,0,2,1,0,1,0,0000000,1,14,1,19,1,29,0,0,0,1,1
30,300100,2,2,0,0,0,2,2,13,0,23,8,2011,3,5,48,1,1,1,I-15,,2783,47.47733056,-111.353694440,0,12,1,0,7,1,1,4,2,10,0,10,0,0000000,5,50,5,55,88,88,0,0,0,1,0
30,300101,1,1,0,0,0,1,1,35,0,23,8,2011,3,17,20,0,6,4,BOULDER DRIVE,,0,48.90896667,-113.432419440,3,34,0,0,1,1,5,0,1,1,0,1,0,0000000,17,21,17,32,18,23,0,0,0,1,0
30,300102,1,1,0,0,0,1,1,71,0,24,8,2011,4,2,20,1,2,2,US-191,,8,48.36615278,-107.861930560,0,1,0,0,1,1,4,0,2,1,0,1,0,0000000,88,88,88,88,88,88,0,0,0,1,1
30,300103,1,1,0,0,0,2,2,73,0,24,8,2011,4,2,30,0,4,4,EAST LAKE ROAD,,0,48.26743611,-112.207213890,0,1,0,0,1,1,4,0,2,10,0,10,0,0000000,7,16,7,20,8,13,0,0,0,1,1
30,300104,1,1,0,0,0,1,1,83,0,24,8,2011,4,7,9,0,6,4,RICHLAND CO RD 350,,0,47.69121667,-104.163288890,0,1,0,0,1,1,4,0,1,1,0,1,0,0000000,7,12,7,25,8,8,0,0,0,1,0
30,300105,1,1,0,1,1,1,1,65,0,13,8,2011,7,13,25,0,9,2,US-2,,0,46.62022222,-107.821777780,0,8,0,0,1,1,4,0,1,1,0,1,0,0000000,13,30,13,41,88,88,0,0,0,1,0
30,300106,1,1,0,0,0,1,1,57,0,26,8,2011,6,11,15,0,4,4,RUBY DAM ROAD,,90,45.21731944,-112.120077780,0,24,0,0,1,1,4,0,1,1,0,1,0,0000000,88,88,88,88,88,88,18,0,0,1,1
30,300107,2,2,0,0,0,5,5,49,0,26,8,2011,6,19,30,1,2,3,SR-200,US-287,0,47.29002500,-112.163263890,0,12,6,0,2,2,1,0,1,1,0,1,0,0000000,19,54,20,23,99,99,0,0,0,1,1
30,300108,3,3,0,0,0,5,5,9,0,27,8,2011,7,18,17,1,2,2,US-310,,440,45.54018333,-108.847572220,0,12,8,0,1,1,1,0,1,1,0,1,0,0000000,18,35,18,53,19,27,0,0,0,1,0
30,300109,1,1,0,0,0,1,1,99,0,27,8,2011,7,5,9,0,4,4,SOUTH DIVISION ROAD,,0,47.61149722,-111.945636110,0,1,0,0,1,1,4,0,1,1,0,1,0,0000000,5,12,6,3,6,20,0,0,0,1,1
30,300110,3,3,0,0,0,3,3,57,0,29,8,2011,2,16,59,0,3,3,SR-41,,145,45.38129722,-112.453352780,0,1,0,0,1,1,1,0,1,1,0,1,0,0000000,17,4,17,50,18,47,0,0,0,1,0
30,300111,1,1,0,0,0,3,3,83,0,31,8,2011,4,4,26,0,3,3,SR-200,,596,47.68907222,-104.415375000,0,35,0,0,1,1,4,0,2,1,0,1,0,0000000,0,16,0,36,1,0,0,0,0,1,1
30,300112,2,2,0,0,0,2,2,29,0,1,9,2011,5,16,50,1,2,2,US-2,COTTONWOOD DRIVE,1231,48.21864444,-114.277222220,0,12,1,0,2,2,11,0,1,1,0,1,0,0000000,16,52,16,53,17,7,0,0,0,1,1
30,300113,2,2,0,0,0,3,3,45,0,2,9,2011,6,7,50,1,2,2,US-87,,412,47.09473889,-110.158550000,0,12,2,0,1,1,1,0,1,1,0,1,0,0000000,7,56,8,18,9,29,0,0,0,1,0
30,300114,2,2,0,0,0,2,2,7,0,8,9,2011,5,1,10,1,2,2,US-287,,1060,45.94047778,-111.597336110,0,12,2,0,1,1,1,0,2,1,0,1,0,0000000,1,12,1,40,3,25,0,0,0,1,1
30,300115,2,2,0,0,0,3,3,63,0,9,9,2011,6,21,40,1,2,2,US-93,,830,46.74524444,-114.082133330,0,1,0,0,1,1,1,0,3,1,0,1,0,0000000,21,45,21,46,22,15,14,0,0,1,1
30,300116,1,1,0,0,0,1,1,31,0,14,4,2011,5,17,35,0,6,4,ROCKY MOUNTAIN ROAD,,0,45.92396389,-111.077038890,0,1,0,0,1,1,4,0,1,1,0,1,0,0000000,17,38,17,58,18,26,0,0,0,1,0
30,300117,2,2,0,0,0,3,3,111,0,11,9,2011,1,20,10,1,2,3,SR-3,,232,45.99806111,-108.774416670,0,12,6,0,1,1,1,0,2,1,0,1,0,0000000,20,24,20,39,99,99,0,0,0,1,1
30,300118,1,1,0,0,0,1,1,31,780,31,8,2011,4,2,1,0,4,3,SR-346,,0,45.86036111,-111.326547220,0,34,0,0,1,1,4,0,2,1,0,1,0,0000000,2,1,2,5,88,88,0,0,0,1,1
30,300119,1,1,0,0,0,2,2,69,0,16,9,2011,6,16,45,1,2,3,SR-200,,1333,47.01125000,-108.402083330,0,1,0,0,1,1,4,0,1,10,0,10,0,0000000,16,49,16,58,99,99,0,0,0,1,1
30,300120,1,1,0,0,0,1,1,31,0,17,9,2011,7,2,51,0,6,4,DURSTON ROAD,,0,45.68550556,-111.120347220,0,34,0,0,1,1,4,0,2,2,0,2,0,0000000,4,25,4,36,88,88,0,0,0,1,1
30,300121,3,3,0,0,0,8,8,67,0,17,9,2011,7,19,7,1,2,2,US-89,,16,45.71841944,-110.467791670,0,12,8,0,1,1,1,0,1,10,0,10,0,0000000,19,9,19,16,20,9,0,0,0,1,0
30,300122,2,2,0,0,0,3,3,63,830,2,9,2011,6,14,0,1,13,6,BROOKS STREET,DORE LANE,0,46.83792778,-114.035605560,0,12,6,0,2,2,1,0,1,6,0,6,0,0000000,14,1,14,4,14,20,0,0,0,2,0
30,300123,2,2,0,0,0,2,2,111,0,24,9,2011,7,15,50,1,1,1,I-90,,4600,45.81081667,-108.331477780,0,12,7,0,1,1,1,0,1,1,0,1,0,0000000,15,53,15,58,88,88,0,0,0,1,0
30,300124,1,1,0,1,1,1,1,35,0,25,9,2011,1,1,51,1,2,2,US-2,,2140,48.47986667,-113.139791670,3,8,0,0,1,1,1,0,2,10,0,10,0,0000000,1,52,1,58,88,88,0,0,0,1,0
30,300125,1,1,0,0,0,1,1,79,0,26,9,2011,2,14,26,1,1,1,I-94,,1721,46.75297778,-105.379155560,0,1,0,0,1,1,4,0,1,1,0,1,0,0000000,14,21,14,30,14,45,0,0,0,1,0
30,300126,1,1,0,0,0,4,4,71,0,27,9,2011,3,1,20,0,5,4,LARB CREEK ROAD,,17,48.43651944,-107.331080560,0,34,0,0,1,1,4,0,2,1,0,1,0,0000000,1,23,1,50,2,47,0,0,0,1,1
30,300127,1,1,0,5,5,1,1,13,530,25,9,2011,1,1,53,1,13,2,US-87/ 10TH AVENUE,,0,47.49397222,-111.265291670,0,33,0,0,1,1,5,0,3,1,0,1,0,0000000,1,54,1,57,2,12,0,0,0,3,1
30,300128,1,1,0,0,0,1,1,19,0,30,9,2011,6,16,25,0,3,3,SR-5,,105,48.80229167,-105.201858330,0,52,0,0,1,1,4,0,2,1,0,1,0,0000000,16,27,16,30,16,38,0,0,0,1,0
30,300129,1,1,0,0,0,1,1,43,0,1,10,2011,7,17,40,0,6,8,QUEEN GULCH RD/FS 8578,,0,46.26762500,-111.924411110,0,1,0,0,1,1,1,0,1,1,0,1,0,0000000,17,48,18,30,88,88,0,0,0,1,0
30,300130,1,1,0,0,0,1,1,21,0,1,10,2011,7,21,30,1,2,3,SR-16,,76,47.20528611,-104.676277780,0,1,0,0,1,1,4,0,2,1,0,1,0,0000000,9,34,9,50,88,88,0,0,0,1,1
30,300131,2,2,0,0,0,2,2,83,0,3,10,2011,2,4,25,1,2,3,SR-16,,345,47.49063056,-104.342402780,0,12,2,0,1,1,1,0,2,1,0,1,0,0000000,4,29,4,39,88,88,0,0,0,1,0
30,300132,1,1,0,1,1,1,1,63,830,1,10,2011,7,20,23,0,13,6,ORANGE ST,PINE ST,0,46.87441667,-113.997688890,0,8,0,0,3,2,1,0,3,10,0,10,0,0000000,20,25,20,26,20,35,0,0,0,1,0
30,300133,1,1,0,0,0,1,1,43,0,6,10,2011,5,11,38,1,1,1,I-90,,2575,45.87635833,-111.928061110,0,1,0,0,1,1,3,0,1,2,0,2,0,0000000,11,37,12,7,12,42,0,0,0,1,0
30,300134,1,1,0,0,0,2,2,79,0,8,10,2011,7,18,44,1,1,1,I-94 E,,1866,46.85145000,-105.121558330,0,31,0,0,1,1,4,0,5,1,0,1,0,0000000,18,37,18,44,19,20,0,0,0,1,1
30,300135,2,2,0,0,0,3,3,31,0,10,10,2011,2,14,20,1,1,1,I-90,,2840,45.87768056,-111.410494440,0,12,1,0,1,1,1,0,1,1,0,1,0,0000000,14,23,99,99,99,99,0,0,0,1,0