STATE,ST_CASE,VE_TOTAL,VE_FORMS,PVH_INVL,PEDS,PERNOTMVIT,PERMVIT,PERSONS,COUNTY,CITY,DAY,MONTH,YEAR,DAY_WEEK,HOUR,MINUTE,NHS,ROAD_FNC,ROUTE,TWAY_ID,TWAY_ID2,MILEPT,LATITUDE,LONGITUD,SP_JUR,HARM_EV,MAN_COLL,RELJCT1,RELJCT2,TYP_INT,REL_ROAD,WRK_ZONE,LGT_COND,WEATHER1,WEATHER2,WEATHER,SCH_BUS,RAIL,NOT_HOUR,NOT_MIN,ARR_HOUR,ARR_MIN,HOSP_HR,HOSP_MN,CF1,CF2,CF3,FATALS,DRUNK_DR
30,300136,1,1,0,0,0,1,1,45,0,10,10,2011,2,21,15,1,2,2,US-87 / SR-3,,124,47.26110556,-110.686841670,0,35,0,0,1,1,4,0,1,1,0,1,0,0000000,18,48,19,3,88,88,0,0,0,1,1
30,300137,1,1,0,0,0,1,1,23,0,10,10,2011,2,23,55,0,4,4,FRONTAGE ROAD,,37,46.11614722,-112.800422220,0,1,0,0,1,1,4,0,2,10,0,10,0,0000000,0,1,0,12,88,88,0,0,0,1,1
30,300138,2,2,0,0,0,2,2,87,0,10,10,2011,2,5,25,1,1,1,I-94,,883,46.25124167,-106.799766670,0,12,1,0,1,1,1,0,2,1,0,1,0,0000000,5,28,5,36,6,16,0,0,0,1,0
30,300139,2,2,0,0,0,2,2,73,0,4,10,2011,3,6,50,0,3,3,SR-44,,276,48.30730278,-111.966400000,0,11,0,0,1,1,1,0,4,1,0,1,0,0000000,7,13,7,28,7,50,14,0,0,1,0
30,300140,1,1,0,0,0,1,1,81,0,14,10,2011,6,99,99,0,9,8,PUBLIC FISHING ACCESS,,220,46.52080556,-114.108541670,0,58,0,0,1,1,7,0,1,10,2,2,0,0000000,10,10,10,18,88,88,0,0,0,1,0
30,300141,1,1,0,0,0,1,1,13,0,18,10,2011,3,13,30,0,5,4,GIBSON FLATS ROAD,,0,47.46513333,-111.234919440,0,1,0,0,1,1,4,0,1,1,0,1,0,0000000,13,40,13,47,88,88,0,0,0,1,0
30,300142,1,1,0,0,0,1,1,111,0,10,10,2011,2,21,0,0,4,3,SR-416,,15,45.72305833,-108.523683330,0,35,0,0,1,1,4,0,2,10,0,10,0,0000000,21,9,21,16,21,56,0,0,0,1,1
30,300143,2,2,0,0,0,4,4,77,0,18,10,2011,3,3,0,1,1,1,I-90,,1608,46.61000556,-113.028941670,0,11,0,0,1,1,1,0,2,1,0,1,0,0000000,3,19,3,55,5,34,0,0,0,1,0
30,300144,1,1,0,0,0,2,2,41,0,19,10,2011,4,21,50,1,2,2,US-2,,3428,48.55329444,-110.536163890,0,1,0,0,1,1,1,0,2,1,0,1,0,0000000,21,55,22,0,22,45,0,0,0,1,0
30,300145,1,1,0,1,1,1,1,49,590,20,10,2011,5,17,35,1,1,1,I-15,,0,46.59069167,-111.999625000,0,8,0,1,5,1,1,0,1,10,0,10,0,0000000,5,35,5,39,5,52,0,0,0,1,0
30,300146,1,1,0,0,0,2,2,31,0,25,10,2011,3,2,35,0,4,3,SR-205,,80,45.87521944,-111.368066670,0,1,0,0,1,1,4,0,2,1,0,1,0,0000000,4,18,4,40,5,22,0,0,0,1,0
30,300147,1,1,0,0,0,1,1,111,0,9,10,2011,1,16,32,0,6,5,YELLOWSTONE RIVER ROAD,,0,45.81865000,-108.451047220,0,33,0,0,1,1,5,0,1,1,0,1,0,0000000,16,33,16,36,17,14,0,0,0,1,0
30,300148,2,2,0,0,0,2,2,31,1150,26,5,2011,5,18,23,0,6,5,MAIN STREET,,0,45.89566111,-111.552150000,0,12,6,0,1,1,1,0,1,1,0,1,0,0000000,99,99,99,99,99,99,0,0,0,1,1
30,300149,1,1,0,0,0,1,1,83,0,29,10,2011,7,1,30,1,2,3,SR-16,,486,47.66658889,-104.192147220,0,34,0,0,1,1,4,0,2,10,0,10,0,0000000,88,88,88,88,88,88,0,0,0,1,1
30,300150,1,1,0,0,0,1,1,63,0,29,10,2011,7,2,40,0,3,3,SR-83,,182,47.22006111,-113.523702780,0,42,0,0,1,1,4,0,2,2,0,2,0,0000000,88,88,88,88,88,88,0,0,0,1,1
30,300151,1,1,0,0,0,2,2,63,0,30,10,2011,1,14,0,0,6,8,FOREST SERVICE 21271,,18,46.80957222,-113.917536110,0,1,0,0,1,1,4,0,1,1,0,1,0,0000000,14,55,15,12,16,55,2,0,0,2,0
30,300152,2,2,0,0,0,3,3,35,170,31,10,2011,2,14,21,0,4,3,SR-464,HOSPITAL ROAD,0,48.56691944,-113.009933330,3,12,1,0,2,3,1,0,1,10,0,10,0,0000000,14,21,14,23,15,25,0,0,0,1,0
30,300153,1,1,0,1,1,1,1,49,590,24,10,2011,2,7,17,0,14,6,CUSTER AVENUE,NATIONAL AVENUE,0,46.61648333,-112.023888890,0,8,0,0,2,3,1,0,2,2,0,2,0,0000000,7,23,7,28,88,88,0,0,0,1,0
30,300154,1,1,0,0,0,2,2,83,0,1,11,2011,3,20,9,0,6,4,COUNTY ROAD 128,,0,47.76143889,-104.108577780,0,10,0,0,6,1,1,0,2,1,0,1,0,060670F,20,10,20,24,21,3,0,0,0,2,1
30,300155,1,1,0,0,0,1,1,39,0,1,11,2011,3,5,35,1,1,1,I-90 W,,1405,46.70338889,-113.381086110,0,1,0,0,1,1,3,0,2,10,0,10,0,0000000,5,46,6,15,88,88,0,0,0,1,0
30,300156,1,1,0,0,0,2,2,63,830,3,11,2011,5,23,40,0,15,6,EXPRESSWAY BLVD,,0,46.90703889,-114.050972220,0,34,0,0,1,1,4,0,2,1,0,1,0,0000000,23,40,23,51,0,10,0,0,0,1,1
30,300157,2,2,0,0,0,3,3,29,0,4,11,2011,6,13,45,1,2,2,US-2,,1272,48.27590833,-114.262858330,0,12,2,0,1,1,1,0,1,1,0,1,0,0000000,13,51,13,59,14,22,0,0,0,1,0
30,300158,2,2,0,0,0,2,2,111,0,6,11,2011,1,0,25,1,2,2,US-310,,520,45.64275833,-108.760297220,0,12,6,0,1,1,1,0,2,10,0,10,0,0000000,0,32,0,52,1,32,0,0,0,1,0
30,300159,1,1,0,0,0,1,1,67,0,2,11,2011,4,16,30,0,3,2,US-89,,105,45.82757778,-110.560655560,0,34,0,0,1,1,4,0,1,1,0,1,0,0000000,16,38,16,52,17,24,0,0,0,1,0
30,300160,2,2,0,0,0,2,2,49,0,13,11,2011,1,15,0,1,2,3,SR-200,,787,46.98213333,-112.541355560,0,12,6,0,1,1,1,0,1,4,0,4,0,0000000,15,3,15,20,17,36,0,0,0,1,0
30,300161,1,1,0,0,0,1,1,71,0,14,11,2011,2,22,0,0,4,3,SR-208,US-191,0,48.65480278,-107.735413890,0,34,0,0,3,3,5,0,2,10,0,10,0,0000000,22,42,23,13,23,42,0,0,0,1,1
30,300162,1,1,0,0,0,1,1,111,0,17,11,2011,5,20,30,1,1,1,I-94,,308,46.02152778,-107.842925000,0,11,0,0,1,1,1,0,2,1,0,1,0,0000000,20,36,21,5,88,88,0,0,0,1,0
30,300163,1,1,0,0,0,2,2,61,0,20,11,2011,1,9,35,1,1,1,I-90 W,,410,47.23208889,-115.002294440,0,34,0,0,1,1,5,0,1,10,0,10,0,0000000,9,44,9,55,10,19,0,0,0,1,0
30,300164,1,1,0,0,0,1,1,95,0,22,11,2011,3,21,26,1,1,1,I-90,,4150,45.60146111,-109.132058330,0,1,0,0,1,1,4,0,2,1,0,1,0,0000000,21,34,21,50,88,88,0,0,0,1,0
30,300165,2,2,0,0,0,7,7,35,0,24,11,2011,5,12,40,1,2,2,US-2,8TH AVENUE SE,2213,48.54766944,-113.009736110,3,12,6,0,2,3,1,0,1,1,0,1,0,0000000,12,41,12,46,13,4,0,0,0,1,1
30,300166,1,1,0,0,0,2,2,21,0,26,11,2011,7,12,14,1,1,1,I-94,,2255,47.07884444,-104.509216670,0,1,0,0,1,1,4,0,1,1,0,1,0,0000000,12,24,12,36,12,50,0,0,0,1,0
30,300167,1,1,0,0,0,2,2,35,0,27,11,2011,1,13,3,1,2,2,US-2,,2231,48.53445833,-112.979519440,3,1,0,0,1,1,4,0,1,6,0,6,0,0000000,13,4,13,6,13,32,0,0,0,1,0
30,300168,1,1,0,1,1,1,1,97,90,21,11,2011,2,17,16,0,6,6,W 1ST AVENUE,,0,45.83175556,-109.960863890,0,8,0,0,1,1,1,0,2,10,0,10,0,0000000,17,24,17,27,17,35,0,0,0,1,0
30,300169,1,1,0,0,0,2,2,111,100,4,12,2011,1,1,9,0,13,6,CENTRAL AVENUE,14TH STREET WEST,0,45.76974167,-108.551297220,0,19,0,0,3,2,5,0,3,1,0,1,0,0000000,1,9,1,15,88,88,0,0,0,1,1
30,300170,1,1,0,1,1,1,1,41,0,10,12,2011,7,4,11,1,2,2,US-87,,1064,48.50346111,-109.809861110,0,8,0,0,1,1,1,0,2,10,0,10,0,0000000,4,11,4,34,88,88,0,0,0,1,0
30,300171,1,1,0,0,0,1,1,85,0,10,12,2011,7,22,14,0,4,4,BIA ROUTE 1,,0,48.11705278,-104.957230560,3,1,0,0,1,1,4,0,2,1,0,1,0,0000000,22,23,22,35,88,88,20,0,0,1,1
30,300172,1,1,0,0,0,3,3,85,0,14,12,2011,4,0,35,0,4,8,BIA ROUTE 1,,0,48.14360000,-104.760802780,3,1,0,0,1,1,4,0,2,1,0,1,0,0000000,0,38,1,0,2,3,0,0,0,1,1
30,300173,1,1,0,0,0,3,3,49,590,9,12,2011,6,2,6,1,13,2,US-12,,0,46.59125278,-111.967255560,0,30,0,0,1,1,4,0,2,1,0,1,0,0000000,2,7,2,13,2,28,0,0,0,1,1
30,300174,1,1,0,1,1,1,1,5,0,14,12,2011,4,17,2,1,2,2,US-2,,4109,48.58470000,-109.079361110,0,8,0,0,1,1,1,0,2,10,0,10,0,0000000,17,4,17,16,17,53,23,0,0,1,0
30,300175,2,2,0,0,0,4,4,93,0,15,12,2011,5,9,43,1,1,1,I-90,,1234,46.00579167,-112.591077780,0,12,1,0,1,1,1,0,1,10,0,10,0,0000000,9,50,9,51,10,21,0,0,0,1,0
30,300176,1,1,0,0,0,3,3,29,0,15,12,2011,5,15,35,1,2,2,US-2,,1968,48.30052222,-113.377316670,0,24,0,0,1,1,4,0,1,4,0,4,0,0000000,15,53,16,46,18,35,0,0,0,1,0
30,300177,1,1,0,2,2,1,1,63,830,15,12,2011,5,18,38,0,16,6,UNION PACIFIC ST,RADIO WAY ST,0,46.88883611,-114.041286110,0,8,0,0,2,3,1,0,3,10,0,10,0,0000000,18,43,18,50,19,27,0,0,0,1,0
30,300178,1,1,0,0,0,2,2,3,0,15,12,2011,5,23,48,0,4,3,SR-313,,18,45.70724444,-107.621522220,3,31,0,0,1,1,4,0,2,10,0,10,0,0000000,23,54,99,99,0,25,20,0,0,1,1
30,300179,1,1,0,0,0,1,1,27,0,18,12,2011,1,0,20,0,3,3,SR-81,,194,47.29044444,-109.831327780,0,1,0,0,1,1,4,0,2,1,0,1,0,0000000,0,31,0,54,88,88,0,0,0,1,1
30,300180,1,1,0,0,0,1,1,111,0,13,12,2011,3,14,18,0,13,6,4TH AVENUE N,N 13TH ST,0,45.79362778,-108.489847220,0,30,0,0,2,2,5,0,1,1,0,1,0,0000000,14,18,14,23,14,42,0,0,0,1,1
30,300181,1,1,0,0,0,1,1,29,0,20,12,2011,3,19,27,0,6,4,FOOTHILL ROAD,,0,48.16644722,-114.027105560,0,42,0,0,1,1,4,0,2,10,0,10,0,0000000,19,30,19,52,20,16,0,0,0,1,1
30,300182,1,1,0,0,0,1,1,107,0,24,12,2011,7,12,0,0,6,4,ANTELOPE ROAD,,0,46.38067222,-109.485172220,0,1,0,0,1,1,4,0,1,1,0,1,0,0000000,13,29,14,33,88,88,0,0,0,1,1
30,300183,1,1,0,0,0,3,3,71,0,26,12,2011,2,20,20,0,6,4,BEAR GULCH ROAD,,0,47.91057222,-108.499908330,3,1,0,0,1,1,1,0,2,1,0,1,0,0000000,20,31,21,9,21,57,0,0,0,1,1
30,300184,2,2,0,0,0,2,2,63,830,27,12,2011,3,4,45,1,13,2,US-93,,0,46.87423611,-114.039244440,0,12,2,0,1,1,1,0,2,10,0,10,0,0000000,4,51,4,55,88,88,0,0,0,1,1
30,300185,2,2,0,0,0,5,5,3,0,29,12,2011,5,17,40,0,4,4,EAST FRONTAGE ROAD,,62,45.66052778,-107.486183330,3,12,2,0,1,1,1,0,2,10,0,10,0,0000000,17,48,17,55,18,15,0,0,0,4,1
30,300186,1,1,0,1,1,1,1,53,0,30,12,2011,6,0,26,1,2,2,US-93,,1812,48.91054722,-115.057408330,0,8,0,0,1,1,1,0,2,10,0,10,0,0000000,0,30,0,46,88,88,0,0,0,1,0
30,300187,1,1,0,1,1,1,1,29,680,22,12,2011,5,13,57,0,14,6,W CENTER STREET,2ND AVENUE WEST,0,48.19826389,-114.316813890,0,8,0,0,2,3,1,0,1,10,0,10,0,0000000,13,53,13,57,88,88,0,0,0,1,0
31,310001,1,1,0,0,0,1,1,97,4610,1,1,2011,7,0,30,0,6,5,BROADWAY STREET,TECUMSEH STREET,0,40.45981111,-96.383733330,0,42,0,0,3,3,4,0,3,1,0,1,0,0000000,99,99,99,99,99,99,0,0,0,1,1
31,310002,1,1,0,0,0,5,5,11,0,1,1,2011,7,14,22,0,3,3,SR-14,,1292,41.76738611,-98.080419440,0,35,0,0,1,1,4,0,1,1,0,1,0,0000000,99,99,99,99,99,99,0,0,0,1,0
31,310003,3,3,0,0,0,4,4,55,3620,5,1,2011,4,15,18,1,13,2,US-275,42ND STREET,1877,41.21259722,-95.976297220,0,12,6,0,2,2,1,0,1,10,0,10,0,0000000,99,99,99,99,99,99,0,0,0,1,0
31,310004,1,1,0,0,0,2,2,109,2830,6,1,2011,5,14,22,0,16,6,3201 S CODDINGTON,,0,40.78119167,-96.749727780,0,42,0,0,1,1,4,0,1,1,0,1,0,0000000,99,99,99,99,99,99,0,0,0,1,0
31,310005,1,1,0,0,0,1,1,109,2830,10,1,2011,2,6,0,1,13,2,US-77,,570,40.73803056,-96.716047220,0,30,0,0,1,1,4,0,3,4,0,4,0,0000000,88,88,88,88,88,88,0,0,0,1,0
31,310006,2,2,0,0,0,3,3,185,5360,17,1,2011,2,16,47,0,16,6,N LINCOLN AVE,,0,40.88165833,-97.593055560,0,12,6,0,1,1,1,0,1,10,0,10,0,0000000,99,99,99,99,99,99,0,0,0,1,0
31,310007,1,1,0,0,0,1,1,185,0,28,1,2011,6,10,0,0,6,4,COUNTY ROAD B,,0,41.03708889,-97.808016670,0,32,0,0,1,1,4,0,1,1,0,1,0,0000000,99,99,99,99,99,99,0,0,0,1,0
31,310008,1,1,0,0,0,1,1,109,2830,1,2,2011,3,22,47,0,16,6,NW 12TH STREET,,0,40.86453889,-96.737516670,0,33,0,0,1,1,4,0,3,10,4,4,0,0000000,99,99,99,99,99,99,0,0,0,1,1
31,310009,1,1,0,0,0,2,2,1,0,3,2,2011,5,9,40,0,3,2,US-281,,388,40.47411389,-98.403166670,0,5,0,0,1,1,2,0,1,1,0,1,0,0000000,99,99,99,99,99,99,0,0,0,1,0
31,310010,2,2,0,0,0,3,3,141,0,3,2,2011,5,15,30,1,2,2,US-30,265TH AVE,3722,41.40076389,-97.464866670,0,12,6,0,2,2,1,0,1,1,0,1,0,0000000,99,99,99,99,99,99,0,0,0,1,0
31,310011,1,1,0,0,0,1,1,111,0,10,2,2011,5,4,30,0,6,4,FRONT ST,,0,41.14789722,-100.875091670,0,53,0,0,1,1,4,0,2,1,0,1,0,0000000,88,88,88,88,88,88,0,0,0,1,1
31,310012,1,1,0,0,0,1,1,69,0,13,2,2011,1,15,15,0,6,4,COUNTY ROAD 197,,0,41.34318056,-102.169588890,0,10,0,0,6,1,1,0,1,1,0,1,0,816890T,88,88,88,88,88,88,0,0,0,1,0
31,310013,2,2,0,0,0,2,2,25,0,16,2,2011,4,5,42,0,3,3,SR-50,,681,40.88782222,-96.178780560,0,11,0,0,1,1,1,0,2,1,0,1,0,0000000,99,99,99,99,99,99,0,0,0,1,0
31,310014,1,1,0,0,0,1,1,141,1100,16,2,2011,4,21,57,0,16,6,17TH STREET,18TH AVE,0,41.43312222,-97.349144440,0,33,0,0,2,2,4,0,3,1,0,1,0,0000000,88,88,88,88,88,88,0,0,0,1,1
31,310015,2,2,0,0,0,2,2,109,2830,17,2,2011,5,7,34,1,13,3,SR-2,SOUTHWOOD DRIVE,4595,40.76986667,-96.689363890,0,12,6,0,2,2,1,0,1,10,0,10,0,0000000,99,99,99,99,99,99,0,0,0,1,0
31,310016,4,2,2,0,0,2,2,119,3480,18,2,2011,6,16,0,1,13,2,US-275,37TH STREET,728,42.03246389,-97.465725000,0,12,9,0,2,2,1,0,1,1,0,1,0,0000000,99,99,99,99,99,99,19,0,0,1,0
31,310017,1,1,0,0,0,1,1,155,0,24,2,2011,5,17,0,0,6,4,LITTLE SALT ROAD,COUNTY ROAD 7,0,41.03022500,-96.425372220,0,35,0,0,1,1,4,0,1,7,0,7,0,0000000,88,88,88,88,88,88,0,0,0,1,0
31,310018,2,2,0,0,0,3,3,19,0,24,2,2011,5,12,50,1,1,1,I-80,,2764,40.67386944,-99.166030560,0,12,6,0,1,1,1,0,1,3,0,3,0,0000000,88,88,88,88,88,88,0,0,0,1,0
31,310019,1,1,0,0,0,2,2,55,3620,27,2,2011,1,5,16,0,14,6,FORT STREET,,0,41.30676111,-96.068400000,0,33,0,0,1,1,3,0,3,5,0,5,0,0000000,99,99,99,99,99,99,0,0,0,1,1
31,310020,2,2,0,0,0,2,2,119,0,7,3,2011,2,8,30,1,2,2,US-81,,1527,41.96970000,-97.422808330,0,12,6,0,1,1,1,0,1,4,0,4,0,0000000,99,99,99,99,99,99,0,0,0,1,0
31,310021,1,1,0,0,0,2,2,55,3620,11,3,2011,6,22,43,1,13,3,SR-64,,731,41.28517500,-96.037675000,0,30,0,0,1,1,4,0,3,1,0,1,0,0000000,99,99,99,99,99,99,0,0,0,1,0
31,310022,2,2,0,0,0,7,7,53,0,13,3,2011,1,18,42,1,2,2,US-77,SR-91,1207,41.53800833,-96.498927780,0,12,6,0,2,3,1,0,1,1,0,1,0,0000000,99,99,99,99,99,99,0,0,0,1,0
31,310023,2,2,0,0,0,4,4,19,0,17,3,2011,5,15,32,0,3,3,SR-10,,755,40.96311389,-99.083205560,0,12,6,0,1,1,1,0,1,10,0,10,0,0000000,99,99,99,99,99,99,0,0,0,1,0
31,310024,2,2,0,0,0,3,3,165,0,17,3,2011,5,18,26,0,3,3,SR-71,,749,42.03297500,-103.680038890,0,12,6,0,1,1,1,0,1,1,0,1,0,0000000,99,99,99,99,99,99,0,0,0,1,0
31,310025,1,1,0,0,0,3,3,107,4295,20,3,2011,1,21,35,0,16,5,VETERANS MEMORIAL DR,,0,42.83947222,-97.850888890,3,35,0,0,1,1,4,0,3,1,0,1,0,0000000,99,99,99,99,99,99,0,0,0,1,1
31,310026,2,2,0,0,0,2,2,79,2090,21,3,2011,2,12,0,0,16,6,OKLAHOMA AVE,GREENWICH AVE,0,40.91409722,-98.344330560,0,12,6,0,2,2,1,0,1,10,0,10,0,0000000,99,99,99,99,99,99,0,0,0,1,0
31,310027,2,2,0,0,0,2,2,55,3620,23,3,2011,4,2,32,1,13,2,US-275,,1873,41.21256111,-95.985230560,0,12,1,0,1,1,1,0,3,10,0,10,0,0000000,99,99,99,99,99,99,0,0,0,1,0
31,310028,2,2,0,0,0,2,2,111,0,27,3,2011,1,2,17,1,1,1,I-80,,1847,41.09487778,-100.662230560,0,12,6,0,1,1,1,0,2,3,5,3,0,0000000,99,99,99,99,99,99,0,0,0,1,0
31,310029,1,1,0,0,0,1,1,25,0,29,3,2011,3,22,30,0,2,2,US-34,,3586,40.81380833,-96.061705560,0,42,0,0,1,1,4,0,2,1,0,1,0,0000000,88,88,88,88,88,88,0,0,0,1,1
31,310030,2,2,0,0,0,8,8,79,2090,29,3,2011,3,5,10,1,13,2,US-30,,3138,40.91586389,-98.368019440,0,24,0,0,1,1,4,0,3,3,0,3,0,0000000,99,99,99,99,99,99,0,0,0,1,0
31,310031,2,2,0,0,0,2,2,131,0,30,3,2011,4,11,24,1,2,3,SR-2,SR-67,4968,40.67595000,-96.030636110,0,12,1,0,2,2,1,0,1,1,0,1,0,0000000,99,99,99,99,99,99,0,0,0,1,0
31,310032,2,2,0,0,0,2,2,19,0,1,4,2011,6,14,0,0,6,4,78TH RD,ANTELOPE AVE,0,40.75037778,-99.046038890,0,12,6,0,2,2,1,0,1,1,0,1,0,0000000,99,99,99,99,99,99,0,0,0,1,0
31,310033,1,1,0,0,0,1,1,157,0,3,4,2011,1,19,19,0,3,3,SR-92,,173,41.86623611,-103.776683330,0,1,0,0,1,1,1,0,5,1,0,1,0,0000000,88,88,88,88,88,88,0,0,0,1,1
31,310034,2,2,0,0,0,4,4,55,3620,6,4,2011,4,7,30,0,16,6,333 S 132 STREET,,0,41.25813056,-96.119900000,0,12,2,0,1,1,1,0,1,1,0,1,0,0000000,99,99,99,99,99,99,0,0,0,1,0
31,310035,2,2,0,0,0,2,2,141,0,8,4,2011,6,16,45,0,5,4,400TH AVE,430TH ST,0,41.65675278,-97.678413890,0,12,6,0,2,2,1,0,1,10,0,10,0,0000000,99,99,99,99,99,99,0,0,0,1,0
31,310036,1,1,0,0,0,1,1,155,0,22,4,2011,6,99,99,0,4,4,COUNTY ROAD A,,0,41.06175000,-96.710586110,0,34,0,0,1,1,4,0,9,99,0,99,0,0000000,88,88,88,88,88,88,0,0,0,1,0
31,310037,1,1,0,0,0,1,1,147,0,23,4,2011,7,23,0,0,6,4,709 ROAD,652 AVE,0,40.11798889,-95.616072220,0,24,0,0,3,3,4,0,2,1,0,1,0,0000000,88,88,88,88,88,88,0,0,0,1,1
31,310038,1,1,0,0,0,1,1,99,0,23,4,2011,7,99,99,0,6,4,36 ROAD,,0,40.43231389,-98.876266670,0,1,0,0,1,1,4,0,2,10,0,10,0,0000000,88,88,88,88,88,88,0,0,0,1,1
31,310039,1,1,0,0,0,2,2,151,0,24,4,2011,1,13,43,0,6,4,COUNTY ROAD O,,0,40.49500278,-96.982155560,0,44,0,0,1,1,1,0,1,1,0,1,0,0000000,99,99,99,99,99,99,0,0,0,1,0
31,310040,1,1,0,0,0,1,1,161,0,25,4,2011,2,20,40,1,2,2,US-20,,754,42.69978333,-102.600716670,0,11,0,0,1,1,1,0,2,1,0,1,0,0000000,99,99,99,99,99,99,0,0,0,1,0
31,310041,1,1,0,0,0,2,2,17,0,2,5,2011,2,17,40,0,3,2,US-183,,2050,42.68243611,-99.768905560,0,1,0,0,1,1,4,0,1,1,0,1,0,0000000,99,99,99,99,99,99,0,0,0,1,0
31,310042,2,2,0,0,0,3,3,67,0,2,5,2011,2,18,20,0,6,4,E BIRCH RD,S 110 ROAD,0,40.45099722,-96.573258330,0,12,6,0,3,2,1,0,1,1,0,1,0,0000000,99,99,99,99,99,99,0,0,0,1,0
31,310043,1,1,0,1,1,2,2,55,3620,3,5,2011,3,16,26,1,11,1,I-680,,16,41.24438611,-96.085911110,0,8,0,0,1,1,1,0,1,1,0,1,0,0000000,99,99,99,99,99,99,0,0,0,1,0
31,310044,2,2,0,0,0,2,2,55,3620,7,5,2011,7,11,46,1,13,3,SR-64,88TH STREET,728,41.28506389,-96.048788890,0,12,6,0,2,2,1,0,1,10,0,10,0,0000000,99,99,99,99,99,99,0,0,0,1,0
31,310045,3,3,0,0,0,4,4,55,3620,8,5,2011,1,8,38,0,16,6,108TH STREET,I STREET,0,41.21624167,-96.081619440,0,12,6,0,2,2,1,0,1,1,0,1,0,0000000,99,99,99,99,99,99,0,0,0,1,0
31,310046,2,2,0,0,0,4,4,53,0,11,5,2011,4,15,45,1,2,2,US-30,,4080,41.46640000,-96.854438890,0,12,6,0,1,1,1,0,1,2,6,2,0,0000000,99,99,99,99,99,99,0,0,0,1,0
31,310047,2,2,0,0,0,3,3,99,0,12,5,2011,5,17,53,1,2,2,US-6,SR-44,1741,40.48390556,-99.086894440,0,12,6,0,3,4,1,0,1,2,0,2,0,0000000,99,99,99,99,99,99,0,0,0,1,0
31,310048,2,2,0,0,0,3,3,55,3620,12,5,2011,5,18,10,0,13,6,AMES AVENUE,,0,41.29968611,-95.987913890,0,12,2,0,1,1,1,0,1,10,0,10,0,0000000,99,99,99,99,99,99,0,0,0,1,1
31,310049,2,2,0,0,0,4,4,141,0,14,5,2011,7,17,13,1,2,2,US-81,SR-91,1333,41.70034444,-97.465552780,0,12,6,0,2,2,1,0,1,10,0,10,0,0000000,99,99,99,99,99,99,0,0,0,2,0
31,310050,1,1,0,0,0,1,1,109,0,18,5,2011,4,6,23,1,1,1,I-80,,4108,40.91013889,-96.488113890,0,20,0,0,1,1,3,1,1,1,0,1,0,0000000,99,99,99,99,99,99,0,0,0,1,0
31,310051,1,1,0,0,0,1,1,55,3620,19,5,2011,5,2,26,1,13,1,I-480,,5,41.26322778,-95.951241670,0,31,0,0,1,1,4,0,3,10,0,10,0,0000000,99,99,99,99,99,99,0,0,0,1,1
31,310052,1,1,0,1,1,2,2,109,2830,19,5,2011,5,22,35,1,13,2,US-34,,3249,40.81363056,-96.703377780,0,8,0,0,1,1,1,0,3,2,0,2,0,0000000,99,99,99,99,99,99,0,0,0,1,0
31,310053,1,1,0,0,0,1,1,123,0,20,5,2011,6,20,36,1,2,3,SR-385,,590,41.49932222,-102.985838890,0,11,0,0,1,1,1,0,5,1,0,1,0,0000000,99,99,99,99,99,99,0,0,0,1,1
31,310054,1,1,0,0,0,3,3,23,0,23,5,2011,2,23,57,0,6,4,COUNTY ROAD 30,,0,41.17658611,-97.026786110,0,30,0,0,1,1,4,0,2,1,0,1,0,0000000,99,99,99,99,99,99,0,0,0,1,1
31,310055,2,2,0,0,0,5,5,1,0,24,5,2011,3,9,35,0,6,4,SHOWBOAT BLVD,42ND ST,0,40.62646111,-98.478011110,0,12,6,0,2,2,1,0,1,2,0,2,0,0000000,99,99,99,99,99,99,0,0,0,1,0
31,310056,1,1,0,1,1,1,1,31,0,30,5,2011,2,99,99,1,2,2,US-20,,1850,42.92814722,-100.774325000,0,8,0,0,1,1,2,0,2,2,5,2,0,0000000,88,88,88,88,88,88,0,0,0,1,0
31,310057,2,2,0,0,0,3,3,59,0,2,6,2011,5,9,46,1,2,2,US-81,CO RD 13,401,40.55659167,-97.592755560,0,12,6,0,2,3,1,0,1,1,0,1,0,0000000,99,99,99,99,99,99,0,0,0,1,0
31,310058,2,2,0,0,0,3,3,25,0,3,6,2011,6,9,0,1,1,1,I-80,,4192,40.95617778,-96.411552780,0,12,1,0,1,1,1,1,1,6,0,6,0,0000000,99,99,99,99,99,99,0,0,0,1,0
31,310059,1,1,0,0,0,1,1,137,0,5,6,2011,1,18,10,0,6,4,O RD,734 RD,0,40.48325278,-99.360694440,0,1,0,0,2,2,1,0,1,1,0,1,0,0000000,99,99,99,99,99,99,0,0,0,1,1
31,310060,1,1,0,0,0,1,1,157,0,9,6,2011,5,22,36,0,4,4,STONEGATE RD,,0,41.91045278,-103.498763890,0,1,0,0,1,1,1,0,2,2,0,2,0,0000000,99,99,99,99,99,99,0,0,0,1,1
31,310061,2,2,0,0,0,4,4,109,0,7,6,2011,3,11,31,0,3,3,SR-79,WEST RAYMOND RD,50,40.95941944,-96.796761110,0,12,6,0,2,2,1,0,1,6,0,6,0,0000000,99,99,99,99,99,99,0,0,0,2,0
31,310062,2,2,0,0,0,3,3,119,3480,8,6,2011,4,4,34,1,13,2,US-81,BENJAMIN AVE,1580,42.04744444,-97.426758330,0,12,6,0,2,2,1,0,3,1,0,1,0,0000000,99,99,99,99,99,99,0,0,0,2,0