STATE,ST_CASE,VE_TOTAL,VE_FORMS,PVH_INVL,PEDS,PERNOTMVIT,PERMVIT,PERSONS,COUNTY,CITY,DAY,MONTH,YEAR,DAY_WEEK,HOUR,MINUTE,NHS,ROAD_FNC,ROUTE,TWAY_ID,TWAY_ID2,MILEPT,LATITUDE,LONGITUD,SP_JUR,HARM_EV,MAN_COLL,RELJCT1,RELJCT2,TYP_INT,REL_ROAD,WRK_ZONE,LGT_COND,WEATHER1,WEATHER2,WEATHER,SCH_BUS,RAIL,NOT_HOUR,NOT_MIN,ARR_HOUR,ARR_MIN,HOSP_HR,HOSP_MN,CF1,CF2,CF3,FATALS,DRUNK_DR
31,310063,1,1,0,0,0,2,2,109,2830,9,6,2011,5,4,40,0,16,6,N 66TH ST,DUDLEY ST,0,40.82569444,-96.632202780,0,33,0,0,3,2,4,0,3,1,0,1,0,0000000,99,99,99,99,99,99,0,0,0,1,0
31,310064,2,2,0,0,0,3,3,43,0,9,6,2011,5,16,10,1,2,2,US-20,,4200,42.44822500,-96.522788890,0,12,2,0,1,1,1,0,1,2,10,2,0,0000000,99,99,99,99,99,99,0,0,0,2,0
31,310065,1,1,0,0,0,1,1,119,0,12,6,2011,1,4,0,0,4,4,833 ROAD,,0,41.90278889,-97.494736110,0,1,0,0,1,1,4,0,2,10,0,10,0,0000000,88,88,88,88,88,88,0,0,0,1,1
31,310066,1,1,0,2,2,1,1,111,0,16,6,2011,5,21,5,0,4,4,W STATE FARM RD,,0,41.09028333,-100.787544440,0,9,0,0,1,1,1,0,5,10,0,10,0,0000000,99,99,99,99,99,99,0,0,0,1,1
31,310067,1,1,0,0,0,2,2,79,2090,19,6,2011,1,11,10,0,16,6,PIONEER BLVD,,0,40.89638611,-98.355875000,0,42,0,0,1,1,4,0,1,1,0,1,0,0000000,99,99,99,99,99,99,0,0,0,1,1
31,310068,1,1,0,0,0,2,2,157,0,20,6,2011,2,1,0,1,2,2,US-26,,2,41.99713611,-104.041213890,0,31,0,0,1,1,4,1,2,1,0,1,0,0000000,88,88,88,88,88,88,0,0,0,1,1
31,310069,2,2,0,0,0,4,4,31,0,20,6,2011,2,13,50,1,2,2,US-83,,2145,42.88552500,-100.565586110,0,12,6,0,1,1,1,0,1,10,0,10,0,0000000,99,99,99,99,99,99,0,0,0,1,0
31,310070,2,2,0,0,0,2,2,155,0,22,6,2011,4,15,20,0,4,3,SR-66,,859,41.14738056,-96.446572220,0,12,6,0,1,1,1,0,1,10,0,10,0,0000000,99,99,99,99,99,99,0,0,0,1,0
31,310071,2,2,0,0,0,2,2,55,3620,23,6,2011,5,15,50,0,13,6,BLAIR HIGH RD,CROWN POINT AVE,0,41.31069444,-96.046686110,0,12,6,0,2,2,1,0,1,1,0,1,0,0000000,99,99,99,99,99,99,0,0,0,1,0
31,310072,2,2,0,0,0,4,4,111,0,24,6,2011,6,7,0,1,1,1,I-80,,1754,41.11505556,-100.837325000,0,1,0,0,1,1,3,0,4,10,0,10,0,0000000,99,99,99,99,99,99,0,0,0,2,0
31,310073,1,1,0,0,0,2,2,79,2090,17,4,2011,1,0,55,0,15,6,WEST NORTH FRONT,,0,40.92045278,-98.360338890,0,5,0,0,1,1,1,0,2,1,0,1,0,0000000,88,88,88,88,88,88,0,0,0,1,1
31,310074,1,1,0,0,0,1,1,105,0,25,6,2011,7,21,52,1,1,1,I-80,,159,41.20035556,-103.740463890,0,1,0,0,1,1,3,0,2,1,0,1,0,0000000,88,88,88,88,88,88,0,0,0,1,0
31,310075,1,1,0,0,0,1,1,67,0,25,6,2011,7,99,99,0,6,4,PINE ROAD,,0,40.11798889,-96.812038890,0,34,0,0,1,1,4,0,9,10,0,10,0,0000000,88,88,88,88,88,88,0,0,0,1,1
31,310076,3,3,0,0,0,4,4,25,0,25,6,2011,7,15,20,1,2,2,US-34,,3669,40.82121389,-95.911330560,0,12,6,0,1,1,1,0,1,1,0,1,0,0000000,99,99,99,99,99,99,0,0,0,1,0
31,310077,3,3,0,0,0,7,7,145,0,1,7,2011,6,18,38,1,2,2,US-6,,889,40.20234722,-100.694675000,0,12,1,0,8,1,1,0,1,1,0,1,0,0000000,99,99,99,99,99,99,0,0,0,1,0
31,310078,1,1,0,0,0,1,1,145,0,2,7,2011,7,1,0,0,6,4,ROAD 379,,0,40.01473056,-100.391863890,0,1,0,0,1,1,4,0,2,1,0,1,0,0000000,88,88,88,88,88,88,0,0,0,1,1
31,310079,3,2,1,0,0,2,2,19,2680,3,7,2011,1,10,48,0,14,6,W 39TH STREET,,0,40.71398889,-99.082561110,0,12,6,0,8,1,1,0,1,1,0,1,0,0000000,99,99,99,99,99,99,0,0,0,1,0
31,310080,1,1,0,0,0,2,2,107,0,10,7,2011,1,6,5,0,4,3,SR-S54D,,44,42.78469167,-97.876338890,0,1,0,0,1,1,4,0,1,1,0,1,0,0000000,99,99,99,99,99,99,0,0,0,1,1
31,310081,1,1,0,0,0,4,4,139,0,15,7,2011,6,19,45,0,6,4,550TH AVE,,0,42.15233333,-97.524088890,0,1,0,0,1,1,4,0,1,1,0,1,0,0000000,99,99,99,99,99,99,0,0,0,1,1
31,310082,1,1,0,0,0,1,1,79,0,23,7,2011,7,15,50,1,1,1,I-80,,3120,40.81991389,-98.382911110,0,1,0,0,1,1,3,0,1,1,0,1,0,0000000,99,99,99,99,99,99,0,0,0,1,0
31,310083,2,2,0,0,0,3,3,31,0,12,7,2011,3,13,55,1,2,2,US-20,,1994,42.84073056,-100.532111110,0,12,6,0,1,1,1,0,1,10,0,10,0,0000000,99,99,99,99,99,99,0,0,0,1,0
31,310084,2,2,0,0,0,8,8,47,0,10,7,2011,1,4,11,1,1,1,I-80,,2163,40.76816944,-99.820402780,0,12,1,0,1,1,1,0,2,1,0,1,0,0000000,99,99,99,99,99,99,0,0,0,1,0
31,310085,2,2,0,0,0,5,5,55,3620,22,7,2011,6,3,15,0,14,6,42ND,SARATOGA ST,0,41.30400000,-95.975833330,0,12,6,0,2,2,1,0,3,1,0,1,0,0000000,99,99,99,99,99,99,0,0,0,1,1
31,310086,1,1,0,0,0,3,3,47,0,26,7,2011,3,13,35,1,1,1,I-80,,2475,40.69090000,-99.565655560,0,1,0,0,1,1,3,0,1,1,0,1,0,0000000,99,99,99,99,99,99,0,0,0,2,0
31,310087,1,1,0,0,0,1,1,55,3620,30,7,2011,7,8,53,1,11,1,I-680,,6,41.23244444,-96.086347220,0,1,0,1,5,1,1,0,1,10,0,10,0,0000000,99,99,99,99,99,99,0,0,0,1,0
31,310088,2,2,0,0,0,3,3,27,0,2,8,2011,3,16,34,0,4,3,SR-121,,764,42.84686667,-97.468436110,0,12,6,0,1,1,1,0,1,1,0,1,0,0000000,99,99,99,99,99,99,0,0,0,1,0
31,310089,1,1,0,0,0,1,1,37,0,3,8,2011,4,18,14,0,6,4,ROAD G,,0,41.48058889,-96.934230560,0,35,0,0,1,1,4,0,1,1,0,1,0,0000000,0,0,0,0,0,0,0,0,0,1,0
31,310090,2,2,0,0,0,2,2,25,0,3,8,2011,4,5,47,0,3,3,SR-50,,749,40.99004167,-96.168902780,0,11,0,0,1,1,1,0,2,1,0,1,0,0000000,88,88,88,88,88,88,0,0,0,1,0
31,310091,2,2,0,0,0,5,5,147,0,5,8,2011,6,18,58,0,2,2,US-73,SOUTH 703 LOOP,18,40.03169722,-95.595755560,0,12,6,0,2,3,1,0,1,1,0,1,0,0000000,99,99,99,99,99,99,0,0,0,1,1
31,310092,2,2,0,0,0,4,4,141,0,6,8,2011,7,11,15,1,2,2,US-81,SR-22,1168,41.47429722,-97.442425000,0,12,6,0,2,3,1,0,1,1,0,1,0,0000000,99,99,99,99,99,99,0,0,0,1,0
31,310093,3,3,0,0,0,3,3,141,0,10,8,2011,4,17,50,1,2,2,US-30,E 29TH AVE,3833,41.43846944,-97.290933330,0,12,1,0,2,2,1,0,1,1,0,1,0,0000000,99,99,99,99,99,99,0,0,0,1,0
31,310094,2,2,0,0,0,2,2,1,0,10,8,2011,4,14,12,1,2,2,US-6,BLADEN AVE,2014,40.56783611,-98.592152780,0,12,1,0,2,2,1,0,1,10,0,10,0,0000000,88,88,88,88,88,88,0,0,0,1,0
31,310095,1,1,0,0,0,1,1,79,2090,13,8,2011,7,18,57,0,16,6,HUSKER HIGHWAY,,0,40.88856389,-98.427388890,0,10,0,0,6,1,1,0,1,1,0,1,0,817633A,88,88,88,88,88,88,0,0,0,1,0
31,310096,2,2,0,0,0,2,2,79,0,18,8,2011,5,4,40,0,3,2,US-30,60TH RD,3082,40.87557222,-98.454808330,0,12,2,0,2,2,1,0,2,1,0,1,0,0000000,88,88,88,88,88,88,0,0,0,1,1
31,310097,2,2,0,0,0,3,3,55,3620,18,8,2011,5,17,7,0,16,6,FORT STREET,,0,41.30660000,-96.074202780,0,12,2,0,1,1,1,0,1,10,0,10,0,0000000,99,99,99,99,99,99,0,0,0,1,0
31,310098,2,2,0,0,0,8,8,109,0,20,8,2011,7,17,50,0,6,4,SW 144TH ST,WEST PELLA ROAD,0,40.55229444,-96.874319440,0,12,6,0,2,2,1,0,1,1,0,1,0,0000000,99,99,99,99,99,99,0,0,0,2,0
31,310099,1,1,0,0,0,3,3,101,0,22,8,2011,2,11,50,1,1,1,I-80,,1130,41.06823056,-101.962180560,0,1,0,0,1,1,4,0,1,1,0,1,0,0000000,99,99,99,99,99,99,0,0,0,2,0
31,310100,1,1,0,0,0,1,1,47,0,24,8,2011,4,21,50,1,1,1,I-80,,2396,40.72759444,-99.705044440,0,1,0,0,1,1,4,0,2,1,0,1,0,0000000,88,88,88,88,88,88,0,0,0,1,1
31,310101,2,2,0,0,0,2,2,163,0,24,8,2011,4,7,7,0,4,3,SR-68,,82,41.10494167,-98.867850000,0,12,1,0,1,1,1,0,1,1,0,1,0,0000000,99,99,99,99,99,99,0,0,0,1,0
31,310102,2,2,0,0,0,2,2,147,0,25,8,2011,5,20,48,1,2,2,US-75,,159,40.21821667,-95.840758330,0,12,6,0,1,1,1,0,2,1,0,1,0,0000000,88,88,88,88,88,88,0,0,0,1,1
31,310103,1,1,0,0,0,1,1,1,0,27,8,2011,7,12,55,0,6,4,MARIAN ROAD,SADDLEHORN ROAD,0,40.48067222,-98.421008330,0,24,0,0,3,3,4,0,1,1,0,1,0,0000000,99,99,99,99,99,99,0,0,0,1,0
31,310104,3,3,0,0,0,3,3,153,0,25,8,2011,5,6,47,1,1,1,I-80,,4402,41.15063611,-96.153030560,0,12,1,0,1,1,1,0,1,1,0,1,0,0000000,99,99,99,99,99,99,0,0,0,1,0
31,310105,2,2,0,0,0,2,2,185,0,31,8,2011,4,14,18,0,5,4,COUNTY ROAD 6,COUNTY ROAD E,0,40.77030556,-97.749000000,0,12,6,0,2,2,1,0,1,1,0,1,0,0000000,99,99,99,99,99,99,0,0,0,1,0
31,310106,2,2,0,0,0,5,5,55,3620,1,9,2011,5,10,28,0,14,6,30TH ST,ERSKINE STREET,0,41.28069167,-95.956516670,0,12,6,1,2,3,1,0,1,1,0,1,0,0000000,99,99,99,99,99,99,0,0,0,1,0
31,310107,1,1,0,1,1,1,1,55,3620,3,9,2011,7,15,50,0,15,6,DAHLMAN AVE,,0,41.21969444,-95.959919440,0,9,0,0,4,1,1,0,1,10,0,10,0,0000000,88,88,88,88,88,88,0,0,0,1,0
31,310108,2,2,0,0,0,2,2,55,0,2,9,2011,6,16,5,0,3,3,SR-31,SR-36,311,41.37809444,-96.233588890,0,12,6,0,2,2,1,0,1,1,0,1,0,0000000,88,88,88,88,88,88,0,0,0,1,0
31,310109,3,3,0,0,0,3,3,109,0,3,9,2011,7,0,25,0,3,3,SR-33,,169,40.65356389,-96.866594440,0,12,6,0,1,1,1,0,2,1,0,1,0,0000000,99,99,99,99,99,99,0,0,0,1,1
31,310110,1,1,0,0,0,1,1,109,2830,4,9,2011,1,13,37,0,14,6,HOLDREGE ST.,EAGLE CREST,0,40.82791111,-96.603330560,0,1,0,0,2,2,4,0,1,1,0,1,0,0000000,99,99,99,99,99,99,0,0,0,1,0
31,310111,1,1,0,0,0,1,1,109,0,4,9,2011,1,2,0,0,6,4,NW 70TH STREET,,0,40.89646111,-96.814666670,0,35,0,0,1,1,4,0,2,1,0,1,0,0000000,88,88,88,88,88,88,0,0,0,1,1
31,310112,1,1,0,0,0,1,1,63,0,4,9,2011,1,99,99,0,4,4,HAYS COUNTY RD,,0,40.65621667,-100.669905560,0,34,0,0,1,1,4,0,1,1,0,1,0,0000000,99,99,99,99,99,99,0,0,0,1,1
31,310113,1,1,0,0,0,3,3,111,0,5,9,2011,2,14,45,1,1,1,I-80,,1893,41.05262222,-100.534686110,0,1,0,0,1,1,3,0,1,1,0,1,0,0000000,99,99,99,99,99,99,0,0,0,1,0
31,310114,2,2,0,0,0,2,2,123,0,9,9,2011,6,13,49,1,2,2,US-26,,577,41.66994167,-103.169661110,0,12,6,0,1,1,1,0,1,1,0,1,0,0000000,88,88,88,88,88,88,0,0,0,1,0
31,310115,2,2,0,0,0,3,3,51,0,9,9,2011,6,18,26,0,4,3,SR-9,,574,42.52471111,-96.764919440,0,12,2,0,1,1,1,0,1,1,0,1,0,0000000,99,99,99,99,99,99,0,0,0,2,1
31,310116,2,2,0,0,0,5,5,153,0,10,9,2011,7,21,4,1,2,3,SR-370,I-80 EXIT RAMP,43,41.14701667,-96.156336110,0,12,6,1,2,3,1,0,3,1,0,1,0,0000000,99,99,99,99,99,99,0,0,0,1,0
31,310117,1,1,0,1,1,1,1,55,3620,18,9,2011,1,19,45,1,11,1,I-480,,8,41.23721944,-95.953608330,0,8,0,0,1,1,1,0,3,10,0,10,0,0000000,99,99,99,99,99,99,0,0,0,1,1
31,310118,2,2,0,0,0,2,2,93,0,19,9,2011,2,7,30,0,3,3,SR-92,,3399,41.22004167,-98.639700000,0,12,1,0,8,1,1,0,1,1,0,1,1,0000000,88,88,88,88,88,88,0,0,0,1,0
31,310119,1,1,0,0,0,1,1,47,0,24,9,2011,7,19,0,0,6,4,ROAD 752,,0,40.72889722,-99.649427780,0,1,0,0,1,1,4,0,1,1,0,1,0,0000000,88,88,88,88,88,88,0,0,0,1,1
31,310120,1,1,0,0,0,1,1,145,1330,24,9,2011,7,23,45,0,3,3,SR-89,GRANDVILLE STREET,94,40.04310278,-100.404408330,0,34,0,0,3,2,4,0,2,1,0,1,0,0000000,99,99,99,99,99,99,0,0,0,1,1
31,310121,2,2,0,0,0,4,4,109,0,25,9,2011,1,14,20,0,4,3,SR-79,,77,40.99636389,-96.798102780,0,12,6,0,1,1,1,0,1,1,0,1,0,0000000,99,99,99,99,99,99,0,0,0,1,0
31,310122,2,2,0,0,0,2,2,51,0,27,9,2011,3,7,40,0,3,3,SR-12,,2361,42.53084722,-96.696338890,0,12,1,0,8,1,1,0,1,1,0,1,1,0000000,88,88,88,88,88,88,0,0,0,1,0
31,310123,2,2,0,0,0,4,4,41,0,28,9,2011,4,7,42,1,2,3,SR-2,CALLAWAY RD,2764,41.40914444,-99.673961110,0,12,6,0,2,2,1,0,4,1,0,1,0,0000000,99,99,99,99,99,99,0,0,0,1,0
31,310124,2,2,0,0,0,3,3,157,0,1,10,2011,7,19,35,1,2,2,US-26,COOK OIL ROAD,159,41.93112500,-103.774227780,0,12,6,0,2,2,1,0,2,1,0,1,0,0000000,99,99,99,99,99,99,0,0,0,1,1
31,310125,1,1,0,0,0,4,4,45,0,2,10,2011,1,14,25,0,4,4,SLIM BUTTE RD,,0,42.89236944,-102.939938890,0,34,0,0,1,1,4,0,1,1,0,1,0,0000000,99,99,99,99,99,99,0,0,0,1,1
31,310126,1,1,0,0,0,2,2,153,2745,5,10,2011,4,1,5,0,16,6,LILLIAN AVE,PARK VIEW BLVD,0,41.18313611,-96.035141670,0,33,0,0,2,3,4,0,3,1,0,1,0,0000000,88,88,88,88,88,88,0,0,0,2,1
31,310127,1,1,0,0,0,1,1,67,0,6,10,2011,5,3,0,0,6,4,S 134TH RD,,0,40.43286667,-96.538572220,0,1,0,0,1,1,4,0,2,1,0,1,0,0000000,88,88,88,88,88,88,0,0,0,1,1
31,310128,2,2,0,0,0,2,2,55,0,4,10,2011,3,13,5,0,3,3,SR-36,REICHMUTH ROAD,0,41.37076667,-96.420955560,0,12,6,0,2,3,1,0,1,1,0,1,0,0000000,88,88,88,88,88,88,0,0,0,1,0
31,310129,2,2,0,0,0,4,4,79,0,8,10,2011,7,16,12,1,1,1,I-80,LOCUST ST,3136,40.82707500,-98.340136110,0,12,6,1,2,3,1,0,1,10,0,10,0,0000000,99,99,99,99,99,99,0,0,0,2,0
31,310130,1,1,0,1,1,1,1,109,2830,14,10,2011,6,20,32,0,14,6,S 48TH ST,,0,40.78560278,-96.653691670,0,8,0,0,1,1,1,0,3,10,0,10,0,0000000,88,88,88,88,88,88,0,0,0,1,0
31,310131,1,1,0,0,0,1,1,185,0,23,10,2011,1,4,54,0,3,2,US-34,,2693,40.88629722,-97.658877780,0,1,0,0,1,1,4,0,2,1,0,1,0,0000000,88,88,88,88,88,88,0,0,0,1,1
31,310132,2,2,0,0,0,3,3,109,0,24,10,2011,2,16,23,1,2,2,US-77,SR-S55H,429,40.53703333,-96.709011110,0,32,0,0,2,2,4,0,1,1,0,1,0,0000000,99,99,99,99,99,99,0,0,0,1,0
31,310133,1,1,0,0,0,1,1,133,0,29,10,2011,7,17,55,0,3,3,SR-8,SR-99,987,40.11153333,-96.349608330,0,1,0,1,2,2,4,0,1,1,0,1,0,0000000,88,88,88,88,88,88,0,0,0,1,1
31,310134,1,1,0,0,0,1,1,73,0,29,10,2011,7,14,0,0,4,4,ROAD 747,ROAD 433,0,40.66333889,-99.737400000,0,35,0,0,2,3,4,0,1,1,0,1,0,0000000,88,88,88,88,88,88,0,0,0,1,0
31,310135,1,1,0,1,1,1,1,107,5130,29,10,2011,7,23,0,0,6,5,SHERMAN ST,,0,42.49999444,-97.539197220,0,8,0,0,1,1,1,0,2,1,0,1,0,0000000,99,99,99,99,99,99,0,0,0,1,1
31,310136,2,2,0,0,0,2,2,39,0,31,10,2011,2,12,54,0,4,4,COUNTY ROAD 6,,0,41.91261944,-96.922494440,0,12,6,0,4,1,1,0,1,1,0,1,0,0000000,88,88,88,88,88,88,0,0,0,1,0
31,310137,2,2,0,0,0,2,2,23,0,30,7,2011,7,7,2,0,3,3,SR-15,SR-66,781,41.07507222,-97.099894440,0,12,6,0,2,2,1,0,1,5,0,5,0,0000000,88,88,88,88,88,88,0,0,0,1,0
31,310138,2,2,0,0,0,2,2,153,460,16,7,2011,7,16,41,0,14,6,S 36TH ST,GAYLE AVE,0,41.13545833,-95.966680560,0,12,6,0,2,2,1,0,1,1,0,1,0,0000000,99,99,99,99,99,99,20,0,0,1,1
31,310139,2,2,0,0,0,2,2,109,2830,28,9,2011,4,19,41,0,14,6,SUPERIOR ST,N 18TH ST,0,40.85731944,-96.695083330,0,12,6,0,2,3,1,0,3,1,0,1,0,0000000,99,99,99,99,99,99,0,0,0,1,0
31,310140,1,1,0,0,0,4,4,47,0,7,11,2011,2,19,25,1,1,1,I-80,,0,40.90739444,-100.148961110,0,1,0,0,1,1,3,0,2,10,0,10,0,0000000,99,99,99,99,99,99,0,0,0,3,0
31,310141,1,1,0,0,0,9,9,111,0,11,11,2011,6,14,12,1,1,1,I-80,,1881,41.05780000,-100.560777780,0,1,0,0,1,1,3,0,1,1,0,1,0,0000000,99,99,99,99,99,99,0,0,0,3,0
31,310142,1,1,0,0,0,1,1,25,0,12,11,2011,7,2,0,0,3,3,SR-50,,690,40.90057500,-96.177572220,0,1,0,0,1,1,4,0,2,10,0,10,0,0000000,88,88,88,88,88,88,0,0,0,1,1
31,310143,3,3,0,0,0,3,3,77,0,13,11,2011,1,20,25,0,3,3,SR-91,,1074,41.69560833,-98.386825000,0,12,6,0,1,1,1,0,2,1,0,1,0,0000000,99,99,99,99,99,99,0,0,0,1,0
31,310144,1,1,0,0,0,2,2,109,2830,14,11,2011,2,15,40,0,16,6,S. FOLSOM,,0,40.79036389,-96.733813890,0,21,0,0,1,1,4,0,1,1,0,1,0,0000000,99,99,99,99,99,99,0,0,0,1,0
31,310145,1,1,0,0,0,1,1,31,0,18,11,2011,6,19,20,0,3,3,SR-61,,1941,42.43120278,-101.727736110,0,1,0,0,1,1,1,0,2,1,0,1,0,0000000,88,88,88,88,88,88,0,0,0,1,1
31,310146,2,2,0,0,0,3,3,101,0,19,11,2011,7,11,25,0,3,2,US-30,,1459,41.12216111,-101.368208330,0,12,1,0,8,1,1,0,1,1,0,1,0,0000000,99,99,99,99,99,99,0,0,0,1,0
31,310147,1,1,0,0,0,3,3,55,0,21,11,2011,2,19,17,0,4,4,STATE ST,,0,41.33561944,-96.208502780,0,42,0,0,1,1,4,0,2,10,0,10,0,0000000,99,99,99,99,99,99,0,0,0,1,0
31,310148,1,1,0,0,0,6,6,19,0,26,11,2011,7,17,55,1,1,1,I-80,,2791,40.68191389,-98.964880560,0,1,0,0,1,1,3,0,2,6,10,6,0,0000000,99,99,99,99,99,99,0,0,0,1,0
31,310149,2,2,0,0,0,3,3,19,0,26,11,2011,7,21,8,0,3,3,SR-10,,677,40.84859167,-99.082983330,0,12,6,0,1,1,1,0,2,1,0,1,0,0000000,99,99,99,99,99,99,0,0,0,1,1
31,310150,1,1,0,0,0,2,2,153,0,28,11,2011,2,15,1,1,2,3,SR-370,,117,41.13648056,-96.017761110,0,1,0,0,1,1,4,0,1,1,0,1,0,0000000,99,99,99,99,99,99,0,0,0,2,1
31,310151,1,1,0,0,0,1,1,119,0,30,11,2011,4,5,35,0,4,4,555 AVE,,0,41.96653056,-97.422316670,0,38,0,0,1,1,4,0,4,1,0,1,0,0000000,88,88,88,88,88,88,0,0,0,1,0
31,310152,2,2,0,0,0,5,5,109,0,3,12,2011,7,16,52,1,1,1,I-80,,4106,40.89360556,-96.559408330,0,12,1,0,1,1,1,4,1,4,0,4,0,0000000,99,99,99,99,99,99,0,0,0,1,0
31,310153,1,1,0,1,1,1,1,47,0,6,12,2011,3,99,99,0,4,4,CR 435,,0,40.76101944,-99.710366670,0,8,0,0,1,1,1,0,2,4,5,4,0,0000000,88,88,88,88,88,88,0,0,0,1,0
31,310154,2,2,0,0,0,5,5,121,0,8,12,2011,5,14,50,1,2,2,US-30,,3612,41.30571944,-97.682866670,0,12,6,0,1,1,2,0,1,4,0,4,0,0000000,99,99,99,99,99,99,0,0,0,2,0
31,310155,3,3,0,0,0,3,3,19,0,8,12,2011,5,23,15,1,1,1,I-80,,2750,40.66967500,-99.141350000,0,12,1,0,1,1,1,4,2,4,0,4,0,0000000,88,88,88,88,88,88,0,0,0,1,0
31,310156,2,2,0,0,0,2,2,59,0,9,12,2011,6,17,17,1,2,2,US-81,CO RD B,487,40.68456111,-97.595705560,0,31,0,0,3,2,3,0,5,99,0,99,0,0000000,88,88,88,88,88,88,0,0,0,1,0
31,310157,1,1,0,0,0,1,1,19,0,17,12,2011,7,4,0,0,6,4,EAST 92ND STREET,SWEETWATER AVE,0,40.76426667,-99.007280560,0,35,0,0,2,2,4,0,2,1,0,1,0,0000000,99,99,99,99,99,99,0,0,0,1,1
31,310158,2,2,0,0,0,2,2,153,0,19,12,2011,2,17,50,0,6,4,CAPEHART RD,204TH ST,0,41.11783889,-96.234094440,0,12,6,0,2,2,1,0,2,10,0,10,0,0000000,99,99,99,99,99,99,0,0,0,1,1
31,310159,2,2,0,0,0,3,3,81,260,20,12,2011,3,12,24,0,3,2,US-34,,2516,40.87243333,-97.999597220,0,12,6,0,1,1,1,0,1,4,10,4,0,0000000,99,99,99,99,99,99,0,0,0,1,0
31,310160,1,1,0,0,0,1,1,171,0,22,12,2011,5,13,13,0,4,4,PURDUM ROAD,,0,41.92351389,-100.276083330,0,1,0,0,1,1,4,0,1,1,0,1,0,0000000,88,88,88,88,88,88,0,0,0,1,0
31,310161,2,2,0,0,0,5,5,67,1160,23,12,2011,6,18,10,1,2,2,US-77,W 4TH ST,407,40.50576111,-96.705900000,0,12,6,0,2,2,1,0,3,1,0,1,0,0000000,99,99,99,99,99,99,0,0,0,1,0
31,310162,1,1,0,0,0,1,1,101,0,24,12,2011,7,21,40,1,2,2,US-26,,1460,41.14545000,-101.749319440,0,1,0,0,1,1,4,0,2,1,0,1,0,0000000,99,99,99,99,99,99,0,0,0,1,1
31,310163,1,1,0,0,0,1,1,55,3620,26,12,2011,2,21,15,0,13,6,AMES AVE,,0,41.29950833,-95.968072220,0,33,0,0,1,1,4,0,3,1,0,1,0,0000000,88,88,88,88,88,88,0,0,0,1,1
31,310164,2,2,0,0,0,2,2,155,0,28,12,2011,4,10,8,0,6,4,COUNTY ROAD L,COUNTY ROAD 20,0,41.21980833,-96.678008330,0,12,6,0,2,2,1,0,1,1,0,1,0,0000000,99,99,99,99,99,99,0,0,0,1,0
32,320192,1,1,0,0,0,1,1,5,0,5,11,2011,7,99,99,0,99,9,POWER DAM RD,,0,99.99990000,999.999900000,0,1,0,0,1,1,2,0,1,10,0,10,0,0000000,99,99,99,99,88,88,18,0,0,1,1
33,330001,2,2,0,0,0,3,3,11,340,20,1,2011,5,14,22,0,6,5,OLD WILTON ROAD,SR-101,0,42.83991111,-71.702827780,0,12,6,0,2,2,1,0,1,1,0,1,0,0000000,14,22,14,36,15,7,0,0,0,1,0
33,330002,3,3,0,0,0,5,5,13,399,3,1,2011,2,18,31,0,16,6,PEMBROKE STREET,,0,43.17976944,-71.490011110,0,12,2,0,1,1,1,0,2,1,0,1,0,0000000,18,31,18,34,18,56,0,0,0,1,0
33,330003,1,1,0,0,0,2,2,3,346,2,1,2011,1,4,11,0,6,5,TARA ROAD,,0,43.70946389,-71.373100000,0,42,0,0,1,1,4,0,2,2,0,2,0,0000000,4,11,4,25,5,9,0,0,0,1,1
33,330004,2,2,0,0,0,2,2,9,145,7,1,2011,6,9,26,0,4,3,SR-3,,0,44.25921667,-71.584511110,0,12,2,0,1,1,1,0,1,1,0,1,0,0000000,9,26,9,50,88,88,0,0,0,1,0
33,330005,1,1,0,0,0,5,5,15,551,11,1,2011,3,17,16,1,11,1,I-93,,80,42.78559167,-71.263536110,0,52,0,0,1,1,4,0,2,10,0,10,0,0000000,17,16,17,25,17,56,0,0,0,1,0
33,330006,2,2,0,0,0,8,8,15,82,16,1,2011,1,12,48,0,5,3,SR-107,,0,43.08895000,-71.234363890,0,12,2,0,1,1,1,0,1,1,0,1,0,0000000,12,48,12,59,13,18,0,0,0,1,0
33,330007,2,2,0,0,0,2,2,9,280,17,2,2011,5,7,44,0,15,3,SR-4,,0,43.65017500,-72.188500000,0,54,11,0,1,1,1,0,1,1,0,1,0,0000000,7,44,7,53,88,88,14,0,0,1,0
33,330008,2,2,0,0,0,2,2,15,478,25,2,2011,6,7,5,0,6,5,WINNICUT ROAD,ARNOLD PALMER DRIVE,0,43.00976944,-70.871569440,0,12,2,0,3,2,1,0,1,4,0,4,1,0000000,7,5,7,17,88,88,0,0,0,1,0
33,330009,2,2,0,0,0,2,2,5,437,17,3,2011,5,11,10,0,14,3,SR-202,HUNT HILL ROAD,0,42.74981667,-72.039605560,0,12,1,0,2,2,1,0,1,1,0,1,0,0000000,11,10,11,25,11,48,0,0,0,1,0
33,330010,2,2,0,0,0,3,3,3,243,5,3,2011,7,10,26,1,2,3,SR-16,,0,44.19158889,-71.228913890,0,12,2,0,1,1,1,0,1,4,0,4,0,0000000,10,26,10,45,11,22,0,0,0,1,0
33,330011,2,2,0,0,0,3,3,13,41,18,3,2011,6,20,58,1,1,1,I-93,,506,43.29297500,-71.573847220,0,12,1,0,1,1,1,0,2,1,0,1,0,0000000,20,59,21,5,21,47,0,0,0,1,0