STATE,ST_CASE,VE_TOTAL,VE_FORMS,PVH_INVL,PEDS,PERNOTMVIT,PERMVIT,PERSONS,COUNTY,CITY,DAY,MONTH,YEAR,DAY_WEEK,HOUR,MINUTE,NHS,ROAD_FNC,ROUTE,TWAY_ID,TWAY_ID2,MILEPT,LATITUDE,LONGITUD,SP_JUR,HARM_EV,MAN_COLL,RELJCT1,RELJCT2,TYP_INT,REL_ROAD,WRK_ZONE,LGT_COND,WEATHER1,WEATHER2,WEATHER,SCH_BUS,RAIL,NOT_HOUR,NOT_MIN,ARR_HOUR,ARR_MIN,HOSP_HR,HOSP_MN,CF1,CF2,CF3,FATALS,DRUNK_DR
33,330012,1,1,0,0,0,1,1,13,399,26,3,2011,7,18,25,0,6,5,NORTH PEMBROKE ROAD,,0,43.17610833,-71.485633330,0,42,0,0,1,1,4,0,1,1,0,1,0,0000000,18,25,18,33,18,57,0,0,0,1,0
33,330013,1,1,0,0,0,3,3,15,445,15,3,2011,3,0,21,0,16,5,OCEAN BLVD,,0,42.98355278,-70.763969440,0,58,0,0,1,1,5,0,2,1,0,1,0,0000000,0,21,0,33,0,56,0,0,0,1,1
33,330014,1,1,0,1,1,1,1,13,503,14,4,2011,5,15,35,0,6,5,WEST MAIN STREET,,0,43.28492222,-71.825180560,0,9,0,0,8,1,1,0,1,1,0,1,0,0000000,15,35,15,40,16,11,0,0,0,1,0
33,330015,2,2,0,0,0,2,2,5,529,15,4,2011,6,6,53,0,5,3,SR-10,,0,42.90218611,-72.304200000,0,12,2,0,1,1,1,0,1,1,0,1,0,0000000,6,53,7,5,7,49,0,0,0,1,0
33,330016,1,1,0,0,0,1,1,13,503,18,4,2011,2,20,21,0,5,3,SR-127,,0,43.25580000,-71.734972220,0,42,0,0,1,1,4,0,2,2,0,2,0,0000000,20,21,20,30,88,88,0,0,0,1,1
33,330017,2,2,0,0,0,2,2,15,32,30,3,2011,4,16,9,1,2,3,SR-101,,0,43.03726111,-71.318844440,0,12,7,0,1,1,1,0,1,1,0,1,0,0000000,16,9,16,15,88,88,0,0,0,1,0
33,330018,1,1,0,0,0,1,1,11,340,27,3,2011,1,0,51,0,6,5,NORTH RIVER ROAD,,0,42.84243056,-71.713513890,0,42,0,0,1,1,4,0,2,1,0,1,0,0000000,0,51,0,58,1,27,0,0,0,1,1
33,330019,1,1,0,0,0,2,2,11,401,24,4,2011,1,0,36,0,16,5,14 BALCOM ROAD,,0,42.74354444,-71.304391670,0,1,0,0,1,1,4,0,2,1,0,1,0,0000000,0,36,0,45,1,2,0,0,0,2,0
33,330020,2,2,0,0,0,5,5,5,550,30,4,2011,7,13,51,0,5,3,SR-10,,0,42.83851944,-72.354872220,0,12,2,0,1,1,1,0,1,1,0,1,0,0000000,13,51,14,0,14,27,0,0,0,2,0
33,330021,1,1,0,0,0,1,1,11,334,27,4,2011,4,19,51,1,2,8,EVERETT TURNPIKE,,0,42.88671944,-71.478252780,0,25,0,0,1,1,3,0,5,1,0,1,0,0000000,19,51,19,59,20,41,0,0,0,1,0
33,330022,1,1,0,0,0,1,1,15,466,2,5,2011,2,10,15,1,1,1,I-95,,8,42.88209722,-70.882341670,0,24,0,1,5,1,4,0,1,1,0,1,0,0000000,10,15,10,17,10,33,0,0,0,1,1
33,330023,1,1,0,1,1,1,1,17,90,14,5,2011,7,10,4,0,6,5,OLD ROCHESTER ROAD,,0,43.23230556,-70.899238890,0,8,0,0,1,1,1,0,1,1,0,1,0,0000000,10,4,10,9,10,30,0,0,0,1,0
33,330024,2,2,0,0,0,3,3,17,281,15,5,2011,1,9,25,0,6,5,CONCORD ROAD,,0,43.15003333,-70.987730560,0,12,2,0,1,1,1,0,1,10,0,10,0,0000000,9,25,9,33,10,1,0,0,0,1,0
33,330025,2,2,0,0,0,2,2,11,18,17,5,2011,3,9,22,0,13,3,SR-101,HARDY ROAD,0,42.92176944,-71.537733330,0,12,1,0,2,2,1,0,1,2,0,2,0,0000000,9,22,9,31,88,88,0,0,0,1,0
33,330026,1,1,0,0,0,1,1,9,420,19,5,2011,5,6,47,1,1,1,I-93,,812,43.77572778,-71.680597220,0,24,0,0,1,1,3,0,1,2,0,2,0,0000000,6,47,6,57,7,17,0,0,0,1,0
33,330027,1,1,0,0,0,1,1,13,236,21,5,2011,7,23,26,1,11,1,I-93,TOLL BOOTH 4,0,43.06841667,-71.471730560,0,25,0,0,1,1,1,0,3,2,0,2,0,0000000,88,88,88,88,88,88,0,0,0,1,0
33,330028,1,1,0,0,0,3,3,1,260,26,5,2011,5,1,2,0,6,5,MILE HILL ROAD,,0,43.50753889,-71.469025000,0,1,0,0,1,1,5,0,2,1,0,1,0,0000000,1,2,1,12,1,38,0,0,0,1,1
33,330029,2,2,0,0,0,3,3,7,60,28,5,2011,7,9,5,0,5,3,SR-3,BROWN ROAD,0,44.78177500,-71.581722220,0,12,2,0,1,1,1,0,1,1,0,1,0,0000000,9,5,9,19,9,58,0,0,0,1,0
33,330030,1,1,0,0,0,1,1,17,140,27,5,2011,6,14,10,0,5,3,SR-11,CENTRAL STREET,0,43.38714722,-71.082316670,0,58,0,0,2,4,1,0,1,1,0,1,0,0000000,14,10,14,11,14,52,0,0,0,1,0
33,330031,2,2,0,0,0,3,3,15,430,31,5,2011,3,13,31,0,15,3,SR-1,,0,43.07622222,-70.756588890,0,12,6,0,8,1,1,0,1,1,0,1,0,0000000,13,31,13,39,88,88,0,0,0,1,0
33,330032,1,1,0,0,0,1,1,9,28,28,5,2011,7,2,35,0,15,3,SR-10,,0,44.16148889,-71.965213890,0,42,0,0,1,1,4,0,3,10,0,10,0,0000000,2,35,2,55,3,24,0,0,0,1,0
33,330033,1,1,0,0,0,3,3,5,473,1,6,2011,4,0,57,0,5,3,SR-123,,0,43.02432222,-72.068080560,0,17,0,0,1,1,4,0,2,1,0,1,0,0000000,0,57,1,10,1,35,0,0,0,1,1
33,330034,1,1,0,0,0,1,1,9,114,7,6,2011,3,10,15,0,5,3,SR-116,,0,44.12465556,-71.799002780,0,1,0,0,1,1,4,0,1,1,0,1,0,0000000,10,15,10,38,88,88,0,0,0,1,0
33,330035,1,1,0,0,0,1,1,17,481,8,6,2011,4,13,6,0,5,3,SR-3,,0,44.66755278,-71.570263890,0,1,0,0,1,1,4,0,1,1,0,1,0,0000000,13,5,13,24,88,88,0,0,0,1,0
33,330036,1,1,0,0,0,1,1,9,33,8,6,2011,4,15,53,1,1,1,I-93,,824,43.80517222,-71.674933330,0,52,0,0,1,1,4,0,1,1,0,1,0,0000000,15,53,15,57,88,88,0,0,0,1,1
33,330037,1,1,0,2,2,2,2,13,351,10,6,2011,6,18,28,0,5,3,SR-103,,0,43.34058333,-72.064186110,0,9,0,0,1,1,4,0,1,1,0,1,0,0000000,18,28,18,35,19,11,0,0,0,1,0
33,330038,1,1,0,0,0,1,1,17,342,11,6,2011,7,12,34,0,5,3,SR-125,,0,43.45111111,-70.986486110,0,42,0,0,1,1,4,0,1,2,0,2,0,0000000,12,34,12,38,88,88,0,0,0,1,0
33,330039,1,1,0,0,0,2,2,9,34,10,6,2011,6,15,45,0,5,3,SR-118,,0,43.77379722,-71.932188890,0,17,0,0,1,1,4,0,1,10,0,10,0,0000000,15,49,16,5,16,32,0,0,0,1,0
33,330040,2,2,0,0,0,3,3,13,410,15,6,2011,4,10,43,0,5,3,SR-28,,0,43.30288333,-71.343155560,0,12,2,0,1,1,1,0,1,1,0,1,0,0000000,10,43,10,50,11,14,0,0,0,1,0
33,330041,2,2,0,0,0,2,2,13,304,21,6,2011,3,15,40,0,4,3,SR-106,STANIELS ROAD,0,43.25386111,-71.459069440,0,12,2,0,2,2,1,0,1,1,0,1,0,0000000,15,40,15,45,88,88,0,0,0,1,0
33,330042,2,2,0,0,0,7,7,13,399,4,7,2011,2,9,25,0,5,3,SR-3,,0,43.17366667,-71.483444440,0,12,2,0,1,1,1,0,1,1,0,1,0,0000000,9,25,9,32,10,10,0,0,0,1,0
33,330043,2,2,0,0,0,2,2,15,435,10,7,2011,1,16,33,0,6,5,EVELYN AVE,GERTRUDE AVE,0,43.00503056,-71.166836110,0,12,6,0,2,3,1,0,1,1,0,1,0,0000000,16,33,16,44,88,88,0,0,0,1,0
33,330044,2,2,0,0,0,2,2,17,29,21,7,2011,5,8,23,0,5,3,SR-125,,0,43.23745000,-70.990819440,0,12,2,0,1,1,1,0,1,1,0,1,0,0000000,8,23,8,29,8,46,0,0,0,1,0
33,330045,1,1,0,0,0,1,1,5,250,24,7,2011,1,19,36,0,6,5,COURT STREET,EVERGREEN AVE,0,42.95265278,-72.294297220,0,30,0,0,2,3,4,0,5,1,0,1,0,0000000,19,36,19,38,19,56,0,0,0,1,1
33,330046,2,2,0,0,0,2,2,13,236,27,7,2011,4,21,1,0,15,3,SR-3,PLEASANT STREET,0,43.10383333,-71.451302780,0,12,6,0,2,4,1,0,2,10,0,10,0,0000000,21,1,21,8,88,88,0,0,0,1,0
33,330047,3,3,0,0,0,7,7,15,391,27,7,2011,4,21,6,1,11,1,I-95,,86,43.02598333,-70.826625000,0,12,7,0,1,1,1,1,2,1,0,1,0,0000000,21,6,21,15,21,44,0,0,0,1,0
33,330048,3,3,0,0,0,7,7,7,51,31,7,2011,1,13,40,0,5,3,SR-302,,382,44.27233889,-71.544213890,0,12,2,0,1,1,1,0,1,1,0,1,0,0000000,13,40,13,50,14,28,0,0,0,1,0
33,330049,2,2,0,0,0,2,2,11,220,5,8,2011,6,23,18,0,6,5,WEST MAIN STREET,,0,43.11612222,-71.944238890,0,42,0,0,1,1,4,0,2,1,0,1,0,0000000,23,18,23,30,88,88,20,0,0,2,2
33,330050,1,1,0,1,1,2,2,19,79,10,8,2011,4,17,30,0,5,3,SR-10,,0,43.41979444,-72.176100000,0,9,0,0,1,1,4,0,1,10,0,10,0,0000000,17,39,17,44,88,88,0,0,0,1,0
33,330051,1,1,0,0,0,2,2,11,18,15,8,2011,2,16,57,1,2,3,SR-101,,0,42.95152222,-71.478938890,0,24,0,0,5,1,4,0,1,2,0,2,0,0000000,16,57,17,5,88,88,0,0,0,1,0
33,330052,1,1,0,0,0,3,3,13,70,21,8,2011,1,1,30,1,1,1,I-93,,0,43.21300278,-71.533730560,0,25,0,0,1,1,3,0,3,5,0,5,0,0000000,1,30,1,35,1,57,0,0,0,1,0
33,330053,2,2,0,0,0,2,2,11,350,27,8,2011,7,0,30,1,2,8,EVERETT TURNPIKE,,80,42.75875000,-71.493122220,0,12,1,0,1,1,1,0,3,10,0,10,0,0000000,0,30,0,39,0,57,0,0,0,1,1
33,330054,2,1,1,0,0,1,1,11,5,7,9,2011,4,6,15,0,6,5,MAIN STREET,,0,43.02946667,-71.938013890,0,14,0,0,1,1,7,0,4,2,0,2,0,0000000,6,15,6,25,88,88,0,0,0,1,0
33,330055,1,1,0,0,0,1,1,3,395,4,9,2011,1,20,1,1,2,3,SR-16,,0,43.78762500,-71.172094440,0,11,0,0,1,1,1,0,2,10,0,10,0,0000000,20,1,20,6,88,88,0,0,0,1,0
33,330056,1,1,0,0,0,1,1,15,85,11,9,2011,1,0,12,0,6,6,DREW ROAD,,0,42.88303889,-71.228355560,0,17,0,0,1,1,4,0,2,1,0,1,0,0000000,0,12,0,18,0,32,0,0,0,1,0
33,330057,1,1,0,0,0,2,2,15,448,16,9,2011,6,23,51,1,11,1,I-93,,8,42.75353611,-71.220461110,0,42,0,0,1,1,4,0,3,1,0,1,0,0000000,23,51,0,6,88,88,0,0,0,2,1
33,330058,3,3,0,1,1,3,3,17,443,13,10,2011,5,20,25,0,16,5,PORTLAND AVE,,0,43.20927222,-70.852975000,0,8,0,0,1,1,1,0,3,2,0,2,0,0000000,20,25,20,34,20,51,0,0,0,1,1
33,330059,2,2,0,0,0,5,5,9,28,14,10,2011,6,21,47,0,4,3,SR-302,,0,44.20008611,-71.943097220,0,12,2,0,1,1,1,0,2,2,0,2,0,0000000,21,53,22,5,22,29,0,0,0,1,0
33,330060,1,1,0,0,0,1,1,15,13,15,10,2011,7,1,50,0,6,5,PINGREE HILL ROAD,,0,42.95949722,-71.327083330,0,42,0,0,1,1,4,0,2,10,0,10,0,0000000,1,50,1,59,88,88,0,0,0,1,1
33,330061,1,1,0,0,0,2,2,11,310,16,10,2011,1,15,17,0,6,6,CALEF ROAD,,0,42.96526944,-71.460272220,0,17,0,0,1,1,4,0,1,1,0,1,0,0000000,15,17,15,29,16,3,0,0,0,1,0
33,330062,1,1,0,0,0,3,3,15,85,23,10,2011,1,1,50,0,16,6,OLD MANCHESTER ROAD,,0,42.92204722,-71.340638890,0,17,0,0,1,1,4,0,2,1,0,1,0,0000000,1,50,1,54,2,24,0,0,0,1,1
33,330063,1,1,0,0,0,1,1,9,30,23,10,2011,1,17,17,0,6,5,RIVER ROAD,,0,43.60931667,-71.672069440,0,31,0,0,1,1,4,0,5,1,0,1,0,0000000,17,17,17,24,88,88,0,0,0,1,1
33,330064,2,2,0,0,0,2,2,11,240,20,10,2011,5,19,6,0,16,6,DERRY STREET,,0,42.81823056,-71.414627780,0,12,6,0,8,1,1,0,2,1,0,1,0,0000000,19,6,19,9,19,24,0,0,0,1,0
33,330065,1,1,0,0,0,5,5,11,310,30,10,2011,1,11,47,1,11,1,I-293,,99998,42.95540833,-71.440633330,0,1,0,0,1,1,3,0,1,10,0,10,0,0000000,11,48,11,55,12,23,0,0,0,1,0
33,330066,2,2,0,0,0,2,2,9,300,3,10,2011,2,17,10,0,6,8,HOSPITAL ACCESS ROAD,,0,44.31605556,-71.826544440,0,12,2,0,1,1,1,0,1,10,0,10,0,0000000,17,11,17,15,17,22,0,0,0,1,0
33,330067,1,1,0,0,0,1,1,13,53,17,10,2011,2,16,7,0,6,5,ALLENTOWN ROAD,SCHOOL STREET,0,43.12749444,-71.444608330,0,46,0,0,2,2,4,0,1,1,0,1,0,0000000,16,7,16,9,16,24,0,0,0,1,0
33,330068,1,1,0,0,0,2,2,11,340,16,11,2011,4,0,53,0,6,5,WHITTEN ROAD,,0,42.81995000,-71.694713890,0,30,0,0,1,1,4,0,2,10,0,10,0,0000000,0,53,0,57,1,27,0,0,0,1,1
33,330069,1,1,0,0,0,1,1,9,33,15,11,2011,3,14,10,1,1,1,I-93,,848,43.82765833,-71.656841670,0,1,0,0,1,1,3,0,1,10,0,10,0,0000000,14,10,14,15,14,36,0,0,0,1,0
33,330070,1,1,0,0,0,2,2,11,83,14,11,2011,2,18,23,0,6,5,EAST DEERING ROAD,,0,43.07050833,-71.809338890,0,17,0,0,1,1,4,0,2,10,0,10,0,0000000,18,23,18,45,88,88,0,0,0,2,0
33,330071,1,1,0,0,0,2,2,9,210,15,11,2011,3,17,2,0,6,5,THREE MILE ROAD,,0,43.72190000,-72.172897220,0,1,0,0,1,1,4,0,5,1,0,1,0,0000000,17,2,17,14,17,59,0,0,0,1,0
33,330072,1,1,0,1,1,2,2,5,250,29,11,2011,3,11,20,0,15,3,SR-9,WEST STREET,0,42.94939722,-72.282166670,0,8,0,0,3,2,1,0,1,10,0,10,0,0000000,11,20,11,25,12,9,0,0,0,1,0
33,330073,1,1,0,0,0,1,1,11,340,16,11,2011,4,7,40,0,16,5,BEECH STREET,,0,42.82477778,-71.651802780,0,30,0,0,1,1,4,0,1,1,0,1,0,0000000,7,40,7,46,8,24,0,0,0,1,0
33,330074,1,1,0,1,1,1,1,1,260,6,12,2011,3,18,21,0,16,6,UNION AVE,,0,43.54660000,-71.463077780,0,8,0,0,1,1,1,0,3,10,0,10,0,0000000,18,21,18,26,18,49,0,0,0,1,0
33,330075,1,1,0,0,0,1,1,5,245,8,12,2011,5,22,4,0,6,5,TURNPIKE ROAD,MOORE PIKE ROAD,0,42.80944167,-72.004808330,0,30,0,0,3,3,4,0,2,1,0,1,0,0000000,22,4,22,25,22,47,0,0,0,1,1
33,330076,1,1,0,0,0,1,1,19,50,10,12,2011,7,7,35,0,6,5,HANOVER STREET,,0,43.40288056,-72.333852780,0,42,0,0,1,1,4,0,1,1,0,1,0,0000000,7,35,7,40,88,88,0,0,0,1,0
33,330077,2,2,0,0,0,4,4,13,49,10,12,2011,7,16,15,1,13,3,SR-4,,0,43.24697500,-71.427747220,0,12,2,0,1,1,1,0,1,10,0,10,0,0000000,16,15,16,17,16,33,0,0,0,2,0
33,330078,1,1,0,1,1,1,1,11,18,23,12,2011,6,17,21,0,16,6,RIVER ROAD,COLBY COURT,0,42.96394444,-71.480452780,0,8,0,0,3,2,1,0,2,1,0,1,0,0000000,17,21,17,27,17,47,0,0,0,1,0
33,330079,1,1,0,0,0,1,1,9,172,2,12,2011,6,7,45,0,5,3,SR-4,,0,43.56536111,-71.956397220,0,34,0,0,1,1,4,0,1,1,0,1,0,0000000,8,0,8,15,8,42,0,0,0,1,1
33,330080,1,1,0,1,1,1,1,15,430,23,11,2011,4,18,29,0,16,6,COURT STREET,COURT PLACE,0,43.07498889,-70.757980560,0,9,0,0,3,3,1,0,2,1,0,1,0,0000000,18,29,18,30,18,56,0,0,0,1,0
33,330081,2,2,0,0,0,4,4,15,85,30,12,2011,6,21,22,0,6,5,NORTH SHORE ROAD,,0,42.90771667,-71.289402780,0,12,2,0,1,1,1,0,2,1,0,1,0,0000000,21,22,21,25,22,11,0,0,0,1,1
33,330082,1,1,0,0,0,2,2,15,200,10,12,2011,7,1,11,0,4,3,SR-101 RAMP,,0,42.93076944,-70.837227780,0,1,0,1,5,1,4,0,2,10,0,10,0,0000000,1,11,1,18,1,37,0,0,0,1,1
33,330083,1,1,0,0,0,1,1,7,530,20,12,2011,3,5,50,0,5,3,SR-116,SR-3,0,44.37238889,-71.611711110,0,43,0,0,3,3,5,0,3,10,0,10,0,0000000,6,4,6,10,88,88,0,0,0,1,0
33,330084,1,1,0,0,0,1,1,9,33,24,12,2011,7,16,30,1,1,1,I-93,,838,43.82759722,-71.656466670,0,24,0,0,1,1,4,0,1,1,0,1,0,0000000,16,30,16,35,88,88,0,0,0,1,1
34,340002,1,1,0,0,0,3,3,13,2130,30,1,2011,1,1,5,1,12,2,US-1 & 9,US-22 (RAMP),477,40.70859444,-74.178483330,0,21,0,1,5,1,8,0,3,1,0,1,0,0000000,1,12,1,23,1,43,0,0,0,1,1
34,340003,1,1,0,0,0,1,1,5,0,1,2,2011,3,6,6,0,3,4,537,,0,40.02491111,-74.714900000,0,24,0,0,1,1,4,0,4,3,0,3,0,0000000,6,24,6,32,88,88,0,0,0,1,0
34,340004,1,1,0,0,0,1,1,19,0,14,1,2011,6,17,2,0,4,4,614,,60,40.63483056,-75.020100000,0,42,0,0,1,1,5,0,5,1,0,1,0,0000000,16,59,17,5,88,88,0,0,0,1,1
34,340005,1,1,0,2,2,1,1,7,3694,1,1,2011,7,3,24,0,16,6,RED FOX TRAIL,,0,39.71192778,-74.899902780,0,8,0,0,1,1,1,0,3,1,0,1,0,0000000,3,27,3,37,4,10,0,0,0,1,0
34,340006,2,2,0,0,0,3,3,1,1105,5,1,2011,4,7,50,1,13,2,US-30,BALBOA AVE,472,39.47123611,-74.564655560,0,12,6,0,4,1,1,0,1,1,0,1,0,0000000,7,50,7,56,88,88,0,0,0,1,0
34,340007,2,1,1,0,0,2,2,1,3090,6,1,2011,5,0,58,0,13,4,585,DELAWARE AVE,0,39.31181389,-74.596825000,0,33,0,0,3,3,4,0,2,1,0,1,0,0000000,0,58,1,1,1,43,0,0,0,1,1
34,340008,1,1,0,1,1,1,1,17,190,5,1,2011,4,8,23,0,16,6,W. 25TH ST,AVENUE C,0,40.66657778,-74.118725000,0,8,0,0,1,1,1,0,1,1,0,1,0,0000000,99,99,99,99,99,99,0,0,0,1,0
34,340009,1,1,0,1,1,3,3,11,3460,7,1,2011,6,17,1,0,16,6,POST RD,N LINCOLN AVE,0,39.48992500,-74.951433330,0,8,0,0,1,1,1,0,1,1,0,1,0,0000000,99,99,99,99,88,88,0,0,0,1,0
34,340010,1,1,0,1,1,1,1,29,1590,10,1,2011,2,20,28,0,14,4,623,,0,40.09215833,-74.175138890,0,8,0,0,1,1,1,0,3,1,0,1,0,0000000,20,31,20,33,20,56,0,0,0,1,1
34,340011,1,1,0,1,1,1,1,3,1775,9,1,2011,1,3,33,0,14,4,30,,0,40.82023889,-74.122697220,0,8,0,0,1,1,1,0,2,11,0,11,0,0000000,99,99,99,99,88,88,0,0,0,1,0
34,340012,2,2,0,0,0,3,3,23,779,14,1,2011,6,0,25,1,13,3,SR-18,ARTHUR ST,367,40.43410278,-74.388577780,0,12,1,0,2,2,1,0,3,1,0,1,0,0000000,0,26,0,35,1,3,0,0,0,1,1
34,340013,2,2,0,0,0,2,2,27,1690,11,1,2011,3,10,51,0,14,4,511A,BOG AND VALLEY LANE,0,40.93300000,-74.301308330,0,12,6,0,2,3,1,0,1,1,0,1,0,0000000,10,54,11,2,11,49,0,0,0,1,0
34,340014,1,1,0,0,0,2,2,33,0,3,2,2011,5,21,55,0,4,4,657,,0,39.57890833,-75.409752780,0,18,0,0,1,1,1,0,2,1,0,1,0,0000000,23,14,23,22,99,99,0,0,0,2,0
34,340015,1,1,0,0,0,2,2,5,1805,17,1,2011,2,23,53,1,13,2,US-206,,307,40.07418056,-74.721680560,0,42,0,0,1,1,5,0,2,1,0,1,0,0000000,23,56,0,2,0,45,0,0,0,1,0
34,340017,2,2,0,0,0,2,2,5,2081,25,1,2011,3,2,51,1,12,8,700,,384,39.96927500,-74.905427780,0,12,1,0,5,1,1,0,3,1,0,1,0,0000000,2,51,3,1,88,88,0,0,0,1,1
34,340018,1,1,0,1,1,1,1,23,2417,10,2,2011,5,5,55,1,13,2,US-9,,1228,40.37849167,-74.307447220,0,8,0,0,1,1,1,0,3,1,0,1,0,0000000,5,55,6,14,88,88,0,0,0,1,0
34,340019,1,1,0,1,1,1,1,13,2130,13,2,2011,1,21,29,1,13,3,SR-21,3RD AVE,39,40.75819722,-74.166511110,0,8,0,0,2,2,1,0,3,1,0,1,0,0000000,21,23,21,36,21,49,0,0,0,1,0
34,340020,1,1,0,1,1,1,1,17,1520,1,2,2011,3,20,51,1,13,2,US-1 & 9,,562,40.75685278,-74.054341670,0,8,0,0,1,1,1,0,3,1,0,1,0,0000000,99,99,99,99,88,88,0,0,0,1,0
34,340021,2,1,1,0,2,1,3,7,598,24,1,2011,2,6,41,1,12,8,700,,309,39.88846667,-74.998641670,0,14,0,0,1,1,2,0,4,1,0,1,0,0000000,6,39,6,52,88,88,0,0,0,1,0
34,340022,1,1,0,0,0,3,3,3,1080,24,1,2011,2,20,26,0,14,4,S89,,0,41.02305556,-74.201208330,0,10,0,0,6,1,1,0,3,1,0,1,0,857151J,20,41,20,52,21,29,0,0,0,1,0
34,340023,1,1,0,0,0,1,1,13,2320,10,2,2011,5,1,48,1,12,3,SR-21,,79,40.80987778,-74.139647220,0,48,0,0,1,1,4,0,2,1,0,1,0,0000000,99,99,99,99,88,88,0,0,0,1,1
34,340024,2,2,0,0,0,3,3,23,3160,8,2,2011,3,9,44,0,15,4,663,ST NICHOLAS AVE,0,40.56311111,-74.429325000,0,12,6,0,2,3,1,0,1,10,0,10,0,0000000,9,49,10,0,10,24,0,0,0,1,0
34,340025,1,1,0,0,0,1,1,9,0,4,1,2011,3,15,13,0,4,4,601,,0,39.12366944,-74.767113890,0,30,0,0,1,1,5,0,1,1,0,1,0,0000000,15,13,15,18,15,55,0,0,0,1,0
34,340026,2,2,0,0,0,2,2,9,0,3,1,2011,2,16,1,0,14,2,US-9,,85,39.03168611,-74.861205560,0,12,2,0,1,1,1,0,1,1,0,1,0,0000000,99,99,99,99,88,88,0,0,0,1,0
34,340027,1,1,0,0,0,1,1,11,3460,28,1,2011,6,6,51,1,12,3,SR-55,,324,39.48443611,-75.071983330,0,41,0,0,1,1,5,0,1,1,0,1,0,0000000,6,49,7,2,7,32,0,0,0,1,0
34,340028,1,1,0,1,1,1,1,29,3360,5,1,2011,4,9,30,1,13,3,SR-37,SR-166,66,39.96343889,-74.201058330,0,9,0,0,2,2,1,0,1,1,0,1,0,0000000,99,99,99,99,99,99,0,0,0,1,0
34,340029,1,1,0,0,0,2,2,23,3705,1,2,2011,3,12,12,1,11,1,I-95,,467,40.55036389,-74.276280560,0,48,0,0,1,1,2,0,1,2,0,2,0,0000000,12,16,13,26,88,88,0,0,0,2,0
34,340030,1,1,0,0,0,1,1,15,1311,8,2,2011,3,21,5,1,13,2,US-322,,115,39.73441111,-75.218850000,0,30,0,0,1,1,4,0,3,1,0,1,0,0000000,21,5,21,19,21,39,0,0,0,1,0
34,340031,2,2,0,0,0,2,2,11,0,30,1,2011,1,7,1,0,15,4,606,704,0,39.47671667,-75.231241670,0,12,6,0,2,2,1,0,1,1,0,1,0,0000000,6,57,7,4,7,22,0,0,0,1,0
34,340032,1,1,0,1,1,1,1,7,280,13,1,2011,5,22,46,1,13,2,US-30,,174,39.78712778,-74.923313890,0,8,0,0,1,1,1,0,3,1,0,1,0,0000000,22,47,22,53,23,1,0,0,0,1,0
34,340033,3,2,1,0,0,4,4,31,2510,30,1,2011,1,3,50,0,15,6,PARK AVENUE,E.27TH STREET,0,40.91401389,-74.148433330,0,12,6,0,2,2,1,0,3,1,0,1,0,0000000,3,31,3,36,99,99,0,0,0,1,1
34,340034,2,2,0,0,0,4,4,23,3705,4,2,2011,6,23,52,1,12,8,444,,1340,40.59821111,-74.319719440,0,12,1,0,1,1,1,0,2,1,0,1,0,0000000,23,55,0,3,88,88,0,0,0,1,1
34,340035,1,1,0,1,1,1,1,25,0,26,2,2011,7,22,24,0,13,3,SR-79,MOREAU AVE,3,40.24461667,-74.274958330,0,8,0,0,2,3,1,0,3,1,0,1,0,0000000,99,99,99,99,99,99,0,0,0,1,0
34,340036,1,1,0,0,0,1,1,25,1925,4,3,2011,6,2,12,0,14,4,12,,0,40.36247222,-74.102052780,0,42,0,0,1,1,4,0,3,1,0,1,0,0000000,99,99,99,99,99,99,0,0,0,1,1
34,340037,1,1,0,0,0,3,3,25,1925,27,2,2011,1,2,5,0,16,6,COOPER RD,,0,40.37335000,-74.079352780,0,33,0,0,1,1,4,0,3,1,0,1,0,0000000,2,28,3,1,3,21,0,0,0,1,1
34,340038,2,2,0,0,0,4,4,5,2015,19,2,2011,7,12,21,1,13,3,SR-38,EASTGATE DR,66,39.94798611,-74.959480560,0,12,6,0,2,3,1,0,1,1,0,1,0,0000000,12,22,12,27,88,88,0,0,0,1,0
34,340039,1,1,0,0,0,1,1,7,598,10,2,2011,5,17,38,1,11,1,I-295,,323,39.87887778,-75.011591670,0,42,0,1,5,1,5,0,1,1,0,1,0,0000000,17,36,17,42,18,22,0,0,0,1,0
34,340040,1,1,0,1,1,4,4,29,0,7,3,2011,2,18,31,0,13,2,US-9,,827,39.85226944,-74.182219440,0,8,0,0,1,1,1,0,3,1,0,1,0,0000000,18,50,19,21,19,43,0,0,0,1,0
34,340041,1,1,0,0,0,1,1,5,932,7,3,2011,2,8,58,1,13,3,SR-70,,101,39.89403333,-74.895322220,0,42,0,0,1,1,5,0,1,1,0,1,0,0000000,9,1,9,15,9,31,0,0,0,1,0
34,340042,1,1,0,1,1,1,1,31,660,17,2,2011,5,1,42,1,12,8,444,,1558,40.87361944,-74.166566670,0,8,0,0,1,1,1,1,3,1,0,1,0,0000000,99,99,99,99,88,88,0,0,0,1,0
34,340043,1,1,0,1,1,1,1,25,1925,26,2,2011,7,19,56,1,12,8,444,,1100,40.33543889,-74.099361110,0,8,0,0,1,1,1,0,3,1,0,1,0,0000000,99,99,99,99,99,99,0,0,0,1,0
34,340044,1,1,0,1,1,1,1,29,3360,14,3,2011,2,20,15,1,13,3,SR-70,,485,40.03649444,-74.244222220,0,8,0,0,1,1,1,0,2,1,0,1,0,0000000,20,16,20,24,88,88,0,0,0,1,0
34,340045,2,2,0,0,0,2,2,3,2780,10,1,2011,2,23,49,1,11,1,I-80,,671,40.86701944,-74.031388890,0,33,0,0,1,1,3,0,3,1,0,1,0,0000000,23,53,0,5,88,88,0,0,0,1,1