STATE,ST_CASE,VE_TOTAL,VE_FORMS,PVH_INVL,PEDS,PERNOTMVIT,PERMVIT,PERSONS,COUNTY,CITY,DAY,MONTH,YEAR,DAY_WEEK,HOUR,MINUTE,NHS,ROAD_FNC,ROUTE,TWAY_ID,TWAY_ID2,MILEPT,LATITUDE,LONGITUD,SP_JUR,HARM_EV,MAN_COLL,RELJCT1,RELJCT2,TYP_INT,REL_ROAD,WRK_ZONE,LGT_COND,WEATHER1,WEATHER2,WEATHER,SCH_BUS,RAIL,NOT_HOUR,NOT_MIN,ARR_HOUR,ARR_MIN,HOSP_HR,HOSP_MN,CF1,CF2,CF3,FATALS,DRUNK_DR
34,340046,3,3,0,0,0,3,3,13,2130,26,1,2011,4,1,23,1,11,1,I-78,,572,40.70900000,-74.185119440,0,12,1,0,1,1,1,0,3,10,0,10,0,0000000,99,99,99,99,99,99,0,0,0,1,0
34,340047,1,1,0,0,0,1,1,13,2130,20,2,2011,1,5,0,0,16,6,SOUTH DEVINE ST,,0,40.74185278,-74.216272220,0,33,0,0,1,1,4,0,2,1,0,1,0,0000000,99,99,99,99,88,88,0,0,0,1,1
34,340048,1,1,0,1,1,1,1,3,1060,11,2,2011,6,8,55,0,14,4,56III,,40,40.85522500,-73.977147220,0,8,0,0,1,1,1,0,1,1,0,1,0,0000000,8,54,9,3,9,30,0,0,0,1,0
34,340049,1,1,0,0,0,1,1,19,0,18,3,2011,6,16,45,0,4,4,517,DINNER POT RD,0,40.69261389,-74.771147220,0,1,0,0,2,4,1,0,1,1,0,1,0,0000000,16,48,17,20,88,88,0,0,0,1,0
34,340050,2,2,0,0,0,6,6,25,2109,3,3,2011,5,18,28,0,13,3,SR-33,WALNUT STREET,403,40.20660833,-74.047422220,0,12,6,0,2,2,1,0,3,1,0,1,0,0000000,18,30,18,31,18,55,0,0,0,1,0
34,340051,1,1,0,0,0,3,3,41,1572,24,2,2011,5,6,19,0,6,4,616,,0,40.92756944,-75.029050000,0,35,0,0,1,1,5,0,2,1,0,1,0,0000000,6,33,7,1,88,88,0,0,0,3,0
34,340052,3,1,2,1,1,1,1,7,0,18,3,2011,6,11,13,0,16,6,GREENS WAY,,0,39.82064167,-75.059441670,0,8,0,0,1,1,1,0,1,1,0,1,0,0000000,11,13,11,26,12,6,0,0,0,1,0
34,340053,2,2,0,0,0,3,3,29,3360,7,2,2011,2,16,56,1,12,8,444,,862,40.01376944,-74.186719440,0,12,7,0,1,1,1,0,1,1,0,1,0,0000000,99,99,99,99,99,99,0,0,0,1,0
34,340054,5,5,0,0,0,6,6,27,0,3,2,2011,5,10,37,1,11,1,I-80,,361,40.91081944,-74.530611110,0,12,7,0,1,1,1,0,1,1,0,1,0,0000000,10,45,10,58,11,31,14,0,0,1,0
34,340055,1,1,0,1,1,1,1,17,1520,12,3,2011,7,19,45,0,14,4,621,LAFAYETTE ST,0,40.71230556,-74.061413890,0,8,0,0,3,2,1,0,3,1,0,1,0,0000000,99,99,99,99,99,99,0,0,0,1,0
34,340056,2,2,0,0,0,2,2,7,3694,7,3,2011,2,11,24,0,13,4,689,,0,39.75613889,-74.981111110,0,12,2,0,1,1,1,0,1,1,0,1,0,0000000,99,99,99,99,99,99,0,0,0,1,0
34,340057,3,3,0,0,0,3,3,7,0,18,3,2011,6,12,48,1,13,2,US-130,SR-168,283,39.90402500,-75.095847220,0,12,7,0,2,4,1,0,1,1,0,1,0,0000000,12,56,13,5,13,24,0,0,0,1,0
34,340058,3,3,0,0,0,3,3,23,3705,15,2,2011,3,22,36,1,12,8,444,,1311,40.56126944,-74.322250000,0,24,0,0,1,1,3,0,3,1,0,1,0,0000000,99,99,99,99,99,99,0,0,0,1,0
34,340059,1,1,0,0,0,2,2,33,0,22,2,2011,3,14,1,0,4,4,611,,88,39.58071944,-75.195880560,0,24,0,0,1,1,5,0,1,1,0,1,0,0000000,99,99,99,99,99,99,0,0,0,1,0
34,340060,1,1,0,0,0,1,1,19,0,13,3,2011,1,4,38,0,4,4,513,,195,40.71823333,-74.853952780,0,1,0,0,1,1,5,0,3,1,0,1,0,0000000,4,40,5,0,88,88,0,0,0,1,1
34,340061,1,1,0,0,0,2,2,39,860,6,3,2011,1,4,32,1,11,1,I-95,,575,40.68413056,-74.166611110,0,1,0,0,1,1,2,0,3,1,0,1,0,0000000,4,36,5,7,5,45,0,0,0,1,1
34,340062,1,1,0,0,0,1,1,5,0,18,2,2011,6,4,55,0,99,6,PETTICOAT BRIDGE RD,,0,40.05209167,-74.743422220,0,53,0,0,1,1,5,0,2,1,0,1,0,0000000,99,99,99,99,88,88,0,0,0,1,1
34,340063,1,1,0,0,0,2,2,5,2081,3,3,2011,5,13,57,1,11,1,I-95,,403,39.98941111,-74.874538890,0,43,0,0,1,1,4,0,1,1,0,1,0,0000000,13,57,14,13,14,37,0,0,0,1,0
34,340065,3,3,0,0,0,3,3,5,3325,23,2,2011,4,6,3,1,13,2,US-206,FLYATT ROAD,138,39.83250278,-74.734861110,0,12,6,0,2,2,1,0,4,1,0,1,0,0000000,6,4,6,18,6,39,0,0,0,1,0
34,340066,1,1,0,0,0,8,8,13,2130,16,1,2011,1,3,7,1,13,2,US-1&9,,3,40.73442222,-74.125288890,0,25,0,1,19,1,3,0,3,1,0,1,0,0000000,3,9,3,16,3,30,0,0,0,1,0
34,340067,1,1,0,1,1,1,1,13,2130,19,3,2011,7,5,11,1,13,3,SR-21,MURRAY STREET,11,40.72116111,-74.178325000,0,8,0,0,2,2,1,0,2,1,0,1,0,0000000,5,18,5,24,88,88,0,0,0,1,0
34,340068,2,2,0,0,0,5,5,27,2498,17,1,2011,2,18,53,0,16,6,ALLENTOWN ROAD,NORTHFIELD DRIVE,0,40.86016111,-74.431177780,0,12,6,0,2,2,1,0,3,1,0,1,0,0000000,18,56,19,6,99,99,0,0,0,1,0
34,340069,2,2,0,1,1,1,1,31,2500,17,1,2011,2,9,0,0,16,6,WAIT STREET,WOOD STREET,0,40.93158056,-74.160902780,0,54,11,0,1,1,1,0,1,1,0,1,0,0000000,9,40,9,47,88,88,14,15,0,1,0
34,340070,2,2,0,0,0,2,2,7,0,11,1,2011,3,20,54,0,14,4,705,,0,39.75296389,-75.027458330,0,12,2,0,1,1,1,0,3,4,0,4,0,0000000,21,13,21,28,21,46,0,0,0,1,1
34,340071,2,2,0,0,0,2,2,7,3694,31,1,2011,2,11,41,0,14,4,561,HALL ST,0,39.65745556,-74.843416670,0,12,6,0,2,4,1,0,1,1,0,1,0,0000000,99,99,99,99,99,99,0,0,0,1,0
34,340072,1,1,0,1,1,1,1,3,1210,24,1,2011,2,8,4,0,14,4,56I,,0,40.88651667,-74.063666670,0,8,0,0,1,1,1,0,1,1,0,1,0,0000000,8,6,8,9,8,16,0,0,0,1,0
34,340073,1,1,0,1,1,2,2,7,3080,4,1,2011,3,18,10,1,13,2,US-30,FAIRVIEW AVE,103,39.84825000,-75.021986110,0,8,0,0,2,3,1,0,3,1,0,1,0,0000000,18,11,18,19,18,31,0,0,0,1,0
34,340074,1,1,0,1,1,1,1,1,2640,9,1,2011,1,18,55,1,13,2,US-40,SOUTH HAMPDEN COURT,598,39.38815833,-74.519222220,0,8,0,0,3,2,1,0,3,4,0,4,0,0000000,18,55,18,57,19,24,0,0,0,1,0
34,340075,1,1,0,1,1,1,1,23,3144,20,1,2011,5,0,52,1,13,2,US-1,,172,40.39337222,-74.562738890,0,8,0,0,1,1,1,0,3,1,0,1,0,0000000,0,54,1,4,99,99,0,0,0,1,0
34,340076,2,2,0,0,0,3,3,1,851,15,1,2011,7,12,9,0,14,4,575,DOGWOOD AVE,0,39.40668889,-74.627336110,0,12,6,0,2,2,1,0,1,1,0,1,0,0000000,12,14,12,25,12,36,0,0,0,1,0
34,340077,7,6,1,0,0,8,8,17,190,20,2,2011,1,13,30,0,16,6,AVENUE E,45TH STREET,0,40.67887222,-74.102386110,0,12,1,0,3,3,1,0,1,1,0,1,0,0000000,99,99,99,99,99,99,0,0,0,1,0
34,340079,1,1,0,1,1,1,1,13,2130,27,2,2011,1,23,50,1,12,2,US-1 & 9,,5,40.73292778,-74.120122220,0,8,0,0,1,1,2,0,3,1,0,1,0,0000000,99,99,99,99,88,88,23,0,0,1,0
34,340080,1,1,0,0,0,2,2,1,1105,17,4,2011,1,2,18,0,14,4,634,,0,39.44638333,-74.496950000,0,33,0,0,1,1,4,0,3,1,0,1,0,0000000,2,18,99,97,99,97,0,0,0,2,1
34,340081,2,2,0,0,0,3,3,7,280,31,3,2011,5,7,53,0,13,4,689,COLONIAL PARK ROAD,0,39.79129167,-74.940350000,0,12,6,0,2,3,1,0,1,2,0,2,0,0000000,7,54,7,59,8,18,0,0,0,1,0
34,340082,1,1,0,0,0,1,1,29,1590,6,3,2011,1,2,46,1,12,8,444,,892,40.05323889,-74.169769440,0,24,0,0,1,1,3,0,3,1,0,1,0,0000000,99,99,99,99,99,99,0,0,0,1,1
34,340083,1,1,0,0,0,1,1,7,3694,14,4,2011,5,8,20,1,13,3,SR-73,HAYES MILL RD,145,39.76411389,-74.910577780,0,33,0,0,2,2,3,0,1,1,0,1,0,0000000,8,19,8,28,8,50,0,0,0,1,1
34,340084,1,1,0,0,0,1,1,41,1455,1,4,2011,6,10,27,1,1,1,I-80,,120,40.92600833,-74.962833330,0,33,0,0,1,1,4,0,1,4,0,4,0,0000000,10,27,10,47,11,0,0,0,0,1,0
34,340085,1,1,0,1,1,3,3,11,1970,3,4,2011,1,1,0,0,9,4,627,DEBORAH DR,0,39.34631111,-75.034711110,0,8,0,0,2,3,1,0,2,1,0,1,0,0000000,0,58,1,2,88,88,0,0,0,1,0
34,340086,1,1,0,1,1,2,2,13,800,4,4,2011,2,22,50,1,11,1,I-280,,119,40.76060000,-74.211050000,0,8,0,0,1,1,1,0,3,1,0,1,0,0000000,99,99,99,99,88,88,23,0,0,1,0
34,340087,1,1,0,0,0,1,1,29,3360,16,4,2011,7,11,22,0,14,3,SR-166,,15,39.95738611,-74.199086110,0,33,0,0,1,1,4,0,1,10,0,10,0,0000000,99,99,99,99,12,25,0,0,0,1,1
34,340088,1,1,0,1,1,1,1,31,3522,14,4,2011,5,15,54,0,14,4,502,,0,40.96389167,-74.243202780,0,8,0,0,1,1,1,0,1,1,0,1,0,0000000,16,5,16,10,16,42,0,0,0,1,0
34,340089,2,2,0,0,0,3,3,39,1550,28,2,2011,2,17,23,1,12,8,444,,1403,40.67956389,-74.278136110,0,54,11,0,1,1,1,0,5,1,0,1,0,0000000,17,28,17,37,18,8,14,0,0,1,0
34,340090,3,3,0,0,0,8,8,3,3350,21,2,2011,2,20,18,0,13,2,US-46,INDUSTRIAL RD,685,40.86186944,-74.058505560,0,12,7,0,2,2,1,0,3,1,0,1,0,0000000,20,38,20,48,21,3,0,0,0,1,0
34,340091,1,1,0,0,0,1,1,1,10,10,3,2011,5,8,3,1,13,2,US-30,,542,39.39355556,-74.490705560,0,31,0,1,5,1,8,0,1,1,0,1,0,0000000,8,12,8,19,88,88,0,0,0,1,0
34,340092,1,1,0,0,0,44,44,23,779,14,3,2011,2,21,0,1,11,1,I-95,,379,40.47699444,-74.406550000,0,21,0,0,1,1,3,0,2,1,0,1,0,0000000,21,16,21,30,22,12,0,0,0,2,1
34,340093,1,1,0,0,0,5,5,39,1412,2,4,2011,7,2,26,1,13,2,US-22,,582,40.69689167,-74.217291670,0,24,0,0,1,1,4,0,3,1,0,1,0,0000000,2,27,2,42,3,0,0,0,0,3,1
34,340094,1,1,0,0,0,3,3,29,2590,3,2,2011,5,6,48,0,16,6,MERION AVE,,0,39.93498056,-74.177069440,0,19,0,0,1,1,5,0,3,1,0,1,0,0000000,6,48,7,3,88,88,0,0,0,3,0
34,340095,2,2,0,0,0,3,3,23,3705,19,3,2011,7,2,31,1,11,1,I-95,,492,40.57598889,-74.247322220,0,12,6,0,1,1,1,0,2,1,0,1,0,0000000,99,99,99,99,99,99,19,23,0,1,1
34,340096,2,2,0,0,0,2,2,13,938,3,3,2011,5,13,22,0,13,2,US-46,,539,40.88391389,-74.287555560,0,12,7,0,1,1,1,0,1,1,0,1,0,0000000,13,41,13,59,14,18,0,0,0,1,1
34,340097,3,3,0,0,0,8,8,7,3694,14,2,2011,2,12,42,0,13,4,689,446 (ACE),6,39.73211944,-75.008733330,0,12,1,1,2,2,1,0,1,1,0,1,0,0000000,12,34,12,50,13,18,0,0,0,2,0
34,340098,1,1,0,1,1,1,1,31,3370,11,3,2011,6,6,25,1,11,1,I-80,,549,40.89830000,-74.228352780,0,8,0,0,1,1,1,0,2,2,0,2,0,0000000,6,33,6,45,7,15,0,0,0,1,0
34,340099,1,1,0,1,1,1,1,23,3705,20,2,2011,1,0,12,1,13,2,US-1,FORD AVENUE,342,40.55011944,-74.321847220,0,8,0,0,2,2,1,0,3,1,0,1,0,0000000,0,14,0,21,0,51,0,0,0,1,0
34,340101,2,2,0,0,0,2,2,31,3582,15,2,2011,3,13,37,1,13,3,SR-23,OAK RIDGE ROAD,228,41.05359444,-74.456919440,0,12,6,0,2,2,1,0,1,1,0,1,0,0000000,13,42,14,2,14,48,0,0,0,1,0
34,340102,3,3,0,0,0,3,3,23,2208,8,2,2011,3,13,1,1,13,2,US-130,QUARRY LANE,798,40.42523056,-74.495825000,0,12,7,0,1,1,1,0,1,1,0,1,0,0000000,13,5,13,9,13,40,0,0,0,1,0
34,340104,2,1,1,0,1,1,2,13,2130,26,3,2011,7,2,23,1,12,2,US-1&9,,495,40.71581111,-74.156127780,0,14,0,0,1,1,2,0,2,1,0,1,0,0000000,2,43,2,47,3,7,0,0,0,1,1
34,340105,1,1,0,1,1,1,1,13,2320,1,4,2011,6,19,59,0,14,4,645,,22,40.80973333,-74.166019440,0,8,0,0,1,1,1,0,3,1,0,1,0,0000000,99,99,99,99,99,99,0,0,0,1,0
34,340106,1,1,0,0,0,1,1,5,2015,4,4,2011,2,14,20,1,13,3,SR-38,,63,39.94692500,-74.966025000,0,33,0,0,1,1,4,0,1,1,0,1,0,0000000,14,22,14,36,88,88,0,0,0,1,0
34,340107,1,1,0,0,0,1,1,7,520,17,4,2011,1,1,12,0,14,4,601,10ST STREET,0,39.95130833,-75.111144440,0,33,0,0,1,1,4,0,3,2,0,2,0,0000000,1,12,1,16,88,88,0,0,0,1,1
34,340108,2,2,0,0,0,3,3,7,598,3,1,2011,2,18,58,0,13,3,SR-154,,12,39.90586944,-75.012105560,0,12,2,0,1,1,1,0,2,1,0,1,0,0000000,18,56,19,2,19,35,0,0,0,1,0
34,340110,2,2,0,0,0,3,3,7,598,21,4,2011,5,6,21,1,12,8,700,,307,39.88691944,-74.999986110,0,33,0,0,5,1,4,0,1,1,0,1,0,0000000,6,33,6,40,6,59,0,0,0,2,0
34,340111,1,1,0,0,0,1,1,23,3705,17,2,2011,5,13,32,1,13,2,US-1,,348,40.55651111,-74.309722220,0,33,0,0,1,1,4,0,1,1,0,1,0,0000000,99,99,99,99,88,88,0,0,0,1,0
34,340112,1,1,0,1,1,1,1,5,613,12,3,2011,7,8,0,1,13,2,US-130,CHURCH ROAD,360,39.98796389,-75.010013890,0,8,0,0,2,2,1,0,1,1,0,1,0,0000000,8,0,8,7,8,32,0,0,0,1,0
34,340113,2,2,0,0,0,2,2,13,2890,12,4,2011,3,19,17,0,14,4,611,TANNERY LANE,0,40.82019167,-74.289313890,0,12,6,0,2,3,1,0,3,2,0,2,0,0000000,99,99,99,99,99,99,0,0,0,1,1
34,340114,2,2,0,0,0,2,2,13,2130,10,4,2011,1,4,46,0,14,4,667,NORTH END TERRACE,0,40.78088333,-74.154819440,0,12,6,0,2,3,1,0,3,1,0,1,0,0000000,4,44,4,51,5,9,0,0,0,1,1
34,340115,2,2,0,3,3,3,3,13,2130,7,4,2011,5,19,17,0,16,6,SOUTH 18TH STREET,18TH AVE,0,40.73343889,-74.211166670,0,12,6,0,2,2,1,0,5,1,0,1,0,0000000,19,23,19,28,19,41,0,0,0,1,0
34,340116,1,1,0,0,0,1,1,25,2110,6,4,2011,4,14,15,0,13,3,SR-35,,221,40.19329167,-74.024191670,0,33,0,0,1,1,4,0,1,1,0,1,0,0000000,99,99,99,99,99,99,0,0,0,1,1
34,340117,3,3,0,0,0,6,6,17,1540,10,4,2011,1,3,16,1,11,1,I-95,,636,40.75410000,-74.109305560,0,12,1,0,1,1,1,0,3,1,0,1,0,0000000,99,99,99,99,99,99,0,0,0,1,1
34,340118,2,2,0,0,0,3,3,15,0,26,4,2011,3,20,19,0,13,3,SR-42,GEORGIA AVE,22,39.71506111,-75.018608330,0,12,6,0,2,3,1,0,3,1,0,1,0,0000000,20,19,20,26,21,1,0,0,0,3,0
34,340119,1,1,0,0,0,3,3,23,570,24,4,2011,1,9,15,1,11,1,I-95,,506,40.59894167,-74.232152780,0,25,0,0,1,1,3,0,1,1,0,1,0,0000000,9,23,9,30,9,59,0,0,0,1,0
34,340120,2,2,0,0,0,2,2,33,0,20,4,2011,4,17,58,0,6,4,614,611,0,39.56765278,-75.247013890,0,12,6,0,2,2,1,0,1,1,0,1,0,0000000,17,58,18,13,18,26,0,0,0,1,0
34,340121,1,1,0,0,0,1,1,33,2725,20,4,2011,4,17,46,0,4,4,581,,0,39.54948056,-75.411611110,0,30,0,0,1,1,4,0,1,1,0,1,0,0000000,17,39,17,45,88,88,0,0,0,1,0
34,340122,1,1,0,0,0,1,1,31,2510,3,5,2011,3,18,47,0,16,6,39TH ST,KIDD PLACE,0,40.90474167,-74.138986110,0,33,0,0,3,3,4,0,5,1,0,1,0,0000000,18,44,18,50,88,88,0,0,0,1,0
34,340123,2,2,0,1,1,2,2,29,416,24,3,2011,5,22,21,0,13,3,SR-88,,69,40.07615833,-74.102900000,0,8,0,0,1,1,1,0,3,1,0,1,0,0000000,99,99,99,99,99,99,0,0,0,1,1
34,340125,1,1,0,0,0,2,2,13,2130,11,5,2011,4,2,50,0,16,6,18TH STREET,,0,40.73820278,-74.209319440,0,33,0,0,1,1,4,0,3,1,0,1,0,0000000,2,55,2,59,3,18,0,0,0,1,0
34,340126,1,1,0,0,0,2,2,5,0,31,3,2011,5,15,53,0,6,4,646,,0,39.94266389,-74.611758330,0,42,0,0,1,1,4,0,1,2,0,2,0,0000000,15,55,16,1,16,15,0,0,0,1,1
34,340127,2,2,0,0,0,4,4,29,1580,13,5,2011,6,20,45,1,13,3,SR-37,BROWN AVE,1,40.01127222,-74.303863890,0,12,6,0,3,3,1,0,3,1,0,1,0,0000000,99,99,99,99,99,99,0,0,0,2,1
34,340128,1,1,0,1,1,5,5,29,1505,13,3,2011,1,11,53,0,15,5,DON CONNOR BLVD,,0,40.10957222,-74.350405560,0,8,0,0,1,1,1,0,1,1,0,1,0,0000000,99,99,99,99,99,99,0,0,0,1,0
34,340129,1,1,0,0,0,1,1,31,2510,10,4,2011,1,19,14,1,11,1,I-80,,595,40.90105000,-74.150788890,0,33,0,0,1,1,4,0,5,1,0,1,0,0000000,19,17,19,22,99,99,0,0,0,1,0
34,340130,1,1,0,0,0,1,1,23,3705,15,5,2011,1,17,28,0,13,3,SR-27,,270,40.58684167,-74.301480560,0,42,0,0,1,1,5,0,1,1,0,1,0,0000000,99,99,99,99,88,88,0,0,0,1,0
34,340131,3,3,0,0,0,3,3,5,2081,5,4,2011,3,8,51,1,12,8,700,,372,39.95731944,-74.919763890,0,12,1,0,1,1,1,0,1,1,0,1,0,0000000,8,50,9,5,88,88,0,0,0,1,0
34,340132,1,1,0,0,0,1,1,37,3501,9,4,2011,7,9,18,0,6,5,HOLLAND ROAD,,0,41.21045556,-74.672333330,0,42,0,0,1,1,5,0,1,1,0,1,0,0000000,9,20,9,36,9,48,0,0,0,1,0
34,340133,1,1,0,0,0,3,3,17,1540,27,4,2011,4,14,15,0,16,6,HIGHLAND AVENUE,,0,40.75866667,-74.155355560,0,5,0,0,1,1,1,0,1,1,0,1,0,0000000,99,99,99,99,99,99,0,0,0,1,0
34,340134,5,5,0,0,0,5,5,7,2545,18,4,2011,2,9,35,1,13,3,SR-73,,325,39.98783056,-75.022041670,0,12,1,0,1,1,1,0,1,1,0,1,0,0000000,9,37,9,57,88,88,0,0,0,1,0
34,340135,1,1,0,1,1,1,1,29,0,24,4,2011,1,21,56,0,14,4,601,,0,39.57381111,-74.369422220,0,8,0,0,1,1,1,0,3,2,0,2,0,0000000,21,54,22,0,22,29,0,0,0,1,1
34,340137,1,1,0,0,0,1,1,25,1925,17,4,2011,1,18,2,0,14,4,52,,0,40.36596944,-74.149047220,0,18,0,0,1,1,5,0,1,1,0,1,0,0000000,99,99,99,99,99,99,0,0,0,1,0
34,340138,1,1,0,0,0,2,2,25,3475,11,4,2011,2,17,39,0,6,6,WATSON ROAD,,0,40.18616944,-74.063655560,2,42,0,0,1,1,5,0,5,1,0,1,0,0000000,99,99,99,99,99,99,17,0,0,1,0
34,340139,1,1,0,1,1,2,2,23,3705,14,5,2011,7,23,11,1,13,2,US-1,,338,40.54752500,-74.326372220,0,8,0,0,1,1,1,0,3,1,0,1,0,0000000,23,15,23,28,88,88,0,0,0,1,0
34,340140,1,1,0,0,0,1,1,31,2500,20,4,2011,4,16,42,1,12,3,SR-21,,124,40.86388333,-74.121666670,0,25,0,0,1,1,4,0,1,1,0,1,0,0000000,16,41,16,43,17,16,0,0,0,1,0
34,340141,1,1,0,0,0,1,1,25,3475,13,5,2011,6,0,23,1,12,8,444,,944,40.12328056,-74.126588890,0,42,0,0,1,1,3,0,2,1,0,1,0,0000000,99,99,99,99,88,88,0,0,0,1,0
34,340142,2,2,0,0,0,4,4,1,851,7,5,2011,7,20,33,1,12,8,446,,80,39.41878889,-74.564338890,0,12,1,0,1,1,1,0,3,1,0,1,0,0000000,99,99,99,99,88,88,0,0,0,1,0
34,340143,3,3,0,0,0,5,5,25,8,2,4,2011,7,22,59,1,12,8,444,,1200,40.42856111,-74.234069440,0,12,1,0,1,1,1,0,2,1,0,1,0,0000000,23,35,23,52,0,16,0,0,0,1,1
34,340144,2,2,0,0,0,3,3,5,0,31,3,2011,5,11,36,1,13,2,US-130,BURLINGTON RD,535,40.12641667,-74.738113890,0,12,6,0,2,4,1,0,1,1,0,1,0,0000000,11,46,12,4,12,28,0,0,0,1,0
34,340145,2,2,0,0,0,3,3,31,3582,2,4,2011,7,20,6,0,14,4,513,,0,41.11471667,-74.387161110,0,12,6,0,1,1,1,0,2,1,0,1,0,0000000,20,19,20,56,21,21,0,0,0,1,0
34,340146,2,2,0,1,1,2,2,13,1745,13,4,2011,4,1,25,1,12,8,444,,1453,40.72038889,-74.232688890,0,8,0,0,1,1,1,0,3,2,0,2,0,0000000,99,99,99,99,88,88,0,0,0,1,0
34,340147,3,3,0,0,0,5,5,35,380,17,4,2011,1,17,58,0,13,3,SR-28,,68,40.56797778,-74.553586110,0,12,6,0,1,1,1,0,1,1,0,1,0,0000000,18,1,18,4,18,41,0,0,0,1,0
34,340148,2,2,0,0,0,3,3,39,2630,1,5,2011,1,18,38,0,13,3,SR-28,MELROSE AVE,137,40.60738889,-74.439152780,0,12,6,0,2,3,1,0,1,1,0,1,0,0000000,18,29,18,39,99,99,0,0,0,1,0
34,340149,1,1,0,0,0,1,1,1,1264,18,2,2011,6,23,37,0,14,2,US-322,,438,39.49556389,-74.746383330,0,38,0,0,1,1,5,0,2,1,0,1,0,0000000,23,39,23,41,23,58,0,0,0,1,1
34,340150,4,4,0,0,0,5,5,17,1540,6,5,2011,6,19,22,1,12,2,US-1&9,HACKENSACK AVE,527,40.73465833,-74.100797220,0,33,0,0,2,2,4,0,1,1,0,1,0,0000000,99,99,99,99,99,99,0,0,0,1,1
34,340151,1,1,0,0,0,1,1,21,1265,26,4,2011,3,22,49,1,11,1,I-195,,33,40.19558889,-74.675388890,0,33,0,1,5,1,4,0,2,1,0,1,0,0000000,23,0,23,12,88,88,0,0,0,1,1
34,340152,1,1,0,0,0,2,2,29,0,17,4,2011,1,15,12,1,12,8,444,,640,39.70998889,-74.282602780,0,24,0,1,5,1,4,0,1,1,0,1,0,0000000,99,99,99,99,99,99,0,0,0,1,0
34,340153,1,1,0,0,0,1,1,39,2050,2,5,2011,2,11,0,0,14,4,642,,0,40.69260556,-74.356155560,0,33,0,0,1,1,4,0,1,1,0,1,0,0000000,11,3,11,9,11,40,0,0,0,1,0
34,340154,1,1,0,1,1,2,2,39,2050,22,5,2011,1,8,44,0,14,4,645,,0,40.69277500,-74.370038890,0,9,0,0,1,1,1,0,1,10,0,10,0,0000000,8,43,8,52,99,99,16,0,0,1,0
34,340155,1,1,0,0,0,2,2,29,1505,19,4,2011,3,14,38,0,6,5,CLEARSTREAM ROAD,,0,40.10635556,-74.260347220,0,42,0,0,1,1,4,0,1,1,0,1,0,0000000,14,47,15,16,15,39,0,0,0,1,0
34,340156,1,1,0,0,0,1,1,21,1650,12,5,2011,5,12,46,0,13,2,US-1 BUSINESS,PUTMAN AVE,8,40.24858056,-74.738230560,0,33,0,0,2,3,4,0,1,1,0,1,0,0000000,12,45,12,56,88,88,0,0,0,1,0
34,340157,2,2,0,0,0,2,2,1,1264,15,3,2011,3,21,37,0,6,5,WEST JERSEY AVENUE,,0,39.43249722,-74.658600000,0,12,2,0,1,1,1,0,2,1,0,1,0,0000000,21,37,21,47,88,88,0,0,0,2,1
34,340158,1,1,0,0,0,1,1,7,630,2,5,2011,2,0,9,0,14,4,534,N.SMITH TERRACE,0,39.80102222,-74.972752780,0,33,0,0,2,3,4,0,3,1,0,1,0,0000000,0,11,0,15,88,88,0,0,0,1,1
34,340159,2,2,0,0,0,2,2,7,3694,10,4,2011,1,13,27,1,13,2,US-30,MCDOUGAL ROAD,234,39.71817222,-74.856644440,0,12,6,0,3,3,1,0,1,1,0,1,0,0000000,13,26,13,33,14,16,0,0,0,1,0
34,340160,3,2,1,0,0,2,2,5,3149,26,4,2011,3,18,22,1,13,3,SR-70,,164,39.89586667,-74.780363890,0,12,6,0,4,1,1,0,1,1,0,1,0,0000000,18,25,18,37,18,55,0,0,0,1,0
34,340161,1,1,0,1,1,1,1,7,1710,13,4,2011,4,22,3,1,13,2,US-30,OAK AVE,134,39.81339444,-74.987058330,0,8,0,0,2,3,1,0,3,1,0,1,0,0000000,22,4,22,10,22,40,0,0,0,1,0
34,340162,1,1,0,1,1,1,1,33,567,9,5,2011,2,1,44,0,16,6,SOUTH PENNSVILLE RD,,0,39.68073611,-75.479336110,0,8,0,0,8,1,1,0,3,1,0,1,0,0000000,99,99,99,99,88,88,0,0,0,1,1
34,340163,1,1,0,0,0,1,1,11,0,7,5,2011,7,16,53,0,4,4,670,,0,39.40330556,-75.167683330,0,42,0,0,1,1,5,0,1,1,0,1,0,0000000,16,51,17,2,88,88,0,0,0,1,0
34,340164,1,1,0,1,1,1,1,39,1700,14,4,2011,5,20,36,0,14,4,615,MILTONIA ST,0,40.62623333,-74.259252780,0,8,0,0,3,3,1,0,2,1,0,1,0,0000000,20,35,20,42,20,57,0,0,0,1,0
34,340165,1,1,0,0,0,1,1,27,2030,16,4,2011,7,3,24,0,14,4,601,,0,40.78677222,-74.469236110,0,33,0,0,1,1,4,0,3,1,0,1,0,0000000,3,28,3,41,4,12,0,0,0,1,0
34,340166,2,2,0,0,0,2,2,37,1070,28,3,2011,2,12,11,1,13,3,SR-23,FRANKLIN AVE,322,41.10746389,-74.581030560,0,12,6,0,2,3,1,0,1,1,0,1,0,0000000,12,14,12,25,13,11,0,0,0,1,0
34,340167,3,3,0,0,0,5,5,23,3144,15,5,2011,1,13,24,0,15,6,NEW RD,,0,40.39369167,-74.555369440,0,12,1,0,1,1,1,0,1,1,0,1,0,0000000,13,28,13,38,14,40,0,0,0,1,0