STATE,ST_CASE,VE_TOTAL,VE_FORMS,PVH_INVL,PEDS,PERNOTMVIT,PERMVIT,PERSONS,COUNTY,CITY,DAY,MONTH,YEAR,DAY_WEEK,HOUR,MINUTE,NHS,ROAD_FNC,ROUTE,TWAY_ID,TWAY_ID2,MILEPT,LATITUDE,LONGITUD,SP_JUR,HARM_EV,MAN_COLL,RELJCT1,RELJCT2,TYP_INT,REL_ROAD,WRK_ZONE,LGT_COND,WEATHER1,WEATHER2,WEATHER,SCH_BUS,RAIL,NOT_HOUR,NOT_MIN,ARR_HOUR,ARR_MIN,HOSP_HR,HOSP_MN,CF1,CF2,CF3,FATALS,DRUNK_DR
34,340168,1,1,0,1,1,1,1,15,747,15,5,2011,1,23,54,0,14,3,SR-47,,735,39.85211389,-75.125155560,0,8,0,0,1,1,1,0,7,2,0,2,0,0000000,23,54,23,58,88,88,0,0,0,1,0
34,340169,1,1,0,1,1,2,2,21,3380,9,5,2011,2,17,29,0,13,2,US-1,,2,40.23450000,-74.747863890,0,9,0,0,1,1,1,0,1,1,0,1,0,0000000,17,29,17,35,17,42,0,0,0,1,0
34,340170,1,1,0,1,1,2,2,21,3380,21,4,2011,5,21,20,0,16,6,LINCOLN AVENUE,,0,40.22554444,-74.752966670,0,8,0,0,1,1,1,0,2,1,0,1,0,0000000,20,59,21,2,21,15,0,0,0,1,0
34,340171,1,1,0,1,1,2,2,21,935,3,3,2011,5,18,42,1,13,3,SR-31,UPPER FERRY ROAD,38,40.27706944,-74.780505560,0,8,0,0,3,2,1,0,3,1,0,1,0,0000000,18,49,18,58,19,10,0,0,0,1,0
34,340172,1,1,0,0,0,1,1,39,1412,21,3,2011,2,0,51,1,13,2,US-22,,580,40.69690000,-74.217238890,0,33,0,0,1,1,4,0,3,1,0,1,0,0000000,99,99,99,99,99,99,0,0,0,1,1
34,340173,2,2,0,1,1,4,4,5,3691,10,3,2011,5,19,0,1,13,2,US-130,PENNYPACKER DR,427,40.04394444,-74.907391670,0,8,0,0,3,3,1,0,3,2,0,2,0,0000000,19,1,19,11,19,29,0,0,0,1,0
34,340174,1,1,0,0,0,1,1,13,938,1,5,2011,1,21,18,0,14,4,613,,0,40.87289722,-74.278650000,0,33,0,0,1,1,5,0,3,1,0,1,0,0000000,21,32,21,51,22,18,0,0,0,1,1
34,340175,2,2,0,0,0,3,3,15,1082,29,3,2011,3,16,12,0,4,4,557,VICTORIA AVE,0,39.57232778,-74.974158330,0,12,2,0,2,2,1,0,1,1,0,1,0,0000000,16,14,16,24,16,49,0,0,0,1,0
34,340176,1,1,0,0,0,1,1,15,0,8,5,2011,1,22,45,0,6,6,BROADLANE RD,,0,39.67647500,-74.927530560,0,59,0,0,1,1,5,0,3,1,0,1,0,0000000,99,99,99,99,88,88,0,0,0,1,1
34,340177,2,2,0,0,0,2,2,25,2110,24,5,2011,3,11,20,0,13,3,SR-35,4TH AVE,229,40.20239444,-74.027133330,0,12,6,0,2,3,1,0,1,1,0,1,0,0000000,99,99,99,99,99,99,0,0,0,1,1
34,340178,2,2,0,0,0,2,2,15,9997,6,4,2011,4,11,4,0,3,2,US-130,,111,39.79640278,-75.366211110,0,12,7,0,1,1,1,0,1,1,0,1,0,0000000,11,2,11,9,11,36,0,0,0,1,0
34,340179,2,2,0,0,0,4,4,15,747,19,3,2011,7,2,38,0,14,3,SR-41,,38,39.83708056,-75.088033330,0,12,6,0,4,1,1,0,3,1,0,1,0,0000000,2,41,2,49,99,99,0,0,0,1,1
34,340180,2,2,0,0,0,2,2,11,420,24,5,2011,3,14,42,0,14,4,606,CHARLES ST,0,39.43981389,-75.228850000,0,12,6,0,2,2,1,0,1,1,0,1,0,0000000,14,41,14,46,15,12,0,0,0,1,0
34,340181,1,1,0,0,0,1,1,25,3357,3,5,2011,3,15,59,1,12,8,444,,1073,40.29662222,-74.092591670,0,42,0,0,1,1,5,0,1,1,0,1,0,0000000,99,99,99,99,99,99,0,0,0,1,1
34,340182,2,2,0,0,0,4,4,41,0,28,5,2011,7,18,27,1,2,3,SR-57,THATCHER AVE,49,40.71974444,-75.077144440,0,12,6,0,2,2,1,0,1,1,0,1,0,0000000,18,25,18,41,19,16,0,0,0,1,0
34,340183,1,1,0,0,0,1,1,5,3149,14,5,2011,7,1,52,1,12,2,US-206,,221,39.95090000,-74.744338890,0,1,0,0,1,1,4,0,2,1,0,1,0,0000000,1,52,2,3,88,88,0,0,0,1,1
34,340184,2,2,0,0,0,3,3,39,3207,10,5,2011,3,2,35,1,11,1,I-78,,498,40.71311111,-74.312419440,0,12,2,0,1,1,1,0,2,1,0,1,0,0000000,2,44,2,53,99,99,0,0,0,1,1
34,340185,3,2,1,0,0,2,2,17,1430,30,5,2011,2,0,30,0,16,6,JACKSON ST,SIXTH ST,0,40.74524167,-74.039172220,0,12,6,0,2,2,1,0,2,1,0,1,0,0000000,99,99,99,99,99,99,0,0,0,1,0
34,340186,3,1,2,0,1,2,3,9,0,28,4,2011,5,14,35,1,12,8,444,,252,39.26008056,-74.643800000,0,14,0,0,1,1,2,0,1,10,0,10,0,0000000,14,36,14,36,15,21,19,23,0,1,0
34,340187,1,1,0,0,0,6,6,9,0,15,5,2011,1,14,20,1,12,8,444,,256,39.26498889,-74.640855560,0,24,0,0,1,1,3,0,1,1,0,1,0,0000000,14,18,14,33,15,45,0,0,0,2,0
34,340188,1,1,0,0,0,1,1,3,2940,11,6,2011,7,1,15,1,13,3,SR-17,,47,40.82048333,-74.101344440,0,30,0,0,1,1,5,0,3,1,0,1,0,0000000,1,40,1,21,88,88,0,0,0,1,1
34,340189,1,1,0,0,0,1,1,5,0,30,5,2011,2,17,15,0,4,4,563,,355,39.75708889,-74.535541670,0,42,0,0,1,1,5,0,1,1,0,1,0,0000000,99,99,99,99,88,88,0,0,0,1,0
34,340190,2,2,0,0,0,5,5,41,0,23,5,2011,2,17,15,1,1,1,I-78,,55,40.67113333,-75.105608330,0,54,11,0,1,1,1,0,1,10,0,10,0,0000000,17,15,17,40,18,20,14,0,0,1,0
34,340192,1,1,0,1,1,1,1,31,660,28,6,2011,3,9,11,0,16,6,VALLEY ROAD,RAMP TO US-46,0,40.87012222,-74.189966670,0,9,0,1,5,1,1,0,1,1,0,1,0,0000000,99,99,99,99,99,99,0,0,0,1,0
34,340193,1,1,0,0,0,1,1,5,0,5,6,2011,1,19,17,0,6,6,SOOY PLACE RD,,0,39.85856111,-74.565583330,0,42,0,0,1,1,5,0,1,1,0,1,0,0000000,99,99,99,99,88,88,0,0,0,1,1
34,340194,1,1,0,1,1,1,1,7,520,5,3,2011,7,22,52,1,13,2,US-30,,24,39.94011389,-75.096294440,0,8,0,0,1,1,1,0,3,1,0,1,0,0000000,22,38,22,40,88,88,0,0,0,1,0
34,340195,1,1,0,0,0,1,1,11,0,24,5,2011,3,12,40,0,4,4,626,,42,39.43652500,-75.293255560,0,1,0,0,1,1,1,0,1,1,0,1,0,0000000,12,37,12,48,88,88,0,0,0,1,0
34,340196,1,1,0,0,0,1,1,1,850,16,2,2011,4,15,27,0,6,4,624,,18,39.57752778,-74.590891670,0,42,0,0,1,1,5,0,1,1,0,1,0,0000000,99,99,99,99,88,88,0,0,0,1,0
34,340197,2,2,0,0,0,2,2,25,0,23,6,2011,5,10,10,0,14,4,537,,0,40.22866111,-74.323066670,0,12,6,0,1,1,1,0,1,10,0,10,0,0000000,99,99,99,99,99,99,0,0,0,1,0
34,340198,3,3,0,0,0,4,4,13,3150,11,6,2011,7,14,43,0,14,4,577,LENOX AVE,0,40.74579444,-74.275152780,0,12,6,0,2,2,1,0,1,10,0,10,0,0000000,99,99,99,99,99,99,0,0,0,1,0
34,340199,1,1,0,1,1,1,1,13,800,11,6,2011,7,23,18,0,16,6,FREEWAY DR,SOUTH WALNUT ST,0,40.76162500,-74.214083330,0,8,0,0,2,2,1,0,3,2,0,2,0,0000000,99,99,99,99,99,99,0,0,0,1,0
34,340200,1,1,0,1,1,2,2,11,0,23,4,2011,7,19,20,0,6,4,699,,0,39.24786944,-75.168961110,0,8,0,0,1,1,1,0,5,1,0,1,0,0000000,19,17,19,23,99,99,0,0,0,1,0
34,340202,1,1,0,1,1,2,2,3,20,4,7,2011,2,13,2,0,14,4,90,,0,41.03450000,-74.118469440,0,9,0,0,1,1,1,0,1,1,0,1,0,0000000,99,99,99,99,99,99,0,0,0,1,0
34,340203,2,2,0,0,0,6,6,1,851,5,3,2011,7,12,37,0,14,4,646,ENGLISH CREEK AVE,0,39.43823333,-74.605316670,0,12,6,0,2,2,1,0,1,1,0,1,0,0000000,12,39,12,47,13,26,0,0,0,1,0
34,340204,1,1,0,0,0,3,3,3,2940,1,3,2011,3,0,47,0,13,4,507,,0,40.84128889,-74.114219440,0,33,0,0,1,1,4,0,3,1,0,1,0,0000000,0,45,0,53,1,20,0,0,0,1,1
34,340205,2,1,1,0,0,1,1,11,420,9,4,2011,7,20,15,0,16,6,MLK WAY,,0,39.42311667,-75.225969440,0,14,0,0,1,1,4,0,3,1,0,1,0,0000000,20,14,20,17,20,43,0,0,0,1,1
34,340206,1,1,0,0,0,1,1,3,3335,30,4,2011,7,11,36,1,11,1,I-80,,681,40.86321944,-74.012469440,0,24,0,1,5,1,4,0,1,1,0,1,0,0000000,15,49,15,57,88,88,0,0,0,1,0
34,340207,1,1,0,1,1,1,1,7,1640,25,3,2011,6,23,34,1,11,1,I-295,,313,39.87146944,-75.027650000,0,8,0,0,1,1,1,0,2,1,0,1,0,0000000,99,99,99,99,88,88,0,0,0,1,0
34,340208,1,1,0,0,0,1,1,15,1150,5,3,2011,7,18,55,0,15,4,637,,0,39.68760000,-75.108950000,0,42,0,0,1,1,4,0,3,1,0,1,0,0000000,18,56,19,8,19,49,0,0,0,1,0
34,340209,2,2,0,0,0,3,3,5,3149,19,3,2011,7,10,53,1,13,2,US-206,681,221,39.95220278,-74.744286110,0,12,11,0,2,3,1,0,1,1,0,1,0,0000000,10,55,10,59,11,38,0,0,0,2,0
34,340210,4,4,0,1,1,15,15,5,841,21,2,2011,2,13,3,1,13,2,US-130,COOPER ST,430,40.08834167,-74.826111110,0,12,1,0,3,2,1,0,1,1,0,1,0,0000000,14,15,14,35,15,6,0,0,0,1,0
34,340211,1,1,0,0,0,1,1,19,2757,12,3,2011,7,5,57,0,3,4,523,,0,40.55521389,-74.822172220,0,41,0,0,1,1,5,0,4,1,0,1,0,0000000,6,0,6,5,6,57,0,0,0,1,0
34,340212,1,1,0,0,0,1,1,27,0,14,3,2011,2,11,25,0,15,5,DOVER-MILTON ROAD,,0,41.02078889,-74.529855560,0,35,0,0,1,1,4,0,1,1,0,1,0,0000000,11,27,11,50,88,88,0,0,0,1,0
34,340213,1,1,0,0,0,1,1,23,3160,13,4,2011,4,16,21,0,16,6,OAK TREE AVENUE,,0,40.57851389,-74.397052780,0,33,0,0,1,1,4,0,1,1,0,1,0,0000000,16,29,16,37,17,3,0,0,0,1,0
34,340214,1,1,0,0,0,1,1,7,1235,18,3,2011,6,2,48,0,14,4,656,W ATLANTIC AVE,0,39.88235000,-75.058583330,0,10,0,0,6,1,1,0,3,1,0,1,0,586466M,2,50,2,56,88,88,0,0,0,1,1
34,340215,1,1,0,0,0,1,1,5,3691,12,6,2011,1,2,26,0,16,6,GARFIELD DR,,0,40.01653889,-74.873027780,0,42,0,0,1,1,5,0,2,2,0,2,0,0000000,2,34,2,45,88,88,0,0,0,1,1
34,340216,1,1,0,0,0,1,1,31,3522,3,7,2011,1,2,21,1,13,2,US-46,,565,40.89483056,-74.246002780,0,24,0,0,1,1,3,0,3,1,0,1,0,0000000,99,99,99,99,99,99,0,0,0,1,1
34,340217,1,1,0,2,2,2,2,23,3200,14,5,2011,7,21,24,0,14,4,615,,0,40.39726389,-74.383883330,0,8,0,0,1,1,1,0,2,1,0,1,0,0000000,21,28,21,38,22,1,0,0,0,1,0
34,340218,1,1,0,1,1,1,1,1,851,10,5,2011,3,21,13,1,13,2,US-40,,611,39.38071944,-74.495116670,0,8,0,0,1,1,1,0,3,1,0,1,0,0000000,21,15,21,20,88,88,0,0,0,1,0
34,340219,2,2,0,0,0,2,2,23,779,29,5,2011,1,8,34,1,13,3,SR-18,CINDY WAY,360,40.42511389,-74.380238890,0,12,1,0,2,3,1,0,1,1,0,1,0,0000000,8,38,8,48,9,13,0,0,0,1,0
34,340220,1,1,0,0,0,4,4,9,0,30,5,2011,2,18,45,0,16,6,WEST SUNRISE ROAD,,0,39.25403056,-74.756780560,0,35,0,0,1,1,4,0,1,1,0,1,0,0000000,18,44,18,51,19,37,0,0,0,1,1
34,340221,2,2,0,0,0,3,3,37,0,5,6,2011,1,15,36,1,2,3,SR-15,,172,41.09685000,-74.687250000,0,12,2,0,1,1,1,0,1,1,0,1,0,0000000,15,58,16,35,16,59,0,0,0,1,0
34,340222,2,2,0,0,0,8,8,13,2130,9,5,2011,2,22,2,1,12,2,US-1,,463,40.68772500,-74.192872220,0,12,2,0,1,1,1,0,3,1,0,1,0,0000000,22,4,22,15,22,49,0,0,0,2,0
34,340223,2,2,0,0,0,3,3,13,2130,20,5,2011,6,0,3,0,15,6,SOUTH 11TH ST,16TH ST,0,40.73582778,-74.203355560,0,12,6,0,2,2,1,0,3,10,0,10,0,0000000,0,5,0,8,0,18,0,0,0,1,1
34,340224,4,1,3,1,4,2,5,13,2130,25,6,2011,7,3,22,0,16,6,MADISON AVE,16TH ST,0,40.72596111,-74.211863890,0,8,0,0,1,1,1,0,3,1,0,1,0,0000000,3,21,3,28,3,40,0,0,0,1,1
34,340225,1,1,0,0,0,1,1,35,425,15,5,2011,1,5,50,1,11,1,I-287,,140,40.57416111,-74.566050000,0,35,0,0,1,1,3,0,4,2,0,2,0,0000000,5,57,6,6,7,30,0,0,0,1,0
34,340226,2,2,0,0,0,2,2,9,0,15,6,2011,4,1,25,0,14,3,SR-50,,21,39.23401944,-74.708569440,0,12,1,0,1,1,1,0,2,1,0,1,0,0000000,1,22,1,30,2,9,0,0,0,1,0
34,340227,3,3,0,0,0,5,5,7,3694,25,5,2011,4,16,28,0,6,6,JOHNSON RD,,0,39.72323056,-75.006408330,0,12,1,0,1,1,1,0,1,1,0,1,0,0000000,16,34,16,39,17,4,0,0,0,1,1
34,340228,3,3,0,0,0,5,5,13,2130,4,6,2011,7,3,57,0,16,6,SANFORD AVE,MARION AVE,0,40.74820833,-74.231947220,0,33,0,0,2,3,4,0,2,1,0,1,0,0000000,4,2,4,13,4,28,0,0,0,1,2
34,340229,1,1,0,1,1,1,1,1,2640,9,5,2011,2,17,55,1,13,2,US-40/US-322,MAIN STREET,594,39.39007222,-74.524233330,0,8,0,0,3,2,1,0,1,1,0,1,0,0000000,99,99,99,99,99,99,0,0,0,1,0
34,340230,2,2,0,0,0,2,2,15,747,11,6,2011,7,0,30,0,14,4,621,,0,39.85384167,-75.111947220,0,12,2,0,1,1,1,0,2,1,0,1,0,0000000,0,33,0,44,99,99,0,0,0,1,2
34,340231,2,1,1,1,1,2,2,13,2130,25,6,2011,7,19,15,0,14,4,510,11TH ST,0,40.74049722,-74.201575000,0,14,0,0,2,2,4,0,1,1,0,1,0,0000000,19,21,19,33,19,40,0,0,0,1,0
34,340232,2,2,0,0,0,2,2,23,2570,8,6,2011,4,0,34,0,16,6,WASHINGTON AT,PENN ST,0,40.51547222,-74.272363890,0,12,6,0,2,3,1,0,3,1,0,1,0,0000000,0,38,0,38,1,16,0,0,0,1,1
34,340233,1,1,0,0,0,1,1,29,1801,26,6,2011,1,3,43,0,14,4,547,,0,40.03738056,-74.302886110,0,24,0,0,1,1,5,0,2,1,0,1,0,0000000,99,99,99,99,99,99,0,0,0,1,0
34,340234,2,2,0,0,0,2,2,15,0,21,6,2011,3,12,13,0,13,3,SR-42,,25,39.71808889,-75.021675000,0,12,6,0,7,1,1,0,1,1,0,1,0,0000000,12,13,12,21,12,55,0,0,0,1,0
34,340235,2,2,0,0,0,2,2,21,1265,5,6,2011,1,10,39,0,14,4,533,YOUNGS RD,0,40.26375833,-74.674930560,0,12,6,0,2,2,1,0,1,1,0,1,0,0000000,10,45,10,59,11,12,0,0,0,1,0
34,340236,2,2,0,0,0,2,2,21,1265,27,6,2011,2,13,1,0,14,4,533,KLOCKNER RD,0,40.22473889,-74.687075000,0,12,6,0,2,2,1,0,1,1,0,1,0,0000000,13,5,13,7,13,23,0,0,0,1,0
34,340237,2,2,0,0,0,2,2,27,0,17,7,2011,1,11,59,0,14,4,513,,0,40.80020000,-74.664952780,0,12,6,0,4,1,1,0,1,1,0,1,0,0000000,12,1,12,17,12,53,0,0,0,1,0
34,340238,2,2,0,0,0,2,2,23,2970,5,7,2011,3,19,18,0,14,4,535,,0,40.46289167,-74.324797220,0,12,6,0,4,1,1,0,1,1,0,1,0,0000000,19,19,19,22,19,59,0,0,0,1,0
34,340239,2,2,0,0,0,3,3,35,3520,7,7,2011,5,6,41,0,14,4,527,531,0,40.63836389,-74.450880560,0,12,2,0,2,3,1,0,1,1,0,1,0,0000000,6,42,6,57,7,27,0,0,0,1,1
34,340240,1,1,0,1,1,3,3,35,1081,18,6,2011,7,1,1,0,15,4,623,,0,40.54575000,-74.558244440,0,8,0,0,1,1,1,0,3,1,0,1,0,0000000,1,4,1,20,2,2,0,0,0,1,0
34,340241,1,1,0,1,1,1,1,5,611,10,7,2011,1,21,45,0,16,4,672,,0,40.14637222,-74.654952780,0,8,0,0,1,1,1,0,3,1,0,1,0,0000000,21,46,22,1,22,25,0,0,0,1,0
34,340242,2,2,0,0,0,5,5,23,3144,9,7,2011,7,23,39,0,14,4,535,DEANS RHODE HALL RD,0,40.37857500,-74.454044440,0,12,6,0,2,3,1,0,2,1,0,1,0,0000000,0,29,0,46,1,10,0,0,0,1,1
34,340243,2,2,0,0,0,3,3,15,0,1,7,2011,6,18,10,1,13,2,US-322,,194,39.70068333,-75.085502780,0,12,6,0,1,1,1,0,1,1,0,1,0,0000000,18,12,18,25,88,88,0,0,0,1,1
34,340244,3,3,0,2,2,3,3,17,1520,12,7,2011,3,22,34,0,14,4,501,,0,40.73786111,-74.062591670,0,12,7,0,1,1,1,0,3,1,0,1,0,0000000,99,99,99,99,99,99,0,0,0,1,0
34,340245,2,2,0,0,0,2,2,19,2757,3,6,2011,6,3,29,1,11,1,I-78,,235,40.65176944,-74.783080560,0,12,1,0,1,1,1,0,2,1,0,1,0,0000000,3,36,3,49,88,88,0,0,0,1,1
34,340246,2,2,0,0,0,5,5,41,0,28,5,2011,7,15,15,0,3,3,SR-94,CR-661,141,40.98673889,-74.872950000,0,12,6,0,2,3,1,0,1,1,0,1,0,0000000,15,13,15,35,16,1,0,0,0,1,0
34,340247,1,1,0,0,0,1,1,35,214,28,6,2011,3,4,6,1,1,1,I-78,,308,40.64409722,-74.642766670,0,24,0,1,5,1,4,0,3,1,0,1,0,0000000,4,9,4,28,88,88,0,0,0,1,0
34,340248,2,2,0,0,0,2,2,41,1298,25,5,2011,4,6,47,0,14,4,519,,0,40.72973056,-75.144058330,0,12,2,0,1,1,1,0,1,1,0,1,0,0000000,6,50,7,0,7,23,0,0,0,1,0
34,340249,2,2,0,0,0,16,16,19,1660,2,7,2011,7,23,4,1,11,1,I-78,,204,40.64740000,-74.841977780,0,12,1,0,1,1,1,0,2,1,0,1,0,0000000,23,9,23,27,0,22,0,0,0,1,0
34,340250,1,1,0,1,1,1,1,29,0,7,5,2011,7,4,50,1,13,3,SR-37,,128,39.94263889,-74.088772220,0,8,0,0,1,1,1,0,2,5,0,5,0,0000000,5,1,5,18,99,99,0,0,0,1,0
34,340251,1,1,0,0,0,1,1,27,0,11,7,2011,2,23,35,0,16,6,ROXITIOUS RD,,0,40.76214722,-74.634588890,0,24,0,0,1,1,5,0,3,1,0,1,0,0000000,23,47,0,3,0,38,0,0,0,1,1
34,340252,1,1,0,0,0,4,4,27,2084,15,6,2011,4,23,58,0,6,6,SANDSHORE RD,FIRETOWER RD,0,40.88642778,-74.747930560,0,42,0,0,3,3,5,0,2,1,0,1,0,0000000,0,11,0,22,0,36,0,0,0,1,1
34,340253,1,1,0,0,0,1,1,23,3144,5,7,2011,3,16,5,1,11,1,I-95,,776,40.40171944,-74.451811110,0,42,0,0,1,1,4,0,1,1,0,1,0,0000000,16,15,16,33,17,1,0,0,0,1,0
34,340254,1,1,0,0,0,1,1,13,1945,9,6,2011,5,16,11,1,13,3,SR-24,,85,40.72845278,-74.346841670,0,1,0,0,1,1,1,0,1,1,0,1,0,0000000,16,11,16,18,16,31,0,0,0,1,0
34,340255,1,1,0,0,0,1,1,35,425,17,6,2011,6,21,28,1,11,1,I-287,,169,40.58658889,-74.614108330,0,24,0,0,1,1,3,0,2,1,0,1,0,0000000,21,28,21,45,88,88,0,0,0,1,1
34,340256,5,5,0,0,0,8,8,11,1845,14,5,2011,7,14,3,1,2,3,SR-347,550,32,39.25923889,-74.931091670,0,12,8,0,1,1,1,0,1,2,0,2,0,0000000,14,4,14,26,15,13,0,0,0,2,0
34,340257,3,3,0,0,0,5,5,23,1986,25,7,2011,2,16,40,0,14,4,613,NORMA ST,0,40.37370278,-74.388941670,0,12,1,0,2,3,1,0,1,2,0,2,0,0000000,16,41,16,44,17,24,0,0,0,1,0
34,340258,2,2,0,0,0,3,3,29,0,23,5,2011,2,8,30,0,4,4,539,,0,40.06296389,-74.464130560,0,12,6,0,1,1,1,0,1,1,0,1,0,0000000,8,30,8,34,9,0,0,0,0,1,0
34,340259,2,2,0,0,0,7,7,25,1925,13,7,2011,4,21,48,1,12,8,444,,1114,40.35940000,-74.134788890,0,12,7,0,1,1,1,0,2,1,0,1,0,0000000,22,15,22,46,23,5,0,0,0,1,0
34,340260,1,1,0,0,0,1,1,29,1801,22,6,2011,4,16,3,0,14,4,571,,0,40.02064722,-74.265047220,0,16,0,0,1,1,1,0,1,2,0,2,0,0000000,99,99,99,99,88,88,0,0,0,1,0
34,340261,4,4,0,0,0,10,10,1,1270,10,4,2011,1,12,58,0,15,4,614,,0,39.48094167,-74.635405560,0,12,1,0,1,1,1,0,1,1,0,1,0,0000000,13,1,13,9,13,43,14,0,0,1,1
34,340262,2,2,0,0,0,2,2,35,425,28,5,2011,7,17,59,1,13,2,US-202,,228,40.57461667,-74.660919440,0,59,0,0,1,1,4,0,1,1,0,1,0,0000000,17,56,18,6,99,99,0,0,0,1,0
34,340263,1,1,0,1,1,1,1,21,3380,27,5,2011,6,20,45,0,14,4,653,,0,40.23505000,-74.762350000,0,8,0,0,1,1,1,0,3,1,0,1,0,0000000,20,44,20,50,21,0,0,0,0,1,0
34,340264,1,1,0,0,0,5,5,5,2081,21,7,2011,5,17,41,1,12,8,700,,350,39.91987500,-74.967955560,0,25,0,0,1,1,3,0,1,1,0,1,0,0000000,17,41,17,51,18,29,0,0,0,1,0
34,340265,3,1,2,0,0,1,1,1,1270,30,7,2011,7,16,34,0,16,6,GRAPE ST,,0,39.64000000,-74.793633330,0,14,0,0,1,1,2,0,1,1,0,1,0,0000000,16,35,16,40,17,0,0,0,0,1,0
34,340266,3,3,0,0,0,4,4,41,18,25,6,2011,7,15,46,1,1,1,I-80,,203,40.91721111,-74.808419440,0,12,1,0,1,1,1,0,1,1,0,1,0,0000000,15,48,16,1,16,58,0,0,0,1,0
34,340267,1,1,0,0,0,2,2,1,10,4,6,2011,7,22,4,1,13,2,US-30,,539,39.39755278,-74.492625000,0,42,0,0,1,1,5,0,3,1,0,1,0,0000000,21,58,22,4,22,32,0,0,0,1,1
34,340268,1,1,0,0,0,1,1,11,420,3,5,2011,3,19,16,0,15,4,722,BIRCH ST,0,39.42119444,-75.224097220,0,33,0,0,2,3,4,0,1,1,0,1,0,0000000,19,16,19,20,99,99,0,0,0,1,1
34,340269,2,2,0,0,0,2,2,35,3504,1,7,2011,6,13,37,1,11,1,I-78,,384,40.64665000,-74.502469440,0,12,7,0,1,1,1,0,1,1,0,1,0,0000000,13,46,13,57,14,20,0,0,0,1,0
34,340270,2,2,0,0,0,2,2,13,2130,16,6,2011,5,1,8,1,12,2,US-1 &9,,462,40.68751389,-74.192852780,0,12,99,0,1,1,1,0,3,1,0,1,0,0000000,1,9,1,25,1,50,0,0,0,1,1
34,340271,2,2,0,0,0,2,2,11,3460,30,7,2011,7,22,34,0,16,6,PANTHER RD,CHESTNUT AVE,0,39.47512778,-74.946777780,0,12,6,0,2,2,1,0,3,1,0,1,0,0000000,99,99,99,99,99,99,0,0,0,1,1
34,340272,2,2,0,0,0,5,5,25,0,27,7,2011,4,20,28,0,14,4,522,,0,40.26799167,-74.297097220,0,12,6,0,1,1,1,0,3,1,0,1,0,0000000,21,12,21,34,22,8,0,0,0,1,1
34,340273,1,1,0,1,1,1,1,17,1520,29,7,2011,6,23,44,1,14,4,501,BOND STREET,0,40.73017778,-74.068516670,0,8,0,0,2,3,1,0,3,1,0,1,0,0000000,99,99,99,99,99,99,0,0,0,1,0
34,340274,2,2,0,0,0,3,3,27,0,10,8,2011,4,14,22,1,2,2,US-206,,848,40.75265278,-74.696602780,0,12,2,0,1,1,1,0,1,1,0,1,0,0000000,14,27,14,44,15,30,0,0,0,1,0
34,340275,2,2,0,0,0,3,3,37,2410,3,6,2011,6,20,39,0,14,4,517,GRANT TERRANCE,0,41.07585833,-74.595108330,0,12,2,0,2,3,1,0,5,1,0,1,0,0000000,20,40,21,8,21,28,0,0,0,1,1
34,340276,1,1,0,0,0,4,4,13,2130,31,7,2011,1,5,44,1,13,6,RAYMOND BLVD,,0,40.73350278,-74.145966670,0,33,0,0,1,1,4,0,4,1,0,1,0,0000000,5,45,5,55,6,15,0,0,0,1,1
34,340277,1,1,0,1,1,1,1,17,1310,10,8,2011,4,14,39,0,14,4,508,,0,40.74624444,-74.157930560,0,8,0,0,1,1,1,0,1,1,0,1,0,0000000,99,99,99,99,99,99,0,0,0,1,0
34,340279,2,2,0,0,0,4,4,3,2942,7,5,2011,7,19,13,0,16,6,MAYHILL STREET,ROCHELLE PARKWAY,0,40.90317500,-74.088836110,0,58,0,0,1,1,1,0,1,1,0,1,0,0000000,19,15,19,20,19,37,0,0,0,1,1
34,340281,1,1,0,0,0,1,1,29,1505,23,7,2011,7,19,3,0,14,4,527,,0,40.09348611,-74.308316670,0,42,0,0,1,1,4,0,1,1,0,1,0,0000000,99,99,99,99,88,88,19,0,0,1,1
34,340282,2,2,0,0,0,2,2,17,3526,11,6,2011,7,12,9,1,12,3,SR-495,,26,40.76446944,-74.022102780,0,12,1,0,1,1,1,0,1,1,0,1,0,0000000,99,99,99,99,99,99,99,99,99,1,0
34,340283,1,1,0,0,0,2,2,11,3460,28,6,2011,3,2,13,0,15,4,690,,0,39.55030833,-75.070663890,0,24,0,0,1,1,4,0,2,1,0,1,0,0000000,2,23,99,97,99,97,0,0,0,2,1
34,340284,2,2,0,0,0,9,9,1,90,20,8,2011,7,15,15,1,13,2,US-40,,616,39.37715000,-74.486794440,0,12,1,0,7,1,1,0,1,1,0,1,0,0000000,15,21,15,38,15,49,0,0,0,3,0
34,340285,2,2,0,0,0,3,3,27,2498,22,7,2011,6,10,52,0,13,2,US-46,DRIVEWAY ACCESS,490,40.86195833,-74.373363890,0,12,1,0,2,2,1,0,1,1,0,1,0,0000000,10,53,10,57,11,16,0,0,0,1,0
34,340286,1,1,0,1,1,1,1,31,2510,6,8,2011,7,13,40,0,16,6,GETTY AVE,ROBERT ST,0,40.89730278,-74.158950000,0,8,0,0,2,3,1,0,1,1,0,1,0,0000000,99,99,99,99,88,88,0,0,0,1,0
34,340287,2,2,0,0,0,6,6,5,0,20,6,2011,2,8,36,1,13,2,US-130,662,535,40.12641667,-74.738191670,0,12,6,0,2,3,1,0,1,1,0,1,0,0000000,8,33,8,42,8,57,0,0,0,1,0