STATE,ST_CASE,VE_TOTAL,VE_FORMS,PVH_INVL,PEDS,PERNOTMVIT,PERMVIT,PERSONS,COUNTY,CITY,DAY,MONTH,YEAR,DAY_WEEK,HOUR,MINUTE,NHS,ROAD_FNC,ROUTE,TWAY_ID,TWAY_ID2,MILEPT,LATITUDE,LONGITUD,SP_JUR,HARM_EV,MAN_COLL,RELJCT1,RELJCT2,TYP_INT,REL_ROAD,WRK_ZONE,LGT_COND,WEATHER1,WEATHER2,WEATHER,SCH_BUS,RAIL,NOT_HOUR,NOT_MIN,ARR_HOUR,ARR_MIN,HOSP_HR,HOSP_MN,CF1,CF2,CF3,FATALS,DRUNK_DR
34,340288,2,2,0,0,0,5,5,1,0,22,6,2011,4,10,16,0,4,4,557,,192,39.41119722,-74.832858330,0,12,6,0,4,1,1,0,1,1,0,1,0,0000000,10,29,10,49,11,2,0,0,0,1,1
34,340289,1,1,0,1,1,2,2,37,0,17,6,2011,6,21,44,1,2,2,US-206,E SHORE LK OWASSA RD,1189,41.16014444,-74.786080560,0,8,0,0,2,3,1,0,3,1,0,1,0,0000000,21,48,22,4,22,50,0,0,0,1,0
34,340290,1,1,0,0,0,1,1,41,0,12,7,2011,3,5,8,1,13,3,SR-57,,870,40.74719167,-75.016461110,0,53,0,0,1,1,4,0,3,1,0,1,0,0000000,5,13,6,35,6,59,0,0,0,1,0
34,340291,2,1,1,2,3,1,2,5,1805,29,7,2011,6,22,57,1,11,1,I-295,,531,40.09097500,-74.753594440,0,52,0,0,1,1,3,0,2,10,0,10,0,0000000,22,59,23,10,23,35,23,0,0,1,1
34,340292,2,2,0,0,0,2,2,1,0,15,7,2011,6,15,43,0,3,3,SR-54,,42,39.56458056,-74.885788890,0,12,8,0,1,1,1,0,1,1,0,1,0,0000000,15,46,15,54,16,17,0,0,0,1,0
34,340293,2,2,0,0,0,2,2,33,2565,7,6,2011,3,1,54,0,14,4,551,HUMPHREYS AVE,0,39.66901111,-75.487747220,0,12,6,0,2,3,1,0,3,1,0,1,0,0000000,1,53,2,10,88,88,0,0,0,1,1
34,340294,3,3,0,1,1,7,7,7,0,31,7,2011,1,1,19,1,12,3,SR-42,,94,39.81224444,-75.062433330,0,8,0,0,1,1,1,0,2,1,0,1,0,0000000,1,29,99,97,99,97,0,0,0,1,0
34,340295,1,1,0,0,0,1,1,11,0,9,8,2011,3,2,19,0,14,4,553,,160,39.38411667,-75.221847220,0,24,0,0,1,1,4,0,3,1,0,1,0,0000000,2,15,2,22,99,99,0,0,0,1,1
34,340296,2,2,0,0,0,2,2,33,2586,15,7,2011,6,12,19,1,13,3,SR-45,,121,39.68033056,-75.298416670,0,12,8,0,1,1,1,0,1,1,0,1,0,0000000,12,19,12,32,13,8,0,0,0,2,1
34,340297,2,2,0,0,0,3,3,23,2570,10,8,2011,4,18,26,1,13,3,SR-35,CLARK AVE,538,40.53671389,-74.278200000,0,12,6,0,2,3,1,0,1,1,0,1,0,0000000,18,29,18,35,18,47,0,0,0,1,0
34,340298,3,3,0,0,0,4,4,21,935,22,8,2011,2,18,42,0,14,4,634,,0,40.26703333,-74.817002780,0,12,1,0,4,1,1,0,1,1,0,1,0,0000000,18,48,18,53,19,15,0,0,0,1,0
34,340299,2,2,0,0,0,2,2,5,2081,22,8,2011,2,10,47,0,14,4,673,,0,39.93280833,-74.959502780,0,12,6,0,4,1,1,0,1,1,0,1,0,0000000,10,49,10,51,11,24,0,0,0,1,0
34,340300,1,1,0,0,0,1,1,17,1520,5,9,2011,2,22,58,1,13,2,US-1&9,,99999,40.73953056,-74.073133330,0,25,0,0,1,1,3,0,3,1,0,1,0,0000000,99,99,99,99,99,99,0,0,0,1,1
34,340301,1,1,0,0,0,1,1,25,1925,2,9,2011,6,4,13,0,16,6,CHAPEL HILL RD,MOHICAN DR,0,40.39106111,-74.072377780,0,33,0,0,2,3,4,0,3,1,0,1,0,0000000,99,99,99,99,88,88,0,0,0,1,1
34,340302,2,2,0,0,0,9,9,1,851,7,8,2011,1,2,21,1,13,2,US-40,,611,39.38150000,-74.497302780,0,12,6,0,1,1,1,0,2,1,0,1,0,0000000,3,24,3,30,3,51,18,0,0,1,1
34,340303,1,1,0,0,0,1,1,39,3395,8,8,2011,2,7,52,1,11,1,I-78,,525,40.70943056,-74.260850000,0,1,0,0,1,1,1,0,1,1,0,1,0,0000000,99,99,99,99,99,99,0,0,0,1,0
34,340304,1,1,0,1,1,1,1,3,3335,25,8,2011,5,23,14,0,13,4,39,SELVAGE AVE,0,40.89231667,-74.002725000,0,8,0,0,3,2,1,0,3,2,0,2,0,0000000,23,13,23,18,88,88,0,0,0,1,0
34,340305,1,1,0,0,0,4,4,33,0,11,7,2011,2,18,0,1,11,1,I-295,,80,39.73981389,-75.393880560,0,42,0,0,1,1,3,0,1,1,0,1,0,0000000,18,0,18,8,18,41,0,0,0,3,0
34,340306,1,1,0,1,1,1,1,17,1520,25,8,2011,5,12,45,0,14,6,SIP AVE,CORBIN AVE,0,40.73219444,-74.071647220,0,9,0,0,2,2,1,0,1,1,0,1,0,0000000,99,99,99,99,99,99,0,0,0,1,0
34,340307,2,2,0,0,0,2,2,21,3633,6,9,2011,3,16,26,0,14,6,NORTH POST RD,,0,40.28890556,-74.635513890,0,12,1,0,1,1,1,0,1,2,0,2,0,0000000,17,6,17,13,17,32,0,0,0,1,0
34,340308,1,1,0,0,0,1,1,1,850,14,8,2011,1,0,48,1,12,8,GARDEN STATE PARKWAY,FIRE ROAD EXIT,350,39.39223056,-74.565219440,0,31,0,0,1,1,8,0,2,1,0,1,0,0000000,99,99,99,99,99,99,0,0,0,1,1
34,340309,2,2,0,0,0,10,10,1,851,19,8,2011,6,12,49,1,11,8,444,,376,39.41353611,-74.553855560,0,1,0,0,1,1,1,0,1,1,0,1,0,0000000,11,46,11,52,12,26,14,0,0,4,0
34,340310,2,2,0,0,0,2,2,7,598,30,4,2011,7,13,12,1,13,3,SR-70,WHITMAN AVENUE,28,39.91674722,-75.026255560,0,12,6,0,2,3,1,0,1,1,0,1,0,0000000,13,12,13,21,13,42,0,0,0,1,0
34,340311,2,2,0,0,0,3,3,27,0,3,9,2011,7,9,44,1,13,3,SR-15,,39,40.93086111,-74.590944440,0,12,1,0,1,1,1,0,1,1,0,1,0,0000000,9,47,10,10,10,21,0,0,0,1,0
34,340312,1,1,0,0,0,1,1,1,1105,5,9,2011,2,23,51,1,13,2,US-30,,430,39.51191389,-74.623250000,0,30,0,0,1,1,4,0,3,1,0,1,0,0000000,99,99,99,99,88,88,0,0,0,1,1
34,340313,1,1,0,1,1,1,1,25,430,15,8,2011,2,16,0,0,16,6,UNION LANE,GREEN AVENUE,0,40.10787222,-74.052811110,0,9,0,0,2,3,1,0,1,1,0,1,0,0000000,99,99,99,99,99,99,0,0,0,1,0
34,340314,2,2,0,0,0,2,2,3,2780,13,9,2011,3,9,3,0,13,3,SR-93,,4,40.84077778,-74.005650000,0,12,6,0,8,1,1,0,1,1,0,1,0,0000000,9,5,9,18,9,47,0,0,0,1,0
34,340315,4,4,0,0,0,29,29,23,3144,24,8,2011,4,11,54,1,11,1,I-95,,308,40.37429167,-74.463700000,0,12,1,0,1,1,1,0,1,1,0,1,0,0000000,12,10,12,34,13,4,0,0,0,1,0
34,340316,1,1,0,0,0,1,1,17,1520,21,8,2011,1,20,30,1,11,1,I-78,,646,40.70666389,-74.060866670,0,1,0,1,17,1,1,0,3,2,0,2,0,0000000,99,99,99,99,99,99,0,0,0,1,0
34,340317,2,2,0,1,1,3,3,29,1590,9,5,2011,2,17,2,0,13,4,526,MONMOUTH AVENUE,0,40.10568611,-74.212705560,0,12,6,0,2,2,1,0,1,1,0,1,1,0000000,17,10,17,34,18,9,0,0,0,1,0
34,340318,1,1,0,1,1,2,2,29,1590,27,5,2011,6,0,38,1,12,2,US-9,,1029,40.10906389,-74.219191670,0,8,0,0,1,1,1,0,3,1,0,1,0,0000000,99,99,99,99,99,99,0,0,0,1,0
34,340319,1,1,0,1,1,1,1,29,416,11,5,2011,4,20,11,0,15,5,JORDAN ROAD,,0,40.07428611,-74.092666670,0,8,0,0,1,1,1,0,3,1,0,1,0,0000000,99,98,99,98,99,98,0,0,0,1,1
34,340320,2,2,0,0,0,2,2,1,1270,10,6,2011,6,10,54,0,15,4,678,4TH STREET,0,39.64670000,-74.802919440,0,12,2,0,2,2,1,0,1,1,0,1,0,0000000,11,11,11,25,11,43,0,0,0,1,0
34,340321,2,2,0,0,0,2,2,35,425,29,7,2011,6,16,39,0,14,2,US-22,,312,40.59518611,-74.669180560,0,43,0,0,1,1,3,0,1,1,0,1,0,0000000,16,38,16,46,17,37,0,0,0,1,0
34,340322,1,1,0,1,1,1,1,31,660,26,8,2011,6,23,34,0,14,4,602,603,0,40.83558333,-74.147469440,0,8,0,0,2,2,1,0,3,1,0,1,0,0000000,99,99,99,99,88,88,0,0,0,1,0
34,340323,1,1,0,0,0,2,2,5,300,5,6,2011,1,15,10,0,13,4,543,,0,40.06529722,-74.918122220,0,33,0,0,1,1,4,0,1,1,0,1,0,0000000,15,12,15,16,15,32,0,0,0,1,0
34,340324,2,2,0,0,0,4,4,13,2130,4,5,2011,4,11,0,1,13,3,SR-21,SOUTH ST,13,40.72359167,-74.175866670,0,12,6,0,2,2,1,0,1,2,0,2,0,0000000,11,16,11,34,11,55,0,0,0,1,0
34,340325,2,2,0,0,0,6,6,29,1801,1,9,2011,5,19,23,1,13,3,SR-70,,470,40.02495278,-74.266505560,0,12,2,0,1,1,1,0,5,1,0,1,0,0000000,99,99,99,99,99,99,0,0,0,1,0
34,340326,1,1,0,1,1,1,1,3,2940,24,6,2011,6,21,57,0,14,4,30,FRANKLIN PLACE,0,40.82749722,-74.103833330,0,8,0,0,2,3,1,0,3,1,0,1,0,0000000,99,99,99,99,99,99,0,0,0,1,0
34,340327,2,2,0,0,0,2,2,17,1520,14,9,2011,4,16,35,1,13,3,SR-440,VIRGINIA AVE,259,40.72080278,-74.092913890,0,12,6,0,2,3,1,0,1,1,0,1,0,0000000,99,99,99,99,99,99,0,0,0,1,0
34,340328,2,2,0,0,0,2,2,27,2498,24,7,2011,1,5,56,0,13,2,US-46,,487,40.86235000,-74.377011110,0,12,2,0,1,1,1,0,4,10,0,10,0,0000000,5,55,6,9,6,40,0,0,0,1,1
34,340329,2,2,0,0,0,2,2,5,841,1,7,2011,6,2,3,1,13,2,US-130,626,421,40.03876111,-74.915661110,0,12,6,0,2,2,1,0,3,1,0,1,0,0000000,2,3,2,48,3,16,0,0,0,1,1
34,340330,1,1,0,1,1,1,1,13,2130,18,6,2011,7,18,31,0,13,4,506,BROADWAY,0,40.75341111,-74.170675000,0,8,0,0,2,2,1,0,1,1,0,1,0,0000000,99,99,99,99,99,99,0,0,0,1,0
34,340331,2,2,0,0,0,3,3,3,2780,13,8,2011,7,14,27,1,11,1,I-95,,720,40.84400000,-74.017911110,0,12,7,0,1,1,1,0,1,1,0,1,0,0000000,14,31,14,45,88,88,0,0,0,1,0
34,340332,1,1,0,0,0,1,1,21,3380,19,6,2011,1,19,52,1,13,3,SR-129,,7,40.19323333,-74.751975000,0,33,0,0,1,1,4,0,1,1,0,1,0,0000000,19,51,19,55,20,13,0,0,0,1,0
34,340333,1,1,0,0,0,1,1,5,3691,24,7,2011,1,12,30,0,14,4,629,,0,40.04081944,-74.892030560,0,33,0,0,1,1,4,0,1,1,0,1,0,0000000,12,31,12,41,12,56,0,0,0,1,0
34,340334,2,2,0,0,0,8,8,9,742,31,7,2011,1,11,9,1,2,3,SR-347,,1,39.20591111,-74.864069440,0,12,8,0,1,1,1,0,1,1,0,1,0,0000000,11,28,11,32,12,23,0,0,0,1,0
34,340335,1,1,0,0,0,1,1,9,742,17,7,2011,1,8,23,1,2,8,444,,160,39.15368889,-74.748169440,0,31,0,0,1,1,3,0,1,1,0,1,0,0000000,8,53,8,55,88,88,0,0,0,1,1
34,340336,1,1,0,0,0,1,1,15,1150,26,8,2011,6,18,55,1,12,3,SR-55,641,488,39.69670000,-75.147311110,0,35,0,1,5,1,8,0,1,1,0,1,0,0000000,99,98,99,98,99,98,0,0,0,1,0
34,340337,1,1,0,0,0,1,1,13,2440,8,9,2011,5,1,11,1,11,1,I-280,,101,40.77248889,-74.239930560,0,1,0,0,1,1,1,0,2,2,8,2,0,0000000,1,20,99,97,99,97,5,0,0,1,0
34,340338,1,1,0,0,0,1,1,19,0,23,8,2011,3,1,35,0,6,5,BELLIS ROAD,,0,40.61510000,-75.144161110,0,1,0,0,1,1,1,0,3,1,0,1,0,0000000,1,35,1,52,88,88,0,0,0,1,1
34,340339,2,2,0,0,0,2,2,25,0,22,8,2011,2,20,21,1,1,1,I-195,,161,40.16133889,-74.427230560,0,1,0,0,1,1,1,0,2,1,0,1,0,0000000,99,99,99,99,99,99,0,0,0,1,1
34,340340,1,1,0,0,0,4,4,41,0,3,10,2011,2,4,37,0,3,3,SR-94,,147,40.99181944,-74.863180560,0,42,0,0,1,1,4,0,2,2,0,2,0,0000000,4,45,5,6,5,32,0,0,0,1,0
34,340341,1,1,0,0,0,1,1,1,851,5,8,2011,6,1,37,0,14,4,646,,0,39.43527222,-74.592863890,0,30,0,0,1,1,4,0,2,1,0,1,0,0000000,1,43,1,48,88,88,0,0,0,1,1
34,340342,2,2,0,0,0,2,2,33,2565,26,7,2011,3,10,3,1,2,3,SR-49,,80,39.58462222,-75.484400000,0,12,6,0,1,1,1,0,1,1,0,1,0,0000000,10,3,10,11,11,20,0,0,0,1,0
34,340343,1,1,0,1,1,1,1,31,2510,19,9,2011,2,19,23,0,16,6,EAST 22ND STREET,15TH AVENUE,0,40.91586389,-74.152791670,0,8,0,0,2,3,1,0,3,1,0,1,0,0000000,99,99,99,99,99,99,0,0,0,1,0
34,340344,1,1,0,1,1,5,5,5,3325,25,6,2011,7,22,51,1,13,2,US-206,OLD INDIAN MILLS RD,146,39.84415000,-74.735147220,0,9,0,0,2,3,1,0,3,1,0,1,0,0000000,22,50,22,56,23,42,0,0,0,1,0
34,340345,1,1,0,0,0,6,6,15,1814,2,7,2011,7,17,59,1,12,3,SR-55,,522,39.74360000,-75.146280560,0,1,0,0,1,1,3,0,1,1,0,1,0,0000000,17,59,18,9,18,30,0,0,0,1,0
34,340346,1,1,0,0,0,1,1,21,935,23,7,2011,7,0,58,1,13,3,SR-31,,32,40.26804444,-74.783827780,0,33,0,0,1,1,4,0,3,1,0,1,0,0000000,0,59,1,1,88,88,0,0,0,1,1
34,340347,1,1,0,0,0,1,1,5,2081,6,8,2011,7,15,35,1,11,1,I-295,,422,39.98435000,-74.890550000,0,1,0,0,1,1,3,0,1,1,0,1,0,0000000,15,35,15,42,88,88,0,0,0,1,0
34,340348,1,1,0,1,1,1,1,29,210,25,8,2011,5,1,9,0,14,3,SR-166,,2,39.94090278,-74.191102780,0,8,0,0,1,1,1,0,3,1,0,1,0,0000000,1,9,1,34,2,2,0,0,0,1,1
34,340349,2,2,0,0,0,2,2,13,320,17,6,2011,6,3,24,1,12,8,444,,150,40.79640556,-74.191650000,0,1,0,0,1,1,1,0,2,2,0,2,0,0000000,3,40,3,59,88,88,0,0,0,1,1
34,340350,2,2,0,0,0,3,3,5,3149,23,8,2011,3,5,8,1,13,2,US-206,,165,39.87135000,-74.733388890,0,12,2,0,1,1,1,0,2,1,0,1,0,0000000,99,99,99,99,99,99,0,0,0,1,0
34,340351,2,1,1,1,1,2,2,17,1430,17,9,2011,7,5,50,0,16,6,14TH STREET,,0,40.75363611,-74.028480560,0,8,0,0,1,1,1,0,3,1,0,1,0,0000000,99,99,99,99,99,99,0,0,0,1,0
34,340352,2,2,0,0,0,4,4,17,190,5,10,2011,4,10,21,1,13,3,SR-440,PULASKI STREET,219,40.68061389,-74.099263890,0,12,6,0,2,4,1,0,1,1,0,1,0,0000000,99,99,99,99,99,99,0,0,0,1,0
34,340353,2,2,0,0,0,5,5,29,1590,26,9,2011,2,18,57,0,13,4,623,OAK ST,0,40.06043611,-74.195094440,0,12,6,0,2,2,1,0,5,10,0,10,0,0000000,19,3,19,8,19,40,0,0,0,1,0
34,340354,2,2,0,0,0,3,3,29,3360,7,10,2011,6,15,27,0,14,4,571,,0,39.98485556,-74.189236110,0,12,2,0,1,1,1,0,1,1,0,1,0,0000000,15,34,15,59,16,36,0,0,0,1,0
34,340355,1,1,0,0,0,1,1,23,3144,15,9,2011,5,7,36,1,11,1,I-95,,290,40.35705833,-74.470397220,0,1,0,0,1,1,1,1,1,1,0,1,0,0000000,7,41,7,45,88,88,0,0,0,1,0
34,340356,2,2,0,0,0,2,2,7,520,2,6,2011,5,14,6,0,16,6,CHESTNUT STREET,605,0,39.93300278,-75.109405560,0,12,8,0,2,2,1,0,1,1,0,1,0,0000000,13,52,13,56,14,4,0,0,0,1,0
34,340357,1,1,0,0,0,1,1,15,0,15,8,2011,2,13,10,0,6,6,NORTH ST,,0,39.81262500,-75.212272220,0,3,0,0,1,1,5,0,1,99,0,99,0,0000000,13,35,13,40,88,88,0,0,0,1,1
34,340358,1,1,0,1,1,1,1,31,3522,27,9,2011,3,15,31,0,15,5,NORTH LEG ROAD,,0,40.88976944,-74.251644440,0,8,0,0,1,1,1,0,1,1,0,1,0,0000000,99,98,99,98,99,98,0,0,0,1,0
34,340359,1,1,0,0,0,2,2,1,1105,4,10,2011,3,21,34,0,16,8,VERA KING FARRIS DR,,0,39.49185556,-74.539875000,4,11,0,0,1,1,1,0,2,1,0,1,0,0000000,21,34,21,41,22,18,0,0,0,1,0
34,340360,1,1,0,1,1,1,1,23,2417,3,10,2011,2,22,34,1,13,2,US-9,,1249,40.40978611,-74.305600000,0,8,0,0,1,1,1,0,2,1,0,1,0,0000000,99,99,99,99,99,99,0,0,0,1,0
34,340361,1,1,0,0,0,1,1,23,2417,5,7,2011,3,17,37,1,12,8,444,,1213,40.43507500,-74.253033330,0,31,0,1,5,1,8,0,1,1,0,1,0,0000000,17,42,18,5,88,88,0,0,0,1,1
34,340362,1,1,0,1,1,1,1,13,1990,30,3,2011,4,8,6,0,14,6,BELLEVUE AVE,BELLEVUE PLAZA,0,40.84137778,-74.209041670,0,8,0,0,2,3,1,0,1,1,0,1,0,0000000,8,7,8,13,8,55,0,0,0,1,0
34,340363,2,2,0,0,0,2,2,39,1412,17,10,2011,2,22,7,0,16,5,WYNDMOOR AVENUE,FIELD PLACE,0,40.70736944,-74.224952780,0,12,6,0,2,3,1,0,3,1,0,1,0,0000000,99,99,99,99,99,99,0,0,0,1,1
34,340364,1,1,0,1,1,1,1,29,0,28,6,2011,3,11,43,0,16,6,RODHOS ST,OLYMPIC ST,0,39.97851667,-74.271247220,0,8,0,0,1,1,1,0,1,1,0,1,0,0000000,99,99,99,99,99,99,0,0,0,1,0
34,340365,1,1,0,0,0,1,1,5,3047,10,9,2011,7,14,48,1,2,2,US-206,,67,39.73494722,-74.727544440,0,30,0,0,1,1,5,0,1,1,0,1,0,0000000,14,51,15,11,88,88,0,0,0,1,0
34,340366,3,1,2,0,1,1,2,31,660,12,10,2011,4,10,40,0,16,6,BLOOMFIELD,ATLANTIC,0,40.84788333,-74.153652780,0,14,0,0,3,3,4,0,1,1,0,1,0,0000000,10,40,10,42,11,19,0,0,0,1,1
34,340367,1,1,0,0,0,1,1,1,851,27,9,2011,3,13,33,0,4,4,559,,0,39.37411944,-74.711755560,0,35,0,0,1,1,4,0,1,1,0,1,0,0000000,13,39,13,48,14,17,0,0,0,1,0
34,340368,1,1,0,0,0,2,2,5,0,3,10,2011,2,17,41,1,11,1,I-295,,495,40.06495000,-74.793230560,0,35,0,0,1,1,3,0,1,1,0,1,0,0000000,17,44,17,57,18,29,0,0,0,1,0
34,340369,1,1,0,0,0,1,1,41,1455,13,8,2011,7,13,53,1,1,8,RAMP FROM CR-521,I-80,0,40.92428889,-74.960680560,0,33,0,1,5,1,4,0,1,1,0,1,0,0000000,14,0,14,14,14,57,0,0,0,1,0
34,340370,1,1,0,0,0,1,1,11,1970,19,7,2011,3,19,9,1,12,3,SR-55,,229,39.36804722,-75.007311110,0,42,0,0,1,1,5,0,1,2,0,2,0,0000000,19,8,19,20,88,88,0,0,0,1,1
34,340371,2,2,0,0,0,2,2,23,2208,15,8,2011,2,12,38,0,13,2,US-130,,805,40.43229722,-74.489472220,0,12,2,0,1,1,1,0,1,1,0,1,0,0000000,12,45,12,50,88,88,0,0,0,1,1
34,340372,1,1,0,0,0,1,1,23,2208,31,7,2011,1,9,26,0,14,4,608,,0,40.45380556,-74.496788890,0,33,0,0,1,1,4,0,1,1,0,1,0,0000000,9,28,9,36,9,54,0,0,0,1,0
34,340373,2,2,0,0,0,3,3,29,1590,30,7,2011,7,23,24,0,14,4,526,BROOKWOOD PKWY,0,40.11447778,-74.247580560,0,12,1,0,2,3,1,0,3,1,0,1,0,0000000,99,99,99,99,99,99,0,0,0,1,0
34,340374,1,1,0,1,1,1,1,29,3360,14,10,2011,6,18,34,0,14,4,571,,0,39.99374444,-74.221002780,0,9,0,0,1,1,1,0,3,10,0,10,0,0000000,18,36,18,43,99,99,0,0,0,1,0
34,340375,1,1,0,1,1,1,1,29,3360,20,10,2011,5,21,12,1,13,3,SR-37,,45,39.97309167,-74.239222220,0,8,0,0,6,1,1,0,3,1,0,1,0,171396B,21,15,21,18,21,23,0,0,0,1,0
34,340376,1,1,0,1,1,1,1,19,0,16,7,2011,7,9,6,0,6,6,PAYNE RD,SR-31,0,40.59564167,-74.872083330,0,9,0,0,2,2,1,0,1,1,0,1,0,0000000,9,4,9,6,88,88,16,0,0,1,0
34,340377,1,1,0,1,1,3,3,29,1590,21,10,2011,6,20,50,0,14,3,SR-88,,8,40.09075278,-74.200563890,0,8,0,0,1,1,1,0,3,1,0,1,0,0000000,99,99,99,99,99,99,0,0,0,1,0
34,340378,1,1,0,0,0,1,1,13,320,20,7,2011,4,23,10,1,12,8,444,,1538,40.84683333,-74.179602780,0,24,0,0,1,1,3,0,2,1,0,1,0,0000000,23,15,23,21,23,39,0,0,0,1,0
34,340379,3,3,0,0,0,4,4,5,613,20,9,2011,3,12,53,1,13,2,US-130,NEW ALBANY ROAD,384,40.00756944,-74.972061110,0,12,6,0,2,2,1,0,1,1,0,1,0,0000000,12,51,13,4,13,25,0,0,0,1,0
34,340380,1,1,0,0,0,2,2,3,1210,12,6,2011,1,19,53,1,13,3,SR-17,,93,40.87756944,-74.064480560,0,33,0,0,1,1,4,0,1,1,0,1,0,0000000,19,53,19,59,20,11,0,0,0,1,1
34,340381,2,2,0,0,0,2,2,23,3705,12,6,2011,1,22,10,1,13,2,US-1,,374,40.58293056,-74.282425000,0,12,1,0,1,1,1,0,3,1,0,1,0,0000000,22,15,22,26,22,55,0,0,0,1,1
34,340382,2,1,1,2,2,1,1,31,2510,31,1,2011,2,9,29,0,16,6,PRINCE ST,SLATER ST,0,40.91141667,-74.169788890,0,14,0,0,3,2,4,0,1,1,0,1,0,0000000,9,30,9,36,99,99,0,0,0,1,0
34,340383,1,1,0,0,0,1,1,11,0,12,8,2011,6,2,16,0,6,4,692,,0,39.36923056,-75.143588890,0,53,0,0,1,1,4,0,2,1,0,1,0,0000000,2,26,2,39,88,88,0,0,0,1,1
34,340384,2,2,0,0,0,2,2,35,425,1,9,2011,5,5,36,1,11,1,I-287,,178,40.59720556,-74.625536110,0,1,0,0,1,1,1,0,2,1,0,1,0,0000000,5,36,5,48,6,30,14,0,0,1,0
34,340385,2,2,0,0,0,8,8,25,1925,4,7,2011,2,5,8,1,12,8,444,,1125,40.36011111,-74.133819440,0,24,0,0,1,1,3,0,2,5,0,5,0,0000000,99,99,99,99,99,99,14,0,0,3,0
34,340386,2,2,0,0,0,2,2,3,2000,31,8,2011,4,22,37,1,12,8,444,,1718,41.06063889,-74.064488890,0,24,0,0,1,1,4,0,3,1,0,1,0,0000000,99,99,99,99,88,88,0,0,0,1,0
34,340387,1,1,0,0,0,2,2,31,2500,5,10,2011,4,3,11,0,14,6,MONROE STREET,MARKET STREET,0,40.86827778,-74.117358330,0,30,0,0,2,3,4,0,3,1,0,1,0,0000000,3,5,3,8,88,88,0,0,0,1,1
34,340388,1,1,0,0,0,3,3,5,3047,3,7,2011,1,23,38,0,6,6,ATSION RD,,0,39.74375833,-74.739647220,0,42,0,0,1,1,5,0,2,1,0,1,0,0000000,23,40,23,58,88,88,0,0,0,1,0
34,340389,2,2,0,0,0,2,2,3,1210,22,7,2011,6,13,25,0,14,4,56I,SECOND ST,0,40.88180278,-74.055705560,0,12,6,0,2,2,1,0,1,1,0,1,0,0000000,13,31,13,34,13,45,0,0,0,1,0
34,340390,2,2,0,0,0,2,2,5,3149,1,8,2011,2,8,3,1,13,3,SR-70,,208,39.88576111,-74.702650000,0,12,2,0,1,1,1,0,1,1,0,1,0,0000000,8,3,8,13,9,12,0,0,0,1,0
34,340391,1,1,0,1,1,1,1,25,2109,2,9,2011,6,21,45,0,15,4,40-A,7TH AVENUE,0,40.20425000,-74.019011110,0,9,0,0,2,2,1,0,3,1,0,1,0,0000000,99,99,99,99,99,99,0,0,0,1,1
34,340392,1,1,0,1,1,2,2,1,1105,9,7,2011,7,21,32,0,14,4,575,,0,39.47406667,-74.584550000,0,8,0,0,1,1,1,0,2,1,0,1,0,0000000,99,99,99,99,99,99,0,0,0,1,1
34,340393,2,2,0,0,0,6,6,25,8,6,9,2011,3,10,0,0,15,6,CHURCH ST,,0,40.40670000,-74.221186110,0,12,6,0,1,1,1,0,1,2,0,2,0,0000000,10,9,10,16,10,40,0,0,0,2,0
34,340394,1,1,0,0,0,1,1,23,3705,10,7,2011,1,3,6,0,13,3,SR-35,PEACH STREET,577,40.59008611,-74.290494440,0,33,0,0,2,3,4,0,3,1,0,1,0,0000000,3,8,3,13,88,88,0,0,0,1,1
34,340395,1,1,0,1,1,1,1,13,1990,8,10,2011,7,23,6,0,14,4,UPPER MOUNTAIN AVE,VAN VLECK STREET,0,40.82460556,-74.222244440,0,8,0,0,1,1,1,0,3,1,0,1,0,0000000,23,5,23,14,23,40,0,0,0,1,0
34,340396,2,2,0,0,0,3,3,29,1590,11,10,2011,3,15,14,0,14,3,SR-88,549,33,40.08176667,-74.157672220,0,12,1,0,2,2,1,0,1,1,0,1,0,0000000,18,8,18,15,18,40,0,0,0,1,0
34,340397,2,2,0,0,0,2,2,13,3600,20,9,2011,3,12,58,0,13,4,508,HIGHWOOD ROAD,0,40.77763056,-74.255244440,0,33,0,0,1,1,3,0,1,2,0,2,0,0000000,99,99,99,99,99,99,0,0,0,1,0
34,340398,5,2,3,0,0,3,3,13,2130,20,8,2011,7,2,5,0,15,6,15TH AVENUE,BERGEN STREET,0,40.73581667,-74.194369440,0,12,6,0,2,2,1,0,3,1,0,1,0,0000000,99,98,99,98,88,88,0,0,0,2,2
34,340400,1,1,0,0,0,1,1,13,230,11,9,2011,1,1,10,0,15,6,MILL STREET,,0,40.78890000,-74.172700000,0,33,0,0,1,1,4,0,3,1,0,1,0,0000000,1,13,1,23,1,33,0,0,0,1,1
34,340401,3,3,0,0,0,3,3,25,3357,11,10,2011,3,6,37,1,13,3,SR-33,,368,40.21811111,-74.109391670,0,12,7,0,1,1,1,0,2,1,0,1,0,0000000,99,99,99,99,99,99,0,0,0,1,0
34,340402,1,1,0,1,1,1,1,33,2586,2,10,2011,1,4,0,1,2,2,US-40,,130,39.64304167,-75.287075000,0,8,0,0,1,1,1,0,3,2,0,2,0,0000000,4,4,4,18,88,88,0,0,0,1,0
34,340403,1,1,0,0,0,4,4,15,3569,17,9,2011,7,0,48,1,11,1,I-295,,197,39.83143056,-75.215611110,0,42,0,0,1,1,4,0,2,1,0,1,0,0000000,1,2,1,14,1,47,0,0,0,1,1