STATE,ST_CASE,VE_TOTAL,VE_FORMS,PVH_INVL,PEDS,PERNOTMVIT,PERMVIT,PERSONS,COUNTY,CITY,DAY,MONTH,YEAR,DAY_WEEK,HOUR,MINUTE,NHS,ROAD_FNC,ROUTE,TWAY_ID,TWAY_ID2,MILEPT,LATITUDE,LONGITUD,SP_JUR,HARM_EV,MAN_COLL,RELJCT1,RELJCT2,TYP_INT,REL_ROAD,WRK_ZONE,LGT_COND,WEATHER1,WEATHER2,WEATHER,SCH_BUS,RAIL,NOT_HOUR,NOT_MIN,ARR_HOUR,ARR_MIN,HOSP_HR,HOSP_MN,CF1,CF2,CF3,FATALS,DRUNK_DR
34,340404,1,1,0,0,0,1,1,5,3149,28,9,2011,4,1,8,0,15,4,681,,0,39.94756667,-74.746600000,0,42,0,0,1,1,5,0,2,2,0,2,0,0000000,1,8,1,17,2,5,0,0,0,1,1
34,340405,2,2,0,0,0,3,3,13,2130,9,10,2011,1,16,10,0,16,6,DAYTON STREET,,0,40.69740556,-74.201038890,0,12,6,0,8,1,1,0,1,1,0,1,0,0000000,16,10,16,18,16,31,0,0,0,1,0
34,340406,2,2,0,0,0,7,7,23,3705,2,10,2011,1,13,10,1,11,1,I-95,,476,40.56063333,-74.262341670,0,1,0,0,1,1,1,0,1,10,0,10,0,0000000,13,20,13,45,14,1,0,0,0,1,0
34,340407,1,1,0,1,1,1,1,39,980,1,11,2011,3,18,43,0,14,4,610,TILLOTSON ROAD,0,40.64575556,-74.384019440,0,8,0,0,3,2,1,0,3,1,0,1,0,0000000,18,48,18,55,19,53,0,0,0,1,0
34,340408,2,2,0,0,0,2,2,25,0,23,9,2011,6,16,34,0,6,4,27 I,HOLMES MILL ROAD,0,40.10161111,-74.535969440,0,12,6,0,2,2,1,0,1,2,0,2,0,0000000,16,36,16,41,88,88,0,0,0,1,0
34,340409,1,1,0,0,0,1,1,29,0,16,10,2011,1,22,0,0,6,4,539,,0,39.69206389,-74.363108330,0,42,0,0,1,1,4,0,2,1,0,1,0,0000000,99,98,99,98,99,98,0,0,0,1,1
34,340410,1,1,0,0,0,1,1,29,1505,8,9,2011,5,20,42,0,14,4,527,,0,40.13025556,-74.342036110,0,42,0,0,1,1,5,0,3,1,0,1,0,0000000,20,45,20,48,22,46,0,0,0,1,0
34,340411,1,1,0,0,0,2,2,35,3520,16,10,2011,1,3,25,1,13,2,US-22,,470,40.64291667,-74.413044440,0,33,0,0,1,1,4,0,3,1,0,1,0,0000000,99,99,99,99,99,99,0,0,0,1,1
34,340412,2,1,1,0,0,1,1,3,2940,11,10,2011,3,1,0,1,13,3,SR-17,,47,40.81995833,-74.101511110,0,31,0,0,1,1,4,0,3,1,0,1,0,0000000,1,0,1,5,88,88,0,0,0,1,1
34,340413,2,2,0,0,0,3,3,7,690,18,7,2011,2,12,45,0,14,4,603,606,0,39.92182500,-75.089877780,0,12,6,0,2,4,1,0,1,1,0,1,0,0000000,12,45,12,49,13,0,0,0,0,1,0
34,340414,2,2,0,0,0,5,5,35,1081,28,9,2011,4,14,41,0,13,3,SR-27,IRVING ST,144,40.48464167,-74.476038890,0,33,0,0,3,2,4,0,1,10,0,10,0,0000000,14,32,14,38,14,59,0,0,0,2,0
34,340415,1,1,0,0,0,2,2,25,2880,15,9,2011,5,14,10,0,4,4,571,,0,40.22512222,-74.473141670,0,42,0,0,1,1,4,0,1,1,0,1,0,0000000,99,99,99,99,99,99,0,0,0,1,0
34,340416,2,2,0,0,0,3,3,39,2730,18,9,2011,1,10,21,0,13,3,SR-27,SCHOOL STREET,290,40.61867500,-74.282777780,0,12,1,0,3,1,1,0,1,1,0,1,0,0000000,10,23,10,26,11,1,0,0,0,1,0
34,340417,3,1,2,0,2,1,3,31,2500,30,10,2011,1,3,0,1,13,4,689,,0,40.96136389,-74.247280560,0,18,0,0,1,1,1,3,2,1,0,1,0,0000000,3,4,3,14,99,99,0,0,0,1,1
34,340418,1,1,0,0,0,1,1,1,851,20,9,2011,3,18,28,0,4,4,559,,0,39.36184167,-74.698427780,0,24,0,0,1,1,4,0,1,1,0,1,0,0000000,99,99,99,99,99,99,0,0,0,1,1
34,340419,1,1,0,1,1,1,1,1,1105,6,11,2011,1,18,7,0,16,5,COLLINS ROAD,,0,39.49245000,-74.498077780,0,8,0,0,1,1,1,0,3,1,0,1,0,0000000,18,7,18,12,18,32,0,0,0,1,0
34,340420,2,2,0,0,0,4,4,39,3570,1,10,2011,7,1,16,0,16,6,CLIFTON STREET,TICE PLACE,0,40.63741667,-74.334655560,0,12,6,0,2,2,1,0,2,2,0,2,0,0000000,1,16,1,27,2,2,0,0,0,1,2
34,340421,2,2,0,0,0,3,3,3,680,1,11,2011,3,6,12,0,13,4,505,502,0,40.97518333,-73.973177780,0,12,6,0,2,4,1,0,2,1,0,1,0,0000000,6,12,6,19,88,88,0,0,0,1,0
34,340422,2,1,1,0,0,1,1,7,3694,26,8,2011,6,22,52,0,16,4,720,,0,39.74777222,-74.928563890,0,42,0,0,6,1,4,0,2,10,0,10,0,586490N,99,98,99,98,99,98,0,0,0,1,1
34,340423,3,3,0,0,0,7,7,29,1801,21,10,2011,6,18,33,1,13,3,SR-70,,473,40.02588889,-74.264488890,0,12,2,0,1,1,1,0,5,1,0,1,0,0000000,99,99,99,99,99,99,0,0,0,2,0
34,340424,1,1,0,0,0,1,1,25,8,17,8,2011,4,2,40,1,12,8,444,,1192,40.42417222,-74.218622220,0,24,0,0,1,1,4,0,2,1,0,1,0,0000000,99,99,99,99,99,99,0,0,0,1,1
34,340425,1,1,0,0,0,2,2,31,2510,29,9,2011,5,3,21,1,13,3,SR-20,,9,40.90459722,-74.135008330,0,30,0,0,1,1,4,0,3,2,0,2,0,0000000,3,31,3,37,88,88,0,0,0,2,1
34,340426,3,3,0,0,0,6,6,21,935,4,11,2011,6,20,50,0,14,4,634,636,0,40.24238889,-74.780213890,0,12,6,0,2,4,1,0,3,1,0,1,0,0000000,20,55,20,57,21,17,0,0,0,1,1
34,340427,2,2,0,0,0,4,4,27,750,12,8,2011,6,21,42,0,13,2,US-46,PERRY ST,391,40.88806667,-74.544552780,0,12,6,0,2,4,1,0,3,1,0,1,0,0000000,21,44,21,49,22,16,0,0,0,1,0
34,340428,2,2,0,0,0,3,3,35,3520,29,10,2011,7,13,22,0,14,4,655,,0,40.66283333,-74.402588890,0,16,0,0,1,1,1,0,1,4,0,4,0,0000000,13,35,13,46,14,12,0,0,0,1,0
34,340429,2,2,0,0,0,2,2,39,3395,2,11,2011,4,20,58,0,14,4,630,,0,40.69171389,-74.242588890,0,12,2,0,1,1,1,0,3,1,0,1,0,0000000,99,99,99,99,99,99,0,0,0,1,1
34,340430,1,1,0,1,1,1,1,17,1520,19,10,2011,4,7,11,0,16,6,GREENE STREET,MONTGOMERY STREET,0,40.71648611,-74.035716670,0,8,0,0,3,1,1,0,2,2,0,2,0,0000000,99,99,99,99,99,99,0,0,0,1,0
34,340431,1,1,0,0,0,1,1,23,3705,10,9,2011,7,2,41,0,16,4,PROSPECT AVENUE,BARRON AVENUE,0,40.56820000,-74.279586110,0,33,0,0,2,8,4,0,3,1,0,1,0,0000000,2,43,2,55,3,46,0,0,0,1,1
34,340432,1,1,0,0,0,1,1,7,1640,13,11,2011,1,15,50,0,14,4,667,,0,39.86721667,-75.026188890,0,33,0,0,1,1,4,0,1,1,0,1,0,0000000,15,51,15,59,16,26,0,0,0,1,0
34,340433,1,1,0,0,0,2,2,1,850,23,10,2011,1,1,30,0,6,4,624,,0,39.58005833,-74.579958330,0,1,0,0,1,1,4,0,2,1,0,1,0,0000000,1,34,1,58,2,35,0,0,0,1,1
34,340434,1,1,0,0,0,1,1,27,0,4,10,2011,3,11,14,0,14,4,SOUTH STREET,SPRING VALLEY ROAD,0,40.77171111,-74.467347220,0,35,0,0,2,4,4,0,1,2,0,2,0,0000000,11,20,11,32,88,88,0,0,0,1,0
34,340435,1,1,0,1,1,1,1,3,1210,7,11,2011,2,7,5,0,16,6,ESSEX ST,LEHIGH ST,0,40.88037500,-74.053538890,0,8,0,0,2,3,1,0,1,1,0,1,0,0000000,6,58,7,0,7,8,0,0,0,1,0
34,340437,2,2,0,0,0,3,3,27,0,20,9,2011,3,9,46,1,13,3,SR-15,BERKSHIRE VALLEY RD,40,40.93008333,-74.589958330,0,12,99,0,2,2,1,0,1,2,0,2,0,0000000,9,48,9,56,10,21,0,0,0,1,0
34,340438,1,1,0,0,0,1,1,25,0,27,9,2011,3,17,21,0,6,5,MEIRS ROAD,,0,40.13861111,-74.509722220,0,42,0,0,1,1,4,0,1,1,0,1,0,0000000,99,99,99,99,99,99,0,0,0,1,1
34,340439,1,1,0,1,1,1,1,39,860,17,6,2011,6,20,42,0,14,6,EAST JERSEY ST,FORTH AVE,0,40.65383333,-74.193194440,0,8,0,0,2,2,1,0,9,1,0,1,0,0000000,20,41,20,50,21,6,0,0,0,1,0
34,340440,1,1,0,0,0,1,1,37,1993,2,10,2011,1,15,28,0,4,4,521,,0,40.33583333,-74.743611110,0,24,0,0,1,1,4,0,1,1,0,1,0,0000000,15,31,15,52,16,40,0,0,0,1,0
34,340441,1,1,0,1,1,1,1,35,425,16,8,2011,3,5,59,0,14,4,533,,0,40.56192778,-74.567800000,0,9,0,0,1,1,98,0,9,10,0,10,0,0000000,5,57,6,5,88,88,0,0,0,1,0
34,340442,1,1,0,1,1,1,1,7,1710,20,7,2011,4,21,43,1,13,2,US-30,WEST ELM AVENUE,130,39.81750000,-74.992777780,0,8,0,0,3,3,1,0,3,1,0,1,0,0000000,22,32,22,46,23,12,0,0,0,1,0
34,340443,1,1,0,0,0,1,1,37,0,4,10,2011,3,16,22,0,4,4,610,,0,41.04111111,-74.843611110,0,35,0,0,1,1,4,0,1,1,0,1,0,0000000,16,21,16,41,88,88,0,0,0,1,1
34,340444,1,1,0,1,1,1,1,3,2940,30,11,2011,4,8,2,0,14,4,32,,0,40.82689722,-74.100205560,0,8,0,0,4,1,1,0,1,1,0,1,0,0000000,8,3,8,15,8,31,0,0,0,1,0
34,340445,1,1,0,0,0,1,1,5,3149,2,11,2011,4,11,57,0,13,3,SR-38,,190,39.97138889,-74.741111110,0,33,0,0,1,1,4,0,1,1,0,1,0,0000000,12,3,12,26,12,49,0,0,0,1,0
34,340446,2,2,0,0,0,4,4,5,3537,11,11,2011,6,13,52,0,13,4,541,638,0,40.01805556,-74.807777780,0,12,6,0,2,2,1,0,1,1,0,1,0,0000000,13,53,13,58,14,9,0,0,0,1,0
34,340447,1,1,0,0,0,1,1,1,1264,7,7,2011,5,6,3,0,3,3,SR-50,,238,39.50664444,-74.676905560,0,25,0,0,1,1,1,1,4,1,0,1,0,0000000,6,5,6,9,6,40,3,0,0,1,1
34,340448,2,1,1,0,0,2,2,7,598,30,11,2011,4,11,49,1,11,1,I-95,,311,39.89138889,-74.995000000,0,18,0,0,1,1,2,1,1,1,0,1,0,0000000,11,48,12,0,12,27,0,0,0,1,0
34,340449,1,1,0,0,0,1,1,27,0,15,10,2011,7,1,41,0,15,6,RIDGE RD,,0,41.04030278,-74.522872220,0,30,0,0,1,1,5,0,2,1,0,1,0,0000000,1,51,2,5,88,88,0,0,0,1,1
34,340450,2,2,0,0,0,2,2,29,145,3,10,2011,2,17,31,0,14,2,US-9,TAYLOR LANE,734,39.73383611,-74.236405560,0,12,6,0,3,2,1,0,1,1,0,1,0,0000000,99,99,99,99,99,99,0,0,0,1,1
34,340451,2,2,0,0,0,2,2,17,2205,18,8,2011,5,13,45,0,14,5,681,,0,40.78157500,-74.042663890,0,12,1,0,1,1,1,0,1,1,0,1,0,0000000,99,99,99,99,99,99,0,0,0,1,0
34,340452,1,1,0,1,1,1,1,15,1814,11,9,2011,1,15,43,0,6,4,624,GOLF CLUB ROAD,0,39.73710278,-75.154669440,0,9,0,0,2,4,1,0,1,10,0,10,0,0000000,15,54,15,51,16,20,0,0,0,1,0
34,340453,1,1,0,1,1,1,1,27,2498,6,10,2011,5,19,54,0,13,2,US-46,,477,40.86389722,-74.397158330,0,8,0,0,1,1,1,0,3,1,0,1,0,0000000,99,99,99,99,99,99,0,0,0,1,0
34,340454,2,2,0,0,0,2,2,27,2084,7,10,2011,6,18,58,1,13,2,US-46,OLD WOLFE ROAD,264,40.86249444,-74.750588890,0,12,6,0,2,3,1,0,3,1,0,1,0,0000000,18,59,19,3,19,32,0,0,0,1,0
34,340455,1,1,0,1,1,2,2,19,0,6,10,2011,5,20,58,0,14,3,SR-179,CR-602,64,40.42944444,-74.867500000,0,8,0,0,2,4,1,0,3,1,0,1,0,0000000,20,57,21,0,21,28,0,0,0,1,0
34,340456,2,2,0,1,1,1,1,3,2770,29,10,2011,7,21,27,1,11,1,I-95,,706,40.83416667,-74.009166670,0,12,7,0,1,1,1,0,3,4,0,4,0,0000000,99,98,99,98,88,88,19,23,0,1,0
34,340457,2,1,1,0,1,1,2,27,0,29,9,2011,5,23,43,1,11,1,I-80,,348,40.91039167,-74.557488890,0,14,0,0,1,1,2,0,2,1,0,1,0,0000000,99,99,99,99,99,99,0,0,0,1,0
34,340458,1,1,0,1,1,1,1,7,3694,15,11,2011,3,18,18,0,14,4,536,,0,39.72609167,-74.960100000,0,8,0,0,1,1,1,0,2,1,0,1,0,0000000,18,24,18,46,19,8,0,0,0,1,0
34,340459,2,2,0,0,0,2,2,3,1795,8,10,2011,7,1,54,1,11,1,I-287,,655,41.08333333,-74.168888890,0,12,2,0,1,1,1,0,2,1,0,1,0,0000000,2,2,2,52,3,13,0,0,0,1,2
34,340460,1,1,0,0,0,1,1,41,0,21,10,2011,6,1,33,0,14,4,519,,0,40.80531111,-75.076488890,0,33,0,0,1,1,4,0,3,1,0,1,0,0000000,99,99,99,99,99,99,20,0,0,1,1
34,340461,1,1,0,0,0,1,1,11,1845,29,11,2011,3,15,12,1,2,3,SR-347,,32,39.24083333,-74.900555560,0,42,0,0,1,1,4,0,1,2,0,2,0,0000000,15,11,15,28,16,41,0,0,0,1,0
34,340462,2,2,0,0,0,5,5,41,18,14,10,2011,6,16,1,0,4,4,604,,0,40.89916667,-74.788055560,0,12,6,0,1,1,1,0,1,2,0,2,0,0000000,16,4,16,32,16,57,0,0,0,1,0
34,340463,2,2,0,0,0,2,2,27,0,16,10,2011,1,0,12,1,11,1,I-80,,309,40.89908056,-74.628888890,0,12,6,0,1,1,1,1,2,1,0,1,0,0000000,0,14,0,28,1,12,0,0,0,1,0
34,340464,1,1,0,0,0,2,2,23,2570,25,11,2011,6,9,14,0,16,6,WASHINGTON ST,,0,40.51627222,-74.275058330,0,5,0,0,1,1,1,0,1,1,0,1,0,0000000,9,16,9,21,88,88,0,0,0,1,0
34,340465,2,2,0,0,0,2,2,15,0,1,6,2011,4,20,29,0,15,4,CR-658,,0,39.72933611,-75.101183330,0,12,2,0,1,1,1,0,3,1,0,1,0,0000000,20,32,20,38,20,54,0,0,0,1,0
34,340466,1,1,0,0,0,1,1,5,932,29,11,2011,3,15,40,1,13,3,SR-73,,228,39.87560833,-74.921772220,0,42,0,0,1,1,5,0,1,1,0,1,0,0000000,15,42,15,55,16,5,0,0,0,1,0
34,340467,2,2,0,0,0,4,4,1,1264,11,11,2011,6,16,57,0,14,4,575,SHOPPING CENTER DR,0,39.45380833,-74.632491670,0,12,6,0,2,3,1,0,5,1,0,1,0,0000000,17,10,17,25,18,7,0,0,0,1,0
34,340468,4,4,0,0,0,4,4,5,2081,25,11,2011,6,10,59,1,11,1,I-295,,365,39.93125000,-74.970791670,0,12,1,0,1,1,1,0,1,1,0,1,0,0000000,10,57,11,18,11,50,0,0,0,1,0
34,340469,2,1,1,2,4,1,3,3,2942,2,10,2011,1,2,39,1,11,1,I-80,,629,40.90166667,-74.086944440,0,14,0,1,19,1,8,0,3,10,0,10,0,0000000,2,43,2,50,99,99,23,0,0,2,1
34,340470,2,2,0,0,0,2,2,29,0,27,9,2011,3,6,59,0,14,4,614,LOWER LAKE DR,0,39.84549444,-74.195208330,0,12,6,0,2,3,1,0,1,1,0,1,0,0000000,99,99,99,99,99,99,0,0,0,1,0
34,340471,1,1,0,1,1,1,1,17,2205,27,9,2011,3,23,16,1,13,2,US-1,,583,40.78543889,-74.032780560,0,8,0,0,1,1,1,0,3,1,0,1,0,0000000,99,99,99,99,99,99,0,0,0,1,0
34,340472,2,2,0,0,0,4,4,5,0,11,10,2011,3,3,45,1,13,2,US-130,,569,40.15801944,-74.694886110,0,12,6,0,8,1,1,0,2,1,0,1,0,0000000,3,54,4,7,4,27,0,0,0,2,0
34,340473,3,3,0,0,0,2,2,27,0,4,10,2011,3,23,1,1,11,1,I-80,,349,40.91056111,-74.554561110,0,12,1,0,1,1,1,0,3,1,0,1,0,0000000,23,15,23,17,23,58,19,0,0,1,0
34,340474,1,1,0,1,1,1,1,23,1910,3,11,2011,5,11,20,0,13,5,CR-501,MAIN STREET,0,40.53778611,-74.360261110,0,8,0,0,2,2,1,0,1,1,0,1,0,0000000,11,22,11,30,11,58,0,0,0,1,0
34,340475,3,3,0,0,0,3,3,39,2730,13,10,2011,5,16,27,0,13,3,SR-27,RAYHON TERRACE,299,40.62292500,-74.278130560,0,12,1,0,3,3,1,0,1,1,0,1,0,0000000,16,23,16,27,16,51,0,0,0,1,0
34,340476,1,1,0,1,1,1,1,1,851,6,11,2011,1,16,16,1,12,8,444,,360,39.39701111,-74.562088890,0,8,0,0,1,1,1,0,5,1,0,1,0,0000000,16,11,16,14,88,88,0,0,0,1,0
34,340477,5,1,4,0,0,1,1,13,230,18,10,2011,3,13,57,0,14,4,506,MAIN ST,0,40.78550000,-74.149172220,0,33,0,0,3,3,4,0,1,1,0,1,0,0000000,99,99,99,99,99,99,0,0,0,1,0
34,340478,1,1,0,1,1,1,1,23,2417,8,11,2011,3,21,25,0,14,4,527,BENTLEY AVENUE,0,40.40073056,-74.360555560,0,8,0,0,2,2,1,0,2,1,0,1,0,0000000,99,98,99,98,99,98,0,0,0,1,0
34,340479,1,1,0,0,0,1,1,23,1986,8,11,2011,3,11,35,1,11,1,I-95 (TNO RAMP),,286,40.35166944,-74.474561110,0,24,0,1,5,1,4,0,1,1,0,1,0,0000000,11,38,11,46,99,99,0,0,0,1,0
34,340480,1,1,0,0,0,4,4,31,2800,28,10,2011,6,23,27,0,16,6,PETERS MINE RD,,0,41.13951389,-74.269736110,0,42,0,0,1,1,5,0,2,1,0,1,0,0000000,23,36,23,59,0,49,0,0,0,1,1
34,340481,2,2,0,1,1,3,3,21,935,28,10,2011,6,22,39,0,14,4,636,,0,40.25090556,-74.769975000,0,8,0,0,1,1,1,0,2,1,0,1,0,0000000,22,41,22,46,88,88,0,0,0,1,0
34,340482,2,2,0,0,0,3,3,5,0,18,11,2011,6,8,57,0,3,2,US-9,,586,39.59401389,-74.407947220,0,12,8,0,1,1,2,0,1,1,0,1,0,0000000,8,56,9,6,9,31,0,0,0,1,0
34,340483,1,1,0,1,1,1,1,13,1480,31,10,2011,2,20,22,0,14,4,601,619,0,40.71928889,-74.244636110,0,8,0,0,3,2,1,0,2,1,0,1,0,0000000,99,99,99,99,99,99,0,0,0,1,0
34,340484,2,2,0,0,0,3,3,7,3694,19,11,2011,7,18,28,0,15,4,CR-706,DUKE DRIVE,39,39.74896111,-74.982913890,0,12,6,0,2,2,1,0,3,1,0,1,0,0000000,18,27,18,40,19,5,0,0,0,1,0
34,340485,1,1,0,0,0,2,2,29,0,12,11,2011,7,23,23,0,6,5,TWIN LAKES BLVD,,0,39.56500000,-74.381000000,0,5,0,0,1,1,1,0,3,1,0,1,0,0000000,23,23,23,24,23,37,0,0,0,1,0
34,340486,1,1,0,1,1,2,2,23,2417,27,11,2011,1,19,21,1,13,2,US-9,PERINNE ROAD,1267,40.43515833,-74.301411110,0,8,0,0,3,2,1,0,3,1,0,1,0,0000000,88,88,88,88,88,88,0,0,0,1,0
34,340487,3,3,0,0,0,4,4,11,3460,19,11,2011,7,23,27,0,14,4,552,,0,39.44802778,-75.070083330,0,12,6,0,1,1,1,0,2,1,0,1,0,0000000,23,24,23,40,23,51,14,0,0,1,1
34,340488,1,1,0,1,1,2,2,1,851,31,10,2011,2,20,47,0,14,4,CR-575,JAKE GLASSEY AVENUE,0,39.39829444,-74.633141670,0,8,0,0,3,3,1,0,2,10,0,10,0,0000000,20,58,21,5,88,88,0,0,0,1,0
34,340489,1,1,0,0,0,1,1,13,2130,6,11,2011,1,4,26,1,13,3,SR-21,BRIDGE STREET,30,40.74494444,-74.167175000,0,99,99,0,2,2,99,0,3,1,0,1,0,0000000,4,35,4,35,88,88,0,0,0,1,0
34,340490,1,1,0,1,1,1,1,25,3475,16,10,2011,1,2,8,1,2,8,444,,984,40.17258889,-74.099069440,0,8,0,0,1,1,1,0,3,1,0,1,0,0000000,88,88,88,88,88,88,19,0,0,1,0
34,340491,1,1,0,1,1,1,1,21,935,28,11,2011,2,18,46,0,14,4,CR-613,,0,40.24896389,-74.756530560,0,8,0,0,1,1,1,0,3,1,0,1,0,0000000,18,51,18,55,19,12,0,0,0,1,0
34,340492,1,1,0,1,1,2,2,3,2790,26,11,2011,7,20,0,1,12,3,SR-17,,172,41.01099722,-74.106722220,0,8,0,0,1,1,1,0,3,1,0,1,0,0000000,20,4,20,6,88,88,0,0,0,1,0
34,340493,1,1,0,0,0,1,1,7,240,12,11,2011,7,14,8,1,12,3,SR-42,,142,39.87646944,-75.117669440,0,1,0,0,1,1,1,0,1,1,0,1,0,0000000,14,5,14,19,14,33,0,0,0,1,0
34,340494,1,1,0,1,1,1,1,13,2130,12,11,2011,7,3,8,0,13,4,508,S 9TH ST,0,40.74873333,-74.195519440,0,8,0,0,2,2,1,0,3,1,0,1,0,0000000,3,8,3,9,3,24,0,0,0,1,0
34,340495,1,1,0,1,1,1,1,17,1520,18,11,2011,6,14,6,1,14,4,501,ST PAULS AVE,0,40.73751389,-74.062688890,0,8,0,0,2,2,1,0,1,1,0,1,0,0000000,99,99,99,99,99,99,0,0,0,1,0
34,340496,1,1,0,0,0,1,1,5,0,6,11,2011,1,6,17,0,13,4,530,,0,39.96651667,-74.627636110,0,1,0,0,1,1,5,0,3,1,0,1,0,0000000,6,21,6,22,7,2,0,0,0,1,1
34,340497,2,2,0,0,0,3,3,13,2130,8,8,2011,2,1,9,1,11,1,I-280 RAMP,1ST STREET,134,40.75125278,-74.185891670,0,12,6,1,5,1,1,0,3,1,0,1,0,0000000,0,57,0,58,99,99,0,0,0,1,1
34,340498,2,1,1,0,0,1,1,25,250,13,11,2011,1,11,12,0,14,3,SR-71,RAILROAD AVE,59,40.18179167,-74.026830560,0,10,0,0,6,1,1,0,1,1,0,1,0,856958P,99,99,99,99,99,99,0,0,0,1,0
34,340499,2,2,0,0,0,2,2,29,0,28,12,2011,4,10,11,1,13,3,SR-72,STAFFORD SQUARE,227,39.70493056,-74.274405560,0,12,6,0,4,1,1,0,1,1,0,1,0,0000000,10,15,10,39,11,38,0,0,0,1,0
34,340500,2,2,0,0,0,3,3,19,1160,26,10,2011,4,7,32,1,13,3,SR-31,MAIN STREET,381,40.68747500,-74.934319440,0,12,6,0,2,4,1,0,1,1,0,1,0,0000000,7,27,7,46,8,4,0,0,0,1,0
34,340502,2,1,1,3,4,1,2,13,2130,12,11,2011,7,10,21,0,13,4,508,,0,40.74310556,-74.173955560,0,43,0,0,1,1,5,1,1,1,0,1,0,0000000,99,99,99,99,99,99,0,0,0,1,0
34,340503,1,1,0,1,1,1,1,17,1540,9,11,2011,4,11,43,0,15,6,BERGEN AVE,ELM STREET,0,40.75847222,-74.149233330,0,8,0,0,2,2,1,0,1,1,0,1,0,0000000,99,99,99,99,99,99,0,0,0,1,0
34,340504,2,1,1,0,1,2,3,35,1081,28,11,2011,2,16,6,1,11,1,I-287,,113,40.54308889,-74.531100000,0,14,0,0,1,1,2,0,1,1,0,1,0,0000000,16,7,16,15,17,6,0,0,0,2,0
34,340505,1,1,0,0,0,2,2,7,2545,16,8,2011,3,18,18,0,13,4,CR-644,,0,39.98222222,-75.015977780,0,33,0,1,5,1,4,0,1,1,0,1,0,0000000,18,18,18,27,18,39,0,0,0,1,0
34,340506,1,1,0,2,2,1,1,39,1700,25,10,2011,3,18,20,0,14,4,CR-617,N. ELIZABETH AVENUE,0,40.63069444,-74.252355560,0,8,0,0,2,2,1,0,5,1,0,1,0,0000000,18,22,18,28,19,12,0,0,0,1,0
34,340507,1,1,0,0,0,2,2,7,598,20,9,2011,3,15,52,0,14,4,675,,0,39.88770556,-74.940250000,0,33,0,0,1,1,5,0,1,1,0,1,0,0000000,16,6,16,16,16,37,0,0,0,1,0
34,340508,1,1,0,0,0,6,6,23,779,24,10,2011,2,21,25,0,14,5,CHURCH LANE,,0,40.41238056,-74.455575000,0,42,0,0,1,1,4,0,3,1,0,1,0,0000000,21,31,21,43,22,17,0,0,0,1,0
34,340509,1,1,0,0,0,1,1,1,0,23,10,2011,1,2,41,0,14,4,561,,150,39.57528333,-74.695091670,0,24,0,0,1,1,5,0,2,1,0,1,0,0000000,99,99,99,99,99,99,0,0,0,1,1
34,340510,2,2,0,0,0,3,3,11,1845,2,10,2011,1,23,29,1,2,3,SR-47,,326,39.29795000,-74.974019440,0,12,2,0,1,1,1,0,3,1,0,1,0,0000000,23,29,23,51,0,27,0,0,0,1,1
34,340511,2,2,0,0,0,5,5,7,598,27,11,2011,1,13,3,0,14,3,SR-41,PARK BLVD,98,39.90393889,-75.021361110,0,12,6,0,2,2,1,0,1,1,0,1,0,0000000,13,2,13,7,13,30,0,0,0,1,0
34,340512,1,1,0,1,1,4,4,1,1720,13,11,2011,1,18,26,0,13,2,US-9,VERNON AVE,370,39.36074444,-74.566172220,0,9,0,0,2,2,1,0,2,1,0,1,0,0000000,99,99,99,99,99,99,0,0,0,1,0
34,340513,1,1,0,0,0,4,4,37,3501,18,11,2011,6,21,10,0,6,5,RAMSEY ROAD,,0,41.25693889,-74.640780560,0,42,0,0,1,1,4,0,2,1,0,1,0,0000000,21,12,21,42,22,16,0,0,0,1,0
34,340514,1,1,0,1,1,1,1,21,3380,25,11,2011,6,17,25,1,13,3,SR-33,,2,40.21695000,-74.754847220,0,8,0,0,1,1,1,0,3,1,0,1,0,0000000,17,27,17,30,17,41,0,0,0,1,0
34,340515,2,2,0,0,0,3,3,13,3600,27,11,2011,1,18,0,1,11,1,I-280,,91,40.78083056,-74.242630560,0,33,0,0,1,1,4,0,2,1,0,1,0,0000000,18,2,18,8,99,99,14,0,0,1,0
34,340516,1,1,0,1,1,1,1,1,1105,20,10,2011,5,20,20,1,13,2,US-30,654,501,39.44429444,-74.525869440,0,8,0,0,3,2,1,0,3,1,0,1,0,0000000,20,21,20,24,20,54,0,0,0,1,0
34,340517,2,2,0,0,0,3,3,5,613,23,12,2011,6,16,37,0,14,4,603,606,0,39.98781944,-74.979841670,0,12,6,0,2,4,1,0,3,1,0,1,0,0000000,16,36,16,44,17,43,0,0,0,1,0
34,340518,2,2,0,0,0,2,2,41,0,29,11,2011,3,5,47,1,1,1,I-80,,10,40.96542500,-75.117758330,0,12,6,0,1,1,1,0,3,10,0,10,0,0000000,5,56,6,27,6,48,0,0,0,1,0
34,340519,2,2,0,0,0,3,3,29,3360,17,12,2011,7,19,3,1,13,3,SR-70,MASSACHUSETTS AVE,493,40.04268611,-74.232266670,0,12,6,0,2,4,1,0,3,10,0,10,0,0000000,19,7,19,25,19,44,0,0,0,1,1
34,340520,2,2,0,0,0,6,6,7,520,5,11,2011,7,0,28,1,11,1,I-676,,34,39.94671111,-75.114430560,0,12,7,0,1,1,1,0,3,1,0,1,0,0000000,0,12,0,19,0,24,0,0,0,1,1