STATE,ST_CASE,VE_TOTAL,VE_FORMS,PVH_INVL,PEDS,PERNOTMVIT,PERMVIT,PERSONS,COUNTY,CITY,DAY,MONTH,YEAR,DAY_WEEK,HOUR,MINUTE,NHS,ROAD_FNC,ROUTE,TWAY_ID,TWAY_ID2,MILEPT,LATITUDE,LONGITUD,SP_JUR,HARM_EV,MAN_COLL,RELJCT1,RELJCT2,TYP_INT,REL_ROAD,WRK_ZONE,LGT_COND,WEATHER1,WEATHER2,WEATHER,SCH_BUS,RAIL,NOT_HOUR,NOT_MIN,ARR_HOUR,ARR_MIN,HOSP_HR,HOSP_MN,CF1,CF2,CF3,FATALS,DRUNK_DR
34,340521,1,1,0,0,0,2,2,23,3705,7,12,2011,4,1,35,1,11,1,I-95,,448,40.54091667,-74.309250000,0,24,0,0,1,1,3,0,2,2,0,2,0,0000000,1,39,2,20,2,41,0,0,0,1,0
34,340522,2,2,0,0,0,5,5,37,0,26,11,2011,7,13,22,0,14,3,SR-94,,365,41.16341389,-74.561661110,0,12,6,0,1,1,1,0,1,1,0,1,0,0000000,13,17,13,32,13,57,0,0,0,1,0
34,340523,1,1,0,1,1,1,1,27,2567,13,12,2011,3,22,17,0,14,4,504,DEMOTT AVE,0,40.94680278,-74.287502780,0,8,0,0,3,3,1,0,3,1,0,1,0,0000000,22,15,22,19,22,32,0,0,0,1,0
34,340524,4,4,0,0,0,4,4,3,2200,30,11,2011,4,12,6,1,13,3,SR-7,,40,40.77577222,-74.129588890,0,12,1,0,1,1,1,0,1,1,0,1,0,0000000,12,5,12,6,12,45,0,0,0,1,0
34,340525,1,1,0,0,0,1,1,5,3325,16,12,2011,6,7,28,0,14,4,532,,117,39.82381111,-74.602311110,0,42,0,0,1,1,5,0,2,1,0,1,0,0000000,7,28,7,47,88,88,0,0,0,1,1
34,340526,2,2,0,0,0,5,5,31,2510,13,11,2011,1,2,26,0,16,6,MARKET STREET,E. 25TH STREET,0,40.90883889,-74.151472220,0,12,1,0,2,2,1,0,3,1,0,1,0,0000000,2,49,2,54,3,3,0,0,0,1,1
34,340527,1,1,0,0,0,2,2,23,3705,22,12,2011,5,1,11,1,12,8,444,,1287,40.52816944,-74.298319440,0,24,0,0,1,1,3,0,3,1,0,1,0,0000000,1,14,1,22,1,49,0,0,0,1,1
34,340528,2,2,0,0,0,4,4,23,2417,6,12,2011,3,11,42,1,13,2,US-9,JAKEBROWN ROAD,1250,40.41610000,-74.305038890,0,12,1,0,2,2,1,0,1,2,0,2,0,0000000,11,46,11,59,12,22,0,0,0,1,0
34,340530,1,1,0,0,0,1,1,5,370,15,12,2011,5,14,2,1,13,2,US-206,PARK AVE,367,40.15837500,-74.700711110,0,24,0,0,3,2,4,0,1,10,0,10,0,0000000,14,4,14,32,88,88,0,0,0,1,0
34,340531,1,1,0,1,1,1,1,23,1920,17,12,2011,7,18,6,0,16,6,HARRIS AVENUE,,0,40.57193611,-74.498975000,0,8,0,0,1,1,1,0,3,1,0,1,0,0000000,18,8,18,21,19,2,0,0,0,1,0
34,340532,1,1,0,0,0,1,1,15,1082,14,12,2011,4,19,11,0,4,4,555,,0,39.57836667,-75.008666670,0,42,0,0,1,1,5,0,2,1,0,1,0,0000000,19,12,19,23,88,88,0,0,0,1,1
34,340533,1,1,0,1,1,1,1,31,660,5,12,2011,2,17,11,0,16,6,SPEER AVENUE,WONHAM STREET,0,40.85507778,-74.146238890,0,8,0,0,3,2,1,0,3,1,0,1,0,0000000,99,99,99,99,99,99,0,0,0,1,0
34,340534,1,1,0,1,1,1,1,39,3290,21,12,2011,4,18,20,0,16,6,UNION PLACE,MAPLE STREET,0,40.71705556,-74.358988890,0,8,0,0,3,1,1,0,3,1,0,1,0,0000000,99,99,99,99,99,99,0,0,0,1,0
34,340535,1,1,0,0,0,1,1,21,2712,17,12,2011,7,10,53,1,13,2,US-206,,553,40.36608333,-74.664008330,0,17,0,0,1,1,4,0,1,1,0,1,0,0000000,10,56,11,15,11,28,0,0,0,1,1
34,340536,3,2,1,0,0,2,2,25,1925,8,12,2011,5,13,1,1,12,8,GARDEN STATE PARKWAY-444,,1113,40.35251111,-74.119888890,0,12,1,0,1,1,1,0,1,1,0,1,0,0000000,99,99,99,99,99,99,0,0,0,1,0
34,340538,2,1,1,1,1,1,1,39,860,6,12,2011,3,9,8,1,11,1,I-95,,546,40.64930000,-74.200980560,0,14,0,0,1,1,2,0,1,1,0,1,0,0000000,9,11,9,27,9,45,23,0,0,1,0
34,340539,2,2,0,0,0,2,2,21,3380,14,9,2011,4,12,20,0,14,4,CR-636,HOMAN (MAPLE) AVENUE,0,40.24048611,-74.782300000,0,1,0,0,2,2,1,0,1,1,0,1,0,0000000,99,99,99,99,99,99,0,0,0,1,0
34,340540,3,3,0,0,0,10,10,23,3705,24,11,2011,5,12,49,1,12,8,444,,1268,40.50630833,-74.300397220,0,12,1,0,1,1,1,0,1,1,0,1,0,0000000,12,49,12,55,13,40,0,0,0,1,0
34,340541,1,1,0,0,0,2,2,33,2565,15,12,2011,5,2,54,1,13,3,SR-49,S HOOK RD,54,39.61298056,-75.502000000,0,33,0,0,3,4,4,0,2,1,0,1,0,0000000,2,57,3,10,99,99,20,0,0,1,0
34,340542,1,1,0,0,0,1,1,15,3569,21,12,2011,4,7,33,1,11,1,I-295,,216,39.84411111,-75.185488890,0,20,0,1,19,1,8,0,1,1,0,1,0,0000000,7,34,7,40,8,17,0,0,0,1,0
34,340543,1,1,0,0,0,1,1,21,1650,30,12,2011,6,20,7,1,11,1,I-295,,670,40.27518889,-74.691150000,0,58,0,0,1,1,4,0,2,1,0,1,0,0000000,20,18,20,20,88,88,0,0,0,1,0
34,340544,2,2,0,0,0,2,2,1,0,18,12,2011,1,9,3,0,6,4,681,,13,39.49657778,-74.936166670,0,12,2,0,1,1,1,0,1,1,0,1,0,0000000,9,3,9,12,9,49,0,0,0,1,1
34,340545,2,2,0,1,1,6,6,1,90,3,12,2011,7,15,53,0,14,6,PACIFIC AVE,,0,39.36069167,-74.426758330,0,8,0,0,1,1,1,0,1,1,0,1,0,0000000,99,99,99,99,99,99,0,0,0,1,0
34,340546,1,1,0,0,0,1,1,7,690,7,12,2011,4,9,13,0,16,6,BROWNING ROAD,NEWTON LAKES DRIVE,0,39.90941111,-75.079002780,8,38,0,0,3,3,6,0,1,2,0,2,0,0000000,9,16,9,40,9,57,0,0,0,1,1
34,340547,1,1,0,0,0,1,1,1,0,18,12,2011,1,9,16,0,4,4,CUMBERLAND ROAD,,0,39.50790000,-74.923500000,0,42,0,0,1,1,4,0,1,1,0,1,0,0000000,9,14,9,20,88,88,0,0,0,1,0
34,340549,2,2,0,0,0,3,3,11,3460,25,9,2011,1,15,55,0,16,6,NEW PANTHER RD,CHESTNUT AVE,0,39.47513333,-74.946652780,0,12,6,0,2,2,1,0,1,1,0,1,0,0000000,16,8,16,17,16,22,0,0,0,1,0
34,340550,2,2,0,0,0,2,2,7,3694,22,12,2011,5,17,34,1,13,3,SR-73,CR-721,88,39.68682500,-74.890133330,0,12,6,0,2,2,1,0,3,1,0,1,0,0000000,17,35,17,59,18,30,0,0,0,1,0
34,340552,1,1,0,1,1,1,1,39,3290,14,10,2011,6,6,34,0,14,4,657,SPRINGFIELD AVE,0,40.71815000,-74.356208330,0,8,0,0,3,2,1,0,3,2,0,2,0,0000000,6,35,6,47,7,27,0,0,0,1,0
34,340553,1,1,0,1,1,1,1,39,860,26,11,2011,7,4,37,1,13,2,US-1,EAST JERSEY ST,443,40.66275278,-74.206683330,0,8,0,1,3,2,1,0,2,1,0,1,0,0000000,4,33,4,48,5,4,0,0,0,1,0
34,340554,2,2,0,0,0,2,2,27,2084,21,11,2011,2,18,27,0,16,6,PLEASANT HILL RD,,0,40.83040556,-74.694180560,0,12,1,0,1,1,1,0,3,1,0,1,0,0000000,99,99,99,99,99,99,0,0,0,1,1
34,340555,1,1,0,1,1,3,3,7,598,15,12,2011,5,21,1,1,13,3,SR-38,CHURCH ROAD,38,39.94035833,-75.010405560,0,9,0,0,2,6,1,0,3,10,0,10,0,0000000,99,99,99,99,99,99,0,0,0,1,0
34,340556,2,2,0,0,0,2,2,11,0,19,12,2011,2,7,42,0,4,4,CR-555,WHITEHEAD ROAD,0,39.32807778,-75.076950000,0,12,6,0,2,4,1,0,1,1,0,1,0,0000000,7,52,8,10,8,44,0,0,0,1,0
34,340557,7,1,6,0,0,1,1,17,2205,10,12,2011,7,2,3,0,16,6,81ST STREET,GRAND AVE,0,40.80651111,-74.014177780,0,14,0,0,3,2,4,0,3,1,0,1,0,0000000,99,99,99,99,99,99,14,0,0,1,0
34,340558,2,1,1,0,0,1,1,15,0,8,12,2011,5,14,7,0,15,4,CR-555,DAWN DRIVE,0,39.65176667,-75.017858330,0,53,0,0,1,1,4,0,1,1,0,1,0,0000000,14,8,14,19,14,42,0,0,0,1,0
34,340559,2,2,0,0,0,3,3,7,598,28,7,2011,5,10,58,0,13,4,544,SPRINGFIELD RD,0,39.86062222,-74.974783330,0,12,6,0,2,2,1,0,1,1,0,1,0,0000000,10,59,11,3,11,21,0,0,0,1,0
34,340560,1,1,0,2,2,1,1,7,598,15,9,2011,5,12,34,1,13,3,SR-70,RANOLDO TERRACE,45,39.91103056,-74.994380560,0,8,0,0,3,3,2,0,1,10,0,10,0,0000000,12,33,12,38,13,16,0,0,0,1,0
34,340561,2,2,0,0,0,3,3,15,0,24,12,2011,7,3,49,1,13,2,US-322,,294,39.63420833,-74.932113890,0,12,8,0,1,1,1,0,3,1,0,1,0,0000000,3,51,4,0,4,52,0,0,0,1,1
34,340562,1,1,0,1,1,1,1,13,2440,22,12,2011,5,6,36,0,14,4,638,,0,40.77349722,-74.233808330,0,8,0,0,1,1,1,0,2,1,0,1,0,0000000,6,47,6,59,7,14,0,0,0,1,0
34,340563,2,2,0,0,0,2,2,15,0,9,12,2011,6,8,46,0,15,4,CR-555,,0,39.65435000,-75.018888890,0,53,0,0,1,1,4,0,1,1,0,1,0,0000000,8,46,8,52,9,27,0,0,0,1,0
34,340564,2,2,0,0,0,2,2,29,416,27,12,2011,3,7,6,0,13,3,SR-88,BURNT BRIDGE RD,73,40.07803611,-74.094716670,0,12,2,0,1,1,1,0,4,10,0,10,0,0000000,7,27,7,34,8,3,0,0,0,1,0
34,340565,2,2,0,1,1,2,2,25,2109,24,12,2011,7,18,19,0,13,3,SR-33,,388,40.20893056,-74.074216670,0,8,0,0,1,1,1,0,2,1,0,1,0,0000000,99,99,99,99,99,99,0,0,0,1,0
34,340566,1,1,0,1,1,0,0,23,844,12,7,2011,3,9,0,0,16,6,FISHEL RD,,0,40.56956111,-74.352650000,0,8,0,0,4,1,1,0,1,1,0,1,0,0000000,9,53,10,2,10,38,0,0,0,1,0
34,340567,1,1,0,0,0,1,1,23,844,12,10,2011,4,22,38,1,13,2,US-1,,315,40.52515833,-74.358775000,0,33,0,0,1,1,4,0,3,2,0,2,0,0000000,22,40,22,45,23,20,0,0,0,1,1
34,340568,3,3,0,0,0,4,4,23,844,5,12,2011,2,11,25,0,14,4,604,WOOD AVE,0,40.57297778,-74.336166670,0,12,1,0,3,2,1,0,1,1,0,1,0,0000000,11,26,11,36,88,88,0,0,0,1,0
34,340569,1,1,0,0,0,2,2,17,2205,22,9,2011,5,20,26,0,16,5,WESTSIDE AVENUE,,0,40.80528889,-74.024302780,0,33,0,0,1,1,4,0,3,1,0,1,0,0000000,99,99,99,99,99,99,0,0,0,1,0
34,340570,2,2,0,0,0,2,2,23,844,18,12,2011,1,3,43,0,13,4,514,UN NAMED ROADWAY,0,40.51984722,-74.344683330,0,12,1,0,2,3,1,0,3,1,0,1,0,0000000,3,49,4,5,4,53,0,0,0,1,0
34,340571,2,2,0,0,0,3,3,15,0,22,12,2011,5,13,17,0,14,4,630,LONG BOW CIRCLE,0,39.77470556,-75.092541670,0,12,6,0,2,2,1,0,1,1,0,1,0,0000000,13,21,13,40,14,0,0,0,0,1,0
34,340572,2,1,1,1,1,1,1,3,2940,14,10,2011,6,1,27,1,12,3,SR-3,,636,40.80673333,-74.101463890,0,8,0,1,5,1,1,0,3,2,0,2,0,0000000,1,21,1,28,2,7,19,0,0,1,0
34,340573,1,1,0,1,1,1,1,11,724,26,12,2011,2,19,17,0,3,3,SR-56,,36,39.47973889,-75.143780560,0,8,0,0,1,1,1,0,3,1,0,1,0,0000000,19,17,19,25,88,88,0,0,0,1,0
34,340574,2,2,0,0,0,4,4,29,3360,1,10,2011,7,16,26,0,14,4,C-571,CONTEMPO DRIVE,0,39.97131111,-74.162627780,0,12,6,0,2,3,1,0,1,10,0,10,0,0000000,16,28,16,31,17,24,0,0,0,1,0
34,340575,1,1,0,0,0,1,1,25,0,1,12,2011,5,15,21,1,11,1,I-195,,123,40.10540000,-74.300961110,0,1,0,0,1,1,3,0,1,1,0,1,0,0000000,99,99,99,99,99,99,0,0,0,1,1
34,340576,1,1,0,0,0,1,1,5,1805,17,12,2011,7,21,28,0,15,5,CR-543,,0,40.07790000,-74.754800000,0,1,0,0,1,1,5,0,2,1,0,1,0,0000000,21,29,21,32,22,29,0,0,0,1,1
34,340577,1,1,0,1,1,1,1,3,2000,24,11,2011,5,18,40,1,12,8,GSP-444,,1714,41.05395000,-74.065250000,0,8,0,0,1,1,1,0,3,1,0,1,0,0000000,22,25,22,50,88,88,0,0,0,1,0
34,340579,1,1,0,1,1,1,1,35,990,1,12,2011,5,13,24,0,16,6,PENNBROOK ROAD,,0,40.70163889,-74.625100000,0,9,0,0,1,1,1,0,1,1,0,1,0,0000000,13,25,13,42,88,88,0,0,0,1,0
34,340580,1,1,0,0,0,1,1,37,3196,7,12,2011,4,9,7,0,3,3,SR-94,,309,41.10939722,-74.639744440,0,30,0,0,1,1,4,0,1,2,0,2,0,0000000,9,16,9,24,10,25,0,0,0,1,0
34,340581,1,1,0,1,1,1,1,21,1265,28,12,2011,4,17,13,1,11,1,I-295,,649,40.24221111,-74.701550000,0,8,0,0,1,1,1,0,2,1,0,1,0,0000000,88,88,88,88,88,88,19,0,0,1,0
34,340582,1,1,0,1,1,1,1,5,2081,26,12,2011,2,18,19,0,15,4,CR-612,SAW MILL ROAD,0,39.94004722,-74.925525000,0,8,0,0,3,1,1,0,2,1,0,1,0,0000000,18,18,18,24,88,88,0,0,0,1,0
34,340583,2,1,1,1,2,1,2,7,1640,31,12,2011,7,4,25,1,11,1,I-295,,312,39.87131944,-75.028819440,0,14,0,0,1,1,2,0,2,1,0,1,0,0000000,4,30,4,32,88,88,23,0,0,1,1
34,340584,1,1,0,1,1,1,1,39,1550,31,12,2011,7,0,4,1,12,8,GARDEN STATE PARKWAY,,1398,40.67050556,-74.282486110,0,8,0,0,1,1,1,0,2,1,0,1,0,0000000,99,99,99,99,99,99,0,0,0,1,0
34,340585,1,1,0,1,1,0,0,39,860,16,12,2011,6,7,25,0,19,8,NEWARK INTERNATIONAL AIRPORT,,0,40.68706111,-74.184269440,8,8,0,0,1,1,5,0,1,1,0,1,0,0000000,7,26,7,46,8,26,23,0,0,1,0
34,340586,1,1,0,1,1,2,2,31,2500,11,9,2011,1,2,20,0,14,4,CR-624 I,SHERMAN STREET,0,40.86731111,-74.130130560,0,8,0,0,2,3,1,0,3,1,0,1,0,0000000,2,22,2,24,2,44,0,0,0,1,0
34,340587,3,2,1,0,0,2,2,13,2130,10,12,2011,7,12,37,0,14,6,NORFOLK STREET,HARTFORD STREET,0,40.74403056,-74.183991670,0,12,6,0,2,3,1,0,1,1,0,1,0,0000000,12,33,12,40,13,4,0,0,0,1,0
34,340588,1,1,0,1,1,1,1,29,1590,25,9,2011,1,5,14,0,13,4,CR-528,,0,40.08540000,-74.208080560,0,8,0,0,1,1,1,0,2,1,0,1,0,0000000,5,8,5,14,88,88,0,0,0,1,0
34,340589,1,1,0,1,1,1,1,21,3380,6,12,2011,3,6,42,1,13,3,SR-129,CR-650 (LALOR STREET),10,40.19838333,-74.752866670,0,8,0,0,3,2,1,0,4,2,0,2,0,0000000,88,88,88,88,88,88,0,0,0,1,0
34,340590,1,1,0,1,1,1,1,3,1750,26,12,2011,2,23,54,0,14,4,CR-56 I,,0,40.89150833,-74.072063890,0,8,0,0,1,1,1,0,3,1,0,1,0,0000000,23,58,0,2,0,14,0,0,0,1,0
34,340591,2,2,0,0,0,2,2,29,1590,22,10,2011,7,16,53,0,16,5,SHORROCK STREET,LIONS HEAD WOODS BLVD,0,40.04085000,-74.159627780,0,12,6,0,2,3,1,0,1,1,0,1,0,0000000,16,54,17,5,18,5,0,0,0,1,0
34,340592,2,2,0,0,0,3,3,29,1801,18,12,2011,1,16,27,1,2,3,SR-70,,420,40.00095833,-74.348513890,0,12,2,0,1,1,1,0,1,1,0,1,0,0000000,99,99,99,99,99,99,0,0,0,2,0
34,340593,2,2,0,0,0,3,3,31,2510,15,12,2011,5,3,35,0,13,4,CR-649,CR-651-I,0,40.92426944,-74.151963890,0,12,98,0,2,2,1,0,3,1,0,1,0,0000000,3,41,3,47,99,99,0,0,0,1,1
34,340594,1,1,0,0,0,2,2,15,1082,21,11,2011,2,18,14,0,6,5,STANTON AVENUE,,0,39.59927500,-75.014488890,0,42,0,0,1,1,4,0,1,1,0,1,0,0000000,14,44,14,55,15,35,0,0,0,1,0
34,340595,1,1,0,0,0,1,1,23,2208,2,10,2011,1,2,7,0,14,4,606,,0,40.46599167,-74.450794440,0,33,0,0,1,1,4,0,3,1,0,1,0,0000000,2,12,2,20,88,88,0,0,0,1,1
34,340596,1,1,0,1,1,1,1,23,3110,28,7,2011,5,10,46,1,13,2,US-9,,1301,40.47889167,-74.292158330,0,8,0,0,1,1,1,0,1,99,0,99,0,0000000,99,99,99,99,99,99,0,0,0,1,0
34,340597,1,1,0,0,0,2,2,21,3380,26,12,2011,2,9,26,0,14,6,STUYVESANT AVENUE,,0,40.23318333,-74.778525000,0,33,0,0,1,1,4,0,1,1,0,1,0,0000000,9,24,9,39,9,45,0,0,0,1,1
34,340598,3,3,0,0,0,4,4,33,3760,21,8,2011,1,17,21,0,13,2,US-40,,112,39.65122222,-75.317480560,0,12,8,0,1,1,2,0,1,10,0,10,0,0000000,17,31,17,34,99,99,0,0,0,1,0
34,340599,2,2,0,0,0,3,3,7,630,29,12,2011,5,3,15,1,13,2,US-30,,140,39.80892222,-74.976858330,0,12,8,0,1,1,1,0,3,1,0,1,0,0000000,99,99,99,99,99,99,0,0,0,2,1
34,340601,1,1,0,1,1,1,1,35,1194,24,12,2011,7,2,53,1,13,2,US-22,CRAMER AVENUE,407,40.59152778,-74.498216670,0,8,0,0,3,2,1,0,3,1,0,1,0,0000000,99,99,99,99,99,99,0,0,0,1,0
34,340602,4,4,0,0,0,6,6,27,0,9,12,2011,6,11,55,1,13,3,SR-15,PHIPPS RD,33,40.92133889,-74.587325000,0,12,1,0,3,2,1,0,1,1,0,1,0,0000000,11,55,12,0,13,33,0,0,0,1,0
34,340603,1,1,0,0,0,2,2,31,3582,28,12,2011,4,5,12,0,6,5,TYLER PLACE,,0,41.16210000,-74.388133330,0,5,0,0,1,1,1,0,2,1,0,1,0,0000000,5,14,5,48,6,28,0,0,0,1,0
34,340604,1,1,0,0,0,2,2,13,1480,8,10,2011,7,4,46,1,12,8,GARDEN STATE PKWY,,1453,40.72038889,-74.232688890,0,24,0,0,1,1,4,0,3,1,0,1,0,0000000,99,99,99,99,99,99,0,0,0,1,1
34,340605,2,2,0,0,0,7,7,37,3448,29,12,2011,5,15,20,0,4,4,517,,0,41.16120278,-74.541047220,0,12,1,0,1,1,1,0,1,1,0,1,0,0000000,15,20,15,45,16,48,0,0,0,1,0
34,340606,1,1,0,1,1,1,1,13,230,17,9,2011,7,20,23,0,14,4,506,FAIRWAY AVENUE,0,40.79525000,-74.174863890,0,8,0,0,2,2,1,0,3,1,0,1,0,0000000,99,99,99,99,99,99,0,0,0,1,0
34,340607,2,1,1,1,1,1,1,29,0,21,9,2011,4,10,23,0,16,5,MERMAID AVENUE,STEAMER AVENUE,0,39.72887222,-74.288322220,0,33,0,0,3,1,4,0,1,1,0,1,0,0000000,99,99,99,99,99,99,0,0,0,1,1
34,340608,1,1,0,1,1,1,1,29,1590,16,12,2011,6,22,30,0,15,4,CLOVER ST,,0,40.08630000,-74.200491670,0,8,0,0,1,1,2,0,3,1,0,1,0,0000000,99,99,99,99,99,99,0,0,0,1,0
35,350001,2,2,0,0,0,2,2,45,310,12,2,2011,7,15,3,1,13,3,SR-516 EAST MAIN,COUNTRY CLUB DRIVE,99998,36.77857778,-108.124944440,0,12,6,0,2,2,1,0,1,1,0,1,0,0000000,99,99,99,99,99,99,0,0,0,1,0
35,350002,3,3,0,0,0,4,4,49,710,3,1,2011,2,12,17,0,13,3,SR-466 ST MICHAELS,GALISTEO STREET,0,35.65866667,-105.951808330,0,12,6,0,2,2,1,0,1,1,0,1,0,0000000,99,99,99,99,99,99,0,0,0,1,0
35,350003,1,1,0,1,1,1,1,45,745,8,1,2011,7,0,23,0,3,2,US-64/SR-504,,99998,77.77770000,777.777700000,3,8,0,0,1,1,2,0,3,1,0,1,0,0000000,88,88,88,88,88,88,0,0,0,1,1
35,350004,1,1,0,0,0,2,2,5,0,1,1,2011,7,6,15,0,9,2,US-70/RELIEF ROUTE,,96,77.77770000,777.777700000,0,1,0,0,1,1,4,0,2,1,0,1,0,0000000,99,99,99,99,99,99,0,0,0,1,0
35,350005,2,2,0,0,0,2,2,35,0,13,1,2011,5,14,0,1,2,2,US-82,,42,77.77770000,777.777700000,0,24,0,0,1,1,4,0,1,1,0,1,0,0000000,99,99,99,99,99,99,0,0,0,1,0
35,350006,1,1,0,0,0,1,1,25,0,18,1,2011,3,14,45,0,9,8,LEASE ROAD,,0,32.95612500,-103.491211110,0,1,0,0,1,1,5,0,1,1,0,1,0,0000000,99,99,99,99,99,99,0,0,0,1,0
35,350007,1,1,0,0,0,3,3,35,0,21,1,2011,6,8,0,1,2,2,US-70,,2530,33.25535000,-105.701158330,3,1,0,0,1,1,5,0,1,1,0,1,0,0000000,99,99,99,99,99,99,0,0,0,2,0
35,350008,1,1,0,0,0,5,5,33,0,4,1,2011,3,7,23,1,1,1,I-25/US-85,,3980,36.01203333,-104.707775000,0,24,0,0,1,1,4,0,1,1,0,1,0,0000000,99,99,99,99,99,99,0,0,0,1,0
35,350009,1,1,0,2,2,1,1,5,670,13,1,2011,5,16,48,0,16,6,NORTH GARDEN,,0,33.39387222,-104.514316670,0,8,0,0,1,1,1,0,5,1,0,1,0,0000000,99,99,99,99,99,99,0,0,0,2,0
35,350010,1,1,0,0,0,2,2,33,0,14,1,2011,6,11,32,1,1,1,I-25,,3688,35.83424722,-104.957991670,0,1,0,0,1,1,5,0,1,1,0,1,0,0000000,99,99,12,25,99,99,0,0,0,1,1
35,350011,1,1,0,0,0,5,5,41,640,21,1,2011,6,1,54,1,2,2,US-70,ROOSEVELT ROAD P,99998,34.21392778,-103.301988890,0,1,0,0,3,4,4,0,2,1,0,1,0,0000000,99,99,99,99,99,99,0,0,0,1,1
35,350012,2,2,0,0,0,2,2,15,0,27,1,2011,5,19,2,1,2,3,SR-128,,56,32.23923056,-103.723125000,0,12,2,0,1,1,1,0,2,1,0,1,0,0000000,99,99,99,99,99,99,0,0,0,1,0
35,350013,1,1,0,0,0,1,1,61,100,29,1,2011,7,13,30,1,1,1,I-25 BYPASS,SR-314,99998,77.77770000,777.777700000,0,1,0,1,3,1,1,0,1,1,0,1,0,0000000,99,99,99,99,88,88,0,0,0,1,0
35,350014,1,1,0,0,0,1,1,57,870,31,1,2011,2,5,15,1,2,2,US-60,,2172,34.58849167,-106.094283330,0,1,0,0,1,1,5,0,2,1,0,1,0,0000000,99,99,99,99,99,99,0,0,0,1,0
35,350015,1,1,0,0,0,1,1,45,745,19,1,2011,4,20,0,0,3,2,US-64/SR-504,,144,36.82570556,-108.984888890,3,1,0,0,1,1,4,0,2,1,0,1,0,0000000,99,99,99,99,88,88,0,0,0,1,1
35,350016,1,1,0,0,0,2,2,27,28,1,1,2011,7,12,20,0,13,6,PINEHURST,BROADMOOR,0,33.40039722,-105.669875000,0,1,0,0,3,3,5,0,1,1,0,1,0,0000000,99,99,99,99,99,99,0,0,0,1,0
35,350017,2,2,0,0,0,5,5,49,351,11,1,2011,3,18,33,1,1,1,I-25/US-84,,2993,35.56773611,-105.800711110,0,12,7,0,1,1,1,0,2,1,0,1,0,0000000,88,88,88,88,88,88,0,0,0,1,0
35,350018,1,1,0,0,0,2,2,55,0,3,2,2011,5,19,20,0,9,3,SR-518,,575,36.08247222,-105.468836110,0,24,0,0,1,1,5,0,2,1,0,1,0,0000000,88,88,88,88,88,88,0,0,0,2,1
35,350019,3,2,1,2,3,4,5,59,0,6,2,2011,1,23,35,1,2,2,US-64/US-87,,3939,36.64486944,-103.737202780,0,14,0,0,1,1,2,0,2,1,0,1,0,0000000,99,99,99,99,99,99,23,14,0,1,1
35,350020,1,1,0,0,0,4,4,45,626,1,2,2011,3,17,58,1,2,2,US-491,,615,36.35944444,-108.720961110,3,1,0,0,1,1,4,0,2,1,0,1,0,0000000,99,99,99,99,99,99,0,0,0,2,0
35,350021,1,1,0,1,1,1,1,31,0,8,2,2011,3,18,23,1,2,3,SR-118,SUNDANCE ROAD,283,35.53257500,-108.648950000,3,8,0,0,3,2,1,0,2,1,0,1,0,0000000,99,99,99,99,99,99,0,0,0,1,0
35,350022,2,2,0,0,0,4,4,47,480,8,2,2011,3,16,20,1,1,1,I-25,,3463,35.59899167,-105.208072220,0,12,1,1,18,1,1,0,1,1,0,1,0,0000000,99,99,99,99,99,99,0,0,0,1,0
35,350025,2,2,0,0,0,3,3,31,807,16,2,2011,4,10,59,1,2,2,US-491,,225,35.84521111,-108.757097220,3,12,2,0,8,1,1,0,1,6,0,6,0,0000000,99,99,99,99,99,99,0,0,0,1,0
35,350026,2,2,0,0,0,2,2,1,30,17,2,2011,5,23,26,1,1,1,I-40,,0,35.10637778,-106.690911110,0,12,2,0,1,1,1,0,3,1,0,1,0,0000000,99,99,99,99,99,99,0,0,0,1,0
35,350027,1,1,0,0,0,1,1,43,29,18,2,2011,6,18,4,1,1,1,I-25,,2480,35.37873333,-106.469011110,0,21,0,1,18,1,4,0,5,1,0,1,0,0000000,88,88,88,88,88,88,0,0,0,1,0
35,350028,2,2,0,0,0,3,3,17,0,18,2,2011,6,15,0,1,1,1,I-10,,413,32.31216111,-108.607491670,0,12,6,0,1,1,1,0,1,1,0,1,0,0000000,99,99,99,99,99,99,0,0,0,1,1
35,350029,1,1,0,0,0,1,1,43,0,19,2,2011,7,15,14,1,1,1,I-25,,2557,35.33193333,-106.523552780,0,57,0,0,1,1,3,0,1,1,0,1,0,0000000,88,88,88,88,88,88,0,0,0,1,1
35,350030,1,1,0,1,1,1,1,39,9997,19,2,2011,7,19,55,0,3,3,SR-68,,62,36.08053889,-106.052161110,3,8,0,0,1,1,1,0,2,1,0,1,0,0000000,99,99,99,99,88,88,0,0,0,1,0
35,350031,1,1,0,0,0,1,1,29,0,21,2,2011,2,16,50,1,2,3,SR-9,,592,31.81631389,-108.036805560,0,32,0,0,1,1,4,0,1,1,0,1,0,0000000,88,88,88,88,88,88,0,0,0,1,1
35,350032,1,1,0,1,1,1,1,31,340,22,2,2011,3,9,49,1,2,2,US-66,,160,35.57008889,-108.769955560,0,8,0,0,1,1,1,0,1,1,0,1,0,0000000,88,88,88,88,88,88,0,0,0,1,0
35,350033,1,1,0,1,1,2,2,13,0,5,3,2011,7,13,55,1,2,2,US-70,,1660,32.24068333,-107.199097220,0,9,0,0,1,1,1,0,1,1,0,1,0,0000000,88,88,88,88,88,88,0,0,0,1,0