STATE,ST_CASE,VE_TOTAL,VE_FORMS,PVH_INVL,PEDS,PERNOTMVIT,PERMVIT,PERSONS,COUNTY,CITY,DAY,MONTH,YEAR,DAY_WEEK,HOUR,MINUTE,NHS,ROAD_FNC,ROUTE,TWAY_ID,TWAY_ID2,MILEPT,LATITUDE,LONGITUD,SP_JUR,HARM_EV,MAN_COLL,RELJCT1,RELJCT2,TYP_INT,REL_ROAD,WRK_ZONE,LGT_COND,WEATHER1,WEATHER2,WEATHER,SCH_BUS,RAIL,NOT_HOUR,NOT_MIN,ARR_HOUR,ARR_MIN,HOSP_HR,HOSP_MN,CF1,CF2,CF3,FATALS,DRUNK_DR
35,350034,1,1,0,0,0,2,2,25,0,6,3,2011,1,20,0,0,2,4,CR-42,,19,32.62325556,-103.307961110,0,1,0,0,1,1,1,0,2,1,0,1,0,0000000,99,99,99,99,99,99,0,0,0,1,0
35,350035,1,1,0,0,0,4,4,41,640,7,3,2011,2,18,28,0,9,4,CR-ROOSEVELT ROAD 2,CR-ROOSEVELT ROAD X,0,34.22908333,-103.443188890,0,1,0,0,3,2,1,0,1,1,0,1,0,0000000,99,99,99,99,99,99,0,0,0,1,0
35,350036,1,1,0,0,0,3,3,11,0,14,3,2011,2,11,55,1,2,2,US-285,,1550,33.99902222,-104.701252780,0,1,0,0,1,1,1,0,1,1,0,1,0,0000000,12,5,12,21,99,99,0,0,0,1,0
35,350037,1,1,0,0,0,3,3,45,745,5,3,2011,7,16,45,0,2,8,IR-364,,60,36.83191111,-108.738919440,3,1,0,0,1,1,4,0,1,1,0,1,0,0000000,99,99,99,99,99,99,0,0,0,1,1
35,350038,2,2,0,0,0,2,2,17,750,13,3,2011,1,18,3,0,13,6,HUDSON STREET,13TH STREET,0,32.76424167,-108.275755560,0,12,6,0,3,2,1,0,1,1,0,1,0,0000000,99,99,99,99,99,99,0,0,0,1,0
35,350039,1,1,0,0,0,2,2,53,0,16,3,2011,4,11,45,1,1,1,I-25,,1319,33.47834722,-107.220897220,0,1,0,0,1,1,4,0,1,1,0,1,0,0000000,99,99,99,99,99,99,0,0,0,1,0
35,350040,1,1,0,0,0,1,1,31,9997,17,3,2011,5,12,8,1,2,3,SR-605,SR-509,138,35.34775556,-107.781113890,0,1,0,0,3,3,5,0,1,1,0,1,0,0000000,88,88,88,88,88,88,0,0,0,1,0
35,350041,1,1,0,0,0,1,1,33,0,18,3,2011,6,8,21,1,1,1,I-25,,251,36.01168611,-104.706488890,0,1,0,0,1,1,4,0,1,1,0,1,0,0000000,99,99,99,99,99,99,0,0,0,1,0
35,350042,2,2,0,0,0,8,8,1,30,22,3,2011,3,19,34,1,11,1,I-25,,99998,35.13357778,-106.608550000,0,12,6,1,5,1,1,0,3,1,0,1,0,0000000,99,99,99,99,99,99,0,0,0,2,1
35,350043,1,1,0,1,1,1,1,47,480,23,3,2011,4,20,4,0,13,3,SR-518 7TH STREET,,99998,35.59262222,-105.215205560,0,8,0,0,1,1,1,1,3,1,0,1,0,0000000,99,99,99,99,88,88,0,0,0,1,0
35,350044,1,1,0,0,0,1,1,11,330,24,3,2011,5,5,30,1,2,2,US-60,SR-212,3333,34.47401389,-104.249266670,0,18,0,0,3,3,1,0,2,1,0,1,0,0000000,88,88,88,88,88,88,0,0,0,1,0
35,350045,2,2,0,0,0,3,3,61,100,25,3,2011,6,11,20,0,9,3,SR-47,,99998,34.47394444,-106.564808330,0,12,6,0,1,1,1,0,1,1,0,1,0,0000000,99,99,99,99,88,88,0,0,0,2,0
35,350046,1,1,0,0,0,1,1,6,0,29,3,2011,3,7,45,0,9,3,SR-53,BANDERA ROAD,606,35.00015833,-108.073486110,0,42,0,0,3,1,5,0,1,1,0,1,0,0000000,99,99,99,99,88,88,0,0,0,1,1
35,350047,2,2,0,0,0,3,3,35,0,31,3,2011,5,12,33,1,2,2,US-82,,147,32.91726667,-105.585130560,0,24,0,0,1,1,4,0,1,1,0,1,0,0000000,99,99,99,99,99,99,0,0,0,1,0
35,350048,1,1,0,0,0,1,1,7,0,1,4,2011,6,14,4,1,2,2,US-64,,3599,36.55306667,-105.268483330,0,1,0,0,1,1,3,0,1,1,0,1,0,0000000,88,88,88,88,88,88,0,0,0,1,0
35,350049,2,2,0,0,0,2,2,55,634,1,4,2011,6,20,31,0,9,3,SR-73,,343,36.16540556,-105.683486110,0,12,6,0,1,1,1,0,2,1,0,1,0,0000000,99,99,99,99,99,99,0,0,0,1,1
35,350050,2,2,0,0,0,2,2,61,530,2,4,2011,7,23,24,0,16,5,WINSTON RD.,,0,34.78326111,-106.780355560,0,12,7,0,1,1,1,0,2,1,0,1,0,0000000,99,99,99,99,99,99,0,0,0,1,0
35,350051,2,2,0,0,0,2,2,31,0,3,4,2011,1,21,16,1,1,1,I-40,,390,35.53433611,-108.660091670,0,12,2,0,1,1,1,0,2,1,0,1,0,0000000,99,99,99,99,88,88,0,0,0,1,1
35,350052,1,1,0,0,0,2,2,6,598,3,4,2011,1,15,36,1,1,1,I-40,,775,35.09345000,-107.781766670,0,1,0,0,1,1,5,0,1,1,0,1,0,0000000,99,99,99,99,99,99,0,0,0,1,0
35,350053,1,1,0,0,0,3,3,35,0,4,4,2011,2,0,0,1,2,8,IR-6,,14,33.17052222,-105.738938890,3,35,0,0,1,1,5,0,3,1,0,1,0,0000000,99,99,99,99,99,99,0,0,0,1,1
35,350054,1,1,0,0,0,1,1,45,0,4,4,2011,2,19,15,1,2,2,US-550,,1145,36.75713056,-108.359891670,0,35,0,0,1,1,5,0,5,1,0,1,0,0000000,88,88,88,88,88,88,0,0,0,1,1
35,350055,1,1,0,0,0,1,1,23,500,6,4,2011,4,12,36,1,1,1,I-10,,228,32.34790833,-108.744486110,0,35,0,0,1,1,6,0,1,1,0,1,0,0000000,88,88,88,88,88,88,0,0,0,1,0
35,350056,2,2,0,0,0,6,6,49,710,9,4,2011,7,17,56,0,13,3,SR-284 AIRPORT ROAD,AGUA FRIA STREET,0,35.63365000,-106.060980560,0,12,1,0,2,3,1,0,1,1,0,1,0,0000000,99,99,99,99,99,99,0,0,0,1,0
35,350057,1,1,0,0,0,1,1,31,0,23,4,2011,7,7,0,1,1,1,I-40,,44,35.48067778,-108.643611110,0,1,0,0,1,1,1,0,1,1,0,1,0,0000000,88,88,88,88,88,88,0,0,0,1,0
35,350058,4,4,0,1,1,4,4,1,30,1,1,2011,7,3,38,1,13,3,SR-423 PASEO DEL NORTE BLVD,,0,35.18064444,-106.663052780,0,8,0,0,1,1,1,0,2,1,0,1,0,0000000,88,88,88,88,88,88,0,0,0,1,0
35,350059,1,1,0,1,1,1,1,31,159,2,3,2011,4,19,33,1,2,3,SR-566,,21,35.56115278,-108.720516670,3,8,0,0,1,1,1,0,2,1,0,1,0,0000000,88,88,88,88,88,88,0,0,0,1,0
35,350060,2,2,0,0,0,2,2,1,30,13,3,2011,1,13,2,0,13,3,SR-45 COORS BLVD,LOS PADILLAS RD,0,34.95658889,-106.715183330,0,12,6,0,2,4,1,0,1,1,0,1,0,0000000,99,99,99,99,99,99,0,0,0,1,0
35,350061,3,3,0,0,0,3,3,45,745,12,4,2011,3,20,0,1,2,2,US-491,,750,36.68762500,-108.708258330,0,12,7,0,1,1,1,0,2,1,0,1,0,0000000,88,88,88,88,88,88,0,0,0,1,1
35,350062,2,2,0,0,0,3,3,13,0,9,4,2011,7,20,22,0,9,3,SR-404,,0,32.02355000,-106.592191670,0,12,8,0,1,1,1,0,2,1,0,1,0,0000000,99,99,99,99,99,99,0,0,0,1,1
35,350063,2,2,0,0,0,2,2,15,0,11,4,2011,2,12,4,1,2,2,US-285,CR-704 SMEDLEY RD,270,32.35621667,-104.175994440,0,12,6,0,2,3,1,0,1,1,0,1,0,0000000,99,99,99,99,99,99,0,0,0,1,0
35,350064,1,1,0,0,0,1,1,45,745,11,4,2011,2,21,11,1,2,2,US-491,,920,36.68776111,-108.708344440,0,33,0,0,1,1,4,0,3,1,0,1,0,0000000,99,99,99,99,99,99,0,0,0,1,1
35,350065,2,2,0,0,0,2,2,7,0,18,4,2011,2,10,53,1,2,2,US-64/87,,3617,36.87028333,-104.440005560,0,12,2,0,1,1,1,0,1,1,0,1,0,0000000,99,99,99,99,88,88,0,0,0,1,0
35,350066,1,1,0,0,0,4,4,53,0,24,4,2011,1,17,50,1,2,8,FR-225,,202,33.76743056,-107.341611110,0,35,0,0,1,1,4,0,1,1,0,1,0,0000000,99,99,99,99,99,99,0,0,0,1,0
35,350067,2,2,0,1,1,6,6,31,642,22,4,2011,6,3,7,1,1,1,I-40,,584,35.38981944,-108.193444440,0,8,0,0,1,1,1,0,2,8,0,8,0,0000000,88,88,88,88,88,88,0,0,0,1,0
35,350068,1,1,0,0,0,1,1,47,0,1,5,2011,1,1,54,1,2,7,I-25 FRONTAGE RD.,,3390,35.53678889,-105.223450000,0,59,0,1,19,1,4,0,2,1,0,1,0,0000000,99,99,99,99,99,99,0,0,0,1,1
35,350069,2,2,0,0,0,2,2,15,0,2,5,2011,2,7,0,1,2,4,CR-206,,26,33.55138889,-104.321925000,0,12,2,0,1,1,1,0,1,1,0,1,0,0000000,99,99,99,99,99,99,0,0,0,1,0
35,350070,1,1,0,0,0,2,2,51,258,7,5,2011,7,20,3,1,2,3,SR-195,,22,33.14675000,-107.187338890,0,35,0,0,1,1,4,0,5,1,0,1,0,0000000,88,88,88,88,88,88,0,0,0,2,1
35,350071,1,1,0,0,0,1,1,55,0,8,5,2011,1,9,21,1,2,3,SR-285,,4020,36.36450556,-105.640225000,0,1,0,0,1,1,4,0,1,1,0,1,0,0000000,88,88,88,88,88,88,0,0,0,1,0
35,350072,1,1,0,0,0,1,1,25,0,12,5,2011,5,5,30,1,2,2,US-82,,1590,32.95151667,-103.507691670,0,1,0,0,1,1,4,0,1,1,0,1,0,0000000,88,88,88,88,88,88,0,0,0,1,1
35,350073,1,1,0,0,0,1,1,35,154,13,5,2011,6,3,37,1,2,3,SR-213,CALLE NORTE,40,32.05077778,-106.354172220,0,30,0,0,3,1,4,0,2,1,0,1,0,0000000,88,88,88,88,88,88,0,0,0,1,1
35,350074,1,1,0,0,0,2,2,51,0,13,5,2011,6,15,9,1,1,1,I-25,,659,32.89897500,-107.314625000,0,1,0,0,1,1,4,0,1,1,0,1,0,0000000,99,99,99,99,99,99,0,0,0,1,0
35,350075,2,2,0,0,0,2,2,9,0,19,5,2011,5,0,31,1,2,2,US-60/84,,3697,34.42070000,-103.542330560,0,12,8,0,1,1,1,0,2,1,0,1,0,0000000,99,99,99,99,99,99,0,0,0,1,0
35,350076,1,1,0,0,0,1,1,29,0,14,5,2011,7,19,49,1,2,4,CR-D004,,620,32.24103889,-107.625872220,0,10,0,0,6,1,1,0,1,1,0,1,0,9999999,99,99,99,99,99,99,0,0,0,1,1
35,350077,3,1,2,1,2,1,2,51,0,16,5,2011,2,12,14,1,1,1,I-25,,590,32.89832778,-107.314538890,0,45,0,0,1,1,2,1,1,1,0,1,0,0000000,99,99,99,99,99,99,23,0,0,1,0
35,350078,2,2,0,0,0,5,5,1,30,16,3,2011,4,17,12,0,13,3,SR-47 BROADWAY BLVD,INDUSTRY WAY,99998,34.99757222,-106.652602780,0,12,2,0,3,1,1,0,1,1,0,1,0,0000000,99,99,99,99,99,99,0,0,0,1,0
35,350079,1,1,0,1,1,3,3,45,0,31,5,2011,3,22,41,1,2,2,US-64,,570,36.70430000,-108.145658330,0,8,0,0,1,1,1,0,2,1,0,1,0,0000000,88,88,88,88,88,88,0,0,0,1,0
35,350080,1,1,0,0,0,3,3,13,470,30,5,2011,2,14,3,1,13,2,US-70,,1600,32.41251111,-106.635872220,0,1,0,1,5,1,1,0,1,1,0,1,0,0000000,99,99,99,99,99,99,0,0,0,1,0
35,350081,1,1,0,0,0,1,1,31,642,30,5,2011,2,17,50,1,1,1,I-40,,641,35.39010000,-108.193702780,0,35,0,0,1,1,5,0,1,1,0,1,0,0000000,99,99,99,99,99,99,0,0,0,1,0
35,350082,3,3,0,0,0,4,4,17,43,29,5,2011,1,19,10,1,2,2,US-180,RIO DE ARENAS ROAD,1182,32.78115278,-108.192908330,0,12,6,0,2,3,1,0,1,1,0,1,0,0000000,99,99,99,99,99,99,0,0,0,1,2
35,350083,1,1,0,0,0,1,1,19,0,27,5,2011,6,2,20,1,1,1,I-40,,2498,34.98006667,-104.886475000,0,1,0,0,1,1,4,0,2,1,0,1,0,0000000,88,88,88,88,88,88,0,0,0,1,0
35,350084,1,1,0,0,0,1,1,6,558,25,5,2011,4,23,14,1,1,1,I-40,,930,35.11142778,-107.814725000,0,24,0,0,1,1,3,0,2,1,0,1,0,0000000,88,88,88,88,88,88,0,0,0,1,1
35,350085,1,1,0,0,0,4,4,45,335,21,5,2011,7,17,38,0,9,8,IR-36,,195,36.62939444,-108.409330560,1,1,0,0,1,1,4,1,1,1,0,1,0,0000000,99,99,99,99,99,99,0,0,0,1,0
35,350086,1,1,0,0,0,1,1,9,0,14,5,2011,7,0,48,1,2,4,CR-K,CR-47,0,34.47719722,-103.143425000,0,1,0,0,3,4,4,0,2,1,0,1,0,0000000,88,88,88,88,88,88,0,0,0,1,0
35,350087,2,2,0,0,0,4,4,13,0,25,5,2011,4,5,50,1,2,3,SR-136,,29,31.85999167,-106.666255560,0,12,7,0,1,1,1,0,1,1,0,1,0,0000000,99,99,99,99,99,99,0,0,0,1,0
35,350088,1,1,0,0,0,1,1,1,30,9,4,2011,7,19,28,0,13,6,LEAD ROAD,MORNINGSIDE,0,35.07703889,-106.599922220,0,26,0,0,3,2,1,0,1,1,0,1,0,0000000,99,99,99,99,99,99,0,0,0,1,1
35,350089,1,1,0,0,0,1,1,33,604,27,5,2011,6,9,43,1,2,3,SR-518,RANGER ROAD,290,35.97216111,-105.339741670,0,1,0,0,3,3,1,0,1,1,0,1,0,0000000,99,99,99,99,99,99,0,0,0,1,1
35,350090,1,1,0,0,0,1,1,35,20,19,5,2011,5,0,31,0,13,6,SCENIC DRIVE,,0,32.89881944,-105.964158330,0,33,0,0,1,1,3,0,3,1,0,1,0,0000000,99,99,99,99,99,99,0,0,0,1,1
35,350091,1,1,0,0,0,1,1,6,0,15,6,2011,4,16,5,1,1,1,I-40,,708,35.12490556,-107.831205560,0,1,0,0,1,1,3,0,1,1,0,1,0,0000000,88,88,88,88,88,88,0,0,0,1,0
35,350092,2,2,0,0,0,6,6,19,730,15,6,2011,4,11,10,1,1,1,I-40,,2756,34.94855556,-104.688719440,0,59,0,0,1,1,3,0,1,1,0,1,0,0000000,99,99,99,99,99,99,0,0,0,1,0
35,350093,2,2,0,0,0,3,3,49,0,20,6,2011,2,13,4,1,2,3,SR-599,CR-62,0,35.65873056,-106.036669440,0,12,6,0,3,2,1,0,1,1,0,1,0,0000000,99,99,99,99,99,99,0,0,0,1,0
35,350094,2,2,0,0,0,2,2,1,30,12,6,2011,1,16,28,0,13,6,PENNSYLVANIA ST.,,0,35.07496389,-106.560172220,0,12,1,0,1,1,1,0,1,1,0,1,0,0000000,99,99,99,99,99,99,0,0,0,1,0
35,350095,2,2,0,0,0,4,4,13,0,22,6,2011,4,1,30,1,1,1,I-10,,1169,32.24765278,-107.141419440,0,12,1,0,1,1,1,0,2,1,0,1,0,0000000,99,99,99,99,99,99,0,0,0,3,0
35,350096,1,1,0,0,0,1,1,27,0,9,6,2011,5,10,37,1,2,2,US-380,,753,33.59792778,-105.733869440,0,1,0,0,1,1,4,0,1,1,0,1,0,0000000,88,88,88,88,88,88,0,0,0,1,0
35,350097,1,1,0,1,1,1,1,47,0,6,6,2011,2,17,25,1,2,3,SR-105,,10,35.88024167,-105.272888890,0,9,0,0,1,1,1,0,1,1,0,1,0,0000000,88,88,88,88,88,88,0,0,0,1,0
35,350098,1,1,0,1,1,1,1,35,20,12,6,2011,1,23,51,0,13,6,NORTH WHITE SANDS BL,,0,32.91000000,-105.960816670,0,8,0,0,1,1,1,0,3,1,0,1,0,0000000,99,99,99,99,99,99,0,0,0,1,0
35,350099,1,1,0,0,0,1,1,13,0,13,6,2011,2,11,59,1,2,3,SR-185,LEESBURG EXTENSION,20,32.37641111,-106.798091670,0,25,0,0,1,1,4,0,1,1,0,1,0,0000000,99,99,99,99,99,99,0,0,0,1,0
35,350100,2,1,1,0,1,3,4,39,9997,30,6,2011,5,14,54,1,2,2,US-84,,1970,36.19115278,-106.243497220,0,14,0,0,1,1,2,0,1,1,0,1,0,0000000,99,99,99,99,99,99,0,0,0,1,0
35,350101,1,1,0,0,0,4,4,5,0,26,6,2011,1,14,18,1,2,2,US-380,,1685,33.40476944,-104.783350000,0,1,0,0,1,1,4,0,1,1,0,1,0,0000000,99,99,99,99,99,99,0,0,0,1,0
35,350102,1,1,0,0,0,2,2,33,0,5,6,2011,1,19,14,1,1,1,I-25,,3762,36.03881944,-104.702536110,0,1,0,0,1,1,2,0,5,1,0,1,0,0000000,88,88,88,88,88,88,0,0,0,2,0
35,350103,2,2,0,0,0,4,4,6,0,15,7,2011,6,8,45,1,1,1,I-40,,1209,35.08895556,-107.781766670,0,12,2,0,1,1,1,0,1,1,0,1,0,0000000,88,88,88,88,88,88,0,0,0,2,0
35,350104,1,1,0,0,0,4,4,45,0,16,6,2011,5,0,24,0,6,4,CR-5292,,0,36.26706667,-108.475247220,0,1,0,0,1,1,4,0,2,1,0,1,0,0000000,99,99,99,99,99,99,0,0,0,1,1
35,350105,1,1,0,1,1,1,1,45,745,16,6,2011,5,21,28,1,2,2,US-491,,564,36.71751111,-108.716947220,3,8,0,0,1,1,1,0,2,1,0,1,0,0000000,88,88,88,88,88,88,0,0,0,1,0
35,350106,1,1,0,0,0,1,1,53,109,18,6,2011,7,6,30,1,2,2,US-380,,293,33.89063611,-106.407772220,0,42,0,0,1,1,5,0,1,1,0,1,0,0000000,88,88,88,88,88,88,0,0,0,1,0
35,350107,2,2,0,0,0,2,2,45,456,19,6,2011,1,9,36,1,2,2,US-64,CR-6100,445,36.73070000,-108.314811110,0,12,6,0,2,2,1,0,1,1,0,1,0,0000000,99,99,99,99,99,99,0,0,0,1,0
35,350108,1,1,0,0,0,1,1,31,0,2,7,2011,7,22,22,1,2,3,SR-134,,21,35.97565833,-108.835872220,3,35,0,0,1,1,5,0,2,1,0,1,0,0000000,88,88,88,88,88,88,0,0,0,1,1
35,350109,2,2,0,0,0,2,2,49,0,7,7,2011,5,16,45,1,2,3,SR-599,CR-62,60,35.67306667,-106.034547220,0,12,6,0,2,2,1,0,1,1,0,1,0,0000000,99,99,99,99,99,99,0,0,0,1,0
35,350110,1,1,0,0,0,1,1,9,190,14,7,2011,5,17,16,0,13,6,MCDONALD,,0,34.40513889,-103.205394440,0,11,0,0,1,1,1,0,1,1,0,1,0,0000000,99,99,99,99,99,99,0,0,0,1,1
35,350111,1,1,0,0,0,2,2,47,0,16,7,2011,7,19,49,1,2,3,SR-104,,523,35.56807222,-104.794983330,0,32,0,0,1,1,4,0,1,1,0,1,0,0000000,99,99,99,99,99,99,0,0,0,1,0
35,350112,1,1,0,0,0,2,2,23,0,21,5,2011,7,2,50,1,1,1,I-10,,338,32.31541667,-108.623636110,0,1,0,0,1,1,4,0,2,1,0,1,0,0000000,99,99,99,99,99,99,0,0,0,1,0
35,350113,1,1,0,0,0,2,2,25,0,5,7,2011,3,22,0,1,2,3,SR-18,,188,32.11929167,-103.189430560,0,1,0,0,1,1,4,0,2,1,0,1,0,0000000,99,99,99,99,99,99,0,0,0,1,1
35,350114,1,1,0,0,0,3,3,13,470,10,7,2011,1,11,59,1,2,3,SR-478,WATSON LANE,205,32.26812500,-106.761988890,0,39,0,0,3,2,5,0,1,1,0,1,0,0000000,99,99,99,99,99,99,0,0,0,2,1
35,350115,1,1,0,0,0,3,3,6,360,6,7,2011,4,15,30,1,1,1,I-40,,854,35.16533333,-107.886136110,0,1,0,0,1,1,4,0,1,1,0,1,0,0000000,99,99,99,99,99,99,0,0,0,1,0
35,350116,1,1,0,0,0,5,5,31,340,23,7,2011,7,8,7,1,1,1,I-40,,263,35.52986667,-108.791927780,0,1,0,0,1,1,4,0,1,1,0,1,0,0000000,99,99,99,99,99,99,0,0,0,2,1
35,350117,1,1,0,0,0,1,1,3,219,31,7,2011,1,17,50,1,2,3,SR-12,,725,34.27770556,-108.050536110,0,42,0,0,1,1,5,0,1,1,0,1,0,0000000,88,88,88,88,88,88,0,0,0,1,1
35,350118,1,1,0,0,0,1,1,6,0,16,7,2011,7,22,54,1,1,1,I-40,,1259,35.00350833,-107.276394440,3,1,0,0,1,1,3,0,2,1,0,1,0,0000000,88,88,88,88,88,88,0,0,0,1,1
35,350119,1,1,0,1,1,1,1,35,830,20,7,2011,4,4,43,0,13,2,US-70 CENTRAL AVENUE,OLD MESCALERO ROAD,0,33.08119167,-105.993066670,0,8,0,0,3,1,1,0,2,1,0,1,0,0000000,88,88,88,88,88,88,0,0,0,1,0
35,350120,1,1,0,1,1,1,1,49,710,14,7,2011,5,20,55,1,13,3,SR-466 ST MICHAELS ROAD,SR-14 CERRILLOS ROAD,0,35.66266667,-105.977555560,0,8,0,0,3,2,1,0,3,1,0,1,0,0000000,99,99,99,99,99,99,0,0,0,1,0
35,350121,2,2,0,0,0,2,2,5,0,11,7,2011,2,13,45,1,2,2,US-380,,1852,33.44144722,-104.288966670,0,12,2,0,1,1,1,0,1,1,0,1,0,0000000,99,99,99,99,99,99,0,0,0,1,0
35,350123,1,1,0,0,0,1,1,27,0,26,7,2011,3,19,10,1,2,2,US-285,,1825,34.25218056,-104.910591670,0,1,0,0,1,1,3,0,1,1,0,1,0,0000000,88,88,88,88,88,88,0,0,0,1,0
35,350124,2,2,0,0,0,2,2,43,0,20,7,2011,4,21,59,1,2,2,US-550,,583,35.98456667,-106.996269440,0,12,2,0,1,1,1,0,2,1,0,1,0,0000000,99,99,99,99,99,99,0,0,0,1,0
35,350125,1,1,0,0,0,1,1,59,0,31,7,2011,1,6,20,1,2,3,SR-370,,52,36.47583611,-103.247361110,0,34,0,0,1,1,5,0,1,1,0,1,0,0000000,88,88,88,88,88,88,0,0,0,1,1
35,350126,1,1,0,0,0,1,1,37,820,3,8,2011,4,16,29,1,1,1,I-40,,3292,35.09315556,-104.070738890,0,18,0,0,1,1,1,0,1,1,0,1,0,0000000,99,99,99,99,99,99,0,0,0,1,0
35,350128,1,1,0,0,0,2,2,53,0,21,8,2011,1,15,35,1,1,1,I-25,,1209,34.11832500,-106.913144440,0,1,0,0,1,1,3,0,1,1,0,1,0,0000000,99,99,99,99,99,99,0,0,0,1,1
35,350129,1,1,0,0,0,1,1,47,480,13,8,2011,7,21,34,1,2,3,SR-144,SR-65,16,35.61770833,-105.249430560,0,33,0,0,5,1,5,0,3,1,0,1,0,0000000,88,88,88,88,88,88,0,0,0,1,1
35,350130,1,1,0,0,0,1,1,17,0,14,8,2011,1,15,0,1,2,3,SR-81,,439,31.99787222,-108.451538890,0,38,0,0,1,1,5,0,1,1,0,1,0,0000000,88,88,88,88,88,88,0,0,0,1,0
35,350131,2,2,0,0,0,2,2,49,710,10,8,2011,4,19,9,0,13,3,SR-466 ST MICHAELS,HOSPITAL DRIVE,0,35.65812222,-105.948302780,0,12,6,0,2,2,1,0,1,1,0,1,0,0000000,99,99,99,99,99,99,0,0,0,1,2
35,350132,3,3,0,0,0,6,6,27,0,19,7,2011,3,12,12,1,2,3,SR-48,PEEBLES ROAD,110,33.42553056,-105.674888890,0,12,8,0,3,3,1,0,1,1,0,1,0,0000000,99,99,99,99,99,99,0,0,0,1,0
35,350133,2,2,0,0,0,2,2,15,0,8,8,2011,2,6,32,1,2,2,US-285,SR-357 RICHEY,0,32.85711389,-104.398763890,0,12,6,0,2,2,1,0,1,1,0,1,0,0000000,99,99,99,99,99,99,0,0,0,1,0
35,350134,1,1,0,0,0,3,3,25,0,6,8,2011,7,23,35,1,2,3,SR-132,,69,32.91924167,-103.134155560,0,1,0,0,1,1,5,0,2,1,0,1,0,0000000,99,99,99,99,99,99,0,0,0,2,1
35,350135,1,1,0,0,0,4,4,45,714,28,7,2011,5,20,49,1,2,2,US-491,IR-34,0,36.62655000,-108.709716670,0,26,0,0,2,2,4,1,2,1,0,1,0,0000000,88,88,88,88,88,88,0,0,0,4,1
35,350136,1,1,0,0,0,1,1,49,0,28,7,2011,5,16,24,1,2,3,SR-502,CR-101E,0,35.88075278,-106.061308330,0,7,0,0,2,3,1,0,1,1,0,1,0,0000000,99,99,99,99,99,99,0,0,0,1,0
35,350137,1,1,0,1,1,1,1,25,550,14,8,2011,1,4,2,0,13,6,INDUSTRIAL AVENUE,,0,32.95151667,-103.364869440,0,8,0,0,1,1,1,0,2,1,0,1,0,0000000,99,99,99,99,99,99,0,0,0,1,0
35,350138,2,2,0,0,0,3,3,53,698,21,8,2011,1,21,56,1,2,2,US-380,,20,33.91799167,-106.858211110,0,12,2,0,1,1,1,0,2,1,0,1,0,0000000,99,99,99,99,99,99,0,0,0,2,0
35,350139,2,2,0,0,0,3,3,53,0,22,8,2011,2,19,48,1,2,2,US-380,,282,33.89063611,-106.682430560,0,12,2,0,1,1,1,0,2,1,0,1,0,0000000,99,99,99,99,99,99,0,0,0,1,0
35,350140,1,1,0,1,1,2,2,49,280,24,8,2011,4,0,32,1,2,2,US-84,,1870,35.98925833,-106.066044440,0,8,0,0,1,1,1,0,3,1,0,1,0,0000000,99,99,99,99,99,99,0,0,0,1,0
35,350141,2,2,0,0,0,3,3,5,670,25,8,2011,5,1,52,0,13,6,SOUTHEAST MAIN,,0,33.37920833,-104.522552780,0,12,1,0,1,1,1,0,2,1,0,1,0,0000000,99,99,99,99,99,99,0,0,0,1,0
35,350142,1,1,0,0,0,5,5,6,0,22,2,2011,3,3,0,1,1,1,I-40,,912,35.06712500,-107.732486110,3,1,0,0,1,1,3,0,2,1,0,1,0,0000000,99,99,99,99,99,99,0,0,0,1,0
35,350143,1,1,0,0,0,1,1,13,253,2,6,2011,5,20,49,0,13,6,DONA ANA RD.,,0,32.31143611,-106.762561110,0,1,0,0,1,1,4,0,5,1,0,1,0,0000000,88,88,88,88,88,88,0,0,0,1,1
35,350144,1,1,0,0,0,1,1,55,809,7,9,2011,4,16,47,1,2,2,US-64,,2269,36.63827500,-105.947844440,0,17,0,0,1,1,4,0,1,1,0,1,0,0000000,88,88,88,88,88,88,0,0,0,1,1
35,350145,2,2,0,0,0,2,2,11,0,12,8,2011,6,15,55,1,2,3,SR-272,SR-212,50,34.43406944,-104.202150000,0,12,1,0,2,2,1,0,1,1,0,1,0,0000000,88,88,88,88,88,88,0,0,0,1,0
35,350146,1,1,0,0,0,1,1,61,0,14,1,2011,6,19,0,0,9,3,SR-6,,110,34.81352222,-106.868305560,0,38,0,0,1,1,4,0,2,1,0,1,0,0000000,88,88,88,88,88,88,0,0,0,1,1
35,350147,1,1,0,0,0,1,1,49,710,13,1,2011,5,2,23,1,2,2,US-84/285,,1660,35.71562500,-105.936483330,0,25,0,0,1,1,3,0,2,1,0,1,0,0000000,99,99,99,99,88,88,0,0,0,1,1
35,350149,1,1,0,0,0,1,1,43,0,27,5,2011,6,0,57,1,1,1,I-25,,2569,35.50305556,-106.287650000,3,1,0,0,1,1,1,0,2,1,0,1,0,0000000,88,88,88,88,88,88,0,0,0,1,0
35,350150,2,2,0,0,0,3,3,61,530,8,4,2011,6,3,36,1,2,3,SR-263,,2020,34.81032500,-106.678730560,0,12,2,0,1,1,1,0,2,1,0,1,0,0000000,99,99,99,99,99,99,0,0,0,1,0