STATE,ST_CASE,VE_TOTAL,VE_FORMS,PVH_INVL,PEDS,PERNOTMVIT,PERMVIT,PERSONS,COUNTY,CITY,DAY,MONTH,YEAR,DAY_WEEK,HOUR,MINUTE,NHS,ROAD_FNC,ROUTE,TWAY_ID,TWAY_ID2,MILEPT,LATITUDE,LONGITUD,SP_JUR,HARM_EV,MAN_COLL,RELJCT1,RELJCT2,TYP_INT,REL_ROAD,WRK_ZONE,LGT_COND,WEATHER1,WEATHER2,WEATHER,SCH_BUS,RAIL,NOT_HOUR,NOT_MIN,ARR_HOUR,ARR_MIN,HOSP_HR,HOSP_MN,CF1,CF2,CF3,FATALS,DRUNK_DR
35,350151,2,2,0,0,0,5,5,35,830,9,1,2011,1,18,9,1,2,2,US-54/US-70 ST FRANCIS DRIVE,HIGUERA STREET,0,33.07158056,-106.017077780,0,12,6,0,2,2,1,0,3,1,0,1,0,0000000,99,99,99,99,99,99,0,0,0,1,1
35,350152,1,1,0,0,0,1,1,37,0,30,4,2011,7,20,20,1,2,2,US-54,,3045,35.22465278,-103.629444440,0,18,0,0,1,1,1,0,2,1,0,1,0,0000000,99,99,99,99,99,99,0,0,0,1,0
35,350153,2,2,0,0,0,2,2,61,530,28,5,2011,7,22,36,1,13,3,SR-314,,0,34.78326111,-106.714436110,0,12,2,0,1,1,1,0,3,1,0,1,0,0000000,99,99,99,99,99,99,0,0,0,1,0
35,350154,2,2,0,0,0,4,4,39,280,9,6,2011,5,15,0,1,2,3,SR-584,RIVERSIDE DRIVE,10,35.98932778,-106.066216670,0,12,1,0,2,2,1,0,1,1,0,1,0,0000000,99,99,99,99,99,99,0,0,0,1,0
35,350155,1,1,0,0,0,3,3,1,30,27,5,2011,6,22,26,1,1,1,I-25,,2157,35.01503056,-106.648152780,0,1,0,0,1,1,3,0,2,1,0,1,0,0000000,99,99,99,99,99,99,0,0,0,1,1
35,350156,1,1,0,1,1,1,1,1,30,18,5,2011,4,16,51,0,13,3,SR-45 COORS ROAD,,0,34.90268611,-106.707716670,3,8,0,0,1,1,1,0,1,1,0,1,0,0000000,99,99,99,99,99,99,0,0,0,1,0
35,350157,1,1,0,1,1,1,1,1,30,12,5,2011,5,11,35,0,13,6,TRAMWAY BLVD NE,,0,35.19064444,-106.496658330,0,9,0,0,1,1,1,0,1,1,0,1,0,0000000,99,99,99,99,99,99,0,0,0,1,0
35,350158,1,1,0,0,0,1,1,43,879,19,6,2011,1,6,37,1,2,2,US-550,,155,35.52988333,-106.782036110,0,34,0,0,1,1,4,0,4,1,0,1,0,0000000,88,88,88,88,88,88,0,0,0,1,0
35,350159,1,1,0,0,0,1,1,1,30,10,5,2011,3,13,49,0,13,3,SR-425 OSUNA ROAD,EDITH BLVD,0,35.15121389,-106.623430560,0,40,0,0,2,2,3,0,1,1,0,1,0,0000000,99,99,99,99,99,99,0,0,0,1,0
35,350160,1,1,0,0,0,1,1,39,0,18,9,2011,1,12,0,1,2,3,SR-112,,140,36.48761944,-106.710413890,0,41,0,0,1,1,4,0,1,1,0,1,0,0000000,88,88,88,88,88,88,0,0,0,1,0
35,350161,2,2,0,0,0,3,3,1,30,27,8,2011,7,13,36,1,1,1,I-40,,1590,35.10945278,-106.634422220,0,12,1,0,1,1,1,0,1,1,0,1,0,0000000,88,88,88,88,88,88,0,0,0,1,0
35,350162,1,1,0,0,0,1,1,43,633,21,7,2011,5,13,36,0,9,3,SR-22,,75,35.59757778,-106.339069440,3,1,0,0,99,1,5,0,1,1,0,1,0,0000000,99,99,99,99,99,99,0,0,0,1,1
35,350163,1,1,0,0,0,1,1,35,0,6,10,2011,5,14,25,1,2,2,US-82,,55,32.96330556,-105.672597220,0,39,0,0,1,1,5,0,1,1,0,1,0,0000000,88,88,88,88,88,88,0,0,0,1,1
35,350164,1,1,0,0,0,1,1,49,710,7,10,2011,6,19,33,1,13,3,SR-14 CERRILLOS RD,CAMINO ENTRADA,0,35.63504722,-106.019955560,0,30,0,0,3,2,3,0,3,1,0,1,0,0000000,99,99,99,99,99,99,0,0,0,1,1
35,350165,1,1,0,0,0,6,6,1,30,25,9,2011,1,19,32,0,16,6,BROADWAY BLVD SE,,0,35.05816667,-106.645288890,0,38,0,0,1,1,5,0,2,1,0,1,0,0000000,99,99,99,99,99,99,0,0,0,1,0
35,350166,1,1,0,0,0,4,4,29,0,9,10,2011,1,5,18,1,1,1,I-10,,691,32.23288889,-108.063775000,0,1,0,0,1,1,4,0,2,1,0,1,0,0000000,99,99,99,99,99,99,0,0,0,1,0
35,350167,1,1,0,0,0,1,1,1,30,5,6,2011,1,20,57,1,11,1,I-40,,0,35.07980000,-106.407830560,0,33,0,0,5,1,4,0,3,1,0,1,0,0000000,99,99,99,99,88,88,0,0,0,1,1
35,350168,1,1,0,0,0,4,4,59,0,27,9,2011,3,19,10,0,6,8,CAMPSEY ROAD,,9,36.35144444,-103.059058330,0,34,0,0,1,1,4,0,2,1,0,1,0,0000000,99,99,99,99,99,99,0,0,0,3,0
35,350169,1,1,0,0,0,3,3,27,690,2,9,2011,6,0,30,1,2,5,CARRIZO CANYON ROAD,,0,33.31993333,-105.669247220,0,34,0,0,1,1,4,0,2,1,0,1,0,0000000,99,99,99,99,99,99,0,0,0,2,1
35,350170,1,1,0,0,0,1,1,49,261,13,9,2011,3,12,45,1,2,3,SR-344,,60,35.17106667,-106.174344440,0,1,0,0,1,1,4,0,1,1,0,1,0,0000000,99,99,99,99,88,88,0,0,0,1,0
35,350171,2,2,0,0,0,2,2,19,0,28,8,2011,1,2,15,1,1,1,I-40,,2466,34.96656389,-104.751850000,0,12,1,0,1,1,1,0,2,1,0,1,0,0000000,99,99,99,99,88,88,0,0,0,1,0
35,350172,1,1,0,1,1,1,1,1,30,11,10,2011,3,11,0,1,11,1,I-40,,0,35.07973056,-106.407830560,0,8,0,0,1,1,1,0,1,1,0,1,0,0000000,99,99,99,99,88,88,0,0,0,1,0
35,350173,1,1,0,0,0,1,1,41,0,8,9,2011,5,18,27,0,6,8,S ROOSEVELT ROAD 35,,3,33.71868333,-103.684483330,0,35,0,0,1,1,4,0,1,1,0,1,0,0000000,99,99,99,99,88,88,0,0,0,1,0
35,350174,1,1,0,0,0,3,3,39,0,19,9,2011,2,21,13,1,2,2,US-64,,1491,36.20876111,-106.334133330,0,1,0,0,1,1,4,0,2,1,0,1,0,0000000,99,99,99,99,99,99,0,0,0,1,1
35,350175,1,1,0,1,1,1,1,1,30,29,9,2011,5,9,25,0,13,6,GIBSON AVE,,0,35.05843333,-106.618508330,0,8,0,0,1,1,1,0,1,1,0,1,0,0000000,99,99,99,99,88,88,0,0,0,1,0
35,350176,1,1,0,0,0,1,1,55,0,7,10,2011,6,9,33,0,5,8,FR-418,,22,36.84754444,-106.004752780,0,5,0,0,1,1,5,3,1,4,0,4,0,0000000,99,99,99,99,99,99,0,0,0,1,0
35,350177,1,1,0,0,0,1,1,1,30,1,10,2011,7,17,42,0,13,6,JUAN TABO BLVD,,0,35.11984167,-106.515866670,0,31,0,0,1,1,4,0,3,1,0,1,0,0000000,99,99,99,99,99,99,0,0,0,1,1
35,350178,1,1,0,0,0,1,1,5,0,5,10,2011,4,18,45,1,2,2,US-285,,1172,33.37495556,-104.514186110,0,53,0,0,1,1,3,0,1,1,0,1,0,0000000,99,99,99,99,88,88,20,0,0,1,0
35,350179,1,1,0,0,0,1,1,27,0,12,10,2011,4,18,44,1,2,2,US-70,,3079,33.33326389,-105.586113890,0,11,0,0,1,1,1,0,1,1,0,1,0,0000000,99,99,99,99,99,99,0,0,0,1,0
35,350180,1,1,0,0,0,1,1,9,190,23,10,2011,1,12,24,0,16,6,ALLEY SOUTH OF DALE,,0,34.42031111,-103.193513890,0,18,0,0,1,1,5,0,1,1,0,1,0,0000000,99,99,99,99,88,88,0,0,0,1,0
35,350181,1,1,0,0,0,1,1,37,0,17,10,2011,2,18,0,1,2,3,SR-209,,710,34.90942500,-103.760355560,0,1,0,0,1,1,4,0,5,6,0,6,0,0000000,99,99,99,99,88,88,0,0,0,1,0
35,350182,1,1,0,0,0,5,5,13,0,12,10,2011,4,17,0,1,1,1,I-25,,293,32.39032778,-106.806330560,0,1,0,0,1,1,3,0,1,1,0,1,0,0000000,99,99,99,99,99,99,0,0,0,1,0
35,350183,2,2,0,0,0,2,2,61,530,7,10,2011,6,19,20,0,2,5,MEADOW LAKE RD.,,0,34.79777778,-106.665088890,0,12,2,0,1,1,1,0,2,2,0,2,0,0000000,99,99,99,99,99,99,0,0,0,1,0
35,350184,1,1,0,0,0,3,3,57,0,2,12,2011,6,7,30,1,1,1,I-40,,2241,34.99586389,-106.012433330,0,1,0,0,1,1,3,0,4,5,4,4,0,0000000,99,99,99,99,99,99,0,0,0,1,0
35,350185,2,2,0,0,0,2,2,1,30,14,10,2011,6,12,58,0,13,6,UNIVERSITY BLVD,LEAD,0,35.06170556,-106.631727780,0,12,2,0,3,2,1,0,1,1,0,1,0,0000000,99,99,99,99,99,99,0,0,0,1,0
35,350186,1,1,0,0,0,3,3,51,810,26,9,2011,2,22,9,1,2,4,CR-A007,,0,33.09785278,-107.217200000,0,31,0,0,1,1,4,0,2,1,0,1,0,0000000,99,99,99,99,99,99,0,0,0,1,0
35,350187,2,2,0,0,0,2,2,1,30,22,9,2011,5,12,20,0,13,6,CANDELARIA ROAD,STANFORD DRIVE,0,35.11557778,-106.616688890,0,12,6,0,2,3,1,0,1,1,0,1,0,0000000,99,99,99,99,88,88,0,0,0,1,0
35,350188,1,1,0,0,0,5,5,57,177,2,12,2011,6,7,15,1,1,1,I-40,,2280,35.00570000,-105.932972220,0,1,0,0,1,1,3,0,1,4,3,4,0,0000000,99,99,99,99,99,99,0,0,0,1,0
35,350189,1,1,0,0,0,1,1,11,0,11,10,2011,3,0,5,1,2,2,US-84,,110,34.50524444,-104.243644440,0,11,0,0,1,1,1,0,2,1,0,1,0,0000000,99,99,99,99,88,88,0,0,0,1,1
35,350190,1,1,0,1,1,2,2,31,0,1,10,2011,7,21,29,1,1,1,I-40,,124,35.37772222,-109.026663890,0,8,0,0,1,1,1,0,2,1,0,1,0,0000000,99,99,99,99,88,88,0,0,0,1,0
35,350191,2,2,0,0,0,4,4,41,0,22,8,2011,2,14,2,1,2,2,US-70,,4336,34.39880556,-103.196030560,0,12,1,0,1,1,1,0,1,1,0,1,0,0000000,99,99,99,99,99,99,0,0,0,2,0
35,350192,2,2,0,0,0,2,2,31,583,4,10,2011,3,13,25,1,1,1,I-40,,149,35.37793333,-109.026750000,0,12,6,0,1,1,1,0,1,2,0,2,0,0000000,99,99,99,99,99,99,0,0,0,2,0
35,350193,1,1,0,0,0,1,1,47,0,28,11,2011,2,18,14,1,1,1,I-25,,3618,35.56474444,-105.223091670,0,42,0,0,1,1,5,0,2,1,0,1,0,0000000,99,99,99,99,88,88,0,0,0,1,0
35,350194,1,1,0,0,0,1,1,5,0,26,11,2011,7,2,11,1,2,3,SR-2,,243,33.19586944,-104.453761110,0,38,0,0,1,1,4,0,2,1,0,1,0,0000000,99,99,99,99,88,88,0,0,0,1,1
35,350195,1,1,0,0,0,1,1,1,30,22,10,2011,7,7,39,1,1,1,I-40,,99998,35.07965833,-106.407830560,0,25,0,0,1,1,2,0,1,1,0,1,0,0000000,99,99,99,99,99,99,0,0,0,1,0
35,350196,1,1,0,0,0,2,2,19,0,9,11,2011,4,13,56,1,1,1,I-40,,2451,34.95530833,-104.735372220,0,1,0,0,1,1,3,0,1,1,0,1,0,0000000,99,99,99,99,99,99,0,0,0,1,0
35,350197,1,1,0,0,0,1,1,15,0,29,11,2011,3,20,27,1,2,4,CR-248,,0,32.65634722,-103.837886110,0,1,0,0,1,1,4,0,2,1,0,1,0,0000000,99,99,99,99,88,88,0,0,0,1,0
35,350198,2,2,0,0,0,2,2,13,0,11,11,2011,6,7,10,1,2,3,SR-213,,3,32.36330833,-106.479061110,0,12,2,0,1,1,1,0,1,1,0,1,0,0000000,99,99,99,99,88,88,0,0,0,1,1
35,350199,3,3,0,0,0,5,5,1,30,9,10,2011,1,7,50,1,13,6,CENTRAL AVENUE,WYOMING BLVD,0,35.07384167,-106.550447220,0,12,6,0,2,2,1,0,3,1,0,1,0,0000000,99,99,99,99,99,99,0,0,0,2,1
35,350200,2,2,0,3,3,2,2,1,30,29,8,2011,2,19,54,0,13,6,SAN MATEO BLVD,SILVER,0,35.07662778,-106.586138890,0,8,0,0,1,1,1,0,5,1,0,1,0,0000000,99,99,99,99,99,99,0,0,0,1,0
35,350201,1,1,0,0,0,1,1,19,0,27,10,2011,5,8,53,1,1,1,I-40,,3047,34.97341944,-104.934241670,0,35,0,0,1,1,5,0,1,4,0,4,0,0000000,99,99,99,99,88,88,0,0,0,1,0
35,350202,1,1,0,0,0,1,1,25,0,29,10,2011,7,14,40,1,2,2,US-62,,702,32.69633333,-103.134027780,0,1,0,0,1,1,3,0,1,1,0,1,0,0000000,99,99,99,99,88,88,0,0,0,1,0
35,350203,1,1,0,0,0,1,1,45,310,6,11,2011,1,14,46,0,13,6,PINON HILLS BLVD.,,0,36.75610000,-108.230902780,0,30,0,0,1,1,4,0,1,1,0,1,0,0000000,99,99,99,99,88,88,0,0,0,1,0
35,350204,2,2,0,0,0,2,2,13,0,4,11,2011,6,14,25,0,13,3,SR-273 MCNUTT ROAD,LUNA STREET,0,31.79718889,-106.552002780,0,12,6,0,2,3,1,0,1,1,0,1,0,0000000,99,99,99,99,99,99,0,0,0,1,0
35,350205,2,2,0,0,0,5,5,5,0,5,12,2011,2,16,30,1,2,3,SR-2,,309,33.19586944,-104.448266670,0,12,2,0,1,1,1,0,1,4,0,4,0,0000000,99,99,99,99,99,99,0,0,0,1,1
35,350206,2,2,0,0,0,2,2,35,20,9,12,2011,6,10,6,0,13,6,LAVELLE,,0,32.88208889,-105.975250000,0,12,6,0,8,1,1,0,1,1,0,1,0,0000000,99,99,99,99,88,88,0,0,0,1,0
35,350207,1,1,0,0,0,3,3,53,0,5,11,2011,7,15,30,1,2,3,SR-52,,618,33.54897222,-107.629150000,0,1,0,0,1,1,4,0,1,1,0,1,0,0000000,99,99,99,99,88,88,0,0,0,2,0
35,350208,1,1,0,0,0,2,2,49,710,27,10,2011,5,21,17,0,16,6,RICHARDS AVENUE,JAMES AVENUE,0,35.64826944,-105.999636110,0,1,0,0,3,3,1,0,3,1,0,1,0,0000000,99,99,99,99,99,99,0,0,0,1,1
35,350209,2,2,0,0,0,2,2,9,0,7,10,2011,6,17,32,1,2,2,US-60,,3670,34.39866389,-103.195944440,0,12,2,0,1,1,1,0,1,1,0,1,0,0000000,99,99,99,99,88,88,0,0,0,1,0
35,350210,1,1,0,0,0,2,2,43,29,12,11,2011,7,2,13,1,1,1,I-25,,2472,35.43705278,-106.375308330,3,1,0,0,1,1,4,0,2,1,0,1,0,0000000,99,99,99,99,99,99,0,0,0,2,1
35,350211,2,2,0,0,0,3,3,41,0,2,12,2011,6,17,29,1,2,2,US-70,,4274,34.39852222,-103.195861110,0,12,1,0,1,1,1,0,2,2,5,2,0,0000000,99,99,99,99,99,99,19,0,0,1,0
35,350212,1,1,0,0,0,1,1,1,30,4,8,2011,5,13,30,1,13,3,SR-448 COORS BLVD,,0,35.07631389,-106.713241670,0,42,0,0,1,1,4,0,1,1,0,1,0,0000000,99,99,99,99,88,88,0,0,0,1,0
35,350213,1,1,0,1,1,1,1,1,30,11,10,2011,3,20,3,1,13,3,SR-448 COORS BLVD,,0,35.07652500,-106.713155560,0,8,0,0,1,1,1,0,2,1,0,1,0,0000000,99,99,99,99,88,88,0,0,0,1,1
35,350214,1,1,0,1,1,1,1,45,335,21,7,2011,5,21,30,1,2,4,CR-4104,,0,36.58783889,-108.497213890,0,8,0,0,1,1,1,0,2,1,0,1,0,0000000,99,99,99,99,99,99,0,0,0,1,0
35,350215,2,2,0,0,0,3,3,13,663,23,7,2011,7,12,2,1,2,3,SR-185,,267,32.66030278,-107.142825000,0,12,6,0,1,1,1,0,1,1,0,1,0,0000000,99,99,99,99,99,99,0,0,0,1,0
35,350216,2,2,0,0,0,5,5,15,0,4,10,2011,3,11,32,1,2,3,SR-360,,58,32.65572778,-103.969788890,0,12,2,0,1,1,1,0,1,1,0,1,0,0000000,99,99,99,99,99,99,0,0,0,1,1
35,350217,1,1,0,0,0,4,4,7,0,28,10,2011,6,6,44,1,1,1,I-25,,4325,36.45464167,-104.593563890,0,1,0,0,1,1,1,0,2,1,0,1,0,0000000,99,99,99,99,99,99,0,0,0,2,0
35,350218,1,1,0,1,1,5,5,45,714,10,10,2011,2,21,28,0,2,8,IR-34,,163,36.42285000,-108.837797220,3,8,0,0,1,1,1,0,2,1,0,1,0,0000000,99,99,99,99,88,88,0,0,0,1,0
35,350219,1,1,0,0,0,3,3,35,0,30,10,2011,1,1,50,1,2,2,US-54,,744,32.87076111,-105.969266670,0,34,0,0,1,1,5,0,2,1,0,1,0,0000000,99,99,99,99,99,99,0,0,0,2,1
35,350220,2,2,0,0,0,4,4,1,30,26,6,2011,1,9,50,1,2,3,SR-333,,143,35.06839722,-106.497469440,0,12,2,0,1,1,1,0,1,1,0,1,0,0000000,99,99,99,99,99,99,0,0,0,1,0
35,350221,2,2,0,0,0,5,5,61,101,26,11,2011,7,11,14,1,2,3,SR-47,,0,34.90632778,-106.684713890,0,12,6,0,8,1,1,0,1,1,0,1,0,0000000,99,99,99,99,99,99,0,0,0,1,0
35,350222,1,1,0,0,0,3,3,5,670,22,10,2011,7,22,59,0,13,6,NORTH MAIN,,0,33.62837222,-104.553611110,0,33,0,0,1,1,5,0,3,1,0,1,0,0000000,99,99,99,99,99,99,0,0,0,1,1
35,350223,1,1,0,0,0,2,2,57,0,17,7,2011,1,14,30,1,1,1,I-40,,2170,34.99361389,-105.366986110,0,1,0,0,1,1,3,0,1,1,0,1,0,0000000,99,99,99,99,99,99,0,0,0,1,0
35,350224,1,1,0,0,0,1,1,25,0,28,11,2011,2,20,0,0,2,5,GOOD ROAD,LEASE ROAD,15,32.94229722,-103.480497220,0,1,0,0,3,3,5,0,2,1,0,1,0,0000000,99,99,99,99,99,99,0,0,0,1,0
35,350225,1,1,0,0,0,6,6,5,0,29,10,2011,7,12,29,0,9,8,HONOLULU RD.,,0,33.23235278,-104.509672220,0,1,0,0,1,1,4,0,1,2,0,2,0,0000000,99,99,99,99,99,99,20,0,0,1,1
35,350226,2,2,0,0,0,5,5,1,30,11,11,2011,6,0,26,0,13,6,SAN ANTONIO DR.,PAN AMERICAN,0,35.16027778,-106.586961110,0,12,6,1,2,2,1,0,3,1,0,1,0,0000000,99,99,99,99,99,99,0,0,0,1,1
35,350227,2,2,0,0,0,4,4,6,0,30,11,2011,4,23,0,1,1,1,I-40,,892,35.13838333,-107.842191670,0,12,1,0,1,1,1,0,2,1,0,1,0,0000000,99,99,99,99,99,99,0,0,0,1,0
35,350228,2,2,0,0,0,4,4,6,0,18,11,2011,6,12,20,1,1,1,I-40,,870,35.13613889,-107.847686110,0,12,1,0,1,1,1,0,1,1,0,1,0,0000000,99,99,99,99,99,99,0,0,0,1,0
35,350229,3,3,0,0,0,11,11,45,0,18,11,2011,6,19,24,1,2,2,US-550,,1240,36.63051111,-108.015213890,0,12,2,0,1,1,1,0,2,1,0,1,0,0000000,99,99,99,99,99,99,0,0,0,2,1
35,350230,1,1,0,0,0,1,1,43,742,30,10,2011,1,19,40,1,2,2,US-550,,208,35.55030278,-106.778311110,0,52,0,0,1,1,4,1,2,1,0,1,0,0000000,99,99,99,99,88,88,0,0,0,1,0
35,350231,1,1,0,0,0,2,2,6,116,2,12,2011,6,21,40,1,2,3,SR-122,,221,35.00142778,-108.382141670,0,39,0,0,1,1,4,0,2,4,0,4,0,0000000,99,99,99,99,99,99,0,0,0,1,1
35,350232,1,1,0,0,0,1,1,49,9997,24,11,2011,5,2,22,1,2,3,SR-76,,49,35.98811111,-106.036372220,0,42,0,0,1,1,4,0,2,1,0,1,0,0000000,99,99,99,99,88,88,0,0,0,1,1
35,350233,1,1,0,0,0,1,1,9,0,26,11,2011,7,3,30,1,2,3,SR-523,,0,34.41914722,-103.068980560,0,32,0,0,1,1,4,0,2,1,0,1,0,0000000,99,99,99,99,88,88,0,0,0,1,1
35,350234,4,4,0,0,0,7,7,39,158,28,5,2011,7,18,3,1,2,3,SR-76,,94,36.00377222,-105.947855560,0,12,2,0,1,1,1,0,1,1,0,1,0,0000000,99,99,99,99,99,99,0,0,0,1,1
35,350235,2,2,0,0,0,5,5,53,0,5,12,2011,2,13,39,1,1,1,I-25,,1242,34.00516111,-106.888425000,0,12,2,0,1,1,1,0,1,4,0,4,0,0000000,99,99,99,99,99,99,0,0,0,1,0
35,350236,2,2,0,0,0,5,5,45,115,4,12,2011,1,8,5,1,2,2,US-550,,1435,36.54248333,-107.969713890,0,12,2,0,1,1,1,0,1,4,0,4,0,0000000,99,99,99,99,99,99,0,0,0,1,0
35,350237,1,1,0,0,0,4,4,31,0,24,4,2011,1,14,3,0,2,8,BREAD SPRINGS ROAD,,50,35.37721667,-108.675575000,3,42,0,0,1,1,4,0,1,1,0,1,0,0000000,99,99,99,99,99,99,0,0,0,1,1
35,350238,1,1,0,0,0,1,1,37,0,9,12,2011,6,13,11,1,1,1,I-40,,3441,35.16784722,-103.612963890,0,24,0,0,1,1,3,0,1,1,0,1,0,0000000,99,99,99,99,88,88,0,0,0,1,0
35,350239,1,1,0,0,0,1,1,25,440,19,12,2011,2,9,30,0,9,3,SR-128,,532,32.12298056,-103.176466670,0,1,0,0,1,1,4,0,1,1,0,1,0,0000000,88,88,88,88,88,88,0,0,0,1,1
35,350240,1,1,0,0,0,1,1,31,9997,2,7,2011,7,19,50,0,2,8,IR-48,,21,35.42723056,-108.135494440,3,42,0,0,1,1,4,0,1,1,0,1,0,0000000,99,99,99,99,88,88,0,0,0,1,1
35,350241,1,1,0,1,1,1,1,55,780,29,12,2011,5,20,26,0,13,6,PASEO DEL PUEBLO SUR,,0,36.37655000,-105.591797220,0,8,0,0,1,1,1,0,3,1,0,1,0,0000000,99,99,99,99,99,99,0,0,0,1,0
35,350242,1,1,0,0,0,3,3,9,0,16,12,2011,6,15,0,0,2,4,CR-12,,0,34.43394167,-103.147019440,0,31,0,0,1,1,4,0,1,1,0,1,0,0000000,99,99,99,99,99,99,0,0,0,1,0
35,350243,2,2,0,0,0,6,6,9,190,19,12,2011,2,14,42,1,2,2,US-60-84,,3600,34.41804444,-103.586275000,0,12,2,0,1,1,1,0,1,4,11,4,0,0000000,99,99,99,99,99,99,0,0,0,4,0
35,350244,3,3,0,1,1,3,3,49,710,17,11,2011,5,19,36,1,2,3,SR-599,,110,35.70618611,-105.969144440,0,8,0,0,1,1,1,0,1,1,0,1,0,0000000,99,99,99,99,88,88,0,0,0,1,0
35,350245,1,1,0,0,0,1,1,37,0,15,11,2011,3,17,13,1,2,3,SR-252,,152,34.61757500,-104.023480560,0,1,0,0,1,1,4,0,1,1,0,1,0,0000000,99,99,99,99,88,88,0,0,0,1,0
35,350246,1,1,0,0,0,3,3,31,9997,23,7,2011,7,2,22,0,9,8,OLD GRAVEL ROAD,,65,35.44464444,-108.139936110,3,42,0,0,1,1,4,0,2,1,0,1,0,0000000,99,99,99,99,99,99,0,0,0,1,1
35,350247,1,1,0,0,0,1,1,31,9997,23,8,2011,3,17,10,1,2,2,US-491,,48,35.54002222,-108.758519440,0,35,0,0,1,1,4,0,1,1,0,1,0,0000000,99,99,99,99,88,88,0,0,0,1,1
35,350248,1,1,0,0,0,3,3,25,0,12,2,2011,7,20,54,1,2,3,SR-529,,205,32.72461111,-103.566913890,0,1,0,0,1,1,4,0,1,1,0,1,0,0000000,99,99,99,99,99,99,0,0,0,2,1
35,350249,1,1,0,0,0,3,3,39,280,24,12,2011,7,1,25,0,9,8,FR-144,,0,36.08855000,-106.055747220,0,1,0,0,1,1,4,0,2,1,0,1,0,0000000,99,99,99,99,99,99,0,0,0,1,1
35,350250,1,1,0,0,0,2,2,15,0,21,12,2011,4,13,46,1,2,2,US-62,,440,32.69345278,-103.380797220,0,1,0,0,1,1,3,0,1,1,0,1,0,0000000,99,99,99,99,99,99,0,0,0,2,0
35,350251,1,1,0,0,0,1,1,31,668,16,9,2011,6,0,43,1,1,1,I-40,,275,35.53230556,-108.649461110,0,38,0,0,1,1,5,0,2,2,0,2,0,0000000,99,99,99,99,88,88,0,0,0,1,1
35,350252,2,2,0,0,0,2,2,31,807,30,12,2011,6,6,50,1,2,2,US-491,,312,35.88118056,-108.687936110,0,12,2,0,1,1,1,0,1,1,0,1,0,0000000,99,99,99,99,88,88,0,0,0,1,1
35,350253,2,2,0,0,0,7,7,25,0,25,12,2011,1,10,15,1,2,3,SR-206,,64,33.39028611,-103.317669440,0,12,6,0,1,1,1,0,1,3,0,3,0,0000000,99,99,99,99,99,99,0,0,0,3,0
35,350254,4,4,0,0,0,11,11,45,9997,21,5,2011,7,11,58,1,2,2,US-491,,658,36.34840556,-108.715905560,0,12,1,0,1,1,1,0,1,1,0,1,0,0000000,99,99,99,99,99,99,0,0,0,1,0
35,350255,1,1,0,1,1,2,2,49,710,28,12,2011,4,18,51,0,19,4,CR-70 W ALAMEDA STREET,RINCON DE TORREON,0,35.68425556,-105.971177780,0,8,0,0,3,2,1,0,3,1,0,1,0,0000000,99,99,99,99,88,88,0,0,0,1,0
35,350256,1,1,0,0,0,4,4,9,0,25,12,2011,1,23,13,1,2,3,SR-209,,218,34.81396944,-103.213866670,0,34,0,0,1,1,4,0,2,1,0,1,0,0000000,99,99,99,99,99,99,0,0,0,1,0
35,350257,2,2,0,0,0,3,3,1,30,1,7,2011,6,0,55,1,1,1,I-25,,0,34.93055000,-106.715405560,3,12,1,1,18,1,1,0,3,1,0,1,0,0000000,99,99,99,99,99,99,0,0,0,1,0
35,350258,1,1,0,0,0,1,1,28,510,17,9,2011,7,7,20,0,13,6,PAJARITO RD,,34,35.82830000,-106.239936110,0,1,0,0,1,1,4,0,1,1,0,1,0,0000000,99,99,99,99,99,99,0,0,0,1,0
35,350259,1,1,0,1,1,1,1,1,30,23,8,2011,3,21,26,1,13,3,SR-448 COORS BLVD,,0,35.15110000,-106.685022220,0,8,0,0,1,1,1,0,2,1,0,1,0,0000000,99,99,99,99,99,99,0,0,0,1,0
35,350260,2,2,0,0,0,4,4,49,710,30,12,2011,6,22,48,1,13,2,US-285-84 ST FRANCIS DRIVE,SIRINGO ROAD,0,35.65216667,-105.956655560,0,12,6,0,2,2,1,0,3,1,0,1,0,0000000,99,99,99,99,99,99,0,0,0,1,1
35,350261,1,1,0,1,1,2,2,19,0,1,11,2011,3,2,30,1,1,1,I-40,,2557,34.96431389,-104.867208330,0,8,0,0,1,1,1,0,2,1,0,1,0,0000000,99,99,99,99,88,88,0,0,0,1,0
35,350262,1,1,0,0,0,1,1,53,0,5,10,2011,4,15,2,0,6,8,ESCOBAR ROAD,GUADALUPE ROAD,0,34.43934444,-106.719733330,0,1,0,0,3,1,4,0,1,1,0,1,0,0000000,99,99,99,99,99,99,0,0,0,1,1
35,350263,3,1,2,2,2,1,1,5,670,6,12,2011,3,6,5,0,13,6,MCGAFFEY,,0,33.37966667,-104.534308330,0,14,0,0,1,1,4,0,2,4,3,4,0,0000000,99,99,99,99,99,99,15,23,0,1,0
35,350264,3,1,2,2,2,2,2,13,0,27,12,2011,3,15,54,1,1,1,I-25,,490,32.66820833,-107.083736110,0,14,0,0,1,1,4,0,1,1,0,1,0,0000000,99,99,99,99,99,99,23,0,0,2,0