STATE,ST_CASE,VE_TOTAL,VE_FORMS,PVH_INVL,PEDS,PERNOTMVIT,PERMVIT,PERSONS,COUNTY,CITY,DAY,MONTH,YEAR,DAY_WEEK,HOUR,MINUTE,NHS,ROAD_FNC,ROUTE,TWAY_ID,TWAY_ID2,MILEPT,LATITUDE,LONGITUD,SP_JUR,HARM_EV,MAN_COLL,RELJCT1,RELJCT2,TYP_INT,REL_ROAD,WRK_ZONE,LGT_COND,WEATHER1,WEATHER2,WEATHER,SCH_BUS,RAIL,NOT_HOUR,NOT_MIN,ARR_HOUR,ARR_MIN,HOSP_HR,HOSP_MN,CF1,CF2,CF3,FATALS,DRUNK_DR
35,350265,3,1,2,2,2,2,2,19,0,20,12,2011,3,2,55,1,2,2,US-285,,1833,34.54232500,-105.150105560,0,14,0,0,1,1,4,0,2,1,0,1,0,0000000,99,99,99,99,99,99,0,0,0,1,0
35,350266,3,3,0,0,0,6,6,1,9997,20,11,2011,1,15,48,1,1,1,I-40,,1335,35.07965833,-106.407744440,0,12,7,0,1,1,1,0,1,1,0,1,0,0000000,99,99,99,99,99,99,0,0,0,2,1
35,350267,1,1,0,0,0,2,2,23,0,26,10,2011,4,7,48,1,1,1,I-10,,144,32.23736667,-108.481483330,0,1,0,0,1,1,4,0,4,1,0,1,0,0000000,99,99,99,99,88,88,0,0,0,2,0
35,350268,2,1,1,0,0,1,1,15,130,6,12,2011,3,6,24,0,13,6,KIRCHER,,0,32.38863611,-104.223980560,0,14,0,0,1,1,2,0,2,1,0,1,0,0000000,99,99,99,99,88,88,0,0,0,1,0
35,350269,1,1,0,0,0,4,4,61,530,9,11,2011,4,23,25,0,16,6,MESA ESTATES RD.,ESTADO RD.,0,34.81133611,-106.557644440,0,1,0,0,3,1,4,0,2,1,0,1,0,0000000,99,99,99,99,99,99,0,0,0,3,1
35,350270,1,1,0,0,0,2,2,57,290,21,7,2011,5,22,20,0,6,5,MYERS,STILLBROOK,0,34.75927500,-106.056377780,0,34,0,0,3,1,5,0,2,1,0,1,0,0000000,99,99,99,99,99,99,0,0,0,1,1
35,350271,1,1,0,0,0,1,1,31,9997,29,9,2011,5,7,13,0,6,8,IR-9,,155,35.76892500,-108.624386110,3,1,0,0,1,1,4,0,1,1,0,1,0,0000000,99,99,99,99,88,88,0,0,0,1,1
35,350272,1,1,0,1,1,1,1,31,0,14,8,2011,1,1,50,1,2,3,SR-169,,258,35.63286944,-108.890805560,0,8,0,0,1,1,1,0,2,1,0,1,0,0000000,99,99,99,99,88,88,0,0,0,1,0
35,350273,1,1,0,0,0,1,1,31,9997,15,7,2011,6,16,40,1,2,3,SR-509,,330,35.66281111,-107.825225000,0,1,0,0,1,1,4,0,1,1,0,1,0,0000000,99,99,99,99,99,99,0,0,0,1,1
35,350274,1,1,0,0,0,2,2,31,9997,16,8,2011,3,19,27,0,6,8,IR-474,,0,35.64403056,-108.173947220,0,1,0,0,1,1,4,0,1,1,0,1,0,0000000,99,99,99,99,99,99,0,0,0,2,1
35,350275,1,1,0,0,0,3,3,5,0,30,12,2011,6,12,50,1,2,2,US-70,,3659,33.35079722,-105.140316670,0,1,0,0,1,1,1,0,1,1,0,1,0,0000000,99,99,99,99,88,88,0,0,0,1,0
35,350276,1,1,0,0,0,4,4,31,9997,29,1,2011,7,14,57,0,6,8,JOHNSON'S ROAD,,45,35.55023056,-108.747983330,3,5,0,0,1,1,1,0,1,1,0,1,0,0000000,99,99,99,99,88,88,0,0,0,1,1
35,350277,1,1,0,0,0,1,1,45,214,5,6,2011,1,18,11,1,2,3,SR-134,,213,36.02212778,-108.989602780,0,1,0,0,1,1,4,0,1,1,0,1,0,0000000,99,99,99,99,88,88,0,0,0,1,1
35,350278,1,1,0,0,0,4,4,45,0,5,7,2011,3,14,42,0,6,4,CR-7675,,20,36.31005556,-107.772122220,0,1,0,0,1,1,4,0,1,1,0,1,0,0000000,99,99,99,99,88,88,0,0,0,1,1
35,350279,1,1,0,0,0,1,1,45,9997,31,10,2011,2,5,22,0,6,4,CR-7100,,0,36.65982500,-108.222825000,0,35,0,0,1,1,4,0,2,1,0,1,0,0000000,99,99,99,99,88,88,0,0,0,1,1
35,350280,1,1,0,0,0,1,1,1,435,22,8,2011,2,21,21,1,2,3,SR-47,,380,34.93851389,-106.703086110,0,24,0,0,1,1,4,0,2,1,0,1,0,0000000,99,99,99,99,88,88,0,0,0,1,0
35,350281,2,2,0,0,0,2,2,41,640,7,10,2011,6,17,41,0,13,6,LIME STREET,AUSTIN,0,34.19341111,-103.337208330,0,12,1,0,2,2,1,0,1,1,0,1,0,0000000,99,99,99,99,99,99,0,0,0,1,1
35,350282,2,2,0,0,0,3,3,7,660,9,11,2011,4,7,30,0,13,6,6TH STREET,COOK AVENUE,0,36.90185833,-104.445088890,0,12,6,0,2,2,1,0,1,1,0,1,0,0000000,99,99,99,99,99,99,0,0,0,1,0
35,350283,2,2,0,0,0,4,4,31,875,23,8,2011,3,16,10,1,2,2,US-264,CR-1 DEFIANCE DRAW ROAD,0,35.62957500,-108.918547220,0,12,6,0,2,2,1,0,1,1,0,1,0,0000000,99,99,99,99,99,99,0,0,0,1,0
35,350284,2,2,0,0,0,2,2,9,190,7,8,2011,1,16,15,0,13,6,MABRY,,0,34.39486667,-103.153497220,0,12,1,0,1,1,1,0,1,1,0,1,0,0000000,99,99,99,99,99,99,0,0,0,1,0
35,350285,1,1,0,1,1,0,0,43,677,11,12,2011,1,18,59,1,2,2,US-550,,0,35.36618611,-106.632191670,0,8,0,0,1,1,4,0,2,1,0,1,0,0000000,99,99,99,99,88,88,23,0,0,1,0
35,350286,2,2,0,0,0,4,4,43,677,19,12,2011,2,16,26,1,13,3,SR-528 RIO RANCHO BLVD,,0,35.29639167,-106.594380560,0,12,6,0,4,1,1,0,3,1,0,1,0,0000000,99,99,99,99,99,99,0,0,0,1,1
35,350287,2,2,0,0,0,5,5,21,0,17,7,2011,1,16,9,0,3,3,SR-39,,572,35.98068889,-104.219058330,0,12,2,0,1,1,1,0,1,1,0,1,0,0000000,99,99,99,99,99,99,0,0,0,1,1
35,350288,2,2,0,0,0,2,2,53,760,16,11,2011,4,17,7,0,13,2,US-60/85 CALIFORNIA STREET,WALL STREET,0,34.07100278,-106.893947220,0,12,6,0,2,2,1,0,3,1,0,1,0,0000000,99,99,99,99,99,99,0,0,0,1,0
35,350289,1,1,0,0,0,2,2,49,710,21,8,2011,1,12,21,0,2,3,SR-14 CERILLOS AVENUE,,242,35.58291111,-106.053725000,0,24,0,0,1,1,4,0,1,1,0,1,0,0000000,99,99,99,99,99,99,0,0,0,1,0
35,350291,1,1,0,1,1,1,1,6,0,5,5,2011,5,9,0,1,1,1,I-40,,980,35.06647778,-107.633450000,3,8,0,0,1,1,1,0,1,1,0,1,0,0000000,99,99,99,99,88,88,0,0,0,1,0
35,350292,4,2,2,3,3,2,2,31,340,19,8,2011,6,11,44,1,13,2,US-491,,2,35.54030278,-108.758688890,0,33,0,0,1,1,5,0,1,1,0,1,0,0000000,99,99,99,99,99,99,0,0,0,1,0
35,350293,1,1,0,1,1,2,2,1,30,8,10,2011,7,16,4,0,13,6,LOUISIANA BLVD,ANDERSON AVENUE,0,35.06368611,-106.568700000,0,8,0,0,3,3,1,0,1,1,0,1,0,0000000,99,99,99,99,99,99,0,0,0,1,0
35,350294,1,1,0,0,0,2,2,1,30,19,5,2011,5,6,43,1,1,1,I-25 RAMP,,2300,35.15242222,-106.589327780,0,33,0,1,5,1,4,0,1,1,0,1,0,0000000,99,99,99,99,99,99,0,0,0,1,0
35,350295,3,3,0,0,0,4,4,1,30,11,3,2011,6,21,45,0,16,6,98TH STREET,AVALON ROAD,0,35.07868333,-106.744205560,0,12,1,0,2,3,1,0,3,1,0,1,0,0000000,99,99,99,99,99,99,14,0,0,1,1
35,350296,1,1,0,0,0,1,1,1,30,8,11,2011,3,20,56,0,13,6,MONTANO ROAD NE,,0,35.13522500,-106.614900000,0,17,0,0,1,1,3,0,3,1,0,1,0,0000000,99,99,99,99,88,88,0,0,0,1,0
35,350297,1,1,0,0,0,1,1,1,30,4,8,2011,5,12,22,0,16,6,GRIEGOS ROAD,4TH STREET,0,35.13027222,-106.642805560,0,33,0,0,3,2,4,0,1,1,0,1,0,0000000,99,99,99,99,88,88,0,0,0,1,0
35,350298,1,1,0,0,0,1,1,1,30,24,7,2011,1,11,59,0,12,6,PASEO DEL VULCAN NW,,0,35.17454167,-106.786744440,0,35,0,0,1,1,5,0,1,1,0,1,0,0000000,99,99,99,99,88,88,0,0,0,1,1
35,350299,1,1,0,1,1,2,2,1,30,12,5,2011,5,9,14,0,16,6,WASHINGTON STREET,INDIAN SCHOOL ROAD,0,35.10211944,-106.595344440,0,9,0,0,2,2,1,0,1,1,0,1,0,0000000,99,99,99,99,99,99,0,0,0,1,0
35,350300,1,1,0,1,1,1,1,1,30,12,4,2011,3,22,47,0,13,3,SR-333 CENTRAL AVENUE NE,CENTRAL E,0,35.06797500,-106.497555560,0,8,0,0,2,3,1,0,3,1,0,1,0,0000000,99,99,99,99,99,99,0,0,0,1,0
35,350301,2,2,0,0,0,5,5,1,30,28,10,2011,6,19,51,1,13,3,SR-500 RIO BRAVO,LORIS,0,35.02763611,-106.709411110,0,12,6,0,2,2,1,0,3,1,0,1,0,0000000,99,99,99,99,99,99,0,0,0,1,0
35,350302,1,1,0,0,0,1,1,31,804,24,5,2011,3,14,20,1,1,1,I-40,,530,35.49847778,-108.507344440,0,59,0,0,1,1,4,0,1,1,0,1,0,0000000,99,99,99,99,99,99,0,0,0,1,1
35,350303,1,1,0,0,0,2,2,39,845,17,7,2011,1,17,27,0,3,3,SR-68,,167,36.16333611,-105.967477780,0,39,0,0,1,1,4,0,1,1,0,1,0,0000000,99,99,99,99,99,99,0,0,0,1,0
35,350304,2,2,0,0,0,8,8,1,30,5,11,2011,7,18,52,1,1,1,I-40,,1369,35.07965833,-106.407913890,0,12,1,0,1,1,1,0,2,1,0,1,0,0000000,99,99,99,99,99,99,0,0,0,2,0
35,350305,1,1,0,0,0,2,2,39,255,22,10,2011,7,16,57,0,9,8,J-11,,0,36.90279722,-107.018194440,3,32,0,0,1,1,4,0,5,1,0,1,0,0000000,99,99,99,99,99,99,0,0,0,1,1
35,350306,1,1,0,0,0,1,1,39,464,7,5,2011,7,19,44,0,9,3,SR-111,,50,36.33093611,-106.033219440,0,11,0,0,1,1,1,0,1,1,0,1,0,0000000,99,99,99,99,88,88,0,0,0,1,0
35,350307,1,1,0,0,0,2,2,45,0,10,10,2011,2,17,27,1,2,2,US-160,SR-597,4711,36.99314444,-109.040769440,3,35,0,0,3,3,4,0,1,1,0,1,0,0000000,99,99,99,99,88,88,0,0,0,2,1
35,350308,1,1,0,0,0,1,1,43,677,1,10,2011,7,23,42,0,12,6,TULIP ROAD,RAINBOW BLVD,0,35.24728333,-106.736772220,0,25,0,0,3,3,4,0,3,1,0,1,0,0000000,99,99,99,99,88,88,0,0,0,1,1
35,350309,1,1,0,0,0,2,2,45,745,28,12,2011,4,15,0,1,2,2,US-64,,327,36.77796389,-108.622297220,3,1,0,0,1,1,4,0,1,1,0,1,0,0000000,99,99,99,99,88,88,0,0,0,2,1
35,350310,2,2,0,0,0,4,4,61,100,26,5,2011,5,13,0,0,16,6,LOPEZ ROAD,DON FELIPE ROAD,0,34.68626389,-106.776805560,0,12,6,0,2,4,1,0,1,1,0,1,0,0000000,99,99,99,99,99,99,20,0,0,1,0
35,350312,1,1,0,0,0,1,1,49,710,14,2,2011,2,19,47,0,19,8,RICHARDS AVENUE,,0,35.60441667,-105.998572220,4,33,0,0,1,1,5,0,3,1,0,1,0,0000000,99,99,99,99,99,99,0,0,0,1,0
36,360001,1,1,0,0,0,1,1,81,4170,10,1,2011,2,1,5,1,2,3,SR-907D,,0,40.66615278,-73.760194440,0,24,0,0,1,1,4,0,3,1,0,1,0,0000000,99,99,99,99,88,88,0,0,0,1,0
36,360002,1,1,0,1,1,1,1,101,420,1,1,2011,7,6,5,1,1,1,I-86,,0,42.32603056,-77.309802780,0,8,0,0,1,1,1,0,2,5,0,5,0,0000000,6,6,6,23,88,88,0,0,0,1,0
36,360003,1,1,0,0,0,1,1,55,5230,6,1,2011,5,1,33,0,14,5,PORTLAND AVE,,0,43.17878333,-77.588988890,0,40,0,0,1,1,4,0,3,1,0,1,0,0000000,1,33,1,35,2,15,0,0,0,1,1
36,360004,1,1,0,0,0,2,2,5,4170,19,1,2011,4,5,48,1,13,6,GRAND CONCOURSE,,0,40.83019444,-73.920650000,0,25,0,0,1,1,3,0,3,2,0,2,0,0000000,99,99,99,99,99,99,0,0,0,2,0
36,360005,1,1,0,0,0,4,4,109,2940,9,1,2011,1,1,14,0,14,5,ELMIRA RD,W DANBY RD,0,42.39772778,-76.546083330,0,30,0,0,1,1,8,0,2,10,0,10,0,0000000,1,19,1,27,9,5,0,0,0,2,1
36,360006,1,1,0,0,0,1,1,49,1410,10,1,2011,2,7,45,0,6,5,VAN AMBER RD,,0,43.89731944,-75.493991670,0,24,0,0,1,1,4,0,1,10,0,10,0,0000000,7,46,7,52,88,88,0,0,0,1,1
36,360007,1,1,0,0,0,1,1,45,10,11,1,2011,3,0,35,0,4,3,SR-177,FULLER RD,0,43.85931667,-75.980394440,0,30,0,0,3,2,4,0,2,1,0,1,0,0000000,1,31,2,20,88,88,0,0,0,1,1
36,360008,1,1,0,1,1,1,1,91,5470,3,1,2011,2,19,10,1,1,1,I-87,,0,43.09949444,-73.753461110,0,8,0,0,1,1,1,0,2,1,0,1,0,0000000,19,10,19,15,88,88,0,0,0,1,0
36,360009,1,1,0,0,0,2,2,25,5326,6,1,2011,5,22,0,0,6,5,BRUCE PORN RD,,0,42.38070000,-74.519694440,0,42,0,0,1,1,4,0,2,1,0,1,0,0000000,22,23,22,23,88,88,0,0,0,2,1
36,360010,1,1,0,0,0,1,1,27,2785,10,1,2011,2,12,24,1,2,3,SR-987G,,0,41.56983333,-73.776197220,0,35,0,0,1,1,3,0,1,1,0,1,0,0000000,12,24,12,30,88,88,0,0,0,1,0
36,360011,1,1,0,0,0,1,1,13,1610,12,1,2011,4,8,31,0,14,5,MIDDLE RD,,0,42.49001111,-79.312233330,0,10,0,0,6,1,1,0,1,10,0,10,0,471757g,8,31,8,33,88,88,0,0,0,1,0
36,360012,1,1,0,1,1,3,3,53,3201,13,1,2011,5,17,30,0,6,5,INDIAN OPENING RD,,0,43.09985556,-75.796222220,0,9,0,0,1,1,1,0,2,4,0,4,0,0000000,99,99,99,99,99,99,0,0,0,1,0
36,360013,1,1,0,0,0,1,1,29,40,12,1,2011,4,6,32,0,6,5,CARNEY RD,,0,43.04740833,-78.483325000,0,48,0,0,1,1,4,0,3,4,0,4,0,0000000,6,30,6,40,88,88,0,0,0,1,0
36,360014,1,1,0,0,0,1,1,71,2320,14,1,2011,6,23,18,0,6,5,OLD CHESTER RD,,0,41.38706389,-74.305569440,0,48,0,0,1,1,4,0,2,1,0,1,0,0000000,23,18,23,30,0,42,0,0,0,1,1
36,360015,1,1,0,0,0,1,1,119,2555,24,1,2011,2,1,25,1,1,1,I-287,,80,41.02155556,-73.727816670,0,1,0,0,1,1,4,0,2,1,0,1,0,0000000,1,25,1,35,1,45,0,0,0,1,1
36,360016,1,1,0,0,0,1,1,91,1350,26,1,2011,4,17,53,0,2,3,SR-9N,HOLMES RD,0,43.18918889,-73.864269440,0,42,0,0,3,3,4,0,2,10,0,10,0,0000000,17,53,17,58,18,30,0,0,0,1,0
36,360017,1,1,0,1,1,1,1,61,4170,24,1,2011,2,17,45,1,13,6,FIRST AVE,E 90TH ST,0,40.77941944,-73.947494440,0,8,0,0,3,2,1,0,3,10,0,10,0,0000000,99,99,99,99,88,88,0,0,0,1,0
36,360018,2,2,0,0,0,4,4,119,6820,4,1,2011,3,20,0,1,1,1,I-87,,40,99.99990000,999.999900000,0,12,1,0,1,1,1,0,2,1,0,1,0,0000000,20,0,20,4,20,30,0,0,0,1,0
36,360019,2,2,0,0,0,2,2,75,6319,6,1,2011,5,12,26,0,6,4,CR-57,,0,99.99990000,999.999900000,0,12,2,0,1,1,1,0,1,10,0,10,0,0000000,12,26,12,32,99,99,0,0,0,1,0
36,360020,2,2,0,0,0,2,2,109,1590,11,1,2011,3,16,11,0,4,5,PERUVILLE RD,,0,42.54073333,-76.449716670,0,12,2,0,1,1,1,0,1,10,0,10,0,0000000,16,12,16,20,17,31,0,0,0,1,0
36,360021,1,1,0,1,1,1,1,61,4170,5,1,2011,4,22,50,0,16,6,E 56TH ST,1ST AVE,0,40.75764722,-73.963422220,0,8,0,0,3,2,1,0,3,1,0,1,0,0000000,99,99,99,99,99,99,0,0,0,1,0
36,360022,2,2,0,0,0,4,4,59,2600,4,1,2011,3,17,53,0,16,6,BOWLING GREEN DR,SALISBURY RD,0,40.74762778,-73.558413890,0,12,6,0,2,2,1,0,3,1,0,1,0,0000000,17,38,17,40,17,52,0,0,0,1,0
36,360023,2,2,0,0,0,2,2,19,5581,14,1,2011,6,14,15,0,5,5,MILITARY TURNPIKE,SALMON RIVER RD,0,44.63942222,-73.515733330,0,12,6,0,2,2,1,0,1,10,0,10,0,0000000,14,14,14,24,14,50,0,0,0,1,0
36,360024,2,2,0,0,0,2,2,29,6642,19,1,2011,4,16,48,1,11,2,US-219,RIDGE RD,99999,42.82819444,-78.792405560,0,12,2,1,5,1,1,0,1,4,0,4,0,0000000,16,49,16,53,17,19,0,0,0,1,1
36,360025,2,2,0,0,0,2,2,59,3160,10,1,2011,2,7,25,0,6,5,OLD TAPPAN RD,,0,40.88732500,-73.612402780,0,12,2,0,1,1,1,0,1,1,0,1,0,0000000,7,26,7,31,8,17,0,0,0,1,0
36,360026,2,2,0,1,1,4,4,59,2160,21,1,2011,6,0,24,0,14,5,MERRICK RD,S OCEAN AVE,0,40.65313889,-73.586177780,0,8,0,0,3,2,1,0,3,1,0,1,0,0000000,99,99,99,99,99,99,0,0,0,1,1
36,360027,2,2,0,0,0,2,2,53,3201,15,1,2011,7,14,51,0,3,3,SR-5,,0,43.06268333,-75.799427780,0,12,6,0,1,1,1,0,1,4,0,4,0,0000000,14,51,15,3,99,99,0,0,0,1,0
36,360028,2,2,0,0,0,3,3,73,60,21,1,2011,6,12,12,1,2,3,SR-31,,0,43.22880556,-78.259350000,0,12,6,0,1,1,1,0,1,4,0,4,0,0000000,12,12,12,20,12,42,0,0,0,1,0
36,360029,2,2,0,0,0,3,3,19,4880,3,1,2011,2,13,30,0,2,3,SR-374,WALLACE HILL RD,0,99.99990000,999.999900000,0,12,6,0,2,3,1,0,1,10,0,10,0,0000000,13,30,13,34,16,45,0,0,0,1,0
36,360030,2,2,0,0,0,3,3,29,750,22,1,2011,7,4,20,1,2,3,SR-33,,0,42.91014444,-78.843286110,0,12,2,0,1,1,1,0,3,1,0,1,0,0000000,4,23,4,26,4,59,0,0,0,2,2
36,360031,1,1,0,1,1,1,1,5,4170,24,1,2011,2,13,45,0,14,6,PITMAN AVE,BAYCHESTER AVE,0,40.89669444,-73.844969440,0,8,0,0,3,2,1,0,1,1,0,1,0,0000000,99,99,99,99,99,99,0,0,0,1,0
36,360032,1,1,0,1,1,1,1,119,6820,28,1,2011,6,9,12,0,13,5,CENTRAL PARK AVE,,0,40.92549167,-73.858808330,0,8,0,0,1,1,1,0,1,10,0,10,0,0000000,99,99,99,99,99,99,0,0,0,1,0
36,360033,1,1,0,0,0,1,1,15,1850,28,1,2011,6,21,43,0,5,5,SAGETOWN RD,,0,42.02309167,-76.918716670,0,30,0,0,1,1,4,0,2,10,0,10,0,0000000,21,47,21,58,88,88,0,0,0,1,1
36,360034,2,2,0,0,0,2,2,51,2250,26,1,2011,4,13,9,0,5,5,LIMA RD,COUNTRY CLUB RD,0,42.81336389,-77.783011110,0,12,6,0,2,2,1,0,1,10,0,10,0,0000000,13,9,13,17,88,88,0,0,0,1,0
36,360035,2,2,0,0,0,4,4,27,3084,26,1,2011,4,14,7,1,2,3,SR-55,,0,41.66186667,-73.743516670,0,12,6,0,1,1,1,0,1,1,0,1,0,0000000,14,11,14,13,14,56,0,0,0,1,0
36,360036,1,1,0,1,1,1,1,85,4170,24,1,2011,2,13,50,0,13,6,BRADLEY AVE,,0,40.60499167,-74.131772220,0,8,0,0,1,1,1,0,1,1,0,1,0,0000000,15,7,15,9,15,18,23,0,0,1,0
36,360037,2,2,0,0,0,2,2,63,3220,26,1,2011,4,8,49,0,16,6,RIDGE RD,,0,43.20124444,-78.895705560,0,12,2,0,1,1,1,0,1,10,0,10,0,0000000,99,99,99,99,99,99,0,0,0,1,0
36,360038,2,2,0,0,0,2,2,69,2319,4,2,2011,6,20,48,0,6,4,CR-18,,0,42.83181111,-77.204188890,0,12,6,0,1,1,1,0,3,1,0,1,0,0000000,20,50,21,2,21,19,0,0,0,1,0
36,360039,1,1,0,1,1,1,1,119,5893,7,1,2011,6,16,59,0,6,5,BITTERSWEET LANE,FOX RUN,0,41.21623333,-73.519736110,0,11,0,0,3,3,1,0,2,4,0,4,0,0000000,17,0,17,7,18,11,0,0,0,1,0
36,360040,1,1,0,1,1,1,1,15,1850,27,1,2011,5,19,15,0,14,5,CLEMENS CENTER PKWY,PENNSYLVANIA AVE,0,42.08236389,-76.801277780,0,8,0,0,3,2,1,0,1,10,0,10,0,0000000,19,13,19,15,19,30,0,0,0,1,0
36,360041,1,1,0,0,0,1,1,29,156,22,1,2011,7,1,44,0,16,6,RED OAK DR,HOPKINS RD,0,42.99770833,-78.739533330,0,42,0,0,2,2,4,0,3,10,0,10,0,0000000,1,47,1,53,2,34,0,0,0,1,1
36,360042,1,1,0,1,1,1,1,5,4170,10,2,2011,5,18,56,0,13,6,CASTLE HILL AVE,STARLING AVE,0,40.83626944,-73.852222220,0,8,0,0,3,2,1,0,1,1,0,1,0,0000000,99,99,99,99,88,88,0,0,0,1,0
36,360043,2,2,0,0,0,5,5,9,1830,16,1,2011,1,13,33,1,2,3,SR-219,,0,42.33437500,-78.664255560,0,12,2,0,1,1,1,0,1,4,0,4,0,0000000,13,37,13,56,17,45,0,0,0,1,0
36,360044,1,1,0,1,1,1,1,47,4170,1,1,2011,7,4,45,0,16,6,39TH ST,12TH AVE,0,40.64194722,-73.988455560,0,8,0,0,3,2,1,0,3,1,0,1,0,0000000,99,99,99,99,5,5,0,0,0,1,0
36,360045,2,2,0,0,0,2,2,9,1456,11,2,2011,6,14,59,0,6,5,VAN ETTEN RD,,0,42.42291667,-78.944877780,0,12,6,0,1,1,1,0,1,10,0,10,0,0000000,14,59,15,8,88,88,0,0,0,1,0
36,360046,2,2,0,0,0,4,4,87,2700,8,1,2011,7,10,54,0,3,3,SR-202,LIME KILN RD,0,41.16291389,-74.094911110,0,12,2,0,2,4,1,0,1,10,0,10,0,0000000,10,56,11,8,11,33,0,0,0,1,0
36,360047,2,2,0,0,0,5,5,111,3060,28,1,2011,6,13,25,1,11,1,I-87,,942,99.99990000,999.999900000,0,12,6,0,1,1,1,0,1,10,0,10,0,0000000,13,28,13,38,14,17,0,0,0,1,0
36,360048,3,3,0,0,0,3,3,67,3500,13,1,2011,5,11,59,0,6,5,N BURDICK ST,E GENESEE ST,0,43.02927778,-76.016808330,0,12,1,0,3,2,1,0,1,4,0,4,0,0000000,11,59,12,2,99,99,14,0,0,1,0
36,360049,3,3,0,0,0,5,5,59,4450,4,2,2011,6,22,50,1,11,1,I-495,,0,99.99990000,999.999900000,0,12,1,0,1,1,1,0,3,10,0,10,0,0000000,22,53,23,1,0,5,0,0,0,1,0
36,360050,1,1,0,1,1,1,1,5,4170,16,2,2011,4,7,46,0,16,6,GRAND CONCOURSE,E 183RD ST,0,40.85748889,-73.900130560,0,8,0,0,3,2,1,0,1,1,0,1,0,0000000,99,99,99,99,99,99,0,0,0,1,0
36,360051,2,2,0,0,0,2,2,75,4660,28,1,2011,6,23,10,0,6,4,CR-26,,0,43.41527222,-76.082811110,0,12,2,0,1,1,1,0,2,4,0,4,0,0000000,23,10,23,29,88,88,0,0,0,2,1
36,360052,1,1,0,0,0,1,1,59,2600,27,1,2011,5,20,45,0,16,6,WANTAGH AVE,RAILROAD AVE,0,40.67305000,-73.510266670,0,1,0,0,2,2,1,0,3,10,0,10,0,0000000,99,99,99,99,99,99,0,0,0,1,0
36,360053,1,1,0,0,0,4,4,29,750,5,2,2011,7,1,31,1,2,3,SR-33,,0,42.90370556,-78.845808330,0,25,0,0,1,1,3,0,3,1,0,1,0,0000000,99,99,99,99,99,99,0,0,0,1,1
36,360054,3,3,0,0,0,6,6,15,6530,2,1,2011,1,15,24,0,6,5,SOUTH BROADWAY,,0,42.02642222,-76.800141670,0,12,1,0,1,1,1,0,1,10,0,10,0,0000000,15,26,15,33,15,57,0,0,0,1,0
36,360055,1,1,0,0,0,1,1,91,390,17,2,2011,5,4,24,0,16,5,LEWIS RD,,0,43.03796111,-73.903388890,0,52,0,0,1,1,5,0,2,1,0,1,0,0000000,4,24,4,35,88,88,0,0,0,1,0
36,360056,1,1,0,1,1,1,1,27,5030,10,2,2011,5,8,4,0,16,5,CHURCH ST,,0,41.70319722,-73.929277780,0,9,0,0,1,1,1,0,1,1,0,1,0,0000000,8,6,8,11,8,25,0,0,0,1,0
36,360057,1,1,0,1,1,1,1,29,613,9,2,2011,4,18,30,0,6,5,WOODCHUCK RD,,0,42.55412222,-79.061350000,3,8,0,0,1,1,1,0,5,10,0,10,0,0000000,22,2,22,12,23,29,0,0,0,1,1
36,360058,2,2,0,0,0,3,3,101,3275,5,2,2011,7,17,41,1,2,2,US-15,STOWELL RD,0,42.04946111,-77.137886110,0,12,6,0,2,3,1,0,2,4,0,4,0,0000000,17,44,18,15,99,99,0,0,0,1,0
36,360059,1,1,0,0,0,1,1,83,2974,19,2,2011,7,13,39,0,4,4,CR-129,,0,42.81397778,-73.504994440,0,42,0,0,1,1,4,0,1,10,0,10,0,0000000,13,43,13,52,14,22,0,0,0,1,0
36,360060,2,2,0,0,0,5,5,55,652,6,2,2011,1,14,19,0,2,4,CR-98,I-590,0,43.10818889,-77.576094440,0,12,6,1,2,2,1,0,1,10,0,10,0,0000000,14,19,14,24,14,48,0,0,0,1,0
36,360061,1,1,0,0,0,2,2,115,2070,15,2,2011,3,21,0,0,6,5,BUTTERMILK FALLS RD,,0,43.40979444,-73.595997220,0,48,0,0,1,1,4,0,2,1,0,1,0,0000000,21,0,21,10,23,30,0,0,0,1,0
36,360062,2,2,0,0,0,2,2,59,4600,11,2,2011,6,2,11,0,14,6,S SERVICE RD,,0,40.78470000,-73.532225000,0,12,1,0,1,1,1,0,3,1,0,1,0,0000000,99,99,99,99,88,88,0,0,0,1,1
36,360063,1,1,0,0,0,1,1,7,6740,15,2,2011,3,8,10,0,2,3,SR-17,,0,42.07826944,-75.665911110,0,52,0,0,1,1,4,0,1,1,0,1,0,0000000,8,12,8,25,8,53,0,0,0,1,0
36,360064,1,1,0,0,0,1,1,41,3115,20,2,2011,1,3,0,0,3,3,SR-8,,0,43.44036389,-74.468722220,0,48,0,0,1,1,4,0,3,10,0,10,0,0000000,99,99,4,33,88,88,0,0,0,1,1
36,360065,2,2,0,0,0,3,3,37,530,8,2,2011,3,9,2,1,3,3,SR-5,,0,43.00669167,-78.240708330,0,12,2,0,1,1,1,0,1,4,0,4,0,0000000,9,2,9,6,99,99,0,0,0,1,0
36,360066,1,1,0,1,1,1,1,81,4170,11,2,2011,6,9,5,0,13,6,HILLSIDE AVE,184TH ST,0,40.71403611,-73.777977780,0,8,0,0,3,2,1,0,1,1,0,1,0,0000000,99,99,99,99,99,99,0,0,0,1,0
36,360067,2,2,0,0,0,3,3,55,5230,20,2,2011,1,2,37,0,13,5,LAKE AVE,LEXINGTON AVE,0,43.17931667,-77.631711110,0,12,6,0,2,2,1,0,3,10,0,10,0,0000000,99,99,99,99,99,99,0,0,0,1,1