STATE,ST_CASE,VE_TOTAL,VE_FORMS,PVH_INVL,PEDS,PERNOTMVIT,PERMVIT,PERSONS,COUNTY,CITY,DAY,MONTH,YEAR,DAY_WEEK,HOUR,MINUTE,NHS,ROAD_FNC,ROUTE,TWAY_ID,TWAY_ID2,MILEPT,LATITUDE,LONGITUD,SP_JUR,HARM_EV,MAN_COLL,RELJCT1,RELJCT2,TYP_INT,REL_ROAD,WRK_ZONE,LGT_COND,WEATHER1,WEATHER2,WEATHER,SCH_BUS,RAIL,NOT_HOUR,NOT_MIN,ARR_HOUR,ARR_MIN,HOSP_HR,HOSP_MN,CF1,CF2,CF3,FATALS,DRUNK_DR
36,360068,2,2,0,0,0,3,3,39,970,11,2,2011,6,15,35,1,2,3,SR-23,FIVE MILE WOODS RD,0,42.25733333,-73.921036110,0,12,6,0,2,2,1,0,1,1,0,1,0,0000000,15,36,15,44,99,99,0,0,0,1,0
36,360069,2,2,0,0,0,5,5,101,340,12,2,2011,7,14,17,0,14,3,SR-415,,0,42.38181667,-77.377180560,0,12,2,0,1,1,1,0,1,4,11,4,0,0000000,14,20,14,24,14,41,0,0,0,1,0
36,360070,2,2,0,0,0,3,3,55,1160,12,2,2011,7,8,19,0,3,3,SR-33,,0,43.11840556,-77.817444440,0,12,6,0,1,1,1,0,1,4,0,4,0,0000000,8,19,8,40,9,20,0,0,0,1,0
36,360071,2,2,0,0,0,2,2,43,2120,21,1,2011,6,22,45,0,14,5,DYKE RD,,0,43.09922778,-75.153027780,0,12,1,0,1,1,1,0,2,4,0,4,0,0000000,22,45,22,54,88,88,0,0,0,1,1
36,360072,3,3,0,1,1,2,2,47,4170,21,2,2011,2,23,16,1,12,6,WILLIAMSBURG BRIDGE,,0,40.71122222,-73.964666670,0,12,1,1,18,1,1,0,3,1,0,1,0,0000000,23,40,23,44,99,99,14,23,0,1,0
36,360073,2,1,1,1,1,1,1,5,4170,24,1,2011,2,3,48,1,11,1,I-87,,0,40.82396944,-73.931119440,0,14,0,0,1,1,2,0,3,1,0,1,0,0000000,99,99,99,99,88,88,14,23,0,1,0
36,360074,1,1,0,1,1,1,1,57,5400,27,2,2011,1,0,52,0,5,6,BURRELL RD,,0,42.98948611,-74.619977780,0,8,0,0,1,1,1,0,2,4,0,4,0,0000000,0,52,1,0,88,88,0,0,0,1,0
36,360075,1,1,0,0,0,4,4,47,4170,27,2,2011,1,1,20,1,13,3,SR-907C,,0,40.58483611,-73.927997220,0,30,0,0,1,1,4,0,3,1,0,1,0,0000000,1,20,1,24,99,99,0,0,0,1,0
36,360076,2,2,0,0,0,6,6,29,750,25,2,2011,6,2,16,0,13,5,MAIN ST,FERRY ST,0,42.91534167,-78.864391670,0,12,6,0,2,2,1,0,3,10,0,10,0,0000000,2,40,2,42,2,52,0,0,0,1,1
36,360077,2,2,0,0,0,2,2,57,170,31,1,2011,2,9,51,0,16,6,GUY PARK AVE,N HAMPTON RD,0,42.94641389,-74.201313890,0,12,6,0,2,2,1,0,1,1,0,1,0,0000000,9,51,9,53,10,8,0,0,0,1,0
36,360078,1,1,0,0,0,2,2,91,6731,25,2,2011,6,20,23,0,14,3,SR-9,,0,43.13586389,-73.769675000,0,48,0,0,1,1,4,0,2,4,0,4,0,0000000,20,23,20,31,22,45,0,0,0,1,1
36,360079,1,1,0,0,0,1,1,9,110,2,3,2011,4,12,36,0,5,5,CHAPEL HILL RD,,0,42.17040833,-78.511069440,0,24,0,0,1,1,4,0,1,10,0,10,0,0000000,12,45,12,49,13,10,0,0,0,1,0
36,360080,2,2,0,0,0,2,2,111,5480,22,2,2011,3,14,13,1,3,3,SR-32,OLD SR-32,0,99.99990000,999.999900000,0,12,2,0,2,3,1,0,1,1,0,1,0,0000000,14,13,99,99,99,99,0,0,0,1,0
36,360081,1,1,0,1,1,2,2,45,1900,5,3,2011,7,21,6,0,5,4,CR-46,,0,44.11741389,-75.808825000,0,8,0,0,1,1,1,0,2,2,0,2,0,0000000,21,8,21,28,21,43,0,0,0,1,0
36,360082,1,1,0,1,1,1,1,13,1610,6,3,2011,1,21,31,0,4,5,MAIN ST,FRANKLIN AVE,0,42.48558056,-79.328691670,0,8,0,0,3,2,1,0,3,10,0,10,0,0000000,21,32,21,33,21,42,0,0,0,1,0
36,360083,1,1,0,0,0,4,4,89,1292,1,2,2011,3,15,34,1,2,3,SR-56,,0,44.45141389,-74.800716670,0,48,0,0,1,1,4,0,1,4,0,4,0,0000000,15,34,16,42,17,15,0,0,0,1,0
36,360084,2,2,0,0,0,3,3,45,1077,4,3,2011,6,10,50,1,2,3,SR-12,,0,43.91642500,-75.736875000,0,12,6,0,1,1,1,0,1,1,0,1,0,0000000,10,51,11,4,99,99,0,0,0,1,0
36,360085,3,3,0,0,0,3,3,55,1160,10,2,2011,5,22,0,0,4,3,SR-33,,0,43.09227222,-77.920516670,0,12,2,0,1,1,1,0,2,1,0,1,0,0000000,22,20,99,99,99,99,0,0,0,1,1
36,360086,1,1,0,0,0,1,1,111,4461,13,2,2011,1,19,4,0,3,3,SR-28,,0,41.97197500,-74.229222220,0,48,0,0,1,1,4,0,2,1,0,1,0,0000000,19,4,19,10,99,99,0,0,0,1,1
36,360087,1,1,0,0,0,2,2,53,4019,28,1,2011,6,13,48,0,6,5,HARDSCRABBLE RD,,0,42.86818056,-75.768133330,0,42,0,0,1,1,4,0,1,4,0,4,0,0000000,13,48,14,4,14,53,0,0,0,1,0
36,360088,1,1,0,0,0,2,2,27,4690,5,3,2011,7,2,3,0,6,5,W DOVER RD,,0,41.60433889,-73.611058330,0,48,0,0,1,1,4,0,2,10,0,10,0,0000000,99,99,99,99,99,99,0,0,0,1,1
36,360089,1,1,0,0,0,1,1,45,2605,6,3,2011,1,1,2,0,5,4,CR-152,,0,43.84140000,-76.212352780,0,35,0,0,1,1,4,0,2,2,0,2,0,0000000,99,99,99,99,88,88,0,0,0,1,1
36,360090,1,1,0,0,0,1,1,111,3060,6,3,2011,1,3,41,0,14,5,LUCAS AVE EXT,LAKE VIEW AVE,0,41.92828333,-74.038888890,0,42,0,0,3,3,4,0,3,10,0,10,0,0000000,3,49,3,52,88,88,0,0,0,1,1
36,360091,1,1,0,0,0,1,1,29,1170,13,3,2011,1,12,14,0,13,5,MAIN ST,,0,42.98096389,-78.588016670,0,33,0,0,1,1,4,0,1,10,0,10,0,0000000,12,14,12,20,99,99,0,0,0,1,0
36,360092,1,1,0,1,1,1,1,61,4170,4,2,2011,6,4,7,1,13,6,2ND AVE,E 121ST ST,0,40.80018333,-73.935411110,0,8,0,0,3,1,1,0,3,1,0,1,0,0000000,99,99,99,99,99,99,0,0,0,1,0
36,360093,1,1,0,1,1,1,1,81,4170,8,1,2011,7,14,5,0,16,6,WOODHAVEN BLVD,ATLANTIC AVE,0,99.99990000,999.999900000,0,8,0,0,3,2,1,0,1,10,0,10,0,0000000,99,99,99,99,99,99,0,0,0,1,0
36,360094,2,2,0,0,0,3,3,65,403,2,3,2011,4,14,32,0,5,5,POWELL RD,,0,43.23107222,-75.221286110,0,12,6,0,1,1,1,0,1,4,0,4,0,0000000,14,32,14,35,15,10,0,0,0,1,0
36,360095,1,1,0,0,0,1,1,13,4987,13,1,2011,5,13,40,1,2,3,SR-20,,0,42.35383889,-79.518255560,0,42,0,0,1,1,4,0,1,4,0,4,0,0000000,13,45,13,53,14,11,0,0,0,1,0
36,360096,2,2,0,0,0,3,3,11,3880,8,3,2011,3,12,19,0,3,3,SR-38,,0,42.72901389,-76.449416670,0,12,2,0,1,1,1,0,1,1,0,1,1,0000000,12,19,12,22,88,88,0,0,0,1,0
36,360097,1,1,0,0,0,1,1,109,3146,15,1,2011,7,6,40,0,6,5,FENNER RD,,0,42.60904167,-76.557025000,0,42,0,0,1,1,4,0,2,4,0,4,0,0000000,6,40,99,99,88,88,0,0,0,1,0
36,360098,1,1,0,0,0,1,1,15,535,9,3,2011,4,7,16,0,4,5,CHAMBERS RD,,0,42.19504722,-76.889833330,0,35,0,0,1,1,4,0,1,10,0,10,0,0000000,7,18,7,24,7,52,0,0,0,1,0
36,360099,1,1,0,0,0,1,1,69,4770,17,3,2011,5,17,35,0,6,5,FORT HILL RD,,0,42.92503611,-77.045897220,0,32,0,0,1,1,4,0,1,1,0,1,0,0000000,17,35,17,39,99,99,0,0,0,1,0
36,360100,1,1,0,1,1,5,5,33,3460,23,2,2011,4,16,45,0,15,5,ELM ST,,0,44.85469722,-74.283788890,0,8,0,0,1,1,1,0,5,1,0,1,0,0000000,16,48,16,49,17,5,0,0,0,1,0
36,360101,1,1,0,0,0,1,1,63,2247,6,3,2011,1,6,37,0,16,5,ROCHESTER RD,COTTAGE RD,0,43.18936111,-78.612283330,0,59,0,0,1,1,4,0,3,98,0,98,0,0000000,6,39,6,46,88,88,0,0,0,1,1
36,360102,1,1,0,0,0,1,1,71,6410,16,3,2011,4,14,14,0,16,5,E SHORE RD,,0,41.20009722,-74.301416670,0,33,0,0,1,1,4,0,1,1,0,1,0,0000000,14,14,14,28,15,38,0,0,0,1,0
36,360103,1,1,0,0,0,3,3,107,406,19,3,2011,7,20,1,0,6,5,NELSON RD,,0,42.07497222,-76.537500000,0,42,0,0,1,1,4,0,2,10,0,10,0,0000000,20,1,20,23,1,5,0,0,0,1,0
36,360104,2,2,0,0,0,2,2,15,3790,28,2,2011,2,13,1,1,2,3,SR-13,,0,42.28315833,-76.737486110,0,12,2,0,1,1,1,0,1,10,0,10,0,0000000,13,3,13,10,13,50,0,0,0,2,0
36,360105,2,1,1,0,0,2,2,59,4090,19,2,2011,7,4,0,0,15,5,URBAN AVE,,0,40.75456389,-73.562780560,0,14,0,0,1,1,7,0,3,1,0,1,0,0000000,4,0,4,4,99,99,0,0,0,1,1
36,360106,2,2,0,0,0,2,2,119,6040,8,3,2011,3,15,14,1,11,1,I-287,SR-9A,0,41.05866944,-73.816275000,0,12,1,1,2,3,1,0,1,10,0,10,0,0000000,15,16,15,23,99,99,0,0,0,1,0
36,360107,2,2,0,0,0,3,3,31,3110,6,3,2011,1,9,48,0,3,3,SR-86,,0,44.29819444,-74.074627780,0,12,6,0,1,1,1,0,1,3,0,3,0,0000000,9,48,10,8,10,24,0,0,0,1,0
36,360108,1,1,0,1,1,2,2,69,2260,10,3,2011,5,20,43,0,16,6,MIDDLE ST,ANDES AVE,0,42.87292222,-76.975536110,0,8,0,0,3,3,1,0,3,2,0,2,0,0000000,20,46,20,49,21,4,0,0,0,1,0
36,360109,1,1,0,0,0,3,3,29,1170,5,3,2011,7,16,30,0,14,5,GOODRICH RD,,0,43.07043889,-78.637152780,0,16,0,0,1,1,1,0,1,2,0,2,0,0000000,16,9,16,18,16,47,0,0,0,1,0
36,360110,2,2,0,0,0,3,3,105,1242,21,3,2011,2,10,30,0,5,4,CR-115,,0,41.65306667,-74.962613890,0,12,6,0,1,1,1,0,1,3,0,3,0,0000000,10,29,10,52,99,99,0,0,0,1,0
36,360111,3,3,0,0,0,5,5,69,830,7,3,2011,2,16,1,1,13,3,SR-332,NORTH ST,0,42.90485000,-77.293655560,0,12,6,0,2,2,1,0,1,1,0,1,0,0000000,15,59,16,3,16,58,0,0,0,1,0
36,360112,1,1,0,0,0,2,2,67,3500,20,3,2011,1,0,52,1,1,1,I-90,,2740,99.99990000,999.999900000,0,31,0,0,1,1,3,0,2,1,0,1,0,0000000,0,52,0,59,1,38,0,0,0,1,1
36,360113,2,2,0,0,0,2,2,59,4600,29,3,2011,3,15,15,0,14,5,DUFFY AVE,W NICHOLAI ST,0,40.76305556,-73.538938890,0,12,6,0,2,3,1,0,1,1,0,1,0,0000000,15,16,15,16,15,36,0,0,0,1,0
36,360114,1,1,0,0,0,1,1,119,5802,20,3,2011,1,12,42,0,6,5,PRIMROSE ST,,0,41.29314722,-73.715305560,0,30,0,0,1,1,4,0,1,1,0,1,0,0000000,12,43,12,47,88,88,0,0,0,1,0
36,360115,2,2,0,0,0,2,2,103,5210,19,3,2011,7,15,27,1,13,3,SR-25A,,0,40.94233333,-72.813830560,0,12,6,0,1,1,1,0,1,1,0,1,0,0000000,15,27,15,32,16,0,0,0,0,1,0
36,360116,2,2,0,0,0,3,3,27,3084,28,3,2011,2,7,31,1,13,3,SR-55,ANGELO BLVD,0,41.67565278,-73.846836110,0,12,2,0,3,3,1,0,1,1,0,1,0,0000000,7,32,7,34,7,54,0,0,0,1,1
36,360117,1,1,0,1,1,1,1,5,4170,24,2,2011,5,12,28,0,16,6,WESTCHESTER AVE,E 163RD ST,0,40.82099722,-73.898938890,0,8,0,0,3,7,1,0,1,1,0,1,0,0000000,99,99,99,99,99,99,0,0,0,1,0
36,360118,1,1,0,1,1,1,1,103,705,19,1,2011,4,5,20,1,13,4,CR-46,LAWRENCE RD,0,40.78635000,-72.863677780,0,8,0,0,3,2,1,0,3,2,0,2,0,0000000,99,99,99,99,88,88,0,0,0,1,0
36,360119,1,1,0,1,1,1,1,103,2920,22,1,2011,7,2,5,0,14,4,CR-93,MICHIGAN ST,0,40.81523889,-73.125397220,0,8,0,0,3,2,1,0,3,1,0,1,0,0000000,2,13,2,15,2,45,0,0,0,1,0
36,360120,3,3,0,0,0,3,3,103,5769,26,1,2011,4,13,30,1,13,3,SR-25,,0,40.84814722,-73.248725000,0,12,6,0,1,1,1,0,1,4,0,4,0,0000000,13,38,13,38,99,99,0,0,0,1,0
36,360121,3,3,0,0,0,3,3,103,3933,18,1,2011,3,19,21,1,2,3,SR-25A,ECHO AVE,0,40.94031111,-73.004600000,0,12,6,0,2,2,1,0,3,2,0,2,0,0000000,19,22,19,26,19,54,14,0,0,1,0
36,360122,1,1,0,0,0,1,1,103,5769,12,3,2011,7,17,42,1,2,3,SR-908G,,0,40.82871667,-73.257908330,0,42,0,0,1,1,4,0,1,1,0,1,0,0000000,17,43,17,50,18,20,0,0,0,1,1
36,360123,1,1,0,0,0,1,1,29,6090,2,4,2011,7,5,52,0,16,5,RIVERVIEW AVE,ELMVIEW AVE,0,42.97964444,-78.899302780,0,40,0,0,3,2,4,0,3,1,0,1,0,0000000,5,52,5,54,88,88,0,0,0,1,0
36,360124,1,1,0,1,1,2,2,103,360,16,1,2011,1,18,18,1,13,3,SR-27,,0,40.69966667,-73.381061110,0,8,0,0,1,1,1,0,3,1,0,1,0,0000000,18,18,18,23,88,88,0,0,0,1,0
36,360125,2,2,0,0,0,2,2,117,4492,31,3,2011,5,7,2,1,2,3,SR-104,FISHER RD,0,43.23074167,-77.252113890,0,12,6,0,2,2,1,0,1,2,0,2,1,0000000,7,4,7,14,7,52,0,0,0,1,0
36,360126,1,1,0,1,1,1,1,81,4170,24,2,2011,5,21,52,0,16,6,108TH AVE,SUTPHIN AVE,0,99.99990000,999.999900000,0,8,0,0,3,3,1,0,3,2,0,2,0,0000000,99,99,99,99,99,99,0,0,0,1,0
36,360127,2,1,1,0,0,2,2,103,2920,19,1,2011,4,10,15,1,13,3,SR-27,,0,40.74423889,-73.186694440,0,33,0,0,1,1,4,0,1,2,0,2,0,0000000,99,99,99,99,99,99,0,0,0,1,0
36,360128,1,1,0,0,0,2,2,75,6628,3,4,2011,1,0,9,0,6,5,GULF BRIDGE RD,,0,43.29120000,-76.066202780,0,1,0,0,4,1,1,0,2,1,0,1,0,0000000,0,9,0,16,0,46,0,0,0,1,1
36,360129,1,1,0,1,1,2,2,85,4170,16,1,2011,1,20,54,0,16,6,CLEVELAND AVE,,0,40.54345000,-74.143886110,0,15,0,0,8,1,1,0,3,1,0,1,0,0000000,20,54,20,56,21,10,0,0,0,1,0
36,360130,1,1,0,0,0,1,1,11,960,2,4,2011,7,3,24,0,5,5,JORDAN RD,,0,43.14798333,-76.511708330,0,42,0,0,1,1,4,0,2,10,0,10,0,0000000,3,24,3,36,88,88,0,0,0,1,1
36,360131,2,2,0,0,0,3,3,103,2840,23,1,2011,1,14,49,0,16,6,LARKFIELD RD,ALICE LANE,0,40.83458889,-73.311391670,0,12,2,0,2,3,1,0,1,10,0,10,0,0000000,14,49,14,53,15,58,0,0,0,1,0
36,360132,1,1,0,0,0,5,5,87,5077,14,3,2011,2,4,44,0,13,3,SR-45,,99999,41.09274167,-74.048880560,0,42,0,0,1,1,4,0,3,10,0,10,0,0000000,4,45,4,46,99,99,0,0,0,1,1
36,360133,1,1,0,0,0,1,1,35,2980,5,4,2011,3,13,19,0,2,3,SR-29A,,0,43.05032500,-74.320727780,0,42,0,0,1,1,4,0,1,2,0,2,0,0000000,13,23,13,24,14,0,0,0,0,1,1
36,360134,1,1,0,0,0,1,1,19,5459,3,4,2011,1,14,19,0,3,3,SR-3,,0,44.61796667,-73.783322220,0,34,0,0,1,1,4,0,1,1,0,1,0,0000000,14,19,14,29,88,88,0,0,0,1,0
36,360135,1,1,0,0,0,2,2,37,534,9,4,2011,7,15,30,0,6,5,LITTLE CANADA RD,,0,42.94398333,-78.091700000,0,1,0,0,1,1,4,0,1,10,0,10,0,0000000,15,30,15,39,99,99,0,0,0,1,0
36,360136,1,1,0,0,0,1,1,61,4170,12,4,2011,3,23,4,1,2,3,SR-907L,,0,40.78587500,-73.939522220,0,39,0,0,1,1,4,0,3,2,0,2,0,0000000,99,99,99,99,99,99,0,0,0,1,1
36,360137,2,2,0,1,1,2,2,47,4170,20,1,2011,5,4,25,1,11,1,I-278,,0,40.69152778,-73.999097220,0,9,0,0,1,1,1,0,3,1,0,1,0,0000000,99,99,99,99,99,99,0,0,0,1,0
36,360138,1,1,0,2,2,1,1,59,2600,6,4,2011,4,6,5,0,13,3,SR-107,,0,40.73615278,-73.494330560,0,9,0,0,1,1,1,0,4,1,0,1,0,0000000,6,5,6,8,6,21,0,0,0,1,0
36,360139,2,2,0,0,0,2,2,103,5675,24,1,2011,2,21,30,0,13,6,WILLIAM FLOYED PKWY,CORACI BLVD,0,40.77239167,-72.867905560,0,12,1,0,3,2,1,0,3,1,0,1,0,0000000,21,38,21,40,22,6,0,0,0,1,1
36,360140,1,1,0,1,1,1,1,103,1963,3,1,2011,2,18,51,0,16,6,CR-16,,0,40.83111667,-73.028736110,0,8,0,0,1,1,1,0,3,1,0,1,0,0000000,18,54,18,57,19,15,0,0,0,1,0
36,360141,1,1,0,2,2,1,1,119,6825,7,3,2011,2,5,18,0,14,5,CROMPOND RD,,0,41.29007778,-73.846708330,0,8,0,0,1,1,1,0,2,2,0,2,0,0000000,99,99,99,99,99,99,0,0,0,1,0
36,360142,2,2,0,0,0,2,2,71,6410,9,3,2011,4,22,33,0,6,5,BELLVALE LAKES RD,,0,41.26410000,-74.286300000,0,12,6,0,1,1,1,0,2,4,0,4,0,0000000,22,32,22,39,99,99,0,0,0,1,0
36,360143,1,1,0,1,1,1,1,81,4170,19,3,2011,7,19,10,0,16,6,99TH ST,39TH AVE,0,40.74962222,-73.866658330,0,9,0,0,2,2,1,0,3,1,0,1,0,0000000,99,99,99,99,99,99,0,0,0,1,0
36,360144,1,1,0,1,1,1,1,81,4170,7,4,2011,5,21,28,0,16,6,ELDER AVE,COLDEN ST,0,40.75181944,-73.824250000,0,8,0,0,3,2,1,0,3,1,0,1,0,0000000,99,99,99,99,99,99,0,0,0,1,0
36,360145,2,1,1,0,0,1,1,71,4060,27,3,2011,1,8,0,1,2,2,US-9W,,0,41.57018056,-73.992619440,0,14,0,0,1,1,4,0,1,1,0,1,0,0000000,8,8,8,16,99,99,0,0,0,1,0
36,360146,1,1,0,0,0,1,1,89,4226,7,4,2011,5,6,43,0,6,5,GAROND RD,,0,44.78354167,-74.713252780,0,35,0,0,1,1,4,0,3,10,0,10,0,0000000,6,40,6,47,7,20,0,0,0,1,1
36,360147,2,2,0,0,0,4,4,71,3840,4,3,2011,6,8,56,0,16,5,ALBANY POST RD,,0,41.54135000,-74.238030560,0,12,2,0,1,1,1,0,1,1,0,1,0,0000000,8,56,9,5,99,99,0,0,0,1,0
36,360148,2,2,0,0,0,2,2,55,5329,23,3,2011,4,8,16,0,6,5,EAST RIVER RD,,0,42.94819722,-77.725833330,0,12,2,0,1,1,1,0,1,4,0,4,0,0000000,99,99,99,99,88,88,0,0,0,1,0
36,360149,1,1,0,0,0,32,32,5,4170,12,3,2011,7,5,39,1,11,1,I-95,,32,99.99990000,999.999900000,0,24,0,0,1,1,4,0,4,1,0,1,0,0000000,5,50,5,55,99,99,0,0,0,15,0
36,360150,2,2,0,0,0,2,2,39,1400,1,4,2011,6,19,39,1,1,1,I-87,,1187,99.99990000,999.999900000,0,12,1,0,1,1,1,0,2,10,0,10,0,0000000,19,39,19,41,20,46,23,0,0,1,0
36,360151,1,1,0,0,0,3,3,87,5077,23,3,2011,4,1,38,0,14,5,VIOLA RD,,0,41.13663333,-74.102569440,0,35,0,0,1,1,4,0,2,10,0,10,0,0000000,1,42,1,51,2,5,0,0,0,1,0
36,360152,2,2,0,0,0,3,3,83,6807,2,4,2011,7,16,56,0,14,3,SR-43,WASHINGTON AVE EXT,0,42.65430833,-73.699255560,0,12,6,0,3,4,1,0,1,1,0,1,0,0000000,16,56,16,59,99,99,0,0,0,1,0
36,360153,1,1,0,0,0,1,1,29,613,3,4,2011,1,16,22,0,4,3,SR-438,,0,42.53705000,-78.994102780,0,35,0,0,1,1,4,0,1,10,0,10,0,0000000,16,23,16,26,17,26,0,0,0,1,1
36,360154,2,2,0,0,0,3,3,47,4170,15,2,2011,3,20,16,0,16,6,FOSTER AVE,E 80TH ST,0,40.64058056,-73.918916670,0,12,6,0,2,2,1,0,3,1,0,1,0,0000000,99,99,99,99,99,99,0,0,0,1,0
36,360155,1,1,0,0,0,1,1,13,1120,24,1,2011,2,0,45,0,6,5,BOUTWELL HILL RD,,0,42.31245000,-79.165794440,0,48,0,0,1,1,4,0,2,1,0,1,0,0000000,0,45,0,50,88,88,0,0,0,1,1
36,360156,1,1,0,1,1,1,1,81,4170,14,2,2011,2,21,0,0,16,6,HORACE HARDING EXPWY,MAIN ST,0,40.74177500,-73.825266670,0,8,0,0,3,2,1,0,3,1,0,1,0,0000000,99,99,99,99,99,99,0,0,0,1,0
36,360157,1,1,0,2,2,1,1,47,4170,5,2,2011,7,10,0,0,16,6,BATH AVE,18TH AVE,0,40.60388889,-74.006183330,0,8,0,0,3,2,1,0,1,10,0,10,0,0000000,99,99,99,99,99,99,0,0,0,1,1
36,360158,1,1,0,0,0,1,1,57,2210,10,4,2011,1,10,15,0,2,3,SR-5S,,0,42.92654444,-74.419347220,0,42,0,0,1,1,4,0,1,1,0,1,0,0000000,10,15,10,15,99,99,0,0,0,1,0
36,360159,1,1,0,0,0,1,1,85,4170,12,2,2011,7,3,12,0,13,6,N FOREST AVE,,0,40.62624167,-74.133972220,0,30,0,0,1,1,4,0,3,1,0,1,0,0000000,3,32,3,41,3,54,0,0,0,1,1
36,360160,1,1,0,0,0,1,1,63,4330,16,4,2011,7,14,48,0,15,5,PAYNE AVE,,0,43.04808333,-78.876647220,0,30,0,0,1,1,4,0,1,2,0,2,0,0000000,14,45,14,47,15,34,0,0,0,1,1
36,360161,2,2,0,0,0,2,2,59,4600,13,2,2011,1,17,16,0,16,5,S BROADWAY,4TH ST,0,40.76222222,-73.517252780,0,12,6,0,2,3,1,0,5,10,0,10,0,0000000,17,17,17,20,99,99,0,0,0,1,0
36,360162,1,1,0,1,1,2,2,5,4170,2,4,2011,7,20,23,0,16,6,MORRIS AVE,E 148TH ST,0,40.81669167,-73.923086110,0,8,0,0,3,3,1,0,3,1,0,1,0,0000000,99,99,99,99,99,99,0,0,0,1,0
36,360163,2,2,0,0,0,2,2,37,410,20,4,2011,4,7,15,1,2,3,SR-5,,0,43.00051944,-78.264905560,0,12,2,0,1,1,1,0,1,10,0,10,0,0000000,7,19,7,22,99,99,0,0,0,1,0
36,360164,1,1,0,0,0,1,1,7,3064,19,3,2011,7,1,58,1,2,2,US-11,,0,41.99833056,-75.756688890,0,30,0,0,1,1,4,0,2,1,0,1,0,0000000,1,58,2,9,2,43,0,0,0,1,0
36,360165,2,2,0,0,0,2,2,29,5475,23,3,2011,4,20,52,0,16,5,OLEAN RD,,0,42.59511111,-78.496736110,0,12,2,0,1,1,1,0,2,4,0,4,0,0000000,20,54,20,54,21,45,0,0,0,1,0
36,360166,1,1,0,1,1,1,1,47,4170,18,4,2011,2,11,50,0,16,6,5TH AVE,56TH ST,0,40.64172222,-74.013841670,0,8,0,0,3,2,1,0,1,1,0,1,0,0000000,99,99,99,99,99,99,0,0,0,1,0
36,360167,1,1,0,0,0,1,1,59,4600,20,4,2011,4,9,50,0,14,5,OLD COUNTRY RD,,0,40.77638056,-73.469416670,0,42,0,0,1,1,4,0,1,10,0,10,0,0000000,9,52,9,53,10,3,0,0,0,1,0
36,360168,1,1,0,0,0,1,1,49,1410,23,4,2011,7,22,20,0,6,5,ROGERS CROSSING RD,,0,44.00619722,-75.519311110,0,59,0,0,1,1,4,0,2,10,0,10,0,0000000,22,20,22,35,23,0,0,0,0,1,1
36,360169,2,2,0,0,0,2,2,91,6731,21,4,2011,5,22,20,1,1,1,I-87,,0,43.16682778,-73.713950000,0,12,7,0,1,1,1,0,2,1,0,1,0,0000000,22,21,22,32,22,45,0,0,0,1,1
36,360170,2,2,0,0,0,2,2,55,5230,3,4,2011,1,1,58,0,16,6,CASTLEMAN RD,ROSSITER RD,0,43.12008611,-77.625641670,0,12,6,0,2,3,1,0,3,1,0,1,0,0000000,1,59,2,4,2,18,0,0,0,1,0
36,360171,2,2,0,0,0,2,2,99,5630,25,4,2011,2,15,35,1,2,3,SR-5,,0,42.95741111,-76.751991670,0,12,6,0,1,1,1,0,1,10,0,10,0,0000000,15,35,15,45,88,88,0,0,0,1,1
36,360172,2,2,0,0,0,2,2,27,5030,19,4,2011,3,9,28,0,13,3,SR-983T,,0,41.68350000,-73.902513890,0,12,6,0,4,1,1,0,1,10,0,10,0,0000000,9,28,9,35,10,8,0,0,0,1,0
36,360173,2,2,0,0,0,2,2,81,4170,10,1,2011,2,1,30,1,1,1,I-495,,0,40.73618611,-73.856727780,0,12,1,0,1,1,1,0,3,1,0,1,0,0000000,99,99,99,99,88,88,0,0,0,1,1
36,360174,2,2,0,1,1,2,2,81,4170,21,3,2011,2,12,48,0,16,6,70TH ST,32ND AVE,0,40.75651111,-73.896908330,0,12,6,0,2,2,1,0,1,2,0,2,0,0000000,99,99,99,99,88,88,0,0,0,1,0
36,360175,1,1,0,1,1,1,1,61,4170,28,1,2011,6,9,39,0,14,6,E BROADWAY,PIKE ST,0,40.71385000,-73.993005560,0,8,0,0,3,2,1,0,1,1,0,1,0,0000000,99,99,99,99,99,99,0,0,0,1,0
36,360176,1,1,0,0,0,1,1,81,4170,29,1,2011,7,4,7,0,16,6,111TH AVE,VAN WYCK EXPY SVC RD,0,40.68454444,-73.807033330,0,33,0,0,3,3,4,0,3,10,0,10,0,0000000,99,99,99,99,99,99,0,0,0,1,0
36,360177,1,1,0,1,1,1,1,25,5700,31,3,2011,5,14,10,0,6,5,PEARL ST,SENECA ST,0,42.30645000,-75.384213890,0,19,0,0,3,3,5,0,1,10,0,10,0,0000000,14,12,14,14,99,99,0,0,0,1,0
36,360178,1,1,0,1,1,1,1,55,652,28,3,2011,2,15,40,0,6,5,JOHNSARBOR DR W,,0,43.12461111,-77.599116670,0,8,0,0,4,1,1,0,1,1,0,1,0,0000000,15,40,15,45,15,59,0,0,0,1,0
36,360179,1,1,0,0,0,2,2,103,5810,9,4,2011,7,15,34,0,6,5,BRICK KILN RD,,0,40.98173889,-72.315683330,0,42,0,0,1,1,4,0,1,1,0,1,0,0000000,99,99,99,99,88,88,0,0,0,2,1
36,360180,1,1,0,0,0,1,1,91,2484,17,4,2011,1,15,11,0,4,5,ASPEN RIDGE BLVD,GROOMS RD,0,42.83852778,-73.757175000,0,30,0,0,3,3,4,0,1,10,0,10,0,0000000,99,99,99,99,15,40,0,0,0,1,0