STATE,ST_CASE,VE_TOTAL,VE_FORMS,PVH_INVL,PEDS,PERNOTMVIT,PERMVIT,PERSONS,COUNTY,CITY,DAY,MONTH,YEAR,DAY_WEEK,HOUR,MINUTE,NHS,ROAD_FNC,ROUTE,TWAY_ID,TWAY_ID2,MILEPT,LATITUDE,LONGITUD,SP_JUR,HARM_EV,MAN_COLL,RELJCT1,RELJCT2,TYP_INT,REL_ROAD,WRK_ZONE,LGT_COND,WEATHER1,WEATHER2,WEATHER,SCH_BUS,RAIL,NOT_HOUR,NOT_MIN,ARR_HOUR,ARR_MIN,HOSP_HR,HOSP_MN,CF1,CF2,CF3,FATALS,DRUNK_DR
36,360181,1,1,0,0,0,1,1,103,5810,13,4,2011,4,8,2,0,6,4,CR-79,,0,40.95189444,-72.298611110,0,42,0,0,1,1,4,0,1,2,0,2,0,0000000,99,99,99,99,88,88,0,0,0,1,0
36,360182,1,1,0,1,1,1,1,81,4170,15,4,2011,6,5,54,0,13,6,ATLANTIC AVE,,0,40.68303056,-73.866266670,0,8,0,0,1,1,1,0,1,1,0,1,0,0000000,99,99,99,99,99,99,0,0,0,1,0
36,360183,1,1,0,1,1,1,1,61,4170,29,4,2011,6,0,2,0,14,6,YORK AVE,E 79TH ST,0,40.77140000,-73.950461110,0,8,0,0,3,2,1,0,3,10,0,10,0,0000000,0,2,0,10,99,99,0,0,0,1,0
36,360184,1,1,0,0,0,2,2,87,4380,11,4,2011,2,8,2,0,16,5,PARKWAY DR S,,0,41.04973611,-73.959488890,0,30,0,0,1,1,4,0,1,1,0,1,0,0000000,8,2,8,8,8,28,0,0,0,1,0
36,360185,1,1,0,1,1,1,1,59,2600,29,4,2011,6,21,20,1,13,3,SR-27,WASHINGTON AVE,0,40.66831389,-73.528447220,0,8,0,0,3,3,1,0,3,10,0,10,0,0000000,21,20,21,22,99,99,0,0,0,1,0
36,360186,1,1,0,0,0,1,1,13,5660,27,4,2011,4,12,34,1,1,1,I-86,,0,42.15679722,-79.570486110,0,31,0,0,1,1,4,0,1,1,0,1,0,0000000,12,34,12,39,13,16,0,0,0,1,0
36,360187,2,2,0,0,0,3,3,91,2402,29,4,2011,6,18,42,0,6,4,MIDDLE GROVE RD,LESTER PARK RD,0,43.09545278,-73.847855560,0,12,6,0,2,2,1,0,1,1,0,1,0,0000000,18,44,18,51,18,52,0,0,0,1,0
36,360188,2,2,0,0,0,2,2,81,4170,29,3,2011,3,5,45,0,13,6,CYPRESS HILL ST,CYPRESS AVE,0,40.69235000,-73.882605560,0,12,6,0,2,2,1,0,3,1,0,1,0,0000000,99,99,99,99,99,99,0,0,0,1,0
36,360189,1,1,0,0,0,2,2,101,6102,24,4,2011,1,4,0,0,4,3,SR-36,,0,99.99990000,999.999900000,0,31,0,0,1,1,4,0,2,10,0,10,0,0000000,4,32,4,41,5,58,0,0,0,1,1
36,360190,3,3,0,2,2,1,1,71,1370,9,4,2011,7,5,25,1,1,1,I-87,,540,99.99990000,999.999900000,0,12,1,0,1,1,1,0,2,1,0,1,0,0000000,5,15,5,25,99,99,23,0,0,1,0
36,360191,1,1,0,0,0,1,1,35,3630,28,3,2011,2,7,49,0,3,3,SR-29A,,0,43.05499444,-74.264405560,0,48,0,0,1,1,4,0,1,1,0,1,0,0000000,99,99,99,99,99,99,0,0,0,1,0
36,360192,1,1,0,1,1,2,2,5,4170,28,2,2011,2,19,45,0,13,6,CASTLE HILL AVE,CHATTERON AVE,0,40.82832222,-73.850211110,0,8,0,0,3,2,1,0,3,1,0,1,0,0000000,99,99,99,99,99,99,0,0,0,1,0
36,360193,1,1,0,1,1,1,1,61,4170,25,3,2011,6,15,59,1,13,6,2ND AVE,E 96TH ST,0,40.78427778,-73.947086110,0,9,0,0,3,2,1,1,1,10,0,10,0,0000000,99,99,99,99,88,88,0,0,0,1,0
36,360194,2,2,0,0,0,5,5,29,156,17,4,2011,1,14,2,0,13,3,SR-324,FRANKHAUSER RD,0,42.97821944,-78.776527780,0,12,6,0,2,3,1,0,1,10,0,10,0,0000000,14,2,14,6,14,47,0,0,0,1,0
36,360195,2,1,1,0,0,1,1,67,1179,26,3,2011,7,1,46,1,2,3,SR-31,,0,43.17680556,-76.144591670,0,42,0,0,1,1,4,0,2,1,0,1,0,0000000,1,46,1,52,88,88,0,0,0,1,1
36,360196,1,1,0,0,0,1,1,117,1230,28,4,2011,5,17,54,0,5,5,LKS CRNRS ROSE VLYRD,,0,43.11419722,-76.917483330,0,34,0,0,1,1,4,0,1,1,0,1,0,0000000,17,54,18,3,18,27,0,0,0,1,0
36,360197,3,3,0,0,0,3,3,57,170,17,4,2011,1,13,37,0,13,3,SR-30,,0,99.99990000,999.999900000,0,12,6,0,4,1,1,0,1,1,0,1,0,0000000,13,37,13,42,14,5,0,0,0,1,0
36,360198,1,1,0,1,1,1,1,15,1850,12,4,2011,3,14,21,0,14,5,WALNUT ST,,0,42.08403611,-76.815741670,0,9,0,0,1,1,1,0,1,10,0,10,0,0000000,14,23,14,27,14,35,0,0,0,1,0
36,360199,2,2,0,0,0,9,9,103,5210,20,4,2011,4,15,8,0,6,5,SOUND AVE,,0,99.99990000,999.999900000,0,12,8,0,1,1,2,0,1,1,0,1,0,0000000,15,8,15,18,15,53,0,0,0,1,0
36,360200,3,3,0,0,0,3,3,87,2580,29,4,2011,6,10,41,0,16,5,WESTSIDE AVE,,0,99.99990000,999.999900000,0,12,2,0,1,1,1,0,1,1,0,1,0,0000000,10,42,10,43,11,10,0,0,0,1,0
36,360201,1,1,0,0,0,3,3,91,2402,7,5,2011,7,20,50,0,6,5,MIDDLEGROVE RD,,0,43.09222500,-73.887391670,0,17,0,0,1,1,4,0,2,10,0,10,0,0000000,20,55,21,3,99,99,0,0,0,1,0
36,360202,1,1,0,0,0,1,1,119,3940,27,2,2011,1,3,37,0,13,5,S COLUMBUS AVE,,0,40.89647222,-73.822547220,0,19,0,0,1,1,5,0,3,2,0,2,0,0000000,3,43,3,49,4,15,0,0,0,1,1
36,360203,2,2,0,0,0,3,3,103,2840,5,2,2011,7,3,36,1,13,3,SR-110,SNYDER ST,0,40.79032222,-73.415441670,0,12,7,0,3,2,1,0,3,10,0,10,0,0000000,3,36,3,45,99,99,0,0,0,1,0
36,360204,1,1,0,1,1,1,1,103,5769,27,2,2011,1,1,45,1,13,3,SR-25A,LAWERENCE AVE,0,40.85523611,-73.193500000,0,8,0,0,3,3,1,0,3,10,0,10,0,0000000,1,48,1,50,99,99,0,0,0,1,0
36,360205,1,1,0,2,2,2,2,103,2920,6,2,2011,1,22,28,0,15,5,LOWELL AVE,HEMLOCK ST,0,40.78997778,-73.192011110,0,8,0,0,3,3,1,0,3,1,0,1,0,0000000,99,99,99,99,99,99,0,0,0,1,1
36,360206,2,2,0,0,0,3,3,103,705,27,2,2011,1,21,53,0,6,5,CLANCY RD,HILLTOP LN,0,40.84133333,-72.779344440,0,12,6,0,2,3,1,0,2,1,0,1,0,0000000,21,53,99,99,99,99,0,0,0,1,0
36,360207,2,2,0,0,0,2,2,107,4580,9,5,2011,2,18,43,0,5,4,PENNSYLVANIA AVE,,0,99.99990000,999.999900000,0,12,2,0,1,1,1,0,1,1,0,1,0,0000000,18,43,18,51,19,20,0,0,0,1,0
36,360208,1,1,0,1,1,2,2,47,4170,5,1,2011,4,20,11,0,13,6,AVE J,E 9TH ST,0,40.62455556,-73.967063890,0,8,0,0,3,2,1,0,3,1,0,1,0,0000000,99,99,99,99,99,99,0,0,0,1,0
36,360209,1,1,0,0,0,1,1,117,1230,8,4,2011,6,3,28,0,6,5,LAKES CRNR -- ROSE V,,0,43.11978056,-76.918052780,0,42,0,0,1,1,4,0,2,10,0,10,0,0000000,3,20,3,27,88,88,0,0,0,1,0
36,360210,1,1,0,1,1,1,1,87,6000,11,4,2011,2,20,21,0,16,5,N DEBAUN AVE,N AIRMONT RD,0,41.11435556,-74.113891670,0,8,0,0,3,2,1,0,3,10,0,10,0,0000000,20,22,20,28,20,40,0,0,0,1,0
36,360211,1,1,0,0,0,1,1,89,4240,7,5,2011,7,0,2,0,6,4,KNAPP STATION RD,,0,44.78352500,-74.966733330,0,34,0,0,1,1,4,0,3,10,0,10,0,0000000,99,99,0,3,0,30,0,0,0,1,1
36,360212,2,2,0,0,0,2,2,85,4170,18,4,2011,2,13,30,0,16,6,HYLAN BLVD,BURBANK AVE,0,40.57210000,-74.108025000,0,12,6,0,2,3,1,0,1,1,0,1,0,0000000,10,31,10,38,10,44,0,0,0,1,0
36,360213,1,1,0,0,0,2,2,59,4600,8,5,2011,1,11,53,0,14,5,CARMANS RD,S GATE,0,40.68855833,-73.432438890,0,33,0,0,3,3,4,0,1,1,0,1,0,0000000,11,54,11,59,99,99,0,0,0,1,0
36,360214,1,1,0,1,1,1,1,61,4170,10,5,2011,3,15,19,0,14,6,ESSEX ST,DELANCEY ST,0,40.71862778,-73.988172220,0,8,0,0,3,2,1,0,1,1,0,1,0,0000000,99,99,99,99,99,99,0,0,0,1,0
36,360215,1,1,0,0,0,1,1,25,1570,11,4,2011,2,20,3,0,2,3,SR-206,,0,41.97861111,-74.893552780,0,24,0,0,1,1,4,0,5,10,0,10,0,0000000,20,3,20,20,88,88,0,0,0,1,0
36,360216,1,1,0,0,0,2,2,69,9999,9,5,2011,2,15,54,0,6,4,CR-37,,0,42.76267222,-77.532900000,0,34,0,0,1,1,4,0,1,1,0,1,0,0000000,15,54,16,4,17,9,0,0,0,1,0
36,360217,2,2,0,0,0,2,2,7,3064,28,3,2011,2,16,36,1,1,1,I-81,,0,99.99990000,999.999900000,0,12,6,0,1,1,1,0,1,1,0,1,0,0000000,16,37,16,41,19,54,0,0,0,1,0
36,360218,1,1,0,0,0,1,1,83,5540,30,4,2011,7,0,30,0,15,5,HAUGHNEY RD,,0,42.79968056,-73.660122220,0,42,0,0,1,1,4,0,2,10,0,10,0,0000000,0,31,0,43,1,12,0,0,0,1,0
36,360219,1,1,0,0,0,1,1,43,4425,16,4,2011,7,11,54,0,6,5,EIGERT RD,,0,43.34148889,-74.962183330,0,1,0,0,1,1,4,0,1,10,0,10,0,0000000,11,54,12,10,12,52,0,0,0,1,0
36,360220,1,1,0,0,0,1,1,105,6800,20,4,2011,4,23,9,1,2,3,SR-17,,0,41.59691111,-74.543233330,0,34,0,0,1,1,4,0,2,1,0,1,0,0000000,23,9,23,29,88,88,0,0,0,1,1
36,360221,1,1,0,0,0,3,3,103,1050,19,2,2011,7,3,34,0,16,6,JOSHUAS PATH,CALEBS PATH,0,40.78803333,-73.220672220,0,30,0,0,3,4,4,0,3,1,0,1,0,0000000,99,99,99,99,99,99,0,0,0,1,1
36,360222,2,1,1,0,0,3,3,7,540,1,4,2011,6,15,45,0,15,5,CLINTON ST,,0,42.10473333,-75.919650000,0,19,0,0,1,1,5,0,1,10,0,10,0,0000000,99,99,99,99,99,99,0,0,0,1,0
36,360223,1,1,0,1,1,1,1,47,4170,7,1,2011,6,23,10,0,16,6,LINDEN BLVD,VAN SICLEN AVE,0,40.66071389,-73.885794440,0,9,0,0,3,2,1,0,3,10,0,10,0,0000000,23,10,23,15,99,99,0,0,0,1,0
36,360224,2,2,0,0,0,2,2,53,1010,7,5,2011,7,16,35,1,3,3,SR-13,,0,42.94581667,-75.842350000,0,12,6,0,1,1,1,0,1,10,0,10,0,0000000,16,35,16,43,88,88,0,0,0,1,0
36,360225,1,1,0,1,1,1,1,81,4170,23,4,2011,7,23,15,0,16,6,WOODHAVEN BLVD,97TH AVE,0,99.99990000,999.999900000,0,8,0,0,3,2,1,0,3,1,0,1,0,0000000,99,99,99,99,99,99,0,0,0,1,0
36,360226,2,2,0,0,0,3,3,63,3220,23,4,2011,7,17,59,0,14,5,UPPER MOUNTAIN RD,,0,43.17304167,-78.988158330,0,12,11,0,1,1,1,0,1,1,0,1,0,0000000,17,59,18,6,18,47,0,0,0,1,1
36,360227,1,1,0,1,1,1,1,81,4170,2,2,2011,4,19,10,0,6,6,MERRICK BLVD,242ND ST,0,40.67375556,-73.731736110,0,8,0,0,3,1,1,0,3,10,0,10,0,0000000,99,99,99,99,99,99,0,0,0,1,0
36,360228,1,1,0,0,0,1,1,103,705,9,5,2011,2,21,12,1,11,1,I-495,,0,99.99990000,999.999900000,0,1,0,0,1,1,1,0,3,1,0,1,0,0000000,21,16,21,19,21,42,0,0,0,1,0
36,360229,1,1,0,1,1,1,1,47,4170,11,2,2011,6,16,33,0,13,6,OCEAN AVE,AVE R,0,40.60632500,-73.952761110,0,8,0,0,3,2,1,0,3,1,0,1,0,0000000,99,99,99,99,99,99,0,0,0,1,0
36,360230,1,1,0,0,0,1,1,89,6747,7,5,2011,7,17,10,1,3,2,US-11,,0,44.71258611,-74.922488890,0,24,0,0,1,1,4,0,1,10,0,10,0,0000000,17,10,17,21,88,88,0,0,0,1,0
36,360231,1,1,0,1,1,1,1,47,4170,1,4,2011,6,20,35,1,13,6,3RD AVE,60TH ST,0,40.64215278,-74.020663890,0,8,0,0,3,2,1,0,3,10,0,10,0,0000000,99,99,99,99,99,99,0,0,0,1,0
36,360232,1,1,0,1,1,1,1,59,2600,16,4,2011,7,22,41,0,14,5,MERRICK RD,FARMERS AVE,0,40.66143056,-73.538075000,0,8,0,0,3,2,1,0,3,2,0,2,0,0000000,22,42,22,47,23,20,0,0,0,1,0
36,360233,1,1,0,1,1,1,1,119,4309,9,5,2011,2,1,11,1,11,1,I-684,,0,99.99990000,999.999900000,0,8,0,0,1,1,1,0,2,1,0,1,0,0000000,1,19,1,30,88,88,0,0,0,1,0
36,360234,1,1,0,1,1,1,1,61,4170,27,2,2011,1,3,30,0,13,6,UNION SQUARE E,E 15TH ST,0,40.73538889,-73.989888890,0,8,0,0,3,2,1,0,3,1,0,1,0,0000000,99,99,99,99,4,2,0,0,0,1,0
36,360235,2,2,0,0,0,2,2,93,5550,26,4,2011,3,17,16,0,15,6,VAN VRANKEN AVE,KENWOOD AVE,0,42.82299722,-73.924900000,0,12,6,0,2,3,1,0,1,1,0,1,0,0000000,17,16,17,19,99,99,0,0,0,1,0
36,360236,2,2,0,0,0,6,6,71,2690,30,4,2011,7,11,0,0,5,3,SR-218,STONY LONESOME RD,0,41.37746111,-73.982583330,0,12,6,0,2,2,1,0,1,1,0,1,0,0000000,11,0,11,15,11,40,0,0,0,1,0
36,360237,1,1,0,0,0,2,2,49,9997,14,5,2011,7,3,3,0,6,5,PLANK RD,,0,43.90235000,-75.677172220,0,1,0,0,1,1,2,0,2,1,0,1,0,0000000,3,7,3,27,4,25,0,0,0,1,1
36,360238,1,1,0,0,0,2,2,59,5250,5,5,2011,5,2,22,0,16,5,BROWER AVE,OXFORD RD,0,40.67017500,-73.627966670,0,33,0,0,3,3,4,0,3,10,0,10,0,0000000,99,99,99,99,99,99,0,0,0,1,1
36,360239,2,2,0,1,1,3,3,81,4170,11,5,2011,4,5,5,1,13,3,SR-907M,,0,99.99990000,999.999900000,0,8,0,0,1,1,1,0,3,1,0,1,0,0000000,99,99,99,99,99,99,0,0,0,1,0
36,360240,2,2,0,0,0,2,2,87,4380,11,4,2011,2,14,24,0,14,6,VETERANS MEMORIAL DR,BLUE HILL PLAZA,0,41.05010000,-74.006272220,0,12,11,0,2,2,1,0,1,1,0,1,0,0000000,14,24,14,24,14,49,0,0,0,1,0
36,360241,1,1,0,0,0,4,4,7,4935,20,5,2011,6,0,10,1,1,1,I-88,,0,42.16012778,-75.850413890,0,24,0,0,1,1,4,0,2,10,0,10,0,0000000,0,15,0,20,99,99,0,0,0,3,1
36,360242,1,1,0,0,0,1,1,111,2865,25,5,2011,4,19,9,0,2,3,SR-28A,,0,41.96790556,-74.148063890,0,5,0,0,1,1,4,0,1,1,0,1,0,0000000,99,99,19,15,20,20,0,0,0,1,0
36,360243,1,1,0,1,1,2,2,35,670,22,5,2011,1,2,41,0,6,4,CR-110,,0,43.12701667,-74.135936110,0,8,0,0,1,1,1,0,2,1,0,1,0,0000000,99,99,99,99,88,88,0,0,0,1,0
36,360244,1,1,0,0,0,1,1,103,2920,17,4,2011,1,16,36,0,13,3,SR-907M,SR-27,0,99.99990000,999.999900000,0,33,0,1,5,1,8,0,1,1,0,1,0,0000000,16,36,16,41,17,4,0,0,0,1,1
36,360245,2,2,0,0,0,2,2,115,2070,19,5,2011,5,16,47,1,2,3,SR-149,,0,43.40725278,-73.553005560,0,12,8,0,1,1,1,0,1,10,0,10,0,0000000,99,99,99,99,99,99,0,0,0,1,0
36,360246,2,2,0,0,0,2,2,1,1290,12,5,2011,5,14,39,0,13,3,SR-5,CAMPBELL DR,0,42.74072778,-73.859294440,0,12,6,0,2,3,1,0,1,1,0,1,0,0000000,14,39,14,42,15,3,0,0,0,1,0
36,360247,1,1,0,0,0,1,1,103,2920,17,5,2011,3,6,52,0,16,5,EXECUTIVE DR,PINE AIRE DR,0,40.77003611,-73.291005560,0,10,0,0,6,1,1,0,1,2,0,2,0,9999999,99,99,99,99,88,88,0,0,0,1,0
36,360248,2,2,0,0,0,2,2,5,4170,13,5,2011,6,6,38,1,13,3,SR-907H,,0,99.99990000,999.999900000,0,25,0,0,1,1,3,0,1,1,0,1,0,0000000,6,39,6,43,88,88,0,0,0,1,0
36,360249,1,1,0,1,1,2,2,103,360,20,5,2011,6,21,5,0,16,5,STRAIGHT PATH,10TH ST,0,40.71938889,-73.378961110,0,9,0,0,2,2,1,0,3,1,0,1,0,0000000,21,8,21,9,21,24,0,0,0,1,0
36,360250,2,2,0,0,0,5,5,69,1640,22,5,2011,1,13,25,1,2,3,SR-5,SOUTH AVE,0,42.89520556,-77.434977780,0,12,6,0,2,2,1,0,1,10,0,10,0,0000000,13,26,13,32,14,42,0,0,0,1,0
36,360251,3,3,0,0,0,3,3,103,5210,19,5,2011,5,21,9,0,16,5,OLD COUNTRY RD,KROEMER AVE,0,40.92377222,-72.707869440,0,12,2,0,2,2,1,0,3,10,0,10,0,0000000,21,12,21,18,21,28,0,0,0,1,1
36,360252,2,2,0,0,0,2,2,55,4840,10,4,2011,1,16,22,0,3,3,SR-65,CANFIELD RD,0,43.03943056,-77.575347220,0,12,6,0,2,3,1,0,1,10,0,10,0,0000000,16,23,16,31,16,55,0,0,0,1,0
36,360253,1,1,0,0,0,1,1,13,920,12,4,2011,3,0,0,0,6,5,MILLER RD,,0,42.44341111,-79.276163890,0,1,0,0,1,1,4,0,3,10,0,10,0,0000000,0,4,0,16,2,23,0,0,0,1,1
36,360254,2,2,0,0,0,2,2,3,190,16,5,2011,2,13,49,0,3,3,SR-21,,0,42.17480556,-77.790777780,0,12,6,0,4,1,1,0,1,10,0,10,0,0000000,13,52,13,56,88,88,0,0,0,1,0
36,360255,2,2,0,0,0,2,2,71,1370,21,5,2011,7,14,23,1,2,2,US-9W,,0,99.99990000,999.999900000,0,12,2,0,1,1,1,0,1,1,0,1,0,0000000,14,23,14,28,99,99,0,0,0,1,0
36,360256,3,3,0,0,0,3,3,45,4780,16,5,2011,2,7,22,1,2,2,US-11,,0,44.17821944,-75.651105560,0,12,8,0,1,1,1,0,1,2,0,2,0,0000000,7,22,7,30,99,99,0,0,0,1,0
36,360257,2,2,0,0,0,3,3,13,5710,20,5,2011,6,23,13,0,6,5,BENNETT STATE RD,,0,42.48248611,-79.166600000,0,12,1,0,8,1,1,0,2,1,0,1,0,0000000,23,14,23,19,23,35,0,0,0,1,1
36,360258,2,2,0,0,0,2,2,29,2485,25,5,2011,4,17,14,1,13,3,SR-20,AMSDELL RD,0,42.73560000,-78.879366670,0,12,6,0,2,2,1,0,1,1,0,1,0,0000000,17,15,17,21,17,53,0,0,0,1,0
36,360259,2,2,0,0,0,6,6,55,4840,22,1,2011,7,23,35,0,16,5,FRENCH RD,,0,43.09921111,-77.522888890,0,12,2,0,1,1,1,0,2,4,0,4,0,0000000,23,38,23,46,0,30,0,0,0,1,1
36,360260,1,1,0,0,0,1,1,91,2484,30,5,2011,2,13,17,1,1,1,I-87,,100,42.82165278,-73.768475000,0,59,0,1,5,1,8,0,1,10,0,10,0,0000000,13,17,13,24,88,88,0,0,0,1,0
36,360261,1,1,0,1,1,2,2,83,6110,30,5,2011,2,19,46,0,16,5,10TH ST,,0,42.74259722,-73.678897220,0,8,0,0,1,1,1,0,1,1,0,1,0,0000000,19,46,19,50,20,5,0,0,0,1,0
36,360262,2,2,0,0,0,2,2,73,2219,20,5,2011,6,17,23,0,6,5,ZIG ZAG RD,,0,43.26351389,-78.147483330,0,12,6,0,8,1,1,0,1,1,0,1,0,0000000,17,24,17,30,99,99,0,0,0,1,0
36,360263,2,2,0,0,0,2,2,119,2555,11,5,2011,4,3,49,1,1,1,I-287,,80,99.99990000,999.999900000,0,12,6,0,1,1,1,0,2,1,0,1,0,0000000,4,10,4,24,99,99,0,0,0,1,1
36,360264,2,2,0,1,1,2,2,59,2600,4,6,2011,7,4,25,1,2,3,SR-24,,0,40.72582778,-73.513825000,0,8,0,0,1,1,1,0,3,1,0,1,0,0000000,4,28,4,32,88,88,0,0,0,1,0
36,360265,1,1,0,0,0,1,1,103,705,18,3,2011,6,18,25,0,3,5,EXPRESS DR N,,0,40.82459167,-72.996983330,0,42,0,0,1,1,4,0,1,1,0,1,0,0000000,18,27,18,33,99,99,0,0,0,1,0
36,360266,1,1,0,1,1,1,1,103,705,4,3,2011,6,21,18,0,16,6,WEST AVE,,0,40.76509444,-73.018938890,0,8,0,0,1,1,1,0,3,1,0,1,0,0000000,21,18,21,30,21,39,0,0,0,1,0
36,360267,1,1,0,1,1,3,3,47,4170,18,3,2011,6,7,12,0,14,6,BROADWAY,MYRTLE AVE,0,40.69696944,-73.935211110,0,8,0,0,3,2,1,0,1,1,0,1,0,0000000,99,99,99,99,88,88,0,0,0,1,0
36,360268,2,2,0,0,0,3,3,103,360,7,3,2011,2,12,30,0,16,6,STRAIGHT PATH,WYANDANCH AVE,0,40.74176111,-73.366969440,0,12,2,0,3,1,1,0,1,1,0,1,0,0000000,12,30,12,34,99,99,0,0,0,2,0
36,360269,2,2,0,0,0,3,3,71,4060,9,3,2011,4,11,18,0,14,3,SR-300,,0,41.56192778,-74.080961110,0,12,8,0,1,1,1,0,1,10,0,10,0,0000000,11,18,11,21,11,45,0,0,0,1,0
36,360270,1,1,0,0,0,1,1,13,1832,4,6,2011,7,23,28,0,6,5,WATERBORO HILL RD,BUSH RD,0,42.21559722,-79.059955560,0,1,0,0,2,4,1,0,2,10,0,10,0,0000000,23,29,23,44,0,31,0,0,0,1,1
36,360271,2,2,0,0,0,3,3,39,970,27,5,2011,6,21,45,0,3,3,SR-32,SR-23A,0,42.19247222,-73.985752780,0,12,6,0,2,2,1,0,3,1,0,1,0,0000000,21,51,21,54,23,15,0,0,0,1,0
36,360272,1,1,0,0,0,1,1,69,3490,8,6,2011,4,12,22,1,2,3,SR-96,NORTH AVE,0,42.97363333,-77.217761110,0,30,0,0,2,3,4,0,1,1,0,1,0,0000000,12,22,12,29,12,52,0,0,0,1,0
36,360273,1,1,0,1,1,1,1,59,1660,10,3,2011,5,5,52,0,16,5,POWERHOUSE RD,,0,40.78506944,-73.637913890,0,8,0,0,1,1,1,0,4,10,0,10,0,0000000,5,54,5,56,6,19,23,0,0,1,0
36,360274,3,3,0,0,0,4,4,67,1166,22,3,2011,3,19,44,0,16,6,NORTHERN BLVD,EAST TAFT RD,0,43.12801389,-76.079891670,0,12,1,0,2,2,1,0,3,1,0,1,0,0000000,19,45,19,53,20,40,0,0,0,1,0
36,360275,1,1,0,0,0,5,5,67,1179,6,5,2011,6,1,6,0,16,5,GRAMPIAN RD,,0,43.12877222,-76.211783330,0,43,0,0,1,1,4,0,2,1,0,1,0,0000000,1,6,1,10,2,3,0,0,0,1,1
36,360276,5,1,4,2,2,1,1,55,5230,9,5,2011,2,16,29,0,16,6,BAY ST,IROQUOIS ST,0,43.17129722,-77.567858330,0,59,0,0,2,3,4,0,1,1,0,1,0,0000000,16,29,16,32,16,55,0,0,0,1,0
36,360277,2,2,0,0,0,4,4,11,960,29,5,2011,1,11,19,0,4,3,SR-176,BALDWIN RD,0,43.23203333,-76.522361110,0,12,2,0,3,3,1,0,1,1,0,1,0,0000000,11,21,11,31,12,35,0,0,0,1,0
36,360278,1,1,0,1,1,1,1,13,2950,2,6,2011,5,21,25,0,14,5,E 2ND ST,CRESCENT ST,0,42.10748889,-79.222447220,0,9,0,0,2,7,1,0,5,1,0,1,0,0000000,21,26,21,29,21,42,0,0,0,1,0
36,360279,1,1,0,0,0,3,3,59,2600,13,2,2011,1,5,12,1,13,3,SR-908M,,0,40.68667778,-73.594269440,0,48,0,0,1,1,4,0,3,10,0,10,0,0000000,5,20,5,36,10,30,0,0,0,3,1
36,360280,1,1,0,1,1,3,3,59,4600,12,5,2011,5,17,59,0,14,5,WOODBURY RD,STRATFORD RD,0,40.78586944,-73.498686110,0,8,0,0,3,3,1,0,1,1,0,1,0,0000000,99,99,99,99,99,99,0,0,0,1,0
36,360281,1,1,0,0,0,2,2,117,6710,26,5,2011,5,13,41,0,5,5,LAKE RD,,0,43.28115833,-77.223780560,0,1,0,0,1,1,1,0,1,10,0,10,0,0000000,13,42,99,99,99,99,0,0,0,1,0
36,360282,3,1,2,1,1,1,1,47,4170,15,4,2011,6,22,45,0,16,6,LINDEN BLVD,E 53RD ST,0,40.65398056,-73.927705560,0,9,0,0,2,2,1,0,3,1,0,1,0,0000000,99,99,99,99,99,99,0,0,0,1,0
36,360283,1,1,0,0,0,2,2,25,1570,10,6,2011,6,13,30,0,6,5,RIVER RD,FULLER HILL RD,0,42.03110278,-75.036380560,0,35,0,0,3,1,4,0,1,1,0,1,0,0000000,18,31,18,32,88,88,0,0,0,2,0
36,360284,2,2,0,0,0,2,2,1,1495,13,6,2011,2,21,10,0,15,5,FEURA BUSH RD,,0,42.60166667,-73.800316670,0,12,6,0,8,1,1,0,2,10,0,10,0,0000000,21,10,21,16,21,34,0,0,0,1,0
36,360285,2,2,0,0,0,2,2,55,2606,15,4,2011,6,15,58,0,14,5,E RIVER RD,,0,43.07910833,-77.687588890,0,30,0,0,1,1,4,0,1,10,0,10,0,0000000,99,99,99,99,99,99,14,0,0,1,0
36,360286,1,1,0,0,0,5,5,55,5329,11,5,2011,4,19,49,0,14,5,E RIVER RD,,0,42.98711667,-77.700891670,0,30,0,0,1,1,4,0,1,1,0,1,0,0000000,19,49,20,0,20,31,0,0,0,1,0
36,360287,2,2,0,0,0,4,4,47,4170,1,4,2011,6,12,20,0,16,6,FLATBUSH AVE,AVENUE U,0,40.60974167,-73.922625000,0,12,6,0,2,2,1,0,1,2,0,2,0,0000000,99,99,99,99,99,99,0,0,0,1,0
36,360288,1,1,0,1,1,4,4,47,4170,24,4,2011,1,15,7,0,16,6,AVUENUE T,W 9TH ST,0,40.59843889,-73.980775000,0,9,0,0,2,2,1,0,1,10,0,10,0,0000000,99,99,99,99,88,88,0,0,0,1,0
36,360289,2,2,0,0,0,3,3,27,2000,30,5,2011,2,20,25,1,2,3,SR-52,,0,41.52660278,-73.918580560,0,12,2,0,4,1,1,0,1,1,0,1,0,0000000,20,33,20,35,21,0,0,0,0,1,0
36,360290,3,1,2,2,2,2,2,59,2020,12,5,2011,5,18,24,0,16,6,PLAINFIELD AVE,MARTHA TER,0,40.72846667,-73.700219440,0,33,0,0,3,3,5,0,1,1,0,1,0,0000000,18,24,18,25,18,36,0,0,0,1,0
36,360291,2,2,0,0,0,3,3,29,1117,24,2,2011,5,17,45,1,13,3,SR-33,,0,42.93691389,-78.710400000,0,12,6,0,1,1,1,0,5,2,0,2,0,0000000,17,45,17,54,99,99,0,0,0,1,0
36,360292,1,1,0,1,1,1,1,5,4170,16,3,2011,4,10,12,1,11,1,I-95,I-87,0,99.99990000,999.999900000,0,8,0,1,5,1,1,0,1,2,0,2,0,0000000,99,99,99,99,88,88,0,0,0,1,0