STATE,ST_CASE,VE_TOTAL,VE_FORMS,PVH_INVL,PEDS,PERNOTMVIT,PERMVIT,PERSONS,COUNTY,CITY,DAY,MONTH,YEAR,DAY_WEEK,HOUR,MINUTE,NHS,ROAD_FNC,ROUTE,TWAY_ID,TWAY_ID2,MILEPT,LATITUDE,LONGITUD,SP_JUR,HARM_EV,MAN_COLL,RELJCT1,RELJCT2,TYP_INT,REL_ROAD,WRK_ZONE,LGT_COND,WEATHER1,WEATHER2,WEATHER,SCH_BUS,RAIL,NOT_HOUR,NOT_MIN,ARR_HOUR,ARR_MIN,HOSP_HR,HOSP_MN,CF1,CF2,CF3,FATALS,DRUNK_DR
36,360293,3,3,0,1,1,2,2,81,4170,25,3,2011,6,2,40,1,2,3,SR-907A,,0,40.75502222,-73.745372220,0,12,1,0,1,1,1,0,3,10,0,10,0,0000000,99,99,99,99,88,88,14,23,0,1,0
36,360294,1,1,0,0,0,1,1,71,5742,1,6,2011,4,13,40,0,5,4,CR-12,,0,41.35860833,-74.457922220,0,39,0,0,1,1,4,0,1,10,0,10,0,0000000,13,40,13,55,15,0,0,0,0,1,1
36,360295,2,2,0,0,0,3,3,59,2600,4,4,2011,2,15,15,0,14,5,OLD COUNTRY RD,LEVITTOWN PKWY,0,40.75800278,-73.542975000,0,12,2,0,2,3,1,0,1,1,0,1,0,0000000,99,99,99,99,99,99,0,0,0,1,0
36,360296,1,1,0,0,0,1,1,101,420,4,6,2011,7,21,30,1,1,1,I-86,,0,42.33345278,-77.327330560,0,34,0,0,1,1,3,0,2,10,0,10,0,0000000,21,30,21,43,22,10,0,0,0,1,1
36,360297,2,2,0,0,0,6,6,27,5030,21,5,2011,7,14,30,0,6,5,MILL ST,,0,41.70507500,-73.926705560,0,12,7,0,1,1,1,0,1,1,0,1,0,0000000,99,99,99,99,99,99,0,0,0,1,0
36,360298,1,1,0,0,0,2,2,59,4090,10,6,2011,6,1,28,1,2,3,SR-908G,,0,40.78054167,-73.629791670,0,59,0,0,1,1,4,0,3,10,0,10,0,0000000,1,28,1,37,99,99,0,0,0,1,1
36,360299,2,2,0,0,0,2,2,103,5870,5,6,2011,1,12,8,1,13,4,CR-48,ALBERTSON LN,0,41.09342222,-72.402819440,0,12,6,0,2,3,1,0,1,1,0,1,0,0000000,12,13,12,17,12,30,0,0,0,1,1
36,360300,1,1,0,0,0,2,2,67,1166,26,5,2011,5,16,7,1,11,1,I-481,,0,43.00690556,-76.131391670,0,5,0,1,5,1,1,0,1,10,0,10,0,0000000,16,7,16,13,16,40,0,0,0,1,0
36,360301,1,1,0,1,1,2,2,29,750,9,6,2011,5,22,46,0,15,5,NORTHLAND AVE,CAMBRIDGE AVE,0,42.91884722,-78.822666670,0,8,0,0,3,2,1,0,2,1,0,1,0,0000000,22,48,22,57,23,5,0,0,0,1,0
36,360302,1,1,0,1,1,1,1,71,4060,10,6,2011,6,13,42,0,16,5,PARK PL,,0,41.51716667,-74.009808330,0,8,0,0,1,1,1,0,1,1,0,1,0,0000000,13,42,13,48,14,6,0,0,0,1,0
36,360303,1,1,0,0,0,2,2,29,5892,12,6,2011,1,4,16,0,5,6,BIG TREE RD,,0,42.76616944,-78.517400000,0,5,0,0,1,1,1,0,3,5,0,5,0,0000000,4,16,4,22,88,88,0,0,0,2,1
36,360304,1,1,0,0,0,1,1,37,771,13,6,2011,2,16,7,0,6,5,FREEMAN RD,,0,43.04798889,-78.050994440,0,42,0,0,1,1,4,0,1,1,0,1,0,0000000,16,9,16,21,17,6,0,0,0,1,0
36,360305,1,1,0,0,0,1,1,13,2267,15,6,2011,4,0,48,0,6,5,NOBLES RD,,0,42.25121944,-79.234322220,0,42,0,0,1,1,4,0,2,1,0,1,0,0000000,0,48,1,10,88,88,0,0,0,1,1
36,360306,1,1,0,0,0,1,1,89,5020,18,6,2011,7,1,25,0,6,4,CR-35,,0,44.71621389,-75.070138890,0,24,0,0,1,1,4,0,2,1,0,1,0,0000000,1,25,1,30,88,88,20,0,0,1,1
36,360307,1,1,0,1,1,1,1,29,6090,26,3,2011,7,7,25,1,11,1,I-290,,0,43.00071111,-78.849636110,0,8,0,0,5,1,2,0,1,1,0,1,0,0000000,7,25,7,34,7,55,0,0,0,1,0
36,360308,2,2,0,0,0,2,2,119,6040,8,6,2011,4,21,55,0,6,5,GRASSLANDS RD,TAYLOR RD,0,41.07510556,-73.804580560,0,12,6,0,2,2,1,0,3,1,0,1,0,0000000,22,0,22,6,22,15,0,0,0,1,1
36,360309,1,1,0,0,0,2,2,79,3455,25,6,2011,7,3,22,0,15,5,BALDWIN PLACE RD,,0,41.35281389,-73.762186110,0,35,0,0,1,1,4,0,2,2,0,2,0,0000000,3,21,3,30,88,88,0,0,0,2,1
36,360310,1,1,0,0,0,1,1,73,401,14,6,2011,3,4,8,0,6,5,E LEE RD,,0,43.19913889,-78.135366670,0,30,0,0,1,1,4,0,2,10,0,10,0,0000000,4,8,4,11,88,88,0,0,0,1,0
36,360311,2,2,0,0,0,2,2,87,4063,13,6,2011,2,23,7,0,13,3,SR-303,,0,41.11124722,-73.945658330,0,12,1,0,1,1,1,0,2,10,0,10,0,0000000,23,7,23,9,23,23,0,0,0,1,0
36,360312,1,1,0,0,0,1,1,59,4600,13,5,2011,6,14,36,1,2,3,SR-908G,,0,40.79488611,-73.481797220,0,59,0,1,5,1,8,0,1,10,0,10,0,0000000,99,99,99,99,99,99,0,0,0,1,0
36,360313,1,1,0,0,0,1,1,37,4686,18,6,2011,7,18,23,0,6,5,LINWOOD RD,,0,42.94095556,-77.949283330,0,30,0,0,1,1,4,0,1,1,0,1,0,0000000,18,25,18,36,19,49,0,0,0,1,0
36,360314,2,2,0,0,0,3,3,65,6220,24,4,2011,1,19,13,0,16,6,SOUTH ST,WEBSTER AVE,0,43.08976667,-75.213113890,0,12,6,0,2,2,1,0,1,1,0,1,0,0000000,19,13,19,17,19,35,0,0,0,1,2
36,360315,2,2,0,0,0,3,3,59,4090,9,5,2011,2,9,8,1,2,3,SR-25A,,0,40.78635833,-73.705644440,0,12,6,0,4,1,1,0,1,1,0,1,0,0000000,99,99,99,99,99,99,0,0,0,1,0
36,360316,1,1,0,0,0,1,1,81,4170,14,3,2011,2,7,6,1,1,1,I-495,,0,40.73083611,-73.874902780,0,1,0,0,1,1,1,0,1,1,0,1,0,0000000,99,99,99,99,99,99,0,0,0,1,0
36,360317,1,1,0,1,1,1,1,5,4170,20,3,2011,1,4,45,1,13,6,E FORDHAM RD,,0,40.85915278,-73.886533330,0,8,0,0,1,1,1,0,3,1,0,1,0,0000000,99,99,99,99,99,99,0,0,0,1,1
36,360318,1,1,0,1,1,1,1,47,4170,31,3,2011,5,7,30,1,13,6,COLUMBIA ST,SUMMIT ST,0,40.68237778,-74.003969440,0,8,0,0,3,2,1,0,1,10,0,10,0,0000000,99,99,99,99,99,99,0,0,0,1,0
36,360320,1,1,0,0,0,2,2,81,4170,6,4,2011,4,4,5,0,16,6,QUEENS PLAZA SOUTH,CRESCENT ST,0,40.75062500,-73.940702780,0,33,0,0,3,7,5,0,3,1,0,1,0,0000000,99,99,4,12,99,99,0,0,0,1,0
36,360321,1,1,0,1,1,2,2,81,4170,28,3,2011,2,4,6,0,13,6,QUEENSBORO BRIDGE,QUEENS PLZ SOUTH,0,40.75069722,-73.940711110,0,24,0,0,5,1,4,0,3,1,0,1,0,0000000,99,99,99,99,99,99,0,0,0,1,0
36,360322,1,1,0,0,0,5,5,103,2840,2,4,2011,7,3,30,0,16,6,SWEET HOLLOW RD,,0,40.81540556,-73.427086110,0,42,0,0,1,1,4,0,3,1,0,1,0,0000000,3,35,99,99,99,99,0,0,0,1,1
36,360323,2,2,0,0,0,3,3,5,4170,28,3,2011,2,23,23,1,11,1,I-278,,0,40.80550833,-73.910313890,0,12,1,0,1,1,1,0,3,1,0,1,0,0000000,23,23,23,32,23,45,0,0,0,1,0
36,360324,2,2,0,0,0,2,2,117,4492,28,5,2011,7,9,33,1,2,3,SR-104,,0,43.22531667,-77.361175000,0,12,6,0,1,1,1,0,1,10,0,10,0,0000000,9,35,9,43,10,11,0,0,0,1,0
36,360325,2,2,0,0,0,4,4,103,2920,13,4,2011,4,14,55,0,16,6,LAKELAND AVE,EASTOVER RD,0,40.75618889,-73.095038890,0,12,6,0,2,3,1,0,1,2,0,2,0,0000000,14,55,99,99,99,99,0,0,0,1,0
36,360326,2,2,0,0,0,15,15,85,4170,9,3,2011,4,12,7,0,13,6,RICHMOND RD,BURGHER AVE,0,40.59546111,-74.097161110,0,12,6,0,2,3,1,0,1,10,0,10,0,0000000,99,99,99,99,99,99,0,0,0,1,0
36,360327,1,1,0,0,0,2,2,103,2920,10,4,2011,1,3,30,0,15,5,LOWELL AVE,DAWN CRESCENT,0,40.77496944,-73.188022220,0,38,0,0,2,2,4,0,3,1,0,1,0,0000000,99,99,99,99,99,99,0,0,0,1,1
36,360328,1,1,0,0,0,3,3,5,4170,16,4,2011,7,3,13,0,16,6,BRUCKNER BLVD,,0,40.82891111,-73.840330560,0,1,0,0,1,1,3,0,3,1,0,1,0,0000000,3,14,3,20,3,42,0,0,0,1,0
36,360329,2,2,0,0,0,2,2,103,705,25,4,2011,2,12,4,0,16,6,HORSEBLOCK RD,OLD DOCK RD,0,40.80696389,-72.944202780,0,12,6,0,1,1,1,0,1,1,0,1,0,0000000,12,9,12,18,99,99,0,0,0,1,0
36,360330,2,2,0,0,0,5,5,103,1650,17,4,2011,1,15,10,0,5,4,FLAMINGO AVE,CULLODEN PL,0,41.06692778,-71.946822220,0,12,7,0,2,3,1,0,1,1,0,1,0,0000000,99,99,99,99,99,99,0,0,0,1,0
36,360331,2,2,0,0,0,2,2,27,5110,12,5,2011,5,10,30,0,6,5,GUSKI RD,W KERLEY CORNERS RD,0,42.05210556,-73.876972220,0,12,6,0,2,3,1,0,1,1,0,1,0,0000000,10,32,10,36,11,41,0,0,0,1,0
36,360332,2,2,0,0,0,4,4,115,2517,29,5,2011,1,13,59,1,2,3,SR-4,GOLF COURSE RD,0,43.58573333,-73.298136110,0,12,2,0,2,3,1,0,1,10,0,10,0,0000000,13,29,13,33,99,99,0,0,0,1,0
36,360333,3,2,1,1,1,3,3,47,4170,28,4,2011,5,15,50,0,16,6,E 83RD ST,FOSTER AVE,0,40.64194167,-73.916633330,0,12,6,0,2,2,1,0,1,10,0,10,0,0000000,99,99,99,99,99,99,0,0,0,1,0
36,360334,2,2,0,0,0,2,2,103,705,30,4,2011,7,0,40,0,16,6,HAWKINS AVE,EXPRESSWAY DR N,0,40.81401944,-73.107991670,0,12,6,0,2,2,1,0,3,10,0,10,0,0000000,99,99,99,99,99,99,0,0,0,1,0
36,360335,1,1,0,1,1,2,2,47,4170,5,5,2011,5,18,17,1,13,6,FT HAMILTON PKWY,59TH ST,0,40.63355278,-74.004872220,0,9,0,0,2,2,1,0,1,1,0,1,0,0000000,99,99,99,99,99,99,0,0,0,1,0
36,360336,1,1,0,0,0,1,1,55,2710,9,6,2011,5,0,0,0,6,5,HUFFER RD,,0,43.33318611,-77.773719440,0,42,0,0,1,1,4,0,3,1,0,1,0,0000000,0,1,0,11,88,88,0,0,0,1,1
36,360337,1,1,0,1,1,1,1,61,4170,26,5,2011,5,0,52,0,16,6,12TH AVE,W 49TH ST,0,40.76621944,-73.997316670,0,8,0,0,3,3,1,0,3,1,0,1,0,0000000,99,99,99,99,99,99,0,0,0,1,0
36,360338,1,1,0,0,0,1,1,29,156,7,6,2011,3,22,21,1,11,1,I-290,,0,43.00409444,-78.824680560,0,24,0,0,1,1,3,0,2,1,0,1,0,0000000,22,24,22,29,22,35,0,0,0,1,0
36,360339,2,2,0,0,0,3,3,7,1882,21,6,2011,3,19,57,0,16,6,HOOPER RD,WATSON BLVD,0,42.11097222,-76.017358330,0,12,6,0,2,2,1,0,5,1,0,1,0,0000000,19,58,19,58,20,19,0,0,0,1,1
36,360340,1,1,0,1,1,1,1,55,2898,26,6,2011,1,17,20,0,14,5,PATTONWOOD DR,MARINA DR,0,43.24832222,-77.605994440,0,9,0,0,3,4,1,0,1,10,0,10,0,0000000,17,21,17,26,17,50,0,0,0,1,0
36,360341,2,2,0,0,0,2,2,17,4050,28,5,2011,7,17,43,0,6,5,KELLEY RD,,0,42.70937222,-75.360030560,0,12,6,0,1,1,1,0,1,10,0,10,0,0000000,17,43,18,2,88,88,0,0,0,1,0
36,360342,1,1,0,0,0,1,1,117,3562,26,6,2011,1,10,56,0,6,5,VAN CRUYNINGHAM RD,,0,43.19017500,-77.204683330,0,59,0,0,1,1,4,0,1,10,0,10,0,0000000,10,56,11,6,12,7,0,0,0,1,0
36,360343,1,1,0,0,0,2,2,59,2600,22,6,2011,4,2,35,1,2,3,SR-908M,,0,40.69339167,-73.546758330,0,24,0,0,1,1,3,0,3,1,0,1,0,0000000,2,35,2,38,99,99,0,0,0,1,0
36,360344,3,3,0,0,0,4,4,35,2980,12,6,2011,1,9,12,0,3,3,SR-67,,0,43.00333611,-74.466952780,0,12,6,0,1,1,1,0,1,10,0,10,0,0000000,9,14,9,25,11,31,0,0,0,1,0
36,360345,1,1,0,1,1,1,1,55,5230,12,3,2011,7,22,50,0,16,6,E MAIN ST,ALEXANDER ST,0,43.16040556,-77.591683330,0,8,0,0,3,2,1,0,3,1,0,1,0,0000000,99,99,99,99,99,99,0,0,0,1,0
36,360346,1,1,0,1,1,1,1,119,5893,17,6,2011,6,21,53,1,13,3,SR-35,,0,41.26600833,-73.539175000,0,9,0,0,1,1,1,0,2,5,0,5,0,0000000,21,48,21,51,22,21,0,0,0,1,0
36,360347,2,2,0,0,0,2,2,89,3900,14,6,2011,3,6,19,0,3,3,SR-37,,0,44.48891389,-75.672094440,0,12,2,0,1,1,1,0,1,10,0,10,0,0000000,6,24,6,27,7,0,0,0,0,1,1
36,360348,1,1,0,0,0,1,1,95,6009,25,6,2011,7,21,16,0,6,5,PHILLIPS MEIN RD,,0,42.60524444,-74.582919440,0,42,0,0,1,1,4,0,2,1,0,1,0,0000000,21,20,21,30,88,88,0,0,0,1,1
36,360349,1,1,0,1,1,1,1,61,4170,7,5,2011,7,21,57,0,16,6,W 47TH ST,9TH AVE,0,40.76159722,-73.990316670,0,8,0,0,3,2,1,0,3,1,0,1,0,0000000,99,99,99,99,99,99,0,0,0,1,1
36,360350,1,1,0,0,0,1,1,71,4130,26,6,2011,1,8,0,1,13,3,SR-207,,0,41.46652778,-74.183827780,0,53,0,0,1,1,4,0,1,10,0,10,0,0000000,8,20,8,30,9,20,0,0,0,1,0
36,360351,1,1,0,1,1,1,1,1,2286,26,6,2011,1,4,24,1,1,1,I-87,,0,42.64305833,-73.802686110,0,8,0,0,1,1,1,0,2,10,0,10,0,0000000,4,57,5,9,99,98,0,0,0,1,0
36,360352,1,1,0,1,1,1,1,69,830,27,6,2011,2,16,34,0,6,5,CANADAIGUA FARMINGTN,STABLEGATE DR,0,42.94418333,-77.343075000,0,9,0,0,2,2,1,0,1,10,0,10,0,0000000,17,0,17,25,88,88,0,0,0,1,0
36,360353,1,1,0,1,1,4,4,103,5810,24,4,2011,1,21,14,0,16,5,FLANDERS RD,EVERGREEN RD,0,40.90956667,-72.637013890,0,8,0,0,3,3,1,0,2,2,0,2,0,0000000,99,99,99,99,99,99,0,0,0,1,0
36,360354,2,2,0,0,0,2,2,15,6530,12,6,2011,1,11,13,0,6,5,LOWER MAPLE AVE,,0,42.04276667,-76.764019440,0,12,2,0,1,1,1,0,1,10,0,10,0,0000000,11,13,11,20,99,99,0,0,0,2,0
36,360355,3,3,0,0,0,4,4,59,4600,21,6,2011,3,12,35,1,13,3,SR-25,,0,40.81388333,-73.479972220,0,12,7,0,1,1,1,0,1,1,0,1,0,0000000,12,35,12,37,12,55,0,0,0,1,0
36,360356,2,1,1,0,0,1,1,103,360,8,4,2011,6,23,59,1,2,3,SR-109,,0,40.70989167,-73.359422220,0,14,0,0,1,1,7,0,3,1,0,1,0,0000000,23,59,0,2,88,88,0,0,0,1,1
36,360357,2,2,0,0,0,2,2,103,620,26,4,2011,3,7,50,0,3,4,CROOKED HILL RD,,0,99.99990000,999.999900000,0,12,8,0,1,1,1,0,1,1,0,1,0,0000000,99,99,7,57,88,88,0,0,0,1,0
36,360358,4,2,2,0,0,3,3,59,2160,18,6,2011,7,3,9,0,16,6,PINE ST,GUY LOMBARDO AVE,0,40.65541944,-73.584958330,0,12,6,0,2,2,1,0,3,1,0,1,0,0000000,3,13,3,15,99,99,20,0,0,1,2
36,360359,1,1,0,0,0,1,1,67,6010,31,3,2011,5,16,32,1,1,1,I-81,,0,43.06640000,-76.164102780,0,52,0,0,1,1,4,0,1,10,0,10,0,0000000,16,33,16,41,16,53,0,0,0,1,0
36,360360,1,1,0,1,1,1,1,47,4170,27,5,2011,6,15,0,0,16,6,GRAVESEND NECK RD,,0,40.59518611,-73.954233330,0,8,0,0,1,1,1,0,1,1,0,1,0,0000000,99,99,99,99,99,99,0,0,0,1,0
36,360361,1,1,0,0,0,2,2,59,2600,16,5,2011,2,13,6,1,13,3,SR-908E,,0,40.65305000,-73.566844440,0,42,0,0,5,1,4,0,1,10,0,10,0,0000000,14,32,14,55,15,20,0,0,0,1,0
36,360362,1,1,0,1,1,1,1,47,4170,4,6,2011,7,18,20,0,16,6,62ND ST,21ST AVE,0,40.61691389,-73.981863890,0,9,0,0,2,2,1,0,1,98,0,98,0,0000000,99,99,99,99,99,99,0,0,0,1,0
36,360363,1,1,0,1,1,1,1,47,4170,7,6,2011,3,1,56,0,13,6,OCEAN PARKWAY,BEVERLY RD,0,40.64329167,-73.974094440,0,8,0,0,2,2,1,0,3,1,0,1,0,0000000,99,99,99,99,99,99,0,0,0,1,0
36,360364,2,2,0,0,0,2,2,7,3064,15,6,2011,4,12,18,1,1,1,I-81,,0,99.99990000,999.999900000,0,12,1,1,17,1,1,0,1,10,0,10,0,0000000,12,19,12,24,88,88,0,0,0,1,1
36,360365,1,1,0,1,1,1,1,59,2600,15,6,2011,4,23,58,0,13,3,SR-24,,0,40.70506944,-73.650744440,0,8,0,0,1,1,1,0,3,1,0,1,0,0000000,0,0,0,3,0,19,0,0,0,1,0
36,360366,1,1,0,0,0,1,1,65,800,17,6,2011,6,2,20,0,6,5,RIVER RD,,0,43.34500556,-75.746463890,0,1,0,0,1,1,1,0,3,1,0,1,0,0000000,2,24,2,30,2,58,0,0,0,1,1
36,360367,2,2,0,0,0,2,2,67,5800,15,6,2011,4,11,25,0,16,6,STATE FAIR BLVD,,0,43.07123333,-76.205522220,0,12,2,0,1,1,1,0,1,1,0,1,0,0000000,11,25,11,28,12,2,0,0,0,1,0
36,360368,1,1,0,1,1,1,1,81,4170,17,5,2011,3,0,41,1,2,3,SR-907A,,0,40.76303611,-73.757633330,0,8,0,0,1,1,1,1,3,2,0,2,0,0000000,99,99,99,99,99,99,0,0,0,1,0
36,360369,1,1,0,1,1,1,1,5,4170,19,6,2011,1,20,30,0,14,6,CRUGER AVE,ALLERTON AVE,0,40.86533056,-73.866363890,0,8,0,0,3,1,1,0,3,1,0,1,0,0000000,99,99,99,99,99,99,0,0,0,1,0
36,360370,3,1,2,0,0,2,2,85,4170,20,6,2011,2,17,45,0,16,6,FRANKLIN AVE,FILLMORE ST,0,40.64408333,-74.092419440,0,14,0,0,3,3,7,0,1,1,0,1,0,0000000,17,46,17,50,18,9,0,0,0,1,0
36,360371,2,2,0,0,0,3,3,29,156,7,6,2011,3,22,21,1,11,1,I-290,,0,43.00407500,-78.824636110,0,1,0,0,1,1,1,0,2,1,0,1,0,0000000,22,24,22,29,99,99,0,0,0,1,0
36,360372,1,1,0,1,1,1,1,59,2600,20,6,2011,2,1,30,0,13,5,BABYLON TURNPIKE,,0,40.66447778,-73.564816670,0,8,0,0,1,1,1,0,3,1,0,1,0,0000000,1,35,1,35,1,47,0,0,0,1,0
36,360373,1,1,0,0,0,2,2,57,2110,21,6,2011,3,16,42,1,1,1,I-90,,2030,99.99990000,999.999900000,0,18,0,0,1,1,1,0,1,1,0,1,0,0000000,16,42,16,58,99,99,0,0,0,1,0
36,360374,2,2,0,0,0,3,3,113,3105,8,6,2011,4,9,34,0,2,3,SR-9N,,0,43.36697778,-73.796841670,0,54,11,0,1,1,1,0,1,1,0,1,0,0000000,9,34,9,44,88,88,14,0,0,2,0
36,360375,1,1,0,1,1,1,1,35,3630,21,6,2011,3,21,2,0,3,3,SR-30,2ND AVE,0,43.10197778,-74.275033330,0,8,0,0,2,2,3,0,3,1,0,1,0,0000000,21,2,21,3,21,25,0,0,0,1,0
36,360376,1,1,0,0,0,1,1,81,4170,8,6,2011,4,17,50,1,2,3,SR-907A,,0,99.99990000,999.999900000,0,25,0,0,1,1,4,0,1,1,0,1,0,0000000,99,99,99,99,99,99,0,0,0,1,0
36,360377,1,1,0,0,0,1,1,15,535,26,6,2011,1,14,46,0,16,5,BRIDGE ST,DANIEL ZENKER DR,0,42.14276111,-76.942383330,0,24,0,0,3,1,4,0,1,10,0,10,0,0000000,14,46,14,49,15,35,0,0,0,1,0
36,360378,1,1,0,1,1,1,1,61,4170,27,6,2011,2,17,31,1,13,6,CANAL ST,W BROADWAY,0,40.72136944,-74.004633330,0,9,0,0,2,2,1,0,1,1,0,1,0,0000000,99,99,99,99,99,99,0,0,0,1,0
36,360379,1,1,0,1,1,1,1,81,4170,28,6,2011,3,19,45,0,16,6,104TH AVE,168TH PL,0,40.70186667,-73.789416670,0,8,0,0,2,3,1,0,1,1,0,1,0,0000000,99,99,99,99,99,99,0,0,0,1,1
36,360380,1,1,0,0,0,1,1,121,6400,29,6,2011,4,7,14,0,5,5,WETHERSFIELD RD,,0,42.68450278,-78.287825000,0,42,0,0,1,1,4,0,1,10,0,10,0,0000000,7,14,7,21,7,48,0,0,0,1,0
36,360381,1,1,0,1,1,1,1,117,4030,28,3,2011,2,20,19,0,16,6,E UNION ST,EAST AVE,0,43.04673611,-77.092525000,0,8,0,0,3,2,1,0,3,1,0,1,0,0000000,20,19,20,19,20,35,0,0,0,1,0
36,360382,1,1,0,0,0,2,2,115,790,30,6,2011,5,20,55,0,4,3,SR-313,,0,43.08547778,-73.307358330,0,11,0,0,1,1,1,0,1,1,0,1,0,0000000,20,55,21,7,99,99,0,0,0,2,0
36,360383,3,3,0,0,0,4,4,59,3360,21,6,2011,3,16,26,0,16,6,E PARK AVE,MAPLE BLVD,0,40.58883333,-73.638161110,0,30,0,0,3,2,3,0,1,1,0,1,0,0000000,16,26,16,26,16,45,0,0,0,1,0
36,360384,4,2,2,0,0,2,2,25,1454,22,6,2011,4,18,0,1,2,3,SR-23,,0,42.44420278,-75.010163890,0,12,6,0,4,1,1,0,1,10,0,10,0,0000000,18,3,18,8,18,38,0,0,0,1,0
36,360385,1,1,0,0,0,2,2,105,3230,21,3,2011,2,1,30,0,6,5,AHRENS RD,,0,41.82740833,-74.723316670,0,42,0,0,1,1,4,0,2,10,0,10,0,0000000,1,54,1,59,2,15,0,0,0,1,0
36,360386,2,2,0,0,0,3,3,79,630,22,6,2011,4,11,15,1,1,1,I-84,,0,99.99990000,999.999900000,0,12,1,0,1,1,1,0,1,2,0,2,0,0000000,11,12,11,16,11,56,0,0,0,1,0
36,360387,1,1,0,1,1,1,1,103,360,4,5,2011,4,20,56,1,13,3,SR-27,,0,40.69475278,-73.390925000,0,8,0,0,1,1,1,0,2,1,0,1,0,0000000,20,56,20,59,88,88,0,0,0,1,0
36,360388,2,2,0,0,0,4,4,59,2600,30,4,2011,7,4,56,1,13,3,SR-908T,,0,99.99990000,999.999900000,0,12,7,0,1,1,1,0,3,10,0,10,0,0000000,5,1,5,8,99,99,0,0,0,2,1
36,360389,2,2,0,0,0,2,2,103,705,6,5,2011,6,19,9,0,13,5,EXPRESS DR N,,0,40.82414444,-72.993313890,0,12,6,0,4,1,1,0,1,10,0,10,0,0000000,99,99,99,99,88,88,0,0,0,1,0
36,360390,2,2,0,0,0,2,2,103,5870,24,6,2011,6,12,15,0,16,6,MIDDLE RD,WICKHAM AVE,0,41.00958056,-72.520369440,0,12,2,0,2,2,1,0,1,10,0,10,0,0000000,12,16,12,19,12,37,0,0,0,1,0
36,360391,1,1,0,1,1,1,1,47,4170,11,5,2011,4,8,5,0,14,6,REMSEN AVE,AVE J,0,40.63858333,-73.904116670,0,8,0,0,2,2,1,0,1,1,0,1,0,0000000,99,99,99,99,99,99,0,0,0,1,0
36,360392,2,2,0,0,0,4,4,59,4600,11,6,2011,7,13,51,1,13,3,SR-25,S OYSTER BAY RD,0,40.81024722,-73.501780560,0,12,2,0,2,2,1,0,1,2,0,2,0,0000000,99,99,99,99,99,99,0,0,0,1,0
36,360393,2,2,0,0,0,3,3,37,410,27,6,2011,2,11,41,1,13,3,SR-63,,0,99.99990000,999.999900000,0,12,2,0,1,1,1,0,1,10,0,10,0,0000000,11,41,11,46,99,99,0,0,0,1,0
36,360394,2,2,0,2,2,4,4,119,4120,13,6,2011,2,9,59,0,13,5,NORTH AVE,HUGUENOT ST,0,40.91163056,-73.782247220,0,12,2,0,2,2,1,0,1,1,0,1,0,0000000,99,99,99,99,99,99,0,0,0,1,0
36,360395,2,2,0,0,0,3,3,91,3462,25,6,2011,7,21,19,1,2,3,SR-9,BAYBERRY DR,0,42.97938056,-73.787688890,0,12,2,0,3,1,1,0,2,10,0,10,0,0000000,21,21,21,24,22,35,0,0,0,1,0
36,360396,2,1,1,0,0,2,2,103,5810,26,6,2011,1,23,13,0,16,5,LEWIS RD,,0,40.84155833,-72.582055560,0,14,0,0,1,1,4,0,2,10,0,10,0,0000000,23,16,23,22,0,11,0,0,0,1,0
36,360397,3,2,1,0,0,2,2,79,4682,29,6,2011,4,17,50,1,2,3,SR-22,SR-164,0,41.47361111,-73.580633330,0,12,6,0,2,3,1,0,1,1,0,1,0,0000000,17,50,17,56,18,25,0,0,0,1,1
36,360398,1,1,0,2,2,2,2,61,4170,30,6,2011,5,17,6,1,13,6,AMSTERDAM AVE,W 98TH ST,0,40.79533056,-73.969436110,0,8,0,0,3,1,1,0,1,1,0,1,0,0000000,99,99,99,99,99,99,0,0,0,1,0
36,360399,2,2,0,0,0,4,4,59,2600,27,6,2011,2,6,48,0,16,6,MERRICK AVE,AIR BASE RD,0,99.99990000,999.999900000,0,12,99,0,2,9,1,0,1,1,0,1,0,0000000,6,50,6,55,7,3,0,0,0,1,0
36,360400,1,1,0,0,0,2,2,65,6275,19,6,2011,1,14,50,0,3,5,STONEY CREEK RD,,0,43.20562778,-75.548316670,0,18,0,0,1,1,1,1,1,1,0,1,0,0000000,16,27,16,32,16,55,0,0,0,2,0
36,360401,2,2,0,0,0,5,5,31,5575,30,6,2011,5,10,44,1,1,1,I-87,,890,43.87874444,-73.751536110,0,12,6,0,1,1,1,0,1,1,0,1,0,0000000,10,44,11,7,12,45,0,0,0,2,0
36,360402,2,2,0,0,0,5,5,103,2920,27,6,2011,2,13,28,0,13,6,SUNRISE HWY N SVC RD,LINCOLN AVE,0,40.76518611,-73.082855560,0,12,6,0,2,2,1,0,1,1,0,1,0,0000000,13,28,13,40,99,99,20,0,0,1,0
36,360403,2,2,0,0,0,4,4,11,3839,30,6,2011,5,20,14,1,1,1,I-90,,3100,99.99990000,999.999900000,0,12,7,0,1,1,1,0,1,1,0,1,0,0000000,20,14,20,26,21,26,0,0,0,1,0
36,360404,1,1,0,0,0,1,1,55,680,18,6,2011,7,2,13,0,16,6,PARK AVE,,0,43.21118611,-77.937494440,0,42,0,0,1,1,4,0,3,1,0,1,0,0000000,99,99,99,99,99,99,0,0,0,1,1
36,360405,1,1,0,1,1,2,2,81,4170,13,4,2011,4,18,20,0,16,6,145TH AVE,243RD ST,0,40.65970833,-73.739841670,0,8,0,0,3,2,1,0,1,1,0,1,0,0000000,99,99,99,99,99,99,0,0,0,1,0