STATE,ST_CASE,VE_TOTAL,VE_FORMS,PVH_INVL,PEDS,PERNOTMVIT,PERMVIT,PERSONS,COUNTY,CITY,DAY,MONTH,YEAR,DAY_WEEK,HOUR,MINUTE,NHS,ROAD_FNC,ROUTE,TWAY_ID,TWAY_ID2,MILEPT,LATITUDE,LONGITUD,SP_JUR,HARM_EV,MAN_COLL,RELJCT1,RELJCT2,TYP_INT,REL_ROAD,WRK_ZONE,LGT_COND,WEATHER1,WEATHER2,WEATHER,SCH_BUS,RAIL,NOT_HOUR,NOT_MIN,ARR_HOUR,ARR_MIN,HOSP_HR,HOSP_MN,CF1,CF2,CF3,FATALS,DRUNK_DR
36,360406,2,2,0,2,2,4,4,93,5550,23,6,2011,5,12,43,0,16,6,ALBANY ST,HULETT ST,0,42.80688333,-73.936211110,0,12,6,0,2,2,1,0,1,10,0,10,0,0000000,12,43,12,52,13,0,0,0,0,1,0
36,360407,4,2,2,0,0,2,2,119,6820,30,6,2011,5,15,18,0,14,5,ROBERTS AVE,NEPPERHAN AVE,0,40.95622222,-73.874875000,0,12,8,0,3,2,1,0,1,1,0,1,0,0000000,15,18,15,25,15,45,0,0,0,1,0
36,360408,2,2,0,0,0,2,2,91,1087,24,6,2011,6,13,15,0,3,3,SR-67,JOCKEY ST,0,42.97399722,-73.976419440,0,12,6,0,2,2,1,0,1,10,0,10,0,0000000,13,18,13,28,13,44,0,0,0,1,0
36,360409,1,1,0,0,0,1,1,81,4170,9,5,2011,2,20,0,1,12,1,I-907M,,0,40.76903611,-73.910566670,0,35,0,0,1,1,4,0,1,1,0,1,0,0000000,99,99,99,99,88,88,0,0,0,1,1
36,360410,1,1,0,1,1,1,1,81,4170,7,3,2011,2,14,49,0,16,6,30TH AVE,33RD ST,0,40.76611389,-73.919808330,0,8,0,0,2,7,1,0,1,1,0,1,0,0000000,99,99,99,99,99,99,0,0,0,1,0
36,360411,1,1,0,0,0,1,1,105,783,14,5,2011,7,20,30,0,16,6,HEMMER RD,SR-52,0,41.79870278,-74.896544440,0,43,0,0,3,3,4,0,2,2,10,2,0,0000000,20,30,20,45,88,88,0,0,0,1,0
36,360412,1,1,0,0,0,4,4,47,4170,9,4,2011,7,5,0,1,13,3,SR-907C,,0,40.59896944,-73.905002780,0,24,0,0,1,1,4,0,3,10,0,10,0,0000000,99,99,99,99,99,99,0,0,0,1,1
36,360413,1,1,0,1,1,1,1,47,4170,8,2,2011,3,6,55,1,13,6,HAMILTON AVE,,0,40.67256944,-73.998900000,0,8,0,0,1,1,1,0,1,10,0,10,0,0000000,99,99,99,99,99,99,0,0,0,1,0
36,360414,1,1,0,1,1,1,1,47,4170,12,5,2011,5,17,40,0,16,6,HEYWARD ST,,0,40.70468889,-73.950202780,0,15,0,0,4,1,1,0,1,1,0,1,0,0000000,99,99,99,99,88,88,0,0,0,1,0
36,360415,1,1,0,1,1,1,1,81,4170,20,5,2011,6,8,32,0,13,6,ROOSEVELT AVE,61ST ST,0,40.74986944,-73.862700000,0,8,0,0,3,2,1,0,1,1,0,1,0,0000000,99,99,99,99,99,99,0,0,0,1,1
36,360416,1,1,0,1,1,1,1,85,4170,28,6,2011,3,12,14,0,16,6,GOETHALS RD N,SOUTH AVE,0,40.62155556,-74.168452780,0,8,0,0,3,2,1,0,1,1,0,1,0,0000000,99,99,99,99,99,99,0,0,0,1,0
36,360417,1,1,0,0,0,1,1,21,175,1,7,2011,6,16,40,0,3,3,SR-82,CHASE RD,0,41.97876111,-73.614363890,0,1,0,0,3,3,1,0,1,1,0,1,0,0000000,16,40,16,57,88,88,0,0,0,1,0
36,360418,1,1,0,0,0,1,1,59,4600,1,7,2011,6,5,10,1,2,3,SR-27,,0,40.67698611,-73.462283330,0,30,0,0,1,1,4,0,1,1,0,1,0,0000000,99,99,99,99,88,88,0,0,0,1,0
36,360419,1,1,0,0,0,1,1,115,2070,2,7,2011,7,2,45,0,6,5,DEWEYS BRIDGE RD,,0,43.43114722,-73.415955560,0,42,0,0,1,1,4,0,2,1,0,1,0,0000000,2,47,2,53,4,34,0,0,0,1,1
36,360420,2,2,0,0,0,3,3,79,630,1,7,2011,6,17,5,0,3,4,JOHN SIMPSON RD,,0,41.41920278,-73.646747220,0,12,6,0,1,1,1,0,1,1,0,1,0,0000000,17,5,17,33,18,0,0,0,0,1,0
36,360421,1,1,0,0,0,1,1,33,3825,2,7,2011,7,16,45,1,2,3,SR-11,,0,44.82826944,-74.527752780,0,42,0,0,1,1,5,0,1,1,0,1,0,0000000,16,45,16,54,88,88,0,0,0,1,0
36,360422,1,1,0,0,0,1,1,67,4491,2,7,2011,7,13,25,1,2,2,US-11,,0,42.94081111,-76.134611110,0,5,0,0,1,1,1,0,1,1,0,1,0,0000000,13,33,13,39,14,2,0,0,0,1,0
36,360423,2,2,0,0,0,2,2,111,3560,2,7,2011,7,11,22,1,2,2,US-9W,HILLSIDE DR,0,41.62873889,-73.963430560,0,12,8,0,3,3,1,0,1,1,0,1,0,0000000,11,23,11,24,12,30,0,0,0,1,0
36,360424,2,1,1,1,1,1,1,1,50,2,7,2011,7,3,1,0,16,5,2ND AVE,,0,42.63911389,-73.775794440,0,8,0,0,1,1,1,0,3,1,0,1,0,0000000,3,2,3,10,99,99,0,0,0,1,1
36,360425,1,1,0,0,0,2,2,75,1312,4,7,2011,2,15,41,0,6,5,LOWER RD,,0,43.26751111,-76.046741670,0,59,0,0,1,1,4,0,1,1,0,1,0,0000000,15,41,15,47,16,34,0,0,0,1,0
36,360426,1,1,0,2,2,2,2,5,4170,5,7,2011,3,13,0,0,16,6,MACOMBS DAM BRIDGE,,0,40.82944444,-73.928375000,0,8,0,0,1,1,1,0,1,1,0,1,0,0000000,99,99,99,99,99,99,0,0,0,2,0
36,360427,1,1,0,1,1,1,1,61,4170,2,7,2011,7,12,7,0,16,6,W 29TH ST,,0,40.75050833,-73.999236110,0,9,0,0,1,1,1,0,1,1,0,1,0,0000000,99,99,99,99,99,99,0,0,0,1,0
36,360428,1,1,0,0,0,2,2,1,1290,4,7,2011,2,1,8,0,14,5,COLUMBIA ST,,0,42.76658889,-73.741205560,0,5,0,0,1,1,1,0,2,1,0,1,0,0000000,1,8,1,13,1,54,0,0,0,1,0
36,360429,2,2,0,0,0,2,2,63,6730,5,7,2011,3,11,15,0,6,5,W LAKE RD,LINCOLN AVE,0,43.30703611,-78.861022220,0,12,6,0,2,2,1,0,1,1,0,1,0,0000000,11,15,11,38,11,54,0,0,0,1,0
36,360430,2,2,0,0,0,6,6,29,750,4,7,2011,2,3,47,0,13,5,DELAWARE AVE,TUPPER ST,0,42.89398611,-78.875725000,0,12,6,0,2,2,1,0,3,1,0,1,0,0000000,99,99,99,99,99,99,0,0,0,1,2
36,360431,2,2,0,0,0,2,2,59,2600,4,7,2011,2,20,55,1,12,3,SR-135,,0,40.77270000,-73.480769440,0,12,7,0,1,1,1,0,2,10,0,10,0,0000000,99,99,99,99,99,99,0,0,0,1,1
36,360432,1,1,0,0,0,1,1,75,4540,6,7,2011,4,23,10,0,6,4,CR-4,,0,43.42925278,-76.383486110,0,34,0,0,1,1,4,0,2,1,0,1,0,0000000,23,10,23,16,23,49,0,0,0,1,0
36,360433,1,1,0,0,0,2,2,19,546,5,7,2011,3,15,48,0,3,3,SR-3,,0,44.58840000,-73.886841670,0,42,0,0,1,1,4,0,1,1,0,1,0,0000000,15,48,16,0,99,99,0,0,0,1,0
36,360434,1,1,0,0,0,1,1,9,5410,8,7,2011,6,16,15,0,6,5,CENTER RD,OLD RT 17,0,42.15907778,-78.759783330,0,42,0,0,3,3,4,0,1,1,0,1,0,0000000,16,51,16,57,18,20,0,0,0,1,0
36,360435,2,1,1,0,0,1,1,13,2150,7,7,2011,5,0,7,0,16,6,CHURCH ST,CENTER ST,0,42.43975000,-79.333236110,0,43,0,0,3,3,5,0,3,10,0,10,0,0000000,0,7,0,7,88,88,0,0,0,1,1
36,360436,1,1,0,0,0,1,1,55,2898,26,5,2011,5,19,42,1,13,3,SR-590,,0,43.17406389,-77.541350000,0,1,0,0,5,1,4,0,1,2,0,2,0,0000000,99,99,99,99,99,99,0,0,0,1,0
36,360437,2,2,0,0,0,2,2,107,9997,6,7,2011,4,15,44,0,5,5,DAVIS RD,,0,42.34097222,-76.214561110,0,12,2,0,1,1,1,0,1,1,0,1,0,0000000,15,44,16,0,16,48,0,0,0,1,0
36,360438,1,1,0,0,0,1,1,83,2974,9,7,2011,7,20,1,0,6,5,KAUTZ HOLLOW RD,,0,99.99990000,999.999900000,0,34,0,0,1,1,4,0,1,1,0,1,0,0000000,20,6,20,14,21,21,0,0,0,1,0
36,360439,2,2,0,0,0,2,2,59,2600,7,7,2011,5,14,12,0,13,5,PENINSULA BLVD,WOODMERE BLVD,0,40.63785278,-73.717633330,0,12,6,0,2,4,1,0,1,10,0,10,0,0000000,14,12,14,14,14,35,0,0,0,1,0
36,360440,1,1,0,0,0,1,1,81,4170,8,7,2011,6,13,52,0,16,6,BEACH CHANNEL DR,DICKENS ST,0,40.60139167,-73.760916670,0,33,0,0,3,4,4,0,1,1,0,1,0,0000000,99,99,99,99,99,99,0,0,0,1,0
36,360441,2,2,0,0,0,2,2,29,2485,7,7,2011,5,17,59,1,2,3,SR-5,N CREEK RD,0,42.71188333,-78.956811110,0,12,6,0,2,2,1,0,1,10,0,10,0,0000000,17,59,18,6,18,29,0,0,0,1,0
36,360442,1,1,0,0,0,1,1,93,1592,11,7,2011,2,17,18,0,6,5,MCGUIRE SCHOOL RD,,0,42.76846111,-74.206722220,0,53,0,0,1,1,4,0,1,1,0,1,0,0000000,17,23,17,32,18,13,0,0,0,1,0
36,360443,1,1,0,0,0,4,4,75,2344,11,7,2011,2,9,54,0,3,3,SR-48,,0,99.99990000,999.999900000,0,32,0,0,1,1,4,0,1,1,0,1,0,0000000,9,54,9,58,99,99,0,0,0,1,0
36,360444,1,1,0,0,0,4,4,101,420,10,7,2011,1,18,42,1,1,1,I-86,,0,42.26565556,-77.217880560,0,31,0,0,1,1,3,0,1,1,0,1,0,0000000,18,43,18,49,22,32,0,0,0,1,0
36,360445,1,1,0,0,0,1,1,13,5710,12,7,2011,3,6,40,1,2,3,SR-39,,0,42.45795278,-79.096875000,0,42,0,0,1,1,4,0,1,10,0,10,0,0000000,6,42,6,53,88,88,0,0,0,1,0
36,360446,1,1,0,0,0,1,1,17,370,13,7,2011,4,12,45,0,6,4,CR-39,,0,42.29821389,-75.425197220,0,50,0,0,1,1,4,0,1,1,0,1,0,0000000,12,45,12,50,13,25,0,0,0,1,0
36,360447,1,1,0,1,1,1,1,71,581,7,6,2011,3,5,33,0,6,5,CLOVE RD,,0,41.39780833,-74.143058330,0,8,0,0,1,1,1,0,4,1,0,1,0,0000000,5,29,5,37,88,88,0,0,0,1,0
36,360448,2,2,0,0,0,2,2,81,4170,4,6,2011,7,16,44,0,16,6,QUEENS BLVD,65TH PL,0,40.74110833,-73.899513890,0,12,1,0,3,2,1,0,1,1,0,1,0,0000000,99,99,99,99,99,99,0,0,0,1,1
36,360449,1,1,0,1,1,1,1,59,2600,14,7,2011,5,23,20,1,13,3,SR-24,FRANKLIN AVE,0,40.70761111,-73.626938890,0,8,0,0,3,2,1,0,3,1,0,1,0,0000000,23,22,23,22,23,25,0,0,0,1,1
36,360450,1,1,0,0,0,1,1,83,5566,11,7,2011,2,17,0,1,11,1,I-90,,0,42.48198333,-73.679833330,0,21,0,0,1,1,3,0,1,1,0,1,0,0000000,17,18,17,37,18,18,0,0,0,1,0
36,360451,1,1,0,0,0,1,1,91,6731,15,7,2011,6,2,55,0,6,5,DUNCAN RD,SR-50,0,43.15411111,-73.679852780,0,42,0,0,3,3,4,0,2,1,0,1,0,0000000,3,0,3,13,88,88,0,0,0,1,1
36,360452,1,1,0,1,1,1,1,15,1850,13,7,2011,4,14,9,1,2,3,SR-14,CEDAR ST,0,42.05823889,-76.806277780,0,9,0,0,3,2,1,0,1,10,0,10,0,0000000,14,9,14,14,14,25,0,0,0,1,0
36,360453,2,2,0,0,0,2,2,45,6450,15,7,2011,6,19,50,0,16,5,HADCOCK RD,,0,43.96730556,-75.852741670,0,12,6,0,1,1,1,0,1,1,0,1,0,0000000,19,50,20,1,88,88,0,0,0,1,2
36,360454,3,1,2,0,0,2,2,59,4600,15,7,2011,6,14,50,0,16,5,KNICKERBOCKER RD,WEST GATE,0,40.78359722,-73.500680560,0,14,0,0,3,3,7,0,1,1,0,1,0,0000000,99,99,99,99,99,99,0,0,0,1,0
36,360455,2,2,0,0,0,2,2,55,5600,11,7,2011,2,11,20,0,3,5,NORTH RD,WHEATLAND CTR RD,0,43.01958333,-77.816441670,0,12,6,0,2,2,1,0,1,1,0,1,0,0000000,99,99,99,99,99,99,0,0,0,1,0
36,360456,1,1,0,0,0,2,2,59,1020,16,7,2011,7,2,0,0,16,5,W BROADWAY,CLINTON AVE,0,40.62656667,-73.728883330,0,38,0,0,3,2,4,0,3,10,0,10,0,0000000,2,4,2,20,2,28,0,0,0,1,1
36,360457,1,1,0,0,0,3,3,71,1169,17,7,2011,1,16,5,0,4,5,SCOTCHTOWN COLLABAR,,0,41.50852222,-74.339183330,0,52,0,0,1,1,4,0,1,1,0,1,0,0000000,16,9,16,14,99,99,0,0,0,1,1
36,360458,2,2,0,0,0,2,2,59,2600,12,7,2011,3,0,37,0,16,6,GREENWICH ST,MILBURN AVE,0,40.69840556,-73.611850000,0,12,6,0,2,4,1,0,3,1,0,1,0,0000000,99,99,99,99,99,99,0,0,0,1,1
36,360459,1,1,0,0,0,1,1,103,705,15,5,2011,1,19,33,0,3,5,MILL RD,,0,40.87884167,-72.802561110,0,42,0,0,1,1,4,0,1,10,0,10,0,0000000,19,42,99,99,99,99,0,0,0,1,1
36,360460,2,2,0,0,0,5,5,55,2495,5,6,2011,1,16,53,0,6,5,LAKE ROAD WEST FORK,CHURCH RD,0,43.32075278,-77.927827780,0,12,6,0,2,2,1,0,1,1,0,1,0,0000000,99,99,99,99,99,99,0,0,0,1,0
36,360461,2,2,0,0,0,4,4,117,4492,16,7,2011,7,15,37,1,2,3,SR-104,LINCOLN RD,0,43.22595556,-77.346672220,0,12,9,0,3,3,1,0,1,1,0,1,0,0000000,15,55,16,1,17,20,0,0,0,1,0
36,360462,2,2,0,0,0,2,2,55,1930,18,5,2011,4,7,34,0,2,3,SR-96,WOODCLIFF DR,0,43.03950833,-77.458161110,0,12,6,0,2,2,1,0,1,2,0,2,0,0000000,7,36,7,47,8,10,0,0,0,1,0
36,360463,1,1,0,1,1,1,1,103,5769,5,6,2011,1,0,27,1,13,3,SR-454,,0,40.83612222,-73.270344440,0,8,0,0,1,1,1,0,2,1,0,1,0,0000000,99,99,99,99,99,99,0,0,0,1,0
36,360464,2,2,0,0,0,2,2,91,389,25,2,2011,6,13,40,0,2,3,SR-67,HOP CITY RD,0,42.99303333,-73.923675000,0,12,6,0,2,2,1,0,1,4,0,4,0,0000000,99,99,99,99,99,99,0,0,0,1,0
36,360465,1,1,0,0,0,1,1,103,2840,13,6,2011,2,1,45,1,13,3,SR-25A,CARLEY AVE,0,40.87035000,-73.437830560,0,30,0,0,3,4,4,0,3,2,0,2,0,0000000,99,99,99,99,88,88,0,0,0,1,0
36,360466,2,2,0,0,0,2,2,81,4170,15,7,2011,6,6,46,0,16,6,SPRINGFIELD BLVD,136TH AVE,0,40.67796111,-73.754963890,0,12,6,0,2,3,1,0,1,1,0,1,0,0000000,99,99,99,99,99,99,0,0,0,1,0
36,360467,1,1,0,1,1,2,2,103,360,14,6,2011,3,22,25,0,14,5,COMMACK RD,,0,40.77605556,-73.310286110,0,8,0,0,1,1,1,0,2,10,0,10,0,0000000,99,99,99,99,99,99,0,0,0,1,0
36,360468,1,1,0,0,0,2,2,103,2840,20,6,2011,2,11,36,0,16,5,PULASKI RD,,0,40.87437222,-73.340369440,0,42,0,0,1,1,4,0,1,1,0,1,0,0000000,99,99,99,99,99,99,0,0,0,1,0
36,360469,1,1,0,0,0,1,1,71,1431,24,6,2011,6,11,50,0,4,5,GUYMARD TURNPIKE,,0,41.44097778,-74.601438890,0,50,0,0,1,1,4,0,1,10,0,10,0,0000000,12,31,12,40,99,99,0,0,0,1,1
36,360470,1,1,0,0,0,1,1,103,5769,26,6,2011,1,4,15,0,15,5,GIBBS POND RD,PRINCE CHARMING RD,0,40.85108056,-73.145905560,0,38,0,0,3,3,4,0,3,1,0,1,0,0000000,4,27,4,28,88,88,0,0,0,1,1
36,360471,2,2,0,0,0,2,2,103,2840,14,6,2011,3,6,20,0,16,5,PULASKI RD,OSWEGO DR,0,40.86895000,-73.347447220,0,12,6,0,2,4,1,0,1,1,0,1,0,0000000,6,26,6,30,6,50,0,0,0,1,0
36,360472,2,2,0,0,0,2,2,103,1455,14,6,2011,3,2,27,1,13,3,SR-231,LAKE AVE,0,40.75900833,-73.328241670,0,12,6,0,2,2,1,0,3,10,0,10,0,0000000,2,27,2,31,88,88,0,0,0,1,0
36,360473,1,1,0,1,1,2,2,103,2840,24,6,2011,6,0,25,0,16,5,NEW YORK AVE,E 15TH ST,0,40.83936944,-73.412408330,0,8,0,0,2,3,1,0,3,1,0,1,0,0000000,99,99,99,99,88,88,0,0,0,1,0
36,360474,2,2,0,0,0,2,2,103,705,25,6,2011,7,4,45,1,13,3,SR-25,,0,40.86665000,-73.034619440,0,12,1,0,8,1,1,0,3,5,0,5,0,0000000,4,45,4,46,88,88,0,0,0,1,1
36,360475,1,1,0,1,1,1,1,103,705,25,6,2011,7,22,22,1,13,4,CR-46,FLINTLOCK DR,0,40.78617222,-72.863930560,0,9,0,0,2,2,1,0,3,1,0,1,0,0000000,99,99,99,99,99,99,0,0,0,1,0
36,360476,3,3,0,0,0,16,16,123,4740,19,7,2011,3,12,41,0,6,5,PRE-EMPTION RD,LOREE RD,0,42.73342222,-77.016608330,0,12,2,0,3,2,1,0,1,1,0,1,0,0000000,12,40,12,54,99,99,0,0,0,6,1
36,360477,1,1,0,0,0,32,32,101,340,17,7,2011,1,16,16,1,1,1,I-390,,0,42.44597778,-77.471594440,0,35,0,0,1,1,4,0,1,1,0,1,0,0000000,16,16,16,23,22,13,0,0,0,2,0
36,360478,1,1,0,0,0,2,2,107,4580,18,7,2011,2,17,38,1,12,3,SR-17,,0,42.10038056,-76.257563890,0,42,0,0,1,1,4,0,1,1,0,1,0,0000000,99,99,99,99,99,99,0,0,0,1,0
36,360479,1,1,0,1,1,1,1,29,750,19,7,2011,3,22,30,0,14,5,ONTARIO ST,,0,42.94613611,-78.907155560,0,8,0,0,1,1,2,0,2,1,0,1,0,0000000,99,99,99,99,99,99,0,0,0,1,0
36,360480,1,1,0,0,0,3,3,81,4170,17,7,2011,1,10,52,1,13,3,SR-907D,,0,40.66611944,-73.758997220,0,42,0,0,1,1,4,0,1,1,0,1,0,0000000,10,52,10,55,11,20,0,0,0,1,0
36,360481,2,2,0,0,0,4,4,81,4170,22,7,2011,6,23,47,0,16,6,N CONDUIT AVE,225TH ST,0,40.66641111,-73.751752780,0,12,6,0,2,2,1,0,3,1,0,1,0,0000000,99,99,99,99,99,99,0,0,0,1,0
36,360482,1,1,0,0,0,1,1,1,3680,19,7,2011,3,20,17,1,1,1,I-787,,57,99.99990000,999.999900000,0,1,0,0,1,1,1,0,1,1,0,1,0,0000000,20,17,20,25,20,31,0,0,0,1,0
36,360483,2,2,0,0,0,8,8,59,4610,4,7,2011,2,18,1,0,6,5,BERRYHILL RD,,0,99.99990000,999.999900000,0,12,2,0,1,1,1,0,1,1,0,1,0,0000000,18,1,18,4,18,20,0,0,0,1,1
36,360484,1,1,0,0,0,2,2,119,6820,26,6,2011,1,4,52,1,11,1,I-87,,0,99.99990000,999.999900000,0,24,0,0,5,1,4,0,3,10,0,10,0,0000000,4,52,5,0,7,30,0,0,0,2,1
36,360485,1,1,0,1,1,1,1,47,4170,13,6,2011,2,21,13,0,16,6,SURF AVE,W 29TH ST,0,40.57287500,-73.994869440,0,8,0,0,2,2,1,0,3,1,0,1,0,0000000,99,99,99,99,99,99,0,0,0,1,0
36,360486,1,1,0,0,0,3,3,47,4170,25,6,2011,7,6,15,0,16,6,4TH AVE,26TH ST,0,40.65989722,-73.998544440,0,30,0,0,3,2,3,0,1,10,0,10,0,0000000,99,99,99,99,99,99,0,0,0,1,1
36,360487,2,2,0,1,1,3,3,47,4170,16,6,2011,5,15,36,0,16,6,NOSTRAND AVE,AVENUE Y,0,40.59165000,-73.940191670,0,8,0,0,3,2,1,0,1,10,0,10,0,0000000,99,99,99,99,99,99,0,0,0,1,0
36,360488,1,1,0,0,0,3,3,71,1431,19,7,2011,3,15,30,1,1,1,I-84,,0,41.35606389,-74.670947220,0,34,0,0,1,1,3,0,1,1,0,1,0,0000000,15,35,15,45,22,0,0,0,0,1,0
36,360489,2,2,0,0,0,2,2,47,4170,2,7,2011,7,16,30,0,13,6,UTICA AVE,,0,40.62890278,-73.927936110,0,12,6,0,1,1,1,0,1,1,0,1,0,0000000,99,99,99,99,99,99,21,0,0,1,0
36,360490,1,1,0,0,0,1,1,9,5410,13,5,2011,6,0,23,0,14,5,W STATE ST,,0,42.16553333,-78.743691670,0,24,0,0,1,1,4,0,3,10,0,10,0,0000000,0,23,0,28,88,88,0,0,0,1,1
36,360491,1,1,0,0,0,3,3,83,5540,22,7,2011,6,18,44,0,6,5,MAIN ST,,0,42.90267500,-73.586200000,0,53,0,0,1,1,4,0,1,1,0,1,0,0000000,18,46,18,49,22,40,0,0,0,2,1
36,360492,1,1,0,0,0,1,1,55,5230,22,7,2011,6,23,40,0,16,6,ALEXANDER ST,,0,43.14718611,-77.599055560,0,33,0,0,1,1,4,0,3,1,0,1,0,0000000,23,40,23,47,0,6,0,0,0,1,1
36,360493,1,1,0,0,0,1,1,27,3770,21,7,2011,5,23,24,0,6,5,REAGEN RD,,0,41.90317778,-73.517288890,0,34,0,0,1,1,4,0,2,1,0,1,0,0000000,23,24,23,39,99,99,0,0,0,1,0
36,360494,1,1,0,0,0,1,1,59,6550,22,7,2011,6,6,19,0,14,5,OLD COUNTRY RD,TENNYSON AVE,0,40.75044444,-73.574569440,0,30,0,0,3,2,4,0,1,1,0,1,0,0000000,99,99,99,99,99,99,0,0,0,1,0
36,360495,2,2,0,0,0,2,2,99,5630,22,7,2011,6,13,0,1,2,3,SR-5,,0,42.96213889,-76.742677780,0,12,2,0,1,1,1,0,1,1,0,1,0,0000000,13,0,13,10,99,99,0,0,0,1,0
36,360496,2,2,0,0,0,3,3,85,4170,23,7,2011,7,18,45,0,15,6,VETERANS RD W,TYRELLAN AVE,0,40.52769722,-74.230241670,0,12,6,0,2,2,1,0,1,1,0,1,0,0000000,18,45,18,51,19,24,0,0,0,1,0
36,360497,1,1,0,0,0,1,1,59,6200,23,7,2011,7,8,52,1,2,3,SR-25A,,0,40.82654722,-73.584441670,0,42,0,0,1,1,4,0,1,1,0,1,0,0000000,8,52,8,56,88,88,0,0,0,1,0
36,360498,1,1,0,0,0,1,1,105,2053,24,7,2011,1,19,33,0,6,5,COLD SPRING RD,,0,41.58623889,-74.670811110,0,34,0,0,1,1,4,0,1,1,0,1,0,0000000,19,38,19,41,88,88,0,0,0,1,1
36,360499,1,1,0,0,0,6,6,111,4100,24,7,2011,1,11,36,1,1,1,I-87,,777,99.99990000,999.999900000,0,1,0,0,1,1,3,0,1,10,0,10,0,0000000,11,38,11,46,12,29,0,0,0,1,0
36,360500,2,2,0,0,0,3,3,19,1116,24,7,2011,1,10,55,0,5,5,CR-23,RIDGE RD,0,44.88833611,-73.467313890,0,12,6,0,2,2,1,0,1,1,0,1,0,0000000,11,1,11,6,11,38,0,0,0,1,0
36,360501,2,2,0,0,0,3,3,119,4120,24,7,2011,1,4,31,1,1,1,I-95,,64,99.99990000,999.999900000,0,12,2,0,1,1,1,0,3,1,0,1,0,0000000,4,39,4,50,5,30,0,0,0,1,1
36,360502,2,2,0,1,1,4,4,103,5870,24,7,2011,1,23,2,1,2,4,CR-48,,0,41.04561667,-72.466250000,0,8,0,0,1,1,1,0,2,1,0,1,0,0000000,23,2,23,6,88,88,0,0,0,1,0
36,360503,1,1,0,1,1,1,1,81,4170,3,3,2011,5,17,0,0,16,6,135TH AVE,LEFFERTS BLVD,0,40.67055278,-73.820866670,0,8,0,0,2,2,1,0,1,1,0,1,0,0000000,99,99,99,99,99,99,0,0,0,1,0
36,360504,1,1,0,0,0,1,1,51,350,21,7,2011,5,17,58,0,5,5,AVON - EAST AVON RD,,0,42.93418056,-77.720805560,0,53,0,0,1,1,4,0,1,1,0,1,0,0000000,17,58,18,5,18,45,0,0,0,1,0
36,360505,1,1,0,0,0,3,3,71,1169,23,7,2011,7,0,9,0,6,5,BLOOMINGBURG RD,,0,41.50934722,-74.412116670,0,1,0,0,1,1,1,0,2,1,0,1,0,0000000,0,9,0,13,99,99,0,0,0,1,1
36,360506,1,1,0,0,0,2,2,109,3146,11,6,2011,7,1,21,0,3,3,SR-34,,0,99.99990000,999.999900000,0,5,0,0,1,1,1,0,2,10,0,10,0,0000000,1,21,1,25,88,88,0,0,0,1,0
36,360507,2,2,0,2,2,2,2,5,4170,29,4,2011,6,12,5,0,16,6,WALNUT AVE,E 135TH ST,0,40.80105833,-73.910250000,0,12,6,0,2,2,1,0,1,1,0,1,0,0000000,99,99,99,99,99,99,0,0,0,1,0
36,360508,2,1,1,0,0,1,1,103,2920,19,6,2011,1,16,40,0,15,5,PAUCHOGUE AVE,,0,40.72693333,-73.183922220,0,14,0,0,1,1,7,0,1,1,0,1,0,0000000,99,99,99,99,99,99,0,0,0,1,0
36,360509,2,2,0,0,0,2,2,103,5769,1,7,2011,6,9,8,1,2,3,SR-347,S PLAISTED AVE,0,40.83417222,-73.189458330,0,12,6,0,2,2,1,0,1,1,0,1,0,0000000,9,8,9,13,99,99,0,0,0,1,0
36,360510,1,1,0,0,0,1,1,15,1860,25,7,2011,2,16,1,0,6,5,PRESCOTT AVE,,0,42.12766944,-76.819538890,0,33,0,0,1,1,4,0,1,10,0,10,0,0000000,16,1,16,3,99,99,0,0,0,1,0
36,360511,2,2,0,0,0,2,2,27,5031,24,7,2011,1,17,8,1,2,3,SR-55,GARDNER HOLLOW RD,0,41.61659722,-73.676677780,0,12,2,0,2,3,1,0,1,1,0,1,0,0000000,17,10,17,15,17,52,0,0,0,1,0
36,360512,1,1,0,1,1,1,1,103,705,2,7,2011,7,2,5,0,15,5,EXPRESSWAY DR N,,0,40.81546667,-73.093286110,0,9,0,0,1,1,1,0,3,1,0,1,0,0000000,2,5,2,9,99,99,0,0,0,1,0
36,360513,1,1,0,1,1,1,1,103,705,10,6,2011,6,19,15,0,16,5,MADISON ST,ROOSEVELT ST,0,40.94862500,-72.918600000,0,9,0,0,2,3,1,0,1,1,0,1,0,0000000,99,99,99,99,99,99,0,0,0,1,0
36,360514,1,1,0,4,4,3,3,5,4170,21,4,2011,5,14,45,0,16,6,EAST FORDHAM RD,BAINBRIDGE AVE,0,40.86200833,-73.893516670,0,33,0,0,3,3,4,0,1,1,0,1,0,0000000,99,99,99,99,99,99,0,0,0,1,0
36,360515,2,2,0,4,4,2,2,61,4170,2,6,2011,5,12,10,0,14,6,W 145TH ST,7TH AVE,0,40.82161944,-73.939102780,0,12,6,0,2,2,1,0,1,1,0,1,0,0000000,99,99,99,99,99,99,0,0,0,1,0
36,360516,1,1,0,0,0,1,1,103,360,4,7,2011,2,3,50,0,14,5,N WELLWOOD AVE,E JUNE ST,0,40.70830278,-73.389744440,0,33,0,0,3,3,4,0,3,1,0,1,0,0000000,99,99,99,99,99,99,0,0,0,1,1
36,360517,1,1,0,0,0,2,2,103,705,9,7,2011,7,19,55,0,16,5,BOWDOIN RD,N MORNING DR,0,40.88144167,-73.087441670,0,42,0,0,3,3,4,0,5,1,0,1,0,0000000,19,57,20,0,20,30,0,0,0,2,0