STATE,ST_CASE,VE_TOTAL,VE_FORMS,PVH_INVL,PEDS,PERNOTMVIT,PERMVIT,PERSONS,COUNTY,CITY,DAY,MONTH,YEAR,DAY_WEEK,HOUR,MINUTE,NHS,ROAD_FNC,ROUTE,TWAY_ID,TWAY_ID2,MILEPT,LATITUDE,LONGITUD,SP_JUR,HARM_EV,MAN_COLL,RELJCT1,RELJCT2,TYP_INT,REL_ROAD,WRK_ZONE,LGT_COND,WEATHER1,WEATHER2,WEATHER,SCH_BUS,RAIL,NOT_HOUR,NOT_MIN,ARR_HOUR,ARR_MIN,HOSP_HR,HOSP_MN,CF1,CF2,CF3,FATALS,DRUNK_DR
36,360518,1,1,0,1,1,1,1,81,4170,25,6,2011,7,20,22,0,16,6,40TH AVE,12TH ST,0,40.75603889,-73.942822220,0,8,0,0,3,2,1,0,3,1,0,1,0,0000000,99,99,99,99,99,99,0,0,0,1,0
36,360519,2,2,0,1,1,2,2,81,4170,14,7,2011,5,16,49,0,16,6,48TH AVE,45TH ST,0,40.73941389,-73.920413890,0,12,6,0,2,2,1,0,1,1,0,1,0,0000000,99,99,99,99,99,99,0,0,0,1,0
36,360520,1,1,0,1,1,1,1,5,4170,18,7,2011,2,16,50,1,1,1,I-278,,0,40.80495000,-73.911144440,0,9,0,0,1,1,1,0,1,1,0,1,0,0000000,99,99,99,99,99,99,0,0,0,1,0
36,360521,2,2,0,0,0,3,3,103,5270,16,7,2011,7,23,45,0,16,6,SMITHTOWN AVE,,0,40.79316389,-73.111611110,0,12,6,0,1,1,1,0,2,1,0,1,0,0000000,23,48,23,50,99,99,0,0,0,2,1
36,360522,1,1,0,1,1,1,1,103,2920,24,7,2011,1,20,57,0,15,5,NICOLLS RD,,0,40.81190556,-73.052897220,0,8,0,0,1,1,1,0,2,98,0,98,0,0000000,99,99,99,99,99,99,0,0,0,1,0
36,360523,2,2,0,0,0,3,3,119,6825,21,6,2011,3,14,28,0,3,3,SR-100,,0,41.21588611,-73.779716670,0,12,6,0,1,1,1,0,1,1,0,1,0,0000000,99,99,99,99,99,99,0,0,0,1,0
36,360524,1,1,0,1,1,1,1,103,2920,24,7,2011,1,1,48,0,16,5,5TH AVE,,0,40.77179167,-73.260386110,0,8,0,0,1,1,1,0,3,1,0,1,0,0000000,99,99,99,99,88,88,0,0,0,1,0
36,360525,1,1,0,2,2,1,1,103,360,25,7,2011,2,5,55,1,13,3,SR-110,RITTER AVE,0,40.70188611,-73.427088890,0,8,0,0,3,2,1,0,4,1,0,1,0,0000000,5,56,6,3,99,99,0,0,0,1,1
36,360526,2,2,0,0,0,2,2,27,6380,25,7,2011,2,10,7,0,6,5,OLD HOPEWELL RD,,0,41.57367222,-73.870858330,0,12,2,0,1,1,1,0,1,2,0,2,0,0000000,10,9,10,15,11,5,0,0,0,1,0
36,360527,1,1,0,0,0,1,1,55,652,26,7,2011,3,18,2,0,5,5,EAST AVE,,0,43.13152778,-77.532147220,0,33,0,0,1,1,4,0,1,1,0,1,0,0000000,18,2,99,99,99,99,0,0,0,1,1
36,360528,2,2,0,0,0,3,3,71,4828,10,7,2011,1,11,26,0,3,3,SR-302,,0,41.57622222,-74.329033330,0,12,8,0,1,1,1,0,1,1,0,1,0,0000000,11,29,11,38,12,3,0,0,0,1,0
36,360529,2,2,0,0,0,2,2,103,3523,26,7,2011,3,9,23,0,6,6,CHAPMAN BLVD,,0,40.84595556,-72.790388890,0,12,6,0,1,1,1,0,1,1,0,1,0,0000000,99,99,99,99,99,99,0,0,0,1,0
36,360530,1,1,0,1,1,1,1,47,4170,10,7,2011,1,1,50,0,16,6,VANDERBILT AVE,,0,40.68994444,-73.969252780,0,8,0,0,1,1,1,0,3,1,0,1,0,0000000,99,99,99,99,99,99,0,0,0,1,1
36,360531,2,2,0,0,0,2,2,47,4170,11,7,2011,2,20,23,0,13,6,UTICA AVE,WINTHROP ST,0,40.65834167,-73.931163890,0,12,6,0,2,2,1,0,3,1,0,1,0,0000000,99,99,99,99,99,99,0,0,0,1,0
36,360532,1,1,0,1,1,1,1,61,4170,26,7,2011,3,21,15,0,14,6,FORT WASHINGTON AVE,W 176TH ST,0,40.84733611,-73.939833330,0,9,0,0,3,2,1,0,3,2,0,2,0,0000000,99,99,99,99,99,99,0,0,0,1,0
36,360533,1,1,0,0,0,1,1,87,2700,29,7,2011,6,8,7,0,14,3,SR-202,,0,41.14065833,-74.116730560,0,42,0,0,1,1,5,0,1,2,0,2,0,0000000,8,7,8,14,88,88,0,0,0,1,0
36,360534,2,2,0,0,0,2,2,65,6220,26,7,2011,3,11,21,0,15,5,JAMES ST,HOWARD AVE,0,43.08628611,-75.238708330,0,12,1,0,2,2,1,0,1,2,0,2,0,0000000,11,21,11,22,11,29,0,0,0,1,0
36,360535,1,1,0,0,0,1,1,99,1976,29,7,2011,6,17,18,0,4,3,SR-89,,0,99.99990000,999.999900000,0,35,0,0,1,1,4,0,1,10,0,10,0,0000000,17,21,17,22,88,88,0,0,0,1,1
36,360536,1,1,0,1,1,1,1,103,3590,28,7,2011,5,23,59,0,14,5,MASTIC RD,RIVERSIDE AVE,0,40.78580556,-72.846050000,0,8,0,0,3,2,1,0,3,1,0,1,0,0000000,23,59,0,5,88,88,0,0,0,1,0
36,360537,2,2,0,0,0,3,3,71,4060,7,7,2011,5,6,8,1,1,1,I-84,,0,99.99990000,999.999900000,0,12,6,0,1,1,1,0,1,1,0,1,0,0000000,6,8,6,14,7,20,0,0,0,1,0
36,360539,1,1,0,1,1,1,1,69,2260,29,7,2011,6,5,25,1,2,3,SR-5 & 20,E CASTLE ST,0,42.86800556,-76.980172220,0,8,0,0,2,2,1,0,3,1,0,1,0,0000000,99,99,99,99,88,88,0,0,0,1,0
36,360540,2,2,0,0,0,2,2,81,4170,30,7,2011,7,19,10,0,14,6,UNION TPKE,72 RD,0,40.71433056,-73.831022220,0,12,2,0,2,3,1,0,1,1,0,1,0,0000000,19,10,19,19,88,88,0,0,0,1,1
36,360541,1,1,0,0,0,1,1,1,50,30,7,2011,7,13,29,1,11,1,I-787,,0,99.99990000,999.999900000,0,1,0,1,5,1,1,0,1,1,0,1,0,0000000,13,32,13,40,88,88,0,0,0,1,0
36,360542,4,2,2,0,0,3,3,63,2247,27,7,2011,4,23,0,0,6,5,ROCHESTER RD,,0,43.19488333,-78.596491670,0,12,7,0,1,1,1,0,2,1,0,1,0,0000000,99,99,99,99,99,99,0,0,0,1,0
36,360543,1,1,0,1,1,1,1,81,4170,30,7,2011,7,18,38,1,16,6,82ND ST,,0,40.74245000,-73.883088890,0,8,0,0,1,1,1,0,1,1,0,1,0,0000000,99,99,99,99,99,99,0,0,0,1,0
36,360544,2,2,0,0,0,3,3,55,1930,15,7,2011,6,19,24,0,4,6,PITTSFORD PALMYRA RD,SOUTH CROSS RD,0,43.07319722,-77.457369440,0,12,6,0,2,3,1,0,1,1,0,1,0,0000000,19,24,19,29,99,99,0,0,0,1,1
36,360545,2,2,0,0,0,2,2,103,2840,30,7,2011,7,17,33,1,11,1,I-495,,0,40.79003056,-73.369444440,0,12,99,0,1,1,1,0,1,1,0,1,0,0000000,17,41,17,45,88,88,0,0,0,1,0
36,360546,1,1,0,1,1,1,1,117,4492,30,7,2011,7,3,3,0,4,3,SR-350,,0,43.21887500,-77.304611110,0,18,0,0,1,1,1,0,2,10,0,10,0,0000000,3,4,3,22,99,99,0,0,0,1,0
36,360547,1,1,0,0,0,1,1,73,60,30,7,2011,7,13,42,0,3,3,SR-18,,0,43.33241944,-78.115969440,0,34,0,0,1,1,4,0,1,1,0,1,0,0000000,13,43,13,47,14,52,0,0,0,1,0
36,360548,6,6,0,0,0,7,7,55,680,1,7,2011,6,15,25,0,16,5,BROCKPRT SPENCERPORT,WALMART ENTRANCE,0,43.19821667,-77.925361110,0,12,1,0,3,3,1,0,1,1,0,1,0,0000000,99,99,99,99,99,99,14,0,0,2,0
36,360549,1,1,0,0,0,1,1,93,5590,30,7,2011,7,6,35,1,12,3,SR-50,,0,42.85721667,-73.937775000,0,34,0,0,1,1,4,0,1,1,0,1,0,0000000,6,42,6,53,7,21,0,0,0,1,0
36,360550,1,1,0,0,0,5,5,59,4450,31,7,2011,1,15,37,1,1,1,I-495,,0,40.78343333,-73.591200000,0,1,0,0,1,1,1,0,1,1,0,1,0,0000000,15,37,15,42,99,99,0,0,0,1,0
36,360551,1,1,0,1,1,1,1,97,6480,31,7,2011,1,5,31,0,6,5,E 4TH ST,DECATUR ST,0,42.38116667,-76.871513890,0,8,0,0,2,2,1,0,4,1,0,1,0,0000000,5,33,5,39,6,9,0,0,0,1,0
36,360552,3,1,2,1,1,1,1,47,4170,30,7,2011,7,22,20,0,16,6,PACIFIC ST,SARATOGA AVE,0,40.67588611,-73.916616670,0,14,0,0,2,2,2,0,3,1,0,1,0,0000000,99,99,99,99,99,99,0,0,0,2,0
36,360553,4,3,1,0,0,3,3,103,5769,12,7,2011,3,17,44,1,13,3,SR-25,KINGS PARK RD,0,40.84629167,-73.266336110,0,12,6,0,8,1,1,0,1,1,0,1,0,0000000,99,99,99,99,99,99,14,0,0,1,1
36,360554,1,1,0,1,1,1,1,103,360,7,7,2011,5,19,40,1,13,3,SR-27,BAYVIEW AVE,0,40.74301389,-73.193944440,0,9,0,0,3,2,1,0,1,1,0,1,0,0000000,19,41,19,46,20,4,0,0,0,1,0
36,360555,2,2,0,0,0,2,2,103,705,31,7,2011,1,11,35,1,13,3,SR-25,S EVERGREEN DR,0,40.86542500,-73.041272220,0,12,6,0,2,2,1,0,1,1,0,1,0,0000000,99,99,99,99,99,99,0,0,0,1,0
36,360556,1,1,0,0,0,3,3,31,6725,1,8,2011,2,16,18,1,2,3,SR-22,,0,44.38192222,-73.430427780,0,42,0,0,1,1,4,0,1,1,0,1,0,0000000,16,18,16,23,17,12,0,0,0,1,0
36,360557,1,1,0,1,1,1,1,5,4170,2,8,2011,3,5,32,0,15,6,WHITE PLAINS RD,WOOD AVE,0,40.83554167,-73.863133330,0,8,0,0,3,2,1,0,1,1,0,1,0,0000000,99,99,99,99,99,99,0,0,0,1,0
36,360558,2,2,0,0,0,3,3,39,1614,1,8,2011,2,7,53,0,3,3,SR-145,,0,42.34481111,-74.060511110,0,12,6,0,8,1,1,0,1,1,0,1,0,0000000,7,53,8,1,9,28,0,0,0,1,0
36,360559,3,1,2,2,2,1,1,59,1020,3,8,2011,4,21,15,0,15,5,CENTRAL AVE,,0,40.62218611,-73.723058330,0,8,0,0,1,1,1,0,3,2,0,2,0,0000000,21,20,21,24,22,0,23,0,0,1,0
36,360560,3,3,0,0,0,4,4,71,1370,3,8,2011,4,17,16,0,14,3,SR-32,MARCEL CT,0,99.99990000,999.999900000,0,12,8,0,3,3,1,0,1,2,0,2,0,0000000,17,16,17,26,17,51,0,0,0,2,1
36,360561,2,2,0,0,0,2,2,57,170,4,8,2011,5,14,41,1,2,3,SR-5,CRANES HOLLOW RD,0,42.91748333,-74.135130560,0,12,6,0,2,3,1,0,1,10,0,10,0,0000000,14,42,14,45,88,88,0,0,0,1,0
36,360562,1,1,0,0,0,2,2,1,1260,5,8,2011,6,19,20,0,14,5,NEW CORTLAND ST,,0,42.77588056,-73.698225000,0,10,0,0,6,1,1,0,1,1,0,1,0,250279y,19,20,19,21,23,30,0,0,0,1,0
36,360563,1,1,0,0,0,3,3,115,2440,6,8,2011,7,18,36,0,6,4,CR-52,,0,43.12700000,-73.495530560,0,42,0,0,1,1,4,0,1,10,0,10,0,0000000,18,36,18,42,99,99,0,0,0,2,0
36,360564,1,1,0,0,0,1,1,55,5230,6,8,2011,7,18,3,0,3,5,E RIVER RD,,0,43.11259167,-77.626305560,0,35,0,0,1,1,4,0,1,1,0,1,0,0000000,18,3,18,8,88,88,0,0,0,1,1
36,360565,1,1,0,0,0,2,2,29,1117,6,8,2011,7,13,40,0,16,5,SCOTT PL,,0,42.94547500,-78.711880560,0,34,0,0,1,1,4,0,1,1,0,1,0,0000000,13,40,13,46,14,13,0,0,0,1,0
36,360566,2,2,0,0,0,5,5,59,4090,19,4,2011,3,10,20,1,12,3,SR-908G,,0,40.77138611,-73.563422220,0,12,7,0,1,1,1,0,1,2,0,2,0,0000000,10,21,10,21,11,14,0,0,0,1,0
36,360567,1,1,0,1,1,1,1,47,4170,2,8,2011,3,8,45,0,16,6,METROPOLITAN AVE,GARDNER AVE,0,40.71414722,-73.926386110,0,9,0,0,2,2,1,0,1,1,0,1,0,0000000,99,99,99,99,99,99,0,0,0,1,0
36,360568,1,1,0,0,0,1,1,103,360,7,8,2011,1,3,10,1,2,3,SR-908M,,0,40.73208889,-73.347752780,0,42,0,0,1,1,4,0,3,10,0,10,0,0000000,3,12,3,18,88,88,0,0,0,1,1
36,360569,2,2,0,0,0,2,2,67,1179,8,8,2011,2,9,12,9,13,4,OSWEGO RD,,0,43.13341389,-76.221686110,0,12,6,0,8,1,1,0,1,1,0,1,0,0000000,9,16,9,21,10,0,0,0,0,1,0
36,360570,1,1,0,0,0,1,1,9,2393,7,8,2011,1,17,45,0,5,5,HUMPHREY RD,RAECHER RD,0,42.20278056,-78.604619440,0,24,0,0,3,3,4,0,1,1,0,1,0,0000000,99,99,99,99,99,99,0,0,0,1,0
36,360571,3,3,0,0,0,5,5,61,4170,6,8,2011,7,4,23,1,13,3,SR-9A,46TH ST,0,40.76422500,-73.998413890,0,12,1,0,3,3,1,0,3,1,0,1,0,0000000,99,99,99,99,99,99,0,0,0,1,0
36,360572,2,2,0,0,0,2,2,1,1290,7,8,2011,1,17,34,1,2,3,SR-155,,0,42.73889722,-73.843327780,0,12,6,0,8,1,1,0,1,1,0,1,0,0000000,17,35,17,38,18,29,0,0,0,1,0
36,360573,2,2,0,0,0,4,4,63,3220,21,6,2011,3,19,30,0,4,6,SAUNDERS SETTLEMENT,,0,43.13948056,-78.977216670,0,12,2,0,1,1,1,0,1,1,0,1,0,0000000,19,30,19,35,20,5,0,0,0,1,0
36,360574,4,2,2,0,0,3,3,81,4170,8,8,2011,2,18,14,0,16,6,BROOKVILLE BLVD,136TH AVE,0,40.67093889,-73.735386110,0,12,6,0,2,3,1,0,1,1,0,1,0,0000000,99,99,99,99,99,99,0,0,0,1,0
36,360575,2,2,0,0,0,3,3,103,1685,24,7,2011,1,14,21,0,13,4,MONTAUK HWY,MILL POND LANE,0,40.80010000,-72.771463890,0,12,6,0,3,1,1,0,1,1,0,1,0,0000000,99,99,99,99,99,99,0,0,0,1,0
36,360576,1,1,0,0,0,1,1,67,3310,11,8,2011,5,2,12,0,6,6,VINE ST,,0,43.11043056,-76.197116670,0,30,0,0,1,1,4,0,3,1,0,1,0,0000000,2,13,2,17,88,88,0,0,0,1,1
36,360577,1,1,0,0,0,4,4,27,2785,11,8,2011,5,22,5,1,1,1,I-84,,0,99.99990000,999.999900000,0,1,0,0,1,1,3,0,2,1,0,1,0,0000000,22,13,22,26,22,45,0,0,0,1,0
36,360578,2,1,1,0,0,1,1,59,3800,12,8,2011,6,7,49,0,16,6,MARCELLUS RD,,0,40.75034444,-73.649638890,0,42,0,0,1,1,4,0,1,1,0,1,0,0000000,7,49,7,56,8,5,0,0,0,1,1
36,360579,1,1,0,3,3,1,1,1,6320,10,8,2011,4,8,45,0,6,5,MOUNTAINVIEW ST,,0,42.64827222,-73.934863890,0,8,0,0,1,1,5,0,1,1,0,1,0,0000000,8,46,9,49,11,11,0,0,0,3,0
36,360580,2,2,0,0,0,2,2,47,4170,10,8,2011,4,13,28,1,13,6,ATLANTIC AVE,HUNTERFLY PL,0,40.67738333,-73.928219440,0,12,6,0,2,3,1,0,1,10,0,10,0,0000000,99,99,99,99,88,88,0,0,0,1,1
36,360581,2,2,0,0,0,3,3,67,380,12,8,2011,6,9,0,1,13,3,SR-31,W SORRELL HILL RD,0,43.15127778,-76.357705560,0,12,6,0,2,2,1,0,1,1,0,1,0,0000000,9,0,9,5,9,55,0,0,0,1,0
36,360582,1,1,0,0,0,1,1,59,4600,15,8,2011,2,8,0,0,16,6,CENTRAL AVE,,0,40.73761667,-73.476241670,0,33,0,0,1,1,4,0,1,10,0,10,0,0000000,99,99,99,99,99,99,0,0,0,1,0
36,360583,1,1,0,0,0,1,1,27,2785,13,8,2011,7,18,55,1,11,1,I-84,TACONIC STATE PKY,0,41.53826667,-73.774008330,0,58,0,1,5,1,8,0,1,10,0,10,0,0000000,19,0,19,3,88,88,0,0,0,1,0
36,360584,1,1,0,0,0,1,1,59,4090,13,8,2011,7,23,25,0,14,5,SEARINGTOWN RD,,0,40.78921667,-73.666419440,0,42,0,0,1,1,4,0,3,1,0,1,0,0000000,23,26,23,30,88,88,0,0,0,1,1
36,360585,3,3,0,0,0,5,5,119,5350,16,8,2011,3,14,46,1,11,1,I-95,,99999,99.99990000,999.999900000,0,54,11,1,5,1,1,0,1,10,0,10,0,0000000,14,46,14,55,99,99,14,0,0,1,0
36,360586,1,1,0,0,0,5,5,5,4170,14,8,2011,1,4,49,0,13,6,WESTCHESTER AVE,GLEBE AVE,0,40.83436667,-73.850311110,0,21,0,0,3,3,1,0,3,2,0,2,0,0000000,4,49,4,56,99,99,0,0,0,1,0
36,360587,2,2,0,0,0,2,2,103,2920,10,7,2011,1,13,13,1,12,3,SR-908M,,0,40.75415833,-73.233694440,0,12,7,0,1,1,1,0,1,1,0,1,0,0000000,99,99,99,99,99,99,0,0,0,1,0
36,360588,2,2,0,0,0,3,3,91,2402,24,7,2011,1,19,57,0,3,3,SR-9N,ERICSON RD,0,43.14652778,-73.853144440,0,12,2,0,3,3,1,0,5,1,0,1,0,0000000,99,99,99,99,99,99,0,0,0,1,0
36,360590,2,2,0,0,0,2,2,17,4050,17,8,2011,4,13,18,1,2,3,SR-8,,0,42.55535556,-75.365352780,0,12,2,0,1,1,1,0,1,10,0,10,0,0000000,13,18,13,24,88,88,0,0,0,1,0
36,360591,1,1,0,0,0,1,1,111,6491,17,8,2011,4,22,24,0,14,3,SR-52,,0,41.69941667,-74.389630560,0,24,0,0,1,1,4,0,2,10,0,10,0,0000000,22,24,22,32,88,88,0,0,0,1,0
36,360592,1,1,0,1,1,1,1,87,4121,15,8,2011,2,18,47,0,16,5,CLINTON LN,,0,41.14212222,-74.029700000,0,8,0,0,1,1,1,0,1,10,0,10,0,0000000,99,99,99,99,19,10,0,0,0,1,0
36,360593,4,4,0,0,0,5,5,59,4090,9,6,2011,5,16,55,1,13,3,SR-25,,0,40.74280278,-73.659380560,0,12,6,0,8,1,1,0,1,1,0,1,0,0000000,99,99,99,99,99,99,0,0,0,1,0
36,360594,1,1,0,0,0,1,1,71,1431,18,8,2011,5,0,37,1,13,1,I-209,,0,41.45324444,-74.607380560,0,5,0,0,1,1,1,0,2,1,0,1,0,0000000,0,37,0,44,2,8,0,0,0,1,1
36,360595,1,1,0,0,0,1,1,111,5,18,8,2011,5,14,20,1,13,1,I-290,,0,41.78993611,-74.248008330,0,31,0,0,1,1,4,0,1,10,0,10,0,0000000,14,20,14,48,15,23,0,0,0,1,0
36,360596,2,2,0,0,0,5,5,59,4600,19,7,2011,3,14,40,1,2,3,SR-25,LAFAYETTE DR,0,40.81015556,-73.510486110,0,12,6,0,2,2,1,0,1,1,0,1,0,0000000,99,99,99,99,99,99,0,0,0,1,0
36,360597,2,2,0,0,0,2,2,113,5068,18,8,2011,5,17,50,0,6,5,QUAKER RD,,0,43.33203056,-73.659275000,0,12,6,0,8,1,1,0,1,1,0,1,0,0000000,17,51,17,52,18,32,0,0,0,1,0
36,360598,1,1,0,0,0,1,1,55,680,17,8,2011,4,3,37,0,16,5,BROCKPORT SPENCERPRT,,0,43.19804444,-77.902550000,0,11,0,0,1,1,1,0,2,1,0,1,0,0000000,3,37,3,41,4,18,0,0,0,1,0
36,360599,1,1,0,0,0,2,2,103,2920,17,8,2011,4,13,15,1,1,1,I-495,,0,40.80568056,-73.245366670,0,24,0,0,1,1,4,0,1,1,0,1,0,0000000,13,19,13,24,13,53,0,0,0,1,0
36,360600,1,1,0,1,1,1,1,59,3360,18,8,2011,5,23,5,0,16,6,W BEECH ST,LOUISIANA ST,0,40.58599444,-73.696397220,0,8,0,0,3,2,1,0,3,10,0,10,0,0000000,99,99,99,99,99,99,0,0,0,1,0
36,360601,1,1,0,0,0,1,1,77,4550,19,8,2011,6,5,39,1,2,3,SR-7,,0,42.38111944,-75.202916670,0,24,0,0,1,1,4,0,2,1,0,1,0,0000000,5,39,5,45,6,17,0,0,0,1,0
36,360602,2,2,0,0,0,2,2,59,2600,18,8,2011,5,17,13,0,5,6,ELMONT RD,CROMER RD W,0,40.69030278,-73.721050000,0,12,7,0,2,3,1,0,1,1,0,1,0,0000000,17,14,17,17,19,35,0,0,0,1,0
36,360603,1,1,0,1,1,1,1,63,4210,19,8,2011,6,17,53,0,16,5,HYDE PARK BLVD,SENECA AVE,0,43.11103333,-79.031502780,0,9,0,0,2,2,1,0,1,1,0,1,0,0000000,17,52,17,57,99,99,0,0,0,1,0
36,360604,1,1,0,1,1,1,1,81,4170,21,8,2011,1,7,12,0,16,6,CORONA AVE,,0,40.74231389,-73.869538890,0,8,0,0,1,1,1,0,1,1,0,1,0,0000000,99,99,99,99,99,99,0,0,0,1,0
36,360605,1,1,0,0,0,1,1,105,1472,20,8,2011,7,13,33,0,6,4,CR-121,,0,99.99990000,999.999900000,0,1,0,0,1,1,1,0,1,1,0,1,0,0000000,13,33,13,40,99,99,0,0,0,1,0
36,360606,1,1,0,0,0,2,2,15,2800,23,8,2011,3,21,32,0,6,6,GRAND CENTRAL AVE,STEUBEN ST,0,42.16473056,-76.821750000,0,33,0,0,3,2,3,0,3,1,0,1,0,0000000,21,32,21,34,88,88,0,0,0,1,0
36,360607,1,1,0,0,0,1,1,63,3220,23,8,2011,3,22,8,0,14,5,UPPER MOUNTAIN RD,,0,43.17156944,-78.983458330,0,32,0,0,1,1,4,0,2,1,0,1,0,0000000,22,10,22,21,99,99,0,0,0,1,0
36,360608,2,1,1,1,1,1,1,67,380,22,8,2011,2,17,6,1,2,3,SR-370,,0,43.16386944,-76.358758330,0,8,0,0,1,1,1,0,1,1,0,1,0,0000000,17,8,17,13,17,39,0,0,0,1,0
36,360609,2,2,0,0,0,2,2,103,360,24,8,2011,4,15,0,1,13,3,SR-27,,0,40.71005278,-73.368158330,0,12,1,0,1,1,1,0,1,1,0,1,0,0000000,15,2,15,5,88,88,0,0,0,1,0
36,360610,1,1,0,0,0,1,1,25,2530,24,8,2011,4,14,50,0,6,6,TAR HOLLOW RD,,0,41.98388333,-75.208047220,0,1,0,0,1,1,4,0,1,10,0,10,0,0000000,15,11,15,28,88,88,0,0,0,1,0
36,360611,2,2,0,0,0,3,3,45,1077,23,8,2011,3,14,34,1,2,3,SR-3,WILTON RD,0,99.99990000,999.999900000,0,12,6,0,2,3,1,0,1,1,0,1,0,0000000,99,99,99,99,99,99,0,0,0,1,1
36,360612,1,1,0,0,0,2,2,79,1280,2,7,2011,7,23,10,0,6,6,SPROUT BROOK RD,,0,41.34269722,-73.902969440,0,35,0,0,1,1,4,0,2,1,0,1,0,0000000,23,10,23,15,88,88,0,0,0,1,0
36,360613,1,1,0,0,0,1,1,39,290,28,8,2011,1,20,34,0,5,5,LEEDS ATHENS RD,,0,42.26228889,-73.837308330,0,1,0,0,1,1,4,0,2,10,0,10,0,0000000,20,34,20,43,21,12,0,0,0,1,0
36,360614,2,2,0,0,0,2,2,59,2160,26,8,2011,6,20,55,0,14,5,W MERRICK RD,S BERGEN PL,0,40.65301667,-73.587713890,0,12,6,0,2,2,1,0,3,1,0,1,0,0000000,20,56,21,0,21,20,0,0,0,1,1
36,360615,1,1,0,0,0,3,3,27,5031,31,7,2011,1,16,1,0,16,6,BEACH RD,,0,41.62761667,-73.671377780,0,42,0,0,1,1,4,0,1,1,0,1,0,0000000,16,6,16,15,99,99,0,0,0,1,0
36,360616,1,1,0,0,0,1,1,115,6660,27,8,2011,7,19,24,0,6,4,CR-18,,0,43.54419444,-73.361205560,0,34,0,0,1,1,4,0,5,10,0,10,0,0000000,19,24,19,40,20,38,0,0,0,1,1
36,360617,3,3,0,0,0,3,3,103,705,27,8,2011,7,16,22,1,13,3,SR-27,,0,40.78840556,-72.948230560,0,12,1,0,1,1,1,0,1,2,0,2,0,0000000,16,24,16,27,99,99,0,0,0,1,0
36,360618,2,2,0,0,0,2,2,29,750,28,8,2011,1,23,0,0,16,6,JEFFERSON AVE,SYCAMORE ST,0,42.89305556,-78.854047220,0,12,6,0,2,2,1,0,3,1,0,1,0,0000000,23,5,23,13,23,24,0,0,0,1,1
36,360619,1,1,0,1,1,1,1,115,2820,27,8,2011,7,11,7,1,2,3,SR-4,,0,43.35258333,-73.539133330,0,8,0,0,1,1,4,0,1,1,0,1,0,0000000,11,10,11,25,99,99,0,0,0,1,0
36,360620,2,2,0,0,0,2,2,67,3310,27,8,2011,7,18,51,0,13,3,SR-298,ROXFORD RD S,0,43.08387222,-76.136241670,0,12,2,0,2,2,1,0,1,10,0,10,0,0000000,18,51,18,54,19,21,0,0,0,1,1
36,360621,1,1,0,1,1,1,1,51,1450,29,8,2011,2,17,50,0,4,3,SR-256,,0,42.58291667,-77.698575000,0,9,0,0,1,1,2,0,1,1,0,1,0,0000000,17,52,17,55,18,11,0,0,0,1,0
36,360622,2,2,0,0,0,2,2,71,1370,27,8,2011,7,4,11,0,3,3,SR-32,,0,41.44861389,-74.057122220,0,12,6,0,1,1,1,0,3,1,0,1,0,0000000,4,11,4,15,5,0,0,0,0,1,1
36,360623,1,1,0,0,0,1,1,57,2210,29,8,2011,2,9,45,0,2,3,SR-5S,,0,42.92777222,-74.301138890,0,34,0,0,1,1,4,0,1,2,0,2,0,0000000,99,99,99,99,88,88,5,0,0,1,0
36,360624,1,1,0,1,1,1,1,103,2577,4,8,2011,5,21,55,1,2,3,SR-454,,0,40.82118056,-73.204822220,0,8,0,0,1,1,1,0,2,10,0,10,0,0000000,21,58,22,0,88,88,0,0,0,1,0
36,360625,1,1,0,0,0,1,1,103,705,6,8,2011,7,5,32,1,12,3,SR-27,,0,40.82225278,-72.820988890,0,50,0,0,1,1,3,0,4,1,0,1,0,0000000,99,99,99,99,99,99,0,0,0,1,0
36,360626,1,1,0,1,1,1,1,103,705,12,8,2011,6,9,40,1,12,4,CR-46,HAVENWOOD DR,0,40.76068333,-72.871455560,0,8,0,0,2,2,1,0,1,1,0,1,0,0000000,99,99,99,99,99,99,0,0,0,1,0
36,360627,1,1,0,0,0,1,1,13,5710,29,8,2011,2,19,17,0,3,4,CR-39,HANOVER RD,0,42.45810278,-79.096497220,0,5,0,0,2,2,1,0,1,1,0,1,0,0000000,99,99,99,99,99,99,0,0,0,1,0
36,360628,1,1,0,1,1,1,1,103,705,14,8,2011,1,1,40,1,13,3,SR-25,HAWKINS AVE,0,40.85978611,-73.112297220,0,8,0,0,3,1,1,0,3,10,0,10,0,0000000,99,99,99,99,88,88,0,0,0,1,0
36,360629,1,1,0,0,0,1,1,67,1539,21,8,2011,1,4,30,0,14,5,E SENECA TURNPIKE,,0,42.99168333,-76.072769440,0,43,0,0,1,1,4,0,3,10,0,10,0,0000000,99,99,99,99,88,88,0,0,0,1,0
36,360630,1,1,0,0,0,1,1,103,2840,21,8,2011,1,3,45,0,6,5,W NECK RD,,0,40.87513611,-73.434805560,0,30,0,0,1,1,4,0,3,1,0,1,0,0000000,99,99,99,99,99,99,0,0,0,1,0
36,360631,1,1,0,0,0,1,1,107,860,30,8,2011,3,7,26,0,6,6,BARDEN RD,FAIRFIELD RD,0,42.27788056,-76.305027780,0,42,0,0,3,3,5,0,1,5,0,5,0,0000000,7,26,7,58,99,99,0,0,0,1,1
36,360632,2,2,0,0,0,2,2,75,2569,30,8,2011,3,17,38,0,4,4,CR-4,WILSON RD,0,43.31746667,-76.154566670,0,12,6,0,2,4,1,0,1,1,0,1,0,0000000,17,38,17,43,88,88,0,0,0,1,0