STATE,ST_CASE,VE_TOTAL,VE_FORMS,PVH_INVL,PEDS,PERNOTMVIT,PERMVIT,PERSONS,COUNTY,CITY,DAY,MONTH,YEAR,DAY_WEEK,HOUR,MINUTE,NHS,ROAD_FNC,ROUTE,TWAY_ID,TWAY_ID2,MILEPT,LATITUDE,LONGITUD,SP_JUR,HARM_EV,MAN_COLL,RELJCT1,RELJCT2,TYP_INT,REL_ROAD,WRK_ZONE,LGT_COND,WEATHER1,WEATHER2,WEATHER,SCH_BUS,RAIL,NOT_HOUR,NOT_MIN,ARR_HOUR,ARR_MIN,HOSP_HR,HOSP_MN,CF1,CF2,CF3,FATALS,DRUNK_DR
36,360633,1,1,0,1,1,1,1,47,4170,30,8,2011,3,19,15,0,16,6,BUSHWICK AVE,,0,40.71317500,-73.941377780,0,9,0,0,1,1,1,1,5,1,0,1,0,0000000,99,99,99,99,99,99,0,0,0,1,0
36,360634,1,1,0,1,1,1,1,61,4170,14,7,2011,5,13,40,0,16,6,CANAL ST,HUDSON ST,0,40.72368056,-74.008069440,0,8,0,0,3,2,1,0,1,1,0,1,0,0000000,99,99,99,99,99,99,0,0,0,1,0
36,360635,2,2,0,0,0,4,4,17,2400,29,8,2011,2,13,51,0,3,4,CR-32,,0,42.31793889,-75.774422220,0,12,2,0,1,1,1,0,1,10,0,10,0,0000000,13,51,13,59,99,99,0,0,0,2,0
36,360636,3,2,1,0,0,9,9,85,4170,29,8,2011,2,21,46,0,16,6,HYLAN BLVD,HILLSIDE TER,0,40.54545556,-74.142736110,0,12,6,0,2,2,1,0,3,1,0,1,0,0000000,21,47,21,53,22,14,0,0,0,1,0
36,360637,2,2,0,0,0,3,3,89,3276,30,8,2011,3,12,24,0,3,3,SR-27,SPORT CLUB RD,0,44.75359167,-75.396316670,0,12,6,0,2,3,1,0,1,1,0,1,0,0000000,12,24,12,38,13,0,0,0,0,1,0
36,360638,2,2,0,0,0,3,3,47,4170,31,8,2011,4,1,42,1,11,1,I-278,,0,40.65052778,-74.011675000,0,12,1,0,1,1,1,0,3,1,0,1,0,0000000,99,99,99,99,99,99,0,0,0,1,0
36,360639,1,1,0,0,0,1,1,105,3850,10,8,2011,4,4,6,0,6,6,WURTSBORO MOUNTAIN R,,0,41.61014722,-74.567300000,0,17,0,0,1,1,4,0,2,5,0,5,0,0000000,3,50,3,59,88,88,0,0,0,1,0
36,360640,2,2,0,0,0,45,45,99,6440,22,7,2011,6,1,26,1,1,1,I-90,,3240,42.95968889,-76.910133330,0,12,1,0,1,1,1,0,2,1,0,1,0,0000000,1,26,1,40,99,99,0,0,0,1,0
36,360641,1,1,0,0,0,1,1,63,3340,30,8,2011,3,12,22,0,6,6,DAY RD,,0,43.17200833,-78.649577780,0,34,0,0,1,1,4,0,1,1,0,1,0,0000000,12,24,12,30,88,88,0,0,0,1,0
36,360642,1,1,0,1,1,1,1,29,750,1,9,2011,5,20,14,0,13,5,MAIN ST,FLORENCE AVE,0,42.93078889,-78.848275000,0,8,0,0,3,3,1,0,3,1,0,1,0,0000000,99,99,99,99,99,99,0,0,0,1,0
36,360643,2,2,0,0,0,2,2,87,5760,31,8,2011,4,14,57,1,2,3,SR-17,HARRIMAN AVE,0,41.14991667,-74.193313890,0,12,6,0,2,3,1,0,1,10,0,10,0,0000000,14,59,15,4,15,24,0,0,0,1,0
36,360644,2,2,0,0,0,3,3,29,5940,31,8,2011,4,8,11,1,2,3,SR-39,MORTONS CORNERS RD,0,42.51146389,-78.765622220,0,12,6,0,2,2,1,0,1,1,0,1,0,0000000,8,11,8,14,99,99,0,0,0,2,0
36,360645,1,1,0,0,0,1,1,29,611,1,9,2011,5,21,10,0,4,5,BOSTON COLDEN RD,,0,42.62461389,-78.722105560,0,34,0,0,1,1,4,0,2,10,0,10,0,0000000,21,12,21,15,22,7,0,0,0,1,1
36,360646,1,1,0,0,0,1,1,3,5584,2,9,2011,6,15,27,0,5,4,CR-31,,0,42.17135556,-78.043872220,0,34,0,0,1,1,4,0,1,1,0,1,0,0000000,15,32,15,44,16,42,0,0,0,1,0
36,360647,1,1,0,0,0,1,1,33,4685,2,9,2011,6,12,49,0,3,3,SR-30,,0,44.48661667,-74.289463890,0,24,0,0,1,1,4,0,1,10,0,10,0,0000000,13,6,13,18,13,44,0,0,0,1,0
36,360648,1,1,0,1,1,1,1,61,4170,2,9,2011,6,17,0,0,15,6,W 122ND ST,AMSTERDAM AVE,0,40.81062778,-73.958275000,0,8,0,0,2,2,1,0,1,1,0,1,0,0000000,99,99,99,99,99,99,0,0,0,1,0
36,360649,1,1,0,0,0,1,1,9,3203,4,9,2011,1,18,49,0,6,5,BAILEY HILL RD,,0,99.99990000,999.999900000,0,42,0,0,1,1,4,0,1,1,0,1,0,0000000,18,49,19,0,88,88,0,0,0,1,1
36,360650,3,3,0,0,0,7,7,65,6275,4,9,2011,1,2,29,1,1,1,I-90,,2530,43.12396389,-75.581322220,0,5,0,0,1,1,1,0,2,1,0,1,0,0000000,99,99,99,99,88,88,14,0,0,1,0
36,360651,2,2,0,0,0,2,2,61,4170,17,8,2011,4,5,13,0,14,5,86 ST,,0,40.78060556,-73.960433330,0,5,0,0,1,1,1,0,4,1,0,1,0,0000000,99,99,99,99,88,88,0,0,0,1,1
36,360652,1,1,0,1,1,1,1,5,4170,4,9,2011,1,3,33,1,13,3,SR-907V,W 232ND ST,0,40.88461111,-73.914555560,0,8,0,0,1,1,1,0,3,1,0,1,0,0000000,99,99,99,99,99,99,0,0,0,1,0
36,360653,2,2,0,0,0,3,3,59,2160,2,9,2011,6,20,28,0,16,6,N MAIN ST,WOODSIDE AVE,0,40.67009167,-73.588013890,0,12,6,0,2,3,1,0,3,1,0,1,0,0000000,20,28,20,30,99,99,0,0,0,1,1
36,360654,1,1,0,1,1,1,1,61,4170,14,2,2011,2,14,0,0,13,6,BOWERY,,0,40.71452500,-74.007211110,0,8,0,0,1,1,1,0,1,98,0,98,0,0000000,99,99,99,99,99,99,0,0,0,1,0
36,360655,1,1,0,1,1,3,3,81,4170,2,8,2011,3,21,21,0,14,5,CROSSBAY BLVD,,0,40.61499444,-73.821644440,0,9,0,0,1,1,1,0,3,1,0,1,0,0000000,99,99,99,99,99,99,0,0,0,1,0
36,360656,2,2,0,0,0,2,2,83,6110,10,8,2011,4,19,7,0,16,6,PAWLING AVE,VICTORIA AVE,0,42.70031944,-73.653094440,0,5,0,0,2,3,1,0,1,1,0,1,0,0000000,19,9,19,12,19,37,0,0,0,1,1
36,360657,2,2,0,0,0,5,5,5,4170,11,4,2011,2,17,25,1,13,6,FORDHAM RD,,0,40.86635833,-73.872852780,0,12,6,0,1,1,1,0,1,1,0,1,0,0000000,99,99,99,99,99,99,0,0,0,2,0
36,360658,3,3,0,0,0,3,3,59,2600,12,8,2011,6,7,12,0,3,6,LOOP PKY,,0,40.60470000,-73.569430560,0,12,1,0,1,1,1,0,1,1,0,1,0,0000000,7,15,7,16,88,88,0,0,0,1,0
36,360659,2,2,0,0,0,2,2,47,4170,31,8,2011,4,7,30,0,13,6,PENNSYLVANIA AVE,FREEPORT LOOP,0,40.64637500,-73.880161110,0,12,6,0,2,3,1,0,1,1,0,1,0,0000000,99,99,99,99,99,99,0,0,0,1,0
36,360660,2,2,0,0,0,2,2,5,4170,3,5,2011,3,16,56,0,14,6,ST ANNS AVE,E 132ND ST,0,40.80296111,-73.920350000,0,12,6,0,2,2,1,0,1,10,0,10,0,0000000,99,99,99,99,99,99,0,0,0,1,0
36,360661,1,1,0,1,1,1,1,61,4170,21,7,2011,5,23,15,0,13,6,7TH AVE,W 119TH ST,0,40.80516944,-73.951033330,0,8,0,0,3,2,1,0,3,1,0,1,0,0000000,99,99,99,99,99,99,0,0,0,1,1
36,360662,1,1,0,0,0,8,8,61,4170,30,7,2011,7,23,30,1,2,3,SR-907V (OFF RAMP),,0,40.83660556,-73.948847220,0,18,0,0,1,1,1,0,3,1,0,1,0,0000000,99,99,99,99,99,99,0,0,0,1,0
36,360663,1,1,0,0,0,6,6,61,4170,3,5,2011,3,18,3,1,13,3,SR-907P,,0,99.99990000,999.999900000,0,1,0,0,1,1,1,0,1,1,0,1,0,0000000,99,99,99,99,99,99,0,0,0,1,0
36,360664,1,1,0,0,0,1,1,59,2600,4,9,2011,1,5,50,0,12,3,SR-907E,,0,40.69817778,-73.534669440,0,5,0,0,1,1,1,0,3,1,0,1,0,0000000,6,0,6,5,88,88,0,0,0,1,1
36,360665,1,1,0,0,0,1,1,59,4600,5,9,2011,2,2,55,0,14,6,PROSPECT AVE,,0,40.76494167,-73.551277780,0,42,0,0,1,1,4,0,3,10,0,10,0,0000000,99,99,99,99,88,88,0,0,0,1,1
36,360666,1,1,0,1,1,1,1,1,1290,5,9,2011,2,23,10,0,13,3,SR-5,,0,42.71605556,-73.831044440,0,8,0,0,1,1,1,0,3,2,10,2,0,0000000,23,10,23,16,88,88,0,0,0,1,0
36,360667,2,2,0,0,0,3,3,55,2606,22,8,2011,2,16,37,0,2,5,LEHIGH STATION RD,,0,43.05885556,-77.642269440,0,12,6,1,5,1,1,0,1,1,0,1,0,0000000,16,39,16,41,16,59,0,0,0,1,0
36,360668,1,1,0,0,0,1,1,77,2270,8,9,2011,5,7,55,0,6,6,SHAW BROOK RD,,0,42.43751944,-75.338830560,0,35,0,0,1,1,4,0,2,10,0,10,0,0000000,7,55,8,0,12,30,0,0,0,1,1
36,360669,1,1,0,0,0,1,1,5,4170,8,9,2011,5,8,14,0,16,6,BRUCKNER BLVD,,0,40.80377222,-73.913097220,0,33,0,0,1,1,4,0,1,2,10,2,0,0000000,99,99,99,99,99,99,0,0,0,1,0
36,360670,2,2,0,0,0,4,4,105,532,5,9,2011,2,11,10,0,3,3,SR-17B,,0,41.69537778,-74.932422220,0,12,2,0,1,1,1,0,1,2,10,2,0,0000000,99,99,99,99,99,99,0,0,0,3,0
36,360671,1,1,0,1,1,1,1,81,4170,7,9,2011,4,14,7,0,13,6,WOODHAVEN BLVE,63RD DR,0,40.72221667,-73.867305560,0,8,0,0,3,2,1,0,1,2,10,2,0,0000000,99,99,99,99,99,99,0,0,0,1,0
36,360672,2,2,0,0,0,8,8,81,4170,7,8,2011,1,6,37,0,16,6,31ST ST,34TH AVE,0,40.75968333,-73.927227780,0,12,6,0,2,2,1,0,1,1,0,1,0,0000000,99,99,99,99,99,99,0,0,0,1,0
36,360673,2,2,0,0,0,3,3,75,5450,8,9,2011,5,17,37,0,6,6,MILLER RD,,0,43.62573056,-76.072083330,0,12,1,0,6,1,1,0,1,1,0,1,0,508385B,17,36,17,42,88,88,0,0,0,1,0
36,360674,1,1,0,0,0,1,1,23,1380,10,9,2011,7,6,46,0,6,6,PAGE GREEN RD,,0,42.54105000,-76.166366670,0,18,0,0,1,1,4,1,4,1,0,1,0,0000000,6,50,6,57,88,88,0,0,0,1,1
36,360675,2,2,0,0,0,2,2,67,1179,4,9,2011,1,12,20,1,13,3,SR-31,,0,43.18561667,-76.230286110,0,12,1,0,1,1,1,0,1,1,0,1,0,0000000,12,21,12,29,13,3,0,0,0,1,0
36,360676,1,1,0,1,1,1,1,25,2542,4,9,2011,1,4,50,0,4,3,SR-10,,0,42.40526944,-74.629097220,0,8,0,0,1,1,1,0,2,5,0,5,0,0000000,4,50,5,16,88,88,0,0,0,1,0
36,360677,2,2,0,1,1,1,1,79,5066,8,9,2011,5,8,10,1,12,1,I-987G,,0,41.41822500,-73.784544440,0,39,0,0,1,1,4,0,1,2,10,2,0,0000000,8,10,8,15,88,88,23,0,0,1,0
36,360678,2,2,0,0,0,3,3,57,170,9,9,2011,6,8,47,0,3,3,SR-67,,0,42.96804167,-74.103941670,0,12,6,0,1,1,1,0,1,1,0,1,0,0000000,8,47,8,55,9,47,0,0,0,1,0
36,360679,2,2,0,1,1,5,5,55,5230,7,9,2011,4,13,0,0,15,5,BAY ST,SANDER ST,0,43.17085000,-77.587102780,0,12,6,0,2,2,1,0,1,2,0,2,0,0000000,99,99,99,99,99,99,0,0,0,1,0
36,360680,1,1,0,0,0,1,1,115,2565,10,9,2011,7,12,33,1,2,3,SR-149,,0,43.36193611,-73.431141670,0,31,0,0,1,1,4,0,1,1,0,1,0,0000000,12,33,12,36,88,88,0,0,0,1,1
36,360681,1,1,0,0,0,1,1,47,4170,10,9,2011,7,1,6,1,1,1,I-278,,0,40.69960556,-73.996480560,0,33,0,0,1,1,4,0,3,1,0,1,0,0000000,99,99,99,99,99,99,0,0,0,1,1
36,360682,1,1,0,0,0,1,1,93,5315,11,9,2011,1,4,58,0,16,5,CHRISLER AVE,,0,42.78177500,-73.926547220,0,33,0,0,1,1,4,0,3,1,0,1,0,0000000,4,58,5,2,7,0,0,0,0,1,1
36,360683,1,1,0,1,1,2,2,103,5810,11,9,2011,1,20,30,0,13,3,SR-24,,0,40.91313056,-72.650211110,0,8,0,0,1,1,1,0,3,1,0,1,0,0000000,99,99,99,99,99,99,0,0,0,1,0
36,360684,1,1,0,0,0,1,1,93,5550,11,9,2011,1,15,30,0,15,5,RIDGE RD,,0,42.92106111,-74.014872220,0,53,0,0,1,1,4,0,1,10,0,10,0,0000000,15,30,15,41,99,99,0,0,0,1,0
36,360685,3,3,0,0,0,4,4,59,4600,11,9,2011,1,5,34,1,13,3,SR-908M,,0,99.99990000,999.999900000,0,12,7,0,1,1,1,0,3,1,0,1,0,0000000,5,34,5,42,6,4,0,0,0,1,1
36,360686,1,1,0,0,0,1,1,59,4610,11,9,2011,1,4,16,0,16,5,NORTHERN BLVD,GLENDALE DR,0,40.84810000,-73.500766670,0,30,0,0,3,3,4,0,2,1,0,1,0,0000000,4,18,4,20,88,88,0,0,0,1,1
36,360687,1,1,0,0,0,1,1,27,2870,13,9,2011,3,8,5,0,6,5,CREAM ST,,0,41.78008056,-73.883055560,0,42,0,0,1,1,4,0,1,1,0,1,0,0000000,8,16,8,21,9,0,0,0,0,1,1
36,360688,1,1,0,0,0,1,1,81,4170,14,9,2011,4,1,37,0,16,6,QUEENS BLVD,,0,40.73392500,-73.871427780,0,21,0,0,1,1,3,0,2,1,0,1,0,0000000,99,99,99,99,99,99,0,0,0,1,1
36,360689,1,1,0,1,1,2,2,5,4170,14,9,2011,4,3,59,0,16,6,WHITE PLAINS RD,,0,40.90290556,-73.850697220,0,8,0,0,1,1,1,0,2,1,0,1,0,0000000,99,99,99,99,99,99,0,0,0,1,1
36,360690,2,2,0,0,0,2,2,13,5660,14,9,2011,4,12,10,0,3,3,SR-430,CR-13,0,42.13795000,-79.674052780,0,12,6,0,2,2,1,0,1,1,0,1,0,0000000,12,13,12,22,12,58,0,0,0,1,0
36,360691,2,2,0,0,0,3,3,53,3201,14,9,2011,4,14,50,1,13,3,SR-13,,0,43.08663056,-75.750411110,0,12,6,0,8,1,1,0,1,1,0,1,0,0000000,14,52,15,0,15,10,0,0,0,1,0
36,360692,2,2,0,0,0,4,4,71,5742,14,9,2011,4,20,0,0,6,4,LIME KILN RD,S PLANK RD,0,41.38347500,-74.504300000,0,12,6,0,2,2,1,0,1,1,0,1,0,0000000,99,99,99,99,99,99,0,0,0,1,0
36,360693,1,1,0,0,0,2,2,87,5077,14,9,2011,4,11,4,1,2,3,SR-987C,,0,99.99990000,999.999900000,0,59,0,1,18,1,4,0,1,1,0,1,0,0000000,11,4,11,17,11,50,0,0,0,1,0
36,360694,1,1,0,1,1,2,2,119,2570,14,9,2011,4,17,29,0,6,5,RAVENSDALE RD,STANLEY AVE,0,40.98751111,-73.866191670,0,9,0,0,2,3,1,0,1,1,0,1,0,0000000,17,30,17,35,99,99,0,0,0,1,0
36,360695,1,1,0,0,0,2,2,75,2200,15,9,2011,5,21,33,0,6,5,RATHBURN RD,SENIOR AVE,0,43.34276667,-76.502008330,0,42,0,0,3,3,4,0,3,10,0,10,0,0000000,21,33,21,40,22,47,0,0,0,1,1
36,360696,2,2,0,0,0,3,3,71,4828,4,8,2011,5,13,52,0,2,3,SR-17K,SCOTCHTOWN COLLABAR,0,41.53329444,-74.309136110,0,12,6,0,2,3,1,0,1,1,0,1,0,0000000,13,52,13,58,88,88,0,0,0,1,0
36,360697,1,1,0,1,1,1,1,81,4170,15,9,2011,5,4,55,1,13,3,SR-907M,83RD ST,0,40.76711667,-73.886255560,0,8,0,0,1,1,1,0,3,1,0,1,0,0000000,99,99,99,99,99,99,19,0,0,1,0
36,360698,1,1,0,0,0,1,1,9,2393,17,9,2011,7,23,44,0,6,5,SUGAR TOWN RD,,0,42.24161667,-78.624955560,0,1,0,0,1,1,1,0,2,10,0,10,0,0000000,23,45,23,53,88,88,0,0,0,1,1
36,360699,1,1,0,0,0,1,1,61,4170,1,9,2011,5,23,0,0,15,6,W 44TH ST,,0,40.75870833,-73.989269440,0,7,0,0,1,1,1,0,3,1,0,1,0,0000000,99,99,99,99,88,88,0,0,0,1,0
36,360700,2,2,0,0,0,2,2,81,4170,16,9,2011,6,23,55,0,13,6,JAMAICA AVE,213TH ST,0,40.71615833,-73.744705560,0,12,6,0,2,2,1,0,3,1,0,1,0,0000000,99,99,99,99,99,99,0,0,0,1,0
36,360701,1,1,0,0,0,2,2,75,3700,17,9,2011,7,20,4,1,2,3,SR-104,,0,43.45595000,-76.183722220,0,11,0,0,1,1,1,0,2,1,0,1,0,0000000,20,4,20,11,20,57,0,0,0,1,0
36,360702,1,1,0,1,1,1,1,81,4170,27,8,2011,7,0,33,0,16,6,NORTHERN BLVD,101ST ST,0,40.75740556,-73.867427780,0,8,0,0,3,2,1,0,3,1,0,1,0,0000000,0,33,0,43,99,99,0,0,0,1,0
36,360703,1,1,0,0,0,1,1,55,5230,17,9,2011,7,15,46,0,16,5,ORIOLE ST,ADMIRAL PK,0,43.17783056,-77.641766670,0,44,0,0,3,1,1,0,1,10,0,10,0,0000000,15,46,15,51,16,17,0,0,0,1,0
36,360704,1,1,0,1,1,1,1,103,705,26,8,2011,6,23,34,0,16,6,WAVERLY AVE,GATEWAY BLVD,0,40.78231667,-73.036858330,0,8,0,0,3,3,1,0,2,1,0,1,0,0000000,23,38,23,40,99,99,0,0,0,1,0
36,360705,1,1,0,1,1,1,1,61,4170,29,8,2011,2,17,13,1,13,6,2ND AVE,E 53RD ST,0,40.75673056,-73.967116670,0,8,0,0,3,2,1,0,1,1,0,1,0,0000000,99,99,99,99,99,99,0,0,0,1,0
36,360706,1,1,0,0,0,1,1,103,2920,10,9,2011,7,22,50,0,13,6,MONTAUK HWY,SOUTH ST,0,40.74203056,-73.077175000,0,5,0,0,2,3,1,0,2,1,0,1,0,0000000,22,52,22,55,88,88,0,0,0,1,1
36,360707,1,1,0,1,1,2,2,47,4170,2,9,2011,6,20,4,0,16,6,BORINQUEN PL,RODNEY ST,0,40.71058611,-73.955066670,0,9,0,0,2,2,1,0,3,1,0,1,0,0000000,99,99,99,99,99,99,0,0,0,1,0
36,360708,2,2,0,0,0,2,2,103,705,7,9,2011,4,17,22,0,14,4,CR-111,,0,40.86461944,-72.780366670,0,12,2,0,1,1,1,0,1,2,10,2,0,0000000,17,25,99,99,99,99,0,0,0,1,0
36,360709,1,1,0,1,1,1,1,33,5401,17,9,2011,7,9,3,0,4,3,SR-458,,0,44.66676389,-74.585111110,0,8,0,0,1,1,1,0,1,1,0,1,0,0000000,9,3,9,15,9,30,23,0,0,1,0
36,360710,1,1,0,0,0,1,1,55,5230,18,9,2011,1,9,45,0,13,6,W RIDGE RD,WOODSIDE ST,0,43.19949722,-77.636647220,0,33,0,0,3,2,4,0,1,1,0,1,0,0000000,9,51,9,53,88,88,0,0,0,1,0
36,360711,2,2,0,1,1,2,2,103,2920,17,9,2011,7,5,30,1,2,3,SR-454,,0,40.78196944,-73.085569440,0,8,0,0,1,1,1,0,2,1,0,1,0,0000000,5,35,5,42,99,99,0,0,0,1,0
36,360712,2,2,0,1,1,3,3,7,3280,18,9,2011,1,18,39,0,4,2,US-11,,0,42.35501111,-75.999777780,0,8,0,0,1,1,1,0,1,1,0,1,0,0000000,99,99,99,99,88,88,23,0,0,1,0
36,360713,1,1,0,0,0,1,1,27,2785,18,9,2011,1,5,3,1,1,1,I-84,,0,41.54732778,-73.727225000,0,35,0,0,1,1,3,0,3,1,0,1,0,0000000,5,4,5,20,6,45,0,0,0,1,0
36,360714,2,2,0,0,0,4,4,87,5930,20,9,2011,3,12,22,0,14,6,KENNEDY DR,ALTURAS RD,0,41.10823889,-74.058175000,0,12,1,0,3,3,1,0,1,1,0,1,0,0000000,99,99,99,99,99,99,0,0,0,1,0
36,360715,1,1,0,0,0,1,1,109,1437,22,9,2011,5,1,41,0,2,3,SR-96B,,0,42.37643889,-76.489550000,0,34,0,0,1,1,4,0,2,1,0,1,0,0000000,1,41,1,55,88,88,0,0,0,1,0
36,360716,1,1,0,1,1,1,1,103,360,15,9,2011,5,13,48,0,16,6,S BROADWAY,W HOFFMAN AVE,0,40.68598611,-73.376605560,0,8,0,0,3,3,1,0,1,10,0,10,0,0000000,99,99,99,99,99,99,0,0,0,1,0
36,360717,1,1,0,0,0,2,2,27,5110,16,9,2011,6,6,50,0,6,5,W KERLEY CORNERS RD,,0,42.04226111,-73.854505560,0,35,0,0,1,1,4,0,1,1,0,1,0,0000000,99,99,99,99,99,99,0,0,0,1,0
36,360718,2,1,1,0,2,1,3,81,4170,19,9,2011,2,23,23,0,13,6,SUTPHIN BLVD,,0,40.69944722,-73.807938890,0,45,0,0,1,1,1,1,3,1,0,1,0,0000000,99,99,99,99,99,99,0,0,0,1,0
36,360719,1,1,0,0,0,1,1,63,4210,23,9,2011,6,16,34,0,5,6,TUSCARORA RD,,0,43.10176944,-78.962416670,0,33,0,0,1,1,4,0,1,2,10,2,0,0000000,16,35,16,37,17,14,0,0,0,1,0
36,360720,3,3,0,0,0,4,4,29,6090,23,9,2011,6,20,57,0,16,6,COLVIN BLVD,EGGERT RD,0,42.99836667,-78.852116670,0,12,6,1,2,4,1,0,3,2,0,2,0,0000000,20,59,21,4,21,43,0,0,0,1,1
36,360721,2,2,0,1,1,2,2,47,4170,23,9,2011,6,21,0,0,13,6,UTICA AVE,FLATLANDS AVE,0,40.62588333,-73.928341670,0,8,0,0,2,2,1,0,3,2,10,2,0,0000000,99,99,99,99,99,99,0,0,0,1,0
36,360722,2,2,0,0,0,3,3,11,6180,21,9,2011,4,7,9,0,6,5,CONNORS RD,WEBB RD,0,42.87796389,-76.663944440,0,12,6,0,2,2,1,0,1,10,0,10,0,0000000,7,9,7,16,8,0,0,0,0,1,0
36,360723,1,1,0,0,0,1,1,25,180,24,9,2011,7,23,55,0,4,6,FALL CLOVE RD,,0,42.14880000,-74.873302780,0,42,0,0,1,1,4,0,2,1,0,1,0,0000000,0,53,3,37,88,88,0,0,0,1,1
36,360724,1,1,0,1,1,1,1,61,4170,10,3,2011,5,21,30,0,16,6,W 179TH ST,BROADWAY,0,40.84893333,-73.937205560,0,8,0,0,2,2,1,0,3,2,0,2,0,0000000,99,99,99,99,99,99,0,0,0,1,0
36,360725,2,1,1,0,0,1,1,81,4170,29,5,2011,1,5,31,1,2,3,SR-907M,,0,40.71795278,-73.797008330,0,42,0,0,1,1,4,0,1,1,0,1,0,0000000,99,99,99,99,99,99,0,0,0,1,1
36,360726,2,2,0,0,0,4,4,55,680,23,9,2011,6,21,28,0,16,5,BROCKPRTSPENCERPRTRD,,0,43.18908889,-77.881480560,0,12,2,0,1,1,1,0,3,10,0,10,0,0000000,21,28,21,33,22,17,0,0,0,2,0
36,360727,1,1,0,1,1,1,1,65,6275,24,9,2011,7,4,19,0,3,3,SR-13,,0,43.16539722,-75.735072220,0,8,0,0,1,1,1,0,2,10,0,10,0,0000000,4,19,4,37,88,88,0,0,0,1,0
36,360728,1,1,0,0,0,2,2,59,2160,24,9,2011,7,20,2,0,14,6,MILL RD,BUFFALO AVE,0,40.65268333,-73.571772220,0,33,0,0,3,3,4,0,3,1,0,1,0,0000000,20,2,20,12,20,40,0,0,0,1,1
36,360729,1,1,0,1,1,4,4,61,4170,24,9,2011,7,23,52,0,16,6,E 116TH ST,,0,40.79712500,-73.938241670,0,8,0,0,1,1,1,0,3,10,0,10,0,0000000,99,99,99,99,99,99,0,0,0,1,0
36,360730,1,1,0,1,1,2,2,59,2600,24,9,2011,7,20,33,0,13,6,AUSTIN BLVD,EMPIRE BLVD,0,40.61569444,-73.643036110,0,8,0,0,3,7,1,0,3,10,0,10,0,0000000,20,34,20,37,21,5,0,0,0,1,0
36,360731,1,1,0,0,0,1,1,13,1832,26,9,2011,2,18,22,0,6,6,WATERMAN RD,,0,42.18351667,-79.147686110,0,1,0,0,1,1,4,0,1,1,0,1,0,0000000,18,22,18,27,19,5,0,0,0,1,1
36,360732,1,1,0,1,1,1,1,59,4090,25,9,2011,1,4,10,1,13,3,SR-101,,0,40.81723333,-73.680450000,0,9,0,0,1,1,1,0,3,10,0,10,0,0000000,4,16,4,28,88,88,0,0,0,1,0
36,360733,2,2,0,0,0,3,3,71,1431,27,9,2011,3,19,30,0,5,6,GREENVILLE TPKE,,0,41.35208333,-74.683069440,0,12,2,0,1,1,1,0,3,10,0,10,0,0000000,19,30,19,35,20,0,0,0,0,2,0
36,360734,2,2,0,0,0,2,2,113,3100,24,9,2011,7,15,8,1,2,2,US-9,,0,43.41430556,-73.712283330,0,12,6,0,8,1,1,0,1,1,0,1,0,0000000,15,8,15,13,15,49,0,0,0,1,0
36,360735,3,3,0,0,0,3,3,47,4170,27,9,2011,3,4,38,1,11,1,I-278,,0,40.61968611,-74.023772220,0,12,1,0,1,1,1,1,3,1,0,1,0,0000000,4,38,4,39,99,99,0,0,0,1,0
36,360736,1,1,0,1,1,1,1,47,4170,27,9,2011,3,19,54,0,15,6,PAERDEGAT 4TH ST,PAERDEGAT AVE,0,40.63078889,-73.910705560,0,8,0,0,2,3,1,0,3,1,0,1,0,0000000,99,99,99,99,99,99,0,0,0,1,0
36,360737,1,1,0,0,0,1,1,103,160,29,9,2011,5,8,5,0,13,6,BROADWAY,LOUDEN AVE,0,40.68347778,-73.418950000,0,18,0,0,3,3,4,0,1,2,10,2,0,0000000,99,99,99,99,99,99,0,0,0,1,0
36,360738,2,2,0,0,0,2,2,85,4170,28,9,2011,4,16,30,0,13,6,VICTORY BLVD,MARX ST,0,40.61453333,-74.109575000,0,12,2,0,2,3,1,0,1,10,0,10,0,0000000,16,33,16,37,16,45,0,0,0,1,0
36,360739,3,3,0,0,0,5,5,69,1961,30,9,2011,6,10,50,0,3,4,CR-28,SHORTSVILLE RD,0,42.95620278,-77.277500000,0,12,6,0,2,2,1,0,1,1,0,1,0,0000000,11,2,11,9,11,36,0,0,0,1,0
36,360740,1,1,0,1,1,1,1,47,4170,1,10,2011,7,1,57,0,16,6,PITKIN AVE,SHEPHERD AVE,0,40.67396944,-73.880852780,0,8,0,0,3,2,1,0,3,2,0,2,0,0000000,99,99,99,99,99,99,0,0,0,1,0
36,360741,1,1,0,1,1,1,1,29,750,2,10,2011,1,6,0,0,16,5,BROADWAY,SOBIESKI ST,0,42.89431944,-78.832758330,0,8,0,0,3,1,1,0,3,2,0,2,0,0000000,99,99,99,99,99,99,0,0,0,1,0
36,360742,2,2,0,1,1,2,2,39,970,3,10,2011,2,19,34,1,2,3,SR-23,,0,42.26906667,-73.946930560,0,8,0,1,17,1,1,0,2,1,0,1,0,0000000,19,34,19,38,88,88,0,0,0,1,0
36,360743,1,1,0,0,0,1,1,9,4760,4,10,2011,3,18,2,0,6,5,TOWNLINE RD,,0,42.43428333,-78.971247220,0,42,0,0,1,1,4,0,1,10,0,10,0,0000000,18,52,19,45,88,88,0,0,0,1,0
36,360744,1,1,0,1,1,2,2,61,4170,12,9,2011,2,22,19,0,16,6,E 125TH ST,,0,40.80447500,-73.937661110,0,8,0,0,1,1,1,0,3,1,0,1,0,0000000,99,99,99,99,99,99,0,0,0,1,0