STATE,ST_CASE,VE_TOTAL,VE_FORMS,PVH_INVL,PEDS,PERNOTMVIT,PERMVIT,PERSONS,COUNTY,CITY,DAY,MONTH,YEAR,DAY_WEEK,HOUR,MINUTE,NHS,ROAD_FNC,ROUTE,TWAY_ID,TWAY_ID2,MILEPT,LATITUDE,LONGITUD,SP_JUR,HARM_EV,MAN_COLL,RELJCT1,RELJCT2,TYP_INT,REL_ROAD,WRK_ZONE,LGT_COND,WEATHER1,WEATHER2,WEATHER,SCH_BUS,RAIL,NOT_HOUR,NOT_MIN,ARR_HOUR,ARR_MIN,HOSP_HR,HOSP_MN,CF1,CF2,CF3,FATALS,DRUNK_DR
36,360745,2,2,0,0,0,5,5,45,1900,3,10,2011,2,17,22,1,2,3,SR-12,SR-342,0,44.02949722,-75.934991670,0,12,6,0,3,3,1,0,1,10,0,10,0,0000000,17,21,17,31,18,4,20,0,0,1,0
36,360746,1,1,0,1,1,1,1,5,4170,18,9,2011,1,1,22,0,16,6,STORY AVE,,0,40.82558611,-73.848136110,0,8,0,0,1,1,1,0,3,1,0,1,0,0000000,1,10,1,30,99,99,0,0,0,1,0
36,360747,1,1,0,0,0,1,1,27,2000,4,10,2011,3,13,41,1,13,2,US-9,,0,41.50660278,-73.897675000,0,30,0,0,1,1,4,0,1,10,0,10,0,0000000,13,42,13,54,88,88,0,0,0,1,0
36,360748,2,2,0,0,0,2,2,103,5810,4,10,2011,3,13,53,0,3,5,MONTAUK HWY,CANOE PLACE RD,0,40.88537778,-72.473333330,0,12,6,0,2,3,1,0,1,2,0,2,0,0000000,99,99,99,99,99,99,0,0,0,1,0
36,360749,2,1,1,0,0,1,1,55,5230,4,10,2011,3,23,1,1,11,1,I-490,CAMPBELL ST,0,43.15728611,-77.642863890,0,24,0,1,2,4,4,0,3,1,0,1,0,0000000,23,57,0,52,88,88,0,0,0,1,1
36,360750,2,2,0,0,0,4,4,111,5,4,10,2011,3,12,20,1,2,2,US-44,JENNY LN,0,41.74260278,-74.254638890,0,12,1,0,3,3,1,4,1,10,0,10,0,0000000,12,30,12,40,13,30,0,0,0,1,0
36,360751,2,2,0,0,0,2,2,47,4170,30,8,2011,3,21,12,0,14,6,TILDEN AVE,LOTT ST,0,40.64664444,-73.954066670,0,12,6,0,2,2,1,0,3,10,0,10,0,0000000,99,99,99,99,99,99,0,0,0,1,0
36,360752,1,1,0,0,0,1,1,47,4170,19,8,2011,6,13,46,0,16,6,82ND ST,,0,40.61936111,-74.016516670,0,42,0,0,1,1,4,0,1,1,0,1,0,0000000,99,99,99,99,99,99,0,0,0,1,1
36,360753,3,2,1,1,1,3,3,61,4170,4,10,2011,3,23,40,0,15,6,W 25TH ST,8TH AVE,0,40.74654167,-73.997497220,0,12,6,0,2,2,1,0,3,1,0,1,0,0000000,99,99,99,99,99,99,0,0,0,1,0
36,360754,1,1,0,1,1,1,1,67,1179,5,10,2011,4,0,50,0,16,4,CR-57,,0,43.14555833,-76.229827780,0,8,0,0,1,1,2,0,3,1,0,1,0,0000000,6,56,7,11,7,27,0,0,0,1,0
36,360755,1,1,0,1,1,1,1,65,6275,5,10,2011,4,22,34,1,2,3,SR-365,,0,43.11587778,-75.596361110,0,8,0,0,1,1,1,0,2,10,0,10,0,0000000,22,34,22,36,88,88,0,0,0,1,0
36,360756,1,1,0,1,1,1,1,87,5077,5,10,2011,4,18,56,0,13,3,SR-59,,0,41.10773056,-74.065094440,0,9,0,0,1,1,1,0,3,1,0,1,0,0000000,99,99,99,99,99,99,0,0,0,1,0
36,360757,3,3,0,0,0,5,5,121,2956,6,10,2011,5,14,57,0,4,3,SR-78,PEE DEE RD,0,42.65095000,-78.338266670,0,12,6,0,2,2,1,0,1,1,0,1,0,0000000,14,57,15,0,99,99,0,0,0,2,0
36,360758,1,1,0,1,1,5,5,119,4120,6,10,2011,5,13,0,0,16,6,GUION PL,LOCKWOOD AVE,0,40.91390278,-73.787716670,0,8,0,0,2,2,1,0,1,1,0,1,0,0000000,13,0,13,0,13,5,0,0,0,1,0
36,360759,1,1,0,1,1,1,1,75,4540,6,10,2011,5,11,0,0,6,4,CR-20,RATHBURN RD,0,43.41328056,-76.523688890,0,9,0,0,3,2,1,0,1,1,0,1,0,0000000,11,2,11,3,12,2,0,0,0,1,0
36,360760,2,2,0,0,0,2,2,65,1220,6,10,2011,5,13,19,1,13,3,SR-5,FRENCH RD,0,43.07779167,-75.381058330,0,12,1,0,3,3,1,0,1,1,0,1,0,0000000,13,20,13,24,13,44,0,0,0,1,0
36,360761,2,2,0,0,0,4,4,75,4540,7,10,2011,6,9,22,0,2,3,SR-104,,0,43.47542500,-76.365402780,0,12,2,0,1,1,1,0,1,1,0,1,0,0000000,9,22,9,32,88,88,0,0,0,2,0
36,360762,1,1,0,0,0,1,1,79,900,7,10,2011,6,16,22,0,3,3,SR-52,LUDINGTONVILLE RD,0,41.50827222,-73.683927780,0,1,0,0,3,3,1,0,1,1,0,1,0,0000000,16,22,16,27,16,44,0,0,0,1,0
36,360763,2,2,0,0,0,2,2,107,4580,7,10,2011,6,15,36,0,2,3,SR-434,,0,42.08221944,-76.221261110,0,12,2,0,1,1,1,0,1,1,0,1,0,0000000,15,36,15,46,16,58,0,0,0,2,1
36,360764,1,1,0,1,1,4,4,29,750,8,10,2011,7,4,36,0,16,5,BROADWAY,GIBSON ST,0,42.89322222,-78.838105560,0,18,0,0,3,2,4,0,3,1,0,1,0,0000000,99,99,99,99,99,99,0,0,0,2,1
36,360765,1,1,0,0,0,2,2,1,1290,5,10,2011,4,20,20,0,6,6,OLD NISKAYUNA RD,,0,42.75375833,-73.794527780,0,42,0,0,1,1,4,0,3,1,0,1,0,0000000,20,20,20,23,21,8,0,0,0,1,0
36,360766,1,1,0,0,0,1,1,113,2968,8,10,2011,7,9,14,0,4,4,CR-57,,0,43.56243611,-73.925202780,0,35,0,0,1,1,4,0,2,1,0,1,0,0000000,9,14,9,25,88,88,0,0,0,1,1
36,360767,1,1,0,0,0,1,1,9,2712,8,10,2011,7,13,32,0,6,5,FLANIGAN HILL RD,,0,42.16665000,-78.387138890,0,1,0,0,1,1,1,0,1,1,0,1,0,0000000,13,32,13,33,13,53,0,0,0,1,1
36,360768,2,2,0,0,0,2,2,67,3082,8,10,2011,7,9,7,0,6,4,APULIA RD,W SHORE MANOR RD,0,42.96839167,-76.072958330,0,12,6,0,2,3,1,0,1,1,0,1,0,0000000,9,8,9,20,10,2,0,0,0,1,0
36,360769,1,1,0,0,0,1,1,101,801,8,10,2011,7,15,0,0,16,6,CR-119,,0,42.20500556,-77.414461110,0,24,0,0,1,1,4,0,1,1,0,1,0,0000000,15,0,15,20,88,88,0,0,0,1,0
36,360770,2,2,0,0,0,3,3,119,6820,8,10,2011,7,19,38,0,16,6,SCARSDALE RD,,0,40.97842778,-73.818219440,0,12,6,0,8,1,1,0,3,1,0,1,0,0000000,99,99,99,99,99,99,0,0,0,1,1
36,360771,1,1,0,1,1,1,1,61,4170,12,10,2011,4,18,54,0,14,6,CENTRAL PARK WEST,W 77TH ST,0,40.77945556,-73.973569440,0,8,0,0,3,2,1,0,3,2,10,2,0,0000000,99,99,99,99,99,99,0,0,0,1,0
36,360772,1,1,0,0,0,1,1,71,3840,13,10,2011,5,16,14,0,3,3,SR-52,RYDER RD,0,41.58381944,-74.210494440,0,34,0,0,3,3,4,0,1,10,0,10,0,0000000,16,14,16,23,17,21,0,0,0,1,0
36,360773,2,2,0,0,0,5,5,43,6650,9,10,2011,1,13,38,1,2,2,US-20,JONES RD,0,42.88854444,-75.164952780,0,12,6,0,2,2,1,0,1,1,0,1,0,0000000,13,41,13,43,99,99,0,0,0,1,0
36,360774,2,2,0,0,0,2,2,67,3310,14,10,2011,6,20,20,0,16,6,BREWERTON RD,,0,43.11574722,-76.145208330,0,12,6,0,1,1,1,0,3,3,10,3,0,0000000,99,99,99,99,99,99,0,0,0,1,1
36,360775,1,1,0,1,1,1,1,103,360,11,10,2011,3,2,20,1,12,3,SR-27,,0,40.71389444,-73.338675000,0,8,0,0,1,1,1,0,2,1,0,1,0,0000000,2,20,2,40,2,55,0,0,0,1,0
36,360776,1,1,0,0,0,2,2,27,4690,12,10,2011,4,23,2,0,15,5,W MAIN ST,,0,41.56303056,-73.608686110,0,35,0,0,1,1,4,0,3,2,0,2,0,0000000,23,4,23,8,23,46,0,0,0,1,1
36,360777,2,2,0,0,0,4,4,81,4170,15,10,2011,7,6,50,0,16,6,58TH RD,69TH LANE,0,40.72538056,-73.890961110,0,12,2,0,1,1,1,0,1,1,0,1,0,0000000,99,99,99,99,99,99,0,0,0,1,0
36,360778,2,2,0,0,0,3,3,59,4600,12,10,2011,4,3,5,1,11,1,I-495,,0,40.78557778,-73.532588890,0,12,6,1,5,1,1,0,2,10,0,10,0,0000000,3,9,3,17,88,88,0,0,0,1,0
36,360779,2,2,0,0,0,4,4,119,4120,9,9,2011,6,16,19,0,15,5,5TH AVE,,0,40.93043611,-73.768600000,0,12,6,0,8,1,1,0,1,1,0,1,0,0000000,16,19,99,99,99,99,0,0,0,1,0
36,360780,1,1,0,0,0,1,1,59,2600,15,10,2011,7,18,22,1,2,3,SR-908T,,0,99.99990000,999.999900000,0,42,0,0,1,1,3,0,1,1,0,1,0,0000000,18,23,18,30,18,40,0,0,0,1,1
36,360781,1,1,0,1,1,1,1,97,6480,16,10,2011,1,6,30,0,3,3,SR-414,CR-31,0,42.35921667,-76.868555560,0,9,0,0,2,3,1,0,2,10,0,10,0,0000000,99,99,99,99,99,99,0,0,0,1,0
36,360782,3,1,2,0,0,2,2,63,4210,17,10,2011,2,22,59,0,14,6,WALNUT ST,,0,43.09333333,-79.043561110,0,14,0,0,1,1,7,0,3,10,0,10,0,0000000,23,2,23,5,99,99,0,0,0,1,0
36,360783,2,2,0,0,0,3,3,103,5390,16,10,2011,1,14,20,0,3,5,MILLS POND RD,ARROWOOD DR,0,40.88325278,-73.144652780,0,12,6,0,2,2,1,0,1,1,0,1,0,0000000,99,99,99,99,99,99,0,0,0,1,0
36,360784,1,1,0,1,1,2,2,71,6645,17,10,2011,2,21,25,0,16,4,CR-1,LOWER RD,0,41.32078889,-74.516697220,0,9,0,0,2,3,1,0,3,1,0,1,0,0000000,21,25,21,25,22,10,0,0,0,1,0
36,360785,2,1,1,0,2,1,3,87,2700,20,10,2011,5,12,21,1,1,1,I-87,,309,99.99990000,999.999900000,0,14,0,0,1,1,2,0,1,10,0,10,0,0000000,12,25,12,26,88,88,0,0,0,1,0
36,360786,2,2,0,0,0,9,9,69,1961,22,10,2011,7,15,15,0,6,5,FOX RD,YELLOW MILLS RD,0,43.01953611,-77.256833330,0,12,6,0,2,2,1,0,1,10,0,10,0,0000000,15,15,15,25,16,28,0,0,0,1,0
36,360787,1,1,0,0,0,1,1,5,4170,23,10,2011,1,6,10,0,16,6,BRUCKNER BLVD,,0,40.80396389,-73.913927780,0,30,0,0,1,1,3,0,4,1,0,1,0,0000000,99,99,99,99,99,99,0,0,0,1,0
36,360788,1,1,0,0,0,1,1,29,70,21,10,2011,6,15,17,0,6,5,COUNTYLINE RD,,0,42.92231389,-78.463758330,0,34,0,0,1,1,4,0,1,10,0,10,0,0000000,15,17,99,99,99,99,0,0,0,1,0
36,360789,1,1,0,0,0,1,1,103,705,7,10,2011,6,16,52,0,15,5,WHISKEY RD,,0,40.91222500,-72.901719440,0,30,0,0,1,1,4,0,1,1,0,1,0,0000000,16,52,16,59,99,99,0,0,0,1,0
36,360790,1,1,0,1,1,1,1,103,2920,16,10,2011,1,23,0,0,16,6,495 SERVICE RD,,0,40.74276111,-73.194558330,0,9,0,0,1,1,1,0,2,1,0,1,0,0000000,99,99,99,99,88,88,0,0,0,1,0
36,360791,1,1,0,1,1,1,1,103,705,1,10,2011,7,19,30,1,13,3,SR-25,SELDEN CT,0,40.86607778,-73.038241670,0,8,0,0,3,1,1,0,3,10,0,10,0,0000000,99,99,99,99,99,99,0,0,0,1,0
36,360792,2,2,0,0,0,2,2,7,6740,23,10,2011,1,15,30,0,6,4,CR-28,,0,42.07330000,-75.646613890,0,12,7,0,8,1,1,0,1,1,0,1,0,0000000,15,30,15,40,16,19,0,0,0,1,1
36,360793,1,1,0,0,0,1,1,71,4060,23,10,2011,1,12,20,1,11,1,I-84 EXIT 8 RAMP,S PLANK RD,0,41.51343889,-74.047875000,0,35,0,1,5,1,4,0,1,1,0,1,0,0000000,12,26,12,34,12,53,0,0,0,1,0
36,360794,2,2,0,0,0,3,3,7,3453,11,10,2011,3,15,38,0,6,5,OAKDALE RD,,0,42.17250556,-75.984994440,0,12,6,0,8,1,1,0,1,10,0,10,0,0000000,15,38,15,48,16,4,0,0,0,1,0
36,360795,1,1,0,0,0,1,1,103,2920,23,10,2011,1,10,32,0,12,3,SR-907D,,0,40.74763056,-73.257933330,0,42,0,0,1,1,4,0,1,10,0,10,0,0000000,99,99,99,99,99,99,0,0,0,1,0
36,360796,2,2,0,0,0,3,3,15,1850,24,10,2011,2,17,53,0,16,6,PENNSYLVANIA AVE,BOARDMAN ST,0,42.08036111,-76.802158330,0,12,6,0,2,2,1,0,1,10,0,10,0,0000000,99,99,99,99,99,99,0,0,0,1,0
36,360797,2,2,0,0,0,6,6,103,705,8,10,2011,7,8,25,0,13,4,CR-111,MONTAUK AVE,0,40.86016667,-72.765302780,0,12,6,0,2,2,1,0,1,1,0,1,0,0000000,99,99,99,99,99,99,0,0,0,2,0
36,360798,2,2,0,1,1,2,2,103,705,6,10,2011,5,21,35,0,5,5,S COUNTRY RD,CLINTON AVE,0,40.75679722,-72.963555560,0,9,0,0,2,3,1,0,2,1,0,1,0,0000000,21,36,21,37,22,25,0,0,0,1,0
36,360799,1,1,0,1,1,1,1,119,6670,25,10,2011,3,18,46,1,2,3,SR-907H,CENTRAL AVE,0,41.03616389,-73.779083330,0,8,0,0,2,2,1,0,3,1,0,1,0,0000000,18,46,18,51,88,88,0,0,0,1,0
36,360800,1,1,0,1,1,1,1,81,4170,24,10,2011,2,6,36,1,13,3,SR-907M,,0,99.99990000,999.999900000,0,8,0,0,1,1,1,0,3,1,0,1,0,0000000,6,38,6,45,7,5,0,0,0,1,0
36,360801,1,1,0,1,1,1,1,47,4170,25,10,2011,3,16,45,0,13,6,BEDFORD AVE,CLARKSON AVE,0,40.65496389,-73.956200000,0,8,0,0,3,2,1,0,1,1,0,1,0,0000000,99,99,99,99,99,99,0,0,0,1,0
36,360802,2,2,0,0,0,2,2,61,4170,26,10,2011,4,14,3,1,13,6,11TH AVE,W 44TH ST,0,40.76213333,-73.997325000,0,12,6,0,2,2,1,0,1,1,0,1,0,0000000,99,99,99,99,99,99,0,0,0,1,0
36,360803,2,2,0,0,0,2,2,59,2600,26,10,2011,4,19,8,0,16,6,NEWBRIDGE RD,LAWN DR,0,40.71190278,-73.544127780,0,12,2,0,2,3,1,0,3,10,0,10,0,0000000,19,10,19,13,19,24,0,0,0,1,0
36,360804,1,1,0,0,0,1,1,27,147,27,10,2011,5,23,35,1,2,3,SR-22,SR-44,0,41.95259722,-73.512102780,0,33,0,0,3,3,4,0,2,4,0,4,0,0000000,99,99,99,99,99,99,0,0,0,1,0
36,360805,1,1,0,1,1,2,2,47,4170,27,10,2011,5,4,50,0,13,6,CONEY ISLAND AVE,,0,40.61021667,-73.962394440,0,8,0,0,1,1,1,0,3,98,0,98,0,0000000,99,99,99,99,99,99,0,0,0,1,0
36,360806,2,2,0,0,0,3,3,119,5033,27,10,2011,5,16,44,0,3,3,SR-137,OLD SNAKE HILL RD,0,41.18259167,-73.567505560,0,12,6,0,2,4,1,0,1,2,0,2,0,0000000,16,57,17,25,17,30,0,0,0,1,0
36,360807,1,1,0,1,1,1,1,99,5630,27,10,2011,5,12,22,1,13,2,US-20,STATE ST,0,42.91047222,-76.798694440,0,8,0,0,3,2,1,0,1,2,0,2,0,0000000,12,23,12,37,13,5,0,0,0,1,0
36,360808,2,2,0,2,2,1,1,47,4170,9,9,2011,6,11,58,1,11,1,I-278,,0,99.99990000,999.999900000,0,12,1,0,1,1,1,0,1,1,0,1,0,0000000,99,99,99,99,99,99,23,0,0,2,0
36,360809,2,2,0,0,0,3,3,57,170,27,10,2011,5,17,39,0,2,3,SR-5W,PINE ST,0,42.94088889,-74.198900000,0,12,6,0,2,3,1,0,5,2,0,2,0,0000000,99,99,99,99,99,99,0,0,0,1,0
36,360810,1,1,0,1,1,1,1,81,4170,8,10,2011,7,16,0,0,13,6,WETHEROLE ST,WOODHAVEN BLVD,0,40.73110278,-73.871480560,0,8,0,0,3,2,1,0,1,1,0,1,0,0000000,99,99,99,99,99,99,0,0,0,1,0
36,360811,1,1,0,1,1,1,1,59,2600,18,10,2011,3,19,21,0,16,5,CLINTON ST,,0,40.71387222,-73.620844440,0,9,0,0,1,1,1,0,3,1,0,1,0,0000000,99,99,99,99,99,99,0,0,0,1,0
36,360812,1,1,0,0,0,3,3,73,5195,28,8,2011,1,1,11,0,5,4,CULVERT RD,,0,43.23580556,-78.340494440,0,42,0,0,1,1,4,0,2,1,0,1,0,0000000,1,12,1,16,1,55,0,0,0,1,1
36,360813,1,1,0,0,0,1,1,29,2485,28,10,2011,6,1,32,0,3,3,SR-62,BIG TREE RD,0,42.77183611,-78.823875000,0,17,0,0,3,6,4,0,3,1,0,1,0,0000000,1,32,1,35,88,88,0,0,0,1,1
36,360814,1,1,0,0,0,2,2,59,4090,26,10,2011,4,12,0,0,14,5,WILLIS AVE,BETHEL RD,0,40.76601944,-73.647163890,0,59,0,0,3,3,4,0,1,10,0,10,0,0000000,99,99,99,99,99,99,0,0,0,1,0
36,360815,1,1,0,1,1,1,1,47,4170,28,10,2011,6,8,30,0,16,6,5TH AVE,34TH ST,0,40.65404722,-74.000977780,0,8,0,0,3,3,1,0,1,1,0,1,0,0000000,99,99,99,99,99,99,0,0,0,1,0
36,360816,2,1,1,1,1,1,1,7,6740,28,10,2011,6,6,38,1,1,3,SR-17W,,0,42.07201667,-75.638597220,0,8,0,0,1,1,2,0,2,5,0,5,0,0000000,6,38,6,53,99,99,0,0,0,1,0
36,360817,1,1,0,1,1,1,1,103,5769,28,10,2011,6,1,35,1,2,3,SR-25A,SUNKEN MEADOW PKWY,0,40.89647500,-73.265536110,0,8,0,0,2,2,1,2,2,10,0,10,0,0000000,1,40,1,49,88,88,0,0,0,1,0
36,360818,2,2,0,0,0,3,3,35,3630,28,10,2011,6,19,26,0,4,3,SR-349,,0,43.07256944,-74.290863890,0,12,2,0,1,1,1,0,3,10,0,10,0,0000000,19,27,19,31,20,12,0,0,0,1,0
36,360819,1,1,0,0,0,1,1,51,5932,29,10,2011,7,7,30,0,3,3,SR-15A,,0,99.99990000,999.999900000,0,24,0,0,1,1,4,0,4,10,0,10,0,0000000,7,38,7,51,88,88,0,0,0,1,0
36,360820,1,1,0,1,1,1,1,103,2920,30,10,2011,1,3,36,0,12,3,SR-27,,0,40.74253056,-73.199897220,0,8,0,0,1,1,1,0,2,10,0,10,0,0000000,3,36,3,44,4,8,0,0,0,1,0
36,360821,1,1,0,1,1,1,1,17,4050,28,10,2011,6,18,50,0,4,4,CR-25,,0,42.68467500,-75.323291670,0,8,0,0,1,1,1,0,2,4,0,4,0,0000000,18,53,19,1,20,9,0,0,0,1,0
36,360822,2,2,0,0,0,3,3,103,705,28,10,2011,6,20,10,1,2,3,SR-27A,N DUNTON AVE,0,40.77044722,-72.963833330,0,12,2,0,2,2,1,0,3,1,0,1,0,0000000,99,99,99,99,99,99,0,0,0,1,0
36,360823,3,3,0,0,0,3,3,33,395,28,10,2011,6,7,49,0,3,4,CR-8,WAGNER RD,0,44.86957500,-74.474811110,0,12,2,0,2,2,1,0,1,1,0,1,0,0000000,7,49,7,54,10,0,0,0,0,1,0
36,360824,1,1,0,1,1,1,1,103,2840,26,10,2011,4,13,47,0,6,6,OLD COUNTRY RD,,0,40.77168056,-73.334911110,0,8,0,0,1,1,1,0,1,10,0,10,0,0000000,99,99,99,99,99,99,0,0,0,1,0
36,360825,1,1,0,1,1,1,1,71,1431,30,10,2011,1,19,30,0,2,4,CR-209,,0,41.45366667,-74.605250000,0,8,0,0,1,1,1,0,2,1,0,1,0,0000000,19,33,19,40,20,5,0,0,0,1,0
36,360827,1,1,0,1,1,1,1,5,4170,29,10,2011,7,12,18,0,13,6,STRANG AVE,BAYCHESTER AVE,0,40.89013333,-73.842566670,0,8,0,0,3,2,1,0,1,4,0,4,0,0000000,99,99,99,99,99,99,0,0,0,1,0
36,360828,1,1,0,0,0,3,3,103,2850,30,10,2011,1,4,9,1,1,1,I-908G,,0,99.99990000,999.999900000,0,25,0,0,1,1,3,0,3,2,10,2,0,0000000,6,6,7,1,99,99,0,0,0,1,1
36,360829,1,1,0,2,2,1,1,5,4170,30,10,2011,1,5,45,1,11,1,I-95,,0,40.82807778,-73.841155560,0,8,0,0,1,1,1,0,3,3,10,3,0,0000000,99,99,99,99,99,99,23,0,0,1,0
36,360830,1,1,0,0,0,1,1,9,1959,31,10,2011,2,6,41,0,6,6,PIGEON HILL RD,,0,42.42033611,-78.427380560,0,34,0,0,1,1,4,0,2,1,0,1,0,0000000,6,41,6,52,7,50,0,0,0,1,0
36,360831,1,1,0,1,1,1,1,81,4170,1,10,2011,7,11,45,0,16,6,188TH ST,73RD AVE,0,40.73306667,-73.783000000,0,8,0,0,3,2,1,0,1,1,0,1,0,0000000,99,99,99,99,99,99,0,0,0,1,0
36,360832,1,1,0,1,1,1,1,81,4170,5,10,2011,4,9,4,0,16,6,PARSONS BLVD,77TH RD,0,40.72298056,-73.810000000,0,8,0,0,3,2,1,0,1,1,0,1,0,0000000,9,5,9,12,99,99,0,0,0,1,0
36,360833,2,2,0,0,0,5,5,119,6670,29,10,2011,7,23,18,0,14,6,MAMARONECK AVE,,0,40.99263889,-73.746080560,0,12,2,0,1,1,1,0,3,4,0,4,0,0000000,23,18,23,25,99,99,0,0,0,3,1
36,360834,1,1,0,1,1,1,1,103,2840,24,10,2011,2,4,15,0,13,4,CR-66,SR-25,0,40.83458333,-73.336005560,0,8,0,0,3,4,1,0,3,1,0,1,0,0000000,4,20,4,27,88,88,0,0,0,1,0
36,360835,1,1,0,0,0,5,5,11,5633,31,10,2011,2,0,39,0,5,6,TURNPIKE RD,,0,42.99477222,-76.531536110,0,11,0,0,1,1,1,0,2,1,0,1,0,0000000,0,40,0,52,1,47,0,0,0,1,1
36,360836,1,1,0,0,0,1,1,101,4620,31,10,2011,2,3,12,1,1,1,I-86,,0,42.18510278,-77.132963890,0,1,0,0,1,1,4,1,2,10,0,10,0,0000000,3,12,3,18,99,99,0,0,0,1,0
36,360837,1,1,0,1,1,1,1,103,705,21,9,2011,4,22,35,1,13,3,SR-25,,0,40.86386111,-73.047361110,0,8,0,0,1,1,1,0,3,10,0,10,0,0000000,22,38,22,40,22,59,0,0,0,1,0
36,360838,5,2,3,0,0,3,3,1,50,30,10,2011,1,20,7,0,16,6,NORTH MAIN AVE,WESTERN AVE,0,42.66533889,-73.787977780,0,12,6,0,2,2,1,0,3,10,0,10,0,0000000,20,7,20,13,20,42,0,0,0,1,0
36,360839,2,1,1,3,3,1,1,103,360,30,10,2011,1,6,15,1,2,3,SR-27,,0,40.71386111,-73.339191670,0,14,0,0,1,1,2,0,2,10,0,10,0,0000000,6,27,6,38,99,99,0,0,0,1,1
36,360840,1,1,0,1,1,0,0,51,3240,1,11,2011,3,15,14,0,6,5,DORAN RD,,0,42.89009167,-77.570647220,0,8,0,0,1,1,1,0,1,10,0,10,0,0000000,15,16,15,26,88,88,0,0,0,1,0
36,360841,2,2,0,0,0,3,3,13,5730,1,11,2011,3,7,55,1,2,3,SR-60,,0,99.99990000,999.999900000,0,12,2,0,1,1,1,0,1,1,0,1,0,0000000,7,55,8,10,99,99,0,0,0,1,0
36,360842,1,1,0,0,0,1,1,1,2464,1,11,2011,3,13,44,0,14,5,SCHOOLHOUSE RD,,0,42.67475833,-73.848650000,0,42,0,0,1,1,4,0,1,1,0,1,0,0000000,99,99,99,99,99,99,0,0,0,1,0
36,360843,2,2,0,0,0,2,2,101,813,1,11,2011,3,16,17,0,6,4,CR-11,,0,42.24765556,-77.318469440,0,12,2,0,1,1,1,0,1,1,0,1,0,0000000,16,17,16,28,17,23,0,0,0,1,0
36,360844,1,1,0,1,1,1,1,29,750,4,11,2011,6,22,25,0,13,6,SOUTH PARK AVE,CHOATE AVE,0,42.84441389,-78.823588890,0,8,0,0,3,3,1,0,3,1,0,1,0,0000000,22,27,22,30,22,47,0,0,0,1,1
36,360845,2,2,0,0,0,2,2,71,4060,2,11,2011,4,15,15,0,2,3,SR-17K,AUTO PARK PL,0,41.50377500,-74.060797220,0,12,6,0,2,2,1,0,1,1,0,1,0,0000000,15,12,15,20,16,52,0,0,0,1,0
36,360846,1,1,0,0,0,4,4,67,6140,5,11,2011,7,2,15,1,11,1,I-81,,0,99.99990000,999.999900000,0,24,0,0,1,1,4,0,2,10,0,10,0,0000000,2,15,2,20,99,99,0,0,0,1,1
36,360847,1,1,0,1,1,1,1,47,4170,19,10,2011,4,0,1,0,16,6,MORGAN AVE,MESEROLE ST,0,40.70925556,-73.932983330,0,9,0,0,2,3,1,0,3,1,0,1,0,0000000,99,99,99,99,88,88,0,0,0,1,0
36,360848,1,1,0,0,0,1,1,119,6040,2,11,2011,4,22,28,1,1,1,I-287,,0,41.06065000,-73.850530560,0,24,0,0,1,1,4,0,2,10,0,10,0,0000000,99,99,99,99,99,99,0,0,0,1,1
36,360849,1,1,0,1,1,3,3,59,2600,4,11,2011,6,19,17,0,16,6,GREENWICH ST,HENRY ST,0,40.69997222,-73.615330560,0,9,0,0,3,2,1,0,5,1,0,1,0,0000000,99,99,99,99,99,99,0,0,0,1,0
36,360850,1,1,0,0,0,1,1,1,2464,6,11,2011,1,2,0,0,6,6,FULLER STATION RD,,0,42.71002500,-73.956886110,0,35,0,0,1,1,4,0,2,1,0,1,0,0000000,11,7,11,15,88,88,0,0,0,1,0
36,360851,1,1,0,1,1,1,1,61,4170,18,8,2011,5,17,30,1,13,6,DELANCEY ST,CHRYSTIE ST,0,40.71993611,-73.993052780,0,9,0,0,3,2,1,0,1,1,0,1,0,0000000,99,99,99,99,99,99,0,0,0,1,0
36,360852,4,1,3,0,0,1,1,85,4170,5,11,2011,7,19,30,0,16,6,WEST FINGERBOARD RD,WINDERMERE RD,0,40.60161111,-74.080141670,0,14,0,0,3,2,2,0,3,1,0,1,0,0000000,19,36,19,48,20,0,0,0,0,1,0
36,360853,1,1,0,1,1,1,1,47,4170,2,6,2011,5,18,10,0,16,6,HINSDALE ST,DUMONT AVE,0,40.66560278,-73.899088890,0,9,0,0,2,2,1,0,1,1,0,1,0,0000000,99,99,99,99,99,99,0,0,0,1,0
36,360854,2,2,0,0,0,2,2,47,4170,1,9,2011,5,8,45,0,16,6,LORING AVE,FORBELL ST,0,40.66787500,-73.861416670,0,12,2,0,2,3,1,0,1,1,0,1,0,0000000,99,99,99,99,99,99,0,0,0,1,0
36,360855,1,1,0,1,1,1,1,29,6642,8,10,2011,7,2,28,0,6,5,SENECA ST,,0,42.83799722,-78.778238890,0,8,0,0,1,1,2,0,3,1,0,1,0,0000000,2,28,2,35,2,45,0,0,0,1,0
36,360856,1,1,0,2,2,1,1,59,4600,6,11,2011,1,13,8,0,16,6,S OYSTER BAY RD,PARKFIELD CT,0,40.80327500,-73.502308330,0,8,0,0,3,2,1,0,1,1,0,1,0,0000000,99,99,99,99,99,99,0,0,0,1,0
36,360857,1,1,0,0,0,1,1,21,2269,5,11,2011,7,2,20,1,2,3,SR-9H,,0,42.34487778,-73.704313890,0,1,0,0,1,1,4,0,2,1,0,1,0,0000000,2,19,2,20,88,88,0,0,0,1,1