STATE,ST_CASE,VE_TOTAL,VE_FORMS,PVH_INVL,PEDS,PERNOTMVIT,PERMVIT,PERSONS,COUNTY,CITY,DAY,MONTH,YEAR,DAY_WEEK,HOUR,MINUTE,NHS,ROAD_FNC,ROUTE,TWAY_ID,TWAY_ID2,MILEPT,LATITUDE,LONGITUD,SP_JUR,HARM_EV,MAN_COLL,RELJCT1,RELJCT2,TYP_INT,REL_ROAD,WRK_ZONE,LGT_COND,WEATHER1,WEATHER2,WEATHER,SCH_BUS,RAIL,NOT_HOUR,NOT_MIN,ARR_HOUR,ARR_MIN,HOSP_HR,HOSP_MN,CF1,CF2,CF3,FATALS,DRUNK_DR
36,360858,1,1,0,0,0,1,1,47,4170,27,7,2011,4,5,28,0,15,6,CAMPUS RD,,0,40.63178333,-73.948344440,0,33,0,0,1,1,4,0,4,1,0,1,0,0000000,99,99,99,99,99,99,0,0,0,1,0
36,360859,1,1,0,1,1,1,1,47,4170,13,10,2011,5,7,38,0,13,6,FLATBUSH AVE,LINCOLN RD,0,40.66088333,-73.960838890,0,8,0,0,2,7,1,0,1,10,0,10,0,0000000,99,99,99,99,99,99,0,0,0,1,1
36,360860,1,1,0,1,1,1,1,59,2600,6,11,2011,1,1,32,0,14,5,LONG BEACH RD,,0,40.62206944,-73.640061110,0,9,0,0,1,1,1,0,3,1,0,1,0,0000000,1,32,1,34,1,46,0,0,0,1,0
36,360861,1,1,0,1,1,3,3,87,5077,6,11,2011,1,8,38,0,16,5,MAPLE AVE,DECATUR AVE,0,41.11691667,-74.054483330,0,8,0,0,3,2,1,0,1,1,0,1,1,0000000,99,99,99,99,99,99,0,0,0,1,0
36,360862,2,2,0,0,0,3,3,63,4729,6,11,2011,1,13,35,0,6,5,MAPLETON RD,TOWNLINE RD,0,43.12224722,-78.824569440,0,12,2,0,2,2,1,0,1,10,0,10,0,0000000,13,35,13,39,14,17,0,0,0,1,0
36,360863,1,1,0,0,0,1,1,29,1770,6,11,2011,1,11,54,0,3,4,E EDEN RD,,0,42.62745556,-78.827625000,0,59,0,0,1,1,4,0,1,1,0,1,0,0000000,11,54,12,12,13,0,0,0,0,1,0
36,360864,1,1,0,0,0,1,1,69,4770,7,11,2011,2,7,9,0,3,3,SR-96,,0,99.99990000,999.999900000,0,34,0,0,1,1,4,0,4,10,0,10,0,0000000,7,9,7,24,88,88,0,0,0,1,0
36,360865,2,2,0,0,0,2,2,59,3190,6,11,2011,1,10,55,1,2,3,SR-878,BROADWAY,0,40.60813333,-73.741833330,0,12,2,0,2,2,1,0,1,1,0,1,0,0000000,99,99,99,99,99,99,0,0,0,1,0
36,360866,3,3,0,0,0,3,3,91,2402,7,11,2011,2,10,56,0,3,3,SR-9N,,0,99.99990000,999.999900000,0,12,2,0,1,1,1,0,1,10,0,10,0,0000000,10,57,11,0,11,37,0,0,0,1,0
36,360867,3,3,0,0,0,5,5,59,2600,7,11,2011,2,22,13,1,2,3,SR-908E,,0,40.70006111,-73.577125000,0,12,1,0,1,1,1,0,3,1,0,1,0,0000000,99,99,22,30,22,58,0,0,0,1,0
36,360868,3,3,0,0,0,3,3,71,2320,8,11,2011,3,14,44,0,3,3,SR-17A,,0,41.36187500,-74.358166670,0,12,2,0,1,1,1,0,1,1,0,1,0,0000000,14,44,14,48,99,99,0,0,0,2,0
36,360869,1,1,0,0,0,1,1,55,5230,8,11,2011,3,10,51,1,1,1,I-490,,0,43.15764444,-77.663386110,0,25,0,0,1,1,4,0,1,1,0,1,0,0000000,10,51,10,55,11,7,0,0,0,1,0
36,360870,2,2,0,0,0,6,6,55,652,5,11,2011,7,4,32,0,3,4,S WINTON RD,SR-590,0,43.10815833,-77.575605560,0,12,6,1,2,2,1,0,3,10,0,10,0,0000000,4,32,4,39,5,0,0,0,0,1,0
36,360871,1,1,0,2,2,1,1,47,4170,4,11,2011,6,23,30,0,16,6,UITCA AVE,,0,40.64965278,-73.930152780,0,8,0,0,1,1,1,0,3,1,0,1,0,0000000,99,99,99,99,99,99,0,0,0,1,0
36,360872,1,1,0,1,1,1,1,29,156,8,7,2011,6,23,23,0,15,5,HEIM RD,,0,43.01912500,-78.749830560,0,15,0,0,1,1,2,0,3,1,0,1,0,0000000,23,25,23,31,23,47,0,0,0,1,1
36,360873,1,1,0,0,0,1,1,53,1762,9,11,2011,4,11,44,1,2,3,SR-26,,0,99.99990000,999.999900000,0,11,0,0,1,1,1,0,1,1,0,1,0,0000000,11,36,11,44,12,29,0,0,0,1,0
36,360874,1,1,0,0,0,1,1,37,1790,8,11,2011,3,15,45,0,6,5,N BYRON RD,,0,43.09966111,-78.131413890,0,42,0,0,1,1,4,0,1,1,0,1,0,0000000,15,45,15,50,88,88,0,0,0,1,0
36,360875,2,2,0,0,0,2,2,7,1510,9,11,2011,4,12,23,0,5,3,SR-41,,0,42.15978056,-75.529555560,0,12,8,0,1,1,1,0,1,1,0,1,0,0000000,12,53,13,28,88,88,0,0,0,1,0
36,360876,1,1,0,1,1,1,1,113,5068,10,11,2011,5,16,1,1,2,3,SR-9,BANK ST,0,43.32921944,-73.670902780,0,8,0,0,3,2,1,0,1,10,0,10,0,0000000,16,1,16,3,99,99,0,0,0,1,0
36,360877,1,1,0,1,1,1,1,59,4600,9,11,2011,4,20,18,1,13,3,SR-25,,0,40.81074722,-73.497158330,0,8,0,0,1,1,1,0,3,1,0,1,0,0000000,99,99,99,99,88,88,0,0,0,1,0
36,360878,1,1,0,0,0,2,2,121,4750,11,11,2011,6,9,51,0,6,5,S FEDERAL ST,,0,42.71732778,-78.008200000,0,38,0,0,1,1,4,0,1,10,0,10,0,0000000,9,51,10,0,88,88,0,0,0,2,0
36,360879,2,2,0,0,0,2,2,5,4170,11,9,2011,1,8,33,0,16,6,PELHAM PKWY,WHITE PLAINS RD,0,40.85675833,-73.867608330,0,12,6,0,2,2,1,0,1,1,0,1,0,0000000,8,33,99,99,99,99,0,0,0,1,1
36,360880,1,1,0,1,1,2,2,61,4170,10,11,2011,5,23,54,0,13,6,BROADWAY,W 106TH ST,0,40.80124444,-73.967755560,0,8,0,0,2,2,1,0,3,2,0,2,0,0000000,99,99,99,99,99,99,0,0,0,1,0
36,360881,1,1,0,1,1,1,1,79,630,11,11,2011,6,18,20,0,3,3,SR-6,,0,41.40954167,-73.638800000,0,8,0,0,1,1,1,0,2,1,0,1,0,0000000,18,20,18,30,19,30,0,0,0,1,0
36,360882,1,1,0,1,1,1,1,7,540,30,10,2011,1,22,19,0,16,6,MURRAY ST,,0,99.99990000,999.999900000,0,8,0,0,1,1,1,0,3,1,0,1,0,0000000,22,20,22,30,88,88,0,0,0,1,0
36,360883,1,1,0,1,1,1,1,47,4170,11,11,2011,6,9,10,1,13,6,ATLANTIC AVE,ELDERTS LN,0,40.68311944,-73.866263890,0,8,0,0,2,2,1,0,1,1,0,1,0,0000000,99,99,99,99,99,99,0,0,0,1,0
36,360884,1,1,0,0,0,1,1,29,2485,13,11,2011,1,1,2,0,6,6,LEGION RD,MEALOU,0,42.73029722,-78.833772220,0,33,0,0,3,4,8,0,3,1,0,1,0,0000000,1,4,1,8,1,28,0,0,0,1,0
36,360885,1,1,0,0,0,1,1,81,4170,13,11,2011,1,2,4,1,11,1,I-678,,99999,40.69718889,-73.814000000,0,42,0,0,5,1,4,0,3,1,0,1,0,0000000,99,99,99,99,88,88,0,0,0,1,0
36,360886,1,1,0,0,0,1,1,29,750,13,11,2011,1,4,40,0,16,6,KENSINGTON AVE,,0,99.99990000,999.999900000,0,1,0,0,1,1,1,0,3,1,0,1,0,0000000,4,41,4,43,88,88,0,0,0,1,1
36,360887,1,1,0,0,0,1,1,51,2250,13,11,2011,1,2,13,0,16,5,AVON RD,,0,42.81835278,-77.800455560,0,42,0,0,1,1,4,0,2,10,0,10,0,0000000,2,14,2,26,3,21,0,0,0,1,1
36,360888,1,1,0,1,1,1,1,81,4170,15,11,2011,3,19,35,0,14,6,HILLSIDE AVE,,0,40.71892222,-73.764011110,0,8,0,0,1,1,1,0,5,10,2,2,0,0000000,99,99,99,99,99,99,0,0,0,1,0
36,360889,1,1,0,0,0,1,1,59,2600,15,11,2011,3,8,20,0,16,5,PARK AVE,LAKEWOOD AVE,0,40.68208333,-73.584569440,0,18,0,0,3,3,4,0,1,1,0,1,0,0000000,99,99,99,99,99,99,0,0,0,1,0
36,360890,1,1,0,0,0,2,2,7,540,15,11,2011,3,14,26,0,5,6,OLD STATE RD,,0,42.12770278,-75.888163890,0,33,0,0,1,1,4,0,1,10,0,10,0,0000000,14,26,14,31,15,6,0,0,0,1,0
36,360891,1,1,0,0,0,1,1,27,5110,16,11,2011,4,14,47,1,2,3,SR-199,,0,41.98835556,-73.831688890,0,24,0,0,1,1,4,0,1,2,0,2,0,0000000,14,47,14,48,15,10,0,0,0,1,0
36,360892,1,1,0,2,2,2,2,19,4767,15,11,2011,3,16,45,0,6,5,PEASLEEVILLE RD,,0,44.61040278,-73.613861110,0,8,0,0,1,1,1,0,5,10,0,10,0,0000000,16,45,16,55,22,0,0,0,0,4,0
36,360893,1,1,0,0,0,1,1,43,3290,17,11,2011,5,10,55,0,5,4,CR-36,WARREN RD,0,43.14477778,-74.838508330,0,42,0,0,3,3,4,0,1,10,0,10,0,0000000,10,55,11,13,12,3,0,0,0,1,0
36,360894,1,1,0,1,1,1,1,93,5550,16,11,2011,4,19,31,1,13,5,ERIE BLVD,STATE ST,0,42.81415833,-73.944041670,0,8,0,0,3,2,1,0,3,10,0,10,0,0000000,99,99,99,99,99,99,0,0,0,1,0
36,360895,1,1,0,1,1,1,1,35,2980,17,11,2011,5,17,11,1,3,3,SR-29,,0,43.02936667,-74.297177780,0,8,0,0,1,1,1,0,2,1,0,1,0,0000000,17,11,17,11,88,88,0,0,0,1,0
36,360896,1,1,0,1,1,2,2,121,300,17,11,2011,5,17,48,0,6,5,EXCHANGE ST,,0,99.99990000,999.999900000,0,8,0,0,1,1,1,0,2,4,0,4,0,0000000,17,49,17,52,99,99,0,0,0,1,0
36,360897,2,2,0,0,0,3,3,103,5769,5,11,2011,7,20,10,1,12,3,SR-25A,RIVER HEIGHTS DR,0,40.86552500,-73.220447220,0,12,2,0,2,3,1,0,3,1,0,1,0,0000000,20,15,20,19,20,36,0,0,0,1,0
36,360898,2,2,0,0,0,2,2,59,4600,17,11,2011,5,17,18,0,16,6,MERRICK RD,ALGONQUIN AVE,0,40.66814722,-73.437119440,0,12,2,0,3,1,1,0,3,10,0,10,0,0000000,99,99,99,99,99,99,0,0,0,1,0
36,360899,2,2,0,0,0,3,3,103,2840,6,11,2011,1,16,40,0,14,6,LARKFIELD RD,CEDAR RD,0,40.85673889,-73.318544440,0,12,6,0,2,2,1,0,3,1,0,1,0,0000000,99,99,99,99,99,99,0,0,0,1,0
36,360900,2,2,0,0,0,2,2,103,4243,7,11,2011,2,15,25,0,13,4,CR-99,SAWGRASS DR,0,40.79827222,-72.945408330,0,12,6,0,2,2,1,0,1,1,0,1,0,0000000,99,99,99,99,99,99,0,0,0,1,0
36,360901,1,1,0,1,1,1,1,103,5981,16,11,2011,4,17,28,0,14,3,SR-25A,,0,40.91762778,-73.130916670,0,8,0,0,1,1,1,0,2,2,10,2,0,0000000,99,99,99,99,99,99,0,0,0,1,0
36,360902,1,1,0,1,1,1,1,29,750,17,11,2011,5,12,12,0,16,6,WALDEN AVE,BARTHEL ST,0,42.90353056,-78.827261110,0,8,0,0,3,3,1,0,1,1,0,1,0,0000000,12,14,12,19,12,48,0,0,0,1,0
36,360903,1,1,0,1,1,1,1,103,705,17,11,2011,5,21,45,1,13,3,SR-347,,0,40.88495556,-73.103527780,0,9,0,0,1,1,2,0,2,10,0,10,0,0000000,21,52,21,59,22,10,0,0,0,1,0
36,360904,1,1,0,1,1,1,1,59,1861,17,11,2011,5,19,25,0,16,6,MEACHAM AVE,,0,40.69264444,-73.691108330,0,8,0,0,1,1,1,0,3,1,0,1,0,0000000,19,25,19,29,19,40,0,0,0,1,0
36,360905,1,1,0,0,0,2,2,35,4340,18,11,2011,6,14,5,0,3,3,SR-30,,0,43.22012222,-74.186127780,0,42,0,0,1,1,4,0,1,10,0,10,0,0000000,14,7,14,22,14,40,0,0,0,1,0
36,360906,1,1,0,1,1,1,1,71,4980,19,11,2011,7,17,6,0,15,6,JERSEY AVE,,0,41.37192778,-74.690830560,0,8,0,0,1,1,1,0,3,1,0,1,0,0000000,17,6,17,9,17,33,0,0,0,1,0
36,360907,1,1,0,0,0,8,8,65,4659,18,11,2011,6,5,26,1,2,3,SR-8,,0,42.93810278,-75.251416670,0,59,0,0,1,1,4,0,2,4,0,4,0,0000000,5,26,5,46,6,20,0,0,0,1,0
36,360908,1,1,0,0,0,1,1,111,3060,19,11,2011,7,1,21,0,6,6,POTTERHILL RD,,0,42.00163611,-73.979302780,0,34,0,0,1,1,4,0,2,1,0,1,0,0000000,1,21,1,24,88,88,0,0,0,1,0
36,360909,1,1,0,0,0,1,1,105,783,20,11,2011,1,0,28,0,4,4,CR-127,,0,41.79949167,-74.924922220,0,35,0,0,1,1,4,0,2,1,0,1,0,0000000,0,28,0,48,1,33,0,0,0,1,1
36,360910,2,2,0,0,0,3,3,103,360,18,11,2011,6,2,40,0,2,3,SR-27A,,0,40.66949444,-73.390427780,0,12,2,0,1,1,1,0,3,10,0,10,0,0000000,99,99,99,99,99,99,0,0,0,1,1
36,360911,1,1,0,0,0,1,1,55,2606,20,11,2011,1,19,30,1,11,1,I-390,,0,43.08479444,-77.606072220,0,24,0,0,1,1,4,0,2,10,0,10,0,0000000,19,30,19,33,88,88,0,0,0,1,1
36,360912,1,1,0,0,0,1,1,111,6491,22,11,2011,3,18,49,0,6,6,BERME RD,,0,41.76530556,-74.322816670,0,24,0,0,1,1,4,0,2,10,2,2,0,0000000,99,99,99,99,99,99,0,0,0,1,0
36,360913,1,1,0,0,0,3,3,119,5802,19,11,2011,7,11,35,0,14,5,MAHOPAC AVE,,0,41.31216389,-73.761086110,0,42,0,0,1,1,4,0,1,1,0,1,0,0000000,11,35,11,43,1,20,0,0,0,1,0
36,360914,1,1,0,0,0,1,1,93,1592,22,11,2011,3,14,3,0,5,6,DUANESBURG RD,,0,42.71832222,-74.270552780,0,34,0,0,1,1,4,0,1,10,0,10,0,0000000,14,10,14,29,14,48,0,0,0,1,0
36,360915,1,1,0,1,1,1,1,1,1290,21,11,2011,2,18,42,0,13,3,SR-5,,0,42.73415833,-73.851719440,0,8,0,0,1,1,1,0,1,1,0,1,0,0000000,18,42,18,45,19,5,0,0,0,1,0
36,360916,2,2,0,0,0,2,2,109,2460,22,11,2011,3,14,7,0,5,6,CORTLAND RD,,0,42.59200556,-76.346458330,0,12,1,0,1,1,1,0,1,10,0,10,0,0000000,14,7,14,15,15,44,0,0,0,1,0
36,360917,2,2,0,0,0,3,3,31,5575,20,11,2011,1,7,20,1,1,1,I-87,,840,43.94804722,-73.740483330,0,12,1,0,1,1,1,0,1,10,0,10,0,0000000,7,22,99,99,99,99,0,0,0,1,0
36,360918,2,2,0,0,0,6,6,27,1221,20,11,2011,1,14,28,0,6,6,HOLLOW RD,,0,41.85552222,-73.881911110,0,12,2,0,1,1,1,0,1,1,0,1,0,0000000,14,28,14,45,15,12,0,0,0,1,0
36,360919,1,1,0,1,1,2,2,79,630,9,11,2011,4,17,30,1,2,3,SR-22,,0,41.42120833,-73.576200000,0,15,0,0,1,1,1,0,3,1,0,1,0,0000000,17,40,17,50,18,30,0,0,0,1,0
36,360920,2,1,1,1,1,1,1,67,3500,20,11,2011,1,23,2,1,11,1,I-90,,0,99.99990000,999.999900000,0,8,0,0,1,1,2,0,2,1,0,1,0,0000000,23,3,23,10,88,88,23,0,0,1,0
36,360921,1,1,0,0,0,8,8,5,4170,18,11,2011,6,4,11,1,11,1,I-87,W FORDHAM RD,0,40.86175000,-73.912472220,0,33,0,1,2,2,4,0,3,1,0,1,0,0000000,99,99,99,99,99,99,0,0,0,1,1
36,360922,1,1,0,0,0,5,5,55,3681,23,11,2011,4,1,12,0,15,5,CLOVER ST,,0,43.02083333,-77.584772220,0,42,0,0,1,1,4,0,2,2,0,2,0,0000000,1,13,1,26,2,9,0,0,0,1,1
36,360923,1,1,0,1,1,1,1,59,5612,26,11,2011,7,17,47,0,14,6,WASHINGTON AVE,CLARK ST,0,40.68160000,-73.484936110,0,8,0,0,3,2,1,0,3,1,0,1,0,0000000,99,99,99,99,99,99,0,0,0,1,0
36,360924,1,1,0,1,1,1,1,1,50,26,11,2011,7,1,42,0,15,5,QUAIL ST,ELK ST,0,42.66625556,-73.772066670,0,8,0,0,2,2,1,0,3,1,0,1,0,0000000,1,43,1,47,99,99,0,0,0,1,0
36,360925,2,2,0,0,0,2,2,55,2395,23,11,2011,4,21,50,0,3,3,SR-18,,0,43.25365833,-77.737788890,0,12,2,0,1,1,1,0,3,10,0,10,0,0000000,21,51,21,58,99,99,0,0,0,1,0
36,360926,1,1,0,1,1,1,1,5,4170,23,11,2011,4,12,40,0,16,6,CYPRESS AVE,,0,40.80522222,-73.914555560,0,8,0,0,1,1,1,0,1,10,2,2,0,0000000,99,99,99,99,99,99,0,0,0,1,0
36,360927,1,1,0,0,0,2,2,51,1450,27,11,2011,1,2,39,0,4,4,CR-59,,0,42.62129167,-77.791122220,0,42,0,0,1,1,4,0,2,1,0,1,0,0000000,2,39,2,55,3,16,0,0,0,2,1
36,360928,3,3,0,0,0,4,4,67,3310,24,11,2011,5,11,30,0,16,4,OSWEGO RD,,0,43.11619722,-76.213486110,0,12,6,0,1,1,1,0,1,10,0,10,0,0000000,99,99,99,99,99,99,0,0,0,1,0
36,360929,1,1,0,0,0,1,1,9,6823,30,11,2011,4,21,19,0,4,4,CR-20,,0,42.48566389,-78.521297220,0,42,0,0,1,1,4,0,2,1,0,1,0,0000000,21,19,21,29,88,88,0,0,0,1,1
36,360930,1,1,0,1,1,1,1,81,4170,27,11,2011,1,11,55,1,1,1,I-295,,0,40.76694167,-73.781427780,0,8,0,0,1,1,1,0,1,1,0,1,0,0000000,99,99,99,99,99,99,0,0,0,1,0
36,360931,1,1,0,0,0,2,2,31,2958,30,11,2011,4,7,40,0,6,6,CAREY RD,,0,44.41208889,-73.681386110,0,32,0,0,1,1,4,0,1,10,0,10,0,0000000,10,22,10,26,88,88,0,0,0,2,0
36,360932,1,1,0,1,1,1,1,1,1290,30,11,2011,4,5,56,1,11,1,I-87 ENTERENCE RAMP,,0,42.72882778,-73.793036110,0,8,0,0,5,1,1,0,2,2,0,2,0,0000000,5,56,6,0,88,88,0,0,0,1,0
36,360933,1,1,0,0,0,2,2,29,1275,27,11,2011,1,4,20,0,6,5,IRISH RD,,0,42.66778056,-78.657252780,0,42,0,0,1,1,4,0,2,10,0,10,0,0000000,4,21,4,33,99,99,0,0,0,1,1
36,360934,1,1,0,1,1,1,1,45,1900,28,11,2011,2,17,10,0,14,3,SR-342,CHRYSLER DR,0,44.02956389,-75.832122220,0,8,0,0,3,3,1,0,2,10,0,10,0,0000000,17,12,17,16,17,51,0,0,0,1,0
36,360935,2,2,0,0,0,3,3,67,1910,27,11,2011,1,10,24,0,14,5,BERRY RD,,0,42.83689167,-76.059905560,0,12,6,0,8,1,1,0,1,1,0,1,0,0000000,10,24,10,31,11,27,0,0,0,1,0
36,360936,1,1,0,0,0,1,1,29,611,29,11,2011,3,22,59,1,12,3,SR-219,,0,42.67797778,-78.783211110,0,58,0,0,1,1,4,0,2,10,0,10,0,0000000,22,59,23,9,88,88,0,0,0,1,0
36,360937,2,2,0,0,0,2,2,103,2920,17,9,2011,7,11,53,0,16,6,UDALL RD,,0,40.71113889,-73.306252780,0,12,6,0,8,1,1,0,1,1,0,1,0,0000000,99,99,99,99,99,99,0,0,0,1,0
36,360938,2,2,0,0,0,3,3,103,705,27,11,2011,1,21,14,1,13,3,SR-25,COUNTRY CLUB DR,0,99.99990000,999.999900000,0,12,2,0,2,3,1,0,3,1,0,1,0,0000000,21,15,21,16,99,99,0,0,0,1,0
36,360939,1,1,0,1,1,1,1,103,160,2,10,2011,1,16,45,0,14,6,BROADWAY,LOCUST DR,0,40.69024444,-73.420961110,0,8,0,0,3,3,1,0,1,10,0,10,0,0000000,99,99,99,99,99,99,0,0,0,1,0
36,360940,3,2,1,0,0,3,3,37,771,26,11,2011,7,0,7,0,3,3,SR-237,,0,99.99990000,999.999900000,0,12,1,0,1,1,1,0,3,1,0,1,0,0000000,0,7,0,11,1,1,0,0,0,1,1
36,360941,4,4,0,0,0,8,8,61,4170,30,7,2011,7,16,40,1,2,3,SR-907V,,0,40.79581944,-73.976527780,0,12,1,0,1,1,1,0,1,1,0,1,0,0000000,99,99,99,99,99,99,0,0,0,1,0
36,360942,2,2,0,0,0,3,3,5,4170,4,9,2011,1,13,50,1,11,1,I-95,,0,40.83128056,-73.854375000,0,12,1,0,1,1,1,0,1,1,0,1,0,0000000,99,99,99,99,88,88,0,0,0,1,0
36,360943,1,1,0,1,1,1,1,103,660,16,10,2011,1,21,5,0,16,5,UNION BLVD,N WINDSOR AVE,0,40.71973333,-73.266136110,0,8,0,0,3,2,1,0,3,10,0,10,0,0000000,99,99,99,99,99,99,0,0,0,1,0
36,360944,2,2,0,0,0,3,3,47,4170,13,10,2011,5,14,5,1,12,3,SR-907C,,0,40.65068889,-73.866855560,0,12,2,0,1,1,1,0,1,10,0,10,0,0000000,99,99,99,99,99,99,0,0,0,1,0
36,360945,1,1,0,0,0,7,7,85,4170,23,10,2011,1,5,10,1,11,1,I-278,,0,40.60774167,-74.141430560,0,24,0,0,1,1,3,0,3,1,0,1,0,0000000,99,99,99,99,99,99,0,0,0,1,1
36,360946,1,1,0,1,1,1,1,103,2920,18,10,2011,3,14,30,0,16,5,FERNDALE BLVD,CINNAMON ST,0,40.78402778,-73.212969440,0,9,0,0,2,2,1,0,1,1,0,1,0,0000000,99,99,99,99,99,99,0,0,0,1,0
36,360947,2,2,0,0,0,2,2,5,4170,31,8,2011,4,18,22,0,16,6,E 132ND ST,,0,99.99990000,999.999900000,0,12,99,0,1,1,1,0,5,1,0,1,0,0000000,99,99,99,99,99,99,0,0,0,1,0
36,360948,2,2,0,0,0,6,6,121,5994,28,11,2011,2,7,38,0,4,3,SR-77,PERRY RD,0,42.70473889,-78.387933330,0,12,6,0,2,2,1,0,1,5,0,5,0,0000000,7,38,7,50,99,99,0,0,0,1,0
36,360949,1,1,0,1,1,2,2,69,2260,1,12,2011,5,17,47,0,16,5,COPELAND AVE,,0,42.85838611,-76.996811110,0,8,0,0,1,1,1,0,3,1,0,1,0,0000000,99,99,99,99,99,99,0,0,0,1,0
36,360950,2,1,1,0,0,2,2,59,2600,29,11,2011,3,5,33,0,14,6,HEMPSTEAD TPKE,WESTMINSTER RD,0,40.70505556,-73.643341670,0,14,0,0,3,2,7,0,4,2,10,2,0,0000000,5,35,5,36,99,99,0,0,0,1,1
36,360951,3,3,0,1,1,5,5,103,360,28,11,2011,2,6,25,0,13,3,SR-110,EXECUTIVE BLVD,0,40.71865278,-73.426227780,0,9,0,0,3,2,1,0,1,1,0,1,0,0000000,99,99,99,99,88,88,0,0,0,1,0
36,360952,1,1,0,1,1,7,7,29,750,1,12,2011,5,17,30,0,6,5,PROSPECT ST,RHODE ISLAND ST,0,42.90649444,-78.895555560,0,8,0,0,2,2,1,0,1,1,0,1,0,0000000,99,99,99,99,88,88,0,0,0,1,0
36,360953,2,2,0,0,0,4,4,47,4170,1,12,2011,5,13,15,1,13,6,KINGS HWY,,0,40.65763611,-73.920808330,0,12,2,0,1,1,1,0,1,1,0,1,0,0000000,13,30,14,30,15,0,0,0,0,1,1
36,360954,1,1,0,0,0,2,2,15,1860,2,12,2011,6,21,28,0,6,6,ASHLAND AVE,W 19TH ST,0,42.13070556,-76.839208330,0,42,0,0,3,3,4,0,3,1,0,1,0,0000000,21,28,21,35,21,51,0,0,0,1,1
36,360955,1,1,0,0,0,1,1,27,4690,2,12,2011,6,7,55,0,2,3,SR-22,,0,41.55331111,-73.592908330,0,24,0,0,1,1,4,0,1,1,0,1,0,0000000,7,57,8,0,88,88,0,0,0,1,0
36,360956,1,1,0,1,1,1,1,61,4170,2,12,2011,6,2,42,0,14,6,W 57TH ST,10TH AVE,0,40.76906111,-73.988461110,0,8,0,0,2,2,1,0,2,1,0,1,0,0000000,99,99,99,99,99,99,0,0,0,1,0
36,360957,3,3,0,0,0,3,3,93,1592,1,12,2011,5,7,24,1,1,1,I-88,,0,42.72357222,-74.231194440,0,12,1,0,1,1,1,0,1,1,0,1,0,0000000,7,26,7,49,8,45,0,0,0,1,0
36,360958,1,1,0,0,0,1,1,113,1141,5,12,2011,2,7,2,0,3,4,CR-30,,0,43.64596667,-73.760761110,0,30,0,0,1,1,4,0,1,4,10,4,0,0000000,7,5,7,12,8,17,0,0,0,1,0
36,360959,1,1,0,0,0,1,1,89,6747,4,12,2011,1,18,52,1,2,3,SR-11,,0,44.75895833,-74.832500000,0,34,0,0,1,1,4,0,2,1,0,1,0,0000000,18,52,18,56,19,6,0,0,0,1,0
36,360960,2,1,1,0,0,3,3,35,2980,4,12,2011,1,19,46,1,2,3,SR-29,STEELE AVE EXT,0,43.02925278,-74.297838890,0,35,0,0,3,3,4,0,3,1,0,1,0,0000000,19,48,19,59,20,48,0,0,0,1,0
36,360961,1,1,0,0,0,2,2,13,3015,5,12,2011,2,23,46,0,5,6,HARTSON RD,STONE RD,0,42.11907500,-79.157472220,0,59,0,0,3,3,4,0,2,3,10,3,0,0000000,23,48,23,52,99,99,0,0,0,1,1
36,360962,4,2,2,0,0,2,2,5,4170,28,11,2011,2,14,53,0,16,6,BRONXDALE AVE,,0,40.84371389,-73.857333330,0,1,0,0,1,1,1,0,1,1,0,1,0,0000000,99,99,99,99,99,99,0,0,0,1,0
36,360963,1,1,0,0,0,1,1,7,2543,4,12,2011,1,3,1,1,1,1,I-88,,0,42.19451111,-75.659341670,0,1,0,0,1,1,1,0,2,1,0,1,0,0000000,3,1,3,11,88,88,0,0,0,1,0
36,360964,2,2,0,0,0,2,2,47,4170,5,12,2011,2,9,36,0,13,6,CONEY ISLAND AVE,AVE J,0,40.62459167,-73.965044440,0,12,6,0,2,2,1,0,1,10,0,10,0,0000000,99,99,99,99,99,99,20,0,0,1,0
36,360965,1,1,0,1,1,1,1,103,5210,5,12,2011,2,19,34,0,13,3,SR-25,,0,40.92218611,-72.652880560,0,8,0,0,1,1,1,0,3,10,0,10,0,0000000,19,34,99,99,99,99,0,0,0,1,0
36,360966,1,1,0,0,0,1,1,27,2785,5,12,2011,2,6,24,0,16,5,SHENANDOAH RD,,0,41.53780833,-73.804500000,0,18,0,0,1,1,4,0,4,5,0,5,0,0000000,99,99,99,99,99,99,0,0,0,1,0
36,360967,2,2,0,0,0,2,2,67,1179,6,12,2011,3,17,55,0,5,6,MAPLE RD,CAUGHDENOY RD,0,43.16166944,-76.157925000,0,12,6,0,2,4,1,0,3,10,0,10,0,0000000,17,56,18,1,19,6,0,0,0,1,0
36,360968,1,1,0,1,1,1,1,5,4170,6,12,2011,3,6,4,0,15,6,MOSHOLU AVE,BROADWAY,0,40.90442500,-73.896441670,0,8,0,0,3,2,1,0,3,10,0,10,1,0000000,99,99,99,99,88,88,0,0,0,1,0
36,360969,1,1,0,0,0,1,1,45,90,5,12,2011,2,17,53,0,3,3,SR-37,,0,44.29645278,-75.799813890,0,53,0,0,1,1,4,0,2,2,0,2,0,0000000,17,53,18,8,18,59,0,0,0,1,0
36,360970,3,2,1,0,0,7,7,81,4170,7,12,2011,4,5,0,0,16,6,112TH AVE,201ST ST,0,40.70292778,-73.755000000,0,12,6,0,2,2,1,0,2,2,10,2,0,0000000,99,99,99,99,99,99,0,0,0,1,1