STATE,ST_CASE,VE_TOTAL,VE_FORMS,PVH_INVL,PEDS,PERNOTMVIT,PERMVIT,PERSONS,COUNTY,CITY,DAY,MONTH,YEAR,DAY_WEEK,HOUR,MINUTE,NHS,ROAD_FNC,ROUTE,TWAY_ID,TWAY_ID2,MILEPT,LATITUDE,LONGITUD,SP_JUR,HARM_EV,MAN_COLL,RELJCT1,RELJCT2,TYP_INT,REL_ROAD,WRK_ZONE,LGT_COND,WEATHER1,WEATHER2,WEATHER,SCH_BUS,RAIL,NOT_HOUR,NOT_MIN,ARR_HOUR,ARR_MIN,HOSP_HR,HOSP_MN,CF1,CF2,CF3,FATALS,DRUNK_DR
36,360971,2,2,0,0,0,3,3,29,1117,7,12,2011,4,14,12,0,16,6,LOSSON RD,,0,42.88171944,-78.739669440,0,12,2,0,1,1,1,0,1,10,0,10,0,0000000,14,12,14,14,16,30,0,0,0,1,0
36,360972,1,1,0,0,0,3,3,33,4241,7,12,2011,4,15,33,0,6,6,MCGOWAN RD,EDDY RD,0,44.78526944,-74.454358330,0,42,0,0,3,3,4,0,1,5,0,5,0,0000000,15,33,15,46,17,46,0,0,0,1,0
36,360973,1,1,0,0,0,1,1,5,4170,23,10,2011,1,3,40,1,13,3,SR-907H,,0,40.82269722,-73.872863890,0,42,0,1,5,1,8,0,3,1,0,1,0,0000000,99,99,99,99,99,99,0,0,0,1,1
36,360974,2,1,1,0,0,2,2,55,1160,8,12,2011,5,0,42,0,5,6,ATTRIDGE RD,,0,43.08320556,-77.844825000,0,53,0,0,1,1,4,0,2,10,0,10,0,0000000,0,42,0,50,1,29,0,0,0,1,1
36,360975,2,2,0,1,1,5,5,59,3800,8,12,2011,5,18,12,0,14,5,MINEOLA BLVD,GRANT AVE,0,40.74506667,-73.642038890,0,8,0,0,3,2,1,0,3,1,0,1,0,0000000,18,12,18,14,99,99,0,0,0,1,0
36,360976,1,1,0,1,1,1,1,63,4210,9,12,2011,6,11,9,0,13,2,US-62,56TH ST,0,43.09068611,-78.999813890,0,9,0,0,3,3,1,0,1,4,0,4,0,0000000,11,9,11,13,88,88,0,0,0,1,0
36,360977,2,2,0,0,0,6,6,103,705,10,12,2011,7,9,40,1,12,3,SR-27,,0,40.81073333,-72.854677780,0,12,1,0,1,1,1,0,1,10,0,10,0,0000000,9,43,9,44,10,20,0,0,0,1,0
36,360978,2,2,0,0,0,5,5,63,4210,7,12,2011,4,16,32,1,2,2,US-62,I-190,0,43.08969444,-78.990972220,0,12,6,0,2,2,1,0,1,10,0,10,0,0000000,16,32,16,39,99,99,0,0,0,1,0
36,360979,2,2,0,0,0,3,3,55,6510,10,12,2011,7,14,55,0,3,5,KLEM RD,HOLT RD,0,43.23072500,-77.446666670,0,12,6,0,2,2,1,0,1,1,0,1,0,0000000,99,99,99,99,99,99,0,0,0,1,0
36,360980,1,1,0,0,0,2,2,27,4690,10,12,2011,7,2,26,0,6,5,W DOVER RD,RIVER RD,0,41.58356111,-73.601991670,0,59,0,0,3,3,4,0,3,1,0,1,0,0000000,2,30,2,33,99,99,0,0,0,2,1
36,360981,1,1,0,0,0,1,1,111,4461,9,12,2011,6,22,34,0,3,3,SR-28,,0,41.98083611,-74.182888890,0,30,0,0,1,1,4,0,2,1,0,1,0,0000000,22,35,22,55,23,36,0,0,0,1,1
36,360982,1,1,0,0,0,1,1,81,4170,10,12,2011,7,19,41,0,14,6,BEACH 9TH ST,SEAGRIT AVE,0,40.59651667,-73.744108330,0,5,0,0,3,2,1,0,3,1,0,1,0,0000000,19,42,19,45,20,16,0,0,0,1,0
36,360983,1,1,0,0,0,1,1,45,220,11,12,2011,1,8,50,0,3,4,CR-26,,0,44.26875833,-75.541997220,0,42,0,0,1,1,4,0,1,4,0,4,0,0000000,99,99,99,99,88,88,0,0,0,1,0
36,360984,1,1,0,0,0,1,1,59,2600,13,12,2011,3,0,1,1,2,3,SR-907M,,0,40.68889722,-73.627405560,0,42,0,0,1,1,3,0,3,10,0,10,0,0000000,99,99,99,99,88,88,0,0,0,1,0
36,360985,1,1,0,0,0,2,2,107,4580,14,12,2011,4,17,41,0,16,5,BORNT HILL RD,,0,42.10514722,-76.131316670,0,39,0,0,1,1,4,0,2,3,0,3,0,0000000,17,41,17,48,99,99,0,0,0,1,0
36,360986,1,1,0,0,0,1,1,29,750,16,12,2011,6,4,23,0,13,5,MAIN ST,DEPEW AVE,0,42.94306111,-78.834861110,0,42,0,0,3,1,3,0,3,10,0,10,0,0000000,4,26,4,31,4,48,0,0,0,1,1
36,360987,3,2,1,0,2,2,4,99,5630,14,12,2011,4,3,24,1,1,1,I-90,,0,99.99990000,999.999900000,0,12,1,0,1,1,1,0,2,10,0,10,0,0000000,3,25,3,28,88,88,0,0,0,1,1
36,360988,1,1,0,1,1,1,1,119,6820,16,12,2011,6,5,30,0,13,5,CENTRAL PARK AVE,,0,40.94819444,-73.848930560,0,9,0,1,18,1,1,0,3,1,0,1,0,0000000,99,99,99,99,99,99,0,0,0,1,0
36,360989,1,1,0,1,1,1,1,103,5870,18,12,2011,1,17,10,0,5,4,CR-48,,0,41.01618333,-72.509238890,0,8,0,0,1,1,1,0,2,1,0,1,0,0000000,17,10,17,11,99,99,0,0,0,1,0
36,360990,1,1,0,1,1,1,1,59,4090,17,12,2011,7,0,22,1,2,3,SR-25,4TH AVE,0,40.73853611,-73.668169440,0,8,0,0,3,1,1,0,3,1,0,1,0,0000000,0,22,0,22,0,31,0,0,0,1,0
36,360991,2,1,1,1,1,1,1,47,4170,29,9,2011,5,18,32,0,16,6,6TH AVE,,0,99.99990000,999.999900000,0,8,0,0,1,1,1,0,5,10,0,10,0,0000000,99,99,99,99,99,99,0,0,0,1,0
36,360992,1,1,0,1,1,1,1,119,6825,21,11,2011,2,8,33,0,16,5,RIDGE ST,,0,41.28861389,-73.787294440,0,8,0,0,1,1,2,0,1,1,0,1,0,0000000,99,99,99,99,99,99,0,0,0,1,0
36,360993,1,1,0,1,1,1,1,91,5470,19,12,2011,2,11,27,0,15,5,CRESCENT AVE,,0,43.05593611,-73.727850000,0,9,0,0,1,1,1,0,1,10,0,10,0,0000000,11,27,11,35,12,4,0,0,0,1,0
36,360994,1,1,0,1,1,1,1,47,4170,11,11,2011,6,9,28,0,14,6,LEE AVE,TAYLOR ST,0,40.70693333,-73.961341670,0,8,0,0,3,2,1,0,1,1,0,1,0,0000000,99,99,99,99,99,99,0,0,0,1,0
36,360995,1,1,0,2,2,1,1,103,4385,2,12,2011,6,18,31,0,6,6,LOCUST AVE,KATHERINE PL,0,40.73916944,-73.112447220,0,8,0,0,3,3,2,0,3,1,0,1,0,0000000,99,99,99,99,99,99,0,0,0,1,0
36,360996,1,1,0,0,0,3,3,103,705,7,12,2011,4,13,0,1,2,4,CR-83,,0,40.83638611,-73.021205560,0,33,0,0,1,1,3,0,1,2,0,2,0,0000000,13,2,13,6,13,31,0,0,0,1,0
36,360997,1,1,0,0,0,1,1,103,5270,3,12,2011,7,13,45,0,6,6,FOREST CT,EAST DR,0,40.82052500,-73.119930560,0,38,0,0,3,3,4,0,1,1,0,1,0,0000000,99,99,99,99,99,99,0,0,0,1,0
36,360998,1,1,0,1,1,2,2,47,4170,7,12,2011,4,19,15,0,14,6,BROADWAY,DRIGGS AVE,0,40.70988333,-73.962161110,0,8,0,0,3,2,1,0,3,2,0,2,0,0000000,99,99,99,99,99,99,0,0,0,1,0
36,360999,2,2,0,0,0,3,3,59,2600,19,12,2011,2,9,42,0,16,6,PENINSULA BLVD,W MARSHALL ST,0,40.69223333,-73.632133330,0,12,6,0,2,3,1,0,1,1,0,1,0,0000000,9,42,9,45,10,5,0,0,0,1,0
36,361000,1,1,0,1,1,1,1,103,2840,4,12,2011,1,6,40,1,13,3,SR-110,W 9TH ST,0,40.84684167,-73.411433330,0,8,0,0,2,2,1,0,4,10,0,10,0,0000000,99,99,99,99,99,99,0,0,0,1,0
36,361001,2,2,0,0,0,2,2,103,2840,7,12,2011,4,15,25,0,14,5,ROUND SWAMP RD,VANNINA PL,0,40.81707222,-73.443530560,0,12,2,0,3,1,1,0,1,2,0,2,0,0000000,15,29,15,36,16,2,0,0,0,1,0
36,361002,2,2,0,0,0,2,2,67,1166,8,12,2011,5,19,53,0,14,5,NORTHERN BLVD,TOTMAN RD,0,43.14807778,-76.091225000,0,12,6,0,2,3,1,0,2,1,0,1,0,0000000,19,53,20,2,20,43,0,0,0,1,1
36,361003,1,1,0,1,1,2,2,47,4170,9,12,2011,6,20,51,0,16,6,FLUSHING AVE,BEDFORD AVE,0,40.69895000,-73.956988890,0,8,0,0,3,2,1,0,3,10,0,10,0,0000000,99,99,99,99,99,99,0,0,0,1,0
36,361004,1,1,0,1,1,1,1,61,4170,20,12,2011,3,13,30,0,14,6,THIRD AVE,E 22ND ST,0,40.73809722,-73.983588890,0,8,0,0,3,2,1,0,1,10,0,10,0,0000000,99,99,99,99,88,88,0,0,0,1,0
36,361005,1,1,0,1,1,1,1,103,2840,15,12,2011,5,4,45,1,2,3,SR-25,,0,40.83329722,-73.387897220,0,8,0,0,1,1,1,0,2,1,0,1,0,0000000,4,48,4,53,88,88,0,0,0,1,0
36,361006,1,1,0,0,0,1,1,59,4090,20,12,2011,3,23,30,0,2,6,NORTHERN STATE PKY,,0,40.75954722,-73.705438890,0,30,0,0,1,1,4,0,3,10,2,2,0,0000000,23,37,23,45,88,88,0,0,0,1,1
36,361007,2,2,0,0,0,3,3,57,170,19,12,2011,2,16,13,1,1,1,I-90,,0,99.99990000,999.999900000,0,12,1,0,1,1,1,0,5,10,0,10,0,0000000,16,13,99,99,99,99,0,0,0,1,0
36,361008,2,2,0,1,1,4,4,103,360,15,12,2011,5,22,5,1,13,3,SR-110,,0,40.69267778,-73.422641670,0,8,0,0,1,1,1,0,3,1,0,1,0,0000000,99,99,99,99,99,99,0,0,0,1,0
36,361009,1,1,0,1,1,1,1,47,4170,8,12,2011,5,5,48,0,13,6,FLATBUSH AVE,PARKSIDE AVE,0,40.65563056,-73.959830560,0,8,0,0,3,2,1,0,3,10,0,10,0,0000000,99,99,99,99,99,99,0,0,0,1,0
36,361010,1,1,0,0,0,4,4,105,4905,20,12,2011,3,2,48,0,6,5,HARING RD,,0,41.50274722,-74.853341670,0,42,0,0,1,1,4,0,2,2,0,2,0,0000000,99,99,99,99,99,99,0,0,0,1,1
36,361011,1,1,0,1,1,1,1,61,4170,16,12,2011,6,12,42,0,13,6,W 125TH AVE,5TH AVE,0,40.80654167,-73.942466670,0,9,0,0,3,2,1,0,1,1,0,1,0,0000000,12,42,99,99,99,99,0,0,0,1,0
36,361012,1,1,0,1,1,2,2,43,3290,20,12,2011,3,17,34,0,6,6,W MAIN ST,,0,43.03758611,-74.867408330,0,8,0,0,1,1,1,0,3,10,0,10,0,0000000,17,34,17,35,18,16,0,0,0,1,0
36,361013,1,1,0,1,1,1,1,47,4170,18,9,2011,1,20,27,1,13,6,MCGUINESS BLVD,CALYER ST,0,40.72887778,-73.950744440,0,8,0,0,3,2,1,0,3,1,0,1,0,0000000,99,99,99,99,99,99,0,0,0,1,0
36,361014,1,1,0,1,1,1,1,61,4170,25,10,2011,3,9,29,0,14,6,E 65TH ST,5TH AVE,0,40.76436111,-73.961619440,0,8,0,0,3,2,1,0,1,1,0,1,0,0000000,99,99,99,99,99,99,0,0,0,1,0
36,361015,1,1,0,2,2,1,1,47,4170,11,7,2011,2,23,0,0,16,6,HARMAN ST,CENTRAL AVE,0,40.69638056,-73.922191670,0,8,0,0,3,4,1,0,3,1,0,1,0,0000000,99,99,99,99,99,99,0,0,0,1,0
36,361016,1,1,0,1,1,1,1,47,4170,4,11,2011,6,7,20,1,13,6,EASTERN PKWY,,0,40.68037222,-73.971216670,0,8,0,0,1,1,1,0,4,1,0,1,0,0000000,99,99,99,99,99,99,0,0,0,1,0
36,361017,3,1,2,1,1,2,2,103,2920,13,12,2011,3,22,15,0,16,6,CORDELLO AVE,CLAYTON ST,0,40.78493056,-73.203788890,0,8,0,0,3,2,1,0,2,1,0,1,0,0000000,99,99,99,99,99,99,0,0,0,1,1
36,361018,2,2,0,0,0,2,2,1,2464,21,12,2011,4,19,6,0,3,6,WESTERN AVE,I-87,0,42.68345278,-73.844941670,0,12,7,0,3,3,1,0,3,10,0,10,0,0000000,19,15,19,26,19,50,0,0,0,1,0
36,361019,1,1,0,1,1,1,1,81,4170,3,12,2011,7,9,15,0,16,6,168TH ST,UNION TPKE,0,40.72286667,-73.800147220,0,8,0,0,3,2,1,0,1,1,0,1,0,0000000,99,99,99,99,99,99,0,0,0,1,0
36,361020,1,1,0,1,1,1,1,47,4170,21,12,2011,4,19,30,1,2,3,SR-907C,OCEAN PKWY,0,40.58338611,-73.967161110,0,8,0,0,3,2,1,0,3,2,0,2,0,0000000,99,99,99,99,99,99,0,0,0,1,0
36,361021,1,1,0,0,0,1,1,103,2920,21,12,2011,4,12,32,1,12,3,SR-908M,,0,40.74862222,-73.260291670,0,42,0,0,1,1,4,0,1,2,10,2,0,0000000,12,33,12,40,13,1,0,0,0,1,0
36,361022,1,1,0,0,0,2,2,105,3850,21,12,2011,4,18,35,0,16,5,VARNELL RD,,0,41.65848056,-74.713147220,0,42,0,0,1,1,4,0,2,5,0,5,0,0000000,18,39,18,47,19,21,0,0,0,1,0
36,361023,2,2,0,1,1,2,2,59,4600,22,12,2011,5,16,48,1,13,3,SR-27,,0,40.67742778,-73.455797220,0,8,0,0,1,1,1,0,3,1,0,1,0,0000000,99,99,99,99,99,99,0,0,0,1,0
36,361024,2,2,0,0,0,5,5,29,2485,23,12,2011,6,19,56,0,13,3,SR-20,MCKINELY PKY,0,42.76987778,-78.811400000,0,12,2,0,2,2,1,0,3,10,0,10,0,0000000,19,56,20,5,20,11,0,0,0,1,0
36,361025,1,1,0,0,0,1,1,15,1850,23,12,2011,6,22,25,0,5,6,MAPLE AVE,,0,42.08111667,-76.792500000,0,33,0,0,1,1,4,0,3,10,0,10,0,0000000,22,24,22,28,23,10,0,0,0,1,1
36,361026,1,1,0,0,0,1,1,67,1166,23,12,2011,6,22,50,0,6,5,BREWERTON RD,,0,43.18421389,-76.122705560,0,30,0,0,1,1,4,0,3,4,0,4,0,0000000,22,51,22,58,88,88,0,0,0,1,0
36,361027,1,1,0,1,1,1,1,7,2970,23,12,2011,6,17,1,0,14,3,SR-17C,ST CHARLES ST,0,42.11569167,-75.961363890,0,8,0,0,3,3,1,0,3,10,0,10,0,0000000,17,2,17,6,17,39,0,0,0,1,0
36,361028,1,1,0,0,0,1,1,1,1495,24,12,2011,7,17,31,0,5,6,OLD QUARRY RD,,0,42.57403611,-73.875663890,0,34,0,0,1,1,4,0,2,1,0,1,0,0000000,17,35,17,41,18,15,0,0,0,1,0
36,361029,2,2,0,0,0,6,6,45,1900,25,12,2011,1,10,51,0,6,5,GOULD CORNERS RD,,0,44.06919722,-75.847394440,0,12,2,0,1,1,1,0,1,10,0,10,0,0000000,10,50,10,59,11,21,0,0,0,1,0
36,361030,3,3,0,0,0,4,4,103,705,22,12,2011,5,13,5,1,11,1,I-495,,0,99.99990000,999.999900000,0,12,1,0,1,1,1,0,1,1,0,1,0,0000000,13,9,13,13,13,45,0,0,0,1,0
36,361031,1,1,0,0,0,1,1,17,30,26,12,2011,2,13,6,0,4,3,SR-7,,0,42.21274444,-75.575397220,0,24,0,0,1,1,4,0,1,10,0,10,0,0000000,13,15,13,15,88,88,0,0,0,1,0
36,361032,1,1,0,1,1,1,1,63,4210,27,12,2011,3,17,35,0,14,6,NIAGARA FALLS BLVE,82ND ST,0,43.08945833,-78.970508330,0,8,0,0,3,3,1,0,3,2,10,2,0,0000000,17,35,17,37,99,99,0,0,0,1,0
36,361033,1,1,0,1,1,2,2,47,4170,28,12,2011,4,7,56,0,16,6,COLEMAN ST,AVE U,0,40.60881944,-73.924077780,0,8,0,0,3,2,1,0,1,1,0,1,0,0000000,99,99,99,99,99,99,0,0,0,1,0
36,361034,1,1,0,0,0,1,1,79,1280,29,12,2011,5,22,25,0,6,6,FISHKILL RD,,0,41.45897500,-73.923955560,0,42,0,0,1,1,4,0,2,1,0,1,0,0000000,22,26,22,30,99,99,0,0,0,1,0
36,361035,1,1,0,1,1,1,1,103,705,29,12,2011,5,17,50,0,13,4,CR-83,SR-25,0,40.86775000,-73.023455560,0,8,0,0,3,2,1,0,3,10,0,10,0,0000000,17,50,17,52,18,23,0,0,0,1,0
36,361036,1,1,0,0,0,4,4,31,1425,30,12,2011,6,0,50,0,3,6,WHITE CHURCH RD,,0,43.95638056,-73.485991670,0,42,0,0,1,1,4,0,2,10,0,10,0,0000000,0,50,1,0,99,99,0,0,0,2,1
36,361037,2,2,0,0,0,4,4,103,5810,31,12,2011,7,18,50,0,3,3,SR-27,,0,40.86725556,-72.649177780,0,12,2,0,1,1,1,0,2,10,0,10,0,0000000,19,49,20,25,21,51,0,0,0,1,1
36,361038,1,1,0,0,0,1,1,111,3060,21,11,2011,2,2,4,0,3,3,SR-32,,0,41.95374444,-73.975963890,0,52,0,0,1,1,4,0,2,1,0,1,0,0000000,2,42,2,45,88,88,0,0,0,1,0
36,361039,1,1,0,1,1,1,1,103,1690,13,12,2011,3,17,45,0,5,4,CR-10,ROCCO DR,0,40.86932778,-73.336952780,0,9,0,0,3,3,1,0,3,1,0,1,0,0000000,17,47,17,50,99,99,0,0,0,1,0
36,361040,2,2,0,0,0,4,4,89,3580,25,12,2011,1,19,17,1,2,3,SR-56,,0,44.91861389,-74.920030560,0,12,2,0,1,1,1,0,3,2,0,2,0,0000000,19,19,19,27,21,20,0,0,0,1,0
36,361041,1,1,0,1,1,1,1,103,705,16,12,2011,6,19,2,0,14,4,CR-80,LENOX AVE,0,40.77136111,-72.959058330,0,8,0,0,3,3,1,0,3,1,0,1,0,0000000,99,99,99,99,99,99,0,0,0,1,0
36,361042,1,1,0,1,1,1,1,103,705,26,10,2011,4,18,30,0,16,5,PORTION RD,,0,40.82262222,-73.112844440,0,8,0,0,1,1,1,0,3,1,0,1,0,0000000,99,99,99,99,99,99,0,0,0,1,0
36,361043,1,1,0,1,1,3,3,103,5769,21,12,2011,4,19,5,0,14,3,SR-25,,0,40.84725556,-73.238866670,0,8,0,0,1,1,1,0,2,2,10,2,0,0000000,99,99,99,99,88,88,0,0,0,1,0
36,361044,2,1,1,2,3,1,2,103,705,31,12,2011,7,17,30,0,14,4,CR-16,,0,40.82595278,-72.986936110,0,8,0,0,1,1,2,0,3,10,0,10,0,0000000,17,32,17,34,18,5,23,0,0,1,0
36,361045,2,2,0,0,0,2,2,103,360,6,12,2011,3,10,20,1,2,3,SR-110,FRANCINE AVE,0,40.69667778,-73.424822220,0,12,6,0,2,3,1,0,1,2,0,2,0,0000000,99,99,99,99,99,99,0,0,0,1,0
36,361046,1,1,0,1,1,1,1,5,4170,26,12,2011,2,4,24,0,13,6,MOSHOLU PKY,,0,40.88091111,-73.885813890,0,8,0,0,1,1,1,0,3,1,0,1,0,0000000,99,99,99,99,88,88,0,0,0,1,0
36,361047,2,2,0,0,0,2,2,103,5769,22,12,2011,5,17,29,1,2,3,SR-454,TERN PL,0,40.83493333,-73.267236110,0,12,6,0,2,3,1,0,5,1,0,1,0,0000000,17,29,17,30,18,16,0,0,0,1,0
36,361048,2,2,0,0,0,2,2,91,389,15,12,2011,5,11,53,0,6,6,SCHAUBER RD,,0,42.91130000,-73.860647220,0,12,2,0,1,1,1,0,1,10,2,2,1,0000000,99,99,99,99,99,99,0,0,0,1,0
36,361049,1,1,0,1,1,1,1,103,360,31,12,2011,7,21,48,0,14,3,SR-27A,,0,40.69663611,-73.322544440,0,8,0,0,1,1,1,0,2,10,0,10,0,0000000,99,99,99,99,99,99,0,0,0,1,0
36,361050,2,2,0,0,0,3,3,119,1379,9,12,2011,6,18,30,0,3,6,BEAR MOUNTAIN STATE PKY,LOUCST AVE,0,41.29705000,-73.882022220,0,12,2,0,3,3,1,0,2,1,0,1,0,0000000,18,3,18,10,18,17,0,0,0,1,0
36,361051,1,1,0,0,0,1,1,5,4170,8,5,2011,1,6,21,0,12,3,SR-908F,,0,40.90362222,-73.886975000,0,24,0,0,1,1,4,0,4,1,0,1,0,0000000,99,99,99,99,99,99,0,0,0,1,0
36,361052,1,1,0,1,1,1,1,47,4170,1,11,2011,3,11,0,0,16,6,9TH AVE,46TH ST,0,40.64201667,-73.999102780,0,8,0,0,3,2,1,0,1,1,0,1,0,0000000,99,99,99,99,99,99,0,0,0,1,0
36,361053,1,1,0,1,1,1,1,61,4170,27,5,2011,6,13,15,0,15,6,5TH AVE,W 33RD ST,0,40.74771667,-73.985005560,0,8,0,0,3,2,1,0,1,1,0,1,0,0000000,99,99,99,99,99,99,0,0,0,1,0
36,361054,1,1,0,1,1,1,1,47,4170,4,11,2011,6,21,54,0,16,6,E 53RD ST,AVE O,0,40.61674722,-73.923577780,0,9,0,0,2,2,1,0,3,1,0,1,0,0000000,99,99,99,99,99,99,0,0,0,1,0
36,361055,1,1,0,1,1,1,1,5,4170,6,11,2011,1,11,30,0,16,6,W 143RD ST,MORRIS AVE,0,40.81495278,-73.924222220,0,8,0,0,3,2,1,0,1,1,0,1,0,0000000,99,99,99,99,99,99,0,0,0,1,0
36,361056,4,2,2,0,0,4,4,81,4170,26,6,2011,1,20,0,0,16,6,140TH AVE,169TH ST,0,40.67088611,-73.770936110,0,12,6,0,2,4,1,0,1,1,0,1,0,0000000,99,99,99,99,99,99,0,0,0,1,0
36,361057,1,1,0,2,2,1,1,61,4170,1,7,2011,6,16,0,0,15,6,311 W 24TH ST,,0,40.74618056,-73.999558330,0,8,0,0,1,1,1,0,1,1,0,1,0,0000000,99,99,99,99,99,99,0,0,0,1,0
36,361058,2,2,0,0,0,2,2,47,4170,15,7,2011,6,20,0,0,14,6,CHURCH AVE,,0,40.64879167,-73.964438890,0,12,6,0,1,1,1,0,5,1,0,1,0,0000000,99,99,99,99,99,99,0,0,0,1,0
36,361059,2,1,1,0,0,2,2,81,4170,16,10,2011,1,21,25,0,13,6,127-17 MERRICK BLVD,,0,40.68155833,-73.765308330,0,14,0,0,1,1,7,0,3,1,0,1,0,0000000,99,99,99,99,99,99,0,0,0,1,0
36,361060,1,1,0,1,1,1,1,5,4170,6,12,2011,3,19,40,0,13,6,W FORDHAM RD,,0,40.86186111,-73.912219440,0,8,0,0,5,1,1,0,3,2,10,2,0,0000000,99,99,99,99,99,99,0,0,0,1,0
36,361061,1,1,0,1,1,1,1,47,4170,16,12,2011,6,21,39,0,13,6,CROPSEY AVE,BAY 37TH ST,0,40.59352500,-73.994186110,0,8,0,0,3,2,3,0,3,1,0,1,0,0000000,99,99,99,99,99,99,0,0,0,1,1
36,361062,1,1,0,1,1,1,1,47,4170,25,7,2011,2,21,13,0,15,6,STILLWELL AVE,KINGS HWY,0,40.60601944,-73.986961110,0,8,0,0,3,2,1,0,3,1,0,1,0,0000000,99,99,99,99,99,99,0,0,0,1,0
36,361063,1,1,0,1,1,1,1,81,4170,1,12,2011,5,6,5,0,16,6,108TH ST,62ND DR,0,40.73563611,-73.851000000,0,8,0,0,3,2,1,0,4,1,0,1,0,0000000,99,99,99,99,99,99,0,0,0,1,0
36,361064,2,1,1,1,1,4,4,61,4170,1,7,2011,6,11,0,0,15,6,20 ELIZABETH ST,,0,40.71588056,-73.997330560,0,14,0,0,1,1,7,0,1,1,10,10,0,0000000,99,99,99,99,99,99,0,0,0,1,0
36,361065,4,2,2,0,0,4,4,61,4170,7,12,2011,4,11,22,0,14,6,RIVERSIDR DR,147TH ST,0,40.82825833,-73.950763890,0,12,2,0,3,2,1,0,1,10,2,2,0,0000000,99,99,99,99,99,99,0,0,0,1,0
36,361066,1,1,0,1,1,1,1,47,4170,25,12,2011,1,7,20,0,13,6,EASTERN PKY,TROY AVE,0,40.66906944,-73.936605560,0,8,0,0,3,2,1,0,1,10,0,10,0,0000000,99,99,99,99,88,88,0,0,0,1,0
36,361067,2,2,0,0,0,6,6,81,4170,19,11,2011,7,5,4,1,11,1,I-495,,0,40.73188056,-73.918922220,0,12,6,0,5,1,1,0,3,1,0,1,0,0000000,99,99,99,99,99,99,0,0,0,1,1
36,361068,1,1,0,1,1,1,1,47,4170,20,8,2011,7,20,35,0,16,6,STOCKHOLM ST,WILSON AVE,0,40.69953889,-73.923694440,0,9,0,0,3,2,1,0,2,1,0,1,0,0000000,99,99,99,99,99,99,0,0,0,1,0
36,361069,1,1,0,1,1,2,2,47,4170,7,10,2011,6,0,42,0,14,6,BUSHWICK AVE,GROVE ST,0,40.69192222,-73.922447220,0,8,0,0,3,2,1,0,3,1,0,1,0,0000000,99,99,99,99,88,88,0,0,0,1,0
36,361070,3,3,0,0,0,3,3,47,4170,10,10,2011,2,19,20,0,16,6,LEONARD ST,MESEROLE AVE,0,40.72737222,-73.951769440,0,12,1,0,3,2,1,1,3,1,0,1,0,0000000,99,99,99,99,99,99,0,0,0,1,1
36,361071,1,1,0,1,1,1,1,5,4170,24,10,2011,2,22,10,0,14,6,E163RD ST,,0,40.82432778,-73.909522220,0,8,0,0,1,1,1,0,3,1,0,1,0,0000000,99,99,99,99,88,88,0,0,0,1,0
36,361072,2,2,0,1,1,2,2,81,4170,3,11,2011,5,5,38,1,12,1,I-495,,0,40.73568611,-73.925272220,0,8,0,0,1,1,1,0,3,1,0,1,0,0000000,99,99,99,99,88,88,0,0,0,1,0
36,361073,2,2,0,0,0,3,3,81,4170,13,11,2011,1,2,15,1,11,1,I-278,,0,40.73875000,-73.901691670,0,12,1,0,1,1,1,0,3,1,0,1,0,0000000,99,99,99,99,99,99,0,0,0,1,1
36,361074,1,1,0,1,1,1,1,61,4170,6,12,2011,3,6,45,0,16,6,E 7TH ST,AVE T,0,40.60023333,-73.964502780,0,8,0,0,3,2,1,0,4,2,10,2,0,0000000,99,99,99,99,99,99,0,0,0,1,0
36,361075,1,1,0,0,0,5,5,81,4170,17,12,2011,7,4,21,0,13,6,S CONDUIT AVE,,0,40.66471389,-73.825622220,0,33,0,0,1,1,4,0,2,1,0,1,0,0000000,99,99,99,99,99,99,0,0,0,1,0
36,361076,1,1,0,1,1,1,1,81,4170,21,12,2011,4,10,25,0,16,6,BOWNE ST,SANFORD AVE,0,40.75817222,-73.823172220,0,8,0,0,3,2,1,0,1,2,10,2,0,0000000,99,99,99,99,99,99,0,0,0,1,0
36,361077,3,3,0,0,0,7,7,5,4170,22,12,2011,5,3,7,1,11,1,I-95,,0,40.84571111,-73.826041670,0,12,6,0,1,1,1,0,3,1,0,1,0,0000000,99,99,99,99,99,99,0,0,0,1,1
36,361078,1,1,0,1,1,1,1,61,4170,13,9,2011,3,22,48,0,13,3,SR-907L,E 6TH ST,0,40.72155556,-73.974644440,0,8,0,0,2,3,1,0,3,1,0,1,0,0000000,99,99,99,99,88,88,0,0,0,1,0
36,361079,2,2,0,0,0,4,4,55,4666,5,11,2011,7,15,55,0,3,3,SR-947A,NORTH AVE,0,43.33626389,-77.790913890,0,12,6,0,2,2,1,0,1,1,0,1,0,0000000,15,55,99,99,99,99,0,0,0,2,1
36,361080,1,1,0,1,1,1,1,5,4170,21,12,2011,4,19,31,0,16,6,E 181ST ST,BATHGATE AVE,0,40.85187222,-73.894308330,0,8,0,0,3,2,1,0,5,10,2,2,0,0000000,99,99,99,99,99,99,0,0,0,1,0
36,361081,3,3,0,0,0,7,7,5,4170,12,12,2011,2,5,38,1,11,1,I-295,,0,40.81360833,-73.795241670,0,12,1,0,1,1,1,0,3,1,0,1,0,0000000,99,99,99,99,99,99,0,0,0,1,0