STATE,ST_CASE,VE_TOTAL,VE_FORMS,PVH_INVL,PEDS,PERNOTMVIT,PERMVIT,PERSONS,COUNTY,CITY,DAY,MONTH,YEAR,DAY_WEEK,HOUR,MINUTE,NHS,ROAD_FNC,ROUTE,TWAY_ID,TWAY_ID2,MILEPT,LATITUDE,LONGITUD,SP_JUR,HARM_EV,MAN_COLL,RELJCT1,RELJCT2,TYP_INT,REL_ROAD,WRK_ZONE,LGT_COND,WEATHER1,WEATHER2,WEATHER,SCH_BUS,RAIL,NOT_HOUR,NOT_MIN,ARR_HOUR,ARR_MIN,HOSP_HR,HOSP_MN,CF1,CF2,CF3,FATALS,DRUNK_DR
36,361082,2,2,0,1,1,3,3,5,4170,19,11,2011,7,23,20,0,13,6,BOSTON RD,,0,40.83670000,-73.888736110,0,8,0,0,1,1,1,0,3,1,0,1,0,0000000,99,99,99,99,99,99,0,0,0,1,0
36,361083,1,1,0,1,1,1,1,65,6220,9,9,2011,6,21,0,0,16,6,ALBANY ST,MUMMERY ST,0,43.08833333,-75.211305560,0,8,0,0,3,4,1,0,3,1,0,1,0,0000000,99,99,21,21,99,99,0,0,0,1,0
36,361084,1,1,0,0,0,1,1,7,1302,25,8,2011,5,20,14,0,5,6,HARDIE RD,SHAW RD,0,42.07933056,-75.830958330,0,34,0,0,3,3,4,0,3,10,2,2,0,0000000,99,99,99,99,99,99,0,0,0,1,0
36,361085,1,1,0,0,0,1,1,65,6220,6,8,2011,7,0,1,0,15,6,RUTGER ST,STEUBEN ST,0,43.09781111,-75.232663890,0,30,0,0,3,7,4,0,3,1,0,1,0,0000000,99,99,99,99,99,99,0,0,0,1,1
36,361086,2,2,0,0,0,2,2,45,1540,13,7,2011,4,16,21,0,4,3,SR-180,SR-12F,0,44.00143333,-76.045080560,0,12,2,0,2,2,1,0,1,10,0,10,0,0000000,99,99,99,99,99,99,0,0,0,1,0
36,361087,1,1,0,0,0,1,1,87,4063,8,12,2011,5,22,46,0,6,6,LAWRENCE ST,DRAYTON PL,0,41.10774722,-74.036477780,0,41,0,0,3,3,4,0,3,1,0,1,0,0000000,22,55,23,3,88,88,0,0,0,1,0
36,361088,2,2,0,0,0,5,5,55,652,4,6,2011,7,15,46,0,14,6,BROWNCROFT BLVD,KNOLLBROOK RD,0,43.15747222,-77.536205560,0,12,6,0,2,2,1,0,1,10,0,10,0,0000000,99,99,99,99,99,99,0,0,0,1,0
36,361089,3,3,0,0,0,3,3,119,6670,26,4,2011,3,10,49,0,14,6,NORTH ST,CLUB POINTE DR,0,41.01052778,-73.734355560,0,12,2,0,2,3,1,0,1,1,0,1,0,0000000,99,99,99,99,99,99,0,0,0,1,0
36,361090,1,1,0,0,0,1,1,27,3084,23,4,2011,7,11,32,0,5,4,CR-44,,0,41.65917500,-73.867422220,0,30,0,0,1,1,4,0,1,10,2,2,0,0000000,0,0,0,0,0,0,0,0,0,1,0
36,361091,4,4,0,0,0,5,5,5,4170,15,11,2011,3,16,4,1,11,1,I-95 RAMP,,0,40.84446111,-73.903105560,0,12,7,0,5,1,1,0,1,1,0,1,0,0000000,99,99,99,99,99,99,0,0,0,1,0
36,361092,2,2,0,0,0,3,3,43,3290,30,3,2011,4,14,14,0,3,3,SR-5,,0,43.02306944,-74.915708330,0,12,6,0,1,1,1,0,1,1,0,1,0,0000000,14,16,14,21,18,4,0,0,0,1,0
36,361093,2,2,0,0,0,2,2,9,2393,1,7,2011,6,13,2,1,2,2,US-219,,0,42.19441667,-78.658769440,0,12,8,0,1,1,1,0,1,1,0,1,0,0000000,13,4,13,17,88,88,0,0,0,1,0
36,361094,1,1,0,1,1,1,1,47,4170,3,11,2011,5,7,5,0,13,6,BAY PARKWAY,BENSON AVE,0,40.60025000,-73.995344440,0,8,0,0,3,2,1,0,4,1,0,1,0,0000000,99,99,99,99,99,99,0,0,0,1,0
36,361095,1,1,0,1,1,1,1,61,4170,7,11,2011,2,19,10,0,14,6,AUDUBON AVE,W 187TH ST,0,40.85228333,-73.929661110,0,8,0,0,3,2,1,0,5,1,0,1,0,0000000,99,99,99,99,99,99,0,0,0,1,0
36,361096,2,2,0,0,0,4,4,81,4170,8,10,2011,7,15,38,0,13,6,QUEENS BLVD,65TH PL,0,40.74095000,-73.899555560,0,12,6,0,2,2,1,0,1,1,0,1,0,0000000,15,38,15,44,16,0,0,0,0,1,0
36,361097,1,1,0,0,0,3,3,33,2725,26,10,2011,4,2,21,0,6,6,HELENA RD,,0,44.97098333,-74.669547220,0,42,0,0,1,1,4,0,3,1,0,1,0,0000000,2,23,2,30,3,16,0,0,0,2,0
37,370001,2,2,0,0,0,4,4,9,0,7,1,2011,6,17,36,0,4,3,SR-16,,99999,36.34555000,-81.380797220,0,12,6,0,1,1,1,0,5,4,0,4,0,0000000,17,41,18,2,19,0,0,0,0,2,0
37,370002,1,1,0,0,0,2,2,9,0,15,1,2011,7,23,25,0,4,3,SR-88,,99999,36.40235556,-81.386805560,0,38,0,0,1,1,4,0,2,1,0,1,0,0000000,23,27,23,33,88,88,0,0,0,2,1
37,370003,2,2,0,0,0,2,2,9,0,26,1,2011,4,10,30,0,4,3,SR-88,,99999,36.40215000,-81.386891670,0,12,2,0,1,1,1,0,1,4,0,4,0,0000000,99,99,99,99,99,99,0,0,0,1,0
37,370004,1,1,0,0,0,1,1,13,0,1,1,2011,7,23,9,0,6,4,RP-1102,,99999,35.40668056,-76.895369440,0,32,0,0,1,1,4,0,2,10,0,10,0,0000000,99,99,99,99,88,88,0,0,0,1,1
37,370005,2,2,0,0,0,2,2,13,0,5,1,2011,4,15,42,0,6,4,RP-1131,,99999,35.38506111,-77.126941670,0,12,6,0,1,1,1,0,1,10,0,10,0,0000000,99,99,99,99,99,99,0,0,0,1,0
37,370006,1,1,0,0,0,2,2,15,0,15,1,2011,7,12,0,0,6,4,RP-1249,,99999,99.99990000,999.999900000,0,43,0,0,1,1,5,0,1,1,0,1,0,0000000,99,99,99,99,99,99,0,0,0,1,1
37,370007,1,1,0,1,1,1,1,15,0,30,1,2011,1,18,36,0,4,3,SR-45,,99999,36.20626111,-76.767825000,0,9,0,0,1,1,1,0,2,1,0,1,0,0000000,99,99,99,99,88,88,0,0,0,1,0
37,370008,2,2,0,0,0,2,2,19,0,1,1,2011,7,8,35,0,3,4,RP-1438,,99999,34.24657500,-78.056830560,0,12,2,0,1,1,1,0,1,1,0,1,0,0000000,8,27,8,32,99,99,0,0,0,1,1
37,370009,1,1,0,0,0,1,1,19,0,1,1,2011,7,14,14,0,6,4,RP-1333,,99999,34.10121667,-78.533019440,0,34,0,0,1,1,4,0,1,1,0,1,0,0000000,14,4,14,24,88,88,0,0,0,1,0
37,370010,1,1,0,0,0,1,1,21,0,30,1,2011,1,22,30,0,4,3,SR-63,,99999,35.58689722,-82.597533330,0,42,0,0,1,1,4,0,2,1,0,1,0,0000000,22,28,22,44,23,2,0,0,0,1,0
37,370011,2,2,0,0,0,2,2,25,0,28,1,2011,6,17,24,0,3,4,RP-2180,I-85,99999,35.49533889,-80.550383330,0,12,6,0,2,2,1,0,5,1,0,1,0,0000000,17,21,17,30,17,40,0,0,0,1,0
37,370012,2,2,0,0,0,2,2,31,3290,4,1,2011,3,12,45,0,16,6,HIBBS RD,,99999,34.77581111,-76.861897220,0,12,8,0,1,1,1,0,1,1,0,1,0,0000000,12,45,12,48,13,31,0,0,0,1,0
37,370013,1,1,0,0,0,2,2,31,0,16,1,2011,1,7,10,0,4,4,RP-1300,,99999,34.78236944,-76.627063890,0,42,0,0,1,1,4,0,4,1,0,1,0,0000000,7,8,7,23,8,37,0,0,0,2,0
37,370014,1,1,0,0,0,3,3,33,0,6,1,2011,5,7,59,0,6,4,RP-1311,,99999,36.38439167,-79.459733330,0,42,0,0,1,1,4,0,1,1,0,1,0,0000000,8,2,8,15,99,99,0,0,0,1,0
37,370015,1,1,0,0,0,3,3,33,0,23,1,2011,1,14,15,0,4,3,SR-62,,99999,36.28150556,-79.362230560,0,1,0,0,1,1,4,0,1,1,0,1,0,0000000,14,13,14,20,99,99,0,0,0,1,0
37,370016,2,2,0,0,0,2,2,35,0,22,1,2011,7,6,40,1,2,2,US-321,,99999,35.58487500,-81.214886110,0,12,1,0,1,1,1,0,2,10,0,10,0,0000000,6,47,6,54,88,88,0,0,0,1,0
37,370017,1,1,0,0,0,1,1,35,0,23,1,2011,1,18,15,0,3,3,SR-18,,99999,35.60776667,-81.506366670,0,1,0,0,1,1,4,0,2,1,0,1,0,0000000,99,99,99,99,99,99,0,0,0,1,0
37,370018,1,1,0,0,0,2,2,45,0,13,1,2011,5,11,55,0,6,4,RP-1916,,99999,35.30601944,-81.750211110,0,21,0,0,1,1,4,0,1,1,0,1,0,0000000,99,99,99,99,99,99,0,0,0,1,0
37,370019,2,2,0,0,0,2,2,45,0,21,1,2011,6,13,35,0,4,4,RP-2487,RP-2263,99999,35.19765833,-81.395644440,0,12,6,0,2,2,1,0,1,1,0,1,0,0000000,99,99,99,99,88,88,0,0,0,1,0
37,370020,1,1,0,1,1,1,1,47,0,9,1,2011,1,5,0,0,6,4,RP-1003,,99999,34.41993889,-78.818322220,0,8,0,0,1,1,1,0,2,1,0,1,0,0000000,99,99,99,99,88,88,0,0,0,1,0
37,370021,1,1,0,0,0,1,1,47,0,12,1,2011,4,20,36,0,6,4,RP-1574,,99999,34.39879444,-78.873630560,0,34,0,0,1,1,4,0,2,1,0,1,0,0000000,99,99,99,99,88,88,0,0,0,1,1
37,370022,1,1,0,0,0,1,1,49,0,17,1,2011,2,18,58,0,4,3,SR-43,,99999,35.15661667,-77.113294440,0,59,0,0,1,1,4,0,2,2,0,2,0,0000000,18,56,19,6,23,56,0,0,0,1,0
37,370023,1,1,0,1,1,1,1,51,1670,3,1,2011,2,18,57,0,13,6,PAMALEE DRIVE,,99999,35.08842500,-78.926308330,0,8,0,0,1,1,1,0,2,1,0,1,0,0000000,18,59,19,2,19,42,0,0,0,1,0
37,370024,1,1,0,0,0,1,1,51,1670,24,1,2011,2,0,10,0,15,6,ROSEHILL ROAD,,99999,35.09345556,-78.887544440,0,30,0,0,1,1,4,0,3,1,0,1,0,0000000,0,20,0,41,88,88,0,0,0,1,1
37,370025,1,1,0,0,0,2,2,51,1670,24,1,2011,2,11,35,0,16,6,DUNDLE ROAD,,99999,35.00063056,-79.025397220,0,59,0,0,1,1,4,0,1,1,0,1,0,0000000,11,59,11,59,99,99,0,0,0,1,1
37,370026,1,1,0,1,1,1,1,57,0,19,1,2011,4,13,46,0,6,4,RP-1763,,99999,35.93839722,-80.095322220,0,8,0,0,1,1,1,0,1,1,0,1,0,0000000,13,42,13,52,88,88,0,0,0,1,0
37,370027,2,2,0,0,0,4,4,61,0,26,1,2011,4,18,11,1,2,2,US-117,,99999,34.84173889,-78.027905560,0,12,2,0,1,1,1,0,2,1,0,1,0,0000000,18,14,18,24,99,99,0,0,0,1,1
37,370028,1,1,0,0,0,1,1,67,3558,6,1,2011,5,8,36,0,16,4,RP-1455,,99999,36.16928611,-80.372366670,0,1,0,0,1,1,4,0,1,1,0,1,0,0000000,8,38,8,51,99,99,0,0,0,1,1
37,370029,2,2,0,0,0,4,4,67,0,11,1,2011,3,11,44,0,4,4,RP-2456,,99999,36.16185556,-80.178030560,0,12,6,0,1,1,1,0,1,10,0,10,0,0000000,99,99,99,99,99,99,0,0,0,1,1
37,370030,1,1,0,0,0,1,1,67,5120,27,1,2011,5,5,35,0,16,6,PHILLIPS BRIDGE ROAD,,99999,36.08252222,-80.374602780,0,42,0,0,1,1,4,0,3,1,0,1,0,0000000,99,99,99,99,88,88,0,0,0,1,0
37,370031,1,1,0,0,0,2,2,71,0,15,1,2011,7,6,4,0,5,4,RP-1125,,99999,35.16619444,-81.283913890,0,42,0,0,1,1,4,0,2,1,0,1,0,0000000,6,26,6,40,99,99,0,0,0,1,1
37,370032,1,1,0,0,0,1,1,73,0,27,1,2011,5,0,55,1,2,2,US-13,,99999,36.41858889,-76.912194440,0,38,0,0,1,1,4,0,2,10,0,10,0,0000000,99,99,99,99,88,88,0,0,0,1,0
37,370033,1,1,0,0,0,1,1,81,0,10,1,2011,2,0,10,1,2,2,US-29,,99999,36.21242500,-79.688644440,0,1,0,0,1,1,4,0,2,1,0,1,0,0000000,0,15,0,23,88,88,0,0,0,1,1
37,370034,1,1,0,0,0,1,1,81,0,21,1,2011,6,20,38,0,6,4,RP-2026,RP-2028,99999,36.18378611,-80.028075000,0,34,0,0,3,3,4,0,2,1,0,1,0,0000000,20,35,20,42,88,88,0,0,0,1,1
37,370035,2,2,0,0,0,2,2,81,0,22,1,2011,7,3,52,1,1,1,I-85,,99999,99.99990000,999.999900000,0,12,6,0,1,1,1,0,2,10,0,10,0,0000000,3,40,3,55,4,38,0,0,0,1,1
37,370036,1,1,0,1,1,1,1,81,1940,29,1,2011,7,0,33,1,11,1,I-40,,99999,36.04882222,-79.864875000,0,8,0,0,1,1,1,0,3,1,0,1,0,0000000,0,32,0,45,99,99,0,0,0,1,0
37,370037,1,1,0,0,0,1,1,83,0,29,1,2011,7,12,56,0,3,3,SR-125,,99999,36.38288889,-77.623922220,0,34,0,0,1,1,4,0,1,1,0,1,0,0000000,99,99,99,99,99,99,0,0,0,1,0
37,370038,2,2,0,0,0,2,2,85,0,3,1,2011,2,13,27,0,4,4,RP-1121,,99999,35.22625278,-78.950650000,0,12,2,0,1,1,1,0,1,1,0,1,0,0000000,13,22,13,28,99,99,0,0,0,1,0
37,370039,1,1,0,0,0,1,1,87,0,5,1,2011,4,2,55,0,3,3,SR-215,,99999,99.99990000,999.999900000,0,42,0,0,1,1,4,0,2,1,0,1,0,0000000,3,1,3,7,4,54,0,0,0,1,1
37,370040,1,1,0,0,0,2,2,87,0,23,1,2011,1,14,30,0,4,3,SR-215,,99999,99.99990000,999.999900000,0,33,0,0,1,1,4,0,1,1,0,1,0,0000000,15,1,15,7,15,53,0,0,0,1,0
37,370041,1,1,0,0,0,2,2,89,0,1,1,2011,7,22,0,0,6,4,RP-1125,,99999,35.26195000,-82.482797220,0,42,0,0,1,1,4,0,2,2,0,2,0,0000000,21,59,22,10,22,50,0,0,0,1,1
37,370042,1,1,0,0,0,2,2,89,0,19,1,2011,4,20,8,0,5,4,RP-1171,,99999,35.30695556,-82.541955560,0,35,0,0,1,1,4,0,2,10,0,10,0,0000000,20,3,20,17,99,99,0,0,0,1,1
37,370043,1,1,0,0,0,1,1,93,0,21,1,2011,6,21,56,0,6,4,RP-1134,,99999,34.92978333,-79.268116670,0,42,0,0,1,1,4,0,2,1,0,1,0,0000000,99,99,99,99,88,88,0,0,0,1,1
37,370044,1,1,0,1,1,1,1,93,0,25,1,2011,3,19,35,0,3,3,SR-211,,99999,35.09445556,-79.372486110,0,8,0,0,1,1,1,0,2,10,0,10,0,0000000,99,99,99,99,99,99,0,0,0,1,0
37,370045,2,2,0,0,0,2,2,97,0,28,1,2011,6,7,31,1,1,1,I-77,,99999,35.81824722,-80.860866670,0,12,1,0,1,1,1,0,1,1,0,1,0,0000000,7,30,7,43,99,99,0,0,0,1,0
37,370046,1,1,0,0,0,1,1,97,0,30,1,2011,1,15,46,0,6,4,DASH ROAD,,99999,36.04825000,-80.782213890,0,32,0,0,1,1,4,0,1,1,0,1,0,0000000,15,39,15,50,88,88,0,0,0,1,1
37,370047,1,1,0,0,0,1,1,101,0,14,1,2011,6,23,1,0,6,4,RP-1706,,99999,35.67235833,-78.418136110,0,34,0,0,1,1,4,0,2,1,0,1,0,0000000,99,99,99,99,99,99,0,0,0,1,0
37,370048,2,2,0,0,0,5,5,101,0,16,1,2011,1,20,28,1,1,1,I-95,,99999,35.50693611,-78.314880560,0,12,1,0,1,1,1,0,2,1,0,1,0,0000000,21,12,21,22,99,99,0,0,0,1,0
37,370049,1,1,0,0,0,1,1,101,0,20,1,2011,5,8,14,0,6,4,RP-1001,,99999,35.54633333,-78.121933330,0,34,0,0,1,1,4,0,1,1,0,1,0,0000000,99,99,99,99,88,88,0,0,0,1,0
37,370050,3,3,0,0,0,3,3,105,4090,21,1,2011,6,8,10,0,13,2,US-421,,99999,35.49093333,-79.189777780,0,12,1,0,1,1,1,0,1,1,0,1,0,0000000,8,15,8,18,8,38,0,0,0,1,0
37,370051,1,1,0,0,0,2,2,107,0,11,1,2011,3,8,21,0,4,4,RP-1001,,99999,35.31903056,-77.708080560,0,42,0,0,1,1,4,0,1,1,0,1,0,0000000,8,6,8,13,88,88,0,0,0,1,0
37,370052,2,2,0,0,0,3,3,107,0,21,1,2011,6,16,53,0,4,3,SR-11,RP-1161,99999,35.19802778,-77.664605560,0,12,6,0,2,2,1,0,1,10,0,10,0,0000000,16,48,16,56,99,99,0,0,0,1,0
37,370053,1,1,0,0,0,2,2,117,0,21,1,2011,6,22,47,0,6,4,RP-1141,,99999,35.82727778,-77.129216670,0,53,0,0,1,1,4,0,2,1,0,1,0,0000000,22,49,22,55,23,8,0,0,0,1,1
37,370054,1,1,0,1,1,2,2,119,870,6,1,2011,5,18,5,1,12,2,US-521,,99999,35.02280833,-80.848947220,0,8,0,0,1,1,1,0,5,10,0,10,0,0000000,99,99,99,99,88,88,0,0,0,1,0
37,370055,1,1,0,1,1,1,1,119,870,15,1,2011,7,22,29,0,13,6,ALBEMARLE ROAD,,99999,35.20242778,-80.727816670,0,8,0,0,1,1,1,0,2,1,0,1,0,0000000,99,99,99,99,99,99,0,0,0,1,0
37,370056,3,3,0,0,0,4,4,119,3082,20,1,2011,5,17,56,0,13,3,SR-51,EVANS ROAD,99999,35.17236111,-80.658725000,0,12,6,0,2,3,1,0,5,1,0,1,0,0000000,99,99,99,99,88,88,14,0,0,1,1
37,370057,2,2,0,0,0,2,2,119,870,27,1,2011,5,15,0,1,12,6,INDEPENDENCE BLVD,,99999,35.20243333,-80.789633330,0,12,7,0,1,1,1,0,1,1,0,1,0,0000000,10,34,10,43,11,4,0,0,0,1,0
37,370058,2,2,0,0,0,3,3,125,0,6,1,2011,5,15,51,0,4,3,SR-22,,99999,35.48567778,-79.522305560,0,12,2,0,8,1,1,0,1,1,0,1,1,0000000,99,99,99,99,99,99,0,0,0,1,0
37,370059,1,1,0,0,0,2,2,145,0,10,1,2011,2,20,15,0,5,4,RP-1150,,99999,36.35900833,-79.015527780,0,42,0,0,1,1,4,0,2,4,3,4,0,0000000,20,29,20,40,21,7,0,0,0,1,0
37,370060,2,2,0,0,0,2,2,147,1950,24,1,2011,2,17,41,0,14,3,SR-43,,99999,35.57583333,-77.354775000,0,12,2,0,1,1,1,0,3,1,0,1,0,0000000,17,43,18,4,20,11,0,0,0,2,0
37,370061,1,1,0,0,0,1,1,153,0,29,1,2011,7,15,20,0,6,4,RP-1442,,99999,35.01467222,-79.681863890,0,53,0,0,1,1,4,0,1,1,0,1,0,0000000,15,22,15,33,16,4,0,0,0,1,0
37,370062,1,1,0,0,0,1,1,155,2770,1,1,2011,7,10,35,1,11,3,SR-301,,99999,99.99990000,999.999900000,0,52,0,0,1,1,4,0,1,10,0,10,0,0000000,99,99,99,99,88,88,0,0,0,1,0
37,370063,2,2,0,0,0,3,3,155,0,17,1,2011,2,18,3,0,4,4,RP-1340,RP-1515,99999,34.70365833,-79.197177780,0,12,6,0,2,2,1,0,2,2,0,2,0,0000000,18,10,18,21,19,1,0,0,0,1,0
37,370064,1,1,0,0,0,2,2,155,0,18,1,2011,3,14,0,0,6,4,RP-1312,,99999,34.71685278,-79.277430560,0,34,0,0,1,1,4,0,1,1,0,1,0,0000000,13,56,14,16,15,33,0,0,0,1,1
37,370065,2,2,0,0,0,2,2,155,0,1,1,2011,7,5,27,0,6,4,RP-1749,,99999,34.85931389,-79.088172220,0,12,2,0,1,1,1,0,2,1,0,1,0,0000000,99,99,99,99,99,99,0,0,0,1,0
37,370066,1,1,0,0,0,3,3,159,0,12,1,2011,4,18,56,0,6,4,RP-2377,,99999,35.58298889,-80.387563890,0,1,0,0,1,1,1,0,2,1,0,1,0,0000000,18,42,18,54,19,24,0,0,0,1,0
37,370067,3,3,0,0,0,3,3,161,0,22,1,2011,7,18,30,1,2,2,US-74,RP-1595,99999,35.31778611,-81.830119440,0,12,6,0,2,3,1,0,2,1,0,1,0,0000000,18,26,18,31,88,88,0,0,0,1,0
37,370068,1,1,0,0,0,3,3,161,0,28,1,2011,6,22,11,0,6,6,CHISHOLM TRAIL,,99999,35.38730000,-81.976633330,0,42,0,0,1,1,4,0,2,1,0,1,0,0000000,22,7,22,17,22,49,0,0,0,1,1
37,370069,1,1,0,0,0,2,2,167,0,7,1,2011,6,16,38,0,5,4,RP-1963,,99999,35.29929444,-80.244311110,0,42,0,0,1,1,4,0,2,10,0,10,0,0000000,99,99,99,99,99,99,0,0,0,1,1
37,370070,2,2,0,0,0,2,2,177,0,14,1,2011,6,18,38,1,2,2,US-64,,99999,35.92374167,-76.201430560,0,12,1,0,1,1,1,0,2,1,0,1,0,0000000,18,40,19,1,99,99,0,0,0,1,0
37,370071,2,2,0,0,0,2,2,179,3100,16,1,2011,1,11,19,1,13,2,US-74,,99999,35.01994444,-80.577250000,0,12,6,0,7,1,1,0,1,1,0,1,0,0000000,99,99,99,99,99,99,0,0,0,1,0
37,370072,1,1,0,1,1,1,1,179,3100,27,1,2011,5,23,30,0,16,6,N ROCKY RIVER RD,,99999,35.05128889,-80.595788890,0,9,0,0,1,1,1,0,3,1,0,1,0,0000000,99,99,99,99,88,88,0,0,0,1,1
37,370073,2,2,0,0,0,2,2,179,3100,27,1,2011,5,11,16,0,13,2,US-74,VENUS ST,99999,34.97304722,-80.517083330,0,12,1,0,2,2,1,0,1,10,0,10,0,0000000,11,17,11,18,11,28,0,0,0,1,0
37,370074,2,2,0,2,2,3,3,183,3750,1,1,2011,7,4,23,1,11,1,I-440,,99999,35.79609444,-78.585891670,0,8,0,0,1,1,1,0,3,10,0,10,0,0000000,4,23,4,34,4,47,23,0,0,1,1
37,370075,2,2,0,0,0,3,3,183,3750,4,1,2011,3,9,33,0,16,6,LEESVILLE RD,,99999,35.86776944,-78.699530560,0,12,6,0,1,1,1,0,1,1,0,1,0,0000000,9,33,9,44,10,5,0,0,0,1,0
37,370076,5,5,0,0,0,5,5,183,3750,7,1,2011,6,9,43,0,16,6,LYNN RD,SANDY FORKS RD,99999,35.86373611,-78.635758330,0,12,6,0,2,2,1,0,1,10,0,10,0,0000000,9,43,9,53,10,12,14,0,0,1,0
37,370077,1,1,0,1,1,1,1,183,3750,20,1,2011,5,12,59,0,16,6,ROCK QUARRY RD,I-440,99999,35.76538889,-78.614644440,0,9,0,0,2,2,1,0,1,1,0,1,1,0000000,12,59,13,3,13,20,0,0,0,1,0
37,370078,2,2,0,0,0,2,2,183,0,8,1,2011,7,8,14,0,16,6,SPRING FOREST RD,GREENS DAIRY RD,99999,35.85503889,-78.578425000,0,12,6,0,2,3,1,0,1,1,0,1,0,0000000,7,57,8,4,8,34,0,0,0,1,0
37,370079,1,1,0,0,0,1,1,183,3750,15,1,2011,7,3,23,0,13,6,AVIATION PARKWAY,,99999,35.92158611,-78.805961110,0,42,0,0,1,1,3,0,2,1,0,1,0,0000000,3,21,3,30,4,5,0,0,0,1,1
37,370080,1,1,0,0,0,1,1,183,0,30,1,2011,1,19,29,0,3,4,RP-1007,,99999,35.75048333,-78.429852780,0,35,0,0,1,1,4,0,2,1,0,1,0,0000000,99,99,99,99,88,88,0,0,0,1,0
37,370081,2,2,0,0,0,2,2,191,1880,9,1,2011,1,14,30,0,16,6,CORPORATE DR,,99999,35.39541667,-77.970313890,0,12,6,0,4,1,1,0,1,1,0,1,0,0000000,88,88,88,88,88,88,0,0,0,1,0
37,370082,1,1,0,0,0,1,1,193,0,12,1,2011,4,15,48,0,4,3,SR-268,,99999,36.21907222,-80.940569440,0,23,0,0,1,1,4,0,1,1,0,1,0,0000000,15,43,15,56,88,88,0,0,0,1,0
37,370083,2,2,0,0,0,2,2,195,0,7,1,2011,6,18,40,0,4,2,US-264A,,99999,35.77868889,-78.156052780,0,12,2,0,1,1,1,0,2,1,0,1,0,0000000,18,35,18,38,99,99,0,0,0,1,0
37,370084,1,1,0,0,0,1,1,165,0,27,1,2011,5,9,15,1,2,2,US-15,,99999,34.89578611,-79.449691670,0,42,0,0,1,1,4,0,1,1,0,1,0,0000000,9,14,9,27,88,88,0,0,0,1,0
37,370085,1,1,0,0,0,1,1,3,0,19,2,2011,7,18,0,0,4,4,RP-1005,,99999,35.85546667,-81.065936110,0,1,0,0,1,1,4,0,1,1,0,1,0,0000000,99,99,99,99,88,88,0,0,0,1,0
37,370086,1,1,0,0,0,1,1,19,0,16,2,2011,4,2,45,1,2,2,US-17,,99999,34.06899722,-78.175191670,0,35,0,0,1,1,4,0,2,1,0,1,0,0000000,2,43,3,4,88,88,0,0,0,1,0
37,370087,2,2,0,0,0,3,3,21,170,1,2,2011,3,6,26,0,14,6,MEADOW STREET,,99999,35.56508333,-82.556752780,0,12,2,0,1,1,1,0,2,1,0,1,0,0000000,6,28,6,37,99,99,0,0,0,1,1
37,370088,1,1,0,0,0,1,1,21,0,23,2,2011,4,2,20,0,2,3,SR-63,,99999,35.61286944,-82.631252780,0,1,0,0,1,1,4,0,2,1,0,1,0,0000000,2,18,2,22,2,39,0,0,0,1,1
37,370089,1,1,0,0,0,1,1,23,0,6,2,2011,1,21,25,0,6,4,RP-1843,,99999,35.72990833,-81.594172220,0,42,0,0,1,1,4,0,2,1,0,1,0,0000000,21,23,21,35,22,31,0,0,0,1,0
37,370090,1,1,0,0,0,1,1,27,0,18,2,2011,6,23,25,0,4,4,RP-1143,,99999,35.86683056,-81.597727780,0,23,0,0,1,1,4,0,2,1,0,1,0,0000000,1,10,1,11,88,88,0,0,0,1,1
37,370091,1,1,0,0,0,1,1,33,0,5,2,2011,7,17,11,0,5,4,RP-1503,,99999,36.51030833,-79.362338890,0,34,0,0,1,1,4,0,1,1,0,1,0,0000000,17,0,17,12,88,88,0,0,0,1,1
37,370092,3,3,0,0,0,6,6,35,0,8,2,2011,3,18,43,0,5,6,RP-1844,,99999,35.55121944,-80.995625000,0,12,8,0,1,1,1,0,5,1,0,1,0,0000000,18,40,18,47,99,99,0,0,0,1,1
37,370093,1,1,0,0,0,2,2,49,0,12,2,2011,7,0,48,0,6,4,RP-1243,,99999,35.17245833,-77.135075000,0,34,0,0,1,1,4,0,2,1,0,1,0,0000000,99,99,99,99,99,99,0,0,0,1,1
37,370094,1,1,0,0,0,3,3,51,1670,18,2,2011,6,6,41,0,15,6,BRAGG BLVD,,99999,35.06886389,-78.908669440,0,30,0,0,1,1,4,0,4,1,0,1,0,0000000,6,45,6,51,7,12,0,0,0,1,1
37,370095,3,3,0,0,0,4,4,51,1670,23,2,2011,4,16,22,0,13,6,EASTERN BLVD,OLD WILMINGTON ROAD,99999,35.03531111,-78.872941670,0,12,6,0,2,2,1,0,1,1,0,1,0,0000000,16,24,16,25,16,43,0,0,0,1,0
37,370096,3,3,0,0,0,4,4,59,0,17,2,2011,5,8,11,1,1,1,I-40,,99999,35.91366111,-80.609177780,0,12,2,0,1,1,1,0,1,1,0,1,0,0000000,8,10,8,16,99,99,0,0,0,1,0
37,370097,4,4,0,0,0,5,5,59,0,24,2,2011,5,13,18,1,1,1,I-40,,99999,35.93041389,-80.577850000,0,1,0,0,1,1,3,0,1,10,0,10,0,0000000,13,8,13,15,13,39,0,0,0,3,0
37,370098,1,1,0,0,0,1,1,63,1360,19,2,2011,7,1,58,0,16,6,S. ROXBORO STREET,,99999,35.93591667,-78.932375000,0,24,0,0,1,1,4,0,3,1,0,1,0,0000000,99,99,99,99,88,88,0,0,0,1,1