STATE,ST_CASE,VE_TOTAL,VE_FORMS,PVH_INVL,PEDS,PERNOTMVIT,PERMVIT,PERSONS,COUNTY,CITY,DAY,MONTH,YEAR,DAY_WEEK,HOUR,MINUTE,NHS,ROAD_FNC,ROUTE,TWAY_ID,TWAY_ID2,MILEPT,LATITUDE,LONGITUD,SP_JUR,HARM_EV,MAN_COLL,RELJCT1,RELJCT2,TYP_INT,REL_ROAD,WRK_ZONE,LGT_COND,WEATHER1,WEATHER2,WEATHER,SCH_BUS,RAIL,NOT_HOUR,NOT_MIN,ARR_HOUR,ARR_MIN,HOSP_HR,HOSP_MN,CF1,CF2,CF3,FATALS,DRUNK_DR
37,370099,1,1,0,0,0,1,1,67,0,13,2,2011,1,16,12,0,4,4,RP-1166,,99999,36.05210000,-80.445430560,0,38,0,0,1,1,4,0,1,1,0,1,0,0000000,99,99,99,99,88,88,0,0,0,1,1
37,370100,1,1,0,1,1,1,1,67,5120,19,2,2011,7,3,18,1,12,2,US-421,,99999,36.07265556,-80.350827780,0,8,0,0,1,1,1,0,2,1,0,1,0,0000000,3,24,3,33,88,88,0,0,0,1,1
37,370101,3,3,0,0,0,8,8,71,0,11,2,2011,6,18,53,0,3,3,SR-274,,99999,35.36810000,-81.371527780,0,12,2,0,1,1,1,0,2,1,0,1,0,0000000,18,47,18,53,99,99,0,0,0,1,2
37,370102,1,1,0,1,1,3,3,71,2740,14,2,2011,2,18,47,0,14,6,N. MAIN STREET,,99999,35.26950556,-81.097625000,0,8,0,0,1,1,1,0,2,1,0,1,0,0000000,18,48,18,54,19,20,0,0,0,1,0
37,370103,1,1,0,0,0,1,1,77,0,5,2,2011,7,14,0,0,6,4,RP-1618,,99999,36.22059444,-78.607691670,0,34,0,0,1,1,4,0,1,10,0,10,0,0000000,14,22,14,31,88,88,0,0,0,1,1
37,370104,2,2,0,0,0,2,2,77,0,15,2,2011,3,4,24,1,1,1,I-85,,99999,36.29845556,-78.575077780,0,12,1,0,1,1,1,0,2,1,0,1,0,0000000,4,16,4,33,99,99,0,0,0,1,0
37,370105,1,1,0,0,0,2,2,79,0,12,2,2011,7,5,9,0,6,4,RP-1216,,99999,35.50337500,-77.804316670,0,34,0,0,1,1,4,0,2,1,0,1,0,0000000,5,14,5,17,99,99,0,0,0,1,0
37,370106,1,1,0,0,0,1,1,83,0,26,2,2011,7,20,50,0,4,3,SR-4,,99999,36.18977500,-77.825516670,0,34,0,0,1,1,4,0,2,1,0,1,0,0000000,99,99,99,99,99,99,0,0,0,1,1
37,370107,1,1,0,0,0,1,1,85,0,23,2,2011,4,18,11,0,6,4,RP-1559,,99999,99.99990000,999.999900000,0,34,0,0,1,1,4,0,5,1,0,1,0,0000000,18,7,18,14,88,88,0,0,0,1,1
37,370108,1,1,0,0,0,1,1,97,0,9,2,2011,4,7,55,0,3,3,SR-90,,99999,35.78620833,-80.889416670,0,42,0,0,1,1,4,0,1,1,0,1,0,0000000,7,54,8,10,8,33,0,0,0,1,0
37,370109,1,1,0,1,1,1,1,99,4540,6,2,2011,1,4,42,0,14,6,WEST MAIN ST,,99999,35.37365556,-83.227186110,0,8,0,0,1,1,1,0,3,1,0,1,0,0000000,4,45,4,49,5,33,0,0,0,1,0
37,370110,1,1,0,0,0,1,1,111,0,23,2,2011,4,13,33,0,4,2,US-70,,99999,35.69773333,-81.982041670,0,52,0,0,1,1,4,0,1,1,0,1,0,0000000,13,49,13,50,14,36,0,0,0,1,0
37,370111,1,1,0,0,0,2,2,111,0,27,2,2011,1,12,2,1,2,2,US-221,,99999,35.72540278,-82.043322220,0,17,0,0,1,1,4,0,1,1,0,1,0,0000000,11,57,12,16,12,38,0,0,0,1,0
37,370112,1,1,0,3,3,1,1,119,870,9,2,2011,4,11,35,0,16,6,CORSICA FOREST DR,,99999,35.10839444,-80.983486110,0,8,0,0,1,1,1,0,1,1,0,1,0,0000000,99,99,99,99,99,99,0,0,0,2,0
37,370113,2,2,0,0,0,3,3,119,870,12,2,2011,7,16,38,0,16,6,E INDEPENDENCE BLVD,,99999,35.21729444,-80.816458330,0,12,7,0,1,1,1,0,1,1,0,1,0,0000000,16,39,16,51,17,6,0,0,0,1,0
37,370114,1,1,0,2,2,2,2,119,870,14,2,2011,2,6,28,0,16,6,BILLY GRAHAM PARKWAY,SCOTT FUTRELL DR,99999,35.23720833,-80.920400000,0,8,0,0,2,2,1,0,2,1,0,1,0,0000000,99,99,99,99,99,99,0,0,0,1,0
37,370115,2,2,0,0,0,4,4,119,870,19,2,2011,7,15,20,1,13,2,US-74,,99999,35.15809167,-80.735091670,0,12,6,0,7,1,1,0,1,1,0,1,0,0000000,15,19,15,26,99,99,0,0,0,2,0
37,370116,2,2,0,0,0,2,2,119,870,16,2,2011,4,9,10,1,11,1,I-85,,99999,35.24225556,-80.944519440,0,12,1,0,1,1,1,0,1,1,0,1,0,0000000,9,8,9,15,99,99,0,0,0,1,0
37,370117,1,1,0,0,0,1,1,119,3095,26,2,2011,7,1,3,0,16,6,BAIN SCHOOL RD,,99999,35.15766944,-80.639047220,0,42,0,0,1,1,4,0,2,1,0,1,0,0000000,1,3,99,99,88,88,0,0,0,1,1
37,370118,2,2,0,0,0,2,2,125,10,14,2,2011,2,21,58,0,14,6,SAUNDERS BLVD,,99999,35.14749444,-79.402400000,0,24,0,0,1,1,4,0,2,1,0,1,0,0000000,21,58,22,4,22,20,0,0,0,1,1
37,370119,5,5,0,1,1,5,5,127,0,14,2,2011,2,22,2,1,2,2,US-64,,99999,35.94320000,-78.047047220,0,8,0,0,1,1,1,0,2,1,0,1,0,0000000,22,1,22,8,88,88,0,0,0,1,1
37,370120,3,3,0,0,0,3,3,131,0,9,2,2011,4,18,36,0,4,3,SR-186,,99999,36.47202778,-77.485800000,0,12,8,0,1,1,1,0,2,10,0,10,0,0000000,99,99,99,99,99,99,0,0,0,1,0
37,370121,2,2,0,0,0,2,2,133,0,19,2,2011,7,9,7,0,4,3,SR-111,,99999,34.83909722,-77.596177780,0,12,2,0,1,1,1,0,1,1,0,1,0,0000000,9,6,9,28,99,99,0,0,0,1,0
37,370122,1,1,0,0,0,1,1,149,0,20,2,2011,1,7,52,1,1,1,I-26,,99999,35.23832778,-82.204772220,0,24,0,0,1,1,4,0,1,1,0,1,0,0000000,7,54,8,3,88,88,0,0,0,1,1
37,370123,1,1,0,0,0,3,3,151,160,19,2,2011,7,12,15,1,12,2,US-220,,99999,35.70972222,-79.829405560,0,1,0,0,1,1,4,0,1,1,0,1,0,0000000,99,99,99,99,99,99,0,0,0,1,1
37,370124,2,2,0,0,0,3,3,153,1510,21,2,2011,2,22,9,0,16,5,RAILROAD STREET,,99999,35.06955556,-79.760377780,0,12,1,0,1,1,1,0,2,1,0,1,0,0000000,22,8,22,10,88,88,0,0,0,1,0
37,370125,1,1,0,0,0,2,2,155,0,5,2,2011,7,0,59,0,6,4,RP-1774,,99999,34.79822778,-79.148083330,0,42,0,0,1,1,4,0,2,2,0,2,0,0000000,0,58,1,3,88,88,0,0,0,2,1
37,370126,1,1,0,1,1,1,1,155,0,8,2,2011,3,19,38,0,4,4,RP-1313,,99999,34.80525833,-79.310130560,0,8,0,0,1,1,1,0,2,1,0,1,0,0000000,19,36,19,42,20,11,0,0,0,1,0
37,370127,2,2,0,0,0,3,3,155,0,28,2,2011,2,9,48,0,6,5,RP-1527,RP-1528,99999,34.66535278,-79.040258330,0,12,6,0,2,2,1,0,1,1,0,1,0,0000000,9,52,9,56,10,38,0,0,0,1,0
37,370128,1,1,0,0,0,2,2,157,0,6,2,2011,1,21,57,0,3,4,RP-1716,,99999,36.53533056,-79.743177780,0,42,0,0,1,1,4,0,2,1,0,1,0,0000000,21,55,22,13,99,99,0,0,0,1,0
37,370129,2,2,0,0,0,1,1,163,0,5,2,2011,7,23,13,1,2,2,US-13,,99999,35.19176667,-78.505683330,0,12,6,0,1,1,1,0,2,1,0,1,0,0000000,23,13,23,20,88,88,0,0,0,1,0
37,370130,2,2,0,0,0,5,5,167,0,15,2,2011,3,9,49,0,6,4,RP-1956,,99999,35.32039444,-80.201183330,0,12,2,0,1,1,1,0,1,1,0,1,0,0000000,9,41,9,51,10,10,0,0,0,1,0
37,370131,2,2,0,0,0,2,2,179,3100,13,2,2011,1,12,59,0,16,6,PHIFER STREET,,99999,34.99272500,-80.556275000,0,12,6,0,8,1,1,0,1,1,0,1,0,0000000,13,0,13,6,13,27,0,0,0,1,0
37,370132,1,1,0,0,0,1,1,179,0,26,2,2011,7,1,31,0,6,4,RP-1157,,99999,34.96524167,-80.608791670,0,1,0,0,1,1,1,0,2,1,0,1,0,0000000,1,20,1,34,1,55,0,0,0,1,1
37,370133,1,1,0,0,0,1,1,183,0,7,2,2011,2,7,42,0,4,4,RP-1375,,99999,35.72024444,-78.685969440,0,35,0,0,1,1,4,0,1,10,0,10,0,0000000,99,99,99,99,88,88,0,0,0,1,1
37,370134,5,5,0,1,1,10,10,183,3750,23,2,2011,4,20,31,1,11,1,I-40,,99999,35.75205833,-78.695422220,0,8,0,0,1,1,1,0,2,1,0,1,0,0000000,20,34,20,40,21,33,23,0,0,1,0
37,370135,2,2,0,0,0,2,2,183,3140,26,2,2011,7,14,47,0,16,4,RP-3060,GOLDEN HORSESHOE CIR,99999,35.81195000,-78.844886110,0,12,6,0,2,3,1,0,1,1,0,1,0,0000000,14,48,14,54,88,88,0,0,0,1,0
37,370136,1,1,0,1,1,1,1,189,0,25,2,2011,6,11,54,0,6,8,PARKING LOT,,99999,99.99990000,999.999900000,0,8,0,0,1,1,5,0,1,1,0,1,0,0000000,11,52,11,56,12,6,0,0,0,1,0
37,370137,1,1,0,0,0,3,3,193,0,4,2,2011,6,1,43,0,5,4,RP-2467,,99999,36.09872778,-81.171541670,0,38,0,0,1,1,5,0,2,1,0,1,0,0000000,2,43,2,53,4,5,0,0,0,1,0
37,370138,1,1,0,0,0,1,1,193,0,18,2,2011,6,6,16,0,4,3,SR-115,,99999,36.10740278,-81.054769440,0,11,0,0,1,1,1,0,2,10,0,10,0,0000000,2,15,2,25,88,88,0,0,0,1,1
37,370139,2,2,0,0,0,8,8,193,0,6,2,2011,1,0,9,1,2,2,US-421,,99999,99.99990000,999.999900000,0,12,1,0,1,1,1,0,2,1,0,1,0,0000000,0,7,0,23,1,10,0,0,0,1,1
37,370140,11,2,9,0,0,4,4,195,5070,5,2,2011,7,20,34,0,13,6,WARD BLVD,LANE STREET,99999,35.71268333,-77.897619440,0,12,6,0,2,2,1,0,3,10,0,10,0,0000000,20,43,20,52,21,16,0,0,0,1,1
37,370141,1,1,0,0,0,1,1,197,0,6,2,2011,1,2,4,0,5,4,RP-1001,,99999,36.08185556,-80.538850000,0,34,0,0,1,1,4,0,2,1,0,1,0,0000000,1,57,2,7,88,88,0,0,0,1,1
37,370142,1,1,0,0,0,1,1,31,0,10,2,2011,5,6,15,1,2,2,US-70,,99999,34.77052500,-76.517672220,0,32,0,0,1,1,4,0,2,10,0,10,0,0000000,6,18,6,24,7,0,0,0,0,1,0
37,370143,1,1,0,0,0,1,1,11,0,7,3,2011,2,11,50,1,13,3,SR-105,,99999,36.08552222,-81.867413890,0,35,0,0,1,1,4,0,1,1,0,1,0,0000000,99,99,99,99,99,99,0,0,0,1,0
37,370144,3,3,0,1,1,3,3,19,0,3,3,2011,5,18,54,1,2,2,US-17,,99999,34.08486667,-78.135022220,0,9,0,0,1,1,1,0,2,1,0,1,0,0000000,18,51,19,5,88,88,0,0,0,1,0
37,370145,2,2,0,0,0,6,6,19,0,8,3,2011,3,15,57,0,6,4,RP-1340,,99999,34.11862500,-78.406763890,0,12,2,0,1,1,1,0,1,1,0,1,1,0000000,15,54,16,16,99,99,0,0,0,4,0
37,370146,2,2,0,0,0,3,3,19,0,26,3,2011,7,18,0,0,6,4,RP-1521,,99999,99.99990000,999.999900000,0,12,2,0,1,1,1,0,1,1,0,1,0,0000000,18,0,18,0,99,99,0,0,0,1,0
37,370147,1,1,0,0,0,2,2,21,0,12,3,2011,7,6,10,0,2,3,SR-63,,99999,35.58682778,-82.597447220,0,52,0,0,1,1,4,0,2,1,0,1,0,0000000,6,13,6,18,99,99,0,0,0,1,1
37,370148,3,3,0,0,0,6,6,25,2390,20,3,2011,1,14,25,0,14,6,S MAIN ST,,99999,35.47758611,-80.625141670,0,12,1,0,1,1,1,0,1,1,0,1,0,0000000,14,23,14,29,14,55,14,0,0,1,0
37,370149,1,1,0,0,0,2,2,107,0,7,3,2011,2,21,13,0,3,2,US-64,,99999,99.99990000,999.999900000,0,32,0,0,1,1,4,0,2,1,0,1,0,0000000,21,11,21,21,22,3,0,0,0,1,0
37,370150,2,2,0,0,0,3,3,27,2590,27,3,2011,1,16,0,0,15,6,CREEKWAY DRIVE,,99999,35.90441667,-81.559238890,0,12,2,0,1,1,1,0,1,1,0,1,0,0000000,16,50,16,57,17,16,0,0,0,1,0
37,370151,2,2,0,0,0,6,6,39,0,30,3,2011,4,11,3,0,4,3,SR-294,,99999,35.03238611,-84.140683330,0,12,2,0,1,1,1,0,1,10,0,10,0,0000000,10,56,11,4,99,99,0,0,0,1,0
37,370152,1,1,0,0,0,1,1,43,0,7,3,2011,2,10,46,0,4,4,RP-1100,,99999,35.02802778,-83.844825000,0,23,0,0,1,1,4,0,1,1,0,1,0,0000000,10,47,10,57,88,88,0,0,0,1,0
37,370153,2,2,0,0,0,3,3,47,0,27,3,2011,1,14,25,0,6,4,RP-1878,RP-1820,99999,34.32578889,-78.205147220,0,12,2,0,2,4,1,0,1,10,0,10,0,0000000,99,99,99,99,99,99,0,0,0,1,0
37,370154,1,1,0,0,0,2,2,51,0,5,3,2011,7,22,50,0,6,4,RP-1113,,99999,34.96200556,-79.013758330,0,34,0,0,1,1,4,0,2,1,0,1,0,0000000,22,49,23,0,23,32,0,0,0,1,1
37,370155,6,1,5,0,0,1,1,51,1670,8,3,2011,3,0,8,0,13,6,BRAGG BLVD,,99999,35.06864167,-78.907927780,0,30,0,0,1,1,4,0,3,1,0,1,0,0000000,0,7,0,14,0,33,0,0,0,1,1
37,370156,1,1,0,0,0,1,1,51,0,22,3,2011,3,3,38,0,3,4,RP-1003,,99999,99.99990000,999.999900000,0,42,0,0,1,1,4,0,2,1,0,1,0,0000000,3,41,3,46,88,88,0,0,0,1,0
37,370157,4,4,0,0,0,7,7,51,1670,25,3,2011,6,22,46,0,13,6,SKIBO RD,LEGEND AVE,99999,35.08002222,-78.956080560,0,12,6,0,2,3,1,0,3,1,0,1,0,0000000,22,48,22,53,23,29,0,0,0,1,0
37,370158,1,1,0,0,0,2,2,57,4590,11,3,2011,6,22,52,0,15,6,BALL PARK RD,,99999,35.91185556,-80.060550000,0,53,0,0,1,1,4,0,3,1,0,1,0,0000000,22,54,23,1,23,27,0,0,0,2,1
37,370159,3,3,0,0,0,3,3,57,0,15,3,2011,3,16,17,0,4,4,RP-3010,,99999,99.99990000,999.999900000,0,12,2,0,1,1,1,0,1,10,0,10,0,0000000,16,10,16,18,18,8,0,0,0,1,0
37,370160,1,1,0,0,0,2,2,57,0,21,3,2011,2,21,48,0,6,4,RP-2229,,99999,35.77283889,-80.179852780,0,1,0,0,1,1,1,0,2,1,0,1,0,0000000,21,48,22,2,22,30,0,0,0,1,0
37,370161,3,3,0,0,0,3,3,63,0,25,3,2011,6,6,43,1,2,2,US-70,,99999,99.99990000,999.999900000,0,12,7,0,1,1,1,0,2,10,0,10,0,0000000,6,37,6,42,7,9,0,0,0,1,0
37,370162,1,1,0,0,0,1,1,63,0,27,3,2011,1,8,28,0,3,3,SR-157,,99999,99.99990000,999.999900000,0,38,0,0,1,1,4,0,1,10,0,10,0,0000000,8,26,8,35,88,88,0,0,0,1,1
37,370163,1,1,0,1,1,5,5,67,937,18,3,2011,6,20,40,0,14,6,RP-1103,,99999,36.06253333,-80.389483330,0,8,0,0,1,1,1,0,3,1,0,1,0,0000000,99,99,99,99,99,99,0,0,0,1,0
37,370164,2,2,0,0,0,5,5,71,1800,6,3,2011,1,0,17,0,13,6,GARRISON BLVD,,99999,35.25343333,-81.176400000,0,33,0,0,1,1,4,0,3,2,0,2,0,0000000,0,21,0,33,0,47,0,0,0,1,0
37,370165,1,1,0,1,1,3,3,71,1800,24,3,2011,5,13,21,0,16,6,HARRISON AVE,,99999,35.27218056,-81.189125000,0,8,0,0,1,1,1,0,1,1,0,1,0,0000000,13,22,13,30,13,44,0,0,0,1,0
37,370166,1,1,0,0,0,1,1,77,0,2,3,2011,4,15,3,0,5,4,RP-1501,,99999,36.52815833,-78.505425000,0,53,0,0,1,1,4,0,1,1,0,1,0,0000000,14,58,15,14,99,99,0,0,0,1,0
37,370167,2,2,0,0,0,6,6,81,0,21,3,2011,2,11,22,1,1,1,I-85,,99999,35.93826667,-79.907597220,0,12,6,1,17,1,1,0,1,1,0,1,0,0000000,11,22,11,37,12,1,0,0,0,3,0
37,370168,2,2,0,0,0,5,5,81,1940,25,3,2011,6,2,10,0,14,6,MARKET STREET,AYCOCK STREET,99999,36.07378333,-79.814900000,0,12,2,0,1,1,1,0,3,1,0,1,0,0000000,2,12,2,19,3,1,0,0,0,2,1
37,370169,1,1,0,0,0,5,5,83,0,14,3,2011,2,19,20,1,1,1,I-95,,99999,36.33891389,-77.692738890,0,34,0,0,1,1,4,0,1,1,0,1,0,0000000,19,15,19,31,20,15,0,0,0,1,0
37,370170,1,1,0,1,1,1,1,83,0,26,3,2011,7,1,28,0,6,4,RP-1450,,99999,36.45166111,-77.675291670,0,8,0,0,1,1,1,0,2,1,0,1,0,0000000,1,23,1,29,1,44,0,0,0,1,0
37,370171,1,1,0,0,0,2,2,85,0,19,3,2011,7,10,52,0,3,3,SR-24,,99999,35.26321111,-79.050236110,0,1,0,0,1,1,1,0,1,1,0,1,0,0000000,99,99,99,99,99,99,0,0,0,1,1
37,370172,2,2,0,0,0,3,3,85,0,19,3,2011,7,11,33,0,4,3,SR-210,RP-2215,99999,35.46112500,-78.791125000,0,12,6,0,2,2,1,0,1,1,0,1,0,0000000,99,99,99,99,99,99,0,0,0,1,0
37,370173,1,1,0,0,0,1,1,87,0,22,3,2011,3,18,6,1,2,2,US-19,,99999,99.99990000,999.999900000,0,39,0,0,1,1,4,0,1,1,0,1,0,0000000,18,0,18,5,18,57,0,0,0,1,0
37,370174,1,1,0,0,0,1,1,91,0,2,3,2011,4,5,28,0,4,3,SR-45,,99999,36.33210278,-76.855330560,0,34,0,0,1,1,4,0,2,1,0,1,0,0000000,5,23,5,36,88,88,0,0,0,1,1
37,370175,1,1,0,0,0,2,2,95,0,1,3,2011,3,21,0,0,4,4,RP-1128,,99999,35.39566111,-76.306527780,0,34,0,0,1,1,4,0,2,1,0,1,0,0000000,1,50,2,3,88,88,0,0,0,2,0
37,370176,1,1,0,0,0,1,1,101,0,19,3,2011,7,4,25,0,6,4,RP-2543,,99999,35.42544167,-78.265036110,0,34,0,0,1,1,4,0,2,1,0,1,0,0000000,99,99,99,99,88,88,0,0,0,1,1
37,370177,1,1,0,0,0,1,1,101,0,21,3,2011,2,0,30,0,6,4,RP-1308,,99999,35.45624722,-78.584797220,0,53,0,0,1,1,4,0,2,1,0,1,0,0000000,99,99,99,99,88,88,0,0,0,1,1
37,370178,1,1,0,0,0,1,1,105,0,9,3,2011,4,8,15,0,3,3,SR-78,,99999,35.44773611,-79.168316670,0,53,0,0,1,1,4,0,1,10,0,10,0,0000000,8,19,8,21,8,56,0,0,0,1,0
37,370179,1,1,0,0,0,1,1,107,0,5,3,2011,7,9,47,0,6,4,RP-1118,,99999,35.06959167,-77.683297220,0,34,0,0,1,1,4,0,1,10,0,10,0,0000000,9,45,10,0,10,36,0,0,0,1,0
37,370180,4,4,0,3,3,10,10,119,870,12,3,2011,7,7,30,1,11,1,I-277,,99999,35.22448333,-80.859802780,0,12,6,0,1,1,1,0,1,1,0,1,0,0000000,7,18,7,27,8,7,14,19,0,1,0
37,370181,2,1,1,0,1,5,6,119,870,14,3,2011,2,13,33,1,11,1,I-85,,99999,35.25387222,-80.981511110,0,14,0,0,1,1,4,0,1,1,0,1,0,0000000,99,99,99,99,99,99,0,0,0,2,1
37,370182,1,1,0,0,0,1,1,119,0,31,3,2011,5,6,15,0,6,4,RAMAH CHURCH ROAD,,99999,35.43388611,-80.803636110,0,42,0,0,1,1,4,0,4,5,0,5,0,0000000,6,15,6,25,88,88,0,0,0,1,0
37,370183,1,1,0,0,0,1,1,121,0,19,3,2011,7,21,18,0,6,4,RP-1191,,99999,99.99990000,999.999900000,0,34,0,0,1,1,4,0,2,1,0,1,0,0000000,99,99,99,99,99,99,0,0,0,1,0
37,370184,1,1,0,0,0,1,1,127,0,18,3,2011,6,4,22,0,6,4,RP-1145,,99999,35.92276667,-78.050994440,0,59,0,0,1,1,4,0,2,1,0,1,0,0000000,4,18,4,28,5,33,0,0,0,1,0
37,370185,2,2,0,0,0,2,2,127,0,23,3,2011,4,17,19,0,6,4,RP-1745,,99999,99.99990000,999.999900000,0,12,2,0,1,1,1,0,1,1,0,1,0,0000000,17,13,17,24,17,56,0,0,0,1,0
37,370186,1,1,0,1,1,2,2,127,3930,25,3,2011,6,20,52,0,13,6,N WESLEYAN BLVD,AIRPORT RD,99999,35.97446389,-77.800197220,0,8,0,0,3,2,1,0,2,10,0,10,0,0000000,20,54,21,2,21,26,0,0,0,1,0
37,370187,3,3,0,0,0,8,8,135,0,30,3,2011,4,12,17,1,1,1,I-85,,99999,99.99990000,999.999900000,0,12,7,0,1,1,1,0,1,2,0,2,0,0000000,12,16,12,31,13,27,0,0,0,1,0
37,370188,1,1,0,0,0,1,1,145,0,8,3,2011,3,20,28,0,6,4,RP-1519,,99999,36.43253889,-78.853255560,0,23,0,0,1,1,4,0,2,1,0,1,0,0000000,20,24,20,36,88,88,0,0,0,1,1
37,370189,1,1,0,0,0,1,1,147,0,6,3,2011,1,3,35,0,6,4,RP-1524,SR-903,99999,35.45563611,-77.418594440,0,34,0,0,2,3,4,0,2,10,2,2,0,0000000,99,99,99,99,88,88,0,0,0,1,1
37,370190,1,1,0,0,0,5,5,147,1950,18,3,2011,6,5,49,0,16,6,E 5TH ST,,99999,35.60281111,-77.340316670,0,38,0,0,1,1,4,0,3,1,0,1,0,0000000,99,99,99,99,99,99,0,0,0,1,1
37,370191,1,1,0,1,1,1,1,147,0,24,3,2011,5,20,21,0,3,3,SR-33,,99999,35.58054722,-77.304955560,0,9,0,0,1,1,1,0,2,1,0,1,0,0000000,99,99,99,99,99,99,0,0,0,1,0
37,370192,1,1,0,0,0,1,1,149,0,23,3,2011,4,17,11,0,6,4,RP-1357,,99999,35.21084444,-81.989508330,0,16,0,0,1,1,1,0,1,8,0,8,0,0000000,99,99,99,99,88,88,0,0,0,1,0
37,370193,1,1,0,0,0,2,2,151,0,12,3,2011,7,3,5,0,6,4,RP-2909,,99999,35.60651111,-79.709158330,0,34,0,0,1,1,4,0,2,1,0,1,0,0000000,3,1,3,21,99,99,0,0,0,1,1
37,370194,1,1,0,0,0,2,2,155,0,7,3,2011,2,16,0,0,6,4,RP-2204,,99999,34.54106667,-79.012041670,0,1,0,0,1,1,4,0,1,1,0,1,0,0000000,15,58,16,6,88,88,0,0,0,2,0
37,370195,2,2,0,0,0,8,8,155,0,18,3,2011,6,16,49,0,4,4,RP-2435,RP-2455,99999,34.54926667,-79.200097220,0,12,6,0,2,2,1,0,1,1,0,1,0,0000000,99,99,99,99,99,99,0,0,0,1,1
37,370196,1,1,0,0,0,2,2,155,0,20,3,2011,1,4,27,0,4,4,RP-1955,,99999,99.99990000,999.999900000,0,34,0,0,1,1,4,0,2,10,0,10,0,0000000,4,28,4,38,99,99,0,0,0,1,1
37,370197,1,1,0,0,0,1,1,155,2770,22,3,2011,3,12,12,0,16,6,NOIR ST,,99999,34.61067778,-79.000369440,0,34,0,0,1,1,4,0,1,1,0,1,0,0000000,12,22,12,27,12,38,0,0,0,1,0
37,370198,1,1,0,1,1,3,3,155,2770,23,3,2011,4,20,9,0,14,3,SR-72,,99999,34.62148333,-79.018305560,0,8,0,0,1,1,1,0,3,10,0,10,0,0000000,99,99,99,99,99,99,0,0,0,1,0
37,370199,2,2,0,0,0,3,3,155,0,24,3,2011,5,18,0,1,1,1,I-95,,99999,99.99990000,999.999900000,0,12,6,0,1,1,1,0,1,1,0,1,0,0000000,99,99,99,99,99,99,0,0,0,1,0
37,370200,2,2,0,0,0,2,2,157,0,21,3,2011,2,16,14,0,4,3,SR-704,,99999,99.99990000,999.999900000,0,12,6,0,4,1,1,0,1,1,0,1,0,0000000,16,12,16,21,17,2,0,0,0,1,0
37,370201,3,3,0,0,0,4,4,159,0,4,3,2011,6,11,56,0,2,4,RP-1007,,99999,99.99990000,999.999900000,0,12,1,0,1,1,1,0,1,10,0,10,0,0000000,11,52,11,54,12,20,0,0,0,1,0
37,370202,1,1,0,0,0,1,1,159,4070,18,3,2011,6,8,0,0,16,6,OLD MOCKSVILLE RD,,99999,35.67521667,-80.470905560,0,30,0,0,1,1,4,0,1,1,0,1,0,0000000,8,2,8,11,8,24,0,0,0,1,0
37,370203,1,1,0,0,0,2,2,163,0,20,3,2011,1,16,44,0,6,4,RP-1335,,99999,35.06126667,-78.387280560,0,34,0,0,1,1,4,0,1,1,0,1,0,0000000,16,41,16,54,99,99,0,0,0,1,0
37,370204,2,2,0,0,0,6,6,163,0,30,3,2011,4,8,52,1,2,3,SR-24,,99999,99.99990000,999.999900000,0,12,2,0,1,1,1,0,1,10,2,2,0,0000000,8,10,8,29,9,40,0,0,0,1,1
37,370205,1,1,0,0,0,2,2,169,0,2,3,2011,4,1,22,0,6,4,RP-1955,,99999,36.31547222,-80.266369440,0,42,0,0,1,1,4,0,2,1,0,1,0,0000000,1,18,1,36,2,24,0,0,0,1,1
37,370206,2,2,0,0,0,3,3,169,0,24,3,2011,5,7,46,0,4,3,SR-65,RP-1932,99999,36.26455278,-80.146550000,0,12,6,0,2,3,1,0,1,1,0,1,0,0000000,7,41,7,48,8,33,0,0,0,1,0
37,370207,2,2,0,0,0,3,3,179,3100,9,3,2011,4,13,40,0,16,6,OLD CHARLOTTE HWY,ROGERS RD,99999,35.03365000,-80.622138890,0,12,6,0,2,2,1,0,1,10,0,10,0,0000000,13,40,13,47,14,29,0,0,0,1,0
37,370208,1,1,0,1,1,1,1,179,0,24,3,2011,5,17,2,0,4,4,RP-1005,,99999,34.84247778,-80.414513890,0,8,0,0,1,1,1,0,1,1,0,1,0,0000000,17,5,17,17,88,88,0,0,0,1,0
37,370209,2,2,0,0,0,2,2,183,5230,5,3,2011,7,23,31,1,12,2,US-64,,99999,35.85935278,-78.274069440,0,12,1,0,1,1,1,0,2,10,0,10,0,0000000,23,29,23,37,88,88,20,0,0,1,0
37,370210,2,2,0,0,0,4,4,183,0,10,3,2011,5,21,31,0,2,4,RP-2215,,99999,35.84731667,-78.524608330,0,12,2,0,1,1,1,0,2,1,0,1,0,0000000,21,27,21,34,21,55,0,0,0,1,0
37,370211,1,1,0,0,0,1,1,183,110,23,3,2011,4,13,18,0,16,6,OLD RALEIGH RD,,99999,35.74163611,-78.823555560,0,34,0,0,1,1,4,0,1,1,0,1,0,0000000,13,18,13,23,88,88,0,0,0,1,0
37,370212,1,1,0,1,1,1,1,191,0,11,3,2011,6,5,15,1,2,2,US-70,,99999,99.99990000,999.999900000,0,8,0,0,1,1,1,0,2,1,0,1,0,0000000,5,12,5,19,88,88,0,0,0,1,0
37,370213,1,1,0,0,0,1,1,191,0,17,3,2011,5,11,52,0,6,4,RP-1238,,99999,35.38848889,-78.088502780,0,34,0,0,1,1,4,0,1,1,0,1,0,0000000,11,57,12,1,12,26,0,0,0,1,0