STATE,ST_CASE,VE_TOTAL,VE_FORMS,PVH_INVL,PEDS,PERNOTMVIT,PERMVIT,PERSONS,COUNTY,CITY,DAY,MONTH,YEAR,DAY_WEEK,HOUR,MINUTE,NHS,ROAD_FNC,ROUTE,TWAY_ID,TWAY_ID2,MILEPT,LATITUDE,LONGITUD,SP_JUR,HARM_EV,MAN_COLL,RELJCT1,RELJCT2,TYP_INT,REL_ROAD,WRK_ZONE,LGT_COND,WEATHER1,WEATHER2,WEATHER,SCH_BUS,RAIL,NOT_HOUR,NOT_MIN,ARR_HOUR,ARR_MIN,HOSP_HR,HOSP_MN,CF1,CF2,CF3,FATALS,DRUNK_DR
37,370214,1,1,0,0,0,5,5,191,1880,19,3,2011,7,0,31,0,16,6,CORPORATE DR,,99999,35.39541667,-77.970572220,0,30,0,0,1,1,5,0,3,1,0,1,0,0000000,0,31,0,38,99,99,0,0,0,1,1
37,370215,2,2,0,0,0,2,2,193,0,3,3,2011,5,20,26,0,6,4,RP-1145,,99999,36.13399167,-81.281233330,0,12,6,0,1,1,1,0,3,1,0,1,0,0000000,20,30,20,36,99,99,0,0,0,1,0
37,370216,1,1,0,0,0,2,2,193,0,22,3,2011,3,21,0,0,3,3,SR-18,,99999,36.12317778,-81.167936110,0,42,0,0,1,1,4,0,2,1,0,1,0,0000000,21,0,21,11,88,88,0,0,0,2,0
37,370217,2,2,0,0,0,2,2,195,5070,21,3,2011,2,8,21,1,13,2,US-264,,99999,35.66866389,-77.874441670,0,24,0,0,1,1,3,0,1,1,0,1,0,0000000,8,22,8,30,99,99,0,0,0,1,0
37,370218,1,1,0,0,0,1,1,93,0,12,1,2011,4,19,45,0,5,4,RP-1105,,99999,34.94987778,-79.072950000,0,35,0,0,1,1,4,0,2,1,0,1,0,0000000,99,99,99,99,88,88,0,0,0,1,1
37,370219,2,2,0,0,0,2,2,183,2470,20,1,2011,5,18,50,0,16,6,SMITHFIELD ROAD,MCKNIGHT ROAD,99999,35.79446667,-78.486400000,0,12,6,0,2,2,1,0,3,1,0,1,0,0000000,18,51,18,59,19,16,0,0,0,1,1
37,370220,1,1,0,0,0,1,1,67,5120,4,2,2011,6,5,47,1,12,2,US-311,,99999,36.05895278,-80.175561110,0,33,0,0,5,1,4,0,2,10,0,10,0,0000000,5,46,5,57,88,88,0,0,0,1,1
37,370221,1,1,0,0,0,1,1,155,0,7,2,2011,2,7,43,0,4,3,SR-130,,99999,34.70778611,-79.352102780,0,34,0,0,1,1,4,0,1,1,0,1,0,0000000,7,40,7,59,8,39,0,0,0,1,0
37,370222,1,1,0,0,0,3,3,1,700,7,4,2011,5,6,7,0,4,3,SR-63,,99999,36.11486944,-79.430863890,0,34,0,0,1,1,4,0,4,1,0,1,0,0000000,6,6,6,8,7,7,0,0,0,1,0
37,370223,2,2,0,0,0,2,2,1,0,16,4,2011,7,1,23,0,4,3,SR-87,,99999,99.99990000,999.999900000,0,12,6,0,8,1,1,0,2,1,0,1,0,0000000,1,18,1,25,2,36,0,0,0,1,1
37,370224,1,1,0,0,0,4,4,13,0,24,4,2011,1,0,34,0,5,4,RP-1409,RP-1001,99999,35.62018611,-77.100086110,0,34,0,0,3,2,4,0,2,1,0,1,0,0000000,99,99,99,99,99,99,0,0,0,2,1
37,370225,2,2,0,0,0,2,2,17,0,7,4,2011,5,17,45,0,5,4,RP-1318,,99999,34.74367500,-78.722297220,0,12,6,0,1,1,1,0,1,1,0,1,0,0000000,17,45,17,57,19,33,0,0,0,1,0
37,370226,1,1,0,0,0,2,2,17,0,27,4,2011,4,8,23,1,2,2,US-701,,99999,34.51660000,-78.653355560,0,42,0,0,1,1,4,0,1,10,0,10,0,0000000,8,16,8,25,88,88,0,0,0,2,0
37,370227,2,2,0,0,0,3,3,19,0,15,4,2011,6,11,43,0,5,3,SR-179,,99999,33.90641389,-78.437125000,0,12,2,0,1,1,1,0,1,1,0,1,0,0000000,11,38,11,43,12,13,0,0,0,1,1
37,370228,1,1,0,0,0,5,5,21,0,2,4,2011,7,10,14,0,4,5,OLD LEICESTER HWY,,99999,35.62786111,-82.604247220,0,1,0,0,1,1,4,0,1,1,0,1,0,0000000,99,99,99,99,99,99,0,0,0,2,0
37,370229,1,1,0,0,0,1,1,23,0,15,4,2011,6,10,30,0,4,3,SR-126,,99999,35.74950833,-81.892433330,0,1,0,0,1,1,4,0,1,1,0,1,0,0000000,10,28,10,51,11,14,0,0,0,1,0
37,370230,1,1,0,0,0,1,1,25,0,8,4,2011,6,15,30,0,5,4,RP-2411,,99999,35.49946111,-80.532833330,0,30,0,0,1,1,4,0,1,1,0,1,0,0000000,15,27,15,37,15,46,0,0,0,1,0
37,370231,2,2,0,0,0,3,3,25,2390,30,4,2011,7,10,4,0,14,6,DAVIDSON HWY,KANNAPOLIS HWY,99999,35.43640833,-80.680461110,0,12,2,0,2,2,1,0,1,1,0,1,0,0000000,9,59,10,4,10,27,0,0,0,1,0
37,370232,1,1,0,0,0,2,2,27,0,17,4,2011,1,16,26,0,5,4,RP-1310,,99999,35.92747778,-81.623269440,0,42,0,0,1,1,4,0,1,1,0,1,0,0000000,99,99,99,99,88,88,0,0,0,2,0
37,370233,1,1,0,0,0,2,2,31,0,29,4,2011,6,21,30,0,5,4,RP-1458,,99999,34.74896111,-76.627638890,0,5,0,0,1,1,1,0,2,1,0,1,0,0000000,21,36,21,43,22,19,0,0,0,1,1
37,370234,1,1,0,0,0,3,3,35,0,26,4,2011,3,3,51,0,5,4,RP-1846,,99999,35.57810278,-81.069275000,0,42,0,0,1,1,4,0,2,1,0,1,0,0000000,3,50,3,59,4,59,0,0,0,1,0
37,370235,2,2,0,0,0,2,2,37,0,2,4,2011,7,11,48,0,5,4,RP-1532,RP-1528,99999,35.82115278,-79.147888890,0,12,6,0,2,3,1,0,1,1,0,1,0,0000000,11,44,11,58,12,24,0,0,0,1,0
37,370236,1,1,0,0,0,1,1,43,0,18,4,2011,2,21,10,0,4,3,SR-175,,99999,35.01437500,-83.735475000,0,42,0,0,1,1,4,0,2,1,0,1,0,0000000,99,99,99,99,99,99,0,0,0,1,0
37,370237,1,1,0,0,0,1,1,45,0,23,4,2011,7,17,8,0,5,4,RP-1808,,99999,99.99990000,999.999900000,0,32,0,0,1,1,4,0,1,1,0,1,0,0000000,17,5,17,12,88,88,0,0,0,1,1
37,370238,2,2,0,0,0,2,2,49,0,13,4,2011,4,16,41,1,2,2,US-70,RP-1176,99999,34.95617500,-76.950022220,0,12,6,0,2,3,1,0,1,1,0,1,0,0000000,99,99,99,99,88,88,0,0,0,1,0
37,370239,1,1,0,0,0,5,5,49,0,17,4,2011,1,18,12,0,6,4,CATFISH LAKE ROAD,,99999,34.89747778,-77.105397220,0,34,0,0,1,1,5,0,1,1,0,1,0,0000000,18,7,18,23,20,27,0,0,0,5,0
37,370240,1,1,0,1,1,2,2,51,0,7,4,2011,5,21,52,0,6,4,RP-1123,,99999,34.94411111,-78.945511110,0,8,0,0,1,1,1,0,2,1,0,1,0,0000000,21,40,21,49,99,99,0,0,0,1,0
37,370241,1,1,0,0,0,1,1,51,0,15,4,2011,6,7,4,0,6,4,RP-1885,,99999,35.04450000,-78.754775000,0,34,0,0,1,1,4,0,1,1,0,1,0,0000000,6,57,7,7,99,99,0,0,0,1,1
37,370242,2,2,0,0,0,2,2,57,0,20,4,2011,4,5,30,1,1,1,I-85,,99999,35.84780556,-80.128397220,0,12,1,0,1,1,1,0,2,1,0,1,0,0000000,5,34,5,45,6,38,0,0,0,1,0
37,370243,2,2,0,0,0,2,2,57,4590,24,4,2011,1,16,56,0,14,6,LIBERTY DRIVE,CAROLINA AVE,99999,35.88042778,-80.065913890,0,12,6,0,2,2,1,0,1,1,0,1,0,0000000,16,56,17,0,88,88,0,0,0,1,0
37,370244,1,1,0,0,0,1,1,59,0,2,4,2011,7,1,58,0,3,5,IVY CIRCLE,,99999,36.01127778,-80.421852780,0,42,0,0,1,1,4,0,3,10,0,10,0,0000000,1,57,2,4,88,88,0,0,0,1,1
37,370245,2,2,0,0,0,3,3,61,0,12,4,2011,3,9,47,0,6,4,RP-1555,RP-1546,99999,35.08862500,-77.773955560,0,12,6,0,2,2,1,0,1,1,0,1,0,0000000,9,44,9,53,11,22,0,0,0,1,0
37,370246,3,3,0,0,0,5,5,63,0,12,4,2011,3,12,10,0,4,4,RP-1109,,99999,35.93814444,-78.984447220,0,12,2,0,1,1,1,0,1,1,0,1,0,0000000,12,5,12,20,88,88,0,0,0,1,1
37,370247,2,2,0,0,0,6,6,65,0,7,4,2011,5,0,13,0,4,3,SR-111,,99999,35.83385278,-77.625361110,0,12,6,0,8,1,1,0,2,1,0,1,0,0000000,0,7,0,14,0,54,0,0,0,1,1
37,370248,3,1,2,0,0,1,1,81,1940,17,4,2011,1,2,35,0,14,6,AYCOCK STREET,,99999,36.06730000,-79.815208330,0,42,0,0,1,1,5,0,3,1,0,1,0,0000000,2,39,2,44,88,88,0,0,0,1,0
37,370249,2,2,0,0,0,2,2,81,0,19,4,2011,3,17,27,0,4,3,SR-62,US-220 RAMP,99999,35.92280278,-79.827002780,0,12,6,1,2,2,1,0,1,1,0,1,0,0000000,17,26,17,39,99,99,0,0,0,1,0
37,370250,2,2,0,0,0,2,2,81,0,21,4,2011,5,10,13,1,1,1,I-40,,99999,99.99990000,999.999900000,0,12,1,0,1,1,1,0,1,1,0,1,0,0000000,10,15,10,26,99,99,0,0,0,1,0
37,370251,1,1,0,0,0,1,1,81,1940,14,4,2011,5,19,12,0,14,6,NEW GARDEN ROAD,,99999,36.12912222,-79.857483330,0,39,0,0,8,1,4,0,1,1,0,1,0,0000000,19,13,19,19,19,46,0,0,0,1,1
37,370252,1,1,0,0,0,1,1,83,0,12,4,2011,3,21,43,0,6,4,RP-1214,,99999,36.21057222,-77.849250000,0,42,0,0,1,1,4,0,2,2,0,2,0,0000000,21,30,21,49,22,20,0,0,0,1,1
37,370253,1,1,0,0,0,1,1,85,0,3,4,2011,1,13,19,0,6,4,RP-1415,,99999,35.53310000,-78.849350000,0,23,0,0,1,1,4,0,1,1,0,1,0,0000000,99,99,99,99,99,99,0,0,0,1,1
37,370254,1,1,0,0,0,3,3,85,0,13,4,2011,4,7,7,1,1,1,I-95,,99999,35.30426944,-78.591127780,0,1,0,0,1,1,1,0,1,1,0,1,0,0000000,99,99,99,99,99,99,0,0,0,1,0
37,370255,1,1,0,0,0,1,1,85,0,18,4,2011,2,19,53,0,6,4,RP-1418,,99999,35.48532778,-78.886686110,0,1,0,0,1,1,2,0,1,1,0,1,0,0000000,99,99,99,99,99,99,0,0,0,1,0
37,370256,2,2,0,0,0,4,4,89,0,19,4,2011,3,12,57,1,2,2,US-25,RP-1381,99999,35.36924444,-82.492325000,0,12,6,0,2,2,1,0,1,1,0,1,0,0000000,12,56,12,59,13,33,0,0,0,3,0
37,370257,2,2,0,0,0,3,3,91,0,2,4,2011,7,20,48,0,4,3,SR-561,,99999,36.30736111,-77.054500000,0,12,2,0,1,1,1,0,2,1,0,1,0,0000000,20,45,20,49,21,12,0,0,0,1,1
37,370258,1,1,0,0,0,1,1,91,0,18,4,2011,2,18,58,0,4,3,SR-561,,99999,36.30046111,-77.126597220,0,34,0,0,1,1,4,0,1,1,0,1,0,0000000,18,55,19,4,19,20,0,0,0,1,1
37,370259,1,1,0,0,0,1,1,93,0,10,4,2011,1,6,29,0,6,4,RP-1305,,99999,35.04073056,-79.107205560,0,42,0,0,1,1,4,0,4,1,0,1,0,0000000,99,99,99,99,88,88,0,0,0,1,1
37,370260,1,1,0,0,0,2,2,93,0,27,4,2011,4,17,5,0,5,4,RP-1432,,99999,34.94758333,-79.128083330,0,1,0,0,1,1,1,0,1,1,0,1,0,0000000,99,99,99,99,99,99,0,0,0,1,0
37,370261,3,3,0,0,0,3,3,51,1670,17,3,2011,5,14,27,1,13,6,OWEN DR,VILLAGE,99999,35.03070000,-78.930416670,0,12,6,0,2,2,1,0,1,1,0,1,0,0000000,14,29,14,29,99,99,14,0,0,1,0
37,370262,1,1,0,0,0,1,1,51,1670,16,4,2011,7,11,32,0,16,6,STONE POINT RD,,99999,99.99990000,999.999900000,0,35,0,0,1,1,4,0,1,10,0,10,0,0000000,11,36,11,50,12,38,0,0,0,1,0
37,370263,2,2,0,0,0,2,2,51,1670,23,4,2011,7,21,0,0,15,6,71ST SCHOOL RD,OLD BUNCE RD,99999,35.05030556,-79.011438890,0,12,6,0,2,3,1,0,2,1,0,1,0,0000000,20,51,20,56,88,88,0,0,0,1,1
37,370264,1,1,0,0,0,7,7,97,0,16,4,2011,7,5,52,1,1,1,I-77,,99999,99.99990000,999.999900000,0,24,0,0,1,1,4,0,2,2,0,2,0,0000000,5,51,6,11,99,99,0,0,0,1,0
37,370265,1,1,0,0,0,1,1,101,0,27,4,2011,4,15,58,0,6,4,RP-1343,,99999,99.99990000,999.999900000,0,53,0,0,1,1,4,0,1,1,0,1,0,0000000,16,39,17,8,88,88,0,0,0,1,1
37,370266,2,2,0,0,0,3,3,101,0,24,4,2011,1,10,52,0,6,4,RP-2523,RP-2527,99999,35.45759444,-78.192530560,0,12,6,0,2,3,1,0,1,1,0,1,0,0000000,10,52,11,4,99,99,0,0,0,1,0
37,370267,1,1,0,0,0,2,2,105,0,16,4,2011,7,16,0,0,4,4,RP-1001,,99999,35.40059444,-79.187736110,0,16,0,0,1,1,1,0,1,2,6,2,0,0000000,99,99,99,99,99,99,0,0,0,1,0
37,370268,2,2,0,0,0,3,3,109,0,7,4,2011,5,13,35,0,3,2,US-321,,99999,99.99990000,999.999900000,0,12,2,0,1,1,1,0,1,1,0,1,0,0000000,13,34,13,40,14,5,0,0,0,2,0
37,370269,2,2,0,0,0,2,2,109,0,23,4,2011,7,8,48,0,2,3,SR-73,,99999,99.99990000,999.999900000,0,12,2,0,1,1,1,0,1,10,0,10,0,0000000,8,45,8,57,9,29,0,0,0,1,1
37,370270,2,1,1,1,1,3,3,119,870,2,4,2011,7,12,58,1,11,1,I-85,,99999,35.27757778,-80.808219440,0,8,0,0,1,1,1,0,1,1,0,1,0,0000000,99,99,99,99,99,99,23,0,0,1,0
37,370271,1,1,0,1,1,1,1,125,4270,20,4,2011,4,20,21,0,16,6,MURRAY HILL RD,,99999,35.16433611,-79.427288890,0,8,0,0,1,1,1,0,5,1,0,1,0,0000000,99,99,99,99,99,99,0,0,0,1,0
37,370272,1,1,0,0,0,1,1,127,0,17,4,2011,1,18,31,0,5,4,RP-1544,,99999,35.97328333,-77.871350000,0,34,0,0,1,1,4,0,1,1,0,1,0,0000000,18,28,18,33,88,88,0,0,0,1,0
37,370273,1,1,0,0,0,1,1,127,0,21,4,2011,5,15,31,0,6,4,RP-1142,,99999,35.82400833,-78.221283330,0,34,0,0,1,1,4,0,1,1,0,1,0,0000000,15,20,15,31,88,88,0,0,0,1,0
37,370274,1,1,0,2,2,1,1,129,0,3,4,2011,1,9,30,0,3,4,RP-1576,,99999,99.99990000,999.999900000,0,9,0,0,1,1,1,0,1,1,0,1,0,0000000,9,30,9,36,99,99,0,0,0,2,1
37,370275,1,1,0,0,0,2,2,141,0,3,4,2011,1,13,59,0,6,4,RP-1674,,99999,34.35704167,-77.712308330,0,53,0,0,1,1,4,0,1,1,0,1,0,0000000,13,54,13,59,14,28,0,0,0,1,1
37,370276,2,2,0,0,0,2,2,141,4508,11,4,2011,2,5,11,0,15,3,SR-210,,99999,34.44974167,-77.573691670,0,12,1,0,1,1,1,0,2,10,5,5,0,0000000,5,13,5,19,6,4,0,0,0,1,0
37,370277,1,1,0,0,0,2,2,141,0,16,4,2011,7,2,43,0,4,2,US-17,,99999,99.99990000,999.999900000,0,1,0,0,1,1,4,0,2,1,0,1,0,0000000,2,54,3,2,88,88,0,0,0,2,1
37,370278,1,1,0,0,0,1,1,141,0,21,4,2011,5,20,30,0,5,4,RP-1001,,99999,34.70027222,-78.023013890,0,11,0,0,1,1,1,0,2,1,0,1,0,0000000,20,23,20,28,21,6,0,0,0,1,1
37,370279,2,2,0,0,0,4,4,147,0,9,4,2011,7,16,52,0,3,3,SR-43,,99999,35.56853889,-77.400741670,0,12,2,0,1,1,1,0,1,10,0,10,0,0000000,16,55,17,0,17,20,0,0,0,1,0
37,370280,2,2,0,0,0,4,4,147,0,29,4,2011,6,17,51,0,4,2,US-258,RP-1200,99999,35.60295000,-77.509661110,0,12,6,0,2,2,1,0,1,1,0,1,0,0000000,99,99,99,99,99,99,0,0,0,1,0
37,370281,2,2,0,0,0,3,3,151,160,29,4,2011,6,14,24,0,13,2,US-220,,99999,35.74874167,-79.822541670,0,26,0,0,1,1,4,0,1,1,0,1,0,0000000,99,99,99,99,99,99,0,0,0,1,0
37,370282,3,3,0,0,0,5,5,153,0,1,4,2011,6,8,32,1,2,2,US-1,,99999,99.99990000,999.999900000,0,12,8,0,1,1,1,0,1,1,0,1,0,0000000,8,34,8,43,9,20,0,0,0,1,0
37,370283,1,1,0,0,0,1,1,153,0,14,4,2011,5,11,24,0,6,4,RP-1807,,99999,34.86586389,-79.678688890,0,42,0,0,1,1,4,0,1,1,0,1,0,0000000,11,42,11,45,12,5,0,0,0,1,0
37,370284,1,1,0,1,1,3,3,155,0,21,4,2011,5,21,0,0,6,4,RP-1157,,99999,34.61957778,-79.220352780,0,8,0,0,1,1,1,0,2,1,0,1,0,0000000,99,99,99,99,99,99,0,0,0,1,0
37,370285,1,1,0,0,0,1,1,155,0,6,4,2011,4,16,55,0,6,4,RP-2100,,99999,34.58220278,-78.892308330,0,59,0,0,1,1,4,0,1,1,0,1,0,0000000,99,99,99,99,99,99,0,0,0,1,0
37,370286,2,2,0,0,0,3,3,157,0,1,4,2011,6,12,15,1,2,2,US-220,SR-65,99999,99.99990000,999.999900000,0,12,6,0,2,2,1,0,1,1,0,1,0,0000000,12,11,12,20,99,99,0,0,0,2,0
37,370287,1,1,0,0,0,1,1,157,0,28,4,2011,5,16,1,0,5,4,RP-1001,,99999,36.31989722,-79.785547220,0,1,0,0,1,1,4,0,1,1,0,1,0,0000000,99,99,99,99,88,88,0,0,0,1,0
37,370288,2,2,0,0,0,4,4,159,0,10,4,2011,1,20,11,0,4,4,RP-1526,,99999,35.62095278,-80.507983330,0,12,6,0,4,1,1,0,5,1,0,1,0,0000000,20,10,20,16,88,88,0,0,0,1,0
37,370289,1,1,0,0,0,1,1,163,0,19,4,2011,3,14,46,0,5,4,RP-1157,,99999,99.99990000,999.999900000,0,42,0,0,1,1,4,0,1,1,0,1,0,0000000,14,42,15,1,99,99,0,0,0,1,0
37,370290,2,2,0,0,0,2,2,167,0,12,4,2011,3,16,35,0,3,3,SR-24,RP-1720,99999,35.33046111,-80.133933330,0,12,6,0,2,2,1,0,1,1,0,1,0,0000000,16,35,16,45,88,88,0,0,0,1,0
37,370291,2,2,0,0,0,4,4,171,0,2,4,2011,7,18,28,0,3,2,US-601,,99999,99.99990000,999.999900000,0,12,6,0,4,1,1,0,1,1,0,1,0,0000000,18,27,18,32,18,58,0,0,0,1,0
37,370292,1,1,0,0,0,1,1,173,0,2,4,2011,7,14,1,0,4,3,SR-28,,99999,99.99990000,999.999900000,0,1,0,0,1,1,1,0,1,1,0,1,0,0000000,99,99,99,99,99,99,0,0,0,1,0
37,370293,2,2,0,0,0,2,2,183,0,4,4,2011,2,18,52,0,3,3,SR-42,,99999,99.99990000,999.999900000,0,12,2,0,1,1,1,0,1,1,0,1,0,0000000,18,50,19,5,19,39,0,0,0,1,0
37,370294,4,4,0,0,0,6,6,183,3750,5,4,2011,3,7,31,1,11,1,I-540,,99999,35.91129722,-78.723908330,0,12,7,0,1,1,1,0,1,2,0,2,0,0000000,7,31,7,49,8,12,0,0,0,1,0
37,370295,2,2,0,0,0,4,4,183,3750,8,4,2011,6,18,17,0,14,6,NEW HOPE RD,MARSH CREEK RD,99999,35.82226667,-78.570441670,0,12,6,0,2,3,1,0,1,1,0,1,0,0000000,18,17,18,23,99,99,0,0,0,1,1
37,370296,1,1,0,1,1,2,2,183,3750,10,4,2011,1,2,9,0,14,6,MLK JR BLVD,,99999,35.76782500,-78.628033330,0,8,0,0,1,1,1,0,3,2,0,2,0,0000000,2,10,2,18,88,88,0,0,0,1,1
37,370297,1,1,0,0,0,1,1,183,3750,14,4,2011,5,14,13,0,14,6,MARTIN LUTHER KING J,ROCK QUARRY RD,99999,35.76893889,-78.617477780,0,42,0,0,2,2,4,0,1,1,0,1,0,0000000,14,13,14,22,15,24,0,0,0,1,0
37,370298,2,2,0,0,0,3,3,183,3750,16,4,2011,7,0,31,0,14,6,LAKE WHEELER RD,,99999,35.65883056,-78.717297220,0,12,6,0,4,1,1,0,3,10,0,10,0,0000000,0,31,0,39,1,0,0,0,0,1,1
37,370299,2,2,0,0,0,2,2,183,3750,14,4,2011,5,15,0,1,13,6,CAPITAL BLVD,BRENTWOOD RD,99999,35.81885833,-78.595933330,0,12,6,0,2,2,1,0,1,1,0,1,0,0000000,15,0,15,8,15,36,0,0,0,1,0
37,370300,3,3,0,0,0,4,4,183,3750,25,4,2011,2,14,15,1,13,6,CAPITAL BLVD,,99999,35.79999444,-78.640136110,0,12,1,0,1,1,1,0,1,1,0,1,0,0000000,14,16,14,23,14,44,0,0,0,1,0
37,370301,2,2,0,0,0,5,5,183,3750,26,4,2011,3,15,38,0,15,6,NEW HOPE CHURCH RD,,99999,35.83479444,-78.606147220,0,12,2,0,1,1,1,0,1,10,0,10,0,0000000,15,39,15,41,16,0,0,0,0,1,0
37,370302,2,2,0,0,0,4,4,189,0,29,4,2011,6,4,19,0,4,3,SR-194,,99999,99.99990000,999.999900000,0,12,2,0,1,1,1,0,2,1,0,1,0,0000000,99,99,99,99,99,99,0,0,0,1,0
37,370303,2,2,0,0,0,2,2,197,0,16,4,2011,7,20,20,0,4,3,SR-67,,99999,36.21581667,-80.500688890,0,12,2,0,1,1,1,0,2,1,0,1,0,0000000,20,19,20,21,99,99,0,0,0,1,1
37,370304,1,1,0,0,0,1,1,197,0,30,4,2011,7,20,10,0,6,4,RP-1367,,99999,36.23700556,-80.708655560,0,42,0,0,1,1,4,0,2,1,0,1,0,0000000,20,5,20,17,99,99,0,0,0,1,1
37,370305,1,1,0,1,1,1,1,117,5050,7,1,2011,6,18,4,1,13,6,EAST BLVD,,99999,35.84411667,-77.054586110,0,8,0,0,1,1,1,0,2,1,0,1,0,0000000,99,99,99,99,88,88,0,0,0,1,0
37,370306,2,2,0,0,0,3,3,91,3220,14,2,2011,2,11,7,0,15,6,MAIN ST,,99999,36.44241389,-77.101191670,0,12,1,0,4,1,1,0,1,1,0,1,0,0000000,99,99,99,99,99,99,0,0,0,1,0
37,370307,1,1,0,1,1,2,2,7,4770,3,3,2011,5,19,35,1,13,6,E CASWELL ST,,99999,34.96939167,-80.067586110,0,8,0,0,1,1,1,0,3,1,0,1,0,0000000,19,34,19,38,19,54,0,0,0,1,0
37,370308,1,1,0,1,1,1,1,51,4374,5,3,2011,7,21,31,0,13,6,LILLINGTON HWY,,99999,35.19064444,-78.960113890,0,8,0,0,1,1,1,0,2,1,0,1,0,0000000,21,27,21,34,22,3,0,0,0,1,0
37,370309,1,1,0,0,0,1,1,85,0,29,3,2011,3,19,0,0,6,4,RP-2039,,99999,35.27785833,-78.837977780,0,1,0,0,1,1,4,0,1,1,0,1,0,0000000,18,58,19,13,88,88,0,0,0,1,1
37,370310,2,2,0,0,0,2,2,101,5080,24,3,2011,5,3,16,0,14,2,US-70,,99999,35.59122500,-78.398438890,0,12,7,0,1,1,1,0,2,1,0,1,0,0000000,99,99,99,99,99,99,0,0,0,1,1
37,370311,5,5,0,0,0,6,6,193,0,17,3,2011,5,14,15,0,2,3,SR-16,,99999,99.99990000,999.999900000,0,12,1,0,1,1,1,0,1,1,0,1,0,0000000,14,13,14,22,14,49,0,0,0,1,0
37,370312,1,1,0,0,0,2,2,7,4770,7,4,2011,5,22,11,0,16,6,OLD LILESVILLE RD,EAST VIEW ST,99999,34.96334167,-80.073166670,0,43,0,0,2,2,4,0,3,1,0,1,0,0000000,22,15,22,16,23,44,0,0,0,1,1
37,370313,3,3,0,0,0,3,3,27,2270,19,4,2011,3,10,26,1,13,6,HICKORY BLVD,MT HERMAN RD,99999,35.85816944,-81.486452780,0,12,6,0,2,2,1,0,1,1,0,1,0,0000000,99,99,99,99,99,99,14,0,0,1,0
37,370314,2,2,0,0,0,2,2,31,3120,3,4,2011,1,5,43,1,13,2,US-70,,99999,34.72129722,-76.710061110,0,12,1,0,1,1,1,0,2,1,0,1,0,0000000,6,6,6,13,88,88,0,0,0,1,1
37,370315,1,1,0,0,0,2,2,51,0,30,4,2011,7,21,59,1,1,1,I-95,,99999,99.99990000,999.999900000,0,1,0,0,1,1,3,0,2,1,0,1,0,0000000,99,99,99,99,99,99,0,0,0,1,0
37,370316,1,1,0,1,1,3,3,67,5120,6,4,2011,4,7,21,0,14,6,WAUGHTOWN ST,,99999,36.07206667,-80.197363890,0,8,0,0,1,1,1,0,1,1,0,1,0,0000000,7,22,7,30,7,47,0,0,0,1,0
37,370317,1,1,0,0,0,3,3,105,0,17,4,2011,1,16,45,0,4,4,RP-1318,,99999,35.45472778,-79.277516670,0,42,0,0,1,1,4,0,1,1,0,1,0,0000000,16,35,16,47,17,13,0,0,0,1,0
37,370318,2,2,0,0,0,2,2,107,2450,19,4,2011,3,11,49,0,13,3,SR-11,MEWBORN AVE,99999,35.28129167,-77.558841670,0,12,6,0,2,3,1,0,1,1,0,1,0,0000000,11,49,12,3,12,14,0,0,0,1,0
37,370319,1,1,0,0,0,1,1,119,870,2,4,2011,7,3,0,0,15,6,BELHAVEN BLVD,,99999,35.29579167,-80.920830560,0,42,0,0,1,1,4,0,3,1,0,1,0,0000000,88,88,88,88,88,88,0,0,0,1,1
37,370320,2,2,0,0,0,4,4,119,870,26,4,2011,3,18,2,0,15,6,BROWNE RD,DEARMON RD,99999,35.36028611,-80.800152780,0,12,6,0,2,2,1,0,1,1,0,1,0,0000000,18,2,18,11,18,48,0,0,0,1,0
37,370321,1,1,0,1,1,1,1,153,3910,24,4,2011,1,4,43,0,15,6,COUNTY HOME RD,,99999,34.92035278,-79.687441670,0,8,0,0,1,1,1,0,1,1,0,1,0,0000000,4,39,4,45,88,88,0,0,0,1,1
37,370322,2,2,0,0,0,3,3,175,600,21,4,2011,5,15,22,0,14,6,GALLIMORE RD,JORDAN RD,99999,35.22023889,-82.731000000,0,12,6,0,2,2,1,0,1,2,0,2,0,0000000,15,22,15,29,99,99,0,0,0,1,0
37,370323,2,2,0,0,0,3,3,179,0,21,4,2011,5,22,9,0,4,4,RP-1627,,99999,99.99990000,999.999900000,0,12,1,0,1,1,1,0,2,1,0,1,0,0000000,99,99,99,99,99,99,0,0,0,1,1
37,370324,2,2,0,0,0,3,3,181,2120,10,4,2011,1,21,30,0,15,6,DABNEY DR,,99999,36.32259444,-78.419208330,0,12,6,0,4,1,1,0,3,1,0,1,0,0000000,21,30,21,34,21,46,0,0,0,1,1
37,370325,1,1,0,0,0,1,1,183,3750,10,4,2011,1,7,15,0,16,6,HICKORY GROVE CH RD,,99999,35.92054444,-78.741158330,0,42,0,0,1,1,4,0,1,10,0,10,0,0000000,7,16,7,25,8,0,0,0,0,1,0
37,370326,1,1,0,0,0,5,5,183,5230,23,4,2011,7,20,50,0,16,6,WORTH HINTON RD,,99999,35.82136389,-78.334150000,0,53,0,0,1,1,4,0,2,1,0,1,0,0000000,20,46,20,51,99,99,0,0,0,1,1