STATE,ST_CASE,VE_TOTAL,VE_FORMS,PVH_INVL,PEDS,PERNOTMVIT,PERMVIT,PERSONS,COUNTY,CITY,DAY,MONTH,YEAR,DAY_WEEK,HOUR,MINUTE,NHS,ROAD_FNC,ROUTE,TWAY_ID,TWAY_ID2,MILEPT,LATITUDE,LONGITUD,SP_JUR,HARM_EV,MAN_COLL,RELJCT1,RELJCT2,TYP_INT,REL_ROAD,WRK_ZONE,LGT_COND,WEATHER1,WEATHER2,WEATHER,SCH_BUS,RAIL,NOT_HOUR,NOT_MIN,ARR_HOUR,ARR_MIN,HOSP_HR,HOSP_MN,CF1,CF2,CF3,FATALS,DRUNK_DR
37,370327,1,1,0,1,1,1,1,27,1920,26,2,2011,7,12,25,0,16,5,CENTRAL AVE,,99999,35.79540000,-81.432530560,0,8,0,0,1,1,1,0,1,1,0,1,0,0000000,12,22,12,24,12,56,0,0,0,1,0
37,370328,1,1,0,1,1,1,1,195,5070,6,4,2011,4,20,27,0,14,3,SR-42,,99999,35.72035833,-77.977094440,0,8,0,0,1,1,1,0,2,1,0,1,0,0000000,20,27,20,30,20,40,0,0,0,1,0
37,370329,1,1,0,0,0,1,1,1,1900,2,5,2011,2,22,30,0,16,6,LACY HOLT ROAD,,99999,36.02746111,-79.415338890,0,1,0,0,1,1,4,0,2,1,0,1,0,0000000,22,30,22,37,88,88,0,0,0,1,1
37,370330,2,2,0,0,0,3,3,11,0,25,5,2011,4,12,41,0,6,4,RP-1114,,99999,36.01198056,-81.964638890,0,12,2,0,1,1,1,0,1,1,0,1,0,0000000,99,99,99,99,99,99,0,0,0,1,0
37,370331,1,1,0,0,0,1,1,19,0,30,5,2011,2,20,34,1,2,2,US-17,,99999,33.98813611,-78.388911110,0,1,0,0,1,1,3,0,2,1,0,1,0,0000000,20,33,20,38,21,22,0,0,0,1,1
37,370332,1,1,0,0,0,1,1,23,0,21,5,2011,7,21,23,0,6,4,RP-1893,,99999,35.71338889,-81.480241670,0,34,0,0,1,1,4,0,2,1,0,1,0,0000000,21,19,21,26,21,58,0,0,0,1,0
37,370333,1,1,0,0,0,2,2,23,3130,20,5,2011,6,23,54,0,14,6,JAMESTOWN ROAD,,99999,35.73234444,-81.730255560,0,1,0,0,1,1,4,0,2,1,0,1,0,0000000,23,55,0,0,0,20,0,0,0,1,0
37,370334,2,2,0,0,0,3,3,23,0,26,5,2011,5,15,35,0,6,4,RP-1116,,99999,35.68058611,-81.764244440,0,12,2,0,1,1,1,0,1,1,0,1,0,0000000,15,27,15,36,15,56,0,0,0,1,0
37,370335,1,1,0,0,0,1,1,27,0,12,5,2011,5,16,17,0,6,4,RP-1755,PETRA MILL ROAD,99999,35.83168889,-81.361775000,0,41,0,0,3,3,4,0,1,1,0,1,0,0000000,16,17,16,31,88,88,0,0,0,1,0
37,370336,1,1,0,0,0,1,1,35,0,13,5,2011,6,2,2,0,6,4,RP-1487,,99999,35.75971111,-81.204113890,0,53,0,0,1,1,4,0,2,1,0,1,0,0000000,2,2,2,10,88,88,0,0,0,1,1
37,370337,1,1,0,0,0,1,1,35,2150,21,5,2011,7,10,49,1,12,2,US-321,,99999,35.72878056,-81.363394440,0,24,0,0,1,1,3,0,1,1,0,1,0,0000000,11,0,11,6,88,88,0,0,0,1,0
37,370338,1,1,0,1,1,1,1,47,0,7,5,2011,7,1,5,0,6,4,RP-1300,,99999,34.28022500,-78.859875000,0,8,0,0,1,1,1,0,2,5,0,5,0,0000000,0,55,1,4,3,55,0,0,0,1,1
37,370339,3,3,0,0,0,3,3,47,0,27,5,2011,6,21,40,1,2,2,US-701,,99999,34.16508611,-78.837461110,0,12,2,0,1,1,1,0,2,1,0,1,0,0000000,21,39,21,44,22,8,0,0,0,1,0
37,370340,1,1,0,0,0,1,1,51,1670,18,5,2011,4,21,54,0,13,6,HOPE MILLS ROAD,,99999,35.01755556,-78.963611110,0,43,0,0,1,1,4,0,3,1,0,1,0,0000000,21,54,21,59,99,99,0,0,0,1,1
37,370341,2,2,0,0,0,3,3,51,0,30,5,2011,2,9,22,0,4,4,RP-2220,RP-2350,99999,34.95945556,-78.901147220,0,12,6,0,2,2,1,0,1,1,0,1,0,0000000,9,23,9,31,99,99,0,0,0,1,0
37,370342,2,2,0,0,0,2,2,51,0,30,5,2011,2,21,29,0,3,3,SR-59,,99999,34.94563056,-78.931683330,0,12,1,0,1,1,1,0,2,1,0,1,0,0000000,21,26,21,35,21,51,0,0,0,1,1
37,370343,1,1,0,0,0,1,1,57,0,10,5,2011,3,0,2,0,4,3,SR-8,,99999,35.74174167,-80.261736110,0,1,0,0,1,1,1,0,2,1,0,1,0,0000000,99,99,99,99,88,88,0,0,0,1,1
37,370344,3,3,0,0,0,8,8,57,0,13,5,2011,6,19,38,1,2,2,US-64,,99999,35.85561944,-80.332055560,0,12,2,0,1,1,1,0,1,10,0,10,0,0000000,99,99,99,99,99,99,0,0,0,1,0
37,370345,2,2,0,0,0,2,2,57,4590,14,5,2011,7,14,45,1,12,2,US-29-70,,99999,35.90099167,-80.093894440,0,12,1,0,1,1,1,0,1,1,0,1,0,0000000,99,99,99,99,99,99,0,0,0,1,1
37,370346,1,1,0,0,0,1,1,61,0,25,5,2011,4,22,54,0,6,4,RP-1715,,99999,34.96161667,-77.711233330,0,53,0,0,1,1,4,0,2,1,0,1,0,0000000,22,50,22,58,88,88,0,0,0,1,1
37,370347,1,1,0,1,1,1,1,63,0,19,5,2011,5,4,57,1,13,6,MIAMI BLVD,LYNN ROAD,99999,35.96985000,-78.848977780,0,8,0,0,3,2,1,0,3,1,0,1,0,0000000,4,57,5,3,88,88,0,0,0,1,0
37,370348,1,1,0,1,1,0,0,67,5120,5,5,2011,5,19,48,0,16,6,HANES MALL BLVD,,99999,36.06251667,-80.307852780,0,8,0,0,1,1,5,0,1,1,0,1,0,0000000,19,50,19,56,88,88,0,0,0,1,0
37,370349,2,2,0,0,0,2,2,67,5120,17,5,2011,3,22,56,0,15,6,ROBINHOOD ROAD,SHATTALON DRIVE,99999,36.12307500,-80.331488890,0,12,6,0,2,3,1,0,3,2,0,2,0,0000000,23,3,23,8,23,31,0,0,0,1,1
37,370350,2,2,0,0,0,4,4,67,5120,19,5,2011,5,20,47,0,14,6,PETERS CREEK PARKWAY,BRIDGETON ROAD,99999,36.02076389,-80.260705560,0,12,6,0,2,2,1,0,3,1,0,1,0,0000000,20,48,20,54,21,12,0,0,0,1,0
37,370351,1,1,0,0,0,4,4,67,5120,20,5,2011,6,13,22,1,12,2,US-52,,99999,36.06205833,-80.231608330,0,24,0,0,1,1,4,0,1,1,0,1,0,0000000,13,27,13,32,99,99,0,0,0,1,1
37,370352,2,2,0,0,0,2,2,69,0,6,5,2011,6,9,35,0,4,3,SR-97,,99999,35.83500278,-78.259263890,0,12,2,0,1,1,1,0,1,1,0,1,0,0000000,10,38,11,0,11,51,0,0,0,1,0
37,370353,1,1,0,1,1,1,1,69,0,31,5,2011,3,5,0,1,2,2,US-401,,99999,99.99990000,999.999900000,0,8,0,0,1,1,1,0,2,1,0,1,0,0000000,4,57,5,11,88,88,0,0,0,1,0
37,370354,1,1,0,1,1,1,1,71,0,26,5,2011,5,7,45,0,6,4,RP-1445,,99999,35.32142778,-81.307861110,0,8,0,0,1,1,1,0,1,1,0,1,0,0000000,99,99,99,99,99,99,0,0,0,1,0
37,370355,1,1,0,0,0,1,1,75,0,31,5,2011,3,13,45,0,4,3,SR-143,,99999,35.34213611,-84.028908330,0,33,0,0,1,1,4,0,1,1,0,1,0,0000000,13,37,14,20,88,88,0,0,0,1,0
37,370356,1,1,0,1,1,1,1,77,0,26,5,2011,5,23,19,0,3,4,RP-1195,,99999,36.32286944,-78.615952780,0,8,0,0,1,1,1,0,2,1,0,1,0,0000000,99,99,99,99,99,99,0,0,0,1,0
37,370357,2,2,0,0,0,3,3,81,2170,5,5,2011,5,18,25,0,16,6,CARTER STREET,FRANKLIN AVE,99999,35.95490000,-79.982763890,0,12,6,0,2,2,1,0,2,1,0,1,0,0000000,18,25,18,32,18,52,0,0,0,1,1
37,370358,2,2,0,0,0,3,3,81,0,17,5,2011,3,8,11,0,4,3,SR-61,,99999,36.00307778,-79.567922220,0,12,1,0,1,1,1,0,1,1,0,1,1,0000000,8,8,8,30,8,59,0,0,0,2,1
37,370359,1,1,0,0,0,1,1,81,1940,20,5,2011,6,2,33,0,14,6,SUMMIT AVE,PHILLIPS AVE,99999,36.09761667,-79.766502780,0,59,0,1,17,1,8,0,3,10,0,10,0,0000000,2,34,2,40,88,88,0,0,0,1,1
37,370360,2,2,0,0,0,4,4,81,1940,24,5,2011,3,11,14,0,14,6,CHURCH STREET,DREWSBURY DRIVE,99999,36.13863056,-79.790247220,0,12,6,0,2,3,1,0,1,1,0,1,0,0000000,11,14,11,21,11,35,0,0,0,1,0
37,370361,1,1,0,0,0,1,1,83,0,5,5,2011,5,21,39,0,4,4,RP-1400,,99999,36.46685278,-77.719688890,0,34,0,0,1,1,4,0,2,1,0,1,0,0000000,21,24,21,35,21,59,0,0,0,1,0
37,370362,2,2,0,0,0,2,2,85,0,13,5,2011,6,14,38,0,3,3,SR-24,,99999,35.28230278,-79.132172220,0,12,2,0,1,1,1,0,1,1,0,1,0,0000000,99,99,99,99,99,99,0,0,0,1,1
37,370363,1,1,0,0,0,2,2,85,0,31,5,2011,3,10,43,0,3,3,SR-82,,99999,35.30055556,-78.668288890,0,1,0,0,1,1,1,0,1,1,0,1,0,0000000,10,42,10,46,11,7,0,0,0,1,0
37,370364,1,1,0,0,0,1,1,93,0,25,5,2011,4,22,2,0,4,3,SR-1003,SR-1441,99999,99.99990000,999.999900000,0,31,0,0,1,1,4,0,2,1,0,1,0,0000000,99,99,99,99,99,99,0,0,0,1,0
37,370365,1,1,0,0,0,2,2,97,0,9,5,2011,2,7,55,0,6,4,RP-1636,,99999,35.78455000,-80.946377780,0,5,0,0,1,1,1,0,1,1,0,1,0,0000000,7,53,8,3,88,88,0,0,0,1,0
37,370366,1,1,0,0,0,1,1,97,0,13,5,2011,6,12,24,0,4,4,RP-2320,,99999,35.78032500,-80.833583330,0,42,0,0,1,1,4,0,1,1,0,1,0,0000000,12,22,12,30,13,4,0,0,0,1,0
37,370367,1,1,0,0,0,2,2,99,0,24,5,2011,3,17,8,1,2,2,US-74,,99999,99.99990000,999.999900000,0,24,0,0,1,1,4,0,1,1,0,1,0,0000000,17,3,17,18,17,33,0,0,0,1,0
37,370368,1,1,0,0,0,2,2,99,0,28,5,2011,7,18,40,1,2,2,US-23,,99999,99.99990000,999.999900000,0,42,0,0,1,1,4,0,1,1,0,1,0,0000000,18,33,18,42,19,49,0,0,0,1,0
37,370369,1,1,0,0,0,1,1,105,0,27,5,2011,6,13,34,1,2,2,US-1,,99999,99.99990000,999.999900000,0,42,0,0,1,1,4,0,1,2,0,2,0,0000000,13,30,13,41,14,12,0,0,0,1,0
37,370370,1,1,0,0,0,1,1,107,0,27,5,2011,6,18,5,0,4,3,SR-55,,99999,99.99990000,999.999900000,0,35,0,0,1,1,4,0,1,1,0,1,0,0000000,99,99,99,99,99,99,0,0,0,1,0
37,370371,3,3,0,0,0,6,6,109,0,5,5,2011,5,15,21,0,3,3,SR-150,,99999,99.99990000,999.999900000,0,12,1,0,1,1,1,0,1,1,0,1,0,0000000,15,19,15,29,15,55,0,0,0,1,0
37,370372,1,1,0,0,0,1,1,109,0,18,5,2011,4,19,15,0,5,4,RP-1412,,99999,99.99990000,999.999900000,0,42,0,0,1,1,4,0,1,1,0,1,0,0000000,19,13,19,25,88,88,0,0,0,1,1
37,370373,2,2,0,0,0,2,2,111,0,24,5,2011,3,7,41,0,4,2,US-70,,99999,99.99990000,999.999900000,0,12,2,0,1,1,1,0,1,1,0,1,0,0000000,7,30,7,35,8,30,0,0,0,1,0
37,370374,2,2,0,0,0,2,2,113,1710,16,5,2011,2,19,50,1,13,2,US-23/441,CAT CREEK RD,99999,35.19401111,-83.361941670,0,12,6,0,2,3,1,0,1,10,0,10,0,0000000,19,51,19,52,99,99,0,0,0,1,0
37,370375,1,1,0,2,2,2,2,115,0,25,5,2011,4,21,31,0,3,2,US-25,,99999,99.99990000,999.999900000,0,9,0,0,1,1,1,0,2,1,0,1,0,0000000,21,21,21,27,22,14,0,0,0,1,0
37,370376,1,1,0,0,0,1,1,117,0,4,5,2011,4,6,12,0,6,4,RP-1159,,99999,35.79693056,-77.286072220,0,34,0,0,1,1,4,0,1,1,0,1,0,0000000,99,99,99,99,99,99,0,0,0,1,0
37,370377,1,1,0,1,1,1,1,119,870,1,5,2011,1,5,51,0,16,6,POINDERXTER DR,,99999,35.19120556,-80.853280560,0,8,0,0,1,1,1,0,3,1,0,1,0,0000000,5,50,5,58,88,88,0,0,0,1,0
37,370378,5,5,0,0,0,9,9,119,870,9,5,2011,2,8,2,1,11,1,I-85,,99999,35.27337222,-80.843583330,0,12,1,0,1,1,1,0,1,1,0,1,0,0000000,8,1,8,7,99,99,14,0,0,1,0
37,370379,1,1,0,0,0,1,1,119,870,11,5,2011,4,0,10,1,11,1,I-485,,99999,99.99990000,999.999900000,0,24,0,0,1,1,3,0,2,1,0,1,0,0000000,88,88,88,88,88,88,0,0,0,1,0
37,370380,1,1,0,0,0,1,1,119,2280,22,5,2011,1,2,29,0,16,6,MCCORD RD,,99999,35.43458889,-80.843325000,0,34,0,0,1,1,4,0,2,1,0,1,0,0000000,2,30,2,40,88,88,0,0,0,1,1
37,370381,2,2,0,0,0,2,2,121,270,5,5,2011,5,18,59,0,13,4,RP-1211,,99999,36.03521944,-82.069330560,0,12,1,0,1,1,1,0,1,1,0,1,0,0000000,99,99,99,99,99,99,0,0,0,1,0
37,370382,1,1,0,0,0,1,1,125,0,14,5,2011,7,2,45,0,4,3,SR-690,,99999,99.99990000,999.999900000,0,42,0,0,1,1,4,0,2,10,0,10,0,0000000,99,99,99,99,99,99,0,0,0,1,1
37,370383,1,1,0,0,0,1,1,127,0,21,5,2011,7,22,5,0,3,4,RP-1714,,99999,35.93958611,-77.861136110,0,59,0,0,1,1,4,0,2,1,0,1,0,0000000,21,56,22,2,22,30,0,0,0,1,1
37,370384,1,1,0,1,1,1,1,129,0,20,5,2011,6,5,41,0,3,3,SR-133,,99999,99.99990000,999.999900000,0,8,0,0,1,1,1,0,2,1,0,1,0,0000000,5,36,5,44,88,88,0,0,0,1,0
37,370385,2,2,0,0,0,6,6,133,0,9,5,2011,2,17,32,0,6,4,RP-1109,RP-1111,99999,34.71551111,-77.557297220,0,12,6,0,2,3,1,0,1,1,0,1,0,0000000,17,34,17,52,18,27,0,0,0,1,0
37,370386,1,1,0,0,0,1,1,135,0,15,5,2011,1,4,23,0,3,2,US-70,,99999,99.99990000,999.999900000,0,35,0,0,1,1,4,0,2,10,0,10,0,0000000,4,14,4,25,4,44,0,0,0,1,0
37,370387,2,2,0,0,0,2,2,139,0,9,5,2011,2,18,55,0,5,4,RP-1101,RP-1169,99999,36.24032778,-76.220397220,0,12,6,0,2,2,1,0,1,1,0,1,0,0000000,18,54,19,3,19,34,0,0,0,1,0
37,370388,2,2,0,0,0,3,3,141,0,17,5,2011,3,17,9,0,4,3,SR-210,RP-1121,99999,34.47429722,-78.097258330,0,12,6,0,2,2,1,0,1,1,0,1,0,0000000,17,5,17,18,17,40,0,0,0,1,0
37,370389,1,1,0,0,0,3,3,147,0,24,5,2011,3,22,15,0,4,4,RP-2241,,99999,35.49729444,-77.342719440,0,34,0,0,1,1,4,0,2,1,0,1,0,0000000,99,99,99,99,99,99,0,0,0,1,1
37,370390,1,1,0,0,0,1,1,147,0,28,5,2011,7,21,21,0,5,4,RP-1755,,99999,35.57384444,-77.273111110,0,34,0,0,1,1,4,0,2,1,0,1,0,0000000,21,22,21,28,21,46,0,0,0,1,1
37,370391,3,3,0,0,0,4,4,151,1720,5,5,2011,5,6,40,1,13,2,US-64,RP-1003,99999,35.72610000,-79.697400000,0,12,6,0,2,3,1,0,1,1,0,1,0,0000000,6,39,6,52,99,99,0,0,0,1,0
37,370392,2,2,0,0,0,3,3,151,3770,6,5,2011,6,14,56,0,14,2,US-220,,99999,35.75605556,-79.827088890,0,12,2,0,1,1,1,0,1,1,0,1,0,0000000,14,57,15,9,15,25,0,0,0,1,0
37,370393,1,1,0,0,0,4,4,151,130,29,5,2011,1,20,47,1,11,1,I-85,,99999,99.99990000,999.999900000,0,1,0,0,1,1,3,0,5,1,0,1,0,0000000,20,47,20,58,99,99,0,0,0,1,0
37,370394,2,2,0,0,0,2,2,153,0,16,5,2011,2,16,40,0,6,4,RP-1003,,99999,35.03330000,-79.571658330,0,12,2,0,1,1,1,0,1,1,0,1,0,0000000,16,31,16,48,99,99,0,0,0,1,1
37,370395,1,1,0,1,1,2,2,155,0,27,5,2011,6,6,10,1,1,1,I-95,,99999,99.99990000,999.999900000,0,8,0,0,1,1,1,0,4,1,0,1,0,0000000,7,7,7,31,8,12,0,0,0,1,0
37,370396,2,2,0,0,0,6,6,155,2770,27,5,2011,6,16,8,0,13,6,W 5TH ST,,99999,34.62042500,-79.009036110,0,12,6,0,4,1,1,0,1,2,0,2,0,0000000,16,11,16,14,16,43,0,0,0,1,0
37,370397,1,1,0,0,0,1,1,157,3800,18,5,2011,4,11,51,0,16,6,BALLYMENA DR,,99999,36.33275833,-79.629077780,0,30,0,0,1,1,4,0,1,10,0,10,0,0000000,11,53,12,3,12,43,0,0,0,1,1
37,370398,2,2,0,0,0,3,3,159,0,10,5,2011,3,17,52,0,4,3,SR-150,RP-1547,99999,35.61216111,-80.653897220,0,12,6,0,2,2,1,0,1,10,0,10,0,0000000,17,52,18,2,99,99,0,0,0,1,0
37,370399,2,2,0,1,1,4,4,161,0,7,5,2011,7,23,45,0,6,4,RP-2145,,99999,35.28164167,-81.822566670,0,8,0,0,1,1,1,0,2,10,0,10,0,0000000,23,52,0,3,88,88,0,0,0,1,0
37,370400,1,1,0,0,0,1,1,161,0,30,5,2011,2,17,0,0,3,2,US-74,,99999,99.99990000,999.999900000,0,42,0,0,1,1,4,0,1,1,0,1,0,0000000,17,2,17,12,17,49,0,0,0,1,1
37,370401,2,2,0,0,0,2,2,169,0,16,5,2011,2,10,7,0,6,4,RP-1717,,99999,36.32141944,-80.103377780,0,12,2,0,1,1,1,0,1,1,0,1,0,0000000,10,3,10,12,10,45,0,0,0,1,0
37,370402,2,2,0,0,0,3,3,169,0,21,5,2011,7,16,28,0,3,3,SR-66,,99999,99.99990000,999.999900000,0,12,2,0,1,1,1,0,1,1,0,1,0,0000000,16,26,16,33,99,99,0,0,0,1,1
37,370403,1,1,0,0,0,4,4,171,0,14,5,2011,7,14,40,0,6,4,RP-1742,,99999,36.50556667,-80.564719440,0,53,0,0,1,1,4,0,1,10,0,10,0,0000000,14,51,15,3,16,8,0,0,0,2,0
37,370404,1,1,0,0,0,1,1,171,0,23,5,2011,2,18,56,0,5,4,RP-1809,,99999,36.46436667,-80.460177780,0,32,0,0,1,1,4,0,1,1,0,1,0,0000000,18,53,19,9,19,59,0,0,0,1,0
37,370405,1,1,0,0,0,1,1,171,0,23,5,2011,2,23,30,0,6,4,RP-1789,,99999,36.53405278,-80.470991670,0,7,0,0,1,1,1,0,2,1,0,1,0,0000000,7,29,7,49,88,88,17,18,0,1,1
37,370406,1,1,0,0,0,2,2,175,0,25,5,2011,4,16,8,0,3,2,US-178,,99999,35.14342500,-82.822494440,0,42,0,0,1,1,4,0,1,1,0,1,0,0000000,16,5,16,25,17,31,0,0,0,2,0
37,370407,1,1,0,0,0,4,4,179,0,7,5,2011,7,18,54,0,6,4,RP-2155,,99999,99.99990000,999.999900000,0,1,0,0,1,1,4,0,1,1,0,1,0,0000000,18,47,19,1,19,41,0,0,0,1,0
37,370408,2,2,0,0,0,4,4,179,0,17,5,2011,3,15,20,0,15,4,RP-1315,,99999,34.97410278,-80.654925000,0,12,6,0,1,1,4,0,1,2,0,2,0,0000000,15,16,15,22,16,1,0,0,0,1,0
37,370409,2,2,0,0,0,2,2,179,0,27,5,2011,6,17,47,0,6,4,RP-1137,,99999,35.02859167,-80.692347220,0,12,6,0,1,1,1,0,1,2,10,2,0,0000000,17,45,17,56,18,55,0,0,0,1,1
37,370410,2,2,0,0,0,3,3,181,0,8,5,2011,1,1,15,0,4,4,RP-1115,US-1,99999,36.27603889,-78.398094440,0,12,6,0,2,2,1,0,2,10,2,2,0,0000000,1,13,1,15,99,99,0,0,0,1,1
37,370411,1,1,0,0,0,1,1,183,3140,2,5,2011,2,9,49,0,16,6,CRABTREE CROSSING PK,,99999,35.81537778,-78.823900000,0,42,0,0,1,1,4,0,1,1,0,1,0,0000000,99,99,99,99,99,99,0,0,0,1,0
37,370412,1,1,0,0,0,1,1,183,3750,11,5,2011,4,19,17,0,16,6,S STATE ST,,99999,35.76295000,-78.624600000,0,53,0,0,1,1,4,0,1,1,0,1,0,0000000,99,99,99,99,88,88,0,0,0,1,0
37,370413,2,2,0,0,0,4,4,183,110,12,5,2011,5,18,35,0,15,6,OLD RALEIGH RD,LAKE PINE DR,99999,35.74184444,-78.823386110,0,12,6,0,2,3,1,0,1,2,0,2,0,0000000,99,99,99,99,99,99,0,0,0,1,0
37,370414,2,2,0,0,0,3,3,183,3750,22,5,2011,1,15,38,0,13,6,CREEDMOOR RD,HOWARD RD,99999,35.88981389,-78.680047220,0,12,6,0,2,2,1,0,1,1,0,1,0,0000000,99,99,99,99,99,99,0,0,0,1,1
37,370415,1,1,0,0,0,5,5,183,0,16,5,2011,2,20,42,0,6,6,SCOUTERS RD,,99999,35.80827778,-78.396119440,0,5,0,0,1,1,1,0,3,1,0,1,0,0000000,20,30,20,38,21,5,0,0,0,1,0
37,370416,1,1,0,2,2,1,1,183,3750,29,5,2011,1,13,10,0,14,6,N NEW HOPE RD,,99999,35.84801389,-78.574819440,0,53,0,0,1,1,4,0,1,1,0,1,0,0000000,13,12,13,14,13,40,0,0,0,1,0
37,370417,1,1,0,1,1,1,1,191,1880,7,5,2011,7,21,33,1,13,2,US-70,,99999,35.40073333,-78.014861110,0,8,0,0,1,1,1,0,2,1,0,1,0,0000000,99,99,99,99,99,99,0,0,0,1,0
37,370418,1,1,0,0,0,1,1,193,0,1,5,2011,1,4,35,0,6,4,RP-2035,,99999,36.30032222,-80.909072220,0,53,0,0,1,1,4,0,2,1,0,1,0,0000000,4,35,4,48,88,88,0,0,0,1,1
37,370419,1,1,0,0,0,1,1,193,0,11,5,2011,4,14,37,0,4,4,RP-1372,,99999,36.15423056,-81.184844440,0,19,0,0,1,1,4,0,1,1,0,1,0,0000000,14,35,14,42,88,88,0,0,0,1,0
37,370420,2,2,0,0,0,2,2,193,0,21,5,2011,7,21,22,0,3,3,SR-16,,99999,99.99990000,999.999900000,0,12,2,0,1,1,1,0,2,1,0,1,0,0000000,21,45,22,2,99,99,0,0,0,1,0
37,370421,1,1,0,0,0,5,5,117,0,7,5,2011,7,21,32,0,4,3,SR-171,,99999,99.99990000,999.999900000,0,1,0,0,1,1,1,0,2,1,0,1,0,0000000,21,34,21,56,22,12,0,0,0,1,0
37,370422,1,1,0,0,0,3,3,1,0,1,6,2011,4,7,38,0,4,4,RP-1113,,99999,35.98814722,-79.509944440,0,34,0,0,1,1,4,0,1,1,0,1,0,0000000,7,33,7,46,8,32,0,0,0,1,0
37,370423,2,2,0,0,0,5,5,13,0,20,6,2011,2,16,55,0,3,2,US-264,SR-32,99999,35.51231667,-76.907213890,0,12,6,0,2,2,1,0,1,1,0,1,0,0000000,16,53,16,57,17,12,0,0,0,1,0
37,370424,2,2,0,0,0,6,6,17,0,10,6,2011,6,2,42,0,4,3,SR-131,,99999,99.99990000,999.999900000,0,12,2,0,1,1,1,0,2,1,0,1,0,0000000,2,39,2,56,3,27,0,0,0,1,0
37,370425,1,1,0,0,0,1,1,19,0,13,6,2011,2,19,33,0,6,4,RP-1321,,99999,34.00464444,-78.542805560,0,34,0,0,1,1,4,0,1,1,0,1,0,0000000,19,30,19,41,20,32,0,0,0,1,0
37,370426,1,1,0,0,0,1,1,21,0,2,6,2011,5,16,26,0,6,4,RP-3484,,99999,35.50106667,-82.610405560,0,42,0,0,1,1,4,0,1,1,0,1,0,0000000,16,24,16,35,88,88,0,0,0,1,1
37,370427,1,1,0,0,0,7,7,21,170,13,6,2011,2,0,35,0,16,6,OVERLOOK RD,,99999,35.50491111,-82.526463890,0,42,0,0,1,1,4,0,2,1,0,1,0,0000000,1,46,2,2,3,2,0,0,0,2,0
37,370428,2,2,0,0,0,3,3,25,1040,3,6,2011,6,13,37,1,11,1,I-85,,99999,99.99990000,999.999900000,0,12,7,0,1,1,1,0,1,1,0,1,0,0000000,13,32,13,37,13,53,0,0,0,1,0
37,370429,2,2,0,0,0,3,3,27,0,14,6,2011,3,10,34,1,2,2,US-64,,99999,99.99990000,999.999900000,0,12,1,0,1,1,1,0,1,1,0,1,0,0000000,10,37,10,40,10,56,0,0,0,1,0
37,370430,3,3,0,0,0,8,8,27,0,28,6,2011,3,17,33,1,2,2,US-321,,99999,99.99990000,999.999900000,0,12,2,0,1,1,1,0,1,10,2,2,0,0000000,99,99,99,99,99,99,0,0,0,1,0
37,370431,1,1,0,0,0,1,1,39,0,1,6,2011,4,18,45,0,4,3,SR-141,,99999,99.99990000,999.999900000,0,42,0,0,1,1,4,0,1,1,0,1,0,0000000,18,39,18,47,19,13,0,0,0,1,0
37,370432,3,3,0,0,0,3,3,43,0,3,6,2011,6,13,38,0,3,2,US-64,,99999,99.99990000,999.999900000,0,12,8,0,1,1,1,0,1,1,0,1,0,0000000,13,39,13,45,14,43,14,0,0,1,0
37,370433,1,1,0,0,0,2,2,45,0,12,6,2011,1,1,10,0,4,3,SR-10,,99999,35.54843056,-81.507397220,0,59,0,0,1,1,4,0,2,1,0,1,0,0000000,99,99,99,99,99,99,0,0,0,1,1
37,370434,1,1,0,0,0,1,1,45,0,7,6,2011,3,18,5,0,4,4,RP-1001,,99999,35.27253056,-81.446372220,0,38,0,0,1,1,4,0,1,1,0,1,0,0000000,99,99,99,99,99,99,0,0,0,1,0
37,370435,1,1,0,1,1,1,1,47,0,3,6,2011,6,1,29,0,4,4,RP-1001,,99999,34.33925556,-78.599538890,0,8,0,0,1,1,1,0,2,1,0,1,0,0000000,99,99,99,99,99,99,0,0,0,1,0
37,370436,1,1,0,0,0,1,1,49,0,23,6,2011,5,4,29,0,4,3,SR-306,,99999,99.99990000,999.999900000,0,1,0,0,1,1,1,0,2,1,0,1,0,0000000,4,28,4,37,5,21,0,0,0,1,0
37,370437,2,2,0,0,0,2,2,49,0,11,6,2011,7,4,19,1,2,2,US-70,,99999,35.08030278,-77.030725000,0,12,1,0,1,1,1,0,1,1,0,1,0,0000000,99,99,99,99,99,99,0,0,0,1,0
37,370438,1,1,0,0,0,1,1,49,0,13,6,2011,2,3,25,0,4,3,SR-55,,99999,99.99990000,999.999900000,0,42,0,0,1,1,4,0,2,1,0,1,0,0000000,99,99,99,99,99,99,0,0,0,1,1
37,370439,1,1,0,1,1,1,1,49,0,22,6,2011,4,4,14,1,2,2,US-17,,99999,99.99990000,999.999900000,0,8,0,0,1,1,1,0,2,1,0,1,0,0000000,99,99,99,99,99,99,0,0,0,1,0
37,370440,1,1,0,1,1,1,1,51,1670,6,6,2011,2,14,11,1,13,6,OWEN DR,,99999,35.03435278,-78.931961110,0,15,0,0,1,1,1,0,1,1,0,1,0,0000000,14,12,14,16,14,27,0,0,0,1,0