STATE,ST_CASE,VE_TOTAL,VE_FORMS,PVH_INVL,PEDS,PERNOTMVIT,PERMVIT,PERSONS,COUNTY,CITY,DAY,MONTH,YEAR,DAY_WEEK,HOUR,MINUTE,NHS,ROAD_FNC,ROUTE,TWAY_ID,TWAY_ID2,MILEPT,LATITUDE,LONGITUD,SP_JUR,HARM_EV,MAN_COLL,RELJCT1,RELJCT2,TYP_INT,REL_ROAD,WRK_ZONE,LGT_COND,WEATHER1,WEATHER2,WEATHER,SCH_BUS,RAIL,NOT_HOUR,NOT_MIN,ARR_HOUR,ARR_MIN,HOSP_HR,HOSP_MN,CF1,CF2,CF3,FATALS,DRUNK_DR
37,370441,1,1,0,0,0,1,1,51,0,19,6,2011,1,13,38,1,1,1,I-95,,99999,99.99990000,999.999900000,0,24,0,0,1,1,4,0,1,1,0,1,0,0000000,13,38,13,53,14,38,0,0,0,1,1
37,370442,2,2,0,0,0,4,4,51,2250,17,6,2011,6,12,11,0,3,4,RP-1141,SR-59,99999,35.00806389,-78.962430560,0,12,2,0,2,2,1,0,1,1,0,1,0,0000000,12,14,12,17,99,99,0,0,0,1,0
37,370443,2,2,0,0,0,2,2,53,0,24,6,2011,6,16,45,0,3,2,US-158,,99999,99.99990000,999.999900000,0,12,7,0,1,1,1,0,1,1,0,1,0,0000000,17,0,17,10,88,88,0,0,0,1,0
37,370444,1,1,0,0,0,1,1,57,0,25,6,2011,7,20,28,0,4,3,SR-150,,99999,99.99990000,999.999900000,0,30,0,0,1,1,4,0,1,1,0,1,0,0000000,20,29,20,29,21,10,0,0,0,1,1
37,370445,1,1,0,0,0,1,1,57,2620,23,6,2011,5,6,26,1,13,2,US-29/70,,99999,99.99990000,999.999900000,0,72,0,0,1,1,1,0,1,10,0,10,0,0000000,6,28,6,35,8,16,0,0,0,1,0
37,370446,2,2,0,0,0,4,4,59,0,16,6,2011,5,17,48,0,6,4,RP-1461,,99999,35.92360278,-80.551844440,0,12,6,0,1,1,1,0,1,1,0,1,0,0000000,17,46,17,48,99,99,0,0,0,2,0
37,370447,3,3,0,0,0,5,5,61,0,15,6,2011,4,6,59,0,4,2,US-117,,99999,99.99990000,999.999900000,0,12,2,0,1,1,1,0,1,1,0,1,0,0000000,7,0,7,7,8,16,0,0,0,1,0
37,370448,2,2,0,0,0,2,2,65,0,14,6,2011,3,1,5,0,4,3,SR-42,RP-1109,99999,99.99990000,999.999900000,0,12,6,0,2,2,1,0,2,1,0,1,0,0000000,1,1,1,18,99,99,0,0,0,1,1
37,370449,2,2,0,0,0,5,5,67,2430,12,6,2011,1,13,9,0,16,6,S CHERRY ST,,99999,36.11846389,-80.077286110,0,12,6,0,4,1,1,0,1,1,0,1,0,0000000,99,99,99,99,99,99,0,0,0,1,0
37,370451,2,2,0,0,0,4,4,67,5120,15,6,2011,4,16,34,0,14,6,REYNOLDA RD,,99999,99.99990000,999.999900000,0,12,1,0,1,1,1,0,1,1,0,1,0,0000000,16,36,16,49,17,23,0,0,0,1,0
37,370452,1,1,0,0,0,1,1,71,1800,5,6,2011,1,12,37,0,16,6,JENKINS DAIRY RD,,99999,35.28178056,-81.223038890,0,42,0,0,1,1,4,0,1,1,0,1,0,0000000,12,40,12,47,88,88,0,0,0,1,0
37,370453,1,1,0,0,0,1,1,77,0,12,6,2011,1,13,43,0,5,4,RP-1613,,99999,36.24648889,-78.543061110,0,42,0,0,1,1,4,0,1,1,0,1,0,0000000,99,99,99,99,99,99,0,0,0,1,0
37,370454,1,1,0,0,0,1,1,77,0,1,6,2011,4,3,0,0,6,4,RP-1618,,99999,99.99990000,999.999900000,0,11,0,0,1,1,1,0,2,1,0,1,0,0000000,3,20,3,33,4,20,0,0,0,1,0
37,370455,3,3,0,0,0,3,3,77,0,20,6,2011,2,8,13,0,4,3,SR-96,,99999,99.99990000,999.999900000,0,12,8,0,1,1,1,0,1,1,0,1,0,0000000,99,99,99,99,88,88,0,0,0,1,0
37,370456,1,1,0,0,0,2,2,81,0,6,6,2011,2,20,37,0,4,3,SR-61,,99999,99.99990000,999.999900000,0,34,0,0,1,1,4,0,1,1,0,1,0,0000000,20,34,20,46,88,88,0,0,0,2,1
37,370457,1,1,0,0,0,1,1,81,0,15,6,2011,4,14,5,0,4,3,SR-62,,99999,99.99990000,999.999900000,0,42,0,0,1,1,4,0,1,1,0,1,0,0000000,14,25,14,31,88,88,0,0,0,1,0
37,370458,1,1,0,0,0,4,4,85,0,6,6,2011,2,7,45,1,1,1,I-95,,99999,99.99990000,999.999900000,0,34,0,0,1,1,4,0,1,1,0,1,0,0000000,7,42,7,50,99,99,0,0,0,1,0
37,370459,2,2,0,0,0,2,2,85,0,8,6,2011,4,14,45,0,4,4,NC-210,,99999,99.99990000,999.999900000,0,12,2,0,1,1,1,0,1,1,0,1,0,0000000,99,99,99,99,99,99,0,0,0,1,0
37,370460,3,3,0,0,0,4,4,85,0,19,6,2011,1,0,24,0,4,3,SR-82,,99999,99.99990000,999.999900000,0,12,2,0,1,1,1,0,2,1,0,1,0,0000000,0,18,0,25,88,88,0,0,0,2,1
37,370461,1,1,0,0,0,1,1,85,0,25,6,2011,7,12,7,0,6,4,RP-1811,,99999,35.30980278,-78.584411110,0,34,0,0,1,1,4,0,1,1,0,1,0,0000000,11,58,12,5,12,24,0,0,0,1,0
37,370462,1,1,0,0,0,2,2,85,0,29,6,2011,4,18,55,0,5,4,RP-1115,,99999,35.28437222,-79.061822220,0,1,0,0,1,1,4,0,1,1,0,1,0,0000000,99,99,99,99,99,99,20,0,0,1,0
37,370463,3,3,0,0,0,3,3,89,0,19,6,2011,1,23,48,1,1,1,I-26,,99999,35.43448333,-82.531227780,0,12,1,0,1,1,1,0,2,10,0,10,0,0000000,23,47,23,53,88,88,14,0,0,1,1
37,370464,1,1,0,0,0,1,1,89,0,24,6,2011,6,23,57,0,6,4,RP-1124,,99999,35.25953333,-82.472477780,0,7,0,0,1,1,4,0,2,1,0,1,0,0000000,23,53,0,6,88,88,0,0,0,1,1
37,370465,1,1,0,0,0,3,3,95,0,21,6,2011,3,20,40,0,6,4,RP-1365,,99999,99.99990000,999.999900000,0,5,0,0,1,1,1,0,2,1,0,1,0,0000000,20,54,20,59,22,0,0,0,0,1,1
37,370466,2,2,0,0,0,2,2,97,0,8,6,2011,4,0,31,1,1,1,I-40,,99999,35.81405556,-80.835322220,0,12,1,1,18,1,1,1,2,1,0,1,0,0000000,0,30,0,47,88,88,0,0,0,1,0
37,370467,2,2,0,0,0,2,2,97,0,8,6,2011,4,10,32,0,6,4,RP-1537,,99999,35.81711667,-81.038397220,0,12,2,0,1,1,1,0,1,1,0,1,0,0000000,10,29,10,45,88,88,0,0,0,1,0
37,370468,1,1,0,0,0,1,1,97,4430,21,6,2011,3,1,36,0,13,2,US-70,SALISBURY ROAD,99999,35.76995000,-80.856541670,0,33,0,0,2,4,4,0,3,1,0,1,0,0000000,1,40,1,49,2,8,0,0,0,1,1
37,370469,2,2,0,0,0,4,4,101,930,4,6,2011,7,10,14,0,16,6,STALLINGS STREET,,99999,35.65787500,-78.462511110,0,12,2,0,1,1,1,0,1,1,0,1,0,0000000,10,14,10,16,10,46,0,0,0,1,0
37,370470,1,1,0,0,0,1,1,101,0,25,6,2011,7,21,14,0,6,4,RP-1728,,99999,35.75189444,-78.277825000,0,34,0,0,1,1,4,0,2,1,0,1,0,0000000,99,99,99,99,99,99,0,0,0,1,1
37,370471,2,2,0,0,0,2,2,107,0,26,6,2011,1,3,51,1,2,2,US-258,RP-1536,99999,35.33098611,-77.661538890,0,12,2,1,2,4,1,0,2,1,0,1,0,0000000,3,48,3,52,5,44,0,0,0,1,1
37,370472,1,1,0,0,0,1,1,113,0,27,6,2011,2,12,12,1,2,2,US-19,,99999,35.26980000,-83.685780560,0,35,0,0,1,1,4,0,1,1,0,1,0,0000000,12,9,12,26,13,12,0,0,0,1,0
37,370473,2,2,0,0,0,2,2,113,1710,17,6,2011,6,16,1,1,13,2,US-441,,99999,35.16103056,-83.391713890,0,12,6,0,8,1,1,0,1,1,0,1,0,0000000,16,4,16,6,16,23,0,0,0,1,0
37,370474,1,1,0,0,0,2,2,113,0,26,6,2011,1,10,24,0,4,4,RP-1442,,99999,35.16743333,-83.422863890,0,1,0,0,1,1,4,0,1,1,0,1,0,0000000,10,23,10,29,10,58,0,0,0,1,0
37,370475,2,2,0,0,0,2,2,119,870,8,6,2011,4,10,22,0,13,6,WT HARRIS BLVD,BACK CREEK DRIVE,99999,35.28272778,-80.724213890,0,12,6,0,2,2,1,0,1,1,0,1,0,0000000,10,23,10,32,11,25,0,0,0,1,0
37,370476,2,2,0,0,0,2,2,119,870,10,6,2011,6,8,7,0,14,6,PARK ROAD,ABBEY PLACE,99999,35.16880556,-80.850775000,0,12,6,0,2,2,1,0,1,1,0,1,0,0000000,8,7,8,12,8,34,0,0,0,1,0
37,370477,1,1,0,1,1,1,1,119,2940,21,6,2011,3,22,38,0,16,6,COVENENT CHURCH LANE,,99999,35.12051389,-80.733075000,0,8,0,0,1,1,1,0,3,2,0,2,0,0000000,22,30,22,36,23,6,0,0,0,1,0
37,370478,1,1,0,1,1,1,1,119,870,26,6,2011,1,23,33,0,16,6,REA ROAD,,99999,35.03693611,-80.805027780,0,8,0,0,1,1,1,0,2,1,0,1,0,0000000,23,32,23,38,88,88,0,0,0,1,0
37,370479,1,1,0,0,0,2,2,125,4270,1,6,2011,4,22,16,1,12,2,US-1,,99999,35.17938611,-79.396691670,0,59,0,0,1,1,3,0,2,1,0,1,0,0000000,22,14,22,22,22,36,0,0,0,1,1
37,370480,1,1,0,0,0,1,1,125,0,3,6,2011,6,21,13,0,6,4,RP-1860,,99999,35.24693333,-79.308672220,0,32,0,0,1,1,4,0,2,1,0,1,0,0000000,99,99,99,99,99,99,0,0,0,1,0
37,370481,1,1,0,1,1,1,1,129,5060,2,6,2011,5,23,18,1,13,6,CAROLINA BEACH ROAD,,99999,34.18768333,-77.932194440,0,8,0,0,1,1,1,0,2,1,0,1,0,0000000,23,18,23,24,23,30,0,0,0,1,0
37,370482,2,2,0,0,0,3,3,129,5060,10,6,2011,6,12,9,1,13,6,MARKET STREET,OLD DAIRY ROAD,99999,34.25774722,-77.838091670,0,12,6,0,2,2,1,0,1,1,0,1,0,0000000,12,10,12,14,12,38,0,0,0,1,0
37,370483,2,2,0,0,0,2,2,129,0,13,6,2011,2,12,35,1,2,2,US-117,RP-2257,99999,34.31308056,-77.880041670,0,12,6,0,2,2,1,0,1,1,0,1,0,0000000,12,43,12,46,13,11,0,0,0,1,1
37,370484,1,1,0,1,1,1,1,133,0,6,6,2011,2,7,31,0,6,4,RP-1501,,99999,34.68226667,-77.212375000,0,8,0,0,1,1,1,0,1,1,0,1,0,0000000,7,32,7,43,8,7,0,0,0,1,0
37,370485,2,2,0,0,0,2,2,133,0,8,6,2011,4,6,4,0,3,4,RP-1406,,99999,34.71699444,-77.320350000,0,12,6,0,8,1,1,0,4,1,0,1,0,0000000,6,8,6,12,6,32,0,0,0,1,0
37,370486,5,5,0,0,0,5,5,135,0,30,6,2011,5,15,0,1,1,1,I-40,,99999,35.95464722,-79.003125000,0,12,1,0,1,1,1,0,1,1,0,1,0,0000000,99,99,99,99,99,99,0,0,0,3,0
37,370487,1,1,0,1,1,1,1,135,0,9,6,2011,5,20,3,1,1,1,I-40,,99999,36.04271389,-79.112377780,0,8,0,0,1,1,3,0,1,1,0,1,0,0000000,99,99,99,99,99,99,0,0,0,1,0
37,370488,4,4,0,0,0,8,8,135,0,30,6,2011,5,9,47,1,1,1,I-85,,99999,36.05763333,-79.077400000,0,12,1,0,1,1,1,0,1,1,0,1,0,0000000,99,99,99,99,99,99,19,0,0,1,0
37,370489,1,1,0,0,0,7,7,139,0,22,6,2011,4,17,30,1,2,2,US-17,,99999,36.32719167,-76.310950000,0,1,0,0,1,1,1,0,1,1,0,1,0,0000000,99,99,99,99,99,99,0,0,0,1,0
37,370490,1,1,0,0,0,1,1,147,0,7,6,2011,3,11,50,1,2,2,US-13,,99999,35.81252222,-77.366066670,0,35,0,0,1,1,4,0,1,1,0,1,0,0000000,11,47,11,56,12,33,0,0,0,1,1
37,370491,2,2,0,0,0,1,1,151,0,17,6,2011,6,4,36,1,2,2,US-64,,99999,35.71556389,-79.765391670,0,12,1,0,1,1,1,0,2,1,0,1,0,0000000,4,32,4,42,88,88,0,0,0,1,1
37,370492,2,2,0,0,0,3,3,155,2770,6,6,2011,2,22,49,0,16,6,MARION ROAD,CRANDLEMIRE ROAD,99999,34.60459167,-79.029738890,0,12,6,0,2,2,1,0,3,1,0,1,0,0000000,99,99,99,99,99,99,0,0,0,1,2
37,370493,1,1,0,1,1,2,2,155,2770,3,6,2011,6,23,29,0,13,3,SR-41,,99999,34.59130000,-79.042252780,0,9,0,0,1,1,1,0,2,1,0,1,0,0000000,23,32,23,34,0,38,0,0,0,1,0
37,370494,1,1,0,0,0,4,4,155,0,9,6,2011,5,1,35,0,4,4,RP-1002,,99999,34.53644444,-78.894677780,0,34,0,0,1,1,4,0,2,1,0,1,0,0000000,99,99,99,99,99,99,0,0,0,1,1
37,370495,2,2,0,0,0,4,4,155,0,11,6,2011,7,22,12,0,4,4,RP-2289,REEL DRIVE,99999,34.58454722,-79.005469440,0,12,2,0,8,1,1,0,2,1,0,1,0,0000000,99,99,99,99,99,99,0,0,0,1,0
37,370496,1,1,0,0,0,2,2,155,0,29,6,2011,4,19,6,0,6,4,RP-1158,,99999,34.66282778,-79.239933330,0,43,0,0,1,1,4,0,1,1,0,1,0,0000000,19,5,19,20,19,52,0,0,0,1,0
37,370497,2,2,0,0,0,2,2,157,0,4,6,2011,7,5,35,0,5,4,RP-1110,,99999,36.30122222,-79.999008330,0,12,2,0,1,1,1,0,1,1,0,1,0,0000000,99,99,99,99,99,99,0,0,0,1,0
37,370498,2,2,0,0,0,3,3,159,0,10,6,2011,6,19,39,0,3,4,RP-2048,,99999,35.70811944,-80.524077780,0,12,2,0,1,1,1,0,1,1,0,1,0,0000000,19,39,19,52,20,21,0,0,0,1,0
37,370499,1,1,0,0,0,1,1,163,0,10,6,2011,6,21,9,0,6,4,RP-1222,,99999,34.95700556,-78.338580560,0,34,0,0,1,1,4,0,2,1,0,1,0,0000000,21,12,21,32,88,88,0,0,0,1,1
37,370500,2,2,0,0,0,2,2,171,0,22,6,2011,4,22,11,1,1,1,I-77,,99999,36.54863889,-80.744533330,0,12,1,0,1,1,1,0,2,1,0,1,0,0000000,22,16,22,27,88,88,0,0,0,1,0
37,370501,3,3,0,0,0,3,3,171,0,24,6,2011,6,16,34,0,3,3,SR-89,RP-1802,99999,36.49854444,-80.464938890,0,12,6,0,2,3,1,0,1,1,0,1,0,0000000,16,34,16,47,17,26,14,0,0,1,1
37,370502,2,2,0,0,0,2,2,179,2290,10,6,2011,6,3,50,1,13,2,US-74,,99999,99.99990000,999.999900000,0,12,1,0,1,1,1,0,2,1,0,1,0,0000000,99,99,99,99,88,88,0,0,0,1,1
37,370503,1,1,0,1,1,1,1,179,3100,15,6,2011,4,12,59,1,13,2,US-74,HANOVER DRIVE,99999,35.01028056,-80.564416670,0,9,0,0,3,1,1,0,1,1,0,1,0,0000000,13,0,13,7,13,21,0,0,0,1,0
37,370504,1,1,0,0,0,1,1,179,3100,26,6,2011,1,11,29,1,13,2,US-74,,99999,99.99990000,999.999900000,0,42,0,0,1,1,4,0,1,1,0,1,0,0000000,12,21,12,26,88,88,0,0,0,1,0
37,370505,3,3,0,0,0,5,5,179,0,29,6,2011,4,15,29,0,4,3,SR-84,RP-1349,99999,35.00523611,-80.656191670,0,12,1,0,2,3,1,0,1,1,0,1,0,0000000,15,46,16,9,16,56,0,0,0,1,0
37,370506,2,2,0,0,0,3,3,179,0,30,6,2011,5,15,20,0,5,4,RP-1315,,99999,34.98268333,-80.732516670,0,12,2,0,1,1,1,0,1,1,0,1,0,0000000,99,99,99,99,99,99,20,0,0,1,0
37,370507,1,1,0,0,0,4,4,183,0,5,6,2011,1,20,43,0,6,4,RP-2055,,99999,35.95706944,-78.435505560,0,34,0,0,1,1,4,0,2,1,0,1,0,0000000,99,99,99,99,99,99,0,0,0,3,0
37,370508,1,1,0,0,0,3,3,183,3750,25,6,2011,7,13,30,1,11,1,I-40,,99999,35.74557222,-78.592672220,0,42,0,0,1,1,4,0,1,1,0,1,0,0000000,99,99,99,99,99,99,0,0,0,1,0
37,370509,1,1,0,0,0,2,2,183,0,28,6,2011,3,11,4,0,4,4,RP-1371,,99999,35.71930556,-78.686186110,0,1,0,0,1,1,1,0,1,1,0,1,0,0000000,99,99,99,99,99,99,0,0,0,1,0
37,370510,1,1,0,0,0,1,1,183,3750,27,6,2011,2,16,47,1,11,1,I-40,,99999,35.79095278,-78.745911110,0,42,0,0,1,1,4,0,1,1,0,1,0,0000000,99,99,99,99,88,88,0,0,0,1,0
37,370511,2,2,0,0,0,2,2,191,0,25,6,2011,7,21,29,1,2,2,US-117,,99999,35.55530833,-77.975013890,0,12,2,0,1,1,1,0,2,1,0,1,0,0000000,21,9,21,15,88,88,0,0,0,2,1
37,370512,1,1,0,0,0,1,1,195,0,21,6,2011,3,19,20,0,5,4,RP-1502,,99999,35.70411111,-77.826247220,0,42,0,0,1,1,4,0,1,5,0,5,0,0000000,18,46,18,49,88,88,0,0,0,1,0
37,370513,1,1,0,0,0,1,1,197,0,10,6,2011,6,17,15,1,2,2,US-421,,99999,36.12643611,-80.828647220,0,42,0,0,1,1,4,0,1,1,0,1,0,0000000,17,5,17,11,88,88,0,0,0,1,0
37,370514,1,1,0,0,0,1,1,23,4700,28,2,2011,2,11,59,1,1,1,I-40,,1130,77.77770000,777.777700000,0,24,0,0,1,1,4,0,1,1,0,1,0,0000000,12,1,12,8,12,23,0,0,0,1,0
37,370515,1,1,0,0,0,1,1,39,80,9,3,2011,4,7,18,0,2,4,RP 1388,RP 1405,99999,99.99990000,999.999900000,0,42,0,0,1,1,4,0,1,2,0,2,0,0000000,7,23,7,26,88,88,99,99,99,1,0
37,370516,2,2,0,0,0,2,2,89,2550,30,3,2011,4,15,27,1,2,2,US-64,RP-1488,99999,99.99990000,999.999900000,0,12,6,0,2,3,1,0,1,10,2,2,0,0000000,15,27,15,43,16,18,0,0,0,1,1
37,370517,2,2,0,0,0,3,3,97,4430,12,3,2011,7,15,0,0,16,5,NEWTON DRIVE,,99999,99.99990000,999.999900000,0,12,6,0,8,1,1,0,1,1,0,1,0,0000000,14,57,15,3,15,26,0,0,0,1,0
37,370518,1,1,0,0,0,1,1,135,1454,24,3,2011,5,19,8,1,2,4,RP-1340,RP-1343,99999,99.99990000,999.999900000,0,35,0,0,1,1,4,0,5,1,0,1,0,0000000,19,4,19,19,19,59,0,0,0,1,0
37,370519,1,1,0,1,1,1,1,163,970,23,3,2011,4,10,26,0,13,6,FAYETTEVILLE STREET,WILLIAMS STREET,99999,34.99846944,-78.328597220,0,8,0,0,1,1,1,0,1,1,0,1,0,0000000,10,29,10,44,10,53,0,0,0,1,0
37,370520,1,1,0,0,0,2,2,99,4540,22,4,2011,6,15,27,0,16,4,177 UNION HILL ROAD,RP-1411,99999,99.99990000,999.999900000,0,34,0,0,4,1,4,0,1,1,0,1,0,0000000,15,28,15,43,88,88,0,0,0,1,0
37,370521,2,2,0,0,0,3,3,101,4140,24,4,2011,1,13,50,0,16,6,NORTH POLLOCK STREET,,0,99.99990000,999.999900000,0,12,1,0,1,1,1,0,1,1,0,1,0,0000000,99,99,99,99,99,99,0,0,0,1,0
37,370522,1,1,0,0,0,1,1,105,4090,26,4,2011,3,13,3,0,6,9,K M WICKER MEMORIAL,CARTHAGE STREET,0,35.46859444,-79.188833330,0,30,0,0,1,1,5,0,1,2,0,2,0,0000000,13,5,13,7,13,23,0,0,0,1,0
37,370523,1,1,0,0,0,1,1,119,870,8,4,2011,6,19,55,0,6,6,DARLINGTON ROAD,HABITAT MANOR DRIVE,0,99.99990000,999.999900000,0,53,0,0,1,1,6,0,6,10,0,10,0,0000000,99,99,99,99,88,88,0,0,0,1,0
37,370524,1,1,0,1,1,1,1,19,540,20,6,2011,2,14,2,1,1,2,US-17,NC-87,99999,34.22179444,-78.012297220,0,9,0,0,1,1,1,0,1,1,0,1,0,0000000,13,54,13,56,14,22,0,0,0,1,0
37,370525,2,2,0,0,0,2,2,101,930,16,6,2011,5,16,29,0,16,9,SHOTWELL ROAD,COVERED BRIDGE ROAD,99999,99.99990000,999.999900000,0,12,6,0,2,3,1,0,1,1,0,1,0,0000000,99,99,99,99,99,99,0,0,0,1,0
37,370526,1,1,0,0,0,1,1,111,2900,4,6,2011,7,18,47,0,14,6,NORTH MAIN STREET,MONTE VISTA AVENUE,99999,35.68772222,-82.013119440,0,1,0,0,1,1,1,0,1,1,0,1,0,0000000,99,99,99,99,99,99,0,0,0,1,1
37,370527,1,1,0,0,0,4,4,119,870,28,6,2011,3,21,20,0,16,6,MOORES CHAPEL ROAD,I-485,99999,35.27384722,-80.967569440,0,24,0,1,3,6,4,0,2,2,0,2,0,0000000,21,20,21,27,21,54,0,0,0,1,0
37,370528,1,1,0,1,1,1,1,147,1950,19,6,2011,1,2,57,0,16,2,US-264A,GOLDEN ROAD,99999,99.99990000,999.999900000,0,8,0,0,1,1,1,0,3,1,0,1,0,0000000,99,99,99,99,99,99,0,0,0,1,0
37,370529,1,1,0,0,0,2,2,157,3800,1,6,2011,4,17,41,1,11,2,US-29,,1550,99.99990000,999.999900000,0,42,0,0,1,1,4,0,1,1,0,1,0,0000000,17,39,17,51,18,1,0,0,0,1,0
37,370530,2,2,0,0,0,2,2,163,970,2,6,2011,5,15,54,1,12,2,US-421 A,SUNSET AVENUE,99999,34.99647222,-78.337575000,0,12,1,0,1,1,1,0,1,1,0,1,0,0000000,15,54,16,1,16,33,0,0,0,1,0
37,370531,1,1,0,2,2,1,1,1,1530,8,7,2011,6,0,43,0,16,5,RP-1226,RP-1301,99999,99.99990000,999.999900000,0,8,0,0,1,1,1,0,2,2,0,2,0,0000000,0,42,0,49,1,12,0,0,0,1,1
37,370532,2,2,0,2,2,3,3,1,1900,24,7,2011,1,2,32,1,1,1,I-40,I-40,99999,36.06462222,-79.381191670,0,12,1,1,5,1,1,0,3,1,0,1,0,0000000,2,25,2,30,3,9,23,0,0,1,1
37,370533,1,1,0,1,1,1,1,1,1840,31,7,2011,1,20,58,0,15,6,ALAMANCE STREET,LEIGH COURT,99999,36.10005000,-79.533280560,0,9,0,0,2,3,1,0,3,10,0,10,0,0000000,20,58,21,6,21,52,0,0,0,1,0
37,370534,2,2,0,0,0,4,4,5,4320,20,7,2011,4,14,6,0,2,7,US-21,RP-1121,99999,36.48410833,-81.096397220,0,12,6,0,4,1,1,0,1,1,0,1,0,0000000,13,45,13,50,14,0,0,0,0,1,1
37,370535,2,2,0,0,0,3,3,7,3680,29,7,2011,6,16,55,1,13,2,US-74,SR-218,99999,34.98626944,-80.147752780,0,12,6,0,2,2,1,0,1,1,0,1,0,0000000,16,54,16,58,18,6,0,0,0,1,0
37,370536,1,1,0,0,0,2,2,7,0,30,7,2011,7,18,11,0,5,4,RP-1003,,99999,34.88086111,-80.221652780,0,35,0,0,1,1,4,0,1,1,0,1,0,0000000,18,10,18,27,18,44,0,0,0,1,0
37,370537,1,1,0,2,2,1,1,11,0,8,7,2011,6,7,40,0,6,4,RP-1153,,99999,36.05909167,-81.938094440,0,9,0,0,1,1,1,0,1,1,0,1,0,0000000,7,31,7,40,99,99,0,0,0,1,0
37,370538,1,1,0,2,2,1,1,13,0,8,7,2011,6,0,35,1,2,2,US-17,,99999,35.57210000,-77.066002780,0,8,0,0,1,1,1,0,2,2,10,2,0,0000000,0,24,0,30,0,39,0,0,0,1,0
37,370539,1,1,0,0,0,2,2,17,0,23,7,2011,7,13,59,0,6,4,RP-1116,,99999,34.59308611,-78.706569440,0,34,0,0,1,1,4,0,1,1,0,1,0,0000000,13,56,14,8,14,43,0,0,0,2,0
37,370540,1,1,0,0,0,1,1,17,0,23,7,2011,7,21,19,0,6,4,RP-1339,,99999,34.68418056,-78.719444440,0,34,0,0,1,1,4,0,2,1,0,1,0,0000000,21,19,21,35,88,88,0,0,0,1,1
37,370541,2,2,0,0,0,2,2,19,9997,18,7,2011,2,20,13,0,16,6,E OAK ISLAND DR,,99999,33.92042778,-78.138972220,0,12,2,0,1,1,1,0,5,1,0,1,0,0000000,20,15,20,24,20,45,0,0,0,1,0
37,370542,3,3,0,0,0,4,4,21,170,10,7,2011,1,2,29,1,11,1,I-240,,99999,35.58941111,-82.578305560,0,12,7,0,1,1,1,0,3,1,0,1,0,0000000,99,99,99,99,99,99,0,0,0,1,1
37,370543,2,2,0,0,0,2,2,23,0,6,7,2011,4,10,44,0,3,3,SR-181,,99999,99.99990000,999.999900000,0,12,8,0,1,1,1,0,1,1,0,1,0,0000000,10,45,11,2,88,88,0,0,0,1,0
37,370544,1,1,0,0,0,1,1,25,0,7,7,2011,5,22,40,0,6,4,RP-1100,,99999,99.99990000,999.999900000,0,42,0,0,1,1,4,0,2,10,0,10,0,0000000,22,36,22,41,23,15,0,0,0,1,0
37,370545,1,1,0,2,2,1,1,25,1040,15,7,2011,6,13,1,1,11,1,I-85,,99999,99.99990000,999.999900000,0,35,0,0,1,1,3,0,1,2,0,2,0,0000000,99,99,99,99,99,99,19,0,0,1,0
37,370546,1,1,0,0,0,1,1,25,0,26,7,2011,3,21,18,0,5,4,RP-2408,,99999,35.46500556,-80.462150000,0,18,0,0,1,1,1,0,2,1,0,1,0,0000000,21,13,21,22,88,88,0,0,0,1,0
37,370547,2,2,0,0,0,2,2,27,0,1,7,2011,6,17,30,1,2,2,US-64,,99999,99.99990000,999.999900000,0,12,6,0,1,1,1,0,1,1,0,1,0,0000000,17,30,17,30,88,88,0,0,0,1,1
37,370548,1,1,0,1,1,1,1,31,9997,9,7,2011,7,1,5,1,13,3,SR-24,,99999,99.99990000,999.999900000,0,8,0,0,1,1,1,0,3,2,0,2,0,0000000,1,19,1,23,88,88,0,0,0,1,0
37,370549,2,2,0,0,0,3,3,33,0,7,7,2011,5,10,11,0,4,3,SR-62,,99999,99.99990000,999.999900000,0,12,6,0,4,1,1,0,1,1,0,1,0,0000000,9,56,10,6,99,99,0,0,0,1,0
37,370550,1,1,0,0,0,1,1,35,0,24,7,2011,1,5,30,0,6,4,RP-2042,SR-10,99999,35.55827500,-81.491433330,0,35,0,0,2,3,4,0,2,1,0,1,0,0000000,13,8,13,25,88,88,18,0,0,1,1
37,370551,2,2,0,0,0,3,3,35,2150,2,7,2011,7,15,58,0,13,2,US-321,9TH AVE NW,99999,35.74539722,-81.366805560,0,12,6,0,2,2,1,0,1,1,0,1,0,0000000,16,2,16,10,16,37,0,0,0,1,0
37,370552,2,2,0,0,0,2,2,35,3300,15,7,2011,6,7,34,0,14,6,OLD CONOVER STARTOWN,,99999,35.66350278,-81.255569440,0,12,6,0,1,1,1,0,1,10,0,10,0,0000000,7,36,7,39,99,99,0,0,0,1,1
37,370553,1,1,0,0,0,1,1,37,0,25,7,2011,2,10,40,0,6,4,RP-1162,,99999,99.99990000,999.999900000,0,42,0,0,1,1,4,0,1,1,0,1,0,0000000,10,33,10,46,11,21,0,0,0,1,0
37,370554,2,2,0,0,0,4,4,39,0,6,7,2011,4,20,30,0,6,4,RP-1314,,99999,99.99990000,999.999900000,0,12,6,0,1,1,2,0,5,10,0,10,0,0000000,20,34,20,38,20,54,0,0,0,1,1