STATE,ST_CASE,VE_TOTAL,VE_FORMS,PVH_INVL,PEDS,PERNOTMVIT,PERMVIT,PERSONS,COUNTY,CITY,DAY,MONTH,YEAR,DAY_WEEK,HOUR,MINUTE,NHS,ROAD_FNC,ROUTE,TWAY_ID,TWAY_ID2,MILEPT,LATITUDE,LONGITUD,SP_JUR,HARM_EV,MAN_COLL,RELJCT1,RELJCT2,TYP_INT,REL_ROAD,WRK_ZONE,LGT_COND,WEATHER1,WEATHER2,WEATHER,SCH_BUS,RAIL,NOT_HOUR,NOT_MIN,ARR_HOUR,ARR_MIN,HOSP_HR,HOSP_MN,CF1,CF2,CF3,FATALS,DRUNK_DR
37,370555,1,1,0,0,0,2,2,45,0,10,7,2011,1,1,4,0,6,4,RP-1811,,99999,35.27449444,-81.587905560,0,34,0,0,4,1,4,0,2,10,0,10,0,0000000,99,99,99,99,99,99,0,0,0,1,1
37,370556,1,1,0,0,0,2,2,47,0,23,7,2011,7,17,32,0,3,3,SR-130,,99999,99.99990000,999.999900000,0,38,0,0,1,1,4,0,1,10,0,10,0,0000000,17,27,17,42,18,9,0,0,0,1,1
37,370557,2,2,0,0,0,5,5,49,0,16,7,2011,7,16,9,1,2,2,US-70,RP-1772,99999,34.92584167,-76.946955560,0,30,0,0,2,2,4,0,1,1,0,1,0,0000000,15,59,16,0,16,45,0,0,0,2,0
37,370558,2,2,0,0,0,2,2,49,0,28,7,2011,5,8,44,0,4,4,RP-1440,,99999,35.24905278,-77.137927780,0,12,2,0,1,1,1,0,1,1,0,1,0,0000000,99,99,99,99,99,99,0,0,0,1,0
37,370559,2,2,0,0,0,2,2,51,0,7,7,2011,5,21,38,0,3,4,RP-1003,,99999,34.99400278,-78.943291670,0,12,1,0,1,1,1,0,2,1,0,1,0,0000000,21,31,21,39,22,8,0,0,0,1,0
37,370560,2,2,0,0,0,2,2,51,0,14,7,2011,5,20,50,1,1,1,I-95,,99999,99.99990000,999.999900000,0,12,1,0,1,1,1,0,2,10,0,10,0,0000000,20,57,21,3,21,29,0,0,0,1,1
37,370561,1,1,0,0,0,2,2,53,0,31,7,2011,1,0,32,0,3,3,SR-168,,99999,99.99990000,999.999900000,0,1,0,0,1,1,4,0,2,1,0,1,0,0000000,0,30,0,31,1,27,0,0,0,1,0
37,370562,1,1,0,1,1,1,1,55,3235,9,7,2011,7,21,35,1,13,2,US-158,,99999,99.99990000,999.999900000,0,8,0,0,1,1,1,0,2,1,0,1,0,0000000,99,99,99,99,99,99,0,0,0,1,0
37,370563,1,1,0,0,0,2,2,59,0,2,7,2011,7,22,54,0,3,2,US-601,,99999,35.81983056,-80.522402780,0,34,0,0,1,1,4,0,2,1,0,1,0,0000000,22,55,22,56,88,88,0,0,0,1,1
37,370564,1,1,0,0,0,2,2,61,0,31,7,2011,1,17,40,0,4,3,SR-41,,99999,99.99990000,999.999900000,0,34,0,0,1,1,4,0,1,2,10,2,0,0000000,17,20,17,26,88,88,0,0,0,2,0
37,370565,4,2,2,0,0,2,2,63,1360,16,7,2011,7,13,46,0,14,6,HILLSBOROUGH RD,,99999,36.03237222,-78.988438890,0,12,6,0,1,1,4,0,1,1,0,1,0,0000000,13,48,13,55,14,11,0,0,0,1,0
37,370566,1,1,0,0,0,2,2,67,0,14,7,2011,5,10,11,1,2,2,US-421,,99999,99.99990000,999.999900000,0,24,0,0,1,1,3,0,1,1,0,1,0,0000000,10,14,10,26,88,88,0,0,0,1,0
37,370567,1,1,0,1,1,4,4,67,5120,23,7,2011,7,21,25,0,16,6,E 14TH ST,,99999,99.99990000,999.999900000,0,15,0,0,1,1,1,0,3,1,0,1,0,0000000,21,25,21,30,21,48,0,0,0,1,1
37,370568,1,1,0,0,0,1,1,67,5120,30,7,2011,7,3,26,0,16,6,VARGRAVE ST,,99999,99.99990000,999.999900000,0,42,0,0,1,1,4,0,3,1,0,1,0,0000000,99,99,99,99,88,88,0,0,0,1,0
37,370569,1,1,0,0,0,2,2,75,0,26,7,2011,3,16,37,0,6,4,RP-1114,,99999,35.30153611,-83.820619440,0,42,0,0,1,1,4,0,1,1,0,1,0,0000000,99,99,99,99,99,99,0,0,0,1,0
37,370570,2,2,0,0,0,2,2,77,0,12,7,2011,3,7,15,0,4,3,SR-96,,99999,36.54108889,-78.776350000,0,12,2,0,1,1,1,0,1,1,0,1,0,0000000,7,10,7,21,8,8,0,0,0,1,0
37,370571,2,2,0,0,0,6,6,81,2170,2,7,2011,7,20,50,0,13,6,E ENGLISH RD,N MAIN ST,99999,35.95945833,-80.007333330,0,12,6,0,2,2,1,0,3,1,0,1,0,0000000,20,58,21,0,21,17,0,0,0,1,0
37,370572,1,1,0,0,0,1,1,81,1940,13,7,2011,4,20,9,0,16,6,WEXFORD DR,,99999,36.01613056,-79.819022220,0,42,0,0,1,1,4,0,5,1,0,1,0,0000000,20,9,20,16,20,35,0,0,0,1,0
37,370573,2,2,0,0,0,3,3,81,2170,15,7,2011,6,16,35,0,13,6,W ENGLISH RD,,99999,99.99990000,999.999900000,0,12,8,0,1,1,1,0,1,1,0,1,0,0000000,16,38,16,43,16,52,0,0,0,1,0
37,370574,1,1,0,0,0,2,2,81,1940,17,7,2011,1,0,32,1,11,1,I-40,,99999,36.03216389,-79.811469440,0,24,0,0,1,1,3,0,2,1,0,1,0,0000000,0,32,0,39,0,57,0,0,0,1,1
37,370575,1,1,0,1,1,1,1,81,0,21,7,2011,5,21,32,1,12,2,US-29,,99999,36.11263889,-79.757566670,0,9,0,0,1,1,1,0,2,1,0,1,0,0000000,21,27,21,34,88,88,0,0,0,1,0
37,370576,1,1,0,1,1,1,1,81,1940,26,7,2011,3,22,59,0,13,6,W LEE ST,,99999,36.06124167,-79.821338890,0,8,0,0,1,1,1,0,3,1,0,1,0,0000000,22,59,23,4,23,21,0,0,0,1,0
37,370577,1,1,0,2,2,2,2,83,0,14,7,2011,5,17,40,0,6,4,RP-1651,,99999,36.40788333,-77.603644440,0,8,0,0,1,1,1,0,1,1,0,1,0,0000000,17,29,17,39,18,1,0,0,0,1,0
37,370578,1,1,0,1,1,2,2,83,0,24,7,2011,1,15,56,1,1,1,I-95,,99999,99.99990000,999.999900000,0,18,0,0,1,1,1,0,1,1,0,1,0,0000000,15,45,16,12,17,38,19,0,0,1,0
37,370579,1,1,0,0,0,1,1,85,0,23,7,2011,7,15,53,0,6,4,RP-1229,,99999,35.36903611,-79.010411110,0,53,0,0,1,1,4,0,1,1,0,1,0,0000000,15,48,15,55,16,28,0,0,0,1,1
37,370580,5,5,0,0,0,7,7,89,0,16,7,2011,7,14,21,1,1,1,I-26,,99999,99.99990000,999.999900000,0,12,1,0,1,1,1,0,1,10,0,10,0,0000000,14,19,14,23,15,45,0,0,0,1,0
37,370581,1,1,0,0,0,3,3,89,2130,30,7,2011,7,2,11,1,11,1,I-26,,99999,99.99990000,999.999900000,0,1,0,0,1,1,3,0,2,1,0,1,0,0000000,2,11,2,16,2,49,0,0,0,1,1
37,370582,1,1,0,0,0,2,2,97,0,1,7,2011,6,19,59,1,1,1,I-77,,99999,99.99990000,999.999900000,0,24,0,0,1,1,3,0,1,1,0,1,0,0000000,19,58,20,8,99,99,0,0,0,1,0
37,370583,1,1,0,0,0,1,1,97,4430,14,7,2011,5,21,58,0,16,6,WINSTON AVE,,99999,35.77068056,-80.900058330,0,34,0,0,1,1,4,0,2,1,0,1,0,0000000,22,11,22,16,88,88,0,0,0,1,1
37,370584,3,3,0,0,0,5,5,101,0,2,7,2011,7,12,57,0,4,3,SR-42,CASTLEBERRY RD,99999,35.66831389,-78.392513890,0,12,6,0,3,3,1,0,1,1,0,1,0,0000000,99,99,99,99,99,99,0,0,0,1,0
37,370585,1,1,0,0,0,1,1,101,0,9,7,2011,7,19,40,0,4,3,SR-96,,99999,99.99990000,999.999900000,0,34,0,0,1,1,4,0,1,1,0,1,0,0000000,99,99,99,99,99,99,0,0,0,1,1
37,370586,2,2,0,0,0,4,4,105,0,9,7,2011,7,14,34,1,2,2,US-1,,99999,35.54598611,-79.166108330,0,12,2,0,1,1,1,0,1,1,0,1,0,0000000,14,39,14,47,16,0,0,0,0,2,0
37,370587,2,2,0,0,0,2,2,109,2660,19,7,2011,3,11,29,0,13,3,SR-150,WILMA SIGMON RD,99999,35.49170278,-81.246300000,0,12,6,0,3,1,1,0,1,1,0,1,0,0000000,11,29,11,34,12,27,0,0,0,1,0
37,370588,1,1,0,0,0,2,2,119,870,5,7,2011,3,23,28,0,16,6,SCALEY BARK RD,,99999,35.17928056,-80.862894440,0,30,0,0,1,1,4,0,3,2,0,2,0,0000000,99,99,99,99,99,99,0,0,0,1,1
37,370589,4,4,0,0,0,4,4,119,870,8,7,2011,6,15,53,1,11,1,I-77,,99999,35.18352222,-80.892041670,0,12,7,0,1,1,1,0,1,2,0,2,0,0000000,99,99,99,99,99,99,0,0,0,1,1
37,370590,1,1,0,1,1,1,1,119,870,14,7,2011,5,22,56,0,13,6,NORTH TRYON ST,,99999,35.28976667,-80.757752780,0,8,0,0,1,1,1,0,3,1,0,1,0,0000000,99,99,99,99,99,99,0,0,0,1,1
37,370591,2,2,0,0,0,2,2,119,870,15,7,2011,6,20,15,0,13,6,N TRYON ST,,99999,35.28976667,-80.757752780,0,12,6,0,4,1,1,0,3,2,0,2,0,0000000,20,14,20,24,20,41,0,0,0,1,0
37,370592,1,1,0,0,0,1,1,123,0,7,7,2011,5,5,4,0,6,4,RP-1150,,99999,99.99990000,999.999900000,0,42,0,0,1,1,4,0,2,1,0,1,0,0000000,4,58,5,13,88,88,0,0,0,1,0
37,370593,1,1,0,0,0,1,1,125,0,8,7,2011,6,18,4,0,6,4,RP-1270,,99999,35.34957500,-79.666155560,0,1,0,0,1,1,4,0,1,1,0,1,0,0000000,99,99,99,99,99,99,0,0,0,1,1
37,370594,1,1,0,0,0,1,1,125,0,22,7,2011,6,21,36,0,3,4,RP-1205,,99999,35.17696667,-79.433555560,0,59,0,0,1,1,3,0,3,1,0,1,0,0000000,21,30,21,38,88,88,0,0,0,1,1
37,370595,2,2,0,0,0,2,2,127,9997,3,7,2011,1,9,16,0,15,2,US-64,,99999,35.90299722,-77.847494440,0,12,2,0,4,1,1,0,1,1,0,1,0,0000000,9,13,9,16,9,49,0,0,0,1,0
37,370596,2,2,0,0,0,4,4,127,0,5,7,2011,3,1,54,1,2,2,US-64,,99999,35.93636389,-78.127647220,0,12,2,0,1,1,1,0,2,10,0,10,0,0000000,1,48,2,9,2,50,0,0,0,2,2
37,370597,1,1,0,0,0,2,2,127,0,9,7,2011,7,5,38,1,2,2,US-264,,99999,35.79630556,-78.166094440,0,42,0,0,1,1,4,0,2,2,0,2,0,0000000,5,35,5,50,6,54,0,0,0,2,1
37,370598,1,1,0,0,0,1,1,127,0,13,7,2011,4,22,20,0,6,4,RP-1560,,99999,35.96971389,-77.803550000,0,42,0,0,1,1,4,0,2,1,0,1,0,0000000,22,12,22,19,88,88,0,0,0,1,1
37,370599,1,1,0,0,0,2,2,127,0,24,7,2011,1,17,58,0,5,4,RP-1717,,99999,35.90358056,-77.957352780,0,1,0,0,1,1,4,0,1,10,0,10,0,0000000,17,55,18,1,99,99,0,0,0,1,1
37,370600,3,3,0,0,0,4,4,129,5060,22,7,2011,6,11,14,1,13,6,MARKET ST,,99999,34.31019167,-77.778397220,0,12,8,0,1,1,1,0,1,1,0,1,0,0000000,11,7,11,12,11,42,0,0,0,1,0
37,370601,1,1,0,0,0,1,1,133,0,23,7,2011,7,3,40,0,6,4,RP-1414,,99999,34.73596944,-77.312680560,0,34,0,0,1,1,4,0,2,1,0,1,0,0000000,99,99,99,99,99,99,0,0,0,1,0
37,370602,2,2,0,0,0,2,2,133,0,27,7,2011,4,11,23,1,2,2,US-17,RP-1327,99999,34.83036111,-77.345552780,0,12,6,0,2,2,1,0,1,1,0,1,0,0000000,11,22,11,30,99,99,0,0,0,1,0
37,370603,1,1,0,1,1,1,1,133,0,27,7,2011,4,18,5,0,5,4,RP-1213,,99999,34.75670556,-77.544250000,0,9,0,0,1,1,1,0,1,1,0,1,0,0000000,99,99,99,99,99,99,0,0,0,1,0
37,370604,2,2,0,0,0,2,2,133,0,28,7,2011,5,18,18,0,4,3,SR-172,,99999,34.54813611,-77.443227780,0,12,1,0,1,1,1,0,1,1,0,1,0,0000000,18,15,18,20,18,47,0,0,0,1,0
37,370605,2,2,0,0,0,4,4,133,0,31,7,2011,1,16,31,1,2,2,US-258,,99999,99.99990000,999.999900000,0,12,6,0,1,1,1,0,1,2,10,2,0,0000000,16,51,16,54,99,99,0,0,0,1,0
37,370606,2,2,0,0,0,2,2,133,2330,20,7,2011,4,11,40,0,14,6,BELL FORK RD,HARGETT ST,99999,34.76156944,-77.400141670,0,12,6,0,2,2,1,0,1,1,0,1,0,0000000,99,99,99,99,99,99,0,0,0,1,0
37,370607,1,1,0,1,1,1,1,135,780,9,7,2011,7,16,20,0,14,6,W MAIN ST,,99999,35.90997778,-79.074955560,0,9,0,0,1,1,1,0,1,1,0,1,0,0000000,16,19,16,22,16,36,0,0,0,1,0
37,370608,2,2,0,0,0,2,2,135,0,15,7,2011,6,8,3,0,3,3,SR-54,RP-2013,99999,35.90323333,-79.012297220,0,12,6,0,2,3,1,0,1,1,0,1,0,0000000,8,2,8,22,8,44,0,0,0,1,0
37,370609,1,1,0,0,0,1,1,141,0,7,7,2011,5,11,15,0,3,2,US-421,,99999,99.99990000,999.999900000,0,34,0,0,1,1,4,0,1,1,0,1,0,0000000,11,16,11,31,99,99,0,0,0,1,0
37,370610,1,1,0,0,0,2,2,141,0,17,7,2011,1,18,20,1,1,1,I-40,,99999,99.99990000,999.999900000,0,1,0,0,1,1,1,0,1,1,0,1,0,0000000,18,22,18,27,19,11,0,0,0,1,0
37,370611,2,2,0,0,0,3,3,141,0,24,7,2011,1,15,19,0,4,3,SR-53,,99999,99.99990000,999.999900000,0,12,1,0,1,1,1,0,1,10,0,10,0,0000000,15,11,15,19,88,88,0,0,0,1,1
37,370612,1,1,0,0,0,3,3,147,0,17,7,2011,1,0,37,0,4,3,SR-903,,99999,35.47653889,-77.558841670,0,32,0,0,1,1,4,0,2,1,0,1,0,0000000,99,99,99,99,99,99,0,0,0,1,1
37,370613,2,2,0,0,0,2,2,147,0,20,7,2011,4,10,19,1,2,2,US-264,,99999,35.62597778,-77.309502780,0,12,1,0,1,1,1,0,1,1,0,1,0,0000000,99,99,99,99,99,99,0,0,0,1,0
37,370614,1,1,0,0,0,2,2,149,4080,13,7,2011,4,13,3,0,16,6,GREENVILLE ST,,99999,35.22928611,-82.356950000,0,5,0,0,1,1,1,0,1,1,0,1,0,0000000,13,2,13,18,88,88,0,0,0,1,0
37,370615,1,1,0,0,0,1,1,151,0,9,7,2011,7,23,48,0,5,4,RP-1318,,99999,35.70770278,-79.929486110,0,35,0,0,1,1,4,0,2,1,0,1,0,0000000,23,46,23,55,88,88,0,0,0,1,1
37,370616,1,1,0,0,0,1,1,151,0,15,7,2011,6,21,13,0,4,4,RP-1004,,99999,99.99990000,999.999900000,0,35,0,0,1,1,4,0,2,1,0,1,0,0000000,21,6,21,16,21,38,0,0,0,1,1
37,370617,1,1,0,0,0,1,1,151,0,24,7,2011,1,18,8,0,4,4,RP-1518,,99999,35.76183611,-79.860047220,0,32,0,0,1,1,4,0,1,1,0,1,0,0000000,18,6,18,13,18,32,0,0,0,1,0
37,370618,2,2,0,0,0,3,3,151,0,28,7,2011,5,16,41,1,2,2,US-64,RP-2235,99999,99.99990000,999.999900000,0,12,6,0,2,2,1,0,1,1,0,1,0,0000000,16,40,16,54,17,55,0,0,0,1,0
37,370619,1,1,0,1,1,1,1,155,0,1,7,2011,6,0,37,0,6,4,RP-1749,,99999,34.84638889,-79.071736110,0,8,0,0,1,1,1,0,2,1,0,1,0,0000000,0,31,0,59,2,15,0,0,0,1,0
37,370620,1,1,0,0,0,2,2,155,0,24,7,2011,1,4,21,0,4,3,SR-130,,99999,34.50132222,-79.255844440,0,42,0,0,1,1,4,0,2,1,0,1,0,0000000,4,20,4,26,6,7,0,0,0,2,0
37,370621,1,1,0,0,0,3,3,155,0,24,7,2011,1,15,56,0,6,4,RP-1770,,99999,34.74894722,-79.100447220,0,1,0,0,1,1,4,0,1,1,0,1,0,0000000,15,55,16,5,16,34,0,0,0,1,1
37,370622,1,1,0,0,0,2,2,155,0,31,7,2011,1,5,44,0,4,3,SR-711,,99999,34.65209722,-79.152588890,0,34,0,0,1,1,4,0,2,1,0,1,0,0000000,6,49,6,57,7,49,0,0,0,1,1
37,370623,1,1,0,0,0,1,1,155,0,31,7,2011,1,17,20,0,6,4,RP-2469,,99999,34.50026111,-79.175463890,0,34,0,0,1,1,4,0,1,2,0,2,0,0000000,17,20,17,34,18,4,0,0,0,1,0
37,370624,1,1,0,1,1,1,1,155,3790,8,7,2011,6,21,15,0,4,3,SR-71,,99999,34.84772778,-79.139972220,0,8,0,0,1,1,1,0,2,10,0,10,0,0000000,99,99,99,99,99,99,0,0,0,1,0
37,370625,2,2,0,0,0,2,2,157,0,14,7,2011,5,15,31,0,3,3,SR-87,,99999,36.28851111,-79.609294440,0,12,6,0,1,1,1,0,1,1,0,1,0,0000000,15,27,15,42,16,13,0,0,0,1,0
37,370626,3,2,1,0,0,2,2,161,0,6,7,2011,4,7,40,1,2,2,US-221,,99999,35.20544444,-81.780488890,0,12,8,0,1,1,1,0,1,10,0,10,0,0000000,99,99,99,99,99,99,14,0,0,1,0
37,370627,2,2,0,0,0,2,2,163,0,7,7,2011,5,13,11,0,4,3,SR-242,,99999,34.93365278,-78.516666670,0,12,2,0,1,1,1,0,1,1,0,1,0,0000000,13,5,13,11,99,99,0,0,0,1,1
37,370628,2,2,0,0,0,3,3,163,0,22,7,2011,6,4,33,1,2,2,US-701,,99999,35.10800833,-78.318830560,0,12,2,0,1,1,1,0,2,1,0,1,0,0000000,4,29,4,35,99,99,0,0,0,1,0
37,370629,1,1,0,2,2,1,1,167,0,5,7,2011,3,13,23,0,5,4,RP-1720,,99999,35.32128889,-80.146400000,0,8,0,0,1,1,1,0,1,1,0,1,0,0000000,13,18,13,27,13,47,0,0,0,1,0
37,370630,2,2,0,0,0,3,3,179,0,4,7,2011,2,19,58,0,4,3,SR-205,RP-1006,99999,35.06070278,-80.387241670,0,12,6,0,2,2,1,0,5,2,0,2,0,0000000,20,0,20,8,21,22,0,0,0,1,0
37,370631,5,5,0,0,0,8,8,179,3100,31,7,2011,1,13,9,1,13,2,US-74,JOHN MOORE ROAD,99999,35.02658889,-80.586605560,0,54,11,0,3,2,1,0,1,10,0,10,0,0000000,13,14,13,25,14,25,14,0,0,1,0
37,370632,1,1,0,0,0,1,1,183,110,7,7,2011,5,20,25,0,16,6,OLIVE CHAPEL ROAD,,99999,35.73655000,-78.891213890,0,18,0,0,1,1,4,1,2,1,0,1,0,0000000,99,99,99,99,99,99,0,0,0,1,1
37,370633,1,1,0,0,0,1,1,183,2230,18,7,2011,2,99,99,0,15,6,RALPH STEPHENS ROAD,,99999,35.63532500,-78.837119440,0,1,0,0,1,1,1,0,1,1,0,1,0,0000000,10,12,10,15,10,50,0,0,0,1,0
37,370634,1,1,0,0,0,1,1,183,3750,26,7,2011,3,11,45,0,16,6,CROSS STREET,STAR STREET,99999,35.77857500,-78.614547220,0,19,0,0,3,3,4,0,1,1,0,1,0,0000000,11,45,11,53,12,5,0,0,0,1,0
37,370635,2,2,0,0,0,4,4,191,0,28,7,2011,5,5,26,0,6,4,RP-1745,RP-1952,99999,35.20415556,-77.925961110,0,12,2,0,3,3,1,0,2,10,0,10,0,0000000,5,47,6,1,99,99,0,0,0,1,0
37,370636,1,1,0,0,0,5,5,191,0,31,7,2011,1,17,3,0,6,4,RP-1932,,99999,35.26308056,-78.017886110,0,42,0,0,1,1,4,0,1,2,0,2,0,0000000,17,6,17,15,18,1,0,0,0,1,0
37,370637,1,1,0,0,0,2,2,195,0,13,7,2011,4,3,57,1,2,2,US-264,,99999,35.70142778,-77.867144440,0,32,0,0,1,1,4,0,2,1,0,1,0,0000000,3,49,4,1,99,99,0,0,0,1,1
37,370638,1,1,0,0,0,1,1,195,0,15,7,2011,6,21,58,0,6,4,RP-1129,,99999,35.71813889,-78.098544440,0,11,0,0,1,1,1,0,2,1,0,1,0,0000000,21,57,22,7,22,52,0,0,0,1,1
37,370639,2,2,0,0,0,2,2,51,9997,24,5,2011,3,7,48,1,2,2,US-13,I-95,99999,35.12419167,-78.758388890,0,12,6,1,2,2,1,0,1,1,0,1,0,0000000,7,34,7,46,99,99,0,0,0,1,0
37,370640,1,1,0,0,0,3,3,71,0,26,5,2011,5,11,18,0,5,4,RP-1823,,99999,35.36466111,-81.125363890,0,1,0,0,1,1,4,0,1,1,0,1,0,0000000,11,11,11,24,11,44,0,0,0,1,0
37,370641,1,1,0,1,1,1,1,119,870,1,5,2011,1,16,15,0,13,6,FREEDOM DRIVE,,99999,35.23930556,-80.885183330,0,15,0,0,1,1,1,0,1,1,0,1,0,0000000,16,20,16,27,16,53,0,0,0,1,0
37,370642,2,2,0,0,0,3,3,35,3300,22,6,2011,4,4,45,0,14,3,SR-10,,99999,35.64554444,-81.267972220,0,12,8,0,1,1,1,0,3,2,0,2,0,0000000,4,46,4,50,5,30,0,0,0,1,0
37,370643,1,1,0,0,0,2,2,51,1670,5,6,2011,1,1,38,0,16,6,LAKEWOOD DRIVE,,99999,34.99654444,-78.998672220,0,1,0,0,1,1,4,0,3,1,0,1,0,0000000,1,23,1,36,99,99,0,0,0,1,0
37,370644,1,1,0,0,0,2,2,61,0,26,6,2011,1,4,36,1,2,2,US-117,,99999,34.76795000,-78.002327780,0,34,0,0,1,1,4,0,2,1,0,1,0,0000000,4,26,4,33,5,36,0,0,0,1,1
37,370645,1,1,0,0,0,1,1,93,0,18,6,2011,7,18,52,0,4,4,RP-1105,,99999,34.85938333,-79.272194440,0,1,0,0,1,1,1,0,1,10,0,10,0,0000000,18,50,19,7,19,16,0,0,0,1,1
37,370646,1,1,0,1,1,1,1,119,870,7,6,2011,3,23,51,1,11,1,I-85,,99999,35.27039444,-80.859375000,0,8,0,0,1,1,1,0,2,1,0,1,0,0000000,23,47,23,48,99,99,0,0,0,1,0
37,370647,3,3,0,0,0,3,3,141,0,10,6,2011,6,15,6,0,4,3,SR-53,,99999,34.68096944,-77.686258330,0,12,8,0,1,1,1,0,1,1,0,1,0,0000000,15,2,15,17,99,99,0,0,0,1,0
37,370648,3,3,0,0,0,4,4,21,170,1,7,2011,6,11,1,0,14,6,SARDIS ROAD,LINDA VISTA ROAD,99999,35.53662778,-82.626422220,0,12,1,0,3,3,1,0,1,1,0,1,0,0000000,11,3,11,13,11,37,0,0,0,1,0
37,370649,1,1,0,0,0,2,2,39,0,29,7,2011,6,16,54,0,4,3,SR-60,,99999,35.01836389,-84.120727780,0,5,0,0,1,1,1,0,1,1,0,1,0,0000000,16,48,16,57,18,1,0,0,0,1,0
37,370650,2,2,0,0,0,3,3,51,1670,24,7,2011,1,3,32,0,13,6,RAEFORD ROAD,,99999,35.03656111,-79.012713890,0,12,6,0,1,1,1,0,3,1,0,1,0,0000000,3,40,3,45,4,7,0,0,0,1,1
37,370651,2,2,0,0,0,2,2,71,430,13,7,2011,4,14,24,0,14,6,EDGEWOOD ROAD,,99999,35.27403056,-81.267075000,0,12,2,0,1,1,1,0,1,1,0,1,0,0000000,14,24,14,30,15,7,0,0,0,1,0
37,370652,1,1,0,1,1,1,1,139,0,17,7,2011,1,2,58,1,2,2,US-17,,99999,36.34029444,-76.312752780,0,8,0,0,1,1,1,0,2,1,0,1,0,0000000,99,99,99,99,99,99,0,0,0,1,0
37,370653,1,1,0,0,0,1,1,165,0,2,7,2011,7,16,50,1,2,2,US-74,,99999,34.77330833,-79.495783330,0,59,0,0,1,1,3,0,1,1,0,1,0,0000000,99,99,99,99,99,99,0,0,0,1,1
37,370654,2,2,0,0,0,4,4,1,700,8,8,2011,2,23,32,1,11,1,I-40,,99999,36.06800556,-79.492522220,0,12,7,0,1,1,1,0,3,1,0,1,0,0000000,23,33,23,44,23,51,0,0,0,1,0
37,370655,2,2,0,0,0,4,4,1,0,17,8,2011,4,11,53,0,4,3,SR-62,,99999,36.00137500,-79.532519440,0,12,2,0,1,1,1,0,1,1,0,1,0,0000000,11,49,11,58,12,53,0,0,0,1,0
37,370656,2,2,0,0,0,2,2,1,0,22,8,2011,2,15,40,0,3,3,SR-54,,99999,36.00137500,-79.299830560,0,12,2,0,1,1,1,0,1,1,0,1,0,0000000,15,41,15,55,16,43,0,0,0,1,0
37,370657,1,1,0,0,0,2,2,9,0,30,8,2011,3,12,5,0,4,3,SR-163,,99999,36.37506389,-81.458558330,0,1,0,0,1,1,4,0,1,1,0,1,0,0000000,12,11,12,19,12,38,0,0,0,2,0
37,370658,1,1,0,0,0,1,1,15,0,29,8,2011,2,22,50,0,6,4,RP-1201,,99999,36.14428611,-77.185477780,0,1,0,0,1,1,4,0,2,10,0,10,0,0000000,22,50,23,7,88,88,0,0,0,1,1
37,370659,1,1,0,0,0,1,1,19,0,20,8,2011,7,17,47,0,6,4,RP-1124,,99999,33.94307500,-78.297136110,0,34,0,0,1,1,5,0,1,1,0,1,0,0000000,18,28,18,42,19,3,0,0,0,1,1
37,370660,1,1,0,0,0,1,1,19,0,7,8,2011,1,15,37,0,4,3,SR-133,,99999,99.99990000,999.999900000,0,59,0,0,1,1,4,0,1,1,0,1,0,0000000,15,30,15,39,16,29,0,0,0,1,0
37,370661,1,1,0,1,1,2,2,21,170,19,8,2011,6,20,59,0,14,6,S TUNNEL ROAD,,99999,35.57794722,-82.520327780,0,8,0,0,1,1,1,0,3,1,0,1,0,0000000,21,3,21,11,21,22,0,0,0,1,0
37,370662,2,2,0,0,0,2,2,21,170,27,8,2011,7,6,24,1,13,2,US-19-23,SR-63,99999,35.58687222,-82.597372220,0,12,6,0,2,2,1,0,3,1,0,1,0,0000000,6,25,6,29,88,88,0,0,0,1,0
37,370663,2,2,0,0,0,3,3,21,0,27,8,2011,7,11,45,0,6,4,RP-3075,,99999,35.55134444,-82.503891670,0,1,0,0,8,1,1,0,1,1,0,1,0,0000000,11,52,11,55,12,11,0,0,0,1,0
37,370664,1,1,0,0,0,1,1,23,0,18,8,2011,5,4,23,0,5,3,SR-1440,,99999,35.78526944,-81.715108330,0,1,0,0,1,1,4,0,2,1,0,1,0,0000000,4,20,4,38,5,17,0,0,0,1,1
37,370665,1,1,0,0,0,1,1,23,0,25,8,2011,5,6,56,0,6,4,RP-1607,,99999,35.75001389,-81.505486110,0,32,0,0,1,1,4,0,4,1,0,1,0,0000000,6,49,6,59,88,88,0,0,0,1,0
37,370666,2,2,0,0,0,2,2,25,0,4,8,2011,5,10,20,0,5,4,RP-1449,,99999,35.40500278,-80.756677780,0,12,2,0,1,1,1,0,1,1,0,1,0,0000000,10,14,10,33,11,2,0,0,0,1,0
37,370667,1,1,0,0,0,1,1,27,0,4,8,2011,5,18,47,0,6,4,RP-1332,,99999,35.86843056,-81.673972220,0,42,0,0,1,1,4,0,1,1,0,1,0,0000000,18,47,18,56,20,8,0,0,0,1,0
37,370668,1,1,0,0,0,6,6,27,0,24,8,2011,4,22,26,0,5,4,RP-1718,,99999,35.83731667,-81.437166670,0,42,0,0,1,1,4,0,2,1,0,1,0,0000000,22,25,22,30,23,11,0,0,0,1,1