STATE,ST_CASE,VE_TOTAL,VE_FORMS,PVH_INVL,PEDS,PERNOTMVIT,PERMVIT,PERSONS,COUNTY,CITY,DAY,MONTH,YEAR,DAY_WEEK,HOUR,MINUTE,NHS,ROAD_FNC,ROUTE,TWAY_ID,TWAY_ID2,MILEPT,LATITUDE,LONGITUD,SP_JUR,HARM_EV,MAN_COLL,RELJCT1,RELJCT2,TYP_INT,REL_ROAD,WRK_ZONE,LGT_COND,WEATHER1,WEATHER2,WEATHER,SCH_BUS,RAIL,NOT_HOUR,NOT_MIN,ARR_HOUR,ARR_MIN,HOSP_HR,HOSP_MN,CF1,CF2,CF3,FATALS,DRUNK_DR
37,370669,3,3,0,0,0,3,3,35,2150,23,8,2011,3,18,41,1,13,2,US-70,FAIRGROVE CHURCH RD,99999,35.69712500,-81.262038890,0,12,6,0,2,2,1,0,1,1,0,1,0,0000000,18,44,18,50,18,59,14,0,0,1,0
37,370670,2,2,0,0,0,2,2,35,3300,26,8,2011,6,12,15,0,13,3,SR-16,RP-1746,99999,35.68093333,-81.194413890,0,12,6,0,2,2,1,0,1,1,0,1,0,0000000,12,17,12,21,12,42,0,0,0,1,1
37,370671,1,1,0,0,0,1,1,41,0,6,8,2011,7,1,28,0,6,4,RP-1102,,99999,36.05506667,-76.553077780,0,42,0,0,1,1,4,0,2,1,0,1,0,0000000,1,17,1,23,3,21,0,0,0,1,0
37,370672,2,2,0,0,0,2,2,49,0,3,8,2011,4,6,13,0,4,4,RP-1745,,99999,34.85772778,-76.949100000,0,12,2,0,1,1,1,0,4,5,0,5,0,0000000,99,99,99,99,99,99,0,0,0,1,0
37,370673,1,1,0,1,1,1,1,51,0,8,8,2011,2,2,40,0,6,4,RP-1121,,99999,34.93527222,-78.963138890,0,8,0,0,1,1,1,0,2,1,0,1,0,0000000,2,36,2,44,88,88,0,0,0,1,0
37,370674,1,1,0,0,0,7,7,51,1670,6,8,2011,7,2,10,0,15,6,ROSEHILL ROAD,,99999,35.09985278,-78.894516670,0,1,0,0,1,1,1,0,2,1,0,1,0,0000000,2,12,2,21,2,42,0,0,0,2,1
37,370675,1,1,0,1,1,1,1,55,3235,21,8,2011,1,23,13,1,13,2,US-158,,99999,35.92364444,-75.607288890,0,9,0,0,1,1,1,0,2,1,0,1,0,0000000,23,13,23,17,1,5,0,0,0,1,1
37,370676,2,2,0,0,0,2,2,57,0,25,8,2011,5,14,20,1,12,2,US-52,,99999,35.97224167,-80.230063890,0,12,7,0,1,1,1,0,1,1,0,1,0,0000000,14,20,14,26,88,88,0,0,0,1,0
37,370677,1,1,0,0,0,5,5,57,0,25,8,2011,5,20,48,0,5,4,RP-2183,,99999,35.84971667,-80.089344440,0,5,0,0,1,1,1,0,2,1,0,1,0,0000000,20,10,20,19,20,45,0,0,0,1,0
37,370678,2,2,0,0,0,3,3,59,0,23,8,2011,3,13,1,1,1,1,I-40,,99999,35.91008056,-80.616366670,0,12,1,0,1,1,1,2,1,1,0,1,0,0000000,13,5,13,12,99,99,0,0,0,2,0
37,370679,2,1,1,0,0,1,1,69,0,14,8,2011,1,2,28,0,6,4,RP-1407,,99999,36.22665278,-78.210811110,0,32,0,0,1,1,4,0,2,1,0,1,0,0000000,99,99,99,99,99,99,0,0,0,1,1
37,370680,2,2,0,0,0,2,2,69,0,12,8,2011,6,5,0,0,5,2,US-401,,99999,35.97404722,-78.394919440,0,12,2,0,1,1,1,0,2,1,0,1,0,0000000,4,55,5,13,99,99,0,0,0,1,1
37,370681,1,1,0,0,0,2,2,69,0,27,8,2011,7,18,27,0,5,3,SR-1211,,99999,99.99990000,999.999900000,0,42,0,0,1,1,4,0,1,2,0,2,0,0000000,18,22,18,30,99,99,0,0,0,2,1
37,370682,1,1,0,0,0,1,1,71,0,30,8,2011,3,7,4,1,1,1,I-85,,99999,99.99990000,999.999900000,0,18,0,0,1,1,1,0,1,1,0,1,0,0000000,7,1,7,5,99,99,0,0,0,1,0
37,370683,1,1,0,1,1,1,1,71,1800,28,8,2011,1,6,51,0,13,6,W FRANKLIN BLVD,,99999,35.26244167,-81.187077780,0,8,0,0,1,1,3,0,3,1,0,1,0,0000000,6,55,7,0,7,22,0,0,0,1,0
37,370684,1,1,0,0,0,1,1,79,0,1,8,2011,2,22,5,0,4,3,SR-903,,99999,35.46123056,-77.669305560,0,53,0,0,1,1,4,0,2,1,0,1,0,0000000,22,3,22,8,88,88,0,0,0,1,0
37,370685,2,2,0,0,0,2,2,79,0,16,8,2011,3,10,6,0,4,3,SR-58,,99999,99.99990000,999.999900000,0,12,6,0,4,1,1,0,1,1,0,1,0,0000000,9,58,10,3,99,99,0,0,0,1,0
37,370686,1,1,0,0,0,1,1,81,0,4,8,2011,5,22,6,0,6,3,SR-2719,,99999,36.20556944,-79.587277780,0,23,0,0,1,1,4,0,2,1,0,1,0,0000000,22,5,22,13,88,88,0,0,0,1,1
37,370687,2,2,0,0,0,4,4,81,2170,11,8,2011,5,12,30,0,13,6,GREENSBORO RD,,99999,35.98071389,-79.979352780,0,12,2,0,1,1,1,0,1,1,0,1,0,0000000,12,32,12,36,12,54,0,0,0,1,0
37,370688,1,1,0,0,0,2,2,81,2170,3,8,2011,4,20,0,1,12,1,I-85,,99999,99.99990000,999.999900000,0,50,0,0,1,1,4,0,5,10,0,10,0,0000000,20,2,20,9,99,99,0,0,0,1,0
37,370689,1,1,0,1,1,1,1,87,0,1,8,2011,2,17,29,0,3,2,US-276,,99999,35.49338056,-82.986516670,0,8,0,0,1,1,1,0,1,1,0,1,0,0000000,17,28,17,35,88,88,0,0,0,1,0
37,370690,2,2,0,0,0,3,3,89,2130,3,8,2011,4,18,14,0,13,6,HAYWOOD RD,,99999,35.32703056,-82.467327780,0,12,6,0,1,1,1,0,1,1,0,1,0,0000000,18,23,18,30,18,59,0,0,0,1,0
37,370691,2,2,0,0,0,2,2,97,0,4,8,2011,5,16,44,0,3,2,US-70,OLD US-70,99999,99.99990000,999.999900000,0,12,1,0,2,3,1,0,1,1,0,1,0,0000000,16,44,16,53,17,10,0,0,0,1,0
37,370692,1,1,0,0,0,1,1,97,0,22,8,2011,2,10,57,1,1,1,I-40,,99999,99.99990000,999.999900000,0,35,0,0,1,1,4,0,1,1,0,1,0,0000000,11,3,11,4,11,18,0,0,0,1,0
37,370693,2,2,0,0,0,2,2,101,0,15,8,2011,2,20,9,0,6,4,RP-1122,,99999,35.28164167,-78.425475000,0,12,2,0,1,1,1,0,2,1,0,1,0,0000000,20,8,20,15,88,88,0,0,0,1,1
37,370694,2,2,0,0,0,3,3,101,0,19,8,2011,6,21,32,0,5,4,RU-1514,,99999,35.49072500,-78.482552780,0,12,2,0,1,1,1,0,2,10,0,10,0,0000000,99,99,99,99,99,99,0,0,0,3,1
37,370695,1,1,0,0,0,1,1,105,0,12,8,2011,6,15,39,0,6,4,RP-1400,,99999,35.56637500,-79.241208330,0,42,0,0,1,1,4,0,1,10,2,2,0,0000000,15,31,15,45,16,24,0,0,0,1,0
37,370696,1,1,0,1,1,1,1,109,2660,10,8,2011,4,16,37,0,14,6,N ASPEN ST,,99999,35.49065556,-81.250933330,0,8,0,0,1,1,3,0,1,1,0,1,0,0000000,16,38,16,41,99,99,0,0,0,1,0
37,370697,1,1,0,0,0,1,1,109,0,23,8,2011,3,2,25,0,5,4,RP-1003,,99999,99.99990000,999.999900000,0,30,0,0,1,1,4,0,2,1,0,1,0,0000000,2,25,2,31,3,20,0,0,0,1,1
37,370698,1,1,0,0,0,1,1,113,0,16,8,2011,3,11,49,0,4,3,SR-106,,99999,35.02823889,-83.276966670,0,24,0,0,1,1,4,0,1,1,0,1,0,0000000,11,45,12,0,88,88,0,0,0,1,0
37,370699,2,2,0,0,0,2,2,113,0,16,8,2011,3,9,45,0,5,4,RP-1128,,99999,35.10523333,-83.400822220,0,12,2,0,1,1,1,0,1,1,0,1,0,0000000,9,48,9,57,10,27,0,0,0,1,0
37,370700,1,1,0,1,1,0,0,117,0,2,8,2011,3,1,45,0,6,4,RP-1563,,99999,35.82658333,-76.836661110,0,7,0,0,1,1,1,0,2,10,0,10,0,0000000,99,99,99,99,99,99,17,0,0,1,0
37,370701,1,1,0,1,1,2,2,117,2000,29,8,2011,2,22,7,0,15,3,SR-125,,99999,35.94139444,-77.221097220,0,8,0,0,1,1,1,0,2,1,0,1,0,0000000,99,99,99,99,99,99,0,0,0,1,0
37,370702,3,3,0,0,0,7,7,111,0,5,8,2011,6,19,19,1,2,2,US-221,,99999,35.64801944,-81.981955560,0,12,8,0,1,1,1,0,1,10,0,10,0,0000000,19,19,19,27,99,99,0,0,0,1,0
37,370703,1,1,0,0,0,1,1,111,0,19,8,2011,6,13,52,0,6,4,RP-1400,,99999,99.99990000,999.999900000,0,1,0,0,1,1,1,0,1,1,0,1,0,0000000,99,99,99,99,99,99,0,0,0,1,1
37,370704,1,1,0,0,0,1,1,111,0,30,8,2011,3,14,21,0,6,3,SR-1553,,99999,99.99990000,999.999900000,0,42,0,0,1,1,4,0,1,1,0,1,0,0000000,14,21,14,29,15,19,0,0,0,1,0
37,370705,2,2,0,0,0,3,3,119,870,1,8,2011,2,15,10,0,15,6,HARRISBURG RD,CAMBRIDGE COMMONS DR,99999,35.25052500,-80.655955560,0,12,6,0,2,3,1,0,1,1,0,1,0,0000000,15,13,15,24,16,13,0,0,0,1,0
37,370706,1,1,0,1,1,1,1,119,870,4,8,2011,5,5,0,0,13,6,FREEDOM DRIVE,,99999,35.27121944,-80.933866670,0,8,0,0,1,1,1,0,2,1,0,1,0,0000000,99,99,99,99,88,88,0,0,0,1,0
37,370707,1,1,0,0,0,1,1,119,870,5,8,2011,6,9,37,0,13,6,SANDY PORTER RD,,99999,35.16669722,-80.954280560,0,35,0,0,1,1,4,0,2,1,0,1,0,0000000,9,38,9,44,88,88,0,0,0,1,1
37,370708,2,2,0,0,0,2,2,119,870,6,8,2011,7,6,8,0,13,6,E INDEPENDENCE BLVD,LANIER AVE,99999,35.19598333,-80.767330560,0,12,1,0,2,2,1,0,1,1,0,1,0,0000000,6,8,6,14,6,38,0,0,0,1,1
37,370709,1,1,0,0,0,2,2,119,870,16,8,2011,3,23,31,0,13,6,PROVIDENCE RD,,99999,35.17123889,-80.807916670,0,59,0,0,1,1,3,0,3,1,0,1,0,0000000,23,31,23,43,99,99,0,0,0,1,1
37,370710,1,1,0,1,1,1,1,119,870,22,8,2011,2,17,4,1,12,6,E INDEPENDENCE,,99999,35.15158889,-80.728108330,0,8,0,0,1,1,1,0,1,1,0,1,0,0000000,17,4,17,17,88,88,0,0,0,1,0
37,370711,2,2,0,0,0,3,3,119,870,30,8,2011,3,20,52,0,13,6,BROOKSHIRE BLVD,LAWTON RD,99999,35.27334167,-80.885280560,0,12,6,0,2,2,1,0,9,1,0,1,0,0000000,20,52,20,56,21,20,0,0,0,1,0
37,370712,1,1,0,0,0,3,3,125,0,1,8,2011,2,20,7,0,3,3,SR-24,,99999,35.36206389,-79.735108330,0,1,0,0,1,1,4,0,5,1,0,1,0,0000000,99,99,99,99,99,99,0,0,0,1,0
37,370713,1,1,0,0,0,1,1,127,0,26,8,2011,6,21,34,1,1,1,I-95,,99999,36.09280556,-77.806983330,0,24,0,0,1,1,4,0,1,5,0,5,0,0000000,99,99,99,99,99,99,0,0,0,1,0
37,370714,1,1,0,0,0,5,5,127,0,25,8,2011,5,23,21,1,2,2,US-64,,99999,99.99990000,999.999900000,0,1,0,0,1,1,4,0,2,1,0,1,0,0000000,23,30,99,99,99,99,0,0,0,1,0
37,370715,1,1,0,1,1,4,4,129,5060,6,8,2011,7,20,35,0,13,6,MARKET ST,,99999,34.25979167,-77.833380560,0,8,0,0,1,1,1,0,3,10,0,10,0,0000000,20,35,20,41,20,53,0,0,0,1,0
37,370716,1,1,0,1,1,1,1,133,0,5,8,2011,6,5,50,0,4,3,SR-210,,99999,99.99990000,999.999900000,0,8,0,0,1,1,1,0,2,10,0,10,0,0000000,5,52,5,58,88,88,0,0,0,1,0
37,370717,2,2,0,0,0,2,2,133,0,24,8,2011,4,15,45,1,2,3,SR-24,SR-1587,99999,34.71639167,-77.208002780,0,12,6,0,2,2,1,0,1,1,0,1,0,0000000,15,56,16,7,17,21,0,0,0,1,0
37,370718,2,2,0,0,0,2,2,135,0,12,8,2011,6,3,15,1,1,1,I-40,,99999,99.99990000,999.999900000,0,12,1,0,1,1,1,0,2,1,0,1,0,0000000,99,99,99,99,99,99,0,0,0,1,1
37,370719,1,1,0,0,0,1,1,135,0,25,8,2011,5,2,32,0,6,4,RP-1144,RP-1303,99999,36.07801111,-79.244197220,0,1,0,0,2,3,1,0,2,1,0,1,0,0000000,2,33,2,41,88,88,0,0,0,1,1
37,370720,2,2,0,0,0,3,3,137,0,14,8,2011,1,21,19,0,4,3,SR-55,RP-1133,99999,35.13313889,-76.910111110,0,12,6,0,2,3,1,0,2,2,10,2,0,0000000,21,12,21,19,88,88,0,0,0,1,0
37,370721,1,1,0,0,0,1,1,143,0,19,8,2011,6,5,20,0,6,4,RP-1321,,99999,36.13372222,-76.293811110,0,1,0,0,1,1,4,0,2,1,0,1,0,0000000,6,16,6,33,88,88,0,0,0,1,1
37,370722,1,1,0,1,1,2,2,145,0,19,8,2011,6,20,50,0,3,3,SR-49,,99999,36.38314167,-79.008269440,0,8,0,0,1,1,1,0,2,1,0,1,0,0000000,20,47,20,52,21,37,0,0,0,1,0
37,370723,2,2,0,0,0,2,2,145,0,15,8,2011,2,12,28,0,6,4,RP-1574,,99999,99.99990000,999.999900000,0,12,1,0,1,1,1,0,1,1,0,1,0,0000000,99,99,99,99,12,46,0,0,0,1,0
37,370724,1,1,0,0,0,1,1,147,0,27,8,2011,7,7,48,0,5,3,SR-1725,,99999,99.99990000,999.999900000,0,42,0,0,1,1,4,0,1,2,0,2,0,0000000,99,99,99,99,99,99,0,0,0,1,1
37,370725,1,1,0,0,0,1,1,151,130,12,8,2011,6,1,8,0,15,6,SURRETT DR,,99999,99.99990000,999.999900000,0,42,0,0,1,1,4,0,2,1,0,1,0,0000000,1,7,1,14,88,88,0,0,0,1,1
37,370726,2,2,0,0,0,3,3,153,1510,6,8,2011,7,10,23,0,15,2,US-220,SR-73,99999,35.04366111,-79.768319440,0,12,6,0,2,2,1,0,1,1,0,1,0,0000000,10,30,10,34,11,10,0,0,0,1,0
37,370727,2,2,0,0,0,3,3,155,0,20,8,2011,7,18,20,0,5,4,RP-1003,,99999,34.65524444,-79.171280560,0,12,2,0,1,1,1,0,1,1,0,1,0,0000000,18,21,18,27,19,5,0,0,0,1,0
37,370728,2,2,0,0,0,6,6,155,0,20,8,2011,7,3,7,1,1,1,I-95,,99999,34.58094722,-79.142983330,0,12,2,0,1,1,1,0,2,1,0,1,0,0000000,3,8,3,12,3,54,0,0,0,2,1
37,370729,1,1,0,1,1,1,1,155,0,26,8,2011,6,21,5,0,4,3,SR-1312,,99999,34.71835833,-79.286083330,0,9,0,0,1,1,1,0,2,10,0,10,0,0000000,21,6,21,10,88,88,0,0,0,1,0
37,370730,1,1,0,0,0,1,1,155,0,27,8,2011,7,19,49,0,6,3,SR-1158,,99999,34.65649167,-79.211197220,0,34,0,0,1,1,4,0,2,2,0,2,0,0000000,19,50,20,2,88,88,0,0,0,1,1
37,370731,1,1,0,0,0,1,1,157,0,6,8,2011,7,1,49,0,5,4,RP-1925,,99999,36.45535833,-79.601463890,0,59,0,0,1,1,4,0,2,1,0,1,0,0000000,1,46,1,58,2,21,0,0,0,1,1
37,370732,1,1,0,0,0,1,1,159,0,5,8,2011,6,7,1,0,4,4,RP-1505,,99999,35.58952222,-80.547669440,0,34,0,0,1,1,4,0,1,10,0,10,0,0000000,99,99,99,99,99,99,0,0,0,1,0
37,370734,1,1,0,0,0,1,1,163,0,5,8,2011,6,6,54,0,6,4,RP-1706,,99999,35.22116667,-78.331122220,0,23,0,0,1,1,4,0,4,1,0,1,0,0000000,6,54,7,1,88,88,0,0,0,1,1
37,370735,1,1,0,0,0,1,1,163,0,6,8,2011,7,12,40,0,6,6,FLEET COOPER RD,,99999,34.95738333,-78.430308330,0,19,0,0,1,1,5,0,1,1,0,1,0,0000000,12,37,12,47,13,48,0,0,0,1,1
37,370736,1,1,0,0,0,1,1,163,0,22,8,2011,2,22,22,0,6,3,SR-1121,SR-1007,99999,34.65566667,-78.283325000,0,42,0,0,2,3,4,0,2,1,0,1,0,0000000,22,19,22,30,88,88,0,0,0,1,1
37,370737,1,1,0,0,0,3,3,163,0,27,8,2011,7,16,38,0,5,3,SR-1932,,99999,34.93357778,-78.230886110,0,16,0,0,1,1,1,0,1,2,6,2,0,0000000,16,27,16,35,99,99,0,0,0,1,0
37,370738,1,1,0,1,1,1,1,163,0,26,8,2011,6,3,1,0,3,2,US-701,,99999,99.99990000,999.999900000,0,8,0,0,1,1,1,0,2,1,0,1,0,0000000,2,56,3,1,88,88,0,0,0,1,0
37,370739,2,2,0,0,0,3,3,165,0,25,8,2011,5,18,35,0,6,3,SR-1323,,99999,34.76163889,-79.430375000,0,12,8,0,1,1,1,0,1,1,0,1,0,0000000,18,48,18,56,19,0,0,0,0,1,1
37,370740,2,2,0,0,0,2,2,167,60,19,8,2011,6,8,0,0,14,6,NORTHEAST CONNECTOR,RIDGE ST,99999,35.37728333,-80.170213890,0,12,6,0,2,2,1,0,1,1,0,1,0,0000000,8,12,8,18,8,34,0,0,0,1,0
37,370741,1,1,0,0,0,4,4,183,3750,12,8,2011,6,9,27,0,14,6,CHAPANOKE RD,,99999,35.73594167,-78.645272220,0,43,0,0,1,1,4,0,1,1,0,1,0,0000000,99,99,99,99,99,99,0,0,0,1,0
37,370742,1,1,0,1,1,1,1,183,3750,18,8,2011,5,12,5,0,15,6,ROCK QUARRY RD,,99999,35.74758889,-78.603936110,0,30,0,0,1,1,5,0,1,1,0,1,0,0000000,99,99,99,99,99,99,0,0,0,1,0
37,370743,1,1,0,0,0,1,1,183,0,22,8,2011,2,21,44,0,3,4,RP-1152,,99999,35.73471667,-78.745050000,0,53,0,0,1,1,4,0,2,1,0,1,0,0000000,99,99,99,99,99,99,0,0,0,1,1
37,370744,2,2,0,0,0,4,4,183,800,30,8,2011,3,17,14,0,13,3,SR-55,PARKSCENE LN,99999,35.78398611,-78.871083330,0,12,6,0,2,2,1,0,1,1,0,1,0,0000000,99,99,99,99,99,99,0,0,0,1,0
37,370745,1,1,0,0,0,5,5,187,0,6,8,2011,7,13,26,0,4,3,SR-32,,99999,35.96667500,-76.492527780,0,34,0,0,1,1,4,0,1,2,10,2,0,0000000,13,23,13,41,14,19,0,0,0,1,0
37,370746,1,1,0,0,0,2,2,191,0,1,8,2011,2,9,42,0,3,2,US-117,,99999,35.52989444,-77.988905560,0,34,0,0,1,1,4,0,1,1,0,1,0,0000000,9,45,10,5,99,99,0,0,0,1,0
37,370747,1,1,0,0,0,2,2,191,1880,14,8,2011,1,4,0,1,12,2,US-117,US-795,99999,35.43574722,-77.985458330,0,30,0,1,2,3,4,0,3,1,0,1,0,0000000,99,99,99,99,99,99,0,0,0,1,1
37,370748,1,1,0,0,0,1,1,191,0,20,8,2011,7,19,48,0,4,3,SR-111,,99999,35.39291389,-78.006850000,0,42,0,0,1,1,4,0,2,1,0,1,0,0000000,99,99,99,99,99,99,0,0,0,1,1
37,370749,1,1,0,0,0,8,8,195,0,20,8,2011,7,16,22,1,1,1,I-95,,99999,35.78509722,-77.999052780,0,1,0,0,1,1,4,0,1,1,0,1,0,0000000,16,20,16,26,99,99,0,0,0,3,0
37,370750,2,2,0,0,0,11,11,191,1880,27,8,2011,7,16,16,1,13,2,US-117,US-581,99999,35.43546667,-77.985372220,0,12,6,0,2,2,1,0,1,2,10,2,0,0000000,16,13,16,21,16,48,0,0,0,1,0
37,370751,1,1,0,0,0,1,1,15,0,30,9,2011,6,6,50,0,5,3,SR-1507,,99999,99.99990000,999.999900000,0,42,0,0,1,1,4,0,1,1,0,1,0,0000000,6,49,6,56,88,88,0,0,0,1,0
37,370752,1,1,0,0,0,1,1,21,0,17,9,2011,7,1,30,0,2,3,SR-63,,99999,35.59073889,-82.603030560,0,31,0,0,1,1,4,0,2,10,0,10,0,0000000,99,99,99,99,99,99,0,0,0,1,1
37,370753,2,2,0,0,0,5,5,21,0,21,9,2011,4,15,58,1,1,2,US-74,,99999,99.99990000,999.999900000,0,12,6,0,1,1,1,0,1,2,0,2,0,0000000,16,5,16,22,16,59,0,0,0,2,0
37,370754,2,2,0,0,0,2,2,25,0,9,9,2011,6,18,59,0,3,3,SR-1309,,99999,35.37612222,-80.457266670,0,12,6,0,1,1,1,0,1,1,0,1,0,0000000,18,54,19,1,19,23,0,0,0,1,1
37,370755,2,2,0,0,0,2,2,25,2390,10,9,2011,7,7,34,0,13,3,SR-73,,99999,35.44420278,-80.609163890,0,12,6,0,1,1,1,0,1,1,0,1,0,0000000,8,14,8,24,8,43,0,0,0,1,1
37,370756,1,1,0,0,0,1,1,25,1040,22,9,2011,5,16,13,0,15,6,ROCK HILL CHURCH RD,,99999,35.40617778,-80.633791670,0,42,0,0,1,1,4,0,1,1,0,1,0,0000000,16,9,16,16,16,46,0,0,0,1,0
37,370757,1,1,0,0,0,1,1,35,0,17,9,2011,7,1,38,0,5,3,SR-1844,,99999,35.55038333,-80.996841670,0,43,0,0,1,1,4,0,2,1,0,1,0,0000000,1,36,1,46,88,88,0,0,0,1,1
37,370758,2,2,0,0,0,5,5,35,0,25,9,2011,1,19,6,1,2,2,US-321,,99999,35.74996944,-81.368641670,0,12,7,0,1,1,1,0,5,10,0,10,0,0000000,19,10,19,17,99,99,0,0,0,1,1
37,370759,2,2,0,0,0,5,5,43,0,5,9,2011,2,11,29,0,3,2,US-64,SR-1330,99999,35.06837778,-83.719325000,0,12,6,0,2,2,1,0,1,10,0,10,0,0000000,11,16,11,25,12,3,0,0,0,1,0
37,370760,2,2,0,0,0,3,3,43,0,29,9,2011,5,9,58,0,3,2,US-64,SR-1343,99999,35.06026667,-83.749555560,0,12,6,0,2,3,1,0,1,1,0,1,0,0000000,9,43,9,46,99,99,0,0,0,1,0
37,370761,1,1,0,0,0,2,2,47,0,29,9,2011,5,14,25,0,4,3,SR-905,,99999,34.18090556,-78.665680560,0,42,0,0,1,1,4,0,1,1,0,1,0,0000000,14,19,14,25,99,99,0,0,0,1,0
37,370762,2,2,0,0,0,4,4,49,0,24,9,2011,7,16,56,1,2,2,US-17,,99999,35.29153333,-77.133655560,0,12,6,0,1,1,1,0,1,2,10,2,0,0000000,99,99,99,99,99,99,0,0,0,1,0
37,370763,1,1,0,1,1,1,1,51,0,19,9,2011,2,19,33,1,2,2,US-301,,99999,34.94474444,-78.930383330,0,8,0,0,1,1,1,0,5,1,0,1,0,0000000,19,30,19,37,20,1,0,0,0,1,0
37,370764,1,1,0,0,0,1,1,997,9997,3,9,2011,7,18,49,0,16,6,OLD PLANK RD,,99999,99.99990000,999.999900000,0,53,0,0,1,1,4,0,1,1,0,1,0,0000000,18,48,18,58,88,88,0,0,0,1,1
37,370765,1,1,0,0,0,2,2,57,4590,7,9,2011,4,20,58,0,14,6,LIBERTY DR,,99999,35.86623056,-80.066725000,0,30,0,0,1,1,4,0,3,1,0,1,0,0000000,20,59,21,7,21,44,0,0,0,1,1
37,370766,1,1,0,0,0,4,4,63,1360,2,9,2011,6,1,42,0,16,6,PETTIGREW ST,,99999,35.98663056,-78.895236110,0,42,0,0,1,1,4,0,3,1,0,1,0,0000000,1,14,1,30,1,54,0,0,0,1,0
37,370767,1,1,0,0,0,2,2,63,1360,15,9,2011,5,2,41,0,14,6,ACADEMY RD,,99999,35.99071667,-78.940075000,0,42,0,0,1,1,4,0,2,1,0,1,0,0000000,99,99,99,99,99,99,0,0,0,1,1
37,370768,2,2,0,0,0,2,2,67,5120,1,9,2011,5,20,28,0,16,6,JONES RD,,99999,36.00250833,-80.207961110,0,12,2,0,1,1,1,0,3,5,0,5,0,0000000,20,29,20,41,88,88,0,0,0,1,1
37,370769,1,1,0,0,0,1,1,75,0,2,9,2011,6,9,55,0,4,3,SR-143,,99999,35.42529722,-83.905691670,0,24,0,0,1,1,4,0,1,1,0,1,0,0000000,9,45,10,12,88,88,0,0,0,1,0
37,370770,1,1,0,0,0,1,1,81,0,4,9,2011,1,11,5,0,5,3,SR-1001,,99999,99.99990000,999.999900000,0,34,0,0,1,1,4,0,1,1,10,10,0,0000000,11,0,11,14,11,41,0,0,0,1,0
37,370771,3,1,2,0,0,4,4,81,2170,3,9,2011,7,0,35,0,16,6,WENDELL AVE,,99999,35.97121667,-79.983944440,0,1,0,0,1,1,1,0,3,1,0,1,0,0000000,0,38,0,49,1,7,0,0,0,1,1
37,370772,2,2,0,0,0,2,2,81,0,8,9,2011,5,12,25,1,1,1,I-73,,99999,36.01318056,-79.826077780,0,12,2,0,1,1,1,0,1,1,0,1,0,0000000,12,30,12,39,99,99,0,0,0,1,0
37,370773,2,1,1,0,0,4,4,85,0,2,9,2011,6,18,30,0,5,3,SR-1291,,99999,35.51580000,-79.100311110,0,1,0,0,1,1,1,0,1,1,0,1,0,0000000,99,99,99,99,99,99,0,0,0,1,0
37,370774,1,1,0,0,0,1,1,85,0,8,9,2011,5,23,41,1,2,3,SR-87,,99999,35.25870000,-79.041886110,0,52,0,0,1,1,4,0,2,1,0,1,0,0000000,23,38,23,46,88,88,0,0,0,1,0
37,370775,2,2,0,0,0,4,4,89,9997,19,9,2011,2,7,11,0,14,3,SR-280,,99999,35.37887222,-82.576088890,0,12,2,0,1,1,1,0,1,10,0,10,0,0000000,7,8,7,23,88,88,0,0,0,4,0
37,370776,1,1,0,1,1,1,1,89,2130,26,9,2011,2,21,17,0,14,6,ASHEVILLE HWY,,99999,35.35897778,-82.478086110,0,15,0,0,1,1,1,0,3,1,0,1,0,0000000,21,16,21,18,88,88,0,0,0,1,0
37,370777,1,1,0,1,1,1,1,93,0,1,9,2011,5,20,37,0,3,3,SR-211,,99999,35.01518056,-79.312161110,0,8,0,0,1,1,1,0,2,1,0,1,0,0000000,99,99,99,99,88,88,0,0,0,1,0
37,370778,2,2,0,0,0,4,4,95,0,15,9,2011,5,14,22,0,3,2,US-264,,99999,99.99990000,999.999900000,0,12,2,0,1,1,1,0,1,1,0,1,0,0000000,99,99,99,99,99,99,0,0,0,2,0
37,370779,1,1,0,0,0,5,5,101,0,3,9,2011,7,15,36,1,1,1,I-40,,99999,99.99990000,999.999900000,0,1,0,0,1,1,1,0,1,1,0,1,0,0000000,99,99,99,99,99,99,0,0,0,1,0
37,370780,1,1,0,0,0,2,2,101,0,18,9,2011,1,18,5,1,1,1,I-95,,99999,99.99990000,999.999900000,0,34,0,0,1,1,4,0,1,1,0,1,0,0000000,18,2,18,10,18,56,0,0,0,1,0
37,370781,1,1,0,0,0,1,1,101,0,22,9,2011,5,1,32,0,5,3,SR-1555,,99999,35.57941944,-78.493766670,0,24,0,0,1,1,4,0,2,1,10,10,0,0000000,1,31,1,39,88,88,0,0,0,1,1
37,370782,1,1,0,0,0,1,1,103,0,1,9,2011,5,2,0,1,2,2,US-17,,99999,35.08284167,-77.155452780,0,34,0,0,1,1,4,0,2,1,0,1,0,0000000,1,50,2,25,3,26,0,0,0,1,1
37,370783,1,1,0,0,0,2,2,109,0,25,9,2011,1,1,39,0,5,3,SR-1342,,99999,99.99990000,999.999900000,0,42,0,0,1,1,4,0,2,1,0,1,0,0000000,1,36,1,42,99,99,0,0,0,1,1
37,370784,1,1,0,0,0,2,2,111,0,10,9,2011,7,15,55,0,3,2,US-64,,99999,99.99990000,999.999900000,0,34,0,0,1,1,4,0,1,1,0,1,0,0000000,15,48,16,3,99,99,0,0,0,1,1