STATE,ST_CASE,VE_TOTAL,VE_FORMS,PVH_INVL,PEDS,PERNOTMVIT,PERMVIT,PERSONS,COUNTY,CITY,DAY,MONTH,YEAR,DAY_WEEK,HOUR,MINUTE,NHS,ROAD_FNC,ROUTE,TWAY_ID,TWAY_ID2,MILEPT,LATITUDE,LONGITUD,SP_JUR,HARM_EV,MAN_COLL,RELJCT1,RELJCT2,TYP_INT,REL_ROAD,WRK_ZONE,LGT_COND,WEATHER1,WEATHER2,WEATHER,SCH_BUS,RAIL,NOT_HOUR,NOT_MIN,ARR_HOUR,ARR_MIN,HOSP_HR,HOSP_MN,CF1,CF2,CF3,FATALS,DRUNK_DR
37,370785,1,1,0,0,0,1,1,119,870,4,9,2011,1,21,1,0,16,6,BRAEWICK PL,,99999,35.17711111,-80.719908330,0,7,0,0,1,1,1,0,2,1,0,1,0,0000000,21,0,21,6,21,49,0,0,0,1,1
37,370786,2,2,0,0,0,2,2,119,870,10,9,2011,7,19,8,0,14,6,MALLARD CREEK RD,KEATON AVE,99999,35.31638611,-80.780913890,0,12,2,0,2,3,1,0,5,1,0,1,0,0000000,19,8,19,14,99,99,0,0,0,1,0
37,370787,3,3,0,0,0,6,6,119,870,10,9,2011,7,21,51,1,12,3,SR-74,,99999,35.16009722,-80.736725000,0,12,10,0,1,1,1,2,3,1,0,1,0,0000000,21,50,21,57,22,3,0,0,0,1,0
37,370788,2,2,0,0,0,2,2,119,870,15,9,2011,5,16,0,0,13,6,NORTH SHARON AMITY RD,MILTON RD,99999,35.23687500,-80.738127780,0,12,6,0,2,2,1,0,1,1,0,1,1,0000000,16,0,16,5,88,88,0,0,0,1,0
37,370789,3,3,0,0,0,5,5,119,870,20,9,2011,3,12,49,0,16,6,BROOKSHIRE BLVD,I-485,99999,35.31327222,-80.929941670,0,12,7,0,2,3,1,0,1,1,0,1,0,0000000,12,49,12,53,13,35,0,0,0,1,0
37,370790,1,1,0,0,0,5,5,123,0,4,9,2011,1,1,47,0,6,3,SR-1314,,99999,35.43231389,-79.941361110,0,1,0,0,1,1,4,0,2,1,0,1,0,0000000,1,43,2,4,99,99,0,0,0,1,1
37,370791,1,1,0,0,0,2,2,123,0,9,9,2011,6,2,33,0,6,3,SR-1306,,99999,35.47629722,-79.910105560,0,1,0,0,1,1,4,0,2,1,0,1,0,0000000,2,26,2,53,99,99,0,0,0,1,1
37,370792,1,1,0,0,0,1,1,123,0,29,9,2011,5,13,9,0,6,3,SR-1154,,99999,35.45082500,-80.033252780,0,42,0,0,1,1,4,0,1,1,0,1,0,0000000,13,9,13,24,13,45,0,0,0,1,1
37,370793,2,2,0,0,0,4,4,125,0,15,9,2011,5,19,56,0,3,2,US-15,,99999,99.99990000,999.999900000,0,12,2,0,1,1,1,0,1,10,0,10,0,0000000,99,99,99,99,99,99,0,0,0,1,0
37,370794,1,1,0,0,0,3,3,127,0,3,9,2011,7,4,0,0,6,3,SR-1745,,99999,35.87280000,-77.900016670,0,42,0,0,1,1,4,0,2,1,0,1,0,0000000,99,99,99,99,99,99,0,0,0,2,1
37,370795,1,1,0,0,0,2,2,129,5060,3,9,2011,7,3,7,0,15,6,WRIGHTSVILLE AVE,,99999,34.21955556,-77.845858330,0,32,0,0,1,1,4,0,3,1,0,1,0,0000000,3,11,3,18,99,99,0,0,0,1,1
37,370796,1,1,0,1,1,1,1,129,5060,10,9,2011,7,14,36,1,13,6,CAROLINA BEACH RD,,99999,34.11870278,-77.900563890,0,8,0,0,1,1,1,0,1,1,0,1,0,0000000,14,35,14,43,88,88,0,0,0,1,0
37,370797,1,1,0,0,0,1,1,133,0,27,9,2011,3,2,35,0,6,3,SR-1203,,99999,34.76240000,-77.577136110,0,42,0,0,1,1,4,0,2,1,0,1,0,0000000,2,47,3,0,3,43,0,0,0,1,0
37,370798,2,2,0,0,0,4,4,141,0,3,9,2011,7,20,22,0,4,2,US-117,,99999,99.99990000,999.999900000,0,12,2,0,1,1,1,0,2,1,0,1,0,0000000,20,16,20,27,20,53,0,0,0,1,0
37,370799,1,1,0,0,0,1,1,145,0,21,9,2011,4,11,30,0,6,3,SR-1709,SR-1708,99999,36.28091111,-78.951280560,0,1,0,0,2,3,1,0,1,10,0,10,0,0000000,99,99,99,99,88,88,0,0,0,1,0
37,370800,1,1,0,1,1,2,2,147,0,15,9,2011,5,3,9,0,3,3,SR-11,,99999,35.66401667,-77.361400000,0,9,0,0,1,1,1,0,2,1,0,1,0,0000000,99,99,99,99,99,99,0,0,0,1,0
37,370801,1,1,0,0,0,1,1,153,0,15,9,2011,5,6,56,0,6,3,SR-1307,,99999,99.99990000,999.999900000,0,1,0,0,1,1,4,0,4,1,0,1,0,0000000,6,48,6,59,88,88,0,0,0,1,1
37,370802,2,2,0,0,0,2,2,155,0,16,9,2011,6,5,0,1,1,1,I-95,,99999,34.78892500,-78.994494440,0,12,1,0,1,1,1,0,2,1,0,1,0,0000000,5,7,5,18,88,88,0,0,0,1,0
37,370803,2,2,0,0,0,3,3,155,0,16,9,2011,6,5,15,1,1,1,I-95,,99999,34.78906667,-78.994494440,0,12,1,0,1,1,1,0,2,1,0,1,0,0000000,5,44,6,3,6,49,0,0,0,1,0
37,370804,1,1,0,1,1,1,1,155,2770,19,9,2011,2,22,53,0,14,6,W 5TH ST EXT,,99999,34.62598056,-79.042366670,0,8,0,0,1,1,1,0,2,1,0,1,0,0000000,22,55,23,1,23,23,0,0,0,1,0
37,370805,1,1,0,0,0,2,2,157,0,23,9,2011,6,23,31,0,6,3,SR-2154,,99999,99.99990000,999.999900000,0,38,0,0,1,1,4,0,2,1,0,1,0,0000000,23,29,23,37,23,49,0,0,0,1,1
37,370806,1,1,0,0,0,3,3,157,0,30,9,2011,6,23,22,0,3,2,US-158,,99999,99.99990000,999.999900000,0,32,0,0,1,1,4,0,2,1,0,1,0,0000000,23,22,23,25,99,99,0,0,0,2,1
37,370807,2,2,0,0,0,4,4,159,4070,11,9,2011,1,22,9,0,13,6,S MAIN ST,,99999,35.66390833,-80.474413890,0,12,6,0,8,1,1,0,3,1,0,1,0,0000000,22,11,22,20,99,99,0,0,0,2,2
37,370808,1,1,0,0,0,1,1,159,0,10,9,2011,7,13,34,0,6,3,SR-1362,,99999,35.52374167,-80.691988890,0,34,0,0,1,1,4,0,1,1,0,1,0,0000000,13,32,13,34,99,99,0,0,0,1,0
37,370809,2,2,0,0,0,2,2,159,0,18,9,2011,1,13,20,0,4,3,SR-801,EDMINSTON RD,99999,35.60999167,-80.755066670,0,12,6,0,2,3,1,0,1,10,0,10,0,0000000,13,21,13,38,14,12,0,0,0,1,0
37,370810,1,1,0,0,0,1,1,163,0,10,9,2011,7,2,1,0,4,3,SR-1006,,99999,35.10715833,-78.584819440,0,34,0,0,1,1,4,0,2,1,0,1,0,0000000,1,57,2,14,88,88,0,0,0,1,0
37,370811,1,1,0,1,1,2,2,167,0,10,9,2011,7,3,20,1,2,2,US-52,,99999,35.31143611,-80.170500000,0,8,0,0,1,1,1,0,2,5,0,5,0,0000000,3,21,3,27,4,28,0,0,0,1,0
37,370812,1,1,0,1,1,1,1,169,0,23,9,2011,6,2,35,1,2,2,US-52,,99999,99.99990000,999.999900000,0,8,0,0,1,1,1,0,2,2,0,2,0,0000000,2,40,2,49,99,99,0,0,0,1,0
37,370813,1,1,0,0,0,1,1,171,0,24,9,2011,7,0,20,0,5,3,SR-1110,,99999,36.39496111,-80.784066670,0,42,0,0,1,1,4,0,2,10,0,10,0,0000000,0,19,0,36,88,88,0,0,0,1,1
37,370814,1,1,0,0,0,1,1,183,0,4,9,2011,1,8,52,0,6,3,SR-1906,,99999,35.79969444,-78.681172220,0,34,0,0,1,1,4,0,1,1,0,1,0,0000000,99,99,99,99,99,99,0,0,0,1,0
37,370815,1,1,0,1,1,2,2,183,3750,7,9,2011,4,8,58,0,14,6,FALLS OF NEUSE RD,SANDY FORKS RD,99999,35.87280556,-78.622077780,0,8,0,0,2,3,1,0,1,1,0,1,0,0000000,99,99,99,99,99,99,0,0,0,1,0
37,370816,1,1,0,1,1,1,1,183,3750,17,9,2011,7,0,4,0,13,6,NEW BERN AVE,,99999,35.79235556,-78.545411110,0,8,0,0,1,1,1,0,2,2,10,2,0,0000000,99,99,99,99,99,99,0,0,0,1,1
37,370817,1,1,0,1,1,1,1,183,0,19,9,2011,2,20,32,1,1,1,I-40,,99999,35.85554444,-78.820272220,0,8,0,0,1,1,1,0,2,10,0,10,0,0000000,99,99,99,99,99,99,0,0,0,1,0
37,370818,1,1,0,1,1,3,3,183,3750,23,9,2011,6,1,26,1,11,1,I-40,,99999,35.78278333,-78.749133330,0,8,0,0,1,1,1,0,2,2,10,2,0,0000000,99,99,99,99,99,99,0,0,0,1,0
37,370819,2,1,1,0,0,1,1,183,3750,22,9,2011,5,23,23,0,16,6,E FRANKLIN ST,,99999,35.79029444,-78.634558330,0,14,0,0,1,1,2,0,3,2,0,2,0,0000000,99,99,99,99,99,99,0,0,0,1,1
37,370820,1,1,0,0,0,1,1,185,0,15,9,2011,5,17,18,0,6,3,SR-1112,,99999,36.40096944,-78.235200000,0,1,0,0,1,1,2,0,1,10,0,10,0,0000000,99,99,99,99,99,99,0,0,0,1,0
37,370821,1,1,0,0,0,2,2,193,0,24,9,2011,7,6,50,0,6,3,SR-1917,,99999,36.35148889,-80.977133330,0,17,0,0,1,1,4,0,2,10,0,10,0,0000000,6,54,7,8,7,47,0,0,0,1,1
37,370822,3,3,0,0,0,3,3,195,5070,2,9,2011,6,16,27,0,14,6,BLK FOREST HILL RD,RALEIGH RD PKWY,99999,35.76230556,-77.992588890,0,12,8,0,2,2,1,0,1,1,0,1,0,0000000,16,27,16,32,16,47,14,0,0,1,0
37,370823,1,1,0,0,0,1,1,51,1670,31,7,2011,1,1,44,0,16,6,FT BRAGG RD,,99999,35.06636944,-78.916075000,0,24,0,0,1,1,3,0,3,1,0,1,0,0000000,1,48,1,56,2,14,0,0,0,1,1
37,370824,1,1,0,0,0,1,1,59,0,8,8,2011,2,15,57,1,2,2,US-64,,99999,99.99990000,999.999900000,0,42,0,0,1,1,4,0,1,1,0,1,0,0000000,15,57,16,2,16,47,0,0,0,1,0
37,370825,1,1,0,0,0,1,1,67,5120,2,8,2011,3,7,45,0,16,6,OLD GREENSBORO RD,5TH ST,99999,36.09982500,-80.219166670,0,30,0,0,3,1,4,0,1,1,0,1,0,0000000,99,98,99,98,99,98,0,0,0,1,0
37,370826,2,2,0,0,0,5,5,133,2330,19,8,2011,6,20,21,0,13,3,SR-24,,99999,34.73122500,-77.440205560,0,24,0,0,1,1,3,0,2,1,0,1,0,0000000,20,23,20,26,20,49,0,0,0,1,0
37,370828,1,1,0,0,0,2,2,189,560,12,8,2011,6,13,8,0,16,6,LEAH DR,,99999,36.20656667,-81.674694440,0,42,0,0,1,1,4,0,1,10,0,10,0,0000000,99,99,99,99,99,99,0,0,0,1,0
37,370829,1,1,0,0,0,3,3,51,0,25,10,2011,3,8,24,0,3,3,SR-3695,,99999,34.99686111,-78.994744440,0,5,0,0,1,1,1,0,1,1,0,1,0,0000000,8,14,8,27,99,99,0,0,0,1,0
37,370830,2,2,0,0,0,2,2,1,700,24,10,2011,2,16,20,0,16,6,WILKINS ST,BLAND BLVD,99999,36.10564444,-79.400963890,0,12,6,0,2,2,1,0,1,1,0,1,0,0000000,16,20,16,30,17,18,0,0,0,1,1
37,370831,1,1,0,0,0,1,1,27,0,1,7,2011,6,4,45,0,2,4,RP-1346,RP-1353,99999,35.97474722,-81.571758330,0,35,0,0,2,3,4,0,2,1,0,1,0,0000000,99,99,99,99,99,99,0,0,0,1,0
37,370834,2,2,0,0,0,4,4,1,1840,5,8,2011,6,11,45,0,16,6,COOK RD,CROFTWOOD DR,99999,36.09827222,-79.520333330,0,12,6,0,2,2,1,0,1,10,0,10,0,0000000,11,46,11,57,99,99,0,0,0,1,0
37,370835,1,1,0,1,1,1,1,155,0,21,8,2011,1,23,35,0,5,3,SR-1527,,99999,34.35663056,-78.858538890,0,8,0,0,1,1,1,0,2,2,0,2,0,0000000,99,99,99,99,99,99,0,0,0,1,0
37,370836,1,1,0,0,0,1,1,159,2390,30,8,2011,3,15,31,0,16,6,PUMP STATION RD,,99999,35.48164722,-80.562261110,0,31,0,0,1,1,4,0,1,1,0,1,0,0000000,16,17,16,26,88,88,0,0,0,1,1
37,370837,2,2,0,0,0,2,2,33,0,28,9,2011,4,17,34,0,3,3,SR-1004,SR-1771,99999,36.26223611,-79.234611110,0,12,6,0,2,3,1,0,1,1,0,1,0,0000000,17,31,17,46,99,99,0,0,0,1,0
37,370838,2,2,0,0,0,2,2,51,1670,2,9,2011,6,17,29,0,16,6,CLIFFDALE RD,BEVERLY DR,99999,35.04227222,-79.064658330,0,12,6,0,2,2,1,0,1,10,0,10,0,0000000,99,99,99,99,99,99,0,0,0,1,0
37,370839,4,2,2,0,0,4,4,61,0,25,9,2011,1,0,28,0,3,3,SR-1101,,99999,34.80728889,-78.091055560,0,12,7,0,1,1,1,0,2,1,0,1,0,0000000,0,22,0,27,1,56,0,0,0,1,0
37,370840,2,2,0,0,0,2,2,81,1940,27,9,2011,3,19,20,0,16,6,VANSTORY ST,FOUR SEASONS BLVD,99999,36.03810833,-79.835277780,0,12,6,0,2,2,1,0,5,10,0,10,0,0000000,19,19,19,33,20,0,0,0,0,1,0
37,370841,1,1,0,0,0,2,2,81,0,30,9,2011,6,14,24,1,1,1,I-73,,99999,36.01331944,-79.826505560,0,1,0,0,1,1,4,0,1,1,0,1,0,0000000,14,24,14,43,99,99,0,0,0,1,0
37,370842,2,2,0,0,0,4,4,89,2130,9,9,2011,6,14,52,0,16,6,GREENVILLE HIGHWAY,,99999,35.30430556,-82.457725000,0,12,6,0,4,1,1,0,1,10,0,10,0,0000000,14,51,14,57,99,99,0,0,0,1,0
37,370843,1,1,0,0,0,3,3,119,870,30,9,2011,6,1,40,0,16,6,BACK CREEK CHURCH RD,,99999,35.30547778,-80.707102780,0,42,0,0,1,1,3,0,2,1,0,1,0,0000000,1,40,1,45,2,37,0,0,0,1,1
37,370845,2,2,0,0,0,2,2,195,5070,15,9,2011,5,23,32,0,16,6,NASH ST,,99999,35.71190278,-77.884544440,0,12,2,0,1,1,1,0,3,10,0,10,0,0000000,99,99,99,99,99,99,0,0,0,1,1
37,370846,1,1,0,0,0,3,3,195,5070,23,9,2011,6,13,8,0,14,6,TILGHMAN ROAD,,99999,35.74251944,-77.911591670,0,34,0,0,1,1,4,0,1,2,0,2,0,0000000,99,99,99,99,99,99,0,0,0,1,0
37,370847,2,2,0,0,0,5,5,1,0,1,10,2011,7,17,18,0,2,3,SR-87,,99999,36.11523611,-79.479952780,0,12,2,0,1,1,1,0,1,1,0,1,0,0000000,17,16,17,22,17,55,0,0,0,1,1
37,370848,2,2,0,0,0,4,4,3,0,7,10,2011,6,7,26,0,5,4,RP-1610,,99999,35.86588889,-81.155763890,0,12,2,0,1,1,1,0,1,1,0,1,0,0000000,7,55,8,2,8,26,0,0,0,2,0
37,370849,2,2,0,0,0,2,2,3,0,17,10,2011,2,6,49,0,3,3,SR-16,,99999,36.02970278,-81.185630560,0,12,2,0,1,1,1,0,2,1,0,1,0,0000000,6,48,7,2,7,40,0,0,0,1,0
37,370850,2,2,0,0,0,4,4,19,0,3,10,2011,2,9,16,1,2,2,US-17,FRONTAGE ROAD,99999,33.98648333,-78.363530560,0,12,6,0,2,2,1,0,1,1,0,1,0,0000000,9,10,9,18,99,99,0,0,0,1,0
37,370851,2,2,0,0,0,3,3,21,170,1,10,2011,7,19,22,1,12,2,US-25,RACQUET CLUB ROAD,99999,35.50935000,-82.526055560,0,12,2,0,2,3,1,0,5,1,0,1,0,0000000,99,99,99,99,88,88,0,0,0,1,0
37,370852,2,2,0,0,0,4,4,21,170,15,10,2011,7,15,5,0,13,3,SR-280,,99999,35.43118333,-82.534783330,0,12,6,0,8,1,1,0,1,1,0,1,0,0000000,15,6,15,14,15,57,0,0,0,1,0
37,370853,1,1,0,0,0,1,1,21,0,23,10,2011,1,2,10,0,4,3,SR-63,,99999,35.65036944,-82.679991670,0,42,0,0,1,1,4,0,2,1,0,1,0,0000000,99,99,99,99,88,88,0,0,0,1,1
37,370854,1,1,0,0,0,2,2,23,0,7,10,2011,6,11,38,0,6,4,RP-1515,,99999,35.79885278,-81.586911110,0,35,0,0,1,1,4,0,1,1,0,1,0,0000000,11,28,11,42,12,45,0,0,0,1,0
37,370855,2,2,0,0,0,5,5,27,0,19,10,2011,4,11,25,1,2,2,US-321,SR-268,99999,35.98104722,-81.565241670,0,12,6,0,2,2,1,0,1,2,0,2,0,0000000,11,26,11,37,12,41,0,0,0,1,0
37,370856,2,2,0,0,0,2,2,33,0,7,10,2011,6,20,15,0,6,4,RP-1500,,99999,36.49423889,-79.366002780,0,12,2,0,1,1,1,0,2,1,0,1,0,0000000,20,3,20,13,20,36,0,0,0,1,0
37,370857,1,1,0,0,0,1,1,37,0,3,10,2011,2,1,52,0,4,3,SR-42,,99999,35.52893889,-79.488550000,0,35,0,0,1,1,4,0,2,1,0,1,0,0000000,1,42,1,57,88,88,0,0,0,1,1
37,370858,2,2,0,0,0,3,3,37,0,11,10,2011,3,11,42,0,5,4,RP-1176,,99999,35.65661111,-79.414155560,0,12,6,0,1,1,1,0,1,2,0,2,0,0000000,11,32,11,44,88,88,0,0,0,1,0
37,370859,1,1,0,1,1,1,1,45,4180,25,10,2011,3,2,49,1,12,2,US-74,,99999,35.27311944,-81.516227780,0,8,0,0,1,1,1,0,2,1,0,1,0,0000000,99,99,99,99,99,99,0,0,0,1,0
37,370860,1,1,0,0,0,2,2,47,0,10,10,2011,2,21,32,0,6,4,RP-1849,,99999,34.29691667,-78.217786110,0,42,0,0,1,1,4,0,2,2,0,2,0,0000000,21,31,21,49,23,16,0,0,0,1,1
37,370861,1,1,0,0,0,1,1,47,0,17,10,2011,2,21,5,0,2,3,SR-1141,,99999,34.08338056,-78.713619440,0,42,0,0,1,1,4,0,2,1,0,1,0,0000000,99,99,99,99,99,99,0,0,0,1,0
37,370862,1,1,0,0,0,1,1,47,0,21,10,2011,6,0,35,0,3,3,SR-1308,,99999,99.99990000,999.999900000,0,1,0,0,1,1,4,0,2,1,0,1,0,0000000,99,99,99,99,99,99,0,0,0,1,0
37,370863,1,1,0,0,0,1,1,49,0,14,10,2011,6,2,55,0,3,3,SR-1245,,99999,35.20866389,-77.222233330,0,34,0,0,1,1,4,0,2,10,0,10,0,0000000,99,99,99,99,99,99,0,0,0,1,1
37,370864,4,4,0,0,0,8,8,51,4374,3,10,2011,2,15,59,0,16,6,LILLINGTON HWY,CHAPEL HILL RD,99999,35.18116111,-78.965241670,0,12,6,0,2,2,1,0,1,1,0,1,0,0000000,15,53,15,55,16,28,14,0,0,1,0
37,370865,1,1,0,0,0,1,1,51,0,9,10,2011,1,19,10,0,3,3,SR-53,,99999,99.99990000,999.999900000,0,1,0,0,1,1,4,0,2,1,0,1,0,0000000,19,2,19,10,19,49,0,0,0,1,1
37,370866,2,2,0,0,0,5,5,55,2435,5,10,2011,4,19,32,1,12,2,US-158,COLINGTON RD,99999,36.01323611,-75.660972220,0,12,6,1,2,2,1,0,3,1,0,1,0,0000000,19,35,19,45,20,0,0,0,0,1,1
37,370867,2,2,0,0,0,5,5,57,0,15,10,2011,7,2,58,1,1,1,I-85,,99999,99.99990000,999.999900000,0,12,1,0,1,1,1,0,2,1,0,1,0,0000000,2,58,3,7,99,99,0,0,0,1,0
37,370868,2,2,0,0,0,6,6,57,0,4,10,2011,3,17,40,0,3,3,SR-1156,SR-3170,99999,35.76138333,-80.359669440,0,12,2,0,3,3,1,0,1,1,0,1,0,0000000,17,49,18,0,18,33,0,0,0,1,1
37,370869,1,1,0,0,0,1,1,59,0,2,10,2011,1,4,56,0,3,3,SR-1134,,99999,35.84160556,-80.547113890,0,53,0,0,1,1,4,0,2,1,0,1,0,0000000,4,52,4,59,5,47,0,0,0,1,1
37,370870,2,2,0,0,0,4,4,63,0,6,10,2011,5,7,32,0,3,3,SR-1811,,99999,35.98335556,-78.789163890,0,12,2,0,1,1,1,0,1,1,0,1,0,0000000,7,25,7,29,99,99,0,0,0,1,0
37,370871,1,1,0,0,0,4,4,63,0,13,10,2011,5,2,0,1,2,2,US-501,,99999,99.99990000,999.999900000,0,34,0,0,1,1,4,0,2,10,2,2,0,0000000,99,99,99,99,99,99,0,0,0,1,1
37,370872,1,1,0,1,1,2,2,67,5120,3,10,2011,2,6,38,1,12,2,US-52,,99999,36.17596389,-80.268513890,0,8,0,0,1,1,1,0,2,1,0,1,0,0000000,6,39,6,47,88,88,0,0,0,1,0
37,370873,2,2,0,0,0,3,3,67,0,20,10,2011,5,10,24,1,2,2,US-421,,99999,99.99990000,999.999900000,0,12,1,0,1,1,1,0,1,10,0,10,0,0000000,10,30,10,49,88,88,0,0,0,1,0
37,370874,3,3,0,0,0,3,3,69,0,14,10,2011,6,13,3,0,3,3,SR-56,,99999,36.08357222,-78.314863890,0,12,2,0,1,1,1,0,1,1,0,1,0,0000000,13,2,13,11,99,99,0,0,0,1,0
37,370875,1,1,0,1,1,1,1,71,890,18,10,2011,3,6,16,0,16,6,W CHURCH ST,DELVIEW RD,99999,35.37979444,-81.388661110,0,8,0,0,2,3,1,0,3,1,0,1,0,0000000,6,16,6,19,99,99,0,0,0,1,0
37,370877,1,1,0,0,0,1,1,97,0,22,10,2011,7,3,16,0,6,4,RP-2362,,99999,35.72242222,-80.773783330,0,23,0,0,1,1,4,0,2,1,0,1,0,0000000,3,39,3,58,88,88,0,0,0,1,1
37,370878,1,1,0,0,0,1,1,99,0,2,10,2011,1,13,35,0,2,3,SR-107,,99999,35.33657222,-83.199261110,0,42,0,0,1,1,4,0,1,1,0,1,0,0000000,13,38,13,41,14,3,0,0,0,1,1
37,370879,2,2,0,0,0,2,2,101,0,5,10,2011,4,4,50,1,2,2,US-70,,99999,35.61034444,-78.457938890,0,12,1,0,1,1,1,0,2,1,0,1,0,0000000,4,50,5,2,88,88,0,0,0,1,0
37,370880,1,1,0,0,0,1,1,101,0,10,10,2011,2,1,27,0,5,5,RP-1330,,99999,35.47786667,-78.521250000,0,42,0,0,1,1,4,0,2,1,0,1,0,0000000,99,98,99,98,99,98,0,0,0,1,1
37,370881,1,1,0,0,0,4,4,105,0,7,10,2011,6,21,2,0,5,4,RP-1002,,99999,35.50687500,-79.128830560,0,42,0,0,1,1,4,0,2,1,0,1,0,0000000,20,59,21,5,22,43,0,0,0,1,0
37,370882,1,1,0,0,0,2,2,105,0,12,10,2011,4,22,45,0,6,4,RP-1420,,99999,35.52656389,-79.162533330,0,38,0,0,1,1,4,0,2,1,0,1,0,0000000,22,58,23,6,0,56,0,0,0,1,1
37,370883,2,2,0,0,0,4,4,107,0,6,10,2011,5,0,13,0,4,3,SR-11,SR-55,99999,35.22309722,-77.644836110,0,12,1,0,3,2,1,0,2,1,0,1,0,0000000,0,10,0,18,0,58,0,0,0,2,2
37,370884,1,1,0,1,1,1,1,109,0,2,10,2011,1,0,11,0,6,4,RP-1399,,99999,35.41690278,-81.044280560,0,8,0,0,1,1,1,0,2,1,0,1,0,0000000,1,44,1,58,88,88,0,0,0,1,1
37,370885,3,3,0,0,0,4,4,111,0,8,10,2011,7,14,26,0,6,4,RP-1103,,99999,35.58210000,-82.178008330,0,12,1,0,1,1,1,0,1,1,0,1,0,0000000,14,23,14,30,99,99,0,0,0,2,0
37,370886,1,1,0,1,1,1,1,119,870,1,10,2011,7,23,42,0,14,6,CENTRAL AVE,,99999,35.21731944,-80.792655560,0,8,0,0,1,1,1,0,3,1,0,1,0,0000000,23,41,23,49,88,88,0,0,0,1,0
37,370887,2,2,0,1,1,2,2,119,870,5,10,2011,4,22,23,1,11,1,I-85,,99999,35.27653056,-80.808391670,0,8,0,0,1,1,1,0,3,1,0,1,0,0000000,22,23,22,28,88,88,14,0,0,1,0
37,370888,3,3,0,0,0,3,3,119,870,7,10,2011,6,14,43,0,13,6,SHARON ROAD,,99999,35.15909444,-80.821019440,0,12,8,0,1,1,1,0,1,1,0,1,0,0000000,14,43,14,49,15,8,0,0,0,1,0
37,370889,1,1,0,1,1,1,1,119,3640,23,10,2011,1,21,57,1,11,1,I-485,,99999,35.09121944,-80.874786110,0,8,0,0,1,1,1,0,2,1,0,1,0,0000000,21,56,21,57,88,88,0,0,0,1,0
37,370890,1,1,0,1,1,1,1,123,0,21,10,2011,6,19,41,1,2,2,US-220,,99999,35.25639167,-79.731688890,0,8,0,0,1,1,1,0,2,1,0,1,0,0000000,19,34,19,42,88,88,0,0,0,1,0
37,370891,1,1,0,1,1,1,1,129,0,17,10,2011,2,19,10,1,2,2,US-117,GORDON ROAD,99999,34.27720278,-77.867966670,0,8,0,0,3,1,4,0,1,1,0,1,0,0000000,18,56,19,4,88,88,0,0,0,1,0
37,370892,2,2,0,0,0,3,3,133,0,16,10,2011,1,14,2,1,2,2,US-258,,99999,34.87315278,-77.549422220,0,12,6,0,1,1,1,0,1,1,0,1,0,0000000,14,6,14,11,15,2,0,0,0,1,0
37,370893,2,2,0,0,0,3,3,143,0,12,10,2011,4,23,47,1,2,2,US-17,SR-37,99999,36.20423056,-76.447886110,0,12,6,0,3,3,1,0,2,5,0,5,0,0000000,23,43,0,23,0,33,0,0,0,1,0
37,370894,2,2,0,0,0,2,2,147,1950,19,10,2011,4,18,39,0,16,6,BELVOIR ROAD,,99999,35.63999722,-77.372000000,0,12,1,0,1,1,1,0,5,1,0,1,0,0000000,99,99,99,99,99,99,0,0,0,1,0
37,370895,2,2,0,0,0,3,3,151,160,3,10,2011,2,12,14,1,12,2,US-220,TAFT AVE.,99999,35.69220000,-79.815686110,0,12,6,0,2,2,1,0,1,1,0,1,0,0000000,12,16,12,16,12,43,0,0,0,1,0
37,370896,1,1,0,0,0,1,1,151,0,4,10,2011,3,11,0,0,4,4,RP-1344,,99999,99.99990000,999.999900000,0,32,0,0,1,1,4,0,1,1,0,1,0,0000000,10,56,11,7,11,59,0,0,0,1,0
37,370897,1,1,0,0,0,1,1,151,0,9,10,2011,1,21,35,0,6,4,RP-1532,RP-1571,99999,35.87379167,-79.918377780,0,34,0,0,3,3,4,0,2,1,0,1,0,0000000,21,35,21,43,22,19,0,0,0,1,1
37,370898,1,1,0,0,0,5,5,151,0,23,10,2011,1,4,14,0,6,4,RP-2111,,99999,35.83106944,-79.761825000,0,35,0,0,1,1,4,0,2,1,0,1,0,0000000,99,99,99,99,88,88,0,0,0,1,1
37,370899,1,1,0,0,0,1,1,153,0,8,10,2011,7,8,22,0,6,4,RP-1808,,99999,34.87780278,-79.691888890,0,42,0,0,1,1,4,0,2,1,0,1,0,0000000,8,25,8,28,9,46,0,0,0,1,0
37,370900,2,2,0,0,0,2,2,153,0,16,10,2011,1,21,12,0,3,3,SR-38,,99999,34.82775278,-79.704430560,0,12,2,0,1,1,1,0,2,1,0,1,0,0000000,21,8,21,15,22,5,0,0,0,1,0
37,370901,2,2,0,0,0,2,2,155,0,5,10,2011,4,16,0,0,6,4,RP-1907,RP-1919,99999,99.99990000,999.999900000,0,1,0,0,3,3,1,0,1,1,0,1,0,0000000,15,55,15,58,16,20,0,0,0,1,0
37,370902,1,1,0,0,0,1,1,157,0,26,10,2011,4,18,47,0,4,3,SR-770,,99999,36.47153889,-79.942855560,0,53,0,0,1,1,4,0,2,1,0,1,0,0000000,18,38,18,46,88,88,0,0,0,1,0