STATE,ST_CASE,VE_TOTAL,VE_FORMS,PVH_INVL,PEDS,PERNOTMVIT,PERMVIT,PERSONS,COUNTY,CITY,DAY,MONTH,YEAR,DAY_WEEK,HOUR,MINUTE,NHS,ROAD_FNC,ROUTE,TWAY_ID,TWAY_ID2,MILEPT,LATITUDE,LONGITUD,SP_JUR,HARM_EV,MAN_COLL,RELJCT1,RELJCT2,TYP_INT,REL_ROAD,WRK_ZONE,LGT_COND,WEATHER1,WEATHER2,WEATHER,SCH_BUS,RAIL,NOT_HOUR,NOT_MIN,ARR_HOUR,ARR_MIN,HOSP_HR,HOSP_MN,CF1,CF2,CF3,FATALS,DRUNK_DR
37,370903,1,1,0,0,0,1,1,159,0,3,10,2011,2,5,40,0,3,3,SR-150,,99999,35.66118889,-80.550875000,0,42,0,0,1,1,4,0,2,1,0,1,0,0000000,5,56,6,28,88,88,0,0,0,1,0
37,370904,2,2,0,0,0,2,2,159,0,6,10,2011,5,12,47,0,4,4,RP-1006,,99999,35.60883889,-80.464508330,0,12,2,0,1,1,1,0,1,1,0,1,0,0000000,12,48,12,54,14,47,0,0,0,1,0
37,370905,1,1,0,0,0,1,1,163,0,9,10,2011,1,1,40,0,2,3,SR-1126,,99999,34.73477222,-78.313936110,0,32,0,0,1,1,4,0,2,1,0,1,0,0000000,1,34,1,48,88,88,0,0,0,1,1
37,370906,2,2,0,0,0,5,5,167,0,2,10,2011,1,17,10,0,2,3,SR-1400,,99999,35.38634722,-80.220938890,0,12,2,0,1,1,1,0,1,1,0,1,0,0000000,17,34,17,39,17,58,0,0,0,2,1
37,370907,1,1,0,0,0,3,3,167,0,5,10,2011,4,20,0,0,2,3,SR-1918,,99999,35.24637778,-80.165305560,0,1,0,0,1,1,1,0,2,1,0,1,0,0000000,19,57,20,3,99,99,0,0,0,2,0
37,370908,1,1,0,0,0,2,2,169,0,22,10,2011,7,16,19,0,2,3,SR-772,,99999,36.40805556,-80.092236110,0,42,0,0,1,1,4,0,1,1,0,1,0,0000000,15,55,16,6,17,7,0,0,0,1,1
37,370909,2,2,0,0,0,4,4,175,0,19,10,2011,4,14,42,1,2,2,US-64,SR-1394,99999,35.20165278,-82.776500000,0,12,6,0,2,2,1,0,1,10,0,10,0,0000000,14,34,14,41,14,57,0,0,0,1,0
37,370910,1,1,0,0,0,3,3,179,0,8,10,2011,7,14,20,0,3,3,SR-2113,,99999,99.99990000,999.999900000,0,34,0,0,1,1,4,0,1,1,0,1,0,0000000,99,99,99,99,88,88,0,0,0,1,1
37,370911,1,1,0,1,1,3,3,179,0,15,10,2011,7,17,35,0,3,3,SR-1661,,99999,35.14137500,-80.380663890,0,8,0,0,1,1,4,0,1,1,0,1,0,0000000,99,99,99,99,88,88,0,0,0,1,0
37,370912,1,1,0,1,1,4,4,179,2290,2,10,2011,1,4,45,1,2,2,US-74,,99999,35.06991389,-80.645944440,0,8,0,0,1,1,1,0,2,1,0,1,0,0000000,99,99,99,99,99,99,0,0,0,1,0
37,370913,1,1,0,1,1,1,1,183,3750,1,10,2011,7,4,57,1,11,1,I-440,,99999,35.82266667,-78.615519440,0,8,0,0,1,1,1,0,2,1,0,1,0,0000000,99,99,99,99,99,99,0,0,0,1,0
37,370914,2,2,0,0,0,4,4,183,0,19,10,2011,4,16,34,0,2,3,SR-42,SR-2740,99999,35.55498889,-78.609638890,0,12,6,0,2,2,1,0,1,2,10,2,0,0000000,99,99,99,99,99,99,0,0,0,1,0
37,370915,2,2,0,0,0,2,2,185,0,23,10,2011,1,18,52,0,3,3,SR-1001,SR-1116,99999,36.36967222,-78.212711110,0,12,6,0,2,2,1,0,2,1,0,1,0,0000000,99,99,99,99,99,99,0,0,0,1,0
37,370916,2,2,0,0,0,3,3,191,0,12,10,2011,4,19,20,0,3,3,SR-1744,,99999,99.99990000,999.999900000,0,12,6,0,4,1,1,0,2,10,0,10,0,0000000,19,18,19,38,99,99,0,0,0,1,0
37,370917,1,1,0,0,0,1,1,191,0,15,10,2011,7,1,51,0,3,3,SR-1713,,99999,99.99990000,999.999900000,0,34,0,0,1,1,4,0,2,1,0,1,0,0000000,1,48,1,55,2,12,0,0,0,1,1
37,370918,2,2,0,0,0,5,5,111,2900,21,8,2011,1,20,9,0,16,6,EAST COURT ST,,99999,35.69189444,-81.994155560,0,12,6,0,4,1,1,0,1,1,0,1,0,0000000,20,18,20,23,20,47,0,0,0,1,0
37,370919,1,1,0,0,0,1,1,157,0,25,8,2011,5,8,13,0,4,4,RP-2331,,99999,36.31593333,-79.877858330,0,1,0,0,1,1,4,0,1,1,0,1,0,0000000,7,54,8,7,99,99,0,0,0,1,0
37,370920,2,2,0,0,0,3,3,19,4160,21,9,2011,4,21,12,0,4,2,US-179,BRIERWOOD DRIVE,99999,33.95583889,-78.401286110,0,12,6,0,2,3,1,0,2,1,0,1,0,0000000,20,58,21,3,99,99,0,0,0,1,2
37,370921,1,1,0,0,0,2,2,49,2078,10,9,2011,7,13,38,0,16,3,SR-101,,99999,34.86990278,-76.805997220,0,26,0,0,1,1,3,0,1,1,0,1,0,0000000,13,40,13,43,99,99,0,0,0,1,0
37,370922,1,1,0,0,0,1,1,49,3250,23,9,2011,6,2,54,0,13,3,SR-55,,99999,35.10027222,-77.014600000,0,35,0,0,1,1,4,0,3,2,0,2,0,0000000,99,99,99,99,99,99,0,0,0,1,1
37,370923,2,2,0,0,0,2,2,55,2461,13,9,2011,3,13,44,0,13,6,CROATHAN HIGHWAY,WORTHINGTON LANE,99999,36.07553056,-75.699819440,0,12,6,0,2,3,1,0,1,1,0,1,0,0000000,13,45,13,50,14,18,0,0,0,1,0
37,370924,1,1,0,1,1,1,1,91,0,7,9,2011,4,17,20,0,4,2,US-158,,99999,36.42268611,-77.089450000,0,9,0,0,8,1,1,0,1,10,2,2,0,0000000,99,99,99,99,99,99,0,0,0,1,0
37,370925,1,1,0,0,0,1,1,3,0,22,10,2011,7,19,19,0,4,3,SR-1630,,99999,35.86204167,-81.106097220,0,30,0,0,1,1,4,0,2,1,0,1,0,0000000,19,16,19,22,19,56,0,0,0,1,0
37,370926,1,1,0,0,0,1,1,13,0,29,10,2011,7,1,49,0,3,3,SR-33,,99999,99.99990000,999.999900000,0,34,0,0,8,1,4,0,2,10,0,10,0,0000000,2,1,2,13,88,88,0,0,0,1,1
37,370927,2,1,1,1,1,1,1,19,0,27,10,2011,5,8,43,0,3,3,SR-1410,,99999,34.14775000,-78.105783330,0,8,0,0,1,1,1,0,1,1,0,1,0,0000000,8,28,8,44,99,99,0,0,0,1,0
37,370928,3,3,0,0,0,5,5,23,0,25,10,2011,3,18,5,0,15,3,SR-1653,,99999,99.99990000,999.999900000,0,12,8,0,1,1,1,0,1,1,0,1,0,0000000,18,2,18,12,99,99,0,0,0,2,1
37,370929,2,2,0,0,0,5,5,47,850,10,10,2011,2,17,26,0,14,6,EAST INSTITUTE STREET,,99999,34.31415556,-78.816713890,0,12,6,0,4,1,1,0,1,10,2,2,0,0000000,99,99,99,99,99,99,0,0,0,1,1
37,370930,2,1,1,1,1,1,1,51,1670,6,10,2011,5,8,40,0,16,6,STONEY POINT RD,DUNDLE RD,99999,34.98814444,-79.028044440,0,8,0,0,2,2,1,0,1,1,0,1,0,0000000,99,99,99,99,99,99,0,0,0,1,0
37,370931,1,1,0,2,2,1,1,51,1670,13,10,2011,5,19,41,0,14,6,CEDAR CREEK ROAD,,99999,35.02131389,-78.840563890,0,8,0,0,1,1,1,0,3,1,0,1,0,0000000,19,39,19,51,20,7,0,0,0,1,0
37,370932,1,1,0,1,1,1,1,51,1670,27,10,2011,5,22,41,1,13,6,S EASTERN BLVD,,99999,35.04541667,-78.865636110,0,8,0,0,1,1,1,0,3,1,0,1,0,0000000,22,43,22,47,99,99,0,0,0,1,0
37,370933,1,1,0,0,0,5,5,55,0,4,10,2011,3,22,43,0,3,3,SR-12,,99999,35.91260000,-75.601044440,0,18,0,0,1,1,1,0,2,1,0,1,0,0000000,22,38,22,50,23,25,0,0,0,1,0
37,370934,1,1,0,1,1,1,1,57,0,22,10,2011,7,9,13,0,4,3,SR-1822,,99999,99.99990000,999.999900000,0,8,0,0,1,1,1,0,1,1,0,1,0,0000000,9,11,9,23,10,3,0,0,0,1,0
37,370935,2,2,0,0,0,2,2,61,0,25,10,2011,3,15,56,0,4,3,SR-1817,,99999,34.82890000,-77.756005560,0,12,6,0,8,1,1,0,1,1,0,1,0,0000000,15,53,16,1,16,45,0,0,0,1,0
37,370936,1,1,0,0,0,1,1,67,5120,29,10,2011,7,21,3,0,14,6,CLEMMONSVILLE RD,,99999,36.05841944,-80.222769440,0,30,0,0,1,1,4,0,3,1,0,1,0,0000000,21,3,21,13,88,88,0,0,0,1,1
37,370937,1,1,0,0,0,2,2,69,0,30,10,2011,1,0,42,0,3,3,SR-1211,,99999,36.11963611,-78.343036110,0,30,0,0,1,1,4,0,2,1,0,1,0,0000000,0,51,1,4,88,88,0,0,0,2,1
37,370938,2,2,0,0,0,2,2,71,1800,13,10,2011,5,1,47,1,11,1,I-85,,99999,35.27831944,-81.225525000,0,12,1,0,1,1,1,0,2,2,0,2,0,0000000,1,47,2,3,99,99,0,0,0,1,0
37,370939,1,1,0,0,0,3,3,81,1940,18,10,2011,3,21,57,1,11,1,I-40,,99999,36.08659444,-79.978888890,0,35,0,0,1,1,3,0,3,10,2,2,0,0000000,21,56,22,3,23,6,0,0,0,1,0
37,370940,1,1,0,0,0,1,1,81,1940,23,10,2011,1,4,23,0,16,6,FLEMING RD,,99999,36.14398611,-79.918225000,0,39,0,0,1,1,4,0,3,1,0,1,0,0000000,4,23,4,32,4,57,0,0,0,1,1
37,370941,1,1,0,0,0,1,1,81,1940,25,10,2011,3,8,7,0,16,6,LEES CHAPEL RD,,99999,36.15140278,-79.753819440,0,43,0,0,1,1,4,0,1,1,0,1,0,0000000,8,7,8,13,8,36,0,0,0,1,0
37,370942,1,1,0,0,0,1,1,93,0,27,10,2011,5,8,23,0,3,3,SR-1105,,99999,34.93366944,-79.137908330,0,42,0,0,1,1,4,0,1,1,0,1,0,0000000,99,99,99,99,99,99,0,0,0,1,0
37,370943,1,1,0,3,3,1,1,101,4230,1,10,2011,7,11,50,0,16,6,BRIGHT LEAF BLVD,,99999,35.50085833,-78.347891670,0,8,0,0,1,1,5,0,1,1,0,1,0,0000000,11,50,11,59,12,9,0,0,0,1,0
37,370944,2,2,0,0,0,3,3,101,410,8,10,2011,7,14,16,0,13,3,SR-50,,99999,35.37615556,-78.539158330,0,12,7,0,1,1,1,0,1,1,0,1,0,0000000,99,99,99,99,99,99,0,0,0,1,1
37,370945,1,1,0,0,0,3,3,101,0,19,10,2011,4,6,15,0,3,3,SR-1335,,99999,35.49065000,-78.482791670,0,35,0,0,1,1,4,0,2,10,0,10,0,0000000,6,10,6,19,6,56,0,0,0,1,0
37,370946,1,1,0,0,0,1,1,105,0,26,10,2011,4,18,35,0,3,3,SR-1007,,99999,35.52327500,-79.300438890,0,42,0,0,1,1,4,0,1,1,0,1,0,0000000,18,38,18,47,88,88,0,0,0,1,0
37,370947,1,1,0,1,1,1,1,119,870,17,10,2011,2,8,25,0,16,6,TUCKASEEGEE RD,,99999,35.24305000,-80.880247220,0,8,0,0,1,1,1,0,1,1,0,1,0,0000000,8,25,8,33,8,54,0,0,0,1,0
37,370948,1,1,0,1,1,1,1,119,870,13,10,2011,5,21,25,0,4,6,PLAZA ROAD EXTENTION,ROLLING WHEELS ROAD,99999,35.25918611,-80.697205560,0,8,0,0,1,1,1,0,2,10,0,10,0,0000000,21,25,21,33,88,88,23,0,0,1,0
37,370949,1,1,0,1,1,1,1,119,3640,23,10,2011,1,21,59,1,11,1,I-485,US-521,99999,35.09911944,-80.876247220,0,8,0,0,1,1,1,0,2,1,0,1,0,0000000,21,56,21,57,22,2,0,0,0,1,0
37,370950,1,1,0,1,1,1,1,119,870,31,10,2011,2,1,0,0,16,6,E. 7TH STREET,PECAN AVENUE,99999,35.21232778,-80.817880560,0,8,0,0,1,1,1,0,3,1,0,1,0,0000000,0,59,1,6,88,88,0,0,0,1,1
37,370951,1,1,0,1,1,1,1,129,5060,16,10,2011,1,21,57,0,14,6,WRIGHTSVILLE AVENUE,INDEPENDENCE BLVD,99999,34.22473333,-77.904402780,0,9,0,1,2,2,1,0,3,1,0,1,0,0000000,21,57,22,1,22,16,0,0,0,1,0
37,370952,1,1,0,0,0,1,1,133,2330,30,10,2011,1,11,18,0,4,3,SR-1413,SR-2392,99999,34.75309167,-77.311133330,0,1,0,0,1,1,1,0,1,1,0,1,0,0000000,11,22,11,28,88,88,13,0,0,1,0
37,370953,1,1,0,1,1,1,1,139,1460,1,10,2011,7,6,31,0,13,2,US-17,NC-344,99999,36.26528333,-76.295125000,0,8,0,0,1,1,1,0,6,1,0,1,0,0000000,6,26,6,36,7,0,0,0,0,1,0
37,370954,1,1,0,0,0,1,1,141,180,16,10,2011,1,14,51,0,99,4,NC-210,SR-1102,99999,34.46013333,-78.136794440,0,11,0,0,1,1,1,0,1,1,0,1,0,0000000,14,52,15,9,15,54,0,0,0,1,0
37,370955,1,1,0,0,0,1,1,149,1030,31,10,2011,2,10,45,0,4,4,NC-9,SR-1542,99999,35.20163333,-82.051997220,0,35,0,0,1,1,5,0,1,1,0,1,0,0000000,10,40,10,56,88,88,0,0,0,1,0
37,370956,1,1,0,0,0,1,1,155,2770,30,10,2011,1,17,40,0,4,3,SR-2220,SR-2224,99999,34.50551389,-78.994413890,0,34,0,0,1,1,4,0,1,1,0,1,0,0000000,17,39,17,44,18,8,0,0,0,1,0
37,370957,1,1,0,1,1,4,4,195,5070,30,10,2011,1,1,26,0,5,2,US-301,SR-1426,99999,35.76709167,-77.857536110,0,8,0,1,5,1,1,0,2,1,0,1,0,0000000,1,20,1,29,2,14,0,0,0,1,0
37,370958,2,1,1,0,0,2,2,101,2420,31,10,2011,2,10,55,1,1,1,I-95,SR-1118,99999,35.66401111,-78.086455560,0,14,0,0,1,1,2,0,1,1,0,1,0,0000000,10,53,11,1,99,99,0,0,0,1,0
37,370959,1,1,0,0,0,1,1,1,0,3,11,2011,5,6,10,1,1,1,I-40,,99999,99.99990000,999.999900000,0,34,0,0,1,1,4,0,3,1,0,1,0,0000000,6,16,6,27,88,88,0,0,0,1,0
37,370960,1,1,0,1,1,2,2,1,700,13,11,2011,1,3,12,0,16,6,S MEBANE ST,,99999,36.06885278,-79.469747220,0,8,0,0,1,1,1,0,3,1,0,1,0,0000000,3,12,3,21,88,88,0,0,0,1,1
37,370961,2,2,0,1,1,4,4,13,906,28,11,2011,2,17,42,0,14,3,SR-1143,,99999,35.62011667,-77.042786110,0,8,0,0,1,1,1,0,2,1,0,1,0,0000000,99,99,99,99,99,99,0,0,0,1,0
37,370962,2,2,0,0,0,3,3,17,0,23,11,2011,4,20,30,0,3,3,SR-87,SR-1155,99999,34.64170278,-78.675802780,0,12,6,0,2,2,1,0,2,1,0,1,0,0000000,20,28,20,36,21,16,0,0,0,1,0
37,370963,1,1,0,0,0,1,1,19,0,15,11,2011,3,0,8,0,4,3,SR-1335,,99999,34.12314167,-78.467236110,0,34,0,0,1,1,4,0,2,1,0,1,0,0000000,99,99,99,99,99,99,0,0,0,1,1
37,370964,1,1,0,0,0,2,2,45,530,16,11,2011,4,0,11,0,14,6,GEORGE HWY,,99999,99.99990000,999.999900000,0,34,0,0,1,1,4,0,2,10,3,3,0,0000000,99,99,99,99,99,99,0,0,0,1,1
37,370965,1,1,0,0,0,2,2,21,0,7,11,2011,2,3,37,0,3,3,SR-3254,,99999,35.46919167,-82.500752780,0,42,0,0,1,1,4,0,2,1,0,1,0,0000000,99,99,99,99,99,99,0,0,0,1,0
37,370966,1,1,0,1,1,2,2,21,170,24,11,2011,5,15,33,0,16,6,BROADWAY ST,,99999,35.59770833,-82.552708330,0,8,0,0,1,1,1,0,1,1,0,1,0,0000000,15,34,15,40,15,50,0,0,0,1,1
37,370967,2,2,0,0,0,7,7,25,1040,11,11,2011,6,16,12,1,11,1,I-85,,99999,35.44320833,-80.619750000,0,59,0,0,1,1,3,0,1,1,0,1,0,0000000,16,6,16,13,16,39,0,0,0,1,0
37,370968,2,2,0,0,0,2,2,27,2590,26,11,2011,7,21,0,0,16,6,SOUTHWEST BLVD,,99999,35.88754167,-81.562352780,0,12,1,0,1,1,1,0,2,1,0,1,0,0000000,21,2,21,7,88,88,0,0,0,1,1
37,370969,1,1,0,0,0,1,1,37,0,24,11,2011,5,10,25,1,2,2,US-15,,99999,35.80761667,-79.093755560,0,24,0,0,1,1,4,0,1,1,0,1,0,0000000,10,18,10,28,88,88,0,0,0,1,0
37,370970,1,1,0,0,0,3,3,41,0,12,11,2011,7,3,12,0,5,4,RP-1222,,99999,36.14932500,-76.676083330,0,42,0,0,1,1,4,0,2,1,0,1,0,0000000,3,9,3,17,4,20,0,0,0,1,1
37,370971,1,1,0,0,0,2,2,45,0,24,11,2011,5,17,12,0,6,4,RP-1626,,99999,35.52588611,-81.584227780,0,1,0,0,1,1,1,0,5,1,0,1,0,0000000,99,99,99,99,99,99,0,0,0,1,0
37,370972,1,1,0,0,0,1,1,47,0,6,11,2011,1,7,55,0,6,4,RP-1131,,99999,34.12013889,-78.820444440,0,42,0,0,1,1,4,0,2,1,0,1,0,0000000,7,49,8,20,88,88,0,0,0,1,0
37,370973,2,2,0,0,0,3,3,47,0,13,11,2011,1,18,34,0,4,4,RP-1004,,99999,99.99990000,999.999900000,0,12,2,0,1,1,1,0,2,1,0,1,0,0000000,18,24,18,40,19,30,0,0,0,1,0
37,370974,1,1,0,0,0,4,4,47,0,25,11,2011,6,3,19,0,6,4,RP-1356,,99999,34.28780278,-78.990136110,0,34,0,0,1,1,4,0,2,1,0,1,0,0000000,3,12,3,23,4,23,0,0,0,1,0
37,370975,1,1,0,0,0,2,2,49,0,13,11,2011,1,17,34,0,4,3,SR-55,,99999,35.21958333,-77.215238890,0,34,0,0,1,1,4,0,2,1,0,1,0,0000000,17,47,17,54,19,42,0,0,0,1,0
37,370976,2,2,0,0,0,2,2,51,4374,7,11,2011,2,9,50,1,13,3,SR-87,DEERFIELD DRIVE,99999,35.20036944,-78.989925000,0,12,6,0,2,2,1,0,1,1,0,1,0,0000000,9,51,10,2,88,88,0,0,0,1,0
37,370977,1,1,0,1,1,1,1,51,0,7,11,2011,2,16,8,0,6,4,RP-1852,,99999,35.01933333,-78.675988890,0,15,0,0,8,1,1,0,1,1,0,1,0,0000000,99,99,99,99,99,99,0,0,0,1,0
37,370978,1,1,0,0,0,1,1,51,0,10,11,2011,5,16,2,0,3,4,RP-1451,,99999,35.18781389,-79.006786110,0,34,0,0,1,1,4,0,2,10,0,10,0,0000000,99,99,99,99,99,99,0,0,0,1,1
37,370979,5,5,0,0,0,7,7,51,1670,18,11,2011,6,9,12,1,13,6,RAEFORD ROAD,SKIBO ROAD,99999,35.04433611,-78.976169440,0,12,6,0,2,3,1,0,1,1,0,1,0,0000000,9,19,9,27,10,5,0,0,0,1,0
37,370980,1,1,0,0,0,2,2,51,0,18,11,2011,6,19,0,0,6,4,RP-2233,,99999,34.91318611,-78.821938890,0,34,0,0,1,1,4,0,2,1,0,1,0,0000000,18,47,19,3,88,88,0,0,0,1,1
37,370981,1,1,0,1,1,2,2,53,0,19,11,2011,7,18,42,1,2,2,US-158,,99999,36.14962778,-75.852894440,0,8,0,0,1,1,1,0,2,1,0,1,0,0000000,18,44,18,49,20,17,0,0,0,1,0
37,370982,1,1,0,0,0,1,1,53,0,25,11,2011,6,12,4,0,5,4,RP-1222,,99999,99.99990000,999.999900000,0,18,0,0,1,1,4,0,1,1,0,1,0,0000000,99,99,99,99,99,99,0,0,0,1,0
37,370983,1,1,0,0,0,2,2,55,0,4,11,2011,6,14,6,0,3,3,SR-12,,99999,35.93021944,-75.609136110,0,34,0,0,1,1,4,0,1,2,7,2,0,0000000,14,2,14,13,88,88,0,0,0,1,0
37,370984,1,1,0,1,1,1,1,57,0,1,11,2011,3,19,11,0,6,4,RP-2416,,99999,35.74245556,-80.104436110,0,9,0,0,1,1,1,0,2,1,0,1,0,0000000,19,7,19,29,19,44,0,0,0,1,0
37,370985,2,2,0,0,0,2,2,57,2620,26,11,2011,7,14,43,0,15,6,W. 5TH STREET,SHOAF STREET,99999,35.82426111,-80.268527780,0,12,6,0,2,2,1,0,1,1,0,1,0,0000000,14,44,14,51,88,88,0,0,0,1,0
37,370986,1,1,0,0,0,1,1,67,0,4,11,2011,6,19,37,0,16,6,OLD BELEWS CREEK ROAD,,99999,36.13901389,-80.169836110,0,53,0,0,1,1,4,0,2,1,0,1,0,0000000,99,99,99,99,99,99,0,0,0,1,1
37,370987,2,2,0,0,0,2,2,67,2430,9,11,2011,4,13,17,0,4,6,UNION CROSS ROAD,PECAN LANE,99999,36.07690833,-80.108663890,0,12,2,0,3,3,11,0,1,1,0,1,0,0000000,99,99,99,99,99,99,0,0,0,1,0
37,370988,2,2,0,0,0,3,3,67,0,20,11,2011,1,9,29,1,2,2,US-311,,99999,36.20097778,-80.166388890,0,12,1,0,8,1,1,0,1,1,0,1,0,0000000,9,27,9,33,88,88,0,0,0,1,0
37,370989,1,1,0,0,0,1,1,67,2614,20,11,2011,1,17,42,0,15,6,RP-1525,,99999,36.13110556,-80.415802780,0,34,0,0,1,1,4,0,2,1,0,1,0,0000000,17,41,17,46,88,88,0,0,0,1,1
37,370990,2,2,0,0,0,3,3,67,5120,27,11,2011,1,19,57,0,16,6,HANES MILL ROAD,OAK SUMMIT SHOPPING CTR RD,99999,36.18952500,-80.272430560,0,12,6,0,2,2,1,0,3,10,0,10,0,0000000,20,0,20,6,88,88,0,0,0,1,1
37,370991,1,1,0,0,0,1,1,69,0,20,11,2011,1,1,47,0,6,4,RP-1141,,99999,36.08910833,-78.530991670,0,42,0,0,1,1,4,0,2,1,0,1,0,0000000,1,44,1,52,88,88,0,0,0,1,0
37,370992,2,2,0,0,0,4,4,71,1800,1,11,2011,3,16,30,0,16,6,E LONG AVE,,99999,35.28071944,-81.131541670,0,12,7,0,1,1,1,0,1,1,0,1,0,0000000,16,34,16,36,88,88,0,0,0,2,0
37,370993,1,1,0,0,0,1,1,71,0,30,11,2011,4,13,33,0,3,3,SR-1103,,99999,35.20113333,-81.216727780,0,53,0,0,1,1,4,0,1,1,0,1,0,0000000,13,30,13,50,14,20,0,0,0,1,0
37,370994,1,1,0,0,0,1,1,75,0,4,11,2011,6,0,45,1,2,2,US-129,,99999,35.24920278,-83.703302780,0,43,0,0,1,1,4,0,2,2,0,2,0,0000000,99,99,99,99,99,99,0,0,0,1,0
37,370995,2,2,0,0,0,2,2,77,0,3,11,2011,5,11,40,1,2,2,US-15,,99999,36.09578056,-78.736952780,0,12,2,0,1,1,1,0,1,1,0,1,0,0000000,11,36,11,40,11,41,0,0,0,2,1
37,370996,1,1,0,0,0,1,1,81,0,1,11,2011,3,22,0,1,2,3,SR-62,,99999,99.99990000,999.999900000,0,42,0,0,1,1,4,0,2,1,0,1,0,0000000,22,0,22,10,22,37,0,0,0,1,1
37,370997,2,2,0,0,0,2,2,81,2170,19,11,2011,7,16,31,0,16,6,LEONARD AVE,WOODBURY,99999,35.95931389,-79.988152780,0,12,6,0,2,2,1,0,1,1,0,1,0,0000000,16,32,16,38,88,88,0,0,0,1,0
37,370998,1,1,0,0,0,2,2,81,2170,30,11,2011,4,15,37,0,16,6,S COLLEGE DR,,99999,35.95736944,-79.992016670,0,5,0,0,1,1,1,0,1,1,0,1,0,0000000,15,38,15,49,16,0,0,0,0,1,0
37,370999,1,1,0,2,2,1,1,83,0,14,11,2011,2,22,55,0,4,3,SR-1357,,99999,36.42420556,-77.902855560,0,8,0,0,1,1,1,0,2,1,0,1,0,0000000,22,48,23,6,99,99,0,0,0,2,1
37,371000,2,2,0,0,0,3,3,85,0,15,11,2011,3,17,45,0,3,2,US-301,STEWART RD,99999,35.34923056,-78.559933330,0,12,6,0,2,3,1,0,2,1,0,1,0,0000000,17,40,17,45,18,3,0,0,0,1,0
37,371001,1,1,0,0,0,1,1,85,0,20,11,2011,1,0,39,0,3,3,SR-1117,,99999,35.30979722,-78.974011110,0,38,0,0,1,1,4,0,2,1,0,1,0,0000000,99,99,99,99,99,99,0,0,0,1,1
37,371002,1,1,0,0,0,1,1,89,0,26,11,2011,7,15,36,1,1,1,I-26,,99999,35.35965000,-82.459152780,0,24,0,0,1,1,3,0,1,10,0,10,0,0000000,99,99,99,99,99,99,0,0,0,1,0
37,371003,1,1,0,0,0,1,1,91,0,15,11,2011,3,3,29,0,4,4,RP-1100,,99999,36.25728333,-76.995219440,0,53,0,0,1,1,4,0,2,1,0,1,0,0000000,99,99,99,99,99,99,0,0,0,1,0
37,371004,2,2,0,0,0,2,2,93,0,5,11,2011,7,9,0,1,2,2,US-401,,99999,99.99990000,999.999900000,0,12,2,0,1,1,1,0,1,1,0,1,0,0000000,99,99,99,99,99,99,0,0,0,1,0
37,371005,1,1,0,1,1,1,1,97,0,2,11,2011,4,6,52,0,3,3,SR-2149,,99999,35.88954722,-80.721966670,0,8,0,0,1,1,1,0,2,1,0,1,0,0000000,99,99,99,99,99,99,0,0,0,1,0
37,371006,1,1,0,1,1,4,4,101,0,5,11,2011,7,22,22,1,1,1,I-95,,99999,35.49675000,-78.342669440,0,8,0,0,1,1,1,0,2,1,0,1,0,0000000,99,99,99,99,99,99,0,0,0,1,1
37,371007,3,3,0,0,0,6,6,101,0,17,11,2011,5,21,50,1,1,1,I-40,,99999,35.54816667,-78.567891670,0,12,6,0,1,1,1,0,2,1,0,1,0,0000000,99,99,99,99,99,99,0,0,0,2,0
37,371008,2,2,0,0,0,2,2,105,620,7,11,2011,2,17,28,0,16,6,E HARRINGTON AVE,SMITH RD,99999,35.46129167,-79.052963890,0,12,6,0,2,2,1,0,5,1,0,1,0,0000000,17,31,17,40,17,53,0,0,0,1,0
37,371009,2,2,0,0,0,2,2,105,0,16,11,2011,4,20,33,0,3,3,SR-1332,,99999,35.47394722,-79.218236110,0,12,6,0,1,1,4,0,2,2,0,2,0,0000000,20,36,20,44,99,99,0,0,0,1,1
37,371010,1,1,0,0,0,1,1,107,0,12,11,2011,7,7,22,0,3,3,SR-1803,,99999,35.23453611,-77.553777780,0,42,0,0,1,1,4,0,1,1,0,1,0,0000000,7,21,7,30,8,6,0,0,0,1,0
37,371011,2,2,0,0,0,2,2,115,0,24,11,2011,5,12,56,1,2,2,US-19,,99999,35.73386667,-82.549288890,0,12,2,0,1,1,1,0,1,1,0,1,0,0000000,12,54,13,6,99,99,0,0,0,1,0
37,371012,2,2,0,1,1,6,6,119,870,1,11,2011,3,19,12,0,16,6,E W T HARRIS BLVD,,99999,35.29770556,-80.744563890,0,8,0,0,1,1,1,0,2,1,0,1,0,0000000,19,12,19,22,88,88,0,0,0,1,0
37,371013,1,1,0,1,1,2,2,119,1200,3,11,2011,5,20,17,0,16,6,CONCORD RD,,99999,35.49472500,-80.837088890,0,8,0,0,1,1,1,0,2,3,0,3,0,0000000,20,17,20,24,99,99,0,0,0,1,0
37,371014,1,1,0,1,1,1,1,119,870,9,11,2011,4,19,15,0,16,6,BEATTIES FORD ROAD,,99999,35.26352222,-80.854569440,0,8,0,0,1,1,1,0,3,1,0,1,0,0000000,19,15,19,20,19,40,0,0,0,1,0