STATE,ST_CASE,VE_TOTAL,VE_FORMS,PVH_INVL,PEDS,PERNOTMVIT,PERMVIT,PERSONS,COUNTY,CITY,DAY,MONTH,YEAR,DAY_WEEK,HOUR,MINUTE,NHS,ROAD_FNC,ROUTE,TWAY_ID,TWAY_ID2,MILEPT,LATITUDE,LONGITUD,SP_JUR,HARM_EV,MAN_COLL,RELJCT1,RELJCT2,TYP_INT,REL_ROAD,WRK_ZONE,LGT_COND,WEATHER1,WEATHER2,WEATHER,SCH_BUS,RAIL,NOT_HOUR,NOT_MIN,ARR_HOUR,ARR_MIN,HOSP_HR,HOSP_MN,CF1,CF2,CF3,FATALS,DRUNK_DR
37,371015,1,1,0,1,1,2,2,119,870,20,11,2011,1,2,53,0,14,6,MONROE ROAD,JERILYN DRIVE,99999,35.18549444,-80.763313890,0,8,0,0,3,4,1,0,3,1,0,1,0,0000000,2,52,3,0,88,88,0,0,0,1,0
37,371016,2,2,0,0,0,3,3,119,870,20,11,2011,1,18,17,0,13,3,SR-49,,99999,35.10081667,-80.992413890,0,12,1,0,1,1,1,0,5,1,0,1,0,0000000,18,19,18,26,18,52,0,0,0,1,0
37,371017,1,1,0,0,0,1,1,119,870,29,11,2011,3,2,53,1,11,1,I-85,,99999,35.24378333,-80.898430560,0,59,0,0,1,1,4,0,3,10,0,10,0,0000000,2,49,2,59,88,88,0,0,0,1,1
37,371018,1,1,0,0,0,1,1,125,0,16,11,2011,4,17,45,0,6,4,RP-1802,,99999,35.31137778,-79.382013890,0,42,0,0,1,1,4,0,5,10,0,10,0,0000000,99,99,99,99,88,88,0,0,0,1,0
37,371019,1,1,0,0,0,1,1,125,0,19,11,2011,7,2,15,1,2,2,US-1,,99999,35.08535000,-79.485936110,0,59,0,0,1,1,3,0,2,1,0,1,0,0000000,99,99,99,99,88,88,0,0,0,1,1
37,371020,2,2,0,0,0,2,2,125,0,28,11,2011,2,8,0,0,13,3,SR-211,,99999,35.27223333,-79.603222220,0,12,6,0,8,1,1,0,1,1,0,1,0,0000000,99,99,99,99,88,88,0,0,0,1,0
37,371021,1,1,0,1,1,1,1,129,0,7,11,2011,2,18,59,1,2,2,US-117,,99999,34.32999167,-77.885980560,0,8,0,0,1,1,1,0,2,1,0,1,0,0000000,18,53,18,59,88,88,0,0,0,1,0
37,371022,3,3,0,0,0,4,4,129,0,14,11,2011,2,21,40,1,2,2,US-117,,99999,34.30476389,-77.877158330,0,12,2,0,1,1,1,0,2,1,0,1,0,0000000,21,42,21,48,22,27,0,0,0,1,0
37,371023,1,1,0,1,1,1,1,129,0,17,11,2011,5,18,30,0,6,4,RP-1276,,99999,34.11021111,-77.906094440,0,8,0,0,1,1,1,0,3,1,0,1,0,0000000,18,28,18,37,88,88,0,0,0,1,0
37,371024,2,2,0,0,0,4,4,129,5060,20,11,2011,1,13,8,0,13,6,3RD STREET,,99999,34.21216111,-77.945527780,0,12,2,0,1,1,1,0,1,1,0,1,0,0000000,15,7,15,12,99,99,0,0,0,1,1
37,371025,1,1,0,0,0,1,1,131,0,20,11,2011,1,3,55,0,6,4,RP-1341,,99999,36.48202778,-77.313930560,0,42,0,0,1,1,4,0,2,1,0,1,0,0000000,99,99,99,99,99,99,0,0,0,1,1
37,371026,2,2,0,0,0,6,6,131,0,26,11,2011,7,20,52,0,4,3,SR-305,,99999,36.31135000,-77.308758330,0,12,2,0,1,1,1,0,2,1,0,1,0,0000000,99,99,99,99,99,99,0,0,0,1,1
37,371027,2,2,0,0,0,2,2,133,0,13,11,2011,1,6,49,0,4,3,SR-111,,99999,34.84054444,-77.610402780,0,12,2,0,1,1,1,0,1,1,0,1,0,0000000,6,46,6,50,99,99,0,0,0,1,1
37,371028,3,3,0,0,0,8,8,133,2220,26,11,2011,7,17,30,1,2,2,US-17,,99999,34.48820000,-77.564213890,0,12,1,0,1,1,1,0,1,1,0,1,0,0000000,17,31,17,47,99,99,0,0,0,1,1
37,371029,1,1,0,0,0,2,2,135,0,8,11,2011,3,14,27,0,5,4,RP-1942,,99999,35.88732778,-79.124013890,0,32,0,0,1,1,4,0,1,1,0,1,0,0000000,99,99,99,99,99,99,0,0,0,2,0
37,371030,1,1,0,0,0,2,2,135,0,12,11,2011,7,7,1,1,2,2,US-70,,99999,36.05704167,-79.050591670,0,38,0,0,1,1,4,0,1,1,0,1,0,0000000,99,99,99,99,99,99,0,0,0,1,1
37,371031,1,1,0,1,1,1,1,139,0,11,11,2011,6,5,57,1,2,2,US-17,,99999,36.34501944,-76.259141670,0,8,0,0,1,1,1,0,2,1,0,1,0,0000000,5,55,5,58,88,88,0,0,0,1,0
37,371032,2,2,0,0,0,3,3,139,1460,20,11,2011,1,12,19,0,14,6,HALSTEAD BLVD,,99999,36.29302222,-76.245780560,0,12,6,0,8,1,1,0,1,1,0,1,0,0000000,12,21,12,25,12,57,0,0,0,2,0
37,371033,1,1,0,0,0,1,1,141,0,27,11,2011,1,0,17,0,6,4,RP-1336,,99999,34.63963889,-77.968791670,0,34,0,0,1,1,4,0,2,1,0,1,0,0000000,99,99,99,99,99,99,0,0,0,1,1
37,371034,2,2,0,1,1,2,2,145,4010,14,11,2011,2,10,37,1,12,2,US-501,,99999,36.35080556,-78.982291670,0,12,1,0,1,1,1,0,1,1,0,1,0,0000000,10,38,10,43,10,57,0,0,0,1,0
37,371035,1,1,0,0,0,1,1,147,0,20,11,2011,1,13,35,0,5,4,RP-1200,,99999,35.60435000,-77.459927780,0,1,0,0,1,1,4,0,1,1,0,1,0,0000000,13,17,13,20,13,36,0,0,0,1,0
37,371036,1,1,0,0,0,1,1,149,1030,8,11,2011,3,7,57,0,4,3,SR-1138,SR-1140,99999,35.31109444,-82.195233330,0,1,0,0,1,1,2,0,1,1,0,1,0,0000000,7,47,7,55,88,88,0,0,0,1,0
37,371037,2,2,0,0,0,3,3,151,130,13,11,2011,1,9,10,1,2,2,US-311,SR-1946 (LOFLIN DAIRY ROAD),99999,35.84836389,-79.883355560,0,12,6,0,8,1,1,0,1,1,0,1,0,0000000,9,6,9,11,99,99,0,0,0,1,0
37,371038,1,1,0,1,1,1,1,151,160,26,11,2011,7,0,34,1,13,2,US-220B,FOSTER STREET,99999,35.68161111,-79.817230560,0,8,0,0,1,1,1,0,3,1,0,1,0,0000000,0,34,0,37,0,48,0,0,0,1,0
37,371039,2,2,0,0,0,2,2,155,2770,10,11,2011,5,17,19,0,4,3,SR-1004,SR-1971,99999,34.68360000,-78.875480560,0,12,8,0,1,1,1,0,2,2,0,2,0,0000000,17,18,17,30,18,24,0,0,0,1,0
37,371040,2,2,0,1,1,1,1,155,4050,16,11,2011,4,22,54,0,4,3,SR-1006 (MORGAN J RD),SR-1931 (MARTIN RD),99999,34.73451944,-78.924125000,0,8,0,0,1,1,1,0,2,10,0,10,0,0000000,22,51,23,6,0,15,23,0,0,1,0
37,371041,2,2,0,0,0,3,3,155,4000,17,11,2011,5,5,8,1,1,1,I-95,NC-130,99999,34.52644722,-79.271247220,0,12,2,0,1,1,1,0,2,1,0,1,0,0000000,7,7,7,19,8,23,23,0,0,1,0
37,371042,1,1,0,0,0,2,2,155,4050,21,11,2011,2,20,6,0,4,3,SR-1920,SR-1919,99999,34.80278889,-78.909641670,0,1,0,0,1,1,4,0,2,1,0,1,0,0000000,20,6,20,23,21,27,0,0,0,1,0
37,371043,1,1,0,1,1,1,1,161,4040,26,11,2011,7,6,34,0,4,3,SR-1004,CL-POLK,99999,35.25684167,-81.961513890,0,8,0,0,1,1,1,0,2,1,0,1,0,0000000,6,30,6,42,88,88,0,0,0,1,0
37,371044,1,1,0,1,1,2,2,163,970,28,11,2011,2,15,34,0,6,5,PARK AVENUE,PEACHTREE ROAD,99999,35.00760278,-78.318725000,0,8,0,0,1,1,1,0,1,1,0,1,0,0000000,15,35,15,38,16,54,0,0,0,1,0
37,371045,2,2,0,0,0,2,2,169,2438,3,11,2011,5,13,17,0,4,5,NC-268,BRIMES GROVE ROAD,99999,36.41076111,-80.413405560,0,12,6,0,2,3,1,0,1,1,0,1,0,0000000,13,10,13,25,14,42,0,0,0,1,0
37,371046,2,2,0,0,0,4,4,179,0,6,11,2011,1,15,2,0,4,3,SR-218,RP-1001,99999,35.13376944,-80.449716670,0,12,6,0,2,2,1,0,1,1,0,1,0,0000000,15,1,15,8,16,10,0,0,0,1,0
37,371047,2,2,0,0,0,2,2,181,2120,3,11,2011,5,10,8,0,15,6,RUIN CREEK ROAD,,99999,36.33012500,-78.448055560,0,12,6,0,8,1,1,0,1,1,0,1,0,0000000,9,57,10,1,10,21,0,0,0,1,0
37,371048,1,1,0,1,1,1,1,181,2120,20,11,2011,1,19,39,0,13,6,DABNEY DRIVE,,99999,36.32780556,-78.425658330,0,8,0,0,1,1,1,0,2,1,0,1,0,0000000,19,40,19,45,20,8,0,0,0,1,0
37,371049,1,1,0,0,0,1,1,183,3750,8,11,2011,3,7,19,0,6,4,GLOBE ROAD,,99999,35.89979722,-78.808052780,0,42,0,0,1,1,4,0,1,1,0,1,0,0000000,99,99,99,99,99,99,0,0,0,1,1
37,371050,4,4,0,0,0,5,5,183,0,11,11,2011,6,12,38,1,1,1,I-40,,99999,35.85320000,-78.802519440,0,12,7,0,1,1,1,0,1,1,0,1,0,0000000,99,99,99,99,99,99,0,0,0,1,0
37,371051,1,1,0,1,1,1,1,183,0,30,11,2011,4,18,15,1,2,2,US-401,,99999,35.67176667,-78.690877780,0,8,0,0,1,1,1,0,2,1,0,1,0,0000000,99,99,99,99,99,99,0,0,0,1,0
37,371052,2,2,0,0,0,10,10,189,0,6,11,2011,1,1,26,1,2,2,US-321,,99999,36.18391111,-81.650669440,0,12,2,0,1,1,1,0,2,1,0,1,0,0000000,99,99,99,99,99,99,0,0,0,1,1
37,371053,1,1,0,0,0,1,1,189,0,25,11,2011,6,9,12,0,6,4,RP-1541,,99999,36.15962778,-81.691530560,0,42,0,0,1,1,4,0,1,1,0,1,0,0000000,99,99,99,99,99,99,0,0,0,1,0
37,371054,2,2,0,0,0,2,2,191,0,20,11,2011,1,21,50,0,4,3,SR-111,,99999,35.17282222,-77.884986110,0,12,7,0,1,1,1,0,2,1,0,1,0,0000000,21,46,21,54,22,32,0,0,0,1,0
37,371055,2,2,0,0,0,2,2,197,0,4,11,2011,6,16,15,1,2,2,US-421,,99999,36.11806111,-80.732558330,0,57,0,0,1,1,3,0,1,2,0,2,0,0000000,16,18,16,23,88,88,0,0,0,1,0
37,371056,3,3,0,0,0,3,3,3,0,20,12,2011,3,6,44,0,3,3,SR-16,,99999,35.97819444,-81.187841670,0,12,2,0,1,1,1,0,3,1,0,1,0,0000000,6,42,6,54,7,30,14,0,0,1,0
37,371057,1,1,0,0,0,3,3,7,4770,31,12,2011,7,8,27,1,13,2,US-109,,99999,34.95155278,-80.086363890,0,35,0,0,1,1,4,0,1,1,0,1,0,0000000,8,27,8,30,9,10,0,0,0,1,1
37,371058,1,1,0,1,1,1,1,11,0,15,12,2011,5,14,26,1,2,2,US-221,,99999,35.98758056,-81.948077780,0,9,0,0,1,1,1,0,1,10,0,10,0,0000000,14,15,14,29,14,36,0,0,0,1,0
37,371059,2,2,0,0,0,4,4,15,3700,28,12,2011,4,11,27,0,3,2,US-13,SR-42,99999,36.23002500,-76.939555560,0,12,6,0,2,2,1,0,1,1,0,1,0,0000000,11,38,11,47,12,40,0,0,0,1,0
37,371060,1,1,0,0,0,1,1,17,0,11,12,2011,1,2,49,0,4,3,SR-211,,99999,34.56053889,-78.823511110,0,42,0,0,1,1,4,0,2,1,0,1,0,0000000,2,38,2,53,99,99,0,0,0,1,0
37,371061,2,2,0,0,0,3,3,19,0,12,12,2011,2,8,39,0,6,4,RP-1320,,99999,33.97546389,-78.430200000,0,12,6,0,1,1,1,0,1,1,0,1,0,0000000,99,99,99,99,99,99,0,0,0,1,0
37,371062,1,1,0,0,0,1,1,21,0,2,12,2011,6,6,58,0,4,4,RP-2002,,99999,35.60237500,-82.479088890,0,42,0,0,1,1,4,0,4,1,0,1,0,0000000,7,7,7,22,88,88,0,0,0,1,0
37,371063,2,2,0,0,0,3,3,21,0,3,12,2011,7,17,35,0,4,4,RP-3136,RP-3221,99999,35.46603611,-82.462263890,0,12,6,0,3,3,1,0,5,1,0,1,0,0000000,17,34,17,47,18,31,0,0,0,1,0
37,371064,2,2,0,0,0,3,3,21,0,11,12,2011,1,13,10,1,2,2,US-70,,99999,99.99990000,999.999900000,0,33,0,0,1,1,4,0,1,10,0,10,0,0000000,13,12,13,30,14,2,0,0,0,1,0
37,371065,2,2,0,0,0,9,9,23,1850,18,12,2011,1,13,0,0,15,6,LONDON STREET,CAUSBY STREET,99999,35.72328056,-81.773869440,0,12,2,0,2,3,1,0,1,1,0,1,0,0000000,12,41,12,48,13,54,0,0,0,1,0
37,371066,1,1,0,0,0,1,1,31,3120,3,12,2011,7,23,54,0,16,6,BUSINESS DRIVE,,99999,34.74262222,-76.797969440,0,34,0,0,1,1,4,0,2,1,0,1,0,0000000,23,57,0,1,1,51,0,0,0,1,1
37,371067,1,1,0,0,0,2,2,35,0,13,12,2011,3,0,14,0,5,4,RP-1002,,99999,35.66287500,-81.426244440,0,30,0,0,1,1,4,0,2,1,0,1,0,0000000,1,43,1,53,99,99,0,0,0,2,1
37,371068,1,1,0,0,0,2,2,35,0,18,12,2011,1,20,15,0,4,3,SR-16,,99999,35.63217500,-81.155741670,0,57,0,0,1,1,3,0,2,1,0,1,0,0000000,20,14,20,20,99,99,0,0,0,1,1
37,371069,1,1,0,1,1,1,1,47,5020,3,12,2011,7,22,45,0,16,6,J K POWELL,W VIRGIL ST,99999,34.32455556,-78.708094440,0,8,0,0,2,2,1,0,2,1,0,1,0,0000000,22,45,22,50,22,58,0,0,0,1,0
37,371070,2,2,0,0,0,2,2,47,0,22,12,2011,5,19,9,0,3,3,SR-130,,99999,99.99990000,999.999900000,0,12,2,0,1,1,1,0,2,10,0,10,0,0000000,18,56,19,9,19,37,0,0,0,1,2
37,371071,1,1,0,0,0,1,1,49,0,1,12,2011,5,22,27,0,3,3,SR-1169,,99999,35.15910000,-76.666777780,0,32,0,0,1,1,4,0,2,1,0,1,0,0000000,99,99,99,99,99,99,0,0,0,1,1
37,371072,2,2,0,0,0,2,2,49,3250,3,12,2011,7,2,6,0,16,6,OAKS RD,SIMMONS ST,99999,35.12760278,-77.062269440,0,12,6,0,2,2,1,0,2,1,0,1,0,0000000,99,99,99,99,99,99,0,0,0,1,1
37,371073,1,1,0,1,1,1,1,49,1280,8,12,2011,5,19,19,0,3,3,SR-1005,,99999,35.21921111,-77.442336110,0,8,0,0,1,1,1,0,3,1,0,1,0,0000000,99,99,99,99,99,99,0,0,0,1,0
37,371074,2,2,0,0,0,5,5,49,0,30,12,2011,6,20,35,0,4,2,US-70,,99999,99.99990000,999.999900000,0,12,1,0,1,1,1,0,2,1,0,1,0,0000000,99,99,99,99,99,99,0,0,0,1,0
37,371075,2,2,0,0,0,3,3,51,1670,17,12,2011,7,18,41,0,16,6,CLIFFDALE RD,RIVENDALE DR,99999,35.03473056,-79.061147220,0,12,6,0,3,2,1,0,2,1,0,1,0,0000000,18,46,18,54,19,17,0,0,0,1,0
37,371076,1,1,0,1,1,3,3,53,0,11,12,2011,1,20,57,0,3,3,SR-1216,,99999,36.51044722,-76.185555560,0,8,0,0,1,1,1,0,2,1,0,1,0,0000000,20,55,21,3,99,99,0,0,0,1,0
37,371077,1,1,0,0,0,2,2,55,2461,24,12,2011,7,6,3,0,16,6,TNT CONCRETE,,99999,99.99990000,999.999900000,0,18,0,0,1,1,5,0,2,1,0,1,0,0000000,6,5,6,15,99,99,0,0,0,1,1
37,371078,3,3,0,2,2,3,3,57,0,20,12,2011,3,2,13,1,2,2,US-52,,99999,35.72482778,-80.386136110,0,8,0,0,1,1,1,0,2,1,0,1,0,0000000,2,12,2,22,88,88,0,0,0,2,0
37,371079,1,1,0,0,0,1,1,57,0,24,12,2011,7,9,11,0,3,3,SR-1736,,99999,36.00867778,-80.072525000,0,38,0,0,1,1,4,0,1,10,0,10,0,0000000,9,9,9,18,88,88,0,0,0,1,1
37,371080,1,1,0,0,0,2,2,61,0,6,12,2011,3,23,5,0,3,3,SR-41,,99999,99.99990000,999.999900000,0,34,0,0,1,1,4,0,2,1,0,1,0,0000000,23,3,23,15,99,99,0,0,0,1,0
37,371081,1,1,0,0,0,1,1,63,1360,4,12,2011,1,2,15,1,12,2,US-501,,99999,35.99448889,-78.958061110,0,59,0,0,1,1,4,0,2,1,0,1,0,0000000,99,99,99,99,99,99,0,0,0,1,1
37,371082,2,2,0,0,0,2,2,63,0,15,12,2011,5,13,46,1,2,2,US-70,,99999,99.99990000,999.999900000,0,12,2,0,1,1,1,0,1,1,0,1,0,0000000,13,41,13,47,14,10,0,0,0,1,0
37,371083,1,1,0,0,0,1,1,65,0,24,12,2011,7,0,55,0,3,3,SR-97,,99999,35.97404444,-77.779097220,0,11,0,0,1,1,1,0,2,1,0,1,0,0000000,0,44,0,55,1,33,0,0,0,1,0
37,371084,2,2,0,0,0,2,2,67,5120,2,12,2011,6,23,6,0,16,6,REYNOLDS PARK RD,,99999,36.08728611,-80.207386110,0,12,2,0,1,1,1,0,3,1,0,1,0,0000000,23,9,23,17,23,37,0,0,0,1,1
37,371085,2,2,0,0,0,2,2,67,5120,8,12,2011,5,8,43,0,16,6,MURRAY RD,,99999,36.19241389,-80.309269440,0,12,1,0,1,1,1,0,1,1,0,1,0,0000000,8,44,8,52,9,45,0,0,0,1,0
37,371086,1,1,0,1,1,2,2,67,0,12,12,2011,2,18,13,0,2,3,SR-2700,,99999,36.06577222,-80.201436110,0,8,0,0,1,1,1,0,2,10,0,10,0,0000000,99,99,99,99,99,99,0,0,0,1,0
37,371087,1,1,0,0,0,2,2,67,5120,15,12,2011,5,2,11,0,16,6,BROOKSTOWN AVE,,99999,36.09273889,-80.250416670,0,35,0,0,1,1,4,0,3,1,0,1,0,0000000,2,17,2,28,2,50,0,0,0,1,1
37,371088,1,1,0,0,0,1,1,69,0,12,12,2011,2,1,59,0,3,3,SR-1139,,99999,36.04881111,-78.538138890,0,42,0,0,1,1,4,0,2,1,0,1,0,0000000,1,54,2,12,88,88,0,0,0,1,1
37,371089,3,3,0,0,0,5,5,71,390,5,12,2011,2,14,10,1,12,2,US-29,,99999,35.25174444,-81.031369440,0,12,2,0,1,1,1,0,1,2,10,2,0,0000000,14,10,14,15,14,50,14,0,0,1,0
37,371090,1,1,0,0,0,1,1,77,0,4,12,2011,1,5,55,0,3,3,SR-1646,,99999,36.33399444,-78.586077780,0,42,0,0,1,1,4,0,2,1,0,1,0,0000000,5,50,6,0,6,21,0,0,0,1,1
37,371091,1,1,0,0,0,1,1,77,0,20,12,2011,3,23,0,0,3,3,SR-96,,99999,36.54115000,-78.776341670,0,34,0,0,1,1,4,0,2,1,0,1,0,0000000,23,1,23,16,88,88,0,0,0,1,1
37,371092,2,2,0,0,0,3,3,77,0,21,12,2011,4,14,8,1,2,2,US-15,,99999,36.09425278,-78.738669440,0,12,2,0,1,1,1,0,1,2,10,2,0,0000000,13,55,14,5,99,99,0,0,0,1,0
37,371093,1,1,0,0,0,2,2,77,0,28,12,2011,4,23,25,0,3,3,SR-1606,,99999,36.28945833,-78.558180560,0,42,0,0,1,1,4,0,2,1,0,1,0,0000000,23,25,23,35,99,99,0,0,0,1,1
37,371094,2,2,0,0,0,3,3,81,2170,17,12,2011,7,23,52,1,1,1,I-85,,99999,35.93095000,-79.921244440,0,12,1,0,1,1,1,0,2,1,0,1,0,0000000,0,5,0,16,0,29,0,0,0,1,1
37,371095,2,2,0,0,0,3,3,81,0,23,12,2011,6,21,10,0,3,3,SR-3045,,99999,36.08891389,-79.679133330,0,11,0,0,1,1,1,0,2,1,0,1,0,0000000,21,8,21,26,21,50,14,0,0,1,1
37,371096,1,1,0,0,0,1,1,81,0,27,12,2011,3,10,23,1,1,1,I-85,,99999,35.98534167,-79.877613890,0,59,0,0,1,1,4,0,1,2,10,2,0,0000000,10,24,10,32,88,88,0,0,0,1,0
37,371097,1,1,0,1,1,1,1,85,1560,5,12,2011,2,20,27,0,16,6,N 12TH ST,,99999,35.33371944,-78.675141670,0,8,0,0,4,1,1,0,3,1,0,1,0,0000000,20,28,20,37,20,46,0,0,0,1,0
37,371098,1,1,0,0,0,1,1,93,0,16,12,2011,6,1,35,0,3,3,SR-1406,,99999,34.99135833,-79.110002780,0,53,0,0,1,1,4,0,2,1,0,1,0,0000000,99,99,99,99,99,99,0,0,0,1,1
37,371099,1,1,0,0,0,1,1,97,4430,7,12,2011,4,13,26,0,16,6,SHELTON AVE,,99999,35.73670556,-80.898516670,0,21,0,0,1,1,4,0,1,2,0,2,0,0000000,99,99,99,99,99,99,0,0,0,1,0
37,371100,1,1,0,0,0,1,1,97,0,31,12,2011,7,18,31,0,3,3,SR-2113,,99999,35.99321111,-80.736702780,0,34,0,0,1,1,4,0,2,1,0,1,0,0000000,18,37,18,59,88,88,0,0,0,1,1
37,371101,2,2,0,0,0,5,5,101,930,10,12,2011,7,11,36,0,16,6,AMELIA CHURCH RD,,99999,35.62720556,-78.490455560,0,12,2,0,1,1,1,0,1,1,0,1,0,0000000,11,35,11,41,12,24,0,0,0,1,0
37,371102,2,2,0,0,0,2,2,101,0,13,12,2011,3,16,45,1,1,1,I-95,,99999,35.36804167,-78.547025000,0,12,2,0,1,1,1,0,1,1,0,1,0,0000000,99,99,99,99,99,99,0,0,0,1,0
37,371103,1,1,0,0,0,1,1,101,0,15,12,2011,5,2,10,0,3,3,SR-1714,,99999,35.69322222,-78.417975000,0,42,0,0,1,1,4,0,2,1,0,1,0,0000000,2,12,2,23,88,88,0,0,0,1,1
37,371104,1,1,0,1,1,1,1,105,4090,10,12,2011,7,17,46,0,13,3,SR-87,,99999,35.32103611,-79.091175000,0,9,0,0,1,1,1,0,3,1,0,1,0,0000000,17,48,17,52,18,23,0,0,0,1,0
37,371105,1,1,0,0,0,1,1,109,0,21,12,2011,4,13,15,0,3,3,SR-1376,,99999,99.99990000,999.999900000,0,43,0,0,1,1,4,0,1,2,0,2,0,0000000,13,15,13,25,14,59,0,0,0,1,0
37,371106,1,1,0,0,0,1,1,111,0,3,12,2011,7,14,53,1,2,2,US-70,,99999,99.99990000,999.999900000,0,24,0,0,1,1,4,0,1,1,0,1,0,0000000,14,35,14,39,88,88,0,0,0,1,1
37,371107,2,1,1,0,0,2,2,111,2900,13,12,2011,3,2,59,0,16,6,RUTHERFORD RD,,99999,35.66587778,-81.979836110,0,14,0,0,1,1,5,0,2,1,0,1,0,0000000,2,59,3,4,3,55,0,0,0,1,1
37,371108,2,2,0,0,0,5,5,119,870,3,12,2011,7,16,47,0,16,6,UNIVERSITY CITY BLVD,,99999,35.30749444,-80.721619440,0,12,7,0,1,1,1,0,1,1,0,1,0,0000000,16,46,16,59,99,99,0,0,0,1,0
37,371109,1,1,0,1,1,3,3,119,3095,8,12,2011,5,18,49,0,16,6,MATTHEWS MINT HILL RD,,99999,35.12909444,-80.685747220,0,8,0,0,1,1,1,0,3,1,0,1,0,0000000,99,99,99,99,99,99,0,0,0,1,0
37,371110,2,2,0,0,0,2,2,119,870,10,12,2011,7,4,10,1,1,1,I-85,,99999,35.32451667,-80.747969440,0,12,1,0,1,1,1,0,3,1,0,1,0,0000000,4,5,4,11,99,99,0,0,0,1,1
37,371111,1,1,0,1,1,1,1,119,870,14,12,2011,4,1,45,0,16,6,UNIVERSITY CITY BLVD,W T HARRIS BLVD,99999,35.30701111,-80.722283330,0,8,0,0,2,2,1,0,2,1,0,1,0,0000000,1,50,1,56,88,88,0,0,0,1,0
37,371112,3,3,0,0,0,3,3,119,870,21,12,2011,4,19,44,0,16,6,PARK RD,HAMPTON GARDENS LANE,99999,35.18478889,-80.852738890,0,12,6,0,2,2,1,0,3,10,0,10,0,0000000,19,43,19,48,88,88,14,0,0,1,1
37,371113,1,1,0,1,1,2,2,123,0,16,12,2011,6,16,38,0,3,3,SR-24,,99999,35.35877222,-79.891191670,0,8,0,0,1,1,1,0,1,10,0,10,0,0000000,16,30,16,36,88,88,0,0,0,1,0
37,371114,2,2,0,0,0,2,2,125,0,22,12,2011,5,9,39,0,3,3,SR-1838,,99999,35.19910000,-79.476508330,0,1,0,0,1,1,1,0,1,10,0,10,0,0000000,99,99,99,99,99,99,0,0,0,1,0
37,371115,3,3,0,0,0,3,3,127,0,23,12,2011,6,14,38,1,2,2,US-301,,99999,35.82240000,-77.855533330,0,12,8,0,1,1,1,0,1,1,0,1,0,0000000,14,37,14,44,99,99,14,0,0,1,0
37,371116,1,1,0,1,1,1,1,129,5060,16,12,2011,6,1,57,0,16,6,MARTIN LUTHER KING JR PKWY,,99999,34.25448056,-77.901280560,0,8,0,0,1,1,1,0,2,1,0,1,0,0000000,1,55,1,58,88,88,0,0,0,1,0
37,371117,2,2,0,0,0,4,4,133,0,29,12,2011,5,13,54,0,3,3,SR-24,,99999,34.46339444,-77.483452780,0,12,1,0,1,1,1,0,1,1,0,1,0,0000000,13,55,14,7,14,47,0,0,0,1,0
37,371118,1,1,0,0,0,1,1,135,0,2,12,2011,6,7,53,0,3,3,SR-1125,,99999,99.99990000,999.999900000,0,34,0,0,1,1,4,0,1,1,0,1,0,0000000,7,49,7,56,88,88,0,0,0,1,1
37,371119,2,2,0,0,0,2,2,139,0,13,12,2011,3,15,12,0,3,3,SR-344,,99999,36.29709722,-76.248225000,0,12,8,0,1,1,1,0,1,1,0,1,0,0000000,99,99,99,99,99,99,0,0,0,1,1
37,371120,1,1,0,0,0,1,1,147,1950,24,12,2011,7,18,1,0,16,6,KRISTIN DR,,99999,99.99990000,999.999900000,0,53,0,0,1,1,4,0,3,10,0,10,0,0000000,17,59,18,4,18,20,0,0,0,1,0
37,371121,4,4,0,0,0,6,6,151,0,22,12,2011,5,16,50,0,3,3,SR-49,,99999,35.68094167,-79.848975000,0,12,8,0,1,1,1,0,1,2,0,2,0,0000000,16,51,17,1,99,99,14,0,0,2,0
37,371122,1,1,0,0,0,1,1,153,0,11,12,2011,1,17,24,0,3,3,SR-2031,,99999,99.99990000,999.999900000,0,35,0,0,1,1,4,0,2,1,0,1,0,0000000,17,17,17,25,17,42,0,0,0,1,0
37,371123,1,1,0,0,0,1,1,155,0,5,12,2011,2,8,7,0,3,3,SR-1339,,99999,34.75292778,-79.274000000,0,34,0,0,1,1,4,0,1,1,0,1,0,0000000,99,99,99,99,99,99,0,0,0,1,0
37,371124,2,2,0,0,0,2,2,155,0,17,12,2011,7,23,38,0,3,3,SR-1774,,99999,34.81454444,-79.172966670,0,12,2,0,1,1,1,0,2,1,0,1,0,0000000,23,36,23,38,1,21,0,0,0,1,1
37,371125,2,2,0,0,0,3,3,157,0,12,12,2011,2,18,9,0,3,3,SR-87,,99999,36.43133611,-79.765341670,0,12,2,0,1,1,1,0,2,1,0,1,0,0000000,18,9,18,19,19,21,0,0,0,1,0
37,371126,1,1,0,0,0,5,5,159,0,10,12,2011,7,13,38,0,3,3,SR-150,,99999,99.99990000,999.999900000,0,35,0,0,1,1,4,0,1,1,0,1,0,0000000,13,37,13,47,99,99,0,0,0,1,0