STATE,ST_CASE,VE_TOTAL,VE_FORMS,PVH_INVL,PEDS,PERNOTMVIT,PERMVIT,PERSONS,COUNTY,CITY,DAY,MONTH,YEAR,DAY_WEEK,HOUR,MINUTE,NHS,ROAD_FNC,ROUTE,TWAY_ID,TWAY_ID2,MILEPT,LATITUDE,LONGITUD,SP_JUR,HARM_EV,MAN_COLL,RELJCT1,RELJCT2,TYP_INT,REL_ROAD,WRK_ZONE,LGT_COND,WEATHER1,WEATHER2,WEATHER,SCH_BUS,RAIL,NOT_HOUR,NOT_MIN,ARR_HOUR,ARR_MIN,HOSP_HR,HOSP_MN,CF1,CF2,CF3,FATALS,DRUNK_DR
37,371127,1,1,0,0,0,1,1,159,0,15,12,2011,5,17,10,0,3,3,SR-1741,,99999,35.75388056,-80.638930560,0,30,0,0,1,1,4,0,2,1,0,1,0,0000000,17,7,17,20,88,88,0,0,0,1,1
37,371128,2,2,0,0,0,3,3,159,0,25,12,2011,1,12,37,0,3,3,SR-1710,,99999,35.67556389,-80.534802780,0,12,6,0,1,1,1,0,1,10,0,10,0,0000000,12,36,12,45,13,20,0,0,0,2,1
37,371129,1,1,0,1,1,1,1,161,1680,16,12,2011,6,17,47,0,16,6,OAK ST,,99999,35.33290833,-81.876275000,0,8,0,0,1,1,1,0,3,2,0,2,0,0000000,17,49,17,49,18,12,0,0,0,1,0
37,371130,2,2,0,0,0,2,2,171,1480,26,12,2011,2,20,35,0,2,3,SR-268,AUSTIN TRAPHILL RD,99999,36.25478889,-80.878891670,0,12,6,0,2,2,1,0,2,10,0,10,0,0000000,99,99,99,99,99,99,0,0,0,1,0
37,371131,2,1,1,1,1,1,1,179,0,15,12,2011,5,15,50,1,2,2,US-74,,99999,34.98272778,-80.446752780,0,8,0,0,1,1,1,0,1,1,0,1,0,0000000,15,55,16,4,16,30,23,0,0,1,0
37,371132,1,1,0,1,1,1,1,183,0,3,12,2011,7,23,18,1,2,2,US-70,,99999,35.70253056,-78.602788890,0,8,0,0,1,1,1,0,2,1,0,1,0,0000000,99,99,99,99,99,99,0,0,0,1,0
37,371133,1,1,0,0,0,2,2,183,0,4,12,2011,1,2,45,0,3,3,SR-1110,,99999,35.59683889,-78.816502780,0,1,0,0,1,1,4,0,2,10,0,10,0,0000000,99,99,99,99,99,99,0,0,0,1,1
37,371134,1,1,0,1,1,2,2,183,4790,6,12,2011,3,17,59,0,16,6,WAIT AVE,ALLEN RD,99999,35.97597778,-78.501063890,0,8,0,0,2,2,1,0,3,10,0,10,0,0000000,99,99,99,99,99,99,0,0,0,1,0
37,371135,2,2,0,0,0,2,2,183,0,6,12,2011,3,22,24,0,3,3,SR-1006,,99999,35.53316111,-78.694877780,0,12,2,0,1,1,1,0,2,1,0,1,0,0000000,99,99,99,99,99,99,0,0,0,1,1
37,371136,2,2,0,0,0,2,2,183,0,18,12,2011,1,0,52,0,16,6,LYNN RD,LEAD MINE RD,99999,35.87076667,-78.663236110,0,12,6,0,2,2,1,0,3,1,0,1,0,0000000,99,99,99,99,99,99,0,0,0,1,1
37,371137,1,1,0,0,0,1,1,183,2470,26,12,2011,2,4,46,1,11,1,I-540,,99999,35.78510833,-78.514402780,0,24,0,0,1,1,4,0,2,1,0,1,0,0000000,99,99,99,99,99,99,0,0,0,1,1
37,371138,2,2,0,0,0,4,4,183,3750,30,12,2011,6,22,32,1,13,2,US-70,,99999,35.92726944,-78.802541670,0,12,6,0,4,1,1,0,2,1,0,1,0,0000000,99,99,99,99,99,99,0,0,0,1,1
37,371139,1,1,0,0,0,2,2,185,0,24,12,2011,7,22,5,0,3,3,SR-1112,,99999,36.40117778,-78.234686110,0,32,0,0,1,1,4,0,2,1,0,1,0,0000000,22,4,22,18,99,99,0,0,0,1,0
37,371140,2,2,0,0,0,5,5,191,0,16,12,2011,6,7,48,0,3,3,SR-55,SR-403,99999,35.17957778,-78.068902780,0,12,6,0,2,2,1,0,1,1,0,1,0,0000000,7,45,7,53,88,88,0,0,0,1,0
37,371141,3,3,0,0,0,3,3,51,1670,6,3,2011,1,13,41,0,16,6,RAMSEY ST,,99999,35.08603889,-78.880111110,0,12,6,0,1,1,1,0,1,10,0,10,0,0000000,99,99,99,99,99,99,14,0,0,1,1
37,371142,1,1,0,0,0,1,1,167,60,30,10,2011,1,7,45,0,16,6,CONCORD RD,,99999,35.36058333,-80.239913890,0,42,0,0,1,1,4,0,1,1,0,1,0,0000000,99,99,99,99,99,99,0,0,0,1,0
37,371143,1,1,0,0,0,1,1,17,0,30,11,2011,4,18,37,0,3,3,SR-1176,,99999,34.53314167,-78.813319440,0,11,0,0,1,1,1,0,8,98,0,98,0,0000000,99,99,99,99,99,99,0,0,0,1,0
37,371144,1,1,0,0,0,1,1,29,0,14,11,2011,2,17,6,1,2,2,US-158,,99999,99.99990000,999.999900000,0,34,0,0,1,1,4,0,1,1,0,1,0,0000000,99,99,99,99,99,99,0,0,0,1,0
37,371145,2,2,0,0,0,3,3,119,870,28,11,2011,2,2,37,0,16,6,E SUGAR CREEK RD,THE PLAZA,99999,35.24646667,-80.787900000,0,12,6,0,2,2,1,0,3,10,0,10,0,0000000,99,99,99,99,99,99,0,0,0,1,1
37,371146,1,1,0,0,0,2,2,57,0,26,12,2011,2,16,10,0,2,3,SR-2852,,99999,99.99990000,999.999900000,0,35,0,0,1,1,4,0,1,1,0,1,0,0000000,99,99,99,99,99,99,0,0,0,1,1
37,371147,1,1,0,1,1,1,1,147,1950,30,12,2011,6,3,23,0,16,6,MUMFORD RD,,99999,35.62761111,-77.350241670,0,9,0,0,1,1,1,0,2,1,0,1,0,0000000,99,99,99,99,99,99,0,0,0,1,0
37,371148,1,1,0,0,0,1,1,179,3100,28,12,2011,4,17,49,0,16,6,LANCASTER AVE,,99999,34.96422500,-80.573452780,0,42,0,0,1,1,4,0,1,1,0,1,0,0000000,99,99,99,99,99,99,0,0,0,1,0
37,371149,1,1,0,0,0,1,1,153,2020,26,6,2011,1,1,40,1,13,2,US-74,,99999,34.86824722,-79.644780560,0,1,0,0,1,1,4,0,3,1,0,1,0,0000000,99,99,99,99,99,99,0,0,0,1,0
37,371150,1,1,0,1,1,1,1,183,1770,21,11,2011,2,18,42,1,13,2,US-401,,99999,35.72703889,-78.650416670,0,8,0,0,1,1,1,0,3,10,0,10,0,0000000,99,99,99,99,99,99,0,0,0,1,0
38,380001,1,1,0,0,0,1,1,93,0,7,4,2011,5,2,10,0,4,3,SR-9,,118,47.31830000,-98.785500000,0,35,0,0,1,1,4,0,2,1,0,1,0,0000000,2,50,3,13,88,88,0,0,0,1,1
38,380002,1,1,0,0,0,1,1,105,0,5,1,2011,4,22,50,0,4,4,116 AVE NW,,0,48.45650000,-103.189800000,0,1,0,0,1,1,4,0,2,1,0,1,0,0000000,23,8,23,30,88,88,0,0,0,1,1
38,380003,2,2,0,0,0,2,2,25,0,3,1,2011,2,17,0,0,2,3,SR-200,,1160,47.33213889,-102.335361110,0,12,1,0,1,1,1,0,5,1,0,1,0,0000000,99,99,99,99,99,99,0,0,0,1,0
38,380004,1,1,0,0,0,2,2,101,0,6,1,2011,5,11,9,1,2,2,US-83,,1882,48.05710000,-101.296100000,0,1,0,0,1,1,3,0,1,10,0,10,0,0000000,99,99,99,99,99,99,0,0,0,1,0
38,380005,2,2,0,0,0,3,3,85,0,10,1,2011,2,12,45,0,3,3,SR-24,,158,46.17640000,-100.675900000,3,12,6,0,1,1,1,0,1,1,0,1,0,0000000,12,39,13,11,14,37,0,0,0,1,0
38,380006,2,2,0,0,0,2,2,91,0,14,1,2011,6,8,25,0,3,3,SR-32,SR-38,1041,47.32530000,-97.791350000,0,12,6,0,2,2,1,0,1,4,0,4,0,0000000,8,31,8,37,9,10,0,0,0,1,0
38,380007,2,2,0,0,0,3,3,101,0,15,1,2011,7,12,30,1,2,2,US-2,62 ST SW,1407,48.23716944,-101.383130560,0,12,6,0,2,2,1,0,1,10,0,10,0,0000000,12,30,12,37,99,99,0,0,0,1,0
38,380008,2,2,0,0,0,2,2,27,0,16,1,2011,1,12,0,1,2,2,US-281,,1250,47.64233056,-99.117188890,0,12,2,0,1,1,1,0,1,11,0,11,0,0000000,99,99,11,55,12,4,0,0,0,1,0
38,380009,1,1,0,0,0,1,1,77,0,24,1,2011,2,8,54,0,2,3,SR-13,,3801,46.26120000,-96.834700000,0,24,0,1,19,1,3,0,1,1,0,1,0,0000000,8,54,9,11,88,88,0,0,0,1,0
38,380010,1,1,0,0,0,1,1,99,0,5,2,2011,7,1,40,0,6,4,148 AVE NE,,0,48.24550000,-97.427000000,0,5,0,0,1,1,1,0,2,1,0,1,0,0000000,1,41,3,6,88,88,0,0,0,1,1
38,380011,1,1,0,0,0,2,2,17,0,23,2,2011,4,15,18,1,1,1,I-94,,3399,46.87710000,-97.028000000,0,1,0,0,1,1,4,0,1,2,11,11,0,0000000,15,18,15,31,15,58,0,0,0,1,0
38,380012,2,2,0,0,0,3,3,53,0,4,3,2011,6,14,21,0,6,4,38 1/2 ST NW,,0,47.97070000,-103.256000000,0,12,2,0,1,1,1,0,1,1,0,1,0,0000000,14,27,14,48,15,24,0,0,0,1,0
38,380013,1,1,0,0,0,3,3,43,0,11,3,2011,6,9,55,0,2,3,SR-3,,703,46.66995000,-99.765350000,0,1,0,0,1,1,4,0,1,11,0,11,0,0000000,9,54,10,10,99,99,0,0,0,1,0
38,380014,2,2,0,0,0,3,3,53,0,6,4,2011,4,17,24,1,2,2,US-85,,1585,47.80460000,-103.630600000,0,12,2,0,1,1,1,0,1,1,0,1,0,0000000,17,28,17,45,18,8,0,0,0,1,1
38,380015,1,1,0,0,0,1,1,9,0,10,4,2011,1,19,50,0,4,4,20 AVE NW,,0,48.68208056,-101.146938890,0,1,0,0,1,1,4,0,5,1,0,1,0,0000000,19,58,20,21,99,99,0,0,0,1,1
38,380016,2,2,0,0,0,4,4,105,0,13,4,2011,4,8,3,1,2,2,US-2,117 AVE NW,543,48.34200000,-103.152500000,0,12,6,0,2,3,1,0,1,1,0,1,0,0000000,8,10,8,13,99,99,0,0,0,1,0
38,380017,1,1,0,0,0,1,1,53,0,15,4,2011,6,7,15,1,2,2,US-85,,1300,47.62340000,-103.269600000,0,1,0,0,1,1,4,0,1,10,0,10,0,0000000,7,15,7,39,8,10,0,0,0,1,0
38,380018,1,1,0,0,0,1,1,79,0,18,4,2011,2,1,21,0,4,4,44 AVE NE,,0,48.89640000,-99.744700000,3,1,0,0,1,1,4,0,2,1,0,1,0,0000000,1,26,1,33,88,88,0,0,0,1,1
38,380019,2,2,0,0,0,2,2,79,0,22,4,2011,6,1,13,1,2,2,US-281,,2408,48.82414444,-99.785450000,3,12,2,0,1,1,1,0,3,1,0,1,0,0000000,1,19,1,24,88,88,0,0,0,2,2
38,380020,1,1,0,0,0,1,1,75,0,28,4,2011,5,0,45,0,4,4,107 ST NW,,0,48.96560000,-101.550200000,0,34,0,0,1,1,4,0,2,10,0,10,0,0000000,1,30,1,36,88,88,0,0,0,1,1
38,380021,2,2,0,0,0,2,2,41,0,30,4,2011,7,12,25,0,3,3,SR-22,,512,46.60230000,-102.830500000,0,12,2,0,1,1,1,0,1,11,0,11,0,0000000,12,31,12,45,13,24,0,0,0,1,0
38,380022,1,1,0,0,0,1,1,17,0,7,5,2011,7,19,10,0,3,3,SR-46,,886,46.62930000,-97.496600000,0,1,0,0,1,1,1,0,1,1,0,1,0,0000000,19,14,19,36,88,88,0,0,0,1,1
38,380023,2,2,0,0,0,2,2,93,0,6,5,2011,6,16,0,1,2,2,US-281,43 ST NE,609,46.79020000,-98.712800000,0,12,6,0,2,2,1,0,1,10,0,10,0,0000000,16,1,16,13,20,0,0,0,0,1,0
38,380025,1,1,0,1,1,1,1,15,370,23,5,2011,2,9,46,1,13,2,US-83B,I-94B,9007,46.80520000,-100.781611110,0,8,0,0,2,2,1,0,1,1,0,1,0,0000000,9,47,9,50,9,56,0,0,0,1,0
38,380026,1,1,0,1,1,1,1,17,1020,2,6,2011,5,17,27,0,16,6,SANTA CRUZ DR S,,0,46.87110000,-96.856600000,0,8,0,0,1,1,1,0,1,10,0,10,0,0000000,17,29,17,33,18,1,16,0,0,1,0
38,380027,2,1,1,1,1,1,1,17,1020,2,6,2011,5,19,48,1,11,1,I-29,,679,46.91488056,-96.839261110,0,14,0,0,1,1,2,0,1,6,0,6,0,0000000,19,55,20,0,20,27,15,23,0,1,0
38,380028,2,2,0,0,0,2,2,101,0,3,6,2011,6,13,58,1,2,2,US-2,JOHNSON ST,1391,48.26671111,-101.421461110,0,12,6,0,2,2,1,0,1,1,0,1,0,0000000,14,18,14,25,14,49,0,0,0,1,1
38,380029,2,2,0,0,0,7,7,35,0,4,6,2011,7,14,4,0,3,3,SR-15,16 ST NE,1296,47.77320000,-97.174400000,0,12,6,0,2,2,1,0,1,1,0,1,0,0000000,14,3,14,14,14,44,0,0,0,1,0
38,380030,1,1,0,0,0,2,2,59,0,6,6,2011,2,20,54,0,6,4,26 AVE SW,,0,46.79770000,-101.006900000,0,1,0,0,1,1,1,0,1,1,0,1,0,0000000,20,54,21,4,21,36,0,0,0,1,0
38,380031,1,1,0,0,0,2,2,39,0,6,6,2011,2,20,0,0,6,4,HAINES DR,,0,47.64738889,-98.375700000,0,42,0,0,1,1,4,0,9,98,0,98,0,0000000,88,88,88,88,88,88,18,0,0,2,1
38,380032,2,2,0,0,0,3,3,67,0,8,6,2011,4,10,55,0,6,4,93 ST NE,144 AVE NE,0,48.76110000,-97.556900000,0,12,6,0,2,2,1,0,1,1,0,1,0,0000000,11,14,11,23,14,41,0,0,0,1,0
38,380033,1,1,0,0,0,1,1,105,0,12,6,2011,1,18,47,1,2,2,US-2,103 AVE NW,652,48.34178889,-102.915061110,0,35,0,0,2,2,3,0,1,10,0,10,0,0000000,17,47,17,55,99,99,0,0,0,1,0
38,380034,2,2,0,0,0,4,4,29,0,14,6,2011,3,15,15,1,2,2,US-83,,326,46.36150000,-100.273700000,0,12,2,0,1,1,1,0,1,2,0,2,0,0000000,15,18,15,24,16,22,0,0,0,1,0
38,380035,1,1,0,0,0,2,2,105,0,16,6,2011,5,0,32,0,3,3,SR-1804,,3157,48.14690000,-103.574300000,0,1,0,0,1,1,4,0,2,1,0,1,0,0000000,0,41,0,48,99,99,0,0,0,1,1
38,380036,1,1,0,1,1,1,1,85,0,18,6,2011,7,1,36,0,3,3,SR-24,,167,46.18735000,-100.662361110,3,8,0,0,1,1,1,0,2,99,0,99,0,0000000,99,99,99,99,88,88,0,0,0,1,0
38,380037,1,1,0,0,0,1,1,5,0,18,6,2011,7,99,99,0,6,4,35 ST NE,,0,47.91990000,-98.886300000,3,34,0,0,1,1,4,0,5,1,0,1,0,0000000,88,88,88,88,88,88,0,0,0,1,1
38,380038,2,2,0,0,0,2,2,105,0,22,6,2011,4,16,45,1,2,2,US-2,136 AVE NW,235,48.21250000,-103.626000000,0,12,6,0,2,2,1,0,1,1,0,1,0,0000000,16,46,16,51,17,14,0,0,0,1,0
38,380039,1,1,0,0,0,3,3,61,0,25,6,2011,7,4,19,0,6,4,40 ST NW,SR-1804,2480,47.99233889,-102.493769440,3,34,0,0,3,1,4,0,4,1,0,1,0,0000000,4,30,4,38,99,99,0,0,0,1,1
38,380040,1,1,0,0,0,1,1,49,0,26,6,2011,1,22,15,0,6,4,7 AVE NE,,0,48.24960000,-100.431600000,0,1,0,0,1,1,4,0,2,1,0,1,0,0000000,99,99,99,99,99,99,0,0,0,1,0
38,380041,1,1,0,0,0,1,1,35,1280,27,6,2011,2,13,16,0,16,6,28 AVE S,,0,47.89248889,-97.054119440,0,33,0,0,1,1,4,0,1,1,0,1,0,0000000,13,16,13,20,13,36,0,0,0,1,0
38,380042,2,2,0,0,0,2,2,53,0,29,6,2011,4,8,20,0,3,3,SR-22,,1480,47.86760000,-102.739000000,3,12,6,0,1,1,1,0,1,1,0,1,0,0000000,8,20,8,50,88,88,0,0,0,1,0
38,380043,2,2,0,0,0,2,2,105,0,11,7,2011,2,12,59,1,2,2,US-2,136 AVE NW,354,48.34190000,-103.561400000,0,12,6,0,2,2,1,0,1,1,0,1,0,0000000,12,55,13,13,99,99,0,0,0,1,0
38,380044,2,2,0,0,0,3,3,101,0,12,7,2011,3,17,48,0,4,4,46 AVE NE,,0,48.28330000,-101.277200000,0,54,11,0,1,1,1,0,1,1,0,1,0,0000000,17,52,18,0,88,88,14,0,0,1,0
38,380045,2,2,0,0,0,2,2,53,0,15,7,2011,6,21,1,0,2,3,SR-23,SR-1806,34,47.80430000,-103.219200000,0,12,6,0,2,2,1,0,5,10,0,10,0,0000000,88,88,88,88,88,88,0,0,0,1,0
38,380046,1,1,0,0,0,2,2,9,0,17,7,2011,1,21,50,0,4,4,103 ST NW,,0,48.90790000,-100.758600000,0,35,0,0,1,1,4,0,5,10,0,10,0,0000000,21,56,22,14,22,52,0,0,0,1,1
38,380047,1,1,0,0,0,1,1,93,0,18,7,2011,2,2,0,0,6,4,W LAKESIDE RD,,0,46.98490000,-98.715600000,0,42,0,0,1,1,4,0,6,99,0,99,0,0000000,88,88,88,88,88,88,0,0,0,1,0
38,380048,2,2,0,0,0,3,3,89,0,21,7,2011,5,11,10,1,2,2,US-85,32 ST SW,793,46.94860000,-103.189600000,0,12,2,0,2,2,1,0,1,1,0,1,0,0000000,11,15,11,22,88,88,0,0,0,1,0
38,380049,1,1,0,0,0,1,1,67,0,23,7,2011,7,7,45,0,4,4,135 AVE NE,,0,48.58490000,-97.731700000,0,1,0,0,1,1,4,0,1,10,0,10,0,0000000,99,99,99,99,11,11,0,0,0,1,0
38,380050,2,2,0,0,0,3,3,87,0,26,7,2011,3,14,41,0,6,4,69 ST SW,,0,46.41000000,-103.247100000,0,12,6,0,1,1,1,0,1,10,0,10,0,0000000,15,28,15,58,16,55,0,0,0,1,0
38,380051,2,2,0,0,0,4,4,57,0,26,7,2011,3,18,34,0,4,4,COUNTY RD 26,,0,47.35440000,-101.842800000,0,12,2,0,1,1,1,0,1,1,0,1,0,0000000,18,35,18,44,19,21,0,0,0,1,0
38,380052,1,1,0,0,0,2,2,105,0,27,7,2011,4,21,23,1,2,2,US-2,,394,48.34250000,-103.475900000,0,34,0,0,1,1,3,0,5,1,0,1,0,0000000,21,27,21,44,22,0,0,0,0,1,0
38,380053,2,2,0,0,0,4,4,101,0,28,7,2011,5,16,17,1,2,2,US-52,,1035,48.15120000,-101.166100000,0,12,2,0,1,1,1,0,1,2,0,2,0,0000000,16,25,16,34,17,2,0,0,0,1,0
38,380054,1,1,0,0,0,1,1,37,0,30,7,2011,7,1,47,0,6,6,2 AVE,54 AVE SW,0,46.42205000,-101.549500000,0,38,0,0,3,3,4,0,2,1,0,1,0,0000000,88,88,88,88,88,88,0,0,0,1,1
38,380055,1,1,0,1,1,1,1,17,1020,1,8,2011,2,21,6,1,13,2,US-81B,25 AVE S,9244,46.84355000,-96.798550000,0,8,0,0,2,2,1,0,5,10,0,10,0,0000000,21,7,21,10,21,32,0,0,0,1,0
38,380056,2,2,0,0,0,3,3,59,1990,2,8,2011,3,18,10,1,11,1,I-94,,1525,46.84790000,-100.915200000,0,12,6,1,5,1,1,0,1,1,0,1,0,0000000,18,10,18,21,18,39,0,0,0,1,0
38,380058,1,1,0,0,0,1,1,43,0,8,8,2011,2,21,55,0,2,3,SR-3,,1117,47.12700000,-99.947100000,0,1,0,0,1,1,4,0,2,1,0,1,0,0000000,22,0,22,20,23,32,0,0,0,1,0
38,380059,2,2,0,0,0,2,2,101,2170,8,8,2011,2,17,36,0,14,6,20 AVE SE,,0,48.21090000,-101.287100000,0,12,6,0,8,1,1,0,1,1,0,1,0,0000000,17,39,17,42,17,52,0,0,0,1,0
38,380060,2,2,0,0,0,2,2,5,0,11,8,2011,5,7,10,0,6,4,77 AVE NE,,0,47.96761111,-98.931350000,3,12,1,0,1,1,1,0,1,1,0,1,0,0000000,7,14,7,21,88,88,0,0,0,1,1
38,380061,1,1,0,0,0,1,1,25,0,12,8,2011,6,1,0,0,3,3,SR-8,,1056,47.22290000,-102.338700000,0,1,0,0,1,1,4,0,2,10,0,10,0,0000000,88,88,88,88,88,88,0,0,0,1,1
38,380062,1,1,0,0,0,1,1,101,0,13,8,2011,7,23,50,0,4,4,55 ST SE,FRONTAGE RD,0,48.22920000,-101.209200000,0,18,0,0,2,3,1,0,2,1,0,1,0,0000000,0,1,0,16,0,37,18,0,0,1,0
38,380063,2,2,0,0,0,2,2,71,0,15,8,2011,2,18,10,0,3,4,WALLEYE DR,,0,48.10590000,-98.897700000,0,12,2,0,8,1,1,0,1,1,0,1,0,0000000,21,34,21,36,22,3,0,0,0,1,0
38,380064,1,1,0,0,0,1,1,105,0,17,8,2011,4,0,25,0,6,4,WEST FRONT ST,,0,48.13956944,-103.668500000,0,1,0,0,1,1,4,0,3,10,0,10,0,0000000,0,32,0,40,99,99,0,0,0,1,1
38,380065,1,1,0,0,0,2,2,23,0,18,8,2011,5,2,0,0,4,4,104 AVE NW,,0,48.67410000,-102.929400000,0,1,0,0,1,1,4,0,2,1,0,1,0,0000000,7,5,7,38,99,99,0,0,0,1,1
38,380066,2,2,0,0,0,2,2,77,0,18,8,2011,5,7,0,0,6,4,162 AVE SE,59 ST SE,0,46.55765000,-97.031600000,0,12,6,0,2,2,1,0,1,1,0,1,0,0000000,7,1,7,29,7,57,0,0,0,1,0
38,380067,1,1,0,0,0,4,4,5,0,20,8,2011,7,8,50,0,4,4,88 AVE NE,,0,47.96910000,-98.695000000,3,1,0,0,1,1,4,0,1,1,0,1,0,0000000,8,54,9,8,9,40,0,0,0,1,0
38,380068,2,2,0,0,0,2,2,23,0,21,8,2011,1,16,15,0,2,3,SR-5,SR-42,232,48.90890000,-103.312200000,0,12,6,0,2,2,1,0,1,1,0,1,0,0000000,99,99,99,99,99,99,0,0,0,1,0
38,380069,2,2,0,0,0,3,3,61,0,23,8,2011,3,12,10,1,2,2,US-2,68 AVE W,1053,48.32450000,-102.062900000,0,12,1,0,3,2,1,0,1,10,0,10,0,0000000,88,88,88,88,88,88,0,0,0,2,0
38,380070,1,1,0,0,0,1,1,3,0,25,8,2011,5,0,22,0,4,4,117 AVE SE,SHEYENNE CIRCLE,0,46.89760000,-97.998500000,0,35,0,0,3,3,4,0,2,1,0,1,0,0000000,88,88,88,88,88,88,0,0,0,1,1
38,380071,1,1,0,0,0,1,1,17,1020,27,8,2011,7,20,54,0,13,6,40 AVE N,,0,46.93390000,-96.805100000,0,1,0,0,1,1,4,0,2,1,0,1,0,0000000,20,57,21,4,99,99,0,0,0,1,1
38,380072,1,1,0,1,1,1,1,5,0,28,8,2011,1,19,35,0,2,3,SR-57,LOCAL STREET,45,47.97800000,-99.029400000,3,9,0,0,2,2,1,0,1,1,0,1,0,0000000,99,99,99,99,20,16,0,0,0,1,0
38,380073,2,2,0,0,0,2,2,9,0,29,8,2011,2,11,5,0,3,3,SR-256,107 ST NW,140,48.96560000,-101.300100000,0,12,6,0,2,2,1,0,1,1,0,1,0,0000000,11,5,11,25,12,35,0,0,0,1,0
38,380074,2,2,0,0,0,5,5,25,0,31,8,2011,4,4,55,0,3,3,SR-22,,824,47.04500000,-102.799900000,0,12,8,0,1,1,1,0,2,5,0,5,0,0000000,4,58,5,16,5,51,0,0,0,2,0
38,380075,2,2,0,0,0,4,4,63,1720,2,9,2011,6,17,20,1,2,2,US-2,MAIN ST,2950,48.03533889,-98.344838890,0,12,6,0,2,2,1,0,1,1,0,1,0,0000000,17,28,17,30,20,26,0,0,0,1,0
38,380076,1,1,0,0,0,3,3,99,0,4,9,2011,1,19,45,0,6,4,69 ST NE,,0,48.41270000,-97.772600000,0,1,0,0,1,1,1,0,5,1,0,1,0,0000000,19,47,19,55,20,32,0,0,0,1,1
38,380077,2,2,0,0,0,3,3,77,0,5,9,2011,2,23,58,1,1,1,I-29,,40,45.99260000,-96.835700000,0,12,7,0,1,1,1,0,2,1,0,1,0,0000000,0,12,0,34,99,99,0,0,0,1,2
38,380078,2,2,0,0,0,3,3,5,0,8,9,2011,5,7,22,0,6,4,39 ST NE,,0,47.97810000,-98.885000000,3,12,2,0,1,1,1,0,4,1,0,1,0,0000000,7,24,7,40,9,50,0,0,0,1,1
38,380079,1,1,0,0,0,1,1,53,0,8,9,2011,5,10,5,0,6,4,18 ST NW,,0,47.67420000,-103.233800000,0,1,0,0,1,1,4,0,1,1,0,1,0,0000000,88,88,88,88,88,88,0,0,0,1,0
38,380080,1,1,0,1,1,1,1,101,2170,8,9,2011,5,21,26,1,2,2,US-2,,1998,48.22460000,-101.296100000,0,8,0,0,1,1,1,0,3,99,0,99,0,0000000,21,28,21,29,21,46,0,0,0,1,0
38,380081,2,2,0,0,0,3,3,101,0,10,9,2011,7,22,39,1,2,2,US-83,SR-23,1827,47.97860000,-101.293700000,0,12,6,0,2,2,1,0,2,1,0,1,0,0000000,99,99,99,99,99,99,0,0,0,1,2
38,380082,2,2,0,0,0,5,5,53,0,11,9,2011,1,8,22,0,3,3,SR-22,,1350,47.70106111,-102.709938890,3,12,2,0,1,1,1,0,1,1,0,1,0,0000000,8,24,9,1,9,35,0,0,0,4,1
38,380083,1,1,0,0,0,1,1,91,0,12,9,2011,2,15,15,0,6,4,131 AVE SE,,0,47.24170000,-97.727400000,0,1,0,0,1,1,4,0,1,1,0,1,0,0000000,88,88,88,88,88,88,0,0,0,1,0
38,380084,1,1,0,0,0,2,2,17,1020,14,9,2011,4,0,16,0,16,6,16 ST N,23 AVE N,0,46.90850000,-96.803100000,2,34,0,0,3,3,4,0,3,1,0,1,0,0000000,0,18,0,23,0,48,0,0,0,1,1
38,380085,2,2,0,0,0,2,2,53,0,17,9,2011,7,8,42,0,2,3,SR-23,,50,47.80430000,-103.183600000,0,12,2,0,1,1,1,0,1,10,0,10,0,0000000,8,45,8,54,9,10,0,0,0,1,0
38,380086,1,1,0,0,0,3,3,5,0,18,9,2011,1,2,40,0,6,4,79 AVE,,0,47.91360000,-98.888500000,3,1,0,0,8,1,4,0,2,2,0,2,0,0000000,3,5,3,41,4,38,0,0,0,1,1
38,380087,1,1,0,0,0,1,1,49,0,18,9,2011,1,17,50,0,3,3,SR-14,,880,47.98500000,-100.456300000,0,5,0,0,1,1,1,0,1,1,0,1,0,0000000,99,99,99,99,99,99,0,0,0,1,0
38,380088,1,1,0,0,0,2,2,77,0,23,9,2011,6,6,27,1,1,1,I-29,,473,46.61790000,-96.826100000,0,1,0,0,1,1,3,0,2,1,0,1,0,0000000,6,32,6,36,7,20,0,0,0,1,1
38,380089,2,2,0,0,0,5,5,43,0,24,9,2011,7,18,30,0,3,3,SR-3,,522,47.13980000,-99.688600000,0,12,8,0,1,1,1,0,1,1,0,1,0,0000000,99,99,99,99,99,99,0,0,0,1,1
38,380090,2,2,0,0,0,2,2,101,0,30,9,2011,6,18,50,1,2,2,US-2,,1219,48.32690000,-101.755900000,0,12,1,0,1,1,1,0,1,1,0,1,0,071656R,88,88,88,88,88,88,0,0,0,1,0
38,380091,1,1,0,0,0,1,1,101,0,1,10,2011,7,12,30,0,4,3,SR-50,,993,48.54850000,-101.980400000,0,1,0,0,1,1,4,0,1,1,0,1,0,0000000,12,36,12,55,14,14,0,0,0,1,0
38,380092,2,2,0,1,1,5,5,101,2170,3,10,2011,2,23,47,1,13,2,US-2,,1474,48.21140000,-101.275300000,0,8,0,0,1,1,1,0,2,1,0,1,0,0000000,88,88,88,88,88,88,0,0,0,1,1
38,380093,2,2,0,0,0,2,2,31,0,7,10,2011,6,14,14,0,2,3,SR-200,70 AVE NE,2965,47.45700000,-99.053300000,0,12,6,0,2,2,1,0,1,1,0,1,0,0000000,14,18,14,29,15,2,0,0,0,1,0
38,380094,1,1,0,0,0,1,1,15,370,7,10,2011,6,17,43,0,14,6,AIRWAY AVE,,0,46.77883056,-100.723869440,0,1,0,0,1,1,4,0,1,6,0,6,0,0000000,17,45,17,56,18,17,0,0,0,1,1