STATE,ST_CASE,VE_TOTAL,VE_FORMS,PVH_INVL,PEDS,PERNOTMVIT,PERMVIT,PERSONS,COUNTY,CITY,DAY,MONTH,YEAR,DAY_WEEK,HOUR,MINUTE,NHS,ROAD_FNC,ROUTE,TWAY_ID,TWAY_ID2,MILEPT,LATITUDE,LONGITUD,SP_JUR,HARM_EV,MAN_COLL,RELJCT1,RELJCT2,TYP_INT,REL_ROAD,WRK_ZONE,LGT_COND,WEATHER1,WEATHER2,WEATHER,SCH_BUS,RAIL,NOT_HOUR,NOT_MIN,ARR_HOUR,ARR_MIN,HOSP_HR,HOSP_MN,CF1,CF2,CF3,FATALS,DRUNK_DR
38,380095,3,3,0,0,0,4,4,103,0,9,10,2011,1,18,3,1,2,2,US-52,,1974,47.47720000,-99.629000000,0,12,2,0,1,1,1,0,1,2,0,2,0,0000000,99,99,99,99,21,52,0,0,0,3,0
38,380096,1,1,0,0,0,1,1,59,0,12,10,2011,4,2,0,0,2,3,SR-6,,516,46.59700000,-100.903000000,0,1,0,0,1,1,4,0,2,2,0,2,0,0000000,88,88,88,88,88,88,0,0,0,1,1
38,380097,1,1,0,0,0,1,1,25,0,19,10,2011,4,21,0,0,6,4,9 ST NW,,0,47.54470000,-102.268500000,3,1,0,0,1,1,4,0,2,1,0,1,0,0000000,88,88,88,88,88,88,0,0,0,1,1
38,380098,1,1,0,0,0,1,1,53,0,20,10,2011,5,8,52,0,6,4,135 AVE NW,,0,47.65330000,-103.418900000,0,32,0,0,1,1,4,0,1,1,0,1,0,0000000,88,88,88,88,88,88,0,0,0,1,0
38,380099,2,2,0,0,0,3,3,67,0,21,10,2011,6,1,55,1,2,2,US-81,,2020,48.56810000,-97.448500000,0,12,6,0,1,1,1,0,2,1,0,1,0,0000000,2,3,2,17,4,30,0,0,0,1,1
38,380100,1,1,0,0,0,3,3,53,0,27,10,2011,5,4,42,0,6,4,LONG X ROAD,,0,47.56980000,-103.179100000,0,1,0,0,1,1,4,0,4,1,0,1,0,0000000,4,48,5,18,5,45,0,0,0,1,0
38,380101,1,1,0,0,0,5,5,59,1990,29,10,2011,7,1,4,0,14,6,3 ST SE,,0,46.82168889,-100.860688890,0,42,0,0,1,1,4,0,3,1,0,1,0,0000000,1,4,1,7,1,32,0,0,0,3,1
38,380102,1,1,0,0,0,2,2,79,0,1,11,2011,3,15,0,0,4,4,100 ST NE,,0,48.86330000,-99.630200000,0,1,0,0,1,1,4,0,1,1,0,1,0,0000000,15,10,15,12,99,99,0,0,0,2,1
38,380103,1,1,0,0,0,3,3,17,0,5,11,2011,7,0,50,0,3,3,SR-18,26 ST SE,850,47.03560000,-97.214000000,0,35,0,0,2,2,4,0,2,1,0,1,0,0000000,0,48,1,0,1,32,0,0,0,1,1
38,380104,1,1,0,0,0,4,4,61,0,5,11,2011,7,1,5,0,6,4,37 ST NW,,0,47.94710000,-102.193100000,3,1,0,0,1,1,4,0,2,1,0,1,0,0000000,1,12,1,20,2,35,0,0,0,1,1
38,380105,1,1,0,0,0,1,1,79,0,6,11,2011,1,1,7,0,6,4,98 ST NE BIA 10,37 AVE NE BIA 13,0,48.83461111,-99.897988890,3,35,0,0,3,2,4,0,2,99,0,99,0,0000000,88,88,88,88,88,88,0,0,0,1,1
38,380106,1,1,0,0,0,1,1,79,0,6,11,2011,1,6,45,0,6,4,31 AVE NE,101 ST NE,0,48.89220000,-100.029238890,3,1,0,0,2,3,4,0,2,98,0,98,0,0000000,88,88,88,88,88,88,0,0,0,1,1
38,380107,1,1,0,0,0,2,2,105,0,6,11,2011,1,7,20,1,2,2,US-2,,632,48.34160000,-102.953400000,0,1,0,0,1,1,4,0,4,11,0,11,0,0000000,7,23,7,39,8,30,0,0,0,1,0
38,380108,1,1,0,0,0,1,1,65,0,8,11,2011,3,1,35,0,3,3,SR-25,,250,47.11150000,-101.224030560,0,1,0,0,1,1,1,0,2,1,0,1,0,0000000,99,99,99,99,2,45,0,0,0,1,1
38,380109,1,1,0,0,0,1,1,61,0,11,11,2011,6,23,0,0,6,4,37 ST NW,,0,47.94740000,-102.192400000,3,1,0,0,1,1,4,0,2,1,0,1,0,0000000,23,4,23,8,88,88,0,0,0,1,1
38,380110,5,5,0,0,0,10,10,53,0,12,11,2011,7,17,55,1,2,2,US-85,,1705,47.96310000,-103.659000000,0,12,1,0,1,1,1,0,5,10,0,10,0,0000000,99,99,99,99,19,45,14,19,0,1,0
38,380111,1,1,0,0,0,1,1,101,0,13,11,2011,1,1,40,0,2,3,SR-23,,1050,47.97890000,-101.301100000,0,1,0,0,1,1,4,0,2,1,0,1,0,0000000,88,88,88,88,88,88,0,0,0,1,1
38,380112,1,1,0,0,0,2,2,105,0,13,11,2011,1,18,38,0,3,3,SR-1804,,2960,48.17610000,-103.173800000,0,1,0,0,1,1,4,0,3,1,0,1,0,0000000,18,42,18,55,19,37,0,0,0,1,1
38,380113,1,1,0,0,0,3,3,9,0,15,11,2011,3,2,30,0,6,4,18 AVE NE,,0,48.88870000,-100.315200000,0,1,0,0,1,1,4,0,2,1,0,1,0,0000000,8,50,9,10,12,23,0,0,0,2,1
38,380114,3,3,0,0,0,3,3,61,0,15,11,2011,3,18,20,0,3,3,SR-1804,,2575,48.06900000,-102.610800000,0,12,1,0,1,1,1,0,5,10,0,10,0,0000000,18,30,18,40,88,88,23,0,0,1,0
38,380115,2,2,0,0,0,2,2,79,0,16,11,2011,4,15,50,0,6,4,108 ST NE,,0,48.97910000,-100.062000000,0,12,2,0,1,1,1,0,1,10,0,10,0,0000000,99,99,99,99,20,5,0,0,0,1,0
38,380116,1,1,0,0,0,1,1,47,0,16,11,2011,4,20,5,0,3,3,SR-46,,15,46.63140000,-99.334600000,0,1,0,0,1,1,4,0,2,1,0,1,0,0000000,20,26,20,58,22,55,0,0,0,1,1
38,380117,1,1,0,0,0,7,7,75,0,19,11,2011,7,2,13,0,2,3,SR-5,,1080,48.76360000,-101.902400000,0,35,0,0,8,1,4,0,2,1,0,1,0,0000000,2,20,2,45,4,15,0,0,0,1,1
38,380118,2,2,0,0,0,2,2,53,0,27,11,2011,1,6,20,1,2,2,US-85,,1741,48.01560000,-103.659200000,0,12,2,0,1,1,1,0,2,1,0,1,0,0000000,99,99,99,99,88,88,0,0,0,1,0
38,380119,1,1,0,0,0,2,2,17,1020,28,11,2011,2,7,55,1,11,1,I-29,,602,46.80410000,-96.839000000,0,21,0,1,18,1,3,0,4,1,0,1,0,0000000,7,57,8,3,8,23,0,0,0,1,0
38,380120,1,1,0,0,0,1,1,17,0,28,11,2011,2,23,21,0,6,4,27  ST SE,,0,47.02140000,-97.566900000,0,5,0,0,1,1,1,0,2,1,0,1,0,0000000,88,88,88,88,88,88,0,0,0,1,1
38,380122,1,1,0,1,1,1,1,93,1600,29,11,2011,3,13,31,0,16,6,4 AVE SE,,0,46.89940000,-98.703600000,0,8,0,0,8,1,1,0,1,1,0,1,0,0000000,13,31,13,35,15,35,0,0,0,1,0
38,380123,2,2,0,0,0,3,3,93,0,10,12,2011,7,14,30,1,2,2,US-281,,650,46.85100000,-98.712800000,0,12,1,0,8,1,1,0,1,1,0,1,0,0000000,14,43,14,56,15,25,0,0,0,1,0
38,380124,2,2,0,0,0,2,2,7,0,11,12,2011,1,3,5,1,2,2,US-85,,911,47.11620000,-103.201700000,0,12,2,0,1,1,1,0,2,1,0,1,0,0000000,3,8,3,30,4,19,0,0,0,1,1
38,380125,1,1,0,0,0,1,1,77,0,15,12,2011,5,23,30,0,3,3,SR-18,54 ST SE,1008,46.62920000,-97.241300000,0,42,0,0,3,3,4,0,2,10,0,10,0,0000000,88,88,88,88,88,88,0,0,0,1,1
38,380126,1,1,0,1,1,1,1,71,0,18,12,2011,1,21,50,0,2,3,SR-20,,1000,48.06840000,-98.888900000,0,8,0,0,1,1,1,1,2,10,0,10,0,0000000,88,88,88,88,88,88,0,0,0,1,0
38,380127,2,2,0,0,0,5,5,49,0,20,12,2011,3,18,40,1,2,2,US-52,,1400,47.93290000,-100.474300000,0,12,2,0,1,1,1,0,2,1,0,1,0,0000000,18,47,19,10,99,99,0,0,0,4,0
38,380128,1,1,0,0,0,2,2,25,0,24,12,2011,7,23,0,0,4,3,SR-8,,1260,47.50058056,-102.285011110,3,1,0,0,1,1,4,0,2,99,0,99,0,0000000,88,88,88,88,88,88,0,0,0,2,1
38,380129,1,1,0,0,0,1,1,97,0,24,12,2011,7,18,20,0,4,4,3 ST NE,,0,47.45430000,-96.924900000,0,34,0,0,1,1,4,0,2,1,0,1,0,0000000,18,27,18,39,18,55,0,0,0,1,0
38,380130,1,1,0,0,0,4,4,61,0,25,12,2011,1,17,0,0,6,4,73 AVE NW,,0,47.94176944,-102.150319440,3,1,0,0,1,1,4,0,1,98,0,98,0,0000000,17,6,17,18,99,99,0,0,0,1,0
38,380131,2,2,0,0,0,2,2,53,0,26,12,2011,2,6,12,1,2,2,US-85,,1470,47.80480000,-103.392900000,0,12,2,0,1,1,1,0,2,10,0,10,0,0000000,6,5,6,19,99,99,0,0,0,1,0
38,380132,1,1,0,0,0,3,3,59,0,27,12,2011,3,13,18,1,1,1,I-94,,1146,46.86370000,-101.691200000,0,1,0,0,1,1,3,0,1,4,0,4,0,0000000,99,99,99,99,14,54,0,0,0,2,0
38,380133,1,1,0,0,0,1,1,61,0,29,12,2011,5,2,0,0,2,3,SR-23,,620,47.97791944,-102.223150000,3,1,0,0,1,1,4,0,2,98,0,98,0,0000000,88,88,88,88,88,88,0,0,0,1,0
39,390001,2,2,0,0,0,4,4,49,1800,1,1,2011,7,2,23,1,13,3,SR-16,,108,39.98405000,-82.802205560,0,12,2,0,1,1,1,0,2,10,0,10,0,0000000,2,24,2,30,3,9,0,0,0,1,1
39,390002,1,1,0,0,0,6,6,49,1800,1,1,2011,7,6,1,1,11,1,I-71,I-670 RAMP,189,39.97248333,-82.982825000,0,33,0,1,5,1,4,0,3,2,0,2,0,0000000,6,12,6,20,6,34,0,0,0,1,1
39,390003,2,2,0,0,0,2,2,11,0,3,1,2011,2,6,22,1,2,2,US-33,,271,40.55711944,-83.969619440,0,12,2,0,1,1,1,0,2,1,0,1,0,0000000,6,35,6,57,7,27,0,0,0,1,0
39,390004,1,1,0,0,0,1,1,135,0,4,1,2011,3,3,0,0,5,4,OXFORD GERMANTOWN RD,,0,39.57385833,-84.661452780,0,38,0,0,1,1,4,0,2,10,0,10,0,0000000,3,6,3,14,88,88,0,0,0,1,1
39,390005,1,1,0,0,0,1,1,133,0,4,1,2011,3,17,45,0,5,4,NEWTON FALLS RD,,0,41.16172500,-81.197291670,0,43,0,0,1,1,4,0,2,10,0,10,0,0000000,17,45,17,53,18,25,0,0,0,1,0
39,390006,3,3,0,0,0,7,7,25,0,9,1,2011,1,14,28,0,3,3,SR-131,BELFAST OWENSVILLE,72,39.17423056,-84.141088890,0,12,6,0,2,2,1,0,1,1,0,1,0,0000000,15,5,15,15,15,33,0,0,0,1,0
39,390007,1,1,0,0,0,2,2,151,0,7,1,2011,6,17,17,0,6,5,KIMMENS RD,,0,40.78179167,-81.600658330,0,43,0,0,1,1,4,0,5,4,0,4,0,0000000,17,19,17,29,88,88,0,0,0,2,0
39,390008,1,1,0,0,0,1,1,169,0,8,1,2011,7,15,45,0,6,4,MILLER RD,,0,40.96611389,-81.850561110,0,23,0,0,1,1,4,0,1,1,0,1,0,0000000,15,45,15,45,16,5,0,0,0,1,0
39,390009,1,1,0,0,0,1,1,3,4220,8,1,2011,7,7,43,0,15,6,N SHORE DR,,0,40.73352778,-84.118002780,0,42,0,0,1,1,4,0,1,10,0,10,0,0000000,7,45,7,51,8,7,0,0,0,1,1
39,390010,1,1,0,0,0,2,2,93,0,9,1,2011,1,18,32,0,6,5,ERHART RD,,0,41.20915556,-81.986091670,0,1,0,0,1,1,4,0,2,1,0,1,0,0000000,18,32,18,44,19,22,0,0,0,1,1
39,390011,1,1,0,0,0,1,1,137,0,9,1,2011,1,2,22,0,4,3,SR-15,,87,41.08258611,-84.194669440,0,42,0,0,1,1,4,0,2,1,0,1,0,0000000,88,88,88,88,88,88,0,0,0,1,1
39,390012,1,1,0,1,1,1,1,51,0,11,1,2011,3,7,17,0,5,4,FULTON LUCAS,,0,41.64863056,-83.878216670,0,8,0,0,1,1,1,0,2,10,0,10,0,0000000,7,35,7,42,8,52,0,0,0,1,0
39,390013,2,2,0,0,0,2,2,151,0,11,1,2011,3,14,29,0,4,3,SR-627,,15,40.75296389,-81.462786110,0,12,6,0,1,1,1,0,1,4,0,4,0,0000000,14,32,14,38,88,88,0,0,0,1,0
39,390014,1,1,0,0,0,3,3,5,0,11,1,2011,3,14,7,0,6,4,956,,0,40.92362500,-82.378855560,0,52,0,0,1,1,4,0,1,4,0,4,0,0000000,14,9,14,21,15,16,0,0,0,1,0
39,390015,2,2,0,0,0,2,2,149,0,12,1,2011,4,7,26,1,1,1,I-75,,15,40.21734722,-84.201330560,0,24,0,1,18,1,3,0,2,10,0,10,0,0000000,7,28,7,39,8,15,0,0,0,1,0
39,390016,1,1,0,0,0,1,1,151,0,14,1,2011,6,1,35,0,5,4,STRAUSSER ST NW,,0,40.89411667,-81.493405560,0,32,0,0,1,1,4,0,2,4,0,4,0,0000000,88,88,88,88,88,88,0,0,0,1,1
39,390017,1,1,0,0,0,1,1,53,0,14,1,2011,6,8,52,1,2,2,US-35,,162,38.84273333,-82.201811110,0,24,0,0,1,1,4,0,1,10,0,10,0,0000000,8,57,9,2,9,15,0,0,0,1,0
39,390018,1,1,0,0,0,1,1,167,0,15,1,2011,7,12,5,0,6,5,MUSKINGUM RIVER RD,,0,39.53150278,-81.545102780,0,59,0,0,1,1,4,0,1,1,0,1,0,0000000,15,48,16,2,17,47,0,0,0,1,0
39,390019,1,1,0,0,0,1,1,69,0,17,1,2011,2,7,47,0,6,4,17C,,0,41.33351389,-84.199647220,0,34,0,0,1,1,4,0,4,1,0,1,0,0000000,88,88,88,88,88,88,0,0,0,1,0
39,390020,2,2,0,0,0,2,2,61,7450,22,1,2011,7,6,20,1,11,1,I-275,,269,39.28515278,-84.421005560,0,25,0,1,18,1,3,0,3,10,0,10,0,0000000,88,88,88,88,88,88,0,0,0,1,0
39,390021,2,2,0,0,0,4,4,83,0,19,1,2011,4,8,30,0,4,3,SR-229,,7,40.40447778,-82.630083330,0,12,6,0,1,1,1,0,1,3,0,3,0,0000000,9,28,9,39,9,58,0,0,0,1,0
39,390022,2,2,0,0,0,4,4,31,0,25,1,2011,3,15,9,1,2,2,US-36,104,325,40.28410833,-81.617216670,0,12,6,0,2,2,1,0,1,10,0,10,0,0000000,15,21,15,32,16,11,0,0,0,1,0
39,390023,2,2,0,0,0,2,2,119,0,26,1,2011,4,8,23,0,14,4,DRESDEN RD,RICHEY RD,0,39.99523889,-82.006211110,0,12,6,0,2,3,1,0,1,10,0,10,0,0000000,8,23,8,23,8,49,0,0,0,1,0
39,390024,1,1,0,0,0,1,1,7,0,27,1,2011,5,22,3,0,6,4,S RIVER RD,,0,41.74472778,-80.948841670,0,24,0,0,1,1,4,0,2,4,0,4,0,0000000,22,3,22,7,22,32,0,0,0,1,1
39,390025,1,1,0,0,0,1,1,49,1800,29,1,2011,7,0,42,1,11,1,I-270,I-70 RAMP,91,39.93225000,-82.853736110,0,35,0,1,5,1,4,0,3,1,0,1,0,0000000,0,45,0,52,88,88,0,0,0,1,1
39,390026,1,1,0,0,0,1,1,43,0,31,1,2011,2,22,14,0,5,4,E STRUB RD,,0,41.41713056,-82.684522220,0,33,0,0,1,1,4,0,2,10,0,10,0,0000000,22,24,22,26,22,48,0,0,0,1,1
39,390027,1,1,0,0,0,1,1,145,5610,2,2,2011,4,1,0,0,12,2,US-52,,232,38.75436667,-82.929247220,0,30,0,0,1,1,4,0,3,10,0,10,0,0000000,1,14,1,17,1,56,0,0,0,1,0
39,390028,2,2,0,0,0,3,3,13,0,4,2,2011,6,15,50,0,4,2,US-40,,230,40.06663333,-80.827194440,0,12,6,0,1,1,1,0,1,10,0,10,0,0000000,15,52,15,58,16,31,0,0,0,1,0
39,390029,1,1,0,1,1,2,2,49,0,9,2,2011,4,0,15,0,14,2,US-40,,25,39.94981944,-83.188561110,0,15,0,0,1,1,1,0,2,1,0,1,0,0000000,0,18,0,24,0,39,0,0,0,1,0
39,390030,1,1,0,0,0,1,1,171,0,10,2,2011,5,9,41,0,2,3,SR-15,,112,41.54690278,-84.555594440,0,30,0,0,1,1,4,0,1,1,0,1,0,0000000,9,43,9,49,10,16,0,0,0,1,0
39,390031,1,1,0,0,0,2,2,163,0,6,2,2011,1,22,40,0,6,4,HARKINS CHAPEL RD,,0,39.23108889,-82.340758330,0,34,0,0,1,1,4,0,2,10,0,10,0,0000000,22,41,22,50,23,44,0,0,0,2,1
39,390032,1,1,0,0,0,1,1,147,0,9,2,2011,4,17,25,0,3,3,SR-53,,50,41.05955000,-83.218344440,0,1,0,0,1,1,4,0,1,10,0,10,0,0000000,17,32,17,41,88,88,0,0,0,1,0
39,390033,2,2,0,0,0,3,3,113,2090,11,2,2011,6,14,48,0,16,6,RUTH AVE,LAKEVIEW AVE,0,39.74083889,-84.237477780,0,12,6,0,2,2,1,0,1,1,0,1,0,0000000,88,88,88,88,88,88,0,0,0,1,0
39,390034,1,1,0,1,1,1,1,113,0,12,2,2011,7,23,15,0,6,5,SUSANNAH AVE,,0,39.79917222,-84.188166670,0,8,0,0,1,1,1,0,3,10,0,10,0,0000000,88,88,88,88,88,88,0,0,0,1,1
39,390035,1,1,0,1,1,1,1,151,0,15,2,2011,3,7,50,0,2,3,SR-619,KAUFMAN AVE,25,40.97293889,-81.369350000,0,8,0,0,2,3,1,0,7,1,0,1,0,0000000,7,52,7,57,8,18,0,0,0,1,0
39,390036,1,1,0,0,0,1,1,35,2560,17,2,2011,5,16,36,1,11,1,I-480,,59,41.42464444,-81.868227780,0,26,0,1,18,1,3,0,1,1,0,1,0,0000000,16,42,16,49,17,11,0,0,0,1,0
39,390037,1,1,0,0,0,1,1,113,0,17,2,2011,5,3,19,0,4,4,LITTLE YORK RD,SINGING RIDGE RD,0,39.85861111,-84.194605560,0,33,0,0,2,3,4,0,2,10,0,10,0,0000000,88,88,88,88,88,88,0,0,0,1,1
39,390038,2,2,0,0,0,3,3,87,0,17,2,2011,5,7,5,0,4,3,SR-141,,46,38.55413889,-82.607747220,0,12,6,0,1,1,1,0,4,1,0,1,0,0000000,88,88,88,88,88,88,0,0,0,1,0
39,390039,1,1,0,0,0,3,3,141,0,18,2,2011,6,15,25,0,6,4,SPARGURSVILLE RD,,0,39.22314444,-83.167447220,0,1,0,0,1,1,4,0,1,1,0,1,0,0000000,15,28,15,37,16,27,0,0,0,3,0
39,390040,1,1,0,0,0,2,2,49,1800,20,2,2011,1,5,0,0,16,6,JOHNSON RD,,0,39.89112778,-83.146944440,0,34,0,0,1,1,4,0,2,10,0,10,0,0000000,88,88,88,88,88,88,0,0,0,2,1
39,390041,2,2,0,0,0,2,2,35,1040,10,1,2011,2,1,50,1,11,1,I-480,,170,41.41711389,-81.677341670,0,12,1,1,18,1,1,0,3,10,0,10,0,0000000,1,55,2,4,2,33,0,0,0,1,0
39,390042,2,2,0,0,0,2,2,5,310,1,2,2011,3,17,13,1,12,2,US-250,,145,40.86869444,-82.316716670,0,12,6,0,1,1,1,0,5,4,0,4,0,0000000,88,88,88,88,88,88,0,0,0,1,1
39,390043,2,2,0,0,0,2,2,143,2760,4,2,2011,6,9,39,0,16,6,W STATE ST,,0,41.35291111,-83.127108330,0,12,1,0,4,1,1,0,1,1,0,1,0,0000000,9,42,9,44,9,57,0,0,0,1,0
39,390044,2,2,0,0,0,4,4,35,2520,15,2,2011,3,23,57,0,14,3,SR-283,,108,41.61660000,-81.513083330,0,12,1,0,1,1,1,0,3,1,0,1,0,0000000,0,0,0,5,0,31,0,0,0,1,1
39,390045,3,3,0,0,0,5,5,123,0,22,2,2011,3,17,45,0,4,3,SR-163,,284,41.51891667,-82.881825000,0,12,7,0,8,1,1,0,1,10,0,10,0,0000000,17,45,17,48,18,24,0,0,0,1,0
39,390047,1,1,0,0,0,1,1,83,0,25,2,2011,6,1,55,0,6,5,MILLWOOD RD,,0,40.39821944,-82.300369440,0,35,0,0,1,1,4,0,2,3,0,3,0,0000000,88,88,88,88,88,88,0,0,0,1,1
39,390048,1,1,0,0,0,1,1,87,0,27,2,2011,1,23,30,0,5,4,PORTER GAP RD,,0,38.55736111,-82.666883330,0,42,0,0,1,1,4,0,2,10,0,10,0,0000000,23,33,23,39,88,88,0,0,0,1,1
39,390049,2,2,0,0,0,2,2,99,0,1,3,2011,3,18,55,0,3,3,SR-45,LEFFINGWELL RD,50,41.00258056,-80.857575000,0,12,6,0,2,2,1,0,2,1,0,1,0,0000000,19,1,19,10,19,46,0,0,0,1,1
39,390051,1,1,0,0,0,1,1,89,0,4,1,2011,3,7,34,0,6,5,88,,0,40.06910000,-82.754325000,0,1,0,0,1,1,4,0,1,1,0,1,0,0000000,7,36,7,59,8,31,0,0,0,1,0
39,390052,1,1,0,0,0,1,1,17,0,4,1,2011,3,22,42,0,5,4,24,,0,39.51132500,-84.505547220,0,38,0,0,1,1,5,0,2,1,0,1,0,0000000,23,4,23,12,88,88,0,0,0,1,1
39,390053,1,1,0,0,0,1,1,173,0,7,1,2011,6,23,8,0,6,5,212,,0,41.42348611,-83.733844440,0,35,0,0,1,1,4,0,2,10,0,10,0,0000000,23,10,23,16,99,99,0,0,0,1,1
39,390054,1,1,0,0,0,1,1,115,0,8,1,2011,7,6,20,0,4,3,SR-376,,39,39.59349444,-81.807666670,0,35,0,0,1,1,5,0,2,4,0,4,0,0000000,6,26,6,37,88,88,0,0,0,1,0
39,390055,1,1,0,0,0,2,2,61,1610,9,1,2011,1,22,0,0,16,6,VICTORY PARKWAY,,0,39.14505000,-84.483177780,0,33,0,0,1,1,5,0,3,1,0,1,0,0000000,22,1,22,7,22,30,0,0,0,1,1
39,390056,1,1,0,0,0,4,4,81,0,9,1,2011,1,17,7,0,4,4,10,,0,40.26965833,-80.806100000,0,35,0,0,1,1,4,0,1,10,0,10,0,0000000,17,27,17,40,18,9,0,0,0,1,0
39,390057,1,1,0,0,0,3,3,151,0,11,1,2011,3,0,1,0,6,5,351,,0,40.83116944,-81.596830560,0,42,0,0,1,1,4,0,2,10,0,10,0,0000000,8,4,8,8,8,36,0,0,0,2,1
39,390058,3,3,0,0,0,3,3,99,0,11,1,2011,3,16,29,0,3,3,SR-14,,20,40.96866944,-80.982580560,0,12,6,0,1,1,1,0,1,4,0,4,0,0000000,16,35,16,45,17,8,0,0,0,1,0
39,390059,1,1,0,0,0,4,4,89,0,12,1,2011,4,11,36,0,6,4,39,,0,40.03255833,-82.623113890,0,35,0,0,1,1,4,0,1,4,0,4,0,0000000,11,36,11,39,12,16,0,0,0,1,0
39,390060,2,2,0,0,0,3,3,89,0,14,1,2011,6,14,59,0,3,3,SR-37,,19,40.17513889,-82.726508330,0,12,2,0,1,1,1,0,1,10,0,10,0,0000000,14,59,15,0,15,34,0,0,0,2,0
39,390061,2,2,0,0,0,3,3,5,0,14,1,2011,6,13,1,0,4,3,SR-302,553,63,40.92236389,-82.233300000,0,12,6,0,2,3,1,0,1,10,0,10,0,0000000,13,31,13,55,14,41,0,0,0,1,0
39,390062,2,2,0,0,0,4,4,49,1800,15,1,2011,7,2,3,1,13,2,US-33,,225,39.92448333,-82.921500000,0,12,2,0,1,1,1,0,3,1,0,1,0,0000000,2,4,2,7,2,30,0,0,0,1,1
39,390063,2,2,0,0,0,7,7,33,0,11,1,2011,3,23,0,1,2,2,US-30,,27,40.82451944,-83.065691670,0,12,7,0,1,1,1,0,2,4,0,4,0,0000000,23,15,23,23,23,47,0,0,0,1,0
39,390064,1,1,0,0,0,1,1,35,1680,14,1,2011,6,2,47,0,16,6,UNION AVE,,0,41.46342222,-81.631922220,0,30,0,0,1,1,5,0,3,4,0,4,0,0000000,2,47,2,50,3,16,0,0,0,1,1
39,390065,2,2,0,0,0,2,2,41,2150,16,1,2011,1,12,15,0,13,2,US-23,,139,40.32476389,-83.071458330,0,12,1,0,1,1,1,0,1,1,0,1,0,0000000,12,15,12,19,12,39,0,0,0,1,0
39,390066,2,1,1,1,2,1,2,17,8715,22,1,2011,7,10,0,0,16,5,131,,0,39.33096389,-84.408613890,0,8,0,0,1,1,1,0,1,1,0,1,0,0000000,10,1,10,7,10,29,0,0,0,1,0
39,390067,2,2,0,0,0,4,4,35,1680,19,1,2011,4,21,50,0,14,6,MARTIN LUTER KING JR,,0,41.51016111,-81.614513890,0,12,6,0,1,1,1,0,3,4,0,4,0,0000000,21,58,22,8,22,30,0,0,0,2,1
39,390068,1,1,0,0,0,1,1,35,8330,22,2,2011,3,10,50,1,11,1,I-480,,187,41.40733056,-81.640950000,0,51,0,1,18,1,1,0,1,1,0,1,0,0000000,88,88,88,88,88,88,0,0,0,1,0
39,390069,2,2,0,0,0,2,2,21,0,2,3,2011,4,7,38,0,4,3,SR-235,,90,40.16857778,-83.984641670,0,12,2,0,1,1,1,0,1,1,0,1,0,0000000,7,45,7,54,88,88,0,0,0,1,0
39,390070,1,1,0,1,1,1,1,113,0,3,3,2011,5,21,41,0,4,4,W ALEX BELL RD,,0,39.67310556,-84.219130560,0,8,0,0,1,1,1,0,3,1,0,1,0,0000000,88,88,88,88,88,88,0,0,0,1,0
39,390071,2,2,0,0,0,2,2,95,0,5,3,2011,7,2,26,0,5,3,SR-64,,25,41.50987778,-83.759358330,0,12,2,0,1,1,1,0,2,2,0,2,0,0000000,2,34,2,41,99,99,0,0,0,1,2
39,390072,1,1,0,0,0,2,2,31,0,6,3,2011,1,3,39,0,3,2,US-36,,126,40.33633889,-81.962727780,0,42,0,0,1,1,4,0,2,3,0,3,0,0000000,3,39,3,47,5,18,0,0,0,1,1
39,390073,2,2,0,0,0,2,2,13,0,8,3,2011,3,16,38,0,4,3,SR-9,,184,40.09653889,-80.910380560,0,12,2,0,1,1,1,0,1,1,0,1,0,0000000,16,38,16,47,17,29,0,0,0,1,1
39,390074,2,2,0,0,0,2,2,137,0,9,3,2011,4,11,52,0,4,3,SR-12,,55,40.92596389,-84.033994440,0,12,6,0,1,1,1,0,1,2,0,2,0,0000000,11,54,11,58,12,21,0,0,0,1,0
39,390075,3,3,0,0,0,5,5,95,8120,9,3,2011,4,13,50,0,13,3,SR-2,,126,41.61930833,-83.646522220,0,12,2,0,1,1,1,0,1,2,0,2,0,0000000,13,53,13,57,14,26,0,0,0,3,0
39,390076,2,2,0,0,0,2,2,43,7290,10,3,2011,5,13,40,0,12,2,US-250,,1,41.44618333,-82.697502780,0,12,8,0,1,1,1,0,1,10,0,10,0,0000000,13,40,13,41,13,59,0,0,0,1,0
39,390077,1,1,0,1,1,1,1,49,1800,5,1,2011,4,15,5,0,13,2,US-62,W MOUND ST,118,39.94583889,-83.035913890,0,8,0,0,3,1,1,0,1,10,0,10,0,0000000,15,6,15,10,15,22,0,0,0,1,0
39,390078,1,1,0,0,0,1,1,95,8120,23,1,2011,1,3,58,0,14,6,N WESTWOOD AVE,HARTWELL AVE,0,41.64354167,-83.606697220,0,30,0,0,1,1,4,0,3,1,0,1,0,0000000,3,58,4,4,88,88,0,0,0,1,1
39,390079,1,1,0,0,0,1,1,5,0,26,1,2011,4,16,30,0,4,3,SR-511,,209,40.97353611,-82.310730560,0,53,0,0,1,1,4,0,1,1,0,1,0,0000000,16,33,17,0,88,88,0,0,0,1,0
39,390080,1,1,0,0,0,1,1,19,0,26,1,2011,4,2,55,0,3,3,SR-39,,178,40.58036667,-81.036758330,0,35,0,0,1,1,4,0,2,10,0,10,0,0000000,3,5,3,15,3,55,0,0,0,1,1