STATE,ST_CASE,VE_TOTAL,VE_FORMS,PVH_INVL,PEDS,PERNOTMVIT,PERMVIT,PERSONS,COUNTY,CITY,DAY,MONTH,YEAR,DAY_WEEK,HOUR,MINUTE,NHS,ROAD_FNC,ROUTE,TWAY_ID,TWAY_ID2,MILEPT,LATITUDE,LONGITUD,SP_JUR,HARM_EV,MAN_COLL,RELJCT1,RELJCT2,TYP_INT,REL_ROAD,WRK_ZONE,LGT_COND,WEATHER1,WEATHER2,WEATHER,SCH_BUS,RAIL,NOT_HOUR,NOT_MIN,ARR_HOUR,ARR_MIN,HOSP_HR,HOSP_MN,CF1,CF2,CF3,FATALS,DRUNK_DR
39,390081,1,1,0,0,0,3,3,89,0,27,1,2011,5,15,20,0,6,4,314,,0,40.01317500,-82.317752780,0,34,0,0,1,1,4,0,1,10,0,10,0,0000000,15,27,15,36,16,14,0,0,0,1,0
39,390082,2,2,0,0,0,2,2,113,0,27,1,2011,5,6,38,1,2,3,SR-49,,135,39.88976667,-84.389891670,0,12,2,0,1,1,1,0,3,1,0,1,1,0000000,6,38,6,42,99,99,0,0,0,1,0
39,390083,4,4,0,0,0,4,4,61,0,27,1,2011,5,17,24,0,2,3,SR-264,RACE RD,80,39.15788611,-84.630088890,0,12,7,0,3,1,1,0,1,10,0,10,0,0000000,17,24,17,26,18,13,0,0,0,1,0
39,390085,2,2,0,0,0,4,4,29,0,5,2,2011,7,15,55,0,4,4,447,,0,40.65365278,-80.587722220,0,12,8,0,1,1,1,0,1,10,0,10,0,0000000,15,55,15,58,16,29,0,0,0,1,0
39,390086,2,2,0,0,0,7,7,35,1680,6,2,2011,1,11,50,0,16,6,W 74TH ST,FRANKLIN BLVD,0,41.48046667,-81.735791670,0,12,6,0,2,2,1,0,1,10,0,10,0,0000000,12,7,12,10,99,99,0,0,0,2,1
39,390087,2,2,0,0,0,2,2,103,0,7,2,2011,2,15,38,0,4,4,97,,0,41.02511667,-81.821419440,0,12,2,0,1,1,1,0,1,4,0,4,1,0000000,15,42,15,45,16,17,0,0,0,1,0
39,390088,2,2,0,0,0,2,2,143,9130,8,2,2011,3,3,14,1,13,2,US-20,N CHERRY ST,29,41.45132500,-83.365272220,0,12,2,0,2,3,1,0,2,10,0,10,0,0000000,3,16,3,20,88,88,0,0,0,1,0
39,390091,2,2,0,0,0,2,2,79,0,10,2,2011,5,20,30,0,5,4,56,,0,39.10194444,-82.781388890,0,12,8,0,1,1,1,0,2,1,0,1,0,0000000,21,50,22,30,23,17,0,0,0,1,0
39,390092,2,2,0,0,0,3,3,3,0,11,2,2011,6,23,25,0,4,3,SR-115,,16,40.82242222,-84.133780560,0,12,2,0,1,1,1,0,2,10,0,10,0,0000000,23,40,23,48,0,18,0,0,0,1,0
39,390093,1,1,0,0,0,1,1,115,0,11,2,2011,6,10,30,0,4,4,2,,0,39.54349167,-81.793275000,0,38,0,0,1,1,5,0,1,1,0,1,0,0000000,10,40,10,59,11,49,0,0,0,1,0
39,390094,1,1,0,0,0,2,2,151,0,12,2,2011,7,2,52,0,3,2,US-62,,57,40.70581111,-81.576533330,0,30,0,0,1,1,4,0,3,10,0,10,0,0000000,2,54,3,2,3,41,0,0,0,1,1
39,390095,1,1,0,0,0,1,1,73,0,14,2,2011,2,5,18,0,4,3,SR-278,,59,39.47695000,-82.241144440,0,34,0,0,1,1,4,0,2,1,0,1,0,0000000,5,47,6,4,88,88,0,0,0,1,0
39,390096,1,1,0,0,0,1,1,23,0,14,2,2011,2,1,58,1,1,1,I-70,SR-4,56,39.88245833,-83.948630560,0,59,0,1,5,1,4,0,2,10,0,10,0,0000000,1,58,2,18,88,88,0,0,0,1,1
39,390097,1,1,0,0,0,1,1,89,0,14,2,2011,2,9,22,0,6,5,166,,0,40.10416111,-82.389063890,0,42,0,0,1,1,4,0,1,10,0,10,0,0000000,9,32,9,59,11,0,0,0,0,1,1
39,390098,1,1,0,0,0,2,2,145,6700,12,2,2011,7,23,0,0,14,3,SR-139,,10,38.76704167,-82.937186110,0,24,0,0,1,1,4,0,2,1,0,1,0,0000000,23,10,23,17,23,45,0,0,0,1,1
39,390099,2,2,0,0,0,6,6,151,1320,2,3,2011,4,23,45,0,16,6,8TH ST NE,HAMILTON AVE NE,0,40.80081667,-81.340113890,0,12,6,0,2,3,1,0,3,1,0,1,0,0000000,23,45,23,51,0,14,0,0,0,1,1
39,390100,1,1,0,0,0,1,1,151,0,4,3,2011,6,10,18,0,5,4,WOOSTER ST NW,,0,40.81510833,-81.578722220,0,34,0,0,1,1,4,0,1,10,0,10,0,0000000,10,20,10,27,88,88,0,0,0,1,1
39,390101,1,1,0,1,1,1,1,57,0,11,3,2011,6,17,40,0,4,4,NEW GERMANY TREBEIN,,0,39.76796667,-84.017097220,0,9,0,0,4,1,2,0,1,1,0,1,0,0000000,88,88,88,88,88,88,0,0,0,1,0
39,390102,1,1,0,0,0,1,1,121,0,12,3,2011,7,21,30,0,4,3,SR-821,,67,39.73000833,-81.515105560,0,24,0,0,1,1,4,0,2,1,0,1,0,0000000,21,33,21,36,88,88,0,0,0,1,1
39,390103,3,3,0,0,0,2,2,49,3500,14,3,2011,2,22,20,1,11,1,I-270,,136,40.04746111,-83.127880560,0,12,6,1,18,1,1,0,2,1,0,1,0,0000000,88,88,88,88,88,88,19,0,0,1,0
39,390104,1,1,0,0,0,1,1,145,0,15,3,2011,3,1,50,0,6,4,SHELA BLVD,,0,38.75187500,-82.852450000,0,42,0,0,1,1,4,0,2,10,0,10,0,0000000,2,4,2,9,88,88,0,0,0,1,0
39,390105,3,3,0,0,0,6,6,61,1610,16,3,2011,4,0,50,0,13,6,SYCAMORE ST,SR-3,0,39.10526389,-84.509002780,0,12,6,0,3,2,1,0,3,10,0,10,0,0000000,0,52,0,55,1,14,20,0,0,2,1
39,390106,1,1,0,0,0,1,1,65,0,16,3,2011,4,10,0,0,6,4,199,,0,40.51089444,-83.522013890,0,30,0,0,1,1,4,0,1,10,0,10,0,0000000,10,20,10,31,88,88,0,0,0,1,1
39,390107,1,1,0,1,1,1,1,49,1800,17,3,2011,5,20,59,1,11,1,I-670,,44,39.97866667,-82.989950000,0,8,0,1,18,1,1,0,3,1,0,1,0,0000000,20,59,21,6,21,14,0,0,0,1,0
39,390108,4,4,0,0,0,8,8,95,8120,6,3,2011,1,18,2,1,12,2,US-20,ANGOLA RD,142,41.62686389,-83.664663890,0,12,1,0,2,2,1,0,1,1,0,1,0,0000000,18,3,18,7,18,50,0,0,0,1,1
39,390109,2,1,1,0,0,2,2,35,3670,16,3,2011,4,15,15,1,11,1,I-77,,75,41.38305556,-81.652880560,0,14,0,1,18,1,2,0,1,10,0,10,0,0000000,15,19,15,23,15,55,0,0,0,1,0
39,390110,2,2,0,0,0,3,3,133,0,19,3,2011,7,15,23,1,1,1,I-76,,79,41.11052778,-81.252908330,0,12,1,1,7,1,1,0,1,1,0,1,0,0000000,15,24,15,28,88,88,0,0,0,1,0
39,390111,1,1,0,0,0,1,1,83,0,19,3,2011,7,19,55,0,6,4,MONTGOMERY RD,,0,40.47809722,-82.487325000,0,21,0,0,1,1,4,0,2,1,0,1,0,0000000,88,88,88,88,88,88,0,0,0,1,1
39,390112,2,2,0,0,0,4,4,147,0,21,3,2011,2,20,35,0,3,3,SR-53,,49,41.04673333,-83.224352780,0,12,2,0,1,1,1,0,5,1,0,1,0,0000000,20,40,21,8,22,1,0,0,0,3,0
39,390113,1,1,0,1,1,1,1,49,1800,21,3,2011,2,17,40,0,16,6,CHERRY BOTTOM COURT,,0,40.07040278,-82.891716670,0,8,0,0,4,1,1,0,1,1,0,1,0,0000000,17,41,17,49,18,7,0,0,0,1,0
39,390114,2,2,0,0,0,2,2,41,0,22,3,2011,3,14,36,1,1,1,I-71,,65,40.22260000,-82.929438890,0,12,6,1,5,1,1,0,1,1,0,1,0,0000000,14,36,14,42,15,17,0,0,0,1,0
39,390115,2,2,0,0,0,3,3,49,1800,23,3,2011,4,16,4,0,15,6,E WHITTIER ST,,0,39.94371667,-82.973686110,0,12,2,0,1,1,1,0,1,1,0,1,0,0000000,16,5,16,9,16,34,0,0,0,1,0
39,390117,2,2,0,0,0,3,3,27,0,25,3,2011,6,22,0,0,3,3,SR-73,,215,39.34000556,-83.706550000,0,12,2,0,1,1,1,0,2,1,0,1,0,0000000,22,3,22,13,23,1,0,0,0,1,0
39,390118,1,1,0,0,0,1,1,49,1800,13,2,2011,1,1,20,0,14,6,LIVINGSTON AVE,,0,39.94402778,-82.864197220,0,34,0,0,1,1,5,0,3,1,0,1,0,0000000,1,23,1,27,1,50,0,0,0,1,1
39,390119,1,1,0,1,1,1,1,153,0,15,2,2011,3,21,14,0,6,4,RICHLAWN RD,,0,41.20545000,-81.630038890,0,8,0,0,1,1,1,0,2,10,0,10,0,0000000,21,14,21,27,22,7,0,0,0,1,1
39,390120,2,2,0,0,0,2,2,49,1800,15,2,2011,3,10,25,1,13,3,SR-16,WAGGONER RD,114,39.98553889,-82.791252780,0,12,6,0,2,2,1,0,1,1,0,1,0,0000000,10,26,10,30,10,36,0,0,0,1,0
39,390121,2,2,0,0,0,2,2,139,6195,16,2,2011,4,12,57,0,13,3,SR-309,LEWIS RD,57,40.76011111,-82.623861110,0,12,8,0,3,1,1,0,1,1,0,1,0,0000000,12,59,13,2,13,37,0,0,0,1,0
39,390122,1,1,0,0,0,1,1,141,0,16,2,2011,4,22,12,0,6,5,162,,0,39.21716389,-83.069955560,0,42,0,0,1,1,4,0,2,10,0,10,0,0000000,22,12,22,28,88,88,0,0,0,1,1
39,390123,1,1,0,2,2,1,1,49,1800,18,2,2011,6,2,45,0,13,2,US-40,BARNETT RD,185,39.95638889,-82.905555560,0,8,0,0,1,1,1,0,3,1,0,1,0,0000000,2,47,2,51,3,11,0,0,0,1,0
39,390124,2,2,0,0,0,2,2,21,0,19,2,2011,7,15,9,1,13,2,US-68,,46,40.08882778,-83.757350000,0,12,2,0,1,1,1,0,1,1,0,1,0,0000000,15,10,15,25,88,88,0,0,0,1,1
39,390125,1,1,0,0,0,1,1,89,0,20,2,2011,1,13,10,0,5,4,539,,0,40.08116111,-82.565638890,0,32,0,0,1,1,4,0,1,10,0,10,0,0000000,13,13,13,18,14,2,0,0,0,1,0
39,390126,1,1,0,0,0,5,5,75,0,21,2,2011,2,15,40,0,3,3,SR-83,,44,40.50698333,-81.894111110,0,43,0,0,1,1,4,0,1,4,0,4,0,0000000,15,40,15,50,16,19,0,0,0,1,0
39,390127,1,1,0,1,1,2,2,119,0,22,2,2011,3,19,45,0,5,3,SR-555,,48,39.82908333,-81.986225000,0,8,0,0,1,1,1,0,2,10,0,10,0,0000000,19,46,19,55,99,99,0,0,0,1,0
39,390128,1,1,0,1,1,1,1,165,5010,23,2,2011,4,0,43,0,2,3,SR-122,TOWNE BLVD,4,39.49326111,-84.330163890,0,8,0,0,2,2,1,0,3,98,0,98,0,0000000,0,44,0,49,88,88,0,0,0,1,0
39,390129,2,2,0,0,0,2,2,89,0,1,3,2011,3,11,30,0,3,3,SR-37,CASTLE RD,88,40.10371944,-82.637600000,0,12,6,0,2,2,1,0,1,1,0,1,0,0000000,11,33,11,36,99,99,0,0,0,1,0
39,390130,2,1,1,1,1,1,1,61,7450,1,3,2011,3,4,52,1,11,1,I-75,,755,39.27053611,-84.440747220,0,14,0,0,1,1,2,0,3,1,0,1,0,0000000,4,52,4,59,99,99,0,0,0,1,1
39,390132,1,1,0,1,1,1,1,49,1800,2,3,2011,4,0,0,0,15,6,S PARSONS AVE,,0,39.93320278,-82.983836110,0,8,0,0,1,1,1,0,3,1,0,1,0,0000000,0,2,0,5,0,17,0,0,0,1,0
39,390133,1,1,0,0,0,1,1,105,0,3,3,2011,5,16,36,0,5,4,030,,0,39.02196111,-81.960638890,0,42,0,0,1,1,4,0,1,1,0,1,0,0000000,16,36,16,46,88,88,0,0,0,1,0
39,390134,2,2,0,0,0,2,2,35,2520,16,2,2011,4,14,54,0,14,3,SR-283,,84,41.59612500,-81.548425000,0,12,2,0,1,1,1,0,1,1,0,1,0,0000000,15,1,15,4,15,11,0,0,0,1,1
39,390135,1,1,0,0,0,1,1,155,5900,22,3,2011,3,22,45,0,13,2,US-422,,159,41.21044722,-80.750819440,0,30,0,0,1,1,4,0,3,2,0,2,0,0000000,22,49,22,53,23,16,0,0,0,1,1
39,390136,2,2,0,0,0,3,3,135,0,26,3,2011,7,18,17,1,1,1,I-70,,43,39.83042222,-84.732141670,0,12,6,1,18,1,1,0,1,1,0,1,0,0000000,18,19,18,32,88,88,0,0,0,2,0
39,390137,1,1,0,1,1,1,1,169,0,31,3,2011,5,8,53,0,5,4,EMERSON RD,,0,40.74133889,-81.762658330,0,8,0,0,1,1,1,0,1,10,0,10,0,0000000,8,53,8,56,9,12,0,0,0,1,0
39,390138,1,1,0,0,0,1,1,133,0,2,4,2011,7,5,0,0,4,3,SR-700,,30,41.27774167,-81.145105560,0,35,0,0,1,1,4,0,2,10,0,10,0,0000000,6,15,6,22,88,88,0,0,0,1,0
39,390139,1,1,0,0,0,1,1,25,0,7,4,2011,5,1,13,0,6,5,KENNEDY FORD RD,,0,38.97689167,-84.097080560,0,42,0,0,1,1,4,0,2,10,0,10,0,0000000,1,17,1,37,2,24,0,0,0,1,1
39,390140,1,1,0,0,0,1,1,101,0,8,4,2011,6,11,41,0,3,3,SR-309,,63,40.64385278,-83.297311110,0,42,0,0,1,1,4,0,1,10,0,10,0,0000000,11,43,11,54,12,21,0,0,0,1,0
39,390141,1,1,0,0,0,1,1,95,4840,12,4,2011,3,6,44,0,2,2,US-24,,189,41.58104722,-83.623252780,0,59,0,0,1,1,4,0,1,1,0,1,0,0000000,88,88,88,88,88,88,0,0,0,1,1
39,390142,2,2,0,0,0,2,2,49,1800,14,4,2011,5,20,29,0,14,6,OLENTANGY RIVER RD,,0,39.97315833,-83.022030560,0,12,6,0,5,1,1,0,3,1,0,1,0,0000000,20,30,20,34,88,88,0,0,0,1,1
39,390143,1,1,0,0,0,6,6,49,1800,16,4,2011,7,2,15,1,11,1,I-70,,170,39.93238056,-82.930641670,0,25,0,1,18,1,3,0,3,2,0,2,0,0000000,2,19,2,29,2,40,0,0,0,1,0
39,390144,2,2,0,0,0,3,3,3,0,24,2,2011,5,14,34,0,13,3,SR-309,,92,40.76455000,-84.155100000,0,12,6,0,4,1,1,0,1,10,0,10,0,0000000,14,37,14,46,14,54,0,0,0,1,0
39,390145,1,1,0,0,0,2,2,61,0,24,2,2011,5,2,50,1,1,1,I-74,,44,39.23878333,-84.767227780,0,24,0,0,1,1,3,0,2,10,0,10,0,0000000,99,99,99,99,88,88,0,0,0,1,1
39,390146,2,2,0,0,0,4,4,153,0,26,2,2011,7,11,20,0,4,4,VALLEY VIEW RD,,0,41.34226111,-81.584930560,0,12,6,0,1,1,1,0,1,1,0,1,0,0000000,11,29,11,36,12,45,0,0,0,2,0
39,390147,2,2,0,1,1,2,2,113,2090,4,3,2011,6,21,0,1,11,1,I-75,,119,39.75200833,-84.205313890,0,8,0,0,1,1,1,1,3,2,0,2,0,0000000,21,4,21,26,88,88,0,0,0,1,0
39,390148,2,2,0,0,0,3,3,29,0,5,3,2011,7,17,23,0,5,3,SR-154,,35,40.76231667,-80.702919440,0,12,2,0,1,1,1,0,1,2,0,2,0,0000000,17,35,17,43,99,99,0,0,0,1,0
39,390149,1,1,0,1,1,2,2,7,0,6,3,2011,1,0,30,0,4,2,US-6,,206,41.60705000,-80.604066670,0,8,0,0,1,1,1,0,2,2,0,2,0,0000000,99,99,99,99,88,88,0,0,0,1,1
39,390150,2,2,0,0,0,3,3,69,0,6,3,2011,1,0,24,1,2,2,US-24,,106,41.41563333,-84.048413890,0,12,6,0,1,1,1,0,2,4,0,4,0,0000000,99,99,99,99,88,88,0,0,0,1,1
39,390151,1,1,0,1,1,1,1,49,3210,8,3,2011,3,21,57,0,13,3,SR-317,GROVEPORT RD,64,39.85555556,-82.900000000,0,8,0,0,2,2,1,0,3,1,0,1,0,0000000,99,99,99,99,88,88,0,0,0,1,0
39,390152,1,1,0,0,0,1,1,25,0,9,3,2011,4,23,9,0,5,3,SR-132,,92,39.04659444,-84.196441670,0,24,0,0,1,1,4,0,2,2,0,2,0,0000000,23,10,23,17,23,41,0,0,0,1,1
39,390153,1,1,0,0,0,1,1,109,6550,10,3,2011,5,4,33,1,11,1,I-75,,162,40.14596389,-84.218469440,0,24,0,0,1,1,3,0,2,10,0,10,0,0000000,99,99,99,99,88,88,0,0,0,1,0
39,390154,4,4,0,0,0,4,4,93,170,10,3,2011,5,19,49,1,12,3,SR-2,,68,41.41293889,-82.220758330,0,12,7,0,1,1,1,0,3,2,0,2,0,0000000,19,53,19,57,20,9,0,0,0,1,1
39,390155,1,1,0,1,1,2,2,141,0,12,3,2011,7,21,3,1,2,2,US-35,,26,39.46246944,-83.244880560,0,8,0,0,1,1,1,0,2,10,0,10,0,0000000,99,99,99,99,99,99,0,0,0,1,0
39,390156,1,1,0,1,1,1,1,153,3139,12,3,2011,7,19,23,0,5,4,S MAIN ST,TAHITI DR,0,40.95932222,-81.528694440,0,8,0,0,2,3,1,0,2,1,0,1,0,0000000,19,25,19,31,20,36,0,0,0,1,0
39,390157,1,1,0,1,1,1,1,49,0,14,3,2011,2,21,6,0,2,3,SR-317,,103,39.90680556,-82.881394440,0,8,0,0,1,1,1,0,2,10,0,10,0,0000000,21,6,21,9,88,88,0,0,0,1,0
39,390158,2,2,0,0,0,2,2,49,1800,15,3,2011,3,16,48,0,14,2,US-23,TORRENCE RD,168,40.03681111,-83.000677780,0,12,6,0,2,2,1,0,1,10,0,10,0,0000000,16,51,16,53,17,16,0,0,0,1,0
39,390159,1,1,0,0,0,1,1,85,9010,17,3,2011,5,13,47,0,13,3,SR-640,,31,41.64260278,-81.416061110,0,21,0,0,1,1,3,0,1,1,0,1,0,0000000,13,48,13,54,88,88,0,0,0,1,0
39,390160,1,1,0,1,1,1,1,49,8940,19,3,2011,7,22,18,0,13,3,SR-16,,59,39.97416944,-82.893391670,0,8,0,0,1,1,1,0,3,1,0,1,0,0000000,22,20,22,21,22,41,0,0,0,1,0
39,390161,1,1,0,0,0,1,1,89,0,19,3,2011,7,14,5,0,6,5,243,,0,40.10315833,-82.294438890,0,35,0,0,1,1,4,0,1,1,0,1,0,0000000,14,15,14,22,14,46,0,0,0,1,1
39,390162,1,1,0,0,0,1,1,157,0,19,3,2011,7,4,5,1,2,2,US-250,,31,40.61335833,-81.536622220,0,30,0,0,1,1,4,0,3,1,0,1,0,0000000,88,88,88,88,88,88,0,0,0,1,1
39,390163,1,1,0,0,0,1,1,153,0,20,3,2011,1,2,35,0,5,4,33,,0,41.15724722,-81.628883330,0,59,0,0,1,1,4,0,2,1,0,1,0,0000000,2,38,2,42,88,88,0,0,0,1,1
39,390164,2,2,0,0,0,3,3,173,0,21,3,2011,2,13,32,1,2,2,US-6,,107,41.35224444,-83.687361110,0,12,8,0,1,1,1,0,1,10,0,10,0,0000000,13,43,14,6,14,26,0,0,0,1,0
39,390166,2,2,0,0,0,3,3,1,0,1,4,2011,6,13,17,0,4,3,SR-41,BROWN HILL RD,53,38.72034167,-83.633680560,0,12,6,0,2,3,1,0,1,1,0,1,0,0000000,13,17,13,21,14,9,0,0,0,1,0
39,390167,1,1,0,0,0,3,3,151,0,3,4,2011,1,19,40,0,5,5,MILLERSBURG RD,,0,40.77911111,-81.564730560,0,38,0,0,1,1,4,0,1,10,0,10,0,0000000,19,43,19,48,20,5,0,0,0,1,0
39,390168,1,1,0,0,0,1,1,61,3160,3,4,2011,1,1,35,0,14,4,WINTON RD,,0,39.24368611,-84.511986110,0,33,0,0,1,1,4,0,3,1,0,1,0,0000000,88,88,88,88,88,88,20,0,0,1,0
39,390169,1,1,0,0,0,2,2,145,0,10,4,2011,1,0,20,0,6,5,CRABTREE CEMETERY RD,,0,38.92255833,-83.145905560,0,42,0,0,1,1,4,0,2,5,0,5,0,0000000,0,25,0,39,1,9,0,0,0,1,1
39,390170,1,1,0,0,0,2,2,23,0,10,4,2011,1,3,10,0,6,4,MARQUART RD,,0,39.98586667,-84.020947220,0,32,0,0,1,1,4,0,2,5,0,5,0,0000000,88,88,88,88,88,88,0,0,0,2,1
39,390171,1,1,0,0,0,1,1,99,383,10,4,2011,1,21,40,0,14,6,BURKEY RD,,0,41.08790833,-80.711211110,0,33,0,0,1,1,4,0,3,1,0,1,0,0000000,21,42,21,51,22,9,0,0,0,1,1
39,390172,2,2,0,0,0,2,2,99,0,11,4,2011,2,17,3,0,4,4,W WESTERN RESERVE RD,DETWILER RD,0,40.98786667,-80.726422220,0,12,2,0,1,1,1,0,1,2,0,2,0,0000000,88,88,88,88,88,88,0,0,0,1,1
39,390173,1,1,0,0,0,1,1,83,0,11,4,2011,2,5,11,0,4,3,SR-586,,57,40.29373333,-82.386044440,0,1,0,0,1,1,1,0,2,10,0,10,0,0000000,88,88,88,88,88,88,0,0,0,1,0
39,390174,1,1,0,0,0,1,1,101,0,15,4,2011,6,15,5,0,5,4,WHETSTON RIVER RD S,,0,40.55478056,-83.011322220,0,34,0,0,1,1,4,0,1,1,0,1,0,0000000,15,8,15,19,15,47,0,0,0,1,0
39,390175,1,1,0,0,0,2,2,65,0,16,4,2011,7,19,27,0,6,4,175,,0,40.79516389,-83.576602780,0,59,0,0,1,1,4,0,1,2,0,2,0,0000000,19,33,19,45,88,88,0,0,0,1,1
39,390176,1,1,0,0,0,1,1,97,0,23,3,2011,4,15,30,0,4,3,SR-56,,184,39.77810278,-83.316508330,0,34,0,0,1,1,4,0,1,10,0,10,0,0000000,15,32,15,38,15,53,0,0,0,1,0
39,390177,2,1,1,0,0,1,1,113,3895,23,3,2011,4,16,50,0,16,6,POLEN DR,,0,39.66944722,-84.131852780,0,14,0,0,1,1,7,0,1,10,0,10,0,0000000,16,53,16,58,17,24,0,0,0,1,0
39,390178,2,2,0,0,0,7,7,147,0,24,3,2011,5,18,0,1,2,2,US-224,,272,41.07544444,-82.914819440,0,12,8,0,1,1,1,0,1,10,0,10,0,0000000,18,14,18,26,18,56,0,0,0,1,0
39,390179,2,2,0,0,0,2,2,141,0,24,3,2011,5,8,45,0,4,3,SR-41,,26,39.21571111,-83.284280560,0,12,2,0,1,1,1,0,1,10,0,10,0,0000000,8,51,8,56,88,88,0,0,0,1,0
39,390180,2,2,0,0,0,2,2,49,1800,26,3,2011,7,12,47,0,15,6,BRIGGS RD,,0,39.92861111,-83.063888890,0,12,2,0,1,1,1,0,1,1,0,1,0,0000000,12,47,12,49,13,40,0,0,0,1,0
39,390181,1,1,0,0,0,3,3,71,0,26,3,2011,7,22,20,0,4,3,SR-73,,142,39.15316111,-83.578333330,0,42,0,0,1,1,4,0,2,1,0,1,0,0000000,22,20,22,25,22,59,0,0,0,2,1
39,390182,2,2,0,0,0,3,3,21,0,29,3,2011,3,11,27,0,6,5,93,,0,40.08257222,-83.756913890,0,12,8,0,1,1,1,0,1,10,0,10,0,0000000,11,27,11,34,12,99,0,0,0,1,0
39,390183,1,1,0,2,2,1,1,61,1610,2,4,2011,7,6,47,0,13,6,WESTWOOD AVE,GRAND AVE,0,39.12503333,-84.553333330,0,8,0,0,2,2,1,0,3,10,0,10,0,0000000,6,48,6,52,7,1,0,0,0,1,1
39,390184,2,1,1,0,0,1,1,113,4960,3,4,2011,1,4,55,0,13,3,SR-741,,38,39.62737500,-84.226427780,0,33,0,0,1,1,5,0,2,10,0,10,0,0000000,4,56,5,0,5,18,0,0,0,1,1
39,390185,1,1,0,0,0,1,1,153,460,3,4,2011,1,21,8,0,14,3,SR-619,,31,41.00198889,-81.587991670,0,40,0,0,1,1,4,0,2,1,0,1,0,0000000,21,9,21,14,88,88,0,0,0,1,1
39,390186,1,1,0,0,0,1,1,49,8730,6,4,2011,4,19,13,0,16,6,E SCHROCK RD,,0,40.10976944,-82.914869440,0,33,0,0,1,1,5,0,1,1,0,1,0,0000000,19,13,19,16,88,88,0,0,0,1,1
39,390187,2,2,0,0,0,3,3,17,3260,3,4,2011,1,23,22,0,13,2,US-127,,66,39.40281389,-84.556925000,0,12,2,0,1,1,1,0,3,10,0,10,0,0000000,23,22,23,27,23,51,0,0,0,1,1
39,390188,2,2,0,1,1,1,1,7,0,3,4,2011,1,1,44,0,13,2,US-20,,41,41.81117222,-80.927291670,0,12,7,0,1,1,1,0,3,10,0,10,0,0000000,1,44,1,45,88,88,23,0,0,1,1
39,390189,2,2,0,0,0,5,5,87,0,6,4,2011,4,15,46,0,6,4,103,,0,38.57056944,-82.662500000,0,12,2,0,1,1,1,0,1,1,0,1,0,0000000,15,59,16,28,16,51,0,0,0,1,0
39,390190,2,2,0,0,0,3,3,119,0,9,4,2011,7,18,33,0,3,2,US-40,I-70,93,39.94884722,-82.047872220,0,12,6,1,2,2,1,0,1,10,0,10,0,0000000,18,43,18,46,19,5,0,0,0,1,0
39,390191,2,2,0,0,0,2,2,117,0,9,4,2011,7,10,15,0,4,4,23,20,0,40.47475278,-82.756977780,0,12,6,0,2,2,1,0,1,10,0,10,0,0000000,10,17,10,25,11,11,0,0,0,1,0
39,390192,1,1,0,0,0,1,1,51,0,10,4,2011,1,18,33,0,6,4,U,,0,41.71260000,-83.898769440,0,34,0,0,1,1,4,0,1,1,0,1,0,0000000,18,39,18,52,88,88,0,0,0,1,1
39,390193,2,2,0,0,0,2,2,93,0,12,4,2011,3,17,40,0,4,3,SR-82,DURKEE RD,9,41.31480833,-82.051050000,0,12,6,0,2,2,1,0,1,10,0,10,0,0000000,17,53,17,54,18,25,0,0,0,1,0
39,390194,2,2,0,0,0,2,2,113,0,15,4,2011,6,15,31,0,4,3,SR-725,23,1,39.63590278,-84.479972220,0,12,6,0,2,2,1,0,1,10,2,2,0,0000000,15,33,15,45,16,56,0,0,0,1,0
39,390195,2,2,0,0,0,3,3,139,0,15,4,2011,6,14,50,0,14,3,SR-430,N FORD RD,84,40.76591667,-82.455638890,0,12,6,0,2,3,1,0,1,10,0,10,0,0000000,14,50,14,99,15,7,0,0,0,1,0
39,390196,1,1,0,0,0,1,1,133,7875,17,4,2011,1,5,5,0,15,6,DIAGONAL RD,,0,41.23352222,-81.307736110,0,53,0,0,1,1,4,0,2,6,0,6,0,0000000,5,10,5,16,88,88,0,0,0,1,1
39,390198,2,2,0,0,0,5,5,61,1610,22,4,2011,6,17,0,0,14,6,BEEKMAN ST,SUTTER AVE,0,39.13688611,-84.548100000,0,12,6,0,2,2,1,0,1,2,0,2,0,0000000,17,2,17,7,17,36,0,0,0,1,0
39,390199,2,2,0,0,0,4,4,169,0,7,1,2011,6,12,30,0,6,4,E MORELAND RD,FREDERICKSBURG RD,0,40.71094722,-81.892088890,0,12,6,0,2,2,1,0,1,10,0,10,0,0000000,12,31,12,35,12,58,0,0,0,1,0
39,390200,2,2,0,0,0,7,7,75,0,29,3,2011,3,14,33,0,4,2,US-62,,43,40.46294722,-82.117738890,0,12,2,0,1,1,1,0,1,1,0,1,0,0000000,14,35,14,49,15,31,0,0,0,1,0
39,390201,1,1,0,0,0,2,2,3,4220,29,3,2011,3,22,45,0,15,6,W WAYNE ST,,0,40.74398889,-84.117369440,0,30,0,0,1,1,4,0,6,1,0,1,0,0000000,22,47,22,49,23,4,0,0,0,1,0
39,390202,2,2,0,0,0,2,2,97,5400,6,4,2011,4,12,47,0,14,3,SR-142,,11,39.89893889,-83.412666670,0,12,11,0,4,1,1,0,1,1,0,1,0,0000000,12,47,12,51,13,20,0,0,0,1,0
39,390203,2,2,0,0,0,5,5,49,1300,18,4,2011,2,22,40,1,12,2,US-33,BOWEN RD,309,39.85138056,-82.804813890,0,12,6,0,3,1,1,0,2,1,0,1,0,0000000,22,50,22,55,0,6,0,0,0,1,0