STATE,ST_CASE,VE_TOTAL,VE_FORMS,PVH_INVL,PEDS,PERNOTMVIT,PERMVIT,PERSONS,COUNTY,CITY,DAY,MONTH,YEAR,DAY_WEEK,HOUR,MINUTE,NHS,ROAD_FNC,ROUTE,TWAY_ID,TWAY_ID2,MILEPT,LATITUDE,LONGITUD,SP_JUR,HARM_EV,MAN_COLL,RELJCT1,RELJCT2,TYP_INT,REL_ROAD,WRK_ZONE,LGT_COND,WEATHER1,WEATHER2,WEATHER,SCH_BUS,RAIL,NOT_HOUR,NOT_MIN,ARR_HOUR,ARR_MIN,HOSP_HR,HOSP_MN,CF1,CF2,CF3,FATALS,DRUNK_DR
39,390204,2,2,0,0,0,2,2,33,0,20,4,2011,4,10,18,0,4,3,SR-19,SR-100,111,40.78025000,-82.932272220,0,12,6,0,2,2,1,0,1,10,0,10,0,0000000,10,34,10,58,11,41,0,0,0,1,0
39,390205,1,1,0,1,1,1,1,113,1670,22,4,2011,6,17,5,0,5,5,WENGER RD,,0,39.86201389,-84.319219440,0,9,0,0,4,1,1,0,1,2,0,2,0,0000000,17,5,17,11,17,33,0,0,0,1,0
39,390206,1,1,0,1,1,1,1,61,0,23,4,2011,7,23,3,0,14,4,PLAINFIELD RD,,0,39.21105000,-84.398100000,0,8,0,0,1,1,1,0,2,2,0,2,0,0000000,23,3,23,9,23,33,0,0,0,1,0
39,390207,1,1,0,0,0,1,1,89,0,26,4,2011,3,20,35,0,6,4,MINK RD,,0,40.10249722,-82.708511110,0,1,0,0,1,1,1,0,2,1,0,1,0,0000000,20,37,20,43,21,14,0,0,0,1,1
39,390208,2,2,0,0,0,2,2,95,0,28,4,2011,5,17,18,0,4,2,US-20A,EBER RD,55,41.57474722,-83.786888890,0,12,6,0,2,2,1,0,1,10,0,10,0,0000000,88,88,88,88,88,88,0,0,0,1,0
39,390209,1,1,0,0,0,2,2,113,6990,26,3,2011,7,0,50,1,12,2,US-35,,201,39.74579722,-84.120811110,0,59,0,1,5,1,5,0,3,10,0,10,0,0000000,0,52,0,58,1,20,20,0,0,1,1
39,390210,1,1,0,0,0,1,1,129,1620,3,4,2011,1,18,16,0,15,6,E OHIO ST,,0,39.60166667,-82.942147220,0,33,0,0,1,1,4,0,1,1,0,1,0,0000000,18,17,18,21,18,44,0,0,0,1,0
39,390211,3,2,1,0,0,9,9,61,1700,10,4,2011,1,16,35,0,14,3,SR-264,,3,39.16068056,-84.744072220,0,12,6,0,1,1,1,0,1,1,0,1,0,0000000,16,39,16,44,17,35,0,0,0,1,0
39,390212,1,1,0,1,1,1,1,35,6000,16,4,2011,7,1,4,0,4,6,FITCH RD,,0,41.40878611,-81.920875000,0,8,0,0,1,1,1,0,2,8,0,8,0,0000000,1,4,1,8,1,55,0,0,0,1,0
39,390213,1,1,0,1,1,1,1,61,7795,14,4,2011,5,14,34,0,15,6,NORTHLAND BLVD,,0,39.28595000,-84.474050000,0,8,0,0,1,1,1,0,1,1,0,1,0,0000000,14,35,14,36,14,50,0,0,0,1,0
39,390214,2,2,0,0,0,5,5,97,0,24,4,2011,1,17,20,0,4,2,US-40,SR-38,46,39.93580278,-83.451119440,0,12,6,0,2,2,1,0,1,10,0,10,0,0000000,17,28,17,53,18,37,0,0,0,4,0
39,390215,1,1,0,0,0,2,2,155,0,26,4,2011,3,12,1,0,5,5,SALT SPRINGS RD,NILES CARVER,0,41.15203333,-80.753802780,0,30,0,0,2,2,4,0,1,10,0,10,0,0000000,12,5,12,9,12,39,0,0,0,1,0
39,390216,2,2,0,0,0,2,2,113,3895,30,4,2011,7,1,1,0,14,6,SMITHVILLE RD,WILMINGTON PIKE,0,39.71280000,-84.143000000,0,12,1,0,2,4,1,0,3,1,0,1,0,0000000,5,38,5,53,6,7,0,0,0,1,0
39,390217,2,2,0,0,0,3,3,93,0,1,5,2011,1,19,1,1,2,2,US-20,,75,41.27109722,-82.200394440,0,12,2,0,1,1,1,0,1,2,0,2,0,0000000,19,3,19,13,19,42,0,0,0,1,1
39,390218,1,1,0,0,0,2,2,37,0,1,5,2011,1,13,40,0,4,3,SR-121,,264,40.08970278,-84.638777780,0,30,0,0,1,1,4,0,1,2,0,2,0,0000000,13,40,13,48,14,27,0,0,0,1,0
39,390219,1,1,0,0,0,1,1,9,0,2,5,2011,2,8,5,0,4,4,STROUDS RUN RD,,0,39.35391944,-82.069483330,0,42,0,0,1,1,4,0,1,10,0,10,0,0000000,88,88,88,88,88,88,0,0,0,1,0
39,390220,1,1,0,1,1,2,2,13,0,4,5,2011,4,0,20,0,4,3,SR-149,,58,40.02450833,-80.824913890,0,8,0,0,1,1,1,0,2,1,0,1,0,0000000,0,24,0,28,3,6,0,0,0,1,0
39,390221,1,1,0,0,0,1,1,49,1800,5,5,2011,5,1,37,1,11,1,I-670 RAMP,N 4TH ST,38,39.97586944,-82.998102780,0,24,0,1,5,1,4,0,3,1,0,1,0,0000000,1,39,1,45,88,88,0,0,0,1,1
39,390222,2,2,0,0,0,9,9,103,0,6,5,2011,6,19,53,1,2,3,SR-18,,202,41.13613333,-81.703863890,0,12,6,0,1,1,1,0,1,2,0,2,0,0000000,19,54,20,6,21,40,0,0,0,2,2
39,390223,1,1,0,1,1,1,1,151,4390,6,4,2011,4,20,27,0,13,3,SR-44,SR-153,127,40.83813333,-81.259636110,0,8,0,0,3,1,1,0,3,1,0,1,0,0000000,20,27,20,30,21,7,0,0,0,1,0
39,390224,1,1,0,0,0,1,1,29,0,16,4,2011,7,14,5,0,4,3,SR-172,,64,40.78945556,-80.972977780,0,42,0,0,1,1,4,0,1,10,0,10,0,0000000,14,11,14,19,88,88,0,0,0,1,0
39,390225,1,1,0,0,0,3,3,29,0,17,4,2011,1,15,21,0,5,3,SR-14,,187,40.85383056,-80.528230560,0,42,0,0,1,1,5,0,1,1,0,1,0,0000000,15,21,15,31,16,18,0,0,0,1,0
39,390226,3,3,0,0,0,3,3,113,2500,19,4,2011,3,16,5,1,11,1,I-70,,96,39.85491389,-84.311897220,0,12,1,0,1,1,1,0,1,10,0,10,0,0000000,16,14,16,20,88,88,0,0,0,1,0
39,390227,2,2,0,0,0,2,2,17,0,21,4,2011,5,21,55,0,4,3,SR-122,,35,39.53489444,-84.457052780,0,12,2,0,1,1,1,0,2,10,0,10,0,0000000,21,57,22,12,22,41,0,0,0,1,2
39,390228,2,2,0,0,0,2,2,63,0,5,4,2011,3,14,41,0,6,4,109,243,0,41.12297222,-83.531819440,0,12,6,0,2,2,1,0,1,10,0,10,0,0000000,14,48,14,58,15,49,0,0,0,1,1
39,390229,1,1,0,0,0,2,2,151,1320,23,4,2011,7,23,6,0,13,6,CLEVELAND AVE SW,,0,40.77657778,-81.388080560,0,30,0,0,1,1,5,0,3,10,0,10,0,0000000,23,10,23,14,23,31,0,0,0,1,1
39,390230,2,2,0,0,0,2,2,49,1800,25,4,2011,2,21,13,1,11,1,I-71,,185,39.98632778,-82.985744440,0,12,1,0,1,1,1,0,3,1,0,1,0,0000000,21,13,21,23,21,48,0,0,0,1,0
39,390231,1,1,0,0,0,1,1,87,0,26,4,2011,3,23,0,1,2,3,SR-7,,133,38.50126111,-82.308375000,0,53,0,0,1,1,4,0,2,1,0,1,0,0000000,99,99,99,99,88,88,0,0,0,1,1
39,390232,2,2,0,0,0,2,2,11,0,28,4,2011,5,21,25,1,1,1,I-75,,86,40.60548611,-84.154169440,0,12,1,0,1,1,1,0,2,10,0,10,0,0000000,21,28,21,43,22,4,0,0,0,1,0
39,390233,2,2,0,0,0,3,3,63,0,21,2,2011,2,18,36,0,3,2,US-224,,224,41.06925833,-83.490258330,0,12,6,0,1,1,1,0,2,4,0,4,0,0000000,18,40,19,2,20,6,0,0,0,1,0
39,390234,1,1,0,1,1,1,1,153,70,26,3,2011,7,0,35,0,13,6,MERRIMAN RD,WEATHERVANE LANE,0,41.13483889,-81.553658330,0,8,0,0,2,3,1,0,3,10,0,10,0,0000000,0,35,0,38,0,53,0,0,0,1,1
39,390235,2,2,0,0,0,3,3,7,0,29,3,2011,3,12,48,0,3,2,US-322,SR-46,123,41.53601667,-80.765047220,0,12,6,0,2,2,1,0,1,1,0,1,0,0000000,12,55,13,3,13,54,0,0,0,1,0
39,390236,1,1,0,0,0,1,1,65,0,6,5,2011,6,17,30,0,6,4,W RAILROAD ST,,0,40.69524167,-83.789244440,0,18,0,0,1,1,4,0,1,1,0,1,0,0000000,17,32,17,57,18,16,0,0,0,1,0
39,390237,2,1,1,1,1,1,1,165,0,10,5,2011,3,2,0,0,3,2,US-42,,140,39.46558611,-84.163405560,0,34,0,0,1,1,4,0,2,1,0,1,0,0000000,88,88,88,88,88,88,20,0,0,1,0
39,390238,2,2,0,0,0,4,4,155,0,11,5,2011,4,22,15,0,4,3,SR-305,LOUISE RD,83,41.30839167,-80.856780560,0,12,6,0,2,3,1,0,3,1,0,1,0,0000000,22,19,22,21,22,33,0,0,0,1,0
39,390239,1,1,0,0,0,1,1,73,0,11,5,2011,4,11,23,0,4,3,SR-595,,61,39.54707500,-82.261333330,0,42,0,0,1,1,4,0,1,1,0,1,0,0000000,88,88,88,88,88,88,0,0,0,1,0
39,390241,2,2,0,0,0,2,2,57,0,12,5,2011,5,10,45,1,1,1,I-675,SR-444,175,39.84518611,-83.993569440,0,24,0,1,18,1,3,0,1,1,0,1,0,0000000,88,88,88,88,88,88,0,0,0,1,0
39,390242,1,1,0,0,0,2,2,35,6370,14,5,2011,7,17,51,0,15,6,RIDGEWAY DR,,0,41.38454444,-81.751058330,0,42,0,0,1,1,4,0,1,2,0,2,0,0000000,17,54,17,56,99,99,0,0,0,1,0
39,390243,3,3,0,0,0,3,3,61,4320,28,3,2011,2,9,15,1,11,1,I-75,,128,39.23488611,-84.450552780,0,12,8,0,1,1,1,0,1,1,0,1,0,0000000,9,19,9,24,88,88,0,0,0,1,0
39,390244,2,2,0,0,0,3,3,61,0,23,4,2011,7,2,25,1,2,3,SR-125,,44,39.07740833,-84.366975000,0,12,6,0,1,1,1,0,3,2,0,2,0,0000000,2,29,2,36,99,99,0,0,0,1,1
39,390245,2,2,0,0,0,3,3,103,0,28,4,2011,5,22,11,0,4,4,4,,0,41.13608333,-81.909011110,0,12,2,0,1,1,1,0,2,10,0,10,0,0000000,22,12,22,28,22,45,0,0,0,2,0
39,390246,2,2,0,0,0,4,4,59,0,29,4,2011,6,19,35,0,4,2,US-40,,137,40.03410000,-81.490525000,0,12,6,0,1,1,1,0,1,10,0,10,0,0000000,19,35,19,52,99,99,0,0,0,2,0
39,390247,1,1,0,0,0,2,2,25,0,10,3,2011,5,15,4,0,6,5,BENNETT RD,,0,39.05798333,-84.265813890,0,31,0,0,1,1,4,0,1,10,0,10,0,0000000,15,4,15,8,15,40,0,0,0,1,1
39,390248,1,1,0,0,0,1,1,91,0,8,5,2011,1,19,5,0,4,3,SR-235,,159,40.45903889,-83.917372220,0,34,0,0,1,1,4,0,1,1,0,1,0,0000000,88,88,88,88,88,88,0,0,0,1,0
39,390249,2,2,0,0,0,3,3,131,0,12,5,2011,5,13,55,0,2,3,SR-32,GERMANY RD,200,39.05305278,-82.936822220,0,12,6,0,2,2,1,0,1,1,0,1,0,0000000,14,45,14,50,15,29,0,0,0,1,0
39,390250,1,1,0,0,0,1,1,173,0,15,5,2011,1,7,10,0,2,2,US-6,,45,41.37212222,-83.795536110,0,53,0,0,1,1,4,0,1,2,0,2,0,0000000,7,12,7,23,88,88,0,0,0,1,0
39,390251,2,2,0,0,0,3,3,87,0,18,5,2011,4,13,15,0,6,4,IRENE RD,WALNUT ST,0,38.44316944,-82.376422220,0,12,6,0,2,2,1,0,1,10,0,10,0,0000000,13,23,13,24,13,51,0,0,0,1,0
39,390252,1,1,0,0,0,1,1,113,2090,18,5,2011,4,2,44,0,15,6,KITRIDGE RD,,0,39.82531389,-84.117936110,0,42,0,0,1,1,4,0,3,2,0,2,0,0000000,88,88,88,88,88,88,0,0,0,1,1
39,390253,2,2,0,0,0,2,2,23,0,19,5,2011,5,7,46,0,4,3,SR-235,SR-41,84,39.99487500,-84.001036110,0,12,6,0,2,2,1,0,1,10,0,10,0,0000000,88,88,88,88,88,88,0,0,0,1,0
39,390254,2,2,0,0,0,3,3,157,0,22,5,2011,1,16,9,0,3,3,SR-39,,161,40.49768056,-81.422597220,0,12,2,0,1,1,1,0,1,1,0,1,0,0000000,16,10,16,13,16,35,0,0,0,1,0
39,390255,1,1,0,0,0,2,2,49,0,22,5,2011,1,23,15,0,4,4,NORTON RD,,0,39.89795000,-83.150797220,0,30,0,0,1,1,4,0,2,1,0,1,0,0000000,88,88,88,88,88,88,0,0,0,1,0
39,390256,1,1,0,1,1,1,1,25,5070,29,5,2011,1,2,24,0,14,3,SR-28,,16,39.18185833,-84.274063890,0,8,0,0,1,1,2,0,3,1,0,1,0,0000000,7,18,7,21,88,88,0,0,0,1,1
39,390257,2,2,0,0,0,2,2,143,0,30,4,2011,7,22,10,0,3,3,SR-53,GREENSBURG PIKE,50,41.32783056,-83.167747220,0,12,6,0,2,2,1,0,2,1,0,1,0,0000000,22,15,22,17,88,88,0,0,0,1,1
39,390258,3,3,0,0,0,7,7,61,0,1,5,2011,1,2,59,1,2,2,US-27,,169,39.29412222,-84.612922220,0,32,0,0,1,1,4,0,3,10,0,10,0,0000000,3,0,3,4,88,88,0,0,0,1,0
39,390259,1,1,0,0,0,1,1,71,0,2,5,2011,2,16,3,0,4,4,DANVILLE RD,,0,39.18380278,-83.735919440,0,34,0,0,1,1,4,0,1,10,0,10,0,0000000,16,5,16,12,17,30,0,0,0,1,0
39,390260,1,1,0,0,0,1,1,29,0,2,5,2011,2,12,10,1,2,2,US-30,,305,40.66023333,-80.589444440,0,1,0,1,5,1,1,0,1,10,0,10,0,0000000,99,99,99,99,99,99,0,0,0,1,0
39,390261,3,3,0,0,0,5,5,69,0,3,5,2011,3,10,29,1,2,2,US-24,2B,180,41.42149167,-83.911255560,0,12,1,0,2,2,1,0,1,2,0,2,0,0000000,10,30,10,46,11,56,0,0,0,1,0
39,390262,1,1,0,1,1,1,1,23,0,4,5,2011,4,22,5,0,4,4,S YELLOW SPRINGS ST,,0,39.89726944,-83.832300000,0,8,0,0,1,1,1,0,2,1,0,1,0,0000000,22,11,22,15,88,88,0,0,0,1,0
39,390263,1,1,0,0,0,1,1,93,170,5,5,2011,5,2,30,0,15,6,S LAKE ST,,0,41.39056667,-82.239619440,0,33,0,0,1,1,5,0,3,1,0,1,0,0000000,6,17,6,27,88,88,0,0,0,1,1
39,390264,1,1,0,0,0,1,1,151,2380,6,5,2011,6,0,52,0,16,4,70,,0,40.73689722,-81.366605560,0,43,0,0,1,1,4,0,3,1,0,1,0,0000000,0,56,1,4,1,25,0,0,0,1,1
39,390265,1,1,0,0,0,1,1,73,0,7,5,2011,7,2,10,0,4,3,SR-328,,61,39.45390556,-82.357461110,0,1,0,0,1,1,5,0,2,1,0,1,0,0000000,2,25,2,32,88,88,0,0,0,1,1
39,390266,1,1,0,0,0,1,1,117,0,8,5,2011,1,15,30,0,6,5,191,,0,40.42426111,-82.798202780,0,35,0,0,1,1,4,0,1,1,0,1,0,0000000,15,30,15,35,88,88,0,0,0,1,0
39,390267,1,1,0,0,0,2,2,131,0,8,5,2011,1,20,45,0,6,4,15,,0,39.13062500,-83.368102780,0,42,0,0,1,1,4,0,2,1,0,1,0,0000000,20,46,20,57,88,88,0,0,0,1,1
39,390268,2,2,0,0,0,2,2,117,0,9,5,2011,2,12,35,0,3,2,US-42,,58,40.49312778,-82.920411110,0,12,8,0,1,1,1,0,1,1,0,1,0,0000000,12,39,12,43,99,99,0,0,0,1,0
39,390269,2,2,0,0,0,2,2,103,0,10,5,2011,3,8,7,0,4,2,US-42,,31,41.04553889,-81.997116670,0,25,0,0,16,1,4,1,1,1,0,1,0,0000000,8,7,8,24,9,56,0,0,0,1,0
39,390270,1,1,0,0,0,1,1,173,0,12,5,2011,5,18,54,0,6,4,SILVERWOOD RD,,0,41.35362778,-83.543086110,0,42,0,0,1,1,4,0,1,1,0,1,0,0000000,18,54,18,58,88,88,0,0,0,1,1
39,390271,2,2,0,0,0,2,2,35,6000,13,5,2011,6,7,53,0,13,6,STEARNS RD,,0,41.40977500,-81.943244440,0,12,2,0,1,1,1,0,1,1,0,1,0,0000000,7,55,7,59,8,30,0,0,0,1,0
39,390272,1,1,0,0,0,2,2,35,1680,6,5,2011,6,2,38,0,12,2,US-422,,15,41.49120556,-81.667127780,0,21,0,0,1,1,4,0,3,1,0,1,0,0000000,88,88,88,88,88,88,0,0,0,2,1
39,390273,2,2,0,0,0,2,2,29,0,19,5,2011,5,2,8,1,2,2,US-30,,289,40.67803333,-80.627461110,0,12,6,0,1,1,2,0,2,10,0,10,0,0000000,2,22,2,34,3,2,0,0,0,1,1
39,390274,2,2,0,0,0,5,5,17,0,21,5,2011,7,19,12,0,5,4,UNION CENTRE BLVD,,0,39.33984167,-84.476236110,0,12,2,0,1,1,1,0,1,10,0,10,0,0000000,19,16,19,26,19,58,0,0,0,1,0
39,390275,1,1,0,1,1,3,3,55,0,23,5,2011,2,19,30,0,6,4,RAPIDS RD,,0,41.35542222,-81.171800000,0,9,0,0,1,1,1,0,1,10,0,10,0,0000000,23,39,0,46,88,88,0,0,0,1,1
39,390276,1,1,0,0,0,1,1,143,0,28,5,2011,7,18,45,1,2,2,US-20,,148,41.36989444,-83.167966670,0,1,0,0,1,1,1,0,1,10,0,10,0,0000000,18,46,18,51,19,6,0,0,0,1,1
39,390277,2,2,0,0,0,4,4,141,0,29,5,2011,1,15,50,0,4,3,SR-180,,108,39.45978889,-82.765416670,0,12,2,0,1,1,1,0,1,1,0,1,0,0000000,16,3,16,27,17,25,0,0,0,1,0
39,390279,1,1,0,0,0,1,1,43,0,6,6,2011,2,0,20,0,2,2,US-6,,144,41.41093333,-82.611094440,0,1,0,0,1,1,4,0,2,1,0,1,0,0000000,88,88,88,88,88,88,0,0,0,1,1
39,390280,1,1,0,0,0,1,1,55,0,4,6,2011,7,0,10,0,4,4,WASHINGTON ST,,0,41.38846389,-81.279172220,0,1,0,0,1,1,4,0,2,1,0,1,0,0000000,1,10,1,37,2,42,0,0,0,1,1
39,390281,1,1,0,0,0,2,2,57,0,6,6,2011,2,23,45,0,4,4,CENTERVILLE RD,,0,39.60899444,-84.095363890,0,34,0,0,1,1,4,0,2,1,0,1,0,0000000,23,47,23,52,88,88,0,0,0,1,1
39,390282,1,1,0,0,0,2,2,113,0,7,5,2011,7,21,0,0,5,4,MIAMISBURG SPRINGBOR,,0,39.59781944,-84.252422220,0,42,0,0,1,1,5,0,2,10,0,10,0,0000000,21,0,21,14,22,0,0,0,0,2,0
39,390283,1,1,0,0,0,1,1,99,9230,11,5,2011,4,1,51,1,11,1,I-680,,32,41.11822500,-80.694322220,0,43,0,0,1,1,3,0,3,1,0,1,0,0000000,1,55,1,57,2,11,0,0,0,1,1
39,390284,1,1,0,0,0,1,1,35,1680,11,5,2011,4,0,45,0,14,6,NOTTINGHAM RD,,0,41.57185833,-81.544733330,0,30,0,0,1,1,4,0,3,10,0,10,0,0000000,0,50,1,0,88,88,0,0,0,1,1
39,390285,1,1,0,0,0,1,1,169,9140,15,5,2011,1,12,7,0,12,3,SR-3,,155,40.80916667,-81.916666670,0,24,0,1,5,1,5,0,1,10,0,10,0,0000000,12,10,12,15,88,88,0,0,0,1,0
39,390286,2,2,0,0,0,4,4,91,0,15,5,2011,1,21,1,1,2,2,US-33,,177,40.36380278,-83.723800000,0,12,1,0,1,1,1,0,2,2,0,2,0,0000000,21,1,21,6,21,33,0,0,0,1,1
39,390287,2,2,0,0,0,2,2,41,0,16,5,2011,2,10,10,0,3,2,US-42,,19,40.24468889,-83.146619440,0,12,6,0,1,1,1,0,1,10,0,10,0,0000000,10,10,10,16,88,88,0,0,0,1,0
39,390288,1,1,0,0,0,1,1,117,0,16,5,2011,2,9,5,0,6,4,24,,0,40.47587222,-82.839477780,0,35,0,0,1,1,4,0,1,10,0,10,0,0000000,9,11,9,17,9,58,0,0,0,1,0
39,390289,3,3,0,0,0,3,3,151,0,5,5,2011,5,10,9,1,1,1,I-77,,154,40.86376944,-81.428150000,0,24,0,1,5,1,5,0,1,1,0,1,0,0000000,10,9,10,9,10,19,0,0,0,1,0
39,390290,3,3,0,0,0,3,3,133,0,17,5,2011,3,13,42,1,1,1,I-80,,69,41.24606944,-81.257919440,0,24,0,0,1,1,4,0,1,2,0,2,0,0000000,13,42,13,54,88,88,0,0,0,1,0
39,390291,2,2,0,0,0,2,2,3,0,19,5,2011,5,17,1,0,4,3,SR-117,,238,40.69736111,-83.985805560,0,12,6,0,1,1,1,0,1,2,0,2,0,0000000,17,1,17,8,99,99,0,0,0,1,0
39,390292,1,1,0,0,0,5,5,151,0,21,5,2011,7,1,25,1,2,2,US-62,,345,40.89261944,-81.188197220,0,1,0,0,1,1,5,0,2,10,0,10,0,0000000,1,29,1,41,2,32,0,0,0,1,1
39,390293,1,1,0,0,0,4,4,9,0,21,5,2011,7,21,50,0,6,4,89,,0,39.19453056,-82.036050000,0,1,0,0,1,1,5,0,2,1,0,1,0,0000000,21,50,22,2,22,36,0,0,0,1,1
39,390294,2,2,0,0,0,3,3,7,0,22,5,2011,1,17,38,1,2,3,SR-45,,77,41.61730833,-80.864802780,0,12,6,0,4,1,1,0,1,1,0,1,0,0000000,17,38,17,42,18,18,0,0,0,1,0
39,390295,2,2,0,0,0,3,3,157,0,22,5,2011,1,17,24,1,1,1,I-77,,271,40.57758889,-81.518519440,0,12,7,0,1,1,1,0,1,1,0,1,0,0000000,17,24,17,28,88,88,0,0,0,1,0
39,390296,2,2,0,0,0,2,2,149,7550,23,5,2011,2,16,6,0,14,3,SR-47,,135,40.28762500,-84.191475000,0,12,6,0,4,1,1,0,1,1,0,1,0,0000000,16,7,16,10,88,88,0,0,0,1,0
39,390297,2,2,0,0,0,3,3,15,0,24,5,2011,3,19,12,0,6,4,BARDWELL WEST RD,,0,39.04721389,-83.929727780,0,12,2,0,1,1,1,0,1,10,0,10,0,0000000,19,9,19,11,99,99,0,0,0,1,1
39,390298,2,2,0,0,0,2,2,49,1800,27,5,2011,6,3,7,1,11,1,I-670,,61,39.97944444,-82.967777780,0,12,2,0,1,1,1,0,2,10,0,10,0,0000000,3,9,3,16,99,99,0,0,0,1,1
39,390300,1,1,0,0,0,1,1,35,1680,1,3,2011,3,19,34,1,12,3,SR-176,I-480,107,41.42116944,-81.695794440,0,24,0,0,1,1,3,0,3,10,0,10,0,0000000,88,88,88,88,88,88,0,0,0,1,1
39,390301,2,1,1,0,0,1,1,153,70,26,4,2011,3,10,42,1,12,3,SR-8,,9,41.07390000,-81.504263890,0,14,0,0,1,1,2,0,1,1,0,1,0,0000000,10,47,10,52,88,88,0,0,0,1,0
39,390302,1,1,0,0,0,1,1,91,0,22,5,2011,1,16,13,0,4,3,SR-117,,6,40.50910000,-83.822636110,0,35,0,0,1,1,4,0,1,1,0,1,0,0000000,16,13,16,15,88,88,0,0,0,1,0
39,390303,2,2,0,0,0,2,2,93,0,24,5,2011,3,9,39,1,2,3,SR-18,WEST RD,89,41.16857500,-82.169494440,0,12,6,0,2,2,1,0,1,1,0,1,0,0000000,88,88,88,88,88,88,0,0,0,1,0
39,390304,1,1,0,0,0,1,1,171,0,26,5,2011,5,22,30,0,6,4,10,,0,41.54404722,-84.632491670,0,34,0,0,1,1,4,0,2,2,0,2,0,0000000,22,30,22,42,23,50,0,0,0,1,1
39,390305,1,1,0,0,0,1,1,141,0,27,5,2011,6,13,25,0,3,2,US-50,,70,39.24235833,-83.221608330,0,24,0,0,1,1,4,0,1,1,0,1,0,0000000,13,31,14,19,15,7,0,0,0,1,0
39,390306,2,2,0,0,0,2,2,21,0,4,6,2011,7,13,50,0,5,4,18,,0,40.10131667,-83.961638890,0,12,1,0,1,1,1,0,1,1,0,1,0,0000000,13,52,13,59,88,88,0,0,0,1,0
39,390307,1,1,0,0,0,1,1,113,5275,7,6,2011,3,8,18,0,14,6,DRYDEN RD,,0,39.69265833,-84.225997220,0,33,0,0,1,1,4,0,1,1,0,1,0,0000000,8,19,8,24,8,40,0,0,0,1,0
39,390308,2,2,0,0,0,2,2,55,0,9,6,2011,5,11,30,0,4,3,SR-608,BURTON WINDSOR RD,40,41.48955000,-81.084594440,0,12,6,0,2,2,1,0,1,1,0,1,0,0000000,11,46,12,4,13,3,0,0,0,1,0
39,390309,1,1,0,0,0,2,2,3,0,1,5,2011,1,2,57,0,6,5,N THAYER RD,,0,40.76403056,-84.013138890,0,35,0,0,1,1,5,0,2,10,0,10,0,0000000,88,88,88,88,88,88,0,0,0,2,0
39,390310,2,2,0,0,0,2,2,143,9999,26,5,2011,5,1,46,1,1,1,I-80,,161,41.38861111,-83.053055560,0,12,7,0,1,1,1,0,2,2,0,2,0,0000000,1,44,1,56,88,88,0,0,0,1,0
39,390311,4,1,3,0,0,1,1,95,8120,27,5,2011,6,18,59,0,15,6,BROADWAY ST,,0,41.61999722,-83.576688890,0,14,0,0,1,1,5,0,1,1,0,1,0,0000000,19,1,19,6,19,25,0,0,0,1,0
39,390312,1,1,0,0,0,1,1,95,0,27,5,2011,6,18,37,0,3,2,US-20A,,12,41.58277778,-83.857380560,0,42,0,0,1,1,4,0,1,10,0,10,0,0000000,18,37,18,45,19,30,0,0,0,1,1
39,390313,1,1,0,2,2,1,1,155,0,28,5,2011,7,17,40,0,4,3,SR-193,,13,41.15258333,-80.665055560,0,8,0,0,1,1,1,0,1,1,0,1,0,0000000,17,42,17,46,18,8,0,0,0,2,0
39,390314,2,2,0,0,0,2,2,41,0,28,5,2011,7,22,21,0,2,3,SR-3,PLUMB RD,54,40.20818056,-82.904719440,0,12,6,0,2,2,1,0,2,10,0,10,0,0000000,22,24,22,28,23,5,0,0,0,1,2
39,390315,1,1,0,0,0,1,1,145,0,29,5,2011,1,12,58,0,5,4,50,8TH ST,0,38.75680000,-83.031919440,0,1,0,0,3,1,1,0,1,1,0,1,0,0000000,12,59,13,4,13,12,0,0,0,1,0
39,390316,1,1,0,0,0,1,1,61,1610,29,5,2011,1,10,35,1,11,1,I-471,,2,39.10355556,-84.500400000,0,39,0,1,5,1,5,0,1,1,0,1,0,0000000,10,38,10,45,11,12,0,0,0,1,0
39,390317,1,1,0,0,0,2,2,103,0,30,5,2011,2,16,51,1,1,1,I-71,,37,41.00327778,-81.961355560,0,1,0,0,1,1,1,0,1,1,0,1,0,0000000,16,59,17,15,17,30,0,0,0,1,0
39,390318,1,1,0,0,0,1,1,61,0,3,6,2011,6,23,14,0,5,4,COLERAIN AVE,,0,39.30009167,-84.627222220,0,24,0,0,1,1,5,0,2,1,0,1,0,0000000,23,22,23,30,88,88,0,0,0,1,1
39,390319,2,2,0,0,0,2,2,35,1040,27,3,2011,1,12,8,1,11,1,I-480,,167,41.41664722,-81.676783330,0,12,1,1,18,1,1,0,1,1,0,1,0,0000000,12,16,12,20,12,39,0,0,0,1,0
39,390320,2,2,0,0,0,3,3,157,2240,28,4,2011,5,16,37,0,16,6,UNION AVE,SCHAFER AVE,0,40.51272222,-81.466669440,0,12,6,0,2,2,1,0,1,1,0,1,0,0000000,16,37,16,42,16,52,0,0,0,1,0
39,390321,1,1,0,0,0,2,2,99,0,7,6,2011,3,3,0,0,4,4,GLENWOOD AVE,,0,41.04705000,-80.672327780,0,33,0,0,1,1,4,0,2,1,0,1,0,0000000,88,88,88,88,88,88,0,0,0,2,1
39,390322,1,1,0,0,0,1,1,159,0,9,6,2011,5,0,55,0,4,3,SR-739,,1,40.27710278,-83.532786110,0,30,0,0,1,1,4,0,3,1,0,1,0,0000000,0,55,1,1,1,23,0,0,0,1,0
39,390323,1,1,0,0,0,1,1,135,0,10,6,2011,6,20,29,0,4,3,SR-732,,123,39.70547778,-84.694591670,0,34,0,0,1,1,4,0,1,10,0,10,0,0000000,20,29,20,36,88,88,0,0,0,1,1