STATE,ST_CASE,VE_TOTAL,VE_FORMS,PVH_INVL,PEDS,PERNOTMVIT,PERMVIT,PERSONS,COUNTY,CITY,DAY,MONTH,YEAR,DAY_WEEK,HOUR,MINUTE,NHS,ROAD_FNC,ROUTE,TWAY_ID,TWAY_ID2,MILEPT,LATITUDE,LONGITUD,SP_JUR,HARM_EV,MAN_COLL,RELJCT1,RELJCT2,TYP_INT,REL_ROAD,WRK_ZONE,LGT_COND,WEATHER1,WEATHER2,WEATHER,SCH_BUS,RAIL,NOT_HOUR,NOT_MIN,ARR_HOUR,ARR_MIN,HOSP_HR,HOSP_MN,CF1,CF2,CF3,FATALS,DRUNK_DR
39,390324,3,3,0,1,1,3,3,49,1800,10,6,2011,6,23,45,0,13,6,MORSE RD,,0,40.06198056,-83.006344440,0,9,0,0,1,1,1,0,3,10,0,10,0,0000000,88,88,88,88,88,88,0,0,0,1,0
39,390325,1,1,0,0,0,1,1,109,8100,11,6,2011,7,12,31,1,11,1,I-75,,35,39.97054167,-84.190636110,0,25,0,1,18,1,3,0,1,1,0,1,0,0000000,88,88,88,88,88,88,0,0,0,1,0
39,390326,3,3,0,0,0,5,5,7,0,11,6,2011,7,18,37,0,4,3,SR-167,,67,41.75204167,-80.640850000,0,12,7,0,1,1,1,0,1,1,0,1,0,0000000,18,44,18,50,19,35,0,0,0,1,1
39,390327,1,1,0,0,0,2,2,27,0,12,6,2011,1,15,42,0,3,2,US-22,,162,39.47155000,-83.699125000,0,35,0,0,1,1,4,0,1,1,0,1,0,0000000,15,42,15,50,99,99,0,0,0,1,0
39,390328,1,1,0,1,1,1,1,37,0,13,6,2011,2,17,31,0,3,2,US-127,,206,40.20057500,-84.582880560,0,9,0,0,1,1,4,0,1,1,0,1,0,0000000,17,46,17,55,18,22,0,0,0,1,1
39,390329,2,2,0,0,0,3,3,99,9230,11,5,2011,4,13,59,0,14,3,SR-170,HUDSON AVE,152,41.06097500,-80.666480560,0,12,6,0,2,2,1,0,1,1,0,1,0,0000000,14,1,14,8,99,99,0,0,0,1,0
39,390331,1,1,0,0,0,1,1,7,0,3,6,2011,6,18,2,0,6,4,FOOTVILLE RICHMOND,,0,41.66058333,-80.864455560,0,33,0,0,1,1,4,0,1,1,0,1,0,0000000,17,58,18,3,88,88,0,0,0,1,1
39,390332,2,2,0,0,0,2,2,25,0,7,6,2011,3,11,20,0,4,3,SR-222,SLADE RD,202,39.01851111,-84.171338890,0,12,2,0,3,1,1,0,1,1,0,1,0,0000000,11,24,11,31,11,58,0,0,0,1,0
39,390333,1,1,0,1,1,1,1,49,1800,8,6,2011,4,4,30,1,13,3,SR-161,,112,40.08779167,-82.987588890,0,8,0,0,1,1,2,0,3,1,0,1,0,0000000,4,36,4,40,88,88,0,0,0,1,0
39,390334,2,2,0,0,0,2,2,61,1610,10,6,2011,6,15,15,0,15,6,ESTE AVE,,0,39.19228611,-84.493016670,0,12,9,0,4,1,1,0,1,1,0,1,0,0000000,15,18,15,20,15,41,0,0,0,1,0
39,390335,2,2,0,0,0,3,3,169,9140,10,6,2011,6,14,7,0,15,6,W LIBERTY ST,W LOIS AVE,0,40.80207500,-81.951955560,0,12,2,0,1,1,1,0,1,1,0,1,0,0000000,14,8,14,11,14,27,0,0,0,2,0
39,390336,1,1,0,1,1,2,2,151,1320,10,6,2011,6,21,20,0,15,6,LAWRENCE RD NE,GIBBS AVE,0,40.80671944,-81.362955560,0,9,0,0,2,2,1,0,3,2,0,2,0,0000000,21,20,21,26,21,38,0,0,0,1,0
39,390337,1,1,0,0,0,1,1,47,0,10,6,2011,6,17,0,0,6,4,9,,0,39.50907500,-83.490858330,0,1,0,0,1,1,1,0,1,10,0,10,0,0000000,99,99,99,99,88,88,0,0,0,1,0
39,390338,1,1,0,0,0,1,1,23,0,11,6,2011,7,23,35,0,4,3,SR-56,,1,40.00712778,-83.577402780,0,41,0,0,1,1,4,0,2,1,0,1,0,0000000,23,37,23,49,88,88,0,0,0,1,0
39,390339,2,2,0,0,0,2,2,85,9010,10,4,2011,1,21,38,1,11,1,I-90,,71,41.63671111,-81.382213890,0,21,0,1,18,1,4,0,2,1,0,1,0,0000000,21,45,21,52,22,11,0,0,0,1,0
39,390340,1,1,0,0,0,1,1,155,5900,9,6,2011,5,0,17,0,14,3,SR-169,,65,41.18213056,-80.722388890,0,43,0,0,1,1,4,0,3,1,0,1,0,0000000,0,23,0,29,0,53,0,0,0,1,1
39,390341,1,1,0,1,1,2,2,153,70,13,6,2011,2,14,22,1,12,3,SR-18,CARROLL ST,112,41.07509722,-81.494008330,0,9,0,0,2,2,1,0,1,1,0,1,0,0000000,14,24,14,27,14,39,0,0,0,1,0
39,390342,5,5,0,0,0,6,6,93,0,14,6,2011,3,7,55,1,2,2,US-20,,44,41.26503333,-82.257900000,0,12,2,0,1,1,1,0,1,1,0,1,0,0000000,7,59,8,7,8,45,0,0,0,1,0
39,390343,1,1,0,0,0,2,2,173,0,18,6,2011,7,3,30,0,4,3,SR-18,LEATHERS RD,167,41.17477778,-83.602438890,0,35,0,0,2,3,4,0,2,1,0,1,0,0000000,3,36,3,40,4,1,0,0,0,1,0
39,390344,2,2,0,0,0,2,2,7,0,19,6,2011,1,10,40,0,4,2,US-6,,176,41.60700278,-80.660763890,0,12,6,0,4,1,1,0,1,1,0,1,0,0000000,10,50,10,59,11,14,0,0,0,1,0
39,390345,2,2,0,0,0,3,3,57,0,20,6,2011,2,15,0,0,4,4,W DAYTON YELLOW,TREBEIN RD,0,39.78471389,-83.989147220,0,12,6,0,2,2,1,0,1,10,0,10,0,0000000,15,0,15,8,15,29,0,0,0,1,0
39,390346,4,4,0,0,0,5,5,7,0,23,6,2011,5,15,5,0,4,3,SR-534,,202,41.78235278,-80.946794440,0,12,2,0,1,1,1,0,1,10,0,10,0,0000000,15,10,15,10,15,36,0,0,0,1,0
39,390347,2,2,0,0,0,2,2,101,0,23,6,2011,5,17,22,0,4,3,SR-95,,113,40.58606111,-83.174141670,0,12,2,0,1,1,1,0,1,10,0,10,0,0000000,17,22,17,23,17,55,0,0,0,1,0
39,390348,1,1,0,0,0,1,1,29,0,25,6,2011,7,1,3,0,6,5,CHESTNUT GROVE RD,,0,40.88352222,-80.841855560,0,42,0,0,1,1,4,0,2,10,0,10,0,0000000,5,58,6,12,88,88,0,0,0,1,1
39,390349,2,2,0,0,0,5,5,93,0,11,6,2011,7,22,23,0,5,3,SR-83,,52,41.27778889,-82.021102780,0,12,2,0,1,1,1,0,2,10,0,10,0,0000000,22,40,22,50,23,34,0,0,0,2,1
39,390350,2,1,1,0,0,1,1,169,0,14,6,2011,3,20,22,0,5,4,SMITHVILLE WESTERN,,0,40.85784167,-81.883147220,0,18,0,0,1,1,1,4,1,1,0,1,0,0000000,20,22,20,25,88,88,0,0,0,1,1
39,390351,5,5,0,0,0,6,6,17,0,15,6,2011,4,11,4,1,2,3,SR-4,CREEKSIDE DR,105,39.40770000,-84.507061110,0,12,6,0,2,2,1,0,1,2,0,2,0,0000000,11,5,11,8,11,51,0,0,0,1,1
39,390352,1,1,0,0,0,2,2,99,0,16,6,2011,5,22,30,0,6,4,74,,0,41.00566667,-80.738888890,0,42,0,0,1,1,4,0,2,10,0,10,0,0000000,99,99,99,99,99,99,0,0,0,1,1
39,390353,2,2,0,0,0,2,2,139,0,16,6,2011,5,0,28,1,2,2,US-30,,19,40.76212500,-82.693180560,0,12,8,0,1,1,1,0,2,1,0,1,0,0000000,0,32,0,40,1,5,0,0,0,1,1
39,390354,1,1,0,0,0,1,1,67,0,17,6,2011,6,13,0,0,4,2,US-250,,250,40.22068889,-80.948138890,0,1,0,0,1,1,4,0,1,1,0,1,0,0000000,13,33,13,54,14,32,0,0,0,1,0
39,390355,2,2,0,0,0,3,3,3,4220,21,6,2011,3,14,29,0,13,3,SR-65,S CENTRAL AVE,67,40.73729167,-84.102197220,0,12,6,0,2,2,1,0,1,1,0,1,0,0000000,14,29,14,33,14,43,0,0,0,1,0
39,390356,1,1,0,0,0,1,1,35,4040,22,6,2011,4,11,43,1,11,1,I-90,WOODWARD,82,41.46971111,-81.812438890,0,25,0,0,1,1,3,0,1,1,0,1,0,0000000,11,44,11,51,88,88,0,0,0,1,0
39,390357,1,1,0,0,0,1,1,71,0,24,6,2011,6,22,25,0,6,4,53,,0,39.04512500,-83.521791670,0,24,0,0,1,1,4,0,2,1,0,1,0,0000000,22,31,22,42,88,88,0,0,0,1,1
39,390358,2,2,0,0,0,4,4,123,0,25,6,2011,7,9,46,0,4,3,SR-269,PORT CLINTON EASTERN,26,41.51325278,-82.829427780,0,12,6,0,2,2,1,0,1,10,0,10,0,0000000,9,99,9,55,10,13,0,0,0,1,0
39,390359,2,2,0,0,0,3,3,153,0,4,5,2011,4,19,50,0,3,3,SR-241,HILBISH AVE,95,41.04137500,-81.454052780,0,12,2,0,2,2,1,0,1,1,0,1,0,0000000,19,53,19,59,20,18,0,0,0,1,1
39,390360,2,2,0,0,0,4,4,151,0,24,5,2011,3,18,30,0,6,5,PARKER AVE NE,3RD ST NE,0,40.79210833,-81.334705560,0,12,6,0,2,2,1,0,1,10,0,10,0,0000000,18,34,18,37,18,54,0,0,0,1,0
39,390361,1,1,0,0,0,1,1,137,0,25,5,2011,4,16,33,0,3,3,SR-108,,63,41.15578056,-84.131755560,0,42,0,0,1,1,4,0,1,10,0,10,0,0000000,16,33,16,39,16,59,0,0,0,1,0
39,390362,2,2,0,0,0,2,2,135,0,24,6,2011,6,17,20,0,4,3,SR-503,,189,39.82758889,-84.538763890,0,12,6,0,1,1,1,0,1,10,0,10,0,0000000,18,1,18,13,88,88,0,0,0,1,0
39,390363,1,1,0,0,0,1,1,171,0,25,6,2011,7,10,20,0,6,4,M50,,0,41.60984444,-84.784905560,0,1,0,0,1,1,1,0,1,1,0,1,0,0000000,10,30,10,40,99,99,0,0,0,1,0
39,390364,3,3,0,0,0,4,4,7,0,26,6,2011,1,12,5,0,3,3,SR-7,,216,41.81105278,-80.572358330,0,12,2,0,1,1,1,0,1,1,0,1,0,0000000,12,25,12,29,12,35,0,0,0,1,1
39,390365,2,2,0,0,0,2,2,35,7880,26,6,2011,1,8,46,0,16,6,BOSTON RD,HOWE RD,0,41.27600000,-81.811152780,0,12,6,0,2,3,1,0,1,1,0,1,0,0000000,8,47,8,50,9,9,0,0,0,1,0
39,390366,2,2,0,0,0,3,3,81,0,27,6,2011,2,20,40,0,3,3,SR-43,75,170,40.45096389,-80.864547220,0,12,6,0,2,3,1,0,5,2,0,2,0,0000000,21,2,21,34,22,22,0,0,0,1,0
39,390367,1,1,0,0,0,1,1,99,0,28,6,2011,3,20,8,1,1,1,I-80,,48,41.12721111,-80.749338890,0,1,0,1,18,1,4,0,1,1,0,1,0,0000000,20,9,20,18,99,99,0,0,0,1,1
39,390368,2,2,0,0,0,6,6,61,1610,30,6,2011,5,14,43,0,6,4,WEST FORK RD,,0,39.16438333,-84.555061110,0,12,2,0,1,1,1,0,1,1,0,1,0,0000000,14,45,14,48,15,8,0,0,0,1,0
39,390369,1,1,0,0,0,1,1,153,70,1,6,2011,4,17,20,0,16,6,MADISON AVE,,0,41.08709722,-81.550677780,0,35,0,0,1,1,5,0,1,1,0,1,0,0000000,17,22,17,26,88,88,0,0,0,1,0
39,390370,1,1,0,0,0,1,1,155,0,13,6,2011,2,16,10,0,4,3,SR-193,,119,41.30040000,-80.655661110,0,34,0,0,1,1,4,0,1,1,0,1,0,0000000,99,99,99,99,99,99,0,0,0,1,1
39,390371,1,1,0,0,0,1,1,51,0,18,6,2011,7,6,0,0,6,4,N,,0,41.65118333,-84.338291670,0,35,0,0,1,1,4,0,2,1,0,1,0,0000000,8,39,8,47,88,88,0,0,0,1,1
39,390373,2,2,0,0,0,2,2,89,0,23,6,2011,5,23,20,1,1,1,I-70,,27,39.95040833,-82.718269440,0,12,7,0,1,1,1,0,2,1,0,1,0,0000000,23,20,23,37,99,99,0,0,0,1,1
39,390374,1,1,0,0,0,1,1,159,0,24,6,2011,6,14,53,0,4,3,SR-37,,81,40.39658333,-83.280855560,0,1,0,0,1,1,4,0,1,10,0,10,0,0000000,14,55,14,58,15,22,0,0,0,1,0
39,390375,1,1,0,0,0,1,1,25,0,26,6,2011,1,15,50,0,6,4,JACKSON PIKE,,0,39.11391944,-84.122530560,0,32,0,0,1,1,4,0,1,10,0,10,0,0000000,15,50,15,54,88,88,0,0,0,1,1
39,390376,1,1,0,0,0,1,1,129,0,26,6,2011,1,20,13,0,4,3,SR-104,,122,39.63114167,-83.010119440,0,24,0,0,1,1,5,0,1,1,0,1,0,0000000,99,99,99,99,88,88,0,0,0,1,1
39,390377,2,2,0,0,0,2,2,41,0,30,6,2011,5,7,0,0,4,3,SR-203,,29,40.36021111,-83.144680560,0,12,2,0,1,1,1,0,1,1,0,1,0,0000000,7,4,7,29,8,30,0,0,0,1,0
39,390378,2,2,0,0,0,2,2,97,0,30,6,2011,5,23,55,0,4,3,SR-56,,41,39.92641667,-83.487633330,0,12,6,0,1,1,1,0,2,1,0,1,0,0000000,23,55,0,99,99,99,0,0,0,1,1
39,390379,1,1,0,0,0,1,1,45,0,1,7,2011,6,22,50,0,5,4,STOUDERTOWN RD,,0,39.90259167,-82.684822220,0,59,0,0,1,1,4,0,2,1,0,1,0,0000000,22,56,23,5,99,99,0,0,0,1,1
39,390380,2,2,0,0,0,2,2,53,0,2,7,2011,7,9,35,0,6,4,VAN ZANT RD,,0,38.98363056,-82.164172220,0,12,2,0,1,1,1,0,1,1,0,1,0,0000000,88,88,88,88,88,88,0,0,0,1,0
39,390381,1,1,0,0,0,1,1,155,0,2,7,2011,7,4,10,0,6,5,CADWALLADER SONK RD,,0,41.28786944,-80.621452780,0,1,0,0,1,1,4,0,2,1,0,1,0,0000000,4,10,4,25,88,88,0,0,0,1,1
39,390382,2,2,0,0,0,7,7,103,0,3,7,2011,1,23,3,1,2,2,US-224,FRIENDSVILLE RD,122,41.03844722,-81.966247220,0,12,6,0,2,2,1,0,2,1,0,1,0,0000000,23,25,23,55,0,42,0,0,0,1,2
39,390383,1,1,0,0,0,1,1,45,0,4,7,2011,2,15,45,0,6,5,ARTER RD,,0,39.59682778,-82.679672220,0,18,0,0,1,1,4,0,1,1,0,1,0,0000000,88,88,88,88,88,88,0,0,0,1,0
39,390384,2,2,0,0,0,4,4,127,0,4,7,2011,2,19,5,0,4,3,SR-37,,75,39.72349444,-82.235155560,0,12,6,0,1,1,1,0,1,1,0,1,0,0000000,19,6,19,10,19,48,0,0,0,1,0
39,390385,2,1,1,0,0,1,1,35,710,4,7,2011,2,21,5,0,16,6,FOURNIER ST,WEST ST,0,41.36437778,-81.862050000,0,14,0,0,3,3,7,0,1,1,0,1,0,0000000,21,7,21,8,21,25,0,0,0,1,1
39,390386,1,1,0,0,0,1,1,105,0,9,7,2011,7,18,53,1,2,2,US-33,,78,39.10981667,-82.014483330,0,35,0,0,1,1,3,1,1,1,0,1,0,0000000,18,53,19,16,20,5,0,0,0,1,1
39,390387,1,1,0,1,1,1,1,49,0,9,7,2011,7,3,35,1,1,1,I-270,,13,39.90251111,-83.067819440,0,8,0,1,18,1,1,0,2,1,0,1,0,0000000,88,88,88,88,88,88,0,0,0,1,0
39,390388,1,1,0,0,0,3,3,61,1610,10,7,2011,1,2,52,0,16,6,ESTE AVE,,0,39.18451944,-84.502083330,0,33,0,0,1,1,4,0,3,1,0,1,0,0000000,2,56,3,3,3,34,0,0,0,1,0
39,390389,2,2,0,0,0,4,4,17,0,18,4,2011,2,16,25,0,5,3,SR-126,,92,39.31265278,-84.665622220,0,24,0,0,1,1,4,0,1,10,0,10,0,0000000,16,27,16,31,16,56,0,0,0,1,0
39,390390,2,2,0,0,0,4,4,43,8400,25,5,2011,4,14,36,0,13,2,US-6,,286,41.42231944,-82.357580560,0,12,2,0,1,1,1,0,1,1,0,1,0,0000000,14,39,14,42,15,4,0,0,0,1,0
39,390391,1,1,0,0,0,1,1,103,0,22,6,2011,4,6,11,0,4,4,FENN RD,,0,41.17109444,-81.819991670,0,34,0,0,1,1,4,0,1,10,0,10,0,0000000,6,11,6,18,6,37,0,0,0,1,0
39,390392,2,2,0,0,0,2,2,85,0,30,6,2011,5,10,3,0,2,2,US-20,,234,41.78596944,-81.132144440,0,12,2,0,1,1,1,1,1,1,0,1,0,0000000,10,3,10,8,10,24,0,0,0,1,1
39,390393,2,2,0,0,0,2,2,133,0,2,7,2011,7,18,27,0,3,2,US-224,NEW MILFORD RD,93,41.03016111,-81.216602780,0,1,0,0,2,2,1,0,1,1,0,1,0,0000000,88,88,88,88,88,88,0,0,0,1,0
39,390394,1,1,0,0,0,3,3,25,0,3,7,2011,1,21,55,0,4,3,SR-756,,66,38.84973611,-84.112272220,0,34,0,0,1,1,4,0,2,1,0,1,0,0000000,88,88,88,88,88,88,0,0,0,1,1
39,390395,2,2,0,0,0,3,3,133,0,5,7,2011,3,7,30,0,4,3,SR-303,STANLEY RD,163,41.23496111,-81.085025000,0,12,6,0,2,3,1,0,1,1,0,1,0,0000000,88,88,88,88,88,88,0,0,0,2,0
39,390396,1,1,0,0,0,1,1,13,0,6,7,2011,4,16,55,0,5,4,BLAINE BARTON,,0,40.07132222,-80.818647220,0,1,0,0,1,1,1,0,1,1,0,1,0,0000000,16,55,17,4,17,38,0,0,0,1,0
39,390397,2,2,0,0,0,2,2,169,0,7,7,2011,5,11,8,1,2,2,US-250,,49,40.81582222,-82.042208330,0,12,2,0,1,1,1,0,1,10,0,10,0,0000000,11,9,11,15,12,22,0,0,0,1,0
39,390398,3,3,0,0,0,7,7,1,0,9,7,2011,7,5,43,0,2,2,US-52,,58,38.67599444,-83.634194440,0,12,8,0,1,1,1,0,2,5,0,5,0,0000000,88,88,88,88,88,88,0,0,0,1,0
39,390399,2,1,1,0,0,1,1,99,9230,29,4,2011,6,2,2,0,15,6,MARSHALL ST,PEPSI PLACE,0,41.10093333,-80.658841670,0,30,0,0,3,1,4,0,3,2,0,2,0,0000000,2,3,2,5,88,88,0,0,0,1,1
39,390400,1,1,0,0,0,1,1,25,0,29,5,2011,1,20,23,0,4,4,72,,0,38.97425000,-84.188950000,0,42,0,0,1,1,4,0,1,1,0,1,0,0000000,10,32,10,55,11,39,0,0,0,1,0
39,390401,2,2,0,0,0,4,4,35,1680,3,6,2011,6,18,54,0,13,6,LEE RD,WALDEN AVE,0,41.45506389,-81.564811110,0,12,6,0,2,2,1,0,1,1,0,1,0,0000000,18,54,18,58,99,99,0,0,0,1,0
39,390402,1,1,0,0,0,1,1,173,0,30,6,2011,5,12,25,0,4,5,102,,0,41.50733333,-83.587672220,0,32,0,0,1,1,4,0,1,1,0,1,0,0000000,12,25,12,31,88,88,0,0,0,1,1
39,390403,1,1,0,0,0,1,1,61,1610,1,7,2011,6,2,35,1,11,1,I-75,,89,39.18915833,-84.481344440,0,26,0,0,1,1,3,0,3,1,0,1,0,0000000,2,35,2,46,88,88,0,0,0,1,1
39,390404,1,1,0,0,0,2,2,27,0,2,7,2011,7,15,15,0,6,4,9,,0,39.40000556,-83.615838890,0,34,0,0,1,1,4,0,1,1,0,1,0,0000000,15,15,15,30,16,0,0,0,0,1,0
39,390405,1,1,0,0,0,1,1,167,0,2,7,2011,7,19,58,0,4,3,SR-555,,121,39.37685556,-81.801400000,0,11,0,0,1,1,1,0,1,1,0,1,0,0000000,99,99,20,19,99,99,0,0,0,1,0
39,390406,1,1,0,0,0,1,1,115,0,2,7,2011,7,19,18,0,3,3,SR-78,,279,39.69767222,-81.730744440,0,1,0,0,1,1,4,0,1,1,0,1,0,0000000,19,16,19,22,88,88,0,0,0,1,0
39,390407,1,1,0,0,0,2,2,137,0,2,7,2011,7,18,30,0,6,4,B,6,0,41.15275556,-83.989594440,0,30,0,0,1,1,4,0,1,1,0,1,0,0000000,18,44,18,53,19,40,0,0,0,2,0
39,390408,1,1,0,0,0,1,1,81,0,3,7,2011,1,6,41,0,6,4,17A,,0,40.20801111,-80.667700000,0,43,0,0,1,1,4,0,1,10,0,10,0,0000000,99,99,99,99,88,88,0,0,0,1,1
39,390409,1,1,0,0,0,4,4,39,0,4,7,2011,2,15,55,0,4,3,SR-111,,31,41.24181111,-84.400363890,0,30,0,0,1,1,4,0,1,1,0,1,0,0000000,16,0,16,6,16,7,0,0,0,1,0
39,390410,1,1,0,1,1,2,2,113,2090,4,7,2011,2,21,51,0,15,6,NICHOLAS RD,,0,39.73232222,-84.243227780,0,8,0,0,1,1,1,0,3,1,0,1,0,0000000,21,53,22,1,22,12,0,0,0,1,0
39,390411,1,1,0,0,0,4,4,149,0,8,7,2011,6,21,27,0,6,4,120,,0,40.27047222,-84.292313890,0,35,0,0,1,1,4,0,2,1,0,1,0,0000000,21,28,21,44,22,6,0,0,0,1,1
39,390412,1,1,0,0,0,1,1,9,0,9,7,2011,7,19,40,0,4,3,SR-329,,142,39.40772778,-81.959477780,0,11,0,0,1,1,1,0,1,1,0,1,0,0000000,19,45,19,48,99,99,0,0,0,1,0
39,390413,2,2,0,0,0,3,3,61,2533,9,7,2011,7,18,2,0,14,2,US-50,,299,39.14188611,-84.391800000,0,12,2,0,1,1,1,0,1,1,0,1,0,0000000,18,2,18,8,18,23,0,0,0,1,0
39,390414,1,1,0,0,0,1,1,1,0,9,7,2011,7,17,56,0,5,5,61,,0,38.73705000,-83.562938890,0,42,0,0,1,1,4,0,1,1,0,1,0,0000000,17,56,18,7,88,88,0,0,0,1,1
39,390415,1,1,0,0,0,1,1,127,0,10,7,2011,1,19,30,0,4,3,SR-668,,76,39.68921111,-82.292227780,0,35,0,0,1,1,4,0,1,1,0,1,0,0000000,19,28,19,39,88,88,0,0,0,1,1
39,390416,1,1,0,0,0,1,1,57,0,10,7,2011,1,21,55,0,6,5,7,,0,39.82653333,-84.083002780,0,30,0,0,1,1,4,0,2,1,0,1,0,0000000,22,1,22,9,88,88,0,0,0,1,1
39,390417,1,1,0,0,0,1,1,55,0,11,7,2011,2,7,25,0,3,3,SR-44,,1,41.34851944,-81.223730560,0,34,0,0,1,1,4,0,1,1,0,1,0,0000000,99,99,99,99,88,88,0,0,0,1,0
39,390418,2,2,0,0,0,2,2,35,1020,18,7,2011,2,7,5,0,14,3,SR-176,E SPRAGUE RD,51,41.35116944,-81.684722220,0,12,7,0,2,2,1,0,1,10,0,10,0,0000000,7,8,7,10,99,99,0,0,0,1,0
39,390419,2,2,0,0,0,4,4,55,0,10,7,2011,1,14,50,0,4,3,SR-166,,72,41.66624444,-81.033783330,0,12,2,0,1,1,1,0,1,1,0,1,0,0000000,16,44,17,7,88,88,0,0,0,1,1
39,390420,3,3,0,0,0,3,3,113,2090,11,7,2011,2,11,58,0,13,3,SR-741,,12,39.59848056,-84.229002780,0,12,7,0,1,1,1,0,1,1,0,1,0,0000000,12,2,12,15,12,55,20,0,0,1,0
39,390421,1,1,0,0,0,1,1,59,0,11,7,2011,2,14,19,0,4,3,SR-513,,99,40.06907222,-81.325725000,0,1,0,0,1,1,4,0,1,10,0,10,0,0000000,16,1,16,20,17,38,0,0,0,1,0
39,390422,2,2,0,0,0,3,3,37,0,16,7,2011,7,1,12,0,3,2,US-127,SR-47,221,40.22384444,-84.575586110,0,12,6,0,2,2,1,0,2,1,0,1,0,0000000,99,99,99,99,99,99,0,0,0,1,1
39,390423,1,1,0,0,0,1,1,77,0,17,7,2011,1,1,35,0,6,4,CHERRY BLVD,,0,41.26741944,-82.829469440,0,33,0,0,1,1,4,0,3,1,0,1,0,0000000,1,39,1,42,88,88,0,0,0,1,1
39,390424,2,2,0,0,0,3,3,9,80,17,7,2011,1,19,4,0,12,2,US-50,,42,39.22978611,-82.197141670,0,12,1,0,1,1,1,0,1,1,0,1,0,0000000,19,13,19,48,20,54,0,0,0,2,0
39,390425,1,1,0,0,0,3,3,145,0,18,7,2011,2,7,40,0,6,4,ARION RD,,0,38.84704444,-83.102677780,0,35,0,0,1,1,4,0,1,1,0,1,0,0000000,88,88,88,88,88,88,0,0,0,2,0
39,390426,1,1,0,0,0,2,2,95,8120,18,7,2011,2,16,15,1,11,1,I-75,,79,41.69025278,-83.521983330,0,24,0,1,18,1,4,0,1,2,0,2,0,0000000,16,19,16,43,16,57,0,0,0,1,0
39,390427,1,1,0,0,0,1,1,57,0,18,7,2011,2,23,6,0,5,4,FEEDWIRE RD,LITTLE SUGARCREEK RD,0,39.66013611,-84.087933330,0,53,0,0,2,2,4,0,2,1,0,1,0,0000000,88,88,88,88,88,88,0,0,0,1,1
39,390428,1,1,0,0,0,1,1,9,0,18,7,2011,2,18,30,0,4,3,SR-356,,39,39.35049444,-82.252577780,0,35,0,0,1,1,4,0,1,1,0,1,0,0000000,88,88,88,88,88,88,0,0,0,1,0
39,390429,1,1,0,1,1,1,1,155,8530,27,2,2011,1,3,28,0,13,6,W MARKET ST,,0,41.23664167,-80.850533330,0,8,0,0,4,1,1,0,3,99,0,99,0,0000000,3,36,3,39,3,49,0,0,0,1,0
39,390430,1,1,0,0,0,1,1,153,0,26,6,2011,1,23,34,1,1,1,I-77,,225,41.12589444,-81.652797220,0,24,0,0,1,1,5,0,2,1,0,1,0,0000000,23,36,23,40,0,7,0,0,0,1,1
39,390431,1,1,0,0,0,1,1,107,0,3,7,2011,1,23,52,0,6,4,OREGON RD,,0,40.60769722,-84.551533330,0,35,0,0,1,1,5,0,2,1,0,1,0,0000000,0,2,0,9,88,88,0,0,0,1,1
39,390432,1,1,0,0,0,1,1,99,0,5,7,2011,3,13,44,0,4,4,91,,0,41.11151111,-80.823194440,0,34,0,0,1,1,5,0,1,1,0,1,0,0000000,13,99,13,50,88,88,0,0,0,1,0
39,390433,2,2,0,0,0,4,4,145,0,11,7,2011,2,12,15,1,2,2,US-52,,71,38.63151111,-83.153050000,0,12,2,0,1,1,1,0,1,1,0,1,0,0000000,12,20,12,35,99,99,0,0,0,1,0
39,390434,2,2,0,0,0,2,2,137,0,13,7,2011,4,14,46,0,6,4,14,,0,40.98231111,-84.130225000,0,12,8,0,1,1,1,0,1,1,0,1,0,0000000,14,46,15,0,15,44,0,0,0,1,1
39,390435,1,1,0,0,0,1,1,19,0,14,7,2011,5,20,55,0,4,3,SR-171,,23,40.63660000,-81.217458330,0,11,0,0,1,1,1,0,5,1,0,1,0,0000000,20,55,21,13,88,88,0,0,0,1,1
39,390436,2,2,0,0,0,3,3,3,0,15,7,2011,6,13,29,0,5,4,S CONANT RD,,0,40.72695833,-84.280588890,0,12,2,0,1,1,1,0,1,1,0,1,0,0000000,13,31,13,41,14,14,0,0,0,1,1
39,390437,2,2,0,0,0,3,3,49,0,15,7,2011,6,14,15,0,4,4,ALUM CREEK DR,PORT RD,0,39.82343611,-82.933558330,0,12,6,0,2,2,1,0,1,1,0,1,0,0000000,99,99,99,99,99,99,0,0,0,1,0
39,390438,1,1,0,0,0,1,1,77,0,16,7,2011,7,17,15,0,6,5,9,,0,41.11508333,-82.759355560,0,1,0,0,1,1,5,0,1,1,0,1,0,0000000,17,19,17,32,88,88,0,0,0,1,1
39,390439,1,1,0,0,0,1,1,1,0,16,7,2011,7,17,2,0,4,4,100,,0,38.96205000,-83.532938890,0,1,0,0,1,1,5,0,1,10,0,10,0,0000000,17,2,17,12,17,41,0,0,0,1,0
39,390440,1,1,0,0,0,1,1,125,0,24,7,2011,1,1,51,0,6,4,143,,0,41.21036667,-84.476452780,0,42,0,0,1,1,4,0,2,1,0,1,0,0000000,1,51,1,56,5,27,0,0,0,1,0
39,390441,1,1,0,0,0,1,1,89,5570,10,5,2011,3,17,0,0,15,6,E LOCUST ST,,0,40.06125556,-82.400508330,0,38,0,0,1,1,4,0,1,1,0,1,0,0000000,17,3,17,7,17,57,0,0,0,1,0
39,390442,1,1,0,0,0,1,1,31,0,20,5,2011,6,19,17,0,4,3,SR-93,,118,40.29327500,-81.750038890,0,35,0,0,1,1,4,0,1,1,0,1,0,0000000,19,21,19,41,20,21,0,0,0,1,0