STATE,ST_CASE,VE_TOTAL,VE_FORMS,PVH_INVL,PEDS,PERNOTMVIT,PERMVIT,PERSONS,COUNTY,CITY,DAY,MONTH,YEAR,DAY_WEEK,HOUR,MINUTE,NHS,ROAD_FNC,ROUTE,TWAY_ID,TWAY_ID2,MILEPT,LATITUDE,LONGITUD,SP_JUR,HARM_EV,MAN_COLL,RELJCT1,RELJCT2,TYP_INT,REL_ROAD,WRK_ZONE,LGT_COND,WEATHER1,WEATHER2,WEATHER,SCH_BUS,RAIL,NOT_HOUR,NOT_MIN,ARR_HOUR,ARR_MIN,HOSP_HR,HOSP_MN,CF1,CF2,CF3,FATALS,DRUNK_DR
39,390443,1,1,0,0,0,2,2,49,1800,12,6,2011,1,2,29,1,13,3,SR-161,SAWMILL PLACE BLVD,61,40.09376667,-83.085736110,0,33,0,0,2,2,4,0,2,10,0,10,0,0000000,88,88,88,88,88,88,0,0,0,2,1
39,390444,1,1,0,0,0,5,5,153,70,16,6,2011,5,20,15,1,11,1,I-76,,122,41.06139444,-81.549583330,0,25,0,1,18,1,3,0,1,10,0,10,0,0000000,20,17,20,22,99,99,0,0,0,2,1
39,390445,1,1,0,0,0,3,3,17,3260,4,7,2011,2,13,53,0,14,6,RIVER RD,,0,39.36706944,-84.563441670,0,42,0,0,1,1,4,0,1,1,0,1,0,0000000,14,3,14,16,14,56,0,0,0,3,0
39,390446,2,2,0,0,0,5,5,99,9230,14,7,2011,5,23,21,0,16,6,HUDSON AVE,BOSTON AVE,0,41.06815833,-80.666686110,0,12,6,0,2,2,1,0,2,1,0,1,0,0000000,23,30,23,34,23,57,20,0,0,1,0
39,390447,2,2,0,0,0,2,2,129,0,15,7,2011,6,23,27,0,3,2,US-22,RINGGOLD SOUTHERN RD,221,39.62102778,-82.866697220,0,12,6,0,2,2,1,0,2,1,0,1,0,0000000,23,31,23,47,0,11,0,0,0,1,1
39,390448,1,1,0,1,1,1,1,49,0,19,7,2011,3,22,47,0,13,3,SR-317,,32,39.83048889,-82.939825000,0,8,0,0,1,1,1,0,2,1,0,1,0,0000000,88,88,88,88,88,88,0,0,0,1,0
39,390449,1,1,0,0,0,1,1,99,0,20,7,2011,4,13,18,0,13,3,SR-7,,88,40.91325278,-80.651063890,0,42,0,0,1,1,4,0,1,1,0,1,0,0000000,13,22,13,28,99,99,0,0,0,1,1
39,390450,1,1,0,0,0,1,1,19,0,21,7,2011,5,8,30,0,3,3,SR-39,,6,40.48821389,-81.259688890,0,1,0,0,1,1,4,0,1,1,0,1,0,0000000,8,35,8,43,88,88,0,0,0,1,0
39,390451,1,1,0,0,0,1,1,155,0,22,7,2011,6,17,0,0,6,4,SODOM HUTCHINS RD,,0,41.38588889,-80.639047220,0,16,0,0,1,1,1,0,1,6,0,6,0,0000000,17,8,17,9,88,88,0,0,0,1,0
39,390452,1,1,0,1,1,8,8,35,6020,10,3,2011,5,14,17,0,15,6,85,,0,41.43519722,-81.522438890,0,8,0,0,4,1,1,0,1,2,0,2,0,0000000,99,99,99,99,99,99,0,0,0,1,0
39,390453,1,1,0,0,0,1,1,59,0,21,5,2011,7,9,12,1,2,2,US-22,,96,40.03987222,-81.571263890,0,42,0,0,1,1,5,0,1,1,0,1,0,0000000,99,99,99,99,99,99,0,0,0,1,0
39,390454,1,1,0,0,0,1,1,55,0,25,7,2011,2,12,12,0,3,2,US-322,,142,41.53235556,-81.121930560,0,32,0,0,1,1,4,0,1,1,0,1,0,0000000,13,8,13,29,88,88,0,0,0,1,0
39,390455,2,2,0,0,0,2,2,45,0,28,7,2011,5,11,58,0,2,2,US-22,,206,39.74487500,-82.496425000,0,12,2,0,1,1,1,0,1,1,0,1,0,0000000,11,58,12,3,12,28,0,0,0,1,0
39,390456,2,2,0,0,0,3,3,45,0,29,7,2011,6,15,0,0,3,2,US-22,,22,39.64687500,-82.800863890,0,12,8,0,1,1,1,0,1,1,0,1,0,0000000,15,2,15,17,15,51,0,0,0,1,0
39,390457,1,1,0,0,0,1,1,49,0,1,8,2011,2,12,20,1,1,1,I-270,,234,40.11228056,-83.027972220,0,25,0,1,18,1,8,0,1,1,0,1,0,0000000,12,24,12,30,99,99,0,0,0,1,0
39,390458,2,2,0,0,0,2,2,89,0,3,8,2011,4,9,55,0,6,4,MARNE RD,,0,40.06805556,-82.319280560,0,12,1,0,1,1,1,3,1,10,0,10,0,0000000,99,99,99,99,99,99,0,0,0,1,0
39,390459,2,2,0,0,0,2,2,173,0,7,8,2011,1,17,36,0,4,4,POE RD,,0,41.38505278,-83.581088890,0,12,6,0,1,1,1,0,1,1,0,1,0,0000000,17,51,18,7,18,34,0,0,0,2,0
39,390460,1,1,0,0,0,1,1,91,0,25,7,2011,2,14,15,0,6,5,115,,0,40.50701389,-83.598661110,0,10,0,0,6,1,1,0,1,1,0,1,0,518369U,88,88,88,88,88,88,0,0,0,1,0
39,390461,1,1,0,0,0,1,1,113,0,26,6,2011,1,3,5,0,4,4,W ALEX BELL RD,,0,39.66597222,-84.200194440,0,38,0,0,1,1,4,0,2,10,0,10,0,0000000,88,88,88,88,88,88,0,0,0,1,1
39,390462,2,2,0,0,0,4,4,35,7040,12,7,2011,3,15,9,0,14,2,US-20,,60,41.45678056,-81.873572220,0,12,6,0,4,1,1,0,1,1,0,1,0,0000000,15,9,15,16,15,32,0,0,0,1,0
39,390463,2,2,0,0,0,3,3,161,0,27,7,2011,4,18,18,0,5,4,CONVOY RD,DUTCH JOHN RD,0,40.91720833,-84.591463890,0,12,6,0,2,2,1,0,1,1,0,1,0,0000000,18,19,18,30,18,58,0,0,0,1,0
39,390464,1,1,0,0,0,1,1,155,0,31,7,2011,1,7,55,0,5,4,RAVENNA WARREN RD,,0,41.17876667,-81.001147220,0,42,0,0,1,1,4,0,4,1,0,1,0,0000000,7,58,8,1,88,88,0,0,0,1,1
39,390465,2,2,0,0,0,2,2,103,0,31,7,2011,1,20,18,0,6,4,ABBEYVILLE RD,,0,41.21283056,-81.902291670,0,12,8,0,1,1,1,0,1,10,0,10,0,0000000,20,20,20,26,20,55,0,0,0,1,0
39,390466,3,3,0,0,0,3,3,97,0,4,8,2011,5,17,54,0,4,3,SR-29,,80,39.97771111,-83.387002780,0,12,2,0,1,1,1,0,1,1,0,1,0,0000000,88,88,88,88,88,88,0,0,0,2,0
39,390467,2,2,0,0,0,2,2,61,5260,5,8,2011,6,11,39,0,13,2,US-22,,164,39.26409167,-84.334980560,0,12,6,0,4,1,1,0,1,1,0,1,0,0000000,11,39,11,46,11,57,0,0,0,1,0
39,390468,2,2,0,0,0,4,4,7,1850,7,8,2011,1,11,27,0,14,3,SR-7,,288,41.91722500,-80.568838890,0,12,6,0,5,1,1,0,1,1,0,1,0,0000000,99,99,99,99,99,99,0,0,0,1,0
39,390469,4,4,0,0,0,4,4,13,0,7,8,2011,1,18,11,1,1,1,I-70,,96,40.05981111,-81.053352780,0,12,1,1,18,1,1,1,1,1,0,1,0,0000000,18,11,18,20,18,56,0,0,0,1,0
39,390470,1,1,0,1,1,1,1,113,2090,8,8,2011,2,23,4,0,14,6,GETTYSBURG AVE,,0,39.76678611,-84.253441670,0,8,0,0,1,1,1,0,3,2,0,2,0,0000000,88,88,88,88,88,88,0,0,0,1,0
39,390471,3,3,0,0,0,4,4,103,0,10,8,2011,4,21,33,1,2,3,SR-18,,74,41.16729167,-81.931013890,0,1,0,0,1,1,1,0,2,1,0,1,0,0000000,21,36,21,39,23,5,0,0,0,1,2
39,390473,1,1,0,0,0,2,2,149,7550,11,6,2011,7,0,52,0,14,6,8,,0,40.26845833,-84.181494440,0,33,0,0,1,1,5,0,3,1,0,1,0,0000000,0,53,1,2,1,27,0,0,0,1,0
39,390474,1,1,0,0,0,1,1,75,0,12,6,2011,1,15,20,0,5,3,SR-520,,122,40.49255833,-81.990502780,0,18,0,0,1,1,1,0,1,1,0,1,0,0000000,15,20,15,24,99,99,0,0,0,1,1
39,390475,2,2,0,0,0,3,3,151,1320,13,6,2011,2,15,51,0,14,3,SR-627,SHERMAN CHURCH AVE,37,40.75191944,-81.419419440,0,12,6,1,2,2,1,0,1,10,0,10,0,0000000,15,51,15,53,16,8,0,0,0,1,0
39,390476,2,2,0,0,0,2,2,153,70,24,6,2011,6,0,45,0,13,3,SR-91,,31,41.07474167,-81.441972220,0,12,2,0,1,1,1,0,3,10,0,10,0,0000000,0,55,1,3,1,26,0,0,0,1,1
39,390477,1,1,0,1,1,1,1,39,3460,1,7,2011,6,15,50,0,14,3,SR-2,MAPLE ST,27,41.29452222,-84.760250000,0,15,0,0,2,2,1,0,1,1,0,1,0,0000000,99,99,99,99,99,99,0,0,0,1,0
39,390478,1,1,0,0,0,1,1,35,7610,7,7,2011,5,14,55,1,12,2,US-422,,160,41.40868056,-81.469375000,0,1,0,0,1,1,5,0,1,1,0,1,0,0000000,14,55,14,57,88,88,0,0,0,1,0
39,390479,1,1,0,0,0,4,4,27,0,17,7,2011,1,16,35,1,1,1,I-71,,146,39.54601389,-83.753069440,0,35,0,0,1,1,3,0,1,1,0,1,0,0000000,16,43,16,52,99,99,0,0,0,1,0
39,390480,2,2,0,0,0,2,2,159,0,18,7,2011,2,18,17,0,4,3,SR-739,,209,40.47821944,-83.353355560,0,12,2,0,1,1,1,0,1,10,0,10,0,0000000,18,17,99,99,99,99,0,0,0,1,1
39,390481,2,2,0,0,0,2,2,69,0,18,7,2011,2,23,55,1,2,2,US-24,,192,41.41723611,-83.884908330,0,12,8,0,1,1,1,0,2,1,0,1,0,0000000,99,99,99,99,99,99,0,0,0,1,0
39,390482,1,1,0,0,0,1,1,113,5275,19,7,2011,3,3,38,1,11,1,I-75,,88,39.71365833,-84.224966670,0,34,0,0,1,1,5,0,3,1,0,1,0,0000000,3,40,3,45,4,6,0,0,0,1,0
39,390483,2,2,0,0,0,3,3,167,0,20,7,2011,4,18,37,0,5,4,2,,0,39.30785278,-81.612072220,0,24,0,0,1,1,5,0,1,1,0,1,0,0000000,99,99,99,99,99,99,0,0,0,1,1
39,390484,1,1,0,0,0,1,1,7,0,21,7,2011,5,15,25,1,1,1,I-90,,146,41.83021111,-80.746291670,0,1,0,0,1,1,4,4,1,1,0,1,0,0000000,99,99,99,99,99,99,0,0,0,1,0
39,390485,1,1,0,0,0,1,1,167,0,22,7,2011,6,9,40,0,6,5,40,,0,39.29399167,-81.578913890,0,34,0,0,1,1,5,0,1,10,0,10,0,0000000,99,99,99,99,99,99,0,0,0,1,1
39,390487,1,1,0,0,0,1,1,5,0,24,7,2011,1,5,0,1,1,1,I-71,,72,40.84896111,-82.267869440,0,1,0,0,1,1,5,0,3,10,0,10,0,0000000,5,7,5,13,88,88,0,0,0,1,1
39,390488,1,1,0,0,0,4,4,103,1085,25,7,2011,2,19,14,0,16,6,SUNFLOWER DR,,0,41.26903333,-81.826288890,0,5,0,0,1,1,1,0,1,1,0,1,0,0000000,19,14,19,20,99,99,0,0,0,1,0
39,390490,2,2,0,0,0,2,2,99,0,30,7,2011,7,2,19,0,4,3,SR-46,,63,40.97805556,-80.755316670,0,12,8,0,1,1,1,0,2,5,0,5,0,0000000,2,38,2,49,4,39,0,0,0,1,1
39,390491,1,1,0,0,0,2,2,139,0,31,7,2011,1,6,0,0,6,5,195,,0,40.92121389,-82.616725000,0,1,0,0,1,1,4,0,4,1,0,1,0,0000000,99,99,99,99,99,99,0,0,0,1,1
39,390492,2,2,0,0,0,3,3,141,0,1,8,2011,2,16,58,0,3,2,US-50,RAPID FORGE RD,2,39.23122222,-83.340033330,0,12,6,0,2,2,1,0,1,1,0,1,0,0000000,16,58,17,6,99,99,0,0,0,1,0
39,390494,2,2,0,0,0,2,2,35,7040,5,8,2011,6,9,55,0,15,6,HILLIARD BLVD,WESTMOOR RD,0,41.46925278,-81.844647220,0,12,6,0,2,2,1,0,1,1,0,1,0,0000000,9,55,9,58,10,17,0,0,0,1,0
39,390495,2,2,0,0,0,6,6,65,0,5,8,2011,6,11,51,0,4,3,SR-117,,46,40.53860278,-83.835491670,0,12,8,0,1,1,1,0,1,1,0,1,0,0000000,11,53,12,2,88,88,0,0,0,1,0
39,390496,1,1,0,0,0,1,1,35,1680,20,7,2011,4,20,40,0,16,6,NURSERY AVE,,0,41.47453611,-81.656775000,0,33,0,0,1,1,5,0,5,10,0,10,0,0000000,20,43,20,47,20,59,0,0,0,1,0
39,390497,1,1,0,0,0,1,1,83,0,7,8,2011,1,12,0,0,3,2,US-36,,128,40.35515556,-82.539363890,0,32,0,0,1,1,4,0,1,1,0,1,0,0000000,12,3,12,10,88,88,0,0,0,1,1
39,390498,2,2,0,0,0,3,3,165,0,9,8,2011,3,17,1,0,5,4,230,TOWNSHIP LINE RD,0,39.49293889,-84.140030560,0,12,6,0,2,2,1,0,1,1,0,1,0,0000000,17,4,17,11,17,41,0,0,0,1,0
39,390499,2,2,0,0,0,2,2,41,0,10,8,2011,4,6,18,0,4,2,US-42,,39,40.26418056,-83.118738890,0,12,8,0,1,1,1,0,2,1,0,1,0,0000000,6,25,6,46,7,3,0,0,0,1,0
39,390500,2,2,0,0,0,2,2,43,0,12,8,2011,6,16,46,1,2,2,US-6,,147,41.40736667,-82.599016670,0,12,2,0,1,1,1,0,1,1,0,1,0,0000000,16,46,16,51,99,99,0,0,0,1,1
39,390501,1,1,0,0,0,1,1,105,0,14,8,2011,1,17,28,1,2,2,US-33,,79,39.08308889,-82.016991670,0,1,0,0,1,1,5,0,1,10,0,10,0,0000000,17,28,17,30,18,9,0,0,0,1,0
39,390502,2,2,0,0,0,2,2,25,0,17,8,2011,4,20,19,0,5,4,106,,0,39.15392222,-84.266144440,0,24,0,0,1,1,4,0,5,1,0,1,0,0000000,20,19,20,99,20,58,0,0,0,1,1
39,390503,2,2,0,0,0,8,8,35,1680,25,6,2011,7,3,0,0,13,6,MARTIN LUTHER KING,BUCKEYE RD,0,41.48175278,-81.609836110,0,12,6,0,2,2,1,0,3,10,0,10,0,0000000,3,13,3,23,4,3,0,0,0,2,1
39,390504,2,2,0,0,0,5,5,35,1680,28,6,2011,3,19,42,0,14,6,MEMPHIS AVE,,0,41.43991111,-81.724483330,0,12,8,0,1,1,1,0,1,1,0,1,0,0000000,19,49,19,54,20,12,0,0,0,1,1
39,390505,1,1,0,1,1,2,2,35,1680,1,7,2011,6,19,37,0,16,6,W 98TH ST,,0,41.46039444,-81.751080560,0,8,0,0,1,1,1,0,1,1,0,1,0,0000000,19,40,19,46,20,0,0,0,0,1,0
39,390506,4,4,0,0,0,5,5,35,1680,1,7,2011,6,1,28,1,11,1,I-90,,116,41.47010556,-81.749097220,0,12,2,1,18,1,1,0,3,1,0,1,0,0000000,88,88,88,88,88,88,0,0,0,1,1
39,390507,2,2,0,0,0,2,2,35,1680,27,7,2011,4,14,36,0,14,6,W 130TH ST,GILMORE AVE,0,41.43532778,-81.779994440,0,12,6,0,2,3,1,0,1,1,0,1,0,0000000,14,36,14,41,15,7,0,0,0,1,0
39,390508,2,2,0,0,0,2,2,83,0,8,8,2011,2,13,52,0,4,3,SR-229,,171,40.35825278,-82.336608330,0,1,0,0,1,1,1,0,1,10,0,10,0,0000000,14,13,14,39,15,20,0,0,0,1,0
39,390509,1,1,0,0,0,1,1,155,0,9,8,2011,3,23,30,0,4,3,SR-87,,44,41.46094722,-80.919069440,0,31,0,0,1,1,4,0,2,10,0,10,0,0000000,23,31,23,39,88,88,0,0,0,1,1
39,390510,2,1,1,0,0,1,1,139,0,9,8,2011,3,23,10,0,4,3,SR-603,PETTIT ST,179,40.96674167,-82.599763890,0,40,0,0,2,3,4,0,3,1,0,1,0,0000000,88,88,88,88,88,88,0,0,0,1,1
39,390511,2,2,0,0,0,2,2,25,0,10,8,2011,4,17,8,0,6,4,DEERFIELD RD,,0,39.17598611,-84.172783330,0,12,8,0,1,1,1,0,1,1,0,1,0,0000000,17,8,17,9,88,88,0,0,0,1,1
39,390512,3,3,0,0,0,4,4,99,0,11,8,2011,5,10,9,1,1,1,I-76,,13,41.10043889,-80.977305560,0,12,1,1,18,1,1,1,1,1,0,1,0,0000000,88,88,88,88,88,88,0,0,0,1,0
39,390513,1,1,0,0,0,2,2,113,3895,3,6,2011,6,2,45,0,13,6,S PATTERSON BLVD,,0,39.71056111,-84.180336110,0,31,0,0,1,1,4,0,2,1,0,1,0,0000000,2,52,3,1,3,23,0,0,0,1,1
39,390514,1,1,0,0,0,1,1,165,0,12,6,2011,1,20,45,0,6,5,SWIGERT RD,,0,39.29943611,-84.180936110,0,34,0,0,1,1,4,0,5,1,0,1,0,0000000,99,99,99,99,99,99,0,0,0,1,1
39,390515,1,1,0,0,0,1,1,109,8190,10,7,2011,1,15,51,0,14,3,SR-55,SR-718,102,40.03024444,-84.231319440,0,34,0,0,2,3,4,0,1,1,0,1,0,0000000,88,88,88,88,88,88,0,0,0,1,0
39,390516,1,1,0,1,1,1,1,77,6070,13,7,2011,4,20,30,0,14,6,MILAN AVE,,0,41.24930556,-82.611780560,0,8,0,0,1,1,1,0,1,1,0,1,0,0000000,20,30,20,30,20,52,0,0,0,1,0
39,390517,1,1,0,0,0,1,1,87,0,6,8,2011,7,17,0,0,3,3,SR-93,,101,38.66115000,-82.658369440,0,24,0,0,1,1,4,0,1,10,0,10,0,0000000,17,9,17,17,88,88,0,0,0,1,0
39,390518,2,2,0,0,0,5,5,63,0,12,8,2011,6,19,5,0,4,3,SR-37,304,189,40.83290556,-83.520555560,0,12,6,0,2,2,1,0,1,1,0,1,0,0000000,19,8,19,28,20,2,0,0,0,1,0
39,390519,2,2,0,0,0,5,5,1,0,12,8,2011,6,20,50,0,2,2,US-52,,3,38.64268611,-83.693933330,0,11,0,0,1,1,1,0,2,1,0,1,0,0000000,20,52,20,55,21,40,14,0,0,1,0
39,390520,1,1,0,1,1,1,1,99,0,14,8,2011,1,22,13,0,4,4,SOUTH AVE,,0,41.03430556,-80.634841670,0,8,0,0,1,1,1,0,2,10,0,10,0,0000000,22,13,22,14,22,42,0,0,0,1,0
39,390521,1,1,0,0,0,1,1,13,0,16,8,2011,3,14,25,0,5,3,SR-147,,159,40.00625000,-81.019622220,0,35,0,0,1,1,4,0,1,1,0,1,0,0000000,88,88,88,88,88,88,0,0,0,1,0
39,390522,2,2,0,0,0,3,3,61,1610,17,8,2011,4,5,25,1,13,2,US-27,,99,39.19901944,-84.578505560,0,33,0,0,1,1,4,0,4,1,0,1,0,0000000,88,88,88,88,88,88,0,0,0,1,0
39,390523,1,1,0,0,0,1,1,99,9230,4,6,2011,7,23,59,0,16,6,WICK AVE,,0,41.10184167,-80.647719440,0,33,0,0,1,1,5,0,3,1,0,1,0,0000000,99,99,99,99,99,99,20,0,0,1,0
39,390524,3,3,0,0,0,4,4,35,970,4,6,2011,7,23,33,1,11,1,I-77,,7,41.28694722,-81.636636110,0,12,7,0,1,1,1,0,2,1,0,1,0,0000000,99,99,99,99,99,99,0,0,0,1,1
39,390526,1,1,0,0,0,1,1,85,0,16,7,2011,7,6,2,0,4,3,SR-535,,27,41.75729167,-81.243466670,0,30,0,0,1,1,5,0,2,1,0,1,0,0000000,6,2,6,7,88,88,0,0,0,1,1
39,390527,1,1,0,0,0,1,1,41,0,3,8,2011,4,1,20,0,4,3,SR-257,,29,40.17688333,-83.126369440,0,42,0,0,1,1,4,0,2,1,0,1,0,0000000,1,49,1,56,88,88,0,0,0,1,1
39,390528,1,1,0,0,0,2,2,151,0,13,8,2011,7,0,22,0,5,5,12TH ST NW,,0,40.81212222,-81.458363890,0,1,0,0,1,1,1,0,2,1,0,1,0,0000000,0,22,0,31,0,35,0,0,0,1,0
39,390529,2,2,0,0,0,6,6,9,0,11,8,2011,5,16,54,1,2,2,US-33,294,69,39.41395278,-82.187586110,0,12,6,0,2,2,1,0,1,1,0,1,0,0000000,17,0,17,5,99,99,0,0,0,2,0
39,390530,5,5,0,3,3,3,3,95,0,4,8,2011,5,5,25,1,1,1,I-475,,0,41.59247778,-83.690588890,0,12,6,0,1,1,1,0,3,1,0,1,0,0000000,5,57,6,6,6,31,19,0,0,3,0
39,390531,2,2,0,0,0,4,4,139,0,12,8,2011,6,17,22,0,3,3,SR-13,GANGES FIVE POINTS,223,40.84856667,-82.513552780,0,12,6,0,2,2,1,0,1,1,0,1,0,0000000,17,23,17,30,88,88,0,0,0,1,0
39,390532,2,2,0,0,0,3,3,151,0,14,8,2011,1,15,35,0,5,4,246,276,0,40.69513056,-81.431919440,0,12,6,0,2,2,1,0,1,2,0,2,0,0000000,15,55,16,7,16,23,0,0,0,1,0
39,390533,2,2,0,0,0,2,2,153,70,2,5,2011,2,3,56,1,11,1,I-77,,151,41.06078056,-81.568508330,0,12,8,1,18,1,1,0,3,2,0,2,0,0000000,4,20,4,31,4,43,0,0,0,1,1
39,390534,2,2,0,0,0,2,2,33,0,2,8,2011,3,10,45,0,3,3,SR-4,CAREY RD,169,40.92129444,-82.952100000,0,12,6,0,2,2,1,0,1,10,0,10,0,0000000,10,52,11,13,11,39,0,0,0,1,0
39,390535,1,1,0,0,0,2,2,93,4360,4,8,2011,5,13,10,0,13,6,COLORADO AVE,,0,41.46549167,-82.154655560,0,5,0,0,1,1,1,0,1,1,0,1,0,0000000,13,11,13,17,13,33,0,0,0,1,0
39,390536,2,2,0,0,0,2,2,45,0,17,8,2011,4,11,40,0,4,3,SR-188,,175,39.75458056,-82.550325000,0,12,6,0,1,1,1,0,1,1,0,1,0,0000000,88,88,88,88,88,88,0,0,0,1,0
39,390537,2,2,0,0,0,3,3,129,0,17,8,2011,4,16,45,0,4,3,SR-56,HUBER HITLER RD,220,39.57632222,-82.900086110,0,12,6,0,2,2,1,0,1,1,0,1,0,0000000,17,13,17,31,18,19,0,0,0,2,0
39,390538,2,2,0,0,0,3,3,173,0,19,8,2011,6,19,5,0,4,3,SR-199,DOWLING RD,245,41.47791111,-83.574200000,0,12,6,0,2,2,1,0,1,1,0,1,0,0000000,19,7,19,17,20,16,0,0,0,1,0
39,390539,2,2,0,0,0,2,2,5,0,19,8,2011,6,21,26,0,5,4,30A,,0,40.80627222,-82.139625000,0,12,6,0,4,1,1,0,2,1,0,1,0,0000000,21,31,21,49,22,45,0,0,0,1,0
39,390540,1,1,0,1,1,1,1,41,2150,22,8,2011,2,10,31,0,14,6,N SANDUSKY AVE,,0,40.30430556,-83.067327780,0,8,0,0,1,1,1,0,1,1,0,1,0,0000000,10,36,10,55,11,19,0,0,0,1,0
39,390541,1,1,0,0,0,1,1,133,0,24,8,2011,4,4,30,1,2,3,SR-43,,90,41.11867778,-81.348694440,0,33,0,0,1,1,4,0,2,10,0,10,0,0000000,4,35,4,39,88,88,0,0,0,1,0
39,390542,6,2,4,0,0,2,2,165,2710,5,8,2011,6,9,55,0,13,6,N MAIN ST,,0,39.56667778,-84.301141670,0,14,0,0,1,1,7,0,1,98,0,98,0,0000000,9,58,10,0,10,19,0,0,0,1,0
39,390543,1,1,0,0,0,1,1,113,3622,30,7,2011,7,20,39,0,16,6,KEY WEST DR,,0,39.82816389,-84.128772220,0,1,0,0,1,1,1,0,1,1,0,1,0,0000000,20,40,20,54,88,88,0,0,0,1,0
39,390544,2,2,0,0,0,5,5,23,0,15,8,2011,2,13,47,0,4,2,US-40,,81,39.92336944,-83.897119440,0,12,1,0,1,1,1,0,1,1,0,1,0,0000000,13,51,13,58,99,99,0,0,0,1,0
39,390545,2,2,0,0,0,2,2,129,0,17,8,2011,4,7,45,0,4,3,SR-56,,104,39.63762778,-83.081305560,0,12,8,0,1,1,1,0,1,5,0,5,0,0000000,7,47,8,2,99,99,0,0,0,1,0
39,390546,1,1,0,0,0,2,2,101,4740,18,8,2011,5,22,45,0,14,6,VERNON HEIGHTS BLVD,BEXLEY AVE,0,40.57817222,-83.111572220,0,1,0,0,1,1,1,0,3,10,0,10,0,0000000,22,47,22,50,23,3,0,0,0,1,1
39,390547,1,1,0,4,4,1,1,169,0,19,8,2011,6,23,24,0,4,3,SR-301,132,43,40.94507500,-82.109352780,0,49,0,0,3,1,1,0,2,1,0,1,0,0000000,23,26,23,36,23,57,0,0,0,1,1
39,390548,2,2,0,0,0,3,3,33,0,22,8,2011,2,16,39,0,6,4,78,23,0,40.89941667,-82.901666670,0,12,6,0,2,2,1,0,1,1,0,1,0,0000000,99,99,99,99,99,99,0,0,0,1,0
39,390549,2,2,0,0,0,3,3,93,0,22,8,2011,2,13,10,0,14,4,MIDDLE RIDGE RD,OBERLIN RD,0,41.40122222,-82.183316670,0,12,6,0,2,2,1,0,1,1,0,1,0,0000000,13,28,13,36,14,43,0,0,0,1,0
39,390550,1,1,0,2,2,1,1,173,920,27,8,2011,7,21,14,0,5,5,BRIM RD,,0,41.40527778,-83.664722220,0,9,0,0,1,1,1,0,2,1,0,1,0,0000000,21,18,21,30,22,12,0,0,0,1,0
39,390552,1,1,0,1,1,1,1,35,4480,28,6,2011,3,9,47,0,16,6,ROLAND RD,,0,41.53586389,-81.488633330,0,8,0,0,4,1,1,0,1,10,0,10,0,0000000,9,48,9,52,10,19,0,0,0,1,0
39,390553,2,2,0,0,0,3,3,63,2610,28,7,2011,5,15,49,0,13,6,LIMA AVE,CARLIN ST,0,41.01241944,-83.684319440,0,12,6,0,2,2,1,0,1,1,0,1,0,0000000,15,50,15,55,16,48,0,0,0,1,0
39,390554,4,4,0,0,0,4,4,153,460,9,8,2011,3,9,49,0,13,3,SR-619,,4,41.03074444,-81.586211110,0,12,7,0,1,1,1,0,1,1,0,1,0,0000000,9,49,9,50,10,51,0,0,0,1,0
39,390555,1,1,0,0,0,1,1,21,0,22,8,2011,2,7,0,0,5,3,SR-245,,99,40.24651667,-83.804741670,0,43,0,0,1,1,4,0,1,1,0,1,0,0000000,99,99,99,99,99,99,0,0,0,1,0
39,390556,1,1,0,0,0,1,1,69,0,25,8,2011,5,9,5,0,6,4,P,SR-65,0,41.38595278,-83.941555560,0,42,0,0,2,2,4,0,1,1,0,1,0,0000000,88,88,88,88,88,88,0,0,0,1,0
39,390557,2,2,0,0,0,3,3,113,2090,26,8,2011,6,11,28,0,14,6,SALEM AVE,N GETTYSBURG AVE,0,39.79996389,-84.253291670,0,12,2,0,2,2,1,0,1,10,0,10,0,0000000,11,29,11,34,12,0,0,0,0,1,1
39,390558,1,1,0,0,0,1,1,155,0,27,8,2011,7,0,20,0,4,4,HUBBARD MASURY RD,,0,41.20571667,-80.534077780,0,1,0,0,1,1,4,0,2,1,0,1,0,0000000,0,20,0,26,0,48,0,0,0,1,1
39,390559,1,1,0,0,0,1,1,77,0,28,8,2011,1,18,44,0,6,5,BASELINE RD,,0,40.99590000,-82.767905560,0,34,0,0,1,1,4,0,1,1,0,1,0,0000000,18,46,19,10,88,88,0,0,0,1,1
39,390560,1,1,0,0,0,1,1,41,0,31,8,2011,4,6,40,0,5,5,ORANGE RD,,0,40.17539722,-83.029163890,0,59,0,0,1,1,4,0,4,1,0,1,0,0000000,6,45,6,49,7,15,0,0,0,1,0
39,390561,3,3,0,0,0,3,3,35,570,2,8,2011,3,18,5,0,13,6,ROCKSIDE RD,,0,41.40585000,-81.547736110,0,33,0,0,1,1,4,4,1,10,0,10,0,0000000,18,7,18,9,18,22,0,0,0,1,1
39,390562,2,2,0,0,0,5,5,43,0,31,8,2011,4,15,38,0,5,4,E STRUB RD,,0,41.42160556,-82.678091670,0,12,6,0,4,1,1,0,1,1,0,1,0,0000000,15,38,15,42,16,2,0,0,0,1,0
39,390563,1,1,0,0,0,2,2,89,0,2,9,2011,6,21,42,0,6,4,17,,0,40.20791667,-82.460972220,0,35,0,0,1,1,4,0,2,1,0,1,0,0000000,21,52,22,18,22,50,20,0,0,1,0
39,390564,2,2,0,0,0,3,3,59,0,4,9,2011,1,16,23,1,1,1,I-77,,42,39.95489167,-81.531441670,0,12,6,0,1,1,1,0,1,2,0,2,0,0000000,99,99,99,99,99,99,0,0,0,1,0