STATE,ST_CASE,VE_TOTAL,VE_FORMS,PVH_INVL,PEDS,PERNOTMVIT,PERMVIT,PERSONS,COUNTY,CITY,DAY,MONTH,YEAR,DAY_WEEK,HOUR,MINUTE,NHS,ROAD_FNC,ROUTE,TWAY_ID,TWAY_ID2,MILEPT,LATITUDE,LONGITUD,SP_JUR,HARM_EV,MAN_COLL,RELJCT1,RELJCT2,TYP_INT,REL_ROAD,WRK_ZONE,LGT_COND,WEATHER1,WEATHER2,WEATHER,SCH_BUS,RAIL,NOT_HOUR,NOT_MIN,ARR_HOUR,ARR_MIN,HOSP_HR,HOSP_MN,CF1,CF2,CF3,FATALS,DRUNK_DR
39,390565,1,1,0,0,0,1,1,155,0,7,9,2011,4,9,34,1,2,2,US-422,,16,41.31387500,-80.980830560,0,34,0,0,1,1,4,0,1,2,0,2,0,0000000,10,16,10,20,11,0,0,0,0,1,0
39,390566,1,1,0,0,0,1,1,93,0,10,9,2011,7,0,50,0,4,4,BAVMHART RD,,0,41.39675556,-82.282694440,0,32,0,0,1,1,4,0,2,5,0,5,0,0000000,99,99,99,99,88,88,0,0,0,1,1
39,390567,3,3,0,0,0,3,3,35,1680,27,6,2011,2,9,21,0,13,6,CARNEGIE AVE,E 22ND AVE,0,41.49912778,-81.674080560,0,12,6,0,2,2,1,4,1,1,0,1,0,0000000,9,22,9,28,10,21,0,0,0,1,0
39,390568,1,1,0,0,0,1,1,153,70,27,7,2011,4,1,35,0,15,6,N HOWARD ST,,0,41.11536667,-81.514202780,0,24,0,0,1,1,4,0,3,1,0,1,0,0000000,1,37,1,42,1,59,0,0,0,1,1
39,390569,2,2,0,0,0,3,3,61,1610,11,8,2011,5,0,5,1,11,1,I-75,,36,39.13951389,-84.534902780,0,12,7,1,18,1,1,0,3,1,0,1,0,0000000,0,9,0,16,88,88,0,0,0,1,1
39,390570,1,1,0,0,0,1,1,113,2090,12,8,2011,6,21,35,1,13,3,SR-4,BURWOOD AVE,128,39.73778611,-84.242541670,0,33,0,0,2,3,4,0,3,1,0,1,0,0000000,21,37,21,41,22,3,0,0,0,1,1
39,390571,3,3,0,0,0,4,4,49,0,20,8,2011,7,3,10,0,13,2,US-62,,95,39.92079722,-83.061875000,0,12,1,0,1,1,1,0,3,1,0,1,0,0000000,88,88,88,88,88,88,0,0,0,1,1
39,390572,3,3,0,0,0,6,6,163,0,21,8,2011,1,14,36,0,3,3,SR-93,SR-56,175,39.37916111,-82.462005560,0,12,6,0,2,2,1,0,1,10,0,10,0,0000000,99,99,99,99,99,99,0,0,0,1,0
39,390573,3,3,0,0,0,3,3,17,5010,30,8,2011,3,17,22,0,13,3,SR-122,,103,39.49947222,-84.356416670,0,12,6,0,4,1,1,0,1,1,0,1,0,0000000,17,43,17,52,18,17,0,0,0,1,0
39,390574,2,2,0,0,0,4,4,27,0,31,8,2011,4,16,19,0,4,3,SR-380,CENTER RD,65,39.52628889,-83.949708330,0,12,6,0,2,2,1,0,1,1,0,1,0,0000000,16,23,16,25,16,51,0,0,0,1,0
39,390575,1,1,0,1,1,4,4,17,6310,2,9,2011,6,16,0,0,16,6,MICHELLE DR,,0,39.52013056,-84.761044440,0,8,0,0,1,1,1,0,1,1,0,1,1,0000000,88,88,88,88,88,88,0,0,0,1,1
39,390576,1,1,0,1,1,1,1,99,0,3,9,2011,7,1,12,0,2,2,US-224,,178,41.02439722,-80.662563890,0,8,0,0,1,1,1,0,3,1,0,1,0,0000000,88,88,88,88,88,88,19,0,0,1,0
39,390577,2,2,0,0,0,5,5,99,9230,23,4,2011,7,12,0,1,13,2,US-422,,51,41.09030000,-80.585838890,0,12,8,0,1,1,1,0,1,10,0,10,0,0000000,99,99,99,99,99,99,0,0,0,1,0
39,390578,1,1,0,0,0,1,1,57,558,25,7,2011,2,12,54,0,5,4,40,,0,39.75388889,-84.037222220,0,53,0,0,1,1,4,0,1,1,0,1,0,0000000,12,55,12,58,88,88,0,0,0,1,0
39,390579,1,1,0,0,0,2,2,119,9260,27,7,2011,4,17,52,0,16,6,PINE ST,,0,39.93847500,-82.015416670,0,42,0,0,1,1,5,0,1,1,0,1,0,0000000,18,13,18,16,18,28,0,0,0,1,0
39,390580,2,2,0,0,0,2,2,93,0,5,8,2011,6,13,8,1,2,2,US-20,BAUMHART RD,35,41.26070556,-82.274297220,0,12,6,0,2,2,1,0,1,10,0,10,0,0000000,13,15,13,20,13,58,0,0,0,1,0
39,390581,1,1,0,0,0,1,1,153,70,5,8,2011,6,23,11,0,13,6,S MAIN ST,,0,41.05832500,-81.529066670,0,30,0,0,1,1,5,0,3,10,0,10,0,0000000,23,12,23,13,23,28,0,0,0,1,1
39,390582,1,1,0,1,1,1,1,153,0,6,8,2011,7,22,53,1,2,2,US-224,KUBLER TRAIL,134,41.03496667,-81.441994440,0,8,0,0,3,1,1,0,3,10,0,10,0,0000000,22,55,22,57,23,12,0,0,0,1,0
39,390583,2,2,0,0,0,2,2,49,1800,16,8,2011,3,14,6,1,11,1,I-71,,146,39.94192222,-83.011236110,0,12,1,0,1,1,1,0,1,1,0,1,0,0000000,14,11,14,15,14,17,0,0,0,1,0
39,390584,1,1,0,0,0,1,1,93,2480,24,8,2011,4,18,22,0,16,6,HILLIARD DR,,0,41.38760278,-82.085391670,0,31,0,0,1,1,5,0,1,10,0,10,0,0000000,18,23,18,28,18,46,0,0,0,1,1
39,390585,4,4,0,0,0,7,7,123,0,27,8,2011,7,22,30,0,3,3,SR-53,,11,41.46905278,-83.038875000,0,12,8,0,1,1,1,0,2,1,0,1,0,0000000,22,32,22,41,23,11,0,0,0,1,1
39,390586,2,2,0,0,0,2,2,65,0,27,8,2011,7,12,15,0,6,5,150,,0,40.61954167,-83.846725000,0,12,2,0,1,1,1,0,1,10,0,10,0,0000000,12,19,12,42,88,88,0,0,0,1,1
39,390587,1,1,0,0,0,1,1,99,0,29,8,2011,2,10,0,0,5,4,34,,0,40.99489167,-80.570008330,0,30,0,0,1,1,5,0,1,10,0,10,0,0000000,15,0,15,14,88,88,0,0,0,1,0
39,390589,2,2,0,0,0,2,2,133,0,1,9,2011,5,12,26,0,3,3,SR-44,,206,41.26213056,-81.231100000,0,12,8,0,1,1,1,0,1,10,0,10,0,0000000,12,27,12,29,13,0,0,0,0,1,0
39,390590,2,2,0,0,0,9,9,169,0,2,9,2011,6,8,55,1,2,2,US-30,149,18,40.78573333,-82.092411110,0,12,6,0,2,2,1,0,1,1,0,1,0,0000000,9,2,9,10,9,36,0,0,0,1,0
39,390591,1,1,0,1,1,1,1,113,0,8,9,2011,5,21,15,0,14,4,N DIXIE DR,,0,39.82572222,-84.198383330,0,8,0,0,1,1,1,0,3,10,0,10,0,0000000,21,18,21,22,21,39,0,0,0,1,0
39,390592,1,1,0,0,0,1,1,131,0,9,9,2011,6,3,38,0,4,4,BEAVER PIKE,,0,39.03738889,-82.853650000,0,32,0,0,1,1,4,0,2,5,0,5,0,0000000,3,40,99,99,88,88,0,0,0,1,0
39,390593,2,2,0,0,0,3,3,133,7875,10,9,2011,7,7,40,0,13,3,SR-14,,64,41.20726667,-81.301616670,0,24,0,0,1,1,5,0,1,2,0,2,0,0000000,7,40,7,47,88,88,6,0,0,1,0
39,390594,1,1,0,0,0,2,2,89,0,10,9,2011,7,16,0,0,6,5,30,,0,39.96751389,-82.577561110,0,32,0,0,1,1,4,0,1,1,0,1,0,0000000,16,1,16,9,16,35,0,0,0,1,1
39,390595,1,1,0,0,0,1,1,11,0,17,9,2011,7,23,57,0,4,4,33A,,0,40.55940833,-84.272438890,0,34,0,0,1,1,4,0,2,1,0,1,0,0000000,23,59,0,7,88,88,0,0,0,1,1
39,390596,2,2,0,0,0,4,4,35,1680,22,9,2011,5,7,25,0,14,6,FULTON RD,BANGOR AVE,0,41.43140278,-81.723755560,0,12,6,0,2,2,1,0,1,1,0,1,0,0000000,7,25,7,29,8,53,0,0,0,1,1
39,390597,2,2,0,0,0,2,2,61,1610,23,8,2011,3,14,15,0,3,4,W NORTH BEND RD,BANNING RD,0,39.20129167,-84.563188890,0,12,6,0,2,4,1,0,1,1,0,1,0,0000000,14,17,14,20,14,35,0,0,0,1,0
39,390598,1,1,0,0,0,1,1,55,0,5,8,2011,6,10,24,0,5,5,COUNTY LINE RD,,0,41.46743611,-81.384980560,0,1,0,0,1,1,4,0,1,1,0,1,0,0000000,10,28,10,36,10,55,0,0,0,1,0
39,390599,1,1,0,1,1,1,1,85,9010,23,8,2011,3,19,32,0,14,2,US-20,,58,41.64264444,-81.400108330,0,33,0,0,1,1,4,0,5,10,0,10,0,0000000,19,34,19,36,20,8,0,0,0,1,1
39,390600,2,2,0,0,0,3,3,49,1800,27,8,2011,7,12,5,0,13,3,SR-3,CHITTENDEN AVE,179,39.99508889,-82.980272220,0,12,2,0,2,3,1,0,1,1,0,1,0,0000000,12,5,12,9,12,18,0,0,0,1,0
39,390601,2,2,0,0,0,3,3,95,8120,27,8,2011,7,23,25,0,15,6,SOUTH AVE,GENEVA ST,0,41.63064722,-83.585100000,0,12,1,0,2,3,1,0,3,1,0,1,0,0000000,88,88,88,88,88,88,0,0,0,1,0
39,390602,1,1,0,1,1,1,1,155,8530,30,8,2011,3,0,8,0,16,6,OAK KNOLL AVE,SOUTH ST,0,41.23418889,-80.793200000,0,9,0,0,2,2,1,0,3,1,0,1,0,0000000,0,11,0,13,0,22,0,0,0,1,0
39,390603,1,1,0,0,0,1,1,29,0,3,9,2011,7,19,36,0,4,4,MIDDLE BEAVER RD,,0,40.74803611,-80.661191670,0,38,0,0,1,1,4,0,5,1,0,1,0,0000000,19,38,19,46,88,88,0,0,0,1,1
39,390604,2,2,0,0,0,5,5,113,3622,5,9,2011,2,16,15,0,14,6,CHAMBERSBURG RD,,0,39.84830000,-84.140638890,0,12,2,0,1,1,1,0,1,10,0,10,0,0000000,16,19,16,24,16,47,0,0,0,1,0
39,390605,2,2,0,0,0,2,2,89,0,5,9,2011,2,20,10,1,1,1,I-70,,64,39.94731944,-82.652036110,0,12,1,1,18,1,1,0,2,10,0,10,0,0000000,20,14,20,20,20,50,0,0,0,1,1
39,390606,1,1,0,1,1,1,1,61,0,7,9,2011,4,8,0,0,4,3,SR-128,,41,39.20216389,-84.722347220,0,8,0,0,1,1,2,0,2,2,0,2,0,0000000,88,88,88,88,88,88,0,0,0,1,0
39,390607,1,1,0,1,1,2,2,95,8120,20,8,2011,7,3,16,0,13,6,W LASKEY RD,,0,41.70709722,-83.568208330,0,8,0,0,1,1,1,0,2,10,0,10,0,0000000,3,16,3,21,88,88,0,0,0,1,1
39,390608,2,2,0,0,0,2,2,151,1320,25,8,2011,5,18,56,0,15,6,MAPLE AVE,17TH ST NE,0,40.81596944,-81.354136110,0,12,6,0,2,2,1,0,1,1,0,1,0,0000000,18,57,19,3,19,18,0,0,0,1,1
39,390609,1,1,0,1,1,1,1,49,1800,19,8,2011,6,20,11,0,16,6,OAK BEND BLVD,OAK BEND COMMONS WAY,0,39.91361111,-82.820833330,0,8,0,0,4,1,1,0,5,10,0,10,0,0000000,99,99,99,99,99,99,0,0,0,1,0
39,390610,1,1,0,0,0,2,2,49,1800,21,8,2011,1,18,26,0,16,6,GARRETT DR,,0,40.04198889,-83.034561110,0,42,0,0,1,1,5,0,1,10,0,10,0,0000000,99,99,99,99,99,99,0,0,0,1,0
39,390611,1,1,0,0,0,1,1,49,1800,25,8,2011,5,21,20,1,11,1,I-70,,89,39.97472222,-83.082222220,0,24,0,0,1,1,5,0,3,1,0,1,0,0000000,99,99,99,99,88,88,0,0,0,1,0
39,390612,2,2,0,0,0,4,4,95,8120,31,8,2011,4,16,55,0,14,6,N SUMMIT ST,,0,41.68990556,-83.485183330,0,12,2,0,1,1,1,0,1,1,0,1,0,0000000,16,58,17,7,17,22,0,0,0,1,0
39,390613,2,2,0,0,0,2,2,49,1800,5,9,2011,2,6,38,0,14,6,TUSSING RD,,0,39.92716389,-82.825402780,0,12,2,0,1,1,1,0,3,10,0,10,0,0000000,99,99,99,99,99,99,0,0,0,1,0
39,390614,2,2,0,0,0,4,4,153,460,12,9,2011,2,15,38,0,13,6,WOOSTER RD W,14TH ST NW,0,41.01121944,-81.620897220,0,12,6,0,2,2,1,0,1,1,0,1,0,0000000,15,39,15,40,16,4,0,0,0,1,1
39,390615,5,5,0,0,0,5,5,49,1800,2,9,2011,6,15,43,1,11,1,I-270,,416,39.94580556,-82.846097220,0,12,1,0,1,1,1,0,1,1,0,1,0,0000000,99,99,99,99,99,99,0,0,0,1,0
39,390616,2,2,0,0,0,3,3,113,2090,16,9,2011,6,23,30,0,14,6,ST CLAIR ST,2ND ST,0,39.76165833,-84.188650000,0,12,6,0,2,2,1,0,3,1,0,1,0,0000000,23,35,23,38,23,57,0,0,0,1,2
39,390617,1,1,0,0,0,2,2,113,2090,17,9,2011,7,20,45,0,15,6,HOOVER AVE,,0,39.76132222,-84.269175000,0,18,0,0,1,1,1,1,2,1,0,1,0,0000000,20,48,21,1,99,99,0,0,0,1,1
39,390618,1,1,0,0,0,1,1,153,70,14,7,2011,5,21,10,0,16,6,ANNADALE AVE,,0,41.07578333,-81.501336110,0,33,0,0,1,1,4,0,6,1,0,1,0,0000000,21,12,21,15,21,25,0,0,0,1,1
39,390619,2,1,1,0,0,3,3,95,8120,27,8,2011,7,2,29,0,14,6,DETROIT AVE,,0,41.72229722,-83.532252780,0,43,0,0,1,1,5,0,3,1,0,1,0,0000000,2,29,2,43,3,4,20,0,0,2,1
39,390620,1,1,0,0,0,1,1,145,0,27,8,2011,7,20,20,0,4,3,SR-772,,11,38.93123056,-83.228519440,0,34,0,0,1,1,5,0,2,10,0,10,0,0000000,20,21,20,26,99,99,0,0,0,1,1
39,390621,2,2,0,0,0,3,3,103,0,12,9,2011,2,17,10,0,2,3,SR-18,BEACH ST,175,41.13631667,-81.756147220,0,12,6,0,2,2,1,0,1,1,0,1,0,0000000,17,12,17,25,18,0,0,0,0,1,1
39,390622,2,2,0,0,0,3,3,95,0,19,9,2011,2,9,17,0,4,4,NEOWASH RD,JEFFERS RD,0,41.47340000,-83.854780560,0,12,6,0,2,2,1,0,1,2,0,2,0,0000000,9,17,9,33,10,6,0,0,0,2,0
39,390623,1,1,0,0,0,1,1,139,0,20,9,2011,3,18,10,0,3,3,SR-309,,31,40.76657500,-82.667763890,0,34,0,0,1,1,4,0,1,1,0,1,0,0000000,18,14,18,17,18,39,0,0,0,1,0
39,390624,1,1,0,0,0,1,1,133,380,26,9,2011,2,9,57,0,15,6,E MENNDNITE RD,,0,41.29092222,-81.328663890,0,34,0,0,1,1,4,0,1,1,0,1,0,0000000,10,0,10,4,88,88,0,0,0,1,0
39,390625,1,1,0,1,1,1,1,133,1012,27,9,2011,3,14,7,0,6,5,MELOY RD,,0,41.12630556,-81.319600000,0,8,0,0,1,1,1,0,1,1,0,1,0,0000000,14,10,14,14,14,35,0,0,0,1,0
39,390626,2,2,0,0,0,3,3,151,0,13,8,2011,7,17,44,1,2,3,SR-43,,268,40.98537222,-81.338869440,0,12,2,0,1,1,1,0,1,1,0,1,0,0000000,19,6,19,40,88,88,0,0,0,1,1
39,390627,2,2,0,0,0,2,2,151,0,22,8,2011,2,12,3,1,2,2,US-30,NEIMANS AVE,239,40.77391111,-81.234197220,0,12,6,0,2,2,1,0,1,1,0,1,0,0000000,12,5,12,11,12,42,0,0,0,1,0
39,390628,2,2,0,0,0,4,4,35,4870,24,8,2011,4,16,58,0,15,6,RIDGEBURY BLVD,IROQUIOS AVE,0,41.53061944,-81.474266670,0,12,6,0,2,2,1,0,1,1,0,1,0,0000000,16,58,17,2,17,17,0,0,0,1,0
39,390629,1,1,0,1,1,1,1,101,4740,5,9,2011,2,22,30,0,16,6,WILSON AVE,,0,40.59018333,-83.118472220,0,8,0,0,1,1,1,0,2,1,0,1,0,0000000,22,32,22,36,22,52,0,0,0,1,0
39,390630,2,2,0,0,0,3,3,89,0,5,9,2011,2,20,58,1,1,1,I-70,,65,39.94725278,-82.649975000,0,12,1,1,18,1,1,0,2,1,0,1,0,0000000,21,17,21,33,22,12,0,0,0,1,0
39,390631,1,1,0,0,0,1,1,113,8180,8,9,2011,5,14,35,0,15,6,WOLFCREEK PIKE,,0,39.79271111,-84.275780560,0,42,0,0,1,1,4,0,1,2,0,2,0,0000000,14,40,14,46,15,16,0,0,0,1,0
39,390633,1,1,0,0,0,1,1,119,0,9,9,2011,6,20,44,0,6,4,MUTTON RIDGE RD,,0,40.05770833,-81.933375000,0,1,0,0,1,1,1,0,2,10,0,10,0,0000000,88,88,88,88,88,88,0,0,0,1,1
39,390635,1,1,0,0,0,2,2,113,2090,9,9,2011,6,23,49,0,14,6,EDWIN C MOSES BLVD,,0,39.73357778,-84.201783330,0,33,0,0,1,1,4,0,3,1,0,1,0,0000000,23,49,23,54,99,99,0,0,0,1,1
39,390636,3,3,0,0,0,7,7,95,8120,3,9,2011,7,9,28,1,11,1,I-75,LAGRANGE ST,63,41.68747778,-83.549794440,0,12,2,0,1,1,1,0,1,1,0,1,0,0000000,9,28,9,36,10,7,20,0,0,1,0
39,390637,3,3,0,0,0,3,3,61,1610,10,9,2011,7,14,50,0,13,3,SR-264,,111,39.12012222,-84.600327780,0,12,7,0,1,1,1,0,1,1,0,1,0,0000000,14,52,14,56,15,21,0,0,0,1,0
39,390638,2,2,0,0,0,3,3,79,0,12,9,2011,2,15,5,0,2,3,SR-32,PATTONSVILLE RD,131,39.05511667,-82.592038890,0,12,6,0,2,2,1,0,1,1,0,1,0,0000000,99,99,99,99,99,99,0,0,0,1,0
39,390639,2,2,0,1,1,3,3,25,0,14,9,2011,4,20,50,0,3,3,SR-132,,68,39.01858333,-84.206172220,0,15,0,0,4,1,1,0,2,1,0,1,0,0000000,88,88,88,88,88,88,0,0,0,1,0
39,390640,1,1,0,0,0,1,1,157,0,15,9,2011,5,4,23,1,2,2,US-250,,228,40.47992500,-81.448775000,0,23,0,0,1,1,3,0,2,2,0,2,0,0000000,4,26,4,31,4,43,0,0,0,1,0
39,390641,2,2,0,0,0,5,5,159,0,15,9,2011,5,17,29,0,5,4,MIDDLEBURG PLAIN CIT,,0,40.16739722,-83.408116670,0,12,2,0,1,1,1,0,1,1,0,1,0,0000000,17,31,17,42,18,30,0,0,0,1,0
39,390643,2,2,0,0,0,2,2,17,8715,16,9,2011,6,12,36,0,16,6,MULHAUSER RD,,0,39.31681944,-84.475036110,0,12,1,0,1,1,1,0,1,1,0,1,0,0000000,12,38,12,42,13,2,0,0,0,1,0
39,390644,2,2,0,0,0,3,3,5,0,17,9,2011,7,13,2,0,4,2,US-42,SR-302,147,40.91416111,-82.193783330,0,12,6,0,2,2,1,0,1,1,0,1,0,0000000,13,4,13,12,13,34,0,0,0,1,0
39,390645,2,2,0,0,0,2,2,135,0,17,9,2011,7,19,28,0,4,3,SR-503,W ELKTON GIFFORD,10,39.58234167,-84.554558330,0,12,6,0,2,2,1,0,1,1,0,1,0,0000000,19,35,19,37,99,99,0,0,0,1,0
39,390646,1,1,0,0,0,1,1,27,9040,18,9,2011,1,16,42,0,14,2,US-22,,75,39.44520833,-83.854930560,0,30,0,0,1,1,4,0,1,1,0,1,0,0000000,88,88,88,88,88,88,0,0,0,1,1
39,390647,2,2,0,0,0,2,2,155,0,28,8,2011,1,12,13,1,2,3,SR-82,56,217,41.23110000,-80.672125000,0,12,6,1,2,2,1,0,1,10,0,10,0,0000000,12,13,12,17,88,88,0,0,0,1,0
39,390648,2,2,0,0,0,3,3,151,1290,13,9,2011,3,1,40,0,13,3,SR-93,STRAUSSER ST,190,40.89777222,-81.586586110,0,12,6,0,2,2,1,0,2,1,0,1,0,0000000,1,45,1,52,2,22,0,0,0,1,1
39,390649,2,2,0,0,0,2,2,93,3060,23,9,2011,6,15,21,0,4,3,SR-303,,142,41.23795833,-82.070244440,0,12,8,0,1,1,1,0,1,2,0,2,0,0000000,15,21,15,30,16,18,0,0,0,1,0
39,390650,1,1,0,0,0,1,1,155,0,25,9,2011,1,1,50,0,6,5,MT EVERETT RD,,0,41.17671944,-80.602411110,0,11,0,0,1,1,5,0,2,1,0,1,0,0000000,1,50,2,2,88,88,0,0,0,1,0
39,390651,2,2,0,0,0,2,2,89,0,25,9,2011,1,10,18,0,4,4,WATKINS RD,REFUGEE RD,0,39.97015278,-82.645894440,0,12,6,0,2,2,1,0,1,1,0,1,0,0000000,10,18,10,23,10,37,0,0,0,1,0
39,390652,1,1,0,0,0,1,1,25,0,30,9,2011,6,17,0,0,5,4,STARLING RD,,0,38.96847778,-84.058886110,0,53,0,0,1,1,4,0,1,10,0,10,0,0000000,17,2,17,7,88,88,0,0,0,1,0
39,390653,2,2,0,0,0,3,3,113,0,3,10,2011,2,22,55,1,1,1,I-75,,1,39.58960833,-84.240877780,0,12,7,0,1,1,1,0,2,1,0,1,0,0000000,22,55,23,1,23,36,0,0,0,1,0
39,390654,1,1,0,0,0,1,1,45,0,3,10,2011,2,0,30,0,6,5,273,,0,39.82527778,-82.674527780,0,1,0,0,1,1,4,0,2,10,0,10,0,0000000,99,99,99,99,88,88,0,0,0,1,0
39,390655,2,2,0,0,0,3,3,45,0,4,10,2011,3,17,0,0,6,4,LAKE RD,,0,39.71641667,-82.498083330,0,12,2,0,1,1,1,0,1,1,0,1,0,0000000,17,2,17,19,99,99,0,0,0,1,1
39,390656,2,2,0,0,0,2,2,35,6360,15,6,2011,4,23,6,0,13,3,SR-3,,66,41.36912778,-81.734847220,0,12,1,0,1,1,1,0,3,10,0,10,0,0000000,23,14,23,14,23,39,0,0,0,1,0
39,390657,1,1,0,0,0,2,2,119,0,14,8,2011,1,2,50,0,3,3,SR-60,,33,39.80695278,-81.892947220,0,52,0,0,1,1,4,0,2,10,0,10,0,0000000,3,3,3,12,3,55,0,0,0,1,1
39,390658,2,2,0,0,0,2,2,79,0,8,9,2011,5,13,20,1,2,2,US-35,,22,39.16597222,-82.739538890,0,12,2,0,1,1,1,0,1,10,0,10,0,0000000,88,88,88,88,88,88,0,0,0,1,0
39,390659,1,1,0,0,0,1,1,93,0,18,9,2011,1,22,30,0,5,4,ISLAND RD,,0,41.22277778,-82.003519440,0,59,0,0,1,1,4,0,2,99,0,99,0,0000000,88,88,88,88,88,88,0,0,0,1,1
39,390660,1,1,0,1,1,2,2,49,1800,21,9,2011,4,20,30,0,15,6,REFUGEE RD,,0,39.91065833,-82.819575000,0,8,0,0,1,1,1,0,2,10,0,10,0,0000000,20,31,20,37,20,58,0,0,0,1,0
39,390661,3,3,0,0,0,5,5,49,1800,22,9,2011,5,8,54,0,14,6,CLEVELAND AVE,BLENDON WOODS,0,40.09355278,-82.950458330,0,12,6,0,2,2,1,0,1,10,0,10,0,0000000,8,56,9,1,9,18,0,0,0,1,0
39,390662,1,1,0,0,0,1,1,61,0,22,9,2011,5,21,30,1,4,2,US-27,,146,39.26657500,-84.607633330,0,1,0,0,1,1,4,0,2,10,0,10,0,0000000,88,88,88,88,88,88,0,0,0,1,1
39,390663,1,1,0,0,0,2,2,61,1610,25,9,2011,1,4,38,1,11,1,I-75,,96,39.19674167,-84.473105560,0,31,0,1,18,1,4,0,3,10,0,10,0,0000000,99,99,99,99,99,99,0,0,0,1,1
39,390664,2,2,0,0,0,2,2,23,0,26,9,2011,2,4,42,1,1,1,I-70,,18,39.86475556,-84.023266670,0,25,0,1,18,1,3,0,2,2,0,2,0,0000000,4,57,5,7,88,88,0,0,0,1,0
39,390665,1,1,0,0,0,1,1,29,0,29,9,2011,5,0,35,0,6,5,12TH ST,,0,40.88657222,-81.012238890,0,30,0,0,1,1,4,0,2,10,0,10,0,0000000,0,40,0,58,88,88,0,0,0,1,1
39,390666,1,1,0,0,0,1,1,35,2840,6,8,2011,7,1,23,0,13,3,SR-14,,66,41.39080833,-81.534636110,0,30,0,0,1,1,4,0,3,1,0,1,0,0000000,1,26,1,30,88,88,0,0,0,1,1
39,390667,2,2,0,0,0,3,3,35,1680,9,8,2011,3,17,55,0,15,6,LAKEVIEW RD,WHITMORE AVE,0,41.53543889,-81.607905560,0,1,0,0,2,3,1,0,1,10,0,10,0,0000000,17,57,18,0,18,26,0,0,0,1,0
39,390668,2,2,0,0,0,2,2,107,0,16,8,2011,3,13,42,0,6,4,FT RECOVERY MINSTER,ST. PETER RD,0,40.40872500,-84.746388890,0,12,6,0,2,3,1,4,1,1,0,1,0,0000000,13,46,14,7,14,19,0,0,0,1,0
39,390669,1,1,0,1,1,2,2,93,2480,10,9,2011,7,15,49,0,12,2,US-20,E BROAD ST,184,41.33325556,-82.066841670,0,9,0,0,2,2,1,0,1,10,0,10,0,0000000,15,50,15,52,16,8,0,0,0,1,0
39,390670,1,1,0,1,1,1,1,35,2520,26,9,2011,2,19,52,0,14,3,SR-283,,108,41.61658056,-81.513125000,0,8,0,0,1,1,1,0,3,10,0,10,0,0000000,19,57,19,57,20,24,0,0,0,1,0
39,390671,2,2,0,0,0,4,4,57,0,29,9,2011,5,12,0,0,4,6,OLD US 35E,BICKETT RD,0,39.69351667,-83.882761110,0,12,6,0,2,2,1,0,1,1,0,1,0,0000000,12,1,12,11,12,35,0,0,0,1,0
39,390672,2,2,0,1,1,2,2,61,0,2,10,2011,1,2,43,0,6,4,EDGEWOOD RD,,0,39.27950833,-84.764413890,0,8,0,0,1,1,1,0,2,1,0,1,0,0000000,2,43,2,53,3,6,0,0,0,1,0
39,390673,1,1,0,0,0,1,1,109,0,3,10,2011,2,15,18,0,6,4,BROWN RD,,0,40.13073889,-84.278805560,0,34,0,0,1,1,4,0,1,1,0,1,0,0000000,88,88,88,88,88,88,0,0,0,1,1
39,390674,1,1,0,0,0,1,1,109,0,3,10,2011,2,22,20,1,1,1,I-75 RAMP,,41,40.16191944,-84.222780560,0,1,0,1,5,1,4,0,2,1,0,1,0,0000000,22,21,22,27,88,88,0,0,0,1,1
39,390675,2,2,0,0,0,2,2,71,0,30,9,2011,6,13,50,0,4,3,SR-124,,119,39.20738333,-83.624838890,0,12,1,0,1,1,1,0,1,10,0,10,0,0000000,99,99,99,99,99,99,0,0,0,1,0
39,390676,2,2,0,0,0,2,2,35,2840,5,6,2011,1,2,3,1,11,1,I-480,,217,41.42219167,-81.585416670,0,12,1,0,1,1,1,0,3,1,0,1,0,0000000,2,8,2,19,2,42,0,0,0,1,1
39,390677,1,1,0,0,0,2,2,31,0,25,6,2011,7,19,49,0,4,4,16,,0,40.27710278,-81.831836110,0,18,0,0,1,1,5,0,1,1,0,1,0,0000000,19,52,19,54,20,9,0,0,0,1,0
39,390678,2,2,0,0,0,3,3,153,70,6,9,2011,3,18,35,1,11,1,I-77,,103,41.03948333,-81.505013890,0,52,0,1,5,1,5,0,1,10,0,10,0,0000000,18,40,18,50,19,34,0,0,0,1,1
39,390679,2,2,0,0,0,3,3,35,1680,17,9,2011,7,5,5,0,13,3,SR-43,E 141ST ST,0,41.44537222,-81.583988890,0,12,8,0,2,3,1,0,3,1,0,1,0,0000000,5,8,5,18,5,40,0,0,0,1,1
39,390680,1,1,0,0,0,2,2,87,3700,21,9,2011,4,4,9,0,15,6,LAWRENCE ST,,0,38.54055556,-82.680202780,0,24,0,0,1,1,5,0,3,10,0,10,0,0000000,99,99,99,99,99,99,0,0,0,2,0
39,390682,1,1,0,0,0,4,4,17,2535,29,9,2011,5,1,0,0,14,6,SOUTHGATE BLVD,,0,39.33298056,-84.569877780,0,42,0,0,1,1,5,0,3,10,0,10,0,0000000,1,2,1,9,1,53,0,0,0,1,1
39,390683,1,1,0,0,0,1,1,51,0,4,10,2011,3,18,39,1,1,1,I-80,,197,41.59840000,-84.009158330,0,1,0,0,1,1,2,0,1,1,0,1,0,0000000,18,39,18,46,99,99,0,0,0,1,0