STATE,ST_CASE,VE_TOTAL,VE_FORMS,PVH_INVL,PEDS,PERNOTMVIT,PERMVIT,PERSONS,COUNTY,CITY,DAY,MONTH,YEAR,DAY_WEEK,HOUR,MINUTE,NHS,ROAD_FNC,ROUTE,TWAY_ID,TWAY_ID2,MILEPT,LATITUDE,LONGITUD,SP_JUR,HARM_EV,MAN_COLL,RELJCT1,RELJCT2,TYP_INT,REL_ROAD,WRK_ZONE,LGT_COND,WEATHER1,WEATHER2,WEATHER,SCH_BUS,RAIL,NOT_HOUR,NOT_MIN,ARR_HOUR,ARR_MIN,HOSP_HR,HOSP_MN,CF1,CF2,CF3,FATALS,DRUNK_DR
39,390684,2,2,0,0,0,2,2,63,2610,4,10,2011,3,1,30,1,1,1,I-75,,146,41.02141667,-83.683863890,0,12,2,0,1,1,1,0,2,1,0,1,0,0000000,1,33,1,38,99,99,0,0,0,1,0
39,390685,3,3,0,0,0,6,6,57,558,19,8,2011,6,22,23,0,15,6,KEMP RD,CLUBSIDE DR,0,39.75583333,-84.066388890,0,12,8,0,1,1,1,0,2,1,0,1,0,0000000,22,23,22,27,22,56,0,0,0,1,1
39,390686,2,2,0,0,0,6,6,119,0,7,10,2011,6,5,59,0,3,3,SR-146,SR-586,19,40.06420833,-82.157091670,0,12,6,0,2,2,1,0,2,5,0,5,0,0000000,6,1,6,11,6,36,0,0,0,1,0
39,390687,2,2,0,0,0,2,2,15,0,8,10,2011,7,13,59,0,4,4,17A,,0,38.93543889,-83.840719440,0,12,6,0,1,1,1,0,1,1,0,1,0,0000000,13,59,14,7,14,99,0,0,0,1,0
39,390688,2,2,0,0,0,3,3,149,0,8,10,2011,7,17,50,0,6,4,CARDO RD,,0,40.30755556,-84.325111110,0,12,8,0,1,1,1,0,1,1,0,1,0,0000000,99,99,99,99,99,99,0,0,0,1,1
39,390689,1,1,0,0,0,2,2,49,2780,12,10,2011,4,0,50,0,14,6,ALGER RD,,0,40.02144444,-82.934288890,0,42,0,0,1,1,4,0,3,1,0,1,0,0000000,0,52,0,54,1,18,0,0,0,1,1
39,390690,1,1,0,0,0,1,1,113,2090,14,10,2011,6,19,18,1,11,1,I-75,,150,39.77180556,-84.191505560,0,25,0,0,1,1,3,4,5,10,0,10,0,0000000,19,18,19,25,19,45,0,0,0,1,1
39,390692,1,1,0,0,0,1,1,117,0,16,10,2011,1,0,10,0,6,4,115,,0,40.51541111,-82.793411110,0,34,0,0,1,1,5,0,2,1,0,1,0,0000000,0,17,0,23,1,51,0,0,0,1,0
39,390693,1,1,0,0,0,1,1,3,0,17,10,2011,2,23,30,0,5,4,GOMER RD,,0,40.83114167,-84.181725000,0,30,0,0,1,1,4,0,2,1,0,1,0,0000000,23,40,23,47,99,99,0,0,0,1,1
39,390694,1,1,0,0,0,2,2,39,0,18,10,2011,3,13,5,1,2,2,US-24,,105,41.32779722,-84.294505560,0,59,0,0,1,1,4,0,1,10,0,10,0,0000000,99,99,99,99,99,99,0,0,0,2,0
39,390695,2,2,0,1,1,4,4,49,0,23,10,2011,1,19,27,0,13,2,US-62,,108,39.93384444,-83.046169440,0,8,0,0,1,1,1,0,5,1,0,1,0,0000000,19,27,19,31,88,88,0,0,0,1,0
39,390696,2,2,0,0,0,38,38,141,0,5,10,2011,4,15,22,0,3,2,US-50,,86,39.25365833,-83.197747220,0,12,2,0,1,1,1,0,1,1,0,1,1,0000000,15,27,15,34,16,40,0,0,0,1,0
39,390697,1,1,0,1,1,1,1,167,4730,21,6,2011,3,22,12,1,13,3,SR-7,COGSWELL AV,245,39.40620556,-81.419727780,0,9,0,0,2,2,1,0,3,1,0,1,0,0000000,22,13,22,16,22,35,0,0,0,1,0
39,390698,2,2,0,0,0,4,4,35,2840,7,7,2011,5,21,41,1,11,1,I-480,,198,41.41338056,-81.606788890,0,12,1,0,1,1,1,0,3,1,0,1,0,0000000,21,51,21,55,22,20,0,0,0,1,1
39,390699,2,2,0,0,0,3,3,35,1680,18,9,2011,1,19,15,1,11,1,I-71,,127,41.44542222,-81.779480560,0,12,1,0,1,1,1,0,5,10,0,10,0,0000000,19,30,19,38,19,44,0,0,0,1,0
39,390700,2,2,0,0,0,3,3,23,7800,10,10,2011,2,23,20,0,14,6,BECHTLE AVE,,0,39.95304444,-83.828902780,0,12,6,0,4,1,1,0,3,1,0,1,0,0000000,99,99,99,99,99,99,0,0,0,1,0
39,390701,1,1,0,0,0,1,1,169,0,19,10,2011,4,6,28,0,4,4,44,,0,40.86829444,-81.842505560,0,18,0,0,1,1,5,0,2,2,0,2,0,0000000,6,30,6,37,88,88,0,0,0,1,0
39,390702,1,1,0,0,0,2,2,141,0,20,10,2011,5,10,0,0,6,4,175,,0,39.26538056,-83.025638890,0,42,0,0,1,1,4,0,1,2,0,2,0,0000000,10,8,10,25,99,99,0,0,0,1,0
39,390703,2,2,0,0,0,2,2,153,3139,23,10,2011,1,13,51,0,13,3,SR-241,BOETTLER RD,35,40.95924167,-81.465413890,0,12,7,0,2,3,1,0,1,1,0,1,0,0000000,13,52,13,54,88,88,0,0,0,1,0
39,390704,1,1,0,0,0,2,2,129,9000,27,10,2011,5,23,27,0,15,6,S WATER ST,,0,39.57984722,-83.120011110,0,52,0,0,1,1,5,0,3,10,0,10,0,0000000,23,30,23,34,0,19,0,0,0,1,1
39,390705,1,1,0,0,0,1,1,109,0,6,11,2011,1,0,55,0,6,4,LEFEVRE RD,,0,40.03986111,-84.172805560,0,31,0,0,1,1,5,0,3,1,0,1,0,0000000,99,99,99,99,99,99,0,0,0,1,1
39,390706,2,2,0,0,0,5,5,49,0,6,11,2011,1,2,30,0,4,4,S WILSON RD,,0,39.95274722,-83.094955560,0,12,2,0,1,1,1,0,2,1,0,1,0,0000000,2,42,2,45,3,11,0,0,0,3,1
39,390707,2,2,0,0,0,3,3,151,0,2,6,2011,5,20,30,0,4,3,SR-173,PARIS AVE,10,40.90099167,-81.234883330,0,12,6,0,2,2,1,0,1,1,0,1,0,0000000,20,35,20,41,21,26,0,0,0,1,0
39,390708,2,2,0,0,0,5,5,35,8770,20,9,2011,3,20,3,0,14,3,SR-254,SETTLERS RESERVE WAY,17,41.46524167,-81.938525000,0,12,6,0,2,3,1,0,3,1,0,1,0,0000000,20,4,20,10,20,28,0,0,0,1,0
39,390709,3,2,1,0,0,2,2,91,0,4,10,2011,3,8,42,0,5,3,SR-287,,117,40.28365000,-83.558063890,0,12,6,0,1,1,1,0,1,10,0,10,0,0000000,8,43,8,50,9,16,0,0,0,1,0
39,390710,1,1,0,0,0,1,1,171,0,4,10,2011,3,3,48,0,6,4,C,,0,41.45649444,-84.528380560,0,53,0,0,1,1,4,0,2,1,0,1,0,0000000,3,57,4,4,88,88,0,0,0,1,0
39,390711,2,2,0,0,0,5,5,5,0,4,10,2011,3,18,33,1,1,1,I-71,,125,40.89254167,-82.183175000,0,12,7,1,18,1,1,0,1,1,0,1,0,0000000,18,33,18,41,19,3,0,0,0,1,1
39,390712,2,2,0,0,0,4,4,41,0,4,10,2011,3,11,15,0,4,4,AFRICA RD,CHESHIRE RD,0,40.23885000,-82.962655560,0,12,6,0,2,2,1,0,1,10,0,10,0,0000000,11,15,11,18,11,43,0,0,0,1,0
39,390713,2,2,0,0,0,2,2,45,0,5,10,2011,4,21,5,0,6,4,WRIGHT RD,SCHOOL HOUSE RD,0,39.88398889,-82.784386110,0,12,6,0,2,3,1,0,2,1,0,1,0,0000000,21,6,21,11,21,48,0,0,0,1,1
39,390714,3,3,0,0,0,5,5,89,0,6,10,2011,5,20,20,1,2,3,SR-16,,296,40.07468056,-82.252352780,0,12,7,0,1,1,1,0,2,1,0,1,0,0000000,88,88,88,88,88,88,0,0,0,1,1
39,390715,1,1,0,0,0,2,2,17,0,7,10,2011,6,18,20,0,4,4,FRANKLIN TRENTON RD,,0,39.52500556,-84.417175000,0,24,0,0,1,1,4,0,2,1,0,1,0,0000000,99,99,99,99,99,99,0,0,0,1,1
39,390716,1,1,0,0,0,1,1,93,2480,9,10,2011,1,10,18,0,16,6,PARK AVE,,0,41.35758056,-82.094758330,0,33,0,0,1,1,4,0,1,1,0,1,0,0000000,10,18,10,22,10,43,0,0,0,1,0
39,390717,1,1,0,0,0,1,1,35,2840,1,7,2011,6,1,43,1,11,1,I-480,,215,41.42373056,-81.581558330,0,24,0,1,5,1,5,0,3,1,0,1,0,0000000,2,5,2,10,2,43,0,0,0,1,1
39,390718,1,1,0,0,0,1,1,31,0,4,8,2011,5,20,25,0,6,5,381,,0,40.24736667,-82.172413890,0,1,0,0,1,1,4,0,5,1,0,1,0,0000000,20,27,20,46,88,88,0,0,0,1,0
39,390719,1,1,0,0,0,1,1,31,0,7,8,2011,1,16,30,0,4,3,SR-93,,69,40.23730000,-81.728013890,0,24,0,0,1,1,5,0,1,1,0,1,0,0000000,16,30,16,33,17,3,0,0,0,1,0
39,390720,1,1,0,1,1,1,1,157,2240,9,10,2011,1,15,41,0,14,6,N WOOSTER AVE,E 29TH ST,0,40.54828889,-81.493936110,0,8,0,0,1,1,1,0,1,1,0,1,0,0000000,15,41,15,44,16,28,0,0,0,1,0
39,390721,1,1,0,0,0,1,1,103,0,22,10,2011,7,8,20,1,2,2,US-224,,57,41.02661944,-82.064369440,0,34,0,0,1,1,4,0,1,1,0,1,0,0000000,8,26,8,32,88,88,0,0,0,1,0
39,390722,2,2,0,0,0,2,2,47,0,27,10,2011,5,22,8,0,4,4,OLD US-35,,0,39.51563333,-83.413402780,0,12,6,0,1,1,1,0,2,1,0,1,0,0000000,22,10,22,14,88,88,0,0,0,1,1
39,390723,2,2,0,0,0,3,3,83,5410,11,6,2011,7,11,45,0,16,6,YAUGER RD,WOODLAKE TRAIL,0,40.39663333,-82.450505560,0,12,6,0,2,3,1,0,1,10,0,10,0,0000000,11,48,11,54,12,3,0,0,0,1,0
39,390724,1,1,0,1,1,2,2,119,9260,8,10,2011,7,15,34,0,16,6,GENEVA DR,,0,39.96847222,-82.000888890,0,8,0,0,1,1,1,0,1,1,0,1,0,0000000,15,36,15,39,15,47,0,0,0,1,0
39,390725,1,1,0,0,0,1,1,15,10,11,10,2011,3,23,35,0,15,3,SR-41,,7,38.66021389,-83.761438890,0,42,0,0,1,1,4,0,2,2,0,2,0,0000000,23,41,23,48,0,14,0,0,0,1,0
39,390726,1,1,0,0,0,1,1,161,0,15,10,2011,7,2,45,1,2,2,US-30,,48,40.94716667,-84.718288890,0,59,0,0,1,1,3,0,2,1,0,1,0,0000000,2,54,3,5,88,88,0,0,0,1,0
39,390727,1,1,0,0,0,1,1,105,0,15,10,2011,7,12,5,0,4,3,SR-681,,3,39.19368333,-82.154216670,0,35,0,0,1,1,4,0,1,1,0,1,0,0000000,88,88,88,88,88,88,0,0,0,1,0
39,390728,2,2,0,0,0,6,6,95,8120,15,10,2011,7,22,50,1,11,1,I-75,,59,41.68430556,-83.568577780,0,12,2,1,18,1,1,0,3,1,0,1,0,0000000,99,99,99,99,99,99,0,0,0,1,1
39,390729,2,2,0,0,0,3,3,139,0,18,10,2011,3,10,50,0,4,3,SR-98,DINNINGER RD,9,40.94496389,-82.709455560,0,12,6,0,2,2,1,0,1,10,0,10,0,0000000,10,54,11,9,88,88,0,0,0,1,1
39,390730,1,1,0,1,1,1,1,103,0,18,10,2011,3,6,52,0,4,4,W 130TH ST,CRESTVIEW DR,0,41.27366667,-81.785272220,0,8,0,0,2,3,1,0,2,10,0,10,1,0000000,6,55,7,1,7,21,0,0,0,1,0
39,390731,1,1,0,0,0,1,1,89,0,19,10,2011,4,22,30,1,2,3,SR-79,,74,39.98618056,-82.485805560,0,52,0,0,1,1,4,0,2,10,0,10,0,0000000,22,30,22,31,0,41,0,0,0,1,1
39,390732,1,1,0,0,0,3,3,7,0,23,10,2011,1,22,48,0,6,5,PARKER RD,,0,41.53383333,-80.884780560,0,34,0,0,1,1,4,0,2,1,0,1,0,0000000,88,88,88,88,88,88,0,0,0,1,0
39,390733,2,2,0,0,0,3,3,85,4920,10,8,2011,4,23,5,0,14,6,HEISLEY RD,,0,41.68558056,-81.303633330,0,12,2,0,1,1,1,0,3,1,0,1,0,0000000,23,5,23,8,88,88,0,0,0,3,0
39,390734,2,2,0,0,0,5,5,49,1800,19,9,2011,2,14,55,0,13,6,N HIGH ST,HIGHBLUFFS BLVD,0,40.13222222,-83.016708330,0,12,6,0,2,2,1,0,1,2,0,2,0,0000000,15,1,15,4,99,99,0,0,0,1,0
39,390735,1,1,0,0,0,3,3,163,0,23,10,2011,1,21,5,0,4,3,SR-327,,77,39.29624722,-82.744216670,0,35,0,0,1,1,4,0,2,1,0,1,0,0000000,21,7,99,99,99,99,0,0,0,1,1
39,390736,1,1,0,2,2,1,1,113,2090,23,10,2011,1,20,58,1,13,3,SR-4,,134,39.74132222,-84.232819440,0,8,0,0,1,1,1,0,2,10,0,10,0,0000000,88,88,88,88,88,88,0,0,0,1,0
39,390737,3,3,0,0,0,5,5,141,0,24,10,2011,2,11,10,0,3,2,US-50,,85,39.25315833,-83.198941670,0,12,2,0,1,1,1,0,1,10,0,10,0,0000000,11,10,11,23,12,5,0,0,0,1,0
39,390738,2,2,0,0,0,7,7,13,0,24,10,2011,2,7,0,1,1,1,I-70,,143,40.07001389,-80.860788890,0,1,0,1,18,1,3,0,2,10,0,10,0,0000000,7,4,7,12,99,99,0,0,0,1,0
39,390739,2,2,0,0,0,3,3,41,0,25,10,2011,3,10,55,0,4,4,S OLD STATE RD,CHESHIRE RD,0,40.23926111,-82.987272220,0,12,6,0,2,2,1,0,1,1,0,1,0,0000000,99,99,99,99,99,99,0,0,0,1,0
39,390740,1,1,0,1,1,1,1,49,1800,26,10,2011,4,15,47,0,15,6,FRONT ST,,0,39.95176389,-83.000527780,0,8,0,0,1,1,1,0,1,1,0,1,0,0000000,15,48,15,50,15,59,0,0,0,1,0
39,390741,1,1,0,0,0,1,1,23,0,27,10,2011,5,12,45,0,5,5,STINE RD,,0,39.86098056,-83.942911110,0,42,0,0,1,1,5,0,1,2,0,2,0,0000000,88,88,88,88,88,88,0,0,0,1,0
39,390742,2,2,0,0,0,3,3,167,0,27,10,2011,5,14,1,1,1,1,I-77,,84,39.51778056,-81.451969440,0,12,6,1,18,1,1,0,1,10,0,10,0,0000000,14,1,14,17,99,99,0,0,0,1,0
39,390743,1,1,0,1,1,1,1,169,0,28,10,2011,6,17,6,0,6,5,KOHLER RD,,0,40.78853611,-81.755361110,0,8,0,0,1,1,1,0,1,10,0,10,0,0000000,88,88,88,88,88,88,0,0,0,1,0
39,390744,2,2,0,0,0,4,4,51,0,28,10,2011,6,23,45,1,2,2,US-20,SR-109,197,41.67086111,-84.036311110,0,12,6,0,2,2,1,0,2,1,0,1,0,0000000,23,53,23,56,0,37,0,0,0,1,0
39,390745,1,1,0,0,0,2,2,95,0,14,10,2011,6,3,22,1,2,3,SR-2,,329,41.63872778,-83.265036110,0,52,0,0,1,1,5,0,2,10,0,10,0,0000000,3,53,4,7,4,35,0,0,0,1,0
39,390746,3,3,0,0,0,5,5,17,0,21,10,2011,6,16,45,1,2,3,SR-129,,208,39.38215000,-84.454472220,0,12,2,0,1,1,1,0,1,1,0,1,0,0000000,16,52,16,59,17,26,0,0,0,1,0
39,390747,2,2,0,1,1,2,2,49,1800,27,10,2011,5,7,14,0,14,6,CLEVELAND AVE,,0,39.98527778,-82.989166670,0,8,0,0,1,1,1,0,2,2,0,2,0,0000000,7,15,7,18,88,88,0,0,0,1,0
39,390748,2,2,0,0,0,2,2,145,0,28,10,2011,6,15,20,0,4,3,SR-73,SR-239,242,38.75191111,-83.026311110,0,12,6,0,2,3,1,0,1,2,10,2,0,0000000,15,23,15,26,15,44,0,0,0,1,0
39,390749,2,1,1,1,1,1,1,95,0,28,10,2011,6,7,36,1,2,2,US-20,FULTON LUCAS RD,1,41.67169722,-83.879366670,0,8,0,0,2,2,1,0,2,1,0,1,0,0000000,7,36,7,45,99,99,0,0,0,1,0
39,390750,1,1,0,0,0,1,1,57,0,29,10,2011,7,21,10,0,6,5,S RIVER RD,,0,39.79232778,-83.810577780,0,34,0,0,1,1,4,0,2,1,0,1,0,0000000,21,10,21,13,88,88,0,0,0,1,1
39,390751,1,1,0,0,0,1,1,167,0,31,10,2011,2,15,37,0,4,3,SR-555,,169,39.43030556,-81.808169440,0,35,0,0,1,1,4,0,1,1,0,1,0,0000000,15,50,16,11,17,10,0,0,0,1,0
39,390752,2,2,0,0,0,3,3,33,2800,2,9,2011,6,8,20,0,15,3,SR-61,,52,40.74833333,-82.747433330,0,12,6,0,4,1,1,0,1,1,0,1,0,0000000,88,88,88,88,88,88,0,0,0,1,0
39,390753,1,1,0,0,0,1,1,63,0,17,9,2011,7,15,51,0,4,3,SR-186,,15,41.08044444,-83.770413890,0,34,0,0,1,1,4,0,1,1,0,1,0,0000000,15,53,16,0,16,29,0,0,0,1,1
39,390754,2,2,0,0,0,3,3,151,0,7,10,2011,6,22,42,1,11,1,I-77,,166,40.87988889,-81.432463890,0,12,6,1,18,1,1,0,3,1,0,1,0,0000000,22,44,22,52,88,88,0,0,0,1,1
39,390755,1,1,0,1,1,1,1,49,1800,31,10,2011,2,2,43,0,13,2,US-23,,71,39.90470000,-82.995522220,0,8,0,0,1,1,1,0,3,10,0,10,0,0000000,2,50,2,52,3,14,0,0,0,1,0
39,390756,2,2,0,0,0,2,2,95,0,1,11,2011,3,11,46,0,6,4,BRINT RD,WASHBURN RD,0,41.70152778,-83.819619440,0,12,6,0,2,2,1,0,1,1,0,1,0,0000000,88,88,88,88,88,88,0,0,0,1,0
39,390757,1,1,0,0,0,2,2,49,0,3,11,2011,5,19,42,1,1,1,I-270,,22,39.90437500,-83.080266670,0,24,0,1,18,1,4,0,3,1,0,1,0,0000000,19,47,20,7,20,22,0,0,0,1,0
39,390758,1,1,0,1,1,1,1,153,2030,3,11,2011,5,2,18,0,16,6,THEISS RD,,0,41.14471111,-81.551902780,0,8,0,0,1,1,1,0,2,10,0,10,0,0000000,2,19,2,23,88,88,0,0,0,1,1
39,390759,1,1,0,0,0,1,1,41,0,4,11,2011,6,12,10,0,3,3,SR-37,,269,40.20970000,-82.789161110,0,30,0,0,1,1,4,0,1,1,0,1,0,0000000,88,88,88,88,88,88,0,0,0,1,0
39,390760,1,1,0,0,0,1,1,141,0,5,11,2011,7,5,50,0,6,4,BLACK RUN RD,,0,39.29341667,-83.120513890,0,42,0,0,1,1,4,0,2,1,0,1,0,0000000,88,88,88,88,88,88,0,0,0,1,1
39,390761,1,1,0,0,0,1,1,151,0,5,11,2011,7,16,35,0,2,2,US-62 RAMP,,45,40.93938611,-81.106513890,0,24,0,0,5,1,4,0,1,1,0,1,0,0000000,16,41,16,46,17,3,0,0,0,1,0
39,390762,1,1,0,1,1,1,1,49,1800,11,9,2011,1,5,29,0,15,6,CORR RD,,0,39.90916667,-82.985277780,0,8,0,0,1,1,1,0,2,1,0,1,0,0000000,5,30,5,33,5,54,0,0,0,1,0
39,390763,1,1,0,0,0,2,2,35,1680,14,9,2011,4,17,46,0,14,6,ST CLAIR AVE,,0,41.54633056,-81.588825000,0,30,0,0,1,1,5,0,1,10,0,10,0,0000000,17,48,17,55,18,18,0,0,0,1,1
39,390764,1,1,0,1,1,1,1,151,4820,24,9,2011,7,21,58,1,12,3,SR-21,,110,40.75546111,-81.516469440,0,8,0,0,1,1,1,0,2,1,0,1,0,0000000,22,1,22,0,99,99,0,0,0,1,0
39,390765,3,3,0,0,0,3,3,49,1800,3,10,2011,2,21,35,1,11,1,I-70,,242,39.93250000,-82.825555560,0,1,0,0,1,1,1,0,3,10,0,10,0,0000000,21,39,21,49,88,88,0,0,0,2,0
39,390766,2,2,0,0,0,5,5,107,0,15,10,2011,7,11,24,0,3,2,US-127,SR-119,37,40.40728056,-84.571658330,0,12,6,0,2,2,1,0,1,1,0,1,0,0000000,11,26,11,42,11,59,0,0,0,1,0
39,390767,2,2,0,0,0,3,3,41,0,15,10,2011,7,10,53,0,3,2,US-42,,134,40.33736944,-83.002130560,0,12,2,0,1,1,1,0,1,10,0,10,0,0000000,10,58,11,30,12,6,0,0,0,1,0
39,390769,1,1,0,1,1,1,1,129,0,1,11,2011,3,7,2,0,4,3,SR-752,,22,39.72341389,-82.950430560,0,8,0,0,1,1,1,0,2,5,0,5,0,0000000,7,2,7,99,7,24,0,0,0,1,0
39,390770,1,1,0,0,0,1,1,145,0,2,11,2011,4,16,3,0,5,5,248,,0,38.76203056,-82.862000000,0,30,0,0,1,1,4,0,1,10,0,10,0,0000000,16,23,16,45,17,48,0,0,0,1,1
39,390771,1,1,0,1,1,2,2,161,2170,3,11,2011,5,19,0,0,13,6,N MAIN ST,,0,40.84636389,-84.339850000,0,8,0,0,1,1,1,0,3,2,0,2,0,0000000,19,2,19,3,19,27,0,0,0,1,0
39,390772,2,2,0,0,0,3,3,141,0,5,11,2011,7,17,45,0,4,3,SR-104,YELLOWBUD RD,230,39.49475278,-83.029200000,0,12,2,0,2,4,1,0,1,1,0,1,0,0000000,17,49,18,1,18,21,0,0,0,2,2
39,390773,3,3,0,0,0,6,6,61,0,6,11,2011,1,16,39,0,5,4,HARRISON PIKE,,0,39.18770833,-84.652566670,0,12,2,0,1,1,1,0,1,1,0,1,0,0000000,16,39,16,99,16,50,0,0,0,1,0
39,390774,2,2,0,0,0,2,2,37,0,16,11,2011,4,16,8,0,4,3,SR-49,BEAMSVILLE UNION RD,243,40.19279444,-84.682000000,0,12,6,0,2,2,1,0,1,1,0,1,0,0000000,16,10,16,17,16,57,0,0,0,1,0
39,390775,1,1,0,1,1,1,1,49,1800,22,11,2011,3,5,8,1,11,1,I-270,,461,39.90813056,-82.891752780,0,9,0,0,1,1,1,0,2,10,0,10,0,0000000,99,99,99,99,99,99,0,0,0,1,0
39,390776,2,2,0,0,0,2,2,49,0,23,11,2011,4,17,55,0,4,4,WINCHESTER PIKE,,0,39.89658056,-82.875311110,0,12,6,0,1,1,1,0,3,1,0,1,0,0000000,17,57,18,11,18,39,0,0,0,1,0
39,390777,1,1,0,0,0,1,1,153,70,21,8,2011,1,2,30,1,11,1,I-76,,123,41.06350000,-81.491111110,0,25,0,1,18,1,5,0,3,10,0,10,0,0000000,2,34,2,39,3,2,0,0,0,1,1
39,390778,1,1,0,0,0,2,2,45,0,5,11,2011,7,19,0,0,6,4,88,,0,39.66920000,-82.448169440,0,35,0,0,1,1,4,0,1,1,0,1,0,0000000,19,30,19,35,20,14,0,0,0,1,1
39,390779,1,1,0,0,0,1,1,159,0,6,11,2011,1,23,58,0,4,3,SR-739,,194,40.48325833,-83.375627780,0,34,0,0,1,1,4,0,2,10,0,10,0,0000000,0,1,0,13,88,88,0,0,0,1,0
39,390780,2,2,0,0,0,2,2,65,0,7,11,2011,2,18,6,0,4,3,SR-67,,129,40.62536944,-83.647638890,0,12,1,0,4,1,1,0,2,10,0,10,0,0000000,18,6,18,9,88,88,0,0,0,1,0
39,390781,1,1,0,0,0,1,1,113,0,7,11,2011,2,5,40,1,1,1,I-70,,100,39.85338056,-84.369372220,0,35,0,1,5,1,6,0,2,10,0,10,0,0000000,5,40,5,40,88,88,0,0,0,1,0
39,390782,1,1,0,0,0,2,2,11,0,7,11,2011,2,1,20,0,6,5,GLYWOOD RD,,0,40.58102222,-84.409191670,0,52,0,0,1,1,4,0,2,1,0,1,0,0000000,1,26,1,32,1,59,0,0,0,1,1
39,390783,2,2,0,0,0,3,3,41,0,16,11,2011,4,16,11,0,4,4,609,607,0,40.14111667,-83.090791670,0,12,6,0,2,2,1,0,1,1,0,1,0,0000000,16,13,16,15,16,34,0,0,0,2,0
39,390784,1,1,0,1,1,1,1,49,8730,26,9,2011,2,19,57,0,15,6,COOPER RD,,0,40.10906944,-82.941608330,0,8,0,0,1,1,1,0,3,10,0,10,0,0000000,88,88,88,88,88,88,0,0,0,1,0
39,390785,1,1,0,0,0,1,1,35,1680,20,10,2011,5,16,30,1,11,1,I-90,,121,41.46998333,-81.740675000,0,33,0,1,18,1,4,0,1,2,0,2,0,0000000,88,88,88,88,88,88,0,0,0,1,1
39,390786,1,1,0,0,0,2,2,21,0,27,10,2011,5,11,50,0,4,3,SR-29,,322,40.05900833,-83.535933330,0,42,0,0,1,1,4,0,1,2,0,2,0,0000000,11,58,12,2,12,35,0,0,0,1,0
39,390787,1,1,0,0,0,2,2,167,0,30,10,2011,1,3,24,0,6,5,GANTSVILLE RD,,0,39.25385278,-81.720086110,0,42,0,0,1,1,4,0,2,5,0,5,0,0000000,99,99,99,99,99,99,20,0,0,1,1
39,390788,1,1,0,0,0,1,1,29,0,6,11,2011,1,7,52,0,5,4,ROCHESTER RD,,0,40.79780556,-80.994713890,0,34,0,0,1,1,4,0,1,1,0,1,0,0000000,7,59,8,7,99,99,0,0,0,1,0
39,390789,2,2,0,0,0,2,2,133,0,6,11,2011,1,17,43,1,1,1,I-76,,164,41.10606944,-81.092886110,0,11,0,1,18,1,1,0,5,1,0,1,0,0000000,17,48,17,58,88,88,0,0,0,1,0
39,390790,1,1,0,0,0,2,2,113,0,6,11,2011,1,0,2,0,5,4,MAD RIVER RD,,0,39.66572778,-84.178800000,0,42,0,0,1,1,4,0,2,1,0,1,0,0000000,88,88,88,88,88,88,0,0,0,2,0
39,390791,1,1,0,0,0,4,4,99,9230,6,11,2011,1,1,8,0,14,3,SR-289,,23,41.09391667,-80.636161110,0,19,0,0,1,1,5,0,3,10,0,10,0,0000000,88,88,88,88,88,88,0,0,0,1,1
39,390792,2,2,0,0,0,4,4,165,0,7,11,2011,2,9,25,0,4,4,FIELDS ERTEL RD,,0,39.29299722,-84.328450000,0,12,6,0,4,1,1,0,1,10,0,10,0,0000000,9,25,9,25,9,40,0,0,0,1,0
39,390793,2,2,0,0,0,3,3,63,0,8,11,2011,3,10,19,0,6,5,261,226,0,41.15766667,-83.466313890,0,12,6,0,2,2,1,0,1,1,0,1,0,0000000,10,21,10,36,11,5,0,0,0,1,0
39,390794,2,2,0,0,0,2,2,153,70,30,9,2011,6,12,33,0,13,3,SR-59,,25,41.08692500,-81.517741670,0,12,6,0,1,1,1,0,1,2,0,2,0,0000000,12,34,12,40,13,2,0,0,0,1,1
39,390795,3,3,0,0,0,4,4,119,0,25,10,2011,3,16,45,1,2,3,SR-16,,130,40.15479444,-81.973775000,0,12,8,0,1,1,1,0,1,1,0,1,0,0000000,16,51,17,1,17,35,0,0,0,1,0
39,390796,2,2,0,0,0,3,3,139,0,9,11,2011,4,14,24,0,4,3,SR-546,,1,40.55294444,-82.561177780,0,35,0,0,1,1,4,0,1,2,0,2,0,0000000,14,25,14,36,99,99,0,0,0,1,0
39,390797,1,1,0,0,0,1,1,131,0,5,9,2011,2,20,12,0,4,3,SR-124,,72,39.09951389,-83.269491670,0,24,0,0,1,1,4,0,5,10,0,10,0,0000000,88,88,88,88,88,88,0,0,0,1,0
39,390798,1,1,0,1,1,1,1,17,3260,14,10,2011,6,19,17,1,12,3,SR-4,,65,39.37441389,-84.548777780,0,9,0,0,4,1,1,0,3,2,0,2,0,0000000,19,17,19,21,19,45,0,0,0,1,0
39,390799,1,1,0,1,1,2,2,45,4050,15,10,2011,7,2,41,0,14,6,W FAIR AVE,,0,39.72434444,-82.615141670,0,8,0,0,1,1,1,0,2,10,0,10,0,0000000,88,88,88,88,88,88,0,0,0,1,1
39,390800,1,1,0,0,0,1,1,169,0,10,11,2011,5,18,7,0,2,3,SR-3,,104,40.77462778,-81.971058330,0,42,0,0,1,1,4,0,2,1,0,1,0,0000000,88,88,88,88,88,88,0,0,0,1,0
39,390801,1,1,0,0,0,1,1,99,0,14,11,2011,2,18,8,0,6,5,ARREL SMITH RD,,0,41.04588333,-80.567744440,0,35,0,0,1,1,4,0,2,2,0,2,0,0000000,88,88,88,88,88,88,0,0,0,1,0