STATE,ST_CASE,VE_TOTAL,VE_FORMS,PVH_INVL,PEDS,PERNOTMVIT,PERMVIT,PERSONS,COUNTY,CITY,DAY,MONTH,YEAR,DAY_WEEK,HOUR,MINUTE,NHS,ROAD_FNC,ROUTE,TWAY_ID,TWAY_ID2,MILEPT,LATITUDE,LONGITUD,SP_JUR,HARM_EV,MAN_COLL,RELJCT1,RELJCT2,TYP_INT,REL_ROAD,WRK_ZONE,LGT_COND,WEATHER1,WEATHER2,WEATHER,SCH_BUS,RAIL,NOT_HOUR,NOT_MIN,ARR_HOUR,ARR_MIN,HOSP_HR,HOSP_MN,CF1,CF2,CF3,FATALS,DRUNK_DR
39,390802,3,3,0,0,0,5,5,173,0,14,11,2011,2,15,38,0,2,2,US-6,HUFFMAN RD,157,41.35196389,-83.591311110,0,12,6,0,2,2,1,0,1,10,0,10,0,0000000,99,99,99,99,99,99,0,0,0,1,0
39,390803,1,1,0,0,0,1,1,87,0,14,11,2011,2,15,51,0,5,4,SUGAR CREEK JOHNSTOW,,0,38.52696944,-82.567719440,0,31,0,0,1,1,4,0,1,1,0,1,0,0000000,15,51,15,56,88,88,0,0,0,1,1
39,390804,1,1,0,0,0,2,2,49,2780,19,11,2011,7,1,3,0,16,6,HOWLAND DR,,0,40.00588889,-82.845650000,0,53,0,0,1,1,5,0,3,1,0,1,0,0000000,88,88,88,88,88,88,0,0,0,1,1
39,390805,2,2,0,0,0,3,3,113,2090,19,11,2011,7,1,35,0,13,6,WAYNE AVE,WILMINGTON PIKE,0,39.73964444,-84.163097220,0,12,6,0,2,4,1,0,3,10,0,10,0,0000000,1,40,1,45,2,3,0,0,0,2,1
39,390806,2,2,0,0,0,5,5,153,70,19,8,2011,6,21,5,0,15,6,ROMIG RD,,0,41.05034167,-81.580619440,0,12,6,0,4,1,1,0,3,1,0,1,0,0000000,21,11,21,15,21,32,0,0,0,1,1
39,390807,1,1,0,0,0,1,1,157,0,25,9,2011,1,15,34,0,5,4,DOVER ZOAR RD,,0,40.61896944,-81.421011110,0,1,0,0,1,1,4,0,1,10,0,10,0,0000000,15,34,15,38,15,58,0,0,0,1,0
39,390808,1,1,0,0,0,1,1,121,0,28,8,2011,1,1,56,0,6,4,LEXINGTON RIDGE RD,,0,39.78608056,-81.344738890,0,42,0,0,1,1,4,0,2,1,0,1,0,0000000,2,0,2,14,88,88,0,0,0,1,1
39,390809,1,1,0,1,1,5,5,17,3260,13,10,2011,5,13,5,0,14,3,SR-177,,19,39.41115278,-84.578744440,0,8,0,0,1,1,1,0,1,2,0,2,0,0000000,13,5,13,7,13,50,0,0,0,1,0
39,390810,2,2,0,0,0,2,2,151,3382,21,10,2011,6,15,18,0,15,4,MARKET AVE NE,,0,40.97911111,-81.353425000,0,12,2,0,1,1,1,0,1,10,0,10,0,0000000,15,22,15,28,16,3,0,0,0,1,1
39,390811,1,1,0,0,0,1,1,45,6520,29,10,2011,7,5,24,0,15,6,LONG RD,,0,39.89636944,-82.794858330,0,53,0,0,1,1,4,0,2,10,0,10,0,0000000,88,88,88,88,88,88,0,0,0,1,1
39,390812,1,1,0,0,0,5,5,25,0,10,11,2011,5,23,4,0,6,4,TWIN BRIDGES RD,,0,39.03600833,-84.044130560,0,24,0,0,1,1,4,0,2,1,0,1,0,0000000,23,27,0,4,0,41,0,0,0,1,0
39,390813,1,1,0,0,0,3,3,101,0,13,11,2011,1,2,41,0,4,4,MARION EDISON RD,,0,40.56389444,-83.061872220,0,34,0,0,1,1,4,0,2,1,0,1,0,0000000,2,41,2,41,3,14,0,0,0,1,1
39,390814,1,1,0,0,0,1,1,29,0,13,11,2011,1,1,40,1,2,2,US-30,,48,40.74133056,-81.000058330,0,32,0,0,1,1,4,0,2,1,0,1,0,0000000,88,88,88,88,88,88,0,0,0,1,1
39,390815,1,1,0,0,0,2,2,143,0,17,11,2011,5,18,6,1,2,2,US-20,,242,41.31965000,-83.011166670,0,30,0,0,1,1,4,0,2,10,0,10,0,0000000,18,8,18,12,99,99,0,0,0,1,0
39,390816,1,1,0,0,0,1,1,61,0,20,11,2011,1,20,35,0,6,5,RIDGEWOOD AVE,,0,39.18905278,-84.436472220,0,53,0,0,1,1,4,0,3,2,0,2,0,0000000,20,41,20,47,21,22,0,0,0,1,1
39,390817,2,2,0,0,0,2,2,49,1800,20,11,2011,1,19,9,0,14,6,WOODCREST RD,IVYHURST DR,0,39.94174722,-82.854588890,0,12,6,0,2,2,1,0,3,2,0,2,0,0000000,19,13,19,18,19,31,0,0,0,1,1
39,390818,2,2,0,0,0,2,2,157,0,7,11,2011,2,14,45,0,3,3,SR-800,,2,40.30438889,-81.288411110,0,12,2,0,1,1,1,0,1,1,0,1,0,0000000,14,47,15,0,16,25,0,0,0,1,0
39,390819,6,6,0,0,0,6,6,151,0,15,11,2011,3,18,50,1,11,1,I-77,,164,40.87695278,-81.431005560,0,12,1,1,18,1,1,0,3,10,0,10,0,0000000,18,58,19,6,19,26,0,0,0,1,1
39,390820,2,2,0,1,1,4,4,25,0,21,11,2011,2,12,25,0,5,3,SR-132,,10,39.05742778,-84.195483330,0,12,7,0,1,1,1,0,1,2,0,2,0,0000000,12,36,12,47,13,6,0,0,0,1,1
39,390821,1,1,0,1,1,1,1,165,5010,22,11,2011,3,5,32,1,11,1,I-75 RAMP,SR-122,43,39.49241944,-84.324958330,0,8,0,1,5,1,1,1,2,2,0,2,0,0000000,88,88,88,88,88,88,0,0,0,1,0
39,390822,1,1,0,0,0,1,1,89,1110,23,11,2011,4,2,10,0,15,3,SR-79,,21,40.01874444,-82.449844440,0,34,0,0,1,1,4,0,2,1,0,1,0,0000000,88,88,88,88,88,88,0,0,0,1,1
39,390823,1,1,0,1,1,1,1,69,0,23,11,2011,4,18,24,0,2,3,SR-6,,242,41.37112778,-83.962769440,0,8,0,0,1,1,1,0,2,1,0,1,0,0000000,88,88,88,88,88,88,0,0,0,1,0
39,390824,2,2,0,0,0,3,3,109,0,23,11,2011,4,7,10,0,4,4,25A,FARRINGTON RD,0,40.10790000,-84.232311110,0,12,6,0,2,2,1,0,1,10,0,10,0,0000000,7,18,7,25,7,46,0,0,0,1,0
39,390825,1,1,0,0,0,1,1,129,0,25,11,2011,6,7,31,0,4,3,SR-56,,293,39.51418333,-82.794586110,0,30,0,0,1,1,4,0,1,1,0,1,0,0000000,7,33,7,51,8,9,0,0,0,1,0
39,390826,1,1,0,1,1,1,1,17,6310,25,11,2011,6,17,37,1,13,2,US-27,,170,39.51389444,-84.752127780,0,8,0,0,1,1,1,0,5,1,0,1,0,0000000,88,88,88,88,88,88,0,0,0,1,0
39,390827,2,2,0,0,0,4,4,23,0,27,11,2011,1,14,20,0,4,2,US-40,SR-571,20,39.91083889,-84.009261110,0,12,6,0,2,2,1,0,1,2,0,2,0,0000000,14,25,14,28,15,4,0,0,0,1,0
39,390828,2,2,0,0,0,4,4,149,0,9,8,2011,3,12,0,0,6,4,BOTKINS RD,MORRIS ROSE RD,0,40.46828889,-84.016172220,0,12,8,1,2,2,1,0,1,1,0,1,0,0000000,12,3,12,13,13,25,0,0,0,1,0
39,390829,2,2,0,0,0,3,3,85,0,12,8,2011,6,14,6,0,5,4,CONCORD HAMBDEN RD,,0,41.64624444,-81.183205560,0,1,0,0,1,1,1,0,1,1,0,1,0,0000000,14,7,14,12,14,52,0,0,0,1,0
39,390830,1,1,0,0,0,1,1,91,0,14,9,2011,4,6,51,0,5,4,142,,0,40.35916944,-83.552675000,0,34,0,0,1,1,4,0,2,10,0,10,0,0000000,6,50,6,56,88,88,0,0,0,1,0
39,390831,1,1,0,1,1,1,1,35,0,17,10,2011,2,19,2,0,5,4,COOK,,0,41.38385833,-81.952861110,0,8,0,0,1,1,1,0,5,10,0,10,0,0000000,99,99,99,99,99,99,0,0,0,1,0
39,390832,3,3,0,0,0,4,4,153,0,18,11,2011,6,16,53,0,2,3,SR-93,,77,41.01989444,-81.550136110,0,12,2,0,1,1,1,0,5,1,0,1,0,0000000,17,4,17,11,17,46,0,0,0,1,0
39,390833,1,1,0,0,0,3,3,113,2090,28,11,2011,2,6,0,1,11,1,I-75,,134,39.68747778,-84.229100000,0,52,0,1,18,1,4,0,3,2,0,2,0,0000000,6,2,6,11,6,32,0,0,0,1,1
39,390834,2,2,0,0,0,4,4,173,0,29,11,2011,3,15,55,0,4,3,SR-105,,40,41.39206111,-83.552211110,0,12,2,0,1,1,1,0,1,2,0,2,0,0000000,99,99,99,99,99,99,0,0,0,1,0
39,390835,2,2,0,0,0,4,4,3,0,30,11,2011,4,6,32,1,1,1,I-75,,87,40.75498611,-84.075377780,0,12,6,1,18,1,1,0,2,10,0,10,0,0000000,6,36,6,39,7,26,0,0,0,1,0
39,390836,2,1,1,0,1,2,3,91,610,30,11,2011,4,8,26,1,12,2,US-33,,174,40.36837222,-83.729527780,0,14,0,0,5,1,2,0,1,10,0,10,0,0000000,8,26,8,32,8,50,0,0,0,1,0
39,390837,2,2,0,0,0,3,3,91,0,30,11,2011,4,8,7,0,5,3,SR-235,,203,40.51445000,-83.912955560,0,12,2,0,1,1,1,0,1,10,0,10,0,0000000,99,99,99,99,99,99,0,0,0,1,0
39,390838,2,2,0,0,0,2,2,11,0,1,12,2011,5,6,14,0,4,3,SR-66,SR-219,81,40.49432222,-84.376822220,0,12,6,0,2,2,1,0,2,1,0,1,0,0000000,6,19,6,25,6,41,0,0,0,1,0
39,390839,1,1,0,0,0,1,1,89,0,1,12,2011,5,12,30,0,4,3,SR-661,,41,40.11415556,-82.518266670,0,52,0,0,1,1,4,0,1,1,0,1,0,0000000,99,99,99,99,99,99,0,0,0,1,0
39,390840,1,1,0,0,0,2,2,145,0,1,12,2011,5,17,11,0,6,5,DEVER BRANCH RD,,0,38.93238889,-82.898111110,0,32,0,0,4,1,4,0,5,10,0,10,0,0000000,17,11,17,18,18,15,0,0,0,1,0
39,390841,1,1,0,0,0,1,1,157,0,2,12,2011,6,9,10,0,4,4,STONECREEK RD,,0,40.39418333,-81.558191670,0,34,0,0,1,1,4,0,1,1,0,1,0,0000000,9,13,9,24,88,88,0,0,0,1,1
39,390842,2,2,0,0,0,3,3,17,5140,20,10,2011,5,10,23,0,14,3,SR-129,,116,39.40608056,-84.609872220,0,12,2,0,1,1,1,0,1,2,0,2,0,0000000,99,99,99,99,99,99,0,0,0,1,0
39,390843,1,1,0,0,0,2,2,121,0,24,10,2011,2,21,45,0,6,5,105,,0,39.84461111,-81.568244440,0,3,0,0,1,1,5,0,6,98,0,98,0,0000000,99,99,99,99,88,88,0,0,0,2,0
39,390844,2,2,0,0,0,3,3,63,0,31,10,2011,2,12,24,0,3,2,US-68,,98,40.96238333,-83.650513890,0,12,6,0,1,1,1,0,1,10,0,10,0,0000000,12,28,12,34,12,55,0,0,0,1,0
39,390845,1,1,0,0,0,1,1,103,0,6,11,2011,1,1,35,0,5,4,S MEDINA LINE RD,,0,41.08877778,-81.687405560,0,10,0,0,6,1,1,0,2,1,0,1,0,002103g,1,36,1,45,99,99,0,0,0,1,1
39,390846,1,1,0,0,0,1,1,107,0,9,11,2011,4,17,22,0,6,4,CELINA MENDON RD,,0,40.64060000,-84.532397220,0,34,0,0,1,1,5,0,5,6,0,6,0,0000000,17,24,17,33,17,59,0,0,0,1,0
39,390847,2,1,1,1,1,1,1,35,970,10,11,2011,5,10,35,1,11,1,I-77,,28,41.31128889,-81.648566670,0,8,0,1,18,1,2,1,1,1,0,1,0,0000000,10,37,10,43,11,19,0,0,0,1,0
39,390848,2,2,0,0,0,3,3,95,8120,13,11,2011,1,14,22,0,13,2,US-24,W SYLVANIA AVE,278,41.69300556,-83.552102780,0,12,6,0,2,2,1,0,1,10,0,10,0,0000000,14,23,14,30,14,53,0,0,0,1,0
39,390849,1,1,0,0,0,1,1,153,0,14,11,2011,2,13,25,0,4,3,SR-532,,9,41.04465556,-81.393180560,0,34,0,0,1,1,5,0,1,1,0,1,0,0000000,13,30,13,36,14,6,0,0,0,1,0
39,390850,2,2,0,0,0,4,4,171,0,14,11,2011,2,15,1,1,1,1,I-80,,185,41.60590833,-84.450386110,0,12,6,1,18,1,1,0,1,2,0,2,0,0000000,15,1,15,13,99,99,0,0,0,3,0
39,390851,2,2,0,0,0,4,4,83,0,15,11,2011,3,17,4,0,6,4,5,,0,40.49131111,-82.485969440,0,12,2,0,1,1,1,0,5,1,0,1,0,0000000,17,16,17,41,18,21,0,0,0,1,0
39,390852,1,1,0,1,1,1,1,99,0,17,11,2011,5,17,20,0,4,4,18,,0,41.09921944,-80.955755560,0,9,0,0,1,1,1,0,5,1,0,1,0,0000000,17,23,17,27,88,88,0,0,0,1,0
39,390853,2,2,0,0,0,3,3,117,0,17,11,2011,5,19,0,0,4,3,SR-314,,116,40.50181389,-82.675094440,0,12,8,0,1,1,1,0,2,1,0,1,0,0000000,19,0,19,99,19,35,0,0,0,1,1
39,390854,2,2,0,0,0,2,2,7,0,18,11,2011,6,21,19,0,4,3,SR-193,,106,41.65233333,-80.667019440,0,12,7,0,1,1,1,0,2,1,0,1,0,0000000,21,17,21,33,88,88,19,0,0,2,1
39,390855,2,2,0,0,0,3,3,155,0,3,12,2011,7,18,15,0,2,3,SR-45,,132,41.31360556,-80.850922220,0,12,2,0,1,1,1,0,2,1,0,1,0,0000000,18,20,18,34,19,14,0,0,0,1,0
39,390856,1,1,0,0,0,2,2,121,0,7,12,2011,4,15,36,0,4,3,SR-145,,39,39.62694722,-82.178702780,0,34,0,0,1,1,4,0,1,2,0,2,0,0000000,15,38,16,5,16,33,0,0,0,1,0
39,390857,3,3,0,0,0,5,5,61,3680,8,12,2011,5,16,35,1,1,1,I-275,,511,39.25261944,-84.324247220,0,12,7,1,18,1,1,0,1,10,0,10,0,0000000,16,42,17,1,17,17,0,0,0,1,0
39,390858,2,2,0,0,0,2,2,145,0,9,12,2011,6,8,32,0,4,3,SR-125,ODLE CREEK RD,99,38.70248611,-83.115102780,0,12,2,0,2,3,1,0,1,1,0,1,0,0000000,8,37,8,44,88,88,0,0,0,1,0
39,390859,2,2,0,0,0,3,3,37,0,13,12,2011,3,13,44,0,6,5,RICHMOND PALESTINE,RUSH RD,0,39.96766111,-84.746922220,0,12,6,0,2,2,1,0,1,1,0,1,0,0000000,13,45,13,50,14,20,0,0,0,2,0
39,390860,1,1,0,1,1,1,1,113,6990,15,12,2011,5,15,49,0,15,6,VALLEY ST,,0,39.80260278,-84.121755560,0,8,0,0,1,1,2,0,1,2,0,2,0,0000000,15,50,15,53,16,10,0,0,0,1,0
39,390861,3,3,0,0,0,4,4,61,1610,20,12,2011,3,11,10,1,11,1,I-71,,53,39.14328611,-84.470077780,0,12,7,1,18,1,1,0,1,10,0,10,0,0000000,88,88,88,88,88,88,0,0,0,1,0
39,390862,2,2,0,1,1,5,5,113,1670,20,12,2011,3,17,51,0,13,3,SR-48,,190,39.83336111,-84.252872220,0,8,0,0,1,1,1,0,2,2,0,2,0,0000000,88,88,88,88,88,88,0,0,0,1,0
39,390863,1,1,0,1,1,2,2,49,0,27,12,2011,3,22,32,1,2,3,SR-161,,152,40.08191944,-82.916000000,0,8,0,0,1,1,1,0,3,2,0,2,0,0000000,22,34,22,39,23,6,0,0,0,1,0
39,390864,1,1,0,1,1,1,1,113,3895,30,10,2011,1,14,47,0,13,6,W DOROTHY LANE,,0,39.70794722,-84.196311110,0,8,0,0,1,1,1,0,1,1,0,1,0,0000000,14,48,14,59,15,10,0,0,0,1,0
39,390865,2,2,0,0,0,4,4,123,0,7,11,2011,2,22,14,0,4,3,SR-269,PORT CLINTON EASTERN,26,41.51319444,-82.829294440,0,12,6,0,2,2,1,0,3,1,0,1,0,0000000,22,15,22,20,88,88,0,0,0,1,0
39,390866,1,1,0,0,0,1,1,137,0,19,11,2011,7,5,21,0,3,3,SR-65,,31,40.94723611,-84.055544440,0,34,0,0,1,1,4,0,2,1,0,1,0,0000000,5,24,5,30,88,88,0,0,0,1,1
39,390867,1,1,0,0,0,1,1,99,0,27,11,2011,1,2,30,1,1,1,I-680,,106,41.04034167,-80.630775000,0,35,0,1,18,1,3,0,2,1,0,1,0,0000000,88,88,88,88,88,88,0,0,0,1,1
39,390868,2,2,0,0,0,2,2,133,0,4,12,2011,1,16,55,1,2,3,SR-5,,134,41.18001111,-81.044119440,0,12,2,0,1,1,1,0,5,1,0,1,0,0000000,88,88,88,88,88,88,0,0,0,2,0
39,390869,2,2,0,0,0,2,2,95,0,5,12,2011,2,20,45,0,2,3,SR-2,,53,41.60366389,-83.784583330,0,12,2,0,1,1,1,0,3,4,0,4,0,0000000,20,49,20,59,21,36,0,0,0,1,0
39,390870,3,3,0,0,0,5,5,7,0,6,12,2011,3,17,49,0,4,3,SR-534,SR-166,116,41.66147500,-80.953663890,0,12,6,0,2,2,1,0,2,2,0,2,0,0000000,17,56,18,6,18,55,0,0,0,2,0
39,390871,1,1,0,0,0,3,3,29,0,12,12,2011,2,21,41,0,6,5,DYKE RD,,0,40.76258611,-80.577561110,0,42,0,0,1,1,4,0,2,1,0,1,0,0000000,21,45,21,57,88,88,0,0,0,3,1
39,390872,1,1,0,0,0,1,1,13,0,14,12,2011,4,99,99,0,3,3,SR-800,,130,40.01739167,-81.159358330,0,24,0,0,1,1,4,0,1,1,0,1,0,0000000,13,2,13,5,88,88,0,0,0,1,0
39,390873,2,2,0,0,0,5,5,139,0,17,12,2011,7,13,41,1,2,3,SR-13,,18,40.57561667,-82.527611110,0,12,6,0,1,1,1,0,1,4,0,4,0,0000000,13,47,13,58,14,34,0,0,0,2,0
39,390874,3,3,0,0,0,4,4,113,6990,12,8,2011,6,17,23,1,13,3,SR-202,NEEDMORE RD,52,39.82241111,-84.145386110,0,12,8,0,3,1,1,0,1,1,0,1,0,0000000,99,99,99,99,99,99,0,0,0,1,0
39,390875,1,1,0,0,0,3,3,113,6990,22,9,2011,5,18,6,0,13,6,NEEDMORE RD,,0,39.82073056,-84.138569440,0,43,0,0,1,1,5,0,1,1,0,1,0,0000000,99,99,99,99,99,99,0,0,0,1,0
39,390876,1,1,0,0,0,1,1,77,0,19,11,2011,7,0,53,0,4,3,SR-61,,103,41.13544167,-82.657441670,0,34,0,0,1,1,4,0,2,1,0,1,0,0000000,0,53,1,7,88,88,0,0,0,1,1
39,390877,1,1,0,0,0,3,3,173,6490,20,11,2011,1,3,8,1,11,1,I-75,,261,41.54163333,-83.612186110,0,1,0,0,1,1,3,0,3,10,0,10,0,0000000,3,8,3,25,3,56,0,0,0,1,0
39,390878,2,2,0,0,0,2,2,93,0,22,11,2011,3,15,7,0,4,4,RUSSIA RD,,0,41.33779167,-82.205552780,0,12,2,0,1,1,1,0,1,10,0,10,0,0000000,15,7,15,11,16,14,0,0,0,1,0
39,390879,1,1,0,0,0,1,1,133,380,24,11,2011,5,13,20,0,6,4,WINCHELL RD,,0,41.33750000,-81.310719440,0,42,0,0,1,1,4,0,1,1,0,1,0,0000000,13,23,13,29,88,88,0,0,0,1,0
39,390880,1,1,0,0,0,1,1,173,0,26,11,2011,7,21,31,0,5,4,MERCER RD,,0,41.44508333,-83.628919440,0,53,0,0,1,1,5,0,2,10,0,10,0,0000000,20,41,20,50,22,20,0,0,0,1,1
39,390881,1,1,0,0,0,3,3,125,0,27,11,2011,1,2,10,0,6,4,178,,0,41.18003889,-84.394155560,0,34,0,0,1,1,4,0,2,2,0,2,0,0000000,2,39,2,48,3,27,0,0,0,1,1
39,390882,1,1,0,0,0,1,1,27,0,27,11,2011,1,1,16,0,6,4,16,,0,39.49666667,-83.888891670,0,34,0,0,1,1,4,0,2,10,0,10,0,0000000,1,21,1,29,88,88,0,0,0,1,1
39,390883,2,2,0,0,0,2,2,113,0,18,11,2011,6,17,52,0,2,3,SR-48,,304,39.55311944,-84.164738890,0,12,2,0,1,1,1,0,2,10,0,10,0,0000000,17,52,17,57,18,26,0,0,0,1,1
39,390884,1,1,0,1,1,1,1,173,920,29,11,2011,3,18,43,0,14,3,SR-25,,118,41.40007222,-83.652119440,0,8,0,0,1,1,1,0,2,2,0,2,0,0000000,18,43,18,50,19,23,0,0,0,1,0
39,390885,2,2,0,0,0,4,4,151,0,18,12,2011,1,17,15,0,3,3,SR-183,,92,40.78500000,-81.091744440,0,12,2,0,1,1,1,0,5,1,0,1,0,0000000,19,8,19,46,20,35,0,0,0,1,1
39,390886,2,2,0,0,0,2,2,39,0,22,12,2011,5,20,7,0,4,3,SR-15,,14,41.41513333,-84.539000000,0,12,2,0,1,1,1,0,2,2,0,2,0,0000000,20,13,20,28,21,27,0,0,0,1,0
39,390887,1,1,0,0,0,1,1,139,0,24,12,2011,7,2,25,0,4,3,SR-97,,143,40.60947222,-82.484394440,0,59,0,0,1,1,4,0,2,1,0,1,0,0000000,88,88,88,88,88,88,0,0,0,1,1
39,390888,1,1,0,0,0,5,5,93,6025,25,12,2011,1,2,19,0,14,6,BAGLEY RD,,0,41.37055556,-81.987786110,0,31,0,0,1,1,4,0,3,10,0,10,0,0000000,99,99,99,99,99,99,0,0,0,2,1
39,390889,1,1,0,0,0,2,2,51,0,25,12,2011,1,20,19,0,6,5,BIRDSONG LANE,,0,41.52773889,-83.905163890,0,42,0,0,1,1,4,0,2,1,0,1,0,0000000,20,20,20,30,21,25,0,0,0,1,0
39,390890,1,1,0,0,0,3,3,25,0,29,12,2011,5,21,40,0,6,4,116,,0,39.13488056,-84.186669440,0,42,0,0,1,1,4,0,2,1,0,1,0,0000000,22,32,22,49,23,12,0,0,0,2,0
39,390892,1,1,0,0,0,1,1,49,1800,10,10,2011,2,22,5,1,11,1,I-270,,305,40.08216389,-82.906383330,0,24,0,1,5,1,4,0,3,10,0,10,0,0000000,88,88,88,88,88,88,0,0,0,1,0
39,390893,1,1,0,0,0,2,2,49,1800,8,11,2011,3,10,50,0,16,6,BILLITER BLVD,,0,40.00535556,-82.967705560,0,38,0,0,1,1,5,0,1,1,0,1,0,0000000,10,53,11,1,11,26,0,0,0,1,0
39,390894,1,1,0,0,0,2,2,61,0,17,12,2011,7,12,35,0,6,5,STEVIE LANE,,0,39.20136111,-84.591122220,0,30,0,0,4,1,4,0,1,1,0,1,0,0000000,99,99,99,99,99,99,0,0,0,1,0
39,390895,2,2,0,0,0,4,4,139,0,29,12,2011,5,17,50,1,2,2,US-30,,175,40.78375833,-82.407569440,0,12,7,0,1,1,1,0,2,1,0,1,0,0000000,17,55,18,12,18,51,0,0,0,1,0
39,390896,1,1,0,0,0,2,2,165,0,30,12,2011,6,19,15,0,6,4,LYTLE FERRY RD,,0,39.57073056,-84.118255560,0,34,0,0,1,1,4,0,2,2,0,2,0,0000000,88,88,88,88,88,88,0,0,0,2,0
39,390897,2,2,0,0,0,4,4,95,0,30,12,2011,6,15,53,0,4,4,SYLVANIA AVE,MURD RD,0,41.68681111,-83.800488890,0,12,6,0,2,2,1,0,1,2,0,2,0,0000000,15,53,16,1,17,16,0,0,0,1,0
39,390898,3,1,2,2,2,1,1,49,1800,30,12,2011,6,13,14,1,11,1,I-70,,194,39.93152500,-82.913652780,0,14,0,1,18,1,3,0,1,10,0,10,0,0000000,13,16,13,21,13,49,23,0,0,1,0
39,390899,1,1,0,0,0,2,2,89,0,31,12,2011,7,17,32,1,1,1,I-70,,287,39.94102778,-82.235438890,0,24,0,1,18,1,4,0,2,1,0,1,0,0000000,17,33,17,48,18,38,0,0,0,1,0
39,390900,2,2,0,0,0,4,4,153,70,9,9,2011,6,22,52,0,16,6,LEY DR,WATERLOO RD,0,41.02871111,-81.537088890,0,12,2,0,2,3,1,0,3,1,0,1,0,0000000,23,2,23,6,23,26,0,0,0,2,1
39,390901,1,1,0,0,0,1,1,3,0,12,9,2011,2,23,23,0,5,4,93,,0,40.79645833,-84.175891670,0,34,0,0,1,1,4,0,2,1,0,1,0,0000000,99,99,99,99,88,88,0,0,0,1,1
39,390902,2,2,0,0,0,2,2,49,1800,21,10,2011,6,21,17,0,14,6,REFUGEE RD,NATHANIEL BLVD,0,39.91509722,-82.871813890,0,12,6,0,2,2,1,0,3,1,0,1,0,0000000,99,99,99,99,99,99,0,0,0,1,0
39,390903,1,1,0,0,0,1,1,35,1680,23,10,2011,1,20,10,0,16,6,E 116TH ST,,0,41.47449167,-81.602780560,0,30,0,0,1,1,4,0,3,1,0,1,0,0000000,20,10,20,13,21,4,0,0,0,1,0
39,390904,1,1,0,1,1,2,2,25,0,29,10,2011,7,22,49,1,2,3,SR-125,,39,39.04861111,-84.247222220,0,8,0,0,1,1,1,0,2,1,0,1,0,0000000,22,57,23,1,23,22,0,0,0,1,0
39,390905,1,1,0,0,0,1,1,153,0,12,11,2011,7,9,56,0,6,4,TRUXELL RD,,0,41.22360000,-81.538808330,0,42,0,0,1,1,5,0,1,1,0,1,0,0000000,99,99,99,99,88,88,0,0,0,1,1
39,390906,3,3,0,0,0,4,4,5,310,12,11,2011,7,11,19,1,2,2,US-42,E MAIN ST,181,40.86340556,-82.287994440,0,12,8,0,2,2,1,0,1,10,0,10,0,0000000,11,27,11,42,11,58,0,0,0,1,0
39,390907,1,1,0,0,0,1,1,35,7610,19,11,2011,7,2,10,1,12,2,US-422,,178,41.40025278,-81.457172220,0,24,0,0,1,1,3,0,2,1,0,1,0,0000000,2,14,2,19,88,88,0,0,0,1,1
39,390908,1,1,0,1,1,1,1,149,0,22,11,2011,3,17,39,0,4,3,SR-47,,168,40.29671944,-84.140838890,0,8,0,0,1,1,1,0,2,2,0,2,0,0000000,17,40,17,44,17,52,0,0,0,1,0
39,390909,2,2,0,1,1,4,4,59,0,26,11,2011,7,18,25,1,1,1,I-77,,158,40.11586944,-81.559519440,0,8,0,0,1,1,1,0,2,1,0,1,0,0000000,99,99,99,99,88,88,0,0,0,1,0
39,390911,1,1,0,0,0,2,2,13,0,28,11,2011,2,15,35,0,4,4,10,,0,40.11297500,-81.011197220,0,11,0,0,1,1,5,0,1,10,0,10,0,0000000,15,38,15,39,16,10,0,0,0,1,0
39,390912,2,2,0,0,0,2,2,97,0,28,11,2011,2,22,19,0,3,2,US-42,,213,40.05444444,-83.293055560,0,12,8,0,1,1,1,0,3,2,0,2,0,0000000,22,34,22,41,23,22,0,0,0,1,0
39,390913,1,1,0,1,1,1,1,155,0,29,11,2011,3,18,3,0,15,4,142,506,0,41.26598056,-80.833122220,0,8,0,0,2,2,1,0,2,10,0,10,0,0000000,99,99,99,99,99,99,0,0,0,1,0
39,390914,1,1,0,0,0,1,1,63,0,30,11,2011,4,7,31,0,6,4,139,,0,41.13485556,-83.707583330,0,42,0,0,1,1,5,0,1,99,0,99,0,0000000,8,11,99,99,99,99,0,0,0,1,1
39,390915,1,1,0,1,1,1,1,49,1800,26,11,2011,7,2,0,0,15,6,HOLT RD,,0,39.90125556,-83.119255560,0,8,0,0,1,1,1,0,2,1,0,1,0,0000000,88,88,88,88,88,88,0,0,0,1,0
39,390916,1,1,0,0,0,2,2,49,1800,17,12,2011,7,7,39,0,14,6,ALUM CREEK DR,,0,39.91331111,-82.929000000,0,42,0,0,1,1,4,0,1,1,0,1,0,0000000,7,43,7,49,8,17,0,0,0,1,0
39,390917,1,1,0,0,0,3,3,107,0,14,10,2011,6,1,43,0,3,2,US-127,60,57,40.43628889,-84.571600000,0,35,0,0,1,1,4,0,2,2,0,2,0,0000000,1,46,1,49,99,99,0,0,0,1,0
39,390918,1,1,0,0,0,1,1,155,2950,23,11,2011,4,15,7,1,11,1,I-711,,9,41.14423333,-80.677616670,0,30,0,0,1,1,3,0,1,1,0,1,0,0000000,15,9,15,17,15,38,0,0,0,1,0