STATE,ST_CASE,VE_TOTAL,VE_FORMS,PVH_INVL,PEDS,PERNOTMVIT,PERMVIT,PERSONS,COUNTY,CITY,DAY,MONTH,YEAR,DAY_WEEK,HOUR,MINUTE,NHS,ROAD_FNC,ROUTE,TWAY_ID,TWAY_ID2,MILEPT,LATITUDE,LONGITUD,SP_JUR,HARM_EV,MAN_COLL,RELJCT1,RELJCT2,TYP_INT,REL_ROAD,WRK_ZONE,LGT_COND,WEATHER1,WEATHER2,WEATHER,SCH_BUS,RAIL,NOT_HOUR,NOT_MIN,ARR_HOUR,ARR_MIN,HOSP_HR,HOSP_MN,CF1,CF2,CF3,FATALS,DRUNK_DR
39,390919,1,1,0,0,0,1,1,49,1800,24,11,2011,5,15,59,0,14,3,SR-710,,27,40.10694444,-82.962777780,0,24,0,0,1,1,5,0,1,10,0,10,0,0000000,16,2,16,6,16,28,0,0,0,1,1
39,390920,1,1,0,2,2,1,1,49,1800,30,11,2011,4,17,39,0,6,6,CHANDTRY DR,,0,39.92472222,-82.830555560,0,8,0,0,1,1,1,0,3,1,0,1,0,0000000,17,49,17,54,18,22,0,0,0,1,0
39,390921,3,3,0,0,0,8,8,93,0,27,11,2011,1,9,5,0,3,3,SR-83,,9,41.21278056,-82.025005560,0,12,6,0,1,1,1,0,1,2,0,2,0,0000000,9,5,9,17,10,0,0,0,0,1,0
39,390922,2,2,0,0,0,2,2,35,2040,2,12,2011,6,2,5,0,16,4,43,,0,41.44745556,-81.681800000,0,12,2,0,1,1,1,0,3,10,0,10,0,0000000,2,10,2,14,88,88,0,0,0,2,0
39,390923,1,1,0,0,0,3,3,93,0,2,12,2011,6,22,54,0,4,3,SR-57,,73,41.26094167,-82.038316670,0,34,0,0,1,1,4,0,2,1,0,1,0,0000000,22,54,23,5,23,40,0,0,0,1,1
39,390924,1,1,0,0,0,1,1,45,0,1,12,2011,5,9,50,0,4,4,39,,0,39.74902500,-82.711475000,0,42,0,0,1,1,4,0,1,1,0,1,0,0000000,9,51,10,0,88,88,0,0,0,1,0
39,390925,3,3,0,0,0,5,5,89,0,2,12,2011,6,12,9,0,4,4,N 21ST ST,MULL ST,0,40.07073333,-82.429286110,0,12,6,0,2,2,1,0,1,1,0,1,0,0000000,12,10,12,32,13,4,0,0,0,1,0
39,390926,1,1,0,0,0,1,1,61,1610,3,12,2011,7,15,49,0,16,6,SPRING LAWN AVE,,0,39.17480833,-84.535738890,0,30,0,0,1,1,4,0,1,10,0,10,0,0000000,15,49,15,54,88,88,0,0,0,1,1
39,390927,3,3,0,0,0,4,4,139,6195,4,12,2011,1,12,15,0,13,3,SR-309,BEMILLER DR,48,40.76030556,-82.638083330,0,12,2,0,1,1,1,0,1,2,0,2,0,0000000,12,19,12,25,12,54,0,0,0,1,0
39,390928,2,2,0,0,0,2,2,13,0,4,12,2011,1,21,0,0,2,3,SR-7,,20,39.86844167,-80.797461110,0,12,2,0,1,1,1,0,3,1,0,1,0,0000000,99,99,99,99,99,99,0,0,0,1,0
39,390929,2,2,0,0,0,3,3,75,0,5,12,2011,2,14,40,0,3,3,SR-83,,159,40.64754167,-81.938952780,0,12,2,0,1,1,1,0,1,2,0,2,0,0000000,99,99,99,99,99,99,0,0,0,1,0
39,390930,2,2,0,0,0,3,3,113,2910,5,12,2011,2,20,4,1,13,3,SR-4,,33,39.63536111,-84.352161110,0,12,6,0,4,1,1,0,3,2,0,2,0,0000000,20,9,20,15,21,4,0,0,0,1,1
39,390931,1,1,0,0,0,1,1,49,1800,5,12,2011,2,23,11,0,15,6,CORR RD,,0,39.90916667,-82.985277780,0,30,0,0,1,1,4,0,2,2,0,2,0,0000000,23,11,23,16,23,48,0,0,0,1,0
39,390932,1,1,0,0,0,1,1,165,0,6,12,2011,3,15,25,0,6,4,CLARKSVILLE RD,,0,39.42862222,-84.007841670,0,34,0,0,1,1,4,0,1,2,0,2,0,0000000,15,34,15,38,88,88,0,0,0,1,0
39,390933,2,2,0,0,0,2,2,1,0,10,12,2011,7,10,56,0,4,4,198,,0,38.95930000,-83.347688890,0,12,2,0,1,1,1,0,1,1,0,1,0,0000000,10,56,11,0,11,55,0,0,0,1,0
39,390934,2,2,0,0,0,3,3,99,0,11,12,2011,1,10,58,0,3,3,SR-45,SR-165,9,40.94500000,-80.856280560,0,12,6,0,2,2,1,0,1,1,0,1,0,0000000,11,1,11,11,88,88,0,0,0,2,0
39,390935,1,1,0,0,0,2,2,45,0,17,12,2011,7,17,25,0,3,2,US-22,,233,39.76149167,-82.443166670,0,21,0,0,1,1,4,0,5,10,0,10,0,0000000,17,29,17,33,17,47,0,0,0,1,0
39,390936,1,1,0,1,1,1,1,49,1800,17,12,2011,7,23,33,0,14,6,GENDER RD,,0,39.88833333,-82.825000000,0,8,0,0,1,1,1,0,2,1,0,1,0,0000000,23,35,23,40,23,57,0,0,0,1,0
39,390937,2,2,0,0,0,3,3,45,0,17,12,2011,7,8,50,0,4,3,SR-664,17,105,39.80506111,-82.427027780,0,12,6,0,2,2,1,0,1,10,0,10,0,0000000,9,24,9,38,10,20,0,0,0,1,0
39,390938,1,1,0,0,0,1,1,49,1800,18,12,2011,1,22,2,1,12,3,SR-104,,130,39.91750000,-82.920555560,0,42,0,1,5,1,5,0,3,1,0,1,0,0000000,22,4,22,9,88,88,0,0,0,1,1
39,390939,1,1,0,0,0,2,2,155,0,8,10,2011,7,12,14,0,3,3,SR-45,,157,41.34974722,-80.858066670,0,1,0,0,1,1,5,0,1,1,0,1,0,0000000,99,99,99,99,99,99,0,0,0,1,0
39,390940,2,2,0,0,0,3,3,49,1800,16,12,2011,6,12,56,0,16,6,WATKINS RD,,0,39.90328056,-82.901513890,0,12,2,0,1,1,1,0,1,1,0,1,0,0000000,12,56,13,7,13,36,0,0,0,1,1
39,390941,2,2,0,0,0,6,6,61,1610,19,11,2011,7,22,54,1,11,1,I-75,,93,39.20022500,-84.468919440,0,12,7,0,1,1,1,0,3,10,0,10,0,0000000,22,54,23,4,23,44,0,0,0,1,0
39,390942,2,2,0,0,0,3,3,65,0,11,12,2011,1,13,44,0,3,3,SR-31,,22,40.53194444,-83.519444440,0,12,8,0,1,1,1,0,1,1,0,1,0,0000000,99,99,99,99,99,99,0,0,0,1,1
39,390943,1,1,0,1,1,1,1,89,0,13,12,2011,3,17,45,0,6,4,204,,0,40.23286111,-82.365138890,0,8,0,0,1,1,1,0,2,10,0,10,0,0000000,99,99,99,99,88,88,0,0,0,1,0
39,390944,1,1,0,0,0,1,1,165,0,18,12,2011,1,18,30,0,4,3,SR-741,,88,39.46563611,-84.266533330,0,38,0,0,1,1,5,0,2,1,0,1,0,0000000,19,31,18,35,88,88,0,0,0,1,1
39,390945,1,1,0,1,1,1,1,49,6890,19,12,2011,2,17,47,0,16,6,BIRCHVIEW DR N,,0,39.94038333,-82.823930560,0,8,0,0,1,1,1,0,6,10,0,10,0,0000000,17,49,17,52,18,24,0,0,0,1,0
39,390947,1,1,0,1,1,1,1,49,1800,20,12,2011,3,19,50,1,11,1,I-270,,414,39.96767778,-82.843988890,0,8,0,0,98,8,98,0,3,2,0,2,0,0000000,19,58,20,6,88,88,0,0,0,1,0
39,390948,1,1,0,0,0,2,2,49,5550,21,12,2011,4,16,2,0,15,6,KITZMILLER RD,,0,40.07375556,-82.791427780,0,34,0,0,1,1,5,0,1,10,0,10,0,0000000,16,0,16,5,16,49,0,0,0,1,0
39,390949,2,2,0,0,0,4,4,23,7800,22,12,2011,5,18,11,1,11,1,I-70,,128,39.89351944,-83.820291670,0,12,1,0,1,1,1,0,2,2,0,2,0,0000000,18,14,18,34,18,46,0,0,0,1,0
39,390950,1,1,0,1,1,1,1,49,1800,24,12,2011,7,22,40,0,16,6,KARL RD,,0,40.10368889,-82.974691670,0,8,0,0,1,1,1,0,2,1,0,1,0,0000000,22,41,22,46,88,88,0,0,0,1,0
39,390951,2,2,0,0,0,4,4,109,0,25,12,2011,1,16,0,0,3,2,US-36,,157,40.14675278,-84.143211110,0,12,6,0,4,1,1,0,1,1,0,1,0,0000000,16,0,16,10,17,13,0,0,0,1,0
39,390952,2,2,0,0,0,7,7,93,8660,26,12,2011,2,15,42,1,2,2,US-20,,80,41.27941667,-82.187791670,0,12,8,0,1,1,1,0,1,1,0,1,0,0000000,16,4,16,9,16,41,0,0,0,1,1
39,390953,1,1,0,0,0,1,1,123,0,27,12,2011,3,0,53,0,6,4,30,,0,41.57129444,-82.846477780,0,42,0,0,1,1,4,0,3,1,0,1,0,0000000,0,53,1,5,88,88,0,0,0,1,1
39,390954,2,2,0,0,0,3,3,113,4960,30,12,2011,6,20,13,0,13,3,SR-725,W LINDEN AVE,103,39.64361111,-84.305277780,0,12,2,0,2,3,1,0,3,2,0,2,0,0000000,20,14,20,18,99,99,0,0,0,1,0
39,390955,1,1,0,1,1,1,1,61,1700,30,12,2011,6,21,50,0,13,2,US-50,MT NEBO RD,48,39.15705000,-84.751025000,0,9,0,0,2,2,1,0,2,2,0,2,0,0000000,21,50,21,56,22,23,0,0,0,1,0
39,390956,2,2,0,0,0,5,5,131,0,22,12,2011,5,20,14,1,2,2,US-23,,160,39.17757778,-82.973361110,0,12,2,0,1,1,1,0,2,2,0,2,0,0000000,99,99,99,99,99,99,0,0,0,1,0
39,390957,3,1,2,0,0,1,1,37,0,30,12,2011,6,2,12,0,4,4,PEARL ST,,0,39.93767500,-84.552522220,0,24,0,0,1,1,5,0,3,1,0,1,0,0000000,99,99,99,99,99,99,0,0,0,1,1
39,390958,1,1,0,0,0,1,1,153,70,4,11,2011,6,22,41,1,12,3,SR-8,,19,41.09604722,-81.499825000,0,25,0,0,1,1,3,0,3,10,0,10,0,0000000,22,42,22,49,23,2,0,0,0,1,0
39,390959,1,1,0,0,0,1,1,25,0,5,11,2011,7,9,0,0,5,4,WARDS CORNER RD,,0,39.23085000,-84.272686110,0,30,0,0,1,1,5,0,1,1,0,1,0,0000000,9,0,9,4,9,35,0,0,0,1,0
39,390960,2,2,0,0,0,2,2,89,5570,15,12,2011,5,9,45,0,14,6,N 21ST ST,GRANVILLE ST,0,40.06559167,-82.429247220,0,12,2,0,2,2,1,0,1,2,0,2,0,0000000,99,99,99,99,99,99,0,0,0,1,0
39,390962,2,2,0,0,0,3,3,85,0,10,11,2011,5,16,29,1,2,2,US-20,NARROWS RD,199,41.76109167,-81.188825000,0,12,6,0,2,3,1,0,1,10,0,10,0,0000000,16,30,16,37,17,0,0,0,0,1,0
39,390963,1,1,0,1,1,1,1,85,4920,30,11,2011,4,6,56,0,14,6,HEISLEY RD,,0,41.71192222,-81.302261110,0,8,0,0,1,1,1,0,3,4,2,4,0,0000000,6,57,7,1,7,38,0,0,0,1,0
39,390964,2,2,0,0,0,2,2,57,0,9,12,2011,6,19,35,0,3,4,W MAIN ST,US-35,0,39.69312500,-83.977052780,0,12,6,1,2,3,1,0,3,10,0,10,0,0000000,19,36,19,43,88,88,0,0,0,1,0
39,390965,1,1,0,0,0,2,2,153,70,22,10,2011,7,13,45,1,13,3,SR-18,,123,41.06448611,-81.480830560,0,33,0,0,1,1,4,0,1,1,0,1,0,0000000,13,50,13,54,14,5,0,0,0,1,1
39,390966,1,1,0,2,2,3,3,25,150,29,11,2011,3,17,38,1,13,3,SR-125,,62,39.02669167,-84.215777780,0,8,0,0,1,1,1,0,3,2,0,2,0,0000000,17,45,17,49,18,35,0,0,0,1,0
39,390967,2,2,0,0,0,3,3,85,4920,15,12,2011,5,12,59,0,14,3,SR-84,,123,41.66056389,-81.306086110,0,12,2,0,1,1,1,0,1,2,0,2,0,0000000,13,6,13,14,13,46,0,0,0,1,0
39,390968,1,1,0,1,1,1,1,91,0,23,12,2011,6,18,5,0,6,4,101,,0,40.46673056,-83.740597220,0,9,0,0,1,1,1,0,2,1,0,1,0,0000000,18,11,18,25,20,36,0,0,0,1,0
39,390969,1,1,0,1,1,1,1,35,1680,2,12,2011,6,17,20,0,13,2,US-42,LEOPOLD AVE,137,41.43421111,-81.710863890,0,8,0,0,3,3,1,0,5,1,0,1,0,0000000,17,20,17,25,17,38,0,0,0,1,0
39,390970,2,2,0,0,0,3,3,35,4480,24,10,2011,2,13,20,0,14,6,RIDGEBURY RD,BRAINARD RD,0,41.53065000,-81.477983330,0,12,1,0,3,2,1,0,1,1,0,1,0,0000000,13,28,13,32,13,50,0,0,0,1,0
39,390972,1,1,0,0,0,4,4,25,0,21,10,2011,6,7,34,0,5,4,CLOUGH PIKE,,0,39.07527778,-84.186111110,0,34,0,0,1,1,5,0,4,10,0,10,0,0000000,7,34,7,41,8,10,0,0,0,1,0
39,390973,2,2,0,0,0,4,4,17,3260,30,12,2011,6,16,56,0,16,6,RIVER RD,,69,39.37306667,-84.564044440,0,12,6,0,1,1,1,0,1,10,0,10,0,0000000,16,56,17,0,17,30,0,0,0,1,1
39,390974,2,2,0,0,0,3,3,155,0,29,11,2011,3,0,4,0,3,3,SR-169,,27,41.20224167,-80.778669440,0,12,6,0,1,1,1,0,3,2,0,2,0,0000000,0,22,0,30,0,47,0,0,0,1,0
40,400001,1,1,0,0,0,2,2,153,0,1,1,2011,7,1,23,0,6,4,CO RD NS 203,,0,36.38007778,-99.389480560,0,1,0,0,1,1,4,0,2,1,0,1,0,0000000,1,23,1,34,1,37,7,0,0,2,1
40,400002,1,1,0,0,0,3,3,109,3550,1,1,2011,7,2,11,0,12,3,SR-152,,30,35.41305000,-97.639425000,0,1,0,0,1,1,4,0,2,1,0,1,0,0000000,2,11,2,23,3,5,0,0,0,2,1
40,400003,2,2,0,0,0,5,5,101,0,1,1,2011,7,18,28,1,2,2,US-69,CO RD 0840,30,35.79866111,-95.401361110,0,12,6,0,2,3,1,0,2,1,0,1,0,0000000,18,26,18,41,19,38,0,0,0,1,0
40,400004,2,2,0,0,0,4,4,81,0,3,1,2011,2,11,21,1,2,3,SR-99,,40,35.54411111,-96.682747220,0,12,6,0,1,1,1,0,1,1,0,1,0,0000000,11,19,11,25,12,35,0,0,0,1,0
40,400005,1,1,0,0,0,1,1,125,0,8,1,2011,7,15,51,0,4,4,LAKE RD,,0,35.33313889,-96.991902780,0,58,0,0,1,1,4,0,1,3,0,3,0,0000000,15,48,15,55,88,88,0,0,0,1,1
40,400006,1,1,0,0,0,1,1,15,0,4,1,2011,3,11,28,0,4,3,SR-19,,79,34.89833056,-98.497700000,0,42,0,0,1,1,4,0,1,1,0,1,0,0000000,99,99,99,99,88,88,0,0,0,1,1
40,400007,2,2,0,0,0,5,5,45,0,7,1,2011,6,22,30,1,2,2,US-283,,67,36.23481944,-99.881888890,0,12,8,0,1,1,1,0,2,1,0,1,0,0000000,22,28,22,36,23,3,0,0,0,1,1
40,400008,1,1,0,0,0,1,1,109,3550,8,1,2011,7,23,23,1,11,1,I-240,,160,35.40289444,-97.294130560,0,1,0,0,1,1,2,0,2,1,0,1,0,0000000,99,99,99,99,88,88,0,0,0,1,1
40,400009,1,1,0,0,0,1,1,111,0,10,1,2011,2,8,46,1,1,1,I-40,,98,35.43031944,-95.915472220,0,42,0,0,1,1,4,0,1,10,0,10,0,0000000,8,46,8,58,88,88,0,0,0,1,0
40,400010,1,1,0,1,1,1,1,79,0,11,1,2011,3,6,30,1,2,2,US-59,,155,35.23700833,-94.672955560,0,8,0,0,1,1,1,0,2,1,0,1,0,0000000,6,34,6,40,7,12,0,0,0,1,0
40,400011,1,1,0,0,0,1,1,129,0,12,1,2011,4,6,40,0,4,3,SR-47,,48,35.78353889,-99.626700000,0,42,0,0,1,1,4,0,2,1,0,1,0,0000000,6,44,7,5,88,88,0,0,0,1,0
40,400012,1,1,0,0,0,1,1,97,0,13,1,2011,5,20,49,0,6,4,CO RD EW520,,0,36.26375000,-95.309847220,0,42,0,0,1,1,4,0,2,1,0,1,0,0000000,20,50,20,57,88,88,0,0,0,1,0
40,400013,1,1,0,0,0,1,1,31,0,17,1,2011,2,14,31,0,4,2,US-277,,41,34.78245278,-98.315083330,0,38,0,0,1,1,4,0,1,1,0,1,0,0000000,14,33,14,34,88,88,0,0,0,1,1
40,400014,1,1,0,0,0,1,1,143,0,9,1,2011,1,19,36,0,6,4,181ST ST SOUTH,,0,35.90102222,-95.979780560,0,38,0,0,1,1,4,0,2,4,0,4,0,0000000,18,58,19,6,19,58,0,0,0,1,1
40,400015,1,1,0,1,1,1,1,125,0,7,1,2011,6,6,8,1,1,1,I-40,,63,35.38399444,-96.800975000,0,8,0,0,1,1,1,0,2,1,0,1,0,0000000,6,15,6,28,88,88,0,0,0,1,0
40,400016,1,1,0,0,0,2,2,83,0,15,1,2011,7,2,21,1,1,1,I-35,,60,35.81220556,-97.416191670,0,34,0,0,1,1,3,0,2,1,0,1,0,0000000,2,36,2,59,3,25,0,0,0,1,1
40,400017,1,1,0,0,0,1,1,73,0,22,1,2011,7,14,0,1,2,3,SR-33,,81,35.85593056,-98.066444440,0,1,0,0,1,1,4,0,1,10,0,10,0,0000000,14,16,14,24,88,88,0,0,0,1,0
40,400018,2,2,0,0,0,2,2,13,470,21,1,2011,6,11,30,1,2,2,US-70,,143,34.01593056,-96.129205560,0,12,2,0,1,1,2,0,1,10,0,10,0,0000000,11,35,12,11,13,6,0,0,0,1,0
40,400019,1,1,0,0,0,1,1,17,3550,16,1,2011,1,23,38,0,16,6,9900 N OVERHOLSER DR,,0,35.51449722,-97.671269440,0,42,0,0,1,1,4,0,2,1,0,1,0,0000000,88,88,88,88,88,88,0,0,0,1,1
40,400020,2,2,0,0,0,2,2,41,0,18,1,2011,3,14,1,0,3,3,SR-20,,95,36.40805000,-94.850863890,0,12,6,0,1,1,1,0,1,10,0,10,0,0000000,14,1,14,30,15,23,0,0,0,1,1
40,400021,2,2,0,0,0,2,2,39,0,19,1,2011,4,0,37,1,1,1,I-40,,126,35.50677778,-98.933805560,0,12,1,0,1,1,1,0,2,1,0,1,0,0000000,0,43,0,46,88,88,0,0,0,1,0
40,400022,1,1,0,0,0,5,5,73,0,24,1,2011,2,7,5,0,4,3,SR-51,,97,36.11598611,-97.725144440,0,52,0,0,1,1,4,0,4,1,0,1,0,0000000,7,12,7,22,8,5,0,0,0,1,0
40,400023,1,1,0,0,0,1,1,19,0,20,1,2011,5,8,19,0,4,2,US-77,,25,34.10722500,-97.142786110,0,34,0,0,1,1,4,0,1,3,0,3,0,0000000,7,44,7,52,88,88,0,0,0,1,0
40,400024,1,1,0,0,0,1,1,95,0,20,1,2011,5,8,22,1,2,2,US-70,,89,34.09983611,-96.812588890,0,1,0,0,1,1,4,0,1,3,0,3,0,0000000,99,99,99,99,99,99,0,0,0,1,0
40,400025,2,1,1,0,0,2,2,5,0,25,1,2011,3,13,22,1,2,3,SR-3,,20,34.36754444,-96.102916670,0,14,0,0,1,1,4,0,1,1,0,1,0,0000000,13,24,13,30,13,46,0,0,0,1,0
40,400026,1,1,0,1,1,1,1,71,0,27,1,2011,5,18,20,0,6,6,NORTH AVE,,0,36.68086944,-97.129752780,0,15,0,0,1,1,1,0,2,10,0,10,0,0000000,18,22,18,29,88,88,0,0,0,1,0
40,400027,1,1,0,0,0,1,1,47,0,11,1,2011,3,13,20,0,4,4,BRECKENRIDGE,,0,36.43390000,-97.689586110,0,1,0,0,1,1,4,0,1,1,0,1,0,0000000,13,23,13,38,14,8,0,0,0,1,0
40,400028,1,1,0,0,0,4,4,55,0,21,1,2011,6,22,3,0,6,4,CO RD 1470,,0,34.88576944,-99.588705560,0,1,0,0,1,1,4,0,2,1,0,1,0,0000000,99,99,99,99,88,88,0,0,0,1,1
40,400029,1,1,0,0,0,3,3,113,3680,23,1,2011,1,1,28,0,4,6,GRANDVIEW,,0,36.68910556,-96.334011110,0,34,0,0,1,1,4,0,2,1,0,1,0,0000000,1,48,2,34,3,10,0,0,0,1,1
40,400030,1,1,0,0,0,3,3,51,0,27,1,2011,5,15,28,0,4,4,CO ST 2760,,0,35.01282778,-98.075491670,0,42,0,0,1,1,4,0,1,1,0,1,0,0000000,15,27,15,31,16,18,0,0,0,2,0
40,400031,1,1,0,0,0,1,1,3,0,29,1,2011,7,18,55,0,4,3,SR-58,,19,36.49082222,-98.247394440,0,1,0,0,1,1,4,0,2,1,0,1,0,0000000,19,2,19,15,88,88,0,0,0,1,0
40,400032,1,1,0,0,0,3,3,15,0,31,1,2011,2,20,15,0,6,4,CR2720,,0,35.09513889,-98.144066670,0,1,0,0,1,1,4,0,2,10,0,10,0,0000000,20,16,20,30,21,6,0,0,0,1,1
40,400033,1,1,0,0,0,3,3,89,0,6,2,2011,1,6,7,1,2,2,US-259,,27,34.37463056,-94.764280560,0,42,0,0,1,1,4,0,2,2,0,2,0,0000000,6,9,6,40,7,42,0,0,0,1,0
40,400034,2,2,0,0,0,3,3,91,1570,8,1,2011,7,13,12,0,6,6,AIRPORT RD,COON CREEK RD,0,35.30427500,-95.610291670,0,12,1,0,3,2,1,0,1,1,0,1,0,0000000,13,27,13,41,14,19,0,0,0,1,1
40,400035,1,1,0,0,0,3,3,73,0,30,1,2011,1,16,55,0,6,4,NO NAME,,0,35.80591944,-97.959080560,0,1,0,0,1,1,1,0,1,10,0,10,0,0000000,17,5,17,10,88,88,0,0,0,1,0
40,400036,2,2,0,0,0,2,2,137,0,30,1,2011,1,3,11,0,4,4,E ROSE RD,,0,34.60892778,-97.919477780,0,12,2,0,1,1,1,0,2,1,0,1,0,0000000,3,9,3,32,4,2,0,0,0,1,1
40,400037,1,1,0,1,1,1,1,143,4780,7,2,2011,2,21,40,0,16,6,E 41ST ST,E SKELLY DR,0,36.10440000,-95.908672220,0,8,0,0,3,9,1,1,2,10,0,10,0,0000000,21,43,21,49,22,7,0,0,0,1,0
40,400038,2,2,0,0,0,2,2,143,4780,15,1,2011,7,14,35,0,16,6,N CINCINNATI AVE,E 36TH ST N,0,36.20590833,-95.993555560,0,12,6,0,2,2,1,0,1,1,0,1,0,0000000,14,36,14,40,15,33,0,0,0,1,0
40,400039,3,1,2,0,0,1,1,143,4780,18,1,2011,3,1,4,0,16,6,N LOUISVILLE AVE,,0,36.16675000,-95.935358330,0,42,0,0,1,1,4,0,2,5,0,5,0,0000000,1,2,1,7,88,88,0,0,0,1,0
40,400040,1,1,0,0,0,2,2,143,0,15,1,2011,7,22,5,0,14,4,66TH ST N,,0,36.24955000,-95.982758330,0,30,0,0,1,1,4,0,2,10,0,10,0,0000000,22,1,22,6,22,43,0,0,0,1,0
40,400041,1,1,0,0,0,1,1,129,0,20,1,2011,5,3,15,0,3,2,US-283,,42,35.48951944,-99.664300000,0,1,0,0,1,1,4,0,2,3,0,3,0,0000000,3,36,3,50,88,88,0,0,0,1,0
40,400042,2,2,0,0,0,2,2,131,0,27,1,2011,5,22,4,1,1,1,I-44,,39,36.20914444,-95.700627780,0,12,2,0,1,1,1,0,2,1,0,1,0,0000000,21,58,22,11,88,88,0,0,0,2,1
40,400043,3,3,0,0,0,3,3,13,0,31,1,2011,2,12,0,1,2,2,US-69,PLATTER RD,77,33.91090833,-96.459530560,0,12,6,0,2,3,1,0,1,1,0,1,0,0000000,12,8,12,11,88,88,0,0,0,1,0
40,400044,1,1,0,2,2,1,1,143,4780,13,2,2011,1,0,45,0,16,6,N GARNETT RD,,0,36.18523056,-95.851130560,0,26,0,0,6,1,1,0,3,10,0,10,0,663746B,99,99,99,99,88,88,0,0,0,1,1
40,400045,2,2,0,0,0,3,3,37,0,17,2,2011,5,13,0,1,1,1,I-44,,189,35.89299167,-96.323611110,0,12,1,0,1,1,1,0,1,1,0,1,0,0000000,13,1,13,9,13,35,0,0,0,1,0
40,400046,2,2,0,0,0,8,8,131,0,18,2,2011,6,19,1,0,3,3,SR-20,CR NS 422,72,36.31032222,-95.488872220,0,12,6,0,2,2,1,0,2,10,0,10,0,0000000,19,3,19,9,20,5,0,0,0,1,0
40,400047,2,2,0,0,0,3,3,125,4300,26,1,2011,4,19,41,0,4,4,N KICKAPOO,GARRETTS LAKE RD,0,35.40548056,-96.929788890,0,12,6,0,2,2,1,8,2,1,0,1,0,0000000,19,44,19,48,20,25,0,0,0,1,1
40,400048,1,1,0,0,0,1,1,127,0,18,2,2011,6,0,56,0,4,4,TURKEY CREEK LANDING,,0,34.21493333,-95.163425000,0,42,0,0,1,1,4,0,2,1,0,1,0,0000000,0,56,1,31,88,88,0,0,0,1,1
40,400049,1,1,0,0,0,3,3,111,0,17,2,2011,5,19,26,0,4,4,OLD US HWY 75,,0,35.71169167,-96.033019440,0,53,0,0,1,1,4,0,2,1,0,1,0,0000000,19,28,19,35,88,88,0,0,0,1,1
40,400050,1,1,0,0,0,1,1,131,0,23,2,2011,4,16,10,0,6,4,CO RD NS 417,,0,36.20156944,-95.582975000,0,32,0,0,1,1,4,0,1,1,0,1,0,0000000,16,11,16,26,88,88,0,0,0,1,1
40,400051,1,1,0,0,0,1,1,47,0,28,1,2011,6,9,21,0,6,4,CO RD 186TH,,0,36.24597778,-97.603613890,0,5,0,0,1,1,1,0,1,1,0,1,0,0000000,9,22,9,47,88,88,0,0,0,1,0
40,400052,1,1,0,0,0,1,1,19,0,16,2,2011,4,21,0,1,2,2,US-77,,136,34.36868611,-97.138641670,0,38,0,0,1,1,4,0,2,1,0,1,0,0000000,20,55,21,11,88,88,0,0,0,1,1
40,400053,1,1,0,0,0,1,1,109,1480,16,2,2011,4,16,29,1,11,1,I-35 OFF-RAMP,,101,35.67630278,-97.418063890,0,1,0,1,5,1,1,0,1,10,0,10,0,0000000,16,27,16,44,17,22,0,0,0,1,0
40,400054,1,1,0,0,0,1,1,53,0,26,2,2011,7,7,55,0,4,3,SR-132,,160,36.88512222,-98.037602780,0,1,0,0,1,1,4,0,4,3,0,3,0,0000000,99,99,99,99,88,88,0,0,0,1,0
40,400055,1,1,0,1,1,1,1,109,3550,12,1,2011,4,17,7,0,14,6,S PORTLAND AVE,,0,35.43272500,-97.583330560,0,8,0,0,1,1,1,0,5,1,0,1,0,0000000,17,26,17,34,88,88,0,0,0,1,0
40,400056,2,2,0,0,0,2,2,105,3460,5,1,2011,4,17,16,1,2,2,US-69,,72,36.69504722,-95.629702780,0,12,6,0,8,1,1,0,1,1,0,1,0,0000000,17,16,17,17,17,30,0,0,0,1,0
40,400057,1,1,0,0,0,1,1,17,0,25,2,2011,6,5,58,0,6,4,METHODIST RD,,0,35.46231944,-98.289080560,0,11,0,0,1,1,1,0,2,10,0,10,0,0000000,99,99,99,99,88,88,0,0,0,1,0
40,400058,1,1,0,0,0,1,1,71,0,26,2,2011,7,0,30,0,14,4,LA CANN DR,,0,36.74548056,-97.031300000,0,18,0,0,1,1,4,0,2,10,0,10,0,0000000,1,10,1,16,88,88,0,0,0,1,1
40,400059,1,1,0,0,0,1,1,51,0,26,2,2011,7,2,55,0,3,3,SR-39,,44,35.04416667,-97.743911110,0,21,0,0,1,1,4,0,2,10,0,10,0,0000000,3,3,3,15,88,88,0,0,0,1,1
40,400060,1,1,0,1,1,1,1,35,4900,23,2,2011,4,18,40,0,15,6,E TAHLEQUAH AVE,,0,36.64128333,-95.145219440,0,8,0,0,1,1,1,0,5,10,0,10,0,0000000,18,43,18,45,18,56,0,0,0,1,0
40,400061,1,1,0,0,0,1,1,147,300,24,2,2011,5,18,35,0,16,6,FRANK PHILLIPS BLVD,SUNSET BLVD,0,36.75158056,-95.998452780,0,30,0,0,3,9,4,0,3,2,0,2,0,0000000,18,35,18,39,88,88,0,0,0,1,1
40,400062,1,1,0,0,0,1,1,143,0,17,2,2011,5,2,13,0,14,4,S MINGO RD,,0,35.95620000,-95.868805560,0,42,0,0,1,1,4,0,2,10,0,10,0,0000000,2,12,2,23,88,88,0,0,0,1,1
40,400063,1,1,0,0,0,1,1,123,0,24,2,2011,5,12,34,0,6,4,CO RD 1538,,0,34.78470833,-96.711927780,0,21,0,0,1,1,4,0,3,10,0,10,0,0000000,12,38,12,46,88,88,0,0,0,1,1