STATE,ST_CASE,VE_TOTAL,VE_FORMS,PVH_INVL,PEDS,PERNOTMVIT,PERMVIT,PERSONS,COUNTY,CITY,DAY,MONTH,YEAR,DAY_WEEK,HOUR,MINUTE,NHS,ROAD_FNC,ROUTE,TWAY_ID,TWAY_ID2,MILEPT,LATITUDE,LONGITUD,SP_JUR,HARM_EV,MAN_COLL,RELJCT1,RELJCT2,TYP_INT,REL_ROAD,WRK_ZONE,LGT_COND,WEATHER1,WEATHER2,WEATHER,SCH_BUS,RAIL,NOT_HOUR,NOT_MIN,ARR_HOUR,ARR_MIN,HOSP_HR,HOSP_MN,CF1,CF2,CF3,FATALS,DRUNK_DR
40,400064,1,1,0,0,0,1,1,125,0,6,3,2011,1,7,0,1,1,1,I-40,,66,35.38393611,-96.796361110,0,1,0,0,1,1,1,0,1,10,0,10,0,0000000,99,99,99,99,88,88,0,0,0,1,1
40,400065,1,1,0,0,0,1,1,49,0,9,3,2011,4,18,27,0,4,4,CO RD N3130,,0,34.79713333,-97.423019440,0,35,0,0,1,1,4,0,1,1,0,1,0,0000000,18,24,18,35,19,11,0,0,0,1,0
40,400066,1,1,0,0,0,1,1,89,600,13,3,2011,1,7,40,1,2,2,US-259,,105,34.03896944,-94.697322220,0,1,0,0,1,1,4,0,2,10,0,10,0,0000000,99,99,99,99,88,88,0,0,0,1,1
40,400067,1,1,0,1,1,1,1,143,4780,6,3,2011,1,1,35,0,13,6,E 71ST ST,,0,36.06065278,-95.966413890,0,8,0,0,1,1,1,0,3,1,0,1,0,0000000,1,34,1,38,1,53,0,0,0,1,0
40,400068,2,2,0,0,0,3,3,121,0,9,3,2011,4,13,34,0,3,2,US-270,BACHE RD,79,34.89415556,-95.647522220,0,12,6,0,3,1,1,0,1,1,0,1,0,0000000,13,32,13,39,14,49,0,0,0,1,0
40,400069,1,1,0,0,0,1,1,109,3550,6,3,2011,1,9,52,0,16,6,SW 33RD ST,,0,35.43116667,-97.522163890,0,42,0,0,1,1,4,0,1,1,0,1,0,0000000,9,54,10,1,10,24,20,0,0,1,0
40,400070,1,1,0,0,0,1,1,17,3550,3,3,2011,5,4,0,0,16,6,N SARA RD,,0,35.47715000,-97.706608330,0,1,0,0,1,1,4,0,2,10,0,10,0,0000000,99,99,99,99,88,88,0,0,0,1,1
40,400071,1,1,0,0,0,1,1,101,3310,27,1,2011,5,11,20,0,16,6,N 43RD ST E,,0,35.77440278,-95.309077780,0,34,0,0,1,1,5,0,2,1,0,1,0,0000000,11,23,11,37,88,88,0,0,0,1,1
40,400072,1,1,0,0,0,5,5,109,3550,1,2,2011,3,99,99,0,16,6,N STANLEY DRAPER DR,,0,35.38570000,-97.379850000,0,24,0,0,1,1,4,0,1,4,0,4,0,0000000,99,99,99,99,88,88,0,0,0,1,0
40,400073,1,1,0,0,0,1,1,37,0,10,3,2011,5,5,59,0,4,4,SLICK RD,,0,35.89958889,-96.227747220,0,42,0,0,1,1,4,0,2,1,0,1,0,0000000,6,4,6,13,88,88,0,0,0,1,1
40,400074,1,1,0,0,0,1,1,31,0,15,3,2011,3,5,0,0,4,4,NW QUANNAH RD,,0,34.61326111,-98.650488890,0,42,0,0,1,1,4,0,3,10,0,10,0,0000000,7,3,7,10,88,88,0,0,0,1,1
40,400075,1,1,0,0,0,1,1,1,0,17,3,2011,5,9,25,1,2,2,US-59,,60,35.90977500,-94.622647220,0,42,0,0,1,1,4,0,1,10,0,10,0,0000000,9,30,9,38,88,88,0,0,0,1,0
40,400076,2,2,0,0,0,2,2,75,0,18,3,2011,6,14,5,0,3,3,SR-9,,125,35.09463889,-98.653266670,0,12,2,0,1,1,1,0,1,1,0,1,0,0000000,14,13,14,21,88,88,0,0,0,2,0
40,400077,2,2,0,0,0,6,6,19,210,22,1,2011,7,23,19,0,13,2,US-77,,145,34.21998333,-97.143066670,0,12,6,0,1,1,1,0,2,1,0,1,0,0000000,23,20,23,24,23,44,0,0,0,1,0
40,400078,2,2,0,0,0,2,2,91,0,17,3,2011,5,23,30,1,1,1,I-40,US-69,191,35.45834444,-95.543702780,0,12,1,1,3,1,1,0,2,1,0,1,0,0000000,99,99,99,99,88,88,0,0,0,1,1
40,400079,1,1,0,0,0,1,1,71,0,15,3,2011,3,7,10,0,3,3,SR-11,,45,36.81116667,-97.380313890,0,21,0,0,1,1,4,0,4,10,0,10,0,0000000,7,12,7,21,88,88,0,0,0,1,0
40,400080,2,2,0,0,0,2,2,17,3780,8,2,2011,3,18,50,0,4,3,SR-4,ASH ST NE,520,35.69640000,-97.745177780,0,12,6,0,2,2,1,0,2,1,0,1,0,0000000,18,56,19,36,20,19,0,0,0,1,0
40,400081,1,1,0,0,0,1,1,87,3378,14,2,2011,2,22,1,0,6,6,NW 16TH,,0,35.26180000,-97.640841670,0,23,0,0,1,1,4,0,2,10,0,10,0,0000000,99,99,99,97,99,97,0,0,0,1,1
40,400082,1,1,0,2,2,2,2,31,2750,27,2,2011,1,1,34,0,16,6,7602 SW LEE BLVD,,0,34.59435556,-98.485316670,0,8,0,0,1,1,1,0,2,1,0,1,0,0000000,1,35,1,39,1,53,0,0,0,1,1
40,400083,2,2,0,0,0,3,3,125,0,27,2,2011,1,1,42,0,4,3,SR-99A,,0,35.33341944,-96.776652780,0,12,2,0,1,1,1,0,2,10,0,10,0,0000000,1,43,1,54,3,0,0,0,0,1,2
40,400084,2,2,0,0,0,3,3,89,5230,22,3,2011,3,15,30,0,4,3,SR-98,,56,34.06785833,-95.017266670,0,12,6,0,1,1,1,8,1,1,0,1,0,0000000,15,31,15,49,16,33,0,0,0,1,0
40,400085,2,2,0,1,1,3,3,109,3550,24,2,2011,5,20,33,1,11,1,I-40,,70,35.46525556,-97.547611110,0,8,0,0,1,1,1,0,3,10,0,10,0,0000000,99,99,99,99,88,88,0,0,0,1,0
40,400086,1,1,0,0,0,1,1,149,0,20,3,2011,1,5,0,0,4,3,SR-115,,33,35.14744167,-98.723466670,0,1,0,0,1,1,4,0,2,10,0,10,0,0000000,7,19,7,26,88,88,0,0,0,1,1
40,400087,2,2,0,0,0,2,2,109,3170,7,1,2011,6,10,57,0,13,2,US-62,HUGHSON,29,35.49319167,-97.413669440,0,12,6,0,3,1,1,0,1,1,0,1,0,0000000,10,59,11,3,11,37,0,0,0,1,0
40,400088,2,2,0,0,0,2,2,109,3550,25,3,2011,6,1,57,0,13,3,SR-152,,6,35.39471944,-97.662952780,0,12,2,0,1,1,1,0,2,10,0,10,0,0000000,99,99,99,99,88,88,0,0,0,1,1
40,400089,1,1,0,0,0,8,8,115,0,3,2,2011,5,6,20,1,1,1,I-44,,228,36.92599722,-94.740805560,0,25,0,0,1,1,4,0,2,10,0,10,0,0000000,6,23,6,44,99,99,0,0,0,2,0
40,400090,2,2,0,0,0,3,3,13,0,13,3,2011,1,19,30,1,2,2,US-70,,57,33.99753056,-96.274761110,0,12,2,0,1,1,1,0,5,10,0,10,0,0000000,19,33,19,40,20,50,0,0,0,1,0
40,400091,3,3,0,0,0,3,3,109,3550,17,3,2011,5,6,59,1,11,1,I-44,,39,35.45014444,-97.570358330,0,12,7,0,1,1,1,0,3,10,0,10,0,0000000,99,99,99,99,88,88,14,0,0,1,0
40,400092,1,1,0,0,0,1,1,139,0,1,4,2011,6,6,30,0,6,4,COUNTY RD II,,0,36.50091944,-101.597325000,0,1,0,0,1,1,1,0,2,1,0,1,0,0000000,99,99,99,99,88,88,0,0,0,1,1
40,400093,2,2,0,0,0,3,3,41,1990,17,2,2011,5,10,40,0,14,3,SR-10,,21,36.59794167,-94.731505560,0,12,6,0,8,1,1,0,1,10,0,10,0,0000000,10,40,10,45,88,88,0,0,0,2,0
40,400094,3,3,0,0,0,4,4,39,0,16,3,2011,4,17,0,1,11,1,I-40,,83,35.49040833,-99.005925000,0,12,1,0,1,1,1,0,1,5,0,5,0,0000000,17,7,17,12,17,59,0,0,0,2,0
40,400095,2,1,1,0,0,1,1,137,3070,31,1,2011,2,11,22,1,2,2,US-81,S 9TH ST,96,34.62948889,-97.951530560,0,59,0,0,3,1,4,0,1,1,0,1,0,0000000,99,99,99,99,88,88,0,0,0,1,0
40,400096,1,1,0,0,0,2,2,15,160,12,3,2011,7,3,35,0,15,6,EAST KANSAS ST,,0,35.07944167,-98.235075000,0,1,0,0,1,1,4,0,2,1,0,1,0,0000000,3,35,3,42,4,12,0,0,0,1,1
40,400097,1,1,0,0,0,2,2,17,3550,23,1,2011,1,2,38,0,3,3,SR-4,,3,35.33388889,-97.723694440,0,1,0,0,1,1,3,0,2,1,0,1,0,0000000,2,55,3,4,3,29,0,0,0,2,1
40,400098,1,1,0,0,0,3,3,109,3550,29,1,2011,7,21,1,0,16,6,7300 BLK W RENO AVE,,0,35.46447222,-97.640900000,0,34,0,0,1,1,3,0,2,1,0,1,0,0000000,99,99,99,99,99,99,0,0,0,1,0
40,400100,2,2,0,0,0,4,4,35,0,14,3,2011,2,12,36,0,3,3,SR-2,,86,36.76113333,-95.143597220,0,12,6,0,1,1,1,0,1,10,0,10,0,0000000,12,35,12,43,88,88,0,0,0,3,0
40,400101,1,1,0,0,0,3,3,99,0,18,3,2011,6,23,10,1,1,1,I-35,,93,34.49866389,-97.168802780,0,1,0,0,1,1,4,1,2,1,0,1,0,0000000,23,12,23,39,0,40,0,0,0,1,0
40,400102,2,2,0,0,0,3,3,111,0,20,3,2011,1,7,2,0,4,4,ADAMS RD,,0,35.85648056,-95.931486110,0,12,2,0,1,1,1,0,4,10,0,10,0,0000000,7,1,7,17,88,88,0,0,0,3,2
40,400103,2,2,0,0,0,2,2,19,0,29,3,2011,3,17,11,0,3,2,US-177,,103,34.33124167,-96.952944440,0,12,6,0,1,1,4,0,1,10,0,10,0,0000000,17,17,17,34,18,16,0,0,0,1,0
40,400104,1,1,0,0,0,2,2,143,4780,3,4,2011,1,0,20,0,14,4,S 161ST EAST AVE,E 11TH ST,0,36.14792500,-95.797486110,0,1,0,0,3,1,4,0,2,10,0,10,0,0000000,0,27,0,35,88,88,0,0,0,2,1
40,400105,1,1,0,0,0,4,4,9,0,6,4,2011,4,3,45,1,1,1,I-40,,21,35.23125833,-99.963616670,0,1,0,0,1,1,1,0,2,1,0,1,0,0000000,3,51,4,14,4,39,0,0,0,2,0
40,400106,1,1,0,0,0,1,1,99,0,6,4,2011,4,8,9,0,6,6,DAIRY RD,,0,34.59323333,-96.986752780,0,53,0,0,1,1,4,0,2,1,0,1,0,0000000,9,14,9,31,10,23,0,0,0,1,0
40,400107,1,1,0,0,0,1,1,137,0,24,3,2011,5,7,8,1,2,2,US-81,,27,34.32831944,-97.964986110,0,1,0,0,1,1,4,0,4,1,0,1,0,0000000,6,48,7,21,9,47,0,0,0,1,0
40,400108,1,1,0,1,1,1,1,67,5050,4,3,2011,6,20,25,0,4,3,SR-5,,75,34.21445833,-98.017558330,0,8,0,0,1,1,1,0,2,1,0,1,0,0000000,20,26,20,32,20,49,0,0,0,1,0
40,400109,2,1,1,0,2,1,3,21,4600,5,3,2011,7,16,20,0,13,2,US-62,,4,35.86263889,-94.976672220,0,14,0,0,1,1,5,0,1,1,0,1,0,0000000,16,19,16,26,16,50,0,0,0,1,0
40,400110,1,1,0,0,0,3,3,65,0,23,3,2011,4,19,40,0,6,4,CO RD 1560,CO RD 2030,0,34.75448889,-99.352491670,0,58,0,0,3,3,4,0,1,1,0,1,0,0000000,18,59,19,3,19,21,0,0,0,1,0
40,400111,1,1,0,0,0,1,1,143,4780,4,4,2011,2,16,25,0,14,4,S 33RD WEST AVE,,0,36.03540000,-96.029638890,0,42,0,0,1,1,4,0,1,10,0,10,0,0000000,16,22,16,31,88,88,0,0,0,1,0
40,400112,1,1,0,0,0,2,2,13,0,23,3,2011,4,22,26,0,4,3,SR-48,,12,34.09647222,-96.364827780,0,1,0,0,1,1,4,0,2,10,0,10,0,0000000,22,26,22,36,23,23,0,0,0,1,0
40,400113,1,1,0,0,0,1,1,49,0,1,4,2011,6,18,4,0,4,2,US-77,,58,34.68403056,-97.212175000,0,38,0,0,1,1,4,0,1,1,0,1,0,0000000,18,2,18,10,99,99,0,0,0,1,1
40,400114,1,1,0,0,0,1,1,125,0,10,4,2011,1,2,33,0,6,4,CO RD HAZEL DELL RD,,0,35.44938056,-97.069769440,0,1,0,0,1,1,1,0,2,10,0,10,0,0000000,2,36,2,50,88,88,0,0,0,1,1
40,400115,1,1,0,1,1,5,5,153,0,14,3,2011,2,21,33,0,6,4,CO RD NS 192.5,,0,36.53919444,-99.461500000,0,8,0,0,1,1,1,0,2,1,0,1,0,0000000,21,36,21,53,88,88,0,0,0,1,0
40,400116,2,2,0,0,0,2,2,27,3430,26,1,2011,4,14,22,1,11,1,I-35 OFF-RAMP,,13,35.20382778,-97.479755560,0,12,1,1,5,1,1,0,1,1,0,1,0,0000000,14,28,14,32,15,18,0,0,0,1,0
40,400117,2,2,0,0,0,3,3,23,0,6,4,2011,4,15,9,0,6,4,CO RD 4220,,0,33.96068333,-95.521333330,0,12,6,0,1,1,4,0,1,1,0,1,0,0000000,15,6,15,18,16,18,0,0,0,1,0
40,400118,1,1,0,0,0,1,1,79,0,17,4,2011,1,17,12,1,2,2,US-59,,29,35.23679722,-94.723736110,0,18,0,0,1,1,4,0,1,1,0,1,0,0000000,17,4,17,24,88,88,0,0,0,1,0
40,400119,1,1,0,0,0,2,2,91,920,23,2,2011,4,17,27,0,4,2,US-266,,178,35.47077222,-95.525927780,0,1,0,0,1,1,4,0,1,10,0,10,0,0000000,17,43,17,47,18,31,0,0,0,1,0
40,400120,1,1,0,1,1,1,1,109,1480,19,3,2011,7,21,7,0,14,6,SOUTH BOULEVARD,EAST 5TH ST,0,35.64965833,-97.478116670,0,8,0,0,2,2,1,0,2,10,0,10,0,0000000,21,9,21,18,22,7,0,0,0,1,0
40,400121,2,2,0,0,0,3,3,119,0,23,3,2011,4,19,30,0,6,4,NORFOLK RD,FAIRLAWN RD,0,36.02916111,-96.714125000,0,12,6,0,2,2,1,0,5,1,0,1,0,0000000,19,30,19,37,20,51,0,0,0,1,0
40,400122,1,1,0,0,0,1,1,153,0,26,2,2011,7,7,16,0,4,4,CO RD N/S 203,,0,36.34839167,-99.389438890,0,38,0,0,1,1,4,0,2,3,0,3,0,0000000,6,47,6,59,7,18,0,0,0,1,1
40,400123,2,2,0,0,0,3,3,139,0,8,4,2011,6,5,5,1,2,2,US-54,,73,36.93128611,-101.102847220,0,12,2,0,1,1,1,0,2,5,0,5,0,0000000,5,20,5,40,6,27,0,0,0,1,0
40,400124,3,3,0,0,0,3,3,83,0,13,4,2011,4,16,48,0,4,3,SR-74,FORREST HILLS,40,35.78365278,-97.584877780,0,12,1,0,2,2,1,0,1,1,0,1,0,0000000,16,57,17,11,17,51,0,0,0,1,0
40,400125,1,1,0,0,0,1,1,89,0,15,4,2011,6,18,15,0,6,4,COUNTY RD,,0,33.91156389,-95.017380560,0,38,0,0,1,1,4,0,1,1,0,1,0,0000000,18,20,18,41,88,88,0,0,0,1,0
40,400126,1,1,0,0,0,1,1,135,3290,24,4,2011,1,10,45,1,1,1,I-40,,121,35.39356111,-94.612975000,0,42,0,0,1,1,4,0,1,2,0,2,0,0000000,10,47,10,58,88,88,0,0,0,1,0
40,400127,2,2,0,0,0,3,3,41,0,9,3,2011,4,13,40,0,3,2,US-59,BUTLER RD,104,36.53955000,-94.773405560,0,12,2,0,3,1,1,0,1,10,0,10,0,0000000,13,52,13,54,14,12,0,0,0,2,0
40,400128,1,1,0,0,0,2,2,77,0,7,4,2011,5,18,59,0,4,3,SR-1,,2,34.83044444,-95.511144440,0,35,0,0,1,1,4,0,1,10,0,10,0,0000000,18,56,19,1,19,50,0,0,0,1,0
40,400129,1,1,0,0,0,1,1,143,4780,16,4,2011,7,1,29,0,14,6,E 51ST ST,US-169,56,36.08922500,-95.858475000,0,24,0,1,19,1,4,0,3,1,0,1,0,413302U,1,30,1,37,2,0,0,0,0,1,0
40,400130,1,1,0,0,0,1,1,109,3550,9,4,2011,7,22,14,0,6,6,NW 27TH ST,N GRAND BLVD,0,35.49686944,-97.579780560,0,1,0,0,2,2,1,0,3,10,0,10,0,0000000,99,99,99,99,88,88,0,0,0,1,1
40,400131,1,1,0,1,1,2,2,145,1150,7,4,2011,5,2,23,0,13,3,SR-51,,77,35.97980556,-95.665591670,0,8,0,0,1,1,1,0,2,10,0,10,0,0000000,2,26,2,36,88,88,0,0,0,1,0
40,400132,2,2,0,0,0,2,2,51,960,12,4,2011,3,15,5,1,13,2,US-62,9TH ST,90,35.05238056,-97.944119440,0,1,0,0,2,2,1,0,1,1,0,1,0,0000000,15,8,15,14,88,88,0,0,0,1,0
40,400133,1,1,0,1,1,1,1,85,0,5,4,2011,3,20,47,0,4,4,EASTMAN RD,,0,34.01878889,-97.265091670,0,8,0,0,1,1,1,0,2,1,0,1,0,0000000,20,44,21,3,88,88,0,0,0,1,0
40,400134,1,1,0,0,0,1,1,17,0,26,4,2011,3,13,56,0,6,4,RENO RD W,,0,35.46444722,-98.068083330,0,1,0,0,1,1,1,0,1,1,0,1,0,0000000,99,99,99,99,88,88,0,0,0,1,0
40,400135,2,2,0,0,0,5,5,113,0,31,3,2011,5,7,46,1,2,2,US-60,,23,36.70259167,-96.313572220,0,12,6,0,1,1,1,4,4,2,0,2,0,0000000,7,57,8,18,8,55,0,0,0,2,0
40,400136,2,2,0,0,0,2,2,91,0,24,4,2011,1,8,50,1,2,8,INDIAN NATION TPK,,122,35.31290556,-95.953536110,0,12,6,0,1,1,1,0,1,2,0,2,0,0000000,8,50,9,32,10,5,0,0,0,1,0
40,400137,2,2,0,0,0,7,7,15,0,7,4,2011,5,13,30,0,4,2,US-277,,103,34.92753611,-98.110863890,0,12,2,0,1,1,4,0,1,1,0,1,0,0000000,13,33,13,51,14,45,0,0,0,4,0
40,400138,2,2,0,0,0,2,2,69,4740,6,4,2011,4,15,57,0,3,2,US-377S,US-22W,52,34.23892500,-96.695369440,0,12,6,0,2,4,1,0,1,1,0,1,0,0000000,15,57,16,3,88,88,0,0,0,1,0
40,400139,1,1,0,1,1,1,1,101,3310,23,4,2011,7,20,28,1,13,2,US-69,W OKMULGEE ST,158,35.75469167,-95.402441670,0,8,0,0,3,2,1,0,3,1,0,1,0,0000000,20,29,20,32,88,88,0,0,0,1,0
40,400140,2,2,0,0,0,2,2,117,0,28,4,2011,5,2,22,1,2,2,US-412,,63,36.22487222,-96.706819440,0,12,6,0,1,1,1,0,2,1,0,1,0,0000000,2,28,2,38,3,47,0,0,0,1,1
40,400141,1,1,0,0,0,1,1,121,0,3,5,2011,3,16,22,0,3,2,US-270,,39,34.94006667,-96.029611110,0,38,0,0,1,1,4,4,1,1,0,1,0,0000000,16,25,16,39,88,88,0,0,0,1,0
40,400142,1,1,0,0,0,1,1,109,3550,18,4,2011,2,21,35,1,11,1,I-35,,6,35.38587222,-97.494933330,0,33,0,0,1,1,10,0,3,1,0,1,0,0000000,2,38,2,44,88,88,18,0,0,1,1
40,400143,2,2,0,0,0,2,2,31,0,28,4,2011,5,15,35,1,1,1,I-44 EXIT RAMP,SR-49,152,34.71131944,-98.397455560,0,1,0,1,5,1,4,0,1,1,0,1,0,0000000,15,32,15,53,17,3,0,0,0,1,1
40,400144,2,2,0,0,0,3,3,143,4780,30,4,2011,7,21,10,0,13,3,SR-51,,95,36.09001389,-95.837475000,0,1,0,0,1,1,1,0,2,1,0,1,0,0000000,21,12,21,22,88,88,14,0,0,2,1
40,400145,1,1,0,0,0,1,1,37,0,2,5,2011,2,22,35,1,1,1,I-44,,269,35.96998611,-96.218058330,0,38,0,0,1,1,4,0,2,1,0,1,0,0000000,23,11,23,21,88,88,0,0,0,1,0
40,400146,1,1,0,0,0,1,1,125,0,30,4,2011,7,20,52,0,6,4,CO RD N/S 346,,0,35.30841389,-96.842250000,0,1,0,0,1,1,4,0,2,1,0,1,0,0000000,99,99,99,99,88,88,0,0,0,1,1
40,400147,2,2,0,0,0,2,2,143,4780,2,3,2011,4,16,40,0,16,6,N HARVARD AVE,E LATIMER PL,0,36.17073333,-95.940327780,0,12,6,0,2,3,1,0,1,1,0,1,0,0000000,16,45,16,51,17,33,0,0,0,1,0
40,400149,1,1,0,0,0,3,3,107,0,8,5,2011,1,9,50,1,1,1,I-40,,30,35.39785278,-96.392255560,0,1,0,0,1,1,3,0,1,1,0,1,0,0000000,9,59,10,43,11,20,0,0,0,1,0
40,400150,1,1,0,0,0,2,2,19,0,23,4,2011,7,16,22,0,3,2,US-177,SR-53,72,34.28895278,-96.968252780,0,1,0,0,3,3,4,0,1,10,0,10,0,0000000,16,24,16,39,17,24,0,0,0,1,0
40,400151,1,1,0,0,0,1,1,143,4780,8,5,2011,1,23,13,1,12,2,US-51,,87,36.11317500,-95.896961110,0,1,0,0,1,1,1,0,2,1,0,1,0,0000000,23,12,23,14,23,35,0,0,0,1,0
40,400152,2,2,0,0,0,2,2,99,0,20,1,2011,5,21,15,0,3,2,US-177,WEST TULSA AVE,1,34.51288056,-96.968408330,0,12,2,0,3,2,1,0,3,1,0,1,0,0000000,20,59,21,3,21,16,0,0,0,1,0
40,400153,2,2,0,0,0,8,8,27,3550,24,4,2011,1,13,50,0,4,6,17000 S PEEBLY RD,,0,35.30031111,-97.212438890,0,12,2,0,1,1,1,0,1,2,0,2,0,0000000,13,51,14,13,15,20,0,0,0,2,0
40,400154,1,1,0,0,0,3,3,87,3378,26,3,2011,7,0,9,1,1,1,I-44 ON RAMP,,0,35.28467222,-97.599875000,0,33,0,1,5,1,4,0,2,10,0,10,0,0000000,99,99,99,99,99,99,0,0,0,1,0
40,400155,1,1,0,0,0,1,1,127,0,2,5,2011,2,6,35,0,2,3,SR-3,,140,34.19885278,-95.373302780,0,24,0,0,1,1,4,0,1,2,0,2,0,0000000,6,45,7,2,88,88,0,0,0,1,1
40,400156,1,1,0,0,0,1,1,99,0,7,5,2011,7,23,21,1,1,1,I-35,,29,34.41679444,-97.137052780,0,35,0,0,1,1,4,0,2,1,0,1,0,0000000,23,21,23,28,88,88,0,0,0,1,1
40,400157,2,2,0,0,0,2,2,147,0,20,4,2011,4,21,59,1,2,2,US-75,,88,36.85556667,-95.935208330,0,12,8,0,1,1,1,0,2,1,0,1,0,0000000,99,99,99,99,88,88,0,0,0,1,1
40,400158,2,2,0,0,0,2,2,141,1260,10,5,2011,3,12,55,0,3,2,US-183,,26,34.23876667,-99.075827780,0,12,6,0,1,1,1,0,1,1,0,1,0,0000000,12,56,13,1,88,88,0,0,0,1,0
40,400159,1,1,0,1,1,1,1,107,0,13,5,2011,6,1,11,1,1,1,I-40,,31,35.39852778,-96.390688890,0,9,0,0,1,1,1,0,2,10,0,10,0,0000000,99,99,99,99,88,88,0,0,0,1,0
40,400160,2,2,0,0,0,3,3,109,1300,19,4,2011,3,17,1,0,6,6,RENO AVE,SCOTT AVE,0,35.46409167,-97.454794440,0,12,6,0,2,3,1,8,1,1,0,1,0,0000000,16,59,17,2,17,37,0,0,0,1,0
40,400162,1,1,0,0,0,2,2,47,1550,2,5,2011,2,4,51,0,14,6,W WILLOW RD,,0,36.41975556,-97.915822220,0,38,0,0,1,1,4,0,3,10,0,10,0,0000000,99,99,99,99,99,99,0,0,0,1,0
40,400163,1,1,0,0,0,1,1,109,3550,6,5,2011,6,1,14,0,14,6,E HEFNER RD,,0,35.58012778,-97.503008330,0,1,0,0,1,1,4,1,2,1,0,1,0,0000000,99,99,99,99,88,88,0,0,0,1,1
40,400164,1,1,0,0,0,1,1,37,0,29,4,2011,6,18,35,0,3,3,SR-48,,198,36.15828056,-96.400494440,0,52,0,0,1,1,4,0,1,1,0,1,0,0000000,18,26,18,36,18,48,0,0,0,1,0
40,400165,2,2,0,0,0,2,2,109,3550,9,5,2011,2,12,10,1,11,1,I-40,,91,35.46236389,-97.512208330,0,12,1,0,1,1,1,0,1,1,0,1,0,0000000,12,12,12,12,13,22,0,0,0,1,0
40,400166,1,1,0,0,0,1,1,3,0,14,5,2011,7,22,35,0,4,3,SR-38,,49,36.72376111,-98.163413890,0,1,0,0,1,1,1,0,2,1,0,1,0,0000000,22,36,22,59,23,33,0,0,0,1,1
40,400167,3,3,0,0,0,3,3,61,0,8,5,2011,1,20,5,0,4,3,SR-71,,10,35.17381389,-95.390388890,0,12,6,0,1,1,1,0,5,10,0,10,0,0000000,20,13,20,32,22,10,0,0,0,1,1
40,400168,2,2,0,0,0,2,2,119,0,3,5,2011,3,16,46,1,1,1,I-35,,76,36.09661944,-97.345002780,0,12,1,0,1,1,1,0,1,10,0,10,0,0000000,16,51,17,19,17,59,0,0,0,1,0
40,400169,1,1,0,1,1,1,1,109,3550,15,4,2011,6,0,1,0,16,6,N MARTIN LUTHER KING,,0,35.51410556,-97.476688890,0,8,0,0,1,1,1,0,3,1,0,1,0,0000000,99,99,99,99,99,99,0,0,0,1,0
40,400170,3,2,1,0,0,5,5,109,3550,30,4,2011,7,18,4,0,16,6,S HARRAH RD,,0,35.39597778,-97.159652780,0,12,2,0,1,1,1,0,1,1,0,1,0,0000000,18,5,18,26,19,9,0,0,0,2,0
40,400171,1,1,0,0,0,3,3,115,0,8,5,2011,1,20,20,0,6,4,CR SOUTH 700,,0,36.89911667,-94.625930560,0,1,0,0,1,1,1,0,5,1,0,1,0,0000000,20,26,20,40,21,30,0,0,0,1,0
40,400172,2,2,0,0,0,3,3,119,0,9,5,2011,2,16,43,0,6,6,EAST 68TH ST,SOUTH UNION RD,0,36.04357778,-96.962391670,0,12,6,0,2,2,1,0,1,10,0,10,0,0000000,99,99,99,99,99,99,0,0,0,1,1
40,400173,2,2,0,0,0,2,2,27,3430,14,3,2011,2,17,20,0,16,6,LINDSEY ST,,0,35.20862500,-97.494225000,0,12,2,0,1,1,1,0,1,10,0,10,0,0000000,17,22,17,29,17,53,0,0,0,1,0
40,400174,1,1,0,0,0,1,1,51,0,6,5,2011,6,6,1,1,2,2,US-81,,43,34.74395278,-97.958094440,0,11,0,0,1,1,1,0,2,10,0,10,0,0000000,6,15,6,34,7,6,0,0,0,1,0
40,400175,2,2,0,0,0,2,2,143,590,14,5,2011,7,1,25,0,16,6,W OMAHA ST,N BATTLE CREEK DR,0,36.08991111,-95.804033330,0,12,6,0,1,1,1,0,2,1,0,1,0,0000000,1,28,1,34,2,3,0,0,0,1,0
40,400176,1,1,0,0,0,1,1,113,0,14,5,2011,7,11,41,0,3,3,SR-11,,108,36.59415833,-96.206744440,0,38,0,0,1,1,4,0,1,10,0,10,0,0000000,99,99,99,99,88,88,0,0,0,1,0
40,400177,1,1,0,0,0,5,5,9,1510,14,5,2011,7,20,41,1,11,1,I-40 OFFRAMP,S EASTERN AVE,155,35.40802500,-99.382644440,0,1,0,1,3,3,4,0,1,10,0,10,0,0000000,20,51,20,54,21,15,0,0,0,1,0
40,400178,2,2,0,0,0,2,2,103,0,19,5,2011,5,14,33,0,3,2,US-177,,77,36.40164167,-97.067511110,0,12,2,0,1,1,1,0,1,10,0,10,0,0000000,14,36,14,56,15,47,0,0,0,1,0
40,400179,1,1,0,0,0,2,2,113,0,17,5,2011,3,21,9,0,6,4,CO RD 4070,,0,36.69900833,-96.385861110,0,42,0,0,1,1,4,0,2,1,0,1,0,0000000,21,22,21,54,22,35,0,0,0,1,0
40,400180,2,2,0,0,0,4,4,87,3378,22,5,2011,1,9,10,0,4,3,SR-76,NW 24TH ST,98,35.27700833,-97.653222220,0,12,6,0,2,2,1,0,1,1,0,1,0,0000000,9,10,9,19,9,51,0,0,0,2,0
40,400181,2,2,0,0,0,6,6,109,3550,2,4,2011,7,20,50,0,16,6,N COUNCIL RD,NW 164TH ST,0,35.63849722,-97.656305560,0,12,1,0,3,2,1,0,2,1,0,1,0,0000000,20,55,21,8,21,51,0,0,0,1,0
40,400182,1,1,0,0,0,1,1,143,0,6,5,2011,6,2,32,0,6,4,57TH W AVE,,0,36.10886111,-96.056322220,0,1,0,0,1,1,4,0,2,10,0,10,0,0000000,2,25,2,36,88,88,0,0,0,1,1