STATE,ST_CASE,VE_TOTAL,VE_FORMS,PVH_INVL,PEDS,PERNOTMVIT,PERMVIT,PERSONS,COUNTY,CITY,DAY,MONTH,YEAR,DAY_WEEK,HOUR,MINUTE,NHS,ROAD_FNC,ROUTE,TWAY_ID,TWAY_ID2,MILEPT,LATITUDE,LONGITUD,SP_JUR,HARM_EV,MAN_COLL,RELJCT1,RELJCT2,TYP_INT,REL_ROAD,WRK_ZONE,LGT_COND,WEATHER1,WEATHER2,WEATHER,SCH_BUS,RAIL,NOT_HOUR,NOT_MIN,ARR_HOUR,ARR_MIN,HOSP_HR,HOSP_MN,CF1,CF2,CF3,FATALS,DRUNK_DR
40,400183,2,2,0,0,0,3,3,131,0,23,5,2011,2,18,0,1,2,2,US-169,,125,36.53425833,-95.700619440,0,12,2,0,1,1,1,4,1,2,0,2,0,0000000,18,3,18,8,19,31,0,0,0,1,0
40,400184,1,1,0,0,0,4,4,121,0,24,5,2011,3,13,20,0,6,4,BLANCO RD,,0,34.77490000,-95.776855560,0,38,0,0,1,1,4,0,1,10,0,10,0,0000000,13,49,14,5,14,57,0,0,0,1,0
40,400185,2,2,0,0,0,4,4,99,0,6,5,2011,6,6,45,0,4,3,SR-7,,114,34.51091111,-96.926466670,0,12,1,0,1,1,1,0,4,1,0,1,1,0000000,6,49,7,18,8,44,0,0,0,1,0
40,400186,1,1,0,0,0,1,1,137,0,11,5,2011,4,1,7,0,4,4,CO RD N/S 304,,0,34.47048056,-97.580033330,0,39,0,0,1,1,4,0,2,1,0,1,0,0000000,1,6,1,20,88,88,0,0,0,1,1
40,400187,2,2,0,0,0,4,4,99,0,20,5,2011,6,8,28,0,4,2,US-77,,34,34.55075556,-97.132663890,0,12,6,0,1,1,1,0,1,2,0,2,0,0000000,8,21,9,16,10,30,0,0,0,2,0
40,400188,1,1,0,0,0,1,1,39,0,22,5,2011,1,10,10,1,1,1,I-40,,8,35.51613056,-98.904077780,0,57,0,0,1,1,3,0,1,1,0,1,0,0000000,10,14,10,17,10,35,0,0,0,1,0
40,400189,1,1,0,0,0,1,1,131,0,29,5,2011,1,5,0,0,4,4,CO RD E/W 370,,0,36.48125000,-95.521705560,0,1,0,0,1,1,4,0,2,10,0,10,0,0000000,5,12,5,33,88,88,0,0,0,1,1
40,400190,1,1,0,1,1,1,1,105,0,9,5,2011,2,7,10,0,4,3,SR-28,,13,36.76468056,-95.606583330,0,8,0,0,1,1,2,0,1,10,0,10,0,0000000,7,18,7,26,88,88,0,0,0,1,0
40,400191,1,1,0,0,0,4,4,79,0,20,5,2011,6,2,0,0,6,4,NO NAME,,0,34.67485278,-94.937602780,0,38,0,0,1,1,4,0,2,10,0,10,0,0000000,2,26,2,41,3,53,0,0,0,1,1
40,400192,2,2,0,0,0,2,2,61,4450,12,5,2011,5,18,10,0,3,3,SR-9,S CITY LAKE RD,83,35.26074722,-95.096138890,0,1,0,0,2,2,1,8,1,2,0,2,0,0000000,18,0,18,11,18,14,0,0,0,1,1
40,400193,4,1,3,0,0,1,1,31,2750,13,5,2011,6,9,33,0,16,6,SW LEE BLVD,SW RIDGE TERR,0,34.59405556,-98.447519440,0,1,0,0,3,3,4,0,1,10,0,10,0,0000000,9,36,9,40,10,7,0,0,0,1,0
40,400194,2,2,0,0,0,5,5,125,367,24,5,2011,3,12,9,0,6,6,COKER RD,,0,35.29111667,-96.983430560,0,12,2,0,1,1,1,0,1,10,0,10,0,0000000,12,8,12,20,12,53,0,0,0,2,0
40,400195,1,1,0,0,0,1,1,53,0,30,5,2011,2,12,0,0,6,4,CO RD 960,,0,36.96484444,-97.732669440,0,1,0,0,1,1,4,0,1,10,0,10,0,0000000,12,20,12,35,88,88,0,0,0,1,0
40,400196,2,2,0,0,0,2,2,109,3550,5,5,2011,5,0,54,0,16,6,NW 122ND ST,,0,35.59454167,-97.629638890,0,12,2,0,1,1,1,0,2,1,0,1,0,0000000,0,55,1,0,1,33,0,0,0,1,0
40,400197,2,2,0,0,0,5,5,97,0,8,5,2011,1,17,46,0,3,3,SR-82,,58,36.33357222,-95.077391670,0,12,2,0,1,1,1,0,1,1,0,1,0,0000000,17,43,17,56,88,88,0,0,0,2,0
40,400198,3,1,2,0,0,3,3,109,3550,15,5,2011,1,2,15,0,16,6,SW 39TH ST,,0,35.42550556,-97.571333330,0,33,0,0,1,1,4,0,3,1,0,1,0,0000000,2,22,2,32,3,15,0,0,0,1,1
40,400199,1,1,0,1,1,1,1,143,4780,26,5,2011,5,8,15,0,16,6,N PEORIA AVE,,0,36.20688333,-95.975608330,0,8,0,0,1,1,1,0,1,10,0,10,0,0000000,8,15,8,20,8,45,0,0,0,1,0
40,400200,1,1,0,0,0,4,4,135,0,29,5,2011,1,21,40,0,4,3,SR-10A,,29,35.61932222,-95.086741670,0,42,0,0,1,1,4,0,2,1,0,1,0,0000000,21,32,21,55,22,54,0,0,0,1,1
40,400201,2,2,0,0,0,6,6,87,3378,3,4,2011,1,10,0,0,4,3,SR-130,COUNTRY CLUB RD,20,35.24738889,-97.617811110,0,12,6,0,2,2,1,0,1,10,0,10,0,0000000,10,1,10,4,10,48,0,0,0,1,0
40,400202,1,1,0,0,0,1,1,143,0,24,5,2011,3,19,56,0,6,4,GARNETT RD,,0,36.39026944,-95.848066670,0,24,0,0,1,1,4,0,5,2,0,2,0,0000000,99,99,99,99,88,88,0,0,0,1,1
40,400203,1,1,0,0,0,1,1,17,3550,6,5,2011,6,13,35,0,4,3,SR-92,,18,35.41785556,-97.760016670,0,52,0,0,1,1,4,0,1,1,0,1,0,0000000,99,99,99,99,99,99,0,0,0,1,0
40,400204,2,2,0,0,0,2,2,39,0,26,5,2011,5,11,5,0,3,3,SR-33,,56,35.67723056,-98.864133330,0,12,1,0,1,1,1,0,1,1,0,1,0,0000000,11,7,11,19,88,88,0,0,0,1,0
40,400205,1,1,0,0,0,1,1,149,0,1,6,2011,4,2,0,0,6,4,CO RD 1120,,0,35.39256667,-99.170119440,0,30,0,0,1,1,4,0,2,10,0,10,0,0000000,3,48,3,54,88,88,0,0,0,1,1
40,400206,3,3,0,2,2,3,3,113,0,26,5,2011,5,0,2,0,3,3,SR-99,,120,36.56939722,-96.314130560,0,12,6,0,1,1,1,0,2,10,0,10,0,0000000,0,24,1,9,1,35,23,19,0,2,0
40,400207,1,1,0,0,0,1,1,125,0,30,5,2011,2,15,45,0,3,3,SR-39,,108,34.98596389,-96.967158330,0,42,0,0,1,1,4,0,1,1,0,1,0,0000000,15,5,15,46,16,22,0,0,0,1,1
40,400208,2,2,0,0,0,8,8,91,0,4,6,2011,7,10,44,1,2,8,INDIAN NATION TPK,,127,35.31956111,-95.956011110,0,24,0,0,1,1,4,0,1,1,0,1,0,0000000,10,55,11,40,12,18,0,0,0,7,0
40,400209,2,2,0,0,0,2,2,119,0,5,6,2011,1,3,41,1,1,1,I-35,,11,36.00311389,-97.349755560,0,12,1,0,1,1,1,0,2,1,0,1,0,0000000,3,34,3,45,4,23,0,0,0,1,1
40,400210,1,1,0,0,0,2,2,15,0,21,5,2011,7,16,4,1,1,1,I-40,,81,35.52930833,-98.481055560,0,57,0,0,1,1,3,0,1,10,0,10,0,0000000,16,26,16,39,17,15,0,0,0,1,0
40,400211,1,1,0,1,1,2,2,109,0,1,4,2011,6,21,39,0,6,4,S HARRAH RD,,0,35.40874444,-97.159694440,0,8,0,0,1,1,1,0,2,1,0,1,0,0000000,21,37,22,2,22,28,0,0,0,1,0
40,400212,2,2,0,0,0,2,2,143,590,13,4,2011,4,20,43,0,16,6,W WASHINGTON ST,SOUTH ELM PL,0,36.03191944,-95.797488890,0,12,6,0,2,2,1,0,3,1,0,1,0,0000000,20,44,20,46,21,17,0,0,0,1,0
40,400213,2,2,0,0,0,2,2,109,3550,26,5,2011,5,6,0,0,16,6,NW 150TH ST,,0,35.62363611,-97.597227780,0,12,2,0,1,1,1,0,4,1,0,1,0,0000000,6,0,6,9,6,39,0,0,0,1,0
40,400214,1,1,0,0,0,1,1,49,0,9,6,2011,5,2,38,0,6,4,CO RD 3195,,0,34.77104444,-97.309319440,0,42,0,0,1,1,4,0,2,1,0,1,0,0000000,2,35,2,47,88,88,0,0,0,1,1
40,400215,4,4,0,0,0,11,11,107,860,14,6,2011,3,17,15,0,4,2,US-62,SR-48,0,35.47185833,-96.388416670,0,12,6,0,2,2,1,0,1,10,0,10,0,0000000,17,15,17,21,17,54,0,0,0,1,0
40,400216,1,1,0,0,0,1,1,19,210,12,6,2011,1,3,27,0,13,3,SR-199,SUNSET,9,34.17300556,-97.151447220,0,33,0,0,2,2,4,0,3,1,0,1,0,0000000,3,30,3,38,88,88,0,0,0,1,1
40,400217,1,1,0,0,0,2,2,111,2270,17,5,2011,3,15,22,0,6,4,HOFFMAN RD,,0,35.49256389,-95.859813890,0,42,0,0,1,1,4,0,1,1,0,1,0,0000000,15,24,15,44,17,13,0,0,0,1,0
40,400218,1,1,0,0,0,4,4,15,0,1,6,2011,4,7,45,0,4,3,SR-58,,47,35.16984167,-98.600816670,0,35,0,0,1,1,4,0,1,10,0,10,0,0000000,7,40,7,49,8,21,0,0,0,1,0
40,400219,1,1,0,1,1,2,2,145,590,21,5,2011,7,3,33,0,13,3,SR-51,,36,36.02118056,-95.714747220,0,8,0,0,1,1,1,0,2,10,0,10,0,0000000,3,33,3,41,4,14,0,0,0,1,0
40,400220,2,2,0,0,0,2,2,105,0,31,5,2011,3,5,33,1,2,2,US-60,,77,36.71355833,-95.677755560,0,12,2,0,1,1,1,0,4,10,0,10,0,0000000,5,31,5,32,88,88,0,0,0,1,0
40,400221,1,1,0,0,0,1,1,97,0,4,6,2011,7,15,19,0,4,3,SR-82,,58,36.27749444,-95.144941670,0,1,0,0,1,1,4,0,1,1,0,1,0,0000000,15,20,15,35,88,88,0,0,0,1,1
40,400222,1,1,0,0,0,1,1,23,0,11,6,2011,7,0,49,1,2,2,US-70,,112,34.02554722,-95.292322220,0,24,0,0,1,1,4,4,2,1,0,1,0,0000000,0,49,1,4,88,88,0,0,0,1,1
40,400223,2,2,0,0,0,2,2,143,3630,20,5,2011,6,2,47,1,12,2,US-169,,84,36.25995556,-95.847988890,0,12,2,0,1,1,1,0,2,1,0,1,0,0000000,2,46,2,47,88,88,0,0,0,1,1
40,400224,1,1,0,0,0,1,1,143,0,15,6,2011,4,20,2,0,3,3,SR-11,,25,36.38738889,-95.991408330,0,42,0,0,1,1,4,0,1,1,0,1,0,0000000,20,4,20,7,20,23,0,0,0,1,0
40,400225,2,2,0,0,0,2,2,109,1480,24,5,2011,3,16,37,0,14,6,N KELLY AVE,,0,35.65816667,-97.496066670,0,12,2,0,1,1,1,0,1,8,0,8,0,0000000,16,38,16,43,17,16,0,0,0,1,1
40,400226,1,1,0,1,1,1,1,43,0,27,5,2011,6,23,45,0,4,4,INDIAN RD,,0,36.14404167,-98.886925000,0,8,0,0,1,1,1,0,2,1,0,1,0,0000000,23,9,23,12,88,88,0,0,0,1,0
40,400227,2,2,0,0,0,3,3,121,2930,17,5,2011,3,7,44,0,15,6,VAN BUREN AVE,,0,34.93481667,-95.743408330,0,12,6,0,1,1,1,0,1,1,0,1,0,0000000,7,46,7,47,7,53,0,0,0,1,0
40,400228,2,2,0,0,0,3,3,143,1870,31,5,2011,3,7,59,1,2,2,US-75,,24,35.89080556,-96.015497220,0,12,1,0,1,1,1,0,1,1,0,1,0,0000000,8,3,8,11,8,46,0,0,0,1,0
40,400229,1,1,0,0,0,2,2,49,0,5,6,2011,1,22,13,0,4,3,SR-145,,19,34.82626944,-97.276236110,0,32,0,0,1,1,4,0,2,1,0,1,0,0000000,22,39,23,15,23,54,0,0,0,1,0
40,400230,2,2,0,0,0,4,4,79,0,2,6,2011,5,20,20,0,6,4,LATHAM RD,BLUE GOOSE RD,0,35.13080278,-94.786100000,0,12,6,0,2,2,1,0,1,1,0,1,0,0000000,20,19,20,35,22,1,0,0,0,1,1
40,400231,2,2,0,0,0,2,2,27,3430,17,2,2011,5,15,10,0,3,3,SR-9,60TH AVE SE,37,35.18929722,-97.354183330,0,12,6,0,2,2,1,0,1,1,0,1,0,0000000,15,12,15,19,15,46,0,0,0,1,0
40,400232,1,1,0,0,0,1,1,1,4470,3,4,2011,1,19,58,0,4,3,SR-51,,108,35.83766667,-94.636500000,0,35,0,0,1,1,4,0,5,1,0,1,0,0000000,19,59,20,2,88,88,0,0,0,1,0
40,400233,2,2,0,0,0,2,2,111,0,8,6,2011,4,22,5,1,2,2,US-75,,60,35.69199444,-95.975711110,0,12,2,0,1,1,1,0,2,1,0,1,0,0000000,22,7,22,11,23,15,0,0,0,1,1
40,400234,1,1,0,1,1,3,3,109,3550,16,6,2011,5,14,17,0,16,6,SW 32ND ST,,0,35.43168333,-97.546986110,0,8,0,0,1,1,1,0,1,1,0,1,0,0000000,14,18,14,25,88,88,0,0,0,1,0
40,400235,2,2,0,0,0,6,6,143,590,4,4,2011,2,18,56,0,16,6,ASPEN AVE,,0,36.04986111,-95.815350000,0,12,2,0,1,1,1,0,1,1,0,1,0,0000000,99,99,99,99,99,99,0,0,0,2,0
40,400236,2,2,0,0,0,5,5,31,2750,7,4,2011,5,17,39,0,16,6,NW 67TH ST,NW EISENHOWER DR,0,34.61097222,-98.474750000,0,12,6,0,2,3,1,0,1,10,0,10,0,0000000,17,41,17,46,18,1,0,0,0,1,1
40,400237,1,1,0,0,0,1,1,109,3550,6,3,2011,1,4,15,0,16,6,N BRYANT AVE,NE 4TH ST,0,35.47135278,-97.459177780,0,1,0,0,2,3,1,0,3,10,0,10,0,0000000,99,99,99,99,88,88,0,0,0,1,1
40,400238,4,4,0,0,0,5,5,109,3550,1,4,2011,6,9,10,0,16,6,NW 122ND ST,,0,35.59463333,-97.606958330,0,12,8,0,1,1,1,0,1,1,0,1,0,0000000,9,12,9,16,9,42,0,0,0,1,0
40,400239,1,1,0,0,0,1,1,17,3550,3,4,2011,1,7,13,0,16,6,W OVERHOLSER DR,,0,35.49621111,-97.688905560,0,42,0,0,1,1,4,0,2,1,0,1,0,0000000,99,99,99,99,88,88,0,0,0,1,1
40,400240,1,1,0,0,0,1,1,143,4780,1,5,2011,1,7,23,0,16,6,SOUTHWEST BLVD,,0,36.09009444,-96.039497220,0,59,0,0,1,1,4,0,1,2,0,2,0,0000000,7,4,7,11,88,88,0,0,0,1,0
40,400241,2,2,0,0,0,3,3,109,360,4,6,2011,7,18,0,0,16,6,NW 23RD ST,,0,35.49338056,-97.637394440,0,12,6,0,8,1,1,0,1,1,0,1,0,0000000,99,99,99,99,99,99,0,0,0,1,0
40,400242,2,2,0,0,0,4,4,87,0,2,6,2011,5,12,5,1,1,1,I-35,,195,35.11290833,-97.439369440,0,57,0,0,1,1,3,0,1,5,0,5,0,0000000,12,6,12,14,12,41,0,0,0,1,0
40,400243,2,2,0,0,0,3,3,7,0,6,6,2011,2,9,17,1,2,2,US-270,CO RD N/S 159,20,36.61617778,-100.164422220,0,12,6,0,3,3,4,0,1,1,0,1,0,0000000,9,24,9,45,11,57,0,0,0,1,0
40,400244,2,2,0,0,0,4,4,109,3550,8,6,2011,4,12,50,0,16,6,NE 36TH ST,N SOONER RD,0,35.50775833,-97.420375000,0,12,6,0,2,3,1,0,1,1,0,1,0,0000000,12,44,12,52,13,15,0,0,0,1,0
40,400245,1,1,0,0,0,1,1,39,0,20,6,2011,2,21,0,1,1,1,I-40,,73,35.52221389,-98.790816670,0,1,0,0,1,1,1,0,2,1,0,1,0,0000000,21,2,21,10,21,36,0,0,0,1,0
40,400246,1,1,0,0,0,2,2,67,0,25,6,2011,7,13,30,0,4,3,SR-89,,238,33.97660556,-97.569644440,0,1,0,0,1,1,1,0,1,10,0,10,0,0000000,13,29,13,52,88,88,0,0,0,1,0
40,400247,2,2,0,0,0,4,4,109,3550,26,6,2011,1,12,53,0,14,6,S PORTLAND AVE,SW 44TH ST,0,35.42070833,-97.583308330,0,12,6,0,2,2,1,0,1,1,0,1,0,0000000,12,55,13,3,13,18,0,0,0,1,0
40,400248,1,1,0,0,0,1,1,143,4780,28,6,2011,3,18,20,0,16,6,E 31ST ST,,0,36.11890833,-95.896091670,0,44,0,0,1,1,1,0,1,1,0,1,0,0000000,18,19,18,24,18,46,0,0,0,1,1
40,400249,2,2,0,0,0,3,3,41,5138,4,6,2011,7,19,0,1,13,2,US-412,,16,36.17635000,-94.576519440,0,12,6,0,8,1,1,0,1,1,0,1,0,0000000,99,99,99,99,99,99,0,0,0,1,0
40,400250,2,2,0,0,0,3,3,63,0,10,6,2011,6,16,51,0,3,2,US-270,,63,34.91276944,-96.155683330,0,12,7,0,1,1,1,0,1,1,0,1,0,0000000,17,8,17,36,18,36,0,0,0,1,0
40,400251,1,1,0,0,0,2,2,123,0,16,6,2011,5,10,36,0,4,4,CO RD 1480,,0,34.85396667,-96.652069440,0,34,0,0,1,1,4,0,1,1,0,1,0,0000000,10,26,10,35,11,13,0,0,0,1,0
40,400252,1,1,0,0,0,1,1,17,720,17,6,2011,6,6,9,0,4,2,US-270,,103,35.60653333,-98.132283330,0,1,0,0,1,1,1,0,4,1,0,1,0,0000000,99,99,99,99,88,88,0,0,0,1,0
40,400253,1,1,0,0,0,3,3,109,3550,18,6,2011,7,5,26,0,16,6,S AIR DEPOT,,0,35.39131944,-97.405969440,0,33,0,0,1,1,4,0,2,1,0,1,0,0000000,5,30,5,39,6,7,0,0,0,1,1
40,400254,1,1,0,0,0,1,1,41,0,19,6,2011,1,21,40,0,4,3,SR-20,,78,36.42355833,-94.662938890,0,38,0,0,1,1,4,0,2,1,0,1,0,0000000,21,55,22,5,22,19,0,0,0,1,1
40,400255,1,1,0,0,0,3,3,51,0,21,6,2011,3,20,6,1,1,1,I-44,,255,35.15865556,-97.795575000,0,35,0,0,1,1,4,0,1,1,0,1,0,0000000,20,12,20,38,21,1,0,0,0,1,0
40,400256,2,2,0,0,0,3,3,131,0,24,6,2011,6,16,45,0,4,3,SR-66,,71,36.39659167,-95.547680560,0,12,6,0,7,1,1,0,1,10,0,10,0,0000000,16,44,16,52,17,52,0,0,0,1,0
40,400257,1,1,0,0,0,1,1,143,400,26,6,2011,1,19,46,0,16,6,S SHERIDAN RD,,0,35.93272500,-95.904422220,0,42,0,0,1,1,4,0,9,99,0,99,0,0000000,19,46,19,50,88,88,0,0,0,1,1
40,400258,1,1,0,1,1,1,1,13,470,15,6,2011,4,23,49,1,2,2,US-270,,140,34.01663333,-96.133805560,0,8,0,0,1,1,1,0,2,10,0,10,0,0000000,1,53,2,1,88,88,0,0,0,1,0
40,400259,2,2,0,0,0,3,3,143,4780,4,7,2011,2,21,4,0,14,3,SR-11,,141,36.23003889,-95.975511110,0,12,6,0,8,1,1,0,5,1,0,1,0,0000000,21,2,21,8,21,26,0,0,0,1,0
40,400260,1,1,0,0,0,3,3,101,0,28,5,2011,7,17,59,0,4,3,SR-10,,155,35.73756389,-95.202466670,0,32,0,0,1,1,4,0,1,1,0,1,0,0000000,17,59,18,9,18,54,0,0,0,1,1
40,400261,1,1,0,0,0,2,2,51,0,18,6,2011,7,17,49,0,4,4,COX CITY RD,,0,34.72503333,-97.751197220,0,38,0,0,1,1,4,0,1,1,0,1,0,0000000,17,48,18,2,19,3,0,0,0,1,1
40,400262,1,1,0,0,0,3,3,101,0,26,6,2011,1,20,5,1,2,2,US-69,,78,35.65427500,-95.445897220,0,42,0,0,1,1,6,0,1,1,0,1,0,0000000,20,3,20,13,21,3,0,0,0,2,0
40,400263,3,3,0,0,0,3,3,79,0,29,6,2011,4,15,15,1,2,2,US-59,SR-83,70,34.98546667,-94.639475000,0,12,6,0,2,3,1,0,1,1,0,1,0,0000000,15,22,15,25,88,88,0,0,0,1,0
40,400264,2,2,0,0,0,2,2,111,0,30,6,2011,5,21,33,1,2,2,US-75A,,104,35.83716667,-96.068825000,0,12,2,0,1,1,1,0,5,1,0,1,0,0000000,21,35,21,44,23,21,0,0,0,1,1
40,400265,1,1,0,0,0,5,5,95,0,3,7,2011,1,5,30,0,6,4,WASHITA POINT RD,,0,33.93273889,-96.605200000,0,5,0,0,1,1,1,0,2,1,0,1,0,0000000,5,41,6,1,6,24,0,0,0,1,0
40,400266,1,1,0,0,0,2,2,63,2280,17,6,2011,6,5,13,0,14,6,OAKRIDGE RD,,0,35.07225278,-96.407583330,0,42,0,0,1,1,4,0,2,1,0,1,0,0000000,5,16,5,23,88,88,0,0,0,1,1
40,400267,2,2,0,0,0,2,2,93,0,6,7,2011,4,9,20,0,6,4,CO RD E500,COUNTY ROAD,0,36.28966111,-98.265683330,0,12,6,0,2,3,1,0,1,1,0,1,0,0000000,9,21,9,34,88,88,0,0,0,1,0
40,400268,1,1,0,0,0,2,2,41,0,26,6,2011,1,1,4,0,6,4,CO RD  S 510,,0,36.66473056,-94.963330560,0,1,0,0,1,1,4,0,2,1,0,1,0,0000000,1,30,2,7,2,49,0,0,0,1,1
40,400269,2,2,0,0,0,2,2,135,0,25,6,2011,7,9,4,1,2,2,US-59,CO RD S4640,47,35.52485000,-94.761919440,0,12,1,0,3,3,1,0,1,1,0,1,0,0000000,9,0,9,13,88,88,0,0,0,1,0
40,400270,1,1,0,0,0,1,1,143,4780,9,7,2011,7,3,39,0,16,6,S MINGO RD,,0,36.15736389,-95.868827780,0,1,0,0,1,1,4,0,2,1,0,1,0,0000000,3,39,3,46,4,10,0,0,0,1,1
40,400271,2,2,0,0,0,2,2,87,1350,25,6,2011,7,10,47,0,4,3,SR-39,180TH ST,87,34.97071667,-97.638836110,0,12,7,0,3,2,1,0,1,1,0,1,0,0000000,10,48,10,58,11,43,0,0,0,1,0
40,400272,1,1,0,0,0,1,1,61,0,13,7,2011,4,21,22,0,3,3,SR-9,,134,35.26069444,-95.005963890,0,58,0,0,1,1,4,0,2,1,0,1,0,0000000,21,21,21,30,88,88,0,0,0,1,1
40,400273,2,2,0,0,0,4,4,147,0,10,7,2011,1,11,47,1,2,2,US-75,,60,36.81425000,-95.935383330,0,12,6,0,8,1,1,0,1,10,0,10,0,0000000,11,45,11,52,12,13,0,0,0,2,0
40,400274,2,2,0,0,0,2,2,27,3550,20,6,2011,2,14,8,0,4,6,SE 149TH ST,S AIR DEPOT BLVD,0,35.31969444,-97.406050000,0,12,6,0,2,2,1,0,1,10,0,10,0,0000000,14,9,14,18,14,46,0,0,0,1,0
40,400275,1,1,0,0,0,2,2,109,3550,2,7,2011,7,22,8,0,13,6,W RENO AVE,DELMAR GARDENS AVE,0,35.46452778,-97.574972220,0,33,0,0,2,2,4,0,3,1,0,1,0,0000000,22,9,22,19,22,34,0,0,0,1,0
40,400276,1,1,0,0,0,1,1,109,3550,10,7,2011,1,6,11,0,14,6,N DOUGLAS BLVD,,0,35.53292500,-97.371161110,0,1,0,0,1,1,4,0,2,10,0,10,0,0000000,99,99,99,99,88,88,0,0,0,1,0
40,400277,2,2,0,0,0,2,2,5,4510,13,7,2011,4,7,40,1,2,2,US-69,BOND ST,81,34.46890000,-96.055611110,0,12,6,0,2,2,1,0,1,1,0,1,0,0000000,7,39,7,49,8,13,0,0,0,1,0
40,400278,2,2,0,0,0,2,2,71,4750,16,5,2011,2,21,36,0,6,6,PUBLIC RD,NORTH AVE,0,36.68100833,-97.300747220,0,12,6,0,2,2,1,0,3,1,0,1,0,0000000,21,33,21,34,21,54,0,0,0,1,0
40,400279,2,2,0,0,0,4,4,71,420,30,6,2011,5,20,50,0,13,3,SR-11,,74,36.81126944,-97.328386110,0,12,1,0,1,1,1,0,1,1,0,1,0,0000000,20,53,20,56,21,15,0,0,0,1,0
40,400280,2,2,0,0,0,2,2,19,0,6,7,2011,4,14,49,0,4,3,SR-76,SR-53,0,34.34718611,-97.492602780,0,12,6,0,3,4,1,0,1,1,0,1,0,0000000,14,50,15,12,16,26,0,0,0,1,0
40,400281,1,1,0,1,1,1,1,143,4780,17,7,2011,1,21,23,0,14,3,SR-11,,134,36.23990000,-95.975519440,0,8,0,0,1,1,1,0,2,1,0,1,0,0000000,21,17,21,33,23,5,0,0,0,1,0
40,400282,1,1,0,0,0,2,2,123,0,19,7,2011,3,9,0,1,2,3,SR-1W,,92,34.71003056,-96.729216670,0,43,0,0,1,1,4,0,1,1,0,1,0,0000000,9,6,9,6,88,88,0,0,0,1,0
40,400283,1,1,0,0,0,1,1,87,3378,22,6,2011,4,23,2,0,6,6,NW 16TH ST,,0,35.26183611,-97.635558330,0,1,0,0,1,1,4,0,2,10,0,10,0,0000000,23,14,23,27,88,88,0,0,0,1,0
40,400284,2,2,0,0,0,3,3,89,0,28,6,2011,3,20,58,0,4,3,SR-3,,107,33.89559722,-94.884055560,0,12,6,0,1,1,1,0,5,10,0,10,0,0000000,20,58,21,6,21,25,0,0,0,1,0
40,400285,2,2,0,0,0,2,2,73,0,25,6,2011,7,23,36,1,2,2,US-81,,72,35.95657500,-97.914066670,0,12,1,0,1,1,1,0,2,1,0,1,0,0000000,22,58,23,10,23,28,0,0,0,1,0
40,400286,1,1,0,0,0,3,3,11,0,14,7,2011,5,13,46,1,2,2,US-70,,2,35.87204444,-98.630144440,0,59,0,0,1,1,4,0,1,1,0,1,0,0000000,13,43,14,5,15,9,0,0,0,2,0
40,400287,2,2,0,0,0,2,2,73,0,15,7,2011,6,14,50,0,6,4,CO RD N2880,CO RD E0650,0,36.07300556,-97.872022220,0,12,6,0,2,2,1,0,1,1,0,1,0,0000000,99,99,99,99,88,88,0,0,0,1,0
40,400288,1,1,0,0,0,1,1,117,0,14,7,2011,5,11,7,0,3,3,SR-18,,3,36.16351667,-96.784236110,0,42,0,0,1,1,4,0,1,1,0,1,0,0000000,11,8,11,25,12,20,0,0,0,1,0
40,400289,1,1,0,0,0,1,1,83,0,15,7,2011,6,8,58,1,1,1,I-35,,44,35.78856111,-97.415766670,0,32,0,0,1,1,4,0,1,1,0,1,0,0000000,9,2,9,7,88,88,0,0,0,1,0
40,400290,1,1,0,0,0,1,1,93,0,24,7,2011,1,3,0,0,4,3,SR-58,,35,36.31691944,-98.296891670,0,1,0,0,1,1,4,0,2,1,0,1,0,0000000,99,99,99,99,88,88,0,0,0,1,1
40,400291,3,3,0,0,0,5,5,13,0,10,7,2011,1,15,25,1,2,2,US-70,,46,33.99754167,-96.293947220,0,12,6,0,1,1,1,0,1,1,0,1,0,0000000,15,26,15,36,16,3,0,0,0,1,1
40,400292,1,1,0,0,0,1,1,111,0,24,7,2011,1,23,47,0,4,3,SR-52,,30,35.55058889,-95.858000000,0,32,0,0,1,1,4,0,2,10,0,10,0,0000000,23,47,23,56,88,88,0,0,0,1,1
40,400293,1,1,0,0,0,1,1,111,0,13,7,2011,4,6,0,0,4,3,SR-62,,35,35.60968333,-95.798558330,0,42,0,0,1,1,4,0,2,10,0,10,0,0000000,6,2,6,11,6,42,0,0,0,1,0
40,400294,2,2,0,0,0,3,3,123,0,25,6,2011,7,8,10,0,3,3,SR-1E,,167,34.88345833,-96.433838890,0,12,2,0,1,1,1,0,1,10,0,10,0,0000000,8,20,8,31,88,88,0,0,0,2,0
40,400295,2,2,0,0,0,2,2,109,3550,29,6,2011,4,6,58,0,16,6,NE 23RD ST,KELLEY AVE,0,35.49318889,-97.494494440,0,12,6,0,2,2,1,0,1,2,0,2,0,0000000,99,99,99,99,99,99,0,0,0,1,0
40,400296,2,2,0,0,0,6,6,101,0,28,6,2011,3,15,5,0,4,3,SR-10,,164,35.74960833,-95.197030560,0,12,6,0,1,1,1,0,1,1,0,1,0,0000000,14,59,15,7,16,34,0,0,0,2,0
40,400297,1,1,0,0,0,1,1,5,0,20,7,2011,4,21,30,0,4,4,BOGGY DEPOT RD,,0,34.31675556,-96.182041670,0,21,0,0,1,1,4,0,2,1,0,1,0,0000000,21,19,21,26,22,1,0,0,0,1,0
40,400298,2,2,0,0,0,2,2,73,0,15,7,2011,6,1,0,0,6,4,CO RD N2860,,0,36.04574722,-97.907980560,0,12,6,0,1,1,1,0,2,1,0,1,0,0000000,99,99,99,99,99,99,0,0,0,1,2