STATE,ST_CASE,VE_TOTAL,VE_FORMS,PVH_INVL,PEDS,PERNOTMVIT,PERMVIT,PERSONS,COUNTY,CITY,DAY,MONTH,YEAR,DAY_WEEK,HOUR,MINUTE,NHS,ROAD_FNC,ROUTE,TWAY_ID,TWAY_ID2,MILEPT,LATITUDE,LONGITUD,SP_JUR,HARM_EV,MAN_COLL,RELJCT1,RELJCT2,TYP_INT,REL_ROAD,WRK_ZONE,LGT_COND,WEATHER1,WEATHER2,WEATHER,SCH_BUS,RAIL,NOT_HOUR,NOT_MIN,ARR_HOUR,ARR_MIN,HOSP_HR,HOSP_MN,CF1,CF2,CF3,FATALS,DRUNK_DR
40,400299,1,1,0,0,0,2,2,31,0,22,7,2011,6,12,15,1,1,1,I-44,,21,34.74085278,-98.374669440,0,43,0,0,1,1,4,0,1,10,0,10,0,0000000,12,14,12,19,13,25,0,0,0,1,0
40,400300,1,1,0,0,0,1,1,143,4780,26,7,2011,3,6,0,1,13,2,US-75,,23,36.18606389,-95.960455560,0,1,0,0,1,1,4,0,3,10,0,10,0,0000000,6,26,6,33,88,88,0,0,0,1,1
40,400301,1,1,0,0,0,1,1,51,0,21,7,2011,5,19,45,1,1,1,I-44,,241,35.14431111,-97.812813890,0,24,0,0,1,1,4,0,1,10,0,10,0,0000000,19,48,19,57,88,88,0,0,0,1,0
40,400302,2,2,0,0,0,4,4,71,0,7,7,2011,5,13,33,0,6,4,CO RD NORTH AVE,CO RD P STREET,0,36.68080556,-97.246888890,0,12,6,0,2,2,1,0,1,10,0,10,0,0000000,13,34,13,36,14,0,0,0,0,1,0
40,400303,3,3,0,0,0,5,5,117,0,17,7,2011,1,12,0,0,3,3,SR-48,,5,36.17007778,-96.401205560,0,12,6,0,1,1,2,0,1,1,0,1,0,0000000,12,33,12,54,13,24,0,0,0,1,0
40,400304,2,2,0,0,0,3,3,89,0,17,7,2011,1,1,55,0,4,3,SR-37,,19,33.88863333,-95.030844440,0,12,6,0,1,1,2,0,2,1,0,1,0,0000000,1,57,2,42,3,26,0,0,0,1,0
40,400305,1,1,0,0,0,1,1,31,2750,10,6,2011,6,23,38,0,16,6,NW ROGERS LN,,0,34.63827500,-98.404519440,0,33,0,0,1,1,4,0,2,2,0,2,0,0000000,99,99,99,99,88,88,0,0,0,1,1
40,400306,2,2,0,0,0,2,2,125,0,23,6,2011,5,9,33,0,3,3,SR-9,,92,35.26079722,-96.985005560,0,12,6,0,8,1,1,0,1,1,0,1,0,0000000,9,22,9,35,10,54,0,0,0,1,0
40,400307,1,1,0,1,1,1,1,127,0,17,7,2011,1,22,6,0,3,2,US-271,,393,34.60773889,-95.330352780,0,8,0,0,1,1,4,0,2,1,0,1,0,0000000,22,5,22,12,22,39,0,0,0,1,0
40,400308,1,1,0,0,0,1,1,153,0,1,7,2011,6,22,20,1,2,2,US-412,,32,36.43104167,-99.332683330,0,1,0,0,1,1,4,0,2,1,0,1,0,0000000,22,22,22,27,88,88,0,0,0,1,1
40,400309,2,2,0,0,0,7,7,119,0,17,7,2011,1,12,57,0,3,3,SR-51,,168,36.11120556,-96.751602780,0,12,2,0,1,1,1,0,1,1,0,1,0,0000000,12,55,13,21,14,10,0,0,0,5,0
40,400310,1,1,0,0,0,1,1,65,0,23,7,2011,7,23,55,0,4,4,CO RD 1580,,0,34.72508056,-99.348619440,0,32,0,0,1,1,4,0,2,1,0,1,0,0000000,23,49,23,59,0,29,0,0,0,1,1
40,400311,2,2,0,0,0,4,4,27,0,30,7,2011,7,23,50,0,4,3,SR-9,180TH AVE NE,400,35.23209722,-97.177086110,0,12,6,0,2,2,1,0,2,1,0,1,0,0000000,0,4,0,21,1,11,0,0,0,1,1
40,400312,1,1,0,0,0,2,2,143,4780,31,7,2011,1,3,33,0,16,6,E 11TH ST,,0,36.14810000,-95.870138890,0,24,0,0,1,1,4,0,2,1,0,1,0,0000000,3,33,3,44,88,88,0,0,0,1,1
40,400313,1,1,0,1,1,1,1,143,4780,31,7,2011,1,21,24,0,14,3,SR-11,,144,36.22496111,-95.975505560,0,8,0,0,1,1,1,0,3,1,0,1,0,0000000,21,23,21,33,88,88,0,0,0,1,0
40,400314,1,1,0,0,0,1,1,85,0,4,8,2011,5,13,21,0,4,3,SR-32,,170,33.93839722,-97.265294440,0,59,0,0,1,1,4,0,1,1,0,1,0,0000000,13,7,13,14,88,88,0,0,0,1,0
40,400315,1,1,0,1,1,1,1,15,2230,25,4,2011,2,3,25,0,3,2,US-281,,128,35.47987778,-98.354163890,0,8,0,0,1,1,1,0,2,5,0,5,0,0000000,3,31,3,36,5,30,0,0,0,1,0
40,400316,3,3,0,0,0,3,3,109,3550,5,7,2011,3,19,52,1,11,1,I-35,,91,35.49186111,-97.465191670,0,12,2,0,1,1,1,0,1,1,0,1,0,0000000,19,53,20,0,20,19,0,0,0,1,0
40,400317,1,1,0,0,0,1,1,83,0,8,7,2011,6,5,33,0,3,4,S PINE ST,,0,35.77319722,-97.407222220,0,18,0,0,1,1,1,0,2,10,0,10,0,0000000,5,33,5,43,6,24,0,0,0,1,0
40,400318,1,1,0,0,0,1,1,83,2000,19,7,2011,3,11,59,1,1,1,I-35,,74,35.82951667,-97.404436110,0,34,0,0,1,1,4,0,1,1,0,1,0,0000000,12,1,12,4,88,88,0,0,0,1,1
40,400319,1,1,0,0,0,1,1,35,0,21,7,2011,5,17,7,1,11,1,I-44,,110,36.62622778,-95.142083330,0,52,0,0,1,1,4,0,1,1,0,1,0,0000000,17,6,17,13,88,88,20,0,0,1,0
40,400320,1,1,0,0,0,1,1,135,0,22,7,2011,6,15,36,0,6,4,CO RD D4700,,0,35.40547500,-94.656722220,0,42,0,0,1,1,4,0,1,1,0,1,0,0000000,15,34,15,50,88,88,0,0,0,1,0
40,400321,3,3,0,0,0,6,6,87,3378,31,7,2011,1,13,7,1,1,1,I-44,,37,35.27093333,-97.617636110,0,12,6,0,1,1,1,0,1,1,0,1,0,0000000,13,9,13,16,14,1,14,0,0,1,0
40,400322,1,1,0,0,0,1,1,135,0,1,8,2011,2,8,58,1,1,1,I-40 OFF-RAMP,SR-10,10,35.48961944,-95.083497220,0,35,0,1,5,1,4,0,1,1,0,1,0,0000000,9,9,9,18,10,0,0,0,0,1,1
40,400324,3,3,0,0,0,5,5,95,0,8,8,2011,2,0,55,1,2,2,US-70,,38,34.10013611,-96.901783330,0,12,2,0,1,1,1,0,2,1,0,1,0,0000000,0,53,1,3,2,7,20,14,0,3,0
40,400325,3,1,2,1,2,1,2,145,0,5,7,2011,3,20,10,0,4,3,SR-51B,,136,35.85795833,-95.484861110,0,14,0,0,1,1,4,0,1,1,0,1,0,0000000,20,10,20,22,21,9,23,0,0,1,0
40,400326,1,1,0,0,0,1,1,9,0,4,8,2011,5,21,0,0,5,4,CO RD N/S 1980,,0,35.17919167,-99.448255560,0,1,0,0,1,1,1,0,1,1,0,1,0,0000000,7,27,7,50,88,88,18,0,0,1,1
40,400327,1,1,0,0,0,1,1,109,0,5,6,2011,1,21,20,0,6,6,N TRIPLE X RD,,0,35.52205278,-97.230025000,0,31,0,0,1,1,4,0,2,1,0,1,0,0000000,99,99,99,99,88,88,0,0,0,1,1
40,400328,2,2,0,0,0,6,6,145,0,28,5,2011,7,10,10,0,3,3,SR-51,,58,35.93763889,-95.313338890,0,12,1,0,8,1,1,0,1,1,0,1,0,0000000,10,11,10,17,11,17,0,0,0,1,0
40,400329,1,1,0,0,0,2,2,143,4780,16,6,2011,5,13,28,1,11,1,I-244,,103,36.15900000,-95.920013890,0,1,0,0,1,1,1,0,1,10,0,10,0,0000000,13,28,13,39,13,48,0,0,0,1,0
40,400330,2,2,0,0,0,2,2,113,3680,25,4,2011,2,6,50,0,3,3,SR-99,CO RD 2602,8,36.65760278,-96.313700000,0,12,6,0,2,3,1,8,1,2,0,2,0,0000000,6,50,7,2,7,49,0,0,0,1,0
40,400331,1,1,0,0,0,1,1,125,4650,15,6,2011,4,21,15,0,15,6,JEAN AMERSON DR,,0,35.24502222,-96.947511110,0,1,0,0,1,1,1,0,5,1,0,1,0,0000000,21,13,21,19,22,7,0,0,0,1,0
40,400332,2,2,0,0,0,2,2,51,3200,18,5,2011,4,17,19,1,2,2,US-81,,183,35.31901944,-97.943100000,0,12,6,0,8,1,1,0,1,1,0,1,0,0000000,17,18,17,28,18,20,0,0,0,1,0
40,400333,1,1,0,0,0,1,1,17,3550,6,8,2011,7,99,99,1,12,8,KILPATRICK TURNPIKE,,4,35.45600278,-97.710791670,0,1,0,0,1,1,4,0,2,1,0,1,0,0000000,2,23,2,33,88,88,0,0,0,1,1
40,400334,2,2,0,0,0,3,3,109,3550,5,8,2011,6,11,45,0,16,6,N VILLA AVE,GENERAL PERSHING BLV,0,35.47311111,-97.556677780,0,12,6,0,2,2,1,0,1,1,0,1,0,0000000,11,46,11,54,12,27,0,0,0,1,1
40,400335,3,3,0,0,0,4,4,101,0,19,7,2011,3,12,5,0,4,2,US-64,,143,35.52313333,-95.309705560,0,12,1,0,1,1,1,0,1,1,0,1,0,0000000,12,6,12,12,88,88,14,0,0,2,0
40,400336,2,2,0,0,0,2,2,19,210,14,7,2011,5,18,10,0,16,6,E PRAIRIE VALLEY RD,COOPER DR,0,34.20196944,-97.168527780,0,12,6,0,2,3,1,0,1,1,0,1,0,0000000,18,10,18,18,18,37,0,0,0,1,1
40,400337,3,3,0,0,0,3,3,105,0,20,7,2011,4,7,27,1,2,2,US-169,,147,36.91286944,-95.629338890,0,12,1,0,1,1,1,4,1,1,0,1,0,0000000,7,23,8,2,8,49,14,0,0,1,0
40,400338,1,1,0,0,0,1,1,109,3550,23,7,2011,7,1,3,1,11,1,I-240 OFF RAMP,,11,35.39304722,-97.494955560,0,1,0,1,5,1,1,0,3,1,0,1,0,0000000,1,3,1,10,1,23,0,0,0,1,0
40,400339,2,2,0,0,0,2,2,147,0,30,7,2011,7,2,12,1,2,2,US-75,,18,36.44969167,-95.920355560,0,12,2,0,1,1,1,0,2,1,0,1,0,0000000,2,8,2,20,3,2,0,0,0,1,1
40,400340,2,2,0,0,0,2,2,143,4780,13,8,2011,7,10,29,0,16,6,S HARVARD AVE,,0,36.12404167,-95.940319440,0,1,0,0,8,1,1,0,1,1,0,1,0,0000000,10,30,10,37,10,55,0,0,0,1,0
40,400341,1,1,0,0,0,1,1,71,0,14,8,2011,1,18,0,0,6,4,FORK RD,,0,36.91207222,-96.968683330,0,52,0,0,1,1,4,0,1,1,0,1,0,0000000,10,31,10,41,88,88,18,0,0,1,1
40,400342,1,1,0,0,0,1,1,89,0,19,8,2011,6,21,5,0,6,4,CO RD T-BO JONES RD,,0,33.96816944,-94.803886110,0,42,0,0,1,1,4,0,2,1,0,1,0,0000000,21,0,21,15,21,15,0,0,0,1,1
40,400343,1,1,0,0,0,2,2,15,820,21,5,2011,7,20,2,0,6,6,S 3RD ST,,0,35.10279722,-98.598597220,0,5,0,0,1,1,1,8,1,1,0,1,0,0000000,20,2,20,8,88,88,0,0,0,1,0
40,400344,2,2,0,0,0,3,3,49,0,2,8,2011,3,5,24,1,1,1,I-35,,120,34.67361667,-97.225313890,0,1,0,0,1,1,1,0,3,1,0,1,0,0000000,10,38,10,38,88,88,14,0,0,1,0
40,400345,1,1,0,0,0,2,2,47,1550,2,8,2011,3,6,58,0,16,6,E OKLAHOMA AVE,S 14TH ST,0,36.39308889,-97.857313890,0,5,0,0,3,2,1,0,1,10,0,10,0,0000000,88,88,88,88,88,88,0,0,0,1,1
40,400346,1,1,0,0,0,1,1,51,0,14,8,2011,1,2,29,1,1,1,I-44,,336,35.23425000,-97.686600000,0,24,0,0,1,1,4,0,2,10,0,10,0,0000000,2,23,2,37,88,88,0,0,0,1,1
40,400347,1,1,0,1,1,1,1,143,4780,17,8,2011,4,8,32,0,16,6,S YALE AVE,,0,36.10497778,-95.922402780,0,8,0,0,1,1,1,4,1,1,0,1,0,0000000,8,31,8,38,8,56,0,0,0,1,0
40,400348,1,1,0,0,0,1,1,37,0,19,4,2011,3,12,20,0,4,2,US-75A,,20,35.88416389,-96.060708330,0,35,0,0,1,1,6,0,1,1,0,1,0,0000000,12,19,12,29,13,15,0,0,0,1,0
40,400349,2,2,0,0,0,6,6,111,0,17,7,2011,1,13,50,1,2,2,US-75,,103,35.57604167,-95.956605560,0,12,1,0,1,1,1,0,1,1,0,1,0,0000000,13,52,13,55,15,21,0,0,0,1,0
40,400350,2,2,0,0,0,6,6,11,0,23,7,2011,7,6,30,0,4,3,SR-58A,CO RD PINE ST,0,36.05639167,-98.600952780,0,12,6,0,2,2,1,0,4,1,0,1,0,0000000,6,50,6,56,7,40,0,0,0,1,1
40,400351,1,1,0,0,0,1,1,119,0,3,8,2011,4,11,5,0,6,6,W MCELROY RD,,0,36.13078611,-96.958272220,0,35,0,0,1,1,4,0,1,10,0,10,0,0000000,11,11,11,30,12,13,0,0,0,1,0
40,400352,2,2,0,0,0,2,2,27,0,5,8,2011,6,7,31,0,4,2,US-77,,35,35.05088056,-97.335558330,0,12,2,0,1,1,1,0,1,1,0,1,0,0000000,7,30,7,38,8,13,0,0,0,1,1
40,400353,2,2,0,0,0,4,4,81,0,8,8,2011,2,18,0,0,3,2,US-177,,112,35.84453056,-97.018388890,0,12,6,0,1,1,1,0,1,10,0,10,0,0000000,18,1,18,17,19,16,0,0,0,1,1
40,400354,2,2,0,0,0,4,4,1,0,12,8,2011,6,11,18,0,4,3,SR-51,,4,35.89904722,-94.800600000,0,12,6,0,1,1,1,0,1,10,0,10,0,0000000,11,15,11,26,12,12,0,0,0,2,0
40,400355,1,1,0,0,0,1,1,17,0,15,8,2011,2,1,0,1,1,1,I-40,,10,35.52952500,-98.135175000,0,1,0,0,1,1,4,0,2,1,0,1,0,0000000,99,99,99,99,88,88,0,0,0,1,0
40,400356,1,1,0,0,0,3,3,39,0,16,8,2011,3,3,0,0,6,4,CO RD N2410,,0,35.64119167,-98.703250000,0,42,0,0,1,1,4,0,2,10,0,10,0,0000000,3,14,3,23,4,1,0,0,0,2,0
40,400357,2,2,0,0,0,2,2,77,0,16,8,2011,3,14,29,0,4,3,SR-1,,70,34.73134722,-95.157300000,0,12,6,0,1,1,1,0,1,10,0,10,0,0000000,14,23,14,30,15,45,0,0,0,1,0
40,400358,2,2,0,0,0,4,4,81,0,18,8,2011,5,9,41,0,4,3,SR-66,,58,35.70983889,-96.795000000,0,12,2,0,1,1,1,0,1,1,0,1,0,0000000,9,35,9,40,10,21,0,0,0,3,0
40,400359,1,1,0,0,0,1,1,111,0,20,8,2011,7,19,45,0,6,4,CO RD N 300 RD,,0,35.81848611,-95.837366670,0,5,0,0,1,1,1,0,1,10,0,10,0,0000000,19,56,20,34,21,15,0,0,0,1,1
40,400360,3,3,0,0,0,5,5,143,4780,21,8,2011,1,0,15,0,16,6,N CINCINNATI AVE,E 36TH ST N,0,36.20593056,-95.993544440,0,12,6,0,2,2,1,0,3,10,0,10,0,0000000,0,18,0,28,0,46,14,0,0,2,1
40,400361,1,1,0,0,0,1,1,37,0,22,8,2011,2,4,58,0,6,4,CO RD 111TH ST SO,,0,36.00301111,-96.150966670,0,11,0,0,1,1,1,0,2,10,0,10,0,0000000,4,58,5,15,5,50,0,0,0,1,0
40,400362,2,2,0,0,0,2,2,131,0,23,8,2011,3,16,34,1,2,2,US-412,CO RD N/S 4160,74,36.16670278,-95.600922220,0,12,6,0,2,2,1,0,1,10,0,10,0,0000000,16,35,16,53,17,47,0,0,0,1,1
40,400363,1,1,0,0,0,1,1,113,0,26,8,2011,6,22,14,0,4,3,SR-11,,165,36.55293611,-96.140611110,0,1,0,0,1,1,4,0,2,1,0,1,0,0000000,22,10,22,30,88,88,0,0,0,1,1
40,400364,1,1,0,0,0,1,1,143,4780,27,8,2011,7,2,45,1,2,2,US-169,,66,36.23422778,-95.848411110,0,24,0,0,1,1,3,0,2,1,0,1,0,0000000,2,48,2,55,88,88,0,0,0,1,1
40,400365,1,1,0,0,0,2,2,113,0,27,8,2011,7,21,21,0,6,4,CO RD 209 W AVE,,0,36.25153889,-96.228602780,0,52,0,0,1,1,4,4,2,1,0,1,0,0000000,21,34,21,52,22,40,0,0,0,1,1
40,400366,1,1,0,0,0,1,1,43,0,27,8,2011,7,22,25,0,4,2,US-60,,56,36.14428889,-99.200397220,0,1,0,0,1,1,4,0,2,1,0,1,0,0000000,22,39,23,5,1,12,0,0,0,1,1
40,400367,1,1,0,0,0,1,1,27,3220,8,8,2011,2,11,10,0,16,6,E MAIN ST,,0,35.33826111,-97.484527780,0,10,0,0,6,1,1,0,1,1,0,1,0,012188N,11,14,11,16,11,37,0,0,0,1,0
40,400368,2,2,0,0,0,5,5,31,0,9,8,2011,3,20,44,0,4,2,US-281,CO RD BASELINE RD,0,34.50730556,-98.404616670,0,12,6,0,2,2,1,0,5,1,0,1,0,0000000,20,43,20,50,99,99,0,0,0,1,0
40,400369,1,1,0,0,0,1,1,145,0,2,7,2011,7,21,20,0,3,3,SR-51,,105,35.95903889,-95.466852780,0,59,0,0,1,1,4,0,2,1,0,1,0,0000000,21,25,21,36,22,53,0,0,0,1,1
40,400370,1,1,0,5,5,1,1,121,0,27,7,2011,4,22,23,0,4,3,SR-31,,225,35.09961111,-95.446425000,0,49,0,0,1,1,1,0,2,1,0,1,0,0000000,22,35,23,12,1,24,0,0,0,5,0
40,400371,1,1,0,0,0,1,1,37,0,14,8,2011,1,21,47,0,4,3,SR-66,,71,35.90106111,-96.335130560,0,42,0,0,1,1,4,0,2,1,0,1,0,0000000,21,53,22,1,88,88,0,0,0,1,1
40,400372,2,2,0,0,0,2,2,37,0,17,8,2011,4,1,50,1,1,8,CREEK TURNPIKE,,32,36.01260833,-96.047936110,0,12,1,0,1,1,1,0,2,10,0,10,0,0000000,2,5,2,15,88,88,0,0,0,1,0
40,400373,2,2,0,0,0,3,3,151,0,23,8,2011,3,7,21,0,3,2,US-64,,35,36.81207778,-99.052266670,0,12,6,0,1,1,1,0,1,10,0,10,0,0000000,7,21,7,28,8,55,0,0,0,1,0
40,400374,1,1,0,1,1,1,1,109,3550,23,8,2011,3,23,21,0,16,6,N MERIDIAN AVE,NW 17TH ST,0,35.48847222,-97.601136110,0,8,0,0,2,3,1,0,3,10,0,10,0,0000000,99,99,99,99,88,88,0,0,0,1,0
40,400375,2,2,0,0,0,4,4,109,3550,25,8,2011,5,18,24,0,16,6,S WESTMINSTER RD,SE 42ND ST,0,35.42357778,-97.335475000,0,12,6,0,2,3,1,0,1,1,0,1,0,0000000,18,25,18,37,19,24,0,0,0,1,0
40,400376,1,1,0,0,0,1,1,61,0,29,8,2011,2,13,31,0,4,3,SR-31,SR-2,8,35.12718333,-95.334477780,0,1,0,0,3,1,1,0,1,1,0,1,0,0000000,13,32,13,50,14,5,0,0,0,1,0
40,400377,1,1,0,0,0,1,1,109,3550,2,9,2011,6,0,1,1,12,8,KILPATRICK TP ONRAMP,,75,35.61099167,-97.584980560,0,5,0,1,5,1,1,0,3,10,0,10,0,0000000,99,99,99,99,88,88,0,0,0,1,1
40,400378,3,3,0,0,0,5,5,131,9997,17,6,2011,6,5,20,0,13,3,SR-66,,82,36.24954167,-95.668788890,0,12,2,0,1,1,1,0,2,1,0,1,0,0000000,5,21,5,30,6,17,0,0,0,2,1
40,400379,2,2,0,0,0,2,2,39,0,25,8,2011,5,23,10,1,2,2,US-183,,97,35.65549722,-98.960186110,0,12,6,0,1,1,1,0,2,1,0,1,0,0000000,23,12,23,20,88,88,0,0,0,1,0
40,400380,2,2,0,0,0,3,3,15,0,29,8,2011,2,8,17,1,1,1,I-40,,53,35.53021944,-98.529719440,0,12,6,0,1,1,1,0,1,10,0,10,0,0000000,8,20,8,30,9,41,0,0,0,1,0
40,400381,2,2,0,0,0,2,2,109,3550,28,6,2011,3,10,31,0,16,6,MAY AVE,FEATHERSTONE RD,0,35.60497222,-97.567180560,0,12,6,0,2,3,1,0,1,1,0,1,0,0000000,10,31,10,48,11,17,0,0,0,1,0
40,400383,1,1,0,1,1,4,4,5,0,16,7,2011,7,21,20,1,2,2,US-69,,44,34.21567222,-96.230588890,0,8,0,0,1,1,1,0,5,1,0,1,0,0000000,21,22,22,8,0,39,0,0,0,1,0
40,400384,2,2,0,0,0,2,2,17,0,19,8,2011,6,8,15,1,2,2,US-81,,28,35.57260000,-97.959188890,0,12,6,0,8,1,1,0,1,1,0,1,0,0000000,8,15,8,22,8,46,0,0,0,1,0
40,400385,1,1,0,0,0,1,1,151,0,2,9,2011,6,4,30,0,6,4,CO RD 370,CO RD MAJOR,0,36.94257778,-98.791063890,0,1,0,0,3,4,4,0,2,10,0,10,0,0000000,4,52,5,14,88,88,0,0,0,1,0
40,400386,1,1,0,0,0,2,2,91,0,27,7,2011,4,2,47,1,1,1,I-40,,141,35.45774722,-95.631766670,0,42,0,0,1,1,4,0,2,10,0,10,0,0000000,3,55,4,39,5,19,0,0,0,1,1
40,400387,1,1,0,0,0,2,2,109,3550,20,8,2011,7,0,25,0,16,6,S COUNCIL RD,SW 59TH ST,0,35.40615000,-97.653938890,0,26,0,0,3,2,4,0,3,1,0,1,0,0000000,99,99,99,99,99,99,0,0,0,2,1
40,400388,2,2,0,0,0,3,3,81,3130,27,8,2011,7,21,45,0,4,3,SR-18,,10,35.47679722,-96.894575000,0,12,6,0,1,1,1,0,2,1,0,1,0,0000000,21,47,22,0,22,37,0,0,0,1,1
40,400389,2,2,0,0,0,2,2,97,0,16,7,2011,7,12,16,0,6,4,CO RD NS439,,0,36.19377500,-95.190250000,0,12,6,0,8,1,1,0,1,1,0,1,0,0000000,12,9,12,19,88,88,0,0,0,1,0
40,400390,1,1,0,0,0,1,1,17,9997,18,7,2011,2,8,45,0,6,6,SW 29TH ST,,0,35.43531389,-97.953158330,0,10,0,0,6,1,1,0,1,1,0,1,0,595465E,9,56,10,8,88,88,0,0,0,1,0
40,400391,1,1,0,0,0,1,1,89,0,23,8,2011,3,18,46,0,6,4,CO RD GOODWATER RD,,0,33.91024722,-94.598394440,0,32,0,0,1,1,4,0,1,10,0,10,0,0000000,18,45,19,1,19,9,0,0,0,1,1
40,400392,1,1,0,0,0,2,2,145,0,27,8,2011,7,17,33,1,2,2,US-69,,56,35.89328889,-95.402558330,0,42,0,0,1,1,4,0,1,1,0,1,0,0000000,17,37,18,8,18,38,0,0,0,1,1
40,400393,1,1,0,0,0,1,1,27,3550,27,8,2011,7,23,23,0,16,6,S DOUGLAS BLVD,,0,35.31825833,-97.370752780,0,21,0,0,1,1,4,0,2,1,0,1,0,0000000,99,99,99,99,88,88,0,0,0,1,1
40,400394,1,1,0,0,0,2,2,143,590,30,8,2011,3,22,17,0,16,6,S OLIVE AVE,,0,36.00432500,-95.832816670,0,34,0,0,1,1,4,0,2,1,0,1,0,0000000,22,21,22,26,22,59,0,0,0,1,0
40,400395,2,2,0,0,0,2,2,133,0,1,9,2011,5,16,24,0,4,3,SR-56,,12,34.93880833,-96.662025000,0,12,2,0,1,1,1,0,1,1,0,1,0,0000000,16,17,16,28,99,99,0,0,0,1,0
40,400396,1,1,0,0,0,3,3,89,0,4,9,2011,1,19,55,1,2,3,SR-3,,86,34.14828056,-95.011008330,0,34,0,0,1,1,4,0,2,10,0,10,0,0000000,19,55,20,56,21,48,0,0,0,1,1
40,400397,1,1,0,0,0,1,1,31,0,4,9,2011,1,20,44,0,3,3,SR-36,,15,34.42253611,-98.635747220,0,1,0,0,1,1,4,0,2,1,0,1,0,0000000,20,48,21,6,21,44,0,0,0,1,0
40,400398,2,2,0,0,0,2,2,89,0,7,9,2011,4,12,40,0,3,3,SR-3,NO NAME,167,33.82305000,-94.582780560,0,12,6,0,2,2,1,0,1,1,0,1,0,0000000,12,16,12,40,13,18,0,0,0,1,0
40,400399,2,2,0,0,0,3,3,45,0,1,9,2011,5,17,50,0,3,2,US-283,CO RD E/W 56,45,36.20284722,-99.881822220,0,12,6,0,2,2,1,0,1,1,0,1,0,0000000,17,57,18,7,20,9,0,0,0,1,0
40,400400,1,1,0,0,0,2,2,39,0,10,9,2011,7,12,9,0,4,3,SR-33,,102,35.63637500,-99.196197220,0,1,0,0,1,1,4,0,1,1,0,1,0,0000000,99,99,99,99,88,88,0,0,0,1,0
40,400401,4,4,0,0,0,4,4,81,0,20,6,2011,2,18,38,0,3,3,SR-99,,105,35.90155000,-96.660075000,0,12,6,0,1,1,1,0,1,1,0,1,0,0000000,18,42,18,50,19,36,14,0,0,1,0
40,400402,1,1,0,0,0,2,2,17,3550,25,6,2011,7,6,0,0,13,3,SR-152,,5,35.39151667,-97.669519440,0,1,0,0,1,1,4,0,2,1,0,1,0,0000000,88,88,88,88,88,88,0,0,0,2,1
40,400403,2,2,0,0,0,4,4,143,4780,30,8,2011,3,19,21,1,11,1,I-244,,102,36.15905833,-95.921805560,0,12,1,0,1,1,1,0,5,1,0,1,0,0000000,19,21,19,46,20,41,0,0,0,1,0
40,400404,1,1,0,0,0,1,1,49,0,11,9,2011,1,2,11,0,4,4,CO RD 3170,,0,34.61134722,-97.352466670,0,31,0,0,1,1,4,0,2,1,0,1,0,0000000,2,1,2,14,2,33,0,0,0,1,1
40,400405,1,1,0,0,0,1,1,27,3430,21,8,2011,1,20,31,0,16,6,108TH AVE SE,,0,35.22826944,-97.282755560,0,1,0,0,1,1,4,0,1,10,0,10,0,0000000,20,32,20,46,21,24,0,0,0,1,1
40,400406,1,1,0,0,0,1,1,129,0,30,8,2011,3,4,50,0,3,2,US-283,,47,35.48845278,-99.664222220,0,38,0,0,1,1,4,0,2,10,0,10,0,0000000,99,99,99,99,88,88,0,0,0,1,0
40,400407,1,1,0,0,0,2,2,147,300,8,9,2011,5,19,20,0,16,6,NOWATA RD,,0,36.72913333,-95.951844440,0,33,0,0,1,1,4,0,1,1,0,1,0,0000000,19,20,19,23,99,99,0,0,0,1,1
40,400408,1,1,0,0,0,1,1,85,4710,10,9,2011,7,1,25,0,4,4,MERLE WOLFE RD,ROGERS RD,0,33.76606389,-97.126100000,0,34,0,0,3,3,5,0,2,1,0,1,0,0000000,1,39,1,42,88,88,0,0,0,1,1
40,400409,3,3,0,0,0,6,6,119,0,4,8,2011,5,19,2,0,4,3,SR-108,,27,36.15608333,-96.925963890,0,12,2,0,1,1,1,0,1,1,0,1,0,0000000,19,0,19,16,19,57,0,0,0,3,0
40,400410,1,1,0,0,0,2,2,15,160,28,8,2011,1,19,8,0,16,6,SE 5TH ST,,0,35.06931111,-98.237130560,0,5,0,0,1,1,1,0,1,10,0,10,0,0000000,19,8,19,10,19,23,0,0,0,1,1
40,400411,1,1,0,0,0,1,1,133,0,18,9,2011,1,21,38,0,6,4,CO RD N/S 3560,,0,35.00122222,-96.670069440,0,35,0,0,1,1,4,0,2,10,0,10,0,0000000,21,31,21,44,22,40,0,0,0,1,1
40,400413,1,1,0,0,0,2,2,21,0,12,9,2011,2,11,7,0,6,4,CO RD 850 RD,,0,35.78366111,-95.061408330,0,1,0,0,1,1,4,0,1,1,0,1,0,0000000,11,4,11,24,12,42,0,0,0,1,0
40,400414,1,1,0,0,0,1,1,9,0,19,9,2011,2,4,30,0,4,3,SR-6,,37,35.40707778,-99.590361110,0,1,0,0,1,1,4,0,2,1,0,1,0,0000000,4,28,4,42,88,88,0,0,0,1,1
40,400415,1,1,0,0,0,1,1,49,0,7,9,2011,4,1,10,0,3,3,SR-19,,53,34.79661944,-97.156744440,0,35,0,0,1,1,4,0,2,1,0,1,0,0000000,1,22,1,33,88,88,0,0,0,1,1
40,400416,1,1,0,0,0,1,1,109,1300,27,7,2011,4,5,7,0,16,6,S BRYANT AVE,,0,35.45619444,-97.459372220,0,35,0,0,1,1,4,0,3,1,0,1,0,0000000,99,99,99,99,88,88,20,0,0,1,1