STATE,ST_CASE,VE_TOTAL,VE_FORMS,PVH_INVL,PEDS,PERNOTMVIT,PERMVIT,PERSONS,COUNTY,CITY,DAY,MONTH,YEAR,DAY_WEEK,HOUR,MINUTE,NHS,ROAD_FNC,ROUTE,TWAY_ID,TWAY_ID2,MILEPT,LATITUDE,LONGITUD,SP_JUR,HARM_EV,MAN_COLL,RELJCT1,RELJCT2,TYP_INT,REL_ROAD,WRK_ZONE,LGT_COND,WEATHER1,WEATHER2,WEATHER,SCH_BUS,RAIL,NOT_HOUR,NOT_MIN,ARR_HOUR,ARR_MIN,HOSP_HR,HOSP_MN,CF1,CF2,CF3,FATALS,DRUNK_DR
40,400417,1,1,0,0,0,1,1,133,0,25,9,2011,1,18,3,0,4,3,SR-56,,23,34.94610000,-96.645858330,0,35,0,0,1,1,4,0,1,1,0,1,0,0000000,17,57,18,4,18,16,0,0,0,1,1
40,400418,1,1,0,0,0,1,1,109,3550,14,9,2011,4,1,41,0,16,7,S I-44 SERVICE RD,,0,35.42173056,-97.579108330,0,33,0,0,1,1,4,0,3,10,0,10,0,0000000,99,99,99,99,88,88,20,0,0,1,0
40,400419,2,2,0,0,0,2,2,109,3550,19,9,2011,2,8,52,0,16,6,SW 44TH ST,,0,35.42066389,-97.631255560,0,12,2,0,1,1,1,0,1,1,0,1,0,0000000,99,99,99,99,88,88,0,0,0,1,0
40,400420,1,1,0,0,0,1,1,99,4560,27,7,2011,4,2,20,0,4,3,SR-7,COOPER MEMORIAL RD,99999,34.50623056,-97.003125000,0,46,0,0,3,1,3,0,2,1,0,1,0,0000000,2,51,3,33,99,99,0,0,0,1,1
40,400421,1,1,0,0,0,3,3,103,0,23,9,2011,6,21,37,1,1,1,I-35,,179,36.41836389,-97.326844440,0,59,0,0,1,1,4,0,2,1,0,1,0,0000000,21,38,21,50,22,5,0,0,0,1,0
40,400422,1,1,0,0,0,1,1,115,1080,31,3,2011,5,6,52,0,13,2,US-69,,72,36.94329722,-94.865086110,0,38,0,0,1,1,4,0,9,1,0,1,0,0000000,88,88,88,88,88,88,0,0,0,1,1
40,400423,3,3,0,0,0,3,3,115,50,17,6,2011,6,20,5,0,3,2,US-69,CO RD S 520 RD,33,36.70043056,-94.944008330,0,12,6,0,2,2,1,0,1,1,0,1,0,0000000,20,4,20,15,21,13,0,0,0,1,0
40,400424,1,1,0,0,0,2,2,125,0,18,9,2011,1,2,35,1,1,1,I-40,,36,35.38992222,-96.848283330,0,1,0,0,1,1,3,0,2,10,0,10,0,0000000,2,36,2,47,3,44,0,0,0,1,0
40,400425,1,1,0,0,0,3,3,5,0,23,8,2011,3,22,32,0,4,3,SR-7,WARDS CHAPEL RD,95,34.37488889,-96.251016670,0,34,0,0,3,3,4,0,2,1,0,1,0,0000000,22,30,22,30,22,58,0,0,0,1,1
40,400426,1,1,0,0,0,1,1,145,0,29,8,2011,2,21,13,0,4,2,US-64,,26,35.88060833,-95.732900000,0,34,0,0,1,1,4,0,2,1,0,1,0,0000000,99,99,99,99,88,88,0,0,0,1,1
40,400427,2,2,0,0,0,2,2,29,0,12,9,2011,2,18,55,0,4,3,SR-48,,10,34.43292500,-96.424558330,0,12,1,0,1,1,1,4,1,1,0,1,0,0000000,16,31,16,48,18,21,0,0,0,1,1
40,400428,1,1,0,0,0,1,1,103,0,24,9,2011,7,6,40,0,6,4,CO RD 20,,0,36.54651111,-97.444100000,0,43,0,0,1,1,4,0,2,10,0,10,0,0000000,6,45,7,0,99,99,0,0,0,1,0
40,400429,1,1,0,0,0,2,2,15,2230,23,8,2011,3,16,14,0,4,6,OLD HIGHWAY 66,,0,35.53620833,-98.356455560,0,1,0,0,1,1,4,0,1,1,0,1,0,0000000,16,14,99,99,88,88,0,0,0,1,0
40,400430,1,1,0,0,0,2,2,63,2280,14,8,2011,1,13,0,0,16,6,W 3RD AVE,S ECHO ST,0,35.08143056,-96.407863890,0,5,0,0,2,2,1,0,1,1,0,1,0,0000000,12,45,12,48,13,0,0,0,0,1,0
40,400431,3,3,0,0,0,3,3,109,3550,10,9,2011,7,0,9,1,11,1,I-44,,22,35.42606389,-97.575838890,0,12,7,0,1,1,1,0,3,1,0,1,0,0000000,0,10,0,19,0,38,0,0,0,1,1
40,400432,2,2,0,0,0,2,2,131,0,10,9,2011,7,9,40,0,4,3,SR-66,CO RD NS 417,40,36.36022500,-95.578661110,0,12,6,0,3,2,1,0,1,10,0,10,0,0000000,9,49,10,5,10,55,0,0,0,1,0
40,400433,1,1,0,0,0,1,1,49,0,11,9,2011,1,18,20,0,6,4,CO RD 1550,,0,34.76790833,-97.221766670,0,1,0,0,1,1,1,0,1,10,0,10,0,0000000,18,10,18,17,18,56,0,0,0,1,0
40,400434,1,1,0,0,0,1,1,129,0,16,9,2011,6,12,0,0,6,4,CO RD 1040,,0,35.50693056,-99.607722220,0,1,0,0,1,1,1,0,1,1,0,1,0,0000000,12,5,12,22,13,15,0,0,0,1,0
40,400435,2,2,0,0,0,5,5,1,0,16,9,2011,6,15,53,1,2,2,US-59,,21,36.01790556,-94.583783330,0,12,6,0,1,1,1,0,1,10,0,10,0,0000000,15,20,15,22,16,6,0,0,0,1,0
40,400436,1,1,0,0,0,1,1,23,0,23,9,2011,6,16,12,0,6,4,CO RD N4220,,0,33.96068333,-95.521333330,0,24,0,0,1,1,4,0,1,1,0,1,0,0000000,99,99,99,99,88,88,0,0,0,1,1
40,400437,2,2,0,0,0,3,3,73,0,21,9,2011,4,5,20,0,3,3,SR-33,,101,35.84180278,-97.758308330,0,12,6,0,1,1,1,0,2,10,0,10,0,0000000,5,11,5,23,6,21,0,0,0,1,1
40,400438,2,2,0,0,0,4,4,109,3170,22,9,2011,5,21,9,0,16,6,SE 15TH ST,DORCHESTER,0,35.44995000,-97.324566670,0,12,1,0,3,3,1,0,3,10,0,10,0,0000000,21,20,21,46,22,31,0,0,0,1,0
40,400439,1,1,0,0,0,1,1,69,0,26,9,2011,2,9,14,0,6,4,BULLARD CHAPEL RD,,0,34.23341944,-96.618558330,0,38,0,0,1,1,4,0,1,10,0,10,0,0000000,9,2,9,14,88,88,0,0,0,1,1
40,400440,1,1,0,0,0,1,1,149,0,1,10,2011,7,2,3,0,6,7,I-40 SERVICE RD,,46,35.42177500,-99.305994440,0,24,0,0,1,1,4,0,2,1,0,1,0,0000000,2,8,2,10,88,88,0,0,0,1,1
40,400441,2,2,0,0,0,3,3,79,0,8,9,2011,5,13,40,1,2,2,US-271,,93,34.75560000,-94.977516670,0,12,2,0,1,1,1,0,1,1,0,1,0,0000000,13,35,13,41,15,14,0,0,0,1,0
40,400443,2,2,0,0,0,2,2,49,0,3,10,2011,2,21,3,0,3,3,SR-19,,108,34.79653611,-97.059888890,0,12,6,0,1,1,1,0,2,1,0,1,0,0000000,21,6,21,13,22,19,0,0,0,1,0
40,400444,2,2,0,0,0,2,2,93,0,20,9,2011,3,11,20,0,4,3,SR-58,,31,36.31367778,-98.302805560,0,12,2,0,1,1,4,0,1,1,0,1,0,0000000,11,27,11,37,12,23,0,0,0,1,0
40,400445,2,2,0,0,0,3,3,119,0,9,9,2011,6,10,5,0,3,3,SR-33,,150,35.98561389,-96.969916670,0,12,6,0,1,1,1,0,1,1,0,1,0,0000000,10,6,10,19,10,52,0,0,0,1,0
40,400446,1,1,0,0,0,1,1,83,2000,3,9,2011,7,20,20,0,16,6,PINE,,0,35.88736111,-97.407491670,0,24,0,0,1,1,4,0,2,1,0,1,0,0000000,20,21,20,22,88,88,0,0,0,1,1
40,400447,2,2,0,0,0,2,2,109,360,15,9,2011,5,13,5,0,16,6,NW 23RD ST,,0,35.49328611,-97.648936110,0,12,6,0,8,1,1,0,1,2,0,2,0,0000000,13,3,13,12,14,7,0,0,0,1,0
40,400448,2,2,0,0,0,3,3,147,300,26,9,2011,2,9,55,1,13,2,US-60,,32,36.74258889,-95.945661110,0,12,2,0,1,1,1,0,1,10,0,10,0,0000000,9,56,9,59,10,17,0,0,0,1,0
40,400449,1,1,0,0,0,3,3,131,0,24,9,2011,7,13,55,0,4,3,SR-88,,73,36.26385000,-95.567419440,0,25,0,0,1,1,4,1,1,10,0,10,0,0000000,13,57,14,7,14,52,7,0,0,1,0
40,400450,1,1,0,0,0,3,3,135,0,27,8,2011,7,6,37,0,4,4,CO RD 4760,,0,35.44155556,-94.550711110,0,42,0,0,1,1,4,0,3,1,0,1,0,0000000,99,99,99,99,99,99,0,0,0,1,1
40,400451,1,1,0,0,0,1,1,143,590,30,9,2011,6,0,50,0,16,6,ELM PL,JASPER ST,0,35.97385556,-95.797455560,0,43,0,0,3,3,4,0,2,1,0,1,0,0000000,0,51,0,54,88,88,0,0,0,1,1
40,400452,1,1,0,0,0,1,1,121,0,7,10,2011,6,20,2,0,4,4,CO RD TANNEHILL RD,,0,34.99137778,-95.833444440,0,1,0,0,1,1,4,0,2,1,0,1,0,0000000,20,6,20,14,20,36,0,0,0,1,1
40,400453,1,1,0,0,0,1,1,143,4780,20,8,2011,7,1,13,1,13,2,US-169,,9,36.02491944,-95.870830560,0,1,0,0,1,1,1,0,3,1,0,1,0,0000000,1,14,1,24,1,48,0,0,0,1,1
40,400454,2,2,0,0,0,3,3,143,4780,24,8,2011,4,10,5,1,13,2,US-169 EXIT RAMP,E 91ST ST,16,36.03177500,-95.860261110,0,12,6,0,2,2,1,0,1,1,0,1,0,0000000,10,19,10,22,10,51,0,0,0,1,0
40,400455,1,1,0,0,0,1,1,143,4780,28,8,2011,1,22,47,0,16,6,E 36TH ST N,N CINCINNATI AVE,0,36.20590556,-95.993427780,0,46,0,0,3,2,4,0,3,1,0,1,0,0000000,22,45,22,57,23,29,0,0,0,1,1
40,400456,2,2,0,0,0,2,2,51,960,23,7,2011,7,10,29,1,13,2,US-81,,30,35.03604722,-97.936402780,0,12,2,0,1,1,1,0,1,1,0,1,0,0000000,99,99,99,99,88,88,0,0,0,1,0
40,400457,2,2,0,0,0,2,2,127,0,24,9,2011,7,11,20,0,6,4,CO RD OLD INDIAN HWY,,0,34.60098056,-95.047869440,0,1,0,0,1,1,1,0,1,1,0,1,0,0000000,11,17,11,32,14,9,14,0,0,1,0
40,400458,2,2,0,0,0,2,2,143,0,18,9,2011,1,14,10,0,16,4,CO RD 21ST ST SOUTH,,0,36.13348333,-96.049066670,0,12,2,0,1,1,1,0,1,1,0,1,0,0000000,14,9,14,16,14,37,0,0,0,2,1
40,400459,2,2,0,0,0,3,3,91,0,8,10,2011,7,0,10,0,4,2,US-266,,108,35.50540000,-95.632838890,0,12,2,0,1,1,1,0,2,1,0,1,0,0000000,0,29,1,9,1,57,0,0,0,1,1
40,400460,2,2,0,0,0,2,2,97,0,11,10,2011,3,9,4,0,4,3,SR-82,,112,36.47901944,-95.089075000,0,12,6,0,1,1,1,0,1,10,0,10,0,0000000,9,7,9,22,88,88,0,0,0,1,0
40,400461,1,1,0,0,0,1,1,39,0,11,10,2011,3,17,43,1,1,1,I-40,,133,35.51182778,-98.923083330,0,1,0,0,1,1,1,0,1,1,0,1,0,0000000,17,44,99,97,99,97,0,0,0,1,0
40,400462,1,1,0,0,0,2,2,79,0,14,10,2011,6,16,36,0,6,4,REICHERT-SUMMERFIELD,,0,34.86943889,-94.751983330,0,21,0,0,1,1,4,0,1,1,0,1,0,0000000,16,34,16,42,18,13,0,0,0,1,0
40,400463,1,1,0,0,0,1,1,143,0,28,9,2011,4,19,53,0,6,4,CO RD 136TH ST N,CO RD GARNETT,0,36.35107500,-95.839111110,0,42,0,0,3,3,4,0,2,1,0,1,0,0000000,19,51,19,52,20,15,0,0,0,1,0
40,400464,2,2,0,0,0,4,4,145,590,5,10,2011,4,17,7,1,2,3,SR-51,,35,36.03660556,-95.741033330,0,1,0,0,1,1,1,0,1,1,0,1,0,0000000,17,7,17,12,18,0,0,0,0,1,0
40,400465,2,2,0,0,0,4,4,83,0,23,9,2011,6,15,19,0,4,3,SR-74,,25,35.76195278,-97.584866670,0,12,2,0,1,1,1,0,1,1,0,1,0,0000000,15,22,15,35,16,15,0,0,0,2,1
40,400466,1,1,0,0,0,2,2,97,3855,1,10,2011,7,18,35,1,2,2,US-69,,142,36.27601389,-95.330486110,0,5,0,0,1,1,1,0,1,1,0,1,0,0000000,18,39,18,41,19,55,0,0,0,1,0
40,400467,2,2,0,0,0,2,2,37,0,11,10,2011,3,20,15,1,1,1,I-44,,147,35.85253056,-96.378183330,0,54,11,0,1,1,1,0,2,1,0,1,0,0000000,20,31,99,97,99,97,14,0,0,1,0
40,400468,2,2,0,0,0,2,2,143,0,15,10,2011,7,4,41,1,2,2,US-75,116TH ST N,124,36.32157222,-95.923863890,0,12,6,0,2,2,1,0,2,1,0,1,0,0000000,99,99,99,99,99,99,0,0,0,1,0
40,400469,1,1,0,0,0,1,1,131,0,9,10,2011,1,8,55,0,6,4,149TH E AVE,,0,36.35971944,-95.806816670,0,38,0,0,1,1,4,0,1,10,0,10,0,0000000,8,59,9,9,88,88,0,0,0,1,0
40,400470,1,1,0,0,0,2,2,87,1350,25,8,2011,5,0,47,0,4,3,SR-76,240TH ST,13,35.05890833,-97.653041670,0,58,0,0,3,3,1,0,2,10,0,10,0,0000000,0,48,1,7,88,88,0,0,0,2,1
40,400471,2,2,0,0,0,3,3,133,4240,15,9,2011,5,12,42,1,13,2,US-377,SR-9,17,35.24672778,-96.671233330,0,12,6,0,2,2,1,0,1,10,0,10,0,0000000,12,41,12,45,13,2,0,0,0,1,0
40,400472,2,2,0,0,0,3,3,125,4300,23,9,2011,6,7,49,0,14,6,BRYAN AVE,45TH ST,0,35.37623611,-96.894558330,0,12,6,0,2,2,1,0,1,1,0,1,0,0000000,7,51,7,56,8,20,0,0,0,1,0
40,400473,3,3,0,0,0,3,3,115,0,7,10,2011,6,15,29,0,4,3,SR-125,,22,36.70237778,-94.855438890,0,12,6,0,1,1,1,0,1,1,0,1,0,0000000,15,29,15,39,88,88,14,0,0,1,0
40,400474,1,1,0,0,0,3,3,109,3550,3,9,2011,7,5,49,1,11,1,I-35,,52,35.45198056,-97.488416670,0,32,0,0,1,1,3,0,3,1,0,1,0,0000000,99,99,99,99,88,88,0,0,0,3,0
40,400475,1,1,0,0,0,2,2,143,4780,25,9,2011,1,19,11,1,11,1,I-44,,25,36.08973889,-95.997016670,0,18,0,0,1,1,1,4,5,1,0,1,0,0000000,19,9,19,13,19,36,0,0,0,1,0
40,400476,1,1,0,0,0,1,1,31,0,2,10,2011,1,15,10,0,6,4,CO RD 225TH ST,,0,34.68692500,-98.124163890,0,38,0,0,1,1,4,0,1,1,0,1,0,0000000,99,99,99,99,88,88,0,0,0,1,1
40,400477,1,1,0,0,0,1,1,39,0,16,10,2011,1,21,15,1,1,1,I-40,,74,35.52220278,-98.789038890,0,11,0,0,1,1,1,0,2,1,0,1,0,0000000,21,22,21,28,88,88,0,0,0,1,0
40,400478,1,1,0,0,0,2,2,61,0,16,10,2011,1,12,32,0,3,3,SR-9,,216,35.26043611,-94.869547220,0,32,0,0,1,1,4,0,1,1,0,1,0,0000000,99,99,99,99,99,99,0,0,0,1,1
40,400479,2,1,1,0,0,1,1,109,1480,9,10,2011,1,4,28,0,16,6,RIDGECREST RD,BOULEVARD AVE,0,35.63110000,-97.478052780,0,43,0,0,3,3,5,0,2,2,0,2,0,0000000,99,99,99,99,88,88,0,0,0,1,1
40,400480,2,2,0,0,0,6,6,103,0,8,10,2011,7,19,35,0,3,2,US-62,,13,36.28971944,-97.262425000,0,12,1,0,1,1,1,0,2,2,0,2,0,0000000,19,52,20,1,20,28,0,0,0,2,0
40,400481,2,2,0,0,0,3,3,109,3550,9,10,2011,1,17,56,0,16,6,N COLTRANE RD,,0,35.58539722,-97.442819440,0,12,6,0,1,1,1,0,1,2,0,2,0,0000000,17,57,18,11,19,11,0,0,0,2,0
40,400482,2,2,0,0,0,4,4,17,3550,20,10,2011,5,16,11,0,16,6,NW 10TH ST,N COUNTY LINE RD,0,35.47876667,-97.671966670,0,12,6,0,8,1,1,0,1,1,0,1,0,0000000,16,12,16,17,16,38,0,0,0,1,1
40,400483,2,2,0,0,0,4,4,19,210,27,9,2011,3,17,0,1,2,2,US-70,HARVEY RD,38,34.13233611,-97.090530560,0,12,6,0,2,2,1,0,1,10,0,10,0,0000000,16,58,17,2,17,39,0,0,0,1,0
40,400484,1,1,0,0,0,1,1,147,0,15,10,2011,7,1,20,0,6,4,CO RD 3995,,0,36.51363056,-95.887883330,0,1,0,0,1,1,4,0,2,1,0,1,0,0000000,99,99,99,99,88,88,0,0,0,1,1
40,400485,2,2,0,0,0,2,2,87,3378,15,10,2011,7,23,0,0,2,3,SR-9,WESTERN AVE,40,35.18179444,-97.529269440,0,12,6,0,2,2,1,0,2,10,0,10,0,0000000,23,15,23,25,88,88,0,0,0,1,1
40,400486,1,1,0,0,0,1,1,81,1250,26,3,2011,7,10,5,0,4,3,SR-66,,99999,35.71624722,-96.765077780,0,1,0,0,1,1,4,0,1,10,0,10,0,0000000,10,45,11,0,12,45,0,0,0,1,0
40,400487,1,1,0,1,1,1,1,145,4910,26,6,2011,1,21,20,0,13,3,SR-51,,138,35.95902222,-95.408202780,0,8,0,0,1,1,1,0,2,1,0,1,0,0000000,21,41,22,7,22,43,0,0,0,1,0
40,400488,2,2,0,0,0,3,3,109,1300,2,10,2011,1,14,55,0,16,6,LINDA LN,SE 28TH ST,0,35.43620833,-97.429072220,0,1,0,0,2,3,1,0,1,1,0,1,0,0000000,14,56,15,2,15,26,0,0,0,1,0
40,400489,1,1,0,0,0,1,1,31,0,23,10,2011,1,23,42,0,6,4,CO RD BETHEL RD,,0,34.62451389,-98.159677780,0,1,0,0,1,1,4,0,2,10,0,10,0,0000000,23,40,23,59,88,88,0,0,0,1,1
40,400490,2,2,0,0,0,3,3,17,1540,26,10,2011,4,16,9,1,2,2,US-81,BLACK KETTLE BLVD,46,35.59882222,-97.958872220,0,12,6,0,2,3,1,0,1,1,0,1,0,0000000,16,10,16,16,16,47,0,0,0,1,0
40,400491,1,1,0,0,0,1,1,127,0,29,10,2011,7,2,44,0,3,2,US-271,,131,34.33887778,-95.460611110,0,43,0,0,1,1,4,0,2,1,0,1,0,0000000,2,46,3,0,88,88,0,0,0,1,1
40,400492,1,1,0,0,0,1,1,27,3430,17,9,2011,7,7,25,0,16,6,ROCK CREEK RD,,0,35.24730278,-97.532491670,0,30,0,0,1,1,4,0,2,10,0,10,0,0000000,7,26,7,27,88,88,0,0,0,1,1
40,400493,3,3,0,0,0,4,4,131,0,14,10,2011,6,14,30,1,2,2,US-169,,140,36.55400278,-95.690422220,0,12,6,0,1,1,1,4,1,10,0,10,0,0000000,14,30,14,39,16,3,0,0,0,2,0
40,400494,1,1,0,0,0,2,2,21,0,30,9,2011,6,16,25,0,6,4,CO RD INDIAN RD,,0,35.76770833,-94.963997220,0,35,0,0,1,1,4,0,1,1,0,1,0,0000000,16,29,16,50,17,47,0,0,0,1,0
40,400495,2,2,0,0,0,2,2,5,4797,10,7,2011,1,8,20,1,2,2,US-69,W BOGGY DEPOT RD,123,34.31739722,-96.168797220,0,12,6,0,2,2,1,0,1,1,0,1,0,0000000,99,99,99,99,88,88,0,0,0,1,0
40,400496,2,2,0,0,0,2,2,119,0,23,9,2011,6,7,20,0,6,4,COTTONWOOD RD,,0,35.99845278,-97.157975000,0,12,2,0,1,1,1,0,4,5,0,5,0,0000000,7,34,8,2,88,88,0,0,0,1,0
40,400497,1,1,0,0,0,1,1,71,0,31,10,2011,2,7,32,0,6,4,Q ST,,0,36.86927778,-97.264558330,0,11,0,0,1,1,1,0,4,1,0,1,0,0000000,7,36,7,46,88,88,0,0,0,1,0
40,400498,2,2,0,0,0,2,2,137,1420,26,5,2011,5,9,17,1,13,2,US-81,,118,34.45771944,-97.974122220,0,12,2,0,1,1,1,0,1,1,0,1,0,0000000,99,99,99,99,88,88,0,0,0,1,0
40,400499,1,1,0,1,1,1,1,41,0,16,10,2011,1,5,50,1,2,2,US-412,,82,36.20510000,-94.876308330,0,8,0,0,1,1,1,0,2,1,0,1,0,0000000,99,99,99,99,88,88,0,0,0,1,0
40,400500,1,1,0,0,0,3,3,111,0,16,10,2011,1,17,3,0,6,4,CO RD N260 RD,,0,35.80567222,-95.908458330,9,5,0,0,1,1,1,0,1,1,0,1,0,0000000,17,6,17,28,88,88,0,0,0,1,1
40,400501,1,1,0,0,0,1,1,143,4780,1,11,2011,3,8,1,1,11,1,I-44,,97,36.12286111,-95.883236110,0,34,0,0,1,1,4,0,3,1,0,1,0,0000000,8,19,8,23,88,88,0,0,0,1,0
40,400502,1,1,0,0,0,2,2,79,0,4,11,2011,6,5,40,1,2,2,US-259,,45,34.56616389,-94.707083330,0,42,0,0,1,1,4,0,2,1,0,1,0,0000000,6,12,6,40,8,0,0,0,0,1,0
40,400503,1,1,0,0,0,1,1,107,0,4,11,2011,6,23,41,0,6,4,CO RD N3630,,0,35.55481944,-96.548036110,0,35,0,0,1,1,4,0,2,10,0,10,0,0000000,23,48,0,6,88,88,0,0,0,1,1
40,400504,2,2,0,0,0,29,29,121,2930,31,10,2011,2,20,10,1,12,2,US-69,US-69  CROSSOVER,5,34.89270556,-95.776088890,0,12,6,1,2,2,1,0,3,1,0,1,1,0000000,20,19,20,25,20,49,0,0,0,1,0
40,400506,1,1,0,0,0,5,5,145,0,16,10,2011,1,4,24,1,2,8,MUSKOGEE TURNPIKE,,222,35.86386944,-95.453588890,0,52,0,0,1,1,4,0,2,1,0,1,0,0000000,5,12,5,27,6,25,0,0,0,1,0
40,400507,2,2,0,0,0,3,3,125,0,30,9,2011,6,18,35,0,4,3,SR-39,,4,34.98591111,-96.922922220,0,12,6,0,1,1,1,0,5,10,0,10,0,0000000,18,34,99,97,99,97,0,0,0,2,0
40,400508,1,1,0,0,0,1,1,49,0,5,11,2011,7,6,40,0,6,4,CO RD 3230,,0,34.80579722,-97.247852780,0,38,0,0,1,1,4,0,2,1,0,1,0,0000000,6,31,6,47,88,88,0,0,0,1,0
40,400510,1,1,0,0,0,1,1,143,590,24,10,2011,2,8,50,1,11,8,CREEK TPK ON-RAMP,,31,35.99800000,-95.833461110,0,1,0,1,5,1,4,0,1,1,0,1,0,0000000,8,59,9,5,9,40,0,0,0,1,0
40,400511,1,1,0,0,0,1,1,101,0,28,7,2011,5,23,48,0,6,4,CO RD OLD 69 HWY,,0,35.57342222,-95.496358330,0,42,0,0,1,1,4,0,2,1,0,1,0,0000000,0,2,0,39,1,34,18,0,0,1,1
40,400512,2,2,0,0,0,4,4,23,0,29,10,2011,7,20,43,0,4,3,SR-109,,23,33.99391111,-95.869077780,0,12,6,0,1,1,1,0,2,1,0,1,0,0000000,20,44,21,20,22,56,0,0,0,1,0
40,400513,1,1,0,0,0,1,1,109,1480,21,10,2011,6,21,48,1,13,2,US-77,,81,35.64001111,-97.483027780,0,33,0,0,1,1,3,0,3,1,0,1,0,0000000,21,49,21,52,22,17,0,0,0,1,1
40,400514,1,1,0,0,0,1,1,7,0,25,10,2011,3,14,25,0,4,3,SR-23,,30,36.53897222,-100.522658330,0,1,0,0,1,1,4,0,1,1,0,1,0,0000000,14,34,14,50,88,88,0,0,0,1,0
40,400515,1,1,0,0,0,1,1,43,0,1,11,2011,3,5,0,0,4,4,CO RD JENNYVILLE RD,,0,35.95375556,-98.707419440,0,1,0,0,1,1,4,0,2,1,0,1,0,0000000,8,11,8,30,88,88,0,0,0,1,1
40,400516,2,2,0,0,0,2,2,97,0,1,11,2011,3,18,7,0,4,3,SR-82,,37,36.14250556,-95.155630560,0,12,2,0,1,1,1,0,1,1,0,1,0,0000000,18,5,18,12,88,88,0,0,0,2,0
40,400517,1,1,0,0,0,5,5,105,0,1,11,2011,3,2,1,0,6,4,CO RD 026,,0,36.64101111,-95.622427780,0,42,0,0,1,1,4,0,2,1,0,1,0,0000000,2,0,2,8,2,20,0,0,0,2,1
40,400518,1,1,0,1,1,4,4,121,0,4,11,2011,6,19,16,0,3,3,SR-9,,49,35.23912500,-95.477938890,0,8,0,0,1,1,1,0,2,1,0,1,0,0000000,19,22,19,31,21,24,0,0,0,1,0
40,400519,1,1,0,0,0,3,3,143,0,23,10,2011,1,22,55,0,6,4,CO RD 181ST ST SOUTH,,0,35.90104444,-95.958119440,0,42,0,0,1,1,4,0,2,10,0,10,0,0000000,22,53,23,3,23,47,0,0,0,1,1
40,400520,1,1,0,0,0,1,1,73,0,13,11,2011,1,21,0,0,6,4,NO NAME,,0,35.79857778,-97.918027780,0,1,0,0,1,1,4,0,2,10,0,10,0,0000000,21,3,21,12,88,88,0,0,0,1,1
40,400521,3,3,0,0,0,5,5,109,3550,6,11,2011,1,18,4,0,13,6,N MERIDIAN AVE,,0,35.49486667,-97.601186110,0,12,2,0,8,1,1,0,5,1,0,1,0,0000000,18,6,18,9,18,53,0,0,0,1,1
40,400522,2,2,0,0,0,3,3,17,1540,13,11,2011,1,18,49,1,13,2,US-81,BLACK KETTLE RD,46,35.59882222,-97.958872220,0,12,6,0,2,2,1,0,2,1,0,1,0,0000000,18,37,18,45,19,10,0,0,0,2,0
40,400523,3,3,0,0,0,3,3,103,0,31,10,2011,2,20,49,1,1,1,I-35,,16,36.18299167,-97.328336110,0,12,2,0,1,1,1,0,3,1,0,1,0,0000000,20,51,21,3,88,88,14,0,0,1,1
40,400524,1,1,0,0,0,5,5,9,0,11,11,2011,6,21,7,0,6,4,CO RD EASTERN,,0,35.42890556,-99.381963890,0,1,0,0,1,1,4,0,2,1,0,1,0,0000000,21,8,21,15,21,47,0,0,0,1,0
40,400525,2,2,0,0,0,3,3,21,4600,3,10,2011,2,17,53,0,14,3,SR-82,GRAND AVE,18,35.93753056,-94.966575000,0,12,6,0,2,2,1,0,1,1,0,1,0,0000000,17,55,17,58,18,40,0,0,0,2,0
40,400526,1,1,0,0,0,3,3,17,1820,9,10,2011,1,0,8,1,2,2,US-281,,19,35.57570556,-98.293841670,0,32,0,0,1,1,3,0,2,2,0,2,0,0000000,0,15,0,35,2,46,0,0,0,1,1
40,400527,2,2,0,0,0,3,3,101,0,12,11,2011,7,9,16,0,3,3,SR-2,,13,35.28097222,-95.238563890,0,12,6,0,1,1,1,0,1,1,0,1,0,0000000,9,19,9,38,10,52,0,0,0,1,0
40,400528,1,1,0,0,0,1,1,21,0,19,11,2011,7,19,53,0,4,3,SR-80,,28,35.84713611,-95.231150000,0,1,0,0,1,1,4,0,2,1,0,1,0,0000000,20,8,20,27,21,22,0,0,0,1,1
40,400529,1,1,0,0,0,1,1,131,0,12,11,2011,7,2,44,0,3,3,SR-20,,64,36.30662778,-95.706438890,0,24,0,0,1,1,4,0,2,1,0,1,0,0000000,99,99,99,99,88,88,0,0,0,1,1
40,400530,1,1,0,0,0,4,4,113,0,19,11,2011,7,4,0,0,6,4,52ND WEST AVE,,0,36.33542500,-96.067294440,0,31,0,0,1,1,4,0,2,10,0,10,0,0000000,99,99,99,99,88,88,0,0,0,1,1
40,400531,2,2,0,0,0,2,2,149,0,5,11,2011,7,5,51,1,1,1,I-40,,55,35.42263333,-99.267827780,0,12,2,0,1,1,1,0,2,1,0,1,0,0000000,6,0,6,9,88,88,0,0,0,1,0
40,400532,1,1,0,0,0,1,1,19,0,10,11,2011,5,19,55,0,4,4,SPRINGDALE RD,,0,34.15823611,-97.052063890,0,53,0,0,1,1,4,0,2,1,0,1,0,0000000,20,1,20,9,88,88,0,0,0,1,1
40,400533,2,2,0,0,0,5,5,125,0,13,11,2011,1,20,46,0,3,2,US-177,,69,35.06563889,-96.931319440,0,12,2,0,1,1,1,0,2,10,0,10,0,0000000,20,41,21,2,21,54,0,0,0,1,1
40,400534,1,1,0,0,0,1,1,131,0,16,11,2011,4,21,43,0,6,4,CO RD E450 RD,,0,36.36535556,-95.609422220,0,38,0,0,1,1,4,0,2,1,0,1,0,0000000,99,99,99,99,88,88,0,0,0,1,0