STATE,ST_CASE,VE_TOTAL,VE_FORMS,PVH_INVL,PEDS,PERNOTMVIT,PERMVIT,PERSONS,COUNTY,CITY,DAY,MONTH,YEAR,DAY_WEEK,HOUR,MINUTE,NHS,ROAD_FNC,ROUTE,TWAY_ID,TWAY_ID2,MILEPT,LATITUDE,LONGITUD,SP_JUR,HARM_EV,MAN_COLL,RELJCT1,RELJCT2,TYP_INT,REL_ROAD,WRK_ZONE,LGT_COND,WEATHER1,WEATHER2,WEATHER,SCH_BUS,RAIL,NOT_HOUR,NOT_MIN,ARR_HOUR,ARR_MIN,HOSP_HR,HOSP_MN,CF1,CF2,CF3,FATALS,DRUNK_DR
40,400535,2,2,0,1,1,2,2,37,0,21,10,2011,6,21,51,0,2,3,SR-97,,45,36.06208056,-96.119388890,0,12,1,0,1,1,1,0,2,1,0,1,0,0000000,22,55,22,59,88,88,19,0,0,1,1
40,400536,1,1,0,0,0,1,1,19,0,15,11,2011,3,14,23,0,6,4,KINGS RD,,0,34.22215556,-97.195527780,0,42,0,0,1,1,4,0,1,1,0,1,0,0000000,14,20,14,29,15,31,0,0,0,1,1
40,400537,1,1,0,0,0,1,1,79,0,19,11,2011,7,16,41,0,4,4,CO RD HOLSON VALLEY,,0,34.79660833,-94.832736110,0,32,0,0,1,1,4,0,5,1,0,1,0,0000000,16,34,16,55,99,99,0,0,0,1,1
40,400538,1,1,0,0,0,1,1,109,3550,20,11,2011,1,3,18,0,16,6,SW 54TH ST,,0,35.41046667,-97.569000000,0,33,0,0,1,1,4,0,3,10,0,10,0,0000000,99,99,99,99,88,88,20,0,0,1,1
40,400539,1,1,0,0,0,1,1,95,2610,16,11,2011,4,18,30,1,2,2,US-70,,107,33.99711389,-96.663511110,0,53,0,0,1,1,4,0,2,1,0,1,0,0000000,18,22,18,39,88,88,0,0,0,1,1
40,400540,1,1,0,0,0,2,2,85,0,30,10,2011,1,17,43,0,4,4,CR E2080,,0,33.99847778,-97.110636110,0,58,0,0,6,1,1,0,1,1,0,1,0,020694K,17,3,17,15,99,99,0,0,0,1,0
40,400541,1,1,0,0,0,2,2,7,0,20,11,2011,1,4,10,0,4,4,CO RD NS 165,,0,36.83977778,-100.075858330,0,1,0,0,1,1,4,0,2,1,0,1,0,0000000,5,2,5,28,6,26,0,0,0,1,1
40,400542,1,1,0,0,0,1,1,51,4800,22,10,2011,7,18,0,0,3,3,SR-37,N COUNTY LINE RD,166,35.29101111,-97.670808330,0,5,0,0,2,2,1,0,1,10,0,10,0,0000000,18,5,18,13,18,40,0,0,0,1,0
40,400543,1,1,0,0,0,7,7,119,0,27,10,2011,5,19,14,0,6,4,E 68TH ST,,0,36.04352500,-96.828644440,0,34,0,0,1,1,4,0,2,1,0,1,0,0000000,19,13,19,43,20,12,0,0,0,2,1
40,400544,2,2,0,0,0,2,2,121,0,15,11,2011,3,5,6,0,3,2,US-270,MITCHELL RD,152,34.94683611,-95.836547220,0,12,6,0,2,2,1,0,2,10,0,10,0,0000000,5,6,5,12,5,30,0,0,0,1,0
40,400545,2,2,0,0,0,5,5,131,0,3,11,2011,5,12,21,1,1,1,I-44,,38,36.16278889,-95.747452780,0,24,0,0,1,1,3,0,1,1,0,1,0,0000000,12,22,12,25,13,14,0,0,0,1,0
40,400546,1,1,0,0,0,1,1,139,0,21,11,2011,2,5,34,0,4,4,CO RD 0250,,0,36.89784722,-101.577400000,0,35,0,0,1,1,4,0,2,1,0,1,0,0000000,5,41,6,6,6,45,0,0,0,1,0
40,400547,1,1,0,0,0,4,4,65,430,10,11,2011,5,17,16,0,4,3,SR-19,,99999,34.78355278,-99.333561110,0,5,0,0,1,1,1,0,1,1,0,1,0,0000000,18,3,18,33,19,26,0,0,0,1,0
40,400548,2,1,1,1,2,1,2,91,920,15,8,2011,2,15,8,1,2,2,US-69,,184,35.47469722,-95.536272220,0,45,0,0,1,1,1,2,1,1,0,1,0,0000000,15,9,15,13,16,34,0,0,0,1,0
40,400549,7,7,0,1,1,11,11,143,4780,26,10,2011,4,19,22,1,11,1,I-244,,125,36.16180556,-95.882911110,0,8,0,0,1,1,1,0,3,1,0,1,0,0000000,19,21,19,23,88,88,0,0,0,1,0
40,400550,2,2,0,1,1,3,3,147,0,30,11,2011,4,8,51,1,2,2,US-75,,83,36.54290000,-95.928938890,0,8,0,0,1,1,1,1,1,1,0,1,0,0000000,8,27,8,43,88,88,0,0,0,1,0
40,400551,1,1,0,0,0,1,1,37,0,3,12,2011,7,23,47,0,3,3,SR-48,,131,36.06418333,-96.387252780,0,34,0,0,1,1,4,0,2,10,0,10,0,0000000,23,48,0,6,88,88,0,0,0,1,1
40,400552,1,1,0,1,1,1,1,27,3550,4,12,2011,1,18,25,0,16,6,SE 89TH ST,,0,35.37705833,-97.158647220,0,8,0,0,1,1,1,0,2,1,0,1,0,0000000,99,99,99,99,88,88,0,0,0,1,0
40,400553,2,2,0,0,0,2,2,89,2370,17,11,2011,5,17,28,1,13,2,US-70,LINCOLN RD,198,33.91749722,-94.843033330,0,12,6,0,2,2,1,0,5,1,0,1,0,0000000,16,58,17,6,17,36,0,0,0,1,0
40,400554,1,1,0,0,0,3,3,91,0,24,11,2011,5,13,49,1,2,2,US-69,,218,35.52018611,-95.512416670,0,21,0,0,1,1,3,0,1,1,0,1,0,0000000,14,7,14,29,15,27,0,0,0,2,0
40,400555,1,1,0,0,0,2,2,37,4190,2,12,2011,6,15,57,1,13,2,US-75,,26,36.02257778,-96.093461110,0,52,0,0,1,1,4,0,1,10,0,10,0,0000000,15,56,16,0,16,32,0,0,0,1,0
40,400556,1,1,0,0,0,3,3,123,0,4,11,2011,6,11,30,0,3,3,SR-3,,13,34.94781667,-96.930713890,0,42,0,0,1,1,4,0,1,10,0,10,0,0000000,11,33,12,0,12,37,0,0,0,1,0
40,400557,1,1,0,0,0,1,1,119,4460,29,11,2011,3,16,22,0,16,6,MONROE ST,,0,36.12086111,-97.071730560,4,33,0,0,1,1,4,0,1,1,0,1,0,0000000,16,21,16,26,88,88,0,0,0,1,0
40,400558,2,2,0,0,0,5,5,137,0,2,12,2011,6,14,25,1,2,2,US-81,,66,34.38253333,-97.971702780,0,12,6,0,1,1,1,0,1,2,0,2,0,0000000,14,34,14,37,15,0,0,0,0,1,0
40,400559,1,1,0,0,0,1,1,31,0,11,12,2011,1,1,43,0,6,4,CO RD MEERS-PORTER,,0,34.78264167,-98.246066670,0,1,0,0,1,1,1,0,2,10,0,10,0,0000000,1,41,1,54,88,88,0,0,0,1,1
40,400560,2,2,0,0,0,3,3,103,0,12,12,2011,2,15,4,0,3,2,US-177,,87,36.41644167,-97.067158330,0,12,6,0,1,1,1,0,1,10,0,10,0,0000000,15,7,15,26,88,88,0,0,0,1,0
40,400561,2,2,0,0,0,2,2,127,0,13,12,2011,3,18,35,0,6,4,CO RD ETHEL RD,,0,34.22945278,-95.563394440,0,12,6,0,1,1,1,0,2,10,0,10,0,0000000,18,32,18,36,19,14,0,0,0,1,0
40,400562,1,1,0,0,0,1,1,49,4500,7,11,2011,2,9,9,0,6,6,SMITH ST,,0,34.79667778,-96.961741670,0,19,0,0,1,1,6,0,1,10,0,10,0,0000000,9,9,9,27,10,12,0,0,0,1,0
40,400563,2,2,0,0,0,2,2,81,4530,8,11,2011,3,12,36,0,3,3,SR-99,,16,35.77243889,-96.662858330,0,12,6,0,1,1,1,0,1,10,0,10,0,0000000,12,38,12,54,13,18,0,0,0,1,0
40,400564,1,1,0,1,1,4,4,31,2750,21,11,2011,2,20,40,0,16,6,SW 67TH ST,,0,34.59830833,-98.474700000,0,8,0,0,1,1,1,0,2,8,10,8,0,0000000,20,40,20,43,20,59,0,0,0,1,0
40,400565,1,1,0,0,0,1,1,19,0,12,12,2011,2,13,24,0,4,3,SR-53A,,9,34.28966111,-97.038369440,0,21,0,0,1,1,4,0,1,10,0,10,0,0000000,13,25,13,41,14,12,0,0,0,1,0
40,400566,1,1,0,0,0,3,3,101,0,3,12,2011,7,4,4,0,4,4,CO RD 85TH ST E,,0,35.71287500,-95.237127780,0,42,0,0,1,1,4,0,2,10,0,10,0,0000000,3,59,4,20,88,88,0,0,0,1,1
40,400567,2,2,0,0,0,3,3,41,0,3,12,2011,7,7,58,0,4,4,CO RD E 260,CO RD S 640,0,36.63863611,-94.715575000,0,12,6,0,2,2,1,0,1,10,0,10,0,0000000,8,0,8,29,8,53,0,0,0,1,0
40,400568,3,3,0,0,0,6,6,27,3550,26,11,2011,7,15,34,0,16,6,SW 149TH ST,,0,35.31960833,-97.559933330,0,53,0,0,1,1,4,0,1,10,0,10,0,0000000,15,35,15,45,88,88,0,0,0,1,1
40,400569,2,2,0,0,0,2,2,23,0,22,11,2011,3,8,56,1,2,2,US-70,US-271,184,34.04027500,-95.625758330,0,12,6,0,2,2,1,0,1,1,0,1,0,0000000,8,52,9,0,9,33,0,0,0,1,0
40,400570,3,3,0,0,0,7,7,109,3550,2,12,2011,6,15,56,0,16,6,N PORTLAND AVE,,0,35.63975556,-97.585013890,0,12,1,0,1,1,1,0,1,10,0,10,0,0000000,15,58,16,5,16,59,14,0,0,1,0
40,400571,1,1,0,0,0,1,1,109,3550,4,12,2011,1,1,13,0,13,3,SR-152,,66,35.39473611,-97.662952780,0,33,0,0,1,1,4,0,2,10,0,10,0,0000000,1,23,1,37,2,5,0,0,0,1,0
40,400572,2,2,0,0,0,3,3,147,300,16,12,2011,6,13,8,1,13,2,US-60,,99999,36.72941944,-95.952508330,0,12,6,0,8,1,1,0,1,1,0,1,0,0000000,13,8,13,12,13,25,0,0,0,2,0
40,400573,1,1,0,0,0,2,2,57,0,18,12,2011,1,3,18,1,2,2,US-62,,4,34.68179444,-99.993830560,0,35,0,0,1,1,4,0,2,10,0,10,0,0000000,3,15,3,27,3,55,0,0,0,2,0
40,400574,2,2,0,0,0,5,5,53,0,25,11,2011,6,7,55,0,4,3,SR-132,,19,36.61996944,-98.019491670,0,12,2,0,1,1,1,0,1,10,0,10,0,0000000,8,0,8,22,9,5,0,0,0,2,0
40,400575,1,1,0,0,0,4,4,49,0,2,12,2011,6,20,0,0,6,6,W COMANCHE ST,,0,34.83073889,-97.615194440,0,42,0,0,1,1,4,0,2,10,0,10,0,0000000,20,11,20,15,21,24,0,0,0,1,0
40,400576,2,2,0,0,0,3,3,73,0,9,12,2011,6,20,0,0,4,3,SR-51,,64,36.11608889,-97.783905560,0,12,6,0,1,1,1,0,2,1,0,1,0,0000000,20,15,20,28,21,30,0,0,0,2,0
40,400577,2,2,0,0,0,3,3,53,0,10,12,2011,7,18,0,0,3,2,US-60,,105,36.68031389,-97.621486110,0,12,6,0,1,1,1,0,2,10,0,10,0,0000000,18,13,18,24,88,88,0,0,0,1,1
40,400578,1,1,0,0,0,2,2,41,0,23,11,2011,4,14,55,0,3,2,US-59,,192,36.64686389,-94.814163890,0,25,0,0,1,1,4,0,1,1,0,1,0,0000000,14,57,15,2,88,88,0,0,0,1,1
40,400579,1,1,0,0,0,3,3,21,0,26,11,2011,7,11,29,0,4,4,CO RD INDIAN RD,,0,35.68796667,-95.024269440,0,42,0,0,1,1,4,0,1,2,0,2,0,0000000,11,25,11,27,88,88,0,0,0,2,0
40,400580,2,2,0,0,0,2,2,101,0,28,11,2011,2,17,58,1,1,1,I-40,,48,35.48225556,-95.261588890,0,12,1,0,1,1,1,0,2,1,0,1,0,0000000,17,57,18,12,88,88,0,0,0,1,0
40,400581,2,2,0,0,0,2,2,123,0,6,12,2011,3,0,2,0,3,3,SR-3W,,86,34.87488333,-96.852808330,0,12,2,0,1,1,1,0,2,10,0,10,0,0000000,23,59,0,11,0,50,18,0,0,1,0
40,400582,2,2,0,0,0,3,3,95,0,12,12,2011,2,11,50,1,2,2,US-70,,24,34.10025278,-96.926277780,0,12,6,0,1,1,1,0,1,10,0,10,0,0000000,11,56,12,2,88,88,0,0,0,1,0
40,400583,1,1,0,0,0,1,1,119,0,24,12,2011,7,3,38,0,3,3,SR-33,,60,35.98550556,-96.660961110,0,35,0,0,1,1,3,0,2,1,0,1,0,0000000,3,43,3,56,4,30,0,0,0,1,1
40,400584,2,2,0,0,0,5,5,109,3550,14,10,2011,6,7,55,1,11,1,I-40,,12,35.45838056,-97.455816670,0,12,6,0,1,1,1,0,1,1,0,1,0,0000000,7,57,8,1,88,88,0,0,0,1,0
40,400585,2,2,0,0,0,6,6,117,0,3,12,2011,7,11,4,1,2,8,CIMARRON TPK,,31,36.22462222,-96.763841670,0,12,6,0,1,1,1,0,1,2,0,2,0,0000000,11,2,11,17,12,12,0,0,0,1,0
40,400586,2,2,0,0,0,4,4,109,3550,10,12,2011,7,10,7,0,16,6,NW 10TH ST,,0,35.47864444,-97.567794440,0,12,6,0,8,1,1,0,1,1,0,1,0,0000000,10,8,10,13,10,33,0,0,0,1,0
40,400587,1,1,0,1,1,1,1,143,4780,28,9,2011,4,19,10,0,16,6,N ATLANTA CT,,0,36.20286667,-95.954730560,0,15,0,0,1,1,1,0,1,1,0,1,0,0000000,17,54,17,58,18,14,0,0,0,1,0
40,400588,2,2,0,0,0,2,2,143,4780,14,10,2011,6,20,20,0,16,6,E APACHE ST,N HARTFORD AVE,0,36.19145833,-95.983894440,0,12,6,0,2,3,1,0,3,10,0,10,0,0000000,20,21,20,26,21,49,0,0,0,1,1
40,400589,1,1,0,0,0,3,3,143,4780,9,12,2011,6,23,44,1,11,1,I-244,,25,36.11373889,-96.011066670,0,52,0,0,1,1,4,0,3,10,0,10,0,0000000,23,36,23,42,0,4,0,0,0,2,1
40,400590,2,2,0,0,0,3,3,125,4300,15,12,2011,5,13,44,0,16,6,AIRPORT DR,,0,35.35076667,-96.934366670,0,12,6,0,1,1,1,0,1,10,0,10,0,0000000,13,45,13,48,14,16,0,0,0,2,0
40,400591,2,2,0,0,0,3,3,143,4780,19,10,2011,4,16,53,0,16,6,S PEORIA AVE,E 19TH ST,0,36.13520556,-95.975622220,0,12,6,0,2,2,1,0,1,1,0,1,0,0000000,16,53,16,57,17,7,0,0,0,1,0
40,400592,1,1,0,0,0,2,2,49,0,11,11,2011,6,15,56,0,4,4,CR-1680,,0,34.59369444,-97.247355560,0,21,0,0,1,1,4,0,1,1,0,1,0,0000000,13,29,13,46,14,21,0,0,0,1,0
40,400593,2,2,0,0,0,4,4,121,0,18,12,2011,1,12,30,0,3,2,US-270,,78,34.89415278,-95.648400000,0,12,6,0,8,1,1,0,1,10,0,10,0,0000000,12,34,12,42,13,13,0,0,0,1,0
40,400594,1,1,0,0,0,2,2,109,3550,26,12,2011,2,3,14,1,11,1,I-235,,45,35.51775278,-97.517119440,0,52,0,0,1,1,4,0,2,2,0,2,0,0000000,99,99,99,99,88,88,0,0,0,2,1
40,400595,1,1,0,0,0,2,2,127,0,11,11,2011,6,22,3,0,4,2,US-271,,95,34.63851667,-95.162272220,0,32,0,0,1,1,4,0,2,1,0,1,0,0000000,22,18,23,18,0,17,0,0,0,1,1
40,400596,2,2,0,0,0,2,2,115,0,12,12,2011,2,19,53,0,4,2,US-59,,35,36.87018333,-94.960933330,0,12,2,0,1,1,1,0,2,2,0,2,0,0000000,20,1,20,23,20,46,0,0,0,2,0
40,400597,3,3,0,0,0,5,5,117,0,31,12,2011,7,17,31,0,4,2,US-64,,35,36.31890556,-96.862433330,0,12,2,0,1,1,1,0,1,1,0,1,0,0000000,16,47,17,8,17,54,0,0,0,1,0
40,400598,2,2,0,0,0,3,3,39,1030,14,12,2011,4,13,40,1,11,1,I-40,N 12TH ST,17,35.51541944,-98.974191670,0,12,6,1,2,2,1,0,1,10,0,10,0,0000000,13,29,13,29,13,50,0,0,0,1,1
40,400599,2,2,0,0,0,2,2,53,0,30,12,2011,6,17,0,0,3,2,US-81,,34,36.71862500,-97.803891670,0,12,2,0,1,1,1,0,5,1,0,1,0,0000000,16,57,17,5,18,15,0,0,0,1,0
40,400600,1,1,0,0,0,2,2,149,0,23,11,2011,4,3,12,0,4,3,SR-44,,82,35.23178611,-99.170438890,0,43,0,0,1,1,4,0,2,1,0,1,0,0000000,3,18,3,26,4,0,0,0,0,1,1
40,400601,2,2,0,0,0,3,3,15,0,14,12,2011,4,19,10,1,1,1,I-40,,108,35.52917778,-98.433577780,0,12,1,0,1,1,1,0,2,1,0,1,0,0000000,19,8,19,23,20,5,0,0,0,1,0
40,400603,1,1,0,1,1,3,3,143,4780,29,10,2011,7,19,25,0,16,6,S UNION AVE,,0,36.09498611,-96.011666670,0,15,0,0,1,1,1,0,3,1,0,1,0,0000000,19,25,19,30,19,51,0,0,0,1,0
40,400604,1,1,0,0,0,1,1,143,4780,13,11,2011,1,5,15,0,16,6,S RIVERSIDE DR,E 41ST ST,0,36.10428056,-95.983444440,0,33,0,0,2,3,5,0,3,1,0,1,0,0000000,5,16,5,24,88,88,0,0,0,1,1
40,400605,1,1,0,0,0,1,1,143,4780,25,11,2011,6,23,26,0,16,6,S CINCINNATI AVE,,0,36.12378611,-95.981502780,0,33,0,0,1,1,4,0,3,10,0,10,0,0000000,23,26,23,31,88,88,0,0,0,1,1
40,400606,1,1,0,1,1,1,1,101,0,31,12,2011,7,6,25,1,13,2,US- 64,,26,35.67406389,-95.375733330,0,8,0,0,1,1,1,0,2,1,0,1,0,0000000,6,27,6,35,88,88,0,0,0,1,0
40,400607,1,1,0,0,0,1,1,137,543,28,12,2011,4,6,55,0,6,4,CR- GOAD RD,,0,34.66681667,-97.808797220,0,1,0,0,1,1,1,0,2,1,0,1,0,0000000,7,5,7,19,99,99,0,0,0,1,1
40,400608,2,2,0,0,0,2,2,143,4780,19,12,2011,2,16,48,0,12,3,SR- 11,,5,36.19908611,-95.944194440,0,12,99,1,18,1,1,0,5,2,0,2,0,0000000,16,48,16,57,17,38,0,0,0,1,0
40,400609,1,1,0,0,0,2,2,133,0,15,11,2011,3,20,55,1,1,1,I- 40,,160,35.38533056,-96.494030560,0,44,0,0,1,1,4,1,2,1,0,1,0,0000000,21,31,21,46,22,22,3,0,0,1,0
40,400610,1,1,0,1,1,1,1,143,4780,24,12,2011,7,21,32,0,16,6,S MEMORIAL DR,,0,36.09029444,-95.886425000,0,8,0,0,1,1,1,0,3,1,0,1,0,0000000,21,32,21,32,21,53,19,0,0,1,1
40,400611,1,1,0,0,0,1,1,15,0,12,11,2011,7,11,31,0,3,3,SR- 9,,142,35.09067222,-98.623327780,0,34,0,0,1,1,4,0,1,10,0,10,0,0000000,11,29,11,34,13,11,0,0,0,1,0
40,400612,9,9,0,0,0,13,13,143,4780,27,10,2011,5,5,45,1,13,2,US- 64,,138,36.15626667,-96.023908330,0,12,6,0,1,1,1,0,3,2,0,2,0,0000000,5,50,5,56,6,26,0,0,0,1,1
40,400613,2,2,0,0,0,3,3,71,3800,12,12,2011,2,15,46,0,16,6,5TH ST,,0,36.72810000,-97.078691670,0,12,1,0,1,1,1,0,1,10,0,10,0,0000000,15,46,15,52,16,12,0,0,0,1,1
40,400614,2,2,0,0,0,6,6,145,0,27,11,2011,1,0,46,0,4,3,SR- 51B,,42,35.90143333,-95.606922220,0,12,6,0,1,1,1,0,2,1,0,1,0,0000000,0,45,0,51,2,27,0,0,0,3,1
40,400616,1,1,0,0,0,1,1,17,5290,9,11,2011,4,14,35,1,1,1,I-40 RAMP,,284,35.50100833,-97.816291670,0,1,0,1,5,1,4,0,1,1,0,1,0,0000000,14,35,14,43,15,11,20,0,0,1,0
40,400617,1,1,0,0,0,1,1,51,0,22,12,2011,5,15,1,0,4,3,SR-19,CR-1420,99999,34.95769722,-97.856136110,0,42,0,0,1,1,4,0,1,10,0,10,0,0000000,15,25,15,31,15,50,0,0,0,1,0
40,400618,4,2,2,0,0,3,3,143,4780,22,10,2011,7,8,47,0,16,6,N CINCINNATI AVE,E MARSHALL ST,0,36.17149444,-95.993522220,0,12,6,0,2,2,1,0,1,1,0,1,0,0000000,8,47,8,50,9,5,0,0,0,1,0
40,400619,2,1,1,0,1,1,2,109,3550,3,12,2011,7,23,23,1,1,1,I-40,,105,35.41063611,-97.306711110,0,14,0,0,1,1,2,0,2,1,0,1,0,0000000,23,25,23,36,0,50,23,0,0,1,0
40,400620,2,2,0,0,0,6,6,143,590,18,12,2011,1,12,56,0,16,6,ELM PL,PITTSBURG ST,0,36.03967778,-95.797444440,0,12,6,0,2,2,1,0,1,10,0,10,0,0000000,12,58,13,2,13,35,0,0,0,1,0
41,410001,2,2,0,0,0,3,3,35,0,2,1,2011,1,11,47,1,2,2,US-97 (ODOT 4),,2176,43.00821944,-121.826080560,0,12,6,0,1,1,1,0,1,1,0,1,0,0000000,11,48,12,5,13,30,0,0,0,1,0
41,410002,1,1,0,0,0,1,1,19,0,3,1,2011,2,16,50,0,3,4,OLD HWY 99,4TH ST,13,43.10678611,-123.424391670,0,32,0,0,3,3,4,0,2,1,0,1,0,0000000,16,52,16,54,88,88,0,0,0,1,0
41,410003,1,1,0,2,2,1,1,39,660,3,1,2011,2,8,55,0,15,6,WILLAKENZIE RD,ADKINS ST,0,44.08044167,-123.065711110,0,8,0,0,3,3,4,0,1,1,0,1,0,0000000,8,58,9,5,10,30,0,0,0,1,0
41,410004,1,1,0,1,1,1,1,51,1650,4,1,2011,3,23,51,0,13,6,SE DIVISION ST,,0,45.50408056,-122.534063890,0,8,0,0,1,1,1,0,3,10,0,10,0,0000000,23,51,23,53,88,88,0,0,0,1,0
41,410005,2,2,0,0,0,1,1,51,1650,7,1,2011,6,9,27,1,2,6,NE COLUMBIA BLVD,,0,45.58268889,-122.666841670,0,12,2,0,1,1,1,0,1,10,0,10,0,0000000,9,27,9,33,9,50,0,0,0,1,0
41,410006,2,2,0,0,0,4,4,3,0,9,1,2011,1,19,40,1,2,2,US-20 (ODOT 33),,419,44.60789167,-123.480841670,0,12,6,0,1,1,1,0,2,10,0,10,0,0000000,19,42,19,56,20,57,0,0,0,1,0
41,410007,1,1,0,0,0,1,1,29,0,10,1,2011,2,17,24,0,4,4,E EVANS CREEK RD,,272,42.49040833,-123.166083330,0,42,0,0,1,1,4,0,1,1,0,1,0,0000000,17,27,17,33,88,88,0,0,0,1,0
41,410008,2,2,0,0,0,2,2,9,0,14,1,2011,6,9,41,1,2,2,US-30 (ODOT 92),GILMORE RD,219,45.77165278,-122.879233330,0,12,1,0,3,3,11,0,1,10,0,10,0,0000000,9,42,9,46,88,88,0,0,0,1,0
41,410009,1,1,0,0,0,1,1,35,0,14,1,2011,6,18,8,0,3,3,SR-66 (ODOT 21),,531,42.13935833,-121.887027780,0,38,0,0,1,1,5,0,2,10,0,10,0,0000000,18,8,18,23,88,88,0,0,0,1,1
41,410010,1,1,0,1,1,1,1,67,1000,14,1,2011,6,18,59,1,13,3,SR-8 (ODOT 29),,139,45.51931389,-123.003647220,0,8,0,0,1,1,1,0,2,98,0,98,0,0000000,18,59,19,2,88,88,0,0,0,1,0
41,410011,1,1,0,0,0,4,4,31,0,15,1,2011,7,2,30,0,4,4,SW EUREKA LN,,1,44.57812778,-121.187586110,0,1,0,0,1,1,5,0,2,1,0,1,0,0000000,4,19,4,30,5,53,0,0,0,1,1
41,410012,1,1,0,0,0,2,2,39,0,15,1,2011,7,17,30,0,4,4,JASPER-LOWELL RD,PARKWAY RD,0,43.99865278,-122.905302780,0,23,0,0,2,3,4,0,8,98,0,98,0,0000000,17,32,17,39,18,8,0,0,0,2,0
41,410013,1,1,0,1,1,1,1,27,1020,20,1,2011,5,1,24,1,11,1,I-84,,640,45.71041944,-121.506288890,0,8,0,0,1,1,1,1,2,1,0,1,0,0000000,1,24,1,35,88,88,0,0,0,1,0
41,410014,3,1,2,2,3,1,2,51,1650,20,1,2011,5,2,18,0,15,6,E BURNSIDE ST,,0,45.52272500,-122.558677780,0,14,0,0,1,1,4,0,3,10,0,10,0,0000000,2,18,2,18,99,99,0,0,0,1,1
41,410015,1,1,0,0,0,1,1,41,0,20,1,2011,5,20,39,0,6,4,SE 118TH ST,,3,44.55335278,-124.066786110,0,2,0,0,1,1,1,0,2,99,0,99,0,0000000,99,99,99,99,88,88,0,0,0,1,0
41,410016,1,1,0,1,1,1,1,15,0,21,1,2011,6,17,50,1,2,2,US-101 (ODOT 9),,3582,42.05393056,-124.264202780,0,8,0,0,1,1,1,0,2,10,0,10,0,0000000,17,50,17,55,88,88,0,0,0,1,0
41,410017,2,2,0,0,0,2,2,27,0,21,1,2011,6,17,54,1,2,3,SR-35 (ODOT 26),,770,45.46168889,-121.579897220,0,12,6,0,1,1,1,0,2,1,0,1,0,0000000,17,56,18,5,88,88,0,0,0,1,1
41,410018,1,1,0,0,0,1,1,47,1295,21,1,2011,6,20,5,0,4,4,MARION RD,,46,44.74766944,-122.941211110,0,42,0,0,1,1,6,0,2,2,10,2,0,0000000,20,7,20,9,99,99,0,0,0,1,1
41,410019,1,1,0,0,0,3,3,39,0,22,1,2011,7,6,55,1,2,3,SR-58 (ODOT 18),,512,43.64742222,-122.207811110,0,42,0,0,1,1,6,0,2,5,0,5,0,0000000,7,0,7,30,8,44,0,0,0,2,0
41,410020,2,2,0,0,0,6,6,47,0,22,1,2011,7,11,17,0,4,4,MERIDIAN RD NE,DOMINIC RD NE,54,45.08564444,-122.743494440,0,12,6,0,2,2,1,0,1,1,0,1,0,0000000,11,17,11,22,11,35,0,0,0,2,0
41,410021,1,1,0,0,0,1,1,5,0,23,1,2011,1,16,46,0,3,3,SR-211 (ODOT 161),,159,45.16591111,-122.526902780,0,30,0,0,1,1,4,0,1,10,0,10,0,0000000,16,50,17,50,88,88,0,0,0,1,0
41,410022,2,2,0,0,0,2,2,47,0,25,1,2011,3,15,28,1,11,1,I-5,,2500,44.86346944,-123.008261110,0,12,98,0,1,1,1,0,1,98,0,98,1,0000000,15,28,15,34,88,88,0,0,0,1,1
41,410023,1,1,0,1,1,2,2,47,0,26,1,2011,4,23,30,0,16,6,47TH AVE NE,,3,44.97312222,-122.969216670,0,8,0,0,1,1,1,0,3,5,0,5,0,0000000,23,31,23,40,88,88,0,0,0,1,0
41,410024,1,1,0,1,1,1,1,17,190,26,1,2011,4,22,59,1,13,2,US-20 (ODOT 17),,204,44.06878611,-121.302544440,0,8,0,0,1,1,1,0,2,1,0,1,0,0000000,22,59,23,8,88,88,0,0,0,1,0
41,410025,1,1,0,0,0,1,1,29,0,27,1,2011,5,16,19,1,11,1,I-5,,150,42.19509167,-122.672902780,0,21,0,0,1,1,3,0,1,1,0,1,0,0000000,16,20,16,28,88,88,0,0,0,1,0
41,410026,1,1,0,0,0,1,1,29,0,28,1,2011,6,3,3,1,1,1,I-5,,473,42.41373889,-123.154283330,0,1,0,0,1,1,1,0,3,1,0,1,0,0000000,3,8,3,19,3,46,0,0,0,1,1
41,410027,1,1,0,0,0,1,1,25,0,29,1,2011,7,7,30,0,3,3,SR-205 (ODOT 440),,251,43.24400833,-118.956094440,0,1,0,0,1,1,4,0,1,5,0,5,0,0000000,7,41,8,16,88,88,0,0,0,1,0
41,410028,1,1,0,0,0,2,2,47,0,30,1,2011,1,5,15,0,3,4,DELANEY RD SE,,58,44.83938056,-122.987277780,0,1,0,0,1,1,5,0,3,5,0,5,0,0000000,7,10,7,15,7,43,0,0,0,1,1
41,410029,1,1,0,0,0,3,3,41,0,1,2,2011,3,10,30,1,2,2,US-101 (ODOT 9),,1522,44.47974444,-124.079891670,0,42,0,0,1,1,4,0,1,1,0,1,0,0000000,10,30,10,33,11,32,0,0,0,2,1
41,410030,2,2,0,0,0,2,2,5,1830,6,2,2011,1,21,52,1,13,3,SR-26 (ODOT 26),SE 362ND AVE,227,45.37857778,-122.291230560,0,12,1,0,3,3,1,0,3,10,0,10,0,0000000,21,52,21,55,88,88,0,0,0,1,1