STATE,ST_CASE,VE_TOTAL,VE_FORMS,PVH_INVL,PEDS,PERNOTMVIT,PERMVIT,PERSONS,COUNTY,CITY,DAY,MONTH,YEAR,DAY_WEEK,HOUR,MINUTE,NHS,ROAD_FNC,ROUTE,TWAY_ID,TWAY_ID2,MILEPT,LATITUDE,LONGITUD,SP_JUR,HARM_EV,MAN_COLL,RELJCT1,RELJCT2,TYP_INT,REL_ROAD,WRK_ZONE,LGT_COND,WEATHER1,WEATHER2,WEATHER,SCH_BUS,RAIL,NOT_HOUR,NOT_MIN,ARR_HOUR,ARR_MIN,HOSP_HR,HOSP_MN,CF1,CF2,CF3,FATALS,DRUNK_DR
41,410031,2,2,0,0,0,4,4,51,1650,7,2,2011,2,2,0,0,13,2,US-30 (ODOT 123),NE CULLY BLVD,96,45.56379444,-122.593230560,0,12,6,0,2,2,1,0,3,2,10,2,0,0000000,2,1,2,6,2,39,0,0,0,1,1
41,410032,2,2,0,0,0,3,3,57,0,8,2,2011,3,15,21,0,3,3,SR-6 (ODOT 37),,64,45.47461944,-123.726672220,0,12,2,0,1,1,1,4,1,1,0,1,0,0000000,15,21,15,27,16,9,0,0,0,2,0
41,410033,1,1,0,0,0,1,1,45,0,9,2,2011,4,9,34,1,1,1,I-84,,3636,44.16891667,-117.125508330,0,31,0,0,1,1,3,0,1,1,0,1,0,0000000,9,34,9,48,88,88,0,0,0,1,0
41,410034,1,1,0,1,1,1,1,39,1960,9,2,2011,4,19,59,1,13,3,SR-126 (ODOT 15),,60,44.05386944,-122.934919440,0,8,0,0,1,1,1,0,3,1,0,1,0,0000000,19,59,20,0,88,88,0,0,0,1,0
41,410035,2,2,0,0,0,3,3,51,1650,9,2,2011,4,22,17,0,14,6,NE AINSWORTH CIR,NE AIRPORT WAY,0,45.56676111,-122.535444440,0,1,0,0,2,3,1,0,3,10,0,10,0,0000000,22,17,22,20,22,57,0,0,0,1,1
41,410036,1,1,0,1,1,1,1,67,180,12,2,2011,7,18,43,1,13,3,SR-8 (ODOT 29),,42,45.48873333,-122.818058330,0,9,0,0,1,1,1,8,3,2,0,2,0,0000000,18,43,18,44,19,6,0,0,0,1,0
41,410037,1,1,0,0,0,1,1,47,0,17,2,2011,5,10,0,0,3,4,CASCADE HWY NE,,14,44.96363333,-122.809461110,0,42,0,0,1,1,6,0,1,1,0,1,0,0000000,10,0,10,5,88,88,0,0,0,1,0
41,410038,1,1,0,4,4,1,1,1,0,18,2,2011,6,5,45,1,1,1,I-84,,3450,44.62928611,-117.518244440,0,8,0,0,1,1,3,0,2,4,0,4,0,0000000,5,46,6,10,99,99,0,0,0,1,0
41,410039,2,2,0,0,0,6,6,43,0,18,2,2011,6,13,0,1,2,2,US-20 (ODOT 16),,785,44.42891944,-121.901322220,0,12,2,0,1,1,1,0,1,10,0,10,0,0000000,13,0,13,33,14,28,0,0,0,1,0
41,410040,3,3,0,0,0,9,9,17,0,19,2,2011,7,15,11,1,2,2,US-97 (ODOT 4),,1543,43.85656111,-121.412447220,0,12,6,0,1,1,1,0,1,4,0,4,0,0000000,15,14,15,25,16,8,0,0,0,1,0
41,410041,3,3,0,0,0,7,7,47,0,19,2,2011,7,16,53,0,3,4,SILVERTON RD NE,81ST AVE NE,55,44.99154444,-122.888991670,0,12,1,0,2,2,1,0,1,1,0,1,0,0000000,16,53,16,59,17,58,0,0,0,1,1
41,410042,1,1,0,0,0,1,1,51,1650,19,2,2011,7,7,15,0,14,6,N PORTLAND RD,,0,45.60972500,-122.708119440,0,25,0,0,1,1,3,0,4,1,0,1,0,0000000,7,17,7,26,88,88,0,0,0,1,0
41,410043,1,1,0,1,1,1,1,55,0,2,3,2011,4,23,55,1,1,1,I-84,,1128,45.71101111,-120.686930560,0,18,0,0,1,1,1,0,2,1,0,1,0,0000000,88,88,88,88,88,88,0,0,0,1,0
41,410044,2,1,1,0,1,3,4,7,0,20,2,2011,1,10,16,1,2,2,US-26 (ODOT 47),,123,45.91193333,-123.708236110,0,14,0,0,1,1,4,0,1,10,0,10,0,0000000,10,16,10,55,11,30,0,0,0,1,0
41,410045,1,1,0,1,1,1,1,11,390,2,3,2011,4,18,59,0,13,6,NEWMARK AVE,,0,43.39170556,-124.270625000,0,8,0,0,1,1,1,0,2,99,0,99,0,0000000,19,0,19,7,19,20,0,0,0,1,0
41,410046,2,2,0,0,0,2,2,51,0,4,3,2011,6,6,40,1,2,2,US-30 (ODOT 92),,159,45.68628056,-122.872922220,0,12,2,0,1,1,1,0,4,2,0,2,0,0000000,6,42,6,51,7,29,0,0,0,1,0
41,410047,1,1,0,0,0,1,1,67,0,6,3,2011,1,19,25,0,4,4,NW LAIDLAW RD,,0,45.55280556,-122.853188890,0,42,0,0,1,1,4,0,3,1,0,1,0,0000000,19,29,19,32,88,88,0,0,0,1,0
41,410048,1,1,0,0,0,2,2,43,0,9,3,2011,4,18,0,0,6,4,WHISKEY BUTTE RD,,26,44.39060278,-122.630650000,0,1,0,0,1,1,4,0,5,10,0,10,0,0000000,19,31,19,42,20,27,0,0,0,1,1
41,410049,3,3,0,0,0,3,3,5,0,10,3,2011,5,12,5,1,2,2,US-26 (ODOT 26),,520,45.30614722,-121.790430560,0,12,2,0,1,1,1,0,1,4,0,4,0,0000000,12,5,12,9,13,48,14,0,0,1,1
41,410050,1,1,0,0,0,1,1,39,0,12,3,2011,7,2,30,0,4,4,CROW RD,,71,43.98927222,-123.297138890,0,42,0,0,1,1,4,0,2,10,0,10,0,0000000,2,34,2,42,88,88,0,0,0,1,0
41,410051,1,1,0,1,1,1,1,51,1650,12,3,2011,7,11,26,0,16,6,SE POWELL BUTTE PKY,,0,45.49016667,-122.490233330,0,8,0,0,1,1,1,0,1,2,0,2,0,0000000,11,26,11,32,88,88,0,0,0,1,0
41,410052,2,2,0,0,0,4,4,39,0,16,3,2011,4,14,58,1,2,3,SR-58 (ODOT 18),,600,43.60821389,-122.056661110,0,12,1,0,1,1,1,0,1,4,0,4,0,0000000,15,1,15,24,18,10,0,0,0,1,0
41,410053,1,1,0,1,1,1,1,51,1650,16,3,2011,4,23,10,0,13,6,NE SANDY BLVD,,0,45.55644722,-122.568847220,0,8,0,0,1,1,1,0,3,2,0,2,0,0000000,23,10,23,13,88,88,0,0,0,1,1
41,410054,1,1,0,0,0,1,1,43,0,18,3,2011,6,16,33,1,11,1,I-5,,2350,44.51157222,-123.061511110,0,1,0,0,1,1,3,0,1,2,0,2,0,0000000,16,35,16,48,88,88,0,0,0,1,0
41,410055,2,2,0,0,0,2,2,51,1650,18,3,2011,6,12,24,0,13,2,US-26 (ODOT 26),,8,45.50126111,-122.664305560,0,12,2,0,1,1,1,0,1,2,0,2,0,0000000,12,25,12,30,13,7,0,0,0,1,0
41,410056,2,2,0,0,0,4,4,41,1500,18,3,2011,6,20,17,1,13,2,US-101 (ODOT 9),,1389,44.65729722,-124.053241670,0,12,6,0,1,1,1,8,8,98,0,98,0,0000000,20,18,20,30,20,54,0,0,0,1,1
41,410057,1,1,0,1,1,1,1,5,0,20,3,2011,1,21,42,0,6,4,GRIMM RD,,5,45.15603611,-122.503725000,0,8,0,0,1,1,1,0,3,10,0,10,0,0000000,21,43,21,53,88,88,0,0,0,1,0
41,410058,1,1,0,1,1,1,1,5,0,22,3,2011,3,15,35,0,3,3,SR-211 (ODOT 161),,100,45.15020833,-122.632386110,0,9,0,0,1,1,1,0,1,10,0,10,0,0000000,15,36,15,46,16,16,0,0,0,1,0
41,410059,1,1,0,0,0,3,3,29,0,23,3,2011,4,13,54,0,4,4,CARBERRY RD,,2,42.02274444,-123.163980560,0,1,0,0,1,1,4,0,1,10,0,10,0,0000000,13,57,14,24,15,20,0,0,0,1,0
41,410061,1,1,0,0,0,1,1,39,0,24,3,2011,5,12,5,0,4,4,PARSONS CREEK RD,,18,44.18741389,-122.902050000,0,42,0,0,1,1,5,0,1,2,0,2,0,0000000,12,10,12,19,88,88,0,0,0,1,0
41,410062,1,1,0,0,0,3,3,19,0,26,3,2011,7,2,35,0,4,4,TYEE RD,,112,43.41895556,-123.568986110,0,1,0,0,1,1,4,0,2,10,0,10,0,0000000,2,36,3,0,4,4,0,0,0,2,1
41,410063,2,2,0,0,0,2,2,5,926,22,1,2011,7,1,50,0,15,6,SE BOB SCHUMACHER RD,,3,45.44418889,-122.568880560,0,12,6,0,1,1,1,0,3,10,0,10,0,0000000,1,56,2,2,2,39,0,0,0,1,1
41,410064,1,1,0,1,1,2,2,51,1650,26,3,2011,7,11,10,0,13,3,SR-213 (ODOT 68),SE MILL ST,39,45.51005278,-122.578652780,0,8,0,0,3,2,4,0,1,10,0,10,0,0000000,11,10,11,13,11,44,0,0,0,1,0
41,410065,7,7,0,0,0,14,14,27,0,27,3,2011,1,17,38,1,1,1,I-84,,425,45.65696389,-121.900236110,0,12,1,0,1,1,1,0,1,2,0,2,0,0000000,17,38,17,53,99,99,0,0,0,1,0
41,410066,3,3,0,0,0,3,3,47,1810,28,3,2011,2,16,53,0,13,6,24TH ST NE,,0,44.93310278,-123.011730560,0,12,6,0,1,1,1,0,1,10,0,10,0,0000000,16,53,16,58,17,21,0,0,0,1,0
41,410067,1,1,0,0,0,1,1,39,0,2,4,2011,7,3,24,0,4,4,CROW RD,,17,44.04657500,-123.211958330,0,42,0,0,1,1,5,0,2,1,0,1,0,0000000,3,24,3,39,88,88,0,0,0,1,1
41,410068,1,1,0,0,0,1,1,11,390,2,4,2011,7,23,35,0,14,6,SOUTHWEST BLVD,,0,43.34465278,-124.228291670,0,30,0,0,1,1,4,0,2,10,0,10,0,0000000,23,36,23,45,88,88,0,0,0,1,1
41,410070,1,1,0,1,1,1,1,51,1650,9,4,2011,7,10,24,0,14,6,NE KILLINGSWORTH ST,NE 60TH AVE,0,45.56276389,-122.600638890,0,8,0,0,2,2,1,0,1,10,0,10,0,0000000,10,24,10,28,88,88,0,0,0,1,0
41,410071,2,2,0,0,0,2,2,5,1453,11,4,2011,2,10,25,0,3,3,SR-213 (ODOT 160),S CADILLAC LN,119,45.19812778,-122.580922220,0,12,2,0,2,3,1,0,1,10,0,10,0,0000000,10,30,10,35,88,88,0,0,0,1,0
41,410072,3,3,0,0,0,3,3,53,0,13,4,2011,4,9,20,1,2,3,SR-22 (ODOT 30),,114,44.97294167,-123.307833330,0,12,2,0,1,1,1,0,1,10,0,10,0,0000000,9,20,9,28,9,55,0,0,0,1,0
41,410073,2,2,0,0,0,2,2,47,1810,13,4,2011,4,13,2,0,14,6,BOONE RD SE,SUNNYSIDE RD SE,0,44.88301667,-123.037033330,0,12,6,0,2,2,1,1,1,10,0,10,0,0000000,13,2,13,6,13,40,0,0,0,1,0
41,410074,2,2,0,0,0,2,2,29,0,14,4,2011,5,12,15,0,4,4,SCENIC AVE,OLD STAGE RD,31,42.38560833,-122.974275000,0,12,2,0,2,3,1,0,1,10,0,10,0,0000000,12,15,12,18,88,88,0,0,0,1,0
41,410075,1,1,0,0,0,3,3,43,2030,14,4,2011,5,21,20,0,16,6,43RD AVE,,0,44.39346389,-122.690705560,0,1,0,0,1,1,5,0,2,2,0,2,0,0000000,21,20,21,22,21,54,0,0,0,1,1
41,410076,1,1,0,1,1,1,1,47,0,16,4,2011,7,20,27,0,13,3,SR-99E (ODOT 81),,335,45.13262500,-122.847855560,0,8,0,0,1,1,1,0,2,1,0,1,0,0000000,20,27,20,29,88,88,0,0,0,1,1
41,410077,1,1,0,0,0,1,1,51,1650,18,4,2011,2,22,16,0,14,6,SE COUPLET ST,,0,45.47935000,-122.566961110,0,33,0,0,1,1,4,0,3,10,0,10,0,0000000,22,17,22,20,88,88,0,0,0,1,1
41,410078,1,1,0,0,0,1,1,17,0,22,4,2011,6,19,35,0,3,4,CLINE FALLS HWY,,0,44.24006944,-121.288700000,0,53,0,0,1,1,5,0,1,1,0,1,0,0000000,19,36,19,41,20,27,0,0,0,1,1
41,410079,3,3,0,0,0,4,4,51,1650,22,4,2011,6,9,27,0,14,6,SE BELMONT ST,SE 7TH AVE,0,45.51653056,-122.658675000,0,12,6,0,2,2,1,0,1,1,0,1,0,0000000,9,28,9,30,9,59,0,0,0,1,0
41,410080,2,2,0,0,0,4,4,47,0,24,4,2011,1,16,18,0,2,4,EHLEN RD NE,BUTTEVILLE RD NE,36,45.23049167,-122.840450000,0,12,6,0,2,2,1,0,1,10,0,10,0,0000000,16,18,16,19,17,13,0,0,0,1,0
41,410082,1,1,0,0,0,2,2,7,1870,25,4,2011,2,22,10,0,16,6,OCEANWAY ST,,0,45.99380000,-123.925013890,0,3,0,0,1,1,5,0,3,2,0,2,0,0000000,22,23,22,24,88,88,0,0,0,2,1
41,410083,1,1,0,0,0,1,1,19,0,28,4,2011,5,22,36,1,1,1,I-5,,1522,43.58882222,-123.251969440,0,35,0,0,1,1,4,0,2,2,0,2,0,0000000,22,36,22,47,88,88,0,0,0,1,1
41,410084,2,2,0,0,0,3,3,29,0,29,4,2011,6,12,38,1,11,1,I-5,,245,42.27785833,-122.811305560,0,12,2,0,1,1,1,0,1,10,0,10,0,0000000,12,38,12,41,99,99,0,0,0,1,0
41,410085,1,1,0,1,1,1,1,33,0,30,4,2011,7,22,52,0,3,3,SR-99 (ODOT 60),,37,42.42467778,-123.263044440,0,8,0,0,1,1,1,0,2,1,0,1,0,0000000,22,38,22,45,88,88,0,0,0,1,0
41,410086,1,1,0,0,0,1,1,19,0,7,5,2011,7,2,50,0,3,3,SR-138 (ODOT 231),,45,43.57718889,-123.556597220,0,42,0,0,1,1,4,0,3,10,0,10,0,0000000,2,51,3,3,88,88,0,0,0,1,1
41,410087,2,2,0,0,0,3,3,5,0,7,5,2011,7,21,5,0,3,3,SR-213 (ODOT 160),,226,45.07506389,-122.684455560,0,12,6,0,1,1,1,0,3,1,0,1,0,0000000,21,5,21,14,22,12,0,0,0,1,0
41,410088,1,1,0,0,0,2,2,45,0,9,5,2011,2,12,31,1,1,1,I-84,,3699,44.09361944,-117.031308330,0,1,0,0,1,1,3,0,1,1,0,1,0,0000000,12,32,12,40,99,99,0,0,0,1,0
41,410089,1,1,0,0,0,1,1,11,1198,10,5,2011,3,18,40,0,5,6,N 8TH ST,,0,43.58294722,-124.178930560,0,32,0,0,1,1,4,0,1,1,0,1,0,0000000,18,42,18,44,99,99,0,0,0,1,1
41,410090,2,2,0,0,0,2,2,33,0,11,5,2011,4,14,0,1,2,2,US-199 (ODOT 25),,86,42.38335833,-123.477911110,0,12,6,0,1,1,1,0,1,10,0,10,0,0000000,14,3,14,31,88,88,0,0,0,1,0
41,410091,1,1,0,0,0,2,2,39,0,6,3,2011,1,2,31,0,15,3,SR-99 (ODOT 226),,6,43.99001944,-123.011502780,0,5,0,0,1,1,1,0,3,98,0,98,0,0000000,2,31,99,99,88,88,0,0,0,1,1
41,410092,1,1,0,0,0,1,1,47,0,13,5,2011,6,99,99,0,4,4,VITAE SPRINGS RD S,,19,44.86516389,-123.124122220,0,1,0,0,1,1,4,0,9,99,0,99,0,0000000,7,24,7,34,88,88,0,0,0,1,1
41,410093,1,1,0,0,0,1,1,1,0,13,5,2011,6,15,30,0,4,3,SR-86 (ODOT 12),,57,44.81026667,-117.669283330,0,35,0,0,1,1,4,0,1,1,0,1,0,0000000,15,32,15,42,88,88,0,0,0,1,0
41,410094,2,2,0,0,0,2,2,39,1960,14,5,2011,7,13,21,1,13,3,SR-126 (ODOT 15),69TH ST,76,44.04563333,-122.903783330,0,12,6,0,2,2,1,0,1,10,0,10,0,0000000,13,21,13,22,13,40,0,0,0,1,0
41,410095,1,1,0,0,0,1,1,17,190,14,5,2011,7,14,41,1,16,2,US-97 RAMP,,1359,44.08039167,-121.301827780,0,17,0,0,1,1,8,0,1,2,10,2,0,0000000,14,41,14,46,88,88,0,0,0,1,1
41,410096,2,2,0,0,0,2,2,27,0,15,5,2011,1,11,57,0,4,4,WOODWORTH DR,,6,45.54530556,-121.579044440,0,12,6,0,1,1,1,0,1,2,0,2,0,0000000,11,58,12,3,12,43,0,0,0,1,0
41,410097,2,2,0,0,0,2,2,19,0,17,5,2011,3,14,40,0,3,3,SR-138 (ODOT 138),,131,43.30291667,-123.161391670,0,12,2,0,1,1,1,0,1,10,0,10,0,0000000,14,45,14,50,15,48,0,0,0,1,0
41,410098,1,1,0,0,0,1,1,33,0,17,5,2011,3,17,48,0,6,4,THREE PINES RD,,11,42.56582222,-123.399369440,0,42,0,0,1,1,5,0,1,2,0,2,0,0000000,17,49,17,59,18,25,0,0,0,1,1
41,410099,1,1,0,1,1,1,1,5,1380,19,5,2011,5,13,43,0,3,3,SR-211 (ODOT 161),,87,45.15106389,-122.661038890,0,9,0,0,1,1,1,1,1,1,0,1,0,0000000,13,44,13,54,88,88,0,0,0,1,0
41,410100,1,1,0,0,0,1,1,5,0,19,5,2011,5,15,20,0,3,3,SR-211 (ODOT 161),,40,45.14430833,-122.752252780,0,34,0,0,1,1,4,1,1,1,0,1,0,0000000,15,29,15,40,16,16,0,0,0,1,0
41,410101,2,2,0,0,0,3,3,15,0,20,5,2011,6,16,40,1,2,2,US-101 (ODOT 9),,3619,42.01466944,-124.217655560,0,12,2,0,1,1,1,0,1,10,0,10,0,0000000,16,42,16,50,17,54,0,0,0,1,0
41,410102,1,1,0,0,0,1,1,59,2120,20,5,2011,6,17,40,0,14,6,POWERLINE RD,,0,45.91053056,-119.343941670,0,17,0,0,1,1,4,0,1,1,0,1,0,0000000,17,40,17,43,88,88,0,0,0,1,1
41,410103,1,1,0,0,0,1,1,51,1650,20,5,2011,6,3,45,0,15,6,NE MARINE DR,,0,45.52259167,-122.539391670,0,1,0,0,1,1,4,0,2,1,0,1,0,0000000,14,0,14,19,88,88,0,0,0,1,1
41,410104,2,2,0,0,0,2,2,5,0,21,5,2011,7,19,0,0,5,4,SE WILDCAT MTN DR,,32,45.33969167,-122.182966670,0,12,2,0,1,1,1,0,5,10,0,10,0,0000000,19,4,19,20,20,20,0,0,0,1,1
41,410105,1,1,0,1,1,1,1,57,0,23,5,2011,2,20,54,1,2,2,US-101 (ODOT 9),,537,45.57157778,-123.943113890,0,8,0,0,1,1,1,0,5,1,0,1,0,0000000,20,55,21,1,21,51,0,0,0,1,0
41,410107,1,1,0,0,0,2,2,45,0,27,5,2011,6,5,58,1,3,2,US-20 (ODOT 7),,2638,43.93277222,-117.005913890,0,1,0,0,1,1,4,0,4,10,2,2,0,0000000,6,0,6,8,88,88,0,0,0,2,1
41,410108,3,3,0,0,0,4,4,55,0,28,5,2011,7,14,30,1,2,2,US-97 (ODOT 42),,430,45.14198056,-120.687433330,0,12,2,0,1,1,1,0,1,1,0,1,0,0000000,14,34,14,53,16,21,0,0,0,1,0
41,410109,1,1,0,1,1,1,1,17,1205,29,5,2011,1,22,39,1,13,2,US-97 (ODOT 4),,1671,43.67948333,-121.496275000,0,8,0,0,1,1,1,0,3,1,0,1,0,0000000,22,40,22,43,88,88,0,0,0,1,0
41,410110,2,2,0,0,0,3,3,51,1650,29,5,2011,1,16,36,0,14,2,US-30BY (ODOT 123),N FENWICK AVE,50,45.56991667,-122.685291670,0,12,2,0,2,3,1,0,1,1,0,1,0,0000000,88,88,88,88,88,88,0,0,0,1,0
41,410111,1,1,0,0,0,3,3,47,0,31,5,2011,3,20,30,0,4,4,WEST STAYTON RD SE,,38,44.82936111,-122.873922220,0,42,0,0,1,1,4,0,5,10,0,10,0,0000000,20,30,21,8,21,45,0,0,0,2,1
41,410112,3,3,0,0,0,6,6,35,0,1,6,2011,4,11,50,1,2,2,US-97 (ODOT 4),,2604,42.41466944,-121.838352780,0,12,2,0,1,1,1,0,1,3,0,3,0,0000000,11,52,12,26,13,8,0,0,0,1,0
41,410113,1,1,0,0,0,3,3,41,0,7,6,2011,3,17,16,0,6,4,S DRIFT CREEK RD,,10,44.89795833,-123.987002780,0,1,0,0,1,1,4,0,1,1,0,1,0,0000000,17,21,17,28,20,23,0,0,0,1,0
41,410114,6,6,0,0,0,7,7,17,1720,8,6,2011,4,17,30,1,13,2,US-97 (ODOT 4),,1237,44.24125556,-121.194294440,0,12,7,0,1,1,1,0,1,1,0,1,0,0000000,17,31,17,35,19,13,0,0,0,1,0
41,410115,2,2,0,0,0,3,3,17,0,13,5,2011,6,17,35,1,2,2,US-97 (ODOT 4),STATE RECREATION RD,1606,43.76786944,-121.452975000,0,12,6,0,2,2,1,0,1,1,0,1,0,0000000,17,38,17,41,18,1,0,0,0,1,0
41,410116,2,1,1,0,0,2,2,51,1650,1,6,2011,4,13,42,0,15,6,SE HOLGATE BLVD,,0,45.48980833,-122.558569440,0,14,0,0,1,1,2,0,1,1,0,1,0,0000000,13,42,13,47,14,19,0,0,0,1,0
41,410117,5,5,0,0,0,11,11,61,0,8,6,2011,4,14,0,0,2,3,SR-82 (ODOT 10),,312,45.43331111,-117.320508330,0,12,6,0,1,1,1,1,1,10,0,10,0,0000000,14,6,14,21,15,50,0,0,0,1,0
41,410118,1,1,0,1,1,1,1,27,1020,10,6,2011,6,12,57,0,16,6,COLUMBIA ST,,0,45.71029722,-121.513941670,0,15,0,0,1,1,1,0,1,1,0,1,0,0000000,12,57,13,0,88,88,0,0,0,1,0
41,410119,1,1,0,0,0,1,1,61,0,11,6,2011,7,2,12,0,4,4,HUNTER RD,,33,45.49402778,-118.055850000,0,42,0,0,1,1,4,0,2,1,0,1,0,0000000,2,12,2,27,88,88,0,0,0,1,1
41,410120,2,2,0,0,0,3,3,5,0,12,6,2011,1,16,58,0,3,4,CANBY-MARQUAM HWY,,40,45.20866111,-122.678697220,0,12,6,0,1,1,1,0,1,2,0,2,0,0000000,16,58,17,6,17,53,0,0,0,1,0
41,410121,1,1,0,0,0,1,1,29,0,13,6,2011,2,14,45,0,6,4,COLESTIN RD,,60,42.05298611,-122.651116670,0,1,0,0,1,1,5,0,1,1,0,1,0,0000000,15,26,15,50,88,88,0,0,0,1,0
41,410122,1,1,0,1,1,1,1,17,190,13,6,2011,2,15,5,0,14,6,NE 4TH ST,,0,44.06636944,-121.300708330,0,8,0,0,4,1,1,0,1,1,0,1,0,0000000,15,9,15,13,15,26,0,0,0,1,0
41,410123,3,3,0,0,0,3,3,51,1650,14,6,2011,3,14,44,0,15,6,NE MARINE DR,,0,45.58968056,-122.576294440,0,12,2,0,1,1,1,0,1,10,0,10,0,0000000,14,44,14,50,88,88,0,0,0,1,0
41,410124,2,2,0,0,0,3,3,7,80,14,6,2011,3,15,13,0,14,3,SR-202 (ODOT 102),,16,46.17327778,-123.838191670,0,12,1,0,1,1,1,0,1,10,0,10,0,0000000,15,15,15,18,16,12,0,0,0,1,0
41,410125,1,1,0,0,0,1,1,33,0,19,6,2011,1,15,53,0,4,3,SR-260 (ODOT 260),,202,42.43322500,-123.488047220,0,1,0,0,1,1,4,0,1,1,0,1,0,0000000,15,55,16,0,88,88,0,0,0,1,1
41,410126,2,2,0,0,0,3,3,51,1650,20,6,2011,2,18,23,0,15,6,NE THOMPSON ST,NE 88TH AVE,0,45.53866667,-122.572452780,0,12,6,0,2,2,1,0,1,1,0,1,0,0000000,18,24,18,29,18,50,0,0,0,1,0
41,410127,1,1,0,0,0,1,1,5,0,20,6,2011,2,15,35,0,15,4,SE 97TH AVE,,3,45.42851944,-122.563144440,0,1,0,0,1,1,1,0,1,10,0,10,0,0000000,15,35,15,39,16,11,0,0,0,1,0
41,410128,1,1,0,0,0,1,1,65,0,21,6,2011,3,15,25,1,2,2,US-26 (ODOT 53),,914,44.88203611,-121.430947220,0,17,0,0,1,1,4,0,1,1,0,1,0,0000000,15,27,15,44,99,99,0,0,0,1,0
41,410129,2,2,0,0,0,4,4,35,0,22,6,2011,4,15,13,1,2,3,SR-140 (ODOT 20),DEER RUN RD,344,42.39172500,-121.369913890,0,12,1,0,2,3,1,0,1,1,0,1,0,0000000,15,13,15,34,88,88,0,0,0,1,0
41,410130,2,2,0,0,0,8,8,33,0,24,6,2011,6,16,36,1,1,1,I-5,,705,42.64063611,-123.388002780,0,12,7,0,1,1,1,0,1,1,0,1,0,0000000,16,39,16,53,18,5,0,0,0,1,0
41,410131,2,2,0,0,0,2,2,59,0,25,6,2011,7,13,49,0,4,4,UMATILLA RIVER RD,,29,45.86351111,-119.312888890,0,12,2,0,1,1,1,0,1,1,0,1,0,0000000,13,51,13,55,14,15,0,0,0,1,0
41,410133,2,2,0,0,0,3,3,39,660,26,6,2011,1,17,48,0,14,6,CHAMBERS ST,W 28TH AVE,0,44.02706389,-123.117813890,0,12,6,0,2,2,1,0,1,1,0,1,0,0000000,17,50,17,54,18,17,0,0,0,1,0
41,410134,1,1,0,1,1,4,4,5,1830,28,6,2011,3,21,45,1,13,2,US-26 (ODOT 26),RUBEN LN,235,45.40038333,-122.278222220,0,8,0,0,2,3,1,0,3,1,0,1,0,0000000,21,48,21,49,88,88,0,0,0,1,0
41,410135,1,1,0,0,0,1,1,31,0,28,6,2011,3,8,0,1,2,2,US-26 (ODOT 53),,1092,44.51448056,-121.184363890,0,24,0,0,1,1,4,0,1,98,0,98,0,0000000,8,5,8,15,88,88,0,0,0,1,0
41,410136,1,1,0,0,0,1,1,59,990,30,6,2011,5,12,30,0,3,3,SR-207 (ODOT 333),,100,45.81596111,-119.311158330,0,24,0,0,1,1,4,0,1,1,0,1,0,0000000,12,32,12,36,88,88,0,0,0,1,0
41,410137,2,1,1,1,1,0,0,41,0,30,6,2011,5,14,24,0,6,4,LOBSTER VALLEY RD,,8,44.29419444,-123.674652780,0,8,0,0,1,1,1,0,1,98,0,98,0,0000000,14,37,99,99,88,88,0,0,0,1,0
41,410138,1,1,0,0,0,1,1,5,0,30,5,2011,2,23,50,1,2,2,US-26 (ODOT 26),,517,45.30267500,-121.766861110,0,24,0,0,1,1,4,0,2,2,0,2,0,0000000,23,50,23,54,88,88,0,0,0,1,1
41,410139,2,2,0,0,0,2,2,39,1960,6,6,2011,2,8,21,1,13,3,SR-126B (ODOT 15),,49,44.04577500,-122.956188890,0,12,2,0,1,1,1,0,1,10,0,10,0,0000000,8,22,8,23,8,48,0,0,0,1,0
41,410140,1,1,0,1,1,1,1,39,1960,25,6,2011,7,11,51,1,13,3,SR-126B (ODOT 15),62ND PL,68,44.04567500,-122.918680560,0,9,0,0,2,3,1,0,1,1,0,1,0,0000000,11,51,11,57,88,88,0,0,0,1,0
41,410141,1,1,0,0,0,1,1,47,0,4,6,2011,7,0,12,0,3,3,SR-99E (ODOT 81),,383,45.08063889,-122.919411110,0,42,0,0,1,1,4,0,3,1,0,1,0,0000000,0,14,0,23,88,88,0,0,0,1,1
41,410142,1,1,0,0,0,3,3,47,0,25,6,2011,7,7,56,1,11,1,I-5,,2492,44.86077778,-123.010522220,0,1,0,0,1,1,1,0,1,1,0,1,0,0000000,7,56,8,10,8,33,0,0,0,2,0
41,410143,1,1,0,0,0,1,1,67,0,1,7,2011,6,6,0,0,3,4,SW TONGUE LN,,0,45.48479722,-123.021466670,0,30,0,0,1,1,4,0,1,1,0,1,0,0000000,6,20,6,22,88,88,0,0,0,1,1
41,410144,1,1,0,0,0,1,1,25,0,3,7,2011,1,3,0,0,3,4,FIELDS DENIO RD,,811,42.04822500,-118.611944440,0,1,0,0,1,1,4,0,2,1,0,1,0,0000000,8,4,9,55,99,99,0,0,0,1,1
41,410145,1,1,0,0,0,1,1,17,0,4,7,2011,2,99,99,0,5,4,THREE CREEKS LAKE RD,,55,44.21801667,-121.581530560,0,42,0,0,1,1,4,0,2,1,0,1,0,0000000,2,17,2,32,88,88,0,0,0,1,1
41,410146,1,1,0,0,0,1,1,17,0,5,7,2011,3,16,38,1,2,2,US-97 (ODOT 4),,1552,43.83889444,-121.421625000,0,42,0,0,1,1,4,0,1,1,0,1,0,0000000,16,40,16,50,88,88,0,0,0,1,0