STATE,ST_CASE,VE_TOTAL,VE_FORMS,PVH_INVL,PEDS,PERNOTMVIT,PERMVIT,PERSONS,COUNTY,CITY,DAY,MONTH,YEAR,DAY_WEEK,HOUR,MINUTE,NHS,ROAD_FNC,ROUTE,TWAY_ID,TWAY_ID2,MILEPT,LATITUDE,LONGITUD,SP_JUR,HARM_EV,MAN_COLL,RELJCT1,RELJCT2,TYP_INT,REL_ROAD,WRK_ZONE,LGT_COND,WEATHER1,WEATHER2,WEATHER,SCH_BUS,RAIL,NOT_HOUR,NOT_MIN,ARR_HOUR,ARR_MIN,HOSP_HR,HOSP_MN,CF1,CF2,CF3,FATALS,DRUNK_DR
41,410147,1,1,0,0,0,2,2,29,840,7,7,2011,5,12,55,1,1,1,I-5,,409,42.42605833,-123.042819440,0,34,0,0,1,1,4,0,1,1,0,1,0,0000000,12,55,13,9,14,6,0,0,0,1,0
41,410148,1,1,0,1,1,1,1,29,1310,8,7,2011,6,10,37,0,13,3,SR-62 (ODOT 22),DELTA WATERS RD,16,42.36081389,-122.859111110,0,8,0,0,2,2,1,0,1,1,0,1,0,0000000,10,37,10,42,10,52,0,0,0,1,0
41,410149,1,1,0,0,0,1,1,39,0,8,7,2011,6,16,25,0,4,3,SR-99 (ODOT 226),,121,43.83115833,-123.045050000,0,34,0,0,1,1,4,0,1,1,0,1,0,0000000,16,28,16,46,17,21,0,0,0,1,0
41,410150,1,1,0,0,0,1,1,71,0,9,7,2011,7,3,20,0,4,4,NORTH VALLEY RD,,21,45.32905833,-123.022736110,0,1,0,0,1,1,5,0,2,1,0,1,0,0000000,3,20,3,30,88,88,0,0,0,1,0
41,410151,2,2,0,0,0,4,4,5,260,10,7,2011,1,21,47,0,14,6,S IVY ST,SW 13TH AVE,0,45.25216389,-122.686972220,0,12,6,0,2,2,1,0,3,1,0,1,0,0000000,21,48,21,52,22,58,0,0,0,1,0
41,410152,3,3,0,0,0,7,7,67,0,11,7,2011,2,15,10,0,3,3,SR-6 (ODOT 37),,417,45.62096111,-123.258191670,0,12,2,0,1,1,1,0,1,10,0,10,0,0000000,15,11,15,23,16,8,0,0,0,1,0
41,410153,2,2,0,0,0,3,3,53,0,11,7,2011,2,21,8,0,4,4,ZENA RD,,16,45.03550000,-123.184702780,0,12,2,0,1,1,1,0,5,10,0,10,0,0000000,21,2,21,11,99,99,0,0,0,1,0
41,410154,1,1,0,0,0,1,1,37,0,16,7,2011,7,12,0,0,5,4,BEAR FLAT LN,,60,43.11160556,-121.232694440,0,42,0,0,1,1,4,0,1,1,0,1,0,0000000,12,5,12,51,88,88,0,0,0,1,1
41,410155,2,2,0,0,0,2,2,57,0,16,7,2011,7,13,5,1,2,2,US-101 (ODOT 9),,855,45.22916389,-123.870580560,0,12,2,0,1,1,1,0,1,10,0,10,0,0000000,13,6,13,16,88,88,0,0,0,1,0
41,410156,2,2,0,0,0,2,2,19,620,17,7,2011,1,10,27,1,2,3,SR-38 (ODOT 45),,360,43.63834167,-123.569463890,0,12,2,0,1,1,1,0,1,2,0,2,0,0000000,10,28,10,40,88,88,0,0,0,1,0
41,410157,2,2,0,0,0,2,2,51,1650,20,7,2011,4,12,16,0,14,6,SW TAYLORS FERRY RD,SW 62ND AVE,0,45.45486389,-122.740841670,0,12,6,0,2,2,1,0,1,1,0,1,0,0000000,12,17,12,25,12,45,0,0,0,1,0
41,410158,1,1,0,0,0,2,2,49,200,24,7,2011,1,17,11,1,1,1,I-84,,1642,45.83871667,-119.694655560,0,1,0,0,1,1,3,1,1,1,0,1,0,0000000,17,11,17,24,18,13,0,0,0,1,0
41,410159,1,1,0,0,0,1,1,67,0,24,7,2011,1,14,0,0,3,3,SR-219 (ODOT 140),,134,45.36211667,-122.955833330,0,42,0,0,1,1,4,0,1,1,0,1,0,0000000,14,7,14,17,88,88,0,0,0,1,0
41,410161,1,1,0,0,0,1,1,41,0,29,7,2011,6,99,99,0,6,4,USFS RD #1014,,0,44.48588889,-123.825433330,0,35,0,0,1,1,4,0,1,1,0,1,0,0000000,88,88,88,88,88,88,0,0,0,1,0
41,410162,2,2,0,0,0,2,2,71,0,28,6,2011,3,17,55,1,2,3,SR-18 (ODOT 39),,356,45.11258056,-123.321622220,0,12,2,0,1,1,1,0,1,10,0,10,0,0000000,18,0,18,5,18,31,0,0,0,1,0
41,410163,1,1,0,0,0,1,1,71,0,28,7,2011,5,21,51,0,5,4,MINERAL SPRINGS RD,,23,45.28492222,-123.141272220,0,34,0,0,1,1,4,0,2,1,0,1,0,0000000,88,88,88,88,88,88,0,0,0,1,1
41,410164,1,1,0,1,1,1,1,67,1000,1,8,2011,2,12,40,0,16,6,NE 2ND AVE,NE LINCOLN ST,0,45.52391944,-122.987958330,0,8,0,0,2,2,1,0,1,1,0,1,0,0000000,12,46,13,9,13,30,0,0,0,1,0
41,410165,1,1,0,1,1,1,1,5,0,2,8,2011,3,14,6,0,3,3,SR-211 (ODOT 161),,39,45.14430833,-122.761730560,0,8,0,0,1,1,1,0,1,1,0,1,0,0000000,14,9,14,24,14,52,0,0,0,1,0
41,410166,2,2,0,0,0,2,2,39,1150,3,8,2011,4,19,5,0,3,3,SR-99W (ODOT 91),HATTON LN,1103,44.20736944,-123.203933330,0,12,6,0,2,3,1,0,1,1,0,1,0,0000000,19,7,19,15,88,88,0,0,0,1,0
41,410167,1,1,0,2,2,1,1,67,0,3,8,2011,4,20,58,0,3,4,NW WEST UNION RD,,0,45.58856944,-122.947369440,0,9,0,0,1,1,1,0,5,1,0,1,0,0000000,20,58,21,4,22,20,0,0,0,1,0
41,410168,1,1,0,1,1,1,1,17,1720,4,8,2011,5,0,5,1,13,2,US-97 (ODOT 4),,1235,44.24313333,-121.192469440,0,8,0,0,1,1,1,0,2,1,0,1,0,0000000,0,8,0,13,88,88,0,0,0,1,0
41,410169,1,1,0,1,1,1,1,57,0,4,8,2011,5,11,46,1,2,2,US-101 (ODOT 9),,544,45.57062778,-123.942677780,0,9,0,0,1,1,1,0,1,1,0,1,0,0000000,11,46,11,51,88,88,0,0,0,1,0
41,410170,1,1,0,0,0,1,1,5,485,18,7,2011,2,21,15,0,15,6,SE TILLSTROM RD,SE 190TH AVE,0,45.45178333,-122.466775000,0,34,0,0,2,3,4,0,5,1,0,1,0,0000000,21,15,21,23,88,88,0,0,0,1,0
41,410171,1,1,0,1,1,1,1,5,0,30,7,2011,7,1,9,0,15,4,SE MATHER RD,,11,45.42387222,-122.546486110,0,9,0,0,1,1,1,0,3,1,0,1,0,0000000,1,9,1,14,88,88,0,0,0,1,0
41,410172,1,1,0,0,0,5,5,67,180,6,8,2011,7,2,54,0,13,3,SR-217 (ODOT 144),,1,45.50810000,-122.778475000,0,25,0,0,1,1,3,0,3,1,0,1,0,0000000,2,54,2,58,99,99,0,0,0,1,1
41,410173,1,1,0,0,0,1,1,11,0,10,8,2011,4,18,27,1,2,3,SR-42 (ODOT 35),,235,43.03215278,-124.112263890,0,1,0,0,1,1,1,0,1,1,0,1,0,0000000,18,27,18,35,88,88,0,0,0,1,0
41,410174,1,1,0,0,0,4,4,35,0,11,8,2011,5,17,58,1,2,3,SR-140 (ODOT 20),,305,42.38915278,-121.373947220,0,35,0,0,1,1,4,0,1,1,0,1,0,0000000,17,58,18,13,19,16,0,0,0,1,0
41,410175,1,1,0,2,2,1,1,51,1650,12,8,2011,6,1,1,0,15,6,SE DIVISION ST,SE 87TH AVE,0,45.50457778,-122.574255560,0,9,0,0,2,3,1,0,3,1,0,1,0,0000000,1,2,1,10,1,37,0,0,0,1,1
41,410176,2,2,0,0,0,4,4,33,0,12,8,2011,6,14,15,1,2,2,US-199 (ODOT 25),,170,42.29508889,-123.612336110,0,12,2,0,1,1,1,0,1,1,0,1,0,0000000,14,15,14,22,15,23,0,0,0,1,1
41,410177,2,2,0,0,0,3,3,51,880,15,7,2011,6,15,16,0,15,6,SE REGNER RD,,0,45.46797222,-122.435988890,0,12,6,0,1,1,1,0,1,98,0,98,0,0000000,15,16,15,22,88,88,0,0,0,1,1
41,410178,1,1,0,1,1,1,1,67,1000,13,8,2011,7,13,15,0,14,6,SE 32ND AVE,,0,45.51745833,-122.949763890,0,8,0,0,1,1,1,0,1,1,0,1,0,0000000,13,18,13,32,13,56,0,0,0,1,0
41,410180,1,1,0,0,0,1,1,3,420,16,8,2011,3,19,40,0,13,3,SR-99W (ODOT 91),,825,44.57558056,-123.256875000,0,1,0,0,1,1,5,0,5,1,0,1,0,0000000,19,41,19,45,20,1,0,0,0,1,1
41,410181,1,1,0,0,0,2,2,11,0,17,8,2011,4,21,14,0,6,4,HORSEFALL BEACH RD,,99999,43.45148889,-124.257088890,8,42,0,0,1,1,4,0,2,1,0,1,0,0000000,21,18,21,22,88,88,0,0,0,2,0
41,410182,1,1,0,1,1,1,1,31,1270,18,8,2011,5,7,40,1,13,2,US-26 (ODOT 4),SR-361 (ODOT 361),925,44.63353611,-121.129583330,0,8,0,0,2,3,1,0,1,1,0,1,0,0000000,7,50,7,57,88,88,0,0,0,1,0
41,410183,2,2,0,0,0,3,3,11,0,19,8,2011,6,1,45,1,2,2,US-101 (ODOT 9),,2285,43.50403611,-124.218086110,0,12,2,0,1,1,1,0,2,1,0,1,0,0000000,1,49,1,58,2,10,0,0,0,1,0
41,410184,1,1,0,1,1,2,2,5,0,19,8,2011,6,23,1,0,13,3,SR-99E (ODOT 81),,99,45.38946667,-122.611555560,0,8,0,0,1,1,1,0,3,1,0,1,0,0000000,23,1,23,5,88,88,0,0,0,1,0
41,410185,2,2,0,0,0,4,4,29,0,21,8,2011,1,15,4,1,1,1,I-5,,466,42.40970278,-123.144011110,0,12,7,0,1,1,1,0,1,1,0,1,0,0000000,15,4,15,9,88,88,0,0,0,2,0
41,410186,1,1,0,0,0,1,1,29,0,20,8,2011,7,22,46,1,1,1,I-5,,38,42.05055833,-122.607063890,0,1,0,0,1,1,3,0,2,1,0,1,0,0000000,22,46,22,55,88,88,0,0,0,1,0
41,410187,2,2,0,0,0,6,6,11,0,22,8,2011,2,13,50,0,4,4,LAMPA LN,,20,43.10380556,-124.245816670,0,12,2,0,1,1,1,0,1,10,0,10,0,0000000,13,53,13,57,99,99,22,0,0,2,1
41,410188,1,1,0,0,0,2,2,47,0,23,8,2011,3,8,40,1,2,3,SR-22 (ODOT 162),,384,44.75971389,-122.317369440,0,1,0,0,1,1,4,0,1,1,0,1,0,0000000,8,40,8,46,99,99,0,0,0,1,0
41,410189,1,1,0,1,1,2,2,33,0,23,8,2011,3,20,40,0,6,4,SPEAKER RD,,9,42.69802778,-123.383313890,0,9,0,0,1,1,1,8,2,1,0,1,0,0000000,20,41,20,48,88,88,0,0,0,1,1
41,410190,1,1,0,0,0,2,2,65,0,26,8,2011,6,2,10,1,2,2,US-97 (ODOT 4),,706,44.89667778,-120.936255560,0,1,0,0,1,1,4,0,2,1,0,1,0,0000000,2,12,2,50,3,19,0,0,0,1,1
41,410191,1,1,0,0,0,2,2,65,0,20,5,2011,6,14,34,1,2,2,US-26 (ODOT 53),,675,45.10812500,-121.560361110,0,42,0,0,1,1,4,0,1,1,0,1,0,0000000,14,40,15,8,16,40,0,0,0,1,0
41,410192,2,2,0,0,0,2,2,51,0,10,6,2011,6,12,1,1,1,1,I-84,,210,45.53838333,-122.320233330,0,1,0,0,1,1,1,0,1,1,0,1,0,0000000,12,1,12,9,99,99,0,0,0,1,0
41,410193,1,1,0,0,0,3,3,9,0,11,6,2011,7,18,12,0,6,4,DIKE RD,,7,45.73523056,-122.854713890,0,5,0,0,1,1,1,0,1,1,0,1,0,0000000,18,12,18,19,88,88,0,0,0,1,1
41,410194,2,2,0,0,0,3,3,49,1085,20,6,2011,2,17,20,0,2,2,US-730 (ODOT 2),DIVISION ST,1756,45.89526389,-119.494577780,0,12,2,0,2,3,1,0,1,1,0,1,0,0000000,17,25,17,28,18,29,0,0,0,1,0
41,410195,1,1,0,0,0,2,2,11,0,11,8,2011,5,19,21,0,4,4,LIBBY LN,,35,43.34750556,-124.282216670,0,1,0,0,1,1,5,0,1,1,0,1,0,0000000,19,24,19,29,19,52,0,0,0,1,1
41,410196,1,1,0,0,0,2,2,15,0,23,8,2011,3,11,38,1,2,2,US-101 (ODOT 9),,2987,42.77670833,-124.496005560,0,24,0,0,1,1,4,0,1,1,0,1,0,0000000,11,43,11,50,13,6,0,0,0,1,0
41,410197,1,1,0,1,1,1,1,39,660,29,8,2011,2,19,4,0,13,6,RIVER RD,,0,44.10210833,-123.130780560,0,9,0,0,1,1,1,0,1,1,0,1,0,0000000,19,4,19,7,19,20,0,0,0,1,0
41,410198,2,2,0,0,0,2,2,51,1650,29,8,2011,2,19,49,0,15,6,NE MARINE DR,,0,45.56467500,-122.516211110,0,12,2,0,1,1,1,0,5,1,0,1,0,0000000,19,50,19,58,20,38,0,0,0,1,1
41,410199,2,2,0,0,0,4,4,39,0,30,8,2011,3,13,59,0,4,4,LONDON RD,,20,43.74001944,-123.058566670,0,12,6,0,1,1,1,0,1,1,0,1,0,0000000,13,59,14,8,14,41,0,0,0,2,0
41,410200,1,1,0,0,0,1,1,61,0,30,8,2011,3,17,50,0,6,4,HULL LN,,34,45.45309444,-117.926047220,0,1,0,0,8,1,4,0,1,1,0,1,0,0000000,17,53,18,2,99,99,0,0,0,1,0
41,410201,1,1,0,0,0,1,1,43,0,2,9,2011,6,17,44,0,6,4,CLOVER RIDGE RD,,11,44.65471389,-123.045063890,0,30,0,0,1,1,4,0,1,1,0,1,0,0000000,17,44,17,50,88,88,0,0,0,1,1
41,410202,1,1,0,0,0,1,1,55,0,5,9,2011,2,99,99,0,4,3,SR-216 (ODOT 290),,108,45.25551667,-121.002383330,0,24,0,0,1,1,4,0,9,1,0,1,0,0000000,5,50,6,52,88,88,0,0,0,1,1
41,410203,2,2,0,0,0,3,3,47,0,27,6,2011,2,10,0,0,3,4,RIVER RD S,,36,44.87417222,-123.143950000,0,12,2,0,1,1,1,0,1,1,0,1,0,0000000,10,0,10,10,11,49,0,0,0,1,0
41,410204,1,1,0,0,0,3,3,9,0,10,7,2011,1,3,0,0,4,4,KEASEY RD,,18,45.87873611,-123.201791670,0,42,0,0,1,1,4,0,2,1,0,1,0,0000000,5,42,6,20,6,45,0,0,0,1,1
41,410205,1,1,0,1,1,2,2,17,190,25,7,2011,2,18,55,0,13,6,SE REED MARKET RD,,0,44.03706667,-121.268427780,0,9,0,0,1,1,2,0,1,1,0,1,0,0000000,18,55,18,59,88,88,0,0,0,1,0
41,410206,1,1,0,0,0,3,3,59,0,21,8,2011,1,2,0,0,3,2,US-730 (ODOT 2),,1957,45.92970833,-119.098313890,0,1,0,0,1,1,4,0,2,1,0,1,0,0000000,7,0,7,10,7,48,0,0,0,1,1
41,410207,3,3,0,0,0,5,5,5,0,2,9,2011,6,18,7,0,3,4,S SPRINGWATER RD,,20,45.37443889,-122.474755560,0,12,6,0,1,1,1,0,1,1,0,1,0,0000000,18,7,18,12,88,88,0,0,0,2,0
41,410208,2,2,0,0,0,3,3,51,1650,7,9,2011,4,9,38,1,13,2,US-30 (ODOT 92),,71,45.58505833,-122.770258330,0,12,2,0,1,1,1,0,1,1,0,1,0,0000000,9,39,9,47,10,4,0,0,0,1,0
41,410209,3,3,0,0,0,7,7,43,0,10,9,2011,7,21,13,1,1,1,I-5,,2217,44.46318889,-123.061722220,0,12,6,0,1,1,1,0,2,1,0,1,0,0000000,21,13,21,24,99,99,0,0,0,1,1
41,410210,1,1,0,0,0,1,1,71,1490,9,7,2011,7,19,13,0,16,6,N GRANT ST,,0,45.30473889,-122.980244440,0,1,0,0,1,1,1,0,1,1,0,1,0,0000000,19,17,19,20,19,58,0,0,0,1,1
41,410211,1,1,0,0,0,1,1,5,926,8,8,2011,2,13,55,0,14,6,SE 129TH AVE,,0,45.44308333,-122.531297220,0,42,0,0,1,1,4,0,1,1,0,1,0,0000000,13,57,14,32,14,50,0,0,0,1,0
41,410212,1,1,0,0,0,1,1,47,0,12,9,2011,2,18,34,0,3,3,SR-551 (ODOT 51),,48,45.21621111,-122.777088890,0,42,0,0,1,1,4,1,1,1,0,1,0,0000000,18,34,18,45,88,88,0,0,0,1,1
41,410213,1,1,0,0,0,2,2,59,0,13,9,2011,3,3,30,1,2,3,SR-11 (ODOT 8),,51,45.70844722,-118.671766670,0,1,0,0,1,1,4,0,2,1,0,1,0,0000000,6,1,6,12,6,34,0,0,0,1,1
41,410214,1,1,0,0,0,1,1,29,0,13,9,2011,3,9,31,0,6,4,CRESCENT DR,,1,42.53350000,-122.856400000,0,42,0,0,1,1,4,0,1,1,0,1,0,0000000,9,31,9,43,10,32,22,0,0,1,1
41,410215,1,1,0,0,0,1,1,39,0,14,9,2011,4,21,45,0,4,4,CAMP CREEK RD,,5,44.06746111,-122.954838890,0,42,0,0,1,1,4,0,2,1,0,1,0,0000000,21,46,21,50,88,88,0,0,0,1,1
41,410216,2,2,0,0,0,7,7,57,0,17,9,2011,7,15,14,1,2,2,US-101 (ODOT 9),,454,45.68951111,-123.911327780,0,12,6,0,1,1,1,0,1,2,10,2,0,0000000,15,15,15,29,16,11,0,0,0,2,0
41,410217,1,1,0,0,0,3,3,33,0,21,9,2011,4,5,55,0,3,3,SR-238 (ODOT 272),,55,42.35169722,-123.332050000,0,30,0,0,1,1,4,0,2,1,0,1,0,0000000,5,56,6,5,88,88,0,0,0,1,0
41,410218,1,1,0,1,1,2,2,39,0,21,9,2011,4,18,5,0,4,4,ROW RIVER RD,DOWENS RD,40,43.79429722,-122.989438890,0,9,0,0,2,3,1,0,1,1,0,1,0,0000000,18,5,18,14,88,88,0,0,0,1,0
41,410219,1,1,0,0,0,2,2,43,2030,24,9,2011,7,2,16,0,16,6,FOSTER DAM RD,,0,44.41145556,-122.668227780,0,24,0,0,1,1,4,0,2,1,0,1,0,0000000,2,21,2,29,3,20,0,0,0,1,1
41,410220,1,1,0,0,0,1,1,5,1580,26,9,2011,2,22,33,0,14,6,HOLCOMB BLVD,,0,45.36372500,-122.585066670,0,30,0,0,1,1,4,0,2,2,0,2,0,0000000,22,59,23,15,0,2,0,0,0,1,1
41,410221,1,1,0,0,0,1,1,33,0,27,9,2011,3,15,38,0,4,4,MONUMENT DR,,56,42.56527222,-123.376550000,0,42,0,0,1,1,4,0,1,1,0,1,0,0000000,15,39,15,46,88,88,0,0,0,1,0
41,410222,1,1,0,0,0,2,2,57,0,28,9,2011,4,16,45,1,2,3,SR-18 (ODOT 39),,132,45.05224722,-123.776900000,0,42,0,0,1,1,4,0,1,1,0,1,0,0000000,16,48,17,4,17,40,0,0,0,1,1
41,410223,1,1,0,0,0,2,2,13,0,30,9,2011,6,6,0,0,3,4,S POWELL BUTTE HWY,,37,44.20871389,-121.065497220,0,38,0,0,1,1,5,0,2,1,0,1,0,0000000,6,2,6,17,7,1,0,0,0,1,0
41,410224,2,2,0,0,0,5,5,31,0,1,10,2011,7,19,40,1,2,2,US-26 (ODOT 53),NW FIR LN,1125,44.70805556,-121.167197220,0,12,6,0,2,2,1,0,2,10,0,10,0,0000000,19,41,20,20,21,15,0,0,0,1,1
41,410225,1,1,0,0,0,1,1,59,0,2,10,2011,1,0,14,1,2,3,SR-11 (ODOT 8),,128,45.77535556,-118.549141670,0,1,0,0,1,1,4,0,2,1,0,1,0,0000000,0,16,0,33,99,99,0,0,0,1,0
41,410226,1,1,0,0,0,1,1,51,1650,2,10,2011,1,4,30,1,13,3,SR-99W (ODOT 91),,38,45.47234722,-122.679694440,0,38,0,0,1,1,5,0,3,10,0,10,0,0000000,8,15,8,20,88,88,0,0,0,1,1
41,410227,1,1,0,0,0,1,1,7,0,3,10,2011,2,14,0,1,2,2,US-26 (ODOT 47),,271,45.80987778,-123.481775000,0,1,0,0,1,1,4,0,1,10,0,10,0,0000000,14,1,15,21,15,55,0,0,0,1,0
41,410228,1,1,0,1,1,1,1,51,1650,4,10,2011,3,6,3,0,14,6,NE 82ND AVE,NE ALDERWOOD RD,0,45.57591667,-122.577697220,0,8,0,0,2,2,1,0,3,10,0,10,0,0000000,6,6,6,12,88,88,0,0,0,1,0
41,410229,2,2,0,0,0,5,5,51,1650,6,10,2011,5,21,41,0,13,2,US-30BY (ODOT 123),,85,45.56919722,-122.613388890,0,12,6,0,8,1,1,0,3,10,0,10,0,0000000,21,43,21,49,22,9,0,0,0,1,0
41,410230,1,1,0,1,1,1,1,51,1650,7,10,2011,6,9,8,0,13,3,SR-213 (ODOT 68),,66,45.47039722,-122.579063890,0,9,0,0,1,1,1,0,1,98,0,98,0,0000000,9,9,9,17,9,53,0,0,0,1,0
41,410231,2,2,0,0,0,3,3,33,0,8,10,2011,7,14,57,0,5,4,WALDO RD,,48,42.06650000,-123.623588890,0,12,2,0,1,1,1,0,1,1,0,1,0,0000000,14,57,15,9,88,88,0,0,0,1,1
41,410232,1,1,0,0,0,1,1,3,0,9,10,2011,1,8,8,0,3,3,SR-99W (ODOT 91),,910,44.57194444,-123.258230560,0,30,0,0,1,1,4,8,1,98,0,98,0,0000000,8,8,8,16,88,88,0,0,0,1,0
41,410233,1,1,0,1,1,1,1,29,0,10,10,2011,2,13,15,0,3,3,SR-62 (ODOT 22),LEIGH WAY,60,42.42328333,-122.851658330,0,8,0,0,2,2,1,0,1,1,0,1,0,0000000,13,13,13,18,88,88,0,0,0,1,0
41,410234,5,1,4,0,0,1,1,51,1650,10,10,2011,2,1,21,0,15,6,SE 112TH AVE,,0,45.49568056,-122.547986110,0,14,0,0,1,1,5,0,3,98,0,98,0,0000000,1,21,1,21,88,88,20,0,0,1,1
41,410235,1,1,0,0,0,1,1,51,1650,14,10,2011,6,1,50,1,13,6,NE COLUMBIA BLVD,,0,45.57346667,-122.629719440,0,21,0,0,1,1,4,0,3,10,0,10,0,0000000,1,50,1,55,88,88,0,0,0,1,1
41,410236,2,2,0,0,0,2,2,59,0,14,10,2011,6,14,37,1,1,1,I-84,,2230,45.58361944,-118.608986110,0,12,1,0,1,1,1,8,1,98,0,98,0,0000000,14,35,14,54,88,88,0,0,0,1,0
41,410237,1,1,0,0,0,11,11,65,0,26,8,2011,6,13,20,0,6,8,TROUT LAKE RD,,62,44.82566389,-121.632550000,3,1,0,0,1,1,4,0,1,98,0,98,0,0000000,99,99,99,99,99,99,0,0,0,1,0
41,410238,1,1,0,1,1,1,1,11,0,21,8,2011,1,21,36,1,13,2,US-101 (ODOT 9),,2365,43.39089722,-124.220233330,0,8,0,0,1,1,1,0,3,1,0,1,0,0000000,21,36,21,40,21,51,0,0,0,1,0
41,410239,1,1,0,0,0,1,1,29,0,9,8,2011,3,12,50,0,3,3,SR-238 (ODOT 272),,285,42.26508611,-123.026269440,0,1,0,0,1,1,5,0,1,1,0,1,0,0000000,12,54,13,2,13,56,0,0,0,1,0
41,410240,1,1,0,0,0,1,1,61,0,4,10,2011,3,6,19,0,4,4,SUMMERVILLE RD,,88,45.53658333,-118.025477780,0,11,0,0,1,1,1,0,4,10,2,2,0,0000000,6,20,6,29,99,99,0,0,0,1,0
41,410241,2,2,0,0,0,4,4,47,0,15,10,2011,7,19,2,1,2,3,SR-22 (ODOT 162),,316,44.75671111,-122.428702780,0,12,2,0,1,1,1,0,2,10,0,10,0,0000000,19,3,19,16,19,58,0,0,0,2,0
41,410242,2,2,0,0,0,2,2,25,0,17,10,2011,2,21,30,1,2,2,US-20 (ODOT 7),,1636,43.71614722,-118.510744440,0,12,1,0,1,1,1,0,2,1,0,1,0,0000000,21,32,21,45,88,88,0,0,0,1,0
41,410244,1,1,0,0,0,1,1,39,0,21,10,2011,6,99,99,0,5,4,SEARS RD,,13,43.80513333,-123.028958330,0,42,0,0,1,1,4,0,2,10,0,10,0,0000000,5,40,5,50,88,88,0,0,0,1,0
41,410245,1,1,0,0,0,2,2,19,1780,22,10,2011,7,23,57,0,14,6,STEWART PARKWAY,MERCY DR,0,43.23983611,-123.367008330,0,31,0,0,3,3,5,0,3,1,0,1,0,0000000,23,57,0,3,0,14,0,0,0,1,0
41,410246,1,1,0,1,1,1,1,11,0,22,10,2011,7,18,29,0,6,4,BOAT BASIN RD,,0,43.33940833,-124.324750000,0,8,0,0,1,1,1,0,2,1,0,1,0,0000000,18,29,18,32,18,59,0,0,0,1,0
41,410247,1,1,0,0,0,2,2,3,0,26,10,2011,4,4,6,0,6,4,CARDWELL HILL DR,,55,44.58860278,-123.338838890,0,34,0,0,1,1,4,0,2,1,0,1,0,0000000,4,7,4,16,88,88,0,0,0,2,1
41,410248,2,2,0,0,0,2,2,51,1650,27,10,2011,5,23,23,0,15,6,SE 72ND AVE,SE CARLTON ST,0,45.47823611,-122.589286110,0,12,6,0,2,2,1,0,3,10,0,10,0,0000000,23,23,23,26,0,2,0,0,0,1,1
41,410249,2,2,0,0,0,2,2,29,0,30,10,2011,1,13,19,0,5,4,UPPER APPLEGATE RD,,25,42.20630556,-123.046483330,0,12,2,0,1,1,1,0,1,1,0,1,0,0000000,13,20,13,39,14,20,0,0,0,1,0
41,410250,2,2,0,0,0,5,5,31,0,30,10,2011,1,15,20,1,2,2,US-26 (ODOT 53),,1130,44.70818611,-121.156880560,0,12,2,0,1,1,1,0,1,1,0,1,0,0000000,15,22,15,28,99,99,0,0,0,1,0
41,410251,1,1,0,0,0,4,4,29,0,1,11,2011,3,4,13,0,4,4,OLD STAGE RD,,94,42.40531944,-123.029786110,0,53,0,0,1,1,4,0,2,1,0,1,0,0000000,4,17,6,8,6,47,20,0,0,1,1
41,410252,1,1,0,1,1,1,1,67,0,26,6,2011,1,9,45,0,16,4,NW LINMERE DR,,0,45.54347778,-122.820544440,0,8,0,0,1,1,2,0,1,1,0,1,0,0000000,9,45,9,53,10,53,0,0,0,1,0
41,410253,2,2,0,0,0,2,2,35,0,1,11,2011,3,18,52,1,2,3,SR-39 (ODOT 50),CROSS RD,58,42.11166111,-121.698458330,0,12,6,0,2,2,1,8,2,1,0,1,0,0000000,18,53,19,2,19,27,0,0,0,1,1
41,410254,1,1,0,0,0,1,1,11,0,28,8,2011,1,1,0,0,6,4,SITKUM LN,,320,43.14809722,-123.794180560,0,1,0,0,1,1,5,0,2,99,0,99,0,0000000,18,13,19,14,88,88,0,0,0,1,1
41,410255,1,1,0,0,0,3,3,23,0,4,11,2011,6,14,15,1,2,2,US-395 (ODOT 28),,1062,44.55989167,-119.086063890,0,1,0,0,1,1,4,0,1,10,0,10,0,0000000,14,29,14,57,88,88,0,0,0,2,0
41,410256,2,2,0,0,0,3,3,51,1650,6,11,2011,1,11,52,0,13,6,NE HALSEY ST,,0,45.53356667,-122.537216670,0,12,6,0,8,1,1,0,1,98,0,98,0,0000000,11,53,11,58,12,56,0,0,0,1,0
41,410257,2,2,0,0,0,2,2,19,0,7,11,2011,2,16,28,0,4,4,OLD PACIFIC HWY,GRANT AVE,45,42.98122778,-123.324519440,0,12,6,0,2,3,1,0,1,1,0,1,0,0000000,16,29,16,36,88,88,0,0,0,1,0
41,410258,2,2,0,0,0,2,2,39,660,8,11,2011,3,20,14,1,11,1,I-105,,9,44.06334444,-123.095202780,0,12,2,0,1,1,1,8,3,2,0,2,0,0000000,20,16,20,22,20,57,0,0,0,1,1
41,410259,1,1,0,0,0,1,1,49,0,9,11,2011,4,13,32,1,1,1,I-84,,1665,45.83139722,-119.779461110,0,1,0,0,1,1,4,0,1,1,0,1,0,0000000,13,33,13,40,88,88,0,0,0,1,1
41,410260,2,2,0,0,0,5,5,47,0,11,11,2011,6,13,8,1,2,3,SR-22E (ODOT 162),,150,44.80411667,-122.759175000,0,12,2,0,1,1,1,0,1,1,0,1,0,0000000,13,8,13,15,14,38,0,0,0,1,0