STATE,ST_CASE,VE_TOTAL,VE_FORMS,PVH_INVL,PEDS,PERNOTMVIT,PERMVIT,PERSONS,COUNTY,CITY,DAY,MONTH,YEAR,DAY_WEEK,HOUR,MINUTE,NHS,ROAD_FNC,ROUTE,TWAY_ID,TWAY_ID2,MILEPT,LATITUDE,LONGITUD,SP_JUR,HARM_EV,MAN_COLL,RELJCT1,RELJCT2,TYP_INT,REL_ROAD,WRK_ZONE,LGT_COND,WEATHER1,WEATHER2,WEATHER,SCH_BUS,RAIL,NOT_HOUR,NOT_MIN,ARR_HOUR,ARR_MIN,HOSP_HR,HOSP_MN,CF1,CF2,CF3,FATALS,DRUNK_DR
41,410261,1,1,0,0,0,1,1,5,0,13,11,2011,1,14,12,0,4,4,S UNION MILLS RD,,24,45.19281667,-122.541950000,0,58,0,0,1,1,4,0,1,10,0,10,0,0000000,14,13,14,21,16,10,0,0,0,1,1
41,410262,1,1,0,0,0,3,3,29,0,14,11,2011,2,9,40,1,2,3,SR-140 (ODOT 270),,92,42.46383889,-122.696116670,0,3,0,0,1,1,5,0,1,1,0,1,0,0000000,9,40,9,57,10,55,0,0,0,1,0
41,410263,2,2,0,0,0,3,3,17,190,14,11,2011,2,16,20,0,15,6,SE 2ND ST,SE SCOTT ST,0,44.04983611,-121.303897220,0,12,2,0,2,3,1,0,1,1,0,1,0,0000000,16,26,16,31,16,44,0,0,0,1,0
41,410264,1,1,0,1,1,1,1,7,0,7,11,2011,2,16,3,1,2,2,US-30 (ODOT 92),,832,46.16666111,-123.604288890,0,8,0,0,1,1,1,0,1,10,0,10,0,0000000,16,7,16,12,16,46,0,0,0,1,0
41,410265,2,2,0,0,0,2,2,5,0,9,11,2011,4,15,23,0,3,3,SR-224 (ODOT 171),,110,45.39538611,-122.481605560,0,12,6,0,1,1,1,0,1,1,0,1,0,0000000,15,23,15,25,16,7,0,0,0,1,1
41,410266,2,2,0,0,0,2,2,35,0,14,11,2011,2,16,23,1,13,3,SR-140 (ODOT 424),HOMEDALE RD,46,42.17377500,-121.722727780,0,12,6,0,2,2,1,0,1,1,0,1,0,0000000,16,23,16,28,16,57,0,0,0,1,0
41,410267,1,1,0,0,0,3,3,19,0,17,11,2011,5,3,10,1,11,1,I-5,,1297,43.29356389,-123.352677780,0,1,0,0,1,1,4,1,2,2,0,2,0,0000000,3,14,3,28,3,55,0,0,0,1,0
41,410268,1,1,0,1,1,1,1,39,660,18,11,2011,6,2,26,0,14,6,E 11TH AVE,HIGH ST,0,44.04771944,-123.088180560,0,9,0,0,2,2,1,0,3,2,0,2,0,0000000,2,27,2,32,2,47,0,0,0,1,1
41,410269,2,2,0,0,0,2,2,19,0,18,11,2011,6,11,53,0,3,4,GARDEN VALLEY RD,,36,43.25396389,-123.400102780,0,12,6,0,8,1,1,0,1,10,2,2,0,0000000,11,53,11,58,12,19,0,0,0,1,0
41,410270,1,1,0,0,0,2,2,29,1310,18,11,2011,6,12,9,0,14,6,W MCANDREWS RD,,0,42.33547500,-122.887225000,0,40,0,0,1,1,4,0,1,2,0,2,0,0000000,12,9,12,16,12,46,0,0,0,2,0
41,410271,1,1,0,0,0,1,1,35,0,19,11,2011,7,1,30,1,2,2,US-97 (ODOT 4),,2641,42.40480833,-121.828091670,0,1,0,0,1,1,4,0,2,4,0,4,0,0000000,2,15,2,35,88,88,0,0,0,1,0
41,410272,1,1,0,0,0,1,1,43,20,20,11,2011,1,13,12,0,14,6,WAVERLY RD,,0,44.60746389,-123.073283330,0,42,0,0,1,1,4,0,1,1,0,1,0,0000000,13,12,13,17,88,88,0,0,0,1,0
41,410273,1,1,0,0,0,2,2,67,180,22,11,2011,3,20,23,0,13,6,SW MURRAY BLVD,,0,45.44913611,-122.826033330,0,42,0,0,1,1,3,0,3,2,0,2,0,0000000,20,23,20,30,21,10,0,0,0,1,0
41,410274,1,1,0,1,1,1,1,51,1650,22,11,2011,3,19,54,0,13,2,US-26 (ODOT 26),SE 31ST AVE,24,45.49696944,-122.633569440,0,8,0,0,3,3,1,0,3,2,0,2,0,0000000,19,54,19,58,88,88,0,0,0,1,0
41,410275,2,2,0,0,0,6,6,11,0,23,11,2011,4,13,0,0,3,3,SR-42 (ODOT 244),,68,43.21192778,-124.242788890,0,12,6,0,1,1,1,0,1,2,0,2,0,0000000,13,10,13,16,14,0,0,0,0,1,0
41,410276,2,2,0,0,0,3,3,43,0,24,11,2011,5,13,28,1,1,1,I-5,,2235,44.49746111,-123.061816670,0,12,1,0,1,1,1,0,1,10,0,10,0,0000000,13,27,13,40,88,88,0,0,0,1,0
41,410277,3,3,0,0,0,3,3,51,1650,25,11,2011,6,7,5,0,13,6,NE COLUMBIA BLVD,NE 47TH AVE,0,45.57068056,-122.614147220,0,12,6,0,2,2,1,0,3,10,0,10,0,0000000,7,6,7,10,88,88,0,0,0,1,1
41,410278,1,1,0,0,0,1,1,1,0,26,11,2011,7,4,30,0,4,3,SR-86 (ODOT 12),,531,44.87718611,-117.090963890,0,1,0,0,1,1,4,0,2,10,0,10,0,0000000,6,30,7,15,88,88,0,0,0,1,1
41,410279,1,1,0,1,1,1,1,67,180,30,11,2011,4,6,18,1,13,3,SR-8 (ODOT 29),SW WATSON AVE,36,45.48836111,-122.806275000,0,8,0,0,3,2,1,0,3,10,2,2,0,0000000,6,18,6,22,88,88,0,0,0,1,0
41,410280,1,1,0,0,0,1,1,5,2210,28,11,2011,2,2,45,1,13,3,SR-43 (ODOT 3),,93,45.38064444,-122.636997220,0,30,0,0,1,1,4,0,3,10,2,2,0,0000000,2,47,2,57,88,88,0,0,0,1,1
41,410281,2,2,0,0,0,2,2,51,1650,2,12,2011,6,20,40,0,15,6,NE MARINE DR,,0,45.59237222,-122.583122220,0,12,2,0,1,1,1,0,3,1,0,1,0,0000000,20,40,20,46,88,88,0,0,0,1,1
41,410282,2,2,0,0,0,2,2,39,0,13,12,2011,3,15,11,0,4,4,SHOREVIEW RD,,22,43.71835000,-122.862897220,0,12,2,0,1,1,1,0,1,1,0,1,0,0000000,15,8,15,20,16,9,0,0,0,1,0
41,410283,1,1,0,0,0,2,2,47,0,14,12,2011,4,0,45,0,4,4,MARION RD SE,,45,44.80467778,-122.913594440,0,59,0,0,1,1,4,0,2,1,0,1,0,0000000,0,45,0,53,88,88,0,0,0,2,0
41,410284,1,1,0,1,1,1,1,43,20,7,9,2011,4,20,25,1,13,2,US-20 (ODOT 16),WAVERLY DR,5,44.63212500,-123.073227780,0,8,0,0,3,2,1,0,3,1,0,1,0,0000000,20,25,20,30,21,0,0,0,0,1,0
41,410285,2,2,0,0,0,3,3,5,1580,18,9,2011,1,1,56,0,13,3,SR-213 (ODOT 160),BEAVERCREEK RD,29,45.33385000,-122.588486110,0,12,6,0,2,2,1,0,3,2,0,2,0,0000000,1,56,1,59,2,43,0,0,0,1,1
41,410286,1,1,0,1,1,1,1,29,1310,2,11,2011,4,16,31,0,13,3,SR-99 (ODOT 63),GARFIELD ST,86,42.30719167,-122.855386110,0,8,0,0,3,2,1,0,1,1,0,1,0,0000000,16,32,16,35,16,51,0,0,0,1,0
41,410287,1,1,0,0,0,1,1,47,0,11,11,2011,6,19,54,0,3,4,ABIQUA RD NE,,49,45.01782500,-122.695377780,0,42,0,0,1,1,4,0,2,98,0,98,0,0000000,19,54,20,4,88,88,0,0,0,1,1
41,410288,1,1,0,0,0,1,1,9,0,13,11,2011,1,99,99,0,4,4,APIARY RD,,1,46.09031111,-123.017155560,0,42,0,0,1,1,4,0,9,99,0,99,0,0000000,88,88,88,88,88,88,0,0,0,1,0
41,410289,2,2,0,0,0,3,3,39,690,22,11,2011,3,12,37,1,2,2,US-101 (ODOT 9),MUNSEL LAKE RD,1878,44.01016111,-124.101638890,0,12,6,0,2,3,1,0,1,10,0,10,0,0000000,12,39,12,42,13,3,0,0,0,1,0
41,410290,1,1,0,1,1,1,1,59,2120,14,12,2011,4,18,34,0,3,2,US-730 (ODOT 2),,1855,45.91665278,-119.293672220,0,8,0,0,1,1,1,0,2,10,0,10,0,0000000,18,33,18,41,88,88,0,0,0,1,0
41,410291,1,1,0,0,0,2,2,19,1460,14,12,2011,4,7,55,1,1,1,I-5,,1060,42.99637778,-123.322325000,0,1,0,0,1,1,4,0,1,5,0,5,0,0000000,7,56,7,59,8,58,0,0,0,1,0
41,410292,1,1,0,0,0,1,1,59,0,15,12,2011,5,11,15,0,5,4,CANAL RD,,11,45.84848611,-119.225711110,0,10,0,0,6,1,1,0,1,10,0,10,0,809058X,11,16,11,26,88,88,0,0,0,1,0
41,410293,1,1,0,0,0,1,1,11,0,21,12,2011,4,2,55,1,2,3,SR-42 (ODOT 35),,297,43.03029444,-124.021522220,0,11,0,0,1,1,1,0,3,5,0,5,0,0000000,2,59,3,5,88,88,0,0,0,1,1
41,410294,1,1,0,0,0,1,1,5,0,22,12,2011,5,18,0,0,4,4,UNION MILLS RD,,9,45.20156111,-122.577094440,0,30,0,0,1,1,4,0,2,1,0,1,0,0000000,18,1,18,13,88,88,0,0,0,1,0
41,410295,2,2,0,0,0,4,4,39,0,25,12,2011,1,18,27,1,13,3,SR-99 (ODOT 91),,1173,44.11188611,-123.180319440,0,12,2,0,1,1,1,0,2,10,0,10,0,0000000,18,30,18,36,19,25,0,0,0,1,1
41,410296,1,1,0,0,0,1,1,39,0,15,12,2011,5,2,10,1,2,3,SR-126 (ODOT 15),,179,44.10237500,-122.688169440,0,42,0,0,1,1,4,0,2,1,0,1,0,0000000,2,12,2,15,88,88,0,0,0,1,1
41,410297,1,1,0,1,1,1,1,17,2057,16,12,2011,6,10,34,1,2,2,US-97 (ODOT 4),CENTRAL AVE,1156,44.35382222,-121.178736110,0,9,0,0,2,2,1,8,1,98,0,98,0,0000000,10,34,10,41,13,34,0,0,0,1,0
41,410298,1,1,0,0,0,1,1,5,0,18,12,2011,1,20,40,0,5,4,CURRIN RD,,1,45.33185833,-122.342977780,0,1,0,0,1,1,4,0,2,10,5,5,0,0000000,20,44,21,11,88,88,0,0,0,1,0
41,410299,1,1,0,0,0,1,1,47,1810,26,12,2011,2,2,43,0,13,6,LANSFORD ST SE,COMMERCIAL ST SE,0,44.89253611,-123.035563890,0,17,0,0,3,3,4,0,3,1,0,1,0,0000000,2,43,2,47,3,4,0,0,0,1,1
41,410300,1,1,0,1,1,1,1,33,860,28,12,2011,4,17,11,0,14,6,SW G ST,,0,42.44045000,-123.337716670,0,8,0,0,1,1,1,0,5,10,0,10,0,0000000,17,12,17,16,17,35,0,0,0,1,0
41,410301,1,1,0,0,0,4,4,33,0,29,12,2011,5,0,14,0,6,4,SPENCER CREEK RD,,25,42.30098611,-123.329450000,0,1,0,0,1,1,4,0,2,1,0,1,0,0000000,0,14,0,39,88,88,0,0,0,1,1
41,410302,1,1,0,0,0,1,1,17,0,29,12,2011,5,7,15,0,4,4,COTTONWOOD RD,,10,43.88997778,-121.401277780,0,42,0,0,1,1,4,0,2,1,0,1,0,0000000,7,23,7,30,88,88,0,0,0,1,0
41,410303,1,1,0,0,0,1,1,17,0,30,12,2011,6,9,33,0,4,4,S CENTURY DR,,0,43.80173056,-121.570627780,0,42,0,0,1,1,4,8,1,98,0,98,0,0000000,9,34,9,50,11,8,0,0,0,1,0
41,410304,1,1,0,0,0,1,1,5,0,30,12,2011,6,8,35,0,3,3,SR-211 (ODOT 161),,101,45.16027500,-122.545341670,0,1,0,0,1,1,4,0,1,2,0,2,0,0000000,8,44,9,25,9,48,0,0,0,1,0
41,410305,1,1,0,0,0,3,3,3,0,31,12,2011,7,9,19,1,2,2,US-20 (ODOT 33),,468,44.57120556,-123.419569440,0,1,0,0,1,1,4,0,1,1,0,1,0,0000000,9,21,9,36,9,54,0,0,0,1,0
41,410306,1,1,0,0,0,1,1,59,0,28,12,2011,4,15,10,0,4,4,MISSION RD,,10,45.67085556,-118.731100000,3,32,0,0,1,1,4,0,1,10,2,2,0,0000000,15,16,15,21,99,99,0,0,0,1,0
41,410307,1,1,0,1,1,2,2,51,1650,31,12,2011,7,19,23,0,13,2,US-30BY (ODOT 123),NE 72ND AVE,99,45.56265833,-122.588858330,0,8,0,0,3,3,1,0,3,1,0,1,0,0000000,19,24,19,29,19,52,0,0,0,1,0
41,410308,1,1,0,0,0,1,1,35,0,12,9,2011,2,99,99,0,6,4,N MALIN RD,RAJNUS RD,18,42.01688333,-121.398600000,0,3,0,0,3,3,5,0,9,99,0,99,0,0000000,7,54,8,3,88,88,0,0,0,1,1
41,410309,1,1,0,1,1,1,1,17,190,12,12,2011,2,20,57,0,14,6,NE 27TH ST,,0,44.05936111,-121.263761110,0,8,0,0,1,1,1,0,2,10,0,10,0,0000000,20,58,21,1,99,99,0,0,0,1,0
41,410310,1,1,0,0,0,1,1,9,0,20,12,2011,3,20,0,0,5,4,PITTSBURG RD,,45,45.87721389,-122.890919440,0,42,0,0,1,1,4,0,2,2,0,2,0,0000000,0,11,0,24,88,88,18,0,0,1,0
41,410311,1,1,0,1,1,1,1,39,0,23,8,2011,3,23,48,0,5,4,ROYAL AVE,,12,44.07042778,-123.232444440,0,8,0,0,1,1,1,0,2,1,0,1,0,0000000,23,49,23,59,88,88,0,0,0,1,0
41,410312,2,2,0,0,0,2,2,39,625,29,11,2011,3,18,55,0,3,3,SR-200 (ODOT 200),WARTHEN RD,185,44.06866667,-123.354636110,0,12,2,0,2,3,1,0,3,10,0,10,0,0000000,18,59,19,23,88,88,0,0,0,1,0
41,410313,1,1,0,0,0,1,1,51,880,1,12,2011,5,19,19,0,13,6,NE 172ND AVE,,0,45.53470556,-122.486222220,0,30,0,0,8,1,4,0,3,98,0,98,0,0000000,19,19,19,23,19,49,0,0,0,1,0
41,410314,1,1,0,0,0,2,2,39,660,26,9,2011,2,14,30,0,13,6,GOODPASTURE ISLAND RD,DELTA HWY,0,44.08588611,-123.103305560,0,6,0,0,2,3,1,0,1,98,0,98,0,0000000,14,34,14,44,15,7,0,0,0,1,0
41,410315,1,1,0,1,1,1,1,47,2260,11,10,2011,3,19,8,0,13,3,SR-99 (ODOT 81),,319,45.14915278,-122.833102780,0,8,0,0,1,1,1,0,2,2,0,2,0,0000000,19,9,19,21,88,88,0,0,0,1,0
41,410316,1,1,0,0,0,2,2,5,0,11,9,2011,1,13,0,0,6,4,USFS RD 46,,0,44.91521389,-121.889350000,0,99,98,0,1,1,4,0,1,98,0,98,0,0000000,99,99,99,99,99,99,0,0,0,1,0
41,410317,2,2,0,0,0,3,3,59,2120,14,11,2011,2,17,39,0,15,6,UMATILLA RIVER RD,7TH ST,0,45.91736944,-119.330333330,0,12,6,0,2,3,1,8,3,1,0,1,0,0000000,17,39,17,43,99,99,0,0,0,1,1
41,410318,1,1,0,0,0,2,2,33,0,4,11,2011,6,11,28,0,6,4,COYOTE CREEK RD,,25,42.68546389,-123.362533330,0,5,0,0,1,1,1,8,1,98,0,98,0,0000000,99,99,99,99,99,99,0,0,0,1,1
42,420001,1,1,0,0,0,1,1,39,0,1,1,2011,7,4,3,0,4,3,SR-1039,,65,41.84981389,-79.872805560,0,38,0,0,1,1,5,0,2,1,0,1,0,0000000,99,99,99,99,88,88,0,0,0,1,1
42,420002,1,1,0,0,0,1,1,89,0,12,1,2011,4,21,43,0,6,5,GLENBROOK RD,,0,41.00843333,-75.302169440,0,1,0,0,1,1,1,0,3,1,0,1,0,0000000,99,99,99,99,99,99,0,0,0,1,0
42,420003,1,1,0,0,0,2,2,61,0,1,1,2011,7,1,45,0,6,5,DIAMOND VALLEY RD,,0,40.62711944,-78.046675000,0,35,0,0,1,1,4,0,2,1,0,1,0,0000000,1,51,2,10,88,88,4,0,0,2,1
42,420004,1,1,0,0,0,3,3,55,0,4,1,2011,3,21,10,1,13,2,US-30,SR-4013,172,39.93727500,-77.675986110,0,33,0,0,3,2,4,0,3,1,0,1,0,0000000,21,15,21,25,99,99,0,0,0,1,0
42,420005,1,1,0,0,0,2,2,129,0,1,1,2011,7,0,54,1,12,2,US-119,,34,40.15975556,-79.561225000,0,52,0,0,1,1,3,0,2,1,0,1,0,0000000,1,0,1,6,2,11,0,0,0,1,1
42,420006,1,1,0,0,0,2,2,7,9997,15,1,2011,7,9,55,0,16,6,MCKINLEY RD,,0,40.81736667,-80.390330560,0,10,0,0,6,1,1,0,1,4,0,4,0,544682P,99,99,99,99,99,99,0,0,0,1,0
42,420007,1,1,0,0,0,4,4,73,0,6,1,2011,5,14,30,1,1,1,I-376,,53,41.06531111,-80.380927780,0,24,0,0,1,1,3,0,1,4,0,4,0,0000000,14,39,14,47,15,11,0,0,0,1,0
42,420008,1,1,0,0,0,1,1,3,0,14,1,2011,6,12,13,0,14,3,SR-3087,,12,40.51670556,-80.192430560,0,59,0,0,1,1,5,0,1,1,0,1,0,0000000,12,21,12,30,88,88,0,0,0,1,0
42,420009,1,1,0,0,0,2,2,71,0,1,1,2011,7,4,4,1,13,2,US-30,,257,40.00203611,-76.089738890,0,31,0,0,1,1,4,0,2,1,0,1,0,0000000,4,3,4,13,4,44,0,0,0,1,0
42,420010,2,2,0,0,0,3,3,129,0,14,1,2011,6,12,35,0,14,3,SR-136,MOHAWK DR,167,40.28544167,-79.589186110,0,12,1,0,3,3,1,0,1,1,0,1,0,0000000,12,39,12,46,13,14,0,0,0,1,0
42,420011,1,1,0,0,0,1,1,85,0,8,1,2011,7,11,10,0,3,2,US-62,,257,41.32002222,-80.120519440,0,34,0,0,1,1,4,0,1,1,0,1,0,0000000,11,9,11,16,12,14,0,0,0,1,0
42,420012,1,1,0,0,0,1,1,125,0,8,1,2011,7,21,54,0,6,5,WASHINGTON AV,,0,40.28152222,-80.290833330,0,35,0,0,1,1,5,0,2,1,0,1,0,0000000,99,99,99,99,88,88,0,0,0,1,1
42,420013,1,1,0,0,0,1,1,117,0,25,1,2011,3,18,25,1,2,2,US-15,,24,41.57959444,-77.114555560,0,35,0,0,1,1,3,0,2,1,0,1,0,0000000,18,26,18,47,88,88,0,0,0,1,0
42,420014,2,2,0,0,0,2,2,37,0,21,1,2011,6,2,48,1,11,1,I-80,,2394,41.03820278,-76.352969440,0,35,0,0,1,1,3,0,2,4,0,4,0,0000000,2,50,3,5,88,88,0,0,0,1,0
42,420015,3,3,0,0,0,5,5,111,0,30,1,2011,1,22,42,1,1,1,I-76,,1245,39.96276389,-78.830155560,0,35,0,0,1,1,4,0,2,1,0,1,0,0000000,99,99,99,99,88,88,0,0,0,1,0
42,420016,5,5,0,0,0,5,5,43,0,31,1,2011,2,14,35,0,13,3,SR-230,ANN ST,103,40.19666667,-76.739150000,0,12,1,0,3,3,1,0,1,1,0,1,0,0000000,99,99,99,99,99,99,0,0,0,1,0
42,420017,1,1,0,0,0,2,2,89,0,1,1,2011,7,6,0,0,6,5,TOLL RD,,0,40.98985000,-75.476538890,0,42,0,0,1,1,4,0,2,1,0,1,0,0000000,99,99,99,99,99,99,0,0,0,1,1
42,420018,1,1,0,0,0,1,1,55,0,12,1,2011,4,22,5,0,4,3,SR-75,,29,39.76379444,-77.892291670,0,30,0,0,1,1,5,0,2,1,0,1,0,0000000,22,0,22,10,88,88,0,0,0,1,1
42,420019,1,1,0,1,1,2,2,77,0,15,1,2011,7,21,50,1,13,2,US-222,KROCK RD,73,40.56599167,-75.564566670,0,8,0,0,2,2,1,0,2,1,0,1,0,0000000,99,99,99,99,99,99,0,0,0,1,0
42,420020,1,1,0,0,0,1,1,45,70,22,1,2011,7,2,49,0,16,6,SHISLER AV,,0,39.92255556,-75.292236110,0,48,0,0,1,1,5,0,2,1,0,1,0,0000000,99,99,99,99,88,88,0,0,0,1,1
42,420021,1,1,0,0,0,2,2,55,0,15,1,2011,7,2,45,0,6,5,SPRING RD,,0,39.89905556,-77.578991670,0,30,0,0,1,1,4,0,2,1,0,1,0,0000000,2,45,2,58,3,14,0,0,0,1,1
42,420022,1,1,0,0,0,3,3,59,0,2,1,2011,1,20,25,0,3,3,SR-88,,191,39.96123889,-80.019805560,0,35,0,0,1,1,5,0,2,1,0,1,0,0000000,20,28,20,41,21,41,0,0,0,1,1
42,420023,1,1,0,0,0,1,1,73,0,31,1,2011,2,13,49,0,4,3,SR-288,,12,40.88590000,-80.328419440,0,24,0,0,1,1,2,0,1,1,0,1,0,0000000,99,99,99,99,88,88,0,0,0,1,0
42,420024,2,2,0,0,0,5,5,11,0,14,1,2011,6,5,23,0,3,3,SR-183,SR-3006,91,40.40959444,-76.077936110,0,12,6,0,2,3,1,0,2,1,0,1,0,0000000,99,99,99,99,99,99,0,0,0,1,0
42,420025,1,1,0,0,0,1,1,55,0,23,1,2011,1,22,55,0,6,3,SR-696,,8,39.97239444,-77.570316670,0,38,0,0,1,1,5,0,2,1,0,1,0,0000000,23,2,23,16,23,30,0,0,0,1,0
42,420026,2,2,0,0,0,4,4,13,0,14,1,2011,6,14,10,0,14,3,SR-453,SR-1013,0,40.61315000,-78.170316670,0,12,6,0,2,2,1,0,1,1,0,1,0,0000000,14,22,14,33,16,37,0,0,0,1,0
42,420027,2,2,0,0,0,2,2,129,0,27,1,2011,5,16,55,0,3,3,SR-981,,348,40.36773889,-79.407669440,0,12,2,0,1,1,1,0,1,4,0,4,0,0000000,17,7,17,17,18,7,0,0,0,1,0
42,420028,1,1,0,1,1,1,1,71,0,27,1,2011,5,2,49,0,4,3,SR-340,,106,40.03865000,-76.072272220,0,8,0,0,1,1,1,0,2,4,0,4,0,0000000,2,48,3,6,3,45,0,0,0,1,1
42,420029,1,1,0,0,0,1,1,81,0,24,1,2011,2,23,41,1,13,2,US-220,,82,41.22828056,-77.149891670,0,34,0,0,1,1,4,0,2,1,0,1,0,0000000,23,39,23,50,88,88,0,0,0,1,1
42,420030,1,1,0,0,0,1,1,43,0,19,1,2011,4,4,17,0,3,2,US-209,,48,40.54866389,-76.874188890,0,30,0,0,1,1,4,0,3,3,0,3,0,0000000,99,99,99,99,88,88,0,0,0,1,0
42,420031,2,2,0,0,0,2,2,129,0,12,1,2011,4,14,48,0,14,3,SR-217,,15,40.31041111,-79.329655560,0,12,6,0,1,1,1,0,1,4,0,4,0,0000000,14,56,14,59,15,29,0,0,0,1,0
42,420032,1,1,0,1,1,1,1,17,0,15,1,2011,7,6,57,1,13,3,SR-132,BROOKWOOD DR,144,40.09285556,-74.942261110,0,8,0,0,2,3,1,0,4,1,0,1,0,0000000,6,57,7,1,88,88,0,0,0,1,0
42,420033,1,1,0,0,0,2,2,17,0,1,1,2011,7,6,30,0,15,3,SR-2025,,132,40.17384722,-75.002575000,0,35,0,0,1,1,5,0,4,1,0,1,0,0000000,6,45,6,53,7,22,0,0,0,1,1
42,420034,2,2,0,0,0,3,3,17,8711,24,1,2011,2,19,56,0,13,3,SR-232,SR-2016,20,40.18421667,-75.034602780,0,12,1,0,3,3,1,0,3,1,0,1,0,0000000,99,99,99,99,88,88,0,0,0,1,0
42,420035,2,2,0,0,0,2,2,11,6238,4,1,2011,3,11,6,0,3,3,SR-73,SR-662,105,40.38320278,-75.784608330,0,12,6,0,2,4,1,0,1,1,0,1,0,0000000,99,99,99,99,88,88,0,0,0,1,0
42,420036,2,2,0,0,0,2,2,71,436,31,1,2011,2,13,6,0,5,3,SR-2026,MINE RD,23,39.95922222,-76.080411110,0,12,6,0,2,2,1,0,1,1,0,1,0,0000000,13,5,13,10,99,99,0,0,0,1,0
42,420037,1,1,0,1,1,1,1,27,0,24,1,2011,2,12,59,0,14,3,SR-45,,49,40.72845833,-77.900316670,0,35,0,0,1,1,5,0,1,1,0,1,0,0000000,13,5,13,17,99,99,15,0,0,1,1
42,420038,2,2,0,0,0,4,4,133,4570,13,1,2011,5,8,3,0,14,3,SR-6214,,16,39.85581944,-76.708580560,0,12,6,0,1,1,1,0,1,1,0,1,0,0000000,8,2,8,6,8,52,0,0,0,1,0
42,420039,1,1,0,1,1,1,1,49,2640,29,1,2011,7,2,28,0,16,6,6TH ST,,0,42.13305000,-80.075444440,0,8,0,0,1,1,1,0,3,4,0,4,0,0000000,2,20,2,29,3,8,0,0,0,1,1
42,420040,2,2,0,0,0,2,2,37,0,14,1,2011,6,23,20,0,3,3,SR-487,SR-1022,234,41.12936111,-76.360961110,0,12,6,0,2,2,1,0,2,1,0,1,0,0000000,23,22,23,25,23,38,0,0,0,1,1
42,420041,1,1,0,0,0,1,1,69,2120,14,1,2011,6,7,57,0,14,3,SR-435,,139,41.39963611,-75.580891670,0,42,0,0,1,1,3,0,1,1,0,1,0,0000000,8,1,8,9,8,28,0,0,0,1,0
42,420042,1,1,0,0,0,1,1,3,9170,22,1,2011,7,21,55,1,13,3,SR-837,,130,40.39100278,-79.869383330,0,39,0,0,1,1,5,0,3,1,0,1,0,0000000,99,99,99,99,88,88,0,0,0,1,0
42,420043,1,1,0,0,0,1,1,7,0,5,1,2011,4,13,25,0,5,3,SR-4029,,5,40.69795556,-80.467713890,0,59,0,0,1,1,5,0,1,1,0,1,0,0000000,99,99,99,99,99,99,0,0,0,1,0
42,420044,1,1,0,0,0,1,1,79,0,15,1,2011,7,20,23,0,13,3,SR-315,,63,41.31559722,-75.754205560,0,43,0,0,1,1,3,0,3,1,0,1,0,0000000,99,99,99,99,88,88,0,0,0,1,1
42,420045,1,1,0,0,0,3,3,79,0,3,1,2011,2,21,38,0,5,3,SR-2035,,73,41.28958056,-75.704922220,0,35,0,0,1,1,4,0,2,1,0,1,0,0000000,21,39,21,50,22,15,0,0,0,1,0
42,420046,1,1,0,0,0,1,1,21,0,31,1,2011,2,11,0,1,2,2,US-219,,572,40.32499722,-78.804311110,0,35,0,0,1,1,5,0,1,1,0,1,0,0000000,11,1,11,14,88,88,0,0,0,1,0
42,420047,1,1,0,0,0,4,4,101,6540,23,1,2011,1,3,58,1,13,2,US-1,F ST,19,40.02758056,-75.109986110,0,31,0,0,3,7,5,0,3,1,0,1,0,0000000,3,59,4,5,4,32,0,0,0,1,1
42,420048,2,2,0,1,1,2,2,101,6540,17,1,2011,2,3,36,0,13,2,US-13,BENSON ST,115,40.04567778,-75.016366670,0,8,0,0,3,3,1,0,3,1,0,1,0,0000000,3,50,3,56,4,20,0,0,0,1,0
42,420049,1,1,0,0,0,1,1,101,6540,20,1,2011,5,2,25,1,13,2,US-1,,26,40.02718056,-75.098844440,0,42,0,0,1,1,5,0,3,1,0,1,0,0000000,2,16,2,21,88,88,0,0,0,1,1
42,420050,2,2,0,1,1,2,2,91,3530,23,1,2011,1,2,30,0,15,3,SR-2040,,12,40.16545278,-75.105466670,0,8,0,0,1,1,1,0,3,1,0,1,0,0000000,99,99,99,99,88,88,0,0,0,1,0
42,420051,1,1,0,0,0,2,2,81,0,5,2,2011,7,10,20,0,3,3,SR-44,,152,41.16265833,-77.218600000,0,34,0,0,1,1,4,0,1,3,0,3,0,0000000,10,17,10,26,11,8,0,0,0,1,0
42,420052,2,2,0,0,0,6,6,75,0,16,1,2011,1,11,28,0,5,3,SR-3005,,0,40.21755278,-76.504627780,0,48,0,0,1,1,4,0,1,1,0,1,0,0000000,11,29,11,38,99,99,0,0,0,4,0
42,420053,2,2,0,0,0,2,2,21,2385,6,1,2011,5,14,17,0,13,3,SR-1036,,16,40.48237500,-78.713825000,0,12,2,0,1,1,1,0,1,4,0,4,0,0000000,14,16,14,19,15,8,0,0,0,1,0
42,420054,1,1,0,0,0,1,1,81,0,5,2,2011,7,2,43,0,6,5,PINCHTOWN RD,,0,41.16519722,-76.895616670,0,48,0,0,1,1,2,0,2,1,0,1,0,0000000,2,44,2,59,3,19,20,0,0,1,1
42,420055,1,1,0,0,0,1,1,115,0,3,2,2011,5,22,0,0,4,3,SR-106,,42,41.72384722,-75.693097220,0,24,0,0,1,1,2,0,2,1,0,1,0,0000000,99,99,99,99,99,99,0,0,0,1,0
42,420056,1,1,0,0,0,1,1,27,0,5,2,2011,7,11,25,0,3,3,SR-45,,258,40.87214722,-77.541047220,0,35,0,0,1,1,4,0,1,4,0,4,0,0000000,11,30,12,12,88,88,0,0,0,1,0