STATE,ST_CASE,VE_TOTAL,VE_FORMS,PVH_INVL,PEDS,PERNOTMVIT,PERMVIT,PERSONS,COUNTY,CITY,DAY,MONTH,YEAR,DAY_WEEK,HOUR,MINUTE,NHS,ROAD_FNC,ROUTE,TWAY_ID,TWAY_ID2,MILEPT,LATITUDE,LONGITUD,SP_JUR,HARM_EV,MAN_COLL,RELJCT1,RELJCT2,TYP_INT,REL_ROAD,WRK_ZONE,LGT_COND,WEATHER1,WEATHER2,WEATHER,SCH_BUS,RAIL,NOT_HOUR,NOT_MIN,ARR_HOUR,ARR_MIN,HOSP_HR,HOSP_MN,CF1,CF2,CF3,FATALS,DRUNK_DR
42,420057,2,2,0,0,0,2,2,49,2769,18,1,2011,3,3,51,0,14,3,SR-5,,175,42.07541389,-80.207802780,0,12,2,0,1,1,1,0,2,4,0,4,0,0000000,22,47,22,54,23,18,19,0,0,1,0
42,420058,1,1,0,0,0,1,1,1,0,20,2,2011,1,20,25,0,5,3,SR-2029,,19,39.75277500,-77.166491670,0,42,0,0,1,1,4,0,2,4,0,4,0,0000000,20,21,20,32,88,88,0,0,0,1,0
42,420059,1,1,0,0,0,1,1,29,0,22,2,2011,3,21,3,1,2,3,SR-100,,144,40.14913056,-75.676669440,0,35,0,0,1,1,5,0,2,1,0,1,0,0000000,21,0,21,13,21,57,0,0,0,1,1
42,420060,1,1,0,0,0,1,1,75,0,26,2,2011,7,7,23,0,5,3,SR-4011,,47,40.36608611,-76.627691670,0,35,0,0,1,1,4,0,1,1,0,1,0,0000000,7,30,7,37,8,13,0,0,0,1,0
42,420061,1,1,0,0,0,1,1,37,0,20,2,2011,1,13,45,0,4,3,SR-487,,97,40.98802500,-76.429897220,0,48,0,0,1,1,2,0,1,1,0,1,0,0000000,99,99,99,99,99,99,0,0,0,1,0
42,420062,1,1,0,1,1,1,1,79,3570,2,2,2011,4,14,7,0,14,3,SR-3030,,11,40.96318611,-75.954458330,0,8,0,0,1,1,7,0,1,1,0,1,0,0000000,14,7,14,10,14,20,0,0,0,1,0
42,420063,1,1,0,0,0,2,2,75,0,5,2,2011,7,4,40,0,14,3,SR-897,,98,40.33287222,-76.397394440,0,33,0,0,1,1,4,0,2,3,0,3,0,0000000,4,52,4,59,88,88,0,0,0,2,1
42,420064,1,1,0,1,1,1,1,91,0,3,2,2011,5,20,10,0,13,3,SR-2035,,8,40.08156111,-75.171011110,0,8,0,0,1,1,1,0,3,1,0,1,0,0000000,20,10,20,19,88,88,0,0,0,1,0
42,420065,1,1,0,1,1,1,1,17,0,22,2,2011,3,20,9,0,6,5,PARK AV,,0,40.10032222,-74.935280560,0,8,0,0,1,1,1,0,3,1,0,1,0,0000000,20,10,20,13,20,29,0,0,0,1,0
42,420066,1,1,0,0,0,1,1,11,6900,13,2,2011,1,2,30,0,16,6,CANAL ST,,0,40.32500278,-75.926494440,0,42,0,0,1,1,5,0,3,1,0,1,0,0000000,99,99,99,99,88,88,0,0,0,1,1
42,420067,1,1,0,0,0,1,1,19,0,21,2,2011,2,5,22,0,16,3,SR-3017,,3,40.69688333,-80.044011110,0,35,0,0,1,1,5,0,2,2,0,2,0,0000000,5,25,5,39,6,1,0,0,0,1,0
42,420068,1,1,0,0,0,1,1,77,0,13,2,2011,1,14,19,0,16,3,SR-4008,,29,40.67271944,-75.553547220,0,43,0,0,1,1,4,0,1,1,0,1,0,0000000,99,99,99,99,88,88,0,0,0,1,0
42,420069,1,1,0,0,0,1,1,101,6540,6,2,2011,1,16,1,1,11,1,I-76,,3405,40.00157222,-75.194955560,0,1,0,0,1,1,1,0,1,1,0,1,0,0000000,16,5,16,12,16,31,0,0,0,1,0
42,420070,1,1,0,0,0,1,1,19,0,5,2,2011,7,1,59,0,6,5,OLD BRICK RD,,0,41.06243889,-79.830163890,0,35,0,0,1,1,5,0,2,2,0,2,0,0000000,99,99,99,99,88,88,0,0,0,1,1
42,420071,1,1,0,0,0,3,3,125,0,4,2,2011,6,23,50,1,2,2,US-22,,98,40.42061389,-80.350013890,0,1,0,0,1,1,1,0,2,1,0,1,0,0000000,23,50,23,56,0,50,0,0,0,1,1
42,420072,1,1,0,0,0,1,1,51,0,25,2,2011,6,23,43,0,6,5,CURFEW RD,,0,40.04198889,-79.758575000,0,42,0,0,1,1,4,0,2,1,0,1,0,0000000,23,46,23,58,88,88,22,4,0,1,1
42,420073,1,1,0,0,0,1,1,89,0,4,2,2011,6,1,35,0,6,3,SR-3002,,2,40.82947222,-75.479583330,0,35,0,0,1,1,4,0,2,5,0,5,0,0000000,99,99,99,99,88,88,0,0,0,1,1
42,420074,1,1,0,1,1,1,1,91,0,2,2,2011,4,6,30,1,13,3,SR-611,,43,40.12002500,-75.118663890,0,8,0,0,1,1,1,0,3,3,0,3,0,0000000,6,30,6,36,6,46,0,0,0,1,0
42,420075,1,1,0,1,1,1,1,77,110,14,2,2011,2,0,51,0,13,3,SR-2002,JUTE ST,31,40.57756944,-75.454875000,0,8,0,0,2,2,1,0,3,1,0,1,0,0000000,99,99,99,99,88,88,0,0,0,1,1
42,420076,1,1,0,1,1,1,1,101,6540,4,2,2011,6,16,37,0,16,6,FRONT ST,,0,39.98398056,-75.132347220,0,8,0,0,1,1,1,0,1,1,0,1,0,0000000,16,38,16,43,17,5,0,0,0,1,0
42,420077,1,1,0,1,1,1,1,101,6540,14,2,2011,2,21,20,1,13,3,SR-611,MELON ST,25,39.96630833,-75.160583330,0,8,0,0,2,3,1,0,3,1,0,1,0,0000000,21,17,21,26,21,38,0,0,0,1,0
42,420078,1,1,0,0,0,3,3,101,6540,25,2,2011,6,1,55,0,16,6,BYBERRY RD,,0,40.11832778,-75.006869440,0,30,0,0,1,1,5,0,3,2,0,2,0,0000000,1,58,2,4,2,31,0,0,0,2,1
42,420079,1,1,0,0,0,1,1,101,6540,5,2,2011,7,2,31,0,14,3,SR-3018,LANSDOWNE AV,7,39.97377778,-75.258244440,0,31,0,0,3,2,4,0,3,1,0,1,0,0000000,2,25,2,34,2,56,20,0,0,1,0
42,420080,2,2,0,0,0,5,5,29,2040,19,2,2011,7,22,34,0,15,3,SR-3053,,21,39.99675278,-75.710975000,0,12,8,0,1,1,1,0,2,1,0,1,0,0000000,99,99,99,99,99,99,0,0,0,1,0
42,420081,2,2,0,0,0,2,2,91,0,3,2,2011,5,7,54,0,13,3,SR-2038,CALEDONIA DR,92,40.20355556,-75.125761110,0,12,6,0,2,3,1,0,1,1,0,1,0,0000000,88,88,88,88,88,88,0,0,0,1,0
42,420082,2,2,0,0,0,2,2,17,0,11,2,2011,6,17,34,1,14,3,SR-2033,,64,40.20284444,-74.901580560,0,12,2,0,1,1,1,0,1,1,0,1,0,0000000,17,39,17,43,18,15,0,0,0,1,0
42,420083,2,2,0,0,0,3,3,3,4720,11,1,2011,3,6,42,0,13,3,SR-3104,,0,40.47360556,-80.062258330,0,12,2,0,1,1,1,0,3,1,0,1,0,0000000,6,45,6,48,7,23,0,0,0,1,0
42,420084,2,2,0,0,0,4,4,3,0,6,2,2011,1,19,56,0,6,5,THOMPSON RUN RD,,0,40.52544167,-79.988261110,0,12,6,0,1,1,1,0,2,1,0,1,0,0000000,19,56,20,7,20,22,0,0,0,1,1
42,420085,2,2,0,0,0,2,2,99,0,5,2,2011,7,20,9,0,4,3,SR-850,,134,40.35803611,-77.317927780,0,12,2,0,1,1,1,0,2,4,0,4,0,0000000,20,9,20,18,99,99,0,0,0,1,1
42,420086,2,1,1,0,4,1,5,101,6540,19,1,2011,4,18,25,0,16,6,MEGARGEE ST,,0,40.04802500,-75.011319440,0,14,0,0,1,1,7,0,3,1,0,1,0,0000000,17,34,17,39,18,8,0,0,0,1,0
42,420087,2,2,0,0,0,2,2,111,0,20,2,2011,1,19,3,0,5,3,SR-2016,,77,39.83541111,-79.082097220,0,12,1,0,1,1,1,0,2,4,0,4,0,0000000,19,5,19,18,19,49,0,0,0,1,1
42,420088,1,1,0,1,1,1,1,107,4770,11,1,2011,3,9,59,0,3,3,SR-54,SR-339,144,40.81274444,-76.141711110,0,8,0,0,2,2,1,0,1,1,0,1,0,0000000,99,99,99,99,99,99,0,0,0,1,0
42,420089,1,1,0,1,1,2,2,51,8690,9,2,2011,4,7,8,0,15,3,SR-2016,,4,39.89822222,-79.734925000,0,8,0,0,1,1,1,0,3,1,0,1,0,0000000,99,99,99,99,99,99,0,0,0,1,0
42,420090,1,1,0,0,0,1,1,71,0,29,1,2011,7,2,45,0,5,3,SR-4017,,16,40.10321944,-76.534011110,0,48,0,0,1,1,5,0,2,1,0,1,0,0000000,2,50,2,59,88,88,0,0,0,1,1
42,420091,2,2,0,0,0,3,3,43,0,17,2,2011,5,17,35,0,4,3,SR-25,,155,40.61168333,-76.689802780,0,12,8,0,1,1,1,0,1,1,0,1,0,0000000,17,40,17,57,99,99,0,0,0,1,0
42,420092,2,2,0,0,0,3,3,55,0,4,2,2011,6,11,10,0,3,3,SR-16,,211,39.77261944,-77.655669440,0,12,6,0,8,1,1,0,1,1,0,1,0,0000000,11,13,11,20,11,35,0,0,0,1,0
42,420093,2,2,0,0,0,2,2,91,0,3,2,2011,5,5,57,1,13,3,SR-309,,9,40.29392222,-75.276569440,0,12,6,0,1,1,1,0,2,1,0,1,0,0000000,6,6,6,12,88,88,0,0,0,1,0
42,420094,1,1,0,1,1,1,1,3,8760,20,1,2011,5,9,32,0,13,3,SR-2073,,20,40.51065000,-79.843244440,0,8,0,0,1,1,1,0,1,1,0,1,0,0000000,99,99,99,99,99,99,0,0,0,1,0
42,420095,1,1,0,1,1,1,1,17,0,15,1,2011,7,19,54,0,14,3,SR-2027,,21,40.12328056,-74.900180560,0,8,0,0,1,1,1,0,3,1,0,1,0,0000000,19,54,20,2,20,22,0,0,0,1,1
42,420096,2,2,0,0,0,2,2,55,0,6,2,2011,1,10,35,1,13,2,US-30,OVERHILL DR,214,39.92208056,-77.599511110,0,12,6,0,2,3,1,0,1,1,0,1,0,0000000,10,35,10,40,11,0,0,0,0,1,0
42,420097,1,1,0,1,1,3,3,43,3500,20,1,2011,5,19,48,0,13,3,SR-3014,FIFTEENTH ST,9,40.27042222,-76.869044440,0,8,0,0,2,3,1,0,3,4,0,4,0,0000000,19,49,19,53,20,19,0,0,0,1,0
42,420098,2,2,0,0,0,4,4,117,0,25,2,2011,6,9,45,1,2,2,US-6,,32,41.74815833,-77.544133330,0,12,6,0,1,1,1,0,1,4,0,4,0,0000000,9,45,10,13,11,0,0,0,0,2,0
42,420099,2,2,0,0,0,2,2,73,0,25,2,2011,6,6,5,1,2,2,US-422,,39,41.06197778,-80.455800000,0,12,6,0,1,1,1,0,2,3,0,3,0,0000000,6,13,6,22,7,31,0,0,0,1,0
42,420100,1,1,0,1,1,1,1,17,0,6,1,2011,5,19,33,1,13,3,SR-332,SR-413,109,40.21665833,-74.931677780,0,8,0,0,2,2,1,0,3,1,0,1,0,0000000,19,30,19,34,19,51,0,0,0,1,0
42,420101,2,2,0,0,0,3,3,3,0,8,2,2011,3,8,35,0,14,3,SR-910,,27,40.62726111,-80.046675000,0,35,0,0,1,1,4,0,1,1,0,1,0,0000000,8,35,8,44,88,88,0,0,0,1,0
42,420102,2,2,0,0,0,2,2,17,0,8,2,2011,3,18,37,0,13,3,SR-332,,65,40.21627222,-75.004955560,0,12,2,0,1,1,1,0,2,1,0,1,0,0000000,18,38,18,39,88,88,0,0,0,1,0
42,420103,3,3,0,1,1,2,2,39,0,7,1,2011,6,19,20,0,4,3,SR-408,,214,41.64923333,-79.758863890,0,8,0,0,1,1,1,0,2,4,0,4,0,0000000,19,46,20,4,20,32,19,23,0,1,0
42,420104,2,2,0,0,0,6,6,125,0,20,2,2011,1,5,4,1,11,1,I-79,,416,40.23830278,-80.206911110,0,12,1,0,1,1,1,0,2,1,0,1,0,0000000,5,8,5,19,5,49,0,0,0,2,1
42,420105,2,2,0,0,0,2,2,7,9997,7,2,2011,2,11,35,0,14,3,SR-351,SR-4001,48,40.84272778,-80.364622220,0,12,6,0,2,2,1,0,1,2,0,2,0,0000000,11,39,11,46,12,58,0,0,0,1,0
42,420106,1,1,0,0,0,1,1,33,505,3,1,2011,2,10,42,0,6,5,JACKSON ST,,0,40.75289722,-78.541519440,0,1,0,0,8,1,4,0,1,1,0,1,0,0000000,99,99,99,99,99,99,0,0,0,1,0
42,420107,2,2,0,0,0,4,4,39,0,5,2,2011,7,17,38,0,14,3,SR-98,,9,41.63566111,-80.205572220,0,24,0,0,1,1,2,0,5,3,0,3,0,0000000,99,99,99,99,99,99,0,0,0,1,0
42,420108,2,2,0,0,0,4,4,11,0,9,2,2011,4,16,20,0,3,3,SR-73,SR-662,89,40.39873056,-75.808377780,0,12,6,0,2,3,1,0,1,1,0,1,0,0000000,99,99,99,99,99,99,0,0,0,1,0
42,420109,3,1,2,0,0,1,1,37,0,25,1,2011,3,18,16,0,3,3,SR-42,,121,40.92586389,-76.441977780,0,48,0,0,1,1,2,0,2,1,0,1,0,0000000,99,99,99,99,88,88,0,0,0,1,0
42,420110,2,2,0,0,0,7,7,71,0,5,2,2011,7,11,27,1,12,2,US-30,,128,40.06873056,-76.306050000,0,12,1,0,1,1,1,0,1,2,0,2,0,0000000,11,28,11,37,99,99,0,0,0,1,0
42,420111,3,1,2,0,0,1,1,117,0,31,1,2011,2,21,32,0,4,3,SR-414,,283,41.62824444,-76.930861110,0,41,0,0,1,1,5,0,2,1,0,1,0,0000000,21,31,21,39,88,88,0,0,0,1,0
42,420112,3,3,0,0,0,3,3,95,0,25,1,2011,3,12,0,1,11,1,I-78,,647,40.59040833,-75.370886110,0,12,2,0,1,1,1,0,1,1,0,1,0,0000000,99,99,99,99,99,99,0,0,0,1,0
42,420113,2,2,0,0,0,3,3,55,0,12,2,2011,7,13,0,0,3,3,SR-16,,313,39.73812778,-77.480097220,0,12,6,0,1,1,1,0,1,1,0,1,0,0000000,13,5,13,22,99,99,0,0,0,2,0
42,420114,1,1,0,0,0,1,1,43,3500,14,2,2011,2,2,41,0,16,6,2ND ST,,0,40.26475833,-76.888755560,0,19,0,0,1,1,5,0,3,1,0,1,0,0000000,2,39,2,45,88,88,0,0,0,1,1
42,420115,1,1,0,1,1,1,1,71,0,17,2,2011,5,20,11,1,12,2,US-222,,359,40.12493889,-76.220422220,0,8,0,0,1,1,1,0,2,1,0,1,0,0000000,20,11,20,20,88,88,0,0,0,1,0
42,420116,3,3,0,0,0,6,6,75,0,7,1,2011,6,10,32,1,2,2,US-322,,36,40.28095000,-76.533205560,0,12,1,0,1,1,1,0,1,1,0,1,0,0000000,10,36,10,41,99,99,0,0,0,1,0
42,420117,1,1,0,1,1,1,1,49,2640,6,2,2011,1,1,35,1,13,3,SR-5,,238,42.11609167,-80.101608330,0,8,0,0,1,1,1,0,3,1,0,1,0,0000000,99,99,99,99,99,99,0,0,0,1,0
42,420118,3,3,0,0,0,5,5,77,110,10,1,2011,2,11,52,0,16,6,17TH ST,LIBERTY ST,0,40.60354167,-75.495530560,0,12,6,0,2,2,1,0,1,1,0,1,0,0000000,99,99,99,99,99,99,0,0,0,1,0
42,420119,4,4,0,0,0,5,5,79,0,5,2,2011,7,10,15,1,11,1,I-81,,1638,41.19636111,-75.913166670,0,12,1,0,1,1,1,0,1,2,0,2,0,0000000,10,32,10,43,11,18,0,0,0,1,0
42,420120,3,3,0,0,0,4,4,45,0,22,2,2011,3,12,2,1,11,1,I-476,,4,39.87536944,-75.351116670,0,12,1,0,1,1,1,0,1,1,0,1,0,0000000,88,88,88,88,88,88,0,0,0,1,0
42,420121,1,1,0,1,1,10,10,43,3500,3,2,2011,5,0,22,1,13,3,SR-230,KELKER ST,2,40.27970000,-76.879761110,0,8,0,0,2,2,1,0,3,1,0,1,0,0000000,0,21,0,27,99,99,0,0,0,1,0
42,420122,3,3,0,0,0,4,4,81,0,17,2,2011,5,19,32,0,3,3,SR-87,,4,41.27000278,-76.913294440,0,12,8,0,1,1,1,0,2,1,0,1,0,0000000,19,31,19,41,20,9,0,0,0,1,1
42,420123,3,3,0,0,0,4,4,49,0,11,2,2011,6,15,0,0,3,2,US-19,,104,42.01396111,-80.045983330,0,12,1,0,1,1,1,0,1,1,0,1,0,0000000,15,11,15,34,15,56,0,0,0,1,0
42,420124,3,3,0,0,0,3,3,41,0,24,2,2011,5,15,53,1,11,1,I-81,,618,40.29987500,-76.973497220,0,12,6,0,1,1,1,0,1,1,0,1,0,0000000,15,55,16,4,99,99,0,0,0,1,0
42,420125,4,2,2,2,4,9,11,101,6540,26,2,2011,7,20,14,1,13,3,SR-611,,51,40.00883056,-75.151305560,0,12,6,0,1,1,1,0,2,1,0,1,0,0000000,20,19,20,31,20,51,0,0,0,1,1
42,420126,4,4,0,0,0,5,5,91,9478,3,3,2011,5,23,39,1,13,3,SR-73,,171,40.19638889,-75.338941670,0,12,2,0,1,1,1,0,2,1,0,1,0,0000000,23,40,23,48,0,5,0,0,0,2,1
42,420127,3,3,0,0,0,5,5,83,0,31,3,2011,5,7,34,1,2,2,US-6,,76,41.68107500,-78.833147220,0,12,6,0,1,1,1,0,1,4,0,4,0,0000000,99,99,99,99,99,99,0,0,0,1,0
42,420128,3,3,0,0,0,3,3,43,0,11,3,2011,6,18,26,0,4,3,SR-39,,165,40.28092222,-76.682016670,0,12,8,0,1,1,1,0,5,2,0,2,0,0000000,18,27,18,38,20,9,0,0,0,1,1
42,420129,3,3,0,0,0,4,4,55,8920,17,3,2011,5,0,6,0,14,3,SR-16,SR-316,251,39.75791944,-77.581797220,0,12,6,0,2,2,1,0,3,1,0,1,0,0000000,0,10,0,13,0,40,0,0,0,1,0
42,420130,1,1,0,1,1,2,2,77,110,24,2,2011,5,18,48,0,13,3,SR-145,,27,40.58768056,-75.459961110,0,8,0,0,1,1,1,0,3,1,0,1,0,0000000,99,99,99,99,99,99,0,0,0,1,0
42,420131,4,4,0,0,0,6,6,91,0,29,3,2011,3,17,16,0,13,3,SR-663,MOYER RD,44,40.28643333,-75.598758330,0,12,6,0,2,3,1,0,1,1,0,1,0,0000000,17,16,17,23,17,52,0,0,0,1,0
42,420132,3,3,0,1,1,4,4,89,1950,22,3,2011,3,5,30,1,11,1,I-80,,3109,40.98393056,-75.137866670,0,8,0,1,18,1,1,0,2,1,0,1,0,0000000,88,88,88,88,88,88,0,0,0,1,0
42,420133,2,2,0,0,0,2,2,105,0,12,2,2011,7,9,40,1,2,2,US-6,,215,41.77652778,-77.858305560,0,12,2,0,1,1,1,0,1,4,0,4,0,0000000,99,99,99,99,99,99,0,0,0,1,0
42,420134,1,1,0,1,1,1,1,101,6540,15,1,2011,7,17,45,0,16,6,WOODLAND AV,,0,39.93649444,-75.218561110,0,8,0,0,1,1,1,0,3,1,0,1,0,0000000,17,46,17,55,18,48,16,0,0,1,0
42,420135,1,1,0,0,0,2,2,117,0,10,3,2011,5,8,0,0,3,3,SR-14,,0,41.55160833,-76.963255560,0,42,0,0,1,1,5,0,1,2,0,2,0,0000000,8,5,8,18,9,18,0,0,0,1,0
42,420136,1,1,0,0,0,1,1,123,0,28,3,2011,2,19,25,0,6,5,HILLSIDE DR,,0,41.89508889,-79.150527780,0,42,0,0,1,1,5,0,5,1,0,1,0,0000000,19,25,19,34,88,88,0,0,0,1,1
42,420137,1,1,0,1,1,1,1,31,0,4,3,2011,6,21,40,1,13,2,US-322,,163,41.20472222,-79.336300000,0,8,0,0,1,1,1,0,2,1,0,1,0,0000000,99,99,99,99,88,88,0,0,0,1,0
42,420138,1,1,0,0,0,2,2,81,0,23,3,2011,4,20,44,1,13,2,US-15,,78,41.22850833,-76.966461110,0,24,0,0,1,1,2,0,2,3,0,3,0,0000000,20,44,20,50,21,23,0,0,0,1,1
42,420139,1,1,0,0,0,1,1,63,0,22,3,2011,3,0,37,0,5,3,SR-1035,,28,40.75246667,-78.985080560,0,1,0,0,1,1,1,0,2,1,0,1,0,0000000,0,34,0,48,88,88,0,0,0,1,1
42,420140,1,1,0,0,0,1,1,19,0,8,3,2011,3,10,49,1,13,3,SR-8,,168,40.89737500,-79.908297220,0,33,0,0,1,1,4,0,1,1,0,1,0,0000000,99,99,99,99,99,99,0,0,0,1,0
42,420141,1,1,0,0,0,1,1,33,0,3,3,2011,5,17,35,0,3,3,SR-53,,166,40.82840000,-78.361669440,0,42,0,0,1,1,5,0,1,1,0,1,0,0000000,99,99,99,99,99,99,0,0,0,1,1
42,420142,1,1,0,0,0,4,4,63,0,6,3,2011,1,14,0,1,2,2,US-22,,62,40.45135556,-79.158511110,0,25,0,0,1,1,3,0,1,4,5,4,0,0000000,14,4,14,7,15,3,0,0,0,1,0
42,420143,1,1,0,0,0,1,1,57,0,6,3,2011,1,17,20,0,6,3,SR-643,,16,39.86399722,-78.244200000,0,42,0,0,1,1,5,0,1,4,0,4,0,0000000,17,28,17,46,99,99,0,0,0,1,1
42,420144,1,1,0,0,0,1,1,91,0,8,3,2011,3,21,15,0,15,3,SR-1004,,9,40.24792500,-75.315400000,0,53,0,0,1,1,5,0,2,1,0,1,0,0000000,21,31,21,37,21,54,0,0,0,1,1
42,420145,1,1,0,0,0,2,2,117,0,11,3,2011,6,0,55,0,3,3,SR-287,,269,41.89574444,-77.185886110,0,24,0,0,1,1,2,0,2,2,0,2,0,0000000,1,8,1,28,88,88,0,0,0,1,1
42,420146,1,1,0,0,0,1,1,43,0,4,3,2011,6,20,54,1,12,2,US-22,,101,40.34693889,-76.908091670,0,42,0,0,1,1,4,0,5,1,0,1,0,0000000,20,54,20,57,88,88,0,0,0,1,1
42,420147,1,1,0,1,1,2,2,35,0,8,3,2011,3,2,38,0,14,3,SR-150,,71,41.11723889,-77.475113890,0,8,0,0,1,1,1,0,2,1,0,1,0,0000000,2,38,2,42,88,88,0,0,0,1,1
42,420148,1,1,0,0,0,1,1,49,0,23,3,2011,4,19,15,0,6,5,OLD ROUTE 99 RD,,0,41.98220833,-80.143161110,0,42,0,0,1,1,4,0,1,2,0,2,0,0000000,19,14,19,25,88,88,4,0,0,1,0
42,420149,1,1,0,0,0,1,1,77,0,29,3,2011,3,22,34,0,6,5,BROADWAY ST,,0,40.58420278,-75.536822220,0,42,0,0,1,1,4,0,2,1,0,1,0,0000000,99,99,99,99,99,99,0,0,0,1,1
42,420150,1,1,0,0,0,1,1,45,0,23,3,2011,4,7,23,1,12,2,US-1,,111,39.92636667,-75.405800000,0,35,0,0,1,1,5,0,4,1,0,1,0,0000000,7,24,7,30,88,88,0,0,0,1,0
42,420151,1,1,0,0,0,1,1,47,7010,15,3,2011,3,2,24,1,2,2,US-219,SR-120,145,41.42289722,-78.726858330,0,19,0,0,3,4,5,0,3,1,0,1,0,0000000,99,99,99,99,88,88,0,0,0,1,1
42,420152,1,1,0,0,0,1,1,41,0,11,3,2011,6,17,40,1,11,1,I-76,,2357,40.19645278,-76.986263890,0,25,0,1,18,1,3,0,1,2,0,2,0,0000000,17,45,17,54,88,88,0,0,0,1,0
42,420153,1,1,0,0,0,2,2,43,0,30,3,2011,4,23,20,0,3,3,SR-147,,57,40.44804722,-76.940180560,0,42,0,0,1,1,4,0,2,2,0,2,0,0000000,23,19,23,34,0,4,0,0,0,2,1
42,420154,1,1,0,0,0,2,2,89,8210,20,3,2011,1,4,45,0,16,6,EIGHTH ST,,0,40.98525833,-75.196211110,0,5,0,0,1,1,1,0,3,1,0,1,0,0000000,99,99,99,99,99,99,0,0,0,1,1
42,420155,1,1,0,0,0,1,1,85,0,26,3,2011,7,4,26,1,1,1,I-80,,1045,41.18259444,-80.321719440,0,1,0,0,1,1,4,0,2,1,0,1,0,0000000,4,26,4,49,88,88,0,0,0,1,0
42,420156,1,1,0,0,0,1,1,57,0,9,3,2011,4,13,36,0,3,3,SR-475,,12,40.03839444,-77.986258330,0,42,0,0,1,1,5,0,1,2,0,2,0,0000000,13,35,13,47,14,16,0,0,0,1,0
42,420157,1,1,0,0,0,1,1,61,0,25,3,2011,6,9,30,1,2,2,US-22,,71,40.53222500,-78.084891670,0,24,0,0,1,1,2,0,1,1,0,1,0,0000000,9,40,9,45,88,88,0,0,0,1,0
42,420158,1,1,0,0,0,1,1,9,0,25,3,2011,6,20,0,0,6,5,RIDGE RD,,0,39.95998889,-78.705211110,0,1,0,0,1,1,1,0,2,1,0,1,0,0000000,20,39,21,0,21,12,4,0,0,1,0
42,420159,1,1,0,0,0,5,5,9,0,12,3,2011,7,22,0,0,6,5,BRIAR VALLEY RD,,0,40.05352500,-78.498066670,0,42,0,0,1,1,4,0,2,1,0,1,0,0000000,22,6,22,10,99,99,0,0,0,1,0
42,420160,1,1,0,1,1,1,1,127,3700,22,3,2011,3,15,0,0,14,2,US-6,7TH ST,120,41.57163333,-75.254116670,0,8,0,0,3,2,1,2,1,1,0,1,0,0000000,99,99,99,99,99,99,0,0,0,1,0
42,420161,1,1,0,0,0,1,1,93,0,20,3,2011,1,1,25,0,6,5,MOORESBURG RD,,0,40.97873056,-76.713366670,0,35,0,0,1,1,4,0,2,1,0,1,0,0000000,99,99,99,99,88,88,4,0,0,1,1
42,420162,1,1,0,0,0,1,1,85,3604,27,3,2011,1,19,33,0,16,6,ROBERTSON RD,,0,41.27122778,-80.428075000,0,53,0,0,1,1,4,0,1,1,0,1,0,0000000,99,99,99,99,99,99,20,0,0,1,1
42,420163,2,2,0,0,0,6,6,71,6355,19,3,2011,7,15,33,1,13,2,US-30,,259,40.00108889,-76.085386110,0,12,2,0,1,1,1,0,1,1,0,1,0,0000000,15,31,15,43,99,99,0,0,0,2,0
42,420164,2,1,1,0,0,1,1,71,0,5,3,2011,7,2,38,0,14,3,SR-23,,47,40.06585556,-76.450252780,0,30,0,0,1,1,4,0,2,1,0,1,0,0000000,2,39,2,48,88,88,14,20,0,1,1
42,420165,1,1,0,0,0,1,1,27,0,19,3,2011,7,20,29,0,6,5,BERKSHIRE DR,,0,40.79549722,-77.906263890,0,42,0,0,1,1,5,0,2,1,0,1,0,0000000,20,32,20,40,21,12,0,0,0,1,1
42,420166,1,1,0,0,0,1,1,17,0,4,3,2011,6,0,54,0,15,3,SR-4059,,68,40.47640833,-75.350333330,0,34,0,0,1,1,5,0,2,1,0,1,0,0000000,0,57,1,6,88,88,0,0,0,1,1
42,420167,1,1,0,0,0,5,5,107,0,13,3,2011,1,3,27,0,6,5,HICKORY RD,,0,40.54582222,-76.312147220,0,1,0,0,1,1,2,0,2,1,0,1,0,0000000,99,99,99,99,99,99,0,0,0,1,0
42,420168,2,2,0,0,0,3,3,123,0,13,3,2011,1,12,30,1,13,2,US-6,,289,41.83678056,-79.144452780,0,12,2,0,1,1,1,0,1,1,0,1,0,0000000,12,34,12,37,13,7,0,0,0,1,0
42,420169,2,2,0,0,0,2,2,13,0,1,3,2011,3,11,50,0,15,2,US-22B,,13,40.65924722,-78.259236110,0,12,6,0,1,1,1,0,1,1,0,1,0,0000000,11,49,11,54,99,99,0,0,0,1,1
42,420170,2,2,0,0,0,2,2,133,0,7,3,2011,2,20,4,1,13,2,US-30,SR-116,91,39.92843056,-76.823069440,0,12,6,0,2,2,1,0,3,1,0,1,0,0000000,20,11,20,16,99,99,0,0,0,1,0
42,420171,2,2,0,0,0,7,7,81,0,6,3,2011,1,17,10,0,4,3,SR-654,STOPPER RD,12,41.16481944,-77.142680560,0,12,6,0,2,3,1,0,1,4,0,4,0,0000000,17,2,17,22,18,22,0,0,0,1,0
42,420172,1,1,0,0,0,1,1,79,9997,29,3,2011,3,6,30,0,3,3,SR-115,,86,41.17857500,-75.757005560,0,35,0,0,1,1,4,0,2,1,0,1,0,0000000,99,99,99,99,88,88,0,0,0,1,0
42,420173,1,1,0,0,0,1,1,91,0,20,3,2011,1,4,45,0,6,5,PORT PROVIDENCE RD,,0,40.12860556,-75.484238890,0,42,0,0,1,1,5,0,3,1,0,1,0,0000000,4,59,5,6,88,88,0,0,0,1,1