STATE,ST_CASE,VE_TOTAL,VE_FORMS,PVH_INVL,PEDS,PERNOTMVIT,PERMVIT,PERSONS,COUNTY,CITY,DAY,MONTH,YEAR,DAY_WEEK,HOUR,MINUTE,NHS,ROAD_FNC,ROUTE,TWAY_ID,TWAY_ID2,MILEPT,LATITUDE,LONGITUD,SP_JUR,HARM_EV,MAN_COLL,RELJCT1,RELJCT2,TYP_INT,REL_ROAD,WRK_ZONE,LGT_COND,WEATHER1,WEATHER2,WEATHER,SCH_BUS,RAIL,NOT_HOUR,NOT_MIN,ARR_HOUR,ARR_MIN,HOSP_HR,HOSP_MN,CF1,CF2,CF3,FATALS,DRUNK_DR
42,420174,1,1,0,0,0,1,1,85,0,2,3,2011,4,0,1,0,6,5,GILMORE RD,,0,41.21649167,-80.043200000,0,34,0,0,1,1,5,0,2,1,0,1,0,0000000,0,57,1,7,88,88,4,0,0,1,1
42,420175,1,1,0,0,0,1,1,91,0,29,3,2011,3,6,0,0,6,4,CHESTNUT GROVE RD,,0,40.28529722,-75.650963890,0,35,0,0,1,1,5,0,3,1,0,1,0,0000000,6,8,6,19,6,47,0,0,0,1,0
42,420176,1,1,0,1,1,1,1,91,0,29,3,2011,3,20,10,0,13,3,SR-363,,6,40.11854722,-75.414052780,0,8,0,0,1,1,1,0,3,1,0,1,0,0000000,20,12,20,17,88,88,0,0,0,1,0
42,420177,1,1,0,0,0,2,2,3,3013,21,3,2011,2,0,3,0,16,6,WEXFORD RUN RD,,0,40.60161944,-80.072125000,0,24,0,0,1,1,2,0,2,1,0,1,0,0000000,0,5,0,9,0,49,20,0,0,1,1
42,420178,1,1,0,2,2,1,1,11,0,14,3,2011,2,20,2,1,13,2,US-222B,,39,40.38008611,-75.927297220,0,8,0,0,1,1,1,0,3,1,0,1,0,0000000,99,99,99,99,99,99,0,0,0,1,0
42,420179,1,1,0,0,0,1,1,7,0,7,3,2011,2,9,40,0,2,3,SR-51,,234,40.81810278,-80.463394440,0,42,0,0,1,1,4,0,1,1,0,1,0,0000000,9,44,9,49,10,58,0,0,0,1,0
42,420180,1,1,0,1,1,1,1,11,9460,29,3,2011,3,20,3,1,13,2,US-422,,45,40.36605278,-76.180475000,0,8,0,0,1,1,1,0,3,1,0,1,0,0000000,99,99,99,99,88,88,0,0,0,1,0
42,420181,1,1,0,0,0,1,1,81,0,3,3,2011,5,21,4,0,5,3,SR-2051,,41,41.27951944,-76.796688890,0,35,0,0,1,1,5,0,2,1,0,1,0,0000000,21,6,21,13,88,88,0,0,0,1,1
42,420182,1,1,0,0,0,1,1,101,6540,7,3,2011,2,23,40,1,13,2,US-1,,104,40.10312222,-75.003416670,0,33,0,0,1,1,4,0,3,1,0,1,0,0000000,23,40,23,52,88,88,0,0,0,1,1
42,420183,1,1,0,2,2,1,1,29,0,19,3,2011,7,5,21,1,13,3,SR-100,,59,40.05591111,-75.646436110,0,8,0,0,1,1,1,0,2,1,0,1,0,0000000,5,21,5,26,88,88,0,0,0,2,0
42,420184,2,2,0,0,0,3,3,15,0,1,3,2011,3,15,10,0,4,3,SR-1022,SR-1043,6,41.84977222,-76.489022220,0,12,6,0,2,2,1,0,1,1,0,1,0,0000000,15,14,15,19,16,3,0,0,0,1,0
42,420185,2,2,0,0,0,8,8,71,0,27,3,2011,1,18,51,0,6,5,CAMBRIDGE RD,JACOBS RD,0,40.06781667,-75.965819440,0,12,6,0,2,3,1,0,5,1,0,1,0,0000000,99,99,99,99,99,99,0,0,0,1,0
42,420186,2,2,0,0,0,2,2,7,0,29,3,2011,3,21,10,1,11,1,I-376,,449,40.59828056,-80.297677780,0,12,1,0,1,1,1,0,2,1,0,1,0,0000000,99,99,99,99,88,88,0,0,0,1,1
42,420187,2,2,0,0,0,4,4,11,0,6,3,2011,1,16,33,1,13,3,SR-61,,126,40.51017222,-75.966222220,0,12,6,0,1,1,1,0,1,2,0,2,0,0000000,99,99,99,99,99,99,0,0,0,2,0
42,420188,2,2,0,0,0,2,2,89,0,3,3,2011,5,13,22,0,14,3,SR-115,,71,41.00181944,-75.462341670,0,12,2,0,1,1,1,0,1,1,0,1,0,0000000,99,99,99,99,99,99,0,0,0,1,0
42,420189,2,2,0,0,0,2,2,13,0,16,3,2011,4,14,36,0,4,3,SR-866,,172,40.46914167,-78.208194440,0,12,2,0,8,1,1,0,1,1,0,1,0,0000000,14,32,14,45,15,20,0,0,0,1,0
42,420190,2,2,0,0,0,2,2,125,0,4,3,2011,6,21,3,1,11,1,I-79,,333,40.15613611,-80.197066670,0,12,1,0,1,1,1,0,2,1,0,1,0,0000000,21,4,21,9,88,88,0,0,0,1,0
42,420191,2,2,0,0,0,2,2,57,0,8,3,2011,3,6,15,0,3,2,US-522,ROCK HILL RD,180,39.88995833,-78.016577780,0,12,6,0,2,3,1,0,4,1,0,1,0,0000000,6,14,6,22,99,99,0,0,0,1,0
42,420192,2,2,0,0,0,3,3,33,0,1,3,2011,3,5,45,0,13,2,US-322,,223,41.01337222,-78.394233330,0,12,2,0,1,1,1,0,2,1,0,1,0,0000000,99,99,99,99,99,99,0,0,0,2,0
42,420193,2,2,0,0,0,3,3,17,0,12,3,2011,7,12,59,0,13,3,SR-413,,191,40.30525556,-75.032588890,0,12,1,0,8,1,1,0,1,1,0,1,0,0000000,13,0,13,5,13,35,0,0,0,1,0
42,420194,2,2,0,0,0,2,2,3,0,30,3,2011,4,7,16,0,13,3,SR-148,,56,40.36926389,-79.815577780,0,12,2,0,1,1,1,0,1,1,0,1,0,0000000,99,99,99,99,99,99,0,0,0,1,0
42,420195,2,2,0,0,0,4,4,21,7420,4,3,2011,6,14,9,1,13,3,SR-56,,137,40.24676944,-78.849947220,0,12,6,0,1,1,1,0,1,1,0,1,0,0000000,14,9,99,99,14,29,0,0,0,1,0
42,420196,2,2,0,0,0,2,2,71,0,21,3,2011,2,12,37,0,14,3,SR-999,,59,40.00675556,-76.363602780,0,12,6,0,8,1,1,0,1,1,0,1,0,0000000,12,38,12,41,88,88,0,0,0,1,0
42,420197,2,2,0,0,0,4,4,21,0,25,3,2011,6,18,6,0,6,5,THEATRE DR,,0,40.27783611,-78.847438890,0,12,6,0,4,1,1,0,1,1,0,1,0,0000000,18,8,18,13,18,45,0,0,0,1,0
42,420198,2,2,0,0,0,2,2,5,0,21,3,2011,2,7,4,0,3,3,SR-2066,,29,40.64245556,-79.534036110,0,12,2,0,1,1,1,0,1,2,0,2,0,0000000,7,5,7,16,8,6,0,0,0,1,0
42,420199,2,2,0,0,0,4,4,3,0,21,3,2011,2,9,46,1,13,3,SR-51,SR-3095,250,40.48916667,-80.079822220,0,12,6,0,2,2,1,0,1,1,0,1,0,0000000,9,46,9,49,10,10,0,0,0,1,0
42,420200,2,2,0,0,0,2,2,101,6540,19,3,2011,7,0,45,0,16,6,C ST,WYOMING AV,0,40.02080278,-75.118280560,0,12,6,0,2,2,1,0,6,1,0,1,0,0000000,0,45,0,53,1,12,0,0,0,1,2
42,420201,2,2,0,0,0,2,2,101,6540,22,3,2011,3,17,12,1,13,3,SR-2001,10TH ST,4,39.91595833,-75.164522220,0,12,6,0,2,2,1,0,1,1,0,1,0,0000000,17,12,17,15,17,39,0,0,0,1,0
42,420202,2,1,1,1,1,1,1,101,6540,19,3,2011,7,14,27,0,14,3,SR-2016,PENNOCK ST,7,40.00444167,-75.174805560,0,8,0,0,2,2,1,0,1,1,0,1,0,0000000,14,27,14,29,14,49,0,0,0,1,0
42,420203,2,2,0,0,0,4,4,11,0,12,3,2011,7,11,29,1,13,2,US-422,GIBRALTAR RD,231,40.30373056,-75.855838890,0,12,6,0,2,2,1,0,1,1,0,1,0,0000000,99,99,99,99,99,99,0,0,0,1,0
42,420204,2,2,0,0,0,4,4,101,6540,26,3,2011,7,18,25,0,14,3,SR-1005,NAPFLE AV,67,40.05664167,-75.060825000,0,12,6,0,2,2,1,0,1,1,0,1,0,0000000,18,26,18,30,18,59,0,0,0,1,0
42,420205,2,2,0,0,0,2,2,17,0,7,3,2011,2,21,15,1,12,2,US-1,,75,40.19295833,-74.879600000,0,12,6,1,18,1,1,0,2,1,0,1,0,0000000,21,18,21,27,21,49,0,0,0,1,0
42,420206,2,2,0,0,0,3,3,101,6540,29,3,2011,3,23,3,0,14,3,SR-2001,,82,39.98644167,-75.094588890,0,12,1,0,1,1,1,0,3,1,0,1,0,0000000,22,57,23,3,23,20,0,0,0,1,0
42,420207,1,1,0,0,0,2,2,41,0,2,3,2011,4,2,50,0,14,3,SR-944,,274,40.28547500,-76.970186110,0,35,0,0,1,1,5,0,2,1,0,1,0,0000000,2,54,3,4,99,99,0,0,0,1,0
42,420208,2,2,0,1,1,30,30,69,0,6,3,2011,1,23,33,1,1,1,I-380,,135,41.23505556,-75.505883330,0,8,0,0,1,1,1,0,2,3,0,3,0,0000000,23,11,23,31,0,21,19,0,0,1,0
42,420209,2,2,0,0,0,3,3,11,6900,14,3,2011,2,16,30,0,14,3,SR-183,MERCER ST,11,40.35867778,-75.951233330,0,12,7,0,2,2,1,0,1,1,0,1,0,0000000,99,99,99,99,99,99,0,0,0,1,0
42,420210,2,2,0,0,0,2,2,35,0,2,3,2011,4,7,24,1,2,2,US-220,,133,41.16553889,-77.342605560,0,12,1,0,1,1,1,0,1,1,0,1,0,0000000,7,25,7,36,8,16,0,0,0,1,0
42,420211,5,5,0,0,0,8,8,43,0,11,2,2011,6,9,51,1,11,1,I-81,,678,40.30149722,-76.867044440,0,12,1,1,18,1,1,0,1,1,0,1,0,0000000,9,51,10,3,10,54,0,0,0,1,0
42,420212,1,1,0,0,0,1,1,69,0,10,4,2011,1,3,44,1,1,1,I-380,,226,41.35375000,-75.568277780,0,1,0,0,1,1,2,0,2,1,0,1,0,0000000,3,45,3,54,4,20,0,0,0,1,1
42,420213,1,1,0,1,1,2,2,43,3500,17,3,2011,5,20,15,0,16,6,MARKET ST,,0,40.26997500,-76.855233330,0,8,0,0,1,1,1,0,3,1,0,1,0,0000000,99,99,99,99,99,99,21,0,0,1,0
42,420214,1,1,0,0,0,2,2,89,8475,19,3,2011,7,4,0,1,1,1,I-80,,2872,41.07725278,-75.508100000,0,1,0,0,1,1,3,0,2,1,0,1,0,0000000,88,88,88,88,88,88,0,0,0,2,1
42,420215,1,1,0,0,0,3,3,51,0,1,4,2011,6,14,53,0,6,3,SR-4008,HARVILLA RD,12,39.95354444,-79.858180560,0,24,0,0,3,3,2,0,1,1,0,1,0,0000000,14,50,14,56,15,26,0,0,0,2,1
42,420216,1,1,0,0,0,1,1,49,0,11,4,2011,2,7,40,1,1,1,I-90,,439,42.22332500,-79.785702780,0,24,0,0,1,1,2,0,1,1,0,1,0,0000000,99,99,99,99,88,88,0,0,0,1,0
42,420217,1,1,0,0,0,1,1,111,0,26,3,2011,7,10,27,1,13,3,SR-281,,240,40.01225556,-79.074161110,0,10,0,0,6,1,1,0,1,1,0,1,0,145163l,10,29,10,35,10,53,0,0,0,1,0
42,420218,1,1,0,0,0,3,3,91,0,6,4,2011,4,16,20,1,11,1,I-476,,262,40.19015556,-75.314169440,0,25,0,0,1,1,3,0,1,1,0,1,0,0000000,16,26,16,48,17,12,0,0,0,1,0
42,420219,1,1,0,2,2,1,1,7,480,19,3,2011,7,16,56,0,16,6,TENTH ST,,0,40.75105278,-80.318147220,0,8,0,0,1,1,4,0,1,1,0,1,0,0000000,99,99,99,99,99,99,0,0,0,1,0
42,420220,1,1,0,0,0,2,2,25,0,16,4,2011,7,19,5,0,3,3,SR-93,,73,40.92640278,-75.881580560,0,35,0,0,1,1,4,0,2,2,0,2,0,0000000,99,99,99,99,99,99,5,0,0,1,0
42,420221,1,1,0,1,1,1,1,71,4180,21,3,2011,2,5,55,0,13,3,SR-1063,,12,40.05678056,-76.282422220,0,8,0,0,1,1,1,0,3,2,0,2,0,0000000,5,57,6,4,88,88,0,0,0,1,0
42,420222,1,1,0,0,0,2,2,19,0,4,4,2011,2,16,13,1,1,1,I-80,,432,41.17099722,-79.716055560,0,24,0,0,1,1,3,0,1,2,0,2,0,0000000,99,99,99,99,99,99,0,0,0,1,1
42,420223,1,1,0,0,0,1,1,33,0,13,3,2011,1,17,40,1,1,1,I-80,,1150,41.06809444,-78.474786110,0,35,0,0,1,1,3,0,1,1,0,1,0,0000000,99,99,99,99,99,99,0,0,0,1,0
42,420224,1,1,0,0,0,1,1,131,0,14,4,2011,5,22,58,0,3,3,SR-29,,29,41.41138611,-76.072400000,0,42,0,0,1,1,4,0,2,1,0,1,0,0000000,23,4,23,10,88,88,0,0,0,1,0
42,420225,1,1,0,0,0,1,1,79,0,11,4,2011,2,9,30,1,13,2,US-11,,205,41.21780278,-75.987494440,0,24,0,0,1,1,2,0,1,1,0,1,0,0000000,9,39,9,47,11,0,0,0,0,1,0
42,420226,2,2,0,0,0,2,2,111,0,14,3,2011,2,8,46,1,2,2,US-30,,155,40.08241944,-78.889041670,0,12,2,0,1,1,1,0,1,1,0,1,0,0000000,8,46,8,52,99,99,0,0,0,2,0
42,420227,1,1,0,2,2,2,2,71,0,5,3,2011,7,11,5,0,6,5,GLENWOOD DR,,0,40.16007222,-76.123700000,0,42,0,0,1,1,5,0,1,1,0,1,0,0000000,11,9,11,23,11,51,15,0,0,1,0
42,420228,3,3,0,0,0,6,6,107,0,3,4,2011,1,14,0,0,14,3,SR-901,SR-3001,159,40.65597778,-76.203452780,0,12,6,0,2,4,1,0,1,1,0,1,0,0000000,99,99,99,99,99,99,14,0,0,1,0
42,420229,3,3,0,0,0,4,4,17,615,21,4,2011,5,13,25,1,13,3,SR-132,SR-2037,109,40.13230556,-74.975627780,0,12,6,0,2,2,1,0,1,1,0,1,0,0000000,13,26,13,35,13,42,0,0,0,1,0
42,420230,1,1,0,0,0,1,1,55,3343,15,4,2011,6,14,5,0,15,3,SR-997,LUTHER DR,183,39.95214722,-77.565955560,0,1,0,0,2,2,1,0,1,1,0,1,0,0000000,14,3,14,8,15,10,0,0,0,1,0
42,420231,1,1,0,0,0,1,1,133,0,25,4,2011,2,16,22,0,6,4,SCOUT CAMP RD,,0,39.92465556,-76.450283330,0,42,0,0,1,1,4,0,1,1,0,1,0,0000000,16,20,16,30,88,88,4,0,0,1,0
42,420232,1,1,0,0,0,2,2,11,0,2,4,2011,7,10,25,0,4,3,SR-143,,79,40.59049167,-75.888833330,0,42,0,0,1,1,4,0,1,1,0,1,0,0000000,99,99,99,99,99,99,0,0,0,1,0
42,420233,1,1,0,0,0,1,1,115,0,23,4,2011,7,18,28,0,6,3,SR-3004,,14,41.72244167,-76.079763890,0,30,0,0,1,1,4,0,1,1,0,1,0,0000000,18,41,18,51,88,88,0,0,0,1,1
42,420234,1,1,0,0,0,3,3,79,5807,30,4,2011,7,2,15,0,5,3,SR-4011,,9,41.17427500,-76.293733330,0,31,0,0,1,1,5,0,2,1,0,1,0,0000000,2,19,2,36,99,99,0,0,0,1,1
42,420235,1,1,0,1,1,1,1,91,0,27,4,2011,4,13,4,0,14,3,SR-4014,,25,40.20499167,-75.509547220,0,8,0,0,1,1,2,0,1,1,0,1,0,0000000,13,37,13,41,14,1,0,0,0,1,0
42,420236,1,1,0,0,0,1,1,95,0,23,4,2011,7,23,16,1,12,3,SR-33,SR-33-SR8021 RAMP,23,40.66931111,-75.293266670,0,1,0,1,19,1,4,0,3,1,0,1,0,0000000,99,99,99,99,99,99,0,0,0,1,0
42,420237,1,1,0,0,0,1,1,51,0,30,4,2011,7,21,9,0,5,3,SR-2017,,6,39.88396667,-79.454280560,0,1,0,0,1,1,4,0,2,1,0,1,0,0000000,99,99,99,99,99,99,4,0,0,1,1
42,420238,3,3,0,0,0,3,3,121,0,15,4,2011,6,14,8,0,4,3,SR-428,,53,41.49790556,-79.748822220,0,12,6,0,1,1,1,0,1,1,0,1,0,0000000,9,53,10,4,11,10,18,0,0,1,1
42,420239,1,1,0,0,0,4,4,3,3013,10,4,2011,1,13,30,1,11,1,I-79,,729,40.60943333,-80.094519440,0,30,0,0,1,1,4,0,1,1,0,1,0,0000000,99,99,99,99,99,99,0,0,0,2,0
42,420240,1,1,0,0,0,1,1,85,0,19,4,2011,3,17,10,0,4,3,SR-2007,,25,41.22643056,-80.124019440,0,32,0,0,1,1,4,0,1,8,0,8,0,0000000,17,10,17,18,88,88,0,0,0,1,0
42,420241,4,2,2,3,3,3,3,101,6540,5,4,2011,3,19,8,0,16,6,CHESTER AV,FIFTYEIGHTH ST,0,39.93573611,-75.228538890,0,12,6,0,2,2,1,0,3,1,0,1,0,0000000,19,10,19,13,19,42,22,0,0,1,0
42,420242,1,1,0,0,0,1,1,117,0,6,4,2011,4,8,20,0,3,3,SR-328,,61,41.94685833,-77.010008330,0,42,0,0,1,1,5,0,1,1,0,1,0,0000000,9,10,9,23,88,88,0,0,0,1,0
42,420243,1,1,0,0,0,1,1,125,1153,15,4,2011,6,5,13,1,11,1,I-79,,469,40.28895000,-80.169419440,0,1,0,0,1,1,3,0,2,1,0,1,0,0000000,99,99,99,99,88,88,0,0,0,1,1
42,420244,1,1,0,0,0,2,2,125,0,19,4,2011,3,21,48,1,2,2,US-19,,194,40.23588333,-80.178936110,0,18,0,0,1,1,1,1,2,1,0,1,0,0000000,21,48,21,50,22,3,0,0,0,1,0
42,420245,5,1,4,0,0,2,2,101,6540,18,4,2011,2,2,25,0,13,3,SR-3019,,17,39.91266111,-75.221847220,0,30,0,0,1,1,4,0,3,1,0,1,0,0000000,2,37,2,43,3,15,14,0,0,1,1
42,420246,1,1,0,1,1,1,1,41,4400,30,4,2011,7,21,55,0,16,6,LOWTHER ST,,0,40.24233889,-76.887350000,0,8,0,0,1,1,1,0,2,1,0,1,0,0000000,21,56,21,59,22,18,0,0,0,1,0
42,420247,1,1,0,0,0,1,1,41,0,20,4,2011,4,18,47,0,4,3,SR-233,,69,40.07187222,-77.307525000,0,30,0,0,1,1,4,0,1,1,0,1,0,0000000,18,48,19,1,88,88,0,0,0,1,1
42,420248,1,1,0,0,0,1,1,17,2050,29,4,2011,6,22,27,0,16,6,MECHANICS ST,,0,40.31340278,-75.129091670,0,30,0,0,1,1,4,0,3,1,0,1,0,0000000,22,28,22,33,23,15,0,0,0,1,0
42,420249,4,4,0,0,0,4,4,133,4790,30,5,2011,2,14,20,1,11,1,I-83,,216,39.99012778,-76.733997220,0,12,7,1,18,1,1,0,1,1,0,1,0,0000000,14,20,14,35,99,99,0,0,0,1,0
42,420250,1,1,0,0,0,1,1,85,0,25,4,2011,2,17,52,1,1,1,I-79,,1152,41.17925833,-80.168827780,0,42,0,0,1,1,3,0,1,2,0,2,0,0000000,17,56,18,5,88,88,0,0,0,1,0
42,420251,3,3,0,0,0,4,4,11,0,11,5,2011,4,13,27,0,4,3,SR-183,SR-4018,177,40.49555000,-76.181002780,0,12,6,0,2,2,1,0,1,1,0,1,0,0000000,99,99,99,99,88,88,0,0,0,1,0
42,420252,1,1,0,0,0,1,1,125,0,28,4,2011,5,11,15,1,11,1,I-79,,419,40.23723889,-80.207986110,0,24,0,0,1,1,2,0,1,1,0,1,0,0000000,99,99,99,99,88,88,0,0,0,1,0
42,420253,3,3,0,0,0,3,3,77,0,17,5,2011,3,18,2,0,14,3,SR-1017,SR-4008,59,40.66473333,-75.564133330,0,12,6,0,2,2,1,0,1,2,0,2,0,0000000,99,99,99,99,99,99,0,0,0,1,0
42,420254,1,1,0,1,1,1,1,3,4710,1,4,2011,6,2,42,0,16,4,EDEN PARK BL,,0,40.32905278,-79.833730560,0,8,0,0,1,1,2,0,3,2,0,2,0,0000000,2,44,2,48,88,88,0,0,0,1,0
42,420255,4,4,0,0,0,6,6,49,0,3,5,2011,3,15,20,0,3,3,SR-89,SR-430,187,42.11852222,-79.824247220,0,12,1,0,3,2,1,0,1,2,5,2,0,0000000,15,20,15,45,16,22,0,0,0,1,0
42,420256,3,3,0,0,0,4,4,95,660,18,5,2011,4,14,0,0,13,3,SR-3015,BARNSDALE RD,18,40.65451111,-75.357055560,0,12,6,0,2,2,1,0,1,2,0,2,0,0000000,99,99,99,99,99,99,0,0,0,1,0
42,420257,1,1,0,2,2,2,2,7,5780,7,2,2011,2,19,37,0,13,3,SR-18,,237,40.73201667,-80.311244440,0,8,0,0,1,1,1,0,3,2,0,2,0,0000000,99,99,99,99,99,99,0,0,0,1,0
42,420258,4,4,0,0,0,5,5,3,7510,17,5,2011,3,16,12,0,13,3,SR-4025,,2,40.53419722,-80.186683330,0,12,6,0,1,1,1,0,1,2,0,2,0,0000000,18,2,18,3,19,10,0,0,0,1,0
42,420259,1,1,0,0,0,1,1,45,0,14,4,2011,5,14,56,1,13,2,US-1,,180,39.96618333,-75.298983330,0,59,0,0,1,1,5,0,1,1,0,1,0,0000000,14,57,15,2,88,88,0,0,0,1,1
42,420260,1,1,0,0,0,2,2,79,0,29,4,2011,6,19,29,0,14,3,SR-309,LEHIGH ST,218,41.18435278,-75.890091670,0,39,0,0,3,3,3,0,1,1,0,1,0,0000000,19,29,19,34,20,4,0,0,0,2,0
42,420261,3,2,1,0,0,3,3,117,0,29,5,2011,1,14,20,0,3,3,SR-49,,186,41.98425833,-77.276244440,0,12,1,0,1,1,1,0,1,1,0,1,0,0000000,14,23,14,33,14,58,0,0,0,2,0
42,420262,1,1,0,0,0,1,1,29,0,10,4,2011,1,13,17,1,12,2,US-202,,82,40.01005278,-75.580966670,0,24,0,0,1,1,3,0,1,1,0,1,0,0000000,13,17,13,22,13,29,0,0,0,1,0
42,420263,1,1,0,0,0,1,1,19,0,1,4,2011,6,9,56,0,6,5,FANKER RD,,0,40.80808333,-80.134352780,0,24,0,0,1,1,2,0,1,2,0,2,0,0000000,9,55,9,57,10,50,4,0,0,1,0
42,420264,3,3,0,0,0,4,4,1,0,9,5,2011,2,13,12,1,13,2,US-30,HETH ST,117,39.84671667,-77.271283330,0,12,1,0,3,3,1,0,1,1,0,1,0,0000000,13,12,13,25,13,44,0,0,0,1,0
42,420265,1,1,0,1,1,1,1,91,0,26,4,2011,3,18,58,0,13,3,SR-63,,67,40.27457778,-75.379905560,0,8,0,0,4,1,1,0,1,1,0,1,0,0000000,19,1,19,8,19,31,0,0,0,1,1
42,420266,3,3,0,0,0,6,6,73,0,6,5,2011,6,23,39,1,1,1,I-76,,16,40.90303889,-80.490036110,0,12,8,1,5,1,1,0,3,1,0,1,0,0000000,23,44,0,1,1,11,0,0,0,1,1
42,420267,1,1,0,0,0,1,1,87,0,21,4,2011,5,17,11,0,5,3,SR-4013,,35,40.59411667,-77.637538890,0,35,0,0,1,1,4,0,1,1,0,1,0,0000000,17,12,17,19,88,88,0,0,0,1,0
42,420268,2,2,0,0,0,3,3,51,0,11,4,2011,2,13,15,1,2,3,SR-51,,85,40.01083889,-79.764813890,0,24,0,0,1,1,2,0,1,2,0,2,0,0000000,99,99,99,99,88,88,0,0,0,2,0
42,420269,1,1,0,0,0,4,4,51,0,12,4,2011,3,12,13,0,2,2,US-40,,34,39.98911389,-79.844116670,0,31,0,0,1,1,5,0,1,2,0,2,0,0000000,99,99,99,99,99,99,0,0,0,1,0
42,420270,1,1,0,0,0,1,1,11,0,3,4,2011,1,2,30,0,15,3,SR-2025,,133,40.26659167,-75.771086110,0,42,0,0,1,1,5,0,2,1,0,1,0,0000000,99,99,99,99,88,88,0,0,0,1,1
42,420271,2,2,0,0,0,2,2,81,0,6,4,2011,4,6,54,0,3,3,SR-14,,61,41.43887778,-76.992402780,0,12,2,0,1,1,1,0,1,8,0,8,0,0000000,6,54,7,3,7,41,0,0,0,1,0
42,420272,1,1,0,1,1,1,1,71,2530,18,4,2011,2,19,17,0,16,6,SPRING GARDEN ST,HOLLY ST,0,40.16227222,-76.603791670,0,9,0,0,2,2,1,0,1,1,0,1,0,0000000,19,30,19,36,99,99,16,0,0,1,0
42,420273,1,1,0,0,0,1,1,91,0,4,4,2011,2,0,30,0,6,5,KLEMAN RD,,0,40.29589444,-75.598811110,0,33,0,0,1,1,4,0,2,99,0,99,0,0000000,2,0,2,8,88,88,0,0,0,1,1
42,420274,2,2,0,0,0,2,2,49,0,4,4,2011,2,12,30,0,3,3,SR-197,,28,41.90809722,-79.898866670,0,12,2,0,1,1,1,0,1,2,10,2,0,0000000,12,31,12,43,13,35,0,0,0,1,0
42,420275,2,2,0,0,0,2,2,73,0,16,4,2011,7,1,50,0,14,3,SR-18,SUNNY SIDE RD,84,40.95955000,-80.383352780,0,12,2,0,3,2,1,0,2,1,0,1,0,0000000,99,99,99,99,99,99,0,0,0,1,1
42,420276,2,2,0,0,0,3,3,47,0,25,4,2011,2,6,40,1,2,2,US-219,,259,41.53200833,-78.681505560,0,12,2,0,1,1,1,0,4,2,5,2,0,0000000,99,99,99,99,99,99,0,0,0,1,0
42,420277,2,2,0,0,0,2,2,17,0,19,4,2011,3,17,32,0,14,3,SR-152,,48,40.30969722,-75.220933330,0,12,2,0,1,1,1,0,1,2,0,2,0,0000000,17,32,17,39,18,37,0,0,0,1,1
42,420278,2,2,0,0,0,3,3,103,0,30,4,2011,7,18,57,0,4,3,SR-2001,,166,41.28811667,-74.870191670,0,24,0,0,1,1,2,0,1,1,0,1,0,0000000,18,56,19,6,20,4,0,0,0,1,0
42,420279,1,1,0,0,0,2,2,101,6540,2,4,2011,7,4,5,1,13,2,US-1,,23,40.02949167,-75.103433330,0,33,0,0,1,1,4,0,3,1,0,1,0,0000000,4,1,4,7,4,19,0,0,0,1,0
42,420280,1,1,0,1,1,1,1,101,6540,10,4,2011,1,2,23,0,14,3,SR-2001,,68,39.97485556,-75.116900000,0,8,0,0,1,1,1,0,3,1,0,1,0,0000000,2,21,2,29,2,40,0,0,0,1,0
42,420281,1,1,0,0,0,1,1,101,6540,26,4,2011,3,23,51,1,11,1,I-76-SR 8004 RAMP,,3403,40.00482500,-75.194347220,0,24,0,1,5,1,2,0,3,1,0,1,0,0000000,23,44,23,57,0,28,0,0,0,1,0
42,420282,1,1,0,1,1,1,1,101,6540,11,4,2011,2,21,29,1,13,2,US-1,,126,40.04941111,-75.051025000,0,8,0,0,1,1,1,0,3,1,0,1,0,0000000,21,27,21,34,22,8,0,0,0,1,0
42,420283,2,2,0,0,0,3,3,109,0,27,4,2011,4,19,48,0,3,3,SR-35,,128,40.77664444,-76.900988890,0,24,0,0,1,1,4,0,5,2,0,2,0,0000000,99,99,99,99,99,99,0,0,0,1,0
42,420284,2,2,0,0,0,4,4,3,3013,20,4,2011,4,15,43,1,11,1,I-79,,729,40.60967222,-80.094550000,0,12,6,0,1,1,1,1,1,1,0,1,0,0000000,99,99,99,99,99,99,3,0,0,2,1
42,420285,2,2,0,0,0,3,3,17,0,5,5,2011,5,20,24,0,13,2,US-1B,,46,40.17280833,-74.889980560,0,12,6,0,8,1,1,0,2,1,0,1,0,0000000,20,25,20,28,20,48,0,0,0,1,0
42,420286,1,1,0,1,1,2,2,17,0,6,4,2011,4,5,46,1,13,3,SR-313,,129,40.34593056,-75.159080560,0,8,0,0,1,1,1,0,2,1,0,1,0,0000000,5,47,5,52,88,88,0,0,0,1,0
42,420287,2,2,0,0,0,2,2,107,0,19,4,2011,3,9,20,0,4,3,SR-125,,185,40.67630833,-76.535869440,0,12,8,0,1,1,1,0,1,2,0,2,0,0000000,99,99,99,99,99,99,0,0,0,1,0
42,420288,1,1,0,0,0,1,1,95,0,21,4,2011,5,15,23,0,6,3,SR-1003,,6,40.79571389,-75.295247220,0,42,0,0,1,1,5,0,1,1,0,1,0,0000000,99,99,99,99,99,99,0,0,0,1,0
42,420289,2,2,0,0,0,2,2,61,0,22,5,2011,1,22,30,0,3,3,SR-655,,301,40.51157222,-77.844872220,0,12,7,0,1,1,1,0,2,1,0,1,0,0000000,22,30,22,42,88,88,0,0,0,1,0
42,420290,2,2,0,0,0,3,3,75,0,16,4,2011,7,13,32,0,4,3,SR-419,,133,40.33865556,-76.231522220,0,35,0,0,1,1,4,0,1,2,0,2,0,0000000,13,31,13,52,99,99,5,0,0,1,0