STATE,ST_CASE,VE_TOTAL,VE_FORMS,PVH_INVL,PEDS,PERNOTMVIT,PERMVIT,PERSONS,COUNTY,CITY,DAY,MONTH,YEAR,DAY_WEEK,HOUR,MINUTE,NHS,ROAD_FNC,ROUTE,TWAY_ID,TWAY_ID2,MILEPT,LATITUDE,LONGITUD,SP_JUR,HARM_EV,MAN_COLL,RELJCT1,RELJCT2,TYP_INT,REL_ROAD,WRK_ZONE,LGT_COND,WEATHER1,WEATHER2,WEATHER,SCH_BUS,RAIL,NOT_HOUR,NOT_MIN,ARR_HOUR,ARR_MIN,HOSP_HR,HOSP_MN,CF1,CF2,CF3,FATALS,DRUNK_DR
42,420291,2,2,0,0,0,2,2,27,0,14,5,2011,7,12,50,1,2,2,US-322,,95,40.82293889,-78.103286110,0,12,6,0,8,1,1,0,1,1,0,1,0,0000000,12,57,13,7,99,99,0,0,0,1,0
42,420292,2,2,0,0,0,2,2,29,0,6,5,2011,6,4,49,1,13,3,SR-41,,13,39.80125000,-75.736441670,0,12,2,0,1,1,1,0,2,1,0,1,0,0000000,4,48,4,54,5,15,0,0,0,1,0
42,420293,1,1,0,0,0,1,1,91,0,6,5,2011,6,17,45,0,6,5,SPRINGER TOWN RD,,0,40.17765000,-75.525666670,0,41,0,0,1,1,4,0,1,1,0,1,0,0000000,17,47,17,52,18,26,0,0,0,1,0
42,420294,2,2,0,0,0,2,2,25,0,21,4,2011,5,8,50,1,2,2,US-209,,170,40.83532778,-75.656544440,0,12,6,0,1,1,1,0,1,1,0,1,0,0000000,99,99,99,99,99,99,0,0,0,1,0
42,420295,2,2,0,0,0,3,3,109,0,28,4,2011,5,12,45,1,2,2,US-15,SR-1020,22,40.87616111,-76.837452780,0,12,6,0,2,2,1,0,1,1,0,1,0,0000000,99,99,99,99,99,99,0,0,0,1,0
42,420296,1,1,0,0,0,1,1,11,0,21,5,2011,7,11,27,1,2,3,SR-61,,177,40.57113889,-76.015133330,0,44,0,0,1,1,1,0,1,1,0,1,0,0000000,99,99,99,99,99,99,0,0,0,1,0
42,420297,1,1,0,0,0,1,1,77,0,6,5,2011,6,12,16,1,12,2,US-22,,45,40.61149722,-75.519163890,0,25,0,0,1,1,3,1,1,1,0,1,0,0000000,99,99,99,99,88,88,0,0,0,1,0
42,420298,4,4,0,0,0,4,4,43,0,3,5,2011,3,16,10,1,11,1,I-283,,8,40.22982500,-76.794947220,0,12,7,0,1,1,1,0,1,1,0,1,0,0000000,16,15,16,22,17,2,0,0,0,1,0
42,420299,2,2,0,0,0,2,2,45,0,21,5,2011,7,7,47,1,13,3,SR-252,WAYNESFIELD DR,100,40.00844444,-75.423941670,0,12,6,0,2,3,1,0,1,1,0,1,0,0000000,7,47,7,54,8,14,0,0,0,1,1
42,420300,2,2,0,0,0,2,2,27,0,15,4,2011,6,3,10,1,1,1,I-99,,771,40.85185278,-77.802397220,0,12,1,0,1,1,1,0,2,1,0,1,0,0000000,3,28,3,36,99,99,0,0,0,1,0
42,420301,2,2,0,0,0,2,2,89,0,5,4,2011,3,8,14,0,3,3,SR-115,,163,41.08840833,-75.587919440,0,34,0,0,1,1,4,0,1,2,0,2,0,0000000,99,99,99,99,99,99,0,0,0,1,0
42,420302,1,1,0,0,0,1,1,115,0,13,5,2011,6,13,0,1,1,1,I-81,,2086,41.67694167,-75.684486110,0,24,0,0,1,1,3,0,1,1,0,1,0,0000000,99,99,99,99,88,88,0,0,0,1,0
42,420303,2,2,0,0,0,4,4,7,5380,6,4,2011,4,5,31,0,13,3,SR-51,,81,40.68246389,-80.265647220,0,12,2,0,1,1,1,1,4,1,0,1,0,0000000,99,99,99,99,99,99,0,0,0,1,0
42,420304,1,1,0,0,0,2,2,129,0,13,5,2011,6,2,45,0,3,3,SR-981,,441,40.47437500,-79.450980560,0,24,0,0,1,1,2,0,2,1,0,1,0,0000000,4,19,4,27,99,96,0,0,0,1,1
42,420305,1,1,0,0,0,1,1,63,0,26,5,2011,5,2,31,0,3,3,SR-56,,88,40.52111111,-79.054466670,0,24,0,0,1,1,2,0,2,1,0,1,0,0000000,99,99,99,99,99,99,20,0,0,1,1
42,420306,2,2,0,0,0,7,7,85,0,9,4,2011,7,18,52,0,4,3,SR-846,,26,41.28985278,-80.474763890,0,12,6,0,1,1,1,0,1,1,0,1,0,0000000,19,4,19,13,19,45,0,0,0,2,0
42,420307,1,1,0,0,0,2,2,129,0,31,5,2011,3,16,21,0,6,5,THOMPSON RD,,0,40.11095000,-79.400241670,0,1,0,0,1,1,1,0,1,1,0,1,0,0000000,99,99,99,99,99,99,0,0,0,1,0
42,420308,1,1,0,0,0,1,1,125,0,7,5,2011,7,20,0,0,3,3,SR-844,,4,40.25442500,-80.512436110,0,35,0,0,1,1,5,0,5,1,0,1,0,0000000,99,99,99,99,88,88,0,0,0,1,0
42,420309,1,1,0,0,0,2,2,133,0,10,5,2011,3,5,50,0,4,3,SR-216,,66,39.76292778,-76.853936110,0,42,0,0,1,1,4,0,1,1,0,1,0,0000000,99,99,99,99,99,99,0,0,0,1,1
42,420310,1,1,0,0,0,2,2,49,0,20,5,2011,6,21,29,0,4,3,SR-3020,,9,42.00294722,-80.186772220,0,11,0,0,1,1,1,0,2,1,0,1,0,0000000,21,34,21,49,99,99,0,0,0,1,0
42,420311,1,1,0,0,0,1,1,49,0,15,5,2011,1,7,1,0,3,2,US-6,,19,41.87413333,-80.004841670,0,24,0,0,1,1,2,0,4,2,0,2,0,0000000,99,99,99,99,88,88,0,0,0,1,1
42,420312,2,2,0,0,0,4,4,5,0,16,4,2011,7,2,20,0,3,3,SR-66,,96,40.67860000,-79.583688890,0,12,2,0,1,1,1,0,2,2,0,2,0,0000000,99,99,99,99,99,99,0,0,0,2,1
42,420313,2,2,0,0,0,2,2,91,0,5,4,2011,3,7,30,0,6,4,SWAMP PK,,0,40.28645278,-75.573225000,0,12,2,0,1,1,1,0,1,1,0,1,0,0000000,7,34,7,41,7,53,0,0,0,1,0
42,420314,1,1,0,0,0,2,2,29,0,15,5,2011,1,19,52,1,12,2,US-422,,25,40.23119444,-75.627677780,0,24,0,1,19,1,2,0,5,1,0,1,0,0000000,19,51,19,56,1,11,0,0,0,1,1
42,420315,2,2,0,0,0,2,2,11,0,23,4,2011,7,10,21,0,14,3,SR-3016,WERNERSVILLE RD,28,40.30346944,-76.051502780,0,12,6,0,2,2,1,0,1,2,0,2,0,0000000,99,99,99,99,99,99,0,0,0,1,1
42,420316,1,1,0,0,0,2,2,49,0,8,5,2011,1,4,15,0,6,5,CONNEAUTTEE RD,,0,41.87793333,-80.029136110,0,34,0,0,1,1,4,0,2,1,0,1,0,0000000,4,22,4,42,5,29,4,0,0,1,1
42,420317,1,1,0,0,0,1,1,71,0,13,5,2011,6,21,26,0,3,3,SR-372,,26,39.84453611,-76.303175000,0,38,0,0,1,1,5,0,2,1,0,1,0,0000000,21,29,21,43,88,88,0,0,0,1,1
42,420318,2,2,0,0,0,2,2,11,0,26,4,2011,3,16,28,0,3,3,SR-501,,16,40.43181389,-76.298563890,0,12,6,0,1,1,1,0,1,1,0,1,0,0000000,99,99,99,99,88,88,0,0,0,1,1
42,420319,1,1,0,0,0,6,6,95,660,8,5,2011,1,14,59,0,15,3,SR-2014,,6,40.61621944,-75.334825000,0,33,0,0,1,1,4,0,1,1,0,1,0,0000000,99,99,99,99,99,99,0,0,0,1,0
42,420320,1,1,0,0,0,1,1,17,0,1,5,2011,1,12,41,0,6,5,QUARRY RD,,0,40.24355833,-74.892233330,0,35,0,0,1,1,4,0,1,1,0,1,0,0000000,99,99,99,99,88,88,0,0,0,1,1
42,420321,1,1,0,0,0,3,3,133,0,16,5,2011,2,20,10,0,15,3,SR-2031,,7,39.91083333,-76.579027780,0,42,0,0,1,1,5,0,2,2,0,2,0,0000000,20,10,20,10,99,99,0,0,0,2,0
42,420322,1,1,0,0,0,4,4,95,0,28,5,2011,7,18,21,0,3,3,SR-191,,219,40.93386111,-75.198841670,0,52,0,0,1,1,2,0,1,1,0,1,0,0000000,99,99,99,99,99,99,0,0,0,1,0
42,420323,1,1,0,0,0,1,1,113,0,27,5,2011,6,19,45,0,6,3,SR-2002,,26,41.36126944,-76.518205560,0,42,0,0,1,1,4,0,1,1,0,1,0,0000000,19,44,19,53,88,88,0,0,0,1,0
42,420324,1,1,0,0,0,1,1,89,0,27,5,2011,6,6,36,0,6,5,COOLBAUGH RD,,0,41.10516111,-75.118161110,0,30,0,0,1,1,4,0,1,1,0,1,0,0000000,99,99,99,99,99,99,0,0,0,1,0
42,420325,2,2,0,0,0,2,2,95,0,25,4,2011,2,12,47,0,16,6,PARK AV,,0,40.69471667,-75.259961110,0,12,6,0,8,1,1,0,1,1,0,1,0,0000000,99,99,99,99,88,88,0,0,0,1,0
42,420326,2,2,0,0,0,2,2,77,0,18,4,2011,2,7,56,0,14,3,SR-3012,,30,40.56759444,-75.628725000,0,12,6,0,1,1,1,0,1,1,0,1,1,0000000,99,99,99,99,88,88,0,0,0,1,0
42,420327,2,2,0,0,0,3,3,11,0,28,4,2011,5,13,3,0,6,5,KUTZTOWN RD,,0,40.50431944,-75.792602780,0,12,1,0,1,1,1,0,1,1,0,1,0,0000000,99,99,99,99,99,99,0,0,0,2,0
42,420328,1,1,0,0,0,1,1,75,0,21,5,2011,7,19,55,0,5,3,SR-1003,,43,40.39809722,-76.477138890,0,35,0,0,1,1,4,0,2,2,0,2,0,0000000,19,56,19,59,20,16,0,0,0,1,0
42,420329,1,1,0,0,0,1,1,1,0,12,5,2011,5,20,13,0,5,3,SR-2001,,59,39.80374722,-77.141705560,0,34,0,0,1,1,4,0,5,1,0,1,0,0000000,20,9,20,19,20,39,0,0,0,1,1
42,420330,1,1,0,0,0,2,2,69,200,13,5,2011,6,1,35,1,12,2,US-6,,162,41.49616667,-75.526977780,0,52,0,0,1,1,2,0,2,1,0,1,0,0000000,1,45,1,56,88,88,0,0,0,2,1
42,420331,2,2,0,0,0,2,2,71,0,9,4,2011,7,13,24,0,14,3,SR-462,PRESIDENT AV,109,40.03878333,-76.330386110,0,12,6,0,2,3,1,0,1,1,0,1,0,0000000,99,99,99,99,99,99,0,0,0,1,0
42,420332,2,2,0,0,0,2,2,69,1090,1,4,2011,6,16,56,0,13,3,SR-1041,,10,41.56871667,-75.504111110,0,12,6,0,8,1,1,0,1,2,0,2,0,0000000,99,99,99,99,99,99,0,0,0,1,0
42,420333,1,1,0,0,0,2,2,33,9210,14,5,2011,7,22,40,0,3,3,SR-36,,25,40.75356667,-78.671352780,0,43,0,0,1,1,4,0,3,1,0,1,0,0000000,99,99,99,99,99,99,0,0,0,1,0
42,420334,2,2,0,0,0,3,3,29,0,9,4,2011,7,11,18,0,14,3,SR-724,,112,40.14700833,-75.549141670,0,12,6,0,8,1,1,0,1,1,0,1,0,0000000,11,19,11,24,88,88,0,0,0,1,0
42,420335,2,2,0,0,0,2,2,45,1270,20,4,2011,4,16,40,0,13,3,SR-291,HIGHLAND AV,7,39.83074722,-75.390072220,0,12,6,0,2,2,1,1,1,1,0,1,0,0000000,16,38,16,49,88,88,0,0,0,1,0
42,420336,1,1,0,0,0,1,1,99,0,22,5,2011,1,1,10,0,3,3,SR-850,,187,40.34842500,-77.220688890,0,1,0,0,1,1,2,0,2,1,0,1,0,0000000,1,14,1,31,88,88,0,0,0,1,1
42,420337,1,1,0,0,0,1,1,79,0,29,5,2011,1,20,31,0,6,5,HAZLE TOWNSHIP BL,,0,40.97701111,-76.006202780,0,1,0,0,1,1,1,0,5,1,0,1,0,0000000,99,99,99,99,88,88,20,0,0,1,0
42,420338,1,1,0,1,1,1,1,25,0,28,5,2011,7,4,55,1,13,3,SR-248,,8,40.82195000,-75.688091670,0,8,0,0,1,1,1,0,2,5,0,5,0,0000000,99,99,99,99,99,99,0,0,0,1,0
42,420339,1,1,0,0,0,1,1,133,0,17,5,2011,3,22,45,0,4,3,SR-24,,71,39.80728333,-76.596936110,0,53,0,0,1,1,4,0,2,2,0,2,0,0000000,99,99,99,99,88,88,20,0,0,1,0
42,420340,1,1,0,0,0,3,3,55,0,7,5,2011,7,2,15,0,6,5,SPRING RD,,0,39.89867500,-77.578838890,0,42,0,0,1,1,5,0,2,1,0,1,0,0000000,2,8,2,11,99,99,0,0,0,2,1
42,420341,1,1,0,0,0,1,1,11,0,6,5,2011,6,21,20,0,6,5,WEST SHORE DR,,0,40.49768056,-75.913136110,0,34,0,0,1,1,4,0,2,1,0,1,0,0000000,99,99,99,99,88,88,0,0,0,1,1
42,420342,1,1,0,0,0,2,2,85,0,11,5,2011,4,1,30,0,6,4,MITCHELL HILL RD,,0,41.43336389,-80.268516670,0,42,0,0,1,1,4,0,2,1,0,1,0,0000000,99,99,99,99,88,88,22,4,0,1,1
42,420343,2,2,0,0,0,3,3,17,0,14,4,2011,5,18,46,0,6,5,BRISTOL EMILIE RD,GOLDEN TURN RD,0,40.14594444,-74.858252780,0,12,6,0,2,3,1,0,1,1,0,1,0,0000000,18,46,18,49,19,8,0,0,0,1,0
42,420344,2,2,0,0,0,3,3,71,8190,5,4,2011,3,7,5,0,14,3,SR-896,,122,39.98411667,-76.172191670,0,12,2,0,1,1,1,0,1,2,0,2,0,0000000,7,5,7,25,7,45,0,0,0,1,0
42,420345,1,1,0,0,0,2,2,45,0,21,5,2011,7,17,36,0,13,3,SR-352,,43,39.89848889,-75.408063890,0,33,0,0,1,1,4,0,1,1,0,1,0,0000000,17,40,17,45,18,7,0,0,0,1,0
42,420346,2,2,0,0,0,2,2,133,0,30,4,2011,7,21,26,0,3,3,SR-234,LAKE RD,7,39.93544167,-76.958219440,0,12,6,0,2,2,1,0,2,1,0,1,0,0000000,21,28,21,32,21,50,0,0,0,1,1
42,420347,2,2,0,0,0,2,2,101,6540,9,4,2011,7,18,39,0,16,6,CAYUGA ST,LAWANDALE ST,0,40.01410556,-75.104791670,0,12,6,0,2,3,1,0,1,1,0,1,0,0000000,18,22,18,27,18,44,0,0,0,1,0
42,420348,1,1,0,0,0,1,1,59,0,30,5,2011,2,17,29,1,1,1,I-79,,105,39.85386667,-80.120541670,0,35,0,0,1,1,4,0,1,1,0,1,0,0000000,17,30,17,40,88,88,0,0,0,1,1
42,420349,2,2,0,0,0,4,4,101,6540,24,4,2011,1,15,12,0,14,3,SR-4003,RITTENHOUSE ST,17,40.02933889,-75.186138890,0,12,6,0,2,2,1,0,1,1,0,1,0,0000000,15,12,15,16,15,49,0,0,0,1,0
42,420350,3,3,0,0,0,4,4,55,3343,2,4,2011,7,1,20,1,1,1,I-81,,209,39.97850278,-77.570283330,0,12,2,0,1,1,1,0,2,1,0,1,0,0000000,1,25,1,34,88,88,0,0,0,2,2
42,420351,1,1,0,0,0,1,1,69,0,2,5,2011,2,14,53,1,1,1,I-380,,133,41.23777500,-75.509258330,0,34,0,0,1,1,3,0,1,1,0,1,0,0000000,14,56,15,11,88,88,0,0,0,1,0
42,420352,2,2,0,0,0,3,3,73,0,10,5,2011,3,19,30,0,3,3,SR-108,HECKATHORNE RD,156,41.01565278,-80.219025000,0,12,9,0,2,2,1,0,1,1,0,1,0,0000000,19,35,19,51,20,8,0,0,0,1,0
42,420353,1,1,0,0,0,1,1,79,0,1,5,2011,1,18,43,0,6,5,LATTIMER RD,,0,40.99165833,-75.967583330,0,30,0,0,1,1,4,0,1,1,0,1,0,0000000,18,46,18,50,19,7,0,0,0,1,1
42,420354,1,1,0,0,0,1,1,17,0,6,5,2011,6,22,45,0,16,3,SR-2017,,3,40.09754167,-74.950083330,0,30,0,0,1,1,4,0,2,1,0,1,0,0000000,22,45,22,48,88,88,0,0,0,1,0
42,420355,1,1,0,0,0,1,1,43,0,12,5,2011,5,18,35,1,12,2,US-322,US-322-SR8016 RAMP,71,40.26456944,-76.689052780,0,1,0,1,19,1,8,0,1,1,0,1,0,0000000,99,99,99,99,99,99,0,0,0,1,1
42,420356,2,2,0,0,0,3,3,59,0,24,5,2011,3,12,15,0,13,3,SR-21,COMFORT LN,187,39.89857222,-80.141494440,0,12,6,0,2,2,1,0,1,1,0,1,0,0000000,12,18,12,21,13,34,0,0,0,1,0
42,420357,1,1,0,0,0,1,1,97,0,3,5,2011,3,16,6,1,13,3,SR-61,,112,40.80410000,-76.583186110,0,24,0,0,1,1,2,0,1,1,0,1,0,0000000,99,99,99,99,99,99,0,0,0,1,0
42,420358,1,1,0,1,1,1,1,41,0,27,5,2011,6,21,46,1,2,2,US-11,,259,40.23351667,-77.116869440,0,8,0,0,1,1,1,0,2,2,0,2,0,0000000,21,43,21,50,22,29,0,0,0,1,0
42,420359,5,2,3,0,3,3,6,125,0,26,5,2011,5,23,24,1,1,1,I-70,,48,40.11616667,-80.445163890,0,12,7,1,18,1,1,0,2,2,0,2,0,0000000,23,24,23,42,88,88,14,0,0,2,0
42,420360,1,1,0,0,0,1,1,79,0,12,5,2011,5,13,2,0,15,3,SR-1021,,38,41.34537778,-75.873286110,0,1,0,0,1,1,1,0,1,1,0,1,0,0000000,13,7,13,18,13,35,0,0,0,1,0
42,420361,1,1,0,0,0,2,2,129,5645,14,5,2011,7,17,4,0,16,4,HARRISON CITY RD,,0,40.41119444,-79.630083330,0,31,0,0,1,1,5,0,1,1,0,1,0,0000000,17,5,17,12,88,88,0,0,0,1,0
42,420362,1,1,0,0,0,1,1,79,9080,9,5,2011,2,16,8,0,16,6,DEER RUN RD,,0,40.97129444,-76.010897220,0,1,0,0,8,1,1,0,1,1,0,1,0,0000000,16,14,16,20,88,88,0,0,0,1,0
42,420363,1,1,0,0,0,1,1,11,0,25,5,2011,4,18,35,0,3,3,SR-73,,111,40.38380556,-75.775250000,0,24,0,0,1,1,2,0,1,1,0,1,0,0000000,99,99,99,99,88,88,0,0,0,1,0
42,420364,1,1,0,1,1,1,1,125,1240,17,5,2011,3,11,27,0,16,6,CREST AV,9TH ST,0,40.14042500,-79.905002780,0,8,0,0,2,3,1,0,1,2,0,2,0,0000000,11,25,11,30,11,42,0,0,0,1,0
42,420365,3,3,0,0,0,8,8,101,6540,30,6,2011,5,2,0,0,13,3,SR-1013,SR-1011,7,40.05343056,-75.008477780,0,12,6,0,2,4,1,0,3,1,0,1,0,0000000,2,3,2,7,2,41,0,0,0,1,0
42,420366,1,1,0,0,0,1,1,3,3950,22,5,2011,1,4,9,0,14,3,SR-885,,9,40.30694722,-79.901075000,0,43,0,0,1,1,5,0,2,1,0,1,0,0000000,4,19,4,21,88,88,0,0,0,1,1
42,420367,6,2,4,0,0,2,2,101,6540,12,6,2011,1,2,20,0,13,3,SR-291,SR-611,61,39.91682778,-75.171322220,0,12,6,0,2,2,1,0,3,2,0,2,0,0000000,2,23,2,26,3,0,14,0,0,1,0
42,420368,1,1,0,0,0,1,1,91,0,21,5,2011,7,15,14,1,12,2,US-422,,41,40.24239167,-75.582791670,0,24,0,0,1,1,3,0,1,1,0,1,0,0000000,15,14,15,23,88,88,0,0,0,1,0
42,420369,1,1,0,0,0,1,1,3,9170,21,5,2011,7,10,12,0,13,3,SR-2040,,47,40.34670000,-79.954858330,0,18,0,0,1,1,1,0,1,1,0,1,0,0000000,10,12,10,15,88,88,0,0,0,1,0
42,420370,1,1,0,0,0,2,2,79,0,30,5,2011,2,2,45,0,5,3,SR-2035,,82,41.29850000,-75.715133330,0,5,0,0,1,1,1,0,3,1,0,1,0,0000000,2,48,2,58,3,19,0,0,0,1,1
42,420371,3,3,0,0,0,3,3,1,0,7,6,2011,3,17,43,0,14,3,SR-116,,223,39.79775278,-77.046480560,0,12,8,0,1,1,1,0,1,1,0,1,0,0000000,17,40,17,45,18,4,6,0,0,1,0
42,420372,1,1,0,1,1,1,1,85,0,24,5,2011,3,21,48,1,2,3,SR-58,,82,41.44322500,-80.398813890,0,8,0,0,1,1,1,0,2,1,0,1,0,0000000,21,47,21,55,88,88,19,0,0,1,0
42,420373,1,1,0,1,1,1,1,17,0,28,5,2011,7,16,28,0,13,3,SR-413,,251,40.36713889,-75.100630560,0,8,0,0,1,1,2,0,1,1,0,1,0,0000000,16,30,16,38,17,17,0,0,0,1,0
42,420374,1,1,0,0,0,1,1,49,2640,20,5,2011,6,99,99,0,16,6,FRONT ST,SASSAFRAS ST,0,42.13281944,-80.092188890,0,33,0,0,3,3,4,0,3,1,0,1,0,0000000,99,99,99,99,88,88,0,0,0,1,1
42,420375,3,3,0,0,0,5,5,13,0,16,6,2011,5,14,17,0,3,3,SR-36,,65,40.35763056,-78.413844440,0,12,2,0,1,1,1,0,1,1,0,1,0,0000000,14,21,14,24,14,59,0,0,0,1,0
42,420376,4,4,0,0,0,7,7,107,8350,1,6,2011,4,10,35,1,2,3,SR-309,,111,40.79078611,-75.966280560,0,12,1,0,1,1,1,0,1,1,0,1,0,0000000,99,99,99,99,99,99,0,0,0,1,0
42,420377,1,1,0,0,0,1,1,133,9449,6,5,2011,6,11,31,0,4,3,SR-24,,104,39.85103333,-76.620513890,0,19,0,0,1,1,5,0,1,1,0,1,0,0000000,11,39,11,46,12,29,0,0,0,1,0
42,420378,1,1,0,1,1,1,1,101,6540,9,5,2011,2,1,51,1,13,2,US-1,5TH ST,5,40.02409722,-75.133147220,0,8,0,0,3,2,1,0,3,1,0,1,0,0000000,1,52,1,56,88,88,0,0,0,1,0
42,420379,1,1,0,1,1,1,1,101,6540,2,5,2011,2,19,23,0,16,6,FRONT ST,,0,40.00283333,-75.128330560,0,8,0,0,1,1,1,0,1,1,0,1,0,0000000,19,23,19,27,19,37,0,0,0,1,0
42,420380,1,1,0,1,1,1,1,101,6540,17,5,2011,3,5,26,1,13,2,US-1,SR-532,146,40.07431389,-75.034822220,0,8,0,0,3,2,1,0,3,2,0,2,0,0000000,5,25,5,30,5,48,0,0,0,1,0
42,420381,4,4,0,0,0,6,6,3,860,22,6,2011,4,15,47,1,13,3,SR-51,GREENLEE AV,154,40.37543611,-79.983322220,0,12,1,0,3,3,1,0,1,1,0,1,0,0000000,15,54,15,59,16,30,0,0,0,1,0
42,420382,1,1,0,1,1,1,1,101,6540,17,5,2011,3,15,25,0,14,3,SR-1013,,34,40.08579167,-74.987400000,0,8,0,0,1,1,1,0,1,1,0,1,0,0000000,15,28,15,35,15,44,21,0,0,1,0
42,420383,1,1,0,1,1,1,1,101,6540,17,5,2011,3,10,33,1,13,3,SR-291,RITNER ST,64,39.92064444,-75.170497220,0,8,0,0,3,2,1,0,1,2,0,2,0,0000000,10,34,10,38,10,53,0,0,0,1,0
42,420384,1,1,0,0,0,1,1,101,6540,17,5,2011,3,19,1,0,16,6,STEVENSON ST,AVNER LN,0,40.06201111,-74.988794440,0,1,0,0,2,3,1,0,1,1,0,1,0,0000000,19,0,19,6,19,53,22,0,0,1,0
42,420385,1,1,0,0,0,1,1,91,6000,5,5,2011,5,11,32,1,13,2,US-202,,49,40.12014722,-75.338019440,0,1,0,0,1,1,1,0,1,1,0,1,0,0000000,11,34,11,38,88,88,0,0,0,1,0
42,420386,3,3,0,0,0,3,3,95,0,25,6,2011,7,8,5,1,12,2,US-22,,75,40.68306944,-75.278083330,0,12,1,0,1,1,1,0,1,1,0,1,0,0000000,99,99,99,99,99,99,0,0,0,1,0
42,420387,1,1,0,0,0,1,1,101,6540,29,5,2011,1,2,7,0,13,2,US-13,,106,40.04082222,-75.029777780,0,40,0,0,1,1,5,0,3,1,0,1,0,0000000,2,8,2,10,2,30,0,0,0,1,0
42,420388,2,2,0,0,0,3,3,7,0,5,5,2011,5,14,30,0,3,2,US-30,,67,40.55119444,-80.422947220,0,30,0,0,1,1,4,0,1,1,0,1,0,0000000,99,99,99,99,99,99,0,0,0,1,0
42,420389,1,1,0,0,0,1,1,71,0,2,5,2011,2,19,30,0,5,3,SR-2029,,51,39.99502778,-76.204400000,0,23,0,0,1,1,4,0,5,1,0,1,0,0000000,19,32,19,40,88,88,0,0,0,1,1
42,420390,1,1,0,0,0,1,1,101,6540,14,5,2011,7,1,22,0,16,6,17TH ST,,0,39.99571389,-75.159111110,0,21,0,0,1,1,4,0,3,1,0,1,0,0000000,1,22,1,26,1,51,0,0,0,1,0
42,420391,3,3,0,0,0,4,4,45,0,5,3,2011,7,15,2,0,14,3,SR-3046,KIRK RD,37,39.86475556,-75.516758330,0,12,6,0,2,2,1,0,1,1,0,1,0,0000000,14,56,15,1,15,26,0,0,0,1,0
42,420392,2,2,0,0,0,2,2,81,0,26,3,2011,7,12,25,0,5,3,SR-1001,,80,41.42693056,-76.956877780,0,12,6,0,8,1,1,0,1,1,0,1,0,0000000,12,25,12,41,13,56,0,0,0,1,0
42,420393,1,1,0,0,0,2,2,101,6540,28,5,2011,7,0,48,1,12,2,US-1,,44,40.00990833,-75.186263890,0,35,0,0,1,1,5,0,3,1,0,1,0,0000000,99,99,99,99,99,99,0,0,0,2,1
42,420394,1,1,0,0,0,1,1,101,6540,27,5,2011,6,19,58,0,16,6,23RD ST,,0,39.95072222,-75.178569440,0,30,0,0,1,1,5,0,3,1,0,1,0,0000000,19,58,20,11,20,26,22,0,0,1,1
42,420395,1,1,0,0,0,1,1,101,6540,6,6,2011,2,5,15,1,11,1,I-95,,321,40.04855000,-74.998055560,0,24,0,0,1,1,2,0,1,1,0,1,0,0000000,5,20,5,29,88,88,0,0,0,1,0
42,420396,2,2,0,0,0,2,2,129,0,12,5,2011,5,12,10,0,4,3,SR-819,,200,40.35441667,-79.524188890,0,12,8,0,1,1,1,0,1,1,0,1,0,0000000,12,14,12,20,88,88,0,0,0,1,0
42,420397,1,1,0,0,0,2,2,51,0,16,6,2011,5,19,0,0,4,3,SR-1051,,22,39.94482778,-79.703930560,0,30,0,0,1,1,4,0,1,1,0,1,0,0000000,18,58,19,5,19,25,0,0,0,1,0
42,420398,2,2,0,0,0,2,2,39,0,5,5,2011,5,7,18,0,4,3,SR-2034,,26,41.65521389,-80.184863890,0,12,1,0,8,1,1,0,1,1,0,1,0,0000000,88,88,88,88,88,88,0,0,0,1,0
42,420399,1,1,0,0,0,1,1,71,0,3,6,2011,6,21,51,0,15,3,SR-324,,89,39.97113333,-76.304591670,0,1,0,0,1,1,2,0,2,1,0,1,0,0000000,21,52,21,59,22,14,20,0,0,1,1
42,420400,1,1,0,0,0,1,1,51,0,10,6,2011,6,20,50,0,4,3,SR-1054,,79,40.04021944,-79.341516670,0,42,0,0,1,1,4,0,5,1,0,1,0,0000000,20,53,21,12,21,40,0,0,0,1,1
42,420401,2,2,0,0,0,2,2,63,9295,5,5,2011,5,21,20,0,3,3,SR-286,,165,40.58718889,-79.212022220,0,12,2,0,1,1,1,0,2,1,0,1,0,0000000,21,24,21,32,22,32,0,0,0,1,1
42,420402,1,1,0,0,0,1,1,43,0,15,6,2011,4,10,52,0,16,6,PARK DR,,0,40.27595000,-76.814613890,0,33,0,0,1,1,4,0,1,1,0,1,0,0000000,10,52,11,7,11,26,0,0,0,1,0
42,420403,2,2,0,0,0,5,5,107,0,30,5,2011,2,18,19,0,14,3,SR-901,,74,40.70966111,-76.330847220,0,12,6,0,1,1,1,0,1,1,0,1,0,0000000,99,99,99,99,88,88,0,0,0,1,0
42,420404,1,1,0,0,0,2,2,123,0,11,6,2011,7,21,20,1,2,2,US-6,,435,41.71183056,-78.988755560,0,38,0,0,1,1,4,0,2,1,0,1,0,0000000,99,99,99,99,88,88,0,0,0,2,1
42,420405,2,2,0,0,0,2,2,77,0,13,5,2011,6,17,46,0,4,3,SR-143,,68,40.68192778,-75.745438890,0,12,2,0,1,1,1,0,1,1,0,1,0,0000000,99,99,99,99,88,88,0,0,0,2,1
42,420406,1,1,0,0,0,1,1,25,0,24,6,2011,6,21,18,0,5,3,SR-1005,,1,41.03876944,-75.759602780,0,59,0,0,6,1,5,0,2,1,0,1,0,361400N,99,99,99,99,99,99,0,0,0,1,1
42,420407,2,1,1,0,0,1,1,133,0,18,6,2011,7,1,15,0,14,3,SR-116,,79,39.85421667,-76.888422220,0,53,0,0,1,1,4,0,3,1,0,1,0,0000000,1,18,1,24,88,88,14,0,0,1,1