STATE,ST_CASE,VE_TOTAL,VE_FORMS,PVH_INVL,PEDS,PERNOTMVIT,PERMVIT,PERSONS,COUNTY,CITY,DAY,MONTH,YEAR,DAY_WEEK,HOUR,MINUTE,NHS,ROAD_FNC,ROUTE,TWAY_ID,TWAY_ID2,MILEPT,LATITUDE,LONGITUD,SP_JUR,HARM_EV,MAN_COLL,RELJCT1,RELJCT2,TYP_INT,REL_ROAD,WRK_ZONE,LGT_COND,WEATHER1,WEATHER2,WEATHER,SCH_BUS,RAIL,NOT_HOUR,NOT_MIN,ARR_HOUR,ARR_MIN,HOSP_HR,HOSP_MN,CF1,CF2,CF3,FATALS,DRUNK_DR
42,420408,2,2,0,0,0,8,8,69,6893,9,5,2011,2,17,14,0,6,5,DARK REGION RD,,0,41.41032222,-75.802252780,0,12,1,0,1,1,1,0,1,1,0,1,0,0000000,17,14,17,24,18,0,22,0,0,1,0
42,420409,1,1,0,0,0,1,1,9,0,6,6,2011,2,21,31,0,5,3,SR-1020,,54,40.08808611,-78.249725000,0,1,0,0,1,1,4,0,2,1,0,1,0,0000000,21,32,21,47,22,15,0,0,0,1,1
42,420410,1,1,0,0,0,1,1,85,0,10,6,2011,6,3,0,1,2,3,SR-58,,54,41.48087778,-80.418883330,0,58,0,0,1,1,4,0,2,1,0,1,0,0000000,99,99,99,99,88,88,0,0,0,1,1
42,420411,2,2,0,0,0,1,1,65,0,23,5,2011,2,3,30,1,1,1,I-80,,899,41.15250556,-78.908022220,0,12,1,0,1,1,1,0,2,1,0,1,0,0000000,99,99,99,99,88,88,0,0,0,1,0
42,420412,1,1,0,0,0,2,2,133,0,19,6,2011,1,14,52,0,3,3,SR-74,,431,40.06260833,-76.916997220,0,53,0,0,1,1,4,0,1,1,0,1,0,0000000,14,53,15,5,15,35,0,0,0,1,0
42,420413,1,1,0,0,0,2,2,77,0,18,6,2011,7,5,45,0,6,5,TOLLGATE RD,,0,40.47305278,-75.543366670,0,30,0,0,1,1,4,0,4,1,0,1,0,0000000,99,99,99,99,99,99,0,0,0,1,1
42,420414,2,2,0,0,0,2,2,83,0,7,5,2011,7,10,25,1,2,2,US-6,,80,41.67733611,-78.827261110,0,12,6,0,1,1,1,0,1,1,0,1,0,0000000,99,99,99,99,99,99,0,0,0,1,0
42,420415,1,1,0,0,0,1,1,43,0,12,6,2011,1,10,4,0,6,5,RED HILL RD,,0,40.37013889,-76.960000000,0,24,0,0,1,1,2,0,1,1,0,1,0,0000000,99,99,99,99,99,99,0,0,0,1,0
42,420416,2,2,0,0,0,3,3,31,0,27,5,2011,6,5,30,1,2,2,US-322,,39,41.27375556,-79.538002780,0,11,0,0,1,1,1,0,4,1,0,1,0,0000000,5,55,5,55,88,88,0,0,0,2,0
42,420417,1,1,0,0,0,1,1,133,0,22,6,2011,4,19,33,0,5,3,SR-1016,,3,40.03244167,-76.569266670,0,1,0,0,1,1,4,0,1,1,0,1,0,0000000,19,34,19,53,88,88,0,0,0,1,1
42,420418,2,2,0,0,0,2,2,65,0,22,5,2011,1,17,50,0,6,5,SANDY HILL RD,,0,41.03205833,-79.191563890,0,1,0,0,1,1,1,0,1,1,0,1,0,0000000,99,99,99,99,99,99,0,0,0,1,0
42,420419,1,1,0,0,0,2,2,97,3610,22,6,2011,4,11,55,0,16,6,FERRY ST,,0,40.70985833,-76.843444440,0,10,0,0,6,1,1,0,1,1,0,1,0,501526J,11,56,12,1,88,88,0,0,0,2,0
42,420420,2,2,0,0,0,5,5,15,0,27,5,2011,6,14,50,0,3,3,SR-14,,188,41.83705278,-76.801650000,0,12,6,0,8,1,1,0,1,1,0,1,0,0000000,14,50,14,58,15,43,0,0,0,1,0
42,420421,2,2,0,0,0,4,4,79,0,15,5,2011,1,19,31,0,3,3,SR-118,,18,41.29876667,-76.279888890,0,12,6,0,1,1,1,0,1,2,10,2,0,0000000,19,30,19,39,19,55,0,0,0,2,1
42,420422,2,2,0,0,0,3,3,29,0,3,5,2011,3,23,10,1,13,2,US-1,SR-52,239,39.86883889,-75.668377780,0,12,6,0,2,2,1,0,2,1,0,1,0,0000000,23,9,23,13,0,10,0,0,0,1,1
42,420423,2,2,0,0,0,3,3,55,0,29,5,2011,1,12,5,0,3,3,SR-16,,210,39.77251944,-77.655261110,0,12,6,0,8,1,1,0,1,1,0,1,0,0000000,12,13,12,23,12,29,0,0,0,1,0
42,420424,1,1,0,0,0,8,8,73,0,29,6,2011,4,17,15,1,13,2,US-422-SR8018,,1,40.97935833,-80.302894440,0,24,0,1,5,1,2,0,1,1,0,1,0,0000000,17,17,17,22,18,21,0,0,0,1,0
42,420425,2,2,0,0,0,2,2,89,0,27,5,2011,6,10,55,0,14,3,SR-611,,97,40.99960833,-75.267850000,0,12,6,0,8,1,1,0,1,1,0,1,0,0000000,99,99,99,99,99,99,0,0,0,1,0
42,420426,2,2,0,0,0,2,2,89,0,12,5,2011,5,1,58,1,11,1,I-80,,3010,41.00882500,-75.292094440,0,12,1,0,7,1,1,1,2,1,0,1,0,0000000,99,99,99,99,99,99,3,0,0,1,0
42,420427,2,2,0,0,0,3,3,17,615,12,5,2011,5,20,10,1,13,3,SR-132,SR-2019,134,40.10489722,-74.950716670,0,12,6,0,2,2,1,0,3,1,0,1,0,0000000,20,13,20,16,20,32,0,0,0,1,1
42,420428,2,2,0,0,0,4,4,71,4180,28,5,2011,7,0,30,0,13,3,SR-72,JAMES ST,8,40.04586944,-76.307133330,0,12,6,0,2,2,1,0,3,1,0,1,0,0000000,0,31,0,36,0,45,0,0,0,1,1
42,420429,2,2,0,0,0,2,2,71,0,27,5,2011,6,7,49,0,3,3,SR-441,,177,40.12676111,-76.714361110,0,12,2,0,1,1,1,0,1,1,0,1,0,0000000,7,50,8,0,99,99,0,0,0,1,0
42,420430,1,1,0,0,0,3,3,69,200,5,6,2011,1,16,10,1,12,2,US-6,,177,41.52400000,-75.533572220,0,24,0,0,1,1,2,0,1,1,0,1,0,0000000,16,17,16,27,16,55,0,0,0,1,0
42,420431,1,1,0,0,0,1,1,9,0,24,6,2011,6,17,38,0,5,3,SR-2029,,24,39.91772778,-78.347688890,0,34,0,0,1,1,4,0,1,1,0,1,0,0000000,17,36,17,52,88,88,21,4,0,1,1
42,420432,2,2,0,0,0,3,3,3,0,29,5,2011,1,6,4,1,13,3,SR-51,,47,40.26576667,-79.879816670,0,43,0,0,1,1,3,0,4,1,0,1,0,0000000,6,7,6,13,6,48,0,0,0,1,1
42,420433,1,1,0,0,0,1,1,67,0,5,6,2011,1,19,9,0,6,5,ARCH ROCK RD,,0,40.62457222,-77.385647220,0,53,0,0,1,1,5,0,1,1,0,1,0,0000000,99,99,99,99,88,88,0,0,0,1,0
42,420434,1,1,0,0,0,2,2,49,0,7,6,2011,3,1,55,0,6,5,CREEK RD,,0,41.99374722,-80.327155560,0,35,0,0,1,1,4,0,3,1,0,1,0,0000000,2,5,2,16,88,88,4,0,0,1,1
42,420435,2,2,0,0,0,2,2,13,0,22,5,2011,1,3,24,0,15,3,SR-4013,,30,40.55371667,-78.371086110,0,42,0,0,1,1,5,0,2,1,0,1,0,0000000,99,99,99,99,88,88,0,0,0,1,2
42,420436,1,1,0,0,0,1,1,125,8880,28,6,2011,3,22,34,0,16,6,LINCOLN ST,WHEELING ST,0,40.16997778,-80.240783330,0,33,0,0,3,2,4,0,3,1,0,1,0,0000000,22,35,22,39,88,88,0,0,0,1,0
42,420437,1,1,0,0,0,1,1,85,0,11,6,2011,7,22,30,0,3,2,US-62,,191,41.26030833,-80.187622220,0,59,0,0,1,1,4,0,3,99,0,99,0,0000000,99,99,99,99,88,88,0,0,0,1,1
42,420438,2,2,0,0,0,3,3,95,0,31,5,2011,3,15,29,0,15,3,SR-3020,,20,40.71654722,-75.357386110,0,12,2,0,1,1,1,0,1,1,0,1,1,0000000,99,99,99,99,99,99,0,0,0,1,0
42,420439,1,1,0,0,0,2,2,47,0,8,6,2011,4,21,45,0,6,5,MOUNT ZION RD,,0,41.31020278,-78.470547220,0,42,0,0,1,1,5,0,2,1,0,1,0,0000000,99,99,99,99,99,99,4,0,0,2,1
42,420440,1,1,0,0,0,2,2,97,0,20,6,2011,2,21,40,0,4,3,SR-2044,,39,40.75515833,-76.635650000,0,1,0,0,1,1,4,0,2,1,0,1,0,0000000,99,99,99,99,99,99,0,0,0,1,1
42,420441,2,2,0,0,0,2,2,3,7164,9,5,2011,2,12,26,0,16,5,BELLEVUE AV,,0,40.52418056,-80.032341670,0,12,6,0,1,1,1,0,1,1,0,1,0,0000000,12,26,12,33,12,59,0,0,0,1,0
42,420442,1,1,0,0,0,1,1,107,0,5,6,2011,1,0,26,0,14,3,SR-901,,133,40.67936944,-76.248602780,0,59,0,0,1,1,4,0,3,1,0,1,0,0000000,99,99,99,99,88,88,0,0,0,1,1
42,420443,1,1,0,0,0,1,1,107,0,25,6,2011,7,15,20,1,1,1,I-81,,1055,40.60358056,-76.422527780,0,42,0,0,1,1,4,0,1,1,0,1,0,0000000,99,99,99,99,88,88,0,0,0,1,1
42,420444,1,1,0,0,0,2,2,43,0,18,6,2011,7,20,55,1,11,1,I-81,,707,40.32005833,-76.822247220,0,11,0,0,1,1,1,0,2,1,0,1,0,0000000,99,99,99,99,99,99,0,0,0,1,0
42,420445,2,2,0,0,0,2,2,21,0,13,5,2011,6,17,40,1,13,3,SR-56,,118,40.27090556,-78.857802780,0,12,6,0,8,1,1,0,1,1,0,1,0,0000000,17,42,17,44,18,10,0,0,0,1,1
42,420446,1,1,0,0,0,3,3,125,0,18,6,2011,7,2,20,0,5,3,SR-221,,139,40.16031111,-80.375472220,0,1,0,0,1,1,1,0,2,1,0,1,0,0000000,99,99,99,99,99,99,0,0,0,1,1
42,420447,2,2,0,0,0,2,2,5,0,17,5,2011,3,14,28,0,3,3,SR-268,,62,40.87178333,-79.582658330,0,12,8,0,1,1,1,0,1,2,0,2,0,0000000,14,22,14,32,15,8,0,0,0,1,0
42,420448,2,2,0,0,0,2,2,17,0,26,5,2011,5,21,26,0,14,3,SR-2006,,4,40.12606389,-74.896558330,0,12,2,0,1,1,1,0,3,1,0,1,0,0000000,21,27,21,35,21,59,0,0,0,1,1
42,420449,2,2,0,0,0,2,2,121,6690,9,5,2011,2,14,43,0,3,2,US-62,,41,41.36271111,-79.933991670,0,12,2,0,1,1,1,0,1,1,0,1,0,0000000,14,54,15,9,99,99,0,0,0,1,0
42,420450,2,2,0,0,0,3,3,41,0,9,5,2011,2,10,35,1,13,2,US-11,,322,40.24628333,-77.001316670,0,12,6,0,8,1,1,0,1,1,0,1,0,0000000,10,43,10,52,11,24,0,0,0,1,0
42,420451,2,2,0,0,0,4,4,101,6540,22,5,2011,1,12,9,1,13,3,SR-291,SR-3013,18,39.89461111,-75.236716670,0,12,6,0,2,2,1,0,1,1,0,1,0,0000000,12,8,12,13,12,38,20,0,0,1,0
42,420452,1,1,0,0,0,1,1,51,0,29,6,2011,4,22,14,0,6,5,GRANDVIEW AV,,0,40.00929444,-79.581119440,0,32,0,0,1,1,4,0,2,1,0,1,0,0000000,99,99,99,99,88,88,22,0,0,1,0
42,420453,2,2,0,0,0,3,3,101,6540,25,5,2011,4,12,55,0,13,3,SR-3007,,32,39.97232778,-75.189958330,0,12,7,0,1,1,1,0,1,1,0,1,0,0000000,12,56,13,8,13,25,0,0,0,1,0
42,420454,1,1,0,0,0,1,1,47,0,10,6,2011,6,22,15,1,2,2,US-219,,87,41.35800000,-78.705988890,0,24,0,0,1,1,2,0,2,1,0,1,0,0000000,99,99,99,99,99,99,0,0,0,1,1
42,420455,2,2,0,0,0,4,4,133,0,7,5,2011,7,17,20,0,14,3,SR-4040,,49,40.10750556,-77.053911110,0,1,0,0,1,1,1,0,1,1,0,1,0,0000000,17,25,17,28,18,22,0,0,0,1,1
42,420456,1,1,0,0,0,2,2,27,0,30,6,2011,5,20,20,0,4,3,SR-144,,344,41.04929722,-77.997391670,0,34,0,0,1,1,4,0,1,1,0,1,0,0000000,20,17,20,26,99,99,0,0,0,1,1
42,420457,1,1,0,1,1,1,1,101,6540,19,6,2011,1,8,8,0,13,3,SR-1008,GILLESPIE ST,5,40.02413889,-75.054052780,0,8,0,0,2,3,1,0,1,1,0,1,0,0000000,8,10,8,21,8,49,0,0,0,1,0
42,420458,1,1,0,0,0,1,1,71,0,12,5,2011,5,18,20,0,14,2,US-222,,166,39.92471944,-76.193802780,0,34,0,0,1,1,4,0,1,1,0,1,0,0000000,18,20,18,26,88,88,0,0,0,1,1
42,420459,1,1,0,0,0,2,2,29,0,20,6,2011,2,2,38,1,13,2,US-322,US-322-SR-8029,214,39.97371111,-75.613494440,0,24,0,1,19,1,2,0,2,1,0,1,0,0000000,2,38,2,48,88,88,0,0,0,2,1
42,420460,1,1,0,0,0,2,2,3,0,29,6,2011,4,10,55,1,11,1,I-79,,635,40.49584444,-80.123283330,0,24,0,0,1,1,3,0,1,1,0,1,0,0000000,10,58,11,10,88,88,0,0,0,2,1
42,420461,1,1,0,1,1,1,1,101,6540,17,6,2011,6,23,0,0,16,6,WYALUSING AV,,0,39.97085833,-75.215297220,0,8,0,0,1,1,1,0,3,1,0,1,0,0000000,23,0,23,4,23,21,0,0,0,1,1
42,420462,1,1,0,1,1,1,1,3,8660,24,3,2011,5,23,0,0,16,6,MAPLE AV,,0,40.40815000,-79.817963890,0,8,0,0,1,1,1,0,3,1,0,1,0,0000000,23,13,23,19,23,48,0,0,0,1,0
42,420463,1,1,0,0,0,1,1,59,0,17,6,2011,6,14,10,0,6,3,SR-4015,,32,39.95463889,-80.346213890,0,59,0,0,1,1,4,0,1,1,0,1,0,0000000,14,20,14,40,88,88,0,0,0,1,0
42,420464,1,1,0,0,0,2,2,129,0,23,6,2011,5,3,32,0,14,3,SR-819,,138,40.25156111,-79.549769440,0,38,0,0,1,1,4,0,2,1,0,1,0,0000000,99,99,99,99,88,88,0,0,0,1,1
42,420465,1,1,0,0,0,1,1,19,0,12,6,2011,1,14,49,1,1,1,I-80,,429,41.17090000,-79.721366670,0,24,0,0,1,1,2,0,1,1,0,1,0,0000000,99,99,99,99,99,99,0,0,0,1,0
42,420466,2,2,0,0,0,3,3,129,0,4,6,2011,7,15,29,0,3,3,SR-981,,355,40.37586111,-79.411138890,0,12,6,0,1,1,1,0,1,2,0,2,0,0000000,99,99,99,99,99,99,0,0,0,1,0
42,420467,2,2,0,0,0,2,2,63,0,12,6,2011,1,21,56,1,2,3,SR-56,,163,40.42335833,-79.025197220,0,12,8,0,1,1,1,0,2,1,0,1,0,0000000,99,99,99,99,99,99,0,0,0,1,1
42,420468,2,2,0,0,0,2,2,97,0,6,6,2011,2,5,0,0,3,3,SR-44,,9,41.10561389,-76.752355560,0,32,0,0,1,1,4,0,2,1,0,1,0,0000000,99,99,99,99,99,99,0,0,0,1,0
42,420469,2,2,0,0,0,2,2,29,0,27,6,2011,2,5,12,1,11,1,I-76,,3099,40.07890000,-75.703072220,0,12,1,0,1,1,1,0,4,1,0,1,0,0000000,5,13,5,29,99,99,0,0,0,1,0
42,420470,2,2,0,0,0,5,5,115,0,18,6,2011,7,12,20,1,1,1,I-81,,2191,41.81952222,-75.680911110,0,12,2,1,18,1,1,0,1,1,0,1,0,0000000,12,20,12,39,12,53,0,0,0,1,0
42,420471,2,2,0,0,0,3,3,69,0,15,6,2011,4,22,21,1,11,1,I-81,,1922,41.46667222,-75.667080560,0,12,1,0,1,1,1,0,2,1,0,1,0,0000000,22,23,22,31,23,0,0,0,0,1,0
42,420472,2,2,0,0,0,2,2,63,0,8,6,2011,4,15,10,0,14,3,SR-4005,,45,40.63995278,-79.137430560,0,12,1,0,1,1,1,0,1,1,0,1,0,0000000,99,99,99,99,99,99,0,0,0,1,0
42,420473,2,2,0,0,0,4,4,85,0,16,6,2011,5,15,35,0,6,5,GEORGE JUNIOR RD,CRANBERRY RD,0,41.18558889,-80.105191670,0,12,6,0,2,2,1,0,1,1,0,1,0,0000000,15,37,15,47,16,23,0,0,0,1,0
42,420474,2,2,0,0,0,3,3,109,0,11,6,2011,7,19,52,0,3,3,SR-104,SR-3005,59,40.72390833,-77.006136110,0,12,6,0,2,2,1,0,1,1,0,1,0,0000000,99,99,99,99,88,88,0,0,0,1,0
42,420475,2,2,0,0,0,2,2,89,0,25,6,2011,7,5,12,0,3,2,US-209,,250,41.05601111,-75.090375000,0,17,0,0,1,1,5,0,1,1,0,1,0,0000000,99,99,99,99,99,99,0,0,0,1,0
42,420476,2,2,0,0,0,2,2,75,0,25,6,2011,7,22,0,0,3,2,US-22,MILL RD,25,40.39769444,-76.602397220,0,12,6,0,2,2,1,0,2,1,0,1,0,0000000,22,0,22,8,88,88,0,0,0,1,0
42,420477,2,2,0,0,0,6,6,61,9997,23,6,2011,5,14,45,0,3,3,SR-913,SCHELL ST,28,40.21118056,-78.200216670,0,12,6,0,2,2,1,0,1,1,0,1,0,0000000,99,99,99,99,99,99,0,0,0,1,1
42,420478,1,1,0,0,0,3,3,3,0,24,6,2011,6,13,55,0,3,3,SR-4029,,1,40.55352500,-80.087200000,0,30,0,0,1,1,2,0,1,1,0,1,0,0000000,13,55,14,8,14,35,0,0,0,1,0
42,420479,1,1,0,0,0,2,2,11,0,12,6,2011,1,7,22,1,13,2,US-422,,93,40.33503056,-76.101177780,0,24,0,0,1,1,2,0,1,1,0,1,0,0000000,99,99,99,99,99,99,0,0,0,1,0
42,420480,1,1,0,0,0,1,1,129,0,25,6,2011,7,19,45,0,14,3,SR-136,,33,40.20393611,-79.759625000,0,24,0,0,1,1,2,0,1,1,0,1,0,0000000,19,45,20,1,20,36,0,0,0,1,0
42,420481,1,1,0,0,0,2,2,49,2640,28,6,2011,3,21,25,0,13,3,SR-4016,,87,42.10151111,-80.068741670,0,42,0,0,1,1,5,0,3,1,0,1,0,0000000,21,33,21,36,21,58,0,0,0,1,1
42,420482,1,1,0,0,0,1,1,11,2870,18,6,2011,7,0,3,0,15,3,SR-662,,136,40.44774167,-75.815866670,0,30,0,0,1,1,5,0,2,1,0,1,0,0000000,99,99,99,99,88,88,0,0,0,1,1
42,420483,1,1,0,0,0,1,1,79,9340,18,6,2011,7,2,22,0,16,6,WASHINGTON ST,,0,41.26180000,-75.850350000,0,30,0,0,1,1,4,0,3,1,0,1,0,0000000,2,29,2,30,2,52,0,0,0,1,1
42,420484,1,1,0,0,0,1,1,133,0,24,6,2011,6,23,21,0,15,3,SR-295,,31,40.11340833,-76.752661110,0,17,0,0,1,1,4,0,2,1,0,1,0,0000000,23,21,23,31,88,88,0,0,0,1,1
42,420485,1,1,0,0,0,5,5,3,6486,28,6,2011,3,3,45,0,16,4,UNIVERSAL RD,,0,40.48178333,-79.780566670,0,39,0,0,1,1,5,0,3,1,0,1,0,0000000,3,58,4,9,4,51,0,0,0,2,1
42,420486,1,1,0,1,1,1,1,79,4090,30,6,2011,5,11,50,0,16,6,THIRD AV,,0,41.25685833,-75.885488890,0,8,0,0,1,1,5,0,1,1,0,1,0,0000000,11,48,11,52,12,8,0,0,0,1,0
42,420487,1,1,0,1,1,8,8,49,2640,28,6,2011,3,15,22,0,16,6,WALLACE ST,,0,42.12957778,-80.071705560,0,9,0,0,1,1,1,0,1,1,0,1,0,0000000,15,23,15,30,16,8,16,0,0,1,0
42,420488,3,3,0,0,0,5,5,55,7325,9,7,2011,7,11,28,1,13,2,US-30,ELMWOOD AV,117,39.92167778,-77.775338890,0,12,2,0,2,3,1,0,1,1,0,1,0,0000000,99,99,99,99,99,99,0,0,0,1,0
42,420489,1,1,0,0,0,1,1,13,130,26,6,2011,1,15,8,0,16,6,PARK BL,,0,40.53597778,-78.397041670,0,19,0,0,8,1,5,0,1,1,0,1,0,0000000,99,99,99,99,99,99,0,0,0,1,0
42,420490,2,2,0,0,0,2,2,29,0,7,6,2011,3,12,24,0,13,2,US-30B,US-30-SR8026 RAMP,138,40.02014722,-75.670052780,0,12,6,1,2,3,1,0,1,1,0,1,0,0000000,12,22,12,28,13,5,0,0,0,1,0
42,420491,2,2,0,0,0,47,47,129,0,27,6,2011,2,7,21,1,1,1,I-70,,955,40.12871944,-79.293716670,0,12,1,0,1,1,1,2,1,1,0,1,0,0000000,99,99,99,99,99,99,3,0,0,1,0
42,420492,2,2,0,0,0,4,4,21,0,10,6,2011,6,13,58,1,2,2,US-22,,172,40.46454444,-78.644055560,0,12,1,0,1,1,1,0,1,1,0,1,0,0000000,99,99,99,99,99,99,0,0,0,1,0
42,420493,2,2,0,0,0,2,2,89,0,30,6,2011,5,16,0,1,11,1,I-380,,32,41.11572778,-75.399066670,0,12,1,0,1,1,1,0,1,1,0,1,0,0000000,99,99,99,99,88,88,0,0,0,1,0
42,420494,2,2,0,0,0,2,2,109,0,3,6,2011,6,11,20,1,2,2,US-11,,9,40.65130000,-76.927063890,0,12,6,0,8,1,1,0,1,1,0,1,0,0000000,99,99,99,99,88,88,0,0,0,1,0
42,420495,2,2,0,0,0,5,5,81,0,19,6,2011,1,16,4,0,3,3,SR-87,,116,41.38711667,-76.844388890,0,12,8,0,1,1,1,0,1,1,0,1,0,0000000,16,9,16,23,88,88,0,0,0,1,0
42,420496,2,2,0,0,0,2,2,133,0,1,6,2011,4,22,45,1,11,1,I-83,I-83-SR8033 RAMP,387,40.20547500,-76.873772220,0,12,6,1,5,1,1,1,2,1,0,1,0,0000000,99,99,99,99,88,88,0,0,0,1,2
42,420497,2,2,0,0,0,3,3,7,0,13,6,2011,2,17,34,1,11,1,I-76,,140,40.80648056,-80.305377780,0,12,1,0,1,1,1,0,1,1,0,1,0,0000000,17,48,17,59,19,9,0,0,0,1,0
42,420498,2,2,0,0,0,2,2,43,3430,3,6,2011,6,22,0,0,3,3,SR-147,ARMSTRONG ST,79,40.46989167,-76.932322220,0,12,6,0,2,2,1,0,3,1,0,1,0,0000000,22,0,22,9,22,22,0,0,0,1,0
42,420499,2,2,0,0,0,2,2,79,0,8,6,2011,4,22,36,0,3,3,SR-924,MAPLEWOOD DR,27,40.93570556,-76.046430560,0,12,6,0,2,3,1,0,3,1,0,1,0,0000000,22,33,22,39,88,88,0,0,0,1,1
42,420500,2,2,0,0,0,3,3,7,0,5,6,2011,1,15,16,0,13,3,SR-351,SR-1001,83,40.84451944,-80.312758330,0,12,8,0,3,4,1,0,1,1,0,1,0,0000000,99,99,99,99,88,88,0,0,0,1,0
42,420501,2,1,1,0,0,1,1,83,0,14,6,2011,3,20,26,0,4,3,SR-346,,58,41.96136111,-78.817969440,0,35,0,0,1,1,5,0,5,1,0,1,0,0000000,99,99,99,99,88,88,0,0,0,1,1
42,420502,1,1,0,0,0,4,4,49,0,11,7,2011,2,14,44,0,5,3,SR-3014,,159,41.93060278,-80.028705560,0,34,0,0,1,1,4,0,1,1,0,1,0,0000000,14,48,99,99,99,99,0,0,0,2,0
42,420503,1,1,0,0,0,1,1,9,0,20,7,2011,4,20,6,0,4,3,SR-869,,113,40.17721944,-78.541186110,0,18,0,0,1,1,4,0,1,1,0,1,0,0000000,99,99,99,99,88,88,0,0,0,1,1
42,420504,1,1,0,0,0,1,1,17,0,14,7,2011,5,14,15,1,11,1,I-276,,3530,40.12811944,-74.941477780,0,25,0,0,1,1,3,1,1,1,0,1,0,0000000,14,21,14,36,88,88,0,0,0,1,0
42,420505,2,2,0,0,0,2,2,43,3500,3,6,2011,6,22,59,0,14,3,SR-3007,GREENWOOD ST,17,40.25789444,-76.856269440,0,12,6,0,2,3,1,0,3,1,0,1,0,0000000,99,99,99,99,99,99,0,0,0,1,2
42,420506,1,1,0,0,0,1,1,51,0,29,7,2011,6,15,35,0,2,2,US-40,,18,40.00396944,-79.860438890,0,5,0,0,1,1,1,0,1,1,0,1,0,0000000,15,0,15,41,16,42,0,0,0,1,0
42,420507,1,1,0,0,0,1,1,129,0,9,7,2011,7,23,40,0,4,3,SR-3045,,25,40.25798611,-79.769258330,0,35,0,0,1,1,4,0,2,1,0,1,0,0000000,23,40,23,46,88,88,0,0,0,1,1
42,420508,1,1,0,0,0,2,2,49,2640,6,7,2011,4,22,5,1,11,1,I-79-SR8009 RAMP,,10,42.09423889,-80.122552780,0,1,0,1,5,1,1,0,3,1,0,1,0,0000000,99,99,99,99,99,99,0,0,0,1,0
42,420509,1,1,0,0,0,1,1,125,0,14,7,2011,5,23,53,0,4,3,SR-519,,127,40.25439722,-80.226422220,0,32,0,0,1,1,4,0,2,1,0,1,0,0000000,99,99,99,99,88,88,2,0,0,1,1
42,420510,2,2,0,0,0,2,2,39,0,16,6,2011,5,19,44,0,5,3,SR-1003,LESLIE RD,5,41.65587778,-80.118675000,0,12,6,0,2,2,1,0,1,1,0,1,0,0000000,19,45,19,51,20,3,0,0,0,1,0
42,420511,1,1,0,0,0,1,1,99,0,14,7,2011,5,15,50,0,4,3,SR-74,,63,40.35089167,-77.285402780,0,11,0,0,1,1,1,0,1,1,0,1,0,0000000,15,52,16,6,16,18,0,0,0,1,0
42,420512,1,1,0,0,0,1,1,9,0,24,7,2011,1,2,25,0,6,3,SR-4022,,32,40.05724722,-78.583766670,0,1,0,0,1,1,4,0,2,1,0,1,0,0000000,2,23,2,39,88,88,0,0,0,1,1
42,420513,1,1,0,0,0,1,1,75,0,9,7,2011,7,22,58,1,1,1,I-81,,937,40.49201944,-76.523563890,0,24,0,0,1,1,3,0,2,1,0,1,0,0000000,22,58,23,9,88,88,0,0,0,1,1
42,420514,1,1,0,0,0,1,1,129,0,29,7,2011,6,21,14,0,3,3,SR-711,,229,40.34351667,-79.131711110,0,11,0,0,1,1,1,0,2,1,0,1,0,0000000,99,99,99,99,99,99,0,0,0,1,1
42,420515,2,2,0,0,0,5,5,3,0,14,6,2011,3,15,34,0,3,3,SR-1028,,100,40.66314444,-79.768250000,0,12,2,0,1,1,1,0,1,1,0,1,0,0000000,99,99,99,99,99,99,0,0,0,1,0
42,420516,2,2,0,0,0,2,2,131,0,15,6,2011,4,8,27,1,2,2,US-6,SR-1001,198,41.55266944,-75.911769440,0,12,6,0,2,4,1,0,1,1,0,1,0,0000000,8,27,8,34,9,15,0,0,0,1,0
42,420517,2,2,0,0,0,5,5,3,6600,5,6,2011,1,1,37,1,12,3,SR-28,,15,40.46396944,-79.980447220,0,12,6,0,1,1,1,0,3,1,0,1,0,0000000,1,31,1,36,1,57,0,0,0,1,1
42,420518,2,2,0,0,0,2,2,79,0,26,6,2011,1,12,20,0,14,3,SR-309,EDGE ROCK DR,95,41.03303611,-75.953013890,0,12,6,0,2,3,1,0,1,98,0,98,0,0000000,12,20,12,26,12,45,0,0,0,1,0
42,420519,2,2,0,0,0,2,2,29,0,2,6,2011,5,7,33,0,4,3,SR-340,,8,40.02292500,-75.929069440,0,12,6,0,8,1,1,0,1,1,0,1,0,0000000,7,34,7,45,88,88,0,0,0,1,0
42,420520,1,1,0,0,0,1,1,25,0,10,7,2011,1,5,36,0,4,3,SR-4006,,24,40.92930556,-75.899005560,0,34,0,0,1,1,5,0,1,1,0,1,0,0000000,99,99,99,99,99,99,0,0,0,1,0
42,420521,2,2,0,0,0,2,2,17,0,25,6,2011,7,13,52,0,14,3,SR-2049,,16,40.13146944,-74.887525000,0,12,6,0,8,1,1,0,1,1,0,1,0,0000000,13,53,13,57,14,13,0,0,0,1,1
42,420522,2,2,0,0,0,2,2,129,0,27,6,2011,2,15,59,0,3,3,SR-711,,170,40.27512500,-79.176933330,0,12,6,0,1,1,5,0,1,1,0,1,0,0000000,99,99,99,99,99,99,3,0,0,1,0
42,420523,1,1,0,0,0,2,2,21,0,17,7,2011,1,2,0,0,6,5,WATT RD,,0,40.56595833,-78.593425000,0,35,0,0,1,1,5,0,2,1,0,1,0,0000000,2,1,2,10,99,99,4,0,0,1,1