STATE,ST_CASE,VE_TOTAL,VE_FORMS,PVH_INVL,PEDS,PERNOTMVIT,PERMVIT,PERSONS,COUNTY,CITY,DAY,MONTH,YEAR,DAY_WEEK,HOUR,MINUTE,NHS,ROAD_FNC,ROUTE,TWAY_ID,TWAY_ID2,MILEPT,LATITUDE,LONGITUD,SP_JUR,HARM_EV,MAN_COLL,RELJCT1,RELJCT2,TYP_INT,REL_ROAD,WRK_ZONE,LGT_COND,WEATHER1,WEATHER2,WEATHER,SCH_BUS,RAIL,NOT_HOUR,NOT_MIN,ARR_HOUR,ARR_MIN,HOSP_HR,HOSP_MN,CF1,CF2,CF3,FATALS,DRUNK_DR
42,420524,2,2,0,0,0,7,7,33,0,5,6,2011,1,16,50,0,6,5,TWENTYFIRST ST,,0,41.00956944,-78.403725000,0,12,2,0,1,1,1,0,1,1,0,1,0,0000000,99,99,99,99,99,99,0,0,0,1,0
42,420525,1,1,0,0,0,1,1,5,1930,3,7,2011,1,15,41,0,4,3,SR-58,,6,41.14027778,-79.680238890,0,23,0,0,1,1,4,0,1,1,0,1,0,0000000,99,99,99,99,88,88,0,0,0,1,0
42,420526,1,1,0,1,1,1,1,129,0,29,7,2011,6,11,20,0,6,5,MOUNT PLEASANT RD,TOWNE SQ,0,40.28885556,-79.530350000,0,9,0,0,2,2,1,0,1,1,0,1,0,0000000,99,99,99,99,88,88,0,0,0,1,0
42,420527,2,2,0,0,0,2,2,41,0,11,6,2011,7,16,6,0,4,3,SR-74,SPUR RD,146,40.26148056,-77.257502780,0,12,6,0,2,4,1,0,1,1,0,1,0,0000000,99,99,99,99,99,99,0,0,0,1,0
42,420528,2,2,0,0,0,4,4,101,6540,1,6,2011,4,18,43,1,13,3,SR-611,CAYUGA ST,59,40.02010833,-75.148841670,0,12,6,0,2,2,1,0,1,1,0,1,0,0000000,18,42,18,48,19,17,0,0,0,1,0
42,420529,2,2,0,0,0,2,2,73,0,15,7,2011,6,17,2,0,4,3,SR-551,CLARK ROAD,24,40.89562500,-80.464733330,0,12,6,0,2,3,1,0,1,1,0,1,0,0000000,17,1,17,16,17,57,0,0,0,1,0
42,420530,1,1,0,1,1,2,2,9,0,31,7,2011,1,16,8,0,4,3,SR-96,,175,39.94591111,-78.646433330,0,9,0,0,1,1,1,0,1,1,0,1,0,0000000,99,99,99,99,99,99,0,0,0,1,0
42,420531,2,2,0,0,0,3,3,7,0,21,7,2011,5,0,7,1,11,1,I-376,,363,40.69678333,-80.360702780,0,12,7,1,18,1,1,1,3,1,0,1,0,0000000,99,99,99,99,99,99,0,0,0,1,1
42,420532,2,2,0,0,0,4,4,3,0,16,7,2011,7,18,42,0,13,3,SR-50,,54,40.36733889,-80.104680560,0,12,6,0,8,1,1,0,1,1,0,1,0,0000000,18,42,18,43,19,21,0,0,0,1,0
42,420533,2,2,0,0,0,2,2,65,0,24,7,2011,1,21,57,0,3,3,SR-36,SR-536,124,40.97014167,-79.012805560,0,12,6,0,2,3,1,0,2,1,0,1,0,0000000,99,99,99,99,99,99,0,0,0,1,1
42,420534,1,1,0,0,0,1,1,9,0,20,7,2011,4,19,44,1,2,3,SR-56,,59,40.18221111,-78.614147220,0,43,0,0,1,1,4,0,1,1,0,1,0,0000000,99,99,99,99,88,88,0,0,0,1,1
42,420535,2,2,0,0,0,2,2,107,0,14,7,2011,5,16,11,0,3,2,US-209,KEYSTONE ST,33,40.59580556,-76.520386110,0,12,6,0,2,3,1,0,1,1,0,1,0,0000000,99,99,99,99,99,99,0,0,0,1,0
42,420536,1,1,0,0,0,1,1,89,0,28,7,2011,5,2,35,0,6,5,BURGER HOLLOW RD,,0,40.91882500,-75.466919440,0,30,0,0,1,1,4,0,2,1,0,1,0,0000000,99,99,99,99,99,99,0,0,0,1,1
42,420537,2,2,0,0,0,2,2,81,0,19,7,2011,3,12,40,0,3,3,SR-87,,3,41.26932500,-76.913338890,0,12,6,0,8,1,1,0,1,1,0,1,0,0000000,12,41,12,46,13,58,0,0,0,1,0
42,420538,1,1,0,0,0,1,1,131,0,29,7,2011,6,14,25,0,6,5,GRIST FLAT RD,,0,41.56037778,-76.044594440,0,41,0,0,1,1,4,0,1,1,0,1,0,0000000,14,27,14,36,88,88,4,18,0,1,1
42,420539,1,1,0,0,0,2,2,121,0,10,7,2011,1,20,32,1,1,1,I-80,,349,41.18984167,-79.867580560,0,35,0,0,1,1,3,0,1,1,0,1,0,0000000,16,7,16,21,99,99,0,0,0,1,0
42,420540,2,1,1,0,0,2,2,91,0,5,7,2011,3,1,41,0,14,3,SR-2009,,48,40.17255278,-75.097227780,0,14,0,0,1,1,5,0,3,1,0,1,0,0000000,1,45,1,49,88,88,0,0,0,2,0
42,420541,1,1,0,0,0,1,1,79,0,18,7,2011,2,5,35,0,3,3,SR-115,,23,41.15202500,-75.657852780,0,59,0,0,1,1,4,0,4,1,0,1,0,0000000,5,35,5,56,88,88,0,0,0,1,0
42,420542,2,2,0,0,0,2,2,117,0,15,7,2011,6,11,0,1,2,2,US-6,STRAIGHT RUN RD,122,41.77335833,-77.396325000,0,12,6,0,2,3,1,0,1,1,0,1,0,0000000,11,1,11,13,88,88,0,0,0,1,0
42,420543,1,1,0,0,0,3,3,121,0,11,7,2011,2,3,33,0,15,3,SR-1001,,35,41.46377222,-79.666961110,0,30,0,0,1,1,4,0,2,1,0,1,0,0000000,99,99,99,99,88,88,0,0,0,3,0
42,420544,1,1,0,0,0,1,1,75,0,25,7,2011,2,11,16,1,1,1,I-81,,928,40.48120278,-76.530027780,0,24,0,0,1,1,3,0,1,2,0,2,0,0000000,11,20,11,14,88,88,0,0,0,1,0
42,420545,1,1,0,1,1,1,1,133,0,18,7,2011,2,17,38,0,6,5,VALLEY GREEN DRIVE,,0,40.13925278,-76.782866670,0,15,0,0,8,1,1,0,1,1,0,1,0,0000000,17,39,17,42,88,88,0,0,0,1,0
42,420546,2,2,0,0,0,3,3,51,0,18,7,2011,2,22,4,0,14,3,SR-1073,,4,40.03111111,-79.581552780,0,12,2,0,1,1,1,0,2,2,0,2,0,0000000,99,99,99,99,99,99,0,0,0,2,1
42,420547,1,1,0,1,1,1,1,29,8714,19,7,2011,3,2,10,1,11,1,I-76,,3134,40.06513333,-75.641250000,0,8,0,0,1,1,1,0,2,1,0,1,0,0000000,2,14,2,23,88,88,0,0,0,1,0
42,420548,3,3,0,0,0,3,3,71,0,20,7,2011,4,6,10,0,3,3,SR-501,MILLPORT RD,46,40.12643056,-76.305088890,0,12,6,0,2,2,1,0,1,1,0,1,0,0000000,6,12,6,18,88,88,14,0,0,1,0
42,420549,2,2,0,0,0,3,3,19,0,1,7,2011,6,19,40,0,3,3,SR-38,,239,41.16772222,-79.775133330,0,12,6,0,1,1,1,0,1,1,0,1,0,0000000,99,99,99,99,88,88,0,0,0,1,1
42,420550,3,3,0,0,0,7,7,75,4340,11,7,2011,2,17,40,0,16,6,MAPLE ST,,0,40.35200556,-76.438750000,0,12,2,0,1,1,1,0,1,1,0,1,0,0000000,17,40,17,44,88,88,0,0,0,1,0
42,420551,1,1,0,0,0,1,1,11,0,5,7,2011,3,1,18,0,6,5,KOHLER HILL RD,,0,40.54495000,-75.947413890,0,19,0,0,1,1,4,0,2,1,0,1,0,0000000,99,99,99,99,88,88,0,0,0,1,1
42,420552,2,2,0,0,0,3,3,33,3890,1,7,2011,6,18,45,0,3,3,SR-53,,35,40.76936389,-78.546377780,0,12,2,0,1,1,1,0,1,1,0,1,0,0000000,99,99,99,99,99,99,0,0,0,1,1
42,420553,1,1,0,0,0,1,1,127,0,22,7,2011,6,15,45,0,4,3,SR-1016,,33,41.76243611,-75.127416670,0,42,0,0,1,1,5,0,1,1,0,1,0,0000000,15,38,15,56,16,36,0,0,0,1,0
42,420554,1,1,0,0,0,1,1,133,0,24,7,2011,1,18,48,0,6,5,HILLCLIMB RD,,0,39.80021111,-76.854041670,0,43,0,0,1,1,4,0,1,1,0,1,0,0000000,18,47,18,56,19,54,0,0,0,1,1
42,420555,2,2,0,0,0,4,4,29,0,10,7,2011,1,14,26,1,13,2,US-1,,271,39.87265278,-75.610397220,0,1,0,0,1,1,1,0,1,1,0,1,0,0000000,14,25,14,32,15,12,0,0,0,1,1
42,420556,2,2,0,0,0,2,2,133,0,27,7,2011,4,11,20,0,14,3,SR-3042,SR-3044,63,39.90541111,-76.782911110,0,12,6,0,2,4,1,0,1,1,0,1,0,0000000,11,22,11,34,11,54,0,0,0,1,0
42,420557,1,1,0,0,0,2,2,43,0,6,7,2011,4,12,22,1,1,1,I-81,,799,40.37712778,-76.671302780,0,5,0,0,1,1,1,0,1,1,0,1,0,0000000,99,99,99,99,88,88,0,0,0,1,0
42,420558,1,1,0,0,0,1,1,107,0,10,7,2011,1,21,5,0,4,3,SR-895,,62,40.55090556,-76.278544440,0,35,0,0,1,1,4,0,2,1,0,1,0,0000000,99,99,99,99,88,88,0,0,0,1,1
42,420559,2,2,0,0,0,2,2,27,6550,8,7,2011,6,10,53,1,13,2,US-322,PINE ST,10,40.90293889,-78.211600000,0,12,6,0,2,2,1,0,1,1,0,1,0,0000000,10,55,11,8,99,99,0,0,0,1,0
42,420560,1,1,0,0,0,1,1,1,0,15,7,2011,6,1,0,0,14,3,SR-116,,148,39.81997500,-77.180811110,0,32,0,0,1,1,4,0,2,1,0,1,0,0000000,1,7,1,15,88,88,0,0,0,1,1
42,420561,2,2,0,0,0,4,4,77,0,18,7,2011,2,20,57,0,14,3,SR-329,,18,40.68177222,-75.579527780,0,12,2,0,1,1,1,0,2,1,0,1,0,0000000,99,99,99,99,99,99,0,0,0,1,1
42,420562,1,1,0,0,0,1,1,35,0,31,7,2011,1,12,20,0,3,3,SR-144,,229,41.38158611,-77.834897220,0,24,0,0,1,1,2,0,1,1,0,1,0,0000000,12,25,12,26,88,88,0,0,0,1,0
42,420563,1,1,0,1,1,1,1,71,1970,21,7,2011,5,9,31,0,16,6,LOCUST STREET,,0,40.23706389,-76.135280560,0,8,0,0,1,1,1,0,1,1,0,1,0,0000000,9,31,9,57,10,19,0,0,0,1,0
42,420564,1,1,0,0,0,1,1,99,0,20,7,2011,4,20,15,0,6,5,LINTON HILL RD,,0,40.43096667,-77.019536110,0,10,0,0,6,1,1,0,2,1,0,1,0,506578t,99,99,99,99,88,88,0,0,0,1,1
42,420565,2,2,0,0,0,2,2,95,0,31,7,2011,1,8,1,1,13,3,SR-33,,97,40.76816389,-75.276655560,0,12,7,0,1,1,1,0,1,1,0,1,0,0000000,99,99,99,99,88,88,0,0,0,1,0
42,420566,1,1,0,0,0,1,1,133,0,23,7,2011,7,23,40,0,15,3,SR-616,,105,39.88376389,-76.783619440,0,1,0,0,1,1,2,0,2,1,0,1,0,0000000,99,99,99,99,88,88,0,0,0,1,1
42,420567,2,2,0,0,0,3,3,95,0,26,7,2011,3,3,57,1,11,1,I-78,,675,40.59813056,-75.320038890,0,12,6,0,1,1,1,0,2,1,0,1,0,0000000,99,99,99,99,99,99,0,0,0,1,1
42,420568,1,1,0,0,0,1,1,69,8430,29,7,2011,6,17,20,1,12,2,US-6,,100,41.43181111,-75.576466670,0,35,0,0,1,1,4,0,1,2,0,2,0,0000000,17,18,17,22,88,88,0,0,0,1,0
42,420569,2,2,0,0,0,2,2,89,0,15,7,2011,6,20,0,0,4,3,SR-534,BARRY-S RD,22,40.95141111,-75.506694440,0,12,6,0,2,2,1,0,5,1,0,1,0,0000000,99,99,99,99,99,99,0,0,0,1,0
42,420570,1,1,0,0,0,1,1,121,0,21,7,2011,5,20,52,0,4,3,SR-3013,,88,41.34169722,-79.881177780,0,1,0,0,1,1,2,0,5,1,0,1,0,0000000,99,99,99,99,88,88,4,0,0,1,1
42,420571,1,1,0,0,0,1,1,3,0,17,7,2011,1,23,37,1,11,1,I-279,,95,40.53819167,-80.078388890,0,35,0,0,1,1,3,0,2,1,0,1,0,0000000,23,32,23,43,88,88,0,0,0,1,1
42,420572,1,1,0,0,0,1,1,45,0,10,7,2011,1,15,55,1,11,1,I-95,,25,39.83821667,-75.411197220,0,24,0,0,1,1,2,0,1,1,0,1,0,0000000,15,57,16,4,88,88,0,0,0,1,0
42,420573,1,1,0,0,0,1,1,125,0,5,7,2011,3,18,1,1,11,1,I-70,I-70-SR9401 RAMP,190,40.17822500,-80.223016670,0,35,0,1,19,1,3,0,1,1,0,1,0,0000000,18,2,18,5,18,21,0,0,0,1,0
42,420574,2,2,0,0,0,2,2,41,0,14,7,2011,5,8,46,1,11,1,I-81,,537,40.24336389,-77.092647220,0,12,1,0,1,1,1,0,1,1,0,1,0,0000000,99,99,99,99,99,99,0,0,0,1,0
42,420575,1,1,0,0,0,1,1,17,0,12,7,2011,3,21,35,0,15,3,SR-2010,,27,40.18957778,-74.927616670,0,1,0,0,1,1,1,0,2,1,0,1,0,0000000,21,37,21,40,88,88,0,0,0,1,1
42,420576,2,2,0,0,0,2,2,89,0,12,7,2011,3,11,29,0,4,3,SR-3017,FLYTE RD,43,40.90261389,-75.336436110,0,12,2,0,2,2,1,0,1,1,0,1,0,0000000,99,99,99,99,99,99,0,0,0,1,0
42,420577,1,1,0,0,0,3,3,125,0,14,7,2011,5,14,39,0,6,5,N KINGS CREEK RD,,0,40.43040278,-80.465100000,0,42,0,0,1,1,4,0,1,1,0,1,0,0000000,99,99,99,99,99,99,22,0,0,2,0
42,420578,1,1,0,0,0,1,1,17,0,11,7,2011,2,1,14,1,11,1,I-95-SR8005 RAMP,I-95,389,40.10520278,-74.899388890,0,59,0,1,5,1,3,0,3,1,0,1,0,0000000,99,99,99,99,88,88,0,0,0,1,1
42,420579,2,2,0,0,0,3,3,55,0,1,7,2011,6,22,45,0,3,3,SR-696,,55,40.02974167,-77.524825000,0,12,2,0,1,1,1,0,2,1,0,1,0,0000000,22,53,23,3,99,99,0,0,0,1,0
42,420580,2,2,0,0,0,2,2,21,0,23,7,2011,7,0,29,1,13,3,SR-756,SR-8003,46,40.28070833,-78.848502780,0,12,6,1,2,2,1,0,3,1,0,1,0,0000000,99,99,99,99,99,99,0,0,0,1,1
42,420581,1,1,0,0,0,1,1,57,0,10,7,2011,1,9,0,0,3,3,SR-1004,,5,39.93929444,-78.018938890,0,43,0,0,1,1,5,0,1,1,0,1,0,0000000,18,44,18,48,19,13,0,0,0,1,0
42,420582,2,2,0,0,0,3,3,115,0,29,7,2011,6,18,45,0,4,3,SR-29,SR-4002,221,41.93886389,-75.842383330,0,12,6,0,3,2,1,0,1,1,0,1,0,0000000,18,53,19,3,19,48,0,0,0,1,0
42,420583,1,1,0,0,0,1,1,129,0,17,7,2011,1,2,32,0,6,5,SCOTCH HILL 2 RD,,0,40.35148333,-79.719825000,0,1,0,0,1,1,1,0,2,1,0,1,0,0000000,99,99,99,99,99,99,4,0,0,1,1
42,420584,2,2,0,0,0,6,6,71,0,13,7,2011,4,15,57,1,2,2,US-322,,245,40.10891389,-75.962600000,0,12,2,0,1,1,1,0,1,1,0,1,0,0000000,15,56,16,10,99,99,0,0,0,1,1
42,420585,1,1,0,0,0,4,4,29,0,3,7,2011,1,0,55,0,14,3,SR-82,SR-322,191,40.06352222,-75.814750000,0,44,0,0,2,2,1,0,2,1,0,1,0,0000000,1,0,1,8,88,88,0,0,0,4,0
42,420586,1,1,0,0,0,1,1,17,0,26,7,2011,3,15,45,0,5,3,SR-1013,,51,40.45391389,-75.103505560,0,30,0,0,1,1,5,0,1,1,0,1,0,0000000,15,47,16,3,16,42,0,0,0,1,0
42,420587,2,1,1,1,2,2,3,79,0,3,7,2011,1,23,30,1,11,1,I-81,I-81-SR 8049-RAMP RD,1415,40.92725833,-76.012375000,0,8,0,1,5,1,2,0,3,1,0,1,0,0000000,23,39,23,49,0,9,14,23,0,1,1
42,420588,2,2,0,0,0,3,3,43,3500,9,4,2011,7,11,32,0,14,3,SR-3010,TWENTIETH ST,9,40.25474444,-76.852436110,0,12,2,0,2,2,1,0,1,1,0,1,0,0000000,99,99,99,99,99,99,0,0,0,1,0
42,420589,1,1,0,0,0,1,1,3,0,3,7,2011,1,18,32,0,15,3,SR-4024,,35,40.55763333,-79.983247220,0,1,0,0,1,1,1,0,1,1,0,1,0,0000000,18,33,18,42,19,15,0,0,0,1,1
42,420590,1,1,0,0,0,1,1,5,0,16,7,2011,7,9,45,0,6,5,HAWK HOLLOW RD,,0,40.78908611,-79.501275000,0,2,0,0,1,1,1,0,1,1,0,1,0,0000000,9,55,10,9,88,88,0,0,0,1,0
42,420591,1,1,0,0,0,1,1,3,3950,3,7,2011,1,2,11,0,14,3,SR-2030,,18,40.31634722,-79.904313890,0,24,0,0,1,1,2,0,3,1,0,1,0,0000000,2,50,2,55,88,88,20,2,0,1,1
42,420592,2,2,0,0,0,5,5,49,0,30,7,2011,7,23,14,0,3,2,US-19,NEW RD,108,42.01991111,-80.051433330,0,12,1,0,3,3,1,0,3,1,0,1,0,0000000,99,99,99,99,99,99,0,0,0,1,0
42,420593,2,2,0,0,0,2,2,1,670,2,7,2011,7,11,17,0,4,3,SR-234,,125,39.93053611,-77.245816670,0,12,6,0,8,1,1,0,1,1,0,1,0,0000000,11,10,11,21,12,3,0,0,0,1,0
42,420594,1,1,0,0,0,2,2,79,0,18,7,2011,2,2,6,0,6,6,LAKE RD,,0,41.13904167,-75.855230560,0,17,0,0,1,1,5,0,2,1,0,1,0,0000000,99,99,99,99,88,88,0,0,0,1,0
42,420595,2,2,0,0,0,2,2,63,0,28,7,2011,5,20,11,0,3,3,SR-286,CHURCHHILL RD,402,40.75138056,-78.886713890,0,54,11,0,2,3,1,0,5,1,0,1,0,0000000,20,5,20,8,88,88,14,0,0,1,0
42,420596,1,1,0,0,0,1,1,11,0,31,7,2011,1,18,49,0,14,3,SR-10,,121,40.29054444,-75.923522220,0,52,0,0,1,1,2,0,1,1,0,1,0,0000000,99,99,99,99,99,99,0,0,0,1,1
42,420597,1,1,0,0,0,1,1,133,0,30,7,2011,7,13,50,0,6,5,SWIFTWATER DR,,0,88.88880000,888.888800000,0,1,0,0,1,1,1,0,1,1,0,1,0,0000000,14,23,14,42,14,49,0,0,0,1,0
42,420598,1,1,0,0,0,3,3,45,0,18,7,2011,2,9,28,0,6,5,HEMPSTEAD LN,,0,39.89775278,-75.364869440,0,5,0,0,1,1,1,0,1,1,0,1,0,0000000,9,30,9,36,10,11,0,0,0,1,0
42,420599,1,1,0,0,0,1,1,129,7880,6,7,2011,4,23,29,0,14,3,SR-819,SR-2014,157,40.27349167,-79.545575000,0,33,0,0,3,2,4,0,3,1,0,1,0,0000000,23,30,23,38,88,88,0,0,0,1,1
42,420600,2,2,0,0,0,3,3,27,0,17,7,2011,1,10,50,0,4,3,SR-45,TUSSEYVILLE RD,167,40.82115278,-77.694377780,0,12,6,0,2,3,1,0,1,1,0,1,0,0000000,10,51,10,56,99,99,0,0,0,1,0
42,420601,1,1,0,0,0,1,1,75,0,16,7,2011,7,21,37,0,5,3,SR-4008,,34,40.33793333,-76.564569440,0,42,0,0,1,1,5,0,2,1,0,1,0,0000000,99,99,99,99,88,88,0,0,0,1,0
42,420602,1,1,0,0,0,2,2,133,0,10,7,2011,1,4,19,0,6,4,IMPOUNDING DAM RD,,0,39.74391944,-76.975547220,0,35,0,0,1,1,4,0,2,1,0,1,0,0000000,4,24,4,32,99,96,0,0,0,1,1
42,420603,2,2,0,0,0,2,2,85,0,22,7,2011,6,11,23,0,4,3,SR-1012,,37,41.38863611,-80.010561110,0,12,2,0,1,1,1,0,1,1,0,1,0,0000000,11,23,11,37,88,88,0,0,0,1,0
42,420604,2,2,0,0,0,2,2,61,0,16,7,2011,7,8,39,1,2,2,US-22,OLD ROUTE 22 RD,66,40.53840000,-78.087100000,0,12,6,0,2,2,1,0,1,1,0,1,0,0000000,8,32,8,41,99,99,0,0,0,1,0
42,420605,1,1,0,0,0,1,1,3,1330,25,7,2011,2,16,5,0,6,4,CHURCHHILL RD,,0,40.43765556,-79.838219440,0,30,0,0,1,1,5,0,1,1,0,1,0,0000000,16,5,16,11,88,88,0,0,0,1,0
42,420606,1,1,0,0,0,1,1,101,6540,30,7,2011,7,22,30,0,16,6,FIFTH STREET,,0,39.97448333,-75.144063890,0,30,0,0,1,1,2,0,3,1,0,1,0,0000000,21,58,22,4,22,16,0,0,0,1,0
42,420607,1,1,0,0,0,1,1,79,0,18,7,2011,2,2,13,0,6,5,FRANKLIN ST,,0,41.32434444,-75.939280560,0,1,0,0,1,1,1,0,3,1,0,1,0,0000000,2,20,2,24,2,45,0,0,0,1,1
42,420608,2,2,0,0,0,3,3,29,0,10,7,2011,1,15,45,0,14,3,SR-82,SR-4009,187,40.05936389,-75.815575000,0,12,6,0,2,2,1,0,1,1,0,1,0,0000000,15,48,15,57,16,46,0,0,0,1,0
42,420609,2,2,0,0,0,3,3,47,0,14,7,2011,5,14,45,0,16,6,THERESIA RD,JOHN RD,0,41.41618333,-78.561913890,0,12,8,0,2,4,1,0,1,1,0,1,0,0000000,99,99,99,99,99,99,4,0,0,1,0
42,420610,1,1,0,0,0,1,1,29,6560,29,7,2011,6,18,26,0,16,6,PROSPECT ST,,0,40.13306111,-75.520255560,0,33,0,0,1,1,4,0,1,1,0,1,0,0000000,18,24,18,33,19,1,0,0,0,1,1
42,420611,1,1,0,0,0,1,1,83,0,13,7,2011,4,20,0,0,15,3,SR-346,,178,41.97084167,-78.593466670,0,1,0,0,1,1,5,0,1,1,0,1,0,0000000,99,99,99,99,99,99,0,0,0,1,0
42,420612,2,2,0,0,0,6,6,11,4160,7,7,2011,5,15,50,0,14,3,SR-1021,FAIRVIEW DR,108,40.52194444,-75.781188890,0,12,6,0,2,3,1,0,1,1,0,1,0,0000000,99,99,99,99,99,99,0,0,0,1,0
42,420613,2,2,0,0,0,2,2,71,0,15,7,2011,6,18,50,0,14,3,SR-1014,,6,40.09616111,-76.293980560,0,54,11,0,1,1,1,0,1,1,0,1,0,0000000,18,51,18,58,88,88,14,0,0,1,0
42,420614,1,1,0,0,0,2,2,101,6540,22,7,2011,6,1,55,1,13,2,US-1,,86,40.02677778,-75.114030560,0,33,0,0,1,1,4,0,3,1,0,1,0,0000000,1,54,1,58,88,88,0,0,0,1,0
42,420615,1,1,0,2,2,1,1,85,0,29,7,2011,6,9,36,0,4,3,SR-846,,92,41.37787778,-80.445591670,0,8,0,0,1,1,5,0,1,2,0,2,0,0000000,9,37,9,46,99,99,0,0,0,1,0
42,420616,2,2,0,0,0,3,3,3,5413,18,8,2011,5,17,22,0,16,4,CENTER ROAD,LOGANS FERRY ROAD,0,40.44915556,-79.762250000,0,12,6,0,2,2,1,0,1,1,0,1,0,0000000,17,24,17,26,17,52,0,0,0,1,0
42,420617,1,1,0,1,1,1,1,79,9340,16,7,2011,7,10,12,0,13,3,SR-2004,RIVER ST,9,41.24156944,-75.895988890,0,8,0,0,3,2,1,0,1,1,0,1,0,0000000,10,13,10,17,10,36,0,0,0,1,0
42,420618,1,1,0,1,1,1,1,101,6540,6,7,2011,4,23,57,1,13,3,SR-2007,,53,40.02334167,-75.076711110,0,8,0,0,1,1,1,0,3,1,0,1,0,0000000,23,56,0,1,0,33,0,0,0,1,0
42,420619,2,2,0,0,0,2,2,27,0,1,7,2011,6,17,57,0,14,3,SR-45,,131,40.79121944,-77.748536110,0,12,2,0,1,1,1,0,1,1,0,1,0,0000000,17,57,18,7,99,99,0,0,0,1,0
42,420620,1,1,0,1,1,1,1,101,6540,23,7,2011,7,4,48,0,14,3,SR-3012,MAY ST,2,39.97069167,-75.214697220,0,8,0,0,2,3,1,0,3,1,0,1,0,0000000,4,48,4,54,5,10,0,0,0,1,0
42,420621,2,2,0,0,0,3,3,133,0,31,7,2011,1,20,13,0,14,3,SR-4003,RUPPERT RD,8,39.95660556,-76.834530560,0,12,6,0,2,3,1,0,2,1,0,1,0,0000000,20,14,20,20,20,48,0,0,0,1,1
42,420622,1,1,0,0,0,2,2,71,0,14,7,2011,5,0,8,0,6,5,KRAYBILL CHURCH RD,,0,40.09844444,-76.544733330,0,59,0,0,1,1,5,0,2,1,0,1,0,0000000,0,11,0,17,0,49,0,0,0,1,1
42,420623,2,2,0,0,0,3,3,91,3740,27,7,2011,4,7,9,0,14,3,SR-463,MAPLE AV,117,40.18567778,-75.141780560,0,12,6,0,2,2,1,0,1,1,0,1,0,0000000,7,10,7,14,7,31,0,0,0,1,0
42,420624,2,2,0,0,0,6,6,99,0,2,8,2011,3,10,35,1,2,2,US-11,US-11-SR8037 RAMP,114,40.42996111,-77.003152780,0,12,6,1,5,1,1,0,1,1,0,1,0,0000000,10,35,10,53,99,99,0,0,0,1,0
42,420625,2,2,0,0,0,4,4,17,0,31,7,2011,1,2,17,0,13,3,SR-2006,,30,40.15106389,-74.860025000,0,12,1,0,1,1,1,0,3,1,0,1,0,0000000,2,20,2,22,2,48,0,0,0,1,1
42,420626,2,2,0,0,0,3,3,29,5855,30,7,2011,7,16,22,0,13,3,SR-3013,SR-8021,8,39.79759722,-75.725247220,0,12,6,1,2,3,1,0,1,1,0,1,0,0000000,16,22,16,29,17,3,0,0,0,1,1
42,420627,2,2,0,0,0,3,3,81,0,20,8,2011,7,13,0,1,13,2,US-220,SR-3007,64,41.21566111,-77.180833330,0,12,6,0,2,2,1,0,1,1,0,1,0,0000000,13,1,13,9,13,54,0,0,0,1,0
42,420628,2,2,0,0,0,3,3,11,0,28,7,2011,5,8,10,0,4,3,SR-562,SR-2025,62,40.32338333,-75.772250000,0,12,6,0,2,2,1,0,1,1,0,1,0,0000000,99,99,99,99,99,99,0,0,0,1,0
42,420629,2,2,0,0,0,4,4,9,0,6,8,2011,7,9,8,1,2,2,US-30,,338,39.99990556,-78.222816670,0,12,6,0,1,1,1,0,1,2,0,2,0,0000000,9,8,9,26,10,10,0,0,0,1,0
42,420630,2,2,0,0,0,2,2,17,0,11,7,2011,2,20,47,0,16,5,AIRPORT RD,RUNWAY RD,0,40.12273889,-74.847519440,0,12,6,0,2,3,1,0,5,1,0,1,0,0000000,99,99,99,99,88,88,0,0,0,1,0
42,420631,2,2,0,0,0,3,3,7,0,17,7,2011,1,3,18,0,15,3,SR-989,RIDGE RD,24,40.60544167,-80.209294440,0,12,8,0,2,3,1,0,3,1,0,1,0,0000000,3,17,3,20,3,45,0,0,0,1,2
42,420632,2,2,0,0,0,3,3,17,0,2,8,2011,3,17,57,1,11,1,I-95,,509,40.25624722,-74.851344440,0,12,1,0,1,1,1,0,1,1,0,1,0,0000000,17,57,18,9,99,99,0,0,0,1,0
42,420633,2,2,0,0,0,2,2,101,6540,2,7,2011,7,6,44,0,16,6,CHESTER AV,FIFTYSEVENTH ST,0,39.93668056,-75.227158330,0,12,6,0,2,2,1,0,1,1,0,1,0,0000000,6,42,6,52,7,26,0,0,0,1,0
42,420634,2,2,0,0,0,3,3,11,0,8,8,2011,2,20,15,0,6,5,IRISH CREEK RD,,0,40.48353611,-76.017133330,0,12,6,0,8,1,1,0,1,1,0,1,0,0000000,99,99,99,99,99,99,0,0,0,1,0
42,420635,2,2,0,0,0,4,4,39,1600,14,8,2011,1,2,53,0,3,3,SR-18,WASHINGTON ST,169,41.76186944,-80.373486110,0,12,7,0,3,4,1,0,3,1,0,1,0,0000000,2,47,3,6,3,35,0,0,0,1,2
42,420636,2,2,0,0,0,2,2,17,999,26,8,2011,6,5,19,1,13,2,US-202,CRANBERRY RD,103,40.32348056,-75.073647220,0,12,6,0,2,3,1,0,2,5,0,5,0,0000000,5,19,5,28,88,88,0,0,0,1,0
42,420637,2,2,0,0,0,3,3,103,0,16,8,2011,3,9,0,1,1,1,I-84,,438,41.34024167,-74.880983330,0,24,0,0,1,1,2,0,1,2,10,2,0,0000000,9,8,9,22,9,54,0,0,0,1,0
42,420638,3,3,0,0,0,3,3,77,0,27,7,2011,4,9,53,1,12,2,US-22,US-22-SR-8012,52,40.61944722,-75.499569440,0,1,0,1,5,1,1,0,1,1,0,1,0,0000000,99,99,99,99,88,88,0,0,0,1,0