STATE,ST_CASE,VE_TOTAL,VE_FORMS,PVH_INVL,PEDS,PERNOTMVIT,PERMVIT,PERSONS,COUNTY,CITY,DAY,MONTH,YEAR,DAY_WEEK,HOUR,MINUTE,NHS,ROAD_FNC,ROUTE,TWAY_ID,TWAY_ID2,MILEPT,LATITUDE,LONGITUD,SP_JUR,HARM_EV,MAN_COLL,RELJCT1,RELJCT2,TYP_INT,REL_ROAD,WRK_ZONE,LGT_COND,WEATHER1,WEATHER2,WEATHER,SCH_BUS,RAIL,NOT_HOUR,NOT_MIN,ARR_HOUR,ARR_MIN,HOSP_HR,HOSP_MN,CF1,CF2,CF3,FATALS,DRUNK_DR
42,420639,2,2,0,0,0,5,5,85,0,26,8,2011,6,18,55,1,1,1,I-79,,1105,41.11636111,-80.146575000,0,12,7,0,1,1,1,0,1,1,0,1,0,0000000,18,53,19,7,99,99,0,0,0,2,0
42,420640,1,1,0,0,0,1,1,5,0,8,8,2011,2,5,9,0,3,3,SR-85,,132,40.79671667,-79.258058330,0,30,0,0,1,1,5,0,2,1,0,1,0,0000000,5,7,5,19,88,88,0,0,0,1,0
42,420641,1,1,0,0,0,1,1,49,0,2,8,2011,3,22,25,0,3,3,SR-8,,62,41.94337222,-79.844836110,0,34,0,0,1,1,4,0,2,1,0,1,0,0000000,99,99,99,99,88,88,0,0,0,1,1
42,420642,2,2,0,0,0,2,2,129,0,22,8,2011,2,23,15,0,15,3,SR-1020,,22,40.31555556,-79.331597220,0,35,0,0,1,1,5,0,2,1,0,1,0,0000000,23,17,23,23,88,88,0,0,0,1,1
42,420643,3,3,0,0,0,3,3,49,0,11,7,2011,2,11,17,0,14,2,US-20,DAGGETT ROAD,137,42.01725556,-80.282111110,0,12,6,0,2,3,1,0,1,1,0,1,0,0000000,99,99,99,99,99,99,0,0,0,1,0
42,420644,1,1,0,0,0,1,1,127,0,2,7,2011,7,18,0,0,6,5,SLOCUM HILL RD,,0,41.92764722,-75.478833330,0,1,0,0,1,1,4,0,1,1,0,1,0,0000000,88,88,88,88,88,88,22,0,0,1,1
42,420645,1,1,0,0,0,1,1,63,1260,1,8,2011,2,15,44,0,16,6,MAHONING RD,,0,40.73146667,-78.813138890,0,1,0,0,1,1,4,0,1,1,0,1,0,0000000,99,99,99,99,99,99,2,0,0,1,0
42,420646,2,2,0,0,0,2,2,97,0,1,8,2011,2,8,9,0,3,3,SR-147,,152,40.77132222,-76.844858330,0,12,6,0,1,1,1,0,1,1,0,1,0,0000000,99,99,99,99,88,88,0,0,0,2,0
42,420647,1,1,0,0,0,1,1,7,0,5,8,2011,6,3,40,0,4,3,SR-168,,4,40.48835556,-80.445083330,0,42,0,0,1,1,4,0,2,1,0,1,0,0000000,3,48,4,5,88,88,0,0,0,1,0
42,420648,1,1,0,0,0,2,2,87,0,14,8,2011,1,0,9,0,15,3,SR-2002,,2,40.64596111,-77.544594440,0,30,0,0,1,1,5,0,2,1,0,1,0,0000000,0,10,0,20,99,99,0,0,0,1,1
42,420649,2,2,0,0,0,2,2,89,0,17,8,2011,4,17,31,0,3,3,SR-611,,175,41.09575278,-75.329866670,0,12,1,0,1,1,1,0,1,1,0,1,0,0000000,99,99,99,99,88,88,0,0,0,1,1
42,420650,1,1,0,0,0,1,1,1,0,4,8,2011,5,19,55,0,4,3,SR-1007,,19,39.96759167,-77.017911110,0,42,0,0,1,1,4,0,1,1,0,1,0,0000000,19,53,20,0,88,88,0,0,0,1,0
42,420651,1,1,0,0,0,2,2,83,0,7,8,2011,1,5,8,0,4,3,SR-46,,242,41.89478889,-78.516100000,0,32,0,0,1,1,4,0,2,5,0,5,0,0000000,99,99,99,99,88,88,0,0,0,1,1
42,420652,1,1,0,1,1,1,1,123,0,25,8,2011,5,5,45,0,4,3,SR-127,,15,41.64481944,-79.429641670,0,8,0,0,1,1,1,0,2,5,0,5,0,0000000,6,1,6,35,6,37,4,0,0,1,0
42,420653,1,1,0,0,0,1,1,59,0,24,8,2011,4,9,22,0,4,3,SR-218,,44,39.77796944,-80.219283330,0,35,0,0,1,1,4,0,1,1,0,1,0,0000000,9,27,9,47,88,88,0,0,0,1,0
42,420654,1,1,0,0,0,4,4,69,2120,19,8,2011,6,0,43,1,11,1,I-81-SR8024 RAMP RD,,1887,41.43615833,-75.629327780,0,32,0,1,5,1,4,0,3,1,0,1,0,0000000,0,45,0,50,1,14,0,0,0,1,1
42,420655,1,1,0,0,0,1,1,125,0,30,8,2011,3,2,10,1,11,1,I-79,,466,40.28424722,-80.165758330,0,1,0,0,1,1,3,0,2,1,0,1,0,0000000,2,11,2,24,88,88,0,0,0,1,0
42,420656,1,1,0,0,0,1,1,49,0,18,8,2011,5,20,48,0,6,5,PLUM RD,,0,42.07825556,-79.887636110,0,34,0,0,1,1,4,0,2,1,0,1,0,0000000,20,47,21,20,88,88,22,0,0,1,1
42,420657,1,1,0,0,0,1,1,95,8820,27,8,2011,7,2,48,0,14,3,SR-4022,,3,40.75504722,-75.597908330,0,33,0,0,1,1,4,0,3,1,0,1,0,0000000,99,99,99,99,88,88,20,0,0,1,1
42,420658,1,1,0,0,0,1,1,61,0,20,8,2011,7,17,27,0,3,3,SR-913,,14,40.22496111,-78.217922220,0,59,0,0,1,1,5,0,1,1,0,1,0,0000000,17,21,17,33,88,88,0,0,0,1,0
42,420659,1,1,0,0,0,1,1,51,0,20,8,2011,7,22,0,0,15,3,SR-1051,,60,39.98627500,-79.665780560,0,30,0,0,1,1,5,0,2,1,0,1,0,0000000,21,59,22,3,88,88,0,0,0,1,1
42,420660,1,1,0,0,0,1,1,31,0,23,8,2011,3,21,32,1,1,1,I-80,,637,41.17756389,-79.366680560,0,24,0,0,1,1,2,0,2,1,0,1,0,0000000,99,99,99,99,99,99,0,0,0,1,0
42,420661,3,3,0,0,0,4,4,55,0,14,8,2011,1,8,57,0,14,3,SR-16,SR-2011,321,39.72784722,-77.471005560,0,12,6,0,2,2,1,0,1,2,0,2,0,0000000,8,57,8,58,9,35,0,0,0,1,0
42,420662,2,2,0,0,0,3,3,17,0,18,8,2011,5,18,23,0,6,5,LAKE WARREN RD,KINTER HILL RD,0,40.53753056,-75.157283330,0,12,6,0,2,2,1,0,1,1,0,1,0,0000000,18,31,18,41,99,99,0,0,0,1,0
42,420663,1,1,0,0,0,2,2,15,0,20,8,2011,7,16,38,0,4,3,SR-187,,159,41.70566111,-76.359425000,0,31,0,0,1,1,4,0,1,1,0,1,0,0000000,16,26,16,43,88,88,0,0,0,1,0
42,420664,1,1,0,0,0,2,2,119,0,17,8,2011,4,18,50,0,6,5,SPORTSMENS CLUB RD,,0,40.94785556,-77.092683330,0,1,0,0,1,1,4,0,1,1,0,1,0,0000000,99,99,99,99,99,99,4,0,0,1,0
42,420665,1,1,0,0,0,1,1,71,0,10,8,2011,4,22,56,0,15,3,SR-3009,,57,39.92001389,-76.269338890,0,30,0,0,1,1,4,0,2,1,0,1,0,0000000,22,56,23,11,88,88,0,0,0,1,0
42,420666,1,1,0,0,0,1,1,69,0,3,8,2011,4,10,45,1,1,1,I-81-8017 RAMP,SR-632,4,41.53096389,-75.653258330,0,35,0,1,3,2,4,0,1,1,0,1,0,0000000,10,45,10,52,88,88,0,0,0,1,0
42,420667,3,3,0,0,0,4,4,19,0,15,8,2011,2,16,51,0,3,3,SR-3017,CHAPEL RIDGE LANE,44,41.28503611,-80.016808330,0,12,2,0,2,3,1,0,1,2,0,2,0,0000000,16,51,16,59,17,50,0,0,0,1,1
42,420668,1,1,0,0,0,2,2,103,0,12,8,2011,6,23,24,0,5,3,SR-3002,,16,41.29148056,-75.288083330,0,59,0,0,1,1,4,0,2,1,0,1,0,0000000,99,99,99,99,99,99,0,0,0,1,1
42,420669,1,1,0,0,0,1,1,61,0,3,8,2011,4,10,56,1,1,1,I-76,,1861,40.09104722,-77.856280560,0,1,0,0,1,1,2,0,1,2,0,2,0,0000000,99,99,99,99,99,99,0,0,0,1,0
42,420670,1,1,0,0,0,1,1,25,0,28,8,2011,1,2,15,1,11,1,I-476,,761,40.83918611,-75.666950000,0,24,0,0,1,1,2,0,2,2,0,2,0,0000000,99,99,99,99,88,88,0,0,0,1,1
42,420671,1,1,0,0,0,1,1,125,0,5,8,2011,6,17,15,0,4,2,US-40,,82,40.12761389,-80.383583330,0,1,0,0,1,1,2,0,1,1,0,1,0,0000000,17,22,17,41,18,35,0,0,0,1,1
42,420672,1,1,0,0,0,1,1,95,0,15,8,2011,2,20,11,0,6,5,JORY RD,,0,40.85454167,-75.245102780,0,7,0,0,1,1,5,0,2,2,0,2,0,0000000,99,99,99,99,99,99,0,0,0,1,0
42,420673,1,1,0,0,0,1,1,13,0,12,8,2011,6,20,35,0,4,3,SR-453,,70,40.70155833,-78.288997220,0,42,0,0,1,1,5,0,5,1,0,1,0,0000000,20,36,20,57,88,88,0,0,0,1,1
42,420674,1,1,0,0,0,1,1,71,0,4,8,2011,5,19,59,0,4,3,SR-2024,,0,39.95080000,-76.185588890,0,38,0,0,1,1,5,0,5,1,0,1,0,0000000,19,57,20,6,88,88,0,0,0,1,0
42,420675,1,1,0,0,0,1,1,83,0,6,8,2011,7,14,20,1,2,2,US-6,,130,41.67251111,-78.755633330,0,11,0,0,1,1,1,0,1,1,0,1,0,0000000,99,99,99,99,88,88,0,0,0,1,0
42,420676,1,1,0,0,0,1,1,3,0,7,8,2011,1,4,17,0,13,3,SR-2048,KINGSTON DR,17,40.42983889,-79.809311110,0,33,0,0,3,3,4,0,3,1,0,1,0,0000000,4,17,4,27,5,2,0,0,0,1,0
42,420677,1,1,0,0,0,1,1,17,0,5,8,2011,6,22,43,1,12,2,US-1-SR8061RAMP F RD,,58,40.17956111,-74.904963890,0,42,0,1,5,1,8,0,3,1,0,1,0,0000000,99,99,99,99,88,88,0,0,0,1,1
42,420678,1,1,0,0,0,1,1,59,0,6,8,2011,7,4,57,0,4,3,SR-1021,,48,39.93760833,-79.959561110,0,53,0,0,1,1,5,0,2,1,0,1,0,0000000,5,0,5,9,88,88,0,0,0,1,1
42,420679,4,1,3,0,0,1,1,7,480,13,8,2011,7,13,19,0,16,6,SHORT TENTH STREET,,0,40.75101667,-80.314016670,0,14,0,0,1,1,7,0,1,1,0,1,0,0000000,99,99,99,99,99,99,0,0,0,1,0
42,420680,2,2,0,0,0,2,2,41,0,31,8,2011,4,16,7,1,11,1,I-81,,503,40.22198889,-77.145672220,0,12,7,0,1,1,1,0,1,1,0,1,0,0000000,99,99,99,99,88,88,0,0,0,1,0
42,420681,1,1,0,0,0,1,1,71,0,17,8,2011,4,0,20,0,15,3,SR-897,,129,40.15174167,-76.045227780,0,18,0,0,1,1,5,0,2,1,0,1,0,0000000,99,99,99,99,88,88,0,0,0,1,0
42,420682,2,2,0,0,0,2,2,47,0,21,8,2011,1,21,0,1,2,2,US-219,,318,41.61181389,-78.675738890,0,12,6,0,1,1,1,0,2,1,0,1,0,0000000,99,99,99,99,99,99,0,0,0,1,0
42,420683,3,3,0,0,0,6,6,63,0,6,8,2011,7,20,35,0,3,3,SR-286,,33,40.51338333,-79.412258330,0,12,2,0,1,1,1,0,2,1,0,1,0,0000000,99,99,99,99,99,99,0,0,0,1,0
42,420684,1,1,0,1,1,1,1,133,3470,25,8,2011,5,8,40,0,13,3,SR-194,,9,39.79684444,-76.988061110,0,8,0,0,1,1,1,0,1,1,0,1,0,0000000,8,43,8,46,9,8,0,0,0,1,0
42,420685,1,1,0,1,1,1,1,89,0,20,8,2011,7,22,12,0,14,3,SR-611,FRANTZ RD,94,40.99884167,-75.260927780,0,8,0,0,3,3,1,0,2,1,0,1,0,0000000,99,99,99,99,88,88,0,0,0,1,0
42,420686,1,1,0,0,0,1,1,7,480,12,8,2011,6,13,0,0,16,6,17TH STREET,,0,40.75796389,-80.319291670,0,30,0,0,1,1,6,0,1,1,0,1,0,0000000,13,1,13,6,14,1,0,0,0,1,0
42,420687,1,1,0,1,1,1,1,79,0,11,8,2011,5,4,15,1,1,1,I-80,,2653,41.05885833,-75.909094440,0,8,0,0,1,1,1,0,2,1,0,1,0,0000000,99,99,99,99,88,88,0,0,0,1,0
42,420688,1,1,0,0,0,1,1,11,7640,19,8,2011,6,0,25,0,16,6,MUSEUM ROAD,,0,40.31285000,-75.969636110,0,42,0,0,1,1,6,0,3,1,0,1,0,0000000,99,99,99,99,99,99,0,0,0,1,1
42,420689,1,1,0,0,0,5,5,91,0,6,8,2011,7,1,15,0,6,5,WITMER RD,,0,40.18272778,-75.163080560,0,33,0,0,1,1,4,0,2,1,0,1,0,0000000,1,17,1,24,1,56,0,0,0,2,1
42,420690,1,1,0,0,0,1,1,11,0,5,8,2011,6,18,59,0,6,5,BERNE RD,,0,40.53104722,-76.000672220,0,1,0,0,1,1,5,0,1,1,0,1,0,0000000,99,99,99,99,99,99,0,0,0,1,0
42,420691,3,3,0,0,0,5,5,79,4280,11,7,2011,2,13,12,1,13,2,US-11,SR-2005,239,41.24417222,-75.933797220,0,12,6,0,2,3,1,0,1,1,0,1,0,0000000,13,13,13,18,13,36,14,0,0,1,0
42,420692,3,3,0,0,0,5,5,119,0,25,7,2011,2,15,0,0,3,3,SR-104,SR-3004,16,40.89050556,-77.051283330,0,12,6,0,2,2,1,0,1,1,0,1,0,0000000,99,99,99,99,99,99,14,0,0,2,1
42,420693,3,3,0,0,0,5,5,25,0,16,7,2011,7,12,10,0,2,2,US-209,,107,40.85873889,-75.733413890,0,12,2,0,1,1,1,0,1,1,0,1,0,0000000,99,99,99,99,88,88,0,0,0,1,0
42,420694,4,4,0,0,0,6,6,19,0,27,7,2011,4,15,20,1,2,2,US-422,,209,40.86260833,-79.813977780,0,12,2,0,1,1,1,0,1,1,0,1,0,0000000,99,99,99,99,99,99,0,0,0,2,0
42,420695,1,1,0,0,0,2,2,3,6600,7,8,2011,1,6,13,1,13,3,SR-51,EDGECLIFF STREET,216,40.46117222,-80.049836110,0,30,0,0,2,3,6,0,4,1,0,1,0,0000000,6,11,6,16,6,35,0,0,0,1,1
42,420696,1,1,0,0,0,1,1,3,6600,26,8,2011,6,19,23,0,16,6,BOGGS AVENUE,,0,40.42335278,-80.009611110,0,7,0,0,1,1,1,0,1,1,0,1,0,0000000,19,26,19,30,19,50,0,0,0,1,1
42,420697,1,1,0,0,0,2,2,3,6600,5,8,2011,6,10,5,0,16,6,BRIGHTON ROAD,ACACIA LANE,0,40.47977222,-80.031144440,0,33,0,0,2,3,2,0,1,1,0,1,0,0000000,99,99,99,99,99,99,0,0,0,1,0
42,420698,2,2,0,0,0,2,2,15,0,17,8,2011,4,18,35,0,4,3,SR-2010,,109,41.65573333,-76.264941670,0,12,6,0,8,1,1,0,1,1,0,1,0,0000000,18,43,18,57,19,32,0,0,0,1,0
42,420699,2,2,0,0,0,2,2,7,0,14,7,2011,5,17,14,0,3,3,SR-68,,173,40.73533056,-80.266469440,0,24,0,0,1,1,2,0,1,1,0,1,0,0000000,99,99,99,99,99,99,0,0,0,1,0
42,420700,1,1,0,0,0,1,1,3,7164,3,8,2011,4,18,32,0,14,3,SR-4011,,17,40.51898333,-80.013519440,0,19,0,0,1,1,6,0,1,1,0,1,0,0000000,18,32,18,42,18,59,0,0,0,1,1
42,420701,1,1,0,0,0,2,2,107,0,26,8,2011,6,22,5,0,4,3,SR-125,,166,40.67427778,-76.501647220,0,42,0,0,1,1,5,0,2,1,0,1,0,0000000,99,99,99,99,99,99,0,0,0,1,1
42,420702,1,1,0,1,1,2,2,17,0,22,8,2011,2,22,43,0,13,3,SR-532,,56,40.20290833,-74.956658330,0,8,0,0,1,1,2,0,2,1,0,1,0,0000000,22,43,22,51,23,3,0,0,0,1,0
42,420703,1,1,0,1,1,1,1,13,130,13,8,2011,7,23,6,0,13,3,SR-764,,56,40.51477500,-78.395369440,0,8,0,0,1,1,1,0,3,1,0,1,0,0000000,23,9,23,9,23,9,0,0,0,1,0
42,420704,1,1,0,0,0,2,2,3,4501,7,8,2011,1,1,50,0,6,6,CHAMBERLIN ROAD,,0,40.29027778,-75.954166670,0,44,0,0,1,1,1,0,2,1,0,1,0,0000000,2,6,2,14,2,56,0,0,0,1,1
42,420705,1,1,0,0,0,1,1,51,0,23,8,2011,3,14,2,0,13,3,SR-2040,,2,39.90416944,-79.736316670,0,33,0,0,1,1,4,0,1,1,0,1,0,0000000,99,99,99,99,88,88,0,0,0,1,0
42,420706,2,2,0,0,0,3,3,19,0,4,8,2011,5,21,15,0,4,3,SR-308,,12,40.91533056,-79.908394440,0,12,2,0,1,1,1,0,2,1,0,1,0,0000000,99,99,99,99,99,99,4,0,0,1,0
42,420707,1,1,0,0,0,1,1,3,0,10,8,2011,4,17,17,0,15,3,SR-1022,,7,40.62672778,-79.896213890,0,24,0,0,1,1,2,0,1,1,0,1,0,0000000,17,18,17,26,18,7,0,0,0,1,0
42,420708,2,2,0,0,0,6,6,75,0,26,8,2011,6,16,54,0,6,5,STRACK DR,HALFWAY DR,0,40.38208889,-76.364388890,0,12,6,0,2,2,1,0,1,1,0,1,0,0000000,16,54,17,3,88,88,0,0,0,1,0
42,420709,2,2,0,0,0,3,3,75,0,24,8,2011,4,14,23,1,2,2,US-322,SR-419,83,40.28080833,-76.446363890,0,12,6,0,2,3,1,0,1,1,0,1,0,0000000,14,21,14,48,15,10,0,0,0,1,0
42,420710,2,2,0,0,0,2,2,101,6540,30,8,2011,3,21,55,0,13,3,SR-4001,JAMESTOWN ST,24,40.02984722,-75.206444440,0,12,6,0,2,3,1,0,3,1,0,1,0,0000000,21,59,22,4,22,42,0,0,0,1,0
42,420711,2,2,0,0,0,2,2,49,2640,30,8,2011,3,13,41,1,13,3,SR-4034,CRANBERRY ST,11,42.12198611,-80.112436110,0,12,6,0,2,3,1,0,1,1,0,1,0,0000000,13,46,13,51,14,10,0,0,0,1,0
42,420712,2,2,0,0,0,3,3,79,0,4,8,2011,5,13,1,0,13,3,SR-2002,,35,41.22022222,-75.943936110,0,12,2,0,1,1,1,0,1,1,0,1,0,0000000,13,2,13,8,13,45,0,0,0,2,0
42,420713,2,1,1,0,0,1,1,133,3470,28,8,2011,1,2,10,0,13,3,SR-116,,13,39.79993333,-76.978375000,0,33,0,0,1,1,4,0,3,2,0,2,0,0000000,2,10,2,19,99,96,0,0,0,1,1
42,420714,1,1,0,0,0,1,1,69,8380,22,8,2011,2,3,45,0,13,3,SR-3010,,4,41.39154722,-75.723430560,0,30,0,0,1,1,5,0,3,1,0,1,0,0000000,3,58,4,4,4,25,0,0,0,1,0
42,420715,2,2,0,0,0,3,3,11,690,23,8,2011,3,17,15,0,14,3,SR-724,,119,40.26788333,-75.817844440,0,12,8,0,1,1,1,0,1,1,0,1,0,0000000,99,99,99,99,88,88,0,0,0,2,1
42,420716,2,1,1,0,0,1,1,75,0,28,8,2011,1,4,40,1,13,2,US-322,,6,40.27721389,-76.588872220,0,14,0,0,1,1,7,0,3,8,0,8,0,0000000,4,51,4,59,5,14,0,0,0,1,0
42,420717,1,1,0,0,0,1,1,101,6540,21,8,2011,1,2,0,0,16,6,CHAMOUNIX DRIVE,,0,39.99373611,-75.214400000,0,42,0,0,1,1,5,0,3,1,0,1,0,0000000,2,56,3,1,88,88,0,0,0,1,1
42,420718,2,2,0,0,0,2,2,85,3604,4,8,2011,5,12,15,0,14,3,SR-718,,69,41.25669722,-80.504786110,0,12,2,0,1,1,1,0,1,1,0,1,0,0000000,99,99,99,99,99,99,0,0,0,1,0
42,420719,2,1,1,0,0,2,2,101,6540,27,8,2011,7,20,14,0,16,6,ALGON AV,,0,40.06031389,-75.068508330,0,30,0,0,1,1,4,0,3,2,0,2,0,0000000,20,12,20,17,21,7,0,0,0,1,1
42,420720,4,1,3,0,0,1,1,33,0,21,7,2011,5,10,17,1,2,2,US-322,,30,40.91995278,-78.255652780,0,34,0,0,1,1,4,0,1,1,0,1,0,0000000,99,99,99,99,99,99,0,0,0,1,0
42,420721,7,7,0,0,0,7,7,95,420,1,7,2011,6,16,48,0,14,3,SR-512,,212,40.87382778,-75.200477780,0,12,2,0,1,1,1,0,1,1,0,1,0,0000000,99,99,99,99,99,99,0,0,0,2,1
42,420722,2,2,0,0,0,5,5,59,0,8,8,2011,2,17,55,0,4,3,SR-1011,,21,39.91668333,-80.049336110,0,7,0,0,1,1,1,0,1,1,0,1,0,0000000,17,55,18,0,88,88,0,0,0,1,0
42,420723,1,1,0,1,1,1,1,101,6540,27,8,2011,7,6,0,0,14,3,SR-3004,BUIST AVENUE,6,39.92105556,-75.228961110,0,9,0,0,2,2,1,0,4,1,0,1,0,0000000,6,0,6,3,6,40,0,0,0,1,0
42,420724,6,1,5,1,1,1,1,107,0,10,7,2011,1,14,39,0,4,3,SR-125,,109,40.62845833,-76.457591670,0,14,0,0,1,1,4,0,1,1,0,1,0,0000000,99,99,99,99,99,99,0,0,0,1,1
42,420725,1,1,0,0,0,1,1,73,2560,11,7,2011,2,16,19,0,14,3,SR-488,,13,40.85856111,-80.258786110,0,30,0,0,1,1,5,0,1,2,0,2,0,0000000,16,21,16,33,16,55,0,0,0,1,0
42,420726,1,1,0,0,0,1,1,127,3700,3,9,2011,7,13,54,0,5,3,SR-1001,,15,41.58870000,-75.248144440,0,41,0,0,1,1,4,0,1,1,0,1,0,0000000,13,56,14,4,14,14,0,0,0,1,0
42,420727,1,1,0,0,0,1,1,41,0,19,9,2011,2,15,59,1,1,1,I-81,,561,40.26728889,-77.047850000,0,42,0,1,19,1,4,0,1,1,0,1,0,0000000,15,59,16,8,88,88,0,0,0,1,0
42,420728,1,1,0,0,0,1,1,43,0,20,9,2011,3,15,40,1,2,3,SR-283,,41,40.22371667,-76.715580560,0,42,0,0,1,1,5,0,1,1,0,1,0,0000000,99,99,99,99,88,88,0,0,0,1,0
42,420729,1,1,0,0,0,2,2,107,0,16,9,2011,6,22,0,0,6,5,WILDCAT RD,,0,40.76502778,-75.989805560,0,42,0,0,1,1,4,0,2,1,0,1,0,0000000,99,99,99,99,99,99,22,4,0,1,0
42,420730,1,1,0,0,0,6,6,51,0,10,9,2011,7,22,53,0,6,5,HARDY BL,,0,39.81125833,-79.531455560,0,42,0,0,1,1,4,0,2,1,0,1,0,0000000,22,48,22,57,0,25,4,0,0,1,1
42,420731,1,1,0,0,0,1,1,73,0,24,9,2011,7,1,0,0,4,3,SR-288,,32,40.86052500,-80.312619440,0,24,0,0,1,1,2,0,2,1,0,1,0,0000000,9,26,9,32,88,88,0,0,0,1,1
42,420732,1,1,0,0,0,1,1,43,0,16,9,2011,6,16,55,0,3,3,SR-147,,159,40.56715000,-76.977863890,0,5,0,0,1,1,4,0,1,1,0,1,0,0000000,16,55,17,11,17,27,0,0,0,1,1
42,420733,1,1,0,0,0,1,1,133,0,16,9,2011,6,2,0,0,4,3,SR-3041,,74,39.84762222,-76.794550000,0,42,0,0,1,1,4,0,2,1,0,1,0,0000000,2,21,2,37,88,88,0,0,0,1,1
42,420734,1,1,0,0,0,4,4,27,0,30,9,2011,6,4,33,0,6,5,SIGLERVILLE MILLHE PK,,0,40.79473056,-77.509605560,0,42,0,0,1,1,4,0,2,1,0,1,0,0000000,4,33,4,53,99,99,4,0,0,1,1
42,420735,1,1,0,0,0,1,1,79,0,4,9,2011,1,12,30,0,3,3,SR-924,,20,40.93177778,-76.058552780,0,42,0,0,1,1,4,0,1,1,0,1,0,0000000,12,27,12,32,12,59,0,0,0,1,0
42,420736,1,1,0,1,1,2,2,77,0,23,9,2011,6,20,26,0,13,3,SR-1019,,14,40.58748889,-75.524186110,0,8,0,0,1,1,1,0,3,2,0,2,0,0000000,99,99,99,99,99,99,0,0,0,1,1
42,420737,1,1,0,0,0,1,1,105,0,6,9,2011,3,6,5,0,4,3,SR-3001,,139,41.64898333,-77.837569440,0,18,0,0,1,1,1,0,2,1,0,1,0,0000000,99,99,99,99,88,88,0,0,0,1,0
42,420738,1,1,0,1,1,1,1,129,0,17,9,2011,7,22,58,0,15,3,SR-2015,,28,40.28053056,-79.475605560,0,8,0,0,1,1,1,0,2,1,0,1,0,0000000,23,0,23,7,23,28,0,0,0,1,0
42,420739,1,1,0,0,0,1,1,3,6600,18,9,2011,1,9,19,1,11,1,I-376,,694,40.43812778,-80.012602780,0,39,0,0,1,1,5,0,1,1,0,1,0,0000000,9,28,9,37,10,10,0,0,0,1,0
42,420740,1,1,0,0,0,1,1,43,0,29,9,2011,5,20,5,0,14,3,SR-3009,,37,40.33885000,-76.907336110,0,42,0,0,1,1,5,0,2,1,0,1,0,0000000,20,6,20,28,88,88,0,0,0,1,1
42,420741,1,1,0,0,0,1,1,31,0,25,9,2011,1,0,20,0,3,3,SR-36,PINE HOLLOW ROAD,134,41.42870833,-79.368627780,0,7,0,0,2,4,1,0,2,1,0,1,0,0000000,99,99,99,99,99,99,0,0,0,1,1
42,420742,1,1,0,0,0,1,1,131,0,25,9,2011,1,17,35,0,3,3,SR-29,,15,41.39512778,-76.062533330,0,42,0,0,1,1,4,0,1,1,0,1,0,0000000,17,43,17,57,18,33,2,0,0,1,1
42,420743,1,1,0,1,1,1,1,29,0,7,9,2011,4,6,10,1,13,3,SR-3,,20,39.96849444,-75.574797220,0,8,0,0,1,1,1,0,4,2,0,2,0,0000000,6,21,6,24,88,88,0,0,0,1,0
42,420744,1,1,0,0,0,2,2,15,0,4,9,2011,1,0,16,0,4,3,SR-2010,,94,41.64427500,-76.289422220,0,35,0,0,1,1,4,0,2,5,0,5,0,0000000,0,10,0,51,99,99,0,0,0,1,1
42,420745,1,1,0,0,0,2,2,61,9997,16,9,2011,6,1,10,0,4,3,SR-994,,272,40.24135833,-77.895761110,0,1,0,0,1,1,1,0,3,1,0,1,0,0000000,2,17,2,21,99,99,0,0,0,1,1
42,420746,1,1,0,0,0,1,1,3,5413,2,9,2011,6,22,56,0,16,6,HOCHBERG ROAD,,0,40.44726944,-79.730991670,0,24,0,0,1,1,2,0,2,1,0,1,0,0000000,22,57,23,1,88,88,0,0,0,1,1
42,420747,1,1,0,0,0,4,4,41,0,21,9,2011,4,6,2,0,6,5,W PINE ST,,0,40.11845000,-77.206630560,0,42,0,0,1,1,5,0,4,1,0,1,0,0000000,5,59,6,5,99,99,0,0,0,2,1
42,420748,1,1,0,0,0,1,1,3,1330,12,9,2011,2,11,51,0,13,3,SR-130,,71,40.43226944,-79.839247220,0,30,0,0,1,1,4,0,1,1,0,1,0,0000000,11,54,11,59,88,88,0,0,0,1,0
42,420749,1,1,0,1,1,2,2,3,6600,21,9,2011,4,20,54,0,13,3,SR-1001,,33,40.48670556,-79.891666670,0,8,0,0,1,1,1,0,3,2,0,2,0,0000000,20,52,21,1,21,17,0,0,0,1,0
42,420750,1,1,0,0,0,1,1,45,1270,3,9,2011,7,0,15,1,11,1,I-95,I-95-SR8019 RAMP,46,39.85057222,-75.376819440,0,31,0,1,99,1,8,0,2,1,0,1,0,0000000,99,99,99,99,88,88,0,0,0,1,1
42,420751,1,1,0,0,0,2,2,133,0,4,9,2011,1,2,30,0,4,3,SR-216,,192,39.82852500,-76.705413890,0,42,0,0,1,1,4,0,2,1,0,1,0,0000000,2,30,2,43,99,99,0,0,0,1,1
42,420752,1,1,0,0,0,1,1,51,2750,17,9,2011,7,17,51,0,15,3,SR-857,,85,39.83166944,-79.751066670,0,30,0,0,1,1,4,0,1,1,0,1,0,0000000,17,53,18,0,88,88,0,0,0,1,1
42,420753,1,1,0,0,0,1,1,7,0,12,9,2011,2,22,13,0,6,3,SR-1027,,4,40.72887500,-80.156480560,0,59,0,0,1,1,6,0,2,1,0,1,0,0000000,22,14,22,26,22,47,0,0,0,1,1
42,420754,3,3,0,0,0,9,9,85,7550,13,7,2011,4,14,39,0,13,2,US-62B,FORKER BL,5,41.23307778,-80.487238890,0,12,1,0,3,2,1,0,1,1,0,1,0,0000000,14,40,14,40,99,99,0,0,0,1,0
42,420755,1,1,0,0,0,2,2,3,0,18,9,2011,1,1,55,0,6,6,TUNNEL HOLLOW ROAD,,0,40.21550000,-79.853805560,0,34,0,0,1,1,6,0,2,1,0,1,0,0000000,2,12,2,27,3,2,0,0,0,1,1