STATE,ST_CASE,VE_TOTAL,VE_FORMS,PVH_INVL,PEDS,PERNOTMVIT,PERMVIT,PERSONS,COUNTY,CITY,DAY,MONTH,YEAR,DAY_WEEK,HOUR,MINUTE,NHS,ROAD_FNC,ROUTE,TWAY_ID,TWAY_ID2,MILEPT,LATITUDE,LONGITUD,SP_JUR,HARM_EV,MAN_COLL,RELJCT1,RELJCT2,TYP_INT,REL_ROAD,WRK_ZONE,LGT_COND,WEATHER1,WEATHER2,WEATHER,SCH_BUS,RAIL,NOT_HOUR,NOT_MIN,ARR_HOUR,ARR_MIN,HOSP_HR,HOSP_MN,CF1,CF2,CF3,FATALS,DRUNK_DR
42,420756,1,1,0,0,0,1,1,21,0,23,9,2011,6,17,45,0,3,3,SR-53,,357,40.72465000,-78.530077780,0,35,0,0,1,1,4,0,1,2,0,2,0,0000000,99,99,99,99,88,88,0,0,0,1,0
42,420757,1,1,0,0,0,2,2,3,0,17,9,2011,7,16,40,0,3,3,SR-1028,,16,40.65449444,-79.904852780,0,42,0,0,1,1,6,0,1,1,0,1,0,0000000,16,47,16,57,17,51,0,0,0,1,0
42,420758,1,1,0,0,0,1,1,91,0,28,9,2011,4,13,11,1,1,1,I-476,,375,40.34988889,-75.390352780,0,25,0,0,1,1,3,0,1,1,0,1,0,0000000,13,11,13,20,13,37,0,0,0,1,0
42,420759,1,1,0,1,1,1,1,71,0,16,9,2011,6,22,23,0,3,3,SR-441,,63,40.06047778,-76.535725000,0,8,0,0,1,1,1,0,2,1,0,1,0,0000000,22,25,22,33,88,88,0,0,0,1,0
42,420760,1,1,0,0,0,1,1,129,5880,5,9,2011,2,14,55,0,13,3,SR-366,LINDEN AV,13,40.55975278,-79.759511110,0,43,0,0,3,4,4,0,1,2,0,2,0,0000000,14,55,15,0,88,88,0,0,0,1,0
42,420761,1,1,0,1,1,1,1,107,5340,14,9,2011,4,15,7,0,16,6,LEWIS ST,2ND ST,0,40.69165833,-76.260436110,0,9,0,0,2,2,1,0,1,1,0,1,0,0000000,99,99,99,99,99,99,0,0,0,1,0
42,420762,1,1,0,0,0,2,2,11,6900,12,9,2011,2,1,13,0,14,3,SR-2009,,22,40.36535000,-75.902155560,0,33,0,0,1,1,4,0,3,1,0,1,0,0000000,99,99,99,99,99,99,0,0,0,1,0
42,420763,1,1,0,0,0,1,1,21,0,3,9,2011,7,18,26,0,4,3,SR-3024,,108,40.36860278,-78.774608330,0,52,0,0,1,1,2,0,1,1,0,1,0,0000000,18,26,18,32,88,88,0,0,0,1,1
42,420764,2,2,0,0,0,2,2,3,5300,11,9,2011,1,0,30,0,4,3,SR-28,,19,40.46865278,-79.976752780,0,12,2,0,1,1,1,0,3,1,0,1,0,0000000,0,30,0,37,0,58,0,0,0,1,1
42,420765,1,1,0,1,1,1,1,11,6900,1,9,2011,5,7,18,0,16,6,PENN ST,SR-183,0,40.33540000,-75.933744440,0,15,0,0,3,2,1,0,1,1,0,1,0,0000000,99,99,99,99,99,99,0,0,0,1,0
42,420766,2,2,0,0,0,4,4,3,0,22,9,2011,5,12,30,1,11,1,I-79,,496,40.32263333,-80.144563890,0,35,0,0,1,1,3,0,1,1,0,1,0,0000000,99,99,99,99,99,99,0,0,0,3,0
42,420767,1,1,0,1,1,1,1,71,4180,18,9,2011,1,18,20,0,16,6,VINE ST,,0,40.03600278,-76.308505560,0,8,0,0,1,1,1,0,1,1,0,1,0,0000000,18,21,18,25,18,40,0,0,0,1,0
42,420768,1,1,0,1,1,1,1,17,0,27,9,2011,3,1,35,1,13,3,SR-132,SR-2019,134,40.10480000,-74.950713890,0,8,0,0,3,2,1,0,3,5,0,5,0,0000000,1,36,1,40,1,54,0,0,0,1,0
42,420769,1,1,0,0,0,1,1,17,0,30,9,2011,6,18,14,0,13,3,SR-263,,62,40.27742500,-75.084116670,0,24,0,0,1,1,2,0,1,1,0,1,0,0000000,18,15,18,21,88,88,0,0,0,1,0
42,420770,1,1,0,0,0,3,3,55,0,17,9,2011,7,5,3,0,6,5,OLD FORGE RD,,0,39.76636667,-77.509419440,0,53,0,0,1,1,4,0,2,1,0,1,0,0000000,5,3,5,36,5,50,0,0,0,2,1
42,420771,1,1,0,0,0,1,1,89,0,25,9,2011,1,14,5,0,5,3,SR-447,,181,41.24087222,-75.263161110,0,24,0,0,1,1,2,0,1,1,0,1,0,0000000,99,99,99,99,99,99,0,0,0,1,0
42,420772,1,1,0,0,0,2,2,133,0,30,9,2011,6,9,44,1,2,2,US-15,,5,40.04388333,-77.074141670,0,35,0,0,1,1,5,0,1,1,0,1,0,0000000,9,44,9,56,99,99,0,0,0,1,0
42,420773,1,1,0,0,0,1,1,77,110,22,9,2011,5,18,36,0,16,6,EMMETT ST,,0,40.60197500,-75.488075000,0,19,0,0,1,1,4,0,1,1,0,1,0,0000000,99,99,99,99,99,99,0,0,0,1,0
42,420774,2,2,0,0,0,3,3,85,0,27,3,2011,1,12,18,1,13,3,SR-18,WYNWOOD DR,136,41.27149167,-80.440786110,0,12,6,0,2,2,1,0,1,1,0,1,0,0000000,12,21,12,28,13,10,0,0,0,1,0
42,420775,1,1,0,1,1,1,1,75,0,8,9,2011,5,4,32,1,13,2,US-422,,88,40.33936667,-76.453377780,0,8,0,0,8,1,1,0,2,2,0,2,0,0000000,4,35,4,39,4,50,5,0,0,1,0
42,420776,1,1,0,1,1,1,1,29,0,4,9,2011,1,20,25,1,13,3,SR-3,,56,39.96563889,-75.509202780,0,8,0,0,1,1,1,0,2,1,0,1,0,0000000,20,25,20,33,20,57,0,0,0,1,0
42,420777,3,3,0,0,0,4,4,3,6600,4,10,2011,3,10,12,0,13,3,SR-400,ENFIELD STREET,13,40.45406944,-79.949452780,0,12,1,0,2,2,1,0,1,2,0,2,0,0000000,10,10,10,11,10,25,0,0,0,1,0
42,420778,1,1,0,0,0,1,1,79,3780,1,9,2011,5,20,45,0,6,6,NEW STREET,LYNN STREET,0,41.33383333,-75.777536110,0,59,0,0,2,2,6,0,3,1,0,1,0,0000000,20,45,20,49,21,28,0,0,0,1,0
42,420779,1,1,0,1,1,1,1,133,9610,20,9,2011,3,8,33,0,14,3,SR-4001,,35,39.96462500,-76.745069440,0,33,0,0,1,1,4,0,1,2,0,2,0,0000000,8,33,8,48,9,8,0,0,0,1,0
42,420780,1,1,0,0,0,1,1,29,0,21,9,2011,4,20,37,0,14,3,SR-1035,,3,40.17809167,-75.613558330,0,17,0,0,1,1,5,0,2,2,0,2,0,0000000,20,36,20,45,99,99,0,0,0,1,0
42,420781,1,1,0,0,0,1,1,129,0,25,9,2011,1,13,38,0,15,3,SR-4054,,7,40.59839722,-79.594950000,0,53,0,0,1,1,5,0,1,1,0,1,0,0000000,99,99,99,99,99,99,0,0,0,1,1
42,420782,1,1,0,0,0,3,3,95,0,3,9,2011,7,21,21,0,6,5,YOUNG RD,,0,40.75885833,-75.318780560,0,42,0,0,1,1,5,0,2,1,0,1,0,0000000,99,99,99,99,99,99,0,0,0,1,1
42,420783,1,1,0,1,1,1,1,101,6540,29,9,2011,5,6,45,0,14,3,SR-1004,,54,40.01411389,-75.066216670,0,8,0,0,1,1,1,0,1,1,0,1,0,0000000,6,45,6,49,88,88,0,0,0,1,0
42,420784,1,1,0,2,2,1,1,101,6540,26,9,2011,2,14,37,1,13,2,US-1,,74,40.07215278,-75.037444440,0,33,0,0,1,1,4,0,1,1,0,1,0,0000000,14,37,14,45,14,59,0,0,0,1,0
42,420785,1,1,0,1,1,1,1,101,6540,23,9,2011,6,19,37,0,14,3,SR-1003,,2,40.00146111,-75.124661110,0,8,0,0,1,1,1,0,3,2,0,2,0,0000000,19,37,19,44,19,54,5,0,0,1,0
42,420786,1,1,0,0,0,1,1,29,0,17,9,2011,7,2,40,0,13,2,US-30B,,44,39.98423611,-75.844672220,0,30,0,0,1,1,4,0,2,1,0,1,0,0000000,2,40,2,50,88,88,0,0,0,1,1
42,420787,1,1,0,1,1,3,3,49,2640,19,9,2011,2,19,36,0,16,6,SASSAFRAS ST,25 ST,0,42.11145556,-80.077902780,0,8,0,0,3,2,1,0,3,2,0,2,0,0000000,19,37,19,39,19,56,0,0,0,1,0
42,420788,1,1,0,1,1,1,1,21,4010,29,9,2011,5,9,55,0,13,3,SR-271,ENGLEWOOD STREET,105,40.33476389,-78.900661110,0,9,0,0,2,3,1,0,1,1,0,1,0,0000000,9,57,10,0,10,17,0,0,0,1,0
42,420789,2,2,0,0,0,4,4,9,0,6,9,2011,3,16,5,0,6,3,SR-4026,SR-4003,26,40.12048333,-78.587038890,0,12,6,0,2,2,1,0,1,2,0,2,0,0000000,15,57,16,2,99,99,0,0,0,1,0
42,420790,1,1,0,1,1,1,1,11,0,26,9,2011,2,23,35,1,13,2,US-422,,124,40.32675556,-76.043886110,0,8,0,0,1,1,1,0,2,1,0,1,0,0000000,99,99,99,99,99,99,0,0,0,1,0
42,420791,1,1,0,0,0,1,1,101,6540,28,9,2011,4,16,15,0,16,6,FERRY RD,SR-3007,0,40.00741389,-75.192444440,0,39,0,0,3,3,4,0,1,1,0,1,0,0000000,99,99,99,99,88,88,0,0,0,1,1
42,420792,1,1,0,1,1,6,6,13,130,10,9,2011,7,20,29,0,13,3,SR-1001,ROSE HILL DRIVE,68,40.52102778,-78.369363890,0,8,0,0,2,3,1,0,2,1,0,1,0,0000000,20,31,20,27,20,47,0,0,0,1,0
42,420793,2,2,0,0,0,4,4,29,0,28,9,2011,4,20,14,0,14,3,SR-23,SR-1028,89,40.17411389,-75.677844440,0,12,6,0,2,3,1,0,2,2,0,2,0,0000000,20,12,20,28,21,12,0,0,0,1,0
42,420794,1,1,0,0,0,1,1,7,0,2,10,2011,1,3,40,0,3,2,US-30,,47,40.59022778,-80.507766670,0,24,0,0,1,1,2,0,2,1,0,1,0,0000000,99,99,99,99,99,99,0,0,0,1,1
42,420795,1,1,0,1,1,1,1,3,6600,5,10,2011,4,1,24,0,14,3,SR-837,,207,40.42775278,-79.969508330,0,8,0,0,1,1,1,0,3,1,0,1,0,0000000,1,24,1,29,88,88,0,0,0,1,0
42,420796,2,2,0,0,0,3,3,5,0,6,9,2011,3,14,16,0,3,3,SR-85,NORTH AV,91,40.79861944,-79.334325000,0,12,6,0,2,2,1,0,1,2,0,2,0,0000000,14,13,14,25,88,88,22,0,0,2,0
42,420797,2,2,0,0,0,2,2,41,1100,21,9,2011,4,8,20,0,15,3,SR-3025,WALNUT ST,2,40.19696944,-77.197188890,0,12,6,0,2,2,1,0,1,1,0,1,0,0000000,99,99,99,99,99,99,0,0,0,1,0
42,420798,2,2,0,0,0,2,2,81,0,30,9,2011,6,19,23,0,14,3,SR-287,LOSCH LN,7,41.22925833,-77.222011110,0,12,6,0,2,3,1,0,2,1,0,1,0,0000000,19,23,19,38,88,88,0,0,0,1,0
42,420799,2,2,0,0,0,2,2,111,0,5,9,2011,2,14,44,1,1,1,I-76,,1243,39.96412222,-78.833752780,0,25,0,0,1,1,3,0,1,2,0,2,0,0000000,14,46,15,6,88,88,0,0,0,1,0
42,420800,2,1,1,0,0,1,1,9,7423,10,9,2011,7,14,12,0,16,6,MILL ST,,0,40.04950556,-78.646613890,0,14,0,0,1,1,2,0,1,1,0,1,0,0000000,14,9,14,21,88,88,4,22,0,1,1
42,420801,2,2,0,0,0,2,2,97,0,2,9,2011,6,15,6,1,2,3,SR-61,,131,40.83173889,-76.587352780,0,12,2,0,8,1,1,0,1,1,0,1,0,0000000,99,99,99,99,99,99,0,0,0,1,0
42,420802,2,2,0,0,0,2,2,117,0,1,9,2011,5,9,33,0,4,3,SR-249,,136,41.91700833,-77.479955560,0,12,2,0,1,1,1,0,1,2,0,2,0,0000000,9,33,9,54,99,99,0,0,0,1,0
42,420803,2,2,0,0,0,5,5,17,0,2,9,2011,6,10,55,0,6,5,UPPER STATE RD,,0,40.29061389,-75.177455560,0,12,2,0,1,1,1,0,1,1,0,1,0,0000000,10,55,11,2,11,45,0,0,0,1,0
42,420804,1,1,0,0,0,1,1,7,0,13,10,2011,5,22,25,0,4,3,SR-168,,222,40.74478333,-80.476661110,0,18,0,0,1,1,1,0,2,2,0,2,0,0000000,99,99,99,99,99,99,0,0,0,1,0
42,420805,2,1,1,1,1,1,1,17,0,12,9,2011,2,14,26,1,11,1,I-276,,3513,40.13257778,-74.972416670,0,8,0,1,5,1,2,0,1,1,0,1,0,0000000,14,29,14,34,15,4,14,0,0,1,0
42,420806,1,1,0,1,1,1,1,3,6632,19,10,2011,4,6,56,0,13,3,SR-2040,,40,40.34269722,-79.964419440,0,8,0,0,1,1,1,0,3,1,0,1,0,0000000,6,58,7,1,7,30,16,0,0,1,0
42,420807,1,1,0,0,0,2,2,3,6600,28,10,2011,6,17,56,0,16,6,SYCAMORE STREET,ARLINGTON AVENUE,0,40.43030000,-80.000608330,0,25,0,0,2,3,4,0,1,1,0,1,0,0000000,17,59,18,0,18,11,0,0,0,1,0
42,420808,2,2,0,0,0,4,4,131,0,17,9,2011,7,2,45,0,5,3,SR-292,,33,41.45170278,-75.966966670,0,12,2,0,1,1,1,0,2,1,0,1,0,0000000,2,49,3,5,3,30,0,0,0,2,0
42,420809,2,2,0,0,0,2,2,21,0,9,9,2011,6,17,9,0,3,3,SR-36,,63,40.57333611,-78.590377780,0,12,6,0,1,1,1,0,1,2,0,2,0,0000000,17,9,17,23,99,99,0,0,0,1,0
42,420810,2,2,0,0,0,2,2,59,0,14,9,2011,4,14,50,0,3,3,SR-88,SR-188,175,39.93960556,-80.012219440,0,12,6,0,2,2,1,0,1,2,0,2,0,0000000,14,59,15,2,16,10,0,0,0,1,0
42,420811,2,2,0,0,0,4,4,65,0,22,9,2011,5,8,31,1,2,2,US-119,,67,40.96152778,-78.918927780,0,1,0,0,1,1,1,0,1,1,0,1,0,0000000,99,99,99,99,99,99,0,0,0,1,0
42,420812,2,2,0,0,0,2,2,43,0,29,9,2011,5,22,21,0,6,5,JONESTOWN RD,,0,40.31743056,-76.794150000,0,12,8,0,1,1,1,0,2,1,0,1,0,0000000,22,22,22,25,22,59,0,0,0,1,0
42,420813,1,1,0,1,1,1,1,3,8760,29,10,2011,7,11,23,0,16,6,CENTER AVENUE,SR 2073,0,40.50657778,-79.842875000,0,8,0,0,3,2,1,0,1,1,0,1,0,0000000,11,25,11,29,11,54,0,0,0,1,0
42,420814,1,1,0,0,0,1,1,3,6486,21,10,2011,6,12,54,1,11,1,I-376,,813,40.44268333,-79.811511110,0,35,0,0,1,1,4,0,1,1,0,1,0,0000000,12,55,13,2,13,28,0,0,0,1,0
42,420815,1,1,0,0,0,1,1,9,0,13,10,2011,5,22,59,0,4,3,SR-96,,363,40.18524444,-78.599300000,0,35,0,0,1,1,4,0,2,2,0,2,0,0000000,22,57,23,8,88,88,0,0,0,1,0
42,420816,1,1,0,0,0,1,1,37,0,13,10,2011,5,5,50,0,6,6,HARRISON ROAD,,0,41.12824722,-76.332877780,0,1,0,0,1,1,4,0,2,5,0,5,0,0000000,99,99,99,99,99,99,0,0,0,1,0
42,420817,1,1,0,0,0,1,1,61,0,12,10,2011,4,5,0,1,2,2,US-22,,39,40.44702500,-77.958119440,0,32,0,0,1,1,4,0,2,2,0,2,0,0000000,7,17,7,26,88,88,0,0,0,1,0
42,420818,1,1,0,0,0,2,2,27,0,3,10,2011,2,12,40,1,1,1,I-80,,1512,41.00404167,-77.865461110,0,24,0,0,1,1,2,0,1,1,0,1,0,0000000,12,43,12,56,13,5,0,0,0,1,0
42,420819,1,1,0,0,0,1,1,91,2995,3,10,2011,2,21,26,1,1,1,I-476,,347,40.30985000,-75.373400000,0,59,0,0,1,1,6,0,2,1,0,1,0,0000000,99,99,99,99,99,99,0,0,0,1,0
42,420820,1,1,0,0,0,1,1,91,9478,14,10,2011,6,8,0,1,1,1,I-476,,2710,40.20310278,-75.319663890,0,52,0,0,1,1,2,2,1,1,0,1,0,0000000,99,99,99,99,99,99,3,0,0,1,0
42,420821,1,1,0,0,0,1,1,1,0,25,9,2011,1,0,40,0,6,5,BECK RD,,0,39.82205833,-77.118569440,0,24,0,0,1,1,2,0,2,1,0,1,0,0000000,0,39,0,48,88,88,0,0,0,1,1
42,420822,2,2,0,0,0,4,4,11,6900,8,8,2011,2,5,29,0,14,3,SR-2004,S 10TH ST,6,40.33204167,-75.918252780,0,12,6,0,2,2,1,0,3,1,0,1,0,0000000,99,99,99,99,88,88,0,0,0,1,1
42,420823,2,2,0,0,0,7,7,19,0,10,9,2011,7,2,37,1,2,3,SR-8,SR-4010,309,41.07447778,-80.002188890,0,12,6,0,2,2,1,0,2,2,0,2,0,0000000,2,37,2,43,4,30,0,0,0,1,0
42,420824,2,2,0,0,0,2,2,81,0,28,9,2011,4,17,55,1,13,2,US-15,,57,41.21831111,-76.934050000,0,12,6,0,1,1,1,0,1,2,0,2,0,0000000,17,57,18,3,99,99,5,0,0,1,0
42,420825,3,3,0,0,0,5,5,17,0,6,8,2011,7,12,23,1,11,1,I-276,,3483,40.15071944,-75.022941670,0,12,1,0,1,1,1,0,1,1,0,1,0,0000000,99,99,99,99,99,99,0,0,0,1,0
42,420826,2,2,0,0,0,3,3,125,0,3,9,2011,7,18,55,0,3,3,SR-18,,362,40.40130278,-80.403277780,0,12,2,0,1,1,1,0,1,1,0,1,0,0000000,18,56,18,59,19,33,0,0,0,1,1
42,420827,2,2,0,0,0,5,5,97,1472,4,9,2011,1,16,16,1,13,3,SR-61,,112,40.80385833,-76.583125000,0,12,6,0,1,1,1,0,1,1,0,1,0,0000000,99,99,99,99,99,99,0,0,0,1,0
42,420828,2,2,0,0,0,4,4,55,7660,14,9,2011,4,17,58,0,13,2,US-11,LURGAN AV,263,40.04436111,-77.532472220,0,12,6,0,2,3,1,0,1,2,0,2,0,0000000,18,10,18,24,18,45,0,0,0,1,0
42,420829,1,1,0,0,0,1,1,127,0,4,9,2011,1,1,25,0,3,3,SR-590,,153,41.45416389,-75.203355560,0,1,0,0,1,1,2,0,3,1,0,1,0,0000000,1,29,1,35,88,88,0,0,0,1,1
42,420830,1,1,0,1,1,1,1,15,0,29,9,2011,5,1,8,1,2,2,US-6,,299,41.77395833,-76.400611110,0,8,0,0,1,1,1,0,2,5,0,5,0,0000000,1,8,1,11,99,99,5,0,0,1,0
42,420831,2,2,0,0,0,2,2,91,0,25,9,2011,1,15,8,0,15,3,SR-4006,,17,40.15398056,-75.418705560,0,12,2,0,1,1,1,0,1,1,0,1,0,0000000,15,10,15,13,15,55,0,0,0,1,1
42,420832,2,2,0,0,0,2,2,75,0,6,9,2011,3,14,45,0,4,3,SR-419,,45,40.28801111,-76.367908330,0,12,1,0,1,1,1,0,1,2,0,2,0,0000000,15,15,15,35,16,3,0,0,0,1,0
42,420833,1,1,0,0,0,1,1,17,0,25,10,2011,3,23,24,0,5,3,SR-2081,,58,40.27545278,-74.938638890,0,42,0,0,1,1,4,0,2,1,0,1,0,0000000,99,99,99,99,99,99,0,0,0,1,0
42,420834,1,1,0,1,1,2,2,63,0,10,10,2011,2,19,9,0,3,3,SR-286,,315,40.68273889,-78.997911110,0,8,0,0,1,1,1,0,2,1,0,1,0,0000000,19,8,19,20,88,88,0,0,0,1,0
42,420835,1,1,0,0,0,2,2,129,0,9,10,2011,1,13,52,1,13,2,US-30,,240,40.28544167,-79.386219440,0,7,0,0,1,1,1,0,1,1,0,1,0,0000000,99,99,99,99,99,99,0,0,0,1,0
42,420836,1,1,0,0,0,1,1,11,0,5,10,2011,4,18,52,1,1,1,I-78,,384,40.57945556,-75.837191670,0,18,0,0,1,1,2,0,1,1,0,1,0,0000000,99,99,99,99,99,99,0,0,0,1,0
42,420837,1,1,0,0,0,1,1,51,0,26,10,2011,4,22,51,0,3,3,SR-381,,220,39.94766667,-79.451727780,0,42,0,0,1,1,4,0,2,2,0,2,0,0000000,22,50,23,5,23,32,0,0,0,1,0
42,420838,1,1,0,1,1,1,1,91,0,22,10,2011,7,23,19,1,13,2,US-30,,61,40.02387500,-75.323344440,0,8,0,0,1,1,1,0,3,1,0,1,0,0000000,99,99,99,99,99,99,0,0,0,1,1
42,420839,2,2,0,0,0,3,3,71,0,12,9,2011,2,19,27,0,15,3,SR-324,,94,39.97538333,-76.309469440,0,5,0,0,1,1,1,0,1,1,0,1,0,0000000,19,27,19,35,88,88,14,0,0,1,0
42,420840,2,2,0,0,0,4,4,63,0,2,9,2011,6,10,20,1,2,2,US-22,,58,40.45122778,-79.164033330,0,12,1,0,1,1,1,0,1,1,0,1,0,0000000,10,25,10,28,11,10,0,0,0,2,0
42,420841,1,1,0,0,0,2,2,17,0,29,10,2011,7,7,50,0,13,3,SR-2033,,66,40.20548333,-74.902988890,0,42,0,0,1,1,6,0,3,2,0,2,0,0000000,7,50,7,55,88,88,0,0,0,2,0
42,420842,1,1,0,0,0,1,1,91,0,28,10,2011,6,13,0,0,14,6,LLANDRILLO ROAD,TREVOR LANE,0,40.00932222,-75.230930560,0,7,0,0,2,4,1,0,1,1,0,1,0,0000000,13,1,13,6,13,28,0,0,0,1,0
42,420843,2,2,0,0,0,4,4,37,0,30,5,2011,2,17,25,0,13,2,US-11,,20,40.97980833,-76.490869440,0,12,6,0,8,1,1,0,1,1,0,1,0,0000000,99,99,99,99,99,99,0,0,0,1,1
42,420844,2,1,1,0,0,1,1,77,660,27,9,2011,3,1,21,0,16,6,CONESTOGA RD,,0,40.62462500,-75.384536110,0,14,0,0,1,1,2,0,3,1,0,1,0,0000000,99,99,99,99,99,99,22,0,0,1,0
42,420845,2,2,0,0,0,2,2,71,0,24,9,2011,7,18,21,0,13,3,SR-72,,31,40.07002500,-76.331713890,0,12,6,0,8,1,1,0,1,1,0,1,0,0000000,18,21,18,29,88,88,0,0,0,1,0
42,420846,2,2,0,0,0,4,4,133,0,25,9,2011,1,8,46,0,6,3,SR-3059,,15,39.90011111,-76.877908330,0,12,2,0,1,1,1,0,1,1,0,1,0,0000000,8,47,8,58,9,56,0,0,0,1,0
42,420847,2,2,0,0,0,3,3,81,9380,18,9,2011,1,21,58,1,13,2,US-15,I-180-SR8001 RAMP,99,41.23909167,-76.999366670,0,12,6,1,2,7,1,0,3,1,0,1,0,0000000,22,0,22,3,22,25,0,0,0,1,1
42,420848,2,1,1,0,0,1,1,17,0,3,9,2011,7,13,3,0,6,5,YOUNG BIRCH RD,,0,40.12894444,-74.863497220,0,14,0,0,1,1,7,0,1,1,0,1,0,0000000,13,4,13,10,13,31,0,0,0,1,0
42,420849,2,2,0,0,0,3,3,129,5880,18,9,2011,1,20,55,0,15,3,SR-780,,4,40.56398056,-79.748333330,0,12,2,0,1,1,1,0,2,1,0,1,0,0000000,20,58,21,1,22,2,0,0,0,1,1
42,420850,2,2,0,0,0,3,3,19,0,23,9,2011,6,18,31,1,13,3,SR-8,,98,40.81083056,-79.927505560,0,24,0,0,1,1,2,0,1,1,0,1,0,0000000,99,99,99,99,99,99,0,0,0,1,0
42,420851,2,2,0,0,0,2,2,79,250,14,9,2011,4,21,23,0,14,3,SR-309,,237,41.20682222,-75.895702780,0,12,2,0,1,1,1,0,2,1,0,1,0,0000000,21,29,21,34,21,58,0,0,0,1,1
42,420852,3,3,0,0,0,5,5,107,0,24,8,2011,4,21,35,1,2,3,SR-309,,39,40.72825833,-75.871719440,0,18,0,0,1,1,1,0,2,1,0,1,0,0000000,99,99,99,99,99,99,0,0,0,1,0
42,420853,2,2,0,0,0,3,3,5,0,3,9,2011,7,0,19,1,2,3,SR-28,,256,40.96371944,-79.362658330,0,12,7,0,1,1,1,0,2,1,0,1,0,0000000,99,99,99,99,99,99,0,0,0,1,1
42,420854,2,1,1,0,0,1,1,129,0,11,9,2011,1,20,37,0,6,5,GOVERNMENT RD,,0,40.36683889,-79.690297220,0,14,0,0,1,1,2,0,1,1,0,1,0,0000000,20,38,20,43,88,88,0,0,0,1,1
42,420855,2,2,0,0,0,2,2,125,0,19,9,2011,2,12,4,0,3,3,SR-136,TURNPIKE RAMP RD,152,40.19716389,-79.988277780,0,12,6,1,2,2,1,0,1,1,0,1,0,0000000,12,2,12,10,12,51,22,4,0,1,0
42,420856,2,2,0,0,0,2,2,43,0,3,9,2011,7,12,6,1,13,2,US-322,,8,40.25365556,-76.800913890,0,1,0,1,18,1,1,0,1,1,0,1,0,0000000,12,11,12,18,12,33,0,0,0,1,0
42,420857,1,1,0,0,0,1,1,21,0,9,10,2011,1,12,25,0,5,3,SR-1016,,12,40.61883611,-78.476694440,0,42,0,0,1,1,4,0,1,1,0,1,0,0000000,12,24,12,37,88,88,0,0,0,1,0
42,420858,1,1,0,0,0,1,1,31,0,9,10,2011,1,18,55,0,5,3,SR-4004,,29,41.38448889,-79.323775000,0,34,0,0,1,1,4,0,1,1,0,1,0,0000000,99,99,99,99,99,99,0,0,0,1,1
42,420859,1,1,0,1,1,1,1,29,2040,5,10,2011,4,12,33,0,16,6,PENNSYLVANIA AVENUE,,0,40.00365278,-75.713030560,0,8,0,0,1,1,1,0,1,1,0,1,0,0000000,20,36,20,45,22,20,0,0,0,1,1
42,420860,1,1,0,0,0,3,3,49,0,30,10,2011,1,23,7,0,3,3,SR-197,,118,42.01142222,-80.010719440,0,34,0,0,1,1,6,0,3,1,0,1,0,0000000,23,3,23,12,99,99,0,0,0,1,1
42,420861,3,3,0,0,0,3,3,73,6835,16,9,2011,6,21,48,0,3,3,SR-208,,32,41.10790278,-80.463822220,0,12,2,0,1,1,1,0,2,1,0,1,0,0000000,21,57,22,30,0,1,0,0,0,1,1
42,420862,1,1,0,0,0,1,1,99,0,7,10,2011,6,2,30,0,3,3,SR-8011,,1,40.54249722,-77.150555560,0,24,0,1,5,1,2,0,2,1,0,1,0,0000000,99,99,99,99,99,99,0,0,0,1,0
42,420863,1,1,0,0,0,1,1,77,0,30,10,2011,1,12,30,0,16,6,WOODBINE STREET,,0,40.71790833,-75.585075000,0,1,0,0,1,1,4,0,1,1,0,1,0,0000000,99,99,99,99,99,99,0,0,0,1,0
42,420864,1,1,0,0,0,1,1,5,0,16,10,2011,1,0,25,0,3,3,SR-85,,84,40.80130556,-79.345083330,0,30,0,0,1,1,2,0,2,1,0,1,0,0000000,99,99,99,99,99,99,0,0,0,1,1
42,420865,2,2,0,0,0,2,2,107,0,18,9,2011,1,19,4,0,6,5,STATE RD,,0,40.79193889,-76.086250000,0,12,2,0,1,1,1,0,5,1,0,1,0,0000000,99,99,99,99,99,96,0,0,0,1,1
42,420866,2,2,0,1,1,1,1,43,0,28,9,2011,4,1,51,1,1,1,I-81,,789,40.36986944,-76.685450000,0,12,7,0,1,1,1,0,2,5,0,5,0,0000000,99,99,99,99,88,88,0,0,0,1,0
42,420867,2,2,0,0,0,2,2,77,0,30,9,2011,6,6,51,0,15,3,SR-1014,2ND ST,9,40.65839444,-75.488247220,0,12,6,0,2,2,1,0,3,1,0,1,0,0000000,99,99,99,99,99,99,0,0,0,1,0
42,420868,1,1,0,0,0,2,2,35,0,29,9,2011,5,22,6,0,3,3,SR-150,,27,41.08658056,-77.545783330,0,35,0,0,1,1,5,0,2,1,0,1,0,0000000,22,6,22,16,22,48,0,0,0,1,0
42,420869,2,2,0,0,0,2,2,101,6540,22,9,2011,5,7,30,0,16,6,BUTLER ST,GLENWOOD AV,0,40.00050556,-75.096466670,0,12,6,0,2,4,1,0,1,1,0,1,0,0000000,7,32,7,49,8,39,0,0,0,1,0
42,420870,2,2,0,1,1,2,2,101,6540,16,9,2011,6,18,0,0,15,3,SR-3009,,1,39.96241667,-75.157988890,0,8,0,0,1,1,1,0,1,1,0,1,0,0000000,17,59,18,3,18,16,14,0,0,1,0
42,420871,1,1,0,0,0,3,3,45,7020,30,10,2011,1,19,15,1,11,1,I-95,,74,39.86885000,-75.330225000,0,25,0,0,1,1,3,0,3,1,0,1,0,0000000,99,99,99,99,99,99,0,0,0,1,0