STATE,ST_CASE,VE_TOTAL,VE_FORMS,PVH_INVL,PEDS,PERNOTMVIT,PERMVIT,PERSONS,COUNTY,CITY,DAY,MONTH,YEAR,DAY_WEEK,HOUR,MINUTE,NHS,ROAD_FNC,ROUTE,TWAY_ID,TWAY_ID2,MILEPT,LATITUDE,LONGITUD,SP_JUR,HARM_EV,MAN_COLL,RELJCT1,RELJCT2,TYP_INT,REL_ROAD,WRK_ZONE,LGT_COND,WEATHER1,WEATHER2,WEATHER,SCH_BUS,RAIL,NOT_HOUR,NOT_MIN,ARR_HOUR,ARR_MIN,HOSP_HR,HOSP_MN,CF1,CF2,CF3,FATALS,DRUNK_DR
42,420872,1,1,0,0,0,4,4,17,0,30,10,2011,1,3,31,1,11,1,I-95,,406,40.12913056,-74.889938890,0,24,0,0,1,1,2,0,2,2,0,2,0,0000000,3,5,3,41,99,99,0,0,0,2,1
42,420873,1,1,0,1,1,1,1,101,6540,24,10,2011,2,23,29,1,11,1,I-95,,239,39.97669444,-75.113733330,0,8,0,0,1,1,1,0,3,1,0,1,0,0000000,23,23,23,29,23,56,19,0,0,1,0
42,420874,1,1,0,0,0,10,10,49,0,6,10,2011,5,2,50,0,3,3,SR-197,,52,41.92576389,-79.937708330,0,5,0,0,1,1,1,0,2,1,0,1,0,0000000,99,99,99,99,88,88,0,0,0,1,0
42,420875,1,1,0,1,1,1,1,91,0,15,10,2011,7,2,54,1,11,1,I-276,,3393,40.13580278,-75.178738890,0,8,0,0,1,1,1,0,2,1,0,1,0,0000000,2,53,3,0,88,88,0,0,0,1,0
42,420876,1,1,0,0,0,1,1,31,0,16,10,2011,1,0,5,0,6,5,CARWICK RD,,0,41.07392778,-79.497952780,0,42,0,0,1,1,4,0,2,1,0,1,0,0000000,0,4,0,12,0,38,0,0,0,1,1
42,420877,1,1,0,0,0,1,1,89,0,23,10,2011,1,2,54,0,6,5,EFFORT NEOLA RD,,0,40.93929444,-75.421100000,0,42,0,0,1,1,4,0,2,1,0,1,0,0000000,2,48,2,52,88,88,0,0,0,1,1
42,420878,6,1,5,0,0,2,2,41,1100,14,8,2011,1,23,46,0,16,6,BEDFORD ST,,0,40.20649444,-77.185125000,0,14,0,0,1,1,4,0,3,1,0,1,0,0000000,23,43,23,48,99,99,20,0,0,1,0
42,420879,1,1,0,0,0,1,1,89,0,15,10,2011,7,0,45,0,6,3,SR-3028,,8,40.99357500,-75.342052780,0,42,0,0,1,1,4,0,2,1,0,1,0,0000000,99,99,99,99,88,88,0,0,0,1,1
42,420880,1,1,0,0,0,1,1,69,0,18,10,2011,3,20,30,1,1,1,I-380,,215,41.34503889,-75.560977780,0,24,0,0,1,1,4,0,2,1,0,1,0,0000000,20,32,20,40,21,0,0,0,0,1,1
42,420881,1,1,0,0,0,3,3,25,0,28,10,2011,6,14,40,0,6,6,WETZEL RUN DRIVE,,0,40.92205000,-75.868091670,0,17,0,0,1,1,2,0,1,1,0,1,0,0000000,99,99,99,99,99,99,0,0,0,1,0
42,420882,1,1,0,0,0,2,2,17,9503,27,10,2011,5,10,40,0,13,3,SR-413,,151,40.26642778,-74.982330560,0,42,0,0,1,1,6,0,1,2,0,2,0,0000000,10,41,10,49,11,29,0,0,0,1,0
42,420883,1,1,0,0,0,2,2,29,0,26,10,2011,4,11,50,0,13,3,SR-23,,96,40.17475000,-75.664525000,0,30,0,0,1,1,4,0,1,1,0,1,0,0000000,14,3,14,12,14,41,0,0,0,1,0
42,420884,1,1,0,0,0,2,2,49,0,30,10,2011,1,4,24,1,1,1,I-90,,127,41.98413889,-80.288413890,0,1,0,0,1,1,1,0,2,1,0,1,0,0000000,99,99,99,99,99,99,0,0,0,1,0
42,420885,1,1,0,0,0,3,3,71,0,2,10,2011,1,1,49,0,6,5,DONNERVILLE RD,SR-3017,0,40.05189167,-76.415577780,0,33,0,0,3,3,4,0,3,2,0,2,0,0000000,99,99,99,99,99,99,0,0,0,1,1
42,420886,1,1,0,0,0,1,1,7,0,18,11,2011,6,0,1,0,14,3,SR-8003,,4,40.60149444,-80.298677780,0,34,0,1,5,1,4,0,3,1,0,1,0,0000000,99,99,99,99,99,99,0,0,0,1,1
42,420887,1,1,0,0,0,2,2,3,0,14,11,2011,2,7,58,0,14,3,SR-1001,,201,40.63816111,-79.711547220,0,33,0,0,1,1,5,0,3,2,0,2,0,0000000,99,99,99,99,99,99,0,0,0,2,0
42,420888,1,1,0,1,1,1,1,129,0,22,10,2011,7,6,0,0,14,3,SR-819,,52,40.13643056,-79.547861110,0,8,0,0,1,1,1,0,2,1,0,1,0,0000000,6,15,6,19,7,24,0,0,0,1,0
42,420889,1,1,0,2,2,1,1,41,0,27,10,2011,5,20,10,0,14,3,SR-2018,SELWICK RD,11,40.23117222,-76.898388890,0,8,0,0,3,3,1,0,3,1,0,1,0,0000000,20,10,20,28,20,46,0,0,0,1,0
42,420890,1,1,0,0,0,3,3,87,0,28,10,2011,6,17,40,0,5,3,SR-4006,,76,40.68411667,-77.642894440,0,42,0,0,1,1,4,0,1,1,0,1,0,0000000,17,42,17,49,99,99,0,0,0,2,0
42,420891,1,1,0,0,0,2,2,91,0,8,10,2011,7,1,15,0,15,3,SR-1004,,7,40.24510556,-75.317466670,0,59,0,0,1,1,5,0,2,1,0,1,0,0000000,1,23,1,26,2,5,0,0,0,1,1
42,420892,1,1,0,0,0,1,1,17,0,16,10,2011,1,17,7,1,12,2,US-1,,10,40.13075833,-74.967783330,0,1,0,0,1,1,1,0,1,1,0,1,0,0000000,17,7,17,15,17,37,0,0,0,1,0
42,420893,1,1,0,0,0,1,1,129,0,22,10,2011,7,22,25,0,15,3,SR-3015,,33,40.17653611,-79.844927780,0,1,0,0,1,1,5,0,2,1,0,1,0,0000000,22,25,22,34,88,88,4,2,0,1,0
42,420894,2,2,0,0,0,2,2,17,0,20,10,2011,5,16,30,1,13,3,SR-132,,137,40.10109167,-74.948877780,0,12,6,0,1,1,1,0,1,1,0,1,0,0000000,16,31,16,35,16,50,0,0,0,1,0
42,420895,1,1,0,1,1,2,2,97,8270,27,10,2011,5,21,8,0,14,3,SR-4004,,1,40.86217778,-76.790555560,0,8,0,0,1,1,1,0,3,2,0,2,0,0000000,99,99,99,99,99,99,0,0,0,1,0
42,420896,1,1,0,0,0,1,1,19,9670,10,10,2011,2,3,33,0,14,3,SR-68,,14,40.79755000,-80.133905560,0,1,0,0,1,1,1,0,3,1,0,1,0,0000000,3,35,3,38,4,30,0,0,0,1,0
42,420897,1,1,0,0,0,1,1,69,5480,9,10,2011,1,18,18,0,14,3,SR-502,,8,41.35131389,-75.714552780,0,31,0,0,1,1,5,0,1,1,0,1,0,0000000,18,20,18,28,88,88,0,0,0,1,0
42,420898,1,1,0,1,1,1,1,89,0,19,10,2011,4,22,2,0,5,3,SR-4002,,63,41.07521667,-75.434677780,0,8,0,0,1,1,1,0,2,2,0,2,0,0000000,22,3,22,20,23,3,0,0,0,1,0
42,420899,1,1,0,1,1,2,2,77,110,4,10,2011,3,20,22,0,14,3,SR-2005,,47,40.58423889,-75.476177780,0,8,0,0,1,1,1,0,2,1,0,1,0,0000000,20,25,20,27,20,45,0,0,0,1,0
42,420900,2,2,0,0,0,2,2,133,0,26,10,2011,4,13,15,1,13,2,US-30,,267,40.03145000,-76.543988890,0,12,1,0,1,1,1,1,1,1,0,1,0,0000000,99,99,99,99,99,99,0,0,0,1,0
42,420901,2,2,0,0,0,3,3,31,0,1,10,2011,7,12,55,1,2,2,US-322,,59,41.26667778,-79.501794440,0,12,2,0,1,1,1,0,1,2,0,2,0,0000000,12,54,12,57,13,40,0,0,0,2,0
42,420902,2,2,0,0,0,3,3,125,0,8,10,2011,7,17,10,0,14,3,SR-844,,144,40.18880000,-80.274350000,0,12,6,0,8,1,1,0,1,1,0,1,0,0000000,17,14,17,21,88,88,0,0,0,1,0
42,420903,2,2,0,0,0,3,3,129,0,22,10,2011,7,3,18,1,11,1,I-70,,462,40.15379444,-79.781341670,0,12,1,0,1,1,1,0,2,1,0,1,0,0000000,99,99,99,99,99,99,0,0,0,1,1
42,420904,2,2,0,0,0,3,3,9,9997,8,10,2011,7,23,50,0,4,3,SR-1036,,23,40.16688333,-78.218705560,0,12,2,0,1,1,1,0,2,1,0,1,0,0000000,23,59,0,6,99,99,0,0,0,1,2
42,420905,3,3,0,0,0,4,4,3,3013,18,9,2011,1,5,24,1,11,1,I-79,,725,40.61000833,-80.094947220,0,12,8,0,1,1,1,0,3,1,0,1,0,0000000,5,23,5,31,6,37,0,0,0,1,0
42,420906,1,1,0,0,0,1,1,73,0,19,11,2011,7,19,55,0,6,6,SHAFFER ROAD,,0,40.94404722,-80.227530560,0,42,0,0,1,1,2,0,2,1,0,1,0,0000000,19,56,20,10,88,88,0,0,0,1,1
42,420907,1,1,0,0,0,1,1,11,0,15,10,2011,7,23,13,0,15,3,SR-419,,5,40.35787500,-76.189002780,0,35,0,0,1,1,2,0,2,1,0,1,0,0000000,99,99,99,99,99,99,0,0,0,1,1
42,420908,1,1,0,1,1,1,1,63,0,26,10,2011,4,16,16,0,4,3,SR-259,HARRISON AVENUE,5,40.40391944,-79.137138890,0,8,0,0,2,2,1,0,1,1,0,1,0,0000000,16,11,16,19,17,10,0,0,0,1,0
42,420909,3,3,0,0,0,4,4,89,0,28,9,2011,4,13,3,0,3,3,SR-611,OLD MILL RD,133,41.03975278,-75.305808330,0,12,6,0,2,3,1,0,1,2,0,2,0,0000000,99,99,99,99,99,99,0,0,0,1,0
42,420910,1,1,0,0,0,2,2,51,0,2,10,2011,1,5,51,0,6,6,MARTIN ROAD,,0,39.76745833,-79.457030560,0,42,0,0,1,1,4,0,2,5,0,5,0,0000000,5,48,5,52,88,88,0,0,0,2,1
42,420911,1,1,0,0,0,1,1,95,0,2,10,2011,1,11,52,0,14,3,SR-3017,,17,40.68568333,-75.446916670,0,30,0,0,1,1,6,0,1,1,0,1,0,0000000,99,99,99,99,99,99,0,0,0,1,0
42,420912,2,2,0,0,0,2,2,11,0,10,10,2011,2,10,9,1,13,2,US-422,SR-2033,237,40.29885278,-75.846747220,0,12,6,0,2,3,1,0,1,1,0,1,0,0000000,99,99,99,99,99,99,0,0,0,1,0
42,420913,1,1,0,0,0,1,1,37,0,13,10,2011,5,5,20,1,11,1,I-80,,2384,41.03588889,-76.371019440,0,35,0,0,1,1,3,0,2,1,0,1,0,0000000,99,99,99,99,99,99,0,0,0,1,1
42,420914,1,1,0,0,0,2,2,81,0,16,10,2011,1,17,25,1,2,2,US-15,,217,41.37746667,-77.067097220,0,24,0,0,1,1,6,0,1,1,0,1,0,0000000,17,25,17,41,18,14,0,0,0,1,1
42,420915,2,2,0,0,0,2,2,107,0,8,10,2011,7,10,22,0,3,2,US-209,SR-1013,348,40.76477500,-76.036044440,0,12,6,0,2,2,1,0,1,1,0,1,0,0000000,99,99,99,99,88,88,0,0,0,1,0
42,420916,1,1,0,0,0,2,2,29,0,4,10,2011,3,12,25,0,3,3,SR-401,,113,40.10220000,-75.660341670,0,35,0,0,1,1,6,0,1,1,0,1,0,0000000,12,25,12,33,13,5,0,0,0,1,0
42,420917,1,1,0,1,1,2,2,27,8100,8,10,2011,7,19,35,0,13,3,SR-3014,,50,40.78454444,-77.847455560,0,8,0,0,1,1,1,0,2,1,0,1,0,0000000,19,37,19,42,20,2,0,0,0,1,0
42,420918,2,2,0,0,0,5,5,77,0,9,10,2011,1,14,55,0,5,3,SR-4033,SR-4040,42,40.64726389,-75.751650000,0,12,6,0,2,2,1,0,1,1,0,1,0,0000000,14,54,15,5,15,38,0,0,0,1,0
42,420919,1,1,0,0,0,2,2,79,0,15,10,2011,7,20,22,0,15,3,SR-3044,,1,40.95159167,-75.960363890,0,42,0,0,1,1,6,0,2,1,0,1,0,0000000,20,23,20,25,21,15,0,0,0,1,1
42,420920,2,2,0,0,0,3,3,1,0,20,10,2011,5,15,30,0,5,3,SR-2029,SPEELMAN KLINGER RD,29,39.76496667,-77.163033330,0,12,6,0,2,2,1,0,1,1,0,1,0,0000000,99,99,99,99,88,88,0,0,0,1,0
42,420921,1,1,0,0,0,1,1,65,6840,31,10,2011,2,14,34,1,13,2,US-119,,27,40.93963056,-78.974886110,0,24,0,0,1,1,2,0,1,1,0,1,0,0000000,99,99,99,99,99,99,0,0,0,1,0
42,420922,2,2,0,0,0,3,3,63,0,23,10,2011,1,16,50,0,4,3,SR-2013,SR-403,27,40.43057778,-78.994472220,0,12,6,0,2,2,1,0,1,1,0,1,0,0000000,16,49,16,56,17,28,0,0,0,1,0
42,420923,1,1,0,0,0,1,1,37,0,29,10,2011,7,11,43,0,3,3,SR-487,,7,40.89301111,-76.508855560,0,42,0,0,1,1,6,0,1,4,0,4,0,0000000,11,48,12,4,88,88,0,0,0,1,0
42,420924,1,1,0,1,1,2,2,129,5645,31,10,2011,2,20,47,1,13,2,US-22,,21,40.42358889,-79.664952780,0,8,0,0,8,1,1,0,2,2,0,2,0,0000000,20,48,20,51,21,50,0,0,0,1,0
42,420925,2,2,0,0,0,7,7,9,0,2,10,2011,1,8,59,0,6,6,JACKSON MILL RD,BREEZEWOOD RD,0,39.96566111,-78.256886110,0,12,6,0,2,3,1,0,1,2,0,2,0,0000000,8,57,9,8,9,32,22,4,0,1,0
42,420926,2,2,0,0,0,3,3,49,2640,28,10,2011,6,13,47,0,16,6,21ST ST,GREENGARDEN BL,0,42.10324722,-80.111166670,0,12,6,0,2,2,1,0,1,1,0,1,0,0000000,13,50,13,56,14,14,0,0,0,1,0
42,420927,2,2,0,0,0,2,2,117,0,21,10,2011,6,7,55,0,5,3,SR-1011,,60,41.92396667,-76.944163890,0,12,6,0,1,1,1,0,1,1,0,1,0,0000000,8,0,8,10,99,99,0,0,0,1,1
42,420928,2,2,0,0,0,2,2,49,8890,8,10,2011,7,3,27,0,3,2,US-19,,51,41.94970000,-79.990438890,0,12,2,0,1,1,1,0,3,1,0,1,0,0000000,99,99,99,99,88,88,0,0,0,1,1
42,420929,2,2,0,0,0,2,2,41,0,6,10,2011,5,14,52,1,11,1,I-81,I-81-SR8025 RAMP,479,40.19183333,-77.167177780,0,12,6,1,5,1,1,0,1,1,0,1,0,0000000,14,53,14,56,99,99,0,0,0,1,0
42,420930,3,3,0,0,0,6,6,103,0,26,9,2011,2,10,3,0,3,2,US-6,,199,41.35038611,-74.872930560,0,12,1,0,8,1,1,0,1,1,0,1,0,0000000,9,59,10,17,10,54,0,0,0,1,0
42,420931,1,1,0,1,1,1,1,15,8600,13,9,2011,3,13,45,0,3,3,SR-14,,144,41.77533889,-76.792113890,0,8,0,0,1,1,1,0,1,1,0,1,0,0000000,99,99,99,99,88,88,0,0,0,1,0
42,420932,2,2,0,0,0,4,4,13,0,9,10,2011,1,16,30,1,11,1,I-99,,296,40.46103889,-78.423325000,0,12,7,0,1,1,1,0,1,1,0,1,0,0000000,16,26,16,30,16,48,0,0,0,1,0
42,420933,2,2,0,0,0,2,2,27,0,20,10,2011,5,6,15,1,1,1,I-80,,1707,41.02348056,-77.563336110,0,12,1,0,1,1,1,0,2,2,0,2,0,0000000,99,99,99,99,88,88,0,0,0,1,1
42,420934,2,2,0,0,0,3,3,115,0,12,10,2011,4,17,50,0,4,3,SR-267,,16,41.66553611,-76.043097220,0,12,2,0,1,1,1,0,2,2,0,2,0,0000000,17,50,18,5,19,5,0,0,0,1,0
42,420935,2,2,0,0,0,2,2,43,0,30,10,2011,1,19,57,0,5,3,SR-1009,,37,40.61723333,-76.783855560,0,12,2,0,1,1,1,0,2,1,0,1,0,0000000,20,8,20,15,88,88,0,0,0,2,1
42,420936,2,2,0,0,0,2,2,133,0,23,10,2011,1,12,56,0,4,3,SR-24,,80,39.81940556,-76.605980560,0,12,2,0,1,1,1,0,1,1,0,1,0,0000000,12,51,12,59,99,99,0,0,0,1,0
42,420937,2,2,0,0,0,2,2,63,0,26,10,2011,4,9,54,0,3,3,SR-56,,121,40.47656111,-79.041130560,0,12,6,0,1,1,1,0,1,1,0,1,0,0000000,9,56,10,1,88,88,0,0,0,1,0
42,420938,2,2,0,0,0,3,3,87,0,8,10,2011,7,16,30,1,2,2,US-22,,85,40.47420833,-77.783530560,0,12,6,0,1,1,1,0,1,1,0,1,0,0000000,16,44,16,55,99,99,0,0,0,2,1
42,420939,1,1,0,0,0,2,2,89,0,29,10,2011,7,22,5,1,11,1,I-80,,3028,40.99590833,-75.264255560,0,1,0,0,1,1,3,0,2,4,0,4,0,0000000,99,99,99,99,99,99,0,0,0,1,1
42,420940,2,2,0,0,0,3,3,89,0,29,10,2011,7,14,24,0,14,3,SR-611,,83,40.99231944,-75.242702780,0,12,6,0,1,1,1,0,1,4,0,4,0,0000000,99,99,99,99,99,99,0,0,0,1,0
42,420941,1,1,0,0,0,1,1,133,0,29,10,2011,7,2,10,1,2,3,SR-94,,14,39.73675833,-76.931025000,0,30,0,0,1,1,2,0,3,2,0,2,0,0000000,2,35,2,41,3,10,0,0,0,1,1
42,420942,1,1,0,0,0,1,1,41,0,28,10,2011,6,19,43,0,4,3,SR-74,,152,40.26975000,-77.262772220,0,42,0,0,1,1,6,0,2,1,0,1,0,0000000,99,99,99,99,99,99,0,0,0,1,1
42,420943,1,1,0,1,1,1,1,55,1230,13,10,2011,5,0,51,1,13,2,US-30,,178,39.93780278,-77.663450000,0,8,0,0,1,1,1,0,3,2,0,2,0,0000000,99,99,99,99,99,99,0,0,0,1,0
42,420944,4,2,2,0,0,4,4,101,6540,6,10,2011,5,2,10,0,16,6,LOCUST ST,FIFTYFIRST ST,0,39.95556389,-75.223794440,0,12,6,0,2,2,1,0,3,1,0,1,0,0000000,2,12,2,18,3,6,0,0,0,1,1
42,420945,1,1,0,1,1,1,1,101,6540,11,10,2011,3,22,30,0,14,3,SR-2016,GAUL STREET,48,39.98702778,-75.105083330,0,8,0,0,2,2,1,0,3,1,0,1,0,0000000,22,35,22,40,23,5,0,0,0,1,0
42,420946,1,1,0,0,0,2,2,13,0,28,10,2011,6,20,36,0,16,6,SAINT FRANCIS LANE,,0,40.53811111,-78.362086110,0,1,0,0,1,1,1,0,2,1,0,1,0,0000000,20,37,20,46,21,8,0,0,0,1,1
42,420947,3,3,0,0,0,3,3,87,0,10,10,2011,2,19,20,1,2,2,US-22,,159,40.54488889,-77.681255560,0,12,8,0,1,1,1,0,2,1,0,1,0,0000000,19,20,19,29,19,46,0,0,0,1,0
42,420948,1,1,0,0,0,1,1,41,0,27,12,2011,3,5,33,1,11,1,I-81,,594,40.27619167,-76.987825000,0,24,0,0,1,1,4,0,2,1,0,1,0,0000000,99,99,99,99,99,99,0,0,0,1,0
42,420949,1,1,0,0,0,1,1,47,0,6,11,2011,1,15,29,0,3,3,SR-66,,91,41.62270278,-78.828127780,0,24,0,0,1,1,2,0,1,1,0,1,0,0000000,99,99,99,99,99,99,0,0,0,1,0
42,420950,4,4,0,0,0,5,5,45,0,14,10,2011,6,13,45,1,13,2,US-322,MATTSON RD,22,39.86673889,-75.492377780,0,12,1,0,3,2,1,0,1,1,0,1,0,0000000,99,99,99,99,99,99,0,0,0,1,0
42,420951,1,1,0,0,0,2,2,43,0,11,11,2011,6,7,5,0,16,3,SR-2007,,6,40.17185000,-76.663094440,0,53,0,0,1,1,6,0,1,1,0,1,0,0000000,99,99,99,99,99,99,0,0,0,1,1
42,420952,3,3,0,0,0,5,5,69,2120,6,10,2011,5,16,53,1,12,2,US-6-SR8024 RAMP RD,,81,41.41990000,-75.609055560,0,42,0,1,5,1,5,0,1,1,0,1,0,0000000,16,53,16,59,88,88,0,0,0,2,0
42,420953,2,2,0,0,0,2,2,3,6115,3,10,2011,2,7,50,0,13,3,SR-148,SR-2039,54,40.36742778,-79.818613890,0,12,6,0,2,3,1,1,1,2,10,2,0,0000000,7,50,7,53,8,5,0,0,0,1,0
42,420954,3,3,0,0,0,8,8,101,6540,22,10,2011,7,17,33,1,11,1,I-76,,3409,39.99616667,-75.196958330,0,12,1,0,1,1,1,0,1,1,0,1,0,0000000,17,40,17,49,18,57,0,0,0,1,1
42,420955,3,3,0,0,0,3,3,7,0,9,12,2011,6,5,50,0,3,2,US-30,,7,40.59001667,-80.506727780,0,35,0,0,1,1,2,0,2,1,0,1,0,0000000,99,99,99,99,99,99,0,0,0,1,0
42,420956,3,3,0,0,0,3,3,27,0,7,10,2011,6,16,25,1,13,2,US-322,,179,40.78180278,-77.780311110,0,12,2,1,18,1,1,0,1,1,0,1,0,0000000,16,27,16,33,17,8,0,0,0,1,0
42,420957,1,1,0,1,1,1,1,101,6540,20,10,2011,5,13,20,0,13,3,SR-4001,CRESTVIEW ROAD,50,40.05898333,-75.234397220,0,8,0,0,2,2,1,0,1,1,0,1,0,0000000,13,23,13,38,13,55,0,0,0,1,0
42,420958,4,4,0,0,0,5,5,91,0,4,11,2011,6,11,30,1,11,1,I-76,,3302,40.07010833,-75.343516670,0,12,1,0,1,1,1,0,1,1,0,1,0,0000000,99,99,99,99,99,99,0,0,0,1,0
42,420959,6,2,4,1,1,2,2,101,6540,18,11,2011,6,18,10,0,13,3,SR-2014,,34,39.98853611,-75.124100000,0,9,0,0,1,1,1,0,3,1,0,1,0,0000000,18,12,18,20,18,44,0,0,0,1,0
42,420960,4,4,0,0,0,4,4,109,0,4,11,2011,6,17,40,0,14,3,SR-35,,143,40.78471944,-76.873813890,0,1,0,0,1,1,1,0,1,1,0,1,0,0000000,99,99,99,99,88,88,14,0,0,1,3
42,420961,3,3,0,0,0,3,3,91,0,15,11,2011,3,19,7,0,15,3,SR-2020,,26,40.17368889,-75.210322220,0,12,6,0,8,1,1,0,2,1,0,1,0,0000000,19,8,19,14,88,88,0,0,0,1,1
42,420962,3,3,0,0,0,3,3,51,0,29,11,2011,3,12,0,1,13,2,US-119,BLAKE AV,290,40.03660556,-79.583005560,0,12,6,0,2,2,1,0,1,1,0,1,0,0000000,11,57,12,1,12,15,0,0,0,1,1
42,420963,3,3,0,0,0,6,6,35,0,18,11,2011,6,19,40,0,3,3,SR-150,,39,41.09606667,-77.524586110,0,12,2,0,1,1,1,0,2,1,0,1,0,0000000,19,40,19,46,20,48,14,0,0,1,1
42,420964,3,3,0,0,0,5,5,61,0,13,11,2011,1,18,30,0,4,3,SR-550,,22,40.68653056,-78.180944440,0,12,1,0,1,1,1,0,2,1,0,1,0,0000000,18,32,18,39,99,99,0,0,0,1,0
42,420965,4,4,0,0,0,4,4,89,0,21,11,2011,2,6,17,1,2,3,SR-33,,180,40.86715833,-75.297075000,0,24,0,0,1,1,3,0,2,1,0,1,0,0000000,99,99,99,99,99,99,0,0,0,1,0
42,420966,2,2,0,0,0,2,2,29,0,18,10,2011,3,7,27,0,14,3,SR-1003,,12,40.07592500,-75.542325000,0,12,6,0,8,1,1,0,1,1,0,1,0,0000000,7,22,7,29,7,44,0,0,0,1,0
42,420967,2,2,0,0,0,3,3,79,0,10,10,2011,2,11,7,0,14,3,SR-3026,,15,40.99138333,-76.000925000,0,12,6,0,8,1,1,0,1,1,0,1,0,0000000,11,11,11,16,11,33,0,0,0,1,0
42,420968,3,1,2,0,0,1,1,107,0,26,11,2011,7,14,2,0,6,5,WILLOW AV,,0,40.65005556,-76.348841670,0,14,0,0,1,1,4,0,1,1,0,1,0,0000000,11,37,11,55,12,38,0,0,0,1,0
42,420969,1,1,0,0,0,1,1,39,0,7,11,2011,2,6,3,0,4,3,SR-98,,75,41.72442778,-80.237852780,0,11,0,0,1,1,1,0,4,1,0,1,0,0000000,99,99,99,99,88,88,0,0,0,1,0
42,420970,3,3,0,0,0,6,6,133,4790,23,12,2011,6,2,39,1,13,2,US-30,SR-181,157,39.98380833,-76.734994440,0,12,6,0,2,2,1,0,3,2,0,2,0,0000000,99,99,99,99,99,99,20,0,0,1,1
42,420971,3,3,0,0,0,3,3,65,0,27,12,2011,3,6,45,0,4,3,SR-830,,82,41.16028611,-78.824997220,0,11,0,0,1,1,1,0,2,1,0,1,0,0000000,99,99,99,99,88,88,14,0,0,1,0
42,420972,1,1,0,0,0,2,2,83,0,6,11,2011,1,12,40,0,5,3,SR-2004,,45,41.73764722,-78.310552780,0,34,0,0,1,1,4,0,1,1,0,1,0,0000000,99,99,99,99,99,99,4,0,0,1,0
42,420973,3,2,1,0,0,9,9,1,0,5,12,2011,2,14,52,0,3,3,SR-94,,53,39.89719167,-77.042675000,0,12,2,0,1,1,1,0,1,1,0,1,0,0000000,99,99,99,99,99,99,0,0,0,5,0
42,420974,1,1,0,0,0,3,3,29,0,4,11,2011,6,21,35,0,16,3,SR-3089,,15,39.80655556,-75.923227780,0,42,0,0,1,1,4,0,3,1,0,1,0,0000000,21,35,21,39,22,31,4,0,0,1,1
42,420975,4,3,1,0,0,4,4,17,0,16,12,2011,6,22,14,1,13,2,US-13,SR-2033,93,40.12878056,-74.834391670,0,12,1,0,3,2,1,0,3,1,0,1,0,0000000,99,99,99,99,99,99,14,0,0,1,1
42,420976,1,1,0,0,0,1,1,133,0,26,11,2011,7,3,17,1,12,2,US-30,,128,39.96163889,-76.777802780,0,24,0,0,1,1,2,0,2,1,0,1,0,0000000,3,23,3,32,88,88,0,0,0,1,1
42,420977,1,1,0,0,0,2,2,103,0,6,11,2011,1,3,30,0,3,2,US-6,,120,41.39495556,-74.995008330,0,42,0,0,1,1,5,0,2,1,0,1,0,0000000,99,99,99,99,88,88,0,0,0,1,1
42,420978,1,1,0,0,0,1,1,79,0,7,11,2011,2,22,30,0,4,3,SR-3020,,62,40.96206667,-76.112897220,0,42,0,0,1,1,4,0,2,1,0,1,0,0000000,99,99,99,99,88,88,0,0,0,1,1
42,420979,1,1,0,0,0,2,2,121,0,13,11,2011,1,0,50,0,13,3,SR-8,,193,41.44708333,-79.691716670,0,38,0,0,1,1,4,0,3,1,0,1,0,0000000,19,54,20,3,99,99,0,0,0,1,1
42,420980,1,1,0,1,1,1,1,107,0,11,11,2011,6,17,18,0,3,3,SR-443,,101,40.57799167,-76.327044440,0,8,0,0,1,1,1,0,2,1,0,1,0,0000000,99,99,99,99,99,99,16,0,0,1,0
42,420981,1,1,0,0,0,1,1,39,0,3,11,2011,5,20,46,0,4,3,SR-89,,36,41.66990833,-79.661308330,0,42,0,0,1,1,4,0,2,1,0,1,0,0000000,99,99,99,99,99,99,0,0,0,1,0
42,420982,5,5,0,0,0,6,6,91,0,13,12,2011,3,8,43,1,11,1,I-476,,223,40.13786944,-75.288233330,0,12,1,0,1,1,1,1,1,1,0,1,0,0000000,99,99,99,99,99,99,3,19,0,1,0
42,420983,1,1,0,0,0,2,2,55,0,18,11,2011,6,16,35,0,3,3,SR-16,SR-995,118,39.80458611,-77.819980560,0,19,0,0,2,3,6,0,1,1,0,1,0,0000000,16,32,16,39,99,99,0,0,0,1,1
42,420984,1,1,0,1,1,1,1,101,6540,9,10,2011,1,12,0,0,13,3,SR-2016,FOX STREET,10,40.00365833,-75.168913890,0,8,0,0,2,2,1,0,1,1,0,1,0,0000000,99,99,99,99,99,99,0,0,0,1,0
42,420985,3,3,0,0,0,5,5,71,0,21,12,2011,4,15,23,0,4,2,US-222,,118,39.87145833,-76.154147220,0,12,6,0,1,1,1,0,1,2,0,2,0,0000000,99,99,99,99,99,99,0,0,0,1,0
42,420986,1,1,0,0,0,2,2,101,6540,23,10,2011,1,3,10,0,13,3,SR-1007,,13,40.00972778,-75.063669440,0,39,0,0,1,1,4,0,3,1,0,1,0,0000000,2,56,3,3,3,34,0,0,0,1,0
42,420987,1,1,0,0,0,2,2,101,6540,10,10,2011,2,13,42,0,14,6,KREWSTOWN ROAD,,0,40.07633056,-75.054622220,0,24,0,0,1,1,6,0,1,1,0,1,0,0000000,13,36,13,42,14,10,0,0,0,2,0