STATE,ST_CASE,VE_TOTAL,VE_FORMS,PVH_INVL,PEDS,PERNOTMVIT,PERMVIT,PERSONS,COUNTY,CITY,DAY,MONTH,YEAR,DAY_WEEK,HOUR,MINUTE,NHS,ROAD_FNC,ROUTE,TWAY_ID,TWAY_ID2,MILEPT,LATITUDE,LONGITUD,SP_JUR,HARM_EV,MAN_COLL,RELJCT1,RELJCT2,TYP_INT,REL_ROAD,WRK_ZONE,LGT_COND,WEATHER1,WEATHER2,WEATHER,SCH_BUS,RAIL,NOT_HOUR,NOT_MIN,ARR_HOUR,ARR_MIN,HOSP_HR,HOSP_MN,CF1,CF2,CF3,FATALS,DRUNK_DR
42,420988,2,2,0,0,0,2,2,45,0,27,10,2011,5,12,10,0,13,3,SR-452,,37,39.87158889,-75.429166670,0,12,6,0,8,1,1,0,1,2,0,2,0,0000000,12,10,12,14,12,35,0,0,0,1,0
42,420989,4,1,3,1,4,1,4,95,9409,11,12,2011,1,20,36,0,13,3,SR-248,,228,40.68983889,-75.235141670,0,14,0,0,1,1,7,0,3,1,0,1,0,0000000,99,99,99,99,99,99,0,0,0,1,1
42,420990,2,2,0,0,0,2,2,91,0,10,10,2011,2,15,21,1,13,3,SR-309,,155,40.26139167,-75.249702780,0,12,6,0,8,1,1,0,1,1,0,1,0,0000000,99,99,99,99,99,99,0,0,0,1,0
42,420991,1,1,0,0,0,4,4,5,0,11,11,2011,6,22,20,0,4,3,SR-839,,55,40.86740000,-79.236066670,0,35,0,0,1,1,6,0,2,1,0,1,0,0000000,22,25,22,38,23,55,0,0,0,3,1
42,420992,1,1,0,0,0,6,6,103,0,5,11,2011,7,13,51,0,5,3,SR-447,,11,41.25741389,-75.272136110,0,5,0,0,8,1,1,0,1,1,0,1,0,0000000,13,53,14,16,14,34,0,0,0,1,0
42,420993,1,1,0,0,0,1,1,77,0,14,11,2011,2,2,0,0,6,5,OLD ROUTE 22 RD,,0,40.58231944,-75.738886110,0,35,0,0,1,1,4,0,2,1,0,1,0,0000000,99,99,99,99,88,88,0,0,0,1,1
42,420994,1,1,0,0,0,1,1,79,0,5,11,2011,7,10,25,0,13,3,SR-309,,63,40.99976111,-75.985072220,0,35,0,0,1,1,4,0,7,1,0,1,0,0000000,99,99,99,99,99,99,0,0,0,1,1
42,420995,4,4,0,0,0,9,9,11,0,30,12,2011,6,15,8,1,12,2,US-222,,98,40.35543056,-75.971363890,0,12,1,0,1,1,1,0,1,1,0,1,0,0000000,99,99,99,99,99,99,14,0,0,1,0
42,420996,1,1,0,0,0,2,2,57,0,20,11,2011,1,1,35,1,1,1,I-70,,1577,39.85768333,-78.266983330,0,59,0,0,1,1,3,0,2,1,0,1,0,0000000,99,99,99,99,99,99,0,0,0,1,1
42,420997,1,1,0,0,0,3,3,115,0,27,11,2011,1,4,2,0,5,3,SR-2063,,63,41.80041389,-75.697875000,0,35,0,0,1,1,4,0,2,1,0,1,0,0000000,4,6,4,18,99,99,0,0,0,2,1
42,420998,1,1,0,0,0,1,1,89,0,30,11,2011,4,0,56,1,1,1,I-80,,2987,41.04406944,-75.313863890,0,24,0,0,1,1,2,0,2,2,0,2,0,0000000,99,99,99,99,99,99,0,0,0,1,1
42,420999,1,1,0,0,0,2,2,43,0,15,11,2011,3,12,15,0,5,3,SR-443,,116,40.39998889,-76.714552780,0,42,0,0,1,1,4,0,1,1,0,1,0,0000000,99,99,99,99,99,99,0,0,0,1,0
42,421000,3,3,0,0,0,4,4,85,0,1,9,2011,5,16,15,0,3,2,US-62,,120,41.24018889,-80.306108330,0,12,2,0,1,1,1,0,1,1,0,1,0,0000000,16,18,16,32,17,36,0,0,0,1,0
42,421001,1,1,0,0,0,1,1,17,0,19,11,2011,7,2,21,1,13,3,SR-413,,109,40.21255833,-74.930827780,0,24,0,0,1,1,2,0,3,1,0,1,0,0000000,2,27,2,33,2,34,0,0,0,1,1
42,421002,2,2,0,0,0,2,2,43,0,25,10,2011,3,20,24,0,3,3,SR-225,,56,40.42218889,-76.942300000,0,12,6,0,1,1,1,0,2,1,0,1,0,0000000,99,99,99,99,99,99,0,0,0,1,1
42,421003,1,1,0,1,1,1,1,45,7020,22,11,2011,3,18,50,1,13,2,US-13,,80,39.87733611,-75.319200000,0,8,0,0,1,1,1,0,2,2,0,2,0,0000000,99,99,99,99,99,99,0,0,0,1,0
42,421004,2,2,0,0,0,2,2,133,0,10,10,2011,2,6,20,0,3,3,SR-4026,,68,40.07301944,-76.924372220,0,12,2,0,1,1,1,0,3,1,0,1,0,0000000,6,23,6,31,99,99,0,0,0,1,0
42,421005,3,3,0,0,0,3,3,97,0,29,9,2011,5,15,30,1,2,3,SR-61,OVERLOOK BL,122,40.81908611,-76.583547220,0,12,6,0,2,3,1,0,1,1,0,1,0,0000000,99,99,99,99,99,99,0,0,0,1,0
42,421006,3,3,0,0,0,7,7,133,0,16,9,2011,6,11,42,0,14,3,SR-234,SR-3061,60,39.94116667,-76.860213890,0,12,6,0,2,2,1,0,1,1,0,1,0,0000000,11,43,11,52,99,99,0,0,0,1,0
42,421007,2,2,0,0,0,2,2,91,0,16,10,2011,1,2,6,1,11,1,I-476,,236,40.15494722,-75.294336110,0,12,1,0,1,1,1,1,2,1,0,1,0,0000000,2,4,2,13,88,88,0,0,0,1,1
42,421008,2,2,0,0,0,2,2,51,0,25,10,2011,3,11,49,1,13,2,US-119,,298,40.04440833,-79.573683330,0,12,1,0,8,1,1,0,1,1,0,1,0,0000000,11,49,11,54,12,40,0,0,0,1,0
42,421009,9,2,7,0,0,3,3,101,6540,17,9,2011,7,21,7,0,13,3,SR-4001,DUPONT ST,29,40.03755278,-75.210294440,0,12,1,0,2,3,1,0,3,1,0,1,0,0000000,21,1,21,8,21,38,0,0,0,1,1
42,421010,2,2,0,0,0,2,2,45,1270,14,10,2011,6,8,27,0,14,3,SR-2006,,14,39.86879167,-75.358197220,0,12,2,0,1,1,1,0,1,1,0,1,0,0000000,99,99,99,99,99,99,0,0,0,1,0
42,421011,1,1,0,0,0,1,1,37,0,18,9,2011,1,19,35,0,6,5,FRITZ HILL RD,,0,41.27257500,-76.374086110,0,11,0,0,1,1,1,0,2,1,0,1,0,0000000,99,99,99,99,99,99,0,0,0,1,0
42,421012,2,2,0,0,0,3,3,71,0,17,10,2011,2,15,26,0,14,3,SR-2029,ROCKVALE RD,68,40.01203333,-76.226280560,0,12,6,0,2,2,1,0,1,1,0,1,0,0000000,15,36,15,45,99,99,0,0,0,1,0
42,421013,2,2,0,0,0,3,3,11,8970,15,10,2011,7,4,51,1,13,2,US-422,,112,40.32746389,-76.067675000,0,12,2,0,1,1,1,0,3,1,0,1,0,0000000,99,99,99,99,99,99,0,0,0,2,1
42,421015,1,1,0,0,0,4,4,27,0,11,10,2011,3,19,12,0,14,3,SR-144,,127,40.90083889,-77.775433330,0,43,0,0,1,1,4,0,3,1,0,1,0,0000000,19,18,19,21,20,36,0,0,0,1,0
42,421016,2,2,0,0,0,2,2,39,5000,29,10,2011,7,12,38,1,13,2,US-6,,228,41.62902500,-80.156402780,0,12,2,0,1,1,1,0,1,8,0,8,0,0000000,99,99,99,99,99,99,0,0,0,1,1
42,421017,2,2,0,0,0,2,2,55,7325,7,10,2011,6,14,25,1,2,2,US-30,,80,39.90596389,-77.842250000,0,12,6,0,1,1,1,2,1,1,0,1,0,0000000,14,27,14,35,88,88,0,0,0,1,1
42,421018,1,1,0,0,0,1,1,119,0,13,11,2011,1,11,9,0,3,3,SR-45,,22,40.90424167,-77.242500000,0,1,0,0,1,1,1,0,1,1,0,1,0,0000000,99,99,99,99,88,88,0,0,0,1,0
42,421019,2,2,0,1,1,2,2,133,3586,13,10,2011,5,9,36,1,13,2,US-30,,261,40.02811389,-76.552955560,0,8,0,1,18,1,2,1,1,2,5,2,0,0000000,99,99,99,99,99,99,19,0,0,1,0
42,421020,1,1,0,0,0,1,1,95,0,13,11,2011,1,12,18,1,13,3,SR-33,,135,40.81726667,-75.298622220,0,59,0,0,1,1,4,0,1,1,0,1,0,0000000,12,17,12,35,88,88,0,0,0,1,0
42,421021,2,2,0,0,0,2,2,67,0,10,11,2011,5,6,9,1,2,2,US-22,,101,40.55061667,-77.356763890,0,12,1,0,1,1,1,0,2,1,0,1,0,0000000,6,12,6,20,88,88,0,0,0,1,0
42,421022,1,1,0,0,0,2,2,59,0,27,11,2011,1,20,45,0,3,3,SR-18,,201,39.89317222,-80.229738890,0,42,0,0,1,1,4,0,2,1,0,1,0,0000000,20,46,20,55,21,56,0,0,0,1,1
42,421023,2,2,0,0,0,2,2,11,6900,26,10,2011,4,1,55,0,13,3,SR-2054,,0,40.33101389,-75.911038890,0,33,0,0,1,1,4,0,3,1,0,1,0,0000000,99,99,99,99,99,99,20,14,0,1,0
42,421024,1,1,0,0,0,4,4,83,0,26,11,2011,7,1,30,0,3,3,SR-66,,0,41.62324444,-78.828116670,0,42,0,0,1,1,4,0,2,1,0,1,0,0000000,99,99,99,99,99,99,0,0,0,3,1
42,421025,2,2,0,0,0,2,2,91,0,14,10,2011,6,11,10,0,14,3,SR-2027,,27,40.12548056,-75.193758330,0,12,6,0,1,1,1,1,1,1,0,1,0,0000000,11,16,11,25,11,46,0,0,0,1,0
42,421026,1,1,0,0,0,1,1,103,0,20,11,2011,1,16,50,0,3,2,US-6,,162,41.37356111,-74.930863890,0,1,0,0,1,1,1,0,5,1,0,1,0,0000000,16,48,17,5,17,30,0,0,0,1,0
42,421027,1,1,0,0,0,1,1,81,0,24,11,2011,5,18,55,1,13,2,US-15,,68,41.22722500,-76.947397220,0,24,0,0,1,1,2,0,2,1,0,1,0,0000000,18,56,19,1,19,41,0,0,0,1,0
42,421028,2,2,0,0,0,2,2,101,6540,27,10,2011,5,5,23,1,11,1,I-76,,0,99.99990000,999.999900000,0,25,0,0,1,1,3,0,3,2,0,2,0,0000000,5,30,5,36,6,24,14,0,0,1,0
42,421029,2,2,0,0,0,2,2,99,5795,28,10,2011,6,6,57,1,2,2,US-11,,138,40.45300000,-76.969816670,0,12,1,0,1,1,1,0,2,1,0,1,0,0000000,6,58,7,10,88,88,0,0,0,1,0
42,421030,1,1,0,0,0,4,4,115,0,6,11,2011,1,16,25,0,4,3,SR-29,,161,41.85668889,-75.857605560,0,34,0,0,1,1,4,0,1,1,0,1,0,0000000,16,26,16,31,16,52,0,0,0,1,1
42,421031,1,1,0,0,0,3,3,73,0,16,12,2011,6,2,31,0,4,3,SR-4007,,10,41.03092500,-80.405838890,0,42,0,0,1,1,6,0,2,1,0,1,0,0000000,2,37,3,0,3,27,0,0,0,1,1
42,421032,2,2,0,0,0,2,2,17,0,21,10,2011,6,19,22,1,13,3,SR-309,,11,40.29643056,-75.280755560,0,12,6,0,1,1,1,0,2,1,0,1,0,0000000,99,99,99,99,99,99,0,0,0,1,0
42,421033,1,1,0,0,0,6,6,15,0,5,11,2011,7,11,58,0,5,3,SR-4031,,9,41.87293333,-76.830619440,0,52,0,0,1,1,2,0,1,1,0,1,0,0000000,11,58,12,10,12,39,0,0,0,1,0
42,421034,1,1,0,0,0,1,1,7,0,10,12,2011,7,18,55,0,13,3,SR-4016,,9,40.70734167,-80.305436110,0,35,0,0,1,1,2,0,2,1,0,1,0,0000000,99,99,99,99,99,99,0,0,0,1,0
42,421035,2,2,0,0,0,3,3,21,0,19,10,2011,4,11,20,0,4,3,SR-271,,206,40.45508611,-78.837561110,0,12,2,0,1,1,1,0,1,1,0,1,0,0000000,11,22,11,22,11,43,0,0,0,2,0
42,421036,1,1,0,0,0,1,1,97,1472,13,11,2011,1,14,25,0,13,3,SR-225,,228,40.79241667,-76.564591670,0,35,0,0,1,1,6,0,1,1,0,1,0,0000000,99,99,99,99,99,99,0,0,0,1,0
42,421037,1,1,0,0,0,1,1,17,0,10,11,2011,5,11,54,0,13,3,SR-2025,,22,40.27114444,-75.165600000,0,7,0,0,1,1,1,0,1,1,0,1,0,0000000,99,99,99,99,99,99,0,0,0,1,0
42,421038,2,2,0,0,0,2,2,121,0,16,11,2011,4,8,0,1,13,2,US-62,SR-8,92,41.38511944,-79.848900000,0,12,6,0,2,3,1,0,1,2,0,2,0,0000000,99,99,99,99,99,99,0,0,0,1,0
42,421039,1,1,0,0,0,2,2,91,0,14,11,2011,2,14,51,1,12,2,US-422,,149,40.13337778,-75.447022220,0,24,0,0,1,1,2,0,1,1,0,1,0,0000000,14,52,14,54,15,9,0,0,0,1,0
42,421040,1,1,0,0,0,1,1,87,0,5,11,2011,7,22,24,0,6,5,SIGLERVILLE PIKE,,0,40.71920000,-77.553008330,0,35,0,0,1,1,6,0,2,1,0,1,0,0000000,99,99,99,99,99,99,0,0,0,1,0
42,421041,1,1,0,0,0,2,2,77,0,23,11,2011,4,17,35,0,6,3,SR-4007,,14,40.63686667,-75.644594440,0,42,0,0,1,1,5,0,2,1,0,1,0,0000000,99,99,99,99,99,99,0,0,0,1,1
42,421042,2,2,0,0,0,2,2,29,0,19,11,2011,7,3,35,1,12,2,US-1,,18,39.74804167,-76.024377780,0,12,2,1,18,1,1,0,2,1,0,1,0,0000000,3,45,3,51,99,99,0,0,0,1,1
42,421043,1,1,0,0,0,5,5,1,0,4,11,2011,6,15,42,0,6,5,TOWN HILL ROAD,,0,40.01773611,-77.119280560,0,53,0,0,1,1,6,0,1,1,0,1,0,0000000,15,41,15,51,99,99,0,0,0,1,0
42,421044,1,1,0,0,0,1,1,71,0,24,11,2011,5,2,36,0,15,3,SR-1051,,5,40.16740833,-76.142808330,0,42,0,0,1,1,6,0,2,1,0,1,0,0000000,99,99,99,99,99,99,0,0,0,1,1
42,421045,2,2,0,0,0,2,2,95,0,5,11,2011,7,17,58,0,4,3,SR-3019,,25,40.72991111,-75.520616670,0,1,0,0,8,1,1,0,1,1,0,1,0,0000000,99,99,99,99,88,88,14,0,0,1,0
42,421046,1,1,0,0,0,1,1,129,5645,25,11,2011,6,21,14,0,16,6,SARDIS ROAD,,0,40.48208333,-79.681841670,0,31,0,0,1,1,6,0,2,1,0,1,0,0000000,99,99,99,99,99,99,0,0,0,1,0
42,421047,2,2,0,0,0,4,4,51,0,30,11,2011,4,6,55,1,13,2,US-119,SR-1073,292,40.03771944,-79.579011110,0,12,6,0,2,3,1,0,4,2,0,2,0,0000000,6,54,6,58,7,17,0,0,0,1,0
42,421048,1,1,0,0,0,1,1,71,0,6,11,2011,1,4,31,1,13,2,US-222,,373,40.13955833,-76.204402780,0,30,0,0,1,1,3,0,2,1,0,1,0,0000000,99,99,99,99,99,99,0,0,0,1,1
42,421049,2,2,0,0,0,3,3,133,0,18,11,2011,6,22,6,0,4,3,SR-216,STICKS SCHOOL RD,108,39.74832778,-76.797713890,0,12,6,0,2,2,1,0,2,1,0,1,0,0000000,22,20,22,30,23,58,0,0,0,1,0
42,421050,2,2,0,0,0,2,2,87,0,30,11,2011,4,11,10,0,4,3,SR-655,TAYLOR MILL RD,119,40.63767500,-77.662538890,0,12,6,0,2,3,1,0,1,2,0,2,0,0000000,11,10,11,21,12,43,0,0,0,1,0
42,421051,1,1,0,0,0,1,1,79,0,25,11,2011,6,6,44,0,4,3,SR-4016,,94,41.22219722,-76.110569440,0,35,0,0,1,1,4,0,1,1,0,1,0,0000000,6,43,6,55,88,88,0,0,0,1,0
42,421052,1,1,0,0,0,3,3,41,0,22,11,2011,3,23,26,1,1,1,I-81,,296,40.06980556,-77.463719440,0,42,0,0,1,1,4,0,2,2,0,2,0,0000000,99,99,99,99,99,99,0,0,0,1,0
42,421053,2,2,0,0,0,3,3,29,9236,7,11,2011,2,13,48,1,13,2,US-202,SR-2030`,23,39.92996389,-75.585461110,0,12,6,0,2,3,1,0,1,1,0,1,0,0000000,13,48,13,55,14,23,0,0,0,1,0
42,421054,1,1,0,0,0,1,1,19,0,1,11,2011,3,22,3,0,6,5,HANNAHSTOWN RD,,0,40.77459444,-79.811283330,0,42,0,0,1,1,4,0,2,1,0,1,0,0000000,22,3,22,9,88,88,0,0,0,1,0
42,421055,2,2,0,0,0,2,2,125,1040,29,11,2011,3,12,55,0,14,3,SR-88,WOODLAND CT,78,40.04394444,-79.901116670,0,12,6,0,2,3,1,0,1,1,0,1,0,0000000,12,56,12,59,13,48,0,0,0,1,0
42,421056,1,1,0,1,1,1,1,29,0,2,11,2011,4,6,35,0,13,2,US-30B,,158,40.02705000,-75.633288890,0,8,0,0,1,1,1,0,2,1,0,1,0,0000000,6,35,6,36,7,5,0,0,0,1,0
42,421057,2,2,0,0,0,2,2,71,0,2,11,2011,4,10,43,0,14,3,SR-501,SR-4042,12,40.06947500,-76.307711110,0,12,6,0,2,2,1,0,1,1,0,1,0,0000000,10,44,10,50,11,4,0,0,0,1,0
42,421058,2,2,0,0,0,2,2,17,0,17,11,2011,5,17,20,0,4,3,SR-4097,,0,40.40883056,-75.259455560,0,12,6,0,8,1,1,0,2,1,0,1,0,0000000,17,22,17,33,18,2,0,0,0,1,0
42,421059,1,1,0,0,0,1,1,17,0,4,11,2011,6,4,44,1,13,2,US-13,SR-413,63,40.09850556,-74.873852780,0,46,0,0,3,2,4,0,3,1,0,1,0,0000000,4,45,4,49,5,10,0,0,0,1,1
42,421060,2,2,0,0,0,8,8,3,6600,13,11,2011,1,17,30,0,13,3,SR-4084,SR-4099,19,40.45411389,-79.996805560,0,12,6,1,2,2,1,0,3,1,0,1,0,0000000,17,33,17,38,17,59,0,0,0,1,0
42,421061,2,2,0,0,0,2,2,111,0,8,11,2011,3,9,45,0,4,3,SR-985,GILBERT HOLLOW RD,130,40.22079444,-79.012147220,0,12,6,0,2,2,1,0,1,1,0,1,0,0000000,9,44,9,56,10,26,0,0,0,1,0
42,421062,1,1,0,1,1,1,1,45,940,10,11,2011,5,19,42,0,13,3,SR-352,,23,39.87382500,-75.391122220,0,8,0,0,1,1,1,0,2,2,0,2,0,0000000,19,43,19,47,19,56,0,0,0,1,0
42,421063,1,1,0,1,1,1,1,17,0,14,11,2011,2,0,46,1,13,3,SR-309,PUMPING STATION RD,142,40.45911111,-75.367930560,0,8,0,0,3,2,1,0,3,1,0,1,0,0000000,0,45,0,53,1,37,0,0,0,1,0
42,421064,2,2,0,0,0,2,2,79,0,23,11,2011,4,16,20,0,13,3,SR-2002,MAIN RD,40,41.22423056,-75.936747220,0,12,6,0,2,3,1,0,1,1,0,1,0,0000000,16,26,16,28,16,54,0,0,0,1,0
42,421065,1,1,0,0,0,1,1,91,0,6,11,2011,1,9,34,0,6,5,DRESHER RD,,0,40.17876667,-75.134663890,0,33,0,0,1,1,4,0,1,1,0,1,0,0000000,9,34,9,38,10,0,0,0,0,1,1
42,421066,2,2,0,0,0,2,2,45,1270,8,11,2011,3,14,21,0,13,3,SR-291,FRANKLIN ST,23,39.84318889,-75.364080560,0,12,6,0,2,2,1,0,1,1,0,1,1,0000000,99,99,99,99,88,88,0,0,0,1,0
42,421067,1,1,0,0,0,2,2,47,7300,12,11,2011,7,22,36,0,3,3,SR-120,,139,41.44326111,-78.503061110,0,30,0,0,1,1,5,0,3,1,0,1,0,0000000,99,99,99,99,99,99,0,0,0,1,1
42,421068,2,2,0,0,0,4,4,27,0,13,11,2011,1,18,15,0,13,3,SR-150,SR-3041,5,40.83601111,-77.801083330,0,12,6,0,2,2,1,0,3,1,0,1,0,0000000,18,15,18,20,99,99,0,0,0,1,1
42,421069,1,1,0,1,1,1,1,71,2225,25,11,2011,6,20,15,0,6,5,SAWMILL ROAD,,0,40.16184722,-76.022811110,0,9,0,0,1,1,1,0,2,1,0,1,0,0000000,23,6,23,16,88,88,0,0,0,1,0
42,421070,1,1,0,0,0,1,1,95,660,19,11,2011,7,3,3,0,16,6,STEFKO BL,,0,40.63511944,-75.350691670,0,33,0,0,1,1,6,0,3,1,0,1,0,0000000,99,99,99,99,99,99,0,0,0,1,1
42,421071,2,2,0,0,0,4,4,17,0,3,11,2011,5,23,55,0,13,3,SR-213,,60,40.17661667,-74.895302780,0,12,8,0,1,1,1,0,3,1,0,1,0,0000000,99,99,99,99,99,99,0,0,0,1,1
42,421072,2,2,0,0,0,2,2,111,0,7,11,2011,2,6,43,0,3,3,SR-31,,216,39.95117778,-78.915352780,0,12,8,0,1,1,1,0,1,1,0,1,0,0000000,6,45,6,53,88,88,0,0,0,1,0
42,421073,1,1,0,0,0,1,1,17,3663,15,11,2011,3,6,0,0,16,6,FAIRHILL ROAD,,0,40.31244167,-75.293263890,0,42,0,0,1,1,6,0,2,1,0,1,0,0000000,99,99,99,99,99,99,0,0,0,1,0
42,421074,1,1,0,0,0,1,1,37,1152,9,11,2011,4,9,58,0,14,3,SR-42,,146,40.95354722,-76.465288890,0,26,0,0,6,1,1,0,1,1,0,1,0,517867A,99,99,99,99,99,99,0,0,0,1,0
42,421075,2,2,0,0,0,3,3,11,0,27,11,2011,1,3,55,1,1,1,I-78,,164,40.48946111,-76.230825000,0,12,1,0,1,1,1,0,2,1,0,1,0,0000000,99,99,99,99,99,99,0,0,0,2,0
42,421076,2,2,0,0,0,3,3,29,0,29,11,2011,3,9,12,1,13,3,SR-3,,20,39.96849444,-75.574797220,0,12,2,0,1,1,1,0,1,2,0,2,0,0000000,9,13,9,17,9,57,0,0,0,1,0
42,421077,1,1,0,0,0,1,1,41,0,21,11,2011,2,9,7,0,16,6,ORRS BRIDGE ROAD,,0,40.28111111,-76.968888890,0,53,0,0,1,1,6,0,1,1,0,1,0,0000000,99,99,99,99,99,99,0,0,0,1,0
42,421078,1,1,0,0,0,1,1,17,0,22,11,2011,3,8,11,0,14,3,SR-411,,25,40.31661111,-75.246400000,0,32,0,0,1,1,5,0,1,2,0,2,0,0000000,99,99,99,99,99,99,0,0,0,1,1
42,421079,1,1,0,0,0,1,1,1,0,26,11,2011,7,19,14,0,6,6,COLD SPRINGS ROAD,,0,39.81360833,-77.363747220,0,23,0,0,1,1,4,0,2,1,0,1,0,0000000,19,13,19,24,20,1,0,0,0,1,1
42,421080,1,1,0,0,0,2,2,69,0,29,11,2011,3,10,0,0,16,3,SR-4015,,14,41.52576944,-75.763402780,0,59,0,0,1,1,5,0,1,1,0,1,0,0000000,10,2,10,11,10,45,0,0,0,1,0
42,421081,1,1,0,1,1,1,1,39,0,23,11,2011,4,16,13,0,16,6,ROGERS FERRY ROAD,,0,41.65095556,-80.170794440,0,8,0,0,1,1,1,0,1,1,0,1,0,0000000,99,99,99,99,99,99,0,0,0,1,1
42,421083,1,1,0,1,1,1,1,21,0,27,11,2011,1,22,11,0,15,3,SR-2014,FIFTH STREET,72,40.45873056,-78.586727780,0,8,0,0,2,2,1,0,2,1,0,1,0,0000000,22,10,22,14,22,38,0,0,0,1,0
42,421084,2,2,0,0,0,2,2,17,0,1,11,2011,3,12,44,1,13,3,SR-132,,60,40.17671111,-75.047666670,0,12,2,0,1,1,1,0,1,1,0,1,0,0000000,12,44,13,9,13,30,0,0,0,1,0
42,421085,1,1,0,1,1,3,3,51,8690,2,11,2011,4,21,44,0,13,3,SR-2014,BEESON AVENUE,14,39.89839444,-79.725816670,0,9,0,0,2,2,1,0,3,1,0,1,0,0000000,21,45,21,46,22,1,16,0,0,1,1
42,421086,2,2,0,2,2,1,1,91,0,12,11,2011,7,3,28,1,11,1,I-276,,3262,40.09110000,-75.411502780,0,12,6,1,18,1,1,0,3,1,0,1,0,0000000,3,31,3,46,4,42,19,0,0,1,0
42,421087,1,1,0,1,1,1,1,101,6540,2,11,2011,4,18,40,0,16,6,SOUTH CONCOURSE DR,SR-3005,0,39.97856389,-75.213619440,0,8,0,0,3,2,1,0,3,1,0,1,0,0000000,18,46,18,49,19,14,0,0,0,1,0
42,421088,1,1,0,1,1,1,1,91,3740,25,11,2011,6,18,44,1,13,3,SR-611,,94,40.18910833,-75.135450000,0,8,0,0,8,1,1,0,2,1,0,1,0,0000000,18,41,18,45,88,88,0,0,0,1,0
42,421089,2,2,0,0,0,3,3,89,0,18,11,2011,6,3,34,1,11,1,I-380,,24,41.10411667,-75.397716670,0,12,1,1,18,1,1,0,2,1,0,1,0,0000000,99,99,99,99,99,99,19,0,0,1,0
42,421090,1,1,0,0,0,1,1,15,0,17,12,2011,7,1,15,0,3,3,SR-706,,125,41.77955278,-76.126622220,0,35,0,0,1,1,4,0,2,1,0,1,0,0000000,1,29,1,47,88,88,0,0,0,1,1
42,421091,1,1,0,1,1,1,1,101,6540,24,11,2011,5,17,20,0,13,3,SR-4019,OGONTZ AVENUE,21,40.06868333,-75.156766670,0,8,0,0,2,2,1,0,1,1,0,1,0,0000000,17,24,17,31,17,49,0,0,0,1,0
42,421092,1,1,0,0,0,1,1,91,0,14,12,2011,4,2,18,0,14,3,SR-1001,,72,40.30371389,-75.355102780,0,35,0,0,1,1,4,0,2,1,0,1,0,0000000,2,20,2,28,88,88,0,0,0,1,1
42,421093,2,2,0,0,0,2,2,3,3013,11,11,2011,6,0,57,1,11,1,I-79,,731,40.61280556,-80.094952780,0,12,1,1,18,1,1,0,3,1,0,1,0,0000000,0,59,1,5,2,57,0,0,0,1,1
42,421094,1,1,0,0,0,2,2,133,0,10,12,2011,7,18,45,0,4,3,SR-516,,122,39.86296667,-76.869097220,0,42,0,0,1,1,4,0,2,1,0,1,0,0000000,99,99,99,99,99,99,0,0,0,1,1
42,421095,2,2,0,0,0,4,4,99,0,11,11,2011,6,21,20,0,3,3,SR-850,,195,40.34980556,-77.207044440,0,12,2,0,1,1,1,0,2,1,0,1,0,0000000,21,23,21,38,99,99,0,0,0,1,1
42,421096,1,1,0,0,0,3,3,123,8220,3,12,2011,7,1,55,0,3,3,SR-957,,133,41.98038611,-79.351075000,0,42,0,0,1,1,5,0,3,1,0,1,0,0000000,1,58,2,17,99,99,0,0,0,1,1
42,421097,2,2,0,0,0,2,2,29,0,1,11,2011,3,14,0,0,3,3,SR-113,,85,40.10723611,-75.603238890,0,12,6,0,1,1,1,0,1,1,0,1,0,0000000,99,99,99,99,99,99,0,0,0,1,1
42,421098,2,2,0,0,0,7,7,3,4501,11,11,2011,6,16,58,0,14,3,SR-2010,,7,40.27850278,-79.863902780,0,12,2,0,1,1,1,0,1,1,0,1,0,0000000,16,58,17,2,17,52,0,0,0,1,0
42,421099,1,1,0,0,0,1,1,115,0,3,12,2011,7,2,32,1,1,1,I-81,,2117,41.71528056,-75.671961110,0,35,0,1,19,1,4,0,2,1,0,1,0,0000000,2,31,2,47,88,88,0,0,0,1,0
42,421100,2,2,0,0,0,2,2,129,4603,4,11,2011,6,9,5,0,13,3,SR-366,,25,40.55013889,-79.743727780,0,12,8,0,1,1,1,0,1,1,0,1,0,0000000,99,99,99,99,99,99,0,0,0,1,0
42,421101,1,1,0,0,0,1,1,19,0,17,12,2011,7,14,28,0,4,3,SR-528,,209,41.00347222,-80.013147220,0,35,0,0,1,1,4,0,1,4,0,4,0,0000000,14,28,14,38,88,88,0,0,0,1,0
42,421102,1,1,0,0,0,1,1,79,0,30,12,2011,6,1,5,1,1,1,I-81,,1555,41.09423056,-75.961780560,0,35,0,0,1,1,3,0,2,1,0,1,0,0000000,1,8,1,20,88,88,0,0,0,1,0
42,421103,2,2,0,0,0,4,4,101,6540,6,11,2011,1,16,0,1,13,2,US-1,,146,40.07424444,-75.035163890,0,12,7,0,1,1,1,0,1,1,0,1,0,0000000,15,2,15,7,15,32,0,0,0,1,0
42,421104,1,1,0,0,0,5,5,83,0,2,12,2011,6,20,29,1,2,2,US-219,,129,41.78930833,-78.700872220,0,35,0,0,1,1,5,0,2,3,0,3,0,0000000,99,99,99,99,99,99,0,0,0,1,0
42,421105,1,1,0,0,0,1,1,95,0,30,12,2011,6,9,46,1,11,1,I-78-SR8018-RAMP B RD,,713,40.63910278,-75.273466670,0,35,0,1,5,1,5,0,1,1,0,1,0,0000000,99,99,99,99,99,99,0,0,0,1,0