STATE,ST_CASE,VE_TOTAL,VE_FORMS,PVH_INVL,PEDS,PERNOTMVIT,PERMVIT,PERSONS,COUNTY,CITY,DAY,MONTH,YEAR,DAY_WEEK,HOUR,MINUTE,NHS,ROAD_FNC,ROUTE,TWAY_ID,TWAY_ID2,MILEPT,LATITUDE,LONGITUD,SP_JUR,HARM_EV,MAN_COLL,RELJCT1,RELJCT2,TYP_INT,REL_ROAD,WRK_ZONE,LGT_COND,WEATHER1,WEATHER2,WEATHER,SCH_BUS,RAIL,NOT_HOUR,NOT_MIN,ARR_HOUR,ARR_MIN,HOSP_HR,HOSP_MN,CF1,CF2,CF3,FATALS,DRUNK_DR
42,421106,1,1,0,0,0,1,1,97,0,31,12,2011,7,11,14,0,2,3,SR-147,,309,40.94975556,-76.852925000,0,41,0,0,1,1,5,0,1,1,0,1,0,0000000,99,99,99,99,88,88,0,0,0,1,0
42,421107,1,1,0,0,0,1,1,101,6540,4,12,2011,1,3,14,1,13,2,US-1-SR 6001,,33,40.03012500,-75.087108330,0,1,0,0,1,1,1,0,3,1,0,1,0,0000000,3,13,3,18,3,40,0,0,0,1,1
42,421108,1,1,0,0,0,2,2,101,6540,17,12,2011,7,0,30,1,13,2,US-1-SR 6001,,63,40.05833611,-75.045486110,0,30,0,0,1,1,5,0,3,1,0,1,0,0000000,0,28,0,33,1,3,0,0,0,2,0
42,421109,1,1,0,0,0,1,1,71,0,12,12,2011,2,15,27,1,2,3,SR-283,,107,40.11293889,-76.445683330,0,25,0,0,1,1,3,0,1,1,0,1,0,0000000,99,99,99,99,99,99,0,0,0,1,0
42,421110,1,1,0,0,0,2,2,71,0,22,12,2011,5,1,14,1,13,2,US-222,,253,40.00102500,-76.291897220,0,35,0,0,1,1,5,0,2,1,0,1,0,0000000,99,99,99,99,99,99,0,0,0,1,1
42,421111,1,1,0,0,0,1,1,27,0,18,12,2011,1,18,34,0,6,5,SMULLTON RD,,0,40.92929167,-77.465494440,0,24,0,0,1,1,2,0,2,1,0,1,0,0000000,18,34,18,48,88,88,0,0,0,1,1
42,421112,1,1,0,0,0,1,1,103,0,28,12,2011,4,17,5,0,5,3,SR-3002,,14,41.29287222,-75.291327780,0,18,0,0,1,1,5,0,2,1,0,1,0,0000000,17,7,17,14,88,88,0,0,0,1,0
42,421113,2,2,0,0,0,2,2,101,6540,4,12,2011,1,13,17,0,16,6,BEACH ST,,0,39.97256111,-75.117713890,0,12,1,0,1,1,1,0,1,1,0,1,0,0000000,13,16,13,24,13,45,0,0,0,1,0
42,421114,1,1,0,0,0,1,1,75,0,24,12,2011,7,18,51,1,1,1,I-81,,938,40.49348611,-76.522083330,0,35,0,0,1,1,3,0,2,1,0,1,0,0000000,99,99,99,99,88,88,0,0,0,1,0
42,421115,2,1,1,0,0,1,1,101,6540,13,12,2011,3,1,57,0,16,6,JEANES ST,,0,40.10670278,-75.033758330,0,30,0,0,1,1,5,0,3,1,0,1,0,0000000,1,53,2,1,2,34,0,0,0,1,1
42,421116,1,1,0,0,0,1,1,133,0,23,12,2011,6,22,50,0,5,3,SR-425,,151,39.89280000,-76.395075000,0,42,0,0,1,1,5,0,2,1,0,1,0,0000000,22,49,23,9,88,88,0,0,0,1,0
42,421117,2,2,0,0,0,3,3,101,6540,25,12,2011,1,19,0,1,13,2,US-1,DEVEREAUX ST,109,40.03424167,-75.074797220,0,12,6,0,2,2,1,0,3,1,0,1,0,0000000,19,12,19,17,19,40,0,0,0,1,0
42,421118,1,1,0,0,0,1,1,129,0,22,12,2011,5,1,40,0,15,3,SR-136,,42,40.21015000,-79.750041670,0,35,0,0,1,1,4,0,2,1,0,1,0,0000000,1,46,1,55,88,88,0,0,0,1,1
42,421119,1,1,0,0,0,1,1,39,0,27,12,2011,3,11,28,0,4,3,SR-408,,163,41.66746667,-79.849772220,0,35,0,0,1,1,5,0,1,4,0,4,0,0000000,11,29,11,37,88,88,0,0,0,1,0
42,421120,1,1,0,0,0,2,2,33,0,27,12,2011,3,14,25,0,3,3,SR-153,,179,40.97270000,-78.379161110,0,42,0,0,1,1,4,0,1,4,0,4,0,0000000,14,20,14,50,16,30,0,0,0,1,0
42,421121,1,1,0,0,0,2,2,61,0,28,12,2011,4,23,43,0,4,3,SR-994,,249,40.21647222,-77.913263890,0,35,0,0,1,1,5,0,2,1,0,1,0,0000000,23,41,23,49,1,35,0,0,0,1,0
42,421122,1,1,0,0,0,1,1,123,0,14,12,2011,4,1,45,0,14,3,SR-1015,,16,41.93796111,-79.137008330,0,53,0,0,1,1,2,0,3,1,0,1,0,0000000,1,59,2,7,88,88,0,0,0,1,1
42,421123,1,1,0,0,0,1,1,39,0,16,12,2011,6,0,35,0,4,2,US-6,,53,41.66800556,-80.445480560,0,34,0,0,1,1,5,0,2,1,0,1,0,0000000,99,99,99,99,88,88,0,0,0,1,1
42,421124,1,1,0,0,0,1,1,17,0,21,12,2011,4,1,38,0,14,3,SR-2071,,99999,99.99990000,999.999900000,9,42,0,0,1,1,6,0,2,1,0,1,0,0000000,1,40,1,53,88,88,0,0,0,1,1
42,421125,1,1,0,0,0,1,1,9,0,29,12,2011,5,20,5,0,3,3,SR-4033,BEN CLAAR,5,40.26697222,-78.493641670,0,5,0,0,3,3,2,0,2,4,0,4,0,0000000,20,21,20,39,88,88,0,0,0,1,1
42,421126,1,1,0,2,2,1,1,49,0,20,12,2011,3,7,0,0,14,3,SR-197,,151,42.05637778,-80.027166670,0,8,0,0,1,1,1,0,3,1,0,1,0,0000000,7,0,7,11,7,32,0,0,0,1,1
42,421127,1,1,0,0,0,1,1,47,595,3,12,2011,7,7,30,0,5,3,SR-2004,,46,41.25410000,-78.357975000,0,1,0,0,1,1,1,0,1,5,0,5,0,0000000,7,59,8,27,88,88,0,0,0,1,1
42,421128,1,1,0,0,0,2,2,37,0,17,12,2011,7,4,0,0,6,3,SR-1031,,0,41.12030556,-76.330177780,0,43,0,0,1,1,4,0,2,1,0,1,0,0000000,99,99,99,99,99,99,0,0,0,1,1
42,421129,1,1,0,0,0,1,1,125,0,9,12,2011,6,20,39,0,14,3,SR-2048,,17,40.02367222,-79.898072220,0,42,0,0,1,1,6,0,3,1,0,1,0,0000000,20,40,20,44,0,30,0,0,0,1,1
42,421130,1,1,0,0,0,1,1,71,0,12,12,2011,2,1,0,1,2,3,SR-272,,124,39.85362500,-76.220572220,0,32,0,0,1,1,2,0,2,1,0,1,0,0000000,99,99,99,99,88,88,20,0,0,1,1
42,421131,1,1,0,0,0,1,1,95,0,31,12,2011,7,22,32,1,12,2,US-22,,34,40.67631111,-75.355816670,0,35,0,0,1,1,6,0,2,1,0,1,0,0000000,99,99,99,99,99,99,0,0,0,1,1
42,421132,1,1,0,1,1,1,1,91,0,27,12,2011,3,13,45,1,11,1,I-76,,3294,40.07386111,-75.349555560,0,8,0,0,1,1,1,0,1,2,0,2,0,0000000,13,43,13,52,14,5,0,0,0,1,0
42,421133,1,1,0,0,0,1,1,19,0,4,12,2011,1,0,1,0,6,5,SUNSET DR,,0,40.92849167,-79.944400000,0,30,0,0,1,1,4,0,2,1,0,1,0,0000000,99,99,99,99,88,88,0,0,0,1,1
42,421134,1,1,0,0,0,1,1,13,0,21,12,2011,4,19,50,0,6,5,BELLEMEADE DR,,0,40.55873056,-78.340697220,0,42,0,0,1,1,4,0,2,2,0,2,0,0000000,19,56,20,3,20,22,0,0,0,1,0
42,421135,1,1,0,0,0,3,3,115,0,4,12,2011,1,1,0,0,5,3,SR-374,,69,41.69301667,-75.607361110,0,24,0,0,1,1,2,0,2,1,0,1,0,0000000,1,16,1,38,99,99,0,0,0,1,1
42,421136,2,2,0,0,0,2,2,7,9997,17,12,2011,7,18,46,1,2,3,SR-68,,3,40.64476944,-80.513036110,0,12,6,0,1,1,1,0,3,4,0,4,0,0000000,99,99,99,99,88,88,0,0,0,1,0
42,421137,1,1,0,0,0,4,4,27,0,21,12,2011,4,4,10,0,4,3,SR-144,,362,41.07241111,-77.986058330,0,42,0,0,1,1,4,0,2,2,0,2,0,0000000,4,17,4,42,99,99,0,0,0,1,1
42,421138,1,1,0,0,0,1,1,11,0,5,12,2011,2,14,41,0,15,3,SR-1010,,49,40.45100278,-75.827108330,0,59,0,0,1,1,5,0,1,1,0,1,0,0000000,13,36,13,39,88,88,0,0,0,1,0
42,421139,2,2,0,0,0,2,2,129,0,2,12,2011,6,11,44,0,3,3,SR-31,,265,40.07448333,-79.310755560,0,12,2,0,1,1,1,0,1,1,0,1,0,0000000,11,45,11,47,88,88,22,0,0,2,0
42,421140,2,2,0,0,0,4,4,71,0,6,12,2011,3,15,0,1,2,3,SR-72,,152,40.21450278,-76.431552780,0,12,6,0,1,1,1,0,1,2,0,2,0,0000000,99,99,99,99,99,99,0,0,0,3,0
42,421141,1,1,0,0,0,1,1,95,0,14,12,2011,4,17,45,0,14,3,SR-2019,SR-1002,48,40.74296111,-75.247594440,0,38,0,0,3,3,5,0,3,1,0,1,0,0000000,99,99,99,99,99,99,0,0,0,1,0
42,421142,1,1,0,0,0,1,1,29,0,22,12,2011,5,22,23,0,6,5,SCHOFF RD,,0,39.91116667,-75.984180560,0,42,0,0,1,1,5,0,2,2,0,2,0,0000000,22,25,22,37,88,88,0,0,0,1,0
42,421143,2,2,0,0,0,4,4,71,0,29,12,2011,5,17,45,0,4,3,SR-472,,60,39.86547778,-76.111263890,0,12,2,0,1,1,1,0,2,4,0,4,0,0000000,99,99,99,99,99,99,0,0,0,1,0
42,421144,2,2,0,0,0,6,6,83,0,12,12,2011,2,14,8,1,2,2,US-6,,154,41.68515556,-78.722052780,0,12,2,0,1,1,1,0,1,1,0,1,0,0000000,14,11,14,27,15,28,0,0,0,1,0
42,421145,2,2,0,0,0,2,2,51,0,28,12,2011,4,6,49,1,2,3,SR-51,,107,40.03937222,-79.770027780,0,12,2,0,1,1,1,0,2,4,0,4,0,0000000,6,49,7,1,88,88,0,0,0,1,0
42,421146,1,1,0,0,0,4,4,125,0,4,12,2011,1,15,40,0,6,5,RIDGE RD,,0,40.32701667,-80.343497220,0,5,0,0,1,1,1,0,1,1,0,1,0,0000000,15,43,15,52,16,40,0,0,0,1,0
42,421147,2,2,0,0,0,5,5,71,6355,27,12,2011,3,13,15,1,13,2,US-30,,262,40.00056111,-76.078152780,0,12,6,0,1,1,1,0,1,2,0,2,0,0000000,99,99,99,99,99,99,0,0,0,1,0
42,421148,2,2,0,0,0,3,3,89,0,24,12,2011,7,18,10,0,4,2,US-209B-SR 2012,,53,40.96022500,-75.289433330,0,12,2,0,1,1,1,0,2,1,0,1,0,0000000,99,99,99,99,99,99,0,0,0,1,1
42,421149,1,1,0,0,0,2,2,95,0,20,12,2011,3,17,46,0,2,3,SR-145,,61,40.77767778,-75.600775000,0,39,0,0,1,1,5,0,2,2,0,2,0,0000000,99,99,99,99,88,88,0,0,0,2,0
42,421150,2,2,0,0,0,5,5,101,6540,12,12,2011,2,17,55,1,11,1,I-76,,3424,39.97978889,-75.204536110,0,39,0,1,17,1,4,0,3,1,0,1,0,0000000,17,56,18,3,18,35,0,0,0,1,0
42,421151,1,1,0,0,0,2,2,71,2225,4,12,2011,1,15,4,0,16,6,GAULT ROAD,,0,40.09187778,-76.017919440,0,35,0,0,1,1,6,0,1,1,0,1,0,0000000,15,4,15,12,15,19,0,0,0,1,0
42,421152,1,1,0,0,0,1,1,101,6540,14,12,2011,4,6,6,1,11,1,I-95,,89,39.93537222,-75.144916670,0,25,0,0,1,1,3,0,3,1,0,1,0,0000000,6,19,6,26,7,10,0,0,0,1,0
42,421153,1,1,0,0,0,1,1,11,0,31,12,2011,7,23,4,0,6,6,HEX HIGHWAY,,0,40.51148889,-76.087580560,0,1,0,0,1,1,4,0,2,1,0,1,0,0000000,99,99,99,99,99,99,0,0,0,1,1
42,421154,1,1,0,1,1,1,1,133,0,14,12,2011,4,18,10,1,13,2,US-30,,63,39.92392222,-76.874336110,0,8,0,0,1,1,1,0,2,1,0,1,0,0000000,18,12,18,15,99,99,16,0,0,1,0
42,421155,1,1,0,1,1,1,1,105,1710,31,12,2011,7,19,37,1,2,2,US-6,SR-44,121,41.77460556,-78.021000000,0,8,0,0,2,2,1,0,3,1,0,1,0,0000000,99,99,99,99,99,99,0,0,0,1,0
42,421156,2,2,0,0,0,3,3,21,0,4,12,2011,1,2,52,0,5,3,SR-3045,,15,40.45801389,-78.902688890,0,12,6,0,1,1,1,0,2,1,0,1,0,0000000,2,53,2,55,99,99,0,0,0,1,1
42,421157,2,2,0,2,2,1,1,51,0,29,12,2011,5,19,21,0,2,2,US-40,,55,39.96523056,-79.818838890,0,8,0,0,1,1,1,0,2,1,0,1,0,0000000,19,23,19,27,20,25,23,0,0,1,1
42,421158,1,1,0,1,1,1,1,129,8740,8,12,2011,5,19,59,0,14,3,SR-56,GRANT AVENUE,132,40.60449444,-79.564666670,0,8,0,0,2,2,1,0,3,1,0,1,0,0000000,19,57,20,11,21,0,0,0,0,1,0
42,421159,1,1,0,1,1,1,1,95,660,4,12,2011,1,16,44,0,14,3,SR-3011,,1,40.61315278,-75.378633330,0,9,0,0,1,1,1,0,5,1,0,1,0,0000000,99,99,99,99,99,99,0,0,0,1,0
42,421160,2,2,0,0,0,2,2,75,0,21,12,2011,4,11,30,0,14,3,SR-4004,,19,40.34631944,-76.490002780,0,12,6,0,1,1,1,0,1,2,5,2,0,0000000,99,99,99,99,99,99,0,0,0,1,1
42,421161,1,1,0,1,1,1,1,133,0,7,12,2011,4,17,48,0,14,3,SR-462,,56,39.97971111,-76.658380560,0,8,0,0,1,1,1,0,2,2,0,2,0,0000000,17,48,17,56,18,8,0,0,0,1,0
42,421162,2,2,0,0,0,4,4,81,0,1,12,2011,5,16,18,0,14,3,SR-405,,81,41.22208889,-76.743430560,0,12,2,0,1,1,1,0,1,1,0,1,0,0000000,16,17,16,34,16,53,0,0,0,1,0
42,421163,1,1,0,1,1,1,1,91,0,6,12,2011,3,4,41,0,13,3,SR-3053,,38,40.11291667,-75.285208330,0,8,0,0,1,1,1,0,3,1,0,1,0,0000000,4,42,4,46,5,7,0,0,0,1,0
42,421164,1,1,0,2,2,1,1,45,3250,9,12,2011,6,21,35,1,13,2,US-13,GLENOLDEN AV,101,39.89757500,-75.291838890,0,8,0,0,3,2,1,0,3,1,0,1,0,0000000,99,99,99,99,99,99,20,0,0,2,0
42,421165,1,1,0,1,1,1,1,49,2640,17,12,2011,7,20,40,1,13,3,SR-0005,WESCHLER AVENUE,231,42.11240833,-80.111591670,0,8,0,0,2,3,1,0,3,1,0,1,0,0000000,20,43,20,47,20,58,0,0,0,1,0
42,421166,1,1,0,1,1,2,2,81,5450,17,12,2011,7,17,21,0,13,3,SR-2014,,93,41.24701667,-76.906475000,0,8,0,0,1,1,1,0,2,1,0,1,0,0000000,17,23,17,26,99,99,0,0,0,1,1
42,421167,1,1,0,1,1,1,1,49,2640,24,12,2011,7,23,34,0,14,3,SR-4016,,104,42.11308611,-80.037225000,0,8,0,0,1,1,1,0,3,1,0,1,0,0000000,23,37,23,42,23,57,0,0,0,1,0
42,421168,1,1,0,1,1,1,1,21,0,5,12,2011,2,7,15,0,3,3,SR-36,,130,40.64099444,-78.655902780,0,8,0,0,1,1,1,0,1,1,0,1,0,0000000,7,20,7,31,88,88,0,0,0,1,0
42,421169,1,1,0,1,1,1,1,101,6540,1,12,2011,5,8,50,0,16,6,TWENTIETH ST,APPLETREE ST,0,39.95607222,-75.172697220,0,8,0,0,2,3,1,0,1,1,0,1,0,0000000,8,52,8,56,9,13,16,0,0,1,0
42,421170,1,1,0,1,1,1,1,71,0,5,12,2011,2,16,3,1,13,2,US-222,,257,40.00624444,-76.296369440,0,8,0,0,1,1,2,1,1,1,0,1,0,0000000,99,99,99,99,88,88,3,0,0,1,0
42,421171,1,1,0,1,1,1,1,101,6540,16,12,2011,6,10,10,0,13,2,US-13,,105,40.04007222,-75.031855560,0,8,0,0,1,1,1,0,1,1,0,1,0,0000000,10,9,10,16,10,24,0,0,0,1,0
42,421172,1,1,0,1,1,1,1,101,6540,18,12,2011,1,18,40,0,16,6,OGONTZ AV,,0,40.04882778,-75.150741670,0,8,0,0,1,1,1,0,3,1,0,1,0,0000000,18,40,18,43,19,3,0,0,0,1,0
42,421173,1,1,0,1,1,2,2,101,6540,18,12,2011,1,18,25,0,16,6,PRICE ST,,0,40.03711389,-75.174972220,0,8,0,0,1,1,99,0,3,1,0,1,0,0000000,18,30,18,37,19,1,0,0,0,1,1
42,421174,2,2,0,1,1,3,3,89,0,11,12,2011,1,17,9,1,13,2,US-209,,55,40.91584444,-75.427583330,0,8,0,0,1,1,1,0,2,1,0,1,0,0000000,99,99,99,99,88,88,0,0,0,1,0
42,421175,1,1,0,0,0,1,1,129,3930,23,12,2011,6,0,34,0,16,3,SR-4004,,4,40.33860556,-79.597755560,0,42,0,0,1,1,5,0,2,2,0,2,0,0000000,0,33,0,39,88,88,0,0,0,1,1
42,421176,1,1,0,0,0,5,5,121,8217,25,12,2011,1,20,15,0,4,3,SR-427,,21,41.47232778,-79.885091670,0,42,0,0,1,1,5,0,2,3,0,3,0,0000000,20,28,21,1,21,48,0,0,0,2,0
42,421177,2,2,0,0,0,2,2,15,9547,11,12,2011,1,1,25,1,2,2,US-6,,281,41.76421944,-76.432075000,0,12,2,0,1,1,1,0,3,1,0,1,0,0000000,1,25,1,34,88,88,0,0,0,1,1
42,421178,2,2,0,0,0,2,2,79,0,7,12,2011,4,19,16,0,5,3,SR-4011,,92,41.28821111,-76.301947220,0,12,6,0,1,1,1,0,2,4,0,4,0,0000000,19,18,20,6,21,11,0,0,0,1,0
42,421179,2,2,0,0,0,5,5,41,0,8,12,2011,5,15,0,0,14,3,SR-34,SR-174,87,40.14363333,-77.195805560,0,12,6,0,2,2,1,0,1,1,0,1,0,0000000,15,2,15,8,88,88,0,0,0,1,0
42,421180,2,2,0,0,0,5,5,77,0,12,12,2011,2,21,40,0,2,3,SR-145,,137,40.73355000,-75.535750000,0,12,2,0,1,1,1,0,2,1,0,1,0,0000000,99,99,99,99,99,99,0,0,0,1,1
42,421181,2,2,0,0,0,3,3,119,0,23,12,2011,6,14,18,1,2,2,US-15,SR-1002,93,41.00630556,-76.868147220,0,12,6,0,2,3,1,0,1,1,0,1,0,0000000,99,99,99,99,99,99,0,0,0,1,0
42,421182,2,2,0,0,0,3,3,63,0,13,12,2011,3,11,50,1,13,2,US-22,RESORT DR,24,40.44372500,-79.229191670,0,12,6,0,2,2,1,0,1,1,0,1,0,0000000,11,54,11,58,13,6,0,0,0,1,0
42,421183,2,1,1,0,0,2,2,41,0,2,12,2011,6,23,49,0,4,3,SR-174,,187,40.14543333,-77.183519440,0,19,0,0,1,1,5,0,2,1,0,1,0,0000000,23,50,23,58,88,88,0,0,0,1,1
42,421184,2,2,0,0,0,2,2,75,0,19,12,2011,2,6,22,1,13,3,SR-72,OLD JONESTOWN RD,89,40.39025000,-76.478850000,0,12,6,0,2,4,1,0,3,1,0,1,0,0000000,6,25,6,32,88,88,0,0,0,1,0
42,421185,2,2,0,0,0,6,6,89,0,10,12,2011,7,21,49,0,3,3,SR-611,FISH HILL RD,134,41.03999722,-75.305969440,0,12,6,0,2,7,1,0,2,1,0,1,0,0000000,99,99,99,99,99,99,0,0,0,1,1
42,421186,2,2,0,0,0,3,3,125,0,31,12,2011,7,14,40,0,5,3,SR-3011,,25,40.16241944,-80.312855560,0,42,0,0,1,1,4,0,1,1,0,1,0,0000000,14,48,14,56,15,30,0,0,0,1,0
42,421187,2,2,0,0,0,3,3,33,0,27,12,2011,3,14,3,1,1,1,I-80,,1074,41.12600278,-78.593133330,0,24,0,0,1,1,2,0,1,2,0,2,0,0000000,99,99,99,99,99,99,0,0,0,1,0
42,421188,2,2,0,0,0,2,2,29,0,23,12,2011,6,10,21,1,12,2,US-202,,94,40.02619167,-75.589027780,0,12,7,0,1,1,1,0,1,1,0,1,0,0000000,10,21,10,32,11,2,0,0,0,1,0
42,421189,2,2,0,0,0,2,2,37,0,7,12,2011,4,20,59,0,3,3,SR-487,,43,40.91957222,-76.469605560,0,12,2,0,1,1,1,0,2,4,0,4,0,0000000,99,99,99,99,99,99,0,0,0,1,1
42,421190,2,2,0,0,0,3,3,75,0,31,12,2011,7,14,1,0,3,2,US-22,BULLFROG RD,16,40.39161667,-76.616172220,0,12,6,0,2,2,1,0,1,1,0,1,0,0000000,14,8,14,17,14,43,0,0,0,2,0
42,421191,2,2,0,0,0,2,2,89,0,17,12,2011,7,22,40,0,4,3,SR-196,,35,41.17648333,-75.356355560,0,12,2,0,1,1,1,0,2,1,0,1,0,0000000,99,99,99,99,99,99,0,0,0,1,1
42,421192,2,2,0,0,0,3,3,79,0,12,12,2011,2,9,33,0,3,3,SR-309,,376,41.38119167,-75.982397220,0,12,8,0,1,1,1,0,1,1,0,1,0,0000000,9,35,9,38,10,23,0,0,0,1,0
42,421193,2,2,0,0,0,3,3,133,0,13,12,2011,3,21,15,0,13,3,SR-3054,,5,39.94867222,-76.745175000,0,12,6,0,8,1,1,0,2,1,0,1,0,0000000,21,20,21,23,88,88,0,0,0,1,0
44,440001,1,1,0,0,0,1,1,3,230,4,1,2011,3,22,50,0,12,3,SR-37,,0,41.74480556,-71.433963890,0,24,0,0,1,1,4,0,3,1,0,1,0,0000000,22,52,22,55,23,28,0,0,0,1,0
44,440002,1,1,0,0,0,1,1,5,212,6,1,2011,5,7,0,0,12,3,SR-24,,0,41.65591944,-71.169947220,0,17,0,0,1,1,5,0,1,1,0,1,0,0000000,7,2,7,10,8,2,0,0,0,1,0
44,440003,2,2,0,0,0,2,2,9,54,14,1,2011,6,5,37,0,4,3,SR-3  NOOSENECK HILL,,0,41.55175556,-71.650772220,0,12,6,0,8,1,1,0,2,1,0,1,0,0000000,5,51,6,2,7,17,0,0,0,1,0
44,440004,1,1,0,0,0,2,2,9,208,7,2,2011,2,20,9,1,12,2,US-1,,0,41.42738056,-71.504302780,0,48,0,0,1,1,3,0,2,1,0,1,0,0000000,20,9,20,19,20,34,0,0,0,1,1
44,440005,1,1,0,1,1,1,1,7,190,17,2,2011,5,1,28,1,13,2,US-1,,0,41.83148889,-71.410616670,0,8,0,0,1,1,1,0,3,10,0,10,0,0000000,1,30,1,35,1,44,0,0,0,1,1
44,440006,1,1,0,0,0,1,1,7,57,20,2,2011,1,8,27,0,13,3,SR-103 VETERANS MEM.,,0,41.81316389,-71.387872220,0,33,0,0,1,1,4,0,1,1,0,1,0,0000000,8,32,8,36,8,49,0,0,0,1,1
44,440007,3,3,0,0,0,5,5,7,190,26,2,2011,7,2,47,1,11,1,I-195,,99998,41.81919167,-71.391519440,0,12,2,1,18,1,1,0,3,1,0,1,0,0000000,2,54,3,0,3,30,0,0,0,1,1
44,440008,2,2,0,0,0,2,2,7,190,10,3,2011,5,4,16,1,11,1,I-95,,99998,41.81997500,-71.419608330,0,12,2,0,1,1,1,0,3,1,0,1,0,0000000,4,15,4,25,4,54,0,0,0,1,1
44,440009,1,1,0,0,0,2,2,7,190,23,3,2011,4,0,29,0,16,6,VALLEY STREET,ATWELLS AVENUE,0,41.82544444,-71.439713890,0,30,0,0,2,2,4,0,3,1,0,1,0,0000000,0,22,0,28,0,45,0,0,0,1,1
44,440010,2,2,0,0,0,2,2,9,155,24,3,2011,5,15,49,0,13,3,SR-102 TEN ROD RD,SR-2  S COUNTY TRAIL,0,41.57622222,-71.516188890,0,12,6,0,2,3,1,0,1,1,0,1,0,0000000,15,50,15,55,16,40,0,0,0,1,0
44,440011,1,1,0,1,1,1,1,3,230,24,3,2011,5,20,50,1,13,2,US-1,,0,41.72110556,-71.442375000,0,8,0,0,1,1,1,0,3,1,0,1,0,0000000,20,50,20,56,21,11,0,0,0,1,0
44,440012,2,2,0,0,0,2,2,7,190,27,3,2011,1,18,35,0,13,3,SR-117  BROAD ST.,CONGRESS AVE.,0,41.80103889,-71.418041670,0,12,6,0,2,3,1,0,3,1,0,1,0,0000000,18,37,18,37,19,1,0,0,0,1,1
44,440013,1,1,0,0,0,1,1,3,230,8,4,2011,6,3,51,1,11,1,I-95,,99998,41.67451389,-71.478166670,0,42,0,0,1,1,3,0,2,1,0,1,0,0000000,3,45,3,51,88,88,0,0,0,1,1
44,440014,1,1,0,0,0,2,2,9,155,17,4,2011,1,14,54,0,16,6,COMPASS CIRCLE,,0,41.60576389,-71.468547220,0,19,0,0,1,1,5,0,1,1,0,1,0,0000000,14,58,15,4,15,23,0,0,0,1,1
44,440015,1,1,0,0,0,2,2,7,260,2,5,2011,2,1,45,0,16,6,MENDON RD,THERESA ST,0,42.00641667,-71.477630560,0,30,0,0,2,3,4,0,3,1,0,1,0,0000000,1,46,1,50,2,45,0,0,0,1,1
44,440016,1,1,0,0,0,1,1,7,190,8,5,2011,1,23,44,0,16,6,ROYAL LITTLE DRIVE,,0,41.85201389,-71.411238890,0,30,0,0,1,1,4,0,3,1,0,1,0,0000000,23,42,23,49,0,6,0,0,0,1,0
44,440017,2,2,0,0,0,4,4,9,240,30,5,2011,2,18,0,0,14,3,SR-91,,0,41.38118889,-71.786986110,0,12,8,0,1,1,1,0,1,1,0,1,0,0000000,18,16,18,50,19,29,0,0,0,2,1
44,440018,2,2,0,0,0,2,2,3,48,2,6,2011,5,8,51,0,13,3,SR-117,PULASKI STREET,0,41.69542778,-71.537411110,0,12,2,0,2,3,1,0,1,1,0,1,0,0000000,8,54,8,58,9,16,0,0,0,1,0
44,440019,1,1,0,0,0,1,1,7,62,25,6,2011,7,18,36,1,13,2,US-44 PUTNAM PIKE,CHESTNUT OAK RD,0,41.89480278,-71.626138890,0,24,0,0,2,3,4,0,1,1,0,1,0,0000000,18,36,18,41,19,6,0,0,0,1,1
44,440020,2,1,1,0,1,1,2,7,190,17,6,2011,6,12,56,1,12,2,US-6,,0,41.82470833,-71.432075000,0,14,0,0,1,1,4,0,1,1,0,1,0,0000000,12,59,13,4,13,22,23,0,0,1,0
44,440021,1,1,0,0,0,2,2,7,57,6,7,2011,4,16,0,0,16,6,CITY VIEW AVE.,,0,41.80260556,-71.362294440,0,30,0,0,1,1,4,0,1,1,0,1,0,0000000,15,38,15,42,15,59,0,0,0,1,0
44,440022,1,1,0,0,0,1,1,7,156,7,7,2011,5,18,55,0,16,6,FRUIT HILL AVE.,HUMBERT ST.,0,41.84648333,-71.468125000,0,33,0,0,2,4,4,0,1,1,0,1,0,0000000,18,55,18,59,19,22,0,0,0,1,0
44,440023,2,2,0,0,0,2,2,3,230,1,5,2011,1,15,41,0,13,3,SR-117 WARWICK AVE,IROQUOIS AVE,0,41.74776667,-71.405061110,0,12,2,0,2,3,1,0,1,1,0,1,0,0000000,15,40,15,42,15,57,0,0,0,1,1
44,440024,1,1,0,0,0,2,2,7,202,3,6,2011,6,22,6,0,3,3,SR-116  EAST RD,,0,41.77041667,-71.569061110,0,1,0,0,1,1,5,0,2,1,0,1,0,0000000,22,7,22,14,99,99,0,0,0,1,0
44,440025,1,1,0,1,1,1,1,3,230,3,6,2011,6,15,42,0,13,3,SR-117   WARWICK AVE,AMSTERDAM AVE,0,41.71681389,-71.400383330,0,8,0,0,3,1,1,0,1,1,0,1,0,0000000,15,40,15,43,16,1,0,0,0,1,0
44,440026,1,1,0,0,0,1,1,7,40,9,7,2011,7,1,20,0,13,3,SR-114  BROAD ST,SR-114  HIGH ST,0,41.91489167,-71.400016670,0,33,0,0,2,3,5,0,3,2,0,2,0,0000000,1,24,1,27,1,49,20,0,0,1,1
44,440027,2,2,0,0,0,2,2,7,190,12,7,2011,3,19,56,0,16,6,ANGELL ST.,,0,41.82806667,-71.402763890,0,12,7,0,1,1,1,0,5,1,0,1,0,0000000,19,57,20,0,20,19,0,0,0,1,0