STATE,ST_CASE,VE_TOTAL,VE_FORMS,PVH_INVL,PEDS,PERNOTMVIT,PERMVIT,PERSONS,COUNTY,CITY,DAY,MONTH,YEAR,DAY_WEEK,HOUR,MINUTE,NHS,ROAD_FNC,ROUTE,TWAY_ID,TWAY_ID2,MILEPT,LATITUDE,LONGITUD,SP_JUR,HARM_EV,MAN_COLL,RELJCT1,RELJCT2,TYP_INT,REL_ROAD,WRK_ZONE,LGT_COND,WEATHER1,WEATHER2,WEATHER,SCH_BUS,RAIL,NOT_HOUR,NOT_MIN,ARR_HOUR,ARR_MIN,HOSP_HR,HOSP_MN,CF1,CF2,CF3,FATALS,DRUNK_DR
44,440028,2,2,0,0,0,2,2,7,105,15,7,2011,6,23,31,1,13,2,US-6,,99998,41.82947778,-71.537538890,0,12,6,0,1,1,1,0,3,1,0,1,0,0000000,23,35,23,36,23,49,0,0,0,1,1
44,440029,2,2,0,0,0,2,2,7,202,22,7,2011,6,0,29,0,3,3,SR-101  HARTFORD AVE,,0,41.84001944,-71.666186110,0,12,6,0,1,1,1,0,3,1,0,1,0,0000000,0,32,0,47,88,88,99,99,99,1,0
44,440030,1,1,0,2,2,1,1,7,47,17,6,2011,6,6,21,0,13,3,SR-122  MENDON RD.,,0,41.95935000,-71.443083330,0,33,0,0,1,1,4,0,4,1,0,1,0,0000000,6,26,6,27,7,3,0,0,0,1,0
44,440031,1,1,0,0,0,1,1,7,105,31,7,2011,1,19,35,1,11,1,I-295,,99998,41.83043333,-71.516361110,0,33,0,1,5,1,4,0,5,1,0,1,0,0000000,19,37,19,38,19,50,0,0,0,1,1
44,440032,1,1,0,0,0,1,1,7,180,17,7,2011,1,3,28,1,11,1,I-95,,99998,41.87950833,-71.378022220,0,25,0,1,18,1,4,0,3,1,0,1,0,0000000,3,28,3,33,4,0,0,0,0,1,1
44,440033,1,1,0,0,0,1,1,3,55,10,8,2011,4,16,10,0,12,3,SR-4,,0,41.62943056,-71.487050000,0,25,0,0,5,1,4,0,1,1,0,1,0,0000000,16,6,16,10,16,46,0,0,0,1,0
44,440034,1,1,0,0,0,1,1,9,155,13,8,2011,7,17,0,1,12,2,US-1  POST RD.,,0,41.59612500,-71.455850000,0,40,0,0,1,1,5,0,1,1,0,1,0,0000000,17,4,17,15,17,41,0,0,0,1,0
44,440035,1,1,0,0,0,2,2,3,230,8,7,2011,6,1,0,0,14,3,SR-3  COWESETT RD,,0,41.68570556,-71.483283330,0,42,0,0,1,1,4,0,3,1,0,1,0,0000000,1,11,1,15,1,36,0,0,0,1,1
44,440036,1,1,0,0,0,1,1,3,230,30,7,2011,7,0,35,0,16,6,NAMQUID DR,SPRING GREEN RD,0,41.74209444,-71.393463890,0,33,0,0,2,5,3,0,3,1,0,1,0,0000000,0,37,0,46,1,2,0,0,0,1,1
44,440037,1,1,0,1,1,2,2,3,230,12,8,2011,6,23,28,0,13,3,SR-117 WARWICK AVE,JEFFERSON ST,0,41.75643056,-71.404352780,0,8,0,0,2,3,1,0,3,1,0,1,0,0000000,23,28,23,31,23,50,0,0,0,1,1
44,440038,1,1,0,1,1,1,1,7,260,17,8,2011,4,23,30,0,13,3,SR-122 MENDON RD,,0,41.99189167,-71.482494440,0,8,0,0,1,1,1,0,2,1,0,1,0,0000000,23,46,23,52,0,30,0,0,0,1,0
44,440039,1,1,0,0,0,4,4,9,54,31,8,2011,4,21,30,0,6,6,PURGATORY RD,,0,41.56636111,-71.559716670,0,1,0,0,1,1,2,0,2,1,0,1,0,0000000,21,33,21,36,22,17,0,0,0,2,0
44,440040,1,1,0,0,0,1,1,5,212,1,9,2011,5,19,1,0,16,6,EAGLEVILLE RD,,0,41.65625000,-71.163502780,0,1,0,0,1,1,4,0,3,1,0,1,0,0000000,19,5,19,8,19,55,0,0,0,1,1
44,440041,1,1,0,0,0,1,1,9,15,1,9,2011,5,5,14,0,6,6,CORN NECK RD,,0,41.20868889,-71.568900000,0,34,0,0,1,1,4,0,2,1,0,1,0,0000000,5,14,5,23,5,34,0,0,0,1,1
44,440042,1,1,0,1,1,2,2,7,50,4,9,2011,1,18,54,0,16,6,BROADMOOR RD,,0,41.76849167,-71.433313890,0,8,0,0,1,1,1,0,1,1,0,1,0,0000000,18,55,18,58,19,10,0,0,0,1,0
44,440043,2,2,0,0,0,2,2,7,190,9,9,2011,6,17,0,1,12,2,US-6,,0,41.82227778,-71.457213890,0,18,0,0,1,1,1,0,1,1,0,1,0,0000000,17,3,17,11,17,21,0,0,0,1,0
44,440044,2,2,0,0,0,3,3,3,245,10,9,2011,7,12,59,0,16,6,MAIN ST.,CROSSEN ST.,0,41.70063611,-71.522791670,0,12,6,0,2,3,1,0,1,1,0,1,0,0000000,13,1,13,3,14,6,0,0,0,1,0
44,440045,1,1,0,0,0,1,1,7,260,16,9,2011,6,1,27,0,13,3,SR-122 MENDON RD.,,0,41.99321389,-71.483491670,0,24,0,0,1,1,4,0,3,1,0,1,0,0000000,1,30,1,35,2,13,0,0,0,1,1
44,440046,1,1,0,0,0,1,1,7,180,22,9,2011,5,4,35,1,11,1,I-95,,99998,41.88218889,-71.377477780,0,25,0,0,1,1,4,0,3,2,0,2,0,0000000,4,34,4,37,5,9,0,0,0,1,1
44,440047,1,1,0,1,1,1,1,7,159,30,9,2011,6,7,15,0,13,3,SR-146A    SMITHFIELD RD,SR-146A  EDDIE DOWLLING HWY,0,41.98320278,-71.515738890,0,8,0,0,3,4,1,0,1,1,0,1,0,0000000,7,18,7,23,7,49,0,0,0,1,0
44,440048,1,1,0,1,1,1,1,7,260,7,10,2011,6,23,15,0,16,6,CASS AVENUE,DELUDE AVENUE,0,42.00525556,-71.496388890,0,8,0,0,2,3,1,0,3,1,0,1,0,0000000,11,15,11,17,11,25,0,0,0,1,0
44,440049,1,1,0,1,1,1,1,7,50,17,10,2011,2,18,59,0,13,3,SR-1A WARWICK AVE,,0,41.77656111,-71.401330560,0,8,0,0,1,1,1,0,3,1,0,1,0,0000000,18,59,19,1,19,18,0,0,0,1,0
44,440050,2,2,0,0,0,2,2,3,239,21,10,2011,6,12,18,0,4,3,SR-3 NOOSENECK HILL RD,WEAVER HILL RD,0,41.63990278,-71.625044440,0,12,6,0,2,4,1,0,1,1,0,1,0,0000000,12,18,12,25,13,11,0,0,0,1,0
44,440051,2,2,0,0,0,4,4,5,150,21,10,2011,6,22,48,0,13,3,SR-138,,0,41.49959167,-71.322580560,0,12,2,0,1,1,1,0,3,1,0,1,0,0000000,22,47,22,50,23,14,0,0,0,2,0
44,440052,1,1,0,0,0,1,1,3,48,31,10,2011,2,19,22,0,13,3,SR-117 FLAT RIVER RD.,,0,41.70336389,-71.597619440,0,30,0,0,1,1,4,0,2,1,0,1,0,0000000,19,28,19,33,20,4,0,0,0,1,0
44,440053,1,1,0,0,0,1,1,7,190,6,11,2011,1,16,17,1,11,1,I-95,,99998,41.79873889,-71.402036110,0,44,0,0,5,1,1,0,1,1,0,1,0,0000000,16,18,16,22,16,29,0,0,0,1,0
44,440054,1,1,0,0,0,2,2,7,190,10,11,2011,5,1,1,0,16,6,POINT ST,,0,41.81676389,-71.406788890,0,33,0,0,1,1,4,0,3,10,0,10,0,0000000,1,0,1,7,1,44,0,0,0,1,1
44,440055,2,2,0,0,0,2,2,7,105,10,11,2011,5,12,22,0,13,3,SR-44  PUTNAM PIKE,SUSAN AVE,0,41.86690833,-71.502672220,0,12,6,0,2,3,1,0,1,2,0,2,0,0000000,12,25,12,30,13,0,0,0,0,1,0
44,440056,1,1,0,1,1,1,1,7,50,10,11,2011,5,17,8,0,13,3,SR-12  PARK AVE,,0,41.78244722,-71.445538890,0,8,0,0,1,1,1,0,3,2,0,2,0,0000000,17,9,17,14,17,36,0,0,0,1,0
44,440057,1,1,0,0,0,1,1,7,50,18,11,2011,6,14,58,1,11,1,I-95,,99998,41.77306667,-71.426711110,0,25,0,0,1,1,3,0,1,1,0,1,0,0000000,14,59,15,3,15,14,0,0,0,1,1
44,440058,1,1,0,0,0,1,1,9,155,22,11,2011,3,2,55,0,13,3,SR-102 TEN ROD RD.,PLAIN RD.,0,41.57650556,-71.513313890,0,31,0,0,2,3,4,0,3,1,0,1,0,0000000,2,55,3,2,3,24,0,0,0,1,1
44,440059,1,1,0,2,2,1,1,9,240,24,11,2011,5,17,17,0,13,3,SR-1A WATCH HILL RD,,0,41.31776944,-71.848558330,0,8,0,0,1,1,1,0,3,1,0,1,0,0000000,17,25,17,27,17,59,0,0,0,1,0
44,440060,1,1,0,1,1,1,1,7,47,10,11,2011,5,18,10,0,13,3,SR-122 MENDON RD,WILLIS DR,0,41.97970556,-71.463477780,0,8,0,0,2,2,1,0,3,10,0,10,0,0000000,18,13,18,17,18,49,0,0,0,1,0
44,440061,2,2,0,0,0,4,4,9,137,3,12,2011,7,22,16,0,13,3,SR-108 POINT JUDITH RD,CLARKE RD,0,41.40079444,-71.479297220,0,12,6,0,2,3,1,0,3,1,0,1,0,0000000,22,16,22,26,22,40,0,0,0,1,0
44,440062,1,1,0,1,1,1,1,7,260,12,12,2011,2,11,21,0,16,6,MAIN ST,,0,42.00181111,-71.515050000,0,8,0,0,1,1,1,0,1,1,0,1,0,0000000,11,22,11,25,12,0,0,0,0,1,0
44,440063,2,2,0,0,0,4,4,5,185,13,12,2011,3,18,48,0,13,3,SR-114 BRISTOL FERRY RD,,0,41.62102778,-71.256661110,0,12,2,0,1,1,1,0,2,1,0,1,0,0000000,18,48,18,53,19,22,0,0,0,1,0
45,450001,1,1,0,0,0,1,1,45,0,1,1,2011,7,18,30,0,6,6,296,,0,35.06948611,-82.423166670,0,35,0,0,1,1,4,0,2,5,0,5,0,0000000,18,37,18,41,19,30,0,0,0,1,0
45,450002,1,1,0,0,0,4,4,15,0,1,1,2011,7,3,0,0,3,3,SR-6,,350,33.37655556,-80.220536110,0,42,0,0,1,1,3,0,2,5,0,5,0,0000000,99,99,99,99,99,99,0,0,0,1,1
45,450003,1,1,0,0,0,1,1,53,0,1,1,2011,7,4,40,1,1,1,I-95,,2832,32.54576389,-80.950397220,0,42,0,0,1,1,3,0,2,1,0,1,0,0000000,88,88,88,88,88,88,0,0,0,1,0
45,450004,1,1,0,0,0,1,1,45,0,1,1,2011,7,1,35,0,6,6,PIEDMONT GOLF COURSE RD,,0,34.72256667,-82.405313890,0,34,0,0,1,1,4,0,2,1,0,1,0,0000000,88,88,88,88,88,88,0,0,0,1,1
45,450005,1,1,0,0,0,2,2,37,0,2,1,2011,1,23,40,0,4,4,582,,970,33.55555833,-81.993713890,0,42,0,0,1,1,4,0,2,1,0,1,0,0000000,88,88,88,88,88,88,0,0,0,2,1
45,450006,1,1,0,1,1,1,1,79,520,3,1,2011,2,3,0,0,15,4,125,,20,34.00137222,-80.997433330,0,8,0,0,8,1,1,0,3,1,0,1,0,0000000,99,99,99,99,99,99,0,0,0,1,0
45,450007,2,2,0,0,0,3,3,41,0,4,1,2011,3,9,38,1,1,1,I-95,,1615,34.22134722,-79.809580560,0,12,2,0,1,1,1,0,1,1,0,1,0,0000000,9,35,9,45,10,4,0,0,0,1,0
45,450008,1,1,0,0,0,5,5,21,0,5,1,2011,4,2,15,1,1,1,I-85,,1057,35.16591389,-81.448730560,0,1,0,0,1,1,4,0,2,1,0,1,0,0000000,99,99,99,99,99,99,0,0,0,2,0
45,450009,1,1,0,1,1,1,1,15,0,7,1,2011,6,2,0,1,2,2,US-17,,0,33.13352500,-80.066041670,0,8,0,0,1,1,1,0,2,1,0,1,0,0000000,88,88,88,88,88,88,0,0,0,1,0
45,450010,1,1,0,0,0,1,1,29,0,12,1,2011,4,11,25,0,9,4,126,,50,32.90311944,-80.737366670,0,23,0,0,1,1,4,0,1,1,0,1,0,0000000,88,88,88,88,88,88,0,0,0,1,1
45,450011,1,1,0,2,2,1,1,91,0,15,1,2011,7,21,35,0,6,6,81,,0,34.98472222,-81.102188890,0,8,0,0,1,1,1,0,2,1,0,1,0,0000000,99,99,99,99,99,99,0,0,0,1,1
45,450012,2,2,0,0,0,2,2,91,0,15,1,2011,7,16,15,0,3,3,SR-55,,8020,35.12054167,-81.293936110,0,12,2,0,1,1,1,0,1,1,0,1,0,0000000,99,99,99,99,99,99,0,0,0,1,0
45,450013,2,2,0,0,0,2,2,41,0,20,1,2011,5,16,14,0,14,3,SR-51,,392,34.17197222,-79.802327780,0,12,2,0,1,1,1,0,1,1,0,1,0,0000000,16,13,16,20,16,36,0,0,0,1,1
45,450014,1,1,0,0,0,1,1,63,0,4,1,2011,3,11,23,0,14,4,73,,101,33.88099722,-81.115922220,0,43,0,0,1,1,4,0,1,10,0,10,0,0000000,88,88,88,88,88,88,0,0,0,1,0
45,450015,1,1,0,0,0,2,2,19,410,23,1,2011,1,19,34,0,6,6,RIVERLAND DRIVE,,0,32.71880833,-79.982527780,0,42,0,0,1,1,4,0,2,1,0,1,0,0000000,19,34,19,41,20,20,0,0,0,1,1
45,450016,1,1,0,0,0,2,2,45,0,23,1,2011,1,16,20,0,9,4,175,,3950,35.05754167,-82.526722220,0,35,0,0,1,1,4,0,1,1,0,1,0,0000000,99,99,99,99,99,99,0,0,0,1,1
45,450017,2,2,0,0,0,2,2,57,0,24,1,2011,2,7,20,0,3,3,SR-200,,2580,34.60665000,-80.870661110,0,12,1,0,1,1,1,0,4,10,0,10,0,0000000,99,99,99,99,99,99,0,0,0,1,0
45,450018,2,2,0,0,0,5,5,79,880,25,1,2011,3,17,3,1,13,3,SR-12,,4050,34.01947778,-80.988422220,0,12,2,0,1,1,1,0,1,2,0,2,0,0000000,17,5,17,14,17,52,0,0,0,1,0
45,450019,1,1,0,0,0,1,1,85,0,30,1,2011,1,1,30,0,4,4,91,OLD FRIERSON RD,0,33.98898889,-80.438719440,0,30,0,0,1,1,4,0,2,1,0,1,0,0000000,1,48,2,25,3,7,0,0,0,1,1
45,450020,2,2,0,0,0,2,2,13,0,1,1,2011,7,0,24,0,15,4,20,,30,32.42554444,-80.744619440,0,12,2,0,1,1,1,0,2,1,0,1,0,0000000,0,19,0,27,1,4,0,0,0,1,1
45,450021,2,2,0,0,0,2,2,33,0,1,1,2011,7,13,50,0,3,4,484,TRUETT LOOP,1120,34.31933889,-79.140013890,0,12,6,0,2,2,1,0,1,1,0,1,0,0000000,13,54,14,9,14,45,0,0,0,1,0
45,450022,1,1,0,1,1,1,1,17,0,3,1,2011,2,19,25,0,9,4,36,,1760,33.74821389,-80.880147220,0,8,0,0,1,1,1,0,2,1,0,1,0,0000000,88,88,88,88,88,88,0,0,0,1,0
45,450023,2,2,0,0,0,3,3,91,0,7,1,2011,6,21,0,0,3,3,SR-49,FOREST OAKS DR,0,35.11569722,-81.069788890,0,12,6,0,8,1,1,0,3,10,0,10,0,0000000,99,99,99,99,99,99,0,0,0,1,0
45,450024,1,1,0,1,1,1,1,39,0,7,1,2011,6,18,40,0,3,3,SR-34,,327,34.30037222,-80.948511110,0,8,0,0,1,1,1,0,2,10,0,10,0,0000000,88,88,88,88,88,88,0,0,0,1,0
45,450025,1,1,0,0,0,1,1,29,0,12,1,2011,4,10,5,0,3,3,SR-61,,248,33.04331389,-80.414213890,0,1,0,0,1,1,4,0,1,1,0,1,0,0000000,99,99,99,99,99,99,0,0,0,1,0
45,450026,1,1,0,0,0,1,1,63,0,16,1,2011,1,2,4,0,15,4,168,,43,33.94435556,-81.166605560,0,32,0,0,1,1,4,0,2,1,0,1,0,0000000,88,88,88,88,88,88,0,0,0,1,1
45,450027,2,2,0,0,0,3,3,85,0,21,1,2011,6,15,5,1,2,2,US-521,,295,34.11894722,-80.549183330,0,12,2,0,1,1,1,0,1,1,0,1,0,0000000,99,99,99,99,99,99,0,0,0,1,0
45,450028,2,2,0,0,0,2,2,39,0,22,1,2011,7,12,21,0,3,3,SR-34,,194,34.39735000,-81.116566670,0,12,2,0,1,1,1,0,1,1,0,1,0,0000000,99,99,99,99,99,99,0,0,0,1,1
45,450029,1,1,0,2,2,1,1,7,0,23,1,2011,1,2,55,0,4,4,61,,0,34.55078611,-82.692588890,0,8,0,0,1,1,1,0,2,1,0,1,0,0000000,99,99,99,99,99,99,0,0,0,1,1
45,450030,1,1,0,0,0,1,1,55,0,23,1,2011,1,7,39,0,3,3,SR-341,,149,34.38888611,-80.324050000,0,42,0,0,1,1,4,0,2,1,0,1,0,0000000,88,88,88,88,88,88,0,0,0,1,1
45,450031,1,1,0,0,0,1,1,7,0,24,1,2011,2,21,13,0,4,4,144,,0,34.60619167,-82.523802780,0,34,0,0,1,1,4,0,2,1,0,1,0,0000000,21,12,21,17,21,45,0,0,0,1,1
45,450032,1,1,0,0,0,1,1,63,0,29,1,2011,7,17,5,0,4,4,436,,0,34.04490833,-81.450319440,0,38,0,0,1,1,4,0,1,1,0,1,0,0000000,88,88,88,88,88,88,0,0,0,1,1
45,450033,1,1,0,0,0,3,3,41,0,29,1,2011,7,23,30,0,9,4,85,,68,33.87658056,-79.652166670,0,34,0,0,1,1,5,0,2,1,0,1,0,0000000,99,99,99,99,99,99,0,0,0,1,1
45,450034,1,1,0,1,1,3,3,33,0,30,1,2011,1,18,30,0,9,4,45,,34,34.34003333,-79.317683330,0,8,0,0,1,1,1,0,2,1,0,1,0,0000000,88,88,88,88,88,88,0,0,0,1,0
45,450035,1,1,0,0,0,1,1,47,1050,10,1,2011,2,2,2,0,4,4,29,,99999,34.18933333,-82.117866670,0,34,0,0,1,1,4,0,2,5,0,5,0,0000000,2,2,2,17,2,40,0,0,0,1,1
45,450036,1,1,0,1,1,2,2,79,520,1,2,2011,3,5,45,0,15,4,126,,960,34.03993056,-81.055283330,0,8,0,0,1,1,1,0,2,1,0,1,0,0000000,99,99,99,99,99,99,0,0,0,1,0
45,450037,1,1,0,1,1,1,1,91,0,2,2,2011,4,19,15,1,13,3,SR-901,,117,34.95676389,-81.067813890,0,9,0,0,1,1,1,0,2,1,0,1,0,0000000,19,15,19,24,19,42,0,0,0,1,0
45,450038,1,1,0,0,0,1,1,15,0,4,2,2011,6,2,30,0,4,3,SR-27,,82,33.21366667,-80.310316670,0,42,0,0,1,1,4,0,2,2,0,2,0,0000000,99,99,99,99,99,99,0,0,0,1,1
45,450039,1,1,0,0,0,1,1,83,0,4,2,2011,6,1,55,0,4,4,208,,20,35.15584444,-82.180438890,0,42,0,0,1,1,4,0,2,10,0,10,0,0000000,99,99,99,99,99,99,0,0,0,1,1
45,450040,1,1,0,0,0,2,2,75,0,5,2,2011,7,20,52,0,4,2,US-178,,332,33.42173611,-80.756591670,0,32,0,0,1,1,4,0,2,10,0,10,0,0000000,99,99,99,99,99,99,0,0,0,1,1
45,450041,1,1,0,0,0,1,1,57,0,5,2,2011,7,22,55,0,9,4,12,,90,34.68651111,-80.792683330,0,42,0,0,1,1,4,0,2,1,0,1,0,0000000,88,88,88,88,88,88,0,0,0,1,0
45,450042,1,1,0,0,0,2,2,79,0,6,2,2011,1,4,51,0,4,4,53,,80,34.15041944,-80.849288890,0,35,0,0,1,1,4,0,3,1,0,1,0,0000000,99,99,99,99,99,99,0,0,0,1,1
45,450043,1,1,0,0,0,1,1,31,0,6,2,2011,1,11,50,0,4,4,23,,1684,34.46283333,-80.035700000,0,34,0,0,1,1,4,0,1,1,0,1,0,0000000,99,99,99,99,99,99,0,0,0,1,0
45,450044,3,2,1,0,0,5,5,7,0,7,2,2011,2,19,9,0,4,4,203,,32,34.45154722,-82.449561110,0,14,0,0,1,1,2,0,2,2,0,2,0,0000000,99,99,99,99,99,99,0,0,0,1,0
45,450045,1,1,0,0,0,2,2,33,0,7,2,2011,2,3,30,0,4,4,156,,0,34.44361944,-79.308413890,0,34,0,0,1,1,4,0,2,1,0,1,0,0000000,5,13,5,30,5,30,0,0,0,1,1
45,450046,1,1,0,0,0,2,2,29,0,12,2,2011,7,22,10,0,9,4,199,,73,32.78323333,-80.535277780,0,59,0,0,1,1,5,0,2,2,0,2,0,0000000,99,99,99,99,99,99,0,0,0,1,1
45,450047,1,1,0,0,0,5,5,3,0,8,2,2011,3,21,55,0,4,4,29,,79,33.62526944,-81.608805560,0,42,0,0,1,1,4,0,2,1,0,1,0,0000000,99,99,99,99,99,99,0,0,0,2,1
45,450048,1,1,0,0,0,1,1,15,0,8,2,2011,3,9,1,1,1,1,I-26,,0,33.06601111,-80.182686110,0,42,0,0,1,1,3,0,1,1,0,1,0,0000000,88,88,88,88,88,88,0,0,0,1,0
45,450049,1,1,0,0,0,1,1,91,0,8,2,2011,3,8,0,0,5,5,LOVE VALLEY RD,,0,35.15700278,-81.334791670,0,24,0,0,1,1,4,0,4,1,0,1,0,0000000,88,88,88,88,88,88,0,0,0,1,1
45,450050,3,2,1,0,0,2,2,79,0,8,2,2011,3,20,35,0,13,3,SR-48,,71,33.93506389,-80.974002780,0,12,1,0,4,1,1,0,2,1,0,1,0,0000000,20,35,20,45,21,21,0,0,0,1,0
45,450051,1,1,0,1,1,1,1,63,0,9,2,2011,4,19,0,0,4,4,32,,0,34.07274722,-81.175747220,0,8,0,0,1,1,1,0,3,1,0,1,0,0000000,19,3,19,14,19,44,0,0,0,1,0
45,450052,1,1,0,0,0,2,2,41,0,10,2,2011,5,10,40,0,4,4,46,,0,34.05788611,-79.647830560,0,34,0,0,1,1,4,0,1,1,0,1,0,0000000,88,88,88,88,88,88,0,0,0,2,0
45,450053,1,1,0,1,1,1,1,69,0,10,2,2011,5,19,15,0,9,4,51,,32,34.57255556,-79.676927780,0,8,0,0,1,1,1,0,2,1,0,1,0,0000000,88,88,88,88,88,88,0,0,0,1,0
45,450054,1,1,0,0,0,1,1,7,0,11,2,2011,6,7,11,0,3,2,US-29,,222,34.55661944,-82.556847220,0,38,0,0,1,1,4,0,2,1,0,1,0,0000000,7,8,7,18,99,99,0,0,0,1,1
45,450055,1,1,0,0,0,1,1,63,0,11,2,2011,6,15,15,1,11,1,I-77,,16,33.92830000,-81.027730560,0,23,0,0,1,1,4,0,1,1,0,1,0,0000000,88,88,88,88,88,88,0,0,0,1,1
45,450056,1,1,0,0,0,1,1,13,0,12,2,2011,7,2,30,0,4,3,SR-802,,114,32.45462778,-80.637716670,0,30,0,0,1,1,4,0,2,1,0,1,0,0000000,2,31,2,33,2,34,0,0,0,1,1
45,450057,1,1,0,0,0,1,1,37,0,12,2,2011,7,2,55,1,2,2,US-25,,151,33.76933611,-81.906766670,0,30,0,0,1,1,4,0,2,1,0,1,0,0000000,99,99,99,99,99,99,0,0,0,1,1
45,450058,1,1,0,0,0,2,2,7,0,12,2,2011,7,7,0,0,4,4,22,,0,34.50068611,-82.678213890,0,43,0,0,1,1,4,0,1,1,0,1,0,0000000,99,99,99,99,99,99,0,0,0,1,1
45,450059,1,1,0,0,0,1,1,49,0,12,2,2011,7,14,58,0,3,2,US-601,,220,32.91126111,-81.081847220,0,35,0,0,1,1,4,0,1,1,0,1,0,0000000,88,88,88,88,88,88,0,0,0,1,0
45,450060,1,1,0,0,0,1,1,57,0,11,2,2011,6,0,55,0,15,4,12,16,14,34.70478889,-80.784658330,0,38,0,0,2,2,5,0,3,1,0,1,0,0000000,88,88,88,88,88,88,0,0,0,1,1
45,450061,2,2,0,0,0,2,2,85,2550,14,2,2011,2,8,40,1,2,2,US-76,276,0,33.95001667,-80.376105560,0,12,6,0,8,1,1,0,1,1,0,1,0,0000000,8,41,8,46,9,16,0,0,0,1,0
45,450062,3,3,0,0,0,3,3,91,2970,2,2,2011,4,14,58,0,3,3,SR-565,MEADOW LAKES RD,0,34.94462778,-81.069575000,0,12,6,0,2,2,1,0,1,1,0,1,0,0000000,15,7,15,25,15,55,0,0,0,1,0
45,450063,1,1,0,1,1,1,1,51,2555,10,2,2011,5,6,35,1,2,2,US-17,,0,33.61322500,-78.980411110,0,8,0,0,1,1,1,0,3,2,0,2,0,0000000,88,88,88,88,88,88,0,0,0,1,0
45,450064,2,2,0,0,0,2,2,83,0,14,2,2011,2,17,54,1,11,1,I-85,,559,34.87730556,-82.212238890,0,12,1,0,1,1,1,0,1,1,0,1,0,0000000,18,45,19,37,99,99,0,0,0,1,0
45,450065,2,2,0,0,0,2,2,45,0,15,2,2011,3,7,45,0,15,4,671,,28,34.66579444,-82.329225000,0,35,0,0,1,1,4,0,1,1,0,1,0,0000000,88,88,88,88,88,88,0,0,0,1,0
45,450066,2,2,0,0,0,3,3,57,0,15,2,2011,3,18,20,1,2,2,US-521,SANDRA LANE,0,35.01326667,-80.852080560,0,12,6,0,2,2,1,0,2,1,0,1,0,0000000,99,99,99,99,99,99,0,0,0,1,0
45,450067,2,2,0,0,0,5,5,19,410,15,2,2011,3,15,55,1,13,3,SR-171,,47,32.69826111,-79.968066670,0,12,2,0,1,1,1,0,1,1,0,1,0,0000000,99,99,99,99,99,99,0,0,0,1,1
45,450068,1,1,0,1,1,1,1,63,2790,16,2,2011,4,16,40,0,4,4,12,,0,33.99991389,-81.052408330,0,8,0,0,1,1,1,0,1,1,0,1,0,0000000,88,88,88,88,88,88,0,0,0,1,0
45,450069,1,1,0,0,0,2,2,85,0,16,2,2011,4,17,16,1,1,1,I-95,,1352,33.89713611,-80.095311110,0,1,0,0,1,1,4,0,1,1,0,1,0,0000000,17,18,17,30,17,48,0,0,0,2,0
45,450070,1,1,0,0,0,4,4,15,0,17,2,2011,5,23,54,0,4,4,98,99,80,32.93363333,-79.825200000,0,42,0,0,2,3,5,0,2,1,0,1,0,0000000,99,99,99,99,99,99,0,0,0,1,1
45,450071,2,2,0,0,0,2,2,63,0,17,2,2011,5,18,28,0,3,2,US-178,,89,33.81809167,-81.453794440,0,12,6,0,1,1,1,0,2,1,0,1,0,0000000,99,99,99,99,99,99,0,0,0,1,1
45,450072,1,1,0,0,0,2,2,23,0,18,2,2011,6,1,45,0,3,3,SR-97,,183,34.67066389,-81.172486110,0,1,0,0,1,1,4,0,2,1,0,1,0,0000000,99,99,99,99,99,99,0,0,0,1,1
45,450073,1,1,0,1,1,1,1,91,0,18,2,2011,6,18,29,0,4,4,1441,,0,35.09505278,-80.936408330,0,8,0,0,1,1,1,0,2,1,0,1,0,0000000,99,99,99,99,99,99,0,0,0,1,0
45,450074,2,2,0,0,0,2,2,35,0,19,2,2011,7,19,48,0,3,3,SR-61,244,28,33.01632778,-80.346408330,0,12,6,0,2,3,1,0,2,1,0,1,0,0000000,20,5,20,25,20,45,0,0,0,1,0
45,450075,2,2,0,0,0,3,3,83,0,20,2,2011,1,11,58,1,2,2,US-176,,0,35.06052778,-82.123619440,0,12,2,0,1,1,1,0,1,10,0,10,0,0000000,99,99,99,99,99,99,0,0,0,1,0
45,450076,1,1,0,2,2,1,1,79,520,20,2,2011,1,19,30,0,4,4,170,,0,34.00386111,-81.030350000,0,8,0,0,1,1,1,0,3,1,0,1,0,0000000,19,30,19,34,19,46,0,0,0,1,0
45,450077,1,1,0,0,0,1,1,69,0,20,2,2011,1,18,0,0,5,4,49,,18,34.49690278,-79.586463890,0,5,0,0,1,1,1,0,2,1,0,1,0,0000000,99,99,99,99,99,99,0,0,0,1,1
45,450078,2,2,0,0,0,2,2,35,0,21,2,2011,2,9,54,0,3,3,SR-642,PARLOR,0,32.94911944,-80.157622220,0,12,6,0,2,2,1,0,1,1,0,1,0,0000000,9,53,9,55,10,25,0,0,0,1,0
45,450079,1,1,0,0,0,1,1,59,0,21,2,2011,2,6,50,1,11,1,I-26,,597,34.43965556,-81.759611110,0,1,0,0,5,1,1,0,4,1,0,1,0,0000000,99,99,99,99,99,99,0,0,0,1,0
45,450080,1,1,0,0,0,1,1,33,0,21,2,2011,2,14,50,0,4,4,198,,0,34.46711667,-79.345794440,0,1,0,0,1,1,4,0,1,1,0,1,0,0000000,99,99,99,99,99,99,0,0,0,1,0
45,450081,1,1,0,1,1,1,1,73,0,21,2,2011,2,19,27,0,3,3,SR-28,,0,34.76766944,-83.079686110,0,8,0,0,1,1,1,0,3,1,0,1,0,0000000,19,24,19,29,19,58,0,0,0,1,0