STATE,ST_CASE,VE_TOTAL,VE_FORMS,PVH_INVL,PEDS,PERNOTMVIT,PERMVIT,PERSONS,COUNTY,CITY,DAY,MONTH,YEAR,DAY_WEEK,HOUR,MINUTE,NHS,ROAD_FNC,ROUTE,TWAY_ID,TWAY_ID2,MILEPT,LATITUDE,LONGITUD,SP_JUR,HARM_EV,MAN_COLL,RELJCT1,RELJCT2,TYP_INT,REL_ROAD,WRK_ZONE,LGT_COND,WEATHER1,WEATHER2,WEATHER,SCH_BUS,RAIL,NOT_HOUR,NOT_MIN,ARR_HOUR,ARR_MIN,HOSP_HR,HOSP_MN,CF1,CF2,CF3,FATALS,DRUNK_DR
45,450082,2,2,0,0,0,2,2,79,0,23,2,2011,4,19,20,1,2,2,US-601,,150,33.96019722,-80.705008330,0,12,2,0,1,1,1,0,2,1,0,1,0,0000000,88,88,88,88,88,88,0,0,0,1,0
45,450083,3,3,0,0,0,4,4,35,0,23,2,2011,4,13,28,0,4,4,62,HUNTERS RIDGE LANE,0,32.92595833,-80.081663890,0,12,6,0,2,3,1,0,1,1,0,1,0,0000000,99,99,99,99,99,99,0,0,0,1,0
45,450084,1,1,0,1,1,1,1,85,0,23,2,2011,4,20,45,0,13,2,US-15,,139,33.96219167,-80.340744440,0,9,0,0,1,1,1,0,2,1,0,1,0,0000000,99,99,99,99,99,99,0,0,0,1,0
45,450085,1,1,0,0,0,1,1,13,0,25,2,2011,6,5,0,0,4,4,21,,46,32.62990556,-80.795516670,0,42,0,0,1,1,4,0,2,1,0,1,0,0000000,5,1,5,10,5,41,0,0,0,1,0
45,450086,2,2,0,0,0,2,2,67,1630,26,2,2011,7,12,7,1,2,2,US-501,,0,34.17463611,-79.400769440,0,12,1,0,1,1,1,0,1,1,0,1,0,0000000,12,1,12,5,12,23,0,0,0,1,0
45,450087,3,3,0,0,0,7,7,19,2100,25,2,2011,6,16,18,1,2,2,US-17,,0,32.77919167,-80.233025000,0,12,6,0,8,1,1,0,1,1,0,1,0,0000000,99,99,99,99,99,99,0,0,0,1,1
45,450088,1,1,0,0,0,3,3,79,520,26,2,2011,7,22,20,0,4,4,1479,,4,33.97984444,-80.991038890,0,38,0,0,1,1,4,0,2,1,0,1,0,0000000,88,88,88,88,88,88,0,0,0,3,1
45,450089,2,2,0,0,0,4,4,9,0,26,2,2011,7,12,30,0,4,4,49,,129,33.36992500,-81.185230560,0,12,2,0,1,1,1,0,1,1,0,1,0,0000000,99,99,99,99,99,99,0,0,0,1,0
45,450090,2,2,0,0,0,4,4,29,0,27,2,2011,1,17,3,1,1,1,I-95,,423,32.75108056,-80.828819440,0,12,7,0,1,1,1,0,1,1,0,1,0,0000000,88,88,88,88,88,88,0,0,0,2,1
45,450091,2,2,0,0,0,3,3,7,0,27,2,2011,1,0,54,0,3,2,US-178,,84,34.62109444,-82.693233330,0,12,6,0,1,1,1,0,2,1,0,1,0,0000000,99,99,99,99,99,99,0,0,0,1,1
45,450092,2,2,0,0,0,2,2,83,0,27,2,2011,1,17,43,0,9,4,177,803,6,34.73985000,-82.033580560,0,12,6,0,2,2,1,0,1,1,0,1,0,0000000,88,88,88,88,88,88,0,0,0,1,0
45,450093,1,1,0,0,0,1,1,45,0,28,2,2011,2,0,45,0,3,3,SR-418,,40,34.64302500,-82.323130560,0,24,0,0,1,1,5,0,2,1,0,1,0,0000000,88,88,88,88,88,88,0,0,0,1,0
45,450094,1,1,0,0,0,1,1,3,0,28,2,2011,2,18,15,1,1,1,I-20,,0,33.56979167,-81.918483330,0,1,0,0,1,1,3,0,5,1,0,1,0,0000000,88,88,88,88,88,88,0,0,0,1,1
45,450095,1,1,0,0,0,2,2,57,0,1,3,2011,3,9,55,0,4,4,39,,47,34.78092222,-80.548497220,0,21,0,0,1,1,4,0,1,1,0,1,0,0000000,99,99,99,99,99,99,0,0,0,1,1
45,450096,2,2,0,0,0,3,3,33,0,2,3,2011,4,16,37,0,3,3,SR-917,,0,34.34141667,-79.443897220,0,12,2,0,1,1,1,0,1,1,0,1,0,0000000,16,41,16,51,17,44,0,0,0,1,0
45,450097,2,2,0,0,0,2,2,7,0,3,3,2011,5,11,48,1,11,1,I-85,,389,34.74944167,-82.479858330,0,12,1,0,1,1,1,0,1,1,0,1,0,0000000,11,48,11,52,99,99,0,0,0,1,1
45,450098,2,2,0,0,0,2,2,19,410,15,2,2011,3,13,5,1,2,2,US-17,,0,32.78831944,-80.021411110,0,12,6,0,8,1,1,0,1,1,0,1,0,0000000,13,4,13,18,13,51,0,0,0,1,0
45,450099,1,1,0,1,1,1,1,51,0,3,3,2011,5,18,50,0,4,4,131,,0,33.97792222,-79.133191670,0,8,0,0,1,1,1,0,2,1,0,1,0,0000000,88,88,88,88,88,88,0,0,0,1,0
45,450100,1,1,0,0,0,1,1,91,0,3,3,2011,5,23,25,0,3,3,SR-557,,57,35.12247222,-81.104422220,0,38,0,0,1,1,4,0,2,1,0,1,0,0000000,88,88,88,88,88,88,0,0,0,1,1
45,450101,1,1,0,0,0,3,3,83,0,3,3,2011,5,22,55,0,4,4,55,,0,35.17082778,-81.989850000,0,1,0,0,1,1,4,0,2,1,0,1,0,0000000,99,99,99,99,99,99,0,0,0,1,1
45,450102,1,1,0,1,1,1,1,63,1430,4,3,2011,6,23,10,0,3,3,SR-1,,0,33.97550278,-81.211152780,0,8,0,0,1,1,1,0,2,1,0,1,0,0000000,22,16,22,20,22,49,0,0,0,1,1
45,450103,2,2,0,0,0,2,2,45,0,4,3,2011,6,9,1,1,13,2,US-29,21,126,34.91489722,-82.319955560,0,12,6,0,2,3,1,0,1,10,0,10,0,0000000,8,56,8,57,9,35,0,0,0,1,0
45,450104,2,2,0,0,0,5,5,77,0,4,3,2011,6,16,26,0,14,3,SR-8,,124,34.89663333,-82.695550000,0,12,6,0,1,1,1,0,1,10,0,10,0,0000000,99,99,99,99,99,99,0,0,0,2,1
45,450105,2,2,0,1,1,2,2,53,1080,5,3,2011,7,1,44,1,2,2,US-17,,0,32.22935556,-81.074380560,0,8,0,0,1,1,1,0,2,1,0,1,0,0000000,88,88,88,88,88,88,0,0,0,1,0
45,450106,1,1,0,0,0,1,1,87,0,5,3,2011,7,6,0,0,3,3,SR-49,,0,34.72824722,-81.574000000,0,53,0,0,1,1,4,0,2,10,0,10,0,0000000,88,88,88,88,88,88,0,0,0,1,1
45,450107,1,1,0,1,1,1,1,79,520,6,3,2011,1,19,30,1,2,2,US-76,,0,33.98105556,-80.963144440,0,8,0,0,1,1,1,0,3,1,0,1,0,0000000,99,99,99,99,99,99,0,0,0,1,0
45,450108,2,2,0,0,0,2,2,73,0,6,3,2011,1,0,8,1,2,2,US-76,,331,34.69303889,-82.872447220,0,12,1,0,1,1,1,0,2,2,0,2,0,0000000,99,99,99,99,99,99,0,0,0,1,0
45,450109,1,1,0,0,0,1,1,25,0,6,3,2011,1,15,0,0,3,2,US-52,,184,34.77052500,-79.952702780,0,35,0,0,1,1,4,0,1,2,0,2,0,0000000,15,2,15,11,15,12,0,0,0,1,1
45,450110,1,1,0,0,0,5,5,29,0,7,3,2011,2,8,10,0,5,4,42,,17,32.99113611,-80.925422220,0,34,0,0,1,1,4,0,1,1,0,1,0,0000000,8,9,8,17,8,53,0,0,0,1,0
45,450111,1,1,0,0,0,1,1,41,0,31,1,2011,2,15,10,1,1,1,I-95,,0,34.27165278,-79.699116670,0,52,0,0,1,1,4,0,1,1,0,1,0,0000000,15,21,15,39,16,23,0,0,0,1,0
45,450112,1,1,0,1,1,1,1,45,0,8,3,2011,3,19,13,1,2,2,US-29,,0,34.82641667,-82.410677780,0,8,0,0,1,1,1,0,3,1,0,1,0,0000000,88,88,88,88,88,88,0,0,0,1,0
45,450113,1,1,0,0,0,1,1,27,0,9,3,2011,4,13,37,1,1,1,I-95,,1055,33.56078056,-80.397177780,0,1,0,0,1,1,3,0,1,1,0,1,0,0000000,99,99,99,99,99,99,0,0,0,1,0
45,450114,1,1,0,0,0,1,1,19,0,9,3,2011,4,7,48,0,4,4,317,,32,32.82280556,-80.178608330,0,1,0,0,1,1,1,0,1,1,0,1,0,0000000,88,88,88,88,88,88,0,0,0,1,1
45,450115,1,1,0,0,0,1,1,51,0,9,3,2011,4,2,20,1,2,2,US-378,,0,33.83570278,-79.157094440,0,1,0,0,1,1,4,0,2,1,0,1,0,0000000,88,88,88,88,88,88,0,0,0,1,1
45,450116,1,1,0,0,0,1,1,51,0,11,3,2011,6,1,23,0,4,4,WOODSIDE AVE,,0,33.73536944,-78.837847220,0,33,0,0,1,1,4,0,2,1,0,1,0,0000000,88,88,88,88,88,88,0,0,0,1,1
45,450117,2,2,0,0,0,2,2,45,0,11,3,2011,6,14,10,0,4,3,SR-288,,11,35.01998056,-82.561269440,0,12,2,0,8,1,1,0,1,1,0,1,0,0000000,99,99,99,99,99,99,0,0,0,1,0
45,450118,2,2,0,0,0,3,3,33,0,12,3,2011,7,15,40,1,1,1,I-95,,47,34.31550833,-79.600969440,0,12,7,0,1,1,1,0,1,1,0,1,0,0000000,15,43,15,56,16,50,0,0,0,1,0
45,450119,1,1,0,0,0,1,1,29,0,13,3,2011,1,16,51,0,4,4,35,,0,32.98289167,-80.425458330,0,53,0,0,1,1,4,0,1,1,0,1,0,0000000,99,99,99,99,99,99,0,0,0,1,1
45,450120,2,2,0,0,0,2,2,45,0,13,3,2011,1,18,13,1,2,2,US-276,,417,34.78265000,-82.311844440,0,12,6,0,8,1,1,0,1,10,0,10,0,0000000,99,99,99,99,99,99,0,0,0,1,1
45,450121,1,1,0,0,0,2,2,19,1710,13,3,2011,1,15,40,0,4,4,RIFLE RANGE RD,,0,32.79950556,-79.849319440,0,38,0,0,1,1,3,0,1,1,0,1,0,0000000,99,99,99,99,99,99,0,0,0,2,1
45,450122,2,2,0,0,0,2,2,7,0,14,3,2011,2,6,32,0,3,3,SR-252,,0,34.44081389,-82.490986110,0,12,2,0,1,1,1,0,2,1,0,1,0,0000000,88,88,88,88,88,88,0,0,0,1,0
45,450123,2,2,0,0,0,2,2,11,0,14,3,2011,2,12,15,0,3,3,SR-39,,100,33.45109167,-81.359644440,0,12,6,0,8,1,1,0,1,1,0,1,0,0000000,88,88,88,88,88,88,0,0,0,1,0
45,450124,1,1,0,1,1,1,1,55,0,15,3,2011,3,7,5,1,2,2,US-521,,267,34.49233889,-80.600252780,0,8,0,0,1,1,1,0,2,1,0,1,0,0000000,88,88,88,88,88,88,0,0,0,1,0
45,450125,1,1,0,0,0,1,1,53,0,15,3,2011,3,11,39,1,2,2,US-17,,0,32.15195278,-81.054258330,0,23,0,0,1,1,5,0,1,1,0,1,0,0000000,99,99,99,99,99,99,0,0,0,1,0
45,450126,1,1,0,0,0,1,1,65,0,15,3,2011,3,18,0,0,3,2,US-378,,108,33.91826667,-82.235588890,0,35,0,0,1,1,4,0,1,10,0,10,0,0000000,88,88,88,88,88,88,0,0,0,1,1
45,450127,3,3,0,0,0,5,5,15,0,17,3,2011,5,20,25,1,13,4,29,748,44,32.97062500,-80.011705560,0,12,1,0,2,2,1,0,3,1,0,1,0,0000000,99,99,99,99,99,99,0,0,0,1,1
45,450128,1,1,0,0,0,1,1,91,0,18,3,2011,6,20,40,1,1,1,I-77,,706,34.82214444,-81.033188890,0,42,0,0,1,1,3,0,1,1,0,1,0,0000000,20,49,21,2,21,40,0,0,0,1,0
45,450129,1,1,0,0,0,3,3,19,1245,19,3,2011,7,3,0,1,2,2,US-700,,0,32.70059722,-80.123488890,0,42,0,0,1,1,4,0,2,1,0,1,0,0000000,99,99,99,99,99,99,0,0,0,1,0
45,450130,1,1,0,0,0,1,1,17,0,19,3,2011,7,12,55,0,4,4,22,,15,33.64775278,-80.815427780,0,42,0,0,1,1,4,0,1,1,0,1,0,0000000,88,88,88,88,88,88,0,0,0,1,0
45,450131,1,1,0,0,0,1,1,63,0,19,3,2011,7,18,30,0,9,4,158,,10,33.99289167,-81.430497220,0,42,0,0,1,1,4,0,1,1,0,1,0,0000000,88,88,88,88,88,88,0,0,0,1,1
45,450132,1,1,0,0,0,1,1,75,0,19,3,2011,7,19,58,0,4,3,SR-47,,50,33.50929444,-80.587022220,0,11,0,0,1,1,1,0,2,1,0,1,0,0000000,88,88,88,88,88,88,0,0,0,1,0
45,450133,1,1,0,0,0,1,1,45,0,20,3,2011,1,2,30,0,4,4,272,,0,34.69885000,-82.322316670,0,35,0,0,1,1,4,0,2,1,0,1,0,0000000,88,88,88,88,88,88,0,0,0,1,1
45,450134,2,2,0,0,0,4,4,29,0,20,3,2011,1,21,17,0,3,3,SR-61,35,270,33.03473889,-80.401969440,0,12,6,0,2,3,1,0,2,1,0,1,0,0000000,99,99,99,99,99,99,0,0,0,1,0
45,450135,1,1,0,0,0,1,1,57,0,20,3,2011,1,12,56,1,2,3,SR-5,,6,34.85157222,-80.859955560,0,35,0,0,1,1,4,0,1,1,0,1,0,0000000,12,59,13,7,13,50,0,0,0,1,1
45,450136,1,1,0,0,0,2,2,3,0,22,3,2011,3,22,14,0,4,4,779,,7,33.57851944,-81.852972220,0,35,0,0,1,1,4,0,2,1,0,1,0,0000000,88,88,88,88,88,88,0,0,0,1,1
45,450137,1,1,0,0,0,1,1,45,0,22,3,2011,3,10,30,0,5,5,EDWARDS RD,,0,34.89601944,-82.325686110,0,42,0,0,1,1,4,0,1,1,0,1,0,0000000,10,39,10,49,11,20,0,0,0,1,0
45,450138,1,1,0,0,0,1,1,47,0,23,3,2011,4,16,40,0,4,4,39,,68,34.27193611,-82.137994440,0,34,0,0,1,1,4,0,1,1,0,1,0,0000000,16,46,17,1,17,27,0,0,0,1,1
45,450139,1,1,0,1,1,1,1,45,0,23,3,2011,4,5,20,1,13,4,29,,4,34.82134167,-82.415783330,0,8,0,0,1,1,1,0,3,1,0,1,0,0000000,5,25,5,26,5,39,0,0,0,1,0
45,450140,2,2,0,0,0,2,2,35,0,24,3,2011,5,14,40,1,2,2,US-78,,275,33.09953889,-80.280441670,0,12,8,0,1,1,1,0,1,1,0,1,0,0000000,14,59,15,14,16,0,0,0,0,1,0
45,450141,3,1,2,0,0,1,1,77,0,24,3,2011,5,13,0,0,5,5,BELLE SHOALS RD,,0,34.82171111,-82.786061110,0,42,0,0,1,1,4,0,1,1,0,1,0,0000000,13,11,13,17,13,41,0,0,0,1,0
45,450142,1,1,0,0,0,1,1,27,0,24,3,2011,5,3,35,1,1,1,I-95,,1080,33.57934722,-80.371813890,0,42,0,0,1,1,3,0,2,2,0,2,0,0000000,88,88,88,88,88,88,0,0,0,1,0
45,450143,2,2,0,0,0,2,2,15,0,25,3,2011,6,6,40,0,4,2,US-176,,145,33.14870278,-80.172830560,0,12,2,0,1,1,1,0,4,1,0,1,0,0000000,6,52,7,9,7,37,0,0,0,2,0
45,450144,2,2,0,0,0,3,3,53,0,26,3,2011,7,16,30,1,2,2,US-17,,0,32.12181111,-81.066458330,0,12,2,0,1,1,1,0,1,1,0,1,0,0000000,99,99,99,99,99,99,0,0,0,1,0
45,450145,1,1,0,0,0,1,1,31,0,26,3,2011,7,5,10,0,4,3,SR-154,,3,34.11171667,-80.034283330,0,42,0,0,1,1,4,0,2,1,0,1,0,0000000,5,6,5,10,5,10,0,0,0,1,1
45,450146,1,1,0,0,0,3,3,19,0,27,3,2011,1,0,16,0,9,4,9,,0,33.11116944,-79.458497220,0,34,0,0,1,1,4,0,2,2,0,2,0,0000000,99,99,99,99,99,99,0,0,0,1,1
45,450147,1,1,0,0,0,1,1,45,0,27,3,2011,1,23,51,0,4,4,106,,0,34.72246944,-82.407605560,0,38,0,0,1,1,4,0,2,10,0,10,0,0000000,88,88,88,88,88,88,0,0,0,1,1
45,450148,2,2,0,0,0,3,3,45,0,28,3,2011,2,2,49,1,11,1,I-85,,460,34.80058056,-82.366938890,0,12,2,0,1,1,1,0,3,10,0,10,0,0000000,99,99,99,99,99,99,0,0,0,1,1
45,450149,1,1,0,0,0,5,5,35,0,29,3,2011,3,15,45,1,2,2,US-17,,0,32.96468333,-80.274455560,0,42,0,0,1,1,3,0,1,1,0,1,0,0000000,15,49,15,55,16,9,0,0,0,1,0
45,450150,2,2,0,0,0,2,2,91,0,29,3,2011,3,15,21,0,4,4,55,64,162,35.09428056,-81.171283330,0,12,6,0,2,3,1,0,1,1,0,1,0,0000000,88,88,88,88,88,88,0,0,0,1,0
45,450151,1,1,0,1,1,1,1,45,1040,30,3,2011,4,0,7,0,4,4,RUTHERFORD RD,MAHON STREET,0,34.86977222,-82.402750000,0,8,0,0,3,2,1,0,3,10,0,10,0,0000000,88,88,88,88,88,88,0,0,0,1,0
45,450152,1,1,0,0,0,1,1,91,0,1,4,2011,6,22,0,0,9,4,558,,8,34.88095278,-80.939327780,0,23,0,0,1,1,4,0,2,1,0,1,0,0000000,88,88,88,88,88,88,0,0,0,1,1
45,450153,1,1,0,0,0,3,3,15,0,2,4,2011,7,5,5,0,3,3,SR-6,,0,33.36589167,-80.203383330,0,42,0,0,1,1,4,0,2,1,0,1,0,0000000,99,99,99,99,99,99,0,0,0,2,1
45,450154,1,1,0,0,0,1,1,83,0,2,4,2011,7,2,43,0,4,4,40,,0,35.00752222,-82.073338890,0,42,0,0,1,1,4,0,2,1,0,1,0,0000000,4,39,4,58,5,32,0,0,0,1,1
45,450155,2,2,0,0,0,2,2,45,0,4,4,2011,2,7,30,0,15,4,164,,0,34.81183611,-82.232752780,0,12,2,0,1,1,1,0,1,1,0,1,0,0000000,7,27,8,1,8,27,0,0,0,1,0
45,450156,1,1,0,0,0,1,1,29,0,5,4,2011,3,13,42,0,9,4,129,,12,32.94633056,-80.680075000,0,42,0,0,1,1,4,0,1,1,0,1,0,0000000,15,42,16,11,16,54,0,0,0,1,1
45,450157,2,2,0,0,0,3,3,21,0,5,4,2011,3,14,23,0,4,2,US-29,,16,35.01559167,-81.752680560,0,12,2,0,1,1,1,0,1,1,0,1,0,0000000,99,99,99,99,99,99,0,0,0,2,0
45,450158,1,1,0,0,0,1,1,85,0,6,4,2011,4,20,35,0,5,4,105,,18,34.01537500,-80.315691670,0,34,0,0,1,1,4,0,2,1,0,1,0,0000000,20,37,20,44,99,99,0,0,0,1,1
45,450159,1,1,0,0,0,1,1,83,0,6,4,2011,4,23,59,0,4,4,43,,0,35.02890833,-81.950197220,0,30,0,0,1,1,4,0,2,1,0,1,0,0000000,99,99,99,99,99,99,0,0,0,1,1
45,450160,2,1,1,1,1,1,1,45,1040,6,4,2011,4,9,50,1,13,2,US-276,,389,34.81495556,-82.338041670,0,8,0,0,1,1,1,4,1,1,0,1,0,0000000,9,49,9,56,10,19,23,0,0,1,1
45,450161,2,2,0,0,0,4,4,7,0,7,4,2011,5,22,10,0,3,3,SR-20,,77,34.48789722,-82.483972220,0,12,6,0,1,1,1,0,2,1,0,1,0,0000000,88,88,88,88,88,88,0,0,0,1,1
45,450162,1,1,0,0,0,1,1,57,0,8,4,2011,6,19,5,0,5,5,SUN CITY BLVD,,0,34.92631944,-80.850291670,0,1,0,0,1,1,3,0,1,1,0,1,0,0000000,19,16,19,39,20,10,0,0,0,1,1
45,450163,1,1,0,0,0,1,1,83,0,8,4,2011,6,15,30,0,14,3,SR-9,,104,35.06785556,-82.008741670,0,32,0,0,1,1,4,0,1,1,0,1,0,0000000,15,44,15,53,16,27,0,0,0,1,1
45,450164,1,1,0,0,0,1,1,51,0,9,4,2011,7,19,59,0,5,5,DOGWOOD,,0,33.84903333,-78.793133330,0,11,0,0,1,1,1,0,3,1,0,1,0,0000000,19,53,20,6,20,32,0,0,0,1,1
45,450165,1,1,0,0,0,2,2,45,0,9,4,2011,7,15,0,0,4,4,462,,0,34.90933611,-82.487016670,0,42,0,0,1,1,4,0,1,1,0,1,0,0000000,99,99,99,99,99,99,0,0,0,1,1
45,450166,1,1,0,0,0,1,1,53,0,9,4,2011,7,2,10,0,9,4,102,,8,32.45473611,-80.989622220,0,53,0,0,1,1,4,0,2,1,0,1,0,0000000,2,18,2,26,2,52,0,0,0,1,1
45,450167,2,2,0,0,0,2,2,79,0,9,4,2011,7,23,45,1,2,2,US-321,,0,34.17788889,-81.041397220,0,12,2,0,1,1,1,0,2,10,0,10,0,0000000,99,99,99,99,99,99,0,0,0,1,2
45,450168,1,1,0,0,0,1,1,59,0,9,4,2011,7,21,3,0,4,5,WOODYARD RD,,142,34.38542222,-81.791572220,0,42,0,0,1,1,4,0,2,1,0,1,0,0000000,88,88,88,88,88,88,0,0,0,1,1
45,450169,1,1,0,0,0,1,1,89,0,10,4,2011,1,20,0,0,9,4,167,,1,33.57040278,-79.885825000,0,32,0,0,1,1,5,0,5,1,0,1,0,0000000,99,99,99,99,99,99,0,0,0,1,0
45,450170,1,1,0,0,0,1,1,51,0,11,4,2011,2,8,8,0,3,2,US-701,,23,33.66842778,-79.143088890,8,23,0,0,1,1,5,0,1,1,0,1,0,0000000,88,88,88,88,88,88,0,0,0,1,0
45,450171,1,1,0,0,0,1,1,15,0,13,4,2011,4,15,11,1,1,1,I-26,,1944,33.07405278,-80.195325000,0,35,0,0,1,1,3,0,1,1,0,1,0,0000000,88,88,88,88,88,88,0,0,0,1,0
45,450172,3,3,0,0,0,4,4,35,0,13,4,2011,4,16,11,0,6,6,62,TUSKEGEE DRIVE,0,32.92149167,-80.098186110,0,12,6,0,8,1,1,0,1,1,0,1,0,0000000,99,99,99,99,99,99,0,0,0,1,1
45,450173,2,1,1,0,0,1,1,67,0,14,4,2011,5,9,5,0,3,2,US-501,,156,34.12831111,-79.365425000,0,45,0,0,1,1,1,3,1,1,0,1,0,0000000,99,99,99,99,99,99,0,0,0,1,0
45,450174,1,1,0,0,0,5,5,77,0,16,4,2011,7,20,50,0,9,4,130,,9,34.90736667,-82.724561110,0,35,0,0,1,1,4,0,2,1,0,1,0,0000000,99,99,99,99,99,99,0,0,0,1,1
45,450175,1,1,0,1,1,1,1,85,0,16,4,2011,7,20,15,1,13,2,US-521,,177,33.99575000,-80.418119440,0,9,0,0,1,1,1,0,2,1,0,1,0,0000000,20,18,20,23,21,23,0,0,0,1,0
45,450176,1,1,0,0,0,1,1,11,0,16,4,2011,7,6,1,0,4,4,164,,36,33.35035556,-81.431177780,0,38,0,0,1,1,4,0,2,1,0,1,0,0000000,88,88,88,88,88,88,0,0,0,1,1
45,450177,1,1,0,0,0,1,1,55,0,16,4,2011,7,2,5,0,4,4,12,,52,34.19856389,-80.521416670,0,35,0,0,1,1,4,0,2,1,0,1,0,0000000,88,88,88,88,88,88,0,0,0,1,1
45,450178,1,1,0,0,0,1,1,19,85,16,4,2011,7,10,37,1,2,2,US-17,,628,33.06169444,-79.537838890,0,34,0,0,1,1,3,0,1,99,0,99,0,0000000,88,88,88,88,88,88,0,0,0,1,1
45,450179,2,2,0,0,0,3,3,15,0,17,4,2011,1,0,9,1,1,1,I-26,,1906,33.12443333,-80.283363890,0,12,1,0,1,1,1,0,2,1,0,1,0,0000000,99,99,99,99,99,99,0,0,0,1,0
45,450180,1,1,0,0,0,3,3,9,0,19,4,2011,3,15,10,0,3,2,US-601,,129,33.22720000,-81.027344440,0,1,0,0,1,1,4,0,1,1,0,1,0,0000000,99,99,99,99,99,99,0,0,0,1,0
45,450181,2,2,0,0,0,3,3,63,0,29,1,2011,7,0,7,1,13,2,US-378,I-26,236,34.00379167,-81.110386110,0,12,6,0,2,2,1,0,3,1,0,1,0,0000000,99,99,99,99,99,99,0,0,0,1,1
45,450182,2,2,0,0,0,2,2,51,0,11,3,2011,6,11,37,0,6,6,66,568,0,33.97190833,-78.886041670,0,12,6,0,2,2,1,0,1,1,0,1,0,0000000,99,99,99,99,99,99,0,0,0,1,0
45,450183,1,1,0,0,0,4,4,53,1080,2,4,2011,7,1,35,1,11,1,I-95,,51,32.26118889,-81.095538890,0,42,0,0,5,1,4,0,3,1,0,1,0,0000000,99,99,99,99,99,99,0,0,0,1,1
45,450184,1,1,0,1,1,2,2,19,410,4,4,2011,2,20,31,0,3,3,SR-7,,0,32.80866667,-80.006475000,0,8,0,0,1,1,1,0,3,1,0,1,0,0000000,88,88,88,88,88,88,0,0,0,1,0
45,450185,1,1,0,0,0,1,1,39,0,10,4,2011,1,2,15,0,3,3,SR-34,,287,34.30636389,-81.009491670,0,33,0,0,1,1,3,0,2,10,0,10,0,0000000,2,25,2,30,2,58,0,0,0,1,1
45,450186,1,1,0,0,0,1,1,23,0,10,4,2011,1,5,59,1,2,3,SR-72,,110,34.67430000,-81.267155560,0,35,0,0,1,1,4,0,2,5,0,5,0,0000000,99,99,99,99,99,99,0,0,0,1,0
45,450187,1,1,0,1,1,1,1,37,0,12,4,2011,3,16,53,0,6,6,53,VAN RD,0,33.62148056,-82.009936110,0,9,0,0,2,3,1,0,1,1,0,1,0,0000000,16,53,17,17,17,30,0,0,0,1,0
45,450188,2,2,0,0,0,5,5,15,0,20,4,2011,4,18,30,0,4,2,US-176,CANE BAY BLVD,183,33.10387222,-80.126638890,0,12,6,0,2,3,1,0,1,1,0,1,0,0000000,19,33,19,45,20,13,0,0,0,1,0
45,450189,2,2,0,0,0,2,2,63,0,19,4,2011,3,20,10,0,4,3,SR-6,,176,33.86788611,-81.208147220,0,12,1,0,1,1,1,0,5,1,0,1,0,0000000,88,88,88,88,88,88,0,0,0,1,1
45,450190,1,1,0,0,0,1,1,33,0,20,4,2011,4,15,0,1,1,1,I-95,,1975,34.49018056,-79.329872220,0,42,0,0,1,1,4,0,1,1,0,1,0,0000000,88,88,88,88,88,88,0,0,0,1,0
45,450191,2,2,0,0,0,2,2,75,0,21,4,2011,5,11,35,0,9,4,65,154,37,33.50289722,-80.740327780,0,12,6,0,2,2,1,0,1,1,0,1,0,0000000,99,99,99,99,99,99,0,0,0,1,0
45,450192,1,1,0,0,0,1,1,7,0,21,4,2011,5,16,10,0,3,3,SR-185,,0,34.38778889,-82.479513890,0,1,0,0,1,1,4,0,1,1,0,1,0,0000000,15,50,16,2,16,35,0,0,0,1,0
45,450193,2,2,0,0,0,3,3,89,0,22,4,2011,6,13,20,0,3,3,SR-261,,388,33.74864444,-79.401883330,0,12,8,0,1,1,1,0,1,2,0,2,0,0000000,99,99,99,99,99,99,0,0,0,1,0
45,450194,1,1,0,0,0,4,4,85,0,22,4,2011,6,17,30,0,6,6,43,,0,34.13830556,-80.483350000,0,1,0,0,1,1,4,0,1,10,0,10,0,0000000,17,32,17,46,18,46,0,0,0,2,1
45,450195,2,2,0,0,0,2,2,51,0,23,4,2011,7,6,50,0,14,3,SR-707,,51,33.63677500,-79.033069440,0,12,2,0,1,1,1,0,1,1,0,1,0,0000000,99,99,99,99,99,99,0,0,0,1,1
45,450196,2,2,0,1,1,2,2,51,0,23,4,2011,7,2,0,1,13,3,SR-9,,376,33.89838333,-78.697472220,0,8,0,0,1,1,1,0,2,1,0,1,0,0000000,88,88,88,88,88,88,0,0,0,1,0
45,450197,3,3,0,0,0,3,3,19,1805,23,4,2011,7,11,3,0,13,3,SR-642,I-526,58,32.85471667,-80.021925000,0,12,6,0,2,2,1,0,1,1,0,1,0,0000000,99,99,99,99,99,99,14,0,0,1,0
45,450198,2,2,0,0,0,3,3,89,0,23,4,2011,7,1,54,0,3,3,SR-261,,342,33.74867778,-79.464541670,0,12,6,0,4,1,1,0,2,1,0,1,0,0000000,99,99,99,99,99,99,0,0,0,1,1
45,450199,1,1,0,0,0,1,1,11,0,23,4,2011,7,2,20,0,6,6,21,,0,33.26689444,-81.457444440,0,42,0,0,1,1,4,0,2,5,0,5,0,0000000,2,28,2,46,99,99,0,0,0,1,1
45,450200,2,1,1,0,0,1,1,51,0,23,4,2011,7,1,0,1,2,2,US-501,15,0,33.69338889,-78.886986110,0,33,0,0,3,2,4,0,3,10,0,10,0,0000000,88,88,88,88,88,88,14,0,0,1,1
45,450201,1,1,0,0,0,1,1,51,0,23,4,2011,7,13,25,0,3,3,SR-9,,0,33.98219167,-78.745063890,0,1,0,0,1,1,3,0,1,1,0,1,0,0000000,13,26,13,44,14,13,0,0,0,1,1