STATE,ST_CASE,VE_TOTAL,VE_FORMS,PVH_INVL,PEDS,PERNOTMVIT,PERMVIT,PERSONS,COUNTY,CITY,DAY,MONTH,YEAR,DAY_WEEK,HOUR,MINUTE,NHS,ROAD_FNC,ROUTE,TWAY_ID,TWAY_ID2,MILEPT,LATITUDE,LONGITUD,SP_JUR,HARM_EV,MAN_COLL,RELJCT1,RELJCT2,TYP_INT,REL_ROAD,WRK_ZONE,LGT_COND,WEATHER1,WEATHER2,WEATHER,SCH_BUS,RAIL,NOT_HOUR,NOT_MIN,ARR_HOUR,ARR_MIN,HOSP_HR,HOSP_MN,CF1,CF2,CF3,FATALS,DRUNK_DR
45,450202,1,1,0,0,0,4,4,13,240,23,4,2011,7,18,48,0,5,5,PALMETTO BLUFF RD,,0,32.22852222,-80.945033330,0,42,0,0,1,1,4,0,1,1,0,1,0,0000000,99,99,99,99,99,99,0,0,0,1,0
45,450203,2,2,0,0,0,2,2,77,0,24,4,2011,1,12,30,0,3,3,SR-183,SALUDA VIEW DRIVE,246,34.88645833,-82.501358330,0,12,2,0,2,3,1,0,1,1,0,1,0,0000000,12,38,12,46,13,11,0,0,0,1,0
45,450204,2,2,0,0,0,3,3,69,0,26,4,2011,3,15,40,0,9,4,257,54,6,34.71724167,-79.740272220,0,12,6,0,2,2,1,0,1,10,0,10,0,0000000,99,99,99,99,99,99,0,0,0,2,1
45,450205,1,1,0,1,1,1,1,83,0,27,4,2011,4,22,24,0,3,5,SUGAR RIDGE RD,,0,35.08055000,-82.028475000,0,9,0,0,1,1,1,0,2,10,0,10,0,0000000,22,18,22,27,23,5,0,0,0,1,0
45,450206,2,2,0,0,0,4,4,11,0,27,4,2011,4,19,20,0,4,4,21,,71,33.34547778,-81.461950000,0,12,2,0,1,1,2,0,1,10,0,10,0,0000000,99,99,99,99,99,99,0,0,0,1,0
45,450207,1,1,0,0,0,1,1,25,0,28,4,2011,5,4,40,0,4,4,207,,57,34.78515278,-80.444169440,0,35,0,0,1,1,4,0,2,2,0,2,0,0000000,4,43,4,52,5,49,0,0,0,1,1
45,450208,2,2,0,0,0,5,5,79,0,28,4,2011,5,17,40,0,4,4,55,804,30,33.88630556,-80.805216670,0,12,6,0,2,2,1,0,1,1,0,1,0,0000000,99,99,99,99,99,99,0,0,0,1,1
45,450209,1,1,0,0,0,1,1,75,0,28,4,2011,5,10,45,1,1,1,I-26,,1647,33.34275556,-80.573430560,0,42,0,0,1,1,3,0,1,1,0,1,0,0000000,88,88,88,88,88,88,0,0,0,1,0
45,450210,1,1,0,0,0,2,2,51,0,28,4,2011,5,1,34,0,6,6,1224,,0,33.78164444,-78.967408330,0,52,0,0,1,1,4,0,2,1,0,1,0,0000000,1,33,1,39,2,6,0,0,0,1,0
45,450211,1,1,0,0,0,1,1,79,0,28,4,2011,5,9,20,1,11,1,I-77,,63,33.95065833,-80.981255560,0,31,0,0,1,1,4,0,1,2,0,2,0,0000000,88,88,88,88,88,88,0,0,0,1,0
45,450212,1,1,0,0,0,1,1,77,0,29,4,2011,6,11,10,0,6,6,43,FREEDOM WAY,0,34.77041944,-82.695980560,0,42,0,0,3,3,4,0,1,1,0,1,0,0000000,99,99,99,99,99,99,0,0,0,1,1
45,450213,1,1,0,0,0,1,1,19,1170,30,4,2011,7,4,4,0,6,6,0317,,0,32.80747500,-80.154491670,0,42,0,0,1,1,4,0,3,1,0,1,0,0000000,88,88,88,88,88,88,0,0,0,1,1
45,450214,1,1,0,0,0,2,2,59,0,30,4,2011,7,13,48,1,1,1,I-26,,597,34.44202500,-81.765275000,0,1,0,0,1,1,5,0,1,1,0,1,0,0000000,99,99,99,99,99,99,0,0,0,1,0
45,450215,2,2,0,0,0,3,3,53,2150,21,1,2011,6,7,40,0,3,3,SR-336,,0,32.47790833,-80.944947220,0,12,2,0,1,1,1,0,1,1,0,1,0,0000000,99,99,99,99,99,99,0,0,0,1,0
45,450216,2,2,0,0,0,6,6,83,0,20,1,2011,5,7,40,0,6,6,42,SANDIFER RD,0,35.03330000,-81.948052780,0,12,6,0,1,1,1,0,1,1,0,1,0,0000000,7,44,7,54,8,10,0,0,0,1,0
45,450217,2,2,0,0,0,7,7,5,0,28,1,2011,6,16,48,0,3,2,US-278,59,32,33.06849167,-81.323075000,0,12,6,0,3,3,1,0,1,1,0,1,0,0000000,99,99,99,99,99,99,0,0,0,2,1
45,450218,3,3,0,0,0,6,6,63,0,7,3,2011,2,12,35,0,13,2,US-1,PINE CREST AVE,274,33.97938056,-81.113433330,0,12,6,0,8,1,1,0,1,1,0,1,0,0000000,11,39,11,57,99,99,0,0,0,1,1
45,450219,3,3,0,0,0,6,6,83,0,17,3,2011,5,18,30,1,11,1,I-26,,237,34.88740833,-81.993886110,0,12,7,0,1,1,1,0,1,1,0,1,0,0000000,19,9,19,25,19,57,0,0,0,1,0
45,450220,3,3,0,0,0,6,6,83,0,7,4,2011,5,7,55,0,3,3,SR-129,,0,34.96207500,-82.065938890,0,12,2,0,1,1,1,0,1,1,0,1,0,0000000,8,4,8,15,99,99,0,0,0,1,0
45,450221,2,2,0,0,0,3,3,55,0,11,4,2011,2,20,45,0,4,4,55,,39,34.27746667,-80.806933330,0,12,2,0,8,1,1,0,2,1,0,1,0,0000000,99,99,99,99,99,99,0,0,0,1,1
45,450222,2,2,0,0,0,7,7,75,0,17,4,2011,1,7,30,1,13,2,US-601,801,174,33.51781944,-80.845213890,0,12,6,0,2,2,1,0,1,1,0,1,0,0000000,99,99,99,99,99,99,0,0,0,1,1
45,450223,2,2,0,0,0,3,3,59,1410,1,5,2011,1,21,35,0,6,6,SPRING STREET,SOUTHVIEW DRIVE,0,34.51341667,-82.031780560,0,12,6,0,2,2,1,0,3,1,0,1,0,0000000,21,34,21,38,99,99,0,0,0,1,1
45,450224,1,1,0,0,0,1,1,3,0,1,5,2011,1,3,40,0,9,4,152,,77,33.61440556,-81.485252780,0,38,0,0,1,1,4,0,2,1,0,1,0,0000000,88,88,88,88,88,88,0,0,0,1,1
45,450225,1,1,0,0,0,1,1,37,0,1,5,2011,1,20,15,0,4,4,35,,88,33.81973056,-82.003327780,0,21,0,0,1,1,4,0,1,1,0,1,0,0000000,88,88,88,88,88,88,0,0,0,1,1
45,450226,1,1,0,0,0,3,3,79,720,1,5,2011,1,5,0,0,4,4,263,,4,33.88149722,-80.688444440,0,34,0,0,1,1,4,0,2,1,0,1,0,0000000,99,99,99,99,99,99,0,0,0,1,1
45,450227,1,1,0,0,0,1,1,71,0,1,5,2011,1,13,14,0,3,3,SR-39,,33,34.17879167,-81.866511110,0,24,0,0,1,1,4,0,1,1,0,1,0,0000000,88,88,88,88,88,88,0,0,0,1,1
45,450228,1,1,0,0,0,1,1,31,0,1,5,2011,1,0,45,0,6,6,CEDAR RIDGE RD,,0,34.40574167,-79.920172220,0,1,0,0,1,1,4,0,2,1,0,1,0,0000000,99,99,99,99,99,99,0,0,0,1,1
45,450229,1,1,0,1,1,1,1,89,0,2,5,2011,2,22,30,1,2,2,US-52,,193,33.70256389,-79.815158330,0,8,0,0,1,1,1,0,2,1,0,1,0,0000000,88,88,88,88,88,88,0,0,0,1,0
45,450230,2,2,0,0,0,4,4,45,0,3,5,2011,3,22,20,0,3,3,SR-14,880,343,35.09771944,-82.226744440,0,12,6,0,2,3,1,0,2,2,0,2,0,0000000,22,8,22,26,99,99,0,0,0,1,0
45,450231,1,1,0,0,0,1,1,1,0,4,5,2011,4,9,49,0,4,4,33,,0,34.08725000,-82.320555560,0,35,0,0,1,1,4,0,1,1,0,1,0,0000000,99,99,99,99,99,99,0,0,0,1,1
45,450232,2,2,0,0,0,2,2,3,20,4,5,2011,4,13,30,0,3,3,SR-302,,142,33.53577778,-81.690730560,0,12,8,0,1,1,1,0,1,1,0,1,0,0000000,88,88,88,88,88,88,0,0,0,1,1
45,450233,1,1,0,0,0,1,1,19,410,4,5,2011,4,7,4,0,6,6,SAVAGE RD,,0,32.80293056,-80.039563890,0,34,0,0,1,1,4,0,1,1,0,1,0,0000000,88,88,88,88,88,88,0,0,0,1,0
45,450234,1,1,0,1,1,1,1,37,0,5,5,2011,5,6,30,1,2,2,US-25,,67,33.66828333,-81.878827780,0,8,0,0,1,1,1,0,1,1,0,1,0,0000000,88,88,88,88,88,88,0,0,0,1,0
45,450235,2,2,0,0,0,2,2,29,0,5,5,2011,5,15,35,0,4,3,SR-217 LODGE HWY,740 SUNFLOWER DRIVE,62,33.08269722,-80.851863890,0,12,6,0,2,3,1,0,1,1,0,1,0,0000000,88,88,88,88,88,88,0,0,0,1,0
45,450236,1,1,0,0,0,1,1,19,1245,6,5,2011,6,16,25,0,6,6,BETSY KERRISON BLVD,,0,32.64042222,-80.142988890,0,42,0,0,1,1,3,0,1,2,0,2,0,0000000,88,88,88,88,88,88,0,0,0,1,1
45,450237,1,1,0,0,0,1,1,75,0,6,5,2011,6,18,35,1,1,1,I-95,,904,33.35569444,-80.528669440,0,24,0,0,1,1,3,0,1,1,0,1,0,0000000,88,88,88,88,88,88,0,0,0,1,1
45,450238,3,3,0,0,0,7,7,19,0,6,5,2011,6,14,47,1,2,2,US-17,,0,32.76320833,-80.441550000,0,12,6,0,1,1,1,0,1,2,0,2,0,0000000,99,99,99,99,99,99,0,0,0,2,0
45,450239,1,1,0,0,0,1,1,31,0,6,5,2011,6,13,9,0,4,4,154,,3,34.11457500,-80.036044440,0,1,0,0,1,1,4,0,1,10,0,10,0,0000000,13,11,13,15,13,49,0,0,0,1,1
45,450240,1,1,0,0,0,2,2,7,0,7,5,2011,7,12,49,1,1,1,I-85,,389,34.74369444,-82.483205560,0,42,0,0,1,1,4,0,1,1,0,1,0,0000000,13,12,13,16,99,99,0,0,0,1,0
45,450241,1,1,0,0,0,1,1,3,0,7,5,2011,7,4,15,0,4,3,SR-191,,145,33.73080000,-81.744075000,0,34,0,0,1,1,4,0,2,1,0,1,0,0000000,99,99,99,99,99,99,0,0,0,1,1
45,450242,2,2,0,0,0,3,3,13,0,8,5,2011,1,13,15,0,3,3,SR-802,,0,32.42981667,-80.641108330,0,12,1,0,1,1,1,0,1,1,0,1,0,0000000,13,13,13,19,13,36,0,0,0,1,0
45,450243,2,2,0,0,0,2,2,63,1430,9,5,2011,2,2,35,0,14,3,SR-6,INDUSTRIAL DRIVE,102,33.96197778,-81.231622220,0,12,1,0,2,2,1,0,2,1,0,1,0,0000000,2,37,2,47,3,22,0,0,0,1,1
45,450244,1,1,0,0,0,1,1,25,0,9,5,2011,2,12,0,0,4,4,31,,0,34.44885556,-80.254397220,0,53,0,0,1,1,4,0,1,1,0,1,0,0000000,12,1,12,10,12,38,0,0,0,1,0
45,450245,1,1,0,0,0,1,1,51,0,10,5,2011,3,15,50,1,13,2,US-501,,291,33.73115556,-78.942947220,0,24,0,0,5,1,4,0,1,1,0,1,0,0000000,88,88,88,88,88,88,0,0,0,1,0
45,450246,1,1,0,0,0,2,2,85,0,10,5,2011,3,7,50,0,5,4,251,,21,33.82928611,-80.418591670,0,34,0,0,1,1,4,0,1,1,0,1,0,0000000,7,57,8,11,99,99,0,0,0,1,0
45,450247,1,1,0,0,0,5,5,41,0,10,5,2011,3,15,10,0,4,4,164,,0,33.94595833,-79.571272220,0,42,0,0,1,1,4,0,1,1,0,1,0,0000000,15,14,15,24,16,4,0,0,0,1,1
45,450248,2,1,1,1,1,1,1,19,1805,11,5,2011,4,22,18,1,1,1,I-526,,0,32.86945833,-80.026902780,0,14,0,0,1,1,4,0,2,1,0,1,0,0000000,88,88,88,88,88,88,23,0,0,1,0
45,450249,3,3,0,0,0,4,4,79,520,11,5,2011,4,17,40,0,3,3,SR-48,454,0,33.98724722,-81.029363890,0,12,6,0,2,2,1,0,1,1,0,1,0,0000000,99,99,99,99,99,99,0,0,0,1,1
45,450250,1,1,0,0,0,1,1,59,0,11,5,2011,4,19,50,1,2,2,US-221,,0,34.28651111,-82.054611110,0,33,0,0,1,1,4,0,5,10,0,10,0,0000000,99,99,99,99,99,99,0,0,0,1,0
45,450251,1,1,0,0,0,1,1,21,0,12,5,2011,5,19,30,0,9,4,206,,0,35.04036111,-81.616916670,0,1,0,0,1,1,4,0,1,1,0,1,0,0000000,88,88,88,88,88,88,0,0,0,1,1
45,450252,1,1,0,0,0,2,2,75,1870,13,5,2011,6,11,10,0,4,4,923,,0,33.48926389,-80.854997220,0,10,0,0,6,1,1,0,1,1,0,1,0,720877L,88,88,88,88,88,88,0,0,0,1,0
45,450253,1,1,0,0,0,1,1,59,0,13,5,2011,6,22,45,0,5,4,43,,42,34.46608889,-81.958522220,0,42,0,0,1,1,4,0,2,1,0,1,0,0000000,88,88,88,88,88,88,0,0,0,1,1
45,450254,1,1,0,1,1,2,2,83,0,13,5,2011,6,20,55,1,2,2,US-29,,0,34.98138056,-81.867113890,0,8,0,0,1,1,1,0,2,10,0,10,0,0000000,20,55,21,5,21,35,0,0,0,1,0
45,450255,2,2,0,0,0,3,3,45,0,14,5,2011,7,20,41,1,2,2,US-25,,0,34.60442500,-82.360638890,0,12,6,0,8,1,1,0,5,1,0,1,0,0000000,20,42,20,57,21,29,0,0,0,1,1
45,450256,1,1,0,0,0,2,2,15,0,14,5,2011,7,2,50,0,4,4,447,,0,33.30270000,-79.925322220,0,30,0,0,1,1,4,0,2,1,0,1,0,0000000,88,88,88,88,88,88,0,0,0,2,0
45,450257,2,2,0,0,0,3,3,91,0,15,5,2011,1,17,4,0,9,4,245,,0,34.85984167,-80.978636110,0,12,2,0,1,1,1,0,1,10,0,10,0,0000000,99,99,99,99,99,99,0,0,0,1,1
45,450258,1,1,0,0,0,1,1,15,0,16,5,2011,2,14,24,1,1,1,I-26,,1944,33.07744722,-80.200711110,0,42,0,0,1,1,3,0,1,1,0,1,0,0000000,88,88,88,88,88,88,0,0,0,1,1
45,450259,2,2,0,0,0,2,2,51,0,16,5,2011,2,19,6,1,2,3,SR-9,,195,34.06983056,-78.858061110,0,12,1,0,1,1,1,0,1,1,0,1,0,0000000,99,99,99,99,99,99,0,0,0,1,1
45,450260,2,2,0,1,1,3,3,77,0,17,5,2011,3,18,24,1,2,2,US-123,,57,34.71861667,-82.745119440,0,8,0,0,1,1,1,0,5,2,0,2,0,0000000,99,99,99,99,99,99,0,0,0,1,0
45,450261,2,2,0,0,0,2,2,51,1825,17,5,2011,3,17,31,0,3,3,SR-9,HILL STREET,0,33.84251111,-78.648119440,0,12,6,0,2,2,1,0,1,1,0,1,0,0000000,17,33,17,39,17,48,0,0,0,1,2
45,450262,2,2,0,0,0,3,3,87,0,19,5,2011,5,18,50,0,3,3,SR-49,,33,34.63218333,-81.776819440,0,12,2,0,1,1,1,0,1,1,0,1,0,0000000,99,99,99,99,99,99,0,0,0,1,1
45,450263,1,1,0,2,2,1,1,51,1730,19,5,2011,5,13,57,1,2,2,US-17,119,0,33.62419722,-78.968911110,0,9,0,0,2,2,1,0,1,1,0,1,0,0000000,99,99,99,99,99,99,0,0,0,1,0
45,450264,2,2,0,0,0,2,2,19,1805,24,3,2011,5,1,5,1,11,1,I-526,,92,32.89432778,-79.990683330,0,12,1,0,1,1,1,0,3,1,0,1,0,0000000,1,2,1,17,2,15,0,0,0,1,1
45,450265,1,1,0,0,0,4,4,35,0,31,3,2011,5,18,36,1,1,1,I-26,,1770,33.24966944,-80.467686110,0,42,0,0,1,1,3,0,1,2,0,2,0,0000000,99,99,99,99,99,99,0,0,0,1,0
45,450266,1,1,0,0,0,1,1,51,1825,8,5,2011,1,21,45,1,2,2,US-17,,0,33.83695000,-78.669147220,0,34,0,0,1,1,3,4,3,1,0,1,0,0000000,20,46,20,50,21,9,0,0,0,1,0
45,450267,1,1,0,0,0,2,2,15,0,15,5,2011,1,19,15,1,1,1,I-26,,1944,33.08726389,-80.216933330,0,5,0,0,1,1,1,0,1,1,0,1,0,0000000,20,15,20,22,20,40,0,0,0,1,0
45,450268,1,1,0,1,1,2,2,51,0,2,5,2011,2,3,20,0,9,4,910-CEDAR BRANCH RD,,0,33.98511111,-78.770427780,0,8,0,0,1,1,1,0,2,1,0,1,0,0000000,88,88,88,88,88,88,0,0,0,1,0
45,450269,1,1,0,1,1,1,1,19,410,20,5,2011,6,22,40,0,3,3,SR-171,OLD TOWNE RD,0,32.80267778,-79.996647220,0,9,0,0,1,1,4,0,3,1,0,1,0,0000000,99,99,99,99,99,99,0,0,0,1,1
45,450270,2,2,0,0,0,4,4,7,0,20,5,2011,6,21,30,0,4,4,71,LOBLOLLY DRIVE,0,34.52080833,-82.698641670,0,12,6,0,2,3,1,0,2,1,0,1,0,0000000,21,33,21,37,22,4,0,0,0,1,1
45,450271,2,2,0,0,0,2,2,3,0,20,5,2011,6,0,1,0,4,3,SR-389,337,11,33.62784167,-81.301061110,0,12,6,0,2,3,1,0,3,1,0,1,0,0000000,99,99,99,99,99,99,0,0,0,1,0
45,450272,2,2,0,0,0,3,3,19,1710,20,5,2011,6,21,52,1,12,2,US-17,,340,32.80159722,-79.904680560,0,12,1,0,1,1,1,0,3,1,0,1,0,0000000,99,99,99,99,99,99,0,0,0,1,2
45,450273,1,1,0,0,0,2,2,11,0,21,5,2011,7,17,30,0,4,4,20,,68,33.17304722,-81.484480560,0,32,0,0,1,1,4,0,1,1,0,1,0,0000000,99,99,99,99,99,99,0,0,0,1,1
45,450274,1,1,0,0,0,2,2,47,2740,21,5,2011,7,2,20,1,2,2,US-25,,0,34.40651944,-82.248930560,0,59,0,0,1,1,3,0,2,1,0,1,0,0000000,88,88,88,88,88,88,0,0,0,2,1
45,450275,1,1,0,0,0,1,1,23,0,21,5,2011,7,6,0,0,4,3,SR-901,,111,34.68248611,-81.020822220,0,30,0,0,1,1,4,0,2,1,0,1,0,0000000,88,88,88,88,88,88,0,0,0,1,1
45,450276,2,2,0,0,0,2,2,29,0,20,5,2011,6,21,23,0,3,3,SR-61,,247,33.04079444,-80.409708330,0,12,2,0,1,1,1,0,2,1,0,1,0,0000000,99,99,99,99,99,99,0,0,0,1,2
45,450277,1,1,0,0,0,2,2,77,0,21,5,2011,7,1,30,1,2,2,US-178,,0,34.93213889,-82.719797220,0,35,0,0,1,1,4,0,2,1,0,1,0,0000000,1,28,1,38,2,15,0,0,0,1,1
45,450278,1,1,0,0,0,1,1,19,0,22,5,2011,1,13,10,1,2,2,US-17,,701,33.13086667,-79.446044440,0,35,0,0,1,1,4,0,1,1,0,1,0,0000000,88,88,88,88,88,88,0,0,0,1,1
45,450279,1,1,0,0,0,2,2,21,930,22,5,2011,1,2,30,1,1,1,I-85,,928,35.09659722,-81.656441670,0,21,0,0,1,1,4,0,2,1,0,1,0,0000000,88,88,88,88,88,88,0,0,0,2,0
45,450280,2,2,0,0,0,4,4,43,0,22,5,2011,1,1,30,1,13,2,US-17,62,361,33.54958611,-79.048433330,0,12,6,0,2,2,1,0,2,1,0,1,0,0000000,1,42,1,47,2,18,0,0,0,1,1
45,450281,2,2,0,0,0,2,2,79,0,24,5,2011,3,7,30,0,3,3,SR-764,,0,33.87230278,-80.675997220,0,12,2,0,1,1,1,0,1,1,0,1,0,0000000,88,88,88,88,88,88,0,0,0,1,0
45,450282,1,1,0,0,0,1,1,35,0,24,5,2011,3,2,40,1,2,2,US-17,,0,32.98145278,-80.230408330,0,34,0,0,1,1,4,0,3,1,0,1,0,0000000,88,88,88,88,88,88,0,0,0,1,1
45,450283,1,1,0,0,0,1,1,79,0,24,5,2011,3,21,55,1,1,1,I-77,,272,34.21265278,-80.984688890,0,1,0,1,5,1,5,0,2,1,0,1,0,0000000,88,88,88,88,88,88,0,0,0,1,1
45,450284,1,1,0,0,0,2,2,91,2970,24,5,2011,3,10,0,0,4,4,740,,12,34.96548611,-81.235269440,0,34,0,0,1,1,4,0,1,1,0,1,0,0000000,99,99,99,99,99,99,0,0,0,1,0
45,450285,2,2,0,0,0,2,2,29,0,25,5,2011,4,6,26,0,3,3,SR-61,,213,33.05216389,-80.490216670,0,12,2,0,1,1,1,0,4,1,0,1,0,0000000,99,99,99,99,99,99,0,0,0,1,0
45,450286,2,2,0,0,0,2,2,83,0,25,5,2011,4,12,0,0,4,4,192,,0,34.97965833,-81.914619440,0,12,2,0,1,1,1,0,1,1,0,1,0,0000000,12,25,12,59,13,34,0,0,0,1,1
45,450287,1,1,0,0,0,1,1,53,0,26,5,2011,5,22,55,0,3,3,SR-321,,159,32.50780833,-81.140427780,0,42,0,0,1,1,4,0,2,1,0,1,0,0000000,88,88,88,88,88,88,0,0,0,1,0
45,450288,1,1,0,0,0,1,1,63,0,26,5,2011,5,15,50,0,4,4,1852,,0,33.74061389,-81.345733330,0,42,0,0,1,1,4,0,1,1,0,1,0,0000000,15,55,16,17,17,5,0,0,0,1,1
45,450289,1,1,0,0,0,1,1,63,0,26,5,2011,5,23,55,0,3,3,SR-302,,0,33.73540278,-81.262563890,0,1,0,0,1,1,1,0,2,2,0,2,0,0000000,88,88,88,88,88,88,0,0,0,1,1
45,450290,2,2,0,0,0,8,8,91,0,26,5,2011,5,20,3,1,2,3,SR-5,,1011,35.01242500,-81.266211110,0,12,2,0,1,1,1,0,1,1,0,1,0,0000000,99,99,99,99,99,99,0,0,0,1,1
45,450291,1,1,0,0,0,1,1,27,0,27,5,2011,6,4,30,0,4,4,50,,199,33.80421944,-80.129000000,0,1,0,0,1,1,4,0,4,1,0,1,0,0000000,88,88,88,88,88,88,0,0,0,1,1
45,450292,1,1,0,0,0,1,1,49,0,28,5,2011,7,0,20,0,4,4,3,,60,32.74451111,-81.166863890,0,34,0,0,8,1,5,0,2,1,0,1,0,0000000,88,88,88,88,88,88,0,0,0,1,1
45,450293,1,1,0,0,0,1,1,53,0,28,5,2011,7,22,15,1,1,1,I-95,,0,32.24256944,-81.141413890,0,31,0,0,1,1,5,0,2,1,0,1,0,0000000,88,88,88,88,88,88,0,0,0,1,1
45,450294,1,1,0,1,1,2,2,75,0,28,5,2011,7,21,25,0,9,4,134,,27,33.40794444,-80.953275000,0,8,0,0,1,1,1,0,2,5,0,5,0,0000000,88,88,88,88,88,88,0,0,0,1,1
45,450295,2,2,0,0,0,3,3,51,1730,28,5,2011,7,21,52,1,13,2,US-501,1315,323,33.70163611,-78.903594440,0,12,6,0,2,2,1,0,3,1,0,1,0,0000000,99,99,99,99,99,99,0,0,0,1,1
45,450296,1,1,0,0,0,1,1,7,0,29,5,2011,1,4,20,0,9,4,215,205,0,34.52809167,-82.574313890,0,42,0,0,2,3,4,0,2,1,0,1,0,0000000,4,20,4,23,99,99,0,0,0,1,1
45,450297,2,2,0,0,0,3,3,83,0,30,5,2011,2,11,40,0,14,3,SR-9,I-85,149,35.01277500,-81.954058330,0,33,0,0,3,1,3,0,1,1,0,1,0,0000000,12,12,12,54,13,28,0,0,0,2,0
45,450298,2,2,0,0,0,2,2,45,0,31,5,2011,3,9,0,1,13,2,US-25,MOTOR BOAT CLUB RD,313,34.88610833,-82.469344440,0,12,6,0,2,3,1,0,1,1,0,1,0,0000000,99,99,99,99,99,99,0,0,0,1,1
45,450299,1,1,0,0,0,1,1,51,0,1,6,2011,4,0,44,0,6,6,FLOYD PAGE RD,,0,34.01890833,-79.238291670,0,42,0,0,1,1,4,0,2,1,0,1,0,0000000,88,88,88,88,88,88,0,0,0,1,0
45,450300,1,1,0,1,1,2,2,21,0,2,6,2011,5,5,50,0,3,3,SR-18,,106,35.01555278,-81.650477780,0,8,0,0,1,1,1,0,2,1,0,1,0,0000000,99,99,99,99,99,99,0,0,0,1,0
45,450301,1,1,0,0,0,1,1,3,0,2,6,2011,5,16,30,0,4,4,1771,,1,33.60929444,-81.718283330,0,53,0,0,1,1,4,0,1,1,0,1,0,0000000,16,29,16,30,99,99,0,0,0,1,0
45,450302,1,1,0,0,0,2,2,21,0,4,6,2011,7,5,50,1,1,1,I-85,,0,35.13356111,-81.533102780,0,24,0,0,1,1,3,0,4,1,0,1,0,0000000,99,99,99,99,99,99,0,0,0,1,0
45,450303,2,2,0,0,0,3,3,15,0,4,6,2011,7,10,30,1,2,2,US-52,791,50,33.05906944,-80.035141670,0,12,6,0,2,3,1,0,1,1,0,1,0,0000000,99,99,99,99,99,99,0,0,0,1,0
45,450304,2,2,0,0,0,9,9,29,0,5,6,2011,1,22,11,1,1,1,I-95,,625,33.00880833,-80.667844440,0,12,1,0,1,1,1,0,2,1,0,1,0,0000000,99,99,99,99,99,99,0,0,0,2,0
45,450305,2,2,0,0,0,4,4,75,0,7,6,2011,3,19,0,0,5,4,29,2032,33,33.53323889,-80.804872220,0,12,6,0,2,3,1,0,1,1,0,1,0,0000000,88,88,88,88,88,88,0,0,0,1,0
45,450306,2,2,0,0,0,2,2,83,1550,7,6,2011,3,15,20,0,6,6,OLD SPARTANBURG RD,ELLIOT RD,0,34.95183889,-82.121986110,0,12,6,0,2,2,1,0,1,1,0,1,0,0000000,15,20,15,23,15,57,0,0,0,1,0
45,450307,1,1,0,0,0,1,1,91,0,8,6,2011,4,5,14,0,3,3,SR-160,VANDORA SPRINGS,0,35.05332778,-80.991941670,0,33,0,0,2,3,4,0,3,1,0,1,0,0000000,88,88,88,88,88,88,0,0,0,1,1
45,450308,1,1,0,0,0,1,1,45,0,9,6,2011,5,5,1,0,14,3,SR-253,,60,34.90567778,-82.385444440,0,59,0,0,1,1,4,0,2,1,0,1,0,0000000,88,88,88,88,88,88,0,0,0,1,1
45,450309,1,1,0,0,0,1,1,71,1460,9,6,2011,5,17,0,0,4,2,US-76,,264,34.19391389,-81.422425000,0,35,0,0,1,1,4,0,1,1,0,1,0,0000000,16,48,16,59,99,99,0,0,0,1,0
45,450310,1,1,0,0,0,1,1,79,0,10,6,2011,6,8,15,0,3,3,SR-215,,0,34.11390000,-81.086397220,0,35,0,0,1,1,4,0,1,1,0,1,0,0000000,99,99,99,99,99,99,0,0,0,1,0
45,450311,1,1,0,0,0,1,1,79,0,10,6,2011,6,23,0,0,4,4,55,,30,33.87408611,-80.835686110,0,34,0,0,1,1,4,0,2,1,0,1,0,0000000,88,88,88,88,88,88,0,0,0,1,1
45,450312,2,2,0,0,0,2,2,31,0,11,6,2011,7,22,10,0,4,3,SR-403,28,115,34.27175833,-80.083680560,0,12,6,0,2,2,1,0,2,1,0,1,0,0000000,22,20,22,28,23,8,0,0,0,1,0
45,450313,1,1,0,0,0,1,1,53,0,11,6,2011,7,17,35,1,1,1,I-95,,283,32.56706944,-80.939969440,0,42,0,0,1,1,3,0,1,1,0,1,0,0000000,88,88,88,88,88,88,0,0,0,1,0
45,450314,1,1,0,0,0,1,1,69,0,11,6,2011,7,20,50,0,3,3,SR-912,,0,34.58746667,-79.772500000,0,24,0,0,1,1,4,0,2,1,0,1,0,0000000,88,88,88,88,88,88,0,0,0,1,1
45,450315,1,1,0,0,0,1,1,91,0,12,6,2011,1,6,0,0,14,4,6,,38,34.90465556,-80.970183330,0,32,0,0,1,1,4,0,4,1,0,1,0,0000000,88,88,88,88,88,88,0,0,0,1,0
45,450316,1,1,0,0,0,1,1,75,0,12,6,2011,1,0,10,0,4,4,90,,83,33.45421667,-80.909372220,0,53,0,0,8,1,4,0,2,1,0,1,0,0000000,0,14,0,26,1,0,0,0,0,1,1
45,450317,1,1,0,0,0,1,1,11,0,12,6,2011,1,23,40,0,4,4,37,,7,33.28447778,-81.384572220,0,42,0,0,1,1,4,0,2,10,0,10,0,0000000,88,88,88,88,88,88,0,0,0,1,1
45,450318,1,1,0,0,0,1,1,63,0,12,6,2011,1,10,30,0,3,3,SR-692,,0,33.72291111,-81.077555560,0,1,0,0,1,1,4,0,1,1,0,1,0,0000000,88,88,88,88,88,88,0,0,0,1,1
45,450319,2,2,0,0,0,2,2,45,0,13,6,2011,2,0,35,1,2,2,US-25,DANHARDT ST,0,34.78621111,-82.413469440,0,12,2,0,2,3,1,0,2,1,0,1,0,0000000,0,43,0,50,1,10,0,0,0,1,1