STATE,ST_CASE,VE_TOTAL,VE_FORMS,PVH_INVL,PEDS,PERNOTMVIT,PERMVIT,PERSONS,COUNTY,CITY,DAY,MONTH,YEAR,DAY_WEEK,HOUR,MINUTE,NHS,ROAD_FNC,ROUTE,TWAY_ID,TWAY_ID2,MILEPT,LATITUDE,LONGITUD,SP_JUR,HARM_EV,MAN_COLL,RELJCT1,RELJCT2,TYP_INT,REL_ROAD,WRK_ZONE,LGT_COND,WEATHER1,WEATHER2,WEATHER,SCH_BUS,RAIL,NOT_HOUR,NOT_MIN,ARR_HOUR,ARR_MIN,HOSP_HR,HOSP_MN,CF1,CF2,CF3,FATALS,DRUNK_DR
45,450320,1,1,0,0,0,1,1,45,0,13,6,2011,2,19,5,0,9,4,339,,15,35.01906667,-82.474494440,0,34,0,0,1,1,4,0,1,10,0,10,0,0000000,88,88,88,88,88,88,0,0,0,1,1
45,450321,2,2,0,0,0,7,7,7,0,14,6,2011,3,11,39,0,13,2,US-29,TROTTER RD,94,34.44032778,-82.734088890,0,12,6,0,2,2,1,0,1,1,0,1,0,0000000,11,45,11,56,99,99,0,0,0,2,0
45,450322,1,1,0,1,1,1,1,75,0,16,6,2011,5,5,17,0,15,4,29,,2,33.49975000,-80.838819440,0,8,0,0,1,1,1,0,2,1,0,1,0,0000000,88,88,88,88,88,88,0,0,0,1,0
45,450323,1,1,0,0,0,1,1,15,0,16,6,2011,5,5,5,0,4,4,35,,93,33.42474444,-79.989352780,0,34,0,0,1,1,4,0,2,10,0,10,0,0000000,88,88,88,88,88,88,0,0,0,1,0
45,450324,2,2,0,0,0,2,2,19,410,17,6,2011,6,13,0,0,6,3,SR-61,DILLWAY STREET,0,32.80448333,-80.020080560,0,12,2,0,3,3,1,0,1,1,0,1,0,0000000,99,99,99,99,99,99,0,0,0,1,0
45,450325,2,2,0,0,0,2,2,7,0,17,6,2011,6,17,0,0,3,3,SR-187,,0,34.54046389,-82.802925000,0,12,2,0,8,1,1,0,1,1,0,1,0,0000000,17,4,17,11,17,36,0,0,0,1,0
45,450326,1,1,0,0,0,5,5,61,0,19,6,2011,1,17,0,1,1,1,I-20,,1077,34.20793333,-80.397005560,0,1,0,0,1,1,3,0,1,1,0,1,0,0000000,17,5,17,21,17,33,0,0,0,1,0
45,450327,1,1,0,1,1,1,1,43,0,19,6,2011,1,0,20,1,2,2,US-17,,0,33.37788056,-79.435486110,0,8,0,0,1,1,1,0,2,1,0,1,0,0000000,88,88,88,88,88,88,0,0,0,1,0
45,450328,1,1,0,0,0,4,4,25,0,19,6,2011,1,1,20,0,9,4,581,,302,34.58393333,-79.985961110,0,1,0,0,1,1,4,0,2,1,0,1,0,0000000,99,99,99,99,99,99,0,0,0,1,1
45,450329,1,1,0,0,0,2,2,25,0,20,6,2011,2,7,45,0,4,4,534,,0,34.69963611,-79.880605560,0,10,0,0,6,1,1,0,1,1,0,1,0,634186T,88,88,88,88,88,88,0,0,0,2,0
45,450330,1,1,0,0,0,2,2,41,0,20,6,2011,2,4,55,1,1,1,I-95,,1496,34.07200000,-79.946952780,0,1,0,0,1,1,4,0,2,1,0,1,0,0000000,99,99,99,99,99,99,0,0,0,1,0
45,450331,2,2,0,0,0,7,7,83,0,20,6,2011,2,16,4,1,11,1,I-85,,792,35.02261667,-81.888569440,0,12,1,0,1,1,1,0,1,1,0,1,0,0000000,99,99,99,99,99,99,0,0,0,1,0
45,450332,2,2,0,0,0,2,2,91,0,21,6,2011,3,16,32,0,9,4,80,54,23,35.03150833,-81.134419440,0,12,6,0,2,2,1,0,1,1,0,1,0,0000000,16,37,16,45,17,16,0,0,0,1,0
45,450333,1,1,0,0,0,1,1,77,0,21,6,2011,3,19,38,0,6,6,TURNER RD,,0,34.87741111,-82.679800000,0,1,0,0,1,1,4,0,1,1,0,1,0,0000000,99,99,99,99,99,99,0,0,0,1,1
45,450334,1,1,0,0,0,1,1,35,0,21,6,2011,3,22,0,0,3,3,SR-61,,0,32.96438611,-80.287486110,0,30,0,0,1,1,4,0,2,1,0,1,0,0000000,99,99,99,99,99,99,0,0,0,1,1
45,450335,1,1,0,1,1,1,1,77,0,22,6,2011,4,17,17,1,2,2,US-178,,106,34.97392778,-82.752155560,0,8,0,0,1,1,2,0,1,1,0,1,0,0000000,99,99,99,99,99,99,0,0,0,1,0
45,450336,1,1,0,0,0,1,1,19,410,22,6,2011,4,0,55,1,13,2,US-17,,310,32.79683611,-80.081061110,0,39,0,0,1,1,4,0,3,1,0,1,0,0000000,99,99,99,99,99,99,0,0,0,1,0
45,450337,1,1,0,0,0,2,2,57,0,22,6,2011,4,14,0,1,2,2,US-521,,161,34.65651111,-80.707625000,0,42,0,0,8,1,5,0,1,1,0,1,0,0000000,99,99,99,99,99,99,0,0,0,1,1
45,450338,1,1,0,1,1,1,1,3,0,23,6,2011,5,19,55,0,3,3,SR-19,,44,33.44691111,-81.686697220,0,8,0,0,8,1,2,0,1,1,0,1,0,0000000,99,99,99,99,99,99,0,0,0,1,0
45,450339,1,1,0,1,1,2,2,33,0,24,6,2011,6,2,2,0,14,2,US-301,,95,34.40237778,-79.379052780,0,8,0,0,1,1,1,0,2,1,0,1,0,0000000,88,88,88,88,88,88,0,0,0,1,1
45,450340,1,1,0,0,0,1,1,47,0,25,6,2011,7,17,40,0,9,4,543,,0,34.21588333,-82.067269440,0,38,0,0,8,1,4,0,1,1,0,1,0,0000000,99,99,99,99,99,99,0,0,0,1,1
45,450341,1,1,0,0,0,1,1,19,85,25,6,2011,7,19,24,0,6,6,SEEWEE RD,,0,32.95343889,-79.677572220,0,42,0,0,1,1,4,0,1,1,0,1,0,0000000,99,99,99,99,99,99,0,0,0,1,1
45,450342,1,1,0,1,1,1,1,51,0,25,6,2011,7,21,17,0,3,3,SR-22,,228,33.83666389,-78.809994440,0,8,0,0,1,1,1,0,2,1,0,1,0,0000000,88,88,88,88,88,88,0,0,0,1,0
45,450343,2,2,0,0,0,3,3,63,0,25,6,2011,7,21,15,1,13,2,US-21,,158,33.92142500,-81.075538890,0,12,1,0,1,1,1,0,2,1,0,1,0,0000000,99,99,99,99,99,99,0,0,0,1,1
45,450344,1,1,0,1,1,1,1,7,40,26,6,2011,1,21,20,0,6,6,SIMPSON RD,,0,34.53583333,-82.624783330,0,8,0,0,1,1,1,0,2,1,0,1,0,0000000,88,88,88,88,88,88,0,0,0,1,0
45,450345,2,2,0,0,0,3,3,45,0,26,6,2011,1,22,55,0,3,3,SR-14,,355,35.11036111,-82.225327780,0,12,2,0,1,1,1,0,2,1,0,1,0,0000000,99,99,99,99,99,99,0,0,0,1,0
45,450346,1,1,0,1,1,1,1,51,0,27,6,2011,2,21,54,1,12,2,US-17,469,206,33.77882500,-78.792141670,0,8,0,0,2,2,1,0,3,1,0,1,0,0000000,99,99,99,99,99,99,0,0,0,1,0
45,450347,1,1,0,0,0,1,1,3,0,27,6,2011,2,18,10,0,4,4,1341,,13,33.54930000,-81.873677780,0,34,0,0,1,1,4,0,1,1,0,1,0,0000000,99,99,99,99,99,99,0,0,0,1,0
45,450348,1,1,0,0,0,1,1,15,0,28,6,2011,3,4,44,1,11,1,I-26,,1979,33.05575833,-80.167108330,0,1,0,0,1,1,3,0,2,1,0,1,0,0000000,88,88,88,88,88,88,0,0,0,1,0
45,450349,1,1,0,1,1,1,1,51,0,29,6,2011,4,2,2,1,12,2,US-17,,2,33.78617500,-78.778711110,0,8,0,0,1,1,1,0,2,1,0,1,0,0000000,2,2,2,14,2,26,0,0,0,1,0
45,450350,2,2,0,0,0,3,3,31,0,30,6,2011,5,17,30,0,3,2,US-401,27 E LYNCHES RIVER,12,34.14015278,-80.113636110,0,12,6,0,2,2,1,0,1,1,0,1,0,0000000,99,99,99,99,99,99,0,0,0,2,0
45,450351,2,2,0,0,0,5,5,1,0,30,6,2011,5,2,40,0,3,3,SR-28,,0,34.32745278,-82.538525000,0,12,6,0,8,1,1,0,2,1,0,1,0,0000000,99,99,99,99,99,99,0,0,0,1,0
45,450352,2,2,0,0,0,2,2,85,0,30,6,2011,5,10,14,0,14,3,SR-441,US-76,67,33.95154722,-80.497383330,0,59,0,0,2,2,4,0,1,1,0,1,0,0000000,99,99,99,99,99,99,0,0,0,1,0
45,450353,2,2,0,0,0,4,4,3,0,8,1,2011,7,22,5,0,3,2,US-278,,109,33.40812222,-81.822611110,0,12,2,0,1,1,1,0,2,1,0,1,0,0000000,99,99,99,99,99,99,0,0,0,2,2
45,450354,2,2,0,0,0,3,3,89,0,21,2,2011,2,18,30,1,2,2,US-52,,127,33.64842222,-79.887813890,0,12,6,0,8,1,1,0,5,1,0,1,0,0000000,18,37,18,45,99,99,0,0,0,1,0
45,450355,4,1,3,2,3,1,2,85,0,26,2,2011,7,9,25,0,3,2,US-76,,276,33.98991389,-80.201569440,0,14,0,0,1,1,5,0,1,1,0,1,0,0000000,99,99,99,99,99,99,0,0,0,1,0
45,450356,1,1,0,1,1,1,1,15,0,6,3,2011,1,18,52,0,14,2,US-176,,193,33.07928056,-80.106511110,0,9,0,0,1,1,1,0,2,1,0,1,0,0000000,99,99,99,99,99,99,0,0,0,1,0
45,450357,2,2,0,0,0,2,2,45,0,2,4,2011,7,17,32,0,4,4,656,,0,35.01172222,-82.511786110,0,12,2,0,8,1,1,0,1,1,0,1,0,0000000,99,99,99,99,99,99,0,0,0,1,0
45,450358,4,4,0,2,2,3,3,79,0,22,3,2011,3,23,55,1,11,1,I-77,,52,33.93285556,-81.017088890,0,12,1,0,1,1,1,0,2,1,0,1,0,0000000,99,99,99,99,99,99,19,0,0,1,0
45,450360,3,3,0,0,0,4,4,85,0,15,4,2011,6,7,0,0,3,2,US-15,,9,33.79783611,-80.357350000,0,12,1,0,1,1,1,0,1,1,0,1,0,0000000,99,99,99,99,99,99,0,0,0,1,0
45,450361,2,2,0,0,0,3,3,77,0,29,4,2011,6,22,38,0,4,4,18,,0,34.69519167,-82.748294440,0,12,6,0,1,1,1,0,2,1,0,1,0,0000000,99,99,99,99,99,99,0,0,0,1,1
45,450362,3,3,0,0,0,6,6,51,0,7,5,2011,7,0,40,1,13,2,US-501,,242,33.79045556,-78.997019440,0,12,2,0,1,1,1,0,2,5,0,5,0,0000000,99,99,99,99,99,99,0,0,0,1,1
45,450363,2,2,0,1,1,2,2,63,0,23,6,2011,5,21,32,0,13,2,US-1,,185,33.97710278,-81.125105560,0,8,0,0,1,1,1,0,3,1,0,1,0,0000000,88,88,88,88,88,88,0,0,0,1,0
45,450364,1,1,0,0,0,2,2,31,0,2,7,2011,7,18,53,0,9,4,360,,0,34.25732222,-80.065955560,0,42,0,0,1,1,4,0,1,1,0,1,0,0000000,88,88,88,88,88,88,0,0,0,1,1
45,450365,1,1,0,0,0,2,2,85,0,3,7,2011,1,4,0,0,9,4,402,,0,33.82675556,-80.356450000,0,42,0,0,1,1,4,0,2,1,0,1,0,0000000,99,99,99,99,99,99,0,0,0,1,1
45,450366,1,1,0,0,0,2,2,51,1730,3,7,2011,1,16,34,0,6,6,FARROW PARKWAY,,0,33.67806944,-78.949213890,0,33,0,0,1,1,4,0,1,1,0,1,0,0000000,99,99,99,99,99,99,0,0,0,1,1
45,450367,1,1,0,0,0,1,1,45,0,3,7,2011,1,15,50,0,6,6,EPPS RD,,0,34.58319167,-82.385402780,0,42,0,0,1,1,4,0,1,10,0,10,0,0000000,15,59,16,10,17,2,0,0,0,1,1
45,450368,1,1,0,0,0,1,1,15,0,3,7,2011,1,4,50,0,4,4,48,,0,33.24740833,-79.856058330,0,34,0,0,1,1,4,0,2,1,0,1,0,0000000,88,88,88,88,88,88,0,0,0,1,1
45,450369,1,1,0,0,0,2,2,63,0,3,7,2011,1,1,40,0,6,6,CROSS RD,PLATT SPRINGS RD,0,33.90913889,-81.204327780,0,31,0,0,1,1,4,0,2,1,0,1,0,0000000,99,99,99,99,99,99,0,0,0,1,1
45,450370,1,1,0,1,1,4,4,85,2550,4,7,2011,2,21,14,1,12,2,US-76,,173,33.94748889,-80.356450000,0,8,0,0,1,1,1,0,2,1,0,1,0,0000000,99,99,99,99,99,99,0,0,0,1,0
45,450371,2,2,0,0,0,3,3,63,0,4,7,2011,2,21,48,1,2,2,US-178,,0,33.77186944,-81.263122220,0,12,2,0,1,1,1,0,2,1,0,1,0,0000000,99,99,99,99,99,99,0,0,0,1,2
45,450372,1,1,0,0,0,1,1,85,0,4,7,2011,2,4,30,1,1,1,I-95,,1352,33.91793611,-80.081619440,0,42,0,0,1,1,3,0,2,1,0,1,0,0000000,99,99,99,99,99,99,0,0,0,1,1
45,450373,2,2,0,0,0,2,2,57,0,5,7,2011,3,14,9,1,2,2,US-5,,25,34.83783056,-80.829550000,0,12,2,0,1,1,1,0,1,1,0,1,0,0000000,99,99,99,99,99,99,0,0,0,1,0
45,450374,1,1,0,1,1,1,1,17,0,5,7,2011,3,18,37,1,1,1,I-26,,1217,33.83720000,-81.022111110,0,8,0,0,1,1,1,0,1,1,0,1,0,0000000,18,40,19,6,19,38,0,0,0,1,0
45,450375,1,1,0,1,1,1,1,19,410,5,7,2011,3,8,36,1,12,3,SR-30,,22,32.77558333,-79.958238890,0,9,0,0,1,1,2,0,1,1,0,1,0,0000000,88,88,88,88,88,88,0,0,0,1,0
45,450376,2,2,0,0,0,3,3,33,0,5,7,2011,3,18,15,1,1,1,I-95,,1843,34.35799722,-79.507583330,0,12,6,0,1,1,1,0,1,10,0,10,0,0000000,99,99,99,99,99,99,0,0,0,1,1
45,450377,1,1,0,0,0,1,1,41,0,5,7,2011,3,15,45,0,6,6,S RAILROAD AVE,,0,33.80407778,-79.450077780,0,42,0,0,1,1,4,0,1,1,0,1,0,0000000,88,88,88,88,88,88,0,0,0,1,1
45,450378,1,1,0,0,0,2,2,19,0,6,7,2011,4,1,59,1,11,1,I-26,,2096,32.92646389,-80.042438890,0,26,0,0,1,1,4,0,2,1,0,1,0,0000000,99,99,99,99,99,99,0,0,0,1,1
45,450379,1,1,0,0,0,1,1,3,0,6,7,2011,4,6,0,0,4,4,5,,71,33.39465278,-81.885138890,0,11,0,0,1,1,1,0,4,1,0,1,0,0000000,99,99,99,99,99,99,0,0,0,1,0
45,450380,1,1,0,0,0,1,1,15,985,9,7,2011,7,23,8,0,4,4,728,US-176,0,33.01035556,-80.046600000,0,31,0,0,3,2,3,0,3,1,0,1,0,0000000,88,88,88,88,88,88,0,0,0,1,1
45,450381,1,1,0,0,0,4,4,11,0,11,7,2011,2,15,35,0,4,4,60,,21,33.36490833,-81.232266670,0,34,0,0,1,1,4,0,1,1,0,1,0,0000000,99,99,99,99,99,99,0,0,0,2,0
45,450382,1,1,0,0,0,1,1,55,0,11,7,2011,2,23,1,0,4,4,101,,0,34.20058611,-80.807705560,0,42,0,0,1,1,4,0,2,1,0,1,0,0000000,99,99,99,99,99,99,0,0,0,1,0
45,450383,1,1,0,0,0,1,1,27,0,11,7,2011,2,21,10,0,3,3,SR-527,,12,33.81776944,-80.078788890,0,11,0,0,1,1,1,0,2,1,0,1,0,0000000,99,99,99,99,99,99,0,0,0,1,1
45,450384,2,2,0,0,0,3,3,27,0,12,7,2011,3,20,50,1,2,2,US-521,US 301,122,33.69520833,-80.210752780,0,12,6,0,2,3,1,0,2,1,0,1,0,0000000,20,48,20,57,21,12,0,0,0,1,0
45,450385,1,1,0,0,0,1,1,45,0,12,7,2011,3,20,50,0,14,3,SR-146,,89,34.80044722,-82.205413890,0,42,0,0,1,1,4,0,2,1,0,1,0,0000000,88,88,88,88,88,88,0,0,0,1,1
45,450386,1,1,0,1,1,1,1,45,0,13,7,2011,4,0,31,1,2,2,US-25,,0,34.85008611,-82.449175000,0,8,0,0,1,1,1,0,2,1,0,1,0,0000000,88,88,88,88,88,88,0,0,0,1,0
45,450387,1,1,0,0,0,1,1,73,0,13,7,2011,4,1,18,0,3,3,SR-130,,70,34.79206111,-82.903775000,0,35,0,0,1,1,5,0,2,1,0,1,0,0000000,88,88,88,88,88,88,0,0,0,1,1
45,450388,2,2,0,0,0,2,2,91,2970,13,7,2011,4,15,30,0,3,2,US-321,SR-5,153,34.99794167,-81.251150000,0,12,6,0,2,3,1,0,1,1,0,1,0,0000000,15,35,15,39,16,10,0,0,0,1,0
45,450389,1,1,0,1,1,1,1,63,0,15,7,2011,6,23,5,0,13,3,SR-302,,221,33.95934444,-81.089786110,0,8,0,0,1,1,1,0,3,1,0,1,0,0000000,88,88,88,88,88,88,0,0,0,1,0
45,450390,2,2,0,0,0,3,3,11,0,16,7,2011,7,12,15,0,3,3,SR-3,SR-32,0,33.39450833,-81.277586110,0,12,6,0,2,2,1,0,1,1,0,1,0,0000000,12,17,12,30,12,53,0,0,0,1,0
45,450391,1,1,0,0,0,2,2,27,0,16,7,2011,7,14,15,1,1,1,I-95,,0,33.63852500,-80.282850000,0,1,0,0,1,1,1,0,1,1,0,1,0,0000000,99,99,99,99,99,99,0,0,0,1,0
45,450392,1,1,0,0,0,1,1,9,0,16,7,2011,7,7,45,0,9,4,84,,83,33.19671667,-80.899930560,0,1,0,0,1,1,1,0,1,1,0,1,0,0000000,88,88,88,88,88,88,0,0,0,1,0
45,450393,1,1,0,0,0,1,1,77,0,17,7,2011,1,13,40,1,12,2,US-123,,164,34.80066111,-82.630277780,0,35,0,0,1,1,3,0,1,1,0,1,0,0000000,13,45,13,58,14,31,0,0,0,1,0
45,450394,1,1,0,0,0,1,1,7,40,24,7,2011,1,13,12,0,4,4,141,,0,34.49269167,-82.646197220,0,33,0,0,8,1,4,0,1,1,0,1,0,0000000,99,99,99,99,99,99,0,0,0,1,1
45,450395,1,1,0,0,0,3,3,83,0,17,7,2011,1,12,44,1,11,1,I-85,,748,35.01266944,-81.953286110,0,57,0,0,1,1,3,0,1,10,0,10,0,0000000,12,44,12,53,13,13,0,0,0,1,0
45,450396,1,1,0,0,0,1,1,59,0,18,7,2011,2,1,30,1,1,1,I-26,,597,34.43346111,-81.745233330,0,1,0,0,1,1,4,0,2,1,0,1,0,0000000,1,30,1,49,99,99,0,0,0,1,0
45,450397,2,2,0,0,0,2,2,39,0,18,7,2011,2,12,5,0,3,3,SR-34,46,362,34.28080000,-80.893577780,0,12,6,0,2,2,1,0,1,1,0,1,0,0000000,99,99,99,99,99,99,0,0,0,1,0
45,450398,3,3,0,0,0,3,3,45,0,19,7,2011,3,22,40,1,11,1,I-85,,508,34.84427500,-82.281633330,0,12,7,0,1,1,1,0,2,1,0,1,0,0000000,99,99,99,99,99,99,0,0,0,1,0
45,450399,2,2,0,0,0,4,4,63,0,19,7,2011,3,17,45,1,2,2,US-321,248,60,33.76826667,-81.105794440,0,12,6,0,2,3,1,0,1,1,0,1,0,0000000,99,99,99,99,99,99,0,0,0,2,0
45,450400,1,1,0,0,0,1,1,63,0,20,7,2011,4,12,5,1,2,2,US-178,,0,33.81595278,-81.451477780,0,24,0,0,1,1,4,0,1,1,0,1,0,0000000,88,88,88,88,88,88,0,0,0,1,1
45,450401,1,1,0,0,0,1,1,91,0,21,7,2011,5,22,25,0,14,3,SR-49,,327,35.11446667,-81.051377780,0,26,0,0,1,1,3,0,3,1,0,1,0,0000000,22,31,22,57,23,31,0,0,0,1,1
45,450402,1,1,0,0,0,3,3,13,0,22,7,2011,6,1,0,0,4,4,77,,0,32.39866111,-80.512575000,0,42,0,0,1,1,4,0,2,1,0,1,0,0000000,99,99,99,99,99,99,0,0,0,2,0
45,450403,1,1,0,0,0,3,3,75,0,22,7,2011,6,23,30,1,1,1,I-26,,0,33.58756111,-80.850791670,0,1,0,0,1,1,4,0,3,1,0,1,0,0000000,99,99,99,99,99,99,0,0,0,1,0
45,450404,1,1,0,1,1,1,1,51,0,23,7,2011,7,2,8,0,4,4,1279,,3,33.71670000,-78.941488890,0,9,0,0,1,1,1,0,3,1,0,1,0,0000000,88,88,88,88,88,88,0,0,0,1,0
45,450405,1,1,0,1,1,1,1,83,0,23,7,2011,7,5,47,1,11,1,I-26,,178,34.97993889,-82.014613890,0,8,0,1,5,1,1,0,4,1,0,1,0,0000000,5,46,5,49,6,11,23,0,0,1,0
45,450406,1,1,0,1,1,5,5,25,0,23,7,2011,7,21,15,0,3,3,SR-151,,141,34.59817222,-80.373316670,0,8,0,0,1,1,1,0,2,1,0,1,0,0000000,21,24,21,28,99,99,0,0,0,1,0
45,450407,2,1,1,0,0,1,1,19,1170,23,7,2011,7,20,23,0,4,4,162,,48,32.73061389,-80.269888890,0,34,0,0,1,1,4,0,3,1,0,1,0,0000000,88,88,88,88,88,88,0,0,0,1,1
45,450408,1,1,0,0,0,1,1,51,0,24,7,2011,1,12,45,0,9,4,665,,24,34.08742778,-78.875011110,0,34,0,0,1,1,4,0,1,1,0,1,0,0000000,12,44,12,51,13,29,0,0,0,1,0
45,450409,1,1,0,0,0,6,6,75,0,25,7,2011,2,12,35,1,1,1,I-95,,0,33.44902500,-80.480302780,0,1,0,0,1,1,4,0,1,1,0,1,0,0000000,12,36,12,42,99,99,0,0,0,2,0
45,450410,2,2,0,0,0,2,2,51,0,28,7,2011,5,13,54,1,2,3,SR-9,,147,34.08049444,-78.869347220,0,12,7,0,1,1,1,0,1,1,0,1,0,0000000,88,88,88,88,88,88,0,0,0,1,1
45,450411,2,2,0,0,0,2,2,91,2200,27,7,2011,4,13,42,1,2,2,US-21,,0,34.95293056,-81.015886110,0,12,6,0,98,1,1,0,1,1,0,1,0,0000000,99,99,99,99,99,99,0,0,0,1,0
45,450412,2,2,0,0,0,6,6,39,0,28,7,2011,5,14,20,1,1,1,I-77,,0,34.52593333,-80.999236110,0,12,1,0,1,1,1,0,1,1,0,1,0,0000000,99,99,99,99,99,99,0,0,0,1,0
45,450413,1,1,0,1,1,1,1,45,0,28,7,2011,5,22,12,0,3,3,SR-86,,0,34.70016667,-82.422352780,0,8,0,0,1,1,1,0,2,1,0,1,0,0000000,88,88,88,88,88,88,0,0,0,1,0
45,450414,1,1,0,1,1,1,1,91,2200,29,7,2011,6,18,30,0,3,3,SR-901,,0,34.97642222,-81.079186110,0,9,0,0,1,1,1,0,1,1,0,1,0,0000000,99,99,99,99,99,99,0,0,0,1,1
45,450415,3,3,0,1,1,3,3,41,0,29,7,2011,6,2,30,1,11,1,I-95,,1641,34.22929722,-79.799494440,0,8,0,0,1,1,1,0,2,1,0,1,0,0000000,88,88,88,88,88,88,0,0,0,1,0
45,450416,2,2,0,0,0,2,2,73,0,28,7,2011,5,22,50,0,15,4,488,,15,34.66752222,-82.922788890,0,12,1,0,1,1,1,0,2,1,0,1,0,0000000,99,99,99,99,99,99,0,0,0,1,0
45,450417,2,2,0,0,0,3,3,57,0,29,7,2011,6,10,15,0,3,2,US-521,65,396,34.94937778,-80.846544440,0,12,6,0,2,2,1,0,1,1,0,1,0,0000000,10,20,10,32,11,10,0,0,0,1,0
45,450418,1,1,0,0,0,1,1,13,1145,30,7,2011,7,22,49,0,4,4,245,,0,32.20158056,-80.715994440,0,42,0,0,1,1,4,0,2,1,0,1,0,0000000,88,88,88,88,88,88,0,0,0,1,1
45,450419,2,2,0,0,0,2,2,73,0,30,7,2011,7,7,15,0,4,4,3,,6,34.74439722,-83.034411110,0,12,2,0,1,1,1,0,1,1,0,1,0,0000000,99,99,99,99,99,99,0,0,0,1,1
45,450420,1,1,0,0,0,3,3,7,0,31,7,2011,1,0,35,0,4,4,741,,0,34.42050556,-82.813911110,0,35,0,0,1,1,4,0,2,1,0,1,0,0000000,0,38,0,50,99,99,0,0,0,1,1
45,450421,1,1,0,0,0,4,4,7,0,31,7,2011,1,23,10,0,4,4,60,,14,34.58573611,-82.701258330,0,42,0,0,1,1,4,0,2,2,0,2,0,0000000,99,99,99,99,99,99,0,0,0,1,1
45,450422,3,3,0,0,0,3,3,7,0,8,7,2011,6,12,27,1,11,1,I-85,,389,34.77207500,-82.466855560,0,26,0,0,1,1,3,0,1,1,0,1,0,0000000,12,31,12,39,99,99,0,0,0,1,0
45,450423,2,2,0,0,0,2,2,43,940,12,6,2011,1,0,13,0,4,4,168,106,3,33.36992500,-79.297386110,0,12,1,0,2,2,1,0,3,1,0,1,0,0000000,88,88,88,88,88,88,0,0,0,1,1
45,450424,2,2,0,0,0,5,5,51,0,30,7,2011,7,17,27,0,6,6,CULTRA RD,EVERETTE STREET,0,33.86503611,-79.089633330,0,12,6,0,2,3,1,0,1,10,0,10,0,0000000,99,99,99,99,99,99,0,0,0,1,0
45,450425,1,1,0,0,0,1,1,35,0,1,8,2011,2,22,45,0,4,2,US-15,,175,33.30058333,-80.502319440,0,52,0,0,1,1,4,0,2,1,0,1,0,0000000,99,99,99,99,99,99,0,0,0,1,0
45,450426,2,2,0,0,0,2,2,79,0,2,8,2011,3,19,4,1,2,2,US-601,US-488,0,33.83944444,-80.647458330,0,12,2,0,2,3,1,0,1,1,0,1,0,0000000,88,88,88,88,88,88,0,0,0,1,0
45,450427,1,1,0,1,1,1,1,19,2100,2,8,2011,3,9,23,1,2,2,US-17,,0,32.78034722,-80.168394440,0,8,0,0,1,1,1,0,1,1,0,1,0,0000000,99,99,99,99,99,99,0,0,0,1,0
45,450428,8,8,0,0,0,13,13,19,1710,2,8,2011,3,9,45,1,2,2,US-17,MARKET CENTER BLVD,0,32.82926111,-79.834386110,0,12,1,0,2,2,1,0,1,1,0,1,0,0000000,99,99,99,99,99,99,14,0,0,1,0
45,450429,1,1,0,0,0,1,1,91,2970,2,8,2011,3,15,15,0,4,4,33,WESTWOOD DRIVE,0,34.94698611,-81.050047220,0,1,0,0,2,3,1,0,1,1,0,1,0,0000000,14,59,15,7,15,55,0,0,0,1,0
45,450430,2,2,0,0,0,2,2,63,0,3,8,2011,4,21,9,0,14,3,SR-6,SR-602,142,33.90803611,-81.223597220,0,12,6,0,2,2,1,0,2,1,0,1,0,0000000,99,99,99,99,99,99,0,0,0,1,1
45,450431,2,2,0,0,0,2,2,91,2200,3,8,2011,4,21,37,0,3,3,SR-901,HERLONG AVE,0,34.95159444,-81.062191670,0,12,6,0,2,2,1,0,3,2,0,2,0,0000000,88,88,88,88,88,88,0,0,0,1,0
45,450432,2,2,0,0,0,6,6,77,0,4,8,2011,5,12,25,1,12,2,US-123,,164,34.80355000,-82.623580560,0,12,1,0,1,1,1,0,1,1,0,1,0,0000000,12,28,12,36,13,32,0,0,0,1,0
45,450433,3,3,0,0,0,10,10,27,0,4,8,2011,5,11,55,1,1,1,I-95,,1018,33.50214722,-80.456527780,0,12,1,0,1,1,1,0,1,1,0,1,0,0000000,12,5,12,15,13,4,0,0,0,2,0
45,450434,1,1,0,0,0,2,2,13,0,4,8,2011,5,2,20,0,4,4,70,,18,32.52619167,-80.728655560,0,34,0,0,1,1,5,0,2,1,0,1,0,0000000,99,99,99,99,99,99,0,0,0,1,1
45,450435,2,2,0,0,0,3,3,51,0,4,8,2011,5,12,52,1,12,2,US-17,1240,37,33.62126667,-79.003886110,0,12,6,0,2,2,1,0,1,1,0,1,0,0000000,88,88,88,88,88,88,0,0,0,1,0
45,450436,2,2,0,0,0,2,2,41,0,5,8,2011,6,13,30,0,4,4,24,,36,34.22911944,-79.720016670,0,12,1,0,1,1,1,0,1,1,0,1,0,0000000,13,30,13,43,13,57,0,0,0,1,0
45,450437,2,2,0,0,0,5,5,21,0,5,8,2011,6,23,55,1,1,1,I-85,,846,35.05083333,-81.800594440,0,24,0,0,1,1,4,0,2,1,0,1,0,0000000,99,99,99,99,99,99,0,0,0,1,1
45,450438,3,3,0,0,0,5,5,91,2200,6,8,2011,7,15,47,1,2,2,US-21,,0,34.96214444,-81.003141670,0,12,6,0,8,1,1,0,1,1,0,1,0,0000000,99,99,99,99,99,99,0,0,0,1,0
45,450439,2,2,0,0,0,3,3,7,0,6,8,2011,7,16,2,0,3,3,SR-28,152,89,34.43777778,-82.609633330,0,12,6,0,2,2,1,0,1,1,0,1,0,0000000,88,88,88,88,88,88,0,0,0,2,0