STATE,ST_CASE,VE_TOTAL,VE_FORMS,PVH_INVL,PEDS,PERNOTMVIT,PERMVIT,PERSONS,COUNTY,CITY,DAY,MONTH,YEAR,DAY_WEEK,HOUR,MINUTE,NHS,ROAD_FNC,ROUTE,TWAY_ID,TWAY_ID2,MILEPT,LATITUDE,LONGITUD,SP_JUR,HARM_EV,MAN_COLL,RELJCT1,RELJCT2,TYP_INT,REL_ROAD,WRK_ZONE,LGT_COND,WEATHER1,WEATHER2,WEATHER,SCH_BUS,RAIL,NOT_HOUR,NOT_MIN,ARR_HOUR,ARR_MIN,HOSP_HR,HOSP_MN,CF1,CF2,CF3,FATALS,DRUNK_DR
45,450440,1,1,0,0,0,1,1,45,0,6,8,2011,7,19,15,0,6,6,SCUFFLETOWN,,0,34.76008889,-82.201638890,0,32,0,0,1,1,5,0,1,1,0,1,0,0000000,88,88,88,88,88,88,0,0,0,1,1
45,450441,2,2,0,0,0,2,2,19,1710,7,8,2011,1,21,9,0,3,3,SR-41,,0,32.86834167,-79.801725000,0,12,1,0,1,1,1,0,2,1,0,1,0,0000000,88,88,88,88,88,88,0,0,0,1,1
45,450442,1,1,0,0,0,1,1,75,0,7,8,2011,1,1,0,0,9,4,185,,1,33.52171944,-81.331358330,0,34,0,0,1,1,4,0,2,1,0,1,0,0000000,88,88,88,88,88,88,0,0,0,1,1
45,450443,1,1,0,0,0,1,1,63,0,8,8,2011,2,15,10,0,9,4,37,,18,33.90540000,-81.372472220,0,35,0,0,1,1,4,0,1,1,0,1,0,0000000,15,11,15,13,99,99,0,0,0,1,1
45,450444,2,2,0,0,0,2,2,7,0,9,8,2011,3,23,0,0,14,2,US-178,BROWN RD,138,34.55425000,-82.682075000,0,12,1,0,2,2,1,0,2,1,0,1,0,0000000,23,1,23,6,23,23,0,0,0,1,0
45,450445,1,1,0,0,0,1,1,39,0,10,8,2011,4,13,0,0,4,4,70,,40,34.31745833,-81.192141670,0,32,0,0,1,1,4,0,1,1,0,1,0,0000000,88,88,88,88,88,88,0,0,0,1,1
45,450446,2,2,0,0,0,2,2,51,0,11,8,2011,5,14,0,1,12,2,US-17,MOUNT GILEAD RD,9,33.57883611,-79.022211110,0,12,1,0,2,2,1,0,1,1,0,1,0,0000000,14,5,14,6,14,17,0,0,0,1,0
45,450447,1,1,0,0,0,1,1,73,0,11,8,2011,5,8,25,0,4,4,34,,0,34.68156944,-83.128866670,0,42,0,0,1,1,4,0,1,1,0,1,0,0000000,88,88,88,88,88,88,0,0,0,1,0
45,450448,1,1,0,1,1,1,1,45,1060,12,8,2011,6,23,57,0,13,3,SR-14,,236,34.96446667,-82.234511110,0,8,0,0,1,1,1,0,3,1,0,1,0,0000000,88,88,88,88,88,88,0,0,0,1,0
45,450449,1,1,0,1,1,3,3,45,0,13,8,2011,7,15,45,1,13,2,US-29,,108,34.89093056,-82.347508330,0,8,0,0,1,1,1,0,1,1,0,1,0,0000000,99,99,99,99,99,99,0,0,0,1,0
45,450450,1,1,0,0,0,1,1,43,0,13,8,2011,7,3,35,0,3,2,US-701,,192,33.64631389,-79.173058330,0,52,0,0,1,1,4,0,2,1,0,1,0,0000000,88,88,88,88,88,88,0,0,0,1,1
45,450451,3,3,0,0,0,3,3,63,0,14,8,2011,1,0,53,1,11,1,I-26,,1064,34.05180556,-81.125277780,0,12,2,0,1,1,1,0,2,1,0,1,0,0000000,99,99,99,99,99,99,0,0,0,1,1
45,450452,2,2,0,0,0,2,2,3,0,17,8,2011,4,8,59,1,13,3,SR-19,,165,33.61276111,-81.728325000,0,12,2,0,1,1,1,0,1,1,0,1,0,0000000,9,0,9,7,10,2,0,0,0,1,0
45,450453,1,1,0,1,1,1,1,19,410,17,8,2011,4,21,20,0,4,4,RIVER RD,,0,32.73978333,-80.035527780,0,8,0,0,1,1,1,0,2,1,0,1,0,0000000,99,99,99,99,99,99,0,0,0,1,0
45,450454,2,2,0,0,0,5,5,79,0,17,8,2011,4,16,50,1,1,1,I-20,,0,34.07395556,-80.949969440,0,12,7,0,1,1,1,0,1,1,0,1,0,0000000,99,99,99,99,99,99,0,0,0,1,0
45,450455,1,1,0,1,1,1,1,13,0,18,8,2011,5,20,6,1,2,2,US-21,,87,32.40018333,-80.622955560,0,9,0,0,1,1,1,0,2,1,0,1,0,0000000,20,7,20,13,20,30,0,0,0,1,0
45,450456,1,1,0,0,0,2,2,83,0,18,8,2011,5,12,10,0,9,4,453,,12,34.75236667,-82.028175000,0,42,0,0,1,1,4,0,1,1,0,1,0,0000000,12,34,13,50,14,37,0,0,0,2,1
45,450457,1,1,0,0,0,2,2,15,0,18,8,2011,5,5,35,1,1,1,I-26,,1944,33.06964167,-80.188563890,0,35,0,0,1,1,4,0,2,1,0,1,0,0000000,99,99,99,99,99,99,0,0,0,1,0
45,450458,1,1,0,1,1,4,4,57,0,18,8,2011,5,17,45,0,6,6,LORAINE LANE,,0,34.74510278,-80.655741670,0,8,0,0,1,1,1,0,1,1,0,1,0,0000000,88,88,88,88,88,88,0,0,0,1,0
45,450459,1,1,0,0,0,2,2,53,0,19,8,2011,6,13,45,1,2,2,US-321,,0,32.32699444,-81.090088890,0,42,0,0,1,1,4,0,1,1,0,1,0,0000000,99,99,99,99,99,99,0,0,0,1,0
45,450460,1,1,0,0,0,1,1,51,1730,20,8,2011,7,5,45,1,12,2,US-17,,91,33.69385278,-78.946508330,0,1,0,0,1,1,1,0,4,1,0,1,0,0000000,5,58,6,6,6,22,0,0,0,1,0
45,450461,1,1,0,1,1,1,1,59,0,21,8,2011,1,6,43,0,5,4,46,,136,34.49803333,-81.934833330,0,8,0,0,1,1,1,0,2,1,0,1,0,0000000,88,88,88,88,88,88,0,0,0,1,0
45,450462,1,1,0,0,0,1,1,91,0,21,8,2011,1,2,4,0,4,4,1461,,0,34.93031111,-81.247458330,0,59,0,0,1,1,4,0,2,1,0,1,0,0000000,88,88,88,88,88,88,0,0,0,1,1
45,450463,1,1,0,0,0,1,1,83,0,22,8,2011,2,20,58,0,3,3,SR-150,,0,34.82926944,-81.794627780,0,35,0,0,1,1,4,0,2,1,0,1,0,0000000,99,99,99,99,99,99,0,0,0,1,1
45,450464,2,2,0,0,0,3,3,63,2790,22,8,2011,2,23,56,1,11,1,I-26,,1097,34.01435556,-81.108027780,0,12,1,0,1,1,1,0,2,1,0,1,0,0000000,88,88,88,88,88,88,0,0,0,1,1
45,450465,2,2,0,0,0,3,3,79,880,25,8,2011,5,12,0,0,4,4,131,,0,34.05379722,-80.946922220,0,12,7,0,1,1,1,0,1,1,0,1,0,0000000,11,51,12,5,12,30,0,0,0,1,0
45,450466,1,1,0,0,0,1,1,79,0,27,8,2011,7,15,53,0,15,4,126,,8,34.03946667,-81.059188890,0,34,0,0,1,1,4,0,1,1,0,1,0,0000000,99,99,99,99,99,99,0,0,0,1,1
45,450467,2,2,0,0,0,4,4,17,0,27,8,2011,7,3,15,0,3,3,SR-267,129,7,33.64978056,-80.600811110,0,12,6,0,2,2,1,0,2,1,0,1,0,0000000,99,99,99,99,99,99,0,0,0,1,0
45,450468,2,2,0,0,0,4,4,73,2810,27,8,2011,7,12,30,1,2,2,US-123,,0,34.66406389,-83.095608330,0,12,2,0,1,1,1,0,1,1,0,1,0,0000000,99,99,99,99,99,99,0,0,0,1,0
45,450469,1,1,0,1,1,3,3,63,0,27,8,2011,7,1,35,1,2,2,US-178,,263,33.72826667,-81.216172220,0,8,0,0,1,1,1,0,2,1,0,1,0,0000000,88,88,88,88,88,88,0,0,0,1,0
45,450470,1,1,0,1,1,1,1,41,0,28,8,2011,1,3,0,0,4,4,107,,0,34.15002778,-79.818119440,0,8,0,0,1,1,1,0,2,1,0,1,0,0000000,88,88,88,88,88,88,0,0,0,1,0
45,450471,1,1,0,0,0,1,1,21,0,28,8,2011,1,21,0,0,4,4,223,,0,35.12626111,-81.446627780,0,34,0,0,1,1,4,0,2,1,0,1,0,0000000,99,99,99,99,99,99,0,0,0,1,1
45,450472,1,1,0,0,0,1,1,7,0,28,8,2011,1,23,36,0,4,4,115,300,42,34.65068611,-82.713961110,0,34,0,0,2,3,4,0,2,1,0,1,0,0000000,88,88,88,88,88,88,0,0,0,1,0
45,450473,1,1,0,0,0,1,1,81,0,29,8,2011,2,23,17,0,9,4,150,26,16,33.94428611,-81.583227780,0,1,0,0,2,3,4,0,2,1,0,1,0,0000000,88,88,88,88,88,88,0,0,0,1,1
45,450474,1,1,0,0,0,2,2,63,370,29,8,2011,2,5,40,1,11,1,I-77,,0,33.92983056,-81.053866670,0,1,0,0,1,1,3,0,2,1,0,1,0,0000000,99,99,99,99,99,99,0,0,0,1,1
45,450475,1,1,0,0,0,4,4,73,0,30,8,2011,3,22,45,0,4,4,196,,60,34.82789444,-83.208002780,0,5,0,0,1,1,1,0,2,1,0,1,0,0000000,88,88,88,88,88,88,0,0,0,1,0
45,450476,2,2,0,0,0,2,2,45,0,31,8,2011,4,9,20,1,2,2,US-29,WOOD RIVER WAY,0,34.92658056,-82.301802780,0,12,6,0,2,2,1,0,1,1,0,1,0,0000000,9,25,9,30,10,10,0,0,0,1,0
45,450477,1,1,0,0,0,1,1,59,0,31,8,2011,4,0,45,0,3,3,SR-252,,0,34.42981389,-82.219705560,0,42,0,0,1,1,4,0,2,1,0,1,0,0000000,88,88,88,88,88,88,0,0,0,1,1
45,450478,1,1,0,0,0,1,1,81,0,16,7,2011,7,18,0,0,5,4,400,,289,34.06833889,-81.516280560,0,34,0,0,1,1,5,0,1,1,0,1,0,0000000,18,5,18,26,18,44,0,0,0,1,1
45,450479,1,1,0,0,0,2,2,1,0,29,5,2011,1,14,45,0,3,3,SR-203,,0,34.20676389,-82.366819440,0,42,0,0,1,1,4,0,1,1,0,1,0,0000000,99,99,99,99,99,99,0,0,0,1,0
45,450480,1,1,0,0,0,5,5,29,0,21,7,2011,5,7,29,0,4,3,SR-641,,34,33.02787778,-81.016744440,0,34,0,0,1,1,4,0,1,1,0,1,0,0000000,99,99,99,99,99,99,0,0,0,1,0
45,450481,1,1,0,0,0,1,1,37,0,22,7,2011,6,11,30,0,9,4,174,,15,33.60257500,-81.983241670,0,53,0,0,1,1,4,0,1,1,0,1,0,0000000,99,99,99,99,99,99,0,0,0,1,1
45,450482,2,2,0,0,0,2,2,19,410,24,7,2011,1,0,1,1,1,1,I-26,,0,32.80617778,-79.948625000,0,12,2,0,1,1,1,0,3,1,0,1,0,0000000,0,2,0,11,0,22,0,0,0,1,1
45,450483,1,1,0,0,0,2,2,71,0,1,8,2011,2,14,45,1,1,1,I-26,,7,34.28030556,-81.524863890,0,1,0,0,1,1,3,0,1,1,0,1,0,0000000,14,54,15,3,15,53,0,0,0,1,0
45,450484,1,1,0,0,0,3,3,47,0,20,8,2011,7,3,55,0,4,4,535,,0,34.23248889,-82.038988890,0,34,0,0,1,1,4,0,2,10,0,10,0,0000000,5,18,5,31,6,18,0,0,0,1,1
45,450485,1,1,0,0,0,1,1,41,0,1,8,2011,2,21,45,0,4,4,403,,141,34.04874722,-79.946822220,0,11,0,0,1,1,1,0,2,1,0,1,0,0000000,99,99,99,99,99,99,0,0,0,1,0
45,450486,1,1,0,1,1,3,3,11,0,5,8,2011,6,21,30,0,3,3,SR-39,,100,33.45396667,-81.353244440,0,9,0,0,1,1,1,0,2,1,0,1,0,0000000,12,12,12,16,12,42,0,0,0,1,0
45,450487,2,2,0,0,0,4,4,27,0,15,8,2011,2,15,52,1,2,2,US-521,,0,33.63656111,-80.069347220,0,12,2,0,1,1,1,0,1,1,0,1,0,0000000,99,99,99,99,99,99,0,0,0,3,0
45,450488,2,2,0,0,0,2,2,61,0,15,8,2011,2,18,6,0,4,3,SR-34,31,4,34.21680556,-80.422755560,0,12,2,0,2,4,1,0,1,1,0,1,0,0000000,88,88,88,88,88,88,0,0,0,1,0
45,450489,2,2,0,0,0,5,5,55,0,25,8,2011,5,18,0,1,1,1,I-20,,977,34.21854444,-80.623383330,0,23,0,0,1,1,3,0,1,1,0,1,0,0000000,99,99,99,99,99,99,0,0,0,1,0
45,450490,1,1,0,0,0,1,1,45,0,1,9,2011,5,12,18,0,4,4,869,,99999,34.98985556,-82.438402780,0,38,0,0,1,1,4,0,1,1,0,1,0,0000000,99,99,99,99,99,99,0,0,0,1,0
45,450492,1,1,0,0,0,1,1,19,1805,1,9,2011,5,23,13,1,11,1,I-26,,2135,32.86971111,-80.009736110,0,33,0,1,5,1,4,0,3,1,0,1,0,0000000,23,13,23,17,23,38,0,0,0,1,0
45,450493,2,1,1,1,1,4,4,71,0,2,9,2011,6,23,35,1,1,1,I-26,,662,34.42585000,-81.723388890,0,8,0,0,1,1,1,0,2,2,0,2,0,0000000,99,99,99,99,99,99,23,0,0,1,0
45,450494,2,2,0,0,0,2,2,41,0,2,9,2011,6,14,25,1,2,2,US-52,,128,34.01759444,-79.751344440,0,12,1,0,8,1,1,0,1,1,0,1,0,0000000,15,16,15,16,16,9,0,0,0,1,1
45,450495,2,2,0,0,0,2,2,35,0,2,9,2011,6,9,20,1,13,2,US-78,,315,33.05309722,-80.235772220,0,12,2,0,1,1,1,0,1,1,0,1,0,0000000,88,88,88,88,88,88,0,0,0,1,0
45,450496,1,1,0,0,0,2,2,39,0,2,9,2011,6,9,32,1,1,1,I-77,,321,34.29055278,-80.997261110,0,1,0,0,1,1,1,0,1,1,0,1,0,0000000,99,99,99,99,99,99,0,0,0,1,0
45,450497,1,1,0,0,0,4,4,15,0,2,9,2011,6,1,55,0,15,4,250,490,10,32.98083889,-80.011583330,0,42,0,0,2,3,5,0,3,1,0,1,0,0000000,99,99,99,99,99,99,0,0,0,1,1
45,450498,1,1,0,1,1,1,1,15,0,3,9,2011,7,20,14,1,13,4,29,,46,32.97169444,-80.017847220,0,8,0,0,1,1,1,0,5,1,0,1,0,0000000,88,88,88,88,88,88,0,0,0,1,0
45,450499,1,1,0,0,0,1,1,63,0,3,9,2011,7,13,40,0,5,4,73,,10,33.78774444,-81.218963890,0,30,0,0,1,1,4,0,1,1,0,1,0,0000000,88,88,88,88,88,88,0,0,0,1,1
45,450500,1,1,0,0,0,3,3,73,0,4,9,2011,1,15,15,0,3,2,US-76,,47,34.77383889,-83.258858330,0,42,0,0,1,1,4,0,1,1,0,1,0,0000000,99,99,99,99,99,99,0,0,0,1,0
45,450501,1,1,0,0,0,3,3,31,0,5,9,2011,2,19,50,0,9,4,68,,24,34.32922500,-79.860563890,0,34,0,0,1,1,4,0,2,10,0,10,0,0000000,99,99,99,99,99,99,0,0,0,2,1
45,450502,2,2,0,0,0,2,2,51,0,6,9,2011,3,18,20,0,3,3,SR-9,,0,34.19604444,-79.078088890,0,12,2,0,8,1,1,0,1,10,0,10,0,0000000,18,21,18,42,19,15,0,0,0,1,0
45,450503,1,1,0,0,0,2,2,15,0,6,9,2011,3,0,18,1,1,1,I-26,,1873,33.12788333,-80.290919440,0,42,0,0,1,1,5,0,2,10,0,10,0,0000000,99,99,99,99,99,99,0,0,0,1,0
45,450504,2,2,0,0,0,2,2,41,0,6,9,2011,3,13,50,0,4,4,57,,115,34.11681389,-79.597105560,0,12,2,0,1,1,1,0,1,1,0,1,0,0000000,99,99,99,99,99,99,0,0,0,1,0
45,450505,2,2,0,0,0,5,5,53,0,9,9,2011,6,22,17,0,3,3,SR-462,,0,32.41279167,-80.900916670,0,12,2,0,1,1,1,0,2,1,0,1,0,0000000,99,99,99,99,99,99,0,0,0,3,0
45,450506,1,1,0,0,0,1,1,35,0,9,9,2011,6,22,0,0,9,4,176,371,2,33.26413333,-80.561027780,0,42,0,0,3,3,4,0,2,1,0,1,0,0000000,22,5,22,14,22,59,0,0,0,1,1
45,450507,1,1,0,0,0,1,1,63,0,9,9,2011,6,7,45,0,5,4,774,,84,33.87009444,-81.380497220,0,34,0,0,1,1,4,0,1,1,0,1,0,0000000,7,47,7,57,8,15,0,0,0,1,0
45,450508,1,1,0,0,0,1,1,59,0,9,9,2011,6,9,38,0,9,4,41,,18,34.45196944,-82.031950000,0,35,0,0,1,1,4,0,1,1,0,1,0,0000000,9,42,9,47,10,19,0,0,0,1,0
45,450509,1,1,0,0,0,1,1,91,0,10,9,2011,7,2,15,0,3,3,SR-557,,57,35.12194444,-81.105022220,0,35,0,0,1,1,4,0,2,1,0,1,0,0000000,88,88,88,88,88,88,0,0,0,1,1
45,450510,1,1,0,0,0,2,2,3,0,10,9,2011,7,1,40,0,4,4,723,,9,33.37651944,-81.851836110,0,53,0,0,1,1,4,0,2,1,0,1,0,0000000,99,99,99,99,99,99,0,0,0,1,1
45,450511,1,1,0,0,0,1,1,47,0,11,9,2011,1,2,20,1,2,2,US-25,,131,34.10842778,-82.105122220,0,34,0,0,1,1,4,0,2,1,0,1,0,0000000,88,88,88,88,88,88,0,0,0,1,1
45,450512,1,1,0,0,0,1,1,3,0,11,9,2011,1,18,13,0,4,4,25,,75,33.77743611,-81.676655560,0,34,0,0,1,1,4,0,1,1,0,1,0,0000000,88,88,88,88,88,88,0,0,0,1,0
45,450513,1,1,0,0,0,2,2,45,0,11,9,2011,1,1,5,1,13,2,US-25,MOTOR BOAT CLUB RD,308,34.88571944,-82.469172220,0,33,0,0,3,3,3,0,2,1,0,1,0,0000000,88,88,88,88,88,88,0,0,0,2,1
45,450514,1,1,0,0,0,8,8,53,0,11,9,2011,1,7,5,1,1,1,I-95,,298,32.59151389,-80.920530560,0,1,0,0,1,1,1,0,1,1,0,1,0,0000000,99,99,99,99,99,99,0,0,0,1,0
45,450515,2,2,0,1,1,1,1,83,0,12,9,2011,2,20,36,1,11,1,I-85,,748,35.01291667,-81.905177780,0,12,1,0,1,1,1,0,2,1,0,1,0,0000000,20,38,20,47,21,14,23,0,0,1,0
45,450516,2,2,0,0,0,3,3,83,0,12,9,2011,2,18,40,0,5,5,FLOYD ROAD EXT,,0,34.97993889,-81.902947220,0,12,2,0,1,1,1,0,1,1,0,1,0,0000000,99,99,99,99,99,99,0,0,0,1,1
45,450517,1,1,0,1,1,0,0,91,900,13,9,2011,3,23,30,0,6,6,MARSHALL STREET,,0,35.01636111,-80.936922220,0,8,0,0,1,1,1,0,2,1,0,1,0,0000000,88,88,88,88,88,88,23,0,0,1,0
45,450518,2,2,0,0,0,2,2,61,0,13,9,2011,3,7,42,0,4,3,SR-441,108,46,34.13638889,-80.335163890,0,12,6,0,2,2,1,0,4,5,0,5,0,0000000,99,99,99,99,99,99,0,0,0,1,0
45,450519,1,1,0,0,0,2,2,3,1800,13,9,2011,3,0,1,1,11,1,I-520,,0,33.56700278,-81.926250000,0,31,0,1,5,1,4,0,2,1,0,1,0,0000000,88,88,88,88,88,88,0,0,0,2,1
45,450520,2,2,0,0,0,2,2,51,0,13,9,2011,3,7,45,0,4,4,65,,0,33.89307500,-79.031566670,0,12,2,0,1,1,1,0,1,1,0,1,0,0000000,99,99,99,99,99,99,0,0,0,1,0
45,450521,1,1,0,0,0,1,1,51,0,14,9,2011,4,0,24,0,3,3,SR-9,,0,34.12903611,-78.987663890,0,34,0,0,1,1,4,0,2,1,0,1,0,0000000,0,24,0,30,0,53,20,0,0,1,1
45,450522,1,1,0,0,0,1,1,21,0,14,9,2011,4,6,30,1,1,1,I-85,,865,35.06274167,-81.775275000,0,38,0,0,1,1,4,0,2,1,0,1,0,0000000,6,40,6,49,7,7,0,0,0,1,0
45,450523,1,1,0,0,0,2,2,59,0,15,9,2011,5,5,45,0,3,3,SR-127,,29,34.48731667,-81.991094440,0,42,0,0,1,1,4,0,2,1,0,1,0,0000000,5,46,5,53,99,99,0,0,0,2,1
45,450524,1,1,0,1,1,1,1,45,0,17,9,2011,7,2,55,1,1,1,I-85,,524,34.85290278,-82.275066670,0,8,0,0,1,1,1,0,2,1,0,1,0,0000000,88,88,88,88,88,88,0,0,0,1,0
45,450525,1,1,0,0,0,1,1,7,0,17,9,2011,7,17,18,0,6,6,AIRLINE RD,,0,34.45494444,-82.639502780,0,53,0,0,8,1,4,0,1,1,0,1,0,0000000,17,18,17,23,17,40,0,0,0,1,1
45,450526,1,1,0,0,0,3,3,51,0,18,9,2011,1,20,0,1,2,3,SR-22,,0,33.92886944,-79.132761110,0,57,0,0,1,1,3,0,2,1,0,1,0,0000000,20,7,20,27,99,99,0,0,0,1,0
45,450527,1,1,0,0,0,1,1,45,0,18,9,2011,1,22,35,1,2,2,US-25,,0,34.99076944,-82.419519440,0,42,0,0,1,1,3,0,2,10,0,10,0,0000000,88,88,88,88,88,88,0,0,0,1,0
45,450528,1,1,0,0,0,1,1,85,0,19,9,2011,2,2,55,0,4,4,92,,21,34.02901111,-80.387005560,0,1,0,0,1,1,4,0,2,10,0,10,0,0000000,3,7,3,15,99,99,0,0,0,1,1
45,450529,1,1,0,0,0,1,1,45,1040,20,9,2011,3,18,44,1,11,1,I-385,,402,34.85776389,-82.356219440,0,26,0,0,1,1,4,0,5,1,0,1,0,0000000,18,44,18,52,19,30,0,0,0,1,0
45,450530,1,1,0,0,0,2,2,55,0,21,9,2011,4,18,2,0,4,4,132,,10,34.27115556,-80.583986110,0,1,0,0,1,1,4,0,1,2,0,2,0,0000000,99,99,99,99,99,99,0,0,0,1,0
45,450531,1,1,0,1,1,1,1,83,0,21,9,2011,4,16,26,0,3,3,SR-295,,0,34.90412778,-81.820163890,0,9,0,0,1,1,4,0,1,1,0,1,0,0000000,88,88,88,88,88,88,0,0,0,1,0
45,450532,1,1,0,0,0,1,1,7,40,18,9,2011,1,19,16,0,6,6,HUNT STREET,,0,34.47097222,-82.653108330,0,34,0,0,1,1,4,0,1,1,0,1,0,0000000,19,28,19,32,20,10,20,0,0,1,1
45,450533,2,2,0,0,0,2,2,83,0,22,9,2011,5,17,40,0,3,3,SR-56,WHITE AVE,0,34.97906111,-81.965561110,0,12,6,0,2,3,1,0,1,1,0,1,0,0000000,18,58,19,2,19,40,0,0,0,1,0
45,450534,2,2,0,0,0,3,3,19,1805,23,9,2011,6,14,0,1,2,2,US-52,BEAUFORT AVE,0,32.86971111,-79.992958330,0,12,6,0,2,3,1,0,1,10,0,10,0,0000000,88,88,88,88,88,88,0,0,0,1,1
45,450535,1,1,0,1,1,4,4,3,0,23,9,2011,6,20,20,1,2,3,SR-19,,210,33.67956944,-81.762355560,0,8,0,0,8,1,1,0,2,1,0,1,0,0000000,20,10,20,26,20,57,0,0,0,1,0
45,450536,1,1,0,0,0,1,1,37,0,23,9,2011,6,18,26,0,3,2,US-378,,90,33.93121944,-81.985861110,0,35,0,0,1,1,4,0,1,1,0,1,0,0000000,88,88,88,88,88,88,0,0,0,1,1
45,450537,1,1,0,0,0,1,1,3,20,10,9,2011,7,10,48,0,3,3,SR-118,,0,33.57780000,-81.706911110,0,1,0,0,1,1,1,0,1,1,0,1,0,0000000,10,48,10,56,11,25,0,0,0,1,0
45,450538,1,1,0,0,0,1,1,69,0,25,9,2011,1,10,5,0,9,4,689,,3,34.72489444,-79.849491670,0,34,0,0,1,1,4,0,1,1,0,1,0,0000000,99,99,99,99,99,99,0,0,0,1,0
45,450539,1,1,0,1,1,1,1,51,1825,25,9,2011,1,20,47,1,2,2,US-17,VEREEN RD,0,33.83716389,-78.668461110,0,8,0,0,2,2,1,0,2,1,0,1,0,0000000,99,99,99,99,99,99,0,0,0,1,0
45,450540,2,2,0,0,0,3,3,43,0,25,9,2011,1,13,55,1,2,2,US-17,JETTY DRIVE,283,33.51356111,-79.073366670,0,12,6,0,2,4,1,0,1,1,0,1,0,0000000,14,2,14,9,14,52,0,0,0,1,0
45,450541,2,2,0,0,0,2,2,85,0,27,9,2011,3,8,55,1,13,2,US-521,FRIERSON RD,193,34.01076389,-80.438288890,0,12,6,0,2,2,1,0,1,10,0,10,0,0000000,8,52,8,56,99,99,0,0,0,1,0
45,450542,2,2,0,0,0,3,3,29,0,27,9,2011,3,8,17,0,3,3,SR-64,,283,32.88117222,-80.618619440,0,12,2,0,1,1,1,0,1,1,0,1,0,0000000,8,4,8,13,8,30,0,0,0,1,0
45,450543,1,1,0,1,1,3,3,51,0,29,9,2011,5,19,30,1,2,2,US-17,,0,33.63963333,-78.949727780,0,8,0,0,1,1,1,0,3,1,0,1,0,0000000,88,88,88,88,88,88,0,0,0,1,0
45,450544,1,1,0,1,1,1,1,79,0,29,9,2011,5,23,0,0,4,4,1436,,0,34.14114722,-81.014300000,0,8,0,0,1,1,1,0,2,1,0,1,0,0000000,88,88,88,88,88,88,0,0,0,1,0
45,450545,1,1,0,1,1,3,3,57,0,29,9,2011,5,15,47,0,4,3,SR-522,,215,34.76164167,-80.629691670,0,8,0,0,1,1,1,0,1,1,0,1,0,0000000,88,88,88,88,88,88,21,0,0,1,0
45,450546,2,2,0,0,0,3,3,85,0,29,9,2011,5,7,40,0,3,2,US-15,251,41,33.82903611,-80.374002780,0,12,6,0,2,3,1,0,1,1,0,1,0,0000000,99,99,99,99,99,99,0,0,0,1,0
45,450547,2,2,0,0,0,2,2,47,0,30,9,2011,6,16,30,0,9,4,95,398,52,34.31139722,-82.197388890,0,12,6,0,2,2,1,0,1,1,0,1,0,0000000,16,34,16,44,99,99,0,0,0,1,0
45,450548,2,2,0,0,0,3,3,7,0,30,9,2011,6,13,15,1,2,2,US-76,58,52,34.59499167,-82.749752780,0,12,6,0,2,2,1,0,1,1,0,1,0,0000000,99,99,99,99,99,99,0,0,0,1,0
45,450549,2,2,0,1,1,1,1,83,0,1,9,2011,5,15,19,0,3,3,SR-101,,0,34.83494167,-82.144775000,0,12,6,0,8,1,1,0,1,1,0,1,0,0000000,16,0,17,34,18,16,23,0,0,1,0
45,450550,2,2,0,0,0,2,2,45,2380,26,9,2011,2,0,35,1,11,1,I-385,,288,34.73805000,-82.272836110,0,12,7,0,1,1,1,0,2,1,0,1,0,0000000,99,99,99,99,99,99,0,0,0,1,2
45,450551,1,1,0,1,1,1,1,7,0,30,9,2011,6,22,17,0,6,6,BROWN RD,,0,34.58071944,-82.655383330,0,8,0,0,1,1,1,0,2,1,0,1,0,0000000,22,20,22,23,22,45,0,0,0,1,1
45,450552,3,3,0,0,0,4,4,63,1430,13,9,2011,3,18,0,1,2,2,US-1,,0,33.98340278,-81.255869440,0,12,8,0,1,1,1,0,1,1,0,1,0,0000000,99,99,99,99,99,99,0,0,0,1,0
45,450553,2,2,0,2,2,1,1,53,0,1,10,2011,7,12,0,1,1,1,I-95,,283,32.57260278,-80.936708330,0,12,1,0,1,1,2,0,1,1,0,1,0,0000000,99,99,99,99,99,99,23,0,0,2,0
45,450554,1,1,0,1,1,1,1,63,0,1,10,2011,7,23,15,0,4,4,34,,45,33.86909722,-81.395858330,0,8,0,0,1,1,1,0,2,1,0,1,0,0000000,99,99,99,99,99,99,0,0,0,1,0
45,450555,1,1,0,0,0,5,5,83,0,1,10,2011,7,7,11,1,11,1,I-85,,753,35.01260000,-81.906338890,0,57,0,0,1,1,3,0,4,1,0,1,0,0000000,8,24,8,45,9,1,0,0,0,1,0
45,450556,3,3,0,0,0,5,5,79,0,6,4,2011,4,10,25,0,4,4,WILKES RD,ROSEBUD DRIVE,3,34.06680833,-81.000052780,0,12,1,1,2,3,1,0,1,1,0,1,0,0000000,10,33,10,45,11,29,0,0,0,1,0
45,450557,2,2,0,0,0,5,5,81,0,2,5,2011,2,7,33,0,4,3,SR-194,44,848,34.08884722,-81.669358330,0,12,6,1,2,2,1,0,1,1,0,1,0,0000000,99,99,99,99,99,99,0,0,0,2,0
45,450558,2,2,0,0,0,2,2,59,0,6,6,2011,2,5,0,0,3,3,SR-252,HOOD CREEK ROAD,73,34.46446111,-82.177733330,0,12,6,1,2,2,1,0,2,1,0,1,0,0000000,99,99,99,99,99,99,0,0,0,1,0
45,450559,4,4,0,0,0,5,5,7,0,30,7,2011,7,11,24,1,11,1,I-85,,227,34.59255556,-82.667655560,0,12,6,0,1,1,1,0,1,1,0,1,0,0000000,11,25,11,37,99,99,0,0,0,3,0
45,450560,1,1,0,0,0,2,2,63,0,30,7,2011,7,20,40,1,2,2,US-378,1189,27,34.02157778,-81.452894440,0,35,0,0,1,1,4,0,5,1,0,1,0,0000000,88,88,88,88,88,88,0,0,0,1,0