STATE,ST_CASE,VE_TOTAL,VE_FORMS,PVH_INVL,PEDS,PERNOTMVIT,PERMVIT,PERSONS,COUNTY,CITY,DAY,MONTH,YEAR,DAY_WEEK,HOUR,MINUTE,NHS,ROAD_FNC,ROUTE,TWAY_ID,TWAY_ID2,MILEPT,LATITUDE,LONGITUD,SP_JUR,HARM_EV,MAN_COLL,RELJCT1,RELJCT2,TYP_INT,REL_ROAD,WRK_ZONE,LGT_COND,WEATHER1,WEATHER2,WEATHER,SCH_BUS,RAIL,NOT_HOUR,NOT_MIN,ARR_HOUR,ARR_MIN,HOSP_HR,HOSP_MN,CF1,CF2,CF3,FATALS,DRUNK_DR
45,450561,3,3,0,0,0,3,3,15,0,3,8,2011,4,22,30,0,4,4,1258,,42,33.00312222,-80.099044440,0,12,1,0,1,1,1,0,2,1,0,1,0,0000000,88,88,88,88,88,88,0,0,0,1,2
45,450562,1,1,0,0,0,6,6,9,0,5,8,2011,6,12,10,0,4,4,49,,0,33.34010000,-81.056872220,0,1,0,0,1,1,1,0,1,1,0,1,0,0000000,99,99,99,99,99,99,0,0,0,2,0
45,450563,2,2,0,0,0,4,4,83,0,12,8,2011,6,22,57,1,2,2,US-221,,0,35.05420556,-81.885608330,0,12,1,0,1,1,1,0,3,1,0,1,0,0000000,99,99,99,99,99,99,0,0,0,1,1
45,450564,2,2,0,0,0,2,2,63,0,15,9,2011,5,20,40,0,13,2,US-1,,250,33.97432778,-81.159483330,0,12,6,0,8,1,1,0,3,2,0,2,0,0000000,99,99,99,99,99,99,0,0,0,1,1
45,450565,1,1,0,0,0,4,4,63,0,2,10,2011,1,0,20,0,4,4,73,,0,33.86407222,-81.133819440,0,1,0,0,1,1,4,0,2,1,0,1,0,0000000,0,19,1,23,99,99,0,0,0,1,0
45,450566,1,1,0,0,0,1,1,57,0,2,10,2011,1,14,25,0,4,4,42,,0,35.02574444,-80.886025000,0,1,0,0,1,1,4,0,1,1,0,1,0,0000000,88,88,88,88,88,88,0,0,0,1,1
45,450567,1,1,0,0,0,1,1,29,0,4,10,2011,3,9,15,1,1,1,I-95,,474,32.78601111,-80.783544440,0,57,0,0,1,1,3,0,1,1,0,1,0,0000000,88,88,88,88,88,88,0,0,0,1,0
45,450568,1,1,0,0,0,1,1,13,0,5,10,2011,4,14,10,0,4,4,45,,67,32.36383333,-80.589780560,0,42,0,0,1,1,4,0,1,1,0,1,0,0000000,88,88,88,88,88,88,0,0,0,1,0
45,450569,1,1,0,0,0,1,1,17,0,5,10,2011,4,14,15,0,4,4,353,,0,33.80796389,-80.948380560,0,35,0,0,1,1,4,0,1,1,0,1,0,0000000,88,88,88,88,88,88,0,0,0,1,1
45,450570,1,1,0,0,0,1,1,3,0,5,10,2011,4,17,40,0,3,3,SR-39,,0,33.59167222,-81.299813890,0,1,0,0,1,1,4,0,1,1,0,1,0,0000000,88,88,88,88,88,88,0,0,0,1,0
45,450571,1,1,0,0,0,2,2,31,0,6,10,2011,5,15,20,0,2,3,SR-34,,141,34.29750000,-79.905838890,0,19,0,0,1,1,4,0,1,1,0,1,0,0000000,15,26,15,28,16,9,0,0,0,1,0
45,450572,1,1,0,0,0,5,5,3,0,7,10,2011,6,14,25,1,1,1,I-20,,360,33.78981111,-81.477400000,0,1,0,0,1,1,4,0,1,1,0,1,0,0000000,99,99,99,99,99,99,0,0,0,1,0
45,450573,1,1,0,1,1,1,1,75,0,7,10,2011,6,6,40,0,4,4,90,,101,33.47014722,-80.884566670,0,8,0,0,1,1,1,0,2,1,0,1,0,0000000,88,88,88,88,88,88,0,0,0,1,0
45,450574,3,3,0,0,0,5,5,1,0,8,10,2011,7,16,44,0,3,3,SR-28,SR-71,98,34.18763056,-82.405958330,0,12,6,0,2,2,1,0,1,1,0,1,0,0000000,99,99,99,99,99,99,0,0,0,1,0
45,450575,1,1,0,0,0,1,1,51,0,8,10,2011,7,5,30,0,4,4,638,,0,33.86318056,-78.752833330,0,42,0,0,1,1,4,0,2,1,0,1,0,0000000,88,88,88,88,88,88,0,0,0,1,1
45,450576,1,1,0,0,0,1,1,73,0,8,10,2011,7,22,40,0,4,4,34,,0,34.66205278,-83.162169440,0,32,0,0,1,1,4,0,2,1,0,1,0,0000000,22,44,22,58,23,21,0,0,0,1,1
45,450577,1,1,0,0,0,1,1,3,0,10,10,2011,2,20,15,0,9,4,215,,3,33.44404722,-81.468944440,0,31,0,0,1,1,4,0,2,2,0,2,0,0000000,88,88,88,88,88,88,0,0,0,1,1
45,450578,1,1,0,0,0,1,1,85,0,10,10,2011,2,22,50,0,3,3,SR-261,,93,33.97610833,-80.540427780,0,32,0,0,8,1,4,0,2,2,0,2,0,0000000,88,88,88,88,88,88,0,0,0,1,1
45,450579,1,1,0,0,0,1,1,9,0,10,10,2011,2,14,30,0,5,4,75,,63,33.16726389,-81.065583330,0,42,0,0,1,1,4,0,1,2,0,2,0,0000000,88,88,88,88,88,88,0,0,0,1,1
45,450580,1,1,0,1,1,4,4,79,0,11,10,2011,3,14,40,0,14,4,151,,14,34.05913056,-80.951086110,0,8,0,0,1,1,1,0,1,10,0,10,0,0000000,99,99,99,99,99,99,0,0,0,1,0
45,450581,1,1,0,0,0,1,1,45,0,11,10,2011,3,20,55,0,4,4,68,,0,34.56018889,-82.257900000,0,42,0,0,1,1,4,0,2,2,0,2,0,0000000,88,88,88,88,88,88,0,0,0,1,0
45,450582,1,1,0,0,0,2,2,83,0,11,10,2011,3,18,55,0,4,4,964,,7,34.91401944,-81.990152780,0,53,0,0,1,1,4,0,2,2,0,2,0,0000000,19,22,20,9,99,99,0,0,0,1,0
45,450583,2,2,0,0,0,4,4,53,0,12,10,2011,4,20,10,0,3,2,US-321,US-601,197,32.55321667,-81.168794440,0,12,2,0,2,4,1,0,2,10,0,10,0,0000000,88,88,88,88,88,88,0,0,0,3,2
45,450584,1,1,0,1,1,2,2,79,0,13,10,2011,5,22,0,0,4,4,727,ABBOTT RD,0,33.96749444,-81.001597220,0,8,0,0,2,2,1,0,2,1,0,1,0,0000000,22,9,22,23,22,43,0,0,0,1,0
45,450585,2,2,0,0,0,2,2,19,410,13,10,2011,5,20,38,0,6,6,CORRAL DRIVE,CHUCKWAGON RD,0,32.80253333,-80.086555560,0,12,2,0,1,1,1,0,3,1,0,1,0,0000000,20,34,20,44,20,45,0,0,0,1,1
45,450586,1,1,0,1,1,1,1,41,0,15,10,2011,7,20,25,0,4,4,29,193,0,34.20630000,-79.798808330,0,8,0,0,2,2,1,0,3,1,0,1,0,0000000,20,21,20,31,20,49,0,0,0,1,0
45,450587,2,2,0,0,0,2,2,45,0,15,10,2011,7,20,31,0,15,4,564,,54,34.83564444,-82.280516670,0,12,2,0,1,1,1,0,2,1,0,1,0,0000000,99,99,99,99,99,99,0,0,0,1,0
45,450588,1,1,0,0,0,1,1,3,0,15,10,2011,7,6,35,0,4,4,144,,0,33.62462500,-81.850547220,0,33,0,0,1,1,4,0,2,1,0,1,0,0000000,88,88,88,88,88,88,0,0,0,1,1
45,450589,1,1,0,0,0,2,2,79,0,15,10,2011,7,2,46,0,13,3,SR-215,43,6,34.07459444,-81.062966670,0,53,0,0,2,3,4,0,3,1,0,1,0,0000000,99,99,99,99,99,99,0,0,0,1,1
45,450590,1,1,0,0,0,1,1,73,0,16,10,2011,1,23,50,0,4,4,488,56,80,34.69476667,-82.901802780,0,24,0,0,2,3,4,0,2,1,0,1,0,0000000,88,88,88,88,88,88,0,0,0,1,1
45,450591,1,1,0,1,1,1,1,53,0,16,10,2011,1,23,2,1,1,1,I-95,,51,32.58999722,-80.921988890,0,8,0,0,1,1,1,0,2,1,0,1,0,0000000,88,88,88,88,88,88,0,0,0,1,0
45,450592,1,1,0,0,0,1,1,57,0,17,10,2011,2,16,10,1,2,2,US-521,,261,34.76925556,-80.787147220,0,59,0,0,8,1,3,0,1,1,0,1,0,0000000,88,88,88,88,88,88,0,0,0,1,0
45,450593,1,1,0,0,0,1,1,7,0,20,10,2011,5,18,20,1,2,2,US-29,,0,34.62946389,-82.530927780,0,42,0,0,1,1,3,0,1,1,0,1,0,0000000,99,99,99,99,99,99,0,0,0,1,0
45,450594,1,1,0,0,0,1,1,7,0,20,10,2011,5,12,19,0,4,4,49,,0,34.40439444,-82.641433330,0,34,0,0,1,1,4,0,1,1,0,1,0,0000000,99,99,99,99,99,99,0,0,0,1,0
45,450595,2,2,0,0,0,3,3,3,0,21,10,2011,6,11,39,0,3,3,SR-19,31,0,33.69810000,-81.797375000,0,12,6,0,2,2,1,0,1,1,0,1,0,0000000,99,99,99,99,99,99,0,0,0,1,0
45,450596,2,2,0,0,0,2,2,79,0,21,10,2011,6,3,18,1,11,1,I-20,,816,34.10853611,-80.816847220,0,57,0,0,1,1,4,0,2,1,0,1,0,0000000,88,88,88,88,88,88,0,0,0,1,1
45,450597,1,1,0,0,0,1,1,77,0,23,10,2011,1,2,50,1,2,2,US-123,,113,34.75821944,-82.691730560,0,34,0,0,1,1,4,0,2,1,0,1,0,0000000,99,99,99,99,99,99,0,0,0,1,1
45,450598,2,2,0,0,0,2,2,7,0,21,10,2011,6,10,10,0,4,4,34,,0,34.53035278,-82.705122220,0,12,1,0,8,1,1,0,1,1,0,1,0,0000000,10,7,10,11,10,42,0,0,0,1,0
45,450599,1,1,0,1,1,1,1,19,410,23,10,2011,1,3,15,0,3,3,SR-171,,0,32.70122222,-79.966777780,0,8,0,0,1,1,1,0,2,1,0,1,0,0000000,99,99,99,99,99,99,0,0,0,1,1
45,450600,1,1,0,0,0,1,1,55,0,26,10,2011,4,20,20,0,4,3,SR-12,47,23,34.13347500,-80.744447220,0,42,0,0,2,3,4,0,2,1,0,1,0,0000000,88,88,88,88,88,88,0,0,0,1,1
45,450601,1,1,0,0,0,1,1,75,0,26,10,2011,4,19,42,0,3,3,SR-6,,16,33.54089444,-80.582441670,0,1,0,0,1,1,1,0,2,1,0,1,0,0000000,88,88,88,88,88,88,0,0,0,1,0
45,450602,2,2,0,0,0,3,3,83,0,28,10,2011,6,19,35,0,14,3,SR-296,41,137,34.92084444,-81.991311110,0,12,6,0,2,2,1,0,3,2,0,2,0,0000000,99,99,99,99,99,99,0,0,0,1,1
45,450603,2,2,0,0,0,4,4,73,0,29,10,2011,7,0,35,0,3,3,SR-11,,148,34.70245833,-83.050719440,0,12,1,0,1,1,1,0,2,2,0,2,0,0000000,88,88,88,88,88,88,0,0,0,1,0
45,450604,1,1,0,0,0,2,2,19,1580,9,10,2011,1,20,58,1,2,2,US-17,,649,33.07441111,-79.512869440,0,1,0,0,1,1,3,0,2,2,0,2,0,0000000,99,99,99,99,99,99,0,0,0,1,1
45,450605,1,1,0,0,0,1,1,79,520,12,10,2011,4,5,20,0,3,3,SR-48,107,0,34.00868333,-81.038783330,0,33,0,0,3,2,4,0,3,2,0,2,0,0000000,5,23,5,30,5,50,0,0,0,1,0
45,450606,1,1,0,3,3,2,2,83,0,12,10,2011,4,9,50,1,1,1,I-85,,828,35.04798056,-81.806836110,0,34,0,0,1,1,4,0,1,2,0,2,0,0000000,99,99,99,99,99,99,23,0,0,1,0
45,450607,2,2,0,0,0,2,2,79,520,14,9,2011,4,11,50,0,14,3,SR-16,,19,34.03251111,-81.022161110,0,12,6,0,1,1,1,0,1,1,0,1,0,0000000,99,99,99,99,99,99,0,0,0,1,0
45,450608,1,1,0,0,0,1,1,47,2740,11,10,2011,3,11,15,1,2,2,US-25,,0,34.38428889,-82.224258330,0,24,0,0,1,1,4,0,1,10,0,10,0,0000000,99,99,99,99,99,99,0,0,0,1,1
45,450609,1,1,0,0,0,1,1,11,0,13,10,2011,5,14,10,0,9,4,87,,51,33.42533611,-81.242252780,0,1,0,0,1,1,2,0,1,1,0,1,0,0000000,99,99,99,99,99,99,0,0,0,1,1
45,450610,3,3,0,1,1,4,4,3,0,19,10,2011,4,16,10,0,14,4,87,,57,33.50085833,-81.816336110,0,12,1,0,8,1,1,0,1,1,0,1,0,0000000,16,9,16,18,16,47,0,0,0,1,0
45,450611,1,1,0,0,0,2,2,19,410,9,7,2011,7,20,53,0,6,6,FOLLY RD,,0,32.71110278,-79.964380560,0,42,0,0,1,1,3,0,3,2,0,2,0,0000000,88,88,88,88,88,88,0,0,0,2,1
45,450612,1,1,0,1,1,2,2,51,540,1,9,2011,5,21,40,1,2,2,US-501,,0,33.87294444,-79.104305560,0,8,0,0,1,1,1,0,3,1,0,1,0,0000000,21,46,21,53,22,12,0,0,0,1,0
45,450613,1,1,0,0,0,3,3,75,0,10,10,2011,2,21,20,0,3,3,SR-301,167,260,33.45741389,-80.682183330,0,1,0,0,2,4,2,0,2,2,0,2,0,0000000,99,99,99,99,99,99,0,0,0,1,0
45,450614,2,2,0,0,0,4,4,83,0,15,10,2011,7,0,13,0,4,3,SR-417,,23,34.81485278,-82.120352780,0,12,1,0,1,1,1,0,2,1,0,1,0,0000000,99,99,99,99,99,99,0,0,0,2,1
45,450615,1,1,0,0,0,1,1,51,0,21,10,2011,6,2,25,0,6,6,STILLPOND RD,548,0,33.88801667,-79.075158330,0,34,0,0,2,2,4,0,3,1,0,1,0,0000000,2,25,2,45,3,22,0,0,0,1,0
45,450616,1,1,0,0,0,1,1,63,0,21,10,2011,6,12,35,0,4,4,231,,28,34.13304722,-81.418527780,0,34,0,0,1,1,4,0,1,1,0,1,0,0000000,13,40,13,51,14,38,0,0,0,1,1
45,450617,1,1,0,0,0,1,1,37,0,22,10,2011,7,11,10,0,3,3,SR-121,,156,33.78621667,-81.831866670,0,35,0,0,1,1,4,0,1,1,0,1,0,0000000,88,88,88,88,88,88,0,0,0,1,1
45,450618,2,2,0,0,0,2,2,57,0,22,10,2011,7,21,40,0,3,2,US-521,SR-160,434,35.00160833,-80.855658330,0,12,6,0,2,2,1,0,2,1,0,1,0,0000000,99,99,99,99,99,99,0,0,0,1,0
45,450619,1,1,0,1,1,1,1,53,0,26,10,2011,4,6,30,0,3,3,SR-462,,303,32.42650556,-80.896702780,0,8,0,0,1,1,1,0,2,1,0,1,0,0000000,99,99,99,99,99,99,0,0,0,1,0
45,450620,2,2,0,0,0,2,2,51,0,27,10,2011,5,13,20,0,4,4,57,,0,33.87719722,-78.697361110,0,12,6,0,8,1,1,0,1,1,0,1,0,0000000,13,25,13,41,13,55,0,0,0,1,1
45,450621,1,1,0,0,0,1,1,15,0,27,10,2011,5,12,28,1,11,1,I-26,,1979,33.05996111,-80.173686110,0,42,0,0,1,1,3,0,1,1,0,1,0,0000000,88,88,88,88,88,88,0,0,0,1,0
45,450622,1,1,0,0,0,1,1,45,0,28,10,2011,6,18,50,0,4,4,518,,0,34.77838333,-82.366319440,0,42,0,0,1,1,4,0,3,2,0,2,0,0000000,88,88,88,88,88,88,0,0,0,1,0
45,450623,1,1,0,0,0,1,1,57,0,29,10,2011,7,10,5,0,4,4,123,,119,34.68041389,-80.497227780,0,30,0,0,1,1,4,0,1,1,0,1,0,0000000,99,99,99,99,99,99,0,0,0,1,0
45,450624,1,1,0,0,0,3,3,39,0,29,10,2011,7,21,25,1,2,2,US-321,,0,34.45905278,-81.120791670,0,1,0,0,1,1,3,0,2,1,0,1,0,0000000,99,99,99,99,99,99,0,0,0,1,0
45,450625,1,1,0,0,0,2,2,39,0,29,10,2011,7,12,30,0,3,3,SR-200,,80,34.45330556,-81.033552780,0,42,0,0,1,1,4,0,1,1,0,1,0,0000000,99,99,99,99,99,99,0,0,0,1,0
45,450626,1,1,0,0,0,2,2,45,0,29,10,2011,7,0,30,0,4,4,129,,0,35.07364722,-82.374630560,0,35,0,0,1,1,5,0,2,2,0,2,0,0000000,99,99,99,99,99,99,0,0,0,1,1
45,450627,1,1,0,1,1,1,1,19,410,31,10,2011,2,6,55,1,2,2,US-17,,0,32.78476944,-80.002277780,0,8,0,0,1,1,1,0,4,1,0,1,0,0000000,99,99,99,99,99,99,0,0,0,1,0
45,450628,1,1,0,0,0,1,1,61,0,1,11,2011,3,12,0,0,3,3,SR-341,,55,34.29419722,-80.276255560,0,1,0,0,1,1,4,0,1,1,0,1,0,0000000,88,88,88,88,88,88,0,0,0,1,0
45,450629,1,1,0,0,0,3,3,71,0,2,11,2011,4,21,42,0,4,4,58,,91,34.28121667,-81.785313890,0,11,0,0,1,1,1,0,2,1,0,1,0,0000000,99,99,99,99,99,99,0,0,0,3,0
45,450630,2,2,0,0,0,3,3,83,0,4,11,2011,6,7,25,0,4,4,45,PLEASANT VALLEY RD,99999,35.00199167,-81.790100000,0,12,6,0,2,3,1,0,4,2,0,2,0,0000000,9,7,9,30,10,13,0,0,0,1,0
45,450631,1,1,0,0,0,1,1,27,0,4,11,2011,6,1,20,1,1,1,I-95,,1116,33.61916944,-80.306105560,0,42,0,0,1,1,3,0,2,2,0,2,0,0000000,88,88,88,88,88,88,0,0,0,1,0
45,450632,1,1,0,1,1,1,1,83,2460,3,11,2011,5,19,15,0,3,3,SR-56,,99999,34.96696944,-81.949172220,0,9,0,0,1,1,1,0,3,2,0,2,0,0000000,99,99,99,99,99,99,0,0,0,1,0
45,450633,2,2,0,0,0,4,4,7,0,5,11,2011,7,16,40,1,2,2,US-76,48,207,34.48397778,-82.563102780,0,12,6,0,2,2,1,0,1,1,0,1,0,0000000,16,48,16,54,17,17,0,0,0,1,0
45,450634,1,1,0,0,0,3,3,49,0,5,11,2011,7,13,35,0,4,4,17,,99999,32.73729444,-80.984411110,0,1,0,0,1,1,4,0,1,1,0,1,0,0000000,99,99,99,99,99,99,0,0,0,1,1
45,450635,1,1,0,0,0,1,1,49,0,5,11,2011,7,21,30,0,9,4,225,,46,32.76516389,-81.202013890,0,1,0,0,1,1,4,0,2,1,0,1,0,0000000,88,88,88,88,88,88,0,0,0,1,0
45,450636,1,1,0,0,0,1,1,45,0,6,11,2011,1,11,10,0,3,3,SR-253,,99999,34.95955556,-82.348266670,0,42,0,0,1,1,4,0,1,1,0,1,0,0000000,88,88,88,88,88,88,0,0,0,1,0
45,450637,1,1,0,0,0,1,1,57,0,7,11,2011,2,7,40,0,4,4,34,,99999,34.60935278,-80.747002780,0,30,0,0,1,1,4,0,1,1,0,1,0,0000000,99,99,99,99,99,99,0,0,0,1,0
45,450638,2,2,0,0,0,2,2,71,0,8,11,2011,3,15,10,0,4,4,39,,40,34.21969444,-81.905983330,0,12,8,0,1,1,1,0,1,1,0,1,0,0000000,88,88,88,88,88,88,0,0,0,1,0
45,450639,2,2,0,1,1,2,2,79,0,9,11,2011,4,23,50,0,13,2,US-176,,187,34.04808611,-81.103755560,0,8,0,0,1,1,1,0,2,1,0,1,0,0000000,99,99,99,99,99,99,0,0,0,1,0
45,450640,1,1,0,0,0,2,2,51,0,25,10,2011,3,15,28,0,5,5,140,,34,34.12302778,-78.897938890,0,23,0,0,1,1,5,0,1,1,0,1,0,0000000,99,99,99,99,99,99,0,0,0,2,0
45,450641,1,1,0,0,0,1,1,29,0,31,10,2011,2,13,30,0,4,3,SR-303,,10,32.72354722,-80.611491670,0,42,0,0,1,1,4,0,1,1,0,1,0,0000000,99,99,99,99,99,99,0,0,0,1,0
45,450642,1,1,0,1,1,1,1,91,0,3,11,2011,5,3,47,1,2,2,US-321,,0,34.84050000,-81.245569440,0,8,0,0,1,1,1,0,2,1,0,1,0,0000000,88,88,88,88,88,88,0,0,0,1,0
45,450643,1,1,0,0,0,1,1,69,0,9,11,2011,4,5,30,0,9,4,363,,40,34.61213611,-79.498936110,0,42,0,0,1,1,4,0,2,5,0,5,0,0000000,99,99,99,99,99,99,0,0,0,1,0
45,450644,2,2,0,0,0,3,3,19,410,10,11,2011,5,9,20,1,2,2,US-17,,206,32.80350833,-80.115650000,0,12,1,0,1,1,1,0,1,1,0,1,0,0000000,99,99,99,99,99,99,0,0,0,1,0
45,450645,1,1,0,0,0,1,1,45,0,11,11,2011,6,8,20,0,4,4,114,SUDDETH RD,0,35.05915556,-82.299213890,0,34,0,0,3,1,5,0,1,1,0,1,0,0000000,8,22,8,32,9,18,0,0,0,1,1
45,450646,1,1,0,0,0,3,3,59,0,12,11,2011,7,22,5,0,3,3,SR-560,,0,34.31261389,-81.942583330,0,42,0,0,1,1,4,0,2,1,0,1,0,0000000,99,99,99,99,99,99,0,0,0,1,0
45,450647,1,1,0,0,0,1,1,69,0,12,11,2011,7,3,11,0,3,3,SR-9,,125,34.60283333,-79.647450000,0,34,0,0,1,1,5,0,2,1,0,1,0,0000000,88,88,88,88,88,88,0,0,0,1,1
45,450648,1,1,0,0,0,1,1,35,2530,13,11,2011,1,20,47,0,3,3,SR-165,,153,33.02823611,-80.161644440,0,1,0,0,8,1,1,0,2,1,0,1,0,0000000,88,88,88,88,88,88,0,0,0,1,1
45,450649,1,1,0,0,0,2,2,91,0,13,11,2011,1,15,2,0,4,4,167,,0,34.90728333,-81.198200000,0,32,0,0,1,1,4,0,1,1,0,1,0,0000000,99,99,99,99,99,99,0,0,0,1,1
45,450650,2,2,0,1,1,2,2,45,0,17,11,2011,5,17,35,0,3,3,SR-20,,0,34.68916389,-82.451063890,0,8,0,0,1,1,1,0,5,1,0,1,0,0000000,99,99,99,99,99,99,0,0,0,1,0
45,450651,1,1,0,0,0,1,1,45,0,17,11,2011,5,13,50,0,6,6,HENDERSON GAP RD,,0,34.91041389,-82.250588890,0,32,0,0,1,1,5,0,1,1,0,1,0,0000000,13,52,14,0,14,38,0,0,0,1,0
45,450652,1,1,0,0,0,1,1,55,0,18,11,2011,6,23,0,0,9,4,640,,90,34.39086667,-80.727016670,0,34,0,0,1,1,4,0,2,1,0,1,0,0000000,99,99,99,99,99,99,0,0,0,1,1
45,450653,2,2,0,0,0,4,4,51,0,20,11,2011,1,12,43,1,2,2,US-501,VELMA RD,0,33.89408889,-79.126941670,0,12,6,0,2,3,1,0,1,1,0,1,0,0000000,99,99,99,99,99,99,0,0,0,2,0
45,450654,2,2,0,0,0,3,3,51,2555,21,11,2011,2,20,4,1,2,2,US-17,13TH AVE,0,33.83974444,-78.665633330,0,12,6,0,2,3,1,0,3,1,0,1,0,0000000,20,1,20,15,20,38,0,0,0,1,1
45,450655,1,1,0,1,1,1,1,31,600,21,11,2011,2,19,13,1,2,2,US-52,,0,34.28972222,-79.861861110,0,8,0,0,1,1,1,0,2,1,0,1,0,0000000,19,13,19,20,19,39,0,0,0,1,0
45,450656,2,2,0,0,0,3,3,91,0,21,11,2011,2,18,10,0,3,2,US-321,,218,35.09573889,-81.233380560,0,12,6,0,8,1,1,0,2,10,0,10,0,0000000,99,99,99,99,99,99,0,0,0,1,0
45,450657,2,2,0,0,0,2,2,23,0,21,11,2011,2,16,10,0,3,3,SR-9,197,393,34.70849167,-80.878358330,0,12,6,0,2,3,1,0,1,1,0,1,0,0000000,99,99,99,99,99,99,0,0,0,1,0
45,450658,2,2,0,0,0,2,2,41,0,22,11,2011,3,8,15,0,3,3,SR-41,,25,33.82081389,-79.442855560,0,12,6,0,8,1,1,0,1,1,0,1,0,0000000,8,15,8,24,9,20,0,0,0,1,0
45,450659,2,2,0,0,0,2,2,57,0,24,11,2011,5,19,0,0,3,3,SR-97,,0,34.58963889,-80.867750000,0,12,2,0,1,1,1,0,2,1,0,1,0,0000000,88,88,88,88,88,88,0,0,0,1,1
45,450660,1,1,0,0,0,1,1,19,410,26,11,2011,7,0,45,0,4,4,729,,5,32.82575556,-80.048877780,0,42,0,0,1,1,4,0,2,1,0,1,0,0000000,88,88,88,88,88,88,0,0,0,1,1
45,450661,1,1,0,1,1,1,1,63,1220,18,3,2011,6,5,24,0,14,3,SR-60,,24,34.08338333,-81.189719440,0,8,0,0,1,1,1,0,2,1,0,1,0,0000000,88,88,88,88,88,88,0,0,0,1,0
45,450662,1,1,0,0,0,1,1,19,410,26,11,2011,7,18,56,0,14,4,20,,53,32.72905833,-80.103738890,0,35,0,0,1,1,4,0,2,1,0,1,0,0000000,88,88,88,88,88,88,0,0,0,1,1
45,450663,3,1,2,0,0,3,3,15,985,28,11,2011,2,4,0,0,4,4,1148,,255,33.01346111,-80.053891670,0,33,0,0,1,1,4,0,2,10,0,10,0,0000000,99,99,99,99,99,99,0,0,0,1,1
45,450664,2,2,0,0,0,2,2,45,0,8,10,2011,7,1,25,1,2,2,US-29,,0,34.88592222,-82.352755560,0,12,1,0,1,1,1,0,2,1,0,1,0,0000000,88,88,88,88,88,88,0,0,0,1,1
45,450665,2,2,0,0,0,2,2,63,0,11,10,2011,3,11,0,1,11,1,I-26,,1113,33.98320278,-81.106944440,0,12,6,0,1,1,1,0,1,2,0,2,0,0000000,12,3,12,10,12,30,0,0,0,1,1
45,450666,1,1,0,0,0,1,1,3,1755,24,10,2011,2,14,30,0,6,6,WHITE POND RD,,0,33.43422222,-81.663272220,0,1,0,0,1,1,1,0,1,1,0,1,0,0000000,14,33,14,45,15,27,0,0,0,1,1
45,450667,1,1,0,0,0,1,1,83,0,26,10,2011,4,22,15,0,3,3,SR-56,,0,34.88511111,-81.878111110,0,34,0,0,1,1,4,0,2,10,0,10,0,0000000,99,99,99,99,99,99,0,0,0,1,1
45,450669,2,2,0,0,0,5,5,7,40,9,11,2011,4,11,40,0,6,6,CLEMSON BLVD,BELTLINE BLVD,0,34.54935278,-82.674213890,0,12,1,0,2,2,1,0,1,1,0,1,0,0000000,99,99,99,99,99,99,0,0,0,1,0
45,450670,1,1,0,0,0,1,1,11,0,13,11,2011,1,4,30,0,4,4,126,,31,33.39936667,-81.228583330,0,30,0,0,1,1,4,0,2,1,0,1,0,0000000,99,99,99,99,99,99,0,0,0,1,1
45,450671,1,1,0,0,0,2,2,29,0,18,11,2011,6,10,0,1,1,1,I-26,,535,32.85940000,-80.727863890,0,59,0,0,1,1,4,0,1,1,0,1,0,0000000,99,99,99,99,99,99,0,0,0,1,1
45,450672,1,1,0,0,0,4,4,29,0,22,11,2011,3,6,52,1,1,1,I-95,,574,32.90404722,-80.703386110,0,52,0,0,1,1,4,0,4,1,0,1,0,0000000,99,99,99,99,99,99,0,0,0,1,0
45,450673,3,3,0,0,0,5,5,31,0,3,10,2011,2,19,30,0,2,3,SR-151,,64,34.36574444,-80.110294440,0,12,1,0,1,1,1,0,2,1,0,1,0,0000000,99,99,99,99,99,99,0,0,0,1,1
45,450674,3,3,0,0,0,6,6,41,0,7,11,2011,2,11,45,1,11,1,I-95,,1572,34.16095833,-79.870511110,0,12,1,0,1,1,1,0,1,1,0,1,0,0000000,99,99,99,99,99,99,0,0,0,1,0
45,450675,2,2,0,0,0,3,3,37,0,13,11,2011,1,22,50,1,13,2,US-25,253,5,33.59586111,-81.940227780,0,12,6,0,2,2,1,0,2,1,0,1,0,0000000,22,49,23,3,23,37,0,0,0,1,1
45,450676,1,1,0,0,0,2,2,33,0,23,11,2011,4,1,50,0,3,3,SR-57,,4,34.29675000,-79.284747220,0,34,0,0,1,1,4,0,2,1,0,1,0,0000000,99,99,99,99,99,99,0,0,0,1,0
45,450677,2,2,0,0,0,4,4,45,0,23,11,2011,4,13,35,0,14,3,SR-124,PAGE DRIVE,13,34.84720278,-82.452044440,0,12,6,0,2,3,1,0,1,1,0,1,0,0000000,13,43,13,51,14,4,0,0,0,1,0
45,450678,2,2,0,0,0,3,3,63,2435,16,5,2011,2,20,11,0,14,4,103,,55,33.91058333,-81.135977780,0,12,2,0,1,1,1,0,5,2,0,2,0,0000000,20,22,20,43,99,99,0,0,0,1,1
45,450679,1,1,0,1,1,1,1,63,2790,5,11,2011,7,5,30,0,4,4,12TH STREET,,0,33.99401667,-81.075172220,0,33,0,0,1,1,4,0,2,1,0,1,0,0000000,88,88,88,88,88,88,0,0,0,1,0