STATE,ST_CASE,VE_TOTAL,VE_FORMS,PVH_INVL,PEDS,PERNOTMVIT,PERMVIT,PERSONS,COUNTY,CITY,DAY,MONTH,YEAR,DAY_WEEK,HOUR,MINUTE,NHS,ROAD_FNC,ROUTE,TWAY_ID,TWAY_ID2,MILEPT,LATITUDE,LONGITUD,SP_JUR,HARM_EV,MAN_COLL,RELJCT1,RELJCT2,TYP_INT,REL_ROAD,WRK_ZONE,LGT_COND,WEATHER1,WEATHER2,WEATHER,SCH_BUS,RAIL,NOT_HOUR,NOT_MIN,ARR_HOUR,ARR_MIN,HOSP_HR,HOSP_MN,CF1,CF2,CF3,FATALS,DRUNK_DR
45,450680,1,1,0,1,1,1,1,63,2435,21,11,2011,2,6,32,0,13,3,SR-302,,176,33.90874444,-81.137061110,0,8,0,0,1,1,1,0,4,1,0,1,0,0000000,6,31,6,37,7,0,0,0,0,1,0
45,450681,1,1,0,0,0,2,2,17,0,25,11,2011,6,4,5,1,1,1,I-26,,1312,33.72606944,-80.928916670,0,35,0,0,1,1,4,0,2,1,0,1,0,0000000,4,7,4,29,4,40,0,0,0,1,1
45,450682,2,2,0,0,0,2,2,45,0,25,11,2011,6,8,20,0,3,3,SR-183,,0,34.88926667,-82.527938890,0,12,2,0,1,1,1,0,1,1,0,1,0,0000000,8,28,8,37,9,6,0,0,0,1,0
45,450683,2,2,0,0,0,4,4,69,0,26,11,2011,7,15,15,0,3,3,SR-38,STUBBS AVE,165,34.59489722,-79.677672220,0,12,6,0,2,3,1,0,1,1,0,1,0,0000000,99,99,99,99,99,99,0,0,0,1,0
45,450684,1,1,0,0,0,1,1,21,0,28,11,2011,2,11,44,1,1,1,I-85,,994,35.13651667,-81.521069440,0,35,0,0,1,1,5,0,1,2,0,2,0,0000000,88,88,88,88,88,88,0,0,0,1,0
45,450685,1,1,0,0,0,1,1,53,2150,29,11,2011,3,10,16,1,1,1,I-95,,212,32.48495556,-80.970327780,0,34,0,0,1,1,4,0,1,1,0,1,0,0000000,88,88,88,88,88,88,0,0,0,1,0
45,450686,2,2,0,0,0,2,2,63,0,30,11,2011,4,13,45,0,4,4,1258,,0,33.87924167,-81.066833330,0,12,6,0,8,1,1,0,1,1,0,1,0,0000000,13,45,14,0,14,14,0,0,0,1,1
45,450687,1,1,0,1,1,1,1,51,1730,23,11,2011,4,19,50,1,13,2,US-501,,326,33.69692222,-78.894736110,0,8,0,0,1,1,1,0,2,1,0,1,0,0000000,99,99,99,99,99,99,0,0,0,1,0
45,450688,1,1,0,0,0,2,2,27,0,23,11,2011,4,12,55,1,1,1,I-95,,1287,33.81766111,-80.145838890,0,24,0,0,1,1,3,0,1,1,0,1,0,0000000,12,54,13,7,13,7,0,0,0,2,0
45,450689,1,1,0,0,0,1,1,57,1350,25,11,2011,6,8,1,0,4,4,218,,0,34.73236111,-80.794466670,0,32,0,0,1,1,4,0,1,1,0,1,0,0000000,8,5,8,30,8,59,0,0,0,1,0
45,450690,1,1,0,0,0,1,1,79,0,1,12,2011,5,2,59,0,15,4,129,,21,34.10506944,-81.160500000,0,31,0,0,1,1,5,0,2,1,0,1,0,0000000,88,88,88,88,88,88,0,0,0,1,1
45,450691,3,3,0,1,1,12,12,13,0,2,12,2011,6,20,45,1,2,2,US-17,,87,32.62100556,-80.735422220,0,8,0,0,1,1,1,0,2,1,0,1,0,0000000,99,99,99,99,99,99,0,0,0,1,0
45,450692,1,1,0,0,0,2,2,79,0,3,12,2011,7,0,15,0,4,4,489,,25,33.85651944,-80.727336110,0,34,0,0,1,1,4,0,2,1,0,1,0,0000000,88,88,88,88,88,88,0,0,0,2,1
45,450693,1,1,0,1,1,1,1,7,0,5,12,2011,2,10,40,1,2,2,US-76,,3299,34.45404444,-82.406763890,0,8,0,0,1,1,1,0,1,10,0,10,0,0000000,10,46,10,48,11,29,0,0,0,1,0
45,450694,2,2,0,0,0,1,1,41,0,7,12,2011,4,19,20,0,4,4,718,,0,33.93386111,-79.736636110,0,12,1,0,1,1,1,0,2,1,0,1,0,0000000,88,88,88,88,88,88,0,0,0,1,0
45,450695,2,2,0,0,0,3,3,27,0,27,11,2011,1,5,30,1,1,1,I-95,,1145,33.65805278,-80.276688890,0,12,2,0,1,1,1,0,2,1,0,1,0,0000000,99,99,99,99,99,99,0,0,0,1,0
45,450696,1,1,0,0,0,2,2,31,0,6,12,2011,3,15,17,0,9,4,1198,,53,34.43513611,-80.125461110,0,34,0,0,1,1,4,0,1,1,0,1,0,0000000,15,17,15,32,15,55,0,0,0,1,1
45,450697,1,1,0,1,1,2,2,53,2150,8,12,2011,5,18,8,0,4,4,425,,0,32.50696667,-80.970088890,0,8,0,0,1,1,1,0,2,1,0,1,0,0000000,88,88,88,88,88,88,0,0,0,1,0
45,450698,1,1,0,0,0,2,2,15,0,9,12,2011,6,14,45,0,6,6,CHARITY CHURCH RD,,0,33.02664722,-79.785552780,0,1,0,0,1,1,5,0,1,1,0,1,0,0000000,99,99,99,99,99,99,0,0,0,1,1
45,450699,2,2,0,0,0,2,2,77,0,10,12,2011,7,1,18,0,3,3,SR-8,,5,34.78345000,-82.580466670,0,12,2,0,1,1,1,0,3,1,0,1,0,0000000,99,99,99,99,99,99,0,0,0,1,0
45,450700,2,2,0,0,0,2,2,75,0,11,12,2011,1,17,55,0,3,2,US- 301,SR- 267,353,33.46246667,-80.523011110,0,12,6,0,2,2,1,0,2,1,0,1,0,0000000,99,99,99,99,99,99,0,0,0,1,0
45,450701,1,1,0,0,0,1,1,83,0,14,12,2011,4,14,0,0,6,6,WILLIS RD,,0,34.93352222,-82.029788890,0,1,0,0,1,1,4,0,1,1,0,1,0,0000000,14,2,14,11,14,45,0,0,0,1,0
45,450702,1,1,0,1,1,1,1,71,0,22,12,2011,5,18,45,1,2,2,US- 76,,147,34.25959444,-81.580397220,0,8,0,0,1,1,1,0,2,1,0,1,0,0000000,18,48,18,57,19,48,0,0,0,1,0
45,450703,1,1,0,1,1,1,1,33,0,24,12,2011,7,19,45,0,9,4,278,,18,34.33609722,-79.190813890,0,8,0,0,1,1,1,0,2,1,0,1,0,0000000,88,88,88,88,88,88,0,0,0,1,0
45,450704,1,1,0,1,1,1,1,13,1145,31,12,2011,7,3,34,1,2,2,US-278,,0,32.20382500,-80.698261110,0,8,0,0,1,1,1,0,2,1,0,1,0,0000000,88,88,88,88,88,88,0,0,0,1,0
45,450705,1,1,0,1,1,1,1,19,410,2,9,2011,6,19,56,0,3,3,SR-461,CHARLIE HALL BLVD,0,32.81209722,-80.047011110,0,8,0,0,2,2,1,0,3,1,0,1,0,0000000,99,99,99,99,99,99,0,0,0,1,0
45,450706,1,1,0,1,1,1,1,79,520,21,11,2011,2,6,25,0,6,6,NEWLAND RD,,0,34.09296111,-80.853386110,0,8,0,0,1,1,1,0,4,5,0,5,0,0000000,99,99,99,99,99,99,0,0,0,1,0
45,450707,2,2,0,0,0,4,4,7,0,25,11,2011,6,14,30,1,2,2,US-29,ROGERS RD,0,34.67965000,-82.507627780,0,12,6,0,2,4,1,0,1,1,0,1,0,0000000,99,99,99,99,99,99,0,0,0,1,0
45,450708,1,1,0,0,0,1,1,15,1072,11,12,2011,1,1,40,0,4,4,1116,,0,32.93148333,-80.028850000,0,10,0,0,6,1,1,0,3,10,0,10,0,631997Y,88,88,88,88,88,88,0,0,0,1,1
45,450709,1,1,0,0,0,1,1,47,0,11,12,2011,1,7,0,0,6,6,WARNER RD,,0,34.50750000,-82.696872220,0,35,0,0,1,1,5,0,2,1,0,1,0,0000000,88,88,88,88,88,88,0,0,0,1,0
45,450710,1,1,0,1,1,2,2,75,0,11,12,2011,1,22,55,0,6,6,TEE VEE RD,,0,33.55031667,-80.550727780,0,8,0,0,1,1,1,0,2,1,0,1,0,0000000,99,99,99,99,99,99,0,0,0,1,0
45,450711,2,2,0,1,1,6,6,67,0,14,12,2011,4,18,30,1,2,2,US-76,,169,34.19708611,-79.271627780,0,8,0,0,1,1,1,0,2,1,0,1,0,0000000,88,88,88,88,88,88,0,0,0,1,0
45,450712,1,1,0,0,0,1,1,83,0,21,12,2011,4,21,10,1,2,2,US-221,,28,34.68302778,-81.987763890,0,42,0,0,1,1,4,0,2,10,0,10,0,0000000,88,88,88,88,88,88,0,0,0,1,0
45,450713,1,1,0,0,0,1,1,59,0,22,12,2011,5,10,35,0,4,4,43,,0,34.45906667,-81.925180560,0,34,0,0,1,1,4,0,1,10,0,10,0,0000000,88,88,88,88,88,88,0,0,0,1,1
45,450714,2,2,0,0,0,6,6,37,0,25,12,2011,1,21,20,1,2,2,US-25,494,10,33.60308056,-81.936577780,0,12,6,0,2,2,1,0,2,5,0,5,0,0000000,99,99,99,99,99,99,0,0,0,1,0
45,450715,1,1,0,0,0,1,1,31,0,26,12,2011,2,20,10,0,4,4,12,,19,34.35083056,-80.141175000,0,53,0,0,1,1,4,0,3,1,0,1,0,0000000,21,9,21,22,99,99,0,0,0,1,1
45,450716,2,2,0,0,0,4,4,47,0,17,8,2011,4,15,29,1,2,2,US-25,384,0,34.40723611,-82.248633330,0,12,6,0,2,3,1,0,1,1,0,1,0,0000000,15,34,15,41,99,99,20,0,0,1,1
45,450717,1,1,0,0,0,4,4,7,0,11,9,2011,1,0,12,0,9,4,56,,21,34.63715556,-82.822408330,0,34,0,0,1,1,4,0,2,1,0,1,0,0000000,99,99,99,99,99,99,0,0,0,3,1
45,450718,1,1,0,0,0,1,1,51,0,28,9,2011,4,13,15,1,13,2,US-501,,258,33.76350556,-78.972375000,0,42,0,0,1,1,3,0,1,1,0,1,0,0000000,13,19,13,26,13,55,0,0,0,1,0
45,450719,2,2,0,0,0,2,2,15,0,1,10,2011,7,13,46,0,4,4,50,,0,33.13471111,-80.047561110,0,12,2,0,1,1,1,0,1,1,0,1,0,0000000,99,99,99,99,99,99,0,0,0,1,0
45,450720,1,1,0,0,0,1,1,51,0,2,10,2011,1,8,55,1,2,2,US-17,,0,33.58478056,-79.013627780,0,1,0,0,8,1,1,0,1,1,0,1,0,0000000,99,99,99,99,99,99,0,0,0,1,0
45,450721,2,2,0,0,0,3,3,23,0,6,10,2011,5,15,47,1,1,1,I-77,,518,34.55904722,-81.008588890,0,12,7,0,1,1,1,0,1,1,0,1,0,0000000,99,99,99,99,99,99,0,0,0,1,1
45,450722,1,1,0,2,2,3,3,77,0,7,10,2011,6,18,14,0,6,6,PONDER CEMETARY RD,,0,34.92023611,-82.531958330,0,8,0,0,1,1,1,0,1,1,0,1,0,0000000,99,99,99,99,99,99,0,0,0,1,0
45,450723,2,2,0,0,0,2,2,57,0,10,10,2011,2,18,12,0,6,6,HARRISBURG RD,,0,35.05340000,-80.895075000,0,12,6,0,8,1,1,0,5,1,0,1,0,0000000,18,14,18,30,18,48,0,0,0,1,0
45,450724,2,2,0,0,0,3,3,75,0,8,10,2011,7,22,15,0,4,4,49,,41,33.42066111,-80.879819440,0,12,2,0,4,1,1,0,2,1,0,1,0,0000000,88,88,88,88,88,88,0,0,0,1,1
45,450725,2,2,0,0,0,4,4,75,0,17,10,2011,2,18,30,1,2,2,US-178,,404,33.33496389,-80.668200000,0,12,6,0,8,1,1,0,5,1,0,1,0,0000000,99,99,99,99,99,99,0,0,0,1,1
45,450726,2,2,0,0,0,7,7,63,0,28,10,2011,6,20,20,0,14,3,SR-6,FOXBOROUGH BLVD,149,33.89172500,-81.219022220,0,12,6,0,4,1,1,0,2,10,0,10,0,0000000,21,17,21,24,21,45,0,0,0,2,1
45,450727,2,2,0,0,0,5,5,19,0,30,10,2011,1,15,33,0,6,6,BEES FERRY RD,MAIN RD,0,32.80841667,-80.111875000,0,12,6,0,2,2,1,0,1,1,0,1,0,0000000,99,99,99,99,99,99,0,0,0,1,0
45,450728,2,2,0,0,0,2,2,75,0,5,11,2011,7,18,50,0,3,3,SR-6,,0,33.38355278,-80.242855560,0,12,2,0,1,1,1,0,2,1,0,1,0,0000000,88,88,88,88,88,88,0,0,0,1,1
45,450729,2,2,0,0,0,3,3,15,0,10,11,2011,5,20,42,0,4,4,21,,41,33.22833611,-80.017805560,0,12,2,0,1,1,1,0,6,1,0,1,0,0000000,99,99,99,99,99,99,0,0,0,1,1
45,450730,2,2,0,0,0,3,3,23,0,21,11,2011,2,5,55,1,2,2,US-21,,170,34.77052222,-80.923569440,0,12,2,0,1,1,1,0,2,1,0,1,0,0000000,99,99,99,99,99,99,0,0,0,1,0
45,450731,1,1,0,1,1,1,1,85,0,2,12,2011,6,22,43,0,9,4,1350,,34,33.99550000,-79.991769440,0,8,0,0,1,1,1,0,2,1,0,1,0,0000000,88,88,88,88,88,88,0,0,0,1,0
45,450732,2,2,0,0,0,3,3,79,0,3,12,2011,7,8,20,1,11,1,I-77,,52,33.94580278,-80.999047220,0,12,1,0,1,1,1,0,1,1,0,1,0,0000000,99,99,99,99,99,99,0,0,0,1,0
45,450733,1,1,0,0,0,1,1,39,0,7,12,2011,4,14,30,0,4,3,SR-213,,130,34.35407222,-81.187191670,0,32,0,0,8,1,4,0,1,2,0,2,0,0000000,88,88,88,88,88,88,0,0,0,1,0
45,450734,2,2,0,0,0,2,2,21,0,7,12,2011,4,21,50,1,1,1,I-85,,1039,35.15092222,-81.490350000,0,12,2,0,1,1,1,0,2,10,0,10,0,0000000,99,99,99,99,99,99,0,0,0,1,0
45,450735,1,1,0,0,0,3,3,57,0,9,12,2011,6,16,25,0,4,4,51,,120,34.73138056,-80.732519440,0,1,0,0,1,1,4,0,1,1,0,1,0,0000000,99,99,99,99,99,99,0,0,0,1,1
45,450736,2,2,0,0,0,2,2,25,0,13,12,2011,3,17,10,0,4,3,SR-145,,119,34.64366389,-80.168463890,0,12,2,0,1,1,1,0,5,1,0,1,0,0000000,99,99,99,99,99,99,0,0,0,1,0
45,450737,3,3,0,0,0,4,4,91,0,14,12,2011,4,8,0,1,11,1,I-77,,831,34.99784167,-80.976091670,0,12,7,0,1,1,1,0,1,1,0,1,0,0000000,99,99,99,99,99,99,0,0,0,1,0
45,450738,1,1,0,0,0,1,1,73,0,15,12,2011,5,11,20,0,4,4,131,,0,34.78064167,-83.032994440,0,53,0,0,1,1,4,0,1,1,0,1,0,0000000,88,88,88,88,88,88,0,0,0,1,0
45,450739,2,2,0,0,0,3,3,41,0,16,12,2011,6,19,25,0,4,3,SR-403,95,137,34.04205000,-79.944019440,0,12,2,0,3,4,1,0,2,1,0,1,0,0000000,88,88,88,88,88,88,0,0,0,1,1
45,450740,1,1,0,0,0,2,2,31,0,17,12,2011,7,15,55,1,1,1,I-20,,1340,34.20514167,-79.970366670,0,1,0,0,1,1,4,0,1,1,0,1,0,0000000,99,99,99,99,99,99,0,0,0,1,0
45,450741,1,1,0,0,0,1,1,83,0,17,12,2011,7,21,50,0,3,3,SR-56,,63,34.69044167,-81.833594440,0,35,0,0,1,1,4,0,2,1,0,1,0,0000000,21,47,22,3,22,51,0,0,0,1,0
45,450742,2,2,0,0,0,2,2,83,0,17,12,2011,7,8,15,0,4,4,40,,0,35.00838333,-82.073869440,0,12,2,0,1,1,1,0,1,1,0,1,0,0000000,99,99,99,99,99,99,0,0,0,1,0
45,450743,1,1,0,2,2,1,1,75,0,18,12,2011,1,4,50,0,9,4,631,,3,33.32469722,-80.401425000,0,8,0,0,1,1,1,0,2,1,0,1,0,0000000,99,99,99,99,99,99,0,0,0,1,0
45,450744,1,1,0,0,0,3,3,75,0,18,12,2011,1,3,25,0,3,3,SR-4,,245,33.51500833,-80.969330560,0,1,0,0,1,1,5,0,2,1,0,1,0,0000000,99,99,99,99,99,99,0,0,0,1,1
45,450745,1,1,0,0,0,3,3,57,0,24,12,2011,7,15,0,1,2,2,US-521,SR-75,326,34.90826111,-80.810786110,0,59,0,0,3,3,3,0,1,99,0,99,0,0000000,88,88,88,88,88,88,0,0,0,3,0
45,450746,2,2,0,0,0,2,2,45,1060,29,12,2011,5,1,32,1,2,2,US-29,,0,34.94301667,-82.255975000,0,12,6,0,8,1,1,0,3,1,0,1,0,0000000,99,99,99,99,99,99,0,0,0,1,0
45,450747,1,1,0,0,0,1,1,61,0,5,12,2011,2,21,3,1,2,2,US-15,,178,34.26242500,-80.156702780,0,34,0,0,1,1,4,0,2,5,0,5,0,0000000,99,99,99,99,99,99,0,0,0,1,0
45,450748,2,2,0,0,0,3,3,3,0,10,12,2011,7,7,20,0,14,4,80,,9,33.57651667,-81.783963890,0,12,7,0,1,1,1,0,4,1,0,1,0,0000000,99,99,99,99,99,99,0,0,0,1,0
45,450749,1,1,0,0,0,1,1,63,0,17,12,2011,7,2,20,0,4,4,51,,0,34.13820278,-81.375291670,0,42,0,0,1,1,5,0,2,1,0,1,0,0000000,88,88,88,88,88,88,0,0,0,1,1
45,450750,1,1,0,1,1,1,1,63,0,19,12,2011,2,21,20,0,14,4,36,DOE TRAIL,44,34.07249722,-81.175625000,0,8,0,0,1,1,1,0,2,1,0,1,0,0000000,88,88,88,88,88,88,0,0,0,1,0
45,450751,2,2,0,0,0,2,2,85,0,19,12,2011,2,18,15,1,2,2,US- 378,SR- 763,212,33.91575278,-80.291450000,0,12,6,0,2,2,1,0,2,1,0,1,0,0000000,18,23,18,28,19,6,0,0,0,1,0
45,450752,2,2,0,0,0,4,4,79,0,20,12,2011,3,22,34,1,2,2,US-76,,0,33.94350833,-80.659033330,0,12,6,0,8,1,1,0,2,1,0,1,0,0000000,99,99,99,99,99,99,0,0,0,1,0
45,450753,1,1,0,0,0,2,2,63,0,27,12,2011,3,15,22,0,6,6,FOUNDERS RD,,0,33.85828889,-81.249825000,0,38,0,0,1,1,5,0,1,1,0,1,0,0000000,99,99,99,99,99,99,0,0,0,1,1
45,450754,2,2,0,0,0,2,2,63,130,12,3,2011,7,11,44,1,2,2,US-1,58,16,33.90808056,-81.536191670,0,12,6,0,2,2,1,0,1,98,0,98,0,0000000,99,99,99,99,99,99,0,0,0,1,0
45,450755,3,3,0,0,0,7,7,51,540,12,10,2011,4,10,30,0,6,6,SINGLETON RIDGE RD,CYPRESS CIRCLE,0,33.78709167,-79.001086110,0,12,6,0,2,3,1,0,1,1,0,1,0,0000000,10,32,10,41,10,57,0,0,0,1,0
45,450756,2,2,0,0,0,3,3,19,1805,9,12,2011,6,14,25,1,1,1,I-26,,2049,32.96906111,-80.075308330,0,12,7,0,1,1,1,0,1,1,0,1,0,0000000,99,99,99,99,99,99,0,0,0,1,0
45,450757,5,5,0,1,1,6,6,63,0,10,12,2011,7,6,25,1,11,1,I-26,,1064,34.04570278,-81.118936110,0,8,0,0,1,1,1,0,2,1,0,1,0,0000000,88,88,88,88,88,88,0,0,0,1,0
45,450758,1,1,0,0,0,1,1,63,0,12,12,2011,2,22,40,0,4,4,231,,0,34.13528056,-81.417622220,0,30,0,0,1,1,5,0,2,1,0,1,0,0000000,88,88,88,88,88,88,0,0,0,1,1
45,450759,2,2,0,2,2,3,3,83,0,15,12,2011,5,21,35,0,3,3,SR- 9,,0,35.00486111,-81.950630560,0,8,0,0,1,1,3,0,2,1,0,1,0,0000000,99,99,99,99,99,99,0,0,0,1,0
45,450760,2,2,0,0,0,2,2,19,410,17,12,2011,7,4,1,1,2,2,US-17,,0,32.80458056,-79.939022220,0,12,1,0,1,1,1,0,3,1,0,1,0,0000000,99,99,99,99,99,99,0,0,0,1,2
45,450761,2,2,0,0,0,7,7,55,0,23,12,2011,6,22,56,0,3,3,SR-341,SHIRLEY CREEK RD,0,34.48827778,-80.438050000,0,12,6,0,2,3,1,0,2,1,0,1,0,0000000,99,99,99,99,99,99,0,0,0,1,1
45,450762,3,3,0,0,0,3,3,33,0,9,5,2011,2,3,15,1,1,1,I-95,,1815,34.33778889,-79.546469440,0,12,1,0,1,1,1,0,2,1,0,1,0,0000000,99,99,99,99,99,99,0,0,0,1,0
45,450763,2,2,0,0,0,2,2,67,0,22,6,2011,4,7,30,1,2,2,US-378,,11,33.91418333,-79.412458330,0,12,2,0,1,1,1,0,1,1,0,1,0,0000000,99,99,99,99,99,99,0,0,0,1,0
45,450764,1,1,0,0,0,1,1,19,1805,1,9,2011,5,19,0,0,4,4,STALL RD S-10-280,,0,32.70080556,-79.973883330,0,1,0,0,8,1,1,0,1,1,0,1,0,0000000,99,99,99,99,99,99,0,0,0,1,1
45,450765,1,1,0,0,0,1,1,41,0,3,8,2011,4,0,0,0,4,4,DALTON RD  1456,,0,33.86293056,-79.779436110,0,34,0,0,1,1,4,0,2,1,0,1,0,0000000,88,88,88,88,88,88,0,0,0,1,1
45,450766,2,2,0,0,0,3,3,35,0,30,9,2011,6,7,55,0,14,4,62,642,971,32.91406111,-80.107377780,0,12,6,0,8,1,1,0,1,1,0,1,0,0000000,88,88,88,88,88,88,0,0,0,1,0
45,450767,3,3,0,0,0,5,5,7,0,4,11,2011,6,21,30,1,2,2,US-29,BALLARD RD,0,34.65330278,-82.520680560,0,12,6,0,2,3,1,0,2,1,0,1,0,0000000,99,99,99,99,99,99,0,0,0,1,1
45,450768,1,1,0,1,1,1,1,35,0,6,11,2011,1,0,1,1,1,1,I-26,,1783,33.22322500,-80.425152780,0,8,0,0,1,1,1,0,2,99,0,99,0,0000000,88,88,88,88,88,88,0,0,0,1,0
45,450769,3,3,0,0,0,5,5,51,540,19,5,2011,5,17,45,1,13,2,US-501,US-378,193,33.83279167,-79.059019440,0,12,6,0,2,4,1,0,1,1,0,1,0,0000000,19,2,19,7,19,45,0,0,0,1,0
45,450770,2,2,0,0,0,2,2,19,410,20,9,2011,3,13,48,1,1,1,I-26,,0,32.92004444,-80.036488890,0,12,1,0,1,1,1,0,1,10,0,10,0,0000000,99,99,99,99,99,99,0,0,0,1,1
46,460001,1,1,0,0,0,1,1,81,2490,5,1,2011,4,0,1,0,14,6,JACKSON BLVD W,,0,44.49030556,-103.864713890,0,1,0,0,1,1,5,0,3,1,0,1,0,0000000,0,52,0,56,88,88,0,0,0,1,1
46,460002,2,2,0,0,0,2,2,109,0,17,1,2011,2,10,15,1,2,2,US-12,,3664,45.31271667,-97.047863890,0,12,6,0,4,1,1,0,1,10,0,10,0,0000000,10,8,10,35,88,88,0,0,0,1,0
46,460003,2,2,0,0,0,3,3,135,0,31,1,2011,2,11,0,0,3,3,SR-46,,3400,43.08255556,-97.290630560,0,12,2,0,1,1,1,0,1,4,0,4,0,0000000,11,6,11,35,12,23,0,0,0,1,0
46,460004,1,1,0,0,0,5,5,15,0,6,2,2011,1,14,11,1,1,1,I-90 W,,2766,43.75233889,-99.102619440,0,1,0,0,1,1,3,0,1,10,0,10,0,0000000,14,14,14,35,15,4,0,0,0,1,0
46,460005,2,2,0,0,0,2,2,67,0,11,2,2011,6,11,18,0,3,3,SR-44,,3463,43.38414167,-98.041194440,0,12,1,0,1,1,1,0,1,1,0,1,0,0000000,11,22,11,29,11,41,0,0,0,1,0
46,460006,2,2,0,0,0,3,3,103,0,16,2,2011,4,20,11,0,16,4,COUNTRY RD,ELK VALE RD,0,44.12561944,-103.151275000,0,12,6,0,2,2,1,0,2,10,0,10,0,0000000,20,12,20,25,21,46,0,0,0,1,1
46,460008,2,2,0,0,0,2,2,57,0,24,2,2011,5,13,30,0,4,4,450TH AVE,,0,44.68680000,-97.209394440,0,12,2,0,1,1,1,0,1,1,0,1,0,0000000,13,36,13,53,14,36,0,0,0,1,0
46,460009,2,2,0,0,0,6,6,13,10,26,2,2011,7,14,39,0,16,6,13TH ST,8TH AVE SW,0,45.45705556,-98.507041670,0,12,6,0,2,2,1,0,1,1,0,1,0,0000000,14,44,14,51,15,15,0,0,0,1,1
46,460010,1,1,0,0,0,5,5,11,0,9,3,2011,4,22,59,1,1,1,I-29 S,,1453,44.49320278,-96.757244440,0,1,0,0,1,1,3,0,2,10,0,10,0,0000000,23,5,23,18,0,7,0,0,0,1,0
46,460011,1,1,0,0,0,2,2,27,2730,20,3,2011,1,16,32,0,14,6,CHESTNUT ST E,UNIVERSITY ST S,0,42.77235833,-96.923927780,0,33,0,0,3,3,4,0,1,1,0,1,0,0000000,16,34,16,47,99,99,0,0,0,1,1
46,460012,1,1,0,0,0,3,3,113,2165,5,3,2011,7,16,23,0,4,4,CAMPUS RD,BIA-32,0,43.02448611,-102.566663890,3,42,0,0,1,1,4,0,1,1,0,1,0,0000000,99,99,99,99,99,99,0,0,0,1,1
46,460013,1,1,0,0,0,1,1,71,0,26,3,2011,7,9,20,1,1,1,I-90 W,,1711,43.88855833,-101.126866670,0,1,0,0,1,1,3,0,1,4,0,4,0,0000000,9,24,10,6,11,0,0,0,0,1,0
46,460014,1,1,0,0,0,2,2,113,0,26,3,2011,7,13,40,0,4,4,BIA-33,,0,43.32466111,-102.469805560,3,1,0,0,1,1,4,0,1,1,0,1,0,0000000,99,99,99,99,99,99,0,0,0,1,1
46,460015,2,2,0,0,0,4,4,57,0,15,4,2011,6,8,18,1,2,2,US-81,,1450,44.73163889,-97.107708330,0,12,6,0,1,1,1,0,1,3,0,3,0,0000000,8,22,8,35,9,9,0,0,0,2,0
46,460016,2,2,0,0,0,3,3,45,0,15,4,2011,6,11,6,1,2,2,US-12,,2596,45.44812222,-99.099819440,0,12,6,0,1,1,1,0,1,4,0,4,0,0000000,11,6,11,14,12,3,0,0,0,1,0
46,460017,1,1,0,0,0,2,2,127,0,5,4,2011,3,12,7,1,1,1,I-29 S,,352,42.90904167,-96.795188890,0,42,0,0,1,1,4,0,1,1,0,1,0,0000000,12,11,12,19,13,11,0,0,0,1,0
46,460018,4,4,0,0,0,4,4,115,0,29,4,2011,6,7,51,0,3,3,SR-20,,3277,45.15670556,-98.388716670,0,12,6,0,1,1,1,0,1,1,0,1,0,0000000,7,54,8,14,88,88,14,0,0,1,0
46,460019,1,1,0,0,0,2,2,47,0,11,5,2011,4,15,52,1,2,3,SR-79 S,,321,43.46844444,-103.348136110,0,1,0,0,1,1,4,0,1,2,0,2,0,0000000,15,57,16,7,88,88,0,0,0,1,0
46,460020,1,1,0,1,1,1,1,99,2450,8,5,2011,1,19,23,0,13,6,10TH ST E,FAIRFAX AVE S,0,43.54663333,-96.714158330,0,9,0,0,3,2,1,0,1,1,0,1,0,0000000,19,23,19,29,19,37,0,0,0,1,0
46,460021,1,1,0,1,1,3,3,81,1600,8,5,2011,1,18,40,0,6,6,SUMMIT ST N,,0,44.34760833,-103.771272220,0,8,0,0,1,1,1,0,1,10,0,10,0,0000000,18,48,18,53,19,1,0,0,0,1,0
46,460022,4,4,0,0,0,6,6,103,2250,12,4,2011,3,9,31,1,1,1,I-190,OMAHA ST,0,44.08441111,-103.234002780,0,12,1,0,3,2,1,0,1,10,0,10,0,0000000,9,34,9,38,9,53,0,0,0,1,0
46,460023,1,1,0,0,0,1,1,97,0,19,5,2011,5,9,15,1,2,2,US-81,,811,44.00065833,-97.389752780,0,35,0,0,1,1,4,0,1,6,10,6,0,0000000,9,21,9,38,88,88,0,0,0,1,0
46,460024,1,1,0,0,0,3,3,31,0,23,2,2011,4,22,15,0,4,3,SR-1806,,3681,45.61710278,-100.509800000,3,1,0,0,1,1,4,0,2,11,0,11,0,0000000,22,18,22,52,23,19,0,0,0,1,1
46,460025,1,1,0,0,0,1,1,127,0,1,6,2011,4,10,33,1,1,1,I-29 N,,125,42.63630000,-96.617816670,0,1,0,0,1,1,1,0,1,6,1,6,0,0000000,10,33,10,42,88,88,0,0,0,1,0
46,460026,1,1,0,0,0,1,1,65,0,4,6,2011,7,20,19,0,3,3,SR-34,,2190,44.33248611,-100.171719440,0,1,0,0,1,1,1,0,1,1,0,1,0,0000000,20,21,20,29,88,88,0,0,0,1,0
46,460027,1,1,0,0,0,2,2,99,0,3,6,2011,6,7,35,1,1,1,I-29 S,,940,43.76464722,-96.781480560,0,34,0,0,1,1,4,0,1,1,0,1,0,0000000,7,37,7,46,8,58,0,0,0,1,0