STATE,ST_CASE,VE_TOTAL,VE_FORMS,PVH_INVL,PEDS,PERNOTMVIT,PERMVIT,PERSONS,COUNTY,CITY,DAY,MONTH,YEAR,DAY_WEEK,HOUR,MINUTE,NHS,ROAD_FNC,ROUTE,TWAY_ID,TWAY_ID2,MILEPT,LATITUDE,LONGITUD,SP_JUR,HARM_EV,MAN_COLL,RELJCT1,RELJCT2,TYP_INT,REL_ROAD,WRK_ZONE,LGT_COND,WEATHER1,WEATHER2,WEATHER,SCH_BUS,RAIL,NOT_HOUR,NOT_MIN,ARR_HOUR,ARR_MIN,HOSP_HR,HOSP_MN,CF1,CF2,CF3,FATALS,DRUNK_DR
46,460028,2,2,0,0,0,3,3,121,0,8,6,2011,4,11,25,1,2,2,US-18,BIA-9,1973,43.32608611,-100.871988890,0,12,6,0,2,2,1,2,1,10,0,10,0,0000000,11,26,11,33,11,48,0,0,0,1,0
46,460029,2,2,0,0,0,3,3,83,0,10,6,2011,6,18,51,0,3,3,SR-11,276TH ST,614,43.38796389,-96.648519440,0,12,6,0,2,2,1,0,1,1,0,1,0,0000000,18,54,19,9,19,50,0,0,0,1,0
46,460030,2,2,0,0,0,2,2,99,0,29,6,2011,4,16,2,0,3,3,SR-42,,3729,43.52444167,-96.602375000,0,12,2,0,1,1,1,0,1,1,0,1,0,0000000,16,8,16,22,16,34,0,0,0,1,1
46,460031,1,1,0,0,0,3,3,47,0,2,7,2011,7,13,46,1,2,2,US-18,,533,43.29381389,-103.326852780,0,1,0,0,1,1,4,0,1,1,0,1,0,0000000,13,59,14,12,15,8,0,0,0,1,0
46,460032,3,3,0,0,0,7,7,103,0,3,7,2011,1,15,53,0,3,2,US-16A,,583,43.91125833,-103.437908330,0,12,1,0,1,1,1,0,1,1,0,1,0,0000000,15,59,16,16,99,99,14,0,0,1,0
46,460033,2,2,0,0,0,2,2,99,2450,7,7,2011,5,16,47,0,14,6,60TH ST W,MINNESOTA AVE N,0,43.60198056,-96.728702780,0,12,2,0,2,3,1,0,1,10,0,10,0,0000000,16,49,16,57,17,26,0,0,0,1,0
46,460034,3,1,2,0,2,1,3,87,0,29,6,2011,4,17,55,1,1,1,I-90 E,,3634,43.66623056,-97.400505560,0,45,0,0,1,1,1,2,1,1,0,1,0,0000000,18,0,18,8,18,45,0,0,0,1,0
46,460035,1,1,0,0,0,1,1,113,0,17,5,2011,3,3,0,0,5,4,UNKNOWN,,0,43.31225000,-102.362066670,3,1,0,0,1,1,4,0,3,1,0,1,0,0000000,88,88,88,88,88,88,0,0,0,1,1
46,460036,1,1,0,0,0,1,1,125,0,22,7,2011,6,17,50,0,4,4,452ND AVE,,0,43.16487778,-97.160541670,0,35,0,0,1,1,4,0,1,1,0,1,0,0000000,17,50,17,59,88,88,0,0,0,1,1
46,460037,1,1,0,0,0,1,1,11,0,16,7,2011,7,4,53,1,2,2,US-14 E,,4154,44.32601667,-96.872655560,0,10,0,0,6,1,1,0,2,10,8,8,0,197525N,4,57,5,5,88,88,0,0,0,1,0
46,460038,1,1,0,0,0,2,2,103,285,29,7,2011,6,5,54,1,1,1,I-90 E,,671,44.11777778,-103.051652780,0,52,0,0,1,1,3,0,4,1,0,1,0,0000000,5,56,6,6,88,88,0,0,0,1,0
46,460039,2,2,0,0,0,9,9,85,0,2,8,2011,3,15,0,0,6,4,327TH AVE,,0,43.99651667,-99.625752780,0,12,2,0,1,1,1,0,1,1,0,1,0,0000000,15,11,15,37,16,15,0,0,0,5,1
46,460040,1,1,0,0,0,1,1,81,0,3,8,2011,4,11,55,1,2,2,US-14A,,0,44.31038889,-103.801900000,0,59,0,0,1,1,4,0,1,1,0,1,0,0000000,11,55,12,4,88,88,0,0,0,1,0
46,460041,1,1,0,0,0,1,1,11,0,6,8,2011,7,12,15,1,2,2,US-14,,4182,44.32701944,-96.824761110,0,1,0,0,1,1,4,0,1,1,0,1,0,0000000,12,17,12,19,12,31,0,0,0,1,0
46,460042,1,1,0,0,0,1,1,99,0,7,8,2011,1,4,16,0,4,3,SR-38,,3534,43.63413056,-97.003625000,0,38,0,0,1,1,4,0,2,10,0,10,0,0000000,4,16,4,28,88,88,0,0,0,1,1
46,460043,1,1,0,0,0,1,1,81,0,9,8,2011,3,12,6,0,2,2,US-385,,1177,44.31136389,-103.692369440,0,1,0,0,1,1,1,0,1,1,0,1,0,0000000,12,6,12,15,12,38,0,0,0,1,0
46,460044,2,2,0,0,0,2,2,93,0,10,8,2011,4,22,30,1,2,3,SR-79,,1161,44.48096389,-103.449380560,0,12,1,0,1,1,1,0,2,1,0,1,0,0000000,22,31,22,39,99,99,0,0,0,1,0
46,460045,1,1,0,0,0,2,2,103,0,11,8,2011,5,21,26,0,16,4,DYESS RD,,0,44.11841667,-103.171463890,0,38,0,0,1,1,4,0,2,1,0,1,0,0000000,21,31,21,42,22,21,0,0,0,1,1
46,460046,2,2,0,0,0,2,2,63,0,12,8,2011,6,14,33,1,2,2,US-85,MACKEY RD,1133,45.39568056,-103.557255560,0,1,0,0,2,3,1,0,1,1,0,1,0,0000000,14,33,14,50,15,45,0,0,0,1,0
46,460047,1,1,0,0,0,3,3,99,0,17,8,2011,4,11,20,1,1,1,I-90 E,,3890,43.60891111,-96.918661110,0,1,0,0,1,1,3,1,1,1,0,1,0,0000000,11,21,11,34,12,0,0,0,0,1,0
46,460048,2,2,0,0,0,3,3,93,0,5,8,2011,6,17,4,0,6,4,132ND AVE,ALKALI RD,0,44.41642500,-103.408275000,0,12,1,0,2,3,1,0,1,1,0,1,0,0000000,17,5,17,11,17,28,0,0,0,1,0
46,460049,2,2,0,0,0,6,6,99,2450,13,8,2011,7,17,43,1,11,1,I-29 S,,793,43.54333611,-96.780575000,0,12,1,0,1,1,1,0,1,1,0,1,0,0000000,17,44,17,50,18,2,0,0,0,1,0
46,460050,2,2,0,0,0,2,2,51,0,22,8,2011,2,18,29,0,4,4,149TH ST,,0,45.22347778,-96.519533330,0,12,2,0,1,1,1,0,1,1,0,1,0,0000000,18,33,18,44,88,88,0,0,0,1,0
46,460051,1,1,0,0,0,2,2,69,0,8,7,2011,6,14,40,0,3,3,SR-34,,2476,44.28551389,-99.623072220,0,11,0,0,1,1,1,0,1,1,0,1,0,0000000,14,45,15,11,15,51,0,0,0,1,0
46,460052,1,1,0,0,0,1,1,55,0,2,9,2011,6,16,0,0,3,3,SR-73,,922,44.03533333,-101.665438890,0,11,0,0,1,1,1,0,1,1,0,1,0,0000000,16,10,16,17,88,88,0,0,0,1,0
46,460053,2,2,0,0,0,3,3,11,360,3,9,2011,7,2,22,1,14,2,US-14,22ND ST,4214,44.31141389,-96.768191670,0,12,6,0,2,2,1,0,3,1,0,1,0,0000000,2,25,2,30,88,88,0,0,0,1,1
46,460054,1,1,0,0,0,2,2,71,0,3,9,2011,7,23,20,0,3,3,SR-44,,1230,43.70027500,-101.934916670,3,35,0,0,1,1,4,0,3,1,0,1,0,0000000,23,20,23,59,2,15,20,0,0,1,0
46,460055,1,1,0,0,0,3,3,125,0,4,9,2011,1,21,50,0,4,4,461ST AVE,,0,43.24087222,-96.984666670,0,1,0,0,1,1,4,0,3,1,0,1,0,0000000,21,50,21,56,22,20,0,0,0,1,1
46,460056,1,1,0,0,0,1,1,81,0,25,7,2011,2,0,1,0,2,2,US-385,,1177,44.31141667,-103.691550000,0,1,0,0,1,1,4,0,3,99,0,99,0,0000000,88,88,88,88,88,88,0,0,0,1,0
46,460057,1,1,0,0,0,1,1,93,0,13,8,2011,7,20,30,0,4,4,VANOCKER CANYON RD,,0,44.26995000,-103.536425000,0,1,0,0,1,1,4,0,5,1,0,1,0,0000000,9,14,9,36,10,30,0,0,0,1,1
46,460058,1,1,0,0,0,1,1,79,0,13,8,2011,7,99,99,0,6,4,455TH AVE,,0,43.93093056,-97.109030560,0,1,0,0,1,1,4,0,9,99,0,99,0,0000000,88,88,88,88,88,88,0,0,0,1,0
46,460059,1,1,0,0,0,1,1,123,0,7,9,2011,4,7,19,0,3,2,US-183,,10,43.01044444,-99.780433330,0,31,0,0,1,1,4,0,9,1,0,1,0,0000000,99,99,99,97,99,97,0,0,0,1,1
46,460060,1,1,0,0,0,1,1,109,0,11,9,2011,1,9,5,0,4,4,450TH AVE,,0,45.57624722,-97.206361110,0,1,0,0,1,1,4,0,1,1,0,1,0,0000000,9,20,9,43,88,88,0,0,0,1,0
46,460061,2,2,0,0,0,3,3,109,0,11,9,2011,1,13,0,1,2,2,US-12,,3663,45.31484722,-97.051716670,0,12,2,0,1,1,1,0,1,1,0,1,0,0000000,13,8,13,27,14,21,0,0,0,1,0
46,460062,1,1,0,0,0,1,1,41,0,14,5,2011,7,9,44,0,4,4,BIA RTE 2,,0,45.21411111,-101.026713890,3,34,0,0,1,1,4,0,9,99,0,99,0,0000000,9,47,10,9,88,88,0,0,0,1,0
46,460063,2,2,0,0,0,3,3,29,0,14,9,2011,4,13,7,0,4,4,164TH ST,455TH AVE,0,45.00620278,-97.106161110,0,12,6,0,2,3,1,0,1,1,0,1,0,0000000,88,88,88,88,88,88,0,0,0,2,0
46,460064,1,1,0,0,0,2,2,85,0,18,9,2011,1,20,20,1,1,1,I-90 W,,2283,43.89748056,-100.001550000,0,1,0,0,1,1,3,0,3,1,0,1,0,0000000,20,22,20,32,21,19,0,0,0,1,0
46,460065,1,1,0,2,2,1,1,77,770,23,9,2011,6,21,44,0,6,5,1ST ST,,0,44.38725556,-97.548550000,0,8,0,0,1,1,1,0,3,1,0,1,0,0000000,21,45,21,47,21,57,0,0,0,1,1
46,460066,2,2,0,0,0,2,2,11,360,9,9,2011,6,9,17,1,14,2,US-14 E,,4191,44.31172222,-96.807877780,0,12,6,0,1,1,1,0,1,1,0,1,0,0000000,9,17,9,19,9,35,0,0,0,1,0
46,460067,2,1,1,0,1,1,2,125,0,4,8,2011,5,10,30,0,3,3,SR-19,,565,43.43419444,-97.122086110,0,45,0,0,1,1,1,1,1,1,0,1,0,0000000,10,37,10,51,11,35,0,0,0,1,0
46,460068,1,1,0,0,0,1,1,91,0,28,9,2011,4,7,0,0,4,4,446TH AVE,,0,45.84456667,-97.290341670,0,1,0,0,1,1,4,0,2,1,0,1,0,0000000,88,88,88,88,88,88,0,0,0,1,1
46,460069,1,1,0,1,1,1,1,99,2450,27,9,2011,3,19,42,0,15,6,33RD ST W,CENTER AVE S,0,43.52213889,-96.728802780,0,8,0,0,3,3,1,0,2,1,0,1,0,0000000,19,45,19,47,20,3,0,0,0,1,0
46,460070,1,1,0,0,0,2,2,93,0,30,9,2011,6,15,5,1,1,1,I-90 E,,290,44.42471389,-103.556036110,0,1,0,0,1,1,3,0,1,1,0,1,0,0000000,15,11,15,15,16,9,0,0,0,1,0
46,460071,1,1,0,0,0,1,1,83,0,2,10,2011,1,15,23,0,4,4,486TH AVE,,0,43.11311111,-96.480041670,0,1,0,0,1,1,4,0,1,1,0,1,0,0000000,88,88,88,88,88,88,0,0,0,1,1
46,460072,1,1,0,0,0,2,2,47,0,12,9,2011,2,19,13,0,5,4,BUTTE RD N,DEAD TREE RD,0,43.30349722,-103.209358330,0,11,0,0,1,1,1,0,1,1,0,1,0,0000000,19,13,19,25,20,36,0,0,0,1,0
46,460073,1,1,0,0,0,1,1,115,1780,14,10,2011,6,17,46,0,3,3,SR-20,,3225,45.15805000,-98.494827780,0,10,0,0,6,1,1,0,1,1,0,1,0,394834T,88,88,88,88,88,88,0,0,0,1,0
46,460074,1,1,0,0,0,1,1,127,0,15,10,2011,7,7,12,1,1,1,I-29 S,,0,42.49863056,-96.486286110,0,1,0,0,1,1,4,0,1,1,0,1,0,0000000,7,14,7,29,7,39,0,0,0,1,0
46,460075,1,1,0,0,0,1,1,5,0,20,10,2011,5,6,50,0,6,4,397TH AVE,,0,44.39543889,-98.274741670,0,1,0,0,1,1,4,0,2,1,0,1,0,0000000,7,3,7,22,99,99,0,0,0,1,0
46,460076,1,1,0,1,1,4,4,127,0,20,10,2011,5,21,5,1,1,1,I-29 S,,0,42.49766389,-96.485002780,0,8,0,0,1,1,1,0,2,1,0,1,0,0000000,21,9,21,20,22,10,19,0,0,1,0
46,460077,1,1,0,0,0,2,2,71,0,23,10,2011,1,13,15,1,1,1,I-90 W,,1698,43.87724444,-101.149088890,0,35,0,0,1,1,3,0,1,1,0,1,0,0000000,13,18,13,38,99,99,0,0,0,1,0
46,460078,1,1,0,0,0,2,2,29,0,24,10,2011,2,17,34,0,6,4,MEADOW LAKE RD,,0,44.85862500,-97.058561110,0,1,0,0,1,1,4,0,1,1,0,1,0,0000000,17,35,17,43,18,14,0,0,0,1,0
46,460079,1,1,0,0,0,1,1,5,1420,27,10,2011,5,6,14,1,14,2,US-14 W,,3456,44.37050833,-98.212997220,0,33,0,0,1,1,3,0,4,1,0,1,0,0000000,6,14,6,20,88,88,0,0,0,1,0
46,460080,1,1,0,0,0,1,1,23,0,30,10,2011,1,23,30,0,6,4,283RD ST,,0,43.28379444,-98.795266670,0,1,0,0,1,1,4,0,2,1,0,1,0,0000000,0,1,0,6,99,99,0,0,0,1,0
46,460081,1,1,0,0,0,3,3,109,0,29,10,2011,7,22,0,0,4,4,101ST ST,,0,45.92105000,-97.147661110,0,1,0,0,1,1,4,0,2,1,0,1,0,0000000,88,88,88,88,88,88,0,0,0,3,1
46,460082,1,1,0,0,0,1,1,103,0,23,9,2011,6,13,14,0,5,4,OLD HILL CITY RD,,0,43.92179722,-103.543016670,0,1,0,0,1,1,4,0,1,1,0,1,0,0000000,99,99,99,99,99,99,0,0,0,1,0
46,460083,1,1,0,0,0,1,1,41,0,20,10,2011,5,13,11,0,5,3,SR-63,,2010,45.37422500,-101.221069440,3,35,0,0,1,1,4,0,1,1,0,1,0,0000000,13,12,13,37,14,25,0,0,0,1,0
46,460084,1,1,0,0,0,3,3,69,0,24,10,2011,2,7,15,0,3,3,SR-47,,1299,44.42085833,-99.441555560,0,1,0,0,1,1,4,0,4,1,0,1,0,0000000,7,53,7,59,8,55,0,0,0,1,0
46,460085,1,1,0,0,0,3,3,91,0,1,11,2011,3,19,37,0,4,4,445TH AVE,,0,45.59813611,-97.309583330,0,1,0,0,1,1,4,0,2,1,0,1,0,0000000,19,41,20,11,20,39,0,0,0,1,1
46,460086,1,1,0,0,0,1,1,95,0,10,11,2011,5,14,0,0,3,3,SR-44,,1768,43.57489444,-101.119555560,0,1,0,0,1,1,4,0,1,1,0,1,0,0000000,88,88,88,88,88,88,0,0,0,1,1
46,460087,1,1,0,0,0,2,2,15,0,11,11,2011,6,1,28,1,1,1,I-90 E,,2682,43.75511944,-99.268738890,0,1,0,0,1,1,3,0,2,1,0,1,0,0000000,1,29,1,40,1,51,20,0,0,2,1
46,460088,1,1,0,0,0,3,3,71,0,1,10,2011,7,2,31,0,3,3,SR-44,,1391,43.53611111,-101.800300000,3,1,0,0,1,1,4,0,2,1,0,1,0,0000000,99,99,99,99,99,99,0,0,0,1,1
46,460089,1,1,0,1,1,1,1,103,2250,2,11,2011,4,18,19,0,13,3,SR-44,1ST ST,451,44.08183611,-103.216977780,0,8,0,0,1,1,1,0,6,1,0,1,0,0000000,18,19,18,22,18,38,0,0,0,1,0
46,460090,2,2,0,0,0,3,3,63,0,20,11,2011,1,17,30,1,2,2,US-85,,1440,45.80813611,-103.383922220,0,12,6,0,1,1,1,0,2,1,0,1,0,0000000,17,40,18,0,19,46,0,0,0,2,0
46,460091,1,1,0,0,0,1,1,31,1720,30,10,2011,1,16,51,0,3,3,SR-63,,2530,45.83329722,-100.810600000,3,38,0,0,1,1,4,0,1,1,0,1,0,0000000,88,88,88,88,88,88,0,0,0,1,1
46,460092,2,2,0,0,0,2,2,83,0,25,11,2011,6,13,45,0,4,3,SR-17,276TH ST,450,43.38859167,-96.885919440,0,12,6,0,2,2,1,0,1,10,0,10,0,0000000,13,53,13,58,88,88,0,0,0,1,0
46,460093,2,2,0,0,0,2,2,99,0,2,12,2011,6,6,23,1,1,1,I-29 N,,955,43.77725833,-96.781022220,0,12,6,0,1,1,1,0,2,1,0,1,0,0000000,6,23,6,37,88,88,0,0,0,1,0
46,460094,2,1,1,0,0,1,1,99,0,9,12,2011,6,10,34,0,3,3,SR-42,,3742,43.52280556,-96.576180560,0,19,0,0,1,1,4,0,1,1,0,1,0,0000000,10,28,10,51,11,17,0,0,0,1,0
46,460095,1,1,0,0,0,3,3,83,0,19,11,2011,7,9,24,1,1,1,I-29 S,,633,43.32262500,-96.796647220,0,1,0,0,1,1,3,0,1,3,0,3,0,0000000,9,25,9,32,9,58,0,0,0,1,1
46,460096,1,1,0,1,1,1,1,103,2250,10,12,2011,7,17,23,0,16,6,MILWAUKEE ST,,0,44.08957778,-103.207711110,0,8,0,0,1,1,1,0,2,10,0,10,0,0000000,17,25,17,30,17,52,0,0,0,1,1
46,460097,1,1,0,0,0,3,3,101,0,27,12,2011,3,19,12,1,1,1,I-29 N,,1231,44.17137500,-96.759369440,0,1,0,0,1,1,3,0,2,1,0,1,0,0000000,19,13,19,37,21,31,0,0,0,1,0
46,460098,2,2,0,0,0,3,3,35,0,16,12,2011,6,16,28,0,4,4,265TH ST,403RD AVE,0,43.54193889,-98.143958330,0,12,6,0,2,2,1,0,1,1,0,1,0,0000000,16,30,16,51,18,6,0,0,0,1,0
46,460099,1,1,0,0,0,3,3,71,0,6,11,2011,1,15,7,0,5,4,CRAVEN RD,,0,43.67286667,-101.834772220,3,35,0,0,1,1,4,0,1,1,0,1,0,0000000,99,99,99,99,99,99,0,0,0,1,1
46,460100,1,1,0,1,1,2,2,113,0,10,11,2011,5,20,0,1,2,2,US-18,OGLALA 3,881,43.18763333,-102.739630560,3,8,0,0,2,3,1,0,2,1,0,1,0,0000000,99,99,99,99,99,99,0,0,0,1,0
46,460101,1,1,0,0,0,2,2,113,0,11,11,2011,6,6,56,0,4,4,BIA-27,,0,43.15224444,-102.345416670,3,1,0,0,1,1,4,0,2,1,0,1,0,0000000,99,99,99,99,99,99,0,0,0,1,1
46,460102,2,2,0,0,0,2,2,135,3070,13,4,2011,4,14,10,1,13,2,US-81,,23,42.89595000,-97.397430560,0,12,1,0,1,1,1,0,1,1,0,1,0,0000000,14,10,14,15,14,40,0,0,0,1,0
47,470001,2,2,0,0,0,3,3,89,0,1,2,2011,3,7,50,1,1,1,I-40,,157,36.04028611,-83.334372220,0,12,6,0,1,1,1,0,1,2,0,2,0,0000000,99,99,99,99,99,99,0,0,0,1,0
47,470002,1,1,0,0,0,1,1,183,0,1,1,2011,7,2,0,0,15,4,HYNDSVER ROAD,,11,36.35452778,-88.840244440,0,34,0,0,1,1,4,0,2,2,0,2,0,0000000,99,99,99,99,99,99,0,0,0,1,1
47,470003,2,2,0,0,0,4,4,157,1620,1,1,2011,7,17,35,0,15,6,BROWNBARK DR,GREENBARK DR,5,35.05315000,-89.838102780,0,12,6,0,2,2,1,0,3,1,0,1,0,0000000,99,99,99,99,99,99,0,0,0,1,0
47,470004,1,1,0,0,0,1,1,45,0,3,1,2011,2,10,25,1,2,2,US-SR3,,39,35.99950833,-89.396594440,0,53,0,0,1,1,4,0,1,1,0,1,0,0000000,99,99,99,99,88,88,0,0,0,1,0
47,470005,1,1,0,0,0,1,1,143,0,4,1,2011,3,14,25,0,6,4,HIGH WATER ROAD,,0,35.54516944,-84.972450000,0,10,0,0,6,1,1,0,1,1,0,1,0,841927W,99,99,99,99,99,99,0,0,0,1,0
47,470006,1,1,0,0,0,4,4,9,0,17,1,2011,2,17,55,0,3,2,US-SR115,,60,35.64354167,-84.071213890,0,34,0,0,1,1,4,0,2,1,0,1,0,0000000,99,99,99,99,99,99,0,0,0,1,0
47,470007,1,1,0,0,0,1,1,5,330,20,1,2011,5,99,99,0,5,4,DIVIDER & NATCHEZ TRACE ROAD,,70,35.97814167,-88.171472220,0,34,0,0,1,1,4,0,3,4,0,4,0,0000000,99,99,99,99,88,88,0,0,0,1,1
47,470008,1,1,0,0,0,1,1,31,177,21,1,2011,6,21,45,0,4,2,US-SR2,OSCAR CROWELL RD,2,35.60522778,-86.221502780,0,59,0,0,2,4,4,0,2,1,0,1,0,0000000,99,99,99,99,99,99,0,0,0,1,1
47,470009,1,1,0,0,0,1,1,187,0,1,1,2011,7,17,23,0,3,3,SR-96,,156,35.90033889,-86.783983330,0,35,0,0,1,1,4,0,2,1,0,1,0,0000000,99,99,99,99,99,99,0,0,0,1,0
47,470010,2,2,0,0,0,3,3,35,0,5,1,2011,4,20,30,0,3,3,SR-68,,51,35.86881389,-84.924272220,0,12,2,0,1,1,1,0,2,4,0,4,0,0000000,21,0,21,12,21,51,0,0,0,1,0
47,470011,2,2,0,1,1,3,3,73,2368,22,1,2011,7,18,32,1,2,2,US-SR1,,304,36.50565556,-82.794219440,0,8,0,0,1,1,1,0,2,1,0,1,0,0000000,99,99,99,99,99,99,14,23,0,1,0
47,470012,2,2,0,0,0,2,2,99,2107,5,1,2011,4,10,57,1,2,2,US-SR6,SHELTON DRIVE,34,35.03933889,-87.501152780,0,12,6,0,2,3,1,0,1,2,0,2,0,0000000,99,99,99,99,99,99,0,0,0,1,0
47,470013,2,2,0,0,0,2,2,49,0,22,1,2011,7,10,45,0,2,2,US-SR28,,114,36.33501389,-84.956047220,0,12,2,0,1,1,1,0,1,1,0,1,0,0000000,99,99,99,99,99,99,0,0,0,1,0
47,470015,1,1,0,0,0,2,2,65,400,6,1,2011,5,23,52,1,12,2,US-SR29,,6,35.06294444,-85.317930560,0,42,0,0,1,1,4,0,2,1,0,1,0,0000000,99,99,99,99,99,99,0,0,0,1,1
47,470016,2,2,0,0,0,4,4,59,0,8,1,2011,7,8,15,0,5,4,MT HOPE RD,,24,36.20022222,-83.086633330,0,12,2,0,1,1,1,0,1,4,0,4,0,0000000,99,99,99,99,99,99,0,0,0,1,0
47,470017,2,2,0,0,0,4,4,59,0,22,1,2011,7,20,15,0,3,2,US-SR35,,1,36.03545278,-83.003369440,0,12,2,0,1,1,1,0,2,1,0,1,0,0000000,99,99,99,99,99,99,0,0,0,1,0
47,470018,1,1,0,0,0,2,2,93,1300,22,1,2011,7,21,50,0,13,2,US-SR1,,282,36.04684444,-83.814805560,0,32,0,0,1,1,4,0,2,1,0,1,0,0000000,99,99,99,99,99,99,0,0,0,1,1
47,470019,1,1,0,1,1,1,1,79,0,8,1,2011,7,23,20,0,6,4,SPRING HILL RD,,0,36.25097500,-88.336086110,0,8,0,0,1,1,1,0,2,1,0,1,0,0000000,99,99,99,99,88,88,0,0,0,1,1
47,470020,1,1,0,0,0,1,1,37,1760,8,1,2011,7,23,4,1,11,1,I-65,,150,36.24355556,-86.747961110,0,20,0,1,18,1,8,0,3,1,0,1,0,0000000,99,99,99,99,99,99,0,0,0,1,0
47,470021,2,2,0,0,0,5,5,155,2170,9,1,2011,1,12,16,1,13,2,US-SR71,COLLIER DR,266,35.83831111,-83.570933330,0,12,6,0,2,2,1,0,1,10,0,10,0,0000000,99,99,99,99,99,99,0,0,0,1,0
47,470022,2,2,0,0,0,4,4,59,1715,23,1,2011,1,8,0,1,2,2,US-SR34,,51,36.20227778,-83.000958330,0,12,1,0,1,1,1,0,1,1,0,1,0,0000000,99,99,99,99,99,99,0,0,0,1,0
47,470023,1,1,0,0,0,3,3,189,1360,15,1,2011,7,3,45,1,2,3,SR-109,,140,36.32481944,-86.436616670,0,1,0,0,1,1,4,0,2,1,0,1,0,0000000,99,99,99,99,99,99,0,0,0,1,1
47,470024,1,1,0,1,1,1,1,113,0,15,1,2011,7,19,42,0,4,3,SR-138,,132,35.59181944,-89.054983330,0,8,0,0,1,1,1,0,3,1,0,1,0,0000000,99,99,99,99,99,99,0,0,0,1,1
47,470025,2,2,0,0,0,7,7,59,0,23,1,2011,1,21,10,1,1,1,I-81,,145,36.27846111,-82.913647220,0,12,1,0,1,1,1,0,2,1,0,1,0,0000000,99,99,99,99,99,99,0,0,0,1,0
47,470026,1,1,0,0,0,1,1,37,1760,23,1,2011,1,4,50,1,13,3,SR-45,,82,36.26396111,-86.688908330,0,1,0,0,1,1,1,0,2,1,0,1,0,0000000,99,99,99,99,99,99,0,0,0,1,1
47,470027,2,2,0,0,0,3,3,77,1390,18,1,2011,3,15,13,1,13,2,US-SR20,SPUR DRIVE,150,35.63933056,-88.360905560,0,12,6,0,2,3,1,0,1,10,0,10,0,0000000,99,99,99,99,99,99,0,0,0,1,1
47,470028,2,2,0,0,0,2,2,157,0,25,1,2011,3,7,5,0,14,2,US-SR1,,216,35.24725000,-89.768638890,0,12,8,0,1,1,1,0,1,2,0,2,0,0000000,99,99,99,99,99,99,0,0,0,1,0
47,470029,1,1,0,0,0,4,4,83,800,9,1,2011,1,0,28,0,5,4,BATEMAN BRANCH RD,,81,36.25365278,-87.616433330,0,30,0,0,1,1,4,0,2,1,0,1,0,0000000,99,99,99,99,99,99,0,0,0,1,1
47,470030,1,1,0,1,1,1,1,123,1540,24,1,2011,2,22,17,0,3,3,SR-68,,126,35.49428889,-84.364658330,0,8,0,0,1,1,1,0,2,1,0,1,0,0000000,99,99,99,99,88,88,0,0,0,1,0
47,470032,1,1,0,0,0,2,2,77,0,16,1,2011,1,4,0,1,1,1,I-40,,82,35.76480556,-88.470400000,0,1,0,0,1,1,3,0,2,1,0,1,0,0000000,99,99,99,99,88,88,0,0,0,1,1
47,470033,2,2,0,0,0,3,3,133,0,17,1,2011,2,12,5,0,5,4,CAMPGROUND ROAD,,37,36.38063889,-85.382269440,0,12,2,0,1,1,1,0,1,2,0,2,0,0000000,99,99,99,99,99,99,0,0,0,1,0
47,470034,1,1,0,0,0,2,2,51,0,10,1,2011,2,20,5,0,3,3,SR-122,MCCLURE CEMETERY RD,13,35.04705833,-86.300366670,0,1,0,0,2,2,1,0,2,10,0,10,0,0000000,99,99,99,99,99,99,0,0,0,1,1
47,470035,1,1,0,1,1,1,1,37,1760,14,1,2011,6,18,3,0,14,2,US-SR11,E TRINITY LANE,149,36.20590556,-86.768561110,0,8,0,0,3,2,1,0,3,1,0,1,0,0000000,99,99,99,99,18,24,0,0,0,1,0
47,470036,1,1,0,0,0,1,1,113,0,8,1,2011,7,99,99,0,6,4,BARNETT ROAD,,0,35.74763056,-88.792447220,0,42,0,0,1,1,4,0,2,1,0,1,0,0000000,99,99,99,99,88,88,0,0,0,1,0
47,470037,2,2,0,0,0,2,2,59,1715,18,1,2011,3,17,0,1,2,2,US-SR34,BRIDGE BURNERS BOULE,44,36.20966111,-83.014316670,0,12,6,0,2,3,1,0,1,2,0,2,0,0000000,99,99,99,99,99,99,0,0,0,1,0
47,470038,1,1,0,0,0,1,1,13,0,27,1,2011,5,18,45,0,6,4,OLD MIDDLESBORO HIGH,,1,36.41463056,-84.037955560,0,30,0,0,1,1,4,0,2,1,0,1,0,0000000,99,99,99,99,99,99,0,0,0,1,0
47,470039,2,2,0,0,0,2,2,77,0,27,1,2011,5,16,22,1,1,1,I-40,,80,35.76486667,-88.471313890,0,12,1,0,1,1,1,1,1,1,0,1,0,0000000,99,99,99,99,88,88,3,0,0,1,0
47,470040,2,2,0,0,0,3,3,157,450,1,2,2011,3,14,19,0,13,3,SR-57,,30,35.04604444,-89.685344440,0,12,6,0,8,1,1,0,1,2,0,2,0,0000000,99,99,99,99,99,99,0,0,0,1,0
47,470041,1,1,0,1,1,2,2,77,0,16,1,2011,1,4,5,1,1,1,I-40,,82,35.76447500,-88.472761110,0,8,0,0,1,1,1,0,2,1,0,1,0,0000000,99,99,99,99,88,88,19,0,0,1,0
47,470042,1,1,0,0,0,2,2,93,0,11,1,2011,3,18,53,0,6,4,CONNER ROAD,,2,36.06975833,-84.011441670,0,30,0,0,1,1,4,0,2,3,0,3,0,0000000,99,99,99,99,99,99,0,0,0,1,0
47,470043,1,1,0,0,0,1,1,7,1950,28,1,2011,6,8,30,0,3,3,SR-30,,96,35.58061667,-85.165586110,0,35,0,0,1,1,4,0,1,1,0,1,0,0000000,99,99,99,99,99,99,0,0,0,1,0