STATE,ST_CASE,VE_TOTAL,VE_FORMS,PVH_INVL,PEDS,PERNOTMVIT,PERMVIT,PERSONS,COUNTY,CITY,DAY,MONTH,YEAR,DAY_WEEK,HOUR,MINUTE,NHS,ROAD_FNC,ROUTE,TWAY_ID,TWAY_ID2,MILEPT,LATITUDE,LONGITUD,SP_JUR,HARM_EV,MAN_COLL,RELJCT1,RELJCT2,TYP_INT,REL_ROAD,WRK_ZONE,LGT_COND,WEATHER1,WEATHER2,WEATHER,SCH_BUS,RAIL,NOT_HOUR,NOT_MIN,ARR_HOUR,ARR_MIN,HOSP_HR,HOSP_MN,CF1,CF2,CF3,FATALS,DRUNK_DR
47,470045,2,2,0,0,0,2,2,167,0,31,1,2011,2,15,43,0,3,3,SR-14,,27,35.40669167,-89.715263890,0,12,2,0,1,1,1,1,1,1,0,1,0,0000000,99,99,99,99,99,99,3,0,0,1,0
47,470046,2,2,0,0,0,2,2,131,0,3,2,2011,5,5,20,1,2,2,US-SR3,ALLIE CAMPBELL ROAD,146,36.38561944,-89.106561110,0,12,1,0,2,3,1,0,2,1,0,1,0,0000000,99,99,99,99,99,99,0,0,0,1,0
47,470047,2,2,0,0,0,4,4,163,1280,3,2,2011,5,18,50,0,14,6,LEBANON RD,,40,36.48010278,-82.505522220,0,12,2,0,1,1,1,0,3,1,0,1,0,0000000,99,99,99,99,99,99,0,0,0,1,0
47,470048,1,1,0,0,0,2,2,35,0,4,2,2011,6,0,35,0,4,3,SR-101,,75,35.86068333,-85.119216670,0,59,0,0,1,1,4,0,2,1,0,1,0,0000000,0,56,1,9,1,28,0,0,0,1,1
47,470049,1,1,0,2,2,3,3,157,1620,5,2,2011,7,20,6,0,14,6,MILL BRANCH RD,,37,35.04985000,-90.007472220,0,8,0,0,1,1,1,0,3,1,0,1,0,0000000,99,99,99,99,99,99,0,0,0,1,1
47,470050,2,2,0,0,0,2,2,17,0,8,2,2011,3,5,35,0,3,2,US-SR1,,138,35.93315000,-88.487183330,0,12,6,0,1,1,1,0,2,10,0,10,0,0000000,99,99,99,99,99,99,0,0,0,1,0
47,470051,1,1,0,0,0,1,1,145,0,8,2,2011,3,16,10,1,2,3,SR-61,,140,36.00211389,-84.401091670,0,42,0,0,1,1,4,0,1,1,0,1,0,0000000,99,99,99,99,99,99,0,0,0,1,0
47,470052,1,1,0,0,0,2,2,35,0,9,2,2011,4,13,40,1,1,1,I-40,,226,35.93986389,-84.929725000,0,42,0,0,1,1,4,0,1,1,0,1,0,0000000,13,49,13,57,14,32,0,0,0,2,0
47,470053,1,1,0,0,0,1,1,157,1620,6,2,2011,1,11,50,1,13,3,SR-277,,25,35.08594444,-89.987566670,0,30,0,0,1,1,4,0,1,1,0,1,0,0000000,99,99,99,99,99,99,0,0,0,1,0
47,470054,3,3,0,0,0,3,3,157,1620,18,1,2011,3,6,19,1,11,1,I-240,,62,35.07412222,-90.002833330,0,12,8,0,7,1,1,0,1,2,0,2,0,0000000,99,99,99,99,99,99,14,0,0,1,0
47,470055,1,1,0,0,0,3,3,65,0,10,2,2011,5,16,56,0,15,4,FAIRVIEW RD,,50,35.16212500,-85.184619440,0,35,0,0,1,1,4,0,1,1,0,1,0,0000000,99,99,99,99,99,99,0,0,0,2,0
47,470056,2,2,0,0,0,2,2,181,2540,3,2,2011,5,17,44,0,3,3,SR-13,,241,35.28276944,-87.766566670,0,12,2,0,1,1,2,0,2,1,0,1,0,0000000,99,99,99,99,99,99,0,0,0,1,0
47,470057,1,1,0,0,0,1,1,59,403,14,2,2011,2,14,50,0,4,3,SR-351,,132,36.16483889,-82.679008330,0,1,0,0,1,1,4,0,1,1,0,1,0,0000000,99,99,99,99,88,88,0,0,0,1,1
47,470058,1,1,0,0,0,1,1,139,0,14,2,2011,2,4,30,0,3,3,SR-68,,31,35.09042500,-84.374980560,0,42,0,0,1,1,4,0,2,1,0,1,0,0000000,99,99,99,99,88,88,0,0,0,1,0
47,470059,3,3,0,0,0,5,5,157,1620,13,2,2011,1,18,40,0,12,6,SAM COOPER BLVD,,41,35.14543333,-89.911041670,0,12,6,0,1,1,1,0,3,1,0,1,0,0000000,99,99,99,99,99,99,0,0,0,1,0
47,470060,1,1,0,0,0,1,1,69,260,16,2,2011,4,3,34,0,3,3,SR-125,,120,35.17910556,-88.919477780,0,53,0,0,1,1,4,0,2,1,0,1,0,0000000,99,99,99,99,99,99,0,0,0,1,0
47,470061,2,2,0,0,0,3,3,65,0,8,2,2011,3,17,7,0,2,3,SR-60,,8,35.32945833,-84.971372220,0,12,2,0,1,1,1,0,1,1,0,1,0,0000000,99,99,99,99,99,99,0,0,0,2,0
47,470062,1,1,0,0,0,1,1,73,405,16,2,2011,4,14,41,0,4,3,SR-346,,11,36.45648056,-82.894569440,0,42,0,0,1,1,4,0,1,1,0,1,0,0000000,99,99,99,99,99,99,0,0,0,1,0
47,470063,1,1,0,0,0,2,2,119,470,9,2,2011,4,8,8,0,13,2,US-SR50,,132,35.61716111,-87.066719440,0,30,0,0,1,1,4,0,1,1,0,1,0,0000000,99,99,99,99,99,99,0,0,0,1,0
47,470064,1,1,0,0,0,3,3,43,640,10,2,2011,5,15,5,0,16,6,BLUE RD,,0,36.06590556,-87.355411110,0,42,0,0,1,1,4,0,1,1,0,1,0,0000000,99,99,99,99,99,99,0,0,0,1,0
47,470065,2,2,0,0,0,2,2,93,1300,3,2,2011,5,11,51,0,14,3,SR-169,GALLAHAR VIEW RD,39,35.94203611,-84.060580560,0,12,6,0,2,2,1,0,1,1,0,1,0,0000000,99,99,99,99,99,99,0,0,0,1,0
47,470066,1,1,0,0,0,1,1,105,0,19,2,2011,7,16,0,0,3,3,SR-72,,155,35.74724444,-84.439888890,0,35,0,0,1,1,5,0,1,1,0,1,0,0000000,99,99,99,99,99,99,0,0,0,1,1
47,470067,1,1,0,0,0,1,1,139,0,19,2,2011,7,3,40,0,4,3,SR-30,,169,35.13105833,-84.526491670,1,1,0,0,1,1,4,0,2,1,0,1,0,0000000,99,99,99,99,88,88,0,0,0,1,1
47,470068,1,1,0,0,0,3,3,9,1570,6,2,2011,1,5,7,0,15,6,GRANDVIEW DR,,6,35.74798333,-83.939494440,0,5,0,0,1,1,1,0,3,10,0,10,0,0000000,99,99,99,99,99,99,0,0,0,1,1
47,470069,1,1,0,0,0,2,2,103,0,11,2,2011,6,16,40,0,6,4,JOHN SUGG RD,,0,35.12774444,-86.623752780,0,1,0,0,1,1,4,0,1,1,0,1,0,0000000,99,99,99,99,99,99,0,0,0,1,0
47,470070,1,1,0,0,0,1,1,129,0,12,2,2011,7,19,0,0,4,3,SR-298,,35,36.10737222,-84.784325000,0,35,0,0,1,1,4,0,2,1,0,1,0,0000000,99,99,99,99,99,99,0,0,0,1,1
47,470071,3,3,0,0,0,9,9,157,1620,12,2,2011,7,4,0,1,11,1,I-55,,95,35.09458889,-90.076391670,0,12,1,0,1,1,1,0,3,1,0,1,0,0000000,99,99,99,99,99,99,14,0,0,1,0
47,470072,2,2,0,0,0,3,3,35,0,13,2,2011,1,22,50,1,1,1,I-40,,318,35.90042778,-84.774875000,0,57,0,0,1,1,3,0,2,1,0,1,0,0000000,22,50,23,1,0,25,19,0,0,1,1
47,470074,1,1,0,0,0,2,2,105,1944,9,3,2011,4,17,46,0,16,6,SUNNYSIDE ROAD,,0,35.64847500,-84.387338890,0,42,0,0,1,1,4,0,1,10,0,10,0,0000000,99,99,99,99,99,99,0,0,0,2,0
47,470075,2,2,0,0,0,2,2,159,0,9,3,2011,4,6,25,1,1,1,I-40,,153,36.14037222,-85.835486110,0,12,1,0,1,1,1,0,4,2,0,2,0,0000000,99,99,99,99,88,88,19,0,0,1,0
47,470076,2,2,0,0,0,2,2,53,1170,19,2,2011,7,11,5,0,4,3,SR-152,,21,35.82009722,-88.888127780,0,12,2,0,1,1,1,0,1,1,0,1,0,0000000,99,99,99,99,99,99,0,0,0,1,0
47,470077,1,1,0,0,0,1,1,183,0,20,2,2011,1,15,20,0,14,3,SR-216,,29,36.32391667,-88.898736110,0,34,0,0,1,1,4,0,1,1,0,1,0,0000000,99,99,99,99,99,99,0,0,0,1,1
47,470078,1,1,0,0,0,1,1,97,2050,23,1,2011,1,8,46,0,16,6,CHISOLM LAKE RD,,1,35.78091667,-89.546641670,0,42,0,0,1,1,4,0,1,1,0,1,0,0000000,99,99,99,99,99,99,0,0,0,1,0
47,470079,1,1,0,1,1,1,1,113,1200,22,2,2011,3,16,45,0,14,2,US-SR5,BON AIR CIR,159,35.65847222,-88.827941670,0,8,0,0,2,3,1,0,5,1,0,1,0,0000000,99,99,99,99,99,99,0,0,0,1,0
47,470080,1,1,0,0,0,3,3,89,0,23,2,2011,4,11,45,0,5,4,MCGUIRE RD,,14,36.05930000,-83.491866670,0,53,0,0,1,1,4,0,1,1,0,1,0,0000000,99,99,99,99,99,99,0,0,0,1,0
47,470081,1,1,0,0,0,1,1,167,0,27,2,2011,1,19,48,0,4,3,SR-179,,74,35.49813333,-89.531300000,0,42,0,0,1,1,5,0,2,10,0,10,0,0000000,99,99,99,99,88,88,0,0,0,1,0
47,470082,1,1,0,0,0,1,1,93,1300,1,3,2011,3,18,56,1,11,1,I-640,,40,35.96815000,-83.979019440,0,35,0,0,1,1,4,0,3,1,0,1,0,0000000,99,99,99,99,88,88,0,0,0,1,0
47,470083,1,1,0,0,0,1,1,21,0,2,3,2011,4,11,2,1,1,1,I-40,,39,36.08416944,-87.093622220,0,7,0,0,1,1,1,0,1,1,0,1,0,0000000,99,99,99,99,88,88,0,0,0,1,0
47,470084,1,1,0,0,0,3,3,79,0,2,3,2011,4,5,58,0,15,4,OLD PARIS MURRAY RD,,16,36.34731111,-88.324133330,0,35,0,0,1,1,4,0,4,1,0,1,0,0000000,99,99,99,99,99,99,0,0,0,1,0
47,470086,1,1,0,0,0,2,2,75,0,6,3,2011,1,16,55,0,3,2,US-SR1,,99,35.57180833,-89.294552780,0,42,0,0,1,1,4,0,1,1,0,1,0,0000000,99,99,99,99,99,99,0,0,0,1,1
47,470087,1,1,0,0,0,3,3,157,1620,6,3,2011,1,4,29,0,14,2,US-SR3,SAXON AVE,85,35.11705556,-90.021522220,0,30,0,0,2,3,4,0,3,1,0,1,0,0000000,99,99,99,99,99,99,0,0,0,1,0
47,470089,1,1,0,0,0,1,1,79,0,11,3,2011,6,18,40,0,4,3,SR-77,WILSON PARKER RD,49,36.20882222,-88.309650000,0,30,0,0,2,3,4,0,2,1,0,1,0,0000000,99,99,99,99,88,88,0,0,0,1,0
47,470090,1,1,0,1,1,1,1,65,400,14,3,2011,2,21,7,0,16,6,DODSON AVE,,0,35.06708056,-85.253005560,0,8,0,0,1,1,1,0,3,1,0,1,0,0000000,99,99,99,99,99,99,0,0,0,1,0
47,470091,2,2,0,0,0,2,2,147,0,11,3,2011,6,8,45,0,3,2,US-SR65,,139,36.61412500,-86.856425000,0,12,6,0,1,1,1,0,1,1,0,1,0,0000000,99,99,99,99,99,99,0,0,0,2,0
47,470092,2,2,0,0,0,2,2,157,0,12,3,2011,7,8,21,1,11,1,I-40,,191,35.21266667,-89.755683330,0,5,0,0,1,1,1,1,1,1,0,1,0,0000000,99,99,99,99,88,88,3,14,0,1,0
47,470093,2,2,0,0,0,3,3,157,0,12,3,2011,7,21,6,0,3,3,SR-205,,39,35.10147778,-89.657900000,0,12,6,0,1,1,1,0,2,1,0,1,0,0000000,99,99,99,99,88,88,0,0,0,2,0
47,470094,2,2,0,0,0,3,3,163,1280,15,3,2011,3,11,45,1,12,3,SR-93,KINGSGATE CROSSING,69,36.50610833,-82.553208330,0,12,6,1,3,3,1,0,1,1,0,1,0,0000000,99,99,99,99,99,99,0,0,0,1,0
47,470095,3,3,0,0,0,7,7,179,0,12,3,2011,7,13,55,1,2,2,US-SR34,,37,36.25623056,-82.583369440,0,12,6,0,8,1,1,0,1,1,0,1,0,0000000,99,99,99,99,99,99,0,0,0,2,0
47,470096,2,1,1,0,0,1,1,13,0,19,2,2011,7,9,15,0,5,4,MIDDLESBORO ROAD,,59,36.44422500,-83.933411110,0,14,0,0,1,1,4,0,1,1,0,1,0,0000000,99,99,99,99,99,99,0,0,0,1,0
47,470097,1,1,0,0,0,1,1,65,0,10,3,2011,5,4,11,0,3,3,SR-58,,229,35.26249444,-84.992519440,0,53,0,0,1,1,4,0,2,2,0,2,0,0000000,99,99,99,99,88,88,0,0,0,1,0
47,470098,2,2,0,0,0,3,3,143,590,5,3,2011,7,12,40,1,13,2,US-SR29,RICHLAND PARK ST,73,35.48494167,-85.018741670,0,12,6,0,2,3,1,0,1,2,0,2,0,0000000,99,99,99,99,99,99,0,0,0,1,0
47,470099,2,2,0,0,0,2,2,157,1620,28,2,2011,2,12,0,1,13,2,US-SR14,HORN LAKE RD,46,35.03947500,-90.069158330,0,12,6,0,2,2,1,0,1,10,0,10,0,0000000,99,99,99,99,99,99,0,0,0,1,0
47,470100,1,1,0,0,0,1,1,19,0,27,2,2011,1,99,99,0,4,3,SR-91,,185,36.47040833,-81.969558330,0,42,0,0,1,1,4,0,2,1,0,1,0,0000000,99,99,99,99,88,88,18,0,0,1,1
47,470101,2,2,0,0,0,3,3,157,0,8,3,2011,3,12,43,0,13,3,SR-14,,250,35.31043333,-89.820313890,0,12,2,0,1,1,1,0,1,2,0,2,0,0000000,99,99,99,99,99,99,0,0,0,2,0
47,470102,1,1,0,0,0,1,1,99,0,10,3,2011,5,23,15,0,3,3,SR-20,,10,35.45359167,-87.341544440,0,11,0,0,1,1,1,0,2,1,0,1,0,0000000,99,99,99,99,99,99,0,0,0,1,0
47,470103,1,1,0,0,0,1,1,97,0,12,3,2011,7,7,26,0,3,3,SR-19,,257,35.71307222,-89.448361110,0,59,0,0,1,1,4,0,1,1,0,1,0,0000000,99,99,99,99,99,99,0,0,0,1,0
47,470104,1,1,0,0,0,3,3,175,0,12,3,2011,7,23,46,0,5,4,BAKER MOUNTAIN RD,,82,35.64148611,-85.504800000,0,32,0,0,1,1,4,0,2,1,0,1,0,0000000,99,99,99,99,99,99,0,0,0,2,1
47,470105,2,2,0,0,0,6,6,99,1350,3,2,2011,5,18,25,0,4,3,SR-242,WATSON DR,154,35.24336389,-87.343416670,0,12,1,0,2,3,1,0,3,1,0,1,0,0000000,99,99,99,99,99,99,0,0,0,1,0
47,470106,3,3,0,0,0,3,3,3,0,25,2,2011,6,7,50,0,3,2,US-SR16,,137,35.53139167,-86.515730560,0,12,8,0,1,1,1,0,1,1,0,1,0,0000000,99,99,99,99,99,99,14,0,0,1,0
47,470107,2,2,0,0,0,2,2,115,1220,25,2,2011,6,7,45,1,1,1,I-24,,213,35.04534167,-85.608902780,0,12,1,0,1,1,1,0,1,10,0,10,0,0000000,99,99,99,99,88,88,19,0,0,1,0
47,470108,2,2,0,0,0,3,3,93,1300,24,2,2011,5,20,36,0,14,3,SR-332,I-140 RAMP,65,35.85846389,-84.072930560,0,12,6,0,3,2,1,0,3,10,0,10,0,0000000,99,99,99,99,99,99,0,0,0,1,1
47,470109,2,2,0,0,0,2,2,149,0,28,2,2011,2,10,25,1,11,1,I-24,,240,35.74410556,-86.338227780,0,12,1,0,1,1,1,0,1,2,0,2,0,0000000,99,99,99,99,99,99,19,0,0,1,0
47,470110,4,4,0,0,0,7,7,21,100,12,2,2011,7,19,21,0,3,3,SR-12,,42,36.25970000,-87.045052780,0,12,2,0,1,1,1,0,2,1,0,1,0,0000000,99,99,99,99,99,99,0,0,0,1,1
47,470111,2,2,0,0,0,3,3,179,0,4,1,2011,3,14,40,0,3,3,SR-107,,130,36.15927222,-82.646655560,0,12,2,0,1,1,1,0,1,1,0,1,0,0000000,99,99,99,99,99,99,0,0,0,1,0
47,470112,1,1,0,0,0,1,1,65,400,2,1,2011,1,2,52,0,16,6,MUNRO RD,,0,35.11121667,-85.276183330,0,35,0,0,1,1,4,0,3,1,0,1,0,0000000,99,99,99,99,99,99,0,0,0,1,1
47,470113,1,1,0,1,1,1,1,55,0,28,2,2011,2,99,99,0,6,4,CATES RD,,0,35.20357778,-87.209183330,0,8,0,0,1,1,1,0,2,10,0,10,0,0000000,99,99,99,99,88,88,0,0,0,1,0
47,470114,2,2,0,0,0,3,3,59,2473,12,1,2011,4,13,10,1,2,2,US-SR34,AFTON RD,214,36.18801389,-82.735938890,0,12,6,0,2,2,1,0,1,1,0,1,0,0000000,99,99,99,99,99,99,0,0,0,1,0
47,470115,1,1,0,0,0,1,1,139,0,24,2,2011,5,17,40,1,2,2,US-SR40,,61,35.10315278,-84.634241670,0,42,0,0,1,1,4,0,1,1,0,1,0,0000000,99,99,99,99,99,99,0,0,0,1,0
47,470116,3,3,0,0,0,4,4,29,0,2,3,2011,4,15,15,0,3,2,US-SR32,,266,35.99847222,-83.228908330,0,12,2,0,1,1,1,0,1,1,0,1,0,0000000,99,99,99,99,99,99,0,0,0,1,0
47,470117,1,1,0,0,0,1,1,187,833,4,3,2011,6,2,30,0,3,3,SR-100,,10,35.94085833,-87.185069440,0,34,0,0,1,1,4,0,2,1,0,1,0,0000000,99,99,99,99,88,88,0,0,0,1,0
47,470118,2,2,0,0,0,2,2,157,1620,3,3,2011,5,9,30,1,11,1,I-240,,84,35.07659722,-89.976502780,0,12,1,0,1,1,1,0,1,1,0,1,0,0000000,99,99,99,99,99,99,0,0,0,1,0
47,470119,2,2,0,0,0,3,3,93,1300,4,3,2011,6,16,6,0,15,6,DUTCH VALLEY ROAD,,11,36.01286944,-83.936655560,0,12,8,0,1,1,1,0,1,1,0,1,0,0000000,99,99,99,99,99,99,0,0,0,1,1
47,470120,2,2,0,0,0,3,3,181,0,4,3,2011,6,0,15,0,3,3,SR-69,,15,35.01604444,-87.950877780,0,12,6,0,1,1,1,0,2,1,0,1,0,0000000,99,99,99,99,88,88,0,0,0,1,0
47,470121,2,1,1,1,1,2,2,35,0,5,3,2011,7,23,46,1,1,1,I-40,,19,36.08358056,-85.215369440,0,14,0,0,1,1,4,0,2,2,0,2,0,0000000,99,99,99,99,99,99,19,0,0,1,0
47,470122,1,1,0,0,0,2,2,165,0,8,3,2011,3,17,12,0,6,4,WHITSON ROAD,,0,36.52217222,-86.369919440,0,42,0,0,1,1,4,0,1,2,0,2,0,0000000,99,99,99,99,99,99,0,0,0,1,1
47,470123,1,1,0,0,0,2,2,93,829,8,3,2011,3,13,6,0,15,6,BOYD STATION ROAD,,8,35.84075000,-84.183855560,0,1,0,0,1,1,4,0,1,1,0,1,0,0000000,99,99,99,99,99,99,0,0,0,1,0
47,470124,2,2,0,0,0,2,2,25,0,16,3,2011,4,5,0,0,3,3,SR-33,LONE MOUNTAIN ROAD,50,36.39592778,-83.681333330,0,12,6,0,2,3,1,0,2,1,0,1,0,0000000,99,99,99,99,99,99,0,0,0,1,0
47,470125,1,1,0,1,1,1,1,95,0,16,3,2011,4,99,99,0,6,4,HOECAKE ROAD,,0,36.26370000,-89.501288890,0,8,0,0,1,1,1,0,2,1,0,1,0,0000000,99,99,99,99,88,88,0,0,0,1,1
47,470126,4,4,0,0,0,7,7,165,890,13,3,2011,1,12,22,1,13,2,US-SR6,MARTIN LANE,177,36.41763056,-86.399611110,0,12,1,0,2,3,1,0,1,1,0,1,0,0000000,99,99,99,99,99,99,0,0,0,1,0
47,470127,1,1,0,0,0,1,1,157,1620,17,3,2011,5,21,57,1,11,1,I-240,,73,35.07465278,-89.999983330,0,38,0,0,1,1,4,0,3,1,0,1,0,0000000,99,99,99,99,88,88,0,0,0,1,0
47,470128,2,1,1,2,2,1,1,31,0,18,3,2011,6,2,28,1,1,1,I-24,,132,35.50124167,-86.090144440,0,8,0,0,1,1,1,0,2,1,0,1,0,0000000,2,29,2,44,4,41,14,23,0,2,0
47,470129,2,2,0,1,1,2,2,157,1620,18,3,2011,6,20,44,0,14,6,MACON ROAD,,108,35.16231667,-89.929016670,0,8,0,0,1,1,1,0,3,1,0,1,0,0000000,99,99,99,99,99,99,14,0,0,1,0
47,470130,1,1,0,0,0,1,1,7,0,19,3,2011,7,21,45,0,5,4,HENDON ROAD,,97,35.37740833,-85.252125000,0,53,0,0,1,1,4,0,2,1,0,1,0,0000000,99,99,99,99,88,88,0,0,0,1,1
47,470131,1,1,0,0,0,2,2,61,178,19,3,2011,7,23,45,0,3,3,SR-56,,129,35.33891944,-85.703733330,0,30,0,0,1,1,4,0,2,1,0,1,0,0000000,99,99,99,99,99,99,0,0,0,1,1
47,470132,2,2,0,0,0,3,3,123,0,19,3,2011,7,20,30,0,3,3,SR-68,SANDS RD,46,35.53735556,-84.442216670,0,12,6,0,2,2,1,0,2,1,0,1,0,0000000,99,99,99,99,99,99,0,0,0,2,0
47,470133,3,3,0,0,0,4,4,153,0,20,3,2011,1,15,45,1,2,3,SR-111,,250,35.47426111,-85.460305560,0,12,8,0,1,1,1,0,1,1,0,1,0,0000000,99,99,99,99,99,99,0,0,0,1,0
47,470134,1,1,0,1,1,1,1,179,1250,20,3,2011,1,3,40,1,13,3,SR-381,,31,36.31517778,-82.388883330,0,33,0,0,1,1,4,0,3,1,0,1,0,0000000,99,99,99,99,99,99,0,0,0,1,1
47,470135,1,1,0,0,0,1,1,183,0,20,3,2011,1,12,50,0,4,3,SR-54,COLLINS RD,74,36.23326944,-88.715291670,0,42,0,0,2,3,4,0,1,1,0,1,0,0000000,99,99,99,99,99,99,0,0,0,1,0
47,470136,1,1,0,0,0,1,1,157,0,19,3,2011,7,0,10,0,5,4,MACON RD,,83,35.15831111,-89.693761110,0,31,0,0,1,1,4,0,2,1,0,1,0,0000000,99,99,99,99,88,88,0,0,0,1,0
47,470137,1,1,0,0,0,1,1,113,1834,20,3,2011,1,18,55,0,4,6,CHRISTMASVILLE RD,,63,35.72021111,-88.765991670,0,34,0,0,1,1,4,0,1,1,0,1,0,0000000,99,99,99,99,99,99,0,0,0,1,0
47,470138,2,2,0,0,0,2,2,33,0,21,3,2011,2,15,6,0,5,4,JOHNSON GROVE RD,,60,35.77435000,-89.261475000,0,12,6,0,8,1,1,0,1,1,0,1,0,0000000,99,99,99,99,99,99,0,0,0,1,0
47,470139,2,2,0,0,0,2,2,125,1905,22,3,2011,3,12,17,0,3,3,SR-149,,41,36.42223056,-87.537125000,0,12,2,0,1,1,1,0,1,1,0,1,0,0000000,99,99,99,99,99,99,0,0,0,1,0
47,470140,1,1,0,0,0,2,2,147,0,19,3,2011,7,19,45,0,3,3,SR-76,,57,36.50733333,-86.848061110,0,1,0,0,1,1,4,0,2,1,0,1,0,0000000,99,99,99,99,99,99,0,0,0,1,0
47,470141,1,1,0,0,0,1,1,105,0,21,3,2011,2,19,57,0,5,4,MEADOW RD W,,26,35.70144722,-84.166088890,0,1,0,0,1,1,4,0,5,10,0,10,0,0000000,99,99,99,99,99,99,0,0,0,1,1
47,470142,1,1,0,0,0,1,1,93,1300,21,3,2011,2,99,99,0,15,6,HELMBOLT RD,,23,35.96041389,-84.038361110,0,34,0,0,1,1,4,0,5,1,0,1,0,0000000,99,99,99,99,99,99,0,0,0,1,0
47,470143,2,1,1,1,1,1,1,65,0,24,3,2011,5,5,57,0,3,3,SR-58,,254,35.29215000,-84.967147220,0,8,0,0,1,1,1,0,2,1,0,1,0,0000000,99,99,99,99,99,99,23,0,0,1,0
47,470144,1,1,0,0,0,4,4,183,0,24,3,2011,5,7,20,0,4,3,SR-190,,72,36.17695833,-88.645400000,0,1,0,0,1,1,1,0,1,1,0,1,0,0000000,99,99,99,99,99,99,0,0,0,1,0
47,470145,1,1,0,1,1,2,2,31,2470,26,3,2011,7,0,2,1,13,2,US-SR16,,53,35.34583889,-86.195383330,0,8,0,0,1,1,1,0,3,1,0,1,0,0000000,99,99,99,99,99,99,0,0,0,1,0
47,470146,1,1,0,0,0,1,1,81,0,26,3,2011,7,18,20,0,3,3,SR-48,,89,35.72771111,-87.474763890,0,35,0,0,1,1,4,0,1,2,0,2,0,0000000,99,99,99,99,99,99,0,0,0,1,0
47,470147,1,1,0,0,0,1,1,157,1620,27,3,2011,1,99,99,0,14,6,NEW ALLEN RD,,56,35.23673056,-89.951619440,0,24,0,0,1,1,3,0,3,10,0,10,0,0000000,99,99,99,99,88,88,0,0,0,1,0
47,470148,1,1,0,0,0,1,1,77,0,26,3,2011,7,1,0,0,5,4,CORINTH RD,,18,35.66430556,-88.237102780,0,42,0,0,1,1,4,0,2,1,0,1,0,0000000,99,99,99,99,99,99,0,0,0,1,1
47,470149,3,3,0,0,0,4,4,125,0,27,3,2011,1,21,45,1,11,1,I-24,,16,36.63049444,-87.318616670,0,12,2,0,1,1,1,0,2,10,0,10,0,0000000,99,99,99,99,99,99,0,0,0,1,0
47,470150,2,2,0,0,0,2,2,93,1300,20,3,2011,1,12,55,0,14,6,CENTRAL AVE PIKE,MERCHANT DR,41,36.01137500,-83.970136110,0,12,6,0,3,2,1,0,1,1,0,1,0,0000000,99,99,99,99,99,99,0,0,0,1,0
47,470151,2,2,0,0,0,4,4,13,0,29,3,2011,3,15,55,0,3,3,SR-63,,5,36.39966111,-84.310455560,0,12,2,0,1,1,1,0,1,1,0,1,0,0000000,99,99,99,99,99,99,0,0,0,1,0
47,470152,1,1,0,0,0,1,1,53,1640,20,3,2011,1,1,29,0,14,3,SR-77,,195,35.92898056,-88.771102780,0,30,0,0,1,1,4,0,3,1,0,1,0,0000000,99,99,99,99,88,88,0,0,0,1,0
47,470153,2,2,0,0,0,3,3,189,1360,15,3,2011,3,11,48,0,13,3,SR-109,FRANKLIN RD,11,36.14467500,-86.400522220,0,12,6,0,2,2,1,0,1,10,0,10,0,0000000,99,99,99,99,99,99,0,0,0,1,0
47,470154,2,2,0,0,0,3,3,65,400,4,3,2011,6,6,12,0,13,3,SR-58,,60,35.10251389,-85.166005560,0,12,6,0,8,1,1,0,2,1,0,1,0,0000000,99,99,99,99,99,99,0,0,0,1,0
47,470155,1,1,0,0,0,1,1,9,30,29,3,2011,3,13,0,0,15,6,E EDISON ST,,35,35.78955000,-83.974086110,0,43,0,0,1,1,4,0,1,10,0,10,0,0000000,99,99,99,99,99,99,0,0,0,1,0
47,470156,1,1,0,0,0,1,1,15,0,20,3,2011,1,6,39,0,3,3,SR-53,,53,35.73618333,-86.055122220,0,42,0,0,1,1,4,0,1,1,0,1,0,0000000,99,99,99,99,99,99,0,0,0,1,0
47,470157,2,2,0,1,1,5,5,61,0,24,3,2011,5,5,1,1,1,1,I-24,,4,35.30157222,-85.904577780,0,12,6,0,1,1,1,0,2,1,0,1,0,0000000,99,99,99,99,99,99,19,0,0,1,0
47,470158,2,1,1,0,0,1,1,37,75,11,2,2011,6,22,59,0,16,6,APOLLO DRIVE,,1,36.07201389,-86.667147220,0,42,0,0,1,1,4,0,3,1,0,1,0,0000000,99,99,99,99,88,88,0,0,0,1,0
47,470159,2,2,0,0,0,4,4,93,0,3,3,2011,5,14,17,0,5,4,WASHINGTON PIKE,WISE SPRINGS ROAD,49,36.07799722,-83.829216670,0,12,6,0,2,2,1,0,1,1,0,1,0,0000000,99,99,99,99,99,99,0,0,0,1,0
47,470160,1,1,0,0,0,1,1,93,0,10,3,2011,5,8,19,0,14,3,SR-168,,74,35.91347778,-83.831561110,0,1,0,0,1,1,4,0,1,1,0,1,0,0000000,99,99,99,99,99,99,0,0,0,1,0
47,470161,2,2,0,0,0,3,3,37,960,31,3,2011,5,18,33,0,13,2,US-SR11,,12,36.36012500,-86.726977780,0,12,2,0,1,1,1,0,1,1,0,1,0,0000000,99,99,99,99,99,99,0,0,0,1,1
47,470162,2,2,0,0,0,2,2,89,0,16,4,2011,7,6,0,0,4,3,SR-66,,105,36.14226389,-83.343738890,0,12,2,0,1,1,1,0,2,2,0,2,0,0000000,99,99,99,99,99,99,0,0,0,1,0