STATE,ST_CASE,VE_TOTAL,VE_FORMS,PVH_INVL,PEDS,PERNOTMVIT,PERMVIT,PERSONS,COUNTY,CITY,DAY,MONTH,YEAR,DAY_WEEK,HOUR,MINUTE,NHS,ROAD_FNC,ROUTE,TWAY_ID,TWAY_ID2,MILEPT,LATITUDE,LONGITUD,SP_JUR,HARM_EV,MAN_COLL,RELJCT1,RELJCT2,TYP_INT,REL_ROAD,WRK_ZONE,LGT_COND,WEATHER1,WEATHER2,WEATHER,SCH_BUS,RAIL,NOT_HOUR,NOT_MIN,ARR_HOUR,ARR_MIN,HOSP_HR,HOSP_MN,CF1,CF2,CF3,FATALS,DRUNK_DR
47,470163,2,2,0,0,0,2,2,145,0,19,4,2011,3,21,41,1,2,3,SR-58,,166,35.89821111,-84.405919440,0,12,6,0,8,1,1,0,2,1,0,1,0,0000000,99,99,99,99,99,99,0,0,0,1,0
47,470164,2,2,0,0,0,2,2,107,0,21,4,2011,5,3,10,1,11,1,I-75,,155,35.48211944,-84.632138890,0,12,1,0,1,1,1,0,2,2,0,2,0,0000000,99,99,99,99,88,88,0,0,0,1,0
47,470166,1,1,0,0,0,1,1,175,0,21,4,2011,5,13,22,0,5,4,ROCKY RIVER ROAD,,85,35.65493056,-85.569569440,0,5,0,0,1,1,1,0,1,1,0,1,0,0000000,99,99,99,99,99,99,0,0,0,1,0
47,470167,2,2,0,0,0,2,2,23,0,2,5,2011,2,11,27,0,3,3,SR-100,,78,35.41236389,-88.704808330,0,12,8,0,1,1,1,0,1,10,0,10,0,0000000,99,99,99,99,99,99,0,0,0,1,0
47,470168,2,2,0,0,0,5,5,99,0,6,5,2011,6,15,40,1,2,2,US-SR6,,287,35.35176667,-87.280272220,0,12,6,0,1,1,1,0,1,1,0,1,1,0000000,99,99,99,99,99,99,0,0,0,1,0
47,470169,1,1,0,0,0,2,2,91,1767,12,5,2011,5,9,56,0,4,3,SR-167,,63,36.37588889,-81.893861110,0,42,0,0,1,1,4,0,1,1,0,1,0,0000000,99,99,99,99,99,99,0,0,0,1,0
47,470170,1,1,0,0,0,2,2,103,0,2,4,2011,7,3,2,0,6,4,BELLVIEW RD,,0,35.06280000,-86.629225000,0,42,0,0,1,1,4,0,2,1,0,1,0,0000000,99,99,99,99,99,99,0,0,0,2,1
47,470171,5,5,0,0,0,8,8,163,1280,15,4,2011,6,8,51,1,11,1,I-26,,18,36.52281111,-82.578822220,0,57,0,0,1,1,3,0,1,1,0,1,0,0000000,99,99,99,99,99,99,14,0,0,1,0
47,470172,1,1,0,0,0,2,2,75,0,1,4,2011,6,6,15,1,1,1,I-40,,133,35.53921111,-89.245119440,0,1,0,0,1,1,1,0,1,1,0,1,0,0000000,99,99,99,99,99,99,0,0,0,1,0
47,470173,1,1,0,0,0,1,1,19,1050,4,4,2011,2,17,0,0,3,2,US-SR37,,139,36.28205556,-82.176441670,0,1,0,0,1,1,4,0,1,10,0,10,0,0000000,99,99,99,99,88,88,0,0,0,1,1
47,470174,1,1,0,1,1,1,1,157,1620,4,4,2011,2,20,38,0,12,6,WINCHESTER RD,,80,35.05149167,-89.919758330,0,8,0,0,1,1,1,0,3,1,0,1,0,0000000,99,99,99,99,99,99,0,0,0,1,0
47,470175,4,4,0,0,0,6,6,37,75,6,2,2011,1,18,13,1,11,1,I-24,,276,36.00963611,-86.614977780,0,5,0,0,1,1,1,0,3,1,0,1,0,0000000,99,99,99,99,88,88,14,0,0,1,0
47,470176,1,1,0,0,0,3,3,93,0,22,3,2011,3,9,40,0,4,3,SR-331,,108,36.13465000,-83.812600000,0,1,0,0,1,1,4,0,1,1,0,1,0,0000000,99,99,99,99,99,99,0,0,0,1,0
47,470178,1,1,0,0,0,1,1,59,0,19,3,2011,7,12,24,0,6,4,PATES HILL RD,,0,36.11173056,-82.991130560,0,31,0,0,1,1,4,0,1,1,0,1,0,0000000,99,99,99,99,88,88,0,0,0,1,0
47,470179,2,2,0,0,0,3,3,157,1620,4,4,2011,2,18,35,0,16,6,DATTEL STREET,LAWRENCE ROAD,0,35.16292500,-89.909236110,0,12,6,0,2,2,1,0,5,10,0,10,0,0000000,99,99,99,99,99,99,0,0,0,1,0
47,470180,2,2,0,0,0,3,3,109,0,5,4,2011,3,14,1,0,3,3,SR-57,SR-22,72,35.06969722,-88.393763890,0,12,6,0,2,3,1,0,1,1,0,1,0,0000000,99,99,99,99,99,99,0,0,0,2,0
47,470181,1,1,0,0,0,1,1,37,1760,18,3,2011,6,12,11,0,5,6,OLD HICKORY BOULEVAR,,24,36.24371944,-86.903077780,0,7,0,0,1,1,4,0,1,1,0,1,0,0000000,99,99,99,99,88,88,0,0,0,1,1
47,470182,2,2,0,0,0,3,3,37,1760,11,3,2011,6,12,39,1,11,1,I-40 RAMP,,236,36.14368333,-86.703216670,0,12,1,1,5,1,1,0,1,1,0,1,0,0000000,99,99,99,99,99,99,23,0,0,1,0
47,470183,2,2,0,0,0,2,2,59,0,2,1,2011,1,17,40,0,6,4,PIGEON CREEK ROAD,,15,36.08374444,-82.931219440,0,12,2,0,1,1,1,0,2,1,0,1,0,0000000,99,99,99,99,99,99,4,0,0,1,0
47,470184,1,1,0,0,0,2,2,165,890,16,4,2011,7,8,32,1,13,2,US-SR6,HUNT CLUB BOULEVARD,82,36.33865556,-86.538111110,0,18,0,0,2,3,1,0,1,2,0,2,0,0000000,99,99,99,99,99,99,0,0,0,1,0
47,470185,1,1,0,0,0,1,1,93,1300,23,4,2011,7,2,15,0,13,6,JAMES WHITE PARKWAY,MOODY AVENUE,31,35.95221667,-83.894155560,0,24,0,0,3,3,4,0,3,1,0,1,0,0000000,99,99,99,99,88,88,0,0,0,1,1
47,470186,1,1,0,0,0,1,1,37,1760,21,1,2011,6,11,23,1,13,3,SR-45,,158,36.19678889,-86.619986110,0,10,0,0,6,1,1,0,1,1,0,1,0,877498X,99,99,99,99,99,99,0,0,0,1,0
47,470187,1,1,0,0,0,1,1,37,1760,8,4,2011,6,0,1,1,11,1,I-65,,137,36.23372500,-86.767336110,0,25,0,0,1,1,3,0,2,1,0,1,0,0000000,99,99,99,99,99,99,0,0,0,1,1
47,470188,1,1,0,0,0,2,2,119,2350,8,4,2011,6,1,10,0,15,6,KEDRON RD,,9,35.71067222,-86.910852780,0,1,0,0,1,1,4,0,2,1,0,1,0,0000000,99,99,99,99,99,99,0,0,0,1,1
47,470189,1,1,0,0,0,1,1,51,0,8,4,2011,6,21,11,0,4,3,SR-476,SR-130,34,35.29974722,-86.226600000,0,42,0,0,3,3,4,0,2,1,0,1,0,0000000,99,99,99,99,99,99,0,0,0,1,1
47,470190,1,1,0,1,1,1,1,37,1760,1,2,2011,3,17,20,0,14,6,BUENA VISTA PIKE,CLIFF DRIVE,23,36.19708056,-86.828127780,0,8,0,0,3,2,1,0,2,2,0,2,0,0000000,99,99,99,99,99,99,0,0,0,1,0
47,470191,1,1,0,0,0,5,5,133,1420,6,4,2011,4,18,28,0,16,6,BURGESS STREET,BUSSEL STREET,0,36.38961389,-85.316338890,0,59,0,0,3,3,4,0,1,1,0,1,0,0000000,99,99,99,99,99,99,0,0,0,2,0
47,470192,2,2,0,0,0,2,2,39,0,6,4,2011,4,20,8,0,4,3,SR-69,3 WAY ROAD,92,35.46890278,-88.097980560,0,12,6,0,2,2,1,0,2,1,0,1,0,0000000,99,99,99,99,99,99,0,0,0,1,0
47,470193,1,1,0,0,0,1,1,141,0,9,4,2011,7,17,35,0,3,2,US-SR24,,127,36.17066389,-85.608797220,0,1,0,0,1,1,1,0,1,1,0,1,0,0000000,99,99,99,99,99,99,0,0,0,1,1
47,470194,1,1,0,2,2,3,3,149,0,9,4,2011,7,23,7,0,6,4,ROCK SPRINGS MIDLAND,,0,35.70066667,-86.435183330,0,8,0,0,1,1,1,0,2,1,0,1,0,0000000,99,99,99,99,99,99,0,0,0,1,0
47,470195,1,1,0,0,0,1,1,157,1620,10,4,2011,1,13,45,1,11,1,I-40 ENTRANCE RAMP,,8,35.15278333,-90.055166670,0,25,0,1,5,1,4,0,1,1,0,1,0,0000000,99,99,99,99,88,88,0,0,0,1,0
47,470196,1,1,0,0,0,1,1,161,238,10,4,2011,1,16,3,0,6,4,CHERRY HOLLOW RD,,0,36.58196944,-87.756258330,0,1,0,0,1,1,4,0,1,1,0,1,0,0000000,99,99,99,99,88,88,0,0,0,1,0
47,470197,1,1,0,0,0,1,1,47,2270,5,4,2011,3,22,0,0,4,3,SR-193,,95,35.15578333,-89.476175000,0,1,0,0,1,1,4,0,2,1,0,1,0,0000000,99,99,99,99,99,99,0,0,0,1,0
47,470198,2,2,0,0,0,3,3,33,0,7,4,2011,5,14,9,0,5,4,JOHNSON GROVE ROAD,,1,35.81586111,-89.332505560,0,12,2,0,1,1,1,0,1,1,0,1,0,0000000,99,99,99,99,99,99,0,0,0,1,0
47,470199,2,2,0,0,0,3,3,57,0,23,5,2011,2,10,53,0,3,2,US-SR1,,80,36.22455833,-83.634941670,0,12,2,0,1,1,1,0,1,1,0,1,0,0000000,99,99,99,99,99,99,0,0,0,2,1
47,470200,2,2,0,0,0,2,2,157,1620,20,5,2011,6,22,37,0,14,6,BROOKS ROAD,MCCORKLE ROAD,35,35.06190556,-90.038472220,0,12,6,0,2,3,1,0,3,1,0,1,0,0000000,99,99,99,99,88,88,0,0,0,1,0
47,470201,2,2,0,0,0,3,3,157,1620,8,6,2011,4,3,59,1,13,2,US-SR4,DAVIDSON ROAD,5,35.00099167,-89.883527780,0,12,1,0,2,2,1,0,3,1,0,1,0,0000000,99,99,99,99,99,99,0,0,0,1,0
47,470202,1,1,0,1,1,1,1,43,640,12,4,2011,3,22,49,0,13,3,SR-49,,41,36.02415278,-87.341038890,0,8,0,0,1,1,1,0,3,1,0,1,0,0000000,99,99,99,99,88,88,0,0,0,1,0
47,470203,1,1,0,0,0,1,1,153,0,14,4,2011,5,14,10,0,4,3,SR-283,,39,35.30202500,-85.402183330,0,34,0,0,1,1,4,0,1,1,0,1,0,0000000,99,99,99,99,88,88,0,0,0,1,1
47,470204,1,1,0,0,0,1,1,93,1300,17,4,2011,1,22,25,0,16,6,MALL ROAD NORTH,,0,36.03336111,-83.886194440,0,33,0,0,1,1,4,0,3,1,0,1,0,0000000,99,99,99,99,99,99,0,0,0,1,0
47,470205,1,1,0,0,0,1,1,189,2520,17,4,2011,1,16,11,0,5,4,SIMMONS BLUFF ROAD,,30,36.02564444,-86.307300000,0,7,0,0,1,1,4,0,1,1,0,1,0,0000000,99,99,99,99,88,88,0,0,0,1,0
47,470206,1,1,0,1,1,1,1,37,1760,29,1,2011,7,20,12,0,16,6,4TH AVE N,,0,36.16684444,-86.780988890,0,8,0,0,1,1,1,0,3,1,0,1,0,0000000,99,99,99,99,99,99,0,0,0,1,0
47,470207,1,1,0,0,0,1,1,117,0,22,4,2011,6,6,50,0,4,3,SR-272,,73,35.40395833,-86.763677780,0,34,0,0,1,1,4,0,1,1,0,1,0,0000000,99,99,99,99,88,88,0,0,0,1,0
47,470208,4,4,0,0,0,6,6,157,1620,10,6,2011,6,17,30,0,14,6,AMERICAN WAY,,0,35.07349444,-89.954730560,0,7,0,0,1,1,1,0,1,1,0,1,0,0000000,99,99,99,99,99,99,14,0,0,1,0
47,470209,1,1,0,0,0,2,2,143,0,22,4,2011,6,16,31,0,15,4,BLYTHES FERRY ROAD,,21,35.48364167,-85.017952780,0,34,0,0,1,1,4,0,1,1,0,1,0,0000000,99,99,99,99,99,99,0,0,0,1,1
47,470210,1,1,0,1,1,2,2,165,1970,7,4,2011,5,17,43,1,13,3,SR-109,,168,36.55085556,-86.506905560,0,7,0,0,1,1,1,1,1,1,0,1,0,0000000,99,99,99,99,99,99,16,0,0,1,0
47,470211,1,1,0,0,0,1,1,157,1620,22,4,2011,6,2,7,0,15,6,ROCKY POINT ROAD,,1,35.12895556,-89.746311110,0,42,0,0,1,1,4,0,3,1,0,1,0,0000000,99,99,99,99,88,88,0,0,0,1,0
47,470212,5,5,0,0,0,6,6,65,0,10,6,2011,6,13,55,0,4,2,US-SR2,,233,35.08279722,-85.028213890,0,12,7,0,1,1,1,0,1,1,0,1,0,0000000,99,99,99,99,99,99,0,0,0,1,0
47,470213,1,1,0,1,1,1,1,157,1620,22,4,2011,6,22,40,0,15,6,LEVI ROAD,WEST VALLEY CIRCLE,11,35.04283889,-90.077216670,0,8,0,0,3,3,1,0,3,1,0,1,0,0000000,99,99,99,99,99,99,0,0,0,1,0
47,470214,1,1,0,1,1,1,1,73,2080,23,4,2011,7,11,56,0,3,3,SR-70,,76,36.43102778,-82.986758330,0,8,0,0,1,1,1,0,1,1,0,1,0,0000000,99,99,99,99,99,99,0,0,0,1,0
47,470215,1,1,0,0,0,2,2,127,1470,23,4,2011,7,99,99,0,5,6,COBB HOLLOW ROAD,,3,35.32063056,-86.348277780,0,1,0,0,1,1,4,0,2,1,0,1,0,0000000,99,99,99,99,99,99,0,0,0,1,1
47,470216,2,2,0,0,0,4,4,169,0,13,5,2011,6,12,44,0,4,3,SR-141,,99,36.32990278,-86.174455560,0,12,6,0,1,1,1,0,1,10,0,10,0,0000000,99,99,99,99,99,99,0,0,0,3,0
47,470217,1,1,0,0,0,5,5,93,1300,14,4,2011,5,22,32,0,14,6,CEDAR LANE,HAYNES STERCHI ROAD,29,36.01878333,-83.964119440,0,30,0,0,2,2,4,0,3,1,0,1,0,0000000,99,99,99,99,99,99,0,0,0,1,0
47,470218,2,2,0,0,0,2,2,155,0,1,5,2011,1,11,38,0,13,2,US-SR35,CHEROKEE HILLS ROAD,7,35.86172778,-83.770177780,0,12,1,0,3,3,1,0,1,1,0,1,0,0000000,99,99,99,99,99,99,0,0,0,1,0
47,470219,2,2,0,0,0,4,4,145,0,16,4,2011,7,11,20,0,6,4,MOUNTAIN VIEW ROAD,,0,35.84392500,-84.712830560,0,12,2,0,1,1,1,0,1,10,0,10,0,0000000,99,99,99,99,99,99,0,0,0,1,0
47,470220,2,2,0,0,0,5,5,53,0,15,4,2011,6,18,10,0,4,3,SR-420,,34,35.88343056,-88.864077780,0,12,6,0,1,1,1,0,1,2,0,2,0,0000000,99,99,99,99,88,88,0,0,0,1,0
47,470221,2,2,0,0,0,4,4,39,0,15,5,2011,1,1,33,1,2,3,SR-69,,424,35.83981111,-88.085652780,0,12,6,1,5,1,1,0,3,10,0,10,0,0000000,99,99,99,99,99,99,0,0,0,1,1
47,470222,2,2,0,0,0,2,2,163,0,15,4,2011,6,12,25,1,11,1,I-81,,38,36.43550000,-82.562288890,0,12,1,0,1,1,1,0,1,1,0,1,0,0000000,99,99,99,99,99,99,0,0,0,1,0
47,470223,2,2,0,0,0,3,3,45,0,28,5,2011,7,3,45,1,2,2,US-SR20,,45,36.00284167,-89.341538890,0,12,1,0,1,1,1,0,2,1,0,1,0,0000000,99,99,99,99,99,99,0,0,0,1,0
47,470224,3,3,0,0,0,6,6,157,1620,18,6,2011,7,15,15,1,13,2,US-SR3,MILLINGTON ROAD,174,35.24144722,-90.009441670,0,12,6,0,2,2,1,0,1,1,0,1,0,0000000,99,99,99,99,99,99,0,0,0,1,0
47,470225,1,1,0,0,0,1,1,37,1760,10,4,2011,1,16,30,1,13,3,SR-254,,1,36.03993889,-86.765363890,0,43,0,0,8,1,4,0,1,1,0,1,0,0000000,99,99,99,99,16,54,0,0,0,1,0
47,470226,1,1,0,0,0,2,2,107,0,27,4,2011,4,10,20,0,4,3,SR-163,,123,35.27717500,-84.601947220,0,42,0,0,1,1,4,0,1,10,0,10,0,0000000,99,99,99,99,99,99,0,0,0,1,0
47,470227,2,2,0,0,0,2,2,79,0,19,4,2011,3,7,20,1,2,2,US-SR54,,234,36.47805000,-88.329961110,0,12,2,0,1,1,1,0,1,10,0,10,0,0000000,99,99,99,99,99,99,0,0,0,2,0
47,470228,2,2,0,0,0,3,3,67,0,13,4,2011,4,13,45,0,6,4,BLACK VALLEY ROAD,,0,36.49898056,-83.361522220,0,12,2,0,1,1,1,0,1,1,0,1,0,0000000,99,99,99,99,99,99,0,0,0,1,0
47,470229,1,1,0,0,0,2,2,65,0,30,4,2011,7,4,33,0,4,3,SR-312,,60,35.28610833,-85.050658330,0,42,0,0,1,1,4,0,2,1,0,1,0,0000000,99,99,99,99,88,88,0,0,0,2,1
47,470230,2,2,0,0,0,3,3,75,0,21,4,2011,5,12,50,0,4,2,US-SR1,,265,35.58617778,-89.100397220,0,12,2,0,1,1,1,0,1,1,0,1,0,0000000,99,99,99,99,99,99,0,0,0,1,0
47,470231,1,1,0,1,1,3,3,149,0,25,4,2011,2,1,8,1,11,1,I-24,,100,35.90035833,-86.494019440,0,8,0,0,1,1,1,0,2,1,0,1,0,0000000,99,99,99,99,99,99,0,0,0,1,0
47,470232,1,1,0,0,0,1,1,157,0,19,4,2011,3,15,20,0,14,4,ARMOUR ROAD,,47,35.34809167,-89.825913890,0,30,0,0,1,1,4,0,1,1,0,1,0,0000000,99,99,99,99,88,88,0,0,0,1,1
47,470233,1,1,0,0,0,1,1,189,1360,20,4,2011,4,15,32,1,11,1,I-40,,148,36.18247500,-86.310552780,0,42,0,0,1,1,4,0,1,2,0,2,0,0000000,99,99,99,99,88,88,0,0,0,1,0
47,470234,2,2,0,0,0,2,2,113,1200,21,4,2011,5,11,45,1,13,2,US-SR186,FRONTAGE ROAD,13,35.68132778,-88.855266670,0,12,6,0,3,3,1,0,1,10,0,10,0,0000000,99,99,99,99,99,99,0,0,0,1,0
47,470235,2,2,0,0,0,2,2,185,2310,25,4,2011,2,21,29,0,15,6,TURNTABLE ROAD,,2,35.94465556,-85.470222220,0,12,1,0,1,1,1,0,2,1,0,1,0,0000000,99,99,99,99,99,99,0,0,0,1,1
47,470236,1,1,0,1,1,2,2,29,1780,25,4,2011,2,15,47,0,13,2,US-SR9,,45,35.97167778,-83.211100000,0,8,0,0,1,1,1,0,1,1,0,1,0,0000000,99,99,99,99,99,99,0,0,0,1,0
47,470237,1,1,0,0,0,1,1,9,1570,26,4,2011,3,17,15,0,4,6,OLD NILES FERRY ROAD,GILLENWATER ROAD,18,35.66641944,-84.074994440,0,42,0,0,3,3,4,0,1,1,0,1,0,0000000,99,99,99,99,99,99,0,0,0,1,0
47,470238,3,3,0,0,0,3,3,71,2140,12,4,2011,3,13,10,0,13,3,SR-128,GEANS LANE,110,35.20566389,-88.245611110,0,12,6,0,2,3,1,0,1,1,0,1,0,0000000,99,99,99,99,99,99,14,0,0,1,0
47,470239,4,4,0,0,0,7,7,93,1300,14,4,2011,5,16,44,1,11,1,I-140,,38,35.86988056,-84.086663890,0,12,1,0,1,1,1,0,1,1,0,1,0,0000000,99,99,99,99,99,99,14,0,0,1,0
47,470240,2,2,0,0,0,4,4,37,195,21,4,2011,5,7,42,0,3,3,SR-100,,19,36.02681944,-87.018597220,0,12,2,0,1,1,1,0,1,1,0,1,0,0000000,99,99,99,99,99,99,0,0,0,1,0
47,470241,2,2,0,0,0,2,2,165,1085,3,4,2011,1,12,46,0,14,3,SR-258,,12,36.31792500,-86.625169440,0,12,6,0,8,1,1,0,1,1,0,1,0,0000000,99,99,99,99,99,99,0,0,0,1,0
47,470242,2,2,0,0,0,2,2,117,1380,7,4,2011,5,15,5,0,14,2,US-SR11,FOX LANE,102,35.43092222,-86.799116670,0,12,6,0,2,3,1,0,1,1,0,1,0,0000000,99,99,99,99,99,99,0,0,0,1,0
47,470243,1,1,0,0,0,2,2,165,1970,7,4,2011,5,21,25,0,4,3,SR-259,,40,36.62444444,-86.495919440,0,31,0,0,1,1,4,0,2,1,0,1,0,0000000,99,99,99,99,99,99,0,0,0,1,0
47,470244,1,1,0,0,0,1,1,59,0,9,4,2011,7,0,20,0,3,2,US-SR35,,43,36.08427500,-82.954458330,0,42,0,0,1,1,4,0,2,1,0,1,0,0000000,99,99,99,99,99,99,0,0,0,1,0
47,470245,1,1,0,1,1,1,1,125,410,16,4,2011,7,20,33,0,13,2,US-SR12,,176,36.55873611,-87.398341670,0,8,0,0,1,1,1,0,3,1,0,1,0,0000000,99,99,99,99,88,88,0,0,0,1,0
47,470246,2,2,0,0,0,2,2,19,0,28,4,2011,5,20,0,0,6,4,WADE BULLA ROAD,,0,36.38732500,-82.289372220,0,54,11,0,1,1,1,0,1,1,0,1,0,0000000,99,99,99,99,88,88,4,14,0,1,0
47,470247,1,1,0,0,0,1,1,97,0,28,4,2011,5,21,56,0,5,4,ARP CENTRAL ROAD,,42,35.80388889,-89.542666670,0,43,0,0,1,1,4,0,2,1,0,1,0,0000000,99,99,99,99,88,88,0,0,0,1,0
47,470248,2,2,0,0,0,2,2,157,1620,28,4,2011,5,7,12,0,12,6,SAM COOPER BLVD,,50,35.14539722,-89.910650000,0,12,7,0,1,1,1,0,1,1,0,1,0,0000000,99,99,99,99,99,99,0,0,0,1,0
47,470249,1,1,0,0,0,1,1,119,0,29,4,2011,6,10,10,0,3,2,US-SR7,,49,35.49526389,-87.053733330,0,53,0,0,1,1,4,0,1,1,0,1,0,0000000,99,99,99,99,99,99,0,0,0,1,0
47,470250,1,1,0,0,0,1,1,9,0,4,4,2011,2,5,50,0,6,4,MEADOW ROAD WEST,,5,35.72290278,-84.106472220,0,38,0,0,1,1,4,0,2,1,0,1,0,0000000,99,99,99,99,99,99,0,0,0,1,0
47,470251,1,1,0,0,0,1,1,93,0,17,4,2011,1,3,34,0,14,4,MILLERTOWN PIKE,,59,36.03672500,-83.860966670,0,30,0,0,1,1,4,0,2,1,0,1,0,0000000,99,99,99,99,88,88,0,0,0,1,0
47,470252,1,1,0,1,1,1,1,65,400,26,4,2011,3,22,22,0,14,6,DODDS AVENUE,EAST 37TH STREET,9,34.99906667,-85.282530560,0,9,0,0,2,2,1,0,3,1,0,1,0,0000000,99,99,99,99,99,99,0,0,0,1,1
47,470253,1,1,0,0,0,1,1,141,0,30,4,2011,7,13,8,1,1,1,I-40,,23,36.11948611,-85.777580560,0,24,0,0,1,1,4,0,1,1,0,1,0,0000000,99,99,99,99,99,99,0,0,0,1,0
47,470254,1,1,0,0,0,1,1,71,0,30,4,2011,7,17,7,0,6,4,GIN ROAD,,0,35.00498889,-88.354641670,0,1,0,0,1,1,1,0,1,1,0,1,0,0000000,99,99,99,99,99,99,0,0,0,1,1
47,470255,2,2,0,0,0,3,3,163,290,18,4,2011,2,6,33,1,13,2,US-SR34,SR-358,161,36.58387778,-82.185936110,0,12,6,0,2,2,1,0,4,1,0,1,0,0000000,99,99,99,99,99,99,0,0,0,1,0
47,470256,1,1,0,0,0,1,1,119,470,26,4,2011,3,13,18,0,14,6,JAMES CAMPBELL BOULE,,3,35.62059722,-87.066950000,0,30,0,0,1,1,3,0,1,1,0,1,0,0000000,99,99,99,99,99,99,0,0,0,1,0
47,470257,2,2,0,0,0,2,2,189,1360,23,4,2011,7,18,3,0,14,6,S HARTMANN DRIVE,LEEVILLE PIKE,27,36.19550278,-86.332941670,0,12,6,0,2,2,1,0,1,1,0,1,0,0000000,99,99,99,99,88,88,0,0,0,1,1
47,470258,3,3,0,0,0,5,5,75,0,29,4,2011,6,14,50,1,1,1,I-40,,220,35.58148889,-89.105516670,0,12,1,0,1,1,1,0,1,1,0,1,0,0000000,99,99,99,99,99,99,19,0,0,1,0
47,470259,1,1,0,0,0,1,1,115,0,1,5,2011,1,21,4,0,3,3,SR-108,,69,35.27155000,-85.536075000,0,31,0,0,1,1,4,0,3,1,0,1,0,0000000,99,99,99,99,99,99,0,0,0,1,1
47,470260,4,4,0,0,0,8,8,9,0,30,4,2011,7,16,5,1,13,2,US-SR33,,55,35.69143611,-84.052008330,0,12,2,0,1,1,1,0,1,1,0,1,0,0000000,99,99,99,99,99,99,14,0,0,1,0
47,470261,3,3,0,1,1,2,2,93,0,8,4,2011,6,6,43,0,14,4,WESTLAND DRIVE,,20,35.90916389,-84.038469440,0,12,1,0,1,1,1,0,3,1,0,1,0,0000000,99,99,99,99,99,99,14,23,0,1,0
47,470262,2,2,0,0,0,5,5,115,0,2,5,2011,2,14,15,0,3,3,SR-27,,242,35.16895278,-85.415372220,0,12,2,0,1,1,1,0,1,1,0,1,0,0000000,99,99,99,99,99,99,0,0,0,1,0
47,470263,2,2,0,0,0,3,3,119,0,5,5,2011,5,7,42,0,3,2,US-SR99,,287,35.62866389,-86.824091670,0,12,2,0,1,1,1,0,1,1,0,1,0,0000000,99,99,99,99,99,99,0,0,0,1,0
47,470264,1,1,0,0,0,3,3,63,0,6,5,2011,6,15,20,1,1,1,I-81,,22,36.14756667,-83.251191670,0,21,0,0,1,1,3,0,1,1,0,1,0,0000000,99,99,99,99,99,99,0,0,0,1,0
47,470265,1,1,0,0,0,1,1,129,2367,7,5,2011,7,11,35,1,2,2,US-SR29,,238,36.25443889,-84.667038890,0,18,0,0,1,1,4,1,1,1,0,1,0,0000000,99,99,99,99,99,99,0,0,0,1,0
47,470266,1,1,0,0,0,1,1,149,0,7,5,2011,7,1,27,0,6,4,BLACKMAN ROAD,,0,35.91436667,-86.511400000,0,1,0,0,1,1,4,0,2,1,0,1,0,0000000,99,99,99,99,99,99,0,0,0,1,1
47,470267,1,1,0,0,0,2,2,35,0,8,5,2011,1,15,20,0,4,2,US-SR24,,123,35.99387222,-85.092047220,0,1,0,0,1,1,4,0,1,1,0,1,0,0000000,15,21,15,26,15,52,0,0,0,2,0
47,470268,1,1,0,0,0,1,1,117,0,8,5,2011,1,16,15,1,1,1,I-65,,46,35.37086389,-86.884936110,0,1,0,0,1,1,4,0,1,1,0,1,0,0000000,99,99,99,99,88,88,0,0,0,1,1
47,470269,2,2,0,0,0,3,3,157,1620,3,5,2011,3,13,45,0,14,6,JAMES ROAD,,39,35.19997222,-89.967738890,0,12,1,0,1,1,1,1,1,1,0,1,0,0000000,99,99,99,99,99,99,0,0,0,1,0
47,470270,1,1,0,0,0,1,1,157,1620,13,5,2011,6,3,25,0,13,6,SYCAMORE VIEW ROAD,,57,35.18413611,-89.871075000,0,33,0,0,1,1,3,0,3,1,0,1,0,0000000,99,99,99,99,88,88,0,0,0,1,0
47,470271,1,1,0,0,0,2,2,101,1130,10,5,2011,3,7,8,0,3,3,SR-20,,179,35.50301111,-87.386272220,0,1,0,0,1,1,1,0,1,1,0,1,0,0000000,99,99,99,99,99,99,0,0,0,1,0
47,470272,1,1,0,0,0,1,1,121,0,11,5,2011,4,99,99,0,3,3,SR-30,,13,35.52816111,-84.861213890,0,34,0,0,1,1,4,0,2,1,0,1,0,0000000,99,99,99,99,88,88,18,0,0,1,0
47,470273,2,2,0,0,0,3,3,109,0,14,5,2011,7,1,26,0,3,3,SR-57,,232,35.07150556,-88.396875000,0,12,2,0,1,1,1,0,2,10,0,10,0,0000000,99,99,99,99,99,99,0,0,0,1,1
47,470274,1,1,0,0,0,3,3,157,1620,14,5,2011,7,22,45,0,12,6,SAM COOPER BOULEVARD,,52,35.14946944,-89.887519440,0,52,0,0,1,1,3,0,3,1,0,1,0,0000000,99,99,99,99,99,99,0,0,0,1,0
47,470275,1,1,0,0,0,1,1,55,0,14,5,2011,7,0,5,1,1,1,I-65,,10,35.00628889,-86.879100000,0,34,0,0,1,1,4,0,2,2,0,2,0,0000000,99,99,99,99,99,99,0,0,0,1,1
47,470276,1,1,0,0,0,1,1,93,0,1,5,2011,1,17,30,0,6,4,GAMBLE ROAD,,5,36.12267222,-84.018244440,0,38,0,0,1,1,4,0,1,1,0,1,0,0000000,99,99,99,99,99,99,0,0,0,1,0
47,470277,1,1,0,0,0,1,1,125,410,9,5,2011,2,4,11,0,14,3,SR-236,TARA BOULEVARD,34,36.62899444,-87.375727780,0,33,0,0,3,3,4,0,2,1,0,1,0,0000000,99,99,99,99,88,88,0,0,0,1,1