STATE,ST_CASE,VE_TOTAL,VE_FORMS,PVH_INVL,PEDS,PERNOTMVIT,PERMVIT,PERSONS,COUNTY,CITY,DAY,MONTH,YEAR,DAY_WEEK,HOUR,MINUTE,NHS,ROAD_FNC,ROUTE,TWAY_ID,TWAY_ID2,MILEPT,LATITUDE,LONGITUD,SP_JUR,HARM_EV,MAN_COLL,RELJCT1,RELJCT2,TYP_INT,REL_ROAD,WRK_ZONE,LGT_COND,WEATHER1,WEATHER2,WEATHER,SCH_BUS,RAIL,NOT_HOUR,NOT_MIN,ARR_HOUR,ARR_MIN,HOSP_HR,HOSP_MN,CF1,CF2,CF3,FATALS,DRUNK_DR
47,470278,1,1,0,0,0,2,2,189,1360,9,5,2011,2,8,45,0,6,4,BARTONS CREEK ROAD,,0,36.17318333,-86.328505560,0,1,0,0,1,1,1,0,1,1,0,1,0,0000000,99,99,99,99,99,99,2,0,0,1,0
47,470279,2,2,0,0,0,3,3,113,0,10,5,2011,3,8,1,1,1,1,I-40,,249,35.71046389,-88.658477780,0,12,6,0,1,1,1,0,1,1,0,1,0,0000000,99,99,99,99,99,99,0,0,0,1,0
47,470280,1,1,0,0,0,7,7,157,1620,13,5,2011,6,16,5,1,11,1,I-40,,91,35.19012778,-89.940508330,0,1,0,0,1,1,4,0,1,1,0,1,0,0000000,99,99,99,99,99,99,0,0,0,1,0
47,470281,1,1,0,0,0,2,2,39,0,22,6,2011,4,5,55,1,1,1,I-40,,8,35.81998056,-88.165513890,0,35,0,0,1,1,3,0,1,1,0,1,0,0000000,99,99,99,99,88,88,0,0,0,2,0
47,470282,1,1,0,0,0,1,1,93,1300,7,5,2011,7,20,16,1,11,1,I-40,,89,35.91835278,-84.090444440,0,25,0,0,1,1,3,0,3,1,0,1,0,0000000,99,99,99,99,88,88,0,0,0,1,1
47,470283,2,2,0,0,0,3,3,149,1750,7,5,2011,7,11,34,0,14,3,SR-99,VETERAN'S PARKWAY,140,35.80374444,-86.478411110,0,12,6,0,2,2,1,0,1,10,0,10,0,0000000,99,99,99,99,99,99,0,0,0,1,0
47,470284,2,2,0,0,0,3,3,55,1980,14,5,2011,7,6,35,1,13,2,US-SR15,EAST COLLEGE STREET,93,35.17663333,-86.987022220,0,12,6,0,2,3,1,0,1,10,0,10,0,0000000,99,99,99,99,99,99,0,0,0,1,0
47,470285,2,2,0,0,0,3,3,37,1760,22,3,2011,3,13,50,0,16,6,17TH AVENUE N,PATTERSON STREET,0,36.15773333,-86.797347220,0,12,6,0,2,2,1,0,1,1,0,1,0,0000000,99,99,99,99,99,99,0,0,0,1,0
47,470286,2,2,0,0,0,3,3,15,0,16,5,2011,2,11,55,1,2,2,US-SR1,,142,35.76315000,-85.975097220,0,12,6,0,1,1,1,0,1,2,0,2,0,0000000,11,49,12,1,13,0,0,0,0,2,0
47,470287,4,4,0,0,0,6,6,1,0,13,5,2011,6,16,25,0,3,2,US-SR9,,167,36.02693889,-84.090244440,0,12,6,0,1,1,1,0,1,2,0,2,0,0000000,99,99,99,99,99,99,14,0,0,1,0
47,470288,1,1,0,0,0,1,1,169,0,17,5,2011,3,8,12,0,3,3,SR-10,,89,36.40062500,-86.219738890,0,35,0,0,1,1,4,0,1,1,0,1,0,0000000,99,99,99,99,99,99,0,0,0,1,0
47,470289,1,1,0,0,0,1,1,141,0,8,5,2011,1,22,35,0,4,3,SR-136,,91,36.22871944,-85.476925000,0,30,0,0,1,1,4,0,2,1,0,1,0,0000000,99,99,99,99,99,99,0,0,0,1,0
47,470290,2,2,0,0,0,2,2,65,400,18,5,2011,4,18,26,0,13,2,US-SR2,TUNNEL BOULEVARD,123,35.01952778,-85.240113890,0,12,1,0,2,3,11,0,1,10,0,10,0,0000000,99,99,99,99,99,99,0,0,0,1,0
47,470291,1,1,0,0,0,1,1,109,0,18,5,2011,4,16,53,0,4,3,SR-224,,146,35.24532222,-88.450950000,0,1,0,0,1,1,4,0,1,1,0,1,0,0000000,99,99,99,99,99,99,0,0,0,1,0
47,470292,1,1,0,0,0,1,1,11,0,7,5,2011,7,6,45,0,14,4,DRY VALLEY ROAD,,37,35.21277222,-84.794625000,0,34,0,0,1,1,4,0,1,1,0,1,0,0000000,99,99,99,99,99,99,0,0,0,1,0
47,470293,2,2,0,0,0,2,2,157,1620,18,5,2011,4,21,50,0,13,3,SR-177,WOOD CHASE DRIVE,90,35.17796389,-89.793025000,0,12,6,0,2,2,1,0,3,1,0,1,0,0000000,99,99,99,99,99,99,0,0,0,1,2
47,470294,2,2,0,0,0,2,2,73,0,21,5,2011,7,16,40,1,2,2,US-SR1,SR-31,21,36.34282778,-83.228758330,0,12,6,0,2,2,1,0,1,1,0,1,0,0000000,99,99,99,99,99,99,0,0,0,1,0
47,470295,1,1,0,0,0,1,1,25,2375,12,5,2011,5,19,50,0,16,6,CARDWELL DR,JAY DR,1,36.48686667,-83.598683330,0,1,0,0,3,1,1,0,1,1,0,1,0,0000000,99,99,99,99,99,99,0,0,0,1,1
47,470296,1,1,0,1,1,2,2,37,1760,28,4,2011,5,20,19,0,14,2,US-SR12,,3,36.16945833,-86.788955560,0,8,0,0,8,1,1,0,3,1,0,1,0,0000000,99,99,99,99,20,35,0,0,0,1,0
47,470297,1,1,0,0,0,1,1,187,0,22,5,2011,1,99,99,0,4,3,SR-46,,21,35.99048889,-86.914011110,0,34,0,0,1,1,4,0,9,99,0,99,0,0000000,99,99,99,99,88,88,0,0,0,1,0
47,470298,1,1,0,0,0,1,1,65,400,23,5,2011,2,99,99,1,11,1,I-75,,27,35.01122778,-85.189483330,0,1,0,0,1,1,4,0,3,1,0,1,0,0000000,99,99,99,99,88,88,0,0,0,1,0
47,470299,1,1,0,0,0,1,1,105,0,23,5,2011,2,17,30,1,1,1,I-75,,106,35.79452778,-84.325647220,0,1,0,0,1,1,1,0,1,1,0,1,0,0000000,99,99,99,99,99,99,0,0,0,1,1
47,470300,1,1,0,0,0,1,1,37,1760,17,5,2011,3,3,57,1,12,3,SR-155,,218,36.22833333,-86.852266670,0,1,0,0,1,1,4,0,2,1,0,1,0,0000000,99,99,99,99,88,88,19,0,0,1,0
47,470301,1,1,0,0,0,3,3,37,1760,7,5,2011,7,8,38,1,1,1,I-24,,66,36.31446667,-86.832294440,0,1,0,0,1,1,2,0,1,1,0,1,0,0000000,99,99,99,99,9,15,0,0,0,1,0
47,470302,1,1,0,0,0,1,1,93,0,25,5,2011,4,16,29,0,6,4,GUINN ROAD,,3,35.96509444,-84.208633330,0,42,0,0,1,1,4,0,1,1,0,1,0,0000000,99,99,99,99,88,88,0,0,0,1,0
47,470303,1,1,0,0,0,2,2,79,1910,20,5,2011,6,4,24,0,16,6,RISON STREET,,1,36.30951389,-88.332855560,0,42,0,0,1,1,4,0,3,1,0,1,0,0000000,99,99,99,99,99,99,0,0,0,1,0
47,470304,1,1,0,0,0,1,1,189,0,18,5,2011,4,18,39,0,6,4,ROBERTS ROAD,,1,36.12281389,-86.159227780,0,38,0,0,1,1,4,0,5,1,0,1,0,0000000,99,99,99,99,99,99,0,0,0,1,0
47,470305,2,2,0,0,0,2,2,157,1620,24,5,2011,3,12,55,0,13,2,US-SR1,MANGUM ROAD,147,35.18083333,-89.859494440,0,12,6,0,3,3,1,0,1,1,0,1,0,0000000,99,99,99,99,88,88,0,0,0,1,0
47,470306,2,2,0,0,0,2,2,147,537,22,5,2011,1,9,15,0,16,6,KINNEYS ROAD,,3,36.53440833,-86.984511110,0,12,2,0,1,1,1,0,1,1,0,1,0,0000000,99,99,99,99,88,88,0,0,0,1,1
47,470307,2,2,0,0,0,3,3,69,0,26,5,2011,5,10,59,0,3,3,SR-100,VILDO ROAD,57,35.33313056,-89.062502780,0,12,6,0,2,2,1,0,1,1,0,1,0,0000000,99,99,99,99,99,99,0,0,0,1,0
47,470308,1,1,0,0,0,2,2,35,0,22,5,2011,1,0,49,0,3,2,US-SR1,,87,35.95601667,-85.118894440,0,39,0,0,1,1,4,0,2,1,0,1,0,0000000,99,99,99,99,99,99,0,0,0,1,1
47,470309,1,1,0,0,0,1,1,19,2063,26,5,2011,5,9,0,0,3,2,US-SR37,,17,36.18592778,-82.031361110,0,24,0,0,1,1,4,0,1,1,0,1,0,0000000,99,99,99,99,99,99,0,0,0,1,0
47,470310,1,1,0,0,0,1,1,105,0,27,5,2011,6,17,25,1,2,2,US-SR73,,134,35.73840000,-84.198050000,0,1,0,0,1,1,3,0,1,1,0,1,0,0000000,99,99,99,99,99,99,0,0,0,1,0
47,470311,1,1,0,1,1,1,1,157,1620,25,5,2011,4,21,19,1,13,2,US-SR4,,63,35.06708056,-89.943088890,0,8,0,0,1,1,1,0,2,1,0,1,0,0000000,99,99,99,99,99,99,0,0,0,1,0
47,470312,1,1,0,0,0,1,1,109,0,27,5,2011,6,2,15,0,4,3,SR-142,,19,35.14475278,-88.538786110,0,32,0,0,1,1,4,0,2,1,0,1,0,0000000,99,99,99,99,99,99,0,0,0,1,1
47,470313,1,1,0,0,0,1,1,35,0,28,5,2011,7,15,10,1,1,1,I-40,,342,35.89213889,-84.737363890,0,24,0,0,1,1,4,0,1,1,0,1,0,0000000,15,18,15,30,16,11,0,0,0,1,1
47,470314,1,1,0,0,0,1,1,99,1350,28,5,2011,7,23,28,0,14,6,FALL RIVER ROAD,BEECH DRIVE,17,35.22636944,-87.307791670,0,42,0,0,2,3,4,0,2,1,0,1,0,0000000,99,99,99,99,88,88,0,0,0,1,1
47,470315,1,1,0,0,0,1,1,133,0,28,5,2011,7,18,57,0,5,4,SHILOH ROAD,,73,36.27149167,-85.199983330,0,1,0,0,1,1,4,0,1,1,0,1,0,0000000,99,99,99,99,99,99,0,0,0,1,0
47,470316,3,3,0,0,0,4,4,35,0,28,5,2011,7,10,48,0,4,2,US-SR24,PLATEAU ROAD,67,36.04144444,-85.167366670,0,12,6,0,2,3,1,0,1,1,0,1,0,0000000,10,46,10,50,11,20,14,0,0,1,0
47,470317,2,2,0,0,0,5,5,163,290,28,5,2011,7,15,20,0,14,3,SR-435,OLD JONESBORO ROAD,3,36.55908611,-82.155605560,0,12,6,0,2,2,1,0,1,1,0,1,0,0000000,99,99,99,99,99,99,0,0,0,1,0
47,470318,1,1,0,0,0,1,1,181,0,28,5,2011,7,2,20,0,5,4,RAILROAD BED ROAD,,32,35.16101111,-87.686938890,0,42,0,0,1,1,4,0,2,1,0,1,0,0000000,99,99,99,99,99,99,0,0,0,1,1
47,470319,1,1,0,1,1,2,2,41,0,29,5,2011,1,20,55,0,4,4,JEFFERSON ROAD,,16,35.89344722,-85.732605560,0,8,0,0,1,1,1,0,2,1,0,1,0,0000000,99,99,99,99,88,88,0,0,0,1,0
47,470320,1,1,0,0,0,1,1,155,2170,30,5,2011,2,1,0,0,15,6,GISTS CREEK ROAD,EVENTS CENTER,52,35.89229167,-83.588255560,0,33,0,0,2,3,4,0,3,1,0,1,0,0000000,99,99,99,99,99,99,0,0,0,1,0
47,470321,1,1,0,0,0,1,1,115,0,31,5,2011,3,0,31,0,4,3,SR-27,,64,35.05895556,-85.562505560,0,7,0,0,1,1,1,0,2,1,0,1,0,0000000,99,99,99,99,99,99,0,0,0,1,0
47,470322,2,2,0,0,0,2,2,177,0,20,5,2011,6,8,10,1,2,3,SR-55,,81,35.64482500,-85.826841670,0,12,1,0,1,1,1,0,1,1,0,1,0,0000000,99,99,99,99,99,99,0,0,0,1,0
47,470323,1,1,0,1,1,1,1,125,410,27,5,2011,6,99,99,0,14,2,US-SR76,CHARLEMAGNE BOULEVAR,125,36.55060833,-87.408027780,0,8,0,0,3,1,1,0,3,10,0,10,0,0000000,99,99,99,99,99,99,0,0,0,1,0
47,470324,2,2,0,0,0,2,2,125,410,30,5,2011,2,14,35,0,14,3,SR-236,,34,36.62845278,-87.374777780,0,12,2,0,1,1,1,0,1,1,0,1,0,0000000,99,99,99,99,99,99,0,0,0,1,0
47,470325,2,2,0,0,0,4,4,157,1620,31,5,2011,3,18,35,0,14,6,E HOLMES ROAD,,48,35.00641944,-90.020150000,0,12,6,0,8,1,1,0,1,1,0,1,0,0000000,99,99,99,99,99,99,0,0,0,1,0
47,470326,1,1,0,0,0,1,1,145,0,26,5,2011,5,8,0,1,2,2,US-SR29,,120,35.97045833,-84.501250000,0,34,0,0,1,1,4,0,1,2,0,2,0,0000000,99,99,99,99,99,99,0,0,0,1,1
47,470327,4,4,0,0,0,5,5,149,2250,7,5,2011,7,13,49,0,14,3,SR-266,,2,35.97652222,-86.567919440,0,12,1,0,1,1,1,0,1,1,0,1,0,0000000,99,99,99,99,99,99,0,0,0,1,0
47,470328,1,1,0,0,0,2,2,145,0,21,5,2011,7,0,1,0,4,2,US-SR1,,110,35.86745000,-84.580936110,0,34,0,0,1,1,4,0,2,1,0,1,0,0000000,99,99,99,99,99,99,0,0,0,1,0
47,470329,2,2,0,0,0,2,2,149,2250,28,5,2011,7,8,51,0,13,2,US-SR1,,53,35.98006389,-86.516891670,0,12,1,0,8,1,1,0,1,1,0,1,0,0000000,99,99,99,99,99,99,0,0,0,1,0
47,470330,1,1,0,0,0,2,2,65,400,18,5,2011,4,19,22,0,15,6,NOAH REID ROAD,,2,35.07211667,-85.171686110,0,42,0,0,1,1,4,0,1,10,0,10,0,0000000,99,99,99,99,99,99,0,0,0,1,0
47,470331,1,1,0,0,0,1,1,65,0,21,5,2011,7,3,40,0,14,4,HUNTER ROAD,,39,35.10739444,-85.082261110,0,35,0,0,1,1,4,0,2,1,0,1,0,0000000,99,99,99,99,88,88,0,0,0,1,1
47,470332,1,1,0,0,0,1,1,9,0,26,5,2011,5,17,44,0,5,4,ELLEJOY ROAD,,20,35.81054722,-83.799386110,0,1,0,0,1,1,4,0,1,2,0,2,0,0000000,99,99,99,99,99,99,0,0,0,1,0
47,470333,1,1,0,0,0,1,1,99,0,16,6,2011,5,4,42,0,3,3,SR-20,,7,35.43843611,-87.317200000,0,1,0,0,1,1,4,0,2,1,0,1,0,0000000,99,99,99,99,88,88,0,0,0,1,0
47,470334,2,2,0,0,0,5,5,119,1730,29,6,2011,4,16,6,1,2,2,US-SR6,SR-166,86,35.54365556,-87.220611110,0,12,6,0,3,2,1,0,1,1,0,1,0,0000000,99,99,99,99,99,99,0,0,0,2,0
47,470335,1,1,0,3,3,1,1,113,175,31,5,2011,3,21,42,0,4,3,SR-197,,70,35.57178611,-88.653272220,0,49,0,0,1,1,1,0,2,5,0,5,0,0000000,99,99,99,99,99,99,0,0,0,1,1
47,470336,1,1,0,0,0,1,1,43,548,1,6,2011,4,11,48,0,13,3,SR-48,OLD HIGHWAY 48 NORTH,224,36.24835833,-87.348302780,0,34,0,0,3,2,5,0,1,1,0,1,0,0000000,99,99,99,99,88,88,0,0,0,1,0
47,470337,2,2,0,1,1,2,2,157,1620,27,5,2011,6,11,34,0,15,6,WALNUT BEND ROAD,CEDAR TRAIL COVE,18,35.13951389,-89.785733330,0,12,7,0,3,1,1,0,1,1,0,1,0,0000000,99,99,99,99,99,99,0,0,0,1,0
47,470338,1,1,0,0,0,3,3,97,0,2,6,2011,5,20,0,0,6,4,SAM TAYLOR ROAD,,1,35.65261111,-89.798797220,0,34,0,0,1,1,4,0,2,1,0,1,0,0000000,99,99,99,99,99,99,0,0,0,1,1
47,470339,1,1,0,0,0,3,3,13,0,4,6,2011,7,2,45,0,6,4,BAIRD CREEK ROAD,,1,36.57048056,-84.245319440,0,34,0,0,1,1,4,0,2,1,0,1,0,0000000,99,99,99,99,99,99,0,0,0,1,1
47,470340,1,1,0,0,0,2,2,43,0,4,6,2011,7,18,50,0,3,3,SR-47,,174,36.15656944,-87.317469440,0,52,0,0,1,1,4,0,1,1,0,1,0,0000000,99,99,99,99,99,99,0,0,0,2,1
47,470341,1,1,0,0,0,1,1,151,1880,26,5,2011,5,5,47,0,4,3,SR-456,,98,36.49885556,-84.511394440,0,42,0,0,1,1,4,0,3,1,0,1,0,0000000,99,99,99,99,99,99,0,0,0,1,0
47,470342,1,1,0,0,0,1,1,47,0,4,6,2011,7,99,99,0,4,3,SR-222,,45,35.34822222,-89.404186110,0,42,0,0,1,1,4,0,2,1,0,1,0,0000000,99,99,99,99,88,88,0,0,0,1,1
47,470343,1,1,0,0,0,1,1,157,1620,28,5,2011,7,18,20,0,13,6,AIRWAYS BOULEVARD,MEMPHIS DEPOT PARKWA,25,35.08643889,-89.987822220,0,7,0,0,2,3,4,0,1,1,0,1,0,0000000,99,99,99,99,99,99,0,0,0,1,1
47,470345,1,1,0,1,1,1,1,157,1620,3,6,2011,6,4,13,0,14,6,NEW ALLEN STREET,,34,35.21715556,-89.952172220,0,8,0,0,1,1,1,0,3,1,0,1,0,0000000,99,99,99,99,88,88,0,0,0,1,0
47,470346,1,1,0,0,0,1,1,65,0,4,6,2011,7,20,4,0,13,3,SR-58,,139,35.16256111,-85.088316670,0,32,0,0,1,1,3,0,5,1,0,1,0,0000000,99,99,99,99,88,88,0,0,0,1,1
47,470347,1,1,0,0,0,1,1,31,2470,29,5,2011,1,9,52,0,15,3,SR-130,,8,35.36448611,-86.235722220,0,30,0,0,1,1,4,0,1,1,0,1,0,0000000,99,99,99,99,99,99,0,0,0,1,0
47,470348,1,1,0,0,0,1,1,27,0,5,6,2011,1,2,15,0,3,3,SR-53,MOODY BOAT RAMP ROAD,90,36.54382778,-85.469513890,0,42,0,0,2,3,4,0,2,5,0,5,0,0000000,99,99,99,99,99,99,0,0,0,1,0
47,470349,1,1,0,0,0,1,1,111,0,6,6,2011,2,99,99,0,5,4,HEADY RIDGE ROAD,,36,36.55296389,-85.899030560,0,42,0,0,1,1,4,0,5,1,0,1,0,0000000,99,99,99,99,88,88,0,0,0,1,0
47,470350,2,2,0,0,0,2,2,149,2250,13,7,2011,4,8,53,0,13,2,US-SR1,,84,35.94384444,-86.484972220,0,12,6,0,7,1,1,0,1,1,0,1,0,0000000,99,99,99,99,99,99,0,0,0,1,0
47,470351,1,1,0,0,0,1,1,149,0,28,5,2011,7,11,25,0,4,4,BARFIELD CHURCH ROAD,,1,35.78530278,-86.425022220,0,42,0,0,1,1,4,0,1,1,0,1,0,0000000,99,99,99,99,99,99,0,0,0,1,0
47,470352,1,1,0,0,0,1,1,177,1690,6,6,2011,2,12,27,0,2,3,SR-55,,15,35.58138889,-85.945536110,0,53,0,0,1,1,4,0,1,1,0,1,0,0000000,99,99,99,99,99,99,0,0,0,1,0
47,470353,2,2,0,0,0,2,2,9,0,8,6,2011,4,12,52,0,6,4,MORGANTOWN ROAD,WELLS ROAD,82,35.73265000,-84.027133330,0,12,1,0,2,3,1,0,1,1,0,1,0,0000000,99,99,99,99,99,99,0,0,0,1,0
47,470354,2,2,0,0,0,2,2,187,2350,8,6,2011,4,21,48,0,13,2,US-SR6,,14,35.77418056,-86.916361110,0,12,6,0,8,1,1,0,3,1,0,1,0,0000000,99,99,99,99,99,99,0,0,0,1,0
47,470355,1,1,0,0,0,1,1,37,1760,13,5,2011,6,4,0,0,16,6,BRICK CHURCH LANE,,0,36.24463333,-86.785452780,0,18,0,0,1,1,1,0,2,1,0,1,0,0000000,99,99,99,99,88,88,0,0,0,1,0
47,470356,1,1,0,0,0,1,1,37,1760,22,5,2011,1,2,48,1,11,1,I-65,,127,36.15421389,-86.759141670,0,24,0,0,1,1,4,0,3,1,0,1,0,0000000,99,99,99,99,99,99,0,0,0,1,1
47,470357,1,1,0,0,0,1,1,37,1760,12,3,2011,7,22,56,1,1,1,I-24,,64,36.31880833,-86.838019440,0,42,0,0,1,1,4,0,2,1,0,1,0,0000000,99,99,99,99,88,88,0,0,0,1,1
47,470358,1,1,0,0,0,1,1,37,1245,29,5,2011,1,99,99,0,16,6,MORGAN ROAD,,1,36.33567500,-86.848227780,0,38,0,0,1,1,4,0,9,99,0,99,0,0000000,99,99,99,99,88,88,0,0,0,1,1
47,470359,2,2,0,0,0,3,3,111,1310,3,6,2011,6,11,44,0,5,6,AKERSVILLE ROAD,,2,36.53324444,-86.029375000,0,12,6,0,8,1,1,0,1,1,0,1,0,0000000,99,99,99,99,99,99,0,0,0,2,0
47,470360,2,2,0,0,0,3,3,61,1033,10,6,2011,6,12,25,0,3,3,SR-108,,84,35.36901389,-85.638583330,0,12,6,0,8,1,1,0,1,1,0,1,0,0000000,99,99,99,99,99,99,0,0,0,1,0
47,470361,1,1,0,0,0,1,1,143,0,10,6,2011,6,21,45,0,3,3,SR-30,,56,35.52201111,-85.040402780,0,35,0,0,1,1,4,0,2,1,0,1,0,0000000,99,99,99,99,88,88,0,0,0,1,0
47,470362,1,1,0,0,0,1,1,21,0,11,6,2011,7,15,6,0,5,4,OLD CLARKSVILLE PIKE,,95,36.33168611,-86.967322220,0,1,0,0,1,1,4,0,1,1,0,1,0,0000000,99,99,99,99,99,99,0,0,0,1,0
47,470363,4,1,3,0,0,1,1,59,0,27,6,2011,2,9,5,0,5,4,W ALLENS BRIDGE ROAD,,10,36.07440556,-82.883702780,0,32,0,0,1,1,4,0,1,1,0,1,0,0000000,99,99,99,99,99,99,0,0,0,1,1
47,470365,1,1,0,0,0,12,12,85,0,28,7,2011,5,8,55,1,1,1,I-40 RAMP,,80,35.87946667,-87.799661110,0,1,0,1,5,1,8,0,1,1,0,1,0,0000000,99,99,99,99,99,99,0,0,0,1,0
47,470366,1,1,0,0,0,2,2,115,0,11,6,2011,7,16,53,1,1,1,I-24,,264,35.01751944,-85.544336110,0,1,0,0,1,1,3,0,1,1,0,1,0,0000000,99,99,99,99,99,99,0,0,0,1,0
47,470367,1,1,0,0,0,3,3,103,0,12,6,2011,1,0,18,1,2,2,US-SR10,,165,35.09549722,-86.568163890,0,35,0,0,1,1,4,0,2,1,0,1,0,0000000,99,99,99,99,99,99,0,0,0,2,1
47,470368,2,2,0,0,0,3,3,157,1620,8,6,2011,4,15,0,1,12,3,SR-300,,12,35.19450278,-90.020169440,0,12,1,0,1,1,1,0,1,1,0,1,0,0000000,99,99,99,99,99,99,23,0,0,2,0
47,470369,1,1,0,0,0,2,2,53,0,13,6,2011,2,19,35,0,5,4,CONCORD MOORES CHAPE,,20,35.96941111,-88.833283330,0,32,0,0,1,1,4,0,1,1,0,1,0,0000000,99,99,99,99,99,99,0,0,0,1,0
47,470370,1,1,0,0,0,1,1,165,2565,8,6,2011,4,99,99,0,5,6,JONES ROAD,,42,36.44245556,-86.617552780,0,35,0,0,1,1,4,0,2,1,0,1,0,0000000,99,99,99,99,88,88,0,0,0,1,1
47,470371,1,1,0,0,0,1,1,155,0,14,6,2011,3,20,0,0,4,3,SR-339,,43,35.85520000,-83.437563890,0,34,0,0,1,1,4,0,1,1,0,1,0,0000000,99,99,99,99,99,99,0,0,0,1,1
47,470372,1,1,0,1,1,1,1,15,271,10,6,2011,6,18,20,0,4,3,SR-64,,38,35.73818611,-86.165063890,0,8,0,0,1,1,1,0,1,1,0,1,0,0000000,99,99,99,99,99,99,0,0,0,1,0
47,470373,1,1,0,0,0,1,1,53,0,10,6,2011,6,11,20,0,6,4,TYREE LOOP ROAD,,3,35.95619444,-89.070025000,0,53,0,0,1,1,4,0,1,1,0,1,0,0000000,99,99,99,99,99,99,0,0,0,1,0
47,470374,1,1,0,1,1,1,1,141,0,15,6,2011,4,21,15,0,3,2,US-SR24,,150,36.17746667,-85.566738890,0,8,0,0,1,1,1,0,2,10,0,10,0,0000000,99,99,99,99,88,88,0,0,0,1,0
47,470375,2,2,0,0,0,3,3,89,0,11,6,2011,7,3,25,1,1,1,I-40 RAMP,,118,36.06708889,-83.388577780,0,12,6,1,5,1,1,0,2,1,0,1,0,0000000,99,99,99,99,99,99,0,0,0,1,1
47,470376,2,2,0,0,0,8,8,59,1715,12,6,2011,1,13,0,0,3,2,US-SR34,,19,36.23336944,-83.063058330,0,1,0,0,1,1,1,0,1,1,0,1,0,0000000,99,99,99,99,99,99,0,0,0,2,0
47,470377,2,2,0,0,0,2,2,157,1620,12,6,2011,1,13,20,0,13,3,SR-1,LINDEN AVENUE,65,35.13319444,-89.990391670,0,12,6,0,2,3,1,0,1,1,0,1,0,0000000,99,99,99,99,99,99,0,0,0,1,0
47,470378,1,1,0,0,0,5,5,157,1620,17,6,2011,6,23,21,0,14,6,NEW HORN LAKE ROAD,,58,35.07155000,-90.062966670,0,33,0,0,1,1,4,0,3,1,0,1,0,0000000,99,99,99,99,88,88,0,0,0,1,0
47,470379,2,2,0,0,0,3,3,155,2170,18,6,2011,7,2,36,0,13,2,US-SR35,,175,35.86415278,-83.509086110,0,12,6,0,1,1,1,0,3,1,0,1,0,0000000,99,99,99,99,99,99,0,0,0,1,1
47,470380,1,1,0,0,0,1,1,183,0,17,6,2011,6,4,0,0,14,3,SR-431,,61,36.35997500,-88.901483330,0,34,0,0,1,1,4,0,2,2,0,2,0,0000000,99,99,99,99,99,99,0,0,0,1,1
47,470381,1,1,0,0,0,1,1,147,0,18,6,2011,7,8,50,1,1,1,I-65,,161,36.61520278,-86.578802780,0,42,0,0,1,1,4,0,1,2,0,2,0,0000000,99,99,99,99,99,99,0,0,0,1,0
47,470382,1,1,0,0,0,1,1,165,890,17,6,2011,6,20,30,0,5,6,ROCK BRIDGE ROAD,,47,36.50845556,-86.377580560,0,44,0,0,1,1,1,1,5,10,0,10,0,0000000,99,99,99,99,88,88,0,0,0,1,1
47,470383,2,2,0,0,0,6,6,21,100,16,6,2011,5,15,52,0,3,3,SR-12,,46,36.25776944,-87.042080560,0,12,6,0,7,1,1,0,1,1,0,1,0,0000000,99,99,99,99,99,99,0,0,0,3,0
47,470384,4,4,0,0,0,6,6,89,2570,18,6,2011,7,15,52,0,14,2,US-SR32,HARRISON ROAD,61,36.12691667,-83.282886110,0,12,6,0,2,3,1,0,1,2,0,2,0,0000000,99,99,99,99,99,99,14,0,0,1,0
47,470385,1,1,0,1,1,1,1,99,0,21,6,2011,3,99,99,0,5,4,FALL RIVER ROAD,,40,35.19756111,-87.301097220,0,8,0,0,1,1,1,0,2,1,0,1,0,0000000,99,99,99,99,88,88,0,0,0,1,0
47,470386,1,1,0,0,0,4,4,93,0,10,6,2011,6,18,45,0,4,2,US-SR9,,162,36.01769167,-83.685402780,0,42,0,0,1,1,4,0,1,1,0,1,0,0000000,99,99,99,99,99,99,0,0,0,1,1
47,470387,1,1,0,0,0,1,1,107,0,18,6,2011,7,13,20,0,3,2,US-SR2,,117,35.43067222,-84.648800000,0,1,0,0,1,1,4,0,1,10,0,10,0,0000000,99,99,99,99,99,99,0,0,0,1,0
47,470388,2,2,0,0,0,2,2,107,0,30,7,2011,7,20,46,0,4,3,SR-163,,10,35.31638889,-84.768091670,0,12,2,0,1,1,1,0,1,1,0,1,0,0000000,99,99,99,99,88,88,0,0,0,1,0
47,470389,3,3,0,0,0,5,5,165,890,21,6,2011,3,13,26,1,13,3,SR-25,SR-109,130,36.39823611,-86.479461110,0,12,6,0,2,2,1,0,1,2,0,2,0,0000000,99,99,99,99,99,99,0,0,0,1,0
47,470390,2,2,0,0,0,2,2,43,640,24,6,2011,6,12,41,0,4,3,SR-46,,88,36.09648611,-87.406963890,0,12,2,0,1,1,1,0,1,1,0,1,0,0000000,99,99,99,99,99,99,0,0,0,1,0
47,470391,2,2,0,0,0,2,2,177,0,24,6,2011,6,8,34,0,3,3,SR-56,SULLIVAN ROAD,221,35.81200556,-85.791941670,0,12,6,0,2,2,1,0,1,1,0,1,0,0000000,99,99,99,99,99,99,0,0,0,1,0
47,470392,2,2,0,0,0,2,2,35,0,25,6,2011,7,13,15,0,13,2,US-SR28,,85,35.89315278,-84.993666670,0,12,2,0,1,1,1,0,1,1,0,1,0,0000000,13,22,13,29,13,50,0,0,0,1,0