STATE,ST_CASE,VE_TOTAL,VE_FORMS,PVH_INVL,PEDS,PERNOTMVIT,PERMVIT,PERSONS,COUNTY,CITY,DAY,MONTH,YEAR,DAY_WEEK,HOUR,MINUTE,NHS,ROAD_FNC,ROUTE,TWAY_ID,TWAY_ID2,MILEPT,LATITUDE,LONGITUD,SP_JUR,HARM_EV,MAN_COLL,RELJCT1,RELJCT2,TYP_INT,REL_ROAD,WRK_ZONE,LGT_COND,WEATHER1,WEATHER2,WEATHER,SCH_BUS,RAIL,NOT_HOUR,NOT_MIN,ARR_HOUR,ARR_MIN,HOSP_HR,HOSP_MN,CF1,CF2,CF3,FATALS,DRUNK_DR
47,470393,2,2,0,0,0,2,2,75,0,25,6,2011,7,8,17,0,4,2,US-SR1,,237,35.58958333,-89.149177780,0,12,2,0,1,1,1,0,1,1,0,1,0,0000000,99,99,99,99,99,99,0,0,0,1,0
47,470394,1,1,0,0,0,1,1,119,0,25,6,2011,7,6,10,1,1,1,I-65 RAMP,,20,35.51636944,-86.896947220,0,59,0,1,5,1,4,0,4,5,0,5,0,0000000,99,99,99,99,99,99,0,0,0,1,0
47,470395,1,1,0,1,1,3,3,189,0,25,6,2011,7,23,0,1,11,1,I-40,,6,36.16832500,-86.560913890,0,8,0,0,1,1,1,0,2,1,0,1,0,0000000,99,99,99,99,88,88,0,0,0,1,0
47,470396,1,1,0,0,0,1,1,3,2200,26,6,2011,1,12,4,0,16,6,STONEFIELD CIRCLE,,1,35.48999722,-86.485272220,0,44,0,0,1,1,1,0,1,10,0,10,0,0000000,99,99,99,99,99,99,0,0,0,1,0
47,470397,2,2,0,0,0,4,4,31,2470,26,6,2011,1,23,23,1,13,3,SR-55,,86,35.40970556,-86.122469440,0,12,2,0,1,1,1,0,3,1,0,1,0,0000000,23,23,23,32,1,2,0,0,0,2,0
47,470398,1,1,0,0,0,1,1,73,0,26,6,2011,1,21,55,0,5,4,CLINCH VALLEY ROAD,,34,36.48591944,-83.092388890,0,53,0,0,1,1,4,0,2,1,0,1,0,0000000,99,99,99,99,99,99,0,0,0,1,1
47,470399,2,2,0,0,0,3,3,157,1620,29,6,2011,4,15,29,1,1,1,I-55,,45,35.06145833,-90.019591670,0,12,1,0,1,1,1,0,1,1,0,1,0,0000000,99,99,99,99,99,99,0,0,0,1,0
47,470400,2,2,0,0,0,2,2,145,2070,20,6,2011,2,15,27,1,2,2,US-SR1,,35,35.85406111,-84.699772220,0,12,2,0,1,1,1,0,1,1,0,1,0,0000000,99,99,99,99,99,99,0,0,0,1,0
47,470401,2,2,0,0,0,4,4,9,1570,30,6,2011,5,15,33,0,13,2,US-SR35,NORTHFIELD DRIVE,56,35.76941111,-83.918058330,0,12,8,0,2,3,1,0,1,1,0,1,0,0000000,99,99,99,99,99,99,0,0,0,1,0
47,470402,1,1,0,0,0,1,1,77,0,30,6,2011,5,22,24,0,15,3,SR-104,,190,35.61808056,-88.382580560,0,19,0,0,1,1,4,0,2,1,0,1,0,0000000,99,99,99,99,99,99,0,0,0,1,1
47,470403,2,2,0,0,0,2,2,169,0,27,6,2011,2,17,30,0,3,3,SR-10,OLD HIGHWAY 25,78,36.39171667,-86.234736110,0,12,6,0,2,3,1,0,1,1,0,1,0,0000000,99,99,99,99,88,88,0,0,0,1,0
47,470404,1,1,0,0,0,1,1,23,0,28,6,2011,3,20,50,0,6,4,PLAINVIEW ROAD,,1,35.41991389,-88.495480560,0,1,0,0,1,1,4,0,2,1,0,1,0,0000000,99,99,99,99,88,88,0,0,0,1,1
47,470405,1,1,0,0,0,1,1,89,0,23,6,2011,5,6,3,0,6,4,BAKER SPRINGS ROAD,,2,36.11402500,-83.271119440,0,53,0,0,1,1,4,0,4,2,0,2,0,0000000,99,99,99,99,99,99,0,0,0,1,0
47,470406,1,1,0,0,0,1,1,53,0,14,6,2011,3,23,25,0,2,3,SR-104,,45,35.99474444,-89.116888890,0,42,0,0,1,1,4,0,2,1,0,1,0,0000000,99,99,99,99,99,99,0,0,0,1,0
47,470407,1,1,0,0,0,1,1,179,1250,27,6,2011,2,16,43,0,14,6,N ROAN STREET,BARBERRY ROAD,3,36.32776389,-82.365691670,0,30,0,0,2,3,4,0,1,1,0,1,0,0000000,99,99,99,99,99,99,0,0,0,1,0
47,470408,2,2,0,0,0,2,2,55,80,5,6,2011,1,0,35,0,4,2,US-SR7,UNION HILL ROAD,14,34.99653611,-86.859325000,0,12,1,0,2,3,1,0,3,1,0,1,0,0000000,99,99,99,99,99,99,0,0,0,1,1
47,470409,1,1,0,1,1,1,1,37,960,26,6,2011,1,3,49,0,12,3,SR-386,,15,36.30842500,-86.691805560,0,8,0,0,1,1,1,1,2,1,0,1,0,0000000,99,99,99,99,88,88,0,0,0,1,0
47,470410,2,2,0,0,0,5,5,83,0,21,6,2011,3,11,57,0,4,3,SR-13,,100,36.32954444,-87.621008330,0,12,1,0,1,1,1,0,1,2,0,2,0,0000000,99,99,99,99,99,99,0,0,0,1,0
47,470411,1,1,0,0,0,1,1,31,0,1,7,2011,6,13,0,0,6,4,OLD MANCHESTER ROAD,,1,35.38941667,-86.164311110,0,34,0,0,1,1,5,0,1,1,0,1,0,0000000,99,99,99,99,99,99,0,0,0,1,1
47,470412,1,1,0,0,0,1,1,25,0,17,7,2011,1,15,21,0,5,3,SR-33,,69,36.41511389,-83.657416670,0,24,0,0,1,1,4,0,1,10,0,10,0,0000000,99,99,99,99,99,99,0,0,0,1,0
47,470413,2,2,0,0,0,6,6,45,0,29,7,2011,6,19,9,0,4,3,SR-181,BRADLEY ROAD,69,36.00438333,-89.672100000,0,12,6,0,2,2,1,0,1,1,0,1,0,0000000,99,99,99,99,99,99,0,0,0,1,1
47,470414,2,2,0,0,0,2,2,11,0,11,8,2011,5,3,49,1,1,1,I-75,,0,35.12694444,-85.024538890,0,12,2,1,5,1,1,0,2,1,0,1,0,0000000,99,99,99,99,88,88,0,0,0,1,1
47,470415,2,2,0,0,0,2,2,71,0,4,7,2011,2,11,50,0,3,3,SR-57,DAMRON LOOP,27,35.04136389,-88.335336110,0,12,6,0,2,3,1,0,1,1,0,1,0,0000000,99,99,99,99,99,99,0,0,0,1,0
47,470416,2,2,0,0,0,9,9,177,0,4,7,2011,2,13,35,0,5,4,SHELBYVILLE ROAD,,78,35.66599444,-85.860813890,0,12,2,0,1,1,1,0,1,1,0,1,0,0000000,99,99,99,99,99,99,0,0,0,2,0
47,470417,2,2,0,0,0,2,2,65,400,4,7,2011,2,16,4,0,14,3,SR-317,,56,35.06555278,-85.125416670,0,12,6,0,1,1,1,0,1,1,0,1,0,0000000,99,99,99,99,99,99,0,0,0,1,1
47,470418,3,3,0,0,0,9,9,59,0,18,7,2011,2,16,45,1,1,1,I-81,,220,36.34485833,-82.784813890,0,12,1,0,1,1,1,0,1,1,0,1,0,0000000,99,99,99,99,99,99,14,0,0,1,0
47,470419,2,2,0,0,0,3,3,129,441,20,7,2011,4,12,22,0,3,3,SR-62,,316,36.03364722,-84.416858330,0,12,6,0,1,1,1,0,1,1,0,1,0,0000000,99,99,99,99,99,99,0,0,0,1,0
47,470421,1,1,0,0,0,1,1,93,1300,4,7,2011,2,3,40,0,15,6,RIFLE RANGE ROAD,,0,36.04587222,-83.947669440,0,34,0,0,1,1,6,0,3,10,0,10,0,0000000,99,99,99,99,99,99,0,0,0,1,1
47,470422,1,1,0,0,0,1,1,1,0,5,7,2011,3,15,30,0,5,4,LAUREL ROAD,,22,36.08547222,-84.184583330,0,30,0,0,1,1,5,0,1,1,0,1,0,0000000,99,99,99,99,99,99,0,0,0,1,0
47,470423,2,2,0,0,0,3,3,125,410,5,7,2011,3,12,47,0,14,3,SR-236,MAN O WAR BOULEVARD,62,36.62648056,-87.328733330,0,12,6,0,2,3,1,0,1,10,0,10,0,0000000,99,99,99,99,99,99,0,0,0,1,0
47,470424,1,1,0,0,0,2,2,177,0,4,7,2011,2,13,25,0,3,3,SR-8,,70,35.62929167,-85.648813890,0,42,0,0,1,1,4,0,1,1,0,1,0,0000000,99,99,99,99,99,99,0,0,0,1,1
47,470425,2,2,0,0,0,2,2,9,0,3,8,2011,4,9,30,0,3,2,US-SR115,,50,35.50052778,-83.944000000,0,12,6,0,1,1,1,0,1,1,0,1,0,0000000,99,99,99,99,99,99,0,0,0,1,0
47,470426,2,2,0,0,0,2,2,5,0,11,8,2011,5,7,50,0,6,4,COXBURG ROAD N,,0,35.95432500,-88.048252780,0,12,2,0,1,1,1,0,1,1,0,1,0,0000000,99,99,99,99,88,88,0,0,0,1,0
47,470427,2,2,0,0,0,3,3,37,1760,19,6,2011,1,14,22,0,13,2,US-SR1,,57,36.07890833,-86.952044440,0,12,6,0,8,1,1,0,1,1,0,1,0,0000000,99,99,99,99,99,99,0,0,0,1,0
47,470428,2,2,0,0,0,2,2,157,1620,23,7,2011,7,11,0,1,13,2,US-SR14,LEVI ROAD,49,35.04278611,-90.066094440,0,12,6,0,2,3,1,0,1,1,0,1,0,0000000,99,99,99,99,99,99,0,0,0,1,0
47,470429,1,1,0,0,0,1,1,139,0,3,7,2011,1,11,30,1,2,2,US-SR40,,94,35.11236111,-84.586958330,1,35,0,0,1,1,6,0,1,1,0,1,0,0000000,99,99,99,99,88,88,0,0,0,1,0
47,470430,1,1,0,0,0,2,2,125,410,6,7,2011,4,11,3,0,12,3,SR-374,,120,36.58576111,-87.408944440,0,5,0,1,5,1,1,0,1,10,0,10,0,0000000,99,99,99,99,99,99,0,0,0,1,0
47,470431,1,1,0,0,0,1,1,93,1300,22,4,2011,6,14,32,0,15,6,UNIVERSITY AVENUE,,0,35.97190278,-83.933600000,0,19,0,0,1,1,5,0,1,1,0,1,0,0000000,99,99,99,99,99,99,0,0,0,1,0
47,470432,1,1,0,0,0,1,1,169,0,26,4,2011,3,20,15,0,5,4,OLDHAM ROAD,,51,36.37076111,-86.240541670,0,53,0,0,1,1,4,0,2,1,0,1,0,0000000,99,99,99,99,99,99,20,0,0,1,1
47,470433,2,2,0,0,0,2,2,79,0,1,5,2011,1,12,21,1,2,2,US-SR76,,269,36.41446111,-88.134688890,0,12,6,0,7,1,1,0,1,2,0,2,0,0000000,99,99,99,99,99,99,0,0,0,1,0
47,470434,1,1,0,1,1,1,1,37,1760,22,6,2011,4,15,37,0,15,6,BUCHANAN STREET,,5,36.18031389,-86.804922220,0,8,0,0,1,1,4,0,1,2,0,2,0,0000000,99,99,99,99,99,99,0,0,0,1,0
47,470435,2,2,0,0,0,2,2,113,1200,26,2,2011,7,13,10,0,14,2,US-SR5,,185,35.69624167,-88.829769440,0,12,6,0,8,1,1,0,1,1,0,1,0,0000000,99,99,99,99,99,99,0,0,0,1,0
47,470436,2,2,0,0,0,5,5,93,1300,27,2,2011,1,10,14,1,1,1,I-40,,330,35.99741667,-83.721677780,0,12,2,0,1,1,1,0,1,2,0,2,0,0000000,99,99,99,99,99,99,0,0,0,1,0
47,470437,2,2,0,0,0,3,3,79,1910,19,6,2011,1,0,27,1,13,2,US-SR76,SR-356,144,36.30243333,-88.309391670,0,12,2,0,3,3,1,0,3,1,0,1,0,0000000,99,99,99,99,99,99,0,0,0,1,1
47,470438,2,2,0,0,0,3,3,157,1620,28,3,2011,2,18,10,0,14,3,SR-175,HOLMES RD,8,35.00618333,-90.096430560,0,12,6,0,2,2,1,0,1,1,0,1,0,0000000,99,99,99,99,99,99,0,0,0,1,0
47,470439,1,1,0,0,0,1,1,75,0,14,4,2011,5,7,45,0,4,3,SR-54,,220,35.65701667,-89.230100000,0,34,0,0,1,1,4,0,1,1,0,1,0,0000000,99,99,99,99,99,99,0,0,0,1,0
47,470440,1,1,0,0,0,1,1,9,0,7,7,2011,5,21,45,0,6,4,KEENER ROAD,WALTER DAVIS ROAD,0,35.81910000,-83.767169440,0,17,0,0,3,1,4,0,2,1,0,1,0,0000000,99,99,99,99,99,99,0,0,0,1,1
47,470441,1,1,0,0,0,1,1,11,0,7,7,2011,5,21,20,1,11,1,I-75,,169,35.27981944,-84.819430560,0,59,0,0,1,1,4,0,2,1,0,1,0,0000000,99,99,99,99,99,99,0,0,0,1,1
47,470442,1,1,0,0,0,1,1,93,0,10,7,2011,1,3,12,0,13,3,SR-33,KIMBERLIN HEIGHTS RO,23,35.90299167,-83.827613890,0,7,0,0,2,2,1,0,2,1,0,1,0,0000000,99,99,99,99,99,99,0,0,0,1,1
47,470443,1,1,0,0,0,5,5,105,0,11,7,2011,2,16,46,1,1,1,I-75,,56,35.74219444,-84.386844440,0,1,0,0,1,1,1,1,1,1,0,1,0,0000000,99,99,99,99,99,99,19,0,0,1,0
47,470444,1,1,0,0,0,1,1,179,1250,10,7,2011,1,21,39,1,2,2,US-SR381,,18,36.30139444,-82.379200000,0,33,0,0,1,1,4,0,3,1,0,1,0,0000000,99,99,99,99,99,99,0,0,0,1,0
47,470445,1,1,0,1,1,1,1,29,0,12,7,2011,3,21,15,0,3,3,SR-73,,31,35.87506111,-83.214708330,0,9,0,0,1,1,1,0,5,1,0,1,0,0000000,99,99,99,99,99,99,0,0,0,1,1
47,470446,3,3,0,0,0,6,6,177,1530,12,7,2011,3,15,34,0,13,3,SR-56,NORTHGATE DRIVE,144,35.70022222,-85.780558330,0,12,6,0,2,3,1,0,1,1,0,1,0,0000000,99,99,99,99,99,99,0,0,0,1,0
47,470447,1,1,0,0,0,1,1,47,0,15,7,2011,6,20,0,1,2,2,US-SR15,,220,35.26712222,-89.263636110,0,24,0,0,1,1,4,0,2,1,0,1,0,0000000,99,99,99,99,99,99,0,0,0,1,1
47,470448,2,1,1,1,1,1,1,157,1620,17,7,2011,1,3,10,1,12,3,SR-385,,8,35.07590000,-89.863105560,0,14,0,0,1,1,3,0,3,1,0,1,0,0000000,99,99,99,99,99,99,23,0,0,1,1
47,470449,1,1,0,0,0,2,2,11,0,16,7,2011,7,23,55,0,6,4,LEAD MINE VALLEY ROA,,7,35.08502778,-84.922225000,0,38,0,0,1,1,4,0,2,1,0,1,0,0000000,99,99,99,99,88,88,0,0,0,2,1
47,470450,1,1,0,0,0,1,1,157,1620,9,7,2011,7,23,47,1,11,1,I-240,,186,35.13849444,-89.869150000,0,25,0,0,1,1,3,0,3,1,0,1,0,0000000,99,99,99,99,88,88,0,0,0,1,0
47,470451,2,2,0,0,0,2,2,93,1300,11,7,2011,2,12,22,0,15,6,FRANCIS ROAD,,13,35.94495278,-84.037369440,0,12,2,0,1,1,1,0,1,1,0,1,0,0000000,99,99,99,99,99,99,0,0,0,1,1
47,470452,1,1,0,1,1,1,1,59,1010,13,7,2011,4,21,36,0,13,3,SR-70,,138,36.13711111,-82.850330560,0,8,0,0,1,1,1,0,3,1,0,1,0,0000000,99,99,99,99,99,99,0,0,0,1,0
47,470453,1,1,0,1,1,1,1,63,0,14,7,2011,5,16,35,0,14,2,US-SR32,,1,36.13399722,-83.280994440,0,8,0,0,1,1,2,4,1,1,0,1,0,0000000,99,99,99,99,88,88,0,0,0,1,0
47,470454,1,1,0,0,0,2,2,129,0,14,7,2011,5,14,20,1,2,2,US-SR29,GOBEY ROAD,136,36.12771944,-84.614919440,0,32,0,0,3,3,4,0,1,1,0,1,0,0000000,99,99,99,99,99,99,0,0,0,2,0
47,470455,1,1,0,0,0,4,4,163,1280,14,7,2011,5,19,25,1,11,1,I-26,,28,36.49524167,-82.557491670,0,34,0,0,1,1,3,0,1,2,0,2,0,0000000,99,99,99,99,99,99,0,0,0,1,0
47,470456,2,2,0,0,0,3,3,37,1535,26,6,2011,1,2,7,0,14,6,MYATT DRIVE,,20,36.29116667,-86.693977780,0,12,2,0,1,1,1,0,3,1,0,1,0,0000000,99,99,99,99,99,99,0,0,0,1,1
47,470457,2,2,0,0,0,2,2,37,1760,1,8,2011,2,0,29,1,11,1,I-40,,234,36.14421667,-86.697111110,0,12,1,0,1,1,1,0,3,1,0,1,0,0000000,99,99,99,99,88,88,0,0,0,1,0
47,470458,2,2,0,0,0,3,3,37,1760,29,5,2011,1,17,17,0,16,6,MCCALL STREET,,0,36.09909444,-86.734116670,0,12,6,0,8,1,1,0,1,1,0,1,0,0000000,99,99,99,99,17,33,0,0,0,1,0
47,470459,1,1,0,0,0,1,1,187,0,17,7,2011,1,14,0,1,2,3,SR-840,,361,35.84624722,-86.674269440,0,35,0,0,1,1,4,0,1,1,0,1,0,0000000,99,99,99,99,88,88,0,0,0,1,0
47,470460,1,1,0,0,0,1,1,119,0,19,7,2011,3,19,45,0,6,4,OLD ZION ROAD,,1,35.57940833,-87.127938890,0,1,0,0,1,1,4,0,5,1,0,1,0,0000000,99,99,99,99,99,99,0,0,0,1,0
47,470461,3,3,0,0,0,5,5,131,0,23,8,2011,3,15,15,0,3,2,US-SR5,,28,36.23847222,-89.035269440,0,12,8,0,1,1,1,0,1,1,0,1,0,0000000,99,99,99,99,99,99,0,0,0,1,0
47,470462,3,3,0,0,0,3,3,125,410,23,8,2011,3,19,1,0,14,3,SR-48,SR-374,79,36.57748611,-87.315061110,0,12,6,0,2,2,1,0,5,1,0,1,0,0000000,99,99,99,99,99,99,0,0,0,1,0
47,470463,2,2,0,0,0,2,2,93,0,6,9,2011,3,15,11,0,14,3,SR-332,,45,35.85141667,-84.103963890,0,12,2,0,1,1,1,0,1,2,0,2,1,0000000,99,99,99,99,88,88,0,0,0,1,1
47,470464,2,2,0,0,0,2,2,17,0,5,7,2011,3,6,50,0,4,3,SR-104,,226,35.91032500,-88.687819440,0,12,1,0,1,1,1,0,1,1,0,1,0,0000000,99,99,99,99,99,99,0,0,0,1,1
47,470465,2,2,0,0,0,4,4,149,1750,5,7,2011,3,11,18,1,11,1,I-24,,78,35.92554722,-86.522055560,0,59,0,0,1,1,3,0,1,1,0,1,0,0000000,99,99,99,99,99,99,0,0,0,1,0
47,470466,2,2,0,0,0,2,2,157,1620,20,7,2011,4,16,57,1,13,2,US-SR4,PLEASANT RUN ROAD,26,35.01917222,-89.897002780,0,12,6,0,2,3,1,0,1,1,0,1,0,0000000,99,99,99,99,99,99,0,0,0,1,0
47,470467,1,1,0,0,0,2,2,89,147,10,7,2011,1,3,30,0,6,4,HARRISON FERRY ROAD,,0,36.04993056,-83.272847220,0,34,0,0,1,1,4,0,2,1,0,1,0,0000000,99,99,99,99,99,99,0,0,0,1,1
47,470468,2,2,0,0,0,5,5,19,2063,13,7,2011,4,17,30,0,3,2,US-SR37,,47,36.20009722,-82.072677780,0,12,1,0,1,1,1,0,1,1,0,1,0,0000000,99,99,99,99,99,99,0,0,0,1,1
47,470469,2,2,0,0,0,2,2,157,1620,17,7,2011,1,20,40,1,11,1,I-40 RAMP,,195,35.18752222,-89.808747220,0,12,1,1,5,1,1,0,2,1,0,1,0,0000000,99,99,99,99,99,99,0,0,0,1,1
47,470470,2,2,0,1,1,3,3,31,1550,21,7,2011,5,20,44,0,14,3,SR-53,,8,35.49738333,-86.087086110,0,8,0,0,1,1,1,0,3,10,0,10,0,0000000,20,48,20,52,21,3,14,0,0,1,0
47,470471,1,1,0,0,0,1,1,107,0,22,7,2011,6,6,15,0,4,3,SR-305,,4,35.52083889,-84.644163890,0,1,0,0,1,1,1,0,4,1,0,1,0,0000000,99,99,99,99,99,99,0,0,0,1,1
47,470472,2,2,0,0,0,5,5,145,0,30,8,2011,3,18,15,1,2,3,SR-61,,88,35.96974722,-84.478313890,0,12,2,0,1,1,1,0,1,1,0,1,0,0000000,99,99,99,99,99,99,0,0,0,4,0
47,470473,2,2,0,0,0,3,3,37,1760,30,6,2011,5,21,5,1,11,1,I-65 RAMP,SR-45,56,36.26429444,-86.736175000,0,12,6,1,5,1,1,0,3,1,0,1,0,0000000,99,99,99,99,99,99,0,0,0,1,0
47,470474,1,1,0,0,0,3,3,157,1620,22,6,2011,4,23,38,0,14,6,FRAYSER BOULEVARD,MOUNTAIN TERRCE STRE,26,35.21716389,-89.984441670,0,33,0,0,3,2,4,0,3,1,0,1,0,0000000,99,99,99,99,99,99,0,0,0,1,0
47,470475,1,1,0,0,0,3,3,45,710,23,7,2011,7,9,33,0,15,6,KIST AVENUE,,2,36.03346667,-89.368022220,0,23,0,0,1,1,4,0,1,1,0,1,0,0000000,99,99,99,99,99,99,0,0,0,2,0
47,470476,2,2,0,0,0,3,3,163,1280,24,7,2011,1,16,35,0,14,6,NEW BEASON WELL ROAD,,11,36.56547500,-82.491883330,0,12,6,0,1,1,1,0,1,1,0,1,0,0000000,99,99,99,99,99,99,0,0,0,1,0
47,470477,1,1,0,0,0,1,1,187,272,24,7,2011,1,22,33,1,11,1,I-65,,201,36.01685000,-86.786080560,0,25,0,0,1,1,10,0,2,1,0,1,0,0000000,99,99,99,99,88,88,0,0,0,1,1
47,470478,2,2,0,0,0,5,5,157,0,20,7,2011,4,18,50,1,2,2,US-SR3,,326,35.38787778,-89.857172220,0,12,6,0,7,1,1,0,1,1,0,1,0,0000000,99,99,99,99,99,99,0,0,0,1,0
47,470479,1,1,0,2,2,1,1,93,1300,23,7,2011,7,3,6,1,11,1,I-40,,276,35.92192500,-84.073955560,0,8,0,0,1,1,2,0,3,1,0,1,0,0000000,99,99,99,99,99,99,0,0,0,1,1
47,470480,1,1,0,0,0,10,10,141,0,23,7,2011,7,15,15,1,1,1,I-40,,276,36.14030000,-85.365444440,0,1,0,0,1,1,3,0,1,2,0,2,0,0000000,99,99,99,99,99,99,0,0,0,1,0
47,470481,1,1,0,0,0,1,1,91,0,25,7,2011,2,6,59,0,3,3,SR-67,,41,36.37910278,-81.985705560,0,42,0,0,1,1,4,0,1,10,0,10,0,0000000,99,99,99,99,99,99,0,0,0,1,0
47,470482,2,2,0,0,0,4,4,149,0,26,7,2011,3,14,42,0,4,3,SR-266,,121,35.96353056,-86.390819440,0,12,2,0,1,1,1,0,1,1,0,1,0,0000000,99,99,99,99,99,99,0,0,0,1,0
47,470483,2,2,0,0,0,4,4,71,0,27,7,2011,4,20,30,0,3,3,SR-69,,4,35.01923889,-87.990063890,0,12,6,0,1,1,1,0,2,1,0,1,0,0000000,99,99,99,99,99,99,0,0,0,1,0
47,470484,2,2,0,0,0,4,4,157,1620,27,7,2011,4,19,15,0,12,6,SAM COOPER BOULEVARD,,48,35.14742500,-89.897513890,0,12,1,0,1,1,1,0,1,1,0,1,0,0000000,99,99,99,99,99,99,0,0,0,1,0
47,470485,1,1,0,0,0,1,1,139,1863,28,7,2011,5,22,30,0,16,6,MOUNTAIN ROAD,,2,35.07430556,-84.713794440,0,30,0,0,1,1,4,0,1,1,0,1,0,0000000,99,99,99,99,99,99,0,0,0,1,0
47,470486,1,1,0,0,0,3,3,11,420,29,7,2011,6,14,30,0,13,3,SR-2,,110,35.18481389,-84.871980560,0,32,0,0,1,1,4,0,1,1,0,1,0,0000000,99,99,99,99,99,99,0,0,0,1,1
47,470487,1,1,0,1,1,2,2,63,0,29,7,2011,6,4,45,0,5,4,ST. PAUL ROAD,,30,36.15951667,-83.225277780,0,8,0,0,1,1,1,0,2,1,0,1,0,0000000,99,99,99,99,99,99,4,0,0,1,1
47,470488,1,1,0,0,0,1,1,37,1760,31,7,2011,1,19,10,1,11,1,I-65,,124,36.21907222,-86.774655560,0,18,0,0,1,1,3,0,5,1,0,1,0,0000000,99,99,99,99,21,45,0,0,0,1,0
47,470489,1,1,0,1,1,1,1,65,400,29,7,2011,6,23,9,0,16,6,7TH AVENUE,,0,35.00543333,-85.282686110,0,8,0,0,1,1,1,0,6,1,0,1,0,0000000,99,99,99,99,88,88,0,0,0,1,1
47,470490,1,1,0,0,0,1,1,93,0,20,7,2011,4,3,48,0,6,4,BUD HAWKINS ROAD,,0,36.08851944,-83.815094440,0,42,0,0,1,1,4,0,2,1,0,1,0,0000000,99,99,99,99,88,88,0,0,0,1,1
47,470491,1,1,0,0,0,1,1,113,1200,5,7,2011,3,99,99,0,16,6,BERRY STREET,COLEMAN ALLEY,3,35.62890833,-88.803519440,0,53,0,0,2,3,4,0,3,1,0,1,0,0000000,99,99,99,99,88,88,0,0,0,1,1
47,470492,1,1,0,0,0,3,3,125,410,13,7,2011,4,14,46,1,11,1,I-24,,11,36.57611111,-87.262000000,0,42,0,0,1,1,3,1,1,1,0,1,0,0000000,99,99,99,99,99,99,0,0,0,1,0
47,470493,2,2,0,0,0,2,2,65,400,31,7,2011,1,1,32,1,13,3,SR-319,,12,35.11926389,-85.241775000,0,12,2,0,1,1,1,0,2,1,0,1,0,0000000,99,99,99,99,99,99,0,0,0,1,1
47,470494,2,2,0,0,0,2,2,73,405,11,7,2011,2,16,28,1,13,2,US-SR1,OLD UNION ROAD,344,36.52050556,-82.727925000,0,12,6,0,2,3,1,0,1,1,0,1,0,0000000,99,99,99,99,99,99,0,0,0,1,0
47,470495,2,2,0,0,0,2,2,141,0,5,7,2011,3,5,55,0,4,3,SR-290,FOSTER CIRCLE,33,36.20383611,-85.542683330,0,12,2,0,2,3,1,0,4,10,0,10,0,0000000,99,99,99,99,99,99,0,0,0,1,0
47,470496,1,1,0,0,0,3,3,113,1200,31,7,2011,1,0,20,1,13,2,US-SR186,,1,35.61778056,-88.842486110,0,34,0,0,1,1,4,0,3,1,0,1,0,0000000,99,99,99,99,99,99,0,0,0,1,1
47,470497,3,3,0,0,0,5,5,75,0,31,7,2011,1,10,47,1,1,1,I-40,,120,35.52451944,-89.259752780,0,12,1,0,1,1,1,0,1,1,0,1,0,0000000,99,99,99,99,99,99,19,0,0,1,0
47,470498,2,2,0,0,0,5,5,31,0,23,7,2011,7,4,3,1,11,1,I-24,,173,35.46085000,-86.053363890,0,1,0,0,1,1,3,0,2,1,0,1,0,0000000,99,99,99,99,99,99,14,19,0,1,0
47,470499,1,1,0,0,0,1,1,1,0,3,8,2011,4,7,0,0,6,4,LOVELY BLUFF ROAD,,2,36.21630556,-84.134469440,0,42,0,0,1,1,4,0,1,1,0,1,0,0000000,99,99,99,99,99,99,0,0,0,1,0
47,470500,1,1,0,0,0,1,1,97,0,10,4,2011,1,9,40,0,4,3,SR-87,,149,35.70036667,-89.664863890,0,35,0,0,1,1,4,0,1,1,0,1,0,0000000,99,99,99,99,99,99,0,0,0,1,0
47,470501,1,1,0,0,0,1,1,85,2530,24,5,2011,3,20,1,0,3,2,US-SR1,,176,36.09977500,-87.716061110,0,35,0,0,1,1,4,0,2,10,0,10,0,0000000,99,99,99,99,99,99,0,0,0,1,0
47,470502,1,1,0,0,0,1,1,119,0,28,5,2011,7,5,42,1,2,2,US-SR99,,0,35.56913889,-87.322627780,0,30,0,0,1,1,4,0,1,1,0,1,0,0000000,99,99,99,99,99,99,0,0,0,1,0
47,470503,2,2,0,0,0,2,2,11,420,26,9,2011,2,8,7,0,2,3,SR-60,,221,35.25879722,-84.912116670,0,12,2,0,1,1,1,0,1,1,0,1,0,0000000,99,99,99,99,99,99,0,0,0,1,2
47,470504,1,1,0,1,1,1,1,157,1620,27,7,2011,4,22,49,0,14,3,SR-15,,1,35.20532500,-89.922075000,0,8,0,0,1,1,1,0,3,1,0,1,0,0000000,99,99,99,99,99,99,0,0,0,1,0
47,470505,2,2,0,0,0,2,2,11,0,11,7,2011,2,16,42,0,13,3,SR-60,SR-306,199,35.23497222,-84.888108330,0,12,6,0,2,2,1,0,1,1,0,1,0,0000000,99,99,99,99,99,99,0,0,0,1,0
47,470506,1,1,0,0,0,1,1,57,0,3,8,2011,4,99,99,0,6,4,JOE MILL CREEK ROAD,,2,36.37952500,-83.401238890,0,35,0,0,1,1,4,0,1,1,0,1,0,0000000,99,99,99,99,88,88,0,0,0,1,1
47,470507,2,2,0,0,0,2,2,91,0,3,8,2011,4,12,37,0,3,2,US-SR34,,222,36.37051111,-81.755300000,0,12,6,0,1,1,1,0,1,1,0,1,0,0000000,99,99,99,99,99,99,0,0,0,1,0