STATE,ST_CASE,VE_TOTAL,VE_FORMS,PVH_INVL,PEDS,PERNOTMVIT,PERMVIT,PERSONS,COUNTY,CITY,DAY,MONTH,YEAR,DAY_WEEK,HOUR,MINUTE,NHS,ROAD_FNC,ROUTE,TWAY_ID,TWAY_ID2,MILEPT,LATITUDE,LONGITUD,SP_JUR,HARM_EV,MAN_COLL,RELJCT1,RELJCT2,TYP_INT,REL_ROAD,WRK_ZONE,LGT_COND,WEATHER1,WEATHER2,WEATHER,SCH_BUS,RAIL,NOT_HOUR,NOT_MIN,ARR_HOUR,ARR_MIN,HOSP_HR,HOSP_MN,CF1,CF2,CF3,FATALS,DRUNK_DR
47,470509,4,4,0,0,0,6,6,189,1360,29,7,2011,6,12,17,0,13,3,SR-26,,29,36.21193889,-86.285536110,0,12,1,0,1,1,1,0,1,1,0,1,0,0000000,99,99,99,99,99,99,14,0,0,2,1
47,470510,2,2,0,0,0,3,3,157,1620,5,8,2011,6,9,4,0,13,3,SR-204,BATTLE CREEK DRIVE,24,35.20228889,-89.894997220,0,12,6,0,2,2,1,0,1,1,0,1,0,0000000,99,99,99,99,9,56,0,0,0,1,0
47,470511,1,1,0,1,1,1,1,157,1620,5,8,2011,6,22,35,0,13,3,SR-1,SEVIER,90,35.14945833,-89.941013890,0,8,0,0,2,2,1,0,3,1,0,1,0,0000000,99,99,99,99,99,99,0,0,0,1,0
47,470512,1,1,0,0,0,1,1,107,0,4,8,2011,5,10,15,0,6,4,OLD FEDERAL ROAD,,1,35.39798333,-84.477802780,0,11,0,0,1,1,1,0,1,1,0,1,0,0000000,99,99,99,99,99,99,0,0,0,1,0
47,470513,1,1,0,0,0,1,1,149,0,4,8,2011,5,11,15,1,2,3,SR-840,,129,35.94619167,-86.438272220,0,35,0,0,1,1,4,0,1,1,0,1,0,0000000,99,99,99,99,88,88,0,0,0,1,0
47,470514,2,2,0,0,0,4,4,9,1570,4,8,2011,5,16,44,0,14,6,WILDWOOD ROAD,MITCHELL AVENUE,2,35.78395278,-83.945263890,0,12,6,0,2,3,1,0,1,1,0,1,0,0000000,99,99,99,99,99,99,0,0,0,1,0
47,470515,1,1,0,0,0,2,2,19,0,4,8,2011,5,17,25,0,14,3,SR-91,BLUE SPRINGS ROAD,90,36.37232222,-82.157308330,0,53,0,0,3,1,4,0,1,1,0,1,0,0000000,99,99,99,99,99,99,0,0,0,2,0
47,470516,2,2,0,0,0,4,4,35,540,4,8,2011,5,6,48,0,13,2,US-SR28,MATHERLY STREET,166,35.98655000,-85.038813890,0,12,6,0,3,3,1,0,1,1,0,1,0,0000000,99,99,99,99,99,99,0,0,0,1,0
47,470517,1,1,0,0,0,1,1,13,0,5,8,2011,6,18,20,0,6,4,DAVIS CHAPEL ROAD,,0,36.39073333,-84.080750000,0,16,0,0,1,1,1,0,1,1,0,1,0,0000000,99,99,99,99,88,88,0,0,0,1,0
47,470518,1,1,0,0,0,1,1,171,0,28,9,2011,4,8,49,1,1,1,I-26,,234,36.01265833,-82.546741670,0,1,0,0,1,1,1,0,1,1,0,1,0,0000000,99,99,99,99,88,88,0,0,0,1,0
47,470519,1,1,0,0,0,1,1,153,0,6,8,2011,7,14,30,1,2,3,SR-8,,211,35.42985833,-85.428102780,0,1,0,0,1,1,1,0,1,2,0,2,0,0000000,14,37,14,42,88,88,0,0,0,1,0
47,470520,2,2,0,0,0,2,2,97,2050,28,2,2011,2,15,55,1,13,2,US-SR3,COLLINS STREET,104,35.77231389,-89.531794440,0,12,6,0,1,1,1,1,1,1,0,1,0,0000000,99,99,99,99,88,88,0,0,0,1,0
47,470521,1,1,0,0,0,4,4,59,0,7,8,2011,1,22,5,1,1,1,I-81,,16,36.23215833,-83.018938890,0,42,0,0,1,1,3,0,2,1,0,1,0,0000000,99,99,99,99,99,99,0,0,0,1,1
47,470522,1,1,0,0,0,1,1,93,1300,4,8,2011,5,22,14,1,11,1,I-140,,50,35.85871667,-84.066061110,0,59,0,0,1,1,4,0,2,1,0,1,0,0000000,99,99,99,99,88,88,0,0,0,1,1
47,470523,2,2,0,0,0,2,2,11,0,5,8,2011,6,18,7,0,6,4,LEAD MINE VALLEY ROA,,6,35.02807778,-84.944680560,0,12,2,0,1,1,1,0,1,1,0,1,0,0000000,99,99,99,99,88,88,0,0,0,1,0
47,470524,1,1,0,0,0,1,1,93,0,9,8,2011,3,19,18,0,16,4,KECK ROAD,,0,36.01322222,-83.993975000,0,35,0,0,1,1,5,0,5,10,0,10,0,0000000,99,99,99,99,99,99,0,0,0,1,0
47,470525,2,2,0,0,0,2,2,47,0,7,8,2011,1,5,0,0,3,3,SR-57,,100,35.04686111,-89.470425000,0,12,2,0,1,1,1,0,2,1,0,1,0,0000000,99,99,99,99,99,99,0,0,0,1,0
47,470526,1,1,0,0,0,1,1,93,1300,9,8,2011,3,21,13,0,16,6,PALMETTO ROAD,,3,35.98215556,-84.011186110,0,33,0,0,1,1,6,0,3,1,0,1,0,0000000,99,99,99,99,99,99,0,0,0,1,0
47,470527,1,1,0,1,1,1,1,75,0,7,8,2011,1,5,12,1,1,1,I-40,,159,35.55736667,-89.190102780,0,8,0,0,1,1,1,0,2,1,0,1,0,0000000,99,99,99,99,99,99,0,0,0,1,0
47,470528,2,2,0,0,0,2,2,123,0,10,8,2011,4,6,8,0,5,4,NILES FERRY ROAD,,55,35.54903056,-84.271300000,0,12,2,0,1,1,1,0,4,5,0,5,0,0000000,99,99,99,99,99,99,0,0,0,1,0
47,470529,1,1,0,0,0,1,1,97,0,12,8,2011,6,18,38,0,5,4,LIGHTFOOT LUCKETT RO,,62,35.74993056,-89.631013890,0,32,0,0,1,1,4,0,1,1,0,1,0,0000000,99,99,99,99,99,99,0,0,0,1,1
47,470530,1,1,0,0,0,2,2,41,0,13,8,2011,7,10,30,0,3,2,US-SR26,,226,35.94954444,-85.741777780,0,34,0,0,1,1,4,0,1,10,0,10,0,0000000,99,99,99,99,99,99,0,0,0,1,0
47,470531,2,2,0,0,0,2,2,47,0,13,8,2011,7,99,99,1,1,1,I-40,,126,35.37686389,-89.453102780,0,12,1,0,1,1,1,0,4,1,0,1,0,0000000,99,99,99,99,88,88,0,0,0,1,1
47,470532,1,1,0,0,0,1,1,99,0,13,8,2011,7,99,99,0,5,4,GIMLET ROAD,,19,35.24505000,-87.276158330,0,53,0,0,1,1,4,0,2,1,0,1,0,0000000,99,99,99,99,99,99,0,0,0,1,0
47,470533,1,1,0,0,0,1,1,183,0,13,8,2011,7,99,99,1,2,2,US-SR43,,124,36.28417778,-88.840688890,0,32,0,0,1,1,4,0,2,1,0,1,0,0000000,99,99,99,99,88,88,0,0,0,1,1
47,470534,2,2,0,0,0,3,3,25,0,14,8,2011,1,8,19,0,3,3,SR-33,,30,36.38383889,-83.710241670,0,12,2,0,1,1,1,0,1,10,0,10,0,0000000,99,99,99,99,99,99,0,0,0,1,0
47,470535,2,2,0,0,0,5,5,43,0,14,8,2011,1,10,53,0,3,3,SR-48,,203,36.21637222,-87.343797220,0,12,2,0,1,1,1,0,1,10,0,10,0,0000000,99,99,99,99,99,99,0,0,0,1,0
47,470536,1,1,0,0,0,1,1,45,0,14,8,2011,1,6,20,0,3,4,LANES FERRY ROAD,,55,36.12186111,-89.317902780,0,34,0,0,1,1,4,0,1,1,0,1,0,0000000,99,99,99,99,99,99,0,0,0,1,1
47,470537,3,2,1,0,0,4,4,157,0,6,8,2011,7,4,55,0,15,4,ROSS ROAD,FINCH ROAD,0,35.00001111,-89.838611110,0,12,6,0,2,2,1,0,2,1,0,1,0,0000000,99,99,99,99,99,99,14,0,0,1,0
47,470538,1,1,0,1,1,1,1,157,1620,11,8,2011,5,23,0,0,16,6,SUMMITT STREET,,3,35.13076389,-89.989261110,0,9,0,0,1,1,1,0,3,1,0,1,0,0000000,99,99,99,99,99,99,0,0,0,1,0
47,470539,1,1,0,1,1,1,1,189,0,14,8,2011,1,2,8,0,16,4,POWELL GROVE ROAD,,3,36.22881667,-86.412469440,0,8,0,0,1,1,1,0,2,1,0,1,0,0000000,99,99,99,99,99,99,0,0,0,1,0
47,470540,1,1,0,0,0,1,1,177,0,15,8,2011,2,6,37,0,4,3,SR-108,,16,35.52447222,-85.869227780,0,34,0,0,1,1,4,0,1,1,0,1,0,0000000,99,99,99,99,99,99,0,0,0,1,0
47,470541,2,2,0,0,0,3,3,17,0,17,8,2011,4,20,50,0,3,2,US-SR77,,29,35.98169167,-88.619155560,0,12,1,0,1,1,1,0,2,1,0,1,0,0000000,99,99,99,99,99,99,0,0,0,1,0
47,470542,2,2,0,0,0,2,2,189,0,21,8,2011,1,17,0,1,2,3,SR-109,,94,36.25945278,-86.438980560,0,34,0,0,1,1,4,0,1,1,0,1,0,0000000,99,99,99,99,99,99,0,0,0,1,0
47,470543,1,1,0,0,0,2,2,47,0,16,8,2011,3,20,24,0,4,4,OLD BROWNSVILLE ROAD,,40,35.34145556,-89.310822220,0,42,0,0,1,1,4,0,2,1,0,1,0,0000000,99,99,99,99,99,99,0,0,0,2,1
47,470544,2,2,0,0,0,3,3,115,2590,18,8,2011,5,20,1,0,2,3,SR-28,,113,35.18442778,-85.526897220,0,12,2,0,8,1,1,0,3,1,0,1,0,0000000,99,99,99,99,99,99,0,0,0,1,0
47,470545,2,2,0,0,0,7,7,63,1700,14,8,2011,1,12,47,1,13,3,SR-160,US-SR32 RAMP,72,36.19136944,-83.268405560,0,12,6,1,2,2,1,0,1,1,0,1,0,0000000,99,99,99,99,99,99,0,0,0,1,0
47,470546,1,1,0,0,0,1,1,99,1450,21,8,2011,1,3,53,1,2,2,US-SR6,,67,35.03326389,-87.504430560,0,24,0,0,1,1,4,0,3,1,0,1,0,0000000,99,99,99,99,99,99,0,0,0,1,0
47,470547,2,2,0,0,0,2,2,161,0,14,8,2011,1,21,50,0,3,3,SR-49,,38,36.47831389,-87.803538890,0,12,8,0,1,1,1,0,2,1,0,1,0,0000000,99,99,99,99,99,99,0,0,0,1,1
47,470548,2,2,0,0,0,2,2,99,0,16,8,2011,3,11,52,1,2,2,US-SR6,,118,35.12731944,-87.385725000,0,12,6,0,1,1,1,0,1,1,0,1,0,0000000,99,99,99,99,99,99,0,0,0,1,0
47,470549,1,1,0,0,0,1,1,3,0,22,8,2011,2,8,15,1,2,2,US-SR16,,280,35.44061944,-86.299938890,0,35,0,0,1,1,4,0,1,1,0,1,0,0000000,99,99,99,99,99,99,0,0,0,1,0
47,470550,1,1,0,0,0,1,1,163,250,17,8,2011,4,14,0,0,15,6,WHITETOP ROAD,,32,36.51060833,-82.218636110,0,42,0,0,1,1,4,0,1,1,0,1,0,0000000,99,99,99,99,88,88,0,0,0,1,0
47,470551,1,1,0,0,0,4,4,69,0,19,8,2011,6,8,47,0,3,3,SR-57,,200,35.04460000,-88.859230560,0,32,0,0,1,1,4,0,1,1,0,1,0,0000000,99,99,99,99,99,99,0,0,0,1,0
47,470552,1,1,0,0,0,1,1,157,1620,20,8,2011,7,6,0,1,11,1,I-240,,79,35.07696389,-89.983477780,0,52,0,0,1,1,8,0,4,1,0,1,0,0000000,99,99,99,99,88,88,0,0,0,1,0
47,470553,2,2,0,0,0,2,2,31,0,3,10,2011,2,17,30,0,3,3,SR-53,POCAHONTAS ROAD,102,35.63283056,-86.068336110,0,12,6,0,2,3,1,0,1,1,0,1,0,0000000,17,39,17,50,18,23,0,0,0,1,0
47,470554,2,2,0,0,0,11,11,189,0,1,10,2011,7,9,50,0,3,2,US-SR10,,63,36.09804167,-86.333377780,0,12,2,0,1,1,1,0,1,1,0,1,1,0000000,99,99,99,99,99,99,0,0,0,1,0
47,470555,1,1,0,0,0,1,1,65,400,22,8,2011,2,8,18,0,14,6,LAKE RESORT DRIVE,,5,35.10865833,-85.220025000,0,59,0,0,1,1,4,0,1,1,0,1,0,0000000,99,99,99,99,99,99,0,0,0,1,0
47,470556,2,2,0,0,0,4,4,149,0,23,8,2011,3,7,30,0,14,3,SR-99,VETERAN'S PARKWAY,140,35.80369722,-86.478372220,0,12,6,0,2,2,1,0,1,1,0,1,0,0000000,99,99,99,99,99,99,0,0,0,1,0
47,470557,1,1,0,0,0,1,1,25,0,23,8,2011,3,99,99,0,3,3,SR-33,,163,36.43207500,-83.457252780,0,35,0,0,1,1,4,0,9,1,0,1,0,0000000,99,99,99,99,88,88,18,0,0,1,0
47,470558,2,2,0,0,0,2,2,163,290,31,8,2011,4,15,23,1,13,2,US-SR34,,128,36.54853333,-82.225802780,0,12,1,0,1,1,1,0,1,1,0,1,0,0000000,99,99,99,99,99,99,0,0,0,1,0
47,470559,1,1,0,0,0,2,2,71,0,25,8,2011,5,18,35,0,6,4,SYLVAN ROAD,,0,35.13919722,-88.248616670,0,42,0,0,1,1,4,0,1,1,0,1,0,0000000,99,99,99,99,99,99,0,0,0,1,0
47,470560,1,1,0,0,0,1,1,143,0,29,9,2011,5,12,55,0,3,3,SR-30,,139,35.52342500,-84.919897220,0,34,0,0,1,1,4,0,1,1,0,1,0,0000000,99,99,99,99,99,99,0,0,0,1,0
47,470561,1,1,0,0,0,1,1,149,0,25,8,2011,5,6,4,1,12,3,SR-840,,4,35.86919167,-86.505758330,0,1,0,0,1,1,1,0,1,1,0,1,0,0000000,99,99,99,99,99,99,0,0,0,1,0
47,470562,1,1,0,1,1,1,1,157,1620,25,8,2011,5,5,30,1,13,3,SR-3,,177,35.22199722,-90.026133330,0,8,0,0,1,1,1,0,3,1,0,1,0,0000000,99,99,99,99,99,99,0,0,0,1,0
47,470563,1,1,0,0,0,1,1,11,420,26,8,2011,6,14,44,1,11,1,I-75,,73,35.16803889,-84.926602780,0,21,0,0,1,1,3,0,1,1,0,1,0,0000000,99,99,99,99,88,88,20,0,0,1,0
47,470564,1,1,0,0,0,2,2,185,0,26,8,2011,6,23,21,0,6,4,SWAMP ROAD,,1,35.99304444,-85.532391670,0,38,0,0,1,1,4,0,2,1,0,1,0,0000000,99,99,99,99,99,99,4,0,0,1,1
47,470565,2,2,0,0,0,3,3,105,1370,13,9,2011,3,14,20,0,16,6,HOTCHKISS VALLEY ROA,,30,35.77498611,-84.378394440,0,12,6,0,1,1,1,0,1,1,0,1,0,0000000,99,99,99,99,99,99,0,0,0,1,0
47,470566,1,1,0,0,0,2,2,163,290,27,8,2011,7,18,40,0,3,2,US-SR34,KNOB PARK ROAD,275,36.56596111,-82.055725000,0,53,0,0,3,1,4,0,1,1,0,1,0,0000000,99,99,99,99,99,99,0,0,0,1,1
47,470567,2,2,0,0,0,3,3,11,0,1,9,2011,5,16,46,0,6,4,PLEASANT GROVE ROAD,,0,35.15574167,-84.956711110,0,12,6,0,1,1,1,0,1,2,0,2,0,0000000,99,99,99,99,99,99,0,0,0,1,0
47,470568,1,1,0,0,0,1,1,43,0,28,8,2011,1,2,40,0,5,4,ROCK CHURCH ROAD,,42,36.10545556,-87.319075000,0,21,0,0,1,1,4,0,3,1,0,1,0,0000000,99,99,99,99,99,99,0,0,0,1,1
47,470569,1,1,0,0,0,1,1,93,0,20,8,2011,7,21,7,0,14,3,SR-332,,87,35.87843333,-84.041386110,0,24,0,0,1,1,4,0,2,1,0,1,0,0000000,99,99,99,99,99,99,0,0,0,1,0
47,470570,1,1,0,0,0,1,1,113,0,29,8,2011,2,13,40,0,6,4,OLD PINSON ROAD,,0,35.53763056,-88.779572220,0,53,0,0,1,1,6,0,1,1,0,1,0,0000000,99,99,99,99,99,99,0,0,0,1,0
47,470571,1,1,0,0,0,1,1,79,0,31,8,2011,4,21,18,0,4,3,SR-69,,80,36.27345000,-88.222747220,0,1,0,0,1,1,4,0,2,1,0,1,0,0000000,99,99,99,99,88,88,0,0,0,1,0
47,470572,1,1,0,0,0,1,1,81,370,30,8,2011,3,18,48,0,16,6,HILLS ROAD,,0,35.76349167,-87.459425000,0,35,0,0,1,1,5,0,1,1,0,1,0,0000000,99,99,99,99,88,88,4,6,0,1,0
47,470573,1,1,0,0,0,2,2,9,0,1,9,2011,5,17,10,1,2,2,US-SR73,,177,35.75946944,-83.874608330,0,1,0,0,1,1,4,0,1,1,0,1,0,0000000,99,99,99,99,99,99,0,0,0,1,1
47,470574,3,3,0,0,0,7,7,61,0,1,10,2011,7,20,20,0,4,3,SR-108,,283,35.48613056,-85.868894440,0,12,2,0,1,1,1,0,2,1,0,1,0,0000000,99,99,99,99,99,99,0,0,0,1,0
47,470575,1,1,0,0,0,1,1,133,0,1,10,2011,7,99,99,0,4,3,SR-136,,40,36.34473611,-85.422488890,0,42,0,0,1,1,4,0,9,99,0,99,0,0000000,99,99,99,99,88,88,0,0,0,1,1
47,470576,3,3,0,0,0,6,6,157,1620,1,10,2011,7,18,25,1,13,3,SR-23,ALICIA STREET,25,35.13327778,-89.977411110,0,12,6,0,2,2,1,0,1,1,0,1,0,0000000,99,99,99,99,99,99,0,0,0,1,0
47,470577,2,2,0,0,0,5,5,157,1620,1,10,2011,7,12,55,0,14,2,US-SR3,,52,35.07036111,-90.021416670,0,12,6,0,1,1,1,0,1,1,0,1,0,0000000,99,99,99,99,99,99,0,0,0,1,1
47,470578,1,1,0,0,0,2,2,31,0,2,9,2011,6,22,30,0,5,4,MATTS HOLLOW ROAD,,1,35.53997778,-86.107405560,0,30,0,0,1,1,4,0,2,1,0,1,0,0000000,99,99,99,99,99,99,0,0,0,1,1
47,470579,2,2,0,0,0,3,3,93,1300,1,10,2011,7,13,15,0,13,2,US-SR71,,57,35.92133611,-83.878344440,0,12,6,0,8,1,1,0,1,1,0,1,0,0000000,99,99,99,99,99,99,0,0,0,1,0
47,470580,1,1,0,0,0,4,4,1,1850,6,10,2011,5,1,5,1,13,3,SR-62,,67,35.99187778,-84.202308330,0,59,0,0,1,1,2,0,2,1,0,1,0,0000000,99,99,99,99,99,99,0,0,0,1,1
47,470581,1,1,0,0,0,1,1,147,0,7,10,2011,6,13,34,0,6,4,S OLD 31W,,160,36.55078333,-86.624427780,0,42,0,0,8,1,4,0,1,1,0,1,0,0000000,99,99,99,99,99,99,0,0,0,1,0
47,470582,1,1,0,0,0,3,3,189,0,8,10,2011,7,22,0,0,4,3,SR-265,,120,36.12413333,-86.372961110,0,42,0,0,1,1,4,0,2,1,0,1,0,0000000,99,99,99,99,99,99,0,0,0,1,1
47,470583,3,3,0,0,0,3,3,151,0,9,10,2011,1,22,15,1,2,2,US-SR29,,147,36.45658333,-84.546488890,0,12,2,0,1,1,1,0,2,1,0,1,0,0000000,99,99,99,99,99,99,14,0,0,2,1
47,470584,1,1,0,0,0,1,1,5,0,5,10,2011,4,20,53,0,5,4,DIVIDER NATCHEZ TRAC,,97,36.00352778,-88.149661110,0,42,0,0,1,1,4,0,2,1,0,1,0,0000000,99,99,99,99,99,99,0,0,0,1,0
47,470585,1,1,0,0,0,4,4,157,1620,7,10,2011,6,22,50,1,11,1,I-40,,70,35.19208333,-89.985069440,0,35,0,0,1,1,4,0,3,1,0,1,0,0000000,99,99,99,99,99,99,0,0,0,1,0
47,470586,1,1,0,1,1,2,2,157,1620,12,10,2011,4,3,47,1,13,2,US-SR3,,100,35.13741944,-90.022097220,0,8,0,0,1,1,1,0,3,1,0,1,0,0000000,99,99,99,99,99,99,0,0,0,1,0
47,470587,1,1,0,0,0,4,4,125,0,28,8,2011,1,18,37,0,4,3,SR-237,,66,36.57333611,-87.177016670,0,32,0,0,1,1,4,0,2,1,0,1,0,0000000,99,99,99,99,99,99,0,0,0,2,0
47,470588,1,1,0,0,0,1,1,37,1760,12,8,2011,6,6,1,0,14,6,28TH AVENUE NORTH,BATAVIA STREET,20,36.16121944,-86.819144440,0,33,0,0,2,3,4,0,1,1,0,1,0,0000000,99,99,99,99,88,88,0,0,0,1,0
47,470589,1,1,0,0,0,1,1,155,0,29,8,2011,2,11,53,0,4,3,SR-139,,40,35.97303611,-83.542127780,0,59,0,0,1,1,4,0,1,1,0,1,0,0000000,99,99,99,99,99,99,0,0,0,1,0
47,470590,1,1,0,0,0,1,1,17,1180,31,8,2011,4,99,99,1,2,2,US-SR22,,160,36.03533889,-88.450750000,0,34,0,0,1,1,4,0,2,1,0,1,0,0000000,99,99,99,99,99,99,0,0,0,1,1
47,470591,2,2,0,0,0,8,8,129,0,2,9,2011,6,22,3,0,4,3,SR-299,CLIFTY CREEK ROAD,82,35.98391111,-84.579663890,0,12,6,0,2,3,1,0,3,1,0,1,0,0000000,99,99,99,99,99,99,21,0,0,1,0
47,470592,1,1,0,0,0,1,1,173,2195,24,8,2011,4,12,49,0,6,4,WALKER ROAD,,1,36.38454722,-83.801994440,0,42,0,0,1,1,4,0,1,1,0,1,0,0000000,99,99,99,99,88,88,0,0,0,1,0
47,470593,1,1,0,0,0,1,1,157,1660,31,8,2011,4,15,5,0,5,4,LOCKE CUBA ROAD,,53,35.33522222,-90.006994440,0,42,0,0,1,1,4,0,1,1,0,1,0,0000000,99,99,99,99,99,99,0,0,0,1,0
47,470594,1,1,0,0,0,2,2,125,0,6,10,2011,5,5,57,1,1,1,I-24,,162,36.47654444,-87.142241670,0,42,0,0,1,1,3,0,2,1,0,1,0,0000000,99,99,99,99,99,99,0,0,0,1,0
47,470595,2,2,0,0,0,2,2,119,0,7,10,2011,6,9,5,0,4,2,US-SR106,US-SR99,280,35.62710000,-86.824233330,0,12,6,0,3,3,1,0,1,1,0,1,0,0000000,99,99,99,99,99,99,0,0,0,1,0
47,470596,2,2,0,0,0,2,2,125,410,8,10,2011,7,23,24,0,13,2,US-SR12,,163,36.54939167,-87.380275000,0,12,2,0,1,1,1,0,3,1,0,1,0,0000000,99,99,99,99,99,99,0,0,0,1,2
47,470597,1,1,0,0,0,2,2,135,0,8,10,2011,7,5,20,0,3,3,SR-13,,300,35.83339722,-87.789444440,0,35,0,0,1,1,4,0,2,1,0,1,0,0000000,99,99,99,99,99,99,0,0,0,1,1
47,470598,1,1,0,0,0,5,5,19,0,2,10,2011,1,19,22,0,6,4,DUCK BRANCH ROAD,SETH STREET,0,36.13741667,-82.124341670,0,42,0,0,3,3,4,0,2,1,0,1,0,0000000,99,99,99,99,99,99,0,0,0,1,0
47,470599,1,1,0,1,1,1,1,125,410,15,10,2011,7,5,17,1,13,2,US-SR12,,237,36.63970000,-87.436266670,0,8,0,0,1,1,1,0,2,1,0,1,0,0000000,99,99,99,99,88,88,0,0,0,1,0
47,470600,1,1,0,0,0,1,1,55,0,16,10,2011,1,14,50,0,3,3,SR-11,,101,35.11663611,-87.124908330,0,38,0,0,1,1,4,0,1,1,0,1,0,0000000,99,99,99,99,88,88,0,0,0,1,0
47,470601,2,2,0,0,0,7,7,9,0,16,6,2011,5,16,10,0,6,4,LITTLE RIVER ROAD,,19,35.83190556,-83.943519440,1,12,2,0,1,1,1,0,1,10,0,10,0,0000000,99,99,99,99,99,99,0,0,0,1,0
47,470602,1,1,0,0,0,1,1,19,0,3,9,2011,7,22,47,0,3,2,US-SR37,,126,36.22966667,-82.187325000,0,35,0,0,1,1,4,0,2,1,0,1,0,0000000,99,99,99,99,88,88,0,0,0,1,1
47,470603,1,1,0,0,0,1,1,43,0,3,9,2011,7,8,17,0,6,4,NORTH HUMMINGBIRD RD,,0,36.09129722,-87.348991670,0,38,0,0,1,1,4,0,1,1,0,1,0,0000000,99,99,99,99,88,88,20,0,0,1,0
47,470604,1,1,0,0,0,2,2,113,1200,3,9,2011,7,7,44,0,3,3,SR-18,,72,35.52356389,-88.828141670,0,34,0,0,1,1,4,0,1,1,0,1,0,0000000,99,99,99,99,99,99,0,0,0,1,0
47,470605,1,1,0,0,0,1,1,41,0,12,10,2011,4,16,49,0,4,3,SR-96,,27,36.05389444,-85.897336110,0,42,0,0,1,1,4,0,1,1,0,1,0,0000000,99,99,99,99,88,88,0,0,0,1,1
47,470606,3,3,0,0,0,3,3,55,0,15,10,2011,7,2,43,0,3,2,US-SR7,,298,35.32998889,-87.032044440,0,12,1,0,1,1,1,0,2,1,0,1,0,0000000,99,99,99,99,88,88,0,0,0,1,3
47,470608,1,1,0,0,0,4,4,157,0,15,10,2011,7,1,0,0,6,4,JACKSON HILL ROAD,,3,35.37900000,-90.026627780,0,1,0,0,1,1,4,0,2,1,0,1,0,0000000,99,99,99,99,99,99,0,0,0,1,0
47,470609,2,2,0,0,0,2,2,13,0,30,8,2011,3,14,0,0,6,4,OLD MIDDLESBORO HWY,BETHLEHEM ROAD,28,36.42276667,-84.019188890,0,12,6,0,2,2,1,0,1,1,0,1,0,0000000,99,99,99,99,99,99,0,0,0,1,0
47,470610,2,2,0,0,0,3,3,103,0,20,8,2011,7,7,52,0,4,3,SR-110,,190,35.11162778,-86.566208330,0,12,2,0,1,1,1,0,1,1,0,1,0,0000000,99,99,99,99,99,99,0,0,0,1,1
47,470611,2,2,0,0,0,3,3,155,0,28,8,2011,1,12,15,0,3,2,US-SR35,CANYON HILLS ROAD,45,35.85150000,-83.714072220,0,12,6,0,2,3,1,0,1,1,0,1,0,0000000,99,99,99,99,99,99,0,0,0,1,0
47,470612,2,2,0,0,0,2,2,13,1320,19,8,2011,6,15,0,0,14,6,EAST BEECH STREET,SOUTH TENNESSEE AVE,9,36.37917222,-84.121033330,0,12,6,0,3,1,1,0,1,1,0,1,0,0000000,99,99,99,99,99,99,0,0,0,1,0
47,470613,1,1,0,0,0,1,1,77,0,25,9,2011,1,99,99,0,5,4,WHITE FERN ROAD,,10,35.64858333,-88.594113890,0,32,0,0,1,1,4,0,2,1,0,1,0,0000000,99,99,99,99,99,99,0,0,0,1,1
47,470614,1,1,0,1,1,1,1,93,0,29,9,2011,5,19,47,0,14,3,SR-131,ROYAL OAKS DRIVE,69,35.97700833,-84.115977780,0,8,0,0,2,3,1,0,2,1,0,1,0,0000000,99,99,99,99,99,99,0,0,0,1,0
47,470615,1,1,0,0,0,1,1,13,0,30,9,2011,6,20,0,0,4,3,SR-297,,40,36.45235278,-84.298680560,0,59,0,0,1,1,4,0,2,10,0,10,0,0000000,99,99,99,99,88,88,0,0,0,1,0
47,470616,1,1,0,0,0,2,2,83,0,30,9,2011,6,5,20,0,3,3,SR-13,,16,36.24751944,-87.695861110,0,35,0,0,1,1,4,0,2,1,0,1,0,0000000,99,99,99,99,99,99,0,0,0,1,0
47,470617,1,1,0,0,0,1,1,165,2545,18,10,2011,3,16,56,0,4,3,SR-174,,0,36.64107500,-86.264477780,0,42,0,0,1,1,4,0,1,2,0,2,0,0000000,99,99,99,99,88,88,0,0,0,1,1
47,470618,2,2,0,0,0,2,2,93,0,7,8,2011,1,21,31,0,16,4,STEELE ROAD,VALLEY VIEW LANDING,3,35.93561111,-84.188875000,0,12,2,0,2,3,1,0,2,1,0,1,0,0000000,99,99,99,99,99,99,0,0,0,1,0
47,470619,3,3,0,0,0,3,3,155,0,17,8,2011,4,7,44,0,3,2,US-SR35,,262,35.91145556,-83.373483330,0,12,8,0,1,1,1,0,1,1,0,1,0,0000000,99,99,99,99,99,99,0,0,0,1,0
47,470620,4,4,0,0,0,8,8,157,1620,3,8,2011,4,17,10,1,11,1,I-240,,30,35.10791111,-90.029011110,0,12,7,1,17,1,1,0,1,1,0,1,0,0000000,99,99,99,99,99,99,0,0,0,1,1
47,470621,1,1,0,0,0,4,4,105,0,4,9,2011,1,18,20,1,1,1,I-75,,13,35.69651389,-84.427741670,0,42,0,0,1,1,4,0,1,10,0,10,0,0000000,99,99,99,99,99,99,0,0,0,2,1
47,470622,1,1,0,0,0,1,1,75,0,26,8,2011,6,17,26,0,6,4,TRITT ROAD,,0,35.58375833,-89.162636110,0,1,0,0,1,1,1,0,1,1,0,1,0,0000000,99,99,99,99,99,99,0,0,0,1,0
47,470623,2,2,0,0,0,2,2,45,0,5,10,2011,4,16,8,0,5,4,MILLSFIELD HIGHWAY,,53,36.13384167,-89.384238890,0,12,2,0,1,1,1,0,1,1,0,1,0,0000000,99,99,99,99,99,99,0,0,0,1,0