STATE,ST_CASE,VE_TOTAL,VE_FORMS,PVH_INVL,PEDS,PERNOTMVIT,PERMVIT,PERSONS,COUNTY,CITY,DAY,MONTH,YEAR,DAY_WEEK,HOUR,MINUTE,NHS,ROAD_FNC,ROUTE,TWAY_ID,TWAY_ID2,MILEPT,LATITUDE,LONGITUD,SP_JUR,HARM_EV,MAN_COLL,RELJCT1,RELJCT2,TYP_INT,REL_ROAD,WRK_ZONE,LGT_COND,WEATHER1,WEATHER2,WEATHER,SCH_BUS,RAIL,NOT_HOUR,NOT_MIN,ARR_HOUR,ARR_MIN,HOSP_HR,HOSP_MN,CF1,CF2,CF3,FATALS,DRUNK_DR
47,470625,1,1,0,0,0,1,1,175,0,16,10,2011,1,2,45,0,3,3,SR-30,,29,35.73342778,-85.540775000,0,35,0,0,1,1,4,0,2,99,0,99,0,0000000,99,99,99,99,99,99,0,0,0,1,1
47,470626,1,1,0,0,0,2,2,125,0,17,10,2011,2,21,5,1,1,1,I-24,,119,36.51696667,-87.211552780,0,42,0,0,1,1,3,0,2,1,0,1,0,0000000,99,99,99,99,99,99,0,0,0,1,0
47,470627,1,1,0,1,1,1,1,157,1620,8,8,2011,2,20,16,0,14,6,CHELSEA AVENUE,,6,35.16724722,-90.027380560,0,8,0,0,1,1,1,0,3,1,0,1,0,0000000,99,99,99,99,99,99,0,0,0,1,1
47,470628,1,1,0,0,0,1,1,21,0,12,10,2011,4,99,99,1,1,1,I-40,,67,36.08430833,-87.045622220,0,1,0,0,1,1,4,0,2,10,0,10,0,0000000,99,99,99,99,88,88,0,0,0,1,0
47,470629,2,2,0,0,0,3,3,103,0,14,10,2011,6,12,17,0,4,3,SR-110,,186,35.08949444,-86.594044440,0,12,2,0,1,1,1,0,1,1,0,1,0,0000000,99,99,99,99,99,99,0,0,0,1,0
47,470630,2,2,0,0,0,3,3,165,0,17,10,2011,2,21,50,0,3,3,SR-25,,215,36.39783611,-86.335130560,0,12,2,0,1,1,1,0,2,1,0,1,0,0000000,99,99,99,99,99,99,0,0,0,1,0
47,470631,1,1,0,0,0,1,1,35,0,20,10,2011,5,7,35,0,5,4,PLATEAU ROAD,,72,36.07030556,-85.074350000,0,30,0,0,1,1,4,0,1,2,0,2,0,0000000,7,28,7,34,8,24,0,0,0,1,0
47,470632,2,2,0,0,0,2,2,149,0,20,10,2011,5,18,8,1,2,2,US-SR10,MIDLAND FOSTERVILLE RD,8,35.66400278,-86.421644440,0,12,6,0,3,3,1,0,5,1,0,1,0,0000000,99,99,99,99,99,99,0,0,0,1,0
47,470633,2,2,0,0,0,3,3,93,1300,20,10,2011,5,1,0,1,11,1,I-40,,267,36.00908333,-83.824330560,0,1,0,0,1,1,3,0,2,2,0,2,0,0000000,99,99,99,99,99,99,0,0,0,2,1
47,470634,2,2,0,0,0,2,2,71,2140,1,9,2011,5,6,36,0,13,3,SR-69,SR-203,225,35.22353611,-88.242036110,0,12,6,0,2,4,1,0,1,1,0,1,0,0000000,99,99,99,99,99,99,0,0,0,1,0
47,470635,2,2,0,0,0,2,2,179,834,12,10,2011,4,6,55,0,3,3,SR-93,SR-81,235,36.40322778,-82.618486110,0,12,6,0,2,2,1,0,2,2,0,2,0,0000000,99,99,99,99,99,99,0,0,0,1,0
47,470636,1,1,0,0,0,1,1,65,0,2,9,2011,6,23,28,0,6,4,SIMS ROAD,,2,35.19916667,-85.050958330,0,42,0,0,1,1,4,0,2,2,0,2,0,0000000,99,99,99,99,88,88,0,0,0,1,0
47,470637,3,3,0,0,0,4,4,157,1620,5,9,2011,2,15,45,0,14,6,E RAINES ROAD,,47,35.03499444,-89.837983330,0,5,0,0,1,1,1,0,1,1,0,1,0,0000000,99,99,99,99,88,88,14,0,0,1,0
47,470638,1,1,0,0,0,1,1,65,0,3,9,2011,7,12,35,0,14,4,SNOW HILL ROAD,,27,35.12028611,-85.069230560,0,35,0,0,1,1,4,0,1,1,0,1,0,0000000,99,99,99,99,88,88,0,0,0,1,0
47,470639,1,1,0,0,0,1,1,49,0,25,9,2011,1,0,21,0,6,4,ROUND MOUNTAIN ROAD,,10,36.42360000,-84.900450000,0,34,0,0,1,1,4,0,2,1,0,1,0,0000000,99,99,99,99,99,99,23,0,0,1,0
47,470640,1,1,0,1,1,1,1,113,1200,17,9,2011,7,19,10,0,14,6,AIRWAYS BLVD,,5,35.61673333,-88.834183330,0,33,0,0,1,1,4,0,3,1,0,1,0,0000000,99,99,99,99,99,99,0,0,0,1,1
47,470641,1,1,0,0,0,3,3,189,0,18,9,2011,1,2,41,0,5,4,ACADEMY ROAD,,12,36.29005000,-86.422377780,0,32,0,0,1,1,4,0,2,1,0,1,0,0000000,99,99,99,99,99,99,0,0,0,2,1
47,470642,1,1,0,0,0,1,1,65,0,16,9,2011,6,1,19,0,15,4,WEST BOY SCOUT ROAD,,23,35.17518611,-85.229883330,0,23,0,0,1,1,4,0,2,10,0,10,0,0000000,99,99,99,99,99,99,0,0,0,1,0
47,470643,1,1,0,0,0,2,2,111,0,6,9,2011,3,16,55,0,4,3,SR-10,,65,36.51850000,-86.035094440,0,35,0,0,1,1,4,0,1,2,0,2,0,0000000,99,99,99,99,99,99,0,0,0,1,0
47,470644,1,1,0,0,0,1,1,103,0,16,9,2011,6,14,30,0,4,3,SR-110,,83,35.06216111,-86.631852780,0,34,0,0,1,1,4,0,1,1,0,1,0,0000000,99,99,99,99,99,99,0,0,0,1,0
47,470645,1,1,0,0,0,1,1,183,0,17,9,2011,7,21,50,0,3,3,SR-54,,159,36.29306111,-88.635452780,0,35,0,0,1,1,4,0,2,1,0,1,0,0000000,99,99,99,99,88,88,0,0,0,1,0
47,470646,1,1,0,0,0,1,1,155,0,18,9,2011,1,16,45,0,6,4,SHARP ROAD,,1,35.86725278,-83.417408330,0,34,0,0,1,1,4,0,1,1,0,1,0,0000000,99,99,99,99,99,99,0,0,0,1,0
47,470647,1,1,0,0,0,2,2,159,0,18,9,2011,1,19,45,0,6,4,LAKESIDE DRIVE,,10,36.32013889,-85.901191670,0,1,0,0,1,1,4,0,2,1,0,1,0,0000000,99,99,99,99,99,99,0,0,0,2,1
47,470648,3,3,0,1,1,3,3,179,0,6,9,2011,3,21,36,0,14,3,SR-36,ORCHARD STREET,54,36.41903889,-82.433755560,0,9,0,0,2,3,1,0,2,10,0,10,0,0000000,99,99,99,99,99,99,14,0,0,1,0
47,470649,1,1,0,0,0,1,1,1,440,13,9,2011,3,19,22,0,16,6,CARDEN FARM DRIVE,,2,36.10045556,-84.123947220,0,30,0,0,1,1,4,0,1,1,0,1,0,0000000,99,99,99,99,88,88,0,0,0,1,0
47,470650,3,3,0,0,0,3,3,165,890,1,9,2011,5,17,5,1,13,3,SR-109,HANCOCK STREET,32,36.37245556,-86.463036110,0,12,7,0,2,2,1,0,1,1,0,1,0,0000000,99,99,99,99,99,99,0,0,0,1,0
47,470651,2,2,0,0,0,3,3,125,410,14,9,2011,4,17,24,1,11,1,I-24,,48,36.59471944,-87.278405560,0,12,6,0,1,1,1,0,1,10,0,10,0,0000000,99,99,99,99,99,99,0,0,0,1,0
47,470652,3,3,0,0,0,4,4,43,640,15,9,2011,5,7,42,0,15,6,BEASLEY DRIVE,,9,36.06830278,-87.396727780,0,12,2,0,1,1,1,0,1,2,0,2,0,0000000,99,99,99,99,99,99,0,0,0,1,0
47,470653,1,1,0,0,0,1,1,55,0,6,9,2011,3,18,30,0,4,3,SR-166,,44,35.06283056,-87.039786110,0,34,0,0,1,1,4,0,1,2,0,2,0,0000000,99,99,99,99,88,88,0,0,0,1,1
47,470654,3,3,0,0,0,9,9,89,0,17,9,2011,7,20,45,0,4,2,US-SR9,,33,36.02131111,-83.561975000,0,12,7,0,1,1,1,0,2,10,0,10,0,0000000,99,99,99,99,99,99,0,0,0,1,0
47,470655,1,1,0,0,0,1,1,149,0,12,9,2011,2,20,45,0,6,4,NORTH LAMAR ROAD,,0,36.05467778,-86.451641670,0,35,0,0,1,1,4,0,2,1,0,1,0,0000000,99,99,99,99,99,99,0,0,0,1,1
47,470656,2,2,0,0,0,3,3,189,1360,6,9,2011,3,10,0,0,4,3,SR-141,,32,36.29638056,-86.197377780,0,12,2,0,1,1,1,0,1,2,0,2,0,0000000,99,99,99,99,99,99,0,0,0,1,0
47,470657,1,1,0,0,0,1,1,57,0,8,9,2011,5,22,30,0,5,4,HELTON ROAD,,6,36.30378333,-83.407861110,0,42,0,0,1,1,4,0,2,1,0,1,0,0000000,99,99,99,99,88,88,0,0,0,1,1
47,470659,1,1,0,0,0,2,2,185,0,11,9,2011,1,14,45,0,4,3,SR-84,,112,36.02533611,-85.338513890,0,24,0,0,1,1,4,0,1,1,0,1,0,0000000,14,45,14,58,15,52,0,0,0,1,0
47,470660,2,2,0,0,0,3,3,155,0,8,9,2011,5,7,54,0,13,2,US-SR71,,288,35.87131667,-83.758050000,0,12,6,0,8,1,1,0,1,10,0,10,0,0000000,99,99,99,99,99,99,0,0,0,1,0
47,470661,1,1,0,0,0,2,2,55,0,5,9,2011,2,11,5,0,3,3,SR-11,,84,35.09715833,-87.138147220,0,34,0,0,1,1,4,0,1,2,0,2,0,0000000,99,99,99,99,99,99,0,0,0,1,0
47,470662,1,1,0,1,1,2,2,21,0,9,9,2011,6,20,46,0,5,4,OLD CLARKSVILLE PIKE,,0,36.33062778,-86.945930560,0,8,0,0,1,1,1,0,2,98,0,98,0,0000000,99,99,99,99,99,99,0,0,0,1,0
47,470663,1,1,0,1,1,1,1,41,0,9,9,2011,6,20,12,0,3,2,US-SR26,,152,35.97738889,-85.864741670,0,8,0,0,1,1,1,0,2,1,0,1,0,0000000,99,99,99,99,99,99,0,0,0,1,0
47,470664,1,1,0,0,0,1,1,149,0,9,9,2011,6,20,0,0,16,4,PLAINVIEW ROAD,,4,35.71800278,-86.343683330,0,34,0,0,1,1,4,0,2,1,0,1,0,0000000,99,99,99,99,88,88,0,0,0,1,1
47,470665,2,2,0,0,0,2,2,13,0,8,9,2011,5,8,5,0,3,3,SR-63,,26,36.40954167,-84.294661110,0,12,2,0,1,1,1,0,1,1,0,1,0,0000000,99,99,99,99,99,99,0,0,0,1,0
47,470666,1,1,0,0,0,1,1,107,790,10,9,2011,7,4,0,0,4,3,SR-39,ST. FRANCIS STREET,156,35.42184444,-84.479855560,0,35,0,0,2,3,4,0,2,1,0,1,0,0000000,99,99,99,99,99,99,0,0,0,1,0
47,470667,1,1,0,1,1,1,1,157,1620,8,9,2011,5,9,55,1,11,1,I-40,,140,35.15371111,-89.885966670,0,8,0,0,1,1,1,4,1,1,0,1,0,0000000,99,99,99,99,88,88,0,0,0,1,0
47,470668,2,2,0,0,0,5,5,71,0,11,9,2011,1,18,45,0,3,3,SR-57,SR-142,11,35.04566667,-88.351191670,0,12,6,0,2,3,1,0,5,1,0,1,0,0000000,99,99,99,99,99,99,0,0,0,2,1
47,470669,1,1,0,0,0,2,2,187,0,11,9,2011,1,99,99,0,13,3,SR-6,COLEMAN ROAD,87,35.87285000,-86.883294440,0,5,0,0,3,3,4,0,1,1,0,1,0,0000000,99,99,99,99,99,99,0,0,0,1,0
47,470670,1,1,0,0,0,1,1,157,1660,12,10,2011,4,15,30,1,13,2,US-SR3,BABE HOWARD BOULEVAR,277,35.33620833,-89.915530560,0,33,0,0,3,2,3,0,1,10,0,10,0,0000000,99,99,99,99,88,88,0,0,0,1,0
47,470671,2,2,0,0,0,2,2,17,0,13,10,2011,5,16,50,1,2,3,SR-22,CONNIE ALLEN ROAD,212,36.10431944,-88.490005560,0,12,6,0,2,3,1,0,1,1,0,1,0,0000000,99,99,99,99,99,99,0,0,0,1,0
47,470672,1,1,0,0,0,1,1,107,0,20,9,2011,3,12,5,0,6,4,717,,3,35.40390833,-84.672019440,0,35,0,0,1,1,4,0,1,1,0,1,0,0000000,99,99,99,99,99,99,0,0,0,1,0
47,470673,1,1,0,1,1,1,1,81,0,15,10,2011,7,21,15,0,3,3,SR-100,LYLES ROAD,257,35.92510556,-87.322175000,0,8,0,0,3,4,1,0,2,1,0,1,0,0000000,99,99,99,99,88,88,0,0,0,1,0
47,470674,2,2,0,0,0,2,2,157,1620,20,10,2011,5,11,25,1,11,1,I-55,,59,35.07333056,-90.029713890,0,12,1,0,1,1,1,0,1,1,0,1,0,0000000,99,99,99,99,88,88,0,0,0,1,0
47,470675,1,1,0,0,0,1,1,109,1627,20,9,2011,3,8,28,0,4,3,SR-224,,13,35.06525278,-88.434833330,0,42,0,0,1,1,4,0,1,2,0,2,0,0000000,99,99,99,99,99,99,0,0,0,1,0
47,470676,2,2,0,0,0,3,3,123,0,17,9,2011,7,14,10,1,2,2,US-SR33,,103,35.55398056,-84.308866670,0,12,1,0,1,1,1,0,1,1,0,1,0,0000000,99,99,99,99,99,99,0,0,0,1,1
47,470678,1,1,0,0,0,1,1,157,1620,25,10,2011,3,8,0,0,14,6,FRAYSER BOULEVARD,,29,35.21937778,-89.980055560,0,33,0,0,1,1,4,0,1,1,0,1,0,0000000,99,99,99,99,99,99,0,0,0,1,0
47,470679,1,1,0,0,0,1,1,157,0,28,10,2011,6,20,0,0,6,4,VAN ROAD,,1,35.33787500,-89.706844440,0,42,0,0,1,1,4,0,2,1,0,1,0,0000000,99,99,99,99,88,88,0,0,0,1,1
47,470680,1,1,0,0,0,2,2,57,0,21,9,2011,4,99,99,0,6,4,MAPLES HOLLOW ROAD,,2,36.18989722,-83.637225000,0,35,0,0,1,1,4,0,2,10,0,10,0,0000000,99,99,99,99,99,99,18,0,0,1,1
47,470681,1,1,0,0,0,1,1,61,0,20,9,2011,3,10,10,0,3,3,SR-56,Q SWITCH ROAD,109,35.31834722,-85.723669440,0,42,0,0,2,3,4,0,1,2,0,2,0,0000000,99,99,99,99,99,99,0,0,0,1,0
47,470682,2,2,0,0,0,8,8,3,0,22,10,2011,7,10,10,1,2,3,SR-437,RAILROAD ROAD,43,35.51182778,-86.373372220,0,12,6,0,2,2,1,0,1,1,0,1,0,0000000,99,99,99,99,99,99,0,0,0,1,0
47,470683,1,1,0,0,0,4,4,115,0,23,10,2011,1,0,4,0,4,3,SR-27,,76,35.07457778,-85.558733330,0,34,0,0,1,1,4,0,2,1,0,1,0,0000000,99,99,99,99,88,88,0,0,0,4,0
47,470684,2,2,0,0,0,2,2,31,0,26,10,2011,4,19,0,0,6,4,OLD MANCHESTER HIGHW,,3,35.40682778,-86.136988890,0,12,2,0,1,1,1,0,1,1,0,1,0,0000000,99,99,99,99,99,99,0,0,0,1,0
47,470685,1,1,0,0,0,1,1,149,0,27,10,2011,5,19,11,0,15,4,CENTRAL VALLEY ROAD,,1,35.93848889,-86.380177780,0,34,0,0,1,1,4,0,2,10,0,10,0,0000000,99,99,99,99,99,99,0,0,0,1,0
47,470686,2,2,0,0,0,2,2,53,0,28,10,2011,6,10,20,0,4,3,SR-105,,185,36.10660556,-88.845400000,0,12,6,0,1,1,1,0,1,10,0,10,0,0000000,99,99,99,99,99,99,0,0,0,1,0
47,470687,2,2,0,0,0,5,5,65,400,6,9,2011,3,13,50,0,14,6,SHALLOWFORD ROAD,,6,35.05308056,-85.180972220,0,12,6,0,8,1,1,0,1,2,0,2,0,0000000,99,99,99,99,99,99,0,0,0,1,0
47,470688,1,1,0,0,0,4,4,93,1300,29,10,2011,7,20,42,0,4,3,SR-170,DOUGS WAY,54,36.11403889,-84.015383330,0,34,0,0,2,3,4,0,2,1,0,1,0,0000000,99,99,99,99,99,99,0,0,0,2,1
47,470689,3,3,0,0,0,3,3,157,1620,1,11,2011,3,20,15,0,14,6,GETWELL ROAD,KIMBALL AVENUE,10,35.09297500,-89.931033330,0,12,6,0,2,2,1,0,3,1,0,1,0,0000000,99,99,99,99,88,88,14,0,0,1,0
47,470690,1,1,0,1,1,1,1,165,1970,17,10,2011,2,16,52,0,16,6,WILLOW LAKE DRIVE,,1,36.54271667,-86.497722220,0,8,0,0,1,1,4,0,1,1,0,1,0,0000000,99,99,99,99,99,99,0,0,0,1,0
47,470691,1,1,0,0,0,1,1,61,442,24,9,2011,7,16,45,0,6,6,HEIDENBURG STREET,SR-56,129,35.33328056,-85.705611110,0,34,0,0,3,3,5,0,1,1,0,1,0,0000000,99,99,99,99,99,99,0,0,0,1,0
47,470692,2,2,0,0,0,2,2,37,1760,5,2,2011,7,11,30,0,16,6,33RD AVENUE N,CLIFTON AVENUE,6,36.15909722,-86.825038890,0,12,1,0,2,3,1,0,1,99,0,99,0,0000000,99,99,99,99,99,99,0,0,0,1,0
47,470693,1,1,0,0,0,1,1,157,160,24,9,2011,7,99,99,0,16,6,ELLENDALE ROAD,,2,35.24511111,-89.843144440,0,38,0,0,1,1,4,0,9,99,0,99,0,0000000,99,99,99,99,88,88,0,0,0,1,0
47,470694,1,1,0,0,0,2,2,145,0,26,9,2011,2,0,1,0,4,3,SR-322,,4,35.73961667,-84.519388890,0,34,0,0,1,1,4,0,2,10,0,10,0,0000000,99,99,99,99,99,99,0,0,0,1,0
47,470695,1,1,0,0,0,3,3,89,0,22,9,2011,5,99,99,0,4,3,SR-363,,7,35.96807500,-83.363627780,0,35,0,0,1,1,4,0,2,10,0,10,0,0000000,99,99,99,99,99,99,18,0,0,1,1
47,470696,1,1,0,0,0,1,1,103,0,24,9,2011,7,13,30,1,2,2,US-SR15,,326,35.06374167,-86.337358330,0,34,0,0,1,1,4,0,1,1,0,1,0,0000000,99,99,99,99,99,99,0,0,0,1,0
47,470697,2,2,0,0,0,2,2,155,0,24,9,2011,7,99,99,0,3,2,US-SR73,,259,35.76845278,-83.279005560,0,12,2,0,1,1,1,0,2,10,0,10,0,0000000,99,99,99,99,0,0,18,0,0,2,1
47,470698,2,2,0,0,0,4,4,65,0,23,9,2011,6,21,10,0,13,3,SR-319,CRABTREE ROAD,107,35.18594444,-85.168363890,0,12,6,0,2,2,1,0,2,1,0,1,0,0000000,99,99,99,99,99,99,0,0,0,1,1
47,470699,2,2,0,0,0,4,4,65,400,19,9,2011,2,16,41,1,13,2,US-SR27,,64,35.00626389,-85.293088890,0,12,6,0,8,1,1,0,1,1,0,1,0,0000000,99,99,99,99,99,99,0,0,0,1,0
47,470700,2,2,0,0,0,3,3,141,0,26,9,2011,2,10,11,0,6,4,QUINLAND LAKE ROAD,R D ANDERSON ROAD,3,36.21045000,-85.468311110,0,12,2,0,3,4,1,0,1,2,0,2,0,0000000,99,99,99,99,99,99,0,0,0,1,0
47,470701,1,1,0,1,1,1,1,157,1620,21,9,2011,4,16,40,1,13,2,US-SR23,LEMASTER STREET,10,35.13206944,-90.004002780,0,8,0,0,2,3,1,0,1,1,0,1,0,0000000,99,99,99,99,99,99,0,0,0,1,0
47,470702,1,1,0,0,0,1,1,107,0,28,9,2011,4,1,15,0,3,3,SR-30,,156,35.37922222,-84.559502780,0,32,0,0,1,1,4,1,2,1,0,1,0,0000000,99,99,99,99,88,88,0,0,0,1,1
47,470703,1,1,0,1,1,1,1,93,1300,28,9,2011,4,13,28,0,13,2,US-SR1,FOREST GLEN DRIVE,159,35.94267778,-83.973561110,0,15,0,0,2,3,1,0,1,1,0,1,0,0000000,99,99,99,99,99,99,0,0,0,1,0
47,470704,2,2,0,0,0,2,2,35,0,29,9,2011,5,12,48,0,2,2,US-SR28,,85,35.88866111,-84.999788890,0,12,2,0,1,1,1,0,1,1,0,1,0,0000000,12,48,12,53,13,34,0,0,0,1,1
47,470705,1,1,0,0,0,1,1,179,1250,12,9,2011,2,1,50,0,16,6,HIGHLAND CHURCH ROAD,,1,36.35515833,-82.459130560,0,30,0,0,1,1,4,0,2,1,0,1,0,0000000,99,99,99,99,88,88,0,0,0,1,0
47,470706,2,2,0,0,0,2,2,65,400,29,9,2011,5,9,47,0,16,6,CENTRAL DRIVE,NELSON ROAD,3,35.02068333,-85.196527780,0,12,6,0,2,2,1,0,1,1,0,1,0,0000000,99,99,99,99,88,88,4,0,0,1,0
47,470708,1,1,0,0,0,1,1,167,0,27,10,2011,5,99,99,0,6,4,PINE LANE,,2,35.42708889,-89.898055560,0,42,0,0,1,1,4,0,1,2,0,2,0,0000000,99,99,99,99,99,99,0,0,0,1,0
47,470709,1,1,0,0,0,1,1,1,440,5,11,2011,7,5,42,1,13,3,SR-61,EAST BROAD STREET,153,36.09929167,-84.132250000,0,30,0,0,2,3,4,0,3,5,0,5,0,0000000,99,99,99,99,88,88,0,0,0,1,0
47,470710,1,1,0,0,0,3,3,157,1620,6,11,2011,1,3,15,0,14,6,FRAYSER BOULEVARD,,32,35.22136111,-89.975280560,0,30,0,0,1,1,4,0,6,1,0,1,0,0000000,99,99,99,99,99,99,0,0,0,1,1
47,470711,1,1,0,1,1,1,1,93,1300,7,10,2011,6,17,52,0,13,2,US-SR71,MERIDIAN STREET,51,35.92117778,-83.866586110,0,8,0,0,2,2,1,0,1,1,0,1,0,0000000,99,99,99,99,99,99,0,0,0,1,0
47,470712,2,1,1,0,0,1,1,29,1780,6,11,2011,1,20,55,0,13,2,US-SR9,,17,35.96929444,-83.259366670,0,14,0,0,1,1,3,0,3,1,0,1,0,0000000,99,99,99,99,88,88,23,0,0,1,0
47,470713,3,3,0,0,0,3,3,37,1760,27,10,2011,5,17,20,1,11,1,I-40,,21,36.08254167,-87.044677780,0,12,7,0,1,1,1,0,1,2,0,2,0,0000000,99,99,99,99,99,99,0,0,0,1,1
47,470714,3,1,2,0,0,1,1,13,1320,9,6,2011,5,18,27,0,13,3,SR-63,,65,36.38290833,-84.119986110,0,30,0,0,1,1,4,0,1,10,0,10,0,0000000,99,99,99,99,99,99,0,0,0,1,0
47,470715,1,1,0,0,0,1,1,73,0,23,7,2011,7,23,10,0,5,4,STANLEY VALLEY ROAD,,53,36.51049722,-82.899247220,0,35,0,0,1,1,5,0,2,1,0,1,0,0000000,99,99,99,99,99,99,0,0,0,1,0
47,470717,2,2,0,0,0,4,4,29,0,29,10,2011,7,17,15,0,6,4,SALEM ROAD,,4,36.01571389,-83.014411110,0,12,8,0,1,1,1,0,1,1,0,1,0,0000000,99,99,99,99,99,99,0,0,0,1,0
47,470718,1,1,0,0,0,1,1,113,1200,22,10,2011,7,18,34,0,5,4,PARKBURG ROAD,,22,35.53468889,-88.810600000,0,35,0,0,1,1,4,0,2,1,0,1,0,0000000,99,99,99,99,99,99,0,0,0,1,1
47,470719,1,1,0,0,0,3,3,155,2170,26,10,2011,4,21,55,0,15,6,MIDDLE CREEK ROAD,,23,35.84890833,-83.535555560,0,24,0,0,1,1,4,0,3,1,0,1,0,0000000,99,99,99,99,99,99,0,0,0,1,1
47,470720,1,1,0,0,0,1,1,131,0,1,11,2011,3,13,15,1,2,2,US-SR3,,227,36.44548611,-89.007283330,0,57,0,0,1,1,3,2,1,1,0,1,0,0000000,99,99,99,99,99,99,0,0,0,1,0
47,470721,3,3,0,0,0,4,4,25,2315,5,11,2011,7,19,30,0,2,3,SR-63,,99,36.51332778,-83.778047220,0,12,2,0,1,1,1,0,2,1,0,1,0,0000000,99,99,99,99,99,99,0,0,0,2,1
47,470722,5,5,0,0,0,6,6,149,1750,5,11,2011,7,7,51,1,2,2,US-SR1,SOUTH RUTHERFORD BLV,197,35.83491389,-86.350822220,0,12,6,0,2,2,1,0,1,5,0,5,0,0000000,99,99,99,99,99,99,14,0,0,1,0
47,470723,1,1,0,0,0,3,3,9,0,5,11,2011,7,99,99,0,3,2,US-SR115,,75,35.65959722,-84.056825000,0,19,0,0,1,1,5,0,2,99,0,99,0,0000000,99,99,99,99,99,99,0,0,0,3,0
47,470724,1,1,0,0,0,1,1,63,1700,8,11,2011,3,8,27,0,4,3,SR-160,,20,36.14646944,-83.199205560,0,35,0,0,1,1,4,0,1,1,0,1,0,0000000,99,99,99,99,99,99,0,0,0,1,0
47,470725,1,1,0,0,0,1,1,141,170,12,11,2011,7,12,50,0,16,6,MCBROOM BRANCH ROAD,,5,36.18683333,-85.678269440,0,1,0,0,1,1,4,0,1,1,0,1,0,0000000,99,99,99,99,99,99,0,0,0,1,0
47,470726,1,1,0,0,0,1,1,59,0,13,11,2011,1,3,31,0,3,3,SR-70,,101,36.08614722,-82.871825000,0,42,0,0,1,1,4,0,3,1,0,1,0,0000000,99,99,99,99,88,88,0,0,0,1,1
47,470727,1,1,0,0,0,1,1,93,1300,30,9,2011,6,7,8,0,16,6,EL CAMINO LANE,,1,35.88044444,-84.238077780,0,32,0,0,1,1,4,0,2,1,0,1,0,0000000,99,99,99,99,99,99,0,0,0,1,1
47,470728,2,2,0,0,0,2,2,61,1935,2,11,2011,4,8,58,0,4,2,US-SR2,,45,35.27070000,-85.857575000,0,12,2,0,1,1,1,0,1,1,0,1,0,0000000,99,99,99,99,99,99,0,0,0,1,0
47,470729,1,1,0,0,0,1,1,35,0,15,11,2011,3,14,45,0,4,3,SR-101,,39,35.81551111,-85.140105560,0,34,0,0,1,1,4,0,1,2,0,2,0,0000000,14,56,15,11,16,4,0,0,0,1,0
47,470730,2,2,0,0,0,2,2,163,1280,9,11,2011,4,9,0,1,13,3,SR-1,,86,36.56079167,-82.469022220,0,12,6,0,8,1,1,0,1,1,0,1,0,0000000,99,99,99,99,99,99,0,0,0,1,0
47,470731,1,1,0,0,0,1,1,7,0,14,11,2011,2,11,5,0,3,3,SR-30,,181,35.57138333,-85.113272220,0,30,0,0,1,1,4,0,1,10,0,10,0,0000000,99,99,99,99,99,99,0,0,0,1,0
47,470732,1,1,0,0,0,1,1,117,0,4,11,2011,6,7,10,0,5,4,ANES STATION ROAD,,146,35.53075556,-86.769386110,0,1,0,0,1,1,4,0,1,10,0,10,0,0000000,99,99,99,99,99,99,0,0,0,1,0
47,470734,1,1,0,0,0,1,1,89,0,13,11,2011,1,21,50,1,1,1,I-81,,3,36.06756111,-83.389208330,0,52,0,1,18,1,8,0,2,1,0,1,0,0000000,99,99,99,99,88,88,0,0,0,1,0
47,470735,1,1,0,0,0,1,1,113,1200,5,11,2011,7,3,32,1,13,2,US-SR186,,3,35.62119722,-88.841758330,0,23,0,0,1,1,3,0,3,1,0,1,0,0000000,99,99,99,99,99,99,0,0,0,1,1
47,470736,1,1,0,0,0,1,1,157,1620,18,11,2011,6,2,57,0,14,6,NEW ALLEN ROAD,,0,35.21606667,-89.951869440,0,42,0,0,1,1,4,0,3,1,0,1,0,0000000,99,99,99,99,88,88,0,0,0,1,1
47,470737,1,1,0,0,0,1,1,141,480,11,11,2011,6,23,10,0,5,4,COUNTY FARM ROAD,,0,36.18971389,-85.552061110,0,42,0,0,1,1,4,0,2,1,0,1,0,0000000,99,99,99,99,99,99,0,0,0,1,1
47,470738,1,1,0,0,0,1,1,141,0,19,11,2011,7,13,20,0,4,3,SR-135,,28,36.07914167,-85.586222220,0,34,0,0,1,1,4,0,1,1,0,1,0,0000000,99,99,99,99,99,99,0,0,0,1,0
47,470739,2,2,0,0,0,2,2,37,1760,17,6,2011,6,21,44,0,14,2,US-SR65,,35,36.23191667,-86.813783330,0,12,6,0,8,1,1,0,3,1,0,1,0,0000000,99,99,99,99,99,99,0,0,0,1,1
47,470740,2,2,0,0,0,3,3,37,1760,3,10,2011,2,6,42,0,13,2,US-SR24,OLD LEBANON PIKE,196,36.16978611,-86.673025000,0,12,6,0,2,3,1,0,1,1,0,1,0,0000000,99,99,99,99,99,99,0,0,0,1,0
47,470741,3,3,0,0,0,3,3,37,1760,24,8,2011,4,14,42,1,11,1,I-440,,57,36.12125556,-86.763808330,0,35,0,0,1,1,3,0,1,1,0,1,0,0000000,99,99,99,99,99,99,0,0,0,1,0
47,470742,3,3,0,0,0,4,4,93,0,26,11,2011,7,11,49,1,11,1,I-40,,267,36.00696389,-83.810363890,0,12,2,0,1,1,1,0,1,1,0,1,0,0000000,99,99,99,99,99,99,0,0,0,1,0