STATE,ST_CASE,VE_TOTAL,VE_FORMS,PVH_INVL,PEDS,PERNOTMVIT,PERMVIT,PERSONS,COUNTY,CITY,DAY,MONTH,YEAR,DAY_WEEK,HOUR,MINUTE,NHS,ROAD_FNC,ROUTE,TWAY_ID,TWAY_ID2,MILEPT,LATITUDE,LONGITUD,SP_JUR,HARM_EV,MAN_COLL,RELJCT1,RELJCT2,TYP_INT,REL_ROAD,WRK_ZONE,LGT_COND,WEATHER1,WEATHER2,WEATHER,SCH_BUS,RAIL,NOT_HOUR,NOT_MIN,ARR_HOUR,ARR_MIN,HOSP_HR,HOSP_MN,CF1,CF2,CF3,FATALS,DRUNK_DR
47,470743,1,1,0,0,0,1,1,159,0,19,10,2011,4,99,99,0,4,3,SR-53,,182,36.23620833,-85.817300000,0,31,0,0,1,1,4,0,1,2,0,2,0,0000000,99,99,99,99,88,88,0,0,0,1,0
47,470744,1,1,0,0,0,2,2,97,0,29,10,2011,7,99,99,0,5,4,EDITH-NANKIPOO ROAD,,54,35.88021944,-89.532994440,0,21,0,0,1,1,4,0,2,1,0,1,0,0000000,99,99,99,99,99,99,0,0,0,1,1
47,470745,1,1,0,0,0,2,2,99,0,11,11,2011,6,21,30,0,6,4,GOOD HOPE ROAD NORTH,,52,35.28891944,-87.297847220,0,32,0,0,1,1,4,0,2,1,0,1,0,0000000,99,99,99,99,99,99,0,0,0,2,1
47,470746,2,2,0,0,0,3,3,185,0,11,11,2011,6,12,30,0,6,4,S OLD SMITHVILLE HWY,,2,35.95631389,-85.603494440,0,12,6,0,1,1,1,0,1,1,0,1,0,0000000,12,41,13,14,15,7,4,0,0,2,0
47,470747,1,1,0,0,0,1,1,25,0,15,11,2011,3,11,30,0,5,4,BRISTOL ROAD,,1,36.59700278,-83.622072220,0,42,0,0,1,1,4,0,1,10,0,10,0,0000000,99,99,99,99,99,99,0,0,0,1,0
47,470748,1,1,0,0,0,1,1,155,0,15,11,2011,3,11,45,0,5,4,GOOSE GAP ROAD,,31,35.80754722,-83.621363890,0,35,0,0,1,1,4,0,1,10,0,10,0,0000000,99,99,99,99,99,99,0,0,0,1,1
47,470749,1,1,0,0,0,1,1,183,0,16,11,2011,4,20,0,0,4,3,SR-54,EDMONSTON ROAD,70,36.22893056,-88.720327780,0,34,0,0,2,3,4,0,2,1,0,1,0,0000000,99,99,99,99,99,99,0,0,0,1,0
47,470750,1,1,0,0,0,1,1,43,0,13,11,2011,1,0,20,0,3,3,SR-49,,219,36.22275833,-87.260133330,0,34,0,0,1,1,4,0,2,1,0,1,0,0000000,99,99,99,99,99,99,0,0,0,1,1
47,470751,1,1,0,0,0,1,1,1,440,21,11,2011,2,15,15,0,5,4,CARROLL HOLLOW ROAD,,3,36.11258611,-84.163469440,0,1,0,0,1,1,4,0,1,2,0,2,0,0000000,99,99,99,99,99,99,0,0,0,1,0
47,470752,1,1,0,0,0,1,1,113,0,20,11,2011,1,12,40,0,4,3,SR-198,,53,35.61091111,-88.712366670,0,42,0,0,1,1,4,0,1,1,0,1,0,0000000,99,99,99,99,99,99,0,0,0,1,0
47,470753,1,1,0,0,0,1,1,43,0,21,11,2011,2,8,55,0,4,3,SR-46,,231,36.21448333,-87.541208330,0,42,0,0,1,1,4,0,1,2,0,2,0,0000000,99,99,99,99,99,99,0,0,0,1,0
47,470754,1,1,0,0,0,1,1,93,0,20,11,2011,1,1,49,1,1,1,I-40,,331,35.99684722,-83.703836110,0,42,0,0,5,1,4,0,2,10,0,10,0,0000000,99,99,99,99,88,88,0,0,0,1,1
47,470755,1,1,0,1,1,1,1,93,1300,27,11,2011,1,18,30,1,13,2,US-SR1,,212,35.98073611,-83.902647220,0,8,0,0,1,1,1,0,3,2,0,2,0,0000000,99,99,99,99,88,88,0,0,0,1,0
47,470756,1,1,0,0,0,2,2,157,1620,29,11,2011,3,22,51,0,13,2,US-SR277,,21,35.13550556,-89.983213890,0,42,0,0,1,1,5,0,3,1,0,1,0,0000000,99,99,99,99,88,88,0,0,0,2,0
47,470757,1,1,0,0,0,4,4,113,1200,25,11,2011,6,99,99,0,16,6,PERRY SWITCH ROAD,,1,35.56254722,-88.752586110,0,11,0,0,1,1,1,0,2,1,0,1,0,0000000,99,99,99,99,99,99,0,0,0,1,1
47,470758,2,2,0,0,0,3,3,65,400,13,11,2011,1,12,51,0,14,6,MOUNTAIN CREEK ROAD,,10,35.11189444,-85.322630560,0,12,2,0,1,1,1,0,1,1,0,1,0,0000000,99,99,99,99,99,99,0,0,0,1,0
47,470759,2,2,0,0,0,2,2,165,1085,1,12,2011,5,6,56,1,12,3,SR-386,,68,36.32946944,-86.563036110,0,12,1,0,1,1,1,0,1,5,0,5,0,0000000,99,99,99,99,99,99,19,0,0,1,0
47,470760,1,1,0,1,1,1,1,37,1760,15,1,2011,7,21,47,0,13,2,US-SR1,,219,36.13000833,-86.715213890,0,8,0,0,1,1,1,0,3,1,0,1,0,0000000,99,99,99,99,88,88,0,0,0,1,0
47,470761,2,2,0,0,0,3,3,43,640,6,12,2011,3,15,54,0,13,3,SR-46,,74,36.06115278,-87.375525000,0,12,6,0,8,1,1,0,1,1,0,1,1,0000000,99,99,99,99,99,99,0,0,0,1,0
47,470762,2,2,0,0,0,3,3,35,0,29,11,2011,3,15,45,0,3,3,SR-68,,48,35.86983333,-84.929072220,0,12,2,0,1,1,1,0,1,1,0,1,0,0000000,99,99,99,99,99,99,0,0,0,1,0
47,470763,2,2,0,0,0,2,2,79,0,13,12,2011,3,12,20,1,2,2,US-SR54,,150,36.35625833,-88.334033330,0,12,2,0,1,1,1,0,1,2,0,2,0,0000000,99,99,99,99,88,88,0,0,0,1,1
47,470764,2,2,0,0,0,2,2,59,0,20,12,2011,3,18,55,0,6,4,POTTERTOWN ROAD,GRAVEL WOODS ROAD,0,36.19891389,-83.013975000,0,12,6,0,2,3,1,0,2,1,0,1,0,0000000,99,99,99,99,88,88,0,0,0,1,0
47,470765,2,2,0,0,0,4,4,37,1760,14,8,2011,1,7,26,1,13,2,US-SR6,,223,36.30891667,-86.679933330,0,12,2,0,1,1,1,0,1,1,0,1,0,0000000,99,99,99,99,99,99,0,0,0,1,0
47,470766,2,2,0,0,0,3,3,99,0,22,12,2011,5,9,50,1,2,2,US-SR6,,129,35.13868333,-87.371563890,0,12,6,0,1,1,1,0,1,2,0,2,0,0000000,99,99,99,99,99,99,0,0,0,2,0
47,470767,1,1,0,1,1,1,1,37,1760,15,10,2011,7,23,24,0,13,2,US-SR24,,253,36.21567500,-86.586994440,0,8,0,0,1,1,1,0,3,1,0,1,0,0000000,99,99,99,99,99,99,0,0,0,1,1
47,470768,1,1,0,0,0,1,1,37,1760,27,10,2011,5,23,30,1,12,3,SR-6,,161,36.23719444,-86.731819440,0,35,0,0,1,1,3,0,3,1,0,1,0,0000000,99,99,99,99,88,88,0,0,0,1,1
47,470769,1,1,0,0,0,1,1,37,1760,16,11,2011,4,9,7,1,11,1,I-440,,47,36.11568889,-86.780613890,0,42,0,0,1,1,4,0,1,2,0,2,0,0000000,99,99,99,99,88,88,0,0,0,1,0
47,470770,2,2,0,0,0,3,3,119,470,2,9,2011,6,8,58,0,13,3,SR-6,IMPERIAL DRIVE,277,35.69456111,-86.987802780,0,12,6,0,2,3,1,0,1,1,0,1,0,0000000,99,99,99,99,99,99,0,0,0,1,0
47,470771,2,2,0,0,0,5,5,165,1648,17,9,2011,7,99,99,0,14,2,US-SR41,,17,36.36745833,-86.710913890,0,5,0,0,1,1,1,0,2,1,0,1,0,0000000,99,99,99,99,88,88,14,0,0,1,1
47,470772,1,1,0,0,0,1,1,37,1760,17,10,2011,2,2,46,0,14,6,ELM HILL PIKE,AIR LANE DRIVE,42,36.14570000,-86.705938890,0,32,0,0,3,3,4,0,3,1,0,1,0,0000000,99,99,99,99,3,7,0,0,0,1,0
47,470773,1,1,0,0,0,1,1,37,1760,30,10,2011,1,2,45,0,16,6,OCALA DRIVE,,0,36.05229167,-86.708577780,0,53,0,0,1,1,4,0,3,1,0,1,0,0000000,99,99,99,99,88,88,0,0,0,1,1
47,470774,1,1,0,1,1,1,1,37,1760,26,10,2011,4,20,24,0,13,2,US-SR11,SR-255,70,36.08026944,-86.726547220,0,8,0,0,3,2,1,0,3,1,0,1,0,0000000,99,99,99,99,20,36,0,0,0,1,0
47,470775,2,2,0,0,0,4,4,155,0,17,11,2011,5,23,40,0,4,3,SR-338,,92,35.91472778,-83.622891670,0,12,2,0,1,1,1,0,2,1,0,1,0,0000000,99,99,99,99,99,99,0,0,0,2,0
47,470776,1,1,0,0,0,1,1,47,0,3,11,2011,5,99,99,0,6,4,KNOX ROAD,,0,35.02788611,-89.564302780,0,35,0,0,1,1,4,0,9,99,0,99,0,0000000,99,99,99,99,88,88,4,18,0,1,0
47,470777,1,1,0,0,0,1,1,47,0,21,11,2011,2,99,99,0,4,3,SR-193,,42,35.14649167,-89.561875000,0,30,0,0,1,1,4,0,2,2,0,2,0,0000000,99,99,99,99,88,88,0,0,0,1,1
47,470778,1,1,0,0,0,1,1,173,0,1,11,2011,3,22,50,0,4,3,SR-61,DOCK ROAD,1,36.23710000,-83.986344440,0,17,0,0,2,3,4,0,2,1,0,1,0,0000000,99,99,99,99,99,99,0,0,0,1,0
47,470779,2,2,0,0,0,3,3,79,0,11,11,2011,6,18,19,0,3,3,SR-54,SR-140,6,36.29315000,-88.512022220,0,12,6,0,2,2,1,0,3,1,0,1,0,0000000,99,99,99,99,99,99,0,0,0,1,0
47,470780,1,1,0,0,0,1,1,79,0,25,11,2011,6,0,30,0,6,4,HAGLER RIDGE ROAD,,0,36.26712778,-88.129038890,0,1,0,0,1,1,1,0,2,1,0,1,0,0000000,99,99,99,99,88,88,0,0,0,1,1
47,470781,1,1,0,0,0,1,1,93,0,26,11,2011,7,3,25,0,15,4,ANDERSONVILLE PIKE,HILL ROAD,35,36.13554167,-83.951838890,0,42,0,0,2,3,4,0,2,1,0,1,0,0000000,99,99,99,99,99,99,20,0,0,1,1
47,470782,1,1,0,0,0,1,1,113,0,23,11,2011,4,14,55,1,2,2,US-SR5,,21,35.49701389,-88.729775000,0,59,0,0,1,1,3,0,1,10,0,10,0,0000000,99,99,99,99,99,99,0,0,0,1,0
47,470783,1,1,0,0,0,1,1,43,0,30,11,2011,4,16,5,0,6,4,IRON HILL ROAD,,0,36.00544722,-87.300402780,0,35,0,0,1,1,4,0,1,1,0,1,0,0000000,99,99,99,99,99,99,0,0,0,1,1
47,470784,1,1,0,0,0,1,1,33,0,19,11,2011,7,99,99,0,6,4,HUMBOLDT LAKE ROAD,,0,35.82036667,-88.990386110,0,1,0,0,1,1,4,0,2,1,0,1,0,0000000,99,99,99,99,99,99,0,0,0,1,0
47,470785,1,1,0,0,0,2,2,65,448,21,11,2011,2,3,30,0,15,6,TALLANT ROAD,,20,35.05906111,-85.017172220,0,32,0,0,1,1,4,0,2,1,0,1,0,0000000,99,99,99,99,99,99,0,0,0,1,1
47,470786,2,2,0,0,0,2,2,189,1360,21,11,2011,2,17,49,1,13,3,SR-109,E OLD LAGUARDO ROAD,82,36.24230278,-86.432458330,0,12,6,0,2,3,1,0,2,2,0,2,0,0000000,99,99,99,99,99,99,0,0,0,1,0
47,470787,2,2,0,0,0,3,3,45,710,7,11,2011,2,20,4,1,13,2,US-SR3,,82,36.05503056,-89.402427780,0,12,1,0,1,1,1,0,3,1,0,1,0,0000000,99,99,99,99,99,99,0,0,0,1,1
47,470788,2,2,0,0,0,2,2,165,1085,18,11,2011,6,21,10,1,12,3,SR-386,,18,36.32041389,-86.638163890,0,24,0,0,1,1,3,0,2,1,0,1,0,0000000,99,99,99,99,99,99,0,0,0,1,1
47,470789,2,2,0,0,0,4,4,113,0,22,11,2011,3,17,45,1,2,2,US-SR5,TURNERS LOOP ROAD,242,35.78315833,-88.863558330,0,12,6,0,3,2,1,0,2,2,0,2,0,0000000,99,99,99,99,99,99,0,0,0,1,0
47,470790,1,1,0,0,0,1,1,113,1200,19,5,2011,5,23,45,0,15,6,OLD HUMBOLDT RD,,24,35.73595833,-88.871069440,0,34,0,0,1,1,4,0,2,1,0,1,0,0000000,99,99,99,99,99,99,0,0,0,1,0
47,470791,2,2,0,0,0,7,7,31,1550,25,11,2011,6,19,37,1,13,3,SR-55,OAK DRIVE,131,35.46684167,-86.086336110,0,12,1,0,2,2,1,0,3,1,0,1,0,0000000,99,99,99,99,99,99,0,0,0,1,1
47,470792,1,1,0,0,0,1,1,35,540,30,5,2011,2,16,40,0,5,6,PEAVINE RD,,33,35.99879167,-84.822644440,0,42,0,0,1,1,4,0,1,1,0,1,0,0000000,99,99,99,99,99,99,0,0,0,1,1
47,470793,3,3,0,0,0,4,4,93,1300,11,11,2011,6,7,28,0,13,2,US-SR1,,105,36.01989444,-83.922525000,0,12,7,1,18,1,1,0,1,1,0,1,0,0000000,99,99,99,99,99,99,0,0,0,1,0
47,470794,1,1,0,1,1,3,3,157,1620,1,12,2011,5,19,0,0,13,3,SR-1,BERCLAIR RD,106,35.14875556,-89.911686110,0,8,0,0,2,2,1,0,3,1,0,1,0,0000000,99,99,99,99,88,88,0,0,0,1,0
47,470795,2,1,1,0,0,2,2,65,400,4,12,2011,1,4,36,0,15,6,TENNESSEE AVENUE,,13,35.00370000,-85.327497220,0,38,0,0,1,1,4,0,2,10,0,10,0,0000000,99,99,99,99,99,99,0,0,0,1,1
47,470796,1,1,0,0,0,1,1,27,0,2,12,2011,6,15,15,0,6,4,WET MILL CREEK RD,,0,36.47911389,-85.480991670,0,35,0,0,1,1,4,0,1,1,0,1,0,0000000,99,99,99,99,99,99,0,0,0,1,1
47,470797,2,2,0,0,0,2,2,149,1750,2,12,2011,6,1,32,0,14,6,S RUTHERFORD BLVD,,0,35.81873611,-86.389302780,0,12,2,0,1,1,1,0,3,1,0,1,0,0000000,99,99,99,99,99,99,0,0,0,1,1
47,470798,1,1,0,0,0,1,1,181,0,3,12,2011,7,0,30,0,5,4,BUTTERMILK RIDGE RD,,9,35.33366667,-87.577138890,0,34,0,0,1,1,4,0,2,1,0,1,0,0000000,99,99,99,99,88,88,3,4,0,1,1
47,470799,1,1,0,0,0,3,3,57,0,4,12,2011,1,14,10,0,4,3,SR-131,,204,36.33738333,-83.488858330,0,1,0,0,1,1,1,0,1,1,0,1,0,0000000,99,99,99,99,99,99,0,0,0,1,0
47,470800,2,2,0,0,0,2,2,115,0,4,12,2011,1,13,50,0,5,4,RIVER CANYON ROAD,,0,35.11990556,-85.413658330,0,12,2,0,1,1,1,0,1,1,0,1,0,0000000,13,57,14,25,88,88,0,0,0,1,1
47,470801,2,2,0,0,0,4,4,107,0,8,12,2011,5,18,36,0,14,2,US-SR305,,102,35.55777778,-84.668025000,0,12,1,0,1,1,1,0,2,1,0,1,0,0000000,99,99,99,99,99,99,0,0,0,1,0
47,470802,1,1,0,0,0,2,2,123,0,10,12,2011,7,4,20,0,4,3,SR-322,,147,35.61108333,-84.283538890,0,42,0,0,1,1,4,0,2,1,0,1,0,0000000,99,99,99,99,99,99,0,0,0,1,1
47,470803,3,3,0,0,0,4,4,37,1760,15,10,2011,7,20,0,0,13,2,US-SR1,,102,36.09376944,-86.882927780,0,12,2,0,1,1,1,0,3,1,0,1,0,0000000,99,99,99,99,99,99,0,0,0,1,1
47,470804,1,1,0,1,1,5,5,125,410,5,12,2011,2,19,3,1,13,2,US-SR13,,262,36.59767778,-87.284958330,0,8,0,0,1,1,1,0,2,2,0,2,0,0000000,99,99,99,99,99,99,0,0,0,1,0
47,470805,1,1,0,0,0,1,1,115,0,5,12,2011,2,10,15,0,6,4,SHERWOOD ST,VALLEY VIEW HWY,0,35.11544167,-85.593525000,0,42,0,0,2,2,5,0,1,1,0,1,0,0000000,99,99,99,99,99,99,0,0,0,1,0
47,470806,1,1,0,0,0,1,1,69,260,6,12,2011,3,21,13,0,13,3,SR-18,,186,35.27110000,-88.979291670,0,59,0,0,1,1,4,0,2,10,0,10,0,0000000,99,99,99,99,99,99,0,0,0,1,0
47,470807,2,2,0,0,0,3,3,89,0,20,12,2011,3,15,16,0,4,2,US-SR9,SR-113,164,36.04355000,-83.344991670,0,12,6,0,2,2,1,0,1,1,0,1,0,0000000,99,99,99,99,99,99,0,0,0,1,1
47,470809,1,1,0,0,0,1,1,65,2501,30,4,2011,7,12,26,0,16,6,E BROW RD,,34,35.14277778,-85.315877780,0,43,0,0,1,1,4,0,1,1,0,1,0,0000000,99,99,99,99,88,88,18,0,0,1,0
47,470810,1,1,0,0,0,1,1,31,1550,11,12,2011,1,22,40,1,11,1,I-24,,141,35.49323056,-86.076530560,0,1,0,0,1,1,4,0,2,1,0,1,0,0000000,99,99,99,99,99,99,0,0,0,1,0
47,470811,1,1,0,0,0,1,1,183,0,10,12,2011,7,2,20,0,6,4,SHADES BRIDGE ROAD,DUNN LANE,33,36.12950278,-88.766836110,0,42,0,0,3,4,4,0,2,1,0,1,0,0000000,99,99,99,99,99,99,0,0,0,1,1
47,470812,1,1,0,1,1,3,3,155,0,16,12,2011,6,0,28,0,3,2,US-SR35,PANTHER CREEK RD,103,35.85664722,-83.629761110,0,8,0,0,2,3,1,0,2,10,0,10,0,0000000,99,99,99,99,99,99,0,0,0,1,0
47,470813,2,2,0,1,1,6,6,165,890,10,12,2011,7,20,45,1,13,3,SR-109,DRIVERS LANE,14,36.35958333,-86.439469440,0,8,0,0,2,2,1,0,2,1,0,1,0,0000000,99,99,99,99,99,99,14,0,0,1,0
47,470815,1,1,0,0,0,1,1,49,0,14,12,2011,4,20,15,0,6,4,BASELINE ROAD,,0,36.37643333,-84.827469440,0,34,0,0,1,1,4,0,2,10,0,10,0,0000000,99,99,99,99,99,99,0,0,0,1,1
47,470816,1,1,0,1,1,2,2,113,1200,28,11,2011,2,19,5,0,14,2,US-SR5,,163,35.66685278,-88.829133330,0,8,0,0,1,1,1,0,3,4,0,4,0,0000000,99,99,99,99,99,99,0,0,0,1,0
47,470817,1,1,0,0,0,1,1,145,0,14,12,2011,4,20,0,0,5,4,LAWNVILLE ROAD,,46,35.89885833,-84.425569440,0,42,0,0,1,1,4,0,2,1,0,1,0,0000000,99,99,99,99,99,99,0,0,0,1,1
47,470818,1,1,0,0,0,1,1,113,0,15,12,2011,5,10,9,1,2,2,US-SR5,,33,35.49877500,-88.708652780,0,35,0,0,1,1,5,0,1,10,0,10,0,0000000,99,99,99,99,99,99,0,0,0,1,0
47,470819,2,2,0,0,0,2,2,37,1245,9,12,2011,6,1,49,0,3,2,US-SR65,,160,36.38903056,-86.898452780,0,12,2,0,1,1,1,0,2,1,0,1,0,0000000,99,99,99,99,99,99,0,0,0,1,0
47,470820,2,2,0,0,0,2,2,21,0,16,12,2011,6,99,99,0,3,3,SR-49,,84,36.30699722,-87.044027780,0,12,2,0,1,1,1,0,2,1,0,1,0,0000000,99,99,99,99,99,99,0,0,0,1,1
47,470821,3,3,0,0,0,6,6,149,1750,15,12,2011,5,13,15,0,13,6,MEDICAL CENTER PKWY,ARNHART DR,89,35.85836667,-86.424025000,0,12,6,0,2,2,1,0,1,2,0,2,0,0000000,99,99,99,99,99,99,0,0,0,1,0
47,470822,2,2,0,0,0,3,3,123,1540,16,12,2011,6,13,15,0,13,3,SR-68,ISBILL ROAD,125,35.50523333,-84.368819440,0,12,6,0,2,4,1,0,1,2,0,2,0,0000000,99,99,99,99,99,99,0,0,0,1,0
47,470823,1,1,0,0,0,2,2,165,0,10,12,2011,7,20,17,0,16,4,RANCH ROAD,,0,36.59679722,-86.462822220,0,34,0,0,1,1,5,0,2,1,0,1,0,0000000,99,99,99,99,88,88,0,0,0,2,0
47,470824,2,2,0,0,0,4,4,37,1760,21,8,2011,1,15,32,0,14,6,HARDING PLACE,,32,36.09083333,-86.818991670,0,30,0,0,1,1,4,0,1,1,0,1,0,0000000,99,99,99,99,99,99,14,0,0,1,0
47,470825,1,1,0,0,0,3,3,93,0,14,12,2011,4,16,2,0,15,4,YARNELL ROAD,,32,35.91151944,-84.195172220,0,34,0,0,1,1,4,0,1,1,0,1,0,0000000,99,99,99,99,99,99,0,0,0,1,0
47,470826,1,1,0,0,0,1,1,9,30,17,12,2011,7,23,8,1,13,2,US-SR115,,187,35.84770833,-83.964397220,0,38,0,0,1,1,4,0,3,1,0,1,0,0000000,99,99,99,99,88,88,0,0,0,1,0
47,470827,1,1,0,0,0,1,1,157,1620,17,12,2011,7,3,0,0,14,6,HOLLYWOOD STREET,,48,35.18542500,-89.975652780,0,33,0,0,1,1,4,0,3,1,0,1,0,0000000,99,99,99,99,88,88,0,0,0,1,1
47,470828,1,1,0,1,1,1,1,171,0,19,12,2011,2,9,4,0,15,2,US-SR107,,61,36.19163889,-82.337133330,0,8,0,0,1,1,1,3,1,1,0,1,0,0000000,99,99,99,99,99,99,3,0,0,1,0
47,470829,2,1,1,0,0,2,2,165,890,5,12,2011,2,3,16,1,13,3,SR-109,BLYTHE AVENUE,11,36.40506667,-86.450880560,0,7,0,0,3,4,5,0,3,2,0,2,0,0000000,99,99,99,99,99,99,20,0,0,1,1
47,470830,1,1,0,0,0,1,1,93,1300,18,12,2011,1,18,27,0,16,4,MYNATT ROAD,,0,36.05803889,-83.934938890,0,53,0,0,1,1,4,0,2,1,0,1,0,0000000,99,99,99,99,99,99,0,0,0,1,1
47,470831,1,1,0,1,1,1,1,37,1760,3,8,2011,4,20,28,0,14,2,US-SR11,,164,36.22637222,-86.759938890,0,8,0,0,1,1,1,0,3,1,0,1,0,0000000,99,99,99,99,20,40,0,0,0,1,0
47,470832,2,2,0,0,0,3,3,163,290,26,12,2011,2,14,55,1,13,2,US-421,HICKORY TREE RD,219,36.54306944,-82.140408330,0,12,6,0,2,2,1,0,1,1,0,1,0,0000000,99,99,99,99,99,99,0,0,0,1,0
47,470833,2,2,0,0,0,3,3,59,0,28,12,2011,4,21,10,0,5,4,BLUE SPRINGS PKWY,,9,36.20271111,-82.984688890,0,12,2,0,1,1,1,0,2,1,0,1,0,0000000,99,99,99,99,99,99,0,0,0,2,0
47,470834,2,2,0,0,0,2,2,37,1760,27,12,2011,3,9,45,0,14,2,US-SR112,,25,36.23177222,-86.832677780,0,12,6,0,1,1,1,0,1,10,0,10,0,0000000,99,99,99,99,99,99,0,0,0,1,0
47,470835,1,1,0,0,0,1,1,37,1760,3,10,2011,2,23,42,0,15,6,RIVERSIDE DRIVE,,7,36.19187500,-86.725527780,0,30,0,0,1,1,3,0,2,1,0,1,0,0000000,99,99,99,99,99,99,0,0,0,1,1
47,470836,1,1,0,0,0,1,1,115,0,28,12,2011,4,15,10,0,5,4,FRANCIS SPRING RD,,79,35.13195833,-85.539286110,0,42,0,0,1,1,4,0,1,1,0,1,0,0000000,99,99,99,99,99,99,0,0,0,1,0
47,470837,2,2,0,0,0,2,2,107,2005,20,12,2011,3,5,50,0,4,2,US-SR39,US-SR2,74,35.38635000,-84.691733330,0,12,6,0,2,3,1,0,2,10,0,10,0,0000000,99,99,99,99,99,99,0,0,0,1,0
47,470838,1,1,0,0,0,3,3,61,0,21,12,2011,4,13,24,0,6,4,TIPPLE ROAD,,0,35.29416667,-85.736925000,0,1,0,0,1,1,4,0,1,1,0,1,0,0000000,99,99,99,99,99,99,0,0,0,1,0
47,470839,1,1,0,1,1,1,1,65,400,22,12,2011,5,18,45,0,14,3,SR-317,,64,35.07038333,-85.110752780,0,8,0,0,1,1,1,0,3,1,0,1,0,0000000,99,99,99,99,88,88,0,0,0,1,0
47,470840,1,1,0,1,1,1,1,157,1620,23,12,2011,6,18,15,0,13,3,SR-177,,60,35.13423889,-89.796477780,0,8,0,0,1,1,1,0,3,1,0,1,0,0000000,99,99,99,99,88,88,0,0,0,1,0
47,470841,1,1,0,0,0,1,1,117,1380,1,10,2011,7,1,22,0,16,6,OLD COLUMBIA ROAD,JACKSON AVENUE,3,35.45803889,-86.811472220,0,24,0,0,3,1,4,0,3,1,0,1,0,0000000,99,99,99,99,99,99,0,0,0,1,1
47,470842,1,1,0,0,0,1,1,93,0,13,6,2011,2,3,6,0,14,4,CAMPBELL STATION ROAD,,35,35.91562500,-84.186916670,0,30,0,0,1,1,4,0,2,1,0,1,0,0000000,99,99,99,99,99,99,0,0,0,1,0
47,470843,1,1,0,0,0,4,4,55,1980,25,12,2011,1,23,35,0,5,4,VALES MILL ROAD,MILES ROAD,133,35.19463611,-87.070691670,0,34,0,0,3,3,4,0,3,1,0,1,0,0000000,99,99,99,99,99,99,0,0,0,1,1
47,470844,2,2,0,0,0,2,2,119,470,18,10,2011,3,7,11,0,14,3,SR-243,,58,35.57474444,-87.139119440,0,12,6,0,8,1,1,0,1,1,0,1,0,0000000,99,99,99,99,99,99,0,0,0,1,0
47,470845,1,1,0,0,0,1,1,37,1760,7,9,2011,4,17,0,0,5,6,EATONS CREEK ROAD,,25,36.23692222,-86.871069440,0,34,0,0,1,1,5,0,1,1,0,1,0,0000000,99,99,99,99,88,88,0,0,0,1,0
47,470846,4,4,0,0,0,8,8,37,1760,29,10,2011,7,2,3,1,11,1,I-40,,176,36.15468333,-86.788641670,0,5,0,0,1,1,1,0,3,1,0,1,0,0000000,99,99,99,99,88,88,14,0,0,1,0
47,470847,3,3,0,0,0,7,7,157,0,24,12,2011,7,18,32,0,16,4,RALEIGH MILLINGTON ROAD,,40,35.26584444,-89.929283330,0,12,1,0,1,1,1,0,2,1,0,1,0,0000000,99,99,99,99,99,99,0,0,0,4,1
47,470848,1,1,0,1,1,1,1,147,2340,27,12,2011,3,17,51,0,3,2,US-SR65,,63,36.47895278,-86.889366670,0,8,0,0,1,1,1,0,3,2,0,2,0,0000000,99,99,99,99,99,99,0,0,0,1,0
47,470849,1,1,0,1,1,1,1,155,920,29,12,2011,5,17,13,0,3,2,US-SR73,,163,35.72340833,-83.495430560,0,8,0,0,1,1,1,0,1,1,0,1,0,0000000,99,99,99,99,99,99,0,0,0,1,0
47,470850,1,1,0,0,0,1,1,37,1760,6,11,2011,1,20,48,0,16,6,EZELL RD,MELMACK DR,3,36.07318333,-86.693055560,0,42,0,0,2,2,4,0,2,1,0,1,0,0000000,99,99,99,99,88,88,20,0,0,1,1
47,470851,2,2,0,0,0,2,2,37,1760,14,10,2011,6,3,15,1,11,1,I-65 SOUTH,,182,36.25713611,-86.738027780,0,12,6,0,1,1,1,0,3,1,0,1,0,0000000,99,99,99,99,99,99,0,0,0,1,0
47,470852,2,2,0,0,0,3,3,37,1760,11,11,2011,6,10,7,1,11,1,I-40,,196,36.14073333,-86.727097220,0,12,1,1,18,1,1,0,1,1,0,1,0,0000000,99,99,99,99,99,99,0,0,0,1,0
47,470853,2,2,0,0,0,3,3,189,0,17,12,2011,7,1,35,1,2,3,SR-840,,30,36.09317222,-86.425097220,0,12,2,0,1,1,1,0,2,1,0,1,0,0000000,99,99,99,99,88,88,0,0,0,3,0
47,470854,2,2,0,0,0,4,4,187,2350,29,12,2011,5,15,22,0,16,6,BUCKNER ROAD,,0,35.78525556,-86.911716670,0,33,0,0,8,1,4,0,1,1,0,1,0,0000000,99,99,99,99,99,99,0,0,0,2,0
47,470855,1,1,0,0,0,1,1,105,0,30,12,2011,6,11,40,0,3,3,SR-72,,27,35.67959167,-84.296805560,0,34,0,0,1,1,4,0,1,1,0,1,0,0000000,99,99,99,99,99,99,0,0,0,1,0