STATE,ST_CASE,VE_TOTAL,VE_FORMS,PVH_INVL,PEDS,PERNOTMVIT,PERMVIT,PERSONS,COUNTY,CITY,DAY,MONTH,YEAR,DAY_WEEK,HOUR,MINUTE,NHS,ROAD_FNC,ROUTE,TWAY_ID,TWAY_ID2,MILEPT,LATITUDE,LONGITUD,SP_JUR,HARM_EV,MAN_COLL,RELJCT1,RELJCT2,TYP_INT,REL_ROAD,WRK_ZONE,LGT_COND,WEATHER1,WEATHER2,WEATHER,SCH_BUS,RAIL,NOT_HOUR,NOT_MIN,ARR_HOUR,ARR_MIN,HOSP_HR,HOSP_MN,CF1,CF2,CF3,FATALS,DRUNK_DR
47,470856,1,1,0,0,0,4,4,65,400,26,12,2011,2,0,26,0,13,3,SR-17,LAURA STREET,46,35.04994444,-85.261958330,0,59,0,0,2,3,4,0,3,5,0,5,0,0000000,99,99,99,99,99,99,4,0,0,1,0
47,470857,26,26,0,0,0,27,27,165,1085,1,12,2011,5,6,56,1,12,3,SR-386,,68,36.33285833,-86.548644440,0,12,1,0,1,1,1,0,1,5,0,5,0,0000000,99,99,99,99,99,99,14,19,0,1,0
47,470858,3,3,0,0,0,4,4,55,1665,7,12,2011,4,10,50,0,3,3,SR-11,,76,35.08479167,-87.149108330,0,12,8,0,1,1,1,0,1,4,0,4,0,0000000,99,99,99,99,99,99,0,0,0,1,0
47,470859,2,2,0,0,0,3,3,79,0,27,11,2011,1,10,14,0,5,4,OLD PARIS-MURRAY RD,,8,36.33652500,-88.323883330,0,12,2,0,1,1,1,0,1,2,0,2,0,0000000,99,99,99,99,99,99,0,0,0,1,0
47,470861,2,2,0,0,0,2,2,119,470,10,12,2011,7,23,40,0,15,6,MAPLEASH AVENUE,TOM J HITCH PARKWAY,16,35.60306389,-87.013988890,0,12,6,0,2,2,1,0,2,1,0,1,0,0000000,99,99,99,99,99,99,0,0,0,1,1
47,470862,3,3,0,0,0,3,3,37,1760,1,8,2011,2,6,49,0,13,2,US-SR11,,68,36.07741389,-86.725641670,0,12,1,0,1,1,1,0,1,1,0,1,0,0000000,99,99,99,99,7,27,0,0,0,1,0
47,470863,1,1,0,0,0,2,2,37,1760,27,11,2011,1,0,42,0,13,2,US-SR11,,57,36.06307778,-86.716958330,0,1,0,0,1,1,4,0,3,2,0,2,0,0000000,99,99,99,99,2,13,0,0,0,1,0
47,470864,1,1,0,0,0,1,1,37,1760,6,10,2011,5,21,37,0,14,6,DR WALTER S DAVIS BOULEVARD,,8,36.16829722,-86.835088890,0,33,0,0,1,1,4,0,3,1,0,1,0,0000000,99,99,99,99,88,88,0,0,0,1,0
47,470865,3,3,0,0,0,3,3,37,1760,10,11,2011,5,7,29,1,13,3,SR-155,,52,36.12867500,-86.695416670,0,12,2,0,1,1,1,0,1,1,0,1,0,0000000,99,99,99,99,99,99,0,0,0,1,0
47,470866,1,1,0,1,1,4,4,37,1760,18,12,2011,1,1,34,1,11,1,I-24,,122,36.19714444,-86.776158330,0,8,0,0,1,1,1,0,3,1,0,1,0,0000000,99,99,99,99,99,99,23,0,0,1,0
47,470867,2,2,0,0,0,2,2,37,1760,5,12,2011,2,14,34,1,1,1,I-24,,48,36.31898611,-86.839883330,0,12,6,0,1,1,1,0,1,2,0,2,0,0000000,99,99,99,99,88,88,0,0,0,1,0
47,470868,1,1,0,0,0,2,2,93,1300,2,1,2011,1,14,51,0,4,4,CR-WASHINGTON PK,,71,36.10618611,-83.811427780,0,42,0,0,1,1,4,0,1,1,0,1,0,0000000,99,99,99,99,99,99,0,0,0,1,0
47,470869,1,1,0,0,0,1,1,103,0,13,8,2011,7,15,10,1,2,2,US-SR15,,119,35.18258611,-86.640591670,0,24,0,0,1,1,4,0,1,10,0,10,0,0000000,99,99,99,99,99,99,0,0,0,1,0
47,470870,1,1,0,0,0,1,1,157,1620,3,10,2011,2,10,47,0,14,6,N QUAIL HOLLOW RD,KIRBY PKWY,4,35.10392500,-89.841780560,0,33,0,0,3,3,5,0,1,1,0,1,0,0000000,99,99,99,99,99,99,0,0,0,1,0
47,470871,1,1,0,0,0,1,1,37,1760,22,7,2011,6,0,30,1,11,1,I-40,,5,36.07699722,-87.026788890,0,57,0,0,1,1,3,0,6,1,0,1,0,0000000,99,99,99,99,88,88,0,0,0,1,0
47,470872,5,5,0,0,0,8,8,37,1760,15,4,2011,6,13,47,0,13,2,US-SR11,ELYSIAN FIELDS COURT,76,36.08687778,-86.730172220,0,12,1,0,3,2,1,0,1,1,0,1,0,0000000,99,99,99,99,14,3,14,0,0,1,0
47,470873,1,1,0,0,0,2,2,37,1760,12,1,2011,4,6,0,0,16,6,ROOSEVELT AVE,,0,36.27095278,-86.709041670,0,32,0,0,1,1,4,0,1,4,0,4,0,0000000,99,99,99,99,99,99,0,0,0,1,0
47,470874,1,1,0,0,0,1,1,153,690,22,7,2011,6,12,10,0,4,2,US-SR8,MILLER RD,5,35.19533056,-85.357819440,0,35,0,0,3,3,4,0,1,1,0,1,0,0000000,99,99,99,99,99,99,0,0,0,1,0
47,470875,1,1,0,1,1,1,1,163,290,19,12,2011,2,17,41,0,15,6,WINDSOR AVE,12TH ST,4,36.59129444,-82.194905560,0,8,0,0,3,2,1,0,3,1,0,1,0,0000000,99,99,99,99,99,99,0,0,0,1,0
47,470876,3,3,0,0,0,6,6,61,1677,15,10,2011,7,16,9,0,3,2,US-SR56,LAUREL TRAILS RD,8,35.24548889,-85.818036110,0,12,6,0,2,4,1,0,1,1,0,1,0,0000000,99,99,99,99,99,99,0,0,0,2,0
47,470877,2,2,0,0,0,2,2,43,640,4,11,2011,6,8,39,0,13,3,SR-46,,50,36.03293611,-87.352250000,0,12,6,0,1,1,1,0,1,2,0,2,0,0000000,99,99,99,99,99,99,0,0,0,1,0
47,470878,2,2,0,0,0,2,2,37,1760,11,11,2011,6,10,21,0,13,2,US-SR1,,310,36.03829722,-86.601652780,0,12,7,0,1,1,1,0,1,1,0,1,0,0000000,99,99,99,99,88,88,0,0,0,1,0
47,470879,5,5,0,0,0,6,6,37,1760,6,12,2011,3,7,21,1,13,3,SR-45 OLD HICKORY BLVD,,156,36.19967500,-86.620600000,0,12,1,0,1,1,1,0,1,1,0,1,0,0000000,99,99,99,99,99,99,0,0,0,1,0
47,470880,2,2,0,0,0,3,3,37,1760,11,8,2011,5,8,6,0,14,2,US-SR112,,33,36.24335000,-86.831197220,0,12,2,0,1,1,1,0,1,1,0,1,0,0000000,99,99,99,99,99,99,0,0,0,1,0
47,470881,2,2,0,0,0,3,3,37,1760,16,12,2011,6,11,7,0,14,6,SHUTE LN,,2,36.23193333,-86.621258330,0,12,6,0,1,1,1,0,1,2,0,2,0,0000000,99,99,99,99,99,99,0,0,0,1,0
47,470882,1,1,0,0,0,2,2,37,1760,23,12,2011,6,99,99,1,11,1,I-65 RAMP,,105,36.19422222,-86.776294440,0,24,0,0,5,1,4,0,3,99,0,99,0,0000000,99,99,99,99,99,99,0,0,0,1,1
47,470883,2,1,1,0,0,1,1,37,1760,27,11,2011,1,13,0,0,16,6,LANIER DR,,0,36.26289444,-86.696358330,0,32,0,0,1,1,4,0,1,2,0,2,0,0000000,99,99,99,99,99,99,0,0,0,1,0
47,470884,6,6,0,0,0,8,8,37,1760,4,10,2011,3,8,31,1,11,1,I-40,,224,36.14237500,-86.710258330,0,12,1,0,1,1,1,0,1,1,0,1,0,0000000,99,99,99,99,99,99,14,0,0,1,0
47,470885,1,1,0,0,0,1,1,125,410,23,11,2011,4,10,5,1,11,1,I-24,,60,36.58061389,-87.266000000,0,35,0,0,1,1,4,0,1,10,0,10,0,0000000,99,99,99,99,99,99,0,0,0,1,0
47,470886,1,1,0,0,0,1,1,75,0,14,12,2011,4,15,25,0,3,2,US-SR76,,210,35.67293056,-89.140766670,0,42,0,0,1,1,4,0,1,1,0,1,0,0000000,99,99,99,99,99,99,0,0,0,1,0
47,470887,4,4,0,0,0,5,5,37,1760,15,11,2011,3,12,4,0,14,3,SR-155,POST PLACE,294,36.12795833,-86.851916670,0,12,1,0,3,2,1,0,1,2,0,2,0,0000000,99,99,99,99,99,99,14,0,0,1,0
47,470888,2,2,0,0,0,2,2,37,1760,28,11,2011,2,2,42,0,13,2,US-SR1,,252,36.10361944,-86.667250000,0,12,2,0,1,1,1,0,6,99,0,99,0,0000000,99,99,99,99,99,99,0,0,0,1,0
47,470889,2,2,0,2,2,3,3,37,1760,10,12,2011,7,2,0,0,14,6,DEMONBREUN ST,,2,36.15234444,-86.790975000,0,8,0,0,1,1,1,0,3,1,0,1,0,0000000,99,99,99,99,99,99,0,0,0,1,1
48,480001,2,2,0,0,0,3,3,135,0,1,1,2011,7,22,55,0,14,8,FM2020,WESTRIDGE,48,31.84510556,-102.483136110,0,12,6,0,2,3,1,0,2,1,0,1,0,0000000,23,6,23,7,23,24,0,0,0,2,0
48,480002,2,2,0,0,0,2,2,141,2190,1,1,2011,7,2,51,1,13,2,US-62/180,LP375,216,31.80636389,-106.267805560,0,12,6,1,2,2,1,0,3,10,0,10,0,0000000,88,88,88,88,88,88,0,0,0,1,1
48,480003,1,1,0,1,1,3,3,201,0,1,1,2011,7,1,7,0,6,4,ELROD,,0,29.82799444,-95.756766670,0,8,0,0,1,1,1,0,2,10,0,10,0,0000000,88,88,88,88,88,88,0,0,0,1,0
48,480004,1,1,0,0,0,1,1,201,0,1,1,2011,7,2,20,0,6,4,LOUETTA,,0,30.00440556,-95.554041670,0,1,0,0,1,1,4,0,2,1,0,1,0,0000000,88,88,88,88,88,88,0,0,0,1,1
48,480005,2,2,0,1,1,6,6,201,0,1,1,2011,7,20,6,1,12,7,US-59,,60,29.91765833,-95.306855560,0,8,0,0,1,1,1,0,2,1,0,1,0,0000000,88,88,88,88,88,88,0,0,0,1,0
48,480006,1,1,0,1,1,1,1,201,3280,1,1,2011,7,21,24,1,12,2,US-290,,344,29.84311111,-95.495363890,0,8,0,1,18,1,1,0,3,1,0,1,0,0000000,21,25,21,31,22,7,0,0,0,1,0
48,480007,2,2,0,0,0,5,5,215,0,1,1,2011,7,3,34,0,6,4,CANTU RD,,0,26.35940556,-98.301372220,0,12,6,0,1,1,1,0,2,1,0,1,0,0000000,3,33,3,56,4,49,0,0,0,1,1
48,480008,1,1,0,0,0,5,5,239,0,1,1,2011,7,6,29,1,2,2,US-59,,65,29.04320833,-96.525183330,0,1,0,0,1,1,1,0,4,1,0,1,0,0000000,6,34,7,10,7,58,0,0,0,2,0
48,480009,3,3,0,0,0,8,8,423,3990,1,1,2011,7,3,41,1,1,7,I-20,US-69,124,32.46890833,-95.387922220,0,12,1,1,3,2,1,0,3,10,0,10,0,0000000,3,49,4,0,4,25,0,0,0,1,1
48,480010,1,1,0,1,1,2,2,427,0,1,1,2011,7,21,25,1,2,2,US-83,,222,26.40198333,-98.931572220,0,8,0,0,1,1,1,0,2,1,0,1,0,0000000,88,88,88,88,88,88,0,0,0,1,0
48,480011,2,2,0,0,0,2,2,29,6090,3,1,2011,2,12,15,0,16,5,NACOGDOCHES,HILLPOINT,0,29.53747500,-98.424597220,0,12,1,0,2,2,1,0,1,10,0,10,0,0000000,88,88,88,88,88,88,0,0,0,1,1
48,480012,1,1,0,0,0,1,1,31,3530,3,1,2011,2,8,37,0,3,2,US-281,,146,30.28162778,-98.406052780,0,30,0,0,1,1,4,0,1,10,0,10,0,0000000,8,37,8,41,9,35,0,0,0,1,0
48,480013,1,1,0,0,0,1,1,53,0,3,1,2011,2,16,57,0,4,8,RM2147,,115,30.54858611,-98.314033330,0,42,0,0,1,1,4,0,1,10,0,10,0,0000000,17,0,17,6,18,7,0,0,0,1,0
48,480014,1,1,0,1,1,1,1,113,2010,3,1,2011,2,2,36,1,12,2,US-67,,104,32.64366667,-96.888933330,0,8,0,0,1,1,1,0,6,1,0,1,0,0000000,2,39,2,54,3,7,0,0,0,1,0
48,480015,1,1,0,0,0,1,1,161,0,3,1,2011,2,17,46,0,5,8,FM1848,,49,31.53289722,-96.059088890,0,1,0,0,1,1,1,0,5,10,0,10,0,0000000,88,88,88,88,88,88,0,0,0,1,1
48,480016,1,1,0,0,0,2,2,231,2860,3,1,2011,2,14,40,1,13,8,BU69,,20,33.14182500,-96.107180560,0,42,0,0,1,1,4,0,1,1,0,1,0,0000000,14,41,14,47,15,21,0,0,0,2,0
48,480018,1,1,0,1,1,1,1,113,1730,4,1,2011,3,13,26,0,16,5,HARRY HINES BLVD,BUTLER ST,0,32.81347778,-96.839563890,0,8,0,0,3,2,1,0,1,1,0,1,0,0000000,13,27,13,33,13,41,0,0,0,1,0
48,480019,2,2,0,0,0,3,3,201,3280,4,1,2011,3,6,25,0,16,5,TIDWELL RD,SUNFOREST DR,0,29.84936944,-95.476663890,0,12,6,0,2,3,1,0,4,10,0,10,0,0000000,6,36,6,40,7,12,0,0,0,1,0
48,480020,3,3,0,0,0,3,3,201,3280,4,1,2011,3,11,21,0,16,5,ELDRIDGE PKWY,WAR MEMORIAL,0,29.82243889,-95.608413890,0,12,6,0,1,1,1,0,1,10,0,10,0,0000000,11,20,11,26,11,56,0,0,0,1,0
48,480021,1,1,0,0,0,1,1,239,0,4,1,2011,3,10,37,0,4,8,FM1822,,33,28.94076667,-96.644433330,0,1,0,0,1,1,4,0,1,10,0,10,0,0000000,10,50,11,5,11,30,0,0,0,1,0
48,480022,1,1,0,1,1,1,1,355,1550,4,1,2011,3,20,58,0,14,8,SS 407,,52,27.82707778,-97.550908330,0,8,0,0,1,1,1,0,2,10,0,10,0,0000000,88,88,88,88,88,88,0,0,0,1,0
48,480023,1,1,0,1,1,1,1,371,2440,4,1,2011,3,6,8,1,13,2,US-285,,115,30.89815833,-102.904638890,0,8,0,0,1,1,1,0,2,1,0,1,0,0000000,6,8,6,11,6,24,0,0,0,1,0
48,480024,2,2,0,0,0,2,2,497,9997,4,1,2011,3,5,10,1,2,2,US-81,BU 81,32,33.20467500,-97.567325000,0,12,6,0,2,3,1,0,3,1,0,1,0,0000000,5,12,5,18,5,37,0,0,0,1,0
48,480025,2,2,0,0,0,6,6,29,6090,5,1,2011,4,16,55,0,16,5,POTEET JOURDANTON,APPLE WHITE RD,0,29.30875833,-98.555038890,0,12,6,0,2,2,1,0,1,1,0,1,0,0000000,16,54,17,11,17,42,0,0,0,1,0
48,480026,1,1,0,0,0,1,1,53,0,5,1,2011,4,18,45,0,4,8,RANCH ROAD 2341,,123,30.79659167,-98.307736110,0,38,0,0,1,1,4,0,5,1,0,1,0,0000000,88,88,88,88,88,88,0,0,0,1,1
48,480027,1,1,0,0,0,1,1,61,940,5,1,2011,4,1,17,0,16,5,MORNINGSIDE,,0,25.90324444,-97.449055560,0,30,0,0,1,1,4,0,3,1,0,1,0,0000000,88,88,88,88,88,88,0,0,0,1,0
48,480028,1,1,0,0,0,1,1,141,6986,5,1,2011,4,8,33,0,4,3,SR-20,,509,31.48040000,-106.132561110,0,43,0,0,1,1,4,0,1,1,0,1,0,0000000,88,88,88,88,88,88,0,0,0,1,0
48,480029,3,3,0,0,0,5,5,201,0,5,1,2011,4,17,5,1,13,8,FM 1093,,2,29.71152500,-95.684572220,0,12,1,0,7,1,1,0,1,1,0,1,0,0000000,88,88,88,88,88,88,0,0,0,1,0
48,480030,2,2,0,0,0,3,3,347,0,5,1,2011,4,11,58,1,2,2,US-259,,33,31.80066667,-94.678502780,0,12,6,0,8,1,1,0,1,1,0,1,0,0000000,12,1,12,17,12,52,0,0,0,1,1
48,480031,1,1,0,1,1,1,1,355,1550,5,1,2011,4,18,59,0,16,5,EVERHART ROAD,,0,27.71063611,-97.386866670,0,8,0,0,1,1,1,0,3,1,0,1,0,0000000,19,0,19,4,19,25,0,0,0,1,0
48,480032,3,3,0,0,0,3,3,419,6820,5,1,2011,4,14,10,1,2,2,US-59,,17,31.95498056,-94.237391670,0,12,6,0,8,1,1,0,1,1,0,1,0,0000000,14,9,14,21,14,54,0,0,0,1,0
48,480033,2,2,0,0,0,2,2,453,0,5,1,2011,4,8,38,0,6,4,BLAKE MANOR ROAD,,0,30.29230278,-97.523069440,0,12,6,0,1,1,1,0,1,1,0,1,0,0000000,88,88,88,88,88,88,0,0,0,1,0
48,480034,1,1,0,1,1,1,1,355,1550,6,1,2011,5,6,2,0,16,5,NAVIGATION BLVD,,0,27.76716944,-97.452605560,0,8,0,0,1,1,1,0,2,1,0,1,0,0000000,6,2,6,7,6,23,0,0,0,1,0
48,480035,1,1,0,0,0,1,1,451,0,6,1,2011,5,13,54,0,5,8,FM 388,,62,31.44634167,-100.336802780,0,1,0,0,1,1,4,0,1,1,0,1,0,0000000,14,10,14,19,14,45,0,0,0,1,1
48,480036,1,1,0,0,0,1,1,29,0,7,1,2011,6,20,39,1,1,1,I-37,,67,29.20454722,-98.417830560,0,42,0,0,1,1,3,0,2,1,0,1,0,0000000,88,88,88,88,88,88,0,0,0,1,0
48,480037,2,2,0,0,0,3,3,49,950,7,1,2011,6,15,18,0,14,2,US-183,CR 338,220,31.77330556,-98.951463890,0,12,6,0,2,3,1,0,1,1,0,1,0,0000000,15,20,15,33,16,1,0,0,0,1,0
48,480038,1,1,0,1,1,1,1,85,5390,7,1,2011,6,9,5,1,12,2,US-75,,107,33.04088611,-96.702536110,0,8,0,0,1,1,1,0,1,1,0,1,0,0000000,9,11,9,17,9,34,0,0,0,1,0
48,480039,1,1,0,1,1,2,2,201,0,7,1,2011,6,23,25,1,13,3,SR-6,,168,29.69452778,-95.643813890,0,8,0,0,1,1,1,0,2,1,0,1,0,0000000,99,99,99,99,88,88,0,0,0,1,0
48,480040,2,2,0,0,0,3,3,241,3480,7,1,2011,6,17,42,1,13,2,US-190,SR-63,3,30.91883611,-93.979650000,0,12,6,0,2,2,1,0,3,1,0,1,0,0000000,18,2,18,7,99,99,0,0,0,1,0
48,480041,1,1,0,0,0,1,1,355,1550,7,1,2011,6,13,54,1,13,3,SR-286,,19,27.71292778,-97.446466670,0,59,0,0,1,1,4,0,1,1,0,1,0,0000000,13,54,13,58,14,13,0,0,0,1,0
48,480042,2,2,0,0,0,2,2,491,0,7,1,2011,6,21,7,1,2,2,US-183,,46,30.77598611,-97.877297220,0,12,2,0,1,1,1,0,2,1,0,1,0,0000000,21,12,21,22,22,3,0,0,0,1,1
48,480043,2,2,0,0,0,3,3,201,3280,8,1,2011,7,15,15,0,16,5,HOUSTON ROAD,,0,29.81301944,-95.269780560,0,12,6,0,1,1,1,0,1,1,0,1,0,0000000,99,99,99,99,88,88,0,0,0,1,0
48,480044,1,1,0,1,1,2,2,309,7210,8,1,2011,7,19,10,1,11,1,I-35,,150,31.54473611,-97.126577780,0,8,0,0,1,1,1,0,3,10,0,10,0,0000000,88,88,88,88,88,88,0,0,0,1,0
48,480045,2,2,0,0,0,3,3,325,0,8,1,2011,7,2,11,1,1,1,I-35,,125,29.21232500,-98.806786110,0,12,2,0,1,1,1,0,2,1,0,1,0,0000000,2,21,2,30,4,0,0,0,0,1,1
48,480046,3,3,0,0,0,5,5,419,0,8,1,2011,7,11,49,0,3,3,SR-7,,66,31.87093333,-94.107258330,0,12,1,0,8,1,1,0,1,1,0,1,0,0000000,11,47,11,54,12,23,0,0,0,1,0
48,480047,1,1,0,0,0,1,1,73,0,9,1,2011,1,12,29,1,2,2,US-69,,22,32.11958611,-95.300733330,0,42,0,0,1,1,4,0,1,4,0,4,0,0000000,88,88,88,88,88,88,0,0,0,1,0
48,480048,2,2,0,1,1,3,3,141,2190,9,1,2011,1,18,21,0,14,8,FM 659,CHARLES R SCHULTE,39,31.77269722,-106.256255560,0,8,0,0,3,3,1,0,2,1,0,1,0,0000000,88,88,88,88,88,88,0,0,0,1,0
48,480049,2,2,0,0,0,3,3,201,3280,9,1,2011,1,14,22,1,12,7,US-59,W. SAM HOUSTON PKWY,148,29.66022222,-95.558033330,0,12,6,1,2,2,1,0,1,10,0,10,0,0000000,14,22,14,26,14,44,0,0,0,1,0
48,480050,2,2,0,0,0,4,4,201,3280,9,1,2011,1,16,10,1,12,7,SL 8,GESSNER DR,67,29.63741111,-95.530544440,0,12,6,1,2,2,1,0,1,10,0,10,0,0000000,16,15,16,22,16,54,0,0,0,1,0
48,480051,2,2,0,0,0,2,2,201,7286,9,1,2011,1,1,55,1,11,7,I-45,,24,29.53765556,-95.138597220,0,12,6,0,8,1,1,0,3,10,0,10,0,0000000,88,88,88,88,88,88,0,0,0,1,1
48,480052,1,1,0,0,0,1,1,29,0,10,1,2011,2,3,15,0,6,4,PEARSALL RD,,0,29.29645278,-98.696663890,0,32,0,0,1,1,4,0,2,1,0,1,0,0000000,88,88,88,88,88,88,0,0,0,1,1
48,480053,1,1,0,0,0,1,1,201,3280,10,1,2011,2,7,45,0,16,5,W LAKE HOUSTON PKY,,0,29.91950278,-95.207863890,0,35,0,0,1,1,4,0,1,10,0,10,0,0000000,88,88,88,88,88,88,0,0,0,1,0
48,480055,1,1,0,0,0,1,1,339,1510,10,1,2011,2,15,30,0,16,5,CREIGHTON RD,,0,30.26875556,-95.440577780,0,42,0,0,1,1,4,0,1,10,0,10,0,0000000,88,88,88,88,88,88,0,0,0,1,0
48,480056,1,1,0,0,0,3,3,453,330,10,1,2011,2,1,5,0,16,5,RIVERSIDE DR,,0,30.22994444,-97.713475000,0,1,0,0,1,1,3,0,3,1,0,1,0,0000000,1,8,1,16,1,33,0,0,0,1,1
48,480057,1,1,0,1,1,1,1,27,6810,11,1,2011,3,5,37,0,16,5,LUCIUS MCCELVEY DR,,0,31.12441667,-97.355497220,0,8,0,0,1,1,1,0,2,1,0,1,0,0000000,88,88,88,88,88,88,0,0,0,1,0
48,480058,2,2,0,0,0,3,3,141,2190,11,1,2011,3,7,58,0,16,5,VISTA DEL SOL DR,BOB HOPE DR,0,31.74021111,-106.270902780,0,12,6,0,2,2,1,0,1,1,0,1,1,0000000,8,6,8,13,8,39,0,0,0,2,0
48,480059,1,1,0,1,1,1,1,209,6170,11,1,2011,3,16,36,1,13,8,RM12,N EDWARD GARY ST,296,29.88347222,-97.938791670,0,8,0,0,3,2,1,0,8,98,0,98,0,0000000,16,38,16,43,17,7,0,0,0,1,0
48,480060,1,1,0,0,0,1,1,215,2110,11,1,2011,3,16,4,1,13,8,FM2061,,2,26.33900000,-98.188205560,0,30,0,0,1,1,4,0,1,1,0,1,0,0000000,99,99,16,14,16,44,0,0,0,1,0
48,480061,1,1,0,0,0,1,1,441,30,11,1,2011,3,1,45,1,12,8,SL322,,64,32.38770000,-99.733780560,0,30,0,0,1,1,3,0,3,1,0,1,0,0000000,1,47,1,59,2,20,0,0,0,1,1
48,480062,1,1,0,0,0,2,2,351,1894,12,1,2011,4,18,44,0,6,4,4203,,0,30.28855000,-93.741052780,0,42,0,0,1,1,4,0,2,1,0,1,0,0000000,18,50,19,0,20,21,0,0,0,1,0
48,480063,2,1,1,0,0,1,1,29,6090,13,1,2011,5,0,51,0,16,5,WOODS END DR,BRISTLECONE DR,0,29.51978889,-98.635694440,0,14,0,0,3,3,2,0,3,10,0,10,0,0000000,88,88,88,88,88,88,0,0,0,1,1
48,480064,1,1,0,0,0,1,1,59,0,14,1,2011,6,14,53,0,3,3,SR-36,,183,32.22031944,-99.373180560,0,32,0,0,1,1,4,0,1,10,0,10,0,0000000,88,88,88,88,88,88,0,0,0,1,0
48,480065,1,1,0,0,0,1,1,201,3280,14,1,2011,6,1,0,1,11,1,I-45RAMP,HOUSTON AVE,240,29.76181111,-95.373950000,0,39,0,1,19,1,8,0,3,1,0,1,0,0000000,88,88,88,88,88,88,0,0,0,1,1
48,480066,1,1,0,1,1,1,1,453,330,14,1,2011,6,2,47,1,11,1,I-35,,35,30.14690833,-97.793952780,0,8,0,0,1,1,1,0,2,1,0,1,0,0000000,88,88,88,88,88,88,0,0,0,1,0
48,480067,1,1,0,0,0,1,1,29,6090,15,1,2011,7,5,7,0,16,5,S PRESA ST,,0,29.36885278,-98.471050000,0,42,0,0,1,1,4,0,3,2,0,2,0,0000000,88,88,88,88,88,88,0,0,0,1,1
48,480068,1,1,0,0,0,2,2,99,1540,15,1,2011,7,4,29,1,13,2,US-190,,34,31.11956389,-97.895391670,0,35,0,0,1,1,4,0,3,2,0,2,0,0000000,4,31,4,35,5,3,0,0,0,1,1
48,480069,4,4,0,0,0,5,5,201,0,15,1,2011,7,2,30,1,13,8,FM1960,PERRY RD,50,29.94644444,-95.563827780,0,12,1,0,3,2,1,0,3,10,0,10,0,0000000,2,44,3,2,3,46,0,0,0,2,1
48,480070,2,2,0,0,0,2,2,339,1510,15,1,2011,7,14,18,1,13,8,FM3083,,21,30.35157222,-95.486594440,0,12,6,0,8,1,1,0,1,10,0,10,0,0000000,99,99,99,99,99,99,0,0,0,1,0
48,480071,2,2,0,0,0,4,4,41,970,16,1,2011,1,13,20,1,13,3,SR-30,,63,30.65294722,-96.270697220,0,12,2,0,1,1,1,0,1,2,0,2,0,0000000,13,23,13,29,13,48,0,0,0,1,0
48,480072,1,1,0,1,1,1,1,113,1730,16,1,2011,1,1,20,0,16,5,DENTON DR,STOREY LN,0,32.85971389,-96.878186110,0,8,0,0,3,4,4,0,3,10,0,10,0,0000000,88,88,88,88,88,88,0,0,0,1,1
48,480073,1,1,0,1,1,1,1,141,2190,16,1,2011,1,2,35,1,11,1,I-10,,238,31.77753056,-106.432911110,0,8,0,0,1,1,1,0,3,1,0,1,0,0000000,88,88,88,88,88,88,0,0,0,1,0
48,480074,1,1,0,0,0,1,1,201,480,16,1,2011,1,5,49,0,16,5,MARKET ST,,0,29.73192778,-94.989616670,0,1,0,0,1,1,4,0,2,2,0,2,0,0000000,88,88,88,88,88,88,20,0,0,1,0
48,480075,2,2,0,0,0,3,3,245,0,16,1,2011,1,6,15,1,2,3,SR-105,,2,30.13497778,-94.276261110,0,12,6,0,1,1,1,0,3,1,0,1,0,0000000,88,88,88,88,88,88,0,0,0,2,1
48,480076,1,1,0,0,0,1,1,29,6090,17,1,2011,2,6,50,1,11,1,I-410,,343,29.38996667,-98.389513890,0,31,0,0,1,1,3,0,4,5,0,5,0,0000000,88,88,88,88,88,88,0,0,0,1,1
48,480077,1,1,0,1,1,1,1,91,0,17,1,2011,2,19,28,1,1,1,I-35,,190,29.79047222,-98.025288890,0,8,0,0,1,1,1,0,2,1,0,1,0,0000000,88,88,88,88,88,88,19,0,0,1,1
48,480078,1,1,0,1,1,1,1,201,0,17,1,2011,2,5,30,0,6,4,MTHOUSTON,,0,29.89165278,-95.265716670,0,9,0,0,1,1,1,0,2,1,0,1,0,0000000,88,88,88,88,88,88,0,0,0,1,0
48,480079,2,2,0,0,0,2,2,287,0,17,1,2011,2,15,10,0,3,2,US-77,SL 123,82,30.42591111,-97.008697220,0,12,6,0,3,1,1,0,1,10,0,10,0,0000000,88,88,88,88,88,88,0,0,0,1,0
48,480080,2,2,0,0,0,2,2,407,0,17,1,2011,2,22,27,1,2,2,US-59,,206,30.42714444,-95.040113890,0,12,2,0,1,1,1,0,2,10,0,10,0,0000000,88,88,88,88,88,88,0,0,0,1,1
48,480081,1,1,0,1,1,1,1,201,3280,18,1,2011,3,5,43,0,16,5,FANNIN ST,HOLLY HALL ST,0,29.68521111,-95.403208330,0,8,0,0,3,2,1,0,3,10,0,10,0,0000000,5,47,5,50,6,7,0,0,0,1,0
48,480082,2,2,0,0,0,2,2,281,0,18,1,2011,3,15,0,1,13,2,US-190,,25,31.06484444,-98.152863890,0,12,6,0,1,1,1,0,1,1,0,1,0,0000000,88,88,88,88,88,88,0,0,0,1,0
48,480083,2,2,0,0,0,6,6,451,0,18,1,2011,3,19,40,1,2,2,US-87,,385,31.37146389,-100.313050000,0,12,1,0,1,1,1,0,2,1,0,1,0,0000000,19,40,19,52,20,24,0,0,0,1,1