STATE,ST_CASE,VE_TOTAL,VE_FORMS,PVH_INVL,PEDS,PERNOTMVIT,PERMVIT,PERSONS,COUNTY,CITY,DAY,MONTH,YEAR,DAY_WEEK,HOUR,MINUTE,NHS,ROAD_FNC,ROUTE,TWAY_ID,TWAY_ID2,MILEPT,LATITUDE,LONGITUD,SP_JUR,HARM_EV,MAN_COLL,RELJCT1,RELJCT2,TYP_INT,REL_ROAD,WRK_ZONE,LGT_COND,WEATHER1,WEATHER2,WEATHER,SCH_BUS,RAIL,NOT_HOUR,NOT_MIN,ARR_HOUR,ARR_MIN,HOSP_HR,HOSP_MN,CF1,CF2,CF3,FATALS,DRUNK_DR
48,480084,3,3,0,0,0,3,3,107,0,19,1,2011,4,18,30,0,3,2,US-62,,198,33.82233333,-101.387458330,0,12,2,0,1,1,1,0,5,1,0,1,0,0000000,88,88,88,88,88,88,0,0,0,1,0
48,480085,2,2,0,0,0,2,2,113,1730,19,1,2011,4,17,23,0,16,5,POLK,,0,32.66149167,-96.840058330,0,33,0,0,1,1,3,0,1,1,0,1,0,0000000,17,26,17,31,17,41,0,0,0,1,0
48,480086,2,2,0,0,0,3,3,113,1730,19,1,2011,4,7,10,0,16,5,CESAR CHAVEZ BLVD,GOOD LATIMER EXPY,0,99.99990000,999.999900000,0,12,6,0,2,2,1,0,1,1,0,1,0,0000000,7,12,7,18,7,32,0,0,0,1,0
48,480087,1,1,0,0,0,3,3,113,0,20,1,2011,5,14,7,1,11,1,I-45 RAMP,,230,32.57299167,-96.670097220,0,35,0,1,5,1,4,0,1,10,0,10,0,0000000,14,12,14,18,14,59,0,0,0,1,1
48,480088,3,3,0,0,0,3,3,113,3420,20,1,2011,5,7,21,1,12,3,SR-183,,25,32.83710556,-97.007744440,0,12,6,0,1,1,1,0,1,10,0,10,0,0000000,7,22,7,33,8,2,0,0,0,1,0
48,480089,2,2,0,0,0,7,7,141,2190,20,1,2011,5,2,14,0,16,5,LEE BLVD,TURNER RD,0,31.79811389,-106.293872220,0,12,6,0,2,2,1,0,2,1,0,1,0,0000000,2,20,2,25,2,45,0,0,0,2,2
48,480090,1,1,0,1,1,1,1,113,2590,21,1,2011,6,7,57,0,16,5,FOREST LN,BARNES DR,0,32.90913889,-96.679916670,0,8,0,0,3,3,1,0,1,1,0,1,0,0000000,7,57,7,58,99,99,0,0,0,1,0
48,480091,1,1,0,1,1,1,1,113,4530,21,1,2011,6,4,3,0,16,5,SAMUELL BLVD,,0,32.79238889,-96.664569440,0,8,0,0,8,1,1,0,3,1,0,1,0,0000000,4,4,4,8,4,25,0,0,0,1,0
48,480092,3,3,0,0,0,3,3,439,260,21,1,2011,6,7,4,1,11,1,I-20RAMP,,116,32.67652222,-97.060605560,0,23,0,1,5,1,4,0,3,1,0,1,0,0000000,7,5,7,13,7,36,14,0,0,1,0
48,480093,2,2,0,0,0,6,6,141,2190,22,1,2011,7,3,40,1,13,8,FM659,PELLICANO,72,31.73813056,-106.291822220,0,12,6,0,2,2,1,0,3,1,0,1,0,0000000,3,43,3,46,4,12,0,0,0,1,1
48,480094,3,3,0,0,0,5,5,157,3580,22,1,2011,7,16,15,1,11,7,I-10RAMP,,12,29.77699722,-95.834936110,0,12,7,0,5,1,1,0,1,1,0,1,0,0000000,16,22,16,38,17,16,0,0,0,1,1
48,480095,3,3,0,0,0,4,4,201,0,22,1,2011,7,19,26,0,6,4,N ELDRIDGE PKWY,,0,29.96738889,-95.608350000,0,12,2,0,1,1,1,0,2,1,0,1,0,0000000,19,28,19,39,20,18,0,0,0,1,1
48,480096,2,2,0,0,0,3,3,201,5230,22,1,2011,7,9,14,0,16,5,PASADENA BLVD,,0,29.68463611,-95.198005560,0,12,7,0,1,1,1,0,1,1,0,1,0,0000000,9,16,9,22,9,47,0,0,0,1,0
48,480097,1,1,0,0,0,1,1,341,0,22,1,2011,7,8,10,0,4,8,FM1284,MORTON ELEVATOR,42,35.90814444,-101.872347220,0,35,0,0,3,1,4,0,4,1,0,1,0,0000000,88,88,88,88,88,88,0,0,0,1,1
48,480098,1,1,0,1,1,1,1,361,5100,22,1,2011,7,22,18,0,14,8,BU90Y,,9,30.11018611,-93.792938890,0,8,0,0,1,1,1,0,2,1,0,1,0,0000000,88,88,88,88,88,88,0,0,0,1,0
48,480099,2,2,0,0,0,2,2,439,260,22,1,2011,7,17,42,0,16,5,N BOWEN RD,WESLEY DR,0,32.73963056,-97.149094440,0,1,0,0,2,2,1,0,1,1,0,1,0,0000000,88,88,88,88,88,88,0,0,0,1,0
48,480100,1,1,0,0,0,1,1,451,6080,22,1,2011,7,2,13,1,12,8,SL306,,93,31.40515000,-100.441141670,0,52,0,0,1,1,3,0,3,1,0,1,0,0000000,88,88,88,88,88,88,0,0,0,1,1
48,480101,1,1,0,0,0,1,1,77,0,23,1,2011,1,13,24,1,2,2,US-82,,36,33.87000556,-98.356530560,0,33,0,0,1,1,3,0,1,1,0,1,0,0000000,88,88,88,88,88,88,0,0,0,1,0
48,480102,2,2,0,0,0,4,4,381,0,21,1,2011,6,17,45,1,2,2,US-60,,84,34.97490556,-102.034619440,0,12,6,0,1,1,1,0,1,1,0,1,0,0000000,99,99,99,99,99,99,0,0,0,1,0
48,480103,1,1,0,0,0,1,1,179,0,14,1,2011,6,99,99,0,3,3,SR-152,,263,35.51756667,-100.572061110,0,32,0,0,1,1,4,0,1,1,0,1,0,0000000,88,88,88,88,88,88,0,0,0,1,0
48,480104,1,1,0,0,0,1,1,203,4080,23,1,2011,1,11,16,1,13,2,US-80,,4,32.50406389,-94.695352780,0,42,0,0,1,1,4,0,1,1,0,1,0,0000000,11,17,11,21,11,39,0,0,0,1,0
48,480105,1,1,0,0,0,2,2,215,0,23,1,2011,1,2,30,0,6,4,ROOSEVELT RD,,0,26.23479167,-98.025905560,0,34,0,0,1,1,4,0,2,1,0,1,0,0000000,99,99,99,99,99,99,0,0,0,1,1
48,480106,1,1,0,0,0,1,1,21,0,24,1,2011,2,0,2,0,4,8,FM535,,33,29.97585556,-97.398052780,0,38,0,0,1,1,4,0,2,1,0,1,0,0000000,88,88,88,88,88,88,0,0,0,1,1
48,480107,1,1,0,0,0,1,1,21,0,24,1,2011,2,2,23,0,4,3,SR-304,,8,30.10032500,-97.352650000,0,32,0,0,1,1,4,0,2,1,0,1,0,0000000,2,43,2,46,3,21,0,0,0,1,0
48,480108,2,2,0,0,0,2,2,347,0,24,1,2011,2,6,34,0,3,3,SR-7,FM 2112,70,31.61386111,-94.522080560,0,12,6,0,2,3,1,0,2,1,0,1,0,0000000,6,38,6,53,7,11,0,0,0,1,0
48,480109,1,1,0,0,0,1,1,427,0,24,1,2011,2,7,10,0,4,8,FM 649,,249,26.44420556,-98.932055560,0,1,0,0,1,1,4,0,1,1,0,1,0,0000000,88,88,88,88,88,88,0,0,0,1,0
48,480110,1,1,0,1,1,1,1,451,6080,24,1,2011,2,18,56,0,14,8,BU67H,,35,31.45317778,-100.463247220,0,8,0,0,1,1,1,0,3,1,0,1,0,0000000,18,58,19,1,19,14,0,0,0,1,0
48,480111,1,1,0,1,1,5,5,29,6090,25,1,2011,3,21,35,1,13,8,FM 2252,,138,29.57426389,-98.377511110,0,8,0,0,1,1,1,0,3,1,0,1,0,0000000,88,88,88,88,88,88,0,0,0,1,0
48,480112,1,1,0,1,1,2,2,215,4650,25,1,2011,3,18,46,0,16,5,INSPIRATION RD,,0,26.23503333,-98.346975000,0,8,0,0,1,1,1,0,6,1,0,1,0,0000000,88,88,88,88,88,88,0,0,0,1,0
48,480113,1,1,0,0,0,1,1,439,260,25,1,2011,3,1,41,0,16,5,FIELDER RD,GREEN OAKS BLVD,0,32.77931111,-97.131361110,0,33,0,0,3,3,4,0,3,1,0,1,0,0000000,88,88,88,88,88,88,0,0,0,1,0
48,480114,1,1,0,0,0,2,2,201,0,26,1,2011,4,0,0,0,16,5,WESTHEIMER PKWY,,0,29.73702778,-95.729163890,0,42,0,0,1,1,3,0,2,10,0,10,0,0000000,0,5,0,10,1,7,0,0,0,1,1
48,480115,1,1,0,1,1,2,2,361,7200,26,1,2011,4,18,16,1,11,7,I-10,,116,30.13018056,-93.919169440,0,8,0,0,1,1,1,0,2,1,0,1,0,0000000,88,88,88,88,88,88,0,0,0,1,0
48,480116,1,1,0,1,1,1,1,375,150,26,1,2011,4,0,40,0,16,5,GEORGIA ST,,0,35.18643611,-101.866263890,0,8,0,0,1,1,1,0,3,1,0,1,0,0000000,88,88,88,88,88,88,0,0,0,1,0
48,480117,1,1,0,1,1,1,1,113,1730,27,1,2011,5,20,31,0,16,5,SHADY BROOK LN,BLACKWELL ST,0,32.86740556,-96.763491670,0,8,0,0,1,1,1,0,2,1,0,1,0,0000000,20,34,20,38,20,49,0,0,0,1,0
48,480118,2,2,0,0,0,2,2,113,2010,27,1,2011,5,13,54,0,16,5,KATHERINE CRT,ACTON AVE,0,32.64211667,-96.900963890,0,12,6,0,2,2,1,0,1,1,0,1,0,0000000,88,88,88,88,88,88,0,0,0,1,0
48,480119,2,2,0,0,0,5,5,161,0,27,1,2011,5,18,48,0,6,4,930,971,0,31.68649167,-96.417763890,0,12,6,0,3,3,1,0,2,1,0,1,0,0000000,19,9,19,29,20,24,0,0,0,1,1
48,480120,1,1,0,1,1,1,1,201,3280,27,1,2011,5,18,30,0,16,5,GESSNER,,0,29.79131389,-95.544605560,0,8,0,0,1,1,1,0,3,1,0,1,0,0000000,18,28,18,29,18,52,0,0,0,1,0
48,480122,2,2,0,0,0,2,2,439,2800,27,1,2011,5,10,30,1,12,3,SR-360,,85,32.80161111,-97.054622220,0,12,6,0,1,1,1,0,1,1,0,1,0,0000000,10,32,10,42,11,15,0,0,0,1,0
48,480123,1,1,0,0,0,1,1,453,330,27,1,2011,5,2,33,1,12,3,SR-45,,51,30.17466389,-97.888613890,0,1,0,0,1,1,3,0,2,1,0,1,0,0000000,2,33,2,38,3,14,0,0,0,1,1
48,480124,2,2,0,0,0,3,3,201,0,28,1,2011,6,12,24,1,11,1,I-45,,408,29.99491111,-95.424847220,0,25,0,0,1,1,3,0,1,1,0,1,0,0000000,12,24,12,41,13,32,19,0,0,1,0
48,480125,2,2,0,0,0,2,2,347,4810,28,1,2011,6,19,2,0,14,8,BU59,BEALL ST,199,31.62869722,-94.652511110,0,12,6,0,2,3,1,0,3,1,0,1,0,0000000,19,7,19,10,19,19,0,0,0,1,0
48,480126,3,3,0,0,0,5,5,367,7280,28,1,2011,6,11,43,1,11,1,I-20,,216,32.74386111,-97.744761110,0,12,1,0,1,1,1,1,1,1,0,1,0,0000000,99,99,99,99,99,99,0,0,0,1,0
48,480127,2,2,0,0,0,3,3,177,0,29,1,2011,7,11,17,1,2,2,US-183,,140,29.46186944,-97.437058330,0,12,6,0,8,1,1,0,1,1,0,1,0,0000000,99,99,99,99,99,99,0,0,0,1,0
48,480128,1,1,0,0,0,2,2,265,0,29,1,2011,7,0,30,0,4,3,SR-39,,166,30.06895556,-99.285969440,0,42,0,0,1,1,4,0,2,10,0,10,0,0000000,88,88,88,88,88,88,0,0,0,2,1
48,480129,1,1,0,0,0,6,6,337,0,29,1,2011,7,7,20,1,2,2,US-287,,103,33.58108889,-97.901036110,0,1,0,0,1,1,4,0,1,1,0,1,0,0000000,7,24,7,28,7,57,0,0,0,1,0
48,480130,1,1,0,1,1,1,1,29,6090,30,1,2011,1,2,40,1,13,8,SL345,DATAPOINT,243,29.51418056,-98.570405560,0,8,0,0,2,2,1,0,3,1,0,1,0,0000000,88,88,88,88,88,88,0,0,0,1,0
48,480131,2,1,1,0,0,1,1,141,2190,30,1,2011,1,21,11,1,13,3,SR-20,,139,31.83290000,-106.536927780,0,14,0,0,1,1,4,0,3,1,0,1,0,0000000,88,88,88,88,88,88,0,0,0,1,1
48,480132,2,2,0,0,0,6,6,479,3899,30,1,2011,1,10,31,1,13,3,SR-359,,61,27.48523611,-99.358441670,0,12,6,0,1,1,2,0,1,1,0,1,0,0000000,10,37,10,46,11,11,0,0,0,1,0
48,480133,2,2,0,0,0,2,2,355,1550,31,1,2011,2,16,45,1,11,1,I-37,,164,27.89402222,-97.628738890,0,12,1,0,1,1,1,0,1,10,0,10,0,0000000,99,99,99,99,99,99,0,0,0,1,0
48,480134,2,2,0,0,0,4,4,477,0,1,1,2011,7,15,4,0,4,8,FM 390,,57,30.29016389,-96.388566670,0,12,2,0,1,1,1,0,1,1,0,1,0,0000000,88,88,88,88,88,88,0,0,0,1,0
48,480135,1,1,0,1,1,1,1,139,0,5,1,2011,4,1,23,1,11,1,I-45,,192,32.48380000,-96.664319440,0,8,0,0,1,1,1,0,2,1,0,1,0,0000000,88,88,88,88,88,88,0,0,0,1,0
48,480136,1,1,0,1,1,2,2,257,0,5,1,2011,4,16,2,0,3,3,SR-34,,81,32.62746111,-96.267008330,0,8,0,0,1,1,1,0,1,1,0,1,1,0000000,88,88,88,88,88,88,0,0,0,1,0
48,480137,2,2,0,0,0,2,2,199,0,6,1,2011,5,19,53,1,2,3,SR-105,,10,30.25094444,-94.630227780,0,12,2,0,1,1,1,0,2,1,0,1,0,0000000,19,57,20,28,21,25,0,0,0,1,0
48,480138,1,1,0,0,0,1,1,231,0,6,1,2011,5,7,34,0,4,8,FM 2101,,43,33.03763333,-96.055108330,0,38,0,0,1,1,4,0,1,1,0,1,0,0000000,88,88,88,88,88,88,0,0,0,1,0
48,480139,1,1,0,0,0,1,1,339,6884,7,1,2011,6,2,20,0,14,3,SR-242,,23,30.20295000,-95.487272220,0,42,0,0,1,1,4,0,2,1,0,1,0,0000000,2,22,2,28,3,11,0,0,0,1,1
48,480140,2,2,0,0,0,3,3,85,0,9,1,2011,1,10,8,1,2,3,SR-121,,13,33.39346944,-96.388027780,0,12,6,0,1,1,1,0,1,3,0,3,0,0000000,9,56,10,8,10,54,0,0,0,1,0
48,480141,2,2,0,0,0,3,3,231,0,9,1,2011,1,11,30,1,2,3,SR-66,,78,33.08521389,-96.198863890,0,12,6,0,1,1,1,0,1,3,4,4,0,0000000,11,39,11,45,13,5,0,0,0,2,0
48,480142,2,2,0,0,0,2,2,439,2450,10,1,2011,2,14,15,0,16,5,MCCART,,0,32.68581944,-97.353136110,0,12,8,0,1,1,1,0,1,10,0,10,0,0000000,14,18,14,21,15,1,0,0,0,1,1
48,480143,1,1,0,1,1,1,1,339,0,11,1,2011,3,23,5,0,6,4,OLD HOUSTON RD,,0,30.22565000,-95.303311110,0,8,0,0,1,1,1,0,2,1,0,1,0,0000000,88,88,88,88,88,88,0,0,0,1,0
48,480144,1,1,0,0,0,3,3,231,0,12,1,2011,4,21,30,0,4,8,FM118,,18,33.20020000,-96.074002780,0,42,0,0,1,1,4,0,2,1,0,1,0,0000000,21,58,22,9,99,99,0,0,0,1,1
48,480145,3,3,0,0,0,3,3,453,0,12,1,2011,4,6,59,1,13,2,US-290,,18,30.22644167,-97.945744440,0,12,2,0,1,1,1,0,3,1,0,1,0,0000000,7,15,7,24,8,10,0,0,0,2,0
48,480146,1,1,0,0,0,1,1,157,0,13,1,2011,5,18,55,0,6,4,REESE LAKE DR,CANYON FIELDS DR,0,29.68983889,-95.827461110,0,33,0,0,3,3,4,0,3,10,0,10,0,0000000,99,99,99,99,19,7,0,0,0,1,0
48,480147,1,1,0,0,0,1,1,339,0,15,1,2011,7,7,15,0,6,4,FORD RD,,0,30.09651667,-95.211811110,0,38,0,0,1,1,4,0,1,2,0,2,0,0000000,88,88,88,88,88,88,0,0,0,1,0
48,480148,2,2,0,0,0,2,2,439,2450,15,1,2011,7,12,43,1,13,3,SR-183,,116,32.79516111,-97.300608330,0,12,6,0,8,1,1,0,1,10,0,10,0,0000000,88,88,88,88,88,88,0,0,0,1,0
48,480149,1,1,0,0,0,1,1,467,0,16,1,2011,1,0,10,1,1,1,I-20,,275,32.50605556,-95.639280560,0,30,0,0,1,1,4,0,3,2,0,2,0,0000000,88,88,88,88,88,88,0,0,0,1,0
48,480150,1,1,0,0,0,1,1,473,0,18,1,2011,3,19,40,0,4,8,FM1488,,153,30.17795000,-95.866627780,0,24,0,0,1,1,4,0,2,1,0,1,0,0000000,88,88,88,88,88,88,0,0,0,1,0
48,480151,3,3,0,0,0,3,3,57,0,19,1,2011,4,7,10,0,3,3,SR-35,,6,28.67891389,-96.452155560,0,12,7,0,1,1,1,0,1,1,0,1,0,0000000,6,54,7,8,8,11,0,0,0,1,0
48,480152,2,2,0,0,0,3,3,339,0,20,1,2011,5,4,10,0,15,8,SL 494,FARRIS GREEN RD,325,30.10513889,-95.228797220,0,12,2,0,3,3,1,0,3,10,0,10,0,0000000,4,14,4,28,5,12,0,0,0,1,1
48,480153,1,1,0,0,0,1,1,365,0,20,1,2011,5,22,23,0,5,8,FM 10,,52,32.09487222,-94.363255560,0,59,0,0,1,1,4,0,2,10,0,10,0,0000000,88,88,88,88,88,88,0,0,0,1,0
48,480154,1,1,0,0,0,1,1,471,0,21,1,2011,6,7,20,0,4,8,FM 1696,,80,30.75303889,-95.742350000,0,1,0,0,1,1,4,0,1,1,0,1,0,0000000,88,88,88,88,88,88,0,0,0,1,0
48,480155,2,2,0,0,0,5,5,201,3280,22,1,2011,7,4,32,0,16,5,DOWLING,POLK,0,29.74746944,-95.354694440,0,12,6,0,2,2,1,0,3,1,0,1,0,0000000,4,32,4,43,5,1,0,0,0,1,1
48,480156,1,1,0,0,0,1,1,339,0,23,1,2011,1,1,33,0,6,4,RAYFORD,,0,30.12741944,-95.428983330,0,26,0,0,6,1,3,0,3,1,0,1,0,435470L,88,88,88,88,88,88,0,0,0,1,1
48,480157,2,2,0,0,0,2,2,291,0,27,1,2011,5,16,44,0,3,3,SR-146,,260,30.11660833,-94.737752780,0,12,6,0,1,1,1,0,1,1,0,1,0,0000000,16,47,17,0,17,25,0,0,0,1,0
48,480158,2,2,0,0,0,3,3,449,0,27,1,2011,5,19,35,0,3,3,SR-11,FM 2348,15,33.03507778,-94.862047220,0,12,6,0,2,3,1,0,2,1,0,1,0,0000000,19,36,19,59,20,15,0,0,0,1,0
48,480159,2,2,0,0,0,2,2,51,0,28,1,2011,6,18,20,1,2,3,SR-21,,62,30.48141111,-96.760444440,0,12,6,0,1,1,1,0,5,1,0,1,0,0000000,18,19,18,29,19,4,20,0,0,1,1
48,480160,2,2,0,0,0,2,2,381,0,28,1,2011,6,17,39,0,5,8,FM 2590,SUNDOWN LN,70,35.10218889,-101.937861110,0,12,1,0,2,2,1,0,2,1,0,1,0,0000000,99,99,99,99,99,99,0,0,0,1,0
48,480161,2,2,0,0,0,4,4,5,4160,29,1,2011,7,21,34,0,15,8,SL287,FM1194,0,31.35068333,-94.764713890,0,12,6,0,2,2,1,0,3,1,0,1,0,0000000,21,40,21,44,21,58,0,0,0,1,1
48,480162,1,1,0,0,0,1,1,113,1730,29,1,2011,7,2,30,1,11,1,I-20,,55,32.67258056,-96.961041670,0,30,0,0,1,1,4,0,2,1,0,1,0,0000000,88,88,88,88,88,88,0,0,0,1,1
48,480163,1,1,0,0,0,1,1,201,0,29,1,2011,7,3,30,1,11,1,I-10,,23,29.78531111,-95.775588890,0,18,0,0,1,1,2,1,3,1,0,1,0,0000000,88,88,88,88,88,88,0,0,0,1,1
48,480164,1,1,0,1,1,1,1,201,3280,29,1,2011,7,2,44,1,13,8,FM1093,,120,29.73771944,-95.496919440,0,8,0,0,1,1,1,0,3,1,0,1,0,0000000,88,88,88,88,88,88,0,0,0,1,1
48,480165,1,1,0,0,0,3,3,375,0,29,1,2011,7,16,0,1,2,2,US-87,,102,35.61725556,-101.959733330,0,1,0,0,1,1,4,0,1,1,0,1,0,0000000,16,15,16,40,17,10,0,0,0,1,1
48,480166,1,1,0,0,0,1,1,113,1730,30,1,2011,1,20,1,0,16,5,REGAL ROW,,0,32.82848611,-96.885138890,0,33,0,0,1,1,8,0,3,1,0,1,0,0000000,99,99,99,99,99,99,0,0,0,1,0
48,480167,1,1,0,1,1,1,1,231,0,30,1,2011,1,1,50,9,9,3,SR-11,,29,33.35913889,-96.041569440,0,8,0,0,1,1,1,0,2,1,0,1,0,0000000,88,88,88,88,88,88,0,0,0,1,0
48,480168,1,1,0,0,0,1,1,467,0,30,1,2011,1,20,35,0,6,4,2304,,0,32.45010000,-95.926125000,0,38,0,0,1,1,4,0,2,1,0,1,0,0000000,88,88,88,88,88,88,0,0,0,1,1
48,480169,2,2,0,0,0,2,2,21,0,31,1,2011,2,6,34,0,3,3,SR-95,,33,30.29672222,-97.344702780,0,12,6,0,1,1,1,0,2,10,0,10,0,0000000,88,88,88,88,88,88,0,0,0,2,0
48,480170,1,1,0,0,0,4,4,47,0,31,1,2011,2,20,51,0,4,8,FM755,,96,26.85784444,-98.307766670,0,1,0,0,1,1,4,0,2,1,0,1,0,0000000,21,24,21,55,23,10,0,0,0,1,0
48,480172,1,1,0,1,1,1,1,309,5845,31,1,2011,2,18,31,1,13,2,US-77,,61,31.47299444,-97.117750000,0,8,0,0,1,1,1,0,3,10,0,10,0,0000000,18,33,18,37,18,59,0,0,0,1,0
48,480173,1,1,0,0,0,1,1,113,1730,1,2,2011,3,16,35,0,16,5,SAM HOUSTON RD,,0,32.77669444,-96.659988890,0,10,0,0,6,1,1,0,1,10,0,10,0,798432J,88,88,88,88,88,88,0,0,0,1,0
48,480174,2,1,1,0,0,1,1,157,4655,1,2,2011,3,21,12,0,16,5,CROW VALLEY DR,,0,29.56066389,-95.545113890,0,14,0,0,1,1,2,0,3,1,0,1,0,0000000,88,88,88,88,88,88,0,0,0,1,0
48,480175,2,2,0,0,0,2,2,331,0,1,2,2011,3,16,55,1,2,2,US-79,,120,30.73416389,-96.798263890,0,12,8,0,1,1,1,0,1,10,0,10,0,0000000,88,88,88,88,88,88,0,0,0,1,0
48,480176,2,2,0,0,0,6,6,27,570,2,2,2011,4,14,15,1,13,7,US-190,CONNELL,272,31.04765833,-97.472569440,0,12,6,0,2,2,1,1,1,1,0,1,0,0000000,14,17,14,25,14,45,0,0,0,1,0
48,480177,2,2,0,0,0,4,4,11,0,3,2,2011,5,16,53,1,2,2,US-287,4,32,35.17316944,-101.560577780,0,12,6,0,2,2,1,0,1,1,0,1,0,0000000,16,53,17,1,18,7,0,0,0,1,0
48,480178,1,1,0,0,0,4,4,283,0,3,2,2011,5,20,12,1,1,1,I-35,,66,28.51783333,-99.215805560,0,24,0,0,1,1,4,0,2,3,0,3,0,0000000,99,99,99,99,99,99,0,0,0,1,0
48,480179,1,1,0,0,0,2,2,297,0,3,2,2011,5,20,38,1,2,2,US-59,,119,28.33313056,-98.085058330,0,1,0,0,1,1,3,0,2,3,0,3,0,0000000,20,41,20,44,22,4,0,0,0,1,0
48,480180,3,3,0,0,0,6,6,453,0,3,2,2011,5,23,23,1,11,1,I-35,,9,30.44686111,-97.667469440,0,12,10,0,1,1,1,0,3,3,0,3,0,0000000,99,99,23,27,0,7,0,0,0,1,0
48,480181,1,1,0,0,0,2,2,479,0,3,2,2011,5,19,2,1,1,1,I-35,,72,27.76125278,-99.438061110,0,1,0,0,1,1,1,0,2,3,0,3,0,0000000,88,88,88,88,88,88,0,0,0,1,0
48,480182,1,1,0,0,0,1,1,169,0,4,2,2011,6,5,0,1,2,2,US-84,,347,33.00155833,-101.160552780,0,32,0,0,1,1,4,0,2,1,0,1,0,0000000,88,88,88,88,88,88,0,0,0,1,0
48,480183,3,1,2,1,1,1,1,201,3280,4,2,2011,6,5,50,1,11,1,I-10,,368,29.77066111,-95.214358330,0,14,0,0,1,1,2,0,2,10,0,10,0,0000000,88,88,88,88,88,88,0,0,0,1,0
48,480184,3,3,0,2,2,4,4,201,3280,4,2,2011,6,16,7,1,12,2,US-59RAMP,,82,29.72546389,-95.478433330,0,12,1,0,5,1,1,0,3,3,0,3,0,0000000,3,57,4,24,5,3,19,0,0,1,0
48,480185,1,1,0,1,1,1,1,371,0,4,2,2011,6,21,52,1,1,1,I-10,,550,30.86127500,-102.579580560,0,8,0,0,1,1,1,0,2,1,0,1,0,0000000,88,88,88,88,88,88,0,0,0,1,0
48,480186,2,2,0,0,0,2,2,213,0,5,2,2011,7,13,50,1,2,3,SR-21,,350,32.30570000,-95.567925000,0,12,6,0,1,1,1,0,1,1,0,1,0,0000000,13,54,14,3,14,48,0,0,0,1,0
48,480187,1,1,0,0,0,1,1,297,0,5,2,2011,7,0,32,0,5,8,FM 3024,,50,28.26241111,-97.932616670,0,38,0,0,1,1,4,0,2,3,0,3,0,0000000,88,88,88,88,88,88,0,0,0,1,1
48,480188,2,2,0,0,0,2,2,423,7070,5,2,2011,7,12,17,1,13,2,US-69,,124,32.36905000,-95.329866670,0,12,6,0,8,1,1,0,1,1,0,1,0,0000000,12,21,12,27,12,53,0,0,0,1,0
48,480189,1,1,0,0,0,1,1,201,0,6,2,2011,1,2,14,0,16,5,LOUETTA,,0,30.00525556,-95.552455560,0,59,0,0,1,1,4,0,2,1,0,1,0,0000000,2,15,2,26,2,44,0,0,0,1,1
48,480190,1,1,0,0,0,1,1,201,3280,6,2,2011,1,2,20,0,16,5,HOMESTEAD,,0,29.81632222,-95.301877780,0,33,0,0,1,1,2,0,3,1,0,1,0,0000000,88,88,88,88,88,88,0,0,0,1,1
48,480191,1,1,0,0,0,1,1,259,0,6,2,2011,1,10,40,1,1,1,I-10,,239,29.73870556,-98.687588890,0,35,0,0,1,1,4,0,1,1,0,1,0,0000000,88,88,88,88,88,88,0,0,0,1,0
48,480192,2,2,0,0,0,3,3,375,0,6,2,2011,1,1,15,1,13,2,US-287,FM 1912,104,35.18857222,-101.653786110,0,12,6,0,2,3,1,0,2,10,0,10,0,0000000,88,88,88,88,88,88,0,0,0,2,1
48,480193,1,1,0,0,0,1,1,469,7190,6,2,2011,1,3,37,0,16,5,DELMAR,,0,28.79126667,-96.964383330,0,42,0,0,1,1,4,0,2,10,0,10,0,0000000,88,88,88,88,88,88,0,0,0,1,1
48,480194,2,2,0,1,1,2,2,113,1730,7,2,2011,2,22,39,1,11,1,I-20,,128,32.64298611,-96.841450000,0,8,0,0,1,1,1,0,2,1,0,1,0,0000000,88,88,88,88,88,88,0,0,0,1,0
48,480195,1,1,0,1,1,2,2,201,3280,7,2,2011,2,16,15,1,12,3,SR-288,SOUTHMORE BLVD,24,29.72248889,-95.377558330,0,9,0,1,2,2,1,0,1,10,0,10,0,0000000,16,14,16,16,16,27,0,0,0,1,0
48,480196,1,1,0,0,0,2,2,201,3580,7,2,2011,2,2,44,0,16,5,KATY HOCKLEY,,0,29.81500833,-95.824544440,0,42,0,0,1,1,4,0,3,1,0,1,0,0000000,4,54,5,15,5,47,0,0,0,1,1
48,480197,2,2,0,0,0,2,2,347,0,8,2,2011,3,6,15,0,3,3,SR-21,,247,31.57312500,-94.565936110,0,12,2,0,1,1,1,0,2,1,0,1,0,0000000,6,15,6,26,6,48,0,0,0,1,0
48,480198,2,2,0,0,0,4,4,5,0,9,2,2011,4,0,35,1,2,2,US-69,,176,31.42893889,-94.813288890,0,12,2,0,1,1,1,0,3,1,0,1,0,0000000,0,45,0,54,1,26,0,0,0,1,1
48,480199,1,1,0,0,0,1,1,29,6090,9,2,2011,4,2,6,0,16,5,THOUSANDSOAKS,,0,29.54207500,-98.396763890,0,1,0,0,1,1,1,0,3,2,0,2,0,0000000,88,88,88,88,88,88,0,0,0,1,1
48,480200,1,1,0,0,0,4,4,75,0,9,2,2011,4,8,0,1,2,2,US-62,,188,34.55091389,-100.202769440,0,1,0,0,1,1,4,0,1,4,0,4,0,0000000,8,8,8,31,8,54,0,0,0,1,0
48,480201,2,2,0,1,1,2,2,201,3280,2,1,2011,1,5,0,1,12,2,US-59,,111,29.70216667,-95.515872220,0,8,0,0,1,1,1,0,2,1,0,1,0,0000000,88,88,88,88,88,88,0,0,0,1,1