STATE,ST_CASE,VE_TOTAL,VE_FORMS,PVH_INVL,PEDS,PERNOTMVIT,PERMVIT,PERSONS,COUNTY,CITY,DAY,MONTH,YEAR,DAY_WEEK,HOUR,MINUTE,NHS,ROAD_FNC,ROUTE,TWAY_ID,TWAY_ID2,MILEPT,LATITUDE,LONGITUD,SP_JUR,HARM_EV,MAN_COLL,RELJCT1,RELJCT2,TYP_INT,REL_ROAD,WRK_ZONE,LGT_COND,WEATHER1,WEATHER2,WEATHER,SCH_BUS,RAIL,NOT_HOUR,NOT_MIN,ARR_HOUR,ARR_MIN,HOSP_HR,HOSP_MN,CF1,CF2,CF3,FATALS,DRUNK_DR
48,480202,2,2,0,0,0,6,6,245,490,3,1,2011,2,2,34,0,14,8,FM364,,123,30.10496389,-94.189911110,0,12,1,0,1,1,1,0,2,1,0,1,0,0000000,2,35,2,40,3,7,0,0,0,1,1
48,480203,1,1,0,0,0,1,1,55,0,4,1,2011,3,23,15,0,4,8,FM1854,,19,29.94965556,-97.588719440,0,42,0,0,1,1,4,0,2,2,5,2,0,0000000,88,88,88,88,88,88,0,0,0,1,1
48,480204,1,1,0,0,0,1,1,491,3925,7,1,2011,6,4,46,1,13,2,US-183,,204,30.55292500,-97.841688890,0,42,0,0,1,1,4,0,2,1,0,1,0,0000000,4,48,4,52,5,25,0,0,0,1,1
48,480205,1,1,0,0,0,1,1,303,4140,11,1,2011,3,7,6,1,12,2,US-82,,194,33.59225000,-101.840672220,0,24,0,1,18,1,4,0,4,1,0,1,0,0000000,7,9,7,18,7,49,0,0,0,1,0
48,480206,2,2,0,0,0,2,2,233,780,16,1,2011,1,20,24,0,14,8,FM1551,,23,35.64053889,-101.413755560,0,12,6,0,8,1,1,0,2,5,0,5,0,0000000,88,88,88,88,88,88,0,0,0,1,2
48,480207,1,1,0,2,2,1,1,85,4230,18,1,2011,3,20,36,1,12,2,US-75,,129,33.22778333,-96.633522220,0,8,0,0,1,1,1,1,2,1,0,1,0,0000000,20,41,20,51,21,18,0,0,0,1,1
48,480208,2,2,0,0,0,3,3,135,5030,22,1,2011,7,19,30,1,13,2,US-385,,182,31.90351389,-102.391683330,0,12,1,0,1,1,1,0,3,1,0,1,0,0000000,19,33,19,36,19,52,0,0,0,1,2
48,480209,2,2,0,0,0,2,2,201,3280,29,1,2011,7,1,30,1,11,1,I-10RAMP,I-610,337,29.77264722,-95.265261110,0,12,2,1,5,1,1,0,3,1,0,1,0,0000000,1,42,1,48,2,46,0,0,0,1,1
48,480210,1,1,0,0,0,1,1,339,0,30,1,2011,1,4,30,0,6,4,NICHOLS SAWMILL RD,,0,30.15824444,-95.752972220,0,32,0,0,1,1,4,0,2,1,0,1,0,0000000,88,88,88,88,88,88,0,0,0,1,1
48,480212,1,1,0,0,0,1,1,183,0,12,2,2011,7,7,10,0,14,3,SR-42,,60,32.47026111,-94.850633330,0,42,0,0,1,1,4,0,2,1,0,1,0,0000000,88,88,88,88,88,88,0,0,0,1,1
48,480213,1,1,0,1,1,2,2,355,1550,12,2,2011,7,0,2,0,16,5,EMBASSY,,0,27.71527500,-97.389561110,0,8,0,0,8,1,1,0,3,1,0,1,0,0000000,88,88,88,88,88,88,0,0,0,1,0
48,480214,3,3,0,0,0,6,6,85,1535,13,2,2011,1,14,10,0,3,3,SR-78,546,228,33.08052222,-96.424358330,0,12,1,0,2,2,1,0,1,1,0,1,0,0000000,14,28,14,42,15,19,0,0,0,1,0
48,480215,1,1,0,0,0,2,2,113,1730,13,2,2011,1,4,38,1,11,1,I-35,,104,32.70098889,-96.824238890,0,21,0,1,18,1,4,0,3,1,0,1,0,0000000,4,37,4,41,5,14,0,0,0,2,0
48,480216,1,1,0,0,0,1,1,113,2800,13,2,2011,1,13,13,0,16,5,TARRANT RD,,0,32.75708889,-97.026155560,0,30,0,0,1,1,4,0,1,1,0,1,0,0000000,88,88,88,88,88,88,0,0,0,1,0
48,480217,1,1,0,0,0,2,2,281,0,13,2,2011,1,15,25,1,2,2,US-281,,199,31.16455000,-98.176147220,0,24,0,0,1,1,4,0,1,1,0,1,0,0000000,15,29,15,59,16,30,0,0,0,2,0
48,480218,1,1,0,0,0,1,1,373,0,13,2,2011,1,5,0,1,2,2,US-59,,380,30.69552500,-94.954113890,0,24,0,0,1,1,4,0,2,1,0,1,0,0000000,88,88,88,88,88,88,0,0,0,1,1
48,480219,2,2,0,0,0,3,3,485,7490,13,2,2011,1,21,16,1,13,8,BU277A,,51,33.90427222,-98.537591670,0,12,2,0,1,1,1,0,3,1,0,1,0,0000000,21,25,21,26,21,38,0,0,0,2,1
48,480220,1,1,0,0,0,2,2,499,0,13,2,2011,1,16,10,0,4,8,FM 1795,,9,32.65409444,-95.164100000,0,1,0,0,1,1,1,0,1,1,0,1,0,0000000,16,13,16,35,17,17,0,0,0,2,0
48,480221,1,1,0,1,1,1,1,347,4810,14,2,2011,2,22,24,0,14,8,BUS 59F,,185,31.64843611,-94.655169440,0,8,0,0,8,1,1,0,3,1,0,1,0,0000000,22,29,22,31,88,88,0,0,0,1,0
48,480222,2,2,0,0,0,2,2,453,330,14,2,2011,2,9,43,0,16,5,SLAUGHTER LANE,,0,30.17333611,-97.800811110,0,12,6,0,8,1,1,0,1,10,0,10,0,0000000,9,44,9,52,10,6,0,0,0,1,0
48,480223,1,1,0,1,1,2,2,29,6090,15,2,2011,3,19,44,0,16,5,FOSTER RD,,0,29.46990278,-98.359422220,0,8,0,0,1,1,1,0,2,1,0,1,0,0000000,99,99,99,99,99,99,0,0,0,1,0
48,480225,2,2,0,0,0,4,4,185,0,16,2,2011,4,8,26,0,3,3,SR-90,,306,30.44104444,-96.030980560,0,12,6,0,1,1,1,0,1,10,0,10,0,0000000,8,42,8,53,9,21,0,0,0,1,0
48,480226,3,3,0,0,0,3,3,325,0,16,2,2011,4,7,59,1,2,2,US-90,COUNTY ROAD 4712,91,29.35525278,-98.838819440,0,12,6,0,2,3,1,0,1,2,0,2,0,0000000,8,7,8,10,8,39,0,0,0,1,0
48,480227,2,2,0,0,0,3,3,361,5100,16,2,2011,4,7,4,0,3,3,SR-62N,,57,30.18440278,-93.856466670,0,12,6,0,1,1,1,0,4,5,0,5,0,0000000,7,1,7,16,8,10,0,0,0,2,0
48,480228,2,2,0,0,0,3,3,203,4360,17,2,2011,5,7,15,0,14,8,FM 1998,SL 390,104,32.54536389,-94.298461110,0,12,6,0,2,2,1,0,1,1,0,1,0,0000000,99,99,99,99,99,99,0,0,0,1,0
48,480229,2,2,0,0,0,3,3,199,0,18,2,2011,6,16,26,0,3,8,FM 92,,105,30.37523889,-94.173066670,0,12,6,0,1,1,1,0,1,1,0,1,0,0000000,16,27,16,36,17,25,0,0,0,2,0
48,480230,3,3,0,0,0,3,3,251,1370,18,2,2011,6,5,49,1,12,2,US-67,,38,32.35546944,-97.445169440,0,12,2,0,1,1,1,1,2,1,0,1,0,0000000,5,54,6,6,6,53,14,0,0,1,0
48,480231,3,3,0,0,0,4,4,291,1770,18,2,2011,6,23,37,0,3,3,SR-146,,83,29.92637500,-94.901319440,0,12,2,0,1,1,1,1,2,5,0,5,0,0000000,23,38,23,47,1,50,0,0,0,1,0
48,480232,1,1,0,0,0,1,1,29,6090,19,2,2011,7,1,6,0,16,5,RITTIMAN,,0,29.48306111,-98.369925000,0,10,0,0,6,1,1,0,3,10,0,10,0,764362W,88,88,88,88,88,88,0,0,0,1,1
48,480233,3,3,0,0,0,6,6,121,1840,19,2,2011,7,0,5,1,11,1,I-35,,163,33.17571667,-97.093263890,0,12,7,0,1,1,1,0,2,1,0,1,0,0000000,88,88,88,88,88,88,0,0,0,1,0
48,480234,2,2,0,1,1,2,2,201,0,20,2,2011,1,3,28,0,6,4,VETERANS MEMORIAL DR,,0,29.95778611,-95.475477780,0,8,0,0,1,1,1,0,3,10,0,10,0,0000000,88,88,88,88,88,88,0,0,0,1,0
48,480235,1,1,0,0,0,1,1,297,0,21,2,2011,2,20,19,0,4,8,FM534,,40,28.06311944,-97.951955560,0,53,0,0,1,1,4,0,3,1,0,1,0,0000000,88,88,88,88,88,88,0,0,0,1,1
48,480236,1,1,0,0,0,1,1,441,30,21,2,2011,2,1,53,1,12,8,SL322,,54,32.39315278,-99.720047220,0,38,0,0,1,1,4,0,2,1,0,1,0,0000000,99,99,99,99,99,99,0,0,0,1,1
48,480237,1,1,0,1,1,1,1,29,6090,24,2,2011,5,17,1,1,13,8,SL368,JOSEPHINE ST,178,29.44447778,-98.476275000,0,8,0,0,2,2,1,0,1,1,0,1,0,0000000,99,99,99,99,99,99,0,0,0,1,0
48,480238,2,2,0,0,0,2,2,29,6090,25,2,2011,6,7,40,1,11,1,I-37,,111,29.42240000,-98.480705560,0,25,0,0,1,1,3,0,1,1,0,1,0,0000000,88,88,88,88,88,88,0,0,0,1,0
48,480239,2,2,0,0,0,4,4,113,1730,25,2,2011,6,2,26,1,11,1,I-45,,125,32.70548889,-96.754236110,0,12,2,0,1,1,1,0,3,1,0,1,0,0000000,2,42,2,50,3,18,0,0,0,2,1
48,480240,1,1,0,0,0,1,1,199,0,25,2,2011,6,18,20,0,4,8,FM421,,25,30.19773611,-94.362344440,0,42,0,0,1,1,4,0,5,1,0,1,0,0000000,88,88,88,88,88,88,0,0,0,1,0
48,480241,2,2,0,0,0,2,2,199,0,26,2,2011,7,18,55,1,2,3,SR-105,,104,30.14956111,-94.454788890,0,12,2,0,1,1,1,0,2,10,0,10,0,0000000,19,2,19,26,20,16,0,0,0,1,0
48,480242,3,3,0,0,0,5,5,113,2010,27,2,2011,1,17,33,1,11,7,I-20,DUNCANVILLE RD,86,32.66463333,-96.908450000,0,12,6,1,2,2,1,0,1,10,0,10,0,0000000,17,36,17,39,18,7,0,0,0,1,0
48,480243,2,2,0,0,0,5,5,201,3280,9,1,2011,1,3,50,1,12,2,US-290,,350,29.83699444,-95.487491670,0,12,6,0,1,1,1,0,3,10,0,10,0,0000000,3,59,4,15,4,37,0,0,0,1,1
48,480244,2,2,0,0,0,3,3,401,3120,18,1,2011,3,16,50,0,14,8,FM13,,100,32.15555000,-94.759863890,0,12,2,0,8,1,1,0,1,1,0,1,0,0000000,16,58,17,4,17,59,0,0,0,1,0
48,480245,1,1,0,1,1,1,1,453,330,1,2,2011,3,15,59,0,16,5,GUADALUPE,,0,30.30650556,-97.735802780,0,8,0,0,1,1,1,0,1,1,0,1,0,0000000,16,0,16,4,16,29,0,0,0,1,0
48,480246,1,1,0,0,0,1,1,143,0,20,1,2011,5,17,46,0,4,8,FM 219,,77,32.00520278,-98.276783330,0,35,0,0,1,1,4,0,5,1,0,1,0,0000000,88,88,88,88,88,88,0,0,0,1,0
48,480247,1,1,0,0,0,1,1,251,0,3,2,2011,5,19,23,0,6,4,915A,,0,32.52392778,-97.454702780,0,42,0,0,1,1,4,0,2,98,0,98,0,0000000,88,88,88,88,88,88,0,0,0,1,1
48,480248,1,1,0,0,0,2,2,439,2450,4,2,2011,6,17,15,0,16,5,VICKERY,,0,32.71903889,-97.387822220,0,42,0,0,1,1,4,0,1,1,0,1,0,0000000,88,88,88,88,88,88,0,0,0,1,1
48,480250,2,2,0,0,0,3,3,453,330,5,2,2011,7,13,40,1,12,2,US-183,,111,30.22946667,-97.683136110,0,12,6,0,7,1,1,0,1,1,0,1,0,0000000,13,40,13,44,14,16,0,0,0,1,0
48,480251,1,1,0,0,0,1,1,221,2780,6,2,2011,1,4,30,0,4,8,FM 167,,113,32.45534167,-97.688530560,0,42,0,0,1,1,4,0,2,1,0,1,0,0000000,88,88,88,88,88,88,0,0,0,1,0
48,480252,3,3,0,0,0,4,4,195,0,8,2,2011,3,11,11,0,4,3,SR-136,,198,36.39568889,-101.406255560,0,12,2,0,1,1,1,0,1,11,0,11,0,0000000,11,6,11,28,12,10,0,0,0,1,0
48,480253,2,2,0,0,0,13,13,453,330,11,2,2011,6,13,31,0,16,5,GEORGIAN,,0,30.35403611,-97.698155560,0,12,2,0,1,1,1,0,1,1,0,1,0,0000000,99,99,99,99,99,99,20,0,0,1,1
48,480254,1,1,0,0,0,1,1,201,0,12,2,2011,7,6,57,0,16,5,DE ZAVALLA,,0,29.77155833,-95.121647220,0,34,0,0,1,1,4,0,2,1,0,1,0,0000000,88,88,88,88,88,88,0,0,0,1,1
48,480255,2,2,0,0,0,4,4,201,3280,14,2,2011,2,17,0,0,16,5,ALMEDA GENOA RD,MARTINDALE RD,0,29.62096111,-95.323894440,0,12,6,0,2,3,1,0,1,1,0,1,0,0000000,88,88,88,88,88,88,0,0,0,1,1
48,480256,1,1,0,0,0,2,2,361,0,15,2,2011,3,12,35,1,11,1,I-10,,154,30.12718333,-93.853002780,0,32,0,0,1,1,4,0,1,1,0,1,0,0000000,12,23,12,38,13,14,0,0,0,1,0
48,480257,1,1,0,0,0,1,1,365,0,15,2,2011,3,17,42,0,5,8,FM 3359,,62,32.09253611,-94.069791670,0,1,0,0,1,1,1,0,5,1,0,1,0,0000000,99,99,99,99,99,99,0,0,0,1,0
48,480258,2,2,0,0,0,5,5,453,330,15,2,2011,3,11,39,1,11,7,I-35,15TH ST,184,30.27477222,-97.731758330,0,12,6,1,2,2,1,0,1,99,0,99,0,0000000,11,39,11,41,12,37,0,0,0,1,0
48,480260,2,2,0,0,0,2,2,467,0,17,2,2011,5,10,32,0,3,3,SR-19,,19,32.74941944,-95.814727780,0,12,6,0,1,1,1,0,1,1,0,1,0,0000000,11,36,11,40,12,44,0,0,0,1,0
48,480261,1,1,0,0,0,7,7,467,0,17,2,2011,5,14,32,0,4,8,FM17,,104,32.57292778,-95.831166670,0,1,0,0,1,1,1,0,1,10,0,10,0,0000000,14,36,14,45,16,10,0,0,0,1,0
48,480262,1,1,0,1,1,2,2,27,3690,18,2,2011,6,23,58,1,13,8,FM3470,BUNNY TRL,36,31.08558611,-97.785075000,0,8,0,0,2,3,1,0,2,1,0,1,0,0000000,99,99,99,99,99,99,0,0,0,1,0
48,480263,1,1,0,0,0,1,1,73,3470,19,2,2011,7,23,31,0,14,3,SR-204,,112,31.95380000,-95.218291670,0,59,0,0,1,1,4,0,2,1,0,1,0,0000000,23,32,23,33,23,48,0,0,0,1,1
48,480264,1,1,0,0,0,1,1,183,3680,19,2,2011,7,17,37,1,13,3,SR-135,,201,32.39409444,-94.892241670,0,1,0,0,1,1,1,0,1,1,0,1,0,0000000,99,99,17,41,18,15,0,0,0,1,1
48,480265,3,3,0,0,0,4,4,201,3280,19,2,2011,7,10,40,1,12,7,SR-249,FM1960,143,29.96127500,-95.547066670,0,12,6,1,2,2,1,0,1,1,0,1,0,0000000,10,44,10,58,11,25,0,0,0,1,0
48,480266,1,1,0,0,0,1,1,401,0,19,2,2011,7,23,20,0,6,4,401,,0,32.10380833,-94.827719440,0,1,0,0,1,1,4,0,2,1,0,1,0,0000000,88,88,88,88,88,88,0,0,0,1,1
48,480267,1,1,0,0,0,1,1,101,0,20,2,2011,1,18,37,0,5,8,FM1038,,43,33.96229722,-100.275136110,0,38,0,0,1,1,4,0,2,1,0,1,0,0000000,88,88,88,88,88,88,0,0,0,1,1
48,480268,2,2,0,0,0,2,2,167,3179,20,2,2011,1,18,45,0,3,3,SR-124,,125,29.56037500,-94.393672220,0,12,2,0,1,1,1,0,5,1,0,1,0,0000000,88,88,88,88,88,88,0,0,0,1,1
48,480269,1,1,0,0,0,3,3,423,0,20,2,2011,1,6,51,0,6,4,4119,,0,32.56836111,-95.457030560,0,42,0,0,1,1,4,0,2,1,0,1,0,0000000,88,88,88,88,88,88,0,0,0,3,1
48,480270,1,1,0,1,1,1,1,453,330,20,2,2011,1,23,41,0,16,5,RIVERSIDE DR,,0,30.23571111,-97.724847220,0,8,0,0,1,1,1,0,3,1,0,1,0,0000000,23,42,23,45,0,2,0,0,0,1,0
48,480271,2,2,0,0,0,2,2,365,0,22,2,2011,3,6,0,1,2,2,US-79,FM 31,99,32.30366111,-94.166744440,0,12,6,0,2,2,1,0,1,1,0,1,0,0000000,6,12,6,33,7,17,0,0,0,1,0
48,480272,2,2,0,0,0,4,4,19,0,23,2,2011,4,7,12,0,4,4,FM 1283,LAKE WOOD DR,79,29.62150556,-98.937452780,3,12,6,0,2,3,1,0,1,2,0,2,0,0000000,7,45,7,55,8,43,0,0,0,1,0
48,480273,1,1,0,0,0,1,1,201,0,23,2,2011,4,16,45,1,2,2,US-290,,3,30.06889444,-95.922069440,0,52,0,1,18,1,3,0,1,10,0,10,0,0000000,88,88,88,88,88,88,0,0,0,1,0
48,480274,1,1,0,0,0,1,1,217,0,23,2,2011,4,2,15,0,4,3,SR-171,,162,32.08490833,-97.185488890,0,32,0,0,1,1,4,0,2,1,0,1,0,0000000,88,88,88,88,88,88,0,0,0,1,0
48,480275,2,2,0,0,0,3,3,467,0,23,2,2011,4,16,22,0,3,3,SR-19,,140,32.48490000,-95.858511110,0,12,2,0,1,1,1,0,1,1,0,1,0,0000000,88,88,88,88,88,88,0,0,0,3,0
48,480276,3,3,0,0,0,4,4,201,0,25,2,2011,6,23,10,0,6,4,BELTWAY 8,WILSON,0,29.93510556,-95.249622220,0,12,6,1,2,2,1,0,3,10,0,10,0,0000000,23,16,23,21,23,49,0,0,0,1,2
48,480277,1,1,0,1,1,1,1,371,2440,25,2,2011,6,23,50,1,11,1,I-10,,62,30.90657222,-102.898469440,0,8,0,0,1,1,1,0,2,1,0,1,0,0000000,23,54,23,57,88,88,0,0,0,1,0
48,480278,1,1,0,2,2,1,1,201,5230,26,2,2011,7,18,42,0,16,5,SPENCER,,0,29.66537500,-95.139927780,0,8,0,0,8,1,11,0,2,1,0,1,0,0000000,18,45,18,49,19,23,0,0,0,1,0
48,480279,1,1,0,0,0,4,4,113,3420,27,2,2011,1,2,28,1,12,8,SS 482,,84,32.83754444,-96.907783330,0,1,0,0,1,1,4,1,3,2,0,2,0,0000000,2,29,2,38,2,59,0,0,0,1,1
48,480280,3,3,0,0,0,7,7,201,0,27,2,2011,1,10,50,0,6,5,SPRING CYPRESS RD,,0,30.04240556,-95.544991670,0,12,6,0,1,1,1,0,1,1,0,1,0,0000000,10,58,11,12,11,54,0,0,0,1,0
48,480281,1,1,0,0,0,1,1,439,260,27,2,2011,1,3,34,0,16,5,BOWEN,,0,32.74361944,-97.149377780,0,53,0,0,1,1,4,0,3,10,0,10,0,0000000,3,34,3,39,4,5,0,0,0,1,1
48,480282,2,2,0,0,0,2,2,157,4655,28,2,2011,2,17,0,1,13,3,SR-6,,115,29.52570556,-95.496400000,0,12,1,0,1,1,1,0,2,1,0,1,0,0000000,88,88,88,88,88,88,0,0,0,1,0
48,480283,1,1,0,1,1,1,1,201,0,28,2,2011,2,20,5,1,13,8,BU90U,,325,29.85671111,-95.154261110,0,9,0,0,1,1,1,0,2,1,0,1,0,0000000,99,99,99,99,99,99,0,0,0,1,0
48,480284,2,2,0,0,0,2,2,213,4801,28,2,2011,2,2,40,1,2,3,SR-31,,184,32.27960556,-95.746955560,0,12,6,0,1,1,1,0,2,10,0,10,0,0000000,88,88,88,88,88,88,0,0,0,1,0
48,480287,1,1,0,0,0,2,2,105,0,5,3,2011,7,19,30,0,4,2,US-190,,34,30.90072222,-101.827183330,0,52,0,0,1,1,4,0,2,1,0,1,0,0000000,99,99,99,99,99,99,0,0,0,1,0
48,480288,1,1,0,0,0,2,2,201,0,5,3,2011,7,4,36,0,6,4,GRANT,,0,29.96723611,-95.577619440,0,33,0,0,1,1,4,0,2,2,0,2,0,0000000,4,39,4,43,6,13,0,0,0,1,1
48,480289,1,1,0,0,0,1,1,29,6090,6,3,2011,1,22,15,1,11,1,I-10,,23,29.61964722,-98.607919440,0,57,0,0,1,1,3,1,2,1,0,1,0,0000000,88,88,88,88,88,88,0,0,0,1,1
48,480290,2,2,0,0,0,2,2,203,0,6,3,2011,1,5,25,0,4,3,SR-154,,39,32.67338056,-94.643713890,0,12,2,0,1,1,1,0,2,1,0,1,0,0000000,5,25,5,35,6,13,0,0,0,1,1
48,480291,1,1,0,0,0,1,1,453,330,6,3,2011,1,19,12,0,16,5,SOUTHWEST PKWY,,0,30.24148056,-97.836605560,0,42,0,0,1,1,3,0,2,1,0,1,0,0000000,88,88,88,88,88,88,0,0,0,1,0
48,480292,1,1,0,0,0,1,1,201,0,7,3,2011,2,2,0,0,16,5,LAUDER RD,,0,29.91088333,-95.325472220,0,32,0,0,1,1,4,0,2,10,0,10,0,0000000,88,88,88,88,88,88,0,0,0,1,1
48,480294,1,1,0,0,0,2,2,161,0,9,2,2011,4,9,27,1,1,1,I-45,,158,31.69353889,-96.168130560,0,1,0,0,1,1,4,0,1,3,0,3,0,0000000,99,99,99,99,99,99,0,0,0,1,0
48,480295,1,1,0,0,0,1,1,373,0,9,2,2011,4,20,41,0,3,2,US-287,,25,31.00656111,-94.962300000,0,42,0,0,1,1,4,0,2,1,0,1,0,0000000,88,88,88,88,88,88,0,0,0,1,1
48,480296,1,1,0,0,0,1,1,439,260,9,2,2011,4,16,20,1,11,1,I-20,,93,32.67767222,-97.101052780,0,1,0,0,1,1,1,0,1,1,0,1,0,0000000,88,88,88,88,88,88,0,0,0,1,0
48,480297,1,1,0,0,0,1,1,91,4870,10,2,2011,5,2,22,1,11,7,I-35,,85,29.71375556,-98.089522220,0,33,0,0,1,1,4,0,3,1,0,1,0,0000000,88,88,88,88,88,88,20,0,0,1,1
48,480298,1,1,0,0,0,1,1,201,0,10,2,2011,5,15,4,0,14,8,FM525,,16,29.93178611,-95.385102780,0,32,0,0,1,1,4,0,1,1,0,1,0,0000000,88,88,88,88,88,88,0,0,0,1,0
48,480299,2,2,0,0,0,3,3,339,0,4,2,2011,6,6,45,1,2,3,SR-105,,305,30.33300833,-95.332675000,0,23,0,0,1,1,4,0,2,3,0,3,0,0000000,88,88,88,88,88,88,0,0,0,2,0
48,480300,2,2,0,0,0,5,5,3,0,5,2,2011,7,13,34,0,3,8,FM1788,,125,32.15178611,-102.336616670,0,12,2,0,1,1,2,0,1,1,0,1,0,0000000,88,88,88,88,88,88,0,0,0,5,1
48,480301,1,1,0,0,0,2,2,115,0,6,2,2011,1,1,45,1,2,3,SR-137,,49,32.89737778,-102.096302780,0,1,0,0,1,1,4,0,2,1,0,1,0,0000000,1,57,2,10,2,46,0,0,0,1,1
48,480302,1,1,0,0,0,1,1,185,0,6,2,2011,1,16,28,0,4,8,FM 244,,31,30.57288333,-96.053636110,0,1,0,0,1,1,4,0,1,1,0,1,0,0000000,16,28,16,49,17,39,0,0,0,1,1
48,480303,1,1,0,0,0,1,1,507,0,6,2,2011,1,16,30,0,5,8,FM 2691,,148,28.68230278,-100.042705560,0,43,0,0,1,1,4,0,1,1,0,1,0,0000000,88,88,88,88,88,88,0,0,0,1,0
48,480304,2,2,0,0,0,2,2,339,6884,7,2,2011,2,17,45,0,16,5,MILLBEND,SAWDUST,0,30.13345278,-95.472341670,0,1,0,0,2,3,1,0,1,1,0,1,0,0000000,17,46,17,54,18,16,0,0,0,1,0
48,480305,1,1,0,0,0,1,1,291,0,8,2,2011,3,15,28,1,2,3,SR-105,,31,30.32206389,-95.044641670,0,24,0,0,1,1,4,0,1,1,0,1,0,0000000,99,99,99,99,99,99,0,0,0,1,0
48,480306,2,2,0,0,0,3,3,201,3280,12,2,2011,7,10,4,0,19,2,US-90,,99999,99.99990000,999.999900000,0,12,2,0,1,1,1,0,1,1,0,1,0,0000000,10,4,10,10,10,43,0,0,0,1,0
48,480307,1,1,0,0,0,3,3,201,3280,13,2,2011,1,23,50,1,12,2,US-59RAMP,,37,29.66696111,-95.552130560,0,1,0,1,5,1,10,0,3,10,0,10,0,0000000,23,50,0,1,0,32,0,0,0,1,1
48,480308,1,1,0,0,0,1,1,215,0,15,2,2011,3,23,15,0,15,8,FM 493,,207,26.20651389,-98.037127780,0,1,0,0,1,1,4,0,2,1,0,1,0,0000000,88,88,88,88,88,88,0,0,0,1,1
48,480309,1,1,0,0,0,1,1,3,0,16,2,2011,4,11,35,0,3,8,FM 1788,,161,32.09711667,-102.304547220,0,1,0,0,1,1,4,0,1,1,0,1,0,0000000,88,88,88,88,88,88,0,0,0,1,0
48,480310,2,2,0,0,0,6,6,201,3280,16,2,2011,4,15,8,1,11,7,I-610,CRESTMONT,101,29.68848889,-95.331866670,0,12,6,1,2,2,1,0,1,10,0,10,0,0000000,15,8,15,38,15,54,0,0,0,1,0
48,480311,1,1,0,0,0,1,1,285,0,16,2,2011,4,0,30,0,4,3,SR-111,,171,29.17036389,-96.926644440,0,42,0,0,1,1,4,0,2,1,0,1,0,0000000,88,88,88,88,88,88,0,0,0,1,1
48,480312,3,3,0,0,0,5,5,487,7180,19,2,2011,7,10,40,1,13,2,US-183,BISMARK,31,34.14710278,-99.284341670,0,12,6,0,2,2,1,0,1,1,0,1,0,0000000,10,41,10,46,99,99,0,0,0,1,0
48,480313,2,2,0,0,0,2,2,61,0,21,2,2011,2,9,20,0,4,8,FM 800,FM1479,124,26.11977778,-97.732230560,0,12,6,0,2,2,1,0,1,1,0,1,0,0000000,9,23,9,31,9,54,0,0,0,1,0
48,480314,2,2,0,0,0,2,2,61,940,23,2,2011,4,23,33,0,14,8,FM 1847,EVENT CENTER,117,25.95971944,-97.486205560,0,12,6,0,8,1,1,0,3,1,0,1,0,0000000,23,33,23,41,23,56,0,0,0,1,1
48,480315,1,1,0,1,1,1,1,113,1730,23,2,2011,4,6,19,0,16,5,MEYERS,,0,32.77094722,-96.765752780,0,8,0,0,1,1,1,0,3,10,0,10,0,0000000,6,24,6,26,6,42,0,0,0,1,0
48,480316,2,2,0,0,0,2,2,181,6350,23,2,2011,4,20,49,1,13,2,US-82,,223,33.67098056,-96.637919440,0,1,0,0,1,1,1,0,2,10,0,10,0,0000000,88,88,88,88,88,88,0,0,0,1,0
48,480317,3,3,0,0,0,5,5,439,260,24,2,2011,5,14,19,1,13,8,SP 303,DANIEL,189,32.70803333,-97.089447220,0,12,6,0,2,2,1,0,1,1,0,1,0,0000000,14,19,14,23,15,3,0,0,0,1,0
48,480318,2,2,0,0,0,2,2,39,0,26,2,2011,7,18,23,1,2,3,SR-36,,241,29.02130833,-95.556300000,0,1,0,0,8,1,1,0,2,1,0,1,0,0000000,88,88,88,88,88,88,0,0,0,1,0
48,480319,1,1,0,0,0,1,1,141,2190,26,2,2011,7,0,35,1,13,3,SR-20,,160,31.81106111,-106.512366670,0,33,0,0,1,1,4,0,3,1,0,1,0,0000000,88,88,88,88,88,88,0,0,0,1,1
48,480320,1,1,0,0,0,4,4,13,0,27,2,2011,1,16,40,0,4,8,FM 140,,96,28.82300278,-98.681777780,0,42,0,0,1,1,4,0,1,1,0,1,0,0000000,16,18,16,43,17,4,0,0,0,1,0
48,480321,1,1,0,0,0,1,1,135,0,27,2,2011,1,1,45,0,6,4,GOLDENROD DR,,0,32.03968889,-102.296744440,0,38,0,0,1,1,4,0,2,1,0,1,0,0000000,88,88,88,88,88,88,0,0,0,1,1
48,480322,2,2,0,0,0,3,3,39,0,1,3,2011,3,9,3,0,4,8,FM 1459,359,81,29.07852500,-95.689200000,0,1,0,0,2,2,1,0,1,1,0,1,0,0000000,9,8,9,29,10,16,0,0,0,1,0
48,480323,1,1,0,1,1,1,1,355,1550,1,3,2011,3,6,13,1,12,3,SR-358RAMP,,148,27.67565278,-97.301319440,0,8,0,0,5,1,1,0,3,1,0,1,0,0000000,6,13,6,21,6,39,0,0,0,1,0
48,480324,1,1,0,0,0,1,1,91,0,2,3,2011,4,17,0,0,6,4,MYSTIC,,0,29.92441667,-98.323975000,0,1,0,0,1,1,4,0,1,1,0,1,0,0000000,17,16,17,28,17,49,0,0,0,1,0