STATE,ST_CASE,VE_TOTAL,VE_FORMS,PVH_INVL,PEDS,PERNOTMVIT,PERMVIT,PERSONS,COUNTY,CITY,DAY,MONTH,YEAR,DAY_WEEK,HOUR,MINUTE,NHS,ROAD_FNC,ROUTE,TWAY_ID,TWAY_ID2,MILEPT,LATITUDE,LONGITUD,SP_JUR,HARM_EV,MAN_COLL,RELJCT1,RELJCT2,TYP_INT,REL_ROAD,WRK_ZONE,LGT_COND,WEATHER1,WEATHER2,WEATHER,SCH_BUS,RAIL,NOT_HOUR,NOT_MIN,ARR_HOUR,ARR_MIN,HOSP_HR,HOSP_MN,CF1,CF2,CF3,FATALS,DRUNK_DR
48,480325,2,2,0,0,0,2,2,113,1730,2,3,2011,4,17,35,0,16,5,BENNETT,MANETT,0,32.81400000,-96.783286110,0,1,0,0,2,2,1,0,1,1,0,1,0,0000000,17,35,17,39,17,57,0,0,0,1,0
48,480326,2,2,0,0,0,3,3,3,0,3,3,2011,5,6,43,0,4,3,SR-176,,463,32.24053611,-102.372966670,0,12,1,0,1,1,1,0,4,5,0,5,0,0000000,6,43,7,5,7,48,0,0,0,1,1
48,480327,1,1,0,1,1,2,2,113,1730,3,3,2011,5,23,10,1,13,8,SL354,,97,32.86051389,-96.880813890,0,8,0,0,1,1,1,0,3,1,0,1,0,0000000,23,17,23,23,23,37,0,0,0,1,0
48,480328,2,2,0,0,0,2,2,201,3280,3,3,2011,5,8,19,1,11,1,I-610,,65,29.80809444,-95.334463890,0,12,1,1,18,1,2,0,1,5,0,5,0,0000000,8,19,8,23,8,49,0,0,0,1,0
48,480329,2,2,0,0,0,2,2,29,6090,4,3,2011,6,9,5,1,12,3,SR-151,,42,29.44305556,-98.663430560,0,12,6,0,1,1,1,0,1,1,0,1,0,0000000,9,11,9,20,9,51,0,0,0,1,0
48,480330,3,3,0,0,0,3,3,113,2800,4,3,2011,6,22,43,1,11,1,I-20,,129,32.67740278,-97.057241670,0,12,1,0,1,1,1,1,2,1,0,1,0,0000000,88,88,88,88,88,88,0,0,0,1,1
48,480331,1,1,0,0,0,10,10,439,2990,4,3,2011,6,15,50,1,12,3,SR-121,,52,32.77307778,-97.292283330,0,42,0,0,1,1,10,0,1,1,0,1,0,0000000,15,57,16,7,16,30,0,0,0,3,1
48,480332,2,2,0,0,0,2,2,5,1900,5,3,2011,7,10,53,1,13,2,US-59,,86,31.21308611,-94.774761110,0,12,1,0,1,1,1,0,1,1,0,1,0,0000000,99,99,99,99,99,99,0,0,0,1,1
48,480333,1,1,0,0,0,1,1,27,3027,5,3,2011,7,2,35,0,16,5,MOUNTAIN LION RD,,0,31.06027778,-97.677533330,0,33,0,0,1,1,4,0,2,1,0,1,0,0000000,2,35,2,42,3,9,0,0,0,1,0
48,480334,1,1,0,1,1,3,3,61,940,5,3,2011,7,0,18,1,12,2,US-77,,288,26.02505833,-97.531869440,0,8,0,0,1,1,1,0,2,1,0,1,0,0000000,88,88,88,88,88,88,0,0,0,1,0
48,480335,2,2,0,0,0,5,5,309,0,5,3,2011,7,10,5,0,3,2,US-84,FM939,181,31.64180000,-96.891925000,0,12,6,0,2,2,1,0,1,10,0,10,0,0000000,10,14,10,27,11,3,0,0,0,4,1
48,480337,1,1,0,1,1,2,2,215,0,6,3,2011,1,19,0,0,3,2,US-281,,653,26.08731389,-97.931400000,0,8,0,0,1,1,1,1,2,1,0,1,0,0000000,88,88,88,88,88,88,23,0,0,1,0
48,480338,2,2,0,0,0,3,3,355,1550,7,3,2011,2,13,14,1,12,2,US-181,,26,27.82946389,-97.387163890,0,12,1,0,1,1,1,1,1,1,0,1,0,0000000,13,15,13,23,13,43,0,0,0,1,0
48,480339,1,1,0,0,0,1,1,355,1550,9,3,2011,4,21,28,0,16,5,HOLLY,,0,27.72896111,-97.438869440,0,32,0,0,1,1,4,0,3,1,0,1,0,0000000,21,28,21,34,21,43,0,0,0,1,0
48,480340,1,1,0,0,0,2,2,439,260,9,3,2011,4,6,31,1,11,1,I-30,,258,32.75997778,-97.122294440,0,24,0,0,1,1,4,0,2,10,0,10,0,0000000,88,88,88,88,88,88,0,0,0,2,1
48,480341,1,1,0,0,0,3,3,245,0,11,3,2011,6,18,20,1,1,1,I-20,,39,29.88726667,-94.322836110,0,35,0,0,1,1,4,0,1,1,0,1,0,0000000,99,99,18,28,19,32,0,0,0,1,0
48,480342,1,1,0,0,0,2,2,373,0,11,3,2011,6,1,50,1,2,2,US-59,,381,30.62413889,-94.947880560,0,42,0,0,1,1,4,0,2,1,0,1,0,0000000,1,59,2,10,2,43,0,0,0,1,0
48,480343,1,1,0,1,1,1,1,293,4540,12,3,2011,7,6,0,0,16,5,ROSS ST,JACK OLIVER RD,0,31.69707222,-96.475169440,0,8,0,0,2,3,1,0,2,10,0,10,0,0000000,6,1,6,5,6,19,0,0,0,1,0
48,480344,1,1,0,0,0,1,1,361,7200,12,3,2011,7,19,35,1,11,7,I-10,,88,30.12890833,-93.967147220,0,1,0,0,1,1,4,0,3,1,0,1,0,0000000,99,99,19,36,20,42,0,0,0,1,1
48,480346,3,3,0,0,0,3,3,5,0,15,3,2011,3,13,5,1,2,2,US-69,,111,31.18934444,-94.452594440,0,12,2,0,1,1,1,0,1,1,0,1,0,0000000,88,88,88,88,88,88,0,0,0,2,0
48,480347,2,2,0,0,0,2,2,29,6090,15,3,2011,3,2,4,1,11,1,I-35,,234,29.43686944,-98.492250000,0,12,2,0,1,1,1,0,3,1,0,1,0,0000000,2,6,2,16,2,33,0,0,0,2,1
48,480348,1,1,0,0,0,1,1,27,4924,16,3,2011,4,1,13,1,12,2,US-190,,205,31.06787778,-97.581552780,0,1,0,0,1,1,8,0,3,1,0,1,0,0000000,88,88,88,88,88,88,0,0,0,1,0
48,480349,1,1,0,0,0,1,1,29,4015,18,3,2011,6,1,7,0,16,5,OAK TERRACE DR,,0,29.55645556,-98.327658330,0,38,0,0,1,1,4,0,3,1,0,1,0,0000000,1,9,1,20,1,46,0,0,0,1,1
48,480350,1,1,0,0,0,1,1,327,0,10,2,2011,5,18,45,0,4,2,US-190,,131,30.90452778,-99.905744440,0,1,0,0,1,1,4,0,5,1,0,1,0,0000000,18,47,18,58,19,48,0,0,0,1,1
48,480351,1,1,0,0,0,1,1,223,0,1,2,2011,3,12,28,1,13,3,SR-11,,121,33.07390556,-95.510597220,0,42,0,0,1,1,4,0,1,4,0,4,0,0000000,88,88,88,88,88,88,0,0,0,1,0
48,480352,2,2,0,0,0,2,2,257,0,5,2,2011,7,15,50,0,9,8,FM548,,99999,32.71603611,-96.481225000,0,12,2,0,1,1,1,0,1,1,0,1,0,0000000,88,88,88,88,88,88,0,0,0,2,1
48,480353,2,2,0,0,0,2,2,201,3280,6,2,2011,1,2,25,1,11,1,I-610,,19,29.76218056,-95.265402780,0,12,2,0,1,1,1,0,3,10,0,10,0,0000000,1,59,2,29,2,45,0,0,0,1,2
48,480354,2,2,0,0,0,6,6,215,7330,6,2,2011,1,13,0,0,6,4,MILE 6,,0,26.21324722,-98.007744440,0,12,6,0,4,1,1,0,1,1,0,1,0,0000000,13,12,13,23,13,42,0,0,0,1,0
48,480355,1,1,0,0,0,1,1,479,3899,7,2,2011,2,3,46,1,13,2,US-59,,433,27.52801389,-99.436408330,0,24,0,0,1,1,4,0,3,1,0,1,0,0000000,88,88,88,88,88,88,0,0,0,1,0
48,480356,2,2,0,0,0,3,3,277,1860,9,2,2011,4,10,15,1,2,2,US-271,,171,33.52426667,-95.316475000,0,12,6,0,1,1,1,0,1,4,0,4,0,0000000,10,19,10,41,11,30,0,0,0,1,0
48,480357,1,1,0,0,0,1,1,201,3280,12,2,2011,7,6,20,1,11,7,I-45,,348,29.90954722,-95.412058330,0,30,0,0,1,1,10,0,3,1,0,1,0,0000000,88,88,88,88,88,88,0,0,0,1,0
48,480358,1,1,0,0,0,1,1,215,2110,13,2,2011,1,5,10,1,13,8,FM 1925,,84,26.34340278,-98.199411110,0,1,0,0,1,1,4,0,6,1,0,1,0,0000000,5,17,5,30,7,30,0,0,0,1,1
48,480359,1,1,0,0,0,1,1,231,0,13,2,2011,1,8,35,0,6,4,3315,,0,33.03707222,-96.088644440,0,38,0,0,1,1,4,0,2,1,0,1,0,0000000,88,88,88,88,88,88,0,0,0,1,1
48,480360,1,1,0,0,0,2,2,449,0,21,2,2011,2,20,53,0,4,8,FM 21,,38,33.05816944,-95.106197220,0,53,0,0,1,1,4,0,2,1,0,1,0,0000000,20,58,21,15,21,46,0,0,0,2,1
48,480361,2,2,0,0,0,4,4,199,6380,24,2,2011,5,19,36,0,14,8,BU 96F,,244,30.34909167,-94.162950000,0,11,0,0,1,1,1,0,2,10,0,10,0,0000000,19,41,19,47,20,32,14,0,0,1,0
48,480362,1,1,0,1,1,1,1,201,0,24,2,2011,5,19,50,0,6,4,CLAY RD,,0,29.83096944,-95.665038890,0,9,0,0,1,1,1,0,2,1,0,1,0,0000000,88,88,88,88,88,88,0,0,0,1,0
48,480364,1,1,0,2,2,2,2,453,330,24,2,2011,5,22,27,0,16,5,PLEASANT VALLEY RD,,0,30.17086111,-97.753230560,0,8,0,0,1,1,1,0,3,1,0,1,0,0000000,22,27,22,31,22,48,0,0,0,1,0
48,480365,2,2,0,1,1,2,2,423,0,25,2,2011,6,17,15,0,4,8,FM 2767,,59,32.37252222,-95.190958330,0,9,0,0,1,1,1,0,1,1,0,1,0,0000000,88,88,88,88,88,88,14,0,0,1,0
48,480366,1,1,0,0,0,1,1,141,2190,26,2,2011,7,6,40,0,16,5,CHICKEN RANCH RD,,0,31.56566944,-106.262791670,0,39,0,0,1,1,4,0,2,1,0,1,0,0000000,88,88,88,88,88,88,0,0,0,1,1
48,480367,1,1,0,0,0,1,1,181,0,27,2,2011,1,0,45,0,4,8,FM 1753,,68,33.69738611,-96.421552780,0,1,0,0,1,1,4,0,2,10,0,10,0,0000000,0,49,1,0,1,57,0,0,0,1,0
48,480368,1,1,0,0,0,1,1,215,7330,27,2,2011,1,4,0,0,16,5,PLEASANTVIEW ST,,0,26.14411111,-97.966288890,0,42,0,0,1,1,4,0,2,1,0,1,0,0000000,88,88,88,88,88,88,0,0,0,1,0
48,480369,1,1,0,0,0,2,2,19,0,1,3,2011,3,23,30,0,3,3,SR-16,,30,29.88423333,-99.278613890,0,35,0,0,1,1,4,0,2,1,0,1,0,0000000,23,30,23,58,1,13,0,0,0,1,1
48,480370,1,1,0,1,1,1,1,361,0,2,3,2011,4,19,41,0,4,8,FM 1442,,41,30.14683889,-93.887997220,0,9,0,0,1,1,1,0,2,1,0,1,0,0000000,88,88,88,88,88,88,0,0,0,1,0
48,480371,1,1,0,1,1,1,1,409,0,2,3,2011,4,18,57,0,6,4,WILBURN,,0,27.97346944,-97.409247220,0,8,0,0,1,1,1,0,2,1,0,1,0,0000000,18,59,19,3,19,30,0,0,0,1,0
48,480372,2,2,0,2,2,3,3,23,0,3,3,2011,5,21,20,1,2,2,US-277,US-283,99999,33.66996667,-99.139372220,0,12,6,0,2,2,1,0,2,1,0,1,0,0000000,88,88,88,88,88,88,23,0,0,2,0
48,480373,1,1,0,1,1,1,1,161,0,3,3,2011,5,21,25,1,1,1,I-45,,248,31.79923611,-96.257336110,0,8,0,0,1,1,1,1,2,1,0,1,0,0000000,88,88,88,88,88,88,0,0,0,1,0
48,480374,3,3,0,0,0,4,4,91,4870,4,3,2011,6,20,53,1,11,1,I-35,,62,29.66144722,-98.173652780,0,52,0,1,19,1,10,0,3,1,0,1,0,0000000,88,88,88,88,88,88,14,0,0,1,1
48,480375,1,1,0,0,0,1,1,213,0,4,3,2011,6,22,5,0,4,8,FM 315,,165,32.14151111,-95.548091670,0,1,0,0,1,1,1,0,2,10,0,10,0,0000000,88,88,88,88,88,88,0,0,0,1,1
48,480376,1,1,0,0,0,2,2,121,4007,5,3,2011,7,7,28,1,13,8,FM 720,,57,33.15469444,-96.947955560,0,32,0,0,1,1,4,0,1,1,0,1,0,0000000,7,33,7,44,8,6,0,0,0,1,1
48,480377,3,3,0,0,0,5,5,201,0,5,3,2011,7,16,18,1,11,1,I-20,,445,29.79053333,-95.089675000,0,12,1,0,1,1,1,0,1,1,0,1,0,0000000,16,22,16,30,17,26,0,0,0,1,0
48,480378,2,2,0,0,0,2,2,453,0,5,3,2011,7,10,41,0,3,8,RM 1431,,228,30.51788056,-97.890638890,0,12,6,0,1,1,1,0,1,1,0,1,0,0000000,10,49,11,11,11,24,0,0,0,1,0
48,480379,2,2,0,0,0,6,6,1,0,6,3,2011,1,17,13,0,3,2,US-287,,57,31.70549444,-95.585102780,0,12,6,0,1,1,1,0,1,1,0,1,0,0000000,99,99,99,99,99,99,0,0,0,1,0
48,480380,1,1,0,0,0,2,2,141,225,6,3,2011,1,18,35,1,11,1,I-10,,17,31.97938056,-106.582638890,0,25,0,0,1,1,10,0,2,1,0,1,0,0000000,18,58,18,59,19,22,0,0,0,1,0
48,480382,3,3,0,0,0,3,3,201,0,8,3,2011,3,7,40,0,6,4,JONES,,0,29.95895556,-95.585161110,0,12,6,0,1,1,1,0,1,10,0,10,0,0000000,99,99,99,99,99,99,0,0,0,1,0
48,480383,2,2,0,0,0,4,4,201,480,8,3,2011,3,15,52,0,16,5,GARTH,,0,29.77768889,-94.977661110,0,12,6,0,8,1,1,0,1,10,0,10,0,0000000,15,54,15,57,16,15,0,0,0,1,0
48,480384,2,2,0,0,0,2,2,329,4560,8,3,2011,3,5,57,1,2,8,FM 1788,,91,31.95332500,-102.246838890,0,12,6,0,4,1,1,0,2,1,0,1,0,0000000,6,0,6,15,6,51,0,0,0,1,0
48,480385,2,2,0,0,0,4,4,423,7070,9,3,2011,4,16,17,0,14,8,STATE SPUR 248,PATRIOT,5,32.31154444,-95.259563890,0,12,6,0,3,3,1,0,1,1,0,1,0,0000000,88,88,88,88,88,88,0,0,0,1,0
48,480386,1,1,0,0,0,1,1,27,0,10,3,2011,5,17,0,0,3,3,SR-95,,48,30.90656389,-97.370988890,0,1,0,0,1,1,1,0,1,10,0,10,0,0000000,88,88,88,88,88,88,0,0,0,1,0
48,480387,2,2,0,0,0,3,3,61,3780,10,3,2011,5,14,30,1,12,7,US-83,WHITE RANCH RD,40,26.17436111,-97.801544440,0,12,6,1,2,2,1,0,1,1,0,1,0,0000000,14,35,14,44,15,11,0,0,0,1,0
48,480388,1,1,0,0,0,1,1,203,0,10,3,2011,5,17,6,0,3,2,US-80,,172,32.53967222,-94.418963890,0,42,0,0,1,1,4,0,1,1,0,1,0,0000000,88,88,88,88,88,88,0,0,0,1,0
48,480389,1,1,0,1,1,1,1,201,0,11,3,2011,6,20,2,1,13,3,SR-6,,16,29.91310278,-95.623752780,0,8,0,1,5,1,1,0,2,1,0,1,0,0000000,20,11,20,18,20,34,0,0,0,1,0
48,480390,2,2,0,0,0,3,3,209,3760,11,3,2011,6,16,45,1,11,1,I-35,,160,29.98774167,-97.872127780,0,1,0,0,1,1,10,0,1,1,0,1,0,0000000,16,53,17,3,17,21,0,0,0,1,0
48,480391,1,1,0,0,0,3,3,53,0,12,3,2011,7,2,50,1,2,2,US-281,,116,30.87326667,-98.235058330,0,1,0,0,1,1,4,0,2,1,0,1,0,0000000,3,9,3,46,4,32,0,0,0,1,0
48,480392,1,1,0,0,0,1,1,121,1840,12,3,2011,7,0,8,1,11,1,I-35E,,109,33.13276667,-97.042516670,0,1,0,0,1,1,3,0,2,1,0,1,0,0000000,0,11,0,31,1,3,20,0,0,1,1
48,480393,1,1,0,0,0,3,3,143,0,12,3,2011,7,16,55,0,6,4,522,,0,32.08690278,-98.219575000,0,1,0,0,1,1,1,0,1,1,0,1,0,0000000,17,21,17,33,18,7,0,0,0,1,1
48,480394,1,1,0,0,0,1,1,201,0,12,3,2011,7,14,45,0,6,4,ANTOINE DR,,0,29.93438333,-95.483227780,0,33,0,0,1,1,3,0,1,1,0,1,0,0000000,88,88,88,88,88,88,0,0,0,1,1
48,480395,2,2,0,0,0,4,4,201,0,12,3,2011,7,22,25,0,6,4,JONES RD,BRIDGETOWN DR,0,29.92727778,-95.584925000,0,12,6,0,2,3,1,0,3,1,0,1,0,0000000,22,26,22,31,99,99,0,0,0,1,1
48,480396,3,3,0,0,0,4,4,251,3593,12,3,2011,7,12,33,0,14,8,FM 2280,FM 3048,30,32.41757222,-97.320586110,0,12,1,0,2,3,1,0,1,1,0,1,0,0000000,12,31,12,42,13,17,14,0,0,1,0
48,480397,2,2,0,0,0,3,3,423,7070,12,3,2011,7,17,41,0,16,5,PALACE AVE,OAKWOOD ST,0,32.35492222,-95.310405560,0,12,6,0,2,2,1,0,3,1,0,1,0,0000000,88,88,88,88,88,88,0,0,0,1,1
48,480398,2,2,0,0,0,5,5,439,2450,12,3,2011,7,16,6,0,16,5,NORTHSIDE DR,,0,32.78440556,-97.324330560,0,12,6,0,1,1,1,0,1,1,0,1,0,0000000,16,23,16,31,16,41,0,0,0,1,1
48,480399,2,2,0,0,0,14,14,29,6090,13,3,2011,1,19,0,0,16,5,MCCULLOUGH,BROADWAY,0,29.43045000,-98.485202780,0,12,6,0,2,2,1,0,5,10,0,10,0,0000000,19,9,19,13,20,7,0,0,0,1,0
48,480400,1,1,0,0,0,1,1,91,0,13,3,2011,1,15,53,0,14,8,RR 32,,85,29.95460833,-98.228136110,0,42,0,0,1,1,4,0,1,1,0,1,0,0000000,88,88,88,88,88,88,0,0,0,1,1
48,480401,2,2,0,0,0,2,2,201,0,16,3,2011,4,14,0,1,13,2,US-90,JOHN RALSTON,274,29.82545556,-95.226938890,0,12,6,0,2,2,1,0,1,1,0,1,0,0000000,14,15,14,33,14,50,0,0,0,1,0
48,480402,1,1,0,0,0,1,1,309,0,13,3,2011,1,15,40,0,4,8,FM2490,,28,31.69337500,-97.291916670,0,1,0,0,1,1,1,0,1,10,0,10,0,0000000,88,88,88,88,88,88,0,0,0,1,1
48,480403,2,2,0,0,0,3,3,347,4810,13,3,2011,1,1,22,0,14,8,BU59F,,198,31.62989722,-94.652575000,0,12,6,0,8,1,1,0,3,10,0,10,0,0000000,1,26,1,30,1,38,0,0,0,1,2
48,480404,3,3,0,0,0,5,5,85,4230,14,3,2011,2,2,8,0,16,5,LAKE FOREST DR,MCKINNEY RANCH PKWY,0,33.15758333,-96.680738890,0,12,6,0,8,1,1,0,3,1,0,1,0,0000000,2,22,2,37,3,4,0,0,0,1,2
48,480405,2,2,0,0,0,3,3,485,7490,14,3,2011,2,14,2,1,13,8,SL11,BU287J,63,33.93061389,-98.536366670,0,12,6,0,2,2,1,0,1,1,0,1,0,0000000,14,3,14,10,14,38,0,0,0,1,0
48,480406,1,1,0,1,1,1,1,201,0,15,3,2011,3,21,10,0,3,8,FM2920,,119,30.08132500,-95.730363890,0,8,0,0,1,1,1,0,2,10,0,10,0,0000000,88,88,88,88,88,88,0,0,0,1,0
48,480407,1,1,0,0,0,1,1,215,4650,15,3,2011,3,23,21,0,16,5,S BRYAN,LOS INDIOS RD,0,26.16999722,-98.317197220,0,33,0,0,3,2,4,1,3,1,0,1,0,0000000,88,88,88,88,88,88,0,0,0,1,0
48,480408,2,2,0,0,0,2,2,497,1780,15,3,2011,3,17,27,1,2,2,US-380,BU380F,88,33.23156111,-97.615050000,0,12,6,0,2,3,1,0,1,1,0,1,0,0000000,17,44,18,5,18,36,0,0,0,1,0
48,480409,1,1,0,1,1,1,1,39,0,16,3,2011,4,5,45,0,4,8,FM521,,11,28.96943889,-95.684952780,0,8,0,0,1,1,1,0,2,10,0,10,0,0000000,88,88,88,88,88,88,0,0,0,1,0
48,480410,2,2,0,0,0,2,2,199,0,16,3,2011,4,20,30,1,2,2,US-96,,80,30.31520000,-94.182947220,0,12,2,0,1,1,1,0,2,1,0,1,0,0000000,20,33,20,34,21,17,0,0,0,1,1
48,480411,1,1,0,1,1,1,1,355,1550,6,2,2011,1,21,25,0,16,5,OAKHURST,,0,27.71717222,-97.395577780,0,8,0,0,8,1,1,0,3,1,0,1,0,0000000,21,31,21,37,22,1,0,0,0,1,0
48,480412,1,1,0,1,1,1,1,113,3420,11,2,2011,6,23,43,1,12,3,SR-183,,27,32.83710833,-97.001205560,0,8,0,0,1,1,1,0,3,1,0,1,0,0000000,88,88,88,88,88,88,0,0,0,1,0
48,480413,1,1,0,0,0,1,1,1,0,12,2,2011,7,16,0,0,3,3,SR-19,,33,32.00769444,-95.773777780,0,42,0,0,1,1,4,0,1,1,0,1,0,0000000,88,88,88,88,88,88,0,0,0,1,0
48,480414,2,2,0,0,0,3,3,29,390,12,2,2011,7,3,12,1,11,1,I-10RAMP,,187,29.49392500,-98.547541670,0,25,0,1,5,1,4,0,2,1,0,1,0,0000000,88,88,88,88,88,88,0,0,0,1,1
48,480415,2,2,0,0,0,2,2,373,4020,12,2,2011,7,13,24,9,99,2,US-59,,99999,30.72525000,-94.943536110,0,12,1,0,1,1,1,0,1,1,0,1,0,0000000,88,88,88,88,88,88,0,0,0,1,0
48,480416,2,2,0,0,0,2,2,157,0,13,2,2011,1,5,0,0,4,8,FM 1093,FM 359,134,29.69469444,-95.845955560,0,12,6,0,2,2,1,0,2,1,0,1,0,0000000,88,88,88,88,88,88,0,0,0,1,1
48,480417,1,1,0,0,0,1,1,339,6884,15,2,2011,3,16,30,1,11,7,I-45,,36,30.16088889,-95.450580560,0,3,0,0,1,1,4,0,1,1,0,1,0,0000000,99,99,99,99,99,99,0,0,0,1,0
48,480419,1,1,0,1,1,1,1,201,0,17,2,2011,5,5,48,0,6,4,LITTLE YORK,,0,29.86720278,-95.569902780,0,8,0,0,1,1,1,0,2,1,0,1,0,0000000,5,50,5,58,6,44,0,0,0,1,0
48,480420,1,1,0,1,1,1,1,201,3280,17,2,2011,5,17,8,0,16,5,KIRBY,DORRINGTON,0,29.70527222,-95.418350000,0,8,0,0,4,1,1,0,1,10,0,10,0,0000000,17,12,17,16,17,30,0,0,0,1,0
48,480421,1,1,0,1,1,1,1,167,2570,18,2,2011,6,0,31,1,13,3,SR-87,22ND ST,38,29.30029444,-94.790775000,0,8,0,0,2,2,1,0,3,5,0,5,0,0000000,0,32,0,34,0,53,0,0,0,1,0
48,480422,1,1,0,0,0,3,3,15,0,19,2,2011,7,23,34,0,4,3,SR-159,,66,29.96910833,-96.473297220,0,32,0,0,1,1,4,0,2,10,0,10,0,0000000,23,35,23,52,0,38,0,0,0,1,1
48,480423,1,1,0,0,0,2,2,51,0,19,2,2011,7,0,48,0,4,8,FM 60,,124,30.36831111,-96.654544440,0,1,0,0,1,1,4,0,2,1,0,1,0,0000000,1,6,1,12,1,58,0,0,0,1,1
48,480424,2,2,0,0,0,3,3,135,0,19,2,2011,7,20,45,1,13,8,SL338,,180,31.87491667,-102.419991670,0,12,2,1,18,1,1,0,2,1,0,1,0,0000000,88,88,88,88,88,88,0,0,0,1,1
48,480425,1,1,0,0,0,1,1,481,0,19,2,2011,7,3,4,0,4,8,FM 1301,,82,29.28883056,-95.979480560,0,42,0,0,1,1,4,0,2,1,0,1,0,0000000,88,88,88,88,88,88,0,0,0,1,0
48,480426,1,1,0,0,0,1,1,213,0,20,2,2011,1,9,55,1,2,3,SR-31,,348,32.30488889,-95.564725000,0,1,0,0,1,1,4,0,1,1,0,1,0,0000000,10,7,10,23,11,6,0,0,0,1,0
48,480427,2,2,0,0,0,2,2,329,0,20,2,2011,1,18,35,1,2,3,SR-158,160,167,31.93935278,-101.883805560,0,12,6,0,2,4,1,0,1,1,0,1,0,0000000,88,88,88,88,88,88,0,0,0,1,0
48,480428,2,1,1,0,0,2,2,439,2450,20,2,2011,1,21,20,1,11,7,I-35,,117,32.81947778,-97.312469440,0,14,0,0,1,1,2,0,2,1,0,1,0,0000000,99,99,99,99,99,99,0,0,0,1,0
48,480429,2,2,0,0,0,5,5,115,0,22,2,2011,3,5,42,1,2,3,SR-349,FM828,108,32.55483611,-102.020558330,0,12,6,0,2,2,1,0,2,1,0,1,0,0000000,99,99,6,4,6,33,0,0,0,1,0
48,480430,3,2,1,0,1,2,3,201,3280,22,2,2011,3,13,38,1,12,2,US-59,,65,29.72993889,-95.451352780,0,14,0,0,1,1,2,0,1,1,0,1,0,0000000,13,38,13,45,14,28,23,0,0,1,0
48,480431,1,1,0,0,0,1,1,227,0,22,2,2011,3,9,38,1,1,1,I-20,,315,32.27455833,-101.370830560,0,35,0,1,18,1,3,0,1,1,0,1,0,0000000,88,88,88,88,88,88,0,0,0,1,0
48,480432,1,1,0,0,0,1,1,15,0,23,2,2011,4,14,10,0,6,4,ARNING,,0,30.02798611,-96.346875000,0,1,0,0,1,1,4,0,1,10,0,10,0,0000000,88,88,88,88,88,88,0,0,0,1,0
48,480433,2,2,0,0,0,2,2,339,0,24,2,2011,5,13,58,1,2,3,SR-105,,20,30.31761111,-95.181563890,0,12,2,0,1,1,1,0,1,10,0,10,0,0000000,14,15,14,44,15,12,0,0,0,1,0
48,480434,1,1,0,1,1,1,1,303,4140,25,2,2011,6,6,35,0,16,5,UNIVERSITY AVE,,0,33.59948611,-101.870391670,0,8,0,0,1,1,1,0,3,1,0,1,0,0000000,88,88,88,88,88,88,0,0,0,1,0
48,480435,1,1,0,0,0,1,1,309,7210,25,2,2011,6,16,30,0,16,5,CAMERON PARK DR,,0,31.57903611,-97.150355560,0,1,0,0,1,1,4,0,1,1,0,1,0,0000000,16,33,16,38,16,58,0,0,0,1,0
48,480436,1,1,0,0,0,1,1,157,0,26,2,2011,7,19,45,0,6,4,WILLIAMS WAY BLVD,,0,29.57238889,-95.744519440,0,1,0,0,1,1,4,1,2,1,0,1,0,0000000,19,57,20,5,20,25,0,0,0,1,0
48,480437,2,2,0,0,0,4,4,167,2570,26,2,2011,7,18,30,1,13,8,FM 3005,,16,29.25483889,-94.847136110,0,12,6,0,1,1,11,0,3,5,0,5,0,0000000,18,32,18,42,19,13,0,0,0,1,2
48,480438,2,1,1,0,3,1,4,329,0,27,2,2011,1,14,35,1,2,8,BU20E/US-80,,213,32.02983333,-102.008277780,0,14,0,0,1,1,2,0,1,5,0,5,0,0000000,14,34,14,41,15,3,0,0,0,1,0
48,480439,1,1,0,0,0,4,4,395,0,28,2,2011,2,1,30,1,2,2,US-79,,62,30.93802778,-96.586030560,0,1,0,0,1,1,4,0,2,10,0,10,0,0000000,1,37,1,47,2,22,0,0,0,1,0
48,480440,3,3,0,0,0,6,6,91,0,24,3,2011,5,8,43,1,13,3,SR-46,VINTAGE WAY DR,103,29.77153889,-98.263655560,0,12,1,0,3,3,1,0,1,10,0,10,0,0000000,8,47,9,4,9,34,0,0,0,1,0
48,480441,1,1,0,1,1,1,1,187,6237,25,3,2011,6,14,27,0,15,8,FM78,,4,29.55333611,-98.267233330,0,9,0,0,8,1,1,0,1,1,0,1,0,0000000,88,88,88,88,88,88,0,0,0,1,0
48,480442,2,2,0,0,0,2,2,201,0,26,3,2011,7,11,13,0,6,4,FAIRBANKS N HOUSTON,,0,29.88478333,-95.524686110,0,12,6,0,8,1,1,0,1,1,0,1,0,0000000,11,28,11,43,11,58,0,0,0,1,1
48,480443,1,1,0,0,0,1,1,201,0,26,3,2011,7,19,35,1,12,8,SS330,I-10,2,29.79141111,-95.050083330,0,24,0,1,19,1,4,0,5,1,0,1,0,0000000,88,88,88,88,88,88,0,0,0,1,1
48,480444,2,2,0,0,0,6,6,453,330,26,3,2011,7,19,0,1,11,7,I-35,SS69,220,30.32151667,-97.707488890,0,12,6,1,2,2,1,0,1,1,0,1,0,0000000,19,0,19,5,19,18,0,0,0,1,1