STATE,ST_CASE,VE_TOTAL,VE_FORMS,PVH_INVL,PEDS,PERNOTMVIT,PERMVIT,PERSONS,COUNTY,CITY,DAY,MONTH,YEAR,DAY_WEEK,HOUR,MINUTE,NHS,ROAD_FNC,ROUTE,TWAY_ID,TWAY_ID2,MILEPT,LATITUDE,LONGITUD,SP_JUR,HARM_EV,MAN_COLL,RELJCT1,RELJCT2,TYP_INT,REL_ROAD,WRK_ZONE,LGT_COND,WEATHER1,WEATHER2,WEATHER,SCH_BUS,RAIL,NOT_HOUR,NOT_MIN,ARR_HOUR,ARR_MIN,HOSP_HR,HOSP_MN,CF1,CF2,CF3,FATALS,DRUNK_DR
48,480445,1,1,0,0,0,2,2,29,6090,27,3,2011,1,3,20,0,16,5,WETMORE,,0,29.55848056,-98.424336110,0,30,0,0,1,1,4,0,3,10,0,10,0,0000000,99,99,99,99,99,99,0,0,0,1,1
48,480447,1,1,0,0,0,2,2,113,1730,13,3,2011,1,5,5,0,16,5,2ND AVE,,0,32.74869722,-96.730541670,0,23,0,0,1,1,4,0,3,1,0,1,0,0000000,88,88,88,88,88,88,0,0,0,1,0
48,480449,3,3,0,0,0,3,3,29,6090,17,3,2011,5,8,50,1,13,8,FM1976,,18,29.51026667,-98.377783330,0,12,6,0,8,1,1,0,1,1,0,1,0,0000000,88,88,88,88,88,88,0,0,0,1,0
48,480450,1,1,0,1,1,1,1,249,0,17,3,2011,5,13,10,0,6,4,135,,0,27.73330556,-98.120452780,0,8,0,0,8,1,1,0,1,1,0,1,0,0000000,88,88,88,88,88,88,0,0,0,1,0
48,480451,1,1,0,0,0,1,1,77,0,18,3,2011,6,23,4,1,2,2,US-82,,21,33.87467778,-98.381902780,0,1,0,0,1,1,4,0,2,1,0,1,0,0000000,88,88,88,88,88,88,0,0,0,1,0
48,480452,1,1,0,0,0,1,1,85,5390,18,3,2011,6,15,0,1,12,7,SR-121,,196,33.10845278,-96.776377780,0,25,0,0,1,1,3,0,1,1,0,1,0,0000000,15,14,15,22,15,46,0,0,0,1,0
48,480453,2,2,0,0,0,9,9,91,0,18,3,2011,6,17,25,1,1,1,I-35,,175,29.75839444,-98.049519440,0,12,1,0,1,1,1,0,1,1,0,1,0,0000000,17,24,17,33,18,16,0,0,0,1,0
48,480454,1,1,0,0,0,6,6,113,4530,18,3,2011,6,19,31,0,16,5,MOTLEY,,0,32.80391667,-96.647769440,0,5,0,0,8,1,1,1,1,1,0,1,0,0000000,19,32,19,37,19,58,0,0,0,1,0
48,480455,1,1,0,1,1,1,1,141,2190,18,3,2011,6,16,54,1,13,7,US-54,PAISANO DR,16,31.76776944,-106.446519440,0,8,0,0,2,2,1,0,1,1,0,1,0,0000000,88,88,88,88,88,88,0,0,0,1,0
48,480456,2,2,0,0,0,2,2,167,3920,18,3,2011,6,21,35,0,16,5,HOBBS,,0,29.50107222,-95.115791670,0,12,6,0,8,1,1,0,3,1,0,1,0,0000000,21,34,21,37,22,30,0,0,0,1,0
48,480457,2,2,0,0,0,3,3,29,6090,19,3,2011,7,2,1,1,11,1,I-35,,205,29.40354167,-98.511511110,0,12,6,0,1,1,1,0,3,10,0,10,0,0000000,88,88,88,88,88,88,0,0,0,1,1
48,480458,1,1,0,0,0,1,1,105,0,19,3,2011,7,15,41,1,1,1,I-10,,461,30.68755278,-101.060291670,0,1,0,0,1,1,3,0,1,10,0,10,0,0000000,15,41,15,54,16,11,0,0,0,1,0
48,480460,1,1,0,0,0,2,2,117,0,19,3,2011,7,3,30,1,2,2,US-60,,69,34.85545000,-102.314622220,0,1,0,0,1,1,4,0,2,10,0,10,0,0000000,3,39,3,55,4,52,0,0,0,1,1
48,480461,1,1,0,1,1,1,1,201,0,19,3,2011,7,22,40,0,6,4,ALDINE MAIL ROUTE,,0,29.90262222,-95.398813890,0,8,0,0,1,1,1,0,2,1,0,1,0,0000000,88,88,88,88,88,88,0,0,0,1,0
48,480462,2,2,0,0,0,2,2,251,1030,19,3,2011,7,22,20,1,2,3,SR-174,,161,32.48461389,-97.377347220,0,12,6,0,8,1,1,0,2,10,0,10,0,0000000,88,88,88,88,88,88,0,0,0,1,0
48,480463,2,2,0,0,0,2,2,309,5845,19,3,2011,7,13,58,1,13,3,SR-6,DAYTON DR,225,31.49060278,-97.144402780,0,12,6,0,2,3,1,0,1,1,0,1,0,0000000,88,88,88,88,88,88,0,0,0,1,0
48,480464,1,1,0,0,0,1,1,5,0,20,3,2011,1,3,20,0,5,8,FM842,,44,31.39823611,-94.643397220,0,42,0,0,1,1,4,0,2,1,0,1,0,0000000,99,99,3,31,4,2,0,0,0,1,0
48,480465,1,1,0,0,0,2,2,53,0,20,3,2011,1,4,46,0,4,8,RM2342,,1,30.69984167,-98.381238890,0,59,0,0,1,1,4,0,2,10,0,10,0,0000000,88,88,88,88,88,88,0,0,0,2,1
48,480466,1,1,0,0,0,2,2,339,0,1,3,2011,3,18,48,0,6,4,RAYFORD RD,LAZY LN,0,30.12746111,-95.428813890,0,1,0,0,2,3,1,0,3,1,0,1,0,0000000,18,48,18,52,19,22,0,0,0,1,0
48,480467,1,1,0,0,0,1,1,339,0,1,3,2011,3,16,11,0,6,4,OLD HOUSTON RD,,0,30.20541111,-95.307427780,0,42,0,0,1,1,4,0,1,1,0,1,0,0000000,16,12,16,20,16,55,0,0,0,1,0
48,480468,1,1,0,1,1,1,1,201,3280,2,3,2011,4,23,15,1,13,3,SR-6,,131,29.74842778,-95.644541670,0,8,0,0,1,1,1,0,3,1,0,1,0,0000000,88,88,88,88,88,88,0,0,0,1,1
48,480469,1,1,0,0,0,1,1,339,0,3,3,2011,5,0,30,1,2,3,SR-249,BALTZELL DR,330,30.16677778,-95.675530560,0,33,0,0,2,2,3,0,3,1,0,1,0,0000000,0,39,0,45,1,41,0,0,0,1,1
48,480470,1,1,0,0,0,4,4,3,0,4,3,2011,6,15,40,1,2,2,US-385,,305,32.08921944,-102.451250000,0,1,0,0,1,1,4,0,1,1,0,1,0,0000000,99,99,15,57,16,23,0,0,0,1,0
48,480471,1,1,0,0,0,1,1,201,3280,5,3,2011,7,2,45,0,16,5,PARKER RD,,0,29.85682222,-95.313277780,0,53,0,0,1,1,4,0,2,10,0,10,0,0000000,2,46,2,55,3,21,0,0,0,1,0
48,480472,1,1,0,0,0,1,1,291,0,5,3,2011,7,9,32,0,5,8,FM834W,,148,30.12613056,-94.642113890,0,43,0,0,1,1,4,0,9,99,0,99,0,0000000,88,88,88,88,88,88,0,0,0,1,1
48,480473,2,2,0,0,0,6,6,201,3280,6,3,2011,1,2,0,0,16,5,MILAM ST,ST JOSEPH PKWY,0,29.75131389,-95.371975000,0,12,6,0,2,2,1,0,3,1,0,1,0,0000000,2,1,2,7,2,26,0,0,0,1,0
48,480474,2,2,0,0,0,8,8,201,3280,12,3,2011,7,17,48,1,11,1,I-610,,47,29.72139722,-95.266055560,0,12,6,0,1,1,1,0,1,1,0,1,0,0000000,17,49,17,54,18,33,0,0,0,2,0
48,480475,1,1,0,1,1,0,0,201,0,15,3,2011,3,15,25,0,6,4,BRIGHT PENNY LN,,0,29.78329167,-95.155966670,0,8,0,0,4,1,6,0,1,1,0,1,0,0000000,88,88,88,88,88,88,0,0,0,1,0
48,480476,1,1,0,1,1,1,1,135,5030,17,3,2011,5,7,25,0,14,8,FM2020,N TRIPP AVE,50,31.84577778,-102.480241670,0,8,0,0,2,2,1,0,3,1,0,1,0,0000000,88,88,88,88,88,88,0,0,0,1,0
48,480477,3,3,0,0,0,3,3,353,0,17,3,2011,5,14,55,1,1,1,I-20,US-84RAMP,93,32.44473611,-100.508402780,0,1,0,1,3,4,1,0,1,1,0,1,0,0000000,14,59,15,25,16,35,0,0,0,1,0
48,480478,1,1,0,0,0,1,1,201,3280,18,3,2011,6,19,15,0,16,5,S MACGREGOR WAY,,0,29.70866667,-95.342725000,0,33,0,0,1,1,4,0,3,1,0,1,0,0000000,88,88,88,88,88,88,0,0,0,1,1
48,480479,2,2,0,0,0,3,3,183,0,19,3,2011,7,1,40,1,1,1,I-20,,133,32.43315000,-94.760469440,0,12,2,0,1,1,1,0,2,1,0,1,0,0000000,1,40,1,52,2,36,0,0,0,2,1
48,480480,2,2,0,0,0,3,3,85,1730,20,3,2011,1,2,35,1,12,7,SR-190,COIT RD,55,32.99895556,-96.767716670,0,12,6,1,2,2,1,0,3,1,0,1,0,0000000,2,41,2,47,3,25,0,0,0,2,1
48,480481,1,1,0,0,0,4,4,267,0,20,3,2011,1,17,30,1,1,1,I-10,,60,30.47430000,-99.732983330,0,1,0,0,1,1,4,0,1,1,0,1,0,0000000,19,33,20,18,21,18,0,0,0,1,0
48,480482,1,1,0,0,0,1,1,415,0,20,3,2011,1,17,50,0,4,8,FM 1269,,10,32.95736389,-101.147388890,0,32,0,0,1,1,4,0,1,1,0,1,0,0000000,17,50,18,10,19,44,0,0,0,1,0
48,480483,1,1,0,1,1,1,1,201,3280,22,3,2011,3,13,37,1,11,1,I-610,,103,29.68076944,-95.379150000,0,8,0,1,18,1,1,0,1,1,0,1,0,0000000,88,88,88,88,88,88,0,0,0,1,0
48,480484,1,1,0,0,0,5,5,267,0,22,3,2011,3,9,49,1,1,1,I-10,,55,30.48592222,-99.739877780,0,1,0,0,1,1,4,0,1,1,0,1,0,0000000,9,51,10,2,10,47,0,0,0,1,0
48,480485,1,1,0,1,1,1,1,201,3280,23,3,2011,4,6,40,1,12,2,US-59,,106,29.70771111,-95.509175000,0,8,0,1,18,1,1,0,3,1,0,1,0,0000000,88,88,88,88,88,88,0,0,0,1,0
48,480486,3,3,0,0,0,4,4,303,0,23,3,2011,4,14,25,1,2,2,US-87,7600,81,33.44727778,-101.841327780,0,12,1,0,2,2,1,0,1,1,0,1,0,0000000,99,99,99,99,99,99,0,0,0,1,0
48,480487,2,2,0,0,0,2,2,217,0,25,3,2011,6,12,13,0,4,8,FM 933,FM 2114,167,31.79916667,-97.236008330,0,12,6,0,2,2,1,0,1,1,0,1,0,0000000,12,41,12,52,13,21,0,0,0,1,0
48,480488,1,1,0,0,0,10,10,61,0,26,3,2011,7,12,55,0,4,3,SR-100,,196,26.17996667,-97.175802780,0,1,0,0,1,1,4,0,1,10,0,10,0,0000000,13,13,13,38,14,0,0,0,0,1,1
48,480489,1,1,0,0,0,1,1,173,0,27,3,2011,1,1,38,0,6,4,125,,0,31.72918889,-101.517919440,0,32,0,0,1,1,4,0,2,1,0,1,0,0000000,88,88,88,88,88,88,0,0,0,1,0
48,480490,1,1,0,0,0,1,1,493,0,27,3,2011,1,18,25,0,6,4,434,,0,29.31037222,-97.890658330,0,38,0,0,1,1,4,0,1,1,0,1,0,0000000,88,88,88,88,88,88,0,0,0,1,0
48,480491,1,1,0,0,0,1,1,29,6090,28,3,2011,2,18,29,1,11,1,I-37,,15,29.30948056,-98.403769440,0,43,0,0,1,1,10,0,3,1,0,1,0,0000000,88,88,88,88,88,88,0,0,0,1,1
48,480492,1,1,0,0,0,1,1,211,0,28,3,2011,2,6,10,0,4,8,FM2124,,60,35.64875278,-100.093883330,0,31,0,0,1,1,4,0,2,5,0,5,0,0000000,88,88,88,88,88,88,0,0,0,1,0
48,480493,2,2,0,0,0,2,2,419,0,28,3,2011,2,8,0,1,2,2,US-84,,194,31.96987500,-94.085766670,0,12,8,0,1,1,1,0,1,10,0,10,0,0000000,99,99,99,99,99,99,0,0,0,1,0
48,480494,1,1,0,1,1,1,1,113,1730,30,3,2011,4,21,0,1,11,7,I-20,BONNIE VIEW RD,183,32.65440833,-96.750733330,0,8,0,0,3,2,1,0,3,1,0,1,0,0000000,21,0,21,5,21,25,0,0,0,1,0
48,480495,2,2,0,0,0,5,5,117,0,1,4,2011,6,6,50,0,3,2,US-385,FM2587,69,35.10056389,-102.401513890,0,12,6,0,2,2,1,0,2,1,0,1,0,0000000,99,99,99,99,99,99,0,0,0,1,0
48,480496,2,2,0,0,0,2,2,201,3320,1,4,2011,6,19,53,1,12,7,US-59,,26,30.01142778,-95.264563890,0,12,7,0,8,1,1,0,1,1,0,1,0,0000000,20,2,20,30,20,52,0,0,0,1,1
48,480497,3,3,0,0,0,5,5,291,1770,1,4,2011,6,15,21,0,3,3,SR-146,,65,29.95092778,-94.905308330,0,12,2,0,1,1,1,1,1,1,0,1,0,0000000,15,30,15,48,16,11,0,0,0,1,0
48,480498,4,4,0,0,0,5,5,113,1730,2,4,2011,7,4,40,1,13,3,SR-289,ARAPAHO RD,27,32.96191944,-96.804425000,0,12,1,0,3,2,1,0,3,1,0,1,0,0000000,4,42,4,58,5,13,0,0,0,1,1
48,480499,2,2,0,0,0,3,3,113,1730,2,4,2011,7,20,23,0,16,5,PRAIRIE CREEK RD,LAKE JUNE RD,0,32.73409444,-96.665550000,0,12,6,0,2,2,1,0,3,1,0,1,0,0000000,20,29,20,30,21,0,0,0,0,1,0
48,480500,1,1,0,0,0,1,1,439,2255,2,4,2011,7,0,2,0,16,5,BEAR CREEK PKWY,,0,32.84298889,-97.068016670,0,42,0,0,1,1,3,0,2,1,0,1,0,0000000,88,88,88,88,88,88,0,0,0,1,1
48,480501,2,2,0,0,0,3,3,29,6090,4,4,2011,2,12,54,0,16,5,SOMERSET,HUMBOLDT,0,29.37263056,-98.535938890,0,12,6,0,2,2,1,0,1,1,0,1,0,0000000,88,88,88,88,88,88,0,0,0,1,0
48,480502,2,2,0,0,0,3,3,29,6090,8,4,2011,6,16,9,1,11,1,I-410,SS 117,359,29.35362222,-98.400252780,0,12,6,1,2,2,1,0,1,1,0,1,0,0000000,88,88,88,88,88,88,0,0,0,1,0
48,480503,1,1,0,0,0,2,2,29,6090,14,1,2011,6,2,14,0,16,5,MISSION,MARCH,0,29.34773333,-98.472077780,0,30,0,0,3,3,4,0,3,1,0,1,0,0000000,2,46,2,54,3,25,0,0,0,1,1
48,480504,3,3,0,0,0,5,5,141,2190,18,1,2011,3,19,2,0,14,8,FM 659,SAUL KLEINFELD,56,31.75607778,-106.274111110,0,12,6,0,2,2,1,0,3,1,0,1,0,0000000,88,88,88,88,88,88,0,0,0,1,0
48,480505,1,1,0,1,1,3,3,309,7210,20,1,2011,5,16,21,0,16,5,TRICE,29TH,0,31.55399722,-97.168605560,0,8,0,0,3,2,1,0,1,1,0,1,0,0000000,16,23,16,28,16,47,0,0,0,1,0
48,480507,2,2,0,0,0,2,2,365,1200,29,1,2011,7,9,38,1,13,2,US-59,,9,32.14740000,-94.324383330,0,12,6,0,8,1,1,0,1,1,0,1,0,0000000,9,39,9,45,10,8,0,0,0,1,0
48,480508,1,1,0,0,0,3,3,167,6860,20,3,2011,1,1,59,0,16,5,5TH,,0,29.38928889,-94.921286110,0,34,0,0,1,1,4,0,2,1,0,1,0,0000000,99,99,99,99,99,99,0,0,0,1,1
48,480509,1,1,0,0,0,1,1,201,0,20,3,2011,1,19,10,0,6,4,FARRELL,,0,29.98378889,-95.384719440,0,42,0,0,1,1,4,0,5,1,0,1,0,0000000,88,88,88,88,88,88,0,0,0,1,1
48,480510,1,1,0,0,0,3,3,355,0,20,3,2011,1,2,46,0,6,4,CR 40,,0,27.80037222,-97.748552780,0,1,0,0,1,1,4,0,2,1,0,1,0,0000000,2,45,3,0,99,99,0,0,0,1,1
48,480511,2,2,0,0,0,5,5,113,1730,21,3,2011,2,13,21,0,16,5,HARRY HINES BLVD,WOLF ST,0,32.79514722,-96.810777780,0,12,6,0,2,2,1,0,1,1,0,1,0,0000000,13,23,13,27,13,35,0,0,0,1,0
48,480512,1,1,0,0,0,1,1,199,0,21,3,2011,2,12,40,1,2,8,FM418,,17,30.38946111,-94.291297220,0,1,0,0,1,1,1,0,1,1,0,1,0,0000000,99,99,99,99,99,99,0,0,0,1,0
48,480513,2,2,0,0,0,2,2,403,0,21,3,2011,2,15,25,1,2,3,SR-21,,15,31.43122778,-93.823841670,0,12,2,0,1,1,1,0,1,1,0,1,0,0000000,99,99,15,32,15,48,0,0,0,1,0
48,480514,1,1,0,0,0,1,1,113,2800,22,3,2011,3,19,53,9,99,7,SR-161,BRITISH BLVD,99999,32.76151944,-97.028397220,0,39,0,0,3,4,4,1,3,1,0,1,0,0000000,19,53,20,1,20,25,19,0,0,1,1
48,480515,3,2,1,1,2,1,2,77,0,23,3,2011,4,23,35,1,2,2,US-287,,118,33.68392222,-98.077175000,0,8,0,0,1,1,1,0,2,10,0,10,0,0000000,88,88,88,88,88,88,19,23,0,1,0
48,480516,1,1,0,0,0,1,1,291,1380,23,3,2011,4,7,50,0,4,8,FM787,,115,30.41215000,-94.926252780,0,32,0,0,1,1,4,0,1,1,0,1,0,0000000,88,88,88,88,88,88,0,0,0,1,0
48,480517,2,2,0,0,0,4,4,61,3030,24,3,2011,5,11,17,1,13,8,SL499,BU77X,0,26.17321389,-97.673563890,0,12,6,0,2,2,1,0,1,1,0,1,0,0000000,11,21,11,26,11,40,20,0,0,1,0
48,480518,1,1,0,0,0,1,1,181,0,4,3,2011,6,12,13,0,6,4,PRESTON BEND RD,,0,33.88170556,-96.648305560,0,35,0,0,1,1,4,0,1,10,0,10,0,0000000,99,99,99,99,99,99,0,0,0,1,0
48,480519,2,2,0,0,0,2,2,201,3280,5,3,2011,7,10,0,1,12,8,SL8,BELLFORT,78,29.65323889,-95.550627780,0,12,6,1,2,2,1,0,1,10,0,10,0,0000000,88,88,88,88,88,88,0,0,0,1,0
48,480520,1,1,0,0,0,1,1,467,0,7,3,2011,2,18,55,0,4,3,SR-110,,65,32.59498611,-95.663625000,0,11,0,0,1,1,1,0,2,1,0,1,0,0000000,88,88,88,88,88,88,0,0,0,1,0
48,480521,1,1,0,0,0,1,1,313,0,10,3,2011,5,13,5,0,6,8,FM 2158,,72,30.98590278,-95.767997220,0,1,0,0,1,1,1,0,1,1,0,1,0,0000000,88,88,88,88,88,88,0,0,0,1,1
48,480522,1,1,0,0,0,1,1,289,0,11,3,2011,6,0,50,1,2,2,US-79,,64,31.38729167,-96.125558330,0,11,0,0,1,1,1,0,2,1,0,1,0,0000000,88,88,88,88,88,88,0,0,0,1,0
48,480523,1,1,0,0,0,1,1,55,0,12,3,2011,7,6,10,0,4,8,FM 20,,88,29.84725556,-97.707300000,0,11,0,0,1,1,1,0,2,1,0,1,0,0000000,99,99,99,99,99,99,0,0,0,1,0
48,480524,1,1,0,0,0,1,1,149,0,12,3,2011,7,19,20,0,4,8,FM 1291,,41,30.09086111,-96.793408330,0,1,0,0,1,1,4,0,2,1,0,1,0,0000000,88,88,88,88,88,88,0,0,0,1,0
48,480525,1,1,0,0,0,1,1,425,0,12,3,2011,7,20,45,1,2,2,US-67,,30,32.20379722,-97.792483330,0,32,0,0,1,1,4,0,2,1,0,1,0,0000000,88,88,88,88,88,88,0,0,0,1,0
48,480526,2,2,0,0,0,5,5,113,2590,13,3,2011,1,4,45,1,11,1,I-30,,264,32.83512500,-96.607533330,0,12,1,0,1,1,1,0,3,1,0,1,0,0000000,5,7,5,27,5,42,0,0,0,2,0
48,480527,1,1,0,1,1,1,1,201,3280,13,3,2011,1,6,30,1,12,3,SR-249,,222,29.89799722,-95.428816670,0,8,0,0,1,1,1,0,4,10,0,10,0,0000000,6,30,6,36,7,10,0,0,0,1,0
48,480528,1,1,0,0,0,2,2,365,0,13,3,2011,1,7,20,1,2,2,US-79,,196,32.17011944,-94.322961110,0,42,0,0,1,1,4,0,1,1,0,1,0,0000000,7,37,8,5,8,36,0,0,0,1,1
48,480529,1,1,0,0,0,2,2,453,0,13,3,2011,1,21,6,0,6,8,OLD LOCKHART RD,MUSTANG MESA DR,0,30.06659722,-97.713786110,0,38,0,0,1,1,4,0,5,1,0,1,0,0000000,21,7,21,18,22,12,0,0,0,1,0
48,480530,1,1,0,1,1,1,1,141,2190,14,3,2011,2,7,44,0,16,5,VISTA DEL SOL,LOU GRAHAM,0,31.75268611,-106.309716670,0,8,0,0,3,2,1,0,1,1,0,1,0,0000000,88,88,88,88,88,88,0,0,0,1,0
48,480531,2,2,0,1,1,2,2,201,3280,14,3,2011,2,0,28,1,11,1,I-45,,185,29.71231389,-95.310858330,0,9,0,0,1,1,1,0,2,1,0,1,0,0000000,88,88,88,88,88,88,16,0,0,1,0
48,480532,2,2,0,0,0,4,4,203,0,14,3,2011,2,15,20,0,6,4,SEBRING,,0,32.58134167,-94.388947220,0,12,6,0,8,1,1,0,1,1,0,1,0,0000000,15,26,15,34,99,99,0,0,0,1,0
48,480533,1,1,0,0,0,1,1,157,0,16,3,2011,4,3,45,0,4,8,FM 359,,154,29.67135556,-95.838902780,0,38,0,0,1,1,4,0,2,1,0,1,0,0000000,88,88,88,88,88,88,0,0,0,1,1
48,480534,1,1,0,0,0,1,1,287,0,16,3,2011,4,15,37,0,4,8,FM 141,,67,30.31027222,-96.781380560,0,31,0,0,1,1,4,0,1,1,0,1,0,0000000,88,88,88,88,88,88,0,0,0,1,0
48,480535,1,1,0,0,0,3,3,439,2450,16,3,2011,4,18,6,1,11,1,I-820,,161,32.84228611,-97.339705560,0,24,0,1,18,1,10,0,1,1,0,1,0,0000000,18,21,18,26,19,4,0,0,0,1,1
48,480536,1,1,0,0,0,2,2,89,0,17,3,2011,5,20,15,0,4,8,FM 102,,265,29.65412222,-96.401241670,0,1,0,0,1,1,4,0,2,10,0,10,0,0000000,88,88,88,88,88,88,0,0,0,2,1
48,480537,1,1,0,0,0,1,1,41,970,18,3,2011,6,1,41,1,12,7,US-190,,30,30.71009444,-96.372758330,0,59,0,1,19,1,10,0,2,10,0,10,0,0000000,88,88,88,88,88,88,0,0,0,1,1
48,480538,1,1,0,1,1,1,1,41,1440,18,3,2011,6,22,31,1,13,3,SR-30,,30,30.64762222,-96.284705560,0,8,0,0,1,1,1,0,2,1,0,1,0,0000000,88,88,88,88,88,88,0,0,0,1,0
48,480539,1,1,0,0,0,1,1,63,0,18,3,2011,6,20,15,0,5,8,FM 3042,,55,32.99065278,-94.995375000,0,42,0,0,1,1,4,0,2,1,0,1,0,0000000,88,88,88,88,88,88,0,0,0,1,0
48,480540,1,1,0,0,0,1,1,139,0,18,3,2011,6,14,58,1,1,1,I-35,,130,32.26736111,-96.871202780,0,1,0,0,1,1,4,0,1,1,0,1,0,0000000,88,88,88,88,88,88,0,0,0,1,0
48,480541,1,1,0,0,0,1,1,313,0,18,3,2011,6,4,30,1,1,1,I-45,,153,31.04622222,-95.945130560,0,1,0,0,1,1,3,0,2,1,0,1,0,0000000,88,88,88,88,88,88,0,0,0,1,0
48,480543,2,2,0,0,0,2,2,15,7243,19,3,2011,7,17,8,1,2,3,SR-36,N LEGION RD,63,29.63260278,-96.067605560,0,12,6,0,2,2,1,0,1,1,0,1,0,0000000,88,88,88,88,88,88,0,0,0,1,0
48,480544,1,1,0,0,0,1,1,27,0,19,3,2011,7,20,30,0,6,4,220,,0,30.99138889,-97.880780560,0,38,0,0,1,1,4,0,5,1,0,1,0,0000000,99,99,99,99,99,99,0,0,0,1,1
48,480545,1,1,0,0,0,4,4,363,0,19,3,2011,7,9,5,1,1,1,I-20,,74,32.55475278,-98.260891670,0,1,0,0,1,1,3,0,1,1,0,1,0,0000000,99,99,99,99,99,99,0,0,0,1,0
48,480546,2,2,0,0,0,4,4,113,2590,20,3,2011,1,1,30,1,11,1,I-30,,268,32.84003611,-96.595969440,0,12,1,0,1,1,1,0,3,1,0,1,0,0000000,88,88,88,88,88,88,0,0,0,1,1
48,480547,1,1,0,0,0,4,4,227,0,20,3,2011,1,17,23,1,1,1,I-20,,119,32.16987778,-101.678900000,0,1,0,0,1,1,3,0,1,1,0,1,0,0000000,17,37,17,52,18,22,0,0,0,1,0
48,480548,1,1,0,0,0,2,2,439,2450,20,3,2011,1,2,59,0,16,5,SYLVANIA AVE,,0,32.82848333,-97.308772220,0,1,0,0,1,1,1,0,2,1,0,1,0,0000000,99,99,99,99,99,99,0,0,0,1,0
48,480549,2,2,0,0,0,7,7,439,2450,20,3,2011,1,3,28,1,11,1,I-30,,191,32.76056667,-97.236558330,0,12,7,0,1,1,1,0,3,1,0,1,0,0000000,3,30,3,32,4,9,0,0,0,1,0
48,480550,2,2,0,0,0,2,2,113,2590,22,3,2011,3,8,11,1,12,3,SR-190,W CAMPBELL RD,109,32.97516111,-96.655891670,0,12,6,1,2,2,1,0,1,1,0,1,0,0000000,8,12,8,14,8,57,0,0,0,1,0
48,480551,2,2,0,0,0,2,2,141,2190,22,3,2011,3,20,46,1,12,2,US-54,,95,31.82783056,-106.438752780,0,12,6,0,1,1,1,0,3,1,0,1,0,0000000,88,88,88,88,88,88,0,0,0,1,2
48,480552,2,2,0,0,0,2,2,201,3280,22,3,2011,3,22,50,1,13,8,SL 8,LITTLE YORK RD,171,29.86726944,-95.563525000,0,12,6,1,2,2,1,0,3,1,0,1,0,0000000,22,52,23,0,23,54,0,0,0,1,0
48,480553,1,1,0,0,0,8,8,37,0,23,3,2011,4,8,3,1,1,1,I-30,,299,33.47186667,-94.250400000,0,1,0,0,1,1,3,0,1,1,0,1,0,0000000,8,3,8,15,9,1,0,0,0,1,0
48,480554,1,1,0,1,1,1,1,449,4750,23,3,2011,4,21,39,0,14,8,FM 127,,110,33.15152222,-94.979275000,0,8,0,0,1,1,1,0,3,1,0,1,0,0000000,21,33,21,39,22,4,0,0,0,1,0
48,480555,1,1,0,0,0,2,2,503,0,23,3,2011,4,16,4,0,3,2,US-380,,295,33.12551111,-98.592247220,0,42,0,0,1,1,4,0,1,1,0,1,0,0000000,16,3,16,8,16,40,0,0,0,1,0
48,480557,2,2,0,0,0,2,2,201,3280,24,3,2011,5,6,20,0,16,5,BROADWAY,,0,29.68636667,-95.277580560,0,12,6,0,1,1,1,0,3,1,0,1,0,0000000,88,88,88,88,88,88,0,0,0,1,0
48,480558,1,1,0,1,1,1,1,141,2190,24,3,2011,5,22,40,1,13,3,SR-62,,76,31.76643056,-106.461780560,0,8,0,0,1,1,1,0,3,1,0,1,0,0000000,88,88,88,88,88,88,0,0,0,1,0
48,480559,2,2,0,0,0,6,6,181,6350,24,3,2011,5,16,14,1,12,3,SR-75,PARK AVE,162,33.61557222,-96.609111110,0,12,6,1,2,2,1,0,1,1,0,1,0,0000000,16,23,16,30,16,50,0,0,0,1,0
48,480560,3,3,0,0,0,4,4,135,5030,25,3,2011,6,11,5,1,13,2,US-285,ODESSA ST,12,31.83074444,-102.357072220,0,12,6,0,2,2,1,0,1,1,0,1,0,0000000,11,5,11,10,11,23,0,0,0,1,0
48,480561,2,2,0,0,0,2,2,27,3027,26,3,2011,7,11,55,0,14,8,FM 2410,COMMERCIAL,71,31.06865556,-97.668050000,0,1,0,0,2,3,1,0,1,1,0,1,0,0000000,88,88,88,88,88,88,0,0,0,1,1
48,480562,1,1,0,0,0,1,1,73,0,26,3,2011,7,22,34,0,4,8,FM 347,,176,31.86391389,-95.233875000,0,18,0,0,1,1,4,0,2,1,0,1,0,0000000,88,88,88,88,88,88,0,0,0,1,1
48,480563,2,2,0,0,0,4,4,141,1150,26,3,2011,7,6,43,1,13,3,SR-20,,62,31.91053056,-106.600236110,0,12,2,0,1,1,1,0,4,1,0,1,0,0000000,7,9,7,29,7,52,0,0,0,1,0
48,480564,1,1,0,0,0,1,1,229,0,26,3,2011,7,10,30,1,1,1,I-10,,142,31.28210278,-105.805900000,0,52,0,0,1,1,4,0,1,1,0,1,0,0000000,10,30,10,47,12,0,0,0,0,1,0
48,480565,1,1,0,0,0,1,1,385,0,26,3,2011,7,16,30,0,5,8,RM 336,,100,29.93062778,-99.800722220,0,1,0,0,1,1,4,0,1,1,0,1,0,0000000,88,88,88,88,88,88,0,0,0,1,0
48,480566,1,1,0,0,0,2,2,423,0,26,3,2011,7,15,56,0,4,8,FM 724,,75,32.37987222,-95.428658330,0,35,0,0,1,1,4,0,1,1,0,1,0,0000000,16,19,16,29,17,23,0,0,0,1,0