STATE,ST_CASE,VE_TOTAL,VE_FORMS,PVH_INVL,PEDS,PERNOTMVIT,PERMVIT,PERSONS,COUNTY,CITY,DAY,MONTH,YEAR,DAY_WEEK,HOUR,MINUTE,NHS,ROAD_FNC,ROUTE,TWAY_ID,TWAY_ID2,MILEPT,LATITUDE,LONGITUD,SP_JUR,HARM_EV,MAN_COLL,RELJCT1,RELJCT2,TYP_INT,REL_ROAD,WRK_ZONE,LGT_COND,WEATHER1,WEATHER2,WEATHER,SCH_BUS,RAIL,NOT_HOUR,NOT_MIN,ARR_HOUR,ARR_MIN,HOSP_HR,HOSP_MN,CF1,CF2,CF3,FATALS,DRUNK_DR
48,480567,1,1,0,0,0,1,1,365,0,27,3,2011,1,22,6,0,3,3,SR-149,,44,32.26843333,-94.465830560,0,1,0,0,1,1,1,0,2,1,0,1,0,0000000,22,17,22,30,23,15,0,0,0,1,1
48,480568,1,1,0,0,0,1,1,401,0,27,3,2011,1,2,40,0,4,8,FM 2011,,14,32.35601667,-94.708413890,0,38,0,0,1,1,4,0,2,10,0,10,0,0000000,88,88,88,88,88,88,0,0,0,1,1
48,480569,1,1,0,0,0,1,1,401,0,27,3,2011,1,16,11,0,3,3,SR-43,,29,32.29943611,-94.556327780,0,1,0,0,1,1,4,0,1,10,0,10,0,0000000,16,12,16,19,17,37,0,0,0,1,0
48,480570,1,1,0,1,1,1,1,183,4080,28,3,2011,2,19,50,1,13,8,SL 281,,46,32.54220000,-94.736605560,0,8,0,0,1,1,1,0,2,1,0,1,0,0000000,19,52,19,57,20,7,0,0,0,1,0
48,480571,2,2,0,0,0,5,5,353,6720,28,3,2011,2,17,8,0,14,3,SR-70,17TH ST,116,32.49510833,-100.378775000,0,12,11,0,2,2,1,0,1,1,0,1,0,0000000,17,8,17,11,17,30,0,0,0,1,0
48,480572,1,1,0,0,0,1,1,191,0,29,3,2011,3,13,50,0,4,8,FM94,,63,34.33298333,-100.483402780,0,31,0,0,1,1,4,0,1,1,0,1,0,0000000,88,88,88,88,88,88,0,0,0,1,0
48,480573,1,1,0,1,1,1,1,287,2640,29,3,2011,3,23,12,1,13,2,US-290,,98,30.17769167,-96.904441670,0,9,0,0,1,1,1,0,2,10,0,10,0,0000000,99,99,23,17,0,28,0,0,0,1,0
48,480574,2,2,0,0,0,2,2,201,3280,30,3,2011,4,1,50,1,12,8,SL8,,122,29.93981667,-95.305494440,0,12,1,0,1,1,1,0,2,2,0,2,0,0000000,1,55,2,0,2,31,0,0,0,1,1
48,480575,1,1,0,1,1,1,1,215,0,30,3,2011,4,17,47,0,6,4,BENITO RAMIREZ RD,,0,26.36473611,-98.081877780,0,9,0,0,1,1,1,0,1,1,0,1,0,0000000,17,48,18,4,18,30,0,0,0,1,0
48,480576,2,2,0,0,0,2,2,277,5220,30,3,2011,4,6,24,0,15,8,FM137,SL286,25,33.64084722,-95.585861110,0,12,6,0,2,2,1,0,2,10,0,10,0,0000000,88,88,88,88,88,88,0,0,0,1,0
48,480577,1,1,0,0,0,1,1,471,3340,30,3,2011,4,2,32,0,5,8,FM1374,,30,30.66970000,-95.573586110,0,42,0,0,1,1,4,0,2,10,0,10,0,0000000,88,88,88,88,88,88,0,0,0,1,1
48,480578,1,1,0,0,0,2,2,491,2620,30,3,2011,4,5,52,0,16,5,SHELL,,0,30.68858611,-97.715652780,0,38,0,0,1,1,4,0,2,10,0,10,0,0000000,99,99,99,99,99,99,0,0,0,1,1
48,480579,1,1,0,0,0,2,2,73,0,31,3,2011,5,18,45,0,6,4,2831,,0,31.47032778,-94.997836110,0,42,0,0,1,1,4,0,1,1,0,1,0,0000000,19,2,19,20,19,59,0,0,0,1,1
48,480580,2,2,0,0,0,1,1,209,990,31,3,2011,5,1,49,1,11,1,I-35,,233,30.08798611,-97.819358330,0,1,0,0,1,1,1,1,3,1,0,1,0,0000000,1,57,2,11,2,39,19,0,0,1,1
48,480581,1,1,0,0,0,1,1,303,0,31,3,2011,5,17,59,0,6,4,7900,,0,33.39995556,-101.741980560,0,35,0,0,1,1,4,0,1,1,0,1,0,0000000,88,88,88,88,88,88,0,0,0,1,1
48,480582,1,1,0,1,1,1,1,391,0,31,3,2011,5,6,9,1,2,2,US-77,,343,28.16403333,-97.397788890,0,8,0,0,1,1,1,0,2,1,0,1,0,0000000,88,88,88,88,88,88,23,0,0,1,0
48,480583,1,1,0,0,0,1,1,361,0,1,4,2011,6,17,15,0,14,8,FM1132,,44,30.13225000,-93.958683330,0,42,0,0,1,1,4,0,1,1,0,1,0,0000000,17,15,17,22,17,49,0,0,0,1,0
48,480584,1,1,0,0,0,1,1,365,0,1,4,2011,6,20,0,0,6,4,268,,0,32.30505278,-94.409336110,0,42,0,0,1,1,4,0,2,10,0,10,0,0000000,88,88,88,88,88,88,0,0,0,1,1
48,480585,1,1,0,0,0,6,6,39,1395,2,4,2011,7,2,3,0,16,5,COLLEGE BLVD,,0,29.04429444,-95.410016670,0,33,0,0,1,1,3,0,2,1,0,1,0,0000000,2,5,2,9,2,52,0,0,0,1,0
48,480586,2,2,0,1,1,2,2,113,1730,2,4,2011,7,6,5,1,13,2,US-175,,31,32.75187500,-96.763175000,0,8,0,0,1,1,1,0,6,1,0,1,0,0000000,88,88,88,88,88,88,0,0,0,1,0
48,480587,2,2,0,0,0,3,3,113,2590,2,4,2011,7,1,41,0,16,5,W WALNUT ST,N SHILOH RD,0,32.91637778,-96.665363890,0,12,6,0,2,2,1,0,3,1,0,1,0,0000000,1,43,1,48,2,0,0,0,0,1,0
48,480588,1,1,0,0,0,1,1,339,0,2,4,2011,7,2,22,1,11,1,I-45,,16,30.13259167,-95.443758330,0,30,0,0,1,1,4,0,3,1,0,1,0,0000000,99,99,2,27,3,8,0,0,0,1,0
48,480589,1,1,0,0,0,1,1,419,0,2,4,2011,7,22,20,0,4,8,FM139,,290,31.73940556,-93.900855560,0,32,0,0,1,1,4,0,2,1,0,1,0,0000000,23,0,23,37,0,12,0,0,0,1,0
48,480590,1,1,0,0,0,1,1,453,330,2,4,2011,7,2,5,0,16,5,FM2304,,61,30.16152778,-97.832488890,0,33,0,0,1,1,4,0,2,1,0,1,0,0000000,88,88,88,88,88,88,0,0,0,1,1
48,480592,2,2,0,0,0,2,2,185,0,3,4,2011,1,9,10,0,5,8,FM 3090,,166,30.44212500,-96.061105560,0,12,6,0,1,1,1,0,1,1,0,1,0,0000000,9,12,9,18,9,35,0,0,0,1,0
48,480593,1,1,0,1,1,1,1,201,0,3,4,2011,1,2,10,1,11,1,I-10,,418,29.77622778,-95.132652780,0,8,0,0,1,1,1,0,2,1,0,1,0,0000000,99,99,99,99,99,99,0,0,0,1,0
48,480594,2,2,0,0,0,2,2,201,3280,3,4,2011,1,2,14,0,16,5,CLAY RD,CAMPBELL RD,0,29.83241667,-95.526413890,0,12,6,0,2,3,1,0,3,1,0,1,0,0000000,88,88,88,88,88,88,0,0,0,1,2
48,480596,1,1,0,0,0,2,2,141,2190,4,4,2011,2,1,17,1,2,8,SL 375,,210,31.83857500,-106.323161110,2,30,0,0,1,1,4,0,3,1,0,1,0,0000000,1,21,1,42,2,9,0,0,0,1,0
48,480597,1,1,0,0,0,1,1,209,0,4,4,2011,2,19,23,0,6,4,214,,0,29.91227778,-98.104122220,0,38,0,0,1,1,4,0,1,1,0,1,0,0000000,19,23,19,33,20,24,0,0,0,1,1
48,480598,1,1,0,0,0,1,1,293,0,4,4,2011,2,4,17,0,4,3,SR-164,,36,31.51358056,-96.476269440,0,42,0,0,1,1,4,0,2,10,0,10,0,0000000,4,19,4,27,4,44,0,0,0,1,0
48,480599,2,2,0,0,0,2,2,423,0,4,4,2011,2,14,0,1,2,2,US-69,1215,103,32.19823611,-95.320033330,0,12,1,0,3,3,1,0,1,1,0,1,0,0000000,14,3,14,9,14,46,0,0,0,1,0
48,480600,1,1,0,0,0,1,1,439,260,4,4,2011,2,9,20,0,16,5,SUBLETT RD,,0,32.64868889,-97.158397220,0,59,0,0,1,1,4,0,1,1,0,1,0,0000000,9,21,9,25,9,56,0,0,0,1,0
48,480601,2,2,0,0,0,3,3,455,0,4,4,2011,2,19,53,0,3,3,SR-94,,174,31.24134444,-94.951047220,0,12,2,0,1,1,2,0,5,1,0,1,0,0000000,20,2,20,15,20,40,0,0,0,1,0
48,480602,1,1,0,0,0,1,1,61,940,5,4,2011,3,1,0,0,15,8,FM 803,,18,26.05005833,-97.528225000,0,30,0,0,1,1,4,0,3,1,0,1,0,0000000,88,88,88,88,88,88,0,0,0,1,0
48,480603,2,2,0,0,0,3,3,201,3280,5,4,2011,3,6,40,0,16,5,NORTHBOROUGH,RANKIN,0,29.96525833,-95.426469440,0,12,6,0,2,3,1,0,1,1,0,1,0,0000000,88,88,88,88,88,88,0,0,0,1,0
48,480604,2,2,0,0,0,5,5,201,3280,5,4,2011,3,23,45,1,11,1,I-45,,289,29.82887500,-95.381316670,0,12,1,1,18,1,1,0,3,1,0,1,0,0000000,99,99,99,99,99,99,0,0,0,1,0
48,480605,1,1,0,1,1,1,1,209,3760,5,4,2011,3,20,15,0,15,8,BI 35J,,102,29.99453056,-97.871800000,0,8,0,0,1,1,1,0,3,1,0,1,0,0000000,99,99,99,99,99,99,0,0,0,1,0
48,480606,3,3,0,0,0,3,3,309,0,5,4,2011,3,9,0,1,2,3,SR-6,COMPTON,74,31.59942500,-97.355127780,0,12,1,0,2,3,1,0,1,1,0,1,0,0000000,88,88,88,88,88,88,0,0,0,1,0
48,480607,1,1,0,0,0,3,3,113,1240,6,4,2011,4,10,12,1,12,2,US-67,,130,32.61617500,-96.917947220,0,1,0,1,18,1,3,0,1,1,0,1,0,0000000,10,21,10,26,10,53,0,0,0,1,0
48,480608,2,2,0,0,0,2,2,399,0,6,4,2011,4,15,54,1,2,2,US-67,,102,31.63350556,-100.073916670,0,12,1,0,1,1,1,0,1,10,0,10,1,0000000,88,88,88,88,88,88,0,0,0,1,0
48,480609,2,2,0,0,0,4,4,425,0,6,4,2011,4,12,20,0,4,8,FM-56,,22,32.28295278,-97.807916670,0,12,6,0,8,1,1,0,1,1,0,1,0,0000000,12,20,12,39,12,55,0,0,0,1,0
48,480610,1,1,0,0,0,1,1,453,330,6,4,2011,4,8,34,1,12,8,SL 1,,182,30.39026667,-97.734955560,0,21,0,1,19,1,4,0,1,1,0,1,0,0000000,88,88,88,88,88,88,0,0,0,1,0
48,480611,1,1,0,1,1,1,1,471,3340,6,4,2011,4,3,1,1,11,1,I-45,,97,30.64331389,-95.509269440,0,8,0,1,18,1,1,0,2,1,0,1,0,0000000,88,88,88,88,88,88,0,0,0,1,0
48,480612,2,2,0,0,0,3,3,113,1730,7,4,2011,5,18,30,0,16,5,MUNGER BLVD,TERRY ST,0,32.79375833,-96.759097220,0,12,6,0,2,2,1,0,1,1,0,1,0,0000000,18,32,18,37,18,54,0,0,0,1,0
48,480613,2,2,0,0,0,2,2,181,6350,7,4,2011,5,22,11,0,14,8,FM 1417,,97,33.59326389,-96.614316670,0,12,1,0,8,1,1,0,2,1,0,1,0,0000000,22,11,22,15,22,36,0,0,0,1,1
48,480614,2,2,0,0,0,3,3,375,0,7,4,2011,5,8,5,1,13,7,SL 335,RM 1061,7,35.24379722,-101.934283330,0,12,6,0,2,2,1,0,1,10,0,10,0,0000000,88,88,88,88,88,88,0,0,0,1,0
48,480615,2,2,0,0,0,4,4,467,0,7,4,2011,5,15,5,0,4,8,FM 314,KANSAS ST,2,32.52154167,-95.643141670,0,12,6,0,2,2,1,0,1,1,0,1,0,0000000,15,9,15,11,15,59,0,0,0,1,0
48,480616,2,2,0,1,1,2,2,491,1242,7,4,2011,5,7,0,1,13,2,US-183,,218,30.53313333,-97.835297220,0,8,0,0,1,1,1,0,4,1,0,1,0,0000000,88,88,88,88,88,88,0,0,0,1,0
48,480617,1,1,0,1,1,1,1,21,0,8,4,2011,6,2,32,1,2,2,US-290,,125,30.26937222,-97.234883330,0,8,0,0,1,1,1,0,2,10,0,10,0,0000000,88,88,88,88,88,88,0,0,0,1,0
48,480618,2,2,0,0,0,3,3,61,940,8,4,2011,6,12,31,1,12,2,US-77,,341,25.95371111,-97.505675000,0,12,1,0,1,1,1,0,1,1,0,1,0,0000000,99,99,99,99,99,99,0,0,0,1,0
48,480619,3,3,0,0,0,4,4,113,1730,8,4,2011,6,11,51,1,13,8,FM 1382,CAMP WISDOM RD,68,32.65620556,-96.979869440,0,12,1,0,3,2,1,0,1,1,0,1,0,0000000,12,9,12,19,12,40,0,0,0,1,0
48,480620,1,1,0,1,1,3,3,113,2800,8,4,2011,6,21,30,0,16,5,OAKDALE RD,,0,32.79238333,-96.999097220,0,49,0,0,1,1,1,0,3,1,0,1,0,0000000,88,88,88,88,88,88,0,0,0,1,1
48,480621,2,2,0,0,0,4,4,365,0,8,4,2011,6,17,31,1,2,2,US-59,304,98,32.19809444,-94.341530560,0,12,6,0,2,2,1,0,1,1,0,1,0,0000000,17,33,17,42,17,54,0,0,0,3,0
48,480622,1,1,0,1,1,1,1,465,1820,8,4,2011,6,23,35,1,13,2,US-277,,19,29.35846667,-100.875905560,0,8,0,0,1,1,1,0,2,1,0,1,0,0000000,23,38,23,44,23,59,0,0,0,1,0
48,480623,1,1,0,1,1,1,1,29,6090,9,4,2011,7,13,23,0,4,8,SL1604,,59,29.57466944,-98.338580560,0,8,0,0,1,1,1,0,1,1,0,1,0,0000000,88,88,88,88,88,88,0,0,0,1,0
48,480624,2,2,0,0,0,3,3,37,0,9,4,2011,7,16,30,1,1,1,I-30,,127,33.43552500,-94.530872220,0,12,1,0,1,1,1,0,1,1,0,1,0,0000000,99,99,16,44,17,30,19,0,0,1,0
48,480625,1,1,0,0,0,1,1,53,0,9,4,2011,7,17,58,0,3,3,SR-29,,56,30.76400556,-98.310816670,0,53,0,0,1,1,4,0,1,1,0,1,0,0000000,18,7,18,12,18,25,0,0,0,1,0
48,480626,1,1,0,1,1,1,1,71,9997,9,4,2011,7,0,20,1,13,3,SR-146,,74,29.78134444,-94.912883330,0,8,0,0,1,1,1,0,2,1,0,1,0,0000000,0,25,0,42,1,9,0,0,0,1,0
48,480627,2,2,0,0,0,2,2,201,3280,9,4,2011,7,10,4,0,16,5,S WAYSIDE DR,BROCK ST,0,29.70604444,-95.318369440,0,1,0,0,2,2,1,0,1,1,0,1,0,0000000,99,99,99,99,10,35,0,0,0,1,0
48,480628,1,1,0,0,0,1,1,217,0,9,4,2011,7,4,10,1,1,1,I-35W,,162,32.06050833,-97.096594440,0,20,0,0,1,1,4,0,3,10,0,10,0,0000000,88,88,88,88,88,88,0,0,0,1,1
48,480629,2,2,0,0,0,2,2,241,0,9,4,2011,7,0,45,0,5,8,FM1007,,36,31.10549444,-94.005416670,0,12,2,0,1,1,1,0,2,1,0,1,0,0000000,0,46,0,59,1,52,0,0,0,1,2
48,480630,1,1,0,0,0,1,1,317,0,9,4,2011,7,4,15,1,2,3,SR-349,,122,32.15025556,-102.114400000,0,34,0,0,1,1,4,0,2,1,0,1,0,0000000,88,88,88,88,88,88,0,0,0,1,1
48,480631,1,1,0,0,0,1,1,19,0,10,1,2011,2,6,58,0,5,8,FM 3240,,44,29.76793611,-99.109297220,0,1,0,0,1,1,1,0,2,5,0,5,0,0000000,7,1,7,4,8,0,0,0,0,1,0
48,480632,3,3,0,0,0,4,4,423,0,11,1,2011,3,13,5,1,13,8,SL 323,MORNINGSIDE DR,13,32.37826667,-95.268163890,0,12,6,0,2,2,1,0,1,1,0,1,0,0000000,13,4,13,6,13,39,0,0,0,1,0
48,480633,1,1,0,0,0,1,1,53,0,28,1,2011,6,15,50,0,6,4,342C,,0,30.57885278,-98.231977780,0,30,0,0,1,1,4,0,1,1,0,1,0,0000000,16,0,16,24,16,52,0,0,0,1,0
48,480634,2,2,0,0,0,5,5,439,2450,12,2,2011,7,22,42,0,16,5,MCCART AVE,GREENRIDGE DR,0,32.63799167,-97.369847220,0,12,6,0,2,3,1,0,3,1,0,1,0,0000000,22,45,22,49,23,45,0,0,0,1,1
48,480635,2,2,0,0,0,2,2,201,3280,13,2,2011,1,16,20,1,11,1,I-610,,18,29.80925833,-95.439969440,0,12,7,0,1,1,1,1,1,10,0,10,0,0000000,88,88,88,88,88,88,0,0,0,1,0
48,480636,1,1,0,1,1,1,1,375,150,13,2,2011,1,5,20,1,13,3,SR-136,,127,35.23117778,-101.777741670,0,8,0,0,1,1,1,0,2,1,0,1,0,0000000,5,26,5,35,6,19,0,0,0,1,0
48,480637,1,1,0,0,0,1,1,141,2190,18,2,2011,6,2,29,0,16,5,SUNLAND PARK,CRESTMONT DR,0,31.82327500,-106.536155560,0,30,0,0,2,2,4,0,3,1,0,1,0,0000000,88,88,88,88,88,88,0,0,0,1,1
48,480638,2,2,0,0,0,3,3,157,0,19,2,2011,7,12,55,1,13,8,FM 1093,GASTON RD,36,29.69964167,-95.785266670,0,12,6,0,2,3,1,0,1,1,0,1,0,0000000,12,57,13,6,13,43,0,0,0,1,0
48,480639,1,1,0,0,0,1,1,439,2450,25,2,2011,6,2,50,1,13,3,SR-170,,45,32.98543889,-97.251450000,0,46,0,0,1,1,3,0,3,1,0,1,0,0000000,88,88,88,88,88,88,0,0,0,1,1
48,480640,2,2,0,0,0,3,3,427,5780,27,2,2011,1,23,9,0,3,8,FM 755,,275,26.40012500,-98.779900000,0,12,2,0,1,1,1,0,2,1,0,1,0,0000000,23,11,23,31,0,2,0,0,0,1,1
48,480641,1,1,0,0,0,4,4,155,0,5,3,2011,7,18,15,0,6,4,327,,0,33.96386389,-99.768175000,0,58,0,0,1,1,1,0,1,1,0,1,0,0000000,18,30,18,35,19,20,0,0,0,2,0
48,480642,1,1,0,1,1,1,1,201,3280,5,3,2011,7,2,4,0,16,5,ALDINE BENDER RD,,0,29.93066389,-95.297183330,0,8,0,0,1,1,1,0,2,10,0,10,0,0000000,88,88,88,88,88,88,0,0,0,1,0
48,480643,1,1,0,0,0,2,2,85,5730,6,3,2011,1,1,54,1,12,2,US-75RAMP,,135,33.00196667,-96.708922220,0,39,0,1,5,1,4,0,3,1,0,1,0,0000000,88,88,88,88,88,88,0,0,0,2,1
48,480644,1,1,0,0,0,1,1,143,0,6,3,2011,1,5,35,1,2,2,US-377,,7,32.30019167,-98.115444440,0,38,0,0,1,1,4,0,2,1,0,1,0,0000000,5,43,5,54,6,28,0,0,0,1,0
48,480645,2,2,0,0,0,2,2,179,0,9,3,2011,4,5,19,0,3,3,SR-152,,155,35.54850000,-100.748233330,0,12,1,0,1,1,1,0,2,1,0,1,0,0000000,5,27,5,44,7,3,0,0,0,1,0
48,480646,2,2,0,0,0,2,2,29,3942,10,3,2011,5,6,28,0,14,8,RM471,,7,29.48593056,-98.625319440,0,12,1,0,1,1,1,0,3,1,0,1,0,0000000,6,29,6,31,6,53,0,0,0,1,0
48,480647,1,1,0,0,0,2,2,257,0,11,3,2011,6,22,55,0,3,3,SR-34,,103,32.45415556,-96.441677780,0,1,0,0,1,1,4,0,2,1,0,1,0,0000000,99,99,99,99,99,99,0,0,0,1,1
48,480648,1,1,0,0,0,1,1,343,0,16,3,2011,4,19,41,0,3,3,SR-49,,47,33.06547500,-94.748744440,0,23,0,0,1,1,4,0,1,1,0,1,0,0000000,88,88,88,88,88,88,0,0,0,1,0
48,480649,1,1,0,0,0,1,1,339,0,18,3,2011,6,14,36,0,4,8,FM149,,110,30.47249722,-95.694436110,0,42,0,0,1,1,4,0,1,1,0,1,0,0000000,88,88,88,88,88,88,0,0,0,1,1
48,480650,1,1,0,1,1,1,1,339,0,19,3,2011,7,20,30,0,15,8,FM1485,,251,30.17210278,-95.239469440,0,8,0,0,1,1,2,0,2,1,0,1,0,0000000,88,88,88,88,88,88,0,0,0,1,0
48,480651,1,1,0,0,0,5,5,439,2450,24,3,2011,5,12,25,1,11,1,I-35,,91,32.78281111,-97.320630560,0,24,0,1,18,1,8,0,1,1,0,1,0,0000000,12,28,12,31,13,7,0,0,0,1,0
48,480652,1,1,0,0,0,1,1,133,0,25,3,2011,6,17,55,1,1,1,I-20,,138,32.50259167,-98.481783330,0,24,0,1,18,1,10,0,1,1,0,1,0,0000000,88,88,88,88,88,88,0,0,0,1,0
48,480653,1,1,0,1,1,1,1,231,0,25,3,2011,6,4,28,1,1,7,I-30,,67,33.02716944,-96.194175000,0,8,0,0,1,1,1,0,2,1,0,1,0,0000000,88,88,88,88,88,88,19,0,0,1,0
48,480654,1,1,0,0,0,1,1,59,380,26,3,2011,7,22,19,0,4,8,BI 20T,,18,32.39541111,-99.405169440,0,59,0,0,1,1,4,0,3,1,0,1,0,0000000,88,88,88,88,88,88,0,0,0,1,1
48,480655,1,1,0,0,0,1,1,167,1658,27,3,2011,1,1,50,0,3,3,SR-87,,217,29.42484167,-94.696063890,0,1,0,0,1,1,4,0,2,1,0,1,0,0000000,2,5,2,10,2,50,0,0,0,1,0
48,480656,1,1,0,1,1,1,1,201,3280,6,2,2011,1,3,28,1,13,3,SR-6,,134,29.74480278,-95.644550000,0,8,0,0,1,1,1,0,2,1,0,1,0,0000000,88,88,88,88,88,88,0,0,0,1,0
48,480657,2,2,0,0,0,3,3,29,0,23,3,2011,4,20,59,0,4,8,SL 1604,,69,29.21767778,-98.407077780,0,12,8,0,1,1,1,0,2,1,0,1,0,0000000,21,2,21,9,21,12,0,0,0,1,1
48,480658,1,1,0,0,0,1,1,29,6067,24,3,2011,5,22,0,0,3,8,FM 1518,,106,29.44058889,-98.225327780,0,1,0,0,1,1,4,0,2,1,0,1,0,0000000,88,88,88,88,88,88,0,0,0,1,1
48,480659,1,1,0,0,0,4,4,325,3250,14,4,2011,5,0,5,0,16,5,22ND ST,V AVE,0,29.34408333,-99.151486110,0,59,0,0,3,2,4,0,3,1,0,1,0,0000000,99,99,99,99,99,99,0,0,0,1,1
48,480660,1,1,0,0,0,1,1,375,150,14,4,2011,5,12,34,1,11,1,I-40,,213,35.19263611,-101.790513890,0,25,0,0,1,1,3,0,1,1,0,1,0,0000000,11,49,11,56,12,39,0,0,0,1,0
48,480661,1,1,0,0,0,1,1,439,2800,14,4,2011,5,22,1,1,12,3,SR-360,,84,32.80313889,-97.053963890,0,24,0,0,1,1,4,0,3,10,0,10,0,0000000,88,88,88,88,88,88,0,0,0,1,0
48,480662,1,1,0,0,0,1,1,67,4000,15,4,2011,6,13,39,0,4,8,FM125,,10,33.01909167,-94.366133330,0,42,0,0,1,1,4,0,1,6,0,6,0,0000000,88,88,88,88,88,88,0,0,0,1,0
48,480663,2,2,0,0,0,2,2,99,1540,15,4,2011,6,23,33,0,14,8,FM116,HILL ST,237,31.12935556,-97.901305560,0,12,6,0,2,2,1,0,3,1,0,1,0,0000000,99,99,23,37,0,3,0,0,0,1,1
48,480664,1,1,0,0,0,1,1,149,0,15,4,2011,6,18,10,0,6,4,THREE MILE RD,,0,29.77517500,-97.195050000,0,38,0,0,1,1,4,0,1,1,0,1,0,0000000,18,20,18,30,19,18,0,0,0,1,1
48,480665,1,1,0,0,0,1,1,175,0,15,4,2011,6,0,10,1,2,2,US-59,,173,28.52444444,-97.605186110,0,23,0,0,1,1,4,0,2,10,0,10,0,0000000,99,99,99,99,99,99,0,0,0,1,1
48,480666,2,2,0,0,0,2,2,201,3280,15,4,2011,6,10,30,1,12,8,SL8,,130,29.77069167,-95.562363890,0,12,7,0,1,1,1,0,1,1,0,1,0,0000000,88,88,88,88,88,88,0,0,0,1,0
48,480667,1,1,0,0,0,4,4,361,0,15,4,2011,6,2,0,0,3,3,SR-62,HICORY BEND DR,16,30.23527500,-93.890500000,0,30,0,0,3,1,4,0,2,1,0,1,0,0000000,2,7,2,21,3,23,0,0,0,1,1
48,480668,3,3,0,0,0,6,6,365,0,15,4,2011,6,18,51,0,3,2,US-79,107,58,32.15981111,-94.416975000,0,12,9,0,3,3,1,0,1,1,0,1,0,0000000,18,53,19,1,19,50,0,0,0,1,0
48,480669,1,1,0,1,1,1,1,453,330,15,4,2011,6,22,17,1,13,8,FM2304,DITTMAR RD,41,30.18595556,-97.816272220,0,33,0,0,3,2,4,0,3,1,0,1,0,0000000,88,88,88,88,88,88,20,0,0,1,0
48,480670,1,1,0,1,1,1,1,61,3030,16,4,2011,7,2,9,0,16,5,AUSTIN ST,N 9TH ST,0,26.20219444,-97.686833330,0,9,0,0,2,3,1,0,3,1,0,1,0,0000000,2,15,2,24,2,39,0,0,0,1,1
48,480671,1,1,0,1,1,3,3,113,1730,16,4,2011,7,22,55,0,14,3,SR-78,,140,32.82789722,-96.709141670,0,8,0,0,1,1,1,0,3,1,0,1,0,0000000,23,1,23,5,23,16,0,0,0,1,0
48,480672,2,2,0,0,0,3,3,157,6568,16,4,2011,7,13,30,1,12,7,US-59,CORPORATE DR,16,29.63181111,-95.589830560,0,12,1,0,2,3,1,0,1,1,0,1,0,0000000,13,51,14,15,14,54,0,0,0,1,0
48,480673,2,2,0,0,0,2,2,177,0,16,4,2011,7,20,42,1,2,2,US-87,,32,29.27369444,-97.737344440,0,12,2,0,1,1,1,0,2,1,0,1,0,0000000,88,88,88,88,88,88,0,0,0,2,1
48,480674,1,1,0,0,0,1,1,201,3280,16,4,2011,7,21,15,1,11,1,I-610RAMP,,67,29.74922222,-95.456255560,0,25,0,1,5,1,4,0,3,1,0,1,0,0000000,21,15,21,28,21,43,0,0,0,1,1
48,480675,1,1,0,0,0,2,2,357,5300,16,4,2011,7,19,22,0,15,8,SL 143,COUNTY RD 17,96,36.41818611,-100.784355560,0,43,0,0,2,4,4,0,1,1,0,1,0,0000000,19,30,19,34,19,53,0,0,0,1,0
48,480676,1,1,0,0,0,1,1,363,4630,16,4,2011,7,0,50,1,13,2,US-180,12TH AVE,348,32.80697500,-98.128980560,0,24,0,0,3,3,3,0,3,1,0,1,0,0000000,88,88,88,88,88,88,0,0,0,1,1
48,480677,2,2,0,0,0,4,4,385,0,16,4,2011,7,13,55,0,5,8,RM 336,,155,29.86815833,-99.789344440,0,1,0,0,1,1,1,0,1,1,0,1,0,0000000,88,88,88,88,88,88,0,0,0,1,0
48,480678,1,1,0,0,0,1,1,479,3899,16,4,2011,7,11,56,1,2,8,FM 1472,,104,27.65539167,-99.564705560,0,1,0,0,1,1,4,0,1,1,0,1,0,0000000,88,88,88,88,88,88,0,0,0,1,0
48,480679,1,1,0,0,0,1,1,61,0,17,4,2011,1,13,23,0,4,8,FM 2925,,94,26.31064167,-97.518050000,0,1,0,0,1,1,4,0,1,1,0,1,0,0000000,88,88,88,88,88,88,0,0,0,1,1
48,480680,2,2,0,0,0,2,2,85,5390,17,4,2011,1,13,46,0,16,5,INDEPENDENCE PKWY,,0,33.04014444,-96.753247220,0,12,6,0,8,1,1,0,1,1,0,1,0,0000000,13,46,13,50,13,59,0,0,0,1,0
48,480681,1,1,0,0,0,6,6,113,1730,17,4,2011,1,20,50,0,16,5,WEBB CHAPEL EXT,,0,32.86070000,-96.865425000,0,30,0,0,1,1,4,0,3,1,0,1,0,0000000,21,0,21,4,21,29,0,0,0,1,0
48,480682,2,2,0,0,0,2,2,113,9997,17,4,2011,1,23,5,1,12,3,SR-121,,5,32.97671944,-97.025002780,0,12,2,0,1,1,1,0,2,1,0,1,0,0000000,23,38,23,59,0,24,0,0,0,1,1
48,480683,2,2,0,0,0,4,4,141,2190,17,4,2011,1,7,57,1,13,3,SR-20,SL375,334,31.67993056,-106.312450000,0,12,6,0,2,2,1,0,1,1,0,1,0,0000000,8,7,8,18,8,43,0,0,0,1,0
48,480684,2,2,0,0,0,2,2,175,0,17,4,2011,1,12,29,0,3,2,US-183,OLD GOLIAD RD,63,28.70734722,-97.387469440,0,12,6,0,2,3,1,0,1,10,0,10,0,0000000,12,30,12,36,13,23,0,0,0,1,0