STATE,ST_CASE,VE_TOTAL,VE_FORMS,PVH_INVL,PEDS,PERNOTMVIT,PERMVIT,PERSONS,COUNTY,CITY,DAY,MONTH,YEAR,DAY_WEEK,HOUR,MINUTE,NHS,ROAD_FNC,ROUTE,TWAY_ID,TWAY_ID2,MILEPT,LATITUDE,LONGITUD,SP_JUR,HARM_EV,MAN_COLL,RELJCT1,RELJCT2,TYP_INT,REL_ROAD,WRK_ZONE,LGT_COND,WEATHER1,WEATHER2,WEATHER,SCH_BUS,RAIL,NOT_HOUR,NOT_MIN,ARR_HOUR,ARR_MIN,HOSP_HR,HOSP_MN,CF1,CF2,CF3,FATALS,DRUNK_DR
48,480685,1,1,0,1,1,2,2,201,9997,17,4,2011,1,0,4,1,13,8,FM528,,21,29.52391667,-95.147308330,0,8,0,0,1,1,1,0,2,1,0,1,0,0000000,0,8,0,17,0,33,0,0,0,1,1
48,480686,2,2,0,0,0,3,3,201,3280,17,4,2011,1,15,19,0,16,5,ALMEDA GENOA RD,MYKAWA RD,0,29.62086667,-95.304630560,0,12,6,0,2,2,1,0,1,1,0,1,0,0000000,88,88,88,88,88,88,0,0,0,1,0
48,480687,2,2,0,0,0,1,1,245,490,17,4,2011,1,21,31,1,11,7,I-10,,4,30.07591944,-94.135916670,0,12,7,0,1,1,1,0,6,1,0,1,0,0000000,21,33,21,33,21,53,0,0,0,1,1
48,480688,2,2,0,0,0,2,2,273,3700,17,4,2011,1,18,22,1,12,7,SR-77,LOUISIANA AVE,46,27.51135556,-97.840997220,0,12,1,0,2,3,1,8,1,1,0,1,0,0000000,18,24,18,27,19,8,0,0,0,1,0
48,480689,1,1,0,0,0,3,3,329,0,17,4,2011,1,7,38,0,4,8,FM1788,,214,31.78958889,-102.176777780,0,1,0,0,1,1,4,0,1,1,0,1,0,0000000,7,41,8,9,8,26,0,0,0,1,0
48,480690,1,1,0,0,0,1,1,365,0,17,4,2011,1,6,28,1,2,2,US-79,,162,32.22635278,-94.222638890,0,53,0,0,1,1,4,0,4,1,0,1,0,0000000,88,88,88,88,88,88,0,0,0,1,1
48,480691,1,1,0,0,0,2,2,201,0,18,4,2011,2,0,53,1,11,1,I-45,,427,30.02305556,-95.428797220,0,59,0,0,1,1,10,0,3,1,0,1,0,0000000,0,58,1,5,2,19,0,0,0,1,1
48,480692,1,1,0,1,1,1,1,439,260,18,4,2011,2,21,10,1,13,8,FM 157,,181,32.69319444,-97.127358330,0,8,0,0,1,1,1,0,3,1,0,1,0,0000000,21,7,21,10,21,27,0,0,0,1,0
48,480693,1,1,0,0,0,5,5,157,4655,19,4,2011,3,7,25,0,16,5,FORT BEND PKWY,,0,29.53536389,-95.503311110,0,24,0,0,1,1,4,8,1,1,0,1,0,0000000,88,88,88,88,88,88,0,0,0,1,0
48,480694,1,1,0,0,0,2,2,167,0,19,4,2011,3,4,45,0,6,4,ELM,,0,29.50764444,-94.996547220,0,18,0,0,1,1,1,0,2,10,0,10,0,0000000,4,49,4,56,5,40,0,0,0,1,0
48,480695,2,2,0,0,0,2,2,303,6410,19,4,2011,3,14,15,1,13,2,US-84,,334,33.46135833,-101.672225000,0,12,2,0,1,1,1,0,1,1,0,1,0,0000000,88,88,88,88,88,88,0,0,0,1,0
48,480696,1,1,0,0,0,1,1,423,0,19,4,2011,3,7,25,0,3,3,SR-64,,283,32.30295278,-95.169725000,0,32,0,0,1,1,4,0,1,1,0,1,0,0000000,88,88,88,88,88,88,0,0,0,1,0
48,480697,2,2,0,0,0,2,2,183,0,20,4,2011,4,12,6,0,3,3,SR-149,,331,32.37272778,-94.619566670,0,12,6,0,1,1,1,0,1,1,0,1,0,0000000,12,6,12,17,12,57,0,0,0,1,0
48,480698,2,2,0,0,0,2,2,201,0,20,4,2011,4,3,40,0,14,8,FM 2920,HANNOVER WOODS,188,30.07038333,-95.449644440,0,12,6,0,2,2,1,0,3,10,0,10,0,0000000,3,45,3,49,5,50,0,0,0,1,1
48,480699,1,1,0,1,1,1,1,27,6810,20,4,2011,4,5,33,1,11,1,I-35,,241,31.11106944,-97.356430560,0,8,0,0,1,1,1,0,3,1,0,1,0,0000000,88,88,88,88,88,88,0,0,0,1,0
48,480700,1,1,0,0,0,1,1,113,1730,21,4,2011,5,10,51,0,16,5,MARSALIS,,0,32.73251667,-96.814433330,0,30,0,0,1,1,3,0,1,2,0,2,0,0000000,10,55,10,57,11,8,0,0,0,1,0
48,480701,2,2,0,0,0,3,3,299,0,21,4,2011,5,17,30,0,3,3,SR-29,,40,30.74325556,-98.897519440,0,12,2,0,1,1,1,0,1,1,0,1,0,0000000,17,19,17,35,18,20,0,0,0,1,0
48,480702,3,3,0,0,0,6,6,61,940,22,4,2011,6,15,48,1,13,3,SR-100,,39,26.07499444,-97.519800000,0,12,6,0,1,1,1,0,1,1,0,1,0,0000000,88,88,88,88,88,88,0,0,0,2,0
48,480703,1,1,0,1,1,1,1,141,2190,22,4,2011,6,2,10,1,11,7,I-10,LEE TREVINO,313,31.74000000,-106.324555560,0,8,0,1,2,2,1,0,3,1,0,1,0,0000000,88,88,88,88,88,88,0,0,0,1,0
48,480704,1,1,0,0,0,3,3,213,0,22,4,2011,6,23,2,0,5,8,FM 607,,0,32.28925000,-95.636941670,0,42,0,0,1,1,4,1,2,1,0,1,0,0000000,23,14,23,28,0,6,0,0,0,2,1
48,480705,2,2,0,0,0,3,3,237,0,22,4,2011,6,10,50,1,2,2,US-281,,340,33.17537222,-98.114247220,0,12,1,0,4,1,1,0,1,1,0,1,0,0000000,10,51,10,58,12,0,0,0,0,1,0
48,480706,2,2,0,0,0,3,3,251,1030,22,4,2011,6,18,1,0,14,8,SS 50,CLARK ST,6,32.54329167,-97.318133330,0,12,6,0,2,2,1,0,1,1,0,1,0,0000000,88,88,88,88,88,88,0,0,0,1,0
48,480707,2,2,0,0,0,2,2,351,0,22,4,2011,6,17,10,0,4,8,FM-82,,2,30.63987500,-93.874800000,0,12,2,0,1,1,1,0,1,1,0,1,0,0000000,17,16,17,39,18,21,0,0,0,1,0
48,480708,1,1,0,0,0,2,2,363,4630,22,4,2011,6,1,4,0,16,5,16TH,,0,32.79629444,-98.095069440,0,33,0,0,1,1,4,0,3,1,0,1,0,0000000,1,8,1,40,2,37,0,0,0,2,1
48,480709,1,1,0,0,0,1,1,419,0,22,4,2011,6,19,35,0,4,8,FM 138,,104,31.77295278,-94.269197220,0,38,0,0,1,1,4,0,1,1,0,1,0,0000000,99,99,99,99,99,99,0,0,0,1,1
48,480710,2,2,0,0,0,7,7,423,7070,22,4,2011,6,21,6,1,13,8,SS 147,BOIS D'ARC,10,32.35957500,-95.302827780,0,12,6,0,2,2,1,0,3,10,0,10,0,0000000,21,21,21,22,21,38,0,0,0,1,1
48,480711,2,2,0,0,0,2,2,29,6090,23,4,2011,7,18,59,0,16,5,UTSA BLVD,AMBERDALE OAK,0,29.57716944,-98.628436110,0,12,1,0,2,3,1,0,5,1,0,1,0,0000000,18,59,19,11,19,39,0,0,0,1,1
48,480712,2,2,0,0,0,2,2,113,1730,23,4,2011,7,6,10,1,11,1,I-635,,26,32.89324444,-96.710677780,0,52,0,0,1,1,10,0,2,1,0,1,0,0000000,6,17,6,22,6,47,0,0,0,1,1
48,480713,2,2,0,0,0,2,2,157,5970,23,4,2011,7,3,13,1,12,3,SR-36,,110,29.56978056,-95.852108330,0,12,2,0,1,1,1,1,2,1,0,1,0,0000000,3,16,3,28,3,56,0,0,0,1,2
48,480714,1,1,0,0,0,2,2,303,0,23,4,2011,7,18,20,0,6,4,5700,,0,33.72330556,-101.835752780,0,1,0,0,1,1,4,0,1,1,0,1,0,0000000,88,88,88,88,88,88,0,0,0,2,1
48,480715,2,2,0,0,0,4,4,303,4140,23,4,2011,7,23,57,0,16,5,MARTIN LUTHER KING,CORNELL ST,0,33.60221667,-101.818455560,0,12,6,0,2,2,1,0,3,1,0,1,0,0000000,0,0,0,10,0,30,0,0,0,1,1
48,480716,1,1,0,0,0,1,1,367,0,23,4,2011,7,4,0,0,4,8,FM 1542,,47,32.92990278,-97.595319440,0,53,0,0,1,1,4,0,2,1,0,1,0,0000000,88,88,88,88,88,88,0,0,0,1,0
48,480717,2,2,0,0,0,3,3,367,0,23,4,2011,7,18,35,0,4,3,SR-171,,152,32.59232778,-97.682650000,0,12,99,0,8,1,1,0,1,1,0,1,0,0000000,18,40,18,52,19,41,0,0,0,1,0
48,480718,1,1,0,1,1,1,1,453,330,23,4,2011,7,23,44,1,13,8,SL 343,,59,30.23903889,-97.788769440,0,9,0,0,1,1,1,0,3,1,0,1,0,0000000,23,45,23,49,0,3,0,0,0,1,0
48,480719,2,2,0,0,0,7,7,61,940,24,4,2011,1,15,26,0,14,8,BU 77Z,WILDROSE ST,13,25.93950000,-97.509811110,0,12,1,0,3,2,1,0,1,1,0,1,0,0000000,15,27,15,33,15,53,0,0,0,1,0
48,480720,1,1,0,0,0,4,4,201,0,24,4,2011,1,3,35,9,9,5,SAM HOUSTON PKWY,,0,99.99990000,999.999900000,0,39,0,9,5,1,8,0,3,1,0,1,0,0000000,3,41,3,48,4,31,0,0,0,1,1
48,480721,1,1,0,0,0,1,1,201,3280,24,4,2011,1,23,57,1,11,1,I-45,,173,29.69525833,-95.286075000,0,21,0,1,18,1,8,0,3,1,0,1,0,0000000,23,58,0,5,0,33,0,0,0,1,1
48,480722,1,1,0,1,1,3,3,209,6170,24,4,2011,1,3,3,1,11,7,I-35,,61,29.86355000,-97.946147220,0,8,0,0,1,1,1,0,3,1,0,1,0,0000000,88,88,88,88,88,88,0,0,0,1,1
48,480723,2,2,0,0,0,3,3,327,4470,24,4,2011,1,12,42,0,4,2,US-190,,208,30.92384444,-99.785680560,0,12,2,0,1,1,1,0,1,2,0,2,0,0000000,12,43,12,47,13,15,0,0,0,2,0
48,480724,1,1,0,0,0,2,2,347,0,24,4,2011,1,15,47,0,6,4,COUNTY ROAD 817,,0,31.80243333,-94.747761110,0,53,0,0,1,1,4,0,1,10,0,10,0,0000000,15,50,16,23,17,3,0,0,0,1,0
48,480725,1,1,0,0,0,1,1,459,0,24,4,2011,1,1,10,0,4,8,FM 1650,,47,32.68228889,-94.805038890,0,1,0,0,1,1,4,0,2,1,0,1,0,0000000,88,88,88,88,88,88,0,0,0,1,1
48,480726,1,1,0,0,0,1,1,29,6090,25,4,2011,2,0,54,1,11,1,I-410,,129,29.48407222,-98.596461110,0,25,0,0,1,1,10,0,3,1,0,1,0,0000000,88,88,88,88,88,88,0,0,0,1,0
48,480727,2,2,0,2,2,4,4,141,2190,25,4,2011,2,19,59,0,16,5,N. COPIA ST,,0,31.79850556,-106.454127780,0,12,2,0,1,1,1,0,1,1,0,1,0,0000000,99,99,99,99,99,99,0,0,0,1,0
48,480728,1,1,0,0,0,2,2,225,0,25,4,2011,2,23,0,0,3,3,SR-21,,4,31.39496944,-95.362161110,0,18,0,0,1,1,1,0,2,2,0,2,0,0000000,23,15,23,24,0,7,0,0,0,1,1
48,480729,2,2,0,0,0,2,2,441,30,25,4,2011,2,8,55,0,14,8,FM 1750,INDUSTRIAL,33,32.40150556,-99.707997220,0,12,6,0,2,2,1,0,1,1,0,1,0,0000000,8,58,9,10,9,34,0,0,0,1,0
48,480730,1,1,0,0,0,2,2,293,0,26,4,2011,3,22,5,0,3,3,SR-14,,10,31.40055000,-96.587455560,0,42,0,0,1,1,4,0,2,2,0,2,0,0000000,22,5,22,21,22,52,0,0,0,1,0
48,480731,2,2,0,0,0,2,2,309,0,26,4,2011,3,15,40,1,2,3,SR-31,,115,31.68078611,-96.966908330,0,12,8,0,1,1,1,1,1,1,0,1,0,0000000,88,88,88,88,88,88,0,0,0,1,0
48,480732,1,1,0,0,0,3,3,29,6090,27,4,2011,4,0,15,1,12,2,US-281,,202,29.51879722,-98.479280560,0,21,0,0,1,1,4,0,3,1,0,1,0,0000000,99,99,99,99,99,99,0,0,0,2,1
48,480733,2,2,0,0,0,3,3,73,0,27,4,2011,4,13,0,1,2,2,US-175,,1,32.03968611,-95.435775000,0,12,2,0,1,1,1,0,1,1,0,1,0,0000000,13,16,13,27,14,4,0,0,0,1,0
48,480734,1,1,0,0,0,2,2,201,0,27,4,2011,4,2,30,1,13,8,FM1960,,263,29.99946944,-95.159197220,0,32,0,0,1,1,4,0,2,1,0,1,0,0000000,2,47,3,2,3,31,0,0,0,2,1
48,480735,3,3,0,1,1,7,7,309,7210,27,4,2011,4,11,3,0,16,5,CLAY AVE,S 12TH ST,0,31.54715556,-97.133280560,0,12,11,0,2,2,1,0,1,1,0,1,0,0000000,11,6,11,12,11,49,20,0,0,1,0
48,480736,1,1,0,0,0,1,1,423,0,27,4,2011,4,14,54,0,6,4,313,,0,32.47125000,-95.244597220,0,1,0,0,1,1,4,0,1,1,0,1,0,0000000,99,99,99,99,99,99,0,0,0,1,0
48,480737,1,1,0,0,0,1,1,27,6810,28,4,2011,5,6,25,1,13,3,SR-53,SS290,100,31.09726667,-97.343197220,0,59,0,0,3,2,3,0,3,1,0,1,0,0000000,99,99,6,28,6,48,0,0,0,1,0
48,480738,4,4,0,0,0,4,4,259,0,28,4,2011,5,16,55,1,1,1,I-10,,234,29.74486389,-98.694186110,0,57,0,0,1,1,3,0,1,1,0,1,0,0000000,16,57,17,5,17,25,0,0,0,1,0
48,480739,2,2,0,0,0,3,3,339,1510,28,4,2011,5,17,49,1,13,3,SR-105,,260,30.32700000,-95.499138890,0,12,6,0,8,1,1,0,1,1,0,1,0,0000000,99,99,17,53,18,41,0,0,0,1,0
48,480740,1,1,0,0,0,1,1,455,0,28,4,2011,5,3,0,0,3,3,SR-94,,91,31.16800278,-95.060200000,0,32,0,0,1,1,4,0,2,1,0,1,0,0000000,88,88,88,88,88,88,0,0,0,1,1
48,480741,1,1,0,0,0,2,2,61,0,29,4,2011,6,3,30,0,14,8,FM 1419,,75,25.86066944,-97.390511110,0,38,0,0,1,1,4,0,2,1,0,1,0,0000000,3,50,4,2,4,22,0,0,0,1,1
48,480742,6,5,1,0,0,7,7,113,1730,29,4,2011,6,19,9,0,16,5,HAMPTON,CALYPSO,0,32.79131944,-96.856394440,0,12,6,0,2,2,1,0,1,1,0,1,0,0000000,88,88,88,88,88,88,0,0,0,1,0
48,480743,2,2,0,0,0,3,3,203,4360,29,4,2011,6,10,51,1,13,2,US-59,,24,32.53689722,-94.349741670,0,1,0,0,8,1,1,0,1,1,0,1,0,0000000,10,53,10,55,11,10,0,0,0,1,1
48,480744,1,1,0,1,1,1,1,29,6090,30,4,2011,7,0,59,1,11,1,I-410,,108,29.45784444,-98.625944440,0,8,0,0,1,1,1,0,3,1,0,1,0,0000000,88,88,88,88,88,88,0,0,0,1,0
48,480745,1,1,0,0,0,3,3,61,940,30,4,2011,7,2,23,1,13,8,FM 802,,62,25.94964444,-97.520205560,0,31,0,0,1,1,3,0,3,1,0,1,0,432642G,2,23,2,32,2,45,0,0,0,1,1
48,480746,2,2,0,0,0,8,8,201,0,30,4,2011,7,9,35,0,6,7,US-90,UVALDE,87,29.82892500,-95.182538890,0,12,6,0,2,2,1,0,1,10,0,10,0,0000000,9,53,10,6,10,40,0,0,0,1,0
48,480747,1,1,0,1,1,2,2,225,0,30,4,2011,7,0,25,0,4,8,FM 2110,,20,31.28552500,-95.477527780,0,8,0,0,1,1,1,0,2,1,0,1,0,0000000,88,88,88,88,88,88,0,0,0,1,0
48,480748,1,1,0,0,0,3,3,265,0,30,4,2011,7,17,13,1,1,1,I-10,,254,30.05685000,-99.041402780,0,1,0,0,1,1,4,0,1,10,0,10,0,0000000,17,17,17,25,18,0,0,0,0,1,0
48,480749,2,2,0,0,0,2,2,329,4560,30,4,2011,7,1,44,1,11,7,I-20,SR-349,90,31.97304722,-102.074219440,0,12,6,1,2,2,1,0,2,1,0,1,0,0000000,1,45,1,49,2,7,0,0,0,1,1
48,480750,2,2,0,0,0,2,2,343,0,30,4,2011,7,7,5,0,3,2,US-259,,37,33.25732222,-94.743505560,0,12,6,0,1,1,2,0,1,10,0,10,0,0000000,7,28,7,47,8,39,0,0,0,1,0
48,480751,1,1,0,1,1,1,1,363,0,9,4,2011,7,23,50,1,1,1,I-20,,203,32.63395278,-98.069158330,0,8,0,0,1,1,1,0,3,1,0,1,0,0000000,88,88,88,88,88,88,0,0,0,1,0
48,480752,1,1,0,0,0,2,2,373,0,9,4,2011,7,2,58,0,3,8,FM356,,2,30.84465278,-95.173875000,0,1,0,0,1,1,1,0,2,1,0,1,0,0000000,3,0,3,14,3,48,0,0,0,1,1
48,480753,1,1,0,0,0,1,1,459,0,9,4,2011,7,20,59,0,4,8,FM2088,,70,32.84159444,-95.048994440,0,42,0,0,1,1,4,0,2,1,0,1,0,0000000,88,88,88,88,88,88,0,0,0,1,1
48,480754,2,2,0,0,0,2,2,201,0,10,4,2011,1,0,55,0,6,4,RANKIN RD,,0,29.96584444,-95.415452780,0,12,6,0,8,1,1,0,2,10,0,10,0,0000000,88,88,88,88,88,88,0,0,0,1,1
48,480755,2,2,0,0,0,2,2,215,4197,10,4,2011,1,22,36,0,16,5,S 2ND ST,W JACKSON AVE,0,26.19311389,-98.222808330,0,12,6,0,2,2,1,0,3,1,0,1,0,0000000,22,39,22,40,22,54,0,0,0,1,0
48,480756,1,1,0,0,0,1,1,299,0,10,4,2011,1,13,16,0,6,4,321,,0,30.70695000,-98.472100000,0,1,0,0,1,1,4,0,1,1,0,1,0,0000000,88,88,88,88,88,88,0,0,0,1,1
48,480757,1,1,0,0,0,1,1,401,4895,10,4,2011,1,1,33,0,4,3,SR-42,,81,32.26238611,-94.930544440,0,42,0,0,1,1,4,0,2,1,0,1,0,0000000,99,99,99,99,99,99,0,0,0,1,1
48,480758,2,2,0,0,0,3,3,423,7070,10,4,2011,1,20,5,1,13,3,SR-64,LYONS,90,32.35020000,-95.326233330,0,12,2,0,2,2,1,0,3,10,0,10,0,0000000,20,13,20,16,20,42,0,0,0,2,1
48,480759,2,2,0,0,0,3,3,5,3330,11,4,2011,2,8,25,1,2,2,US-69,,101,31.27435000,-94.572791670,0,12,2,0,1,1,1,0,1,1,0,1,0,0000000,99,99,99,99,99,99,0,0,0,1,0
48,480760,1,1,0,0,0,1,1,141,2190,11,4,2011,2,1,49,1,2,8,SL375,,200,31.87150833,-106.342602780,0,26,0,0,1,1,3,0,3,1,0,1,0,0000000,88,88,88,88,88,88,0,0,0,1,0
48,480761,2,1,1,0,0,3,3,183,4080,11,4,2011,2,0,5,0,14,8,FM1845,,161,32.50910556,-94.795500000,0,14,0,0,1,1,4,0,3,1,0,1,0,0000000,0,7,0,11,0,22,0,0,0,2,1
48,480762,1,1,0,0,0,3,3,187,6290,11,4,2011,2,0,28,0,14,8,BS123B,ABARCUS ST,68,29.53841389,-97.968391670,0,32,0,0,1,1,4,0,2,1,0,1,0,0000000,99,99,99,99,99,99,0,0,0,1,0
48,480763,1,1,0,1,1,1,1,201,0,11,4,2011,2,6,2,0,6,4,ELDRIDGE PKWY,,0,29.85704722,-95.607200000,0,9,0,0,1,1,1,0,2,1,0,1,0,0000000,6,6,6,11,6,53,0,0,0,1,0
48,480764,1,1,0,0,0,1,1,227,0,11,4,2011,2,1,15,0,3,3,SR-350,,140,32.41612500,-101.320897220,0,1,0,0,1,1,1,0,2,1,0,1,0,0000000,88,88,88,88,88,88,0,0,0,1,0
48,480765,2,2,0,0,0,2,2,329,0,11,4,2011,2,6,35,1,13,3,SR-349,,100,31.95820556,-102.069383330,0,12,1,0,1,1,1,0,4,1,0,1,0,0000000,88,88,88,88,88,88,0,0,0,1,0
48,480766,1,1,0,0,0,1,1,469,0,11,4,2011,2,3,45,0,4,8,FM1090,,34,28.68517500,-96.732730560,0,1,0,0,1,1,4,0,2,1,0,1,0,0000000,4,7,4,28,5,0,0,0,0,1,0
48,480767,2,2,0,0,0,2,2,491,6780,11,4,2011,2,13,45,1,13,2,US-79,FM973,86,30.55355833,-97.426844440,0,12,6,0,2,3,1,0,1,1,0,1,0,0000000,88,88,88,88,88,88,0,0,0,1,0
48,480768,1,1,0,0,0,1,1,35,0,12,4,2011,3,19,12,0,4,3,SR-144,,45,32.08173889,-97.750125000,0,38,0,0,1,1,4,0,1,1,0,1,0,0000000,88,88,88,88,88,88,0,0,0,1,1
48,480769,1,1,0,0,0,3,3,201,0,12,4,2011,3,17,0,0,14,8,FM2920,,183,30.07049722,-95.457716670,0,30,0,0,1,1,4,0,1,1,0,1,0,0000000,17,8,17,21,18,13,0,0,0,1,0
48,480770,2,2,0,0,0,2,2,209,0,12,4,2011,3,8,53,0,4,8,RM1826,,56,30.13935556,-98.002575000,0,12,2,0,1,1,1,0,1,1,0,1,0,0000000,88,88,88,88,88,88,0,0,0,1,0
48,480771,1,1,0,0,0,1,1,265,0,12,4,2011,3,4,15,0,5,8,FM 1341,,129,30.05885278,-99.093847220,0,42,0,0,1,1,4,0,2,1,0,1,0,0000000,88,88,88,88,88,88,0,0,0,1,1
48,480772,1,1,0,0,0,1,1,91,0,13,4,2011,4,5,55,0,6,4,RIVER,,0,29.84264444,-98.168069440,0,24,0,0,1,1,4,0,2,10,0,10,0,0000000,88,88,88,88,88,88,0,0,0,1,0
48,480773,1,1,0,0,0,1,1,113,1730,13,4,2011,4,19,27,0,16,5,CHEYENNE,,0,32.74625000,-96.639900000,0,32,0,0,1,1,4,0,2,1,0,1,0,0000000,88,88,88,88,88,88,0,0,0,1,1
48,480774,2,2,0,0,0,2,2,113,1730,13,4,2011,4,23,55,1,12,2,US-75,,96,32.86887500,-96.770113890,0,12,1,1,18,1,1,0,3,10,0,10,0,0000000,0,4,0,11,0,29,0,0,0,1,1
48,480775,1,1,0,1,1,1,1,113,1730,14,4,2011,5,23,15,0,16,5,MARTIN LUTHER KING,,0,32.75997500,-96.779125000,0,8,0,0,1,1,3,0,3,2,0,2,0,0000000,23,18,23,21,23,35,0,0,0,1,0
48,480776,2,2,0,0,0,2,2,121,9997,14,4,2011,5,16,40,1,13,8,FM 423,,28,33.18076111,-96.887219440,0,1,0,0,8,1,1,0,1,1,0,1,0,0000000,99,99,99,99,99,99,0,0,0,1,0
48,480777,1,1,0,0,0,1,1,137,0,14,4,2011,5,10,5,0,4,3,SR-55,,36,29.86383333,-100.115297220,0,35,0,0,1,1,4,0,1,1,0,1,0,0000000,88,88,88,88,88,88,0,0,0,1,0
48,480778,2,2,0,0,0,3,3,201,3280,14,4,2011,5,20,50,1,11,7,I-610,UA 90,125,29.79663333,-95.271866670,0,12,6,1,2,2,1,0,3,1,0,1,0,0000000,88,88,88,88,88,88,0,0,0,1,0
48,480779,1,1,0,1,1,1,1,309,7210,14,4,2011,5,22,10,1,13,2,US-84,,235,31.55625000,-97.141702780,0,8,0,0,1,1,1,0,3,1,0,1,0,0000000,99,99,99,99,99,99,0,0,0,1,0
48,480780,2,2,0,0,0,4,4,477,0,14,4,2011,5,8,15,1,2,3,SR-36,FM 1948,17,30.29818611,-96.504913890,0,12,6,0,2,3,1,0,1,10,0,10,0,0000000,8,17,8,37,8,58,0,0,0,1,0
48,480781,2,2,0,0,0,2,2,185,0,1,4,2011,6,16,20,0,4,8,FM1774,,67,30.24473333,-95.822769440,0,12,6,0,1,1,4,0,1,1,0,1,0,0000000,16,23,16,33,18,8,0,0,0,1,0
48,480782,1,1,0,0,0,1,1,97,7112,4,4,2011,2,11,53,1,1,1,I-35,,32,33.46848333,-97.163311110,0,52,0,0,1,1,4,0,1,6,0,6,0,0000000,88,88,88,88,88,88,0,0,0,1,0
48,480783,2,2,0,1,1,2,2,201,3280,5,4,2011,3,22,17,1,11,1,I-45,,288,29.82827500,-95.381122220,0,8,0,0,1,1,1,0,3,1,0,1,0,0000000,88,88,88,88,88,88,20,0,0,1,0
48,480784,1,1,0,0,0,2,2,97,7112,6,4,2011,4,22,2,1,1,1,I-35,,34,33.47416389,-97.162808330,0,26,0,0,1,1,3,0,2,1,0,1,0,0000000,88,88,88,88,88,88,0,0,0,2,1
48,480785,2,2,0,0,0,2,2,201,3280,8,4,2011,6,20,50,0,16,5,WESTPARK DR,N 14TH ST,0,29.72337222,-95.497261110,0,12,1,0,3,3,1,0,3,1,0,1,0,0000000,99,99,99,99,99,99,0,0,0,1,0
48,480786,1,1,0,0,0,1,1,201,3280,9,4,2011,7,0,41,1,12,2,US-290,,354,29.83252778,-95.482777780,0,26,0,0,1,1,3,0,3,10,0,10,0,0000000,0,41,0,51,1,10,0,0,0,1,0
48,480787,1,1,0,0,0,1,1,453,330,9,4,2011,7,5,9,1,12,2,US-183,,125,30.29548889,-97.663061110,0,24,0,0,1,1,4,0,2,1,0,1,0,0000000,88,88,88,88,88,88,0,0,0,1,1
48,480788,1,1,0,0,0,1,1,475,0,9,4,2011,7,18,15,0,3,3,SR-115,,4,31.64650278,-103.137175000,0,1,0,0,1,1,4,0,1,6,0,6,0,0000000,99,99,99,99,99,99,0,0,0,1,1
48,480789,1,1,0,0,0,1,1,41,0,10,4,2011,1,0,56,0,6,4,ELMO WEEDON,,0,30.69021944,-96.210536110,0,1,0,0,1,1,4,0,2,1,0,1,0,0000000,88,88,88,88,88,88,0,0,0,1,1
48,480790,1,1,0,0,0,1,1,89,0,10,4,2011,1,15,53,0,4,8,FM1291,EHLINGER RD,62,29.87079167,-96.559394440,0,1,0,0,1,1,1,0,1,6,0,6,0,0000000,99,99,99,99,99,99,0,0,0,1,0
48,480791,1,1,0,1,1,1,1,97,7112,10,4,2011,1,18,11,1,1,1,I-35,,86,33.54583056,-97.165875000,0,8,0,0,1,1,1,0,1,1,0,1,0,0000000,88,88,88,88,88,88,0,0,0,1,0
48,480792,3,3,0,0,0,5,5,395,0,10,4,2011,1,14,20,1,2,2,US-190,,38,30.84863056,-96.560597220,0,12,8,0,1,1,1,0,1,10,0,10,0,0000000,88,88,88,88,88,88,0,0,0,2,0
48,480793,2,2,0,0,0,3,3,201,3505,11,4,2011,2,2,15,1,12,2,US-290,,225,29.89877222,-95.596075000,0,12,1,0,1,1,1,0,3,1,0,1,0,0000000,2,16,2,22,3,22,0,0,0,1,2
48,480794,1,1,0,1,1,1,1,133,0,15,4,2011,6,13,18,0,6,4,323,,0,32.30599722,-98.775330560,0,8,0,0,1,1,1,0,1,5,0,5,0,0000000,88,88,88,88,88,88,0,0,0,1,0
48,480796,1,1,0,1,1,2,2,27,6810,16,4,2011,7,20,27,0,14,3,SR-317,,89,31.15389167,-97.428561110,0,8,0,0,1,1,1,0,1,1,0,1,0,0000000,20,28,20,36,20,58,0,0,0,1,0
48,480797,1,1,0,0,0,1,1,89,0,16,4,2011,7,4,43,1,1,1,I-10,,204,29.70368333,-96.514838890,0,57,0,0,1,1,3,0,2,1,0,1,0,0000000,88,88,88,88,88,88,0,0,0,1,0
48,480799,1,1,0,1,1,2,2,291,0,16,4,2011,7,8,10,0,6,4,443,,0,29.94545278,-94.836644440,0,8,0,0,1,1,4,0,2,10,0,10,0,0000000,88,88,88,88,88,88,0,0,0,1,1
48,480800,2,2,0,0,0,2,2,3,180,17,4,2011,1,12,57,1,13,2,US-385,SR-115,146,32.31326667,-102.544875000,0,12,6,0,2,2,1,0,1,1,0,1,0,0000000,13,1,13,2,13,20,0,0,0,1,0
48,480801,2,2,0,0,0,3,3,91,0,17,4,2011,1,1,54,0,6,4,OBLATE,,0,29.86771667,-98.288633330,0,12,2,0,1,1,1,0,2,1,0,1,0,0000000,88,88,88,88,88,88,0,0,0,1,0
48,480802,1,1,0,0,0,2,2,453,0,17,4,2011,1,3,45,0,6,4,LINDEN,,0,30.12546389,-97.598141670,0,1,0,0,1,1,4,0,2,1,0,1,0,0000000,88,88,88,88,88,88,0,0,0,2,0