STATE,ST_CASE,VE_TOTAL,VE_FORMS,PVH_INVL,PEDS,PERNOTMVIT,PERMVIT,PERSONS,COUNTY,CITY,DAY,MONTH,YEAR,DAY_WEEK,HOUR,MINUTE,NHS,ROAD_FNC,ROUTE,TWAY_ID,TWAY_ID2,MILEPT,LATITUDE,LONGITUD,SP_JUR,HARM_EV,MAN_COLL,RELJCT1,RELJCT2,TYP_INT,REL_ROAD,WRK_ZONE,LGT_COND,WEATHER1,WEATHER2,WEATHER,SCH_BUS,RAIL,NOT_HOUR,NOT_MIN,ARR_HOUR,ARR_MIN,HOSP_HR,HOSP_MN,CF1,CF2,CF3,FATALS,DRUNK_DR
48,480803,1,1,0,0,0,1,1,201,3280,18,4,2011,2,1,0,0,16,5,KNOBOAK,,0,29.80775833,-95.554958330,0,32,0,0,1,1,4,0,3,10,0,10,0,0000000,88,88,88,88,88,88,0,0,0,1,1
48,480805,2,2,0,0,0,3,3,329,0,18,4,2011,2,6,31,9,9,3,SR-349,CR 60,99999,99.99990000,999.999900000,0,12,6,0,2,2,1,0,3,1,0,1,0,0000000,88,88,88,88,88,88,0,0,0,1,0
48,480806,2,2,0,1,1,3,3,201,3280,19,4,2011,3,20,53,1,12,3,SR-288,,53,29.68180278,-95.380938890,0,12,1,1,18,1,1,0,3,10,0,10,0,0000000,21,1,21,10,21,42,23,0,0,1,0
48,480807,2,2,0,0,0,2,2,477,0,19,4,2011,3,14,59,1,2,3,SR-36,FM 577,123,30.18063056,-96.419108330,0,12,6,0,2,3,1,0,1,1,0,1,0,0000000,15,3,15,6,15,28,0,0,0,1,0
48,480808,2,2,0,0,0,3,3,483,0,19,4,2011,3,19,20,0,4,8,FM 1046,OAK STREET,114,35.58397500,-100.287597220,0,12,6,0,2,3,1,0,1,1,0,1,0,0000000,99,99,99,99,99,99,0,0,0,1,1
48,480809,1,1,0,0,0,1,1,177,0,20,4,2011,4,13,33,0,6,4,CR 400,,0,29.63533056,-97.192802780,0,42,0,0,1,1,4,0,1,1,0,1,0,0000000,88,88,88,88,88,88,0,0,0,1,0
48,480810,1,1,0,0,0,1,1,339,0,20,4,2011,4,22,0,0,4,8,FM 1774,,6,30.22326111,-95.793897220,0,42,0,0,1,1,4,0,2,1,0,1,0,0000000,88,88,88,88,88,88,0,0,0,1,1
48,480811,2,2,0,0,0,3,3,201,3280,21,4,2011,5,2,9,1,11,1,I-45,,160,29.68870833,-95.280719440,0,12,1,0,1,1,1,1,3,1,0,1,0,0000000,99,99,99,99,99,99,0,0,0,1,1
48,480812,1,1,0,0,0,2,2,365,0,21,4,2011,5,12,11,1,2,2,US-59,,60,32.25037500,-94.353288890,0,1,0,0,1,1,4,1,1,1,0,1,0,0000000,12,13,12,20,99,99,0,0,0,1,0
48,480813,1,1,0,0,0,1,1,367,7280,21,4,2011,5,3,0,1,1,1,I-20,,235,32.75246944,-97.714205560,0,59,0,0,1,1,4,0,2,10,0,10,0,0000000,88,88,88,88,88,88,0,0,0,1,0
48,480814,1,1,0,0,0,1,1,401,0,21,4,2011,5,23,47,1,2,2,US-79,,35,32.03948056,-94.935522220,0,53,0,0,1,1,4,0,2,1,0,1,0,0000000,88,88,88,88,88,88,0,0,0,1,1
48,480815,2,2,0,0,0,2,2,439,2450,21,4,2011,5,12,25,0,14,8,FM1220,TEN MILE BRIDGE RD,85,32.83633333,-97.425294440,0,12,6,0,2,2,1,0,1,10,0,10,0,0000000,12,37,12,45,13,24,0,0,0,1,0
48,480817,1,1,0,1,1,1,1,201,3280,22,4,2011,6,18,3,1,13,8,FM1093,,121,29.73769167,-95.494763890,0,8,0,0,1,1,1,0,1,1,0,1,0,0000000,99,99,99,99,99,99,0,0,0,1,0
48,480818,3,3,0,0,0,5,5,215,0,22,4,2011,6,14,41,0,14,8,FM1426,,34,26.24761944,-98.145719440,0,12,8,0,1,1,1,0,1,1,0,1,0,0000000,14,53,15,10,15,35,0,0,0,1,0
48,480819,1,1,0,1,1,1,1,439,2450,22,4,2011,6,5,50,1,11,1,I-30RAMP,,208,32.73252778,-97.380925000,0,8,0,0,5,1,1,0,2,1,0,1,0,0000000,88,88,88,88,88,88,0,0,0,1,0
48,480820,2,2,0,0,0,2,2,453,330,22,4,2011,6,21,58,1,13,8,FM969,,163,30.27200278,-97.633458330,0,12,7,0,1,1,1,0,2,1,0,1,0,0000000,99,99,22,9,22,30,0,0,0,1,0
48,480821,1,1,0,0,0,4,4,473,0,22,4,2011,6,4,20,1,1,1,I-10,,15,29.77672500,-96.012619440,0,1,0,0,1,1,4,0,2,1,0,1,0,0000000,4,34,5,11,5,31,0,0,0,1,0
48,480822,1,1,0,0,0,2,2,25,0,23,4,2011,7,13,26,1,2,2,US-181,,153,28.35217222,-97.722894440,0,1,0,0,1,1,3,0,1,1,0,1,0,0000000,99,99,99,99,99,99,0,0,0,1,0
48,480823,1,1,0,0,0,4,4,51,0,23,4,2011,7,23,5,0,3,8,FM-60,,81,30.48046389,-96.490372220,0,42,0,0,1,1,4,0,2,10,0,10,0,0000000,23,5,23,17,23,59,0,0,0,1,1
48,480824,1,1,0,0,0,1,1,89,0,23,4,2011,7,23,22,0,6,4,MENTZ,,0,29.72810000,-96.461136110,0,1,0,0,1,1,4,0,2,1,0,1,0,0000000,88,88,88,88,88,88,0,0,0,1,0
48,480825,1,1,0,0,0,3,3,201,3280,23,4,2011,7,5,5,0,16,8,EL CAMINO REAL,,0,29.56158611,-95.126663890,0,30,0,0,1,1,3,0,3,1,0,1,0,0000000,5,24,5,33,5,54,0,0,0,1,1
48,480826,1,1,0,0,0,2,2,209,0,23,4,2011,7,1,0,0,4,8,FM 2325,,122,30.01035278,-98.118997220,0,34,0,0,1,1,4,0,2,1,0,1,0,0000000,88,88,88,88,88,88,0,0,0,1,0
48,480827,1,1,0,0,0,1,1,277,0,23,4,2011,7,19,25,0,6,4,44800,,0,33.70354444,-95.353544440,0,11,0,0,1,1,1,0,1,1,0,1,0,0000000,88,88,88,88,88,88,0,0,0,1,0
48,480828,1,1,0,0,0,1,1,303,4140,23,4,2011,7,2,43,1,12,2,US-62RAMP,,112,33.55460278,-101.937508330,0,59,0,1,5,1,10,0,3,1,0,1,0,0000000,88,88,88,88,88,88,0,0,0,1,1
48,480829,2,1,1,0,1,1,2,367,7280,23,4,2011,7,0,45,1,11,1,I-20,,171,32.72834167,-97.819113890,0,14,0,0,1,1,2,0,2,1,0,1,0,0000000,88,88,88,88,88,88,20,0,0,1,0
48,480830,1,1,0,0,0,5,5,395,0,23,4,2011,7,3,16,0,4,8,FM-46,,207,31.07980833,-96.550066670,0,1,0,0,1,1,4,0,2,1,0,1,0,0000000,3,39,3,58,5,9,0,0,0,1,0
48,480831,2,2,0,0,0,4,4,473,0,23,4,2011,7,18,8,0,4,8,FM359,,354,29.75208333,-95.945319440,0,12,6,0,1,1,4,0,1,1,0,1,0,0000000,18,14,18,37,19,8,0,0,0,1,0
48,480832,1,1,0,0,0,1,1,61,940,24,4,2011,1,17,56,0,16,5,DANA AVE,,0,25.95125278,-97.467891670,0,35,0,0,1,1,4,0,1,1,0,1,0,0000000,17,57,18,5,18,39,0,0,0,1,0
48,480833,1,1,0,0,0,1,1,167,6860,24,4,2011,1,16,9,0,14,8,FM517,,152,29.47367778,-94.987019440,0,59,0,0,1,1,4,0,1,1,0,1,0,0000000,88,88,88,88,88,88,0,0,0,1,0
48,480834,3,3,0,0,0,4,4,201,3280,24,4,2011,1,20,2,1,13,3,SR-3,TRISTAR,84,29.59644722,-95.173036110,0,12,6,0,2,3,1,0,3,1,0,1,0,0000000,20,2,20,5,20,30,0,0,0,1,0
48,480835,1,1,0,2,2,3,3,245,2905,25,4,2011,2,20,37,0,16,5,CLEVELAND,,0,29.94822222,-93.911863890,0,9,0,0,1,1,1,0,3,10,0,10,0,0000000,20,41,20,49,21,4,0,0,0,1,1
48,480836,1,1,0,0,0,1,1,339,0,27,4,2011,4,22,15,0,6,4,FIRETOWER RD,,0,30.22432778,-95.270261110,0,1,0,0,1,1,4,0,2,1,0,1,0,0000000,99,99,99,99,99,99,0,0,0,1,1
48,480837,1,1,0,0,0,2,2,459,0,25,4,2011,2,14,44,0,6,4,APRICOT RD,,0,32.70010278,-94.962988890,0,53,0,0,1,1,4,0,1,10,0,10,0,0000000,14,47,14,51,15,29,0,0,0,1,0
48,480838,3,3,0,0,0,4,4,481,7410,27,4,2011,4,17,10,1,13,2,US-59,,152,29.26584722,-96.156452780,0,12,2,0,1,1,1,0,1,1,0,1,0,0000000,17,24,17,47,18,23,0,0,0,2,2
48,480840,1,1,0,1,1,1,1,201,3280,28,4,2011,5,14,4,1,13,8,FM1093,,110,29.73749444,-95.512841670,0,8,0,0,1,1,1,0,1,1,0,1,0,0000000,88,88,88,88,88,88,0,0,0,1,0
48,480841,1,1,0,0,0,1,1,187,0,29,4,2011,6,6,39,0,4,8,FM 2438,,53,29.57977500,-97.850622220,0,42,0,0,1,1,4,0,1,1,0,1,0,0000000,7,8,7,17,8,8,0,0,0,1,0
48,480842,1,1,0,0,0,1,1,201,3280,29,4,2011,6,0,35,0,16,5,PINELOCH,,0,29.59051667,-95.129430560,0,33,0,0,1,1,4,0,3,1,0,1,0,0000000,0,47,1,2,1,19,0,0,0,1,1
48,480843,1,1,0,0,0,1,1,209,0,29,4,2011,6,4,49,0,6,4,FITZHUGH RD,,0,30.25202500,-98.069972220,0,18,0,0,1,1,1,0,2,1,0,1,0,0000000,88,88,88,88,88,88,19,0,0,1,0
48,480844,2,2,0,0,0,4,4,257,0,29,4,2011,6,21,34,1,2,2,US-175,FAIR RD,76,32.55114444,-96.285425000,0,12,1,0,3,2,1,0,2,1,0,1,0,0000000,21,36,21,43,22,14,0,0,0,1,1
48,480845,1,1,0,1,1,1,1,439,2450,29,4,2011,6,21,36,1,11,1,I-35,,33,32.58475278,-97.319655560,0,8,0,0,1,1,1,0,3,1,0,1,0,0000000,21,36,21,45,22,10,0,0,0,1,0
48,480846,2,2,0,0,0,2,2,483,0,29,4,2011,6,16,38,0,3,2,US-83,FM 1046,36,35.57524167,-100.310225000,0,12,6,0,2,2,1,0,1,1,0,1,0,0000000,99,99,99,99,99,99,0,0,0,1,0
48,480847,2,2,0,0,0,4,4,215,0,30,4,2011,7,20,40,0,3,8,FM 88,,16,26.41961111,-97.956386110,0,1,0,0,8,1,1,0,2,1,0,1,0,0000000,88,88,88,88,88,88,0,0,0,1,1
48,480848,1,1,0,1,1,1,1,85,7620,1,5,2011,1,2,53,0,14,3,SR-78,,356,33.00555000,-96.549450000,0,9,0,0,1,1,1,0,2,10,0,10,0,0000000,88,88,88,88,88,88,0,0,0,1,1
48,480849,2,1,1,0,0,1,1,113,3420,1,5,2011,1,1,34,0,16,5,CONFLANS,,0,32.82179167,-96.985152780,0,30,0,0,1,1,4,0,3,10,0,10,0,0000000,88,88,88,88,88,88,14,0,0,1,1
48,480850,2,2,0,1,1,6,6,183,0,1,5,2011,1,1,2,1,13,3,SR-149,,242,32.42590556,-94.716225000,0,8,0,0,1,1,1,1,2,1,0,1,0,0000000,88,88,88,88,88,88,0,0,0,1,0
48,480851,3,3,0,0,0,4,4,201,0,1,5,2011,1,10,45,0,6,5,WARREN RANCH,,0,29.96903889,-95.842611110,0,12,6,0,1,1,1,0,1,1,0,1,0,0000000,10,57,11,10,11,48,0,0,0,1,0
48,480852,1,1,0,0,0,2,2,217,0,1,5,2011,1,1,30,0,4,8,FM-933,,5,31.93176944,-97.313102780,0,53,0,0,1,1,4,0,2,1,0,1,0,0000000,1,34,2,5,2,34,0,0,0,1,1
48,480853,2,2,0,0,0,2,2,245,490,1,5,2011,1,0,37,1,13,2,US-90,FM 364,0,30.06737778,-94.189688890,0,12,1,0,2,2,1,0,3,1,0,1,0,0000000,0,38,0,41,1,4,0,0,0,1,1
48,480854,3,2,1,0,0,2,2,285,0,1,5,2011,1,8,54,0,4,2,US-77,SH-95,291,29.31874167,-97.144325000,0,12,6,0,2,4,1,0,1,10,0,10,0,0000000,88,88,88,88,88,88,0,0,0,1,0
48,480855,1,1,0,1,1,1,1,149,0,2,5,2011,2,22,51,0,4,3,SR-159,,40,29.92197500,-96.850100000,0,8,0,0,1,1,1,0,2,2,0,2,0,0000000,22,53,22,58,23,37,0,0,0,1,0
48,480856,2,1,1,0,0,1,1,291,1770,2,5,2011,2,1,17,0,15,8,FM 686,615,59,30.10329444,-94.976244440,0,14,0,0,1,1,4,1,2,10,0,10,0,0000000,88,88,88,88,88,88,0,0,0,1,0
48,480857,2,2,0,0,0,2,2,381,150,2,5,2011,2,18,8,1,11,1,I-27,,109,35.14710000,-101.886391670,0,12,2,0,1,1,1,0,1,1,0,1,0,0000000,18,9,18,17,18,36,0,0,0,1,0
48,480858,2,2,0,0,0,3,3,459,0,3,5,2011,3,20,53,0,3,3,SR-155,GLENDIA,6,32.84658889,-94.711466670,0,12,6,0,2,3,1,0,2,1,0,1,0,0000000,88,88,88,88,88,88,0,0,0,1,2
48,480859,1,1,0,0,0,1,1,117,0,4,5,2011,4,18,7,0,6,4,TIERRA BLANCA RD,,0,34.83874167,-102.458266670,0,34,0,0,1,1,4,0,1,1,0,1,0,0000000,88,88,88,88,88,88,0,0,0,1,1
48,480860,1,1,0,0,0,1,1,201,3280,4,5,2011,4,5,50,0,16,5,PARK ROW,,0,29.78936389,-95.677150000,0,33,0,0,1,1,4,0,3,1,0,1,0,0000000,5,18,5,38,5,56,0,0,0,1,0
48,480861,1,1,0,1,1,1,1,201,3280,4,5,2011,4,19,20,0,16,5,KELLEY ST,,0,29.81335278,-95.320972220,0,9,0,0,1,1,1,0,1,1,0,1,0,0000000,88,88,88,88,88,88,0,0,0,1,0
48,480862,1,1,0,0,0,1,1,309,0,4,5,2011,4,20,25,0,6,4,S FORK WIGGINS RD,,0,31.74024722,-97.115708330,0,1,0,0,1,1,1,0,2,1,0,1,0,0000000,88,88,88,88,88,88,0,0,0,1,0
48,480863,1,1,0,1,1,1,1,49,950,5,5,2011,5,0,21,0,14,2,US-183,,233,31.75672500,-98.959619440,0,8,0,0,1,1,1,0,2,1,0,1,0,0000000,88,88,88,88,88,88,0,0,0,1,0
48,480864,2,2,0,0,0,3,3,85,4230,5,5,2011,5,14,45,1,12,7,US-75,WILMETH RD,128,33.22924722,-96.630372220,0,12,6,0,2,3,1,0,1,1,0,1,0,0000000,99,99,99,99,99,99,0,0,0,1,0
48,480865,1,1,0,0,0,1,1,91,0,5,5,2011,5,22,38,0,6,4,SMITHSON VALLEY RD,,0,29.78471667,-98.358363890,0,42,0,0,1,1,4,0,2,1,0,1,0,0000000,88,88,88,88,88,88,0,0,0,1,1
48,480866,3,3,0,0,0,5,5,113,1730,5,5,2011,5,19,11,0,16,5,CEDAR CREST BLVD,E 11TH ST,0,32.74644722,-96.786638890,0,12,1,0,2,2,1,0,1,1,0,1,0,0000000,99,99,99,99,99,99,0,0,0,1,0
48,480867,1,1,0,0,0,1,1,475,0,5,5,2011,5,8,15,0,4,3,SR-18,,229,31.63891389,-102.983952780,0,1,0,0,1,1,4,0,2,1,0,1,0,0000000,88,88,88,88,88,88,0,0,0,1,1
48,480868,1,1,0,0,0,1,1,491,0,5,5,2011,5,6,30,0,2,3,SR-29,,40,30.63727500,-97.810536110,0,38,0,0,1,1,4,0,1,1,0,1,0,0000000,88,88,88,88,88,88,0,0,0,1,0
48,480869,1,1,0,1,1,1,1,201,0,6,5,2011,6,15,29,0,6,4,DESERT MARIGOLD DR,,0,29.97012222,-95.409113890,0,8,0,0,4,1,4,0,1,1,0,1,0,0000000,99,99,99,99,99,99,0,0,0,1,0
48,480870,2,1,1,0,0,1,1,427,0,6,5,2011,6,23,11,0,6,4,GARZA BLVD,,0,26.35788056,-98.769450000,0,14,0,0,1,1,7,0,3,1,0,1,0,0000000,99,99,99,99,99,99,0,0,0,1,1
48,480872,1,1,0,0,0,1,1,29,6090,7,5,2011,7,2,17,1,11,1,I-35,,330,29.51878611,-98.395250000,0,21,0,0,1,1,4,0,3,1,0,1,0,0000000,99,99,99,99,99,99,0,0,0,1,0
48,480873,1,1,0,0,0,1,1,29,6090,7,5,2011,7,10,45,1,11,1,I-10,SL1604,41,29.59010278,-98.598127780,0,25,0,1,5,1,4,0,1,1,0,1,0,0000000,99,99,99,99,99,99,0,0,0,1,0
48,480874,1,1,0,1,1,1,1,29,7077,7,5,2011,7,22,2,0,16,5,E AVIATION BLVD,,0,29.54923056,-98.277511110,0,8,0,0,1,1,2,0,2,1,0,1,0,0000000,88,88,88,88,88,88,0,0,0,1,1
48,480875,2,2,0,0,0,3,3,139,5685,7,5,2011,7,21,54,1,13,3,SR-342,,10,32.53847500,-96.787061110,0,12,8,0,1,1,1,0,2,1,0,1,0,0000000,99,99,99,99,99,99,0,0,0,1,0
48,480876,2,2,0,0,0,3,3,357,0,7,5,2011,7,7,6,0,3,2,US-83,,109,36.33893056,-100.802650000,0,12,8,0,1,1,1,0,1,1,0,1,0,0000000,99,99,99,99,99,99,0,0,0,1,0
48,480877,2,2,0,0,0,2,2,405,0,7,5,2011,7,14,20,0,4,8,FM83,,4,31.30092222,-94.266644440,0,12,2,0,1,1,1,0,1,1,0,1,0,0000000,88,88,88,88,88,88,0,0,0,1,0
48,480878,1,1,0,2,2,1,1,449,4750,7,5,2011,7,23,0,1,13,2,US-271,,204,33.13735000,-94.968111110,0,8,0,0,1,1,1,0,3,1,0,1,0,0000000,99,99,99,99,99,99,0,0,0,2,1
48,480879,1,1,0,0,0,2,2,453,330,7,5,2011,7,4,14,0,16,5,DUVAL ST,,0,30.30218333,-97.727622220,0,5,0,0,1,1,1,0,3,1,0,1,0,0000000,99,99,99,99,99,99,0,0,0,1,0
48,480880,2,2,0,0,0,5,5,459,0,7,5,2011,7,15,38,0,3,3,SR-155,,11,32.70035556,-94.959833330,0,12,8,0,1,1,1,0,1,1,0,1,0,0000000,99,99,99,99,99,99,0,0,0,1,0
48,480881,1,1,0,0,0,1,1,21,0,8,5,2011,1,20,30,1,2,3,SR-21,,101,30.19375000,-97.161769440,0,42,0,0,1,1,4,0,5,1,0,1,0,0000000,88,88,88,88,88,88,0,0,0,1,1
48,480882,1,1,0,0,0,1,1,27,6810,8,5,2011,1,5,10,0,15,8,FM 2305,,17,31.12850278,-97.468466670,0,33,0,0,1,1,4,0,2,1,0,1,0,0000000,88,88,88,88,88,88,0,0,0,1,1
48,480883,2,2,0,0,0,3,3,29,6090,8,5,2011,1,4,8,1,11,1,I-35,,369,29.55387500,-98.350461110,0,12,2,0,1,1,1,0,3,1,0,1,0,0000000,4,6,4,25,5,0,0,0,0,2,1
48,480884,1,1,0,1,1,2,2,141,2190,8,5,2011,1,1,6,1,13,8,FM-76,CAROLINA,28,31.74181667,-106.364316670,0,8,0,0,2,2,1,0,3,1,0,1,0,0000000,1,8,1,12,1,28,0,0,0,1,0
48,480885,2,2,0,0,0,6,6,215,4197,8,5,2011,1,12,36,1,13,8,FM-1926,LA VISTA AVE,58,26.22770833,-98.241616670,0,12,6,0,2,2,1,0,1,1,0,1,0,0000000,12,44,12,55,13,4,0,0,0,1,0
48,480886,1,1,0,0,0,1,1,303,0,8,5,2011,1,2,36,0,15,8,FM-179,,163,33.49134722,-102.009011110,0,59,0,0,1,1,4,0,2,1,0,1,0,0000000,88,88,88,88,88,88,0,0,0,1,1
48,480887,2,2,0,0,0,3,3,373,5095,8,5,2011,1,15,50,0,3,2,US-190,BADGEROW RD,20,30.81068333,-95.127375000,0,12,6,0,8,1,1,0,1,1,0,1,0,0000000,16,2,16,32,17,36,0,0,0,2,0
48,480888,2,2,0,0,0,3,3,407,0,8,5,2011,1,18,34,0,3,3,SR-156,,128,30.60463889,-95.152025000,0,12,2,0,1,1,1,0,1,1,0,1,0,0000000,18,54,19,28,20,14,0,0,0,1,0
48,480889,2,2,0,0,0,3,3,423,0,8,5,2011,1,9,28,1,2,3,SR-155,,208,32.20931944,-95.419819440,0,12,6,0,1,1,1,0,1,1,0,1,0,0000000,9,32,9,38,10,6,0,0,0,1,1
48,480890,1,1,0,0,0,1,1,255,0,8,5,2011,1,19,50,0,4,8,FM 792,,112,28.83288611,-97.846436110,0,1,0,0,1,1,4,0,1,1,0,1,0,0000000,88,88,88,88,88,88,0,0,0,1,0
48,480891,1,1,0,0,0,1,1,113,1730,9,5,2011,2,3,45,0,16,5,VALLEY GLEN DR,,0,32.79425556,-96.727302780,0,1,0,0,1,1,4,0,2,1,0,1,0,0000000,88,88,88,88,88,88,0,0,0,1,1
48,480892,1,1,0,0,0,1,1,201,3280,9,5,2011,2,3,20,1,12,7,US-59,,88,29.72610000,-95.487527780,0,33,0,0,1,1,10,0,3,10,0,10,0,0000000,88,88,88,88,88,88,0,0,0,1,1
48,480893,1,1,0,0,0,1,1,245,0,9,5,2011,2,11,50,1,13,3,SR-73,,22,29.94050556,-93.893955560,0,24,0,1,19,1,4,0,1,1,0,1,0,0000000,88,88,88,88,88,88,0,0,0,1,0
48,480894,2,2,0,0,0,3,3,375,0,9,5,2011,2,3,39,1,1,1,I-40,,96,35.19040278,-102.021858330,0,12,2,0,1,1,1,1,2,1,0,1,0,0000000,88,88,88,88,88,88,0,0,0,1,1
48,480895,2,2,0,0,0,3,3,15,0,10,5,2011,3,8,3,1,2,3,SR-36,,5,29.69349444,-96.132861110,0,12,2,0,1,1,1,0,1,1,0,1,0,0000000,8,20,8,37,9,11,0,0,0,1,1
48,480896,2,2,0,0,0,14,14,13,0,11,5,2011,4,3,40,0,3,3,SR-16,,76,29.07527778,-98.594102780,0,12,6,0,1,1,1,0,2,1,0,1,0,0000000,3,40,3,48,4,36,0,0,0,1,0
48,480897,1,1,0,0,0,1,1,13,0,11,5,2011,4,15,37,1,1,1,I-37,,172,28.82074444,-98.361400000,0,1,0,0,1,1,3,0,1,10,0,10,0,0000000,15,56,16,19,16,54,0,0,0,1,0
48,480898,1,1,0,0,0,1,1,51,0,11,5,2011,4,9,14,0,3,8,FM 60,,51,30.44682500,-96.526263890,0,38,0,0,1,1,4,0,9,1,0,1,0,0000000,88,88,88,88,88,88,0,0,0,1,0
48,480899,3,3,0,0,0,3,3,365,0,11,5,2011,4,16,12,0,3,3,SR-149,,41,32.27102222,-94.466113890,0,12,6,0,1,1,1,0,1,1,0,1,0,0000000,88,88,88,88,88,88,0,0,0,1,0
48,480900,1,1,0,0,0,2,2,367,0,11,5,2011,4,13,5,1,1,1,I-20,,51,32.68710000,-98.000408330,0,52,0,0,1,1,3,0,1,2,0,2,0,0000000,99,99,99,99,99,99,0,0,0,1,0
48,480901,2,2,0,0,0,25,25,469,0,11,5,2011,4,20,58,1,2,2,US-77,FLEMING PRAIRE RD,57,28.70302778,-97.046686110,0,12,6,0,2,3,1,0,3,1,0,1,0,0000000,99,99,99,99,99,99,0,0,0,1,0
48,480902,1,1,0,0,0,2,2,29,6090,12,5,2011,5,2,0,0,16,5,MISSION RD,,0,29.37624444,-98.488730560,0,33,0,0,1,1,4,0,3,1,0,1,0,0000000,2,2,2,10,3,3,0,0,0,1,1
48,480903,1,1,0,1,1,1,1,323,0,12,5,2011,5,21,39,0,6,5,ZARAGOSA,,0,28.67262778,-100.487200000,0,8,0,0,8,1,1,0,2,1,0,1,0,0000000,21,39,21,44,21,57,0,0,0,1,0
48,480904,1,1,0,0,0,1,1,437,0,12,5,2011,5,0,10,0,4,8,FM 146,,27,34.57057222,-101.758608330,0,35,0,0,1,1,4,0,2,1,0,1,0,0000000,88,88,88,88,88,88,0,0,0,1,0
48,480905,1,1,0,0,0,3,3,497,0,12,5,2011,5,18,40,1,2,2,US-81,,13,33.43090278,-97.756669440,0,1,0,0,1,1,3,0,1,2,0,2,0,0000000,18,34,18,49,19,39,0,0,0,1,0
48,480906,2,2,0,0,0,5,5,27,0,13,5,2011,6,12,20,0,4,3,SR-53,,194,31.05203333,-97.196177780,0,12,6,0,1,1,4,0,1,2,0,2,0,0000000,12,36,12,51,13,8,0,0,0,1,0
48,480907,2,2,0,0,0,3,3,35,0,13,5,2011,6,19,34,0,4,8,FM 2841,1606,9,31.89004167,-97.423333330,0,12,6,0,2,2,1,0,1,1,0,1,0,0000000,19,41,19,53,20,37,0,0,0,2,1
48,480908,2,2,0,0,0,2,2,69,0,13,5,2011,6,18,20,0,3,3,SR-86,FM 1055,78,34.52964722,-102.407761110,0,12,6,0,2,2,1,0,1,1,0,1,0,0000000,18,51,19,23,20,35,0,0,0,1,0
48,480909,2,2,0,0,0,3,3,73,0,13,5,2011,6,22,50,0,4,8,FM 2138,3101,3,31.93735556,-95.271808330,0,12,2,0,2,2,1,0,2,1,0,1,0,0000000,23,8,23,11,23,32,0,0,0,1,0
48,480910,1,1,0,0,0,2,2,113,1730,13,5,2011,6,2,20,1,11,1,I-20RAMP,,106,32.65329167,-96.877525000,0,42,0,1,5,1,8,0,3,1,0,1,0,0000000,2,25,2,34,2,45,0,0,0,1,1
48,480911,1,1,0,0,0,2,2,139,9997,11,2,2011,6,5,40,0,16,5,OLD FORT WORTH RD,,0,32.48234444,-97.031377780,0,1,0,0,1,1,4,0,2,1,0,1,0,0000000,99,99,5,46,6,35,20,0,0,1,0
48,480912,2,2,0,1,1,2,2,113,1730,8,3,2011,3,11,42,1,11,1,I-35,,130,32.69848611,-96.823313890,0,33,0,0,5,1,8,0,1,1,0,1,0,0000000,11,49,11,58,12,9,23,0,0,1,0
48,480913,2,2,0,0,0,2,2,439,2450,17,3,2011,5,7,53,0,16,5,BIDDISON ST,8TH AVE,0,32.69862222,-97.343833330,0,12,6,0,1,1,1,0,1,1,0,1,0,0000000,88,88,88,88,88,88,0,0,0,1,0
48,480914,4,4,0,0,0,8,8,439,2450,19,3,2011,7,12,49,1,12,2,US-81,,222,32.88981667,-97.321013890,0,12,1,0,1,1,1,0,1,1,0,1,0,0000000,88,88,88,88,88,88,0,0,0,1,0
48,480915,2,2,0,0,0,2,2,439,2450,28,3,2011,2,2,36,1,11,1,I-30,,158,32.74934722,-97.293891670,0,12,6,0,1,1,1,0,3,1,0,1,0,0000000,99,99,99,99,99,99,0,0,0,1,1
48,480916,1,1,0,0,0,2,2,215,5330,10,4,2011,1,19,14,1,12,2,US-281,,50,26.24924722,-98.174558330,0,25,0,1,18,1,3,0,1,1,0,1,0,0000000,19,16,19,25,19,42,0,0,0,1,1
48,480917,1,1,0,1,1,1,1,439,2450,10,4,2011,1,3,35,1,13,8,BU287P,31ST ST,145,32.80096389,-97.351011110,0,8,0,0,3,2,4,0,3,1,0,1,0,0000000,88,88,88,88,88,88,0,0,0,1,1
48,480918,1,1,0,0,0,2,2,215,2110,11,4,2011,2,0,50,1,12,7,US-281,,319,26.32689444,-98.146780560,0,30,0,0,1,1,10,0,3,1,0,1,0,0000000,0,52,1,3,1,28,0,0,0,1,0
48,480919,1,1,0,0,0,1,1,491,5990,12,4,2011,3,6,34,1,11,7,I-35,,56,30.55625000,-97.691986110,0,39,0,0,1,1,5,0,3,1,0,1,0,0000000,88,88,88,88,88,88,0,0,0,1,0
48,480920,1,1,0,0,0,2,2,61,6110,28,4,2011,5,16,52,0,16,5,RATLIFF RD,,0,26.13390278,-97.671761110,0,1,0,0,1,1,4,0,1,1,0,1,0,0000000,16,57,17,8,17,34,0,0,0,1,0
48,480921,1,1,0,0,0,1,1,415,0,28,4,2011,5,6,0,0,6,4,226,,0,32.74851667,-100.935172220,0,1,0,0,1,1,1,0,4,1,0,1,0,0000000,99,99,99,99,99,99,0,0,0,1,0
48,480922,1,1,0,0,0,1,1,275,0,30,4,2011,7,18,32,0,4,8,FM267,,33,33.55151667,-99.663677780,1,1,0,0,1,1,4,0,1,1,0,1,0,0000000,88,88,88,88,88,88,0,0,0,1,1