STATE,ST_CASE,VE_TOTAL,VE_FORMS,PVH_INVL,PEDS,PERNOTMVIT,PERMVIT,PERSONS,COUNTY,CITY,DAY,MONTH,YEAR,DAY_WEEK,HOUR,MINUTE,NHS,ROAD_FNC,ROUTE,TWAY_ID,TWAY_ID2,MILEPT,LATITUDE,LONGITUD,SP_JUR,HARM_EV,MAN_COLL,RELJCT1,RELJCT2,TYP_INT,REL_ROAD,WRK_ZONE,LGT_COND,WEATHER1,WEATHER2,WEATHER,SCH_BUS,RAIL,NOT_HOUR,NOT_MIN,ARR_HOUR,ARR_MIN,HOSP_HR,HOSP_MN,CF1,CF2,CF3,FATALS,DRUNK_DR
48,480924,1,1,0,0,0,2,2,61,940,17,5,2011,3,2,11,1,12,2,US-77,,327,25.97118611,-97.514638890,0,25,0,0,5,1,3,0,3,1,0,1,0,0000000,88,88,88,88,88,88,0,0,0,1,0
48,480925,2,2,0,0,0,2,2,213,6314,17,5,2011,3,10,49,0,4,3,SR-274,4044,72,32.35491389,-96.239288890,0,12,6,0,2,2,1,0,1,1,0,1,0,0000000,99,99,10,55,11,12,0,0,0,1,0
48,480926,1,1,0,1,1,1,1,113,2800,18,5,2011,4,19,42,0,16,5,CHRISTOPHER ST,CHRISTOPHER CT,0,32.69500278,-97.008486110,0,9,0,0,2,3,1,0,1,1,0,1,0,0000000,19,42,19,50,20,4,0,0,0,1,0
48,480927,2,2,0,0,0,4,4,113,3420,18,5,2011,4,6,56,0,16,5,ROCHELLE RD,,0,32.84195278,-96.974386110,0,12,6,0,8,1,1,0,1,10,0,10,0,0000000,6,59,7,2,7,24,0,0,0,1,0
48,480928,2,2,0,0,0,2,2,201,0,18,5,2011,4,4,45,1,13,8,FM2100,GUM GULLY SCHOOL RD,42,29.96287222,-95.085350000,0,12,6,0,2,3,1,0,2,1,0,1,0,0000000,4,56,5,13,5,36,0,0,0,1,0
48,480929,1,1,0,0,0,1,1,201,0,18,5,2011,4,20,35,0,16,5,BAY AREA BLVD,,0,29.60704444,-95.057402780,0,32,0,0,1,1,4,0,2,1,0,1,0,0000000,20,48,20,59,21,31,0,0,0,1,0
48,480930,2,2,0,0,0,2,2,51,0,19,5,2011,5,6,45,0,3,8,FM50,,420,30.38016944,-96.343188890,0,12,2,0,1,1,1,0,1,10,0,10,0,0000000,88,88,88,88,88,88,0,0,0,2,0
48,480931,1,1,0,1,1,1,1,29,6090,20,5,2011,6,12,7,0,16,5,ZARZAMORA,SOUTHCROSS,0,29.36811389,-98.534050000,0,8,0,0,2,2,1,0,1,10,0,10,0,0000000,88,88,88,88,88,88,0,0,0,1,0
48,480932,1,1,0,0,0,2,2,193,0,20,5,2011,6,13,0,0,3,3,SR-36,,30,31.77995000,-98.195713890,0,42,0,0,1,1,4,0,1,10,0,10,0,0000000,13,0,13,14,13,55,0,0,0,1,0
48,480933,1,1,0,0,0,1,1,1,0,21,5,2011,7,13,28,0,5,8,FM 1137,,6,31.76473333,-95.588736110,0,42,0,0,1,1,4,0,1,10,0,10,0,0000000,13,31,13,42,14,35,0,0,0,1,0
48,480934,2,2,0,0,0,2,2,29,6090,21,5,2011,7,21,45,1,13,8,FM 2252,,144,29.57058333,-98.382138890,0,12,6,0,8,1,1,0,2,10,0,10,0,0000000,88,88,88,88,88,88,0,0,0,1,1
48,480935,1,1,0,1,1,1,1,61,940,21,5,2011,7,22,7,0,14,8,FM 1419,,13,25.90532500,-97.460777780,0,8,0,0,1,1,1,0,6,1,0,1,0,0000000,88,88,88,88,88,88,0,0,0,1,0
48,480936,1,1,0,0,0,2,2,245,0,21,5,2011,7,22,2,0,6,4,OLD SOUR LAKE RD,,0,30.08759722,-94.275408330,0,35,0,0,1,1,4,0,2,1,0,1,0,0000000,22,6,22,17,23,5,0,0,0,1,1
48,480937,1,1,0,0,0,2,2,439,260,21,5,2011,7,1,16,0,16,5,SHERRY ST,STONE GATE ST,0,32.72568611,-97.071666670,0,5,0,0,2,2,1,0,3,1,0,1,0,0000000,1,16,1,23,1,42,0,0,0,1,1
48,480938,1,1,0,0,0,2,2,441,30,21,5,2011,7,13,26,1,12,2,US-83 RAMP,,30,32.41036389,-99.771522220,0,25,0,0,5,1,3,0,1,1,0,1,0,0000000,13,28,13,32,13,54,0,0,0,1,0
48,480939,2,2,0,0,0,3,3,141,2190,22,5,2011,1,14,43,1,13,3,SR-20,,344,31.66819444,-106.302422220,0,12,6,0,8,1,1,0,1,1,0,1,0,0000000,14,47,14,55,15,32,0,0,0,1,0
48,480940,2,2,0,0,0,2,2,201,6490,22,5,2011,1,5,0,0,16,5,MINNESOTA AVE,MAIN ST,0,29.65506667,-95.235741670,0,12,6,0,2,2,1,0,3,1,0,1,0,0000000,5,11,5,27,5,49,0,0,0,1,1
48,480941,1,1,0,0,0,2,2,375,0,22,5,2011,1,20,25,1,2,2,US-87,,202,35.37082500,-101.831952780,0,1,0,0,1,1,3,1,1,1,0,1,0,0000000,20,26,20,39,21,27,3,0,0,1,1
48,480942,3,3,0,0,0,2,2,439,260,22,5,2011,1,2,29,1,12,3,SR-360,,130,32.73762778,-97.062669440,0,12,1,1,18,1,1,0,2,1,0,1,0,0000000,2,46,3,1,3,49,23,0,0,1,1
48,480943,1,1,0,0,0,1,1,469,0,22,5,2011,1,9,34,0,4,8,FM 236,,121,28.81890000,-97.093580560,0,38,0,0,1,1,4,0,1,1,0,1,0,0000000,88,88,88,88,88,88,0,0,0,1,0
48,480945,1,1,0,0,0,2,2,279,0,23,5,2011,2,19,44,0,4,4,FM 1055,COUNTY ROAD 74,45,34.24744722,-102.411383330,0,34,0,0,3,2,4,0,1,1,0,1,0,0000000,99,99,99,99,99,99,0,0,0,1,1
48,480946,2,2,0,1,1,1,1,329,4560,23,5,2011,2,11,42,1,12,3,SR-158,,29,31.97176111,-102.145116670,0,12,1,0,1,1,1,0,1,1,0,1,0,0000000,11,43,11,51,12,8,23,0,0,1,0
48,480947,1,1,0,0,0,2,2,347,0,23,5,2011,2,6,53,0,6,4,CR 302,,0,31.58808611,-94.539527780,0,40,0,0,1,1,4,0,2,10,0,10,0,0000000,88,88,88,88,88,88,0,0,0,2,0
48,480948,1,1,0,1,1,1,1,439,260,23,5,2011,2,23,25,1,13,3,SR-180,,240,32.73593611,-97.150547220,0,8,0,0,1,1,1,0,2,1,0,1,0,0000000,99,99,99,99,99,99,0,0,0,1,1
48,480949,1,1,0,0,0,1,1,453,330,23,5,2011,2,12,42,0,16,5,WILLIAM CANNON DR,,0,30.25326667,-97.866286110,0,33,0,0,1,1,3,0,1,1,0,1,0,0000000,88,88,88,88,88,88,0,0,0,1,0
48,480950,1,1,0,0,0,1,1,29,6090,24,5,2011,3,10,10,0,16,5,BLANCO RD,,0,29.46653056,-98.507913890,0,30,0,0,1,1,4,0,1,1,0,1,0,0000000,10,9,10,14,10,44,0,0,0,1,0
48,480951,1,1,0,1,1,1,1,29,6090,25,5,2011,4,21,6,1,13,8,SS536,,264,29.35114167,-98.481283330,0,8,0,0,1,1,1,0,3,1,0,1,0,0000000,88,88,88,88,88,88,0,0,0,1,0
48,480952,1,1,0,0,0,1,1,129,0,25,5,2011,4,8,0,1,2,2,US-287,,210,34.89060833,-100.755175000,0,32,0,0,1,1,3,0,1,1,0,1,0,0000000,8,1,8,13,9,26,0,0,0,1,0
48,480953,2,2,0,1,1,2,2,201,0,25,5,2011,4,22,59,0,6,4,N SAM HOUSTON PKWY W,,0,29.93771667,-95.471641670,0,43,0,0,1,1,1,0,2,10,0,10,0,0000000,23,2,23,9,23,44,0,0,0,1,1
48,480954,1,1,0,0,0,1,1,303,0,25,5,2011,4,7,30,1,2,2,US-84,,283,33.50279167,-101.747250000,0,1,0,0,1,1,4,0,1,1,0,1,0,0000000,88,88,88,88,88,88,0,0,0,1,0
48,480955,1,1,0,0,0,2,2,373,0,25,5,2011,4,3,10,1,13,2,US-59,,290,30.73573056,-94.930275000,0,21,0,1,19,1,3,0,3,10,0,10,0,0000000,3,16,3,20,3,53,0,0,0,1,0
48,480956,1,1,0,1,1,1,1,113,1730,26,5,2011,5,3,5,0,16,5,COLUMBIA AVE,,0,32.79372222,-96.765250000,0,15,0,0,1,1,1,0,3,1,0,1,0,0000000,88,88,88,88,88,88,0,0,0,1,0
48,480957,1,1,0,1,1,1,1,201,0,26,5,2011,5,1,37,1,13,3,SR-6,FOREST TRAILS,28,29.89729444,-95.637322220,0,8,0,0,2,2,1,0,3,10,0,10,0,0000000,99,99,1,40,2,32,0,0,0,1,0
48,480958,4,4,0,0,0,4,4,295,0,26,5,2011,5,7,25,1,2,2,US-60,,23,36.07185833,-100.141111110,0,12,8,0,1,1,1,0,1,1,0,1,0,0000000,88,88,88,88,88,88,0,0,0,1,1
48,480959,2,2,0,0,0,2,2,199,0,27,5,2011,6,22,25,0,3,8,FM92,,109,30.36976389,-94.173088890,0,12,2,0,1,1,1,1,2,1,0,1,0,0000000,22,26,22,35,23,10,0,0,0,1,1
48,480960,3,3,0,0,0,3,3,201,0,27,5,2011,6,2,25,0,16,5,CYPRESS N HOUSTON,,0,29.95186111,-95.580366670,0,12,8,0,1,1,1,0,2,10,0,10,0,0000000,2,31,2,49,3,17,0,0,0,1,3
48,480961,2,2,0,0,0,2,2,251,1370,27,5,2011,6,2,31,1,13,8,BU 67,MOORE RD,80,32.36078611,-97.359805560,0,12,6,0,2,3,1,0,3,1,0,1,0,0000000,88,88,88,88,88,88,0,0,0,1,0
48,480962,1,1,0,0,0,1,1,373,0,27,5,2011,6,3,50,0,15,8,FM 3126,,68,30.67298333,-95.015736110,0,32,0,0,1,1,4,0,2,1,0,1,0,0000000,88,88,88,88,88,88,0,0,0,1,0
48,480963,2,2,0,0,0,2,2,375,0,27,5,2011,6,14,41,0,4,8,FM 1912,,6,35.25886667,-101.653705560,0,12,6,0,8,1,1,0,1,1,0,1,0,0000000,14,42,15,10,15,35,0,0,0,1,0
48,480964,1,1,0,0,0,1,1,455,0,27,5,2011,6,13,20,0,3,2,US-287,,139,31.04591111,-95.100708330,1,59,0,0,1,1,4,0,1,1,0,1,0,0000000,13,27,13,29,14,17,0,0,0,1,0
48,480965,1,1,0,0,0,1,1,29,6090,28,5,2011,7,15,31,1,11,1,I-35,,282,29.45158611,-98.419325000,0,25,0,0,1,1,3,0,1,1,0,1,0,0000000,88,88,88,88,88,88,0,0,0,1,1
48,480966,2,2,0,0,0,2,2,201,0,28,5,2011,7,22,48,1,13,8,FM 1960,,131,30.01261944,-95.453577780,0,12,6,0,8,1,1,0,3,1,0,1,0,0000000,22,49,22,57,23,51,0,0,0,1,1
48,480967,1,1,0,0,0,3,3,233,0,28,5,2011,7,0,39,0,4,8,RM 3395,,31,35.73177778,-101.597319440,0,1,0,0,1,1,4,0,2,1,0,1,0,0000000,0,47,1,21,2,0,0,0,0,1,1
48,480968,1,1,0,0,0,1,1,355,5850,28,5,2011,7,2,50,0,16,5,COUNTY ROAD 38,,0,27.78339167,-97.688611110,0,1,0,0,1,1,1,0,2,1,0,1,0,0000000,88,88,88,88,88,88,0,0,0,1,0
48,480969,2,2,0,0,0,17,17,201,0,29,5,2011,1,13,42,0,16,7,SAM HOUSTON PKWY,GARRETT RD,0,29.88306111,-95.197119440,0,12,6,1,2,2,1,0,1,1,0,1,0,0000000,13,45,13,53,14,30,1,0,0,2,0
48,480971,1,1,0,0,0,1,1,405,0,29,5,2011,1,16,57,0,3,3,SR-21,,154,31.51374722,-94.053219440,0,42,0,0,1,1,4,0,1,1,0,1,0,0000000,88,88,88,88,88,88,0,0,0,1,0
48,480972,2,2,0,0,0,3,3,29,6090,30,5,2011,2,0,10,1,13,8,SL 13,GOLIAD,30,29.35191667,-98.431072220,0,12,6,0,2,2,1,0,3,1,0,1,0,0000000,0,17,0,23,0,49,0,0,0,1,0
48,480973,3,1,2,0,0,1,1,85,1730,30,5,2011,2,19,56,0,16,5,DALLAS PKWY,,0,32.99675278,-96.828994440,0,42,0,0,1,1,5,1,3,1,0,1,0,0000000,88,88,88,88,88,88,19,0,0,1,0
48,480974,1,1,0,0,0,1,1,181,1830,30,5,2011,2,18,7,1,12,2,US-75,,97,33.72114444,-96.585180560,0,21,0,1,19,1,8,0,1,1,0,1,0,0000000,88,88,88,88,88,88,0,0,0,1,1
48,480975,1,1,0,0,0,2,2,201,0,30,5,2011,2,22,30,0,16,5,CLOVERLEAF,ALDERSON,0,29.78894444,-95.167808330,0,34,0,0,3,3,5,0,2,1,0,1,0,0000000,88,88,88,88,88,88,0,0,0,2,1
48,480976,2,2,0,0,0,2,2,309,7210,30,5,2011,2,1,30,0,16,5,12TH ST,MORROW ST,0,31.55663889,-97.144294440,0,12,6,0,2,2,1,0,3,1,0,1,0,0000000,1,37,1,41,2,6,0,0,0,1,1
48,480977,1,1,0,0,0,1,1,27,6810,31,5,2011,3,8,47,1,13,2,US-190,,31,31.07971944,-97.381911110,0,26,0,1,5,1,8,8,1,1,0,1,0,0000000,8,48,8,53,9,9,0,0,0,1,0
48,480978,2,2,0,0,0,2,2,29,6090,31,5,2011,3,14,44,0,16,5,THOUSAND OAKS,,0,29.55902778,-98.418658330,0,12,6,0,8,1,1,0,1,1,0,1,0,0000000,14,44,14,48,15,24,0,0,0,1,0
48,480979,3,3,0,0,0,7,7,183,0,13,5,2011,6,21,27,0,3,3,SR-31,,23,32.38131111,-94.949600000,0,12,2,0,1,1,1,0,2,1,0,1,0,0000000,21,30,21,37,22,56,0,0,0,1,0
48,480980,1,1,0,0,0,5,5,201,3280,13,5,2011,6,1,15,0,16,5,VALLEY VIEW LANE,,0,29.68044444,-95.534827780,0,42,0,0,1,1,4,0,3,1,0,1,0,0000000,88,88,88,88,88,88,0,0,0,1,0
48,480981,2,2,0,0,0,6,6,5,0,14,5,2011,7,0,45,0,4,8,FM2497,,47,31.25103889,-94.804286110,0,12,6,0,8,1,1,0,3,1,0,1,0,0000000,99,99,99,99,99,99,0,0,0,1,0
48,480982,1,1,0,0,0,1,1,141,2190,14,5,2011,7,4,43,0,16,5,SOUTHSIDE RD,,0,31.68646389,-106.325497220,0,38,0,0,1,1,4,0,3,1,0,1,0,0000000,4,44,4,50,5,9,0,0,0,1,0
48,480983,2,2,0,0,0,2,2,209,0,14,5,2011,7,9,13,0,6,4,FITZHUGH RD,,0,30.25260278,-98.070738890,0,12,2,0,1,1,1,0,1,1,0,1,0,0000000,88,88,88,88,88,88,0,0,0,1,0
48,480984,2,2,0,0,0,6,6,215,4197,14,5,2011,7,19,31,0,16,5,W LAVISTA AVE,N 8TH ST,0,26.22469444,-98.224130560,0,12,6,0,2,3,1,0,1,1,0,1,0,0000000,88,88,88,88,88,88,0,0,0,1,0
48,480985,1,1,0,0,0,1,1,499,0,14,5,2011,7,13,27,0,3,3,SR-11,,21,32.95369167,-95.265391670,0,1,0,0,1,1,1,0,1,1,0,1,0,0000000,88,88,88,88,88,88,0,0,0,1,0
48,480986,1,1,0,0,0,3,3,1,0,15,5,2011,1,21,20,0,3,2,US-84,,42,31.75124167,-95.578686110,0,32,0,0,1,1,4,0,2,1,0,1,0,0000000,99,99,99,99,99,99,0,0,0,1,1
48,480987,1,1,0,0,0,4,4,245,490,15,5,2011,1,2,34,0,16,5,SOUTH ST,,0,30.08186111,-94.116766670,0,30,0,0,1,1,4,0,3,1,0,1,0,0000000,88,88,88,88,88,88,0,0,0,1,1
48,480988,1,1,0,0,0,1,1,479,3899,15,5,2011,1,21,25,0,16,5,WINDFIELD PKWY,,0,27.58400000,-99.451719440,0,42,0,0,1,1,3,0,3,10,0,10,0,0000000,99,99,99,99,99,99,0,0,0,1,0
48,480989,2,2,0,0,0,2,2,113,1730,16,5,2011,2,19,20,0,16,5,KLEBERG RD,,0,32.68626944,-96.627202780,0,12,6,0,8,1,1,0,1,1,0,1,0,0000000,19,20,19,25,19,46,0,0,0,1,0
48,480990,2,2,0,0,0,2,2,135,5030,16,5,2011,2,13,38,0,16,5,E UNIVERSITY BLVD,N TANGLEWOOD LN,0,31.87777500,-102.337416670,0,12,6,0,2,2,1,0,1,1,0,1,0,0000000,99,99,99,99,99,99,0,0,0,1,1
48,480991,2,2,0,0,0,2,2,339,0,2,5,2011,2,20,25,0,6,4,GROGANS MILL RD,,0,30.12832222,-95.456119440,0,12,6,0,4,1,1,0,3,1,0,1,0,0000000,20,36,20,39,21,9,0,0,0,1,0
48,480992,1,1,0,0,0,1,1,135,0,4,5,2011,4,4,45,1,13,2,US-385,,36,31.80028889,-102.364483330,0,1,0,0,1,1,1,0,2,1,0,1,0,0000000,88,88,88,88,88,88,0,0,0,1,1
48,480993,2,2,0,0,0,3,3,303,4140,4,5,2011,4,10,44,0,16,5,L AVE,50TH ST,0,33.54881389,-101.848750000,0,12,6,0,2,2,1,0,1,1,0,1,0,0000000,10,45,10,51,11,9,0,0,0,1,0
48,480994,2,2,0,0,0,5,5,215,0,7,5,2011,7,2,40,1,13,8,FM 1924,BENTSEN PALM DR,10,26.26488056,-98.365266670,0,12,6,0,2,2,1,0,3,1,0,1,0,0000000,2,40,2,55,3,22,0,0,0,2,1
48,480995,1,1,0,0,0,1,1,473,0,7,5,2011,7,10,22,0,4,8,FM 362,,239,29.83331944,-95.951116670,0,1,0,0,1,1,4,0,1,1,0,1,0,0000000,10,35,10,44,11,11,0,0,0,1,0
48,480996,2,2,0,0,0,2,2,489,0,7,5,2011,7,4,45,0,6,5,6TH,,0,26.46610000,-97.920608330,0,12,7,0,1,1,1,0,2,1,0,1,0,0000000,88,88,88,88,88,88,0,0,0,1,1
48,480997,1,1,0,0,0,2,2,97,2550,8,5,2011,1,21,6,0,15,8,FM 1200,FM 1201,169,33.66155556,-97.187497220,0,18,0,0,3,4,3,0,6,2,0,2,0,0000000,21,9,21,19,21,41,0,0,0,1,1
48,480998,1,1,0,0,0,1,1,231,0,8,5,2011,1,1,0,1,2,3,SR-276,,118,32.91034167,-96.152886110,0,38,0,0,1,1,4,0,2,1,0,1,0,0000000,88,88,88,88,88,88,0,0,0,1,1
48,480999,1,1,0,0,0,2,2,453,0,8,5,2011,1,2,15,0,3,8,FM 812,,41,30.13105278,-97.645086110,0,43,0,0,1,1,4,0,2,1,0,1,0,0000000,2,21,2,32,3,0,0,0,0,1,1
48,481000,2,2,0,0,0,2,2,223,0,9,5,2011,2,14,22,1,1,1,I-30,,100,33.12063333,-95.693819440,0,12,1,0,1,1,1,0,1,1,0,1,0,0000000,88,88,88,88,88,88,0,0,0,1,0
48,481002,2,2,0,0,0,4,4,473,0,9,5,2011,2,15,17,0,5,8,FM3346,FM1887,15,30.05354167,-96.081458330,0,12,6,0,2,2,1,0,1,1,0,1,0,0000000,15,24,15,36,16,21,0,0,0,1,0
48,481003,1,1,0,0,0,2,2,123,0,10,5,2011,3,17,34,0,3,3,SR-72,,6,29.08964444,-97.346463890,0,1,0,0,1,1,4,0,1,1,0,1,0,0000000,17,40,17,58,19,20,0,0,0,1,1
48,481004,1,1,0,0,0,2,2,471,3340,10,5,2011,3,1,7,0,14,8,FM1374,,23,30.67803611,-95.564575000,0,1,0,0,1,1,4,0,2,1,0,1,0,0000000,1,46,2,11,2,50,20,0,0,1,0
48,481005,4,4,0,0,0,5,5,339,1692,11,5,2011,4,18,0,1,2,3,SR-105,,306,30.33310278,-95.331630560,0,12,6,0,1,1,1,0,1,2,0,2,0,0000000,88,88,88,88,88,88,0,0,0,2,0
48,481006,1,1,0,0,0,3,3,349,5707,11,5,2011,4,12,7,0,15,8,FM709,,326,32.05158889,-96.471633330,0,53,0,0,1,1,4,0,1,1,0,1,0,0000000,12,11,12,34,13,40,0,0,0,2,0
48,481007,1,1,0,0,0,1,1,335,0,12,5,2011,5,8,5,1,1,1,I-20,,243,32.39905833,-100.806491670,0,52,0,0,1,1,3,0,1,1,0,1,0,0000000,88,88,88,88,88,88,0,0,0,1,0
48,481008,2,2,0,0,0,3,3,139,0,16,5,2011,2,14,32,0,3,8,FM1446,,31,32.37530000,-96.899938890,0,12,2,0,1,1,1,0,1,1,0,1,0,0000000,14,51,15,23,15,42,0,0,0,1,0
48,481009,1,1,0,0,0,1,1,289,0,16,5,2011,2,15,8,0,3,3,SR-7,,140,31.24450833,-96.041761110,0,38,0,0,1,1,4,0,1,1,0,1,0,0000000,88,88,88,88,88,88,0,0,0,1,1
48,481010,2,2,0,0,0,2,2,381,0,16,5,2011,2,16,40,1,13,8,FM1541,SL335,49,35.11973333,-101.848313890,0,12,6,0,2,2,1,0,1,1,0,1,0,0000000,99,99,99,99,99,99,0,0,0,1,0
48,481011,1,1,0,0,0,2,2,85,7365,17,5,2011,3,9,0,0,3,8,FM 455,,143,33.34910278,-96.678058330,0,32,0,0,1,1,4,0,1,1,0,1,0,0000000,9,33,9,47,10,17,0,0,0,1,0
48,481012,1,1,0,0,0,1,1,315,0,17,5,2011,3,6,3,0,5,8,FM 805,,23,32.76692500,-94.204758330,0,42,0,0,1,1,4,0,4,1,0,1,0,0000000,99,99,99,99,99,99,0,0,0,1,0
48,481013,1,1,0,0,0,2,2,41,0,18,5,2011,4,19,59,0,6,4,MUMFORD RD,,0,30.71815278,-96.451550000,0,1,0,0,1,1,1,0,5,10,0,10,0,0000000,88,88,88,88,88,88,0,0,0,1,1
48,481015,3,3,0,0,0,3,3,113,2590,20,5,2011,6,15,11,0,16,5,SHILOH RD,BUCKINGHAM RD,0,32.93112778,-96.664905560,0,12,1,0,3,2,1,0,1,10,0,10,0,0000000,15,12,15,17,15,44,0,0,0,1,1
48,481016,1,1,0,0,0,3,3,183,0,20,5,2011,6,14,10,1,2,2,US-259,,30,32.37358611,-94.831516670,0,32,0,0,1,1,4,0,1,1,0,1,0,0000000,14,10,14,20,14,54,0,0,0,1,0
48,481017,2,2,0,0,0,4,4,135,0,21,5,2011,7,14,50,1,13,8,BI 20,MURPHY ST,54,31.81382778,-102.425466670,0,12,6,0,2,3,1,0,1,1,0,1,0,0000000,88,88,88,88,88,88,0,0,0,1,0
48,481018,1,1,0,0,0,1,1,187,0,21,5,2011,7,7,25,0,3,8,FM 78,,105,29.58708056,-98.080700000,0,1,0,0,1,1,4,0,1,1,0,1,0,0000000,88,88,88,88,88,88,0,0,0,1,1
48,481019,1,1,0,0,0,1,1,223,0,21,5,2011,7,6,18,0,4,8,FM 269,,65,33.09970278,-95.387936110,0,42,0,0,1,1,4,0,4,10,0,10,0,0000000,88,88,88,88,88,88,0,0,0,1,1
48,481020,1,1,0,0,0,1,1,353,0,21,5,2011,7,18,33,1,1,1,I-20,,88,32.43842778,-100.515558330,0,1,0,0,1,1,3,0,1,6,0,6,0,0000000,88,88,88,88,88,88,0,0,0,1,0
48,481021,2,2,0,0,0,7,7,83,0,13,5,2011,6,14,35,0,3,2,US-283,COUNTY ROAD 256,92,31.62306944,-99.365463890,0,12,6,0,2,2,1,0,1,1,0,1,0,0000000,14,40,14,55,99,99,0,0,0,1,1
48,481022,1,1,0,0,0,1,1,61,0,22,5,2011,1,20,40,0,6,4,OLD MILITARY RD,,0,26.07841389,-97.850444440,0,35,0,0,1,1,4,0,2,1,0,1,0,0000000,88,88,88,88,88,88,0,0,0,1,0
48,481023,1,1,0,0,0,1,1,113,1730,22,5,2011,1,19,51,1,12,2,US-175,,64,32.70427222,-96.666266670,0,24,0,1,18,1,10,0,1,2,0,2,0,0000000,88,88,88,88,88,88,0,0,0,1,1
48,481024,2,2,0,0,0,2,2,201,0,22,5,2011,1,2,5,1,2,2,US-290/SR-6,,114,29.99693333,-95.764105560,0,12,1,0,1,1,1,0,3,10,0,10,0,0000000,2,18,2,32,3,0,0,0,0,1,1
48,481025,1,1,0,0,0,3,3,415,0,22,5,2011,1,17,26,0,4,8,FM 2085,,25,32.59845556,-101.077194440,0,31,0,0,1,1,4,0,1,1,0,1,0,0000000,18,55,19,6,20,14,0,0,0,1,0
48,481026,1,1,0,0,0,1,1,423,0,22,5,2011,1,3,45,0,4,8,FM 14,,39,32.53725556,-95.269305560,0,42,0,0,1,1,4,0,2,1,0,1,0,0000000,88,88,88,88,88,88,0,0,0,1,0
48,481027,2,2,0,0,0,3,3,113,1730,23,5,2011,2,15,50,0,16,5,MIDWAY RD,SHADY BEND DR,0,32.91720278,-96.838136110,0,12,6,0,2,2,1,0,1,1,0,1,0,0000000,15,51,15,57,16,20,0,0,0,1,1
48,481028,1,1,0,0,0,1,1,139,0,23,5,2011,2,22,15,0,6,4,LISKA RD,,0,32.27385000,-96.636197220,0,32,0,0,1,1,4,0,2,10,0,10,0,0000000,88,88,88,88,88,88,0,0,0,1,1
48,481029,1,1,0,0,0,1,1,361,0,23,5,2011,2,17,10,0,6,4,JAPANESE LN,,0,30.07929722,-93.971375000,0,59,0,0,1,1,4,0,1,10,0,10,0,0000000,17,20,17,34,18,3,0,0,0,1,0
48,481030,1,1,0,0,0,3,3,389,0,23,5,2011,2,22,45,0,6,4,CR 118,,0,31.39107222,-103.489422220,0,1,0,0,1,1,1,0,3,1,0,1,0,0000000,99,99,99,99,99,99,0,0,0,1,1
48,481031,2,2,0,0,0,5,5,3,0,25,5,2011,4,11,43,0,4,3,SR-176,,374,32.32529167,-102.460127780,0,12,2,0,1,1,1,0,1,1,0,1,0,0000000,99,99,11,46,12,20,0,0,0,2,0
48,481032,2,2,0,0,0,4,4,141,2190,25,5,2011,4,23,22,1,13,2,US-62,SL375,216,31.80623056,-106.268766670,0,12,6,0,2,2,1,0,3,1,0,1,0,0000000,23,29,23,39,23,57,0,0,0,1,0
48,481033,1,1,0,1,1,1,1,249,0,25,5,2011,4,17,36,0,5,8,FM1930,,16,27.69755000,-98.054694440,0,9,0,0,1,1,1,0,1,1,0,1,0,0000000,18,29,18,47,19,31,0,0,0,1,0
48,481034,1,1,0,0,0,2,2,429,0,25,5,2011,4,12,50,0,3,3,SR-67,,58,32.88356111,-98.731883330,0,34,0,0,1,1,4,0,1,1,0,1,0,0000000,88,88,88,88,88,88,0,0,0,1,0
48,481035,1,1,0,0,0,1,1,491,5990,25,5,2011,4,1,10,1,11,7,I-35,BI35L,7,30.48909444,-97.676513890,0,1,0,1,3,2,3,0,3,10,0,10,0,0000000,1,20,1,21,1,37,20,0,0,1,0
48,481036,1,1,0,0,0,4,4,235,0,26,5,2011,5,18,0,0,4,3,SR-163,,217,31.23508333,-101.175830560,0,1,0,0,1,1,4,0,1,1,0,1,0,0000000,99,99,99,99,99,99,0,0,0,1,0
48,481037,1,1,0,0,0,1,1,423,0,26,5,2011,5,4,28,0,4,8,FM16,,223,32.52805833,-95.330725000,0,1,0,0,1,1,4,0,2,1,0,1,0,0000000,88,88,88,88,88,88,0,0,0,1,0
48,481038,2,2,0,0,0,2,2,201,3280,27,5,2011,6,2,14,1,12,2,US-59,,91,29.72419167,-95.490502780,0,12,6,0,1,1,1,0,3,10,0,10,0,0000000,88,88,88,88,88,88,0,0,0,1,1
48,481039,1,1,0,1,1,1,1,453,330,27,5,2011,6,5,12,0,16,5,EXPOSITION BLVD,,0,30.29145556,-97.771566670,0,8,0,0,1,1,1,0,3,1,0,1,0,0000000,88,88,88,88,88,88,0,0,0,1,0
48,481040,2,2,0,0,0,4,4,35,0,28,5,2011,7,21,45,0,6,4,1304,,0,32.04373333,-97.261555560,0,12,2,0,1,1,1,0,2,10,0,10,0,0000000,88,88,88,88,88,88,0,0,0,1,1
48,481041,1,1,0,0,0,4,4,71,0,28,5,2011,7,16,1,1,1,1,I-10,,2,29.85955278,-94.356155560,0,1,0,0,1,1,10,0,1,1,0,1,0,0000000,16,4,16,20,16,40,0,0,0,1,0