STATE,ST_CASE,VE_TOTAL,VE_FORMS,PVH_INVL,PEDS,PERNOTMVIT,PERMVIT,PERSONS,COUNTY,CITY,DAY,MONTH,YEAR,DAY_WEEK,HOUR,MINUTE,NHS,ROAD_FNC,ROUTE,TWAY_ID,TWAY_ID2,MILEPT,LATITUDE,LONGITUD,SP_JUR,HARM_EV,MAN_COLL,RELJCT1,RELJCT2,TYP_INT,REL_ROAD,WRK_ZONE,LGT_COND,WEATHER1,WEATHER2,WEATHER,SCH_BUS,RAIL,NOT_HOUR,NOT_MIN,ARR_HOUR,ARR_MIN,HOSP_HR,HOSP_MN,CF1,CF2,CF3,FATALS,DRUNK_DR
48,481042,3,3,0,0,0,6,6,453,330,28,5,2011,7,2,25,1,12,7,SR-71,WOODWARD ST,55,30.21660556,-97.743994440,0,12,6,0,2,2,1,0,3,10,0,10,0,0000000,88,88,88,88,88,88,0,0,0,2,1
48,481043,1,1,0,0,0,1,1,459,0,28,5,2011,7,22,5,0,4,3,SR-154,,167,32.70720833,-94.874722220,0,59,0,0,1,1,4,0,2,1,0,1,0,0000000,88,88,88,88,88,88,0,0,0,1,1
48,481044,1,1,0,0,0,6,6,475,0,28,5,2011,7,10,4,1,1,1,I-20,,195,31.53508056,-103.089361110,0,1,0,0,1,1,3,0,1,1,0,1,0,0000000,10,1,10,13,10,20,0,0,0,1,0
48,481046,1,1,0,0,0,7,7,25,0,29,5,2011,1,17,55,1,2,2,US-181,,148,28.29135833,-97.694763890,0,1,0,0,1,1,3,0,1,1,0,1,0,0000000,99,99,99,99,99,99,0,0,0,2,0
48,481047,1,1,0,0,0,4,4,201,3280,29,5,2011,1,1,40,0,16,5,YALE ST,PATRICK ST,0,29.84925278,-95.402994440,0,1,0,0,3,1,4,0,3,1,0,1,0,0000000,1,44,1,49,2,19,0,0,0,1,1
48,481049,1,1,0,0,0,1,1,221,2780,29,5,2011,1,21,59,0,4,8,FM-51,,28,32.42064722,-97.815036110,0,59,0,0,1,1,4,0,2,1,0,1,0,0000000,22,5,22,11,22,49,0,0,0,1,1
48,481050,1,1,0,0,0,1,1,299,0,29,5,2011,1,3,40,0,4,3,SR-16,,20,30.89767500,-98.667305560,0,35,0,0,1,1,4,0,2,1,0,1,0,0000000,88,88,88,88,88,88,0,0,0,1,1
48,481051,1,1,0,0,0,1,1,313,0,29,5,2011,1,19,54,0,3,3,SR-90,,39,30.89802778,-95.921458330,0,42,0,0,1,1,4,0,1,1,0,1,0,0000000,88,88,88,88,88,88,0,0,0,1,1
48,481052,1,1,0,0,0,2,2,321,0,29,5,2011,1,19,30,0,6,4,218,,0,28.93725556,-95.918197220,0,38,0,0,1,1,4,0,1,1,0,1,0,0000000,19,32,19,44,20,15,0,0,0,1,1
48,481053,1,1,0,0,0,4,4,423,0,29,5,2011,1,0,50,0,6,4,1141,,0,32.32380278,-95.406713890,0,42,0,0,1,1,4,0,2,1,0,1,0,0000000,99,99,99,99,1,30,0,0,0,1,1
48,481054,3,3,0,0,0,10,10,167,0,30,5,2011,2,13,12,1,11,1,I-45,,165,29.32346667,-94.924577780,0,12,7,0,1,1,1,0,1,1,0,1,0,0000000,13,16,13,35,13,51,0,0,0,1,0
48,481055,1,1,0,0,0,3,3,327,0,30,5,2011,2,13,29,0,3,2,US-83,,30,31.04230833,-99.821047220,0,1,0,0,1,1,1,0,1,1,0,1,0,0000000,13,29,13,42,14,40,0,0,0,1,0
48,481056,1,1,0,0,0,1,1,479,3899,30,5,2011,2,6,3,1,11,1,I-35,,42,27.55404167,-99.503569440,0,30,0,0,1,1,10,0,3,1,0,1,0,0000000,88,88,88,88,88,88,0,0,0,1,0
48,481057,2,2,0,0,0,2,2,29,0,31,5,2011,3,11,45,0,5,8,FM1303,,10,29.20964722,-98.349041670,0,12,2,0,1,1,1,0,1,1,0,1,0,0000000,88,88,88,88,88,88,0,0,0,1,0
48,481058,2,2,0,0,0,2,2,121,2395,31,5,2011,3,21,36,1,13,8,FM2499,,5,33.06510278,-97.080222220,0,12,6,0,8,1,1,0,2,1,0,1,0,0000000,21,38,21,43,21,59,0,0,0,1,0
48,481059,1,1,0,0,0,1,1,121,255,1,6,2011,4,21,36,0,14,8,FM407,,93,33.10457500,-97.148080560,0,38,0,0,1,1,4,0,2,1,0,1,0,0000000,88,88,88,88,88,88,0,0,0,1,1
48,481060,1,1,0,0,0,1,1,367,0,1,6,2011,4,2,30,0,14,8,FM2421,,178,32.78717778,-97.808869440,0,42,0,0,1,1,4,0,2,1,0,1,0,0000000,88,88,88,88,88,88,0,0,0,1,1
48,481061,2,2,0,0,0,6,6,395,0,1,6,2011,4,17,20,1,2,2,US-190,,27,30.85785833,-96.575536110,0,12,6,0,1,1,1,0,1,10,0,10,0,0000000,17,22,17,44,18,17,0,0,0,1,0
48,481062,2,2,0,0,0,3,3,439,260,1,6,2011,4,10,48,1,13,8,SPUR 303,COLLINS,184,32.70796944,-97.097566670,0,12,2,0,2,2,1,0,1,1,0,1,0,0000000,99,99,99,99,99,99,0,0,0,1,0
48,481063,1,1,0,0,0,3,3,21,0,2,6,2011,5,16,26,1,2,2,US-290,,126,30.25901667,-97.228516670,0,32,0,0,1,1,4,0,1,1,0,1,0,0000000,16,33,16,49,17,35,0,0,0,1,0
48,481064,1,1,0,0,0,1,1,27,0,2,6,2011,5,17,52,0,6,4,OAKALLA,,0,31.02989167,-97.877050000,0,1,0,0,1,1,4,0,1,1,0,1,0,0000000,99,99,99,99,99,99,0,0,0,1,0
48,481065,3,3,0,0,0,3,3,407,0,2,6,2011,5,21,6,0,4,8,FM 3278,CEDAR VALLEY RD,15,30.60619444,-95.053894440,0,12,6,0,3,3,1,0,2,1,0,1,0,0000000,99,99,99,99,99,99,0,0,0,1,1
48,481066,1,1,0,0,0,1,1,439,2850,2,6,2011,5,2,34,1,12,7,SR-121,,99,32.90928889,-97.100316670,0,1,0,0,1,1,4,1,3,1,0,1,0,0000000,88,88,88,88,88,88,0,0,0,1,0
48,481067,1,1,0,0,0,1,1,439,6485,2,6,2011,5,20,45,0,16,5,KINGSWOOD DR,LAKEVIEW DR,0,32.95461944,-97.180661110,0,38,0,0,3,3,4,0,2,1,0,1,0,0000000,20,49,21,13,21,32,0,0,0,1,0
48,481068,3,2,1,0,0,2,2,467,2100,2,6,2011,5,13,0,0,3,2,US-80,FM 1504,109,32.69602778,-95.890083330,0,12,1,0,3,4,1,0,1,1,0,1,0,0000000,88,88,88,88,88,88,0,0,0,1,0
48,481069,2,2,0,0,0,2,2,21,0,3,6,2011,6,5,30,1,2,3,SR-21,FM 20,117,30.11081111,-97.373008330,0,12,6,0,2,3,1,0,2,10,0,10,0,0000000,99,99,99,99,99,99,0,0,0,1,1
48,481070,3,3,0,0,0,8,8,113,2800,3,6,2011,6,23,34,1,11,1,I-30,,4,32.75966667,-97.028047220,0,12,1,1,18,1,1,1,3,1,0,1,0,0000000,99,99,99,99,99,99,0,0,0,1,1
48,481071,1,1,0,0,0,1,1,141,2190,3,6,2011,6,1,10,1,11,1,I-10RAMP,,238,31.77729444,-106.429944440,0,21,0,1,5,1,10,0,3,1,0,1,0,0000000,88,88,88,88,88,88,0,0,0,1,1
48,481072,2,2,0,0,0,2,2,199,0,3,6,2011,6,0,45,1,12,2,US-69,,20,30.19141389,-94.189244440,0,12,2,0,1,1,1,0,2,1,0,1,0,0000000,0,45,0,54,1,47,0,0,0,1,1
48,481073,3,3,0,0,0,3,3,423,7070,3,6,2011,6,17,7,0,14,3,SR-248,SL 323,0,32.31336389,-95.268194440,0,12,7,0,3,2,1,0,1,1,0,1,0,0000000,88,88,88,88,88,88,0,0,0,1,0
48,481074,2,2,0,1,1,3,3,29,6090,4,6,2011,7,21,7,0,16,5,CULEBRA,,0,29.44850278,-98.585669440,0,8,0,0,1,1,1,0,3,1,0,1,0,0000000,21,7,21,8,21,29,0,0,0,1,0
48,481076,1,1,0,1,1,5,5,71,0,4,6,2011,7,21,18,0,4,3,SR-61,,52,29.82863889,-94.646430560,0,9,0,0,1,1,1,0,2,1,0,1,0,0000000,88,88,88,88,88,88,0,0,0,1,0
48,481077,1,1,0,0,0,1,1,113,1730,4,6,2011,7,3,35,1,11,1,I-30,,96,32.76744444,-96.869397220,0,1,0,0,1,1,10,0,3,1,0,1,0,0000000,3,50,3,57,4,13,0,0,0,1,1
48,481078,1,1,0,1,1,1,1,113,1730,4,6,2011,7,22,22,0,16,5,SUNNYVALE ST,OVERTON RD,0,32.71173611,-96.784175000,0,8,0,0,2,2,1,0,3,1,0,1,0,0000000,88,88,88,88,88,88,0,0,0,1,0
48,481079,3,3,0,0,0,4,4,121,0,4,6,2011,7,17,8,1,2,2,US-380,,53,33.23761389,-97.300305560,0,12,1,0,1,1,1,0,1,1,0,1,0,0000000,17,16,17,27,18,12,0,0,0,1,0
48,481080,2,2,0,0,0,4,4,141,2190,4,6,2011,7,21,9,0,16,5,UPPER VALLEY,COUNTRY CLUB RD,0,31.84726667,-106.613050000,0,42,0,0,1,1,4,0,2,1,0,1,0,0000000,88,88,88,88,88,88,14,0,0,1,0
48,481081,2,2,0,0,0,3,3,251,1370,4,6,2011,7,12,26,1,13,3,SR-174,,218,32.39994444,-97.385405560,0,12,6,0,8,1,1,0,1,1,0,1,0,0000000,88,88,88,88,88,88,0,0,0,1,0
48,481082,1,1,0,0,0,1,1,453,5325,4,6,2011,7,0,20,1,13,8,FM 1825,,9,30.44594444,-97.649047220,0,42,0,0,1,1,4,0,2,1,0,1,0,0000000,88,88,88,88,88,88,0,0,0,1,0
48,481083,2,2,0,0,0,2,2,467,0,4,6,2011,7,12,0,0,4,3,SR-198,2807,176,32.39450278,-96.070880560,0,12,1,0,3,3,1,0,1,1,0,1,0,0000000,12,0,12,9,12,45,0,0,0,1,0
48,481084,1,1,0,0,0,1,1,499,0,4,6,2011,7,14,50,0,4,8,FM 852,,88,32.89025833,-95.180413890,0,1,0,0,1,1,1,0,1,1,0,1,0,0000000,15,5,15,17,16,34,0,0,0,1,0
48,481085,1,1,0,0,0,1,1,77,0,5,6,2011,1,13,41,1,2,2,US-287,,90,33.71957500,-98.100347220,0,42,0,0,1,1,4,0,1,1,0,1,0,0000000,88,88,88,88,88,88,0,0,0,1,0
48,481086,1,1,0,0,0,1,1,113,1730,5,6,2011,1,17,56,0,16,5,EASTON RD,VAN DYKE RD,0,32.86068056,-96.709841670,0,1,0,0,2,4,1,0,1,1,0,1,0,0000000,17,57,18,2,18,44,0,0,0,1,1
48,481087,1,1,0,0,0,1,1,167,6213,5,6,2011,1,19,58,1,13,8,FM 1764,,25,29.39143889,-95.077522220,0,33,0,0,1,1,4,0,1,1,0,1,0,0000000,99,99,99,99,99,99,0,0,0,1,0
48,481088,2,2,0,0,0,2,2,201,0,5,6,2011,1,6,29,1,11,7,I-45,FM 1960,426,30.02125000,-95.428336110,0,12,6,1,2,2,1,0,1,1,0,1,0,0000000,88,88,88,88,88,88,0,0,0,1,0
48,481089,1,1,0,0,0,7,7,201,3280,5,6,2011,1,20,5,0,16,5,ELDRIDGE PKWY,,0,29.81147222,-95.617469440,0,24,0,0,1,1,4,0,2,2,0,2,0,0000000,20,5,20,10,20,40,0,0,0,1,0
48,481090,3,3,0,0,0,9,9,201,3280,5,6,2011,1,20,15,1,13,8,FM 865,EDFIELD,21,29.67553889,-95.355836110,0,12,6,0,2,2,1,0,3,1,0,1,0,0000000,20,20,20,22,20,37,0,0,0,1,1
48,481091,1,1,0,0,0,1,1,215,0,5,6,2011,1,7,20,0,6,4,CESAR CHAVEZ,,0,26.22368056,-98.128569440,0,1,0,0,1,1,1,0,1,1,0,1,0,0000000,7,27,7,37,7,56,0,0,0,1,1
48,481092,1,1,0,0,0,2,2,229,0,5,6,2011,1,10,52,1,2,2,US-62,,259,31.79834167,-105.579713890,0,1,0,0,1,1,4,0,1,1,0,1,0,0000000,99,99,99,99,99,99,0,0,0,1,0
48,481093,1,1,0,0,0,4,4,297,0,5,6,2011,1,13,52,1,1,1,I-37,,181,28.35241667,-98.037100000,0,1,0,0,1,1,10,0,1,1,0,1,0,0000000,13,57,14,27,15,2,0,0,0,1,0
48,481094,1,1,0,0,0,1,1,309,0,5,6,2011,1,19,43,0,6,4,KASSBERG,,0,31.72545833,-97.034297220,0,38,0,0,1,1,4,0,1,1,0,1,0,0000000,19,49,20,5,20,34,0,0,0,1,0
48,481095,2,2,0,0,0,4,4,355,1550,5,6,2011,1,7,23,1,12,3,SR-358,,94,27.71091667,-97.376844440,0,12,1,0,1,1,1,0,1,1,0,1,0,0000000,7,23,7,38,8,3,0,0,0,1,1
48,481096,1,1,0,0,0,1,1,439,3594,5,6,2011,1,0,49,0,16,5,KATY,,0,32.95122500,-97.255236110,0,32,0,0,1,1,4,1,3,1,0,1,0,0000000,1,8,1,24,1,44,0,0,0,1,1
48,481097,2,2,0,0,0,4,4,467,0,5,6,2011,1,10,20,0,4,8,FM 773,FM 773,62,32.51685000,-95.701130560,0,12,6,0,2,2,1,0,1,1,0,1,0,0000000,10,36,10,55,11,21,0,0,0,2,0
48,481098,2,2,0,0,0,2,2,27,3027,6,6,2011,2,10,20,1,12,7,US-190,FM 2410,101,31.06986111,-97.668944440,0,12,6,1,2,2,1,0,1,10,0,10,0,0000000,10,22,10,25,10,59,0,0,0,1,0
48,481100,1,1,0,0,0,1,1,213,0,6,6,2011,2,23,45,0,3,3,SR-19,,4,32.29366667,-95.844450000,0,11,0,0,1,1,1,0,2,1,0,1,0,0000000,23,50,23,57,0,24,0,0,0,1,0
48,481101,2,2,0,0,0,4,4,135,0,7,6,2011,3,17,25,0,6,4,YUKON RD,DIXIE BLVD,0,31.91282778,-102.383716670,0,12,6,0,2,3,1,0,1,1,0,1,0,0000000,17,25,17,28,17,47,0,0,0,1,0
48,481102,5,5,0,0,0,6,6,157,6660,7,6,2011,3,11,16,1,12,2,US-59,,94,29.56236111,-95.686872220,0,12,7,0,5,1,1,0,1,1,0,1,0,0000000,88,88,88,88,88,88,0,0,0,1,0
48,481103,2,2,0,0,0,3,3,333,0,7,6,2011,3,22,45,1,2,2,US-84,,86,31.48712500,-98.573241670,0,12,2,0,1,1,1,1,2,1,0,1,0,0000000,22,45,22,55,23,45,0,0,0,1,1
48,481104,2,1,1,0,0,1,1,29,6090,8,6,2011,4,1,7,0,4,8,SL1604,NW MILITARY,21,29.60072778,-98.561250000,0,14,0,0,1,1,2,0,3,1,0,1,0,0000000,88,88,88,88,88,88,0,0,0,1,1
48,481105,2,2,0,0,0,4,4,121,9997,8,6,2011,4,21,10,1,12,3,SR-121,,18,33.08138333,-96.855083330,0,12,1,0,1,1,1,0,2,1,0,1,0,0000000,21,17,21,24,21,57,23,0,0,1,0
48,481106,1,1,0,0,0,1,1,347,0,8,6,2011,4,14,0,0,3,3,SR-21,,273,31.56708056,-94.525502780,0,1,0,0,1,1,4,0,1,1,0,1,0,0000000,99,99,14,10,14,28,0,0,0,1,0
48,481107,1,1,0,0,0,1,1,423,0,8,6,2011,4,8,5,0,4,8,FM850,,30,32.34784444,-95.210652780,0,1,0,0,1,1,4,0,1,1,0,1,0,0000000,88,88,88,88,88,88,0,0,0,1,0
48,481108,2,2,0,0,0,4,4,1,5170,9,6,2011,5,20,53,0,15,8,FM2394,BRISTOL RD,5,31.74866111,-95.670672220,0,12,6,0,2,3,1,0,5,1,0,1,0,0000000,88,88,88,88,88,88,0,0,0,1,1
48,481109,2,2,0,0,0,2,2,73,0,9,6,2011,5,12,5,1,2,2,US-175,,73,31.99536111,-95.326108330,0,12,8,0,1,1,1,0,1,1,0,1,0,0000000,88,88,88,88,88,88,0,0,0,2,0
48,481110,1,1,0,0,0,4,4,91,0,9,6,2011,5,16,49,0,15,8,FM2252,,32,29.62670556,-98.280858330,0,59,0,0,1,1,4,1,1,1,0,1,0,0000000,88,88,88,88,88,88,0,0,0,1,0
48,481111,2,2,0,0,0,2,2,143,0,9,6,2011,5,4,28,1,2,2,US-277,,79,32.31608056,-98.099113890,0,12,2,0,1,1,1,0,2,1,0,1,0,0000000,88,88,88,88,88,88,0,0,0,1,0
48,481112,1,1,0,0,0,2,2,187,0,9,6,2011,5,4,37,0,14,8,FM78,,152,29.59286389,-98.032894440,0,1,0,0,1,1,4,0,3,1,0,1,0,0000000,88,88,88,88,88,88,0,0,0,1,1
48,481113,2,2,0,0,0,2,2,209,0,9,6,2011,5,23,37,0,4,8,FM1626,,110,30.05765556,-97.874063890,0,12,1,0,1,1,1,0,2,1,0,1,0,0000000,99,99,99,99,99,99,0,0,0,1,1
48,481114,1,1,0,0,0,1,1,317,0,9,6,2011,5,15,55,1,2,3,SR-349,,121,32.36749444,-102.146416670,0,1,0,0,1,1,4,0,1,1,0,1,0,0000000,88,88,88,88,88,88,0,0,0,1,1
48,481115,2,2,0,0,0,2,2,405,0,9,6,2011,5,5,50,0,3,3,SR-147,,36,31.50253056,-94.133047220,0,12,2,0,1,1,1,0,1,1,0,1,0,0000000,88,88,88,88,88,88,0,0,0,2,1
48,481116,1,1,0,1,1,1,1,413,2140,9,6,2011,5,21,57,1,2,2,US-277,DIXIE RD,164,30.86910556,-100.590883330,0,8,0,0,2,3,1,0,2,1,0,1,0,0000000,21,58,22,7,99,99,0,0,0,1,0
48,481117,1,1,0,0,0,1,1,27,0,10,6,2011,6,19,0,0,4,8,FM1123,,69,30.93021389,-97.441491670,0,38,0,0,1,1,4,0,1,1,0,1,0,0000000,19,6,99,99,99,99,0,0,0,1,0
48,481118,1,1,0,1,1,2,2,113,3420,10,6,2011,6,5,10,1,12,3,SR-183,,86,32.83620000,-96.902011110,0,8,0,0,1,1,1,0,3,1,0,1,0,0000000,88,88,88,88,88,88,0,0,0,1,0
48,481119,2,2,0,0,0,2,2,181,1830,10,6,2011,6,17,52,1,13,8,SS503,COFFIN ST,73,33.73201389,-96.538280560,0,12,6,0,2,2,1,0,1,1,0,1,0,0000000,99,99,99,99,99,99,0,0,0,1,0
48,481120,2,2,0,0,0,2,2,215,5330,10,6,2011,6,2,42,1,12,7,US-83,BU83S,259,26.19821111,-98.201863890,0,12,6,1,2,2,1,0,3,1,0,1,0,0000000,2,44,2,52,3,8,0,0,0,1,1
48,481121,2,2,0,0,0,2,2,321,470,10,6,2011,6,14,34,1,13,3,SR-35,,112,28.98588611,-95.934947220,0,12,6,0,8,1,1,0,1,1,0,1,0,0000000,99,99,99,99,99,99,0,0,0,1,0
48,481122,1,1,0,0,0,1,1,355,1550,10,6,2011,6,0,20,1,12,7,RICHTER ST,SR-358,63,27.73187222,-97.420219440,0,25,0,0,3,3,10,0,3,1,0,1,0,0000000,88,88,88,88,88,88,0,0,0,1,0
48,481123,3,3,0,0,0,7,7,441,0,10,6,2011,6,12,53,1,2,2,US-83,CR164/IBERIS RD,84,32.34325000,-99.742586110,0,12,6,0,2,2,1,0,1,1,0,1,0,0000000,12,56,13,4,13,54,0,0,0,2,0
48,481124,2,2,0,0,0,3,3,453,330,10,6,2011,6,0,52,1,12,3,SR-71,,74,30.21223611,-97.712397220,0,12,1,1,18,1,1,0,3,1,0,1,0,0000000,0,53,0,59,1,17,0,0,0,1,1
48,481125,1,1,0,0,0,1,1,475,0,10,6,2011,6,17,40,0,6,8,RR 2355,,196,31.58108056,-103.295097220,0,1,0,0,1,1,4,0,1,1,0,1,0,0000000,88,88,88,88,88,88,0,0,0,1,0
48,481126,2,2,0,0,0,2,2,491,6780,10,6,2011,6,0,35,1,13,2,US-79,,41,30.55569444,-97.472741670,0,12,1,0,1,1,1,1,2,1,0,1,0,0000000,88,88,88,88,88,88,0,0,0,1,1
48,481127,2,2,0,0,0,3,3,29,6090,11,6,2011,7,1,8,0,16,5,APPLEWHITE RD,,0,29.23314444,-98.547341670,0,12,2,0,1,1,1,0,2,1,0,1,0,0000000,99,99,99,99,99,99,0,0,0,1,2
48,481128,1,1,0,0,0,1,1,113,1730,11,6,2011,7,23,45,1,13,8,SL-12,,74,32.76628333,-96.682816670,0,23,0,1,18,1,4,0,3,1,0,1,0,0000000,23,50,23,56,0,19,0,0,0,1,1
48,481129,1,1,0,0,0,2,2,141,2190,11,6,2011,7,2,13,0,16,5,DELTA,,0,31.76419722,-106.446747220,0,21,0,1,19,1,4,0,3,1,0,1,0,0000000,2,19,2,26,2,46,20,0,0,1,0
48,481130,1,1,0,0,0,2,2,201,6247,11,6,2011,7,2,13,1,13,8,FM 528 / NASA,,80,29.56661944,-95.063472220,0,33,0,0,1,1,4,0,2,1,0,1,0,0000000,2,15,2,23,3,6,0,0,0,1,1
48,481131,2,2,0,0,0,2,2,423,0,11,6,2011,7,0,25,1,13,3,SR-64,,50,32.35965556,-95.382447220,0,12,1,0,1,1,1,0,2,1,0,1,0,0000000,88,88,88,88,88,88,0,0,0,1,0
48,481132,1,1,0,0,0,11,11,423,0,11,6,2011,7,17,3,1,1,1,I-20,,321,32.44074444,-95.056863890,0,1,0,0,1,1,4,0,1,1,0,1,0,0000000,17,6,17,21,18,6,0,0,0,1,0
48,481133,3,3,0,0,0,4,4,439,2850,11,6,2011,7,15,50,0,16,5,SERVICE RD,CROSSUNDER #2,0,32.90758611,-97.039366670,0,12,1,1,3,1,1,1,1,1,0,1,0,0000000,15,55,16,1,16,42,0,0,0,1,0
48,481134,2,2,0,0,0,4,4,441,0,11,6,2011,7,19,58,0,4,8,FM 707,,16,32.50177778,-99.885602780,0,12,6,0,1,1,1,0,1,1,0,1,0,0000000,19,56,20,9,21,0,0,0,0,1,2
48,481135,2,2,0,0,0,3,3,453,330,11,6,2011,7,2,0,1,12,2,US-183,FM 969,132,30.28574722,-97.665977780,0,12,6,1,2,2,1,0,3,1,0,1,0,0000000,2,4,2,12,2,26,0,0,0,1,2
48,481136,2,2,0,0,0,3,3,355,1550,12,6,2011,1,2,27,1,12,3,SR-358,,60,27.73417778,-97.424250000,0,12,1,0,1,1,1,0,3,1,0,1,0,0000000,2,29,2,35,2,54,0,0,0,1,1
48,481137,1,1,0,0,0,1,1,85,2320,12,6,2011,1,17,57,1,2,2,US-380,,286,33.15572222,-96.322455560,0,1,0,0,1,1,1,1,1,1,0,1,0,0000000,17,51,18,4,18,44,0,0,0,1,0
48,481138,2,2,0,0,0,3,3,279,4010,12,6,2011,1,21,19,0,14,8,FM 54,SL 430,174,33.91765000,-102.317625000,0,12,6,0,2,2,1,0,5,7,0,7,0,0000000,21,20,21,27,21,43,0,0,0,2,1
48,481139,2,2,0,0,0,2,2,331,0,12,6,2011,1,5,45,1,2,2,US-79,,9,30.72303056,-96.821736110,0,12,2,0,1,1,2,0,2,10,0,10,0,0000000,6,2,6,26,6,51,0,0,0,1,1
48,481141,1,1,0,0,0,3,3,441,7069,12,6,2011,1,1,0,1,11,1,I-20,,53,32.45952778,-99.853313890,0,59,0,0,5,1,4,0,3,1,0,1,0,0000000,1,4,1,22,1,53,0,0,0,1,0
48,481142,3,3,0,0,0,3,3,201,0,13,6,2011,2,12,35,1,12,8,UA90,,61,29.65375556,-95.444927780,0,24,0,0,1,1,4,0,1,1,0,1,0,0000000,12,43,12,56,13,7,0,0,0,1,0
48,481143,1,1,0,0,0,1,1,201,480,13,6,2011,2,17,19,0,16,5,N MAIN ST,,0,29.75013889,-94.963630560,0,21,0,0,1,1,4,0,1,1,0,1,0,0000000,17,24,17,34,17,59,0,0,0,1,0
48,481144,1,1,0,0,0,1,1,303,0,13,6,2011,2,15,7,1,2,2,US-62,,216,33.65262778,-101.719386110,0,42,0,0,1,1,3,0,1,1,0,1,0,0000000,15,13,15,27,16,14,0,0,0,1,0
48,481145,1,1,0,1,1,2,2,423,0,13,6,2011,2,21,56,0,3,3,SR-31,,187,32.36216389,-95.143661110,0,8,0,0,1,1,2,0,2,1,0,1,0,0000000,21,58,22,10,22,46,19,0,0,1,0
48,481146,1,1,0,1,1,2,2,453,330,13,6,2011,2,8,55,1,13,8,FM2222,RIVER PLACE BLVD,9,30.39442500,-97.845391670,0,8,0,0,3,2,1,0,1,1,0,1,0,0000000,88,88,88,88,88,88,0,0,0,1,0
48,481147,3,1,2,0,2,1,3,113,1730,14,6,2011,3,6,8,1,12,2,US-75,,136,32.81607500,-96.789244440,0,25,0,0,1,1,3,0,4,1,0,1,0,0000000,6,23,6,27,6,47,0,0,0,1,0
48,481148,4,4,0,0,0,4,4,347,4810,14,6,2011,3,17,45,1,13,2,US-59,,82,31.59469444,-94.683908330,0,12,6,0,1,1,1,0,1,1,0,1,0,0000000,17,53,17,57,18,20,0,0,0,1,0
48,481149,1,1,0,1,1,1,1,375,150,14,6,2011,3,21,50,0,16,5,LINE AVE,,0,35.20738056,-101.867744440,0,8,0,0,1,1,1,0,8,98,0,98,0,0000000,88,88,88,88,88,88,0,0,0,1,0
48,481150,2,1,1,0,0,1,1,439,2255,14,6,2011,3,16,38,0,16,5,ANGELA LN,,0,32.84251111,-97.073758330,0,14,0,0,4,1,4,0,1,1,0,1,0,0000000,16,38,16,42,17,12,0,0,0,1,0
48,481151,2,2,0,0,0,2,2,113,1730,16,6,2011,5,18,48,0,16,5,S WESTMORELAND RD,IVANDELL AVE,0,32.73585833,-96.874319440,0,12,6,0,2,3,1,0,1,1,0,1,0,0000000,99,99,18,51,19,11,0,0,0,1,0
48,481152,1,1,0,0,0,1,1,201,3280,16,6,2011,5,1,40,0,16,5,MARJORIE ST,KNOX,0,29.87452222,-95.425463890,0,34,0,0,3,2,4,0,2,10,0,10,0,0000000,88,88,88,88,88,88,0,0,0,1,0
48,481153,2,2,0,0,0,2,2,201,3280,16,6,2011,5,18,24,0,16,5,LOCKWOOD DR,BUNTE ST,0,29.80218611,-95.317002780,0,12,11,0,2,3,1,0,1,1,0,1,0,0000000,18,27,18,30,18,45,0,0,0,1,0
48,481154,2,2,0,0,0,3,3,329,0,16,6,2011,5,1,23,1,2,8,FM1788,SL40,110,32.03051389,-102.271330560,0,12,6,0,2,3,1,0,2,1,0,1,0,0000000,88,88,88,88,88,88,0,0,0,1,1
48,481155,1,1,0,0,0,1,1,3,0,17,6,2011,6,17,44,0,3,3,SR-115,,33,32.29837778,-102.600075000,0,1,0,0,1,1,4,0,1,1,0,1,0,0000000,88,88,88,88,88,88,0,0,0,1,0
48,481156,1,1,0,1,1,2,2,27,0,17,6,2011,6,11,29,0,6,4,CROWS RANCH RD,,0,30.98364444,-97.597988890,0,9,0,0,1,1,1,0,1,1,0,1,0,0000000,11,31,11,47,12,34,0,0,0,1,0
48,481157,1,1,0,0,0,1,1,29,6090,17,6,2011,6,18,50,0,16,5,EXPO BLVD,,0,29.54404167,-98.572597220,0,33,0,0,1,1,3,0,1,1,0,1,0,0000000,88,88,88,88,88,88,0,0,0,1,0
48,481158,2,2,0,0,0,3,3,51,4182,17,6,2011,6,21,4,1,2,3,SR-36,FM60,141,30.38405556,-96.561500000,0,12,6,0,2,3,1,0,3,1,0,1,0,0000000,21,7,21,12,22,4,0,0,0,1,1
48,481159,1,1,0,0,0,2,2,105,0,17,6,2011,6,5,30,1,1,1,I-10,,439,30.69493333,-101.092608330,0,52,0,1,18,1,3,1,2,1,0,1,0,0000000,5,35,5,45,7,25,0,0,0,1,0
48,481160,1,1,0,0,0,1,1,113,1730,17,6,2011,6,21,40,0,16,5,LEMMON AVE,,0,32.85905556,-96.851097220,0,33,0,0,1,1,3,0,3,1,0,1,0,0000000,88,88,88,88,88,88,19,0,0,1,1
48,481161,2,1,1,1,1,1,1,201,0,17,6,2011,6,11,15,1,11,1,I-10,,456,29.79518611,-95.071783330,0,8,0,0,1,1,2,0,1,1,0,1,0,0000000,88,88,88,88,88,88,0,0,0,1,0
48,481162,1,1,0,0,0,1,1,469,0,17,6,2011,6,1,48,1,2,2,US-59,,63,28.87221389,-96.851850000,0,1,0,0,1,1,4,0,2,1,0,1,0,0000000,88,88,88,88,88,88,0,0,0,1,1