STATE,ST_CASE,VE_TOTAL,VE_FORMS,PVH_INVL,PEDS,PERNOTMVIT,PERMVIT,PERSONS,COUNTY,CITY,DAY,MONTH,YEAR,DAY_WEEK,HOUR,MINUTE,NHS,ROAD_FNC,ROUTE,TWAY_ID,TWAY_ID2,MILEPT,LATITUDE,LONGITUD,SP_JUR,HARM_EV,MAN_COLL,RELJCT1,RELJCT2,TYP_INT,REL_ROAD,WRK_ZONE,LGT_COND,WEATHER1,WEATHER2,WEATHER,SCH_BUS,RAIL,NOT_HOUR,NOT_MIN,ARR_HOUR,ARR_MIN,HOSP_HR,HOSP_MN,CF1,CF2,CF3,FATALS,DRUNK_DR
48,481163,1,1,0,2,2,1,1,113,5730,18,6,2011,7,19,40,0,16,5,ARAPAHO,,0,32.96312500,-96.736955560,0,8,0,0,8,1,5,0,1,1,0,1,0,0000000,19,44,19,47,19,56,0,0,0,1,1
48,481164,2,2,0,0,0,2,2,113,1730,19,6,2011,1,5,5,1,13,3,SR-342,CHERRY VALLEY BLVD,188,32.64450000,-96.780225000,0,12,6,0,2,4,1,0,6,1,0,1,0,0000000,5,11,5,20,5,55,0,0,0,1,1
48,481165,1,1,0,0,0,2,2,113,1730,19,6,2011,1,18,35,1,12,2,US-175 RAMP,,33,32.72885278,-96.706130560,0,24,0,0,5,1,10,0,1,1,0,1,0,0000000,18,47,18,47,19,41,0,0,0,1,0
48,481166,2,2,0,0,0,5,5,117,0,19,6,2011,1,1,20,0,3,2,US-385,8,239,34.85121667,-102.405247220,0,12,6,0,2,2,1,0,2,1,0,1,0,0000000,1,22,1,32,1,46,0,0,0,3,0
48,481167,1,1,0,0,0,1,1,165,0,19,6,2011,1,6,38,0,6,4,202D,,0,32.76101111,-102.694155560,0,1,0,0,1,1,4,0,2,1,0,1,0,0000000,88,88,88,88,88,88,0,0,0,1,1
48,481168,1,1,0,0,0,2,2,309,7210,19,6,2011,1,12,31,1,12,8,BU77L,,17,31.56007500,-97.102063890,0,33,0,0,1,1,3,0,1,1,0,1,0,0000000,12,36,12,42,13,6,0,0,0,1,0
48,481169,3,3,0,0,0,4,4,1,0,20,6,2011,2,15,43,1,2,2,US-79,369,83,31.79070000,-95.602452780,0,12,1,0,2,3,1,0,1,1,0,1,0,0000000,15,41,15,54,16,34,0,0,0,1,0
48,481170,1,1,0,0,0,1,1,29,6090,20,6,2011,2,20,3,1,11,1,I-10RAMP,,22,29.39353889,-98.479541670,0,24,0,1,5,1,8,0,1,1,0,1,0,0000000,88,88,88,88,88,88,0,0,0,1,0
48,481171,1,1,0,0,0,1,1,131,0,20,6,2011,2,12,2,0,3,3,SR-16,,259,27.68453611,-98.637066670,0,1,0,0,1,1,4,0,1,1,0,1,0,0000000,12,22,12,51,13,44,0,0,0,1,0
48,481172,2,2,0,0,0,3,3,201,0,20,6,2011,2,4,5,1,12,7,US-59,,70,29.90196667,-95.312391670,0,12,1,0,1,1,1,0,2,1,0,1,0,0000000,4,19,4,25,4,56,0,0,0,1,1
48,481174,1,1,0,1,1,1,1,453,330,20,6,2011,2,0,34,1,11,1,I-35,,122,30.19416111,-97.767422220,0,8,0,0,1,1,1,0,3,1,0,1,0,0000000,88,88,88,88,88,88,0,0,0,1,0
48,481175,1,1,0,0,0,6,6,11,0,21,6,2011,3,15,23,1,2,2,US-287,,78,35.15085000,-101.483641670,0,1,0,0,1,1,3,0,1,1,0,1,0,0000000,15,32,15,32,16,24,0,0,0,1,0
48,481176,1,1,0,1,1,1,1,29,6090,21,6,2011,3,21,46,1,12,2,US-281,,202,29.51481944,-98.477044440,0,8,0,0,1,1,1,0,3,1,0,1,0,0000000,88,88,88,88,88,88,0,0,0,1,0
48,481177,2,2,0,1,1,4,4,29,6090,21,6,2011,3,23,50,1,11,1,I-410,,50,29.37563889,-98.638775000,0,8,0,0,1,1,1,0,2,1,0,1,0,0000000,88,88,88,88,88,88,0,0,0,1,1
48,481178,3,3,0,0,0,4,4,99,1540,21,6,2011,3,21,14,1,13,2,US-190,,12,31.10103611,-97.924561110,0,12,2,0,1,1,1,0,2,10,0,10,0,0000000,21,16,21,17,21,55,0,0,0,1,1
48,481179,2,2,0,0,0,2,2,181,1830,21,6,2011,3,14,10,1,12,2,US-75,,61,33.67833333,-96.608566670,0,12,8,0,1,1,1,0,1,1,0,1,0,0000000,88,88,88,88,88,88,0,0,0,1,0
48,481180,2,2,0,0,0,2,2,309,7210,21,6,2011,3,11,57,0,16,5,BOSQUE BLVD,NEW RD,0,31.53965278,-97.180111110,0,12,6,0,2,2,1,0,1,1,0,1,0,0000000,88,88,88,88,88,88,0,0,0,1,0
48,481181,1,1,0,0,0,1,1,29,6090,22,6,2011,4,0,9,0,16,5,SPRING TIME DR,,0,29.55276389,-98.612638890,0,42,0,0,1,1,4,0,3,1,0,1,0,0000000,0,10,0,14,0,40,0,0,0,1,1
48,481182,1,1,0,0,0,1,1,29,6090,22,6,2011,4,1,30,1,13,8,SL 345,DATAPOINT,243,29.51418333,-98.570391670,0,33,0,0,2,2,4,0,2,2,0,2,0,0000000,88,88,88,88,88,88,0,0,0,1,1
48,481183,1,1,0,1,1,1,1,85,5390,22,6,2011,4,18,39,1,12,2,US-75,,112,33.03495000,-96.705988890,0,8,0,0,1,1,1,0,1,1,0,1,0,0000000,18,46,18,53,19,8,0,0,0,1,0
48,481184,3,3,0,0,0,3,3,201,0,22,6,2011,4,13,30,1,13,3,SR-6,,77,29.82768333,-95.645600000,0,12,6,0,1,1,1,0,1,10,0,10,0,0000000,99,99,99,99,99,99,0,0,0,1,0
48,481185,2,2,0,0,0,4,4,439,1654,22,6,2011,4,1,6,0,14,8,FM 1187,MAIN ST,139,32.57663611,-97.334941670,0,12,6,0,2,2,1,1,2,2,0,2,0,0000000,88,88,88,88,88,88,0,0,0,1,0
48,481186,1,1,0,1,1,1,1,441,0,22,6,2011,4,21,50,0,6,4,107,106,0,32.31631111,-99.656891670,0,8,0,0,1,1,1,0,2,1,0,1,0,0000000,21,53,22,16,22,37,0,0,0,1,0
48,481187,1,1,0,0,0,1,1,339,1510,23,6,2011,5,17,0,1,13,8,SL 336,,69,30.29686389,-95.506838890,0,38,0,0,1,1,4,0,1,1,0,1,0,0000000,16,58,17,4,17,29,0,0,0,1,0
48,481189,1,1,0,0,0,1,1,77,0,24,6,2011,6,11,5,0,4,8,FM 810,,101,34.04814444,-98.271888890,0,1,0,0,1,1,4,0,1,1,0,1,0,0000000,88,88,88,88,88,88,0,0,0,1,0
48,481190,2,2,0,0,0,3,3,183,4080,24,6,2011,6,17,43,0,16,5,HIGH ST,,0,32.46166111,-94.732730560,0,12,6,0,8,1,1,0,1,1,0,1,0,0000000,88,88,88,88,88,88,0,0,0,1,0
48,481191,3,3,0,0,0,3,3,355,1550,24,6,2011,6,22,16,1,12,3,SR-358,,16,27.77881944,-97.469358330,0,12,2,1,18,1,1,0,2,1,0,1,0,0000000,22,16,22,22,23,0,0,0,0,2,1
48,481192,1,1,0,0,0,2,2,419,1270,24,6,2011,6,20,10,1,13,3,SR-87,1039,118,31.81781944,-94.199002780,0,42,0,0,3,3,4,0,2,1,0,1,0,0000000,22,21,22,59,23,46,0,0,0,1,0
48,481193,2,2,0,0,0,3,3,451,6080,24,6,2011,6,22,0,1,13,2,US-87,OLDKNICKERBOCKER,278,31.44172500,-100.441844440,0,12,6,0,2,2,1,0,3,1,0,1,0,0000000,22,7,22,10,22,27,0,0,0,1,1
48,481194,2,2,0,0,0,6,6,121,4960,25,6,2011,7,18,52,1,11,1,I-35,SR-114,30,33.02636944,-97.274338890,0,12,2,1,2,2,1,0,1,1,0,1,0,0000000,19,7,19,21,19,39,0,0,0,1,0
48,481195,1,1,0,0,0,1,1,139,7270,25,6,2011,7,15,22,1,12,2,US-287,,402,32.42642222,-96.862088890,0,21,0,1,18,1,3,0,1,1,0,1,0,0000000,88,88,88,88,88,88,0,0,0,1,0
48,481196,2,2,0,0,0,2,2,201,0,25,6,2011,7,1,37,0,6,5,SPRING CYPRESS,HUFFMEISTER,0,29.98465833,-95.657013890,0,12,6,0,2,2,1,0,2,1,0,1,0,0000000,1,38,1,45,2,11,0,0,0,1,1
48,481197,2,2,0,0,0,5,5,113,1730,26,6,2011,1,20,35,1,11,1,I-35,,146,32.75344722,-96.809300000,0,12,7,0,1,1,1,0,1,1,0,1,0,0000000,20,43,20,47,88,88,0,0,0,1,1
48,481198,2,2,0,0,0,3,3,201,6247,26,6,2011,1,2,8,1,13,5,NASA PKWY,REPSDORPH RD,93,29.56378611,-95.043172220,0,5,0,0,1,1,1,0,3,1,0,1,0,0000000,88,88,88,88,88,88,14,0,0,1,0
48,481199,1,1,0,2,2,1,1,453,330,26,6,2011,1,2,21,1,11,7,I-35,,256,30.36860278,-97.681086110,0,8,0,0,1,1,1,0,2,1,0,1,0,0000000,88,88,88,88,88,88,0,0,0,2,0
48,481200,1,1,0,0,0,1,1,179,0,27,6,2011,2,10,50,1,1,1,I-40,,172,35.22681667,-100.551700000,0,1,0,0,1,1,3,0,1,1,0,1,0,0000000,88,88,88,88,88,88,0,0,0,1,0
48,481201,1,1,0,3,3,1,1,131,0,28,6,2011,3,1,48,0,4,8,FM1329,,311,27.30162500,-98.273172220,0,8,0,0,1,1,1,0,2,1,0,1,0,0000000,88,88,88,88,88,88,0,0,0,3,0
48,481202,1,1,0,1,1,1,1,355,1550,28,6,2011,3,21,40,0,16,5,WINNEBAGO ST,,0,27.79923889,-97.406741670,0,8,0,0,1,1,1,0,3,1,0,1,0,0000000,21,40,21,43,21,51,0,0,0,1,1
48,481203,2,2,0,0,0,3,3,227,0,29,6,2011,4,12,12,0,3,3,SR-350,,46,32.31277778,-101.443236110,0,12,7,0,1,1,1,0,1,1,0,1,0,0000000,12,17,12,23,13,11,0,0,0,1,0
48,481204,1,1,0,0,0,1,1,227,0,29,6,2011,4,14,20,1,1,1,I-20,,185,32.22386111,-101.564763890,0,52,0,0,1,1,4,0,1,1,0,1,0,0000000,88,88,88,88,88,88,0,0,0,1,1
48,481205,2,2,0,1,1,2,2,29,6090,30,6,2011,5,21,30,1,11,1,I-35,,96,29.28965556,-98.642163890,0,8,0,0,1,1,1,0,8,98,0,98,0,0000000,88,88,88,88,88,88,0,0,0,1,0
48,481206,1,1,0,1,1,1,1,201,0,30,6,2011,5,20,0,0,6,4,CREEK VILLAGE DR,AZALEA VALLEY,0,29.87926667,-95.708319440,0,8,0,0,2,2,1,0,5,1,0,1,0,0000000,99,99,99,99,99,99,0,0,0,1,0
48,481207,2,2,0,0,0,5,5,375,0,30,6,2011,5,15,34,0,6,4,E WILLOW CREEK DR,N EASTERN ST,0,35.28001944,-101.777605560,0,12,6,0,2,2,1,0,1,1,0,1,0,0000000,15,34,15,42,16,21,0,0,0,1,0
48,481208,1,1,0,1,1,1,1,201,3280,29,3,2011,3,8,10,0,16,5,WESTPARK,RAMPART,0,29.72376389,-95.489022220,0,8,0,0,2,3,1,0,1,10,0,10,0,0000000,8,13,8,14,8,30,0,0,0,1,0
48,481209,1,1,0,0,0,2,2,43,6827,8,4,2011,6,20,47,0,4,8,FM170,,165,29.32722778,-103.552536110,0,1,0,0,1,1,4,0,5,1,0,1,0,0000000,99,99,20,59,23,5,0,0,0,1,1
48,481210,1,1,0,0,0,4,4,389,0,22,4,2011,6,15,53,1,1,1,I-20,,311,31.32662222,-103.763327780,0,1,0,0,1,1,3,0,1,1,0,1,0,0000000,99,99,99,99,99,99,0,0,0,2,0
48,481211,2,2,0,1,1,2,2,201,3280,30,4,2011,7,1,50,1,13,2,US-90A,ALLEGHENY,120,29.70150278,-95.371811110,0,8,0,0,2,2,1,0,3,2,0,2,0,0000000,88,88,88,88,88,88,0,0,0,1,0
48,481212,1,1,0,0,0,1,1,201,3280,8,5,2011,1,6,20,1,12,7,SL 8,DICKINSON RD,273,29.60438611,-95.209461110,0,33,0,1,2,3,4,0,1,10,0,10,0,0000000,6,20,6,25,6,56,0,0,0,1,0
48,481213,1,1,0,0,0,1,1,5,4160,15,5,2011,1,2,59,1,13,2,US-59,,29,31.28495000,-94.730680560,0,1,0,0,1,1,4,0,3,1,0,1,0,0000000,88,88,88,88,88,88,0,0,0,1,1
48,481214,3,3,0,0,0,5,5,27,6810,15,5,2011,1,16,14,1,11,1,I-35,,211,31.08763889,-97.396352780,0,12,2,0,5,1,1,0,1,1,0,1,0,0000000,16,16,16,20,16,42,0,0,0,1,0
48,481215,1,1,0,0,0,1,1,339,0,28,5,2011,7,6,26,0,3,8,FM 1314,,166,30.13681389,-95.289744440,0,32,0,0,1,1,4,0,1,1,0,1,0,0000000,88,88,88,88,88,88,0,0,0,1,1
48,481216,1,1,0,0,0,2,2,473,0,28,5,2011,7,1,45,0,4,8,FM 359,,130,30.04040000,-96.038113890,0,52,0,0,1,1,4,0,2,1,0,1,0,0000000,2,2,2,10,3,29,0,0,0,1,1
48,481217,1,1,0,0,0,1,1,481,0,30,5,2011,2,15,0,0,6,4,135,,0,29.36727222,-96.068088890,0,32,0,0,1,1,4,0,1,1,0,1,0,0000000,15,11,15,31,16,5,0,0,0,1,0
48,481218,2,2,0,0,0,3,3,223,1680,2,6,2011,5,15,17,1,1,1,I-30,,3,33.12957222,-95.857944440,0,12,1,0,1,1,1,1,1,1,0,1,0,0000000,88,88,88,88,88,88,0,0,0,1,0
48,481219,2,2,0,0,0,2,2,21,0,3,6,2011,6,21,31,0,3,3,SR-95,,34,30.29568333,-97.343986110,0,12,2,0,8,1,1,0,2,1,0,1,0,0000000,21,34,21,40,22,48,0,0,0,1,0
48,481220,1,1,0,0,0,1,1,229,0,4,6,2011,7,4,13,0,4,8,BI 10,,21,31.17260278,-105.347080560,0,59,0,0,1,1,4,0,2,1,0,1,0,0000000,4,20,5,0,6,16,0,0,0,1,1
48,481221,1,1,0,0,0,1,1,201,480,5,6,2011,1,2,6,1,12,3,SR-146,,150,29.73231389,-94.994455560,0,1,0,0,1,1,3,0,2,1,0,1,0,0000000,2,17,2,34,3,8,0,0,0,1,0
48,481222,1,1,0,0,0,7,7,313,0,5,6,2011,1,12,42,1,1,1,I-45,,131,31.01661389,-95.924541670,0,1,0,0,1,1,4,0,1,1,0,1,0,0000000,12,54,13,2,14,4,0,0,0,1,0
48,481223,1,1,0,0,0,2,2,339,0,5,6,2011,1,15,10,0,6,4,FOSTORIA,,0,30.30804444,-95.152833330,0,1,0,0,1,1,4,0,1,10,0,10,0,0000000,15,6,15,26,16,16,0,0,0,1,0
48,481224,1,1,0,0,0,1,1,491,1242,7,6,2011,3,14,22,0,16,4,180,FAIRWEATHER,0,30.52442778,-97.864127780,0,1,0,0,1,1,1,1,1,1,0,1,0,0000000,14,22,14,33,14,54,0,0,0,1,0
48,481225,2,2,0,0,0,2,2,453,0,8,6,2011,4,9,40,1,13,2,US-183,,324,30.13992778,-97.696483330,0,53,0,0,1,1,4,0,1,1,0,1,0,0000000,88,88,88,88,88,88,0,0,0,1,1
48,481226,2,2,0,0,0,2,2,139,0,9,6,2011,5,6,8,0,4,8,FM 66,,119,32.33783889,-96.943927780,0,12,1,0,1,1,1,0,4,1,0,1,0,0000000,6,9,6,20,6,49,0,0,0,1,1
48,481227,1,1,0,0,0,1,1,453,330,9,6,2011,5,13,42,0,14,8,FM 2304,,51,30.17308611,-97.824005560,0,1,0,0,8,1,1,0,1,1,0,1,0,0000000,13,43,13,48,14,11,0,0,0,1,0
48,481228,1,1,0,0,0,1,1,277,0,10,6,2011,6,10,5,0,6,4,33900,,0,33.76529444,-95.557197220,0,1,0,0,1,1,4,0,1,1,0,1,0,0000000,99,99,99,99,99,99,0,0,0,1,1
48,481229,2,1,1,0,0,1,1,291,0,10,6,2011,6,19,3,1,2,3,SR-105,,198,30.24704167,-94.713386110,0,34,0,0,1,1,4,0,1,1,0,1,0,0000000,19,15,19,38,20,12,0,0,0,1,0
48,481230,4,4,0,0,0,10,10,309,7210,10,6,2011,6,2,25,1,13,1,I-35,,129,31.51720000,-97.137455560,0,25,0,0,1,1,3,0,3,1,0,1,0,0000000,88,88,88,88,88,88,0,0,0,1,0
48,481231,1,1,0,0,0,1,1,37,0,11,6,2011,7,20,50,1,11,1,I-30,,335,33.46498056,-94.190280560,0,57,0,0,1,1,3,0,5,1,0,1,0,0000000,88,88,88,88,88,88,0,0,0,1,1
48,481232,1,1,0,1,1,0,0,141,2190,11,6,2011,7,8,15,0,16,5,EASTSIDE,,0,31.77067778,-106.388838890,0,8,0,0,1,1,7,0,1,1,0,1,0,0000000,88,88,88,88,88,88,0,0,0,1,0
48,481233,1,1,0,0,0,2,2,113,1730,12,6,2011,1,22,40,1,13,8,SPUR 482,,103,32.85791944,-96.883916670,0,21,0,1,18,1,8,0,3,1,0,1,0,0000000,22,46,22,49,23,11,0,0,0,1,1
48,481234,2,2,0,0,0,2,2,157,0,12,6,2011,1,12,10,0,6,4,COLONY LAKE ESTATES,AVENUE E,0,29.60795833,-95.574741670,0,12,6,0,2,3,1,0,1,1,0,1,0,0000000,99,99,99,99,99,99,0,0,0,1,0
48,481235,2,2,0,0,0,4,4,177,0,13,6,2011,2,10,44,0,4,3,SR-80,,229,29.29757778,-97.763525000,0,1,0,0,8,1,1,0,1,1,0,1,0,0000000,99,99,99,99,88,88,0,0,0,2,0
48,481236,2,2,0,0,0,3,3,183,0,13,6,2011,2,18,30,0,3,2,US-259,FM 2751,93,32.58965833,-94.740477780,0,12,6,0,2,2,1,0,1,1,0,1,0,0000000,18,31,18,41,18,57,0,0,0,1,0
48,481237,1,1,0,0,0,2,2,449,0,16,6,2011,5,14,16,0,4,3,SR-49,,50,33.13519167,-94.904327780,0,1,0,0,1,1,1,0,1,1,0,1,0,0000000,14,19,14,32,14,50,0,0,0,1,0
48,481238,2,2,0,0,0,2,2,473,0,17,6,2011,6,13,38,1,2,2,US-290,OLD HOWTH,64,30.11639167,-96.083863890,0,12,6,0,2,2,1,0,1,1,0,1,0,0000000,13,40,13,58,14,44,0,0,0,1,0
48,481239,2,2,0,0,0,4,4,367,0,18,6,2011,7,18,37,0,6,4,FLAT ROCK RD,,0,32.86138056,-97.557077780,0,12,6,0,1,1,1,0,1,1,0,1,0,0000000,88,88,88,88,88,88,0,0,0,1,0
48,481240,1,1,0,0,0,1,1,401,0,18,6,2011,7,14,3,0,6,4,CR 2183,,0,32.28148333,-94.569752780,0,42,0,0,1,1,4,0,1,1,0,1,0,0000000,14,3,14,12,15,1,0,0,0,1,0
48,481241,1,1,0,0,0,1,1,181,0,20,6,2011,2,17,27,0,4,8,FM121,,55,33.43795556,-96.489852780,0,38,0,0,1,1,4,0,1,10,0,10,0,0000000,88,88,88,88,88,88,0,0,0,1,0
48,481242,2,2,0,0,0,2,2,209,0,21,6,2011,3,8,1,0,4,8,RR12,,22,30.25100556,-98.057550000,0,12,2,0,1,1,1,0,1,1,0,1,0,0000000,8,2,8,9,8,53,0,0,0,1,0
48,481243,4,1,3,0,1,1,2,453,5325,21,6,2011,3,22,50,0,16,5,SUNFLOWER DR,,0,30.43847222,-97.605650000,0,33,0,0,1,1,4,0,3,10,0,10,0,0000000,88,88,88,88,88,88,0,0,0,1,0
48,481244,1,1,0,0,0,3,3,113,2590,22,6,2011,4,18,9,0,16,5,LARIAT LN,,0,32.91920000,-96.686313890,0,42,0,0,1,1,4,0,1,1,0,1,0,0000000,18,9,18,12,18,29,0,0,0,2,1
48,481245,2,2,0,0,0,2,2,201,3280,22,6,2011,4,8,39,0,16,5,ELDRIDGE PKWY,,0,29.82459722,-95.606375000,0,12,2,0,1,1,1,0,1,2,0,2,0,0000000,8,58,9,9,9,30,0,0,0,1,0
48,481246,2,2,0,0,0,2,2,177,0,23,6,2011,5,21,0,1,2,2,US-183,,95,29.54779444,-97.479580560,0,12,1,0,8,1,1,0,2,1,0,1,0,0000000,99,99,99,99,99,99,0,0,0,1,0
48,481247,1,1,0,0,0,3,3,309,7210,23,6,2011,5,23,58,0,16,5,N 11TH ST,COLUMBUS AVE,0,31.55361111,-97.139225000,0,30,0,0,3,2,4,0,3,1,0,1,0,0000000,88,88,88,88,88,88,20,0,0,2,1
48,481248,2,2,0,0,0,2,2,61,1481,24,6,2011,6,6,51,0,14,8,FM508,S BREEDLOVE RD,23,26.24838056,-97.697541670,0,12,6,0,2,2,1,0,1,1,0,1,0,0000000,99,99,99,99,99,99,0,0,0,1,0
48,481249,1,1,0,0,0,1,1,459,0,24,6,2011,6,20,34,0,4,3,SR-154,,37,32.73495556,-95.004894440,0,11,0,0,1,1,1,0,5,1,0,1,0,0000000,88,88,88,88,88,88,0,0,0,1,0
48,481250,1,1,0,0,0,1,1,31,0,25,6,2011,7,10,27,0,3,2,US-281,,373,29.97163611,-98.411375000,0,1,0,0,1,1,4,0,1,10,0,10,0,0000000,88,88,88,88,88,88,0,0,0,1,0
48,481251,1,1,0,0,0,1,1,71,0,25,6,2011,7,20,4,1,1,1,I-10,,124,29.83974167,-94.704755560,0,1,0,0,1,1,1,0,1,1,0,1,0,0000000,88,88,88,88,88,88,0,0,0,1,0
48,481252,2,2,0,1,1,2,2,113,1730,25,6,2011,7,4,38,1,11,1,I-30,,256,32.79597222,-96.691211110,0,8,0,0,1,1,1,0,3,1,0,1,0,0000000,88,88,88,88,88,88,0,0,0,1,0
48,481253,1,1,0,0,0,2,2,223,0,25,6,2011,7,15,55,0,6,4,2421,,0,33.02426667,-95.439155560,0,38,0,0,1,1,4,0,1,1,0,1,0,0000000,16,12,16,39,17,17,0,0,0,1,1
48,481254,2,2,0,0,0,3,3,257,0,25,6,2011,7,18,10,0,14,8,FM 548,,33,32.77922778,-96.404127780,0,12,6,0,1,1,4,0,1,1,0,1,0,0000000,18,22,18,49,19,12,0,0,0,2,1
48,481255,1,1,0,1,1,1,1,303,4140,25,6,2011,7,21,44,1,13,2,US-84,,25,33.56882500,-101.855341670,0,8,0,0,1,1,1,0,3,1,0,1,0,0000000,21,47,21,51,22,14,0,0,0,1,0
48,481256,4,4,0,0,0,5,5,317,0,25,6,2011,7,3,38,1,1,1,I-20,,31,32.10707778,-101.850005560,0,12,2,0,1,1,1,0,2,1,0,1,0,0000000,3,47,4,0,4,46,0,0,0,1,0
48,481257,2,2,0,0,0,5,5,343,0,25,6,2011,7,15,20,1,1,1,I-30,,4,33.27548889,-94.806283330,0,12,1,0,1,1,1,0,1,1,0,1,0,0000000,15,29,15,31,16,9,19,0,0,3,0
48,481258,3,2,1,0,0,2,2,439,7258,25,6,2011,7,2,34,9,19,2,US-377,HIGHTOWER DR,82,32.87418333,-97.262038890,0,12,2,0,2,2,1,0,3,1,0,1,0,0000000,2,42,2,57,3,22,0,0,0,1,1
48,481259,2,2,0,0,0,4,4,39,4306,26,6,2011,1,21,10,1,13,3,SR-6,,59,29.46742778,-95.356833330,0,12,2,0,8,1,1,0,3,1,0,1,0,0000000,99,99,99,99,99,99,0,0,0,1,0
48,481260,2,2,0,0,0,8,8,73,0,26,6,2011,1,14,20,1,2,2,US-79,,66,31.92093611,-95.368463890,0,12,2,0,1,1,1,0,1,1,0,1,0,0000000,14,31,15,0,15,54,0,0,0,4,0
48,481261,1,1,0,0,0,1,1,141,2190,26,6,2011,1,1,40,1,11,1,I-10,,240,31.77753333,-106.424072220,0,52,0,1,18,1,10,0,3,1,0,1,0,0000000,88,88,88,88,88,88,0,0,0,1,1
48,481262,2,2,0,0,0,2,2,439,3347,26,6,2011,1,1,45,1,13,3,SR-10,BROWN / NORWOOD DR,46,32.80902500,-97.169080560,0,12,1,0,3,2,1,0,2,1,0,1,0,0000000,88,88,88,88,88,88,0,0,0,1,0
48,481263,1,1,0,0,0,1,1,39,0,27,6,2011,2,21,39,1,13,3,SR-6,,2,29.49845556,-95.443952780,0,32,0,0,1,1,4,0,2,10,0,10,0,0000000,88,88,88,88,88,88,0,0,0,1,1
48,481264,2,2,0,0,0,2,2,113,1730,27,6,2011,2,16,19,1,13,8,STATE LOOP 12,DALLAS NORTH TOLLWAY,241,32.86548056,-96.811708330,0,12,6,1,5,1,1,0,1,1,0,1,0,0000000,16,21,16,29,16,45,0,0,0,1,0
48,481265,1,1,0,0,0,1,1,429,0,27,6,2011,2,16,3,0,14,8,FM 287,,5,32.76688333,-98.894063890,0,42,0,0,1,1,4,0,1,1,0,1,0,0000000,88,88,88,88,88,88,0,0,0,1,0
48,481266,2,2,0,0,0,3,3,113,1730,28,6,2011,3,23,5,0,16,5,COLE AVE,,0,32.81600833,-96.792708330,0,12,6,0,8,1,1,0,3,1,0,1,0,0000000,23,12,23,17,23,32,0,0,0,1,2
48,481267,1,1,0,0,0,1,1,113,3880,28,6,2011,3,0,50,0,16,5,HOUSTON SCHOOL,,0,32.56081111,-96.805419440,0,42,0,0,1,1,4,0,2,1,0,1,0,0000000,99,99,99,99,88,88,20,0,0,1,1
48,481268,2,2,0,0,0,2,2,157,4655,28,6,2011,3,8,0,1,13,3,SR-6,LAKE SHORE HARBOUR,96,29.53550000,-95.522288890,0,12,11,0,2,3,1,1,1,1,0,1,0,0000000,88,88,88,88,88,88,0,0,0,1,0
48,481269,1,1,0,0,0,1,1,171,0,28,6,2011,3,19,36,0,4,8,FM 2093,,109,30.24900278,-99.082894440,0,38,0,0,1,1,4,0,1,1,0,1,0,0000000,88,88,88,88,88,88,0,0,0,1,0
48,481270,1,1,0,1,1,1,1,201,3280,28,6,2011,3,0,40,1,11,1,I-45,,86,29.61488333,-95.214930560,0,8,0,1,18,1,1,0,3,1,0,1,0,0000000,88,88,88,88,88,88,0,0,0,1,1
48,481271,1,1,0,0,0,1,1,401,0,28,6,2011,3,22,30,0,4,8,FM225,,134,32.08090278,-94.804544440,0,18,0,0,1,1,1,0,2,1,0,1,0,0000000,22,49,22,59,23,29,0,0,0,1,0
48,481272,2,2,0,0,0,6,6,405,0,28,6,2011,3,14,0,0,3,3,SR-21,217,82,31.53257222,-94.170538890,0,12,1,0,3,3,1,0,1,1,0,1,0,0000000,88,88,88,88,88,88,0,0,0,1,1
48,481274,2,2,0,0,0,2,2,419,0,29,6,2011,4,17,42,1,2,2,US-96,,67,31.89072500,-94.215450000,0,12,1,0,8,1,1,0,1,1,0,1,0,0000000,99,99,99,99,99,99,0,0,0,1,0
48,481275,2,2,0,0,0,2,2,459,0,29,6,2011,4,7,40,0,5,8,FM49,,58,32.71367778,-95.062983330,0,12,6,0,8,1,1,0,1,1,0,1,0,0000000,7,49,8,7,8,33,0,0,0,1,0
48,481276,1,1,0,1,1,2,2,113,4530,30,6,2011,5,2,31,1,11,1,I-635,,37,32.74988056,-96.615077780,0,8,0,0,5,1,1,0,2,1,0,1,0,0000000,88,88,88,88,88,88,20,0,0,1,1
48,481277,4,4,0,0,0,4,4,121,1190,30,6,2011,5,22,47,1,12,3,SR-121,,83,33.02393889,-96.933058330,0,12,1,0,1,1,1,0,3,1,0,1,0,0000000,22,48,22,58,23,27,0,0,0,2,0
48,481278,2,2,0,0,0,3,3,485,7490,30,6,2011,5,21,34,1,13,8,SL473,33RD ST,11,33.88063333,-98.493994440,0,12,6,0,2,2,1,0,3,1,0,1,0,0000000,21,35,21,41,21,57,0,0,0,2,0
48,481279,2,2,0,0,0,2,2,479,3899,10,4,2011,1,5,40,0,16,5,INTERNATIONAL BLVD,,0,27.57942778,-99.491941670,0,12,2,0,1,1,1,0,3,1,0,1,0,0000000,99,99,5,46,6,15,0,0,0,1,0
48,481280,3,3,0,0,0,3,3,29,6090,21,4,2011,5,23,21,1,12,2,US-90,,90,29.39616944,-98.514405560,0,25,0,0,1,1,3,0,3,10,0,10,0,0000000,23,22,23,30,23,59,0,0,0,1,1