STATE,ST_CASE,VE_TOTAL,VE_FORMS,PVH_INVL,PEDS,PERNOTMVIT,PERMVIT,PERSONS,COUNTY,CITY,DAY,MONTH,YEAR,DAY_WEEK,HOUR,MINUTE,NHS,ROAD_FNC,ROUTE,TWAY_ID,TWAY_ID2,MILEPT,LATITUDE,LONGITUD,SP_JUR,HARM_EV,MAN_COLL,RELJCT1,RELJCT2,TYP_INT,REL_ROAD,WRK_ZONE,LGT_COND,WEATHER1,WEATHER2,WEATHER,SCH_BUS,RAIL,NOT_HOUR,NOT_MIN,ARR_HOUR,ARR_MIN,HOSP_HR,HOSP_MN,CF1,CF2,CF3,FATALS,DRUNK_DR
48,481281,1,1,0,0,0,1,1,49,0,30,4,2011,7,12,25,0,4,8,PR 15,,56,31.85531111,-99.044708330,8,1,0,0,1,1,4,0,1,1,0,1,0,0000000,12,24,12,46,13,37,0,0,0,1,0
48,481282,1,1,0,0,0,1,1,29,0,4,5,2011,4,20,15,0,4,8,FM 2790,,37,29.22510833,-98.710011110,0,38,0,0,1,1,4,0,1,1,0,1,0,0000000,88,88,88,88,88,88,0,0,0,1,1
48,481283,1,1,0,1,1,2,2,491,6780,5,5,2011,5,14,53,0,16,5,WASHBURN ST,SEVENTH ST,0,30.57368889,-97.407719440,0,8,0,0,3,2,1,0,1,1,0,1,0,0000000,88,88,88,88,88,88,0,0,0,1,0
48,481284,3,3,0,0,0,6,6,93,0,24,5,2011,3,16,16,1,2,3,SR-6,OLD COMANCHE RD,81,32.12532500,-98.558691670,0,12,1,0,2,3,1,0,1,1,0,1,0,0000000,16,19,16,25,17,5,0,0,0,1,0
48,481285,2,2,0,0,0,5,5,235,0,16,6,2011,5,22,49,0,3,2,US-67,,16,31.24054444,-100.821533330,0,12,2,0,1,1,1,0,2,1,0,1,0,0000000,23,5,23,29,23,59,0,0,0,4,0
48,481286,1,1,0,0,0,1,1,339,0,18,6,2011,7,14,55,0,4,8,FM 2854,,43,30.34588056,-95.652250000,0,1,0,0,1,1,4,0,1,1,0,1,0,0000000,16,41,16,47,17,22,0,0,0,1,1
48,481287,1,1,0,0,0,2,2,37,0,19,6,2011,1,17,45,0,14,2,US-82,,63,33.44930278,-94.170550000,0,1,0,0,1,1,1,0,1,1,0,1,0,0000000,17,48,17,53,18,52,0,0,0,1,1
48,481288,3,3,0,0,0,4,4,471,0,22,6,2011,4,10,30,1,11,1,I-45,,166,30.72105278,-95.571625000,0,12,6,1,5,1,1,0,1,2,0,2,0,0000000,99,99,99,99,99,99,0,0,0,1,0
48,481289,2,2,0,0,0,2,2,61,0,25,6,2011,7,2,15,1,13,8,BU 83,,18,26.15625556,-97.833272220,0,12,6,0,8,1,1,0,3,10,0,10,0,0000000,88,88,88,88,88,88,0,0,0,2,1
48,481290,2,2,0,0,0,3,3,141,2190,25,6,2011,7,2,55,1,11,1,I-10,,187,31.75901389,-106.498825000,0,31,0,0,1,1,4,0,3,1,0,1,0,0000000,99,99,99,99,99,99,14,0,0,2,0
48,481291,3,3,0,0,0,6,6,201,3280,25,6,2011,7,3,15,1,11,1,I-45,,268,29.79871944,-95.371605560,0,12,7,0,1,1,1,0,3,1,0,1,0,0000000,3,27,3,38,4,5,0,0,0,1,1
48,481292,1,1,0,0,0,1,1,201,3280,25,6,2011,7,19,0,0,16,5,ALMEDA GENOA RD,,0,29.62812222,-95.291761110,0,43,0,0,1,1,4,0,1,1,0,1,0,0000000,19,0,19,14,19,41,0,0,0,1,1
48,481293,1,1,0,0,0,6,6,21,0,1,7,2011,6,13,55,0,3,3,SR-95,JORDAN LN,32,30.29866667,-97.345497220,0,1,0,0,3,3,1,0,1,1,0,1,0,0000000,14,5,14,27,15,2,0,0,0,1,1
48,481294,2,1,1,1,1,1,1,27,0,1,7,2011,6,23,53,1,1,1,I-35,,76,30.93215000,-97.541377780,0,14,0,0,1,1,2,0,3,1,0,1,0,0000000,23,54,0,12,0,42,23,0,0,1,1
48,481295,1,1,0,0,0,5,5,105,0,1,7,2011,6,17,0,1,1,1,I-10,,555,30.70164167,-101.222597220,0,42,0,0,1,1,4,0,1,1,0,1,0,0000000,17,9,17,19,18,34,0,0,0,1,0
48,481296,1,1,0,1,1,2,2,439,2255,1,7,2011,6,21,42,1,13,3,SR-10,,84,32.82605833,-97.107536110,0,8,0,0,1,1,1,0,3,1,0,1,0,0000000,99,99,21,45,22,12,0,0,0,1,0
48,481297,1,1,0,1,1,1,1,453,330,1,7,2011,6,21,37,1,12,3,SR-71,,126,30.21893333,-97.670152780,0,8,0,0,1,1,1,0,2,1,0,1,0,0000000,88,88,88,88,88,88,0,0,0,1,0
48,481298,2,2,0,0,0,7,7,507,0,1,7,2011,6,17,15,0,3,2,US-57,,20,28.93871667,-99.819997220,0,12,1,0,1,1,1,0,1,2,0,2,0,0000000,88,88,88,88,88,88,0,0,0,5,0
48,481300,1,1,0,0,0,1,1,201,0,2,7,2011,7,15,49,0,6,4,CROSBY DAYTON RD,,0,29.93508611,-95.034636110,0,59,0,0,1,1,4,0,1,1,0,1,0,0000000,88,88,88,88,88,88,0,0,0,1,0
48,481301,1,1,0,1,1,3,3,201,0,2,7,2011,7,21,35,1,11,1,I-10,,266,29.78511667,-95.664800000,0,8,0,0,1,1,1,0,2,10,0,10,0,0000000,88,88,88,88,88,88,0,0,0,1,0
48,481302,2,2,0,0,0,8,8,371,0,2,7,2011,7,23,42,1,2,2,US-285,,12,31.10520000,-103.235300000,0,12,2,0,1,1,1,0,2,1,0,1,0,0000000,99,99,99,99,99,99,0,0,0,3,0
48,481303,1,1,0,1,1,1,1,439,502,2,7,2011,7,5,20,0,16,5,BROWN,,0,32.83218889,-97.162744440,0,8,0,0,1,1,1,0,3,1,0,1,0,0000000,5,27,5,29,6,1,0,0,0,1,0
48,481304,1,1,0,0,0,3,3,27,3690,3,7,2011,1,6,18,1,13,3,SR-195,,6,31.12168889,-97.742613890,0,59,0,0,1,1,4,0,1,1,0,1,0,0000000,6,22,6,26,6,43,0,0,0,2,0
48,481305,2,2,0,0,0,6,6,167,1920,3,7,2011,1,18,26,1,11,1,I-45,,125,29.44798056,-95.075963890,0,25,0,0,1,1,3,0,1,1,0,1,0,0000000,19,18,19,36,20,6,0,0,0,1,0
48,481306,1,1,0,0,0,3,3,187,4870,3,7,2011,1,5,40,1,13,3,SR-46,,32,29.65699722,-98.046361110,0,32,0,0,1,1,4,0,2,1,0,1,0,0000000,6,5,6,12,6,45,0,0,0,1,0
48,481307,1,1,0,0,0,2,2,201,3280,3,7,2011,1,2,10,1,11,1,I-10,,243,29.77733056,-95.411966670,0,33,0,0,5,1,10,0,3,10,0,10,0,0000000,99,99,99,99,99,99,0,0,0,2,1
48,481308,1,1,0,0,0,2,2,201,5230,3,7,2011,1,16,46,0,16,5,RED BLUFF RD,,0,29.63354167,-95.106850000,0,1,0,0,1,1,4,0,1,1,0,1,0,0000000,88,88,88,88,88,88,0,0,0,2,0
48,481309,2,2,0,0,0,3,3,339,0,3,7,2011,1,17,10,0,4,8,FM 830,,26,30.40413333,-95.532369440,0,12,6,0,1,1,1,0,1,10,0,10,0,0000000,16,56,17,4,17,42,0,0,0,1,0
48,481310,2,1,1,0,2,2,4,359,0,3,7,2011,1,6,5,1,1,1,I-40,,158,35.25707778,-102.494477780,0,14,0,0,1,1,8,0,2,1,0,1,0,0000000,88,88,88,88,88,88,0,0,0,2,1
48,481311,1,1,0,0,0,2,2,373,0,3,7,2011,1,7,30,0,14,8,FM350,,28,30.69718611,-95.002500000,0,42,0,0,1,1,4,0,1,1,0,1,0,0000000,7,51,8,23,9,10,0,0,0,2,1
48,481312,1,1,0,0,0,2,2,451,0,3,7,2011,1,8,9,1,2,2,US-87,,33,31.67873889,-100.741602780,0,1,0,0,1,1,3,0,1,1,0,1,0,0000000,88,88,88,88,88,88,0,0,0,2,0
48,481313,3,3,0,0,0,7,7,467,0,3,7,2011,1,14,37,0,3,3,SR-19,,71,32.59606944,-95.851980560,0,12,2,0,1,1,1,0,1,1,0,1,0,0000000,14,40,14,46,15,37,0,0,0,4,0
48,481314,2,2,0,1,1,3,3,113,1730,4,7,2011,2,15,20,0,16,5,JUPITER RD,BARNES AVE,0,32.85728056,-96.683163890,0,9,0,0,3,3,1,0,1,1,0,1,0,0000000,15,23,15,28,15,55,0,0,0,1,0
48,481315,2,2,0,0,0,2,2,113,1730,4,7,2011,2,15,59,0,16,5,METROPOLITAN AVE,CROSS ST,0,32.77217500,-96.752880560,0,12,6,0,2,3,1,0,1,1,0,1,0,0000000,16,3,16,6,16,26,0,0,0,1,1
48,481316,3,1,2,0,0,1,1,113,1730,4,7,2011,2,19,17,0,16,5,KERRVILLE ST,,0,32.76438056,-96.655730560,0,1,0,0,1,1,1,0,1,1,0,1,0,0000000,88,88,88,88,88,88,0,0,0,1,0
48,481317,2,2,0,0,0,2,2,141,2190,4,7,2011,2,1,40,1,12,2,US-54,,139,31.89384722,-106.441125000,0,12,6,0,1,1,1,0,3,1,0,1,0,0000000,1,41,1,47,2,29,0,0,0,1,1
48,481318,1,1,0,0,0,1,1,373,4020,4,7,2011,2,7,21,0,14,3,SR-146,,15,30.69381944,-94.917519440,0,38,0,0,1,1,4,0,1,1,0,1,0,0000000,88,88,88,88,88,88,0,0,0,1,0
48,481319,1,1,0,0,0,4,4,407,1428,4,7,2011,2,20,27,0,3,3,SR-150,,147,30.57250556,-95.141355560,0,1,0,0,1,1,4,0,1,1,0,1,0,0000000,20,29,20,54,21,44,0,0,0,1,0
48,481320,1,1,0,1,1,1,1,463,7090,4,7,2011,2,0,23,0,14,8,FM1574,,3,29.22940000,-99.751286110,0,8,0,0,1,1,4,0,2,1,0,1,0,0000000,1,2,1,32,2,16,0,0,0,1,1
48,481321,2,2,0,0,0,4,4,467,1140,4,7,2011,2,22,15,1,1,7,I-20,SR-19,140,32.57765833,-95.855094440,0,12,1,1,3,2,1,0,2,1,0,1,0,0000000,88,88,88,88,88,88,0,0,0,1,0
48,481322,2,2,0,0,0,4,4,185,0,5,7,2011,3,22,10,1,2,3,SR-6,FM 2,114,30.27347778,-96.042169440,0,12,6,0,2,2,1,0,2,1,0,1,0,0000000,22,12,22,28,23,47,0,0,0,2,0
48,481323,2,2,0,0,0,3,3,251,1030,6,7,2011,4,17,35,0,4,8,FM 1902,,61,32.47012222,-97.419616670,0,12,2,0,1,1,1,0,1,1,0,1,0,0000000,99,99,99,99,99,99,0,0,0,1,0
48,481324,1,1,0,0,0,1,1,375,150,6,7,2011,4,0,40,1,11,1,I-10,,219,35.19245556,-101.780166670,0,52,0,1,18,1,10,0,3,1,0,1,0,0000000,0,44,0,50,1,10,0,0,0,1,0
48,481326,1,1,0,0,0,1,1,441,30,6,7,2011,4,15,13,0,14,8,BI 20R,,10,32.44615556,-99.682652780,0,21,0,1,19,1,4,0,1,1,0,1,0,0000000,88,88,88,88,88,88,0,0,0,1,1
48,481327,2,2,0,0,0,3,3,27,3690,7,7,2011,5,13,31,1,2,3,SR-195,,100,30.99339167,-97.763375000,0,12,2,0,1,1,1,0,1,1,0,1,0,0000000,99,99,99,99,99,99,0,0,0,2,2
48,481328,2,2,0,0,0,6,6,113,1730,7,7,2011,5,6,36,1,12,3,SR-183,,96,32.82917500,-96.888658330,0,12,1,0,1,1,1,0,1,10,0,10,0,0000000,6,38,6,45,7,0,0,0,0,1,0
48,481330,1,1,0,0,0,2,2,13,0,8,7,2011,6,19,1,1,1,1,I-37,,70,28.68727500,-98.273202780,0,42,0,0,1,1,4,0,1,10,0,10,0,0000000,19,26,19,52,20,42,0,0,0,1,0
48,481331,3,1,2,1,3,1,3,141,2190,8,7,2011,6,23,30,1,2,8,SL375,,171,31.88306111,-106.349527780,2,14,0,0,1,1,2,0,2,1,0,1,0,0000000,99,99,99,99,99,99,0,0,0,2,1
48,481332,2,2,0,0,0,2,2,381,0,8,7,2011,6,0,1,1,1,1,I-27,,65,35.09596389,-101.914330560,0,12,1,0,1,1,1,0,2,1,0,1,0,0000000,99,99,99,99,99,99,0,0,0,1,1
48,481333,2,1,1,0,0,1,1,29,6090,9,7,2011,7,23,56,0,16,5,BROADVIEW DR,,0,29.47857222,-98.569700000,0,42,0,0,1,1,4,0,2,1,0,1,0,0000000,88,88,88,88,88,88,0,0,0,1,1
48,481334,1,1,0,0,0,7,7,265,0,9,7,2011,7,12,14,1,11,1,I-10,,159,30.08758889,-99.150711110,0,52,0,0,1,1,4,0,1,1,0,1,0,0000000,12,25,12,45,13,33,0,0,0,1,0
48,481335,1,1,0,0,0,5,5,267,0,9,7,2011,7,15,0,1,1,1,I-10,,53,30.40482222,-99.656766670,0,1,0,0,1,1,3,0,1,1,0,1,0,0000000,15,18,15,51,17,20,0,0,0,1,0
48,481336,1,1,0,1,1,1,1,453,330,9,7,2011,7,23,2,1,11,1,I-35,,218,30.31931667,-97.707225000,0,8,0,0,1,1,1,0,2,1,0,1,0,0000000,23,2,23,6,23,19,0,0,0,1,0
48,481337,2,2,0,0,0,3,3,201,0,10,7,2011,1,2,13,0,6,4,WEST RD,DEER TRAIL DR,0,29.91486111,-95.423769440,0,12,6,0,2,2,1,0,3,1,0,1,0,0000000,2,13,2,14,3,2,0,0,0,1,2
48,481338,2,2,0,0,0,2,2,201,9997,10,7,2011,1,23,52,1,12,3,SR-288,,113,29.59353611,-95.386733330,0,12,7,0,1,1,1,0,2,1,0,1,0,0000000,88,88,88,88,88,88,0,0,0,1,0
48,481339,1,1,0,0,0,1,1,19,0,11,7,2011,2,9,23,0,4,8,FM1283,,43,29.67051111,-98.956325000,0,1,0,0,1,1,4,0,1,10,0,10,0,0000000,88,88,88,88,88,88,0,0,0,1,0
48,481340,1,1,0,0,0,2,2,485,7490,12,7,2011,3,13,12,1,12,2,US-281,,15,33.86674167,-98.485419440,0,52,0,0,1,1,4,0,1,1,0,1,0,0000000,13,15,13,18,13,31,0,0,0,1,0
48,481341,2,1,1,0,0,2,2,113,1730,13,7,2011,4,3,5,1,12,7,US-75,,131,32.82192222,-96.785925000,0,59,0,0,1,1,4,0,3,1,0,1,0,0000000,3,10,3,17,3,36,0,0,0,1,1
48,481342,2,2,0,0,0,3,3,113,1730,13,7,2011,4,20,7,0,16,5,FERGUSON RD,JOAQUIN DR,0,32.83658333,-96.671483330,0,12,6,0,2,2,1,0,5,1,0,1,0,0000000,20,11,20,14,20,35,0,0,0,2,0
48,481343,2,2,0,0,0,2,2,485,2150,13,7,2011,4,17,0,0,4,2,US-287,,125,34.04285000,-98.905336110,0,12,6,0,1,1,1,0,1,1,0,1,0,0000000,88,88,88,88,88,88,0,0,0,2,0
48,481344,2,2,0,0,0,4,4,111,0,14,7,2011,5,3,15,1,2,2,US-54,,111,36.22666667,-102.251461110,0,12,2,0,1,1,1,0,2,1,0,1,0,0000000,3,24,3,43,4,45,0,0,0,1,1
48,481345,3,3,0,0,0,4,4,201,0,14,7,2011,5,0,45,0,6,4,WOODEDGE DR,,0,29.94444722,-95.582105560,0,12,6,0,1,1,1,0,2,1,0,1,0,0000000,0,45,0,54,1,37,0,0,0,1,2
48,481346,2,2,0,0,0,7,7,29,6090,15,7,2011,6,17,55,1,11,1,I-35,,268,29.44141944,-98.438636110,0,12,6,0,1,1,1,0,1,1,0,1,0,0000000,17,56,18,12,18,42,0,0,0,1,0
48,481347,2,2,0,0,0,2,2,73,3470,15,7,2011,6,3,49,1,13,2,US-79,,56,31.96948056,-95.234691670,0,12,2,0,1,1,1,0,6,1,0,1,0,0000000,99,99,99,99,99,99,0,0,0,1,0
48,481348,4,4,0,0,0,8,8,209,6170,15,7,2011,6,17,50,1,13,3,SR-123,,104,29.86419444,-97.938855560,0,12,1,0,8,1,1,0,1,1,0,1,0,0000000,17,51,17,55,18,31,0,0,0,1,1
48,481349,3,1,2,0,0,1,1,491,3981,15,7,2011,6,8,36,0,3,3,SR-29,,88,30.65856944,-97.890177780,0,43,0,0,1,1,4,0,1,1,0,1,0,0000000,88,88,88,88,88,88,0,0,0,1,0
48,481350,2,2,0,1,1,3,3,29,6090,16,7,2011,7,1,41,1,11,1,I-37,,120,29.43405556,-98.478011110,0,8,0,1,18,1,1,0,3,1,0,1,0,0000000,1,47,1,56,2,21,0,0,0,1,1
48,481351,1,1,0,1,1,1,1,355,1550,16,7,2011,7,21,45,1,12,3,SR-358,,103,27.70469444,-97.363944440,0,8,0,0,1,1,1,0,3,1,0,1,0,0000000,21,46,21,50,22,3,0,0,0,1,0
48,481352,2,2,0,0,0,3,3,5,0,17,7,2011,1,13,58,1,2,3,SR-103,,38,31.39185556,-94.900558330,0,12,6,0,1,1,1,0,1,1,0,1,0,0000000,99,99,99,99,99,99,0,0,0,1,0
48,481353,1,1,0,0,0,3,3,201,0,17,7,2011,1,1,20,0,6,4,SJOLANDER RD,ARCHER RD,0,29.79459444,-94.935055560,0,32,0,0,3,2,4,0,3,10,0,10,0,0000000,1,33,1,38,2,23,0,0,0,1,1
48,481354,2,2,0,0,0,4,4,439,260,17,7,2011,1,23,19,0,15,3,SR-360,,174,32.67325278,-97.062500000,0,1,0,1,18,1,1,0,2,1,0,1,0,0000000,88,88,88,88,88,88,0,0,0,1,0
48,481355,1,1,0,1,1,1,1,29,6090,19,7,2011,3,3,9,1,13,8,SS 536,,5,29.41069167,-98.499338890,0,8,0,0,1,1,1,0,3,1,0,1,0,0000000,88,88,88,88,88,88,0,0,0,1,1
48,481356,7,7,0,0,0,7,7,157,6660,19,7,2011,3,17,34,1,12,2,US-59,,94,29.56151944,-95.689013890,0,12,1,1,18,1,1,0,1,1,0,1,0,0000000,17,35,17,41,18,14,0,0,0,1,0
48,481357,2,2,0,0,0,3,3,201,0,20,7,2011,4,20,55,0,6,5,LOUETTA RD,HAUDE RD,0,30.05330000,-95.461075000,0,12,6,0,2,3,1,0,3,1,0,1,0,0000000,21,0,21,7,21,43,0,0,0,1,0
48,481358,1,1,0,0,0,1,1,459,5115,20,7,2011,4,8,30,0,4,8,FM 1649,FIFTH,104,32.79555278,-94.724136110,0,32,0,0,2,3,4,0,1,1,0,1,0,0000000,8,35,8,41,9,24,0,0,0,1,0
48,481359,2,2,0,0,0,3,3,29,6090,21,7,2011,5,21,41,1,11,1,I-35,JUDSON,365,29.55218333,-98.355050000,0,12,1,0,1,1,1,0,3,1,0,1,0,0000000,88,88,88,88,88,88,0,0,0,1,1
48,481360,1,1,0,1,1,1,1,251,1370,23,7,2011,7,3,45,1,13,8,BU 67,,77,32.36406667,-97.356511110,0,8,0,0,1,1,1,0,2,1,0,1,0,0000000,88,88,88,88,88,88,0,0,0,1,0
48,481361,2,2,0,0,0,2,2,375,150,23,7,2011,7,0,9,1,13,2,US-60,COLUMBINE,134,35.22200278,-101.771025000,0,12,6,0,2,3,1,0,3,1,0,1,0,0000000,88,88,88,88,88,88,0,0,0,1,0
48,481362,1,1,0,1,1,2,2,113,1730,24,7,2011,1,9,55,1,11,1,I-30,,78,32.76670833,-96.898363890,0,8,0,0,1,1,1,0,1,1,0,1,0,0000000,88,88,88,88,88,88,0,0,0,1,0
48,481363,1,1,0,0,0,1,1,329,0,23,4,2011,7,23,55,0,6,4,1140,,0,32.03167778,-102.004108330,0,10,0,0,6,1,4,0,2,1,0,1,0,796345U,88,88,88,88,88,88,0,0,0,1,1
48,481364,2,2,0,0,0,2,2,3,0,30,5,2011,2,11,36,1,2,2,US-385,,196,32.24681667,-102.522438890,0,1,0,0,1,1,1,0,1,1,0,1,0,0000000,99,99,99,99,99,99,0,0,0,1,0
48,481365,2,1,1,0,0,1,1,29,0,6,6,2011,2,23,43,0,4,2,US-281,,103,29.18673889,-98.480802780,0,43,0,0,1,1,4,0,2,1,0,1,0,0000000,88,88,88,88,88,88,0,0,0,1,1
48,481366,3,3,0,0,0,3,3,135,0,8,6,2011,4,16,25,1,13,8,SL338,YUKIN RD,256,31.92299167,-102.348461110,0,12,6,0,2,2,1,0,1,1,0,1,0,0000000,16,26,16,35,16,56,0,0,0,1,0
48,481367,1,1,0,0,0,3,3,299,0,8,6,2011,4,17,29,0,6,4,RIVER PARK DR,,0,30.75220000,-98.736361110,0,1,0,0,1,1,4,0,1,1,0,1,0,0000000,99,99,99,99,99,99,0,0,0,1,0
48,481368,2,2,0,0,0,5,5,135,0,12,6,2011,1,3,0,1,1,1,I-20,,35,31.67456667,-102.703455560,0,12,2,0,1,1,1,0,2,1,0,1,0,0000000,3,8,3,47,4,7,0,0,0,3,1
48,481369,2,2,0,0,0,4,4,453,330,12,6,2011,1,21,11,1,11,7,I-35,US-290,220,30.32269167,-97.706119440,0,12,6,1,2,2,1,0,3,1,0,1,0,0000000,21,12,21,15,21,40,0,0,0,1,0
48,481370,1,1,0,1,1,1,1,215,0,14,6,2011,3,22,27,0,6,4,HUTTO RD,,0,26.18858889,-98.065047220,0,8,0,0,1,1,1,0,2,1,0,1,0,0000000,88,88,88,88,88,88,0,0,0,1,0
48,481371,1,1,0,1,1,1,1,91,4870,18,6,2011,7,13,26,1,11,1,I-35,,0,29.65204444,-98.191286110,0,8,0,0,1,1,3,0,1,1,0,1,0,0000000,13,36,13,42,14,1,23,0,0,1,0
48,481372,2,2,0,0,0,2,2,491,5990,18,6,2011,7,17,11,1,11,1,I-25,,35,30.52603333,-97.690230560,0,12,7,0,1,1,1,0,1,1,0,1,0,0000000,88,88,88,88,88,88,0,0,0,1,0
48,481373,1,1,0,0,0,1,1,491,0,18,6,2011,7,0,30,0,6,4,MONAHANS,,0,30.57857778,-97.773683330,0,33,0,0,1,1,4,0,2,1,0,1,0,0000000,0,26,0,41,1,7,0,0,0,1,1
48,481374,1,1,0,0,0,1,1,223,0,23,6,2011,5,23,46,0,3,3,SR-11,,85,32.98995278,-95.333155560,0,42,0,0,1,1,4,0,2,1,0,1,0,0000000,88,88,88,88,88,88,0,0,0,1,1
48,481375,1,1,0,0,0,2,2,29,6090,24,6,2011,6,14,28,1,1,1,I-10,,42,29.69162778,-98.646433330,0,1,0,0,1,1,3,0,1,10,0,10,0,0000000,14,30,15,1,15,24,0,0,0,1,0
48,481376,1,1,0,0,0,1,1,201,0,30,6,2011,5,19,45,0,6,5,FALLBROOK DR,,0,29.92460833,-95.585591670,0,33,0,0,1,1,3,0,1,1,0,1,0,0000000,19,57,20,1,20,16,0,0,0,1,0
48,481377,2,2,0,0,0,2,2,343,5090,30,6,2011,5,18,57,0,3,2,US-67,FM-144,65,33.18089167,-94.743891670,0,12,6,0,2,2,1,0,1,10,0,10,0,0000000,88,88,88,88,88,88,0,0,0,1,0
48,481378,2,2,0,0,0,2,2,343,0,1,7,2011,6,19,53,0,3,3,SR-49,,2,33.08576111,-94.807544440,0,12,6,0,1,1,1,0,1,2,0,2,0,0000000,19,50,19,59,20,25,0,0,0,1,0
48,481379,2,2,0,0,0,4,4,29,0,2,7,2011,7,21,25,1,2,8,FM 1957,,25,29.42145833,-98.767822220,0,12,98,0,1,1,1,0,2,1,0,1,0,0000000,88,88,88,88,88,88,0,0,0,1,0
48,481380,1,1,0,1,1,2,2,355,5850,2,7,2011,7,21,22,0,16,5,J AVE,SECOND ST,0,27.79977500,-97.665947220,0,8,0,0,1,1,1,0,6,98,0,98,0,0000000,88,88,88,88,88,88,0,0,0,1,0
48,481381,1,1,0,0,0,1,1,27,0,3,7,2011,1,10,40,0,4,8,FM2115,,144,30.85906667,-97.542769440,0,1,0,0,1,1,4,0,1,1,0,1,0,0000000,88,88,88,88,88,88,0,0,0,1,0
48,481382,2,2,0,0,0,7,7,215,0,4,7,2011,2,23,40,0,6,4,LOS EBANOS RD,,0,26.28210278,-98.330855560,0,12,6,0,8,1,1,0,2,1,0,1,0,0000000,88,88,88,88,88,88,0,0,0,1,1
48,481383,2,2,0,0,0,3,3,427,0,4,7,2011,2,22,8,1,2,2,US-83,,244,26.38425833,-98.901286110,0,12,6,0,8,1,1,0,2,1,0,1,0,0000000,22,12,22,19,22,35,0,0,0,1,0
48,481384,1,1,0,0,0,1,1,29,6090,5,7,2011,3,4,3,0,16,5,GALM RD,MILL PARK DR,0,29.53069167,-98.730755560,0,30,0,0,3,2,4,0,2,1,0,1,0,0000000,88,88,88,88,88,88,0,0,0,1,0
48,481385,2,2,0,0,0,4,4,93,0,5,7,2011,3,14,9,0,3,3,SR-36,,53,31.86159444,-98.469472220,0,12,2,0,1,1,1,0,1,1,0,1,0,0000000,14,9,14,22,16,9,0,0,0,2,0
48,481386,3,3,0,0,0,4,4,221,0,7,7,2011,5,20,40,0,4,8,FM167,,30,32.39931389,-97.663908330,0,12,6,0,8,1,1,0,1,1,0,1,0,0000000,20,45,20,54,21,24,0,0,0,1,0
48,481387,1,1,0,0,0,1,1,329,0,7,7,2011,5,19,40,0,2,3,SR-158,,38,32.03162222,-102.244872220,0,42,0,0,1,1,4,0,1,1,0,1,0,0000000,88,88,88,88,88,88,0,0,0,1,0
48,481388,2,2,0,0,0,4,4,497,0,7,7,2011,5,18,25,1,2,2,US-81,4227,47,33.18026944,-97.547822220,0,12,6,0,2,3,1,0,1,1,0,1,0,0000000,99,99,99,99,99,99,0,0,0,1,0
48,481389,1,1,0,1,1,1,1,201,3280,8,7,2011,6,2,43,1,13,8,FM1960,,179,30.01963056,-95.376736110,0,8,0,0,1,1,1,0,3,2,0,2,0,0000000,88,88,88,88,88,88,0,0,0,1,0
48,481391,1,1,0,0,0,1,1,441,0,10,7,2011,1,21,34,0,6,4,314,,0,32.37281389,-99.828661110,0,1,0,0,1,1,4,0,2,10,0,10,0,0000000,88,88,88,88,88,88,0,0,0,1,0
48,481392,4,4,0,0,0,4,4,277,0,11,7,2011,2,7,50,1,2,2,US-82,FM 2121,155,33.66316111,-95.433961110,0,12,1,0,2,3,1,1,1,1,0,1,0,0000000,7,54,7,59,8,35,0,0,0,1,0
48,481393,2,2,0,1,1,1,1,453,330,12,7,2011,3,11,1,0,16,5,SLAUGHTER LN,,0,30.16686667,-97.783761110,0,8,0,0,1,1,1,0,1,1,0,1,0,0000000,88,88,88,88,88,88,23,0,0,1,0
48,481394,2,2,0,0,0,2,2,187,0,13,7,2011,4,7,43,0,4,8,FM 621,,37,29.81744444,-97.863088890,0,12,6,0,1,1,1,0,1,1,0,1,0,0000000,7,44,7,52,8,43,0,0,0,1,0
48,481395,2,2,0,0,0,2,2,293,0,13,7,2011,4,17,35,0,3,3,SR-14,402,135,31.56999722,-96.530216670,0,12,2,0,2,3,1,0,1,1,0,1,0,0000000,17,38,17,56,18,53,0,0,0,1,0
48,481396,2,2,0,0,0,5,5,181,6350,14,7,2011,5,22,2,0,14,8,FM 1417,TAYOR ST,39,33.65128333,-96.641936110,0,12,6,0,2,2,1,0,3,1,0,1,0,0000000,22,3,22,10,22,35,0,0,0,1,0
48,481397,1,1,0,0,0,1,1,287,0,14,7,2011,5,12,34,1,2,3,SR-21,,155,30.34633611,-96.898025000,0,1,0,0,1,1,4,0,1,1,0,1,0,0000000,88,88,88,88,88,88,0,0,0,1,0
48,481398,1,1,0,0,0,2,2,257,0,15,7,2011,6,5,0,0,6,4,CR-141,ABNER RD,0,32.64137222,-96.209977780,0,38,0,0,3,3,4,0,2,1,0,1,0,0000000,5,33,6,3,6,38,0,0,0,1,1
48,481399,2,2,0,0,0,2,2,439,7258,15,7,2011,6,19,9,0,16,5,INDIAN SPRINGS,,0,32.88313056,-97.248708330,0,1,0,0,1,1,1,0,1,1,0,1,0,0000000,19,16,19,26,19,47,0,0,0,1,0
48,481400,4,1,3,0,0,2,2,113,4530,16,7,2011,7,1,59,0,16,5,LONG SHADOW,,0,32.75006389,-96.591980560,0,14,0,0,1,1,2,0,3,1,0,1,0,0000000,2,17,2,29,3,9,0,0,0,1,1