STATE,ST_CASE,VE_TOTAL,VE_FORMS,PVH_INVL,PEDS,PERNOTMVIT,PERMVIT,PERSONS,COUNTY,CITY,DAY,MONTH,YEAR,DAY_WEEK,HOUR,MINUTE,NHS,ROAD_FNC,ROUTE,TWAY_ID,TWAY_ID2,MILEPT,LATITUDE,LONGITUD,SP_JUR,HARM_EV,MAN_COLL,RELJCT1,RELJCT2,TYP_INT,REL_ROAD,WRK_ZONE,LGT_COND,WEATHER1,WEATHER2,WEATHER,SCH_BUS,RAIL,NOT_HOUR,NOT_MIN,ARR_HOUR,ARR_MIN,HOSP_HR,HOSP_MN,CF1,CF2,CF3,FATALS,DRUNK_DR
48,481401,1,1,0,0,0,6,6,373,0,16,7,2011,7,19,45,0,3,2,US-287,,138,30.95412778,-94.698738890,0,7,0,0,1,1,1,0,1,1,0,1,0,0000000,99,99,99,99,99,99,0,0,0,1,1
48,481402,1,1,0,0,0,1,1,309,7210,17,7,2011,1,20,28,0,15,8,FM 2490,,65,31.65146667,-97.257161110,0,42,0,0,1,1,4,0,5,1,0,1,0,0000000,20,31,20,43,21,24,0,0,0,1,1
48,481403,1,1,0,0,0,1,1,367,0,17,7,2011,1,22,58,1,2,3,SR-199,,54,32.98306389,-97.763547220,0,1,0,0,1,1,4,0,2,1,0,1,0,0000000,88,88,88,88,88,88,20,0,0,1,0
48,481404,2,2,0,0,0,2,2,99,0,18,7,2011,2,18,13,0,5,8,FM 107,FM 1829,26,31.38886944,-97.623022220,0,12,2,0,2,4,1,0,1,1,0,1,0,0000000,99,99,99,99,99,99,0,0,0,1,0
48,481405,1,1,0,0,0,1,1,381,0,18,7,2011,2,23,28,1,13,8,SL 335,,110,35.11890556,-101.874580560,0,1,0,0,1,1,4,0,2,1,0,1,0,0000000,88,88,88,88,88,88,0,0,0,1,1
48,481406,1,1,0,0,0,1,1,175,0,19,7,2011,3,17,46,0,4,8,FM 1961,,113,28.85836944,-97.343091670,0,1,0,0,1,1,4,0,1,1,0,1,0,0000000,88,88,88,88,88,88,0,0,0,1,0
48,481407,1,1,0,0,0,1,1,215,3908,19,7,2011,3,9,24,0,15,8,FM 491,,122,26.28086944,-97.928427780,0,42,0,0,1,1,4,0,1,1,0,1,0,0000000,88,88,88,88,88,88,0,0,0,1,0
48,481408,1,1,0,0,0,2,2,369,0,20,7,2011,4,20,5,0,5,8,FM 2013,,121,34.64214722,-102.923713890,0,1,0,0,1,1,4,0,5,1,0,1,0,0000000,22,48,22,50,23,33,0,0,0,1,1
48,481409,1,1,0,0,0,1,1,381,0,20,7,2011,4,15,50,0,4,8,FM 1258,,23,35.14692222,-101.705822220,0,1,0,0,1,1,4,0,1,1,0,1,0,0000000,88,88,88,88,88,88,0,0,0,1,0
48,481410,1,1,0,1,1,1,1,439,260,20,7,2011,4,21,12,0,16,5,COLLINS ST,MAYFIELD RD,0,32.69172500,-97.097613890,0,8,0,0,3,2,1,0,3,1,0,1,0,0000000,21,11,21,17,21,42,0,0,0,1,0
48,481411,2,2,0,0,0,2,2,71,0,21,7,2011,5,18,0,1,2,7,SR-73,COUNTY LINE RD,212,29.82526389,-94.357052780,0,12,6,0,2,2,1,0,1,1,0,1,0,0000000,18,6,18,10,18,50,0,0,0,1,0
48,481412,2,2,0,0,0,2,2,179,0,21,7,2011,5,9,5,0,3,3,SR-152,,249,35.51804444,-100.601377780,0,12,8,0,1,1,1,0,1,1,0,1,0,0000000,9,20,9,50,10,45,0,0,0,1,1
48,481413,1,1,0,1,1,1,1,241,0,22,7,2011,6,21,40,1,2,2,US-96,,78,30.54925278,-93.931516670,0,8,0,0,1,1,1,0,2,1,0,1,0,0000000,88,88,88,88,88,88,0,0,0,1,0
48,481414,1,1,0,0,0,2,2,265,0,23,7,2011,7,18,25,0,4,8,FM480,,28,29.92853056,-99.045911110,0,11,0,0,1,1,1,0,1,1,0,1,0,0000000,18,39,18,52,19,24,0,0,0,1,1
48,481415,2,2,0,0,0,3,3,113,1730,24,7,2011,1,4,39,1,11,1,I-35E,,275,32.89765000,-96.897880560,0,12,1,0,1,1,1,0,3,1,0,1,0,0000000,4,41,4,45,5,28,0,0,0,1,0
48,481416,3,3,0,0,0,9,9,469,0,24,7,2011,1,14,46,0,3,2,US-190,,127,30.78288056,-95.171900000,0,12,1,0,8,1,1,0,1,1,0,1,0,0000000,14,49,15,12,15,56,0,0,0,1,0
48,481417,1,1,0,0,0,1,1,491,2620,25,7,2011,2,20,11,1,13,3,SR-29,,91,30.63477222,-97.726627780,0,52,0,0,1,1,4,0,1,1,0,1,0,0000000,88,88,88,88,88,88,0,0,0,1,0
48,481418,3,3,0,0,0,3,3,29,6090,27,7,2011,4,16,5,1,11,7,I-10,,57,29.57390556,-98.594913890,0,12,6,0,8,1,1,0,1,1,0,1,0,0000000,16,8,16,14,16,39,0,0,0,1,1
48,481419,2,2,0,0,0,3,3,105,0,27,7,2011,4,7,8,0,4,3,SR-163,,43,30.85994167,-101.161508330,0,12,8,0,1,1,1,0,1,1,0,1,0,0000000,7,14,7,26,8,38,0,0,0,1,0
48,481420,1,1,0,0,0,3,3,357,0,27,7,2011,4,16,11,0,3,2,US-83,,181,36.25088333,-100.756258330,0,1,0,0,1,1,4,1,1,1,0,1,0,0000000,16,21,16,53,18,4,0,0,0,2,0
48,481421,2,2,0,0,0,2,2,99,2610,28,7,2011,5,5,49,1,13,3,SR-36,FM 929,141,31.47177222,-97.718936110,0,12,6,0,2,2,1,0,2,1,0,1,0,0000000,88,88,88,88,88,88,0,0,0,1,0
48,481422,3,3,0,0,0,3,3,179,0,28,7,2011,5,8,56,1,2,2,US-60,,47,35.53389444,-100.909425000,0,12,1,0,1,1,1,1,1,1,0,1,0,0000000,99,99,99,99,99,99,0,0,0,1,0
48,481423,1,1,0,1,1,1,1,439,2850,28,7,2011,5,3,26,1,12,3,SR-121,,20,32.95591111,-97.040305560,0,8,0,1,18,1,1,1,2,1,0,1,0,0000000,88,88,88,88,88,88,0,0,0,1,0
48,481424,2,2,0,0,0,3,3,29,6090,29,7,2011,6,17,4,1,11,7,I-410,FM 1346,329,29.42361944,-98.390111110,0,12,6,1,2,2,1,0,1,1,0,1,0,0000000,19,4,19,19,20,6,0,0,0,1,0
48,481425,2,2,0,0,0,2,2,121,3960,29,7,2011,6,3,38,1,11,1,I-35,CORPORATE DR,44,33.01818333,-96.982363890,0,12,2,1,5,1,1,0,3,1,0,1,0,0000000,3,39,3,45,4,19,0,0,0,1,1
48,481426,2,2,0,0,0,3,3,351,765,30,7,2011,7,8,37,1,2,2,US-190,,116,30.73959444,-93.641088890,0,12,2,0,1,1,1,0,1,10,0,10,0,0000000,9,19,9,53,10,15,0,0,0,1,1
48,481427,1,1,0,1,1,1,1,167,6860,28,4,2011,5,7,59,0,16,5,34TH,,0,29.40276667,-94.946966670,0,8,0,0,1,1,4,0,1,1,0,1,0,0000000,8,0,8,5,8,27,0,0,0,1,0
48,481428,1,1,0,0,0,9,9,439,2450,1,5,2011,1,20,53,1,11,1,I-30,,219,32.73684722,-97.355066670,0,24,0,0,1,1,4,1,3,2,0,2,0,0000000,21,0,21,5,21,15,0,0,0,1,1
48,481429,2,2,0,0,0,2,2,201,3280,7,5,2011,7,2,58,1,12,2,US-290,,347,29.83983056,-95.490538890,0,12,1,0,1,1,1,0,3,1,0,1,0,0000000,88,88,88,88,88,88,23,0,0,1,1
48,481430,3,3,0,0,0,4,4,201,3280,23,6,2011,5,8,38,1,12,3,SR-288,,40,29.69901944,-95.375955560,0,12,7,0,1,1,1,0,1,10,0,10,0,0000000,88,88,88,88,88,88,14,0,0,1,0
48,481431,1,1,0,1,1,1,1,453,330,25,6,2011,7,15,15,0,16,5,ARROYO SECO,ROMERIA DR,0,30.33472222,-97.733302780,0,9,0,0,2,2,1,0,1,1,0,1,0,0000000,17,15,17,17,17,43,0,0,0,1,0
48,481432,2,2,0,0,0,5,5,201,3280,27,6,2011,2,8,12,0,16,5,FUQUA ST,FONDREN RD,0,29.60150278,-95.507561110,0,12,6,0,2,2,1,0,3,1,0,1,0,0000000,8,12,8,19,8,43,0,0,0,1,1
48,481433,1,1,0,1,1,1,1,201,3280,27,6,2011,2,1,20,1,13,8,FM1093,,127,29.73779167,-95.484527780,0,8,0,0,1,1,1,0,3,1,0,1,0,0000000,88,88,88,88,88,88,0,0,0,1,0
48,481434,1,1,0,0,0,1,1,183,0,28,6,2011,3,20,32,0,5,8,FM2906,,38,32.38808056,-94.592069440,0,42,0,0,1,1,4,0,2,1,0,1,0,0000000,88,88,88,88,88,88,0,0,0,1,0
48,481435,1,1,0,1,1,1,1,121,4960,4,7,2011,2,2,54,1,11,1,I-35W,,71,33.07742778,-97.236633330,0,8,0,0,1,1,1,0,2,1,0,1,0,0000000,88,88,88,88,88,88,23,0,0,1,0
48,481436,1,1,0,0,0,4,4,63,0,7,7,2011,5,11,13,0,3,3,SR-11,,258,33.00740278,-94.914761110,0,32,0,0,1,1,4,0,1,1,0,1,0,0000000,11,18,11,23,11,42,0,0,0,1,0
48,481437,5,5,0,0,0,6,6,323,0,8,7,2011,6,9,45,1,2,2,US-277,,581,28.64841389,-100.201491670,0,12,1,0,1,1,1,1,1,1,0,1,0,0000000,99,99,99,99,99,99,0,0,0,1,0
48,481438,2,2,0,0,0,2,2,201,3280,9,7,2011,7,8,30,1,13,8,FM1093,WESTERLAND DR,99,29.73728889,-95.531508330,0,12,6,0,2,2,1,0,1,1,0,1,0,0000000,99,99,8,31,8,54,0,0,0,1,0
48,481439,2,2,0,0,0,3,3,469,0,10,7,2011,1,15,23,1,2,2,US-87,,59,28.92281944,-97.099227780,0,12,1,0,8,1,1,0,1,1,0,1,0,0000000,15,24,15,30,15,49,0,0,0,2,0
48,481440,1,1,0,0,0,1,1,73,0,11,7,2011,2,23,45,0,4,8,FM347,,198,31.84438889,-95.219750000,0,1,0,0,1,1,4,0,2,1,0,1,0,0000000,88,88,88,88,88,88,0,0,0,1,0
48,481441,3,1,2,3,3,1,1,97,0,23,7,2011,7,3,52,1,2,2,US-82,,209,33.64856389,-97.315608330,0,14,0,0,1,1,2,0,2,1,0,1,0,0000000,3,55,3,59,4,28,23,0,0,1,1
48,481442,2,2,0,0,0,2,2,469,0,11,7,2011,2,16,30,1,13,2,US-77,,86,28.78861111,-97.099786110,0,12,6,0,1,1,1,0,1,10,0,10,0,0000000,99,99,16,30,17,0,0,0,0,1,0
48,481443,1,1,0,1,1,4,4,355,1550,13,7,2011,4,23,15,0,16,5,SANTA FE ST,,0,27.76346389,-97.388680560,0,8,0,0,1,1,1,0,2,1,0,1,0,0000000,99,99,99,99,99,99,0,0,0,1,0
48,481444,1,1,0,0,0,5,5,423,0,14,7,2011,5,2,5,0,3,3,SR-31,,178,32.36169444,-95.159455560,0,1,0,0,1,1,1,0,2,1,0,1,0,0000000,2,17,2,27,2,57,0,0,0,2,1
48,481445,1,1,0,0,0,1,1,213,0,20,7,2011,4,7,15,0,6,4,LAZY LAUNCH LN,SHADY SHORES DR,0,32.28811111,-96.126766670,0,39,0,0,3,3,4,0,2,1,0,1,0,0000000,88,88,88,88,88,88,0,0,0,1,1
48,481446,1,1,0,0,0,2,2,85,2520,21,7,2011,5,22,58,0,16,5,COIT RD,,0,33.20207778,-96.767605560,0,42,0,0,1,1,4,0,2,1,0,1,0,0000000,23,7,23,22,23,51,0,0,0,1,1
48,481447,1,1,0,0,0,4,4,147,3940,21,7,2011,5,18,59,0,5,8,FM896,,50,33.42900556,-96.251522220,0,34,0,0,1,1,4,0,1,1,0,1,0,0000000,99,99,99,99,99,99,0,0,0,2,0
48,481448,1,1,0,0,0,3,3,67,0,22,7,2011,6,15,41,1,2,2,US-59,,297,32.96345000,-94.364061110,0,1,0,0,1,1,1,0,1,1,0,1,0,0000000,15,41,15,48,16,20,0,0,0,1,1
48,481449,2,2,0,0,0,2,2,409,0,22,7,2011,6,5,59,0,14,3,SR-35,4755,41,27.92253056,-97.165833330,0,12,6,0,2,2,1,0,2,1,0,1,0,0000000,6,9,6,12,6,23,0,0,0,1,0
48,481450,1,1,0,0,0,1,1,423,0,22,7,2011,6,23,20,0,6,4,CENTER CHURCH RD,,0,32.43820278,-95.226683330,0,42,0,0,1,1,4,0,2,1,0,1,0,0000000,88,88,88,88,88,88,0,0,0,1,0
48,481451,1,1,0,1,1,2,2,331,986,11,7,2011,2,21,22,1,2,2,US-190,8TH ST,67,30.87313889,-97.125072220,0,8,0,0,2,2,1,0,3,1,0,1,0,0000000,21,28,21,56,22,11,0,0,0,1,0
48,481452,1,1,0,0,0,5,5,277,0,23,7,2011,7,1,40,0,4,8,FM 196,,25,33.63923611,-95.382491670,0,35,0,0,1,1,4,0,2,1,0,1,0,0000000,1,50,2,18,3,33,0,0,0,2,1
48,481453,2,2,0,0,0,6,6,497,0,23,7,2011,7,3,16,0,4,8,FM 730,,55,33.33779444,-97.553077780,0,12,2,0,1,1,4,0,2,1,0,1,0,0000000,3,20,3,35,4,17,0,0,0,4,1
48,481454,1,1,0,0,0,3,3,143,0,24,7,2011,1,2,40,1,13,2,US-67,,174,32.21292222,-98.191122220,0,1,0,0,1,1,1,0,2,1,0,1,0,0000000,2,43,2,48,3,21,0,0,0,1,0
48,481455,2,2,0,0,0,3,3,163,0,24,7,2011,1,20,43,0,4,8,FM 472,,12,29.07290000,-98.864688890,0,12,2,0,1,1,1,0,5,1,0,1,0,0000000,20,46,21,12,21,55,0,0,0,2,1
48,481456,1,1,0,0,0,2,2,325,0,24,7,2011,1,8,24,0,4,8,FM 1283,,123,29.53731111,-98.867172220,0,1,0,0,1,1,4,0,1,1,0,1,0,0000000,8,30,8,52,9,54,0,0,0,1,1
48,481457,2,2,0,0,0,5,5,107,1630,27,7,2011,4,0,26,1,2,2,US-82,FM-651,189,33.65998611,-101.238086110,0,12,6,0,2,2,1,0,3,1,0,1,0,0000000,0,34,0,48,2,0,0,0,0,1,0
48,481458,1,1,0,1,1,1,1,291,3980,27,7,2011,4,3,50,1,13,2,US-90,,169,30.05578611,-94.757491670,0,8,0,0,1,1,1,0,3,1,0,1,0,0000000,88,88,88,88,88,88,0,0,0,1,0
48,481459,1,1,0,0,0,1,1,225,0,30,7,2011,7,15,45,0,5,8,FM 2160,,22,31.36698056,-95.487269440,0,1,0,0,1,1,4,0,1,1,0,1,0,0000000,88,88,88,88,88,88,0,0,0,1,0
48,481460,1,1,0,0,0,1,1,493,0,30,7,2011,7,8,15,0,6,4,134,132,0,29.04810556,-98.212258330,0,38,0,0,2,3,5,0,1,1,0,1,0,0000000,88,88,88,88,88,88,0,0,0,1,0
48,481462,3,1,2,0,0,5,5,183,4080,31,7,2011,1,2,39,1,13,8,SL281,,74,32.49975556,-94.793730560,0,59,0,0,1,1,4,0,3,1,0,1,0,0000000,2,39,2,45,3,6,0,0,0,1,1
48,481463,1,1,0,0,0,2,2,201,0,31,7,2011,1,3,25,0,6,4,MARKET ST,,0,29.78346944,-95.102102780,0,32,0,0,1,1,4,0,2,1,0,1,0,0000000,99,99,99,99,99,99,0,0,0,1,0
48,481464,1,1,0,0,0,5,5,259,0,31,7,2011,1,8,10,1,11,1,I-10,,193,29.78486389,-98.744547220,0,52,0,0,1,1,3,0,1,10,0,10,0,0000000,8,21,8,35,8,54,0,0,0,1,0
48,481465,2,2,0,0,0,2,2,473,0,22,7,2011,6,3,56,1,2,2,US-290,,74,30.11350278,-96.065011110,0,12,1,0,1,1,1,0,2,1,0,1,0,0000000,88,88,88,88,88,88,23,0,0,1,0
48,481466,2,2,0,0,0,2,2,477,0,27,7,2011,4,5,45,1,2,2,US-290,,147,30.17218611,-96.449027780,0,12,1,0,8,1,1,0,2,1,0,1,0,0000000,5,46,5,51,6,25,0,0,0,1,0
48,481467,1,1,0,0,0,1,1,143,0,31,7,2011,1,3,40,0,4,8,FM8,,42,32.25652222,-98.485172220,0,1,0,0,1,1,4,0,2,1,0,1,0,0000000,88,88,88,88,88,88,0,0,0,1,1
48,481468,4,4,0,0,0,10,10,183,0,30,7,2011,7,17,2,0,3,3,SR-31,,4,32.37749444,-94.976861110,0,12,1,0,8,1,1,0,1,1,0,1,0,0000000,17,4,17,10,18,0,0,0,0,1,0
48,481469,2,2,0,0,0,4,4,303,0,30,7,2011,7,10,0,0,5,8,FM2378,ELEPHANT RD,224,33.54704167,-102.078388890,0,12,6,0,2,3,1,0,1,1,0,1,0,0000000,10,0,10,7,10,41,0,0,0,1,0
48,481470,2,2,0,0,0,5,5,439,2850,31,7,2011,1,11,58,1,13,3,SR-26,HERITAGE,149,32.92635556,-97.106758330,0,12,6,0,2,2,1,1,1,1,0,1,0,0000000,12,1,12,9,12,42,0,0,0,1,0
48,481471,2,2,0,0,0,5,5,201,3890,26,3,2011,7,2,13,0,16,5,MAIN,UNDERWOOD,0,29.66431389,-95.086911110,0,12,1,0,2,2,1,0,3,1,0,1,0,0000000,2,30,2,34,3,0,0,0,0,1,1
48,481472,2,2,0,0,0,4,4,121,2395,8,4,2011,6,21,56,9,99,8,FM 156,,99999,33.01766111,-97.319672220,0,12,6,0,8,1,1,0,2,1,0,1,0,0000000,88,88,88,88,88,88,0,0,0,2,0
48,481473,1,1,0,0,0,3,3,439,2450,9,4,2011,7,2,26,1,11,1,I-30 RAMP,US-287,149,32.74756667,-97.309438890,0,25,0,1,5,1,4,0,3,1,0,1,0,0000000,2,30,2,37,3,25,0,0,0,1,1
48,481474,2,2,0,0,0,4,4,453,3541,30,4,2011,7,11,27,0,3,8,RM 1431,,184,30.47929167,-97.945044440,0,1,0,0,1,1,1,0,1,1,0,1,0,0000000,11,30,11,47,12,23,0,0,0,2,0
48,481475,1,1,0,1,1,1,1,29,6090,6,6,2011,2,17,0,0,16,5,GORHMAN,,0,29.42701111,-98.449155560,0,8,0,0,1,1,1,0,1,10,0,10,0,0000000,88,88,88,88,88,88,0,0,0,1,0
48,481476,2,2,0,0,0,3,3,201,3280,16,6,2011,5,1,56,0,16,5,SAM HOUSTON PKWY,,0,29.76281389,-95.558313890,0,12,1,0,1,1,1,0,3,1,0,1,0,0000000,2,2,2,7,2,34,20,0,0,2,0
48,481477,2,2,0,0,0,2,2,51,0,29,6,2011,4,12,46,0,4,8,FM 60,,163,30.37013056,-96.598841670,0,12,8,0,1,1,1,0,1,1,0,1,0,0000000,12,52,13,9,13,56,0,0,0,1,0
48,481478,2,1,1,0,0,2,2,339,0,3,7,2011,1,3,40,0,3,8,FM 1314,BERT BROWN RD,67,30.24573056,-95.387861110,0,53,0,0,1,1,4,0,3,1,0,1,0,0000000,3,37,3,43,4,27,0,0,0,1,1
48,481479,1,1,0,0,0,2,2,41,0,8,7,2011,6,19,55,1,2,2,US-190,,119,30.81249444,-96.236066670,0,53,0,0,1,1,4,0,1,1,0,1,0,0000000,88,88,88,88,88,88,0,0,0,1,0
48,481480,1,1,0,0,0,1,1,139,4570,8,7,2011,6,21,5,1,12,7,US-67,,13,32.53623056,-96.976263890,0,38,0,0,1,1,4,0,2,1,0,1,0,0000000,21,8,21,15,21,36,0,0,0,1,1
48,481481,2,2,0,0,0,2,2,339,3280,9,7,2011,7,2,29,0,15,8,SL494,NORTHPARK,351,30.06838889,-95.241475000,0,12,6,0,2,2,1,0,3,1,0,1,0,0000000,99,99,99,99,99,99,0,0,0,1,1
48,481482,1,1,0,0,0,1,1,313,0,11,7,2011,2,8,51,0,4,3,SR-OSR,,1,30.97375556,-96.241158330,0,52,0,0,1,1,4,0,1,1,0,1,0,0000000,88,88,88,88,88,88,0,0,0,1,1
48,481483,2,2,0,0,0,2,2,15,0,16,7,2011,7,22,30,0,4,3,SR-159,,43,29.99106944,-96.200322220,0,12,8,0,1,1,1,0,2,1,0,1,0,0000000,88,88,88,88,88,88,0,0,0,1,1
48,481485,4,4,0,0,0,4,4,31,0,17,7,2011,1,17,59,0,3,2,US-281,CONTOUR DR,386,29.95270000,-98.410430560,0,12,1,0,3,3,1,0,1,1,0,1,0,0000000,18,18,18,35,19,6,0,0,0,1,0
48,481486,1,1,0,0,0,5,5,415,0,17,7,2011,1,1,50,0,6,4,WACO AVE,,0,32.70799444,-100.950144440,0,1,0,0,1,1,4,0,2,1,0,1,0,0000000,2,2,2,9,2,28,0,0,0,1,1
48,481487,2,2,0,0,0,3,3,157,0,21,7,2011,5,23,28,1,13,3,SR-6,,40,29.64499167,-95.651619440,0,12,6,0,8,1,1,1,3,1,0,1,0,0000000,99,99,99,99,99,99,0,0,0,1,1
48,481488,1,1,0,1,1,1,1,183,0,22,7,2011,6,17,17,0,6,4,3604,,0,32.43488889,-94.942688890,0,9,0,0,1,1,1,0,1,1,0,1,0,0000000,17,24,17,32,18,5,0,0,0,1,0
48,481489,1,1,0,0,0,2,2,51,0,23,7,2011,7,1,22,0,4,8,FM2039,,45,30.48352778,-96.488805560,0,38,0,0,1,1,4,0,2,1,0,1,0,0000000,1,30,1,43,2,29,0,0,0,1,1
48,481490,1,1,0,0,0,1,1,321,0,25,7,2011,2,4,15,0,6,4,SKELLY RD,,0,29.00584167,-95.946447220,0,31,0,0,1,1,4,0,2,1,0,1,0,0000000,88,88,88,88,88,88,0,0,0,1,1
48,481491,2,2,0,0,0,2,2,453,0,25,7,2011,2,23,50,0,6,4,PEARCE LN,ROSS RD,0,30.17239722,-97.629433330,0,12,6,0,2,3,1,0,2,1,0,1,0,0000000,0,3,0,23,1,4,0,0,0,1,1
48,481492,2,2,0,0,0,2,2,321,0,26,7,2011,3,14,10,0,3,3,SR-35,FM 1095,263,28.90074722,-96.141250000,0,12,6,0,2,3,1,0,1,1,0,1,0,0000000,88,88,88,88,88,88,0,0,0,1,0
48,481493,1,1,0,0,0,1,1,113,3420,28,7,2011,5,11,5,0,16,5,ROCHELLE RD,,0,32.84689167,-96.989277780,0,33,0,0,1,1,4,0,1,1,0,1,0,0000000,11,6,11,11,11,40,0,0,0,1,0
48,481494,2,2,0,0,0,2,2,423,0,28,7,2011,5,7,0,0,4,8,FM 16,CR 498,212,32.51727222,-95.368977780,0,12,6,0,2,2,1,0,1,1,0,1,0,0000000,88,88,88,88,88,88,0,0,0,1,0
48,481495,1,1,0,1,1,1,1,113,4530,29,7,2011,6,7,34,1,11,1,I-635,,31,32.74079167,-96.612233330,0,8,0,0,1,1,1,0,1,1,0,1,0,0000000,7,34,7,40,8,2,0,0,0,1,0
48,481496,2,2,0,0,0,3,3,167,0,29,7,2011,6,15,15,1,12,3,SR-146,,27,29.51732778,-95.005950000,0,12,6,0,1,1,1,0,1,2,0,2,0,0000000,99,99,99,99,99,99,0,0,0,1,0
48,481497,1,1,0,0,0,1,1,213,0,1,8,2011,2,14,40,0,3,3,SR-19,,13,32.33723611,-95.846200000,0,52,0,0,1,1,4,0,1,1,0,1,0,0000000,88,88,88,88,88,88,0,0,0,1,0
48,481499,2,2,0,0,0,6,6,113,1870,2,8,2011,3,14,45,1,11,1,I-35E,,51,32.62248889,-96.823111110,0,25,0,0,1,1,3,0,1,1,0,1,0,0000000,88,88,88,88,88,88,0,0,0,1,0
48,481500,2,2,0,0,0,3,3,201,0,2,8,2011,3,1,45,0,6,4,CHRISMAN RD,SUPERIOR WAY,0,29.91571389,-95.363641670,0,12,2,0,1,1,1,0,2,10,0,10,0,0000000,1,54,2,0,2,37,0,0,0,1,2
48,481501,2,2,0,0,0,5,5,99,1540,3,8,2011,4,10,54,0,14,8,FM116,LUTHERAN CHURCH RD,217,31.15709722,-97.909700000,0,12,6,0,2,3,1,0,1,1,0,1,0,0000000,10,54,10,59,11,30,0,0,0,1,0
48,481503,2,2,0,0,0,2,2,361,0,3,8,2011,4,3,40,1,11,1,I-10,,110,30.09542222,-94.075241670,0,12,2,0,1,1,1,0,2,1,0,1,0,0000000,3,45,3,54,4,39,0,0,0,1,1
48,481504,1,1,0,0,0,4,4,113,1730,4,8,2011,5,14,40,1,13,8,SL12RAMP,,195,32.85831944,-96.883041670,0,21,0,1,5,1,4,0,1,1,0,1,0,0000000,14,42,14,45,15,5,0,0,0,1,0
48,481505,1,1,0,0,0,1,1,55,0,4,8,2011,5,4,35,0,9,8,FM696,,31,30.37868889,-97.204305560,0,11,0,0,1,1,1,0,2,1,0,1,0,0000000,5,28,5,54,6,28,0,0,0,1,0
48,481506,2,2,0,0,0,2,2,347,0,4,8,2011,5,6,8,1,2,2,US-259,,100,31.70016667,-94.675283330,0,12,6,0,8,1,1,0,2,1,0,1,0,0000000,88,88,88,88,88,88,0,0,0,1,0
48,481507,1,1,0,0,0,1,1,389,5280,4,8,2011,5,0,25,0,15,8,FM761,WALTHALL ST,20,31.41541389,-103.500855560,0,33,0,0,3,4,4,0,3,1,0,1,0,0000000,88,88,88,88,88,88,0,0,0,1,1
48,481508,4,4,0,0,0,5,5,419,0,4,8,2011,5,12,40,1,2,2,US-96,,46,31.74692222,-94.177236110,0,12,8,0,1,1,1,0,1,1,0,1,0,0000000,99,99,99,99,99,99,0,0,0,1,0
48,481509,1,1,0,1,1,1,1,113,2800,5,8,2011,6,21,29,0,16,5,HARDROCK RD,,0,32.80864722,-97.020302780,0,8,0,0,1,1,1,0,2,1,0,1,0,0000000,21,32,21,37,22,20,0,0,0,1,0
48,481510,2,2,0,0,0,2,2,121,5416,5,8,2011,6,9,4,0,14,8,FM2499,,70,33.17969444,-97.279966670,0,12,6,0,1,1,1,0,1,1,0,1,0,0000000,88,88,88,88,88,88,0,0,0,1,0
48,481511,1,1,0,0,0,1,1,179,0,5,8,2011,6,23,48,0,6,4,3,,0,35.56031667,-101.043077780,0,38,0,0,1,1,4,0,2,1,0,1,0,0000000,88,88,88,88,88,88,20,0,0,1,0
48,481512,1,1,0,1,1,1,1,309,0,6,8,2011,7,1,15,1,2,3,SR-6,,406,31.50721389,-96.947866670,0,8,0,0,1,1,1,0,2,1,0,1,0,0000000,88,88,88,88,88,88,0,0,0,1,0
48,481513,1,1,0,1,1,1,1,407,1428,6,8,2011,7,21,37,0,3,3,SR-150,,173,30.57925000,-95.123105560,0,8,0,0,1,1,1,0,2,1,0,1,0,0000000,88,88,88,88,88,88,0,0,0,1,0
48,481514,1,1,0,0,0,1,1,251,1030,7,8,2011,1,2,33,1,13,3,SR-174,SPRINGTIDE DR,119,32.53263056,-97.337450000,0,59,0,0,3,3,4,0,3,1,0,1,0,0000000,99,99,99,99,99,99,0,0,0,1,0
48,481515,2,2,0,0,0,2,2,381,150,7,8,2011,1,1,58,1,11,1,I-27,,97,35.13307222,-101.898322220,0,26,0,0,1,1,3,0,2,2,0,2,0,0000000,88,88,88,88,88,88,0,0,0,1,0
48,481516,1,1,0,0,0,3,3,439,4300,7,8,2011,1,16,13,1,12,2,US-287,,2,32.55194444,-97.110213890,0,1,0,0,1,1,3,0,1,1,0,1,0,0000000,16,16,16,36,16,55,0,0,0,1,0
48,481517,2,2,0,0,0,2,2,201,0,8,8,2011,2,13,40,0,6,4,AIRLINE DR,CARBY,0,29.87806667,-95.388000000,0,12,6,0,2,3,1,0,1,10,0,10,0,0000000,13,45,13,56,14,39,0,0,0,1,0
48,481518,4,4,0,0,0,6,6,201,530,8,8,2011,2,18,12,1,11,1,I-610,,65,29.72168611,-95.460172220,0,12,1,0,1,1,1,0,1,1,0,1,0,0000000,18,13,18,18,18,50,0,0,0,1,0
48,481519,1,1,0,2,2,1,1,113,1730,10,8,2011,4,21,45,1,13,8,SL-12,,217,32.71274167,-96.712919440,0,8,0,0,1,1,1,0,2,1,0,1,0,0000000,21,50,21,57,22,16,0,0,0,1,0
48,481520,1,1,0,0,0,2,2,351,0,10,8,2011,4,10,30,0,4,8,FM363,,47,30.70297222,-93.803183330,0,1,0,0,1,1,4,0,1,1,0,1,0,0000000,99,99,11,8,99,99,0,0,0,1,0
48,481521,2,2,0,0,0,4,4,397,0,12,8,2011,6,21,55,0,3,3,SR-205,,114,32.81849444,-96.351952780,0,12,6,0,1,1,1,0,2,10,0,10,0,0000000,88,88,88,88,88,88,0,0,0,1,0