STATE,ST_CASE,VE_TOTAL,VE_FORMS,PVH_INVL,PEDS,PERNOTMVIT,PERMVIT,PERSONS,COUNTY,CITY,DAY,MONTH,YEAR,DAY_WEEK,HOUR,MINUTE,NHS,ROAD_FNC,ROUTE,TWAY_ID,TWAY_ID2,MILEPT,LATITUDE,LONGITUD,SP_JUR,HARM_EV,MAN_COLL,RELJCT1,RELJCT2,TYP_INT,REL_ROAD,WRK_ZONE,LGT_COND,WEATHER1,WEATHER2,WEATHER,SCH_BUS,RAIL,NOT_HOUR,NOT_MIN,ARR_HOUR,ARR_MIN,HOSP_HR,HOSP_MN,CF1,CF2,CF3,FATALS,DRUNK_DR
48,481522,3,3,0,0,0,3,3,201,5230,13,8,2011,7,18,36,0,16,5,RED BLUFF RD,FAIRMONT PKWY,0,29.65054167,-95.122397220,0,12,6,0,2,2,1,0,1,1,0,1,0,0000000,18,48,18,55,19,17,0,0,0,1,0
48,481523,2,2,0,0,0,6,6,339,1510,13,8,2011,7,13,15,1,13,8,SL-336,,155,30.28305000,-95.431775000,0,12,2,0,1,1,4,0,1,10,0,10,0,0000000,13,17,13,25,13,48,0,0,0,2,0
48,481524,1,1,0,0,0,1,1,29,6090,14,8,2011,1,2,20,1,12,2,US-281,,182,29.53796111,-98.492847220,0,52,0,0,1,1,4,0,3,1,0,1,0,0000000,88,88,88,88,88,88,0,0,0,1,1
48,481525,1,1,0,0,0,1,1,91,9997,14,8,2011,1,13,15,0,14,8,FM 482,HUBERTUS RD,13,29.63157222,-98.244983330,0,42,0,0,1,1,4,0,1,99,0,99,0,0000000,88,88,88,88,88,88,0,0,0,1,1
48,481526,1,1,0,0,0,1,1,27,570,14,8,2011,1,0,37,1,13,2,US-190RAMP,,275,31.04645278,-97.468261110,0,20,0,1,5,1,8,1,3,1,0,1,0,0000000,0,37,0,52,1,11,0,0,0,1,1
48,481527,3,3,0,1,1,3,3,439,2800,14,8,2011,1,4,11,1,11,1,I-10,,129,32.67628333,-97.040800000,0,12,6,0,1,1,1,1,2,1,0,1,0,0000000,4,12,4,22,4,58,23,19,0,1,0
48,481528,1,1,0,0,0,1,1,29,6090,15,8,2011,2,1,30,0,4,8,FM 1604,,32,29.56879444,-98.652486110,0,1,0,0,1,1,10,0,2,1,0,1,0,0000000,88,88,88,88,88,88,0,0,0,1,1
48,481529,2,2,0,0,0,3,3,29,6090,16,8,2011,3,12,30,1,12,3,SR-16,,48,29.29208056,-98.558175000,0,12,1,0,1,1,1,0,1,1,0,1,0,0000000,12,40,12,41,13,17,0,0,0,1,0
48,481530,2,2,0,0,0,4,4,113,1730,16,8,2011,3,8,30,1,11,1,I-45,,192,32.66432222,-96.729088890,0,12,1,0,1,1,1,0,1,1,0,1,0,0000000,8,35,8,43,9,2,23,0,0,1,0
48,481531,1,1,0,0,0,1,1,29,6090,17,8,2011,4,2,28,0,16,5,CINCINNATI ST,KENSINGTON AVE,0,29.44860556,-98.514775000,0,5,0,0,2,3,1,0,3,1,0,1,0,0000000,88,88,88,88,88,88,0,0,0,1,1
48,481532,2,2,0,0,0,3,3,249,90,19,8,2011,6,1,25,0,16,5,TEXAS BLVD,,0,27.77942500,-98.064930560,0,12,2,0,1,1,1,1,2,1,0,1,0,0000000,1,29,1,36,2,2,0,0,0,1,0
48,481533,3,3,0,0,0,6,6,441,30,19,8,2011,6,11,38,1,13,3,SR-351,,29,32.47880833,-99.696658330,0,12,6,0,8,1,1,0,1,1,0,1,0,0000000,99,99,99,99,99,99,0,0,0,1,0
48,481534,2,2,0,0,0,3,3,27,3690,20,8,2011,7,0,6,1,2,3,SR-195,,56,31.05266667,-97.764158330,2,12,2,0,1,1,1,0,2,1,0,1,0,0000000,0,13,0,21,1,14,0,0,0,1,1
48,481535,1,1,0,0,0,1,1,29,6090,20,8,2011,7,4,16,0,16,5,BENRUS DR,,0,29.46118333,-98.585186110,0,30,0,0,1,1,4,0,3,1,0,1,0,0000000,88,88,88,88,88,88,0,0,0,1,1
48,481536,2,2,0,0,0,9,9,29,6090,20,8,2011,7,9,27,1,11,1,I-37,,126,29.28566667,-98.395688890,0,12,6,0,1,1,1,0,1,1,0,1,0,0000000,9,27,9,41,10,15,0,0,0,1,0
48,481537,2,2,0,0,0,3,3,29,6090,20,8,2011,7,15,11,0,16,5,BABCOCK RD,,0,29.54274722,-98.613500000,0,12,2,0,1,1,1,0,1,1,0,1,0,0000000,15,29,15,43,16,45,0,0,0,1,1
48,481538,2,2,0,0,0,5,5,113,387,20,8,2011,7,12,15,0,16,5,SEAGOVILLE RD,PEACHTREE RD,0,32.70501944,-96.631358330,0,12,6,0,2,2,1,0,1,1,0,1,0,0000000,12,17,12,20,13,23,0,0,0,1,1
48,481539,2,2,0,0,0,3,3,113,1730,20,8,2011,7,14,48,1,11,1,I-35,,183,32.80069444,-96.822444440,0,12,1,0,1,1,1,0,1,1,0,1,0,0000000,88,88,88,88,88,88,0,0,0,1,0
48,481540,2,2,0,0,0,2,2,201,0,20,8,2011,7,20,55,1,13,8,FM 1960,,150,30.02303333,-95.423175000,0,1,0,0,1,1,1,0,3,1,0,1,0,0000000,21,7,21,15,21,45,0,0,0,1,0
48,481541,1,1,0,0,0,2,2,201,3280,13,2,2011,1,3,25,0,16,5,MONROE RD,,0,29.65271667,-95.264861110,0,42,0,0,1,1,4,0,3,1,0,1,0,0000000,3,39,3,51,4,14,0,0,0,1,1
48,481542,1,1,0,0,0,2,2,403,0,4,4,2011,2,18,39,1,2,2,US-96,,143,31.15975000,-93.973672220,0,42,0,0,1,1,4,0,1,1,0,1,0,0000000,18,44,19,2,19,30,0,0,0,1,0
48,481543,1,1,0,0,0,1,1,201,3280,30,4,2011,7,1,21,0,16,5,HOUSTON AVE,,0,29.78745556,-95.372138890,0,33,0,0,1,1,3,0,3,1,0,1,0,0000000,88,88,88,88,88,88,0,0,0,1,1
48,481544,2,2,0,0,0,3,3,201,3280,14,5,2011,7,1,20,1,11,1,I-610,,54,29.71105278,-95.266655560,0,12,1,0,1,1,1,0,3,1,0,1,0,0000000,1,24,1,29,2,17,0,0,0,1,0
48,481545,1,1,0,0,0,2,2,453,9997,25,5,2011,4,8,52,0,16,5,COUNTRY CLUB RD,ARROWHEAD LN,0,30.44683333,-98.000986110,0,1,0,0,3,3,1,0,1,1,0,1,0,0000000,88,88,88,88,88,88,0,0,0,2,1
48,481546,2,2,0,0,0,2,2,201,3280,28,5,2011,7,2,0,1,12,8,SL8,HARWIN DR,106,29.71661667,-95.557977780,0,12,6,0,2,2,1,0,3,1,0,1,0,0000000,88,88,88,88,88,88,0,0,0,1,1
48,481547,1,1,0,1,1,1,1,201,3280,28,5,2011,7,16,13,0,16,5,WHEELER,,0,29.73393611,-95.382763890,0,8,0,0,8,1,1,0,1,1,0,1,0,0000000,16,15,16,21,16,40,0,0,0,1,0
48,481548,1,1,0,0,0,2,2,5,4160,3,6,2011,6,0,15,0,14,3,SR-94,LUFKIN AVE,116,31.33713056,-94.722013890,0,33,0,0,3,4,3,0,2,1,0,1,0,0000000,99,99,99,99,99,99,0,0,0,1,1
48,481550,1,1,0,0,0,1,1,361,885,1,7,2011,6,7,43,0,14,8,FM1442,,26,30.03929167,-93.886669440,0,1,0,0,1,1,1,0,1,1,0,1,0,0000000,7,45,7,52,8,50,0,0,0,1,0
48,481551,2,2,0,0,0,2,2,215,0,3,7,2011,1,22,13,1,13,8,FM 907,,40,26.28664167,-98.105991670,0,12,6,0,1,1,4,0,2,1,0,1,0,0000000,99,99,99,99,99,99,0,0,0,1,1
48,481552,1,1,0,0,0,1,1,41,1440,6,7,2011,4,16,55,1,13,8,FM 60,,55,30.61076389,-96.354286110,0,38,0,0,1,1,4,0,1,10,0,10,0,0000000,99,99,99,99,99,99,0,0,0,1,0
48,481553,2,2,0,0,0,4,4,201,3280,8,7,2011,6,12,20,0,16,5,GESSNER DR,CONCHO,0,29.69257222,-95.536241670,0,12,6,0,2,3,1,0,1,1,0,1,0,0000000,12,23,12,24,12,57,0,0,0,1,0
48,481554,1,1,0,1,1,1,1,201,3280,11,7,2011,2,7,5,0,16,5,BISSONNET ST,DAIRY ASHFORD,0,29.67798056,-95.602786110,0,9,0,0,2,2,1,0,1,1,0,1,0,0000000,7,13,7,17,7,48,0,0,0,1,0
48,481555,1,1,0,0,0,1,1,201,3280,14,7,2011,5,23,33,1,13,8,UA-90,,168,29.71723889,-95.314366670,0,38,0,0,1,1,4,0,3,1,0,1,0,0000000,88,88,88,88,88,88,0,0,0,1,1
48,481556,2,1,1,0,1,3,4,201,3280,15,7,2011,6,16,50,1,12,2,US-59,,17,29.84132778,-95.333258330,0,14,0,0,1,1,2,0,1,10,0,10,0,0000000,16,59,17,5,17,32,0,0,0,2,0
48,481557,3,3,0,0,0,1,1,201,3280,16,7,2011,7,1,18,1,12,2,US-59,,106,29.70783889,-95.509386110,0,12,1,0,1,1,1,0,3,10,0,10,0,0000000,1,27,1,37,1,52,0,0,0,1,0
48,481558,1,1,0,0,0,1,1,201,3280,16,7,2011,7,23,20,1,12,2,US-59,,76,29.72604722,-95.468175000,0,25,0,0,1,1,3,0,3,1,0,1,0,0000000,23,37,23,46,0,11,0,0,0,1,0
48,481559,1,1,0,0,0,3,3,439,2450,21,7,2011,5,1,11,0,16,5,HULEN ST,,0,32.69592778,-97.391086110,0,33,0,0,1,1,3,0,3,1,0,1,0,0000000,1,20,1,24,1,40,0,0,0,2,1
48,481560,1,1,0,0,0,2,2,481,2130,21,7,2011,5,23,35,1,13,3,SR-71,,160,29.19621667,-96.269455560,0,19,0,0,1,1,4,0,3,1,0,1,0,0000000,99,99,99,99,99,99,0,0,0,1,1
48,481561,1,1,0,0,0,2,2,139,0,23,7,2011,7,17,54,0,5,8,FM876,,15,32.35779167,-96.868830560,0,32,0,0,1,1,4,0,1,1,0,1,0,0000000,99,99,99,99,99,99,0,0,0,2,0
48,481562,1,1,0,0,0,1,1,201,3280,23,7,2011,7,1,9,1,13,3,SR-35,,48,29.63174444,-95.285572220,0,1,0,0,1,1,4,0,3,1,0,1,0,0000000,88,88,88,88,88,88,0,0,0,1,1
48,481563,2,2,0,0,0,2,2,201,3280,23,7,2011,7,2,14,0,16,5,BARKER CYPRESS RD,,0,29.78575833,-95.688333330,0,5,0,0,1,1,1,0,2,1,0,1,0,0000000,88,88,88,88,88,88,0,0,0,1,1
48,481564,1,1,0,0,0,1,1,251,0,28,7,2011,5,13,20,0,4,8,FM1434,,27,32.28250556,-97.464705560,0,42,0,0,1,1,4,0,1,1,0,1,0,0000000,88,88,88,88,88,88,0,0,0,1,0
48,481565,2,2,0,0,0,3,3,303,4140,28,7,2011,5,23,45,0,16,5,TEXAS AVE,18TH ST,0,33.57901667,-101.845605560,0,12,7,0,3,2,1,0,3,1,0,1,0,0000000,23,49,23,50,0,5,0,0,0,1,1
48,481566,1,1,0,0,0,5,5,419,1270,29,7,2011,6,0,28,0,16,5,ELLINGTON,,0,31.79030833,-94.196605560,0,42,0,0,1,1,4,0,3,1,0,1,0,0000000,0,30,0,36,1,5,0,0,0,2,1
48,481567,1,1,0,0,0,1,1,67,0,30,7,2011,7,21,35,0,5,8,FM1841,,162,33.01616111,-94.120661110,0,32,0,0,1,1,4,0,2,1,0,1,0,0000000,99,99,99,99,99,99,0,0,0,1,1
48,481568,1,1,0,0,0,1,1,201,3280,30,7,2011,7,21,45,0,16,5,BEECHNUT ST,,0,29.68820278,-95.578002780,0,42,0,0,1,1,3,0,3,1,0,1,0,0000000,88,88,88,88,88,88,0,0,0,1,1
48,481569,3,3,0,0,0,5,5,323,0,30,7,2011,7,15,32,1,2,2,US-277,,573,28.65082500,-100.213166670,0,12,6,0,1,1,1,0,1,10,0,10,0,0000000,99,99,99,99,99,99,0,0,0,1,0
48,481570,2,2,0,0,0,2,2,355,1550,30,7,2011,7,18,11,1,13,3,SR-357,SHEA PKWY,108,27.69621111,-97.405483330,0,12,6,0,2,3,1,0,1,1,0,1,0,0000000,88,88,88,88,88,88,0,0,0,1,0
48,481571,1,1,0,0,0,1,1,91,4870,31,7,2011,1,16,56,0,16,5,ROCK ST,,0,29.73165833,-98.116155560,0,32,0,0,6,1,4,0,1,1,0,1,0,415538T,88,88,88,88,88,88,0,0,0,1,0
48,481572,1,1,0,0,0,2,2,353,0,31,7,2011,1,11,57,1,2,2,US-84,,59,32.46623333,-100.588950000,0,1,0,0,1,1,4,0,1,1,0,1,0,0000000,12,1,12,9,12,36,0,0,0,1,0
48,481573,1,1,0,0,0,1,1,371,0,31,7,2011,1,15,34,0,14,8,FM1053,,320,30.91859167,-102.867211110,0,1,0,0,1,1,4,0,1,1,0,1,0,0000000,88,88,88,88,88,88,0,0,0,1,1
48,481574,5,5,0,0,0,14,14,423,7070,31,7,2011,1,1,54,1,13,3,SR-110,,42,32.29322778,-95.258933330,0,12,1,0,1,1,1,0,2,1,0,1,0,0000000,1,59,2,5,2,21,0,0,0,2,1
48,481575,1,1,0,0,0,2,2,371,0,1,8,2011,2,18,20,1,2,2,US-67,,203,30.67453333,-103.236466670,0,72,0,0,1,1,1,0,1,1,0,1,0,0000000,88,88,88,88,88,88,0,0,0,2,0
48,481576,2,2,0,0,0,2,2,183,0,2,8,2011,3,13,31,0,3,2,US-259,,78,32.60630278,-94.754933330,0,12,2,0,1,1,1,0,1,1,0,1,0,0000000,13,31,13,43,14,19,0,0,0,1,0
48,481577,2,2,0,0,0,5,5,393,0,2,8,2011,3,13,57,1,2,2,US-60,,56,35.67195000,-100.667380560,0,12,2,0,1,1,1,0,1,1,0,1,0,0000000,14,0,14,7,14,55,0,0,0,1,0
48,481578,1,1,0,0,0,1,1,85,7365,3,8,2011,4,1,3,0,4,8,FM543,,21,33.34140556,-96.661777780,0,59,0,0,1,1,4,1,2,1,0,1,0,0000000,88,88,88,88,88,88,0,0,0,1,0
48,481579,1,1,0,0,0,6,6,141,0,3,8,2011,4,8,23,1,2,2,US-62,,323,31.83104444,-106.088416670,0,1,0,0,1,1,3,0,1,1,0,1,0,0000000,8,26,8,49,9,35,0,0,0,1,0
48,481580,1,1,0,0,0,3,3,355,0,3,8,2011,4,21,19,0,6,4,63,,0,27.65755556,-97.600652780,0,59,0,0,1,1,4,0,2,10,0,10,0,0000000,21,27,21,39,22,39,0,0,0,1,0
48,481581,2,2,0,0,0,3,3,471,0,3,8,2011,4,13,48,1,1,1,I-45,,235,30.78716389,-95.666216670,0,1,0,0,1,1,1,1,1,1,0,1,0,0000000,99,99,99,99,99,99,0,0,0,2,0
48,481582,2,2,0,0,0,2,2,167,3850,4,8,2011,5,22,21,0,14,8,FM-519,IRENE,67,29.35806111,-94.977033330,0,12,6,0,2,3,1,0,3,1,0,1,0,0000000,88,88,88,88,88,88,0,0,0,1,1
48,481583,1,1,0,0,0,1,1,201,3280,4,8,2011,5,7,35,1,12,2,US-59,,80,29.72598611,-95.478216670,0,1,0,0,1,1,1,0,1,1,0,1,0,0000000,88,88,88,88,88,88,0,0,0,1,0
48,481584,1,1,0,1,1,1,1,29,390,5,8,2011,6,22,25,1,11,1,I-10,,192,29.49225278,-98.546950000,0,8,0,0,1,1,1,0,3,1,0,1,0,0000000,88,88,88,88,88,88,19,0,0,1,0
48,481585,2,2,0,0,0,4,4,121,0,6,8,2011,7,11,59,0,3,2,US-377,,1,33.23474722,-97.014827780,0,12,6,0,1,1,1,0,1,1,0,1,0,0000000,12,0,12,18,12,36,0,0,0,1,0
48,481586,1,1,0,1,1,1,1,167,2570,6,8,2011,7,22,6,1,13,3,SR-87,39TH ST,51,29.29518889,-94.810333330,0,8,0,0,2,2,1,0,3,1,0,1,0,0000000,88,88,88,88,88,88,0,0,0,1,0
48,481588,1,1,0,1,1,3,3,183,4080,7,8,2011,1,5,50,0,16,5,MAGNOLIA LN,,0,32.53204444,-94.746602780,0,8,0,0,1,1,1,0,4,1,0,1,0,0000000,5,50,5,56,6,12,0,0,0,1,0
48,481589,1,1,0,0,0,2,2,159,0,8,8,2011,2,0,45,1,1,1,I-30,,82,33.16243889,-95.169411110,0,1,0,0,1,1,10,0,2,1,0,1,0,0000000,99,99,99,99,99,99,0,0,0,1,1
48,481590,2,2,0,0,0,1,1,203,0,8,8,2011,2,2,20,1,1,1,I-20,,33,32.46299167,-94.646708330,0,12,11,0,1,1,1,0,2,1,0,1,0,0000000,88,88,88,88,88,88,19,0,0,1,0
48,481591,1,1,0,0,0,1,1,73,0,9,8,2011,3,22,50,0,6,4,1301,,0,31.81775833,-95.121030560,0,35,0,0,1,1,4,0,2,1,0,1,0,0000000,88,88,88,88,88,88,0,0,0,1,1
48,481592,2,2,0,0,0,3,3,381,0,10,8,2011,4,21,30,1,13,8,SL335,TRADEWIND ST,83,35.12025833,-101.830713890,0,12,6,0,2,2,1,0,2,1,0,1,0,0000000,99,99,99,99,99,99,0,0,0,1,0
48,481593,1,1,0,0,0,1,1,439,260,10,8,2011,4,22,30,0,16,5,EDEN RD,,0,32.63365556,-97.182022220,0,1,0,0,1,1,4,0,3,1,0,1,0,0000000,88,88,88,88,88,88,0,0,0,1,0
48,481594,2,2,0,0,0,2,2,169,0,11,8,2011,5,18,20,1,2,2,US-84,SS45,0,33.35963056,-101.556308330,0,12,6,0,2,2,1,0,2,1,0,1,0,0000000,18,22,18,43,19,8,0,0,0,1,0
48,481595,2,2,0,0,0,5,5,201,0,11,8,2011,5,10,10,0,6,4,HUFSMITH KOHRVILLE,LACEY RD,0,30.03689722,-95.588338890,0,12,6,0,2,2,1,0,1,1,0,1,0,0000000,10,15,10,25,11,7,0,0,0,1,0
48,481596,1,1,0,0,0,1,1,353,0,11,8,2011,5,15,59,1,1,1,I-20,104,87,32.43772500,-100.518119440,0,24,0,1,18,1,3,0,1,1,0,1,0,0000000,16,7,16,46,17,24,0,0,0,1,0
48,481597,2,2,0,0,0,3,3,439,260,11,8,2011,5,1,19,1,11,1,I-30,,269,32.75966111,-97.102233330,0,12,1,0,1,1,1,0,3,1,0,1,0,0000000,1,19,1,24,1,52,0,0,0,1,0
48,481598,1,1,0,0,0,1,1,245,490,12,8,2011,6,0,25,1,1,7,I-10,,35,30.06984722,-94.135161110,0,33,0,0,1,1,4,0,2,1,0,1,0,0000000,0,26,0,33,0,53,0,0,0,1,1
48,481599,2,2,0,0,0,6,6,363,0,12,8,2011,6,18,10,0,3,2,US-281,,100,32.86257500,-98.093233330,0,12,1,0,1,1,1,0,1,1,0,1,0,0000000,18,23,19,0,19,28,0,0,0,2,0
48,481600,1,1,0,0,0,1,1,19,0,13,8,2011,7,15,6,1,2,3,SR-16,,56,29.74459444,-99.000988890,0,53,0,0,1,1,4,0,1,1,0,1,0,0000000,88,88,88,88,88,88,0,0,0,1,1
48,481601,1,1,0,0,0,1,1,201,0,13,8,2011,7,0,1,0,6,4,CYPRESSWOOD DR,,0,29.98156389,-95.565825000,0,1,0,0,1,1,3,0,2,1,0,1,0,0000000,99,99,99,99,99,99,0,0,0,1,1
48,481602,1,1,0,1,1,1,1,113,1730,14,8,2011,1,22,5,0,16,5,JEFFERSON BLVD,MERRIFIELD RD,0,32.74804167,-96.923477780,0,8,0,0,2,2,1,0,3,1,0,1,0,0000000,22,9,22,17,22,31,0,0,0,1,0
48,481603,1,1,0,1,1,1,1,113,3420,14,8,2011,1,2,4,1,12,7,SR-183,,88,32.83484722,-96.899936110,0,8,0,0,1,1,1,0,2,1,0,1,0,0000000,2,5,2,11,2,37,0,0,0,1,0
48,481604,1,1,0,0,0,1,1,113,3420,14,8,2011,1,8,54,1,11,1,I-635,,37,32.91474722,-96.952600000,0,1,0,1,19,1,10,1,1,1,0,1,0,0000000,8,54,9,0,9,12,0,0,0,1,1
48,481605,1,1,0,0,0,1,1,355,1550,14,8,2011,1,2,42,0,16,5,KING TRL,,0,27.64851667,-97.409561110,0,53,0,0,1,1,4,0,3,10,0,10,0,0000000,2,44,2,51,3,14,0,0,0,1,0
48,481606,2,2,0,0,0,3,3,439,260,14,8,2011,1,16,13,1,13,8,FM 157,,127,32.75297778,-97.097275000,0,12,6,0,8,1,1,0,1,1,0,1,0,0000000,16,13,16,24,16,49,0,0,0,1,1
48,481607,2,2,0,0,0,2,2,373,0,15,8,2011,2,14,24,1,2,2,US-59,,360,30.64844167,-94.944955560,0,12,6,0,8,1,1,0,1,1,0,1,0,0000000,88,88,88,88,88,88,0,0,0,1,0
48,481608,1,1,0,0,0,1,1,497,1780,15,8,2011,2,12,12,0,15,2,US-81,,23,33.21265278,-97.579802780,0,32,0,0,1,1,4,0,1,1,0,1,0,0000000,88,88,88,88,88,88,0,0,0,1,0
48,481609,1,1,0,0,0,1,1,157,6660,16,8,2011,3,14,13,0,16,5,DULLES,,0,29.59500278,-95.582075000,0,42,0,0,1,1,3,0,1,1,0,1,0,0000000,14,40,15,0,15,16,0,0,0,1,0
48,481610,2,2,0,0,0,5,5,201,0,16,8,2011,3,17,0,0,6,4,LOUETTA RD,,0,30.03458056,-95.499119440,0,12,6,0,1,1,1,0,1,1,0,1,0,0000000,17,1,17,16,17,53,0,0,0,2,0
48,481611,1,1,0,1,1,1,1,201,0,17,8,2011,4,4,45,1,11,1,I-10RAMP,,432,29.78431111,-95.109219440,0,8,0,0,5,1,1,0,2,1,0,1,0,0000000,88,88,88,88,88,88,0,0,0,1,0
48,481612,1,1,0,1,1,1,1,241,2258,17,8,2011,4,8,4,0,4,8,FM 105,,16,30.33465278,-94.073647220,0,8,0,0,1,1,2,1,1,1,0,1,0,0000000,88,88,88,88,88,88,0,0,0,1,0
48,481613,2,2,0,0,0,3,3,211,0,18,8,2011,5,14,10,0,3,2,US-83,SR-33,221,35.80607500,-100.398486110,0,12,6,1,2,2,1,0,1,1,0,1,0,0000000,88,88,88,88,88,88,0,0,0,1,0
48,481614,1,1,0,0,0,2,2,439,2255,18,8,2011,5,22,4,1,13,8,FM 157,,68,32.83863889,-97.099966670,0,33,0,0,1,1,3,0,3,1,0,1,0,0000000,22,8,22,13,22,28,0,0,0,1,1
48,481615,2,2,0,0,0,4,4,29,6090,19,8,2011,6,23,16,1,11,1,I-410,,179,29.51117778,-98.536608330,0,12,1,0,1,1,1,0,3,1,0,1,0,0000000,23,15,23,24,23,43,0,0,0,1,0
48,481616,1,1,0,0,0,2,2,201,0,20,8,2011,7,21,32,0,16,8,ANTOINE DR,OLD WALTERS RD,0,29.96449722,-95.471377780,0,31,0,0,1,1,4,0,2,1,0,1,0,0000000,21,34,21,41,22,15,0,0,0,1,0
48,481617,1,1,0,0,0,2,2,29,6090,21,8,2011,1,23,50,0,16,5,WEST AVE,,0,29.47071944,-98.526022220,0,31,0,0,1,1,4,0,3,1,0,1,0,0000000,0,3,0,9,0,53,0,0,0,1,1
48,481618,1,1,0,1,1,1,1,375,150,21,8,2011,1,2,29,9,19,9,BI40D,,99999,35.22203611,-101.821161110,0,8,0,0,1,1,1,0,3,1,0,1,0,0000000,2,26,2,28,2,52,0,0,0,1,0
48,481619,1,1,0,0,0,1,1,273,3700,22,8,2011,2,13,21,1,12,2,US-77,,78,27.46288056,-97.855166670,0,24,0,0,1,1,4,0,1,1,0,1,0,0000000,88,88,88,88,88,88,0,0,0,1,0
48,481620,2,2,0,0,0,2,2,113,1730,22,8,2011,2,23,25,1,12,8,SL12,,187,32.76021389,-96.917205560,0,12,1,0,1,1,1,0,2,1,0,1,0,0000000,88,88,88,88,88,88,0,0,0,1,0
48,481621,1,1,0,1,1,1,1,27,6810,23,8,2011,3,21,2,1,1,7,I-35,,280,31.16426667,-97.320383330,0,8,0,0,1,1,1,0,2,1,0,1,0,0000000,21,4,21,15,21,36,0,0,0,1,0
48,481622,1,1,0,1,1,0,0,201,0,23,8,2011,3,8,35,0,6,4,NORTHWEST PARK PLACE,,0,29.91667500,-95.478622220,0,8,0,0,8,1,1,0,1,1,0,1,0,0000000,99,99,99,99,99,99,0,0,0,1,0
48,481623,3,3,0,0,0,3,3,491,1242,23,8,2011,3,10,41,1,13,8,RM 1431,,12,30.51747500,-97.840819440,0,12,2,0,1,1,1,0,1,1,0,1,0,0000000,10,43,10,54,11,4,0,0,0,1,0
48,481624,1,1,0,1,1,1,1,201,0,25,8,2011,5,0,50,0,6,4,CYPRESS ROSEHILL,,0,30.06994722,-95.700130560,0,8,0,0,1,1,1,0,2,10,0,10,0,0000000,88,88,88,88,88,88,0,0,0,1,0
48,481625,1,1,0,1,1,2,2,27,6810,26,8,2011,6,23,19,0,14,3,SR-317,,130,31.10021667,-97.451902780,0,8,0,0,1,1,1,0,2,1,0,1,0,0000000,23,20,23,31,0,22,0,0,0,1,0
48,481626,2,2,0,0,0,3,3,277,5220,27,8,2011,7,11,12,1,13,2,US-271,,31,33.69121389,-95.554355560,0,12,11,0,8,1,1,0,1,1,0,1,0,0000000,88,88,88,88,88,88,0,0,0,2,0
48,481627,1,1,0,1,1,1,1,113,1730,28,8,2011,1,20,54,1,11,1,I-35,,88,32.67248611,-96.822794440,0,8,0,1,5,1,1,0,2,1,0,1,0,0000000,20,56,20,59,21,23,23,0,0,1,1
48,481628,2,2,0,0,0,2,2,179,0,30,8,2011,3,11,20,1,2,2,US-60,SR-171 LP,42,35.53379444,-100.919019440,0,12,6,0,2,2,1,0,1,1,0,1,0,0000000,88,88,88,88,88,88,0,0,0,1,0
48,481629,3,1,2,0,0,1,1,201,6553,30,8,2011,3,1,50,0,14,8,FM 2920,,166,30.07193611,-95.488030560,0,43,0,0,1,1,4,0,3,1,0,1,0,0000000,88,88,88,88,88,88,0,0,0,1,0
48,481630,2,2,0,0,0,3,3,209,990,30,8,2011,3,21,21,1,11,1,I-35,,223,30.07435278,-97.826280560,0,12,1,1,18,1,1,1,2,1,0,1,0,0000000,88,88,88,88,88,88,3,0,0,1,0
48,481631,2,2,0,0,0,3,3,53,0,18,2,2011,6,7,13,0,3,3,SR-29,,87,30.74852500,-98.087658330,0,12,2,0,1,1,1,0,1,2,0,2,0,0000000,7,13,7,21,8,17,0,0,0,1,0
48,481632,1,1,0,1,1,1,1,505,7660,18,4,2011,2,22,12,0,16,5,DELMAR ST,,0,26.90041111,-99.259366670,0,8,0,0,1,1,1,0,2,1,0,1,0,0000000,99,99,99,99,99,99,0,0,0,1,0
48,481633,1,1,0,1,1,1,1,505,7660,9,5,2011,2,6,15,1,2,2,US-83,,342,26.86582222,-99.253352780,0,8,0,0,1,1,1,0,2,1,0,1,0,0000000,88,88,88,88,88,88,0,0,0,1,0
48,481634,1,1,0,0,0,1,1,201,3280,20,5,2011,6,3,45,0,16,5,ROBMORE,,0,29.85458333,-95.379555560,0,33,0,0,1,1,4,0,3,1,0,1,0,0000000,88,88,88,88,88,88,0,0,0,1,1
48,481635,2,2,0,0,0,3,3,385,0,21,5,2011,7,17,28,0,3,2,US-83,,43,29.66418889,-99.756075000,0,12,1,0,8,1,1,0,1,1,0,1,0,0000000,17,30,17,35,19,45,0,0,0,1,0
48,481636,2,2,0,0,0,2,2,257,3610,4,6,2011,7,0,5,1,2,2,US-175,,162,32.42822500,-96.214486110,0,11,0,0,1,1,1,0,2,1,0,1,0,0000000,0,13,0,19,1,29,0,0,0,1,0
48,481637,1,1,0,0,0,2,2,135,0,18,6,2011,7,1,43,1,2,3,SR-158,,260,32.02467500,-102.430252780,0,1,0,0,5,1,4,0,3,1,0,1,0,0000000,1,43,1,54,2,18,0,0,0,1,1
48,481638,1,1,0,0,0,2,2,165,0,15,7,2011,6,2,54,0,6,4,303,304,0,32.69658611,-102.674375000,0,1,0,0,2,3,1,0,2,1,0,1,0,0000000,2,54,3,5,3,28,0,0,0,1,0