STATE,ST_CASE,VE_TOTAL,VE_FORMS,PVH_INVL,PEDS,PERNOTMVIT,PERMVIT,PERSONS,COUNTY,CITY,DAY,MONTH,YEAR,DAY_WEEK,HOUR,MINUTE,NHS,ROAD_FNC,ROUTE,TWAY_ID,TWAY_ID2,MILEPT,LATITUDE,LONGITUD,SP_JUR,HARM_EV,MAN_COLL,RELJCT1,RELJCT2,TYP_INT,REL_ROAD,WRK_ZONE,LGT_COND,WEATHER1,WEATHER2,WEATHER,SCH_BUS,RAIL,NOT_HOUR,NOT_MIN,ARR_HOUR,ARR_MIN,HOSP_HR,HOSP_MN,CF1,CF2,CF3,FATALS,DRUNK_DR
48,481639,1,1,0,0,0,2,2,165,0,18,7,2011,2,11,40,0,3,2,US-180,,279,32.71140556,-102.606983330,0,38,0,0,1,1,4,0,1,1,0,1,0,0000000,11,40,11,43,11,54,0,0,0,1,0
48,481640,1,1,0,0,0,2,2,201,3280,24,7,2011,1,2,20,1,11,7,I-45,,108,29.62880278,-95.229352780,0,1,0,0,1,1,4,0,3,1,0,1,0,0000000,3,1,3,14,3,40,0,0,0,1,1
48,481642,1,1,0,0,0,7,7,289,0,25,7,2011,2,18,26,1,1,1,I-35,,204,31.38089167,-96.022213890,0,1,0,0,1,1,1,0,1,1,0,1,0,0000000,18,25,18,53,19,49,0,0,0,1,0
48,481644,2,2,0,0,0,3,3,289,0,28,7,2011,5,5,14,0,3,3,SR-7,,128,31.24315000,-96.062861110,0,12,2,0,1,1,1,0,2,1,0,1,0,0000000,99,99,99,99,99,99,0,0,0,2,0
48,481645,1,1,0,0,0,1,1,201,0,30,7,2011,7,3,18,0,6,4,W LITTLE YORK RD,,0,29.86650278,-95.588233330,0,30,0,0,1,1,4,0,2,10,0,10,0,0000000,88,88,88,88,88,88,0,0,0,1,1
48,481646,3,3,0,0,0,7,7,217,0,30,7,2011,7,3,59,0,3,3,SR-22,,125,31.98019722,-97.235397220,0,12,8,0,1,1,1,0,2,1,0,1,0,0000000,4,6,4,18,4,55,0,0,0,2,0
48,481647,1,1,0,0,0,1,1,41,0,31,7,2011,1,6,29,0,6,4,CHISHOLM TRL,,0,30.46876111,-96.174272220,0,1,0,0,1,1,4,0,2,10,0,10,0,0000000,88,88,88,88,88,88,0,0,0,1,1
48,481648,2,1,1,1,1,1,1,313,0,31,7,2011,1,23,40,1,1,1,I-45,,16,30.90617778,-95.786877780,0,8,0,0,1,1,2,0,2,1,0,1,0,0000000,88,88,88,88,88,88,14,16,23,1,0
48,481649,1,1,0,1,1,3,3,135,0,3,8,2011,4,4,58,1,2,2,US-385,,107,31.69952778,-102.344255560,0,8,0,0,1,1,1,0,2,1,0,1,0,0000000,88,88,88,88,88,88,0,0,0,1,1
48,481650,2,2,0,0,0,5,5,339,6884,3,8,2011,4,20,44,0,6,4,GOSLING,,0,30.15762778,-95.509536110,0,12,6,0,1,1,1,0,2,1,0,1,0,0000000,99,99,99,99,99,99,0,0,0,1,1
48,481651,1,1,0,0,0,1,1,331,0,12,8,2011,6,18,6,1,2,2,US-79,,22,30.81896111,-96.676288890,0,42,0,0,1,1,5,0,1,1,0,1,0,0000000,88,88,88,88,88,88,0,0,0,1,1
48,481652,2,2,0,0,0,3,3,201,3280,4,8,2011,5,3,0,1,12,7,STATE LOOP 8,HARWIN DR,106,29.71662500,-95.557986110,0,12,6,1,2,2,1,0,3,10,0,10,0,0000000,2,58,3,4,3,49,0,0,0,1,1
48,481653,1,1,0,1,1,1,1,231,0,7,8,2011,1,20,49,1,1,1,I-30,,207,33.13290556,-96.019783330,0,8,0,0,1,1,1,0,2,1,0,1,0,0000000,88,88,88,88,88,88,0,0,0,1,0
48,481654,2,2,0,0,0,2,2,85,720,8,8,2011,2,14,20,0,3,3,SR-78,SR-78 BU,80,33.28672778,-96.389188890,0,12,2,0,2,2,1,0,1,1,0,1,0,0000000,99,99,99,99,99,99,0,0,0,1,0
48,481655,2,2,0,0,0,2,2,217,0,8,8,2011,2,16,20,0,3,3,SR-22,TALL TIMBERS TRAIL,36,31.89859722,-97.325736110,0,12,1,0,2,2,1,0,1,1,0,1,0,0000000,99,99,99,99,99,99,0,0,0,1,0
48,481656,1,1,0,0,0,1,1,67,0,9,8,2011,3,15,15,0,4,8,FM 3129,,52,33.23716111,-94.097277780,0,32,0,0,1,1,4,0,1,1,0,1,0,0000000,88,88,88,88,88,88,0,0,0,1,1
48,481658,2,2,0,0,0,2,2,201,3280,10,8,2011,4,13,45,1,11,7,I-610,,131,29.78859167,-95.266916670,0,33,0,0,1,1,4,0,1,1,0,1,0,0000000,13,46,13,50,14,9,0,0,0,1,0
48,481659,3,3,0,0,0,4,4,453,0,10,8,2011,4,14,47,1,13,2,US-290,,45,30.23219722,-97.901688890,0,12,6,0,1,1,1,0,1,1,0,1,0,0000000,88,88,88,88,88,88,0,0,0,1,0
48,481660,3,3,0,0,0,3,3,309,0,12,8,2011,6,8,38,1,2,3,SR-31,,84,31.65310833,-96.998430560,0,12,6,0,8,1,1,1,1,1,0,1,0,0000000,8,48,8,57,9,33,14,0,0,1,0
48,481661,2,2,0,0,0,3,3,37,0,4,8,2011,5,13,10,1,1,1,I-30,,107,33.42116944,-94.549961110,0,12,1,0,1,1,1,0,1,1,0,1,0,0000000,13,18,13,47,14,29,0,0,0,1,0
48,481662,2,2,0,0,0,6,6,67,0,13,8,2011,7,17,23,1,2,2,US-59,FM3129,26,33.26305556,-94.152747220,0,12,6,0,2,3,1,0,2,10,0,10,0,0000000,17,28,17,39,18,37,0,0,0,1,0
48,481663,1,1,0,0,0,1,1,55,0,14,8,2011,1,2,24,1,2,2,US-183,,41,29.97880278,-97.681244440,0,58,0,0,1,1,3,1,2,1,0,1,0,0000000,88,88,88,88,88,88,0,0,0,1,1
48,481664,2,1,1,1,2,1,2,141,3276,14,8,2011,1,0,54,0,16,5,DARRINGTON RD,NUNDA DR,0,31.67882222,-106.197452780,0,8,0,0,3,3,1,0,3,1,0,1,0,0000000,88,88,88,88,88,88,23,0,0,1,1
48,481665,2,2,0,0,0,2,2,215,2110,14,8,2011,1,17,4,0,14,8,FM3362,TRENTON RD,28,26.26472778,-98.192988890,0,1,0,0,3,2,1,0,1,2,0,2,0,0000000,17,4,17,8,17,35,0,0,0,1,0
48,481666,1,1,0,0,0,3,3,303,4140,14,8,2011,1,2,30,1,12,8,SL289,,325,33.60773889,-101.905919440,0,24,0,0,1,1,4,0,2,1,0,1,0,0000000,2,33,2,41,2,49,0,0,0,1,1
48,481667,4,4,0,0,0,6,6,179,0,15,8,2011,2,14,30,1,2,2,US-60,,79,35.49750556,-101.039644440,0,12,6,0,1,1,1,0,1,1,0,1,0,0000000,99,99,99,99,99,99,0,0,0,1,0
48,481668,2,2,0,0,0,3,3,329,0,16,8,2011,3,17,19,1,2,8,BI20E,1140,215,32.03211389,-102.004227780,0,12,6,0,2,2,1,0,1,1,0,1,0,0000000,88,88,88,88,88,88,0,0,0,1,0
48,481669,1,1,0,0,0,1,1,201,3280,17,8,2011,4,0,39,1,11,1,I-10,,245,29.77742778,-95.409758330,0,1,0,0,1,1,1,0,3,10,0,10,0,0000000,88,88,88,88,88,88,0,0,0,1,1
48,481670,1,1,0,0,0,1,1,339,0,17,8,2011,4,19,10,0,16,5,HONEA EGYPT RD,,0,30.27268333,-95.591333330,0,30,0,0,1,1,4,0,1,1,0,1,0,0000000,88,88,88,88,88,88,0,0,0,1,0
48,481671,2,2,0,0,0,2,2,201,3280,18,8,2011,5,20,58,1,13,2,US-290,,187,29.93173056,-95.643336110,0,12,1,0,1,1,1,0,2,1,0,1,0,0000000,88,88,88,88,88,88,0,0,0,1,1
48,481672,1,1,0,0,0,2,2,361,0,18,8,2011,5,1,35,0,6,4,SAWMILL RD,,0,30.18076667,-94.017830560,0,42,0,0,1,1,4,0,2,1,0,1,0,0000000,1,39,1,48,2,27,0,0,0,1,1
48,481673,1,1,0,0,0,1,1,405,0,19,8,2011,6,16,5,0,3,3,SR-147,,49,31.48214722,-94.137038890,0,1,0,0,1,1,1,0,1,1,0,1,0,0000000,99,99,99,99,99,99,0,0,0,1,0
48,481674,2,2,0,0,0,2,2,183,0,20,8,2011,7,3,37,1,1,1,I-20,,135,32.44124444,-94.733883330,0,12,2,0,1,1,1,0,2,1,0,1,0,0000000,88,88,88,88,88,88,0,0,0,2,1
48,481675,1,1,0,0,0,2,2,217,0,20,8,2011,7,20,22,0,4,8,FM308,,98,99.99990000,999.999900000,0,32,0,0,1,1,4,0,2,1,0,1,0,0000000,20,28,20,51,21,58,0,0,0,2,1
48,481676,2,2,0,0,0,2,2,363,0,20,8,2011,7,0,34,1,1,1,I-20,,37,32.53288333,-98.319697220,0,12,1,0,1,1,1,0,2,1,0,1,0,0000000,88,88,88,88,88,88,0,0,0,1,0
48,481677,1,1,0,0,0,1,1,423,0,20,8,2011,7,23,10,0,15,8,FM2493,,93,32.22231389,-95.351050000,0,1,0,0,1,1,1,0,2,1,0,1,0,0000000,88,88,88,88,88,88,0,0,0,1,1
48,481678,1,1,0,0,0,1,1,41,970,21,8,2011,1,9,41,1,12,2,US-190,,42,30.69833889,-96.360547220,0,1,0,0,1,1,10,0,1,1,0,1,0,0000000,88,88,88,88,88,88,0,0,0,1,0
48,481679,1,1,0,0,0,3,3,113,1730,21,8,2011,1,2,34,0,16,5,JUPITER RD,,0,32.86298333,-96.683261110,0,38,0,0,1,1,4,0,3,1,0,1,0,0000000,2,35,2,42,3,5,0,0,0,1,0
48,481680,1,1,0,0,0,2,2,373,0,21,8,2011,1,12,27,1,2,2,US-59,SL393,380,30.61918889,-94.947108330,0,1,0,0,3,3,3,0,1,1,0,1,0,0000000,99,99,99,99,99,99,0,0,0,1,0
48,481681,1,1,0,0,0,4,4,453,330,21,8,2011,1,18,10,1,12,8,SL1,,87,30.36771944,-97.742636110,0,24,0,0,1,1,3,0,1,1,0,1,0,0000000,18,10,18,18,18,45,0,0,0,2,0
48,481682,2,2,0,0,0,5,5,477,880,21,8,2011,1,1,34,1,13,3,SR-36,,26,30.12879722,-96.393769440,0,12,6,0,8,1,1,0,3,1,0,1,0,0000000,1,36,1,40,2,23,0,0,0,4,2
48,481683,2,2,0,0,0,2,2,29,6090,22,8,2011,2,18,7,0,16,5,STONECROFT,,0,29.54682500,-98.667533330,0,12,6,0,8,1,1,0,1,1,0,1,0,0000000,18,30,18,39,19,6,0,0,0,1,0
48,481684,2,2,0,0,0,4,4,505,0,22,8,2011,2,15,16,1,2,2,US-83,,417,26.81193889,-99.152041670,0,12,2,0,1,1,1,1,1,1,0,1,0,0000000,99,99,99,99,99,99,0,0,0,2,0
48,481685,1,1,0,0,0,1,1,85,2320,23,8,2011,3,15,30,0,16,5,OLD JOSEPHINE RD,,0,33.14734444,-96.354197220,0,32,0,0,1,1,4,0,1,1,0,1,0,0000000,88,88,88,88,88,88,0,0,0,1,0
48,481686,1,1,0,0,0,1,1,141,0,23,8,2011,3,17,37,1,11,7,I-10,,379,31.67065833,-106.248758330,0,1,0,0,1,1,4,0,1,1,0,1,0,0000000,99,99,17,48,18,18,0,0,0,1,0
48,481687,2,2,0,0,0,3,3,483,0,24,8,2011,4,11,10,1,1,1,I-40,,64,35.22718056,-100.422505560,0,12,6,0,1,1,1,0,1,1,0,1,0,0000000,11,21,11,48,12,45,0,0,0,1,0
48,481688,2,2,0,0,0,2,2,225,0,25,8,2011,5,17,30,0,3,2,US-287,,246,31.51471111,-95.478555560,0,12,1,0,1,1,1,0,1,1,0,1,0,0000000,17,39,18,9,19,20,0,0,0,1,0
48,481689,3,3,0,0,0,4,4,71,4728,26,8,2011,6,8,30,0,3,3,SR-146,FM1942,20,29.85750278,-94.895130560,0,12,6,0,2,3,1,0,1,1,0,1,0,0000000,8,34,8,53,9,30,0,0,0,2,0
48,481690,5,5,0,0,0,5,5,423,0,26,8,2011,6,20,50,0,3,3,SR-110,,172,32.39920556,-95.379663890,0,12,6,0,1,1,1,0,2,1,0,1,0,0000000,20,58,21,7,21,34,0,0,0,1,1
48,481691,1,1,0,0,0,2,2,141,0,27,8,2011,7,2,14,0,6,4,PELLICANO,,0,31.72615000,-106.237011110,0,1,0,0,1,1,4,0,2,1,0,1,0,0000000,2,18,2,29,3,7,0,0,0,1,1
48,481692,1,1,0,0,0,1,1,171,0,27,8,2011,7,21,55,0,4,3,SR-16,,136,30.33321389,-98.796680560,0,38,0,0,1,1,4,0,2,1,0,1,0,0000000,88,88,88,88,88,88,0,0,0,1,0
48,481693,1,1,0,0,0,1,1,423,0,27,8,2011,7,0,15,0,6,4,2138,,0,32.14750278,-95.144611110,0,42,0,0,1,1,4,0,2,1,0,1,0,0000000,88,88,88,88,88,88,0,0,0,1,1
48,481694,1,1,0,0,0,2,2,435,0,27,8,2011,7,15,42,1,2,2,US-277,,39,30.64960833,-100.645075000,0,43,0,0,1,1,4,0,1,1,0,1,0,0000000,15,39,15,48,16,6,0,0,0,1,0
48,481695,2,2,0,0,0,3,3,113,2800,28,8,2011,1,13,17,0,19,3,SR-161,MAYFIELD,0,32.69171667,-97.023883330,0,12,6,0,2,2,1,1,1,1,0,1,0,0000000,13,18,13,26,13,59,0,0,0,1,0
48,481696,3,3,0,0,0,9,9,283,9997,28,8,2011,1,3,21,1,1,1,I-35,,43,28.47626389,-99.228247220,0,12,2,0,1,1,1,0,2,1,0,1,0,0000000,3,45,3,55,4,43,0,0,0,1,1
48,481697,2,2,0,0,0,2,2,409,6400,31,8,2011,4,19,0,0,16,5,SINTON,ST ANTHONY DR,0,28.03662222,-97.494105560,0,12,2,0,2,3,1,0,1,1,0,1,0,0000000,88,88,88,88,88,88,0,0,0,1,0
48,481698,1,1,0,0,0,1,1,35,0,24,8,2011,4,11,55,0,4,8,FM 56,,17,31.83605278,-97.363719440,0,38,0,0,1,1,4,0,1,1,0,1,0,0000000,88,88,88,88,88,88,0,0,0,1,0
48,481699,1,1,0,0,0,2,2,397,6010,28,8,2011,1,7,6,1,1,1,I-30,,152,32.97727500,-96.311463890,0,57,0,0,1,1,3,0,2,1,0,1,0,0000000,88,88,88,88,88,88,0,0,0,2,0
48,481700,4,4,0,1,1,3,3,245,490,31,8,2011,4,17,3,1,11,1,I-10,,35,30.06225556,-94.134683330,0,12,1,0,1,1,1,0,1,1,0,1,0,0000000,17,4,17,8,17,26,23,14,0,1,0
48,481701,1,1,0,0,0,3,3,439,4300,16,4,2011,7,2,33,1,12,3,SR-360,,238,32.58414722,-97.080286110,0,33,0,0,1,1,3,0,3,1,0,1,0,0000000,2,41,2,53,3,38,0,0,0,1,1
48,481702,1,1,0,0,0,2,2,141,9997,22,4,2011,6,17,53,1,11,1,I-10,,432,31.61249444,-106.202602780,0,1,0,0,1,1,1,0,1,1,0,1,0,0000000,17,54,18,6,18,30,0,0,0,1,0
48,481703,1,1,0,0,0,1,1,91,0,15,5,2011,1,15,40,0,6,4,RIVER RD,,0,29.75610556,-98.139411110,0,33,0,0,1,1,4,0,1,1,0,1,0,0000000,99,99,15,46,16,15,0,0,0,1,0
48,481704,1,1,0,1,1,2,2,29,6090,18,6,2011,7,21,32,1,13,8,FM1957,,61,29.43569167,-98.709947220,0,8,0,0,1,1,1,0,3,1,0,1,0,0000000,99,99,99,99,22,4,0,0,0,1,0
48,481706,1,1,0,0,0,2,2,201,3280,17,7,2011,1,1,37,1,12,7,SL8,,66,29.84151944,-95.185075000,0,33,0,0,1,1,10,0,3,1,0,1,0,0000000,1,46,2,3,2,24,0,0,0,1,1
48,481707,1,1,0,1,1,1,1,439,2450,27,7,2011,4,7,40,0,16,5,S PIPELINE,,0,32.81474167,-97.132913890,0,9,0,0,1,1,1,0,1,1,0,1,0,0000000,7,43,7,46,8,24,0,0,0,1,0
48,481708,3,2,1,1,1,2,2,439,2450,29,7,2011,6,1,15,1,11,1,I-20,,114,32.66378333,-97.289697220,0,8,0,0,1,1,2,0,2,1,0,1,0,0000000,88,88,88,88,88,88,0,0,0,1,1
48,481709,2,2,0,0,0,2,2,37,6850,8,8,2011,2,19,21,1,13,2,US-82,WESTLAWN DR,116,33.43683056,-94.082513890,0,12,6,0,2,2,1,0,1,1,0,1,0,0000000,19,22,19,24,19,43,0,0,0,1,0
48,481710,1,1,0,0,0,1,1,133,0,16,8,2011,3,3,50,0,4,8,FM8,,89,32.24059167,-98.613722220,0,1,0,0,1,1,4,0,2,1,0,1,0,0000000,88,88,88,88,88,88,0,0,0,1,1
48,481711,3,3,0,0,0,5,5,415,0,18,8,2011,5,19,29,0,3,3,SR-208,,21,32.68543889,-100.881527780,0,12,6,0,8,1,1,0,1,1,0,1,0,0000000,88,88,88,88,88,88,14,0,0,2,1
48,481712,1,1,0,0,0,2,2,441,0,18,8,2011,5,6,58,0,4,8,FM1235,,41,32.43434444,-99.994725000,0,1,0,0,1,1,4,0,1,1,0,1,0,0000000,99,99,99,99,99,99,0,0,0,1,0
48,481713,2,2,0,0,0,2,2,39,0,26,8,2011,6,13,5,0,3,3,SR-35,BS35E,600,29.12439444,-95.670650000,0,12,6,0,2,3,1,0,1,1,0,1,0,0000000,13,13,13,16,14,9,0,0,0,1,1
48,481714,1,1,0,0,0,4,4,375,0,26,8,2011,6,16,40,1,12,2,US-87,,244,35.30903056,-101.833347220,0,21,0,0,1,1,4,0,1,1,0,1,0,0000000,16,40,16,52,17,11,0,0,0,1,0
48,481715,2,2,0,0,0,3,3,241,0,28,8,2011,1,15,11,0,6,4,32,39,0,31.01200556,-94.196563890,0,12,99,0,2,3,1,0,1,1,0,1,0,0000000,15,14,15,39,16,28,0,0,0,1,0
48,481716,1,1,0,0,0,1,1,423,7070,28,8,2011,1,0,18,0,15,8,FM756,,10,32.29442500,-95.278952780,0,33,0,0,1,1,4,0,2,1,0,1,0,0000000,0,24,0,28,0,49,0,0,0,1,1
48,481717,1,1,0,1,1,1,1,223,0,30,8,2011,3,6,2,0,4,8,FM1870,,19,33.12752778,-95.545625000,0,8,0,0,1,1,1,0,2,1,0,1,0,0000000,99,99,99,99,99,99,0,0,0,1,0
48,481718,1,1,0,0,0,2,2,267,0,30,8,2011,3,15,29,1,1,1,I-10,,97,30.42976667,-99.694361110,0,1,0,0,1,1,3,0,1,1,0,1,0,0000000,15,38,15,49,16,16,0,0,0,1,0
48,481719,1,1,0,0,0,1,1,13,0,31,8,2011,4,16,28,0,4,8,FM2790,,26,29.22853056,-98.752225000,0,38,0,0,1,1,4,0,1,1,0,1,0,0000000,88,88,88,88,88,88,0,0,0,1,0
48,481720,2,2,0,0,0,3,3,91,0,31,8,2011,4,20,35,1,13,8,FM306,,52,29.85529167,-98.146200000,0,12,6,0,1,1,1,0,2,1,0,1,0,0000000,99,99,99,99,99,99,0,0,0,1,1
48,481721,4,4,0,0,0,6,6,245,5430,3,2,2011,5,19,46,1,13,3,SR-347,,83,29.94765278,-93.949797220,0,12,6,0,1,1,1,0,5,3,0,3,0,0000000,88,88,88,88,88,88,0,0,0,1,0
48,481722,1,1,0,1,1,1,1,439,2450,18,3,2011,6,20,47,1,11,1,I-30,,180,32.73475556,-97.418208330,0,8,0,0,1,1,1,0,9,98,0,98,0,0000000,88,88,88,88,88,88,0,0,0,1,0
48,481723,2,2,0,0,0,6,6,479,3899,23,3,2011,4,0,16,1,13,2,US-59,,424,27.52907222,-99.455988890,0,12,2,0,1,1,1,0,2,1,0,1,0,0000000,0,20,0,23,0,41,0,0,0,1,0
48,481724,3,3,0,0,0,3,3,149,0,31,3,2011,5,17,33,0,4,3,SR-237,,66,30.06098889,-96.699611110,0,12,1,0,1,1,1,0,1,1,0,1,0,0000000,17,36,17,55,18,37,0,0,0,1,0
48,481725,1,1,0,0,0,2,2,339,0,9,4,2011,7,20,45,0,6,4,COUNTY LINE RD,,0,30.43640278,-95.410572220,0,24,0,0,1,1,4,0,2,1,0,1,0,0000000,20,38,20,49,21,46,0,0,0,2,1
48,481726,1,1,0,0,0,2,2,303,4140,18,4,2011,2,2,43,0,16,5,TEXAS TECH PKWY,,0,33.59684444,-101.896486110,0,30,0,0,1,1,4,0,3,1,0,1,0,0000000,88,88,88,88,88,88,0,0,0,2,1
48,481727,1,1,0,0,0,1,1,277,0,12,5,2011,5,13,18,1,2,2,US-82,,199,33.66662222,-95.355138890,0,1,0,0,1,1,4,0,1,10,0,10,0,0000000,88,88,88,88,88,88,0,0,0,1,1
48,481728,1,1,0,1,1,1,1,113,4530,18,5,2011,4,0,29,1,11,1,I-30,,257,32.83293056,-96.612661110,0,8,0,0,1,1,1,0,3,10,0,10,0,0000000,0,31,0,40,1,0,23,0,0,1,0
48,481729,1,1,0,0,0,2,2,343,0,21,5,2011,7,4,40,0,4,8,FM-144,,273,32.99662500,-94.799716670,0,42,0,0,1,1,4,0,2,1,0,1,0,0000000,4,53,5,7,6,9,0,0,0,1,1
48,481730,3,3,0,0,0,4,4,439,2450,9,6,2011,5,17,55,0,16,5,HULEN ST,TRAIL LAKE DR,0,32.65803056,-97.396663890,0,12,6,0,2,2,1,0,1,1,0,1,0,0000000,17,52,18,3,18,32,0,0,0,1,0
48,481731,2,2,0,0,0,3,3,113,2590,13,6,2011,2,17,3,0,14,3,SR-78,CASTLE DR,62,32.92217778,-96.628016670,0,12,6,0,2,2,1,0,1,1,0,1,0,0000000,17,4,17,10,17,48,0,0,0,1,0
48,481732,1,1,0,0,0,1,1,109,0,19,6,2011,1,6,30,0,6,4,RAMSEY LEASE RD 44,,0,31.89271667,-104.069194440,0,1,0,0,1,1,4,0,4,1,0,1,0,0000000,88,88,88,88,88,88,0,0,0,1,0
48,481733,1,1,0,0,0,3,3,247,0,9,7,2011,7,9,28,0,4,3,SR-359,,39,27.31849444,-98.702825000,0,42,0,0,1,1,4,0,1,1,0,1,0,0000000,9,36,10,13,11,7,0,0,0,1,1
48,481734,1,1,0,1,1,3,3,27,0,15,7,2011,6,4,13,1,13,8,BU190F,,79,31.12222500,-97.755552780,0,8,0,0,1,1,1,0,2,1,0,1,0,0000000,99,99,4,18,99,99,0,0,0,1,0
48,481735,1,1,0,1,1,1,1,39,0,22,7,2011,6,23,20,0,4,8,FM2611,,81,28.96080278,-95.543333330,0,8,0,0,1,1,1,0,2,10,0,10,0,0000000,88,88,88,88,88,88,0,0,0,1,0
48,481737,2,2,0,0,0,3,3,439,2450,4,8,2011,5,1,20,1,11,1,I-30,,165,32.73751667,-97.445575000,0,24,0,1,18,1,4,0,3,1,0,1,0,0000000,1,23,1,27,1,58,0,0,0,1,0
48,481738,1,1,0,0,0,1,1,285,0,5,8,2011,6,14,40,0,3,8,UA90,,83,29.42973056,-97.091611110,0,31,0,0,1,1,4,0,1,10,0,10,0,0000000,88,88,88,88,88,88,0,0,0,1,0
48,481739,1,1,0,0,0,1,1,339,0,7,8,2011,1,9,15,0,4,8,FM2978,,111,30.14765000,-95.597105560,0,24,0,0,1,1,4,0,1,1,0,1,0,0000000,88,88,88,88,88,88,0,0,0,1,0
48,481740,1,1,0,1,1,1,1,451,0,12,8,2011,6,20,55,0,4,8,RM2084,,8,31.18036944,-100.492083330,0,8,0,0,1,1,1,0,2,1,0,1,0,0000000,88,88,88,88,88,88,0,0,0,1,0
48,481741,2,2,0,1,1,4,4,37,4860,13,8,2011,7,3,55,1,1,1,I-30,,207,33.47472500,-94.413969440,0,8,0,1,18,1,1,0,3,1,0,1,0,0000000,88,88,88,88,88,88,0,0,0,1,0
48,481742,1,1,0,0,0,2,2,439,2450,13,8,2011,7,1,30,0,16,5,FOREST PARK BLVD,,0,32.75097222,-97.345858330,0,1,0,1,18,1,1,0,3,2,0,2,0,0000000,99,99,99,99,99,99,0,0,0,1,1
48,481743,1,1,0,0,0,1,1,113,2590,17,8,2011,4,13,54,0,14,3,SR-78,,64,32.90886667,-96.635722220,0,42,0,0,1,1,4,0,1,1,0,1,0,0000000,13,55,13,57,14,28,0,0,0,1,0
48,481744,1,1,0,1,1,1,1,223,0,17,8,2011,4,4,48,0,3,3,SR-154,,121,32.98487778,-95.593586110,0,8,0,0,1,1,1,1,2,1,0,1,0,0000000,88,88,88,88,88,88,19,0,0,1,0
48,481745,3,3,0,1,1,2,2,37,0,19,8,2011,6,2,26,1,1,1,I-30,,265,33.47093889,-94.314222220,0,12,6,1,18,1,1,1,2,1,0,1,0,0000000,99,99,99,99,99,99,19,0,0,1,0
48,481746,1,1,0,0,0,10,10,355,5420,19,8,2011,6,14,22,0,3,3,SR-361,,148,27.77271111,-97.109288890,0,32,0,0,1,1,4,0,1,1,0,1,0,0000000,99,99,99,99,99,99,0,0,0,2,0
48,481747,1,1,0,0,0,1,1,387,0,19,8,2011,6,20,5,0,3,3,SR-37,,123,33.69135833,-95.057938890,0,53,0,0,1,1,4,0,5,1,0,1,0,0000000,88,88,88,88,88,88,0,0,0,1,0
48,481748,2,2,0,0,0,3,3,231,0,20,8,2011,7,20,46,1,1,7,I-30,FM 36,62,33.01857222,-96.204733330,0,12,6,1,2,3,1,0,2,1,0,1,0,0000000,21,1,21,31,21,55,0,0,0,1,0
48,481749,2,2,0,0,0,3,3,255,0,20,8,2011,7,1,4,0,4,8,FM 792,,95,28.85852778,-97.838286110,0,12,2,0,1,1,1,0,2,1,0,1,0,0000000,1,28,2,0,2,40,0,0,0,2,2
48,481750,1,1,0,0,0,1,1,97,0,23,8,2011,3,21,25,0,4,8,FM 371,,73,33.68145556,-97.079288890,0,31,0,0,1,1,4,0,2,1,0,1,0,0000000,88,88,88,88,88,88,0,0,0,1,0
48,481751,1,1,0,0,0,4,4,319,0,25,8,2011,5,20,56,0,4,8,RM1871,,181,30.72760556,-99.243133330,0,32,0,0,1,1,4,0,2,1,0,1,0,0000000,21,4,21,14,22,58,0,0,0,1,0
48,481752,1,1,0,2,2,1,1,245,0,31,8,2011,4,16,44,1,1,1,I-10,,20,29.87901667,-94.333097220,0,8,0,0,1,1,1,0,1,1,0,1,0,0000000,16,47,16,56,18,0,0,0,0,1,0
48,481753,2,2,0,0,0,2,2,409,0,31,8,2011,4,0,56,1,2,2,US-77,1196,96,28.02835833,-97.530880560,0,12,6,0,2,2,1,0,2,1,0,1,0,0000000,88,88,88,88,88,88,0,0,0,1,0
48,481754,1,1,0,0,0,1,1,29,6090,1,9,2011,5,2,30,0,16,5,THOUSAND OAKS,,0,29.57628333,-98.440525000,0,43,0,0,1,1,4,0,3,1,0,1,0,0000000,88,88,88,88,88,88,0,0,0,1,1
48,481755,2,2,0,0,0,3,3,113,2800,1,9,2011,5,18,28,1,11,1,I-20,SR-161,17,32.67655278,-97.023933330,0,12,6,1,2,2,1,1,1,1,0,1,0,0000000,18,32,18,48,19,2,0,0,0,1,0
48,481757,2,2,0,0,0,2,2,249,0,1,9,2011,5,16,13,0,4,8,FM738,JENNIFER LP,21,27.98890556,-97.938983330,0,12,6,0,2,3,1,0,1,1,0,1,0,0000000,16,28,16,45,17,29,0,0,0,1,1
48,481758,2,2,0,0,0,3,3,439,260,1,9,2011,5,17,49,0,16,5,NATHAN LOWE RD,PETRA DR,0,32.65529167,-97.123013890,0,12,6,0,2,2,1,0,1,1,0,1,0,0000000,17,49,17,57,18,10,0,0,0,1,1
48,481759,2,2,0,0,0,4,4,91,4870,2,9,2011,6,22,49,0,4,8,FM1101,CREEKSIDE CROSSING,35,29.72156389,-98.064308330,0,12,6,0,2,2,1,0,2,1,0,1,0,0000000,22,56,23,3,23,39,0,0,0,1,0
48,481760,1,1,0,0,0,2,2,277,5220,2,9,2011,6,12,2,0,16,5,SYCAMORE,,0,33.64786389,-95.546361110,0,42,0,0,1,1,4,0,1,10,0,10,0,0000000,12,22,12,59,13,42,0,0,0,1,1