STATE,ST_CASE,VE_TOTAL,VE_FORMS,PVH_INVL,PEDS,PERNOTMVIT,PERMVIT,PERSONS,COUNTY,CITY,DAY,MONTH,YEAR,DAY_WEEK,HOUR,MINUTE,NHS,ROAD_FNC,ROUTE,TWAY_ID,TWAY_ID2,MILEPT,LATITUDE,LONGITUD,SP_JUR,HARM_EV,MAN_COLL,RELJCT1,RELJCT2,TYP_INT,REL_ROAD,WRK_ZONE,LGT_COND,WEATHER1,WEATHER2,WEATHER,SCH_BUS,RAIL,NOT_HOUR,NOT_MIN,ARR_HOUR,ARR_MIN,HOSP_HR,HOSP_MN,CF1,CF2,CF3,FATALS,DRUNK_DR
48,481761,1,1,0,0,0,1,1,307,0,2,9,2011,6,8,35,0,3,3,SR-71,,71,31.03061389,-99.229652780,0,1,0,0,1,1,4,0,1,1,0,1,0,0000000,88,88,88,88,88,88,0,0,0,1,0
48,481762,1,1,0,0,0,1,1,309,0,2,9,2011,6,23,30,0,6,4,SPEEGLEVILLE RD,,0,31.55883889,-97.261294440,0,23,0,0,1,1,4,0,2,1,0,1,0,0000000,88,88,88,88,88,88,0,0,0,1,1
48,481763,3,2,1,0,0,2,2,355,1550,2,9,2011,6,6,13,1,12,3,SR-358,,73,27.72508056,-97.405875000,0,45,0,1,18,1,1,1,3,1,0,1,0,0000000,88,88,88,88,88,88,0,0,0,1,0
48,481764,1,1,0,0,0,1,1,113,1730,3,9,2011,7,15,7,1,11,1,I-635 RAMP,,54,32.92480556,-96.762852780,0,25,0,1,5,1,4,0,1,1,0,1,0,0000000,88,88,88,88,88,88,0,0,0,1,0
48,481765,3,3,0,1,1,5,5,113,2590,3,9,2011,7,21,2,1,11,1,I-635,,123,32.86226667,-96.658513890,0,8,0,0,1,1,1,0,3,1,0,1,0,0000000,88,88,88,88,88,88,0,0,0,1,0
48,481766,1,1,0,1,1,1,1,231,1060,3,9,2011,7,20,51,0,4,8,FM 36,,70,33.06883333,-96.230202780,0,15,0,0,1,1,1,0,2,1,0,1,0,0000000,99,99,99,99,99,99,0,0,0,1,1
48,481767,1,1,0,1,1,1,1,453,330,3,9,2011,7,21,51,0,16,5,TANNEY ST,DENFIELD ST,0,30.27252778,-97.689366670,0,8,0,0,2,2,1,0,2,1,0,1,0,0000000,21,52,21,57,22,30,0,0,0,1,0
48,481768,1,1,0,0,0,1,1,15,6280,4,9,2011,1,17,54,1,1,1,I-10,,46,29.75859722,-96.222097220,0,57,0,0,1,1,3,0,1,10,0,10,0,0000000,88,88,88,88,88,88,0,0,0,1,0
48,481769,2,2,0,0,0,2,2,29,6090,4,9,2011,1,17,24,0,3,2,US-181,SR-122,6,29.30770000,-98.389794440,0,12,6,0,2,3,1,0,1,1,0,1,0,0000000,17,53,18,0,18,17,0,0,0,1,1
48,481770,2,2,0,1,1,2,2,439,260,4,9,2011,1,0,23,1,11,1,I-20,,95,32.67765000,-97.097602780,0,8,0,0,1,1,1,0,2,1,0,1,0,0000000,88,88,88,88,88,88,0,0,0,1,0
48,481771,1,1,0,0,0,2,2,29,6090,5,9,2011,2,21,50,1,11,7,I-10E,,105,29.44722222,-98.352913890,0,5,0,0,1,1,1,0,2,1,0,1,0,0000000,88,88,88,88,88,88,0,0,0,1,0
48,481773,1,1,0,0,0,1,1,167,3920,6,9,2011,3,4,4,0,16,5,SOUTH SHORE BLVD,,0,29.52591667,-95.048072220,0,33,0,0,1,1,4,0,3,1,0,1,0,0000000,88,88,88,88,88,88,0,0,0,1,1
48,481774,1,1,0,0,0,2,2,231,2860,6,9,2011,3,18,36,0,16,5,OLD MILL RD,,0,33.06576667,-96.094075000,0,58,0,0,1,1,5,0,1,1,0,1,0,0000000,18,51,19,3,19,46,0,0,0,1,0
48,481775,3,3,0,0,0,3,3,439,2800,6,9,2011,3,16,40,0,16,5,LAKE RIDGE PKWY,LYNN RD,0,32.64143889,-97.048252780,0,12,6,0,2,2,1,0,1,1,0,1,0,0000000,16,48,17,3,17,22,0,0,0,1,0
48,481776,1,1,0,2,2,2,2,453,330,6,9,2011,3,2,10,1,12,8,SL 1,,99,30.34813889,-97.749911110,0,8,0,0,1,1,1,0,3,1,0,1,0,0000000,88,88,88,88,88,88,19,0,0,2,0
48,481777,2,2,0,0,0,5,5,5,0,7,9,2011,4,6,25,1,2,3,SR-103,,79,31.34352222,-94.590269440,0,12,6,0,1,1,1,0,4,1,0,1,0,0000000,88,88,88,88,88,88,0,0,0,1,0
48,481778,1,1,0,0,0,1,1,29,4015,7,9,2011,4,22,26,0,4,8,SL 1604,,60,29.56723889,-98.332388890,0,25,0,0,1,1,3,0,3,1,0,1,0,0000000,88,88,88,88,88,88,0,0,0,1,1
48,481779,2,2,0,0,0,2,2,29,6090,7,9,2011,4,20,41,1,11,1,I-35,,217,29.41846944,-98.502238890,0,20,0,0,1,1,8,1,3,1,0,1,0,0000000,88,88,88,88,88,88,4,0,0,1,1
48,481780,2,2,0,0,0,2,2,211,0,7,9,2011,4,16,50,0,4,3,SR-33,,265,35.81301111,-100.005111110,0,12,2,0,1,1,1,0,1,1,0,1,0,0000000,17,8,17,40,18,59,0,0,0,2,0
48,481781,2,2,0,0,0,3,3,361,0,7,9,2011,4,5,54,0,3,8,FM1006,,22,30.04940833,-93.772586110,0,12,6,0,8,1,1,0,3,1,0,1,0,0000000,99,99,6,5,6,34,0,0,0,1,0
48,481782,2,2,0,0,0,2,2,113,3880,8,9,2011,5,2,25,1,11,1,I-20,,182,32.65364722,-96.759038890,0,12,1,0,1,1,1,0,2,1,0,1,0,0000000,88,88,88,88,88,88,20,0,0,1,1
48,481783,2,2,0,0,0,2,2,201,0,8,9,2011,5,17,55,1,11,1,I-45,,456,30.05932500,-95.432997220,0,12,1,0,1,1,1,0,1,1,0,1,0,0000000,88,88,88,88,88,88,0,0,0,1,0
48,481784,1,1,0,0,0,2,2,355,0,8,9,2011,5,17,35,0,6,4,79,,0,27.65257500,-97.749283330,0,1,0,0,1,1,4,0,1,1,0,1,0,0000000,99,99,99,99,99,99,0,0,0,1,1
48,481785,2,2,0,0,0,3,3,29,6090,9,9,2011,6,9,52,1,13,8,SL13,,83,29.41081111,-98.405561110,0,12,2,0,1,1,1,0,1,1,0,1,0,0000000,9,52,10,8,10,24,0,0,0,1,0
48,481786,2,2,0,0,0,2,2,493,0,9,9,2011,6,18,30,1,2,2,US-87,,91,29.32318611,-98.092975000,0,12,2,0,1,1,1,0,1,1,0,1,0,0000000,88,88,88,88,88,88,0,0,0,1,0
48,481787,1,1,0,0,0,2,2,29,6090,10,9,2011,7,2,12,0,16,5,BLANCO RD,,0,29.48633056,-98.507877780,0,33,0,0,1,1,4,0,3,1,0,1,0,0000000,2,14,2,18,2,43,0,0,0,1,1
48,481788,2,2,0,0,0,6,6,113,1870,10,9,2011,7,16,7,0,16,5,PLEASANT RUN RD,,0,32.60427222,-96.882547220,0,12,2,0,1,1,1,0,1,1,0,1,0,0000000,16,7,16,11,17,0,0,0,0,1,0
48,481789,1,1,0,0,0,1,1,139,9997,10,9,2011,7,3,12,1,13,2,US-287,,38,32.50348333,-97.054661110,0,52,0,0,1,1,4,0,2,1,0,1,0,0000000,88,88,88,88,88,88,0,0,0,1,1
48,481790,2,2,0,0,0,4,4,423,7443,10,9,2011,7,6,21,0,14,3,SR-110,,106,32.20660556,-95.217033330,0,12,2,0,1,1,1,0,4,1,0,1,0,0000000,6,24,6,30,7,3,0,0,0,1,1
48,481791,1,1,0,0,0,4,4,439,260,10,9,2011,7,1,19,0,16,5,GREEN OAKS BLVD,,0,32.70429167,-97.190622220,0,33,0,0,1,1,4,0,3,1,0,1,0,0000000,1,20,1,27,2,14,0,0,0,3,1
48,481792,4,4,0,0,0,4,4,439,2850,10,9,2011,7,22,59,1,12,3,SR-360,,17,32.89283056,-97.083391670,0,12,1,0,1,1,1,0,2,1,0,1,0,0000000,22,59,23,8,23,30,0,0,0,1,0
48,481793,2,2,0,0,0,4,4,141,0,11,9,2011,1,13,0,1,13,8,FM1281,,49,31.68194444,-106.221269440,0,12,2,0,1,1,1,0,1,1,0,1,0,0000000,13,1,13,10,13,49,0,0,0,1,0
48,481794,1,1,0,1,1,1,1,181,550,11,9,2011,1,1,10,1,2,2,US-82,,318,33.62737778,-96.402313890,0,8,0,0,1,1,1,0,9,1,0,1,0,0000000,88,88,88,88,88,88,19,0,0,1,0
48,481795,1,1,0,0,0,1,1,245,0,11,9,2011,1,15,6,0,6,4,LABELLE RD,,0,29.88039167,-94.161522220,0,53,0,0,1,1,4,0,1,1,0,1,0,0000000,88,88,88,88,88,88,0,0,0,1,0
48,481796,2,2,0,0,0,2,2,113,1730,12,9,2011,2,19,10,0,16,5,CENTERVILLE RD,JUPITER RD,0,32.84301944,-96.685341670,0,12,6,0,2,3,1,0,1,1,0,1,0,0000000,19,13,19,23,19,39,0,0,0,1,1
48,481797,1,1,0,0,0,1,1,95,0,13,9,2011,3,8,45,0,3,2,US-83,,68,31.49360278,-99.918680560,0,42,0,0,1,1,4,0,1,1,0,1,0,0000000,88,88,88,88,88,88,0,0,0,1,0
48,481798,1,1,0,1,1,1,1,309,7210,13,9,2011,3,23,41,0,14,8,FM1637,,173,31.57298611,-97.166013890,0,8,0,0,1,1,1,0,3,1,0,1,0,0000000,88,88,88,88,88,88,0,0,0,1,0
48,481799,2,2,0,0,0,2,2,419,0,13,9,2011,3,16,59,1,2,2,US-96,,62,31.89480278,-94.217247220,0,12,2,0,1,1,1,0,1,1,0,1,0,0000000,17,3,17,12,17,47,0,0,0,1,0
48,481800,1,1,0,0,0,1,1,455,0,13,9,2011,3,13,10,0,4,8,FM355,,86,30.95600833,-95.182458330,0,1,0,0,1,1,1,0,1,1,0,1,0,0000000,88,88,88,88,88,88,0,0,0,1,0
48,481801,1,1,0,1,1,2,2,29,6090,14,9,2011,4,23,0,0,16,5,OLD US-90,,0,29.42752222,-98.571005560,0,8,0,0,1,1,1,0,2,1,0,1,0,0000000,23,3,23,8,23,50,0,0,0,1,0
48,481803,2,2,0,0,0,4,4,309,7210,14,9,2011,4,9,49,0,16,5,NEW ROAD,BAGBY,0,31.50906389,-97.156455560,0,12,6,0,2,2,1,0,1,1,0,1,0,0000000,9,57,10,1,10,17,0,0,0,1,0
48,481804,1,1,0,0,0,1,1,113,1730,15,9,2011,5,1,50,1,13,8,SL 12,,50,32.78011111,-96.917563890,0,59,0,0,1,1,4,0,2,10,0,10,0,0000000,2,0,2,12,2,33,0,0,0,1,1
48,481805,1,1,0,0,0,1,1,27,3690,17,9,2011,7,1,47,1,12,2,US-190,,38,31.11356111,-97.760900000,0,57,0,0,1,1,3,0,2,1,0,1,0,0000000,88,88,88,88,88,88,0,0,0,1,1
48,481806,2,2,0,1,1,2,2,29,6090,17,9,2011,7,0,40,1,11,1,I-10,,235,29.44802778,-98.515133330,0,8,0,0,1,1,1,0,3,1,0,1,0,0000000,0,43,0,43,1,26,16,0,0,1,0
48,481807,2,2,0,0,0,2,2,201,0,17,9,2011,7,9,50,0,16,5,GRANT,OAK HOLLOW,0,29.97136944,-95.596275000,0,12,6,0,2,3,1,0,1,1,0,1,0,0000000,9,58,10,14,10,29,0,0,0,1,0
48,481808,1,1,0,1,1,2,2,397,5910,17,9,2011,7,8,10,1,13,3,SR-205,,28,32.94983333,-96.462352780,0,8,0,0,1,1,2,0,1,1,0,1,0,0000000,8,14,8,16,9,0,0,0,0,1,0
48,481809,1,1,0,0,0,1,1,29,6090,18,9,2011,1,17,35,1,11,1,I-35,I-410,330,29.52008889,-98.394461110,0,42,0,1,5,1,8,0,1,1,0,1,0,0000000,88,88,88,88,88,88,0,0,0,1,0
48,481810,2,2,0,0,0,3,3,177,7220,20,9,2011,3,6,45,0,4,2,US-90,,368,29.68964722,-97.279375000,0,12,6,0,8,1,1,0,4,1,0,1,0,0000000,88,88,88,88,88,88,0,0,0,1,0
48,481811,2,2,0,0,0,2,2,231,1490,26,3,2011,7,17,28,0,4,3,SR-50,SR-24,103,33.27477500,-95.895547220,0,12,6,0,2,2,1,0,1,1,0,1,0,0000000,99,99,99,99,99,99,0,0,0,1,0
48,481812,1,1,0,0,0,2,2,85,5390,7,5,2011,7,14,30,1,12,2,US-75,,123,33.01915278,-96.709369440,0,1,0,1,18,1,1,0,1,1,0,1,0,0000000,14,31,14,38,15,1,19,0,0,1,0
48,481813,1,1,0,0,0,1,1,303,4140,8,5,2011,1,2,21,1,13,8,FM 2255,FLINT,83,33.59231944,-101.882188890,0,33,0,0,3,2,3,0,3,1,0,1,0,0000000,2,22,2,26,2,33,0,0,0,1,1
48,481814,3,3,0,0,0,4,4,303,4140,23,5,2011,2,11,3,0,16,5,INDIANA AVE,82ND ST,0,33.51976667,-101.887719440,0,12,6,0,2,2,1,0,1,1,0,1,0,0000000,11,0,11,7,11,27,0,0,0,1,0
48,481815,1,1,0,0,0,1,1,439,2450,25,6,2011,7,8,48,1,12,2,US-287,,235,32.72133056,-97.291641670,0,24,0,0,1,1,4,0,1,99,0,99,0,0000000,88,88,88,88,88,88,0,0,0,1,1
48,481816,2,2,0,0,0,3,3,379,0,8,7,2011,6,20,23,0,3,3,SR-19,,49,32.80913611,-95.789327780,0,12,2,0,1,1,1,0,5,1,0,1,0,0000000,99,99,99,99,99,99,0,0,0,1,1
48,481817,2,2,0,0,0,2,2,85,5390,11,8,2011,5,18,30,9,19,3,SR-5,,99999,33.05564444,-96.689902780,0,12,6,0,8,1,1,0,1,1,0,1,0,0000000,18,31,18,37,19,9,0,0,0,1,1
48,481818,2,2,0,0,0,2,2,439,2450,14,8,2011,1,5,5,1,13,8,BU 287P,,161,32.77757778,-97.346641670,0,12,1,0,1,1,1,0,3,1,0,1,0,0000000,99,99,99,99,88,88,0,0,0,1,1
48,481819,1,1,0,0,0,1,1,271,0,23,8,2011,3,8,18,0,4,8,RM 334,,79,29.37878056,-100.316091670,0,1,0,0,1,1,4,0,1,1,0,1,0,0000000,99,99,99,99,88,88,0,0,0,1,0
48,481820,1,1,0,0,0,2,2,101,0,27,8,2011,7,8,45,0,4,8,FM 1440,,19,34.28001111,-100.474991670,0,11,0,0,1,1,1,0,1,1,0,1,0,0000000,9,47,10,41,11,42,0,0,0,1,0
48,481821,1,1,0,0,0,1,1,367,0,28,8,2011,1,2,35,0,6,4,SPRINGFIELD RD,,0,32.95031111,-97.624963890,0,35,0,0,1,1,4,0,2,1,0,1,0,0000000,88,88,88,88,88,88,0,0,0,1,0
48,481822,2,2,0,0,0,3,3,367,0,31,8,2011,4,19,10,0,4,8,FM 2421,,132,32.84766111,-97.823252780,0,12,2,0,1,1,4,0,1,1,0,1,0,0000000,99,99,99,99,99,99,0,0,0,3,1
48,481823,1,1,0,0,0,1,1,201,480,2,9,2011,6,23,18,1,12,7,SR-146,,131,29.75045000,-94.974508330,0,33,0,0,1,1,10,0,3,1,0,1,0,0000000,23,27,23,37,0,7,0,0,0,1,0
48,481824,2,2,0,0,0,2,2,141,2190,3,9,2011,7,2,18,1,11,7,I-10,SUMAC,295,31.75559722,-106.349511110,0,12,6,1,2,2,1,0,3,1,0,1,0,0000000,2,20,2,21,2,28,0,0,0,1,2
48,481825,2,2,0,0,0,5,5,227,0,3,9,2011,7,13,42,1,1,1,I-20,,158,32.20040000,-101.606888890,0,12,11,0,1,1,1,0,1,1,0,1,0,0000000,13,49,14,0,14,47,0,0,0,1,0
48,481826,2,2,0,0,0,2,2,439,2450,3,9,2011,7,8,17,1,11,1,I-30,,127,32.72857500,-97.505913890,0,12,1,0,1,1,1,0,1,1,0,1,0,0000000,8,21,8,28,8,47,0,0,0,1,0
48,481827,2,2,0,1,1,2,2,355,1550,4,9,2011,1,1,5,1,12,3,SR-358,,100,27.70694167,-97.368772220,0,12,2,0,1,1,1,0,6,1,0,1,0,0000000,1,15,1,16,1,33,19,23,0,1,0
48,481828,1,1,0,0,0,1,1,201,0,5,9,2011,2,18,0,0,16,5,LAKE HOUSTON PKWY,JOHN RALSTON,0,29.89471667,-95.228697220,0,59,0,0,1,1,4,0,1,1,0,1,0,0000000,88,88,88,88,88,88,0,0,0,1,0
48,481829,1,1,0,0,0,1,1,317,0,6,9,2011,3,17,33,1,2,3,SR-349,,159,32.32822778,-102.172669440,0,1,0,0,1,1,4,0,1,1,0,1,0,0000000,88,88,88,88,88,88,0,0,0,1,1
48,481830,1,1,0,1,1,1,1,113,1730,8,9,2011,5,10,25,1,11,1,I-35,RIVERFRONT DR,158,32.76722500,-96.805547220,0,8,0,1,3,2,1,0,1,1,0,1,0,0000000,10,21,10,27,11,11,0,0,0,1,0
48,481831,2,2,0,0,0,4,4,39,3800,10,9,2011,7,21,15,1,12,3,SR-288,,379,29.06626111,-95.452352780,0,12,1,0,1,1,1,0,2,1,0,1,0,0000000,88,88,88,88,88,88,0,0,0,1,0
48,481832,2,2,0,0,0,2,2,167,3850,12,9,2011,2,4,56,1,11,7,I-45,DELANEY,74,29.38954722,-95.020597220,0,12,6,1,2,2,1,0,3,1,0,1,0,0000000,88,88,88,88,88,88,0,0,0,1,0
48,481834,2,2,0,0,0,3,3,215,0,13,9,2011,3,12,10,0,15,8,FM907,,160,26.11852222,-98.134450000,0,12,11,0,1,1,1,0,1,1,0,1,0,0000000,99,99,99,99,99,99,0,0,0,1,0
48,481835,1,1,0,0,0,2,2,201,0,16,9,2011,6,13,20,1,11,1,I-10,,413,29.77237222,-95.148263890,0,7,0,0,1,1,1,0,1,1,0,1,0,0000000,13,26,13,32,13,43,0,0,0,1,0
48,481836,1,1,0,1,1,1,1,141,2190,17,9,2011,7,19,46,1,13,8,SL478,,82,31.83004722,-106.445100000,0,8,0,0,1,1,1,0,5,1,0,1,0,0000000,88,88,88,88,88,88,0,0,0,1,0
48,481837,2,2,0,0,0,2,2,361,0,17,9,2011,7,1,10,0,3,3,SR-12,,103,30.21623056,-93.861700000,0,12,1,0,1,1,1,0,2,1,0,1,0,0000000,88,88,88,88,88,88,0,0,0,1,1
48,481838,1,1,0,1,1,1,1,157,6568,18,9,2011,1,3,30,1,12,7,US-59,,4,29.64482500,-95.575066670,0,8,0,0,1,1,1,0,3,1,0,1,0,0000000,88,88,88,88,88,88,0,0,0,1,0
48,481839,2,2,0,0,0,9,9,183,4080,18,9,2011,1,14,47,0,16,5,DUNDEE RD,,0,32.54410556,-94.802383330,0,12,2,0,1,1,1,0,1,1,0,1,0,0000000,14,47,14,51,15,11,0,0,0,1,0
48,481840,2,2,0,0,0,3,3,485,7490,18,9,2011,1,1,52,0,16,5,BARNETT RD,,0,33.85517778,-98.577908330,0,12,1,0,1,1,1,0,3,10,0,10,0,0000000,1,54,1,59,2,15,0,0,0,1,0
48,481841,2,2,0,0,0,3,3,131,0,19,9,2011,2,7,4,1,2,3,SR-44,,167,27.78665556,-98.346594440,0,12,6,0,1,1,1,0,1,1,0,1,0,0000000,88,88,88,88,88,88,0,0,0,2,0
48,481842,2,2,0,0,0,4,4,157,4655,21,9,2011,4,14,25,1,13,3,SR-6,,82,29.54083056,-95.544902780,0,12,1,0,1,1,1,0,1,1,0,1,1,0000000,14,35,14,47,15,22,0,0,0,1,0
48,481843,1,1,0,0,0,3,3,397,6010,21,9,2011,4,20,50,0,16,5,ELM GROVE RD,,0,32.95136944,-96.346236110,0,1,0,0,1,1,1,0,2,1,0,1,0,0000000,20,50,20,56,21,48,0,0,0,1,0
48,481844,1,1,0,0,0,1,1,29,6090,22,9,2011,5,19,40,1,11,1,I-10,,215,29.41721389,-98.502419440,0,20,0,0,1,1,10,0,3,1,0,1,0,0000000,19,40,19,56,20,17,0,0,0,1,0
48,481845,1,1,0,0,0,1,1,113,1730,22,9,2011,5,19,40,1,11,1,I-20 RAMP,,198,32.66152500,-96.728825000,0,24,0,1,5,1,4,0,3,1,0,1,0,0000000,19,53,20,6,20,24,20,0,0,1,0
48,481846,2,2,0,0,0,3,3,303,6410,22,9,2011,5,16,3,0,14,8,FM 400,INDUSTRIAL DR,272,33.45314167,-101.657502780,0,12,6,0,2,2,1,0,1,1,0,1,0,0000000,16,10,16,16,17,3,0,0,0,1,0
48,481847,2,2,0,0,0,3,3,439,364,22,9,2011,5,13,45,0,14,8,FM 730,,43,32.93108333,-97.543530560,0,12,6,0,8,1,1,8,1,2,0,2,0,0000000,13,43,13,59,14,19,0,0,0,1,0
48,481848,2,2,0,0,0,4,4,457,0,22,9,2011,5,7,50,0,3,2,US-190,,137,30.85334722,-94.205533330,0,12,1,0,1,1,1,1,1,1,0,1,0,0000000,7,53,8,5,8,57,0,0,0,1,0
48,481849,1,1,0,0,0,1,1,245,0,23,9,2011,6,5,50,1,13,3,SR-347,,42,29.98614444,-94.002322220,0,1,0,1,18,1,4,0,4,1,0,1,0,0000000,88,88,88,88,88,88,0,0,0,1,1
48,481850,1,1,0,1,1,2,2,113,1730,25,9,2011,1,4,15,1,11,1,I-30,,101,32.76678889,-96.860302780,0,8,0,0,5,1,1,0,3,1,0,1,0,0000000,4,16,4,21,4,34,0,0,0,1,0
48,481851,2,2,0,0,0,3,3,113,2590,25,9,2011,1,20,52,0,14,3,SR-78,FIREWHEEL PKWY,37,32.95819722,-96.615877780,0,12,1,0,3,3,1,0,3,1,0,1,0,0000000,20,52,20,53,21,12,0,0,0,1,1
48,481852,2,1,1,1,1,1,1,201,3280,29,9,2011,5,17,5,0,16,5,SAM HOUSTON TOLLWAY,,0,29.60095556,-95.227463890,0,8,0,1,18,1,2,0,5,2,0,2,0,0000000,88,88,88,88,88,88,0,0,0,1,0
48,481853,1,1,0,0,0,1,1,339,0,25,9,2011,1,2,25,0,4,8,FM 1375,,36,30.53023889,-95.671466670,1,1,0,0,1,1,4,0,2,1,0,1,0,0000000,88,88,88,88,88,88,0,0,0,1,1
48,481854,1,1,0,0,0,1,1,439,260,26,9,2011,2,16,12,1,11,1,I-20,,113,32.67770000,-97.067172220,0,32,0,1,19,1,10,0,1,1,0,1,0,0000000,88,88,88,88,88,88,0,0,0,1,0
48,481855,1,1,0,0,0,1,1,299,0,24,9,2011,7,1,29,0,3,3,SR-71,,95,30.86166111,-98.831905560,0,1,0,0,1,1,4,0,2,1,0,1,0,0000000,88,88,88,88,88,88,0,0,0,1,0
48,481856,2,2,0,0,0,2,2,291,0,24,9,2011,7,7,15,0,3,2,US-90,,213,30.04439167,-94.685108330,0,12,2,0,1,1,1,0,4,1,0,1,0,0000000,7,32,7,34,8,53,0,0,0,1,1
48,481857,1,1,0,0,0,1,1,245,490,27,9,2011,3,21,24,1,13,7,SR-380 SPUR,,109,30.06284722,-94.091161110,0,33,0,0,1,1,10,0,3,1,0,1,0,0000000,21,26,21,31,21,51,0,0,0,1,0
48,481858,1,1,0,0,0,1,1,441,30,27,9,2011,3,15,14,0,16,5,GRAPE ST,,0,32.44956944,-99.741722220,0,10,0,0,6,1,1,0,1,1,0,1,0,796044Y,88,88,88,88,88,88,0,0,0,1,0
48,481859,4,4,0,0,0,9,9,85,5390,30,9,2011,6,15,11,1,12,7,US-75,,108,33.04001667,-96.702675000,0,12,6,1,5,1,1,0,1,1,0,1,0,0000000,88,88,88,88,88,88,14,0,0,1,0
48,481860,2,2,0,0,0,2,2,201,0,30,9,2011,6,22,26,1,13,8,FM 2100,,1,30.02209167,-95.090200000,0,12,2,0,1,1,11,0,2,1,0,1,0,0000000,22,45,23,3,23,26,0,0,0,1,2
48,481861,1,1,0,2,2,1,1,439,2450,15,5,2011,1,0,37,1,13,3,SR-180,CHESTER ST,149,32.74610000,-97.301863890,0,8,0,0,2,3,1,0,3,1,0,1,0,0000000,88,88,88,88,88,88,0,0,0,1,1
48,481863,1,1,0,0,0,2,2,135,0,30,7,2011,7,2,48,0,6,4,38TH,,0,31.88361667,-102.368127780,0,38,0,0,1,1,4,0,2,1,0,1,0,0000000,99,99,99,99,2,55,20,0,0,1,1
48,481864,2,2,0,0,0,3,3,439,2450,1,8,2011,2,2,15,1,11,1,I-30,,146,32.73838056,-97.475686110,0,12,1,0,1,1,1,0,3,1,0,1,0,0000000,88,88,88,88,88,88,0,0,0,2,1
48,481865,1,1,0,0,0,1,1,201,3280,2,8,2011,3,2,0,0,16,5,BRIAR FOREST DR,,0,29.74851389,-95.588638890,0,42,0,0,1,1,3,0,3,1,0,1,0,0000000,88,88,88,88,88,88,0,0,0,1,1
48,481866,1,1,0,0,0,1,1,29,6090,5,8,2011,6,6,30,0,16,5,GILLETTE BLVD,,0,29.33036111,-98.507925000,0,53,0,0,1,1,4,0,3,1,0,1,0,0000000,88,88,88,88,88,88,0,0,0,1,1
48,481867,1,1,0,1,1,1,1,201,3280,11,8,2011,5,13,10,0,16,5,LAKE HOUSTON PKWY,KINGWOOD DR,0,30.05011944,-95.184350000,0,8,0,0,2,2,1,0,1,1,0,1,0,0000000,13,21,13,22,14,9,0,0,0,1,0
48,481868,1,1,0,0,0,1,1,13,0,15,8,2011,2,1,45,0,3,3,SR-16,,257,28.81328611,-98.540013890,0,1,0,0,1,1,4,0,2,1,0,1,0,0000000,88,88,88,88,88,88,0,0,0,1,0
48,481869,1,1,0,0,0,1,1,203,0,16,8,2011,3,6,48,0,4,8,FM31,,75,32.46762500,-94.263252780,0,38,0,0,1,1,4,0,2,1,0,1,0,0000000,88,88,88,88,88,88,0,0,0,1,1
48,481870,1,1,0,1,1,1,1,3,0,18,8,2011,5,2,11,1,2,2,US-385,,183,32.26387500,-102.528577780,0,8,0,0,1,1,1,0,2,1,0,1,0,0000000,88,88,88,88,88,88,0,0,0,1,0
48,481871,1,1,0,0,0,1,1,201,3280,21,8,2011,1,2,43,0,16,5,BINGLE RD,KEMPRIDGE ST,0,29.81674167,-95.501061110,0,42,0,0,3,3,4,0,3,10,0,10,0,0000000,2,43,2,48,3,28,0,0,0,1,1
48,481872,1,1,0,0,0,1,1,201,3280,21,8,2011,1,18,0,1,11,1,I-10,,269,29.76736667,-95.360952780,0,25,0,1,5,1,4,0,1,1,0,1,0,0000000,88,88,88,88,88,88,0,0,0,1,0
48,481873,2,2,0,0,0,2,2,201,1629,23,8,2011,3,15,0,0,4,8,FM1942,BOHEMIAN HALL RD,35,29.87659722,-95.023627780,0,12,2,0,2,3,1,0,1,1,0,1,0,0000000,15,8,15,21,16,5,0,0,0,1,0
48,481874,1,1,0,0,0,1,1,499,0,23,8,2011,3,20,2,0,4,8,FM852,,36,32.92417778,-95.243800000,0,1,0,0,1,1,4,0,2,1,0,1,0,0000000,88,88,88,88,88,88,0,0,0,1,0
48,481875,2,2,0,0,0,2,2,21,0,24,8,2011,4,8,17,0,3,3,SR-95,,25,30.37498611,-97.369636110,0,12,6,0,1,1,1,0,1,1,0,1,0,0000000,88,88,88,88,88,88,0,0,0,1,0
48,481876,2,2,0,0,0,4,4,71,0,25,8,2011,5,9,3,0,4,3,SR-65,,4,29.78825278,-94.634341670,0,12,2,0,1,1,1,0,1,2,0,2,0,0000000,99,99,99,99,99,99,0,0,0,1,0
48,481877,1,1,0,0,0,1,1,203,0,25,8,2011,5,14,20,0,4,8,FM968,,180,32.52054444,-94.445838890,0,32,0,0,1,1,4,0,1,1,0,1,0,0000000,88,88,88,88,88,88,0,0,0,1,0
48,481878,1,1,0,0,0,3,3,149,0,26,8,2011,6,23,57,0,4,8,FM1291,,7,30.14111944,-96.792038890,0,1,0,0,1,1,1,0,2,1,0,1,0,0000000,0,10,0,33,1,37,0,0,0,3,1
48,481879,2,2,0,0,0,3,3,201,0,28,8,2011,1,14,3,0,6,4,SPRING STUEBNER RD,,0,30.08372500,-95.489586110,0,12,2,0,1,1,1,0,1,1,0,1,0,0000000,14,3,14,11,15,0,0,0,0,1,0
48,481880,1,1,0,0,0,4,4,371,0,28,8,2011,1,10,0,1,1,1,I-10,,8,30.89734722,-103.004380560,0,1,0,0,1,1,4,0,1,1,0,1,0,0000000,10,3,10,8,10,37,0,0,0,2,0