STATE,ST_CASE,VE_TOTAL,VE_FORMS,PVH_INVL,PEDS,PERNOTMVIT,PERMVIT,PERSONS,COUNTY,CITY,DAY,MONTH,YEAR,DAY_WEEK,HOUR,MINUTE,NHS,ROAD_FNC,ROUTE,TWAY_ID,TWAY_ID2,MILEPT,LATITUDE,LONGITUD,SP_JUR,HARM_EV,MAN_COLL,RELJCT1,RELJCT2,TYP_INT,REL_ROAD,WRK_ZONE,LGT_COND,WEATHER1,WEATHER2,WEATHER,SCH_BUS,RAIL,NOT_HOUR,NOT_MIN,ARR_HOUR,ARR_MIN,HOSP_HR,HOSP_MN,CF1,CF2,CF3,FATALS,DRUNK_DR
48,481881,2,2,0,0,0,2,2,1,0,29,8,2011,2,12,15,1,2,2,US-79,,81,31.69140278,-95.731130560,0,12,6,0,1,1,1,0,1,1,0,1,0,0000000,88,88,88,88,88,88,0,0,0,1,0
48,481882,1,1,0,0,0,1,1,329,0,30,8,2011,3,9,22,0,6,4,1090,,0,32.06137222,-101.924286110,0,1,0,0,1,1,4,0,1,1,0,1,0,0000000,9,9,9,21,9,44,0,0,0,1,0
48,481883,2,2,0,0,0,2,2,423,0,1,9,2011,5,22,23,0,4,8,FM346,,188,32.16818056,-95.131469440,0,12,6,0,1,1,1,0,2,10,0,10,0,0000000,88,88,88,88,88,88,0,0,0,1,1
48,481884,1,1,0,0,0,3,3,453,0,1,9,2011,5,0,36,1,12,3,SR-71,,2,30.18805556,-97.617130560,0,1,0,0,1,1,4,0,2,1,0,1,0,0000000,0,36,0,49,1,18,0,0,0,1,1
48,481885,2,2,0,0,0,2,2,453,0,1,9,2011,5,7,13,0,6,4,THAXTON RD,,0,30.12314444,-97.741530560,0,12,6,0,8,1,1,0,1,1,0,1,0,0000000,7,15,7,26,7,58,0,0,0,1,0
48,481886,2,2,0,0,0,5,5,339,0,3,9,2011,7,23,13,1,2,3,SR-105,,321,30.33148056,-95.304905560,0,12,2,0,1,1,1,1,2,2,0,2,0,0000000,23,25,23,43,23,49,0,0,0,1,0
48,481887,1,1,0,0,0,2,2,453,0,3,9,2011,7,22,20,0,6,4,DEE GABRIEL COLLINS,,0,30.17498889,-97.712788890,0,52,0,0,1,1,4,0,2,1,0,1,0,0000000,99,99,99,99,99,99,0,0,0,1,0
48,481888,4,4,0,0,0,10,10,201,3280,4,9,2011,1,0,20,0,16,5,W BELLFORT AVE,S POST OAK BLVD,0,29.67063056,-95.462180560,0,12,1,0,3,2,1,0,3,2,0,2,0,0000000,0,20,0,25,1,5,0,0,0,1,0
48,481889,4,4,0,0,0,8,8,53,0,5,9,2011,2,18,22,1,2,3,SR-71,401,52,30.50023333,-98.267813890,0,12,1,0,3,2,1,0,1,1,0,1,0,0000000,18,25,18,33,99,99,0,0,0,1,1
48,481890,1,1,0,1,1,2,2,55,0,5,9,2011,2,21,45,1,1,1,I-10,,20,29.65397222,-97.569922220,0,8,0,0,1,1,1,0,2,1,0,1,0,0000000,88,88,88,88,88,88,0,0,0,1,0
48,481891,1,1,0,0,0,1,1,325,0,5,9,2011,2,23,3,0,5,8,FM 2200,,43,29.26826389,-99.273555560,0,38,0,0,1,1,4,0,2,1,0,1,0,0000000,88,88,88,88,88,88,20,0,0,1,0
48,481892,1,1,0,1,1,1,1,55,0,6,9,2011,3,7,0,0,4,8,FM 1322,,17,29.83577778,-97.646919440,0,9,0,0,1,1,1,0,4,1,0,1,0,0000000,88,88,88,88,88,88,0,0,0,1,0
48,481893,1,1,0,1,1,1,1,201,0,6,9,2011,3,21,19,1,13,8,FM 1960,ALDINE WESTFIELD,177,30.02025556,-95.380086110,0,8,0,0,2,2,1,0,3,1,0,1,0,0000000,88,88,88,88,88,88,0,0,0,1,0
48,481894,1,1,0,0,0,1,1,291,0,7,9,2011,4,13,23,1,2,3,SR-105,,29,30.32395278,-94.968516670,0,32,0,0,1,1,4,0,1,1,0,1,0,0000000,88,88,88,88,88,88,0,0,0,1,0
48,481895,3,3,0,0,0,3,3,309,545,7,9,2011,4,0,2,1,11,1,I-35,,194,31.60611944,-97.105494440,0,12,1,1,18,1,1,1,2,1,0,1,0,0000000,88,88,88,88,88,88,0,0,0,1,0
48,481896,2,2,0,0,0,2,2,167,0,8,9,2011,5,15,52,1,11,1,I-45,,155,29.31426944,-94.912580560,0,12,1,0,1,1,1,0,1,1,0,1,0,0000000,15,51,16,0,16,21,0,0,0,1,0
48,481897,2,2,0,0,0,3,3,221,0,8,9,2011,5,14,30,1,2,2,US-377,,115,32.40029167,-97.889041670,0,12,6,0,8,1,1,0,1,1,0,1,0,0000000,14,39,14,44,15,5,0,0,0,1,0
48,481898,1,1,0,0,0,4,4,491,0,8,9,2011,5,17,9,0,6,4,245,,0,30.79674722,-97.798672220,0,38,0,0,1,1,4,0,1,1,0,1,0,0000000,17,13,17,32,18,19,0,0,0,1,0
48,481899,1,1,0,0,0,1,1,181,0,9,9,2011,6,18,15,0,4,3,SR-289,,13,33.65696944,-96.698175000,0,1,0,0,1,1,4,0,1,1,0,1,0,0000000,18,25,18,42,19,20,0,0,0,1,1
48,481900,2,2,0,0,0,3,3,309,0,9,9,2011,6,14,0,0,3,3,SR-317,,193,31.38869444,-97.382161110,0,12,2,0,1,1,1,0,1,1,0,1,0,0000000,99,99,99,99,99,99,0,0,0,1,1
48,481901,1,1,0,1,1,1,1,453,330,9,9,2011,6,8,12,0,16,5,17TH STREET,E M FRANKLIN AVE,0,30.28132778,-97.695602780,0,8,0,0,3,3,1,0,1,1,0,1,0,0000000,8,12,8,16,8,37,16,0,0,1,0
48,481902,2,2,0,0,0,3,3,37,6850,10,9,2011,7,13,16,1,12,7,SR-151 LP,FM 3527,7,33.38715278,-94.092102780,0,12,6,1,2,2,1,0,1,1,0,1,0,0000000,13,17,13,25,13,53,0,0,0,1,0
48,481903,1,1,0,0,0,2,2,53,0,10,9,2011,7,2,22,0,6,4,COUNTY ROAD 207,,0,30.97930000,-98.145713890,0,35,0,0,1,1,4,0,2,1,0,1,0,0000000,99,99,99,99,99,99,0,0,0,1,1
48,481904,2,2,0,0,0,2,2,395,0,10,9,2011,7,17,30,1,2,2,US-79,,142,31.04008611,-96.457608330,0,12,6,0,1,1,1,0,1,1,0,1,0,0000000,17,55,18,1,19,1,0,0,0,1,0
48,481905,2,2,0,0,0,3,3,483,0,10,9,2011,7,5,30,0,3,3,SR-152,,95,35.44454444,-100.105066670,0,12,8,0,1,1,2,0,2,1,0,1,0,0000000,5,31,5,47,6,16,0,0,0,1,0
48,481906,2,2,0,0,0,3,3,201,3280,11,9,2011,1,15,35,1,12,7,SL 8,GREENS CROSSING BLVD,51,29.93925278,-95.424683330,0,12,6,1,2,2,1,0,1,1,0,1,0,0000000,15,49,15,59,16,12,0,0,0,1,0
48,481907,1,1,0,1,1,1,1,201,3280,11,9,2011,1,1,38,1,13,8,FM 526,FLEMING DRIVE,28,29.77572778,-95.218230560,0,8,0,0,3,3,1,0,3,1,0,1,0,0000000,88,88,88,88,88,88,0,0,0,1,0
48,481908,1,1,0,0,0,1,1,201,3280,11,9,2011,1,1,50,0,16,5,WAUGH DRIVE,,0,29.76540000,-95.398255560,0,33,0,0,1,1,3,0,3,1,0,1,0,0000000,88,88,88,88,88,88,0,0,0,1,1
48,481909,2,2,0,0,0,3,3,315,0,11,9,2011,1,16,52,0,4,8,FM 729,,147,32.78047222,-94.477763890,0,12,2,0,1,1,1,0,1,1,0,1,0,0000000,99,99,99,99,99,99,0,0,0,1,1
48,481910,1,1,0,0,0,4,4,339,0,11,9,2011,1,15,21,0,6,4,RABON CHAPEL RD,,0,30.33544167,-95.606211110,0,42,0,0,1,1,4,0,1,1,0,1,0,0000000,15,22,15,29,15,59,0,0,0,1,0
48,481911,2,2,0,0,0,2,2,113,2800,12,9,2011,2,20,17,1,13,8,FM1382,LA FIESTA DR,32,32.70552778,-96.994183330,0,12,6,0,2,3,1,1,3,1,0,1,0,0000000,20,18,20,26,20,54,0,0,0,1,0
48,481912,2,2,0,0,0,2,2,135,0,12,9,2011,2,6,53,0,14,8,FM1882,59TH ST,93,31.89555833,-102.406611110,0,12,99,0,2,3,1,0,2,1,0,1,0,0000000,88,88,88,88,88,88,0,0,0,1,0
48,481913,1,1,0,0,0,1,1,183,0,12,9,2011,2,23,54,1,1,7,I-20,,125,32.43271111,-94.774413890,0,24,0,0,1,1,4,0,2,1,0,1,0,0000000,88,88,88,88,88,88,0,0,0,1,0
48,481914,1,1,0,1,1,1,1,61,3030,13,9,2011,3,9,12,1,13,8,SL499,,15,26.22661111,-97.713208330,0,9,0,0,1,1,1,0,1,1,0,1,0,0000000,9,17,9,20,9,43,0,0,0,1,0
48,481915,1,1,0,0,0,1,1,297,0,13,9,2011,3,0,15,1,1,1,I-37,,424,28.64505556,-98.239072220,0,1,0,0,1,1,4,0,3,1,0,1,0,0000000,88,88,88,88,88,88,0,0,0,1,0
48,481916,1,1,0,1,1,1,1,355,1550,13,9,2011,3,8,3,0,16,5,HAVEN RD,,0,27.82790556,-97.574338890,0,40,0,0,1,1,4,0,1,1,0,1,0,0000000,8,4,8,11,8,41,21,0,0,1,0
48,481917,1,1,0,0,0,1,1,39,0,14,9,2011,4,15,40,0,6,4,60,,0,29.38156389,-95.393300000,0,42,0,0,1,1,4,0,1,1,0,1,0,0000000,16,10,16,23,16,52,0,0,0,1,1
48,481918,1,1,0,1,1,1,1,41,1440,14,9,2011,4,1,6,1,12,7,SR-6,,114,30.56210278,-96.261875000,0,8,0,0,1,1,1,0,2,1,0,1,0,0000000,1,7,1,12,1,26,0,0,0,1,0
48,481919,4,4,0,0,0,4,4,201,3280,14,9,2011,4,8,0,1,12,2,US-59,,42,29.94097222,-95.295238890,0,12,7,0,1,1,1,0,1,1,0,1,0,0000000,8,18,8,29,8,51,0,0,0,1,0
48,481920,2,2,0,0,0,2,2,99,0,15,9,2011,5,7,0,0,3,3,SR-36,,237,31.34201944,-97.668155560,0,12,2,0,1,1,1,0,1,1,0,1,0,0000000,7,7,7,35,7,54,0,0,0,1,1
48,481922,1,1,0,1,1,1,1,411,0,16,9,2011,6,17,48,1,2,2,US-190,104,248,31.19510833,-98.699841670,0,9,0,0,2,3,1,0,1,10,0,10,0,0000000,17,48,17,49,18,40,0,0,0,1,0
48,481923,2,2,0,0,0,7,7,113,2800,17,9,2011,7,14,7,0,19,3,SR-161,14TH ST,99999,32.72917778,-97.020113890,0,12,6,0,2,2,1,1,1,10,0,10,0,0000000,14,9,14,14,14,51,0,0,0,1,0
48,481924,1,1,0,1,1,1,1,113,1730,18,9,2011,1,3,25,1,12,2,US-175,SL 12,52,32.71323889,-96.683388890,0,8,0,1,18,1,1,0,2,1,0,1,0,0000000,3,32,3,40,4,7,0,0,0,1,0
48,481925,1,1,0,0,0,2,2,201,3280,18,9,2011,1,2,35,0,16,5,BERING DR,,0,29.75318889,-95.479569440,0,30,0,0,1,1,4,0,3,1,0,1,0,0000000,88,88,88,88,88,88,0,0,0,2,1
48,481926,1,1,0,0,0,1,1,291,0,18,9,2011,1,1,30,0,4,8,FM 1010,,30,30.30176111,-95.084983330,0,32,0,0,1,1,4,0,2,10,0,10,0,0000000,88,88,88,88,88,88,0,0,0,1,1
48,481927,2,2,0,0,0,5,5,361,0,18,9,2011,1,3,35,0,3,3,SR-62,,146,30.06234444,-93.821375000,0,12,2,0,1,1,1,0,2,1,0,1,0,0000000,3,35,3,58,4,49,0,0,0,3,2
48,481928,2,1,1,1,1,0,0,85,5390,19,9,2011,2,10,38,0,16,5,18TH ST,,0,33.02435278,-96.675625000,0,8,0,0,1,1,1,0,1,1,0,1,0,0000000,10,40,10,45,10,59,23,0,0,1,0
48,481929,1,1,0,0,0,1,1,439,260,19,9,2011,2,21,34,1,12,2,US-287,,224,32.65537500,-97.192352780,0,59,0,0,1,1,3,0,3,1,0,1,0,0000000,21,35,21,38,22,30,0,0,0,1,0
48,481930,1,1,0,0,0,4,4,371,0,20,9,2011,3,15,30,1,1,1,I-10,,64,30.94109444,-103.328825000,0,1,0,0,1,1,3,0,1,1,0,1,0,0000000,99,99,99,99,99,99,0,0,0,1,0
48,481931,2,2,0,0,0,2,2,483,0,20,9,2011,3,19,24,0,3,3,SR-152,,123,35.44451111,-100.058136110,0,12,6,0,8,1,2,0,1,1,0,1,0,0000000,19,27,19,30,20,22,0,0,0,1,0
48,481932,1,1,0,1,1,3,3,201,3280,21,9,2011,4,10,0,1,13,8,FM 1093,BRIARGREEN DR,33,29.73572222,-95.640161110,0,15,0,0,3,2,1,0,1,1,0,1,0,0000000,10,15,10,33,11,0,0,0,0,1,0
48,481933,1,1,0,0,0,1,1,135,5030,22,9,2011,5,1,51,1,12,3,SR-191,,61,31.89315833,-102.335391670,0,43,0,0,1,1,4,0,3,1,0,1,0,0000000,88,88,88,88,88,88,0,0,0,1,1
48,481934,2,2,0,0,0,3,3,453,330,22,9,2011,5,4,0,1,12,2,US-290 / SR-71,,35,30.23342222,-97.797230560,0,12,2,1,18,1,1,0,2,1,0,1,0,0000000,4,7,4,15,4,39,0,0,0,1,1
48,481935,1,1,0,0,0,2,2,27,6810,23,9,2011,6,8,9,1,13,8,SL 363,,260,31.06286389,-97.322519440,0,24,0,0,1,1,4,0,1,1,0,1,0,0000000,8,10,8,19,8,35,0,0,0,1,0
48,481936,2,2,0,0,0,2,2,53,1040,23,9,2011,6,14,19,1,2,2,US-281,,217,30.73185000,-98.238572220,0,12,2,0,1,1,1,0,1,1,0,1,0,0000000,88,88,88,88,88,88,0,0,0,2,1
48,481937,2,2,0,0,0,3,3,121,2395,23,9,2011,6,21,50,1,13,8,FM 1171,,133,33.04657500,-97.149588890,0,12,2,0,1,1,1,0,2,1,0,1,0,0000000,22,16,22,34,23,0,0,0,0,1,0
48,481938,1,1,0,0,0,1,1,141,2190,23,9,2011,6,22,49,0,16,5,MCCONNELL AVE,,0,31.82816389,-106.441394440,0,5,0,0,1,1,4,0,3,1,0,1,0,0000000,22,50,22,54,23,13,0,0,0,1,1
48,481939,2,2,0,0,0,6,6,185,0,23,9,2011,6,6,9,0,3,3,SR-90,,255,30.49985000,-95.991130560,0,12,6,0,1,1,1,0,2,1,0,1,0,0000000,6,23,6,37,7,18,0,0,0,1,0
48,481941,1,1,0,0,0,1,1,479,0,9,9,2011,6,3,30,1,2,3,SR-255,,174,27.81098056,-99.490541670,0,1,0,0,1,1,3,0,2,1,0,1,0,0000000,88,88,88,88,88,88,0,0,0,1,0
48,481942,3,1,2,0,0,1,1,201,3280,10,9,2011,7,0,4,0,16,5,RAILHEAD LN,,0,29.91312222,-95.507602780,0,14,0,0,1,1,4,0,2,1,0,1,0,0000000,88,88,88,88,88,88,0,0,0,1,0
48,481943,1,1,0,0,0,1,1,201,3280,14,9,2011,4,10,6,0,16,5,HAMMERLY,,0,29.81023889,-95.517700000,0,33,0,0,1,1,4,0,1,1,0,1,0,0000000,88,88,88,88,88,88,0,0,0,1,1
48,481944,1,1,0,0,0,1,1,427,0,14,9,2011,4,1,41,0,6,4,ALVAREZ RD,,0,26.38775556,-98.901050000,0,38,0,0,1,1,4,0,2,1,0,1,0,0000000,88,88,88,88,88,88,0,0,0,1,1
48,481945,3,3,0,0,0,4,4,201,6970,17,9,2011,7,14,45,9,99,3,SR-249,,99999,30.08176667,-95.634538890,0,12,7,0,1,1,1,0,1,10,0,10,0,0000000,99,99,14,51,15,8,0,0,0,1,1
48,481946,1,1,0,0,0,1,1,123,0,19,9,2011,2,13,21,0,4,3,SR-72,,48,28.93423889,-97.596033330,0,1,0,0,1,1,4,0,1,1,0,1,0,0000000,88,88,88,88,88,88,0,0,0,1,0
48,481947,1,1,0,0,0,2,2,233,0,24,9,2011,7,22,25,0,3,3,SR-152,,18,35.66758333,-101.366427780,0,59,0,0,1,1,4,0,2,1,0,1,0,0000000,22,34,22,57,23,45,0,0,0,1,1
48,481948,2,2,0,0,0,3,3,309,0,27,9,2011,3,19,40,0,4,4,FM3400,E TINSLEY RD,22,31.50732500,-97.086138890,0,12,7,0,2,2,1,0,2,1,0,1,0,0000000,88,88,88,88,88,88,0,0,0,1,0
48,481949,1,1,0,0,0,1,1,73,0,28,9,2011,4,2,45,1,2,2,US-69,,285,31.76122222,-95.120536110,0,1,0,0,1,1,3,0,2,1,0,1,0,0000000,88,88,88,88,88,88,0,0,0,1,1
48,481950,1,1,0,0,0,1,1,135,5030,30,9,2011,6,0,31,0,16,5,DIXIE BLVD,BELLAIRE DR,0,31.87528056,-102.370283330,0,31,0,0,3,3,4,0,3,1,0,1,0,0000000,0,31,0,37,0,49,0,0,0,1,1
48,481951,1,1,0,0,0,1,1,231,0,12,6,2011,1,22,25,0,4,8,FM2947,,29,32.99273611,-96.023833330,0,30,0,0,1,1,4,0,2,1,0,1,0,0000000,88,88,88,88,88,88,0,0,0,1,1
48,481952,3,3,0,0,0,3,3,439,2450,21,6,2011,3,16,18,1,11,1,I-35W,,58,32.61861944,-97.321669440,0,12,1,0,1,1,1,0,1,1,0,1,0,0000000,88,88,88,88,88,88,0,0,0,1,0
48,481953,1,1,0,0,0,2,2,439,2450,25,6,2011,7,11,5,0,16,5,YEAGER ST,,0,32.74555000,-97.233413890,0,5,0,0,8,1,1,0,1,1,0,1,0,0000000,11,7,11,10,11,28,19,0,0,1,0
48,481954,1,1,0,0,0,1,1,39,1395,23,7,2011,7,23,34,1,12,3,SR-288,,136,28.99993889,-95.385372220,0,24,0,1,5,1,10,0,3,1,0,1,0,0000000,88,88,88,88,88,88,0,0,0,1,1
48,481955,1,1,0,0,0,1,1,439,7460,1,8,2011,2,14,35,1,13,8,SS341,,4,32.75958056,-97.445255560,0,24,0,0,1,1,4,0,1,1,0,1,0,0000000,88,88,88,88,88,88,0,0,0,1,0
48,481957,1,1,0,0,0,1,1,389,0,25,8,2011,5,9,25,1,1,1,I-10,,99,31.04565556,-103.940619440,0,1,0,0,1,1,1,0,1,1,0,1,0,0000000,88,88,88,88,88,88,0,0,0,1,0
48,481958,1,1,0,0,0,1,1,287,0,31,8,2011,4,5,10,0,5,8,FM696,,272,30.44708333,-96.891733330,0,11,0,0,1,1,1,0,2,1,0,1,0,0000000,5,51,6,19,7,12,0,0,0,1,0
48,481959,3,3,0,0,0,4,4,409,0,6,9,2011,3,16,38,0,3,3,SR-361,,83,27.90260278,-97.146466670,0,12,2,0,8,1,1,0,1,1,0,1,0,0000000,16,38,16,40,17,20,0,0,0,1,0
48,481960,1,1,0,0,0,2,2,339,0,9,9,2011,6,19,32,0,4,8,FM149,,55,30.53069722,-95.735636110,0,42,0,0,1,1,4,0,5,1,0,1,0,0000000,99,99,99,99,99,99,0,0,0,1,0
48,481961,2,2,0,0,0,2,2,325,0,13,9,2011,3,6,8,0,3,3,SR-173,,340,29.20268611,-98.984391670,0,12,2,0,1,1,1,0,2,1,0,1,0,0000000,88,88,88,88,88,88,0,0,0,1,1
48,481962,2,2,0,0,0,3,3,389,0,13,9,2011,3,20,54,0,3,3,SR-17,,167,31.32390000,-103.544083330,0,12,2,0,1,1,1,0,2,1,0,1,0,0000000,99,99,99,99,99,99,0,0,0,1,1
48,481963,1,1,0,1,1,1,1,251,0,14,9,2011,4,12,50,0,4,8,FM 4,,27,32.34036944,-97.331994440,0,8,0,0,1,1,1,0,1,1,0,1,0,0000000,88,88,88,88,88,88,0,0,0,1,0
48,481964,3,3,0,0,0,9,9,63,0,16,9,2011,6,17,17,1,2,2,US-271,1262,62,32.90270556,-94.952794440,0,12,1,0,2,2,1,0,1,1,0,1,0,0000000,17,29,17,59,18,43,0,0,0,1,0
48,481965,1,1,0,0,0,1,1,41,0,18,9,2011,1,22,30,0,6,4,I&GN RD,,0,30.55012222,-96.317263890,0,1,0,0,1,1,4,0,2,1,0,1,0,0000000,22,35,22,55,23,19,0,0,0,1,0
48,481966,1,1,0,1,1,1,1,41,970,18,9,2011,1,21,17,1,13,8,FM 2818,,80,30.64126389,-96.384894440,0,8,0,0,1,1,1,0,2,1,0,1,0,0000000,21,17,21,22,88,88,0,0,0,1,0
48,481967,2,2,0,0,0,3,3,89,0,18,9,2011,1,20,57,1,1,7,I-10,,216,29.71207778,-96.492286110,0,12,2,0,1,1,1,0,2,10,0,10,0,0000000,21,4,21,10,99,99,0,0,0,1,1
48,481968,1,1,0,0,0,1,1,201,0,18,9,2011,1,0,40,0,16,5,ALDINE MAIL,,0,29.90232222,-95.355908330,0,42,0,0,1,1,4,0,2,1,0,1,0,0000000,0,49,0,54,1,28,0,0,0,1,1
48,481969,1,1,0,0,0,1,1,507,0,18,9,2011,1,2,30,0,4,8,FM 187,,121,28.96399444,-99.605419440,0,1,0,0,1,1,4,0,2,1,0,1,0,0000000,88,88,88,88,88,88,0,0,0,1,1
48,481970,2,2,0,0,0,3,3,107,5620,21,9,2011,4,7,0,1,2,2,US-82,,111,33.67438056,-101.387177780,0,12,6,0,1,1,1,0,1,1,0,1,0,0000000,7,20,7,26,8,47,0,0,0,1,0
48,481971,2,2,0,0,0,3,3,61,3030,24,9,2011,7,22,43,0,14,8,FM 507,,34,26.20116111,-97.677683330,0,12,6,0,8,1,1,0,3,1,0,1,0,0000000,22,49,22,57,23,11,0,0,0,1,0
48,481972,2,2,0,0,0,2,2,347,0,25,9,2011,1,23,7,0,3,3,SR-7,,16,31.60339444,-94.610455560,0,12,6,0,1,1,1,0,2,1,0,1,0,0000000,88,88,88,88,88,88,0,0,0,1,0
48,481973,2,2,0,0,0,2,2,39,190,26,9,2011,2,10,52,1,13,3,SR-35,FM 523,306,29.20285000,-95.395013890,0,12,6,0,2,2,1,0,1,1,0,1,0,0000000,10,57,11,12,11,50,0,0,0,1,0
48,481974,2,2,0,0,0,3,3,73,0,27,9,2011,3,8,0,1,2,2,US-79,,110,31.89273611,-95.430744440,0,12,6,0,1,1,1,0,1,1,0,1,0,0000000,8,10,8,30,9,5,0,0,0,1,0
48,481975,2,2,0,0,0,3,3,163,5260,30,9,2011,6,17,0,1,13,8,BI35,MARGO DR,31,28.89990000,-99.092825000,0,12,6,0,2,3,11,0,1,1,0,1,0,0000000,17,15,17,43,18,19,0,0,0,1,0
48,481976,3,3,0,0,0,4,4,355,0,30,9,2011,6,15,0,1,2,7,US-77,48,24,27.83051667,-97.634505560,0,12,6,1,2,2,1,0,1,1,0,1,0,0000000,14,51,14,57,15,38,0,0,0,1,0
48,481977,1,1,0,1,1,1,1,39,7350,7,9,2011,4,7,43,0,3,3,SR-35,16TH ST,475,29.14426667,-95.646827780,0,9,0,0,2,2,1,1,1,1,0,1,0,0000000,99,99,99,99,99,99,0,0,0,1,0
48,481978,1,1,0,1,1,1,1,439,260,21,9,2011,4,20,31,1,13,8,FM 157,,114,32.77231944,-97.097119440,0,8,0,0,1,1,1,0,3,1,0,1,0,0000000,20,31,20,32,20,57,0,0,0,1,0
48,481979,1,1,0,1,1,1,1,355,1550,23,9,2011,6,23,7,0,14,8,SS 407,FLOOD ST,120,27.79721111,-97.447591670,0,8,0,0,3,3,1,0,3,1,0,1,0,0000000,88,88,88,88,88,88,0,0,0,1,1
48,481980,1,1,0,0,0,1,1,181,1830,30,9,2011,6,2,0,0,16,5,THERESA DR,FLOWERS DR,0,33.72224444,-96.563186110,0,35,0,0,1,1,4,0,2,1,0,1,0,0000000,88,88,88,88,88,88,0,0,0,1,1
48,481981,3,3,0,0,0,4,4,141,2190,17,9,2011,7,16,43,1,13,8,FM659,,73,31.73716389,-106.292455560,0,12,6,0,1,1,1,0,1,1,0,1,0,0000000,16,47,16,50,17,21,0,0,0,1,1
48,481982,2,2,0,0,0,5,5,339,0,17,9,2011,7,17,22,0,15,8,FM1485,,230,30.20209444,-95.255241670,0,12,2,0,1,1,1,0,1,2,0,2,0,0000000,17,25,17,41,18,33,0,0,0,2,0
48,481983,2,2,0,0,0,3,3,65,0,21,9,2011,4,9,56,1,1,1,I-40,,178,35.20783611,-101.318266670,0,12,11,0,1,1,1,0,1,1,0,1,0,0000000,10,0,10,29,11,6,0,0,0,2,0
48,481984,1,1,0,0,0,4,4,39,0,22,9,2011,5,7,28,0,3,3,SR-35,,429,29.14226667,-95.572858330,0,1,0,0,1,1,1,0,1,1,0,1,0,0000000,7,40,7,51,8,21,0,0,0,1,0
48,481985,1,1,0,0,0,1,1,201,3280,25,9,2011,1,6,47,0,16,5,TIDWELL RD,,0,29.85101111,-95.238680560,0,1,0,0,1,1,1,0,3,10,0,10,0,0000000,6,47,6,49,7,7,0,0,0,1,0
48,481986,1,1,0,0,0,1,1,201,3280,26,9,2011,2,14,10,0,16,5,BEAMER,,0,29.60719167,-95.228161110,0,1,0,0,1,1,1,0,1,1,0,1,0,0000000,88,88,88,88,88,88,0,0,0,1,1
48,481987,1,1,0,0,0,5,5,339,0,28,9,2011,4,15,28,0,6,4,SORTERS RD,,0,30.08727222,-95.273952780,0,1,0,0,1,1,4,0,1,1,0,1,0,0000000,15,28,15,37,16,13,0,0,0,3,0
48,481988,1,1,0,0,0,1,1,453,330,29,9,2011,5,1,50,0,16,5,METRIC BLVD,,0,30.40909722,-97.696694440,0,33,0,0,1,1,3,0,3,1,0,1,0,0000000,88,88,88,88,88,88,0,0,0,1,0
48,481989,1,1,0,0,0,1,1,497,0,29,9,2011,5,7,48,0,4,8,FM51,,292,33.08983333,-97.647213890,0,42,0,0,1,1,4,0,1,1,0,1,0,0000000,99,99,99,99,99,99,0,0,0,1,0
48,481990,2,2,0,0,0,2,2,201,5230,30,9,2011,6,11,11,1,12,7,SR-225,SL8,72,29.71161111,-95.153055560,0,12,6,0,2,2,1,0,1,1,0,1,0,0000000,99,99,99,99,99,99,0,0,0,1,0
48,481991,1,1,0,0,0,1,1,61,3030,1,10,2011,7,2,9,1,13,8,SS 206,,130,26.18992222,-97.670472220,0,30,0,0,1,1,4,0,3,1,0,1,0,0000000,2,14,2,19,3,19,0,0,0,1,0
48,481992,1,1,0,2,2,1,1,167,2570,1,10,2011,7,1,3,0,16,5,SEAWALL BLVD,,0,29.27101944,-94.819569440,0,8,0,0,1,1,1,0,3,1,0,1,0,0000000,1,4,1,9,1,37,0,0,0,1,1
48,481993,1,1,0,1,1,1,1,201,3280,1,10,2011,7,2,29,0,16,5,SAM HOUSTON TOLLWAY,,0,29.93930833,-95.335191670,0,8,0,0,1,1,1,0,2,1,0,1,0,0000000,88,88,88,88,88,88,0,0,0,1,0
48,481994,1,1,0,0,0,2,2,309,0,1,10,2011,7,14,10,0,6,4,OLD OGLESBY RD,,0,31.42265000,-97.481861110,0,1,0,0,1,1,4,0,1,1,0,1,0,0000000,14,39,15,2,15,21,0,0,0,1,0
48,481995,2,2,0,0,0,2,2,401,0,1,10,2011,7,11,18,0,4,8,FM 95,,246,31.97542222,-94.670144440,0,12,2,0,1,1,1,0,1,1,0,1,0,0000000,99,99,99,99,99,99,0,0,0,1,0
48,481996,1,1,0,0,0,1,1,453,0,1,10,2011,7,7,34,0,6,5,LITTIG RD,,0,30.33477500,-97.511647220,0,38,0,0,1,1,4,0,2,1,0,1,0,0000000,88,88,88,88,88,88,0,0,0,1,1
48,481997,2,2,0,0,0,5,5,499,0,1,10,2011,7,21,36,0,4,8,FM 515,1516,10,32.87911944,-95.647111110,0,12,6,0,2,2,1,0,2,1,0,1,0,0000000,21,43,21,58,22,32,0,0,0,1,0
48,481998,1,1,0,0,0,1,1,11,0,2,10,2011,1,16,38,0,5,8,FM 1258,,89,35.00050833,-101.470144440,0,43,0,0,1,1,4,0,1,1,0,1,0,0000000,88,88,88,88,88,88,0,0,0,1,1
48,481999,1,1,0,1,1,1,1,13,0,2,10,2011,1,2,36,0,4,8,FM 476,,18,29.03089167,-98.550477780,0,8,0,0,1,1,1,0,2,1,0,1,0,0000000,2,56,3,13,3,49,0,0,0,1,0