STATE,ST_CASE,VE_TOTAL,VE_FORMS,PVH_INVL,PEDS,PERNOTMVIT,PERMVIT,PERSONS,COUNTY,CITY,DAY,MONTH,YEAR,DAY_WEEK,HOUR,MINUTE,NHS,ROAD_FNC,ROUTE,TWAY_ID,TWAY_ID2,MILEPT,LATITUDE,LONGITUD,SP_JUR,HARM_EV,MAN_COLL,RELJCT1,RELJCT2,TYP_INT,REL_ROAD,WRK_ZONE,LGT_COND,WEATHER1,WEATHER2,WEATHER,SCH_BUS,RAIL,NOT_HOUR,NOT_MIN,ARR_HOUR,ARR_MIN,HOSP_HR,HOSP_MN,CF1,CF2,CF3,FATALS,DRUNK_DR
48,482000,2,2,0,0,0,2,2,29,1512,2,10,2011,1,19,57,0,4,8,SL 1604,AUTUMN RUN LN,67,29.49581667,-98.289600000,0,12,6,0,2,2,1,0,2,1,0,1,0,0000000,20,0,20,4,21,2,0,0,0,1,0
48,482001,1,1,0,0,0,2,2,113,1730,2,10,2011,1,3,20,0,16,5,HOLDEN AVE,S BECKLEY AVE,0,32.70304444,-96.823175000,0,34,0,0,3,3,4,0,3,1,0,1,0,0000000,3,24,3,28,3,53,0,0,0,1,1
48,482002,1,1,0,0,0,1,1,141,2190,2,10,2011,1,1,4,0,16,5,DONIPHAN DR,,0,31.81105833,-106.555930560,0,1,0,0,1,1,4,0,3,1,0,1,0,0000000,99,99,99,99,99,99,0,0,0,1,1
48,482003,2,2,0,0,0,2,2,201,0,2,10,2011,1,7,40,0,6,4,WINDFERN RD,,0,29.93364444,-95.575905560,0,12,6,0,8,1,1,0,1,1,0,1,0,0000000,88,88,88,88,88,88,0,0,0,1,0
48,482004,2,2,0,0,0,2,2,201,3280,2,10,2011,1,2,40,0,16,5,PARK ROW,,0,29.78894444,-95.689813890,0,12,2,0,1,1,1,0,3,1,0,1,0,0000000,2,40,2,46,99,99,0,0,0,1,1
48,482005,1,1,0,1,1,1,1,201,3280,2,10,2011,1,18,45,0,16,5,S BRAESWOOD,CHIMNEY ROCK,0,29.67692222,-95.476947220,0,8,0,0,2,2,1,0,1,1,0,1,0,0000000,18,50,18,57,19,46,0,0,0,1,0
48,482006,1,1,0,0,0,1,1,497,0,2,10,2011,1,17,30,1,2,2,US-380,,139,33.17300278,-97.917538890,0,58,0,0,1,1,4,0,1,1,0,1,0,0000000,88,88,88,88,88,88,0,0,0,1,1
48,482007,1,1,0,0,0,2,2,139,7270,3,10,2011,2,18,23,1,12,2,US-287,,108,32.42321667,-96.853677780,0,1,0,1,18,1,1,0,1,1,0,1,0,0000000,18,34,18,45,19,16,0,0,0,1,0
48,482008,1,1,0,1,1,1,1,201,3280,3,10,2011,2,2,30,1,11,7,I-10,,361,29.77190278,-95.225886110,0,8,0,0,1,1,1,0,3,1,0,1,0,0000000,88,88,88,88,88,88,0,0,0,1,0
48,482009,2,2,0,0,0,3,3,209,1986,3,10,2011,2,7,53,0,4,8,RM12,BROOKSIDE DR,62,30.20227500,-98.087633330,0,12,6,0,2,3,1,0,1,1,0,1,0,0000000,99,99,7,56,8,57,0,0,0,1,0
48,482010,1,1,0,0,0,1,1,419,0,3,10,2011,2,22,19,0,6,4,2536,,0,31.69456944,-93.927822220,0,1,0,0,1,1,1,0,2,1,0,1,0,0000000,88,88,88,88,88,88,0,0,0,1,0
48,482012,1,1,0,1,1,1,1,135,5030,4,10,2011,3,15,45,1,11,1,I-20,,346,31.82742500,-102.358041670,0,8,0,0,1,1,1,0,1,1,0,1,0,0000000,88,88,88,88,88,88,0,0,0,1,0
48,482013,1,1,0,0,0,1,1,141,2190,4,10,2011,3,20,20,0,16,5,FOUNDERS,,0,31.81772778,-106.397652780,0,1,0,0,1,1,4,0,3,1,0,1,0,0000000,20,20,20,29,20,52,0,0,0,1,0
48,482014,1,1,0,1,1,1,1,499,0,4,10,2011,3,20,17,1,2,2,US-69,,109,32.69188056,-95.501350000,0,8,0,0,1,1,2,0,2,1,0,1,0,0000000,20,22,20,26,99,99,0,0,0,1,0
48,482015,1,1,0,1,1,1,1,29,6090,5,10,2011,4,20,49,0,16,5,RITTIMAN RD,,0,29.48410000,-98.398555560,0,8,0,0,1,1,1,0,3,1,0,1,0,0000000,21,4,21,13,21,28,0,0,0,1,0
48,482016,1,1,0,1,1,2,2,201,0,5,10,2011,4,20,44,0,6,4,SHELDON RD,,0,29.87364722,-95.128319440,0,8,0,0,1,1,1,0,2,1,0,1,0,0000000,20,56,21,10,21,29,0,0,0,1,0
48,482017,1,1,0,1,1,1,1,351,0,5,10,2011,4,11,10,0,4,3,SR-87,,241,30.88630556,-93.711061110,0,8,0,0,8,1,1,0,1,1,0,1,0,0000000,99,99,99,99,99,99,0,0,0,1,0
48,482018,3,3,0,0,0,3,3,375,150,5,10,2011,4,0,50,1,13,2,US-60,BUCHANAN ST,1,35.22201111,-101.829061110,0,12,6,0,2,2,1,0,3,1,0,1,0,0000000,88,88,88,88,88,88,0,0,0,1,1
48,482019,1,1,0,1,1,1,1,29,6090,6,10,2011,5,6,30,1,12,7,US-90,,24,29.40227500,-98.623052780,0,8,0,0,8,1,1,0,2,1,0,1,0,0000000,6,31,6,41,7,14,0,0,0,1,0
48,482021,2,2,0,0,0,3,3,141,2190,6,10,2011,5,2,53,1,13,2,US-85,,13,31.80343056,-106.539513890,0,12,1,0,1,1,1,0,3,1,0,1,0,0000000,88,88,88,88,88,88,0,0,0,2,0
48,482022,2,2,0,0,0,2,2,201,0,6,10,2011,5,21,0,1,13,8,BU90U,,333,29.86280278,-95.140061110,0,12,1,0,1,1,1,0,2,1,0,1,0,0000000,21,1,21,6,21,40,0,0,0,1,0
48,482023,1,1,0,0,0,1,1,201,0,6,10,2011,5,22,10,0,6,4,MAIN,,0,29.83362500,-95.057813890,0,35,0,0,1,1,4,0,2,1,0,1,0,0000000,88,88,88,88,88,88,0,0,0,1,0
48,482024,1,1,0,0,0,1,1,273,3700,6,10,2011,5,20,0,0,16,5,FRANKLIN ADAMS,,0,27.48393056,-97.873366670,0,42,0,0,1,1,5,0,3,1,0,1,0,0000000,88,88,88,88,88,88,0,0,0,1,0
48,482025,1,1,0,1,1,1,1,439,2450,6,10,2011,5,20,48,1,13,3,SR-180,,192,32.73693056,-97.231019440,0,8,0,0,1,1,1,0,3,1,0,1,0,0000000,20,50,20,53,21,15,0,0,0,1,0
48,482026,1,1,0,0,0,1,1,13,0,7,10,2011,6,23,31,0,4,8,FM 791,,82,28.82998889,-98.216416670,0,32,0,0,1,1,4,0,2,1,0,1,0,0000000,88,88,88,88,88,88,0,0,0,1,0
48,482027,2,2,0,0,0,3,3,309,7210,7,10,2011,6,2,22,1,11,1,I-35,8TH ST,151,31.54640833,-97.125652780,0,1,0,1,3,1,1,0,3,1,0,1,0,0000000,88,88,88,88,88,88,0,0,0,1,1
48,482028,2,2,0,0,0,4,4,439,260,7,10,2011,6,5,25,1,13,8,FM 157,,91,32.80486389,-97.099152780,0,12,7,0,1,1,1,0,3,1,0,1,0,0000000,5,26,5,31,6,39,0,0,0,1,0
48,482029,1,1,0,0,0,1,1,29,6090,8,10,2011,7,2,54,0,16,5,JONES MALTSBERGER,,0,29.59255278,-98.438161110,0,25,0,0,1,1,4,1,3,1,0,1,0,0000000,88,88,88,88,88,88,0,0,0,1,1
48,482030,1,1,0,0,0,1,1,29,6090,8,10,2011,7,22,12,1,11,1,I-410,,310,29.46334444,-98.404319440,0,1,0,0,1,1,10,0,3,1,0,1,0,0000000,88,88,88,88,88,88,0,0,0,1,1
48,482031,2,2,0,0,0,3,3,203,4360,8,10,2011,7,13,29,0,14,8,SL390,W HOUSTON ST,11,32.54225556,-94.391463890,0,12,6,0,2,2,1,0,1,1,0,1,0,0000000,13,29,13,31,14,0,0,0,0,1,0
48,482032,2,2,0,0,0,4,4,241,0,8,10,2011,7,16,0,1,2,2,US-96,CO RD 610,92,30.53288056,-93.937855560,0,12,6,0,2,2,1,0,1,1,0,1,0,0000000,88,88,88,88,88,88,0,0,0,1,0
48,482033,1,1,0,0,0,1,1,347,0,8,10,2011,7,1,19,0,4,8,FM2609,,7,31.70123056,-94.607972220,0,30,0,0,1,1,4,0,2,1,0,1,0,0000000,88,88,88,88,88,88,0,0,0,1,1
48,482034,2,2,0,0,0,3,3,497,140,8,10,2011,7,17,5,1,2,7,US-81,FM1655,71,33.35766111,-97.705900000,0,12,6,0,2,2,1,0,1,2,0,2,0,0000000,17,5,17,23,17,53,0,0,0,1,0
48,482035,1,1,0,0,0,1,1,71,9997,9,10,2011,1,2,25,1,13,3,SR-146,,46,29.81930278,-94.900263890,0,33,0,0,1,1,3,0,3,1,0,1,0,0000000,88,88,88,88,88,88,0,0,0,1,0
48,482036,1,1,0,0,0,5,5,113,3420,9,10,2011,1,2,51,1,12,3,SR-183,,63,32.83723889,-96.942622220,0,52,0,0,1,1,4,0,3,2,0,2,0,0000000,2,52,2,59,3,22,0,0,0,1,1
48,482037,1,1,0,0,0,2,2,201,0,9,10,2011,1,4,10,0,6,4,BATTLEBELL RD,,0,29.81118611,-95.046288890,0,32,0,0,8,1,4,0,2,10,0,10,0,0000000,4,48,5,10,5,32,0,0,0,1,0
48,482038,3,1,2,0,0,1,1,223,6670,9,10,2011,1,2,56,1,11,7,I-30,,167,33.12438333,-95.583036110,0,1,0,0,1,1,4,0,3,1,0,1,0,0000000,88,88,88,88,88,88,0,0,0,1,0
48,482039,1,1,0,0,0,1,1,245,2905,9,10,2011,1,23,16,1,13,8,FM366,,74,29.96213333,-93.915327780,0,1,0,0,1,1,4,0,3,1,0,1,0,0000000,88,88,88,88,88,88,0,0,0,1,0
48,482040,1,1,0,0,0,1,1,113,1730,10,10,2011,2,13,5,1,11,1,I-635,,62,32.92485556,-96.760647220,0,39,0,1,5,1,4,0,1,10,0,10,0,0000000,88,88,88,88,88,88,0,0,0,1,0
48,482041,3,3,0,0,0,3,3,393,0,10,10,2011,2,10,30,1,2,2,US-60,,18,35.63484444,-100.717177780,0,12,6,0,1,1,1,0,1,10,0,10,0,0000000,10,37,10,48,11,26,0,0,0,1,0
48,482042,1,1,0,0,0,5,5,439,260,10,10,2011,2,3,2,0,16,5,GREEN OAKS BLVD,,0,32.65632778,-97.103486110,0,42,0,0,1,1,3,0,3,10,0,10,0,0000000,3,4,3,7,3,33,0,0,0,4,0
48,482043,2,2,0,0,0,2,2,29,6090,11,10,2011,3,5,0,1,11,1,I-410,,266,29.51683056,-98.419722220,0,12,1,1,18,1,1,1,3,1,0,1,0,0000000,99,99,99,99,88,88,3,0,0,1,0
48,482044,2,2,0,0,0,3,3,113,1730,12,10,2011,4,13,35,1,13,2,US-175,,20,32.76465833,-96.774405560,0,12,7,1,18,1,1,0,1,1,0,1,0,0000000,13,37,13,40,13,53,0,0,0,1,0
48,482045,1,1,0,0,0,5,5,113,2590,12,10,2011,4,5,10,1,11,1,I-635,,116,32.85671111,-96.650261110,0,30,0,1,19,1,10,0,3,2,0,2,0,0000000,5,14,5,22,5,53,0,0,0,1,1
48,482046,1,1,0,0,0,2,2,163,0,12,10,2011,4,3,20,1,1,1,I-35,,169,28.72795833,-99.150486110,0,35,0,0,1,1,5,0,2,1,0,1,0,0000000,88,88,88,88,88,88,0,0,0,1,0
48,482047,1,1,0,0,0,1,1,27,6810,14,10,2011,6,21,47,1,11,1,I-35,,205,31.13763333,-97.330597220,0,26,0,1,19,1,10,0,3,1,0,1,0,0000000,99,99,99,99,88,88,0,0,0,1,1
48,482048,1,1,0,1,1,1,1,29,6090,15,10,2011,7,2,45,1,11,1,I-35,,318,29.50087222,-98.399591670,0,8,0,0,1,1,1,0,3,1,0,1,0,0000000,88,88,88,88,88,88,0,0,0,1,0
48,482049,1,1,0,0,0,1,1,347,0,15,10,2011,7,6,55,0,4,8,FM 226,,257,31.31161389,-94.374769440,0,32,0,0,1,1,4,0,4,1,0,1,0,0000000,88,88,88,88,88,88,0,0,0,1,0
48,482050,2,2,0,0,0,2,2,99,1540,23,10,2011,1,7,30,1,13,2,US-190,ELM ST,34,31.11967778,-97.894850000,0,12,2,0,2,3,1,0,1,1,0,1,0,0000000,7,33,7,35,7,55,0,0,0,1,0
48,482051,2,2,0,1,1,5,5,439,2450,7,5,2011,7,22,20,1,11,1,I-820,,19,32.67906667,-97.240769440,0,8,0,0,1,1,1,0,3,1,0,1,0,0000000,88,88,88,88,88,88,14,0,0,1,0
48,482052,1,1,0,1,1,3,3,439,2450,8,5,2011,1,2,10,1,13,3,SR-183,,6,32.72628611,-97.441030560,0,8,0,0,1,1,1,0,3,1,0,1,0,0000000,88,88,88,88,88,88,0,0,0,1,0
48,482053,1,1,0,0,0,1,1,309,0,20,6,2011,2,13,9,1,2,2,US-84,,45,31.61670278,-97.052716670,0,43,0,0,1,1,4,0,1,1,0,1,0,0000000,88,88,88,88,88,88,0,0,0,1,0
48,482054,2,2,0,0,0,2,2,439,2450,1,7,2011,6,14,30,0,16,5,SYLVANIA AVE,SYLVANIA CROSS DR,0,32.81580833,-97.308144440,0,12,6,0,2,3,1,0,1,1,0,1,0,0000000,14,47,14,55,15,26,0,0,0,1,0
48,482055,2,2,0,0,0,2,2,85,5390,2,7,2011,7,12,7,0,16,5,HEDGCOXE RD,LA GUARDIA DR,0,33.08600833,-96.743986110,0,12,6,0,2,3,1,0,1,1,0,1,0,0000000,12,9,12,15,12,44,0,0,0,1,0
48,482056,2,2,0,0,0,9,9,439,2450,9,7,2011,7,22,10,1,11,1,I-35W,,133,32.84498333,-97.312869440,0,5,0,0,1,1,1,1,6,98,0,98,0,0000000,22,15,22,19,22,36,14,0,0,1,0
48,482057,2,2,0,1,1,2,2,201,3280,15,8,2011,2,2,50,0,16,5,NORTH SAM HOUSTON E TOLLWAY,,0,29.93882222,-95.366652780,0,8,0,0,1,1,1,0,3,1,0,1,0,0000000,88,88,88,88,88,88,23,19,0,1,0
48,482058,1,1,0,0,0,1,1,201,3280,20,8,2011,7,20,45,0,16,5,SPACE CENTER BLVD,,0,29.58116944,-95.127744440,0,1,0,0,1,1,3,0,3,1,0,1,0,0000000,88,88,88,88,88,88,0,0,0,1,1
48,482059,1,1,0,0,0,1,1,201,3280,28,8,2011,1,3,30,0,16,5,E HARDY RD,,0,29.84681111,-95.358527780,0,30,0,0,1,1,10,0,3,1,0,1,0,0000000,3,36,3,45,4,21,0,0,0,1,1
48,482060,2,2,0,0,0,2,2,257,0,8,9,2011,5,7,19,0,5,8,FM 1836,,76,32.54197222,-96.198133330,0,12,2,0,1,1,1,0,1,1,0,1,0,0000000,88,88,88,88,88,88,0,0,0,2,1
48,482061,1,1,0,0,0,1,1,151,0,9,9,2011,6,15,0,0,5,8,FM1085,,79,32.61856944,-100.206463890,0,59,0,0,1,1,4,0,1,10,0,10,0,0000000,88,88,88,88,88,88,0,0,0,1,0
48,482062,1,1,0,0,0,3,3,391,0,10,9,2011,7,22,0,0,4,8,FM1360,,57,28.16620556,-97.333383330,0,1,0,0,1,1,4,0,3,1,0,1,0,0000000,22,4,22,18,22,55,0,0,0,1,1
48,482063,1,1,0,0,0,1,1,157,0,12,9,2011,2,14,12,0,4,8,FM762,,137,29.44556389,-95.674008330,0,59,0,0,1,1,4,0,1,1,0,1,0,0000000,88,88,88,88,88,88,0,0,0,1,1
48,482064,2,2,0,0,0,5,5,201,0,13,9,2011,3,7,27,0,6,4,BEAMER RD,ASTORIA BLVD,0,29.58175000,-95.210669440,0,12,6,0,2,2,1,0,1,1,0,1,0,0000000,10,28,10,33,10,46,0,0,0,1,0
48,482065,1,1,0,0,0,1,1,29,295,24,9,2011,7,22,10,0,16,5,BRIGGS RD,,0,29.23574167,-98.693344440,0,38,0,0,1,1,4,0,2,1,0,1,0,0000000,88,88,88,88,88,88,0,0,0,1,1
48,482066,1,1,0,0,0,1,1,245,490,18,9,2011,1,17,38,0,16,5,CALDER AVE,,0,30.07754167,-94.166438890,0,41,0,0,1,1,4,0,1,2,0,2,0,0000000,17,39,17,42,17,58,0,0,0,1,0
48,482067,1,1,0,1,1,3,3,427,0,18,9,2011,1,3,5,1,2,2,US-83,,235,26.39021667,-98.913736110,0,8,0,0,1,1,1,0,2,2,0,2,0,0000000,99,99,3,12,4,14,0,0,0,1,1
48,482068,1,1,0,0,0,1,1,489,0,18,9,2011,1,22,0,0,4,3,SR-186,,109,26.50384167,-97.487897220,0,52,0,0,1,1,4,0,2,1,0,1,0,0000000,88,88,88,88,88,88,0,0,0,1,1
48,482069,1,1,0,2,2,1,1,201,3280,21,9,2011,4,3,27,0,16,5,W FUQUA ST,WHITE HEATHER ST,0,29.61336944,-95.439052780,0,8,0,0,2,3,1,0,3,1,0,1,0,0000000,88,88,88,88,88,88,0,0,0,2,1
48,482070,4,4,0,0,0,5,5,367,0,23,9,2011,6,14,18,1,1,1,I-20,,92,32.71208333,-97.928377780,0,5,0,0,1,1,1,1,1,1,0,1,0,0000000,99,99,14,46,15,11,0,0,0,1,0
48,482071,2,2,0,0,0,3,3,201,0,24,9,2011,7,16,14,0,14,8,FM2920,,182,30.07062222,-95.458688890,0,12,6,0,8,1,1,0,1,1,0,1,0,0000000,16,14,16,20,17,3,0,0,0,1,0
48,482072,1,1,0,0,0,1,1,273,0,24,9,2011,7,2,35,0,6,4,E CEASAR AVE,,0,27.50707500,-97.824908330,0,18,0,0,1,1,1,4,3,1,0,1,0,0000000,88,88,88,88,88,88,0,0,0,1,1
48,482073,2,1,1,0,0,2,2,303,0,25,9,2011,1,5,10,0,4,8,FM2641,,84,33.65020000,-101.937100000,0,14,0,0,1,1,4,0,2,1,0,1,0,0000000,88,88,88,88,88,88,0,0,0,2,1
48,482074,1,1,0,0,0,1,1,367,0,26,9,2011,2,21,33,0,4,8,FM920,,57,32.93393889,-97.858455560,0,35,0,0,1,1,4,0,2,1,0,1,0,0000000,88,88,88,88,88,88,0,0,0,1,0
48,482075,1,1,0,0,0,3,3,453,0,27,9,2011,3,12,35,1,13,2,US-290,,36,30.23407778,-97.915627780,0,34,0,0,1,1,4,0,1,10,0,10,0,0000000,12,37,12,46,13,22,0,0,0,1,0
48,482076,2,2,0,0,0,3,3,355,0,29,9,2011,5,17,45,1,2,8,BU77V,4,394,27.57167500,-97.816072220,0,12,6,0,2,2,1,0,1,1,0,1,0,0000000,99,99,99,99,99,99,0,0,0,1,0
48,482077,2,2,0,0,0,2,2,7,0,30,9,2011,6,23,45,0,3,3,SR-35,,47,28.07782222,-97.039658330,0,12,1,0,1,1,1,1,2,1,0,1,0,0000000,88,88,88,88,88,88,0,0,0,1,1
48,482078,1,1,0,0,0,3,3,339,0,1,10,2011,7,1,50,0,6,4,LONG NECK DR,N LITE ST,0,30.12507500,-95.731158330,0,59,0,0,3,2,4,0,2,1,0,1,0,0000000,2,3,2,16,3,14,0,0,0,1,1
48,482079,1,1,0,1,1,1,1,481,2130,3,10,2011,2,20,45,1,13,3,SR-71,E FIRST ST,162,29.19437778,-96.267919440,0,8,0,0,2,2,1,0,3,1,0,1,0,0000000,88,88,88,88,88,88,0,0,0,1,0
48,482080,2,2,0,0,0,5,5,203,0,5,10,2011,4,21,39,0,3,2,US-80,,310,32.50798333,-94.195336110,0,12,2,0,1,1,1,0,2,1,0,1,0,0000000,21,43,21,55,22,45,0,0,0,2,1
48,482081,1,1,0,0,0,1,1,27,0,7,10,2011,6,22,10,0,6,4,PRITCHARD RD,,0,30.96940000,-97.302663890,0,42,0,0,1,1,4,0,2,1,0,1,0,0000000,88,88,88,88,88,88,0,0,0,1,1
48,482082,2,2,0,0,0,3,3,185,9997,7,10,2011,6,11,24,0,4,8,FM1774,,70,30.26278333,-95.830538890,0,12,1,0,1,1,1,0,1,10,0,10,0,0000000,99,99,11,49,12,27,0,0,0,1,0
48,482083,2,2,0,0,0,3,3,209,0,7,10,2011,6,8,0,0,4,8,RM12,,61,30.10696111,-98.092311110,0,12,2,0,1,1,1,0,1,2,0,2,0,0000000,8,10,8,15,9,6,0,0,0,1,0
48,482084,2,2,0,0,0,2,2,215,4197,7,10,2011,6,17,8,1,13,8,BU83S,S 26TH ST,64,26.20680556,-98.249350000,0,12,6,0,2,3,1,0,1,1,0,1,0,0000000,17,10,17,17,17,49,0,0,0,1,0
48,482085,2,2,0,0,0,2,2,423,0,7,10,2011,6,6,20,0,4,3,SR-135,,20,32.25246389,-95.014797220,0,12,6,0,1,1,1,0,2,1,0,1,0,0000000,99,99,99,99,99,99,0,0,0,1,0
48,482086,1,1,0,1,1,1,1,113,1730,8,10,2011,7,21,30,1,13,8,SL12,S MURDEAUX LN,205,32.71308889,-96.693011110,0,8,0,0,2,2,1,0,3,2,0,2,0,0000000,88,88,88,88,88,88,0,0,0,1,0
48,482087,1,1,0,0,0,2,2,507,0,8,10,2011,7,13,48,0,4,8,FM481,,51,29.06305556,-100.053441670,0,38,0,0,1,1,4,0,1,1,0,1,0,0000000,14,8,14,34,15,43,0,0,0,1,0
48,482088,2,2,0,0,0,2,2,465,0,10,10,2011,2,6,20,1,2,2,US-90,HOLIDAY TRAVEL PARK RD,625,29.46706944,-101.004911110,0,12,6,0,2,3,1,0,2,2,0,2,0,0000000,99,99,99,99,99,99,0,0,0,1,0
48,482089,2,2,0,0,0,2,2,439,502,11,10,2011,3,6,18,1,12,3,SR-121,,160,32.83705833,-97.126494440,0,12,99,0,1,1,1,1,2,1,0,1,0,0000000,88,88,88,88,88,88,0,0,0,1,0
48,482090,1,1,0,0,0,1,1,201,0,12,10,2011,4,3,30,0,6,4,CLAY RD,,0,29.83081667,-95.670341670,0,33,0,0,1,1,3,0,3,10,0,10,0,0000000,88,88,88,88,88,88,0,0,0,1,1
48,482091,1,1,0,1,1,1,1,255,0,12,10,2011,4,2,30,1,2,2,US-181,,47,28.95960278,-97.993175000,0,8,0,0,1,1,1,0,2,5,0,5,0,0000000,88,88,88,88,88,88,0,0,0,1,0
48,482092,1,1,0,0,0,1,1,27,570,13,10,2011,5,21,22,1,11,1,I-35RAMP,,152,31.04573889,-97.467708330,0,24,0,1,5,1,4,1,2,1,0,1,0,0000000,21,22,21,29,21,47,0,0,0,1,0
48,482093,2,2,0,0,0,2,2,53,0,14,10,2011,6,9,55,0,3,3,SR-29,,67,30.74945000,-98.118600000,0,12,6,0,1,1,1,0,1,1,0,1,0,0000000,9,57,10,8,10,57,0,0,0,1,0
48,482094,1,1,0,0,0,1,1,499,0,14,10,2011,6,5,2,0,4,8,FM 2869,,113,32.91848889,-95.269077780,0,1,0,0,1,1,4,0,2,1,0,1,0,0000000,5,5,5,16,6,5,0,0,0,1,0
48,482095,2,2,0,0,0,3,3,309,7210,15,10,2011,7,20,57,0,14,8,FM 2476,CORPORATION PKWY,14,31.49353333,-97.166511110,0,12,1,0,3,2,1,0,3,1,0,1,0,0000000,21,0,21,5,21,32,0,0,0,1,1
48,482096,1,1,0,0,0,1,1,375,0,15,10,2011,7,23,20,1,2,2,US-87,,192,35.38447222,-101.832427780,0,1,0,0,1,1,3,0,2,1,0,1,0,0000000,88,88,88,88,88,88,0,0,0,1,1
48,482097,2,2,0,0,0,2,2,357,0,16,10,2011,1,20,5,0,4,3,SR-15,,38,36.28435278,-101.042319440,0,12,2,0,1,1,1,0,2,1,0,1,0,0000000,20,12,20,28,21,1,0,0,0,1,2
48,482098,2,2,0,0,0,2,2,485,7490,16,10,2011,1,0,11,1,12,3,SR-287 RAMP,,307,33.94535000,-98.520930560,0,12,2,1,5,1,1,0,3,1,0,1,0,0000000,88,88,88,88,88,88,0,0,0,1,1
48,482099,1,1,0,1,1,1,1,139,3430,17,10,2011,2,20,58,1,1,1,I-35,,81,32.19799444,-96.898188890,0,8,0,1,18,1,1,0,8,98,0,98,0,0000000,88,88,88,88,88,88,0,0,0,1,0
48,482100,1,1,0,0,0,1,1,201,0,17,10,2011,2,13,29,1,13,8,FM 529,HUFFMEISTER,137,29.87947778,-95.628780560,0,33,0,0,2,2,4,0,1,1,0,1,0,0000000,13,40,13,56,14,26,0,0,0,1,0
48,482101,2,2,0,0,0,3,3,201,0,17,10,2011,2,13,55,1,13,2,US-90,LINDSTROM,201,29.92292500,-95.041255560,0,12,6,0,2,2,1,0,1,1,0,1,0,0000000,99,99,99,99,99,99,0,0,0,2,0
48,482102,1,1,0,0,0,1,1,309,7210,17,10,2011,2,16,5,0,16,5,SANGER AVE,,0,31.52479444,-97.189008330,0,38,0,0,1,1,4,0,1,1,0,1,0,0000000,88,88,88,88,88,88,0,0,0,1,0
48,482103,1,1,0,0,0,1,1,439,2450,17,10,2011,2,15,41,0,16,5,BEACH ST,,0,32.85673333,-97.289911110,0,1,0,0,1,1,1,0,1,10,0,10,0,0000000,15,42,15,55,16,15,20,0,0,1,0
48,482104,1,1,0,0,0,1,1,453,330,17,10,2011,2,15,23,1,12,8,SL1,,179,30.25548611,-97.801213890,0,1,0,0,1,1,3,0,1,1,0,1,0,0000000,15,24,15,31,15,56,0,0,0,1,0
48,482105,1,1,0,0,0,1,1,5,0,19,10,2011,4,10,57,0,4,8,FM2109,,152,31.18548611,-94.408716670,0,42,0,0,1,1,4,0,1,1,0,1,0,0000000,88,88,88,88,88,88,0,0,0,1,0
48,482106,2,2,0,0,0,2,2,373,0,20,10,2011,5,10,18,1,13,2,US-190,,9,30.71072500,-94.917513890,0,12,6,0,1,1,1,0,1,1,0,1,0,0000000,99,99,99,99,99,99,0,0,0,1,0
48,482107,3,3,0,0,0,3,3,29,6090,23,10,2011,1,2,30,1,11,1,I-410,,207,29.52020833,-98.491977780,0,12,1,0,1,1,1,0,3,1,0,1,0,0000000,3,33,3,34,3,38,0,0,0,1,1
48,482108,2,2,0,0,0,2,2,371,2440,24,10,2011,2,19,40,1,13,8,BI10G,,18,30.89407222,-102.906952780,0,12,6,0,8,1,1,0,3,1,0,1,0,0000000,19,43,19,46,19,53,0,0,0,1,0
48,482109,1,1,0,1,1,4,4,29,6090,26,10,2011,4,17,27,0,16,5,GENERAL MCMULLEN,CERALVO ST,0,29.40914722,-98.556780560,0,8,0,0,3,2,1,0,1,1,0,1,0,0000000,17,27,17,34,17,35,0,0,0,1,0
48,482110,2,2,0,0,0,2,2,291,1770,26,10,2011,4,7,23,0,3,2,US-90,FM1413,27,29.98766389,-94.965441670,0,12,6,0,2,2,1,0,2,5,0,5,0,0000000,88,88,88,88,88,88,0,0,0,1,0
48,482111,2,2,0,0,0,2,2,201,0,16,5,2011,2,16,45,0,6,4,LOUETTA RD,,0,30.03623889,-95.496091670,0,1,0,0,8,1,1,0,1,1,0,1,0,0000000,16,48,16,52,18,16,0,0,0,1,0
48,482112,1,1,0,1,1,1,1,439,2450,15,6,2011,4,2,59,1,12,3,SR-121,,78,32.76735556,-97.308505560,0,8,0,1,18,1,1,0,3,1,0,1,0,0000000,88,88,88,88,88,88,0,0,0,1,0
48,482113,1,1,0,0,0,1,1,441,0,20,7,2011,4,18,50,1,2,2,US-83,,136,32.10853333,-99.888275000,0,38,0,0,1,1,4,0,2,1,0,1,0,0000000,19,18,19,35,20,6,0,0,0,1,0
48,482114,1,1,0,1,1,1,1,201,3280,27,7,2011,4,21,30,0,16,5,HOMESTEAD RD,,0,29.83517500,-95.302041670,0,8,0,0,1,1,1,0,3,1,0,1,0,0000000,88,88,88,88,88,88,0,0,0,1,0
48,482115,1,1,0,0,0,1,1,121,7353,17,8,2011,4,1,30,1,13,3,SR-170,,10,32.99925000,-97.214216670,0,1,0,1,19,1,4,1,2,1,0,1,0,0000000,1,33,1,41,2,10,0,0,0,1,0