STATE,ST_CASE,VE_TOTAL,VE_FORMS,PVH_INVL,PEDS,PERNOTMVIT,PERMVIT,PERSONS,COUNTY,CITY,DAY,MONTH,YEAR,DAY_WEEK,HOUR,MINUTE,NHS,ROAD_FNC,ROUTE,TWAY_ID,TWAY_ID2,MILEPT,LATITUDE,LONGITUD,SP_JUR,HARM_EV,MAN_COLL,RELJCT1,RELJCT2,TYP_INT,REL_ROAD,WRK_ZONE,LGT_COND,WEATHER1,WEATHER2,WEATHER,SCH_BUS,RAIL,NOT_HOUR,NOT_MIN,ARR_HOUR,ARR_MIN,HOSP_HR,HOSP_MN,CF1,CF2,CF3,FATALS,DRUNK_DR
48,482116,1,1,0,0,0,1,1,201,3280,23,8,2011,3,21,28,1,11,1,I-45,,277,29.81203889,-95.373975000,0,33,0,1,19,1,8,0,3,1,0,1,0,0000000,88,88,88,88,88,88,0,0,0,1,1
48,482117,1,1,0,0,0,4,4,297,0,27,8,2011,7,16,31,1,2,2,US-281,,242,28.33991389,-98.123586110,0,1,0,0,1,1,3,0,1,1,0,1,0,0000000,17,26,17,34,18,10,0,0,0,3,1
48,482118,1,1,0,0,0,1,1,85,1730,1,9,2011,5,21,52,0,16,5,PRESIDENT GEORGE BUSH TURNPIKE,,0,33.01248333,-96.827002780,0,43,0,1,19,1,4,0,3,1,0,1,0,0000000,21,47,21,55,22,13,0,0,0,1,0
48,482119,1,1,0,0,0,1,1,277,0,13,9,2011,3,6,16,1,2,2,US-82,,8,33.59966944,-95.844119440,0,11,0,0,1,1,1,0,2,1,0,1,0,0000000,88,88,88,88,88,88,0,0,0,1,0
48,482120,2,2,0,2,2,1,1,375,150,13,9,2011,3,8,24,1,13,8,SL 335,,219,35.20394444,-101.742019440,0,12,2,0,8,1,11,0,1,10,0,10,0,0000000,9,5,9,13,9,39,0,0,0,1,0
48,482121,1,1,0,0,0,2,2,67,0,14,9,2011,4,1,2,0,5,8,FM-2888,,76,33.13225833,-94.576680560,0,38,0,0,1,1,4,0,2,10,0,10,0,0000000,1,6,1,30,2,41,0,0,0,1,1
48,482122,1,1,0,1,1,4,4,37,0,17,9,2011,7,10,8,0,4,8,FM 2149,,100,33.36741944,-94.318041670,0,15,0,0,1,1,1,0,1,10,0,10,0,0000000,88,88,88,88,88,88,0,0,0,1,0
48,482123,1,1,0,0,0,2,2,283,0,17,9,2011,7,12,46,1,1,7,I-35,,332,28.20980833,-99.305691670,0,1,0,0,1,1,1,0,1,10,0,10,0,0000000,13,4,13,39,14,42,20,0,0,1,1
48,482124,1,1,0,0,0,1,1,67,0,18,9,2011,1,0,19,0,3,3,SR-49,,109,32.97998056,-94.599500000,0,1,0,0,1,1,4,0,2,1,0,1,0,0000000,88,88,88,88,88,88,0,0,0,1,1
48,482125,3,3,0,2,2,2,2,215,0,18,9,2011,1,22,5,1,13,3,SR-495,,176,26.19873333,-98.087697220,0,12,1,0,1,1,1,0,2,2,0,2,0,0000000,22,11,22,21,22,42,23,0,0,2,1
48,482126,1,1,0,0,0,5,5,453,0,18,9,2011,1,22,30,0,6,5,OLD LOCKHART RD,,0,30.05891389,-97.704538890,0,32,0,0,1,1,4,0,2,1,0,1,0,0000000,22,44,22,58,23,48,0,0,0,1,1
48,482127,1,1,0,0,0,1,1,231,0,19,9,2011,2,4,30,0,4,8,FM 1567,,53,33.01807778,-95.875069440,0,53,0,0,1,1,4,0,2,5,0,5,0,0000000,88,88,88,88,88,88,0,0,0,1,1
48,482128,1,1,0,1,1,2,2,309,545,22,9,2011,5,20,23,0,16,5,WILLIAMS,,0,31.61551111,-97.072702780,0,8,0,0,1,1,1,0,2,1,0,1,0,0000000,20,25,20,32,20,58,0,0,0,1,0
48,482129,2,2,0,0,0,4,4,229,0,23,9,2011,6,9,33,1,1,1,I-10,,447,31.17575000,-105.368025000,0,12,6,0,1,1,1,0,1,1,0,1,0,0000000,9,58,10,43,11,24,0,0,0,1,0
48,482130,3,3,0,0,0,7,7,231,0,24,9,2011,7,9,0,1,1,1,I-30,,209,33.13152222,-96.010022220,0,12,8,0,1,1,1,0,1,1,0,1,0,0000000,9,2,9,17,9,57,0,0,0,1,0
48,482131,1,1,0,0,0,3,3,61,0,25,9,2011,1,8,15,0,15,8,FM803,,9,26.06319444,-97.526341670,0,30,0,0,1,1,4,0,1,1,0,1,0,0000000,8,26,8,33,8,50,0,0,0,1,0
48,482132,1,1,0,0,0,1,1,85,2520,25,9,2011,1,4,27,0,16,5,DALLAS NORTH TOLLWAY,,0,33.19268611,-96.838330560,0,25,0,0,1,1,3,0,3,10,0,10,0,0000000,4,31,4,41,5,18,0,0,0,1,1
48,482133,1,1,0,0,0,1,1,395,0,25,9,2011,1,8,31,0,6,4,WALKER PRAIRIE RD,,0,31.02485833,-96.368630560,0,38,0,0,1,1,4,0,1,1,0,1,0,0000000,88,88,88,88,88,88,0,0,0,1,1
48,482134,1,1,0,0,0,1,1,257,0,26,9,2011,2,23,56,0,4,8,FM429,,121,32.77986389,-96.202422220,0,42,0,0,1,1,4,0,2,1,0,1,0,0000000,88,88,88,88,88,88,0,0,0,1,1
48,482135,1,1,0,1,1,1,1,309,545,27,9,2011,3,6,45,0,14,8,SS299,,9,31.58743889,-97.102836110,0,9,0,0,1,1,1,0,4,1,0,1,0,0000000,6,46,6,50,7,26,0,0,0,1,0
48,482136,1,1,0,1,1,1,1,215,0,1,10,2011,7,22,30,0,14,8,FM1015,,47,26.22659444,-97.959786110,0,8,0,0,1,1,1,0,3,1,0,1,0,0000000,22,30,22,36,22,54,0,0,0,1,0
48,482137,1,1,0,0,0,4,4,167,3850,2,10,2011,1,17,59,1,11,7,I-45,,48,29.36307500,-94.989711110,0,33,0,0,1,1,4,0,1,1,0,1,0,0000000,18,6,18,14,18,54,0,0,0,1,0
48,482138,3,3,0,0,0,3,3,201,530,2,10,2011,1,3,19,1,11,1,I-610,,65,29.72498056,-95.460458330,0,12,1,0,1,1,1,0,3,1,0,1,0,0000000,88,88,88,88,88,88,0,0,0,1,0
48,482139,1,1,0,0,0,1,1,485,7490,5,10,2011,4,18,37,1,13,8,BU287J,,320,33.89532222,-98.446544440,0,43,0,0,1,1,3,0,1,10,0,10,0,0000000,88,88,88,88,88,88,0,0,0,1,0
48,482140,2,2,0,0,0,4,4,167,6860,6,10,2011,5,18,55,1,13,8,FM1765,,32,29.38378056,-94.918688890,0,30,0,0,1,1,4,0,5,1,0,1,0,0000000,19,5,19,8,19,45,0,0,0,1,1
48,482141,1,1,0,0,0,2,2,121,0,7,10,2011,6,23,15,0,4,8,FM407,STRADER LN,45,33.08528889,-97.327391670,0,42,0,0,3,4,4,0,2,1,0,1,0,0000000,88,88,88,88,88,88,0,0,0,2,1
48,482142,2,2,0,0,0,9,9,27,0,9,10,2011,1,16,45,0,3,8,FM436,,116,31.02694444,-97.449669440,0,12,6,0,1,1,1,0,1,1,0,1,0,0000000,17,3,17,12,17,39,0,0,0,2,0
48,482143,1,1,0,0,0,5,5,61,0,9,10,2011,1,0,10,0,6,4,S BROWNE AVE,,0,25.89982778,-97.389480560,0,1,0,0,1,1,1,0,2,1,0,1,0,0000000,0,10,0,20,0,43,0,0,0,1,1
48,482144,1,1,0,0,0,1,1,109,0,10,10,2011,2,22,25,1,2,2,US-62,,84,31.93850278,-104.713163890,1,35,0,0,1,1,4,0,2,1,0,1,0,0000000,88,88,88,88,88,88,0,0,0,1,0
48,482145,1,1,0,0,0,1,1,453,330,10,10,2011,2,14,27,0,16,5,BRUSH COUNTRY RD,,0,30.22795556,-97.843266670,0,42,0,0,1,1,4,0,1,1,0,1,0,0000000,14,28,14,31,14,56,0,0,0,1,0
48,482146,1,1,0,0,0,1,1,425,0,11,10,2011,3,14,51,0,5,8,FM51,,14,32.23484444,-97.904477780,0,35,0,0,1,1,4,0,1,1,0,1,0,0000000,88,88,88,88,88,88,0,0,0,1,0
48,482147,2,2,0,0,0,3,3,209,0,13,10,2011,5,17,49,1,2,3,SR-21,,78,29.94132778,-97.803297220,0,12,6,0,1,1,1,0,1,1,0,1,0,0000000,99,99,99,99,99,99,0,0,0,1,0
48,482148,2,2,0,0,0,5,5,309,7210,13,10,2011,5,22,22,1,11,1,I-35,,143,31.53461944,-97.130102780,0,12,1,0,1,1,1,0,3,1,0,1,0,0000000,88,88,88,88,88,88,0,0,0,1,0
48,482149,2,2,0,0,0,2,2,201,0,14,10,2011,6,2,18,0,6,4,TREASCHWIG RD,,0,30.04031667,-95.355363890,0,12,2,0,1,1,1,0,2,1,0,1,0,0000000,2,18,2,21,3,42,0,0,0,1,1
48,482150,2,2,0,0,0,4,4,201,0,16,10,2011,1,0,30,1,13,8,BU90U,,335,29.86407222,-95.137038890,0,12,1,0,1,1,1,0,2,1,0,1,0,0000000,88,88,88,88,88,88,0,0,0,1,1
48,482151,1,1,0,0,0,1,1,355,0,21,10,2011,6,3,3,0,6,4,45,,0,27.58495833,-97.453791670,0,1,0,0,1,1,4,0,2,1,0,1,0,0000000,88,88,88,88,88,88,0,0,0,1,1
48,482152,1,1,0,1,1,1,1,121,3960,22,10,2011,7,2,35,1,11,1,I-35,,27,33.00240000,-96.963288890,0,8,0,1,18,1,1,0,2,1,0,1,0,0000000,2,36,2,43,2,58,0,0,0,1,0
48,482153,5,5,0,0,0,12,12,201,0,22,10,2011,7,23,30,0,16,5,SAM HOUSTON PKWY,,0,29.93776389,-95.469219440,0,12,1,0,1,1,1,0,3,1,0,1,0,0000000,23,32,23,41,0,27,0,0,0,2,1
48,482154,2,2,0,2,2,3,3,419,1270,22,10,2011,7,23,14,0,14,3,SR-87,,131,31.80003611,-94.185088890,0,8,0,0,1,1,1,0,3,1,0,1,0,0000000,23,8,23,11,23,42,19,0,0,1,0
48,482155,2,2,0,0,0,2,2,199,3750,23,10,2011,1,15,5,1,2,2,US-69,,116,30.38195278,-94.316133330,0,12,6,1,18,1,1,0,1,10,0,10,0,0000000,88,88,88,88,88,88,0,0,0,1,0
48,482156,1,1,0,1,1,1,1,29,6090,27,10,2011,5,16,50,0,16,5,ROSA VERDE,,0,29.41776389,-98.504044440,0,8,0,0,1,1,1,0,1,1,0,1,0,0000000,99,99,99,99,99,99,0,0,0,1,0
48,482157,1,1,0,0,0,2,2,29,6090,28,10,2011,6,18,21,1,12,2,US-281,,205,29.50994722,-98.476597220,0,25,0,0,1,1,3,0,1,1,0,1,0,0000000,18,21,18,35,19,17,0,0,0,1,0
48,482158,1,1,0,1,1,1,1,39,130,29,10,2011,7,10,43,0,14,8,FM 1462,,123,29.39555556,-95.271488890,0,9,0,0,1,1,1,0,1,1,0,1,0,0000000,10,54,11,6,11,28,0,0,0,1,0
48,482159,2,2,0,0,0,3,3,113,2800,29,10,2011,7,17,35,0,16,5,ROBINSON RD,CROSSLAND BLVD,0,32.68131111,-97.018994440,0,12,6,0,2,3,1,1,1,1,0,1,0,0000000,17,43,17,47,18,22,0,0,0,1,0
48,482160,2,2,0,0,0,4,4,453,0,29,10,2011,7,16,37,0,6,4,SPICEWOOD SPRINGS RD,YAUPON DR,0,30.39094444,-97.776797220,0,12,6,0,2,3,1,0,1,1,0,1,0,0000000,88,88,88,88,88,88,0,0,0,1,1
48,482161,2,2,0,0,0,3,3,257,6830,18,8,2011,5,17,14,1,13,2,US-80,,161,32.73474167,-96.263725000,0,12,1,0,8,1,1,0,1,1,0,1,0,0000000,17,22,17,30,17,48,0,0,0,2,0
48,482162,1,1,0,0,0,1,1,439,2450,28,8,2011,1,18,20,0,16,5,RIVERSIDE DR,,0,32.87011667,-97.303186110,0,42,0,0,1,1,5,0,1,1,0,1,0,0000000,88,88,88,88,88,88,0,0,0,1,0
48,482163,1,1,0,0,0,1,1,303,4140,5,9,2011,2,21,28,0,16,5,39TH ST,,0,33.55835278,-101.907602780,0,42,0,0,1,1,5,0,2,1,0,1,0,0000000,88,88,88,88,88,88,0,0,0,1,0
48,482164,1,1,0,1,1,1,1,439,2450,15,9,2011,5,8,35,0,16,5,CROMART CT,,0,32.67403333,-97.367819440,0,8,0,0,1,1,1,0,1,10,0,10,0,0000000,8,40,8,42,8,58,0,0,0,1,0
48,482165,1,1,0,1,1,1,1,439,2450,17,9,2011,7,2,15,1,13,8,BU 287P,,74,32.68134444,-97.275750000,0,8,0,0,1,1,1,0,3,1,0,1,0,0000000,88,88,88,88,88,88,0,0,0,1,0
48,482166,2,2,0,0,0,2,2,339,0,4,10,2011,3,1,5,0,3,8,FM 1314,,135,30.17138333,-95.320050000,0,12,2,0,1,1,1,0,2,1,0,1,0,0000000,88,88,88,88,88,88,0,0,0,1,0
48,482167,2,2,0,0,0,2,2,479,0,6,10,2011,5,7,15,0,5,8,FM 1472,,105,27.75634167,-99.759069440,0,12,2,0,1,1,1,0,1,1,0,1,0,0000000,99,99,99,99,99,99,0,0,0,1,0
48,482168,2,2,0,0,0,3,3,15,0,7,10,2011,6,6,3,1,2,3,SR-36,,23,29.84599444,-96.175608330,0,12,2,0,1,1,1,1,2,10,0,10,0,0000000,6,27,6,49,7,25,0,0,0,1,0
48,482169,1,1,0,0,0,2,2,39,0,9,10,2011,1,6,18,0,6,4,208,,0,29.18951944,-95.293180560,0,53,0,0,1,1,4,0,2,2,0,2,0,0000000,6,25,6,58,8,2,0,0,0,1,1
48,482170,1,1,0,0,0,2,2,453,0,9,10,2011,1,0,29,0,6,4,LITTIG,,0,30.32370556,-97.464200000,0,42,0,0,1,1,5,0,2,10,0,10,0,0000000,0,14,0,30,99,99,0,0,0,1,1
48,482171,2,2,0,0,0,2,2,201,0,12,10,2011,4,6,15,0,6,4,ADDICKS SATSUMA,,0,29.86264444,-95.632877780,0,12,2,0,1,1,1,0,2,1,0,1,0,0000000,6,31,6,36,7,13,0,0,0,1,1
48,482172,1,1,0,0,0,2,2,223,0,12,10,2011,4,1,50,0,3,3,SR-11,,204,33.16618056,-95.697383330,0,11,0,0,1,1,1,0,2,1,0,1,0,0000000,1,53,2,4,2,38,0,0,0,1,0
48,482173,2,2,0,0,0,2,2,309,7210,13,10,2011,5,19,5,0,16,5,IMPERIAL DR,OLD HEWITT RD,0,31.49190278,-97.208133330,0,12,6,0,2,2,1,0,3,1,0,1,0,0000000,99,99,99,99,99,99,0,0,0,1,0
48,482174,2,2,0,0,0,2,2,201,0,14,10,2011,6,2,20,0,6,4,N SAM HOUSTON TOLLWAY,,0,29.93751389,-95.478050000,0,25,0,0,1,1,1,0,3,1,0,1,0,0000000,88,88,88,88,88,88,0,0,0,2,0
48,482175,1,1,0,0,0,1,1,371,0,15,10,2011,7,4,25,0,4,8,FM 1053,,230,31.02641111,-102.815930560,0,38,0,0,1,1,4,0,2,1,0,1,0,0000000,99,99,99,99,99,99,0,0,0,1,1
48,482176,1,1,0,1,1,1,1,201,3280,16,10,2011,1,2,50,0,16,5,S POST OAK RD,,0,29.64572222,-95.463466670,0,8,0,0,1,1,1,0,3,1,0,1,0,0000000,88,88,88,88,88,88,23,0,0,1,0
48,482177,1,1,0,1,1,2,2,201,3280,16,10,2011,1,3,13,1,11,1,I-45,NEYLAND,286,29.82623333,-95.380191670,0,18,0,0,1,1,4,1,3,1,0,1,0,0000000,88,88,88,88,88,88,0,0,0,1,1
48,482178,3,3,0,0,0,4,4,221,2780,16,10,2011,1,11,9,1,13,2,US-377,N TEMPLE HALL HWY,86,32.46372222,-97.714469440,0,12,6,0,2,3,1,0,1,1,0,1,0,0000000,11,13,11,26,12,5,0,0,0,1,0
48,482179,1,1,0,1,1,1,1,437,0,16,10,2011,1,15,47,0,4,2,US-87,,292,34.40726944,-101.758827780,0,9,0,0,1,1,1,0,1,1,0,1,0,0000000,99,99,99,99,99,99,0,0,0,1,0
48,482180,2,2,0,0,0,2,2,113,4530,19,10,2011,4,11,34,1,11,7,I-30,MOTLEY DR,227,32.81012222,-96.655138890,0,12,2,1,2,2,1,0,1,1,0,1,0,0000000,11,36,11,42,11,59,0,0,0,1,1
48,482181,1,1,0,1,1,2,2,201,0,19,10,2011,4,7,15,0,6,4,SKINNER RD,CYPRESS ORCHARD LN,0,29.98376944,-95.687327780,0,8,0,0,3,3,1,0,1,1,0,1,0,0000000,99,99,99,99,99,99,0,0,0,1,0
48,482182,1,1,0,0,0,1,1,283,0,19,10,2011,4,16,56,0,5,8,FM 469,,181,28.53534444,-99.081266670,0,1,0,0,1,1,1,0,1,1,0,1,0,0000000,88,88,88,88,88,88,0,0,0,1,0
48,482183,2,2,0,0,0,2,2,297,0,19,10,2011,4,19,12,0,3,3,SR-72,,88,28.46472500,-98.208719440,0,12,2,0,1,1,1,0,1,2,0,2,0,0000000,99,99,99,99,99,99,0,0,0,1,0
48,482184,2,2,0,0,0,6,6,25,0,20,10,2011,5,6,50,0,3,3,SR-72,,67,28.67325556,-98.002080560,0,12,2,0,1,1,1,0,4,1,0,1,0,0000000,7,14,7,37,8,10,0,0,0,1,0
48,482185,1,1,0,0,0,1,1,281,0,20,10,2011,5,18,15,0,5,8,FM 3415,,47,31.15915000,-98.401933330,0,59,0,0,1,1,4,0,1,1,0,1,0,0000000,18,31,19,9,19,45,0,0,0,1,0
48,482186,1,1,0,1,1,1,1,113,1730,22,10,2011,7,2,6,0,16,5,SKILLMAN ST,,0,32.88722778,-96.732919440,0,8,0,0,1,1,1,1,3,1,0,1,0,0000000,99,99,99,99,88,88,0,0,0,1,0
48,482187,1,1,0,0,0,1,1,183,4080,22,10,2011,7,16,54,0,14,8,FM 2206,,25,32.49422500,-94.810783330,0,32,0,0,1,1,4,0,1,1,0,1,0,0000000,16,54,16,57,17,16,0,0,0,1,1
48,482188,2,2,0,0,0,3,3,201,0,22,10,2011,7,2,44,0,6,4,VETERANS MEMORIAL DR,FRICK RD,0,29.92335000,-95.442000000,0,12,6,0,2,4,1,0,2,1,0,1,0,0000000,2,43,2,53,3,33,0,0,0,1,1
48,482189,1,1,0,0,0,2,2,355,0,22,10,2011,7,1,15,0,6,4,RIVER LN,,0,27.87409444,-97.618108330,0,42,0,0,1,1,4,0,2,1,0,1,0,0000000,99,99,99,99,99,99,0,0,0,1,1
48,482190,1,1,0,0,0,4,4,439,2800,22,10,2011,7,23,30,1,12,3,SR-360,,211,32.62097500,-97.073408330,0,33,0,0,1,1,3,0,2,1,0,1,0,0000000,23,37,23,49,0,20,0,0,0,2,0
48,482191,1,1,0,0,0,1,1,247,0,23,10,2011,1,9,57,0,4,8,FM649,,64,27.18342222,-98.934058330,0,1,0,0,1,1,4,0,1,1,0,1,0,0000000,88,88,88,88,88,88,0,0,0,1,0
48,482192,3,2,1,0,0,6,6,303,0,23,10,2011,1,12,30,1,2,2,US-62,,394,33.66661389,-101.610836110,0,12,1,0,8,1,1,0,1,1,0,1,0,0000000,12,38,12,53,13,24,0,0,0,1,0
48,482193,1,1,0,0,0,1,1,187,6237,24,10,2011,2,22,57,0,16,5,1ST ST,,0,29.55242778,-98.269911110,0,10,0,0,6,1,1,0,3,1,0,1,0,742632G,88,88,88,88,88,88,0,0,0,1,0
48,482194,1,1,0,0,0,1,1,201,3280,24,10,2011,2,13,49,1,11,1,I-10,,4,29.77006667,-95.348636110,0,25,0,0,1,1,3,0,1,1,0,1,0,0000000,88,88,88,88,88,88,0,0,0,1,0
48,482195,1,1,0,0,0,1,1,267,0,25,10,2011,3,11,44,1,1,1,I-10,,53,30.47928611,-99.735619440,0,1,0,0,1,1,1,0,1,6,0,6,0,0000000,14,45,14,53,15,18,0,0,0,1,0
48,482196,1,1,0,0,0,2,2,215,5181,26,10,2011,4,22,46,0,16,5,N BRYAN RD,,0,26.26751111,-98.300277780,0,38,0,0,1,1,4,0,2,1,0,1,0,0000000,99,99,99,99,23,3,0,0,0,1,1
48,482197,2,2,0,0,0,2,2,347,0,26,10,2011,4,6,45,0,3,3,SR-21,,12,31.67141389,-94.935008330,0,1,0,0,1,1,1,0,2,10,0,10,0,0000000,7,7,7,23,8,11,0,0,0,1,0
48,482198,1,1,0,0,0,1,1,497,0,26,10,2011,4,6,45,0,4,8,FM1655,FM1810,64,33.29245278,-97.732947220,0,38,0,0,3,3,4,0,2,1,0,1,0,0000000,88,88,88,88,88,88,0,0,0,1,0
48,482199,3,3,0,0,0,4,4,201,0,27,10,2011,5,20,16,1,13,8,FM1960,,274,29.99950278,-95.224102780,0,12,7,0,1,1,1,0,2,10,0,10,0,0000000,20,28,20,33,21,15,19,0,0,1,1
48,482200,2,2,0,0,0,3,3,113,1730,28,10,2011,6,13,41,1,13,3,SR-12,FORNEY RD,66,32.77800833,-96.682800000,0,12,6,0,2,2,1,0,1,1,0,1,0,0000000,13,43,13,48,14,19,0,0,0,1,0
48,482201,1,1,0,0,0,1,1,329,4560,28,10,2011,6,3,17,1,2,3,SR-191,,49,31.97466111,-102.247977780,0,59,0,1,19,1,3,0,2,10,0,10,0,0000000,88,88,88,88,88,88,0,0,0,1,1
48,482202,1,1,0,0,0,1,1,411,0,28,10,2011,6,4,45,0,4,3,SR-16,,171,31.12235833,-98.740286110,0,1,0,0,1,1,1,0,2,1,0,1,0,0000000,88,88,88,88,88,88,0,0,0,1,0
48,482203,1,1,0,0,0,1,1,13,0,30,10,2011,1,1,15,0,4,8,FM 541,,117,28.85945556,-98.355800000,0,42,0,0,1,1,4,0,2,1,0,1,0,0000000,88,88,88,88,88,88,0,0,0,1,1
48,482204,2,2,0,0,0,2,2,201,0,30,10,2011,1,21,45,1,12,8,LP-8,VETERANS MEMORIAL DR,30,29.93715000,-95.459672220,0,1,0,1,2,2,1,0,3,1,0,1,0,0000000,21,58,21,59,22,57,0,0,0,1,0
48,482205,2,2,0,0,0,3,3,215,1970,30,10,2011,1,2,11,1,12,3,SR-83,,342,26.18529444,-98.079555560,0,12,1,0,1,1,1,0,2,1,0,1,0,0000000,99,99,2,19,3,0,0,0,0,1,1
48,482206,1,1,0,0,0,1,1,369,0,30,10,2011,1,6,30,0,4,8,FM 1731,,89,34.38299444,-102.886297220,0,59,0,0,1,1,4,0,2,1,0,1,0,0000000,88,88,88,88,88,88,0,0,0,1,1
48,482207,1,1,0,0,0,2,2,403,0,30,10,2011,1,6,3,1,2,2,US-96,,123,31.16535833,-93.971713890,1,43,0,0,1,1,4,0,2,1,0,1,0,0000000,6,12,6,56,7,48,0,0,0,1,1
48,482208,1,1,0,1,1,3,3,29,6090,31,10,2011,2,21,51,1,11,1,I-10,,251,29.43291944,-98.501772220,0,8,0,1,18,1,1,0,3,1,0,1,0,0000000,88,88,88,88,88,88,0,0,0,1,0
48,482209,1,1,0,0,0,1,1,61,3030,31,10,2011,2,23,17,1,13,8,SL 499,BREEDLOVE RD,26,26.22398333,-97.697627780,0,46,0,0,3,2,4,0,3,1,0,1,0,0000000,88,88,88,88,88,88,0,0,0,1,0
48,482210,2,2,0,0,0,3,3,311,0,31,10,2011,2,7,0,0,4,3,SR-72,,60,28.48736389,-98.703033330,0,12,2,0,1,1,1,0,4,1,0,1,0,0000000,88,88,88,88,88,88,0,0,0,3,0
48,482211,2,2,0,0,0,4,4,439,0,1,2,2011,3,18,27,0,6,4,BURLESON RETTA RD,,0,32.56063333,-97.275377780,0,12,6,0,1,1,1,0,2,10,0,10,0,0000000,99,99,99,99,99,99,0,0,0,1,1
48,482212,1,1,0,0,0,1,1,439,0,20,2,2011,1,3,44,0,9,8,FM 2331,,99999,32.57268056,-97.489963890,0,32,0,0,1,1,4,0,2,10,0,10,0,0000000,88,88,88,88,88,88,0,0,0,1,1
48,482213,1,1,0,0,0,2,2,439,0,6,3,2011,1,10,51,0,6,4,NEWT PATTERSON RD,GIBSON CEMETERY RD,0,32.59695000,-97.187005560,0,42,0,0,1,1,4,0,1,1,0,1,0,0000000,99,99,99,99,99,99,0,0,0,1,0
48,482214,1,1,0,0,0,1,1,257,6830,24,3,2011,5,10,29,1,11,1,I-20,,62,32.70161667,-96.276261110,0,1,0,0,1,1,10,0,1,1,0,1,0,0000000,10,27,10,31,11,16,0,0,0,1,0
48,482215,1,1,0,0,0,1,1,439,0,6,5,2011,6,20,8,0,9,8,FM-2331,,99999,32.57152222,-97.490700000,0,24,0,0,1,1,4,0,5,1,0,1,0,0000000,20,17,20,43,21,4,0,0,0,1,1
48,482216,1,1,0,0,0,1,1,439,2450,2,7,2011,7,0,28,1,11,1,I-35 RAMP,,62,32.62419444,-97.321258330,0,1,0,1,5,1,10,0,3,1,0,1,0,0000000,88,88,88,88,88,88,0,0,0,1,1
48,482217,2,2,0,0,0,2,2,257,6830,5,9,2011,2,15,16,0,15,8,FM 429,,162,32.73923333,-96.248652780,0,12,2,0,1,1,1,0,1,1,0,1,0,0000000,88,88,88,88,88,88,0,0,0,2,0
48,482218,1,1,0,0,0,1,1,497,5710,13,9,2011,3,13,22,1,2,2,US-81,,158,33.04572222,-97.470580560,0,24,0,1,18,1,10,0,1,10,0,10,0,0000000,13,25,13,33,14,30,0,0,0,1,0
48,482219,1,1,0,1,1,4,4,29,0,4,10,2011,3,8,3,0,5,8,FM 1303,,19,29.20601944,-98.335080560,0,9,0,0,1,1,1,0,1,1,0,1,0,0000000,8,3,8,24,9,2,0,0,0,1,0
48,482220,1,1,0,1,1,1,1,29,6090,5,10,2011,4,7,1,1,2,2,US-181,ELMENDORF LAVERNIA RD,161,29.26684444,-98.304938890,0,8,0,0,3,1,1,0,2,10,0,10,0,0000000,88,88,88,88,88,88,0,0,0,1,0
48,482221,1,1,0,0,0,1,1,241,0,5,10,2011,4,21,15,0,6,4,554,,0,30.68607500,-93.884630560,0,42,0,0,1,1,4,0,2,1,0,1,0,0000000,88,88,88,88,88,88,0,0,0,1,0
48,482222,1,1,0,0,0,1,1,401,4895,5,10,2011,4,17,45,0,5,8,FM918,,81,32.29234444,-94.922258330,0,1,0,0,1,1,4,0,1,1,0,1,0,0000000,88,88,88,88,88,88,0,0,0,1,0
48,482223,1,1,0,1,1,1,1,467,0,5,10,2011,4,1,14,1,1,1,I-20,,243,32.51539722,-95.688863890,0,8,0,0,1,1,1,0,2,1,0,1,0,0000000,88,88,88,88,88,88,19,0,0,1,0
48,482224,1,1,0,0,0,1,1,29,0,8,10,2011,7,2,19,1,2,8,FM471,,122,29.52281111,-98.799558330,0,30,0,0,1,1,4,0,2,10,0,10,0,0000000,88,88,88,88,88,88,0,0,0,1,1
48,482225,1,1,0,1,1,1,1,467,0,8,10,2011,7,22,15,0,4,8,FM279,,83,32.37696944,-95.620677780,0,8,0,0,1,1,1,0,2,2,0,2,0,0000000,88,88,88,88,88,88,0,0,0,1,0
48,482226,1,1,0,0,0,3,3,303,4140,9,10,2011,1,2,9,9,19,8,FM835,,123,33.54892778,-101.804169440,0,30,0,0,1,1,4,0,3,10,0,10,0,0000000,2,11,2,15,2,43,0,0,0,1,1
48,482227,3,3,0,0,0,6,6,113,3880,17,10,2011,2,18,56,1,13,3,SR-342,CEDARDALE,191,32.64085000,-96.778655560,0,12,6,0,2,2,1,0,1,1,0,1,0,0000000,99,99,18,57,19,25,0,0,0,1,0
48,482228,1,1,0,0,0,1,1,365,0,17,10,2011,2,22,14,0,3,3,SR-149,FM959,87,32.21393056,-94.432022220,0,59,0,0,3,4,4,0,2,1,0,1,0,0000000,99,99,22,38,23,22,20,0,0,1,0
48,482229,2,2,0,0,0,2,2,141,2190,22,10,2011,7,6,20,1,13,2,US-62,OASIS,187,31.79991944,-106.316400000,0,12,6,0,2,2,1,0,3,1,0,1,0,0000000,6,21,6,26,7,14,0,0,0,1,1
48,482230,1,1,0,0,0,1,1,401,0,23,10,2011,1,20,40,0,4,8,FM95,,240,31.97855000,-94.674966670,0,42,0,0,1,1,4,0,2,1,0,1,0,0000000,99,99,99,99,99,99,0,0,0,1,1