STATE,ST_CASE,VE_TOTAL,VE_FORMS,PVH_INVL,PEDS,PERNOTMVIT,PERMVIT,PERSONS,COUNTY,CITY,DAY,MONTH,YEAR,DAY_WEEK,HOUR,MINUTE,NHS,ROAD_FNC,ROUTE,TWAY_ID,TWAY_ID2,MILEPT,LATITUDE,LONGITUD,SP_JUR,HARM_EV,MAN_COLL,RELJCT1,RELJCT2,TYP_INT,REL_ROAD,WRK_ZONE,LGT_COND,WEATHER1,WEATHER2,WEATHER,SCH_BUS,RAIL,NOT_HOUR,NOT_MIN,ARR_HOUR,ARR_MIN,HOSP_HR,HOSP_MN,CF1,CF2,CF3,FATALS,DRUNK_DR
48,482231,1,1,0,0,0,1,1,355,1550,25,10,2011,3,15,16,1,11,1,I-37,,62,27.80996944,-97.499241670,0,1,0,0,1,1,1,0,1,1,0,1,0,0000000,99,99,99,99,99,99,0,0,0,1,0
48,482232,2,1,1,0,1,1,2,423,0,25,10,2011,3,8,43,0,3,3,SR-31,,183,32.36111944,-95.170238890,0,14,0,0,1,1,2,0,1,1,0,1,0,0000000,99,99,99,99,99,99,0,0,0,1,0
48,482233,3,3,0,0,0,4,4,57,0,26,10,2011,4,6,14,0,4,3,SR-185,,52,28.57730000,-96.827725000,0,12,2,0,1,1,2,0,4,1,0,1,0,0000000,6,14,6,26,7,5,0,0,0,1,0
48,482234,1,1,0,0,0,1,1,141,2190,26,10,2011,4,1,20,0,16,5,HAWKINS BLVD,,0,31.77795278,-106.373008330,0,42,0,0,1,1,4,0,3,1,0,1,0,0000000,1,22,1,27,1,41,0,0,0,1,1
48,482235,1,1,0,1,1,1,1,141,2190,26,10,2011,4,8,54,0,16,5,E CLIFF DR,N STANTON,0,31.76883889,-106.494516670,0,8,0,0,3,2,1,0,1,1,0,1,0,0000000,99,99,99,99,99,99,0,0,0,1,0
48,482236,1,1,0,0,0,1,1,141,3276,26,10,2011,4,20,24,1,11,1,I-10,,367,31.68201667,-106.262636110,0,57,0,0,1,1,3,0,3,1,0,1,0,0000000,88,88,88,88,88,88,0,0,0,1,0
48,482237,1,1,0,0,0,1,1,213,0,26,10,2011,4,2,0,0,5,8,FM 2709,,18,32.31017500,-95.971219440,0,32,0,0,1,1,4,0,2,1,0,1,0,0000000,88,88,88,88,88,88,0,0,0,1,1
48,482238,1,1,0,1,1,1,1,355,1550,27,10,2011,5,20,24,0,16,5,BALDWIN BLVD,,0,27.77838056,-97.430180560,0,8,0,0,1,1,1,0,2,1,0,1,0,0000000,21,33,21,41,99,99,0,0,0,1,1
48,482239,1,1,0,1,1,2,2,1,0,29,10,2011,7,11,25,0,4,8,FM 322,,330,31.71824444,-95.627013890,0,8,0,0,1,1,1,0,1,1,0,1,0,0000000,11,32,11,37,11,53,0,0,0,1,0
48,482240,1,1,0,0,0,1,1,203,0,29,10,2011,7,2,58,0,3,2,US-80,,331,32.48614167,-94.124280560,0,59,0,0,1,1,4,0,2,1,0,1,0,0000000,88,88,88,88,88,88,0,0,0,1,1
48,482241,1,1,0,0,0,1,1,91,0,30,10,2011,1,16,45,0,6,4,SUMMIT DRIVE,,0,29.83906111,-98.155975000,0,43,0,0,1,1,4,0,1,1,0,1,0,0000000,88,88,88,88,88,88,0,0,0,1,0
48,482242,1,1,0,0,0,1,1,355,1550,30,10,2011,1,3,19,0,16,5,LAGUNA SHORES ROAD,,0,27.63646944,-97.287666670,0,53,0,0,1,1,4,0,3,1,0,1,0,0000000,88,88,88,88,88,88,0,0,0,1,0
48,482243,1,1,0,2,2,2,2,167,0,31,10,2011,2,20,13,0,5,8,SL 108,,48,29.38220833,-94.760602780,0,8,0,0,8,1,1,4,2,1,0,1,0,0000000,99,99,99,99,99,99,0,0,0,1,0
48,482244,1,1,0,0,0,1,1,113,1730,1,11,2011,3,11,53,1,11,1,I-30,,76,32.79101389,-96.737750000,0,33,0,1,5,1,8,0,1,1,0,1,0,0000000,88,88,88,88,88,88,0,0,0,1,1
48,482245,1,1,0,0,0,1,1,201,0,1,11,2011,3,6,37,0,6,4,ALDINE MAIL RD,,0,29.90229444,-95.353372220,0,1,0,0,1,1,4,0,2,1,0,1,0,0000000,88,88,88,88,88,88,0,0,0,1,0
48,482246,1,1,0,0,0,1,1,225,0,1,11,2011,3,3,45,0,4,2,US-287,,152,31.35135833,-95.476227780,0,1,0,0,1,1,4,0,2,1,0,1,0,0000000,88,88,88,88,88,88,0,0,0,1,0
48,482247,1,1,0,0,0,2,2,355,1550,1,11,2011,3,11,45,0,16,5,KOSTORYZ RD,,0,27.73811389,-97.407094440,0,30,0,0,1,1,4,1,1,1,0,1,0,0000000,11,45,12,7,12,32,0,0,0,1,0
48,482248,2,2,0,0,0,2,2,393,0,1,11,2011,3,7,24,1,2,3,SR-60,,54,35.66848333,-100.669569440,0,12,2,0,1,1,1,0,2,1,0,1,0,0000000,7,29,8,2,10,1,0,0,0,1,0
48,482249,3,3,0,2,2,2,2,439,590,1,11,2011,3,22,7,1,13,2,US-377,,46,32.67893611,-97.464269440,0,12,1,0,1,1,1,0,2,1,0,1,0,0000000,22,18,22,24,22,43,19,0,0,1,0
48,482250,2,2,0,0,0,4,4,453,330,1,11,2011,3,14,0,0,16,5,WILLIAM CANNON DR,,0,30.21534167,-97.833052780,0,12,6,0,8,1,1,0,1,1,0,1,0,0000000,14,1,14,4,14,31,0,0,0,1,0
48,482251,1,1,0,0,0,2,2,29,6090,1,11,2011,3,23,55,0,16,5,ZARZAMORA,,0,29.40602500,-98.529786110,0,30,0,0,1,1,4,0,3,1,0,1,0,0000000,23,57,0,6,99,99,0,0,0,1,1
48,482252,2,2,0,1,1,2,2,113,1730,2,11,2011,4,21,48,1,12,2,US-75,,58,32.78553333,-96.792052780,0,8,0,0,1,1,1,0,3,10,0,10,0,0000000,99,99,99,99,88,88,23,0,0,1,0
48,482253,2,2,0,0,0,2,2,201,5230,2,11,2011,4,15,27,1,12,7,SL 8,,170,29.68089167,-95.154986110,0,12,6,0,8,1,1,0,1,1,0,1,0,0000000,99,99,99,99,99,99,0,0,0,1,0
48,482254,2,2,0,0,0,2,2,233,0,2,11,2011,4,6,5,0,3,3,SR-136,,206,35.80055000,-101.434413890,0,11,0,0,1,1,1,0,2,10,0,10,0,0000000,88,88,88,88,88,88,0,0,0,1,0
48,482255,2,2,0,0,0,2,2,375,150,2,11,2011,4,18,23,0,14,8,FM 1912,,21,35.23682778,-101.653555560,0,12,6,0,1,1,1,0,1,6,0,6,0,0000000,17,23,17,36,18,10,0,0,0,1,0
48,482256,2,2,0,0,0,4,4,29,6090,3,11,2011,5,2,26,1,12,2,US-90,,53,29.40678611,-98.576480560,0,12,1,0,1,1,1,0,3,1,0,1,0,0000000,2,29,2,33,3,19,0,0,0,1,2
48,482257,1,1,0,0,0,2,2,85,5390,3,11,2011,5,0,6,0,16,5,PLANO PKWY,,0,33.00725833,-96.668175000,0,1,0,0,1,1,4,0,3,10,0,10,0,0000000,0,8,0,13,0,34,0,0,0,1,1
48,482258,2,2,0,0,0,12,12,141,2190,3,11,2011,5,9,3,1,12,2,US-54,FM 2529,228,31.98676389,-106.345044440,0,12,6,0,2,2,1,0,1,1,0,1,0,0000000,9,17,9,25,9,54,0,0,0,1,0
48,482259,2,2,0,0,0,2,2,167,2570,3,11,2011,5,18,15,1,13,3,SR-275,OLD PORT INDUSTRIAL RD,43,29.30640833,-94.800686110,0,12,2,0,2,4,1,0,1,1,0,1,0,0000000,99,99,99,99,99,99,0,0,0,1,0
48,482260,1,1,0,0,0,1,1,267,3550,3,11,2011,5,10,48,1,1,1,I-10 RAMP,,227,30.50793611,-99.773386110,0,59,0,1,5,1,4,0,1,1,0,1,0,0000000,88,88,88,88,88,88,0,0,0,1,0
48,482261,1,1,0,0,0,1,1,381,0,3,11,2011,5,0,17,1,13,8,SL335,,13,35.12921111,-101.938397220,0,1,0,0,1,1,4,0,2,1,0,1,0,0000000,88,88,88,88,88,88,0,0,0,1,1
48,482262,1,1,0,0,0,1,1,49,950,4,11,2011,6,20,24,0,16,5,MAGNOLIA ST,,0,31.68641667,-98.976791670,0,18,0,0,1,1,4,0,3,1,0,1,0,0000000,20,33,20,51,21,43,0,0,0,1,1
48,482263,1,1,0,0,0,2,2,167,2570,4,11,2011,6,22,7,1,11,7,I-45,,114,29.28687222,-94.855377780,0,43,0,0,1,1,10,0,3,1,0,1,0,0000000,88,88,88,88,88,88,0,0,0,2,1
48,482264,1,1,0,0,0,1,1,251,2690,4,11,2011,6,7,2,0,16,5,E RAILROAD ST,,0,32.44347222,-97.525925000,0,10,0,0,6,1,1,0,4,1,0,1,0,021573R,7,5,7,19,7,51,0,0,0,1,0
48,482265,2,2,0,0,0,2,2,167,2570,5,11,2011,7,20,15,1,13,3,SR-275,51 ST,26,29.29814444,-94.826333330,0,12,2,0,2,2,1,0,3,1,0,1,0,0000000,99,99,99,99,99,99,0,0,0,1,1
48,482266,2,2,0,0,0,2,2,113,1730,6,11,2011,1,17,45,0,16,5,MILITARY PKWY,SCOTTSDALE DR,0,32.77063889,-96.689408330,0,12,6,0,2,2,1,0,5,10,0,10,0,0000000,17,48,17,52,18,9,0,0,0,1,0
48,482267,1,1,0,0,0,1,1,135,5030,6,11,2011,1,1,28,0,16,5,S WASHINGTON AVE,,0,31.84221111,-102.370966670,0,42,0,0,1,1,4,0,2,1,0,1,0,0000000,88,88,88,88,88,88,0,0,0,1,1
48,482268,1,1,0,0,0,1,1,381,0,6,11,2011,1,10,35,0,4,8,FM168,,66,34.81956667,-102.115708330,0,1,0,0,1,1,4,0,1,1,0,1,0,0000000,88,88,88,88,88,88,0,0,0,1,0
48,482269,1,1,0,0,0,1,1,5,0,7,11,2011,2,7,50,0,6,4,GOLF COURSE RD,,0,31.35137222,-94.645819440,0,38,0,0,1,1,4,0,1,1,0,1,0,0000000,88,88,88,88,88,88,0,0,0,1,0
48,482270,2,2,0,0,0,4,4,65,0,7,11,2011,2,17,21,1,1,1,I-40,,0,35.20711389,-101.621733330,0,12,6,0,1,1,4,0,5,2,0,2,0,0000000,17,21,17,48,18,13,0,0,0,1,0
48,482271,1,1,0,0,0,1,1,373,0,7,11,2011,2,23,17,0,4,8,FM1276,,134,30.58638333,-94.623766670,0,59,0,0,1,1,4,0,2,10,0,10,0,0000000,88,88,88,88,88,88,0,0,0,1,0
48,482272,1,1,0,1,1,1,1,439,2450,7,11,2011,2,18,13,0,16,5,GARDEN ACRES DR,,0,32.59917778,-97.311752780,0,8,0,0,1,1,1,0,2,1,0,1,0,0000000,88,88,88,88,88,88,0,0,0,1,0
48,482273,2,2,0,0,0,4,4,85,200,8,11,2011,3,11,55,1,2,3,SR-121,,102,33.31604167,-96.506772220,0,12,2,0,1,1,1,0,1,2,0,2,0,0000000,99,99,99,99,99,99,0,0,0,1,0
48,482274,4,4,0,0,0,4,4,373,0,8,11,2011,3,6,15,9,99,2,US-190,,96,30.76174167,-95.027847220,0,12,7,0,1,1,1,0,4,10,0,10,0,0000000,99,99,99,99,6,43,0,0,0,1,0
48,482275,2,2,0,1,1,2,2,439,2450,8,11,2011,3,22,46,1,11,1,I-35W,,58,32.72704722,-97.320352780,0,8,0,0,1,1,1,0,3,1,0,1,0,0000000,88,88,88,88,88,88,0,0,0,1,0
48,482276,2,2,0,0,0,3,3,85,2520,9,11,2011,4,13,33,1,13,2,US-380,BS289D,22,33.21901111,-96.801155560,0,12,6,0,2,2,1,1,1,1,0,1,0,0000000,13,34,13,41,14,3,0,0,0,1,0
48,482277,2,2,0,0,0,3,3,375,0,9,11,2011,4,3,15,1,1,1,I-40,,110,35.18955000,-101.991063890,0,12,2,0,1,1,1,0,2,1,0,1,0,0000000,88,88,88,88,88,88,0,0,0,1,1
48,482278,2,2,0,0,0,2,2,27,6810,10,11,2011,5,0,5,0,14,3,SR-317,,89,31.15356944,-97.428783330,0,12,6,0,1,1,1,0,2,1,0,1,0,0000000,88,88,88,88,88,88,0,0,0,1,0
48,482279,1,1,0,0,0,1,1,29,6090,10,11,2011,5,20,35,0,16,5,OCONNOR RD,,0,29.59309444,-98.399761110,0,38,0,0,1,1,4,0,3,1,0,1,0,0000000,88,88,88,88,88,88,0,0,0,1,1
48,482280,1,1,0,0,0,1,1,491,3925,10,11,2011,5,21,32,0,16,5,183A TOLLWAY,,0,30.58472222,-97.837772220,0,1,0,0,1,1,1,1,2,1,0,1,0,0000000,88,88,88,88,88,88,0,0,0,1,1
48,482281,1,1,0,0,0,1,1,309,7210,11,11,2011,6,15,15,0,16,5,MARTIN AVE,9TH ST,0,31.53076944,-97.107511110,0,32,0,0,3,3,4,0,1,1,0,1,0,0000000,15,19,15,24,15,39,0,0,0,1,0
48,482282,1,1,0,0,0,4,4,351,0,12,11,2011,7,22,55,0,6,4,OLD HIGHWAY 87,,0,30.31030278,-93.791311110,0,1,0,0,1,1,4,0,2,1,0,1,0,0000000,99,99,99,99,99,99,0,0,0,2,0
48,482283,1,1,0,1,1,1,1,113,1730,13,11,2011,1,17,54,1,13,8,SL 12,,207,32.85565833,-96.865086110,0,8,0,0,1,1,1,0,3,1,0,1,0,0000000,88,88,88,88,88,88,0,0,0,1,0
48,482284,1,1,0,0,0,1,1,237,3460,13,11,2011,1,4,24,0,3,2,US-380,,154,33.21656667,-98.179133330,0,42,0,0,1,1,4,0,3,1,0,1,0,0000000,4,34,5,15,6,17,0,0,0,1,1
48,482285,2,2,0,0,0,5,5,309,7210,13,11,2011,1,12,57,1,11,7,I-35,US-77,143,31.57675556,-97.113058330,0,12,6,1,2,2,1,0,1,1,0,1,0,0000000,13,15,13,19,13,38,0,0,0,1,0
48,482286,2,2,0,0,0,6,6,29,6090,20,11,2011,1,12,20,1,11,1,I-410,,407,29.32050278,-98.499700000,0,12,6,0,1,1,1,0,1,10,0,10,0,0000000,12,23,12,26,13,7,0,0,0,2,1
48,482287,1,1,0,1,1,1,1,29,6090,20,11,2011,1,19,10,1,13,8,SS 421,BENRUS,112,29.47532500,-98.582277780,0,8,0,0,3,2,1,0,3,1,0,1,0,0000000,88,88,88,88,88,88,0,0,0,1,0
48,482288,1,1,0,0,0,1,1,121,3960,26,11,2011,7,1,7,1,11,7,I-35E,,73,33.05129167,-97.009333330,0,1,0,0,1,1,4,0,3,2,0,2,0,0000000,88,88,88,88,88,88,0,0,0,1,1
48,482289,2,2,0,0,0,2,2,441,30,28,11,2011,2,17,7,0,14,8,BI 20R/US-80,WASHINGTON BLVD,83,32.44875278,-99.711436110,0,12,6,0,2,3,1,0,1,1,0,1,0,0000000,88,88,88,88,88,88,0,0,0,1,0
48,482290,2,2,0,0,0,3,3,201,3580,29,11,2011,3,15,2,1,11,7,I-10,KATY MILLS BLVD,4,29.78437778,-95.807405560,0,12,6,1,2,2,1,0,1,1,0,1,0,0000000,99,99,99,99,99,99,0,0,0,1,0
48,482291,4,2,2,0,1,2,3,201,3280,22,7,2011,6,12,25,1,12,2,US-290,,347,29.84030556,-95.491027780,0,14,0,0,1,1,2,0,1,10,0,10,0,0000000,88,88,88,88,88,88,0,0,0,1,0
48,482292,2,2,0,0,0,2,2,439,2450,11,8,2011,5,11,30,0,16,5,BRYANT IRVIN RD,OVERTON RIDGE BLVD,0,32.67691111,-97.416588890,0,12,1,0,3,2,1,0,1,1,0,1,0,0000000,88,88,88,88,88,88,0,0,0,1,0
48,482293,2,2,0,0,0,2,2,201,3280,26,8,2011,6,15,57,1,12,2,US-59,,61,29.72951944,-95.457977780,0,23,0,1,19,1,4,0,1,1,0,1,0,0000000,15,59,16,5,88,88,0,0,0,1,1
48,482294,1,1,0,1,1,1,1,39,0,4,9,2011,1,20,45,0,15,8,FM523,,24,29.17257500,-95.393508330,0,8,0,0,1,1,1,0,2,1,0,1,0,0000000,88,88,88,88,88,88,19,0,0,1,1
48,482295,1,1,0,0,0,1,1,201,3280,13,9,2011,3,19,35,0,16,5,MARTIN LUTHER KING BLVD,,0,29.63280278,-95.338986110,0,1,0,0,1,1,4,0,1,1,0,1,0,0000000,19,37,19,47,20,9,0,0,0,1,1
48,482296,2,2,0,0,0,3,3,439,2450,14,9,2011,4,22,4,0,16,5,MILLER AVE,,0,32.69542222,-97.262916670,0,12,6,0,8,1,1,0,3,1,0,1,0,0000000,22,5,22,11,22,30,0,0,0,1,0
48,482297,2,2,0,0,0,2,2,29,0,15,9,2011,5,18,11,0,4,8,SL1604,,417,29.23301389,-98.564794440,0,12,7,0,1,1,2,0,2,1,0,1,0,0000000,88,88,88,88,88,88,0,0,0,1,0
48,482298,1,1,0,0,0,1,1,29,0,15,9,2011,5,17,40,0,6,4,CANYON GOLF RD,,0,29.67242500,-98.475616670,0,33,0,0,1,1,4,0,1,1,0,1,0,0000000,88,88,88,88,88,88,0,0,0,1,1
48,482299,1,1,0,1,1,2,2,201,3280,16,9,2011,6,22,19,0,16,5,MCAVOY DR,,0,29.68894167,-95.503711110,0,8,0,0,1,1,1,0,2,99,0,99,0,0000000,99,99,99,99,99,99,0,0,0,1,0
48,482300,1,1,0,1,1,2,2,29,295,30,9,2011,6,22,11,1,1,1,I-35,S LUCKEY RD,26,29.24928056,-98.748858330,0,8,0,0,1,1,1,0,2,10,0,10,0,0000000,99,99,99,99,99,99,0,0,0,1,0
48,482301,2,2,0,0,0,4,4,83,0,1,10,2011,7,18,54,1,2,2,US-67,,34,31.76878333,-99.652683330,0,12,2,0,1,1,1,0,1,1,0,1,0,0000000,19,5,19,44,20,16,0,0,0,3,0
48,482302,1,1,0,0,0,1,1,37,0,3,10,2011,2,13,40,1,1,1,I-30,,43,33.34453333,-94.657552780,0,42,0,0,1,1,4,0,1,1,0,1,0,0000000,88,88,88,88,88,88,0,0,0,1,0
48,482303,1,1,0,1,1,1,1,201,3280,5,10,2011,4,6,30,0,16,5,11TH ST,HEIGHTS BLVD,0,29.79068889,-95.397611110,0,8,0,0,3,2,1,0,2,1,0,1,0,0000000,99,99,99,99,99,99,0,0,0,1,0
48,482304,1,1,0,0,0,1,1,119,0,7,10,2011,6,23,0,0,5,8,FM-1529,,50,33.34473056,-95.652469440,0,31,0,0,1,1,4,0,2,10,0,10,0,0000000,88,88,88,88,88,88,0,0,0,1,1
48,482305,1,1,0,1,1,1,1,201,7286,10,10,2011,2,22,34,0,16,5,BAY AREA BLVD,,0,29.54691667,-95.131294440,0,8,0,0,1,1,1,0,2,1,0,1,0,0000000,22,41,23,1,23,23,0,0,0,1,0
48,482306,1,1,0,0,0,1,1,79,0,13,10,2011,5,7,50,0,4,3,SR-125,SR-214,179,33.62234167,-102.798638890,0,59,0,0,3,3,4,0,9,1,0,1,0,0000000,99,99,99,99,99,99,0,0,0,1,1
48,482307,3,3,0,0,0,10,10,133,0,14,10,2011,6,21,23,1,1,1,I-20,,97,32.37516389,-98.954927780,0,12,6,0,1,1,1,0,2,1,0,1,0,0000000,21,27,21,40,22,56,0,0,0,3,1
48,482308,2,1,1,1,2,1,2,201,3280,14,10,2011,6,20,25,1,13,1,I-45,MT HOUSTON RD,340,29.89834167,-95.412452780,0,14,0,1,18,1,2,0,3,1,0,1,0,0000000,20,39,20,40,21,9,0,0,0,1,1
48,482309,1,1,0,0,0,1,1,113,1730,15,10,2011,7,1,50,0,16,5,COOPER DR,,0,32.76107778,-96.767666670,0,30,0,0,1,1,4,0,3,1,0,1,0,0000000,1,56,2,1,2,22,0,0,0,1,0
48,482310,1,1,0,0,0,1,1,209,0,15,10,2011,7,10,45,0,4,8,RM-150,,96,30.08460833,-98.012236110,0,59,0,0,1,1,2,0,1,1,0,1,0,0000000,88,88,88,88,88,88,0,0,0,1,0
48,482311,1,1,0,0,0,1,1,351,0,15,10,2011,7,21,24,0,3,3,SR-63,,100,31.06475833,-93.529908330,0,11,0,0,1,1,1,0,2,1,0,1,0,0000000,88,88,88,88,88,88,0,0,0,1,0
48,482312,1,1,0,0,0,1,1,185,0,16,10,2011,1,12,30,0,5,8,FM3090,,123,30.49096111,-96.065630560,0,1,0,0,1,1,4,0,1,1,0,1,0,0000000,12,33,12,54,14,25,0,0,0,1,0
48,482313,4,4,0,0,0,8,8,215,4197,16,10,2011,1,2,41,1,13,3,SR-336,W NOLANA AVE,48,26.23929722,-98.223727780,0,12,7,0,3,2,1,0,3,1,0,1,0,0000000,2,43,2,47,3,10,0,0,0,1,1
48,482314,1,1,0,0,0,2,2,231,0,17,10,2011,2,8,35,1,1,1,I-30,,292,33.12975556,-95.872472220,0,25,0,0,1,1,3,0,1,1,0,1,0,0000000,99,99,99,99,99,99,0,0,0,1,0
48,482315,3,2,1,0,0,4,4,201,3280,18,10,2011,3,23,19,0,16,5,CLEBURNE ST,DOWLING ST,0,29.72881111,-95.369486110,0,12,6,0,2,2,1,0,3,1,0,1,0,0000000,23,20,23,24,23,51,0,0,0,1,0
48,482316,1,1,0,0,0,1,1,189,0,19,10,2011,4,13,13,0,6,4,Q,,0,34.08444167,-101.818408330,0,10,0,0,6,1,1,0,1,1,0,1,0,017309B,88,88,88,88,88,88,0,0,0,1,0
48,482317,2,2,0,0,0,3,3,395,0,19,10,2011,4,16,5,0,3,3,SR-7,WILLOW CREEK RD,30,31.27243333,-96.427627780,0,12,6,0,2,2,1,0,1,1,0,1,0,0000000,88,88,88,88,88,88,0,0,0,2,0
48,482318,2,2,0,0,0,2,2,497,0,19,10,2011,4,17,10,0,3,3,SR-114,,211,33.17097222,-97.710066670,0,12,8,0,1,1,1,0,1,1,0,1,0,0000000,88,88,88,88,88,88,0,0,0,1,0
48,482319,1,1,0,0,0,1,1,215,4197,24,10,2011,2,2,50,1,13,8,FM2220,,141,26.25641667,-98.253347220,0,1,0,0,1,1,4,0,3,1,0,1,0,0000000,88,88,88,88,88,88,0,0,0,1,0
48,482320,2,1,1,0,0,1,1,223,0,21,10,2011,6,1,0,0,4,8,FM3236,,33,33.25131667,-95.534533330,0,58,0,0,1,1,4,0,2,1,0,1,0,0000000,1,2,1,15,1,47,0,0,0,1,1
48,482321,1,1,0,0,0,3,3,31,0,22,10,2011,7,4,35,0,6,4,205,,0,30.19207500,-98.511294440,0,42,0,0,1,1,4,0,2,1,0,1,0,0000000,4,54,5,9,6,47,0,0,0,1,1
48,482322,2,2,0,0,0,2,2,227,0,22,10,2011,7,9,0,1,2,2,US-87,,85,32.41992222,-101.588544440,0,12,1,0,1,1,1,0,1,1,0,1,0,0000000,99,99,99,99,99,99,0,0,0,1,1
48,482323,2,2,0,0,0,2,2,61,0,23,10,2011,1,4,0,0,4,8,FM-2520,,40,26.08215833,-97.676491670,0,12,1,0,8,1,2,0,2,1,0,1,0,0000000,88,88,88,88,88,88,0,0,0,1,1
48,482324,1,1,0,1,1,1,1,201,3280,23,10,2011,1,19,44,1,12,7,SL 8,SOUTHWEST FWY,82,29.66102500,-95.558530560,0,8,0,1,3,2,1,0,3,10,0,10,0,0000000,19,45,19,48,20,9,0,0,0,1,0
48,482325,5,5,0,1,1,8,8,439,2450,23,10,2011,1,18,30,1,11,1,I-30,,152,32.74823056,-97.303466670,0,9,0,0,1,1,1,0,1,1,0,1,0,0000000,88,88,88,88,88,88,0,0,0,1,0
48,482326,1,1,0,1,1,1,1,201,3280,24,10,2011,2,2,0,0,16,5,AVE U,,0,29.75093333,-95.302355560,0,8,0,0,1,1,1,0,2,1,0,1,0,0000000,88,88,88,88,88,88,0,0,0,1,0
48,482327,2,2,0,0,0,3,3,201,3280,24,10,2011,2,10,15,1,11,1,I-10,ELDRIDGE PKWY,118,29.78426944,-95.617647220,0,12,6,1,2,2,1,0,1,10,0,10,0,0000000,10,24,10,31,11,6,0,0,0,1,0
48,482328,1,1,0,0,0,1,1,217,0,25,10,2011,3,23,55,0,3,3,SR-174,,49,32.15901389,-97.416275000,0,1,0,0,1,1,4,0,2,1,0,1,0,0000000,88,88,88,88,88,88,0,0,0,1,0
48,482329,1,1,0,1,1,1,1,113,1240,26,10,2011,4,13,35,0,16,5,OLD CLARK RD,,0,32.60903611,-96.942625000,0,9,0,0,1,1,1,0,1,1,0,1,0,0000000,99,99,99,99,99,99,0,0,0,1,0
48,482330,2,2,0,0,0,2,2,303,4140,26,10,2011,4,17,30,0,16,5,INDIANA AVE,INDIANA DR,0,33.52285278,-101.887750000,0,12,6,0,2,2,1,0,1,1,0,1,0,0000000,17,32,17,34,17,58,0,0,0,1,0
48,482331,2,2,0,0,0,2,2,439,260,26,10,2011,4,22,56,1,12,3,SR-360,,116,32.75733889,-97.063444440,0,12,6,0,1,1,1,0,3,1,0,1,0,0000000,22,56,22,59,23,26,19,0,0,1,0
48,482332,2,2,0,0,0,2,2,181,0,27,10,2011,5,16,29,0,4,8,FM120,,15,33.84095000,-96.678022220,0,12,8,0,1,1,1,0,1,2,0,2,0,0000000,99,99,99,99,99,99,0,0,0,2,1
48,482333,1,1,0,0,0,1,1,201,3280,29,10,2011,7,20,0,0,16,5,MARKET ST,,0,29.76952222,-95.264891670,0,1,0,0,1,1,1,0,1,1,0,1,0,0000000,88,88,88,88,88,88,0,0,0,1,1
48,482334,1,1,0,0,0,1,1,209,0,29,10,2011,7,17,24,0,6,4,MT SHART RD,,0,30.09690833,-98.171936110,0,1,0,0,1,1,4,0,1,1,0,1,0,0000000,17,41,18,3,18,44,0,0,0,1,0
48,482335,3,3,0,0,0,4,4,423,7070,29,10,2011,7,12,58,1,13,8,SL323,NEW COPELAND RD,196,32.30295556,-95.290111110,0,12,2,0,2,2,1,0,1,1,0,1,0,0000000,13,3,13,10,13,37,0,0,0,1,0
48,482336,1,1,0,0,0,1,1,485,0,29,10,2011,7,2,43,0,4,3,SR-258,,74,33.85576667,-98.729308330,0,32,0,0,1,1,4,0,2,1,0,1,0,0000000,88,88,88,88,88,88,20,0,0,1,1
48,482337,2,2,0,0,0,2,2,181,0,30,10,2011,1,22,15,1,2,2,US-82,GIBBONS RD,120,33.67081111,-96.740186110,0,1,0,0,2,3,1,0,2,1,0,1,0,0000000,88,88,88,88,88,88,0,0,0,1,0
48,482338,4,4,0,0,0,6,6,185,0,30,10,2011,1,17,0,1,2,3,SR-105,,73,30.35572222,-95.967822220,0,12,8,0,1,1,1,0,1,1,0,1,0,0000000,17,9,17,35,18,15,0,0,0,1,0
48,482339,1,1,0,0,0,3,3,201,3280,30,10,2011,1,2,55,0,16,5,W DALLAS ST,,0,29.75740278,-95.390661110,0,30,0,0,1,1,4,0,3,1,0,1,0,0000000,2,58,3,2,3,24,0,0,0,1,1
48,482340,1,1,0,1,1,1,1,201,3280,30,10,2011,1,3,0,0,16,5,SHAVER ST,,0,29.63333333,-95.216047220,0,8,0,0,1,1,1,0,3,1,0,1,0,0000000,3,31,4,6,4,21,0,0,0,1,0
48,482341,3,3,0,0,0,5,5,285,0,30,10,2011,1,12,56,0,4,3,SR-111,,67,29.23603889,-97.049397220,0,12,1,0,8,1,1,0,1,1,0,1,0,0000000,12,56,13,3,13,28,0,0,0,1,0
48,482342,1,1,0,0,0,1,1,491,0,30,10,2011,1,1,19,0,4,8,FM 1063,,65,30.59765556,-97.284800000,0,30,0,0,1,1,5,0,2,1,0,1,0,0000000,99,99,99,99,99,99,0,0,0,1,1
48,482343,2,2,0,0,0,2,2,201,0,31,10,2011,2,20,0,0,6,4,HUFFMAN CLEVELAND RD,,0,30.05728056,-95.095519440,0,12,1,0,1,1,1,0,2,1,0,1,0,0000000,88,88,88,88,88,88,0,0,0,1,0
48,482344,2,2,0,0,0,5,5,201,3280,31,10,2011,2,0,45,1,11,7,I-45,BROADWAY ST,157,29.68466667,-95.277361110,0,12,9,1,3,2,1,0,6,1,0,1,0,0000000,0,47,0,52,1,36,0,0,0,1,1