STATE,ST_CASE,VE_TOTAL,VE_FORMS,PVH_INVL,PEDS,PERNOTMVIT,PERMVIT,PERSONS,COUNTY,CITY,DAY,MONTH,YEAR,DAY_WEEK,HOUR,MINUTE,NHS,ROAD_FNC,ROUTE,TWAY_ID,TWAY_ID2,MILEPT,LATITUDE,LONGITUD,SP_JUR,HARM_EV,MAN_COLL,RELJCT1,RELJCT2,TYP_INT,REL_ROAD,WRK_ZONE,LGT_COND,WEATHER1,WEATHER2,WEATHER,SCH_BUS,RAIL,NOT_HOUR,NOT_MIN,ARR_HOUR,ARR_MIN,HOSP_HR,HOSP_MN,CF1,CF2,CF3,FATALS,DRUNK_DR
48,482345,2,2,0,0,0,3,3,183,4080,1,11,2011,3,13,6,0,16,5,4TH ST,,0,32.53321389,-94.728711110,0,12,6,0,8,1,1,0,1,1,0,1,0,0000000,13,6,13,13,13,29,0,0,0,1,0
48,482346,2,2,0,0,0,2,2,367,0,1,11,2011,3,0,19,0,4,5,FM 3325,,51,32.82931389,-97.597380560,0,12,2,0,1,1,1,0,2,1,0,1,0,0000000,99,99,99,99,99,99,20,0,0,1,1
48,482347,1,1,0,0,0,3,3,21,0,2,11,2011,4,15,59,0,14,3,SR-95,,29,30.36853333,-97.372608330,0,32,0,0,1,1,4,0,1,1,0,1,0,0000000,99,99,99,99,99,99,0,0,0,2,0
48,482349,1,1,0,1,1,1,1,201,3280,2,11,2011,4,9,59,0,16,5,GREENS RD,,0,29.95070556,-95.388852780,0,9,0,1,18,1,1,0,1,1,0,1,0,0000000,10,0,10,5,10,18,0,0,0,1,0
48,482350,3,2,1,2,2,2,2,85,0,3,11,2011,5,16,40,1,2,2,US-75,,61,33.31147778,-96.590975000,0,12,1,1,18,1,1,0,1,1,0,1,0,0000000,99,99,99,99,99,99,0,0,0,1,0
48,482351,2,2,0,1,1,3,3,113,1730,3,11,2011,5,21,6,0,16,5,CEDAR SPRINGS RD,,0,32.81011111,-96.810075000,0,8,0,0,1,1,1,0,3,1,0,1,0,0000000,21,9,21,9,21,25,0,0,0,1,0
48,482352,1,1,0,0,0,1,1,201,0,4,11,2011,6,21,46,0,6,4,MORTON RANCH RD,,0,29.81699722,-95.755880560,0,42,0,0,1,1,4,0,2,1,0,1,0,0000000,88,88,88,88,88,88,0,0,0,1,0
48,482353,1,1,0,0,0,16,16,399,0,4,11,2011,6,15,15,0,3,2,US-83,,103,31.60828056,-99.926177780,0,32,0,0,1,1,4,0,1,1,0,1,0,0000000,15,19,15,38,15,54,0,0,0,1,0
48,482354,2,2,0,0,0,2,2,113,1730,5,11,2011,7,12,40,1,13,3,SR-12,N MURDEAUX LN,205,32.71308333,-96.693033330,0,12,6,0,2,2,1,0,1,1,0,1,0,0000000,12,44,12,51,13,9,0,0,0,1,0
48,482355,2,2,0,0,0,2,2,285,0,5,11,2011,7,10,2,0,4,8,FM532,,47,29.56978333,-97.065127780,0,12,1,0,8,1,1,0,1,1,0,1,0,0000000,10,41,11,8,12,31,0,0,0,1,0
48,482356,1,1,0,0,0,4,4,141,2190,5,11,2011,7,18,16,0,16,5,CHICKASAW DR,,0,31.79391111,-106.297266670,0,5,0,0,1,1,1,0,3,1,0,1,0,0000000,18,16,18,21,18,47,0,0,0,1,0
48,482357,1,1,0,0,0,1,1,141,2190,5,11,2011,7,0,39,1,2,8,SL375,,206,31.88044722,-106.347708330,0,24,0,0,1,1,3,0,2,1,0,1,0,0000000,0,40,0,48,1,17,0,0,0,1,0
48,482358,1,1,0,0,0,1,1,291,0,5,11,2011,7,12,19,1,2,2,US-59,,95,30.27746389,-95.131961110,0,59,0,0,1,1,4,0,1,1,0,1,0,0000000,88,88,88,88,88,88,0,0,0,1,0
48,482359,2,2,0,0,0,3,3,329,4560,5,11,2011,7,17,45,1,11,1,I-20,SR-349,143,31.99390556,-102.078097220,0,24,0,1,18,1,3,0,1,1,0,1,0,0000000,17,45,17,58,18,16,0,0,0,1,0
48,482360,2,2,0,0,0,2,2,355,0,5,11,2011,7,19,21,0,4,8,FM1355,MEDIATA RD,1,27.61990556,-97.880441670,0,12,6,0,2,3,1,0,2,1,0,1,0,0000000,99,99,99,99,99,99,0,0,0,1,0
48,482361,1,1,0,1,1,2,2,453,330,6,11,2011,1,3,16,1,11,1,I-35,,164,30.24664722,-97.734883330,0,8,0,0,1,1,2,0,3,1,0,1,0,0000000,88,88,88,88,88,88,0,0,0,1,0
48,482362,1,1,0,1,1,1,1,141,2190,7,11,2011,2,1,20,0,16,5,PEBBLE HILLS BLVD,,0,31.78365278,-106.320630560,0,8,0,0,1,1,1,0,3,1,0,1,0,0000000,88,88,88,88,88,88,0,0,0,1,0
48,482363,2,2,0,0,0,4,4,141,2190,7,11,2011,2,1,46,1,13,2,US-62,,191,31.80144444,-106.305141670,0,12,1,0,1,1,1,0,3,1,0,1,0,0000000,88,88,88,88,88,88,0,0,0,1,1
48,482364,1,1,0,0,0,3,3,201,3280,7,11,2011,2,2,10,0,16,5,ALABAMA ST,,0,29.73861667,-95.405608330,0,38,0,0,1,1,4,0,3,1,0,1,0,0000000,2,10,2,14,2,35,0,0,0,1,1
48,482365,2,2,0,0,0,2,2,355,5420,8,11,2011,3,0,48,0,3,3,SR-361,,117,27.80755556,-97.081341670,0,12,1,0,1,1,1,0,2,1,0,1,0,0000000,88,88,88,88,88,88,0,0,0,1,2
48,482366,2,2,0,0,0,2,2,479,0,8,11,2011,3,12,16,1,2,2,US-83,,101,28.06572500,-99.559763890,0,12,1,0,8,1,1,0,1,1,0,1,0,0000000,99,99,99,99,99,99,0,0,0,1,0
48,482367,1,1,0,0,0,2,2,245,2905,9,11,2011,4,22,16,1,12,3,SR-73,,310,29.94083611,-93.913958330,0,59,0,0,1,1,10,0,2,2,0,2,0,0000000,22,19,22,25,23,19,0,0,0,1,1
48,482368,1,1,0,1,1,1,1,215,4650,10,11,2011,5,18,15,0,16,5,2 MILE LINE RD,TULIPAN ST,0,26.24750833,-98.346583330,0,8,0,0,3,1,1,0,2,1,0,1,0,0000000,18,16,18,25,18,44,0,0,0,1,0
48,482369,1,1,0,0,0,1,1,7,240,12,11,2011,7,20,12,1,13,8,BS 35L,,92,27.91871944,-97.134661110,0,1,0,0,1,1,4,0,2,1,0,1,0,0000000,20,15,20,17,20,24,0,0,0,1,1
48,482370,1,1,0,0,0,3,3,141,2190,12,11,2011,7,2,45,0,19,8,SP 601 RAMP,SL 375,99999,31.84105278,-106.325080560,0,46,0,0,5,1,8,0,3,10,0,10,0,0000000,2,48,2,58,3,33,0,0,0,2,0
48,482371,1,1,0,0,0,1,1,201,0,12,11,2011,7,12,32,0,6,5,BREEN,,0,29.89899444,-95.468469440,0,59,0,0,1,1,4,0,1,1,0,1,0,0000000,88,88,88,88,88,88,0,0,0,1,0
48,482372,1,1,0,0,0,1,1,121,0,13,11,2011,1,11,14,0,4,8,FM 2450,,64,33.34152778,-97.238311110,0,1,0,0,1,1,4,0,1,1,0,1,0,0000000,99,99,99,99,99,99,0,0,0,1,0
48,482373,2,2,0,0,0,4,4,141,2190,13,11,2011,1,22,57,1,11,7,I-10,,325,31.72628056,-106.311172220,0,12,7,0,1,1,1,0,3,2,0,2,0,0000000,88,88,88,88,88,88,0,0,0,1,0
48,482374,1,1,0,0,0,1,1,201,0,13,11,2011,1,3,35,0,6,4,ADLONG SCHOOL RD,,0,29.92929722,-95.020066670,0,38,0,0,1,1,4,0,2,1,0,1,0,0000000,88,88,88,88,88,88,0,0,0,1,1
48,482375,1,1,0,0,0,1,1,27,0,14,11,2011,2,15,5,0,4,8,FM-2484,,18,30.98629722,-97.733066670,0,1,0,0,1,1,4,0,1,1,0,1,0,0000000,99,99,99,99,99,99,0,0,0,1,0
48,482376,3,2,1,0,0,2,2,135,5030,15,11,2011,3,17,46,0,16,5,CANDY LN,KENWOOD DR,0,31.88693889,-102.346927780,0,12,2,0,2,2,1,0,1,1,0,1,0,0000000,88,88,88,88,88,88,0,0,0,1,0
48,482377,4,4,0,0,0,5,5,201,3280,17,11,2011,5,13,37,1,13,8,FM 521,OREM,82,29.62765000,-95.413958330,0,12,2,0,2,2,1,0,1,1,0,1,0,0000000,13,41,13,56,14,25,0,0,0,1,0
48,482378,2,2,0,0,0,3,3,225,0,17,11,2011,5,13,0,0,3,2,US-287,,205,31.29706389,-95.422519440,0,12,2,0,1,1,1,0,1,1,0,1,0,0000000,13,11,13,13,14,6,0,0,0,1,0
48,482379,1,1,0,0,0,2,2,439,2450,17,11,2011,5,15,45,1,13,2,US-377,KERMIT AVE,21,32.71427222,-97.445063890,0,33,0,1,2,2,4,0,1,1,0,1,0,0000000,88,88,88,88,88,88,0,0,0,2,0
48,482380,1,1,0,1,1,1,1,361,5100,18,11,2011,6,23,2,1,13,8,BU 90 Y,,157,30.11357500,-93.729788890,0,8,0,0,1,1,1,0,3,1,0,1,0,0000000,88,88,88,88,88,88,0,0,0,1,0
48,482381,2,2,0,0,0,3,3,41,970,19,11,2011,7,0,54,1,13,8,FM2818,,79,30.64183611,-96.385663890,0,12,6,0,1,1,1,1,2,1,0,1,0,0000000,88,88,88,88,88,88,0,0,0,1,1
48,482382,1,1,0,0,0,1,1,113,1730,19,11,2011,7,3,33,1,11,1,I-45,,201,32.79389722,-96.792652780,0,21,0,1,5,1,3,0,3,1,0,1,0,0000000,3,37,3,44,4,8,0,0,0,1,1
48,482383,2,2,0,0,0,3,3,141,2190,19,11,2011,7,18,35,0,16,5,HERCULES AVE,COMET ST,0,31.85493611,-106.446969440,0,12,6,0,2,2,1,0,2,1,0,1,0,0000000,18,36,18,37,18,59,0,0,0,1,0
48,482384,1,1,0,1,1,1,1,351,0,19,11,2011,7,14,35,0,3,3,SR-63,,66,30.98936389,-93.763155560,0,9,0,0,1,1,1,0,1,1,0,1,0,0000000,88,88,88,88,88,88,0,0,0,1,0
48,482385,2,2,0,0,0,3,3,29,6090,20,11,2011,1,0,40,0,16,5,THOUSAND OAKS,,0,29.55421389,-98.412461110,0,12,2,0,8,1,1,0,3,1,0,1,0,0000000,0,42,0,48,1,12,0,0,0,1,0
48,482386,2,2,0,0,0,3,3,227,640,20,11,2011,1,0,3,1,13,8,FM700,,20,32.23448611,-101.490919440,0,12,2,0,1,1,1,0,2,1,0,1,0,0000000,0,5,0,13,1,39,0,0,0,1,1
48,482387,2,2,0,1,1,1,1,27,3027,21,11,2011,2,19,8,0,14,8,FM2410,,60,31.07624722,-97.682616670,0,12,1,0,1,1,1,0,2,10,0,10,0,0000000,19,10,19,22,19,55,23,0,0,1,0
48,482388,1,1,0,1,1,1,1,201,0,21,11,2011,2,5,35,0,6,4,ALMEDA RD,,0,29.59323611,-95.427669440,0,8,0,0,1,1,1,0,2,10,0,10,0,0000000,88,88,88,88,88,88,0,0,0,1,0
48,482389,1,1,0,1,1,2,2,201,0,21,11,2011,2,12,30,1,11,1,I-45,,401,29.98632778,-95.423666670,0,8,0,0,5,1,8,1,1,10,0,10,0,0000000,12,38,12,45,13,27,0,0,0,1,0
48,482390,2,2,0,0,0,4,4,113,1730,22,11,2011,3,1,13,1,11,1,I-35E,,113,32.71288333,-96.829566670,0,12,6,0,1,1,1,0,3,2,0,2,0,0000000,1,21,1,23,1,43,19,23,0,1,0
48,482392,1,1,0,0,0,1,1,355,1550,23,11,2011,4,19,11,0,16,5,LOU ST,,0,27.78448333,-97.435463890,0,42,0,0,1,1,4,0,2,10,0,10,0,0000000,19,13,19,17,19,30,0,0,0,1,0
48,482393,1,1,0,1,1,1,1,201,3280,24,11,2011,5,0,5,0,16,5,WESTHEIMER PKWY,,0,29.72490556,-95.663483330,0,8,0,0,1,1,1,0,2,1,0,1,0,0000000,88,88,88,88,88,88,0,0,0,1,0
48,482394,1,1,0,1,1,1,1,113,1730,25,11,2011,6,22,30,0,16,5,CEDAR SPRINGS,KNIGHT ST,0,32.81173056,-96.812150000,0,8,0,0,3,3,1,0,3,1,0,1,0,0000000,99,99,99,99,99,99,0,0,0,1,0
48,482395,2,1,1,1,1,1,1,439,2450,25,11,2011,6,23,55,1,11,1,I-35,,59,32.73550278,-97.320475000,0,14,0,1,18,1,3,0,3,10,0,10,0,0000000,88,88,88,88,88,88,19,0,0,1,0
48,482396,1,1,0,0,0,1,1,439,2255,27,11,2011,1,7,7,0,16,5,ASH,,0,32.85856389,-97.067116670,0,42,0,0,1,1,3,0,1,1,0,1,0,0000000,7,4,7,8,7,48,0,0,0,1,0
48,482397,2,2,0,0,0,4,4,41,970,28,11,2011,2,17,40,1,12,7,SR-6 FRONTAGE,MLK ST,50,30.68849167,-96.349033330,0,12,6,1,2,2,1,0,5,1,0,1,0,0000000,17,40,17,45,18,0,0,0,0,1,0
48,482398,2,2,0,0,0,4,4,201,0,29,11,2011,3,10,44,0,6,4,FALLBROOK,HARVEST SUN,0,29.92585000,-95.559233330,0,12,6,0,2,2,1,0,1,1,0,1,0,0000000,10,45,10,57,11,45,0,0,0,1,0
48,482399,1,1,0,0,0,3,3,331,0,29,11,2011,3,23,22,0,6,4,252,,0,30.88694722,-96.875625000,0,1,0,0,1,1,4,0,2,1,0,1,0,0000000,99,99,99,99,99,99,0,0,0,1,1
48,482400,2,2,0,0,0,2,2,121,1840,30,11,2011,4,16,12,0,16,5,POCKRUS PAGE RD,FOX SEDGE LN,0,33.17077222,-97.073116670,0,12,6,0,2,3,1,0,1,1,0,1,0,0000000,88,88,88,88,88,88,0,0,0,1,0
48,482401,2,2,0,0,0,2,2,201,0,13,7,2011,4,17,50,0,4,8,FM 1942,,24,29.87791944,-95.040061110,0,12,2,0,1,1,1,0,1,1,0,1,0,0000000,17,52,17,55,18,50,0,0,0,1,0
48,482402,2,1,1,0,0,1,1,245,5430,24,8,2011,4,6,57,0,16,5,9TH AVE,,0,29.90202500,-93.912186110,0,14,0,0,1,1,5,0,1,1,0,1,0,0000000,6,58,7,3,7,15,0,0,0,1,0
48,482403,2,2,0,0,0,3,3,475,0,24,9,2011,7,23,0,1,1,1,I-20,,234,31.55134444,-103.028808330,0,12,1,0,1,1,1,0,2,1,0,1,0,0000000,23,13,23,24,23,50,0,0,0,1,0
48,482404,1,1,0,0,0,1,1,39,0,6,10,2011,5,15,30,0,6,4,257,,0,29.05847778,-95.142083330,0,1,0,0,1,1,1,0,1,6,0,6,0,0000000,88,88,88,88,88,88,0,0,0,1,0
48,482405,2,2,0,2,2,1,1,201,3280,13,10,2011,5,0,24,1,11,1,I-45,,173,29.70200000,-95.295125000,0,12,6,0,1,1,1,0,2,1,0,1,0,0000000,0,24,0,33,1,7,15,19,23,1,0
48,482406,1,1,0,0,0,2,2,365,0,14,10,2011,6,8,17,1,2,2,US-79,,91,32.30953056,-94.156013890,0,11,0,0,1,1,1,0,1,1,0,1,0,0000000,99,99,99,99,99,99,0,0,0,1,0
48,482407,1,1,0,0,0,1,1,201,3280,15,10,2011,7,18,39,0,16,5,CORONADO ST,,0,29.79994444,-95.373519440,0,3,0,0,8,1,5,0,1,1,0,1,0,0000000,88,88,88,88,88,88,0,0,0,1,1
48,482408,2,2,0,0,0,2,2,473,5234,15,10,2011,7,5,25,0,4,8,FM 359,,292,29.82061111,-95.985741670,0,12,2,0,1,1,1,0,2,1,0,1,0,0000000,5,30,5,42,6,43,0,0,0,1,1
48,482409,2,2,0,0,0,2,2,135,0,20,10,2011,5,17,50,1,2,3,SR-158,,285,32.03386389,-102.386861110,0,12,2,0,1,1,1,0,1,1,0,1,0,0000000,88,88,88,88,88,88,0,0,0,1,0
48,482410,3,1,2,1,1,1,1,157,0,21,10,2011,6,23,35,0,4,8,FM 2759,,49,29.51846944,-95.626030560,0,8,0,0,1,1,4,0,2,1,0,1,0,0000000,23,35,23,49,0,16,0,0,0,1,0
48,482411,2,2,0,0,0,5,5,291,0,22,10,2011,7,10,23,0,3,8,FM 1960,623,17,30.04943611,-95.030819440,0,12,6,0,2,2,1,0,1,1,0,1,0,0000000,10,28,10,50,12,1,0,0,0,1,1
48,482412,2,2,0,0,0,2,2,291,0,25,10,2011,3,5,15,0,4,8,FM 1409,460,136,29.99745000,-94.865388890,0,12,2,0,2,3,1,0,2,5,0,5,0,0000000,88,88,88,88,88,88,0,0,0,1,0
48,482413,2,2,0,0,0,2,2,157,0,26,10,2011,4,21,10,0,3,8,FM 521,,38,29.47538333,-95.473252780,0,12,6,0,8,1,1,0,2,1,0,1,0,0000000,20,48,20,58,21,45,0,0,0,1,0
48,482414,2,2,0,0,0,2,2,303,4140,26,10,2011,4,17,8,1,13,2,US-84,MARTIN LUTHER KING BLVD,63,33.53018611,-101.820580560,0,12,6,1,2,2,1,0,2,1,0,1,0,0000000,17,9,17,16,17,33,0,0,0,1,0
48,482415,1,1,0,0,0,5,5,183,0,28,10,2011,6,17,47,0,6,4,GOFORTH RD,,0,32.40824167,-94.960263890,0,1,0,0,1,1,1,0,1,1,0,1,0,0000000,17,49,17,59,18,50,0,0,0,2,0
48,482416,2,2,0,0,0,2,2,339,0,30,10,2011,1,21,20,0,6,4,BAY BRANCH DR,,0,30.20445000,-95.527563890,0,12,1,0,1,1,1,0,3,1,0,1,0,0000000,21,22,21,37,22,8,0,0,0,1,2
48,482417,2,2,0,0,0,3,3,361,7200,7,11,2011,2,5,26,0,14,3,SR-12,,20,30.14861944,-93.979788890,0,12,2,0,8,1,1,0,3,10,0,10,0,0000000,5,28,5,33,6,22,0,0,0,1,0
48,482418,2,2,0,0,0,4,4,329,0,8,11,2011,3,18,35,0,4,8,FM 1787,FM 1788,116,31.68268611,-102.142055560,0,12,6,0,2,2,1,0,2,1,0,1,0,0000000,18,35,18,56,19,37,0,0,0,2,0
48,482419,3,3,0,0,0,5,5,285,0,11,11,2011,6,13,48,0,4,3,SR-95,,5,29.62391944,-97.130352780,0,12,6,0,1,1,1,0,1,10,0,10,0,0000000,13,52,14,35,15,14,0,0,0,2,0
48,482420,1,1,0,0,0,1,1,21,0,14,11,2011,2,15,27,0,4,8,FM 812,,49,30.05738611,-97.555552780,0,42,0,0,1,1,4,0,1,1,0,1,0,0000000,88,88,88,88,88,88,0,0,0,1,1
48,482421,2,2,0,0,0,3,3,21,0,20,11,2011,1,9,14,0,5,8,FM 2336,,53,30.21580000,-97.291736110,0,12,2,0,1,1,1,0,1,10,0,10,0,0000000,9,17,9,39,10,3,0,0,0,2,0
48,482422,1,1,0,1,1,1,1,167,6860,20,11,2011,1,14,1,1,12,3,SR-146,,54,29.48198333,-94.985277780,0,9,0,0,1,1,1,0,1,1,0,1,0,0000000,14,0,14,8,14,34,0,0,0,1,0
48,482423,3,3,0,0,0,4,4,255,0,23,11,2011,4,13,2,1,2,2,US-181,,105,28.90046389,-97.926361110,0,12,1,0,8,1,1,0,1,1,0,1,0,0000000,13,9,13,36,14,23,0,0,0,1,0
48,482424,1,1,0,0,0,1,1,339,0,2,11,2011,4,16,5,0,4,8,FM 2090,,243,30.25926944,-95.243486110,0,42,0,0,1,1,4,0,1,10,0,10,0,0000000,88,88,88,88,88,88,0,0,0,1,0
48,482425,2,2,0,0,0,2,2,467,0,2,11,2011,4,14,7,0,4,8,FM 279,,179,32.36211667,-95.465011110,0,12,2,0,1,1,1,0,1,1,0,1,0,0000000,99,99,99,99,99,99,0,0,0,1,1
48,482426,1,1,0,0,0,2,2,141,6135,3,11,2011,5,3,26,0,16,5,THOMPSON,,0,31.60371389,-106.269619440,0,35,0,0,1,1,4,0,2,1,0,1,0,0000000,8,2,8,7,9,28,0,0,0,1,0
48,482427,1,1,0,0,0,1,1,201,3280,5,11,2011,7,8,35,0,16,5,GESSNER DR,,0,29.64094444,-95.528083330,0,33,0,0,1,1,4,0,3,1,0,1,0,0000000,88,88,88,88,88,88,0,0,0,1,1
48,482428,2,2,0,0,0,3,3,51,0,7,11,2011,2,17,57,0,4,8,FM-60,,147,30.36291111,-96.621111110,0,12,1,0,1,1,1,0,5,10,0,10,0,0000000,17,59,18,8,18,37,0,0,0,1,0
48,482429,2,2,0,0,0,2,2,183,0,8,11,2011,3,17,35,0,4,8,FM 2276,,22,32.38786389,-94.810166670,0,12,2,0,1,1,1,0,1,10,0,10,0,0000000,99,99,99,99,99,99,0,0,0,1,1
48,482430,2,2,0,0,0,5,5,1,2170,13,11,2011,1,1,25,0,3,2,US-287,,101,31.62541389,-95.571141670,0,12,2,0,1,1,1,0,2,1,0,1,0,0000000,1,34,1,48,2,45,0,0,0,1,1
48,482431,1,1,0,1,1,1,1,183,0,14,11,2011,2,20,15,0,3,3,SR-149,,294,32.38826944,-94.662788890,0,8,0,0,1,1,1,0,2,1,0,1,0,0000000,88,88,88,88,88,88,0,0,0,1,0
48,482432,2,2,0,0,0,2,2,291,1380,14,11,2011,2,18,47,0,3,8,FM2025,,15,30.35756944,-95.091180560,0,12,2,0,1,1,1,0,6,1,0,1,0,0000000,99,99,99,99,99,99,0,0,0,1,1
48,482433,3,3,0,0,0,3,3,201,3280,16,11,2011,4,20,25,1,11,1,I-610,,3,29.79937500,-95.449227780,0,1,0,0,1,1,1,0,3,1,0,1,0,0000000,20,27,20,40,20,48,14,0,0,1,0
48,482434,2,2,0,0,0,3,3,203,0,17,11,2011,5,4,25,1,1,1,I-20,FM31,239,32.49360000,-94.297263890,0,12,1,1,18,1,1,0,2,1,0,1,0,0000000,88,88,88,88,88,88,0,0,0,1,0
48,482435,3,3,0,0,0,5,5,57,0,19,11,2011,7,0,48,1,2,3,SR-35,,126,28.51511667,-96.811483330,0,12,1,0,8,1,1,0,2,1,0,1,0,0000000,88,88,88,88,88,88,0,0,0,1,1
48,482436,1,1,0,0,0,1,1,401,0,19,11,2011,7,22,42,0,4,8,FM2012,,236,32.30517222,-94.896613890,0,1,0,0,1,1,4,0,2,10,0,10,0,0000000,88,88,88,88,88,88,0,0,0,1,1
48,482437,1,1,0,0,0,2,2,205,0,20,11,2011,1,23,36,0,3,2,US-385,,244,35.75501111,-102.321272220,0,1,0,0,1,1,1,0,2,1,0,1,0,0000000,99,99,99,99,99,99,0,0,0,2,0
48,482438,1,1,0,0,0,1,1,127,0,21,11,2011,2,19,20,0,4,3,SR-85,,103,28.56038611,-99.697727780,0,1,0,0,1,1,4,0,2,1,0,1,0,0000000,88,88,88,88,88,88,0,0,0,1,0
48,482439,2,1,1,0,0,3,3,201,3280,21,11,2011,2,4,50,0,16,5,RICHMOND AVE,,0,29.72891111,-95.534891670,0,30,0,0,1,1,4,0,3,10,0,10,0,0000000,5,8,5,11,5,49,0,0,0,1,1
48,482440,2,2,0,0,0,3,3,127,0,22,11,2011,3,15,10,0,3,2,US-83,FM1407,66,28.62846667,-99.843177780,0,12,6,0,2,2,1,0,1,1,0,1,0,0000000,99,99,15,10,15,43,0,0,0,2,0
48,482441,2,2,0,0,0,2,2,239,0,22,11,2011,3,7,48,0,4,8,FM 3131,,85,28.88842500,-96.552291670,0,24,0,0,1,1,4,0,1,10,0,10,0,0000000,7,51,8,6,8,45,0,0,0,1,0
48,482442,2,2,0,0,0,5,5,113,1730,23,11,2011,4,22,35,1,11,1,I-635 RAMP,,64,32.92364167,-96.766638890,0,12,1,1,5,1,1,0,3,1,0,1,0,0000000,88,88,88,88,88,88,23,0,0,1,1
48,482443,1,1,0,1,1,2,2,201,3320,23,11,2011,4,22,9,0,16,5,TOWNSEN BLVD,,0,30.00560556,-95.282450000,0,8,0,0,1,1,1,0,2,1,0,1,0,0000000,88,88,88,88,88,88,0,0,0,1,0
48,482444,2,2,0,0,0,2,2,217,0,23,11,2011,4,7,2,0,4,3,SR-171,,32,31.81410833,-96.756163890,0,12,6,0,1,1,1,0,1,5,0,5,0,0000000,7,1,7,6,8,9,0,0,0,1,0
48,482445,1,1,0,0,0,1,1,113,4530,24,11,2011,5,4,47,0,16,5,GALLOWAY AVE,,0,32.80088611,-96.611144440,0,42,0,0,1,1,4,0,3,1,0,1,0,0000000,4,48,4,52,5,19,0,0,0,1,1
48,482446,3,3,0,0,0,6,6,167,6213,24,11,2011,5,23,45,1,13,8,FM 646,4TH ST,141,29.41168611,-95.092111110,0,12,99,0,2,2,1,1,2,10,0,10,0,0000000,23,49,0,4,1,2,0,0,0,1,1
48,482447,3,1,2,1,1,4,4,439,2450,26,11,2011,7,0,50,0,16,5,LOVING AVE,,0,32.79901389,-97.365580560,0,14,0,0,1,1,4,0,2,2,0,2,0,0000000,0,56,0,59,1,31,0,0,0,1,0
48,482448,1,1,0,0,0,1,1,99,0,28,11,2011,2,20,40,0,6,4,OLD OSAGE RD,,0,31.44797222,-97.691413890,0,18,0,0,1,1,5,0,2,1,0,1,0,0000000,20,59,21,22,21,45,0,0,0,1,0
48,482449,2,2,0,0,0,3,3,439,260,29,11,2011,3,20,35,0,16,5,COOPER ST,ROAD TO SIX FLAGS,0,32.75741667,-97.114430560,0,12,6,0,2,2,1,0,3,1,0,1,0,0000000,20,36,20,42,20,58,0,0,0,1,0
48,482450,2,2,0,0,0,2,2,431,6595,30,11,2011,4,15,54,1,2,2,US-87,ENNIS ST,7,31.83630278,-100.983163890,0,12,6,0,2,2,1,0,1,1,0,1,0,0000000,88,88,88,88,88,88,0,0,0,1,0
48,482451,2,2,0,0,0,2,2,201,3280,2,5,2011,2,12,40,0,16,5,HOMESTEAD RD,LANGLEY,0,29.86684167,-95.300447220,0,12,6,0,2,2,1,0,1,1,0,1,0,0000000,12,46,12,54,13,26,0,0,0,1,0
48,482452,2,2,0,0,0,2,2,201,3280,29,6,2011,4,0,10,1,12,2,US-90,,36,29.63983056,-95.483163890,0,12,6,0,1,1,1,0,3,1,0,1,0,0000000,0,11,0,17,0,37,0,0,0,1,0
48,482453,1,1,0,0,0,1,1,201,5230,9,7,2011,7,21,45,0,16,5,SPACE CENTER BLVD,,0,29.66292222,-95.143733330,0,33,0,0,1,1,4,0,1,1,0,1,0,0000000,88,88,88,88,88,88,0,0,0,1,1
48,482454,1,1,0,0,0,4,4,29,0,17,7,2011,1,5,4,0,6,4,SOUTHTON RD,CENTER RD,0,29.30253889,-98.431808330,0,38,0,0,3,4,4,0,2,1,0,1,0,0000000,5,7,5,29,5,57,0,0,0,2,0
48,482455,2,2,0,0,0,3,3,29,0,5,8,2011,6,3,11,1,1,1,I-10,,19,29.71988056,-98.666716670,0,12,2,0,1,1,1,0,2,1,0,1,0,0000000,3,13,3,38,4,16,0,0,0,2,1
48,482456,1,1,0,0,0,1,1,29,0,14,8,2011,1,4,4,0,4,2,US-281,,119,29.16315833,-98.482383330,0,1,0,0,1,1,3,0,2,10,0,10,0,0000000,88,88,88,88,88,88,0,0,0,1,1
48,482457,1,1,0,0,0,1,1,29,6090,27,8,2011,7,22,27,0,16,5,LOCKHILL SELMA RD,GEORGE RD,0,29.55660278,-98.548088890,0,59,0,0,2,3,8,0,3,1,0,1,0,0000000,88,88,88,88,88,88,0,0,0,1,0
48,482458,1,1,0,0,0,1,1,29,6090,28,8,2011,1,7,0,0,4,2,US-281,,114,29.17058611,-98.481961110,0,1,0,0,1,1,4,0,1,1,0,1,0,0000000,88,88,88,88,88,88,0,0,0,1,0
48,482459,1,1,0,0,0,1,1,479,0,10,9,2011,7,14,1,1,2,2,US-83,,167,27.97999722,-99.524338890,0,38,0,0,1,1,4,0,1,1,0,1,0,0000000,99,99,99,99,99,99,0,0,0,1,0
48,482460,1,1,0,1,1,1,1,201,0,24,9,2011,7,1,50,1,12,3,SR-249,,218,29.89784444,-95.437341670,0,8,0,0,1,1,1,0,2,1,0,1,0,0000000,88,88,88,88,88,88,0,0,0,1,0