STATE,ST_CASE,VE_TOTAL,VE_FORMS,PVH_INVL,PEDS,PERNOTMVIT,PERMVIT,PERSONS,COUNTY,CITY,DAY,MONTH,YEAR,DAY_WEEK,HOUR,MINUTE,NHS,ROAD_FNC,ROUTE,TWAY_ID,TWAY_ID2,MILEPT,LATITUDE,LONGITUD,SP_JUR,HARM_EV,MAN_COLL,RELJCT1,RELJCT2,TYP_INT,REL_ROAD,WRK_ZONE,LGT_COND,WEATHER1,WEATHER2,WEATHER,SCH_BUS,RAIL,NOT_HOUR,NOT_MIN,ARR_HOUR,ARR_MIN,HOSP_HR,HOSP_MN,CF1,CF2,CF3,FATALS,DRUNK_DR
48,482461,1,1,0,1,1,3,3,201,3280,5,10,2011,4,7,57,0,16,5,WESTVIEW,,0,29.79092500,-95.565211110,0,8,0,0,1,1,1,0,1,1,0,1,0,0000000,7,59,8,8,8,39,0,0,0,1,0
48,482462,4,3,1,0,0,3,3,201,3280,18,10,2011,3,12,52,0,16,5,HEMPSTEAD,,0,29.78526389,-95.437111110,0,12,8,0,1,1,1,0,1,1,0,1,0,0000000,88,88,88,88,88,88,0,0,0,1,0
48,482463,2,2,0,0,0,10,10,157,0,29,10,2011,7,9,5,1,12,3,SR-99,HARLEM RD,73,29.65865556,-95.714791670,0,12,6,0,2,2,1,0,1,1,0,1,0,0000000,9,8,9,29,10,11,0,0,0,1,0
48,482464,6,6,0,0,0,8,8,27,0,30,10,2011,1,15,35,1,1,1,I-35,,332,31.23389722,-97.287961110,0,12,98,0,1,1,1,0,1,1,0,1,0,0000000,15,38,15,50,16,29,19,0,0,1,0
48,482465,1,1,0,1,1,2,2,303,4140,30,10,2011,1,3,36,0,16,5,UPLAND AVE,,0,33.51384722,-101.974313890,0,8,0,0,1,1,1,0,2,1,0,1,0,0000000,88,88,88,88,88,88,0,0,0,1,0
48,482466,1,1,0,1,1,1,1,197,0,2,11,2011,4,1,10,1,2,2,US-287,,243,34.26843889,-99.625619440,0,18,0,0,1,1,1,0,2,1,0,1,0,0000000,88,88,88,88,88,88,0,0,0,1,0
48,482467,1,1,0,1,1,1,1,113,1730,5,11,2011,7,3,0,1,11,1,I-635,,32,32.90097778,-96.718252780,0,8,0,0,1,1,1,0,3,1,0,1,0,0000000,99,99,99,99,99,99,0,0,0,1,0
48,482468,1,1,0,0,0,1,1,471,0,5,11,2011,7,5,2,0,4,3,SR-150,,46,30.52731944,-95.407000000,0,11,0,0,1,1,1,0,2,1,0,1,0,0000000,5,31,5,55,6,28,0,0,0,1,0
48,482469,1,1,0,0,0,3,3,201,3280,8,11,2011,3,18,0,1,11,1,I-10,,25,29.77445278,-95.315944440,0,1,0,0,1,1,4,0,3,2,0,2,0,0000000,18,4,18,7,18,28,0,0,0,1,0
48,482470,1,1,0,0,0,1,1,157,0,14,11,2011,2,2,0,0,6,4,ELDRIDGE PKWY,,0,29.67248056,-95.623197220,0,24,0,0,1,1,4,0,2,1,0,1,0,0000000,88,88,88,88,88,88,0,0,0,1,1
48,482471,2,2,0,0,0,2,2,339,0,15,11,2011,3,16,25,0,15,8,FM 1485,,10,30.15037222,-95.196794440,0,24,0,0,1,1,4,0,1,10,0,10,0,0000000,16,22,16,37,17,20,0,0,0,1,0
48,482472,2,2,0,1,1,3,3,113,3880,17,11,2011,5,0,59,1,11,1,I-20,,156,32.64205278,-96.804958330,0,8,0,1,18,1,1,0,2,1,0,1,0,0000000,88,88,88,88,88,88,0,0,0,1,0
48,482473,1,1,0,0,0,2,2,157,0,18,11,2011,6,2,20,1,12,2,US-59,,125,29.55068889,-95.738358330,0,1,0,0,1,1,4,0,3,1,0,1,0,0000000,99,99,99,99,99,99,0,0,0,1,1
48,482474,1,1,0,0,0,1,1,251,0,19,11,2011,7,15,0,1,1,1,I-35W,,124,32.42063056,-97.228402780,0,25,0,1,19,1,4,0,1,10,0,10,0,0000000,99,99,99,99,99,99,20,0,0,1,0
48,482475,2,2,0,0,0,2,2,251,0,19,11,2011,7,17,19,1,2,2,US-67,,63,32.29201944,-97.580350000,0,12,2,0,1,1,1,0,2,1,0,1,0,0000000,88,88,88,88,88,88,0,0,0,1,0
48,482476,1,1,0,0,0,1,1,339,0,19,11,2011,7,19,58,0,6,4,OLD HOUSTON RD,,0,30.16999722,-95.320716670,0,42,0,0,1,1,4,0,2,1,0,1,0,0000000,19,58,20,8,21,14,0,0,0,1,1
48,482477,2,2,0,0,0,2,2,367,0,20,11,2011,1,20,45,1,1,1,I-20,,31,32.67158333,-98.023088890,0,52,0,0,1,1,3,1,2,2,0,2,0,0000000,88,88,88,88,88,88,3,0,0,1,0
48,482478,2,2,0,0,0,2,2,303,0,26,11,2011,7,12,35,1,2,2,US-84,FM 2528,114,33.64426389,-101.939483330,0,12,1,0,3,2,1,0,1,7,0,7,0,0000000,99,99,99,99,99,99,0,0,0,1,1
48,482479,3,3,0,0,0,7,7,27,6810,1,12,2011,5,16,14,0,16,5,LITTLE RIVER RD,,0,31.05724167,-97.338677780,0,12,6,0,1,1,1,0,1,1,0,1,0,0000000,16,15,16,34,16,43,0,0,0,1,0
48,482480,2,2,0,0,0,3,3,113,2590,1,12,2011,5,23,1,0,16,5,FIREWHEEL PKWY,,0,32.93284167,-96.598225000,0,12,6,0,1,1,1,0,3,2,0,2,0,0000000,22,58,23,14,23,50,0,0,0,1,0
48,482481,3,2,1,0,0,2,2,183,4080,1,12,2011,5,22,23,0,16,5,SOUTH ST,HIGH ST,0,32.49345556,-94.742752780,0,12,6,0,2,2,1,0,3,1,0,1,0,0000000,22,23,22,26,22,43,0,0,0,1,0
48,482482,2,2,0,0,0,2,2,201,3280,1,12,2011,5,7,19,0,16,5,CLEAR LAKE CITY BLVD,MABRY MILL RD,0,29.59062222,-95.141069440,0,12,6,0,2,2,1,0,1,1,0,1,0,0000000,7,25,7,35,7,53,0,0,0,1,0
48,482483,2,2,0,0,0,3,3,27,0,2,12,2011,6,16,30,0,3,8,FM 359,,227,31.09138056,-97.532808330,0,12,2,0,1,1,1,0,1,2,5,2,0,0000000,16,50,16,58,17,46,0,0,0,1,0
48,482484,2,2,0,0,0,5,5,181,6350,2,12,2011,6,4,25,1,12,2,US-75,,172,33.60181667,-96.609191670,0,12,2,0,1,1,1,0,2,10,0,10,0,0000000,4,28,4,34,5,11,0,0,0,1,1
48,482485,2,2,0,0,0,3,3,113,1730,3,12,2011,7,19,0,1,12,2,US-75,,53,32.92943333,-96.759269440,0,12,6,1,18,1,1,0,3,2,0,2,0,0000000,19,2,19,9,19,45,0,0,0,1,0
48,482486,1,1,0,1,1,2,2,201,0,3,12,2011,7,18,49,1,13,2,US-90,,273,29.82506111,-95.227733330,0,8,0,0,1,1,1,0,2,1,0,1,0,0000000,88,88,88,88,88,88,0,0,0,1,0
48,482487,1,1,0,2,2,1,1,201,0,3,12,2011,7,19,0,1,13,2,US-90,,273,29.82508889,-95.227669440,0,8,0,0,1,1,1,0,2,1,0,1,0,0000000,18,52,18,58,19,21,0,0,0,1,1
48,482488,1,1,0,1,1,1,1,321,0,3,12,2011,7,20,30,0,4,8,FM-457,,266,28.78487222,-95.626713890,0,8,0,0,1,1,4,0,2,10,0,10,0,0000000,88,88,88,88,88,88,0,0,0,1,1
48,482489,2,2,0,0,0,2,2,439,2450,3,12,2011,7,21,20,0,14,8,BU 287P,,3,32.96462222,-97.420738890,0,12,6,0,1,1,1,0,2,2,0,2,0,0000000,88,88,88,88,88,88,0,0,0,1,0
48,482490,2,2,0,0,0,3,3,181,6350,4,12,2011,1,4,31,1,12,2,US-75,,150,33.65389167,-96.611772220,0,30,0,0,1,1,3,0,3,2,0,2,0,0000000,99,99,99,99,99,99,0,0,0,1,1
48,482492,2,2,0,0,0,3,3,453,330,5,12,2011,2,3,15,1,11,1,I-35,,174,30.26165833,-97.736347220,0,12,6,0,1,1,1,0,3,2,0,2,0,0000000,88,88,88,88,88,88,0,0,0,2,1
48,482493,2,2,0,0,0,2,2,5,0,6,12,2011,3,17,52,1,2,2,US-69,FM 844,125,31.24032222,-94.553738890,0,12,6,0,2,3,1,0,2,1,0,1,0,0000000,99,99,99,99,99,99,0,0,0,1,0
48,482494,2,2,0,0,0,3,3,99,2610,6,12,2011,3,15,26,1,13,3,SR-36,BS-36,171,31.48330556,-97.733911110,0,12,6,0,2,2,1,1,1,10,0,10,0,0000000,99,99,99,99,99,99,0,0,0,2,0
48,482495,1,1,0,1,1,1,1,113,3420,6,12,2011,3,6,32,0,16,5,PIONEER DR,,0,32.82845556,-96.990341670,0,8,0,0,1,1,1,0,3,10,0,10,0,0000000,88,88,88,88,88,88,0,0,0,1,0
48,482497,1,1,0,1,1,1,1,29,6090,7,12,2011,4,7,12,0,16,5,SOUTHCROSS BLVD,PECAN GROVE BLVD,0,29.37469167,-98.419869440,0,8,0,0,2,3,1,0,1,1,0,1,0,0000000,88,88,88,88,88,88,0,0,0,1,0
48,482498,1,1,0,0,0,1,1,499,0,7,12,2011,4,0,44,0,4,8,FM 2869,,240,32.80150556,-95.200511110,0,1,0,0,1,1,1,0,2,10,0,10,0,0000000,88,88,88,88,88,88,0,0,0,1,0
48,482499,1,1,0,0,0,1,1,367,7280,8,12,2011,5,20,0,1,11,1,I-20,,190,32.73014167,-97.787755560,0,1,0,0,1,1,1,1,2,1,0,1,0,0000000,99,99,99,99,99,99,0,0,0,1,0
48,482500,1,1,0,0,0,1,1,29,6090,9,12,2011,6,2,22,0,16,5,TEZEL RD,,0,29.49401111,-98.664819440,0,30,0,0,1,1,4,0,3,1,0,1,0,0000000,88,88,88,88,88,88,0,0,0,1,1
48,482501,2,2,0,0,0,3,3,385,0,9,12,2011,6,12,30,0,3,2,US-83,RM336,270,29.73785556,-99.761325000,0,12,6,0,2,3,1,0,1,10,0,10,0,0000000,99,99,99,99,99,99,0,0,0,2,0
48,482502,2,2,0,0,0,3,3,29,6090,10,12,2011,7,4,15,1,11,1,I-37,,120,29.43392778,-98.478030560,0,12,2,0,1,1,1,0,3,1,0,1,0,0000000,4,19,4,33,5,45,0,0,0,1,1
48,482503,1,1,0,1,1,1,1,73,0,10,12,2011,7,2,38,0,6,4,3906,,0,32.04423611,-95.325277780,0,8,0,0,1,1,1,0,2,1,0,1,0,0000000,88,88,88,88,88,88,0,0,0,1,0
48,482504,2,1,1,0,0,6,6,309,7210,11,12,2011,1,1,0,0,16,5,LEE ST,BELMONT DR,0,31.51460833,-97.143794440,0,14,0,0,3,4,2,0,2,1,0,1,0,0000000,1,8,1,13,1,39,0,0,0,1,0
48,482505,1,1,0,0,0,1,1,439,2450,11,12,2011,1,19,42,1,13,8,BU287P N MAIN ST,E BLUFF ST,176,32.75846111,-97.333841670,0,18,0,0,3,4,8,1,3,10,0,10,0,0000000,99,99,99,99,99,99,0,0,0,1,1
48,482506,1,1,0,0,0,6,6,441,30,11,12,2011,1,1,58,1,12,2,US-83,,57,32.46155278,-99.784561110,0,25,0,1,19,1,3,0,3,2,0,2,0,0000000,99,99,99,99,99,99,0,0,0,1,1
48,482507,2,2,0,0,0,2,2,5,0,12,12,2011,2,15,55,1,2,2,US-59,,16,31.43274444,-94.726505560,0,12,7,0,1,1,1,0,1,10,0,10,0,0000000,16,1,16,48,17,39,0,0,0,1,0
48,482508,2,2,0,1,1,3,3,29,6090,12,12,2011,2,5,51,0,16,5,W WOODLAWN,WILSON BLVD,0,29.45526944,-98.539186110,0,12,6,0,2,2,1,0,3,3,0,3,0,0000000,5,51,5,57,6,33,0,0,0,1,0
48,482509,2,2,0,0,0,3,3,309,7210,13,12,2011,3,19,18,0,16,5,W LAKE SHORE DR,,0,31.58762222,-97.190133330,0,12,2,0,1,1,1,1,2,2,0,2,0,0000000,19,21,19,25,19,55,0,0,0,1,0
48,482511,1,1,0,1,1,1,1,29,6090,26,12,2011,2,5,45,1,11,1,I-35,,220,29.42291389,-98.501413890,0,8,0,0,1,1,1,0,3,2,0,2,0,0000000,88,88,88,88,88,88,0,0,0,1,0
48,482512,1,1,0,0,0,8,8,201,3280,10,12,2011,7,23,54,1,11,1,I-610,,77,29.81111667,-95.345861110,0,25,0,0,1,1,3,0,3,1,0,1,0,0000000,23,56,0,0,0,33,0,0,0,1,1
48,482513,1,1,0,1,1,1,1,453,330,12,12,2011,2,6,41,0,16,5,DESSAU RD,,0,30.37667778,-97.659233330,0,8,0,0,1,1,1,0,3,1,0,1,0,0000000,88,88,88,88,88,88,0,0,0,1,0
48,482514,1,1,0,1,1,1,1,201,3280,14,12,2011,4,18,45,0,16,5,S GESSNER DR,,0,29.70335556,-95.538050000,0,8,0,0,1,1,1,0,3,10,0,10,0,0000000,18,56,19,3,19,24,0,0,0,1,0
48,482515,2,2,0,0,0,4,4,439,2450,14,12,2011,4,23,33,0,16,5,E 2ND ST,PECAN ST,0,32.75759722,-97.328300000,0,12,6,0,2,2,1,0,2,1,0,1,0,0000000,23,37,23,44,0,34,0,0,0,1,1
48,482516,2,1,1,0,1,4,5,139,7270,17,12,2011,7,8,20,1,11,1,I-35,,241,32.41944444,-96.868297220,0,14,0,0,1,1,2,0,1,1,0,1,0,0000000,8,33,8,40,9,8,0,0,0,1,0
48,482517,1,1,0,0,0,1,1,201,0,17,12,2011,7,17,25,0,6,4,S FRY RD,WESTGREEN BLVD,0,29.74628611,-95.729227780,0,42,0,0,3,2,3,0,5,1,0,1,0,0000000,99,99,99,99,99,99,0,0,0,1,0
48,482518,1,1,0,0,0,1,1,105,0,18,12,2011,1,19,55,1,1,1,I-10,,448,30.69162778,-101.080236110,0,1,0,0,1,1,10,0,2,2,0,2,0,0000000,88,88,88,88,88,88,0,0,0,1,1
48,482519,1,1,0,0,0,2,2,135,5030,18,12,2011,1,4,46,0,16,5,STANDARD AVE,,0,31.84388056,-102.355075000,0,1,0,0,1,1,4,0,3,10,0,10,0,0000000,4,46,4,58,5,17,0,0,0,1,0
48,482520,2,2,0,0,0,4,4,121,3960,23,12,2011,6,15,37,1,11,7,I-35E,BS121H,54,33.02913056,-96.992788890,0,12,6,1,2,2,1,0,1,10,0,10,0,0000000,15,43,15,47,16,5,0,0,0,1,0
48,482521,2,2,0,0,0,2,2,423,7070,10,5,2011,3,10,44,1,13,2,US-69,INDEPENDENCE,32,32.29883333,-95.300861110,0,12,6,0,2,2,1,0,1,1,0,1,0,0000000,10,48,10,55,11,8,0,0,0,1,0
48,482522,2,2,0,0,0,4,4,201,3280,1,10,2011,7,9,45,1,12,7,LOOP 8,GENOA RED BLUFF RD,228,29.63064444,-95.169552780,0,12,6,1,2,2,1,0,1,1,0,1,0,0000000,10,0,10,8,10,24,0,0,0,1,0
48,482523,2,2,0,0,0,2,2,7,5890,1,11,2011,3,7,2,0,14,8,BS 35,CORPUS CHRISTI ST,14,28.01770556,-97.087344440,0,12,6,0,2,2,1,0,4,1,0,1,0,0000000,88,88,88,88,88,88,0,0,0,1,0
48,482524,1,1,0,0,0,1,1,37,0,4,11,2011,6,3,30,0,5,8,FM 561,,120,33.37005000,-94.538844440,0,43,0,0,1,1,4,0,2,1,0,1,0,0000000,88,88,88,88,88,88,0,0,0,1,0
48,482525,3,2,1,0,0,2,2,139,0,4,11,2011,6,2,0,1,1,1,I-35,,143,32.28551667,-96.867461110,0,12,1,0,1,1,1,0,2,1,0,1,0,0000000,2,4,2,20,2,59,0,0,0,1,1
48,482526,2,2,0,0,0,3,3,201,3280,5,11,2011,7,0,6,0,16,5,FONDREN RD,CROTON ST,0,29.70214167,-95.519802780,0,12,2,0,1,1,1,0,3,1,0,1,0,0000000,0,11,0,18,0,32,0,0,0,1,1
48,482527,2,2,0,0,0,2,2,423,7070,5,11,2011,7,11,23,1,13,3,SR-155,,121,32.30953333,-95.333488890,0,12,6,0,8,1,1,0,1,1,0,1,0,0000000,88,88,88,88,88,88,0,0,0,1,0
48,482528,1,1,0,3,3,3,3,215,0,8,11,2011,3,19,3,0,6,4,MIDWAY RD,,0,26.15906111,-98.022030560,0,9,0,0,1,1,1,0,2,1,0,1,0,0000000,88,88,88,88,88,88,0,0,0,2,0
48,482529,2,2,0,0,0,5,5,339,0,11,11,2011,6,11,30,1,2,3,SR-105,FOSTORIA RD,30,30.32164722,-95.164952780,0,12,6,0,2,2,1,0,1,10,0,10,0,0000000,11,39,12,2,12,38,0,0,0,2,0
48,482530,1,1,0,0,0,3,3,491,330,11,11,2011,6,3,59,0,16,5,LAKELINE BLVD,,0,30.48737778,-97.772827780,0,42,0,0,1,1,4,0,2,1,0,1,0,0000000,4,7,4,16,4,34,0,0,0,1,1
48,482531,1,1,0,0,0,5,5,387,0,12,11,2011,7,13,35,0,6,4,2356,,0,33.92252222,-95.198547220,0,43,0,0,1,1,4,0,1,1,0,1,0,0000000,88,88,88,88,88,88,0,0,0,1,1
48,482532,1,1,0,0,0,1,1,201,3280,13,11,2011,1,15,45,0,16,5,ALLEN PKWY,,0,29.76017500,-95.406888890,0,33,0,0,1,1,3,0,1,1,0,1,0,0000000,15,47,15,52,16,12,3,0,0,1,0
48,482533,2,2,0,0,0,2,2,37,0,14,11,2011,2,5,5,1,1,1,I-30 RAMP,FM 990,106,33.41596944,-94.558719440,0,12,6,1,5,1,1,0,6,1,0,1,0,0000000,88,88,88,88,88,88,0,0,0,1,0
48,482534,2,2,0,0,0,5,5,141,9997,15,11,2011,3,21,20,1,11,1,I-10,,417,31.62455278,-106.212647220,0,12,2,0,1,1,1,0,2,1,0,1,0,0000000,21,28,21,29,22,15,0,0,0,3,0
48,482535,2,2,0,0,0,3,3,497,0,16,11,2011,4,7,29,0,4,8,FM 51,4699,313,33.07384167,-97.649680560,0,12,6,0,2,3,1,0,1,1,0,1,0,0000000,7,40,7,55,8,29,0,0,0,1,0
48,482536,2,2,0,0,0,2,2,361,0,18,11,2011,6,13,5,1,2,3,SR-87,SR-62,43,30.05105833,-93.815308330,0,12,1,0,3,3,1,0,1,1,0,1,0,0000000,88,88,88,88,88,88,0,0,0,1,0
48,482537,1,1,0,0,0,1,1,201,3280,20,11,2011,1,14,40,1,11,7,I-10,SR-8,151,29.78385833,-95.563541670,0,21,0,1,3,2,3,0,1,1,0,1,0,0000000,14,15,14,23,14,48,0,0,0,1,0
48,482538,1,1,0,0,0,1,1,439,2450,20,11,2011,1,3,27,1,11,1,I-30,,135,32.73363333,-97.494108330,0,52,0,0,1,1,3,0,3,10,0,10,0,0000000,88,88,88,88,88,88,0,0,0,1,1
48,482539,2,2,0,0,0,7,7,109,0,21,11,2011,2,22,52,0,4,8,RR 652,,324,31.88371667,-104.316919440,0,12,6,0,1,1,1,0,2,1,0,1,0,0000000,99,99,99,99,99,99,0,0,0,1,1
48,482540,1,1,0,1,1,2,2,61,940,24,11,2011,5,19,0,0,16,5,MONSEES RD,,0,25.87627222,-97.437913890,0,8,0,0,1,1,1,0,2,1,0,1,0,0000000,19,0,19,12,19,31,0,0,0,1,0
48,482541,2,2,0,0,0,2,2,479,0,25,11,2011,6,7,5,0,5,8,FM1472,,56,27.79879722,-99.827013890,0,12,8,0,1,1,1,0,1,1,0,1,0,0000000,99,99,99,99,99,99,0,0,0,1,0
48,482542,1,1,0,0,0,2,2,97,0,26,11,2011,7,2,3,0,4,8,FM51,,188,33.44125000,-97.315508330,0,42,0,0,1,1,4,0,2,2,0,2,0,0000000,2,3,2,20,3,0,0,0,0,1,1
48,482543,1,1,0,0,0,1,1,409,0,27,11,2011,1,3,0,0,6,4,441,,0,28.11481944,-97.840652780,0,32,0,0,1,1,4,0,2,1,0,1,0,0000000,88,88,88,88,88,88,0,0,0,1,1
48,482544,2,2,0,0,0,4,4,311,0,28,11,2011,2,16,0,0,3,3,SR-16,FM624,369,28.13392778,-98.589505560,0,12,6,0,2,2,1,0,1,10,0,10,0,0000000,99,99,99,99,99,99,0,0,0,1,0
48,482545,3,3,0,2,2,2,2,201,3280,22,11,2011,3,18,35,1,12,7,US-290,,322,29.86029444,-95.524913890,0,12,7,0,1,1,1,0,2,1,0,1,0,0000000,18,41,18,47,19,34,23,0,0,1,0
48,482546,1,1,0,1,1,3,3,339,0,28,11,2011,2,12,35,1,12,7,US-59,,126,30.11209444,-95.234597220,0,8,0,0,1,1,1,0,1,1,0,1,0,0000000,12,36,12,43,13,28,19,0,0,1,0
48,482547,3,1,2,1,1,1,1,355,1550,28,11,2011,2,19,55,0,16,5,S STAPLES ST,,0,27.73970000,-97.387930560,0,43,0,0,1,1,4,0,3,10,0,10,0,0000000,88,88,88,88,88,88,0,0,0,1,0
48,482548,1,1,0,0,0,3,3,433,0,28,11,2011,2,22,57,0,4,8,FM2211,,37,33.16511389,-100.391552780,0,11,0,0,1,1,1,0,2,1,0,1,0,0000000,23,7,23,18,0,0,0,0,0,1,1
48,482549,2,2,0,0,0,5,5,215,0,30,10,2011,1,20,30,1,13,3,SR-107,FM2128,245,26.29725556,-98.091297220,0,12,6,0,2,4,1,0,3,1,0,1,0,0000000,20,30,20,40,21,25,0,0,0,1,0
48,482550,1,1,0,0,0,1,1,113,4530,30,11,2011,4,2,5,1,11,7,I-30,,252,32.82933056,-96.618544440,0,33,0,0,1,1,10,0,2,1,0,1,0,0000000,2,6,2,13,2,33,0,0,0,1,0
48,482551,1,1,0,0,0,1,1,203,0,1,12,2011,5,22,21,0,4,8,FM 2879,,67,32.57612778,-94.691105560,0,38,0,0,1,1,4,0,2,1,0,1,0,0000000,88,88,88,88,88,88,0,0,0,1,1
48,482552,1,1,0,0,0,1,1,109,0,3,12,2011,7,13,34,1,1,1,I-10,,26,31.06736667,-104.343722220,0,1,0,0,1,1,3,0,1,1,0,1,0,0000000,99,99,99,99,99,99,0,0,0,1,0
48,482553,3,3,0,0,0,7,7,139,4570,3,12,2011,7,23,40,1,12,2,US-287,PLAINVIEW RD,0,32.46048333,-96.942508330,0,12,6,0,2,2,1,0,3,2,0,2,0,0000000,23,42,23,50,0,34,0,0,0,1,0
48,482554,1,1,0,0,0,1,1,321,0,4,12,2011,1,6,30,0,4,8,FM 521,,46,28.83816389,-95.854144440,0,1,0,0,1,1,4,0,2,10,0,10,0,0000000,88,88,88,88,88,88,0,0,0,1,1
48,482555,2,2,0,0,0,2,2,407,0,6,12,2011,3,13,49,0,4,8,FM 3278,,19,30.60935556,-95.050372220,0,12,6,0,1,1,1,0,1,1,0,1,0,0000000,99,99,99,99,99,99,0,0,0,1,0
48,482556,1,1,0,0,0,1,1,423,0,6,12,2011,3,21,15,0,6,4,CR 431,,0,32.59608611,-95.484438890,0,42,0,0,1,1,4,0,2,1,0,1,0,0000000,21,37,21,44,22,28,0,0,0,1,1
48,482557,2,2,0,0,0,2,2,49,0,7,12,2011,4,5,45,0,3,2,US-377,FM 586,159,31.52866667,-99.102369440,0,12,2,0,2,3,1,0,2,1,0,1,0,0000000,99,99,99,99,99,99,0,0,0,1,0
48,482558,2,2,0,0,0,2,2,481,0,7,12,2011,4,6,59,1,2,2,US-59,BU 59R,47,29.40606667,-96.065577780,0,12,6,0,2,3,1,0,1,1,0,1,0,0000000,7,3,7,12,8,7,0,0,0,1,0
48,482559,2,2,0,0,0,4,4,85,7620,9,12,2011,6,9,10,0,14,3,SR-78,,358,33.00348611,-96.552591670,9,12,6,0,8,1,1,0,1,10,0,10,0,0000000,99,99,99,99,99,99,0,0,0,2,0
48,482560,1,1,0,0,0,1,1,181,0,9,12,2011,6,20,45,0,6,4,BLOCK RD,,0,33.40625000,-96.731841670,0,38,0,0,1,1,4,0,2,10,0,10,0,0000000,88,88,88,88,88,88,0,0,0,1,1
48,482561,2,2,0,0,0,2,2,231,2860,9,12,2011,6,15,36,1,13,2,US-69,SAYLE ST,111,33.12104722,-96.116100000,0,12,1,0,3,2,1,0,1,10,0,10,0,0000000,99,99,99,99,99,99,0,0,0,1,1
48,482562,2,2,0,0,0,3,3,157,5970,10,12,2011,7,2,32,0,14,8,FM 723,,249,29.56072500,-95.809455560,0,12,2,0,1,1,1,0,3,1,0,1,0,0000000,88,88,88,88,88,88,14,0,0,1,1
48,482563,1,1,0,0,0,1,1,113,1730,11,12,2011,1,0,54,1,11,1,I-30 RAMP,,44,32.77869167,-96.780483330,0,23,0,1,5,1,4,0,3,1,0,1,0,0000000,0,59,1,9,1,28,3,0,0,1,1
48,482564,2,2,0,0,0,4,4,125,0,11,12,2011,1,8,6,1,2,2,US-82,FM 264,20,33.68436111,-101.006288890,0,12,6,0,2,2,1,0,1,5,2,2,0,0000000,88,88,88,88,88,88,0,0,0,2,0
48,482565,5,5,0,0,0,7,7,141,2190,11,12,2011,1,16,32,1,11,1,I-10,,115,31.83498056,-106.568363890,0,12,8,0,1,1,1,0,1,10,0,10,0,0000000,99,99,99,99,99,99,0,0,0,2,1
48,482566,1,1,0,1,1,1,1,141,2190,12,12,2011,2,6,2,0,16,5,ALABAMA ST,NASHVILLE AVE,0,31.80041111,-106.465900000,0,8,0,0,3,2,1,0,1,1,0,1,0,0000000,99,99,99,99,99,99,0,0,0,1,0
48,482567,2,2,0,0,0,2,2,481,7410,12,12,2011,2,12,58,1,13,3,SR-60,MAYS ST,362,29.32721389,-96.096438890,0,12,1,0,3,3,1,0,1,10,0,10,0,0000000,88,88,88,88,88,88,0,0,0,1,1
48,482568,1,1,0,0,0,1,1,215,5330,13,12,2011,3,16,57,1,12,2,US-83,,280,26.20568333,-98.173544440,0,31,0,0,1,1,5,0,1,2,0,2,0,0000000,88,88,88,88,88,88,0,0,0,1,0
48,482569,2,2,0,0,0,2,2,201,530,14,12,2011,4,22,59,1,11,1,I-610,,63,29.70003889,-95.458969440,0,12,1,0,1,1,1,0,3,10,0,10,0,0000000,23,0,23,6,23,33,23,0,0,1,0
48,482570,8,8,0,0,0,10,10,439,260,14,12,2011,4,13,41,1,13,8,FM 157,BROWN BLVD,112,32.77495556,-97.097130560,0,12,1,0,3,2,1,0,1,10,0,10,0,0000000,13,41,13,45,14,37,0,0,0,1,0
48,482571,1,1,0,0,0,2,2,453,0,20,12,2011,3,21,25,0,6,4,MERRILLTOWN DR,,0,30.44806667,-97.691197220,0,33,0,0,1,1,4,0,3,10,0,10,0,0000000,21,26,21,37,21,54,0,0,0,1,1
48,482572,2,2,0,1,1,2,2,201,3280,5,7,2011,3,7,0,0,16,5,MYKAWA,BELARBOR ST,0,29.66522778,-95.318044440,0,12,6,0,2,3,1,0,1,1,0,1,0,0000000,7,3,7,10,7,30,0,0,0,1,0
48,482573,2,2,0,0,0,3,3,289,0,19,8,2011,6,15,50,1,2,2,US-79,,39,31.56675833,-95.893641670,0,12,6,0,1,1,1,0,1,1,0,1,0,0000000,16,5,16,21,17,25,0,0,0,1,0
48,482575,3,3,0,0,0,3,3,439,2450,11,9,2011,1,8,18,1,11,7,I-30,,184,32.75970556,-97.251786110,0,12,99,0,1,1,1,0,1,1,0,1,0,0000000,8,22,8,25,8,42,0,0,0,1,0
48,482576,2,2,0,0,0,2,2,303,4140,30,9,2011,6,8,4,0,16,5,17TH,BANGOR AVE,0,33.58063056,-101.927552780,0,12,6,0,2,2,1,0,1,1,0,1,0,0000000,8,6,8,10,8,22,0,0,0,1,0
48,482577,1,1,0,1,1,1,1,355,5850,16,10,2011,1,17,16,0,16,5,NEBRASKA ST,,0,27.78616111,-97.676688890,0,8,0,0,8,1,1,0,1,1,0,1,0,0000000,99,99,17,23,17,41,0,0,0,1,0
48,482578,1,1,0,0,0,1,1,201,3280,9,11,2011,4,12,40,0,16,5,KIRKWOOD DR,STROUD DR,0,29.69991667,-95.587644440,0,33,0,0,2,2,4,0,1,10,0,10,0,0000000,12,48,12,53,13,20,0,0,0,1,0