STATE,ST_CASE,VE_TOTAL,VE_FORMS,PVH_INVL,PEDS,PERNOTMVIT,PERMVIT,PERSONS,COUNTY,CITY,DAY,MONTH,YEAR,DAY_WEEK,HOUR,MINUTE,NHS,ROAD_FNC,ROUTE,TWAY_ID,TWAY_ID2,MILEPT,LATITUDE,LONGITUD,SP_JUR,HARM_EV,MAN_COLL,RELJCT1,RELJCT2,TYP_INT,REL_ROAD,WRK_ZONE,LGT_COND,WEATHER1,WEATHER2,WEATHER,SCH_BUS,RAIL,NOT_HOUR,NOT_MIN,ARR_HOUR,ARR_MIN,HOSP_HR,HOSP_MN,CF1,CF2,CF3,FATALS,DRUNK_DR
48,482579,3,3,0,1,1,3,3,201,3280,21,11,2011,2,1,30,1,12,2,US-290,,316,29.86361667,-95.533516670,0,8,0,0,1,1,1,0,3,10,0,10,0,0000000,88,88,88,88,88,88,0,0,0,1,0
48,482580,2,2,0,0,0,3,3,209,990,25,11,2011,6,21,20,0,15,8,FM2001,,13,30.07042222,-97.812738890,0,12,6,0,1,1,1,0,2,1,0,1,0,0000000,99,99,99,99,99,99,0,0,0,1,1
48,482581,2,2,0,0,0,2,2,21,0,27,11,2011,1,18,15,1,2,3,SR-21,,85,30.08648333,-97.497058330,0,12,2,0,1,1,1,0,2,1,0,1,0,0000000,99,99,99,99,99,99,0,0,0,1,0
48,482582,2,2,0,0,0,3,3,453,0,29,11,2011,3,21,12,0,13,2,US-290,,18,30.22709722,-97.944175000,0,12,2,0,1,1,1,1,2,1,0,1,0,0000000,99,99,99,99,99,99,0,0,0,2,1
48,482583,3,3,0,0,0,6,6,41,1440,9,12,2011,6,18,30,0,14,8,FM 2154,GRAHAM RD,125,30.56363611,-96.302291670,0,12,6,0,2,2,1,0,3,1,0,1,0,0000000,18,30,18,40,19,0,0,0,0,1,0
48,482584,1,1,0,0,0,1,1,141,0,9,12,2011,6,2,37,1,13,8,RR 659,MONTANA AVE,1,31.81311667,-106.213108330,0,33,0,0,3,3,3,0,3,1,0,1,0,0000000,99,99,99,99,99,99,0,0,0,1,0
48,482585,1,1,0,0,0,2,2,201,0,9,12,2011,6,3,20,0,6,5,SPRINGSTUEBNER,,0,30.08282500,-95.456905560,0,30,0,0,1,1,4,0,2,1,0,1,0,0000000,3,27,3,35,4,32,0,0,0,1,1
48,482586,2,2,0,0,0,2,2,363,0,14,12,2011,4,13,54,0,3,2,US-180,,306,32.79476944,-98.198133330,0,12,6,0,1,1,4,0,1,2,0,2,0,0000000,13,52,13,58,14,21,0,0,0,1,0
48,482587,1,1,0,0,0,1,1,201,3280,15,12,2011,5,1,0,1,11,7,I-45,,328,29.87656944,-95.367144440,0,24,0,0,1,1,10,0,3,2,0,2,0,0000000,1,7,1,27,1,56,0,0,0,1,0
48,482588,1,1,0,1,1,1,1,121,1840,16,12,2011,6,2,45,1,11,7,I-35,GANZER RD,14,33.28330278,-97.177752780,0,8,0,1,2,3,1,0,2,10,0,10,0,0000000,88,88,88,88,88,88,0,0,0,1,0
48,482589,2,2,0,0,0,2,2,201,0,17,12,2011,7,2,46,1,13,3,SR-6,GLEN CHASE DR,39,29.88240833,-95.645236110,0,12,6,0,2,3,1,0,3,10,0,10,0,0000000,2,46,2,48,3,22,0,0,0,1,1
48,482590,2,2,0,0,0,3,3,381,150,17,12,2011,7,11,21,1,13,8,LOOP 335,COULTER ST,9,35.25319444,-101.915741670,0,12,6,0,2,3,1,0,1,1,0,1,0,0000000,99,99,99,99,99,99,0,0,0,2,0
48,482591,1,1,0,0,0,1,1,13,0,18,12,2011,1,3,10,0,15,8,FM 3350,,129,28.95990278,-98.525138890,0,32,0,0,1,1,4,0,2,1,0,1,0,0000000,99,99,99,99,99,99,0,0,0,1,1
48,482592,1,1,0,0,0,1,1,27,3690,18,12,2011,1,0,29,0,16,5,FLORENCE RD,,0,31.10697778,-97.737163890,0,43,0,0,1,1,4,0,2,1,0,1,0,0000000,0,35,0,53,1,23,0,0,0,1,1
48,482593,1,1,0,0,0,1,1,201,3280,18,12,2011,1,6,20,0,16,5,BRENDA,,0,29.85839722,-95.388136110,0,1,0,0,1,1,4,0,4,10,0,10,0,0000000,99,99,99,99,99,99,0,0,0,1,1
48,482594,1,1,0,0,0,5,5,419,0,18,12,2011,1,1,10,0,4,8,FM 2026,,20,31.88241111,-94.314747220,0,1,0,0,1,1,4,0,2,1,0,1,0,0000000,1,44,2,18,2,52,0,0,0,2,0
48,482595,1,1,0,0,0,1,1,29,6090,19,12,2011,2,1,29,0,4,7,LOOP 1604,BRAUN RD,29,29.53653611,-98.682769440,0,46,0,1,3,2,8,0,3,2,0,2,0,0000000,1,29,1,37,2,25,0,0,0,1,1
48,482596,2,2,0,0,0,2,2,53,1040,19,12,2011,2,17,29,1,2,2,US-281,LEAGUE ST,199,30.75533056,-98.228055560,0,12,6,0,2,2,1,0,1,2,0,2,0,0000000,14,1,14,4,15,0,0,0,0,1,1
48,482597,2,2,0,0,0,3,3,113,2590,19,12,2011,2,13,57,0,16,5,FIRST ST,LUCINDA DR,0,32.92828611,-96.630766670,0,12,6,0,2,3,1,0,1,2,0,2,0,0000000,13,55,14,1,14,20,0,0,0,1,0
48,482598,1,1,0,0,0,1,1,167,2570,19,12,2011,2,1,4,0,4,8,FM 3005,,172,29.13370556,-95.052011110,0,32,0,0,1,1,4,0,3,1,0,1,0,0000000,1,2,1,11,1,38,0,0,0,1,0
48,482599,2,2,0,0,0,4,4,27,570,20,12,2011,3,23,10,1,11,1,I-35,,142,31.03233333,-97.473094440,0,12,1,0,1,1,1,1,2,1,0,1,0,0000000,23,14,23,15,23,42,0,0,0,1,1
48,482600,2,2,0,0,0,4,4,331,0,20,12,2011,3,15,28,0,3,2,US-77,FM 485,87,30.91928056,-96.982669440,0,12,6,0,2,2,1,0,1,1,0,1,0,0000000,15,37,15,43,16,27,0,0,0,1,0
48,482601,2,2,0,0,0,3,3,299,0,22,6,2011,4,6,17,0,3,3,SR-71,,158,30.59048056,-98.503813890,0,11,0,0,1,1,1,0,4,10,0,10,0,0000000,88,88,88,88,88,88,0,0,0,1,0
48,482603,2,2,0,0,0,2,2,203,4360,21,12,2011,4,7,53,0,14,3,SR-43,,195,32.51269444,-94.401108330,0,12,6,0,8,1,1,0,1,10,0,10,0,0000000,7,56,8,0,8,23,0,0,0,1,0
48,482604,1,1,0,0,0,1,1,225,0,21,12,2011,4,12,20,0,6,4,2055,,0,31.31525000,-95.587072220,0,42,0,0,1,1,4,0,1,10,0,10,0,0000000,12,31,13,16,14,13,0,0,0,1,0
48,482605,2,2,0,1,1,2,2,201,0,22,12,2011,5,23,0,0,6,4,ALDINE WESTFIELD RD,WOODCREEK LN,0,30.01477500,-95.377263890,0,12,6,0,2,3,1,0,3,1,0,1,0,0000000,23,5,23,18,23,35,0,0,0,1,1
48,482607,5,5,0,0,0,10,10,29,6090,23,12,2011,6,23,45,1,11,8,SL410,,350,29.37506944,-98.393780560,0,12,1,0,1,1,1,0,2,1,0,1,0,0000000,0,16,0,23,1,18,19,0,0,1,0
48,482608,1,1,0,0,0,2,2,29,6090,24,12,2011,7,2,33,1,11,7,I-410,,223,29.51788056,-98.466447220,0,30,0,0,1,1,10,0,3,1,0,1,0,0000000,88,88,88,88,88,88,0,0,0,1,1
48,482609,1,1,0,0,0,3,3,163,0,23,12,2011,6,7,52,1,1,1,I-35,,265,29.00132500,-99.061172220,0,1,0,0,1,1,3,0,2,1,0,1,0,0000000,8,14,8,36,9,17,0,0,0,1,0
48,482610,1,1,0,0,0,1,1,141,2190,24,12,2011,7,2,16,0,16,5,LEE TREVINO DR,,0,31.78410278,-106.323055560,0,41,0,0,1,1,4,0,3,4,0,4,0,0000000,88,88,88,88,88,88,0,0,0,1,0
48,482611,2,2,0,2,2,2,2,161,0,24,12,2011,7,6,34,1,1,1,I-45,,92,31.45217500,-96.077261110,0,12,6,0,1,1,1,0,2,10,0,10,0,0000000,99,99,99,99,99,99,19,15,0,1,0
48,482612,1,1,0,0,0,2,2,487,7180,24,12,2011,7,23,34,0,16,5,BEAVER ST,,0,34.14209444,-99.301555560,0,42,0,0,1,1,4,0,3,10,0,10,0,0000000,23,36,23,47,23,59,0,0,0,1,1
48,482613,1,1,0,0,0,2,2,439,260,25,12,2011,1,15,36,0,15,7,SR-360,,154,32.70242222,-97.063325000,0,43,0,0,4,1,4,0,1,10,0,10,0,0000000,15,36,15,43,16,1,0,0,0,1,0
48,482614,1,1,0,0,0,1,1,347,0,26,12,2011,2,12,42,1,2,2,US-59,,318,31.47371944,-94.726150000,0,42,0,0,1,1,5,0,1,1,0,1,0,0000000,12,46,12,59,13,18,0,0,0,1,0
48,482615,1,1,0,0,0,3,3,355,1550,27,12,2011,3,15,32,1,12,3,SR-358,,51,27.73726111,-97.430147220,0,21,0,1,19,1,4,0,1,1,0,1,0,0000000,15,32,15,38,15,51,0,0,0,1,0
48,482616,1,1,0,0,0,1,1,439,3347,28,12,2011,4,1,7,1,19,1,I-820,,99999,32.82617222,-97.205325000,0,52,0,1,19,1,8,0,3,1,0,1,0,0000000,88,88,88,88,88,88,0,0,0,1,0
48,482617,2,2,0,0,0,4,4,479,3899,28,12,2011,4,21,10,1,13,8,SL 20,,202,27.50979444,-99.448511110,0,12,6,1,18,1,1,1,2,10,0,10,0,0000000,21,14,21,19,21,35,0,0,0,1,0
48,482618,2,2,0,0,0,6,6,121,1840,29,12,2011,5,18,51,1,13,2,US-380,,130,33.22986944,-97.164988890,0,12,6,0,8,1,1,0,3,1,0,1,0,0000000,18,52,18,55,19,25,0,0,0,1,0
48,482619,1,1,0,0,0,4,4,483,0,29,12,2011,5,11,21,1,1,1,I-40,,70,35.22718611,-100.415455560,0,1,0,0,1,1,1,0,1,1,0,1,0,0000000,99,99,99,99,99,99,0,0,0,2,0
48,482620,1,1,0,1,1,3,3,203,4360,30,12,2011,6,18,7,0,4,8,FM 31,,51,32.52136667,-94.327347220,0,8,0,0,1,1,1,0,2,1,0,1,0,0000000,18,9,18,15,18,29,0,0,0,1,0
48,482621,2,2,0,0,0,3,3,141,2190,17,7,2011,1,11,28,1,11,1,I-10,,137,31.83129722,-106.565788890,0,12,6,0,1,1,1,0,1,1,0,1,0,0000000,88,88,88,88,88,88,0,0,0,2,0
48,482622,3,3,0,0,0,5,5,141,2190,31,7,2011,1,2,41,1,11,1,I-10,,274,31.77215000,-106.378436110,0,12,1,0,1,1,1,0,3,1,0,1,0,0000000,3,13,3,21,3,58,19,0,0,1,1
48,482623,1,1,0,0,0,1,1,505,0,25,9,2011,1,17,15,0,4,8,FM 2687,,132,26.79874167,-99.095291670,0,32,0,0,1,1,4,0,1,1,0,1,0,0000000,17,0,17,12,17,20,0,0,0,1,0
48,482624,1,1,0,1,1,1,1,215,5181,11,10,2011,3,20,12,0,16,5,TROSPER RD,,0,26.26399444,-98.325691670,0,8,0,0,1,1,1,0,2,1,0,1,0,0000000,20,4,20,14,20,40,0,0,0,1,0
48,482625,2,2,0,0,0,2,2,135,0,26,10,2011,4,7,0,1,13,8,SL 338,,234,31.94374722,-102.372727780,0,12,6,0,1,1,2,0,2,1,0,1,0,0000000,6,52,7,2,7,40,0,0,0,1,0
48,482626,1,1,0,0,0,1,1,329,0,29,10,2011,7,5,57,0,15,8,FM 662,,46,31.95561944,-102.150919440,0,43,0,0,6,1,2,0,2,1,0,1,0,796313N,88,88,88,88,88,88,0,0,0,1,1
48,482627,1,1,0,0,0,1,1,165,0,10,11,2011,5,18,5,1,2,2,US-385,,230,32.66538889,-102.644341670,0,1,0,0,1,1,4,0,5,1,0,1,0,0000000,88,88,88,88,88,88,0,0,0,1,0
48,482628,1,1,0,0,0,1,1,305,0,11,11,2011,6,5,25,1,2,2,US-87,,95,33.19744167,-101.797075000,0,1,0,0,1,1,1,0,2,10,0,10,0,0000000,99,99,99,99,99,99,0,0,0,1,1
48,482629,1,1,0,1,1,1,1,339,0,10,11,2011,5,20,50,1,11,7,I-45,,21,30.13878611,-95.445469440,0,8,0,0,1,1,1,0,3,1,0,1,0,0000000,20,55,21,1,21,19,19,0,0,1,0
48,482630,1,1,0,0,0,1,1,329,0,15,11,2011,3,6,55,0,6,4,1150,,0,32.03917222,-102.024244440,0,1,0,0,1,1,1,0,1,1,0,1,0,0000000,88,88,88,88,88,88,0,0,0,1,0
48,482631,1,1,0,1,1,1,1,427,5930,18,11,2011,6,19,8,1,2,2,US-83,,191,26.40763889,-98.978747220,0,8,0,0,1,1,1,1,2,1,0,1,0,0000000,88,88,88,88,88,88,0,0,0,1,0
48,482632,1,1,0,0,0,1,1,199,6480,19,11,2011,7,20,50,0,16,5,OLD BEAUMONT RD,,0,30.13173611,-94.400461110,0,34,0,0,1,1,4,0,3,1,0,1,0,0000000,20,54,21,0,21,53,0,0,0,1,1
48,482633,3,3,0,0,0,5,5,201,3280,20,11,2011,1,7,13,1,13,3,SR-6,PINE FOREST LN,75,29.83056667,-95.645641670,0,12,6,0,2,2,1,0,4,10,0,10,0,0000000,7,15,7,24,7,53,0,0,0,2,1
48,482634,3,3,0,0,0,5,5,395,0,26,11,2011,7,15,20,1,2,2,US-79,,23,30.97926667,-96.541155560,0,12,8,0,1,1,1,0,1,10,0,10,0,0000000,15,20,15,28,16,1,0,0,0,1,0
48,482635,2,2,0,0,0,4,4,363,0,27,11,2011,1,18,45,1,1,1,I-20,,206,32.63521667,-98.067677780,0,12,1,0,1,1,1,0,2,1,0,1,0,0000000,99,99,99,99,99,99,0,0,0,1,0
48,482636,1,1,0,0,0,1,1,85,4230,29,11,2011,3,18,18,0,16,5,VIRGINIA PKWY,,0,33.19846667,-96.708411110,0,59,0,0,1,1,4,0,3,1,0,1,0,0000000,18,27,18,42,19,25,0,0,0,1,0
48,482637,2,2,0,0,0,2,2,303,4140,29,11,2011,3,21,35,1,12,2,US-62,MILWAUKEE AVE,98,33.54291667,-101.957044440,0,12,6,0,2,2,1,0,3,1,0,1,0,0000000,88,88,88,88,88,88,0,0,0,1,1
48,482638,2,2,0,0,0,3,3,167,366,1,12,2011,5,6,36,1,12,3,SR-146,OKLAHOMA AVE,37,29.50434722,-94.998327780,0,12,6,0,2,3,1,0,4,5,0,5,0,0000000,99,99,99,99,99,99,0,0,0,1,0
48,482639,1,1,0,1,1,2,2,85,4230,3,12,2011,7,23,25,1,2,2,US-75,,149,33.19728611,-96.638738890,0,8,0,0,1,1,1,0,3,2,0,2,0,0000000,88,88,88,88,88,88,0,0,0,1,0
48,482640,1,1,0,0,0,1,1,329,0,3,12,2011,7,1,27,1,11,1,I-20,,60,31.92011111,-102.198772220,0,1,0,0,1,1,3,0,3,2,0,2,0,0000000,88,88,88,88,88,88,0,0,0,1,1
48,482641,1,1,0,0,0,1,1,1,0,4,12,2011,1,4,50,0,4,8,FM 59,,18,31.98911389,-95.969063890,0,32,0,0,1,1,4,0,2,1,0,1,0,0000000,88,88,88,88,88,88,0,0,0,1,0
48,482642,3,3,0,0,0,3,3,309,7210,8,12,2011,5,7,38,1,11,1,I-35,,122,31.50785278,-97.143241670,0,12,1,0,1,1,1,0,4,1,0,1,0,0000000,7,40,7,48,8,7,23,0,0,1,0
48,482643,1,1,0,0,0,1,1,257,0,9,12,2011,6,16,46,0,15,8,FM 429,,159,32.74275000,-96.246577780,0,42,0,0,1,1,4,0,1,1,0,1,0,0000000,16,58,17,24,17,59,0,0,0,1,1
48,482644,1,1,0,0,0,3,3,371,0,9,12,2011,6,16,40,1,2,2,US-67,,262,30.60787222,-103.292091670,0,1,0,0,1,1,4,0,1,1,0,1,0,0000000,16,22,16,49,18,15,0,0,0,1,0
48,482645,3,3,0,0,0,5,5,201,5230,10,12,2011,7,23,56,0,16,5,SPENCER HWY,SHAVER ST,0,29.66478889,-95.207805560,0,12,6,0,2,2,1,0,3,1,0,1,0,0000000,23,58,0,7,0,35,0,0,0,1,1
48,482646,1,1,0,0,0,1,1,303,0,10,12,2011,7,7,15,0,5,8,FM 2378,7100,243,33.51959722,-102.078369440,0,35,0,0,3,3,4,0,2,10,0,10,0,0000000,7,37,7,47,8,15,0,0,0,1,1
48,482647,1,1,0,0,0,1,1,479,3899,10,12,2011,7,2,34,0,16,5,LA PITA MANGANA RD,,0,27.45162222,-99.471597220,0,38,0,0,1,1,4,0,3,2,0,2,0,0000000,2,27,2,42,2,58,0,0,0,1,0
48,482648,2,2,0,1,1,3,3,29,6090,12,12,2011,2,17,59,1,12,2,US-90,,8,29.39751111,-98.648977780,0,8,0,0,1,1,1,0,3,2,0,2,0,0000000,88,88,88,88,88,88,0,0,0,1,0
48,482649,2,2,0,0,0,2,2,189,0,13,12,2011,3,15,8,1,1,1,I-27,,114,33.99000833,-101.853761110,0,12,6,0,1,1,1,0,1,5,0,5,0,0000000,99,99,99,99,99,99,0,0,0,1,0
48,482650,2,2,0,0,0,2,2,329,0,13,12,2011,3,7,57,0,14,8,FM 715,120,14,31.96491944,-102.036252780,0,12,6,0,2,2,1,0,4,5,0,5,0,0000000,8,2,8,9,8,19,0,0,0,1,0
48,482651,2,2,0,0,0,2,2,459,0,13,12,2011,3,15,12,0,3,3,SR-155,,27,32.84088611,-94.743119440,0,12,2,0,1,1,1,0,1,1,0,1,0,0000000,88,88,88,88,88,88,0,0,0,1,1
48,482652,2,2,0,0,0,3,3,329,0,14,12,2011,4,2,30,1,2,8,BI20E,1140,215,32.03195278,-102.004141670,0,12,6,0,2,2,1,0,2,1,0,1,0,0000000,2,32,2,40,2,57,0,0,0,1,0
48,482653,1,1,0,1,1,1,1,339,0,14,12,2011,4,6,25,0,3,3,SR-242,,116,30.21381944,-95.338450000,0,8,0,0,1,1,1,0,2,10,0,10,0,0000000,88,88,88,88,88,88,0,0,0,1,0
48,482654,2,2,0,0,0,4,4,325,0,15,12,2011,5,8,15,1,2,2,US-90,4712,91,29.35554722,-98.838783330,0,12,6,0,2,3,1,0,1,2,0,2,0,0000000,8,19,8,22,9,5,0,0,0,1,0
48,482655,3,2,1,0,1,2,3,1,5170,16,12,2011,6,13,40,1,13,2,US-79,,23,31.74279722,-95.657269440,0,12,6,0,8,1,1,0,1,10,0,10,0,0000000,13,46,13,51,14,16,0,0,0,1,0
48,482656,1,1,0,0,0,2,2,79,0,17,12,2011,7,20,31,0,5,8,FM301,227,50,33.45897222,-102.655986110,0,58,0,0,3,3,4,0,2,10,0,10,0,0000000,20,40,21,6,22,18,0,0,0,1,1
48,482657,1,1,0,0,0,2,2,359,0,17,12,2011,7,13,25,1,1,1,I-40,,171,35.25246944,-102.471308330,0,1,0,0,1,1,4,0,1,1,0,1,0,0000000,88,88,88,88,88,88,0,0,0,2,0
48,482658,2,2,0,0,0,2,2,423,0,17,12,2011,7,15,55,0,5,8,FM757,FN2767,47,32.37976944,-95.109066670,0,12,6,0,2,2,1,0,1,10,0,10,0,0000000,15,58,16,10,16,38,0,0,0,1,0
48,482659,2,2,0,0,0,3,3,479,0,17,12,2011,7,15,0,0,4,3,SR-44,,359,27.94370556,-98.899222220,0,12,1,0,1,1,1,0,1,2,0,2,0,0000000,88,88,88,88,88,88,0,0,0,1,0
48,482660,1,1,0,0,0,1,1,245,0,18,12,2011,1,2,50,0,6,4,HILLEBRANDT RD,,0,29.92434167,-94.112580560,0,38,0,0,1,1,4,0,2,1,0,1,0,0000000,88,88,88,88,88,88,0,0,0,1,1
48,482661,1,1,0,0,0,1,1,367,0,18,12,2011,1,2,50,0,6,4,FRIENDSHIP RD,,0,32.84539444,-97.716055560,0,38,0,0,1,1,4,0,2,1,0,1,0,0000000,88,88,88,88,88,88,0,0,0,1,1
48,482662,1,1,0,0,0,5,5,449,0,18,12,2011,1,4,50,1,1,1,I-30,,151,33.22691667,-94.887950000,0,1,0,0,1,1,10,0,2,1,0,1,0,0000000,99,99,99,99,99,99,0,0,0,1,0
48,482663,1,1,0,0,0,1,1,53,0,21,12,2011,4,16,26,0,4,8,RM 963,,93,30.85210833,-98.132661110,0,1,0,0,1,1,4,0,1,10,0,10,0,0000000,88,88,88,88,88,88,0,0,0,1,0
48,482664,2,2,0,0,0,2,2,313,0,22,12,2011,5,14,45,0,4,8,FM 39,,17,31.00298333,-96.110338890,0,12,6,0,1,1,1,0,1,1,0,1,0,0000000,88,88,88,88,88,88,0,0,0,1,0
48,482665,1,1,0,0,0,1,1,357,0,22,12,2011,5,18,34,0,3,2,US-83,,254,36.16773333,-100.684008330,0,1,0,0,1,1,4,0,2,3,0,3,0,0000000,88,88,88,88,88,88,0,0,0,1,0
48,482666,1,1,0,1,1,1,1,453,330,23,12,2011,6,18,46,1,11,1,I-35,,45,30.16025278,-97.789538890,0,8,0,0,1,1,1,0,3,1,0,1,0,0000000,88,88,88,88,88,88,0,0,0,1,0
48,482667,2,1,1,0,0,2,2,201,0,26,12,2011,2,0,2,0,14,8,FM 2920,,99,30.09893333,-95.583608330,0,59,0,0,1,1,4,0,2,2,0,2,0,0000000,0,8,0,16,1,10,0,0,0,1,1
48,482668,1,1,0,1,1,1,1,61,3030,25,12,2011,1,0,6,1,13,2,US-77,,151,26.15747500,-97.677838890,0,8,0,0,1,1,1,0,3,2,0,2,0,0000000,88,88,88,88,88,88,0,0,0,1,0
48,482669,1,1,0,0,0,2,2,65,0,25,12,2011,1,5,47,1,1,1,I-40,,70,35.20835000,-101.139927780,0,1,0,1,19,1,10,0,2,4,0,4,0,0000000,88,88,88,88,88,88,0,0,0,1,0
48,482670,1,1,0,0,0,2,2,375,0,25,12,2011,1,7,45,1,11,1,I-40,,293,35.20674167,-101.652436110,0,1,0,1,19,1,10,0,2,4,0,4,0,0000000,7,48,8,7,8,44,0,0,0,1,0
48,482671,1,1,0,1,1,1,1,439,3840,25,12,2011,1,6,29,1,12,3,SR-199,ROBERTS CUT-OFF RD,105,32.80412222,-97.411991670,0,8,0,0,2,2,1,0,6,2,0,2,0,0000000,6,32,6,38,7,10,0,0,0,1,0
48,482672,2,2,0,0,0,6,6,163,0,26,12,2011,2,18,28,0,3,2,US-57,,140,29.00615556,-99.212155560,0,12,6,0,1,1,1,0,2,1,0,1,0,0000000,18,58,19,24,19,59,0,0,0,1,0
48,482673,1,1,0,1,1,1,1,273,3700,27,12,2011,3,15,22,0,16,5,6TH,KLEBERG AVE,0,27.51662778,-97.867644440,0,15,0,0,2,2,1,0,1,1,0,1,0,0000000,99,99,99,99,99,99,0,0,0,1,0
48,482674,1,1,0,1,1,1,1,439,2450,28,12,2011,4,5,0,1,11,1,I-35 RAMP,,51,32.72322778,-97.320780560,0,8,0,1,5,1,1,0,2,1,0,1,0,0000000,88,88,88,88,88,88,0,0,0,1,0
48,482675,1,1,0,0,0,2,2,339,0,30,12,2011,6,2,20,0,3,8,FM 1488,,66,30.22855833,-95.707372220,0,52,0,0,1,1,4,0,2,1,0,1,0,0000000,2,23,2,32,3,26,0,0,0,1,1
48,482676,1,1,0,1,1,1,1,361,7200,30,12,2011,6,3,0,0,14,8,FM 1132,,32,30.14326111,-93.972419440,0,8,0,0,1,1,1,0,3,1,0,1,0,0000000,88,88,88,88,88,88,0,0,0,1,1
48,482677,2,2,0,0,0,4,4,185,0,31,12,2011,7,16,0,0,3,3,SR-90,,136,30.65780556,-95.964158330,0,12,2,0,1,1,1,0,1,1,0,1,0,0000000,16,3,16,10,17,6,20,0,0,1,0
48,482678,2,2,0,0,0,2,2,201,0,31,12,2011,7,4,20,0,14,8,FM 525,CHRISMAN RD,29,29.93230000,-95.363833330,0,12,6,0,2,3,1,0,3,5,0,5,0,0000000,4,27,4,32,5,3,0,0,0,1,1
48,482679,2,2,0,0,0,3,3,245,0,31,12,2011,7,13,0,0,4,8,FM 365,,90,29.91305833,-94.109411110,0,12,1,0,1,1,1,0,1,1,0,1,0,0000000,99,99,99,99,99,99,0,0,0,1,0
48,482680,1,1,0,0,0,3,3,251,1030,31,12,2011,7,3,20,1,11,7,I-35,,207,32.51859167,-97.305072220,0,30,0,0,1,1,4,0,2,1,0,1,0,0000000,3,23,3,28,3,58,0,0,0,2,0
48,482681,2,2,0,0,0,2,2,457,0,31,12,2011,7,19,28,1,2,2,US-69,,49,30.71398611,-94.414900000,0,12,2,0,1,1,1,0,2,1,0,1,0,0000000,19,32,19,36,20,5,0,0,0,1,0
48,482682,1,1,0,1,1,1,1,343,0,15,12,2011,5,5,40,0,3,3,SR-49,,9,33.08281667,-94.804883330,0,8,0,0,1,1,1,0,2,2,0,2,0,0000000,88,88,88,88,88,88,19,0,0,1,0
48,482683,2,2,0,0,0,2,2,133,1330,17,12,2011,7,10,33,1,1,7,I-20,SR-206,65,32.37448611,-99.005561110,0,12,6,0,2,2,1,0,1,1,0,1,0,0000000,88,88,88,88,88,88,0,0,0,1,0
48,482684,1,1,0,1,1,1,1,29,6090,19,12,2011,2,22,40,0,16,5,BABCOCK RD,,0,29.52529167,-98.600536110,0,8,0,0,1,1,1,0,2,1,0,1,0,0000000,99,99,99,99,99,99,0,0,0,1,0
48,482685,2,2,0,0,0,2,2,85,92,19,12,2011,2,1,48,0,16,5,SAM RAYBURN TOLLWAY,,0,33.12831667,-96.723069440,0,12,6,0,1,1,1,0,2,10,0,10,0,0000000,88,88,88,88,88,88,19,0,0,1,1
48,482686,2,2,0,0,0,4,4,453,0,19,12,2011,2,16,12,0,6,4,BARTON CREEK BLVD,,0,30.29744722,-97.856541670,0,12,6,0,1,1,1,0,1,2,0,2,0,0000000,16,15,16,21,17,10,0,0,0,1,0
48,482687,1,1,0,0,0,1,1,201,3280,28,12,2011,4,9,5,1,11,1,I-610,,51,29.71458889,-95.266419440,0,26,0,0,5,1,4,0,1,1,0,1,0,0000000,88,88,88,88,88,88,0,0,0,1,0
48,482688,1,1,0,0,0,15,15,381,0,30,12,2011,6,13,47,1,1,1,I-27,,154,34.96693056,-101.869797220,0,1,0,0,1,1,2,0,1,1,0,1,0,0000000,13,52,14,12,15,0,0,0,0,3,0
48,482689,2,2,0,0,0,3,3,469,0,30,12,2011,6,14,40,1,13,2,US-77,,101,28.76793611,-97.094241670,0,12,6,0,1,1,1,0,1,1,0,1,0,0000000,14,50,14,58,15,56,0,0,0,1,0
48,482690,1,1,0,0,0,1,1,113,1730,31,12,2011,7,20,51,1,11,7,I-20,KIRNWOOD DR,111,32.65143056,-96.869866670,0,1,0,0,2,3,1,0,3,1,0,1,0,0000000,20,55,20,58,99,99,0,0,0,1,1
48,482691,1,1,0,0,0,1,1,29,1209,11,4,2011,2,2,37,1,11,7,I-410,FM 1535,194,29.52099444,-98.510772220,0,21,0,1,3,3,10,0,3,2,0,2,0,0000000,2,44,2,48,3,31,0,0,0,1,0
48,482692,1,1,0,1,1,1,1,141,9997,10,5,2011,3,21,17,1,13,8,FM-76,RIO VISTA RD,108,31.65907778,-106.273647220,0,8,0,0,3,2,1,0,2,1,0,1,0,0000000,88,88,88,88,88,88,0,0,0,1,1
48,482693,1,1,0,0,0,5,5,197,0,18,9,2011,1,18,57,0,6,4,MAYFIELD ROAD,,0,34.31516111,-99.755422220,0,1,0,0,1,1,1,0,1,1,0,1,0,0000000,18,58,19,6,19,21,0,0,0,1,0
48,482694,3,2,1,0,0,3,3,479,3899,18,9,2011,1,6,45,0,16,5,CORPUS CHRISTI ST,LOGAN AVE,0,27.50838056,-99.488625000,0,12,6,0,2,2,1,0,1,1,0,1,0,0000000,99,99,99,99,99,99,0,0,0,1,1
48,482695,1,1,0,0,0,2,2,27,3027,1,10,2011,7,0,41,0,16,5,MOUNTAIN LION RD,,0,31.06027778,-97.677308330,0,1,0,0,1,1,4,0,2,1,0,1,0,0000000,0,50,0,59,1,34,0,0,0,1,1