STATE,ST_CASE,VE_TOTAL,VE_FORMS,PVH_INVL,PEDS,PERNOTMVIT,PERMVIT,PERSONS,COUNTY,CITY,DAY,MONTH,YEAR,DAY_WEEK,HOUR,MINUTE,NHS,ROAD_FNC,ROUTE,TWAY_ID,TWAY_ID2,MILEPT,LATITUDE,LONGITUD,SP_JUR,HARM_EV,MAN_COLL,RELJCT1,RELJCT2,TYP_INT,REL_ROAD,WRK_ZONE,LGT_COND,WEATHER1,WEATHER2,WEATHER,SCH_BUS,RAIL,NOT_HOUR,NOT_MIN,ARR_HOUR,ARR_MIN,HOSP_HR,HOSP_MN,CF1,CF2,CF3,FATALS,DRUNK_DR
48,482696,1,1,0,0,0,1,1,85,92,1,11,2011,3,16,35,0,14,8,FM 2170,,1,33.10013889,-96.618808330,0,1,0,0,1,1,1,0,1,1,0,1,0,0000000,16,45,16,56,17,30,0,0,0,1,0
48,482697,1,1,0,0,0,1,1,185,0,6,11,2011,1,0,56,1,2,3,SR-105,,46,30.36125278,-96.009361110,0,1,0,0,1,1,4,0,2,1,0,1,0,0000000,88,88,88,88,88,88,0,0,0,1,1
48,482698,1,1,0,1,1,2,2,491,2620,7,11,2011,2,21,51,9,99,8,RM 2338,,99999,30.65726667,-97.686436110,0,8,0,0,1,1,1,0,3,1,0,1,0,0000000,21,52,21,59,22,20,0,0,0,1,0
48,482699,1,1,0,1,1,3,3,141,2270,8,11,2011,3,17,51,0,16,5,G AVE,2ND ST,0,31.50470000,-106.151452780,0,8,0,0,2,2,1,0,3,1,0,1,0,0000000,17,54,18,6,18,50,0,0,0,1,0
48,482700,1,1,0,2,2,2,2,361,5100,23,11,2011,4,18,35,1,13,3,SR-87,,106,30.09422778,-93.755825000,0,8,0,0,1,1,1,0,3,1,0,1,0,0000000,18,28,18,33,18,40,0,0,0,1,0
48,482701,1,1,0,0,0,1,1,463,0,6,12,2011,3,9,7,1,2,2,US-90,,40,29.24050000,-100.062130560,0,35,0,0,1,1,4,0,1,10,0,10,0,0000000,9,27,10,1,11,2,0,0,0,1,0
48,482702,2,2,0,0,0,2,2,387,0,7,12,2011,4,14,30,1,2,2,US-82,,97,33.62828056,-95.158938890,0,12,2,0,1,1,1,0,1,1,0,1,0,0000000,14,39,15,5,16,16,0,0,0,1,0
48,482703,1,1,0,0,0,2,2,449,0,10,12,2011,7,20,5,0,3,2,US-67,,49,33.18849167,-94.896569440,0,32,0,0,1,1,4,0,2,1,0,1,0,0000000,88,88,88,88,88,88,0,0,0,2,1
48,482704,1,1,0,0,0,3,3,469,702,10,12,2011,7,2,55,0,4,8,FM616,,83,28.65003889,-96.886675000,0,34,0,0,1,1,4,0,2,1,0,1,0,0000000,99,99,99,99,99,99,0,0,0,1,1
48,482705,1,1,0,0,0,2,2,139,0,11,12,2011,1,5,55,0,5,8,FM1181,KUBIN LN,37,32.34669444,-96.563127780,0,59,0,0,1,1,4,0,2,1,0,1,0,0000000,6,18,99,99,7,33,0,0,0,1,1
48,482706,1,1,0,1,1,1,1,21,0,12,12,2011,2,19,42,0,6,4,LOOP RD,,0,30.01253056,-97.137388890,0,9,0,0,1,1,1,0,2,10,0,10,0,0000000,99,99,99,99,99,99,0,0,0,1,0
48,482707,1,1,0,0,0,2,2,67,0,15,12,2011,5,10,54,0,6,4,3669,,0,33.22136667,-94.156369440,0,11,0,0,1,1,1,0,1,2,0,2,0,0000000,11,13,11,33,12,18,0,0,0,1,0
48,482708,1,1,0,0,0,1,1,67,0,20,12,2011,3,5,55,0,4,3,SR-77,,199,33.18471389,-94.338416670,0,1,0,0,1,1,1,0,2,10,0,10,0,0000000,88,88,88,88,88,88,0,0,0,1,0
48,482709,1,1,0,0,0,2,2,157,0,20,12,2011,3,22,12,0,6,4,S MASON RD,,0,29.72306389,-95.754561110,0,33,0,0,1,1,3,0,3,1,0,1,0,0000000,22,20,22,27,23,18,0,0,0,1,0
48,482710,2,2,0,0,0,2,2,317,0,21,12,2011,4,0,10,1,2,3,SR-349,,12,32.51343611,-102.043013890,0,12,2,0,1,1,1,0,2,1,0,1,0,0000000,88,88,88,88,88,88,0,0,0,1,0
48,482711,1,1,0,0,0,1,1,245,490,2,3,2011,4,23,13,1,11,1,I-10,,33,30.09587778,-94.103333330,0,25,0,0,1,1,3,0,3,10,0,10,0,0000000,88,88,88,88,88,88,0,0,0,1,1
48,482712,1,1,0,1,1,2,2,245,490,3,8,2011,4,17,1,1,13,8,SS380,,95,30.07927222,-94.106491670,0,9,0,0,1,1,1,0,1,1,0,1,0,0000000,17,2,17,7,17,22,0,0,0,1,1
48,482713,1,1,0,0,0,1,1,49,950,11,11,2011,6,21,42,1,13,8,FM2524,,111,31.71899167,-98.986705560,0,1,0,0,1,1,1,0,3,1,0,1,0,0000000,99,99,99,99,99,99,0,0,0,1,0
48,482714,3,3,0,0,0,7,7,303,4140,15,11,2011,3,7,36,1,11,7,I-27,US-84,230,33.53671111,-101.843700000,0,12,6,1,2,2,1,0,1,1,0,1,0,0000000,7,41,7,47,8,13,0,0,0,1,0
48,482715,1,1,0,0,0,1,1,157,3280,25,11,2011,6,1,44,0,16,5,BISSONNET ST,,0,29.67996667,-95.637422220,0,42,0,0,1,1,3,0,3,1,0,1,0,0000000,88,88,88,88,88,88,20,0,0,1,1
48,482716,1,1,0,0,0,2,2,187,6290,24,11,2011,5,0,47,1,13,2,US-90,,34,29.58132222,-97.948755560,0,59,0,0,1,1,4,0,2,10,0,10,0,0000000,1,2,1,21,1,48,0,0,0,1,1
48,482717,1,1,0,1,1,4,4,201,3280,22,11,2011,3,18,0,0,16,5,CROCKETT ST,SAWYER ST,0,29.77362222,-95.382752780,0,9,0,0,2,2,1,0,3,1,0,1,0,0000000,18,12,18,21,19,14,0,0,0,1,0
48,482718,2,2,0,0,0,5,5,113,1730,1,12,2011,5,7,52,1,11,1,I-45,,182,32.75189444,-96.770725000,0,12,1,0,1,1,1,0,1,1,0,1,0,0000000,7,57,8,0,8,33,0,0,0,1,0
48,482719,1,1,0,0,0,1,1,189,0,2,12,2011,6,4,50,1,1,1,I-27,,154,34.04788611,-101.852636110,0,1,0,0,1,1,4,0,3,10,0,10,0,0000000,99,99,99,99,99,99,19,0,0,1,0
48,482721,1,1,0,0,0,2,2,61,3792,10,12,2011,7,0,14,1,2,3,SR-100,,197,26.09013056,-97.279005560,0,38,0,0,1,1,4,0,2,1,0,1,0,0000000,0,16,0,24,1,16,0,0,0,1,0
48,482722,3,3,0,0,0,3,3,201,3280,14,12,2011,4,2,25,1,12,2,US-90,,348,29.83925278,-95.489911110,0,12,1,0,1,1,1,0,3,2,0,2,0,0000000,88,88,88,88,88,88,0,0,0,1,1
48,482724,1,1,0,0,0,2,2,113,1730,23,12,2011,6,9,50,0,16,5,FORNEY RD,,0,32.77974167,-96.712780560,0,1,0,0,1,1,1,0,1,10,0,10,0,0000000,9,54,9,58,10,26,0,0,0,1,0
48,482725,1,1,0,0,0,1,1,149,0,24,12,2011,7,5,30,0,3,2,US-77,,195,29.82582222,-96.910547220,0,42,0,0,1,1,4,0,2,2,0,2,0,0000000,88,88,88,88,88,88,0,0,0,1,0
48,482726,2,2,0,1,1,1,1,15,0,25,12,2011,1,23,55,0,5,8,FM-1456,,37,30.00305556,-96.236022220,0,12,6,0,1,1,1,0,2,10,0,10,0,0000000,23,50,0,0,1,32,19,23,0,1,0
48,482727,1,1,0,1,1,1,1,99,0,25,12,2011,1,0,3,0,3,3,SR-36,,265,31.31330556,-97.636836110,0,8,0,0,1,1,1,0,2,2,0,2,0,0000000,88,88,88,88,88,88,0,0,0,1,0
48,482728,2,2,0,2,2,2,2,135,0,25,12,2011,1,8,23,1,11,1,I-20,,309,31.81690833,-102.420377780,0,12,6,1,18,1,1,0,1,4,0,4,0,0000000,8,17,8,44,9,10,0,0,0,1,0
48,482729,2,2,0,0,0,3,3,271,0,26,12,2011,2,18,21,1,2,2,US-90,,17,29.38435833,-100.679797220,0,12,6,0,1,1,1,0,5,1,0,1,0,0000000,18,45,19,44,20,54,0,0,0,1,0
48,482730,1,1,0,0,0,1,1,127,0,27,12,2011,3,8,38,1,2,2,US-277,,134,28.58662222,-99.918583330,0,1,0,0,1,1,1,0,1,1,0,1,0,0000000,99,99,99,99,99,99,0,0,0,1,0
48,482731,1,1,0,2,2,2,2,453,330,27,12,2011,3,16,21,0,16,5,S 1ST ST,THELMA DR,0,30.19447500,-97.789477780,0,8,0,0,2,3,1,0,1,1,0,1,0,0000000,16,21,16,26,16,45,0,0,0,2,0
48,482732,5,5,0,0,0,8,8,499,0,27,12,2011,3,9,51,1,2,2,US-69,,26,32.76825556,-95.602600000,0,12,1,0,8,1,1,0,1,1,0,1,0,0000000,10,2,10,36,11,30,0,0,0,3,0
48,482733,1,1,0,0,0,1,1,265,0,28,12,2011,4,4,10,0,4,3,SR-16,,21,30.10059167,-99.078141670,0,32,0,0,1,1,4,0,2,1,0,1,0,0000000,99,99,99,99,99,99,0,0,0,1,1
48,482734,2,1,1,0,0,2,2,279,160,28,12,2011,4,13,48,0,16,5,5TH ST,,0,34.01411667,-102.414005560,0,14,0,0,1,1,2,0,1,1,0,1,0,0000000,13,48,13,55,14,32,0,0,0,1,0
48,482735,1,1,0,0,0,3,3,469,0,28,12,2011,4,18,40,0,4,8,FM1686,,109,28.80390278,-96.827980560,0,35,0,0,1,1,4,0,2,1,0,1,0,0000000,88,88,88,88,88,88,0,0,0,1,1
48,482736,1,1,0,0,0,4,4,367,0,29,12,2011,5,0,5,0,6,4,MIDWAY RD,,0,32.91265833,-97.635444440,0,53,0,0,1,1,4,0,2,1,0,1,0,0000000,99,99,99,99,99,99,0,0,0,2,0
48,482737,2,2,0,0,0,3,3,469,0,29,12,2011,5,19,14,1,12,2,US-59,,124,28.73223889,-97.033030560,0,12,6,0,7,1,1,0,2,1,0,1,0,0000000,88,88,88,88,88,88,0,0,0,1,0
48,482738,2,2,0,0,0,7,7,157,0,30,12,2011,6,0,27,1,2,2,US-59,,287,29.46466111,-95.971827780,0,59,0,0,1,1,4,0,2,1,0,1,0,0000000,0,27,0,42,1,53,0,0,0,1,1
48,482739,1,1,0,1,1,1,1,283,0,30,12,2011,6,2,0,1,1,1,I-35,,33,28.47544722,-99.228241670,0,8,0,0,1,1,1,0,2,1,0,1,0,0000000,88,88,88,88,88,88,23,0,0,1,0
48,482740,2,1,1,0,0,1,1,329,4560,30,12,2011,6,22,7,1,13,8,BI20E,THOMASON DR,121,31.97808889,-102.113727780,0,46,0,0,3,3,4,0,3,1,0,1,0,0000000,22,16,22,20,22,41,0,0,0,1,1
48,482741,2,2,0,0,0,8,8,387,0,30,12,2011,6,11,20,1,2,2,US-82,,233,33.58661667,-94.936397220,0,12,2,0,1,1,1,0,1,1,0,1,0,0000000,88,88,88,88,88,88,0,0,0,8,0
48,482742,1,1,0,0,0,3,3,459,0,30,12,2011,6,20,17,0,4,8,FM 49,,53,32.72665556,-94.981819440,0,1,0,0,1,1,4,0,2,1,0,1,0,0000000,88,88,88,88,88,88,0,0,0,1,0
48,482743,1,1,0,0,0,3,3,55,0,31,12,2011,7,23,53,0,4,8,FM 20,,20,29.77061944,-97.757272220,0,38,0,0,1,1,4,0,2,1,0,1,0,0000000,99,99,99,99,99,99,0,0,0,1,1
48,482744,1,1,0,0,0,2,2,77,0,31,12,2011,7,14,30,0,4,8,FM 172,,33,33.66778333,-98.389333330,0,1,0,0,1,1,4,0,1,1,0,1,0,0000000,14,33,14,46,15,22,0,0,0,1,1
48,482745,2,2,0,0,0,2,2,91,0,31,12,2011,7,14,50,1,13,8,FM 306,,64,29.91620833,-98.216272220,0,12,1,0,8,1,1,0,1,1,0,1,0,0000000,15,0,15,9,15,51,0,0,0,1,0
48,482746,2,2,0,0,0,6,6,113,1730,31,12,2011,7,13,10,1,13,8,SL 12,PEMBERTON HILL RD,220,32.71264167,-96.717438890,0,12,1,0,3,3,1,0,1,1,0,1,0,0000000,13,15,13,20,13,43,0,0,0,1,0
48,482747,1,1,0,1,1,1,1,309,545,16,10,2011,1,20,6,0,14,2,US-77,MONTROSE AVE,81,31.59273333,-97.113447220,0,8,0,0,1,1,1,0,2,1,0,1,0,0000000,88,88,88,88,88,88,0,0,0,1,0
48,482748,2,2,0,0,0,4,4,479,3899,2,12,2011,6,9,6,1,13,2,US-359,,61,27.48739167,-99.408147220,0,12,6,0,8,1,1,0,1,1,0,1,0,0000000,9,7,9,12,9,44,0,0,0,1,0
48,482749,3,3,0,0,0,5,5,13,0,5,12,2011,2,7,10,0,3,3,SR-16,,251,28.81993056,-98.540013890,0,12,6,0,1,1,1,0,1,1,0,1,1,0000000,99,99,99,99,99,99,0,0,0,1,0
48,482750,2,2,0,0,0,2,2,439,0,7,12,2011,4,15,16,0,14,8,FM 730,PORTWOOD RD,16,32.97935556,-97.543591670,0,12,6,0,2,2,1,0,1,1,0,1,0,0000000,88,88,88,88,88,88,0,0,0,1,0
48,482751,2,2,0,0,0,3,3,215,0,10,12,2011,7,6,22,0,6,4,MOOREFIELD RD,,0,26.28121389,-98.345650000,0,12,2,0,1,1,1,0,2,2,0,2,0,0000000,99,99,99,99,99,99,0,0,0,1,1
48,482752,2,2,0,0,0,3,3,215,0,10,12,2011,7,8,4,0,14,8,FM 491,,25,26.12851389,-97.901552780,0,12,6,0,1,1,2,0,1,2,0,2,0,0000000,99,99,99,99,99,99,0,0,0,1,0
48,482753,2,2,0,0,0,3,3,257,0,14,12,2011,4,20,34,1,1,1,I-20,,121,32.67660278,-96.179147220,0,24,0,0,1,1,3,0,2,2,0,2,0,0000000,20,38,20,49,21,41,0,0,0,1,0
48,482754,2,2,0,0,0,4,4,67,0,15,12,2011,5,18,56,1,2,2,US-59,,206,33.06028889,-94.279594440,0,12,9,0,1,1,1,0,2,2,0,2,0,0000000,99,99,99,99,99,99,0,0,0,1,0
48,482755,1,1,0,1,1,1,1,339,0,16,12,2011,6,1,55,1,11,7,I-45,,12,30.12774722,-95.442861110,0,9,0,0,1,1,1,0,3,10,0,10,0,0000000,1,57,2,6,2,21,0,0,0,1,0
48,482756,1,1,0,0,0,1,1,339,0,17,12,2011,7,1,55,0,3,8,FM 1314,,71,30.24134167,-95.382788890,0,1,0,0,1,1,1,0,2,1,0,1,0,0000000,88,88,88,88,88,88,0,0,0,1,0
48,482758,1,1,0,1,1,3,3,201,0,19,12,2011,2,21,10,0,6,4,ALDINE WESTFIELD,HIRSCHFIELD RD,0,30.04229722,-95.383205560,0,8,0,0,2,2,1,0,3,2,0,2,0,0000000,21,13,21,20,23,43,0,0,0,1,0
48,482759,2,2,0,0,0,5,5,453,0,22,12,2011,5,17,40,0,14,8,RM 1826,,37,30.19307500,-97.924613890,0,12,6,0,8,1,1,0,5,1,0,1,0,0000000,17,51,17,55,18,29,0,0,0,1,0
48,482760,1,1,0,1,1,2,2,201,0,24,12,2011,7,18,2,0,6,4,ISOM ST,,0,29.89866667,-95.356791670,0,38,0,0,1,1,4,0,2,2,0,2,0,0000000,18,6,18,8,18,40,0,0,0,1,1
48,482761,2,2,0,0,0,2,2,37,0,27,12,2011,3,14,12,1,13,2,US-67,,56,33.41316667,-94.136480560,0,12,6,0,8,1,1,0,1,1,0,1,0,0000000,88,88,88,88,88,88,0,0,0,1,0
48,482762,2,2,0,0,0,2,2,37,0,28,12,2011,4,9,20,0,3,3,SR-8,,5,33.56440833,-94.416800000,0,12,2,0,1,1,2,0,1,1,0,1,0,0000000,88,88,88,88,88,88,0,0,0,1,0
48,482763,2,2,0,0,0,3,3,127,0,29,12,2011,5,7,40,0,4,3,SR-85,,195,28.57330278,-99.552016670,0,12,8,0,1,1,1,0,1,1,0,1,0,0000000,99,99,99,99,99,99,0,0,0,1,0
48,482764,2,2,0,0,0,2,2,187,6290,29,12,2011,5,21,57,1,13,2,US-90,SR-46,17,29.57504444,-97.989902780,0,12,6,0,2,2,1,0,3,1,0,1,0,0000000,88,88,88,88,88,88,0,0,0,1,1
48,482765,1,1,0,1,1,1,1,215,4197,29,12,2011,5,22,19,1,13,3,SR-336,,85,26.18689722,-98.232847220,0,8,0,0,1,1,1,0,2,1,0,1,0,0000000,88,88,88,88,88,88,0,0,0,1,0
48,482766,1,1,0,0,0,1,1,305,0,30,12,2011,6,23,0,1,2,2,US-87,,57,33.36524722,-101.805647220,0,35,0,0,1,1,4,0,2,1,0,1,0,0000000,99,99,99,99,99,99,0,0,0,1,0
48,482767,1,1,0,0,0,1,1,185,0,15,12,2011,5,4,30,0,3,3,SR-30,,285,30.65689444,-95.836072220,0,42,0,0,1,1,4,0,2,2,0,2,0,0000000,4,31,4,49,5,32,0,0,0,1,0
48,482768,1,1,0,1,1,1,1,439,4965,20,12,2011,3,19,9,0,16,5,N RUFE SNOW DR,,0,32.84413333,-97.238666670,0,8,0,0,1,1,1,0,2,1,0,1,0,0000000,88,88,88,88,88,88,0,0,0,1,0
48,482769,1,1,0,0,0,2,2,389,0,29,12,2011,5,15,20,1,1,1,I-20,,86,31.16645556,-103.969683330,0,1,0,0,1,1,3,0,1,1,0,1,0,0000000,99,99,99,99,99,99,0,0,0,1,0
48,482770,1,1,0,0,0,4,4,231,0,31,12,2011,7,2,20,9,99,3,SR-11,,46,33.35160556,-96.015908330,0,1,0,0,1,1,4,1,2,1,0,1,0,0000000,2,27,2,40,3,36,0,0,0,1,1
48,482771,1,1,0,1,1,1,1,29,6090,28,1,2011,6,18,58,0,16,5,COMMERCE,CALAVERAS,0,29.42791389,-98.524591670,0,8,0,0,2,2,1,0,2,1,0,1,0,0000000,99,99,99,99,99,99,0,0,0,1,0
48,482772,3,3,0,0,0,3,3,29,6090,17,2,2011,5,17,5,1,11,1,I-410,,160,29.49215278,-98.557272220,0,12,1,0,1,1,1,0,1,1,0,1,0,0000000,99,99,99,99,99,99,0,0,0,1,0
48,482773,1,1,0,0,0,1,1,29,6090,27,3,2011,1,6,24,1,13,8,SL 1604,,24,29.48168056,-98.710330560,0,1,0,0,1,1,2,0,2,10,0,10,0,0000000,99,99,99,99,99,99,0,0,0,1,0
48,482774,1,1,0,0,0,1,1,167,1920,27,4,2011,4,12,20,1,13,3,SR-3,,51,29.47329444,-95.063238890,0,1,0,0,1,1,4,0,1,1,0,1,0,0000000,99,99,99,99,99,99,0,0,0,1,1
48,482775,2,2,0,0,0,3,3,477,0,27,6,2011,2,17,21,0,5,8,FM 332,,66,30.07531667,-96.496411110,0,12,1,0,1,1,1,0,1,1,0,1,0,0000000,88,88,88,88,88,88,0,0,0,1,0
48,482776,1,1,0,1,1,8,8,47,2290,6,8,2011,7,2,54,0,16,5,TREVINO ST,CENTER ST,0,27.23096111,-98.148766670,0,19,0,0,3,3,5,0,3,1,0,1,0,0000000,99,99,3,50,4,52,20,0,0,1,0
48,482777,2,2,0,0,0,3,3,303,4140,7,8,2011,1,21,38,1,13,2,US-82,,165,33.59283889,-101.861805560,0,12,2,0,1,1,1,0,3,1,0,1,0,0000000,21,40,21,45,22,0,0,0,0,1,0
48,482778,5,5,0,0,0,5,5,85,0,15,8,2011,2,6,18,0,3,3,SR-78,,216,33.09456944,-96.415072220,0,12,8,0,1,1,1,0,4,1,0,1,0,0000000,6,31,6,54,7,16,0,0,0,1,0
48,482779,1,1,0,0,0,1,1,279,4010,31,8,2011,4,7,29,0,14,8,FM 54,,152,33.91785556,-102.351527780,0,35,0,0,1,1,4,0,1,1,0,1,0,0000000,88,88,88,88,88,88,0,0,0,1,1
48,482780,1,1,0,0,0,1,1,303,4140,6,9,2011,3,18,30,1,12,7,SL 289,,128,33.53290000,-101.915288890,0,1,0,0,1,1,10,0,1,1,0,1,0,0000000,18,33,18,39,18,51,0,0,0,1,1
48,482781,2,2,0,1,1,2,2,245,490,26,9,2011,2,21,3,1,12,2,US-69,,69,30.03350278,-94.062058330,0,8,0,0,1,1,1,0,3,10,0,10,0,0000000,21,5,21,16,21,40,19,0,0,1,0
48,482782,1,1,0,1,1,1,1,113,1240,28,9,2011,4,23,15,1,12,2,US-67,,153,32.59620000,-96.939352780,0,9,0,0,1,1,1,0,2,1,0,1,0,0000000,23,32,23,40,0,6,0,0,0,1,0
48,482783,2,2,0,0,0,4,4,141,2190,28,9,2011,4,0,52,1,13,2,US-62,,171,31.79649722,-106.343994440,0,12,1,0,1,1,1,0,3,1,0,1,0,0000000,0,54,1,0,1,26,0,0,0,1,1
48,482784,1,1,0,0,0,4,4,303,4140,29,9,2011,5,13,59,1,11,1,I-27,,223,33.52422500,-101.843591670,0,30,0,0,1,1,4,0,1,1,0,1,0,0000000,13,59,14,3,14,29,20,0,0,2,0
48,482785,1,1,0,0,0,1,1,113,31,15,10,2011,7,16,40,0,16,5,MIDWAY RD,DOOLEY RD,0,32.96516667,-96.838969440,0,30,0,0,3,2,3,0,1,1,0,1,0,0000000,16,47,17,0,17,13,0,0,0,1,0
48,482786,1,1,0,0,0,1,1,147,0,29,10,2011,7,6,30,0,5,8,RE3,,20,33.63898889,-96.151825000,0,42,0,0,1,1,4,0,2,1,0,1,0,0000000,6,33,7,3,7,43,0,0,0,1,0
48,482787,2,2,0,0,0,4,4,167,2570,6,11,2011,1,19,25,1,13,8,FM3005,,100,29.19452778,-94.958327780,0,12,1,0,1,1,1,0,2,10,0,10,0,0000000,99,99,99,99,20,20,0,0,0,1,0
48,482788,1,1,0,1,1,1,1,491,5990,17,11,2011,5,10,55,1,11,7,I-35,,45,30.54328889,-97.692005560,0,8,0,0,1,1,10,0,1,1,0,1,0,0000000,88,88,88,88,88,88,0,0,0,1,0
48,482789,2,2,0,0,0,3,3,3,0,3,12,2011,7,1,42,0,3,8,FM1788,,121,32.15663611,-102.339500000,0,12,2,0,1,1,1,0,2,5,0,5,0,0000000,1,49,2,18,3,3,0,0,0,1,1
48,482790,2,2,0,0,0,2,2,3,0,15,12,2011,5,3,8,1,2,2,US-385,,237,32.19410556,-102.496308330,0,12,2,0,1,1,1,0,2,1,0,1,0,0000000,88,88,88,88,88,88,0,0,0,1,1
48,482791,1,1,0,0,0,3,3,3,0,15,12,2011,5,20,36,1,2,2,US-385,,201,32.24057778,-102.520250000,0,1,0,0,1,1,3,0,2,3,0,3,0,0000000,99,99,99,99,99,99,0,0,0,1,0
48,482792,1,1,0,1,1,1,1,37,4410,11,1,2011,3,18,40,0,3,2,US-67,,81,33.32963611,-94.356969440,0,8,0,0,1,1,2,0,3,1,0,1,0,0000000,99,99,99,99,99,99,0,0,0,1,0
48,482793,1,1,0,0,0,2,2,29,6090,4,10,2011,3,14,10,1,11,1,I-37,,116,29.42961944,-98.481269440,0,25,0,1,19,1,4,0,1,1,0,1,0,0000000,14,13,14,21,15,7,0,0,0,1,0
48,482795,1,1,0,0,0,1,1,387,0,6,10,2011,5,16,35,0,3,3,SR-37,,206,33.38050556,-95.235000000,0,30,0,0,1,1,4,0,1,1,0,1,0,0000000,88,88,88,88,88,88,0,0,0,1,0
48,482796,2,2,0,0,0,2,2,439,0,23,11,2011,4,22,10,1,12,3,SR-199,,69,32.82233333,-97.469888890,0,12,2,0,1,1,1,0,2,1,0,1,0,0000000,22,24,22,39,23,12,0,0,0,2,1
48,482797,1,1,0,0,0,1,1,439,0,8,10,2011,7,19,44,9,9,8,FM 2331,,99999,32.57269444,-97.490030560,0,38,0,0,1,1,4,0,2,2,0,2,0,0000000,88,88,88,88,88,88,0,0,0,1,0
48,482798,1,1,0,0,0,1,1,439,0,6,11,2011,1,16,50,0,15,8,FM 1886,,2,32.82530278,-97.539150000,0,42,0,0,1,1,4,0,1,1,0,1,0,0000000,88,88,88,88,88,88,0,0,0,1,1
48,482799,1,1,0,0,0,1,1,29,0,12,8,2011,6,10,49,0,3,8,FM 1560,,51,29.53969722,-98.711855560,0,38,0,0,1,1,4,0,1,1,0,1,0,0000000,10,50,11,1,11,38,0,0,0,1,0
48,482800,1,1,0,0,0,1,1,29,6090,20,10,2011,5,1,34,0,16,5,LAGUNA RD,,0,29.29360833,-98.366458330,0,30,0,0,1,1,4,0,2,1,0,1,0,0000000,1,35,1,44,2,17,0,0,0,1,0
48,482801,1,1,0,0,0,1,1,141,2190,9,11,2011,4,21,30,0,16,5,ZARAGOZA RD,,0,31.69888056,-106.324813890,0,10,0,0,6,1,1,0,3,1,0,1,0,741231D,88,88,88,88,88,88,0,0,0,1,0
48,482802,3,3,0,0,0,3,3,41,1440,29,3,2011,3,9,58,1,12,3,SR-6,,96,30.63518333,-96.305600000,0,12,1,0,1,1,1,0,1,10,0,10,0,0000000,9,59,10,0,10,21,0,0,0,1,0
48,482803,1,1,0,0,0,1,1,439,1442,30,10,2011,1,2,30,0,16,5,DARTMOORE LN,,0,32.87531944,-97.149544440,0,1,0,0,1,1,1,0,2,1,0,1,0,0000000,2,44,2,56,3,26,0,0,0,1,1
48,482804,1,1,0,2,2,2,2,61,940,4,6,2011,7,18,48,0,16,5,2ND ST,MADISON ST,0,25.91305000,-97.505483330,0,8,0,0,2,2,1,0,1,1,0,1,0,0000000,99,99,99,99,99,99,0,0,0,1,0
48,482805,2,2,0,0,0,3,3,439,364,14,11,2011,2,13,35,0,14,8,FM 730 BOYD RD,MORAN RD,38,32.93913611,-97.543480560,0,12,6,0,2,3,1,0,1,1,0,1,0,0000000,13,38,13,43,14,9,0,0,0,1,0
48,482806,2,2,0,0,0,2,2,479,3899,29,10,2011,7,0,18,1,13,8,FM 1472 MINES RD,,174,27.57641667,-99.507172220,0,12,2,0,1,1,1,0,2,1,0,1,0,0000000,99,99,99,99,99,99,0,0,0,1,1
48,482807,2,2,0,0,0,3,3,215,114,23,1,2011,1,7,8,1,13,8,FM-676,LOS EBANOS BLVD,29,26.28924167,-98.329644440,0,12,6,0,2,2,1,0,4,1,0,1,0,0000000,99,99,99,99,99,99,0,0,0,1,1
48,482808,1,1,0,0,0,1,1,29,0,30,1,2011,1,8,29,1,1,1,I-10,,24,29.71333611,-98.661130560,0,1,0,0,1,1,4,0,1,10,0,10,0,0000000,88,88,88,88,88,88,0,0,0,1,1
48,482809,1,1,0,0,0,3,3,489,0,3,2,2011,5,18,30,0,4,3,SR-186,,115,26.50398611,-97.487863890,0,1,0,0,1,1,4,0,2,3,0,3,0,0000000,18,50,19,7,20,30,0,0,0,1,0
48,482810,1,1,0,0,0,1,1,29,0,4,2,2011,6,15,56,0,5,8,FM 1937,,155,29.23416667,-98.456344440,0,42,0,0,1,1,4,0,1,98,0,98,0,0000000,88,88,88,88,88,88,0,0,0,1,0
48,482811,4,4,0,0,0,5,5,439,2450,12,3,2011,7,15,42,1,11,1,I-35,,67,32.74697500,-97.319355560,0,12,1,1,18,1,1,0,1,1,0,1,0,0000000,15,44,15,46,16,20,0,0,0,1,0
48,482812,1,1,0,1,1,2,2,215,4197,17,5,2011,3,21,14,1,13,3,SR-336,,54,26.23125000,-98.225280560,0,8,0,0,1,1,1,0,2,1,0,1,0,0000000,21,16,21,24,21,38,0,0,0,1,0
48,482813,2,2,0,0,0,6,6,439,2450,13,6,2011,2,16,20,1,12,3,SR-199 JACKSBORO HWY,21ST ST,136,32.78002778,-97.370544440,0,12,6,0,2,3,1,0,1,1,0,1,0,0000000,16,28,16,35,16,59,0,0,0,1,0
48,482814,1,1,0,1,1,1,1,55,4040,21,6,2011,3,14,3,1,13,2,US-183,,123,29.86335000,-97.668469440,0,8,0,0,8,1,1,0,1,1,0,1,0,0000000,14,11,14,32,14,55,0,0,0,1,0