STATE,ST_CASE,VE_TOTAL,VE_FORMS,PVH_INVL,PEDS,PERNOTMVIT,PERMVIT,PERSONS,COUNTY,CITY,DAY,MONTH,YEAR,DAY_WEEK,HOUR,MINUTE,NHS,ROAD_FNC,ROUTE,TWAY_ID,TWAY_ID2,MILEPT,LATITUDE,LONGITUD,SP_JUR,HARM_EV,MAN_COLL,RELJCT1,RELJCT2,TYP_INT,REL_ROAD,WRK_ZONE,LGT_COND,WEATHER1,WEATHER2,WEATHER,SCH_BUS,RAIL,NOT_HOUR,NOT_MIN,ARR_HOUR,ARR_MIN,HOSP_HR,HOSP_MN,CF1,CF2,CF3,FATALS,DRUNK_DR
48,482815,2,2,0,0,0,2,2,97,2550,17,7,2011,1,13,55,1,13,2,US-82,MAGNOLIA ST,211,33.64246944,-97.124694440,0,12,6,0,2,3,1,0,1,1,0,1,0,0000000,13,58,14,21,15,8,0,0,0,1,0
48,482816,1,1,0,0,0,1,1,141,9997,29,7,2011,6,2,51,1,13,8,FM 76 NORTH LOOP DR,,139,31.62175556,-106.242902780,0,30,0,0,1,1,4,0,3,2,0,2,0,0000000,2,51,3,1,3,35,0,0,0,1,1
48,482817,2,2,0,0,0,3,3,215,6160,20,8,2011,7,1,33,1,13,8,FM-1426,NOLANA,48,26.22927222,-98.148677780,0,12,6,0,2,2,1,0,3,1,0,1,0,0000000,1,21,1,26,1,49,0,0,0,1,1
48,482818,3,3,0,0,0,5,5,479,3899,23,11,2011,4,22,43,1,11,1,I-35,BOB BULLOCK LOOP,80,27.60725833,-99.494983330,0,12,6,1,2,2,1,0,3,1,0,1,0,0000000,99,99,99,99,99,99,0,0,0,1,1
48,482820,1,1,0,0,0,5,5,141,2190,28,12,2011,4,2,23,1,13,3,SR-20,,172,31.79408611,-106.510583330,0,33,0,0,1,1,4,0,3,1,0,1,0,0000000,2,28,2,40,3,14,0,0,0,2,1
48,482821,1,1,0,0,0,3,3,439,2450,29,12,2011,5,9,20,1,11,1,I-35,,100,32.79553056,-97.321686110,0,25,0,0,1,1,3,0,1,1,0,1,0,0000000,9,31,9,31,9,56,0,0,0,1,0
48,482822,1,1,0,1,1,6,6,39,130,30,10,2011,1,19,13,1,13,3,SR-35,,196,29.46825833,-95.245663890,0,8,0,0,1,1,1,0,2,1,0,1,0,0000000,88,88,88,88,88,88,0,0,0,1,0
48,482823,2,2,0,0,0,4,4,201,3280,2,1,2011,1,13,10,0,16,5,KINGWOOD PLACE DR,KELLINGTON DR,0,30.05905556,-95.255122220,0,12,6,0,2,2,1,0,1,1,0,1,0,0000000,13,12,13,18,14,9,0,0,0,1,0
48,482824,1,1,0,0,0,2,2,141,2190,10,7,2011,1,17,16,1,2,8,SL 375,,239,31.82200278,-106.280116670,0,38,0,0,1,1,4,0,1,1,0,1,0,0000000,88,88,88,88,88,88,0,0,0,2,0
48,482825,1,1,0,1,1,1,1,141,2190,26,12,2011,2,19,43,1,13,8,SL 478,,72,31.81558889,-106.444675000,0,8,0,0,1,1,1,0,1,1,0,1,0,0000000,88,88,88,88,88,88,0,0,0,1,0
48,482826,1,1,0,0,0,1,1,113,1730,17,1,2011,2,9,36,0,16,5,MALCOLM X BLVD,ST LOUIS ST,0,32.78071389,-96.781180560,0,19,0,0,3,3,4,0,1,10,0,10,0,0000000,9,37,9,40,10,10,0,0,0,1,0
48,482827,1,1,0,0,0,1,1,121,1190,23,2,2011,4,15,46,0,16,5,JOSEY RD,,0,33.00159722,-96.886061110,0,1,0,0,1,1,4,0,1,10,0,10,0,0000000,15,46,15,52,16,29,0,0,0,1,0
48,482828,1,1,0,0,0,2,2,141,2190,17,11,2011,5,1,49,1,2,8,SL 375,,247,31.81835556,-106.270113890,0,57,0,0,1,1,3,0,2,1,0,1,0,0000000,88,88,88,88,88,88,0,0,0,1,1
48,482829,1,1,0,0,0,1,1,249,90,3,1,2011,2,10,32,0,16,5,ANSELMO ST,,0,27.73035000,-98.072697220,0,38,0,0,1,1,4,0,1,1,0,1,0,0000000,99,99,99,99,99,99,0,0,0,1,0
48,482830,2,2,0,0,0,4,4,439,4965,20,3,2011,1,22,32,1,11,1,I-820,,94,32.83812778,-97.227219440,0,12,7,0,1,1,1,0,2,1,0,1,0,0000000,22,32,22,34,23,9,0,0,0,1,0
48,482831,1,1,0,0,0,2,2,141,9997,26,9,2011,2,21,20,1,11,1,I-10,,407,31.63648333,-106.221494440,0,1,0,1,5,1,8,0,3,1,0,1,0,0000000,21,30,21,36,22,10,0,0,0,1,0
48,482832,4,4,0,0,0,5,5,439,2450,14,2,2011,2,9,45,0,16,5,WEATHERFORD ST,ENERGY WAY,0,32.75345000,-97.342080560,0,12,6,0,2,2,1,0,1,1,0,1,0,0000000,9,50,9,54,10,8,0,0,0,1,0
48,482833,1,1,0,2,2,2,2,141,3276,23,3,2011,4,19,48,0,16,5,DARRINGTON RD,NUNDA DR,0,31.67897222,-106.197313890,0,8,0,0,2,3,1,0,2,1,0,1,0,0000000,19,47,19,47,20,23,0,0,0,1,0
48,482834,2,2,0,0,0,2,2,15,6280,20,5,2011,6,11,41,1,2,3,SR-36,,88,29.75475556,-96.148363890,0,12,11,0,1,1,1,0,1,1,0,1,0,0000000,88,88,88,88,88,88,0,0,0,1,0
48,482835,1,1,0,2,2,1,1,245,490,24,5,2011,3,5,23,0,16,5,FOLSOM,CROW RD,0,30.11489722,-94.155847220,0,8,0,0,2,2,1,0,3,1,0,1,0,0000000,88,88,88,88,88,88,19,0,0,1,0
48,482836,2,2,0,0,0,2,2,113,1730,5,8,2011,6,3,12,1,11,1,I-30,,55,32.78329444,-96.769063890,0,12,2,0,1,1,1,0,3,1,0,1,0,0000000,3,12,3,17,3,32,0,0,0,1,1
48,482837,2,2,0,0,0,2,2,339,1510,6,9,2011,3,21,25,1,13,8,SL 336,RIVER POINTE DR,47,30.27891667,-95.462550000,0,12,6,0,2,3,1,0,2,1,0,1,0,0000000,88,88,88,88,88,88,0,0,0,1,1
48,482838,1,1,0,1,1,1,1,245,490,4,10,2011,3,16,52,1,13,8,SS 380 MLK PKWY,,109,30.06221667,-94.090188890,0,9,0,0,1,1,1,0,1,1,0,1,0,0000000,88,88,88,88,88,88,0,0,0,1,0
48,482839,1,1,0,1,1,1,1,39,5249,19,12,2011,2,22,15,1,13,8,FM 518,,52,29.56103611,-95.296169440,0,9,0,0,8,1,1,0,3,2,0,2,0,0000000,22,17,22,24,22,50,0,0,0,1,0
48,482840,3,3,0,0,0,4,4,355,1550,1,1,2011,7,23,2,1,12,7,SR-358,,90,27.71379167,-97.381811110,0,12,6,0,8,1,1,0,3,1,0,1,0,0000000,23,2,23,6,23,21,0,0,0,1,2
48,482841,1,1,0,2,2,1,1,355,1550,4,2,2011,6,17,9,0,16,5,RODD FIELD RD,MCARDLE RD,0,27.69681389,-97.339336110,0,19,0,0,3,3,5,0,1,1,0,1,0,0000000,17,11,17,22,17,50,0,0,0,1,0
48,482842,2,2,0,0,0,4,4,61,6502,5,2,2011,7,18,22,1,2,8,PR 100 PADRE BLVD,KINGFISH ST,246,26.10661944,-97.168475000,0,12,6,0,2,2,1,0,5,1,0,1,0,0000000,18,29,18,42,19,49,0,0,0,1,1
48,482843,1,1,0,0,0,1,1,113,1730,17,12,2011,7,4,20,0,14,3,SR-78,,167,32.79941667,-96.740350000,0,19,0,0,1,1,3,0,3,1,0,1,0,0000000,88,88,88,88,88,88,0,0,0,1,1
48,482844,1,1,0,0,0,3,3,201,1790,14,8,2011,1,2,41,0,16,5,PASADENA BLVD,,0,29.68173889,-95.142311110,0,33,0,0,1,1,4,0,3,1,0,1,0,0000000,2,38,2,46,3,19,0,0,0,1,0
48,482845,2,2,0,0,0,2,2,97,2550,13,9,2011,3,8,8,1,11,7,I-35,,178,33.67505000,-97.152208330,0,12,2,0,5,1,1,0,1,1,0,1,0,0000000,8,17,8,37,9,6,0,0,0,1,0
48,482846,1,1,0,0,0,1,1,13,5400,5,11,2011,7,2,35,0,4,2,US-281,,109,28.94558611,-98.483061110,0,1,0,0,1,1,4,0,2,1,0,1,0,0000000,99,99,99,99,99,99,0,0,0,1,0
48,482847,1,1,0,0,0,3,3,13,5400,8,12,2011,5,20,49,0,14,8,FM-476,,81,28.95563889,-98.491775000,0,42,0,0,1,1,4,0,2,1,0,1,0,0000000,21,1,21,20,22,11,0,0,0,1,0
48,482848,1,1,0,1,1,1,1,209,6170,25,10,2011,3,23,6,1,11,7,I-35,,81,29.88379167,-97.921852780,0,8,0,0,1,1,1,0,2,1,0,1,0,0000000,99,99,99,99,99,99,0,0,0,1,0
48,482849,2,2,0,0,0,2,2,113,31,18,1,2011,3,0,33,0,16,5,BELT LINE RD,MIDWAY DR,0,32.95440278,-96.838775000,0,12,6,0,2,2,1,0,3,10,0,10,0,0000000,0,33,0,37,1,5,0,0,0,1,0
48,482850,1,1,0,0,0,5,5,215,4197,22,1,2011,7,2,17,0,14,8,FM 1926,,15,26.28871389,-98.230391670,0,1,0,0,1,1,4,0,2,1,0,1,0,0000000,99,99,99,99,99,99,0,0,0,1,0
48,482851,1,1,0,0,0,1,1,215,6160,28,2,2011,2,4,26,0,16,5,I RD,,0,26.22295833,-98.162391670,0,38,0,0,1,1,4,0,2,1,0,1,0,0000000,88,88,88,88,88,88,0,0,0,1,0
48,482852,1,1,0,1,1,1,1,167,6860,9,3,2011,4,5,31,1,13,8,FM-1764,21ST ST,121,29.39324444,-94.925102780,0,8,0,0,2,2,1,0,3,5,0,5,0,0000000,99,99,99,99,99,99,0,0,0,1,0
48,482853,2,1,1,0,1,1,2,439,2255,25,3,2011,6,2,54,1,12,3,SR-183 AIRPORT FWY,,17,32.83754167,-97.096394440,0,45,0,0,1,1,1,2,2,1,0,1,0,0000000,88,88,88,88,88,88,0,0,0,1,1
48,482854,1,1,0,0,0,4,4,201,3280,25,6,2011,7,13,22,0,16,5,VASSER,,0,29.66152778,-95.317691670,0,5,0,0,1,1,1,0,1,99,0,99,0,0000000,13,24,13,28,13,46,0,0,0,1,0
48,482855,1,1,0,1,1,1,1,201,3280,31,7,2011,1,2,0,0,16,5,LYONS,PANNELL,0,29.77598889,-95.331847220,0,8,0,0,3,3,1,0,3,10,0,10,0,0000000,99,99,99,99,99,99,0,0,0,1,0
48,482856,2,2,0,0,0,2,2,181,6501,9,8,2011,3,17,27,0,19,3,SR-289,,26,33.59871111,-96.701447220,0,12,2,0,1,1,1,0,1,1,0,1,0,0000000,99,99,99,99,99,99,0,0,0,1,1
48,482857,2,2,0,0,0,3,3,201,3280,22,8,2011,2,21,46,1,12,2,US-59,,72,29.76684167,-95.346216670,0,25,0,0,1,1,4,0,3,1,0,1,0,0000000,21,37,21,47,22,45,0,0,0,1,0
48,482858,1,1,0,0,0,1,1,201,3280,8,9,2011,5,12,30,0,16,5,KIRKWOOD DR,,0,29.74427222,-95.588294440,0,44,0,0,1,1,1,0,1,1,0,1,0,0000000,12,33,12,40,13,22,0,0,0,1,0
48,482859,1,1,0,0,0,1,1,201,3280,16,10,2011,1,1,40,1,12,8,SL 8 SAM HOUSTON PKWY,,120,29.79165278,-95.563397220,0,25,0,0,1,1,3,0,3,1,0,1,0,0000000,88,88,88,88,88,88,0,0,0,1,0
48,482860,2,2,0,0,0,4,4,201,3280,26,10,2011,4,9,21,1,12,8,SL 8 SAM HOUSTY PKWY,,58,29.70108611,-95.556894440,0,25,0,1,5,1,4,0,1,1,0,1,0,0000000,9,23,9,28,10,32,0,0,0,1,0
48,482861,2,2,0,0,0,3,3,201,3280,29,11,2011,3,3,29,1,12,8,SL 8 SAM HOUSTON PKWY,,49,29.68785000,-95.557611110,0,12,2,0,1,1,1,0,3,1,0,1,0,0000000,3,43,3,58,4,24,0,0,0,1,0
48,482862,3,3,0,0,0,4,4,121,0,30,3,2011,4,3,56,1,2,2,US-380,,71,33.23596944,-97.267683330,0,12,2,0,1,1,1,0,2,10,0,10,0,0000000,88,88,88,88,88,88,0,0,0,1,1
48,482863,1,1,0,0,0,3,3,141,9997,19,11,2011,7,6,40,0,16,5,PAMELA RAYE RD,,0,31.62348611,-106.239483330,0,5,0,0,1,1,1,0,4,1,0,1,0,0000000,88,88,88,88,88,88,0,0,0,1,0
48,482864,1,1,0,0,0,1,1,141,9997,26,2,2011,7,0,19,1,13,8,FM 76,,135,31.62600000,-106.246297220,0,43,0,0,1,1,4,0,2,1,0,1,0,0000000,0,22,0,27,0,56,0,0,0,1,0
48,482865,1,1,0,0,0,1,1,141,2190,18,2,2011,6,15,47,1,12,8,SL 375,,80,31.75384167,-106.420847220,0,24,0,1,19,1,10,0,1,1,0,1,0,0000000,99,99,99,99,99,99,0,0,0,1,0
48,482866,2,2,0,0,0,2,2,167,6860,1,1,2011,7,20,31,1,13,3,SR-3,FM 1764,122,29.39555000,-94.985472220,0,12,6,1,2,3,1,0,3,1,0,1,0,0000000,20,33,20,46,21,7,0,0,0,1,0
48,482867,1,1,0,0,0,1,1,113,5730,7,10,2011,6,5,2,0,16,5,SPRING VALLEY RD,,0,32.94000000,-96.738202780,0,21,0,0,1,1,3,0,3,10,0,10,0,0000000,99,99,99,99,99,99,0,0,0,1,1
48,482868,3,3,0,0,0,3,3,245,490,22,12,2011,5,9,27,1,12,2,US-69,,40,30.09565000,-94.132977780,0,12,7,0,1,1,1,0,1,2,0,2,0,0000000,99,99,99,99,99,99,0,0,0,1,0
48,482869,1,1,0,0,0,2,2,245,5430,29,10,2011,7,18,37,1,13,3,SR-73,,227,29.88793333,-94.026405560,0,1,0,0,1,1,4,0,1,1,0,1,0,0000000,99,99,99,99,99,99,0,0,0,1,0
48,482870,1,1,0,0,0,1,1,113,1730,12,12,2011,2,4,25,0,16,5,CESAR CHAVEZ BLVD,,0,32.76687222,-96.776877780,0,21,0,0,1,1,4,0,3,1,0,1,0,0000000,88,88,88,88,88,88,0,0,0,1,1
48,482871,1,1,0,0,0,2,2,113,1730,26,12,2011,2,23,24,1,11,1,I-35,,260,32.87412778,-96.897905560,0,26,0,0,1,1,4,0,2,1,0,1,0,0000000,99,99,99,99,99,99,0,0,0,1,1
49,490001,2,2,0,0,0,3,3,57,2095,1,1,2011,7,11,30,0,13,3,SR-108,,99998,41.18229722,-112.058216670,0,12,2,0,1,1,1,0,1,1,0,1,0,0000000,11,32,11,36,99,99,0,0,0,1,0
49,490002,1,1,0,0,0,1,1,11,1320,8,1,2011,7,14,9,1,11,1,I-15,,3135,40.83757500,-111.915355560,0,35,0,0,1,1,6,0,1,10,0,10,0,0000000,14,10,14,17,99,99,0,0,0,1,0
49,490003,2,2,0,0,0,2,2,53,0,1,1,2011,7,10,29,0,3,3,SR-18,,366,37.53929444,-113.658125000,0,12,2,0,1,1,1,0,1,1,0,1,0,0000000,10,29,10,40,99,99,0,0,0,1,0
49,490004,2,2,0,0,0,3,3,47,0,22,1,2011,7,4,27,0,3,3,SR-45,,255,40.24551944,-109.420466670,0,12,8,0,1,1,1,0,2,1,0,1,0,0000000,4,27,4,52,99,99,0,0,0,2,0
49,490005,2,2,0,0,0,2,2,35,1240,8,2,2011,3,13,11,0,16,5,5600 S,SR-152,0,40.64938056,-111.848569440,0,12,6,0,2,2,1,0,1,1,0,1,0,0000000,13,11,13,11,99,99,0,0,0,1,0
49,490006,1,1,0,0,0,1,1,3,0,12,2,2011,7,3,0,1,1,1,I-15,,3836,41.77614167,-112.174419440,0,38,0,0,1,1,3,0,2,1,0,1,0,0000000,88,88,88,88,88,88,0,0,0,1,0
49,490007,2,1,1,0,0,6,6,35,2100,3,1,2011,2,9,15,0,16,6,GRIZZLY WAY,,0,40.59568889,-112.015527780,0,48,0,0,1,1,4,0,1,1,0,1,0,0000000,9,16,9,19,99,99,14,0,0,1,0
49,490008,2,1,1,0,0,1,1,35,1630,10,1,2011,2,21,34,0,14,3,SR-68,,99998,40.53451389,-111.938752780,0,14,0,0,1,1,2,0,3,1,0,1,0,0000000,88,88,88,88,88,88,0,0,0,1,1
49,490009,1,1,0,0,0,1,1,35,1700,28,1,2011,6,3,0,1,11,1,I-15 COLECTR OFFRAMP,,3054,40.72625000,-111.903391670,0,25,0,1,5,1,4,0,6,1,0,1,0,0000000,88,88,88,88,88,88,0,0,0,1,1
49,490010,1,1,0,1,1,1,1,35,1820,30,1,2011,1,5,48,1,12,3,SR-201 ON-RAMP,,175,40.72361667,-111.915322220,0,8,0,1,5,1,1,0,2,1,0,1,0,0000000,6,53,7,0,88,88,0,0,0,1,0
49,490011,1,1,0,0,0,1,1,41,0,12,2,2011,7,3,30,1,1,1,I-70,,790,38.81362500,-111.536736110,0,38,0,0,1,1,6,0,2,1,0,1,0,0000000,15,6,15,27,88,88,0,0,0,1,0
49,490012,2,2,0,0,0,2,2,57,725,15,2,2011,3,15,49,0,16,5,5100 W,SR-97,0,41.16394722,-112.102938890,0,12,6,0,2,2,1,0,1,1,0,1,0,0000000,15,49,15,53,99,99,0,0,0,1,0
49,490013,1,1,0,1,1,1,1,11,910,18,1,2011,3,18,57,0,16,5,2200 W,,0,41.06118056,-112.006977780,0,15,0,0,1,1,1,0,2,1,0,1,0,0000000,18,58,19,0,99,99,0,0,0,1,0
49,490014,1,1,0,0,0,1,1,35,0,4,1,2011,3,7,44,1,11,1,I-215,3900 S,27,40.68649722,-111.797391670,0,25,0,1,5,1,4,0,1,1,0,1,0,0000000,7,48,7,51,88,88,0,0,0,1,0
49,490015,1,1,0,1,1,3,3,35,2113,27,1,2011,5,18,32,0,13,3,SR-68,,99998,40.68281389,-111.938905560,0,8,0,0,1,1,1,0,3,1,0,1,0,0000000,18,35,18,40,88,88,0,0,0,1,0
49,490016,1,1,0,0,0,4,4,39,0,22,3,2011,3,20,15,1,2,2,US-89,,2579,39.30083056,-111.617316670,0,11,0,0,1,1,1,0,2,1,0,1,0,0000000,20,15,20,19,99,99,0,0,0,1,0
49,490017,2,2,0,0,0,2,2,35,1700,6,1,2011,5,5,15,0,16,5,500 S,300 E,0,40.75843333,-111.882644440,9,12,1,0,2,2,1,0,2,1,0,1,0,0000000,5,15,5,16,99,99,0,0,0,1,0
49,490018,2,2,0,0,0,2,2,11,860,5,3,2011,7,12,54,0,16,5,50 W,SR-273,0,41.03805556,-111.938550000,0,12,6,0,2,3,1,0,1,10,0,10,0,0000000,12,55,12,56,99,99,0,0,0,1,0
49,490019,1,1,0,0,0,1,1,3,0,30,3,2011,4,10,50,1,1,1,I-84,,108,41.93928333,-112.658850000,0,31,0,0,1,1,3,0,1,1,0,1,0,0000000,10,52,11,1,88,88,0,0,0,1,0
49,490020,1,1,0,0,0,3,3,23,1260,12,3,2011,7,8,0,1,11,1,I-15,,2229,39.68457222,-111.834791670,0,31,0,1,18,1,5,0,1,1,0,1,0,0000000,8,4,8,9,8,27,0,0,0,1,0
49,490021,2,2,0,0,0,2,2,57,1350,30,1,2011,1,3,39,0,13,3,SR-39,,101,41.24121667,-111.900761110,0,12,8,0,1,1,1,0,2,1,0,1,0,0000000,3,41,3,52,88,88,0,0,0,1,0
49,490022,1,1,0,0,0,1,1,35,2113,25,3,2011,6,3,0,0,13,3,SR-172,,99998,40.67949167,-112.024736110,0,33,0,0,1,1,5,0,3,10,0,10,0,0000000,3,6,3,11,88,88,0,0,0,1,0
49,490023,3,3,0,0,0,3,3,51,0,12,2,2011,7,20,29,0,3,3,SR-248,,70,40.66323056,-111.417019440,0,12,2,0,1,1,1,0,2,1,0,1,0,0000000,20,34,20,43,99,99,0,0,0,2,2
49,490024,3,1,2,0,0,2,2,57,638,23,2,2011,4,14,38,1,13,2,US-89,,99998,41.27728611,-111.983050000,0,18,0,0,1,1,5,0,1,1,0,1,0,0000000,14,40,14,44,99,99,0,0,0,1,1
49,490025,4,4,0,0,0,5,5,35,0,7,3,2011,2,18,14,0,13,3,SR-111,,99998,40.62964722,-112.053016670,0,12,6,0,1,1,1,0,2,4,0,4,0,0000000,18,15,18,31,99,99,0,0,0,1,0
49,490026,1,1,0,0,0,2,2,53,0,21,3,2011,2,8,13,0,3,3,SR-59,,39,37.03259444,-113.061430560,0,38,0,0,1,1,4,0,1,6,0,6,0,0000000,8,15,8,18,99,99,0,0,0,1,0
49,490027,3,1,2,0,2,1,3,35,1700,28,3,2011,2,7,0,1,11,1,I-80,,1096,40.77085000,-112.037052780,0,18,0,0,1,1,3,0,2,10,0,10,0,0000000,7,0,7,0,88,88,14,19,0,1,0
49,490028,2,2,0,0,0,2,2,43,670,1,3,2011,3,5,48,1,1,1,I-84,,1155,41.01831389,-111.492280560,0,1,0,0,1,1,3,0,2,1,0,1,0,0000000,5,50,6,0,99,99,0,0,0,1,0
49,490029,1,1,0,0,0,2,2,11,910,23,3,2011,4,0,12,1,11,1,I-15 OFF-RAMP,,3311,41.07467222,-111.978397220,0,31,0,1,5,1,6,0,2,1,0,1,0,0000000,0,9,0,12,99,99,0,0,0,1,1
49,490030,1,1,0,1,1,1,1,57,1350,29,3,2011,3,21,51,0,13,3,SR-204,,99998,41.25654444,-111.977952780,0,8,0,0,1,1,1,0,3,1,0,1,0,0000000,21,54,21,57,88,88,0,0,0,1,0
49,490031,1,1,0,0,0,1,1,35,1700,9,4,2011,7,18,24,1,11,1,I-215,,254,40.79976944,-111.949505560,0,31,0,0,1,1,6,0,1,2,0,2,0,0000000,18,24,18,29,88,88,0,0,0,1,0
49,490032,1,1,0,0,0,1,1,35,1240,9,4,2011,7,5,32,0,16,5,5600 S,495 E,0,40.64943056,-111.877516670,0,33,0,0,3,3,6,0,3,4,0,4,0,0000000,5,39,5,45,99,99,0,0,0,1,1
49,490033,1,1,0,0,0,1,1,15,0,21,4,2011,5,17,0,0,6,4,CR-206 CLEVELAND CEDAR MTN RD,,0,39.14491111,-110.611936110,0,1,0,0,16,1,1,0,1,1,0,1,0,0000000,88,88,88,88,88,88,0,0,0,1,1
49,490034,1,1,0,0,0,2,2,49,1730,23,4,2011,7,13,52,1,11,1,I-15,,2418,39.94883611,-111.804172220,0,1,0,0,1,1,3,0,1,2,0,2,0,0000000,13,54,14,1,14,27,0,0,0,1,0
49,490035,1,1,0,0,0,1,1,35,124,29,3,2011,3,21,49,0,16,5,2200 W,,0,40.50008889,-111.948250000,0,39,0,0,1,1,6,0,5,1,0,1,0,0000000,21,49,21,53,99,99,0,0,0,1,0
49,490036,1,1,0,0,0,3,3,31,0,12,4,2011,3,16,10,0,3,3,SR-62,,128,38.17788611,-112.021772220,0,1,0,0,1,1,2,0,1,10,0,10,0,0000000,16,19,16,40,99,99,0,0,0,1,1
49,490037,1,1,0,0,0,4,4,13,0,26,3,2011,7,22,15,0,3,3,SR-121,,41,40.35121667,-110.029822220,0,1,0,0,1,1,6,0,1,1,0,1,0,0000000,22,19,22,34,22,55,0,0,0,2,1
49,490038,1,1,0,0,0,2,2,27,0,3,5,2011,3,7,11,1,1,1,I-15,,1732,39.06992778,-112.282325000,0,31,0,0,1,1,3,0,4,1,0,1,0,0000000,7,11,7,23,99,99,0,0,0,1,0
49,490039,1,1,0,0,0,3,3,37,0,22,4,2011,6,6,30,0,5,4,CR-401,,0,37.16685833,-110.001700000,3,34,0,0,1,1,6,0,4,1,0,1,0,0000000,6,30,7,15,99,99,0,0,0,1,0
49,490040,1,1,0,0,0,4,4,43,0,5,5,2011,5,19,50,1,1,1,I-80,,1684,40.97659444,-111.428080560,0,1,0,0,1,1,3,0,5,1,0,1,0,0000000,99,99,99,99,99,99,0,0,0,1,0
49,490041,1,1,0,0,0,1,1,37,9997,13,2,2011,1,14,43,0,5,4,CR-421,,0,37.00993056,-110.203230560,3,1,0,0,1,1,6,0,1,1,0,1,0,0000000,14,43,15,16,88,88,0,0,0,1,1
49,490042,1,1,0,1,1,3,3,5,990,11,3,2011,6,19,45,1,13,2,US-89/91,600 S,0,41.82396667,-111.832988890,0,8,0,0,2,3,1,0,2,1,0,1,0,0000000,19,48,19,50,99,99,0,0,0,1,0
49,490043,2,2,0,0,0,4,4,35,2100,30,1,2011,1,16,30,0,16,5,6400 W,9000 S,0,40.58797778,-112.043275000,0,12,6,0,2,3,1,0,1,5,0,5,0,0000000,16,31,16,36,88,88,0,0,0,1,0
49,490044,2,2,0,0,0,2,2,13,1258,1,4,2011,6,5,55,0,3,3,SR-121,,93,40.43319167,-110.024672220,0,12,2,0,1,1,1,0,2,1,0,1,0,0000000,5,58,6,11,88,88,0,0,0,1,0
49,490045,2,2,0,0,0,3,3,45,0,1,3,2011,3,2,1,1,1,1,I-80,,702,40.75558056,-112.765044440,0,1,0,0,1,1,3,0,2,1,0,1,0,0000000,2,7,2,59,99,99,0,0,0,1,1
49,490046,1,1,0,0,0,1,1,17,0,2,6,2011,5,17,40,0,3,3,SR-12,,984,38.01276944,-111.360391670,0,35,0,0,1,1,6,0,1,1,0,1,0,0000000,17,43,18,8,88,88,0,0,0,1,0
49,490047,1,1,0,0,0,1,1,57,0,1,6,2011,4,17,56,0,3,3,SR-39,,95,41.23695833,-111.922733330,0,17,0,0,1,1,6,0,1,1,0,1,0,0000000,88,88,88,88,88,88,0,0,0,1,0
49,490048,1,1,0,0,0,1,1,35,1700,12,6,2011,1,23,37,1,11,1,I-15,,3062,40.74063333,-111.904172220,0,25,0,0,1,1,6,0,2,1,0,1,0,0000000,23,37,23,45,88,88,0,0,0,1,0
49,490049,2,2,0,0,0,3,3,29,0,2,3,2011,4,17,29,1,1,1,I-84,,985,41.10733333,-111.748258330,0,1,0,0,1,1,3,0,1,1,0,1,0,0000000,17,30,17,42,99,99,0,0,0,1,0
49,490050,2,2,0,0,0,3,3,35,2113,13,3,2011,1,10,47,0,14,3,SR-68,,99998,40.68993889,-111.938950000,0,33,0,0,1,1,6,0,1,1,0,1,0,0000000,10,50,10,52,99,99,0,0,0,2,1
49,490051,2,2,0,0,0,2,2,23,0,30,3,2011,4,14,43,1,2,2,US-6,,1285,39.79058611,-112.148547220,0,12,6,0,1,1,1,0,1,1,0,1,0,0000000,14,43,14,53,15,34,0,0,0,1,1
49,490052,2,2,0,0,0,3,3,49,0,28,4,2011,5,7,21,0,3,3,SR-198,,67,40.04700278,-111.701861110,0,12,1,0,1,1,1,0,1,1,0,1,1,0000000,7,33,7,38,7,40,0,0,0,1,0
49,490053,2,2,0,0,0,2,2,57,1350,9,4,2011,7,9,12,0,14,3,SR-126,SR-79,99999,41.19818889,-112.025836110,0,12,6,0,2,2,1,0,1,4,0,4,0,0000000,9,13,9,18,99,99,0,0,0,1,0
49,490054,1,1,0,0,0,5,5,3,0,30,5,2011,2,16,34,0,3,3,SR-30,,983,41.79457222,-112.037777780,0,1,0,0,1,1,4,0,1,1,0,1,0,0000000,16,38,16,52,17,6,0,0,0,1,0
49,490055,1,1,0,0,0,1,1,49,366,30,6,2011,5,22,20,0,16,5,LAKE MTN RD,,0,40.34432500,-112.004200000,0,5,0,0,1,1,1,0,2,1,0,1,0,0000000,22,20,22,39,99,99,0,0,0,1,0
49,490056,1,1,0,0,0,4,4,23,0,26,6,2011,1,16,36,1,1,1,I-15,,2412,39.93736944,-111.811575000,0,57,0,0,1,1,6,0,1,1,0,1,0,0000000,16,37,16,53,99,99,0,0,0,1,1
49,490057,1,1,0,2,2,2,2,53,1720,25,6,2011,7,13,30,0,16,5,SANTA CLARA DR,,0,37.13320278,-113.662577780,0,9,0,0,1,1,1,0,1,1,0,1,0,0000000,13,31,13,37,99,99,0,0,0,1,0
49,490058,2,2,0,0,0,3,3,49,40,31,5,2011,3,20,0,0,16,5,900 E,,0,40.39804167,-111.773316670,0,12,6,0,1,1,1,0,1,1,0,1,0,0000000,20,1,20,4,99,99,0,0,0,2,0
49,490059,1,1,0,1,1,3,3,35,1924,25,6,2011,7,12,20,0,14,3,SR-173,3600 W,99998,40.65307778,-111.976994440,0,8,0,0,2,2,1,0,1,1,0,1,0,0000000,12,20,12,23,99,99,0,0,0,1,0