STATE,ST_CASE,VE_TOTAL,VE_FORMS,PVH_INVL,PEDS,PERNOTMVIT,PERMVIT,PERSONS,COUNTY,CITY,DAY,MONTH,YEAR,DAY_WEEK,HOUR,MINUTE,NHS,ROAD_FNC,ROUTE,TWAY_ID,TWAY_ID2,MILEPT,LATITUDE,LONGITUD,SP_JUR,HARM_EV,MAN_COLL,RELJCT1,RELJCT2,TYP_INT,REL_ROAD,WRK_ZONE,LGT_COND,WEATHER1,WEATHER2,WEATHER,SCH_BUS,RAIL,NOT_HOUR,NOT_MIN,ARR_HOUR,ARR_MIN,HOSP_HR,HOSP_MN,CF1,CF2,CF3,FATALS,DRUNK_DR
49,490060,1,1,0,0,0,1,1,41,0,1,7,2011,6,14,50,1,1,1,I-70,,74,38.59178056,-112.499758330,0,5,0,0,1,1,6,0,1,1,0,1,0,0000000,14,50,15,16,88,88,0,0,0,1,0
49,490061,1,1,0,0,0,1,1,45,0,1,7,2011,6,11,30,0,6,5,5 MILE RD,,0,40.08567500,-112.184288890,0,34,0,0,1,1,6,0,1,1,0,1,0,0000000,19,20,19,35,88,88,0,0,0,1,0
49,490062,1,1,0,0,0,1,1,57,1350,24,7,2011,1,10,45,0,16,5,GRANT AVE,,0,41.25487222,-111.972591670,0,33,0,0,1,1,6,0,1,1,0,1,0,0000000,10,47,10,49,99,99,0,0,0,1,0
49,490063,1,1,0,0,0,1,1,21,1450,8,7,2011,6,20,47,1,1,1,I-15,,750,37.83632222,-112.877241670,0,50,0,0,1,1,3,0,5,1,0,1,0,0000000,20,47,20,51,88,88,0,0,0,1,0
49,490064,1,1,0,0,0,3,3,13,350,25,6,2011,7,0,15,0,6,5,700 W,,0,40.16643889,-110.413358330,0,1,0,0,1,1,5,0,2,1,0,1,0,0000000,0,21,0,41,1,37,0,0,0,1,1
49,490065,3,3,0,0,0,3,3,35,0,19,4,2011,3,16,41,0,14,3,SR-181,,0,40.67581389,-111.854127780,0,12,1,0,1,1,1,0,1,1,0,1,0,0000000,16,41,16,46,17,5,0,0,0,1,0
49,490066,2,2,0,0,0,3,3,53,1670,12,5,2011,5,21,25,0,16,5,RED CLIFFS DR,,0,37.11385833,-113.553991670,0,12,6,0,4,1,1,0,3,1,0,1,0,0000000,21,26,21,31,99,99,0,0,0,1,0
49,490067,2,2,0,0,0,3,3,49,1730,20,4,2011,4,17,48,1,11,1,I-15,,2451,39.97626944,-111.770869440,0,12,7,0,1,1,1,0,1,1,0,1,0,0000000,17,48,17,52,99,99,0,0,0,1,0
49,490068,1,1,0,1,1,2,2,49,1840,28,6,2011,3,18,22,0,16,5,1850 S,,0,40.08621944,-111.618519440,0,8,0,0,4,1,1,0,1,1,0,1,0,0000000,18,22,18,35,99,99,0,0,0,1,0
49,490069,1,1,0,0,0,4,4,49,1460,12,7,2011,3,12,47,1,11,1,I-15,,2519,40.05588889,-111.732052780,0,31,0,1,18,1,4,0,1,1,0,1,0,0000000,12,45,13,3,99,99,0,0,0,1,0
49,490070,1,1,0,0,0,2,2,13,0,13,7,2011,4,23,35,0,3,3,SR-35,,463,40.32115833,-110.657558330,0,35,0,0,1,1,1,0,2,1,0,1,0,0000000,23,45,23,53,99,99,7,0,0,1,0
49,490071,1,1,0,0,0,1,1,45,0,29,7,2011,6,21,10,0,6,5,DROUBAY RD,,0,40.56903056,-112.274669440,0,53,0,0,1,1,5,0,2,1,0,1,0,0000000,21,10,21,22,88,88,0,0,0,1,0
49,490072,1,1,0,0,0,3,3,41,0,5,7,2011,3,19,54,1,1,1,I-70,,627,38.91671111,-111.742000000,0,1,0,1,18,1,3,0,6,2,0,2,0,0000000,19,56,20,7,20,26,0,0,0,1,0
49,490073,1,1,0,0,0,2,2,7,2070,29,7,2011,6,2,5,1,2,2,US-6,,2463,39.54416111,-110.745105560,0,31,0,0,1,1,5,0,2,1,0,1,0,0000000,88,88,88,88,88,88,20,0,0,2,1
49,490074,1,1,0,0,0,2,2,19,0,31,7,2011,1,19,22,0,3,3,SR-279,,128,38.58068333,-109.586683330,0,35,0,0,1,1,6,0,1,1,0,1,0,0000000,19,22,19,32,99,99,0,0,0,1,1
49,490075,1,1,0,0,0,2,2,7,0,23,6,2011,5,22,57,0,6,5,HORSE BENCH RD,,0,39.78352778,-110.010780560,0,17,0,0,1,1,6,0,2,1,0,1,0,0000000,0,26,2,18,99,99,0,0,0,1,0
49,490076,2,2,0,0,0,4,4,45,885,13,5,2011,6,6,50,0,6,6,CANYON RD,SR-36,0,40.66779722,-112.284238890,0,12,6,0,2,3,1,0,1,1,0,1,0,0000000,6,57,7,12,88,88,0,0,0,1,0
49,490077,2,1,1,0,1,1,2,35,712,6,5,2011,6,9,58,0,14,3,SR-181,,99998,40.67365000,-111.854191670,0,14,0,0,1,1,2,0,1,1,0,1,0,0000000,99,99,99,99,99,99,0,0,0,1,0
49,490078,3,3,0,0,0,3,3,35,2113,23,5,2011,2,10,14,0,14,3,SR-68,2320 S,99998,40.72078889,-111.938991670,0,12,1,0,2,2,1,0,1,1,0,1,0,0000000,10,18,10,21,99,99,0,0,0,1,0
49,490079,1,1,0,0,0,5,5,43,0,12,7,2011,3,19,18,1,1,1,I-80,,1678,40.97089167,-111.438508330,0,52,0,1,18,1,4,0,1,1,0,1,0,0000000,19,22,19,42,20,6,0,0,0,1,0
49,490080,1,1,0,1,1,6,6,13,1258,22,6,2011,4,15,4,0,6,5,2160 W,,0,40.43511944,-110.033169440,0,9,0,0,1,1,1,0,1,1,0,1,0,0000000,15,6,15,19,88,88,0,0,0,1,0
49,490081,2,2,0,0,0,4,4,35,1700,22,5,2011,1,3,48,1,11,1,I-80,,1191,40.76467500,-111.917233330,0,12,2,1,5,1,1,0,2,1,0,1,0,0000000,3,54,4,2,99,99,0,0,0,1,1
49,490082,2,2,0,0,0,5,5,51,0,19,6,2011,1,15,4,0,3,3,SR-189,,225,40.40830556,-111.483625000,0,12,2,0,1,1,1,0,1,1,0,1,0,0000000,16,4,16,16,99,99,0,0,0,2,0
49,490083,2,2,0,0,0,2,2,11,2110,13,6,2011,2,7,3,0,14,3,SR-108,SR-107,99998,41.11809167,-112.064508330,0,12,6,0,2,2,1,0,4,1,0,1,0,0000000,7,4,7,6,88,88,0,0,0,1,0
49,490084,2,2,0,0,0,2,2,21,405,8,6,2011,4,13,49,0,3,3,SR-130,MIDVALLEY,99999,37.76474722,-113.055208330,0,12,6,0,2,2,1,0,1,1,0,1,0,0000000,13,56,14,11,99,99,0,0,0,1,0
49,490085,2,2,0,0,0,6,6,35,2113,25,6,2011,7,16,5,0,13,3,SR-201,,135,40.72611389,-111.977530560,0,12,1,0,1,1,1,0,1,1,0,1,0,0000000,17,5,17,10,99,99,19,0,0,2,0
49,490086,1,1,0,0,0,1,1,51,0,1,8,2011,2,9,40,1,2,2,US-40,,489,40.18441944,-111.058591670,0,1,0,0,1,1,1,1,1,1,0,1,0,0000000,9,40,10,14,99,99,0,0,0,1,0
49,490087,1,1,0,0,0,2,2,41,0,3,8,2011,4,13,0,1,1,1,I-70,,468,38.86336667,-111.980652780,0,35,0,0,1,1,5,0,1,2,0,2,0,0000000,13,6,13,19,99,99,0,0,0,1,0
49,490088,1,1,0,0,0,1,1,29,1210,4,8,2011,5,19,35,1,1,1,I-84,,1042,41.04172500,-111.663113890,0,24,0,0,1,1,3,0,1,1,0,1,0,0000000,19,36,19,43,99,99,0,0,0,1,1
49,490089,1,1,0,0,0,1,1,35,1800,7,8,2011,1,3,32,0,16,5,4000 W,,0,40.54484722,-111.986283330,0,43,0,0,1,1,4,0,3,1,0,1,0,0000000,99,99,99,99,99,99,0,0,0,1,0
49,490090,1,1,0,0,0,1,1,13,0,12,8,2011,6,10,38,0,3,2,US-191,,2661,39.87743056,-110.753547220,0,24,0,0,1,1,4,0,1,1,0,1,0,0000000,10,47,11,19,99,99,0,0,0,1,0
49,490091,1,1,0,0,0,5,5,35,1924,14,8,2011,1,3,0,1,11,1,I-215,,142,40.64498611,-111.944958330,0,52,0,0,1,1,4,0,3,1,10,10,0,0000000,3,0,3,11,99,99,0,0,0,1,0
49,490092,1,1,0,0,0,5,5,45,0,17,8,2011,4,18,40,0,6,5,PONY EXPRESS RD,,0,40.08278611,-112.755580560,0,1,0,0,1,1,5,0,1,1,0,1,0,0000000,19,26,20,6,21,3,0,0,0,1,0
49,490093,1,1,0,0,0,1,1,43,0,28,8,2011,1,10,38,0,6,5,YELLOW CREEK RD,,0,41.17290556,-111.048022220,0,32,0,0,1,1,4,0,1,1,0,1,0,0000000,10,38,10,52,99,99,0,0,0,1,0
49,490094,1,1,0,0,0,3,3,15,0,13,8,2011,7,9,35,1,1,1,I-70,,1324,38.88856389,-110.646955560,0,1,0,0,1,1,3,0,1,1,0,1,0,0000000,9,42,10,16,99,99,0,0,0,2,0
49,490095,1,1,0,0,0,1,1,13,0,23,8,2011,3,4,2,0,6,4,CR-29,,19,40.15115556,-110.345852780,0,34,0,0,1,1,5,0,2,1,0,1,0,0000000,4,5,4,19,99,99,0,0,0,1,0
49,490096,1,1,0,0,0,1,1,49,0,20,8,2011,7,14,30,0,3,3,SR-68,,120,40.12470556,-111.960091670,0,5,0,0,1,1,5,0,1,1,0,1,0,0000000,14,33,15,1,99,99,0,0,0,1,1
49,490097,1,1,0,0,0,1,1,25,0,15,6,2011,4,19,50,1,2,2,US-89,,981,37.42197222,-112.542663890,0,17,0,0,1,1,4,0,5,1,0,1,0,0000000,19,51,20,3,99,99,0,0,0,1,0
49,490098,1,1,0,0,0,1,1,1,0,22,8,2011,2,13,30,1,1,1,I-15,,1050,38.19511111,-112.644983330,0,31,0,0,1,1,5,0,1,1,0,1,0,0000000,13,47,13,51,88,88,0,0,0,1,0
49,490099,1,1,0,0,0,1,1,45,610,11,6,2011,7,18,55,0,6,5,MORMON TRAIL RD,,0,40.52906111,-112.499130560,0,35,0,0,1,1,5,0,1,1,0,1,0,0000000,88,88,88,88,88,88,0,0,0,1,0
49,490100,5,5,0,0,0,10,10,35,1630,12,1,2011,4,13,31,0,13,3,SR-154,12600 S,99998,40.52219444,-111.984213890,0,12,6,0,2,2,1,0,1,10,0,10,0,0000000,99,99,99,99,99,99,0,0,0,1,0
49,490101,3,3,0,0,0,5,5,35,2100,28,4,2011,5,13,45,0,13,6,9000 S,ELMHEARST DR,0,40.58785556,-111.981080560,0,12,6,0,2,2,1,0,1,10,0,10,0,0000000,13,46,13,50,14,25,0,0,0,1,0
49,490102,5,5,0,0,0,5,5,35,1924,22,5,2011,1,6,6,0,16,6,6200 S,4000 W,0,40.63856944,-111.986413890,0,12,7,0,3,2,1,0,4,10,0,10,0,0000000,6,6,6,11,6,31,0,0,0,1,1
49,490103,5,5,0,0,0,6,6,35,1924,30,6,2011,5,15,52,0,13,3,SR-173,2700 W,99998,40.65309444,-111.957875000,0,12,6,0,2,2,1,0,1,1,0,1,0,0000000,15,52,15,57,16,14,14,0,0,1,1
49,490104,1,1,0,0,0,1,1,57,0,30,7,2011,7,23,30,0,13,3,SR-79,,99998,41.20028889,-112.020552780,0,38,0,0,1,1,6,0,2,1,0,1,0,0000000,8,22,8,26,88,88,18,0,0,1,1
49,490105,3,3,0,0,0,6,6,21,0,1,7,2011,6,12,30,1,1,1,I-15,,695,37.79102500,-112.965133330,0,12,1,0,1,1,1,0,1,1,0,1,0,0000000,12,33,12,39,99,99,0,0,0,1,0
49,490106,4,4,0,0,0,8,8,11,260,6,7,2011,4,18,9,0,14,3,SR-126,650 N,99998,41.12356944,-112.026033330,0,12,8,0,3,1,1,0,1,10,0,10,0,0000000,18,12,18,13,18,35,14,0,0,1,0
49,490107,1,1,0,0,0,2,2,37,0,4,3,2011,6,1,50,0,6,4,LISBON VALLEY MINE RD,,0,38.19499722,-109.317800000,0,41,0,0,1,1,5,0,2,1,0,1,0,0000000,99,99,99,99,99,99,0,0,0,1,1
49,490108,1,1,0,0,0,1,1,47,0,9,4,2011,7,12,10,0,6,5,4750 S,,0,40.23290833,-109.874725000,0,34,0,0,1,1,4,0,1,1,0,1,0,0000000,12,14,12,23,88,88,0,0,0,1,0
49,490109,1,1,0,0,0,2,2,53,932,7,9,2011,4,12,43,1,1,1,I-15,,237,37.24634167,-113.349822220,0,25,0,0,1,1,3,0,1,1,0,1,0,0000000,12,43,12,50,99,99,0,0,0,1,0
49,490110,1,1,0,0,0,1,1,57,0,11,9,2011,1,14,27,0,3,3,SR-167,,95,41.23898611,-111.775341670,0,34,0,0,1,1,6,0,1,1,0,1,0,0000000,14,28,14,37,99,99,0,0,0,1,0
49,490111,1,1,0,0,0,2,2,53,0,11,9,2011,1,18,9,1,1,1,I-15,,292,37.30398611,-113.299352780,0,41,0,0,1,1,3,0,1,2,0,2,0,0000000,18,11,18,26,99,99,0,0,0,1,0
49,490112,1,1,0,1,1,1,1,57,1350,11,4,2011,2,15,39,0,16,5,SULLIVAN RD,,0,41.20868333,-111.959033330,0,39,0,0,1,1,5,0,1,1,0,1,0,0000000,15,42,15,46,99,99,0,0,0,1,1
49,490113,1,1,0,0,0,3,3,5,0,17,9,2011,7,19,30,0,6,5,MILLVILLE CYN,,0,41.65962500,-111.775544440,5,35,0,0,1,1,6,0,1,1,0,1,0,0000000,19,43,19,56,0,31,0,0,0,1,1
49,490114,1,1,0,0,0,1,1,11,280,9,9,2011,6,13,18,0,14,3,SR-108,,0,41.12819444,-112.064527780,0,30,0,0,1,1,5,0,1,1,0,1,0,0000000,13,18,13,18,99,99,0,0,0,1,0
49,490115,1,1,0,0,0,1,1,27,0,19,9,2011,2,15,19,1,2,2,US-6/50,,256,39.08405278,-113.583516670,0,31,0,0,1,1,6,0,1,1,0,1,0,0000000,15,19,15,52,88,88,0,0,0,1,0
49,490116,1,1,0,0,0,1,1,21,190,16,9,2011,6,9,32,1,11,1,I-15,,580,37.67046667,-113.079458330,0,42,0,0,1,1,6,0,1,1,0,1,0,0000000,9,32,9,42,99,99,0,0,0,1,1
49,490117,1,1,0,0,0,2,2,35,0,22,9,2011,5,15,6,0,14,3,SR-190,,99998,40.62313333,-111.758102780,0,1,0,0,1,1,5,0,1,1,0,1,0,0000000,15,6,15,13,99,99,0,0,0,1,0
49,490118,1,1,0,0,0,1,1,7,0,15,9,2011,5,13,40,0,3,2,US-191,,2562,39.76439722,-110.811322220,0,1,0,0,1,1,1,0,1,10,0,10,0,0000000,13,50,14,4,88,88,0,0,0,1,0
49,490119,1,1,0,0,0,2,2,3,0,29,9,2011,5,19,10,1,1,1,I-15,,3905,41.87336111,-112.169613890,0,1,0,0,1,1,3,0,5,1,0,1,0,0000000,19,15,19,21,99,99,0,0,0,1,0
49,490120,1,1,0,0,0,1,1,49,0,5,10,2011,4,10,44,0,3,3,SR-68,,172,40.18484444,-111.909572220,0,1,0,0,1,1,1,0,1,10,0,10,0,0000000,10,45,10,56,99,99,0,0,0,1,0
49,490121,1,1,0,0,0,1,1,47,0,6,10,2011,5,21,38,1,2,2,US-40,,1644,40.31636667,-109.234041670,0,41,0,0,1,1,5,0,2,1,0,1,0,0000000,21,41,21,59,99,99,0,0,0,1,1
49,490122,2,2,0,0,0,3,3,35,2113,11,7,2011,2,11,19,0,15,6,4100 S,SR-154,0,40.68206389,-111.981605560,0,12,6,0,2,2,1,0,1,10,0,10,0,0000000,99,99,99,99,99,99,0,0,0,1,0
49,490123,2,2,0,0,0,3,3,11,140,22,8,2011,2,13,55,0,16,5,1000 N,US-89,0,40.89863611,-111.892158330,0,12,6,0,2,3,1,0,1,1,0,1,0,0000000,14,4,14,9,99,99,0,0,0,1,0
49,490124,2,2,0,0,0,5,5,37,0,1,8,2011,2,18,20,1,2,2,US-191,,567,37.69738056,-109.428694440,0,12,2,0,1,1,1,0,1,1,0,1,0,0000000,18,27,18,41,99,99,0,0,0,2,0
49,490125,1,1,0,1,1,1,1,7,0,4,8,2011,5,8,20,0,6,5,RIDGE RD,,9,39.53541111,-110.798791670,0,8,0,0,1,1,6,0,1,1,0,1,0,0000000,8,28,8,35,99,99,0,0,0,1,0
49,490126,1,1,0,0,0,1,1,5,250,30,8,2011,3,17,19,0,3,3,SR-142,,32,41.89195833,-112.040952780,0,1,0,0,1,1,5,0,1,1,0,1,0,0000000,17,19,17,31,99,99,0,0,0,1,1
49,490127,2,2,0,0,0,11,11,21,190,17,8,2011,4,14,12,0,14,3,SR-130,CROSS HOLLOWS,99998,37.65007778,-113.122425000,0,12,6,0,2,2,1,0,1,1,0,1,0,0000000,14,12,14,22,99,99,0,0,0,1,0
49,490128,1,1,0,1,1,1,1,7,0,6,8,2011,7,1,23,0,3,3,SR-10,,627,39.53200833,-110.818061110,0,8,0,0,1,1,1,1,2,1,0,1,0,0000000,99,99,99,99,99,99,0,0,0,1,1
49,490129,1,1,0,1,1,6,6,15,0,6,8,2011,7,18,18,0,3,3,SR-155,,31,39.34512500,-110.904141670,0,9,0,0,8,1,1,0,6,1,0,1,0,0000000,18,18,18,23,99,99,0,0,0,1,0
49,490130,1,1,0,0,0,1,1,57,1490,20,10,2011,5,6,4,0,16,5,1975 N,,0,41.29370000,-112.057186110,0,1,0,0,1,1,4,0,2,1,0,1,0,0000000,6,14,6,21,99,99,0,0,0,1,0
49,490131,1,1,0,0,0,3,3,57,1350,4,10,2011,3,13,19,0,16,5,MONROE BLVD,24TH ST,0,41.22261111,-111.959297220,0,5,0,0,2,2,1,0,1,1,0,1,0,0000000,13,20,13,23,99,99,0,0,0,1,0
49,490132,1,1,0,0,0,1,1,7,2070,27,10,2011,5,0,5,0,6,5,OLD WELLINGTON RD,HILLCREST DR,0,39.56814167,-110.751025000,0,31,0,0,2,3,5,0,2,1,0,1,0,0000000,0,10,0,15,99,99,0,0,0,1,1
49,490133,1,1,0,0,0,1,1,57,2000,26,10,2011,4,10,29,1,1,1,I-84 WB OFF-RAMP,,877,41.13722500,-111.913805560,0,1,0,1,5,1,1,0,1,1,0,1,0,0000000,10,30,10,37,99,99,0,0,0,1,0
49,490134,2,1,1,0,0,1,1,49,940,15,2,2011,3,2,38,1,13,2,US-89,,99998,40.41150556,-111.867213890,0,14,0,0,1,1,2,0,3,1,0,1,0,0000000,2,40,2,51,3,31,0,0,0,1,0
49,490135,1,1,0,1,1,1,1,35,1700,7,6,2011,3,22,26,0,13,3,SR-71,,99998,40.75300556,-111.871100000,0,9,0,0,1,1,1,0,2,1,0,1,0,0000000,22,27,22,32,88,88,0,0,0,1,0
49,490136,1,1,0,1,1,1,1,35,1700,22,6,2011,4,23,36,0,14,3,SR-270,900 S,0,40.74985000,-111.893977780,0,8,0,0,3,2,1,0,3,1,0,1,0,0000000,23,37,23,40,23,56,0,0,0,1,0
49,490137,2,1,1,0,0,2,2,57,1650,24,6,2011,6,23,29,0,14,3,SR-108,,99998,41.18527222,-112.054427780,0,53,0,0,1,1,4,0,3,1,0,1,0,0000000,23,31,23,40,23,58,0,0,0,1,0
49,490138,2,2,0,0,0,2,2,35,1700,16,6,2011,5,13,52,1,11,1,I-215,SR-201,196,40.72143056,-111.952811110,0,12,7,1,17,1,1,0,1,1,0,1,0,0000000,13,54,14,3,88,88,0,0,0,1,0
49,490139,2,2,0,0,0,2,2,35,1700,29,6,2011,4,16,40,0,16,6,2100 S,,0,40.72586944,-111.934077780,0,12,1,0,8,1,1,0,1,1,0,1,0,0000000,16,44,16,49,17,18,0,0,0,1,0
49,490140,2,2,0,0,0,3,3,45,0,5,6,2011,1,17,46,1,1,1,I-80,,783,40.70847500,-112.526925000,0,12,6,0,1,1,1,0,1,1,0,1,0,0000000,17,50,17,58,88,88,0,0,0,2,0
49,490141,1,1,0,0,0,10,10,35,1700,9,7,2011,7,7,50,1,11,1,I-15,,3075,40.75833611,-111.913072220,0,21,0,0,5,1,4,0,1,1,0,1,0,0000000,7,51,8,0,99,99,0,0,0,1,0
49,490142,2,1,1,2,2,1,1,11,530,18,11,2011,6,18,47,0,16,6,MOUNTAIN RD,,0,41.03340000,-111.903166670,0,8,0,0,1,1,1,0,2,4,0,4,0,0000000,18,49,18,55,19,21,0,0,0,1,0
49,490143,2,2,0,0,0,6,6,25,0,6,8,2011,7,15,0,1,2,2,US-89,,274,37.14471111,-111.973088890,0,12,2,0,1,1,1,0,1,1,0,1,0,0000000,15,11,15,55,16,49,0,0,0,1,1
49,490144,2,2,0,0,0,4,4,35,2113,6,8,2011,7,0,46,0,16,6,2700 W,SR-171,0,40.69661111,-111.957916670,0,12,6,0,2,2,1,0,3,1,0,1,0,0000000,0,48,0,53,99,99,20,0,0,1,0
49,490145,2,2,0,0,0,3,3,35,0,24,8,2011,4,20,25,0,13,3,SR-210,,99999,40.57197222,-111.756130560,0,12,2,0,1,1,1,0,5,1,0,1,0,0000000,88,88,88,88,88,88,0,0,0,1,0
49,490146,2,2,0,0,0,2,2,47,2010,26,8,2011,6,5,17,1,13,2,US-40,500 W,99998,40.45561944,-109.538011110,0,12,6,0,2,2,1,0,3,1,0,1,1,0000000,5,20,5,22,99,99,0,0,0,1,0
49,490147,3,3,0,0,0,6,6,3,0,3,9,2011,7,17,43,0,2,3,SR-30,,961,41.79457222,-112.057005560,0,12,2,0,1,1,1,0,1,1,0,1,0,0000000,17,46,17,58,99,99,0,0,0,1,0
49,490148,4,4,0,0,0,4,4,3,0,21,9,2011,4,13,53,1,1,1,I-15,,3639,41.51214167,-112.061038890,0,12,1,1,17,1,1,0,1,1,0,1,0,0000000,13,54,14,1,88,88,19,0,0,1,0
49,490149,3,3,0,0,0,6,6,7,0,23,9,2011,6,12,18,1,2,2,US-6,,2511,39.55030278,-110.660947220,0,12,6,0,1,1,1,0,1,1,0,1,0,0000000,12,20,12,28,12,54,0,0,0,2,0
49,490150,1,1,0,0,0,1,1,21,190,21,7,2011,5,2,24,0,16,5,FIDDLERS CANYON DR,,0,37.71419167,-113.050375000,0,39,0,0,1,1,5,0,3,1,0,1,0,0000000,99,99,99,99,88,88,0,0,0,1,1
49,490151,1,1,0,0,0,7,7,11,210,30,7,2011,7,18,43,0,16,5,PIPELINE RD,,0,40.95230000,-111.903938890,0,1,0,0,1,1,1,0,1,1,0,1,0,0000000,18,51,18,58,19,34,0,0,0,1,1
49,490152,1,1,0,1,1,1,1,45,0,29,7,2011,6,5,32,1,1,1,I-80,,956,40.67125000,-112.295527780,0,8,0,0,1,1,1,0,4,1,0,1,0,0000000,99,99,99,99,99,99,0,0,0,1,0
49,490153,2,2,0,0,0,2,2,43,0,11,10,2011,3,16,9,1,1,1,I-80,,1399,40.75083333,-111.610491670,0,12,1,0,1,1,1,0,1,1,0,1,0,0000000,16,9,16,29,16,54,0,0,0,1,1
49,490154,1,1,0,2,2,2,2,15,620,8,8,2011,2,20,51,0,3,3,SR-19,CLARK ST,28,38.99565556,-110.161480560,0,8,0,0,2,2,1,0,5,1,0,1,0,0000000,20,53,20,58,21,11,0,0,0,1,0
49,490155,3,3,0,0,0,5,5,25,0,14,10,2011,6,20,18,1,2,2,US-89,,685,37.10255556,-112.549186110,0,12,2,0,1,1,1,0,2,1,0,1,0,0000000,20,18,20,45,21,20,0,0,0,3,0
49,490156,2,2,0,0,0,2,2,35,1700,30,8,2011,3,19,1,0,14,3,SR-71,900 S,99998,40.74978611,-111.871077780,0,12,6,0,2,2,1,0,3,1,0,1,0,0000000,19,4,19,6,88,88,0,0,0,1,0
49,490157,3,3,0,0,0,5,5,49,1390,20,7,2011,4,13,34,0,13,3,SR-52,800 E,0,40.31200000,-111.676713890,0,12,6,0,2,2,1,0,1,1,0,1,0,0000000,13,36,13,41,14,10,0,0,0,1,0
49,490158,2,2,0,0,0,3,3,49,970,5,8,2011,6,21,13,0,13,3,SR-114,700 N,0,40.35073333,-111.740741670,0,12,6,0,2,2,1,0,3,1,0,1,0,0000000,21,15,21,19,99,99,0,0,0,1,1
49,490159,1,1,0,0,0,1,1,11,910,31,8,2011,4,20,44,0,16,5,WEST SIDE DR,,0,41.04589444,-111.999483330,0,35,0,0,1,1,4,0,6,1,0,1,0,0000000,20,46,20,47,88,88,0,0,0,1,1
49,490160,2,2,0,0,0,3,3,41,0,26,8,2011,6,18,7,1,1,1,I-70,,665,38.90291944,-111.675097220,0,12,7,0,1,1,1,0,1,10,0,10,0,0000000,18,11,18,33,88,88,2,0,0,1,0
49,490161,2,2,0,0,0,2,2,49,692,24,5,2011,3,16,44,0,13,3,SR-92,6000 W,99998,40.43180278,-111.802755560,0,12,1,0,3,2,1,0,1,1,0,1,0,0000000,16,45,16,48,17,41,0,0,0,1,0
49,490162,1,1,0,0,0,1,1,35,0,19,7,2011,3,15,53,1,11,1,I-80,,1340,40.75186667,-111.715316670,0,25,0,1,18,1,3,0,1,2,0,2,0,0000000,15,58,16,7,99,99,0,0,0,1,0
49,490163,2,2,0,0,0,4,4,5,0,13,10,2011,5,16,50,1,2,2,US-89,,99998,41.85043333,-111.585000000,0,12,2,0,1,1,1,0,1,1,0,1,0,0000000,16,51,17,13,17,59,0,0,0,1,0
49,490164,3,3,0,0,0,5,5,35,2100,17,10,2011,2,15,15,0,14,3,SR-48,5150 W,0,40.59878333,-112.013338890,0,12,6,0,2,2,1,0,1,1,0,1,0,0000000,15,16,15,21,88,88,0,0,0,1,0
49,490165,2,2,0,0,0,6,6,53,1670,21,10,2011,6,18,10,0,16,6,2000 E,MALL DR,0,37.10487500,-113.541458330,0,12,6,0,2,3,1,0,1,1,0,1,0,0000000,18,12,18,16,19,15,0,0,0,1,0
49,490166,1,1,0,1,1,1,1,57,1350,24,10,2011,2,20,24,0,13,3,SR-203,,99998,41.19285833,-111.948847220,0,8,0,0,1,1,1,0,6,1,0,1,0,0000000,20,25,20,28,20,41,0,0,0,1,0
49,490167,1,1,0,0,0,1,1,35,1700,31,10,2011,2,9,29,0,16,6,900 W,,0,40.78942222,-111.916869440,0,18,0,0,1,1,2,0,1,1,0,1,0,0000000,99,99,99,99,99,99,0,0,0,1,0
49,490168,3,3,0,0,0,3,3,35,2113,31,10,2011,2,13,56,1,12,3,SR-201 OFF-RAMP,SR-68,99998,40.72270000,-111.939013890,0,12,6,1,2,7,1,0,1,1,0,1,0,0000000,14,1,14,7,14,35,0,0,0,1,0
49,490169,1,1,0,0,0,3,3,43,0,12,11,2011,7,14,30,1,1,1,I-80,,1754,41.04058611,-111.327486110,0,38,0,0,1,1,4,0,1,4,0,4,0,0000000,14,33,15,22,99,99,0,0,0,3,0
49,490170,4,4,0,0,0,11,11,11,860,18,11,2011,6,21,50,1,11,1,I-15,,3293,41.04894722,-111.958741670,0,12,6,0,1,1,1,0,2,4,0,4,0,0000000,21,54,22,7,22,43,14,0,0,1,0
49,490171,1,1,0,1,1,3,3,35,1700,8,12,2011,5,8,57,0,13,3,SR-68,1000 N,99998,40.79105556,-111.939194440,0,15,0,0,3,2,1,0,1,1,0,1,0,0000000,8,58,9,4,9,28,0,0,0,1,0
49,490172,1,1,0,1,1,1,1,11,910,25,9,2011,1,9,14,0,13,3,SR-193,,99999,41.10721111,-111.918230560,0,9,0,0,1,1,1,0,1,1,0,1,0,0000000,9,14,9,16,99,99,0,0,0,1,0
49,490173,1,1,0,0,0,1,1,17,0,24,9,2011,7,14,10,0,3,3,SR-12,,141,37.68515000,-112.134755560,0,5,0,0,1,1,1,0,1,1,0,1,0,0000000,14,30,14,39,99,99,0,0,0,1,0
49,490174,2,2,0,0,0,2,2,57,2095,12,12,2011,2,17,6,0,13,3,SR-126,,99998,41.21165278,-112.025730560,0,12,6,0,8,1,1,0,5,1,0,1,0,0000000,17,7,17,11,17,27,0,0,0,1,0