STATE,ST_CASE,VE_TOTAL,VE_FORMS,PVH_INVL,PEDS,PERNOTMVIT,PERMVIT,PERSONS,COUNTY,CITY,DAY,MONTH,YEAR,DAY_WEEK,HOUR,MINUTE,NHS,ROAD_FNC,ROUTE,TWAY_ID,TWAY_ID2,MILEPT,LATITUDE,LONGITUD,SP_JUR,HARM_EV,MAN_COLL,RELJCT1,RELJCT2,TYP_INT,REL_ROAD,WRK_ZONE,LGT_COND,WEATHER1,WEATHER2,WEATHER,SCH_BUS,RAIL,NOT_HOUR,NOT_MIN,ARR_HOUR,ARR_MIN,HOSP_HR,HOSP_MN,CF1,CF2,CF3,FATALS,DRUNK_DR
49,490175,1,1,0,1,1,1,1,35,2113,16,9,2011,6,17,48,0,16,5,4800 W,WEST POINT DR,0,40.67060833,-112.005638890,0,8,0,0,2,2,1,0,1,2,0,2,0,0000000,17,48,17,52,99,99,0,0,0,1,0
49,490176,1,1,0,0,0,2,2,49,1460,25,9,2011,1,3,48,0,16,5,1100 S,,0,40.02676389,-111.727952780,0,33,0,0,1,1,4,0,3,1,0,1,0,0000000,3,50,3,58,99,99,0,0,0,1,1
49,490177,3,3,0,0,0,3,3,35,2113,1,9,2011,5,22,26,0,16,5,3100 S,4800 W,0,40.70425556,-112.005638890,0,12,6,0,2,2,1,0,3,1,0,1,0,0000000,22,31,22,34,99,99,0,0,0,2,1
49,490178,1,1,0,1,1,1,1,35,344,29,9,2011,5,3,38,1,11,1,I-15,,2889,40.50119722,-111.891097220,0,8,0,0,1,1,1,1,2,1,0,1,0,0000000,3,39,3,51,99,99,0,0,0,1,0
49,490179,1,1,0,0,0,1,1,13,0,11,9,2011,1,18,40,0,6,5,JOHN STAR FLAT RD,,0,40.61143889,-110.042183330,3,35,0,0,1,1,4,0,1,1,0,1,0,0000000,19,4,19,32,88,88,20,0,0,1,1
49,490180,1,1,0,1,1,3,3,21,0,1,10,2011,7,19,5,0,3,3,SR-56,,452,37.61160833,-113.345705560,0,8,0,0,1,1,1,0,1,1,0,1,0,0000000,19,8,19,25,88,88,0,0,0,1,0
49,490181,1,1,0,1,1,1,1,35,1700,8,10,2011,7,1,1,1,11,1,I-80,,1048,40.74900556,-112.178158330,0,8,0,1,18,1,1,0,2,2,0,2,0,0000000,1,3,1,13,99,99,0,0,0,1,0
49,490182,1,1,0,2,2,1,1,23,1260,2,11,2011,4,19,30,0,14,3,SR-28,,99998,39.67705833,-111.840713890,0,8,0,0,1,1,1,0,3,1,0,1,0,0000000,19,30,19,34,99,99,0,0,0,1,0
49,490183,1,1,0,1,1,1,1,35,1820,8,11,2011,3,8,21,0,13,2,US-89,,99998,40.69148611,-111.888244440,0,8,0,0,1,1,1,0,1,1,0,1,0,0000000,8,21,8,24,99,99,0,0,0,1,0
49,490184,1,1,0,0,0,1,1,53,0,9,11,2011,4,18,40,0,3,3,SR-18,,173,37.30480556,-113.671172220,0,31,0,0,1,1,6,0,2,1,0,1,0,0000000,18,42,18,54,99,99,0,0,0,1,0
49,490185,1,1,0,1,1,1,1,35,1700,15,11,2011,3,4,47,0,16,5,400 E,100 S,0,40.76717778,-111.879638890,0,8,0,0,2,2,1,0,3,10,0,10,0,0000000,4,48,4,49,99,99,0,0,0,1,0
49,490186,1,1,0,0,0,6,6,3,1970,6,11,2011,1,8,29,1,11,1,I-15,,3783,41.69406111,-112.170686110,0,1,0,0,1,1,3,0,1,10,0,10,0,0000000,8,33,8,39,99,99,0,0,0,1,0
49,490187,1,1,0,0,0,1,1,45,0,12,11,2011,7,23,40,0,6,5,STANSBURY PARKWAY,,0,40.65016111,-112.295886110,0,42,0,0,1,1,3,0,2,1,0,1,0,0000000,23,40,23,52,88,88,0,0,0,1,1
49,490188,1,1,0,0,0,1,1,49,0,22,11,2011,3,10,55,1,2,2,US-6,,2058,39.93113333,-111.168166670,0,1,0,0,1,1,5,0,9,1,0,1,0,0000000,11,2,11,33,88,88,0,0,0,1,0
49,490189,1,1,0,0,0,1,1,47,0,29,11,2011,3,1,0,0,3,3,SR-121,,322,40.41315556,-109.693408330,0,1,0,0,1,1,5,0,6,1,0,1,0,0000000,88,88,88,88,88,88,0,0,0,1,1
49,490190,2,2,0,0,0,2,2,37,0,7,9,2011,4,14,30,1,2,2,US-491,CR-350 TRUEBLOOD RD,74,37.86046944,-109.209244440,0,12,6,0,2,3,1,0,1,1,0,1,0,0000000,14,32,14,44,15,16,0,0,0,1,0
49,490191,2,2,0,0,0,2,2,21,190,11,9,2011,1,2,50,1,11,1,I-15,,566,37.64804167,-113.085983330,0,12,1,0,1,1,1,0,3,10,0,10,0,0000000,2,53,3,10,88,88,0,0,0,1,0
49,490192,2,2,0,0,0,3,3,13,1640,18,9,2011,1,20,6,1,13,2,US-40,2000 W,1113,40.27333333,-110.030425000,0,12,2,0,2,3,1,0,3,1,0,1,0,0000000,20,8,20,16,20,33,0,0,0,1,0
49,490193,2,2,0,0,0,2,2,35,1710,23,9,2011,6,10,33,0,13,2,US-89,9620 S,99998,40.57752222,-111.890927780,0,12,6,0,2,2,1,0,1,1,0,1,0,0000000,10,34,10,38,88,88,0,0,0,1,0
49,490194,1,1,0,0,0,1,1,3,1780,15,12,2011,5,12,34,1,1,1,I-84,,69,41.96073056,-112.715155560,0,1,0,1,5,1,5,0,1,1,0,1,0,0000000,12,36,12,44,99,99,0,0,0,1,0
49,490195,2,2,0,1,1,2,2,57,1350,24,9,2011,7,23,27,0,13,3,SR-204,18TH ST,99998,41.23473056,-111.978575000,0,8,0,0,3,3,1,0,3,1,0,1,0,0000000,23,27,23,27,88,88,0,0,0,1,0
49,490196,1,1,0,0,0,5,5,27,500,3,12,2011,7,5,25,1,1,1,I-15,,1665,39.00486111,-112.312536110,0,59,0,1,18,1,5,0,2,4,0,4,0,0000000,5,25,5,38,99,99,0,0,0,1,0
49,490197,1,1,0,0,0,1,1,21,0,2,9,2011,6,11,3,1,1,1,I-15,,948,38.08102778,-112.681547220,0,1,0,0,1,1,3,0,1,1,0,1,0,0000000,11,10,11,19,99,99,0,0,0,1,0
49,490198,1,1,0,0,0,2,2,35,712,18,11,2011,6,4,35,0,14,6,WASATCH BLVD,,0,40.64495278,-111.801877780,0,1,0,0,1,1,1,0,2,10,0,10,0,0000000,4,35,4,46,5,22,0,0,0,1,0
49,490199,1,1,0,0,0,1,1,21,9997,3,9,2011,7,18,48,0,6,5,ASPEN DR,,0,37.69692222,-112.821947220,0,34,0,0,1,1,5,0,1,1,0,1,0,0000000,18,53,18,55,88,88,0,0,0,1,0
49,490200,4,4,0,1,1,4,4,35,712,1,12,2011,5,17,28,0,15,6,1300 E,,0,40.69185833,-111.854083330,0,8,0,0,1,1,1,0,2,1,0,1,0,0000000,17,28,17,36,88,88,0,0,0,1,0
49,490201,1,1,0,1,1,1,1,49,1860,3,12,2011,7,6,14,1,11,1,I-15,,2618,40.18648333,-111.646413890,0,8,0,1,18,1,1,1,2,4,0,4,0,0000000,6,15,6,33,88,88,19,0,0,1,0
49,490202,1,1,0,0,0,3,3,35,865,3,12,2011,7,16,4,0,13,3,SR-172,SR-173,99998,40.65302778,-112.024608330,0,39,0,0,2,2,5,0,1,1,0,1,0,0000000,16,6,16,11,16,42,0,0,0,2,1
49,490203,2,2,0,1,1,3,3,43,0,10,12,2011,7,17,38,0,2,3,SR-224,CANYONS RESORT DR,99998,40.68770000,-111.544175000,0,8,0,0,3,2,1,0,3,1,0,1,0,0000000,17,42,17,48,18,13,0,0,0,1,0
49,490204,1,1,0,1,1,1,1,35,1924,12,12,2011,2,1,50,0,16,6,2700 W,MIDWEST DR,0,40.66432778,-111.957980560,0,8,0,0,3,2,1,0,3,1,0,1,0,0000000,1,50,1,53,88,88,0,0,0,1,0
49,490205,2,1,1,1,1,1,1,35,1700,20,12,2011,3,12,30,1,11,1,I-215,,231,40.78315000,-111.948991670,0,8,0,0,1,1,2,0,1,10,0,10,0,0000000,12,30,12,37,13,2,0,0,0,1,0
49,490206,1,1,0,0,0,1,1,23,0,16,12,2011,6,10,25,1,1,1,I-15,,2411,39.93618611,-111.811747220,0,35,0,0,1,1,5,0,1,4,0,4,0,0000000,10,26,10,39,99,99,0,0,0,1,0
49,490207,1,1,0,0,0,3,3,49,1840,17,12,2011,7,8,47,1,11,1,I-15,,2545,40.09652778,-111.691305560,0,1,0,0,1,1,1,0,1,1,0,1,0,0000000,8,47,8,58,99,99,0,0,0,1,0
49,490208,1,1,0,0,0,1,1,53,1670,29,12,2011,5,14,45,0,16,5,700 S,,0,37.09625556,-113.576372220,0,38,0,0,1,1,4,0,1,1,0,1,0,0000000,14,45,14,47,99,99,0,0,0,1,0
49,490209,2,2,0,1,1,2,2,49,1500,31,10,2011,2,7,47,1,13,2,US-89,300 E,0,40.35557500,-111.736108330,0,8,0,0,2,2,1,0,2,1,0,1,0,0000000,7,49,8,0,99,99,0,0,0,1,0
49,490210,4,4,0,0,0,4,4,57,1510,30,12,2011,6,23,34,1,11,1,I-15,,3512,41.33395833,-112.033111110,0,12,2,0,1,1,1,0,2,1,0,1,0,0000000,23,36,23,45,0,14,0,0,0,1,1
49,490211,4,4,0,0,0,8,8,35,2100,24,12,2011,7,18,7,1,13,3,SR-209,,99998,40.58775000,-111.914144440,0,12,6,0,1,1,1,0,3,1,0,1,0,0000000,18,7,18,13,19,10,0,0,0,1,1
49,490212,3,3,0,0,0,3,3,35,2100,28,12,2011,4,5,49,1,13,3,SR-209,1300 W,99998,40.58778056,-111.929163890,0,12,6,0,2,2,1,0,3,10,0,10,0,0000000,5,50,5,56,6,4,0,0,0,1,0
49,490213,1,1,0,1,1,2,2,57,2000,31,10,2011,2,21,19,0,6,5,6600 S,,0,41.14737500,-111.954447220,0,8,0,0,1,1,1,0,3,1,0,1,0,0000000,21,19,21,25,99,99,0,0,0,1,0
49,490214,1,1,0,1,1,1,1,35,2100,2,11,2011,4,7,29,0,16,5,5600 W,8200 S,0,40.60266667,-112.024763890,0,8,0,0,3,3,1,0,6,1,0,1,0,0000000,7,29,7,32,88,88,0,0,0,1,0
49,490215,1,1,0,0,0,1,1,3,0,29,12,2011,5,5,54,0,3,3,SR-30,,309,41.59410000,-113.571058330,0,1,0,0,1,1,3,0,2,10,0,10,0,0000000,5,54,6,49,88,88,0,0,0,1,0
49,490216,1,1,0,0,0,2,2,29,1210,14,12,2011,4,21,33,1,1,1,I-84,,1041,41.08436667,-111.731383330,0,35,0,0,1,1,4,0,2,1,0,1,0,0000000,21,37,21,47,88,88,0,0,0,2,1
49,490217,2,2,0,0,0,2,2,35,2100,9,12,2011,6,6,15,0,13,3,SR-111,8200 S,99998,40.60241667,-112.057041670,0,12,1,0,2,2,1,0,3,1,0,1,0,0000000,6,17,6,23,99,99,0,0,0,1,0
49,490218,3,3,0,0,0,8,8,35,1820,28,10,2011,6,23,16,0,13,3,SR-71,SR-171,99998,40.69986389,-111.871313890,0,12,1,0,3,2,1,0,3,1,0,1,0,0000000,23,19,23,22,23,36,0,0,0,1,2
49,490219,2,2,0,0,0,3,3,57,1650,10,11,2011,5,13,19,0,13,3,SR-126,4400 S,99998,41.18352222,-112.025708330,0,12,6,0,2,2,1,0,1,1,0,1,0,0000000,13,21,13,27,99,99,0,0,0,1,0
49,490220,1,1,0,0,0,4,4,37,0,10,12,2011,7,15,25,0,3,2,US-191,,40,37.02583056,-109.601041670,3,1,0,0,1,1,6,0,1,1,0,1,0,0000000,15,25,15,50,17,30,0,0,0,1,0
49,490221,1,1,0,0,0,2,2,47,0,17,11,2011,5,2,37,0,6,6,CHIPETA GROVE RD,,0,40.07970000,-109.635900000,3,1,0,0,1,1,6,0,2,1,0,1,0,0000000,2,37,3,39,4,35,0,0,0,1,0
49,490222,1,1,0,0,0,2,2,17,430,9,6,2011,5,1,30,0,6,6,300 N,,0,37.77495833,-111.600480560,0,5,0,0,1,1,1,0,6,99,0,99,0,0000000,88,88,88,88,88,88,0,0,0,1,1
49,490223,1,1,0,0,0,2,2,11,695,16,9,2011,6,11,7,0,16,8,GUM LN,,0,41.14597500,-112.018144440,2,5,0,0,1,1,1,0,1,99,0,99,0,0000000,11,10,11,21,11,41,0,0,0,1,0
49,490224,2,2,0,0,0,3,3,35,712,31,12,2011,7,11,37,0,14,6,HIGHLAND DR,,0,40.64169722,-111.835094440,0,12,6,0,8,1,1,0,1,1,0,1,0,0000000,11,39,11,44,12,15,0,0,0,1,0
50,500001,4,4,0,0,0,8,8,1,212,15,1,2011,7,23,14,1,2,2,US-7,,59,44.24409722,-73.229855560,0,12,2,0,1,1,1,0,2,4,10,4,1,0000000,23,15,23,33,0,11,0,0,0,1,1
50,500002,2,2,0,0,0,2,2,21,673,18,1,2011,3,9,25,1,2,2,US-7,,7,43.40699444,-72.994533330,0,12,6,0,1,1,1,0,1,4,0,4,0,0000000,9,25,9,43,10,27,0,0,0,1,0
50,500003,2,2,0,0,0,2,2,21,355,1,2,2011,3,12,53,1,2,2,US-4,,24,43.64834444,-72.905122220,0,12,6,0,1,1,1,0,1,4,0,4,0,0000000,12,53,13,3,13,59,0,0,0,1,0
50,500004,1,1,0,0,0,2,2,7,155,1,2,2011,3,15,43,1,11,1,I-89,,950,44.55084444,-73.187605560,0,1,0,0,1,1,3,0,1,4,0,4,0,0000000,15,44,15,58,88,88,0,0,0,1,0
50,500005,2,2,0,0,0,2,2,17,465,9,2,2011,4,18,0,0,3,2,US-302,,54,44.14208889,-72.332580560,0,12,2,0,1,1,1,0,2,1,0,1,0,0000000,18,5,18,18,18,50,0,0,0,1,1
50,500006,2,2,0,0,0,2,2,11,590,12,2,2011,7,22,2,0,4,3,SR-36 LAKE ROAD,TH-5 CHURCH ROAD,18,44.81085556,-73.121997220,0,12,6,0,2,3,1,0,2,10,0,10,0,0000000,22,2,22,4,22,25,0,0,0,1,0
50,500007,1,1,0,0,0,3,3,21,151,18,3,2011,6,0,52,0,5,5,COLD RIVER ROAD,,99999,43.57251111,-72.951438890,0,52,0,0,1,1,4,0,2,1,0,1,0,0000000,0,55,0,59,1,27,0,0,0,2,0
50,500008,2,2,0,0,0,3,3,27,242,6,3,2011,1,12,39,1,2,2,US-4,WATERMAN HILL RD.,25,43.64315278,-72.419544440,0,12,6,0,2,2,1,0,1,2,0,2,0,0000000,12,44,12,52,13,24,0,0,0,1,0
50,500009,1,1,0,0,0,1,1,7,765,7,4,2011,5,17,44,0,15,5,FAU 5510 OAK HILL RD,,25,44.40659167,-73.089816670,0,42,0,0,1,1,4,0,1,1,0,1,0,0000000,17,43,17,51,18,16,0,0,0,1,1
50,500010,1,1,0,0,0,1,1,19,170,12,4,2011,3,9,43,0,3,5,FAS-317 DARLING HILL,,30,44.98778611,-72.163486110,0,42,0,0,1,1,4,0,1,1,0,1,0,0000000,9,36,9,42,9,54,0,0,0,1,0
50,500011,2,2,0,0,0,2,2,13,228,18,4,2011,2,15,59,0,4,3,SR-314 ALLEN RD.,,22,44.70055833,-73.336911110,0,12,8,0,1,1,1,0,1,10,0,10,0,0000000,16,0,16,8,88,88,0,0,0,1,0
50,500012,1,1,0,0,0,1,1,11,612,30,4,2011,7,13,41,0,6,5,TH-3 KANE RD.,,99999,44.90150833,-72.907969440,0,34,0,0,1,1,4,0,1,1,0,1,0,0000000,13,27,13,35,14,3,0,0,0,1,0
50,500013,1,1,0,0,0,1,1,25,232,1,5,2011,1,22,30,0,4,2,US-5,,31,42.77413611,-72.566591670,0,42,0,0,1,1,4,0,2,1,0,1,0,0000000,22,34,22,41,23,12,0,0,0,1,1
50,500014,1,1,0,0,0,1,1,7,155,12,5,2011,5,17,53,0,15,5,FAU-5610 EAST RD.,,14,44.56084722,-73.133186110,0,1,0,0,1,1,4,0,1,1,0,1,0,0000000,17,53,18,2,18,22,0,0,0,1,1
50,500015,1,1,0,0,0,1,1,19,254,22,5,2011,1,6,45,0,4,3,SR-58,,61,44.80636667,-72.223616670,0,30,0,0,1,1,4,0,1,10,0,10,0,0000000,6,45,6,55,88,88,0,0,0,1,0
50,500016,2,2,0,0,0,2,2,5,600,1,6,2011,4,7,5,0,14,2,US-5 MEMORIAL DR.,,65,44.48263611,-72.013075000,0,12,6,0,1,1,1,0,1,2,0,2,0,0000000,7,10,7,15,7,30,0,0,0,1,0
50,500017,1,1,0,0,0,3,3,3,70,22,6,2011,4,0,11,0,16,5,TH-10 OVERLEA RD.,,99999,42.92991389,-73.211627780,0,42,0,0,1,1,4,0,2,10,0,10,0,0000000,0,12,0,23,88,88,0,0,0,3,1
50,500018,1,1,0,0,0,1,1,11,218,28,6,2011,3,5,7,0,3,5,MINC-0762 SKUNK HILL,,99999,44.69794444,-73.106588890,0,52,0,0,1,1,4,0,2,1,0,1,0,0000000,5,11,5,17,88,88,0,0,0,1,1
50,500019,2,2,0,0,0,2,2,7,199,6,7,2011,4,15,12,0,15,5,FAU-5410 (SUSIE WIL),,10,44.51495278,-73.127447220,0,12,2,0,1,1,1,0,1,2,0,2,0,0000000,15,11,15,21,15,55,0,0,0,1,0
50,500020,1,1,0,1,1,1,1,7,120,9,7,2011,7,18,37,0,14,5,FAU 5017 FLYNN AVE,FAU 5040 PINE ST.,0,44.45542778,-73.214197220,0,15,0,0,2,2,1,0,1,1,0,1,0,0000000,18,48,18,52,19,9,0,0,0,1,0
50,500021,2,2,0,0,0,5,5,27,780,17,7,2011,1,19,30,1,1,1,I-91 NB,,548,43.44890000,-72.406986110,0,12,7,0,1,1,1,0,5,1,0,1,0,0000000,19,29,19,29,19,53,0,0,0,1,1
50,500022,1,1,0,1,1,0,0,23,71,29,7,2011,6,4,33,1,1,1,I-89 NB,,478,44.17589722,-72.575391670,0,8,0,0,1,1,2,0,2,1,0,1,0,0000000,4,33,4,49,5,10,0,0,0,1,0
50,500023,1,1,0,0,0,1,1,27,575,5,8,2011,6,12,25,0,4,3,SR-73,,62,43.84811944,-72.852483330,0,32,0,0,1,1,4,0,1,10,0,10,0,0000000,12,33,12,48,88,88,0,0,0,1,0
50,500024,1,1,0,0,0,1,1,19,254,6,8,2011,7,17,45,0,6,5,TH-5 LAKE REGION RD.,,99999,44.80502500,-72.231422220,0,1,0,0,1,1,4,0,1,10,0,10,0,0000000,18,0,18,7,18,25,0,0,0,1,1
50,500025,1,1,0,0,0,1,1,3,614,7,8,2011,1,19,27,0,6,5,TH-7 CROSS HILL RD.,WHITE CREEK RD/NY 68,99999,42.96343056,-73.272930560,0,1,0,0,2,4,4,0,5,10,0,10,0,0000000,19,26,19,38,88,88,0,0,0,1,1
50,500026,2,2,0,0,0,2,2,23,350,9,8,2011,3,15,25,1,2,2,US-2,,49,44.33537222,-72.374700000,0,12,2,0,1,1,1,0,1,10,0,10,0,0000000,15,41,16,15,17,4,0,0,0,1,0
50,500027,1,1,0,0,0,1,1,17,540,21,8,2011,1,16,54,0,5,5,MINC 0644 RIDGE RD.,,99999,43.97667778,-72.619069440,0,1,0,0,1,1,4,0,1,10,0,10,0,0000000,16,58,17,10,88,88,0,0,0,1,1
50,500028,1,1,0,0,0,1,1,17,80,21,8,2011,1,17,40,1,1,1,I-91 NB,,987,43.99818611,-72.130747220,0,42,0,0,1,1,4,0,1,10,0,10,0,0000000,17,50,17,57,88,88,0,0,0,1,0
50,500029,1,1,0,0,0,1,1,23,187,26,8,2011,6,20,15,1,13,2,US-2,,17,44.25781389,-72.501686110,0,1,0,0,1,1,4,0,2,1,0,1,0,0000000,22,0,22,5,88,88,0,0,0,1,0
50,500030,1,1,0,1,1,1,1,1,360,10,8,2011,4,15,35,0,14,3,SR-30 MAIN ST.,MERCHANTS ROW,17,44.01385833,-73.168286110,0,8,0,0,2,3,1,0,1,10,0,10,0,0000000,15,33,15,37,15,53,0,0,0,1,0
50,500031,1,1,0,0,0,1,1,19,158,7,9,2011,4,0,25,0,6,5,TH-20 PINE HILL RD.,,99999,44.87367778,-72.179708330,0,34,0,0,1,1,4,0,2,1,0,1,0,0000000,0,38,0,54,88,88,0,0,0,1,1
50,500032,1,1,0,0,0,1,1,23,430,10,9,2011,7,21,57,0,4,3,SR-12,,7,44.10244167,-72.643530560,0,42,0,0,1,1,4,0,2,1,0,1,0,0000000,22,1,22,14,88,88,0,0,0,1,1
50,500033,2,2,0,0,0,2,2,17,80,24,9,2011,7,18,47,0,4,2,US-2,,23,43.99295556,-72.128280560,0,12,8,0,1,1,1,0,2,1,0,1,0,0000000,18,48,18,56,19,40,0,0,0,1,1
50,500035,1,1,0,0,0,8,8,23,430,2,10,2011,1,1,8,0,6,5,TH-53 WINCH HILL RD.,,99999,44.11930278,-72.662766670,0,42,0,0,1,1,4,0,2,2,0,2,0,0000000,1,8,1,22,1,55,0,0,0,1,1
50,500036,1,1,0,1,1,1,1,27,800,3,10,2011,2,8,40,1,2,2,US-4,,59,43.62208611,-72.524769440,0,8,0,0,1,1,1,0,1,2,10,2,0,0000000,8,41,8,43,88,88,0,0,0,1,0
50,500037,1,1,0,0,0,1,1,5,230,3,10,2011,2,20,7,0,4,3,SR-232,,34,44.25309722,-72.267202780,0,17,0,0,1,1,4,0,2,5,0,5,0,0000000,20,9,20,27,88,88,0,0,0,1,1
50,500038,1,1,0,0,0,1,1,15,791,4,10,2011,3,22,28,0,3,3,SR-15,,64,44.53277500,-72.426286110,0,1,0,0,1,1,4,0,2,10,0,10,0,0000000,22,30,22,46,88,88,0,0,0,1,1
50,500039,2,2,0,0,0,3,3,27,608,13,10,2011,5,18,19,0,4,3,SR-14,,58,43.78080833,-72.468780560,0,12,2,0,1,1,1,0,5,2,0,2,0,0000000,18,11,18,18,19,5,0,0,0,1,1
50,500040,1,1,0,0,0,4,4,13,433,16,10,2011,1,12,32,0,3,2,US-2,,4,44.88325833,-73.271950000,0,42,0,0,1,1,4,0,1,10,0,10,0,0000000,12,28,12,39,13,31,0,0,0,1,0
50,500041,1,1,0,0,0,1,1,23,577,20,10,2011,5,22,0,0,4,3,SR-12,,4,44.07843611,-72.650358330,0,42,0,0,1,1,4,0,2,10,0,10,0,0000000,7,2,7,16,88,88,18,0,0,1,1
50,500042,2,2,0,0,0,2,2,27,144,31,10,2011,2,11,6,1,2,3,SR-103,DEPOT ST.,21,43.37648889,-72.635358330,0,12,2,0,2,3,1,0,1,1,0,1,0,0000000,11,9,11,18,88,88,0,0,0,1,0
50,500043,1,1,0,0,0,4,4,21,210,14,11,2011,2,0,37,1,2,2,US-4,,2,43.58775833,-73.290752780,0,21,0,0,1,1,3,0,2,10,0,10,0,0000000,0,36,0,42,1,20,0,0,0,3,0
50,500044,1,1,0,0,0,1,1,27,241,18,11,2011,6,23,40,1,1,1,I-91 SB,,607,43.53023056,-72.397905560,0,1,0,0,1,1,3,0,2,1,0,1,0,0000000,23,39,23,46,0,3,0,0,0,1,1
50,500045,1,1,0,0,0,1,1,17,80,20,11,2011,1,14,14,1,1,1,I-91 NB,,978,43.98599167,-72.133744440,0,23,0,0,1,1,4,0,1,10,0,10,0,0000000,14,20,14,28,15,26,0,0,0,1,0
50,500046,2,2,0,0,0,2,2,7,155,3,12,2011,7,9,50,0,13,2,US-7 ROOSEVELT HIGHWAY,,26,44.53722778,-73.168427780,0,12,2,0,1,1,1,0,1,1,0,1,0,0000000,9,51,10,2,10,18,0,0,0,1,0
50,500047,2,2,0,0,0,4,4,23,385,8,12,2011,5,12,40,0,4,3,SR-100B,,40,44.28412500,-72.734400000,0,12,2,0,1,1,1,0,1,1,0,1,0,0000000,12,44,13,4,13,43,0,0,0,3,0
50,500048,1,1,0,0,0,1,1,11,560,25,12,2011,1,21,54,0,5,5,MINC 0812 (S. RICHFORD RD.),,99999,44.97445278,-72.651002780,0,42,0,0,1,1,4,0,2,4,0,4,0,0000000,21,55,21,59,22,42,0,0,0,1,1
50,500049,2,2,0,0,0,2,2,7,620,16,9,2011,6,15,31,1,13,2,US-2 WILLISTON RD.,,14,44.46520000,-73.163405560,0,12,6,0,8,1,1,0,1,10,0,10,0,0000000,15,31,15,38,16,1,0,0,0,1,0
51,510001,1,1,0,0,0,1,1,3,0,1,1,2011,7,12,9,0,5,4,BLACK CAT RD,,26,37.99946111,-78.338419440,0,42,0,0,1,1,4,0,1,2,1,2,0,0000000,99,99,99,99,88,88,0,0,0,1,1
51,510002,2,1,1,1,1,1,1,95,0,6,1,2011,5,10,13,0,13,2,US-60,,2480,37.20873056,-76.596036110,0,14,0,0,1,1,2,0,1,1,0,1,0,0000000,99,99,99,99,99,99,19,0,0,1,0
51,510003,1,1,0,0,0,1,1,95,0,1,1,2011,7,6,0,1,2,4,IRONBOUND ROAD,,25,37.27388333,-76.747483330,0,35,0,0,1,1,6,0,4,1,0,1,0,0000000,99,99,99,99,88,88,0,0,0,1,1
51,510004,1,1,0,0,0,1,1,800,2390,8,1,2011,7,7,0,0,15,6,COPELAND ROAD,,33,36.69691667,-76.699419440,0,35,0,0,1,1,4,0,4,1,0,1,0,0000000,99,99,99,99,88,88,0,0,0,1,0
51,510005,1,1,0,1,1,1,1,760,2060,4,1,2011,3,21,17,0,13,3,SR-161,W BROAD ST,93,37.56254167,-77.470222220,0,8,0,0,2,2,1,0,3,1,0,1,0,0000000,99,99,99,99,99,99,0,0,0,1,0
51,510006,1,1,0,0,0,1,1,125,0,3,1,2011,2,0,30,0,4,3,SR-56,,370,37.88840000,-78.879900000,0,42,0,0,1,1,4,0,2,1,0,1,0,0000000,99,99,99,99,88,88,0,0,0,1,1
51,510007,1,1,0,0,0,1,1,61,0,10,1,2011,2,22,1,0,4,4,RILEY RD,,180,38.76079444,-77.697480560,0,34,0,0,1,1,4,0,2,1,0,1,0,0000000,99,99,99,99,88,88,0,0,0,1,1
51,510008,1,1,0,0,0,2,2,15,0,11,1,2011,3,21,5,0,3,3,SR-42,,2013,38.22550556,-79.170741670,0,42,0,0,1,1,4,0,2,4,0,4,0,0000000,99,99,99,99,99,99,0,0,0,1,1
51,510009,1,1,0,0,0,2,2,105,0,11,1,2011,3,8,42,0,3,2,US-58,,430,36.71466944,-82.823008330,0,35,0,0,1,1,4,0,1,4,0,4,0,0000000,11,3,11,6,12,7,0,0,0,1,0
51,510010,1,1,0,0,0,1,1,51,0,14,1,2011,6,0,15,0,3,3,SR-40,,1651,37.11844167,-82.401666670,0,18,0,0,1,1,4,0,2,1,0,1,0,0000000,99,99,99,99,88,88,0,0,0,1,1
51,510011,1,1,0,0,0,4,4,3,0,14,1,2011,6,15,45,1,2,2,US-29,,1194,37.88223889,-78.713694440,0,35,0,0,1,1,3,0,1,1,0,1,0,0000000,15,46,16,32,17,1,0,0,0,1,0
51,510012,2,2,0,0,0,2,2,23,0,14,1,2011,6,7,35,1,1,1,I-81,,1529,37.41936667,-79.882913890,0,12,1,0,1,1,1,0,4,1,0,1,0,0000000,99,99,99,99,88,88,0,0,0,1,0
51,510013,1,1,0,0,0,1,1,139,0,16,1,2011,1,11,0,0,99,3,SR-684,,99999,38.71190278,-78.486672220,0,42,0,0,1,1,4,0,1,1,0,1,0,0000000,99,99,99,99,88,88,0,0,0,1,0
51,510014,1,1,0,0,0,3,3,177,0,18,1,2011,3,0,8,0,4,4,SHEPARDS RD,,20,38.07603889,-77.639725000,0,42,0,0,1,1,4,0,2,3,0,3,0,0000000,99,99,99,99,99,99,0,0,0,1,1
51,510015,1,1,0,0,0,1,1,73,0,19,1,2011,4,20,0,0,5,4,BURKES POND RD,,21,37.49134167,-76.465272220,0,53,0,0,1,1,4,0,2,1,0,1,0,0000000,20,6,20,17,21,3,0,0,0,1,1
51,510016,1,1,0,1,1,1,1,15,0,3,1,2011,2,11,0,0,3,2,US-340,,297,38.02273889,-79.137697220,0,8,0,0,1,1,1,1,1,1,0,1,0,0000000,99,99,99,99,99,99,0,0,0,1,0