STATE,ST_CASE,VE_TOTAL,VE_FORMS,PVH_INVL,PEDS,PERNOTMVIT,PERMVIT,PERSONS,COUNTY,CITY,DAY,MONTH,YEAR,DAY_WEEK,HOUR,MINUTE,NHS,ROAD_FNC,ROUTE,TWAY_ID,TWAY_ID2,MILEPT,LATITUDE,LONGITUD,SP_JUR,HARM_EV,MAN_COLL,RELJCT1,RELJCT2,TYP_INT,REL_ROAD,WRK_ZONE,LGT_COND,WEATHER1,WEATHER2,WEATHER,SCH_BUS,RAIL,NOT_HOUR,NOT_MIN,ARR_HOUR,ARR_MIN,HOSP_HR,HOSP_MN,CF1,CF2,CF3,FATALS,DRUNK_DR
51,510017,2,2,0,0,0,2,2,7,0,21,1,2011,6,8,29,1,2,2,US-360,RT-656,1044,37.33031111,-78.019322220,0,12,6,0,3,2,1,0,1,1,0,1,0,0000000,8,33,8,38,88,88,0,0,0,1,0
51,510018,1,1,0,0,0,1,1,61,0,10,1,2011,2,22,32,1,2,2,US-211,,527,38.69562500,-77.891350000,0,24,0,0,1,1,3,0,2,1,0,1,0,0000000,99,99,99,99,99,99,0,0,0,1,1
51,510019,1,1,0,0,0,2,2,760,2060,23,1,2011,1,2,10,1,11,1,I-95 NORTH,,709,37.53137500,-77.430611110,0,25,0,1,18,1,3,0,2,1,0,1,0,0000000,99,99,99,99,88,88,0,0,0,2,1
51,510020,1,1,0,1,1,1,1,59,0,1,1,2011,7,2,14,1,13,2,US-1,,1868,38.73654444,-77.094013890,0,8,0,0,1,1,1,0,3,2,0,2,0,0000000,99,99,99,99,99,99,0,0,0,1,0
51,510021,1,1,0,0,0,2,2,3,0,23,1,2011,1,2,4,1,2,4,MARKWOOD RD,,12,38.21599722,-78.546666670,0,42,0,0,1,1,4,0,2,1,0,1,0,0000000,99,99,99,99,99,99,0,0,0,1,1
51,510022,3,3,0,0,0,6,6,161,0,17,1,2011,2,19,47,1,11,1,I-81 SOUTH,,1377,37.29356944,-80.100088890,0,52,0,0,1,1,3,0,2,1,0,1,0,0000000,20,7,20,20,21,3,0,0,0,2,0
51,510023,1,1,0,0,0,1,1,155,0,20,1,2011,5,16,55,0,4,3,SR-100,,173,36.97865278,-80.780788890,0,38,0,0,1,1,4,0,1,1,0,1,0,0000000,99,99,99,99,88,88,0,0,0,1,0
51,510024,1,1,0,0,0,1,1,73,0,27,1,2011,5,6,7,1,2,4,RTE 628,,3,37.36142500,-76.519447220,0,34,0,0,1,1,4,0,2,2,0,2,0,0000000,6,8,6,18,88,88,0,0,0,1,0
51,510025,2,2,0,0,0,3,3,135,0,27,1,2011,5,16,35,1,2,2,US- 460,RT-723,2697,37.18982500,-78.183230560,0,12,6,0,2,2,1,0,1,1,0,1,0,0000000,99,99,99,99,99,99,0,0,0,1,0
51,510026,1,1,0,1,1,1,1,133,0,28,1,2011,6,7,47,0,4,3,SR-360,,173,37.86225000,-76.299275000,0,8,0,0,1,1,1,0,1,5,0,5,0,0000000,99,99,99,99,88,88,0,0,0,1,0
51,510027,1,1,0,0,0,1,1,59,0,29,1,2011,7,6,9,0,14,4,RT-7900,,2,38.75822500,-77.219608330,0,48,0,0,1,1,4,0,2,1,0,1,0,0000000,99,99,99,99,88,88,0,0,0,1,1
51,510028,2,2,0,0,0,2,2,83,0,19,1,2011,4,9,46,0,4,3,SR-57,,830,36.82879722,-79.028691670,0,12,8,0,1,1,1,0,1,1,0,1,0,0000000,9,47,10,5,88,88,0,0,0,1,0
51,510029,2,2,0,0,0,3,3,197,0,28,1,2011,6,16,56,1,1,1,I-81,,616,36.91648056,-81.275052780,0,12,6,1,7,1,1,0,1,1,0,1,0,0000000,99,99,99,99,99,99,0,0,0,1,0
51,510030,1,1,0,0,0,1,1,173,0,18,1,2011,3,22,5,0,6,4,DEANS BRANCH ROAD,,8,36.76460556,-81.557886110,0,42,0,0,1,1,4,0,2,2,0,2,0,0000000,99,99,99,99,99,99,0,0,0,1,1
51,510031,2,2,0,0,0,4,4,177,0,30,1,2011,1,11,34,1,1,1,I-95,,1208,38.13594167,-77.509788890,0,12,6,1,18,1,1,0,1,1,0,1,0,0000000,99,99,99,99,99,99,0,0,0,1,0
51,510032,1,1,0,0,0,1,1,105,0,30,1,2011,1,14,4,0,4,4,RT-628,RT-606,434,36.80518889,-83.007219440,0,58,0,0,3,3,4,0,1,1,0,1,0,0000000,14,8,14,25,15,46,0,0,0,1,0
51,510033,2,2,0,0,0,2,2,87,0,31,1,2011,2,3,16,0,14,4,OAKLEYS LANE,,363,37.52265833,-77.343725000,0,12,2,0,1,1,1,0,2,1,0,1,0,0000000,3,17,3,22,4,1,0,0,0,1,2
51,510034,1,1,0,0,0,1,1,83,0,31,1,2011,2,18,55,0,4,4,RT-711,,9,36.57542222,-79.023113890,0,1,0,0,1,1,4,0,2,1,0,1,0,0000000,99,99,99,99,88,88,0,0,0,1,1
51,510035,2,2,0,1,1,2,2,149,0,29,1,2011,7,3,49,1,11,1,I-295,,486,37.19382778,-77.325125000,0,12,6,1,18,1,1,0,2,5,0,5,0,0000000,99,99,99,99,99,99,23,0,0,1,0
51,510036,2,2,0,0,0,2,2,67,0,31,1,2011,2,19,0,1,2,2,US-220,,330,36.91201944,-79.865969440,0,12,2,0,1,1,1,0,2,1,0,1,0,0000000,99,99,99,99,88,88,0,0,0,2,0
51,510037,1,1,0,0,0,1,1,69,0,6,1,2011,5,13,15,0,4,4,CEDAR CREEK GRADE,,102,39.15921667,-78.208666670,0,31,0,0,1,1,4,0,1,1,0,1,0,0000000,99,99,99,99,99,99,0,0,0,1,0
51,510039,1,1,0,0,0,1,1,550,468,22,1,2011,7,1,30,0,15,6,INDIAN CREEK RD,,43,36.61194722,-76.206530560,0,53,0,0,1,1,4,0,2,1,0,1,0,0000000,99,99,99,99,88,88,0,0,0,1,1
51,510040,1,1,0,1,1,1,1,740,1970,4,1,2011,3,14,59,0,14,3,SR-239,,21,36.79615833,-76.338758330,0,8,0,0,1,1,1,0,1,1,0,1,0,0000000,99,99,99,99,88,88,0,0,0,1,0
51,510041,1,1,0,0,0,2,2,73,0,31,1,2011,2,23,12,1,2,2,US-17,,763,37.34853056,-76.524838890,0,34,0,0,1,1,4,0,2,1,0,1,0,0000000,99,99,99,99,99,99,0,0,0,1,1
51,510042,1,1,0,0,0,6,6,179,0,29,1,2011,7,22,20,1,11,7,I-95,,1467,38.51996667,-77.373575000,0,1,0,1,18,1,2,0,2,1,0,1,0,0000000,99,99,99,99,99,99,0,0,0,1,1
51,510043,1,1,0,0,0,2,2,165,0,3,2,2011,5,15,52,9,99,9,BROAD ST,NORTH LIBERTY ST,99999,38.38263611,-78.975305560,0,33,0,0,2,2,4,0,1,1,0,1,0,0000000,15,52,15,54,16,53,0,0,0,2,0
51,510044,1,1,0,0,0,2,2,159,0,5,2,2011,7,1,10,1,2,2,US- 360,,190,37.95935833,-76.771088890,0,42,0,0,1,1,4,0,2,1,0,1,0,0000000,99,99,99,99,99,99,0,0,0,1,1
51,510045,2,2,0,0,0,3,3,550,468,7,2,2011,2,16,42,0,14,3,SR-337,CAPRI CIRCLE,149,36.82247778,-76.418366670,0,12,6,1,2,2,1,0,5,1,0,1,0,0000000,99,99,99,99,99,99,0,0,0,1,0
51,510046,1,1,0,0,0,2,2,183,0,10,2,2011,5,7,55,1,1,1,I-95,,262,36.87172500,-77.407608330,0,42,0,1,18,1,4,0,1,1,0,1,0,0000000,99,99,99,99,99,99,0,0,0,1,0
51,510047,2,2,0,0,0,2,2,7,0,9,2,2011,4,10,14,0,4,3,SR-153,RT-615,92,37.25404167,-77.875991670,0,12,6,0,2,2,1,0,1,1,0,1,0,0000000,10,17,10,35,99,99,0,0,0,1,0
51,510048,2,2,0,0,0,2,2,89,0,10,2,2011,5,8,0,0,4,4,RT-606,,81,36.67901944,-79.421883330,0,12,8,0,1,1,1,0,1,1,0,1,0,0000000,99,99,99,99,88,88,0,0,0,1,0
51,510049,2,2,0,0,0,5,5,89,0,11,2,2011,6,7,35,0,14,3,SR-57,,265,36.70228333,-79.808636110,0,12,2,0,1,1,1,0,4,1,0,1,0,0000000,7,37,7,50,10,4,0,0,0,1,1
51,510050,2,2,0,0,0,2,2,59,0,4,2,2011,6,10,48,1,13,4,RT-7100,,110,38.84502778,-77.375508330,0,12,6,1,18,1,1,0,1,1,0,1,0,0000000,99,99,99,99,99,99,0,0,0,1,0
51,510051,1,1,0,0,0,2,2,199,0,12,2,2011,7,8,58,1,13,2,US-17 SOUTH,,650,37.19922778,-76.495227780,0,34,0,0,1,1,4,0,1,1,0,1,0,0000000,99,99,99,99,99,99,0,0,0,1,1
51,510052,1,1,0,0,0,3,3,67,0,12,2,2011,7,3,15,1,2,2,US-220,GLADE HILL RD,304,36.82818056,-79.922361110,0,32,0,0,2,3,4,0,2,1,0,1,0,0000000,99,99,99,99,99,99,0,0,0,2,0
51,510053,1,1,0,0,0,1,1,143,0,13,2,2011,1,8,20,0,4,4,RICEVILLE RD,,212,36.92323889,-79.186250000,0,42,0,0,1,1,4,0,1,1,0,1,0,0000000,99,99,99,99,88,88,0,0,0,1,0
51,510054,1,1,0,0,0,1,1,33,0,11,2,2011,6,14,5,0,6,4,MEADOW FARM RD,,5,37.83344722,-77.389755560,0,1,0,0,1,1,4,0,1,1,0,1,0,0000000,99,99,99,99,88,88,0,0,0,1,1
51,510055,3,3,0,0,0,3,3,650,1180,8,2,2011,3,8,10,0,15,6,SAUNDERS ROAD,,1,37.08965833,-76.434675000,0,12,2,0,1,1,1,0,1,1,0,1,0,0000000,99,99,99,99,99,99,0,0,0,1,0
51,510056,1,1,0,0,0,1,1,199,0,13,2,2011,1,21,44,1,2,4,HUMELSINE PKWY,,41,37.27241389,-76.637363890,0,42,0,0,1,1,4,0,2,1,0,1,0,0000000,99,99,99,99,99,99,0,0,0,1,0
51,510057,1,1,0,0,0,4,4,550,468,15,2,2011,3,0,41,0,13,2,US-58,NORTHRIDGE DR,4989,36.84742778,-76.161111110,0,33,0,0,2,3,4,0,3,1,0,1,0,0000000,99,99,99,99,99,99,0,0,0,1,1
51,510058,3,3,0,0,0,3,3,515,130,10,2,2011,5,19,0,0,13,3,SR-122,,362,37.33304167,-79.498786110,0,12,2,1,18,1,1,0,3,1,0,1,0,0000000,99,99,99,99,99,99,0,0,0,1,0
51,510059,1,1,0,0,0,1,1,153,0,12,2,2011,7,2,45,0,6,4,RIVER HERITAGE BLVD,,9,38.58388889,-77.308908330,0,33,0,0,1,1,3,0,2,1,0,1,0,0000000,99,99,99,99,88,88,0,0,0,1,1
51,510060,3,3,0,0,0,6,6,720,1810,15,2,2011,3,12,35,1,13,2,US-58,HAWTHORNE DR,386,36.94178611,-82.601044440,0,12,6,0,2,2,1,0,1,1,0,1,0,0000000,99,99,99,99,99,99,0,0,0,1,0
51,510061,3,3,0,1,1,3,3,107,0,20,2,2011,1,0,43,1,13,3,SR-7,JANELIA FARM BLVD,433,39.07161111,-77.481636110,0,8,0,0,2,2,1,0,2,1,0,1,0,0000000,99,99,99,99,88,88,0,0,0,1,0
51,510062,1,1,0,0,0,2,2,143,0,19,2,2011,7,23,15,0,6,4,ROARK MILL RD,,66,37.05470833,-79.299508330,0,1,0,0,1,1,4,0,2,1,0,1,0,0000000,99,99,99,99,99,99,0,0,0,1,0
51,510063,1,1,0,0,0,1,1,105,0,20,2,2011,1,3,0,0,6,4,RT-661,,5,36.60273889,-83.319472220,0,35,0,0,1,1,4,0,2,1,0,1,0,0000000,99,99,99,99,99,99,0,0,0,1,1
51,510064,1,1,0,0,0,1,1,121,0,19,2,2011,7,4,15,0,6,4,MCCOY ROAD,,10,37.21693333,-80.598791670,0,35,0,0,1,1,4,0,2,1,0,1,0,0000000,99,99,99,99,99,99,0,0,0,1,1
51,510065,1,1,0,0,0,1,1,43,0,21,2,2011,2,21,56,1,2,3,SR-7,,99999,39.17665000,-78.058205560,0,30,0,0,1,1,4,0,2,3,0,3,0,0000000,99,99,99,99,99,99,0,0,0,1,0
51,510066,2,2,0,0,0,2,2,15,0,21,2,2011,2,22,0,0,3,2,US-340,RT-608,71,38.03457222,-79.034958330,0,12,6,0,2,3,1,0,2,2,0,2,0,0000000,22,25,22,36,23,5,0,0,0,1,1
51,510067,1,1,0,0,0,1,1,193,0,23,2,2011,4,4,10,0,3,3,SR-3,,638,38.18325000,-77.013602780,0,42,0,0,1,1,4,0,2,1,0,1,0,0000000,99,99,99,99,88,88,0,0,0,1,1
51,510068,1,1,0,0,0,1,1,83,0,22,2,2011,3,19,15,1,2,2,US-360,,366,36.78206667,-78.860894440,0,42,0,0,1,1,4,0,2,1,0,1,0,0000000,99,99,99,99,99,99,0,0,0,1,0
51,510069,1,1,0,0,0,2,2,550,468,21,2,2011,2,17,15,0,15,6,BALLAHACK RD,,115,36.71734167,-76.239405560,0,32,0,0,1,1,4,0,1,1,0,1,0,0000000,99,99,99,99,99,99,0,0,0,1,0
51,510070,2,2,0,0,0,2,2,59,0,9,2,2011,4,21,0,0,3,2,US-123,HENDERSON RD,66,38.75308056,-77.301522220,0,12,6,0,2,3,1,0,2,4,0,4,0,0000000,99,99,99,99,99,99,0,0,0,1,0
51,510071,1,1,0,1,1,1,1,700,1720,14,2,2011,2,18,44,1,13,3,SR-143,,111,37.01831667,-76.444072220,0,8,0,1,18,1,1,0,3,1,0,1,0,0000000,99,99,99,99,99,99,0,0,0,1,0
51,510072,1,1,0,0,0,1,1,760,2060,21,2,2011,2,1,7,0,14,3,SR-3,,13,37.51598889,-77.524508330,0,42,0,0,1,1,3,0,3,1,0,1,0,0000000,99,99,99,99,99,99,0,0,0,1,0
51,510073,1,1,0,0,0,1,1,117,0,25,2,2011,6,21,45,0,6,4,RT-638,,18,36.75774444,-78.057550000,0,42,0,0,1,1,4,0,2,1,0,1,0,0000000,99,99,99,99,88,88,0,0,0,1,1
51,510074,1,1,0,1,1,1,1,139,0,25,2,2011,6,23,0,0,4,2,US- 340 BUSINESS,,20,38.64744444,-78.531130560,0,8,0,0,1,1,1,0,2,1,0,1,0,0000000,99,99,99,99,99,99,0,0,0,1,0
51,510075,1,1,0,0,0,3,3,103,0,25,2,2011,6,21,23,0,4,3,SR-1,,71,37.79181111,-76.481838890,0,42,0,0,1,1,4,0,2,1,0,1,0,0000000,99,99,99,99,99,99,0,0,0,2,1
51,510076,1,1,0,0,0,1,1,199,0,27,2,2011,1,0,15,1,13,3,SR-134,,17,37.10896389,-76.438666670,0,42,0,0,1,1,3,0,2,1,0,1,0,0000000,99,99,99,99,88,88,0,0,0,1,1
51,510077,1,1,0,1,1,1,1,177,0,25,2,2011,6,16,57,0,16,4,COBBLESTONE DR,,0,38.24853333,-77.567097220,0,8,0,0,1,1,1,0,1,1,0,1,0,0000000,99,99,99,99,99,99,0,0,0,1,0
51,510078,1,1,0,0,0,2,2,59,0,15,2,2011,3,2,11,0,14,4,FRANCONIA RD,,94,38.78526667,-77.124366670,0,30,0,0,1,1,4,0,3,1,0,1,0,0000000,99,99,99,99,99,99,0,0,0,1,1
51,510079,2,2,0,0,0,2,2,161,0,21,2,2011,2,17,8,1,13,3,SR-134,BROOKWOOD DR,34,37.23747500,-80.025527780,0,12,6,0,2,3,1,0,1,1,0,1,0,0000000,99,99,99,99,99,99,0,0,0,1,0
51,510080,2,2,0,0,0,2,2,161,0,27,2,2011,1,12,38,0,15,4,SUGAR LOAF MTN ROAD,GRANDIN RD,54,37.24485000,-80.014108330,0,12,6,0,2,2,1,0,1,1,0,1,0,0000000,99,99,99,99,88,88,0,0,0,1,0
51,510081,2,2,0,0,0,2,2,61,0,19,2,2011,7,1,55,1,1,1,I-66,,302,38.85725833,-77.818263890,0,12,1,0,1,1,1,0,2,1,0,1,0,0000000,99,99,99,99,99,99,0,0,0,1,0
51,510082,1,1,0,0,0,2,2,25,0,25,2,2011,6,6,45,1,1,1,I-85,,317,36.98911667,-77.724236110,0,42,0,1,18,1,4,0,2,2,0,2,0,0000000,99,99,99,99,99,99,0,0,0,1,0
51,510083,1,1,0,1,1,1,1,95,0,23,2,2011,4,2,31,1,12,3,SR-199,,77,37.25763889,-76.736450000,0,9,0,0,1,1,1,0,2,1,0,1,0,0000000,99,99,99,99,88,88,0,0,0,1,0
51,510085,2,2,0,0,0,3,3,550,468,11,2,2011,6,14,27,0,14,3,SR-165,ROUNTREE RD,40,36.74678889,-76.283880560,0,12,2,0,2,2,1,0,1,1,0,1,0,0000000,14,27,14,33,15,17,0,0,0,1,0
51,510086,2,2,0,0,0,3,3,165,0,12,2,2011,7,20,30,0,14,4,RT-259,,27,38.55514722,-78.913763890,0,12,2,0,1,1,1,0,2,1,0,1,0,0000000,20,42,20,54,21,14,0,0,0,1,0
51,510087,1,1,0,0,0,1,1,5,0,4,3,2011,6,0,1,9,99,9,RT-269,,99999,37.79503333,-79.709758330,0,42,0,0,1,1,4,0,2,1,0,1,0,0000000,99,99,99,99,88,88,0,0,0,1,1
51,510088,4,4,0,0,0,4,4,3,0,1,3,2011,3,8,20,1,1,1,I-64,,1043,38.01963056,-78.434444440,0,12,7,1,18,1,1,0,1,1,0,1,0,0000000,99,99,99,99,88,88,0,0,0,1,0
51,510089,1,1,0,0,0,1,1,87,0,2,3,2011,4,4,20,9,99,4,GLENSIDE DR,WALFORD AVE,5,37.60206944,-77.528258330,0,59,0,0,2,3,4,0,2,1,0,1,0,0000000,99,99,99,99,88,88,0,0,0,1,1
51,510090,1,1,0,0,0,3,3,41,0,2,3,2011,4,17,39,1,12,3,SR-288,,136,37.25430000,-77.378000000,0,35,0,1,18,1,3,0,1,1,0,1,0,0000000,99,99,99,99,99,99,0,0,0,1,0
51,510091,1,1,0,0,0,1,1,650,1180,2,3,2011,4,22,59,1,13,3,SR-134,,56,37.07894167,-76.395836110,0,34,0,0,1,1,4,0,2,1,0,1,0,0000000,99,99,99,99,99,99,0,0,0,1,0
51,510092,3,3,0,0,0,3,3,59,0,2,3,2011,4,12,22,0,14,4,OLD DOMINION DR,BELLVIEW ROAD,27,38.96101111,-77.240152780,0,12,6,1,2,2,1,0,1,1,0,1,0,0000000,12,36,12,47,13,9,0,0,0,1,0
51,510093,1,1,0,0,0,1,1,41,0,5,3,2011,7,4,1,0,13,3,SR-10,BUCKINGHAM RD,145,37.35183889,-77.453027780,0,42,0,0,1,1,4,0,2,1,0,1,0,0000000,99,99,99,99,88,88,0,0,0,1,1
51,510094,2,2,0,1,1,2,2,41,0,4,3,2011,6,18,52,0,14,4,ROBIOUS RD,,3,37.51997222,-77.605325000,0,8,0,0,1,1,1,0,2,1,0,1,0,0000000,99,99,99,99,88,88,0,0,0,1,0
51,510095,1,1,0,0,0,2,2,51,0,5,3,2011,7,18,30,0,4,3,SR-631,,32,37.11080278,-82.282383330,0,1,0,0,1,1,4,0,2,2,0,2,0,0000000,99,99,99,99,99,99,0,0,0,1,1
51,510096,1,1,0,0,0,1,1,197,0,7,3,2011,2,15,0,1,1,1,I-77 NORTH,,323,36.94598056,-80.918597220,0,52,0,1,5,1,8,0,1,1,0,1,0,0000000,99,99,99,99,88,88,0,0,0,1,0
51,510097,1,1,0,1,1,1,1,710,1760,7,3,2011,2,18,50,1,11,1,I-264  WEST,,72,36.83553056,-76.288375000,0,8,0,1,17,1,1,0,3,1,0,1,0,0000000,99,99,99,99,99,99,0,0,0,1,0
51,510098,1,1,0,0,0,1,1,35,0,7,3,2011,2,20,5,1,1,1,I-77,,49,36.83044722,-80.852163890,0,18,0,0,1,1,1,0,2,1,0,1,0,0000000,99,99,99,99,88,88,0,0,0,1,0
51,510099,1,1,0,0,0,1,1,177,0,10,3,2011,5,15,35,0,4,3,SR-208,,374,38.15231389,-77.619919440,0,35,0,0,1,1,4,0,1,2,0,2,0,0000000,15,37,15,45,88,88,0,0,0,1,0
51,510100,1,1,0,0,0,1,1,131,0,10,3,2011,5,1,14,1,2,2,US-13,,874,37.31283611,-75.959816670,0,1,0,0,1,1,1,0,2,1,0,1,0,0000000,99,99,99,99,88,88,0,0,0,1,0
51,510101,1,1,0,0,0,1,1,710,1760,3,3,2011,5,2,30,0,14,6,LLEWELLYN AVE,,22,36.88514722,-76.282969440,0,33,0,0,1,1,4,0,3,1,0,1,0,0000000,99,99,99,99,99,99,0,0,0,1,1
51,510102,1,1,0,0,0,1,1,191,0,12,3,2011,7,5,55,0,4,4,RT-613,,59,36.87766389,-81.841536110,0,32,0,0,1,1,4,0,2,1,0,1,0,0000000,10,21,10,45,88,88,0,0,0,1,1
51,510103,1,1,0,0,0,1,1,57,0,11,3,2011,6,20,45,1,2,2,US-17,,1220,37.72483611,-76.720533330,0,24,0,1,18,1,3,0,2,1,0,1,0,0000000,99,99,99,99,88,88,0,0,0,1,0
51,510104,1,1,0,0,0,1,1,141,0,12,3,2011,7,10,25,0,4,4,RT-614,RT-631,57,36.61015278,-80.496655560,0,35,0,0,1,1,4,0,1,1,0,1,0,0000000,99,99,99,99,88,88,0,0,0,1,0
51,510105,1,1,0,0,0,1,1,41,0,8,3,2011,3,9,41,1,13,2,US-360,,1220,37.39855000,-77.709311110,0,42,0,0,1,1,3,0,1,1,0,1,0,0000000,99,99,99,99,99,99,0,0,0,1,1
51,510106,1,1,0,1,1,1,1,810,2540,16,3,2011,4,6,42,0,14,6,PROVIDENCE RD,SKIPWITH RD,19,36.81463333,-76.184286110,0,8,0,0,3,2,1,0,3,2,0,2,0,0000000,99,99,99,99,99,99,0,0,0,1,0
51,510107,1,1,0,0,0,1,1,810,2540,17,3,2011,5,2,25,9,99,4,NIMMO PARKWAY,,99999,36.76026111,-76.002944440,0,34,0,0,1,1,4,0,3,1,0,1,0,0000000,99,99,99,99,88,88,0,0,0,1,1
51,510108,1,1,0,1,1,1,1,87,0,16,3,2011,4,22,2,1,13,4,PARHAM ROAD,,8,37.58298333,-77.569441670,0,8,0,0,1,1,1,0,3,1,0,1,0,0000000,99,99,99,99,88,88,23,0,0,1,0
51,510109,1,1,0,0,0,1,1,163,0,13,3,2011,1,20,16,1,1,1,I-81,,1831,37.68952500,-79.483336110,0,1,0,0,1,1,3,0,1,1,0,1,0,0000000,88,88,88,88,88,88,0,0,0,1,0
51,510110,2,2,0,0,0,2,2,35,0,10,3,2011,5,9,30,0,3,2,US-58,,2098,36.73513611,-80.629369440,0,12,8,0,1,1,1,0,1,2,0,2,0,0000000,9,39,9,48,11,10,0,0,0,1,0
51,510111,3,3,0,0,0,4,4,59,0,14,3,2011,2,17,22,1,13,2,US-1,,1819,38.70911389,-77.193038890,0,12,6,0,1,1,1,0,1,1,0,1,0,0000000,99,99,99,99,99,99,0,0,0,1,1
51,510112,1,1,0,0,0,1,1,35,0,16,3,2011,4,13,33,1,1,1,I-77,,177,36.83742222,-80.855630560,0,35,0,0,1,1,3,0,1,1,0,1,0,0000000,99,99,99,99,99,99,0,0,0,1,0
51,510113,1,1,0,0,0,1,1,161,0,18,3,2011,6,13,0,1,11,1,I-81,,1390,37.29358333,-80.101575000,0,52,0,1,18,1,3,0,1,1,0,1,0,0000000,99,99,99,99,88,88,0,0,0,1,0
51,510114,2,2,0,0,0,3,3,33,0,18,3,2011,6,8,27,0,14,3,SR-2,,95,38.06681944,-77.355111110,0,12,2,0,1,1,1,0,1,1,0,1,0,0000000,99,99,99,99,99,99,0,0,0,1,0
51,510115,1,1,0,0,0,1,1,83,0,18,3,2011,6,23,47,0,4,4,RT-610,,116,36.81581389,-78.590055560,0,1,0,0,1,1,4,0,2,1,0,1,0,0000000,99,99,99,99,88,88,0,0,0,1,1
51,510116,2,2,0,0,0,2,2,19,0,19,3,2011,7,16,30,0,3,3,SR-122,,203,37.17283333,-79.629230560,0,12,2,0,1,1,1,0,1,1,0,1,0,0000000,99,99,99,99,99,99,0,0,0,1,0
51,510117,1,1,0,0,0,3,3,800,2390,6,3,2011,1,1,41,0,16,6,498 GLEN HAVEN DR,,32,36.68493889,-76.778897220,0,32,0,0,1,1,4,0,2,1,0,1,0,0000000,99,99,99,99,99,99,0,0,0,1,1
51,510118,2,2,0,0,0,3,3,41,0,19,3,2011,7,1,16,9,99,3,SR-76,,56,37.48240278,-77.572897220,0,12,2,0,1,1,1,0,2,1,0,1,0,0000000,99,99,99,99,99,99,0,0,0,2,2
51,510119,1,1,0,0,0,2,2,51,0,22,3,2011,3,3,30,0,6,4,RT-712,,3,37.14656667,-82.252491670,0,1,0,0,1,1,4,0,2,1,0,1,0,0000000,99,99,99,99,99,99,0,0,0,1,1
51,510120,1,1,0,0,0,1,1,195,0,3,3,2011,5,22,16,0,15,4,RT-641,,0,37.03596111,-82.515050000,0,1,0,0,1,1,1,0,2,1,0,1,0,0000000,99,99,99,99,99,99,0,0,0,1,1
51,510121,3,3,0,0,0,4,4,161,0,22,3,2011,3,10,20,0,13,3,SR-221,SR-969,870,37.18876667,-80.095011110,0,12,2,0,1,1,1,0,1,1,0,1,0,0000000,99,99,99,99,99,99,0,0,0,2,1
51,510122,2,2,0,0,0,2,2,27,0,21,3,2011,2,16,40,1,13,3,SR-716,,375,37.22159722,-82.144988890,0,12,2,0,1,1,1,0,1,1,0,1,0,0000000,99,99,99,99,99,99,0,0,0,1,0
51,510123,1,1,0,0,0,2,2,89,0,23,3,2011,4,9,20,9,99,9,BARROWS MILL RD,,99999,36.72168611,-79.859877780,0,35,0,0,1,1,4,0,1,1,0,1,0,0000000,9,21,9,37,10,20,0,0,0,1,1
51,510124,2,2,0,0,0,5,5,161,0,21,3,2011,2,9,1,1,2,3,SR-165,,11,37.37602222,-80.150155560,0,12,2,0,1,1,1,0,1,1,0,1,0,0000000,99,99,99,99,99,99,0,0,0,1,0
51,510125,1,1,0,0,0,1,1,105,0,24,3,2011,5,20,39,1,2,2,US-23,,278,36.81067500,-82.789086110,0,59,0,0,1,1,4,0,2,1,0,1,0,0000000,99,99,99,99,88,88,0,0,0,1,1
51,510126,1,1,0,0,0,1,1,177,0,27,3,2011,1,0,30,0,3,4,POST OAK RD,,117,38.16709722,-77.663702780,0,35,0,0,1,1,4,0,2,7,0,7,0,0000000,99,99,99,99,99,99,0,0,0,1,1
51,510127,1,1,0,0,0,1,1,117,0,29,3,2011,3,23,34,0,3,2,US-15,HWY 58 BYPASS,32,36.60836111,-78.566236110,0,35,0,0,3,3,8,0,2,1,0,1,0,0000000,99,99,99,99,88,88,0,0,0,1,0
51,510128,2,2,0,0,0,2,2,15,0,31,3,2011,5,9,1,0,3,2,US-340,,252,38.19360833,-78.838661110,0,12,2,0,1,1,1,0,1,1,0,1,0,0000000,99,99,99,99,99,99,0,0,0,1,0
51,510129,3,3,0,0,0,7,7,59,0,18,3,2011,6,20,23,1,12,3,SR-267,,247,38.93511111,-77.243413890,0,12,1,0,1,1,1,0,2,1,0,1,0,0000000,99,99,99,99,99,99,0,0,0,1,1
51,510130,2,2,0,0,0,3,3,85,0,16,3,2011,4,18,19,1,1,1,I-95 SOUTH,,903,37.73393333,-77.452583330,0,12,6,1,18,1,1,0,1,1,0,1,0,0000000,99,99,99,99,99,99,0,0,0,1,0
51,510131,1,1,0,0,0,1,1,750,2020,7,3,2011,2,22,6,0,14,6,ROCK ROAD,,30,37.12124722,-80.521813890,0,31,0,0,1,1,4,0,2,1,0,1,0,0000000,22,5,22,14,22,35,0,0,0,1,1
51,510132,2,2,0,0,0,3,3,41,0,10,3,2011,5,18,35,0,15,4,NORTH SPRING RUN RD,,0,37.39765833,-77.667425000,0,12,6,0,1,1,1,0,2,2,1,2,0,0000000,99,99,99,99,99,99,0,0,0,1,0
51,510133,1,1,0,0,0,1,1,41,0,1,4,2011,6,2,14,1,11,1,I-95,,676,37.45687222,-77.425461110,0,24,0,1,18,1,4,0,2,2,0,2,0,0000000,99,99,99,99,88,88,0,0,0,1,0