STATE,ST_CASE,VE_TOTAL,VE_FORMS,PVH_INVL,PEDS,PERNOTMVIT,PERMVIT,PERSONS,COUNTY,CITY,DAY,MONTH,YEAR,DAY_WEEK,HOUR,MINUTE,NHS,ROAD_FNC,ROUTE,TWAY_ID,TWAY_ID2,MILEPT,LATITUDE,LONGITUD,SP_JUR,HARM_EV,MAN_COLL,RELJCT1,RELJCT2,TYP_INT,REL_ROAD,WRK_ZONE,LGT_COND,WEATHER1,WEATHER2,WEATHER,SCH_BUS,RAIL,NOT_HOUR,NOT_MIN,ARR_HOUR,ARR_MIN,HOSP_HR,HOSP_MN,CF1,CF2,CF3,FATALS,DRUNK_DR
51,510134,2,2,0,0,0,5,5,141,0,2,4,2011,7,12,50,0,3,2,US-58,,237,36.73063056,-80.468675000,0,12,2,0,1,1,1,0,1,1,0,1,0,0000000,99,99,99,99,99,99,0,0,0,1,0
51,510135,1,1,0,0,0,1,1,3,0,1,4,2011,6,21,18,0,3,2,US-692,,2357,37.92321111,-78.622111110,0,35,0,0,1,1,4,0,2,1,0,1,0,0000000,99,99,99,99,99,99,0,0,0,1,0
51,510136,2,2,0,0,0,3,3,177,0,4,4,2011,2,16,49,0,4,2,US-1,,1352,38.13047500,-77.521627780,0,12,6,0,4,1,1,0,1,1,0,1,0,0000000,99,99,99,99,99,99,0,0,0,1,0
51,510137,1,1,0,0,0,1,1,107,0,4,4,2011,2,20,26,0,4,3,SR-287,,123,39.30271944,-77.630716670,0,35,0,0,1,1,4,0,2,1,0,1,0,0000000,99,99,99,99,88,88,20,0,0,1,1
51,510138,2,2,0,0,0,4,4,1,0,4,4,2011,2,17,3,0,6,4,RT-175,,0,37.93614167,-75.380975000,0,12,2,0,1,1,1,0,1,1,0,1,0,0000000,99,99,99,99,99,99,0,0,0,2,0
51,510139,2,2,0,0,0,2,2,810,2540,7,4,2011,5,9,31,1,13,2,US-60,18TH STREET,3029,36.84595556,-75.976294440,0,12,6,0,2,2,1,0,1,1,0,1,0,0000000,99,99,99,99,99,99,0,0,0,1,0
51,510140,1,1,0,0,0,1,1,161,0,2,4,2011,7,3,24,1,2,4,COUNTRYSIDE DR,,4,37.18691944,-80.107411110,0,53,0,0,1,1,4,0,2,2,0,2,0,0000000,99,99,99,99,99,99,0,0,0,1,1
51,510141,1,1,0,0,0,2,2,127,0,7,4,2011,5,22,43,1,1,1,I-64,,2207,37.48201111,-76.928416670,0,42,0,1,18,1,3,0,2,1,0,1,0,0000000,99,99,99,99,99,99,0,0,0,2,0
51,510142,1,1,0,0,0,1,1,117,0,9,4,2011,7,11,55,0,5,4,RT-615,,46,36.62500000,-78.275900000,0,34,0,0,1,1,4,0,1,1,0,1,0,0000000,99,99,99,99,99,99,0,0,0,1,0
51,510143,1,1,0,0,0,3,3,155,0,13,4,2011,4,1,30,0,6,4,RT-600,,60,37.20415000,-80.611711110,0,42,0,0,1,1,4,0,2,1,0,1,0,0000000,99,99,99,99,99,99,0,0,0,2,1
51,510144,2,2,0,0,0,2,2,165,0,14,4,2011,5,16,5,0,3,3,SR-211,,11,38.64375833,-78.715666670,0,12,6,0,4,1,1,0,1,1,0,1,0,0000000,99,99,99,99,88,88,0,0,0,1,0
51,510145,1,1,0,1,1,1,1,650,1180,14,4,2011,5,23,37,9,99,9,W MERCURY BLVD,SHRECK DR,99999,37.04414722,-76.374463890,0,15,0,0,3,1,1,0,6,1,0,1,0,0000000,99,99,99,99,88,88,0,0,0,1,0
51,510146,1,1,0,0,0,1,1,1,0,17,4,2011,1,0,45,1,2,4,RT-605,,101,37.62211667,-75.707130560,0,42,0,0,1,1,4,0,2,1,0,1,0,0000000,99,99,99,99,88,88,0,0,0,1,1
51,510147,1,1,0,0,0,1,1,810,2540,17,4,2011,1,2,27,0,6,4,PRINCESS ANNE ROAD,,14,36.66140000,-76.031333330,0,1,0,0,1,1,1,0,3,1,0,1,0,0000000,99,99,99,99,99,99,0,0,0,1,1
51,510148,1,1,0,0,0,4,4,710,1760,16,4,2011,7,21,53,1,11,1,I-64,,2788,36.90320000,-76.241427780,0,42,0,1,18,1,4,0,3,1,0,1,0,0000000,99,99,99,99,99,99,0,0,0,4,1
51,510149,1,1,0,0,0,2,2,61,0,17,4,2011,1,19,4,1,2,2,US-211,,553,38.70245833,-77.875727780,0,24,0,0,1,1,4,0,1,1,0,1,0,0000000,99,99,99,99,99,99,0,0,0,1,0
51,510150,2,2,0,0,0,3,3,61,0,17,4,2011,1,12,45,0,6,4,RT-674,,50,38.66907222,-77.772933330,0,12,2,0,1,1,1,0,1,1,0,1,0,0000000,13,52,14,0,14,51,0,0,0,1,0
51,510151,2,2,0,0,0,2,2,153,0,17,4,2011,1,22,9,0,13,3,SR-234,OLYMPIC DR,128,38.70046667,-77.443033330,0,34,0,0,1,1,3,0,2,1,0,1,0,0000000,99,99,99,99,99,99,14,0,0,1,0
51,510152,3,3,0,0,0,3,3,171,0,15,4,2011,6,16,50,1,2,3,SR-55,,64,39.08050833,-78.389861110,0,12,8,0,1,1,1,0,1,1,0,1,0,0000000,99,99,99,99,99,99,0,0,0,1,0
51,510153,1,1,0,0,0,1,1,9,0,18,4,2011,2,18,10,0,6,4,MEADOW HOLLOW RD,,3,37.58764167,-79.242838890,0,35,0,0,1,1,4,0,1,1,0,1,0,0000000,99,99,99,99,88,88,0,0,0,1,1
51,510154,2,2,0,0,0,2,2,700,1720,19,4,2011,3,22,6,1,13,2,US-60,,2485,37.20085000,-76.578536110,0,12,2,0,1,1,1,0,2,1,0,1,0,0000000,99,99,99,99,99,99,0,0,0,1,1
51,510155,1,1,0,0,0,5,5,153,0,20,4,2011,4,0,2,1,2,4,LOGMILL ROAD,,14,38.90131111,-77.636100000,0,11,0,0,1,1,1,0,2,1,0,1,0,0000000,99,99,99,99,99,99,0,0,0,2,0
51,510156,1,1,0,0,0,1,1,83,0,21,4,2011,5,0,44,0,4,4,RT-607,,2,36.80113611,-78.779088890,0,1,0,0,1,1,2,0,2,1,0,1,0,0000000,99,99,99,99,88,88,0,0,0,1,1
51,510157,2,2,0,0,0,3,3,125,0,22,4,2011,6,15,45,0,3,2,US-60,,1037,37.56458333,-78.846902780,0,12,2,0,1,1,1,0,1,2,0,2,0,0000000,99,99,99,99,99,99,0,0,0,1,0
51,510158,1,1,0,0,0,2,2,87,0,22,4,2011,6,11,48,1,11,1,I-295,,309,37.43090833,-77.339458330,0,1,0,1,18,1,3,0,1,1,0,1,0,0000000,99,99,99,99,99,99,0,0,0,1,0
51,510159,2,2,0,0,0,3,3,107,0,23,4,2011,7,14,8,1,2,4,HARPERS FERRY RD,,69,39.31233889,-77.718130560,0,12,1,0,1,1,1,0,1,1,0,1,0,0000000,99,99,99,99,99,99,0,0,0,1,1
51,510160,2,2,0,0,0,11,11,41,0,24,4,2011,1,14,12,0,14,3,SR-145,,19,37.37888889,-77.467883330,0,12,2,0,1,1,1,0,1,1,0,1,0,0000000,99,99,99,99,99,99,0,0,0,1,0
51,510161,3,3,0,0,0,4,4,197,0,25,4,2011,2,11,58,1,1,1,I-77,,257,36.86616389,-80.872077780,0,12,6,1,18,1,1,0,1,1,0,1,0,0000000,99,99,99,99,99,99,0,0,0,1,0
51,510162,2,2,0,0,0,5,5,550,468,21,4,2011,5,1,55,0,13,2,US-13,SPARROW RD,446,36.82092222,-76.226438890,0,12,1,0,2,2,1,0,3,1,0,1,0,0000000,1,55,2,7,2,35,0,0,0,1,1
51,510163,1,1,0,1,1,1,1,59,0,3,4,2011,1,3,5,1,11,1,I-66,,664,38.89617778,-77.173719440,0,8,0,1,18,1,1,0,2,1,0,1,0,0000000,99,99,99,99,88,88,0,0,0,1,0
51,510164,1,1,0,0,0,2,2,195,0,3,4,2011,1,4,35,0,4,4,RT-620,,29,36.98821111,-82.634863890,0,30,0,0,1,1,4,0,2,1,0,1,0,0000000,99,99,99,99,99,99,0,0,0,1,1
51,510165,1,1,0,1,1,1,1,550,468,21,4,2011,5,16,6,9,99,9,CEDAR RD,COUNTRY CLUB BLVD,99999,36.71205556,-76.276938890,0,8,0,0,3,2,1,0,1,1,0,1,0,0000000,99,99,99,99,99,99,0,0,0,1,0
51,510166,1,1,0,1,1,1,1,650,1180,16,4,2011,7,21,37,0,14,3,SR-152,,21,37.04223056,-76.426736110,0,8,0,0,1,1,1,0,2,2,0,2,0,0000000,99,99,99,99,99,99,0,0,0,1,0
51,510167,1,1,0,1,1,1,1,13,0,11,4,2011,2,6,36,0,15,4,1400 N QUINCY ST,I-66,6,38.88859444,-77.108316670,0,8,0,0,1,1,4,0,1,1,0,1,0,0000000,99,99,99,99,99,99,0,0,0,1,0
51,510168,2,2,0,0,0,2,2,820,2610,21,4,2011,5,17,2,1,1,1,I-64,,972,38.04731389,-78.906683330,0,12,1,1,18,1,1,0,1,1,0,1,0,0000000,17,2,17,11,17,35,0,0,0,1,1
51,510169,1,1,0,0,0,1,1,710,1760,28,4,2011,5,3,20,1,11,1,I-64,,2793,36.90133056,-76.236233330,0,25,0,0,1,1,4,0,3,1,0,1,0,0000000,99,99,99,99,88,88,0,0,0,1,1
51,510170,2,2,0,0,0,2,2,191,0,28,4,2011,5,10,40,1,1,1,I-81,,264,36.69622778,-81.992683330,0,12,1,0,1,1,1,0,1,1,0,1,0,0000000,99,99,99,99,88,88,0,0,0,1,0
51,510171,1,1,0,0,0,2,2,185,0,29,4,2011,6,21,40,1,2,2,US-460,,387,37.10502778,-81.865138890,0,34,0,0,1,1,4,0,2,1,0,1,0,0000000,99,99,99,99,99,99,0,0,0,1,1
51,510172,1,1,0,0,0,2,2,195,0,30,4,2011,7,21,25,9,99,9,RT-58A,,413,36.93711111,-82.561266670,0,35,0,0,1,1,3,0,2,1,0,1,0,0000000,99,99,99,99,99,99,0,0,0,1,1
51,510173,1,1,0,0,0,1,1,810,2540,30,4,2011,7,13,29,0,14,6,PRINCESS ANNE RD,,10,36.56507500,-76.007216670,0,1,0,0,1,1,4,0,1,1,0,1,0,0000000,99,99,99,99,99,99,0,0,0,1,0
51,510174,2,2,0,0,0,2,2,87,0,30,4,2011,7,2,45,1,13,1,I-64 EAST,,1936,37.52960278,-77.314911110,0,12,2,1,18,1,1,0,2,1,0,1,0,0000000,99,99,99,99,99,99,0,0,0,1,1
51,510175,3,3,0,0,0,3,3,550,468,29,4,2011,6,0,35,0,14,3,SR-165,,79,36.70906111,-76.117961110,0,12,8,0,1,1,1,0,2,1,0,1,0,0000000,99,99,99,99,99,99,0,0,0,2,1
51,510176,1,1,0,0,0,3,3,19,0,13,4,2011,4,6,55,1,2,2,US-460,,1941,37.30479444,-79.344675000,0,52,0,0,1,1,4,0,1,1,0,1,0,0000000,99,99,99,99,99,99,0,0,0,1,0
51,510177,1,1,0,0,0,1,1,169,0,30,4,2011,7,17,45,9,99,9,RT-613,RT-614,99999,36.65244444,-82.464752780,0,35,0,0,3,3,4,0,1,1,0,1,0,0000000,99,99,99,99,99,99,0,0,0,1,0
51,510178,2,2,0,0,0,2,2,31,0,21,4,2011,5,13,40,9,99,9,RT-29,RT-683,99999,37.31990000,-79.188933330,0,12,1,0,3,2,1,0,1,1,0,1,0,0000000,99,99,99,99,99,99,0,0,0,1,0
51,510179,1,1,0,0,0,1,1,710,1760,1,4,2011,6,18,5,0,14,6,SUBURBAN ARCH,THOLE STREET,7,36.90570556,-76.262369440,0,33,0,0,2,3,4,0,1,1,0,1,0,0000000,99,99,99,99,99,99,0,0,0,1,1
51,510180,1,1,0,0,0,2,2,59,0,24,4,2011,1,1,54,1,13,4,FAIRFAX COUNTY PKWY,,174,38.92096667,-77.396986110,0,34,0,0,1,1,3,0,2,1,0,1,0,0000000,99,99,99,99,99,99,0,0,0,1,1
51,510181,5,5,0,0,0,6,6,59,0,3,4,2011,1,16,12,0,13,3,SR-236,GUINEA RD,41,38.83854167,-77.251358330,0,12,1,0,3,9,1,0,1,1,0,1,0,0000000,99,99,99,99,99,99,0,0,0,1,0
51,510182,1,1,0,0,0,1,1,810,2540,11,4,2011,2,11,28,0,13,2,US-58,N WITCHDUCK LN,3330,36.82271111,-76.153319440,0,33,0,0,3,2,5,0,1,1,0,1,0,0000000,99,99,99,99,99,99,0,0,0,1,0
51,510183,1,1,0,1,1,1,1,510,40,21,1,2011,6,0,9,1,13,3,SR-7,PARK CENTER DR,688,38.83710000,-77.102822220,0,8,0,0,3,3,1,0,3,1,0,1,0,0000000,99,99,99,99,99,99,0,0,0,1,0
51,510184,1,1,0,0,0,1,1,59,0,29,3,2011,3,16,36,1,2,4,LOCKHEED BLVD,HARRISON LANE,8,38.76032222,-77.095655560,0,42,0,0,2,3,4,0,1,1,0,1,0,0000000,99,99,99,99,88,88,0,0,0,1,0
51,510185,1,1,0,0,0,6,6,87,0,1,5,2011,1,12,20,1,11,1,I-295,,215,37.47540278,-77.305297220,0,1,0,1,18,1,3,0,1,1,0,1,0,0000000,99,99,99,99,99,99,0,0,0,1,0
51,510186,1,1,0,0,0,6,6,135,0,1,5,2011,1,11,15,9,99,9,E PATRICK HENRY HWY,,99999,37.20230278,-78.169363890,0,34,0,0,1,1,3,0,1,1,0,1,0,0000000,99,99,99,99,99,99,0,0,0,1,0
51,510187,2,2,0,0,0,2,2,153,0,3,5,2011,3,6,0,1,2,4,ADEN ROAD,,40,38.66363056,-77.550044440,0,12,2,0,1,1,1,0,1,1,0,1,0,0000000,99,99,99,99,99,99,0,0,0,1,0
51,510188,1,1,0,0,0,1,1,147,0,3,5,2011,3,16,45,9,99,2,US-15,,495,37.15234722,-78.439497220,0,42,0,0,1,1,4,0,1,1,0,1,0,0000000,99,99,99,99,99,99,0,0,0,1,0
51,510189,1,1,0,0,0,1,1,135,0,4,5,2011,4,0,10,0,4,4,RT-49,RT-704,4,37.15613333,-78.132155560,0,34,0,0,2,3,4,0,2,1,0,1,0,0000000,99,99,99,99,88,88,0,0,0,1,1
51,510190,1,1,0,0,0,58,58,33,0,31,5,2011,3,4,55,1,1,1,I-95,,1042,37.93350278,-77.468033330,0,57,0,1,18,1,4,0,2,1,0,1,0,0000000,99,99,99,99,99,99,0,0,0,4,0
51,510191,2,2,0,0,0,2,2,167,0,5,5,2011,5,14,40,1,2,2,US-58,,630,36.68191111,-81.879730560,0,12,6,0,8,1,1,0,1,1,0,1,0,0000000,99,99,99,99,99,99,0,0,0,1,0
51,510192,1,1,0,0,0,3,3,15,0,6,5,2011,6,8,0,1,2,3,SR-42,,1966,38.18854444,-79.245758330,0,42,0,0,1,1,4,0,1,1,0,1,0,0000000,8,7,8,20,9,7,0,0,0,1,0
51,510193,1,1,0,0,0,1,1,700,1720,7,5,2011,7,4,8,1,11,1,I-64,,2473,37.21413056,-76.589233330,0,25,0,0,1,1,4,0,2,1,0,1,0,0000000,99,99,99,99,88,88,0,0,0,1,1
51,510194,2,2,0,0,0,2,2,113,0,6,5,2011,6,11,5,1,2,2,US-29,RT-662,1604,38.34690556,-78.285483330,0,12,6,0,2,3,1,0,1,1,0,1,0,0000000,99,99,99,99,99,99,0,0,0,1,0
51,510195,2,2,0,0,0,3,3,179,0,9,5,2011,2,17,35,0,13,2,US-1,,68,38.49630000,-77.377427780,0,52,0,1,18,1,4,0,1,1,0,1,0,0000000,99,99,99,99,99,99,0,0,0,1,1
51,510196,3,3,0,0,0,3,3,137,0,9,5,2011,2,10,40,1,2,3,SR-20,,571,38.18534167,-78.254327780,0,12,2,0,1,1,1,0,1,1,0,1,0,0000000,10,45,11,8,11,35,0,0,0,1,1
51,510197,2,2,0,0,0,2,2,690,1570,9,5,2011,2,22,25,0,14,6,NORTHSIDE DR,,2,36.69793889,-79.870091670,0,12,6,0,1,1,1,0,3,1,0,1,0,0000000,99,99,99,99,99,99,0,0,0,1,1
51,510198,1,1,0,0,0,1,1,167,0,9,5,2011,2,14,25,9,6,3,SR-648,,68,37.01400000,-82.005600000,0,5,0,0,1,1,1,0,1,1,0,1,0,0000000,14,30,15,7,88,88,0,0,0,1,1
51,510199,1,1,0,2,2,1,1,107,0,9,5,2011,2,21,15,9,99,4,FARMWELL RD,ASHBURN VILLAGE BLVD,24,39.02397500,-77.478327780,0,8,0,0,3,2,1,0,2,1,0,1,0,0000000,99,99,99,99,99,99,0,0,0,1,0
51,510200,2,2,0,0,0,3,3,9,0,11,5,2011,4,19,0,0,14,6,ELON ROAD,,2,37.48140000,-79.159111110,0,12,2,0,1,1,1,0,1,1,0,1,0,0000000,99,99,99,99,99,99,0,0,0,1,0
51,510201,1,1,0,0,0,1,1,171,0,12,5,2011,5,12,25,0,3,3,SR-623,,294,38.87125556,-78.630866670,0,34,0,0,1,1,4,0,1,1,0,1,0,0000000,99,99,99,99,99,99,0,0,0,1,0
51,510202,2,2,0,0,0,2,2,59,0,2,5,2011,2,14,43,1,11,1,I-66,,562,38.85685278,-77.374922220,0,12,7,1,18,1,1,0,1,1,0,1,0,0000000,99,99,99,99,88,88,0,0,0,1,0
51,510203,2,2,0,0,0,7,7,760,2060,10,5,2011,3,15,33,0,15,6,SOUTH BELMONT,W BELMONT RD,0,37.46760278,-77.494297220,0,12,6,0,2,3,1,0,1,1,0,1,1,0000000,99,99,99,99,99,99,0,0,0,1,0
51,510204,1,1,0,0,0,1,1,165,0,12,5,2011,5,23,36,0,5,4,SPAR MINE RD,,79,38.62314167,-78.801927780,0,35,0,0,1,1,4,0,2,1,0,1,0,0000000,99,99,99,99,99,99,0,0,0,1,1
51,510205,1,1,0,0,0,1,1,95,0,12,5,2011,5,23,51,0,6,4,CRANSTONS MILL POND,,3,37.34307222,-76.808063890,0,35,0,0,1,1,4,0,2,1,0,1,0,0000000,99,99,99,99,88,88,0,0,0,1,1
51,510206,1,1,0,0,0,1,1,800,2390,14,5,2011,7,4,58,1,13,2,US-660,,62,36.75071389,-76.527930560,0,42,0,1,18,1,4,0,2,2,0,2,0,0000000,99,99,99,99,88,88,0,0,0,1,1
51,510207,2,2,0,0,0,2,2,3,0,13,5,2011,6,21,16,1,2,2,US-20,,534,38.15875556,-78.308786110,0,12,2,0,1,1,1,0,2,2,0,2,0,0000000,99,99,99,99,99,99,0,0,0,1,1
51,510208,1,1,0,0,0,3,3,7,0,15,5,2011,1,1,45,0,16,6,RT-620,,70,37.24938611,-78.115602780,0,1,0,0,1,1,4,0,2,1,0,1,0,0000000,99,99,99,99,99,99,2,0,0,1,0
51,510209,2,2,0,2,2,2,2,87,0,14,5,2011,7,23,50,1,2,2,US-1,ATHENS AVE,637,37.63805833,-77.459536110,0,8,0,0,2,2,1,0,2,2,0,2,0,0000000,99,99,99,99,99,99,0,0,0,1,0
51,510210,2,2,0,0,0,4,4,27,0,11,5,2011,4,12,30,0,14,6,RT-460,KENNEL GAP,16,37.21348056,-82.006716670,0,12,6,0,2,3,1,0,1,1,0,1,0,0000000,12,40,12,46,13,48,0,0,0,1,0
51,510211,1,1,0,0,0,1,1,800,2390,15,5,2011,1,19,43,1,2,6,LONGSTREEN LN,,70,36.65946944,-76.759758330,0,34,0,0,1,1,4,0,1,1,0,1,0,0000000,99,99,99,99,88,88,0,0,0,1,1
51,510212,2,2,0,0,0,2,2,185,0,17,5,2011,3,10,15,1,2,2,US-460,,637,37.15819722,-81.468686110,0,1,0,0,1,1,3,0,1,2,0,2,0,0000000,10,16,10,24,88,88,0,0,0,1,0
51,510213,2,2,0,0,0,2,2,740,1970,5,5,2011,5,14,7,0,4,4,TOWNE OF POINT RD,DUNKIRK STREET,117,36.86781111,-76.400469440,0,12,6,0,2,2,1,0,1,1,0,1,0,0000000,99,99,99,99,99,99,0,0,0,1,0
51,510214,1,1,0,0,0,3,3,85,0,14,5,2011,7,0,10,0,4,4,STUDLEY ROAD,,51,37.67514444,-77.316633330,0,53,0,0,1,1,4,0,2,1,0,1,0,0000000,99,99,99,99,99,99,0,0,0,1,1
51,510215,2,2,0,0,0,2,2,165,0,18,5,2011,4,0,15,0,3,2,US-340,,416,38.50608889,-79.055322220,0,12,8,0,1,1,1,0,2,2,0,2,0,0000000,99,99,99,99,88,88,0,0,0,1,0
51,510216,1,1,0,0,0,1,1,121,0,5,5,2011,5,10,0,1,1,1,I-81,,1303,37.23770833,-80.234441670,0,24,0,1,18,1,4,0,1,1,0,1,0,0000000,99,99,99,99,99,99,0,0,0,1,0
51,510217,1,1,0,0,0,2,2,37,0,21,5,2011,7,2,15,0,6,4,RT-665,,21,37.16890000,-78.709230560,0,42,0,0,1,1,4,0,2,1,0,1,0,0000000,2,24,2,43,4,0,0,0,0,2,1
51,510218,1,1,0,0,0,1,1,3,0,22,5,2011,1,1,35,0,6,4,BURNLEY STATION RD,,35,38.16648333,-78.338269440,0,42,0,0,1,1,4,0,2,1,0,1,0,0000000,99,99,99,99,88,88,0,0,0,1,1
51,510219,1,1,0,0,0,1,1,810,2540,20,5,2011,6,23,52,0,5,4,PRINCESS ANNE RD,,52,36.80547500,-76.134225000,0,42,0,0,1,1,3,0,3,1,0,1,0,0000000,99,99,99,99,88,88,0,0,0,1,0
51,510220,1,1,0,0,0,1,1,29,0,24,5,2011,3,17,15,1,2,4,RT-640,,117,37.51224444,-78.506841670,0,1,0,0,1,1,1,0,1,1,0,1,0,0000000,99,99,99,99,88,88,0,0,0,1,0
51,510221,2,2,0,0,0,2,2,35,0,21,4,2011,5,14,50,1,1,7,I-77 NORTH,,99999,36.66853333,-80.707744440,0,12,2,1,18,1,1,0,1,1,0,1,0,0000000,99,99,99,99,88,88,0,0,0,1,0
51,510222,2,2,0,0,0,2,2,740,1970,17,5,2011,3,10,10,9,99,9,4613 HIGH ST,,99999,36.84954444,-76.375622220,0,12,8,0,1,1,1,0,1,1,0,1,0,0000000,99,99,99,99,99,99,0,0,0,1,0
51,510223,2,2,0,0,0,3,3,195,0,25,5,2011,4,12,35,1,2,2,US-23,RT-671,568,37.11710000,-82.618419440,0,12,6,0,2,2,1,0,1,1,0,1,0,0000000,99,99,99,99,99,99,0,0,0,1,0
51,510224,2,2,0,0,0,2,2,137,0,25,5,2011,4,14,38,1,2,3,SR-20,,703,38.24256111,-78.061508330,0,12,2,0,1,1,1,0,1,1,0,1,0,0000000,99,99,99,99,99,99,0,0,0,1,0
51,510225,2,2,0,0,0,3,3,89,0,24,5,2011,3,15,10,0,4,3,SR-698,,85,36.72325278,-80.033555560,0,12,2,0,1,1,1,0,1,1,0,1,0,0000000,15,11,15,32,16,18,0,0,0,2,0
51,510226,2,2,0,0,0,4,4,85,0,26,5,2011,5,18,58,1,2,2,US-360,,1569,37.66481667,-77.209383330,0,12,7,0,1,1,1,0,1,1,0,1,0,0000000,99,99,99,99,99,99,0,0,0,1,0
51,510227,1,1,0,0,0,1,1,167,0,16,5,2011,2,7,20,9,99,9,RT-19,,99999,36.81409444,-82.123575000,0,24,0,0,1,1,4,0,1,1,0,1,0,0000000,9,15,9,34,11,8,0,0,0,1,0
51,510228,1,1,0,0,0,2,2,81,0,28,5,2011,7,15,16,1,2,4,ALLEN ROAD,,52,36.78816667,-77.546408330,0,34,0,0,1,1,4,0,1,1,0,1,0,0000000,99,99,99,99,88,88,0,0,0,1,0
51,510229,1,1,0,0,0,1,1,153,0,28,5,2011,7,14,53,1,2,4,JOPLIN ROAD,,118,38.53647500,-77.391061110,0,35,0,0,1,1,4,0,1,1,0,1,0,0000000,99,99,99,99,88,88,0,0,0,1,0
51,510230,1,1,0,0,0,1,1,810,2540,27,5,2011,6,12,0,0,15,6,1400 SALEM RD,,138,36.79575556,-76.126822220,0,33,0,0,1,1,4,0,1,1,0,1,0,0000000,99,99,99,99,99,99,0,0,0,1,0
51,510231,1,1,0,0,0,1,1,650,1180,28,5,2011,7,1,55,1,11,1,I-66,,2712,37.01458056,-76.325475000,0,25,0,1,18,1,4,0,2,1,0,1,0,0000000,99,99,99,99,99,99,0,0,0,1,1
51,510232,1,1,0,0,0,1,1,47,0,28,5,2011,7,15,0,0,4,4,STEVENSBURG RD,GREENS CORNER,48,38.47603611,-77.894783330,0,21,0,0,1,1,4,0,1,1,0,1,0,0000000,99,99,99,99,88,88,0,0,0,1,0
51,510233,2,2,0,0,0,3,3,800,2390,28,5,2011,7,15,12,0,14,2,US-58,,25,36.73486944,-76.588633330,0,12,8,0,1,1,1,0,1,1,0,1,0,0000000,15,31,15,47,16,5,0,0,0,1,0
51,510234,2,2,0,0,0,2,2,69,0,31,5,2011,3,16,0,0,3,2,US-50,,8,39.28156667,-78.383847220,0,12,2,0,1,1,1,0,1,1,0,1,0,0000000,99,99,99,99,88,88,0,0,0,1,0
51,510235,1,1,0,0,0,1,1,23,0,26,5,2011,5,9,30,9,99,4,RT-630,,222,37.54794722,-79.751730560,0,1,0,0,1,1,4,0,1,1,0,1,0,0000000,99,99,99,99,99,99,0,0,0,1,0
51,510236,1,1,0,0,0,3,3,93,0,30,5,2011,2,19,10,0,5,4,MAGNET DR,,17,36.99398333,-76.728472220,0,34,0,0,1,1,4,0,1,1,0,1,0,0000000,19,40,20,22,21,0,0,0,0,1,1
51,510237,2,2,0,0,0,3,3,107,0,29,5,2011,1,16,40,0,3,3,SR-9,,75,39.18666389,-77.686258330,0,12,2,0,1,1,1,0,1,1,0,1,0,0000000,99,99,99,99,99,99,0,0,0,1,0
51,510238,1,1,0,0,0,4,4,760,2060,23,5,2011,2,1,13,9,99,6,THREE CHOPT RD,,9,37.58220000,-77.529316670,0,30,0,0,1,1,4,0,3,1,0,1,0,0000000,99,99,99,99,99,99,0,0,0,1,1
51,510239,1,1,0,0,0,5,5,61,0,31,5,2011,3,15,25,9,99,4,RT-805,,53,38.58039167,-77.750430560,0,42,0,0,1,1,4,0,1,1,0,1,0,0000000,99,99,99,99,99,99,0,0,0,3,0
51,510240,2,2,0,0,0,6,6,177,0,29,5,2011,1,23,15,1,1,1,I-95,,1187,38.12949444,-77.512063890,0,12,6,1,18,1,1,0,2,1,0,1,0,0000000,99,99,99,99,99,99,0,0,0,2,0
51,510241,1,1,0,0,0,1,1,137,0,30,5,2011,2,8,3,0,3,2,US-522,,517,38.18652222,-77.939972220,0,42,0,0,1,1,4,0,1,1,0,1,0,0000000,99,99,99,99,88,88,0,0,0,1,0
51,510243,1,1,0,0,0,1,1,13,0,28,5,2011,7,14,45,1,11,1,I-66 EAST,,694,38.88221111,-77.146136110,0,1,0,1,18,1,1,0,1,1,0,1,0,0000000,99,99,99,99,99,99,0,0,0,1,0
51,510245,2,2,0,0,0,4,4,87,0,23,5,2011,2,10,15,0,14,4,GASKINS RD,RIDGEFIELD PKWY,28,37.62028333,-77.584375000,0,12,6,0,2,3,1,0,1,1,0,1,0,0000000,99,99,99,99,99,99,0,0,0,1,0
51,510246,4,4,0,0,0,10,10,177,0,18,5,2011,4,19,51,0,15,4,SALEM CHURCH RD,,62,38.27060000,-77.538586110,0,12,6,0,1,1,1,0,5,2,0,2,0,0000000,99,99,99,99,99,99,0,0,0,1,0
51,510247,1,1,0,0,0,2,2,177,0,20,5,2011,6,2,25,0,15,4,BENCHMARK RD,,266,38.24134722,-77.434988890,0,1,0,0,1,1,1,0,2,1,0,1,0,0000000,4,32,4,42,5,27,0,0,0,1,1
51,510248,1,1,0,0,0,1,1,800,2390,18,5,2011,4,2,34,0,13,3,SR-32,,870,36.81469722,-76.577111110,0,58,0,0,1,1,4,0,2,1,0,1,0,0000000,99,99,99,99,99,99,0,0,0,1,1
51,510249,1,1,0,1,1,1,1,13,0,8,5,2011,1,14,56,0,14,4,S FOUR MILE RUN ACCE,S WALTER REED DR,7,38.84803056,-77.097416670,0,9,0,1,3,4,1,0,1,1,0,1,0,0000000,99,99,99,99,99,99,16,0,0,1,0