STATE,ST_CASE,VE_TOTAL,VE_FORMS,PVH_INVL,PEDS,PERNOTMVIT,PERMVIT,PERSONS,COUNTY,CITY,DAY,MONTH,YEAR,DAY_WEEK,HOUR,MINUTE,NHS,ROAD_FNC,ROUTE,TWAY_ID,TWAY_ID2,MILEPT,LATITUDE,LONGITUD,SP_JUR,HARM_EV,MAN_COLL,RELJCT1,RELJCT2,TYP_INT,REL_ROAD,WRK_ZONE,LGT_COND,WEATHER1,WEATHER2,WEATHER,SCH_BUS,RAIL,NOT_HOUR,NOT_MIN,ARR_HOUR,ARR_MIN,HOSP_HR,HOSP_MN,CF1,CF2,CF3,FATALS,DRUNK_DR
51,510250,2,2,0,0,0,2,2,760,2060,26,5,2011,5,16,14,1,13,2,US-360,ORCUTT LANE,1352,37.48350833,-77.502280560,0,12,6,1,2,3,1,0,1,1,0,1,0,0000000,99,99,99,99,99,99,0,0,0,1,0
51,510251,1,1,0,0,0,1,1,135,0,20,5,2011,6,18,12,0,6,4,W CREEK RD,,79,37.22439444,-78.133461110,0,1,0,0,1,1,4,0,1,1,0,1,0,0000000,99,99,99,99,88,88,0,0,0,1,1
51,510252,2,1,1,1,1,1,1,700,1720,1,6,2011,4,7,2,1,11,1,I-64,,2560,37.13473056,-76.524969440,0,14,0,1,18,1,2,0,1,1,0,1,0,0000000,99,99,99,99,88,88,23,0,0,2,1
51,510253,3,3,0,0,0,3,3,27,0,3,6,2011,6,12,0,0,3,3,SR-80,,422,37.09250278,-82.106958330,0,12,2,0,1,1,1,0,1,1,0,1,0,0000000,99,99,99,99,99,99,0,0,0,1,0
51,510254,2,2,0,0,0,2,2,41,0,3,6,2011,6,0,27,1,13,4,COURTHOUSE RD,,128,37.45731667,-77.590255560,0,12,7,0,1,1,1,0,2,1,0,1,0,0000000,99,99,99,99,99,99,0,0,0,1,2
51,510255,2,2,0,0,0,5,5,111,0,3,6,2011,6,15,15,0,3,3,SR-40,RT-736,1419,36.97458889,-78.249822220,0,12,6,0,2,3,1,0,1,1,0,1,0,0000000,15,33,15,41,16,21,0,0,0,1,0
51,510256,1,1,0,0,0,1,1,89,0,5,6,2011,1,1,5,0,5,4,PHILPOTT DR,,21,36.78973056,-80.008063890,0,35,0,0,1,1,4,0,2,1,0,1,0,0000000,99,99,99,99,99,99,0,0,0,1,1
51,510257,1,1,0,0,0,1,1,149,0,5,6,2011,1,2,19,1,2,2,US-301,,469,37.15651111,-77.354669440,0,1,0,0,1,1,4,0,2,1,0,1,0,0000000,2,20,2,29,88,88,0,0,0,1,1
51,510258,2,2,0,0,0,2,2,153,0,7,6,2011,3,13,43,9,99,4,0640 MINNIEVILLE RD,,2,38.62894167,-77.407308330,0,12,6,0,1,1,1,0,1,1,0,1,1,0000000,99,99,99,99,99,99,0,0,0,1,0
51,510259,1,1,0,0,0,2,2,125,0,7,6,2011,3,15,40,1,13,3,SR-6,,123,37.87498889,-78.820208330,0,35,0,0,1,1,4,0,1,1,0,1,0,0000000,99,99,99,99,88,88,0,0,0,1,0
51,510260,2,2,0,0,0,2,2,59,0,8,6,2011,4,19,25,9,14,3,SR-241,FORT DR,46,38.78898056,-77.076591670,0,12,6,0,2,2,1,0,1,1,0,1,0,0000000,99,99,99,99,99,99,0,0,0,1,0
51,510261,2,2,0,0,0,3,3,89,0,8,6,2011,4,19,40,0,14,3,SR-57,,170,36.70751389,-79.961241670,0,12,2,0,1,1,1,0,1,1,0,1,0,0000000,19,42,19,53,20,29,0,0,0,1,1
51,510262,2,2,0,0,0,2,2,141,0,7,6,2011,3,9,20,1,13,2,US-58,RT-680,2426,36.63343889,-80.200025000,0,12,6,0,2,2,1,0,1,1,0,1,0,0000000,99,99,99,99,99,99,0,0,0,1,0
51,510263,2,2,0,0,0,2,2,810,2540,4,6,2011,7,8,43,0,15,6,LITTLE NECK RD,,38,36.84988611,-76.091844440,0,12,2,0,1,1,1,0,1,1,0,1,0,0000000,99,99,99,99,99,99,0,0,0,1,0
51,510264,2,2,0,0,0,4,4,69,0,10,6,2011,6,22,30,1,2,2,US-522,RT-681,1457,39.26872222,-78.241847220,0,12,6,0,2,3,1,0,2,1,0,1,0,0000000,99,99,99,99,99,99,0,0,0,2,0
51,510265,1,1,0,0,0,1,1,191,0,12,6,2011,1,8,35,1,11,1,I-81,,232,36.73014722,-81.907411110,0,35,0,0,1,1,3,0,1,1,0,1,0,0000000,99,99,99,99,88,88,0,0,0,1,0
51,510266,1,1,0,1,1,1,1,61,0,15,2,2011,3,15,46,9,16,4,11371  FALLING CREEK,,2,38.56603611,-77.788138890,0,8,0,0,1,1,1,0,1,1,0,1,0,0000000,99,99,99,99,99,99,0,0,0,1,0
51,510267,2,2,0,0,0,2,2,550,468,9,6,2011,5,16,0,0,14,3,SR-17,DOMINION BLVD,12,36.75694722,-76.272497220,0,12,6,0,2,3,1,0,1,1,0,1,1,0000000,99,99,99,99,99,99,0,0,0,1,0
51,510268,1,1,0,0,0,1,1,650,1180,14,6,2011,3,2,19,9,13,3,SR-134,,57,37.07777778,-76.396350000,0,35,0,0,1,1,4,0,2,1,0,1,0,0000000,99,99,99,99,99,99,0,0,0,1,1
51,510269,4,4,0,0,0,5,5,700,1720,14,6,2011,3,11,15,1,11,1,I-64,,2572,37.10882500,-76.476661110,0,12,1,1,18,1,1,0,1,1,0,1,0,0000000,99,99,99,99,99,99,0,0,0,2,0
51,510270,2,2,0,0,0,3,3,49,0,9,6,2011,5,10,30,0,4,3,SR-45,RT-616,251,37.53886944,-78.193336110,0,12,6,0,3,3,1,0,1,1,0,1,0,0000000,99,99,99,99,99,99,0,0,0,1,0
51,510271,1,1,0,1,1,1,1,87,0,17,6,2011,6,0,55,1,13,2,US-250,,1591,37.61695278,-77.523238890,0,8,0,0,1,1,1,0,2,1,0,1,0,0000000,99,99,99,99,99,99,0,0,0,1,0
51,510272,1,1,0,0,0,2,2,35,0,17,6,2011,6,5,50,0,4,2,US-52,,235,36.81890556,-80.813455560,0,35,0,0,1,1,4,0,1,1,0,1,0,0000000,99,99,99,99,99,99,0,0,0,1,0
51,510273,1,1,0,0,0,1,1,19,0,16,6,2011,5,19,19,0,4,4,RT-626,,107,37.09150000,-79.292300000,0,35,0,0,1,1,4,0,1,1,0,1,0,0000000,99,99,99,99,88,88,0,0,0,1,0
51,510274,1,1,0,0,0,2,2,600,900,23,5,2011,2,1,27,9,14,3,SR-237,,3,38.84478889,-77.271825000,0,33,0,0,1,1,4,0,2,1,0,1,0,0000000,99,99,99,99,99,99,0,0,0,1,1
51,510275,2,2,0,0,0,2,2,199,0,18,6,2011,7,7,28,0,14,4,BIG BETHEL RD,,99999,37.12391667,-76.414116670,0,12,6,0,1,1,1,0,1,1,0,1,0,0000000,99,99,99,99,99,99,0,0,0,1,1
51,510276,1,1,0,0,0,2,2,97,0,18,6,2011,7,20,2,9,4,4,OWENS MILL RD,,23,37.86828056,-77.057247220,0,35,0,0,1,1,4,0,2,1,0,1,0,0000000,99,99,99,99,99,99,0,0,0,1,1
51,510277,1,1,0,1,1,1,1,179,0,19,6,2011,1,19,48,9,99,4,MT OLIVE RD,ARDEN LANE,0,38.41797500,-77.531972220,0,49,0,0,2,3,1,0,1,1,0,1,0,0000000,99,99,99,99,99,99,0,0,0,1,0
51,510278,5,5,0,0,0,10,10,59,0,21,3,2011,2,16,2,1,13,2,US-1,RT-7100,1824,38.70962500,-77.151147220,0,12,1,0,3,1,1,0,1,1,0,1,0,0000000,99,99,99,99,99,99,0,0,0,1,0
51,510279,1,1,0,0,0,1,1,187,0,21,6,2011,3,5,45,0,4,3,SR-55,HUNT RD,227,38.95882222,-78.266619440,0,52,0,0,2,4,4,0,4,1,0,1,0,0000000,7,15,7,27,88,88,0,0,0,1,0
51,510280,1,1,0,0,0,1,1,83,0,21,6,2011,3,6,10,1,2,2,US-58,,3133,36.58547222,-79.120902780,0,1,0,0,1,1,3,0,1,2,0,2,0,0000000,99,99,99,99,99,99,0,0,0,1,0
51,510281,1,1,0,0,0,1,1,165,0,16,6,2011,5,9,30,0,3,2,US-33,,80,38.53856111,-79.065480560,0,42,0,0,1,1,4,0,1,1,0,1,0,0000000,9,30,9,46,10,14,0,0,0,1,0
51,510282,2,2,0,0,0,2,2,515,130,21,6,2011,3,18,40,0,99,4,VENTURE BLVD,,0,37.34300833,-79.501141670,0,12,6,0,8,1,1,0,1,1,0,1,0,0000000,99,99,99,99,99,99,0,0,0,1,1
51,510283,2,2,0,0,0,2,2,87,0,23,6,2011,5,0,10,1,11,1,I-295,,33,37.66878611,-77.581808330,0,1,0,1,18,1,3,0,2,1,0,1,0,0000000,99,99,99,99,88,88,14,0,0,1,1
51,510284,1,1,0,0,0,3,3,121,0,21,6,2011,3,17,39,9,99,4,ALLEGHANY SPRINGS RD,,0,37.12506389,-80.266347220,0,42,0,0,1,1,4,0,1,2,0,2,0,0000000,17,39,18,11,18,57,0,0,0,2,1
51,510285,2,2,0,0,0,2,2,145,0,24,6,2011,6,8,6,0,3,2,US-60,,1526,37.53532222,-78.082925000,0,12,1,0,1,1,1,4,1,1,0,1,0,0000000,99,99,99,99,88,88,0,0,0,1,0
51,510286,4,2,2,0,0,3,3,99,0,24,6,2011,6,18,45,0,3,3,SR-3,DAHLGREN RD,54,38.27700000,-77.204275000,0,12,6,0,2,2,1,0,1,1,0,1,0,0000000,18,45,19,1,20,5,20,0,0,1,0
51,510287,1,1,0,0,0,1,1,161,0,25,6,2011,7,13,29,1,2,2,US-220,,523,37.14691111,-79.965469440,0,24,0,0,1,1,4,0,1,1,0,1,0,0000000,99,99,99,99,88,88,0,0,0,1,0
51,510288,1,1,0,0,0,1,1,61,0,26,6,2011,1,8,31,0,6,4,JOHN B PAYNE RD,,99999,38.79556944,-77.943791670,0,42,0,1,18,1,4,0,6,1,0,1,0,0000000,99,99,99,99,88,88,0,0,0,1,1
51,510289,2,2,0,0,0,5,5,69,0,26,6,2011,1,10,59,0,14,2,US-11,I-81 RAMP,3330,39.21702778,-78.137325000,0,12,1,0,3,3,1,0,1,1,0,1,0,0000000,99,99,99,99,99,99,0,0,0,4,2
51,510290,1,1,0,0,0,1,1,185,0,27,6,2011,2,15,20,1,2,2,US-460,,623,37.09852500,-81.652194440,0,24,0,0,1,1,4,0,1,1,0,1,0,0000000,99,99,99,99,88,88,0,0,0,1,0
51,510291,2,2,0,0,0,2,2,15,0,22,6,2011,4,17,0,9,99,9,ROYAL DR,RT 250,99999,38.11025556,-78.997622220,0,12,6,0,2,3,1,0,1,1,0,1,0,0000000,17,4,17,7,17,19,0,0,0,1,0
51,510292,1,1,0,0,0,2,2,27,0,27,6,2011,2,22,0,0,3,3,SR-80,,371,37.42160556,-82.209277780,0,42,0,0,1,1,4,0,1,1,0,1,0,0000000,99,99,99,99,99,99,0,0,0,1,0
51,510293,4,4,0,0,0,4,4,550,468,21,6,2011,3,20,9,0,14,3,SR-165,TERWILLIINGER RD,11,36.66139722,-76.232177780,0,12,2,1,2,3,1,0,1,1,0,1,0,0000000,99,99,99,99,88,88,0,0,0,2,1
51,510294,2,2,0,0,0,2,2,59,0,29,6,2011,4,23,2,0,14,3,SR-193,RT-3631,81,38.95988056,-77.213611110,0,12,2,1,2,3,1,0,3,1,0,1,0,0000000,99,99,99,99,99,99,0,0,0,1,1
51,510295,5,5,0,0,0,6,6,710,1760,30,6,2011,5,23,53,1,11,1,I-64 EAST,,2816,36.88175000,-76.213275000,0,12,1,1,18,1,1,0,2,1,0,1,0,0000000,99,99,99,99,99,99,14,0,0,1,1
51,510296,2,2,0,0,0,2,2,810,2540,18,6,2011,7,17,0,0,14,6,898 DIAMOND RD,130 CUM LAUDE,3,36.86832500,-76.170958330,0,12,2,0,2,2,1,0,1,1,0,1,0,0000000,99,99,99,99,99,99,0,0,0,1,0
51,510297,4,4,0,0,0,4,4,179,0,22,6,2011,4,23,30,9,99,9,WARRENTON RD,MCLANE DR,99999,38.34522500,-77.498847220,0,12,6,0,3,2,1,0,2,1,0,1,0,0000000,99,99,99,99,99,99,0,0,0,1,0
51,510298,1,1,0,0,0,1,1,19,0,30,6,2011,5,17,29,0,3,3,SR-122,,415,37.30338056,-79.255911110,0,31,0,0,1,1,4,0,1,1,0,1,0,0000000,99,99,99,99,99,99,0,0,0,1,1
51,510299,2,2,0,0,0,2,2,61,0,21,6,2011,3,19,20,0,6,4,RT-635,,8,38.83964167,-78.090477780,0,12,6,0,1,1,1,0,1,1,0,1,0,0000000,99,99,99,99,99,99,0,0,0,1,0
51,510300,2,2,0,0,0,2,2,59,0,28,6,2011,3,17,53,1,2,4,SHIRLEY GATE RD,MATTIE MOORE CT,99999,38.83667500,-77.344866670,0,12,6,0,2,3,1,0,1,1,0,1,0,0000000,99,99,99,99,99,99,0,0,0,1,0
51,510301,1,1,0,1,1,1,1,59,0,22,6,2011,4,23,23,1,13,2,US-1,,1883,38.75525000,-77.083480560,0,8,0,0,1,1,1,0,3,1,0,1,0,0000000,99,99,99,99,88,88,0,0,0,1,0
51,510302,1,1,0,0,0,2,2,87,0,1,7,2011,6,1,57,0,15,4,MEADOW RD,,7,37.53164722,-77.294997220,0,53,0,0,1,1,4,0,2,1,0,1,0,0000000,99,99,99,99,99,99,0,0,0,1,1
51,510303,2,2,0,0,0,2,2,510,40,30,6,2011,5,7,7,1,2,3,SR-40,TANEY AVE,18,38.82220556,-77.125719440,0,12,6,0,3,3,1,0,1,1,0,1,0,0000000,99,99,99,99,88,88,0,0,0,1,0
51,510304,2,2,0,0,0,2,2,3,0,2,7,2011,7,13,2,0,3,3,SR-231,,81,38.12955278,-78.211147220,0,12,2,0,1,1,1,0,1,1,0,1,0,0000000,99,99,99,99,99,99,0,0,0,1,0
51,510305,1,1,0,0,0,1,1,41,0,2,7,2011,7,21,34,1,2,2,US-60,OLD HUNDRED RD,1731,37.37620000,-77.508352780,0,46,0,0,2,3,4,0,2,1,0,1,0,0000000,99,99,99,99,99,99,0,0,0,1,1
51,510306,1,1,0,0,0,3,3,31,0,2,7,2011,7,21,15,0,4,3,SR-43,,7,37.14003333,-79.333261110,0,43,0,0,1,1,4,0,2,1,0,1,0,0000000,99,99,99,99,99,99,0,0,0,2,1
51,510307,1,1,0,0,0,2,2,1,0,3,7,2011,1,1,6,0,4,3,SR-126,,8,37.70793056,-75.705413890,0,1,0,0,1,1,4,0,2,1,0,1,0,0000000,99,99,99,99,99,99,0,0,0,1,1
51,510308,1,1,0,0,0,1,1,5,0,3,7,2011,1,20,50,9,99,3,SR-311,,456,37.74696389,-80.239763890,0,18,0,0,1,1,1,0,1,2,0,2,0,0000000,99,99,99,99,99,99,0,0,0,1,0
51,510309,2,2,0,0,0,2,2,740,1970,2,7,2011,7,12,46,1,11,1,I-264,,35,36.81687778,-76.347555560,0,12,2,1,18,1,1,0,1,1,0,1,0,0000000,99,99,99,99,99,99,0,0,0,1,0
51,510310,1,1,0,0,0,2,2,87,0,4,7,2011,2,20,8,0,15,4,SKIPWITH RD,,9,37.61001667,-77.537813890,0,39,0,0,1,1,4,0,2,2,0,2,0,0000000,99,99,99,99,99,99,0,0,0,1,1
51,510311,2,2,0,0,0,3,3,147,0,3,7,2011,1,2,51,1,2,2,US-460 WEST,,2432,37.30473611,-78.559986110,0,12,2,0,1,1,1,0,2,1,0,1,0,0000000,2,59,3,16,3,51,0,0,0,2,2
51,510312,2,2,0,0,0,3,3,163,0,6,7,2011,4,6,20,9,3,3,SR- 42,RT 817,184,38.02554722,-79.454111110,0,12,2,0,1,1,1,0,1,1,0,1,0,0000000,99,99,99,99,99,99,0,0,0,1,0
51,510313,1,1,0,0,0,2,2,69,0,6,7,2011,4,18,10,0,4,4,RT-614,,5,39.22093333,-78.278433330,0,38,0,0,1,1,4,0,1,1,0,1,0,0000000,99,99,99,99,99,99,0,0,0,1,0
51,510314,2,2,0,0,0,3,3,191,0,8,7,2011,6,10,48,1,12,2,US-19,RT-1533,153,36.59554722,-82.188805560,0,12,6,1,3,1,1,0,1,1,0,1,0,0000000,99,99,99,99,99,99,0,0,0,1,0
51,510315,1,1,0,0,0,1,1,87,0,9,7,2011,7,6,15,1,2,3,SR-5,,142,37.39531111,-77.251436110,0,42,0,0,1,1,4,0,4,1,0,1,0,0000000,99,99,99,99,88,88,0,0,0,1,1
51,510316,1,1,0,0,0,1,1,810,2540,9,7,2011,7,1,32,0,14,6,INDIAN RIVER RD,,55,36.74126944,-76.112680560,0,34,0,0,1,1,4,0,2,1,0,1,0,0000000,99,99,99,99,88,88,0,0,0,1,1
51,510317,1,1,0,1,1,1,1,149,0,9,7,2011,7,22,50,0,14,3,SR-156,,153,37.15410000,-77.170200000,0,8,0,0,1,1,2,0,2,1,0,1,0,0000000,99,99,99,99,88,88,0,0,0,1,1
51,510318,2,2,0,0,0,3,3,139,0,10,7,2011,1,11,59,9,99,2,US-211,,0,38.65441667,-78.353119440,0,12,2,0,1,1,1,0,1,1,0,1,0,0000000,12,1,12,12,13,20,0,0,0,1,0
51,510319,1,1,0,0,0,2,2,195,0,10,7,2011,1,16,45,9,99,9,RT-645,,99999,37.01061389,-82.551600000,0,35,0,0,1,1,4,0,1,1,0,1,0,0000000,99,99,99,99,99,99,0,0,0,1,1
51,510320,1,1,0,1,1,1,1,89,0,8,7,2011,6,13,28,0,13,2,US-220,RT-825,27,36.65564722,-79.877397220,0,8,0,0,2,2,1,0,1,1,0,1,0,0000000,99,99,99,99,99,99,0,0,0,1,0
51,510321,1,1,0,0,0,1,1,143,0,10,7,2011,1,22,45,0,6,4,RT-605,,26,36.81013056,-79.458400000,0,53,0,0,1,1,4,0,2,1,0,1,0,0000000,99,99,99,99,88,88,0,0,0,1,1
51,510322,1,1,0,0,0,2,2,95,0,10,7,2011,1,6,12,1,1,1,I-64 EAST,,2335,37.36480278,-76.745477780,0,42,0,1,18,1,3,0,4,1,0,1,0,0000000,99,99,99,99,99,99,0,0,0,1,1
51,510323,1,1,0,0,0,1,1,21,0,10,7,2011,1,12,40,1,1,1,I-77,,553,37.13951944,-81.132316670,0,24,0,1,18,1,3,0,1,1,0,1,0,0000000,99,99,99,99,99,99,0,0,0,1,0
51,510324,2,2,0,0,0,3,3,153,0,10,7,2011,1,16,23,0,3,2,US-15,,2009,38.90036944,-77.630252780,0,12,6,0,1,1,1,0,1,1,0,1,0,0000000,99,99,99,99,99,99,0,0,0,1,0
51,510325,2,2,0,0,0,2,2,87,0,12,7,2011,3,14,40,0,14,4,RIDGEFIELD PARKWAY,JOHNROLFE PARKWAY,14,37.62051944,-77.623258330,0,12,6,0,2,2,1,0,1,1,0,1,0,0000000,99,99,99,99,99,99,0,0,0,1,0
51,510326,2,2,0,0,0,2,2,157,0,7,7,2011,5,10,5,9,4,2,US-211,RT-639,65,38.67170556,-77.978111110,0,12,6,0,2,2,1,0,1,1,0,1,0,0000000,99,99,99,99,99,99,0,0,0,1,0
51,510327,1,1,0,0,0,1,1,69,0,11,7,2011,2,23,23,1,2,2,US-50,,195,39.08991389,-78.078627780,0,35,0,0,1,1,3,0,2,1,0,1,0,0000000,99,99,99,99,88,88,0,0,0,1,1
51,510328,1,1,0,0,0,1,1,191,0,7,7,2011,5,13,20,0,4,3,SR-80,,64,36.68500833,-82.206916670,0,35,0,0,1,1,4,0,1,1,0,1,0,0000000,13,20,13,32,13,52,0,0,0,1,0
51,510329,2,2,0,0,0,3,3,93,0,7,7,2011,5,14,30,1,2,2,US-460,CUT THRU RD,3629,36.83154722,-76.779241670,0,12,6,0,2,2,1,0,1,1,0,1,0,0000000,14,43,15,0,15,56,0,0,0,1,0
51,510330,1,1,0,0,0,5,5,127,0,15,7,2011,6,9,30,1,1,1,I-64,,2096,37.51299444,-77.191658330,0,42,0,0,1,1,3,0,1,1,0,1,0,0000000,99,99,99,99,99,99,0,0,0,1,0
51,510331,1,1,0,0,0,1,1,59,1220,14,7,2011,5,18,4,0,14,6,HERNDON PARKWAY,,19,38.98243056,-77.386819440,0,33,0,0,1,1,3,0,1,1,0,1,0,0000000,99,99,99,99,88,88,0,0,0,1,0
51,510332,1,1,0,0,0,2,2,109,0,16,7,2011,7,16,5,1,2,3,SR-208,,60,38.10943889,-77.773933330,0,42,0,0,1,1,4,0,1,1,0,1,0,0000000,16,9,16,22,17,5,0,0,0,1,0
51,510333,1,1,0,0,0,2,2,83,0,16,7,2011,7,2,10,0,6,4,RT-789,,4,36.84455556,-78.742300000,0,34,0,0,1,1,4,0,2,1,0,1,0,0000000,99,99,99,99,99,99,0,0,0,1,1
51,510334,1,1,0,0,0,3,3,157,0,16,7,2011,7,19,19,0,3,3,SR-221,,419,38.54464167,-78.241838890,0,42,0,0,1,1,4,0,1,1,0,1,0,0000000,99,99,99,99,99,99,0,0,0,1,1
51,510336,1,1,0,0,0,1,1,770,2100,16,7,2011,7,2,54,0,3,4,AVENHAM AVE SW,WHITE OAK RD SW,99999,37.24055000,-79.959888890,0,33,0,0,2,2,4,0,3,1,0,1,0,0000000,99,99,99,99,99,99,0,0,0,1,1
51,510337,1,1,0,0,0,1,1,145,0,15,7,2011,6,12,59,0,4,4,RT-711,,97,37.59281111,-77.762002780,0,42,0,0,1,1,4,0,1,1,0,1,0,0000000,99,99,99,99,99,99,0,0,0,1,0
51,510338,2,2,0,0,0,2,2,67,0,15,7,2011,6,14,45,9,99,3,SR-122,,99999,37.11984444,-79.719972220,0,12,2,0,1,1,1,0,1,1,0,1,0,0000000,14,55,15,16,15,50,0,0,0,1,0
51,510339,3,3,0,0,0,4,4,59,0,16,7,2011,7,19,0,1,2,4,BRADDOCK RD,TWINBROOK RD,147,38.81725833,-77.274033330,0,12,6,0,2,2,1,0,1,1,0,1,0,0000000,99,99,99,99,99,99,0,0,0,1,2
51,510340,6,6,0,0,0,7,7,15,0,17,7,2011,1,16,52,1,1,1,I-81 NB,,2129,38.01746111,-79.152038890,0,12,1,1,18,1,1,0,1,1,0,1,0,0000000,99,99,99,99,99,99,0,0,0,1,0
51,510341,1,1,0,0,0,1,1,41,0,11,7,2011,2,19,39,0,3,4,COURTHOUSE RD,,1803,37.41718611,-77.569297220,0,53,0,0,1,1,4,0,1,1,0,1,0,0000000,99,99,99,99,99,99,0,0,0,1,1
51,510342,1,1,0,0,0,3,3,800,2390,9,7,2011,7,0,55,9,99,9,HOLLAND ROAD,,99999,36.67915833,-76.774177780,0,52,0,1,18,1,3,0,2,1,0,1,0,0000000,0,57,1,15,1,56,0,0,0,2,0
51,510343,1,1,0,0,0,1,1,3,0,17,7,2011,1,23,32,1,2,4,SECRETARY'S SAND RD,,49,37.86960278,-78.618808330,0,35,0,0,1,1,4,0,2,1,0,1,0,0000000,99,99,99,99,99,99,0,0,0,1,1
51,510344,1,1,0,0,0,1,1,810,2540,18,7,2011,2,19,40,1,2,4,MUDDY CREEK RD,,99999,36.71465000,-76.010000000,0,53,0,0,1,1,4,0,1,1,0,1,0,0000000,99,99,99,99,99,99,0,0,0,1,1
51,510345,1,1,0,1,1,1,1,3,0,15,7,2011,6,21,22,0,3,2,US-,,83,38.05157222,-78.686313890,0,15,0,0,1,1,1,0,2,1,0,1,0,0000000,99,99,99,99,99,99,0,0,0,1,0
51,510346,2,2,0,0,0,2,2,670,1290,21,7,2011,5,9,59,0,14,4,ARLINGTON RD,BERRY ST,167,37.28043889,-77.295191670,0,5,0,0,2,7,1,0,1,1,0,1,0,0000000,99,99,99,99,99,99,14,0,0,1,0
51,510347,2,2,0,0,0,2,2,187,0,22,7,2011,6,7,39,0,4,4,RT-624,,12,38.94683056,-78.124988890,0,12,2,0,1,1,1,0,1,1,0,1,0,0000000,99,99,99,99,99,99,0,0,0,1,1
51,510348,1,1,0,1,1,1,1,59,0,21,7,2011,5,10,27,1,13,2,US-1,,1847,38.72027222,-77.126169440,0,8,0,1,18,1,1,0,1,1,0,1,0,0000000,99,99,99,99,99,99,0,0,0,1,0
51,510349,1,1,0,0,0,6,6,149,0,23,7,2011,7,7,11,1,1,1,I-95 SOUTH,,362,37.02191944,-77.391519440,0,43,0,1,18,1,4,0,1,1,0,1,0,0000000,99,99,99,99,99,99,0,0,0,1,0
51,510350,2,2,0,0,0,5,5,15,0,23,7,2011,7,10,12,1,2,4,RT-610,,15,38.03335556,-79.164477780,0,12,6,0,1,1,1,0,1,1,0,1,0,0000000,10,11,10,16,16,4,0,0,0,1,1
51,510351,1,1,0,0,0,1,1,11,0,22,7,2011,6,23,42,0,6,4,MORNING STAR RD,,26,37.32938889,-78.777719440,0,35,0,0,1,1,4,0,2,1,0,1,0,0000000,99,99,99,99,88,88,0,0,0,1,1
51,510352,2,1,1,0,0,2,2,69,0,23,7,2011,7,0,18,1,2,4,RT-1037,,1,39.10006111,-78.191361110,0,34,0,0,1,1,4,0,2,1,0,1,0,0000000,99,99,99,99,99,99,0,0,0,1,1
51,510353,2,2,0,0,0,4,4,117,0,22,7,2011,6,13,19,1,2,2,US-58,RT-92,3596,36.67258333,-78.387752780,0,12,6,0,2,2,1,0,1,1,0,1,0,0000000,99,99,99,99,99,99,0,0,0,1,0
51,510354,1,1,0,0,0,2,2,139,0,24,7,2011,1,13,55,0,6,4,S PAGE VALLEY RD,,91,38.70265833,-78.503063890,0,35,0,0,1,1,4,0,1,1,0,1,0,0000000,99,99,99,99,88,88,0,0,0,2,1
51,510355,3,1,2,0,0,1,1,685,1549,24,7,2011,1,18,14,1,2,3,SR-213,,17,38.77513056,-77.459536110,0,14,0,0,1,1,7,0,1,1,0,1,0,0000000,18,15,18,20,18,44,0,0,0,1,1
51,510356,1,1,0,0,0,2,2,830,2630,14,7,2011,5,11,47,0,15,6,PARKWAY DR,,1,37.27244722,-76.685858330,0,42,0,0,1,1,6,0,1,1,0,1,0,0000000,99,99,99,99,99,99,0,0,0,1,0
51,510357,2,2,0,0,0,2,2,41,0,24,7,2011,1,13,52,0,14,4,COURTHOUSE RD,DEERFIELD FOREST TRL,164,37.39846111,-77.535961110,0,12,2,0,2,3,1,0,1,1,0,1,0,0000000,99,99,99,99,99,99,0,0,0,1,0
51,510358,2,2,0,0,0,3,3,650,1180,24,7,2011,1,2,24,1,2,2,US-60,,2713,37.00748889,-76.370000000,0,12,2,0,1,1,1,0,3,1,0,1,0,0000000,99,99,99,99,99,99,0,0,0,1,1
51,510359,2,2,0,0,0,3,3,41,0,25,7,2011,2,19,30,1,12,3,SR-288,,146,37.43540833,-77.634030560,0,12,1,0,1,1,1,0,1,1,0,1,0,0000000,99,99,99,99,99,99,0,0,0,1,1
51,510360,1,1,0,0,0,2,2,69,0,26,7,2011,3,3,25,9,99,9,N HAYFIELD RD,,99999,39.15393056,-78.161100000,0,42,0,1,18,1,4,0,2,1,0,1,0,0000000,99,99,99,99,99,99,0,0,0,1,0
51,510361,1,1,0,0,0,1,1,810,2540,15,3,2011,3,7,34,9,99,4,RT-13,,1,36.99487500,-76.098175000,0,33,0,0,1,1,5,0,1,1,0,1,0,0000000,99,99,99,99,99,99,0,0,0,1,0
51,510362,2,2,0,0,0,5,5,37,0,27,7,2011,4,13,10,1,2,3,SR-47,,359,36.95725000,-78.577261110,0,12,6,0,8,1,1,0,1,1,0,1,0,0000000,99,99,99,99,99,99,0,0,0,1,0
51,510363,1,1,0,1,1,1,1,73,0,26,7,2011,3,22,58,1,2,2,US-17,,7,37.40473333,-76.519002780,0,8,0,0,1,1,1,0,2,1,0,1,0,0000000,99,99,99,99,99,99,0,0,0,1,0
51,510364,2,2,0,0,0,2,2,760,2060,21,7,2011,5,15,42,1,2,6,GROVE AVE,MALVERN AVE,20,37.56240556,-77.492580560,0,12,6,0,2,2,1,0,1,1,0,1,0,0000000,99,99,99,99,99,99,0,0,0,1,0