STATE,ST_CASE,VE_TOTAL,VE_FORMS,PVH_INVL,PEDS,PERNOTMVIT,PERMVIT,PERSONS,COUNTY,CITY,DAY,MONTH,YEAR,DAY_WEEK,HOUR,MINUTE,NHS,ROAD_FNC,ROUTE,TWAY_ID,TWAY_ID2,MILEPT,LATITUDE,LONGITUD,SP_JUR,HARM_EV,MAN_COLL,RELJCT1,RELJCT2,TYP_INT,REL_ROAD,WRK_ZONE,LGT_COND,WEATHER1,WEATHER2,WEATHER,SCH_BUS,RAIL,NOT_HOUR,NOT_MIN,ARR_HOUR,ARR_MIN,HOSP_HR,HOSP_MN,CF1,CF2,CF3,FATALS,DRUNK_DR
51,510365,1,1,0,0,0,1,1,91,0,27,7,2011,4,13,0,1,2,2,US-250,,108,38.43485000,-79.597650000,0,24,0,0,1,1,4,0,1,1,0,1,0,0000000,99,99,99,99,88,88,0,0,0,1,0
51,510366,1,1,0,0,0,1,1,41,0,27,7,2011,4,9,13,1,2,4,HOPKINS ROAD,,28,37.41734444,-77.469319440,0,32,0,0,1,1,4,0,1,1,0,1,0,0000000,99,99,99,99,88,88,3,0,0,1,1
51,510367,1,1,0,0,0,1,1,29,0,28,7,2011,5,19,0,1,2,4,RT-632,,52,37.53180000,-78.407050000,0,35,0,0,1,1,4,0,1,1,0,1,0,0000000,99,99,99,99,99,99,0,0,0,1,0
51,510368,1,1,0,0,0,2,2,63,0,27,7,2011,4,0,9,9,99,4,RT-740,,97,36.96308056,-80.495069440,0,42,0,1,18,1,4,0,2,1,0,1,0,0000000,99,99,99,99,99,99,0,0,0,1,1
51,510369,1,1,0,0,0,1,1,71,0,27,7,2011,4,21,10,1,2,3,SR-100,,402,37.24044167,-80.719641670,0,42,0,0,1,1,4,0,2,1,0,1,0,0000000,99,99,99,99,88,88,0,0,0,1,0
51,510370,2,2,0,0,0,2,2,17,0,28,7,2011,5,12,10,1,2,3,SR-39,,324,37.99968056,-79.596119440,0,12,2,0,1,1,1,0,1,1,0,1,0,0000000,99,99,99,99,99,99,0,0,0,1,0
51,510371,1,1,0,0,0,3,3,183,0,29,7,2011,6,16,57,1,2,2,US-460,,335,37.08768889,-77.166600000,0,16,0,0,1,1,1,0,1,1,0,1,0,0000000,99,99,99,99,99,99,0,0,0,1,0
51,510372,1,1,0,0,0,1,1,41,0,29,7,2011,6,18,52,1,2,4,COUNTY LINE RD,,23,37.50003889,-77.734350000,0,42,0,0,1,1,4,0,5,1,0,1,0,0000000,99,99,99,99,99,99,0,0,0,1,1
51,510373,1,1,0,0,0,1,1,23,0,18,7,2011,2,21,55,0,15,3,SR-43,,491,37.44379167,-79.616888890,0,35,0,0,1,1,4,0,2,1,0,1,0,0000000,99,99,99,99,99,99,0,0,0,1,1
51,510374,2,1,1,0,0,2,2,770,2100,28,7,2011,5,15,22,9,99,6,OLD MOUNTAIN RD NE,,43,37.31976667,-79.919250000,0,24,0,0,1,1,4,0,1,1,0,1,0,0000000,99,99,99,99,99,99,0,0,0,1,1
51,510375,1,1,0,0,0,2,2,149,0,30,7,2011,7,6,22,1,1,1,I-95 SOUTH,,423,37.09640278,-77.358941670,0,1,0,1,18,1,4,0,1,1,0,1,0,0000000,99,99,99,99,99,99,0,0,0,2,0
51,510376,1,1,0,0,0,1,1,33,0,29,7,2011,6,22,0,1,1,1,I-95,,1130,38.05053889,-77.500838890,0,35,0,1,18,1,3,0,2,1,0,1,0,0000000,99,99,99,99,88,88,0,0,0,1,1
51,510378,1,1,0,0,0,2,2,59,0,4,7,2011,2,3,39,1,2,4,SHIRLEY GATE RD,,99999,38.83626111,-77.344850000,0,33,0,1,18,1,3,0,2,1,0,1,0,0000000,99,99,99,99,99,99,0,0,0,1,1
51,510379,1,1,0,1,1,1,1,107,0,6,7,2011,4,23,37,1,13,2,US-50,TAKK CEDARS PKWY,609,38.91648056,-77.485972220,0,9,0,0,3,8,1,0,2,1,0,1,0,0000000,99,99,99,99,99,99,0,0,0,1,0
51,510380,2,2,0,0,0,2,2,690,1570,29,7,2011,6,10,50,0,14,6,BROOKDALE EAST,SPRUCEDALE ST,9,36.67898056,-79.850769440,0,12,6,0,2,2,1,0,1,1,0,1,0,0000000,10,51,11,0,11,55,0,0,0,1,0
51,510381,1,1,0,0,0,3,3,141,0,14,7,2011,5,16,55,9,99,9,RT-614,,99999,36.60984444,-80.479038890,0,42,0,0,1,1,4,0,1,1,0,1,0,0000000,16,55,17,13,99,99,0,0,0,1,0
51,510382,1,1,0,0,0,2,2,5,0,3,7,2011,1,23,30,9,6,4,RT-602,,72,37.69466944,-80.283816670,0,35,0,0,1,1,4,0,2,1,0,1,0,0000000,88,88,88,88,88,88,0,0,0,1,1
51,510383,2,2,0,0,0,5,5,61,0,31,7,2011,1,22,17,1,2,3,SR-28,,136,38.68725000,-77.620588890,0,12,2,0,1,1,1,0,2,1,0,1,0,0000000,99,99,99,99,99,99,0,0,0,1,1
51,510384,3,3,0,1,1,2,2,59,0,15,5,2011,1,22,30,1,13,3,SR-7,DRANESVILLE MANOR,505,39.00771389,-77.358169440,0,12,1,0,2,2,1,0,3,1,0,1,0,0000000,99,99,99,99,99,99,23,0,0,1,0
51,510385,2,2,0,0,0,2,2,107,0,1,8,2011,2,17,8,1,2,4,ASHBURN RD,FAULKNER PARKWAY,3,39.01851667,-77.494338890,0,12,6,0,2,2,1,0,1,1,0,1,0,0000000,99,99,99,99,99,99,0,0,0,1,0
51,510386,1,1,0,0,0,4,4,1,0,1,8,2011,2,22,14,1,2,3,SR-178,,190,37.62592500,-75.819825000,0,34,0,0,1,1,4,0,2,1,0,1,0,0000000,99,99,99,99,99,99,0,0,0,2,1
51,510387,1,1,0,0,0,1,1,11,0,1,8,2011,2,21,15,1,2,4,RT-605,,32,99.99990000,999.999900000,0,42,0,0,1,1,4,0,2,1,0,1,0,0000000,88,88,88,88,88,88,0,0,0,1,1
51,510388,1,1,0,0,0,1,1,9,0,3,8,2011,4,17,3,1,2,2,US-60,,863,37.62511944,-79.115661110,0,42,0,0,1,1,4,0,1,1,0,1,0,0000000,99,99,99,99,88,88,0,0,0,1,0
51,510389,1,1,0,0,0,3,3,143,0,3,8,2011,4,18,10,1,2,2,US-29,,415,37.03531111,-79.358330560,0,1,0,0,1,1,4,0,1,1,0,1,0,0000000,18,21,18,36,19,41,0,0,0,1,0
51,510390,1,1,0,0,0,1,1,175,0,4,8,2011,5,23,40,1,2,2,US-258,,63,36.60698333,-76.932450000,0,1,0,0,1,1,4,0,2,1,0,1,0,0000000,99,99,99,99,88,88,0,0,0,1,1
51,510391,1,1,0,1,1,1,1,770,2100,4,8,2011,5,6,35,1,13,2,US-220,,592,37.22566389,-79.969502780,0,8,0,0,1,1,1,0,1,1,0,1,0,0000000,99,99,99,99,99,99,0,0,0,1,0
51,510392,1,1,0,0,0,2,2,171,0,6,8,2011,7,1,5,1,2,4,RT-702,,9,38.85555000,-78.750472220,0,11,0,0,1,1,1,0,2,1,0,1,0,0000000,99,99,99,99,99,99,0,0,0,1,1
51,510393,1,1,0,0,0,1,1,149,0,6,8,2011,7,17,30,0,4,4,POLE RUN RD,,114,37.21020000,-77.103425000,0,32,0,0,1,1,4,0,1,1,0,1,0,0000000,88,88,88,88,88,88,0,0,0,1,0
51,510394,1,1,0,0,0,1,1,191,0,27,6,2011,2,10,10,0,6,4,MCCANN RD,,18,36.65175556,-81.818275000,0,1,0,0,1,1,4,0,1,1,0,1,0,0000000,10,14,10,24,88,88,0,0,0,1,0
51,510395,1,1,0,1,1,1,1,59,0,24,8,2011,4,2,50,1,11,1,I-495,,150,38.79888056,-77.070508330,0,8,0,1,18,1,1,4,3,1,0,1,0,0000000,88,88,88,88,88,88,0,0,0,1,0
51,510396,1,1,0,0,0,2,2,36,0,8,7,2011,6,18,12,0,3,3,SR-5,,360,37.30549722,-76.958197220,0,42,0,1,18,1,4,0,1,1,0,1,0,0000000,99,99,99,99,99,99,0,0,0,1,0
51,510397,2,2,0,0,0,2,2,520,300,6,8,2011,7,21,50,1,13,2,US-11,COMMONWAELTH AVE,11,36.60276389,-82.192025000,0,12,7,0,3,2,1,0,3,1,0,1,0,0000000,88,88,88,88,88,88,0,0,0,1,0
51,510398,2,2,0,0,0,2,2,199,0,8,8,2011,2,5,35,1,13,2,US-17,BATTLE ROAD,646,37.19399722,-76.489905560,0,12,6,0,2,2,1,0,2,1,0,1,0,0000000,99,99,99,99,99,99,0,0,0,1,1
51,510399,2,2,0,0,0,2,2,770,2100,8,8,2011,2,19,21,9,99,4,HOLLINS RD,,99999,37.30775000,-79.928927780,0,5,0,0,1,1,1,0,1,1,0,1,0,0000000,88,88,88,88,88,88,14,0,0,1,0
51,510400,2,2,0,0,0,2,2,169,0,10,8,2011,4,13,0,1,2,2,US- 23,,150,36.65161944,-82.748163890,0,12,1,0,1,1,1,0,1,1,0,1,0,0000000,13,5,13,15,13,55,0,0,0,1,0
51,510401,2,2,0,0,0,8,8,95,0,8,8,2011,2,20,5,1,2,3,SR-5,,420,37.26425000,-76.868719440,0,1,0,0,1,1,1,0,1,1,0,1,0,0000000,99,99,99,99,99,99,0,0,0,1,0
51,510402,1,1,0,0,0,1,1,135,0,6,8,2011,7,19,29,1,2,3,SR-40,,1520,37.03027500,-78.044000000,0,43,0,0,1,1,4,0,1,1,0,1,0,0000000,88,88,88,88,88,88,0,0,0,1,1
51,510403,2,2,0,0,0,5,5,165,0,11,8,2011,5,10,40,1,1,1,I-81,,2422,38.63517500,-78.687344440,0,12,7,1,18,1,1,0,1,1,0,1,0,0000000,99,99,99,99,99,99,0,0,0,1,0
51,510404,1,1,0,0,0,1,1,69,0,12,8,2011,6,0,25,1,2,2,US-522,,1424,39.23961111,-78.200038890,0,30,0,0,1,1,4,0,2,1,0,1,0,0000000,99,99,99,99,99,99,0,0,0,1,1
51,510405,2,2,0,0,0,3,3,810,2540,4,8,2011,5,10,18,9,99,9,HAYGOOD RD,FERRY PLANTATION RD,99999,36.87346944,-76.138638890,0,12,6,0,2,2,1,0,1,1,0,1,0,0000000,99,99,99,99,99,99,0,0,0,1,0
51,510406,1,1,0,1,1,1,1,810,2540,12,8,2011,6,21,16,0,14,6,1500 LYNHAVEN PKWY,1300 WINDMILL POINT,56,36.79504444,-76.102697220,0,8,0,0,2,2,1,0,3,1,0,1,0,0000000,99,99,99,99,99,99,0,0,0,1,0
51,510407,2,2,0,0,0,2,2,139,0,12,8,2011,6,16,50,1,2,2,US-340,,824,38.79891111,-78.359188890,0,12,2,0,1,1,1,0,1,1,0,1,0,0000000,99,99,99,99,88,88,0,0,0,1,0
51,510408,1,1,0,0,0,1,1,37,0,14,8,2011,1,18,50,1,2,4,RT-615,,32,37.18986111,-78.775638890,0,1,0,0,1,1,4,0,1,1,0,1,0,0000000,99,99,99,99,88,88,0,0,0,1,0
51,510409,2,1,1,0,0,4,4,185,0,13,8,2011,7,23,48,1,2,4,BRUSHFORK ROAD,,292,37.28129167,-81.287497220,0,14,0,0,1,1,4,0,2,2,0,2,0,0000000,1,41,1,55,3,4,0,0,0,2,1
51,510410,1,1,0,0,0,4,4,35,0,12,8,2011,6,23,15,1,1,1,I-77,,63,36.67141389,-80.708313890,0,1,0,1,18,1,1,0,2,1,0,1,0,0000000,99,99,99,99,99,99,0,0,0,1,0
51,510411,1,1,0,0,0,1,1,183,0,12,8,2011,6,17,17,1,2,4,RT-640,,7,36.88421944,-77.399111110,0,34,0,0,1,1,4,0,1,1,0,1,0,0000000,99,99,99,99,99,99,20,0,0,1,0
51,510412,2,2,0,0,0,2,2,107,0,14,8,2011,1,1,19,1,2,4,GUM SPRING RD,,19,38.87510000,-77.541680560,0,12,6,1,18,1,1,0,2,1,0,1,0,0000000,99,99,99,99,88,88,0,0,0,1,1
51,510413,2,2,0,0,0,4,4,61,0,13,8,2011,7,18,45,1,2,2,US- 17,CATLETT RD,2057,38.58252500,-77.767666670,0,12,6,0,2,7,1,0,1,2,0,2,0,0000000,99,99,99,99,99,99,0,0,0,1,0
51,510414,1,1,0,0,0,3,3,67,0,14,8,2011,1,0,46,1,2,4,RT-607,,28,36.84715000,-79.941461110,0,35,0,0,1,1,4,0,2,1,0,1,0,0000000,99,99,99,99,99,99,0,0,0,1,1
51,510415,1,1,0,0,0,1,1,195,0,15,8,2011,2,4,41,1,12,2,US-23,,402,36.88786944,-82.725919440,0,24,0,0,1,1,4,0,2,1,0,1,0,0000000,99,99,99,99,88,88,0,0,0,1,0
51,510416,1,1,0,0,0,2,2,177,0,13,8,2011,7,1,14,0,4,4,MARYE RD,HAMS FORD RD,121,38.09836111,-77.542877780,0,42,0,0,3,3,4,0,2,1,0,1,0,0000000,99,99,99,99,99,99,0,0,0,1,0
51,510417,3,3,0,0,0,4,4,630,1020,13,8,2011,7,19,50,1,11,1,I-95 NORTH,,1314,38.31086944,-77.502530560,0,12,1,1,18,1,1,0,1,1,0,1,0,0000000,99,99,99,99,99,99,0,0,0,1,0
51,510418,3,3,0,0,0,3,3,35,0,17,8,2011,4,13,28,1,1,1,I-77,,201,36.59027500,-80.741744440,0,12,7,1,18,1,1,0,1,1,0,1,0,0000000,99,99,99,99,99,99,0,0,0,1,0
51,510419,1,1,0,0,0,1,1,36,0,16,8,2011,3,6,45,1,2,4,ADKINS ROAD,,10,37.43298056,-77.064611110,0,42,0,0,1,1,3,0,4,1,0,1,0,0000000,99,99,99,99,88,88,0,0,0,1,0
51,510420,2,2,0,0,0,3,3,550,468,15,8,2011,2,16,58,1,2,3,SR-168,,96,36.68388889,-76.228761110,0,12,2,0,1,1,1,0,1,1,0,1,0,0000000,99,99,99,99,99,99,0,0,0,1,1
51,510421,2,2,0,0,0,3,3,73,0,12,8,2011,6,9,18,9,99,9,HICKORY FORK RD,,99999,37.37313889,-76.577280560,0,12,2,0,1,1,1,0,1,1,0,1,0,0000000,99,99,99,99,99,99,0,0,0,1,0
51,510422,1,1,0,0,0,2,2,85,0,18,8,2011,5,12,30,1,11,1,I-295 SOUTH,,201,37.57336111,-77.311161110,0,42,0,1,18,1,4,0,1,1,0,1,0,0000000,99,99,99,99,99,99,0,0,0,1,0
51,510423,2,2,0,0,0,2,2,5,0,18,8,2011,5,9,46,1,1,1,I-64,,17,37.80157778,-80.201955560,0,34,0,1,18,1,3,0,1,1,0,1,0,0000000,99,99,99,99,99,99,0,0,0,1,0
51,510424,2,2,0,0,0,3,3,760,2060,18,8,2011,5,23,4,1,11,1,I-95,,708,37.46969722,-77.428463890,0,12,1,1,18,1,1,0,2,1,0,1,0,0000000,99,99,99,99,99,99,0,0,0,2,1
51,510425,1,1,0,0,0,1,1,710,1760,18,8,2011,5,22,30,1,11,1,I-264,,64,36.83020556,-76.306122220,0,25,0,1,18,1,3,0,3,1,0,1,0,0000000,99,99,99,99,99,99,0,0,0,1,0
51,510426,1,1,0,0,0,2,2,550,468,14,8,2011,1,2,39,0,14,6,BLACKWATER RD,,15,36.68201389,-76.103883330,0,42,0,0,1,1,4,0,2,1,0,1,0,0000000,99,99,99,99,99,99,0,0,0,1,1
51,510427,2,2,0,0,0,2,2,197,0,19,8,2011,6,11,17,1,13,3,SR-94,,246,36.84033889,-80.890961110,0,12,2,0,1,1,1,0,1,1,0,1,0,0000000,99,99,99,99,99,99,0,0,0,1,0
51,510428,1,1,0,0,0,1,1,1,0,20,8,2011,7,5,21,0,6,4,RT-606,,121,37.82497222,-75.651983330,0,35,0,0,1,1,4,0,2,2,0,2,0,0000000,88,88,88,88,88,88,0,0,0,1,1
51,510429,2,1,1,0,0,1,1,650,1180,21,8,2011,1,2,30,9,99,4,FORT WORTH ST,,0,37.06230000,-76.318244440,0,14,0,0,1,1,4,0,3,1,0,1,0,0000000,99,99,99,99,88,88,0,0,0,1,1
51,510430,1,1,0,0,0,1,1,169,0,17,8,2011,4,22,30,0,6,4,RT-671,,67,36.73754167,-82.483250000,0,43,0,0,1,1,4,0,2,1,0,1,0,0000000,88,88,88,88,88,88,0,0,0,1,0
51,510431,1,1,0,0,0,1,1,163,0,20,8,2011,7,17,59,0,2,3,SR-3,,413,37.96944167,-79.504280560,0,42,0,0,1,1,4,0,5,1,0,1,0,0000000,99,99,99,99,99,99,0,0,0,1,1
51,510432,1,1,0,0,0,1,1,81,0,21,8,2011,1,12,17,1,1,1,I-95 SOUTH,,148,36.74058889,-77.517838890,0,42,0,1,18,1,4,0,1,1,0,1,0,0000000,99,99,99,99,88,88,0,0,0,1,1
51,510433,1,1,0,0,0,1,1,21,0,22,8,2011,2,14,46,1,2,2,US-52,,680,37.10126111,-81.116780560,0,1,0,0,1,1,4,0,1,1,0,1,0,0000000,99,99,99,99,88,88,0,0,0,1,0
51,510434,1,1,0,0,0,1,1,29,0,22,8,2011,2,12,50,9,99,9,RT-20,RT-700,99999,37.58401944,-78.500750000,0,59,0,0,2,4,4,0,1,1,0,1,0,0000000,99,99,99,99,88,88,0,0,0,1,0
51,510435,1,1,0,1,1,1,1,760,2060,22,8,2011,2,21,4,1,2,6,BELLEVUE AVE,OLD BROOK RD,6,37.59175000,-77.446763890,0,11,0,0,3,3,1,0,3,1,0,1,0,0000000,99,99,99,99,99,99,0,0,0,1,0
51,510436,2,2,0,0,0,2,2,9,0,22,8,2011,2,10,50,0,15,4,SEMINOLE DR,,7,37.43607222,-79.117291670,0,12,2,0,1,1,1,0,1,1,0,1,0,0000000,11,13,11,40,99,99,14,0,0,1,0
51,510437,1,1,0,0,0,2,2,550,468,19,8,2011,6,1,30,1,2,6,JOHNSTOWN RD,,30,36.67323889,-76.256769440,0,53,0,0,1,1,4,0,2,1,0,1,0,0000000,99,99,99,99,99,99,0,0,0,1,1
51,510438,2,2,0,0,0,2,2,59,0,23,8,2011,3,12,29,1,11,1,I-66,,497,38.81142222,-77.486400000,0,12,1,1,18,1,1,0,1,1,0,1,0,0000000,99,99,99,99,88,88,0,0,0,1,0
51,510439,2,2,0,0,0,2,2,191,0,23,8,2011,3,16,35,1,2,2,US-11,GREEN MEADOWS LN,224,36.73967500,-81.870247220,0,12,6,0,2,3,1,0,1,1,0,1,0,0000000,99,99,99,99,99,99,0,0,0,1,0
51,510440,1,1,0,0,0,1,1,33,0,24,8,2011,4,19,9,1,2,4,GUINEA STATION RD,,16,38.15008333,-77.448636110,0,42,0,0,1,1,4,0,1,1,0,1,0,0000000,99,99,99,99,88,88,0,0,0,1,0
51,510441,1,1,0,0,0,1,1,59,0,23,8,2011,3,23,6,1,2,4,BRADDOCK ROAD,,139,38.82513056,-77.287280560,0,33,0,0,1,1,3,0,3,1,0,1,0,0000000,99,99,99,99,99,99,0,0,0,1,0
51,510442,4,2,2,0,0,3,3,27,0,25,8,2011,5,13,50,1,2,2,US-460,RT-684,217,37.22513889,-82.039088890,0,12,6,0,2,3,1,0,1,1,0,1,0,0000000,99,99,99,99,99,99,0,0,0,2,0
51,510443,1,1,0,0,0,1,1,93,0,25,8,2011,5,19,2,1,2,4,CEDAR ST,,99999,36.97753889,-76.636800000,0,42,0,0,1,1,4,0,1,1,0,1,0,0000000,99,99,99,99,88,88,0,0,0,1,0
51,510444,1,1,0,0,0,1,1,101,0,17,8,2011,4,3,26,0,3,3,SR-30,BEADLES ROAD,175,37.78394444,-77.170372220,0,34,0,0,2,3,4,0,2,1,0,1,0,0000000,99,99,99,99,88,88,0,0,0,1,1
51,510445,1,1,0,0,0,1,1,65,0,25,8,2011,5,22,2,1,2,3,SR-53,,132,37.89478889,-78.328780560,0,53,0,0,1,1,4,0,2,1,0,1,0,0000000,99,99,99,99,88,88,0,0,0,1,0
51,510446,1,1,0,1,1,1,1,59,0,23,8,2011,3,17,31,1,12,3,SR-267,,248,38.93420000,-77.236400000,0,8,0,0,1,1,1,0,1,1,0,1,0,0000000,99,99,99,99,99,99,0,0,0,1,0
51,510447,1,1,0,0,0,1,1,59,0,24,8,2011,4,19,54,1,2,4,COMPTON RD,,139,38.79418056,-77.404488890,0,11,0,0,1,1,1,0,5,1,0,1,0,0000000,99,99,99,99,99,99,0,0,0,1,0
51,510448,1,1,0,0,0,2,2,15,0,25,8,2011,5,12,10,1,2,3,SR-42,,1973,38.13851111,-79.248361110,0,42,0,0,1,1,4,0,1,1,0,1,0,0000000,99,99,99,99,99,99,0,0,0,1,0
51,510449,1,1,0,0,0,2,2,550,468,25,8,2011,5,23,52,1,11,1,I-64 EAST,,2929,36.75773056,-76.281569440,0,25,0,0,1,1,3,0,3,2,0,2,0,0000000,99,99,99,99,99,99,0,0,0,1,0
51,510450,2,2,0,0,0,2,2,67,0,26,8,2011,6,20,0,1,2,4,RT-670,,26,37.09253889,-79.776680560,0,12,2,0,1,1,1,0,5,1,0,1,0,0000000,99,99,99,99,88,88,0,0,0,2,0
51,510451,1,1,0,0,0,1,1,177,0,27,8,2011,7,4,35,1,2,4,GORDON RD,,28,38.24890000,-77.589619440,0,42,0,0,1,1,4,0,2,1,0,1,0,0000000,99,99,99,99,88,88,0,0,0,1,0
51,510452,1,1,0,0,0,3,3,41,0,28,8,2011,1,10,34,1,11,1,I-95,,587,37.31597778,-77.400527780,0,25,0,1,18,1,4,0,1,1,0,1,0,0000000,99,99,99,99,99,99,0,0,0,1,0
51,510453,1,1,0,0,0,1,1,167,0,29,8,2011,2,9,30,9,99,2,US-58,,633,36.87323611,-82.300450000,0,1,0,0,1,1,1,2,1,1,0,1,0,0000000,99,99,99,99,99,99,0,0,0,1,0
51,510454,2,2,0,0,0,2,2,710,1760,31,8,2011,4,20,37,9,99,9,GRANBY ST,W GOVERNMENT AVE,99999,36.94992500,-76.254516670,0,12,6,0,2,2,1,0,3,1,0,1,0,0000000,99,99,99,99,99,99,0,0,0,1,2
51,510455,1,1,0,1,1,1,1,85,0,25,8,2011,5,18,31,9,99,9,POUNCEY TRACT RD,,99999,37.72626111,-77.674283330,0,9,0,0,4,1,1,0,1,2,0,2,0,0000000,99,99,99,99,99,99,0,0,0,1,0
51,510456,1,1,0,0,0,1,1,177,0,29,8,2011,2,21,12,9,99,4,LANCASTER RING RD,,3,38.19573056,-77.486872220,0,31,0,0,1,1,4,0,2,1,0,1,0,0000000,99,99,99,99,99,99,0,0,0,1,1
51,510457,1,1,0,0,0,1,1,153,0,8,8,2011,2,13,13,1,11,1,I-95 SOUTH,,1549,38.60616111,-77.308600000,0,1,0,1,18,1,4,0,1,1,0,1,0,0000000,99,99,99,99,99,99,0,0,0,1,0
51,510458,1,1,0,1,1,1,1,33,0,11,8,2011,5,12,25,1,2,2,US-1,CEDON RD,1301,38.06126944,-77.518672220,0,9,0,0,3,3,1,0,1,1,0,1,0,0000000,99,99,99,99,88,88,0,0,0,1,0
51,510459,2,2,0,0,0,3,3,69,0,29,8,2011,2,16,10,1,1,1,I-81 SOUTH,,3075,39.07606944,-78.222700000,0,12,7,1,18,1,1,0,1,1,0,1,0,0000000,99,99,99,99,99,99,0,0,0,1,0
51,510460,3,3,0,0,0,3,3,107,0,31,8,2011,4,6,21,1,2,2,US-15,,2094,39.01441944,-77.613250000,0,12,2,0,1,1,1,0,1,1,0,1,0,0000000,99,99,99,99,99,99,0,0,0,1,0
51,510461,2,2,0,0,0,3,3,41,0,30,8,2011,3,18,41,1,13,2,US-360,,1325,37.45830278,-77.548972220,0,59,0,0,1,1,3,0,1,1,0,1,0,0000000,99,99,99,99,99,99,0,0,0,1,0
51,510462,2,2,0,0,0,2,2,109,0,19,8,2011,6,9,55,9,99,9,CROSS COUNTRY RD,PAYNES MILL RD,99999,37.82829444,-77.895297220,0,12,6,1,2,2,1,0,1,1,0,1,0,0000000,9,55,10,11,11,10,0,0,0,1,0
51,510463,2,2,0,0,0,3,3,161,0,14,8,2011,1,12,20,9,99,9,BENT MT ROAD,,99999,37.18923056,-80.118011110,0,12,2,0,1,1,1,0,1,1,0,1,0,0000000,99,99,99,99,99,99,0,0,0,1,0
51,510464,1,1,0,0,0,1,1,830,2630,23,8,2011,3,12,3,1,13,2,US-60,,2371,37.30426944,-76.728602780,0,42,0,0,1,1,3,0,1,1,0,1,0,0000000,99,99,99,99,99,99,0,0,0,1,0
51,510465,1,1,0,1,1,1,1,700,1720,8,8,2011,2,8,40,9,14,2,US-60,,2640,37.01865833,-76.451197220,0,8,0,0,1,1,1,0,3,1,0,1,0,0000000,99,99,99,99,88,88,0,0,0,1,0
51,510466,1,1,0,0,0,1,1,710,1760,1,8,2011,2,8,49,1,2,3,SR-165,,323,36.87440278,-76.206408330,0,33,0,0,1,1,4,0,1,1,0,1,0,0000000,99,99,99,99,99,99,0,0,0,1,0
51,510467,2,1,1,0,0,1,1,59,0,8,8,2011,2,2,10,1,11,1,I-95 NORTH,,1647,38.70011111,-77.224761110,0,45,0,1,18,1,1,2,3,1,0,1,0,0000000,99,99,99,99,88,88,0,0,0,1,0
51,510468,3,3,0,1,1,2,2,550,468,1,9,2011,5,20,22,1,11,1,I-64,,2938,36.75783056,-76.297258330,0,12,1,1,18,1,1,0,2,1,0,1,0,0000000,99,99,99,99,99,99,23,0,0,1,0
51,510469,1,1,0,0,0,3,3,173,0,3,9,2011,7,14,21,1,2,1,I-81,,99999,36.81595000,-81.557177780,0,42,0,1,18,1,3,0,1,1,0,1,0,0000000,99,99,99,99,99,99,0,0,0,1,0
51,510470,1,1,0,1,1,1,1,810,2540,3,9,2011,7,7,14,0,14,6,5776 LYNHAVEN PKWAY,,1,36.72595278,-76.040583330,0,8,0,0,1,1,4,0,1,1,0,1,0,0000000,99,99,99,99,99,99,0,0,0,1,0
51,510471,2,2,0,0,0,4,4,61,0,3,9,2011,7,8,20,0,4,3,SR-215,,15,38.75578889,-77.675786110,0,12,2,0,1,1,1,0,1,1,0,1,0,0000000,99,99,99,99,99,99,0,0,0,2,0
51,510472,2,1,1,0,0,1,1,31,0,3,9,2011,7,0,45,1,13,2,US-460,,6,37.31513056,-79.262269440,0,1,0,0,1,1,4,0,2,1,0,1,0,0000000,99,99,99,99,99,99,0,0,0,1,1
51,510473,1,1,0,0,0,4,4,59,0,15,8,2011,2,7,31,1,13,3,SR-30,,96,38.93714722,-77.268305560,0,25,0,0,1,1,4,0,1,1,0,1,0,0000000,99,99,99,99,99,99,0,0,0,1,0
51,510474,1,1,0,0,0,1,1,41,0,4,9,2011,1,9,11,9,99,9,GRAVELBROOK DR,,99999,37.44538889,-77.492911110,0,42,0,0,8,1,4,0,1,1,0,1,0,0000000,99,99,99,99,99,99,0,0,0,1,0
51,510475,2,2,0,0,0,3,3,59,0,4,9,2011,1,15,43,1,13,2,US-50,PATRICK HENRY DR,802,38.86840000,-77.146897220,0,12,6,0,2,2,1,0,1,1,0,1,0,0000000,99,99,99,99,99,99,0,0,0,2,0
51,510476,1,1,0,0,0,3,3,103,0,5,9,2011,2,1,30,1,2,4,RT-605,,3,37.74452222,-76.400469440,0,35,0,0,1,1,4,0,2,1,0,1,0,0000000,99,99,99,99,99,99,0,0,0,2,1
51,510477,1,1,0,0,0,1,1,710,1760,6,9,2011,3,15,20,1,13,9,TIDEWATER DR,,312,36.95721389,-76.258441670,0,33,0,0,1,1,4,0,1,1,0,1,0,0000000,99,99,99,99,99,99,0,0,0,1,0
51,510478,1,1,0,0,0,1,1,197,0,6,9,2011,3,7,10,1,1,1,I-77 SOUTH,,264,36.87151944,-80.872430560,0,24,0,1,18,1,4,0,1,2,0,2,0,0000000,99,99,99,99,88,88,0,0,0,1,0
51,510479,1,1,0,0,0,2,2,153,0,5,9,2011,2,11,32,0,2,4,JOPLIN RD,,213,38.56685833,-77.412413890,0,34,0,0,1,1,4,0,1,1,0,1,0,0000000,99,99,99,99,99,99,0,0,0,1,1
51,510480,1,1,0,0,0,1,1,137,0,6,9,2011,3,11,40,1,2,3,SR-3,,158,38.36514722,-77.766380560,0,31,0,0,1,1,4,0,1,2,0,2,0,0000000,99,99,99,99,99,99,0,0,0,1,0