STATE,ST_CASE,VE_TOTAL,VE_FORMS,PVH_INVL,PEDS,PERNOTMVIT,PERMVIT,PERSONS,COUNTY,CITY,DAY,MONTH,YEAR,DAY_WEEK,HOUR,MINUTE,NHS,ROAD_FNC,ROUTE,TWAY_ID,TWAY_ID2,MILEPT,LATITUDE,LONGITUD,SP_JUR,HARM_EV,MAN_COLL,RELJCT1,RELJCT2,TYP_INT,REL_ROAD,WRK_ZONE,LGT_COND,WEATHER1,WEATHER2,WEATHER,SCH_BUS,RAIL,NOT_HOUR,NOT_MIN,ARR_HOUR,ARR_MIN,HOSP_HR,HOSP_MN,CF1,CF2,CF3,FATALS,DRUNK_DR
51,510481,1,1,0,0,0,2,2,117,0,5,9,2011,2,11,43,1,1,1,I-85,,62,36.62558611,-78.140172220,0,24,0,0,1,1,3,0,1,1,0,1,0,0000000,99,99,99,99,99,99,0,0,0,1,0
51,510482,1,1,0,0,0,1,1,161,0,4,9,2011,1,20,27,0,4,2,US-460,PEACEFUL DRIVE,1392,37.23838056,-80.184400000,0,52,0,0,3,3,4,0,2,1,0,1,0,0000000,99,99,99,99,99,99,0,0,0,1,0
51,510483,2,2,0,0,0,2,2,550,468,5,9,2011,2,15,40,1,2,6,BRUCE RD,,7,36.84511389,-76.413130560,0,59,0,0,1,1,1,0,1,1,0,1,0,0000000,99,99,99,99,99,99,0,0,0,1,0
51,510484,1,1,0,0,0,1,1,191,0,8,9,2011,5,22,24,9,99,3,SR-91,,99999,36.63075000,-81.783169440,0,35,0,0,1,1,4,0,2,1,0,1,0,0000000,99,99,99,99,88,88,0,0,0,1,1
51,510485,1,1,0,0,0,1,1,41,0,10,9,2011,7,10,16,9,4,4,NASH ROAD,,38,37.29803056,-77.565030560,0,35,0,0,1,1,4,0,1,1,0,1,0,0000000,99,99,99,99,88,88,0,0,0,1,0
51,510486,2,2,0,0,0,5,5,131,0,5,9,2011,2,12,0,1,2,2,US-13,,958,37.54402500,-75.812922220,0,12,1,0,1,1,2,0,1,1,0,1,0,0000000,99,99,99,99,99,99,0,0,0,1,0
51,510487,2,2,0,0,0,3,3,193,0,9,9,2011,6,19,40,1,2,3,SR-205,RT-631,80,38.12699444,-77.022872220,0,12,6,0,2,3,1,0,2,1,0,1,0,0000000,99,99,99,99,99,99,0,0,0,1,0
51,510488,1,1,0,0,0,3,3,105,0,12,9,2011,2,14,50,1,2,2,US-58B,,11,36.63323056,-83.448972220,0,42,0,0,1,1,4,0,1,1,0,1,0,0000000,99,99,99,99,99,99,0,0,0,2,0
51,510489,1,1,0,0,0,1,1,143,0,14,9,2011,4,11,0,0,99,4,RT-750,,278,36.94641944,-79.525480560,0,1,0,0,1,1,1,0,1,1,0,1,0,0000000,99,99,99,99,88,88,0,0,0,1,0
51,510490,1,1,0,0,0,1,1,41,0,12,9,2011,2,20,16,1,13,3,SR-10,,174,37.35443889,-77.407719440,0,25,0,0,1,1,3,0,2,1,0,1,0,0000000,99,99,99,99,99,99,0,0,0,1,0
51,510491,1,1,0,0,0,1,1,109,0,15,9,2011,5,23,1,1,1,1,I-64,,1360,37.95610833,-78.226775000,0,24,0,1,18,1,3,0,2,1,0,1,0,0000000,99,99,99,99,88,88,0,0,0,1,1
51,510492,1,1,0,0,0,1,1,169,0,18,9,2011,1,9,15,1,2,2,US-23,,41,36.63719167,-82.568994440,0,24,0,0,1,1,4,0,1,1,0,1,0,0000000,99,99,99,99,88,88,0,0,0,1,0
51,510493,2,2,0,0,0,2,2,109,0,18,9,2011,1,13,40,1,2,2,US-33,,1029,37.87302500,-77.808180560,0,12,2,0,1,1,1,0,1,1,0,1,0,0000000,99,99,99,99,88,88,0,0,0,1,0
51,510494,1,1,0,0,0,1,1,175,0,9,9,2011,6,2,31,9,99,3,SR-35,,190,36.76419167,-77.092094440,0,7,0,0,1,1,5,0,2,5,0,5,0,0000000,99,99,99,99,88,88,5,0,0,1,0
51,510495,1,1,0,0,0,1,1,143,0,20,9,2011,3,14,30,1,2,4,RT-688,,150,37.10119444,-79.245544440,0,52,0,0,1,1,4,0,1,1,0,1,0,0000000,99,99,99,99,88,88,0,0,0,1,0
51,510496,1,1,0,0,0,1,1,740,1970,17,6,2011,6,0,34,1,13,2,US-17,,280,36.82869444,-76.339058330,0,33,0,0,1,1,4,0,3,1,0,1,0,0000000,99,99,99,99,88,88,0,0,0,1,1
51,510497,1,1,0,0,0,1,1,121,0,20,9,2011,3,10,9,1,2,4,PLUM CREEK RD,,14,37.12763056,-80.477688890,0,38,0,1,18,1,4,0,1,1,0,1,0,0000000,10,8,10,16,99,99,0,0,0,1,0
51,510498,2,2,0,0,0,2,2,179,0,20,9,2011,3,4,12,9,99,9,HARRELL RD,,99999,38.33021111,-77.456575000,0,34,0,0,1,1,3,0,2,1,0,1,0,0000000,99,99,99,99,99,99,0,0,0,1,0
51,510499,2,2,0,0,0,2,2,171,0,23,9,2011,6,14,38,1,2,4,RT-675,,91,38.85093056,-78.602961110,0,1,0,0,1,1,1,0,1,2,0,2,0,0000000,99,99,99,99,99,99,0,0,0,1,0
51,510500,2,2,0,0,0,2,2,87,0,23,9,2011,6,14,16,9,99,4,DARBYTOWN RD,CHARLES CITY RD,108,37.44559722,-77.233458330,0,12,6,0,2,2,1,0,1,2,0,2,0,0000000,14,20,14,33,15,10,0,0,0,1,0
51,510501,1,1,0,0,0,1,1,165,0,23,9,2011,6,10,26,9,99,2,US-340,,497,38.45016111,-78.617180560,0,18,0,0,1,1,1,0,1,2,0,2,0,0000000,99,99,99,99,88,88,0,0,0,1,0
51,510502,1,1,0,0,0,1,1,87,0,23,9,2011,6,3,27,1,11,1,I-295 NB,,299,37.45414722,-77.318772220,0,42,0,1,18,1,4,0,2,2,0,2,0,0000000,99,99,99,99,88,88,0,0,0,1,0
51,510503,1,1,0,0,0,2,2,105,0,25,9,2011,1,1,0,1,2,2,US-23,,281,36.80949167,-82.790113890,0,35,0,0,1,1,4,0,2,1,0,1,0,0000000,8,22,8,35,9,10,0,0,0,1,0
51,510504,2,1,1,0,0,1,1,710,1760,25,9,2011,1,0,31,1,13,2,US-58,,4966,36.85524444,-76.198469440,0,14,0,0,1,1,4,0,3,2,0,2,0,0000000,99,99,99,99,88,88,0,0,0,1,1
51,510505,1,1,0,0,0,1,1,121,0,26,9,2011,2,0,15,1,1,1,I-81,,1070,37.08599444,-80.587205560,0,24,0,1,18,1,4,0,2,1,0,1,0,0000000,0,23,0,35,1,31,0,0,0,1,1
51,510506,1,1,0,0,0,1,1,179,0,27,9,2011,3,16,20,0,6,4,KELLOGG MILL RD,,1,38.39777778,-77.531891670,0,42,0,0,1,1,4,0,1,1,0,1,0,0000000,99,99,99,99,88,88,0,0,0,1,0
51,510507,1,1,0,0,0,2,2,35,0,22,9,2011,5,22,8,0,3,2,US-58 BYPASS,,2027,36.75841667,-80.738869440,0,11,0,1,18,1,1,0,2,1,0,1,0,0000000,99,99,99,99,99,99,0,0,0,1,0
51,510508,2,2,0,0,0,2,2,183,0,27,9,2011,3,1,15,1,13,1,I-95,,203,36.81753056,-77.454986110,0,12,1,1,18,1,2,0,2,1,0,1,0,0000000,1,28,1,50,2,23,0,0,0,1,0
51,510509,2,2,0,0,0,2,2,87,0,28,9,2011,4,16,28,1,13,4,PARHAM ROAD,LYDELL DRIVE,86,37.63831389,-77.478738890,0,12,6,0,2,2,1,0,1,1,0,1,0,0000000,99,99,99,99,88,88,0,0,0,1,0
51,510510,1,1,0,0,0,1,1,153,0,30,9,2011,6,8,45,1,11,1,I-95,,1607,38.66461944,-77.274519440,0,24,0,1,18,1,4,0,1,1,0,1,0,0000000,99,99,99,99,99,99,0,0,0,1,0
51,510511,1,1,0,1,1,1,1,650,1180,29,9,2011,5,22,28,1,2,3,SR-415,W QUEEN ST,14,37.03519167,-76.396908330,0,8,0,0,2,2,1,0,2,1,0,1,0,0000000,99,99,99,99,99,99,0,0,0,1,0
51,510512,2,2,0,0,0,2,2,1,0,28,9,2011,4,21,15,9,99,4,RT-658,,78,37.46255278,-75.395761110,0,12,2,0,1,1,1,0,2,2,0,2,0,0000000,99,99,99,99,99,99,0,0,0,1,0
51,510513,2,2,0,0,0,2,2,149,0,30,9,2011,6,11,39,0,4,2,US-301,,426,37.05536944,-77.212333330,0,12,1,0,1,1,1,0,1,1,0,1,0,0000000,99,99,99,99,99,99,0,0,0,1,0
51,510514,1,1,0,0,0,1,1,760,2060,22,9,2011,5,8,6,1,12,3,SR-199,,123,37.53285278,-77.512333330,0,21,0,0,1,1,4,0,1,2,0,2,0,0000000,99,99,99,99,99,99,13,0,0,1,0
51,510515,1,1,0,1,1,1,1,13,0,16,9,2011,6,2,57,1,2,3,SR-51,,50,38.88783611,-77.079402780,0,8,0,0,1,1,1,0,2,1,0,1,0,0000000,99,99,99,99,99,99,0,0,0,1,0
51,510516,1,1,0,0,0,1,1,127,0,3,7,2011,1,23,56,0,14,3,SR-155,,97,37.47055278,-77.032691670,0,30,0,0,1,1,4,0,2,2,0,2,0,0000000,99,99,99,99,99,99,0,0,0,1,1
51,510517,1,1,0,0,0,1,1,590,720,4,9,2011,1,10,0,1,2,3,SR-51,,50,36.58286944,-79.445261110,0,53,0,0,1,1,4,0,1,1,0,1,0,0000000,99,99,99,99,99,99,0,0,0,1,0
51,510518,2,2,0,0,0,2,2,143,0,29,9,2011,5,9,35,0,4,3,SR-57,,632,36.81699444,-79.348827780,0,12,2,0,1,1,1,0,1,1,0,1,0,0000000,99,99,99,99,99,99,0,0,0,1,0
51,510519,2,2,0,0,0,3,3,145,0,21,9,2011,4,14,45,0,4,3,SR-13,,180,37.52261111,-77.961372220,0,12,6,0,1,1,1,0,1,2,0,2,0,0000000,99,99,99,99,99,99,0,0,0,1,0
51,510520,2,2,0,0,0,2,2,700,1720,30,9,2011,6,7,35,1,13,3,SR-143,KINGS RIDGE DR,220,37.15692778,-76.534533330,0,33,0,0,3,8,4,0,1,1,0,1,1,0000000,99,99,99,99,99,99,0,0,0,1,0
51,510521,3,3,0,0,0,4,4,59,0,10,8,2011,4,18,4,9,99,4,BACKLICK RD,,6,38.74553333,-77.187569440,0,12,2,0,1,1,1,0,1,1,0,1,0,0000000,99,99,99,99,99,99,0,0,0,3,0
51,510522,1,1,0,0,0,1,1,760,2060,29,9,2011,5,9,49,1,13,2,US-360,,1400,37.52678056,-77.435038890,0,24,0,0,1,1,4,0,1,1,0,1,0,0000000,99,99,99,99,88,88,0,0,0,1,0
51,510523,2,2,0,0,0,2,2,153,0,24,9,2011,7,8,9,1,2,4,BALLS FORD RD,,35,38.79288056,-77.542988890,0,12,1,0,1,1,2,0,1,1,0,1,0,0000000,99,99,99,99,99,99,0,0,0,1,0
51,510524,1,1,0,0,0,1,1,65,0,8,9,2011,5,2,30,0,15,2,US-250,,1068,37.98510000,-78.317838890,0,18,0,0,1,1,1,0,2,1,0,1,0,0000000,99,99,99,99,99,99,0,0,0,1,0
51,510525,2,2,0,0,0,5,5,191,0,10,9,2011,7,18,35,0,15,3,SR-75,FAIRWAY DR,42,36.69203611,-81.975655560,0,12,6,0,2,2,1,0,1,1,0,1,0,0000000,99,99,99,99,99,99,0,0,0,1,0
51,510526,1,1,0,1,1,1,1,13,0,4,10,2011,3,16,10,1,11,1,I-395 NORTH,,75,38.84733889,-77.078619440,0,8,0,1,18,1,1,4,1,1,0,1,0,0000000,99,99,99,99,88,88,0,0,0,1,0
51,510527,2,2,0,0,0,3,3,23,0,3,10,2011,2,21,30,1,13,2,US-220,,1021,37.70568889,-79.815311110,0,12,6,0,1,1,1,0,2,1,0,1,0,0000000,99,99,99,99,99,99,0,0,0,1,1
51,510528,2,2,0,0,0,3,3,127,0,2,10,2011,1,22,25,1,1,1,I-64 EAST,,2082,37.51438889,-77.228736110,0,12,1,1,18,1,1,0,2,1,0,1,0,0000000,99,99,99,99,88,88,0,0,0,1,0
51,510529,2,2,0,0,0,3,3,700,1720,3,10,2011,2,16,30,9,99,4,ACHIEVEMENT WAY,,0,37.09915833,-76.474472220,0,12,2,0,1,1,1,0,1,1,0,1,0,0000000,99,99,99,99,99,99,0,0,0,1,0
51,510530,1,1,0,0,0,4,4,810,2540,1,10,2011,7,1,10,0,15,6,WEST NECK ROAD,,14,36.69851111,-76.044011110,0,34,0,0,1,1,4,0,2,2,0,2,0,0000000,99,99,99,99,99,99,0,0,0,1,1
51,510531,1,1,0,0,0,1,1,87,0,4,10,2011,3,4,8,0,15,4,BEULAH ROAD,,30,37.51538056,-77.303700000,0,42,0,0,1,1,4,0,2,1,0,1,0,0000000,99,99,99,99,99,99,0,0,0,1,0
51,510532,2,2,0,0,0,2,2,760,2060,5,10,2011,4,15,20,0,15,6,TERMINAL AVE,LANEWOOD DR,4,37.48216111,-77.452411110,0,12,6,0,2,3,1,0,1,1,0,1,1,0000000,99,99,99,99,88,88,0,0,0,1,1
51,510533,3,3,0,0,0,3,3,800,2390,3,10,2011,2,13,33,1,13,2,US-58,CHAPELL DR,4617,36.69834722,-76.710194440,0,12,1,0,2,2,1,0,1,1,0,1,0,0000000,13,47,14,5,14,23,0,0,0,1,0
51,510534,1,1,0,1,1,1,1,700,1720,6,10,2011,5,23,46,1,13,3,SR-143,,114,37.02162222,-76.445900000,0,8,0,1,18,1,1,0,3,1,0,1,0,0000000,99,99,99,99,99,99,0,0,0,1,0
51,510535,1,1,0,0,0,5,5,67,0,7,10,2011,6,1,3,9,6,4,RT-761,,10,36.84751111,-79.921330560,0,42,0,0,1,1,4,0,2,1,0,1,0,0000000,99,99,99,99,99,99,0,0,0,1,1
51,510536,1,1,0,0,0,2,2,89,0,8,10,2011,7,4,17,0,15,3,SR-57,,223,36.69846944,-79.931736110,0,35,0,0,1,1,4,0,2,1,0,1,0,0000000,7,10,7,24,8,12,0,0,0,1,1
51,510537,1,1,0,0,0,2,2,17,0,8,10,2011,7,5,30,0,6,4,RT-609,,100,38.16480000,-79.652188890,0,17,0,0,1,1,4,0,2,5,0,5,0,0000000,99,99,99,99,99,99,0,0,0,1,0
51,510538,1,1,0,0,0,1,1,700,1720,9,10,2011,1,1,20,1,11,1,I-64 EAST,,2477,37.20454167,-76.573855560,0,24,0,1,18,1,3,0,2,1,0,1,0,0000000,99,99,99,99,88,88,0,0,0,1,1
51,510539,2,2,0,0,0,2,2,1,0,9,10,2011,1,13,31,1,2,2,US-13,RT-691,1321,37.85446944,-75.561930560,0,12,6,0,2,3,1,0,1,1,0,1,0,0000000,13,32,13,45,99,99,0,0,0,1,0
51,510540,1,1,0,0,0,1,1,89,0,10,10,2011,2,15,59,1,12,2,US-58,,2688,36.63668333,-79.834580560,0,35,0,0,1,1,3,0,1,1,0,1,0,0000000,99,99,99,99,88,88,0,0,0,1,0
51,510541,1,1,0,0,0,1,1,520,300,8,10,2011,7,9,21,0,14,6,KING MILL PIKE,,15,36.60944722,-82.149986110,0,30,0,0,1,1,4,0,1,1,0,1,0,0000000,99,99,99,99,99,99,0,0,0,1,1
51,510542,1,1,0,1,1,1,1,550,468,3,10,2011,2,7,37,9,99,4,TERRY DRIVE,BRITTANY WAY,99999,36.84516111,-76.401311110,0,8,0,0,2,2,1,0,1,1,0,1,0,0000000,99,99,99,99,99,99,0,0,0,1,0
51,510543,2,2,0,0,0,2,2,760,2060,3,10,2011,2,21,35,1,13,2,US-250,STAPLES MILL,1620,37.58148889,-77.493297220,0,12,6,0,2,2,1,0,3,1,0,1,0,0000000,99,99,99,99,99,99,0,0,0,1,0
51,510544,2,2,0,0,0,6,6,3,0,3,10,2011,2,22,19,0,4,4,OLD LYNCHBURG RD,,59,37.95284167,-78.562275000,0,12,2,0,1,1,1,0,2,1,0,1,0,0000000,99,99,99,99,99,99,0,0,0,1,0
51,510545,2,2,0,0,0,2,2,9,0,11,10,2011,3,9,45,0,4,4,PIEDMONT RD,RIVERVILLE RD,594,37.52803889,-78.910222220,0,12,6,0,2,2,1,0,1,2,0,2,0,0000000,99,99,99,99,99,99,0,0,0,1,0
51,510546,2,2,0,0,0,2,2,550,468,8,10,2011,7,15,12,0,4,4,2701 ELBOW RD,,176,36.74462500,-76.154225000,0,12,2,0,1,1,1,0,1,1,0,1,0,0000000,99,99,99,99,99,99,0,0,0,1,1
51,510547,1,1,0,1,1,1,1,41,0,6,10,2011,5,19,28,0,14,6,ROBIOUS ROAD,,287,37.53720000,-77.637680560,0,8,0,0,1,1,1,0,2,1,0,1,0,0000000,99,99,99,99,99,99,0,0,0,1,0
51,510548,1,1,0,0,0,1,1,167,0,12,10,2011,4,1,0,0,14,4,RT-67,,21,37.07661944,-81.906061110,0,35,0,0,1,1,4,0,2,2,0,2,0,0000000,99,99,99,99,88,88,0,0,0,1,1
51,510549,1,1,0,0,0,1,1,125,0,12,10,2011,4,6,3,0,4,3,SR-151,,74,37.96430278,-78.834900000,0,1,0,0,1,1,4,0,2,2,0,2,0,0000000,99,99,99,99,99,99,0,0,0,1,1
51,510550,3,3,0,0,0,3,3,169,0,12,10,2011,4,7,50,0,99,3,SR-151,,299,36.69415000,-82.474605560,0,12,2,0,1,1,1,0,1,5,0,5,0,0000000,7,51,7,59,99,99,0,0,0,1,0
51,510551,1,1,0,0,0,1,1,83,0,12,10,2011,4,21,0,0,3,3,SR-742,,72,36.68236111,-78.862238890,0,1,0,0,1,1,1,0,2,2,0,2,0,0000000,21,2,21,6,21,46,0,0,0,1,0
51,510552,2,2,0,0,0,2,2,59,0,14,8,2011,1,1,3,0,6,4,LEE HWY,,6,38.84280000,-77.385316670,0,12,1,0,1,1,1,0,2,1,0,1,0,0000000,99,99,99,99,99,99,0,0,0,1,0
51,510553,1,1,0,1,1,1,1,41,0,5,10,2011,4,21,40,0,15,4,12500 OLD BUCKINGHAM RD,,5,37.50888333,-77.631888890,0,8,0,0,1,1,1,0,2,1,0,1,0,0000000,99,99,99,99,99,99,0,0,0,1,0
51,510554,2,2,0,0,0,4,4,41,0,13,10,2011,5,20,8,0,14,4,QUALLA RD,,90,37.40780000,-77.592711110,0,12,6,0,1,1,1,0,2,2,0,2,0,0000000,99,99,99,99,99,99,7,0,0,1,1
51,510555,1,1,0,0,0,1,1,1,0,13,10,2011,5,20,5,0,5,4,RT-702,,15,37.92596944,-75.581261110,0,34,0,0,1,1,4,0,2,1,0,1,0,0000000,99,99,99,99,88,88,0,0,0,1,1
51,510556,1,1,0,1,1,1,1,19,0,15,10,2011,7,4,38,0,14,2,US-221,,1427,37.36551111,-79.265819440,0,8,0,0,1,1,1,0,2,1,0,1,0,0000000,99,99,99,99,88,88,0,0,0,1,0
51,510557,1,1,0,0,0,1,1,41,0,14,10,2011,6,21,10,0,15,4,531 SOUTHLAKE BLVD,,6,37.49954722,-77.596913890,0,42,0,0,1,1,4,0,2,1,0,1,0,0000000,99,99,99,99,99,99,0,0,0,1,0
51,510558,3,3,0,0,0,3,3,167,0,15,10,2011,7,11,9,0,3,3,SR-71,,342,36.75123333,-82.416816670,0,12,2,0,1,1,1,0,1,1,0,1,0,0000000,11,12,11,23,11,50,0,0,0,1,1
51,510559,2,2,0,0,0,2,2,770,2100,14,10,2011,6,15,47,0,3,3,SR-71,OLD ROCKY MOUNT RD SW,342,37.21993333,-79.966116670,0,12,6,0,2,2,1,0,1,1,0,1,0,0000000,99,99,99,99,99,99,0,0,0,1,0
51,510560,1,1,0,0,0,1,1,57,0,14,10,2011,6,20,18,0,4,4,RT-627,,41,37.94661944,-77.006438890,0,34,0,0,1,1,4,0,2,1,0,1,0,0000000,99,99,99,99,99,99,0,0,0,1,1
51,510561,1,1,0,0,0,1,1,7,0,14,10,2011,6,20,15,0,6,4,RT-603,,41,37.30818056,-78.011611110,0,42,0,0,1,1,4,0,2,1,0,1,0,0000000,99,99,99,99,88,88,20,0,0,1,0
51,510562,2,2,0,0,0,7,7,117,0,16,10,2011,1,14,56,1,2,2,US-58,SR-730,3436,36.63080000,-78.634350000,0,12,6,0,2,2,1,0,1,1,0,1,0,0000000,99,99,99,99,99,99,0,0,0,2,0
51,510563,1,1,0,0,0,1,1,9,0,16,10,2011,1,14,8,1,2,2,US-29,,93,37.62336944,-79.009938890,0,5,0,0,1,1,4,0,1,1,0,1,0,0000000,99,99,99,99,99,99,0,0,0,1,0
51,510564,1,1,0,1,1,1,1,85,0,14,10,2011,6,23,18,1,2,4,CR-637,CHARTER GATE DR,1321,37.68974722,-77.438130560,0,8,0,0,3,2,1,0,2,1,0,1,0,0000000,99,99,99,99,99,99,0,0,0,1,0
51,510565,2,2,0,0,0,2,2,810,2540,18,10,2011,3,17,30,9,99,4,2600 WEST NECK RD,2600 N LANDING RD,99999,36.75015278,-76.064347220,0,12,2,0,3,3,1,0,1,1,0,1,0,0000000,99,99,99,99,99,99,0,0,0,1,0
51,510566,1,1,0,0,0,1,1,710,1760,18,10,2011,3,13,55,9,14,3,SR-406,,12,36.92078333,-76.282572220,0,24,0,0,1,1,4,0,1,1,0,1,0,0000000,99,99,99,99,99,99,0,0,0,1,1
51,510567,2,2,0,0,0,2,2,85,0,12,10,2011,4,23,54,1,13,2,US-360,ELM DRIVE,1467,37.59895833,-77.377625000,0,12,6,0,3,2,1,0,2,2,0,2,0,0000000,99,99,99,99,99,99,0,0,0,1,0
51,510568,1,1,0,1,1,1,1,550,468,9,10,2011,1,19,53,0,6,4,BATTLEFIELD BLVD,,260,36.75491667,-76.247172220,0,8,0,0,1,1,1,0,3,1,0,1,0,0000000,99,99,99,99,99,99,0,0,0,1,0
51,510569,1,1,0,0,0,1,1,19,0,20,10,2011,5,2,32,0,3,2,US-221,,1292,37.33563611,-79.528838890,0,32,0,0,1,1,4,0,2,1,0,1,0,0000000,99,99,99,99,88,88,0,0,0,1,1
51,510570,1,1,0,0,0,2,2,105,0,20,10,2011,5,1,0,0,6,4,RT-758,,26,36.60476667,-83.275319440,0,17,0,0,1,1,4,0,2,2,0,2,0,0000000,1,20,1,34,2,13,0,0,0,1,0
51,510571,1,1,0,0,0,1,1,550,468,21,10,2011,6,4,25,0,15,6,BELLS MILL RD,,7,36.72361111,-76.275019440,0,53,0,0,1,1,4,0,3,1,0,1,0,0000000,99,99,99,99,88,88,0,0,0,1,1
51,510572,1,1,0,0,0,1,1,173,0,22,10,2011,7,13,27,1,1,1,I-81,,520,99.99990000,999.999900000,0,21,0,1,18,1,3,0,1,1,0,1,0,0000000,99,99,99,99,99,99,0,0,0,1,0
51,510573,2,2,0,0,0,5,5,590,720,23,10,2011,1,10,50,1,13,3,SR-86,CHATLAINE AVE,21,36.57107500,-79.404691670,0,12,1,0,2,3,1,0,1,1,0,1,0,0000000,99,99,99,99,99,99,0,0,0,1,0
51,510574,1,1,0,0,0,1,1,7,0,23,10,2011,1,16,0,0,6,4,NEW RIVER RD,,4,37.37889722,-78.212527780,0,1,0,0,1,1,4,0,1,1,0,1,0,0000000,16,8,16,15,99,99,0,0,0,1,0
51,510575,1,1,0,1,1,1,1,790,2330,25,10,2011,3,8,9,1,13,3,SR-254,HAYES AVE,85,38.15256944,-79.089147220,0,8,0,0,3,1,1,0,1,1,0,1,0,0000000,99,99,99,99,88,88,0,0,0,1,0
51,510576,1,1,0,1,1,1,1,760,2060,21,10,2011,6,20,54,1,13,2,US-360,,1360,37.48945556,-77.493308330,0,9,0,0,1,1,1,0,2,1,0,1,0,0000000,99,99,99,99,99,99,0,0,0,1,0
51,510577,1,1,0,1,1,1,1,800,2390,22,10,2011,7,20,17,1,13,3,SR-32,GRANBY ST,126,36.72247222,-76.588186110,0,8,0,0,3,3,1,0,2,1,0,1,0,0000000,99,99,99,99,99,99,0,0,0,1,0
51,510578,2,2,0,0,0,4,4,69,0,25,10,2011,3,20,55,0,6,4,RT-649,,33,39.11563889,-78.254855560,0,12,2,0,1,1,1,0,2,1,0,1,0,0000000,99,99,99,99,99,99,0,0,0,1,0
51,510579,1,1,0,0,0,1,1,185,0,6,10,2011,5,21,44,1,2,2,US-19,,519,37.00806944,-81.796472220,0,59,0,0,1,1,4,0,2,1,0,1,0,0000000,88,88,88,88,88,88,0,0,0,1,1
51,510580,2,2,0,0,0,2,2,630,1020,27,10,2011,5,7,9,1,13,2,US-1,AUGUSTINE AVE,1475,38.30447222,-77.480711110,0,12,6,0,2,2,1,0,4,1,0,1,0,0000000,99,99,99,99,99,99,0,0,0,1,0
51,510581,1,1,0,0,0,1,1,810,2540,16,10,2011,1,14,2,9,99,4,LAKE JAMES DR,,0,36.79688889,-76.178600000,0,33,0,0,1,1,4,0,1,1,0,1,0,0000000,99,99,99,99,99,99,0,0,0,1,1
51,510582,1,1,0,1,1,1,1,760,2060,28,10,2011,6,21,59,9,99,4,NORTH 5TH STREET,,0,37.54314167,-77.437213890,0,8,0,0,1,1,4,0,3,2,0,2,0,0000000,99,99,99,99,99,99,0,0,0,1,0
51,510583,1,1,0,1,1,1,1,125,0,29,10,2011,7,3,40,0,3,3,SR-151,,239,37.88951944,-78.874222220,0,8,0,0,1,1,1,0,2,2,0,2,0,0000000,88,88,88,88,88,88,0,0,0,1,0
51,510584,1,1,0,0,0,1,1,141,0,30,10,2011,1,14,25,0,3,3,SR-57,SR-848,42,36.75540833,-80.184222220,0,59,0,0,2,4,4,0,1,1,0,1,0,0000000,99,99,99,99,88,88,0,0,0,1,0
51,510585,2,2,0,0,0,2,2,810,2540,29,10,2011,7,8,12,9,99,4,1300DAM NECK RD,CORPORATE LANDING PKWAY,0,36.78605556,-76.008463890,0,12,6,0,2,2,1,0,1,1,0,1,0,0000000,99,99,99,99,99,99,0,0,0,1,0
51,510586,1,1,0,0,0,3,3,135,0,30,10,2011,1,14,38,0,4,3,SR-49,,648,37.16606389,-78.128877780,0,34,0,0,1,1,4,0,1,1,0,1,0,0000000,14,50,15,16,99,99,0,0,0,1,0
51,510587,1,1,0,0,0,1,1,109,0,31,10,2011,2,23,55,0,4,3,SR-208,,56,37.98494722,-78.043883330,0,1,0,0,1,1,4,0,2,1,0,1,0,0000000,99,99,99,99,88,88,0,0,0,1,1
51,510588,1,1,0,1,1,1,1,73,0,10,10,2011,2,20,0,0,4,4,HICKORY FORK RD,,121,37.38816944,-76.588730560,0,8,0,0,1,1,1,0,2,1,0,1,0,0000000,99,99,99,99,99,99,0,0,0,1,0
51,510589,1,1,0,0,0,2,2,23,0,16,10,2011,1,19,30,0,15,2,US-15,,1643,37.44324722,-79.852538890,0,11,0,0,1,1,1,0,1,1,0,1,0,0000000,99,99,99,99,99,99,0,0,0,1,0
51,510590,2,2,0,0,0,2,2,41,0,22,10,2011,7,13,41,1,13,2,US-360,BAILEY BRIDGE RD,930,37.43389444,-77.609644440,0,12,6,0,2,3,1,0,1,1,0,1,0,0000000,99,99,99,99,99,99,0,0,0,1,1
51,510591,1,1,0,0,0,1,1,27,0,1,11,2011,3,4,30,0,4,4,RT-647,,48,37.42248889,-81.974030560,0,1,0,0,1,1,4,0,2,1,0,1,0,0000000,99,99,99,99,88,88,0,0,0,1,0
51,510592,2,2,0,2,2,2,2,85,0,1,11,2011,3,5,47,1,11,1,I-95 NORTH,,921,37.75718056,-77.458575000,0,12,1,1,18,1,1,0,2,1,0,1,0,0000000,99,99,99,99,99,99,23,0,0,1,0
51,510593,3,3,0,0,0,4,4,650,1180,4,11,2011,6,14,15,0,14,9,WEST PEMBROKE AVE,,3,37.02028611,-76.373680560,0,12,2,0,1,1,1,0,1,1,0,1,0,0000000,99,99,99,99,99,99,0,0,0,1,0