STATE,ST_CASE,VE_TOTAL,VE_FORMS,PVH_INVL,PEDS,PERNOTMVIT,PERMVIT,PERSONS,COUNTY,CITY,DAY,MONTH,YEAR,DAY_WEEK,HOUR,MINUTE,NHS,ROAD_FNC,ROUTE,TWAY_ID,TWAY_ID2,MILEPT,LATITUDE,LONGITUD,SP_JUR,HARM_EV,MAN_COLL,RELJCT1,RELJCT2,TYP_INT,REL_ROAD,WRK_ZONE,LGT_COND,WEATHER1,WEATHER2,WEATHER,SCH_BUS,RAIL,NOT_HOUR,NOT_MIN,ARR_HOUR,ARR_MIN,HOSP_HR,HOSP_MN,CF1,CF2,CF3,FATALS,DRUNK_DR
51,510594,2,2,0,0,0,2,2,61,0,4,11,2011,6,13,4,0,3,3,SR-28,,69,38.62200000,-77.692038890,0,12,1,0,8,1,1,0,1,1,0,1,0,0000000,99,99,99,99,88,88,0,0,0,1,0
51,510595,1,1,0,0,0,2,2,51,0,3,11,2011,5,19,45,0,3,3,SR-80,,526,37.11061111,-82.155438890,0,42,0,0,1,1,4,0,2,2,0,2,0,0000000,99,99,99,99,99,99,0,0,0,1,0
51,510596,2,2,0,0,0,2,2,810,2540,4,11,2011,6,16,54,0,14,4,CULVER LANE,,648,36.76974167,-75.993063890,0,12,2,0,1,1,1,0,1,1,0,1,0,0000000,99,99,99,99,99,99,0,0,0,1,0
51,510597,2,2,0,0,0,3,3,193,0,4,11,2011,6,16,28,0,3,9,RT-202,,5,38.09153889,-76.719027780,0,12,2,0,1,1,1,0,1,1,0,1,1,0000000,99,99,99,99,99,99,0,0,0,2,1
51,510598,2,2,0,0,0,7,7,19,0,5,11,2011,7,13,30,0,3,3,SR-24,,93,37.27212778,-79.780897220,0,12,2,0,1,1,1,0,1,1,0,1,0,0000000,99,99,99,99,99,99,0,0,0,3,1
51,510599,1,1,0,0,0,1,1,197,0,6,11,2011,1,18,0,0,4,4,RT-607,,6,36.85700000,-80.841875000,0,35,0,0,1,1,4,0,2,1,0,1,0,0000000,99,99,99,99,99,99,0,0,0,1,1
51,510600,2,2,0,0,0,2,2,23,0,7,11,2011,2,14,30,0,4,2,US-11,,1775,37.51836389,-79.696711110,0,12,2,0,1,1,1,0,1,1,0,1,0,0000000,99,99,99,99,99,99,0,0,0,1,0
51,510601,1,1,0,0,0,2,2,171,0,8,11,2011,3,1,35,0,4,4,RT-651,,36,38.97047778,-78.445661110,0,35,0,0,1,1,4,0,2,1,0,1,0,0000000,99,99,99,99,99,99,0,0,0,1,1
51,510602,1,1,0,1,1,1,1,510,40,7,11,2011,2,18,48,1,11,1,I-395,,59,38.83237778,-77.105477780,0,8,0,1,18,1,1,0,3,1,0,1,0,0000000,99,99,99,99,99,99,0,0,0,1,0
51,510603,1,1,0,0,0,1,1,25,0,10,11,2011,5,1,40,1,1,1,I-85,,372,36.91042500,-77.778108330,0,24,0,1,18,1,3,0,2,1,0,1,0,0000000,99,99,99,99,99,99,0,0,0,1,0
51,510604,1,1,0,0,0,3,3,3,0,10,11,2011,5,19,51,0,16,4,HALF MILE BRANCH RD,,8,38.06135000,-78.725469440,0,42,0,0,1,1,4,0,2,1,0,1,0,0000000,99,99,99,99,99,99,0,0,0,2,1
51,510605,1,1,0,0,0,1,1,740,1970,5,10,2011,4,23,27,0,15,3,SR-124,NAVAL AVE,15,36.84137222,-76.308313890,0,33,0,0,3,3,4,0,2,1,0,1,0,0000000,99,99,99,99,88,88,0,0,0,1,0
51,510606,1,1,0,0,0,1,1,36,0,9,11,2011,4,11,11,0,3,3,SR-5,,397,37.28270000,-76.919700000,0,42,0,0,1,1,4,0,1,1,0,1,0,0000000,99,99,99,99,88,88,0,0,0,1,1
51,510607,4,4,0,1,1,4,4,85,0,8,3,2011,3,20,0,1,11,1,I-295,,145,37.62940000,-77.371366670,0,8,0,1,18,1,1,0,2,1,0,1,0,0000000,99,99,99,99,99,99,0,0,0,1,0
51,510608,2,2,0,0,0,2,2,3,0,11,11,2011,6,10,25,1,11,1,I-64 EAST,,1202,37.97556389,-78.211380560,0,12,7,1,17,1,1,0,1,1,0,1,0,0000000,99,99,99,99,88,88,0,0,0,1,0
51,510609,1,1,0,0,0,1,1,41,0,11,11,2011,6,21,51,0,15,4,SOUTHLAKE BLVD,BRANCHWAY RD,0,37.49965000,-77.607011110,0,35,0,0,3,8,4,0,2,1,0,1,0,0000000,99,99,99,99,88,88,20,0,0,1,1
51,510610,2,2,0,0,0,2,2,810,2540,13,11,2011,1,15,3,0,14,6,LYNNHAVEN PARKWAY,,2,36.80408333,-76.082841670,0,12,6,0,8,1,1,0,1,1,0,1,0,0000000,99,99,99,99,88,88,0,0,0,1,0
51,510611,1,1,0,0,0,2,2,59,0,12,11,2011,7,2,9,0,15,3,SR-228,PARK AVE,19,38.97788611,-77.378300000,0,33,0,0,2,4,4,0,2,1,0,1,0,0000000,99,99,99,99,99,99,0,0,0,2,1
51,510612,1,1,0,0,0,1,1,143,0,13,11,2011,1,2,15,0,6,4,RT-878,,5,36.63378056,-79.585019440,0,42,0,0,1,1,4,0,2,1,0,1,0,0000000,99,99,99,99,88,88,0,0,0,1,1
51,510613,1,1,0,0,0,1,1,3,0,13,11,2011,1,1,28,1,1,1,I-64,,1047,38.02123056,-78.426186110,0,1,0,0,1,1,3,0,2,1,0,1,0,0000000,99,99,99,99,99,99,0,0,0,1,1
51,510614,3,3,0,0,0,3,3,153,0,15,11,2011,3,14,36,1,2,2,US-29,,2235,38.81883889,-77.524050000,0,24,0,1,18,1,4,0,1,1,0,1,0,0000000,99,99,99,99,99,99,0,0,0,1,0
51,510615,3,3,0,0,0,6,6,53,0,11,11,2011,6,11,29,1,1,1,I-85,,587,37.07004722,-77.579072220,0,12,1,1,18,1,1,4,1,1,0,1,0,0000000,99,99,99,99,99,99,14,0,0,3,0
51,510616,1,1,0,0,0,1,1,57,0,15,11,2011,3,13,15,1,2,2,US-17,,1271,37.93758889,-76.867700000,0,32,0,0,1,1,4,0,1,1,0,1,0,0000000,99,99,99,99,88,88,0,0,0,1,0
51,510617,2,2,0,0,0,3,3,187,0,14,11,2011,2,11,45,1,1,1,I-66,,68,38.96208056,-78.194300000,0,12,1,1,18,1,1,0,1,1,0,1,0,0000000,99,99,99,99,99,99,0,0,0,1,0
51,510618,3,3,0,0,0,3,3,99,0,15,11,2011,3,10,16,1,2,3,SR-3,,514,38.26951389,-77.188636110,0,12,6,0,1,1,1,0,1,1,0,1,0,0000000,10,20,10,22,11,11,0,0,0,1,0
51,510619,1,1,0,0,0,1,1,43,0,13,11,2011,1,9,10,0,5,4,RT-601,,20,39.02628611,-77.943550000,0,43,0,0,1,1,4,0,1,1,0,1,0,0000000,99,99,99,99,99,99,0,0,0,1,0
51,510620,1,1,0,0,0,1,1,3,0,8,11,2011,3,18,50,0,14,3,SR-20,,328,37.94053056,-78.538188890,0,42,0,0,1,1,4,0,2,1,0,1,0,0000000,99,99,99,99,99,99,0,0,0,1,0
51,510621,1,1,0,0,0,2,2,43,0,17,11,2011,5,16,0,0,6,4,RT-668,,1,39.09020833,-78.064136110,0,42,0,0,1,1,4,0,1,1,0,1,0,0000000,99,99,99,99,99,99,0,0,0,1,1
51,510622,2,2,0,0,0,3,3,3,0,16,11,2011,4,22,3,0,14,4,SCOTTSVILLE RD,,297,37.91975833,-78.548769440,0,12,6,0,1,1,1,0,2,2,0,2,0,0000000,99,99,99,99,99,99,0,0,0,1,1
51,510623,1,1,0,0,0,1,1,143,0,18,11,2011,6,19,1,0,4,4,MUSEVILLE RD,,15,36.88328056,-79.575400000,0,30,0,0,1,1,4,0,2,1,0,1,0,0000000,99,99,99,99,88,88,0,0,0,1,1
51,510624,1,1,0,0,0,1,1,550,468,9,11,2011,4,9,20,9,99,4,FENTRESS AIRFIELD RD,,0,36.76971111,-76.250480560,0,5,0,0,1,1,2,0,1,1,0,1,0,0000000,99,99,99,99,99,99,0,0,0,1,0
51,510625,2,2,0,0,0,5,5,15,0,18,11,2011,6,16,30,0,99,2,US-340,,242,38.18120556,-78.843780560,0,12,2,0,1,1,1,0,1,1,0,1,0,0000000,16,35,16,44,17,29,0,0,0,1,0
51,510626,1,1,0,0,0,2,2,145,0,22,11,2011,3,9,35,0,4,4,RT-604,RT-610,14,37.46589722,-77.845502780,0,31,0,0,2,3,4,0,1,1,0,1,0,0000000,9,37,9,55,10,38,0,0,0,1,0
51,510627,1,1,0,0,0,1,1,85,0,24,11,2011,5,5,49,0,14,3,SR-54,,112,37.77146389,-77.499077780,0,42,0,0,1,1,4,0,2,1,0,1,0,0000000,99,99,99,99,99,99,0,0,0,1,0
51,510628,1,1,0,0,0,4,4,41,0,26,11,2011,7,2,54,0,14,4,W PROVIDENCE RD,ADKINS RD,20,37.46448611,-77.575086110,0,53,0,0,2,3,4,0,2,1,0,1,0,0000000,99,99,99,99,99,99,0,0,0,1,1
51,510629,1,1,0,1,1,1,1,710,1760,25,11,2011,6,17,12,1,13,2,US-58,,4954,36.85605556,-76.220558330,0,8,0,0,1,1,1,0,3,1,0,1,0,0000000,99,99,99,99,99,99,0,0,0,1,0
51,510630,1,1,0,0,0,2,2,157,0,25,11,2011,6,19,20,0,5,4,RT-647,,14,38.76831667,-78.079150000,0,42,0,0,1,1,4,0,2,1,0,1,0,0000000,99,99,99,99,99,99,0,0,0,1,1
51,510631,1,1,0,0,0,1,1,191,0,25,11,2011,6,23,13,1,1,1,I-81,,14,36.69967500,-81.973808330,0,35,0,1,18,1,4,0,2,1,0,1,0,0000000,99,99,99,99,99,99,20,0,0,1,1
51,510632,2,2,0,0,0,2,2,11,0,26,11,2011,7,20,36,1,2,2,US-460,,2348,37.27860278,-78.696225000,0,12,2,0,1,1,1,0,2,1,0,1,0,0000000,99,99,99,99,99,99,0,0,0,1,0
51,510633,1,1,0,0,0,1,1,107,0,23,11,2011,4,11,42,0,4,4,RT-671,,75,39.30960833,-77.716861110,0,16,0,0,1,1,1,0,1,1,0,1,0,0000000,99,99,99,99,99,99,0,0,0,1,0
51,510634,1,1,0,0,0,1,1,810,2540,27,11,2011,1,10,52,9,99,4,6269 CRAGS CAUSEWAY,,0,36.57311389,-76.100580560,0,7,0,0,1,1,4,0,1,1,0,1,0,0000000,99,99,99,99,99,99,0,0,0,1,0
51,510635,2,2,0,0,0,2,2,133,0,29,11,2011,3,16,30,0,3,3,SR-200,,174,37.86210833,-76.359919440,0,12,2,0,1,1,1,0,2,2,0,2,0,0000000,16,30,16,43,17,2,0,0,0,1,0
51,510636,2,2,0,0,0,3,3,61,0,29,11,2011,3,17,8,1,2,2,US-29,MADISON HWY,1973,38.42623333,-78.038202780,0,12,6,0,2,2,1,0,2,1,0,1,0,0000000,99,99,99,99,99,99,0,0,0,1,0
51,510637,1,1,0,0,0,2,2,165,0,20,11,2011,1,1,36,0,4,4,OLD FURNACE RD,,3,38.45400000,-78.834850000,0,35,0,0,1,1,4,0,2,1,0,1,0,0000000,99,99,99,99,99,99,0,0,0,1,0
51,510638,1,1,0,1,1,1,1,87,0,30,11,2011,4,18,18,0,14,3,SR-156,,482,37.53777500,-77.318305560,0,8,0,0,1,1,1,0,2,1,0,1,0,0000000,99,99,99,99,99,99,0,0,0,1,0
51,510639,3,3,0,0,0,3,3,89,0,27,11,2011,1,17,40,0,99,3,SR-57,,126,36.75630000,-80.061291670,0,12,2,0,1,1,1,0,1,1,0,1,0,0000000,99,99,99,99,99,99,0,0,0,2,1
51,510640,1,1,0,1,1,1,1,161,0,14,11,2011,2,16,22,1,2,2,US-220,,568,37.19743889,-79.942569440,0,8,0,0,1,1,1,0,2,1,0,1,0,0000000,99,99,99,99,88,88,0,0,0,1,0
51,510641,1,1,0,1,1,1,1,660,1190,15,11,2011,3,21,52,9,99,4,CARRIER DR,BLUESTONE DR,0,38.43474722,-78.870169440,0,8,0,0,2,2,1,0,3,2,0,2,0,0000000,99,99,99,99,88,88,0,0,0,1,0
51,510642,1,1,0,0,0,1,1,195,0,18,11,2011,6,15,50,1,2,2,US-23,,521,37.06115556,-82.602441670,0,51,0,0,1,1,4,0,1,1,0,1,0,0000000,99,99,99,99,99,99,0,0,0,1,0
51,510643,2,2,0,0,0,4,4,41,0,19,11,2011,7,10,30,1,12,3,SR-150,,133,37.44414444,-77.437044440,0,12,1,0,1,1,1,0,1,1,0,1,0,0000000,99,99,99,99,99,99,0,0,0,2,0
51,510644,1,1,0,0,0,1,1,650,1180,12,11,2011,7,19,57,1,12,6,HAMPTON ROADS CENTER PKWY,,69,37.06026111,-76.401888890,0,1,0,0,1,1,3,0,2,1,0,1,0,0000000,99,99,99,99,88,88,0,0,0,1,1
51,510645,1,1,0,1,1,1,1,59,0,25,11,2011,6,0,0,1,13,2,US-1,LOCKHEED BLVD,1885,38.75901667,-77.083802780,0,8,0,0,2,2,1,0,3,1,0,1,0,0000000,99,99,99,99,99,99,0,0,0,1,0
51,510646,2,2,0,0,0,2,2,59,0,8,11,2011,3,14,21,0,16,4,WHITE GRANITE DR,SERVICE RD,2,38.87185556,-77.305916670,0,12,6,0,2,3,1,0,1,1,0,1,0,0000000,99,99,99,99,99,99,0,0,0,1,0
51,510647,2,2,0,0,0,2,2,61,0,1,12,2011,5,17,55,0,14,2,US-50,,439,38.96896111,-77.772369440,0,12,2,0,1,1,1,0,2,1,0,1,0,0000000,99,99,99,99,99,99,0,0,0,1,1
51,510648,1,1,0,0,0,2,2,27,0,1,12,2011,5,18,10,0,6,4,MAIN ST,,4,37.28243333,-82.215666670,0,35,0,0,1,1,4,0,2,1,0,1,0,0000000,99,99,99,99,88,88,0,0,0,2,0
51,510649,1,1,0,0,0,4,4,179,0,3,12,2011,7,4,50,1,11,1,I-95 NORTH,,1405,38.24892222,-77.507800000,0,42,0,1,18,1,3,0,2,1,0,1,0,0000000,99,99,99,99,99,99,0,0,0,3,0
51,510650,1,1,0,0,0,3,3,740,1970,13,8,2011,7,0,0,0,15,6,ELMHURST LN,,1,36.80793333,-76.362475000,0,30,0,0,1,1,4,0,3,1,0,1,0,0000000,99,99,99,99,99,99,0,0,0,2,0
51,510651,2,2,0,0,0,6,6,650,1180,4,12,2011,1,2,49,1,11,1,I-64,,2597,37.07785278,-76.447463890,0,12,2,1,18,1,1,0,3,1,0,1,0,0000000,99,99,99,99,99,99,0,0,0,2,2
51,510652,2,2,0,0,0,2,2,63,0,5,12,2011,2,11,2,0,3,3,SR-8,,443,36.90530556,-80.317513890,0,12,2,0,1,1,1,0,1,1,0,1,0,0000000,99,99,99,99,99,99,0,0,0,1,0
51,510653,1,1,0,0,0,2,2,149,0,4,12,2011,1,0,0,1,11,1,I-295,,513,37.17941111,-77.339361110,0,21,0,1,18,1,3,0,2,1,0,1,0,0000000,99,99,99,99,99,99,0,0,0,1,0
51,510654,1,1,0,0,0,2,2,85,0,6,12,2011,3,17,59,0,15,4,BELL CREEK RD,,16,37.61172500,-77.359411110,0,42,0,0,1,1,4,0,2,2,0,2,0,0000000,99,99,99,99,99,99,0,0,0,1,1
51,510655,2,2,0,0,0,6,6,85,0,7,12,2011,4,20,38,0,4,4,BEAVERDAM RD,,10,37.90122500,-77.660027780,0,12,6,0,1,1,1,0,2,2,0,2,0,0000000,99,99,99,99,99,99,0,0,0,1,1
51,510656,1,1,0,0,0,3,3,163,0,8,12,2011,5,14,50,0,4,4,RT-631,,36,37.84691111,-79.473947220,0,21,0,0,1,1,4,0,1,1,0,1,0,0000000,99,99,99,99,99,99,0,0,0,1,0
51,510657,1,1,0,0,0,1,1,67,0,6,12,2011,3,22,42,1,2,2,US-220,,259,36.84095278,-79.917877780,0,24,0,0,1,1,3,0,2,2,0,2,0,0000000,99,99,99,99,88,88,0,0,0,1,0
51,510658,1,1,0,1,1,1,1,41,0,9,12,2011,6,23,54,1,13,2,US-1,,866,37.44991667,-77.441005560,0,8,0,0,1,1,1,0,2,1,0,1,0,0000000,99,99,99,99,99,99,0,0,0,1,0
51,510659,1,1,0,1,1,1,1,153,0,11,12,2011,1,21,17,0,13,2,US-1,PANTHER PRIDE DR,1703,38.59061111,-77.303452780,0,8,0,0,3,1,1,0,2,1,0,1,0,0000000,99,99,99,99,99,99,0,0,0,1,0
51,510660,1,1,0,1,1,1,1,550,468,7,12,2011,4,17,40,0,14,3,SR-165,ROUNTREE DR,40,36.71665000,-76.283883330,0,8,0,0,2,2,1,0,3,1,0,1,0,0000000,99,99,99,99,99,99,0,0,0,1,0
51,510661,1,1,0,0,0,1,1,101,0,11,12,2011,1,3,30,0,3,3,SR-30,KELLY LN,221,37.74166389,-77.127058330,0,42,0,0,2,4,4,0,2,1,0,1,0,0000000,99,99,99,99,88,88,0,0,0,1,0
51,510662,1,1,0,0,0,1,1,171,0,12,12,2011,2,4,0,0,4,3,SR-42,,260,38.82195556,-78.696572220,0,38,0,0,1,1,4,0,2,1,0,1,0,0000000,99,99,99,99,99,99,0,0,0,1,0
51,510663,1,1,0,0,0,1,1,59,0,10,12,2011,7,14,29,0,14,4,BEULAH ST,,37,38.76217222,-77.157658330,0,33,0,0,1,1,4,0,1,1,0,1,0,0000000,99,99,99,99,99,99,0,0,0,1,0
51,510664,1,1,0,0,0,3,3,25,0,14,12,2011,4,14,35,1,2,2,US-58,,3846,36.71748889,-77.975180560,0,35,0,0,1,1,4,0,1,1,0,1,0,0000000,99,99,99,99,99,99,0,0,0,1,0
51,510665,1,1,0,0,0,1,1,167,0,6,10,2011,5,18,6,1,13,3,SR-80,,326,36.94950556,-81.952886110,0,35,0,0,1,1,4,0,1,1,0,1,0,0000000,99,99,99,99,99,99,0,0,0,1,1
51,510666,3,3,0,0,0,4,4,59,0,20,8,2011,7,17,27,0,13,3,SR-267,,124,38.93376944,-77.224830560,0,12,1,0,1,1,1,0,1,1,0,1,0,0000000,99,99,99,99,99,99,0,0,0,1,0
51,510667,3,3,0,0,0,3,3,700,1720,14,12,2011,4,10,9,1,13,3,SR-143,CENTER AVE,117,37.02746111,-76.449677780,0,12,6,0,2,2,1,0,1,1,0,1,0,0000000,99,99,99,99,99,99,0,0,0,1,0
51,510668,3,3,0,0,0,5,5,85,0,14,12,2011,4,10,49,0,14,2,US-33,,1187,37.74892778,-77.598680560,0,12,1,0,1,1,1,0,1,1,0,1,0,0000000,99,99,99,99,99,99,0,0,0,1,0
51,510669,1,1,0,0,0,1,1,107,0,16,12,2011,6,13,5,0,3,2,US-15,,2105,39.02474444,-77.620183330,0,35,0,0,1,1,4,0,1,1,0,1,0,0000000,99,99,99,99,99,99,0,0,0,1,1
51,510670,3,3,0,0,0,5,5,9,0,15,12,2011,5,17,54,0,3,3,SR-151,,54,37.68311111,-79.023113890,0,12,2,0,1,1,1,0,2,1,0,1,0,0000000,99,99,99,99,99,99,0,0,0,1,0
51,510671,1,1,0,0,0,2,2,83,0,15,12,2011,5,20,45,0,4,4,RT-699,,56,36.60518889,-79.047233330,0,1,0,0,1,1,4,0,2,1,0,1,0,0000000,99,99,99,99,99,99,0,0,0,1,0
51,510672,1,1,0,0,0,1,1,680,1490,16,12,2011,6,1,20,1,12,2,US-29,,46,37.39780000,-79.155527780,0,35,0,0,1,1,4,0,3,1,0,1,0,0000000,99,99,99,99,99,99,0,0,0,1,1
51,510673,1,1,0,0,0,1,1,165,0,16,12,2011,6,14,45,0,99,3,SR-42,,2367,38.33946111,-78.498947220,0,24,0,0,1,1,4,0,1,1,0,1,0,0000000,14,45,14,51,15,14,0,0,0,1,0
51,510674,1,1,0,0,0,2,2,11,0,18,12,2011,1,1,35,1,2,2,US-460,,2190,37.34697500,-78.928736110,0,35,0,0,1,1,4,0,2,1,0,1,0,0000000,99,99,99,99,99,99,0,0,0,2,0
51,510675,1,1,0,1,1,1,1,13,0,2,12,2011,6,23,9,1,13,3,SR-120,,50,38.87348611,-77.104636110,0,8,0,0,1,1,1,0,2,1,0,1,0,0000000,99,99,99,99,99,99,0,0,0,1,1
51,510676,1,1,0,0,0,1,1,169,0,19,12,2011,2,19,30,0,6,4,RT-625,,84,36.80198889,-82.476033330,0,11,0,0,1,1,1,0,2,1,0,1,0,0000000,19,33,19,46,20,28,0,0,0,1,0
51,510677,2,2,0,1,1,2,2,59,0,17,12,2011,7,17,51,0,15,4,SILVERBROOK RD,CROSSPOINTE DR,9,38.72991389,-77.266133330,0,8,0,0,2,2,1,0,2,1,0,1,0,0000000,99,99,99,99,99,99,14,0,0,1,0
51,510679,3,3,0,1,1,1,1,177,0,20,12,2011,3,18,31,0,15,4,SALEM CHURCH RD,,76,38.28729167,-77.531625000,0,12,1,0,1,1,1,0,2,1,0,1,0,0000000,99,99,99,99,99,99,15,19,0,1,0
51,510680,2,2,0,0,0,3,3,87,0,20,12,2011,3,18,57,1,13,2,US-33,HUNTON PARK BLVD,1242,37.68557500,-77.542325000,0,12,6,0,2,3,1,0,2,1,0,1,0,0000000,99,99,99,99,99,99,0,0,0,1,0
51,510681,2,2,0,0,0,2,2,21,0,21,12,2011,4,17,0,1,1,1,I-77,,653,37.14468056,-81.066700000,0,12,6,0,1,1,1,0,5,1,0,1,0,0000000,99,99,99,99,99,99,0,0,0,1,0
51,510682,2,2,0,0,0,2,2,165,0,21,12,2011,4,11,0,0,99,3,SR-42,GREEN HILL RD,2334,38.52566389,-78.861122220,0,12,6,0,2,3,1,0,1,1,0,1,0,0000000,99,99,99,99,99,99,0,0,0,1,0
51,510683,2,2,0,0,0,2,2,650,1180,21,12,2011,4,5,22,1,13,3,SR-134,HAMPTON RD,69,37.06033611,-76.400822220,0,12,2,0,2,2,1,0,2,1,0,1,0,0000000,99,99,99,99,99,99,0,0,0,1,0
51,510684,2,2,0,0,0,7,7,3,0,11,12,2011,1,16,0,1,11,1,I-64,,1226,38.01106389,-78.475969440,0,18,0,1,18,1,1,0,1,1,0,1,0,0000000,99,99,99,99,99,99,0,0,0,1,0
51,510685,1,1,0,1,1,1,1,650,1180,19,12,2011,2,20,6,0,15,6,SHELL RD,ALGONQUINN RD,9,37.01716111,-76.366427780,0,8,0,0,1,1,1,0,3,1,0,1,0,0000000,99,99,99,99,99,99,0,0,0,1,0
51,510686,1,1,0,0,0,1,1,57,0,19,12,2011,2,21,40,1,2,2,US-17,,1343,37.98990833,-76.969163890,0,24,0,0,1,1,4,0,2,1,0,1,0,0000000,99,99,99,99,99,99,0,0,0,1,0
51,510687,1,1,0,0,0,1,1,710,1760,21,12,2011,4,16,25,0,14,3,SR-247,,1,36.87628611,-76.299000000,0,38,0,0,1,1,4,0,1,1,0,1,0,0000000,99,99,99,99,99,99,0,0,0,1,0
51,510688,1,1,0,0,0,1,1,177,0,22,12,2011,5,0,57,0,3,3,SR-3,,223,38.31017500,-77.671838890,0,42,0,0,1,1,3,0,2,5,0,5,0,0000000,99,99,99,99,99,99,0,0,0,1,1
51,510689,1,1,0,0,0,2,2,109,0,23,12,2011,6,14,3,0,4,4,BELSCHES RD,,1,37.94116111,-77.737513890,0,42,0,0,1,1,4,0,1,1,0,1,0,0000000,99,99,99,99,99,99,0,0,0,1,0
51,510690,1,1,0,1,1,1,1,680,1490,23,12,2011,6,3,29,9,99,6,12TH STREET,,1,37.40559167,-79.152227780,0,8,0,0,1,1,1,0,3,1,0,1,0,0000000,99,99,99,99,99,99,0,0,0,1,0
51,510691,1,1,0,0,0,1,1,7,0,23,12,2011,6,19,50,1,2,2,US-360,,1028,37.33774722,-78.003569440,0,35,0,0,1,1,4,0,2,1,0,1,0,0000000,99,99,99,99,99,99,0,0,0,1,0
51,510692,1,1,0,0,0,1,1,810,2540,17,12,2011,7,23,52,0,15,6,2900 MAGIC HOLLOW RD,,2190,36.80339444,-76.071830560,0,42,0,0,1,1,4,0,2,1,0,1,0,0000000,99,99,99,99,99,99,0,0,0,1,1
51,510693,1,1,0,1,1,1,1,760,2060,23,12,2011,6,2,13,0,14,6,8TH ST,,4,37.54298611,-77.433163890,0,8,0,0,1,1,1,0,3,2,1,2,0,0000000,99,99,99,99,99,99,0,0,0,1,1
51,510694,1,1,0,0,0,1,1,19,0,25,12,2011,1,2,15,0,6,4,RT-1022,,3,37.16488056,-79.487097220,0,42,0,0,1,1,4,0,2,1,0,1,0,0000000,99,99,99,99,99,99,0,0,0,1,1
51,510695,1,1,0,0,0,1,1,171,0,26,12,2011,2,12,9,0,4,4,FORT VALLEY RD,,156,38.89507500,-78.370480560,0,35,0,0,1,1,4,0,1,1,0,1,0,0000000,99,99,99,99,99,99,0,0,0,1,0
51,510696,1,1,0,0,0,1,1,51,0,27,12,2011,3,16,55,0,3,3,SR-83,,195,37.16224167,-82.369583330,0,1,0,0,1,1,4,0,5,2,0,2,0,0000000,99,99,99,99,99,99,0,0,0,1,1
51,510697,2,2,0,0,0,3,3,153,0,28,12,2011,4,9,45,1,11,1,I-66,,470,38.80103889,-77.528841670,0,12,6,1,7,1,1,0,1,1,0,1,0,0000000,99,99,99,99,99,99,0,0,0,1,0
51,510698,1,1,0,1,1,1,1,59,901,23,12,2011,6,17,17,1,13,3,SR-236,CHAIN BRIDGE RD,160,38.86122778,-77.307313890,0,8,0,0,2,2,1,0,2,1,0,1,0,0000000,99,99,99,99,99,99,0,0,0,1,0
51,510699,1,1,0,0,0,1,1,550,468,23,12,2011,6,1,43,0,15,6,1700 INDIAN CREEK RD,,41,36.58705000,-76.161697220,0,42,0,0,1,1,4,0,2,2,0,2,0,0000000,99,99,99,99,99,99,0,0,0,1,1
51,510700,1,1,0,0,0,1,1,800,2390,30,12,2011,6,5,32,0,15,6,MANNING RD,,69,36.64626111,-76.694394440,0,34,0,0,1,1,4,0,2,1,0,1,0,0000000,99,99,99,99,99,99,0,0,0,1,0
51,510701,1,1,0,0,0,1,1,25,0,30,12,2011,6,21,30,1,1,1,I-85,,244,36.82131667,-77.961741670,0,44,0,1,19,1,4,0,2,1,0,1,0,0000000,99,99,99,99,99,99,0,0,0,1,0
51,510702,2,2,0,0,0,2,2,85,0,30,12,2011,6,18,55,1,11,1,I-295,,172,37.59356667,-77.345972220,0,12,7,1,18,1,1,0,2,1,0,1,0,0000000,99,99,99,99,99,99,0,0,0,1,0
51,510703,1,1,0,0,0,3,3,67,0,9,12,2011,6,23,55,0,15,4,RT-636,,44,37.13644722,-79.747413890,0,42,0,0,1,1,4,0,2,1,0,1,0,0000000,99,99,99,99,99,99,0,0,0,1,0
51,510704,2,2,0,0,0,4,4,3,0,28,12,2011,4,6,35,0,14,2,US-250,,817,38.04951111,-78.711794440,0,12,6,0,4,1,1,0,2,1,0,1,0,0000000,99,99,99,99,99,99,0,0,0,1,0
51,510705,2,2,0,1,1,1,1,59,0,5,12,2011,2,13,4,1,13,3,SR-7,,590,38.92730833,-77.240177780,0,8,0,0,1,1,1,0,1,1,0,1,0,0000000,99,99,99,99,99,99,19,0,0,1,0
51,510706,1,1,0,0,0,1,1,187,0,13,12,2011,3,8,26,0,14,6,HAPPY CREEK RD,ODEN COUNTRY STREET,21,38.92945278,-78.160883330,0,1,0,0,1,1,4,0,2,1,0,1,0,0000000,99,99,99,99,99,99,0,0,0,1,0
51,510707,1,1,0,0,0,2,2,36,0,10,12,2011,7,19,20,0,3,3,SR-106,,37,37.23773056,-77.118961110,0,42,0,0,1,1,4,0,2,1,0,1,0,0000000,99,99,99,99,99,99,20,0,0,1,1
53,530001,2,1,1,0,0,2,2,53,1770,1,1,2011,7,5,20,0,15,4,78TH AVE E,,1,47.11846111,-122.325016670,0,14,0,0,1,1,2,0,3,1,0,1,0,0000000,5,15,5,24,6,3,0,0,0,1,1
53,530002,1,1,0,0,0,1,1,45,0,2,1,2011,1,20,45,0,4,4,AGATE RD,,12,47.24961111,-123.010375000,0,1,0,0,1,1,5,0,2,10,0,10,0,0000000,20,50,20,57,88,88,0,0,0,1,0