STATE,ST_CASE,VE_TOTAL,VE_FORMS,PVH_INVL,PEDS,PERNOTMVIT,PERMVIT,PERSONS,COUNTY,CITY,DAY,MONTH,YEAR,DAY_WEEK,HOUR,MINUTE,NHS,ROAD_FNC,ROUTE,TWAY_ID,TWAY_ID2,MILEPT,LATITUDE,LONGITUD,SP_JUR,HARM_EV,MAN_COLL,RELJCT1,RELJCT2,TYP_INT,REL_ROAD,WRK_ZONE,LGT_COND,WEATHER1,WEATHER2,WEATHER,SCH_BUS,RAIL,NOT_HOUR,NOT_MIN,ARR_HOUR,ARR_MIN,HOSP_HR,HOSP_MN,CF1,CF2,CF3,FATALS,DRUNK_DR
53,530003,2,2,0,0,0,5,5,33,670,11,1,2011,3,20,22,0,14,3,SR-410,SEMANSKI ST,233,47.18717500,-122.005169440,0,12,2,0,2,4,1,0,3,4,0,4,0,0000000,20,24,20,24,99,99,0,0,0,1,1
53,530004,1,1,0,0,0,4,4,7,0,15,1,2011,7,8,0,1,2,2,US-2,,890,47.69666389,-120.745561110,0,48,0,0,1,1,5,0,1,1,0,1,0,0000000,99,99,99,99,99,99,0,0,0,1,0
53,530005,1,1,0,1,1,1,1,11,2370,19,1,2011,4,18,48,1,11,1,I-5,,4,45.62273333,-122.671816670,0,8,0,1,18,1,1,0,3,1,0,1,0,0000000,18,50,18,55,88,88,0,0,0,1,0
53,530006,1,1,0,0,0,1,1,49,0,19,1,2011,4,7,40,0,4,4,BAY CENTER DIKE RD,,52,46.61188333,-123.925030560,0,1,0,0,1,1,5,0,1,1,0,1,0,0000000,99,99,99,99,99,99,0,0,0,1,0
53,530007,1,1,0,1,1,4,4,75,0,19,1,2011,4,9,0,1,2,2,US-195,,226,46.73868333,-117.228047220,0,8,0,0,1,1,1,0,1,1,0,1,0,0000000,99,99,99,99,88,88,0,0,0,1,0
53,530008,1,1,0,0,0,2,2,77,0,21,1,2011,6,8,44,0,4,4,SUMMITVIEW RD,,99999,46.69534444,-120.743736110,0,31,0,0,1,1,5,0,1,10,0,10,0,0000000,8,37,8,44,9,18,0,0,0,1,0
53,530009,2,1,1,0,0,2,2,17,0,22,1,2011,7,17,45,0,12,3,SR-28,,15,47.45407222,-120.297352780,0,14,0,0,1,1,2,0,2,1,0,1,0,0000000,17,45,17,51,99,99,0,0,0,1,0
53,530010,2,2,0,0,0,2,2,53,0,23,1,2011,1,2,5,0,14,4,214TH AVE E,,33,47.17454444,-122.144858330,0,12,6,0,1,1,1,0,2,10,0,10,0,0000000,2,6,2,13,88,88,0,0,0,1,2
53,530011,2,2,0,0,0,3,3,5,2475,23,1,2011,1,11,10,0,16,6,KEENE RD,S HIGHLAND BLVD,0,46.26913889,-119.358922220,0,12,6,0,2,2,1,0,1,1,0,1,0,0000000,11,10,11,15,99,99,0,0,0,1,0
53,530012,2,2,0,0,0,2,2,21,0,25,1,2011,3,6,35,0,4,4,TAYLOR FLATS RD,,35,46.34556389,-119.198313890,0,12,2,0,1,1,1,0,2,1,0,1,0,0000000,6,30,6,33,7,29,0,0,0,2,0
53,530013,1,1,0,0,0,2,2,53,2230,27,1,2011,5,1,59,0,14,4,131ST ST E,,5,47.13832222,-122.424413890,0,42,0,0,1,1,5,0,2,10,0,10,0,0000000,2,0,2,5,2,43,0,0,0,1,1
53,530014,1,1,0,0,0,3,3,37,0,30,1,2011,1,16,8,1,1,1,I-90,,902,47.14883889,-120.818152780,0,1,0,0,1,1,1,0,1,10,0,10,0,0000000,16,12,16,21,17,3,0,0,0,1,0
53,530015,1,1,0,1,1,1,1,63,2110,30,1,2011,1,22,4,0,13,6,MONROE ST,MONTGOMERY AVE,0,47.67847778,-117.426680560,0,8,0,0,3,2,1,0,3,1,0,1,0,0000000,22,4,22,8,22,42,0,0,0,1,0
53,530016,3,3,0,0,0,3,3,33,109,1,2,2011,3,10,20,1,11,1,I-405,,125,47.60594722,-122.186380560,0,12,7,0,1,1,1,0,1,1,0,1,0,0000000,10,20,10,29,10,54,0,0,0,1,0
53,530017,1,1,0,0,0,2,2,33,100,2,2,2011,4,1,6,0,15,6,SE 320TH ST,,0,47.31532778,-122.188305560,0,42,0,0,1,1,5,0,3,1,0,1,0,0000000,99,99,99,99,99,99,0,0,0,1,1
53,530018,2,2,0,0,0,3,3,25,0,2,2,2011,4,6,55,0,15,4,RD L NE,RD 4 NE,10,47.14537778,-119.235586110,0,12,6,0,2,2,1,0,4,1,0,1,0,0000000,6,58,7,21,7,38,0,0,0,1,0
53,530019,1,1,0,1,1,1,1,9,1990,3,2,2011,5,18,26,0,16,6,N 5TH AVE,,0,48.08722500,-123.113180560,0,8,0,0,1,1,1,0,2,1,0,1,0,0000000,18,26,18,30,19,6,0,0,0,1,0
53,530020,2,1,1,1,1,1,1,11,2370,4,2,2011,6,20,55,0,12,3,SR-14,,18,45.61845000,-122.635961110,0,8,0,0,1,1,1,0,2,1,0,1,0,0000000,20,59,21,6,88,88,14,23,0,1,0
53,530021,3,1,2,0,0,1,1,73,110,4,2,2011,6,8,34,0,16,6,BAKERVIEW SPUR,,0,48.78358889,-122.448002780,0,14,0,0,1,1,2,0,1,1,0,1,0,0000000,8,35,8,36,88,88,0,0,0,1,0
53,530022,1,1,0,0,0,1,1,77,0,4,2,2011,6,19,43,0,6,4,PUMPHOUSE RD,,99999,46.31807222,-120.494325000,3,1,0,0,1,1,5,0,2,1,0,1,0,0000000,99,99,99,99,88,88,0,0,0,1,1
53,530023,1,1,0,0,0,2,2,35,0,5,2,2011,7,2,2,0,15,4,NW FINN HILL RD,,2,47.76533611,-122.682094440,0,53,0,0,1,1,5,0,2,2,0,2,0,0000000,2,3,2,12,88,88,0,0,0,2,1
53,530024,2,2,0,0,0,6,6,47,0,6,2,2011,1,13,35,1,2,2,US-97,,3123,48.67208889,-119.470480560,0,12,6,0,1,1,1,0,1,2,0,2,0,0000000,13,39,13,47,99,99,0,0,0,3,0
53,530025,2,2,0,0,0,3,3,47,0,9,2,2011,4,14,20,0,13,3,SR-20,,2945,48.67410278,-118.885544440,0,12,6,0,8,1,1,0,1,1,0,1,0,0000000,99,99,99,99,99,99,0,0,0,1,0
53,530026,2,2,0,0,0,2,2,35,0,9,2,2011,4,17,45,0,14,4,CENTRAL VALLEY RD NW,NE TERI CT,2,47.61622778,-122.649958330,0,12,6,0,2,3,1,0,3,1,0,1,0,0000000,17,44,17,50,18,51,0,0,0,1,1
53,530027,2,2,0,0,0,2,2,67,0,9,2,2011,4,18,15,0,4,4,STEILACOOM RD SE,,29,47.04998056,-122.726275000,0,12,2,0,1,1,1,0,2,1,0,1,0,0000000,18,13,18,18,19,0,0,0,0,1,1
53,530028,3,3,0,0,0,5,5,5,2475,12,2,2011,7,16,35,0,15,6,KENNEDY RD,,0,46.25908611,-119.343405560,0,12,2,0,1,1,1,0,1,1,0,1,0,0000000,16,39,16,44,17,20,0,0,0,1,0
53,530029,1,1,0,1,1,1,1,61,590,15,2,2011,3,15,50,0,13,3,SR-524,,1,47.81061111,-122.380238890,0,8,0,0,1,1,1,0,1,10,0,10,0,0000000,15,51,15,55,16,28,0,0,0,1,0
53,530030,2,1,1,1,1,1,1,41,0,16,2,2011,4,7,26,0,4,4,CENTRAL ALPHA,,132,46.62851667,-122.725461110,0,8,0,0,1,1,2,0,1,1,0,1,0,0000000,99,99,99,99,99,99,0,0,0,1,0
53,530031,3,3,0,0,0,3,3,61,1280,18,2,2011,6,5,11,1,11,1,I-5,,1995,48.05700000,-122.184791670,0,12,2,0,1,1,1,0,2,1,0,1,0,0000000,5,6,5,18,5,43,0,0,0,1,0
53,530032,2,2,0,0,0,2,2,67,0,18,2,2011,6,17,20,1,2,2,US-12,,434,46.81960000,-123.074061110,0,12,2,0,1,1,1,0,1,2,0,2,0,0000000,17,18,17,25,88,88,0,0,0,1,1
53,530033,1,1,0,0,0,1,1,41,0,19,2,2011,7,22,45,1,2,2,US-12,,1386,46.68415833,-121.576252780,0,24,0,0,1,1,4,0,2,1,0,1,0,0000000,23,1,23,12,88,88,0,0,0,1,0
53,530034,1,1,0,0,0,2,2,25,0,19,2,2011,7,0,50,0,5,4,RD 20 NE,,19,47.38340000,-119.421150000,0,32,0,0,1,1,4,0,2,1,0,1,0,0000000,5,55,6,7,6,50,0,0,0,2,1
53,530035,1,1,0,1,1,3,3,37,0,19,2,2011,7,14,20,0,4,3,SR-906,,6,47.41647222,-121.413175000,0,8,0,0,8,1,1,0,1,1,0,1,0,0000000,14,20,14,27,99,99,0,0,0,1,0
53,530036,2,2,0,0,0,3,3,7,0,22,2,2011,3,18,23,1,2,2,US-2,,843,47.75958056,-120.741913890,0,12,6,0,1,1,1,0,2,10,0,10,0,0000000,99,99,99,99,88,88,0,0,0,1,0
53,530037,2,2,0,0,0,2,2,9,0,23,2,2011,4,13,0,1,2,2,US-101,,2526,48.10357778,-123.357325000,0,12,2,0,1,1,1,0,1,4,0,4,0,0000000,99,99,99,99,99,99,0,0,0,1,1
53,530038,1,1,0,0,0,1,1,33,100,24,2,2011,5,0,24,0,14,6,KERSEY WAY,,0,47.26408611,-122.199747220,0,42,0,0,1,1,5,0,2,4,0,4,0,0000000,0,28,0,34,88,88,0,0,0,1,0
53,530039,1,1,0,0,0,1,1,65,0,26,2,2011,7,0,30,1,2,2,US-395,,2103,48.30709167,-117.780002780,0,1,0,0,1,1,5,0,2,1,0,1,0,0000000,0,35,0,38,88,88,0,0,0,1,1
53,530040,1,1,0,1,1,1,1,33,735,26,2,2011,7,1,25,1,11,1,I-5,,1480,47.37510556,-122.292316670,0,8,0,0,1,1,1,0,2,1,0,1,0,0000000,1,29,1,37,88,88,0,0,0,1,0
53,530041,2,2,0,0,0,3,3,9,0,6,3,2011,1,7,54,0,4,3,SR-112,,568,48.11875000,-123.615288890,0,12,2,0,1,1,1,0,1,1,0,1,0,0000000,99,99,99,99,99,99,0,0,0,1,1
53,530042,1,1,0,0,0,1,1,53,0,6,1,2011,5,8,25,0,2,3,SR-410,,455,99.99990000,999.999900000,0,42,0,0,1,1,5,0,1,2,0,2,0,0000000,8,29,8,37,88,88,0,0,0,1,0
53,530043,1,1,0,0,0,2,2,35,0,23,1,2011,1,15,57,0,6,4,OLYMPIC DR SE,,1,47.41385278,-122.626186110,0,38,0,0,1,1,5,0,1,10,0,10,0,0000000,15,49,16,13,16,36,0,0,0,1,0
53,530044,3,3,0,0,0,3,3,33,229,28,1,2011,6,12,57,0,16,6,S 160TH ST,AMBAUM CUTOFF S,0,47.45951944,-122.332400000,0,12,6,0,2,3,1,0,1,10,0,10,0,0000000,12,59,13,3,99,99,0,0,0,1,0
53,530045,1,1,0,0,0,1,1,77,0,9,2,2011,4,17,45,1,2,2,US-97,,532,46.27742222,-120.387475000,3,1,0,0,1,1,5,0,2,1,0,1,0,0000000,17,48,17,55,88,88,0,0,0,1,1
53,530046,1,1,0,0,0,2,2,49,0,23,2,2011,4,19,20,0,14,2,US-101,,51,46.27728056,-123.949238890,0,30,0,0,1,1,5,0,3,3,0,3,0,0000000,99,99,99,99,88,88,0,0,0,1,1
53,530047,1,1,0,0,0,3,3,77,2340,26,2,2011,7,20,40,0,13,6,VALLEY MALL RD,,0,46.56336111,-120.516758330,0,43,0,0,1,1,5,0,3,1,0,1,0,0000000,20,49,21,0,88,88,0,0,0,2,1
53,530048,1,1,0,0,0,1,1,35,0,28,1,2011,6,21,30,0,4,4,SW LAKEWAY BLVD,SIDNEY RD SW,99999,47.43952500,-122.661580560,0,43,0,0,3,1,5,0,3,2,0,2,0,0000000,23,4,23,10,88,88,0,0,0,1,0
53,530049,1,1,0,0,0,1,1,53,2230,6,3,2011,1,0,54,1,11,1,I-5,,1312,47.21381111,-122.462838890,0,43,0,0,1,1,5,0,3,1,0,1,0,0000000,0,55,1,1,88,88,0,0,0,1,1
53,530050,2,2,0,0,0,4,4,75,0,8,3,2011,3,21,28,0,4,3,SR-128,,6,46.42692778,-117.072372220,0,24,0,0,1,1,4,0,3,1,0,1,0,0000000,99,99,99,99,99,99,0,0,0,1,1
53,530051,2,2,0,1,1,2,2,61,0,9,3,2011,4,21,25,0,2,3,SR-530,,233,48.22295833,-122.103208330,0,8,0,0,1,1,1,0,2,10,0,10,0,0000000,21,22,21,29,88,88,0,0,0,1,0
53,530052,1,1,0,1,1,1,1,11,0,3,2,2011,5,21,52,0,14,4,NE 15TH AVE,,22,45.65621667,-122.656725000,0,8,0,0,1,1,1,0,2,1,0,1,0,0000000,21,53,21,57,22,25,0,0,0,1,1
53,530053,1,1,0,0,0,3,3,63,2110,10,2,2011,5,22,59,0,14,4,E MAGNESION,,5,47.73621944,-117.368188890,0,42,0,0,1,1,5,0,2,1,0,1,0,0000000,22,58,23,6,23,18,0,0,0,1,1
53,530054,1,1,0,0,0,2,2,65,0,18,2,2011,6,22,0,1,2,2,US-395,,1844,47.99313889,-117.545986110,0,1,0,0,1,1,5,0,2,1,0,1,0,0000000,22,2,22,11,99,99,0,0,0,1,1
53,530055,1,1,0,0,0,2,2,25,0,17,2,2011,5,19,25,0,3,3,SR-28,,333,47.23402222,-119.772091670,0,1,0,0,1,1,2,0,2,1,0,1,0,0000000,19,23,19,31,99,99,0,0,0,1,0
53,530056,1,1,0,0,0,1,1,15,280,20,2,2011,1,16,27,0,4,4,TOWER RD,,12,46.31886667,-122.863627780,0,32,0,0,1,1,5,0,1,1,0,1,0,0000000,16,28,16,35,88,88,0,0,0,1,0
53,530057,1,1,0,0,0,2,2,45,0,20,2,2011,1,5,48,1,2,2,US-101,,3203,47.52566389,-123.050630560,0,42,0,0,1,1,5,0,2,10,0,10,0,0000000,5,51,6,8,99,99,0,0,0,2,0
53,530058,2,2,0,0,0,2,2,77,0,28,2,2011,2,8,8,1,2,2,US-97,LATERAL A RD,740,46.51640278,-120.479786110,3,12,6,0,2,3,1,0,1,2,0,2,0,0000000,8,9,8,18,88,88,0,0,0,1,0
53,530059,1,1,0,1,1,1,1,43,510,28,2,2011,2,19,5,1,2,2,US-2,,2508,47.65400000,-118.156050000,0,8,0,0,1,1,1,0,3,10,0,10,0,0000000,99,99,99,99,88,88,0,0,0,1,0
53,530060,1,1,0,2,2,1,1,77,2400,4,2,2011,6,23,16,1,14,2,US-97,W WAPATO RD,691,46.44752778,-120.430069440,3,8,0,0,3,2,1,0,3,1,0,1,0,0000000,23,19,23,25,99,99,0,0,0,1,0
53,530061,2,1,1,0,1,2,3,53,2230,4,3,2011,6,23,32,1,12,3,SR-16,,99998,47.25173611,-122.445372220,0,14,0,0,1,1,2,4,3,1,0,1,0,0000000,99,99,99,99,99,99,0,0,0,1,1
53,530062,2,2,0,0,0,6,6,61,690,5,3,2011,7,14,28,0,13,6,AIRPORT RD,HOLLY DR,0,47.89826944,-122.264802780,0,12,6,0,2,2,1,0,1,1,0,1,0,0000000,14,28,14,33,88,88,0,0,0,1,0
53,530063,1,1,0,0,0,5,5,45,0,6,3,2011,1,3,3,0,2,3,SR-3,,218,47.39655556,-122.828938890,0,42,0,0,1,1,5,0,2,1,0,1,0,0000000,3,7,3,10,4,11,0,0,0,3,1
53,530064,2,2,0,0,0,2,2,61,1215,6,3,2011,1,18,55,0,13,3,SR-99,,461,47.81136667,-122.323150000,0,12,6,0,8,1,1,0,3,1,0,1,0,0000000,18,57,19,1,88,88,0,0,0,1,1
53,530065,2,2,0,0,0,2,2,15,1190,7,3,2011,2,15,39,0,14,6,30TH DR,MARYLAND ST,0,46.14627222,-122.962180560,0,12,6,0,2,2,1,0,1,10,0,10,0,0000000,15,39,15,44,16,10,0,0,0,1,0
53,530066,1,1,0,0,0,2,2,53,0,7,3,2011,2,18,13,0,13,3,SR-7,260TH ST,420,47.02011667,-122.369519440,0,30,0,0,3,2,5,0,3,1,0,1,0,0000000,18,15,18,23,88,88,0,0,0,2,1
53,530067,2,2,0,0,0,3,3,67,1102,9,3,2011,4,16,26,0,14,6,CARPENTER RD SE,,0,47.01495000,-122.780847220,0,12,6,0,1,1,1,0,1,10,0,10,0,0000000,16,27,16,31,17,30,0,0,0,1,0
53,530068,1,1,0,0,0,2,2,77,2590,12,3,2011,7,1,55,0,16,6,E CHESTNUT AVE,,0,46.60054722,-120.507027780,0,25,0,0,1,1,5,0,3,1,0,1,0,0000000,1,56,2,1,99,99,0,0,0,1,1
53,530069,1,1,0,0,0,1,1,33,1820,9,1,2011,1,3,9,0,13,6,BELLEVUE-REDMOND RD,NE 40TH ST,0,47.64591944,-122.114302780,0,42,0,0,2,2,5,0,3,2,0,2,0,0000000,3,6,3,12,88,88,0,0,0,1,1
53,530070,1,1,0,1,1,1,1,73,1210,4,3,2011,6,23,8,0,4,4,W POLE RD,,23,48.89166944,-122.496550000,0,8,0,0,1,1,1,0,2,2,0,2,0,0000000,23,7,23,16,99,99,0,0,0,1,0
53,530071,1,1,0,1,1,1,1,63,0,13,3,2011,1,20,3,0,3,3,SR-904,FIRST AVE,166,47.56132500,-117.594383330,0,8,0,0,2,2,1,0,2,2,0,2,0,0000000,20,2,20,10,88,88,0,0,0,1,0
53,530072,1,1,0,0,0,1,1,35,111,14,3,2011,2,17,15,0,19,6,MILLER RD,,0,47.67521944,-122.547925000,0,42,0,0,1,1,5,0,1,10,0,10,0,0000000,17,17,17,22,99,99,0,0,0,1,1
53,530075,1,1,0,1,1,3,3,63,0,19,3,2011,7,22,10,1,1,1,I-90,,2995,47.69631667,-117.043105560,0,8,0,0,1,1,1,0,2,8,0,8,0,0000000,22,15,22,22,88,88,0,0,0,1,1
53,530076,2,2,0,0,0,2,2,53,0,19,3,2011,7,7,33,0,3,3,SR-507,,417,47.06065000,-122.454041670,0,12,6,0,1,1,1,0,1,10,0,10,0,0000000,99,99,99,99,99,99,0,0,0,1,0
53,530077,2,2,0,0,0,2,2,33,1960,21,3,2011,2,22,44,1,11,1,I-5,,1617,47.55425833,-122.318344440,0,12,1,0,1,1,1,0,3,1,0,1,0,0000000,22,47,22,57,23,23,0,0,0,1,1
53,530078,1,1,0,0,0,1,1,61,0,24,3,2011,5,22,20,1,2,2,US-2,,339,47.81666944,-121.604125000,0,24,0,0,1,1,4,0,2,1,0,1,0,0000000,21,15,21,27,23,19,0,0,0,1,1
53,530079,3,3,0,0,0,3,3,63,2113,25,3,2011,6,3,10,1,11,1,I-90,,2936,47.66537222,-117.147775000,0,12,2,0,1,1,1,0,3,1,0,1,0,0000000,3,9,3,16,99,99,0,0,0,1,2
53,530080,1,1,0,0,0,1,1,63,0,25,3,2011,6,2,0,0,3,3,SR-291,W PARKLAND RD,50,47.73412778,-117.506825000,0,30,0,0,2,2,5,0,2,1,0,1,0,0000000,1,56,2,5,88,88,0,0,0,1,1
53,530081,1,1,0,1,1,1,1,33,109,25,3,2011,6,20,22,0,15,6,NE 8TH ST,,0,47.61683889,-122.124861110,0,8,0,0,1,1,1,0,3,2,0,2,0,0000000,99,99,99,99,88,88,0,0,0,1,0
53,530082,2,2,0,0,0,2,2,61,690,10,2,2011,5,20,56,0,13,3,SR-529,,48,48.01094167,-122.190897220,0,12,2,0,1,1,1,0,3,1,0,1,0,0000000,20,59,21,5,21,25,0,0,0,1,0
53,530083,1,1,0,1,1,3,3,51,0,26,3,2011,7,3,5,1,2,2,US-2,,3251,48.11519722,-117.215108330,0,8,0,0,1,1,1,0,3,10,0,10,0,0000000,3,12,3,16,88,88,0,0,0,1,1
53,530084,2,2,0,0,0,3,3,27,0,1,4,2011,6,10,55,0,3,3,SR-105,,389,46.91368889,-123.974791670,0,12,6,0,1,1,1,0,1,2,0,2,0,0000000,10,55,11,8,11,50,0,0,0,1,0
53,530085,1,1,0,0,0,2,2,15,0,2,4,2011,7,20,40,0,4,3,SR-503,,368,46.05810556,-122.258950000,0,1,0,0,1,1,5,0,2,10,0,10,0,0000000,99,99,99,99,99,99,0,0,0,1,1
53,530086,1,1,0,0,0,1,1,1,0,7,4,2011,5,8,5,1,1,1,I-90,,2140,47.11099722,-118.510208330,0,1,0,0,1,1,2,0,1,1,0,1,0,0000000,8,12,8,17,8,40,0,0,0,1,0
53,530087,3,2,1,0,0,2,2,53,0,9,4,2011,7,12,16,0,14,3,SR-167,78TH AVE E,46,47.20780833,-122.325758330,0,12,2,0,2,3,1,0,1,1,0,1,0,0000000,12,16,12,20,13,8,0,0,0,1,0
53,530088,1,1,0,1,1,2,2,61,0,9,4,2011,7,20,35,0,13,3,SR-529,,59,48.03895556,-122.180372220,0,8,0,0,1,1,1,0,2,10,0,10,0,0000000,20,30,20,38,88,88,0,0,0,1,1
53,530089,1,1,0,0,0,1,1,7,0,10,4,2011,1,6,29,0,4,4,W MALAGA RD,SHAW RD,7,47.36655833,-120.239761110,0,31,0,0,2,3,5,0,2,1,0,1,0,0000000,99,99,99,99,88,88,0,0,0,1,1
53,530090,2,2,0,0,0,4,4,65,0,21,4,2011,5,12,53,1,2,2,US-395,,2232,48.45829444,-117.880511110,0,12,6,0,1,1,1,0,1,4,0,4,0,0000000,12,54,13,6,13,56,0,0,0,1,0
53,530091,2,2,0,0,0,2,2,35,0,19,4,2011,3,11,7,0,14,4,SE MILE HILL DR,COLCHESTER DR SE,0,47.53458889,-122.627419440,0,12,6,0,2,3,1,0,1,1,0,1,0,0000000,11,6,11,11,99,99,0,0,0,1,0
53,530092,3,3,0,0,0,5,5,33,0,23,4,2011,7,17,0,0,2,3,SR-18,,215,47.44051111,-121.962833330,0,12,2,0,1,1,1,0,1,1,0,1,0,0000000,17,2,17,15,99,99,0,0,0,1,0
53,530093,1,1,0,0,0,1,1,77,2590,18,3,2011,6,0,5,0,16,6,GORDON RD,,0,46.62343056,-120.514655560,0,42,0,0,1,1,5,0,2,1,0,1,0,0000000,0,13,0,17,99,99,0,0,0,1,1
53,530094,1,1,0,0,0,1,1,33,1958,9,4,2011,7,0,54,0,13,3,SR-509,176TH ST SOUTH,238,47.44509722,-122.333986110,0,25,0,0,3,3,4,0,2,1,0,1,0,0000000,10,46,10,52,88,88,0,0,0,1,1
53,530095,2,2,0,0,0,2,2,33,1960,13,4,2011,4,21,39,0,13,6,35TH AVE ST,SW JUNEAU ST,0,47.55013333,-122.376355560,0,12,6,0,2,2,1,0,3,1,0,1,0,0000000,21,40,21,43,22,5,0,0,0,1,1
53,530096,1,1,0,0,0,1,1,63,2110,16,4,2011,7,21,38,0,14,6,WAIKIKI,PINEWOOD,0,47.75424722,-117.424605560,0,17,0,0,1,1,5,0,3,1,0,1,0,0000000,21,38,21,43,88,88,0,0,0,1,1
53,530098,1,1,0,0,0,1,1,5,1850,23,4,2011,7,11,30,1,11,1,I-182,I-82,10,46.24308611,-119.360319440,0,31,0,1,5,1,5,0,1,1,0,1,0,0000000,11,35,11,45,88,88,0,0,0,1,1
53,530099,2,2,0,0,0,2,2,3,0,22,4,2011,6,21,9,1,2,2,US-12,,4290,46.42743056,-117.139405560,0,12,2,0,1,1,1,0,2,1,0,1,0,0000000,21,9,21,19,22,15,0,0,0,2,0
53,530100,1,1,0,0,0,2,2,33,1960,23,4,2011,7,17,57,1,11,1,I-90,,20,47.59234722,-122.325666670,0,25,0,0,1,1,4,0,1,1,0,1,0,0000000,18,0,18,3,18,16,0,0,0,1,0
53,530101,1,1,0,0,0,4,4,5,0,23,4,2011,7,22,25,1,1,1,I-82,,1158,46.12040000,-119.202583330,0,1,0,0,1,1,3,0,2,1,0,1,0,0000000,22,24,22,44,23,12,0,0,0,1,1
53,530102,1,1,0,0,0,2,2,41,0,25,4,2011,2,14,35,0,4,3,SR-508,,50,46.57629722,-122.786313890,0,30,0,0,1,1,5,0,1,2,0,2,0,0000000,99,99,99,99,99,99,0,0,0,1,0
53,530103,1,1,0,0,0,1,1,41,0,4,5,2011,4,16,20,0,4,4,WILDWOOD RD,,42,46.39963333,-123.050566670,0,38,0,0,1,1,5,0,1,1,0,1,0,0000000,16,17,16,33,88,88,0,0,0,1,1
53,530104,1,1,0,0,0,1,1,15,0,4,5,2011,4,19,55,0,14,3,SR-432,,14,46.15887778,-123.021983330,0,42,0,0,1,1,5,0,1,1,0,1,0,0000000,19,53,20,4,88,88,0,0,0,1,0
53,530105,3,3,0,0,0,4,4,63,0,24,4,2011,1,20,54,1,1,1,I-90,,2745,47.60483333,-117.536202780,0,12,2,0,1,1,1,0,2,1,0,1,0,0000000,20,52,21,5,22,29,0,0,0,1,0
53,530106,2,2,0,0,0,2,2,53,2230,30,4,2011,7,10,47,0,14,6,S STEVENS ST,S 12TH ST,0,47.24998889,-122.495886110,0,12,6,0,2,2,1,0,1,1,0,1,0,0000000,10,47,10,51,11,10,0,0,0,1,0
53,530107,1,1,0,0,0,1,1,67,0,7,5,2011,7,18,15,0,6,4,OLD MILITARY RD SE,,8,46.86226111,-122.818930560,0,1,0,0,1,1,5,0,1,1,0,1,0,0000000,18,16,18,23,88,88,0,0,0,1,1
53,530108,3,3,0,1,1,3,3,61,1280,18,1,2011,3,18,57,1,11,1,I-5,,2008,48.07534167,-122.184983330,0,8,0,0,1,1,1,0,3,1,0,1,0,0000000,19,0,19,3,88,88,0,0,0,1,0
53,530109,2,2,0,0,0,2,2,63,2110,25,2,2011,6,13,9,0,13,6,FRANCIS,,0,47.71529167,-117.449833330,0,12,6,1,8,1,1,0,1,1,0,1,0,0000000,13,9,13,22,99,99,0,0,0,1,0
53,530110,3,3,0,0,0,3,3,61,0,17,3,2011,5,7,11,0,2,3,SR-527,,37,47.81145278,-122.207494440,0,12,6,0,1,1,1,0,1,1,0,1,0,0000000,7,14,7,17,99,99,0,0,0,1,0
53,530112,2,2,0,0,0,6,6,15,0,14,5,2011,7,22,25,0,5,3,SR-504,,95,46.32188889,-122.752583330,0,12,2,0,1,1,1,0,2,2,0,2,0,0000000,22,28,22,37,88,88,0,0,0,1,1
53,530113,1,1,0,0,0,1,1,35,0,18,5,2011,4,13,54,0,4,4,J M DICKINSON RD SW,,25,47.45900556,-122.728388890,0,1,0,0,1,1,1,0,1,1,0,1,0,0000000,13,53,13,56,88,88,0,0,0,1,1
53,530114,2,2,0,0,0,2,2,21,1660,18,5,2011,4,15,12,0,16,6,N ELM AVE,BRAODWAY,0,46.23918611,-119.070622220,0,12,1,0,3,2,1,0,1,1,0,1,1,0000000,15,13,15,15,88,88,0,0,0,1,0
53,530115,1,1,0,1,1,1,1,41,0,21,5,2011,7,21,52,1,1,1,I-5,,740,46.62231944,-122.928000000,0,8,0,0,1,1,1,0,2,10,0,10,0,0000000,21,53,21,58,88,88,0,0,0,1,0
53,530118,1,1,0,0,0,1,1,25,0,21,4,2011,5,17,3,0,2,3,SR-17,,605,47.19981667,-119.364738890,0,35,0,0,1,1,5,0,1,10,0,10,0,0000000,17,2,17,5,99,99,0,0,0,1,0
53,530119,2,2,0,0,0,5,5,35,0,5,5,2011,5,16,18,0,5,4,SE NELSON RD,BANDIX RD SE,0,47.41783889,-122.610038890,0,12,1,0,2,2,1,0,1,1,0,1,0,0000000,16,18,16,24,17,4,0,0,0,1,1
53,530120,1,1,0,1,1,1,1,9,1990,21,4,2011,5,7,15,0,16,6,WASHINGTON,,0,48.07922500,-123.094211110,0,8,0,0,1,1,4,0,1,1,0,1,0,0000000,7,15,7,20,99,99,0,0,0,1,1
53,530121,1,1,0,1,1,1,1,73,110,27,4,2011,4,15,3,0,16,6,E SUNSET DR,PRIVATE RD,0,48.77555000,-122.450802780,0,8,0,0,3,3,1,0,1,2,0,2,0,0000000,15,3,15,8,99,99,0,0,0,1,0
53,530122,1,1,0,0,0,1,1,53,2230,3,5,2011,3,23,29,0,13,4,MILITARY RD S,20TH AVE S,15,47.11001667,-122.402419440,0,17,0,0,2,3,5,0,3,1,0,1,0,0000000,23,30,23,36,88,88,0,0,0,1,1