STATE,ST_CASE,VE_TOTAL,VE_FORMS,PVH_INVL,PEDS,PERNOTMVIT,PERMVIT,PERSONS,COUNTY,CITY,DAY,MONTH,YEAR,DAY_WEEK,HOUR,MINUTE,NHS,ROAD_FNC,ROUTE,TWAY_ID,TWAY_ID2,MILEPT,LATITUDE,LONGITUD,SP_JUR,HARM_EV,MAN_COLL,RELJCT1,RELJCT2,TYP_INT,REL_ROAD,WRK_ZONE,LGT_COND,WEATHER1,WEATHER2,WEATHER,SCH_BUS,RAIL,NOT_HOUR,NOT_MIN,ARR_HOUR,ARR_MIN,HOSP_HR,HOSP_MN,CF1,CF2,CF3,FATALS,DRUNK_DR
53,530123,2,2,0,0,0,3,3,61,0,10,5,2011,3,3,36,1,1,1,I-5,,2067,48.16030278,-122.190369440,0,12,1,0,1,1,1,0,2,10,0,10,0,0000000,3,38,3,48,99,99,0,0,0,2,0
53,530124,1,1,0,0,0,1,1,33,0,10,5,2011,3,23,25,0,4,4,LANDSBURG RD SE,,52,47.37676111,-121.969722220,0,99,0,0,1,1,5,0,2,10,0,10,0,0000000,23,32,23,38,88,88,0,0,0,1,0
53,530125,1,1,0,0,0,1,1,53,0,16,5,2011,2,4,15,0,13,4,MILITARY RD S,,7,47.12196389,-122.444044440,0,38,0,0,1,1,5,0,2,1,0,1,0,0000000,4,14,4,21,88,88,0,0,0,1,0
53,530126,1,1,0,0,0,1,1,57,0,20,5,2011,6,4,26,0,4,4,S SKAGIT HWY,,144,48.51663333,-121.965150000,0,42,0,0,1,1,5,0,2,1,0,1,0,0000000,99,99,99,99,88,88,0,0,0,1,0
53,530127,1,1,0,0,0,4,4,59,0,21,5,2011,7,15,50,0,2,3,SR-14,,287,45.59639722,-122.129688890,0,32,0,0,1,1,5,0,1,1,0,1,0,0000000,15,58,16,5,16,45,0,0,0,1,0
53,530128,1,1,0,0,0,1,1,3,0,21,5,2011,7,19,43,0,14,4,THIRTEENTH ST,,9,46.39932222,-117.061600000,0,33,0,0,1,1,4,0,1,1,0,1,0,0000000,19,44,19,49,99,99,0,0,0,1,1
53,530129,1,1,0,1,1,1,1,71,0,21,5,2011,7,10,32,0,5,4,MIDDLE WAITSBURG RD,,41,46.12460833,-118.279902780,0,9,0,0,1,1,1,0,1,1,0,1,0,0000000,10,32,10,39,10,54,0,0,0,1,0
53,530130,2,2,0,0,0,2,2,53,2230,9,5,2011,2,14,2,1,11,1,I-5,,1320,47.21783333,-122.463236110,0,12,6,0,1,1,1,0,1,1,0,1,0,0000000,14,1,14,5,14,26,0,0,0,1,0
53,530131,2,2,0,0,0,8,8,77,0,21,5,2011,7,13,29,0,5,4,FORSELL RD,,25,46.25829444,-119.947872220,0,12,2,0,1,1,1,0,1,2,0,2,0,0000000,13,8,13,14,14,3,0,0,0,2,0
53,530132,1,1,0,0,0,1,1,41,0,21,5,2011,7,12,25,0,6,4,JOPPISH RD,,6,46.73316944,-123.031447220,0,42,0,0,1,1,5,0,1,10,0,10,0,0000000,12,16,12,20,88,88,0,0,0,1,1
53,530133,1,1,0,0,0,1,1,77,0,22,5,2011,1,0,22,0,4,4,SUMMITVIEW RD,,14,46.61578333,-120.669600000,0,1,0,0,1,1,5,0,2,1,0,1,0,0000000,0,13,0,21,88,88,0,0,0,1,1
53,530134,1,1,0,1,1,1,1,53,2337,9,2,2011,4,17,49,0,13,4,BRIDGEPORT WAY W,57TH ST W,99999,47.20515278,-122.534241670,0,8,0,0,2,3,1,0,3,1,0,1,0,0000000,17,50,17,55,99,99,0,0,0,1,0
53,530135,1,1,0,0,0,3,3,31,0,22,2,2011,3,12,29,0,5,4,COYLE RD,,49,47.82615278,-122.779538890,0,42,0,0,1,1,5,0,1,7,0,7,0,0000000,12,29,12,44,99,99,0,0,0,1,0
53,530136,1,1,0,0,0,1,1,39,0,4,5,2011,4,19,20,0,9,4,TROUT LAKE GLENWOOD,,61,45.94560000,-121.388497220,0,35,0,0,1,1,5,0,1,1,0,1,0,0000000,99,99,99,99,88,88,0,0,0,1,1
53,530137,1,1,0,0,0,1,1,11,0,20,5,2011,6,16,25,0,9,4,NE WASHOUGAL RIVER,,57,45.62634444,-122.292852780,0,42,0,0,1,1,5,0,1,1,0,1,0,0000000,16,29,16,33,88,88,0,0,0,1,1
53,530138,2,2,0,0,0,2,2,67,0,24,5,2011,3,17,18,0,4,4,62ND AVE SW,,100,46.99241667,-122.991708330,0,12,2,0,1,1,1,0,1,1,0,1,0,0000000,17,14,17,16,17,53,0,0,0,1,1
53,530139,2,2,0,0,0,6,6,33,735,24,5,2011,3,20,31,0,13,3,SR-509,SW 306TH ST,120,47.32828056,-122.349758330,0,12,6,0,2,2,1,0,5,1,0,1,0,0000000,20,31,20,34,88,88,0,0,0,1,0
53,530140,1,1,0,0,0,1,1,57,0,27,5,2011,6,21,31,0,4,4,BAYVIEW-EDISON RD,,62,48.51960278,-122.472141670,0,1,0,0,1,1,2,0,5,10,0,10,0,0000000,21,35,21,43,88,88,0,0,0,1,1
53,530141,1,1,0,1,1,2,2,7,0,27,5,2011,6,11,54,0,2,3,SR-97A,,2318,47.77666944,-120.148608330,0,24,0,0,1,1,4,0,1,1,0,1,0,0000000,11,56,12,3,88,88,0,0,0,1,0
53,530142,1,1,0,0,0,1,1,65,0,28,5,2011,7,4,30,0,9,8,FORD-WELLPINIT RD,,39,47.90331944,-117.876111110,3,17,0,0,1,1,5,0,4,10,0,10,0,0000000,99,99,99,99,88,88,0,0,0,1,0
53,530143,1,1,0,0,0,4,4,37,0,29,5,2011,1,22,15,1,1,1,I-90,,772,47.20114444,-121.072811110,0,59,0,0,1,1,5,0,2,10,0,10,0,0000000,22,17,22,32,0,1,0,0,0,1,1
53,530144,2,2,0,0,0,3,3,33,100,30,5,2011,2,16,50,0,12,3,SR-167,,144,47.29905278,-122.255000000,0,12,1,0,1,1,1,0,1,1,0,1,0,0000000,16,50,16,56,88,88,0,0,0,1,1
53,530145,1,1,0,0,0,2,2,33,1960,30,5,2011,2,13,20,0,16,6,W GALER ST,,0,47.63222778,-122.393683330,0,5,0,0,1,1,1,0,1,1,0,1,0,0000000,13,19,13,24,13,53,0,0,0,1,0
53,530146,2,2,0,0,0,2,2,67,0,1,6,2011,4,17,16,0,14,4,YELM HWY,,78,46.98451111,-122.760897220,0,12,2,0,1,1,1,0,1,1,0,1,0,0000000,17,14,17,19,17,59,0,0,0,1,0
53,530147,1,1,0,0,0,1,1,41,0,3,6,2011,6,2,25,0,4,4,CENTRAL-ALPHA RD,,73,46.65977500,-122.813072220,0,53,0,0,1,1,5,0,2,10,0,10,0,0000000,99,99,99,99,88,88,0,0,0,1,1
53,530149,1,1,0,0,0,1,1,33,0,4,6,2011,7,17,50,0,3,4,AUBURN WAY N,S 277TH S,38,47.35350833,-122.229272220,0,46,0,0,2,2,4,0,1,1,0,1,0,0000000,17,51,17,56,99,99,0,0,0,1,0
53,530150,2,2,0,0,0,2,2,67,2320,6,6,2011,2,10,48,1,11,1,I-5,,1010,46.98051667,-122.927291670,0,12,7,0,1,1,1,0,1,1,0,1,0,0000000,10,46,10,58,11,38,0,0,0,1,0
53,530151,2,2,0,0,0,2,2,75,0,6,6,2011,2,17,54,0,2,3,SR-26,,1218,46.80781389,-117.538433330,0,12,2,0,1,1,1,0,1,1,0,1,0,0000000,99,99,99,99,99,99,0,0,0,1,0
53,530152,1,1,0,0,0,1,1,47,0,8,6,2011,4,13,30,0,2,3,SR-20,,671,48.55831944,-120.632200000,0,24,0,0,1,1,4,0,1,10,0,10,0,0000000,13,40,14,18,88,88,0,0,0,1,0
53,530153,2,2,0,0,0,3,3,5,0,15,6,2011,4,13,50,1,1,1,I-82,,1191,46.06535556,-119.223352780,0,12,6,0,1,1,2,0,1,1,0,1,0,0000000,13,51,14,6,14,13,0,0,0,1,0
53,530154,2,2,0,0,0,2,2,11,0,19,5,2011,5,18,2,0,3,4,NE 199TH ST,NE 104TH AVE,9,45.76605556,-122.566180560,0,12,6,0,2,3,1,0,1,1,0,1,0,0000000,18,3,18,8,99,99,0,0,0,1,0
53,530155,2,2,0,0,0,3,3,17,0,3,6,2011,6,15,44,1,2,2,US-97,,2339,47.79240000,-119.982547220,0,12,2,0,1,1,1,0,1,1,0,1,0,0000000,99,99,99,99,99,99,0,0,0,2,0
53,530156,1,1,0,0,0,3,3,63,2110,11,6,2011,7,23,30,0,19,6,SINTO,,0,47.67115278,-117.386963890,0,3,0,0,1,1,5,0,3,1,0,1,0,0000000,88,88,88,88,88,88,0,0,0,3,1
53,530157,2,2,0,0,0,4,4,67,1590,15,6,2011,4,21,8,0,13,4,YELM HWY SE,LANDVIEW DR SE,34,46.99866667,-122.847188890,0,12,6,0,2,3,1,0,1,1,0,1,0,0000000,21,5,21,14,21,45,0,0,0,1,1
53,530158,2,1,1,0,0,2,2,37,0,15,6,2011,4,21,2,1,1,1,I-90,,892,47.16080278,-120.843125000,0,14,0,0,1,1,5,0,2,1,0,1,0,0000000,21,2,21,12,99,99,0,0,0,1,1
53,530159,1,1,0,1,1,1,1,61,0,15,6,2011,4,16,15,0,3,3,SR-99,,509,47.87457778,-122.272144440,0,8,0,0,1,1,1,0,1,1,0,1,0,0000000,16,16,16,16,88,88,0,0,0,1,0
53,530160,2,2,0,0,0,2,2,33,109,23,5,2011,2,14,50,0,14,6,BELLEVUE WAY SE,113TH AVE SE,0,47.58371944,-122.188750000,0,12,6,0,2,2,1,0,1,1,0,1,0,0000000,14,50,14,52,99,99,0,0,0,1,0
53,530161,2,2,0,0,0,2,2,33,1030,5,1,2011,4,15,36,0,14,6,BENSON RD SE,SE 224TH ST,0,47.40154444,-122.198716670,0,12,6,0,2,3,1,0,1,10,0,10,1,0000000,15,37,15,46,99,99,0,0,0,1,1
53,530162,2,2,0,0,0,4,4,61,1215,14,3,2011,2,22,33,0,14,6,OLYMPIC VIEW RD,,0,47.83515278,-122.325597220,0,12,2,0,1,1,1,0,3,2,0,2,0,0000000,22,42,22,48,23,25,0,0,0,1,0
53,530163,1,1,0,1,1,1,1,33,0,15,1,2011,7,12,36,0,3,4,26 AVE SW,,7,47.50806389,-122.364950000,0,8,0,0,1,1,1,0,1,1,0,1,0,0000000,12,38,12,42,99,99,0,0,0,1,0
53,530164,2,2,0,0,0,2,2,33,1960,5,4,2011,3,18,33,0,13,6,RAINER AVE S,S MYRTLE ST,0,47.53884722,-122.270725000,0,12,6,0,2,2,1,0,1,1,0,1,0,0000000,99,99,99,99,99,99,0,0,0,1,0
53,530166,2,2,0,0,0,2,2,63,0,23,5,2011,2,16,6,0,4,4,S HAYFORD RD,,35,47.64519444,-117.560900000,0,12,6,0,8,1,1,0,1,1,0,1,0,0000000,15,6,15,10,15,43,0,0,0,1,0
53,530167,1,1,0,0,0,4,4,25,0,15,6,2011,4,12,30,0,9,4,FREY RD NW,,11,47.33915833,-119.549575000,0,1,0,0,1,1,5,0,1,1,0,1,0,0000000,12,35,12,41,99,99,0,0,0,1,0
53,530168,2,2,0,0,0,2,2,33,2565,15,6,2011,4,15,10,0,14,3,SR-202,,5,47.74682778,-122.164416670,0,12,6,0,8,1,1,0,1,1,0,1,0,0000000,15,12,15,21,88,88,0,0,0,1,0
53,530169,1,1,0,0,0,3,3,37,0,15,6,2011,4,23,59,0,9,8,COLEMAN CREEK RD,,20,47.10146111,-120.399705560,0,35,0,0,1,1,5,0,2,1,0,1,0,0000000,0,3,0,20,99,99,0,0,0,2,1
53,530170,2,2,0,0,0,2,2,73,0,16,6,2011,5,16,50,0,2,3,SR-546,,25,48.96437778,-122.443613890,0,12,6,0,8,1,1,0,1,1,0,1,0,0000000,16,45,16,48,88,88,0,0,0,1,0
53,530171,1,1,0,0,0,2,2,43,0,16,6,2011,5,12,35,0,2,3,SR-25,REINBOLD RD,178,47.86537778,-118.261277780,0,34,0,0,3,3,5,0,1,10,0,10,0,0000000,99,99,99,99,99,99,0,0,0,1,0
53,530172,1,1,0,0,0,2,2,47,0,19,6,2011,1,12,30,0,2,3,SR-20,,2212,48.36550278,-119.747394440,0,42,0,0,1,1,5,0,1,1,0,1,0,0000000,99,99,99,99,99,99,0,0,0,1,0
53,530173,1,1,0,1,1,1,1,75,380,7,5,2011,7,15,37,1,13,2,US-195,STEVENS ST,374,46.87888056,-117.364813890,0,8,0,0,2,2,1,0,1,1,0,1,0,0000000,99,99,99,99,99,99,0,0,0,1,0
53,530174,2,2,0,0,0,2,2,67,0,20,6,2011,2,14,50,0,14,4,YELM HWY SE,,80,46.98608611,-122.757525000,0,12,2,0,1,1,1,0,1,1,0,1,0,0000000,15,3,15,15,15,28,0,0,0,1,0
53,530175,1,1,0,0,0,1,1,67,0,21,6,2011,3,3,6,0,13,4,MARTIN WAY,,72,47.06516667,-122.721683330,0,25,0,0,1,1,4,0,2,10,0,10,0,0000000,3,7,3,19,88,88,0,0,0,1,1
53,530176,2,2,0,0,0,2,2,33,100,21,6,2011,3,20,20,0,14,6,AUBURN WAY N,,0,47.34502500,-122.222330560,0,12,6,0,8,1,1,0,5,1,0,1,0,0000000,20,21,20,24,21,8,0,0,0,1,0
53,530177,1,1,0,1,1,1,1,45,0,21,6,2011,3,15,55,0,4,4,MASON BENSON RD,,7,47.31843333,-122.920533330,0,9,0,0,8,1,1,0,1,1,0,1,0,0000000,15,3,15,11,99,99,0,0,0,1,0
53,530178,3,3,0,0,0,3,3,61,0,23,6,2011,5,17,31,1,1,1,I-5,,1858,47.87532500,-122.242211110,0,12,8,0,1,1,1,0,1,1,0,1,0,0000000,99,99,99,99,99,99,0,0,0,1,0
53,530179,1,1,0,1,1,1,1,63,2110,23,6,2011,5,4,38,0,13,6,N DIVISION,E EMPIRE,0,47.69313333,-117.411113890,0,9,0,0,2,2,1,0,4,2,0,2,0,0000000,4,39,4,45,5,3,0,0,0,1,0
53,530180,2,2,0,0,0,2,2,33,1030,25,6,2011,7,18,30,0,13,3,SR-516,,70,47.37241667,-122.205627780,0,12,6,0,8,1,1,0,1,1,0,1,0,0000000,18,31,18,35,19,21,0,0,0,1,1
53,530181,3,2,1,1,3,22,24,37,370,28,5,2011,7,18,25,1,11,1,I-90,,833,47.18924722,-120.979255560,0,14,0,0,1,1,4,0,1,1,0,1,0,0000000,18,22,18,32,99,99,23,0,0,2,0
53,530182,1,1,0,1,1,1,1,11,0,16,5,2011,2,21,25,1,1,1,I-5,,199,45.88778333,-122.731725000,0,8,0,0,1,1,1,0,2,1,0,1,0,0000000,21,26,21,33,99,99,19,23,0,1,0
53,530183,2,2,0,0,0,2,2,63,0,20,6,2011,2,12,0,1,13,2,US-395,,1677,47.78285556,-117.404322220,0,12,2,0,1,1,1,1,1,1,0,1,0,0000000,12,1,12,9,88,88,0,0,0,1,0
53,530184,3,3,0,0,0,5,5,45,0,25,6,2011,7,17,42,0,2,3,SR-3,NE KATCHEMAK LN,279,47.46752778,-122.804747220,0,12,2,0,2,3,1,0,1,1,0,1,0,0000000,17,42,17,45,99,99,0,0,0,1,0
53,530185,1,1,0,0,0,1,1,31,0,18,6,2011,7,18,48,0,5,4,COYLE RD,,127,47.71577778,-122.797027780,0,42,0,0,1,1,5,0,1,10,0,10,0,0000000,99,99,99,99,99,99,0,0,0,1,0
53,530186,1,1,0,1,1,2,2,67,1102,26,6,2011,1,12,50,0,14,6,RUDDELL RD SE,,0,47.02040833,-122.810261110,0,8,0,0,1,1,1,0,1,1,0,1,0,0000000,12,50,12,55,13,13,0,0,0,1,1
53,530187,2,2,0,0,0,2,2,53,1930,27,6,2011,2,14,55,0,4,4,288TH S,LYONS DR S,53,46.99612778,-122.533850000,0,12,2,1,2,4,1,0,1,2,0,2,0,0000000,15,0,15,6,17,57,0,0,0,1,0
53,530188,1,1,0,0,0,1,1,55,0,28,6,2011,3,21,30,0,4,4,OLGA RD,,102,48.68335278,-122.881436110,0,42,0,0,1,1,5,0,2,10,0,10,0,0000000,99,99,99,99,88,88,0,0,0,1,1
53,530189,1,1,0,0,0,1,1,47,0,2,7,2011,7,18,53,0,4,4,CHESAW RD,,218,48.91265556,-119.045963890,0,42,0,0,1,1,5,0,1,1,0,1,0,0000000,99,99,99,99,99,99,0,0,0,1,1
53,530190,1,1,0,0,0,4,4,33,100,2,7,2011,7,3,49,0,14,6,KERSEY WAY SE,,0,47.27474444,-122.208052780,0,21,0,0,1,1,5,0,3,1,0,1,0,0000000,3,51,3,56,4,48,0,0,0,1,1
53,530191,1,1,0,0,0,1,1,33,0,3,7,2011,1,23,48,0,4,4,204TH AVE NE,,10,47.76772778,-122.062719440,0,41,0,0,1,1,5,0,2,1,0,1,0,0000000,23,53,0,3,99,99,0,0,0,1,1
53,530192,3,3,0,0,0,6,6,59,0,2,7,2011,7,17,42,0,2,3,SR-14,,461,45.70561111,-121.851316670,0,12,2,0,1,1,1,0,1,1,0,1,0,0000000,17,34,17,40,18,24,0,0,0,1,0
53,530193,1,1,0,1,1,1,1,61,0,3,7,2011,1,23,16,0,2,3,SR-99,,520,47.88735556,-122.260236110,0,8,0,0,1,1,1,0,3,1,0,1,0,0000000,23,11,23,16,88,88,0,0,0,1,0
53,530194,1,1,0,1,1,1,1,33,1960,11,2,2011,6,9,42,0,13,6,MLK JR S,S ORCAS ST,0,47.55120000,-122.287930560,0,8,0,0,2,2,1,0,1,1,0,1,0,0000000,9,43,9,46,99,99,0,0,0,1,0
53,530195,1,1,0,1,1,5,5,77,0,4,7,2011,2,23,41,0,5,4,WANETA RD,,16,46.28792778,-119.978341670,0,8,0,0,1,1,1,0,2,1,0,1,0,0000000,23,47,23,49,88,88,0,0,0,1,0
53,530196,1,1,0,0,0,1,1,33,1960,13,7,2011,4,22,55,1,11,1,I-5,MICHIGAN ST,1620,47.54955000,-122.313472220,0,25,0,1,5,1,4,0,3,1,0,1,0,0000000,22,56,23,11,88,88,0,0,0,1,1
53,530197,2,2,0,0,0,3,3,33,1960,1,1,2011,7,0,5,0,13,6,1 AVE S,,0,47.56388611,-122.334222220,0,12,2,0,1,1,1,0,3,1,0,1,0,0000000,0,6,0,11,88,88,0,0,0,1,1
53,530198,2,2,0,0,0,8,8,61,810,14,7,2011,5,11,5,1,2,2,US-2,,279,47.85812222,-121.704591670,0,12,2,0,1,1,1,0,1,2,0,2,0,0000000,10,5,10,11,11,22,0,0,0,1,0
53,530199,1,1,0,0,0,1,1,53,0,5,7,2011,3,2,19,0,4,4,WHITEMAN RD KP S,,20,47.22735833,-122.790777780,0,34,0,0,1,1,5,0,2,1,0,1,0,0000000,99,99,99,99,88,88,0,0,0,1,1
53,530200,2,2,0,0,0,3,3,33,0,6,7,2011,4,23,40,0,2,3,SR-18,,263,47.48481667,-121.888805560,0,12,6,0,1,1,1,0,2,1,0,1,0,0000000,23,42,23,50,0,35,0,0,0,2,0
53,530201,1,1,0,0,0,1,1,33,0,15,7,2011,6,2,6,0,2,3,SR-165,,195,47.14078056,-122.053083330,0,30,0,0,1,1,5,0,2,10,0,10,0,0000000,2,2,2,16,88,88,0,0,0,1,1
53,530202,2,2,0,0,0,2,2,69,0,11,7,2011,2,15,18,0,2,3,SR-4,,445,46.16711111,-123.240938890,0,12,2,0,1,1,1,0,1,10,0,10,0,0000000,99,99,99,99,99,99,0,0,0,1,0
53,530203,2,2,0,0,0,2,2,61,0,14,7,2011,5,13,4,0,5,4,STORM LAKE RD,,10,47.95692500,-121.979786110,0,12,2,0,1,1,1,0,1,2,0,2,0,0000000,13,4,13,12,99,99,0,0,0,1,0
53,530204,2,2,0,0,0,3,3,63,0,16,7,2011,7,13,30,1,2,2,US-2,BAILEY RD,3108,47.98139167,-117.349605560,0,12,6,0,2,3,1,0,1,1,0,1,0,0000000,99,99,99,99,99,99,0,0,0,1,0
53,530205,1,1,0,0,0,1,1,47,0,17,7,2011,1,0,0,0,5,4,OMAK E RIVERSIDE RD,,47,48.44776389,-119.461641670,3,1,0,0,1,1,5,0,2,1,0,1,0,0000000,1,25,1,35,88,88,0,0,0,1,1
53,530206,1,1,0,0,0,1,1,33,100,17,7,2011,1,19,59,0,12,3,SR-167,,144,47.30356389,-122.253541670,0,25,0,1,5,1,4,0,1,10,0,10,0,0000000,19,59,20,5,20,54,0,0,0,1,1
53,530207,2,2,0,0,0,2,2,27,0,9,7,2011,7,20,51,1,2,3,SR-109,,39,46.98716111,-123.966025000,0,12,2,0,1,1,1,0,1,1,0,1,0,0000000,20,50,20,56,21,15,0,0,0,1,1
53,530208,2,2,0,0,0,2,2,1,0,18,7,2011,2,15,5,1,2,2,US-395,,730,46.85713889,-118.635350000,0,12,1,0,1,1,1,0,1,1,0,1,0,0000000,99,99,99,99,99,99,0,0,0,1,0
53,530209,1,1,0,0,0,1,1,63,0,19,7,2011,3,8,50,0,4,4,ACRO RD,FRUITVALE RD,6,47.58704722,-117.552036110,0,33,0,0,2,3,4,0,1,1,0,1,0,0000000,99,99,99,99,99,99,0,0,0,1,1
53,530210,1,1,0,0,0,2,2,15,0,10,7,2011,1,6,25,1,1,1,I-5,,447,46.21120000,-122.896500000,0,1,0,0,1,1,1,0,1,1,0,1,0,0000000,6,21,6,32,99,99,0,0,0,1,0
53,530211,1,1,0,0,0,1,1,67,0,21,7,2011,5,22,28,1,12,2,US-101,,3672,47.02162222,-122.906991670,0,1,0,1,5,1,1,0,3,1,0,1,0,0000000,22,27,22,32,23,0,0,0,0,1,0
53,530212,1,1,0,1,1,1,1,33,1050,22,7,2011,6,15,45,0,14,6,JUANITA DR NE,,0,47.70127778,-122.227761110,0,9,0,0,1,1,2,0,1,1,0,1,0,0000000,15,52,15,56,88,88,0,0,0,1,0
53,530213,4,4,0,0,0,8,8,11,240,18,7,2011,2,16,38,0,12,3,SR-14,,130,45.57532500,-122.418497220,0,12,8,0,1,1,1,0,1,1,0,1,0,0000000,16,40,16,46,99,99,0,0,0,1,0
53,530214,1,1,0,0,0,1,1,67,1790,21,7,2011,5,23,59,0,16,6,CENTRE ST S,,0,46.88599444,-122.686033330,0,18,0,0,8,1,4,0,3,1,0,1,0,0000000,23,41,23,48,88,88,0,0,0,1,1
53,530215,1,1,0,0,0,3,3,21,0,23,7,2011,7,11,35,0,6,4,IONE RD,,19,46.41466667,-119.071497220,0,1,0,0,1,1,1,0,1,1,0,1,0,0000000,11,45,12,10,99,99,0,0,0,1,0
53,530216,2,2,0,0,0,3,3,33,0,24,7,2011,1,14,50,1,2,2,US-2,,620,99.99990000,999.999900000,0,25,0,0,1,1,4,0,1,1,0,1,0,0000000,14,50,15,7,88,88,0,0,0,1,0
53,530217,1,1,0,0,0,1,1,33,0,24,7,2011,1,8,40,0,6,4,SE 192,196TH AVE SE,38,47.42991667,-122.080744440,0,59,0,0,2,3,4,0,1,1,0,1,0,0000000,8,44,8,50,88,88,0,0,0,1,0
53,530218,1,1,0,0,0,1,1,25,0,24,7,2011,1,2,18,0,6,4,FRENCHMAN HILLS RD,,77,47.00072778,-119.856741670,0,1,0,0,1,1,5,0,2,1,0,1,0,0000000,2,22,2,38,99,99,0,0,0,1,0
53,530219,1,1,0,0,0,1,1,53,0,29,7,2011,6,22,0,0,4,4,KEY PENINSULA HWY S,LONGBRANCH WHARF RD,100,47.20892778,-122.756830560,0,1,0,0,2,3,1,0,1,1,0,1,0,0000000,99,99,99,99,99,99,0,0,0,1,0
53,530220,4,1,3,0,1,4,5,33,1960,23,7,2011,7,3,50,1,11,1,I-5,,1650,47.61111111,-122.331294440,0,39,0,1,5,1,5,0,3,1,0,1,0,0000000,3,52,3,57,99,99,0,0,0,1,1
53,530221,2,2,0,0,0,2,2,33,1050,24,7,2011,1,13,58,1,11,1,I-405,NE 85TH ST,180,47.67912222,-122.186786110,0,59,0,1,5,1,4,0,1,1,0,1,0,0000000,99,99,99,99,88,88,0,0,0,1,1
53,530222,1,1,0,1,1,1,1,33,1960,28,7,2011,5,15,44,0,16,6,DEXTER AVE N,THOMAS ST,0,47.62082778,-122.342383330,0,9,0,0,2,2,1,0,1,1,0,1,0,0000000,15,45,15,49,16,8,0,0,0,1,0
53,530223,1,1,0,0,0,1,1,5,1020,1,8,2011,2,16,50,0,14,6,HIGHLAND DR,OLYMPIA ST,0,46.17945833,-119.137975000,0,38,0,0,3,4,5,0,1,1,0,1,0,0000000,16,51,16,56,88,88,0,0,0,1,0
53,530224,1,1,0,0,0,1,1,63,1165,1,8,2011,2,0,5,1,11,1,I-90,,2955,47.66541667,-117.129622220,0,1,0,0,1,1,5,0,3,1,0,1,0,0000000,0,4,0,12,99,99,0,0,0,1,1
53,530225,1,1,0,0,0,1,1,5,1020,2,8,2011,3,0,27,0,14,3,SR-397,,120,46.14798333,-119.021436110,0,42,0,0,1,1,5,0,2,1,0,1,0,0000000,0,30,0,37,88,88,0,0,0,1,0
53,530226,1,1,0,1,1,1,1,33,1830,2,8,2011,3,12,52,0,14,6,MAIN AVE S,BRONSON WAY,0,47.48132222,-122.204211110,0,15,0,0,2,2,1,0,1,1,0,1,0,0000000,12,52,12,54,99,99,0,0,0,1,0
53,530227,1,1,0,1,1,1,1,11,0,2,8,2011,3,5,10,0,2,4,NE HWY 99,,31,45.66743889,-122.664177780,0,8,0,0,1,1,1,0,4,1,0,1,0,0000000,5,13,5,19,88,88,0,0,0,1,0
53,530228,1,1,0,0,0,1,1,77,0,3,8,2011,4,17,30,0,6,4,POTATO HILL RD,,99999,46.25864444,-121.267894440,3,42,0,0,1,1,5,0,1,1,0,1,0,0000000,20,0,21,45,88,88,0,0,0,1,1
53,530229,1,1,0,0,0,2,2,53,210,3,8,2011,4,1,14,0,14,6,112TH ST E,,0,47.15682222,-122.037252780,0,42,0,0,1,1,5,1,2,1,0,1,0,0000000,1,19,1,25,88,88,0,0,0,1,1
53,530230,1,1,0,0,0,1,1,61,0,5,8,2011,6,23,55,1,1,1,I-5,,2100,48.21350556,-122.217052780,0,1,0,1,5,1,5,0,2,1,0,1,0,0000000,23,56,0,4,88,88,0,0,0,1,1
53,530231,1,1,0,0,0,1,1,45,0,6,8,2011,7,10,18,0,5,4,DEWATTO RD,,33,47.45084444,-123.061808330,0,24,0,0,1,1,5,0,1,1,0,1,0,0000000,10,20,10,30,99,99,0,0,0,1,0
53,530232,1,1,0,0,0,2,2,63,0,6,8,2011,7,2,22,0,4,4,W CHENEY SPANGLE RD,,15,47.47162500,-117.543294440,0,1,0,0,1,1,5,0,2,1,0,1,0,0000000,99,99,99,99,99,99,0,0,0,1,1
53,530233,1,1,0,0,0,1,1,61,0,7,8,2011,1,19,0,0,4,4,MARSH RD,,10,47.89899444,-122.130825000,0,34,0,0,1,1,5,0,1,1,0,1,0,0000000,88,88,88,88,88,88,0,0,0,1,1
53,530234,2,1,1,0,3,1,4,53,0,7,8,2011,1,17,27,0,3,3,SR-7,,279,46.85631667,-122.302852780,0,24,0,0,1,1,5,0,1,1,0,1,0,0000000,17,29,17,37,18,35,0,0,0,1,0
53,530235,1,1,0,0,0,1,1,45,0,9,8,2011,3,10,54,0,3,3,SR-302,,44,47.36429167,-122.807408330,0,42,0,0,1,1,5,0,1,1,0,1,0,0000000,9,50,10,0,88,88,0,0,0,1,1
53,530237,2,2,0,0,0,2,2,33,2005,12,8,2011,6,15,54,0,14,6,15TH AVE NE,NE 175TH ST,0,47.75572778,-122.313466670,0,12,6,0,2,2,1,0,1,1,0,1,0,0000000,15,56,16,0,88,88,2,0,0,1,0
53,530238,1,1,0,0,0,1,1,33,100,13,8,2011,7,19,16,0,14,6,132ND WAY SE,,0,47.32301389,-122.166530560,0,59,0,0,1,1,5,0,1,1,0,1,0,0000000,19,19,19,22,20,10,0,0,0,1,1
53,530239,1,1,0,0,0,1,1,77,0,19,8,2011,6,1,40,1,1,1,I-82,,421,46.47948333,-120.406550000,0,1,0,0,1,1,3,1,2,1,0,1,0,0000000,1,40,1,59,88,88,0,0,0,1,0