STATE,ST_CASE,VE_TOTAL,VE_FORMS,PVH_INVL,PEDS,PERNOTMVIT,PERMVIT,PERSONS,COUNTY,CITY,DAY,MONTH,YEAR,DAY_WEEK,HOUR,MINUTE,NHS,ROAD_FNC,ROUTE,TWAY_ID,TWAY_ID2,MILEPT,LATITUDE,LONGITUD,SP_JUR,HARM_EV,MAN_COLL,RELJCT1,RELJCT2,TYP_INT,REL_ROAD,WRK_ZONE,LGT_COND,WEATHER1,WEATHER2,WEATHER,SCH_BUS,RAIL,NOT_HOUR,NOT_MIN,ARR_HOUR,ARR_MIN,HOSP_HR,HOSP_MN,CF1,CF2,CF3,FATALS,DRUNK_DR
53,530240,2,2,0,0,0,2,2,1,0,23,8,2011,3,5,15,0,2,3,SR-17,LEE RD,304,46.84090556,-119.133200000,0,12,6,0,2,2,1,0,3,1,0,1,0,0000000,5,21,5,26,99,99,0,0,0,1,1
53,530241,1,1,0,0,0,1,1,73,0,24,8,2011,4,0,45,0,3,4,W AXTON RD,,12,48.84780000,-122.551138890,0,42,0,0,1,1,5,0,2,1,0,1,0,0000000,0,49,0,56,88,88,0,0,0,1,1
53,530242,2,1,1,0,1,1,2,33,1960,27,8,2011,7,1,54,1,11,1,I-5,,1615,47.55466389,-122.318558330,0,14,0,0,1,1,4,0,2,1,0,1,0,0000000,1,54,1,59,2,25,0,0,0,1,1
53,530243,1,1,0,0,0,6,6,1,0,28,8,2011,1,14,39,1,1,1,I-90,,2193,47.11123889,-118.413177780,0,1,0,0,1,1,5,0,1,1,0,1,0,0000000,14,54,14,58,15,20,0,0,0,1,0
53,530244,1,1,0,0,0,1,1,73,110,28,8,2011,1,3,30,0,16,6,33RD ST,,0,48.71269722,-122.474147220,0,42,0,0,1,1,5,0,2,1,0,1,0,0000000,3,39,3,44,88,88,0,0,0,1,1
53,530245,1,1,0,0,0,2,2,33,1305,31,8,2011,4,18,57,1,11,1,I-405,I-90,90,47.58083889,-122.176852780,0,25,0,1,5,1,4,0,1,10,0,10,0,0000000,19,0,19,8,19,30,0,0,0,1,0
53,530246,1,1,0,0,0,1,1,33,1960,31,8,2011,4,8,50,1,11,1,I-5,,1610,47.54993611,-122.314169440,0,25,0,0,1,1,3,0,1,10,0,10,0,0000000,8,53,9,2,9,34,0,0,0,1,0
53,530247,1,1,0,0,0,5,5,1,0,11,9,2011,1,8,55,1,2,2,US-395,,719,46.83659167,-118.650455560,0,34,0,0,1,1,5,0,1,1,0,1,0,0000000,99,99,99,99,99,99,0,0,0,1,0
53,530248,1,1,0,0,0,2,2,21,1660,19,4,2011,3,21,56,0,16,6,N 15TH AVE,,0,46.23240833,-119.109369440,0,5,0,0,1,1,1,0,3,10,0,10,0,0000000,21,56,22,1,22,41,20,0,0,1,0
53,530249,1,1,0,0,0,2,2,61,0,24,5,2011,3,18,9,0,6,4,WOODS LAKE RD,,41,47.88106667,-121.850525000,0,43,0,0,1,1,5,0,1,1,0,1,0,0000000,18,10,18,17,99,99,0,0,0,1,0
53,530250,1,1,0,1,1,1,1,53,0,24,7,2011,1,17,6,0,3,3,SR-706,,133,46.75650556,-121.989955560,0,8,0,0,1,1,1,0,1,1,0,1,0,0000000,99,99,99,99,99,99,0,0,0,1,0
53,530251,1,1,0,0,0,2,2,63,2110,9,8,2011,3,5,52,0,14,6,ALKI RD,BROADWAY,0,47.66411667,-117.355958330,0,17,0,0,2,3,5,0,1,1,0,1,0,0000000,5,55,5,59,6,36,0,0,0,1,1
53,530252,1,1,0,0,0,1,1,25,0,11,8,2011,5,17,16,0,4,4,DESERT AIRE DR SW,PLUM WAY,10,46.68196389,-119.924183330,0,1,0,0,2,3,4,0,1,1,0,1,0,0000000,17,19,17,26,88,88,0,0,0,1,1
53,530253,2,2,0,0,0,2,2,33,0,11,8,2011,5,18,30,0,3,4,228TH AVE SE,SE SAWYER RIDGE WY,9,47.32231111,-122.038916670,0,12,2,0,2,3,1,0,1,1,0,1,0,0000000,18,33,18,36,99,99,0,0,0,1,0
53,530254,1,1,0,1,1,2,2,77,2300,13,8,2011,7,23,58,0,14,3,SR-22,DIVISION RD,46,46.36508333,-120.309813890,0,8,0,0,2,2,1,0,2,1,0,1,0,0000000,23,56,0,3,88,88,0,0,0,1,0
53,530256,1,1,0,0,0,2,2,77,0,24,6,2011,6,99,99,0,6,8,SNIPES DELEVERING LA,,0,46.30045833,-120.050483330,0,1,0,0,1,1,5,0,2,1,0,1,0,0000000,4,39,4,51,88,88,0,0,0,1,1
53,530257,1,1,0,0,0,1,1,5,0,13,8,2011,7,1,53,0,6,9,S 38TH AVE,,99999,46.28192222,-119.337250000,0,1,0,0,1,1,1,0,2,1,0,1,0,0000000,1,54,1,58,88,88,0,0,0,1,1
53,530258,1,1,0,0,0,1,1,71,0,14,8,2011,1,18,25,0,13,3,SR-12,,3102,46.06505000,-118.840055560,0,1,0,0,1,1,1,0,1,1,0,1,0,0000000,18,37,18,47,88,88,0,0,0,1,1
53,530259,2,2,0,0,0,4,4,53,1124,15,8,2011,2,3,15,1,11,1,I-5,,1278,47.16618611,-122.476477780,0,12,1,0,1,1,1,0,3,1,0,1,0,0000000,99,99,99,99,99,99,0,0,0,1,0
53,530260,2,2,0,0,0,2,2,63,2113,15,8,2011,2,14,59,0,14,6,E BROADWAY AVE,N PROGRESS RD,0,47.66418889,-117.201997220,0,12,6,0,2,2,1,0,1,1,0,1,0,0000000,15,0,15,1,99,99,0,0,0,1,0
53,530261,3,3,0,0,0,5,5,11,0,16,8,2011,3,18,25,0,4,4,NW HAYES RD,,33,45.93035556,-122.687116670,0,12,2,0,1,1,1,0,1,1,0,1,0,0000000,99,99,99,99,99,99,0,0,0,1,1
53,530262,2,2,0,0,0,3,3,37,0,20,8,2011,7,18,50,1,2,2,US-97,,1627,47.55005833,-120.608488890,0,12,2,0,1,1,1,0,1,1,0,1,0,0000000,18,53,99,97,99,97,0,0,0,1,0
53,530263,1,1,0,0,0,1,1,37,0,20,8,2011,7,21,30,0,5,4,WESTSIDE RD,,41,47.16531111,-121.013008330,0,42,0,0,1,1,5,0,2,1,0,1,0,0000000,9,34,9,47,88,88,0,0,0,1,1
53,530264,2,1,1,0,3,1,4,11,2570,21,8,2011,1,21,29,1,11,1,I-5,,30,45.65292778,-122.662738890,0,25,0,0,1,1,3,0,3,1,0,1,0,0000000,21,26,21,29,99,99,0,0,0,1,1
53,530265,1,1,0,0,0,3,3,11,0,20,8,2011,7,15,0,0,2,3,SR-14,,185,45.57082500,-122.307616670,0,5,0,0,1,1,1,0,1,1,0,1,0,0000000,99,99,99,99,88,88,0,0,0,1,0
53,530266,2,2,0,0,0,4,4,9,0,25,8,2011,5,8,11,0,4,3,SR-112,,591,48.11450833,-123.568494440,0,12,2,0,1,1,1,0,1,1,0,1,0,0000000,8,11,8,20,9,29,0,0,0,1,1
53,530267,1,1,0,0,0,1,1,53,2230,26,8,2011,6,18,3,1,11,1,I-5,,1336,47.23258056,-122.435911110,0,25,0,1,5,1,4,0,1,1,0,1,0,0000000,99,99,99,99,88,88,0,0,0,1,1
53,530268,2,2,0,0,0,4,4,35,0,27,8,2011,7,1,52,0,3,3,SR-160,,28,47.50482222,-122.581886110,0,12,1,0,1,1,1,0,2,1,0,1,0,0000000,1,45,1,55,3,7,0,0,0,1,2
53,530269,2,2,0,0,0,2,2,77,0,28,8,2011,1,0,47,0,4,4,MIERAS RD,S MORRIER LANE,9,46.57693056,-120.417858330,0,12,1,0,1,1,1,0,2,1,0,1,0,0000000,99,99,99,99,88,88,0,0,0,1,1
53,530270,1,1,0,0,0,1,1,53,0,30,8,2011,3,1,42,0,3,3,SR-161,,75,46.90964444,-122.295986110,0,35,0,0,1,1,5,0,2,1,0,1,0,0000000,1,42,1,49,88,88,0,0,0,1,1
53,530271,2,1,1,1,1,1,1,35,0,30,8,2011,3,21,57,0,4,4,SE MULLENIX RD,,20,47.46864444,-122.588838890,0,14,0,0,1,1,2,0,2,1,0,1,0,0000000,21,58,22,5,22,59,23,0,0,1,0
53,530272,2,2,0,0,0,5,5,77,0,31,8,2011,4,1,52,1,2,2,US-97,MCDONALD RD,636,46.38915556,-120.357650000,3,12,6,0,2,2,1,0,3,1,0,1,0,0000000,1,44,2,1,99,99,0,0,0,1,1
53,530273,1,1,0,1,1,1,1,63,2110,30,8,2011,3,11,6,0,13,6,SPRAGUE,SPRAGUE WAY,0,47.65680278,-117.395266670,0,8,0,0,2,4,1,0,1,1,0,1,0,0000000,11,6,11,11,11,27,0,0,0,1,0
53,530274,1,1,0,0,0,1,1,49,0,29,7,2011,6,10,54,0,4,4,SANDRIDGE RD,,100,46.40025556,-124.023627780,0,42,0,0,1,1,5,0,1,1,0,1,0,0000000,99,99,99,99,99,99,0,0,0,1,0
53,530275,2,2,0,0,0,4,4,77,0,16,8,2011,3,20,43,1,1,1,I-82,,450,46.46909444,-120.392175000,0,1,0,0,1,1,3,2,2,1,0,1,0,0000000,20,43,20,45,99,99,0,0,0,1,0
53,530276,1,1,0,1,1,1,1,33,1960,2,9,2011,6,23,14,1,11,1,I-5,,1661,47.61556667,-122.329136110,0,8,0,0,1,1,1,0,3,1,0,1,0,0000000,99,99,99,99,88,88,0,0,0,1,0
53,530277,1,1,0,1,1,3,3,25,0,2,9,2011,6,15,25,0,2,3,SR-243,RD 15.8 SW,227,46.84892500,-119.941755560,0,9,0,0,2,3,1,0,1,1,0,1,0,0000000,15,30,15,32,99,99,0,0,0,1,0
53,530278,1,1,0,1,1,1,1,61,1215,6,9,2011,3,16,12,0,13,3,SR-99,,191,47.83917222,-122.299513890,0,8,0,0,4,1,4,0,1,1,0,1,0,0000000,16,14,16,19,16,54,0,0,0,1,0
53,530279,3,3,0,0,0,3,3,67,1102,7,9,2011,4,15,39,0,3,4,STIELACOOM RD,,8,47.04544722,-122.768955560,0,12,1,0,1,1,1,0,1,1,0,1,0,0000000,15,38,15,39,16,40,0,0,0,1,0
53,530280,2,2,0,0,0,7,7,61,0,1,6,2011,4,20,38,0,4,4,KAYAK POINT RD,,1,48.13784167,-122.356988890,0,12,2,0,1,1,1,0,5,1,0,1,0,0000000,99,99,99,99,99,99,0,0,0,1,0
53,530281,1,1,0,0,0,1,1,9,0,8,9,2011,5,2,36,0,4,4,OLD OLYMPIC HWY,,27,48.10511111,-123.246902780,0,1,0,0,1,1,5,0,2,1,0,1,0,0000000,2,38,2,48,88,88,0,0,0,1,1
53,530282,1,1,0,0,0,1,1,35,0,9,9,2011,6,11,46,0,5,4,LITTLE BOSTON RD NE,,32,47.87234444,-122.545816670,3,1,0,0,1,1,5,0,1,1,0,1,0,0000000,99,99,99,99,88,88,0,0,0,1,1
53,530283,1,1,0,0,0,1,1,29,0,9,9,2011,6,16,51,0,6,4,YATES RD,,1,48.31936389,-122.674733330,0,42,0,0,1,1,5,0,1,1,0,1,0,0000000,99,99,99,99,88,88,0,0,0,1,0
53,530284,2,2,0,0,0,3,3,71,0,9,9,2011,6,7,0,0,12,3,SR-125,,83,46.09484167,-118.368716670,0,12,2,0,1,1,1,0,1,1,0,1,0,0000000,7,13,7,20,7,43,0,0,0,1,0
53,530285,1,1,0,1,1,2,2,9,0,11,9,2011,1,14,0,0,4,3,SR-112,ELWHA RIVER RD,591,48.11402222,-123.566777780,0,9,0,0,2,3,1,0,1,1,0,1,0,0000000,14,7,14,16,14,45,0,0,0,1,0
53,530286,1,1,0,0,0,1,1,11,0,14,9,2011,4,2,42,1,1,1,I-5,,198,45.90132778,-122.740213890,0,52,0,0,1,1,4,0,2,1,0,1,0,0000000,99,99,99,99,99,99,0,0,0,1,1
53,530287,1,1,0,0,0,1,1,47,0,14,9,2011,4,99,99,0,3,3,SR-20,,1596,48.51674722,-120.645202780,0,42,0,0,1,1,5,0,9,1,0,1,0,0000000,11,38,12,0,88,88,0,0,0,1,1
53,530288,3,3,0,0,0,6,6,37,0,15,9,2011,5,15,5,1,1,1,I-90,,1230,46.94824167,-120.252055560,0,12,1,0,1,1,1,0,1,5,0,5,0,0000000,15,9,15,33,99,99,0,0,0,1,0
53,530289,2,2,0,0,0,2,2,61,0,15,9,2011,5,17,1,0,4,4,JORDAN RD,143TH AVE NE,60,48.14786389,-122.037613890,0,12,2,0,2,3,1,0,1,1,0,1,0,0000000,17,2,17,21,99,99,0,0,0,1,0
53,530290,2,2,0,0,0,2,2,53,0,15,9,2011,5,18,41,0,16,6,EMERSON ST,,0,47.22083611,-122.522836110,0,12,2,0,1,1,11,0,1,1,0,1,0,0000000,18,41,18,46,19,8,0,0,0,1,0
53,530291,2,2,0,0,0,2,2,35,0,16,9,2011,6,13,50,0,12,3,SR-3,,369,47.55341667,-122.671086110,0,12,7,0,1,1,1,0,1,1,0,1,0,0000000,13,52,14,1,99,99,0,0,0,1,0
53,530292,2,2,0,0,0,3,3,73,0,16,9,2011,6,22,30,0,3,3,SR-542,,30,48.79878056,-122.407780560,0,12,2,0,1,1,1,0,2,1,0,1,0,0000000,22,39,22,52,23,50,0,0,0,2,1
53,530293,1,1,0,1,1,3,3,77,0,17,9,2011,7,1,24,0,3,4,FORT RD,,8,46.37497500,-120.343744440,0,8,0,0,1,1,1,0,2,1,0,1,0,0000000,1,22,1,23,88,88,0,0,0,1,0
53,530294,1,1,0,0,0,1,1,1,0,18,9,2011,1,8,51,1,1,1,I-90,,2361,99.99990000,999.999900000,0,34,0,0,1,1,5,0,1,10,0,10,0,0000000,8,50,9,6,9,31,0,0,0,1,0
53,530295,3,3,0,0,0,9,9,61,0,17,9,2011,7,12,0,1,2,2,US-2,,59,47.94802778,-122.084155560,0,72,0,0,1,1,1,0,1,10,0,10,0,0000000,12,1,12,9,99,99,0,0,0,1,1
53,530296,1,1,0,0,0,4,4,53,1770,20,9,2011,3,16,28,0,2,4,CANYON RD E,,83,47.13158611,-122.357461110,0,30,0,0,1,1,5,0,1,1,0,1,0,0000000,16,32,16,39,17,18,0,0,0,1,0
53,530297,1,1,0,0,0,1,1,9,0,20,9,2011,3,1,35,0,4,4,SEQUIM DUNGENESS WAY,,45,48.13996111,-123.122300000,0,1,0,0,1,1,5,0,2,1,0,1,0,0000000,1,35,1,45,2,14,0,0,0,1,1
53,530298,1,1,0,0,0,1,1,33,1830,14,7,2011,5,15,44,0,13,6,RAINER AVE N,,0,47.48973056,-122.217900000,0,42,0,0,1,1,5,0,1,98,0,98,0,0000000,15,46,15,51,88,88,0,0,0,1,0
53,530299,3,3,0,0,0,4,4,5,0,21,9,2011,4,10,15,1,1,1,I-82,,946,46.25641111,-119.499236110,0,12,1,0,1,1,1,0,1,1,0,1,0,0000000,99,99,99,99,88,88,0,0,0,1,0
53,530300,3,3,0,0,0,4,4,25,0,21,9,2011,4,11,50,0,2,3,SR-17,,360,46.91780833,-119.135925000,0,12,8,0,1,1,1,0,1,1,0,1,0,0000000,99,99,99,99,88,88,0,0,0,1,0
53,530301,2,2,0,0,0,2,2,5,0,21,9,2011,4,19,20,0,6,4,HINZERLING RD,EVANS RD,41,46.28783889,-119.768186110,0,12,6,0,2,2,1,0,5,1,0,1,0,0000000,19,27,19,34,99,99,0,0,0,1,1
53,530302,1,1,0,0,0,2,2,43,0,22,9,2011,5,3,45,0,4,4,SHERMAN RD,ALDERSON RD,20,47.78683611,-118.699550000,0,1,0,0,2,4,5,0,2,1,0,1,0,0000000,99,99,99,99,88,88,0,0,0,1,1
53,530303,1,1,0,1,1,3,3,77,2300,22,9,2011,5,20,35,0,13,3,SR-22,,44,46.36588333,-120.311472220,0,8,0,0,1,1,1,0,2,1,0,1,0,0000000,20,34,20,39,99,99,0,0,0,1,0
53,530304,2,2,0,0,0,3,3,53,0,23,9,2011,6,18,41,0,2,3,SR-7,,499,47.12195278,-122.434902780,0,12,6,0,4,1,1,0,1,1,0,1,0,0000000,99,99,99,99,99,99,0,0,0,1,0
53,530305,1,1,0,0,0,2,2,41,0,23,9,2011,6,19,45,1,1,1,I-5,,800,46.70053889,-122.972052780,0,5,0,0,1,1,1,0,2,1,0,1,0,0000000,99,99,99,99,88,88,0,0,0,1,0
53,530306,1,1,0,0,0,3,3,65,0,18,7,2011,2,14,33,0,4,4,FORD-WELLPINIT RD,,99999,47.90483611,-117.897033330,3,5,0,0,1,1,1,0,1,1,0,1,0,0000000,99,99,99,99,88,88,0,0,0,1,1
53,530307,2,2,0,0,0,3,3,35,0,23,9,2011,6,9,32,0,4,4,HANSVILLE RD NE,NE THREE BERRY LN,4,47.81576389,-122.541525000,0,12,6,0,2,3,1,0,1,1,0,1,0,0000000,9,33,9,36,99,99,0,0,0,1,0
53,530308,1,1,0,1,1,1,1,77,0,23,9,2011,6,6,5,0,4,4,YAKIMA VALLEY HWY,,20,46.48262500,-120.401358330,0,8,0,0,1,1,1,0,2,1,0,1,0,0000000,6,7,6,18,88,88,0,0,0,1,0
53,530309,1,1,0,0,0,2,2,37,0,24,9,2011,7,17,11,1,1,1,I-90,,1337,46.93655000,-120.033102780,0,1,0,0,1,1,5,0,1,1,0,1,0,0000000,17,14,17,39,99,99,0,0,0,2,0
53,530310,1,1,0,0,0,1,1,53,0,25,9,2011,1,5,4,0,3,3,SR-302,,110,47.38026389,-122.699250000,0,42,0,0,1,1,5,0,2,2,0,2,0,0000000,5,6,5,21,88,88,0,0,0,1,1
53,530311,2,2,0,0,0,2,2,51,0,24,9,2011,7,9,50,0,3,3,SR-20,,4146,48.40033056,-117.313877780,0,12,1,0,1,1,1,0,1,1,0,1,0,0000000,99,99,99,99,88,88,0,0,0,1,0
53,530312,1,1,0,0,0,2,2,21,0,25,9,2011,1,3,30,1,2,2,US-395,,374,46.44785278,-119.017683330,0,1,0,0,1,1,2,0,3,1,0,1,0,0000000,3,37,3,53,4,33,0,0,0,1,1
53,530313,1,1,0,1,1,1,1,77,2590,26,9,2011,2,9,13,0,14,6,W WASHINGTON AVE,,0,46.57066389,-120.524911110,0,9,0,0,1,1,1,0,1,10,0,10,0,0000000,9,14,9,18,99,99,0,0,0,1,0
53,530314,1,1,0,0,0,1,1,33,0,26,9,2011,2,1,30,0,6,4,WHITTE RD SE,SE 228TH ST,7,47.39729444,-122.041827780,0,38,0,0,2,3,5,0,2,1,0,1,0,0000000,1,37,1,41,88,88,0,0,0,1,1
53,530315,2,2,0,0,0,2,2,57,0,27,9,2011,3,19,35,0,2,3,SR-20,SR-536,551,48.44618889,-122.431369440,0,12,1,0,2,2,1,0,5,1,0,1,0,0000000,99,99,99,99,88,88,0,0,0,1,1
53,530316,1,1,0,0,0,1,1,33,1960,27,9,2011,3,6,50,0,13,6,WEST SEATTLE BRIDGE,,0,47.57105556,-122.345055560,0,7,0,0,1,1,1,0,3,10,0,10,0,0000000,99,99,99,99,99,99,0,0,0,1,0
53,530317,2,2,0,0,0,2,2,35,0,27,9,2011,3,14,50,0,3,4,W BELFAIR VALLEY RD,,55,47.52909444,-122.707536110,0,12,2,0,1,1,1,0,1,1,0,1,0,0000000,14,52,14,56,88,88,0,0,0,1,0
53,530318,1,1,0,0,0,1,1,33,1050,28,9,2011,4,23,19,0,16,6,JUANITA DR NE,,0,47.71915833,-122.237025000,0,33,0,0,1,1,4,0,3,1,0,1,0,0000000,23,20,23,31,99,99,0,0,0,1,0
53,530319,1,1,0,0,0,2,2,67,0,28,9,2011,4,23,11,1,1,1,I-5,,1165,47.08164444,-122.674327780,0,1,0,0,1,1,3,0,2,1,0,1,0,0000000,99,99,99,99,99,99,20,0,0,1,0
53,530320,1,1,0,0,0,1,1,5,1020,30,9,2011,6,2,47,0,6,6,KELLOGG,,0,46.18973889,-119.201158330,0,59,0,0,1,1,4,0,3,1,0,1,0,0000000,2,48,2,54,88,88,0,0,0,1,1
53,530321,1,1,0,0,0,1,1,33,0,30,9,2011,6,22,2,0,5,4,SE KENT KANGLEY RD,,55,47.35792778,-121.906411110,0,1,0,0,1,1,5,0,2,10,0,10,0,0000000,99,99,99,99,88,88,0,0,0,1,1
53,530322,2,2,0,0,0,3,3,77,0,30,9,2011,6,18,50,0,4,3,SR-241,,48,46.28024444,-119.999216670,0,12,2,0,1,1,1,0,5,1,0,1,0,0000000,18,48,18,56,99,99,0,0,0,1,0
53,530323,1,1,0,0,0,2,2,53,1770,1,10,2011,7,20,46,0,2,4,CANYON RD E,,114,47.08816667,-122.358213890,0,1,0,0,1,1,2,0,2,1,0,1,0,0000000,20,58,21,5,88,88,0,0,0,1,1
53,530324,1,1,0,0,0,1,1,53,2230,2,10,2011,1,2,48,0,15,6,S PROCTOR ST,S 19TH ST,0,47.24264167,-122.489088890,0,41,0,0,3,3,5,0,3,1,0,1,0,0000000,2,48,2,54,88,88,0,0,0,1,1
53,530325,1,1,0,0,0,1,1,71,0,6,10,2011,5,17,30,1,2,2,US-730,,3,46.00480278,-118.970141670,0,17,0,0,1,1,4,0,1,1,0,1,0,0000000,17,34,17,58,88,88,0,0,0,1,0
53,530326,1,1,0,0,0,3,3,5,0,14,4,2011,5,23,17,0,9,8,RESERVATION RD,,0,99.99990000,999.999900000,3,99,98,0,98,8,98,0,2,1,0,1,0,0000000,99,99,99,99,99,99,0,0,0,1,1
53,530327,1,1,0,0,0,1,1,61,0,9,7,2011,7,19,14,0,3,3,SR-530,,184,48.18862500,-122.172491670,0,39,0,0,1,1,5,0,1,1,0,1,0,0000000,18,57,19,3,88,88,0,0,0,1,1
53,530328,1,1,0,0,0,1,1,39,0,27,8,2011,7,18,10,0,2,4,BZ-GLENNWOOD HWY,,55,45.88684167,-121.424627780,0,34,0,0,1,1,5,0,1,1,0,1,0,0000000,99,99,99,99,88,88,0,0,0,1,1
53,530329,1,1,0,0,0,5,5,25,0,2,9,2011,6,23,21,0,6,4,SAND DUNES RD SE,,10,47.08773889,-119.332650000,0,5,0,0,1,1,1,0,2,1,0,1,0,0000000,99,99,99,99,88,88,0,0,0,1,1
53,530330,1,1,0,0,0,1,1,61,0,7,9,2011,4,15,50,0,6,4,OLD GOLD BAR-INDEX RD,,72,47.81556944,-121.578966670,0,42,0,0,1,1,5,0,1,1,0,1,0,0000000,15,53,16,0,99,99,0,0,0,1,0
53,530331,1,1,0,0,0,1,1,77,2590,7,10,2011,6,20,47,1,11,1,I-82,,310,46.62646667,-120.505880560,0,24,0,1,5,1,4,0,3,1,0,1,0,0000000,20,51,21,7,88,88,0,0,0,1,1
53,530332,2,2,0,0,0,3,3,61,0,8,10,2011,7,15,41,0,3,4,67TH AVE NE,152ND ST NE,29,48.13357778,-122.141080560,0,12,1,0,3,1,1,0,1,1,0,1,0,0000000,15,40,15,46,88,88,0,0,0,1,1
53,530333,2,2,0,0,0,2,2,75,0,8,10,2011,7,11,31,0,4,4,ROCKLAKE RD,,32,47.22778333,-117.714202780,0,1,0,0,1,1,5,0,1,1,0,1,0,0000000,99,99,99,99,99,99,0,0,0,1,0
53,530334,1,1,0,0,0,1,1,33,1960,16,10,2011,1,0,8,1,11,1,I-5,N 80TH ST,1713,47.69052778,-122.330591670,0,40,0,1,5,1,4,0,3,1,0,1,0,0000000,0,10,0,16,88,88,0,0,0,1,1
53,530335,2,2,0,0,0,3,3,53,0,9,10,2011,1,20,19,0,3,3,SR-302,,124,47.38939722,-122.626083330,0,12,2,0,1,1,1,0,2,1,0,1,0,0000000,20,19,20,28,99,99,0,0,0,1,0
53,530336,1,1,0,0,0,1,1,41,0,10,10,2011,2,13,32,0,4,4,HWY 603,,89,46.54511111,-122.934852780,0,35,0,0,1,1,5,0,1,2,0,2,0,0000000,13,12,13,15,99,99,0,0,0,1,0
53,530337,1,1,0,0,0,1,1,25,0,20,10,2011,5,15,21,0,2,3,SR-28,,248,47.23205833,-119.909147220,0,1,0,0,1,1,5,0,1,1,0,1,0,0000000,15,22,15,27,99,99,0,0,0,1,0
53,530338,1,1,0,0,0,1,1,63,2113,21,10,2011,6,23,32,0,16,6,E MISSION AVE,,0,47.67202222,-117.250530560,0,30,0,0,1,1,5,0,2,1,0,1,0,0000000,23,33,23,38,88,88,0,0,0,1,1
53,530339,2,2,0,0,0,2,2,77,0,21,10,2011,6,9,45,0,3,4,YAKIMA VALLEY HWY,RAY RD,315,46.29683056,-119.957672220,0,12,6,0,2,3,1,0,1,1,0,1,0,0000000,99,99,99,99,99,99,0,0,0,1,0
53,530340,2,2,0,1,1,3,3,33,1030,22,10,2011,7,19,53,0,14,6,104TH AVE SE,SE 236TH PL,0,47.39021111,-122.202188890,0,8,0,0,3,3,1,0,3,10,0,10,0,0000000,99,99,99,99,99,99,0,0,0,1,0
53,530341,1,1,0,0,0,2,2,1,0,24,10,2011,2,6,15,1,1,1,I-90,,2380,47.25527778,-118.089558330,0,1,0,0,1,1,3,0,2,1,0,1,0,0000000,99,99,99,99,99,99,0,0,0,1,0
53,530342,2,2,0,0,0,4,4,37,0,24,10,2011,2,13,16,1,11,1,I-90,,1220,46.95077222,-120.270052780,0,12,7,0,1,1,1,0,1,1,0,1,0,0000000,13,17,13,32,14,5,0,0,0,1,1
53,530343,1,1,0,0,0,2,2,61,0,24,10,2011,2,14,19,0,3,4,108TH ST NE,,20,48.09181944,-122.118752780,0,1,0,0,1,1,5,0,1,1,0,1,0,0000000,14,19,14,29,99,99,0,0,0,1,0
53,530344,1,1,0,0,0,1,1,71,0,17,10,2011,2,19,30,0,3,3,SR-125,VALLEY GROVE,125,46.15267500,-118.372719440,0,1,0,0,3,4,1,0,2,1,0,1,0,0000000,19,30,19,43,88,88,0,0,0,1,0
53,530345,1,1,0,0,0,1,1,39,0,17,10,2011,2,18,15,0,9,8,LANDING RD,SILVER HILL LN,0,99.99990000,999.999900000,3,1,0,0,2,3,1,0,5,1,0,1,0,0000000,18,16,18,23,88,88,0,0,0,1,1
53,530346,1,1,0,0,0,1,1,61,0,2,11,2011,4,20,30,0,3,4,YEW WAY,BROADWAY AVE,21,47.80994167,-122.107994440,0,42,0,0,1,1,5,0,2,1,0,1,0,0000000,99,99,99,99,99,99,0,0,0,1,1
53,530347,1,1,0,0,0,1,1,53,0,3,11,2011,5,19,28,0,3,4,EATONVILLE CUTOFF RD E,352ND ST E,47,46.93649444,-122.355813890,0,42,0,0,2,3,5,0,3,10,0,10,0,0000000,99,99,99,99,88,88,0,0,0,1,0
53,530348,1,1,0,0,0,4,4,47,0,4,11,2011,6,0,30,0,3,3,SR-155,,664,48.36561667,-119.248725000,3,1,0,0,1,1,5,0,2,1,0,1,0,0000000,99,99,99,99,99,99,0,0,0,1,1
53,530349,2,2,0,0,0,2,2,53,747,4,11,2011,6,18,11,0,16,6,70TH AVE E,43RD ST E,0,47.21779167,-122.336550000,0,12,2,0,3,2,1,0,3,1,0,1,0,0000000,18,11,18,16,88,88,0,0,0,1,0
53,530350,1,1,0,1,1,1,1,53,2230,7,11,2011,2,16,58,0,14,4,PORTLAND AVE E,,21,47.18464722,-122.407777780,0,15,0,0,1,1,1,0,2,10,0,10,0,0000000,99,99,99,99,99,99,0,0,0,1,0
53,530351,1,1,0,1,1,1,1,63,2110,7,11,2011,2,21,8,0,14,6,MAPLE ST,,0,47.67629167,-117.435555560,0,8,0,0,1,1,1,0,3,1,0,1,0,0000000,21,8,21,13,21,28,0,0,0,1,0
53,530352,1,1,0,0,0,1,1,33,109,9,11,2011,4,3,4,1,11,1,I-405,,104,47.56853889,-122.179327780,0,1,0,0,1,1,5,0,3,10,0,10,0,0000000,3,7,3,13,88,88,0,0,0,1,0
53,530353,1,1,0,0,0,1,1,35,0,10,11,2011,5,11,44,0,6,4,SEABECK HWY NW,,7,47.58664444,-122.725813890,0,24,0,0,1,1,4,0,1,1,0,1,0,0000000,99,99,99,99,88,88,0,0,0,1,0
53,530354,1,1,0,0,0,2,2,35,0,11,11,2011,6,0,1,0,5,4,LITTLE BOSTON RD SE,,36,47.87076389,-122.558844440,0,31,0,0,1,1,4,0,3,10,0,10,0,0000000,99,99,99,99,99,99,0,0,0,1,1