STATE,ST_CASE,VE_TOTAL,VE_FORMS,PVH_INVL,PEDS,PERNOTMVIT,PERMVIT,PERSONS,COUNTY,CITY,DAY,MONTH,YEAR,DAY_WEEK,HOUR,MINUTE,NHS,ROAD_FNC,ROUTE,TWAY_ID,TWAY_ID2,MILEPT,LATITUDE,LONGITUD,SP_JUR,HARM_EV,MAN_COLL,RELJCT1,RELJCT2,TYP_INT,REL_ROAD,WRK_ZONE,LGT_COND,WEATHER1,WEATHER2,WEATHER,SCH_BUS,RAIL,NOT_HOUR,NOT_MIN,ARR_HOUR,ARR_MIN,HOSP_HR,HOSP_MN,CF1,CF2,CF3,FATALS,DRUNK_DR
53,530356,5,5,0,0,0,9,9,37,0,17,10,2011,2,10,50,1,1,1,I-90,,565,47.37786111,-121.376936110,0,12,1,0,1,1,1,1,1,1,0,1,0,0000000,10,53,11,27,99,99,0,0,0,2,0
53,530357,3,3,0,0,0,5,5,65,0,11,11,2011,6,17,20,1,2,2,US-395,WILLIAMS VALLEY RD,1856,47.99697500,-117.572375000,0,12,6,0,2,2,1,0,3,2,0,2,0,0000000,17,18,17,25,99,99,0,0,0,1,0
53,530358,1,1,0,1,1,3,3,61,0,12,11,2011,7,21,48,0,2,3,SR-99,,515,47.88037222,-122.266830560,0,8,0,0,1,1,1,0,3,2,0,2,0,0000000,99,99,99,99,88,88,0,0,0,1,0
53,530359,1,1,0,0,0,4,4,29,0,12,11,2011,7,0,2,0,5,4,WILKINSON RD,,23,48.01395833,-122.376038890,0,42,0,0,1,1,5,0,2,2,0,2,0,0000000,0,0,0,6,99,99,0,0,0,3,1
53,530360,2,2,0,0,0,4,4,41,0,12,11,2011,7,6,20,1,2,2,US-12,,711,46.54018333,-122.782933330,0,12,6,0,1,1,1,0,2,5,0,5,0,0000000,6,26,6,43,88,88,0,0,0,3,0
53,530361,1,1,0,0,0,1,1,7,0,12,11,2011,7,18,0,1,2,2,US-97A,,2255,47.78114167,-120.141530560,0,1,0,0,1,1,5,0,2,1,0,1,0,0000000,18,4,18,14,88,88,0,0,0,1,0
53,530362,1,1,0,0,0,1,1,53,0,12,11,2011,7,20,18,0,6,6,324TH CT S,61ST AVE CT S,0,46.96290556,-122.511766670,0,1,0,0,2,3,1,0,2,10,0,10,0,0000000,20,22,20,34,21,32,0,0,0,1,0
53,530363,1,1,0,0,0,2,2,33,0,12,11,2011,7,1,45,0,3,3,SR-164,,71,47.24875556,-122.117055560,0,24,0,0,1,1,4,0,3,99,0,99,0,0000000,7,15,7,22,99,99,0,0,0,1,1
53,530364,1,1,0,0,0,2,2,33,1030,13,11,2011,1,0,20,0,13,3,SR-515,,36,47.42268889,-122.197069440,0,5,0,0,1,1,1,0,3,10,0,10,0,0000000,0,23,0,28,88,88,0,0,0,1,1
53,530365,2,2,0,0,0,2,2,5,0,13,11,2011,1,22,51,0,2,3,SR-221,,110,46.09410833,-119.601788890,0,12,2,0,1,1,1,0,2,1,0,1,0,0000000,99,99,99,99,99,99,0,0,0,1,0
53,530366,2,2,0,1,1,3,3,29,0,17,11,2011,5,17,50,0,14,3,SR-20,BROADWAY,222,48.21223333,-122.693030560,0,8,0,0,2,2,1,0,2,10,0,10,0,0000000,99,99,99,99,99,99,0,0,0,1,0
53,530367,2,2,0,0,0,2,2,11,0,19,11,2011,7,8,37,0,3,4,NE 182ND AVE,,37,45.71422222,-122.486788890,0,12,2,0,1,1,1,0,1,10,0,10,0,0000000,8,39,8,44,99,99,0,0,0,1,0
53,530368,1,1,0,0,0,3,3,33,2310,19,11,2011,7,1,33,0,13,3,SR-599,,17,47.49728611,-122.285802780,0,1,0,0,1,1,5,0,2,10,0,10,0,0000000,1,45,1,53,99,99,0,0,0,1,1
53,530369,1,1,0,0,0,2,2,63,0,19,11,2011,7,4,5,1,1,1,I-90,,2589,47.44926111,-117.771069440,0,35,0,0,1,1,3,0,2,1,0,1,0,0000000,4,6,4,8,99,99,0,0,0,1,0
53,530370,1,1,0,1,1,1,1,35,0,21,11,2011,2,15,15,0,12,3,SR-3,,470,47.68300556,-122.689547220,0,8,0,0,1,1,1,0,1,2,0,2,0,0000000,15,12,15,19,88,88,0,0,0,1,0
53,530371,2,2,0,0,0,3,3,37,0,23,11,2011,4,18,35,0,2,3,SR-970,,76,47.19172778,-120.761283330,0,12,2,0,1,1,1,0,2,1,0,1,0,0000000,18,36,18,50,21,45,0,0,0,1,0
53,530372,1,1,0,1,1,1,1,63,2110,23,11,2011,4,5,51,0,14,6,THOR,2ND ST,0,47.65428889,-117.360361110,0,8,0,0,3,2,1,0,3,3,0,3,0,0000000,5,52,5,54,88,88,0,0,0,1,0
53,530374,1,1,0,0,0,4,4,33,2310,26,11,2011,7,21,15,1,11,1,I-5,,1540,47.47005278,-122.268580560,0,33,0,0,1,1,4,0,3,10,0,10,0,0000000,99,99,99,99,99,99,0,0,0,1,0
53,530375,1,1,0,1,1,4,4,53,586,29,11,2011,3,17,50,0,15,4,86TH AVE E,,99999,47.22897778,-122.315477780,0,8,0,0,1,1,1,0,2,2,0,2,0,0000000,17,55,17,59,99,99,0,0,0,1,0
53,530376,1,1,0,1,1,1,1,35,0,30,11,2011,4,16,54,0,5,4,SW FLORA RD,,59,47.47683889,-122.680575000,0,8,0,0,1,1,2,0,2,1,0,1,0,0000000,16,54,16,58,17,43,0,0,0,1,1
53,530377,2,1,1,0,0,1,1,27,0,2,12,2011,6,16,40,0,3,3,SR-105,,311,46.86975278,-124.110805560,0,53,0,0,1,1,5,0,5,1,0,1,0,0000000,16,40,16,49,88,88,0,0,0,1,0
53,530378,1,1,0,1,1,2,2,35,0,2,12,2011,6,18,1,0,3,3,SR-160,LOCKER,38,47.52512222,-122.547975000,0,8,0,0,3,3,1,0,2,1,0,1,0,0000000,18,0,18,4,19,36,0,0,0,1,0
53,530379,2,2,0,0,0,4,4,67,0,2,12,2011,6,19,41,1,2,2,US-12,,435,46.81649722,-123.067108330,0,24,0,0,1,1,4,0,2,1,0,1,0,0000000,99,99,99,99,99,99,0,0,0,1,1
53,530380,2,2,0,0,0,3,3,61,0,3,12,2011,7,10,33,0,14,3,SR-530,OSO LOOP RD,345,48.27065556,-121.931691670,0,12,2,0,2,4,1,0,1,10,0,10,0,0000000,10,11,10,27,11,2,0,0,0,2,0
53,530381,1,1,0,1,1,1,1,33,2310,3,12,2011,7,18,30,0,12,3,SR-99,,10,47.52713889,-122.325008330,0,8,0,0,1,1,1,0,3,1,0,1,0,0000000,18,29,18,35,88,88,0,0,0,1,0
53,530382,1,1,0,0,0,1,1,53,800,3,12,2011,7,2,36,0,2,3,SR-16,,146,47.34831111,-122.609811110,0,34,0,0,1,1,5,0,2,5,0,5,0,0000000,99,99,99,99,88,88,0,0,0,1,1
53,530383,1,1,0,0,0,1,1,73,110,3,12,2011,7,11,27,0,16,6,W HORTON RD,,0,48.80773611,-122.492547220,0,30,0,0,1,1,5,0,1,10,0,10,0,0000000,11,27,11,35,88,88,0,0,0,1,0
53,530384,1,1,0,1,1,1,1,53,0,4,12,2011,1,22,40,0,2,4,176TH ST E,,64,47.09641111,-122.299475000,0,8,0,0,1,1,1,0,3,1,0,1,0,0000000,99,99,99,99,88,88,0,0,0,1,0
53,530385,2,2,0,1,1,3,3,5,1020,4,12,2011,1,0,43,0,12,3,SR-240,,411,46.22588333,-119.177502780,0,8,0,0,1,1,1,0,2,1,0,1,0,0000000,0,46,0,52,88,88,0,0,0,1,0
53,530386,1,1,0,0,0,1,1,5,0,8,12,2011,5,6,8,1,1,1,I-82,,1149,46.13824167,-119.202277780,0,1,0,0,1,1,3,0,2,1,0,1,0,0000000,6,12,6,21,88,88,0,0,0,1,0
53,530387,1,1,0,1,1,2,2,33,1050,8,12,2011,5,2,47,0,13,6,NE 124TH ST,SLATER AVE NE,0,47.71140556,-122.166777780,0,9,0,0,2,2,1,0,3,10,0,10,0,0000000,2,51,2,57,88,88,0,0,0,1,1
53,530388,2,2,0,0,0,3,3,67,2320,8,12,2011,5,8,56,1,11,1,I-5,,990,46.95711944,-122.936077780,0,12,1,0,1,1,1,0,1,10,0,10,0,0000000,8,55,9,3,88,88,0,0,0,1,1
53,530389,2,2,0,0,0,3,3,35,0,9,12,2011,6,18,4,0,3,3,SR-305,,80,47.70788889,-122.584872220,0,12,2,0,1,1,1,0,2,5,0,5,0,0000000,18,0,18,9,99,99,0,0,0,1,1
53,530390,2,2,0,0,0,4,4,21,0,10,12,2011,7,8,45,0,4,4,GLADE NORTH,,116,46.43770833,-119.112458330,0,12,2,0,1,1,1,0,1,4,0,4,0,0000000,99,99,99,99,99,99,0,0,0,1,0
53,530391,1,1,0,1,1,1,1,61,690,11,12,2011,1,21,27,0,13,6,19TH AVE SE,,0,47.91230278,-122.206977780,0,8,0,0,1,1,1,0,3,1,0,1,0,0000000,21,27,21,32,88,88,0,0,0,1,0
53,530392,2,2,0,0,0,2,2,77,2220,12,12,2011,2,13,29,0,14,3,SR-241,E. EDISON RD,80,46.32435556,-119.978508330,0,12,6,0,2,2,1,0,1,10,0,10,0,0000000,99,99,99,99,99,99,0,0,0,1,0
53,530393,1,1,0,0,0,1,1,61,0,15,12,2011,5,17,7,0,13,3,SR-99,,505,47.86919167,-122.277308330,0,25,0,0,1,1,4,0,3,2,0,2,0,0000000,17,6,17,11,88,88,0,0,0,1,1
53,530394,1,1,0,1,1,2,2,33,1030,16,12,2011,6,17,32,0,14,3,SR-515,,0,47.39289722,-122.202252780,0,8,0,0,1,1,1,0,2,1,0,1,0,0000000,17,35,17,37,88,88,0,0,0,1,0
53,530395,1,1,0,0,0,1,1,37,0,18,12,2011,1,16,10,0,4,4,WILSON CREEK RD,,23,47.03256389,-120.497519440,0,38,0,0,1,1,5,0,5,1,0,1,0,0000000,16,20,16,26,88,88,0,0,0,1,0
53,530396,2,2,0,0,0,3,3,61,0,23,12,2011,6,15,27,0,9,8,27TH AVE NE,,0,48.09114167,-122.194375000,3,12,2,0,1,1,1,0,1,10,0,10,0,0000000,15,27,15,34,16,9,0,0,0,1,0
53,530397,1,1,0,0,0,2,2,63,0,24,12,2011,7,6,31,0,4,4,W SALNAVE RD,,26,47.50023333,-117.637319440,0,1,0,0,1,1,5,0,2,10,0,10,0,0000000,6,31,6,39,88,88,0,0,0,2,1
53,530398,1,1,0,1,1,1,1,33,100,26,12,2011,2,7,17,0,14,3,SR-164,,12,47.29451389,-122.213880560,0,8,0,0,1,1,1,0,1,1,0,1,0,0000000,7,18,7,22,88,88,0,0,0,1,0
53,530399,1,1,0,0,0,1,1,63,0,26,12,2011,2,20,56,0,5,4,N CEDAR RD,,1,47.91095556,-117.433972220,0,42,0,0,1,1,5,0,2,4,0,4,0,0000000,20,58,21,7,88,88,0,0,0,1,1
53,530400,2,2,0,0,0,4,4,77,0,2,12,2011,6,99,99,0,4,4,VAN BELLE RD,DEKKER RD,24,46.34611667,-120.125608330,0,12,6,0,2,2,1,0,2,1,0,1,0,0000000,17,19,17,28,99,99,0,0,0,1,0
53,530401,1,1,0,1,1,1,1,11,2370,29,12,2011,5,17,1,0,13,6,EAST MILL PLAIN BLVD,,0,45.62728333,-122.604108330,0,8,0,0,1,1,1,0,3,2,0,2,0,0000000,99,99,99,99,99,99,0,0,0,1,0
53,530402,1,1,0,0,0,1,1,19,0,16,11,2011,4,99,99,0,5,4,BARRETT CREEK RD,,99999,48.70459722,-118.748727780,0,35,0,0,1,1,5,0,1,10,0,10,0,0000000,99,99,99,99,99,99,0,0,0,1,0
53,530403,2,2,0,0,0,3,3,57,0,19,12,2011,2,18,50,0,4,3,SR-11,FIELD RD,41,48.53034444,-122.391372220,0,12,6,0,2,2,1,0,2,1,0,1,0,0000000,99,99,99,99,88,88,0,0,0,1,0
53,530404,2,2,0,0,0,3,3,61,0,27,12,2011,3,15,36,0,4,3,SR-92,MACHIAS RD,27,48.03347778,-122.053300000,0,12,6,0,2,3,1,0,1,10,0,10,0,0000000,99,99,99,99,99,99,0,0,0,1,0
53,530405,1,1,0,0,0,7,7,77,0,18,12,2011,1,3,30,0,5,4,FACTORY RD,,11,46.31680278,-119.890897220,0,1,0,0,1,1,5,0,2,1,0,1,0,0000000,3,57,4,20,99,99,0,0,0,1,1
53,530406,16,16,0,0,0,18,18,33,109,20,7,2011,4,7,48,1,11,1,I-90,,106,47.58031389,-122.162016670,0,12,7,0,1,1,1,0,1,1,0,1,0,0000000,99,99,99,99,99,99,0,0,0,1,0
53,530407,2,2,0,0,0,2,2,11,0,26,12,2011,2,17,38,0,14,3,SR-502,I-5,3,45.75077500,-122.661847220,0,12,2,0,2,3,1,0,3,10,0,10,0,0000000,99,99,99,99,99,99,0,0,0,1,0
53,530408,1,1,0,1,1,2,2,33,1960,10,9,2011,7,18,15,0,16,6,UNIVERSITY WAY NE,NE CAMPUS PARKWAY,0,47.65619444,-122.313227780,0,9,0,0,2,2,1,0,1,1,0,1,0,0000000,18,16,18,19,18,46,0,0,0,1,0
53,530409,1,1,0,0,0,5,5,29,0,25,12,2011,1,12,30,0,5,4,BAILY RD,,20,47.93805833,-122.403663890,0,16,0,0,1,1,1,0,1,6,0,6,0,0000000,12,31,12,33,99,99,0,0,0,1,0
53,530410,1,1,0,0,0,1,1,61,690,26,5,2011,5,18,22,0,16,6,LENORA ST,,0,47.94735278,-122.192127780,0,10,0,0,6,1,1,0,1,10,0,10,0,084594H,18,22,18,28,18,59,0,0,0,1,0
53,530411,2,2,0,0,0,3,3,33,0,17,12,2011,7,16,26,0,2,4,SE PETROVITSKY RD,,50,47.44566944,-122.154738890,0,12,2,0,1,1,1,0,2,5,0,5,0,0000000,16,34,16,39,17,43,0,0,0,1,0
53,530413,1,1,0,0,0,1,1,7,0,30,12,2011,6,8,5,1,2,2,US-97,,1763,47.45087222,-120.653705560,0,17,0,0,1,1,5,0,1,1,0,1,0,0000000,8,12,8,31,88,88,0,0,0,1,1
53,530414,2,2,0,0,0,3,3,7,0,19,11,2011,7,15,19,0,4,4,W MALAGA RD,COHARTY RD,18,47.36243611,-120.218488890,0,12,2,0,2,3,1,0,1,10,0,10,0,0000000,99,99,99,99,99,99,0,0,0,2,0
53,530415,1,1,0,0,0,1,1,9,0,17,12,2011,7,3,15,0,3,4,MT  PLEASANT RD,,47,48.09037778,-123.365050000,0,38,0,0,1,1,5,0,2,1,0,1,0,0000000,3,32,3,42,88,88,0,0,0,1,1
53,530416,1,1,0,1,1,1,1,53,2230,21,12,2011,4,18,35,1,11,1,I-5 RAMP,S 38TH ST,0,47.22312500,-122.460252780,0,15,0,1,5,1,1,0,2,1,0,1,0,0000000,18,36,18,36,18,58,0,0,0,1,0
53,530417,1,1,0,1,1,1,1,61,0,31,12,2011,7,19,29,0,2,4,128TH ST SW,8TH AVE W,9,47.88181944,-122.244216670,0,8,0,0,3,2,1,0,2,1,0,1,0,0000000,19,31,19,35,88,88,0,0,0,1,0
53,530418,1,1,0,0,0,4,4,27,0,31,12,2011,7,17,0,0,5,4,BROOKLYN RD,,28,46.80128611,-123.346216670,0,42,0,0,1,1,5,0,5,1,0,1,0,0000000,17,1,17,13,99,99,0,0,0,3,1
53,530419,2,2,0,0,0,2,2,33,1960,29,5,2011,1,12,45,0,16,6,S ROXBURY ST,55TH AVE S,0,47.51683611,-122.264080560,0,12,6,0,2,2,1,0,1,10,0,10,0,0000000,12,47,12,49,13,35,0,0,0,1,0
53,530420,1,1,0,1,1,1,1,11,2370,2,12,2011,6,11,28,0,15,6,WASHINGTON ST,8TH ST,0,45.62722222,-122.672719440,0,8,0,0,2,2,1,0,1,1,0,1,0,0000000,11,29,11,32,88,88,0,0,0,1,0
53,530421,2,2,0,0,0,8,8,61,0,2,9,2011,6,18,42,0,4,4,BROADWAY AVE,176TH ST NE,3,47.83730556,-122.104736110,0,12,6,0,2,2,1,0,1,1,0,1,0,0000000,18,42,18,46,19,23,0,0,0,1,0
53,530422,1,1,0,1,1,1,1,5,1850,20,10,2011,5,18,39,0,15,6,THAYER,LONGFITT,0,46.27749722,-119.290130560,0,8,0,0,3,3,1,0,3,1,0,1,0,0000000,99,99,99,99,99,99,0,0,0,1,0
53,530423,1,1,0,0,0,1,1,63,2110,11,11,2011,6,8,30,0,13,6,ASH,,0,47.70621111,-117.436408330,0,38,0,0,1,1,5,0,1,1,0,1,0,0000000,8,31,8,40,88,88,0,0,0,1,0
53,530424,1,1,0,0,0,3,3,61,0,17,12,2011,7,21,0,0,4,4,WOODS CREEK RD,,5,47.95173333,-121.889444440,0,42,0,0,1,1,5,0,2,10,0,10,0,0000000,21,5,21,21,22,7,0,0,0,1,1
53,530425,2,2,0,0,0,7,7,77,0,12,11,2011,7,22,45,0,4,4,TOPPENISH,,19,46.38401944,-120.293894440,3,12,2,0,1,1,1,0,2,1,0,1,0,0000000,22,43,22,50,99,99,0,0,0,1,1
53,530426,1,1,0,1,1,1,1,33,1960,2,10,2011,1,0,35,0,14,6,ELLIOTT AVE W,W GARFIELD ST,0,47.63350000,-122.376222220,0,15,0,0,2,2,1,0,3,1,0,1,0,0000000,0,36,0,40,1,5,0,0,0,1,1
53,530427,1,1,0,1,1,1,1,27,2480,11,12,2011,1,17,49,0,14,6,S FOREST RD,,0,46.88144444,-124.111688890,0,8,0,0,1,1,1,0,2,1,0,1,0,0000000,17,46,17,54,18,31,0,0,0,1,0
53,530428,2,2,0,0,0,5,5,33,1960,13,11,2011,1,15,38,0,14,6,LAKE CITY WAY SW,NE 110TH ST,0,47.70838056,-122.294838890,0,12,1,0,2,3,1,0,1,10,0,10,0,0000000,15,40,15,44,16,18,0,0,0,2,0
53,530429,2,1,1,0,1,1,2,61,0,29,7,2011,6,23,20,0,6,9,MARINE DE,,1,48.05241944,-122.187072220,3,14,0,0,1,1,5,0,3,1,0,1,0,0000000,23,21,23,31,99,99,20,0,0,1,1
53,530430,1,1,0,1,1,2,2,33,1305,22,12,2011,5,17,3,0,14,6,ISLAND CREST WAY,SE 47TH ST,0,47.56188611,-122.222111110,0,8,0,0,3,2,1,0,3,1,0,1,0,0000000,17,2,17,9,99,99,0,0,0,1,0
53,530431,1,1,0,0,0,1,1,53,0,16,6,2011,5,9,12,0,2,3,SR-7,,420,47.01930000,-122.369050000,0,30,0,0,1,1,5,0,1,1,0,1,0,0000000,9,10,9,17,88,88,0,0,0,1,1
53,530432,1,1,0,0,0,3,3,77,0,1,9,2011,5,6,43,9,99,9,SIGNAL PEAK RD,,99999,99.99990000,999.999900000,3,42,0,0,1,1,5,0,1,99,0,99,0,0000000,99,99,99,99,99,99,0,0,0,2,1
53,530433,2,2,0,0,0,2,2,33,1830,9,9,2011,6,15,58,0,14,6,OAKSDALE AVE SW,MONSTER RD SW,0,47.47397222,-122.242550000,0,12,2,0,2,3,1,0,1,1,0,1,0,0000000,15,59,16,5,88,88,0,0,0,1,0
53,530434,1,1,0,1,1,2,2,33,1830,4,8,2011,5,17,6,0,13,6,LOGAN AVE N,N 3RD ST,0,47.48629722,-122.208872220,0,9,0,0,3,4,1,0,1,1,0,1,0,0000000,17,7,17,11,99,99,0,0,0,1,0
54,540001,1,1,0,0,0,1,1,59,129,1,1,2011,7,19,3,1,2,2,US-52,,522,37.61661111,-81.881705560,0,1,0,0,1,1,4,0,2,2,0,2,0,0000000,19,8,19,12,88,88,0,0,0,1,0
54,540002,1,1,0,0,0,3,3,59,680,3,1,2011,2,15,28,0,4,3,SR-165,,109,37.74866111,-82.220950000,0,24,0,0,1,1,4,0,1,1,0,1,0,0000000,15,34,16,4,16,28,0,0,0,1,0
54,540003,1,1,0,0,0,1,1,43,1742,3,1,2011,2,20,8,0,4,4,CR-48,,1,38.17545556,-82.176788890,0,10,0,0,6,1,1,0,2,1,0,1,0,226539D,20,11,21,26,88,88,0,0,0,1,0
54,540004,2,2,0,0,0,3,3,55,261,6,1,2011,5,9,37,0,3,3,SR-20,SPURRIER RD,6,37.31721944,-81.250561110,0,12,6,0,2,3,1,0,1,1,0,1,0,0000000,9,45,9,50,10,39,0,0,0,1,0
54,540005,1,1,0,0,0,2,2,3,1660,6,1,2011,5,22,40,0,4,4,CR-19/1,,24,39.40450000,-77.965894440,0,35,0,0,1,1,4,0,2,1,0,1,0,0000000,99,99,99,99,99,99,0,0,0,1,1
54,540006,2,2,0,0,0,3,3,3,0,8,1,2011,7,9,13,1,11,1,I-81,,156,39.49665556,-77.958844440,0,12,7,0,1,1,1,0,1,4,0,4,0,0000000,9,17,9,21,9,41,0,0,0,1,0
54,540007,1,1,0,0,0,1,1,43,1110,9,1,2011,1,9,50,0,6,4,CR-32,,74,38.26140000,-82.082677780,0,42,0,0,1,1,4,0,1,10,0,10,0,0000000,99,99,99,99,88,88,0,0,0,1,0
54,540008,1,1,0,0,0,3,3,39,242,10,1,2011,2,6,8,1,11,1,I-79,,30,38.41172778,-81.568497220,0,1,0,0,1,1,4,0,3,1,0,1,0,0000000,6,12,6,18,6,58,0,0,0,1,0
54,540009,2,2,0,0,0,3,3,5,2206,10,1,2011,2,9,30,0,4,3,SR-94,,2,38.14549167,-81.654938890,0,12,2,0,1,1,1,0,1,10,0,10,0,0000000,99,99,99,99,99,99,0,0,0,1,0
54,540010,1,1,0,0,0,1,1,9,166,11,1,2011,3,16,10,1,2,3,SR-2,,29,40.22566389,-80.652975000,0,30,0,0,1,1,4,0,1,4,0,4,0,0000000,99,99,99,99,88,88,0,0,0,1,0
54,540011,1,1,0,0,0,1,1,71,2408,31,1,2011,2,12,0,0,3,2,US-33,,85,38.87128889,-79.465313890,0,52,0,0,1,1,4,0,1,1,0,1,0,0000000,99,99,99,99,88,88,0,0,0,1,0
54,540012,1,1,0,0,0,2,2,109,314,11,1,2011,3,18,20,0,3,3,SR-97,,128,37.60308056,-81.615544440,0,24,0,0,1,1,4,0,2,3,11,11,0,0000000,18,27,18,39,20,35,0,0,0,1,0
54,540013,2,2,0,0,0,3,3,33,825,19,1,2011,4,6,59,0,14,2,US-19,ENTERPRISE RD,288,39.42083611,-80.277347220,0,12,6,0,2,3,1,0,1,1,0,1,0,0000000,7,12,7,30,7,53,0,0,0,1,0
54,540014,2,2,0,0,0,6,6,33,0,21,1,2011,6,14,50,0,4,3,SR-57,,12,39.17691667,-80.259461110,0,12,2,0,1,1,1,0,1,4,0,4,0,0000000,99,99,99,99,99,99,0,0,0,2,0
54,540015,1,1,0,0,0,2,2,35,2310,22,1,2011,7,20,33,0,6,4,CR-21/27,,25,38.75306389,-81.689047220,0,35,0,0,1,1,4,0,2,10,0,10,0,0000000,99,99,99,99,88,88,0,0,0,1,1
54,540016,1,1,0,0,0,1,1,33,0,25,1,2011,3,23,5,1,11,1,I-79,,1165,39.24204167,-80.291872220,0,42,0,0,1,1,5,0,2,10,0,10,0,0000000,23,8,23,11,88,88,0,0,0,1,1
54,540017,2,2,0,0,0,2,2,51,200,27,1,2011,5,17,33,1,2,3,SR-22,,99,40.01361667,-80.733697220,0,12,1,0,1,1,1,0,5,10,0,10,0,0000000,99,99,99,99,99,99,0,0,0,1,0
54,540018,1,1,0,0,0,1,1,47,2577,28,1,2011,6,20,20,1,2,2,US-52,,241,37.41881111,-81.543661110,0,52,0,0,1,1,4,0,2,10,0,10,0,0000000,99,99,99,99,88,88,0,0,0,1,0
54,540019,1,1,0,0,0,3,3,25,2360,3,2,2011,5,20,11,0,6,4,CR-8,SHAWVERS CROSSING,49,37.95309722,-80.662350000,0,42,0,0,3,3,4,0,2,10,0,10,0,0000000,99,99,99,99,99,99,0,0,0,1,0
54,540021,1,1,0,0,0,1,1,41,2688,5,2,2011,7,12,20,0,4,2,US-19,,132,38.92115556,-80.462236110,0,24,0,0,1,1,4,0,1,2,0,2,0,0000000,99,99,99,99,88,88,0,0,0,1,0
54,540022,1,1,0,1,1,1,1,9,0,7,2,2011,2,19,45,1,13,3,SR-2,,148,40.39472222,-80.592077780,0,8,0,1,17,1,1,0,3,4,0,4,0,0000000,88,88,88,88,88,88,0,0,0,1,1
54,540023,2,2,0,0,0,2,2,25,2840,7,2,2011,2,15,19,1,1,1,I-64,,1800,37.79754444,-80.286111110,0,24,0,0,1,1,4,0,1,1,0,1,0,0000000,99,99,99,99,99,99,0,0,0,1,0
54,540024,1,1,0,0,0,1,1,59,0,7,2,2011,2,14,45,0,4,4,CR-3/5,,23,37.79934167,-82.279013890,0,1,0,0,1,1,5,0,1,1,0,1,0,0000000,99,99,99,99,99,99,0,0,0,1,1
54,540025,1,1,0,0,0,2,2,99,2177,8,2,2011,3,16,0,0,4,4,CR-20,,23,38.24276389,-82.556505560,0,43,0,0,1,1,4,0,1,10,0,10,0,0000000,99,99,99,99,99,99,0,0,0,1,0
54,540026,1,1,0,0,0,1,1,61,1840,10,2,2011,5,21,3,1,1,1,I-68,,20,39.59133611,-79.932919440,0,35,0,0,1,1,4,0,2,1,0,1,0,0000000,99,99,99,99,88,88,0,0,0,1,1
54,540027,2,2,0,0,0,2,2,61,1840,11,2,2011,6,15,3,0,4,4,CR-53,,22,39.71416944,-79.948330560,0,12,1,0,1,1,1,0,1,1,0,1,0,0000000,99,99,99,99,99,99,0,0,0,1,0
54,540028,2,2,0,0,0,3,3,81,2411,24,2,2011,5,20,44,1,1,1,I-64,,1340,37.78123056,-80.955591670,0,26,0,0,1,1,3,0,1,2,0,2,0,0000000,99,99,99,99,99,99,0,0,0,2,0
54,540029,1,1,0,0,0,1,1,79,1940,13,2,2011,1,3,4,1,11,1,I-64,,450,38.43934722,-81.830033330,0,59,0,0,1,1,4,0,3,1,0,1,0,0000000,99,99,99,99,88,88,0,0,0,1,1
54,540030,1,1,0,0,0,3,3,55,260,13,2,2011,1,7,10,0,16,6,NORTH ST,,0,37.25635278,-81.223897220,0,30,0,0,1,1,4,0,1,1,0,1,0,0000000,99,99,99,99,99,99,0,0,0,1,1
54,540031,1,1,0,0,0,4,4,39,814,18,2,2011,6,23,45,0,14,2,US-119,,282,38.41452500,-81.497052780,0,24,0,0,1,1,4,0,2,1,0,1,0,0000000,99,99,99,99,99,99,0,0,0,1,1
54,540032,1,1,0,0,0,1,1,45,0,16,2,2011,4,0,21,1,13,3,SR-10,,195,37.74028056,-81.875652780,0,1,0,0,1,1,2,0,2,1,0,1,0,0000000,0,21,0,24,0,52,0,0,0,1,1
54,540033,1,1,0,1,1,1,1,39,2480,19,2,2011,7,18,39,0,14,3,SR-601,,13,38.35942500,-81.717091670,0,8,0,0,1,1,1,0,2,1,0,1,0,0000000,18,40,18,40,18,59,0,0,0,1,0
54,540034,1,1,0,0,0,1,1,109,645,15,2,2011,3,9,48,0,5,4,CR-10/28,,7,37.76087500,-81.622494440,0,1,0,0,1,1,2,0,1,1,0,1,0,0000000,9,54,10,31,11,23,0,0,0,1,0
54,540035,2,2,0,0,0,2,2,73,2380,25,2,2011,6,8,9,1,2,3,SR-2,,126,39.36131111,-81.297627780,0,12,8,0,1,1,1,0,1,10,0,10,0,0000000,99,99,99,99,88,88,0,0,0,1,0
54,540036,2,2,0,0,0,4,4,59,1732,23,2,2011,4,17,23,0,5,4,CR-8,,57,37.59655278,-82.025772220,0,38,0,0,8,1,4,0,1,10,0,10,1,0000000,18,3,19,24,20,6,0,0,0,1,1
54,540038,1,1,0,0,0,1,1,11,130,26,2,2011,7,1,24,0,6,4,MCCOMAS RD,,17,38.34589722,-82.209577780,0,42,0,0,1,1,4,0,2,10,0,10,0,0000000,1,24,1,42,88,88,0,0,0,1,1
54,540039,1,1,0,0,0,1,1,3,864,27,2,2011,1,14,44,0,4,4,CR-901,,28,39.54429444,-77.909116670,0,38,0,0,1,1,4,0,1,1,0,1,0,0000000,88,88,88,88,88,88,0,0,0,1,0