STATE,ST_CASE,VE_TOTAL,VE_FORMS,PVH_INVL,PEDS,PERNOTMVIT,PERMVIT,PERSONS,COUNTY,CITY,DAY,MONTH,YEAR,DAY_WEEK,HOUR,MINUTE,NHS,ROAD_FNC,ROUTE,TWAY_ID,TWAY_ID2,MILEPT,LATITUDE,LONGITUD,SP_JUR,HARM_EV,MAN_COLL,RELJCT1,RELJCT2,TYP_INT,REL_ROAD,WRK_ZONE,LGT_COND,WEATHER1,WEATHER2,WEATHER,SCH_BUS,RAIL,NOT_HOUR,NOT_MIN,ARR_HOUR,ARR_MIN,HOSP_HR,HOSP_MN,CF1,CF2,CF3,FATALS,DRUNK_DR
54,540040,1,1,0,0,0,1,1,61,1595,27,2,2011,1,7,55,0,4,4,CR-29,,66,39.69310278,-80.153997220,0,43,0,0,1,1,5,0,1,1,0,1,0,0000000,7,55,8,20,9,41,0,0,0,1,0
54,540041,1,1,0,0,0,3,3,43,897,4,3,2011,6,14,35,0,3,3,SR-10,,51,38.01507500,-82.083705560,0,32,0,0,1,1,4,0,1,1,0,1,0,0000000,14,40,14,48,14,59,0,0,0,1,0
54,540042,1,1,0,0,0,1,1,89,1220,5,3,2011,7,1,39,0,3,3,SR-3,,102,37.65107222,-80.763588890,0,32,0,0,1,1,4,0,2,10,0,10,0,0000000,99,99,99,99,99,99,0,0,0,1,1
54,540043,2,2,0,0,0,5,5,41,2790,6,3,2011,1,10,0,1,1,1,I-79,,890,38.94611667,-80.536705560,0,12,9,0,1,1,1,0,1,4,0,4,0,0000000,10,5,10,12,10,56,0,0,0,1,0
54,540044,2,2,0,0,0,3,3,11,130,9,3,2011,4,21,19,0,14,2,US-60,GLEN CARLA DR,105,38.41064167,-82.327305560,0,12,1,0,2,2,1,0,2,10,0,10,0,0000000,21,19,21,28,21,43,0,0,0,1,0
54,540045,2,2,0,0,0,2,2,53,2150,9,3,2011,4,16,13,0,14,3,SR-62,,208,38.84873333,-82.136105560,0,12,6,0,1,1,1,0,1,2,0,2,0,0000000,99,99,99,99,99,99,0,0,0,1,0
54,540046,1,1,0,0,0,1,1,25,0,14,3,2011,2,6,0,1,1,1,I-64,,1800,37.79608611,-80.287527780,0,1,0,0,1,1,1,0,2,1,0,1,0,0000000,99,99,99,99,88,88,0,0,0,1,0
54,540047,1,1,0,0,0,2,2,109,556,14,3,2011,2,3,0,0,4,3,SR-971,TOLER FARM RD,58,37.63530556,-81.682319440,0,23,0,0,2,3,4,0,2,10,0,10,0,0000000,99,99,99,99,88,88,0,0,0,2,1
54,540048,2,2,0,0,0,3,3,63,969,18,3,2011,6,18,15,0,6,4,CR-8,,64,37.57971944,-80.388611110,0,24,0,0,1,1,4,0,1,1,0,1,0,0000000,18,15,18,30,99,99,0,0,0,1,1
54,540049,1,1,0,1,1,1,1,3,1660,11,3,2011,6,21,0,0,16,6,FOXCROFT AVE,,0,39.44328611,-77.986997220,0,8,0,0,1,1,1,0,2,1,0,1,0,0000000,21,1,21,4,88,88,0,0,0,1,0
54,540050,1,1,0,0,0,2,2,47,0,26,3,2011,7,14,50,0,4,3,SR-80,,19,37.36926944,-81.797161110,0,1,0,0,1,1,1,0,1,1,0,1,0,0000000,99,99,99,99,88,88,0,0,0,1,0
54,540051,1,1,0,0,0,1,1,3,1660,26,3,2011,7,1,30,0,14,4,CR-13,,5,39.48483333,-77.988125000,0,38,0,0,1,1,4,0,2,1,0,1,0,0000000,2,4,2,35,88,88,0,0,0,1,0
54,540052,1,1,0,0,0,1,1,99,460,26,3,2011,7,2,45,0,5,4,CR-7,,101,38.36158056,-82.512044440,0,52,0,0,1,1,4,0,2,1,0,1,0,0000000,99,99,99,99,88,88,0,0,0,1,1
54,540053,2,2,0,0,0,2,2,27,121,31,3,2011,5,7,0,0,3,2,US-50,,173,39.26361111,-78.534169440,0,12,2,0,1,1,1,0,1,10,0,10,0,0000000,7,6,7,30,8,12,0,0,0,1,0
54,540054,1,1,0,0,0,1,1,35,0,28,3,2011,2,22,20,0,5,4,CR-18,,6,38.87068889,-81.806172220,0,5,0,0,1,1,2,0,2,1,0,1,0,0000000,99,99,99,99,99,99,0,0,0,1,1
54,540055,3,2,1,0,0,4,4,69,230,13,3,2011,1,8,45,0,14,3,SR-88,,6,40.03241944,-80.689408330,0,12,2,0,1,1,1,0,1,1,0,1,0,0000000,8,47,8,58,9,29,0,0,0,1,0
54,540056,2,2,0,0,0,3,3,91,920,17,1,2011,2,13,10,0,14,2,US-50,,102,39.29990000,-80.174275000,0,12,2,0,1,1,1,0,1,10,0,10,0,0000000,13,16,13,22,13,50,0,0,0,1,0
54,540057,2,2,0,0,0,2,2,81,2569,1,4,2011,6,21,40,0,4,3,SR-3,,218,37.76118056,-81.296383330,0,12,2,0,1,1,1,0,2,10,0,10,0,0000000,99,99,99,99,99,99,0,0,0,1,1
54,540058,1,1,0,0,0,4,4,55,393,2,4,2011,7,11,15,1,1,1,I-77,,205,37.50423056,-81.113030560,0,1,0,0,1,1,3,0,1,10,0,10,0,0000000,11,9,11,29,12,37,0,0,0,1,0
54,540059,1,1,0,0,0,1,1,57,934,4,4,2011,2,23,21,0,4,3,SR-46,,306,39.46323333,-78.805016670,0,42,0,0,1,1,4,0,2,10,0,10,0,0000000,23,29,23,32,88,88,0,0,0,1,0
54,540060,2,2,0,0,0,2,2,61,1840,4,4,2011,2,13,0,1,1,1,I-68,,25,39.60195278,-79.930922220,0,12,7,0,1,1,1,0,1,1,0,1,0,0000000,99,99,99,99,99,99,0,0,0,1,0
54,540061,1,1,0,0,0,1,1,55,2180,7,4,2011,5,16,21,1,1,1,I-77,,75,37.34371944,-81.060519440,0,26,0,0,1,1,3,0,1,1,0,1,0,0000000,99,99,99,99,99,99,0,0,0,1,0
54,540062,2,2,0,0,0,2,2,81,170,7,4,2011,5,8,30,0,14,4,CR-19/8,,4,37.79377778,-81.175072220,0,12,2,0,1,1,1,0,1,1,0,1,0,0000000,8,41,8,53,8,54,0,0,0,1,0
54,540063,2,2,0,0,0,4,4,3,1307,7,4,2011,5,13,19,1,2,1,I-81,,10,39.37469167,-78.037508330,0,12,2,0,1,1,1,0,1,1,0,1,0,0000000,99,99,99,99,99,99,0,0,0,1,0
54,540064,2,2,0,0,0,4,4,39,814,8,4,2011,6,8,55,0,14,2,US-119,OLD FRAME RD,303,38.44283333,-81.480230560,0,12,2,0,2,3,1,0,1,2,0,2,0,0000000,9,2,9,5,9,31,0,0,0,1,0
54,540065,2,2,0,0,0,5,5,3,1660,27,4,2011,4,11,5,1,1,1,I-81,,180,39.51128333,-77.934436110,0,12,6,0,1,1,1,0,1,1,0,1,0,0000000,11,13,11,21,11,42,0,0,0,1,0
54,540066,1,1,0,0,0,2,2,39,1650,28,4,2011,5,21,50,1,11,1,I-77,,883,38.24677500,-81.571255560,0,42,0,0,1,1,5,0,2,10,0,10,0,0000000,99,99,21,0,22,45,0,0,0,1,0
54,540067,3,2,1,0,0,3,3,107,2670,25,4,2011,2,12,4,0,13,3,SR-14,,166,39.33014722,-81.546622220,0,12,2,0,1,1,1,0,1,1,0,1,0,0000000,12,7,12,12,12,28,0,0,0,1,0
54,540068,2,1,1,0,0,2,2,3,1307,14,4,2011,5,22,50,0,14,2,US-11,,51,39.37352222,-78.025847220,0,30,0,0,1,1,4,0,3,1,0,1,0,0000000,99,99,99,99,99,99,0,0,0,1,1
54,540069,2,2,0,0,0,4,4,107,2880,18,4,2011,2,20,13,1,11,1,I-77,,1870,39.39680556,-81.437530560,0,12,1,0,1,1,1,0,2,10,0,10,0,0000000,20,16,20,19,88,88,0,0,0,3,0
54,540070,3,3,0,0,0,3,3,11,1458,1,4,2011,6,6,20,0,13,3,SR-2,,0,38.51526667,-82.298241670,0,12,6,0,1,1,1,0,2,5,0,5,0,0000000,6,36,6,46,7,35,0,0,0,1,0
54,540071,2,2,0,0,0,2,2,9,0,8,4,2011,6,15,28,1,2,3,SR-2,,48,40.24337222,-80.648061110,0,12,6,0,1,1,1,0,1,2,0,2,0,0000000,99,99,99,99,99,99,0,0,0,1,0
54,540072,1,1,0,0,0,1,1,69,2830,10,4,2011,1,8,10,0,6,6,MARWIN ST,,0,40.02441111,-80.657866670,0,42,0,0,1,1,4,0,1,1,0,1,0,0000000,99,99,99,99,99,99,0,0,0,1,0
54,540073,1,1,0,0,0,1,1,107,2715,15,4,2011,6,18,19,1,13,2,US-50,,20,39.26938333,-81.646666670,0,1,0,0,1,1,3,0,1,10,0,10,0,0000000,18,22,18,27,88,88,0,0,0,1,0
54,540074,1,1,0,0,0,1,1,35,2394,16,4,2011,7,10,14,0,6,4,33/8,,33,38.91200556,-81.667472220,0,3,0,0,1,1,5,0,1,2,0,2,0,0000000,99,99,99,99,88,88,5,0,0,1,0
54,540075,1,1,0,0,0,1,1,93,2050,17,4,2011,1,4,50,0,6,6,CR-47,,33,39.04145278,-79.745463890,0,42,0,0,1,1,4,0,2,1,0,1,0,0000000,5,4,5,15,88,88,0,0,0,1,1
54,540076,1,1,0,0,0,1,1,75,1640,4,4,2011,2,6,55,0,6,8,WILLIAMS RIVER RD,,11,38.33388056,-80.229805560,0,23,0,0,1,1,4,0,9,8,0,8,0,0000000,14,18,14,43,88,88,19,18,0,1,0
54,540077,1,1,0,1,1,1,1,67,1872,10,4,2011,1,0,15,0,4,3,SR-41,,82,38.19603333,-80.850363890,0,8,0,0,1,1,1,0,2,5,0,5,0,0000000,99,99,99,99,88,88,0,0,0,1,0
54,540078,1,1,0,0,0,1,1,19,2665,30,4,2011,7,20,30,0,3,4,60/25,,5,38.12287500,-81.072577780,0,42,0,0,1,1,8,0,1,1,0,1,0,0000000,99,99,99,99,99,99,0,0,0,1,0
54,540079,1,1,0,0,0,1,1,43,3000,26,4,2011,3,6,47,0,3,3,SR-214,,0,38.21943889,-81.952780560,0,53,0,0,1,1,4,0,1,1,0,1,0,0000000,6,50,6,57,88,88,0,0,0,1,1
54,540080,1,1,0,0,0,1,1,109,874,4,1,2011,3,19,55,0,4,4,CR-14,,35,37.56369722,-81.652363890,0,35,0,0,1,1,4,0,2,1,0,1,0,0000000,99,99,99,99,99,99,0,0,0,1,1
54,540081,2,2,0,0,0,3,3,57,1370,12,4,2011,3,10,13,1,13,2,US-220,,133,39.36018333,-79.001311110,0,12,6,0,1,1,1,0,1,2,0,2,0,0000000,99,99,99,99,99,99,0,0,0,1,0
54,540082,3,3,0,0,0,6,6,61,1840,20,4,2011,4,19,51,0,13,3,SR-705,STEWARTSTOWN RD,27,39.65261944,-79.936861110,0,12,6,0,2,2,1,0,2,10,0,10,0,0000000,19,52,19,56,20,17,0,0,0,1,0
54,540083,1,1,0,1,1,1,1,61,1840,16,4,2011,7,21,28,1,1,1,I-68,,10,39.58163056,-79.961650000,0,8,0,0,1,1,1,0,2,2,0,2,0,0000000,21,30,21,40,88,88,0,0,0,1,0
54,540084,1,1,0,0,0,1,1,67,895,30,4,2011,7,0,38,0,4,3,SR-39,,150,38.22274167,-80.653938890,0,32,0,0,1,1,5,0,2,1,0,1,0,0000000,0,46,0,54,88,88,0,0,0,1,0
54,540085,1,1,0,0,0,3,3,3,1660,1,5,2011,1,20,5,0,14,4,36/1,,3,39.43556111,-77.918330560,0,42,0,0,1,1,4,0,3,2,0,2,0,0000000,20,9,20,17,20,42,0,0,0,1,1
54,540086,2,2,0,0,0,2,2,39,1305,6,5,2011,6,23,36,1,11,1,I-64,,510,38.38332222,-81.762486110,0,12,6,0,1,1,1,0,2,1,0,1,0,0000000,99,99,99,99,99,99,0,0,0,1,0
54,540087,1,1,0,0,0,2,2,3,1307,9,5,2011,2,3,11,0,6,4,30,,39,39.36648056,-78.046897220,0,35,0,0,1,1,4,0,2,1,0,1,0,0000000,3,21,3,22,4,2,0,0,0,1,1
54,540088,1,1,0,0,0,1,1,3,1307,10,5,2011,3,18,0,0,16,4,11/08,,11,39.36509444,-78.015633330,0,35,0,0,1,1,4,0,1,1,0,1,0,0000000,99,99,99,99,88,88,0,0,0,1,1
54,540089,1,1,0,0,0,2,2,33,1588,11,5,2011,4,5,18,0,4,4,25/6,,29,39.13861389,-80.380183330,0,42,0,0,1,1,4,0,2,10,0,10,0,0000000,5,54,6,9,7,16,0,0,0,1,0
54,540090,2,2,0,1,1,7,7,33,90,7,5,2011,7,3,40,1,11,1,I-79,,1174,39.24843056,-80.285488890,0,8,0,0,1,1,1,0,2,10,0,10,0,0000000,99,99,99,99,88,88,0,0,0,1,0
54,540091,2,2,0,0,0,4,4,77,1890,10,5,2011,3,15,54,0,3,3,SR-92,,75,39.37206111,-79.850005560,0,12,2,0,4,1,1,0,1,1,0,1,0,0000000,99,99,99,99,99,99,0,0,0,1,0
54,540092,2,2,0,0,0,3,3,71,1875,11,5,2011,4,5,20,0,3,2,US-33,,258,38.86793056,-79.461780560,0,12,8,0,1,1,1,0,2,10,0,10,0,0000000,5,42,6,21,7,16,0,0,0,1,0
54,540093,2,2,0,0,0,3,3,109,556,16,5,2011,2,22,7,0,4,3,SR-971,,51,37.62606111,-81.679230560,0,12,2,0,1,1,1,0,3,1,0,1,0,0000000,99,99,99,99,99,99,0,0,0,1,0
54,540094,1,1,0,0,0,1,1,53,1450,19,5,2011,5,21,40,0,4,3,SR-62,,62,38.66219167,-81.950111110,0,1,0,0,1,1,4,0,1,1,0,1,0,0000000,99,99,99,99,88,88,0,0,0,1,0
54,540095,2,2,0,0,0,3,3,39,480,20,5,2011,6,13,8,1,13,2,US-119,,128,38.32923056,-81.712450000,0,12,6,0,1,1,1,0,1,1,0,1,0,0000000,99,99,99,99,99,99,0,0,0,1,0
54,540096,2,2,0,0,0,2,2,39,480,20,5,2011,6,13,55,1,11,1,I-77,,966,38.31481667,-81.552983330,0,12,7,0,1,1,1,0,1,1,0,1,0,0000000,13,58,13,58,99,99,0,0,0,1,0
54,540097,1,1,0,0,0,2,2,33,320,24,5,2011,3,16,6,1,13,1,I-79,,1250,39.35411111,-80.217244440,0,21,0,0,1,1,8,0,1,1,0,1,0,0000000,16,15,16,16,17,13,0,0,0,1,0
54,540098,1,1,0,0,0,1,1,47,1720,31,5,2011,3,4,30,1,2,2,US-52,,409,37.37138611,-81.353761110,0,1,0,0,1,1,1,0,2,1,0,1,0,0000000,4,33,4,56,88,88,0,0,0,1,0
54,540099,1,1,0,0,0,4,4,39,2439,31,5,2011,3,19,35,0,6,4,30,,40,38.51496389,-81.708969440,0,42,0,0,1,1,4,0,1,1,0,1,0,0000000,88,88,88,88,88,88,0,0,0,1,0
54,540100,1,1,0,0,0,1,1,27,1334,30,5,2011,2,14,30,0,4,2,US-220,,64,39.29020278,-78.888744440,0,34,0,0,1,1,4,0,1,1,0,1,0,0000000,16,8,16,18,88,88,0,0,0,1,0
54,540101,1,1,0,0,0,2,2,47,0,29,5,2011,1,9,20,0,6,4,CR-52,,50,37.44973611,-81.738130560,0,35,0,0,1,1,4,0,1,1,0,1,0,0000000,99,99,99,99,88,88,0,0,0,2,1
54,540102,1,1,0,0,0,1,1,101,2652,28,5,2011,7,14,42,0,4,4,46,,22,38.40241944,-80.526825000,0,42,0,0,1,1,4,0,1,1,0,1,0,0000000,14,46,14,50,15,28,0,0,0,1,1
54,540103,1,1,0,0,0,1,1,55,2180,28,5,2011,7,16,53,0,3,3,SR-20,,1174,37.36671111,-81.113047220,0,34,0,0,1,1,4,0,1,1,0,1,0,0000000,99,99,99,99,99,99,0,0,0,1,0
54,540104,1,1,0,0,0,1,1,27,121,28,5,2011,7,14,55,0,6,4,45/13,,2,39.32271111,-78.580011110,0,42,0,0,1,1,4,0,1,1,0,1,0,0000000,15,1,15,10,15,51,0,0,0,1,1
54,540105,2,2,0,0,0,3,3,47,1720,24,5,2011,3,9,25,1,2,2,US-52,,409,37.36923889,-81.367450000,0,12,2,0,1,1,1,0,1,2,0,2,0,0000000,9,16,10,14,11,30,0,0,0,1,0
54,540106,2,2,0,0,0,2,2,25,372,27,5,2011,6,19,18,0,3,2,US-60,,362,37.78068611,-80.388377780,0,12,6,0,1,1,1,0,1,2,0,2,0,0000000,99,99,99,99,99,99,0,0,0,1,0
54,540107,2,2,0,0,0,3,3,33,0,19,5,2011,5,13,33,0,14,2,US-19,,275,39.40164722,-80.292463890,0,12,2,0,1,1,1,0,1,1,0,1,0,0000000,99,99,99,99,99,99,0,0,0,1,0
54,540108,4,4,0,0,0,6,6,53,2754,3,5,2011,3,16,20,0,3,3,SR-62,,315,38.98289722,-82.063363890,0,24,0,0,1,1,4,0,1,10,2,2,0,0000000,99,99,99,99,99,99,0,0,0,1,0
54,540109,5,5,0,0,0,5,5,11,1270,11,5,2011,4,15,46,1,13,2,US-52,,9,38.41320556,-82.484647220,0,12,6,1,17,1,1,0,1,1,0,1,0,0000000,15,49,15,56,16,19,0,0,0,1,0
54,540110,2,2,0,0,0,4,4,11,1760,21,5,2011,7,17,2,0,16,6,13,JOHNS CREEK RD,46,38.49306667,-82.102333330,0,12,6,0,2,4,1,0,1,10,0,10,0,0000000,88,88,88,88,88,88,0,0,0,1,0
54,540111,2,2,0,0,0,4,4,107,2717,21,5,2011,7,12,44,1,2,3,SR-2,,288,39.33595833,-81.418905560,0,12,2,0,1,1,1,0,1,1,0,1,0,0000000,12,49,12,54,13,28,0,0,0,2,0
54,540112,2,2,0,0,0,4,4,35,595,28,5,2011,7,21,34,0,3,3,SR-62,,48,38.88046111,-81.834611110,0,12,2,0,1,1,1,0,2,1,0,1,0,0000000,21,37,99,99,99,99,0,0,0,1,1
54,540113,2,2,0,0,0,2,2,55,1347,29,5,2011,1,20,0,0,3,3,SR-10,ROCK RIVER RD,15,37.40471944,-81.164719440,0,12,6,0,2,3,1,0,1,1,0,1,0,0000000,20,0,20,11,20,47,0,0,0,1,1
54,540114,3,3,0,0,0,5,5,81,170,26,5,2011,5,12,56,0,14,3,SR-16,VETERANS DR,175,37.76742500,-81.196088890,0,12,1,0,2,3,1,0,1,1,0,1,0,0000000,99,99,99,99,99,99,0,0,0,1,0
54,540115,2,2,0,0,0,2,2,71,950,30,5,2011,2,9,38,0,6,4,1,,13,38.68875833,-79.283522220,0,12,6,0,1,1,1,0,1,1,0,1,0,0000000,9,46,10,3,11,3,0,0,0,1,0
54,540116,1,1,0,0,0,1,1,47,1300,27,5,2011,6,19,45,0,5,4,52/1,,5,37.47124722,-81.791452780,0,7,0,0,1,1,4,0,1,10,0,10,0,0000000,99,99,99,99,88,88,0,0,0,1,0
54,540117,2,2,0,0,0,4,4,19,1212,1,6,2011,4,22,11,0,14,3,SR-16,,58,37.93935833,-81.153172220,0,12,2,0,1,1,1,0,2,1,0,1,0,0000000,99,99,99,99,99,99,0,0,0,1,1
54,540118,1,1,0,0,0,2,2,67,1871,1,6,2011,4,10,10,1,2,2,US-19,,14,38.15588611,-80.910530560,0,24,0,0,1,1,4,0,1,10,0,10,0,0000000,10,11,10,22,10,46,0,0,0,1,0
54,540119,1,1,0,0,0,1,1,37,490,1,6,2011,4,6,20,0,4,4,27,,37,39.26648333,-77.790155560,0,38,0,0,1,1,4,0,4,1,0,1,0,0000000,6,21,6,34,88,88,0,0,0,1,0
54,540120,1,1,0,0,0,1,1,107,2040,3,6,2011,6,15,30,0,4,3,SR-14,6TH ST,15,39.26920833,-81.561652780,0,21,0,0,2,2,4,0,1,1,0,1,0,0000000,99,99,99,99,88,88,13,0,0,1,0
54,540121,1,1,0,0,0,2,2,81,165,3,6,2011,6,13,12,1,1,1,I-64,,1250,37.76587222,-81.133333330,0,1,0,0,1,1,2,0,1,1,0,1,0,0000000,13,12,13,18,13,37,0,0,0,2,0
54,540122,2,2,0,0,0,2,2,45,2660,4,6,2011,7,6,50,0,4,4,5,,87,37.84706944,-82.047444440,0,12,8,0,1,1,1,0,4,1,0,1,0,0000000,99,99,99,99,99,99,0,0,0,1,1
54,540123,1,1,0,0,0,1,1,33,1731,4,6,2011,7,0,30,0,14,4,19,,224,39.33688611,-80.328383330,0,1,0,0,1,1,2,0,3,1,0,1,0,0000000,99,99,99,99,88,88,0,0,0,1,1
54,540124,1,1,0,0,0,1,1,83,442,5,6,2011,1,17,18,0,4,4,34,,22,38.79637222,-80.030336110,0,1,0,0,1,1,4,0,1,1,0,1,0,0000000,99,99,99,99,88,88,0,0,0,1,1
54,540125,2,2,0,0,0,4,4,55,393,5,6,2011,1,17,5,1,1,1,I-77,,210,37.51026111,-81.119902780,0,12,7,0,1,1,1,0,1,1,0,1,0,0000000,17,5,17,50,18,30,0,0,0,1,0
54,540126,1,1,0,0,0,1,1,107,2880,6,6,2011,2,19,37,0,14,3,SR-31,,191,39.35493333,-81.428527780,0,1,0,0,1,1,1,0,1,1,0,1,0,0000000,19,40,19,51,88,88,0,0,0,1,0
54,540127,2,2,0,0,0,2,2,79,1280,6,6,2011,2,20,0,0,4,3,SR-34,,56,38.40618611,-82.011825000,0,12,2,0,1,1,1,0,1,10,0,10,0,0000000,20,4,20,21,88,88,0,0,0,1,1
54,540128,1,1,0,1,1,1,1,39,560,7,6,2011,3,5,54,0,4,2,US-119,,390,38.52748611,-81.343716670,0,8,0,0,1,1,1,0,4,1,0,1,0,0000000,5,54,6,1,6,34,0,0,0,1,0
54,540129,1,1,0,1,1,2,2,109,1542,8,6,2011,4,19,5,0,4,4,971,,90,37.68891389,-81.652794440,0,8,0,0,1,1,2,0,1,1,0,1,0,0000000,19,8,19,12,21,10,0,0,0,1,0
54,540130,2,2,0,0,0,2,2,85,0,8,6,2011,4,13,40,1,2,2,US-50,,80,39.26116667,-81.143647220,0,12,1,0,1,1,1,0,1,1,0,1,0,0000000,88,88,88,88,88,88,0,0,0,1,0
54,540131,2,2,0,0,0,2,2,39,697,9,6,2011,5,8,30,0,6,4,79/03,,12,38.05528889,-81.816516670,0,12,6,0,4,1,1,0,1,1,0,1,0,0000000,8,48,8,54,9,18,0,0,0,1,0
54,540132,1,1,0,0,0,1,1,5,1590,10,6,2011,6,19,13,0,6,6,COUNTRY ESTATES RD,,0,38.07559444,-81.816472220,0,43,0,0,1,1,4,0,1,1,0,1,0,0000000,19,16,19,19,19,29,0,0,0,1,1
54,540133,1,1,0,0,0,2,2,109,1937,13,6,2011,2,19,50,0,3,3,SR-10,,190,37.56927778,-81.493405560,0,34,0,0,1,1,4,0,1,1,0,1,0,0000000,19,55,20,4,99,99,0,0,0,1,1
54,540134,1,1,0,0,0,3,3,43,2432,14,6,2011,3,2,30,0,5,4,7,,48,38.18885000,-82.103491670,0,1,0,0,1,1,4,0,2,1,0,1,0,0000000,2,32,2,46,88,88,0,0,0,1,1
54,540135,1,1,0,0,0,1,1,47,0,15,6,2011,4,4,15,1,2,2,US-52,,129,37.44774167,-81.709655560,0,31,0,0,1,1,5,0,2,1,0,1,0,0000000,4,20,4,27,88,88,0,0,0,1,1
54,540136,1,1,0,0,0,1,1,45,470,14,6,2011,3,8,47,1,2,2,US-119,,155,37.97404167,-82.012852780,0,1,0,0,1,1,1,0,1,1,0,1,0,0000000,99,99,99,99,99,99,0,0,0,1,0
54,540137,2,2,0,0,0,2,2,43,64,15,6,2011,4,10,6,1,2,2,US-119,COAL RIVER RD,79,38.26534444,-81.811752780,0,12,6,0,2,2,1,0,1,1,0,1,0,0000000,10,10,10,23,88,88,0,0,0,1,0
54,540138,3,3,0,0,0,6,6,37,1140,15,6,2011,4,2,45,0,3,3,SR-9,,161,39.25279444,-77.777022220,0,12,8,0,1,1,1,0,2,1,0,1,0,0000000,2,51,3,2,3,40,0,0,0,1,0
54,540139,2,2,0,0,0,2,2,45,0,16,6,2011,5,11,13,1,2,2,US-119,WHITMAN JCT,45,37.83619167,-82.047227780,0,12,1,0,3,3,1,0,1,1,0,1,0,0000000,99,99,99,99,99,99,0,0,0,1,0
54,540140,1,1,0,1,1,1,1,61,1840,14,5,2011,7,23,30,0,6,4,45/07,,14,39.59718889,-80.037888890,0,8,0,0,1,1,1,0,2,5,0,5,0,0000000,99,99,99,99,99,99,0,0,0,1,0
54,540141,1,1,0,0,0,2,2,49,840,17,6,2011,6,23,36,0,14,2,US-250,,69,39.48602500,-80.147494440,0,24,0,0,1,1,4,0,2,10,0,10,0,0000000,99,99,99,99,99,99,0,0,0,1,0
54,540142,2,2,0,0,0,5,5,59,691,20,6,2011,2,10,39,0,6,4,3/3,,3,37.85438889,-82.151041670,0,12,2,0,1,1,1,0,1,10,0,10,0,0000000,99,99,99,99,99,99,0,0,0,1,0
54,540143,2,2,0,0,0,7,7,45,0,20,6,2011,2,15,16,1,2,2,US-119,OLD LOGAN RD,124,37.93485556,-82.013197220,0,12,6,0,2,3,1,0,1,2,0,2,0,0000000,99,99,99,99,99,99,0,0,0,1,0
54,540144,2,2,0,0,0,2,2,53,1465,20,6,2011,2,15,5,0,4,4,15,,60,38.88615556,-81.950411110,0,12,2,0,1,1,1,0,1,10,2,2,0,0000000,99,99,99,99,88,88,0,0,0,2,0
54,540145,1,1,0,0,0,1,1,107,2717,21,6,2011,3,6,34,0,6,4,2/20,,3,39.33038889,-81.442808330,0,35,0,0,1,1,4,0,1,10,0,10,0,0000000,6,35,6,45,7,21,0,0,0,1,0
54,540146,1,1,0,0,0,3,3,57,790,22,6,2011,4,11,36,0,4,3,SR-42,,69,39.36784722,-79.145980560,0,42,0,0,1,1,4,0,1,1,0,1,0,0000000,99,99,99,99,99,99,0,0,0,1,0
54,540147,1,1,0,0,0,1,1,99,1270,22,6,2011,4,21,14,0,14,3,SR-75,,48,38.38945278,-82.572802780,0,30,0,0,1,1,4,0,2,1,0,1,0,0000000,21,21,21,29,99,99,0,0,0,1,0
54,540148,1,1,0,0,0,1,1,93,0,24,6,2011,6,20,55,1,2,2,US-219,,139,39.14643611,-79.574147220,0,1,0,0,1,1,4,0,2,10,0,10,0,0000000,99,99,99,99,88,88,0,0,0,1,1
54,540149,2,2,0,0,0,3,3,99,626,25,6,2011,7,3,58,1,2,2,US-52,,488,37.90641944,-82.446727780,0,12,2,0,1,1,1,0,2,5,0,5,0,0000000,4,4,4,22,99,99,0,0,0,1,1
54,540150,2,2,0,0,0,2,2,47,2037,25,6,2011,7,5,47,0,4,3,SR-80,,36,37.46368611,-81.815186110,0,12,1,0,1,1,1,0,2,1,0,1,0,0000000,5,49,6,8,6,52,0,0,0,1,1
54,540151,1,1,0,0,0,4,4,37,490,26,6,2011,1,23,55,0,16,4,26,,12,39.29286111,-77.832986110,0,38,0,0,1,1,4,0,2,1,0,1,0,0000000,23,55,0,8,0,53,0,0,0,1,0
54,540152,1,1,0,0,0,1,1,81,996,28,6,2011,3,3,30,1,1,1,I-77,,320,37.64536389,-81.111202780,0,18,0,0,1,1,1,0,2,1,0,1,0,0000000,99,99,99,99,99,99,0,0,0,1,0
54,540153,3,3,0,0,0,6,6,55,393,30,6,2011,5,5,0,1,1,1,I-77,,210,37.50741111,-81.117769440,0,12,1,0,1,1,1,0,2,1,0,1,0,0000000,5,34,5,52,6,50,0,0,0,1,0
54,540154,1,1,0,0,0,3,3,43,1110,10,6,2011,6,15,13,0,6,4,7,,135,38.24028056,-82.128611110,0,23,0,0,1,1,4,0,1,1,0,1,0,0000000,15,14,15,22,16,8,0,0,0,1,0
54,540155,2,2,0,0,0,4,4,55,2180,2,7,2011,7,10,36,1,13,2,US-460,WILLOWBROOK RD,118,37.34820556,-81.109216670,0,12,6,0,2,2,1,0,1,1,0,1,0,0000000,10,39,10,42,11,3,0,0,0,1,0
54,540156,2,2,0,0,0,5,5,77,330,4,7,2011,2,16,5,1,1,1,I-68,,190,39.66303056,-79.670963890,0,12,2,0,1,1,1,0,1,2,0,2,0,0000000,16,19,16,24,17,6,0,0,0,1,0