STATE,ST_CASE,VE_TOTAL,VE_FORMS,PVH_INVL,PEDS,PERNOTMVIT,PERMVIT,PERSONS,COUNTY,CITY,DAY,MONTH,YEAR,DAY_WEEK,HOUR,MINUTE,NHS,ROAD_FNC,ROUTE,TWAY_ID,TWAY_ID2,MILEPT,LATITUDE,LONGITUD,SP_JUR,HARM_EV,MAN_COLL,RELJCT1,RELJCT2,TYP_INT,REL_ROAD,WRK_ZONE,LGT_COND,WEATHER1,WEATHER2,WEATHER,SCH_BUS,RAIL,NOT_HOUR,NOT_MIN,ARR_HOUR,ARR_MIN,HOSP_HR,HOSP_MN,CF1,CF2,CF3,FATALS,DRUNK_DR
54,540157,1,1,0,0,0,2,2,107,2040,6,7,2011,4,21,59,0,4,6,36TH ST,,59,39.29546667,-81.547286110,0,24,0,0,1,1,4,0,2,1,0,1,0,0000000,22,2,22,7,22,40,0,0,0,1,1
54,540158,1,1,0,0,0,1,1,55,393,7,7,2011,5,11,33,1,1,1,I-77,,195,37.49417500,-81.098875000,0,35,0,0,1,1,4,0,1,1,0,1,0,0000000,11,37,11,51,88,88,0,0,0,1,1
54,540159,2,2,0,0,0,4,4,37,490,8,7,2011,6,18,30,1,2,2,US-340,,35,39.23786944,-77.899497220,0,12,2,0,1,1,1,0,1,1,0,1,0,0000000,18,30,18,40,19,30,0,0,0,1,0
54,540160,2,2,0,0,0,2,2,25,0,8,7,2011,6,18,38,1,2,2,US-219,,142,37.97435556,-80.385697220,0,12,6,0,4,1,1,0,1,2,0,2,0,0000000,99,99,99,99,99,99,0,0,0,1,1
54,540161,1,1,0,0,0,1,1,3,1307,9,7,2011,7,3,6,1,1,1,I-81,,64,39.38539722,-78.029450000,0,1,0,0,1,1,4,0,2,1,0,1,0,0000000,3,13,3,22,3,57,0,0,0,1,0
54,540162,1,1,0,0,0,1,1,7,1932,14,7,2011,5,22,30,0,4,4,23,,34,38.71946944,-80.523347220,0,1,0,0,1,1,4,0,2,1,0,1,0,0000000,22,40,23,8,88,88,0,0,0,1,1
54,540163,1,1,0,0,0,2,2,77,1690,1,7,2011,6,18,39,0,6,4,52,,53,39.57923056,-79.765677780,0,35,0,0,1,1,4,0,1,1,0,1,0,0000000,99,99,99,99,99,99,0,0,0,1,1
54,540164,1,1,0,0,0,1,1,67,1872,16,7,2011,7,13,40,0,4,3,SR-41,,43,38.21309722,-80.851436110,0,34,0,0,1,1,4,0,1,10,0,10,0,0000000,13,42,13,50,14,5,0,0,0,1,0
54,540165,1,1,0,0,0,1,1,83,810,15,7,2011,6,7,30,0,3,2,US-33,,113,38.94629167,-79.856250000,0,34,0,0,1,1,5,0,1,10,0,10,0,0000000,7,43,7,44,8,16,0,0,0,1,0
54,540166,1,1,0,0,0,2,2,33,0,17,7,2011,1,3,0,1,1,1,I-79,,1285,39.36735000,-80.213713890,0,35,0,0,1,1,4,0,2,1,0,1,0,0000000,3,13,3,21,4,10,0,0,0,1,0
54,540167,1,1,0,0,0,2,2,109,126,5,6,2011,1,19,35,0,4,3,SR-971,,51,37.60287500,-81.672791670,0,1,0,0,1,1,4,0,1,1,0,1,0,0000000,99,99,99,99,99,99,0,0,0,1,1
54,540168,1,1,0,0,0,3,3,11,1270,19,7,2011,3,3,17,0,16,6,WEST 8TH AVE,,0,38.41439167,-82.445997220,0,38,0,0,1,1,5,0,2,10,0,10,0,0000000,99,99,99,99,99,99,0,0,0,1,0
54,540169,1,1,0,0,0,1,1,55,2180,25,7,2011,2,9,58,1,11,1,I-77,,95,37.37230556,-81.044597220,0,1,0,0,1,1,1,0,1,1,0,1,0,0000000,99,99,99,99,99,99,0,0,0,1,0
54,540170,1,1,0,0,0,2,2,37,1140,19,7,2011,3,22,12,0,5,4,32,,26,39.31398056,-77.743205560,0,1,0,0,1,1,1,0,2,1,0,1,0,0000000,22,20,22,28,23,31,0,0,0,1,1
54,540171,1,1,0,0,0,1,1,7,0,19,7,2011,3,18,49,0,4,3,SR-4,,129,38.69780278,-80.666727780,0,1,0,0,1,1,2,0,1,1,0,1,0,0000000,99,99,99,99,88,88,0,0,0,1,1
54,540172,1,1,0,0,0,2,2,97,340,20,7,2011,4,15,52,0,4,3,SR-20,,230,38.94025278,-80.257658330,0,35,0,0,1,1,4,0,1,1,0,1,0,0000000,15,50,15,59,16,40,0,0,0,1,1
54,540173,1,1,0,0,0,1,1,105,780,22,7,2011,6,16,15,0,4,3,SR-53,,10,39.06491389,-81.378822220,0,42,0,0,1,1,4,0,1,10,0,10,0,0000000,16,22,16,31,17,5,0,0,0,1,0
54,540174,1,1,0,1,1,1,1,39,1605,24,7,2011,1,0,20,0,13,2,US-60,,225,38.23460833,-81.539841670,0,8,0,0,1,1,1,0,2,5,0,5,0,0000000,88,88,88,88,88,88,0,0,0,1,0
54,540175,1,1,0,0,0,1,1,67,2570,27,7,2011,4,16,29,1,2,2,US-19,,96,38.27969722,-80.835075000,0,1,0,0,1,1,1,0,1,1,0,1,0,0000000,99,99,99,99,99,99,0,0,0,1,0
54,540176,1,1,0,0,0,1,1,47,111,30,7,2011,7,22,0,0,3,4,14,,0,37.40919722,-81.355905560,0,5,0,0,1,1,1,0,2,10,0,10,0,0000000,99,99,99,99,99,99,0,0,0,1,0
54,540177,1,1,0,3,3,1,1,77,330,31,7,2011,1,19,20,0,4,3,SR-26,,387,39.69715000,-79.542988890,0,8,0,0,1,1,2,0,1,1,0,1,0,0000000,19,38,20,2,20,33,0,0,0,1,0
54,540178,1,1,0,0,0,4,4,33,320,30,7,2011,7,1,45,1,13,1,I-79,,1250,39.35673333,-80.217019440,0,31,0,0,1,1,3,0,2,2,0,2,0,0000000,1,55,1,59,2,50,0,0,0,1,0
54,540179,2,2,0,0,0,2,2,7,0,4,7,2011,2,16,43,1,1,1,I-79,,670,38.72335278,-80.667072220,0,12,6,0,1,1,1,0,1,10,0,10,0,0000000,99,99,99,99,99,99,0,0,0,1,0
54,540180,2,2,0,0,0,3,3,67,597,9,7,2011,7,14,7,0,4,3,SR-20,,323,38.34495556,-80.628188890,0,12,2,0,1,1,1,0,1,1,0,1,0,0000000,99,99,99,99,99,99,0,0,0,1,0
54,540181,2,2,0,0,0,2,2,83,0,12,7,2011,3,5,0,1,2,2,US-33,151,23,38.94471944,-79.954438890,0,12,6,0,2,2,1,0,3,5,0,5,0,0000000,99,99,99,99,88,88,0,0,0,1,0
54,540182,3,3,0,0,0,3,3,107,2880,13,7,2011,4,9,58,0,14,3,SR-14,,235,39.37148889,-81.481530560,0,12,6,0,1,1,1,0,1,1,0,1,0,0000000,10,44,11,11,12,9,0,0,0,1,0
54,540183,1,1,0,1,1,1,1,37,0,23,7,2011,7,17,37,1,13,2,US-340,,80,39.32056111,-77.729633330,0,24,0,0,1,1,4,0,1,1,0,1,0,0000000,17,39,17,51,88,88,0,0,0,1,0
54,540184,4,2,2,1,1,3,3,19,1970,31,7,2011,1,16,37,1,13,2,US-19,SR-16,62,37.95985556,-81.148580560,0,12,6,0,2,3,1,0,1,1,0,1,0,0000000,99,99,99,99,99,99,23,0,0,1,0
54,540185,1,1,0,0,0,2,2,77,330,18,6,2011,7,18,40,0,4,4,CR-5,,26,39.62638333,-79.554277780,0,35,0,0,1,1,4,0,1,1,0,1,0,0000000,99,99,99,99,99,99,0,0,0,1,1
54,540186,3,3,0,0,0,5,5,39,1205,27,7,2011,4,17,33,0,14,3,SR-94,,26,38.22648333,-81.599880560,0,12,8,0,1,1,1,0,1,1,0,1,0,0000000,17,35,17,42,18,14,0,0,0,1,0
54,540187,2,2,0,0,0,5,5,87,2510,1,8,2011,2,12,45,0,4,3,SR-36,,289,38.78620556,-81.350669440,0,12,2,0,1,1,1,0,1,1,0,1,0,0000000,99,99,99,99,99,99,0,0,0,1,0
54,540188,1,1,0,0,0,1,1,39,480,1,8,2011,2,2,47,0,13,3,SR-61,SOUTH RUFFNER RD,251,38.33388056,-81.621852780,0,30,0,0,2,2,4,0,3,1,0,1,0,0000000,99,99,99,99,88,88,0,0,0,1,1
54,540189,1,1,0,0,0,1,1,67,249,1,8,2011,2,15,54,1,2,2,US-19,,290,38.42172222,-80.785902780,0,35,0,0,1,1,3,0,1,1,0,1,0,0000000,15,54,16,2,88,88,0,0,0,1,0
54,540190,1,1,0,0,0,1,1,43,897,3,8,2011,4,7,15,0,3,3,SR-10,,33,38.02875833,-82.112075000,0,35,0,0,1,1,4,0,2,1,0,1,0,0000000,7,24,7,25,88,88,0,0,0,1,1
54,540191,1,1,0,0,0,2,2,35,2394,4,8,2011,5,16,1,0,4,4,CR-21,,310,38.90399167,-81.661377780,0,42,0,0,1,1,5,0,1,1,0,1,0,0000000,16,3,16,14,16,41,0,0,0,1,0
54,540192,1,1,0,0,0,1,1,3,1660,5,8,2011,6,22,12,1,13,3,SR-9,,121,39.47555833,-77.957180560,0,30,0,0,1,1,4,0,3,1,0,1,0,0000000,88,88,88,88,88,88,20,0,0,1,1
54,540193,1,1,0,0,0,1,1,81,275,5,8,2011,6,19,0,0,3,3,SR-99,,76,37.76318333,-81.414269440,0,52,0,0,1,1,4,0,1,1,0,1,0,0000000,19,3,19,19,20,26,0,0,0,1,1
54,540194,1,1,0,0,0,5,5,61,1840,2,6,2011,5,22,29,0,6,4,46/3,,12,39.64713611,-80.013613890,0,35,0,0,1,1,5,0,2,1,0,1,0,0000000,99,99,99,99,99,99,0,0,0,1,0
54,540195,1,1,0,1,1,1,1,99,1270,10,7,2011,1,99,99,0,13,2,US-60,,36,38.39556111,-82.536388890,0,8,0,0,1,1,1,0,1,1,0,1,0,0000000,99,99,99,99,88,88,0,0,0,1,0
54,540196,2,2,0,0,0,3,3,59,2661,7,8,2011,1,20,47,1,2,2,US-52,,372,37.66985833,-82.115466670,0,12,2,0,1,1,1,0,2,2,0,2,0,0000000,99,99,99,99,88,88,0,0,0,1,1
54,540197,2,2,0,0,0,3,3,45,0,8,8,2011,2,16,44,0,4,3,SR-10,,316,37.97656944,-82.016208330,0,24,0,0,1,1,4,0,1,10,0,10,0,0000000,99,99,99,99,99,99,0,0,0,1,0
54,540198,2,2,0,0,0,2,2,51,1850,8,8,2011,2,11,18,1,13,2,US-250,,332,39.92617500,-80.742466670,0,12,8,0,1,1,1,0,1,1,0,1,0,0000000,99,99,99,99,88,88,0,0,0,1,0
54,540199,1,1,0,0,0,2,2,19,1208,9,8,2011,3,0,42,1,2,2,US-19,,172,38.12402222,-80.985583330,0,1,0,0,1,1,1,0,2,1,0,1,0,0000000,99,99,99,99,88,88,0,0,0,2,0
54,540200,1,1,0,0,0,1,1,41,1310,10,8,2011,4,16,15,0,6,4,CR-10,,175,39.10069722,-80.459719440,0,42,0,0,1,1,5,0,1,1,0,1,0,0000000,16,27,16,44,16,56,0,0,0,1,0
54,540201,1,1,0,0,0,2,2,25,372,14,8,2011,1,14,45,0,3,3,SR-63,,175,37.73061944,-80.420216670,0,35,0,0,1,1,4,0,1,1,0,1,0,0000000,99,99,99,99,99,99,0,0,0,1,0
54,540202,1,1,0,0,0,2,2,35,2394,14,8,2011,1,1,37,0,6,4,CR-14,,41,38.88490000,-81.672466670,0,35,0,0,1,1,4,0,2,10,0,10,0,0000000,1,39,1,46,99,99,0,0,0,1,1
54,540203,4,4,0,0,0,11,11,37,2230,16,8,2011,3,21,35,1,13,3,SR-9,,82,39.30957778,-77.842877780,0,12,2,0,1,1,1,0,2,1,0,1,0,0000000,21,43,21,59,22,20,14,0,0,2,1
54,540204,3,2,1,0,0,2,2,41,2790,10,1,2011,2,13,34,0,14,2,US-33,,162,39.03942222,-80.469041670,0,39,0,0,1,1,4,0,1,1,0,1,0,0000000,99,99,99,99,99,99,0,0,0,1,0
54,540205,1,1,0,0,0,3,3,99,1270,1,8,2011,2,21,27,0,4,3,SR-152,,420,38.41853333,-82.450311110,0,5,0,0,1,1,1,0,3,1,0,1,0,0000000,99,99,99,99,99,99,0,0,0,1,0
54,540206,1,1,0,0,0,1,1,109,1708,13,8,2011,7,3,25,0,3,3,SR-10,,332,37.66814444,-81.600477780,0,1,0,0,1,1,2,0,3,1,0,1,0,0000000,99,99,99,99,88,88,0,0,0,1,1
54,540207,1,1,0,0,0,1,1,99,1350,17,8,2011,4,17,35,1,2,2,US-52,,65,38.39119722,-82.574166670,0,1,0,0,1,1,1,0,1,1,0,1,0,0000000,99,99,99,99,99,99,0,0,0,1,0
54,540208,1,1,0,0,0,1,1,89,2141,22,8,2011,2,19,27,0,3,3,SR-20,,21,37.55813611,-80.940413890,0,35,0,0,1,1,4,0,5,1,0,1,0,0000000,19,30,19,38,88,88,0,0,0,1,0
54,540209,2,2,0,0,0,2,2,33,2780,24,8,2011,4,18,10,0,6,4,CR-34,,14,39.23648056,-80.392136110,0,12,6,0,8,1,1,0,1,1,0,1,0,0000000,18,9,18,19,88,88,0,0,0,1,0
54,540210,2,2,0,0,0,3,3,39,0,25,8,2011,5,14,0,1,1,1,I-77,,799,38.11214167,-81.389166670,0,12,6,0,1,1,1,0,1,2,0,2,0,0000000,14,6,14,18,15,7,0,0,0,1,0
54,540211,1,1,0,0,0,4,4,81,107,26,8,2011,6,20,5,0,4,3,SR-3,,159,37.82964167,-81.401850000,0,42,0,0,1,1,5,0,2,1,0,1,0,0000000,99,99,99,99,99,99,0,0,0,1,0
54,540212,1,1,0,0,0,1,1,105,780,27,8,2011,7,0,45,0,4,3,SR-5,,0,38.99778056,-81.345561110,0,35,0,0,1,1,4,0,2,1,0,1,0,0000000,0,51,1,3,2,4,0,0,0,1,1
54,540213,2,2,0,0,0,3,3,39,814,30,8,2011,3,23,35,0,14,2,US-119,HOFFMAN ST,341,38.46244444,-81.426550000,0,12,6,0,2,3,1,0,2,1,0,1,0,0000000,99,99,99,99,99,99,0,0,0,1,0
54,540214,1,1,0,0,0,1,1,47,1440,1,9,2011,5,20,14,0,4,3,SR-161,,109,37.36485278,-81.436880560,0,35,0,0,1,1,5,0,2,1,0,1,0,0000000,99,99,99,99,99,99,0,0,0,1,1
54,540215,2,2,0,0,0,2,2,79,2890,1,9,2011,5,21,13,0,14,3,SR-34,,211,38.53380833,-81.897233330,0,12,2,0,1,1,1,0,2,1,0,1,0,0000000,21,21,21,30,22,1,0,0,0,1,0
54,540216,2,2,0,0,0,3,3,11,1270,2,9,2011,6,13,4,0,16,6,5TH ST RD,,0,38.38325556,-82.456880560,0,12,2,0,1,1,1,0,1,10,0,10,0,0000000,13,4,13,12,13,38,0,0,0,1,0
54,540217,1,1,0,0,0,1,1,99,1382,3,9,2011,7,15,6,0,6,4,37/20,,8,38.07670833,-82.243227780,0,42,0,0,1,1,4,0,1,1,0,1,0,0000000,99,99,99,99,99,99,0,0,0,1,1
54,540218,1,1,0,0,0,1,1,7,910,4,9,2011,1,9,30,0,6,4,19/18,,8,38.72275278,-80.638822220,0,1,0,0,1,1,4,0,1,1,0,1,0,0000000,99,99,99,99,88,88,0,0,0,1,1
54,540219,2,2,0,0,0,4,4,19,1212,8,9,2011,5,17,49,1,13,2,US-19,US-612,57,37.95620556,-81.154905560,0,12,1,0,2,3,1,0,1,10,0,10,0,0000000,99,99,99,99,99,99,0,0,0,1,0
54,540220,2,2,0,0,0,2,2,5,2644,8,9,2011,5,12,15,1,2,2,US-119,INDIAN GRAVE RD,82,38.03344722,-81.873722220,0,12,6,0,2,2,1,0,1,1,0,1,0,0000000,12,19,12,24,12,35,0,0,0,1,0
54,540222,1,1,0,0,0,1,1,55,393,10,9,2011,7,17,55,0,4,2,US-19,,286,37.50313889,-81.102797220,0,1,0,0,1,1,4,0,1,1,0,1,0,0000000,17,59,18,13,18,55,0,0,0,1,0
54,540223,1,1,0,0,0,1,1,61,1840,10,9,2011,7,2,40,0,15,4,59,,11,39.67416944,-79.955280560,0,34,0,0,1,1,4,0,2,1,0,1,0,0000000,2,45,2,51,88,88,0,0,0,1,1
54,540224,1,1,0,0,0,1,1,79,2145,12,9,2011,2,18,21,0,4,4,27,,51,38.55479444,-81.755163890,0,42,0,0,1,1,4,0,1,1,0,1,0,0000000,18,21,18,41,88,88,0,0,0,1,0
54,540225,2,2,0,0,0,3,3,37,1140,11,9,2011,1,4,10,1,13,3,SR-9,,87,39.25000000,-77.808061110,0,12,2,0,1,1,1,0,2,1,0,1,0,0000000,99,99,99,99,99,99,0,0,0,1,1
54,540226,2,2,0,0,0,3,3,63,286,13,9,2011,3,19,7,0,6,4,24/8,,9,37.40105278,-80.798411110,0,12,2,0,1,1,1,0,1,1,0,1,0,0000000,88,88,88,88,88,88,0,0,0,1,0
54,540227,1,1,0,0,0,1,1,37,2420,14,9,2011,4,14,0,0,3,3,SR-480,,18,39.40537222,-77.859975000,0,35,0,0,1,1,4,0,1,1,0,1,0,0000000,14,45,14,51,88,88,0,0,0,1,1
54,540228,1,1,0,0,0,2,2,25,1718,15,9,2011,5,20,56,0,4,4,21,,15,37.87400278,-80.391019440,0,42,0,0,1,1,4,0,2,10,0,10,0,0000000,99,99,99,99,99,99,0,0,0,1,1
54,540229,1,1,0,0,0,1,1,99,2720,20,9,2011,3,17,8,0,4,3,SR-152,,304,38.20128889,-82.459650000,0,42,0,0,1,1,4,0,1,1,0,1,0,0000000,99,99,99,99,99,99,0,0,0,1,0
54,540230,3,3,0,0,0,7,7,45,470,14,9,2011,4,1,19,0,4,3,SR-10,,335,37.97583056,-82.036938890,0,12,2,0,1,1,1,0,2,1,0,1,0,0000000,99,99,99,99,99,99,0,0,0,1,0
54,540231,1,1,0,0,0,1,1,39,64,23,9,2011,6,99,99,0,15,3,SR-214,,36,38.29790000,-81.755491670,0,42,0,0,1,1,4,0,2,8,0,8,0,0000000,88,88,88,88,88,88,0,0,0,1,1
54,540232,1,1,0,0,0,1,1,25,1457,24,9,2011,7,21,43,0,3,3,SR-20,,102,38.04507500,-80.722294440,0,41,0,0,1,1,4,0,3,10,0,10,0,0000000,99,99,99,99,99,99,0,0,0,1,1
54,540233,4,4,0,0,0,4,4,39,619,19,9,2011,2,1,15,1,11,1,I-64,,470,38.40923889,-81.793588890,0,12,1,0,1,1,1,0,2,1,0,1,0,0000000,1,22,1,31,1,57,0,0,0,1,0
54,540234,2,2,0,0,0,2,2,61,1840,20,9,2011,3,16,20,0,14,4,857,HEAVY HAUL RD,53,39.65179722,-79.911147220,0,12,6,0,2,3,1,0,1,1,0,1,0,0000000,99,99,99,99,88,88,0,0,0,1,0
54,540235,2,2,0,0,0,3,3,103,0,26,9,2011,2,7,59,1,13,3,SR-2,,71,39.61666944,-80.878611110,0,12,2,0,1,1,1,0,1,10,0,10,0,0000000,8,1,8,6,8,45,0,0,0,1,0
54,540236,1,1,0,0,0,2,2,37,1345,30,9,2011,6,10,40,0,4,4,1,,37,39.31676944,-77.972586110,0,30,0,0,1,1,4,0,1,1,0,1,0,0000000,10,49,11,13,11,24,0,0,0,1,0
54,540237,1,1,0,0,0,1,1,39,480,30,9,2011,6,0,3,0,15,4,22-WOODWARD DR,,25,38.38403056,-81.686766670,0,42,0,0,1,1,4,0,2,10,0,10,0,0000000,99,99,99,99,88,88,0,0,0,1,1
54,540238,1,1,0,0,0,1,1,61,1840,30,9,2011,6,19,55,0,4,4,73,,6,39.52957500,-80.044880560,0,1,0,0,1,1,1,0,2,2,0,2,0,0000000,99,99,99,99,99,99,0,0,0,1,1
54,540239,2,2,0,0,0,5,5,85,2080,1,10,2011,7,11,17,1,2,2,US-50,SR-74,183,39.27192222,-80.957886110,0,12,6,1,2,4,1,0,1,2,0,2,0,0000000,11,19,12,26,12,35,0,0,0,1,0
54,540240,2,2,0,0,0,8,8,33,540,2,10,2011,1,21,0,1,13,2,US-50,I-79,1190,39.27787222,-80.285361110,0,12,6,1,17,1,1,0,3,2,0,2,0,0000000,21,26,21,31,22,3,0,0,0,1,0
54,540241,2,2,0,0,0,3,3,83,810,4,10,2011,3,10,19,1,13,2,US-219,,389,38.94649167,-79.856425000,0,12,7,0,1,1,1,0,1,10,0,10,0,0000000,10,22,10,24,10,38,0,0,0,1,0
54,540242,1,1,0,0,0,1,1,51,390,5,10,2011,4,21,6,0,4,4,17,,136,39.86588333,-80.603994440,0,42,0,0,1,1,4,0,2,1,0,1,0,0000000,99,99,99,99,88,88,0,0,0,1,1
54,540243,1,1,0,0,0,1,1,29,0,5,10,2011,4,2,3,0,3,2,US-30,,17,40.61328611,-80.555344440,0,42,0,0,1,1,4,0,2,1,0,1,0,0000000,99,99,99,99,88,88,0,0,0,1,1
54,540244,2,2,0,0,0,2,2,99,2177,6,10,2011,5,8,45,1,2,2,US-52,CENTERVILLE RD,165,38.23241111,-82.598400000,0,12,6,0,2,2,1,0,4,5,0,5,0,0000000,99,99,99,99,88,88,0,0,0,1,0
54,540245,2,2,0,0,0,4,4,107,2040,7,10,2011,6,22,15,1,2,2,US-50,47/4,120,39.24587778,-81.474922220,0,12,6,0,2,2,1,0,2,1,0,1,0,0000000,22,20,22,31,23,6,0,0,0,1,0
54,540246,1,1,0,0,0,1,1,99,626,7,10,2011,6,21,40,0,5,4,52/31,,29,37.89721944,-82.405830560,0,43,0,0,1,1,5,0,2,1,0,1,0,0000000,99,99,99,99,88,88,0,0,0,1,0
54,540247,1,1,0,0,0,1,1,25,1887,8,10,2011,7,0,55,0,3,3,SR-92,,157,37.97376944,-80.116080560,0,42,0,0,1,1,5,0,2,5,0,5,0,0000000,99,99,99,99,88,88,0,0,0,1,0
54,540248,1,1,0,0,0,1,1,99,460,15,6,2011,4,11,50,0,6,6,JAMES RIVER RD,,0,38.39716389,-82.509966670,0,1,0,0,1,1,4,0,1,1,0,1,0,0000000,99,99,99,99,99,99,0,0,0,1,0
54,540249,1,1,0,0,0,2,2,53,0,8,10,2011,7,18,10,0,5,4,25,,79,38.62951389,-82.026736110,0,42,0,0,1,1,5,0,1,1,0,1,0,0000000,18,20,18,30,19,47,0,0,0,1,1
54,540250,2,2,0,0,0,3,3,39,183,7,10,2011,6,11,10,0,13,2,US-60,WARRIOR WAY,311,38.21092500,-81.509983330,0,12,6,0,2,2,1,0,1,1,0,1,0,0000000,99,99,99,99,99,99,0,0,0,1,0
54,540251,2,2,0,0,0,4,4,39,2370,8,10,2011,7,15,51,0,13,3,SR-817,1ST ST,3,38.40608056,-81.857905560,0,12,6,0,2,3,1,0,1,1,0,1,0,0000000,15,52,15,59,16,24,0,0,0,1,0
54,540252,3,3,0,0,0,3,3,81,648,10,10,2011,2,20,10,0,14,2,US-19,,140,37.74013889,-81.115636110,0,12,2,0,1,1,1,0,2,1,0,1,0,0000000,99,99,99,99,99,99,0,0,0,1,1
54,540253,1,1,0,0,0,1,1,85,0,12,10,2011,4,9,20,0,6,4,28,,58,39.09306389,-81.025675000,0,38,0,0,1,1,5,0,1,2,0,2,0,0000000,9,21,9,54,12,10,0,0,0,1,0
54,540254,1,1,0,0,0,4,4,59,0,13,10,2011,5,3,50,1,2,2,US-119,,171,37.76847778,-82.286519440,0,35,0,0,1,1,3,0,2,1,0,1,0,0000000,99,99,99,99,99,99,0,0,0,1,1
54,540255,1,1,0,0,0,1,1,83,1130,13,10,2011,5,11,0,0,3,2,US-33,,342,38.90873056,-79.500572220,0,35,0,0,1,1,4,0,1,10,0,10,0,0000000,99,99,99,99,88,88,0,0,0,1,0
54,540256,1,1,0,0,0,1,1,93,0,2,9,2011,6,22,5,0,3,3,SR-32,,84,38.99068056,-79.468141670,0,35,0,0,1,1,4,0,2,10,0,10,0,0000000,22,22,22,38,23,33,0,0,0,1,1
54,540257,3,1,2,0,0,1,1,99,1350,10,9,2011,7,12,56,0,6,5,SYCAMORE ST,,0,38.39840000,-82.581836110,0,14,0,0,1,1,2,0,1,1,0,1,0,0000000,99,99,99,99,99,99,0,0,0,1,0
54,540258,1,1,0,0,0,2,2,55,110,14,9,2011,4,11,2,1,1,1,I-77,,140,37.39244167,-81.059205560,0,24,0,0,1,1,3,0,1,1,0,1,0,0000000,11,5,11,16,12,0,0,0,0,1,0
54,540259,1,1,0,0,0,1,1,3,1660,14,9,2011,4,15,2,0,16,6,SO WATER ST,,0,39.45248889,-77.963055560,0,42,0,0,1,1,4,0,1,1,0,1,0,0000000,14,58,15,1,15,20,0,0,0,1,0
54,540260,3,2,1,0,0,5,5,109,1125,8,10,2011,7,18,13,1,2,2,US-52,,35,37.56725556,-81.795075000,0,12,2,0,1,1,1,0,1,1,0,1,0,0000000,99,99,99,99,99,99,0,0,0,2,0
54,540261,1,1,0,0,0,1,1,33,0,11,10,2011,3,21,13,1,2,2,US-50,,9,39.29863889,-80.579505560,0,1,0,0,1,1,3,0,2,10,0,10,0,0000000,99,99,99,99,99,99,0,0,0,1,0
54,540262,1,1,0,1,1,1,1,37,490,11,10,2011,3,6,2,1,2,2,US-340,WHEATLAND RD,34,39.23630556,-77.899711110,0,8,0,0,2,2,1,0,2,5,0,5,0,0000000,6,2,6,12,88,88,0,0,0,1,0
54,540263,1,1,0,0,0,1,1,43,2760,15,10,2011,7,0,3,0,4,3,SR-3,,8,38.28306111,-82.183611110,0,24,0,0,1,1,4,0,2,1,0,1,0,0000000,0,8,0,8,88,88,0,0,0,1,1
54,540264,2,2,0,0,0,3,3,51,1850,16,10,2011,1,14,1,1,13,2,US-250,,307,39.83853333,-80.560661110,0,12,2,0,1,1,1,0,1,1,0,1,0,0000000,99,99,99,99,99,99,0,0,0,1,0
54,540265,2,2,0,0,0,3,3,3,354,16,10,2011,1,15,5,0,14,2,US-11,HENSHAW RD,33,39.33705000,-78.052175000,0,54,11,0,2,3,1,0,1,1,0,1,0,0000000,99,99,99,99,88,88,14,0,0,1,0
54,540266,2,2,0,0,0,3,3,43,305,16,10,2011,1,13,1,0,6,4,50,,19,38.15443889,-82.251938890,0,12,2,0,1,1,1,0,1,1,0,1,0,0000000,13,1,13,18,14,26,0,0,0,1,0
54,540267,1,1,0,0,0,1,1,99,705,17,10,2011,2,12,30,0,6,4,35,,40,37.99111111,-82.377372220,0,1,0,0,1,1,4,0,1,1,0,1,0,0000000,99,99,99,99,88,88,0,0,0,1,0
54,540268,1,1,0,0,0,2,2,41,1311,18,10,2011,3,18,17,1,1,1,I-79,,1052,39.10685000,-80.392063890,0,59,0,0,1,1,2,0,1,1,0,1,0,0000000,18,29,18,37,18,45,0,0,0,1,1
54,540269,1,1,0,0,0,1,1,81,588,21,10,2011,6,16,14,0,4,2,US-19,,40,37.65482222,-81.095700000,0,42,0,0,1,1,4,0,1,1,0,1,0,0000000,99,99,99,99,99,99,0,0,0,1,0
54,540270,2,2,0,0,0,3,3,99,1270,22,10,2011,7,13,20,0,14,3,SR-75,,61,38.34989722,-82.496672220,0,12,2,0,1,1,1,0,1,1,0,1,0,0000000,99,99,99,99,99,99,0,0,0,1,0
54,540271,2,2,0,0,0,2,2,29,2730,27,10,2011,5,13,39,0,14,3,SR-105,,41,40.41966111,-80.582050000,0,12,8,0,1,1,1,0,1,10,0,10,0,0000000,99,99,99,99,99,99,0,0,0,1,1
54,540272,2,2,0,0,0,3,3,11,1760,29,10,2011,7,11,10,0,6,4,14,,31,38.49801667,-82.173869440,0,12,2,0,1,1,1,0,1,1,0,1,0,0000000,11,15,11,25,12,27,0,0,0,1,0
54,540273,1,1,0,0,0,1,1,55,1437,19,10,2011,4,18,40,0,6,4,6/03,,5,37.43470000,-81.205422220,0,30,0,0,1,1,4,0,2,2,0,2,0,0000000,18,51,19,22,19,37,0,0,0,1,1
54,540274,1,1,0,0,0,3,3,49,0,20,10,2011,5,23,0,0,6,4,11/04,,1,39.45992500,-80.341533330,0,38,0,0,1,1,5,0,2,1,0,1,0,0000000,99,99,99,99,99,99,0,0,0,1,1