STATE,ST_CASE,VE_TOTAL,VE_FORMS,PVH_INVL,PEDS,PERNOTMVIT,PERMVIT,PERSONS,COUNTY,CITY,DAY,MONTH,YEAR,DAY_WEEK,HOUR,MINUTE,NHS,ROAD_FNC,ROUTE,TWAY_ID,TWAY_ID2,MILEPT,LATITUDE,LONGITUD,SP_JUR,HARM_EV,MAN_COLL,RELJCT1,RELJCT2,TYP_INT,REL_ROAD,WRK_ZONE,LGT_COND,WEATHER1,WEATHER2,WEATHER,SCH_BUS,RAIL,NOT_HOUR,NOT_MIN,ARR_HOUR,ARR_MIN,HOSP_HR,HOSP_MN,CF1,CF2,CF3,FATALS,DRUNK_DR
54,540275,1,1,0,0,0,1,1,107,2686,25,10,2011,3,14,39,1,2,2,US-50,,160,39.25305556,-81.340986110,0,1,0,0,1,1,3,0,1,1,0,1,0,0000000,14,40,14,44,88,88,0,0,0,1,1
54,540276,1,1,0,0,0,3,3,107,665,1,11,2011,3,15,30,0,6,4,26/02,,20,39.21581944,-81.426116670,0,32,0,0,1,1,5,0,1,1,0,1,0,0000000,16,23,16,42,17,48,0,0,0,1,0
54,540277,1,1,0,1,1,1,1,39,2370,3,11,2011,5,22,33,0,14,4,60/23,,2,38.38602778,-81.840286110,0,8,0,0,1,1,1,0,3,10,0,10,0,0000000,99,99,99,99,99,99,0,0,0,1,1
54,540278,2,2,0,0,0,3,3,83,240,6,11,2011,1,12,28,1,2,2,US-219,,347,38.80573611,-79.885600000,0,54,11,0,1,1,1,0,1,1,0,1,0,0000000,99,99,99,99,88,88,14,0,0,1,0
54,540279,2,2,0,0,0,6,6,3,1660,8,11,2011,3,15,20,0,4,3,SR-45,,131,39.44075000,-77.974502780,0,12,6,0,4,1,1,0,1,1,0,1,0,0000000,15,27,15,35,16,20,0,0,0,1,1
54,540280,1,1,0,1,1,1,1,79,2402,9,11,2011,4,20,4,0,14,4,33,,23,38.44863333,-81.906691670,0,8,0,0,1,1,1,0,2,2,0,2,0,0000000,20,8,20,17,20,26,0,0,0,1,0
54,540281,3,3,0,0,0,4,4,19,890,8,11,2011,3,11,17,1,13,2,US-19,SR-16,142,38.05740278,-81.105058330,0,12,6,0,2,2,1,0,1,1,0,1,0,0000000,11,19,11,21,12,5,0,0,0,1,0
54,540282,1,1,0,0,0,1,1,23,366,12,11,2011,7,14,51,0,3,3,SR-28,,83,38.96084444,-79.289947220,0,42,0,0,1,1,5,0,1,10,0,10,0,0000000,99,99,99,99,99,99,0,0,0,1,0
54,540283,2,2,0,0,0,4,4,3,1660,12,11,2011,7,19,46,1,11,1,I-81,,152,39.48900000,-77.972900000,0,12,7,0,1,1,1,0,2,1,0,1,0,0000000,19,50,20,12,20,40,0,0,0,1,0
54,540284,1,1,0,0,0,5,5,39,2439,16,11,2011,4,1,20,1,1,1,I-77,,1065,38.41182500,-81.628097220,0,1,0,0,1,1,3,0,2,5,0,5,0,0000000,1,25,1,33,2,10,0,0,0,2,0
54,540285,1,1,0,0,0,1,1,39,2480,17,11,2011,5,20,19,0,16,4,20,,23,38.33632500,-81.702244440,0,35,0,0,1,1,4,0,2,1,0,1,0,0000000,20,23,20,29,20,46,0,0,0,1,1
54,540286,2,1,1,0,1,2,3,55,1351,17,11,2011,5,7,27,1,2,2,US-460,,221,37.35583056,-80.898458330,0,14,0,0,1,1,2,0,4,10,0,10,0,0000000,7,31,7,49,8,25,0,0,0,1,0
54,540287,2,2,0,0,0,4,4,11,1270,18,11,2011,6,21,0,0,13,3,SR-2,,15,38.43081111,-82.371977780,0,12,2,0,1,1,1,0,2,10,0,10,0,0000000,21,3,21,3,21,46,0,0,0,2,1
54,540288,1,1,0,0,0,1,1,1,2110,20,7,2011,4,19,49,0,4,4,30/7,,10,39.09269167,-80.020883330,0,35,0,0,1,1,4,0,1,1,0,1,0,0000000,99,99,99,99,88,88,0,0,0,1,1
54,540289,1,1,0,0,0,1,1,49,0,4,8,2011,5,14,5,0,3,2,US-250,,212,39.40672778,-80.167038890,0,31,0,0,1,1,4,0,1,1,0,1,0,0000000,99,99,99,99,99,99,0,0,0,1,0
54,540290,2,2,0,1,1,4,4,23,2090,13,10,2011,5,21,3,0,4,2,US-220,,76,38.99950556,-79.089619440,0,8,0,0,1,1,1,0,3,2,0,2,0,0000000,21,5,99,99,99,99,0,0,0,1,0
54,540291,1,1,0,0,0,5,5,103,1930,8,11,2011,3,1,52,0,4,4,3,,25,39.63473611,-80.817155560,0,43,0,0,1,1,5,0,2,1,0,1,0,0000000,2,18,2,37,3,3,0,0,0,1,1
54,540292,1,1,0,0,0,1,1,43,1162,19,11,2011,7,13,43,0,6,4,68/01,,25,38.00943889,-82.181669440,0,53,0,0,1,1,4,0,1,1,0,1,0,0000000,13,29,13,42,88,88,0,0,0,1,0
54,540293,1,1,0,0,0,3,3,25,2275,19,11,2011,7,21,0,1,2,2,US-219,,249,37.97453611,-80.385683330,0,35,0,0,1,1,4,0,2,1,0,1,0,0000000,99,99,99,99,99,99,0,0,0,1,0
54,540294,2,2,0,0,0,3,3,55,260,20,11,2011,1,9,54,0,4,3,SR-123,VICTORY LN,59,37.28245833,-81.277163890,0,12,2,0,2,3,1,0,1,1,0,1,0,0000000,10,0,10,6,10,59,0,0,0,1,0
54,540295,2,2,0,0,0,7,7,11,1270,20,11,2011,1,15,51,1,12,2,US-52,,9,38.41619444,-82.486269440,0,12,2,0,1,1,1,0,1,2,0,2,0,0000000,15,56,15,57,16,32,0,0,0,1,0
54,540296,1,1,0,0,0,1,1,39,560,21,11,2011,2,13,55,0,4,3,SR-4,LITTLE BLUE CREEK DR,79,38.49272778,-81.250177780,0,32,0,0,2,3,5,0,1,2,0,2,0,0000000,99,99,99,99,88,88,0,0,0,1,0
54,540297,1,1,0,0,0,2,2,41,0,23,11,2011,4,13,52,1,1,1,I-79,,975,39.01359722,-80.453300000,0,1,0,0,1,1,1,0,1,10,0,10,0,0000000,14,9,14,14,14,23,0,0,0,1,1
54,540298,1,1,0,1,1,1,1,107,2040,23,11,2011,4,23,13,0,13,3,SR-68,,203,39.29146944,-81.526805560,0,8,0,0,1,1,1,0,3,1,0,1,0,0000000,23,15,23,20,23,39,0,0,0,1,0
54,540299,1,1,0,0,0,2,2,49,0,24,11,2011,5,21,37,0,6,4,36,,23,39.49129444,-80.416383330,0,1,0,0,1,1,5,0,2,5,0,5,0,0000000,21,40,21,52,88,88,0,0,0,2,1
54,540300,2,2,0,0,0,3,3,61,1840,24,11,2011,5,20,6,1,2,2,US-119,,200,39.71091389,-79.910016670,0,12,6,0,1,1,1,0,3,1,0,1,0,0000000,20,6,20,25,20,40,0,0,0,1,0
54,540301,2,2,0,0,0,3,3,39,2370,27,11,2011,1,14,29,0,13,2,US-60,ALAMEDA ST,61,38.38111944,-81.794158330,0,12,6,0,2,3,1,0,1,2,0,2,0,0000000,99,99,99,99,99,99,0,0,0,1,0
54,540302,1,1,0,0,0,2,2,5,1098,28,11,2011,2,18,18,0,4,3,SR-17,,47,38.01292500,-81.818663890,0,34,0,0,1,1,4,0,2,2,0,2,0,0000000,99,99,99,99,99,99,0,0,0,1,1
54,540303,2,2,0,0,0,5,5,107,1775,2,12,2011,6,19,2,1,11,1,I-77,,1690,39.18009167,-81.534008330,0,12,6,0,1,1,1,0,2,1,0,1,0,0000000,99,99,99,99,99,99,0,0,0,1,0
54,540304,1,1,0,0,0,2,2,35,2310,2,12,2011,6,21,15,1,1,1,I-77,,1365,38.79721944,-81.732780560,0,24,0,0,1,1,3,0,3,1,0,1,0,0000000,99,99,99,99,99,99,0,0,0,1,1
54,540305,1,1,0,0,0,1,1,47,670,2,12,2011,6,13,20,0,4,4,CR-7,,68,37.47381944,-81.650041670,0,1,0,0,1,1,5,0,1,10,0,10,0,0000000,99,99,99,99,99,99,0,0,0,1,0
54,540306,1,1,0,0,0,1,1,99,725,3,12,2011,7,16,0,0,4,3,SR-37,,237,38.10971944,-82.328611110,0,35,0,0,1,1,4,0,7,10,0,10,0,0000000,88,88,88,88,88,88,0,0,0,1,1
54,540307,1,1,0,0,0,1,1,97,0,4,12,2011,1,23,5,0,5,4,10,,10,38.98588611,-80.081738890,0,42,0,0,1,1,5,0,2,1,0,1,0,0000000,99,99,99,99,99,99,0,0,0,1,0
54,540308,1,1,0,0,0,1,1,37,2420,4,12,2011,1,3,0,0,3,3,SR-480,,30,39.41250000,-77.845000000,0,30,0,0,1,1,4,0,2,1,0,1,0,0000000,99,99,99,99,88,88,0,0,0,1,1
54,540309,1,1,0,0,0,2,2,15,689,6,12,2011,3,11,42,0,4,4,15,,48,38.47878889,-80.999711110,0,42,0,0,1,1,4,0,1,2,0,2,0,0000000,99,99,99,99,88,88,0,0,0,2,0
54,540310,1,1,0,0,0,1,1,33,1520,6,12,2011,3,8,26,0,5,4,CR-48,,74,39.12268611,-80.256652780,0,38,0,0,1,1,4,0,1,2,0,2,0,0000000,8,30,8,48,9,35,0,0,0,1,0
54,540311,1,1,0,0,0,2,2,43,1110,6,12,2011,3,8,39,0,4,3,SR-34,,34,38.33721944,-82.057780560,0,42,0,0,1,1,4,0,1,2,0,2,0,0000000,8,41,9,2,88,88,0,0,0,2,0
54,540312,4,4,0,0,0,4,4,29,2730,1,12,2011,5,5,32,1,2,2,US-22,,2,40.39894167,-80.579433330,0,12,1,0,1,1,1,0,2,5,0,5,0,0000000,88,88,88,88,88,88,0,0,0,1,0
54,540313,2,2,0,0,0,2,2,83,1820,7,12,2011,4,14,50,1,2,2,US-219,,525,39.05903056,-79.812838890,0,12,2,0,1,1,1,0,1,4,0,4,0,0000000,15,11,15,29,88,88,0,0,0,1,0
54,540314,1,1,0,0,0,2,2,3,1660,13,12,2011,3,2,30,0,14,3,SR-45,,145,39.41315833,-78.058061110,0,35,0,0,1,1,4,0,2,1,0,1,0,0000000,99,99,99,99,99,99,0,0,0,1,0
54,540315,1,1,0,1,1,2,2,39,1250,14,12,2011,4,1,26,0,13,2,US-60,,402,38.21064444,-81.374583330,0,8,0,0,1,1,1,0,2,10,0,10,0,0000000,99,99,99,99,88,88,0,0,0,1,0
54,540316,2,2,0,0,0,3,3,11,130,15,12,2011,5,10,30,0,3,3,SR-10,,21,38.36348889,-82.321202780,0,12,2,0,1,1,1,0,1,2,0,2,0,0000000,10,34,10,47,11,29,0,0,0,1,0
54,540317,2,2,0,1,1,2,2,5,650,16,12,2011,6,19,3,1,2,2,US-119,BENTLEY RD,115,38.06997500,-81.844683330,0,8,0,0,2,4,1,0,2,10,0,10,0,0000000,99,99,99,99,88,88,0,0,0,1,0
54,540318,1,1,0,0,0,2,2,39,2854,18,12,2011,1,15,46,0,4,4,CR-83,,67,38.13350556,-81.390205560,0,35,0,0,1,1,4,0,1,1,0,1,0,0000000,15,47,16,5,88,88,0,0,0,1,1
54,540319,1,1,0,0,0,1,1,97,340,19,12,2011,2,10,32,1,2,2,US-33,,95,38.97779444,-80.076388890,0,24,0,0,1,1,3,0,1,1,0,1,0,0000000,99,99,99,99,88,88,0,0,0,1,0
54,540320,2,2,0,0,0,3,3,39,480,22,12,2011,5,13,0,0,14,4,CR-73,,39,38.31074444,-81.427513890,0,12,2,0,1,1,1,0,1,10,0,10,0,0000000,13,2,13,15,13,40,0,0,0,1,0
54,540321,2,2,0,0,0,2,2,9,930,29,12,2011,5,12,55,1,13,3,SR-2,,101,40.34626667,-80.606116670,0,12,2,0,1,1,1,0,1,1,0,1,0,0000000,88,88,88,88,88,88,0,0,0,1,0
54,540322,2,2,0,0,0,3,3,33,540,30,12,2011,6,20,45,1,13,2,US-50,SR-98,114,39.28352222,-80.399838890,0,12,6,0,2,2,1,0,2,10,0,10,0,0000000,99,99,99,99,99,99,0,0,0,2,0
54,540323,1,1,0,0,0,1,1,107,2040,19,11,2011,7,3,43,1,1,1,I-77,,1814,39.34061944,-81.456883330,0,24,0,0,1,1,4,0,2,1,0,1,0,0000000,3,53,3,59,99,99,0,0,0,1,1
55,550001,1,1,0,0,0,1,1,101,0,1,1,2011,7,3,21,0,15,5,DENOON RD,,0,42.84280000,-88.168191670,0,42,0,0,1,1,4,0,2,1,0,1,0,0000000,3,22,3,31,4,50,0,0,0,1,0
55,550002,3,3,0,0,0,3,3,79,3100,1,1,2011,7,7,23,1,11,1,I-94,,3102,43.03563056,-87.938197220,0,12,2,1,17,1,1,0,1,10,0,10,0,0000000,7,25,7,33,7,50,0,0,0,1,2
55,550003,1,1,0,1,1,1,1,101,0,1,1,2011,7,23,2,0,13,3,SR-11,,0,42.68101667,-88.234591670,0,8,0,0,8,1,1,0,2,10,0,10,0,0000000,23,4,23,12,88,88,0,0,0,1,0
55,550004,1,1,0,2,2,1,1,89,3002,2,1,2011,1,20,10,0,14,6,COUNTY LINE RD,MEQUON PL N,0,43.19248889,-87.969761110,0,8,0,0,3,3,2,0,2,10,0,10,0,0000000,99,99,99,99,88,88,0,0,0,2,0
55,550005,3,3,0,0,0,3,3,39,0,4,1,2011,3,14,45,0,3,3,SR-67,,0,43.60128611,-88.315722220,0,12,2,0,1,1,1,0,1,1,0,1,0,0000000,14,49,15,9,99,99,0,0,0,1,0
55,550006,1,1,0,0,0,1,1,105,0,1,1,2011,7,1,6,0,6,5,ST LAWRENCE AVE,,0,42.51114722,-89.096288890,0,42,0,0,1,1,4,0,2,10,0,10,0,0000000,1,6,1,18,99,99,0,0,0,1,1
55,550007,3,3,0,0,0,4,4,125,0,6,1,2011,5,10,38,0,2,2,US-45,,0,46.03808889,-89.259280560,0,12,6,0,1,1,1,0,1,4,0,4,0,0000000,10,40,10,49,11,32,0,0,0,1,0
55,550008,2,2,0,0,0,2,2,123,0,7,1,2011,6,14,45,1,2,2,US-14,SMITH RD,0,43.62522778,-90.875988890,0,12,6,0,2,2,1,0,1,4,0,4,0,0000000,14,45,14,55,88,88,0,0,0,1,0
55,550009,1,1,0,0,0,1,1,55,0,8,1,2011,7,1,40,0,3,2,US-18,,0,43.01423889,-88.681555560,0,34,0,0,1,1,4,0,2,1,0,1,0,0000000,1,48,1,59,3,2,0,0,0,1,1
55,550010,2,2,0,0,0,3,3,7,0,12,1,2011,4,7,52,1,2,2,US-63,,0,46.41253611,-91.050866670,0,12,1,0,1,1,1,0,1,4,0,4,0,0000000,7,53,99,99,99,99,0,0,0,1,0
55,550011,2,2,0,0,0,2,2,5,0,12,1,2011,4,11,10,0,4,4,P,D,0,45.33826944,-92.033319440,0,12,6,0,2,2,1,0,1,10,0,10,0,0000000,11,14,11,29,99,99,0,0,0,1,0
55,550012,1,1,0,0,0,1,1,135,0,24,1,2011,2,16,30,1,2,2,US-45,,0,44.58753333,-88.764211110,0,34,0,0,1,1,4,0,5,10,0,10,0,0000000,16,34,16,37,99,99,0,0,0,1,0
55,550013,2,2,0,0,0,2,2,39,0,11,1,2011,3,13,5,0,4,4,B,,0,43.68956667,-88.381361110,0,12,2,0,1,1,1,0,1,4,0,4,0,0000000,13,7,13,21,13,55,0,0,0,1,0
55,550014,1,1,0,1,1,2,2,69,0,12,1,2011,4,18,2,0,3,3,SR-64,,0,45.17736389,-89.490722220,0,8,0,0,8,1,1,0,2,4,0,4,0,0000000,18,4,18,15,88,88,0,0,0,1,0
55,550015,1,1,0,0,0,1,1,79,1796,15,1,2011,7,6,52,1,13,2,US-45,,0,42.87053889,-88.061813890,0,53,0,0,1,1,4,0,4,10,0,10,0,0000000,6,59,7,9,88,88,0,0,0,1,0
55,550016,1,1,0,0,0,2,2,111,0,17,1,2011,2,8,23,1,1,1,I-90,,911,43.57768611,-89.803105560,0,52,0,0,1,1,4,0,1,4,0,4,0,0000000,8,26,8,31,10,18,0,0,0,1,0
55,550017,1,1,0,0,0,1,1,75,0,15,1,2011,7,15,1,0,3,3,SR-180,,0,45.24430000,-87.719650000,0,30,0,0,1,1,4,0,1,11,0,11,0,0000000,15,4,15,19,88,88,0,0,0,1,0
55,550018,2,2,0,0,0,3,3,5,0,6,1,2011,5,17,30,1,2,2,US-53,V,0,45.61037500,-91.768197220,0,12,6,0,2,2,1,0,3,10,0,10,0,0000000,17,31,17,44,99,99,0,0,0,1,0
55,550019,1,1,0,0,0,1,1,109,4160,20,1,2011,5,23,6,0,3,2,US-12,,0,44.99261667,-92.546205560,0,34,0,0,1,1,4,0,3,1,0,1,0,0000000,23,6,23,17,23,35,0,0,0,1,1
55,550020,1,1,0,0,0,1,1,135,0,3,1,2011,2,12,20,0,3,3,SR-22,,0,44.36340833,-89.011144440,0,34,0,0,1,1,4,0,1,10,0,10,0,0000000,99,99,99,99,99,99,0,0,0,1,0
55,550021,1,1,0,0,0,4,4,65,0,21,1,2011,6,0,30,0,6,5,COUNTY LINE RD,,0,42.81366389,-89.990044440,0,23,0,0,1,1,4,0,2,1,0,1,0,0000000,0,38,0,56,99,99,0,0,0,2,1
55,550022,2,2,0,0,0,2,2,5,0,26,1,2011,4,10,25,1,2,2,US-8,,0,45.40833333,-91.565036110,0,12,2,0,1,1,1,0,1,10,0,10,0,0000000,10,30,10,39,88,88,0,0,0,1,0
55,550023,2,2,0,0,0,2,2,139,0,28,1,2011,6,3,0,1,12,2,US-10,,0,44.23347778,-88.399858330,0,12,1,0,1,1,1,0,2,10,0,10,0,0000000,88,88,88,88,88,88,0,0,0,1,1
55,550024,1,1,0,0,0,1,1,73,0,30,1,2011,1,2,45,0,5,5,28TH AVE N,,0,44.98374167,-89.671525000,0,42,0,0,1,1,4,0,2,10,0,10,0,0000000,2,55,3,3,88,88,0,0,0,1,1
55,550025,1,1,0,0,0,1,1,79,3100,31,1,2011,2,19,45,0,14,6,35TH ST,PARK HILL AVE W,0,43.03265000,-87.957755560,0,33,0,0,3,2,4,0,3,4,0,4,0,0000000,99,99,99,99,99,99,0,0,0,1,1
55,550026,3,3,0,0,0,8,8,95,0,15,1,2011,7,7,46,1,2,2,US-8,,0,45.39593333,-92.414161110,0,12,2,0,1,1,1,0,1,10,0,10,0,0000000,7,50,8,4,99,99,0,0,0,1,0
55,550027,2,2,0,0,0,2,2,131,0,31,1,2011,2,19,17,1,12,2,US-45,,0,43.32875278,-88.188027780,0,12,1,0,1,1,1,0,2,4,0,4,0,0000000,19,21,19,27,19,41,0,0,0,1,0
55,550028,2,2,0,0,0,3,3,59,3795,22,1,2011,7,16,50,1,13,3,SR-50,104TH AVE,0,42.56716389,-87.933786110,0,12,6,0,2,2,1,0,5,10,0,10,0,0000000,16,50,16,57,99,99,0,0,0,1,0
55,550029,1,1,0,1,1,1,1,139,2980,25,1,2011,3,9,44,0,16,6,MIDWAY RD,,0,44.22984167,-88.426486110,0,15,0,0,8,1,1,0,1,4,0,4,0,0000000,9,46,9,59,10,19,0,0,0,1,0
55,550030,2,2,0,0,0,3,3,87,0,22,1,2011,7,18,21,0,6,5,KIRSCHNER RD,REXFORD RD,0,44.41621944,-88.566777780,0,12,1,0,2,2,1,0,3,1,0,1,0,0000000,18,22,99,99,88,88,0,0,0,1,1
55,550031,1,1,0,1,1,1,1,9,2000,25,1,2011,3,17,38,0,14,2,US-141,,0,44.53005833,-88.025850000,0,15,0,0,1,1,1,0,3,10,0,10,0,0000000,17,38,17,45,18,5,0,0,0,1,1
55,550032,3,3,0,0,0,4,4,109,0,27,1,2011,5,17,13,1,2,2,US-63,O,0,45.13638889,-92.353263890,0,12,2,0,2,3,1,0,1,10,0,10,0,0000000,17,14,17,28,18,29,0,0,0,1,0
55,550033,2,2,0,0,0,3,3,63,0,29,1,2011,7,17,49,0,4,4,C,,0,44.02272500,-91.049452780,0,12,6,0,1,1,1,0,2,3,0,3,0,0000000,17,51,18,20,99,99,0,0,0,1,0
55,550034,1,1,0,1,1,1,1,9,0,27,1,2011,5,22,4,0,4,4,PP,,0,44.40895278,-88.056450000,0,8,0,0,1,1,1,0,3,10,0,10,0,0000000,22,5,22,10,22,24,0,0,0,1,0
55,550035,1,1,0,0,0,1,1,9,4705,29,1,2011,7,9,14,1,2,2,US-41/141,,0,44.66315833,-88.050527780,0,1,0,0,1,1,3,0,1,10,0,10,0,0000000,9,16,9,21,10,9,0,0,0,1,1
55,550036,2,2,0,0,0,2,2,61,0,31,1,2011,2,17,41,0,3,3,SR-54,,0,44.54535556,-87.730058330,0,24,0,0,1,1,4,0,2,4,0,4,0,0000000,17,41,17,49,18,25,0,0,0,1,0
55,550037,2,2,0,0,0,2,2,133,1305,22,1,2011,7,10,38,0,15,6,HILLSIDE DR,,0,43.04982222,-88.362908330,0,12,6,0,1,1,1,0,1,1,0,1,0,0000000,10,38,10,48,11,37,0,0,0,1,0
55,550038,2,2,0,0,0,2,2,133,2990,21,1,2011,6,13,33,0,13,4,Q,Y,0,43.19213056,-88.162108330,0,12,2,0,2,2,1,0,1,1,0,1,0,0000000,13,34,13,42,14,16,0,0,0,1,0
55,550039,2,2,0,0,0,3,3,73,0,1,2,2011,3,7,51,1,12,2,US-51,,0,44.92761944,-89.662127780,0,12,6,0,1,1,1,0,1,10,0,10,0,0000000,7,53,8,5,8,45,0,0,0,1,0
55,550040,2,2,0,0,0,6,6,115,0,2,2,2011,4,11,20,1,2,3,SR-29,KILLDEER RD,0,44.82830000,-89.193536110,0,12,6,0,2,2,1,0,1,1,0,1,0,0000000,11,25,11,35,99,99,0,0,0,2,0
55,550041,2,2,0,0,0,2,2,7,0,4,2,2011,6,17,13,0,5,5,AIRPORT RD,TRI COUNTY CORRIDOR,0,46.56830278,-91.449336110,0,12,6,0,2,2,1,0,1,4,0,4,0,0000000,17,17,99,99,88,88,0,0,0,1,1
55,550042,1,1,0,0,0,1,1,127,1460,7,2,2011,2,22,17,1,11,1,I-43,,357,42.76346111,-88.406811110,0,1,0,0,1,1,4,0,2,4,0,4,0,0000000,22,18,22,23,88,88,0,0,0,1,0
55,550043,2,2,0,0,0,2,2,39,0,9,2,2011,4,5,6,1,13,3,SR-23,,0,43.78485278,-88.504850000,0,12,8,0,1,1,1,0,2,10,0,10,0,0000000,5,9,99,99,99,99,0,0,0,1,0
55,550044,2,2,0,0,0,2,2,87,0,9,2,2011,4,16,50,0,2,3,SR-47,,0,44.51180833,-88.451013890,0,12,1,0,1,1,1,0,1,1,0,1,0,0000000,99,99,99,99,99,99,23,0,0,1,0
55,550045,2,2,0,0,0,2,2,19,3290,10,2,2011,5,13,46,0,2,2,US-10,,0,44.55267222,-90.578188890,0,12,6,0,1,1,1,0,1,1,0,1,0,0000000,13,49,13,55,14,1,0,0,0,1,0
55,550046,1,1,0,1,1,1,1,9,2000,16,2,2011,4,19,56,0,16,6,ELM ST,,0,44.51051944,-87.986127780,0,8,0,0,1,1,1,0,3,10,0,10,0,0000000,19,56,19,58,20,19,0,0,0,1,0
55,550047,2,2,0,0,0,3,3,19,0,17,2,2011,5,10,16,1,2,3,SR-29,P,0,44.94403889,-90.495694440,0,12,1,0,2,2,1,0,1,5,0,5,0,0000000,10,19,99,99,99,99,0,0,0,1,0
55,550048,1,1,0,0,0,1,1,101,0,19,2,2011,7,23,19,0,3,3,SR-83,,0,42.82008333,-88.290680560,0,42,0,0,1,1,4,0,2,1,0,1,0,0000000,23,21,23,35,88,88,1,0,0,1,0
55,550049,2,1,1,0,1,1,2,101,0,24,2,2011,5,18,8,1,1,1,I-94,,3359,42.68710556,-87.953111110,0,14,0,0,1,1,2,0,2,10,0,10,0,0000000,18,11,18,28,88,88,23,0,0,1,0
55,550050,1,1,0,1,1,1,1,25,2780,28,2,2011,2,16,33,0,13,3,SR-113,,0,43.12885556,-89.359102780,0,8,0,0,1,1,1,0,1,1,0,1,0,0000000,16,36,16,38,17,3,0,0,0,1,1
55,550051,2,2,0,0,0,2,2,57,2910,26,2,2011,7,14,36,0,2,3,SR-58,,0,43.80505000,-90.070038890,0,12,6,0,8,1,1,0,1,4,0,4,0,0000000,14,37,14,45,14,56,0,0,0,1,0
55,550052,2,2,0,0,0,2,2,101,0,19,2,2011,7,16,50,0,2,3,SR-20,,0,42.74146389,-88.128505560,0,54,11,0,1,1,1,0,1,1,0,1,1,0000000,16,50,17,0,88,88,14,0,0,1,0
55,550053,2,2,0,0,0,4,4,79,1796,19,2,2011,7,20,46,0,13,3,SR-241,DREXEL AVE W,0,42.90182500,-87.950450000,0,12,6,0,2,2,1,0,3,10,0,10,0,0000000,20,20,20,25,21,21,0,0,0,1,0
55,550054,1,1,0,0,0,3,3,105,0,27,2,2011,1,14,52,0,5,5,CREEK RD E,,0,42.61005278,-88.786444440,0,34,0,0,1,1,4,0,1,10,0,10,0,0000000,14,52,15,11,16,2,0,0,0,2,0
55,550055,1,1,0,1,1,2,2,139,0,19,2,2011,7,23,7,1,12,2,US-41,,0,43.94296111,-88.583150000,0,8,0,0,1,1,1,0,2,1,0,1,0,0000000,23,12,23,22,99,99,0,0,0,1,0
55,550056,1,1,0,1,1,1,1,79,3100,20,2,2011,1,1,50,0,14,6,CESAR E CHAVEZ DR S,WASHINGTON ST W,0,43.02013333,-87.933058330,0,8,0,0,2,2,1,0,3,10,0,10,0,0000000,99,99,99,99,99,99,0,0,0,1,0
55,550057,3,1,2,0,0,1,1,105,0,19,2,2011,7,20,57,0,4,4,M,,0,42.80375000,-89.091005560,0,53,0,0,1,1,4,0,2,10,0,10,0,0000000,20,58,21,9,21,37,0,0,0,1,1
55,550058,2,2,0,0,0,5,5,59,0,9,2,2011,4,12,54,1,13,3,SR-31,22ND ST,0,42.61960833,-87.877225000,0,12,6,0,2,2,1,0,1,1,0,1,0,0000000,13,0,13,3,13,30,0,0,0,1,0
55,550059,1,1,0,1,1,1,1,79,3100,3,3,2011,5,20,35,0,15,6,LOCUST ST W,,0,43.07139167,-87.933769440,0,8,0,0,1,1,1,0,3,10,0,10,0,0000000,99,99,99,99,99,99,0,0,0,1,0
55,550060,1,1,0,0,0,1,1,137,0,4,3,2011,6,13,28,0,5,4,O,,0,44.15616111,-89.337730560,0,1,0,0,1,1,4,0,1,10,0,10,0,0000000,13,28,99,99,88,88,0,0,0,1,0
55,550061,2,2,0,0,0,4,4,45,0,5,3,2011,7,18,24,1,2,3,SR-11,,0,42.58898333,-89.486047220,0,12,2,0,1,1,1,0,2,1,0,1,0,0000000,18,24,18,35,19,54,0,0,0,3,2
55,550062,2,2,0,0,0,5,5,27,0,12,3,2011,7,19,4,0,2,3,SR-33,P,0,43.43110833,-88.450327780,0,12,6,0,2,2,1,0,2,10,0,10,0,0000000,19,7,19,20,20,23,0,0,0,1,0
55,550063,2,2,0,0,0,2,2,25,0,17,3,2011,5,12,30,0,3,3,SR-73,A,0,42.93487222,-89.064961110,0,12,6,0,2,2,1,0,1,10,0,10,0,0000000,12,34,12,49,88,88,0,0,0,1,0
55,550064,2,2,0,0,0,2,2,101,3970,17,3,2011,5,21,33,1,13,3,SR-31,CASTLE COURT,0,42.70863889,-87.849916670,0,12,6,0,2,3,1,0,3,1,0,1,0,0000000,21,27,21,30,22,4,0,0,0,1,0
55,550065,1,1,0,1,1,1,1,109,0,18,3,2011,6,3,15,0,4,4,G,,0,45.06127500,-92.243572220,0,8,0,0,1,1,1,0,2,10,0,10,0,0000000,4,7,4,22,88,88,0,0,0,1,1
55,550066,1,1,0,0,0,2,2,101,0,18,3,2011,6,4,3,0,3,3,SR-83,,0,42.82074444,-88.292313890,0,42,0,0,1,1,4,0,2,10,0,10,0,0000000,4,4,4,19,4,58,0,0,0,1,1
55,550067,1,1,0,0,0,1,1,25,0,20,3,2011,1,3,30,1,2,2,US-12,,0,43.03087778,-89.149975000,0,42,0,0,1,1,4,0,2,1,0,1,0,0000000,4,5,99,99,88,88,0,0,0,1,1
55,550068,2,2,0,0,0,2,2,131,0,19,3,2011,7,1,30,0,13,2,US-45,,0,43.46708333,-88.206877780,0,12,1,0,1,1,1,0,2,1,0,1,0,0000000,1,31,1,42,2,10,0,0,0,1,1