STATE,ST_CASE,VE_TOTAL,VE_FORMS,PVH_INVL,PEDS,PERNOTMVIT,PERMVIT,PERSONS,COUNTY,CITY,DAY,MONTH,YEAR,DAY_WEEK,HOUR,MINUTE,NHS,ROAD_FNC,ROUTE,TWAY_ID,TWAY_ID2,MILEPT,LATITUDE,LONGITUD,SP_JUR,HARM_EV,MAN_COLL,RELJCT1,RELJCT2,TYP_INT,REL_ROAD,WRK_ZONE,LGT_COND,WEATHER1,WEATHER2,WEATHER,SCH_BUS,RAIL,NOT_HOUR,NOT_MIN,ARR_HOUR,ARR_MIN,HOSP_HR,HOSP_MN,CF1,CF2,CF3,FATALS,DRUNK_DR
55,550069,1,1,0,0,0,1,1,117,0,19,3,2011,7,14,46,0,3,3,SR-67,,0,43.86207222,-88.020358330,0,24,0,0,1,1,4,0,1,1,0,1,0,0000000,14,47,14,55,15,52,0,0,0,1,0
55,550070,1,1,0,0,0,1,1,97,0,22,3,2011,3,99,99,0,5,4,WW,,0,44.35911389,-89.662791670,0,42,0,0,1,1,4,0,9,99,0,99,0,0000000,88,88,88,88,88,88,18,0,0,1,0
55,550071,2,2,0,0,0,2,2,63,2490,30,3,2011,4,13,31,1,13,2,US-14,,0,43.76711111,-91.211758330,0,12,6,0,8,1,1,0,1,1,0,1,0,0000000,13,32,13,37,14,3,0,0,0,1,0
55,550072,1,1,0,0,0,1,1,47,460,27,3,2011,1,6,58,0,13,3,SR-49,,0,43.95436389,-88.944841670,0,42,0,0,1,1,4,0,4,1,0,1,0,0000000,99,99,99,99,99,99,0,0,0,1,0
55,550073,2,1,1,0,0,1,1,93,0,5,2,2011,7,13,12,0,6,5,740TH ST,,0,44.77292500,-92.502255560,0,48,0,0,8,1,4,0,1,1,0,1,0,0000000,99,99,99,99,99,99,0,0,0,1,0
55,550074,1,1,0,0,0,1,1,85,0,9,2,2011,4,8,49,0,6,5,OLD MILITARY RD,,0,45.86353611,-89.071461110,0,48,0,0,1,1,4,0,1,1,0,1,0,0000000,99,99,99,99,88,88,0,0,0,1,1
55,550075,1,1,0,0,0,1,1,95,3070,13,1,2011,5,23,32,0,16,8,MAIN ST W ALLEY,MILLTOWN AVE S,0,45.52628889,-92.504694440,0,48,0,0,3,3,4,0,6,4,0,4,0,0000000,99,99,99,99,99,99,0,0,0,1,1
55,550076,1,1,0,0,0,4,4,105,440,8,3,2011,3,0,48,0,14,6,MANCHESTER RD,,0,42.49628889,-89.015108330,0,53,0,0,1,1,4,0,2,10,0,10,0,0000000,0,48,0,55,99,99,0,0,0,3,0
55,550077,1,1,0,2,2,4,4,25,1200,4,3,2011,6,18,54,1,2,2,US-14,WATER ST,0,43.11443056,-89.658886110,0,8,0,0,2,3,1,0,3,2,0,2,0,0000000,18,57,19,9,19,48,0,0,0,1,0
55,550078,2,2,0,0,0,4,4,25,0,9,3,2011,4,9,30,0,3,3,SR-19,,0,43.17142222,-89.131488890,0,12,2,0,1,1,1,0,1,10,0,10,0,0000000,9,33,9,47,11,2,0,0,0,1,0
55,550079,2,2,0,3,3,5,5,79,3100,11,3,2011,6,1,55,0,14,6,LINCOLN AVE W,33RD ST S,0,43.00309444,-87.955491670,0,8,0,0,2,2,1,0,3,1,0,1,0,0000000,99,99,99,99,99,99,19,0,0,1,1
55,550080,1,1,0,0,0,2,2,77,0,22,3,2011,3,12,43,1,1,1,I-39,,1010,43.70428611,-89.471777780,0,35,0,0,1,1,4,0,1,3,0,3,0,0000000,12,43,13,12,13,29,0,0,0,1,0
55,550081,1,1,0,0,0,1,1,123,0,22,3,2011,3,21,55,0,3,3,SR-27,,0,43.43573611,-90.947786110,0,34,0,0,1,1,4,0,2,3,0,3,0,0000000,99,99,99,99,88,88,0,0,0,1,0
55,550082,2,2,0,0,0,3,3,25,0,24,3,2011,5,12,51,0,3,3,SR-73,A,0,42.93453333,-89.064811110,0,12,6,0,2,2,1,0,1,10,0,10,0,0000000,12,51,13,8,88,88,0,0,0,2,0
55,550083,1,1,0,1,1,1,1,59,2400,25,3,2011,6,16,32,0,14,6,22ND AVE,,0,42.62205556,-87.835880560,0,8,0,0,1,1,1,0,1,4,0,4,0,0000000,16,33,16,37,17,5,0,0,0,1,0
55,550084,3,2,1,0,0,4,4,79,3100,31,3,2011,5,18,17,0,16,6,6TH ST N,CENTER ST W,0,43.06757778,-87.918408330,0,12,6,0,2,2,1,0,1,1,0,1,0,0000000,99,99,99,99,99,99,20,0,0,1,0
55,550085,2,2,0,0,0,2,2,95,9997,1,4,2011,6,10,59,1,2,2,US-8,GLACIER DR,0,45.39731944,-92.605905560,0,12,6,0,2,2,1,0,1,10,0,10,0,0000000,11,2,11,5,11,25,0,0,0,1,0
55,550086,2,2,0,0,0,3,3,135,0,1,4,2011,6,13,7,0,15,4,E,CRYSTAL RD,0,44.33006389,-89.052000000,0,12,6,0,2,2,1,0,1,10,0,10,0,0000000,13,11,13,15,13,37,0,0,0,1,1
55,550087,1,1,0,0,0,1,1,137,0,2,4,2011,7,2,45,0,6,5,CUMBERLAND RD,,0,44.01485556,-89.467591670,0,30,0,0,1,1,4,0,2,2,0,2,0,0000000,4,11,4,26,88,88,0,0,0,1,0
55,550088,2,2,0,0,0,3,3,27,380,3,4,2011,1,11,42,1,12,2,US-151,,0,43.46351111,-88.815277780,0,57,0,0,1,1,3,0,1,10,0,10,0,0000000,11,44,11,50,12,37,0,0,0,1,0
55,550089,1,1,0,0,0,1,1,25,2780,4,4,2011,2,11,23,0,13,6,MIDVALE BLVD S,,0,43.06206389,-89.451058330,0,42,0,0,1,1,4,0,1,10,0,10,0,0000000,11,25,11,27,88,88,20,0,0,1,0
55,550090,2,2,0,0,0,2,2,135,0,4,4,2011,2,21,50,0,3,3,SR-22,,0,44.25912500,-89.098819440,0,12,2,0,1,1,1,0,2,10,0,10,0,0000000,99,99,99,99,88,88,0,0,0,1,1
55,550091,1,1,0,0,0,1,1,17,0,4,4,2011,2,23,7,0,4,4,CC,,0,45.17595556,-91.179313890,0,1,0,0,1,1,4,0,2,1,0,1,0,0000000,23,9,23,18,99,99,0,0,0,1,1
55,550092,1,1,0,0,0,2,2,89,0,9,4,2011,7,2,5,1,11,1,I-43,,1011,43.41427500,-87.865950000,0,1,0,0,1,1,3,0,2,10,0,10,0,0000000,2,7,2,19,3,10,0,0,0,1,1
55,550093,1,1,0,0,0,1,1,79,3100,9,4,2011,7,15,37,0,13,6,SILVER SPRING DR W,,0,43.11963889,-88.012730560,0,33,0,0,1,1,4,0,1,1,0,1,0,0000000,99,99,99,99,88,88,0,0,0,1,0
55,550094,2,1,1,0,1,1,2,35,0,9,4,2011,7,16,19,1,1,1,I-94,,745,44.72986111,-91.364108330,0,14,0,0,1,1,2,0,1,10,0,10,0,0000000,99,99,99,99,88,88,0,0,0,1,0
55,550095,2,2,0,0,0,2,2,127,0,9,4,2011,7,16,45,0,6,5,C,,0,42.63078611,-88.774950000,0,23,0,0,1,1,4,0,1,1,0,1,0,0000000,16,50,16,54,88,88,6,0,0,1,1
55,550096,1,1,0,0,0,2,2,63,0,9,4,2011,7,19,46,0,4,4,M,,0,43.93413889,-91.118686110,0,24,0,0,1,1,4,0,5,10,0,10,0,0000000,99,99,99,99,99,99,0,0,0,1,0
55,550097,1,1,0,0,0,1,1,127,1550,10,4,2011,1,18,46,0,13,3,SR-67,,0,42.69682778,-88.542025000,0,1,0,1,19,1,3,0,1,1,0,1,0,0000000,18,46,18,54,88,88,0,0,0,1,1
55,550098,1,1,0,0,0,2,2,25,0,14,4,2011,5,23,30,0,5,5,FITCHRONA RD,LACY RD,0,42.99942222,-89.484447220,0,42,0,0,3,3,4,0,2,1,0,1,0,0000000,1,9,1,14,99,99,0,0,0,1,1
55,550099,2,2,0,0,0,4,4,97,4620,4,4,2011,2,17,42,1,13,3,SR-66,,0,44.52342222,-89.534302780,0,12,1,0,1,1,1,0,1,1,0,1,0,0000000,16,18,16,24,16,57,0,0,0,1,0
55,550100,1,1,0,0,0,2,2,95,0,16,4,2011,7,20,37,0,3,3,SR-65,,0,45.27313611,-92.504969440,0,1,0,0,1,1,4,0,2,10,0,10,0,0000000,20,41,20,55,88,88,0,0,0,2,1
55,550101,1,1,0,0,0,1,1,59,0,14,4,2011,5,21,55,0,4,4,WG,,0,42.49576389,-88.025036110,0,42,0,0,1,1,4,0,2,1,0,1,0,0000000,21,55,22,5,22,27,0,0,0,1,0
55,550102,1,1,0,0,0,1,1,75,0,15,4,2011,6,23,6,0,4,4,W,,0,45.23204722,-88.033125000,0,30,0,0,1,1,4,0,2,2,0,2,0,0000000,23,7,23,17,0,3,0,0,0,1,1
55,550103,2,1,1,0,0,1,1,45,690,14,4,2011,5,3,51,0,6,5,14TH ST,,0,42.61633611,-89.375788890,0,14,0,0,1,1,4,0,3,10,0,10,0,0000000,3,56,4,0,88,88,0,0,0,1,1
55,550104,2,2,0,0,0,2,2,63,3560,11,4,2011,2,9,30,1,11,1,I-90,,48,43.87698333,-91.201027780,0,12,1,0,7,1,1,0,1,10,0,10,0,0000000,99,99,99,99,99,99,0,0,0,1,0
55,550105,3,3,0,0,0,3,3,87,0,12,4,2011,3,6,48,0,15,4,CE,,0,44.25817222,-88.239441670,0,12,8,0,1,1,1,0,1,1,0,1,0,0000000,6,52,6,58,88,88,0,0,0,1,0
55,550106,2,2,0,0,0,3,3,27,0,12,4,2011,3,15,19,0,4,4,A,B,0,43.48487500,-88.787383330,0,12,6,0,2,2,1,0,1,1,0,1,0,0000000,15,21,15,26,99,99,0,0,0,1,0
55,550107,1,1,0,0,0,1,1,21,0,14,4,2011,5,19,49,0,4,4,P,,0,43.54836111,-89.185466670,0,52,0,0,1,1,4,0,1,10,0,10,0,0000000,19,50,19,58,88,88,0,0,0,1,1
55,550108,1,1,0,0,0,1,1,91,0,18,4,2011,2,7,52,0,6,5,M,,0,44.67771667,-91.895700000,0,42,0,0,1,1,4,0,1,1,0,1,0,0000000,7,53,8,5,8,24,0,0,0,1,0
55,550109,4,2,2,1,3,2,4,131,0,19,4,2011,3,14,27,1,2,2,US-41,SR-33,0,43.42368889,-88.336258330,0,14,0,1,19,1,2,0,1,3,0,3,0,0000000,14,28,14,43,99,96,19,23,0,1,0
55,550110,2,2,0,0,0,4,4,23,1450,20,4,2011,4,15,30,0,3,3,SR-27,GRANZOW LN,0,43.17461111,-91.018188890,0,12,2,0,2,3,1,0,1,1,0,1,0,0000000,15,31,15,49,16,37,0,0,0,2,0
55,550111,2,2,0,0,0,6,6,101,0,22,4,2011,6,2,27,1,1,1,I-94,,3332,42.72857222,-87.954011110,0,12,1,0,1,1,1,0,2,2,0,2,0,0000000,2,31,2,56,3,23,19,0,0,1,0
55,550112,2,2,0,0,0,4,4,105,2320,24,4,2011,1,2,49,1,13,2,US-51,RACINE ST W,0,42.67419167,-89.031766670,0,12,6,0,2,2,1,0,3,10,0,10,0,0000000,2,49,2,54,3,27,0,0,0,2,1
55,550113,2,2,0,0,0,2,2,87,0,25,4,2011,2,15,50,0,4,3,SR-76,,0,44.40637778,-88.576583330,0,12,6,0,8,1,1,0,1,1,0,1,0,0000000,99,98,99,98,88,88,0,0,0,1,0
55,550114,4,2,2,0,0,3,3,79,3100,21,4,2011,5,2,10,0,16,6,ROGERS ST W,12TH ST S,0,43.00826389,-87.927044440,0,12,6,0,2,2,1,0,3,10,0,10,0,0000000,99,99,99,99,88,88,14,0,0,2,1
55,550115,1,1,0,0,0,1,1,59,0,27,4,2011,4,2,23,0,3,2,US-45,,0,42.51355000,-88.031302780,0,42,0,0,1,1,4,0,2,1,0,1,0,0000000,99,99,2,33,88,88,0,0,0,1,1
55,550116,1,1,0,0,0,2,2,127,0,27,4,2011,4,12,17,1,2,2,US-12,,0,42.65219722,-88.506738890,0,24,0,0,1,1,4,0,1,10,0,10,0,0000000,12,20,99,99,99,99,0,0,0,1,0
55,550117,2,2,0,0,0,3,3,135,2280,29,4,2011,6,15,50,0,4,3,SR-161,SR-49,0,44.50717222,-89.122897220,0,12,6,0,2,3,1,0,1,1,0,1,0,0000000,15,52,15,56,16,15,0,0,0,1,0
55,550118,2,2,0,0,0,3,3,9,0,1,4,2011,6,9,39,0,3,3,SR-54,,0,44.53818333,-87.813463890,0,12,2,0,1,1,1,0,1,10,0,10,0,0000000,9,39,9,45,10,27,0,0,0,2,1
55,550119,2,2,0,0,0,2,2,27,0,12,5,2011,5,15,44,0,4,4,A,CORDELIA ST,0,43.56307222,-88.893750000,0,12,2,0,3,2,2,0,1,10,0,10,0,0000000,15,45,15,52,99,99,0,0,0,1,0
55,550120,2,2,0,0,0,2,2,47,0,13,5,2011,6,5,24,0,4,4,A,THOMAS RD,0,43.79321667,-88.925572220,0,12,6,0,2,2,1,0,4,5,0,5,0,0000000,5,27,5,44,6,8,0,0,0,1,1
55,550121,2,2,0,0,0,2,2,117,0,14,5,2011,7,16,10,0,3,3,SR-28,,0,43.63213056,-88.058338890,0,12,2,0,1,1,1,0,1,2,0,2,0,0000000,16,15,16,26,88,88,0,0,0,1,1
55,550122,2,2,0,0,0,3,3,27,0,14,5,2011,7,18,10,0,13,3,SR-33,,0,43.49443333,-88.841994440,0,12,2,0,1,1,1,0,1,2,0,2,0,0000000,18,13,18,18,18,45,0,0,0,1,1
55,550123,2,2,0,0,0,2,2,21,0,17,5,2011,3,16,15,0,3,2,US-51,,0,43.31799722,-89.325413890,0,12,2,0,1,1,1,0,1,1,0,1,0,0000000,16,20,16,48,88,88,0,0,0,1,0
55,550124,1,1,0,0,0,2,2,127,0,17,5,2011,3,19,12,1,2,2,US-12,,0,42.62335000,-88.464875000,0,1,0,0,1,1,3,0,5,1,0,1,0,0000000,19,12,19,15,19,41,0,0,0,2,0
55,550125,1,1,0,1,1,1,1,105,1030,20,5,2011,6,7,37,0,6,5,ALLEN ST,FRONT ST,0,42.55361111,-88.862700000,0,8,0,0,3,2,1,0,1,1,0,1,1,0000000,7,39,7,47,8,16,0,0,0,1,0
55,550126,2,2,0,0,0,3,3,21,1120,20,5,2011,6,15,30,0,3,3,SR-16,SR-60,0,43.35042778,-89.038288890,0,12,6,0,2,2,1,0,1,1,0,1,0,0000000,15,37,15,46,16,4,0,0,0,1,1
55,550127,2,2,0,0,0,2,2,79,3100,21,5,2011,7,2,17,0,14,6,TEUTONIA AVE N,FLORIST AVE W,0,43.12653889,-87.951833330,0,12,1,0,2,2,1,0,3,1,0,1,0,0000000,99,99,99,99,99,99,0,0,0,1,0
55,550128,1,1,0,0,0,1,1,141,2880,6,5,2011,6,13,56,1,13,3,SR-13,,0,44.66427222,-90.166147220,0,33,0,0,1,1,3,0,1,10,0,10,0,0000000,13,56,13,59,14,19,0,0,0,1,0
55,550129,2,2,0,0,0,9,9,105,0,21,5,2011,7,9,47,1,2,3,SR-11,,0,42.67219722,-89.173966670,0,12,6,0,8,1,1,0,1,1,0,1,0,0000000,9,51,10,0,10,35,0,0,0,3,0
55,550130,2,2,0,0,0,3,3,31,0,7,5,2011,7,1,53,0,3,3,SR-35,,0,46.38823889,-92.164541670,0,12,2,0,1,1,1,0,2,1,0,1,0,0000000,1,53,2,5,99,99,0,0,0,2,1
55,550131,1,1,0,0,0,2,2,27,4040,21,5,2011,7,17,38,0,16,6,MAIN ST,,0,43.30397500,-88.845780560,0,10,0,0,6,1,1,0,1,1,0,1,0,390628S,99,99,99,99,88,88,0,0,0,2,1
55,550132,1,1,0,0,0,3,3,95,0,21,5,2011,7,23,48,1,2,2,US-8,,0,45.39692778,-92.530322220,0,42,0,0,1,1,4,0,2,10,0,10,0,0000000,23,51,23,58,99,99,0,0,0,2,1
55,550133,1,1,0,0,0,2,2,59,3795,22,5,2011,1,1,24,0,16,6,OLD GREEN BAY RD,,0,42.51445278,-87.888027780,0,59,0,0,1,1,4,0,2,5,0,5,0,0000000,1,30,1,36,2,1,0,0,0,1,1
55,550134,1,1,0,1,1,1,1,63,2490,23,5,2011,2,7,45,0,14,3,SR-35,KING ST,0,43.81001111,-91.239019440,0,8,0,0,3,2,1,0,1,10,0,10,0,0000000,99,99,99,99,99,99,0,0,0,1,0
55,550135,2,2,0,0,0,2,2,89,390,26,5,2011,5,16,42,0,4,4,MAIN ST,ROYAL AVE N,0,43.49952222,-87.834877780,0,12,6,0,2,2,1,0,1,1,0,1,0,0000000,16,43,16,48,99,99,0,0,0,1,1
55,550136,1,1,0,0,0,1,1,95,0,8,5,2011,1,22,23,0,3,3,SR-46,,0,45.24677222,-92.385783330,0,35,0,0,1,1,4,0,2,1,0,1,0,0000000,99,99,99,99,88,88,0,0,0,1,1
55,550137,1,1,0,0,0,1,1,133,708,4,5,2011,4,22,56,1,11,1,I-94,,3013,43.02434167,-88.104847220,0,33,0,1,5,1,1,4,3,10,0,10,0,0000000,22,57,99,99,99,99,0,0,0,1,1
55,550138,2,2,0,0,0,3,3,127,0,28,5,2011,7,20,55,0,3,3,SR-36,,0,42.66364444,-88.330227780,0,11,0,0,1,1,1,0,2,1,0,1,0,0000000,20,55,99,99,99,99,0,0,0,1,0
55,550139,2,2,0,0,0,4,4,79,3100,9,5,2011,2,15,43,0,14,3,SR-32,LINCOLN AVE,0,43.00293611,-87.904272220,0,12,6,0,2,2,1,0,1,2,0,2,0,0000000,99,99,99,99,88,88,0,0,0,1,0
55,550140,1,1,0,0,0,1,1,141,5400,5,5,2011,5,2,28,0,16,6,10TH ST S,,0,44.37775000,-89.814733330,0,19,0,0,1,1,5,0,3,1,0,1,0,0000000,2,28,2,30,88,88,0,0,0,1,1
55,550141,2,2,0,0,0,5,5,27,0,6,5,2011,6,12,34,0,6,5,POND RD,P,0,43.31100278,-88.459425000,0,12,6,0,2,2,1,0,1,10,0,10,0,0000000,12,36,12,47,99,99,0,0,0,1,0
55,550142,1,1,0,0,0,1,1,89,0,8,5,2011,1,14,23,0,6,5,RIVER RD,,0,43.47774444,-88.008555560,0,42,0,0,1,1,5,0,1,1,0,1,0,0000000,14,41,14,47,15,13,0,0,0,1,0
55,550143,1,1,0,4,4,0,0,87,170,29,5,2011,1,11,31,0,16,6,MARQUETTE ST W,,0,44.28204167,-88.412561110,0,8,0,0,1,1,4,0,1,10,0,10,0,0000000,11,31,11,35,12,0,0,0,0,1,0
55,550144,2,2,0,0,0,2,2,21,0,6,5,2011,6,6,35,0,3,2,US-51,,0,43.33331389,-89.362652780,0,12,1,0,1,1,1,0,1,1,0,1,1,0000000,6,35,6,43,99,99,0,0,0,1,0
55,550145,1,1,0,0,0,1,1,141,0,15,5,2011,1,6,5,1,2,2,US-10,,0,44.59798611,-90.192688890,0,53,0,0,1,1,4,0,1,1,0,1,0,0000000,6,30,99,99,88,88,0,0,0,1,1
55,550146,1,1,0,0,0,1,1,69,0,6,5,2011,6,20,54,0,4,4,D,,0,45.47090556,-89.678616670,0,1,0,0,1,1,4,0,2,1,0,1,0,0000000,20,55,21,4,21,30,0,0,0,1,1
55,550147,1,1,0,0,0,2,2,51,0,18,5,2011,4,18,37,0,5,4,C,,0,46.41167778,-90.196438890,0,1,0,0,1,1,1,0,1,1,0,1,0,0000000,18,38,99,99,99,99,0,0,0,1,0
55,550148,1,1,0,0,0,1,1,19,0,23,5,2011,2,3,31,0,4,4,X,,0,44.95922500,-90.836355560,0,32,0,0,1,1,4,0,2,2,0,2,0,0000000,3,34,3,41,88,88,0,0,0,1,1
55,550149,2,2,0,0,0,3,3,79,3100,20,5,2011,6,16,22,0,13,3,SR-59,25TH ST S,0,43.02237778,-87.944977780,0,12,6,0,2,2,1,0,1,1,0,1,0,0000000,99,99,99,99,99,99,0,0,0,1,0
55,550150,2,2,0,0,0,2,2,49,0,27,5,2011,6,17,54,1,2,2,US-18,,0,43.00951111,-89.937697220,0,12,1,0,1,1,1,0,1,10,0,10,0,0000000,17,56,18,1,88,88,0,0,0,1,0
55,550151,2,2,0,0,0,6,6,79,3100,28,5,2011,7,2,5,0,15,6,TOWNSEND ST W,35TH ST N,0,43.08117500,-87.957316670,0,12,6,0,2,2,1,0,3,2,0,2,0,0000000,99,99,99,99,99,99,0,0,0,1,2
55,550152,2,2,0,0,0,2,2,15,0,28,5,2011,7,13,55,0,5,4,T,TECUMSEH RD,0,43.96457222,-88.062113890,0,12,6,0,2,2,1,0,1,10,0,10,0,0000000,13,56,14,5,88,88,0,0,0,1,0
55,550153,2,2,0,0,0,3,3,121,0,29,5,2011,1,14,23,0,4,3,SR-95,,0,44.19372500,-91.433550000,0,12,8,0,1,1,1,0,1,10,0,10,0,0000000,14,24,14,31,99,99,0,0,0,1,0
55,550154,1,1,0,0,0,1,1,75,0,27,5,2011,6,0,13,0,6,5,LUBKA RD,,0,45.38989167,-87.906247220,0,34,0,0,1,1,4,0,2,1,0,1,0,0000000,0,15,0,27,88,88,0,0,0,1,1
55,550155,2,2,0,0,0,4,4,131,0,22,5,2011,1,11,34,1,13,3,SR-33,SR-144,0,43.42780278,-88.261586110,0,12,6,0,2,2,1,0,1,1,0,1,0,0000000,11,35,11,44,12,14,0,0,0,2,0
55,550156,1,1,0,0,0,3,3,63,0,21,5,2011,7,16,57,0,4,4,T,,0,44.02999167,-91.135969440,0,34,0,0,1,1,4,0,1,10,0,10,0,0000000,16,57,17,13,88,88,20,0,0,3,1
55,550157,1,1,0,0,0,2,2,115,0,30,5,2011,2,99,99,0,3,3,SR-22,,0,44.74121667,-88.639541670,0,1,0,0,1,1,4,0,2,10,0,10,0,0000000,4,58,5,6,88,88,18,0,0,2,1
55,550158,2,2,0,0,0,3,3,63,3560,14,5,2011,7,10,42,0,14,3,SR-35,,0,43.89198611,-91.238666670,0,12,6,0,1,1,1,0,1,10,0,10,0,0000000,10,42,10,50,11,43,0,0,0,1,0
55,550159,2,2,0,0,0,3,3,85,0,12,5,2011,5,7,36,1,2,2,US-8,,0,45.56839167,-89.631894440,0,12,2,0,1,1,1,0,1,5,0,5,0,0000000,7,36,7,53,99,99,0,0,0,1,0
55,550160,2,1,1,0,0,4,4,25,2780,29,5,2011,1,23,45,0,16,6,COOLIDGE ST,,0,43.10919167,-89.352236110,0,14,0,0,1,1,4,0,2,10,0,10,0,0000000,23,47,23,54,0,39,0,0,0,1,1
55,550161,2,1,1,0,0,2,2,33,0,1,6,2011,4,12,56,1,1,1,I-94,,500,44.90190833,-91.772833330,0,14,0,0,1,1,2,0,1,1,0,1,0,0000000,12,57,13,12,99,99,0,0,0,1,0
55,550162,2,2,0,0,0,3,3,25,4720,1,6,2011,4,18,39,0,3,4,N,T,0,43.14259722,-89.207525000,0,12,6,0,2,2,1,0,1,1,0,1,0,0000000,18,40,99,99,99,99,0,0,0,1,0
55,550163,1,1,0,0,0,1,1,137,4010,1,6,2011,4,22,20,0,4,4,EE,,0,44.05189167,-89.103294440,0,42,0,0,1,1,5,0,2,1,0,1,0,0000000,22,26,22,30,88,88,0,0,0,1,1
55,550164,1,1,0,0,0,1,1,13,0,4,6,2011,7,14,0,0,6,5,OELTJEN RD,,0,45.65763889,-92.694955560,0,35,0,0,1,1,4,0,1,1,0,1,0,0000000,14,2,14,22,99,99,0,0,0,1,0
55,550165,1,1,0,0,0,1,1,21,0,5,6,2011,1,22,47,0,16,6,CURRIE RD,,0,43.58467222,-89.452175000,0,30,0,0,1,1,4,0,2,1,0,1,0,0000000,22,47,23,3,88,88,0,0,0,1,0
55,550166,1,1,0,0,0,1,1,9,2211,5,6,2011,1,19,27,0,14,4,HS VELP AVE,EB WOODALE AVE,0,44.57286944,-88.078111110,0,33,0,0,2,6,4,0,1,1,0,1,0,0000000,19,28,19,31,19,53,0,0,0,1,1
55,550167,2,2,0,0,0,2,2,35,0,6,6,2011,2,11,15,1,1,1,I-94,RYDER RD OVERPASS,853,44.61173333,-91.237377780,0,12,1,0,1,1,1,0,1,1,0,1,0,0000000,11,17,11,38,88,88,0,0,0,1,0
55,550168,2,2,0,0,0,2,2,55,0,5,6,2011,1,12,59,1,2,2,US-12,,0,42.95422500,-88.883086110,0,12,1,0,8,1,1,0,1,1,0,1,0,0000000,13,1,13,2,99,99,0,0,0,1,0
55,550169,3,3,0,0,0,3,3,73,5110,6,6,2011,2,10,2,1,12,2,US-51,BRIDGE ST W OVERPASS,0,44.96973889,-89.656044440,0,12,1,1,19,1,2,0,1,10,2,2,0,0000000,10,4,10,10,10,23,0,0,0,1,0
55,550170,4,4,0,0,0,4,4,79,3475,6,6,2011,2,23,48,1,11,1,I-94,,3218,42.88664167,-87.936694440,0,12,1,0,1,1,1,0,2,1,0,1,0,0000000,23,30,23,37,99,99,0,0,0,1,0
55,550171,2,2,0,0,0,2,2,17,0,9,6,2011,5,1,46,1,2,2,US-53,,0,45.17132778,-91.527272220,0,12,1,0,1,1,1,0,2,10,0,10,0,0000000,1,46,2,0,88,88,0,0,0,1,1
55,550172,2,2,0,0,0,2,2,117,0,12,6,2011,1,9,30,0,6,5,N,,0,43.68857500,-88.083313890,0,12,6,0,8,1,1,0,1,1,0,1,0,0000000,9,32,9,56,99,99,0,0,0,1,0
55,550173,1,1,0,0,0,1,1,125,0,11,6,2011,7,16,55,0,3,3,SR-70,,0,45.90169444,-89.399969440,0,11,0,0,1,1,1,0,1,1,0,1,0,0000000,16,42,16,50,88,88,0,0,0,1,1
55,550174,1,1,0,0,0,1,1,73,0,10,6,2011,6,21,49,0,14,6,TOWNLINE RD,,0,44.94540833,-89.523533330,0,42,0,0,1,1,4,0,2,10,0,10,0,0000000,21,49,21,58,88,88,0,0,0,1,0
55,550175,1,1,0,0,0,1,1,123,0,12,6,2011,1,2,40,0,4,4,P,,0,43.65851944,-90.785152780,0,1,0,0,1,1,4,0,2,5,0,5,0,0000000,2,43,3,9,3,17,0,0,0,1,1
55,550176,1,1,0,0,0,1,1,67,0,19,6,2011,1,8,14,0,6,5,CLEAR LAKE RD,,0,45.42471389,-89.086472220,0,38,0,0,1,1,5,0,2,2,0,2,0,0000000,88,88,88,88,88,88,0,0,0,1,1
55,550177,3,3,0,0,0,6,6,25,0,19,6,2011,1,16,28,1,2,2,US-12,,0,43.02954444,-89.158472220,0,12,6,0,1,1,1,0,1,1,0,1,0,0000000,99,99,99,99,99,99,0,0,0,3,0
55,550178,2,2,0,0,0,3,3,93,0,20,6,2011,2,11,23,0,2,2,US-63,690TH AVE,0,44.78999722,-92.411144440,0,12,6,0,2,2,1,0,1,1,0,1,0,0000000,11,23,11,33,12,37,0,0,0,1,0
55,550179,1,1,0,0,0,1,1,79,2015,21,6,2011,3,18,42,1,11,1,I-43,,0,42.96254722,-87.988344440,0,59,0,1,19,1,8,0,1,10,0,10,0,0000000,18,43,18,53,88,88,0,0,0,1,0
55,550180,1,1,0,0,0,1,1,41,0,15,6,2011,4,19,10,1,2,2,US-8,,0,45.57208611,-89.048094440,0,34,0,0,1,1,4,0,1,2,0,2,0,0000000,19,10,19,21,88,88,0,0,0,1,0
55,550181,2,2,0,0,0,4,4,43,3790,17,6,2011,6,11,16,0,14,4,D,,0,42.72828889,-90.472316670,0,12,1,0,8,1,1,0,1,1,0,1,0,0000000,11,25,11,28,99,99,0,0,0,1,0
55,550182,2,2,0,0,0,3,3,87,0,22,6,2011,4,18,10,0,4,3,SR-76,,0,44.31962778,-88.536544440,0,53,0,0,1,1,4,0,1,10,0,10,0,0000000,18,12,18,20,99,99,0,0,0,1,0
55,550183,1,1,0,1,1,4,4,139,0,23,6,2011,5,0,35,1,12,2,US-41,,0,43.96536111,-88.582891670,0,8,0,0,1,1,1,1,2,10,0,10,0,0000000,0,38,0,45,1,8,0,0,0,1,0
55,550184,1,1,0,1,1,1,1,87,170,22,6,2011,4,21,35,1,13,3,SR-47,,0,44.26301667,-88.415672220,0,8,0,0,1,1,1,0,3,2,0,2,0,0000000,21,35,21,36,22,2,19,0,0,1,0
55,550185,2,2,0,0,0,3,3,117,0,23,6,2011,5,18,11,1,2,3,SR-23,TT,0,43.75181389,-87.850327780,0,12,6,1,2,2,1,1,1,2,0,2,0,0000000,18,15,18,20,18,50,0,0,0,1,0