STATE,ST_CASE,VE_TOTAL,VE_FORMS,PVH_INVL,PEDS,PERNOTMVIT,PERMVIT,PERSONS,COUNTY,CITY,DAY,MONTH,YEAR,DAY_WEEK,HOUR,MINUTE,NHS,ROAD_FNC,ROUTE,TWAY_ID,TWAY_ID2,MILEPT,LATITUDE,LONGITUD,SP_JUR,HARM_EV,MAN_COLL,RELJCT1,RELJCT2,TYP_INT,REL_ROAD,WRK_ZONE,LGT_COND,WEATHER1,WEATHER2,WEATHER,SCH_BUS,RAIL,NOT_HOUR,NOT_MIN,ARR_HOUR,ARR_MIN,HOSP_HR,HOSP_MN,CF1,CF2,CF3,FATALS,DRUNK_DR
55,550186,1,1,0,0,0,1,1,45,0,13,6,2011,2,6,46,0,4,3,SR-81,,0,42.67173889,-89.789800000,0,35,0,0,1,1,4,0,1,1,0,1,0,0000000,6,46,7,4,88,88,0,0,0,1,0
55,550187,1,1,0,0,0,1,1,109,0,13,6,2011,2,16,18,0,6,5,POLK ST CROIX RD,,0,45.21028333,-92.655730560,0,11,0,0,1,1,1,0,1,1,0,1,0,0000000,16,19,16,39,88,88,0,0,0,1,0
55,550188,2,2,0,0,0,2,2,17,0,13,6,2011,2,22,22,0,4,4,N,,0,44.94441944,-91.501413890,0,12,2,0,1,1,1,0,2,1,0,1,0,0000000,22,25,22,33,99,99,0,0,0,1,1
55,550189,1,1,0,0,0,1,1,53,0,13,6,2011,2,13,8,0,4,4,C,,0,44.26253611,-90.974005560,0,11,0,0,1,1,1,0,1,10,0,10,0,0000000,13,10,13,19,13,49,0,0,0,1,0
55,550190,2,2,0,0,0,2,2,25,2780,2,6,2011,5,17,0,1,13,2,US-12,MILLPOND RD,0,43.04536944,-89.268077780,0,12,6,0,2,2,1,0,1,1,0,1,0,0000000,17,1,17,2,17,40,0,0,0,1,0
55,550191,1,1,0,0,0,1,1,41,0,5,6,2011,1,23,50,0,3,3,SR-55,,0,45.53453611,-88.947716670,0,35,0,0,1,1,4,0,2,10,0,10,0,0000000,23,59,99,97,99,97,0,0,0,1,1
55,550192,2,2,0,0,0,2,2,43,0,14,6,2011,3,13,50,0,4,4,W,ROCK SCHOOL RD,0,42.82965278,-91.029711110,0,12,6,0,2,2,1,0,1,1,0,1,0,0000000,13,52,14,4,14,26,0,0,0,1,1
55,550193,1,1,0,0,0,1,1,103,0,18,6,2011,7,15,5,0,4,4,O,,0,43.27586111,-90.360616670,0,34,0,0,1,1,4,0,1,10,0,10,0,0000000,15,5,15,14,15,30,0,0,0,1,1
55,550194,1,1,0,0,0,1,1,105,0,25,6,2011,7,99,99,0,6,5,FOOTVILLEBRODHEAD RD,,0,42.65125833,-89.330350000,0,32,0,0,1,1,4,0,9,99,0,99,0,0000000,6,22,6,34,88,88,18,0,0,1,1
55,550195,1,1,0,0,0,1,1,127,0,22,6,2011,4,18,51,0,3,3,SR-67,BOLLINGER RD,0,42.50798333,-88.716916670,0,34,0,0,3,3,4,0,1,2,0,2,0,0000000,18,51,19,6,19,52,0,0,0,1,1
55,550196,1,1,0,0,0,1,1,63,5230,27,6,2011,2,18,44,0,16,6,FRANKLIN ST,VERA LN,0,43.89798611,-91.094727780,0,33,0,0,3,3,4,0,1,1,0,1,0,0000000,18,46,18,56,19,36,0,0,0,1,0
55,550197,1,1,0,0,0,1,1,39,0,14,6,2011,3,99,99,0,6,5,KIEL RD,,0,43.90618056,-88.185797220,0,35,0,0,1,1,4,0,2,1,0,1,0,0000000,22,29,22,45,99,99,0,0,0,1,1
55,550198,1,1,0,0,0,1,1,87,0,24,6,2011,6,23,47,0,6,5,JESKE RD,,0,44.53838056,-88.418977780,0,11,0,0,1,1,1,0,2,1,0,1,0,0000000,23,48,0,2,88,88,0,0,0,1,1
55,550199,2,2,0,0,0,2,2,33,3000,23,6,2011,5,10,8,0,16,6,OAK AVE,,0,44.90265000,-91.933169440,0,12,6,0,4,1,1,0,1,10,0,10,0,0000000,10,8,10,14,10,40,0,0,0,1,0
55,550200,2,2,0,0,0,5,5,79,3100,16,6,2011,5,22,10,0,14,6,BRADLEY RD W,91ST ST N,0,43.16324444,-88.025036110,0,12,6,0,2,2,1,0,2,1,0,1,0,0000000,99,99,99,99,99,99,0,0,0,1,0
55,550201,1,1,0,0,0,1,1,55,0,30,6,2011,5,17,47,0,4,4,Y,,0,43.11266944,-88.771547220,0,42,0,0,1,1,5,0,1,10,0,10,0,0000000,17,49,17,57,88,88,0,0,0,1,1
55,550202,1,1,0,1,1,1,1,127,1460,1,6,2011,4,5,49,0,16,6,ENERGY DR,,0,42.78945000,-88.389086110,0,8,0,0,1,1,1,0,1,1,0,1,0,0000000,5,49,5,55,6,45,0,0,0,1,0
55,550203,2,2,0,0,0,3,3,83,0,28,6,2011,3,12,57,0,3,3,SR-22,U,0,44.87935000,-88.347930560,0,12,6,0,2,2,1,0,1,1,0,1,0,0000000,13,3,99,99,99,99,0,0,0,1,0
55,550204,1,1,0,0,0,1,1,59,2400,30,6,2011,5,20,12,0,16,6,25TH AVE,,0,42.56458611,-87.838783330,0,16,0,0,1,1,1,0,3,10,6,6,0,0000000,20,12,20,20,20,39,0,0,0,1,0
55,550205,1,1,0,0,0,1,1,25,0,30,6,2011,5,8,12,0,13,2,US-51,,0,42.91897222,-89.157658330,0,34,0,0,1,1,4,0,1,1,0,1,0,0000000,99,99,99,99,88,88,0,0,0,1,0
55,550206,1,1,0,0,0,1,1,55,0,30,6,2011,5,14,5,0,6,4,A,,0,42.93135278,-88.964022220,0,42,0,0,1,1,4,0,1,10,0,10,0,0000000,14,6,14,19,88,88,0,0,0,1,0
55,550207,2,2,0,0,0,6,6,63,2190,25,6,2011,7,16,10,0,14,3,SR-35,,0,43.93244444,-91.253486110,0,12,1,0,1,1,1,0,1,10,0,10,0,0000000,99,99,99,99,99,99,0,0,0,1,1
55,550208,3,3,0,0,0,9,9,131,4089,26,6,2011,1,12,31,0,13,3,SR-167,FRIESS LAKE RD,0,43.25126667,-88.291711110,0,12,1,0,2,3,1,0,1,1,0,1,0,0000000,12,32,12,45,99,99,0,0,0,1,0
55,550209,1,1,0,1,1,1,1,59,0,22,6,2011,4,21,46,1,13,3,SR-32,,0,42.64011944,-87.817905560,0,8,0,0,1,1,1,0,2,1,0,1,0,0000000,21,47,21,49,22,10,0,0,0,1,0
55,550210,1,1,0,1,1,1,1,25,2780,22,6,2011,4,8,55,0,13,6,UNIVERSITY AVE,LAKE ST N,0,43.07312778,-89.397425000,0,8,0,0,2,2,1,0,1,1,0,1,0,0000000,8,58,8,59,9,30,0,0,0,1,0
55,550211,1,1,0,1,1,6,6,79,3100,1,7,2011,6,16,34,0,14,6,27TH ST N,,0,43.07672222,-87.947266670,0,8,0,0,1,1,1,0,1,1,0,1,0,0000000,99,99,99,99,99,99,0,0,0,1,0
55,550212,1,1,0,0,0,1,1,133,0,1,7,2011,6,18,56,0,13,4,K,,0,43.11205833,-88.225900000,0,34,0,0,1,1,4,0,1,1,0,1,0,0000000,99,99,99,99,88,88,0,0,0,1,1
55,550213,1,1,0,0,0,2,2,19,0,2,7,2011,7,14,25,0,3,3,SR-73,,0,44.59236111,-90.575794440,0,30,0,0,1,1,4,0,1,1,0,1,0,0000000,14,27,14,31,15,52,0,0,0,1,0
55,550214,1,1,0,0,0,1,1,45,0,3,7,2011,1,16,15,0,4,4,M,,0,42.61073333,-89.787205560,0,32,0,0,1,1,4,0,1,10,0,10,0,0000000,16,23,16,38,17,10,0,0,0,1,0
55,550215,2,2,0,0,0,3,3,21,0,4,7,2011,2,12,0,0,3,2,US-51,DUNNING RD,0,43.49998889,-89.409066670,0,12,1,0,2,2,1,0,1,1,0,1,0,0000000,12,11,12,21,88,88,0,0,0,1,0
55,550216,2,2,0,0,0,4,4,35,1470,6,7,2011,4,13,22,1,12,2,US-53,,0,44.83538333,-91.449530560,0,12,6,1,18,1,1,0,1,1,0,1,0,0000000,13,25,99,99,99,99,0,0,0,2,0
55,550217,1,1,0,0,0,1,1,33,0,4,7,2011,2,14,10,1,1,1,I-94,,369,44.91930000,-92.036411110,0,34,0,0,1,1,4,0,1,1,0,1,0,0000000,14,11,14,20,14,41,0,0,0,1,0
55,550218,1,1,0,0,0,1,1,55,0,6,7,2011,4,19,44,0,4,4,D,,0,42.87178056,-88.713183330,0,34,0,0,1,1,4,0,1,1,0,1,0,0000000,19,50,19,55,88,88,0,0,0,1,1
55,550219,1,1,0,0,0,1,1,115,0,5,7,2011,3,0,39,0,4,4,Z,,0,45.01214722,-89.149738890,0,42,0,0,1,1,6,0,2,1,0,1,0,0000000,1,4,1,18,88,88,0,0,0,1,1
55,550220,1,1,0,0,0,1,1,115,0,5,7,2011,3,3,40,1,2,3,SR-29,,0,44.82854444,-89.192291670,0,34,0,0,1,1,3,0,2,1,0,1,0,0000000,3,42,3,51,88,88,0,0,0,1,1
55,550221,1,1,0,1,1,1,1,133,3260,1,7,2011,6,11,53,0,15,6,MUSKEGO DAM RD W,,0,42.85032778,-88.139105560,0,9,0,0,1,1,1,0,1,1,0,1,0,0000000,11,53,12,0,88,88,0,0,0,1,0
55,550222,4,4,0,0,0,9,9,85,5445,6,7,2011,4,11,44,1,2,2,US-51,3RD AVE,0,45.89471944,-89.698541670,0,12,7,0,3,2,1,0,1,1,0,1,0,0000000,11,44,11,47,12,47,14,0,0,1,0
55,550223,1,1,0,1,1,1,1,65,560,7,7,2011,5,8,11,0,3,3,SR-78,,0,42.81070000,-89.861991670,0,8,0,0,1,1,1,0,1,10,0,10,0,0000000,8,12,8,15,99,99,0,0,0,1,0
55,550224,1,1,0,0,0,1,1,83,0,8,7,2011,6,14,33,0,6,5,THOME RD,,0,44.84966111,-87.971650000,0,34,0,0,1,1,4,0,1,1,0,1,0,0000000,14,37,14,48,88,88,0,0,0,1,1
55,550225,1,1,0,0,0,1,1,59,3795,10,7,2011,1,2,19,0,16,6,116TH ST,OLD GREEN BAY RD,0,42.50833056,-87.887444440,0,1,0,0,3,3,1,0,3,1,0,1,0,0000000,2,19,2,29,2,50,0,0,0,1,1
55,550226,1,1,0,0,0,1,1,75,0,9,7,2011,7,20,8,0,3,3,SR-180,WINESVILLE RD,0,45.22739167,-87.728919440,0,34,0,0,3,3,4,0,1,1,0,1,0,0000000,20,10,20,24,88,88,0,0,0,1,1
55,550227,1,1,0,0,0,3,3,75,0,10,7,2011,1,20,30,0,6,5,BRIDGE RD,,0,45.16333889,-87.842644440,0,5,0,0,1,1,1,0,1,1,0,1,0,0000000,20,32,20,50,21,28,0,0,0,1,0
55,550228,1,1,0,0,0,1,1,49,0,11,7,2011,2,17,36,0,3,3,SR-23,YD,0,42.90592778,-90.141147220,0,35,0,0,3,2,4,0,1,1,0,1,0,0000000,17,37,99,99,88,88,0,0,0,1,0
55,550229,1,1,0,0,0,1,1,57,0,12,7,2011,3,11,24,0,2,3,SR-58,,0,43.95634167,-90.072655560,0,34,0,0,1,1,4,0,1,10,0,10,0,0000000,11,27,11,38,12,3,0,0,0,1,0
55,550230,1,1,0,0,0,1,1,57,0,9,7,2011,7,10,5,0,6,5,29TH ST W,,0,43.97397778,-90.273541670,0,34,0,0,1,1,4,0,1,1,0,1,0,0000000,10,7,10,26,10,56,0,0,0,1,1
55,550231,1,1,0,0,0,2,2,109,0,6,7,2011,4,19,31,0,6,5,292ND ST,,0,44.96661944,-92.212027780,0,11,0,0,1,1,1,0,1,1,0,1,0,0000000,19,32,19,44,21,18,0,0,0,1,0
55,550232,2,2,0,0,0,3,3,33,0,19,7,2011,3,13,51,0,3,3,SR-64,,0,45.13918889,-91.962047220,0,12,8,0,1,1,1,0,1,1,0,1,0,0000000,13,51,14,6,99,99,0,0,0,1,0
55,550233,2,2,0,0,0,4,4,79,5160,19,7,2011,3,19,49,0,16,6,68TH ST S,BECHER ST W,0,43.00640556,-87.998041670,0,12,6,0,2,2,1,0,1,1,0,1,0,0000000,19,49,19,50,20,19,0,0,0,1,1
55,550234,2,2,0,0,0,3,3,63,0,20,7,2011,4,8,5,0,4,3,SR-162,,0,43.94436944,-90.977816670,0,12,1,0,1,1,1,0,1,1,0,1,0,0000000,8,8,8,19,8,57,0,0,0,1,0
55,550235,2,2,0,0,0,2,2,107,0,21,7,2011,5,21,20,0,4,4,G,,0,45.35588611,-91.028852780,1,12,1,0,1,1,1,0,5,10,0,10,0,0000000,21,21,21,30,88,88,0,0,0,1,0
55,550236,2,2,0,0,0,3,3,71,0,7,7,2011,5,7,19,0,6,5,REIFS MILLS RD,,0,44.18213333,-87.834277780,0,12,2,0,1,1,1,0,1,10,0,10,0,0000000,7,16,7,32,99,99,0,0,0,1,0
55,550237,1,1,0,0,0,1,1,49,0,23,7,2011,7,0,1,0,3,3,SR-80,,0,43.09562500,-90.365466670,0,11,0,0,1,1,1,0,2,10,0,10,0,0000000,0,8,0,15,0,43,0,0,0,1,1
55,550238,1,1,0,1,1,1,1,79,3100,6,7,2011,4,17,20,0,16,6,MELVINA ST W,76TH ST N,0,43.08807222,-88.007269440,0,33,0,1,3,2,3,0,1,1,0,1,0,0000000,99,99,99,99,88,88,0,0,0,1,0
55,550239,1,1,0,0,0,1,1,15,0,23,7,2011,7,1,0,0,3,2,US-151,,0,43.95232500,-88.286261110,0,42,0,0,1,1,5,0,2,10,0,10,0,0000000,1,4,99,99,88,88,2,0,0,1,1
55,550240,1,1,0,0,0,1,1,75,0,24,7,2011,1,19,36,0,4,4,C,SCHELL RD,0,45.42600000,-88.049583330,0,34,0,0,3,1,4,0,1,1,0,1,0,0000000,19,37,19,46,21,0,0,0,0,1,1
55,550241,1,1,0,0,0,1,1,141,0,19,7,2011,3,19,0,0,6,5,C,,0,44.48240833,-90.135655560,0,24,0,0,1,1,4,0,1,1,0,1,0,0000000,19,2,19,23,88,88,0,0,0,1,0
55,550242,2,1,1,0,0,1,1,79,3100,13,7,2011,4,21,55,0,14,6,NORTH AVE E,,0,43.06009444,-87.881000000,0,14,0,0,1,1,7,0,3,10,0,10,0,0000000,99,99,99,99,99,99,0,0,0,1,0
55,550243,1,1,0,0,0,1,1,127,0,27,7,2011,4,16,12,0,16,6,STRINGERS BRIDGE RD,,0,42.81485833,-88.415094440,0,42,0,0,1,1,4,0,1,10,0,10,0,0000000,16,12,16,18,88,88,0,0,0,1,0
55,550244,2,2,0,1,1,1,1,105,3080,9,7,2011,7,14,17,0,14,3,SR-59,,0,42.78170833,-88.956855560,0,12,6,0,8,1,1,0,1,1,0,1,0,0000000,14,18,14,22,14,45,0,0,0,1,0
55,550245,1,1,0,0,0,2,2,23,0,16,7,2011,7,4,58,0,3,3,SR-35,,0,43.35598333,-91.115450000,0,24,0,0,1,1,4,0,2,10,0,10,0,0000000,4,59,5,11,99,99,0,0,0,1,1
55,550246,1,1,0,0,0,4,4,79,3100,30,7,2011,7,2,15,0,14,6,13TH ST S,WILBUR AVE S,0,42.97746944,-87.929077780,0,33,0,0,3,3,4,0,3,1,0,1,0,0000000,99,99,99,99,88,88,0,0,0,1,1
55,550247,1,1,0,1,1,1,1,79,3475,17,7,2011,1,18,8,0,14,6,NICHOLSON ST,COUNTY LINE RD E,0,42.84384722,-87.893705560,3,9,0,0,1,1,1,0,1,1,0,1,0,0000000,18,9,18,13,99,99,0,0,0,1,0
55,550248,1,1,0,0,0,1,1,35,0,30,7,2011,7,0,38,0,3,3,SR-37,,0,44.76428611,-91.553086110,0,34,0,0,1,1,4,0,2,1,0,1,0,0000000,0,40,0,47,88,88,0,0,0,1,1
55,550249,1,1,0,0,0,1,1,83,0,31,7,2011,1,99,99,0,6,5,HILBERT RD,,0,44.69835278,-88.134530560,0,32,0,0,1,1,4,0,2,99,0,99,0,0000000,4,50,5,2,88,88,18,0,0,1,1
55,550250,4,2,2,0,0,2,2,133,5060,16,7,2011,7,18,10,0,13,3,SR-59,Z,0,42.94380556,-88.377580560,0,12,6,0,2,3,1,0,1,1,0,1,1,0000000,18,11,18,24,19,8,0,0,0,1,0
55,550251,2,2,0,0,0,2,2,101,4170,18,7,2011,2,8,43,0,4,4,D,SPRINGWOOD LN,0,42.74633056,-88.282966670,0,11,0,0,1,1,1,0,1,10,0,10,0,0000000,8,46,8,57,9,44,0,0,0,1,0
55,550252,2,2,0,0,0,2,2,73,0,22,7,2011,6,4,47,0,2,3,SR-97,,0,44.83613611,-90.079100000,0,11,0,0,1,1,1,0,4,1,0,1,0,0000000,4,48,99,99,88,88,14,0,0,1,0
55,550253,3,1,2,0,0,2,2,79,3100,23,7,2011,7,13,19,0,16,6,PARK HILL AVE W,,0,43.03315278,-87.988088890,0,14,0,0,1,1,7,0,1,10,0,10,0,0000000,99,99,99,99,99,99,14,0,0,1,0
55,550254,1,1,0,0,0,1,1,109,0,31,7,2011,1,15,55,0,6,5,140TH AVE,,0,45.06429167,-92.369077780,0,32,0,0,1,1,4,0,1,10,0,10,0,0000000,16,0,16,12,88,88,0,0,0,1,1
55,550255,1,1,0,0,0,1,1,25,2780,12,7,2011,3,11,20,0,14,6,MILWAUKEE ST,WITTWER RD,0,43.09860833,-89.310416670,0,5,0,0,3,3,1,0,1,1,0,1,0,0000000,11,24,99,99,11,55,0,0,0,1,0
55,550256,2,2,0,0,0,2,2,133,0,21,7,2011,5,6,26,0,13,4,KE,MAES TERRACE,0,43.10798611,-88.313477780,0,12,6,0,2,3,1,0,1,1,0,1,0,0000000,6,26,6,32,7,28,0,0,0,1,0
55,550257,1,1,0,0,0,1,1,41,0,21,7,2011,5,15,55,1,2,2,US-8,,0,45.57203333,-88.950311110,0,42,0,0,1,1,4,0,1,1,0,1,0,0000000,16,5,99,99,99,99,0,0,0,1,0
55,550258,1,1,0,0,0,2,2,73,4230,17,7,2011,1,23,19,0,13,2,US-51,,0,44.88274167,-89.629925000,0,5,0,0,1,1,1,0,3,10,0,10,0,0000000,23,23,23,29,23,56,0,0,0,1,0
55,550259,1,1,0,0,0,1,1,83,0,18,6,2011,7,1,3,0,6,5,SURPRISE LAKE RD N,,0,45.35633889,-88.606016670,0,1,0,0,1,1,1,0,2,1,0,1,0,0000000,1,5,1,18,99,96,0,0,0,1,1
55,550260,1,1,0,0,0,2,2,127,0,30,7,2011,7,1,10,0,4,4,TOWNLINE RD,D,0,42.74896667,-88.426036110,0,59,0,0,2,2,4,0,3,1,0,1,0,0000000,1,10,1,24,99,99,0,0,0,1,1
55,550261,1,1,0,1,1,1,1,111,2515,30,7,2011,7,21,42,0,3,2,US-12,,0,43.58666389,-89.784080560,0,8,0,0,1,1,1,0,3,1,0,1,0,0000000,21,42,21,46,99,99,0,0,0,1,0
55,550262,1,1,0,1,1,1,1,79,3100,15,7,2011,6,19,42,0,13,3,SR-59,,0,43.02263611,-87.940936110,0,9,0,0,1,1,1,0,1,10,0,10,0,0000000,99,99,99,99,99,99,0,0,0,1,0
55,550263,2,2,0,0,0,5,5,57,840,18,7,2011,2,19,58,0,4,2,US-12/18,,0,43.91846944,-90.260838890,0,12,6,0,8,1,1,0,5,1,0,1,0,0000000,20,1,20,10,20,39,0,0,0,1,0
55,550264,6,2,4,0,0,4,4,79,3100,16,7,2011,7,22,18,0,14,3,SR-32,CLEMENT AVE S,0,42.99454167,-87.894152780,0,12,6,0,2,2,1,0,3,1,0,1,0,0000000,99,99,99,99,99,99,0,0,0,1,1
55,550265,4,4,0,0,0,8,8,25,2780,22,7,2011,6,22,57,0,13,3,SR-113,,0,43.11640000,-89.354900000,0,12,1,0,1,1,1,1,3,10,0,10,0,0000000,22,58,23,0,99,99,0,0,0,1,1
55,550266,3,3,0,0,0,4,4,133,1305,22,7,2011,6,23,20,1,11,1,I-94,,99998,43.05599444,-88.424127780,0,24,0,0,1,1,4,1,2,1,0,1,0,0000000,23,21,23,35,88,88,14,0,0,1,0
55,550267,1,1,0,1,1,1,1,21,3830,30,7,2011,7,22,30,0,16,6,VILLAGE RD,,0,43.56728611,-89.472550000,0,8,0,0,1,1,1,0,3,1,0,1,0,0000000,22,30,22,34,88,88,0,0,0,1,0
55,550268,1,1,0,0,0,1,1,65,0,13,8,2011,7,16,49,0,6,5,OLLIE BELL RD,,0,42.54373056,-90.332986110,0,1,0,0,1,1,4,0,1,10,0,10,0,0000000,16,51,99,99,88,88,0,0,0,1,1
55,550269,1,1,0,0,0,1,1,7,0,8,8,2011,2,12,42,1,3,3,SR-13,CHERRYVILLE RD,0,46.59420833,-90.955038890,0,1,0,0,3,3,1,0,1,1,0,1,0,0000000,12,48,99,99,99,99,0,0,0,1,0
55,550270,2,2,0,0,0,2,2,35,0,8,8,2011,2,19,31,0,4,4,CR-D,EAGLE RD,0,44.66869444,-91.366947220,0,12,6,0,3,3,1,0,1,1,0,1,0,0000000,19,31,99,99,99,99,0,0,0,1,1
55,550271,1,1,0,1,1,3,3,113,0,5,8,2011,6,18,51,0,3,3,SR-27,,0,45.86815278,-91.502186110,0,9,0,0,1,1,1,0,1,1,0,1,0,0000000,18,54,19,7,19,24,0,0,0,1,0
55,550272,1,1,0,0,0,2,2,139,0,13,8,2011,7,17,47,1,12,2,US-10,,0,44.21776389,-88.528411110,0,34,0,0,1,1,4,0,1,1,0,1,0,0000000,18,5,18,13,99,99,0,0,0,1,1
55,550273,1,1,0,0,0,2,2,101,0,14,8,2011,1,3,0,0,16,6,FISHMAN RD,,0,42.61578333,-88.286208330,0,30,0,0,1,1,4,0,2,1,0,1,0,0000000,3,2,3,15,3,35,0,0,0,1,1
55,550275,1,1,0,0,0,1,1,73,0,14,8,2011,1,3,20,0,4,4,CR-F,,0,44.92090833,-90.218430560,0,34,0,0,1,1,4,0,2,10,0,10,0,0000000,3,31,99,99,88,88,0,0,0,1,1
55,550276,1,1,0,0,0,1,1,127,0,17,8,2011,4,15,5,1,2,2,US-12,,0,42.56316111,-88.359058330,0,1,0,0,1,1,3,0,1,1,0,1,0,0000000,15,6,15,12,15,42,0,0,0,1,0
55,550277,1,1,0,0,0,1,1,59,2400,17,8,2011,4,17,30,0,14,6,80TH ST,,0,42.55906389,-87.857394440,0,42,0,0,1,1,4,0,1,1,0,1,0,0000000,17,30,17,35,18,0,0,0,0,1,0
55,550278,1,1,0,0,0,2,2,39,0,19,8,2011,6,16,7,0,3,2,US-45,,0,43.61756667,-88.240822220,0,59,0,0,1,1,4,0,1,1,0,1,0,0000000,16,7,16,18,16,57,0,0,0,1,0
55,550279,1,1,0,0,0,1,1,3,0,20,8,2011,7,22,30,0,4,4,CR-GG,CR-M,0,46.16581389,-90.907105560,0,35,0,0,3,3,4,0,2,99,0,99,0,0000000,8,9,8,35,88,88,0,0,0,1,1
55,550280,1,1,0,0,0,2,2,83,0,21,8,2011,1,19,13,0,4,4,CR-S,,0,44.75024722,-87.977086110,0,1,0,0,1,1,1,0,1,10,0,10,0,0000000,19,14,19,23,19,57,0,0,0,1,1
55,550281,1,1,0,0,0,2,2,79,3100,22,8,2011,2,1,40,0,14,6,6TH ST N,MCKINLEY AVE W,0,43.04717222,-87.918677780,0,33,0,0,3,2,3,0,3,1,0,1,0,0000000,99,99,99,99,99,99,0,0,0,1,1
55,550282,1,1,0,0,0,4,4,57,0,22,8,2011,2,22,26,0,4,3,SR-80,,0,43.96611111,-90.072366670,0,34,0,0,1,1,4,0,2,1,0,1,0,0000000,22,30,22,48,23,14,0,0,0,1,0
55,550283,1,1,0,0,0,1,1,101,4170,20,8,2011,7,21,37,1,13,3,SR-36,,0,42.72875000,-88.220972220,0,59,0,0,1,1,3,0,3,1,0,1,0,0000000,21,41,21,46,88,88,0,0,0,1,1
55,550284,1,1,0,0,0,2,2,113,0,20,8,2011,7,14,7,0,5,5,INDIAN TRAIL RD,,0,45.95834722,-91.343747220,0,42,0,0,1,1,4,0,1,1,0,1,0,0000000,14,7,14,35,99,99,0,0,0,1,0
55,550285,1,1,0,0,0,1,1,57,0,24,8,2011,4,22,45,0,4,4,CR-HH,,0,43.76045833,-89.882544440,0,34,0,0,1,1,4,0,2,1,0,1,0,0000000,22,50,23,13,88,88,0,0,0,1,1
55,550286,1,1,0,0,0,1,1,13,0,24,8,2011,4,10,23,0,4,4,CR-F,,0,45.83491389,-92.681736110,0,1,0,0,1,1,4,0,1,1,0,1,0,0000000,10,28,10,36,11,4,0,0,0,1,0
55,550287,1,1,0,0,0,2,2,123,0,28,8,2011,1,2,50,0,4,4,CR-UU,,0,43.48725000,-91.207033330,0,38,0,0,1,1,4,0,2,1,0,1,0,0000000,2,54,3,24,4,11,0,0,0,1,1
55,550288,1,1,0,0,0,1,1,97,0,25,8,2011,5,18,45,0,2,5,OLD AMISH RD,,0,44.40009444,-89.417836110,0,1,0,0,8,1,1,0,1,1,0,1,0,0000000,88,88,88,88,88,88,0,0,0,1,0
55,550289,1,1,0,0,0,1,1,19,3640,13,8,2011,7,19,13,0,4,4,CR-D,,0,44.95712500,-90.557038890,0,1,0,0,1,1,4,0,1,1,0,1,0,0000000,19,15,19,20,21,39,0,0,0,1,0
55,550290,3,3,0,0,0,5,5,127,1460,18,7,2011,2,15,23,0,13,3,SR-20,CR-ES,0,42.79221389,-88.389413890,0,12,6,0,2,2,1,0,1,1,0,1,0,0000000,99,99,99,99,99,99,0,0,0,2,0
55,550291,3,3,0,0,0,7,7,137,0,29,6,2011,4,13,38,1,2,3,SR-21,20TH DR,0,44.05505278,-89.216480560,0,12,1,0,2,3,1,0,1,1,0,1,0,0000000,13,39,13,41,99,99,0,0,0,1,0
55,550292,1,1,0,3,3,2,2,117,4330,6,8,2011,7,22,3,0,15,6,17TH ST N,NIAGARA AVE,0,43.75411389,-87.727983330,0,8,0,0,3,3,1,0,3,2,0,2,0,0000000,22,3,22,4,22,12,0,0,0,1,1
55,550293,5,5,0,0,0,6,6,25,2780,9,8,2011,3,7,36,1,12,2,US-12,,0,43.04729444,-89.287705560,0,12,6,0,1,1,1,0,1,1,0,1,0,0000000,7,38,7,45,8,20,14,0,0,1,1
55,550294,2,2,0,0,0,2,2,7,0,10,8,2011,4,19,15,0,4,3,SR-118,,0,46.50216944,-90.928372220,0,12,2,0,1,1,1,0,1,1,0,1,0,0000000,19,18,19,30,99,99,0,0,0,1,0
55,550295,2,2,0,0,0,2,2,139,0,6,8,2011,7,16,20,0,4,4,CR-D,,0,44.09799722,-88.870291670,0,12,1,0,8,1,1,0,1,1,0,1,0,0000000,16,21,16,42,99,99,0,0,0,1,2
55,550296,2,2,0,0,0,2,2,17,0,11,8,2011,5,16,24,0,14,3,SR-178,COMMERCE PKWY,0,44.96615556,-91.368027780,0,12,6,0,2,2,1,0,1,1,0,1,0,0000000,16,25,16,30,16,41,0,0,0,1,0
55,550297,2,2,0,0,0,3,3,123,0,14,8,2011,1,18,10,0,5,4,CR-H,,0,43.59805000,-90.446225000,0,12,2,0,1,1,1,0,1,1,0,1,0,0000000,18,13,18,31,18,57,0,0,0,1,0
55,550298,1,1,0,2,2,1,1,87,0,1,8,2011,2,11,0,0,4,4,EE,,0,44.44354444,-88.334566670,0,9,0,0,1,1,1,0,1,10,0,10,0,0000000,11,9,11,29,99,99,0,0,0,1,0
55,550299,1,1,0,1,1,1,1,39,1730,12,8,2011,6,18,4,1,13,3,SR-23,,0,43.78443611,-88.475869440,0,9,0,0,1,1,1,0,1,2,0,2,0,0000000,18,4,18,10,18,26,0,0,0,1,0
55,550300,1,1,0,1,1,1,1,73,5110,2,8,2011,3,5,8,0,14,6,17TH AVE N,ELM ST,0,44.96376111,-89.655477780,0,9,0,0,2,2,1,0,3,10,0,10,0,0000000,5,9,5,14,88,88,0,0,0,1,0
55,550301,3,3,0,0,0,3,3,79,3475,16,8,2011,3,6,52,1,13,3,SR-32,OAKSHIRE DR E,0,42.89135278,-87.862758330,0,12,1,0,2,3,1,0,1,1,0,1,0,0000000,6,53,99,99,88,88,0,0,0,1,0
55,550302,1,1,0,1,1,1,1,43,0,16,8,2011,3,18,20,0,4,4,CR-Z,,0,42.52708056,-90.541605560,0,8,0,0,1,1,4,0,1,1,0,1,0,0000000,18,21,18,36,88,88,0,0,0,1,1
55,550303,2,2,0,0,0,2,2,63,0,3,8,2011,4,15,42,0,15,4,B,,0,43.85637222,-91.163975000,0,12,2,0,1,1,1,0,1,1,0,1,0,0000000,15,42,15,54,88,88,0,0,0,1,1