STATE,ST_CASE,VE_TOTAL,VE_FORMS,PVH_INVL,PEDS,PERNOTMVIT,PERMVIT,PERSONS,COUNTY,CITY,DAY,MONTH,YEAR,DAY_WEEK,HOUR,MINUTE,NHS,ROAD_FNC,ROUTE,TWAY_ID,TWAY_ID2,MILEPT,LATITUDE,LONGITUD,SP_JUR,HARM_EV,MAN_COLL,RELJCT1,RELJCT2,TYP_INT,REL_ROAD,WRK_ZONE,LGT_COND,WEATHER1,WEATHER2,WEATHER,SCH_BUS,RAIL,NOT_HOUR,NOT_MIN,ARR_HOUR,ARR_MIN,HOSP_HR,HOSP_MN,CF1,CF2,CF3,FATALS,DRUNK_DR
55,550304,1,1,0,1,1,1,1,71,2810,16,8,2011,3,18,44,0,16,6,DEWEY ST,10TH ST S,0,44.07374444,-87.660875000,0,8,0,0,3,2,1,0,1,1,0,1,0,0000000,18,44,18,49,19,7,0,0,0,1,0
55,550305,2,2,0,0,0,4,4,25,0,16,8,2011,3,17,19,0,4,4,CR-I,,0,43.29361111,-89.382900000,0,12,6,0,1,1,2,0,1,1,0,1,0,0000000,99,99,99,99,99,99,0,0,0,1,0
55,550306,2,2,0,0,0,3,3,13,0,6,8,2011,7,12,3,0,2,3,SR-70,,0,45.78367500,-92.422583330,0,12,2,0,1,1,1,0,1,2,0,2,0,0000000,12,10,12,19,13,6,0,0,0,1,0
55,550307,1,1,0,0,0,1,1,97,0,3,8,2011,4,14,57,1,11,1,I-39,,1621,44.55291667,-89.583858330,0,1,0,0,1,1,3,0,1,1,0,1,0,0000000,14,59,99,99,88,88,0,0,0,1,0
55,550308,1,1,0,0,0,1,1,25,0,4,8,2011,5,5,49,1,1,1,I-39,,1470,43.00589444,-89.213572220,0,1,0,0,1,1,4,0,1,1,0,1,0,0000000,5,53,99,99,99,99,0,0,0,1,0
55,550309,1,1,0,0,0,1,1,25,0,5,8,2011,6,21,0,0,6,5,STATE FARM RD,US-12,0,43.02048056,-89.055072220,0,1,0,0,3,3,1,0,2,10,0,10,0,0000000,21,0,21,5,88,88,0,0,0,1,1
55,550310,1,1,0,1,1,1,1,59,3795,7,8,2011,1,0,45,0,14,4,88TH AVE,,0,42.50900833,-87.912286110,0,9,0,0,1,1,1,0,2,5,0,5,0,0000000,0,57,1,6,88,88,0,0,0,1,0
55,550311,1,1,0,0,0,1,1,105,0,7,8,2011,1,6,57,0,14,4,O,,0,42.66578056,-88.984647220,0,34,0,0,1,1,4,0,9,99,0,99,0,0000000,6,57,7,4,7,26,18,0,0,1,1
55,550312,1,1,0,0,0,1,1,93,0,7,8,2011,1,19,15,0,3,3,SR-35,,0,44.68640556,-92.643675000,0,34,0,0,1,1,4,0,1,1,0,1,0,0000000,19,17,19,34,88,88,0,0,0,1,1
55,550313,2,2,0,0,0,2,2,139,3620,18,8,2011,5,21,6,0,16,6,ROBIN AVE,,0,44.02908611,-88.579558330,0,12,2,0,8,1,1,0,3,1,0,1,0,0000000,21,6,21,12,21,42,0,0,0,1,1
55,550314,1,1,0,1,1,1,1,139,0,22,8,2011,2,8,0,0,15,6,MANITOWOC RD,,0,44.21626667,-88.412530560,0,8,0,0,1,1,1,0,1,1,0,1,0,0000000,8,2,8,6,8,25,0,0,0,1,0
55,550315,1,1,0,3,3,1,1,43,0,8,8,2011,2,0,28,1,2,2,US-18,,0,42.97383333,-90.617977780,0,49,0,0,1,1,1,0,2,1,0,1,0,0000000,0,30,0,40,1,11,0,0,0,1,0
55,550316,2,2,0,0,0,2,2,81,0,11,8,2011,5,18,9,0,13,3,SR-16,HAMLET AVE,0,43.93663611,-90.842855560,0,12,6,0,2,3,1,0,1,1,0,1,0,0000000,18,9,18,13,18,28,0,0,0,1,1
55,550317,1,1,0,0,0,1,1,75,0,14,8,2011,1,3,13,0,4,4,W,,0,45.09001667,-87.880761110,0,1,0,0,1,1,4,0,2,1,0,1,0,0000000,3,14,3,34,88,88,0,0,0,1,1
55,550318,2,2,0,0,0,2,2,9,0,16,8,2011,3,11,42,1,12,2,US-41,,0,44.43267500,-88.109077780,0,12,1,0,1,1,1,1,1,1,0,1,0,0000000,11,42,11,52,88,88,3,0,0,1,1
55,550319,2,2,0,0,0,3,3,67,160,16,8,2011,3,17,48,1,13,2,US-45,,0,45.16648056,-89.147625000,0,12,6,0,8,1,1,0,1,1,0,1,0,0000000,17,49,17,55,18,18,0,0,0,1,0
55,550320,2,2,0,0,0,5,5,73,0,20,8,2011,7,13,0,0,4,3,SR-153,E,0,44.80063889,-90.170563890,0,12,6,0,2,2,1,0,1,1,0,1,0,0000000,99,99,99,99,99,99,0,0,0,1,0
55,550321,2,2,0,0,0,2,2,127,0,23,8,2011,3,20,50,0,4,4,A,H,0,42.73497500,-88.592108330,0,12,6,0,2,3,1,0,2,1,0,1,0,0000000,99,99,99,99,99,99,0,0,0,1,1
55,550322,1,1,0,1,1,3,3,59,2400,19,8,2011,6,14,24,0,14,6,60TH ST,24TH AVE,0,42.58073056,-87.838169440,0,9,0,0,2,2,1,0,1,1,0,1,0,0000000,14,25,14,28,14,49,0,0,0,1,0
55,550324,3,3,0,0,0,4,4,78,0,28,8,2011,1,14,14,0,3,3,SR-55,,0,44.99371944,-88.604322220,0,1,0,0,1,1,1,0,1,1,0,1,0,0000000,14,15,14,26,99,99,0,0,0,1,0
55,550325,2,2,0,0,0,2,2,25,0,24,8,2011,4,20,55,1,2,2,US-12,SR-19,0,43.18691944,-89.554727780,0,12,6,0,2,2,1,0,1,1,0,1,0,0000000,20,58,99,99,88,88,0,0,0,1,1
55,550326,1,1,0,0,0,1,1,107,0,16,8,2011,3,18,9,0,4,4,CR-D,,0,45.30626944,-91.514677780,0,42,0,0,1,1,5,0,1,10,0,10,0,0000000,18,9,18,31,88,88,0,0,0,1,1
55,550327,3,1,2,0,0,1,1,17,570,17,8,2011,4,17,14,0,5,5,9TH AVE,,0,45.10685833,-91.489633330,0,14,0,0,1,1,7,0,1,1,0,1,0,0000000,17,15,17,22,17,28,0,0,0,1,0
55,550328,1,1,0,0,0,1,1,25,2780,29,8,2011,2,18,56,1,13,2,US-151,SIXTH ST N,0,43.09828611,-89.351288890,0,33,0,0,3,2,3,0,1,1,0,1,0,0000000,18,58,19,5,19,42,0,0,0,1,0
55,550329,2,2,0,0,0,2,2,141,0,25,8,2011,5,11,4,0,2,3,SR-80,,0,44.29824722,-90.125033330,0,12,6,0,1,1,1,0,1,1,0,1,0,0000000,11,8,11,21,88,88,0,0,0,1,0
55,550330,2,2,0,0,0,3,3,101,3224,27,8,2011,7,15,10,1,13,3,SR-11,,0,42.69748611,-87.860802780,0,12,1,0,1,1,1,1,1,1,0,1,0,0000000,15,12,15,14,15,33,0,0,0,1,0
55,550331,2,2,0,0,0,5,5,123,0,28,8,2011,1,14,57,1,2,2,US-14,SR-27,0,43.52218889,-90.865480560,0,12,6,0,2,2,1,0,1,1,0,1,0,0000000,15,1,15,10,16,4,0,0,0,1,0
55,550332,2,2,0,0,0,2,2,45,0,29,8,2011,2,20,5,0,6,5,YARWOOD RD,,0,42.81386667,-89.398538890,0,12,6,0,1,1,1,0,2,1,0,1,0,0000000,20,8,20,17,21,10,0,0,0,1,0
55,550333,1,1,0,0,0,1,1,1,0,22,8,2011,2,5,30,0,2,3,SR-82,,0,43.77437500,-89.678869440,0,1,0,0,1,1,1,0,4,1,0,1,0,0000000,5,30,99,99,99,99,0,0,0,1,0
55,550334,1,1,0,0,0,1,1,13,0,28,8,2011,1,1,0,0,4,4,A,,0,45.92953056,-92.147366670,0,42,0,0,1,1,4,0,2,1,0,1,0,0000000,4,30,4,40,88,88,2,18,0,1,0
55,550335,1,1,0,0,0,1,1,85,4060,8,8,2011,2,11,45,0,13,6,LINCOLN ST,SHEPARD ST,0,45.63313056,-89.403627780,0,1,0,0,2,2,1,0,1,10,0,10,0,0000000,11,49,11,51,88,88,0,0,0,1,0
55,550336,2,2,0,0,0,3,3,89,0,15,8,2011,2,12,7,0,5,4,KK,,0,43.44260833,-87.920716670,0,12,8,0,1,1,1,0,1,1,0,1,0,0000000,12,11,12,24,13,12,0,0,0,1,0
55,550337,2,2,0,0,0,2,2,101,3970,21,8,2011,1,20,29,0,14,6,16TH ST,KEARNEY AVE,0,42.71244444,-87.806558330,0,12,6,0,2,2,1,0,3,10,0,10,0,0000000,20,30,20,34,20,43,0,0,0,1,0
55,550338,2,2,0,0,0,4,4,59,0,26,8,2011,6,16,30,0,4,4,C,U,0,42.53949167,-87.971386110,0,12,6,0,2,2,1,0,1,1,0,1,0,0000000,16,31,16,41,99,99,0,0,0,1,0
55,550339,1,1,0,0,0,1,1,1,0,14,5,2011,7,21,36,0,6,5,BARNUM BAY TRL,,0,44.18173333,-89.893852780,0,1,0,0,1,1,1,0,2,1,0,1,0,0000000,99,99,99,99,99,99,0,0,0,1,1
55,550340,1,1,0,0,0,2,2,107,0,17,9,2011,7,19,55,0,6,5,BASTYS RD,,0,45.59946389,-91.491736110,0,11,0,0,1,1,1,0,2,1,0,1,0,0000000,99,99,99,99,99,99,0,0,0,1,1
55,550341,1,1,0,0,0,1,1,103,0,26,6,2011,1,18,40,0,6,5,JIMTOWN RD,,0,43.37222778,-90.628855560,0,42,0,0,1,1,4,0,1,1,0,1,0,0000000,99,99,99,99,99,99,0,0,0,1,0
55,550342,1,1,0,0,0,1,1,31,0,11,7,2011,2,17,34,0,6,5,COUNTY LINE RD,,0,46.50657222,-91.554069440,0,1,0,0,1,1,1,0,1,1,0,1,0,0000000,99,99,99,99,99,99,0,0,0,1,1
55,550343,1,1,0,0,0,1,1,37,0,22,7,2011,6,14,58,0,6,5,MARBLE RD,,0,45.73535833,-88.188125000,0,42,0,0,1,1,4,0,1,1,0,1,0,0000000,99,99,99,99,99,99,0,0,0,1,0
55,550344,2,2,0,0,0,2,2,75,0,31,8,2011,4,9,51,0,4,4,B,,0,45.06267500,-87.815033330,0,12,2,0,1,1,1,0,1,1,0,1,0,0000000,9,53,9,54,88,88,0,0,0,1,0
55,550345,1,1,0,0,0,1,1,123,0,1,9,2011,5,8,26,0,2,3,SR-35,,0,43.52916667,-91.223269440,0,34,0,0,1,1,4,0,1,1,0,1,0,0000000,8,28,8,46,88,88,0,0,0,1,0
55,550346,1,1,0,0,0,1,1,135,0,2,9,2011,6,2,0,0,5,4,Y,,0,44.64520556,-88.697547220,0,42,0,0,1,1,4,0,2,1,0,1,0,0000000,2,30,2,43,88,88,0,0,0,1,1
55,550347,1,1,0,0,0,1,1,35,0,2,9,2011,6,17,10,1,11,1,I-94,,651,44.84939444,-91.629516670,0,52,0,1,19,1,4,0,1,10,0,10,0,0000000,99,99,99,99,88,88,0,0,0,1,0
55,550348,2,2,0,0,0,2,2,131,0,2,9,2011,6,23,50,0,4,4,H,,0,43.49765000,-88.190116670,0,12,6,0,1,1,1,0,2,10,0,10,0,0000000,0,6,0,9,99,99,18,0,0,1,1
55,550349,2,2,0,0,0,2,2,117,0,3,9,2011,7,2,30,0,5,4,I,,0,43.61428056,-87.953027780,0,12,2,0,6,1,1,0,2,10,0,10,0,387115P,2,34,2,50,3,43,0,0,0,1,1
55,550350,2,2,0,0,0,2,2,111,0,3,9,2011,7,12,54,0,6,5,GILLEM RD,,0,43.55922222,-89.718716670,0,12,2,0,1,1,1,0,1,10,0,10,0,0000000,12,54,13,5,99,99,0,0,0,1,0
55,550351,1,1,0,0,0,3,3,71,0,3,9,2011,7,15,36,0,6,5,ASSMAN RD W,PRINCL RD,0,44.25500278,-87.653625000,0,34,0,0,3,3,4,0,1,10,0,10,0,0000000,15,44,15,46,99,99,0,0,0,1,0
55,550352,2,2,0,0,0,5,5,137,0,4,9,2011,1,4,12,0,5,4,XX,SR-21,0,44.04861389,-88.936830560,0,12,1,0,2,2,1,0,2,1,0,1,0,0000000,4,16,4,27,5,17,0,0,0,1,1
55,550353,2,2,0,0,0,2,2,127,0,4,9,2011,1,22,40,0,5,4,O,,0,42.65917778,-88.629322220,0,1,0,0,1,1,1,0,2,1,0,1,0,0000000,22,42,22,50,88,88,0,0,0,1,1
55,550354,2,2,0,0,0,5,5,17,1000,6,9,2011,3,11,53,0,16,3,SR-178,OLSON DR,0,44.93770556,-91.359772220,0,12,6,0,2,2,1,0,1,1,0,1,0,0000000,11,53,11,57,12,12,0,0,0,1,0
55,550355,1,1,0,0,0,1,1,9,1330,10,9,2011,7,6,48,1,12,2,US-41,,0,44.44380556,-88.095591670,0,1,0,0,1,1,3,3,1,1,0,1,0,0000000,6,50,6,56,7,21,0,0,0,1,1
55,550356,1,1,0,0,0,1,1,1,0,11,9,2011,1,16,39,0,4,4,Z,,0,43.87956944,-89.938311110,0,53,0,0,1,1,4,0,1,1,0,1,0,0000000,16,40,16,53,88,88,0,0,0,1,1
55,550357,1,1,0,0,0,1,1,127,0,7,9,2011,4,21,2,0,4,4,J,,0,42.80530278,-88.493700000,0,31,0,0,1,1,4,0,2,1,0,1,0,0000000,21,3,99,99,99,99,0,0,0,1,1
55,550358,1,1,0,0,0,2,2,41,0,11,9,2011,1,23,58,0,4,4,S,,0,45.55919722,-88.942472220,0,35,0,0,1,1,4,0,2,1,0,1,0,0000000,0,2,0,10,99,99,18,0,0,1,1
55,550359,1,1,0,0,0,2,2,83,0,16,9,2011,6,9,40,0,3,3,SR-32,RIVER RD,0,44.99910833,-88.387238890,0,33,0,0,3,2,4,0,1,1,0,1,0,0000000,9,44,10,2,11,7,0,0,0,1,0
55,550360,1,1,0,0,0,1,1,83,0,17,9,2011,7,16,40,0,6,5,SAMPSON RD,,0,44.76464167,-87.986322220,0,11,0,0,1,1,1,0,1,1,0,1,0,0000000,16,42,16,52,99,99,0,0,0,1,0
55,550361,2,2,0,0,0,2,2,101,0,15,9,2011,5,14,52,1,2,3,SR-11,,0,42.68360833,-88.206027780,0,12,1,0,8,1,1,0,1,1,0,1,0,0000000,14,56,15,6,15,21,0,0,0,1,1
55,550362,1,1,0,0,0,1,1,119,0,21,9,2011,4,21,0,0,6,5,WATER DR,,0,45.11510833,-90.494788890,0,32,0,0,1,1,4,0,2,2,0,2,0,0000000,22,47,23,8,88,88,0,0,0,1,1
55,550363,1,1,0,0,0,1,1,133,3740,24,9,2011,7,20,43,0,12,3,SR-13,,0,43.10002778,-88.294730560,0,1,0,0,1,1,3,0,2,2,0,2,0,0000000,20,44,20,59,88,88,0,0,0,1,1
55,550364,1,1,0,0,0,1,1,133,0,25,9,2011,1,16,7,0,6,5,O NEIL RD,,0,43.19580278,-88.473813890,0,1,0,0,1,1,4,0,1,10,0,10,0,0000000,16,20,16,34,88,88,0,0,0,1,1
55,550365,1,1,0,0,0,2,2,29,0,10,9,2011,7,11,27,0,5,4,Q,,0,45.07645000,-87.116888890,0,30,0,0,1,1,4,0,1,1,0,1,0,0000000,11,28,11,38,12,12,6,0,0,1,0
55,550366,1,1,0,0,0,2,2,45,0,30,9,2011,6,9,50,1,2,3,SR-11,,0,42.60333056,-89.377580560,0,51,0,0,1,1,4,0,1,1,0,1,0,0000000,9,50,9,55,99,99,0,0,0,1,0
55,550367,1,1,0,0,0,2,2,101,3970,22,9,2011,5,0,36,0,14,6,LATHROP AVE,,0,42.70461667,-87.825963890,0,18,0,0,1,1,1,1,3,1,0,1,0,0000000,0,36,0,42,0,57,0,0,0,1,0
55,550368,1,1,0,0,0,1,1,135,0,9,9,2011,6,23,13,0,5,4,S,,0,44.66898333,-88.937258330,0,34,0,0,1,1,4,0,2,1,0,1,0,0000000,23,13,23,26,23,55,0,0,0,1,1
55,550369,1,1,0,1,1,2,2,25,2780,7,9,2011,4,11,45,0,13,2,US-51,US-151,0,43.11705000,-89.324713890,0,8,0,0,3,2,1,0,1,1,0,1,0,0000000,11,47,11,50,12,15,0,0,0,1,0
55,550370,2,2,0,0,0,2,2,127,0,8,9,2011,5,15,43,1,2,2,US-14,CR-M,0,42.65276389,-88.776666670,0,12,6,0,2,2,1,0,1,1,0,1,0,0000000,15,50,15,54,88,88,0,0,0,1,0
55,550371,3,3,0,0,0,3,3,121,4680,9,9,2011,6,14,25,0,3,2,US-10,LARCH ST,0,44.55631944,-91.401250000,0,12,1,0,3,3,1,0,1,1,0,1,0,0000000,14,26,14,38,99,99,0,0,0,1,0
55,550372,1,1,0,1,1,1,1,79,3100,9,9,2011,6,14,52,0,16,6,28TH ST S,,0,43.01316944,-87.950352780,0,8,0,0,1,1,1,0,1,1,0,1,1,0000000,99,99,99,99,99,99,0,0,0,1,0
55,550373,2,2,0,0,0,4,4,63,2490,28,9,2011,4,7,10,1,13,2,US-14/SR-61,WATERFORD VALLEY RD,0,43.75865278,-91.188869440,0,12,6,0,3,1,1,0,1,10,0,10,0,0000000,7,12,7,18,7,42,0,0,0,2,0
55,550374,1,1,0,0,0,1,1,109,0,28,9,2011,4,8,25,1,1,1,I-94,,42,44.96515556,-92.669602780,0,42,0,0,1,1,6,0,1,1,0,1,0,0000000,8,27,8,37,88,88,0,0,0,1,0
55,550375,2,2,0,0,0,3,3,43,0,29,9,2011,5,15,49,1,2,3,SR-129,A,0,42.84974444,-90.684738890,0,12,6,0,2,2,1,0,1,10,0,10,0,0000000,15,51,15,59,99,99,0,0,0,1,0
55,550376,2,2,0,0,0,2,2,71,5295,10,9,2011,7,6,10,1,2,2,US-10,,0,44.14463889,-87.824438890,0,12,6,0,8,1,7,0,4,1,0,1,0,0000000,6,15,6,26,88,88,0,0,0,1,1
55,550377,2,2,0,0,0,3,3,71,0,10,9,2011,7,17,12,0,3,3,SR-42,,0,44.30840278,-87.562908330,0,12,2,0,1,1,1,0,1,1,0,1,0,0000000,17,14,17,30,99,99,0,0,0,1,0
55,550378,2,2,0,0,0,2,2,21,1120,15,9,2011,5,9,47,1,2,2,US-151,SR-16,0,43.34816389,-89.035552780,0,12,6,1,5,1,1,0,1,1,0,1,0,0000000,9,47,9,52,10,40,0,0,0,1,0
55,550379,1,1,0,1,1,1,1,79,3100,20,8,2011,7,21,49,1,13,3,SR-57,VILLARD AVE W,0,43.11159167,-87.933061110,0,8,0,0,2,3,1,0,3,10,0,10,0,0000000,99,99,99,99,99,99,0,0,0,1,0
55,550380,1,1,0,0,0,4,4,25,0,17,9,2011,7,3,41,1,1,1,I-39,,1502,42.98696667,-89.131652780,0,1,0,0,1,1,2,0,2,1,0,1,0,0000000,99,99,99,99,99,99,0,0,0,1,1
55,550381,2,2,0,0,0,2,2,47,0,16,9,2011,6,8,5,0,2,3,SR-23,,0,43.85891389,-88.900527780,0,12,6,0,1,1,2,0,1,1,0,1,0,0000000,8,8,99,99,99,99,0,0,0,1,0
55,550382,2,2,0,0,0,2,2,103,0,30,9,2011,6,12,38,1,2,2,US-14,SR-58,0,43.29892500,-90.326538890,0,12,6,0,2,3,1,0,1,1,0,1,0,0000000,12,37,12,44,13,7,0,0,0,1,0
55,550383,2,2,0,0,0,3,3,67,0,30,9,2011,6,14,20,0,5,4,G,HH,0,45.08724722,-89.224238890,0,12,6,0,2,2,1,0,1,2,0,2,0,0000000,14,24,99,99,99,99,0,0,0,2,0
55,550384,2,2,0,0,0,3,3,129,0,30,9,2011,6,12,5,1,2,2,US-53,,0,45.99311944,-91.830113890,0,12,1,0,8,1,1,0,1,1,0,1,0,0000000,12,5,12,20,12,44,0,0,0,1,0
55,550385,1,1,0,1,1,1,1,39,0,18,9,2011,1,19,27,0,4,4,CR-WH,,0,43.83385556,-88.323961110,0,9,0,0,1,1,1,0,2,2,0,2,0,0000000,19,29,19,38,20,31,0,0,0,1,1
55,550386,2,2,0,0,0,2,2,25,0,19,9,2011,2,12,30,1,13,3,SR-113,,0,43.18374167,-89.411613890,0,12,1,0,8,1,1,0,1,10,0,10,0,0000000,12,33,12,40,13,50,0,0,0,1,0
55,550387,2,2,0,0,0,5,5,89,0,17,9,2011,7,17,22,0,13,4,CR-W,,0,43.28778889,-87.924605560,0,12,2,0,8,1,1,0,1,1,0,1,0,0000000,17,27,17,38,18,23,0,0,0,1,0
55,550388,2,2,0,0,0,3,3,73,0,1,9,2011,5,14,35,0,4,3,SR-153,DRAKE AVE,0,44.80077500,-90.099513890,0,12,6,0,2,3,1,0,1,10,0,10,0,0000000,14,38,14,40,15,21,0,0,0,1,0
55,550389,1,1,0,1,1,1,1,119,2940,23,9,2011,6,12,14,0,5,5,PERKINS ST,,0,45.13468333,-90.339400000,0,8,0,0,8,1,1,0,1,10,0,10,0,0000000,12,14,12,19,99,99,0,0,0,1,0
55,550390,1,1,0,0,0,1,1,75,0,26,9,2011,2,17,7,0,5,4,CR-P,,0,45.13700833,-87.964555560,0,32,0,0,1,1,4,0,1,2,0,2,0,0000000,17,8,17,23,18,58,0,0,0,1,0
55,550391,2,2,0,0,0,3,3,109,0,27,9,2011,3,7,57,0,4,4,CR-I,,0,45.06915000,-92.665372220,0,12,2,0,1,1,1,0,1,2,0,2,0,0000000,8,2,8,13,9,3,0,0,0,1,0
55,550392,2,2,0,0,0,3,3,105,0,3,10,2011,2,20,10,1,11,1,I-43,,28,42.54852500,-88.934563890,0,12,2,0,1,1,1,0,2,1,0,1,0,0000000,20,13,99,99,99,99,0,0,0,1,0
55,550393,4,4,0,0,0,4,4,105,0,3,10,2011,2,20,11,1,11,1,I-43,,28,42.54836667,-88.934391670,0,12,6,0,1,1,1,0,2,1,0,1,0,0000000,20,13,99,99,99,99,23,0,0,1,0
55,550394,2,2,0,1,1,1,1,79,3100,4,10,2011,3,7,21,1,11,1,I-794,,17,43.03263889,-87.900163890,0,12,1,0,1,1,1,4,1,10,0,10,0,0000000,7,26,7,39,88,88,15,23,0,1,0
55,550395,2,2,0,0,0,2,2,105,0,7,10,2011,6,19,5,0,4,4,D,CREEDY RD W,0,42.56181667,-89.063091670,0,12,1,0,2,3,1,0,1,1,0,1,0,0000000,19,5,99,99,88,88,0,0,0,1,1
55,550396,2,2,0,0,0,2,2,25,2780,8,10,2011,7,3,13,0,15,7,US-12 FRONTAGE RD,,0,43.03523056,-89.431666670,0,12,2,0,1,1,1,0,3,1,0,1,0,0000000,3,17,3,25,4,26,0,0,0,1,1
55,550397,2,2,0,0,0,3,3,25,0,8,10,2011,7,11,1,1,2,2,US-12,K,0,43.14058056,-89.520016670,0,12,6,0,2,2,1,0,1,1,0,1,0,0000000,11,1,11,10,11,42,0,0,0,1,0
55,550398,1,1,0,0,0,1,1,105,0,9,10,2011,1,13,27,1,2,3,SR-81,,0,42.51152222,-89.124341670,0,32,0,0,1,1,4,0,1,1,0,1,0,0000000,99,99,99,99,88,88,0,0,0,1,1
55,550399,1,1,0,1,1,1,1,25,2780,9,10,2011,1,12,36,0,13,6,MINERAL POINT RD,,0,43.06045556,-89.519316670,0,8,0,0,1,1,1,0,1,1,0,1,0,0000000,12,36,12,39,13,1,0,0,0,1,0
55,550400,1,1,0,1,1,1,1,101,3224,8,10,2011,7,7,18,0,15,6,SUNNYSLOPE DR,MARINER DR,0,42.72253889,-87.862991670,0,9,0,0,2,2,1,0,1,1,0,1,0,0000000,7,20,7,28,7,49,0,0,0,1,1
55,550401,1,1,0,0,0,1,1,9,0,14,10,2011,6,99,99,0,4,4,A,,0,44.61126111,-87.844505560,0,1,0,0,1,1,4,0,3,10,0,10,0,0000000,4,16,4,37,88,88,18,0,0,1,1
55,550402,1,1,0,0,0,1,1,85,0,14,10,2011,6,18,35,0,4,3,SR-32,,0,45.76606111,-89.068330560,0,34,0,0,1,1,4,0,2,2,0,2,0,0000000,18,35,18,56,88,88,0,0,0,1,1
55,550403,2,2,0,0,0,2,2,93,0,3,10,2011,2,14,0,0,3,3,SR-35,,0,44.61903056,-92.567375000,0,12,2,0,1,1,1,0,1,1,0,1,0,0000000,14,0,99,99,99,99,0,0,0,1,0
55,550404,1,1,0,0,0,1,1,137,0,11,10,2011,3,5,33,0,4,4,W,,0,44.17011667,-89.111919440,0,42,0,0,1,1,4,0,2,10,0,10,0,0000000,5,33,99,99,88,88,0,0,0,1,1
55,550405,1,1,0,1,1,1,1,105,2320,15,10,2011,7,9,21,0,14,6,MOUNT ZION RD,,0,42.70010833,-88.975916670,0,8,0,0,1,1,1,0,1,1,0,1,0,0000000,99,99,99,99,99,99,0,0,0,1,0
55,550406,1,1,0,0,0,1,1,115,0,7,10,2011,6,18,45,0,4,4,LAKE DR,,0,44.84228056,-88.512355560,0,31,0,0,1,1,4,0,3,1,0,1,0,0000000,18,47,18,57,88,88,0,0,0,1,1
55,550407,2,2,0,0,0,3,3,59,0,9,10,2011,1,14,51,0,4,4,P,396TH AVE,0,42.57602500,-88.295727780,0,12,6,0,2,3,1,0,1,1,0,1,0,0000000,14,51,14,56,15,19,0,0,0,2,0
55,550408,1,1,0,0,0,2,2,141,0,11,10,2011,3,16,28,0,6,5,DAY RD,,0,44.64394167,-90.079736110,0,34,0,0,6,1,4,0,1,10,0,10,0,692603G,16,30,16,38,99,99,6,0,0,1,0
55,550409,2,2,0,0,0,2,2,93,0,16,10,2011,1,15,45,0,6,5,825TH ST,,0,44.58199444,-92.545944440,0,12,1,0,1,1,1,0,1,1,0,1,0,0000000,15,45,15,59,16,4,0,0,0,1,2
55,550410,1,1,0,0,0,1,1,93,0,16,10,2011,1,99,99,0,5,4,A,,0,44.62661944,-92.332630560,0,1,0,0,1,1,4,1,1,1,0,1,0,0000000,15,32,15,46,88,88,6,18,0,1,0
55,550411,2,2,0,0,0,3,3,127,0,16,10,2011,1,15,45,1,2,3,SR-11,,0,42.69167500,-88.494783330,0,12,2,0,1,1,1,0,1,1,0,1,0,0000000,99,99,99,99,99,99,0,0,0,1,0
55,550412,1,1,0,0,0,4,4,61,0,16,10,2011,1,1,9,0,4,4,A,,0,44.51816389,-87.636322220,0,34,0,0,1,1,4,0,2,10,0,10,0,0000000,1,16,1,26,2,6,0,0,0,2,1
55,550413,1,1,0,0,0,1,1,105,2320,19,10,2011,4,12,51,0,13,2,US-51,,0,42.61274444,-89.030758330,0,34,0,0,1,1,4,0,1,10,0,10,0,0000000,12,51,12,56,13,28,0,0,0,1,0
55,550414,1,1,0,0,0,1,1,105,0,23,10,2011,1,5,14,0,6,5,SHARON RD,,0,42.66732778,-88.994105560,0,42,0,0,1,1,4,0,2,10,0,10,0,0000000,5,15,5,24,88,88,0,0,0,1,1
55,550415,1,1,0,0,0,1,1,79,3100,24,10,2011,2,2,14,1,11,1,I-94,,3090,43.03229722,-87.961694440,0,39,0,0,1,1,3,0,3,10,0,10,0,0000000,2,17,2,22,88,88,0,0,0,1,1
55,550416,1,1,0,0,0,1,1,31,0,16,10,2011,1,10,52,1,2,2,US-53,,0,46.16636389,-91.806613890,0,1,0,0,1,1,3,0,1,1,0,1,0,0000000,99,99,99,99,99,99,0,0,0,1,0
55,550417,1,1,0,0,0,2,2,135,0,25,10,2011,3,18,8,0,3,3,SR-49,,0,44.40298611,-89.097216670,0,34,0,0,1,1,4,0,5,2,0,2,0,0000000,18,8,99,99,18,34,0,0,0,1,1
55,550418,1,1,0,0,0,1,1,77,0,27,10,2011,5,23,15,0,6,5,1ST DR,,0,43.73789722,-89.597600000,0,42,0,0,1,1,4,0,2,1,0,1,0,0000000,23,17,23,31,88,88,0,0,0,1,1
55,550419,1,1,0,0,0,1,1,21,0,29,10,2011,7,17,55,0,6,3,SR-127,,0,43.61276111,-89.589475000,0,59,0,0,1,1,4,0,5,1,0,1,0,0000000,17,59,18,15,18,38,0,0,0,1,1
55,550420,1,1,0,0,0,1,1,113,0,30,10,2011,1,0,5,0,3,3,SR-70,,0,45.88323889,-90.933125000,0,34,0,0,1,1,4,0,2,10,0,10,0,0000000,0,8,0,35,88,88,0,0,0,1,1
55,550421,1,1,0,0,0,2,2,17,0,30,10,2011,1,99,99,0,6,5,140TH AVE,,0,45.04551944,-90.943708330,0,34,0,0,1,1,4,0,2,99,0,99,0,0000000,5,14,5,46,6,38,18,0,0,1,1
55,550422,1,1,0,3,3,2,2,71,0,12,10,2011,4,15,51,0,6,5,SHOTO RD,,0,44.17503611,-87.661541670,0,8,0,0,1,1,5,0,1,10,0,10,0,0000000,15,55,16,3,16,29,0,0,0,3,1