STATE,ST_CASE,VE_TOTAL,VE_FORMS,PVH_INVL,PEDS,PERNOTMVIT,PERMVIT,PERSONS,COUNTY,CITY,DAY,MONTH,YEAR,DAY_WEEK,HOUR,MINUTE,NHS,ROAD_FNC,ROUTE,TWAY_ID,TWAY_ID2,MILEPT,LATITUDE,LONGITUD,SP_JUR,HARM_EV,MAN_COLL,RELJCT1,RELJCT2,TYP_INT,REL_ROAD,WRK_ZONE,LGT_COND,WEATHER1,WEATHER2,WEATHER,SCH_BUS,RAIL,NOT_HOUR,NOT_MIN,ARR_HOUR,ARR_MIN,HOSP_HR,HOSP_MN,CF1,CF2,CF3,FATALS,DRUNK_DR
55,550423,1,1,0,1,1,1,1,79,3100,12,10,2011,4,18,32,0,14,6,N WATER ST,E MICHIGAN ST,0,43.03737222,-87.908922220,0,8,0,0,3,2,1,0,1,1,0,1,0,0000000,99,99,99,99,99,99,0,0,0,1,0
55,550424,1,1,0,1,1,1,1,101,3970,26,10,2011,4,6,31,1,13,3,SR-11,DREXEL AVE,0,42.69688333,-87.812641670,0,8,0,0,2,2,1,0,3,2,0,2,0,0000000,6,31,6,35,7,10,0,0,0,1,0
55,550425,2,2,0,0,0,2,2,17,0,26,10,2011,4,7,15,0,3,3,SR-27,,0,45.23613056,-91.109961110,0,12,2,0,1,1,1,0,4,10,0,10,0,0000000,7,15,7,34,88,88,0,0,0,2,0
55,550426,2,2,0,0,0,2,2,21,0,27,10,2011,5,13,4,0,3,3,SR-33,,0,43.56972500,-89.105947220,0,12,2,0,1,1,1,0,1,10,0,10,0,0000000,13,5,13,13,99,99,0,0,0,1,0
55,550427,2,2,0,0,0,2,2,1,0,17,10,2011,2,8,10,0,4,4,C,G,0,44.11196111,-89.617963890,0,12,6,0,2,2,1,0,1,1,0,1,0,0000000,8,13,8,25,99,99,0,0,0,1,0
55,550428,1,1,0,1,1,4,4,79,3100,30,10,2011,1,18,45,0,13,3,SR-57,,0,43.02206944,-87.947730560,0,8,0,0,1,1,1,0,2,2,0,2,0,0000000,18,48,18,53,19,20,0,0,0,1,0
55,550429,1,1,0,0,0,1,1,135,0,2,10,2011,1,12,56,0,4,4,CR-W,,0,44.33160278,-88.778250000,0,34,0,0,1,1,4,0,1,1,0,1,0,0000000,12,56,99,99,99,99,0,0,0,1,0
55,550430,2,2,0,0,0,2,2,75,0,4,10,2011,3,8,25,1,2,2,US-41,,0,45.06578611,-87.692841670,0,34,0,0,1,1,3,0,1,1,0,1,0,0000000,8,27,8,35,8,55,0,0,0,1,0
55,550431,2,2,0,0,0,3,3,25,0,4,10,2011,3,17,52,0,4,4,CR-V,SR-113,0,43.25004167,-89.461583330,0,12,6,0,2,3,1,0,1,1,0,1,0,0000000,17,52,17,56,99,99,0,0,0,1,0
55,550432,1,1,0,1,1,1,1,21,3830,5,10,2011,4,13,2,0,13,2,US-51,COLLINS ST W,0,43.56273611,-89.469519440,0,15,0,0,2,2,1,0,1,1,0,1,0,0000000,13,4,13,5,13,25,0,0,0,1,0
55,550433,2,2,0,0,0,3,3,133,970,7,10,2011,6,15,20,0,13,3,SR-83,BEAVER LAKE RD,0,43.13687500,-88.371977780,0,12,6,0,2,2,1,0,1,1,0,1,0,0000000,15,21,15,35,16,11,0,0,0,1,0
55,550434,1,1,0,1,1,1,1,133,708,3,10,2011,2,16,25,0,16,6,KLONDIKE CT,,0,43.08696667,-88.129975000,0,9,0,0,8,1,1,0,1,1,0,1,0,0000000,16,25,16,30,16,57,0,0,0,1,0
55,550435,2,2,0,0,0,2,2,69,0,18,10,2011,3,14,13,0,4,4,CR-K,PARK AVE,0,45.14518333,-89.693294440,0,12,6,0,3,3,1,0,1,1,0,1,0,0000000,14,15,14,20,14,52,0,0,0,1,0
55,550436,1,1,0,1,1,2,2,75,0,21,10,2011,6,22,19,1,2,2,US-41,FLAME RD,0,45.06668611,-87.690013890,0,8,0,0,3,3,1,0,2,1,0,1,0,0000000,22,19,22,27,22,51,0,0,0,1,0
55,550437,2,2,0,0,0,2,2,57,0,16,10,2011,1,0,21,0,4,4,CR-HH,,0,43.76260833,-89.885327780,0,12,6,0,1,1,1,0,2,10,0,10,0,0000000,0,27,0,42,1,25,0,0,0,1,1
55,550438,3,3,0,0,0,4,4,79,3100,24,10,2011,2,0,13,1,13,3,SR-181,GOOD HOPE RD W,0,43.14878611,-88.005458330,0,12,6,0,2,2,1,0,3,2,0,2,0,0000000,99,99,99,99,99,99,0,0,0,1,0
55,550439,2,2,0,0,0,2,2,99,0,26,10,2011,4,13,47,1,2,3,SR-13,,0,45.42417778,-90.300127780,0,59,0,0,1,1,4,0,1,10,0,10,0,0000000,13,52,14,1,14,30,0,0,0,1,0
55,550440,2,2,0,0,0,2,2,105,0,28,10,2011,6,0,0,1,11,1,I-39,,1780,42.63162500,-88.982558330,0,12,6,1,18,1,1,0,2,10,0,10,0,0000000,99,99,0,3,88,88,0,0,0,1,0
55,550441,4,4,0,0,0,9,9,131,0,28,10,2011,6,18,38,0,3,3,SR-60,,0,43.32413889,-88.230983330,0,12,6,0,1,1,1,0,2,10,0,10,0,0000000,18,41,18,45,99,99,0,0,0,1,1
55,550442,2,2,0,0,0,2,2,101,3224,17,9,2011,7,2,7,1,13,3,SR-11,,0,42.69726111,-87.862344440,0,12,1,0,1,1,2,0,2,10,0,10,0,0000000,2,11,2,18,2,58,0,0,0,1,1
55,550443,3,3,0,0,0,5,5,121,0,2,11,2011,4,11,34,1,1,1,I-94,,875,44.59038333,-91.213355560,0,12,8,0,1,1,1,0,1,10,0,10,0,0000000,99,99,99,99,99,99,0,0,0,2,0
55,550444,1,1,0,0,0,4,4,109,0,3,11,2011,5,1,15,1,1,1,I-94,,80,44.96282222,-92.620811110,0,2,0,0,1,1,1,0,2,1,0,1,0,0000000,99,99,99,99,88,88,0,0,0,1,0
55,550445,2,2,0,0,0,4,4,19,0,3,11,2011,5,14,30,0,6,5,TWENTY SIX RD,PELSDORF AVE,0,44.71237500,-90.475744440,0,12,6,0,2,2,1,0,1,1,0,1,0,0000000,14,31,14,42,15,45,0,0,0,2,0
55,550446,2,2,0,0,0,2,2,133,0,5,11,2011,7,0,26,1,11,1,I-94,MAPLE AVE,2898,43.04895556,-88.349327780,0,12,2,0,1,1,1,0,3,1,0,1,0,0000000,0,26,0,39,88,88,0,0,0,2,1
55,550447,1,1,0,0,0,1,1,125,0,5,11,2011,7,10,4,0,6,9,ELK POINT LN,CHICOG ST,0,45.96950833,-89.890547220,3,19,0,0,3,3,5,0,1,1,0,1,0,0000000,10,19,10,32,88,88,0,0,0,1,1
55,550448,1,1,0,0,0,1,1,135,0,5,11,2011,7,3,25,0,5,5,TANK RD,,0,44.41815000,-88.797786110,0,35,0,0,1,1,4,0,2,1,0,1,0,0000000,3,33,3,45,88,88,0,0,0,1,1
55,550449,1,1,0,0,0,1,1,57,0,6,11,2011,1,5,27,0,6,5,12TH AVE,,0,43.87628333,-90.092219440,0,1,0,0,1,1,1,0,2,1,0,1,0,0000000,99,99,99,99,88,88,0,0,0,1,1
55,550450,1,1,0,1,1,1,1,25,3140,9,11,2011,4,19,51,0,14,4,MONONA DR,COTTAGE GROVE RD,0,43.08370833,-89.325080560,0,8,0,0,2,3,1,0,3,10,0,10,0,0000000,99,99,99,99,99,99,0,0,0,1,0
55,550451,1,1,0,0,0,2,2,21,0,6,11,2011,1,16,32,0,6,5,GENRICH RD,,0,43.45624444,-89.281280560,0,59,0,0,1,1,4,0,1,1,0,1,0,0000000,16,33,16,41,99,99,0,0,0,2,1
55,550452,1,1,0,2,2,1,1,79,3100,6,11,2011,1,21,16,0,14,6,GREENFIELD AVE W,14TH ST S,0,43.01707222,-87.929383330,0,8,0,0,2,2,1,0,3,10,0,10,0,0000000,99,99,99,99,99,99,20,0,0,2,1
55,550453,1,1,0,0,0,1,1,53,540,6,11,2011,1,7,45,1,11,1,I-94,,1157,44.29576944,-90.822583330,0,1,0,0,1,1,3,0,1,10,0,10,0,0000000,7,49,7,53,99,99,0,0,0,1,0
55,550454,1,1,0,0,0,1,1,79,5130,8,11,2011,3,0,48,1,13,3,SR-190,,0,43.08945556,-88.052405560,0,21,0,0,1,1,3,0,3,10,0,10,0,0000000,0,49,0,54,88,88,0,0,0,1,1
55,550455,1,1,0,0,0,1,1,109,3400,8,11,2011,3,23,10,0,13,3,SR-65,PAPERJACK CREEK,0,45.10436667,-92.537505560,0,33,0,0,3,2,4,0,3,1,0,1,0,0000000,23,10,23,13,23,28,0,0,0,1,1
55,550456,2,2,0,0,0,2,2,135,0,9,11,2011,4,14,48,1,2,2,US-45,,0,44.30155000,-88.738983330,0,12,6,0,1,1,1,0,1,4,0,4,0,0000000,14,52,15,9,15,42,0,0,0,1,0
55,550457,2,2,0,0,0,7,7,115,0,9,11,2011,4,8,21,0,3,3,SR-156,,0,44.60270833,-88.379069440,0,12,6,0,1,1,1,0,1,4,0,4,0,0000000,8,21,99,99,99,99,0,0,0,3,0
55,550458,1,1,0,1,1,1,1,141,5400,11,11,2011,6,16,0,0,13,3,SR-13,14TH AVE N,0,44.39596389,-89.841022220,0,8,0,0,3,2,1,0,1,1,0,1,0,0000000,16,1,16,6,16,25,0,0,0,1,0
55,550459,1,1,0,0,0,2,2,103,0,19,11,2011,7,15,11,0,4,4,E,,0,43.30289722,-90.528744440,0,1,0,0,1,1,4,0,1,2,0,2,0,0000000,15,11,15,31,15,50,6,0,0,1,1
55,550460,1,1,0,0,0,2,2,73,0,13,11,2011,1,4,1,0,4,4,CR-X,CR-Z,0,44.96346389,-89.573236110,0,2,0,0,2,2,1,0,2,1,0,1,0,0000000,88,88,88,88,88,88,0,0,0,1,1
55,550461,2,1,1,0,0,1,1,79,3100,20,11,2011,1,1,30,0,14,6,VILLARD AVE W,,0,43.11211667,-87.998297220,0,33,0,0,1,1,3,0,3,1,0,1,0,0000000,99,99,99,99,88,88,0,0,0,1,1
55,550462,2,2,0,0,0,5,5,79,3100,15,11,2011,3,14,0,0,13,3,SR-241,OKLAHOMA AVE W,0,42.98861667,-87.948319440,0,12,6,0,2,2,1,0,1,10,0,10,0,0000000,99,99,99,99,99,99,0,0,0,1,1
55,550463,2,2,0,0,0,2,2,35,0,16,11,2011,4,6,30,0,4,4,CR-Q,,0,44.83078889,-91.320233330,0,11,0,0,1,1,1,0,2,1,0,1,0,0000000,99,99,99,99,99,99,0,0,0,1,0
55,550464,1,1,0,0,0,2,2,79,1921,19,11,2011,7,0,59,0,15,6,GOOD HOPE RD W,SENECA AVE N,0,43.14773889,-87.909166670,0,59,0,0,3,2,4,0,3,10,0,10,0,0000000,1,0,1,8,88,88,20,0,0,2,0
55,550465,2,2,0,0,0,2,2,97,0,23,11,2011,4,15,40,0,4,4,CR-J,5TH ST,0,44.48106944,-89.446902780,0,12,6,0,2,2,1,0,1,10,0,10,0,0000000,15,40,15,50,88,88,0,0,0,1,0
55,550466,1,1,0,0,0,2,2,121,0,28,11,2011,2,22,43,1,2,3,SR-93,,0,44.13775833,-91.437075000,0,59,0,0,8,1,4,0,2,1,0,1,0,0000000,22,57,23,7,88,88,0,0,0,1,1
55,550467,1,1,0,1,1,1,1,117,4330,29,11,2011,3,8,50,0,16,6,6TH ST N,,0,43.75240833,-87.709577780,0,8,0,0,1,1,1,0,1,10,0,10,0,0000000,8,52,8,55,9,8,0,0,0,1,0
55,550468,2,2,0,0,0,2,2,87,0,29,11,2011,3,12,41,0,2,3,SR-15,,0,44.30204167,-88.539897220,0,12,2,0,1,1,1,0,1,1,0,1,0,0000000,12,41,12,55,13,26,0,0,0,1,0
55,550469,1,1,0,0,0,1,1,107,0,19,11,2011,7,2,30,0,4,4,G,,0,45.32090278,-91.026794440,0,34,0,0,1,1,4,0,2,1,0,1,0,0000000,2,44,2,51,88,88,0,0,0,1,0
55,550470,2,2,0,0,0,2,2,79,3100,21,11,2011,2,16,4,0,14,3,SR-24,34TH ST S,0,42.99553333,-87.956905560,0,12,6,0,2,3,1,0,5,10,0,10,0,0000000,99,99,99,99,99,99,0,0,0,1,0
55,550471,1,1,0,1,1,1,1,59,2400,21,11,2011,2,18,51,0,15,6,26TH AVE,,0,42.57145833,-87.840355560,0,8,0,0,1,1,1,0,5,1,0,1,0,0000000,18,53,18,53,88,88,0,0,0,1,0
55,550472,1,1,0,0,0,1,1,93,0,22,11,2011,3,3,45,0,3,4,F,,0,44.77698056,-92.777702780,0,34,0,0,1,1,4,0,2,1,0,1,0,0000000,3,50,3,58,88,88,0,0,0,1,1
55,550473,2,2,0,0,0,3,3,109,0,21,11,2011,2,13,16,0,4,4,CR-A,,0,45.04221944,-92.629552780,0,12,2,0,1,1,1,0,1,1,0,1,0,0000000,13,17,13,36,14,10,0,0,0,1,0
55,550474,1,1,0,0,0,1,1,9,2000,30,11,2011,4,23,35,1,11,1,I-43 OFF RAMP,SR-54,0,44.51885556,-87.961969440,0,31,0,1,5,1,2,0,2,1,0,1,0,0000000,23,46,23,53,88,88,0,0,0,1,1
55,550475,2,2,0,0,0,2,2,97,3796,23,11,2011,4,13,3,1,13,3,SR-54,MAPLE DR,0,44.45003889,-89.543444440,0,12,6,0,2,2,1,0,1,10,0,10,0,0000000,13,5,13,12,99,99,0,0,0,1,1
55,550476,1,1,0,0,0,1,1,111,0,27,11,2011,1,19,42,0,6,5,EVERGREEN RD,EVERGREEN LN,0,43.51844167,-89.892094440,0,34,0,0,3,3,4,0,2,10,0,10,0,0000000,19,45,19,54,20,35,0,0,0,1,0
55,550477,1,1,0,0,0,1,1,49,0,23,11,2011,4,21,44,1,2,2,US-151 RAMP,,0,42.93577222,-90.130700000,0,34,0,0,5,1,4,0,2,1,0,1,0,0000000,21,45,21,56,22,13,0,0,0,1,1
55,550478,1,1,0,0,0,1,1,109,0,24,11,2011,5,2,35,0,4,4,A,,0,45.09051944,-92.572519440,0,38,0,0,1,1,4,0,2,10,0,10,0,0000000,7,52,7,58,88,88,18,0,0,1,1
55,550479,1,1,0,1,1,2,2,25,3140,26,11,2011,7,17,53,0,14,4,MONONA DR,,0,43.07970556,-89.324055560,0,8,0,0,1,1,1,0,3,2,0,2,0,0000000,99,99,99,99,99,99,0,0,0,1,1
55,550480,1,1,0,0,0,2,2,93,0,23,11,2011,4,1,5,0,4,4,P,,0,44.77356944,-92.142119440,0,34,0,0,1,1,4,0,2,10,0,10,0,0000000,1,12,1,17,99,99,0,0,0,1,1
55,550481,2,2,0,0,0,2,2,127,0,25,11,2011,6,16,4,0,3,3,SR-14,,0,42.56644444,-88.656863890,0,12,2,0,1,1,1,0,5,1,0,1,0,0000000,16,4,16,45,88,88,0,0,0,1,0
55,550482,1,1,0,0,0,1,1,9,0,10,11,2011,5,0,16,1,2,2,US-14,,0,44.38468889,-88.163366670,0,34,0,0,1,1,3,0,2,10,0,10,0,0000000,99,99,99,99,99,99,0,0,0,1,0
55,550483,1,1,0,0,0,1,1,79,2015,23,11,2011,4,13,19,0,16,6,116TH ST S,,0,42.95635556,-88.057872220,0,34,0,0,1,1,4,0,1,1,0,1,0,0000000,13,21,13,30,13,53,0,0,0,1,0
55,550484,9,9,0,0,0,9,9,131,1890,8,11,2011,3,9,6,1,12,2,US-41,,0,43.24546389,-88.181627780,0,12,6,0,1,1,1,0,1,2,0,2,0,0000000,9,11,9,15,99,99,14,0,0,1,0
55,550485,2,2,0,0,0,2,2,101,0,28,11,2011,2,8,36,0,2,3,SR-20,C,0,42.72913611,-87.966202780,0,12,6,0,2,2,1,0,1,10,0,10,0,0000000,8,37,8,51,88,88,0,0,0,1,0
55,550486,2,2,0,0,0,4,4,59,2400,28,11,2011,2,10,22,1,13,3,SR-32,58TH ST,0,42.58279722,-87.821883330,0,12,6,0,2,2,1,0,1,10,0,10,0,0000000,10,24,10,35,10,47,0,0,0,1,0
55,550487,1,1,0,0,0,1,1,53,0,1,12,2011,5,21,0,0,4,4,E,,0,44.35984722,-90.791316670,0,1,0,0,1,1,4,0,2,10,0,10,0,0000000,99,99,99,99,88,88,0,0,0,1,1
55,550488,1,1,0,1,1,2,2,35,110,7,9,2011,4,12,16,0,16,6,HILLCREST PKY N,,0,44.79610278,-91.441933330,0,8,0,0,1,1,1,0,1,1,0,1,0,0000000,12,16,99,99,99,99,0,0,0,1,0
55,550489,2,2,0,0,0,4,4,121,0,2,12,2011,6,15,39,0,2,3,SR-93,,0,44.10069444,-91.456886110,0,12,2,0,1,1,1,0,1,1,0,1,0,0000000,99,99,99,99,99,99,0,0,0,2,0
55,550490,2,2,0,0,0,4,4,137,0,1,12,2011,5,1,55,0,3,3,SR-49,,0,44.03914167,-88.978994440,0,12,2,0,1,1,1,0,2,1,0,1,0,0000000,1,55,2,15,99,99,0,0,0,1,2
55,550491,2,2,0,0,0,3,3,53,0,3,12,2011,7,15,54,0,4,4,A,,0,44.37106111,-90.985066670,0,12,6,0,1,1,1,0,1,4,0,4,0,0000000,16,2,16,13,16,30,0,0,0,1,0
55,550492,1,1,0,0,0,1,1,43,0,2,12,2011,6,99,99,0,4,4,U,,0,42.70852500,-90.734883330,0,1,0,0,1,1,4,0,2,10,0,10,0,0000000,19,25,19,35,88,88,0,0,0,1,1
55,550493,1,1,0,1,1,4,4,79,3100,3,12,2011,7,20,25,0,14,3,SR-32,CLEMENT AVE S,0,42.99474722,-87.894369440,0,8,0,1,3,2,1,0,3,2,0,2,0,0000000,20,28,99,99,88,88,0,0,0,1,0
55,550494,1,1,0,0,0,2,2,31,3820,25,8,2011,5,18,30,0,6,5,BALSAM DR S,,0,46.57240833,-91.773383330,0,42,0,0,1,1,5,0,1,1,0,1,0,0000000,99,99,99,99,99,99,0,0,0,1,0
55,550495,2,2,0,0,0,3,3,75,0,4,12,2011,1,12,0,1,2,2,US-141,,0,45.20211111,-87.994147220,0,12,2,0,1,1,1,0,1,1,0,1,0,0000000,12,2,12,9,99,99,0,0,0,1,0
55,550496,1,1,0,0,0,1,1,31,4730,4,12,2011,1,99,99,0,15,6,21ST ST N,,0,46.71344167,-92.140716670,0,33,0,0,1,1,4,0,2,99,0,99,0,0000000,10,34,10,35,88,88,0,0,0,1,1
55,550497,2,2,0,0,0,2,2,135,0,8,12,2011,5,21,25,0,3,3,SR-22,,0,44.29186944,-89.164494440,0,12,2,0,1,1,1,0,2,1,0,1,0,0000000,21,29,21,34,99,99,0,0,0,1,0
55,550498,1,1,0,0,0,1,1,25,2780,6,12,2011,3,21,55,1,11,1,I-39,,1385,43.09891944,-89.283677780,0,24,0,0,1,1,4,0,2,1,0,1,0,0000000,99,99,99,99,88,88,0,0,0,1,1
55,550499,2,2,0,0,0,3,3,39,0,10,12,2011,7,22,45,1,2,3,SR-26,,0,43.69221111,-88.674350000,0,12,6,0,1,1,1,0,2,10,0,10,0,0000000,22,47,22,55,99,99,0,0,0,2,1
55,550500,1,1,0,0,0,1,1,1,0,9,12,2011,6,99,99,0,6,5,10TH DR,,0,44.08596389,-89.788061110,0,42,0,0,1,1,4,0,2,1,0,1,0,0000000,88,88,88,88,88,88,18,0,0,1,1
55,550501,1,1,0,0,0,1,1,133,0,9,12,2011,6,20,33,0,14,4,JK,,0,43.10809444,-88.266511110,0,42,0,0,1,1,4,0,2,1,0,1,0,0000000,20,33,99,99,88,88,0,0,0,1,1
55,550502,2,2,0,0,0,5,5,131,0,17,12,2011,7,8,7,1,2,2,US-41,,0,43.47141944,-88.366819440,0,59,0,1,18,1,1,0,1,10,0,10,0,0000000,8,10,8,20,99,99,0,0,0,1,0
55,550503,2,2,0,0,0,2,2,131,0,13,12,2011,3,11,34,0,14,3,SR-144,,0,43.39118889,-88.266166670,0,12,2,0,1,1,1,0,1,10,0,10,0,0000000,11,36,11,40,12,24,0,0,0,1,0
55,550504,2,2,0,0,0,2,2,99,0,14,12,2011,4,9,40,1,2,3,SR-13,,0,45.97149167,-90.489119440,0,12,2,0,1,1,1,0,1,3,5,3,0,0000000,9,44,9,57,10,5,0,0,0,1,0
55,550505,2,2,0,0,0,2,2,135,0,14,12,2011,4,16,35,1,2,2,US-10,VAUGHN RD,0,44.32923333,-89.001041670,0,12,6,0,7,1,1,0,1,5,0,5,0,0000000,99,98,99,98,88,88,0,0,0,1,0
55,550506,1,1,0,0,0,1,1,9,0,19,12,2011,2,4,48,1,2,2,US-41,,0,44.37202222,-88.172794440,0,1,0,0,1,1,3,0,2,1,0,1,0,0000000,4,48,5,5,88,88,0,0,0,1,0
55,550507,2,1,1,2,2,1,1,79,3100,19,12,2011,2,16,50,0,13,3,SR-38,GRANT ST W,0,43.00471111,-87.918738890,0,8,0,0,3,2,1,0,3,1,0,1,0,0000000,99,99,99,99,17,32,14,0,0,1,0
55,550508,1,1,0,0,0,1,1,73,0,19,12,2011,2,2,34,0,4,4,CR-Z,,0,44.97086111,-89.545352780,0,42,0,0,1,1,5,0,2,10,0,10,0,0000000,99,99,99,99,88,88,0,0,0,1,0
55,550509,1,1,0,0,0,1,1,27,0,16,12,2011,6,3,40,0,4,4,CR-G,,0,43.44782222,-88.873913890,0,34,0,0,1,1,4,0,2,1,0,1,0,0000000,3,43,3,53,88,88,0,0,0,1,0
55,550510,1,1,0,0,0,5,5,35,0,20,12,2011,3,18,48,0,6,5,WALNUT RD,,0,44.72701111,-91.407113890,0,18,0,0,1,1,4,0,2,1,0,1,0,0000000,99,99,99,99,99,99,0,0,0,3,0
55,550511,2,2,0,0,0,3,3,75,0,21,12,2011,4,9,40,1,2,2,US-141,,0,45.34220556,-87.964183330,0,12,6,0,1,1,2,0,1,1,0,1,0,0000000,9,40,9,51,99,99,0,0,0,1,0
55,550512,1,1,0,0,0,2,2,139,0,18,12,2011,1,5,3,0,4,4,GG,,0,44.11136667,-88.619188890,0,34,0,0,1,1,4,0,2,1,0,1,0,0000000,5,9,5,14,88,88,0,0,0,2,1
55,550513,1,1,0,0,0,1,1,7,0,18,12,2011,1,20,4,0,3,3,SR-13,,0,46.61933611,-90.934552780,0,35,0,0,1,1,4,0,2,1,0,1,0,0000000,99,99,99,99,88,88,0,0,0,1,1
55,550514,1,1,0,0,0,1,1,115,0,23,12,2011,6,0,5,0,4,4,CR-H,,0,44.80138889,-88.568819440,0,42,0,0,1,1,4,0,3,1,0,1,0,0000000,0,53,99,99,88,88,0,0,0,1,1
55,550515,1,1,0,0,0,3,3,73,0,17,12,2011,7,22,57,0,4,4,C,,0,45.12057222,-90.190344440,0,59,0,0,1,1,4,0,2,10,0,10,0,0000000,22,59,23,19,99,99,0,0,0,2,1
55,550516,1,1,0,0,0,1,1,29,0,23,12,2011,6,17,33,0,5,4,CR-E,,0,45.05420833,-87.199111110,0,42,0,0,1,1,4,0,2,4,0,4,0,0000000,17,31,17,56,18,29,0,0,0,1,1
55,550517,1,1,0,0,0,1,1,81,0,24,12,2011,7,2,35,0,4,3,SR-71,DAKOTA RD,0,44.06481111,-90.891102780,0,1,0,0,3,3,4,0,2,10,0,10,0,0000000,2,40,2,51,88,88,0,0,0,1,1
55,550518,2,1,1,0,0,3,3,79,3100,26,12,2011,2,1,56,0,14,6,ATKINSON AVE W,21ST ST N,0,43.09115833,-87.938350000,0,14,0,0,3,3,2,0,3,1,0,1,0,0000000,99,99,99,99,99,99,0,0,0,1,1
55,550519,1,1,0,0,0,1,1,87,2630,8,12,2011,5,1,17,0,13,4,NORTH AVE,ROSE HILL RD,0,44.28857500,-88.288163890,0,32,0,0,3,2,4,0,3,1,0,1,0,0000000,1,17,1,20,88,88,0,0,0,1,0
55,550520,2,2,0,0,0,3,3,59,0,30,12,2011,6,16,59,1,2,3,SR-50,P,0,42.58333333,-88.296288890,0,12,6,0,2,2,1,0,3,2,0,2,0,0000000,17,0,17,9,99,99,0,0,0,1,0
55,550521,1,1,0,1,1,1,1,79,5160,30,12,2011,6,16,35,0,14,6,LINCOLN AVE W,52ND ST S,0,43.00288611,-87.978244440,0,8,0,0,2,3,1,0,3,2,0,2,0,0000000,16,36,16,41,17,10,0,0,0,1,0
55,550522,1,1,0,0,0,2,2,63,0,11,12,2011,1,8,19,1,11,1,I-90,,95,43.87559444,-91.125302780,0,52,0,0,1,1,3,0,1,1,0,1,0,0000000,99,99,99,99,99,99,0,0,0,1,0
55,550523,1,1,0,0,0,2,2,25,0,22,12,2011,5,6,30,0,4,4,CR-Y,,0,43.24930278,-89.727266670,0,53,0,0,1,1,4,0,2,4,0,4,0,0000000,6,49,7,4,7,35,0,0,0,1,0
55,550524,1,1,0,0,0,1,1,73,0,29,12,2011,5,11,0,0,4,4,CR-K,,0,45.05049722,-89.692302780,0,32,0,0,8,1,4,0,1,10,0,10,0,0000000,11,5,11,15,88,88,0,0,0,1,0
55,550525,2,2,0,0,0,2,2,75,0,29,12,2011,5,13,7,1,2,2,US-141,,0,45.69521111,-87.953411110,0,12,6,0,1,1,1,0,1,4,0,4,0,0000000,13,11,13,28,14,2,0,0,0,1,0
55,550526,1,1,0,1,1,1,1,63,2490,29,12,2011,5,14,33,0,15,6,FARNHAM ST,,0,43.79797222,-91.217572220,0,15,0,0,1,1,1,0,1,1,0,1,0,0000000,14,33,14,41,15,1,0,0,0,1,0
55,550527,1,1,0,0,0,1,1,9,0,29,12,2011,5,19,26,0,6,5,GLENMORE RD,,0,44.38174444,-87.927772220,0,53,0,0,1,1,4,0,2,10,0,10,0,0000000,19,29,19,43,88,88,0,0,0,1,1
55,550528,2,2,0,0,0,2,2,133,0,29,12,2011,5,7,47,0,12,3,SR-16/67 BYPASS,,0,43.13575833,-88.478636110,0,12,2,0,1,1,1,0,4,1,0,1,0,0000000,99,99,99,99,99,99,0,0,0,1,0
55,550529,2,2,0,0,0,2,2,59,2400,11,12,2011,1,17,54,0,14,6,60TH ST,26TH AVE,0,42.58075833,-87.840555560,0,12,2,0,2,3,1,0,3,1,0,1,0,0000000,17,58,18,2,18,44,0,0,0,1,0
55,550530,1,1,0,0,0,3,3,77,0,11,12,2011,1,0,53,0,2,3,SR-23,,0,43.79534167,-89.380197220,0,1,0,0,1,1,4,0,2,1,0,1,0,0000000,0,55,1,5,99,99,0,0,0,2,0
55,550531,2,2,0,0,0,2,2,131,0,10,12,2011,7,16,52,0,14,4,CR-P,,0,43.36430278,-88.181688890,0,12,2,0,1,1,1,0,1,10,0,10,0,0000000,16,54,17,3,99,99,0,0,0,1,1
55,550532,1,1,0,0,0,1,1,133,0,3,12,2011,7,15,28,0,14,4,CR-I,,0,42.92190833,-88.306636110,0,1,0,0,1,1,4,0,1,10,0,10,0,0000000,99,99,99,99,88,88,0,0,0,1,0
55,550533,1,1,0,0,0,2,2,65,0,20,8,2011,7,19,35,0,6,5,DUNBARTON RD,,0,42.56604722,-90.191383330,0,38,0,0,1,1,4,0,5,1,0,1,0,0000000,19,59,20,6,20,42,0,0,0,1,1
55,550535,1,1,0,0,0,1,1,73,2476,23,12,2011,6,14,39,1,11,1,I-39,,1809,44.80679722,-89.676002780,0,59,0,0,1,1,3,0,1,4,0,4,0,0000000,14,39,99,99,99,96,0,0,0,1,0
56,560001,1,1,0,0,0,2,2,13,0,16,1,2011,1,18,58,0,4,4,TWEED LN,,20,42.87700278,-108.745936110,0,58,0,0,1,1,4,0,2,1,0,1,0,0000000,19,2,19,8,99,99,0,0,0,1,0
56,560002,1,1,0,0,0,7,7,41,0,29,1,2011,7,0,50,1,1,1,I-80,,155,41.30155556,-110.761977780,0,31,0,0,1,1,4,0,2,1,0,1,0,0000000,0,52,1,9,1,24,0,0,0,1,0
56,560003,1,1,0,1,1,1,1,21,100,25,1,2011,3,18,52,1,12,2,US-85,,63,41.08920833,-104.800377780,0,8,0,0,1,1,1,0,2,1,0,1,0,0000000,18,52,18,56,88,88,0,0,0,1,0
56,560004,1,1,0,0,0,1,1,37,0,4,2,2011,6,22,10,1,1,1,I-80,,1089,41.59960833,-109.154572220,0,31,0,0,1,1,4,0,2,10,6,6,0,0000000,22,14,22,21,88,88,0,0,0,1,1