STATE,ST_CASE,VE_TOTAL,VE_FORMS,PVH_INVL,PEDS,PERNOTMVIT,PERMVIT,PERSONS,COUNTY,CITY,DAY,MONTH,YEAR,DAY_WEEK,HOUR,MINUTE,NHS,ROAD_FNC,ROUTE,TWAY_ID,TWAY_ID2,MILEPT,LATITUDE,LONGITUD,SP_JUR,HARM_EV,MAN_COLL,RELJCT1,RELJCT2,TYP_INT,REL_ROAD,WRK_ZONE,LGT_COND,WEATHER1,WEATHER2,WEATHER,SCH_BUS,RAIL,NOT_HOUR,NOT_MIN,ARR_HOUR,ARR_MIN,HOSP_HR,HOSP_MN,CF1,CF2,CF3,FATALS,DRUNK_DR
56,560005,1,1,0,0,0,1,1,13,0,4,2,2011,6,9,0,1,2,2,US-20,,1145,43.42369444,-108.177483330,0,17,0,0,1,1,4,0,1,1,0,1,0,0000000,88,88,88,88,88,88,0,0,0,1,0
56,560006,1,1,0,0,0,1,1,31,0,13,2,2011,1,12,55,1,1,1,I-25,,708,41.92393333,-104.940344440,0,1,0,0,1,1,3,0,1,6,0,6,0,0000000,12,59,13,7,88,88,0,0,0,1,0
56,560007,1,1,0,0,0,2,2,5,0,17,2,2011,5,23,0,0,4,3,SR-51,,1460,44.28463056,-105.102661110,0,1,0,0,1,1,4,0,2,1,0,1,0,0000000,88,88,88,88,88,88,0,0,0,2,1
56,560008,1,1,0,0,0,2,2,21,100,19,2,2011,7,2,18,1,11,1,I-25 RAMP,US-30,3595,41.11809444,-104.851844440,0,1,0,1,5,1,8,0,2,1,0,1,0,0000000,2,20,2,24,2,50,0,0,0,1,1
56,560009,2,2,0,0,0,6,6,13,710,23,2,2011,4,13,35,0,13,2,US-26 (SR-789),,1063,43.04167500,-108.380683330,0,33,0,0,1,1,4,0,1,1,0,1,0,0000000,13,37,13,51,13,58,0,0,0,2,1
56,560010,2,2,0,0,0,2,2,33,0,4,3,2011,6,5,45,1,1,1,I-90,,340,44.65966667,-106.874727780,0,12,1,0,1,1,1,0,2,4,0,4,0,0000000,5,50,6,10,88,88,0,0,0,1,0
56,560011,2,2,0,0,0,3,3,25,90,1,3,2011,3,17,45,0,15,6,SALT CREEK HWY,PRAIRIE LN,182,42.91481389,-106.338172220,0,12,6,0,2,3,1,0,1,1,0,1,0,0000000,17,51,17,57,18,22,0,0,0,1,1
56,560012,1,1,0,0,0,1,1,33,750,4,3,2011,6,12,45,1,11,1,I-90,,240,44.75498056,-106.933577780,0,1,0,0,1,1,4,0,1,10,0,10,0,0000000,12,49,12,56,88,88,0,0,0,1,0
56,560013,1,1,0,0,0,1,1,3,0,11,3,2011,6,23,40,0,4,3,SR-30,,1255,44.50124167,-108.432447220,0,32,0,0,1,1,4,0,2,1,0,1,0,0000000,7,12,7,37,88,88,18,0,0,1,1
56,560014,1,1,0,0,0,1,1,3,0,13,3,2011,1,1,37,1,2,2,US-16,,1899,44.28466111,-108.041969440,0,35,0,0,1,1,4,0,2,1,0,1,0,0000000,1,42,1,54,88,88,0,0,0,1,1
56,560015,1,1,0,0,0,11,11,7,0,20,3,2011,1,6,4,1,1,1,I-80,,2042,41.78615000,-107.407294440,0,1,0,0,1,1,4,0,2,1,0,1,0,0000000,6,11,6,20,7,54,0,0,0,1,0
56,560016,3,3,0,0,0,4,4,23,0,22,3,2011,3,10,55,0,4,4,MUDDY STRING RD,THAYNE BEDFORD RD,0,42.91704722,-110.972769440,0,12,6,0,2,3,1,0,1,4,11,4,0,0000000,10,57,11,6,11,45,0,0,0,1,0
56,560017,1,1,0,0,0,1,1,21,0,21,3,2011,2,22,35,0,5,4,CHALK BLUFFS RD,US-85,0,41.04428056,-104.788077780,0,38,0,0,3,3,5,0,2,1,0,1,0,0000000,88,88,88,88,88,88,0,0,0,1,0
56,560018,2,2,0,0,0,2,2,5,310,16,3,2011,4,10,10,0,15,4,SOUTHERN DR,,20,44.24686389,-105.509616670,0,12,7,0,1,1,1,0,1,1,0,1,0,0000000,10,10,10,17,10,26,0,0,0,1,0
56,560019,1,1,0,0,0,2,2,5,310,22,3,2011,3,14,0,1,11,1,I-90,,1191,44.27758611,-105.604344440,0,1,0,0,1,1,3,0,1,1,0,1,0,0000000,99,99,99,99,99,99,0,0,0,2,0
56,560020,2,2,0,0,0,3,3,1,0,25,3,2011,6,5,40,1,1,1,I-80,,3359,41.12225000,-105.290861110,0,12,1,0,1,1,1,0,2,1,0,1,0,0000000,5,48,6,13,7,2,0,0,0,1,1
56,560021,2,2,0,0,0,2,2,25,90,7,4,2011,5,13,52,1,13,2,US-16,NORTH DESMET AVE,918,44.34828889,-106.705233330,0,12,6,0,2,3,1,0,1,1,0,1,0,0000000,13,52,13,54,99,99,0,0,0,1,0
56,560022,1,1,0,0,0,2,2,23,0,11,4,2011,2,6,20,1,2,2,US-30,,770,41.78152222,-110.192936110,0,1,0,0,1,1,4,0,4,1,0,1,0,0000000,6,31,6,49,7,28,0,0,0,1,0
56,560023,1,1,0,0,0,1,1,1,0,14,4,2011,5,11,25,0,3,3,SR-230,,405,41.00673611,-106.176702780,0,35,0,0,1,1,4,0,1,4,0,4,0,0000000,11,26,12,4,88,88,0,0,0,1,0
56,560024,1,1,0,0,0,2,2,33,0,19,4,2011,3,15,0,1,1,1,I-90,,329,44.67342778,-106.886522220,0,34,0,0,1,1,3,0,1,10,0,10,0,0000000,12,29,12,39,13,45,18,0,0,1,0
56,560025,1,1,0,0,0,1,1,7,0,1,5,2011,1,9,0,1,1,1,I-80,,2365,41.74189167,-106.806397220,0,23,0,0,1,1,5,0,1,1,0,1,0,0000000,88,88,88,88,88,88,0,0,0,1,0
56,560026,5,2,3,1,1,2,2,25,90,3,5,2011,3,9,1,0,16,6,CENTER ST,,0,42.84421667,-106.325150000,0,14,0,0,1,1,4,0,1,1,0,1,0,0000000,9,2,9,4,9,14,14,20,0,1,1
56,560027,1,1,0,0,0,1,1,11,0,8,5,2011,1,14,0,0,6,8,FOREST SVC RD 841,,99998,44.52250000,-104.417500000,0,35,0,0,1,1,4,0,1,1,0,1,0,0000000,88,88,88,88,88,88,0,0,0,1,0
56,560028,1,1,0,0,0,1,1,25,0,9,5,2011,2,11,5,1,2,3,SR-220,,867,42.56382500,-106.720908330,0,32,0,0,1,1,4,0,1,1,0,1,0,0000000,11,8,11,39,88,88,0,0,0,1,0
56,560029,1,1,0,0,0,2,2,21,0,13,5,2011,6,20,7,0,4,3,SR-210,,79,41.14897222,-104.983319440,0,1,0,0,1,1,4,0,5,1,0,1,0,0000000,20,7,20,18,20,48,0,0,0,1,1
56,560030,1,1,0,0,0,1,1,21,0,3,5,2011,3,8,0,0,4,3,SR-210,,49,41.13597778,-104.931900000,0,35,0,0,1,1,4,0,1,1,0,1,0,0000000,8,0,8,10,8,32,0,0,0,1,0
56,560031,2,2,0,0,0,5,5,41,0,18,5,2011,4,17,35,0,3,2,US-189,,37,41.35116944,-110.688608330,0,12,6,0,1,1,1,0,1,3,0,3,0,0000000,99,99,99,99,99,99,0,0,0,1,0
56,560032,2,2,0,0,0,3,3,21,100,18,5,2011,4,13,17,0,13,3,SR-212,,56,41.12408889,-104.766955560,0,12,6,0,1,1,1,0,1,1,0,1,0,0000000,13,18,13,25,13,50,19,0,0,1,0
56,560033,2,2,0,0,0,3,3,21,100,19,5,2011,5,1,45,0,15,2,US-30 (SR-225),I-80 RAMP,3597,41.11453889,-104.863427780,0,12,6,1,3,3,1,0,3,2,10,2,0,0000000,1,52,1,59,2,20,0,0,0,1,0
56,560034,1,1,0,0,0,1,1,25,590,25,5,2011,4,14,32,0,16,6,RIVERVIEW AVE,PENDELL BLVD,0,42.84550000,-106.370125000,0,1,0,0,3,4,4,0,1,1,0,1,0,0000000,14,33,14,37,88,88,0,0,0,1,1
56,560035,2,2,0,0,0,3,3,37,730,8,5,2011,1,1,43,0,16,6,ELK ST,,0,41.59784722,-109.230961110,0,12,8,0,1,1,1,0,2,1,0,1,0,0000000,1,43,1,48,2,11,0,0,0,1,1
56,560036,1,1,0,0,0,1,1,11,0,4,6,2011,7,14,0,0,6,8,FOREST SVC RD 841,,99998,44.51611111,-104.426111110,0,42,0,0,1,1,4,0,1,1,0,1,0,0000000,15,48,16,30,88,88,0,0,0,1,1
56,560037,2,2,0,0,0,2,2,21,0,5,6,2011,1,16,57,1,1,1,I-80,,3502,41.10260000,-105.026858330,0,12,1,0,1,1,1,0,1,1,0,1,0,0000000,16,58,17,15,19,21,0,0,0,1,0
56,560038,1,1,0,0,0,1,1,23,430,18,6,2011,7,18,44,1,2,2,US-30,,553,41.76947778,-110.542144440,0,1,0,0,1,1,4,0,1,10,0,10,0,0000000,18,50,19,0,19,20,0,0,0,1,1
56,560039,1,1,0,0,0,1,1,19,60,18,6,2011,7,23,17,0,16,6,W FETTERMAN ST,ALLEY,0,44.34662500,-106.699458330,0,39,0,0,3,3,4,0,3,1,0,1,0,0000000,23,17,23,23,88,88,0,0,0,1,1
56,560040,1,1,0,0,0,1,1,35,0,21,6,2011,3,16,0,0,4,3,SR-235,,39,42.27761667,-110.253205560,0,11,0,0,1,1,1,0,1,1,0,1,0,0000000,16,0,16,34,16,58,0,0,0,1,0
56,560041,2,2,0,0,0,4,4,45,0,22,6,2011,4,15,25,0,6,4,BEAVER CREEK RD,,16,43.83502222,-104.106858330,0,12,2,0,1,1,1,0,1,1,0,1,0,0000000,15,28,15,38,99,99,0,0,0,2,1
56,560042,2,2,0,0,0,2,2,21,100,4,6,2011,7,23,29,0,13,6,DELL RANGE BLVD,MOUNTAIN RD,0,41.16017500,-104.783108330,0,12,6,1,2,3,1,0,3,1,0,1,0,0000000,23,31,23,35,23,50,0,0,0,1,0
56,560043,2,2,0,0,0,3,3,37,0,30,6,2011,5,15,53,1,1,1,I-80,,1618,41.64149722,-108.199758330,0,1,0,0,1,1,3,0,1,1,0,1,0,0000000,15,55,16,8,88,88,0,0,0,1,0
56,560044,1,1,0,0,0,2,2,5,0,30,6,2011,5,20,0,0,3,3,SR-59,,1623,44.88713889,-105.375080560,0,1,0,0,1,1,4,0,2,99,0,99,0,0000000,20,6,20,48,21,48,0,0,0,2,1
56,560045,1,1,0,0,0,1,1,33,0,23,6,2011,5,3,55,1,1,1,I-90,,146,44.90526111,-107.029602780,0,1,0,1,19,1,3,0,2,10,0,10,0,0000000,3,59,4,8,4,35,0,0,0,1,0
56,560046,2,2,0,0,0,3,3,3,0,23,6,2011,5,10,0,1,2,2,US-14,ROAD 35 1/2,100,44.52045833,-107.868333330,0,12,1,0,3,3,1,0,1,1,0,1,0,0000000,99,99,99,99,99,99,0,0,0,1,0
56,560047,2,2,0,0,0,3,3,1,470,7,7,2011,5,22,5,1,11,1,I-80,,3121,41.30054444,-105.605908330,0,12,1,0,1,1,1,0,2,2,0,2,0,0000000,22,11,22,17,99,99,19,0,0,1,0
56,560048,3,3,0,0,0,6,6,7,0,8,7,2011,6,11,43,1,1,1,I-80,,2554,41.72597500,-106.465286110,0,12,8,0,1,1,1,1,1,1,0,1,0,0000000,11,43,12,14,12,31,0,0,0,1,0
56,560049,1,1,0,0,0,2,2,37,0,9,7,2011,7,6,11,1,1,1,I-80,,850,41.56409167,-109.547886110,0,31,0,0,1,1,3,0,4,1,0,1,0,0000000,6,11,99,99,99,99,0,0,0,1,0
56,560050,1,1,0,0,0,6,6,1,0,11,7,2011,2,15,28,1,2,2,US-287,,4246,41.00819167,-105.419322220,0,35,0,0,1,1,4,0,1,2,0,2,0,0000000,15,34,16,1,16,41,0,0,0,1,0
56,560051,2,2,0,0,0,3,3,27,0,13,7,2011,4,12,45,1,2,2,US-85,,1939,43.35227500,-104.245286110,0,12,2,0,1,1,1,0,1,1,0,1,0,0000000,12,51,13,23,14,3,0,0,0,2,0
56,560052,2,2,0,0,0,3,3,45,0,15,7,2011,6,20,20,1,2,2,US-16,,2318,43.98565833,-104.453533330,0,12,1,0,1,1,1,0,5,1,0,1,0,0000000,99,99,99,99,99,99,0,0,0,1,0
56,560053,1,1,0,0,0,1,1,19,0,17,7,2011,1,22,30,0,4,2,US-16,,62,44.40599167,-106.609363890,0,1,0,0,1,1,4,0,2,1,0,1,0,0000000,88,88,88,88,88,88,0,0,0,1,1
56,560054,1,1,0,0,0,1,1,21,0,19,7,2011,3,8,35,0,4,3,SR-210,,99,41.14603889,-105.010069440,0,1,0,0,8,1,1,2,1,1,0,1,0,0000000,88,88,88,88,88,88,0,0,0,1,0
56,560055,1,1,0,0,0,5,5,7,0,19,7,2011,3,1,45,0,4,3,SR-130,,556,41.34423611,-106.527036110,0,35,0,0,1,1,4,0,2,2,0,2,0,0000000,99,98,99,98,99,98,7,0,0,4,0
56,560056,1,1,0,0,0,1,1,5,0,15,7,2011,6,6,55,0,6,4,RENO RD,,41,43.63549722,-105.242950000,0,1,0,0,1,1,4,0,1,1,0,1,0,0000000,7,4,7,21,88,88,0,0,0,1,0
56,560057,2,2,0,0,0,7,7,21,100,24,7,2011,1,2,10,1,11,1,I-25 RAMP,,125,41.16456111,-104.840158330,0,12,6,1,5,1,1,0,3,1,0,1,0,0000000,2,12,2,18,2,48,0,0,0,1,1
56,560058,1,1,0,0,0,3,3,25,90,10,7,2011,1,1,51,1,12,2,US-20/26 BYPASS RAMP,,19,42.86392500,-106.363858330,0,1,0,1,5,1,4,0,2,1,0,1,0,0000000,1,51,1,56,2,19,0,0,0,1,1
56,560059,1,1,0,0,0,1,1,21,100,29,7,2011,6,11,19,1,11,1,I-25 RAMP,,96,41.12480833,-104.847966670,0,57,0,1,5,1,3,0,1,1,0,1,0,0000000,11,19,11,24,88,88,0,0,0,1,0
56,560060,1,1,0,0,0,4,4,13,0,27,7,2011,4,18,10,0,3,3,SR-28,,615,42.64265556,-108.606677780,0,1,0,0,1,1,4,0,1,1,0,1,0,0000000,18,10,18,38,99,99,0,0,0,1,0
56,560061,2,2,0,0,0,4,4,1,0,28,7,2011,5,14,45,1,1,1,I-80,,3226,41.24623333,-105.441466670,0,54,11,0,1,1,1,0,1,1,0,1,0,0000000,14,52,15,8,15,26,14,0,0,1,0
56,560062,2,2,0,0,0,2,2,19,0,31,7,2011,1,1,0,1,1,1,I-90,,567,44.37756667,-106.696311110,0,12,2,1,18,1,1,0,3,1,0,1,0,0000000,1,3,1,7,88,88,0,0,0,1,1
56,560063,1,1,0,0,0,1,1,13,210,31,7,2011,1,10,40,1,2,2,US-26,CLUBHOUSE DR,544,43.54544167,-109.660822220,0,7,0,0,2,3,1,0,1,1,0,1,0,0000000,88,88,88,88,88,88,0,0,0,1,0
56,560064,1,1,0,1,1,1,1,13,0,29,7,2011,6,3,30,1,2,3,SR-789,,1016,42.98113333,-108.393102780,0,8,0,0,1,1,1,0,2,1,0,1,0,0000000,88,88,88,88,88,88,0,0,0,1,0
56,560065,1,1,0,0,0,2,2,35,0,28,7,2011,5,20,35,0,6,8,CLIFF CREEK RD,,99999,43.20318889,-110.523988890,0,35,0,0,1,1,4,0,1,1,0,1,0,0000000,88,88,88,88,88,88,0,0,0,1,1
56,560066,1,1,0,0,0,1,1,17,0,1,8,2011,2,4,0,1,2,3,SR-120,,315,43.96285833,-108.585369440,0,1,0,0,1,1,4,0,2,10,0,10,0,0000000,5,26,5,53,88,88,0,0,0,1,1
56,560067,2,2,0,0,0,5,5,27,0,4,8,2011,5,14,23,1,2,2,US-85,CHEYENNE RIVER RD,2005,43.43718889,-104.200488890,0,12,6,0,2,3,1,0,1,1,0,1,0,0000000,14,23,14,56,15,54,0,0,0,1,0
56,560068,1,1,0,0,0,1,1,19,0,4,8,2011,5,16,58,1,1,1,I-90,,720,44.25831389,-106.453100000,0,1,0,0,1,1,4,0,1,1,0,1,0,0000000,99,99,99,99,99,96,0,0,0,1,0
56,560069,2,2,0,0,0,7,7,23,0,10,8,2011,4,13,40,1,2,2,US-89,,981,42.89564722,-110.996455560,0,12,2,0,1,1,1,0,1,1,0,1,0,0000000,13,41,13,45,14,10,0,0,0,3,0
56,560070,1,1,0,0,0,2,2,45,0,12,8,2011,6,15,20,1,2,2,US-85,,2423,44.00848611,-104.170558330,0,35,0,0,1,1,4,0,1,1,0,1,0,0000000,15,21,15,35,15,50,0,0,0,1,0
56,560071,1,1,0,0,0,1,1,27,0,12,8,2011,6,18,0,1,2,2,US-85,,1825,43.34799167,-104.251722220,0,31,0,0,1,1,4,0,1,1,0,1,0,0000000,18,5,18,35,99,99,0,0,0,1,0
56,560072,1,1,0,0,0,1,1,25,90,15,8,2011,2,0,15,0,14,3,SR-254,,25,42.87846389,-106.350488890,0,1,0,0,1,1,4,0,2,1,0,1,0,0000000,0,24,0,34,88,88,0,0,0,1,0
56,560073,1,1,0,0,0,3,3,7,0,14,8,2011,1,7,0,1,1,1,I-80,,2548,41.72930833,-106.474086110,0,31,0,0,1,1,4,1,1,1,0,1,0,0000000,7,2,7,19,8,26,0,0,0,1,0
56,560074,1,1,0,1,1,1,1,13,710,16,8,2011,3,20,25,1,13,2,US-26/789,,1045,43.01454722,-108.379208330,0,9,0,0,1,1,1,0,5,1,0,1,0,0000000,20,26,20,35,20,46,0,0,0,1,0
56,560075,1,1,0,0,0,1,1,15,0,21,8,2011,1,0,1,0,6,4,DEER CREEK RD,,1,42.10694444,-104.520833330,0,38,0,0,1,1,4,0,2,1,0,1,0,0000000,88,88,88,88,88,88,0,0,0,1,1
56,560076,2,2,0,0,0,3,3,13,0,25,8,2011,5,7,20,1,2,2,US-26,,1225,43.22056111,-108.201180560,0,12,1,0,1,1,1,1,1,1,0,1,0,0000000,7,25,7,42,8,19,0,0,0,2,0
56,560077,1,1,0,0,0,2,2,9,0,26,8,2011,6,21,30,0,4,3,SR-95,SR-93,188,42.95715556,-105.609788890,0,34,0,0,3,3,4,0,2,1,0,1,0,0000000,21,36,22,0,23,3,0,0,0,1,1
56,560078,1,1,0,0,0,1,1,5,0,29,8,2011,2,14,0,0,3,3,SR-59,,1579,44.82280278,-105.372050000,0,31,0,0,1,1,4,0,1,1,0,1,0,0000000,15,28,15,58,88,88,0,0,0,1,1
56,560079,1,1,0,0,0,2,2,23,0,9,8,2011,3,18,50,0,5,4,SUBLET-POMEROY BASIN,,240,42.15860000,-110.547222220,0,35,0,0,1,1,4,0,1,1,0,1,0,0000000,19,16,19,54,21,24,0,0,0,1,1
56,560080,2,2,0,0,0,3,3,33,0,3,9,2011,7,12,30,1,2,2,US-14,,624,44.76051389,-107.449272220,0,12,1,0,8,1,1,0,1,1,0,1,0,0000000,12,41,13,22,13,46,0,0,0,1,0
56,560081,2,2,0,0,0,6,6,1,0,10,9,2011,7,12,5,1,1,1,I-80,,3262,41.19719167,-105.430538890,0,12,1,0,1,1,1,0,1,1,0,1,0,0000000,12,7,12,19,12,58,0,0,0,1,0
56,560082,1,1,0,0,0,1,1,5,0,12,9,2011,2,16,38,1,1,1,I-90,,1320,44.29274444,-105.373238890,0,1,0,1,5,1,4,0,1,1,0,1,0,0000000,16,38,16,46,88,88,0,0,0,1,1
56,560083,2,2,0,0,0,2,2,9,0,16,9,2011,6,3,30,1,2,2,US-18,,98,42.75444444,-104.981930560,0,12,2,0,1,1,1,0,2,5,2,2,0,0000000,3,58,4,26,88,88,0,0,0,1,0
56,560084,1,1,0,0,0,3,3,41,270,17,9,2011,7,11,25,1,11,1,I-80,,38,41.26263333,-110.979236110,0,1,0,0,1,1,4,0,1,10,0,10,0,0000000,11,25,11,34,11,45,0,0,0,1,0
56,560085,1,1,0,0,0,7,7,19,0,17,9,2011,7,19,0,1,1,1,I-90,,543,44.52666389,-106.802636110,0,1,0,0,1,1,4,0,1,1,0,1,0,0000000,19,4,19,9,99,99,0,0,0,2,0
56,560086,2,2,0,0,0,3,3,25,90,19,9,2011,2,19,34,0,16,6,MISSOURI AVE,10TH ST,0,42.84069444,-106.292886110,0,12,6,1,2,3,1,0,5,1,0,1,0,0000000,19,35,19,37,19,47,0,0,0,1,0
56,560087,1,1,0,0,0,3,3,3,0,24,9,2011,7,20,30,0,5,4,ALKALI RD,,75,44.40044444,-107.562372220,0,35,0,0,1,1,4,0,2,1,0,1,0,0000000,21,18,21,45,99,99,0,0,0,1,1
56,560088,1,1,0,1,1,2,2,37,0,24,9,2011,7,20,24,1,1,1,I-80,,1718,41.66841389,-108.010813890,0,8,0,0,1,1,1,0,2,1,0,1,0,0000000,20,27,20,37,88,88,0,0,0,1,0
56,560089,1,1,0,0,0,1,1,21,100,28,9,2011,4,1,15,0,15,8,BISHOP BLVD,,35,41.21965278,-104.839002780,0,1,0,0,1,1,4,0,2,1,0,1,0,0000000,88,88,88,88,88,88,0,0,0,1,1
56,560090,1,1,0,0,0,2,2,21,100,29,9,2011,5,19,45,0,15,8,HYNDS BLVD,,24,41.19750000,-104.837500000,0,1,0,0,1,1,4,0,2,1,0,1,0,0000000,99,99,99,99,99,99,0,0,0,1,0
56,560091,1,1,0,0,0,2,2,7,0,30,9,2011,6,13,55,0,3,3,SR-130,,23,41.70933056,-106.821500000,0,1,0,0,1,1,4,0,1,1,0,1,0,0000000,13,57,14,19,99,99,0,0,0,1,0
56,560092,1,1,0,0,0,2,2,7,0,9,10,2011,1,8,15,1,1,1,I-80,,2365,41.74156389,-106.805491670,0,31,0,0,1,1,4,0,1,1,0,1,0,0000000,8,17,8,46,9,49,0,0,0,1,0
56,560093,1,1,0,0,0,4,4,25,90,12,10,2011,4,3,14,0,16,6,13TH STREET,KING BLVD,0,42.83732222,-106.356927780,0,33,0,0,3,3,4,0,3,1,0,1,0,0000000,3,14,3,20,99,99,0,0,0,1,1
56,560094,1,1,0,0,0,2,2,5,310,16,10,2011,1,5,0,1,11,1,I-90,,1212,44.29072500,-105.594086110,0,31,0,0,1,1,4,0,2,10,0,10,0,0000000,5,8,5,19,99,99,0,0,0,1,0
56,560095,2,2,0,0,0,2,2,1,0,19,10,2011,4,15,27,1,1,1,I-80,,3214,41.26570833,-105.470733330,0,12,1,0,1,1,1,0,1,1,0,1,0,0000000,15,30,15,41,88,88,0,0,0,1,0
56,560096,1,1,0,0,0,2,2,37,730,11,10,2011,3,23,20,0,16,6,GANNETT DR,,4,41.64043611,-109.273655560,0,35,0,0,1,1,4,0,2,1,0,1,0,0000000,99,99,99,99,99,99,0,0,0,1,1
56,560097,2,2,0,0,0,3,3,1,470,29,10,2011,7,17,58,0,13,2,US-30/287,,3259,41.34808611,-105.588808330,0,35,0,0,1,1,4,0,1,1,0,1,0,0000000,18,1,18,6,18,22,14,0,0,1,1
56,560098,2,2,0,0,0,5,5,25,90,31,10,2011,2,17,10,0,15,6,BRYAN STOCK TRL,AMOCO RD,0,42.87938333,-106.296888890,0,12,6,0,3,3,1,0,1,1,0,1,0,0000000,99,99,99,99,99,99,0,0,0,2,1
56,560099,2,2,0,0,0,3,3,43,890,1,11,2011,3,15,10,0,14,3,SR-432,,18,43.99693333,-107.975880560,0,12,2,0,1,1,1,0,1,4,0,4,0,0000000,99,99,99,99,99,99,0,0,0,1,0
56,560100,2,2,0,0,0,3,3,7,0,8,11,2011,3,4,50,1,1,1,I-80,,2636,41.63389722,-106.284247220,0,12,1,0,1,1,1,0,2,1,0,1,0,0000000,88,88,88,88,88,88,0,0,0,1,0
56,560101,1,1,0,0,0,1,1,33,0,7,11,2011,2,21,20,1,2,2,US-14,,715,44.80702222,-107.349777780,0,35,0,0,1,1,4,0,2,1,0,1,0,0000000,21,40,22,0,88,88,0,0,0,1,0
56,560102,1,1,0,0,0,1,1,19,0,11,11,2011,6,22,0,1,1,1,I-25,,2572,43.75685000,-106.622925000,0,1,0,0,1,1,3,0,2,1,0,1,0,0000000,22,16,22,30,23,18,0,0,0,1,0
56,560103,1,1,0,0,0,1,1,9,0,12,11,2011,7,20,54,0,4,4,WALKER CREED RD,,50,42.90290000,-105.199380560,0,1,0,0,1,1,4,0,2,1,0,1,0,0000000,20,56,21,24,21,53,20,0,0,1,0
56,560104,1,1,0,0,0,1,1,33,750,15,11,2011,3,7,30,1,1,1,I-90,,239,44.79368611,-106.936411110,0,1,0,0,1,1,4,0,1,10,0,10,0,0000000,7,32,7,35,7,48,0,0,0,1,0
56,560105,2,2,0,0,0,3,3,25,90,14,11,2011,2,12,10,0,13,3,SR-258,13TH ST,89,42.83653889,-106.368930560,0,12,8,0,3,2,1,0,1,1,0,1,0,0000000,99,99,99,99,99,99,0,0,0,1,1
56,560106,1,1,0,0,0,1,1,5,0,10,11,2011,5,17,58,0,4,4,ECHETA RD,,80,44.31340556,-105.664941670,0,1,0,0,1,1,4,0,2,1,0,1,0,0000000,18,3,18,14,99,99,0,0,0,1,0
56,560107,1,1,0,0,0,1,1,21,0,19,11,2011,7,8,30,0,4,3,SR-210,,149,41.17214722,-105.087380560,0,1,0,0,1,1,4,0,1,1,0,1,0,0000000,88,88,88,88,88,88,0,0,0,1,0
56,560109,1,1,0,0,0,1,1,19,0,30,11,2011,4,16,34,1,1,1,I-25,,2445,43.61126111,-106.547219440,0,35,0,0,1,1,3,0,5,10,4,4,0,0000000,16,39,17,0,88,88,0,0,0,1,1
56,560110,1,1,0,0,0,3,3,39,0,30,11,2011,4,18,48,1,2,2,US-26,,1481,43.40787778,-110.765561110,0,35,0,0,1,1,4,0,2,4,11,4,0,0000000,18,52,18,58,19,55,0,0,0,2,0
56,560111,1,1,0,0,0,2,2,25,0,30,11,2011,4,22,55,1,2,2,US-20,,593,43.11368889,-107.347350000,0,32,0,0,1,1,4,0,2,3,0,3,0,0000000,23,56,0,2,1,13,0,0,0,1,0
56,560112,1,1,0,0,0,2,2,25,90,12,11,2011,7,7,2,0,13,3,SR-258,,135,42.80622222,-106.312941670,0,51,0,0,1,1,1,0,1,6,0,6,0,0000000,7,3,7,10,99,99,0,0,0,1,0
56,560113,2,2,0,0,0,2,2,1,0,7,12,2011,4,15,0,0,3,3,SR-230,BOSWELL RD,404,41.00678611,-106.174438890,0,12,6,0,2,3,1,0,1,1,0,1,0,0000000,15,13,15,57,17,14,0,0,0,1,1
56,560114,2,2,0,0,0,2,2,31,0,10,12,2011,7,18,23,1,1,1,I-25,,901,42.20092222,-105.008211110,0,12,1,0,1,1,1,0,2,1,0,1,0,0000000,18,25,18,32,88,88,0,0,0,1,0
56,560115,1,1,0,0,0,3,3,25,90,19,12,2011,2,0,46,1,11,1,I-25,US-20/26 RAMP,1892,42.86367222,-106.342308330,0,34,0,1,3,4,4,0,3,1,0,1,0,0000000,88,88,88,88,88,88,0,0,0,1,1
56,560116,1,1,0,1,1,1,1,13,0,20,12,2011,3,18,50,1,2,2,US-26,,894,43.27868056,-109.128133330,0,8,0,0,1,1,1,0,2,5,0,5,1,0000000,88,88,88,88,88,88,0,0,0,1,0
56,560117,1,1,0,0,0,3,3,33,0,21,12,2011,4,9,45,1,1,1,I-90,,86,44.92178611,-107.173533330,0,1,0,0,1,1,4,0,1,10,0,10,0,0000000,9,55,10,15,10,44,0,0,0,1,0
56,560118,1,1,0,0,0,1,1,13,0,21,12,2011,4,23,10,1,2,2,US-20,,1056,43.31397778,-108.125813890,0,1,0,0,1,1,4,0,2,4,0,4,0,0000000,88,88,88,88,88,88,0,0,0,1,0
56,560119,1,1,0,1,1,4,4,37,730,11,12,2011,1,12,25,0,16,6,A ST,2ND ST,0,41.58403889,-109.220769440,0,8,0,0,3,2,1,0,1,1,0,1,0,0000000,12,26,12,30,12,42,0,0,0,1,0
56,560120,2,2,0,0,0,3,3,23,0,29,12,2011,5,8,10,1,2,2,US-30,,159,42.02590000,-110.932561110,0,12,2,0,1,1,1,0,1,10,0,10,0,0000000,8,20,8,43,9,54,0,0,0,1,0
56,560121,2,2,0,0,0,3,3,13,0,31,5,2011,3,22,0,0,4,3,SR-137,,1012,42.98310556,-108.628391670,3,12,1,0,1,1,1,0,2,99,0,99,0,0000000,99,99,99,99,99,99,0,0,0,1,1