STATE,ST_CASE,VE_TOTAL,VE_FORMS,PVH_INVL,PEDS,PERNOTMVIT,PERMVIT,PERSONS,COUNTY,CITY,DAY,MONTH,YEAR,DAY_WEEK,HOUR,MINUTE,NHS,ROAD_FNC,ROUTE,TWAY_ID,TWAY_ID2,MILEPT,LATITUDE,LONGITUD,SP_JUR,HARM_EV,MAN_COLL,RELJCT1,RELJCT2,TYP_INT,REL_ROAD,WRK_ZONE,LGT_COND,WEATHER1,WEATHER2,WEATHER,SCH_BUS,RAIL,NOT_HOUR,NOT_MIN,ARR_HOUR,ARR_MIN,HOSP_HR,HOSP_MN,CF1,CF2,CF3,FATALS,DRUNK_DR
4,40008,1,1,0,0,0,1,1,15,0,11,1,2011,3,11,57,1,2,2,US-93,,435,35.51351389,-114.341500000,0,1,0,0,1,1,4,0,1,10,0,10,0,0000000,12,0,12,10,88,88,0,0,0,1,1
4,40009,1,1,0,1,1,4,4,27,620,13,1,2011,5,19,1,0,15,6,AVENUE 9E,,0,32.68186667,-114.478361110,0,9,0,0,1,1,1,0,3,1,0,1,0,0000000,99,99,99,99,99,99,0,0,0,1,0
4,40020,1,1,0,0,0,1,1,15,59,22,1,2011,7,0,8,0,16,6,ADOBE RD,,0,35.08316667,-114.580525000,0,34,0,0,1,1,4,0,2,1,0,1,0,0000000,0,11,0,17,88,88,0,0,0,1,1
4,40027,1,1,0,1,1,1,1,15,59,29,1,2011,7,17,33,0,13,3,SR-95,3RD ST,2480,35.14583611,-114.568688890,0,8,0,0,2,2,1,0,5,1,0,1,0,0000000,17,35,17,38,99,99,0,0,0,1,0
4,40029,1,1,0,0,0,2,2,15,0,30,1,2011,1,13,31,1,2,3,SR-95,,1650,34.32905556,-114.133125000,0,35,0,0,1,1,4,0,1,10,0,10,0,0000000,13,32,13,50,14,43,0,0,0,2,0
4,40033,1,1,0,0,0,2,2,15,0,27,1,2011,5,1,55,0,6,9,AZTEC RD,,0,35.01615000,-114.621177780,3,35,0,0,1,1,4,0,6,1,0,1,0,0000000,99,99,99,99,99,99,0,0,0,1,1
4,40056,2,2,0,0,0,3,3,27,0,7,2,2011,2,14,47,1,2,2,US-95,,371,32.73870278,-114.425508330,0,12,1,0,8,1,1,0,1,1,0,1,0,0000000,14,47,14,56,15,28,0,0,0,1,0
4,40061,2,2,0,0,0,4,4,27,0,14,2,2011,2,18,4,1,2,2,US-95,,99999,32.64778889,-114.650080560,0,12,2,0,1,1,1,0,2,1,0,1,0,0000000,18,4,18,15,18,42,0,0,0,1,0
4,40071,2,2,0,0,0,2,2,15,0,22,2,2011,3,23,52,1,2,2,US-93,,276,35.71273889,-114.481716670,0,12,2,0,1,1,1,0,2,1,0,1,0,0000000,23,53,0,19,88,88,0,0,0,1,0
4,40091,1,1,0,0,0,5,5,27,0,4,3,2011,6,5,20,0,3,9,SOMERTON AVE,COUNTY 18TH ST,0,32.56747500,-114.709722220,0,35,0,0,3,2,4,0,3,1,0,1,0,0000000,5,29,6,7,99,99,0,0,0,1,1
4,40095,2,2,0,0,0,2,2,15,268,7,3,2011,2,19,3,1,13,3,SR-95,,1810,34.45781389,-114.330380560,0,12,8,0,1,1,1,0,3,1,0,1,0,0000000,19,5,19,14,19,42,0,0,0,1,0
4,40099,2,2,0,0,0,4,4,15,0,12,3,2011,7,9,0,0,5,9,STOCKTON HILL RD,,0,35.76131389,-114.132052780,0,12,7,0,1,1,1,0,1,1,0,1,0,0000000,9,2,9,28,10,31,0,0,0,1,0
4,40110,2,2,0,0,0,3,3,15,0,21,3,2011,2,11,20,0,3,3,SR-68,,107,35.20626389,-114.403436110,0,24,0,0,1,1,4,0,1,3,0,3,0,0000000,11,20,11,30,99,99,0,0,0,1,0
4,40111,2,2,0,0,0,3,3,15,0,22,3,2011,3,14,19,1,2,2,US-93,PIERCE FERRY RD,418,35.53426111,-114.355413890,0,12,6,0,2,3,1,0,1,1,0,1,0,0000000,14,19,99,99,99,99,0,0,0,1,0
4,40112,1,1,0,1,1,1,1,15,59,25,3,2011,6,20,25,0,16,6,MCCORMICK BLVD,,0,35.18194722,-114.554219440,0,8,0,0,1,1,1,0,2,1,0,1,0,0000000,20,26,20,31,21,5,0,0,0,1,0
4,40113,1,1,0,0,0,1,1,15,0,26,3,2011,7,2,2,0,6,4,COUNTY ROUTE 1,,0,34.79597222,-114.497647220,0,35,0,0,1,1,4,0,3,1,0,1,0,0000000,2,2,2,6,4,5,0,0,0,1,1
4,40137,2,2,0,0,0,2,2,15,0,30,3,2011,4,21,49,1,1,1,I-40,,188,34.78187500,-114.178208330,0,12,1,0,1,1,1,0,2,1,0,1,0,0000000,21,51,22,5,88,88,0,0,0,1,0
4,40145,2,2,0,0,0,3,3,27,620,8,3,2011,3,9,5,0,13,6,4TH AVE,CATALINA DR,0,32.67338333,-114.624497220,0,12,6,0,2,2,1,0,1,1,0,1,0,0000000,9,5,9,9,9,42,0,0,0,1,0
4,40151,2,2,0,0,0,5,5,27,0,16,3,2011,4,18,29,0,4,4,COUNTY 15TH ST,AVENUE 1E,0,32.61150833,-114.615338890,0,12,6,0,2,2,1,0,5,1,0,1,0,0000000,99,99,99,99,99,99,0,0,0,2,0
4,40168,2,2,0,0,0,3,3,15,0,1,4,2011,6,17,14,0,3,3,SR-68,,177,35.22557778,-114.290919440,0,12,1,0,1,1,1,0,5,1,0,1,0,0000000,19,14,19,28,99,99,0,0,0,1,0
4,40181,3,3,0,0,0,9,9,12,0,9,4,2011,7,12,12,0,2,3,SR-95,CIENEGA SPRINGS RD,1492,34.19101944,-114.209661110,3,12,1,0,2,3,1,0,1,1,0,1,0,0000000,12,12,12,30,99,99,0,0,0,1,0
4,40194,2,2,0,0,0,2,2,27,0,25,4,2011,2,13,13,1,13,2,US-95,AVENUE 4E,269,32.69883889,-114.564463890,0,12,6,0,2,2,1,0,1,1,0,1,0,0000000,99,99,99,99,99,99,0,0,0,1,0
4,40197,2,2,0,0,0,3,3,15,268,28,4,2011,5,22,31,1,13,3,SR-95,PALO VERDE BLVD N,1855,34.51720833,-114.349511110,0,12,7,0,2,2,1,0,3,1,0,1,0,0000000,22,33,22,38,88,88,0,0,0,1,0
4,40198,2,2,0,0,0,2,2,15,0,29,4,2011,6,16,48,1,1,1,I-40,,48,34.72566667,-114.404369440,0,12,6,0,1,1,1,0,1,1,0,1,0,0000000,16,50,17,5,18,28,0,0,0,1,0
4,40199,1,1,0,1,1,1,1,27,620,29,4,2011,6,18,36,0,14,6,8TH ST,21ST AVE,0,32.71307222,-114.645622220,0,8,0,0,3,2,1,0,1,1,0,1,0,0000000,18,39,18,42,18,56,0,0,0,1,0
4,40217,1,1,0,0,0,1,1,27,0,12,5,2011,5,21,51,0,6,4,COUNTY 19TH ST,,0,32.55259167,-114.778375000,0,35,0,0,1,1,5,0,2,1,0,1,0,0000000,19,55,22,0,22,33,0,0,0,1,0
4,40222,1,1,0,0,0,1,1,27,620,14,5,2011,7,15,3,0,16,6,PALO VERDE ST,,0,32.67647222,-114.617175000,0,11,0,0,1,1,1,0,1,1,0,1,0,0000000,99,99,99,99,99,99,0,0,0,1,0
4,40257,1,1,0,0,0,1,1,15,59,21,4,2011,5,8,42,0,16,6,TRANE RD,RIVERFRONT DR,0,35.12006667,-114.603966670,0,3,0,0,2,3,5,0,1,99,0,99,0,0000000,99,99,99,99,99,99,0,0,0,1,0
4,40273,2,2,0,0,0,8,8,12,0,27,5,2011,6,14,45,0,4,8,MOHAVE RD,,0,33.96966667,-114.410719440,3,12,7,0,1,1,1,0,1,1,0,1,0,0000000,14,45,14,53,15,56,0,0,0,3,0
4,40280,1,1,0,0,0,2,2,15,0,1,6,2011,4,15,29,0,3,3,SR-68,,198,35.22378333,-114.253716670,0,1,0,0,1,1,3,0,1,1,0,1,0,0000000,15,31,15,41,16,4,0,0,0,1,0
4,40296,3,3,0,0,0,3,3,15,0,17,6,2011,6,13,25,0,4,3,SR-68,,109,35.20910833,-114.402886110,0,12,1,0,1,1,1,0,1,1,0,1,0,0000000,99,99,99,99,99,99,0,0,0,1,0
4,40307,2,2,0,0,0,3,3,27,620,25,6,2011,7,23,27,0,13,6,AVENUE B,,0,32.70941111,-114.650455560,0,5,0,0,1,1,1,0,2,1,0,1,0,0000000,23,27,23,32,23,42,14,0,0,1,1
4,40314,2,2,0,0,0,2,2,12,0,3,5,2011,3,9,14,0,4,6,MOHAVE RD,1ST AVE,0,34.12963056,-114.302894440,3,12,6,0,2,2,1,0,1,98,0,98,0,0000000,99,99,99,99,99,99,0,0,0,1,0
4,40352,2,2,0,0,0,6,6,15,0,17,7,2011,1,15,36,1,2,3,SR-95,,1760,34.45088889,-114.248494440,0,12,8,0,1,1,1,0,1,1,0,1,0,0000000,15,36,99,99,99,99,0,0,0,1,0
4,40355,2,1,1,0,1,5,6,15,0,19,7,2011,3,99,99,1,2,2,US-93,,468,35.47130556,-114.312330560,0,14,0,0,1,1,4,0,1,1,0,1,0,0000000,14,7,99,99,99,99,23,0,0,1,0
4,40404,1,1,0,0,0,1,1,12,340,29,7,2011,6,2,40,0,4,8,MOHAVE RD,,0,34.13043333,-114.297375000,3,1,0,0,1,1,4,0,2,1,0,1,0,0000000,2,40,2,46,3,29,0,0,0,1,1
4,40420,2,2,0,0,0,3,3,12,387,9,8,2011,3,16,53,1,13,2,US-95,,1025,33.63756667,-114.217116670,0,12,1,0,1,1,1,0,1,1,0,1,0,0000000,16,53,17,0,88,88,0,0,0,1,1
4,40424,1,1,0,0,0,1,1,15,0,12,8,2011,6,22,50,0,4,9,PIERCE FERRY RD,,0,35.76472778,-114.146705560,0,1,0,0,1,1,4,0,3,1,0,1,0,0000000,22,57,23,20,88,88,19,0,0,1,1
4,40429,1,1,0,0,0,2,2,15,0,15,8,2011,2,10,31,0,3,3,SR-68,,108,35.20771667,-114.403336110,0,24,0,0,1,1,4,0,1,1,0,1,0,0000000,10,33,10,44,88,88,0,0,0,2,0
4,40453,2,2,0,0,0,4,4,12,0,15,8,2011,2,16,34,1,1,1,I-10,,3,33.60353889,-114.525675000,0,12,1,0,1,1,1,0,1,1,0,1,0,0000000,16,34,16,40,18,33,0,0,0,2,1
4,40481,2,2,0,0,0,3,3,15,331,17,9,2011,7,11,17,0,5,9,OATMAN RD,,0,34.97398889,-114.418352780,0,12,8,0,1,1,1,0,1,1,0,1,0,0000000,11,19,11,50,12,51,0,0,0,1,0
4,40485,2,2,0,0,0,14,14,15,0,20,9,2011,3,7,14,0,3,3,SR-68,TEDDY ROOSEVELT RD,198,35.22378611,-114.253725000,0,12,6,0,2,2,1,0,1,1,0,1,1,0000000,7,16,8,11,99,99,0,0,0,1,0
4,40488,2,2,0,0,0,4,4,15,0,23,9,2011,6,13,35,1,2,2,US-93,CHLORIDE RD,528,35.39690000,-114.259605560,0,12,6,0,2,2,1,0,1,1,0,1,0,0000000,13,37,13,47,14,45,0,0,0,1,0
4,40504,2,1,1,1,1,1,1,12,0,24,8,2011,4,6,44,1,1,1,I-10,,63,33.62655556,-114.425772220,0,14,0,0,1,1,2,0,1,1,0,1,0,0000000,6,46,7,0,88,88,23,0,0,1,0
4,40526,1,1,0,0,0,3,3,12,0,2,10,2011,1,18,15,1,2,2,US-95,,644,33.09706667,-114.298061110,0,1,0,0,1,1,4,0,5,1,0,1,0,0000000,18,17,18,55,99,99,0,0,0,1,0
4,40527,1,1,0,1,1,1,1,27,620,3,10,2011,2,6,59,0,16,6,27TH ST,,0,32.67859722,-114.661019440,0,8,0,0,1,1,1,0,1,1,0,1,0,0000000,6,59,7,5,7,20,0,0,0,1,0
4,40532,1,1,0,0,0,4,4,12,0,7,10,2011,6,0,54,0,6,9,SHEA RD,,0,34.12228611,-114.150169440,0,35,0,0,1,1,4,1,2,10,0,10,0,0000000,0,58,1,14,99,99,0,0,0,2,1
4,40538,1,1,0,0,0,3,3,15,0,9,10,2011,1,22,17,1,2,2,US-93,,345,35.62581389,-114.422997220,0,1,0,0,1,1,3,0,2,1,0,1,0,0000000,22,17,22,30,99,99,0,0,0,1,0
4,40555,2,2,0,0,0,6,6,27,620,21,10,2011,6,22,18,0,15,6,AVENUE C,,0,32.65953333,-114.667183330,0,30,0,0,1,1,4,0,3,1,0,1,0,0000000,22,17,22,32,22,45,0,0,0,1,2
4,40590,1,1,0,0,0,4,4,15,318,31,10,2011,2,0,29,0,6,6,COURTWRIGHT RD,,0,34.86603889,-114.614622220,0,1,0,0,1,1,1,0,2,1,0,1,0,0000000,0,29,0,54,2,15,0,0,0,1,1
4,40604,1,1,0,1,1,2,2,27,440,13,10,2011,5,19,50,0,13,2,US-95,SOMERTON AVE,120,32.59664167,-114.709769440,0,8,0,0,2,2,1,0,6,1,0,1,0,0000000,19,50,19,52,20,13,0,0,0,1,0
4,40635,1,1,0,1,1,1,1,27,620,16,11,2011,4,21,11,1,13,2,US-95,10TH AVE,230,32.69850833,-114.631083330,0,8,0,0,2,3,1,0,3,1,0,1,0,0000000,21,11,21,15,21,48,0,0,0,1,0
4,40643,2,2,0,0,0,3,3,27,620,23,11,2011,4,14,28,0,14,7,S FRONTAGE RD,,0,32.67020278,-114.454636110,0,1,0,0,8,1,1,0,1,1,0,1,0,0000000,14,29,14,37,15,8,0,0,0,1,1
4,40647,1,1,0,1,1,4,4,27,620,24,11,2011,5,18,7,1,11,1,I-8,,12,32.71315000,-114.611738890,0,8,0,1,18,1,1,0,5,10,0,10,0,0000000,18,12,18,22,88,88,0,0,0,1,0
4,40668,1,1,0,1,1,1,1,27,620,13,12,2011,3,6,51,0,14,6,24TH ST,,0,32.68392778,-114.631297220,0,8,0,0,1,1,1,0,3,10,0,10,0,0000000,6,52,7,1,7,13,0,0,0,1,0
4,40686,1,1,0,0,0,1,1,15,0,6,12,2011,3,17,44,1,2,2,US-93,,675,35.21789722,-114.119011110,0,1,0,1,18,1,3,0,1,1,0,1,0,0000000,17,44,17,56,18,25,0,0,0,1,0
4,40762,2,2,0,0,0,2,2,27,620,30,12,2011,6,12,2,1,13,2,US-95,ALAMO DR,252,32.69866111,-114.592350000,0,12,6,0,2,3,1,0,1,1,0,1,0,0000000,12,13,12,18,12,46,0,0,0,1,0
6,60001,1,1,0,0,0,1,1,67,0,3,1,2011,2,10,50,0,4,4,ARDEN WY,,0,38.59512222,-121.344680560,0,30,0,0,1,1,4,0,1,10,0,10,0,0000000,99,99,99,99,99,99,0,0,0,1,0
6,60002,1,1,0,0,0,1,1,89,0,3,1,2011,2,16,19,0,3,4,PLACER RD,,0,40.54640000,-122.459427780,0,38,0,0,1,1,4,0,1,1,0,1,0,0000000,99,99,99,99,88,88,0,0,0,1,1
6,60003,1,1,0,1,1,1,1,67,0,3,1,2011,2,18,50,0,2,4,WATT AVE,ORANGE GROVE AVE,0,38.64913889,-121.382983330,0,9,0,0,3,2,1,0,3,10,0,10,0,0000000,99,99,99,99,99,99,0,0,0,1,0
6,60004,1,1,0,1,1,2,2,71,0,4,1,2011,3,6,5,0,4,4,INDIAN TRL,MELDORA AVE,0,34.18590833,-116.115530560,0,8,0,0,3,3,1,0,2,1,0,1,0,0000000,99,99,99,99,88,88,0,0,0,1,0
6,60005,1,1,0,1,1,1,1,107,0,4,1,2011,3,5,50,0,4,4,AVENUE 152,,0,36.06573333,-119.101350000,0,8,0,0,1,1,1,0,3,10,0,10,0,0000000,99,99,99,99,88,88,0,0,0,1,0
6,60006,2,2,0,0,0,2,2,37,2240,7,1,2011,6,21,39,1,12,3,SR-60,,65,34.03267500,-118.114613890,0,12,7,0,1,1,1,0,3,1,0,1,0,0000000,99,99,99,99,99,99,0,0,0,1,1
6,60007,1,1,0,1,1,1,1,65,1580,7,1,2011,6,23,28,0,14,6,STATE ST,,0,33.72676667,-116.971597220,0,8,0,0,1,1,1,0,3,1,0,1,0,0000000,99,99,99,99,88,88,0,0,0,1,1
6,60008,1,1,0,0,0,1,1,71,4291,7,1,2011,6,99,99,0,16,6,LA HABRA AVE,ALTA MESA DR,0,34.12150278,-116.392272220,0,42,0,0,3,3,4,0,2,1,0,1,0,0000000,99,99,99,99,88,88,4,0,0,1,1
6,60009,1,1,0,1,1,1,1,71,4040,8,1,2011,7,1,40,0,16,6,7TH ST,,0,34.52356667,-117.305511110,0,8,0,0,1,1,1,0,3,1,0,1,0,0000000,99,99,99,99,99,99,0,0,0,1,0
6,60010,1,1,0,0,0,1,1,59,3960,8,1,2011,7,3,40,1,12,3,SR-55,,126,33.77136944,-117.831180560,0,52,0,0,1,1,4,0,3,1,0,1,0,0000000,99,99,99,99,99,99,0,0,0,1,0
6,60011,3,3,0,0,0,5,5,1,0,1,1,2011,7,0,49,1,11,1,I-580,,167,37.70131944,-121.848619440,0,12,1,0,1,1,1,0,2,2,0,2,0,0000000,99,99,99,99,99,99,0,0,0,1,1
6,60012,1,1,0,0,0,1,1,23,0,1,1,2011,7,3,25,1,12,2,US-101,,608,40.60138333,-124.170880560,0,52,0,0,1,1,4,0,2,10,0,10,0,0000000,99,99,99,99,99,99,0,0,0,1,1
6,60013,1,1,0,0,0,2,2,71,0,1,1,2011,7,3,30,0,6,4,HAVASU LAKE RD,,0,34.49118056,-114.406588890,0,35,0,0,1,1,4,0,2,1,0,1,0,0000000,99,99,99,99,99,99,0,0,0,1,1
6,60014,3,3,0,1,1,3,3,85,3340,1,1,2011,7,3,58,1,12,2,US-101,,330,37.31865000,-121.831538890,0,8,0,0,1,1,1,0,3,10,0,10,0,0000000,99,99,99,99,99,98,0,0,0,1,0
6,60015,3,3,0,0,0,8,8,71,0,1,1,2011,7,5,10,1,1,1,I-15,,1382,35.27808611,-116.050300000,0,12,1,0,1,1,1,0,2,1,0,1,0,0000000,99,99,99,99,99,99,0,0,0,1,2
6,60016,1,1,0,0,0,1,1,71,0,1,1,2011,7,6,15,0,4,4,HELENDALE RD,WILDFLOWER LN,0,34.75416667,-117.330300000,0,33,0,0,3,3,4,0,4,1,0,1,0,0000000,6,22,99,99,88,88,0,0,0,1,1
6,60017,1,1,0,0,0,1,1,71,3,1,1,2011,7,9,55,1,12,2,US-395,,225,34.64494722,-117.434513890,0,1,0,0,1,1,4,0,1,1,0,1,0,0000000,10,3,99,99,99,99,0,0,0,1,0
6,60018,2,1,1,0,0,1,1,37,1970,1,1,2011,7,21,2,1,11,1,I-8,,9,33.81863056,-118.081619440,0,14,0,0,1,1,2,0,2,1,0,1,0,0000000,99,99,99,99,88,88,23,0,0,1,1
6,60019,1,1,0,0,0,1,1,59,1410,1,1,2011,7,23,50,0,15,6,WEST ST,ORANGE AVE,0,33.79576111,-117.923911110,0,33,0,0,3,2,4,0,3,10,0,10,0,0000000,99,99,99,99,88,88,0,0,0,1,1
6,60020,2,2,0,0,0,2,2,37,0,5,1,2011,4,18,27,0,6,4,KANAN DUME RD,,0,34.09813889,-118.810688890,0,12,8,0,1,1,1,0,3,1,0,1,0,0000000,99,99,99,99,88,88,0,0,0,1,0
6,60021,3,3,0,0,0,3,3,1,2480,2,1,2011,1,6,5,1,11,1,I-580,,350,37.74654167,-122.149633330,0,12,6,0,1,1,1,0,3,2,10,2,0,0000000,99,99,99,99,99,99,0,0,0,1,1
6,60022,1,1,0,0,0,2,2,107,0,2,1,2011,1,22,15,1,2,3,SR-198,,390,36.44220556,-118.903644440,0,42,0,0,1,1,5,0,2,2,10,2,0,0000000,99,99,99,99,99,99,0,0,0,1,1
6,60023,1,1,0,1,1,1,1,113,4258,2,1,2011,1,22,30,0,13,6,EAST ST,MAIN ST,0,38.67743056,-121.765411110,0,8,0,0,2,2,1,0,3,1,0,1,0,0000000,99,99,99,99,99,99,0,0,0,1,0
6,60024,2,2,0,0,0,5,5,45,1867,2,1,2011,1,22,35,0,2,3,SR-162,CO RD 337D,308,39.81668333,-123.215069440,0,12,6,0,2,2,1,0,2,1,0,1,0,0000000,99,99,99,99,99,99,0,0,0,1,1
6,60025,2,2,0,0,0,3,3,73,3260,3,1,2011,2,2,30,1,11,1,I-805,,176,32.77093056,-117.131161110,0,12,1,0,1,1,1,0,2,2,0,2,0,0000000,99,99,99,99,99,99,0,0,0,1,0
6,60026,1,1,0,1,1,1,1,37,1980,5,1,2011,4,6,20,1,11,1,I-105 OFF RAMP,VERMONT AVE,0,33.92928056,-118.291597220,0,8,0,1,2,3,1,0,3,1,0,1,0,0000000,99,99,99,99,88,88,0,0,0,1,0
6,60027,1,1,0,0,0,1,1,65,0,5,1,2011,4,8,12,0,12,3,SR-60 RAMP,,213,33.93851667,-117.140069440,0,33,0,1,5,1,4,0,1,1,0,1,0,0000000,99,99,99,99,88,88,0,0,0,1,0
6,60028,2,2,0,0,0,3,3,67,0,5,1,2011,4,11,35,1,12,2,US-50,,102,38.58261111,-121.301077780,0,12,1,0,1,1,1,0,1,1,0,1,0,0000000,99,99,99,99,99,99,0,0,0,1,0
6,60029,2,2,0,0,0,2,2,1,2840,5,1,2011,4,12,25,0,14,6,VALLEY AVE,BUSCH RD,0,37.67537500,-121.862938890,0,12,1,0,2,3,1,0,1,1,0,1,0,0000000,12,25,12,27,99,99,0,0,0,1,0
6,60030,2,2,0,0,0,3,3,71,0,5,1,2011,4,14,20,0,2,3,SR-38,,165,34.11061667,-116.976769440,0,12,2,0,1,1,1,0,1,1,0,1,0,0000000,99,99,99,99,99,99,0,0,0,2,0
6,60031,2,2,0,0,0,3,3,73,0,8,1,2011,7,10,25,1,2,3,SR-94,MITCHELL RD,306,32.62155000,-116.758969440,0,12,6,0,2,3,1,0,1,10,0,10,0,0000000,99,99,99,99,99,99,4,0,0,1,0
6,60032,2,2,0,1,1,2,2,59,470,3,1,2011,2,11,23,0,15,6,MELROSE DR,,0,33.86114167,-118.001988890,0,12,6,0,8,1,1,0,1,2,10,2,0,0000000,99,99,99,99,99,99,4,0,0,1,0
6,60033,2,2,0,0,0,3,3,5,0,4,1,2011,3,14,30,1,2,3,SR-88,TAVES RD,215,38.39810556,-120.677347220,0,12,1,0,3,3,1,0,1,1,0,1,0,0000000,99,99,99,99,99,99,0,0,0,1,0
6,60034,1,1,0,0,0,1,1,97,0,4,1,2011,3,15,0,0,2,3,SR-1,,285,38.49140000,-123.194461110,0,1,0,0,1,1,5,0,1,1,0,1,0,0000000,99,99,99,99,88,88,0,0,0,1,0
6,60035,2,2,0,0,0,2,2,65,850,4,1,2011,3,16,30,1,11,1,I-15,,405,33.86378889,-117.540105560,0,12,7,0,1,1,1,0,1,1,0,1,0,0000000,99,99,99,99,99,99,0,0,0,1,0
6,60036,3,3,0,0,0,4,4,19,1370,5,1,2011,4,1,7,1,12,3,SR-99,W ASHLAN AVE,263,36.79340833,-119.863091670,0,12,6,1,2,2,1,0,3,5,0,5,0,0000000,99,99,99,99,88,88,0,0,0,1,0
6,60037,1,1,0,1,1,4,4,89,2950,10,1,2011,2,0,58,1,11,1,I-5,,171,40.60913056,-122.361911110,0,8,0,0,1,1,1,0,3,1,0,1,0,0000000,99,99,99,99,88,88,0,0,0,1,0
6,60038,1,1,0,0,0,4,4,73,2340,10,1,2011,2,2,7,0,12,3,SR-54 RAMP,,22,32.65950000,-117.071950000,0,59,0,1,5,1,8,0,3,1,0,1,0,0000000,99,99,99,99,99,99,0,0,0,1,1
6,60039,1,1,0,1,1,1,1,37,1980,10,1,2011,2,3,12,1,11,1,I-110,,233,34.05836944,-118.253588890,0,8,0,0,1,1,1,0,3,10,0,10,0,0000000,99,99,99,99,88,88,23,0,0,1,0
6,60040,2,2,0,0,0,3,3,37,0,10,1,2011,2,5,10,0,2,4,SANTA FE AVE,,0,33.96211111,-118.229600000,0,12,2,0,1,1,1,0,3,1,0,1,0,0000000,99,99,99,99,99,99,0,0,0,1,1
6,60041,1,1,0,1,1,1,1,37,1980,10,1,2011,2,9,45,0,13,6,WESTERN AVE,PLAZA DEL AMO,0,33.82267222,-118.308936110,0,8,0,0,3,3,1,0,1,1,0,1,0,0000000,99,99,99,99,99,99,0,0,0,1,0
6,60042,1,1,0,0,0,1,1,27,0,1,1,2011,7,99,99,0,2,3,SR-127,,39,35.84717778,-116.317061110,0,59,0,0,1,1,4,0,2,1,0,1,0,0000000,99,99,99,99,88,88,0,0,0,1,1
6,60043,1,1,0,0,0,3,3,19,740,2,1,2011,1,3,18,0,15,6,SIERRA AVE,,0,36.83029167,-119.708188890,0,21,0,0,1,1,4,0,2,10,2,2,0,0000000,99,99,99,99,99,99,0,0,0,1,1
6,60044,1,1,0,0,0,2,2,33,0,2,1,2011,1,16,35,0,6,4,UPPER LAKE-LUCERNE,,0,39.15793611,-122.888891670,0,38,0,0,1,1,4,0,1,10,0,10,0,0000000,99,99,99,99,99,99,0,0,0,1,1
6,60045,1,1,0,0,0,1,1,37,1980,3,1,2011,2,4,0,0,15,6,BUNDY DR,,0,34.02053889,-118.444983330,0,30,0,0,1,1,4,0,3,2,0,2,0,0000000,99,99,99,99,88,88,0,0,0,1,1
6,60046,1,1,0,0,0,1,1,37,0,5,1,2011,4,2,25,1,11,1,I-405 RAMP,,89,33.85730000,-118.284700000,0,52,0,1,5,1,4,0,3,1,0,1,0,0000000,99,99,99,99,88,88,0,0,0,1,1
6,60047,1,1,0,1,1,1,1,1,0,5,1,2011,4,6,25,0,4,4,FOOTHILL BL,167TH AVE,0,37.69560000,-122.103500000,0,8,0,0,3,2,1,0,3,1,0,1,0,0000000,99,99,99,99,99,99,0,0,0,1,0
6,60048,1,1,0,1,1,2,2,73,1820,1,1,2011,7,1,7,0,15,6,MURRAY DR,,0,32.77984167,-116.995527780,0,8,0,0,1,1,1,0,2,1,0,1,0,0000000,99,99,99,99,88,88,0,0,0,1,1
6,60049,1,1,0,1,1,1,1,67,0,6,1,2011,5,17,45,0,2,4,S WATT AVE,,0,38.52138056,-121.369769440,0,9,0,0,1,1,1,0,2,1,0,1,0,0000000,99,99,99,99,88,88,0,0,0,1,0
6,60050,2,2,0,0,0,5,5,73,710,8,1,2011,7,11,47,0,15,6,4TH AVE,F ST,0,32.64011667,-117.083991670,0,12,2,0,2,2,1,0,1,1,0,1,0,0000000,99,99,99,99,99,99,0,0,0,1,0
6,60051,1,1,0,0,0,1,1,65,3070,8,1,2011,7,19,35,0,15,6,CAJALCO RD,,0,33.83699167,-117.310063890,0,59,0,0,1,1,4,0,2,1,0,1,0,0000000,99,99,99,99,88,88,0,0,0,1,1
6,60052,1,1,0,1,1,1,1,37,1980,8,1,2011,7,20,10,0,13,6,COLDWATER CYN AVE,,0,34.19951667,-118.413808330,0,8,0,0,1,1,1,0,3,1,0,1,0,0000000,99,99,99,99,99,99,0,0,0,1,0
6,60053,1,1,0,1,1,1,1,37,1980,9,1,2011,1,0,12,0,13,6,VERMONT AVE,,0,33.95818611,-118.291622220,0,8,0,0,1,1,1,0,3,1,0,1,0,0000000,99,99,99,99,99,99,0,0,0,1,0
6,60054,4,4,0,0,0,12,12,37,2870,9,1,2011,1,4,8,1,11,1,I-10,,406,34.06820000,-117.837211110,0,12,1,0,1,1,1,0,3,10,0,10,0,0000000,99,99,99,99,99,99,19,0,0,2,1
6,60055,3,2,1,1,1,2,2,37,1980,9,1,2011,1,10,0,0,13,6,SANTA MONICA BL,FEDERAL AVE,0,34.04465833,-118.454002780,0,12,6,0,3,2,1,0,1,1,0,1,0,0000000,99,99,99,99,99,99,14,0,0,2,0
6,60056,1,1,0,0,0,2,2,65,0,9,1,2011,1,99,99,0,2,3,SR-111,,573,33.87831111,-116.588911110,0,1,0,0,1,1,5,0,2,1,0,1,0,0000000,99,99,99,99,88,88,0,0,0,2,1