STATE,ST_CASE,VE_TOTAL,VE_FORMS,PVH_INVL,PEDS,PERNOTMVIT,PERMVIT,PERSONS,COUNTY,CITY,DAY,MONTH,YEAR,DAY_WEEK,HOUR,MINUTE,NHS,ROAD_FNC,ROUTE,TWAY_ID,TWAY_ID2,MILEPT,LATITUDE,LONGITUD,SP_JUR,HARM_EV,MAN_COLL,RELJCT1,RELJCT2,TYP_INT,REL_ROAD,WRK_ZONE,LGT_COND,WEATHER1,WEATHER2,WEATHER,SCH_BUS,RAIL,NOT_HOUR,NOT_MIN,ARR_HOUR,ARR_MIN,HOSP_HR,HOSP_MN,CF1,CF2,CF3,FATALS,DRUNK_DR
6,60057,1,1,0,0,0,4,4,37,1980,16,1,2011,1,0,15,0,14,6,MAIN ST,,0,34.06567222,-118.204522220,0,33,0,0,1,1,3,0,2,1,0,1,0,0000000,99,99,99,99,99,99,0,0,0,1,1
6,60058,1,1,0,0,0,1,1,89,0,10,1,2011,2,16,3,0,2,3,SR-299E,,413,40.70699444,-122.090722220,0,43,0,0,1,1,5,0,1,1,0,1,0,0000000,99,99,99,99,88,88,0,0,0,1,0
6,60059,1,1,0,0,0,2,2,65,3070,10,1,2011,2,16,11,0,16,6,RIVERWALK PKWY,,0,33.90231944,-117.494272220,0,33,0,0,1,1,4,0,1,1,0,1,0,0000000,99,99,99,99,99,99,0,0,0,1,0
6,60060,1,1,0,1,1,1,1,53,3180,10,1,2011,2,17,52,0,13,6,N SANBORN RD,,0,36.68031111,-121.624211110,0,9,0,0,1,1,1,0,2,1,0,1,0,0000000,99,99,99,99,99,99,0,0,0,1,0
6,60061,2,2,0,0,0,2,2,37,2458,10,1,2011,2,19,55,0,13,6,CARMENITA RD,EXCELSIOR DR,0,33.89504167,-118.046561110,0,12,2,0,2,2,1,0,3,1,0,1,0,0000000,99,99,99,99,88,88,0,0,0,1,0
6,60062,2,2,0,0,0,2,2,37,4190,10,1,2011,2,22,2,0,14,6,LAMBERT RD,GUNN AVE,0,33.94880556,-118.024705560,0,12,6,0,2,2,1,0,3,1,0,1,0,0000000,99,99,99,99,99,99,0,0,0,1,1
6,60063,2,2,0,0,0,2,2,85,3440,12,1,2011,4,14,21,0,13,6,SCOTT BL,,0,37.37856389,-121.966694440,0,12,7,0,1,1,1,0,1,1,0,1,0,0000000,99,99,99,99,99,99,0,0,0,1,0
6,60064,1,1,0,1,1,1,1,37,1695,13,1,2011,5,16,15,0,14,6,FULLERTON RD,ROWLAND ST,0,34.00020278,-117.904469440,0,8,0,0,3,2,1,0,1,1,0,1,0,0000000,99,99,99,99,99,99,0,0,0,1,0
6,60065,2,2,0,0,0,3,3,71,3210,13,1,2011,5,18,48,0,15,6,E ST,ORANGE SHOW LN,0,34.08090556,-117.294147220,0,12,6,0,2,3,1,0,3,1,0,1,0,0000000,99,99,99,99,88,88,0,0,0,1,0
6,60066,1,1,0,1,1,1,1,65,612,13,1,2011,5,99,99,0,16,6,DATE PALM DR,,0,33.78485556,-116.458252780,0,8,0,0,1,1,1,0,2,1,0,1,0,0000000,99,99,99,99,88,88,0,0,0,1,0
6,60067,1,1,0,0,0,2,2,73,0,14,1,2011,6,2,15,0,3,4,S MISSION RD,,0,33.34240000,-117.240561110,0,42,0,0,1,1,4,0,2,1,0,1,0,0000000,99,99,99,99,88,88,0,0,0,2,1
6,60068,1,1,0,1,1,1,1,73,3260,5,1,2011,4,10,40,0,14,6,JACKSON DR,HYDE PARK DR,0,32.80247778,-117.044938890,0,8,0,0,3,3,1,0,1,1,0,1,0,0000000,99,99,99,99,99,99,0,0,0,1,0
6,60069,2,2,0,0,0,3,3,37,0,11,1,2011,3,9,30,0,3,4,AVALON BL,138TH ST,0,33.90645000,-118.265311110,0,12,2,0,3,2,1,0,1,1,0,1,0,0000000,99,99,99,99,99,99,0,0,0,1,0
6,60070,1,1,0,0,0,1,1,59,470,11,1,2011,3,23,12,1,12,3,SR-91,,21,33.85621111,-118.006541670,0,2,0,0,1,1,1,0,2,1,0,1,0,0000000,99,99,99,99,88,88,0,0,0,1,0
6,60071,2,2,0,0,0,2,2,97,3490,12,1,2011,4,17,38,0,12,3,SR-12,,156,38.43308056,-122.719905560,0,12,7,0,1,1,1,0,3,1,0,1,0,0000000,99,99,99,99,99,99,0,0,0,1,0
6,60072,1,1,0,0,0,2,2,29,0,13,1,2011,5,3,20,1,12,3,SR-99,,180,35.27396944,-119.024633330,0,38,0,0,1,1,4,0,2,1,0,1,0,0000000,99,99,99,99,99,99,0,0,0,1,1
6,60073,1,1,0,1,1,1,1,99,2200,13,1,2011,5,6,50,0,13,3,SR-108,MODESTO AVE,234,37.64951389,-120.993763890,0,8,0,0,3,3,1,0,3,10,0,10,0,0000000,99,99,99,99,99,99,0,0,0,1,0
6,60074,2,2,0,0,0,3,3,7,0,7,1,2011,6,13,22,0,6,4,ALBERTON AVE,,0,39.69295000,-121.903280560,0,12,6,0,8,1,1,0,1,10,0,10,0,0000000,99,99,99,99,88,88,0,0,0,1,1
6,60075,1,1,0,1,1,1,1,79,3370,7,1,2011,6,15,21,0,14,6,PRADO RD,,0,35.25509167,-120.670247220,0,9,0,0,1,1,1,0,1,1,0,1,0,0000000,99,99,99,99,99,99,0,0,0,1,0
6,60076,2,2,0,0,0,2,2,81,0,7,1,2011,6,15,50,0,12,3,SR-1,,320,37.49961389,-122.467116670,0,12,2,0,1,1,1,0,1,10,0,10,0,0000000,99,99,99,99,99,99,0,0,0,1,0
6,60077,3,3,0,0,0,4,4,37,2749,7,1,2011,6,17,4,0,13,6,PARAMOUNT BL,DUNLAP CROSSING RD,0,33.99726111,-118.092308330,0,12,2,0,2,3,1,0,1,10,0,10,0,0000000,99,99,99,99,99,99,0,0,0,1,0
6,60078,2,2,0,0,0,2,2,65,0,7,1,2011,6,20,33,0,15,4,VARNER RD,,0,33.81266667,-116.398263890,0,1,0,0,1,1,1,0,3,1,0,1,0,0000000,99,99,99,99,99,98,0,0,0,1,0
6,60079,2,2,0,0,0,6,6,111,0,15,1,2011,7,1,19,0,2,4,HARBOR BL,,0,34.21693889,-119.252919440,0,1,0,0,1,1,1,0,2,1,0,1,0,0000000,99,99,99,99,88,88,0,0,0,1,1
6,60080,2,2,0,0,0,14,14,37,0,15,1,2011,7,2,25,1,12,3,SR-60,,30,34.03510278,-118.173908330,0,12,7,0,1,1,1,0,2,1,0,1,0,0000000,99,99,99,99,99,99,0,0,0,2,1
6,60081,1,1,0,0,0,1,1,73,3260,15,1,2011,7,7,15,1,11,1,I-5,,219,32.78520278,-117.207586110,0,39,0,0,1,1,3,0,1,1,0,1,0,0000000,99,99,99,99,99,99,0,0,0,1,0
6,60082,1,1,0,0,0,3,3,67,0,15,1,2011,7,4,31,0,2,4,BRADSHAW RD,,0,38.57316389,-121.336450000,0,38,0,0,1,1,4,0,3,10,0,10,0,0000000,99,99,99,99,99,99,0,0,0,1,1
6,60083,2,2,0,0,0,3,3,61,3110,15,1,2011,7,12,15,0,13,6,DOUGLAS BL,,0,38.74421667,-121.254588890,0,59,0,0,1,1,4,0,1,1,0,1,0,0000000,99,99,99,99,99,99,0,0,0,1,0
6,60084,3,3,0,0,0,4,4,37,0,18,1,2011,3,7,5,0,4,4,PALMDALE BL,,0,34.57985278,-117.887827780,0,12,8,0,1,1,1,0,1,1,0,1,0,0000000,99,99,99,99,99,99,0,0,0,1,0
6,60085,1,1,0,1,1,1,1,59,1410,18,1,2011,3,11,53,0,13,6,BROOKHURST ST,,0,33.75507500,-117.955008330,0,9,0,0,8,1,1,0,1,1,0,1,0,0000000,99,99,99,99,88,88,0,0,0,1,0
6,60086,2,2,0,0,0,4,4,53,3180,14,1,2011,6,7,25,0,16,6,SAN JUAN GRADE RD,,0,36.72497222,-121.645388890,0,12,7,0,1,1,1,0,4,5,0,5,0,0000000,99,99,99,99,99,99,0,0,0,1,0
6,60087,2,2,0,0,0,2,2,59,9997,14,1,2011,6,11,12,0,14,6,BAKE PKWY,NORTH POINTE DR,0,33.66169167,-117.693058330,0,12,6,0,2,2,1,0,1,1,0,1,0,0000000,99,99,99,99,99,99,0,0,0,1,0
6,60088,2,2,0,1,1,2,2,53,3180,14,1,2011,6,17,40,0,14,6,WILLIAMS RD,QUILLA ST,0,36.67338889,-121.617941670,0,8,0,0,3,2,1,0,3,1,0,1,0,0000000,99,99,99,99,88,88,0,0,0,1,0
6,60089,1,1,0,1,1,1,1,37,1670,14,1,2011,6,17,54,0,14,6,GAGE AVE,MARCONI ST,0,33.98094722,-118.215658330,0,8,0,0,2,3,1,0,3,1,0,1,0,0000000,99,99,99,99,99,99,0,0,0,1,0
6,60090,1,1,0,1,1,3,3,73,3260,14,1,2011,6,18,54,0,16,6,BALBOA AVE,,0,32.82031944,-117.174091670,0,8,0,0,1,1,1,0,2,1,0,1,0,0000000,99,99,99,99,88,88,19,0,0,1,0
6,60091,2,2,0,0,0,3,3,53,0,19,1,2011,4,8,28,0,2,3,SR-1,,699,36.50822222,-121.936783330,0,12,2,0,1,1,1,0,1,10,0,10,0,0000000,99,99,99,99,99,99,0,0,0,1,0
6,60092,1,1,0,0,0,2,2,29,240,19,1,2011,4,22,35,1,12,3,SR-99 RAMP,,272,35.40481944,-119.046111110,0,42,0,1,5,1,4,0,3,1,0,1,0,0000000,99,99,99,99,88,88,0,0,0,2,1
6,60093,2,2,0,0,0,2,2,19,1350,20,1,2011,5,12,45,1,12,3,SR-99,,114,36.63008889,-119.687850000,0,12,1,0,1,1,1,0,1,1,0,1,0,0000000,99,99,99,99,99,99,0,0,0,1,0
6,60094,3,3,0,0,0,3,3,65,9997,21,1,2011,6,4,9,1,11,1,I-215,,204,33.70810000,-117.186569440,0,12,2,0,1,1,1,0,2,1,0,1,0,0000000,99,99,99,99,99,99,0,0,0,1,2
6,60095,2,2,0,0,0,3,3,13,1152,21,1,2011,6,6,10,0,13,6,SAN PABLO DAM RD,GREENRIDGE DR,0,37.96373889,-122.295986110,0,12,6,0,2,3,1,0,2,1,0,1,0,0000000,99,99,99,99,88,88,0,0,0,1,0
6,60096,2,2,0,0,0,2,2,77,0,12,1,2011,4,16,23,0,2,4,MARIPOSA RD,,0,37.84032778,-121.009116670,0,12,6,0,8,1,1,0,1,1,0,1,0,0000000,99,99,99,99,88,88,0,0,0,1,1
6,60097,10,10,0,0,0,11,11,59,2560,15,1,2011,7,14,43,0,13,3,SR-1,,196,33.62076111,-117.925100000,0,12,8,0,1,1,1,0,1,1,0,1,0,0000000,99,99,99,99,99,99,0,0,0,3,0
6,60098,2,2,0,0,0,3,3,29,3600,17,1,2011,2,12,40,0,13,6,S BEECH AVE,RIVERSIDE ST,0,35.48527778,-119.260725000,0,12,6,0,2,3,1,0,1,1,0,1,0,0000000,99,99,99,99,99,99,0,0,0,2,1
6,60099,1,1,0,0,0,2,2,89,0,17,1,2011,2,17,55,1,2,3,SR-89,,159,40.86686111,-121.547941670,0,42,0,0,1,1,4,0,2,1,0,1,0,0000000,99,99,99,99,99,99,0,0,0,1,1
6,60100,2,2,0,0,0,3,3,19,0,17,1,2011,2,23,34,0,4,4,TEMPERANCE AVE,NORTH AVE,0,36.69281944,-119.663975000,0,12,6,0,2,2,1,0,2,1,0,1,0,0000000,99,99,99,99,88,88,0,0,0,1,0
6,60101,1,1,0,1,1,1,1,73,0,21,1,2011,6,13,15,0,2,3,SR-67,KALBAUGH ST,228,33.02740556,-116.890447220,0,9,0,1,2,2,1,0,1,1,0,1,0,0000000,99,99,99,99,99,99,0,0,0,1,0
6,60102,2,2,0,0,0,2,2,71,0,17,1,2011,2,15,23,0,2,3,SR-127,,25,35.30336111,-116.015463890,0,12,6,0,1,1,1,0,1,1,0,1,0,0000000,99,99,99,99,99,99,0,0,0,1,0
6,60103,1,1,0,0,0,1,1,59,0,21,1,2011,6,15,42,0,2,4,SANTIAGO CANYON RD,,0,33.74791389,-117.670736110,0,20,0,0,1,1,4,0,1,1,0,1,0,0000000,99,99,99,99,99,99,0,0,0,1,1
6,60104,1,1,0,1,1,1,1,71,0,21,1,2011,6,18,2,0,3,4,CEDAR AVE,,0,34.04626389,-117.396400000,0,8,0,0,1,1,1,0,2,1,0,1,0,0000000,99,99,99,99,88,88,0,0,0,1,0
6,60105,2,2,0,0,0,3,3,67,0,22,1,2011,7,0,53,0,3,4,NORTH LOOP BLVD,WALERGA RD,0,38.72152500,-121.364555560,0,12,6,0,2,2,1,0,3,1,0,1,0,0000000,99,99,99,99,99,99,0,0,0,1,1
6,60106,1,1,0,0,0,1,1,73,0,22,1,2011,7,8,45,0,2,3,SR-78,,868,33.15942778,-116.223130560,0,1,0,0,1,1,1,0,1,1,0,1,0,0000000,99,99,99,99,88,88,0,0,0,1,1
6,60107,1,1,0,1,1,2,2,65,1801,14,1,2011,6,19,58,0,13,6,RIVERSIDE DR,,0,33.69170833,-117.350205560,0,9,0,0,1,1,1,0,2,1,0,1,0,0000000,99,99,99,99,88,88,0,0,0,1,0
6,60108,1,1,0,1,1,1,1,47,1930,14,1,2011,6,20,29,1,12,3,SR-99,,306,37.39074167,-120.737238890,0,8,0,0,1,1,1,0,2,1,0,1,0,0000000,99,99,99,99,99,99,19,0,0,1,0
6,60109,1,1,0,0,0,1,1,73,3375,15,1,2011,7,4,54,0,16,6,SAN ELIJO RD,LEDGE ST,0,33.10764167,-117.171902780,0,1,0,0,3,3,1,0,3,1,0,1,0,0000000,99,99,99,99,99,99,0,0,0,1,0
6,60110,1,1,0,0,0,1,1,83,0,15,1,2011,7,5,15,0,4,4,RUCKER RD,,0,34.67818889,-120.437519440,0,38,0,0,1,1,4,0,2,1,0,1,0,0000000,99,99,99,99,88,88,0,0,0,1,1
6,60111,1,1,0,1,1,1,1,37,120,17,1,2011,2,16,8,0,14,6,BALDWIN AVE,LONGDEN AVE,0,34.11498333,-118.053766670,0,9,0,0,3,2,1,0,1,1,0,1,0,0000000,99,99,99,99,99,99,0,0,0,1,0
6,60112,2,2,0,0,0,4,4,67,3150,18,1,2011,3,20,9,0,13,6,FRANKLIN BL,CREEKS EDGE WY,0,38.48431667,-121.453902780,0,12,2,0,2,3,1,0,3,1,0,1,0,0000000,99,99,99,99,99,99,0,0,0,1,0
6,60113,3,3,0,0,0,3,3,73,0,16,1,2011,1,11,35,0,2,3,SR-78,,715,33.10833889,-116.450230560,8,12,8,0,1,1,1,0,1,1,0,1,0,0000000,99,99,99,99,99,99,0,0,0,1,0
6,60114,1,1,0,1,1,1,1,13,820,16,1,2011,1,17,49,0,14,6,SOLANO WY,AVON AV,0,37.99290556,-122.049972220,0,8,0,0,3,3,1,0,3,5,0,5,0,0000000,99,99,99,99,88,88,0,0,0,1,0
6,60115,1,1,0,1,1,1,1,73,3260,16,1,2011,1,22,29,1,11,1,I-15,,125,32.68761111,-117.115061110,0,8,0,0,1,1,1,0,2,1,0,1,0,0000000,99,99,99,99,88,88,0,0,0,1,0
6,60116,1,1,0,0,0,1,1,37,4190,17,1,2011,2,3,57,0,14,6,SANTA GERTRUDES AVE,,0,33.93389722,-117.993136110,0,33,0,0,1,1,4,0,3,1,0,1,0,0000000,99,99,99,99,88,88,0,0,0,1,1
6,60117,2,2,0,0,0,3,3,5,0,17,1,2011,2,10,15,0,4,4,SHENANDOAH RD,FIDDLETOWN RD,0,38.48258056,-120.835888890,0,12,2,0,3,4,1,0,1,5,0,5,0,0000000,99,99,99,99,88,88,0,0,0,1,0
6,60118,1,1,0,0,0,1,1,19,1370,23,1,2011,1,99,99,0,13,6,VETERANS BLVD,HAYES AVE,0,36.83339722,-119.898438890,0,33,0,0,3,3,4,0,3,5,0,5,0,0000000,99,99,99,99,88,88,0,0,0,1,1
6,60119,1,1,0,1,1,1,1,73,2340,24,1,2011,2,16,30,0,15,6,24TH ST,,0,32.66568889,-117.088480560,0,9,0,0,8,1,1,0,1,1,0,1,0,0000000,99,99,99,99,99,99,0,0,0,1,0
6,60120,2,2,0,0,0,3,3,77,0,25,1,2011,3,9,54,1,2,4,ROTH RD,AIRPORT WAY,0,37.85560278,-121.255488890,0,1,0,0,2,3,1,0,1,5,0,5,0,0000000,99,99,99,99,99,99,0,0,0,1,0
6,60121,1,1,0,0,0,1,1,13,2583,25,1,2011,3,14,32,0,13,6,CAMINO PABLO,MINER RD,0,37.88859444,-122.194658330,0,42,0,0,3,3,4,0,1,1,0,1,0,0000000,99,99,99,99,88,88,20,0,0,1,0
6,60122,1,1,0,0,0,1,1,85,0,25,1,2011,3,17,45,0,4,4,BEAR CREEK RD,,0,37.17910000,-122.009588890,0,42,0,0,1,1,4,0,2,1,0,1,0,0000000,99,99,99,99,88,88,0,0,0,1,0
6,60123,1,1,0,1,1,1,1,73,0,25,1,2011,3,18,43,0,3,4,FALLBROOK ST,,0,33.37673889,-117.252061110,0,8,0,0,1,1,1,0,3,1,0,1,0,0000000,99,99,99,99,99,99,0,0,0,1,0
6,60124,2,2,0,0,0,5,5,111,2620,9,1,2011,1,17,19,0,13,6,RICE AVE,CAMINO DEL SOL,0,34.20615556,-119.142111110,0,1,0,0,2,2,1,0,5,1,0,1,0,0000000,99,99,99,99,99,99,0,0,0,2,0
6,60125,1,1,0,0,0,1,1,71,0,25,1,2011,3,14,20,1,1,1,I-40,,474,34.72480000,-116.209011110,0,52,0,0,1,1,3,0,1,1,0,1,0,0000000,99,99,99,99,88,88,0,0,0,1,0
6,60126,1,1,0,1,1,2,2,65,0,25,1,2011,3,23,40,0,6,4,BONITA AVE,,0,33.91426667,-116.795933330,0,8,0,0,1,1,1,0,2,1,0,1,0,0000000,99,99,99,99,99,99,0,0,0,1,0
6,60127,2,1,1,1,1,0,0,97,3490,26,1,2011,4,14,33,0,16,6,WILL SCARLET LN,,0,38.44647500,-122.694072220,0,8,0,0,8,1,1,0,1,1,0,1,0,0000000,99,99,99,99,99,99,14,0,0,1,0
6,60128,1,1,0,0,0,1,1,63,0,26,1,2011,4,15,31,0,2,3,SR-89,,30,39.73045000,-120.550588890,0,21,0,0,1,1,5,0,1,1,0,1,0,0000000,99,99,99,99,88,88,0,0,0,1,1
6,60129,1,1,0,0,0,1,1,101,0,26,1,2011,4,19,56,0,2,3,SR-99,,226,39.02571944,-121.634761110,0,1,0,0,1,1,1,0,2,5,0,5,0,0000000,99,99,99,99,88,88,0,0,0,1,0
6,60130,1,1,0,0,0,1,1,19,740,26,1,2011,4,21,29,0,13,6,HERNDON AVE,TEMPERANCE AVE,0,36.83731111,-119.663911110,0,33,0,0,3,2,4,0,3,5,0,5,0,0000000,99,99,99,99,99,99,0,0,0,1,1
6,60131,1,1,0,1,1,1,1,73,3260,26,1,2011,4,22,21,0,13,6,PACIFIC HWY,,0,32.75706667,-117.201525000,0,8,0,0,1,1,1,0,2,1,0,1,0,0000000,99,99,99,99,99,99,19,0,0,1,0
6,60132,1,1,0,0,0,2,2,65,410,27,1,2011,5,0,13,0,15,6,E HOBSON WY,,0,33.60575556,-114.533297220,0,1,0,0,1,1,5,0,3,1,0,1,0,0000000,99,99,99,99,99,99,0,0,0,1,1
6,60133,1,1,0,0,0,1,1,77,0,27,1,2011,5,8,18,1,2,3,SR-99,,244,38.04326111,-121.258800000,0,42,0,0,1,1,4,0,1,10,5,5,0,0000000,99,99,99,99,88,88,0,0,0,1,0
6,60134,1,1,0,0,0,1,1,39,0,22,1,2011,7,11,4,1,2,3,SR-99,,226,37.08823611,-120.212711110,0,24,0,0,1,1,3,0,1,5,0,5,0,0000000,99,99,99,99,99,99,0,0,0,1,1
6,60135,2,2,0,0,0,3,3,25,0,22,1,2011,7,17,49,1,2,3,SR-7,HEBER RD,38,32.73088333,-115.382005560,0,12,6,1,2,2,1,0,3,1,0,1,0,0000000,99,99,99,99,99,99,0,0,0,1,0
6,60136,1,1,0,1,1,2,2,37,1970,22,1,2011,7,18,10,0,13,6,WILLOW ST,PASADENA AVE,0,33.80440278,-118.187208330,0,8,0,0,2,3,1,0,2,1,0,1,0,0000000,99,99,99,99,99,99,0,0,0,1,0
6,60137,2,1,1,0,0,2,2,95,4010,22,1,2011,7,18,38,0,16,6,CHRISTINE DR,,0,38.35647778,-121.943775000,0,14,0,0,1,1,7,0,3,1,0,1,0,0000000,99,99,99,99,88,88,0,0,0,2,1
6,60138,2,2,0,0,0,3,3,1,1560,22,1,2011,7,19,47,0,13,6,HESPERIAN BLVD,,0,37.62435833,-122.092752780,0,12,1,0,1,1,1,0,3,1,0,1,0,0000000,99,99,99,99,99,99,0,0,0,1,1
6,60139,1,1,0,0,0,1,1,101,0,23,1,2011,1,0,10,0,4,4,PLEASANT GROVE RD,,0,38.79536111,-121.483891670,0,1,0,0,1,1,5,0,2,5,0,5,0,0000000,99,99,99,99,88,88,0,0,0,1,1
6,60140,1,1,0,0,0,4,4,37,2645,23,1,2011,1,0,21,0,16,6,AVENUE R-8,,0,34.56541111,-118.046302780,0,33,0,0,1,1,4,0,3,1,0,1,0,0000000,99,99,99,99,99,99,0,0,0,1,0
6,60141,1,1,0,0,0,1,1,77,0,23,1,2011,1,1,25,0,6,4,NEUGERBAUER ROAD,,0,37.99320833,-121.429572220,0,18,0,0,1,1,2,0,2,5,0,5,0,0000000,99,99,99,99,99,99,0,0,0,1,1
6,60142,1,1,0,0,0,3,3,111,0,23,1,2011,1,15,9,0,3,4,ROSE AVE,,0,34.24416389,-119.149555560,0,38,0,0,1,1,5,0,1,1,0,1,0,0000000,99,99,99,99,88,88,0,0,0,2,1
6,60143,1,1,0,0,0,1,1,73,1200,29,1,2011,7,99,99,0,15,6,FELICITA AVE,,0,33.09958056,-117.082572220,0,34,0,0,1,1,5,0,9,1,0,1,0,0000000,99,99,99,99,88,88,0,0,0,1,1
6,60144,1,1,0,1,1,1,1,37,0,8,1,2011,7,17,40,0,6,4,BURIN AVE,,0,33.93903889,-118.353738890,0,38,0,0,8,1,5,0,3,1,0,1,0,0000000,99,99,99,99,99,99,4,15,0,1,0
6,60145,2,2,0,0,0,2,2,37,1980,21,1,2011,6,8,0,0,15,6,EARLE ST,,0,33.73806389,-118.262136110,0,12,6,0,8,1,1,0,1,1,0,1,0,0000000,99,99,99,99,99,99,0,0,0,1,0
6,60146,2,2,0,0,0,2,2,37,3455,21,1,2011,6,10,0,0,14,6,BLOOMFIELD AVE,,0,33.94080556,-118.063900000,0,1,0,0,8,1,1,0,1,1,0,1,0,0000000,99,99,99,99,99,99,0,0,0,1,0
6,60147,1,1,0,0,0,4,4,65,3851,26,1,2011,4,14,57,0,16,6,VAIL RANCH PKWY,,0,33.47420278,-117.089613890,0,33,0,0,1,1,3,0,1,1,0,1,0,0000000,99,99,99,99,99,99,0,0,0,1,1
6,60148,2,2,0,0,0,3,3,77,3770,27,1,2011,5,10,39,0,13,6,MARCH LN,PALM PLAZA DR,0,38.00140556,-121.292711110,0,12,6,0,2,2,1,0,1,1,0,1,0,0000000,99,99,99,99,99,99,0,0,0,1,0
6,60149,1,1,0,1,1,1,1,75,3290,27,1,2011,5,17,35,0,13,6,LINCOLN WY,26TH AVE,0,37.76509722,-122.484658330,0,8,0,0,3,3,1,0,3,1,0,1,0,0000000,99,99,99,99,99,99,0,0,0,1,0
6,60150,2,2,0,0,0,3,3,29,0,27,1,2011,5,19,25,0,4,4,OLD RIVER RD,,0,35.23454444,-119.109950000,0,12,6,0,1,1,1,0,2,1,0,1,0,0000000,99,99,99,99,88,88,0,0,0,2,0
6,60151,1,1,0,0,0,1,1,37,2645,27,1,2011,5,22,25,0,14,6,90TH ST EAST,,0,34.58863333,-117.969216670,0,30,0,0,1,1,4,0,2,1,0,1,0,0000000,99,99,99,99,99,99,0,0,0,1,0
6,60152,2,2,0,0,0,3,3,103,0,28,1,2011,6,3,25,1,1,1,I-5,,60,39.88555000,-122.200030560,0,12,6,0,1,1,1,0,3,5,0,5,0,0000000,99,99,99,99,88,88,0,0,0,1,0
6,60153,2,2,0,0,0,2,2,77,3880,28,1,2011,6,13,2,0,13,6,TRACY BLVD,KAVANAGH AVE,0,37.75803611,-121.435113890,0,12,6,0,2,2,1,0,1,10,0,10,0,0000000,99,99,99,99,99,99,0,0,0,1,0
6,60154,1,1,0,0,0,4,4,93,0,27,1,2011,5,10,30,0,2,3,SR-96,,289,41.66495000,-123.449161110,0,1,0,0,1,1,4,0,1,1,0,1,0,0000000,99,99,99,99,99,99,0,0,0,3,0
6,60155,2,2,0,0,0,4,4,29,0,28,1,2011,6,17,51,0,2,4,MT VERNON AVE,,0,35.37341944,-118.967594440,0,12,2,0,1,1,1,0,3,1,0,1,0,0000000,99,99,99,99,99,99,0,0,0,1,0
6,60156,1,1,0,0,0,6,6,71,1603,28,1,2011,6,18,19,1,11,1,I-15,,344,34.43206944,-117.376038890,0,1,0,0,1,1,1,0,2,1,0,1,0,0000000,99,99,99,99,99,99,0,0,0,1,1
6,60157,1,1,0,0,0,2,2,67,1300,28,1,2011,6,19,51,0,13,6,FOLSOM BLVD,,0,38.65309167,-121.181613890,0,1,0,0,1,1,3,0,2,5,0,5,0,0000000,99,99,99,99,99,99,0,0,0,1,1
6,60158,1,1,0,0,0,2,2,85,3340,28,1,2011,6,21,24,1,12,2,US-101,,406,37.37601111,-121.939311110,0,38,0,0,1,1,4,0,3,1,0,1,0,0000000,99,99,99,99,99,99,0,0,0,1,0
6,60159,1,1,0,0,0,2,2,47,0,29,1,2011,7,1,0,0,6,4,E SOUTH BEAR CRK DR,,0,37.32414167,-120.320700000,0,1,0,0,1,1,4,0,2,5,0,5,0,0000000,99,99,99,99,88,88,0,0,0,1,1
6,60160,2,2,0,0,0,2,2,37,1047,29,1,2011,7,6,35,1,11,1,I-210,,355,34.13540000,-117.973030560,0,12,1,0,1,1,1,0,1,1,0,1,0,0000000,99,99,99,99,99,99,0,0,0,1,1
6,60161,1,1,0,0,0,2,2,53,0,29,1,2011,7,13,13,0,6,4,KIRBY RD,,0,36.84093889,-121.743830560,0,10,0,0,6,1,1,0,1,10,0,10,0,752351A,99,99,99,99,88,88,0,0,0,2,0
6,60162,1,1,0,0,0,1,1,93,0,29,1,2011,7,14,25,0,2,3,SR-89,,28,41.20218889,-121.771163890,0,42,0,0,1,1,4,0,1,10,0,10,0,0000000,99,99,99,99,99,99,0,0,0,1,0
6,60163,2,2,0,0,0,2,2,65,0,29,1,2011,7,17,25,1,2,3,SR-79,,64,33.46301944,-116.924650000,0,12,2,0,1,1,1,0,1,1,0,1,0,0000000,99,99,99,99,99,99,0,0,0,1,1
6,60164,2,2,0,0,0,3,3,73,3260,30,1,2011,1,7,30,1,11,1,I-15 RAMP,,196,32.96541944,-117.096230560,0,1,0,1,5,1,8,0,1,10,0,10,0,0000000,99,99,99,99,88,88,0,0,0,1,1
6,60165,2,2,0,0,0,3,3,37,1980,30,1,2011,1,9,50,1,12,2,US-101,,93,34.12899167,-118.347416670,0,12,6,0,1,1,1,0,1,2,10,2,0,0000000,99,99,99,99,99,99,0,0,0,1,0
6,60166,1,1,0,0,0,1,1,19,0,30,1,2011,1,99,99,0,6,6,CHESTNUT AVE,,0,36.62635278,-119.736869440,0,1,0,0,1,1,5,0,2,10,0,10,0,0000000,99,99,99,99,88,88,0,0,0,1,0
6,60167,1,1,0,1,1,4,4,67,3150,31,1,2011,2,6,16,0,13,6,FLORIN RD,,0,38.49542500,-121.510677780,0,8,0,0,1,1,1,0,3,1,0,1,0,0000000,99,99,99,99,99,99,0,0,0,1,0