STATE,ST_CASE,VE_TOTAL,VE_FORMS,PVH_INVL,PEDS,PERNOTMVIT,PERMVIT,PERSONS,COUNTY,CITY,DAY,MONTH,YEAR,DAY_WEEK,HOUR,MINUTE,NHS,ROAD_FNC,ROUTE,TWAY_ID,TWAY_ID2,MILEPT,LATITUDE,LONGITUD,SP_JUR,HARM_EV,MAN_COLL,RELJCT1,RELJCT2,TYP_INT,REL_ROAD,WRK_ZONE,LGT_COND,WEATHER1,WEATHER2,WEATHER,SCH_BUS,RAIL,NOT_HOUR,NOT_MIN,ARR_HOUR,ARR_MIN,HOSP_HR,HOSP_MN,CF1,CF2,CF3,FATALS,DRUNK_DR
6,60168,2,2,0,1,1,2,2,65,850,31,1,2011,2,11,18,0,13,6,GRAND AVE,,0,33.88045278,-117.571033330,0,8,0,0,1,1,1,0,1,1,0,1,0,0000000,99,99,99,99,88,88,0,0,0,1,0
6,60169,2,2,0,0,0,3,3,37,1980,31,1,2011,2,13,5,0,14,6,60TH ST W,AVENUE F,0,33.98532222,-118.335177780,0,12,6,0,2,2,1,0,1,6,1,6,0,0000000,99,99,99,99,99,99,0,0,0,1,1
6,60170,2,2,0,0,0,3,3,67,3150,31,1,2011,2,15,30,1,11,1,I-5,,215,38.55491944,-121.512872220,0,12,6,0,1,1,1,0,1,1,0,1,0,0000000,99,99,99,99,99,99,0,0,0,1,0
6,60171,2,2,0,0,0,2,2,73,1080,31,1,2011,2,18,38,0,14,6,BROADWAY,,0,32.80766667,-116.946400000,0,12,6,0,8,1,1,0,3,1,0,1,0,0000000,99,99,99,99,99,99,0,0,0,1,0
6,60172,1,1,0,1,1,1,1,109,3670,31,1,2011,2,18,38,0,14,6,MONO WAY,,0,37.97580556,-120.366827780,0,8,0,0,1,1,1,0,3,1,0,1,0,0000000,99,99,99,99,99,99,0,0,0,1,0
6,60173,1,1,0,1,1,1,1,37,1980,31,1,2011,2,21,15,0,14,6,JEFFERSON BLVD,9TH AVE,0,34.02558056,-118.327175000,0,8,0,0,2,2,1,0,3,1,0,1,0,0000000,99,99,99,99,99,99,0,0,0,1,0
6,60174,1,1,0,1,1,1,1,37,3105,31,1,2011,2,22,37,0,14,6,WALNUT GROVE AVE,,0,34.07654722,-118.082002780,0,8,0,0,1,1,1,0,3,1,0,1,0,0000000,99,99,99,99,88,88,0,0,0,1,0
6,60175,2,2,0,0,0,8,8,67,1108,29,1,2011,7,19,20,1,12,3,SR-99,,138,38.42306944,-121.394661110,0,12,7,0,5,1,1,0,3,10,0,10,0,0000000,99,99,99,99,99,99,0,0,0,1,0
6,60176,2,2,0,0,0,3,3,111,0,29,1,2011,7,21,25,0,2,3,SR-33,,62,34.35985000,-119.309488890,0,12,2,0,1,1,1,0,2,1,0,1,0,0000000,99,99,99,99,99,99,0,0,0,1,1
6,60177,2,2,0,0,0,2,2,97,0,1,2,2011,3,0,20,0,4,4,PETRIFIELD FOREST RD,,0,38.55976944,-122.629680560,0,12,7,0,1,1,1,0,2,1,0,1,0,0000000,99,99,99,99,99,99,0,0,0,1,0
6,60178,1,1,0,0,0,2,2,29,0,1,2,2011,3,4,35,0,6,4,VALLEY WEST RD,,0,35.24405000,-119.350538890,0,1,0,0,1,1,2,0,2,1,0,1,0,0000000,99,99,99,99,99,99,0,0,0,1,0
6,60179,2,2,0,0,0,2,2,65,3070,1,2,2011,3,5,27,1,11,1,I-215,,377,33.93573056,-117.290130560,0,12,1,0,1,1,1,0,2,5,0,5,0,0000000,99,99,99,99,99,99,0,0,0,1,0
6,60180,1,1,0,1,1,1,1,79,0,1,2,2011,3,6,3,0,3,4,JOSHUA RD,,0,35.00505000,-120.453761110,0,8,0,0,1,1,2,0,2,1,0,1,0,0000000,99,99,99,99,99,98,0,0,0,1,0
6,60181,2,2,0,0,0,4,4,99,0,1,2,2011,3,11,50,0,4,4,HILLS FERRY RD,,0,37.32698056,-120.997730560,0,12,2,0,1,1,1,0,1,1,0,1,0,0000000,99,99,99,99,99,99,0,0,0,1,0
6,60182,2,2,0,0,0,3,3,65,0,1,2,2011,3,13,0,0,3,4,RAMONA EXPY,ALESSANDRO AVE,0,33.80109722,-116.954627780,0,12,6,0,2,2,1,0,1,1,0,1,0,0000000,99,99,99,99,99,99,0,0,0,1,1
6,60183,1,1,0,0,0,1,1,31,1540,1,2,2011,3,14,27,0,13,6,GRANGEVILLE BLVD,,0,36.34264167,-119.628194440,0,1,0,0,1,1,1,0,1,1,0,1,0,0000000,99,99,99,99,99,99,0,0,0,1,0
6,60184,1,1,0,0,0,1,1,99,2200,1,2,2011,3,16,20,1,12,3,SR-99,,166,37.71001944,-121.068669440,0,39,0,0,1,1,4,0,1,1,0,1,0,0000000,99,99,99,99,88,88,0,0,0,1,0
6,60185,2,2,0,0,0,2,2,73,0,30,1,2011,1,10,50,0,3,6,OTAY LAKES RD,,0,32.63683889,-116.922530560,0,12,2,0,1,1,1,0,1,10,0,10,0,0000000,99,99,99,99,99,99,0,0,0,1,0
6,60186,2,2,0,0,0,2,2,59,9997,30,1,2011,1,12,28,0,14,6,PORTOLA PKWY,TOWNE CENTRE DR,0,33.67321944,-117.655463890,0,12,6,0,2,2,1,0,1,10,0,10,0,0000000,99,99,99,99,99,99,0,0,0,1,1
6,60187,1,1,0,0,0,1,1,59,880,30,1,2011,1,13,40,1,12,3,SR-73 RAMP,,262,33.67021111,-117.884211110,0,42,0,0,5,1,4,0,1,2,10,2,0,0000000,99,99,99,99,99,99,0,0,0,1,0
6,60188,1,1,0,0,0,2,2,65,0,30,1,2011,1,18,2,0,2,3,SR-60,,220,33.93566944,-117.128677780,0,25,0,0,1,1,3,0,2,10,0,10,0,0000000,99,99,99,99,99,99,0,0,0,1,0
6,60189,1,1,0,1,1,2,2,71,790,30,1,2011,1,19,51,0,13,6,WASHINGTON ST,,0,34.04823333,-117.296561110,0,8,0,0,1,1,1,0,3,2,0,2,0,0000000,99,99,99,99,88,88,0,0,0,1,0
6,60190,1,1,0,0,0,1,1,71,3210,30,1,2011,1,23,16,1,11,1,I-215,,111,34.15635000,-117.327180560,0,33,0,0,1,1,4,1,2,2,0,2,0,0000000,99,99,99,99,88,88,0,0,0,1,0
6,60191,3,1,2,0,0,1,1,77,3770,5,2,2011,7,15,25,0,13,6,EL DORADO ST,,0,38.00089722,-121.306163890,0,33,0,0,1,1,4,0,1,1,0,1,0,0000000,99,99,99,99,88,88,14,0,0,1,0
6,60192,1,1,0,1,1,2,2,61,3110,5,2,2011,7,20,20,1,11,1,I-80,,35,38.76345278,-121.258119440,0,8,0,0,1,1,1,0,3,1,0,1,0,0000000,99,99,99,99,99,99,0,0,0,1,0
6,60193,1,1,0,0,0,1,1,61,0,5,2,2011,7,20,25,0,2,3,SR-193,,47,38.88658889,-121.206238890,0,35,0,0,1,1,4,0,2,10,0,10,0,0000000,99,99,99,99,88,88,0,0,0,1,0
6,60194,1,1,0,0,0,1,1,107,0,5,2,2011,7,21,21,1,2,3,SR-99,,100,35.93176944,-119.284230560,0,42,0,0,1,1,4,0,2,1,0,1,0,0000000,99,99,99,99,88,88,0,0,0,1,1
6,60195,1,1,0,0,0,1,1,111,0,5,2,2011,7,99,99,0,2,4,PLEASANT VALLEY RD,,0,34.20573056,-119.090761110,0,1,0,0,1,1,4,0,2,1,0,1,0,0000000,99,99,99,99,88,88,0,0,0,1,1
6,60196,1,1,0,0,0,2,2,37,1970,6,2,2011,1,3,0,1,12,3,SR-91,,130,33.87608056,-118.169969440,0,1,0,0,1,1,4,0,2,1,0,1,0,0000000,99,99,99,99,88,88,0,0,0,2,0
6,60197,2,2,0,0,0,3,3,37,1980,6,2,2011,1,9,45,0,13,6,SHERMAN WAY,LOUISE AVE,0,34.20103889,-118.509822220,0,12,6,0,2,2,1,0,1,1,0,1,0,0000000,99,99,99,99,99,99,0,0,0,1,0
6,60198,1,1,0,1,1,1,1,107,4050,6,2,2011,1,14,38,0,16,6,COUNTRY CT,,0,36.30583889,-119.358072220,0,9,0,0,8,1,1,0,1,1,0,1,0,0000000,99,99,99,99,99,99,4,0,0,1,0
6,60199,2,2,0,0,0,4,4,1,2480,6,2,2011,1,15,10,1,11,1,I-980,,0,37.80234167,-122.280086110,0,12,1,0,1,1,1,0,1,1,0,1,0,0000000,99,99,99,99,99,99,0,0,0,1,1
6,60200,1,1,0,0,0,2,2,67,0,6,2,2011,1,16,45,0,4,4,DILLARD RD,,0,38.41963611,-121.222458330,0,42,0,0,1,1,5,0,1,1,0,1,0,0000000,99,99,99,99,99,99,0,0,0,1,0
6,60201,1,1,0,1,1,1,1,71,790,8,2,2011,3,7,4,0,14,6,VALLEY BLVD,,0,34.06816111,-117.334972220,0,8,0,0,1,1,1,0,1,1,0,1,0,0000000,99,99,99,99,99,99,0,0,0,1,0
6,60202,1,1,0,0,0,1,1,61,0,8,2,2011,3,10,43,0,4,4,SIERRA COLLEGE BLVD,,0,38.87195000,-121.237561110,0,1,0,0,1,1,5,0,1,1,0,1,0,0000000,99,99,99,99,88,88,0,0,0,1,0
6,60203,2,2,0,0,0,3,3,29,240,8,2,2011,3,13,16,1,12,3,SR-178,,1,35.38257778,-119.042294440,0,12,1,0,1,1,1,0,1,1,0,1,0,0000000,99,99,99,99,99,99,0,0,0,1,1
6,60204,2,2,0,1,1,2,2,111,0,8,2,2011,3,20,5,0,3,4,CENTRAL AVE,,0,34.23550556,-119.121408330,0,8,0,0,1,1,1,0,2,1,0,1,0,0000000,99,99,99,99,88,88,0,0,0,1,0
6,60205,1,1,0,0,0,1,1,77,2070,9,2,2011,4,1,55,1,12,3,SR-99,,65,37.79550833,-121.190613890,0,59,0,0,1,1,8,0,3,1,0,1,0,0000000,99,99,99,99,88,88,0,0,0,1,1
6,60206,1,1,0,1,1,1,1,111,1280,1,2,2011,3,14,8,1,12,3,SR-126,CENTRAL AVE,214,34.39685000,-118.912988890,0,15,0,0,3,2,1,0,1,1,0,1,0,0000000,99,99,99,99,99,99,0,0,0,1,0
6,60207,1,1,0,1,1,1,1,99,4090,1,2,2011,3,18,46,0,14,6,OAKDALE WATERFORD,BONNIE BRAE AVE,0,37.64591944,-120.767000000,0,8,0,0,3,3,1,0,2,1,0,1,0,0000000,99,99,99,99,99,99,0,0,0,1,0
6,60208,1,1,0,0,0,1,1,55,2330,6,2,2011,1,19,24,0,12,3,SR-29,SIERRA AVE,136,38.32721944,-122.314091670,0,30,0,0,3,3,4,0,3,1,0,1,0,0000000,99,99,99,99,88,88,0,0,0,1,0
6,60209,1,1,0,0,0,1,1,59,0,6,2,2011,1,21,5,0,2,4,EL TORO RD,,0,33.68338889,-117.620538890,0,42,0,0,1,1,4,0,3,1,0,1,0,0000000,99,99,99,99,88,88,0,0,0,1,1
6,60210,1,1,0,0,0,2,2,65,750,7,2,2011,2,0,1,0,14,6,AVE 52,,0,33.67129722,-116.165772220,0,10,0,0,6,1,1,0,3,1,0,1,0,760723K,99,99,99,99,99,99,0,0,0,2,0
6,60211,1,1,0,1,1,1,1,37,1980,7,2,2011,2,18,0,0,13,6,SAN FERNANDO RD,,0,34.10713333,-118.240591670,0,8,0,0,1,1,1,0,3,1,0,1,0,0000000,99,99,99,99,99,99,0,0,0,1,0
6,60212,1,1,0,0,0,1,1,29,0,7,2,2011,2,21,41,0,3,4,SNOW RD,,0,35.42703889,-119.114680560,0,1,0,0,1,1,1,0,3,1,0,1,0,0000000,99,99,99,99,88,88,0,0,0,1,1
6,60213,1,1,0,0,0,2,2,71,0,7,2,2011,2,22,40,0,2,3,SR-62,,497,34.12230833,-115.776802780,0,35,0,0,1,1,4,0,2,1,0,1,0,0000000,99,99,99,99,99,99,0,0,0,1,1
6,60214,1,1,0,0,0,1,1,17,0,8,2,2011,3,5,40,0,5,4,GRIZZLY FLAT RD,,0,38.61986944,-120.603411110,0,38,0,0,1,1,4,0,2,1,0,1,0,0000000,99,99,99,99,99,99,0,0,0,1,0
6,60215,2,1,1,4,4,1,1,37,1980,11,2,2011,6,14,0,0,16,6,MERCER ST,SPROULE AVE,0,34.27965833,-118.407855560,0,8,0,0,3,3,1,0,1,1,0,1,0,0000000,99,99,99,99,99,99,4,14,0,1,1
6,60216,1,1,0,0,0,1,1,1,2480,1,2,2011,3,22,58,1,11,1,I-580 RAMP,,400,37.78449167,-122.191386110,0,33,0,0,1,1,5,0,3,1,0,1,0,0000000,99,99,99,99,88,88,0,0,0,1,0
6,60217,1,1,0,0,0,1,1,29,0,1,2,2011,3,99,99,0,2,3,SR-178,,205,35.50356944,-118.691663890,0,1,0,0,1,1,5,0,3,1,0,1,0,0000000,99,99,99,99,88,88,0,0,0,1,0
6,60218,2,2,0,0,0,2,2,41,0,2,2,2011,4,12,35,0,4,4,MARSHALL PETALUMA RD,,0,38.16560000,-122.809586110,0,1,0,0,1,1,1,0,1,1,0,1,0,0000000,99,99,99,99,88,88,0,0,0,1,0
6,60219,1,1,0,0,0,2,2,73,0,2,2,2011,4,21,20,1,1,1,I-8,,434,32.81813611,-116.534722220,0,1,0,0,1,1,2,0,3,1,0,1,0,0000000,99,99,99,99,99,99,0,0,0,1,1
6,60220,1,1,0,1,1,1,1,71,0,3,2,2011,5,4,28,1,1,1,I-10,,183,34.06789444,-117.404558330,0,8,0,0,1,1,1,0,2,1,0,1,0,0000000,99,99,99,99,88,88,0,0,0,1,0
6,60221,1,1,0,0,0,2,2,69,0,3,2,2011,5,18,0,0,4,4,SALINAS RD,,0,36.83206111,-121.535941670,0,1,0,0,1,1,1,0,1,1,0,1,0,0000000,99,99,99,99,99,99,0,0,0,1,0
6,60222,1,1,0,1,1,1,1,37,0,4,2,2011,6,21,40,0,3,4,126TH STREET,WILMINGTON AVE,0,33.91843611,-118.239155560,0,9,0,0,2,3,1,0,3,1,0,1,0,0000000,99,99,99,99,99,99,0,0,0,1,0
6,60223,1,1,0,0,0,1,1,39,0,4,2,2011,6,99,99,0,4,4,RD 600,,0,37.08951944,-119.955005560,0,35,0,0,1,1,5,0,2,1,0,1,0,0000000,99,99,99,99,88,88,0,0,0,1,1
6,60224,1,1,0,1,1,1,1,65,3320,5,2,2011,7,4,44,0,14,6,LYON AVE,,0,33.79816667,-116.989469440,0,8,0,0,1,1,1,0,2,1,0,1,0,0000000,99,99,99,99,88,88,0,0,0,1,1
6,60225,2,2,0,0,0,5,5,53,0,5,2,2011,7,5,15,0,2,4,DAVIS RD,BLANCO RD,0,36.66677778,-121.685122220,0,12,6,0,2,2,1,0,3,10,0,10,0,0000000,99,99,99,99,99,99,0,0,0,1,0
6,60226,2,1,1,0,0,1,1,59,470,5,2,2011,7,11,44,0,16,6,BLUEBELL DR,,0,33.84818333,-117.984258330,0,14,0,0,1,1,4,0,1,1,0,1,0,0000000,99,99,99,99,99,99,0,0,0,1,0
6,60227,1,1,0,1,1,1,1,73,3260,5,2,2011,7,11,50,1,11,1,I-15 RAMP,,67,32.78853611,-117.112791670,0,9,0,1,5,1,1,0,1,1,0,1,0,0000000,99,99,99,99,88,88,0,0,0,1,0
6,60228,1,1,0,0,0,1,1,85,0,5,2,2011,7,12,15,0,5,4,CALAVERAS RD,,0,37.45025833,-121.832322220,0,38,0,0,1,1,5,0,1,1,0,1,0,0000000,99,99,99,99,88,88,0,0,0,1,0
6,60229,1,1,0,0,0,1,1,77,2070,5,2,2011,7,17,25,1,12,3,SR-99,,70,37.80131111,-121.192394440,0,24,0,0,1,1,3,0,1,1,0,1,0,0000000,99,99,99,99,88,88,0,0,0,1,1
6,60230,1,1,0,1,1,1,1,59,3420,5,2,2011,7,18,3,0,13,6,HARBOR BLVD,,0,33.73905833,-117.920116670,0,8,0,0,1,1,1,0,3,1,0,1,0,0000000,99,99,99,99,88,88,0,0,0,1,0
6,60231,1,1,0,0,0,1,1,71,360,6,2,2011,1,18,0,0,13,6,BIG BEAR BLVD,,483,34.26480556,-116.817005560,0,35,0,0,1,1,5,0,2,1,0,1,0,0000000,99,99,99,99,88,88,0,0,0,1,0
6,60232,2,2,0,0,0,2,2,95,1260,9,2,2011,4,11,56,0,13,6,PEABODY RD,,0,38.30435556,-121.970627780,0,12,2,0,1,1,1,0,1,1,0,1,0,0000000,99,99,99,99,88,88,0,0,0,1,0
6,60233,1,1,0,1,1,1,1,15,0,9,2,2011,4,19,14,1,2,2,US-101,,274,41.76748611,-124.192291670,0,15,0,0,1,1,1,0,2,1,0,1,0,0000000,99,99,99,99,99,99,0,0,0,1,0
6,60234,1,1,0,1,1,2,2,77,3050,9,2,2011,4,20,3,1,12,3,SR-99,,20,37.75444167,-121.146516670,0,8,0,0,1,1,1,0,3,1,0,1,0,0000000,99,99,99,99,88,88,0,0,0,1,0
6,60235,2,2,0,0,0,2,2,75,3290,10,2,2011,5,2,16,0,13,6,GEARY BLVD,ARGUELLO BLVD,0,37.78116667,-122.458869440,0,12,6,0,2,2,1,0,6,1,0,1,0,0000000,99,99,99,99,88,88,0,0,0,1,0
6,60236,1,1,0,1,1,2,2,37,1980,10,2,2011,5,7,40,0,15,6,FARMDALE AVE,,0,34.02352500,-118.346077780,0,8,0,0,1,1,1,0,1,1,0,1,0,0000000,99,99,99,99,99,99,0,0,0,1,0
6,60237,2,2,0,0,0,2,2,65,0,10,2,2011,5,12,34,1,2,3,SR-79 RAMP,GILMAN SPRINGS RD,342,33.84550833,-117.005375000,0,12,6,1,2,4,1,0,1,1,0,1,0,0000000,99,99,99,99,88,88,0,0,0,1,0
6,60238,1,1,0,0,0,2,2,71,0,8,2,2011,3,22,10,1,1,1,I-40,,927,34.76893889,-115.471161110,0,1,0,0,1,1,3,0,2,1,0,1,0,0000000,99,99,99,99,99,99,0,0,0,1,0
6,60239,1,1,0,0,0,2,2,99,0,13,2,2011,1,3,0,0,6,4,VIVIAN RD,,0,37.53620000,-121.049230560,0,1,0,0,1,1,5,0,2,1,0,1,0,0000000,99,99,99,99,99,99,0,0,0,1,1
6,60240,1,1,0,0,0,2,2,77,3770,13,2,2011,1,4,56,0,13,6,WEST LN,,0,37.99389722,-121.287625000,0,33,0,0,1,1,4,0,3,1,0,1,0,0000000,99,99,99,99,99,99,0,0,0,1,0
6,60241,2,2,0,1,1,3,3,59,1786,13,2,2011,1,11,10,0,13,6,MOULTON PKWY,NUEVA VISTA DR,0,33.54651389,-117.696013890,0,12,6,0,2,2,1,0,1,1,0,1,0,0000000,99,99,99,99,99,99,0,0,0,1,0
6,60242,1,1,0,0,0,1,1,111,0,13,2,2011,1,11,30,0,2,3,SR-33,,335,34.59113889,-119.287169440,0,33,0,0,1,1,4,0,1,1,0,1,0,0000000,99,99,99,99,88,88,0,0,0,1,0
6,60243,2,2,0,0,0,3,3,37,0,13,2,2011,1,11,34,0,4,4,BIG PINES HWY,,0,34.42971944,-117.816480560,0,1,0,0,1,1,1,0,1,1,0,1,0,0000000,99,99,99,99,88,88,0,0,0,1,0
6,60244,1,1,0,0,0,1,1,73,0,13,2,2011,1,12,5,0,2,3,SR-76,,379,33.29523889,-116.905930560,0,1,0,0,1,1,4,0,1,1,0,1,0,0000000,99,99,99,99,88,88,0,0,0,1,1
6,60245,1,1,0,0,0,1,1,65,1846,13,2,2011,1,23,29,0,14,6,AVE 54,JEFFERSON ST,0,33.65635278,-116.268138890,0,33,0,0,3,2,4,0,3,1,0,1,0,0000000,99,99,99,99,88,88,0,0,0,1,0
6,60246,1,1,0,0,0,4,4,99,640,14,2,2011,2,3,16,0,15,6,RIVER RD,,0,37.61633889,-120.946319440,0,33,0,0,1,1,4,0,3,10,0,10,0,0000000,99,99,99,99,99,99,0,0,0,2,0
6,60247,1,1,0,0,0,4,4,19,1370,14,2,2011,2,1,18,0,13,6,W HERNDON AVE,N VALENTINE AVE,0,36.83735000,-119.853433330,0,33,0,0,3,2,4,0,3,1,0,1,0,0000000,99,99,99,99,99,99,0,0,0,1,1
6,60248,2,2,0,0,0,2,2,77,1940,15,1,2011,7,10,24,0,14,6,HUTCHINS ST,VINE ST,0,38.12241944,-121.279083330,0,12,6,0,2,2,1,0,1,10,0,10,0,0000000,99,99,10,32,99,99,0,0,0,1,0
6,60249,2,2,0,0,0,2,2,59,1713,18,1,2011,3,13,21,0,13,6,CULVER DR,FARWELL AVE,0,33.71419444,-117.778344440,0,12,6,0,2,2,1,0,1,1,0,1,0,0000000,99,99,99,99,13,44,0,0,0,1,0
6,60250,1,1,0,0,0,2,2,89,2950,20,1,2011,5,12,41,0,15,6,EASTSIDE RD,,0,40.52923056,-122.383483330,0,1,0,0,1,1,1,0,1,1,0,1,0,0000000,99,99,99,99,99,99,0,0,0,1,1
6,60251,2,2,0,0,0,2,2,71,3210,22,1,2011,7,12,29,1,11,1,I-215,,88,34.13100833,-117.305211110,0,12,2,0,1,1,1,0,1,1,0,1,0,0000000,99,99,99,99,88,88,0,0,0,1,0
6,60252,2,2,0,0,0,2,2,59,2199,26,1,2011,4,14,37,0,13,6,MARGUERITE PKWY,OLYMPIAD RD,0,33.64110556,-117.644377780,0,12,2,0,2,3,1,0,1,1,0,1,0,0000000,99,99,99,99,99,99,0,0,0,1,0
6,60253,2,1,1,1,1,1,1,37,1980,25,1,2011,3,18,20,0,14,6,CORBIN AVE,,0,34.23091667,-118.562288890,0,8,0,0,1,1,1,0,3,1,0,1,0,0000000,99,99,99,99,99,99,0,0,0,1,0
6,60254,1,1,0,1,1,1,1,37,1970,1,2,2011,3,19,31,0,13,6,LOS ALAMITOS,LAKEWOOD BLVD,0,33.79151944,-118.142775000,0,9,0,0,2,5,1,0,3,1,0,1,0,0000000,99,99,99,99,99,99,0,0,0,1,0
6,60255,1,1,0,0,0,1,1,37,1980,3,2,2011,5,19,20,1,12,3,SR-118 RAMP,BALBOA BLVD,76,34.27706389,-118.502186110,0,30,0,0,1,1,5,0,3,1,0,1,0,0000000,99,99,99,99,99,99,0,0,0,1,1
6,60256,1,1,0,0,0,1,1,37,1015,6,2,2011,1,20,40,0,14,6,BREA CANYON RD,,0,33.96338333,-117.851694440,0,33,0,0,1,1,4,0,3,1,0,1,0,0000000,99,99,99,99,99,99,0,0,0,1,0
6,60257,1,1,0,1,1,1,1,71,2550,9,2,2011,4,4,37,0,14,6,GROVE AVE,,0,34.08388889,-117.628577780,0,9,0,0,8,1,1,0,3,1,0,1,0,0000000,99,99,99,99,99,99,0,0,0,1,0
6,60258,1,1,0,0,0,1,1,75,3290,15,2,2011,3,14,30,0,13,6,SUNSET BLVD,,0,37.73363056,-122.493783330,0,39,0,0,1,1,5,0,1,10,0,10,0,0000000,99,99,99,99,99,99,0,0,0,1,0
6,60259,3,3,0,0,0,3,3,37,0,15,2,2011,3,16,50,0,4,4,MALIBU CANYON RD,,0,34.07747500,-118.702447220,0,12,2,0,1,1,1,0,1,10,0,10,0,0000000,99,99,99,99,99,99,0,0,0,1,0
6,60260,1,1,0,1,1,1,1,1,2480,15,2,2011,3,18,1,0,14,6,GRAND AVE,,0,37.81585833,-122.245630560,0,8,0,0,1,1,1,0,3,10,0,10,0,0000000,99,99,99,99,88,88,0,0,0,1,0
6,60261,2,2,0,1,1,2,2,57,0,15,2,2011,3,20,30,0,2,3,SR-49,,295,39.36669444,-121.110086110,0,8,0,0,1,1,1,0,2,2,10,2,0,0000000,99,99,99,99,88,88,0,0,0,1,0
6,60262,1,1,0,1,1,2,2,85,2182,16,2,2011,4,8,9,0,13,6,E CALAVERAS BLVD,CARNEGIE DR,0,37.43616944,-121.881658330,0,8,0,0,2,3,1,0,1,10,0,10,0,0000000,99,99,99,99,99,99,0,0,0,1,0
6,60263,2,2,0,0,0,4,4,35,0,16,2,2011,4,15,46,0,2,3,SR-299,,234,41.16871667,-120.987952780,0,12,2,0,1,1,1,0,1,4,0,4,0,0000000,99,99,99,99,99,99,0,0,0,1,0
6,60264,1,1,0,1,1,1,1,59,2560,16,2,2011,4,18,22,0,13,6,BROOKHURST ST,NIAGARA RIVER AVE,0,33.68956111,-117.954050000,0,8,0,0,3,3,1,0,2,10,0,10,0,0000000,99,99,99,99,99,99,0,0,0,1,0
6,60265,1,1,0,0,0,2,2,23,0,16,2,2011,4,19,45,0,5,4,WILDER RIDGE RD,,0,40.20225278,-124.101808330,0,42,0,0,1,1,5,0,2,2,5,2,0,0000000,99,99,99,99,88,88,0,0,0,1,1
6,60266,2,2,0,0,0,2,2,61,0,17,2,2011,5,14,45,0,2,3,SR-49,CHINA LN,83,38.96830000,-121.104841670,0,12,6,0,2,3,1,0,1,2,10,2,0,0000000,99,99,99,99,99,99,0,0,0,1,0
6,60267,2,2,0,1,1,2,2,37,1716,17,2,2011,5,18,20,1,11,1,I-605,,219,34.08969167,-117.993850000,0,8,0,0,1,1,1,0,3,1,0,1,0,0000000,99,99,99,99,88,88,0,0,0,1,0
6,60268,1,1,0,1,1,1,1,39,0,17,2,2011,5,19,0,1,2,3,SR-99,,226,37.08593333,-120.212211110,0,8,0,0,1,1,1,0,2,2,10,2,0,0000000,99,99,99,99,88,88,0,0,0,1,0
6,60269,1,1,0,0,0,4,4,71,3210,18,2,2011,6,2,5,1,11,1,I-215,,45,34.06844167,-117.295677780,0,33,0,0,1,1,4,0,3,1,0,1,0,0000000,99,99,99,99,88,88,0,0,0,4,1
6,60270,1,1,0,0,0,1,1,37,1980,18,2,2011,6,4,18,1,11,1,I-110,,141,33.93267778,-118.280719440,0,20,0,0,1,1,3,0,2,1,0,1,0,0000000,99,99,99,99,88,88,0,0,0,1,1
6,60271,2,2,0,0,0,4,4,67,0,17,2,2011,5,21,8,0,4,4,RIO LINDA BLVD,,0,38.71315833,-121.462827780,0,12,2,0,1,1,1,0,2,2,10,2,0,0000000,99,99,99,99,99,99,0,0,0,2,1
6,60272,1,1,0,1,1,1,1,1,1560,18,2,2011,6,5,55,1,11,1,I-80,,156,37.63118333,-122.084244440,0,8,0,0,1,1,1,0,3,10,0,10,0,0000000,99,99,99,99,99,99,0,0,0,1,0
6,60273,2,2,0,0,0,2,2,71,2922,18,2,2011,6,15,34,0,13,6,HAVEN AVE,,0,34.14036667,-117.575786110,0,12,7,0,1,1,1,0,1,2,10,2,0,0000000,99,99,99,99,99,99,0,0,0,1,0
6,60274,1,1,0,1,1,1,1,77,0,18,2,2011,6,18,15,0,4,4,THORNTON RD,,0,38.10193889,-121.388691670,0,9,0,0,1,1,1,0,2,2,10,2,0,0000000,99,99,99,99,99,99,0,0,0,1,0
6,60275,1,1,0,1,1,2,2,71,3210,18,2,2011,6,18,18,0,14,6,MT VERNON AVE,,0,34.11840000,-117.313825000,0,8,0,0,1,1,1,0,3,2,0,2,0,0000000,99,99,99,99,99,99,0,0,0,1,0
6,60276,1,1,0,0,0,2,2,19,1350,18,2,2011,6,19,20,0,13,6,CHESTNUT AVE,LANE AVE,0,36.73228889,-119.736430560,0,33,0,0,2,2,3,0,3,2,10,2,0,0000000,99,99,99,99,99,99,0,0,0,1,0
6,60277,2,2,0,0,0,3,3,79,0,17,2,2011,5,18,9,0,2,3,SR-166,,439,35.07528889,-120.002463890,0,12,2,0,1,1,1,0,6,10,0,10,0,0000000,99,99,99,99,99,99,0,0,0,1,0
6,60278,2,2,0,0,0,2,2,37,720,7,2,2011,2,15,18,0,12,3,SR-66,MOUNTAIN AVE,37,34.10710000,-117.728980560,0,1,0,0,2,2,1,0,1,1,0,1,0,0000000,99,99,99,99,99,99,0,0,0,1,0