STATE,ST_CASE,VE_TOTAL,VE_FORMS,PVH_INVL,PEDS,PERNOTMVIT,PERMVIT,PERSONS,COUNTY,CITY,DAY,MONTH,YEAR,DAY_WEEK,HOUR,MINUTE,NHS,ROAD_FNC,ROUTE,TWAY_ID,TWAY_ID2,MILEPT,LATITUDE,LONGITUD,SP_JUR,HARM_EV,MAN_COLL,RELJCT1,RELJCT2,TYP_INT,REL_ROAD,WRK_ZONE,LGT_COND,WEATHER1,WEATHER2,WEATHER,SCH_BUS,RAIL,NOT_HOUR,NOT_MIN,ARR_HOUR,ARR_MIN,HOSP_HR,HOSP_MN,CF1,CF2,CF3,FATALS,DRUNK_DR
6,60279,3,1,2,2,2,1,1,17,0,7,2,2011,2,18,25,1,2,2,US-50,,1,38.64886944,-121.083469440,0,14,0,0,1,1,2,1,2,1,0,1,0,0000000,99,99,99,99,99,99,14,0,0,1,0
6,60280,2,2,0,0,0,2,2,109,0,11,2,2011,6,15,4,1,2,3,SR-120,INSPIRATION DR,356,37.82863056,-120.186711110,0,12,6,0,3,2,1,0,1,1,0,1,0,0000000,99,99,99,99,88,88,0,0,0,1,0
6,60281,3,3,0,0,0,3,3,103,0,11,2,2011,6,16,40,0,3,4,SOUTH AVE,,0,40.19081111,-122.236961110,0,12,1,0,1,1,1,0,1,1,0,1,0,0000000,99,99,99,99,88,88,0,0,0,1,0
6,60282,1,1,0,1,1,1,1,73,3260,11,2,2011,6,17,21,0,13,6,GENESEE AVE,,0,32.83908611,-117.196408330,0,9,0,0,1,1,1,0,1,1,0,1,0,0000000,99,99,99,99,99,99,0,0,0,1,0
6,60283,2,2,0,0,0,3,3,71,0,11,2,2011,6,18,0,0,2,3,SR-38,TINKER BELL AVE,498,34.26758056,-116.851711110,0,1,0,0,2,3,1,0,3,1,0,1,0,0000000,99,99,99,99,99,99,0,0,0,1,0
6,60284,1,1,0,1,1,1,1,37,1980,12,2,2011,7,3,45,1,11,1,I-405,,434,34.21648889,-118.473069440,0,8,0,0,1,1,1,0,3,1,0,1,0,0000000,99,99,99,99,88,88,0,0,0,1,0
6,60285,1,1,0,0,0,1,1,111,4027,12,2,2011,7,23,57,1,12,2,US-101,,277,34.26046944,-119.258188890,0,33,0,0,1,1,4,0,2,1,0,1,0,0000000,99,99,99,99,88,88,0,0,0,1,1
6,60286,1,1,0,1,1,2,2,61,3110,13,2,2011,1,1,0,0,12,3,SR-65,,56,38.77455000,-121.259619440,0,8,0,0,1,1,1,0,2,1,0,1,0,0000000,99,99,99,99,99,99,0,0,0,1,0
6,60287,1,1,0,0,0,1,1,73,3260,13,2,2011,1,1,35,1,11,1,I-15,,160,32.91751389,-117.116163890,0,33,0,0,1,1,8,0,3,1,0,1,0,0000000,99,99,99,99,88,88,0,0,0,1,1
6,60288,3,3,0,0,0,4,4,71,0,15,2,2011,3,19,45,1,2,2,US-95,,175,34.27023611,-114.648855560,0,12,8,0,1,1,1,0,2,1,0,1,0,0000000,99,99,99,99,99,99,14,0,0,1,0
6,60289,2,2,0,0,0,2,2,65,2650,17,2,2011,5,8,16,0,12,3,SR-11,W SAN RAFAEL DR,550,33.85833056,-116.557350000,0,12,6,1,2,4,1,0,1,1,0,1,0,0000000,99,99,99,99,88,88,0,0,0,1,0
6,60290,4,4,0,0,0,5,5,59,880,18,2,2011,6,23,7,1,11,1,I-405,,123,33.69437500,-117.931697220,0,12,1,0,1,1,1,0,2,2,10,2,0,0000000,99,99,99,99,99,99,19,14,0,1,0
6,60291,2,2,0,0,0,5,5,107,0,19,2,2011,7,10,0,0,3,4,RD 80,AVE 360,0,36.44389444,-119.394863890,0,12,6,0,2,4,1,0,1,10,0,10,0,0000000,99,99,99,99,99,99,0,0,0,1,0
6,60292,1,1,0,2,2,2,2,67,3150,20,2,2011,1,1,54,0,12,3,SR-51,,46,38.61003333,-121.428141670,0,8,0,0,1,1,1,0,2,1,0,1,0,0000000,99,99,99,99,99,99,19,0,0,1,0
6,60293,2,1,1,0,0,2,2,65,0,20,2,2011,1,2,18,0,3,4,COUNTRY VILLAGE RD,,0,34.02480000,-117.507061110,0,14,0,0,1,1,4,0,3,2,10,2,0,0000000,99,99,99,99,88,88,0,0,0,2,1
6,60294,1,1,0,0,0,1,1,97,0,20,2,2011,1,4,59,1,2,2,US-101,,174,38.39813611,-122.715930560,0,42,0,0,1,1,5,0,2,5,0,5,0,0000000,99,99,99,99,88,88,0,0,0,1,1
6,60295,3,3,0,3,3,4,4,37,0,20,2,2011,1,6,25,1,1,1,I-5,,741,34.66259444,-118.758294440,0,8,0,0,1,1,1,0,1,1,0,1,0,0000000,99,99,99,99,99,99,19,0,0,1,0
6,60296,1,1,0,0,0,1,1,59,3420,20,2,2011,1,7,15,1,11,1,I-5,,310,33.74651667,-117.842883330,0,33,0,0,1,1,5,0,1,1,0,1,0,0000000,99,99,99,99,99,99,0,0,0,1,0
6,60297,1,1,0,2,2,1,1,59,2560,20,2,2011,1,22,58,0,13,6,W CHAPMAN AVE,S CITRUS ST,0,33.78786111,-117.862958330,0,8,0,0,2,2,1,0,3,1,0,1,0,0000000,99,99,99,99,88,88,0,0,0,1,0
6,60298,1,1,0,0,0,1,1,19,0,20,2,2011,1,23,0,0,4,4,AUBERRY RD,,0,36.93980278,-119.688152780,0,31,0,0,1,1,4,0,2,1,0,1,0,0000000,99,99,99,99,88,88,0,0,0,1,1
6,60299,1,1,0,0,0,1,1,79,0,20,2,2011,1,23,30,1,2,2,US-101,,635,35.71881944,-120.696522220,0,1,0,0,1,1,5,0,2,1,0,1,0,0000000,99,99,99,99,88,88,0,0,0,1,1
6,60300,1,1,0,0,0,3,3,23,0,21,2,2011,2,2,34,1,2,2,US-101,,950,40.99669167,-124.113091670,0,1,0,0,1,1,1,0,3,1,0,1,0,0000000,99,99,99,99,99,99,0,0,0,1,1
6,60301,1,1,0,0,0,6,6,65,1801,21,2,2011,2,11,55,1,11,1,I-15,,265,33.72986667,-117.390247220,0,1,0,0,1,1,3,0,1,1,0,1,0,0000000,99,99,99,99,99,99,0,0,0,2,0
6,60302,1,1,0,0,0,1,1,73,0,21,2,2011,2,12,52,0,6,4,HIGHLAND VALLEY RD,,0,33.04692222,-116.971436110,0,42,0,0,1,1,5,0,1,1,0,1,0,0000000,99,99,99,99,88,88,0,0,0,1,0
6,60303,1,1,0,0,0,1,1,13,820,8,1,2011,7,0,40,0,12,3,SR-242,,34,38.00660278,-122.035969440,0,31,0,0,1,1,4,0,3,10,0,10,0,0000000,99,99,99,99,88,88,0,0,0,1,1
6,60304,2,2,0,1,1,2,2,85,3790,12,1,2011,4,2,5,0,12,3,SR-237,,48,37.41022500,-121.993511110,0,12,1,0,1,1,1,0,3,10,0,10,0,0000000,99,99,99,99,99,99,19,0,0,1,1
6,60305,2,2,0,0,0,6,6,67,1108,12,1,2011,4,8,41,0,15,6,HARBOUR POINT DR,BASTONA DR,0,38.42001111,-121.481513890,0,12,6,0,2,3,1,0,1,10,0,10,0,0000000,99,99,99,99,99,99,0,0,0,1,0
6,60306,2,2,0,0,0,2,2,45,0,15,1,2011,7,17,0,0,2,3,SR-1,,567,39.37691667,-123.816072220,0,12,2,0,1,1,1,0,5,10,0,10,0,0000000,99,99,99,99,99,99,0,0,0,1,0
6,60307,2,2,0,0,0,2,2,37,810,22,1,2011,7,21,50,0,13,6,ATLANTIC AVE,ATLANTIC DR,0,33.88720278,-118.192588890,0,12,6,0,2,3,1,0,3,1,0,1,0,0000000,99,99,99,99,99,99,0,0,0,1,0
6,60308,1,1,0,1,1,1,1,67,0,29,1,2011,7,21,45,0,4,6,HURLEY WAY,,0,38.58881667,-121.412283330,0,9,0,0,1,1,1,0,2,2,10,2,0,0000000,99,99,99,99,99,99,0,0,0,1,1
6,60309,1,1,0,1,1,1,1,103,2940,3,2,2011,5,2,39,1,11,1,I-5,,285,40.20067500,-122.241777780,0,8,0,0,1,1,1,0,3,1,0,1,0,0000000,99,99,99,99,88,88,0,0,0,1,0
6,60310,2,2,0,0,0,7,7,65,1580,17,2,2011,5,15,11,0,13,6,FLORIDA AVE,GILBERT ST,0,33.74750278,-116.976025000,0,12,6,0,2,2,1,0,1,1,0,1,0,0000000,99,99,99,99,99,99,0,0,0,1,0
6,60311,3,3,0,0,0,9,9,37,3445,18,2,2011,6,21,15,1,11,1,I-5,,530,34.41868056,-118.580788890,0,24,0,0,1,1,3,0,3,2,10,2,0,0000000,99,99,99,99,99,99,19,0,0,1,0
6,60312,1,1,0,1,1,1,1,13,820,20,2,2011,1,0,4,0,13,6,CLAYTON RD,,0,37.96729722,-122.000061110,0,8,0,0,1,1,1,0,3,10,0,10,0,0000000,99,99,99,99,88,88,0,0,0,1,0
6,60313,2,2,0,0,0,3,3,37,3470,12,2,2011,7,2,58,0,13,6,WILSHIRE BLVD,21ST ST,0,34.03210556,-118.482300000,0,12,7,0,3,2,1,0,3,1,0,1,0,0000000,99,99,99,99,88,88,0,0,0,1,2
6,60314,3,3,0,0,0,5,5,45,0,15,2,2011,3,14,20,0,2,2,US-101,,1047,40.01213611,-123.791027780,0,12,6,0,1,1,1,0,1,10,3,3,0,0000000,99,99,99,99,99,99,14,0,0,1,0
6,60315,1,1,0,1,1,1,1,59,1410,17,2,2011,5,9,21,0,13,6,HAZEL AVE,GARDEN GROVE BLVD,0,33.77400278,-117.974111110,0,8,0,0,3,3,1,0,1,1,0,1,0,0000000,99,99,99,99,99,99,4,0,0,1,0
6,60316,1,1,0,0,0,1,1,37,3445,23,2,2011,4,14,46,0,13,6,RAILROAD AVE,,0,34.39830556,-118.538361110,0,33,0,0,1,1,4,0,1,1,0,1,0,0000000,99,99,99,99,99,99,0,0,0,1,0
6,60317,2,1,1,0,0,5,5,75,3290,23,2,2011,4,19,34,0,16,6,REVERE AVE,,0,37.72565000,-122.379605560,0,44,0,0,1,1,1,0,3,1,0,1,0,0000000,99,99,99,99,99,99,4,0,0,1,1
6,60318,2,2,0,0,0,2,2,53,0,24,2,2011,5,9,3,0,6,4,CASTROVILLE BLVD,LOS NINOS LN,0,36.78645000,-121.731088890,0,12,6,0,2,2,1,0,1,10,0,10,0,0000000,99,99,99,99,99,99,0,0,0,1,0
6,60319,1,1,0,0,0,3,3,77,0,24,2,2011,5,14,0,0,6,4,JAHANT RD,,0,38.20341111,-121.288030560,0,38,0,0,1,1,4,0,1,10,0,10,0,0000000,14,4,14,13,99,99,0,0,0,1,1
6,60320,1,1,0,0,0,1,1,25,0,24,2,2011,5,16,55,0,4,4,N MARINA DR,,0,33.30506944,-115.977738890,0,33,0,0,1,1,4,0,1,1,0,1,0,0000000,99,99,99,99,99,99,0,0,0,1,1
6,60321,1,1,0,1,1,1,1,67,3150,24,2,2011,5,21,56,0,13,6,ARDEN WY,EMPRESS ST,0,38.60641389,-121.447352780,0,8,0,0,3,3,1,0,3,2,0,2,0,0000000,99,99,99,99,99,99,0,0,0,1,0
6,60322,3,3,0,0,0,7,7,19,0,3,3,2011,5,18,45,0,4,4,DEL REY AVE,NORTH AVE,0,36.69215278,-119.592205560,0,12,6,0,2,2,1,0,2,1,0,1,0,0000000,99,99,99,99,99,99,0,0,0,2,0
6,60323,2,1,1,0,0,2,2,85,2311,15,2,2011,3,14,9,0,16,6,PHYLLIS CT,,0,37.37981667,-122.078566670,0,33,0,0,1,1,4,0,1,1,0,1,0,0000000,99,99,99,99,99,99,4,0,0,1,0
6,60324,2,2,0,0,0,3,3,47,0,25,2,2011,6,13,55,0,4,4,WALNUT AVE,,0,37.38931389,-120.640969440,0,12,6,0,1,1,1,0,1,10,0,10,0,0000000,99,99,99,99,99,99,0,0,0,1,1
6,60325,1,1,0,0,0,4,4,71,4040,25,2,2011,6,15,28,0,16,6,EL EVADO RD,,0,34.55969444,-117.346772220,0,1,0,0,1,1,1,0,1,1,0,1,0,0000000,99,99,99,99,99,99,4,0,0,1,0
6,60326,2,2,0,0,0,2,2,77,0,25,2,2011,6,17,8,0,2,3,SR-88,,84,38.08495000,-121.183430560,0,12,2,0,1,1,1,0,1,1,0,1,0,0000000,99,99,99,99,99,99,0,0,0,1,0
6,60327,1,1,0,0,0,2,2,103,0,25,2,2011,6,23,10,0,4,4,ROAD 99W,,0,40.05475278,-122.170200000,0,42,0,0,1,1,4,0,2,10,4,4,0,0000000,99,99,99,99,99,99,0,0,0,1,0
6,60328,1,1,0,1,1,1,1,71,1305,26,2,2011,7,0,29,0,14,6,EAST AVE,,0,34.11912500,-117.514550000,0,8,0,0,1,1,1,0,3,2,0,2,0,0000000,99,99,99,99,88,88,0,0,0,1,0
6,60329,1,1,0,0,0,1,1,85,3440,26,2,2011,7,3,7,0,13,6,DE LA CRUZ BLVD,,0,37.38836667,-121.944466670,0,33,0,0,1,1,3,0,3,2,0,2,0,0000000,99,99,99,99,88,88,0,0,0,1,1
6,60330,1,1,0,1,1,1,1,59,9997,26,2,2011,7,3,46,1,11,1,I-5,,196,33.62405278,-117.716488890,0,8,0,0,1,1,1,0,3,2,0,2,0,0000000,99,99,99,99,88,88,19,0,0,1,0
6,60331,3,2,1,1,2,2,3,37,0,26,2,2011,7,12,25,1,2,2,US-101,,364,34.14651111,-118.785897220,0,14,0,0,1,1,2,0,1,1,0,1,0,0000000,99,99,99,99,99,99,0,0,0,1,0
6,60332,1,1,0,0,0,2,2,81,1065,27,2,2011,1,2,14,1,12,2,US-101,,8,37.45934167,-122.139622220,0,35,0,0,1,1,5,0,2,1,0,1,0,0000000,99,99,99,99,99,99,0,0,0,1,1
6,60333,2,1,1,0,3,2,5,71,3210,3,2,2011,5,21,53,0,12,3,SR-210 RAMP,,259,34.14051667,-117.247972220,0,14,0,1,5,1,2,0,3,1,0,1,0,0000000,99,99,99,99,99,99,0,0,0,1,1
6,60334,2,2,0,0,0,3,3,1,0,5,2,2011,7,0,3,0,2,3,SR-84,,191,37.59733333,-121.858452780,0,12,2,0,1,1,1,0,2,1,0,1,0,0000000,99,99,99,99,99,99,0,0,0,1,1
6,60335,2,2,0,0,0,6,6,93,0,15,2,2011,3,23,45,1,2,2,US-97,,171,41.58952778,-122.195736110,0,12,6,0,1,1,1,0,2,10,0,10,0,0000000,99,99,99,99,99,99,0,0,0,3,0
6,60336,2,2,0,0,0,24,24,71,0,21,2,2011,2,11,45,0,2,3,SR-189,,2,34.22927500,-117.246419440,0,12,2,0,1,1,1,0,1,1,0,1,1,0000000,99,99,99,99,99,99,0,0,0,1,0
6,60337,1,1,0,0,0,1,1,65,0,21,2,2011,2,12,15,0,2,3,SR-74,,75,33.65778611,-117.398844440,0,1,0,0,1,1,5,0,1,1,0,1,0,0000000,99,99,99,99,88,88,0,0,0,1,0
6,60338,1,1,0,0,0,1,1,37,2684,21,2,2011,2,18,40,0,16,6,MCKINLEY AVE,,0,33.91553333,-118.155380560,0,31,0,0,1,1,5,0,3,10,0,10,0,0000000,99,99,99,99,88,88,0,0,0,1,0
6,60339,2,2,0,0,0,2,2,19,0,21,2,2011,2,19,51,0,4,4,BELMONT AVE,,0,36.74997500,-119.529836110,0,12,6,0,1,1,1,0,2,1,0,1,0,0000000,99,99,99,99,99,99,0,0,0,1,1
6,60340,2,2,0,0,0,3,3,73,0,21,2,2011,2,21,0,0,4,4,WILD CANYON RD,,0,33.10753889,-117.189038890,0,31,0,0,1,1,4,0,3,1,0,1,0,0000000,99,99,99,99,99,99,0,0,0,1,1
6,60341,1,1,0,1,1,3,3,67,0,22,2,2011,3,17,45,0,6,4,CAVA CT,,0,38.58273889,-121.404908330,0,9,0,0,1,1,1,0,5,1,0,1,0,0000000,99,99,99,99,99,99,0,0,0,1,0
6,60342,1,1,0,1,1,1,1,19,740,22,2,2011,3,18,7,0,15,6,VILLA AVE,,0,36.81100278,-119.700186110,0,8,0,0,1,1,1,0,3,1,0,1,0,0000000,99,99,99,99,99,99,0,0,0,1,0
6,60343,2,2,0,0,0,7,7,81,0,22,2,2011,3,18,33,0,2,3,SR-1,,47,37.15267222,-122.351297220,0,12,2,0,1,1,1,0,2,10,0,10,0,0000000,99,99,99,99,99,99,0,0,0,1,0
6,60344,1,1,0,1,1,1,1,85,3340,22,2,2011,3,20,36,0,13,6,MONTEREY RD,,0,37.23802222,-121.773030560,0,8,0,0,1,1,1,0,3,1,0,1,0,0000000,99,99,99,99,99,99,0,0,0,1,0
6,60345,1,1,0,1,1,1,1,85,2182,23,2,2011,4,6,1,0,15,6,YOSEMITE DR,HILLVIEW DR,0,37.42345000,-121.890775000,0,8,0,0,2,2,1,0,3,1,0,1,0,0000000,99,99,99,99,88,88,0,0,0,1,0
6,60346,2,2,0,0,0,2,2,37,1980,23,2,2011,4,9,35,0,14,6,3RD ST,HAUSER BLVD,0,34.06989722,-118.351080560,0,12,6,0,2,2,1,0,1,1,0,1,0,0000000,99,99,99,99,99,99,0,0,0,1,0
6,60347,2,2,0,0,0,2,2,81,0,23,2,2011,4,14,15,0,2,3,SR-92,,56,37.51052222,-122.332475000,0,12,8,0,1,1,1,0,1,1,0,1,0,0000000,99,99,99,99,99,96,0,0,0,1,0
6,60348,1,1,0,0,0,1,1,93,4266,28,2,2011,2,0,15,1,1,1,I-5,,383,41.58553333,-122.502280560,0,31,0,0,1,1,5,0,2,1,0,1,0,0000000,99,99,99,99,88,88,0,0,0,1,1
6,60349,3,3,0,0,0,6,6,73,3260,28,2,2011,2,6,45,0,13,6,PALM AVE,PICCARD AVE,0,32.58375000,-117.050486110,0,12,6,0,2,2,1,0,4,1,0,1,0,0000000,99,99,99,99,99,99,0,0,0,1,0
6,60350,2,2,0,0,0,3,3,9,0,28,2,2011,2,7,33,0,2,3,SR-49,,117,38.11041111,-120.602775000,0,12,2,0,1,1,1,0,1,1,0,1,0,0000000,99,99,99,99,99,99,0,0,0,1,0
6,60351,3,3,0,0,0,4,4,113,0,28,2,2011,2,11,45,0,2,3,SR-113,,89,38.65792222,-121.752588890,0,12,8,0,1,1,1,0,1,1,0,1,0,0000000,99,99,99,99,99,99,0,0,0,1,1
6,60352,1,1,0,1,1,2,2,37,1980,28,2,2011,2,20,45,0,13,6,WESTERN AVE,,0,33.82871944,-118.309000000,0,8,0,0,1,1,1,0,3,1,0,1,0,0000000,20,52,20,54,99,99,0,0,0,1,0
6,60353,1,1,0,0,0,1,1,37,1980,28,2,2011,2,21,13,1,11,1,I-10 RAMP,,5,34.05531667,-118.219380560,0,33,0,1,5,1,4,0,3,1,0,1,0,0000000,99,99,99,99,88,88,0,0,0,1,1
6,60354,3,3,0,0,0,4,4,107,4050,1,3,2011,3,8,22,0,12,3,SR-63,PEARL ST,88,36.33845833,-119.294447220,0,12,6,1,2,2,1,0,1,1,0,1,0,0000000,99,99,99,99,99,99,0,0,0,1,0
6,60355,1,1,0,0,0,3,3,7,660,3,3,2011,5,1,13,0,13,6,BROADWAY ST,,0,39.72544444,-121.836425000,0,33,0,0,1,1,4,0,3,1,0,1,0,0000000,99,99,99,99,88,88,0,0,0,1,1
6,60356,1,1,0,0,0,4,4,71,0,19,1,2011,4,7,15,0,2,3,SR-138,,307,34.17073889,-116.830280560,0,42,0,0,1,1,4,0,1,1,0,1,0,0000000,99,99,99,99,99,99,0,0,0,2,0
6,60357,1,1,0,0,0,2,2,95,4010,27,2,2011,1,2,33,1,11,1,I-80,,239,38.33458611,-122.017463890,0,42,0,0,1,1,5,0,2,1,0,1,0,0000000,99,99,99,99,88,88,0,0,0,2,0
6,60358,1,1,0,1,1,1,1,65,0,5,3,2011,7,19,4,0,2,4,MAGNOLIA AVE,,0,33.87971944,-117.517661110,0,8,0,0,1,1,1,0,2,1,0,1,0,0000000,99,99,99,99,99,99,0,0,0,1,0
6,60359,1,1,0,1,1,2,2,111,0,5,3,2011,7,19,15,0,4,3,SR-1,,243,34.32068889,-119.372230560,0,8,0,0,1,1,1,0,2,1,0,1,0,0000000,99,99,99,99,88,88,0,0,0,1,1
6,60360,2,2,0,1,1,2,2,67,0,5,3,2011,7,19,20,0,2,4,WATT AVE,,0,38.69066944,-121.383005560,0,8,0,0,1,1,1,0,3,10,0,10,0,0000000,99,99,99,99,88,88,0,0,0,1,0
6,60361,5,5,0,0,0,7,7,13,0,5,3,2011,7,23,59,0,2,4,VASCO RD,,0,37.84693611,-121.646977780,0,12,8,0,1,1,1,0,2,2,10,2,0,0000000,99,99,99,99,99,99,0,0,0,1,1
6,60362,1,1,0,1,1,1,1,37,1980,19,1,2011,4,0,40,0,13,6,LINCOLN BL,VENEZIA AVE,0,33.99545556,-118.455758330,0,8,0,0,3,3,1,0,3,1,0,1,0,0000000,99,99,99,99,88,88,0,0,0,1,0
6,60363,2,2,0,0,0,3,3,59,80,19,1,2011,4,0,50,1,12,3,SR-1,,34,33.85393056,-117.922150000,0,12,2,0,1,1,1,0,3,1,0,1,0,0000000,99,99,99,99,99,99,0,0,0,2,1
6,60364,2,2,0,0,0,4,4,65,290,19,1,2011,4,8,20,0,12,3,SR-60,,294,33.93361944,-117.008294440,0,12,6,0,1,1,1,0,1,1,0,1,0,0000000,99,99,99,99,99,99,0,0,0,1,0
6,60365,3,3,0,0,0,4,4,1,0,10,2,2011,5,16,40,1,1,1,I-580,,294,37.69092222,-122.077294440,0,12,1,0,1,1,1,0,1,1,0,1,0,0000000,99,99,99,99,88,88,0,0,0,1,1
6,60366,2,2,0,0,0,2,2,1,1920,10,2,2011,5,18,31,0,13,6,N VASCO RD,,0,37.72347500,-121.724047220,0,33,0,0,1,1,4,0,3,1,0,1,0,0000000,99,99,99,99,88,88,14,0,0,1,0
6,60367,1,1,0,1,1,1,1,73,0,11,2,2011,6,7,45,0,2,3,SR-78,7TH ST,359,33.04463889,-116.863827780,0,8,0,0,3,2,1,0,1,1,0,1,0,0000000,99,99,99,99,99,99,0,0,0,1,0
6,60368,2,2,0,0,0,5,5,65,0,11,2,2011,6,8,9,0,4,4,GRAND AVE,,0,33.62765000,-117.326480560,0,12,6,0,8,1,1,0,1,1,0,1,0,0000000,99,99,99,99,99,99,0,0,0,1,0
6,60369,2,2,0,0,0,2,2,71,4040,10,1,2011,2,9,59,0,14,6,HESPERIA RD,,0,34.51677778,-117.298558330,0,12,2,0,1,1,1,0,1,1,0,1,0,0000000,99,99,99,99,99,99,0,0,0,1,0
6,60370,1,1,0,0,0,1,1,37,1550,20,2,2011,1,10,25,1,11,1,I-105,,28,33.93367500,-118.356572220,0,52,0,0,1,1,4,0,1,1,0,1,0,0000000,99,99,99,99,88,88,0,0,0,1,1
6,60371,1,1,0,0,0,2,2,37,1980,25,2,2011,6,13,50,1,11,1,I-5 RAMP,,362,34.23231944,-118.409750000,0,33,0,0,5,1,4,0,1,10,2,2,0,0000000,99,99,99,99,99,99,0,0,0,1,0
6,60372,2,2,0,1,1,8,8,71,0,26,2,2011,7,20,4,1,1,1,I-15,,533,34.66603056,-117.210288890,0,8,0,0,1,1,1,0,2,1,0,1,0,0000000,99,99,99,99,99,99,19,0,0,1,0
6,60373,1,1,0,0,0,1,1,79,170,1,3,2011,3,23,10,0,14,6,PORTOLA RD,,0,35.47168056,-120.675844440,0,33,0,0,1,1,4,0,2,1,0,1,0,0000000,99,99,99,99,99,99,0,0,0,1,1
6,60374,2,2,0,1,1,5,5,37,1980,3,3,2011,5,16,0,0,13,6,7TH ST,FIGUEROA ST,0,34.04940000,-118.259886110,0,12,6,0,2,2,1,0,1,1,0,1,0,0000000,99,99,99,99,99,99,0,0,0,1,0
6,60375,1,1,0,0,0,1,1,53,2250,3,3,2011,5,20,19,0,13,6,FREMONT ST,AGUAJITO RD,0,36.59381944,-121.882269440,0,38,0,0,3,2,4,0,3,1,0,1,0,0000000,99,99,99,99,88,88,0,0,0,1,1
6,60376,1,1,0,0,0,6,6,99,0,4,3,2011,6,15,44,1,1,1,I-5,,32,37.29306111,-121.100650000,0,1,0,0,1,1,4,0,1,1,0,1,0,0000000,99,99,99,99,99,99,0,0,0,1,0
6,60377,1,1,0,0,0,1,1,61,3080,4,3,2011,6,19,59,0,14,6,PACIFIC ST,,0,38.80561944,-121.216469440,0,42,0,0,1,1,4,0,2,10,0,10,0,0000000,99,99,99,99,88,88,0,0,0,1,0
6,60378,1,1,0,0,0,1,1,95,1260,5,3,2011,7,1,10,0,13,6,PEABODY RD,,0,38.30082500,-121.969538890,0,59,0,0,1,1,4,0,3,1,0,1,0,0000000,99,99,99,99,99,99,0,0,0,1,0
6,60379,2,2,0,0,0,4,4,37,1825,5,3,2011,7,2,3,0,14,6,SANTA GERTRUDES AVE,LAWNHILL DR,0,33.91373889,-117.994327780,0,12,6,0,3,3,1,0,3,1,0,1,0,0000000,2,4,2,14,88,88,0,0,0,2,2
6,60380,2,2,0,0,0,2,2,71,2960,5,3,2011,7,2,23,1,11,1,I-10,,331,34.04165000,-117.155630560,0,12,1,0,1,1,1,0,2,1,0,1,0,0000000,99,99,99,99,88,88,0,0,0,1,1
6,60381,2,2,0,0,0,2,2,83,0,5,3,2011,7,2,40,1,2,2,US-101,,33,34.40240000,-119.520700000,0,12,1,0,1,1,1,0,2,1,0,1,0,0000000,99,99,99,99,88,88,0,0,0,1,0
6,60382,2,2,0,0,0,2,2,37,1970,5,3,2011,7,7,40,0,13,6,DEL AMO BLVD,,0,33.84665000,-118.201116670,0,33,0,0,1,1,3,0,1,1,0,1,0,0000000,99,99,99,99,88,88,0,0,0,1,1
6,60383,2,2,0,0,0,2,2,37,1980,11,3,2011,6,3,47,1,11,1,I-110,,0,33.95681111,-118.280950000,0,12,1,0,1,1,1,0,2,1,0,1,0,0000000,99,99,99,99,88,88,0,0,0,1,1
6,60384,1,1,0,1,1,1,1,41,0,17,3,2011,5,20,50,0,4,4,SEMINARY DR,,0,37.88861111,-122.510961110,0,8,0,0,1,1,1,0,2,10,0,10,0,0000000,99,99,99,99,99,99,0,0,0,1,0
6,60385,2,1,1,0,1,1,2,37,1970,18,3,2011,6,10,3,0,12,3,SR-1,,79,33.78986667,-118.218116670,0,14,0,0,1,1,4,0,1,1,0,1,0,0000000,99,99,99,99,99,99,0,0,0,1,0
6,60386,3,3,0,0,0,3,3,73,3260,21,3,2011,2,5,55,1,11,1,I-805,,217,32.82198889,-117.162850000,0,12,6,0,1,1,1,0,3,2,0,2,0,0000000,99,99,99,99,88,88,0,0,0,1,0
6,60387,1,1,0,0,0,2,2,17,0,27,3,2011,1,14,58,0,3,4,NEWTON RD,,0,38.72440000,-120.737400000,0,42,0,0,1,1,4,0,1,10,0,10,0,0000000,99,99,99,99,99,99,0,0,0,1,0
6,60388,1,1,0,1,1,1,1,37,1980,6,3,2011,1,0,5,0,13,6,MARTIN LUTHER KING,,0,34.01088889,-118.289302780,0,8,0,0,1,1,1,0,3,1,0,1,0,0000000,99,99,99,99,99,99,0,0,0,1,0
6,60389,1,1,0,0,0,1,1,59,1410,6,3,2011,1,0,42,0,16,6,DEODARA DR,,0,33.76280833,-117.966041670,0,33,0,0,1,1,4,0,3,1,0,1,0,0000000,99,99,99,99,99,99,4,0,0,1,0
6,60390,1,1,0,0,0,1,1,85,3440,6,3,2011,1,3,0,0,13,6,MONTAGUE EXPY,,0,37.39071944,-121.950816670,0,33,0,0,1,1,4,0,3,10,0,10,0,0000000,99,99,99,99,99,99,0,0,0,1,1