STATE,ST_CASE,VE_TOTAL,VE_FORMS,PVH_INVL,PEDS,PERNOTMVIT,PERMVIT,PERSONS,COUNTY,CITY,DAY,MONTH,YEAR,DAY_WEEK,HOUR,MINUTE,NHS,ROAD_FNC,ROUTE,TWAY_ID,TWAY_ID2,MILEPT,LATITUDE,LONGITUD,SP_JUR,HARM_EV,MAN_COLL,RELJCT1,RELJCT2,TYP_INT,REL_ROAD,WRK_ZONE,LGT_COND,WEATHER1,WEATHER2,WEATHER,SCH_BUS,RAIL,NOT_HOUR,NOT_MIN,ARR_HOUR,ARR_MIN,HOSP_HR,HOSP_MN,CF1,CF2,CF3,FATALS,DRUNK_DR
6,60391,2,1,1,1,1,1,1,73,3260,6,3,2011,1,7,30,0,15,6,SKYLINE DR,GRIBBLE ST,0,32.70530278,-117.028594440,0,33,0,0,3,3,4,0,1,5,0,5,0,0000000,99,99,99,99,88,88,0,0,0,1,0
6,60392,1,1,0,0,0,2,2,65,3070,6,3,2011,1,17,39,0,14,6,IOWA AVE,,0,33.99439722,-117.339927780,0,33,0,0,1,1,4,0,5,1,0,1,0,0000000,99,99,99,99,88,88,0,0,0,2,0
6,60393,1,1,0,1,1,1,1,37,245,6,3,2011,1,20,25,0,14,6,BALDWIN PARK BLVD,BESS AVE,0,34.06308611,-117.986072220,0,8,0,0,3,3,1,0,3,10,0,10,0,0000000,99,99,99,99,99,99,0,0,0,1,0
6,60394,2,2,0,0,0,2,2,71,790,15,3,2011,3,17,1,0,14,6,IOWA AVE,,0,34.07313611,-117.307936110,0,12,7,0,1,1,1,0,1,1,0,1,0,0000000,99,99,99,99,99,99,0,0,0,1,0
6,60395,2,2,0,0,0,2,2,9,0,16,3,2011,4,8,25,0,2,3,SR-26,,26,38.11357500,-120.908252780,0,12,6,0,1,1,1,0,1,2,0,2,0,0000000,99,99,99,99,99,99,0,0,0,1,0
6,60396,1,1,0,1,1,2,2,61,0,17,3,2011,5,7,0,1,1,1,I-80,,512,39.26095000,-120.728869440,0,8,0,0,1,1,3,0,1,1,0,1,0,0000000,99,99,99,99,99,99,19,0,0,1,0
6,60397,1,1,0,0,0,1,1,79,0,17,3,2011,5,4,6,1,2,2,US-101 RAMP,,378,35.38292778,-120.629388890,0,59,0,1,5,1,4,0,2,1,0,1,0,0000000,99,99,99,99,88,88,20,0,0,1,0
6,60398,2,2,0,0,0,4,4,107,0,11,2,2011,6,12,50,0,4,4,AVE 224,RD 196,0,36.19624444,-119.135786110,0,12,6,0,2,2,1,0,1,1,0,1,0,0000000,99,99,99,99,99,99,0,0,0,1,0
6,60399,2,2,0,0,0,2,2,37,1970,17,2,2011,5,23,53,1,11,1,I-405,,21,33.80263889,-118.124111110,0,12,1,0,1,1,1,0,3,1,0,1,0,0000000,99,99,99,99,88,88,23,0,0,1,0
6,60400,1,1,0,1,1,1,1,37,1980,27,2,2011,1,18,7,0,13,6,RESEDA BL,VICTORY BL,0,34.18647778,-118.536011110,0,8,0,0,3,2,1,0,5,1,0,1,0,0000000,99,99,99,99,99,99,0,0,0,1,0
6,60401,2,2,0,0,0,2,2,47,0,11,3,2011,6,10,35,0,2,3,SR-165,,364,37.44831389,-120.849036110,0,12,6,0,1,1,1,0,1,1,0,1,0,0000000,10,35,99,99,99,99,0,0,0,1,0
6,60402,1,1,0,2,2,2,2,7,2680,11,3,2011,6,10,57,0,15,6,OLIVER RD,SKYWAY RD,0,39.76250833,-121.622294440,0,8,0,0,3,2,1,0,1,1,0,1,0,0000000,99,99,99,99,99,99,0,0,0,1,0
6,60403,2,2,0,0,0,3,3,99,2200,12,3,2011,7,8,9,0,12,3,SR-108,MEILY WY,264,37.69408611,-120.994358330,0,12,6,0,2,3,1,0,1,1,0,1,0,0000000,99,99,99,99,99,99,0,0,0,1,0
6,60404,2,1,1,1,2,2,3,71,0,12,3,2011,7,9,25,1,1,1,I-15,,145,34.19798889,-117.417669440,0,14,0,0,1,1,2,0,1,10,0,10,0,0000000,99,99,99,99,99,99,23,0,0,1,0
6,60405,1,1,0,1,1,1,1,39,2050,12,3,2011,7,14,5,0,16,6,ROAD 21,,0,36.86263333,-120.164777780,0,8,0,0,1,1,1,0,1,1,0,1,0,0000000,99,99,99,99,99,99,0,0,0,1,0
6,60406,1,1,0,1,1,1,1,75,3290,14,3,2011,2,16,52,0,13,6,GEARY BL,ARGUELLO BL,0,37.78129722,-122.458919440,0,8,0,0,3,2,1,0,1,1,0,1,0,0000000,99,99,99,99,99,99,0,0,0,1,0
6,60407,1,1,0,1,1,1,1,71,0,14,3,2011,2,19,39,0,3,4,CACTUS AVE,,0,34.04481111,-117.383361110,0,15,0,0,1,1,1,0,2,1,0,1,0,0000000,99,99,99,99,99,99,0,0,0,1,0
6,60408,1,1,0,0,0,1,1,73,3260,15,3,2011,3,1,45,0,14,6,POMERADO RD,AVENIDA MAGNIFICA,0,32.90503611,-117.084763890,0,46,0,0,3,2,4,0,3,1,0,1,0,0000000,99,99,99,99,99,99,0,0,0,1,0
6,60409,1,1,0,0,0,1,1,39,0,15,3,2011,3,5,50,0,6,4,GOLDEN STATE BL,,0,37.03786944,-120.153211110,0,1,0,0,1,1,4,0,2,5,0,5,0,0000000,99,99,99,99,88,88,0,0,0,1,0
6,60410,2,2,0,0,0,6,6,65,0,15,3,2011,3,14,25,0,6,4,KINNEY ST,HAINES ST,0,33.84320000,-117.291972220,0,12,6,0,2,2,1,0,1,1,0,1,0,0000000,99,99,99,99,99,99,0,0,0,1,0
6,60411,1,1,0,0,0,4,4,65,0,29,3,2011,3,11,23,1,1,1,I-10,,783,33.66744444,-115.899872220,0,1,0,0,1,1,1,0,1,1,0,1,0,0000000,99,99,99,99,99,99,0,0,0,1,0
6,60412,2,2,0,0,0,4,4,29,240,29,3,2011,3,11,34,0,16,6,30TH ST,PANAMA ST,0,35.38643889,-119.011780560,0,12,6,0,2,2,1,0,1,1,0,1,0,0000000,99,99,99,99,99,99,0,0,0,1,1
6,60413,3,3,0,0,0,4,4,67,3150,30,3,2011,4,5,46,1,11,1,I-5 RAMP,,230,38.56840000,-121.510913890,0,12,7,1,5,1,1,0,4,1,0,1,0,0000000,99,99,99,99,99,99,0,0,0,1,0
6,60414,1,1,0,1,1,1,1,83,1950,30,3,2011,4,7,48,0,14,6,NORTH AVE,C ST,0,34.65330556,-120.451258330,0,15,0,0,3,3,1,0,1,1,0,1,0,0000000,99,99,99,99,99,99,0,0,0,1,0
6,60415,1,1,0,0,0,1,1,15,0,30,3,2011,4,8,0,1,2,2,US-199,,88,41.96840833,-123.746288890,0,43,0,0,1,1,4,0,1,1,0,1,0,0000000,99,99,99,99,88,88,0,0,0,1,0
6,60416,1,1,0,1,1,1,1,37,1980,30,3,2011,4,10,40,1,11,1,I-405 RAMP,SR-2,310,34.04696944,-118.446113890,0,8,0,0,3,2,1,0,1,1,0,1,0,0000000,99,99,99,99,88,88,0,0,0,1,0
6,60417,2,2,0,0,0,4,4,65,0,17,3,2011,5,11,27,0,6,4,SOBODA RD,,0,33.78371944,-116.919927780,0,12,2,0,1,1,2,0,1,1,0,1,0,0000000,99,99,99,99,99,99,20,0,0,1,0
6,60418,1,1,0,0,0,2,2,73,0,17,3,2011,5,23,8,0,3,4,LOS COCHES RD,,0,32.84089444,-116.914427780,0,33,0,0,1,1,4,0,3,1,0,1,0,0000000,99,99,99,99,99,99,0,0,0,1,1
6,60419,1,1,0,0,0,1,1,37,0,18,3,2011,6,1,5,1,2,3,SR-60 RAMP,,116,34.03496944,-118.028702780,0,43,0,1,5,1,5,0,2,1,0,1,0,0000000,99,99,13,43,88,88,0,0,0,1,1
6,60420,1,1,0,1,1,1,1,37,1980,18,3,2011,6,1,44,1,11,1,I-110,,150,33.94630278,-118.279441670,0,8,0,0,1,1,1,0,3,1,0,1,0,0000000,99,99,99,99,88,88,19,0,0,1,0
6,60421,1,1,0,1,1,4,4,37,1970,18,3,2011,6,3,16,0,13,6,CARSON ST,,0,33.83215833,-118.099644440,0,9,0,0,1,1,1,0,3,1,0,1,0,0000000,99,99,99,99,99,99,0,0,0,1,0
6,60422,1,1,0,0,0,1,1,111,4027,18,3,2011,6,6,56,0,15,6,VENTURA AVE,,0,34.30748056,-119.292905560,0,42,0,0,1,1,4,0,1,1,0,1,0,0000000,99,99,99,99,88,88,0,0,0,1,0
6,60423,1,1,0,1,1,1,1,75,3290,18,3,2011,6,8,47,0,15,6,2ND AVE,TOWNSEND ST,0,37.78060000,-122.390513890,0,8,0,0,2,2,1,0,1,2,10,2,0,0000000,99,99,99,99,99,99,0,0,0,1,0
6,60424,1,1,0,0,0,1,1,1,0,18,3,2011,6,9,20,1,1,1,I-238,,166,37.69020278,-122.134469440,0,42,0,0,1,1,4,0,1,10,0,10,0,0000000,99,99,99,99,88,88,0,0,0,1,0
6,60425,4,4,0,1,1,4,4,61,0,18,3,2011,6,13,27,1,1,1,I-80,,574,39.31066389,-120.637550000,0,12,9,0,1,1,1,0,1,4,10,4,0,0000000,99,99,99,99,88,88,4,19,0,1,0
6,60426,1,1,0,0,0,1,1,27,0,18,3,2011,6,16,25,0,4,4,PANAMINT VALLEY RD,,0,36.26693056,-117.359805560,0,1,0,0,1,1,2,0,1,1,0,1,0,0000000,99,99,99,99,88,88,0,0,0,1,1
6,60427,1,1,0,1,1,1,1,77,3770,19,3,2011,7,2,20,0,14,6,MAIN ST,SEARCHLIGHT AVE,0,37.95490556,-121.253350000,0,8,0,0,2,3,1,0,3,10,0,10,0,0000000,99,99,99,99,99,99,0,0,0,1,1
6,60428,3,3,0,0,0,4,4,77,3770,30,3,2011,4,12,35,1,11,1,I-5,,327,38.02168889,-121.359180560,0,12,1,0,1,1,1,2,1,1,0,1,0,0000000,99,99,99,99,99,99,0,0,0,1,0
6,60429,2,2,0,0,0,2,2,37,1980,19,3,2011,7,15,5,0,13,6,JEFFERSON BLVD,MESMER AVE,0,33.98635000,-118.401250000,0,12,6,0,2,2,1,0,1,10,0,10,0,0000000,99,99,99,99,99,99,0,0,0,1,0
6,60430,1,1,0,0,0,1,1,85,1977,19,3,2011,7,17,20,1,11,1,I-280 RAMP,,150,37.36116111,-122.118594440,0,42,0,1,5,1,5,0,1,2,10,2,0,0000000,99,99,99,99,99,99,0,0,0,1,0
6,60431,2,2,0,0,0,3,3,29,0,19,3,2011,7,18,30,0,6,4,SERVICE RD 175,,0,35.32277778,-118.025494440,0,12,6,0,1,1,1,0,1,1,0,1,0,0000000,99,99,99,99,99,99,4,0,0,1,1
6,60432,1,1,0,1,1,1,1,75,3290,19,3,2011,7,21,22,0,13,6,MARKET ST,8TH ST,0,37.77869167,-122.414747220,0,8,0,0,2,2,1,0,1,2,0,2,0,0000000,99,99,99,99,88,88,0,0,0,1,0
6,60433,1,1,0,1,1,3,3,71,2922,19,3,2011,7,22,49,1,12,3,SR-210 RAMP,,89,34.13611944,-117.539980560,0,8,0,1,5,1,1,0,3,10,0,10,0,0000000,99,99,99,99,99,99,0,0,0,1,0
6,60434,1,1,0,1,1,2,2,65,2327,20,3,2011,1,0,51,0,14,6,NEWPORT RD,WINTER HAWK RD,0,33.68503333,-117.193038890,0,8,0,0,2,2,1,0,3,1,0,1,0,0000000,99,99,99,99,99,99,0,0,0,1,0
6,60435,1,1,0,0,0,1,1,13,2790,20,3,2011,1,1,5,0,13,6,RAILROAD AVE,5TH ST,0,38.03190278,-121.883688890,0,31,0,0,3,3,5,0,3,2,10,2,0,0000000,99,99,99,99,88,88,0,0,0,1,1
6,60436,2,2,0,0,0,3,3,55,2330,20,3,2011,1,12,19,0,13,6,LINDA AVE,REDWOOD RD,0,38.31958611,-122.318377780,0,12,6,0,2,2,1,0,1,10,0,10,0,0000000,99,99,99,99,99,99,0,0,0,1,0
6,60437,2,2,0,0,0,5,5,111,0,20,3,2011,1,15,45,1,2,3,SR-126,,325,34.40939722,-118.725086110,0,12,6,0,1,1,1,0,1,2,10,2,0,0000000,99,99,99,99,99,99,0,0,0,1,0
6,60438,1,1,0,0,0,2,2,37,0,20,3,2011,1,17,0,1,2,3,SR-14,,390,34.46130556,-118.343213890,0,25,0,0,1,1,3,0,1,2,10,2,0,0000000,99,99,99,99,99,99,0,0,0,1,0
6,60439,1,1,0,0,0,1,1,103,0,21,3,2011,2,6,15,0,6,4,TYLER ST,,0,40.13360278,-122.206097220,0,10,0,0,6,1,1,0,3,10,0,10,0,762291v,99,99,99,99,88,88,0,0,0,1,0
6,60440,1,1,0,1,1,1,1,59,3960,21,3,2011,2,11,43,1,11,1,I-5 RAMP,RED HILL AVE,290,33.73378056,-117.815091670,0,8,0,1,2,3,1,0,1,2,10,2,0,0000000,99,99,99,99,88,88,0,0,0,1,0
6,60441,1,1,0,1,1,1,1,71,2550,22,3,2011,3,5,50,0,13,6,PHILADELPHIA ST,GROVE AVE,0,34.03396111,-117.628461110,0,8,0,0,2,2,1,0,3,1,0,1,0,0000000,99,99,99,99,99,99,0,0,0,1,1
6,60442,1,1,0,1,1,1,1,77,3770,22,3,2011,3,23,19,0,15,6,LINCOLN ST,,0,37.94102778,-121.294808330,0,8,0,0,1,1,1,0,3,2,10,2,0,0000000,99,99,99,99,99,99,0,0,0,1,0
6,60443,1,1,0,1,1,1,1,71,3210,23,3,2011,4,7,21,0,15,6,NORTHPARK BLVD,H ST,0,34.17804167,-117.300608330,0,8,0,0,2,2,1,0,2,1,0,1,0,0000000,99,99,99,99,99,99,0,0,0,1,0
6,60444,1,1,0,0,0,2,2,37,1110,23,3,2011,4,14,30,1,11,1,I-10,,306,34.06415556,-118.006275000,0,25,0,0,1,1,3,0,1,10,0,10,0,0000000,99,99,99,99,99,99,0,0,0,1,0
6,60445,1,1,0,0,0,1,1,73,0,23,3,2011,4,22,45,0,4,4,SAN VICENTE RD,,0,33.00008333,-116.835655560,0,35,0,0,1,1,5,0,2,2,10,2,0,0000000,99,99,99,99,88,88,0,0,0,1,1
6,60446,2,1,1,0,2,1,3,37,2020,24,3,2011,5,0,1,1,11,1,I-710,,162,33.91918611,-118.178900000,0,14,0,0,1,1,2,0,3,10,0,10,0,0000000,99,99,99,99,88,88,0,0,0,1,1
6,60447,1,1,0,1,1,1,1,37,1825,24,3,2011,5,5,57,0,13,6,VALLEY VIEW AVE,ADOREE ST,0,33.91440000,-118.029216670,0,8,0,0,2,3,1,0,3,1,0,1,0,0000000,99,99,99,99,88,88,0,0,0,1,0
6,60448,2,2,0,0,0,2,2,85,3440,24,3,2011,5,11,15,1,12,2,US-101,,192,37.00422500,-121.556677780,0,25,0,0,1,1,4,0,1,2,10,2,0,0000000,99,99,99,99,99,99,0,0,0,1,0
6,60449,1,1,0,0,0,1,1,37,1980,24,3,2011,5,21,10,1,11,1,I-110,,143,33.93489444,-118.279880560,0,35,0,0,1,1,4,0,2,2,0,2,0,0000000,99,99,99,99,99,99,0,0,0,1,1
6,60450,2,2,0,0,0,4,4,47,1990,24,3,2011,5,22,44,0,12,3,SR-165,B ST,95,37.06682778,-120.835194440,0,12,6,0,2,2,1,0,3,10,0,10,0,0000000,99,99,99,99,99,99,0,0,0,1,0
6,60451,1,1,0,0,0,1,1,67,3150,25,3,2011,6,5,5,0,13,6,TRUXEL RD,GARDEN HWY,0,38.60808611,-121.497819440,0,42,0,0,3,3,6,0,3,10,0,10,0,0000000,99,99,99,99,88,88,0,0,0,1,1
6,60452,1,1,0,1,1,1,1,37,1970,25,3,2011,6,6,5,0,13,6,7TH,PINE AVE,0,33.77534444,-118.192363890,0,8,0,0,2,2,1,0,3,2,0,2,0,0000000,99,99,99,99,99,99,0,0,0,1,0
6,60453,2,2,0,0,0,2,2,37,1440,25,3,2011,6,12,35,0,14,6,FOOTHILL BLVD,,0,34.13602778,-117.862141670,0,12,6,0,8,1,1,0,1,10,0,10,0,0000000,99,99,99,99,99,99,0,0,0,1,0
6,60454,1,1,0,1,1,1,1,37,3686,25,3,2011,6,16,57,0,14,6,GARVEY AVE,,0,34.06270000,-118.058225000,0,8,0,0,1,1,1,0,1,1,0,1,0,0000000,99,99,99,99,88,88,0,0,0,1,1
6,60455,1,1,0,1,1,1,1,97,3490,25,3,2011,6,21,40,0,13,6,MENDOCINO AVE,BENTON ST,0,38.44786389,-122.717666670,0,8,0,0,2,2,1,0,3,2,10,2,0,0000000,99,99,99,99,99,99,0,0,0,1,0
6,60456,2,2,0,0,0,2,2,113,4163,26,3,2011,7,1,18,1,12,2,US-50,,25,38.57700000,-121.524872220,0,12,2,0,1,1,1,0,3,2,0,2,0,0000000,99,99,99,99,99,99,0,0,0,1,1
6,60457,1,1,0,0,0,2,2,95,1260,30,1,2011,1,3,50,0,14,6,CEMENT HILL RD,,0,38.27983611,-122.021147220,0,42,0,0,1,1,5,0,3,2,0,2,0,0000000,99,99,99,99,99,99,0,0,0,1,1
6,60458,1,1,0,1,1,1,1,7,2680,4,2,2011,6,20,25,0,13,6,SKYWAY,,0,39.73256667,-121.675644440,0,8,0,0,1,1,1,0,2,1,0,1,0,0000000,99,99,99,99,99,99,0,0,0,1,0
6,60459,1,1,0,1,1,1,1,37,1980,15,2,2011,3,7,15,0,16,6,NOVGOROD ST,,0,34.09018889,-118.174369440,0,8,0,0,4,1,1,0,1,10,0,10,0,0000000,99,99,99,99,88,88,0,0,0,1,0
6,60460,2,2,0,0,0,2,2,73,860,23,2,2011,4,18,35,0,12,3,SR-75,,160,32.63713333,-117.142780560,0,12,1,0,1,1,1,0,2,1,0,1,0,0000000,99,99,99,99,88,88,0,0,0,1,0
6,60461,2,2,0,0,0,2,2,21,0,2,3,2011,4,14,58,1,1,1,I-5,,242,39.73262778,-122.205955560,0,41,0,0,1,1,3,0,1,10,0,10,0,0000000,99,99,99,99,88,88,0,0,0,1,0
6,60462,1,1,0,1,1,1,1,95,4020,2,3,2011,4,21,28,0,13,6,BROADWAY ST,,0,38.13571389,-122.252358330,0,8,0,0,1,1,1,0,3,10,0,10,0,0000000,99,99,99,99,99,99,0,0,0,1,0
6,60463,6,3,3,0,0,5,5,73,860,3,3,2011,5,7,49,0,12,3,SR-75,,180,32.67541667,-117.170069440,0,12,1,0,1,1,1,0,1,10,0,10,0,0000000,99,99,99,99,99,99,20,0,0,2,0
6,60464,2,2,0,0,0,2,2,77,0,3,3,2011,5,10,5,1,2,3,SR-12,GLASSROCK RD,54,38.11536111,-121.485647220,0,12,2,0,2,2,1,0,1,1,0,1,0,0000000,99,99,99,99,99,99,0,0,0,1,0
6,60465,1,1,0,0,0,1,1,27,0,3,3,2011,5,12,50,0,2,3,SR-127,,95,35.89904444,-116.258541670,0,1,0,0,1,1,5,0,1,1,0,1,0,0000000,99,99,99,99,99,99,0,0,0,1,1
6,60466,2,2,0,0,0,2,2,67,3150,6,3,2011,1,21,53,0,12,3,SR-51,,41,38.60378056,-121.434888890,0,12,6,0,1,1,1,0,3,2,10,2,0,0000000,99,99,99,99,99,99,0,0,0,1,0
6,60467,1,1,0,0,0,1,1,71,4040,6,3,2011,1,99,99,0,14,6,SILICA RD,INDUSTRIAL BLVD,0,34.47820556,-117.283075000,0,38,0,0,3,3,5,0,3,1,0,1,0,0000000,99,99,99,99,88,88,0,0,0,1,1
6,60468,1,1,0,0,0,1,1,107,0,6,3,2011,1,99,99,0,6,4,AVE 248,,0,36.24032500,-119.268808330,0,38,0,0,1,1,5,0,2,1,0,1,0,0000000,99,99,99,99,88,88,0,0,0,1,1
6,60469,1,1,0,0,0,1,1,37,2684,7,3,2011,2,1,21,1,11,1,I-710,,150,33.90444444,-118.184583330,0,24,0,0,1,1,4,0,3,2,10,2,0,0000000,99,99,99,99,88,88,20,0,0,1,1
6,60470,1,1,0,1,1,1,1,37,1980,7,3,2011,2,3,38,1,11,1,I-10,,117,34.03536111,-118.329108330,0,8,0,0,1,1,1,0,2,10,0,10,0,0000000,99,99,99,99,88,88,0,0,0,1,0
6,60471,1,1,0,1,1,1,1,93,4266,7,3,2011,2,13,4,0,16,6,S BROADWAY ST,CENTER ST,0,41.73100000,-122.636525000,0,8,0,0,2,2,1,0,1,10,0,10,0,0000000,99,99,99,99,99,99,0,0,0,1,0
6,60472,2,2,0,0,0,2,2,107,0,7,3,2011,2,14,30,0,2,3,SR-63,,130,36.39799444,-119.296344440,0,12,2,0,1,1,1,0,1,1,0,1,0,0000000,99,99,99,99,99,99,0,0,0,1,0
6,60473,1,1,0,0,0,2,2,107,0,8,3,2011,3,23,25,0,6,4,AVE 88,,0,35.94963333,-119.043725000,0,42,0,0,1,1,5,0,2,1,0,1,0,0000000,99,99,99,99,99,99,0,0,0,1,0
6,60474,2,2,0,0,0,2,2,19,0,9,3,2011,4,7,25,0,2,3,SR-180,BISHOP AVE,457,36.73491667,-120.006025000,0,12,6,0,2,2,1,0,1,1,0,1,0,0000000,99,99,99,99,88,88,0,0,0,1,0
6,60475,1,1,0,0,0,1,1,115,0,9,3,2011,4,11,35,1,2,3,SR-20,,198,39.21041111,-121.310586110,0,17,0,0,1,1,5,0,1,10,0,10,0,0000000,99,99,99,99,99,99,0,0,0,1,0
6,60476,2,2,0,0,0,2,2,29,0,9,3,2011,4,17,18,0,6,4,BELLE AVE,SEQUOIA DR,0,35.41056667,-119.034161110,0,1,0,0,2,2,1,0,1,1,0,1,0,0000000,99,99,99,99,99,99,0,0,0,1,0
6,60477,2,2,0,0,0,2,2,81,3390,10,3,2011,5,5,11,1,12,2,US-101,,139,37.57585000,-122.319305560,0,1,0,0,1,1,1,0,2,1,0,1,0,0000000,99,99,99,99,88,88,19,0,0,1,0
6,60478,2,2,0,0,0,2,2,73,0,10,3,2011,5,9,45,0,3,4,CAMPO RD,,0,32.75220833,-117.004519440,0,1,0,0,8,1,1,0,1,1,0,1,0,0000000,99,99,99,99,99,99,0,0,0,1,0
6,60479,2,2,0,0,0,2,2,37,1015,10,3,2011,5,13,30,1,12,3,SR-57,,40,33.99883333,-117.837875000,0,12,1,0,1,1,1,0,1,1,0,1,0,0000000,99,99,99,99,99,99,2,0,0,1,0
6,60480,1,1,0,1,1,1,1,37,0,10,3,2011,5,17,30,0,4,4,AVE S,96TH ST E,0,34.55787222,-117.958188890,0,15,0,0,2,4,1,0,1,1,0,1,0,0000000,99,99,99,99,99,99,0,0,0,1,0
6,60481,1,1,0,1,1,2,2,37,1980,12,3,2011,7,22,45,1,12,2,US-101,,82,34.11572778,-118.336997220,0,8,0,0,1,1,1,0,2,1,0,1,0,0000000,99,99,99,99,88,88,0,0,0,1,0
6,60482,1,1,0,1,1,1,1,73,3260,13,3,2011,1,1,30,1,11,1,I-805,,166,32.75711667,-117.125688890,0,8,0,0,1,1,1,0,2,1,0,1,0,0000000,99,99,99,99,88,88,0,0,0,1,0
6,60483,2,2,0,0,0,3,3,19,1370,13,3,2011,1,17,45,0,15,6,NORTH AVE,DICKERSON AVE,0,36.69147500,-119.970208330,0,12,6,0,2,2,1,0,1,10,0,10,0,0000000,99,99,99,99,99,99,0,0,0,1,0
6,60484,1,1,0,0,0,1,1,45,0,13,3,2011,1,19,12,1,2,2,US-101,,535,39.49893611,-123.372997220,0,42,0,0,1,1,5,0,1,2,10,2,0,0000000,99,99,99,99,88,88,20,0,0,1,0
6,60485,1,1,0,0,0,1,1,77,0,14,3,2011,2,3,41,0,2,3,SR-26,,40,37.98568889,-121.197469440,0,43,0,0,1,1,5,0,2,10,0,10,0,0000000,99,99,99,99,88,88,0,0,0,1,1
6,60486,2,2,0,0,0,2,2,55,0,14,3,2011,2,8,20,0,2,3,SR-29,,361,38.57025278,-122.567477780,0,12,2,0,1,1,1,0,1,10,0,10,0,0000000,99,99,99,99,99,99,0,0,0,1,0
6,60487,2,2,0,0,0,3,3,37,1980,14,3,2011,2,12,40,0,13,6,VENTURA BLVD,SHOUP AVE,0,34.16875000,-118.614475000,0,12,6,0,2,2,1,0,1,1,0,1,0,0000000,99,99,99,99,99,99,0,0,0,1,0
6,60488,2,2,0,0,0,3,3,67,0,14,3,2011,2,13,10,0,2,3,SR-160,,17,38.04828333,-121.750441670,0,12,2,0,1,1,1,0,1,10,0,10,0,0000000,99,99,99,99,99,99,0,0,0,1,0
6,60489,2,2,0,1,1,2,2,81,2625,20,2,2011,1,1,28,0,12,3,SR-13,,263,37.64010000,-122.465250000,0,8,0,0,1,1,1,0,3,1,0,1,0,0000000,99,99,99,99,88,88,0,0,0,1,1
6,60490,1,1,0,1,1,5,5,67,3150,20,2,2011,1,19,12,0,13,6,NORTHGATE BLVD,,0,38.63239444,-121.475547220,0,8,0,0,1,1,1,0,3,1,0,1,0,0000000,99,99,99,99,99,99,0,0,0,1,1
6,60491,1,1,0,1,1,1,1,59,2400,21,2,2011,2,17,56,0,14,6,SAN JOAQUIN HILLS RD,,0,33.60603611,-117.840197220,0,9,0,0,1,1,4,0,5,1,0,1,0,0000000,99,99,99,99,88,88,0,0,0,1,1
6,60492,1,1,0,0,0,1,1,95,4020,16,3,2011,4,11,20,1,11,1,I-80,,58,38.14040000,-122.219250000,0,25,0,0,1,1,3,0,1,10,0,10,0,0000000,99,99,99,99,88,88,0,0,0,1,0
6,60493,3,2,1,0,0,3,3,37,2054,16,3,2011,4,20,40,0,12,3,SR-1,,521,34.02560000,-118.770300000,0,1,0,0,8,1,1,0,2,98,0,98,0,0000000,99,99,99,99,88,88,0,0,0,1,0
6,60494,1,1,0,0,0,1,1,37,639,19,3,2011,7,14,0,1,12,3,SR-91 RAMP,,168,33.87671667,-118.104722220,0,33,0,1,5,1,4,0,1,10,0,10,0,0000000,99,99,99,99,99,99,0,0,0,1,0
6,60495,1,1,0,1,1,1,1,65,3070,30,3,2011,4,17,6,0,15,6,NORWOOD AVE,,0,33.93663056,-117.487105560,0,8,0,0,1,1,1,0,1,1,0,1,0,0000000,99,99,99,99,99,99,4,0,0,1,0
6,60496,2,2,0,0,0,3,3,65,850,30,3,2011,4,17,57,0,13,6,MAIN ST,,0,33.89022500,-117.564097220,0,12,6,0,8,1,1,0,1,1,0,1,0,0000000,99,99,99,99,99,99,0,0,0,1,0
6,60497,1,1,0,1,1,1,1,37,1980,31,3,2011,5,8,20,0,13,6,SEPULVEDA BL,KITTRIDGE ST,0,34.19010556,-118.466208330,0,8,0,0,3,3,1,0,1,1,0,1,0,0000000,99,99,99,99,99,99,0,0,0,1,0
6,60498,4,4,0,0,0,5,5,73,3260,31,3,2011,5,13,53,1,13,6,ROSECRANS ST,CANON ST,0,32.72150000,-117.231886110,0,12,6,0,2,2,1,0,1,1,0,1,0,0000000,99,99,99,99,99,99,0,0,0,1,0
6,60499,2,2,0,0,0,2,2,9,0,31,3,2011,5,15,5,0,2,3,SR-12,,161,38.20406111,-120.728930560,0,12,2,0,1,1,1,0,1,1,0,1,0,0000000,99,99,99,99,99,99,0,0,0,1,0
6,60500,2,2,0,0,0,3,3,73,0,31,3,2011,5,19,14,1,2,3,SR-188,,11,32.58768333,-116.638583330,0,12,2,0,1,1,1,0,5,1,0,1,0,0000000,99,99,99,99,88,88,0,0,0,1,1
6,60501,3,3,0,0,0,7,7,107,4050,31,3,2011,5,21,46,0,13,6,CALDWELL AVE,AKERS ST,0,36.29802222,-119.349438890,0,12,6,0,2,2,1,0,3,1,0,1,0,0000000,99,99,99,99,99,99,20,0,0,3,0