STATE,ST_CASE,VE_TOTAL,VE_FORMS,PVH_INVL,PEDS,PERNOTMVIT,PERMVIT,PERSONS,COUNTY,CITY,DAY,MONTH,YEAR,DAY_WEEK,HOUR,MINUTE,NHS,ROAD_FNC,ROUTE,TWAY_ID,TWAY_ID2,MILEPT,LATITUDE,LONGITUD,SP_JUR,HARM_EV,MAN_COLL,RELJCT1,RELJCT2,TYP_INT,REL_ROAD,WRK_ZONE,LGT_COND,WEATHER1,WEATHER2,WEATHER,SCH_BUS,RAIL,NOT_HOUR,NOT_MIN,ARR_HOUR,ARR_MIN,HOSP_HR,HOSP_MN,CF1,CF2,CF3,FATALS,DRUNK_DR
6,60502,2,1,1,1,1,1,1,67,0,27,3,2011,1,15,10,0,6,4,GEORGIA DR,,0,38.67503056,-121.376827780,0,15,0,0,1,1,1,0,1,10,0,10,0,0000000,99,99,99,99,99,99,4,14,0,1,0
6,60503,1,1,0,0,0,1,1,59,1780,28,3,2011,2,2,20,0,13,6,BROADWAY ST,,0,33.54576111,-117.782419440,0,33,0,0,1,1,4,0,3,1,0,1,0,0000000,99,99,99,99,88,88,20,0,0,1,0
6,60504,1,1,0,0,0,1,1,37,1980,28,3,2011,2,2,20,1,12,3,SR-118 RAMP,,136,34.28808889,-118.408319440,0,25,0,0,5,1,4,0,3,1,0,1,0,0000000,99,99,99,99,88,88,0,0,0,1,1
6,60505,2,2,0,1,1,2,2,19,1370,28,3,2011,2,5,15,0,12,3,SR-99,,256,36.78443889,-119.851613890,0,8,0,0,1,1,1,0,2,10,0,10,0,0000000,99,99,99,99,88,88,19,0,0,1,0
6,60506,1,1,0,1,1,2,2,73,2510,28,3,2011,2,7,5,0,15,6,SLEEPING INDIAN RD,,0,33.28399167,-117.270791670,0,9,0,0,1,1,1,0,4,10,0,10,0,0000000,99,99,99,99,99,99,0,0,0,1,1
6,60507,2,2,0,0,0,4,4,71,1305,28,3,2011,2,7,28,0,14,6,MILLER AVE,ALDER AVE,0,34.11395000,-117.418402780,0,12,6,0,2,2,1,0,1,1,0,1,0,0000000,99,99,99,99,99,99,0,0,0,1,0
6,60508,1,1,0,0,0,1,1,73,0,28,3,2011,2,11,50,1,1,1,I-8,,712,32.65933889,-116.206211110,0,35,0,0,1,1,3,0,1,1,0,1,0,0000000,99,99,99,99,99,99,0,0,0,1,0
6,60509,1,1,0,0,0,1,1,47,0,28,3,2011,2,17,45,1,2,3,SR-152,,346,37.04755000,-120.595950000,0,38,0,0,1,1,4,0,1,1,0,1,0,0000000,99,99,99,99,88,88,0,0,0,1,0
6,60510,2,2,0,0,0,3,3,33,0,6,4,2011,4,12,45,1,2,3,SR-29,,338,38.96011944,-122.827061110,0,12,2,0,1,1,1,0,1,1,0,1,0,0000000,99,99,99,99,99,99,0,0,0,1,0
6,60511,2,2,0,0,0,2,2,83,3430,7,4,2011,5,13,15,1,12,2,US-101,,122,34.42076111,-119.668638890,0,12,7,0,1,1,1,0,1,10,0,10,0,0000000,99,99,99,99,99,99,0,0,0,1,0
6,60512,3,3,0,0,0,3,3,65,3851,29,3,2011,3,6,15,1,11,1,I-15,,47,33.49691944,-117.148930560,0,12,6,0,1,1,1,0,2,10,0,10,0,0000000,99,99,99,99,88,88,0,0,0,1,0
6,60513,2,2,0,0,0,4,4,107,0,26,3,2011,7,2,43,0,3,4,AVE 416,,0,36.54543333,-119.346769440,0,12,7,0,1,1,1,0,2,1,0,1,0,0000000,99,99,99,99,88,88,0,0,0,1,1
6,60514,2,2,0,0,0,2,2,107,0,26,3,2011,7,3,25,0,4,4,AVE 208,RD 152,0,36.16733611,-119.232869440,0,12,6,0,2,2,1,0,2,2,10,2,0,0000000,99,99,99,99,88,88,0,0,0,1,1
6,60515,1,1,0,0,0,4,4,77,3770,26,3,2011,7,3,26,0,13,6,MARCH LN,,0,38.00562500,-121.274630560,0,33,0,0,1,1,3,0,3,2,10,2,0,0000000,99,99,99,99,99,99,0,0,0,1,1
6,60516,1,1,0,0,0,3,3,85,0,25,3,2011,6,7,10,1,2,3,SR-152,,338,37.06635833,-121.219883330,0,35,0,0,1,1,6,0,1,2,10,2,0,0000000,99,99,99,99,99,99,0,0,0,2,0
6,60517,1,1,0,0,0,1,1,95,0,25,3,2011,6,99,99,0,4,4,PLEASANTS VALLEY RD,,0,38.41427222,-122.043258330,0,42,0,0,1,1,5,0,9,99,0,99,0,0000000,99,99,99,99,88,88,0,0,0,1,1
6,60518,1,1,0,1,1,1,1,83,0,26,3,2011,7,3,45,1,2,2,US-101,,528,34.55139722,-120.191544440,0,8,0,0,1,1,1,0,2,10,0,10,0,0000000,99,99,99,99,88,88,0,0,0,1,0
6,60519,1,1,0,1,1,1,1,103,2940,26,3,2011,7,17,33,0,12,3,SR-36,MAIN ST,413,40.17659167,-122.234122220,0,9,0,0,2,2,1,0,1,10,0,10,0,0000000,99,99,99,99,99,99,0,0,0,1,1
6,60520,1,1,0,1,1,1,1,71,1305,26,3,2011,7,21,53,0,15,6,JUNIPER AVE,VALENCIA AVE,0,34.09747500,-117.440130560,0,8,0,0,2,2,1,0,3,2,0,2,0,0000000,99,99,99,99,99,99,0,0,0,1,0
6,60521,1,1,0,1,1,2,2,85,0,26,3,2011,7,22,55,0,4,4,7TH AVE,,0,36.98159167,-121.989650000,0,8,0,0,1,1,1,0,3,10,0,10,0,0000000,99,99,99,99,99,99,0,0,0,1,0
6,60522,1,1,0,0,0,1,1,29,0,26,3,2011,7,23,13,0,3,4,NORRIS RD,,0,35.41986667,-119.056480560,0,43,0,0,1,1,4,0,3,1,0,1,0,0000000,99,99,99,99,88,88,0,0,0,1,1
6,60523,1,1,0,0,0,2,2,19,760,27,3,2011,1,11,50,0,12,3,SR-198,,214,36.32188611,-119.651144440,0,1,0,0,1,1,1,0,1,1,0,1,0,0000000,99,99,99,99,99,99,0,0,0,1,0
6,60524,2,2,0,1,1,2,2,37,245,2,4,2011,7,5,13,1,11,1,I-10,,330,34.06916944,-117.968452780,0,12,7,0,1,1,1,0,2,10,0,10,0,0000000,99,99,99,99,88,88,19,0,0,1,0
6,60525,2,2,0,0,0,2,2,65,3070,2,4,2011,7,11,2,0,13,6,ARLINGTON AVE,COPPER LANTERN DR,0,33.94638333,-117.460108330,0,12,6,0,2,3,1,0,1,10,0,10,0,0000000,99,99,99,99,99,99,0,0,0,1,0
6,60526,1,1,0,0,0,5,5,99,2200,2,4,2011,7,12,40,0,12,3,SR-99,,200,37.68038889,-121.050269440,0,1,0,0,1,1,3,0,1,1,0,1,0,0000000,99,99,99,99,99,99,0,0,0,1,0
6,60527,1,1,0,0,0,1,1,81,970,2,4,2011,7,19,25,1,11,1,I-280,,273,37.70751111,-122.470027780,0,33,0,0,1,1,4,0,5,1,0,1,0,0000000,99,99,99,99,88,88,0,0,0,1,1
6,60528,1,1,0,1,1,3,3,77,0,2,4,2011,7,20,42,0,2,3,SR-26,,55,37.99389167,-121.171894440,0,8,0,0,1,1,1,0,2,1,0,1,0,0000000,99,99,99,99,88,88,0,0,0,1,0
6,60529,1,1,0,0,0,1,1,19,0,3,4,2011,1,20,53,0,4,4,MT WHITNEY AVE,,0,36.42965278,-120.088052780,0,1,0,0,1,1,1,0,2,1,0,1,0,0000000,99,99,99,99,88,88,0,0,0,1,1
6,60530,2,2,0,0,0,2,2,23,0,3,4,2011,1,15,54,0,2,3,SR-96,,231,41.18631667,-123.704755560,0,12,2,0,1,1,1,0,1,1,0,1,0,0000000,99,99,99,99,88,88,0,0,0,1,1
6,60532,1,1,0,2,2,5,5,73,0,3,4,2011,1,0,35,1,1,1,I-5,,551,33.22061111,-117.391450000,0,8,0,0,1,1,1,0,2,1,0,1,0,0000000,99,99,99,99,99,99,0,0,0,1,0
6,60533,1,1,0,0,0,2,2,27,0,3,4,2011,1,5,45,1,2,2,US-395,,555,36.57407500,-118.056225000,0,43,0,0,1,1,2,0,4,1,0,1,0,0000000,99,99,99,99,99,99,0,0,0,1,0
6,60534,1,1,0,1,1,2,2,107,3920,3,4,2011,1,18,50,0,16,6,DURANGO CT,,0,36.19013889,-119.315352780,0,8,0,0,4,1,5,0,1,1,0,1,0,0000000,99,99,99,99,99,99,0,0,0,1,0
6,60535,2,2,0,0,0,5,5,101,4280,4,4,2011,2,19,49,0,12,3,SR-99,,300,39.13213333,-121.634508330,0,12,2,0,1,1,1,0,5,1,0,1,0,0000000,99,99,99,99,99,99,0,0,0,1,0
6,60536,3,1,2,0,0,1,1,37,2054,30,3,2011,4,11,30,0,15,6,KANAN RD,,0,34.03555556,-118.800541670,0,33,0,0,1,1,4,0,1,1,0,1,0,0000000,99,99,99,99,88,88,0,0,0,1,0
6,60537,2,2,0,0,0,2,2,37,1015,1,4,2011,6,8,10,1,12,3,SR-60,,253,34.01995000,-117.815180560,0,1,0,0,1,1,1,0,1,1,0,1,0,0000000,99,99,99,99,88,88,0,0,0,1,0
6,60538,2,2,0,0,0,2,2,37,1980,1,4,2011,6,9,25,1,11,1,I-5,,352,34.22758056,-118.390688890,0,12,1,0,1,1,1,0,1,1,0,1,0,0000000,99,99,99,99,99,99,0,0,0,1,0
6,60539,4,4,0,0,0,7,7,37,0,1,4,2011,6,16,35,1,2,3,SR-14,,448,34.50268889,-118.254580560,0,12,1,0,1,1,1,0,1,1,0,1,0,0000000,99,99,99,99,99,99,0,0,0,1,0
6,60540,2,2,0,0,0,4,4,107,0,1,4,2011,6,18,4,0,2,3,SR-190,RD 120,4,36.05119722,-119.303863890,0,12,7,0,2,2,1,0,1,1,0,1,0,0000000,99,99,99,99,99,99,0,0,0,2,0
6,60541,1,1,0,0,0,1,1,107,0,1,4,2011,6,21,48,0,4,4,RD 152,AVE 96,0,35.96431944,-119.232719440,0,43,0,0,3,3,4,0,2,1,0,1,0,0000000,99,99,99,99,88,88,0,0,0,1,1
6,60542,1,1,0,0,0,1,1,111,3860,1,4,2011,6,23,34,0,16,6,LODGEWOOD ST,WENDY DR,0,34.16491111,-118.942655560,0,33,0,0,3,3,4,0,3,1,0,1,0,0000000,99,99,99,99,88,88,0,0,0,1,1
6,60543,1,1,0,0,0,1,1,67,712,10,4,2011,1,17,51,0,13,6,SUNRISE BL,,0,38.68420833,-121.271502780,0,1,0,0,1,1,1,0,1,1,0,1,0,0000000,99,99,99,99,88,88,0,0,0,1,0
6,60544,1,1,0,0,0,1,1,107,0,11,4,2011,2,14,0,0,2,3,SR-43,,78,35.89210000,-119.405900000,0,1,0,0,1,1,2,0,1,1,0,1,0,0000000,99,99,99,99,99,99,0,0,0,1,0
6,60545,2,2,0,0,0,2,2,37,0,11,4,2011,2,16,10,0,4,4,BIG TUJUNGA CYN RD,,0,34.28179444,-118.210519440,0,12,2,0,1,1,1,0,1,1,0,1,0,0000000,99,99,99,99,88,88,0,0,0,1,0
6,60546,2,2,0,0,0,2,2,71,3210,11,4,2011,2,16,12,0,14,6,ORANGE SHOW RD,LENA RD,0,34.07973611,-117.273344440,0,12,6,0,2,3,1,0,1,1,0,1,0,0000000,99,99,99,99,99,99,0,0,0,1,0
6,60547,1,1,0,1,1,1,1,99,0,11,4,2011,2,18,40,0,6,4,SAUNDRA CT,,0,37.56007778,-120.906294440,0,8,0,0,8,1,1,0,1,1,0,1,0,0000000,99,99,99,99,99,99,0,0,0,1,0
6,60548,1,1,0,0,0,1,1,65,3070,11,4,2011,2,99,99,1,12,3,SR-60 RAMP,,0,34.02500000,-117.551300000,0,52,0,1,5,1,4,0,2,1,0,1,0,0000000,99,99,99,99,88,88,0,0,0,1,1
6,60549,1,1,0,0,0,1,1,65,0,12,4,2011,3,0,30,1,1,1,I-10,,212,33.92283889,-116.947788890,0,38,0,0,1,1,4,0,2,1,0,1,0,0000000,99,99,99,99,88,88,0,0,0,1,0
6,60550,1,1,0,0,0,1,1,73,1200,12,4,2011,3,2,30,1,11,1,I-15,,285,33.08981944,-117.079788890,0,20,0,0,1,1,3,0,3,1,0,1,0,0000000,99,99,99,99,88,88,0,0,0,1,0
6,60551,1,1,0,0,0,1,1,87,0,12,4,2011,3,15,30,0,2,3,SR-129,,77,36.90816111,-121.633680560,0,1,0,0,1,1,1,0,1,1,0,1,0,0000000,99,99,99,99,88,88,0,0,0,1,0
6,60552,1,1,0,1,1,1,1,73,3260,10,3,2011,5,18,4,0,14,6,PASEO DE LAS AMERICA,SIEMPRE VIVA RD,0,32.55693333,-116.935944440,0,8,0,0,3,2,1,0,5,1,0,1,0,0000000,99,99,99,99,88,88,0,0,0,1,0
6,60553,1,1,0,1,1,2,2,37,3870,10,3,2011,5,19,14,0,14,6,190TH ST,WESTERN AVE,0,33.85840278,-118.358916670,0,8,0,0,3,2,1,0,3,1,0,1,0,0000000,99,99,99,99,99,99,0,0,0,1,0
6,60554,1,1,0,0,0,2,2,71,3210,10,3,2011,5,22,55,1,1,1,I-40,,784,34.72166111,-115.675580560,0,1,0,0,1,1,4,0,2,1,0,1,0,0000000,99,99,99,99,99,99,0,0,0,1,0
6,60555,1,1,0,1,1,1,1,67,0,11,3,2011,6,4,25,0,3,4,WALNUT AVE,,0,38.63250000,-121.345991670,0,8,0,0,1,1,1,0,3,1,0,1,0,0000000,99,99,99,99,88,88,0,0,0,1,0
6,60556,1,1,0,0,0,2,2,65,0,11,3,2011,6,15,15,1,1,1,I-15,,17,33.45981944,-117.136019440,0,18,0,0,1,1,3,0,1,1,0,1,0,0000000,99,99,99,99,99,99,0,0,0,1,0
6,60557,1,1,0,1,1,1,1,37,1980,12,3,2011,7,2,12,1,11,1,I-405,,486,34.29081944,-118.467669440,0,8,0,0,1,1,1,0,3,1,0,1,0,0000000,99,99,99,99,88,88,0,0,0,1,0
6,60558,1,1,0,1,1,1,1,9,0,12,3,2011,7,5,8,0,4,4,MILTON RD,,0,38.09878056,-120.888711110,0,8,0,0,1,1,1,0,2,1,0,1,0,0000000,99,99,99,99,88,88,0,0,0,1,0
6,60559,1,1,0,0,0,2,2,31,0,12,3,2011,7,20,55,1,1,1,I-5,,75,35.88075000,-119.857250000,0,1,0,0,1,1,1,0,2,1,0,1,0,0000000,99,99,99,99,0,0,0,0,0,1,0
6,60560,1,1,0,0,0,1,1,73,0,13,3,2011,1,13,20,0,4,4,SOUTH GATE RD,,0,33.29586111,-116.891019440,0,1,0,0,1,1,4,0,1,1,0,1,0,0000000,99,99,99,99,88,88,0,0,0,1,0
6,60561,1,1,0,0,0,1,1,77,3770,20,3,2011,1,20,55,0,13,6,MARCH LN,,0,37.98245833,-121.385991670,0,42,0,0,1,1,3,0,3,2,0,2,0,0000000,99,99,99,99,88,88,0,0,0,1,1
6,60562,1,1,0,1,1,1,1,67,3150,1,4,2011,6,1,45,0,13,6,J ST,CARLSON DR,0,38.56643056,-121.428505560,0,9,0,0,2,2,1,0,3,1,0,1,0,0000000,99,99,99,99,99,99,0,0,0,1,0
6,60563,1,1,0,0,0,1,1,11,0,1,4,2011,6,4,30,0,4,4,MAXWELL COLUSA RD,,0,39.27555000,-122.063611110,0,1,0,0,1,1,5,0,2,1,0,1,0,0000000,99,99,99,99,88,88,0,0,0,1,1
6,60564,1,1,0,0,0,1,1,5,0,13,4,2011,4,9,0,1,2,3,SR-88,,90,38.34408889,-120.882300000,0,59,0,0,1,1,4,0,1,10,0,10,0,0000000,99,99,99,99,99,99,0,0,0,1,0
6,60565,1,1,0,0,0,1,1,37,714,13,4,2011,4,12,0,0,16,6,RANDOLPH ST,,0,33.97829722,-118.154825000,0,33,0,0,1,1,4,0,1,1,0,1,0,0000000,99,99,99,99,88,88,0,0,0,1,0
6,60566,2,2,0,0,0,3,3,37,1980,13,4,2011,4,12,30,0,13,6,LA CIENEGA BLVD,,0,33.98030556,-118.370411110,0,12,1,0,1,1,1,0,1,1,0,1,0,0000000,99,99,99,99,99,99,0,0,0,1,0
6,60567,1,1,0,1,1,1,1,37,1980,14,4,2011,5,13,40,0,13,6,WASHINGTON BLVD,APPLE ST,0,34.03519444,-118.367936110,0,8,0,0,3,2,1,0,1,1,0,1,0,0000000,99,99,99,99,88,88,0,0,0,1,0
6,60568,1,1,0,1,1,2,2,65,0,14,4,2011,5,19,35,0,4,4,42ND AVE,,0,33.74371944,-116.290616670,0,9,0,0,1,1,1,0,5,1,0,1,0,0000000,99,99,99,99,99,99,0,0,0,1,0
6,60569,2,2,0,0,0,6,6,67,0,14,4,2011,5,20,15,0,3,4,GERBER RD,,0,38.48156944,-121.411938890,0,12,6,0,8,1,1,0,3,1,0,1,0,0000000,99,99,99,99,99,99,0,0,0,1,1
6,60570,2,2,0,0,0,2,2,71,3210,14,4,2011,5,21,50,1,11,1,I-215,,54,34.08243889,-117.299488890,0,12,1,0,1,1,1,0,2,1,0,1,0,0000000,99,99,99,99,88,88,0,0,0,1,1
6,60571,1,1,0,1,1,1,1,59,80,14,4,2011,5,23,16,0,13,6,E LA PALMA AVE,,0,33.84718056,-117.906066670,0,8,0,0,1,1,1,0,3,1,0,1,0,0000000,99,99,99,99,99,99,0,0,0,1,0
6,60572,2,1,1,0,0,1,1,37,1980,15,4,2011,6,17,53,0,16,6,6TH ST,,0,33.77401944,-118.193105560,0,33,0,0,1,1,4,0,1,1,0,1,0,0000000,99,99,99,99,99,99,0,0,0,1,0
6,60573,1,1,0,0,0,2,2,37,1980,15,4,2011,6,21,20,0,13,6,BALBOA BLVD,,0,34.30394444,-118.500894440,0,33,0,0,1,1,4,0,3,1,0,1,0,0000000,99,99,99,99,99,99,0,0,0,1,1
6,60574,1,1,0,1,1,1,1,59,4130,19,1,2011,4,8,2,0,15,6,IROQUOIS RD,CHOCTAW DR,0,33.76845278,-118.023566670,0,9,0,0,3,2,1,0,1,1,0,1,0,0000000,99,99,99,99,99,99,0,0,0,1,0
6,60575,2,2,0,0,0,3,3,97,0,19,1,2011,4,14,48,0,2,3,SR-116,,224,38.44336111,-122.864650000,0,12,2,0,1,1,1,0,1,1,0,1,0,0000000,99,99,99,99,99,99,0,0,0,1,0
6,60576,2,2,0,0,0,2,2,59,1380,19,1,2011,4,17,53,0,13,6,EUCLID ST,MALVERN AVE,0,33.87507222,-117.941927780,0,12,6,0,2,2,1,0,3,1,0,1,0,0000000,99,99,99,99,99,99,0,0,0,1,0
6,60577,2,2,0,0,0,2,2,107,0,23,1,2011,1,18,20,1,2,3,SR-198,,72,36.38551944,-119.025019440,0,1,0,0,1,1,1,0,3,1,0,1,0,0000000,99,99,99,99,99,99,0,0,0,1,0
6,60578,1,1,0,1,1,1,1,19,1370,23,1,2011,1,19,9,0,14,6,E NEES AVE,,0,36.85192778,-119.794719440,0,8,0,0,1,1,1,0,3,1,0,1,0,0000000,99,99,99,99,99,99,0,0,0,1,0
6,60579,1,1,0,1,1,1,1,73,3260,23,1,2011,1,20,55,0,14,6,47TH ST,,0,32.71032778,-117.093630560,0,8,0,0,1,1,1,0,3,1,0,1,0,0000000,99,99,99,99,99,99,0,0,0,1,0
6,60580,2,2,0,0,0,2,2,71,0,4,2,2011,6,1,39,0,3,4,CEDAR AVE,,0,34.05341111,-117.396319440,0,12,2,0,1,1,1,0,3,1,0,1,0,0000000,99,99,99,99,99,99,0,0,0,2,1
6,60581,2,2,0,0,0,2,2,65,0,7,4,2011,5,14,10,1,2,3,SR-79,,39,33.44745000,-116.890719440,0,12,1,0,8,1,1,0,1,10,0,10,0,0000000,99,99,99,99,88,88,0,0,0,1,0
6,60582,2,2,0,0,0,2,2,77,0,8,4,2011,6,7,10,0,6,4,AVENA RD,CARROLTON RD,0,37.84188056,-121.071838890,0,12,6,0,2,2,1,0,1,10,0,10,0,0000000,99,99,99,99,99,99,0,0,0,1,0
6,60583,3,3,0,0,0,2,2,73,3260,9,4,2011,7,5,35,1,11,1,I-8,,33,32.76656389,-117.149986110,0,12,1,0,1,1,1,0,3,10,0,10,0,0000000,99,99,99,99,99,99,19,0,0,1,0
6,60584,3,3,0,0,0,3,3,43,0,9,4,2011,7,9,50,1,2,3,SR-140,,103,37.48528889,-119.965758330,0,12,1,0,8,1,1,0,1,10,0,10,0,0000000,99,99,99,99,99,99,0,0,0,1,0
6,60585,1,1,0,0,0,1,1,13,0,9,4,2011,7,19,0,0,6,4,HOLLAND TRACT RD,,0,37.97655000,-121.594519440,0,38,0,0,1,1,4,0,2,1,0,1,0,0000000,99,99,99,99,88,88,18,0,0,1,1
6,60586,2,2,0,0,0,6,6,37,1400,9,4,2011,7,23,31,0,14,6,NORMANDIE AVE,141ST ST,0,33.90376667,-118.300416670,0,12,6,0,2,2,1,0,3,1,0,1,0,0000000,99,99,99,99,99,99,4,0,0,2,1
6,60587,1,1,0,1,1,1,1,73,1182,10,4,2011,1,1,2,0,14,6,N COAST HWY 101,,0,33.07015278,-117.304105560,0,9,0,0,1,1,1,0,2,1,0,1,0,0000000,99,99,99,99,99,99,0,0,0,1,1
6,60588,1,1,0,1,1,1,1,81,970,10,4,2011,1,5,50,1,11,1,I-280,,268,37.69950000,-122.471744440,0,8,0,0,1,1,1,0,3,1,0,1,0,0000000,99,99,99,99,88,88,0,0,0,1,0
6,60589,1,1,0,0,0,1,1,81,0,10,4,2011,1,13,50,0,2,3,SR-1,,165,37.29011944,-122.405194440,0,41,0,0,1,1,4,0,1,1,0,1,0,0000000,99,99,99,99,88,88,0,0,0,1,0
6,60590,3,3,0,0,0,3,3,59,4130,27,4,2011,4,10,55,1,11,1,I-405,,185,33.75171111,-118.013161110,0,12,1,0,1,1,1,0,1,1,0,1,0,0000000,99,99,99,99,99,99,0,0,0,1,0
6,60591,1,1,0,1,1,2,2,37,1840,29,4,2011,6,23,34,0,14,6,10TH ST W,AVENUE J-8,0,34.68216944,-118.147986110,0,8,0,0,3,2,1,0,3,1,0,1,0,0000000,99,99,99,99,99,99,0,0,0,1,1
6,60592,1,1,0,0,0,1,1,37,0,29,4,2011,6,99,99,0,4,4,ANGELES FOREST HWY,,0,34.50208056,-118.113819440,0,33,0,0,1,1,4,0,3,1,0,1,0,0000000,99,99,99,99,88,88,0,0,0,1,1
6,60593,1,1,0,0,0,1,1,77,0,12,4,2011,3,15,15,0,4,4,PELTIER RD,,0,38.18916111,-121.340625000,0,42,0,0,1,1,4,0,1,1,0,1,0,0000000,99,99,99,99,88,88,0,0,0,1,0
6,60594,1,1,0,0,0,1,1,87,0,12,4,2011,3,16,31,0,2,3,SR-236,,32,37.15199722,-122.160347220,0,1,0,0,1,1,4,0,1,1,0,1,0,0000000,16,31,99,99,88,88,0,0,0,1,0
6,60595,2,2,0,0,0,6,6,77,0,12,4,2011,3,17,30,0,2,3,SR-26,,91,38.01236944,-121.109800000,0,12,2,0,1,1,1,0,1,1,0,1,0,0000000,99,99,99,99,99,99,0,0,0,1,0
6,60596,2,2,0,1,1,1,1,85,3340,13,4,2011,4,0,5,1,11,1,I-880,,33,37.35531944,-121.910352780,0,8,0,0,1,1,1,0,2,10,0,10,0,0000000,99,99,99,99,88,88,19,0,0,1,0
6,60597,2,2,0,0,0,5,5,73,3260,13,4,2011,4,6,20,1,11,1,I-805,,135,32.71835000,-117.102911110,0,12,1,0,1,1,1,0,1,10,0,10,0,0000000,99,99,99,99,99,99,0,0,0,1,0
6,60598,2,2,0,0,0,6,6,107,0,25,4,2011,2,15,25,1,2,3,SR-198,,176,36.32611944,-119.157930560,0,1,0,0,1,1,1,0,1,1,0,1,0,0000000,99,99,99,99,99,99,0,0,0,1,0
6,60599,2,2,0,0,0,3,3,29,0,25,4,2011,2,22,15,1,2,3,SR-58,,684,35.30230000,-118.772411110,0,12,2,0,1,1,1,0,2,1,0,1,0,0000000,99,99,99,99,88,88,0,0,0,3,0
6,60600,1,1,0,2,2,1,1,29,240,26,4,2011,3,9,9,0,15,6,AUBURN ST,,0,35.39788333,-118.933383330,0,33,0,0,1,1,4,0,1,1,0,1,0,0000000,99,99,99,99,99,99,0,0,0,2,0
6,60601,1,1,0,0,0,1,1,19,0,26,4,2011,3,14,14,0,4,4,AUBERRY RD,,0,36.96561111,-119.633550000,0,1,0,0,1,1,4,0,1,1,0,1,0,0000000,99,99,99,99,88,88,0,0,0,1,1
6,60602,2,2,0,0,0,3,3,67,0,26,4,2011,3,15,19,0,2,4,AUBURN BL,COLLEGE OAK DR,0,38.65750000,-121.350591670,0,12,6,0,2,2,1,0,1,1,0,1,0,0000000,99,99,99,99,99,99,0,0,0,1,0
6,60603,1,1,0,0,0,3,3,71,0,26,4,2011,3,20,40,1,2,2,US-395,,726,35.36558056,-117.618011110,0,1,0,0,1,1,1,0,2,1,0,1,0,0000000,99,99,99,99,99,99,0,0,0,2,1
6,60604,2,2,0,0,0,2,2,55,0,27,4,2011,4,0,24,0,4,4,SILVERADO TRL,,0,38.50650000,-122.441761110,0,12,2,0,1,1,1,0,2,1,0,1,0,0000000,99,99,99,99,99,99,0,0,0,1,0
6,60605,1,1,0,1,1,1,1,37,1980,20,4,2011,4,21,0,0,14,6,DE SOTO AVE,,0,34.20504167,-118.588463890,0,9,0,0,1,1,1,0,3,1,0,1,0,0000000,99,99,99,99,99,98,0,0,0,1,0
6,60606,2,1,1,0,1,1,2,37,1980,22,4,2011,6,2,30,0,13,6,SAN FERNANDO RD,,0,34.11235556,-118.243586110,0,14,0,0,1,1,4,0,3,1,0,1,0,0000000,99,99,99,99,88,88,0,0,0,1,0
6,60607,2,2,0,0,0,4,4,29,0,22,4,2011,6,4,30,1,2,3,SR-46,ROWLEE RD,420,35.60108333,-119.473452780,0,12,6,0,2,2,1,0,2,1,0,1,0,0000000,99,99,99,99,99,99,0,0,0,1,0
6,60608,2,2,0,0,0,2,2,73,1200,22,4,2011,6,12,20,0,12,3,SR-78 RAMP,,173,33.13108889,-117.092161110,0,12,6,0,5,1,1,0,1,1,0,1,0,0000000,99,99,99,99,99,99,0,0,0,1,0
6,60609,1,1,0,0,0,1,1,37,1970,23,4,2011,7,5,18,0,14,6,CARSON ST,ORANGE AVE,0,33.83237778,-118.176261110,0,46,0,0,3,2,4,0,4,1,0,1,0,0000000,99,99,99,99,88,88,0,0,0,1,0
6,60610,1,1,0,0,0,4,4,47,0,23,4,2011,7,10,30,0,4,4,LAKE RD,,0,37.33496111,-120.432880560,0,30,0,0,1,1,4,0,1,1,0,1,0,0000000,99,99,99,99,99,99,0,0,0,2,0
6,60611,3,2,1,0,0,4,4,37,1980,24,4,2011,1,17,10,0,13,6,WASHINGTON BL,,0,34.04131667,-118.354383330,0,14,0,0,1,1,2,0,1,1,0,1,0,0000000,99,99,99,99,99,99,0,0,0,1,1
6,60612,3,1,2,1,1,1,1,65,0,25,4,2011,2,10,55,1,1,1,I-15,,318,33.73316111,-117.410230560,0,14,0,0,1,1,2,0,1,1,0,1,0,0000000,99,99,99,99,99,99,15,0,0,1,0
6,60613,1,1,0,0,0,2,2,73,1820,25,4,2011,2,11,27,0,16,6,BROADMOOR PL,BROADMOOR DR,0,32.78730278,-116.993361110,0,33,0,0,8,1,4,0,1,1,0,1,0,0000000,99,99,99,99,88,88,4,0,0,1,0
6,60614,1,1,0,1,1,1,1,73,4060,25,4,2011,2,13,40,0,14,6,E VISTA WY,,0,33.21097222,-117.231072220,0,9,0,0,8,1,1,0,1,1,0,1,0,0000000,99,99,99,99,99,99,16,0,0,1,0
6,60615,1,1,0,0,0,2,2,27,0,9,5,2011,2,14,29,1,2,2,US-395,,429,36.39650278,-118.025330560,0,59,0,0,1,1,3,0,1,10,0,10,0,0000000,99,99,99,99,99,99,0,0,0,1,0