STATE,ST_CASE,VE_TOTAL,VE_FORMS,PVH_INVL,PEDS,PERNOTMVIT,PERMVIT,PERSONS,COUNTY,CITY,DAY,MONTH,YEAR,DAY_WEEK,HOUR,MINUTE,NHS,ROAD_FNC,ROUTE,TWAY_ID,TWAY_ID2,MILEPT,LATITUDE,LONGITUD,SP_JUR,HARM_EV,MAN_COLL,RELJCT1,RELJCT2,TYP_INT,REL_ROAD,WRK_ZONE,LGT_COND,WEATHER1,WEATHER2,WEATHER,SCH_BUS,RAIL,NOT_HOUR,NOT_MIN,ARR_HOUR,ARR_MIN,HOSP_HR,HOSP_MN,CF1,CF2,CF3,FATALS,DRUNK_DR
6,60616,1,1,0,0,0,1,1,71,0,6,5,2011,6,22,26,0,4,4,RABBIT SPRINGS RD,,0,34.45068056,-116.990419440,0,35,0,0,1,1,4,0,2,1,0,1,0,0000000,99,99,99,99,88,88,0,0,0,1,1
6,60617,2,2,0,0,0,2,2,99,0,30,4,2011,7,13,44,0,4,4,W MAIN ST,,0,37.49336111,-121.044138890,0,12,2,0,1,1,1,0,1,1,0,1,0,0000000,99,99,99,99,88,88,0,0,0,1,0
6,60618,1,1,0,0,0,1,1,65,3070,30,4,2011,7,19,50,0,14,6,PROSPECT AVE,OLIVEWOOD AVE,0,33.97181389,-117.376316670,0,33,0,0,3,2,4,0,3,1,0,1,0,0000000,99,99,99,99,99,99,0,0,0,1,1
6,60619,2,2,0,0,0,3,3,85,3340,30,4,2011,7,20,51,0,13,6,W SAN CARLOS ST,,0,37.32448889,-121.900686110,0,12,2,0,1,1,1,0,3,1,0,1,0,0000000,99,99,99,99,99,99,0,0,0,1,1
6,60620,1,1,0,0,0,1,1,89,0,30,4,2011,7,99,99,0,6,4,DESCHUTES RD,,0,40.48942778,-122.238838890,0,38,0,0,1,1,4,0,2,1,0,1,0,0000000,99,99,99,99,88,88,0,0,0,1,1
6,60621,2,2,0,0,0,3,3,71,0,1,5,2011,1,0,23,1,1,1,I-15,,1001,34.98890000,-116.587300000,0,12,1,0,1,1,1,0,2,1,0,1,0,0000000,99,99,99,99,99,99,0,0,0,1,0
6,60622,1,1,0,0,0,1,1,29,0,1,5,2011,1,5,30,1,2,3,SR-99,,325,35.45843056,-119.110011110,0,25,0,0,1,1,3,0,4,1,0,1,0,0000000,99,99,99,99,88,88,0,0,0,1,1
6,60623,1,1,0,0,0,2,2,51,0,9,5,2011,2,17,26,1,2,2,US-395,,416,37.82601111,-119.064722220,0,35,0,0,1,1,4,0,1,10,0,10,0,0000000,17,26,99,99,99,99,0,0,0,1,0
6,60624,2,2,0,0,0,2,2,37,1970,9,5,2011,2,21,6,0,13,6,LONG BEACH BL,HOME ST,0,33.84785833,-118.194263890,0,12,6,0,2,3,1,0,3,1,0,1,0,0000000,99,99,99,99,99,99,0,0,0,1,0
6,60625,1,1,0,1,1,2,2,37,1980,9,5,2011,2,22,0,0,13,6,PICO BL,,0,34.05036944,-118.361536110,0,8,0,0,1,1,1,0,3,2,0,2,0,0000000,99,99,99,99,99,99,0,0,0,1,0
6,60626,2,2,0,0,0,2,2,89,2950,10,5,2011,3,9,53,0,12,3,SR-273,BRANSTETTER LN,131,40.53546667,-122.384777780,0,1,0,0,2,3,1,0,1,1,0,1,0,0000000,99,99,99,99,88,88,0,0,0,1,0
6,60627,1,1,0,0,0,1,1,85,2262,7,4,2011,5,0,22,0,12,3,SR-9,,104,37.23481389,-121.990325000,0,42,0,0,1,1,3,0,2,1,0,1,0,0000000,99,99,99,99,88,88,0,0,0,1,1
6,60628,1,1,0,1,1,1,1,83,0,9,4,2011,7,1,4,1,12,2,US-101,,117,34.42301111,-119.660230560,0,8,0,0,1,1,1,0,2,1,0,1,0,0000000,99,99,99,99,99,99,0,0,0,1,0
6,60629,1,1,0,1,1,1,1,73,3260,9,4,2011,7,1,55,1,11,1,I-8,,79,32.77950000,-117.076769440,0,8,0,0,1,1,1,0,2,1,0,1,0,0000000,99,99,99,99,99,99,19,0,0,1,0
6,60630,1,1,0,0,0,3,3,65,3070,9,4,2011,7,1,57,1,11,1,I-215,,383,33.94403056,-117.292530560,0,33,0,0,1,1,3,0,2,2,0,2,0,0000000,99,99,99,99,99,99,0,0,0,1,1
6,60631,1,1,0,1,1,1,1,89,2950,21,4,2011,5,15,19,0,14,6,VICTOR AVE,,0,40.56075833,-122.339255560,0,8,0,0,1,1,1,0,1,1,0,1,0,0000000,99,99,99,99,99,99,0,0,0,1,0
6,60632,1,1,0,1,1,1,1,47,0,21,4,2011,5,20,4,0,4,4,SCHENDEL RD,,0,37.42868889,-120.777988890,0,8,0,0,1,1,1,0,5,1,0,1,0,0000000,99,99,99,99,99,99,0,0,0,1,0
6,60633,2,2,0,0,0,2,2,29,0,1,4,2011,6,10,35,0,4,4,BENA RD,NEUMARKEL RD,0,35.32813889,-118.789638890,0,12,6,0,2,2,1,0,1,1,0,1,0,0000000,99,99,99,99,99,99,0,0,0,1,0
6,60634,2,2,0,0,0,2,2,25,0,25,4,2011,2,15,50,1,1,1,I-8,,61,32.68098889,-116.092800000,0,24,0,0,1,1,3,0,1,1,0,1,0,0000000,99,99,99,99,99,99,0,0,0,1,0
6,60635,1,1,0,0,0,2,2,75,3290,2,5,2011,2,4,13,0,13,6,MISSION ST,22ND ST,0,37.75547500,-122.418741670,0,33,0,0,3,2,4,0,3,1,0,1,0,0000000,99,99,99,99,99,99,0,0,0,1,1
6,60636,1,1,0,0,0,2,2,19,1370,5,5,2011,5,10,13,0,16,6,MARTY AVE,SELLAND AVE,0,36.82925278,-119.858022220,0,33,0,0,3,3,4,0,1,1,0,1,0,0000000,99,99,99,99,99,99,20,0,0,1,0
6,60637,2,2,0,0,0,2,2,71,0,5,5,2011,5,16,11,0,2,3,SR-247,HAYNES RD,519,34.54268889,-116.945319440,0,12,6,0,2,3,1,0,1,1,0,1,0,0000000,99,99,99,99,88,88,0,0,0,1,1
6,60638,2,2,0,0,0,2,2,19,0,5,5,2011,5,19,15,0,4,4,BETHEL AVE,ROSE AVE,0,36.56868056,-119.574991670,0,12,6,0,2,2,1,0,1,1,0,1,0,0000000,99,99,99,99,99,99,0,0,0,1,0
6,60639,1,1,0,0,0,1,1,73,0,6,5,2011,6,0,3,1,1,1,I-8,,265,32.85118056,-116.808911110,0,33,0,0,1,1,4,0,2,1,0,1,0,0000000,99,99,99,99,88,88,0,0,0,1,1
6,60640,1,1,0,0,0,1,1,37,1980,6,5,2011,6,1,57,0,12,3,SR-110,,300,34.11713889,-118.170000000,0,1,0,0,1,1,1,0,3,1,0,1,0,0000000,99,99,99,99,88,88,0,0,0,1,1
6,60641,1,1,0,0,0,1,1,37,1970,6,5,2011,6,2,15,1,11,1,I-605,,17,33.83066111,-118.083138890,0,33,0,0,1,1,4,0,3,1,0,1,0,0000000,99,99,99,99,88,88,0,0,0,1,0
6,60642,1,1,0,1,1,1,1,75,3290,6,5,2011,6,2,34,0,13,6,MASONIC AVE,TURK ST,0,37.77857222,-122.447047220,0,8,0,0,3,2,1,0,3,1,0,1,0,0000000,99,99,99,99,88,88,0,0,0,1,1
6,60643,1,1,0,1,1,4,4,67,3150,6,5,2011,6,20,30,0,13,6,POWER INN RD,,0,38.53842222,-121.409152780,0,18,0,0,1,1,1,0,3,1,0,1,0,0000000,99,99,99,99,88,88,0,0,0,1,0
6,60644,1,1,0,1,1,1,1,77,0,12,5,2011,5,11,49,0,5,4,DEVRIES RD,KINGDON RD,0,38.10288056,-121.352300000,0,8,0,0,1,1,1,0,1,1,0,1,0,0000000,99,99,99,99,99,99,0,0,0,1,0
6,60645,2,2,0,0,0,4,4,71,260,7,4,2011,5,3,55,1,11,1,I-15,,685,34.85036944,-117.085869440,0,12,1,0,1,1,1,0,3,1,0,1,0,0000000,99,99,99,99,99,99,0,0,0,2,1
6,60646,2,1,1,1,2,1,2,81,463,10,5,2011,3,7,0,1,12,2,US-101,,257,37.69826111,-122.392900000,0,14,0,0,1,1,2,0,1,10,0,10,0,0000000,99,99,99,99,88,88,0,0,0,1,0
6,60647,2,2,0,0,0,3,3,73,3260,10,5,2011,3,15,19,0,15,6,MT AGUILAR DR,MT ALIFAN DR,0,32.81805278,-117.177655560,0,12,6,0,2,3,1,0,1,1,0,1,0,0000000,99,99,99,99,99,99,0,0,0,1,0
6,60648,1,1,0,1,1,1,1,111,4027,11,5,2011,4,18,45,0,14,6,TELEGRAPH RD,MARA AVE,0,34.28191944,-119.187950000,0,9,0,0,3,3,1,0,1,1,0,1,0,0000000,99,99,99,99,88,88,0,0,0,1,1
6,60649,1,1,0,1,1,2,2,29,0,11,5,2011,4,20,50,0,2,4,ROSAMOND BLVD,PARK AVE,0,34.86453056,-118.154011110,0,8,0,0,3,3,1,0,3,1,0,1,0,0000000,99,99,21,5,99,99,0,0,0,1,0
6,60650,3,2,1,0,0,2,2,37,1980,12,5,2011,5,4,15,0,14,6,HILL ST,6TH ST,0,34.04734444,-118.253111110,0,12,6,0,2,2,1,0,3,1,0,1,0,0000000,99,99,99,99,99,99,14,0,0,1,1
6,60651,1,1,0,0,0,1,1,71,0,13,5,2011,6,13,10,1,1,1,I-15,,0,34.27445000,-117.450088890,0,43,0,0,1,1,4,0,1,1,0,1,0,0000000,99,99,99,99,88,88,0,0,0,1,0
6,60652,2,2,0,0,0,2,2,107,0,13,5,2011,6,14,0,0,3,4,AVE 368,RD 80,0,36.45853056,-119.394561110,0,12,6,0,2,2,1,0,1,1,0,1,0,0000000,99,99,99,99,99,99,0,0,0,1,0
6,60653,1,1,0,0,0,1,1,107,0,13,5,2011,6,16,30,0,5,4,DRY CREEK DR,,0,36.45811111,-119.394488890,0,1,0,0,1,1,2,0,1,1,0,1,0,0000000,99,99,99,99,88,88,4,0,0,1,1
6,60654,1,1,0,1,1,1,1,83,1950,13,5,2011,6,20,42,0,12,3,SR-246,J ST,94,34.63900556,-120.460450000,0,8,0,0,3,2,1,0,3,10,0,10,0,0000000,99,99,99,99,99,99,0,0,0,1,0
6,60655,2,2,0,0,0,4,4,45,0,13,5,2011,6,21,0,1,2,2,US-101,HARWOOD RD,689,39.68132222,-123.476402780,0,12,6,0,2,3,1,0,3,10,0,10,0,0000000,99,99,99,99,99,99,0,0,0,1,0
6,60656,1,1,0,0,0,4,4,105,0,13,5,2011,6,22,50,0,5,4,OREGON ST,,0,40.72664444,-122.945450000,0,41,0,0,1,1,4,0,2,1,0,1,0,0000000,22,51,99,99,99,99,0,0,0,1,1
6,60657,2,2,0,0,0,3,3,47,0,7,5,2011,7,9,20,0,2,3,SR-59,,62,37.17383889,-120.491919440,0,12,2,0,1,1,1,0,1,1,0,1,0,0000000,99,99,99,99,99,99,0,0,0,1,1
6,60658,2,2,0,0,0,4,4,71,0,7,5,2011,7,18,50,0,4,4,MIDWAY AVE,,0,34.45202500,-116.902063890,0,12,1,0,1,1,1,0,1,1,0,1,0,0000000,99,99,99,99,88,88,0,0,0,1,1
6,60659,1,1,0,1,1,2,2,67,3150,7,5,2011,7,20,16,0,15,6,CENTER PKWY,ARROYO VISTA,0,38.45999167,-121.429330560,0,8,0,0,3,3,1,0,5,1,0,1,0,0000000,99,99,99,99,88,88,0,0,0,1,0
6,60660,1,1,0,0,0,1,1,47,0,8,5,2011,1,1,20,0,4,4,KELLEY RD,,0,37.34944444,-120.975544440,0,52,0,0,1,1,4,0,2,1,0,1,0,0000000,99,99,99,99,88,88,0,0,0,1,1
6,60661,2,2,0,0,0,3,3,37,1980,8,5,2011,1,2,5,0,13,6,MANCHESTER AVE,FIGUEROA ST,0,33.95995000,-118.282736110,0,12,2,0,2,2,1,0,3,1,0,1,0,0000000,99,99,99,99,99,99,0,0,0,1,0
6,60662,1,1,0,1,1,1,1,85,3340,8,5,2011,1,10,14,0,16,6,PALA RANCH DR,,0,37.36671111,-121.871755560,0,8,0,0,1,1,1,0,1,1,0,1,0,0000000,99,99,99,99,99,99,4,0,0,1,1
6,60663,1,1,0,0,0,1,1,37,0,8,5,2011,1,10,30,0,6,4,SAN FRANCISQUITO RD,,0,34.49651111,-118.541022220,0,1,0,0,1,1,5,0,1,10,0,10,0,0000000,99,99,99,99,88,88,4,0,0,1,0
6,60664,1,1,0,0,0,1,1,53,0,8,5,2011,1,12,10,0,5,4,OLD STAGE RD,,0,36.62595000,-121.529780560,0,1,0,0,1,1,4,0,1,1,0,1,0,0000000,99,99,99,99,88,88,0,0,0,1,0
6,60665,2,2,0,0,0,2,2,67,3150,8,5,2011,1,14,42,0,15,6,TRUXEL RD,ARENA BLVD,0,38.64678333,-121.508841670,0,12,6,0,2,2,1,0,1,1,0,1,0,0000000,99,99,99,99,99,99,0,0,0,1,0
6,60666,1,1,0,1,1,2,2,111,0,9,5,2011,2,11,25,1,2,2,US-101,,273,34.25933611,-119.250305560,0,8,0,0,1,1,1,0,1,1,0,1,0,0000000,99,99,99,99,88,88,0,0,0,1,0
6,60667,3,2,1,0,0,6,6,37,1980,26,3,2011,7,2,25,0,14,6,JAMES M WOOD BLVD,ARDMORE AVE,0,34.05587500,-118.302005560,0,12,6,0,2,2,1,0,3,1,0,1,0,0000000,99,99,99,99,99,99,0,0,0,1,2
6,60668,2,2,0,0,0,4,4,37,480,5,4,2011,3,2,25,1,11,1,I-5,,307,34.19271944,-118.328788890,0,12,7,0,1,1,1,0,3,1,0,1,0,0000000,99,99,99,99,99,99,0,0,0,1,0
6,60669,2,2,0,0,0,3,3,37,1980,5,4,2011,3,7,0,1,1,1,I-10,,400,34.06818056,-117.848175000,0,1,0,0,1,1,1,0,1,1,0,1,0,0000000,99,99,99,99,88,88,0,0,0,1,0
6,60670,1,1,0,0,0,6,6,29,0,5,4,2011,3,16,43,1,2,3,SR-58,,618,35.34477500,-118.874386110,0,1,0,0,1,1,3,0,1,1,0,1,0,0000000,99,99,99,99,99,99,0,0,0,1,0
6,60671,1,1,0,0,0,1,1,37,4120,5,4,2011,3,20,11,0,13,6,AMAR RD,,0,34.02646111,-117.903875000,0,33,0,0,1,1,4,0,3,1,0,1,0,0000000,99,99,99,99,88,88,0,0,0,1,1
6,60672,2,2,0,0,0,4,4,21,0,5,4,2011,3,21,35,0,6,4,COUNTY RD 99,,0,39.58550833,-122.194594440,0,12,2,0,1,1,1,0,2,1,0,1,0,0000000,99,99,99,99,99,99,0,0,0,3,0
6,60673,2,2,0,0,0,2,2,17,0,15,4,2011,6,18,30,0,4,4,PONY EXPRESS TRAIL,,0,38.74449722,-120.656041670,0,12,6,0,1,1,1,0,1,1,0,1,0,0000000,99,99,99,99,99,99,0,0,0,1,1
6,60674,2,2,0,0,0,2,2,73,3260,16,4,2011,7,1,25,1,11,1,I-5,,162,32.72379444,-117.157161110,0,12,2,0,1,1,1,0,3,1,0,1,0,0000000,99,99,99,99,99,99,0,0,0,2,1
6,60675,2,2,0,0,0,3,3,37,1980,16,4,2011,7,1,58,1,1,1,I-605,,153,34.01535278,-118.055325000,0,25,0,0,1,1,3,0,3,1,0,1,0,0000000,99,99,99,99,88,88,0,0,0,1,1
6,60676,2,2,0,0,0,2,2,29,240,16,4,2011,7,4,43,1,12,3,SR-99,,196,35.29601667,-119.030691670,0,12,1,0,1,1,1,0,2,1,0,1,0,0000000,99,99,99,99,99,99,19,0,0,1,0
6,60677,1,1,0,0,0,2,2,29,240,16,4,2011,7,12,48,1,12,3,SR-58 RAMP,,545,35.35162222,-119.002897220,0,33,0,1,5,1,4,0,1,1,0,1,0,0000000,99,99,99,99,99,99,0,0,0,1,1
6,60678,1,1,0,0,0,2,2,19,1370,16,4,2011,7,10,30,1,12,3,SR-180,,584,36.75370000,-119.781838890,0,1,0,0,1,1,1,0,1,1,0,1,0,0000000,99,99,99,99,99,99,0,0,0,1,0
6,60679,1,1,0,0,0,1,1,27,0,16,4,2011,7,15,16,1,2,2,US-395,,906,37.03715000,-118.232397220,0,1,0,0,1,1,3,0,1,1,0,1,0,0000000,99,99,99,99,88,88,0,0,0,1,0
6,60680,1,1,0,0,0,1,1,73,1200,16,4,2011,7,16,20,1,12,3,SR-78,,164,33.12685278,-117.105005560,0,1,0,0,1,1,8,0,1,1,0,1,0,0000000,99,99,99,99,99,99,0,0,0,1,0
6,60681,1,1,0,1,1,2,2,67,0,16,4,2011,7,20,25,1,1,1,I-80,,113,38.65057500,-121.371652780,0,8,0,0,1,1,1,0,3,1,0,1,0,0000000,99,99,99,99,99,99,0,0,0,1,0
6,60682,1,1,0,1,1,1,1,101,4280,16,4,2011,7,21,33,0,14,6,PERCY AVE,WOODBRIDGE AVE,0,39.12356667,-121.613777780,0,8,0,0,2,2,1,0,3,1,0,1,0,0000000,99,99,99,99,99,99,0,0,0,1,0
6,60683,1,1,0,1,1,1,1,53,0,16,4,2011,7,22,5,0,5,4,ESPINOSA RD,,0,36.74808611,-121.718216670,0,8,0,0,1,1,1,0,2,1,0,1,0,0000000,99,99,99,99,88,88,0,0,0,1,0
6,60684,2,1,1,0,0,6,6,59,1842,17,4,2011,1,1,9,0,15,6,WALNUT ST,EXETER CIR,0,33.92170833,-117.950466670,0,33,0,0,2,2,4,0,2,1,0,1,0,0000000,99,99,99,99,99,99,0,0,0,4,1
6,60685,1,1,0,0,0,1,1,1,1364,17,4,2011,1,2,36,1,11,1,I-880,,88,37.54557222,-122.021936110,0,25,0,0,1,1,3,0,2,1,0,1,0,0000000,99,99,99,99,88,88,0,0,0,1,1
6,60686,4,4,0,0,0,4,4,111,0,17,4,2011,1,13,15,0,2,3,SR-33,,458,34.66687500,-119.362980560,0,1,0,0,1,1,1,0,1,1,0,1,0,0000000,99,99,99,99,99,99,0,0,0,1,1
6,60687,2,2,0,0,0,4,4,111,2530,17,4,2011,1,14,19,0,12,3,SR-33,,110,34.43281944,-119.264922220,0,12,2,0,1,1,1,0,1,1,0,1,0,0000000,99,99,99,99,99,99,0,0,0,2,1
6,60688,1,1,0,0,0,4,4,27,0,17,4,2011,1,16,45,0,2,3,SR-190,,1198,36.34688056,-117.304469440,1,43,0,0,1,1,5,0,1,1,0,1,0,0000000,99,99,99,99,99,99,0,0,0,1,1
6,60689,3,1,2,0,0,5,5,15,0,17,4,2011,1,22,30,0,5,4,1ST ST,,0,41.92658889,-124.150127780,0,14,0,0,1,1,7,0,2,2,10,2,0,0000000,99,99,99,99,99,99,0,0,0,1,1
6,60690,1,1,0,1,1,1,1,37,0,18,4,2011,2,1,1,0,16,4,CALIFORNIA ST,PACIFIC BLVD,0,33.97247222,-118.225230560,0,8,0,0,3,4,4,0,3,10,0,10,0,0000000,99,99,99,99,99,99,0,0,0,1,1
6,60691,1,1,0,0,0,4,4,1,20,18,4,2011,2,9,53,1,11,1,I-80,,68,37.87611389,-122.306808330,0,1,0,0,1,1,1,0,1,2,10,2,0,0000000,99,99,99,99,99,99,0,0,0,1,0
6,60692,1,1,0,1,1,1,1,65,0,18,4,2011,2,11,10,0,6,4,GIBBEL RD,,0,33.70291111,-116.960925000,0,8,0,0,1,1,1,0,1,1,0,1,0,0000000,99,99,99,99,88,88,0,0,0,1,0
6,60693,1,1,0,1,1,1,1,85,3440,18,4,2011,2,20,23,0,16,6,FAIR OAKS AVE,,0,37.46266111,-122.199611110,0,8,0,0,1,1,1,0,3,10,0,10,0,0000000,99,99,99,99,88,88,0,0,0,1,0
6,60694,1,1,0,1,1,1,1,107,4050,18,4,2011,2,22,16,0,12,3,SR-63,,95,36.34705000,-119.296905560,0,8,0,0,1,1,1,0,3,1,0,1,0,0000000,99,99,99,99,99,99,0,0,0,1,0
6,60695,1,1,0,0,0,1,1,25,0,19,4,2011,3,10,21,0,6,4,BORREGO SALTON SWY,,0,33.27308889,-115.982525000,0,17,0,0,1,1,5,0,1,1,0,1,0,0000000,99,99,99,99,99,99,0,0,0,1,1
6,60696,1,1,0,0,0,2,2,37,1980,20,4,2011,4,12,0,1,11,1,I-5 RAMP,,443,34.31756667,-118.490630560,0,25,0,1,5,1,3,0,1,1,0,1,0,0000000,99,99,99,99,99,99,0,0,0,1,0
6,60697,1,1,0,1,1,3,3,85,3340,1,5,2011,1,9,43,0,16,6,SNELL AVE,ROADING DR,0,37.24284444,-121.830700000,0,8,0,0,3,2,4,0,1,1,0,1,0,0000000,99,99,99,99,99,99,0,0,0,1,1
6,60698,1,1,0,1,1,3,3,1,10,1,5,2011,1,16,56,0,15,6,MECARTNEY RD,W IRONWOOD RD,0,37.73688611,-122.244775000,0,8,0,0,2,2,1,0,1,1,0,1,0,0000000,99,99,99,99,99,99,0,0,0,1,1
6,60699,2,2,0,0,0,2,2,73,3499,4,5,2011,4,8,40,0,12,3,SR-52,,156,32.83862778,-117.000847220,0,12,1,0,1,1,1,0,1,1,0,1,0,0000000,99,99,99,99,99,99,0,0,0,1,0
6,60700,1,1,0,0,0,3,3,37,0,18,4,2011,2,12,35,0,5,4,AVE O,,0,34.61653611,-117.899219440,0,1,0,0,1,1,1,0,1,1,0,1,0,0000000,99,99,99,99,99,99,0,0,0,1,0
6,60701,1,1,0,0,0,1,1,17,0,25,2,2011,6,8,40,0,4,4,LATROBE RD,,0,38.58897500,-121.011197220,0,42,0,0,1,1,2,0,1,2,10,2,0,0000000,99,99,99,99,99,99,0,0,0,1,0
6,60702,2,2,0,0,0,2,2,71,3970,1,3,2011,3,18,26,0,14,6,TWO MILE RD,ENCELIA AVE,0,34.14968611,-116.098363890,0,12,6,0,2,2,1,0,3,1,0,1,0,0000000,99,99,99,99,88,88,0,0,0,1,0
6,60703,3,3,0,0,0,3,3,59,1410,6,3,2011,1,17,30,1,12,3,SR-22,,10,33.77442778,-118.033966670,0,25,0,0,1,1,3,0,1,1,0,1,0,0000000,99,99,99,99,99,99,0,0,0,1,1
6,60704,5,5,0,0,0,6,6,71,680,16,3,2011,4,13,30,1,12,3,SR-60,,6,34.00756111,-117.420802780,0,12,7,0,1,1,1,0,1,1,0,1,0,0000000,99,99,99,99,99,99,0,0,0,2,0
6,60705,1,1,0,0,0,1,1,65,2327,26,3,2011,7,2,53,1,12,3,SR-71,,71,33.58535278,-117.130788890,0,24,0,0,1,1,3,0,2,10,0,10,0,0000000,99,99,99,99,88,88,0,0,0,1,0
6,60706,1,1,0,0,0,3,3,71,2350,30,3,2011,4,18,42,0,15,6,RIVER RD,,0,34.83913056,-114.593344440,0,42,0,0,1,1,5,0,1,1,0,1,0,0000000,99,99,99,99,88,88,0,0,0,3,0
6,60707,1,1,0,0,0,1,1,17,0,1,4,2011,6,22,1,0,5,4,WENTWORTH SPRINGS RD,,0,38.92282222,-120.812572220,0,24,0,0,1,1,4,0,2,1,0,1,0,0000000,99,99,99,99,88,88,0,0,0,1,1
6,60708,2,2,0,1,1,4,4,59,9997,2,4,2011,7,1,20,1,11,1,I-5,,197,33.62572500,-117.717938890,0,8,0,0,1,1,1,0,3,1,0,1,0,0000000,99,99,99,99,88,88,0,0,0,1,0
6,60709,1,1,0,0,0,1,1,91,0,3,4,2011,1,15,0,0,6,4,OLD BOAT RAMP RD,,0,39.61522222,-120.604016670,0,1,0,0,1,1,5,0,1,1,0,1,0,0000000,99,99,99,99,88,88,0,0,0,1,1
6,60710,2,1,1,0,1,1,2,59,2199,5,4,2011,3,1,26,1,11,1,I-5,,155,33.58426111,-117.671836110,0,14,0,0,1,1,8,0,3,10,0,10,0,0000000,99,99,99,99,88,88,0,0,0,1,0
6,60711,2,2,0,0,0,2,2,29,0,8,4,2011,6,9,8,0,6,4,CHERRY AVE,BURBANK ST,0,35.47066111,-119.243116670,0,12,6,0,2,2,1,0,1,10,0,10,0,0000000,99,99,99,99,99,99,0,0,0,1,0
6,60712,1,1,0,1,1,1,1,77,3770,9,4,2011,7,2,39,0,14,6,OLD HWY,PARK ST,0,37.95496944,-121.324644440,0,9,0,0,1,1,1,0,2,1,0,1,0,0000000,99,99,99,99,99,99,0,0,0,1,0
6,60713,1,1,0,1,1,1,1,59,3420,22,4,2011,6,0,1,0,13,6,WARNER AVE,,0,33.71590000,-117.856100000,0,8,0,0,1,1,1,0,2,1,0,1,0,0000000,99,99,99,99,99,99,0,0,0,1,0
6,60714,1,1,0,1,1,2,2,73,4060,22,4,2011,6,0,35,1,12,3,SR-78,,72,33.18676944,-117.234980560,0,8,0,0,1,1,1,0,2,1,0,1,0,0000000,99,99,99,99,88,88,19,0,0,1,0
6,60715,1,1,0,0,0,2,2,17,0,23,4,2011,7,0,23,0,3,4,PLEASANT VALLEY RD,,0,38.68166111,-120.860669440,0,35,0,0,1,1,4,0,2,1,0,1,0,0000000,99,99,99,99,99,99,0,0,0,1,1
6,60716,1,1,0,0,0,1,1,37,1980,23,4,2011,7,1,5,1,12,3,SR-110,,241,34.06546944,-118.242630560,0,30,0,0,1,1,4,0,3,1,0,1,0,0000000,99,99,99,99,88,88,0,0,0,1,1
6,60717,1,1,0,0,0,1,1,37,1980,23,4,2011,7,3,20,1,12,2,US-101,,161,34.15758889,-118.453061110,0,52,0,0,1,1,4,0,3,1,0,1,0,0000000,99,99,99,99,99,99,0,0,0,1,1
6,60718,1,1,0,0,0,2,2,39,0,2,5,2011,2,5,20,0,4,4,AVE 7,,0,36.85091111,-120.264000000,0,43,0,0,1,1,4,0,2,1,0,1,0,0000000,99,99,99,99,99,99,0,0,0,1,0
6,60719,1,1,0,0,0,1,1,77,0,2,5,2011,2,19,45,0,5,4,ACAMPO RD,,0,38.17471944,-121.275850000,0,42,0,0,1,1,4,0,1,1,0,1,0,0000000,99,99,99,99,88,88,0,0,0,1,1
6,60720,3,3,0,0,0,10,10,81,463,5,2,2011,7,3,5,1,12,2,US-101,,236,37.67468333,-122.389472220,0,12,1,0,1,1,1,0,2,1,0,1,0,0000000,99,99,99,99,99,99,19,0,0,1,1
6,60721,2,2,0,0,0,7,7,65,0,23,2,2011,4,0,47,0,3,4,STETSON AVE,CORNELL ST,0,33.72951389,-116.941133330,0,12,6,0,2,2,1,0,2,1,0,1,0,0000000,99,99,99,99,99,99,0,0,0,2,0
6,60722,1,1,0,1,1,1,1,73,3260,27,2,2011,1,6,25,1,11,1,I-805 RAMP,,158,32.74736111,-117.120900000,0,33,0,0,5,1,8,0,1,1,0,1,0,0000000,99,99,99,99,99,99,0,0,0,1,1
6,60723,2,2,0,0,0,3,3,59,470,7,3,2011,2,20,51,0,13,6,LA PALMA AVE,,0,33.84676944,-117.982038890,0,12,2,0,1,1,1,0,3,1,0,1,0,0000000,99,99,99,99,99,99,0,0,0,1,1
6,60724,1,1,0,1,1,1,1,85,3520,3,1,2011,2,17,51,0,14,6,SARATOGA AVE,CRESTBROOK DR,0,37.26994722,-122.016686110,0,8,0,0,3,3,1,0,2,1,0,1,0,0000000,99,99,99,99,99,99,0,0,0,1,0
6,60725,1,1,0,0,0,1,1,113,980,9,1,2011,1,4,19,0,15,6,W 8TH ST,MILLER DR,0,38.55066944,-121.748847220,0,42,0,0,3,2,4,0,3,10,0,10,0,0000000,99,99,99,99,88,88,0,0,0,1,1
6,60726,2,2,0,0,0,5,5,59,2199,9,1,2011,1,4,30,1,11,1,I-5,,145,33.57050000,-117.671580560,0,12,7,0,1,1,1,0,2,10,0,10,0,0000000,99,99,99,99,99,99,0,0,0,1,0
6,60727,1,1,0,1,1,3,3,37,0,9,1,2011,1,11,14,0,5,4,GLENDORA MTN RD,,0,34.16928056,-117.847600000,0,9,0,0,1,1,1,0,1,10,0,10,0,0000000,99,99,99,99,99,99,0,0,0,1,0