STATE,ST_CASE,VE_TOTAL,VE_FORMS,PVH_INVL,PEDS,PERNOTMVIT,PERMVIT,PERSONS,COUNTY,CITY,DAY,MONTH,YEAR,DAY_WEEK,HOUR,MINUTE,NHS,ROAD_FNC,ROUTE,TWAY_ID,TWAY_ID2,MILEPT,LATITUDE,LONGITUD,SP_JUR,HARM_EV,MAN_COLL,RELJCT1,RELJCT2,TYP_INT,REL_ROAD,WRK_ZONE,LGT_COND,WEATHER1,WEATHER2,WEATHER,SCH_BUS,RAIL,NOT_HOUR,NOT_MIN,ARR_HOUR,ARR_MIN,HOSP_HR,HOSP_MN,CF1,CF2,CF3,FATALS,DRUNK_DR
6,60728,2,2,0,0,0,2,2,59,1410,14,1,2011,6,13,30,1,12,3,SR-22,,40,33.77095000,-117.985261110,0,12,7,0,1,1,1,0,1,1,0,1,0,0000000,99,99,99,99,99,99,0,0,0,1,0
6,60729,1,1,0,0,0,1,1,89,0,30,1,2011,1,1,55,0,5,4,PARKVILLE RD,,0,40.46278611,-122.191402780,0,30,0,0,1,1,4,0,6,2,0,2,0,0000000,99,99,99,99,88,88,0,0,0,1,1
6,60730,2,2,0,0,0,5,5,13,0,13,2,2011,1,14,50,0,4,4,MARSH CREEK RD,,0,37.92142500,-121.902097220,0,12,6,0,8,1,1,0,1,1,0,1,0,0000000,99,99,99,99,99,99,0,0,0,1,0
6,60731,2,2,0,0,0,2,2,71,2922,13,2,2011,1,22,11,1,11,1,I-15,,53,34.10643056,-117.532155560,0,12,1,0,1,1,1,0,2,1,0,1,0,0000000,99,99,99,99,99,99,0,0,0,1,0
6,60732,2,2,0,0,0,2,2,71,1305,13,2,2011,1,22,35,1,2,2,US-66,,123,34.10651111,-117.451227780,0,12,6,0,8,1,1,0,3,1,0,1,0,0000000,99,99,99,99,99,99,0,0,0,1,0
6,60733,2,2,0,0,0,3,3,71,4291,18,2,2011,6,9,42,1,12,3,SR-62,LA CONTENTA RD,151,34.13473611,-116.369741670,0,12,6,0,2,2,1,0,1,1,0,1,0,0000000,99,99,99,99,99,99,0,0,0,1,0
6,60734,1,1,0,0,0,1,1,35,0,10,4,2011,1,21,45,1,4,4,COUNTY RD A26,COUNTY RD A25,0,40.14400556,-120.163597220,0,39,0,0,3,3,4,0,2,1,0,1,0,0000000,99,99,99,99,88,88,0,0,0,1,1
6,60735,1,1,0,0,0,2,2,111,0,21,4,2011,5,1,5,0,5,4,STOCKTON RD,,0,34.29278889,-118.947800000,0,42,0,0,1,1,4,0,2,1,0,1,0,0000000,99,99,99,99,99,99,0,0,0,1,1
6,60736,1,1,0,1,1,1,1,37,306,3,5,2011,3,17,58,0,13,6,FLORENCE AVE,,0,33.96456667,-118.150297220,0,8,0,0,4,1,1,0,1,10,0,10,0,0000000,99,99,99,99,99,99,0,0,0,1,0
6,60737,2,2,0,0,0,2,2,37,1980,12,5,2011,5,15,45,0,13,6,RIVERSIDE DR,STADIUM WY,0,34.09553889,-118.244680560,0,12,6,0,2,2,1,0,1,1,0,1,0,0000000,99,99,99,99,99,99,0,0,0,1,0
6,60738,1,1,0,0,0,1,1,113,0,12,5,2011,5,99,99,0,4,4,COUNTY RD 29,COUNTY RD 100A,0,38.59007778,-121.755569440,0,30,0,0,1,1,4,0,2,1,0,1,0,0000000,99,99,99,99,88,88,0,0,0,1,0
6,60739,2,2,0,1,1,3,3,59,470,29,4,2011,6,22,20,1,12,3,SR-91,,21,33.85590000,-118.007230560,0,8,0,0,1,1,1,0,3,1,0,1,0,0000000,99,99,99,99,88,88,0,0,0,1,0
6,60740,1,1,0,0,0,1,1,59,2560,1,5,2011,1,2,5,0,13,6,W ORANGE AVE,,0,33.79574444,-117.873066670,0,33,0,0,1,1,4,0,3,1,0,1,0,0000000,99,99,99,99,88,88,0,0,0,1,1
6,60741,1,1,0,1,1,1,1,29,0,1,5,2011,1,20,15,1,2,3,SR-58,MAHER WY,463,35.38345000,-119.142400000,0,8,0,0,2,3,1,0,3,1,0,1,0,0000000,99,99,99,99,88,88,0,0,0,1,0
6,60742,2,2,0,0,0,2,2,65,612,1,5,2011,1,23,5,1,11,1,I-10,,387,33.85661944,-116.471169440,0,12,7,0,1,1,1,0,2,1,0,1,0,0000000,99,99,99,99,99,99,0,0,0,1,1
6,60743,1,1,0,0,0,2,2,13,3400,2,5,2011,2,2,45,1,11,1,I-80,,46,37.95961111,-122.330616670,0,59,0,0,1,1,4,0,2,1,0,1,0,0000000,99,99,99,99,99,99,0,0,0,2,0
6,60744,1,1,0,1,1,2,2,71,4040,3,5,2011,3,20,33,0,14,6,3RD AVE,,0,34.50046389,-117.303813890,0,8,0,0,1,1,1,0,2,1,0,1,0,0000000,99,99,99,99,88,88,0,0,0,1,0
6,60745,1,1,0,1,1,1,1,65,1003,4,5,2011,4,7,47,0,14,6,PALM DR,4TH ST,0,33.96512778,-116.501352780,0,33,0,0,3,2,4,0,1,1,0,1,0,0000000,99,99,99,99,99,99,0,0,0,1,0
6,60746,2,2,0,0,0,4,4,99,0,6,5,2011,6,17,25,0,4,4,TULLY RD,,0,37.72881111,-121.013469440,0,12,6,0,1,1,1,0,1,1,0,1,0,0000000,99,99,99,99,99,99,0,0,0,1,0
6,60747,2,2,0,0,0,3,3,65,0,6,5,2011,6,23,50,0,6,4,GLENOAKS RD,,0,33.55230000,-117.016000000,0,12,2,0,1,1,1,0,2,1,0,1,0,0000000,99,99,99,99,88,88,0,0,0,2,1
6,60748,2,2,0,0,0,2,2,47,2150,13,5,2011,6,7,53,0,14,6,GROGAN AVE,,0,37.29178333,-120.515069440,0,12,6,0,8,1,1,0,1,1,0,1,1,0000000,99,99,99,99,88,88,0,0,0,1,0
6,60749,1,1,0,0,0,1,1,59,2945,18,4,2011,2,19,29,1,11,3,SR-241,,191,33.48418611,-117.668186110,0,35,0,0,1,1,3,0,5,10,0,10,0,0000000,99,99,99,99,99,99,0,0,0,1,0
6,60750,2,2,0,0,0,3,3,37,0,15,4,2011,6,23,31,1,1,1,I-405,,200,33.91222778,-118.370358330,0,1,0,0,1,1,1,1,3,1,0,1,0,0000000,99,99,99,99,99,99,0,0,0,1,0
6,60751,2,2,0,0,0,3,3,1,2480,14,4,2011,5,19,58,1,11,1,I-880,,343,37.48576944,-122.175838890,0,12,1,0,1,1,1,0,5,1,0,1,0,0000000,99,99,99,99,99,99,0,0,0,1,1
6,60752,1,1,0,1,1,1,1,37,0,26,4,2011,3,22,20,0,4,4,96TH ST E,,0,34.54745833,-117.958133330,0,8,0,0,1,1,1,0,2,1,0,1,0,0000000,99,99,99,99,88,88,0,0,0,1,0
6,60753,1,1,0,0,0,1,1,37,720,27,4,2011,4,11,30,0,12,3,SR-210,,516,34.11999444,-117.700663890,0,33,0,0,1,1,4,0,1,1,0,1,0,0000000,99,99,99,99,88,88,0,0,0,1,0
6,60754,1,1,0,0,0,1,1,37,3445,14,5,2011,7,1,45,0,14,6,SIERRA HWY,,0,33.86808056,-117.879075000,0,58,0,0,1,1,5,0,2,1,0,1,0,0000000,99,99,99,99,88,88,0,0,0,1,1
6,60755,3,3,0,1,1,3,3,67,3150,14,5,2011,7,2,1,1,1,1,I-80,,36,38.56673889,-121.504127780,0,8,0,0,1,1,1,0,2,1,0,1,0,0000000,99,99,99,99,88,88,19,0,0,1,0
6,60756,2,2,0,1,1,2,2,93,0,14,5,2011,7,8,45,0,6,4,ELLER LANE,,0,41.51951111,-122.848863890,0,8,0,0,1,1,1,0,1,1,0,1,0,0000000,99,99,99,99,99,99,0,0,0,1,0
6,60757,1,1,0,0,0,1,1,93,0,14,5,2011,7,14,30,0,6,4,FOREST SERVICE RD,,0,41.58585278,-121.909894440,0,42,0,0,1,1,5,0,1,1,0,1,0,0000000,99,99,99,99,88,88,0,0,0,1,0
6,60758,2,2,0,0,0,2,2,71,0,14,5,2011,7,16,45,0,2,2,US-395,,605,35.19545000,-117.598230560,0,12,2,0,1,1,1,0,1,1,0,1,0,0000000,99,99,99,99,99,99,0,0,0,1,1
6,60759,1,1,0,0,0,1,1,37,2458,3,5,2011,3,0,5,1,12,3,SR-91,,177,33.87631944,-118.090061110,0,42,0,0,1,1,4,0,3,1,0,1,0,0000000,99,99,99,99,88,88,0,0,0,1,0
6,60760,2,2,0,1,1,5,5,67,3150,15,5,2011,1,1,8,0,13,6,MARYSVILLE BL,ROANOKE AVE,0,38.63473333,-121.430275000,0,8,0,0,3,2,1,0,3,2,0,2,0,0000000,99,99,99,99,88,88,0,0,0,1,0
6,60761,1,1,0,1,1,1,1,71,0,15,5,2011,1,1,28,0,3,4,VALLEY BLVD,MAGNOLIA AVE,0,33.90170833,-117.479619440,0,8,0,0,3,2,1,0,3,1,0,1,0,0000000,99,99,99,99,88,88,0,0,0,1,0
6,60762,2,2,0,1,1,2,2,19,3590,5,2,2011,7,21,55,0,16,6,MILL ST,,0,36.56686111,-119.608636110,0,8,0,0,1,1,1,0,3,1,0,1,0,0000000,99,99,99,99,88,88,0,0,0,1,0
6,60763,1,1,0,2,2,1,1,37,0,11,2,2011,6,23,58,0,3,4,133RD ST,ALAMEDA ST,0,33.91141944,-118.222900000,0,8,0,0,3,3,1,0,3,1,0,1,0,0000000,99,99,99,99,99,99,0,0,0,1,0
6,60764,1,1,0,0,0,3,3,13,2090,12,2,2011,7,21,19,1,12,3,SR-4 RAMP,,125,37.99525000,-122.067213890,0,39,0,0,5,1,4,0,2,1,0,1,0,0000000,99,99,99,99,99,99,0,0,0,1,1
6,60765,2,2,0,0,0,2,2,71,3210,4,5,2011,4,20,44,0,12,3,SR-18,,119,34.29459444,-116.798313890,0,12,2,0,1,1,1,0,2,1,0,1,0,0000000,99,99,99,99,88,88,0,0,0,1,1
6,60766,2,1,1,0,0,4,4,73,1820,5,5,2011,5,9,18,0,16,6,GLENIRA AVE,,0,32.76524167,-117.007475000,0,33,0,0,4,1,4,0,1,98,0,98,0,0000000,99,99,99,99,99,99,0,0,0,1,0
6,60767,2,2,0,0,0,2,2,73,3260,11,5,2011,4,1,29,1,11,1,I-5,,46,32.58243889,-117.086980560,0,12,1,0,1,1,1,0,3,10,0,10,0,0000000,99,99,99,99,88,88,0,0,0,1,1
6,60768,2,2,0,0,0,2,2,29,0,12,5,2011,5,22,12,1,1,1,I-5,,753,35.64551111,-119.674711110,0,12,1,0,1,1,1,0,2,1,0,1,0,0000000,99,99,99,99,88,88,0,0,0,1,0
6,60769,2,1,1,0,0,1,1,75,3290,22,5,2011,1,1,38,0,15,6,JUDAH ST,40TH AVE,0,37.76066389,-122.499488890,0,25,0,0,3,2,3,0,3,1,0,1,0,0000000,99,99,99,99,88,88,0,0,0,1,1
6,60770,1,1,0,0,0,1,1,71,0,23,5,2011,2,14,35,0,4,4,NATIONAL TRAILS HWY,,0,34.39991111,-115.068438890,0,1,0,0,1,1,1,0,1,1,0,1,0,0000000,99,99,99,99,88,88,0,0,0,1,0
6,60771,2,2,0,0,0,3,3,37,1980,24,5,2011,3,12,15,0,13,6,MAIN ST,MARTIN LUTHER KING,0,34.01097778,-118.274066670,0,12,2,0,2,2,1,0,1,1,0,1,0,0000000,99,99,99,99,99,99,0,0,0,1,0
6,60772,2,2,0,0,0,2,2,37,1980,24,5,2011,3,12,40,0,14,6,7TH ST,ANDERSON ST,0,34.03440833,-118.223222220,0,33,0,0,3,3,4,0,1,1,0,1,0,0000000,99,99,99,99,88,88,0,0,0,1,0
6,60773,1,1,0,0,0,1,1,47,0,24,5,2011,3,17,15,1,2,3,SR-152,,44,37.09713889,-121.151011110,0,35,0,0,1,1,4,0,1,1,0,1,0,0000000,99,99,99,99,88,88,0,0,0,1,0
6,60774,1,1,0,1,1,1,1,37,1980,24,5,2011,3,21,15,0,13,6,LAUREL CANYON BL,,0,34.13495556,-118.392105560,0,8,0,0,1,1,1,0,3,1,0,1,0,0000000,99,99,99,99,88,88,0,0,0,1,0
6,60775,2,2,0,0,0,6,6,29,0,24,5,2011,3,22,10,0,2,3,SR-184,,82,35.35606111,-118.914111110,0,12,6,0,8,1,1,0,3,1,0,1,0,0000000,99,99,99,99,99,99,0,0,0,1,0
6,60776,1,1,0,1,1,1,1,75,3290,25,5,2011,4,1,18,1,12,2,US-101,,75,37.79938333,-122.439183330,0,8,0,0,1,1,1,0,3,1,0,1,0,0000000,99,99,99,99,99,99,0,0,0,1,0
6,60777,1,1,0,1,1,1,1,29,240,4,5,2011,4,0,29,0,14,6,S H ST,,0,35.30938333,-119.021319440,0,8,0,0,1,1,1,0,2,1,0,1,0,0000000,99,99,99,99,88,88,0,0,0,1,0
6,60778,1,1,0,0,0,1,1,67,0,7,5,2011,7,2,16,0,6,4,HEDGE AVE,,0,38.49473889,-121.362511110,0,42,0,0,1,1,4,0,2,10,0,10,0,0000000,99,99,2,23,88,88,4,0,0,1,1
6,60779,1,1,0,1,1,1,1,73,3260,24,5,2011,3,2,35,0,13,6,CLAIREMONT MESA BLVD,500 CONVOY ST,0,32.83274444,-117.153280560,0,8,0,0,3,2,1,0,2,1,0,1,0,0000000,99,99,99,99,88,88,0,0,0,1,1
6,60780,3,3,0,0,0,5,5,95,1260,25,5,2011,4,23,20,0,14,6,CEMENT HILL RD,ELMHURST CIR,0,38.27635000,-122.031905560,0,12,2,0,2,3,1,0,3,1,0,1,0,0000000,99,99,99,99,99,99,0,0,0,1,1
6,60781,1,1,0,0,0,2,2,61,0,26,5,2011,5,3,0,0,4,4,FOOTHILLS BLVD,,0,38.82988056,-121.325700000,0,1,0,0,1,1,1,0,2,10,0,10,0,0000000,99,99,99,99,88,88,0,0,0,2,0
6,60782,2,2,0,0,0,2,2,37,1980,26,5,2011,5,3,50,0,13,6,AVALON BLVD,112TH ST,0,33.93290000,-118.265208330,0,12,2,0,3,3,1,0,3,10,0,10,0,0000000,99,99,99,99,99,99,0,0,0,1,0
6,60783,2,2,0,0,0,2,2,45,0,26,5,2011,5,11,20,0,6,4,SHERWOOD RD,,0,39.25281111,-123.215900000,0,12,2,0,1,1,1,0,1,10,0,10,0,0000000,99,99,99,99,99,99,0,0,0,1,0
6,60784,1,1,0,1,1,1,1,103,0,26,5,2011,5,15,10,0,3,4,SOUTH AVE,MARY AVE,0,39.90600000,-122.150630560,0,9,0,0,2,3,1,0,1,1,0,1,0,0000000,99,99,99,99,88,88,0,0,0,1,0
6,60785,2,2,0,0,0,2,2,107,0,26,5,2011,5,15,30,0,4,4,AVE 56,RD 208,0,35.89178333,-119.107852780,0,12,6,0,2,2,1,0,1,1,0,1,0,0000000,99,99,99,99,99,99,0,0,0,1,1
6,60786,3,3,0,0,0,3,3,65,0,26,5,2011,5,16,10,0,4,4,CAJALCO RD,,0,33.82832222,-117.483072220,0,12,2,0,1,1,1,0,1,1,0,1,0,0000000,99,99,99,99,99,99,0,0,0,1,1
6,60787,1,1,0,0,0,1,1,65,2650,18,3,2011,6,23,54,0,14,6,SOUTH PALM CANYON RD,,0,33.80961111,-116.545111110,0,33,0,0,1,1,4,0,3,1,0,1,0,0000000,99,99,99,99,88,88,20,0,0,1,0
6,60788,2,2,0,0,0,4,4,71,4040,2,4,2011,7,0,16,0,14,6,VILLAGE DR,,0,34.54813611,-117.337716670,0,12,2,0,1,1,1,0,2,1,0,1,0,0000000,99,99,99,99,99,99,0,0,0,1,0
6,60789,2,2,0,0,0,2,2,71,4040,24,4,2011,1,19,43,0,12,3,SR-18,,962,34.54060556,-117.298386110,0,12,7,0,1,1,1,0,3,1,0,1,0,0000000,99,99,99,99,99,99,0,0,0,1,1
6,60790,1,1,0,0,0,1,1,29,0,15,5,2011,1,17,10,0,6,4,BANDUCCI RD,,0,35.09628056,-118.541230560,0,35,0,0,1,1,4,0,1,10,0,10,0,0000000,99,99,99,99,88,88,0,0,0,1,1
6,60791,1,1,0,1,1,1,1,71,1305,15,5,2011,1,22,54,0,13,6,SIERRA AVE,,0,34.15503611,-117.436252780,0,8,0,0,1,1,1,0,2,1,0,1,0,0000000,99,99,99,99,99,99,0,0,0,1,0
6,60792,3,1,2,2,2,1,1,37,2870,16,5,2011,2,3,14,1,12,3,SR-60,,294,34.02318889,-117.747738890,0,14,0,0,1,1,2,0,2,1,0,1,0,0000000,99,99,99,99,88,88,14,0,0,2,0
6,60793,1,1,0,1,1,3,3,1,10,16,5,2011,2,15,53,0,15,6,SANTA CLARA AVE,EVERETT ST,0,37.76430278,-122.240119440,0,9,0,0,3,2,1,0,1,2,0,2,0,0000000,99,99,99,99,99,99,0,0,0,1,0
6,60794,2,2,0,0,0,3,3,71,0,16,5,2011,2,17,45,0,4,4,N MOUNTAIN AVE,YUCCA DR,0,34.15933056,-117.256827780,0,12,2,0,2,2,1,0,1,10,0,10,0,0000000,99,99,99,99,99,99,0,0,0,1,0
6,60795,1,1,0,0,0,1,1,83,0,16,5,2011,2,22,32,0,2,3,SR-154,,300,34.48943889,-119.782011110,0,33,0,0,1,1,4,0,2,2,0,2,0,0000000,99,99,99,99,88,88,0,0,0,1,0
6,60796,1,1,0,0,0,1,1,39,0,15,5,2011,1,15,52,1,2,3,SR-99,,229,37.08603056,-120.211761110,0,1,0,0,1,1,3,0,1,10,0,10,0,0000000,99,99,99,99,99,99,0,0,0,1,0
6,60797,1,1,0,1,1,5,5,37,0,15,5,2011,1,17,34,0,6,4,POPLAR PL,,0,33.96091111,-118.226319440,0,8,0,0,1,1,1,0,1,1,0,1,0,0000000,99,99,99,99,99,99,0,0,0,1,1
6,60798,1,1,0,0,0,1,1,37,2700,21,5,2011,7,16,0,0,12,3,SR-2,,542,34.35063889,-117.931238890,0,38,0,0,1,1,1,0,1,1,0,1,0,0000000,99,99,99,99,88,88,0,0,0,1,1
6,60799,1,1,0,0,0,1,1,37,4069,21,5,2011,7,17,24,0,13,6,TMEPLE AVE,,0,34.04780556,-117.834172220,0,33,0,0,1,1,4,0,1,1,0,1,0,0000000,99,99,99,99,99,99,0,0,0,1,0
6,60800,1,1,0,0,0,1,1,65,0,22,5,2011,1,99,99,0,5,4,18TH AVE,,0,33.57366111,-114.613311110,0,3,0,0,1,1,5,0,5,1,0,1,0,0000000,99,99,99,99,99,99,0,0,0,1,1
6,60801,1,1,0,1,1,1,1,1,2480,23,5,2011,2,0,28,1,11,1,I-880,,287,37.77465000,-122.232613890,0,8,0,0,1,1,1,0,3,1,0,1,0,0000000,99,99,99,99,88,88,0,0,0,1,0
6,60802,1,1,0,0,0,2,2,37,4120,18,3,2011,6,2,0,0,15,6,E CORTEZ ST,,0,34.06477222,-117.884686110,0,59,0,0,1,1,4,0,3,1,0,1,0,0000000,99,99,99,99,99,99,0,0,0,1,1
6,60803,1,1,0,1,1,2,2,23,1220,13,4,2011,4,21,17,0,13,6,BROADWAY ST,,0,40.78845833,-124.180105560,0,8,0,0,1,1,1,0,3,1,0,1,0,0000000,99,99,99,99,99,99,0,0,0,1,0
6,60804,1,1,0,5,5,1,1,99,640,9,2,2011,4,8,58,0,15,6,FOWLER RD,DARWIN AVE,0,37.60198611,-120.944580560,0,8,0,0,2,3,1,0,1,1,0,1,0,0000000,99,99,99,99,99,99,0,0,0,1,0
6,60805,1,1,0,0,0,3,3,113,0,12,3,2011,7,4,35,0,2,3,SR-16,SECOND ST,254,38.70830000,-122.054058330,0,59,0,0,2,3,2,0,2,1,0,1,0,0000000,99,99,99,99,99,99,0,0,0,2,0
6,60806,1,1,0,1,1,1,1,37,810,22,4,2011,6,17,13,0,16,6,ARBUTUS ST,,0,33.89918333,-118.234730560,0,9,0,0,1,1,1,0,1,1,0,1,0,0000000,99,99,99,99,99,99,0,0,0,1,1
6,60807,2,2,0,0,0,2,2,37,1716,27,4,2011,4,2,35,1,11,1,I-210,,371,34.13092778,-117.946991670,0,12,6,0,1,1,1,4,3,1,0,1,0,0000000,99,99,99,99,99,99,19,0,0,1,1
6,60808,1,1,0,0,0,1,1,73,0,1,5,2011,1,99,99,0,2,3,SR-94,,605,32.65115000,-116.353672220,0,35,0,0,1,1,5,0,1,1,0,1,0,0000000,99,99,99,99,88,88,0,0,0,1,0
6,60809,2,2,0,0,0,2,2,59,80,3,5,2011,3,7,45,1,12,3,SR-91,,121,33.85848056,-117.781191670,0,12,1,0,1,1,1,0,1,1,0,1,0,0000000,99,99,99,99,99,99,0,0,0,1,0
6,60810,2,2,0,1,1,3,3,37,1980,3,5,2011,3,22,10,0,13,6,SLAUSON AVE,ALVISO AVE,0,33.98892500,-118.343980560,0,8,0,0,2,2,1,0,3,1,0,1,0,0000000,99,99,99,99,99,99,0,0,0,1,0
6,60811,1,1,0,0,0,2,2,71,2550,8,5,2011,1,6,5,1,11,1,I-10,,55,34.07579444,-117.619986110,0,24,0,0,1,1,4,0,4,10,0,10,0,0000000,99,99,99,99,99,99,0,0,0,1,0
6,60812,1,1,0,0,0,1,1,113,0,12,5,2011,5,17,25,0,6,4,COUNTY RD 95,,0,38.62938056,-121.858322220,0,24,0,0,1,1,4,0,1,1,0,1,0,0000000,99,99,99,99,99,99,0,0,0,1,0
6,60813,1,1,0,1,1,1,1,37,1980,14,5,2011,7,12,15,0,14,6,CANOGA AVE,SHERMAN WY,0,34.20105556,-118.597730560,0,9,0,0,2,2,1,0,1,10,0,10,0,0000000,99,99,99,99,99,99,0,0,0,1,0
6,60814,1,1,0,0,0,1,1,89,0,14,5,2011,7,19,20,0,3,4,OLD OREGON TRAIL,,0,40.58478611,-122.307025000,0,42,0,0,1,1,5,0,5,10,0,10,0,0000000,99,99,99,99,88,88,0,0,0,1,1
6,60815,2,2,0,0,0,4,4,67,3150,14,5,2011,7,17,37,0,13,6,N 16TH ST,RICHARDS BLVD,0,38.59416111,-121.478180560,0,1,0,0,2,2,1,0,1,1,0,1,0,0000000,99,99,99,99,99,99,0,0,0,1,0
6,60816,1,1,0,0,0,1,1,99,2200,15,5,2011,1,0,2,0,13,6,RD,SR-99 RAMP,0,37.66668889,-121.031369440,0,33,0,1,3,2,4,0,3,2,10,2,0,0000000,99,99,99,99,88,88,0,0,0,1,1
6,60817,1,1,0,0,0,1,1,71,3210,15,5,2011,1,1,13,0,14,6,AIR EXPRESSWAY,,0,34.57219444,-117.359852780,0,33,0,0,1,1,4,0,2,1,0,1,0,0000000,99,99,99,99,99,99,0,0,0,1,1
6,60818,2,2,0,0,0,4,4,59,3960,15,5,2011,1,16,40,0,13,6,EDINGER AVE,KENSINGTONPARK DR,0,33.71460278,-117.816100000,0,12,6,0,2,2,1,0,1,1,0,1,0,0000000,99,99,99,99,99,99,0,0,0,1,0
6,60819,1,1,0,0,0,1,1,55,0,17,5,2011,3,11,23,1,1,1,I-80,,74,38.16420833,-122.207836110,0,1,0,0,1,1,5,0,1,2,10,2,0,0000000,99,99,99,99,88,88,0,0,0,1,0
6,60820,1,1,0,0,0,1,1,1,2480,17,5,2011,3,14,10,1,11,1,I-880,,281,37.77143333,-122.222969440,0,33,0,0,1,1,4,0,1,10,0,10,0,0000000,99,99,99,99,88,88,0,0,0,1,1
6,60821,1,1,0,0,0,1,1,63,0,17,5,2011,3,18,51,0,2,3,SR-36,,176,40.31448611,-121.080219440,0,35,0,0,1,1,5,0,5,4,0,4,0,0000000,99,99,99,99,88,88,0,0,0,1,0
6,60822,1,1,0,0,0,1,1,49,0,18,5,2011,4,14,50,0,5,4,COUNTY RD 104,,0,41.95068056,-121.417752780,0,10,0,0,6,1,1,0,1,10,0,10,0,066955m,99,99,99,99,88,88,0,0,0,1,0
6,60823,1,1,0,0,0,1,1,77,0,18,5,2011,4,20,16,0,2,3,SR-26,,25,37.97790278,-121.217525000,0,42,0,0,1,1,5,0,5,1,0,1,0,0000000,99,99,99,99,99,99,0,0,0,1,1
6,60824,1,1,0,1,1,1,1,37,1980,18,5,2011,4,21,30,0,13,6,VICTORY BLVD,PLATT AVE,0,34.18663056,-118.642783330,0,8,0,0,2,2,1,0,3,1,0,1,0,0000000,99,99,99,99,99,99,0,0,0,1,0
6,60825,2,2,0,0,0,3,3,37,2870,19,5,2011,5,8,33,0,13,6,TOWNE AVE,SAN BERNARDINO AVE,0,34.07578333,-117.742063890,0,12,6,0,2,2,1,0,1,1,0,1,0,0000000,99,99,99,99,99,99,0,0,0,1,0
6,60826,2,2,0,0,0,5,5,71,2550,19,5,2011,5,21,9,0,14,6,PHILADELPHIA ST,SR-83,0,34.03380000,-117.650686110,0,33,0,0,2,2,4,0,5,1,0,1,0,0000000,99,99,99,99,99,99,0,0,0,1,1
6,60827,1,1,0,0,0,1,1,53,0,19,5,2011,5,99,99,0,4,4,JOLON RD,,0,35.86938056,-120.844800000,0,1,0,0,1,1,2,0,2,1,0,1,0,0000000,99,99,99,99,88,88,0,0,0,1,1
6,60828,1,1,0,0,0,3,3,103,0,20,5,2011,6,0,1,0,6,4,BASLER RD,,0,40.29546111,-122.337247220,0,38,0,0,1,1,5,0,2,1,0,1,0,0000000,99,99,99,99,99,99,0,0,0,1,1
6,60829,2,2,0,0,0,6,6,71,0,20,5,2011,6,1,10,1,1,1,I-15,,1529,35.39128889,-115.835872220,0,12,1,0,1,1,1,0,2,1,0,1,0,0000000,99,99,99,99,99,99,0,0,0,1,0
6,60830,1,1,0,0,0,1,1,31,0,20,5,2011,6,17,10,1,1,1,I-5,,153,35.96911111,-119.947686110,0,38,0,0,1,1,5,0,1,1,0,1,0,0000000,99,99,99,99,88,88,0,0,0,1,0
6,60831,2,2,0,0,0,3,3,71,0,20,5,2011,6,17,40,0,6,4,CRYSTAL CREEK RD,CARNELIAN RD,0,34.40396944,-116.946147220,0,12,6,0,2,3,1,0,1,1,0,1,0,0000000,99,99,99,99,99,99,0,0,0,1,1
6,60832,3,3,0,0,0,5,5,77,0,20,5,2011,6,19,46,0,2,4,WEST LN,,0,38.04586111,-121.295466670,0,54,11,0,1,1,1,0,5,1,0,1,0,0000000,99,99,99,99,88,88,14,0,0,2,0
6,60833,2,2,0,0,0,2,2,13,2790,20,5,2011,6,21,41,0,13,6,W LELAND RD,MONTEVIDEO DR,0,38.01419167,-121.920766670,0,12,6,0,2,3,1,0,3,1,0,1,0,0000000,99,99,99,99,99,99,0,0,0,2,1
6,60834,1,1,0,1,1,1,1,37,1045,20,5,2011,6,22,25,0,14,6,WOODRUFF AVE,HALL RD,0,33.92965833,-118.116733330,0,8,0,0,2,2,1,0,3,1,0,1,0,0000000,99,99,99,99,88,88,0,0,0,1,0
6,60835,1,1,0,0,0,2,2,73,3260,20,5,2011,6,23,35,1,13,6,BALBOA AVE,,0,32.81248611,-117.196563890,0,25,0,0,1,1,3,0,3,1,0,1,0,0000000,99,99,99,99,99,99,0,0,0,1,1
6,60836,1,1,0,0,0,2,2,67,0,21,5,2011,7,14,38,0,5,4,ISLETON RD,,0,38.18373889,-121.583752780,0,1,0,0,1,1,5,0,1,1,0,1,0,0000000,99,99,99,99,99,99,0,0,0,1,1
6,60837,1,1,0,0,0,1,1,73,0,21,5,2011,7,5,50,0,4,4,BORREGO SPRINGS RD,,0,33.21314167,-116.368305560,0,17,0,0,1,1,5,0,1,1,0,1,0,0000000,99,99,99,99,99,99,0,0,0,1,1
6,60838,2,2,0,0,0,3,3,61,0,17,3,2011,5,11,55,0,4,4,FORESTHILL RD,,0,38.97275833,-120.943911110,0,12,2,0,1,1,1,0,1,1,0,1,0,0000000,99,99,99,99,99,99,0,0,0,2,0