STATE,ST_CASE,VE_TOTAL,VE_FORMS,PVH_INVL,PEDS,PERNOTMVIT,PERMVIT,PERSONS,COUNTY,CITY,DAY,MONTH,YEAR,DAY_WEEK,HOUR,MINUTE,NHS,ROAD_FNC,ROUTE,TWAY_ID,TWAY_ID2,MILEPT,LATITUDE,LONGITUD,SP_JUR,HARM_EV,MAN_COLL,RELJCT1,RELJCT2,TYP_INT,REL_ROAD,WRK_ZONE,LGT_COND,WEATHER1,WEATHER2,WEATHER,SCH_BUS,RAIL,NOT_HOUR,NOT_MIN,ARR_HOUR,ARR_MIN,HOSP_HR,HOSP_MN,CF1,CF2,CF3,FATALS,DRUNK_DR
6,60839,2,2,0,2,2,2,2,37,0,18,3,2011,6,23,20,0,3,6,COMPTON AVE,74TH ST,0,33.97330833,-118.247705560,0,12,7,0,2,3,1,0,3,1,0,1,0,0000000,99,99,99,99,88,88,0,0,0,1,1
6,60840,2,2,0,0,0,4,4,83,0,19,3,2011,7,21,55,0,2,3,SR-154,,187,34.54895000,-119.903988890,0,12,2,0,1,1,1,0,2,2,10,2,0,0000000,99,99,99,99,99,99,0,0,0,1,1
6,60841,2,2,0,0,0,5,5,71,0,20,3,2011,1,0,28,1,1,1,I-15,,1660,35.46526111,-115.614455560,0,12,1,0,1,1,1,0,2,1,0,1,0,0000000,99,99,99,99,99,99,0,0,0,1,1
6,60842,3,3,0,0,0,4,4,83,0,25,3,2011,6,14,28,0,4,4,BERRERAVIA RD,,0,34.93478611,-120.545897220,0,12,2,0,1,1,1,0,1,10,0,10,0,0000000,99,99,99,99,99,99,0,0,0,1,0
6,60843,2,2,0,0,0,2,2,65,0,27,3,2011,1,6,15,0,4,4,CAJALCO RD,,0,33.83813611,-117.258658330,0,12,2,0,1,1,1,0,4,2,0,2,0,0000000,99,99,99,99,99,99,0,0,0,1,1
6,60844,2,2,0,0,0,2,2,37,0,28,3,2011,2,13,50,1,1,1,I-110,,134,33.92338333,-118.281572220,0,12,1,0,1,1,1,0,1,1,0,1,0,0000000,99,99,99,99,99,99,19,0,0,1,0
6,60845,1,1,0,1,1,2,2,57,3900,17,4,2011,1,20,10,0,16,6,DONNER PASS RD,,0,39.32603333,-120.215075000,0,8,0,0,1,1,2,0,3,2,10,2,0,0000000,99,99,99,99,99,99,0,0,0,1,1
6,60846,1,1,0,1,1,1,1,97,3490,18,4,2011,2,21,51,0,14,6,5TH ST,MENDOCINO AVE,0,38.44106389,-122.714522220,0,8,0,0,2,2,1,0,3,10,0,10,0,0000000,99,99,99,99,99,99,0,0,0,1,0
6,60847,1,1,0,0,0,1,1,19,1370,6,5,2011,6,18,49,0,14,6,AIRWAYS BL,,0,36.77937778,-119.709113890,0,33,0,0,1,1,4,0,1,1,0,1,0,0000000,99,99,99,99,88,88,0,0,0,1,1
6,60848,2,2,0,0,0,2,2,37,350,8,5,2011,1,14,27,0,13,6,OLYMPIC BL,ROBERTSON BL,0,34.05926389,-118.383638890,0,12,2,1,2,2,1,0,1,1,0,1,0,0000000,99,99,99,99,99,99,0,0,0,1,0
6,60849,1,1,0,0,0,2,2,45,0,17,5,2011,3,22,30,1,2,2,US-101,,1019,39.87886111,-123.716300000,0,30,0,0,1,1,4,0,2,2,10,2,0,0000000,99,99,99,99,99,99,0,0,0,1,0
6,60850,2,2,0,0,0,4,4,17,0,24,5,2011,3,11,5,0,5,4,WENTWORTH SPRINGS RD,,0,38.91281667,-120.819944440,0,1,0,0,1,1,1,0,1,1,0,1,0,0000000,99,99,99,99,99,99,0,0,0,1,0
6,60851,2,2,0,0,0,2,2,19,0,25,5,2011,4,10,45,0,4,4,ROSE AVE,,0,36.56837778,-119.502727780,0,1,0,0,1,1,1,0,1,10,0,10,0,0000000,99,99,99,99,88,88,0,0,0,1,0
6,60852,3,3,0,0,0,4,4,111,4027,27,5,2011,6,4,50,1,12,2,US-101,,32,34.28188056,-118.777119440,0,12,1,0,1,1,1,1,3,1,0,1,0,0000000,99,99,99,99,99,99,0,0,0,1,0
6,60853,1,1,0,1,1,1,1,107,0,27,5,2011,6,6,30,0,3,4,RD 144,,0,36.35594167,-119.251988890,0,9,0,0,1,1,1,0,1,1,0,1,0,0000000,99,99,99,99,88,88,0,0,0,1,0
6,60854,1,1,0,0,0,1,1,103,0,27,5,2011,6,9,30,0,5,4,ROUND VALLEY RD,,0,39.82814167,-122.631519440,0,43,0,0,1,1,5,0,1,1,0,1,0,0000000,99,99,99,99,88,88,0,0,0,1,0
6,60855,1,1,0,0,0,4,4,65,0,27,5,2011,6,17,24,1,1,1,I-10,,1396,33.60986667,-114.825366670,0,1,0,0,1,1,2,0,1,1,0,1,0,0000000,99,99,99,99,88,88,0,0,0,1,0
6,60856,2,2,0,0,0,2,2,89,2950,27,5,2011,6,17,54,0,14,6,BUENAVENTURA BL,,0,40.55901111,-122.401513890,0,12,2,0,1,1,1,0,1,1,0,1,0,0000000,17,56,18,0,99,99,0,0,0,1,1
6,60857,1,1,0,0,0,3,3,37,3445,28,5,2011,7,6,5,0,13,6,SOLEDAD CYN RD,,0,34.41981111,-118.483213890,0,42,0,0,1,1,3,0,1,10,0,10,0,0000000,99,99,99,99,99,99,0,0,0,1,1
6,60858,2,2,0,0,0,2,2,19,0,30,5,2011,2,11,10,0,3,4,BLYTHE AVE,OLIVE AVE,0,36.75723889,-119.871213890,0,12,6,0,2,2,1,0,1,1,0,1,0,0000000,99,99,99,99,99,99,0,0,0,1,0
6,60859,1,1,0,0,0,3,3,1,0,30,5,2011,2,14,16,0,3,4,FAIRVIEW AVE,,0,37.66616667,-122.027625000,0,59,0,0,1,1,4,0,1,10,0,10,0,0000000,99,99,99,99,99,99,0,0,0,1,0
6,60860,2,2,0,0,0,2,2,5,0,30,5,2011,2,16,5,0,4,4,LATROBE RD,,0,38.51463889,-120.951219440,0,1,0,0,1,1,1,0,1,1,0,1,0,0000000,99,99,99,99,88,88,0,0,0,1,1
6,60861,1,1,0,0,0,2,2,73,0,30,5,2011,2,17,45,1,1,1,I-5,,704,33.37823889,-117.565369440,0,33,0,0,1,1,4,0,1,1,0,1,0,0000000,99,99,99,99,99,99,0,0,0,1,1
6,60862,1,1,0,1,1,1,1,29,240,30,5,2011,2,17,52,1,12,3,SR-178,BUCK OWENS BL,1,35.38276944,-119.043100000,0,15,0,0,3,2,1,0,1,1,0,1,0,0000000,99,99,99,99,99,99,0,0,0,1,0
6,60863,1,1,0,0,0,4,4,37,1980,16,5,2011,2,1,22,0,13,6,BROADWAY,CENTURY BL,0,33.94541667,-118.278416670,0,33,0,0,3,1,4,0,3,10,0,10,0,0000000,99,99,99,99,99,99,0,0,0,1,1
6,60864,2,2,0,0,0,5,5,41,0,31,5,2011,3,1,4,1,2,2,US-101,,263,38.17376944,-122.590269440,0,12,6,0,1,1,1,0,2,10,0,10,0,0000000,99,99,99,99,88,88,19,0,0,1,1
6,60865,2,2,0,0,0,3,3,67,0,31,5,2011,3,5,48,0,2,4,S WATT AVE,,0,38.50646667,-121.371975000,0,12,2,0,1,1,1,0,1,10,0,10,0,0000000,99,99,99,99,99,99,0,0,0,1,0
6,60866,2,2,0,0,0,3,3,107,0,31,5,2011,3,8,32,0,4,4,AVE 184,RD 80,0,36.12327222,-119.393761110,0,12,6,0,2,2,1,0,1,1,0,1,0,0000000,99,99,99,99,99,99,0,0,0,1,0
6,60867,2,2,0,0,0,3,3,13,0,31,5,2011,3,15,11,0,2,4,CAMINO TASSAUARA,,0,37.74031944,-121.870727780,0,12,6,0,1,1,1,0,1,2,10,2,0,0000000,99,99,99,99,99,99,0,0,0,1,0
6,60868,1,1,0,2,2,1,1,73,3260,31,5,2011,3,18,20,0,12,3,SR-56,,61,32.95396667,-117.145677780,0,35,0,0,1,1,4,0,1,1,0,1,0,0000000,99,99,99,99,99,99,0,0,0,1,0
6,60870,1,1,0,0,0,2,2,71,0,1,6,2011,4,9,25,1,1,1,I-40,,692,34.72713889,-115.827669440,0,52,0,0,1,1,3,0,1,1,0,1,0,0000000,99,99,99,99,99,99,0,0,0,1,0
6,60871,1,1,0,1,1,1,1,85,2280,1,6,2011,4,9,32,0,14,6,HALE AVE,,0,37.13763889,-121.666802780,0,8,0,0,1,1,4,0,1,10,0,10,0,0000000,99,99,99,99,99,99,0,0,0,1,0
6,60872,1,1,0,0,0,1,1,37,2240,1,6,2011,4,11,5,1,12,3,SR-60,,81,34.03753889,-118.086019440,0,59,0,0,1,1,4,0,1,1,0,1,0,0000000,99,99,99,99,88,88,0,0,0,1,0
6,60873,1,1,0,1,1,1,1,71,0,2,6,2011,5,2,50,1,1,1,I-10,,175,34.06713056,-117.409944440,0,8,0,0,1,1,1,4,2,1,0,1,0,0000000,99,99,99,99,99,99,0,0,0,1,0
6,60874,1,1,0,1,1,1,1,59,1345,15,5,2011,1,3,4,0,13,6,WARNER AVE,,0,33.71604167,-117.967533330,0,9,0,0,1,1,1,0,2,10,0,10,0,0000000,99,99,99,99,99,99,0,0,0,1,0
6,60875,2,2,0,0,0,2,2,107,4050,26,5,2011,5,22,4,0,14,6,MINERAL KING AVE,BURKE ST,0,36.32702222,-119.283269440,0,12,6,0,2,2,1,0,3,1,0,1,0,0000000,99,99,99,99,99,99,0,0,0,1,0
6,60876,1,1,0,0,0,1,1,1,1920,28,5,2011,7,12,37,0,16,6,NATIONAL DR,,0,37.70117778,-121.704644440,0,1,0,0,1,1,4,0,1,1,0,1,0,0000000,99,99,99,99,99,99,0,0,0,1,0
6,60877,3,3,0,0,0,5,5,61,3110,28,5,2011,7,17,5,0,12,3,SR-65,,71,38.78640000,-121.284511110,0,12,1,0,1,1,1,0,1,10,2,2,0,0000000,99,99,99,99,99,99,0,0,0,1,0
6,60878,2,2,0,0,0,4,4,59,80,29,5,2011,1,0,23,0,14,6,S DALE AVE,W ORANGE AVE,0,33.82483056,-117.984650000,0,12,2,0,2,2,1,0,3,1,0,1,0,0000000,99,99,99,99,99,99,0,0,0,1,0
6,60879,2,2,0,0,0,7,7,59,1713,29,5,2011,1,1,17,0,13,6,CULVER DR,IRVINE BLVD,0,33.72130000,-117.770986110,0,12,6,0,2,2,1,0,3,10,0,10,0,0000000,99,99,99,99,99,99,0,0,0,1,1
6,60880,1,1,0,1,1,2,2,67,0,29,5,2011,1,12,40,0,13,4,POWER INN RD,TRAIL WOODS DR,0,38.47923889,-121.408761110,0,15,0,0,3,3,1,0,1,1,0,1,0,0000000,99,99,99,99,99,99,16,0,0,1,0
6,60881,2,1,1,1,1,1,1,37,1980,29,5,2011,1,16,30,0,16,6,114TH ST,,0,33.93148611,-118.233383330,0,8,0,0,1,1,1,0,1,1,0,1,0,0000000,99,99,99,99,99,99,4,0,0,1,0
6,60882,2,2,0,0,0,2,2,85,3440,29,5,2011,1,18,40,0,13,6,LAWRENCE EXPY,LEHIG DR,0,37.33531944,-121.995361110,0,12,6,0,2,2,1,0,1,1,0,1,0,0000000,99,99,99,99,99,99,0,0,0,1,0
6,60883,1,1,0,0,0,1,1,111,3860,29,5,2011,1,23,51,0,12,3,SR-23,,26,34.14997778,-118.832672220,0,33,0,0,1,1,4,0,3,1,0,1,0,0000000,99,99,99,99,88,88,0,0,0,1,0
6,60884,1,1,0,0,0,1,1,37,0,9,4,2011,7,10,55,0,6,4,WORKMAN MILL RD,,0,34.03407778,-118.016441670,0,33,0,0,1,1,4,0,1,1,0,1,0,0000000,99,99,99,99,99,99,0,0,0,1,0
6,60885,1,1,0,0,0,2,2,65,3070,29,5,2011,1,2,54,1,11,1,I-215 RAMP,BLAINE ST,0,33.98285000,-117.342019440,0,33,0,0,5,1,4,0,3,10,0,10,0,0000000,99,99,99,99,99,99,0,0,0,1,1
6,60886,1,1,0,0,0,1,1,19,0,29,5,2011,1,8,55,0,5,4,ELDORADO AVE,,0,36.18581111,-120.210650000,0,42,0,0,1,1,4,0,1,1,0,1,0,0000000,99,99,99,99,88,88,0,0,0,1,0
6,60887,1,1,0,0,0,1,1,65,0,30,5,2011,2,21,6,0,4,4,CAJALCO RD,,0,33.82483889,-117.500069440,0,1,0,0,1,1,4,0,3,1,0,1,0,0000000,99,99,99,99,88,88,0,0,0,1,1
6,60888,1,1,0,1,1,1,1,85,537,30,5,2011,2,23,0,0,14,6,SAN TOMAS EXPY,,0,37.28270000,-121.959461110,0,8,0,0,1,1,1,0,3,10,0,10,0,0000000,99,99,99,99,88,88,0,0,0,1,0
6,60889,1,1,0,1,1,1,1,19,0,30,5,2011,2,23,45,0,4,4,MT WHITNEY AVE,,0,36.19445833,-119.319125000,0,8,0,0,1,1,1,0,2,10,0,10,0,0000000,99,99,99,99,88,88,0,0,0,1,0
6,60890,1,1,0,0,0,3,3,45,0,2,6,2011,5,15,20,0,3,4,N STATE ST,,0,39.23451389,-123.209202780,0,30,0,0,1,1,4,0,1,1,0,1,0,0000000,99,99,99,99,99,99,0,0,0,1,0
6,60891,1,1,0,1,1,1,1,1,2480,15,1,2011,7,4,42,1,11,1,I-880,,257,37.74372500,-122.199250000,0,8,0,0,1,1,1,0,6,1,0,1,0,0000000,99,99,99,99,88,88,19,23,0,1,0
6,60892,1,1,0,1,1,1,1,37,1980,14,2,2011,2,15,40,0,15,6,111TH PLACE,FIGUEROA ST,0,33.93387500,-118.282633330,0,8,0,0,2,2,1,0,1,1,0,1,0,0000000,99,99,99,99,99,99,0,0,0,1,0
6,60893,1,1,0,0,0,5,5,19,0,7,3,2011,2,9,10,0,5,4,GEORGE SMITH RD,,0,36.71233889,-119.258908330,0,38,0,0,1,1,5,0,1,10,0,10,0,0000000,99,99,99,99,99,99,0,0,0,2,1
6,60894,2,2,0,0,0,5,5,65,2646,14,3,2011,2,15,44,0,12,3,SR-111,VIA ROBERTO MIGUEL,518,33.84489722,-116.510175000,0,12,6,0,2,3,1,0,1,1,0,1,0,0000000,99,99,99,99,99,99,0,0,0,1,1
6,60895,1,1,0,0,0,5,5,13,110,19,3,2011,7,23,24,0,14,6,JAMES DONLON BLVD,NIGHTINGALE DR,0,37.98025278,-121.816969440,0,33,0,0,2,3,4,0,3,2,0,2,0,0000000,99,99,99,99,99,99,0,0,0,1,1
6,60896,1,1,0,1,1,2,2,67,1108,4,4,2011,2,8,5,0,13,6,LAGUNA BLVD,LAGUNA PARK DR,0,38.42340556,-121.437727780,0,8,0,0,2,2,1,0,1,1,0,1,0,0000000,99,99,99,99,99,99,0,0,0,1,0
6,60897,2,2,0,0,0,3,3,73,3499,9,4,2011,7,12,39,0,13,6,MISSION GORGE RD,EDGEMOOR DR,0,32.83839722,-116.970133330,0,12,1,0,2,3,1,0,1,1,0,1,0,0000000,99,99,99,99,99,99,0,0,0,1,0
6,60898,3,3,0,0,0,4,4,37,1980,10,4,2011,1,16,20,1,11,1,I-10,,49,34.02983333,-118.442650000,0,12,1,0,1,1,1,0,1,1,0,1,0,0000000,99,99,99,99,99,99,0,0,0,1,2
6,60899,2,2,0,0,0,7,7,101,0,7,5,2011,7,23,18,0,2,3,SR-99,NICOLAUS AVE,118,38.89882500,-121.584241670,0,12,6,0,2,3,1,0,2,1,0,1,0,0000000,99,99,99,99,99,99,0,0,0,2,0
6,60900,1,1,0,1,1,1,1,65,750,9,5,2011,2,20,16,0,14,6,AVE 52,,0,33.67117500,-116.168791670,0,8,0,0,1,1,1,0,3,1,0,1,0,0000000,99,99,99,99,99,99,0,0,0,1,0
6,60901,2,2,0,0,0,3,3,71,4040,15,5,2011,1,12,50,1,12,2,US-395,,85,34.46836944,-117.399494440,0,12,2,0,1,1,1,0,1,1,0,1,0,0000000,99,99,99,99,99,99,0,0,0,2,0
6,60902,1,1,0,0,0,1,1,95,3780,16,5,2011,2,16,25,1,12,3,SR-12 RAMP,,257,38.24467778,-122.038261110,0,33,0,1,5,1,4,0,1,2,10,2,0,0000000,99,99,99,99,88,88,0,0,0,1,1
6,60903,1,1,0,0,0,1,1,71,4291,21,5,2011,7,11,59,0,12,3,SR-247,FARELLO RD,10,34.13766111,-116.412091670,0,59,0,0,2,4,5,0,1,1,0,1,0,0000000,99,99,99,99,99,99,0,0,0,1,0
6,60904,1,1,0,0,0,5,5,71,0,23,5,2011,2,16,38,0,2,3,SR-138 RAMP,,151,34.31154167,-117.478008330,0,1,0,1,5,1,1,0,1,10,0,10,0,0000000,99,99,99,99,99,99,0,0,0,1,0
6,60905,3,3,0,0,0,5,5,71,2550,25,5,2011,4,17,24,0,12,3,SR-83,HOLT BLVD,95,34.06334444,-117.651022220,0,12,6,1,2,2,1,0,1,1,0,1,0,0000000,99,99,99,99,99,99,0,0,0,1,1
6,60906,1,1,0,1,1,1,1,37,245,26,5,2011,5,15,42,0,13,6,BADILLO ST,,0,34.08716944,-117.947288890,0,8,0,0,1,1,1,0,1,1,0,1,0,0000000,99,99,99,99,99,99,16,0,0,1,0
6,60907,1,1,0,1,1,2,2,73,0,27,5,2011,6,20,50,0,3,4,VALLEY CENTER RD,,0,33.27770833,-116.953663890,0,8,0,0,1,1,1,0,2,1,0,1,0,0000000,99,99,99,99,99,99,0,0,0,1,0
6,60908,1,1,0,1,1,2,2,99,4090,29,5,2011,1,12,35,0,12,3,SR-132,,275,37.63377778,-120.521152780,0,15,0,0,1,1,1,0,1,1,0,1,0,0000000,99,99,99,99,99,99,0,0,0,1,0
6,60909,1,1,0,1,1,2,2,59,1345,30,5,2011,2,0,7,0,13,6,BROOKHURST ST,,0,33.69725833,-117.954158330,0,8,0,0,1,1,1,0,3,1,0,1,0,0000000,99,99,99,99,0,33,0,0,0,1,0
6,60910,1,1,0,0,0,1,1,29,240,29,5,2011,1,2,53,0,14,6,PACHECO RD,OLIVIA ST,0,35.31036944,-119.015600000,0,33,0,0,3,1,4,0,3,2,0,2,0,0000000,99,99,99,99,88,88,0,0,0,1,1
6,60911,2,2,0,0,0,3,3,37,1980,6,6,2011,2,17,10,0,13,6,FAIRFAX AVE,MELROSE AVE,0,34.08370278,-118.361377780,0,12,6,0,2,2,1,0,1,1,0,1,0,0000000,99,99,99,99,99,99,0,0,0,1,0
6,60912,2,2,0,0,0,4,4,19,0,6,6,2011,2,17,50,0,4,4,LINCOLN AVE,CLOVIS AVE,0,36.48911111,-119.701002780,0,12,6,0,2,3,1,0,1,1,0,1,0,0000000,99,99,99,99,99,99,0,0,0,1,0
6,60913,1,1,0,1,1,3,3,37,1980,7,6,2011,3,10,50,0,13,6,BALBOA BLVD,CLARK ST,0,34.16856389,-118.501088890,0,8,0,0,3,3,1,0,1,1,0,1,0,0000000,99,99,99,99,99,99,0,0,0,1,0
6,60914,1,1,0,1,1,1,1,25,0,7,6,2011,3,13,9,1,1,1,I-8,,309,32.77380000,-115.673400000,0,18,0,0,1,1,1,2,1,1,0,1,0,0000000,99,99,99,99,99,99,0,0,0,1,0
6,60915,1,1,0,0,0,1,1,37,1980,7,6,2011,3,15,15,1,11,1,I-5,,398,34.27155278,-118.448088890,0,20,0,0,1,1,8,0,1,1,0,1,0,0000000,99,99,99,99,99,99,0,0,0,1,0
6,60916,1,1,0,0,0,2,2,105,0,7,6,2011,3,18,0,0,6,4,USFS RD 1N10,,0,40.41869167,-123.539413890,0,1,0,0,1,1,5,0,1,1,0,1,0,0000000,99,99,99,99,99,99,4,22,0,1,1
6,60917,1,1,0,1,1,1,1,87,0,8,6,2011,4,0,1,0,4,4,EMPIRE GRADE RD,,0,36.98352778,-122.065358330,0,9,0,0,1,1,2,0,2,1,0,1,0,0000000,99,99,99,99,88,88,0,0,0,1,0
6,60918,1,1,0,1,1,1,1,85,2660,8,6,2011,4,2,45,1,12,2,US-101,,521,37.44726667,-122.122177780,0,8,0,0,1,1,1,0,2,1,0,1,0,0000000,99,99,99,99,88,88,0,0,0,1,0
6,60919,1,1,0,0,0,1,1,89,0,8,6,2011,4,11,40,1,2,3,SR-44,,345,40.50381389,-121.837005560,0,42,0,0,1,1,4,0,1,1,0,1,0,0000000,99,99,99,99,88,88,0,0,0,1,0
6,60920,1,1,0,0,0,1,1,53,0,5,6,2011,1,2,30,0,4,4,HALL RD,,0,36.86301389,-121.688133330,0,24,0,0,1,1,4,0,2,10,0,10,0,0000000,99,99,99,99,88,88,0,0,0,1,1
6,60921,1,1,0,1,1,1,1,37,0,5,6,2011,1,1,40,0,2,4,BOUQUET CYN RD,,0,34.45920000,-118.486519440,0,8,0,0,1,1,1,0,2,10,0,10,0,0000000,99,99,99,99,88,88,0,0,0,1,0
6,60922,1,1,0,1,1,1,1,107,0,5,6,2011,1,20,35,0,2,3,SR-63,,134,36.40288889,-119.296330560,0,8,0,0,1,1,1,0,2,10,0,10,0,0000000,99,99,99,99,88,88,0,0,0,1,0
6,60923,1,1,0,0,0,1,1,53,0,5,6,2011,1,20,53,0,5,4,OLD STAGE  RD,,0,36.72026111,-121.593569440,0,17,0,0,1,1,4,0,2,10,0,10,0,0000000,99,99,99,99,88,88,0,0,0,1,1
6,60924,2,2,0,0,0,5,5,99,0,2,4,2011,7,5,55,0,15,4,W MAIN ST,,0,37.49344722,-121.055013890,0,12,2,0,1,1,1,0,2,1,0,1,0,0000000,99,99,99,99,99,99,0,0,0,1,1
6,60925,3,3,0,0,0,4,4,59,470,20,5,2011,6,1,10,1,12,3,SR-91,,22,33.85608889,-118.005872220,0,12,1,0,1,1,1,0,2,1,0,1,0,0000000,99,99,99,99,88,88,19,0,0,1,2
6,60926,2,2,0,0,0,2,2,65,0,22,5,2011,1,16,20,0,2,3,SR-74,,457,33.74788333,-116.881247220,0,1,0,0,8,1,1,0,1,1,0,1,0,0000000,99,99,99,99,88,88,0,0,0,1,0
6,60927,2,2,0,0,0,3,3,65,2935,29,5,2011,1,10,23,0,13,8,HWY 111,INDIAN TRAIL RD,0,33.74506111,-116.415897220,0,12,2,0,2,2,1,0,1,1,0,1,0,0000000,99,99,99,99,99,99,0,0,0,1,0
6,60928,1,1,0,0,0,1,1,71,0,2,6,2011,5,17,0,0,6,4,CAJON BLVD,,0,34.27765000,-117.452766670,0,24,0,0,1,1,4,0,1,1,0,1,0,0000000,99,99,99,99,88,88,0,0,0,1,1
6,60929,1,1,0,1,1,2,2,37,2458,3,6,2011,6,15,10,0,13,6,ALONDRA BLVD,,0,33.88755278,-118.085133330,0,9,0,0,1,1,1,0,1,1,0,1,0,0000000,99,99,99,99,99,99,0,0,0,1,1
6,60930,1,1,0,0,0,1,1,87,0,3,6,2011,6,17,0,0,2,3,SR-1,,325,37.04845278,-122.237908330,0,35,0,0,1,1,5,0,1,10,0,10,0,0000000,99,99,99,99,88,88,0,0,0,1,0
6,60931,1,1,0,0,0,2,2,99,2200,4,6,2011,7,1,22,0,13,6,BRIGGSMORE AVE,,0,37.67020556,-121.013997220,0,41,0,0,1,1,5,0,3,10,0,10,0,0000000,99,99,99,99,99,99,0,0,0,1,1
6,60932,1,1,0,0,0,1,1,1,0,4,6,2011,7,3,30,0,14,4,MINES RD,,0,37.62986667,-121.706455560,0,38,0,0,1,1,5,0,2,10,0,10,0,0000000,99,99,99,99,99,99,0,0,0,1,0
6,60933,2,2,0,0,0,3,3,73,0,4,6,2011,7,17,46,0,3,4,OTAY LAKES RD,,0,32.64943056,-116.868758330,0,1,0,0,1,1,1,0,1,1,0,1,0,0000000,99,99,99,99,99,99,0,0,0,1,1
6,60934,2,2,0,0,0,3,3,47,0,4,6,2011,7,5,10,0,5,4,VAN CLIEF RD,,0,37.35066111,-120.832563890,0,12,1,0,1,1,1,0,4,2,10,2,0,0000000,99,99,99,99,99,99,0,0,0,1,0
6,60935,1,1,0,1,1,3,3,77,0,4,6,2011,7,7,16,0,2,4,PEZZI RD,,0,38.03545833,-121.195644440,0,8,0,0,1,1,1,0,1,2,10,2,0,0000000,99,99,99,99,99,99,0,0,0,1,0
6,60936,2,2,0,0,0,2,2,47,0,9,6,2011,5,21,15,0,2,3,SR-165,PIONEER RD,78,37.04228889,-120.835738890,0,12,6,0,2,3,1,0,3,1,0,1,0,0000000,99,99,99,99,99,99,0,0,0,1,1
6,60937,2,2,0,1,1,3,3,67,3150,11,6,2011,7,23,42,1,12,2,US-50,,24,38.55869167,-121.474636110,0,8,0,0,1,1,1,0,3,1,0,1,0,0000000,99,99,99,99,88,88,0,0,0,1,0
6,60938,2,2,0,1,1,4,4,71,260,12,6,2011,1,0,37,0,13,6,W MAIN ST,,0,34.89048333,-117.061519440,0,8,0,0,1,1,1,0,3,1,0,1,0,0000000,99,99,99,99,88,88,0,0,0,1,0
6,60939,1,1,0,1,1,1,1,83,0,27,1,2011,5,20,0,0,2,4,TURNPIKE RD,SAN SIMEON DR,0,34.43816111,-119.789488890,0,8,0,0,3,2,1,0,3,1,0,1,0,0000000,99,99,99,99,99,99,0,0,0,1,0
6,60940,1,1,0,0,0,3,3,47,0,30,5,2011,2,18,5,1,1,1,I-5,,26,36.88833056,-120.800319440,0,1,0,0,1,1,3,0,1,1,0,1,0,0000000,99,99,99,99,88,88,0,0,0,1,0
6,60941,2,2,0,0,0,3,3,37,1440,4,6,2011,7,11,10,0,13,6,ROUTE 66,AMELIA AVE,0,34.12691667,-117.820338890,0,12,6,0,2,2,1,0,1,1,0,1,0,0000000,99,99,99,99,99,99,0,0,0,1,0
6,60942,2,2,0,0,0,2,2,65,1580,5,6,2011,1,20,28,0,14,6,STETSON AVE,BUENA VISTA ST,0,33.72938056,-116.967213890,0,12,6,0,2,2,1,0,3,1,0,1,0,0000000,99,99,99,99,99,99,0,0,0,1,0
6,60943,1,1,0,0,0,1,1,71,0,6,6,2011,2,5,15,1,1,1,I-15,,1689,35.46790556,-115.488838890,0,1,0,0,1,1,3,0,1,1,0,1,0,0000000,99,99,99,99,88,88,0,0,0,1,0
6,60944,1,1,0,0,0,2,2,107,0,6,6,2011,2,7,11,0,6,4,RD 60,,0,36.35631389,-119.439413890,0,10,0,0,6,1,1,0,1,10,0,10,0,750803B,99,99,99,99,99,99,0,0,0,1,0
6,60945,1,1,0,0,0,4,4,71,0,6,6,2011,2,9,50,1,2,2,US-95,,230,34.35161944,-114.654169440,0,1,0,0,1,1,1,0,1,1,0,1,0,0000000,99,99,99,99,99,99,0,0,0,1,0
6,60946,2,2,0,0,0,2,2,31,0,6,6,2011,2,13,50,0,4,4,HANFORD ARMONA RD,13TH AVE,0,36.31429722,-119.693388890,0,12,6,0,2,2,1,0,1,1,0,1,0,0000000,99,99,99,99,99,99,0,0,0,1,0
6,60947,1,1,0,0,0,1,1,37,0,10,6,2011,6,3,40,0,2,3,SR-2,,317,34.26464722,-118.182572220,0,35,0,0,1,1,4,0,2,1,0,1,0,0000000,99,99,99,99,88,88,0,0,0,1,1
6,60948,2,2,0,0,0,2,2,107,3920,10,6,2011,6,15,7,0,14,6,CARTMILL,DRIVE 103,0,36.24020278,-119.342572220,0,12,6,0,2,2,1,0,1,1,0,1,0,0000000,99,99,99,99,99,99,0,0,0,1,0
6,60949,1,1,0,0,0,1,1,37,0,10,6,2011,6,16,30,0,2,3,SR-2,,326,34.26910000,-118.159750000,0,58,0,0,1,1,4,0,1,1,0,1,0,0000000,99,99,99,99,88,88,0,0,0,1,0
6,60950,2,2,0,1,1,3,3,59,1380,11,6,2011,7,4,20,1,12,3,SR-57,,177,33.87896111,-117.880180560,0,12,7,0,1,1,1,0,3,2,0,2,0,0000000,99,99,99,99,88,88,23,0,0,1,0
6,60951,1,1,0,1,1,1,1,111,0,11,6,2011,7,13,10,0,2,4,PLEASANT VALLEY RD,,0,34.20562778,-119.087441670,0,9,0,0,1,1,1,0,1,10,0,10,0,0000000,99,99,99,99,99,99,0,0,0,1,0