STATE,ST_CASE,VE_TOTAL,VE_FORMS,PVH_INVL,PEDS,PERNOTMVIT,PERMVIT,PERSONS,COUNTY,CITY,DAY,MONTH,YEAR,DAY_WEEK,HOUR,MINUTE,NHS,ROAD_FNC,ROUTE,TWAY_ID,TWAY_ID2,MILEPT,LATITUDE,LONGITUD,SP_JUR,HARM_EV,MAN_COLL,RELJCT1,RELJCT2,TYP_INT,REL_ROAD,WRK_ZONE,LGT_COND,WEATHER1,WEATHER2,WEATHER,SCH_BUS,RAIL,NOT_HOUR,NOT_MIN,ARR_HOUR,ARR_MIN,HOSP_HR,HOSP_MN,CF1,CF2,CF3,FATALS,DRUNK_DR
6,60952,1,1,0,0,0,1,1,79,0,11,6,2011,7,17,48,1,2,3,SR-41,,469,35.76331111,-120.253244440,0,58,0,0,1,1,4,0,1,1,0,1,0,0000000,99,99,99,99,99,99,0,0,0,1,0
6,60953,2,2,0,1,1,6,6,37,1980,20,6,2011,2,4,22,1,12,2,US-101,,4,34.05364722,-118.232586110,0,8,0,0,1,1,1,0,3,10,0,10,0,0000000,99,99,99,99,88,88,0,0,0,1,0
6,60954,1,1,0,0,0,1,1,65,410,16,6,2011,5,22,29,1,11,1,I-10,,1554,33.60776944,-114.548000000,0,1,0,0,1,1,1,0,2,1,0,1,0,0000000,99,99,99,99,88,88,0,0,0,1,0
6,60955,1,1,0,0,0,7,7,11,0,17,6,2011,6,4,25,1,1,1,I-5,,85,39.03486944,-122.069030560,0,1,0,0,1,1,1,2,2,1,0,1,0,0000000,99,99,99,99,99,99,0,0,0,2,0
6,60956,2,2,0,0,0,3,3,29,0,17,6,2011,6,23,20,1,2,3,SR-99,,519,35.71036944,-119.234000000,0,12,1,0,1,1,1,0,2,1,0,1,0,0000000,99,99,99,99,99,99,0,0,0,1,0
6,60957,2,2,0,0,0,3,3,85,3340,18,6,2011,7,5,12,0,13,6,E SANTA CLARA ST RMP,US-101,0,37.34940000,-121.862283330,0,12,6,1,5,1,1,0,3,1,0,1,0,0000000,99,99,99,99,99,99,0,0,0,1,1
6,60958,1,1,0,1,1,1,1,75,3290,18,6,2011,7,10,0,0,12,3,SR-1,ORTEGA ST,32,37.75238889,-122.476297220,0,8,0,0,3,2,1,0,1,1,0,1,0,0000000,99,99,99,99,99,99,0,0,0,1,0
6,60959,1,1,0,1,1,1,1,37,3470,18,6,2011,7,2,28,0,13,6,WILSHIRE BLVD,,0,34.03490556,-118.478744440,0,8,0,0,1,1,1,0,3,10,0,10,0,0000000,99,99,99,99,99,99,0,0,0,1,0
6,60960,1,1,0,1,1,1,1,75,3290,18,6,2011,7,10,32,0,13,6,MISSION ST,,0,37.76066944,-122.419286110,0,8,0,0,1,1,1,0,1,1,0,1,0,0000000,99,99,99,99,99,99,0,0,0,1,0
6,60961,1,1,0,1,1,1,1,73,3260,18,6,2011,7,21,50,0,14,6,LINDA VISTA RD,,0,32.80319722,-117.156750000,0,8,0,0,1,1,1,0,3,10,0,10,0,0000000,99,99,99,99,99,99,0,0,0,1,0
6,60962,1,1,0,1,1,1,1,73,3260,19,6,2011,1,22,37,0,15,6,HOLLISTER ST,,0,32.57331667,-117.084141670,0,9,0,0,1,1,1,2,2,1,0,1,0,0000000,99,99,99,99,88,88,0,0,0,1,0
6,60963,2,2,0,0,0,5,5,73,0,1,5,2011,1,20,2,0,15,6,MANCHESTER AVE,,0,33.01287778,-117.271052780,0,12,9,0,1,1,1,0,3,1,0,1,0,0000000,99,99,99,99,99,99,0,0,0,2,1
6,60964,4,4,0,0,0,11,11,107,0,8,5,2011,1,20,25,0,2,3,SR-63,,233,36.54132778,-119.286852780,0,12,1,0,1,1,1,0,2,10,0,10,0,0000000,99,99,99,99,99,99,0,0,0,1,1
6,60965,2,2,0,0,0,4,4,19,1370,5,6,2011,1,17,16,0,16,6,CALWA AVE,CLARA AVE,0,36.70497222,-119.795302780,0,12,6,0,2,2,1,0,1,10,0,10,0,0000000,88,88,88,88,88,88,0,0,0,1,0
6,60966,2,2,0,0,0,3,3,85,3340,12,6,2011,1,2,35,0,12,3,SR-85,,53,37.25570278,-121.864411110,0,12,6,0,1,1,1,0,3,1,0,1,0,0000000,99,99,99,99,99,99,19,0,0,1,1
6,60967,1,1,0,1,1,1,1,29,0,12,6,2011,1,19,5,0,2,3,SR-184,,97,35.37627222,-118.912077780,0,8,0,0,1,1,1,0,1,1,0,1,0,0000000,99,99,99,99,99,99,0,0,0,1,0
6,60968,1,1,0,0,0,1,1,105,0,12,6,2011,1,22,0,0,6,4,INDIAN VALLEY RD,,0,40.52104167,-123.235752780,0,42,0,0,1,1,5,0,2,1,0,1,0,0000000,99,99,99,99,88,88,0,0,0,1,1
6,60969,2,2,0,0,0,2,2,85,3340,12,6,2011,1,22,6,0,12,3,SR-85,,32,37.24723889,-121.829463890,0,12,7,0,1,1,1,0,2,1,0,1,0,0000000,99,99,99,99,99,99,0,0,0,1,0
6,60970,1,1,0,1,1,1,1,37,1980,13,6,2011,2,4,45,1,12,3,SR-170,,99,34.10092222,-118.338691670,0,8,0,0,1,1,1,0,3,1,0,1,0,0000000,99,99,99,99,88,88,0,0,0,1,0
6,60971,1,1,0,0,0,1,1,115,0,13,6,2011,2,9,10,0,4,4,WILCOX GLEN RD,,0,39.41355833,-121.300761110,0,11,0,0,1,1,1,0,1,1,0,1,0,0000000,99,99,99,99,88,88,0,0,0,1,0
6,60972,2,2,0,0,0,2,2,37,1980,13,6,2011,2,15,20,0,14,6,VANOWEN ST,ETIWANDA AVE,0,34.19384167,-118.531680560,0,12,6,0,2,2,1,0,1,1,0,1,0,0000000,99,99,99,99,99,99,0,0,0,1,1
6,60973,1,1,0,0,0,1,1,47,0,14,6,2011,3,4,45,0,4,4,INGOMAR GRADE,,0,37.09319722,-120.914852780,0,30,0,0,1,1,5,0,4,1,0,1,0,0000000,99,99,99,99,99,99,0,0,0,1,1
6,60974,2,2,0,0,0,2,2,37,480,14,6,2011,3,11,55,0,13,6,VICTORY BLVD,CHESTNUT ST,0,34.18408889,-118.321616670,0,12,6,0,2,2,1,0,1,1,0,1,0,0000000,99,99,99,99,99,99,0,0,0,1,0
6,60975,3,3,0,0,0,3,3,1,0,14,6,2011,3,15,0,1,12,3,SR-84,,4,37.51040278,-122.112150000,0,12,1,0,1,1,1,0,1,1,0,1,0,0000000,99,99,99,99,99,99,14,0,0,1,0
6,60976,1,1,0,0,0,1,1,23,0,14,6,2011,3,18,49,1,2,2,US-101,,646,40.62317500,-124.214241670,0,42,0,0,1,1,5,0,1,1,0,1,0,0000000,99,99,99,99,99,99,0,0,0,1,1
6,60977,1,1,0,0,0,1,1,33,0,14,6,2011,3,19,35,0,6,4,GIFFORD SPRINGS RD,,0,38.81706667,-122.697961110,0,42,0,0,1,1,5,0,1,1,0,1,0,0000000,99,99,99,99,88,88,0,0,0,1,1
6,60978,1,1,0,1,1,1,1,1,0,15,6,2011,4,9,50,0,3,4,FAIRMONT DR,,0,37.71338056,-122.121525000,0,9,0,0,1,1,1,0,1,1,0,1,0,0000000,99,99,99,99,99,99,0,0,0,1,0
6,60979,3,3,0,0,0,3,3,19,0,15,6,2011,4,11,42,0,4,4,MCCALL AVE,,0,36.59830556,-119.610677780,0,12,6,0,1,1,1,0,1,1,0,1,0,0000000,99,99,99,99,88,88,0,0,0,1,0
6,60980,1,1,0,0,0,1,1,1,0,15,6,2011,4,12,0,1,1,1,I-580,,44,37.92704444,-122.375419440,0,33,0,0,1,1,3,0,1,1,0,1,0,0000000,99,99,99,99,88,88,0,0,0,1,0
6,60981,1,1,0,1,1,1,1,61,0,15,6,2011,4,22,30,0,2,3,SR-49,,75,38.95750833,-121.101597220,0,8,0,0,8,1,1,0,2,1,0,1,0,0000000,99,99,99,99,99,99,0,0,0,1,0
6,60982,1,1,0,0,0,1,1,85,0,15,6,2011,4,99,99,0,6,4,FELTER RD,,0,37.43972500,-121.828975000,0,42,0,0,1,1,5,0,2,1,0,1,0,0000000,99,99,99,99,99,99,0,0,0,1,0
6,60983,1,1,0,1,1,1,1,37,1980,16,6,2011,5,2,40,0,13,6,VENICE BLVD,HUGHES AVE,0,34.02325278,-118.398775000,0,8,0,0,2,2,1,0,3,1,0,1,0,0000000,99,99,99,99,99,99,0,0,0,1,0
6,60984,1,1,0,0,0,2,2,89,0,16,6,2011,5,10,52,1,1,1,I-5 RAMP,,23,40.40700000,-122.281416670,0,18,0,0,5,1,1,1,1,1,0,1,0,0000000,99,99,99,99,99,99,0,0,0,1,0
6,60985,2,2,0,0,0,3,3,71,2922,16,6,2011,5,14,15,1,12,3,SR-60,,11,34.03075278,-117.705586110,0,12,1,1,5,1,1,0,1,1,0,1,0,0000000,99,99,99,99,99,99,0,0,0,1,0
6,60986,1,1,0,1,1,1,1,19,740,24,6,2011,6,18,45,0,13,6,CLOVIS AVE,PICO AVE,0,36.80161111,-119.700425000,0,15,0,0,2,2,1,0,1,1,0,1,0,0000000,99,99,99,99,99,99,0,0,0,1,0
6,60987,1,1,0,1,1,1,1,59,3420,24,6,2011,6,19,13,0,16,6,CUBBON ST,BIRCH ST,0,33.73574167,-117.871030560,0,9,0,0,2,2,1,0,1,1,0,1,0,0000000,99,99,99,99,99,99,0,0,0,1,0
6,60988,1,1,0,1,1,2,2,73,3260,25,6,2011,7,21,2,0,13,6,W POINT LOMA BLVD,MIDWAY DR,0,32.75481389,-117.219505560,0,15,0,0,2,2,1,0,3,1,0,1,0,0000000,99,99,99,99,88,88,0,0,0,1,0
6,60989,1,1,0,1,1,4,4,13,0,26,6,2011,1,18,14,0,14,6,EMPIRE AVE,,0,37.99482778,-121.732436110,0,9,0,0,1,1,1,0,1,1,0,1,0,0000000,99,99,99,99,99,99,0,0,0,1,0
6,60990,1,1,0,0,0,1,1,37,3092,9,5,2011,2,11,26,0,14,6,SILVER SPUR RD,,0,33.79123889,-118.366230560,0,42,0,0,1,1,5,0,1,1,0,1,0,0000000,99,99,99,99,88,88,0,0,0,1,0
6,60991,1,1,0,1,1,1,1,29,0,30,5,2011,2,0,50,0,2,4,OSWELL ST,,0,35.38434722,-118.949630560,0,8,0,0,1,1,2,0,2,1,0,1,0,0000000,99,99,99,99,99,99,0,0,0,1,0
6,60992,1,1,0,1,1,1,1,71,680,31,5,2011,3,8,57,0,13,6,CHINO HILLS PKWY,,0,34.00137500,-117.767141670,0,33,0,0,1,1,4,0,1,1,0,1,0,0000000,99,99,99,99,88,88,0,0,0,1,0
6,60993,2,2,0,0,0,4,4,13,0,3,6,2011,6,13,55,0,2,3,SR-4,,431,37.90802222,-121.641258330,0,12,2,0,1,1,1,0,1,10,0,10,0,0000000,99,99,99,99,99,99,0,0,0,1,0
6,60994,1,1,0,0,0,2,2,37,0,10,6,2011,6,9,15,0,2,4,BIG PINES HWY,,0,34.42954722,-117.815088890,0,35,0,0,1,1,5,0,1,1,0,1,0,0000000,99,99,99,99,99,99,0,0,0,2,0
6,60995,3,3,0,0,0,4,4,83,0,11,6,2011,7,10,0,0,2,3,SR-246,,170,34.66371389,-120.330625000,0,12,1,0,8,1,1,0,1,1,0,1,0,0000000,99,99,99,99,99,99,0,0,0,1,0
6,60996,1,1,0,0,0,5,5,53,0,11,6,2011,7,19,55,1,2,3,SR-1,,878,36.59446667,-121.869802780,0,24,0,0,1,1,3,0,1,1,0,1,0,0000000,99,99,99,99,99,99,0,0,0,1,0
6,60997,1,1,0,1,1,1,1,65,410,24,6,2011,6,20,33,0,15,6,W HOBSON WY,,0,33.60983056,-114.694894440,0,9,0,0,1,1,1,0,3,1,0,1,0,0000000,99,99,99,99,99,99,0,0,0,1,0
6,60998,2,2,0,0,0,3,3,73,0,26,6,2011,1,6,50,0,2,3,SR-76,,245,33.36388611,-117.060341670,0,12,2,0,8,1,1,0,1,5,0,5,0,0000000,99,99,99,99,99,99,0,0,0,1,0
6,60999,1,1,0,1,1,1,1,71,4040,26,6,2011,1,20,40,1,12,3,SR-18,,973,34.50680556,-117.335219440,0,8,0,0,1,1,1,0,3,1,0,1,0,0000000,99,99,99,99,88,88,0,0,0,1,0
6,61000,1,1,0,1,1,3,3,71,2550,26,6,2011,1,20,46,0,16,6,ACACIA ST,EUCLID AVE,0,34.04920000,-117.651111110,0,9,0,0,2,3,1,0,3,1,0,1,0,0000000,99,99,99,99,99,99,0,0,0,1,0
6,61001,1,1,0,0,0,1,1,67,3150,26,6,2011,1,21,18,1,11,2,US-50 RAMP,,22,38.55875278,-121.469136110,0,24,0,0,5,1,5,0,3,1,0,1,0,0000000,99,99,99,99,99,99,0,0,0,1,0
6,61002,1,1,0,1,1,1,1,37,922,27,6,2011,2,2,45,0,13,6,ATLANTIC AVE,,0,33.96828889,-118.187569440,0,8,0,0,1,1,1,0,3,1,0,1,0,0000000,99,99,99,99,88,88,0,0,0,1,0
6,61003,1,1,0,1,1,1,1,87,0,27,6,2011,2,22,9,0,3,4,SOQUEL SAN JOSE RD,,0,36.99243611,-121.957225000,0,8,0,0,1,1,4,0,3,1,0,1,0,0000000,99,99,99,99,88,88,0,0,0,1,0
6,61004,1,1,0,1,1,1,1,65,290,28,6,2011,3,14,37,0,16,6,VEILE AVE,,0,33.93138056,-116.985802780,0,8,0,0,1,1,1,0,1,1,0,1,0,0000000,99,99,99,99,88,88,0,0,0,1,0
6,61005,2,2,0,0,0,2,2,115,2100,28,6,2011,3,15,20,1,12,3,SR-20,,29,39.15734722,-121.566266670,0,12,6,0,1,1,1,0,1,2,10,2,0,0000000,99,99,99,99,99,99,0,0,0,1,1
6,61006,1,1,0,0,0,1,1,71,790,29,6,2011,4,0,48,0,14,6,LA CADENA DR,,0,34.05261944,-117.330350000,0,33,0,0,1,1,4,0,3,1,0,1,0,0000000,99,99,99,99,99,99,0,0,0,1,1
6,61007,1,1,0,1,1,1,1,1,3360,29,6,2011,4,10,51,0,13,6,FAIRMONT DR,BAYFAIR DR,0,37.70211944,-122.127702780,0,8,0,0,2,2,1,0,1,1,0,1,0,0000000,99,99,99,99,99,99,0,0,0,1,0
6,61008,1,1,0,0,0,2,2,67,1108,1,2,2011,3,22,35,0,14,6,CALVINE RD,,0,38.45264444,-121.351405560,0,18,0,0,1,1,4,0,3,1,0,1,0,0000000,99,99,99,99,99,99,0,0,0,1,1
6,61009,1,1,0,0,0,1,1,55,0,19,3,2011,7,22,20,0,6,4,S KELLY RD,,0,38.21981389,-122.253472220,0,16,0,0,1,1,1,0,3,2,0,2,0,0000000,99,99,99,99,88,88,0,0,0,1,0
6,61010,2,2,0,1,1,2,2,13,460,3,4,2011,1,4,47,0,13,6,HIGHWAY 4 BYPASS,,0,37.95460556,-121.744441670,0,8,0,0,1,1,1,0,2,1,0,1,0,0000000,99,99,99,99,88,88,0,0,0,1,0
6,61011,2,1,1,0,0,2,2,77,3770,10,4,2011,1,2,24,0,13,7,FRENCH CMP TRNPKE RD,,0,37.91557222,-121.290713890,0,14,0,0,1,1,7,0,3,1,0,1,0,0000000,99,99,99,99,88,88,0,0,0,2,1
6,61012,1,1,0,2,2,1,1,37,120,10,4,2011,1,18,42,0,14,6,DUARTE RD,,0,34.12625833,-118.052855560,0,8,0,0,1,1,1,0,1,1,0,1,0,0000000,99,99,99,99,99,99,0,0,0,1,0
6,61013,1,1,0,0,0,4,4,105,0,30,4,2011,7,23,0,1,2,3,SR-299,,46,40.87438611,-123.535550000,0,59,0,0,1,1,4,0,2,1,0,1,0,0000000,23,0,99,99,99,99,0,0,0,2,1
6,61014,1,1,0,1,1,1,1,65,1846,14,5,2011,7,14,37,0,13,6,HWY 111,,0,33.70742778,-116.279413890,0,8,0,0,1,1,1,0,1,1,0,1,0,0000000,99,99,99,99,99,99,0,0,0,1,0
6,61015,1,1,0,1,1,1,1,73,3375,15,6,2011,4,21,15,0,13,6,W SAN MARCOS BL,SR-78,123,33.13763889,-117.176677780,0,8,0,0,2,2,1,0,2,1,0,1,0,0000000,99,99,99,99,99,99,0,0,0,1,0
6,61016,1,1,0,1,1,1,1,37,0,20,6,2011,2,9,53,0,2,4,OLYMPIC BL,ATLANTA BL,0,34.01626111,-118.158563890,0,9,0,0,3,2,1,0,1,1,0,1,0,0000000,99,99,99,99,88,88,0,0,0,1,0
6,61017,2,2,0,0,0,2,2,71,0,20,6,2011,2,16,10,1,2,2,US-95,,443,34.65202500,-114.626833330,0,12,2,0,1,1,2,0,1,1,0,1,0,0000000,99,99,99,99,99,99,0,0,0,1,0
6,61018,3,3,0,1,1,4,4,107,2880,20,6,2011,2,22,0,0,12,3,SR-190,JAYE ST,160,36.05140000,-119.026238890,0,8,0,0,2,2,1,0,3,1,0,1,0,0000000,99,99,99,99,99,99,0,0,0,1,0
6,61019,1,1,0,0,0,1,1,107,0,21,6,2011,3,0,10,0,2,3,SR-201,,213,36.48465000,-119.154838890,0,35,0,0,1,1,4,0,2,1,0,1,0,0000000,99,99,99,99,88,88,0,0,0,1,1
6,61020,1,1,0,2,2,1,1,99,2200,21,6,2011,3,10,20,0,12,3,SR-108,W UNION AVE,264,37.69313611,-120.994350000,0,8,0,0,3,2,1,0,1,1,0,1,0,0000000,99,99,99,99,99,99,0,0,0,1,0
6,61021,1,1,0,1,1,1,1,45,0,22,6,2011,4,23,20,1,2,2,US-101,,88,38.95129444,-123.092947220,0,8,0,0,1,1,1,0,2,1,0,1,0,0000000,99,99,99,99,88,88,0,0,0,1,1
6,61022,6,1,5,0,0,1,1,73,3260,20,6,2011,2,0,3,0,14,6,REGENTS RD,,0,32.86473056,-117.221702780,0,14,0,0,1,1,2,0,3,10,0,10,0,0000000,99,99,99,99,88,88,0,0,0,1,1
6,61023,2,2,0,0,0,5,5,37,3270,27,6,2011,2,2,41,0,12,3,SR-51,,113,34.11397500,-117.824411110,0,12,1,0,1,1,1,0,3,1,0,1,0,0000000,99,99,99,99,88,88,0,0,0,3,0
6,61024,3,3,0,0,0,7,7,81,2140,28,6,2011,3,21,40,1,12,2,US-101 RAMP,,36,37.48373333,-122.181966670,0,25,0,1,5,1,3,0,2,10,0,10,0,0000000,99,99,99,99,99,99,0,0,0,1,0
6,61025,1,1,0,0,0,4,4,71,0,29,6,2011,4,19,50,0,2,3,SR-127,,276,35.61683056,-116.270361110,0,43,0,0,1,1,4,0,2,1,0,1,0,0000000,99,99,99,99,99,99,0,0,0,1,1
6,61026,1,1,0,0,0,1,1,3,0,29,6,2011,4,99,99,0,2,3,SR-89,,76,38.66398889,-119.667500000,0,1,0,0,1,1,2,0,1,1,0,1,0,0000000,99,99,99,99,88,88,0,0,0,1,0
6,61027,2,2,0,0,0,3,3,19,0,1,7,2011,6,1,30,1,2,3,SR-41,,118,36.57247222,-119.786258330,0,12,1,0,1,1,1,0,2,1,0,1,0,0000000,99,99,99,99,88,88,0,0,0,2,1
6,61028,1,1,0,1,1,3,3,71,2922,1,7,2011,6,1,44,0,13,6,FOOTHILL BLVD,,0,34.10651667,-117.587041670,0,8,0,0,1,1,1,0,3,1,0,1,0,0000000,99,99,99,99,88,88,0,0,0,1,0
6,61029,1,1,0,1,1,1,1,73,1820,1,7,2011,6,2,0,1,12,3,SR-125,,136,32.75523056,-117.009830560,0,8,0,0,1,1,1,0,3,1,0,1,0,0000000,99,99,99,99,88,88,0,0,0,1,0
6,61030,1,1,0,1,1,2,2,37,1970,2,7,2011,7,6,48,0,12,3,SR-1,,83,33.78975278,-118.225497220,0,9,0,1,18,1,1,0,1,10,0,10,0,0000000,99,99,99,99,88,88,0,0,0,1,0
6,61031,1,1,0,1,1,1,1,67,0,2,7,2011,7,20,55,0,3,4,SAN JUAN AVE,,0,38.65523056,-121.292125000,0,8,0,0,1,1,1,0,5,1,0,1,0,0000000,99,99,99,99,88,88,0,0,0,1,0
6,61032,1,1,0,1,1,1,1,29,240,2,7,2011,7,21,40,0,14,6,PANORAMA DR,,0,35.40987500,-118.979225000,0,8,0,0,1,1,1,0,3,1,0,1,0,0000000,99,99,99,99,99,99,0,0,0,1,0
6,61033,1,1,0,0,0,2,2,37,3445,21,5,2011,7,14,10,0,16,6,CEDARFFALLS DR,,0,34.44772778,-118.505633330,0,5,0,0,1,1,1,0,1,1,0,1,0,0000000,99,99,99,99,99,99,4,0,0,1,1
6,61034,1,1,0,1,1,1,1,37,1980,8,6,2011,4,12,30,0,13,6,BEVERLY BLVD,PARK VIEW AVE,0,34.06822778,-118.273947220,0,8,0,0,3,3,4,0,1,10,0,10,0,0000000,99,99,99,99,88,88,0,0,0,1,0
6,61035,1,1,0,0,0,1,1,67,1108,9,6,2011,5,0,20,1,12,3,SR-99,,124,38.40320000,-121.385050000,0,42,0,0,1,1,4,0,2,1,0,1,0,0000000,99,99,99,99,88,88,0,0,0,1,0
6,61036,2,2,0,0,0,2,2,47,0,9,6,2011,5,10,45,0,3,4,H ST,,0,37.07125000,-120.867430560,0,12,2,0,1,1,1,0,1,1,0,1,0,0000000,99,99,99,99,99,99,0,0,0,1,0
6,61037,2,1,1,1,2,1,2,53,0,9,6,2011,5,11,0,1,2,3,SR-156,,16,36.77281944,-121.727938890,0,14,0,0,1,1,2,0,1,10,0,10,0,0000000,99,99,99,99,88,88,14,0,0,1,0
6,61038,2,2,0,0,0,5,5,111,0,9,6,2011,5,12,50,1,2,3,SR-126,,164,34.27458056,-119.189438890,0,12,8,0,1,1,1,0,1,1,0,1,0,0000000,99,99,99,99,99,99,0,0,0,1,0
6,61039,1,1,0,1,1,1,1,29,240,9,6,2011,5,13,20,0,13,6,CALIFORNIA AVE,EASTON DR,0,35.36770000,-119.044566670,0,8,0,0,3,2,1,0,1,1,0,1,0,0000000,99,99,99,99,99,99,0,0,0,1,0
6,61040,1,1,0,0,0,1,1,73,560,9,6,2011,5,14,50,0,13,6,EL CAMINO REAL,LEVANTE ST,0,33.07846389,-117.265497220,0,30,0,0,3,2,4,0,1,10,0,10,0,0000000,99,99,99,99,99,99,0,0,0,1,0
6,61041,1,1,0,0,0,3,3,73,0,9,6,2011,5,16,5,1,1,1,I-5,,615,33.29393611,-117.458883330,0,18,0,0,1,1,3,0,1,10,0,10,0,0000000,99,99,99,99,99,99,0,0,0,1,0
6,61042,2,2,0,0,0,3,3,115,0,9,6,2011,5,19,21,0,2,3,SR-49,,34,39.43633611,-121.071544440,0,12,2,0,1,1,1,0,1,1,0,1,0,0000000,99,99,99,99,88,88,0,0,0,1,1
6,61043,1,1,0,1,1,2,2,37,1980,9,6,2011,5,20,15,0,14,6,ROBERTSON BLVD,,0,34.04946389,-118.385130560,0,8,0,0,1,1,1,0,1,1,0,1,0,0000000,99,99,99,99,99,99,0,0,0,1,0
6,61044,1,1,0,1,1,1,1,37,2240,4,2,2011,6,5,8,0,13,6,WHITTIER BLVD,SPRUCE AVE,0,34.01038611,-118.109647220,0,8,0,0,3,2,1,0,3,1,0,1,0,0000000,99,99,99,99,99,99,0,0,0,1,0
6,61045,1,1,0,1,1,1,1,37,1980,4,2,2011,6,6,55,0,13,6,FIGUEROA ST,87TH ST,0,33.95865278,-118.282691670,0,8,0,0,3,2,1,0,1,1,0,1,0,0000000,99,99,99,99,88,88,0,0,0,1,0
6,61046,2,2,0,0,0,2,2,73,0,28,4,2011,5,5,15,1,2,3,SR-94,,290,32.63529167,-116.764972220,0,12,1,0,1,1,1,0,2,1,0,1,0,0000000,99,99,99,99,99,99,0,0,0,1,0
6,61047,1,1,0,0,0,1,1,19,0,28,4,2011,5,7,25,0,6,4,RIVERBEND AVE,,0,36.71227500,-119.510972220,0,1,0,0,1,1,4,0,1,1,0,1,0,0000000,99,99,99,99,99,99,0,0,0,1,0
6,61048,1,1,0,0,0,3,3,47,0,28,4,2011,5,13,58,0,4,4,LA GRANGE RD,,0,37.53166944,-120.429455560,0,59,0,0,1,1,4,0,1,1,0,1,0,0000000,99,99,99,99,99,99,0,0,0,1,0
6,61049,2,2,0,0,0,2,2,111,2620,29,4,2011,6,4,38,0,2,3,SR-1,COOPER RD,186,34.20445556,-119.177258330,0,12,1,0,3,2,1,0,3,1,0,1,0,0000000,99,99,99,99,88,88,0,0,0,1,1
6,61050,1,1,0,1,1,1,1,67,0,3,5,2011,3,20,50,0,2,4,WATT AVE,,0,38.64686944,-121.383013890,0,8,0,0,1,1,1,0,3,1,0,1,0,0000000,99,99,99,99,88,88,0,0,0,1,0
6,61051,1,1,0,1,1,1,1,37,1980,3,5,2011,3,21,20,0,16,6,49TH PL,,0,33.99798889,-118.285655560,0,8,0,0,1,1,1,0,3,1,0,1,0,0000000,99,99,99,99,99,99,0,0,0,1,0
6,61052,1,1,0,0,0,5,5,65,0,21,5,2011,7,8,15,1,1,1,I-10,,955,33.67764167,-115.563869440,0,32,0,0,1,1,3,0,1,1,0,1,0,0000000,99,99,99,99,99,99,0,0,0,1,0
6,61053,3,3,0,0,0,3,3,65,0,11,6,2011,7,18,7,0,6,4,CLAY ST,DE ANZA PLAZA,0,33.97616944,-117.462205560,0,12,6,0,2,3,1,0,1,1,0,1,0,0000000,99,99,99,99,99,99,0,0,0,1,0
6,61054,1,1,0,0,0,6,6,71,0,29,6,2011,4,11,18,1,1,1,I-15,,1542,35.39603889,-115.818200000,0,1,0,0,1,1,3,0,1,1,0,1,0,0000000,99,99,99,99,99,99,0,0,0,2,0
6,61055,3,3,0,0,0,7,7,99,0,27,6,2011,2,9,10,0,4,4,BRADBURY RD,WALNUT AVE,0,37.44903889,-120.867111110,0,12,9,0,2,3,1,0,1,1,0,1,0,0000000,99,99,99,99,99,99,0,0,0,1,0
6,61056,3,3,0,1,1,4,4,83,3430,2,7,2011,7,22,15,1,12,2,US-101,,166,34.42803889,-119.733733330,0,8,0,0,1,1,1,0,3,1,0,1,0,0000000,99,99,99,99,99,99,0,0,0,1,0
6,61057,1,1,0,1,1,2,2,59,972,3,7,2011,1,0,2,0,13,6,PACIFIC COAST HWY,,0,33.48296944,-117.722730560,0,8,0,0,1,1,1,0,3,1,0,1,0,0000000,99,99,99,99,88,88,0,0,0,1,0
6,61058,2,1,1,1,1,1,1,37,1980,3,7,2011,1,2,0,0,14,6,PACIFIC AVE,,0,33.75572778,-117.888430560,0,8,0,0,1,1,1,0,3,1,0,1,0,0000000,99,99,99,99,99,99,0,0,0,1,0
6,61059,2,2,0,0,0,5,5,107,0,7,7,2011,5,15,40,1,2,3,SR-99,,17,35.81351944,-119.257600000,0,1,0,0,1,1,1,0,1,1,0,1,0,0000000,99,99,99,99,99,99,0,0,0,1,0
6,61060,1,1,0,1,1,1,1,37,1980,4,7,2011,2,2,30,0,16,6,VISTA DEL MAR,,0,33.92264444,-118.430897220,0,9,0,0,1,1,1,0,2,1,0,1,0,0000000,99,99,99,99,88,88,0,0,0,1,0
6,61061,1,1,0,1,1,1,1,37,1980,4,7,2011,2,14,5,0,14,6,22ND ST,BARBOUR CT,0,33.72423056,-118.286905560,0,9,0,0,2,3,1,0,1,1,0,1,0,0000000,99,99,99,99,99,99,0,0,0,1,0
6,61062,1,1,0,1,1,1,1,23,0,4,7,2011,2,22,40,1,2,2,US-101,,555,40.51143889,-124.124469440,0,8,0,0,1,1,1,0,2,1,0,1,0,0000000,99,99,99,99,99,99,0,0,0,1,0
6,61063,1,1,0,1,1,1,1,115,0,5,7,2011,3,3,25,0,4,4,PLUMAS ARBOGA RD,,0,39.04180278,-121.543283330,0,8,0,0,1,1,1,0,2,1,0,1,0,0000000,99,99,99,99,88,88,0,0,0,1,0