STATE,ST_CASE,VE_TOTAL,VE_FORMS,PVH_INVL,PEDS,PERNOTMVIT,PERMVIT,PERSONS,COUNTY,CITY,DAY,MONTH,YEAR,DAY_WEEK,HOUR,MINUTE,NHS,ROAD_FNC,ROUTE,TWAY_ID,TWAY_ID2,MILEPT,LATITUDE,LONGITUD,SP_JUR,HARM_EV,MAN_COLL,RELJCT1,RELJCT2,TYP_INT,REL_ROAD,WRK_ZONE,LGT_COND,WEATHER1,WEATHER2,WEATHER,SCH_BUS,RAIL,NOT_HOUR,NOT_MIN,ARR_HOUR,ARR_MIN,HOSP_HR,HOSP_MN,CF1,CF2,CF3,FATALS,DRUNK_DR
6,61064,1,1,0,1,1,1,1,7,0,5,7,2011,3,6,17,0,2,3,SR-191,,53,39.67293056,-121.627080560,0,8,0,0,1,1,2,0,1,1,0,1,0,0000000,99,99,99,99,88,88,0,0,0,1,0
6,61065,1,1,0,1,1,1,1,65,1580,6,7,2011,4,16,59,0,16,6,ACACIA AVE,THOMPSON ST,0,33.74390833,-116.965116670,0,8,0,0,3,3,1,0,1,1,0,1,0,0000000,99,99,99,99,88,88,0,0,0,1,0
6,61066,1,1,0,1,1,1,1,37,1980,8,7,2011,6,8,20,0,13,6,N BROADWAY,SICHEL ST,0,34.07367500,-118.213091670,0,8,0,0,3,2,1,0,1,1,0,1,0,0000000,99,99,99,99,99,99,0,0,0,1,0
6,61067,1,1,0,1,1,2,2,37,1970,9,7,2011,7,1,55,1,11,1,I-710,,119,33.86055556,-118.200530560,0,8,0,0,1,1,1,0,3,1,0,1,0,0000000,99,99,99,99,88,88,0,0,0,1,0
6,61068,1,1,0,1,1,2,2,53,0,10,7,2011,1,10,0,0,4,4,CARMEL VALLEY RD,MEADOWS RD,0,36.53210833,-121.841230560,0,9,0,0,3,3,1,0,1,1,0,1,0,0000000,99,99,99,99,99,99,0,0,0,1,0
6,61069,2,2,0,1,1,1,1,71,3210,10,7,2011,1,20,48,0,14,6,BASELINE ST,,0,34.12133056,-117.331186110,0,12,1,0,1,1,1,0,3,1,0,1,0,0000000,99,99,99,99,99,99,23,0,0,1,1
6,61070,1,1,0,1,1,1,1,81,970,12,7,2011,3,3,1,1,11,1,I-280,,270,37.70302222,-122.471505560,0,8,0,0,1,1,1,0,2,8,10,8,0,0000000,99,99,99,99,99,99,0,0,0,1,0
6,61071,2,2,0,0,0,2,2,17,0,12,7,2011,3,16,35,1,2,2,US-50,,492,38.77298056,-120.291569440,0,12,7,0,1,1,1,0,1,1,0,1,0,0000000,99,99,99,99,99,99,0,0,0,1,0
6,61072,2,2,0,0,0,2,2,67,0,12,7,2011,3,20,55,0,3,4,GERBER RD,VALLEY WOOD DR,0,38.48164722,-121.383888890,0,1,0,0,3,2,1,0,5,1,0,1,0,0000000,99,99,99,99,99,99,20,0,0,1,0
6,61073,1,1,0,0,0,1,1,29,0,13,7,2011,4,18,30,0,4,4,S GRANITE RD,,0,35.52687500,-118.969977780,0,1,0,0,1,1,2,0,1,1,0,1,0,0000000,99,99,99,99,99,99,0,0,0,1,0
6,61074,2,2,0,0,0,2,2,99,0,14,7,2011,5,8,45,1,2,3,SR-99 RAMP,CROWS LANDING RD,146,37.61839444,-120.993708330,0,33,0,1,5,1,3,0,1,1,0,1,0,0000000,99,99,99,99,99,99,0,0,0,1,0
6,61075,2,2,0,0,0,4,4,47,0,14,7,2011,5,11,5,0,2,3,SR-165,,311,37.37118889,-120.850688890,0,12,6,0,1,1,1,0,1,1,0,1,0,0000000,99,99,99,99,99,99,0,0,0,1,0
6,61076,2,2,0,0,0,2,2,95,0,19,7,2011,3,16,25,0,4,6,HAY RD,,0,38.31531389,-121.885936110,0,1,0,0,8,1,1,0,1,1,0,1,0,0000000,99,99,99,99,88,88,14,0,0,1,0
6,61077,1,1,0,0,0,1,1,73,0,22,7,2011,6,19,20,0,2,3,SR-94,,511,32.61271944,-116.475788890,0,30,0,0,1,1,5,0,1,1,0,1,0,0000000,99,99,99,99,99,99,0,0,0,1,0
6,61078,1,1,0,0,0,1,1,85,0,22,7,2011,6,22,35,1,2,2,US-101,,70,37.02441111,-121.567819440,0,24,0,0,1,1,3,0,2,1,0,1,0,0000000,99,99,99,99,88,88,0,0,0,1,0
6,61079,1,1,0,0,0,1,1,67,0,23,7,2011,7,6,0,0,2,3,SR-160,,133,38.59561667,-121.477622220,0,24,0,0,1,1,4,0,4,1,0,1,0,0000000,99,99,99,99,88,88,0,0,0,1,1
6,61080,1,1,0,0,0,2,2,59,1380,24,7,2011,1,1,17,0,14,6,MALVERN AVE,,0,33.87442500,-117.937750000,0,33,0,0,1,1,4,0,3,1,0,1,0,0000000,99,99,99,99,99,99,0,0,0,1,1
6,61081,1,1,0,1,1,1,1,37,1980,24,7,2011,1,4,20,0,13,6,VICTORY BLVD,COLDWATER CYN RD,0,34.18668056,-118.413808330,0,8,0,0,3,2,1,0,3,1,0,1,0,0000000,99,99,99,99,88,88,0,0,0,1,0
6,61082,1,1,0,1,1,1,1,37,1980,25,7,2011,2,21,30,0,13,6,VAN NUYS BLVD,HAMLIN ST,0,34.18865833,-118.448736110,0,8,0,0,3,2,1,0,3,1,0,1,0,0000000,99,99,99,99,99,99,0,0,0,1,0
6,61083,1,1,0,1,1,2,2,29,240,3,4,2011,1,21,42,0,13,6,STOCKDALE HWY,,0,35.35403611,-119.046725000,0,8,0,0,1,1,1,0,3,1,0,1,0,0000000,99,99,99,99,99,99,0,0,0,1,0
6,61084,1,1,0,1,1,1,1,37,1946,30,4,2011,7,21,20,0,13,6,WESTERN AVE,,0,33.77945278,-118.309527780,0,8,0,0,1,1,1,0,3,1,0,1,0,0000000,99,99,99,99,99,99,0,0,0,1,0
6,61085,1,1,0,1,1,1,1,37,1980,13,6,2011,2,99,99,0,14,6,RESEDA BL,,0,34.19641667,-118.536061110,0,8,0,0,1,1,1,0,3,1,0,1,0,0000000,99,99,99,99,99,99,0,0,0,1,1
6,61086,1,1,0,1,1,1,1,85,3340,16,7,2011,7,21,46,0,12,3,SR-82,,45,37.29914167,-121.856688890,0,8,0,0,1,1,1,0,3,10,0,10,0,0000000,99,99,99,99,88,88,0,0,0,1,0
6,61087,1,1,0,0,0,1,1,65,0,18,7,2011,2,1,32,0,4,4,PIERCE ST,,0,33.64350000,-116.111688890,0,38,0,0,1,1,4,0,2,1,0,1,0,0000000,99,99,99,99,88,88,4,0,0,1,1
6,61088,2,2,0,0,0,4,4,37,3690,18,7,2011,2,2,35,1,11,1,I-710,,176,33.93943056,-118.171500000,0,12,1,0,1,1,1,0,2,1,0,1,0,0000000,99,99,99,99,99,99,23,0,0,1,0
6,61089,1,1,0,1,1,1,1,65,3851,18,7,2011,2,8,48,0,16,6,VIA CORDOBA,,0,33.47207500,-117.103386110,0,8,0,0,1,1,4,0,1,1,0,1,0,0000000,99,99,99,99,99,99,4,0,0,1,0
6,61090,1,1,0,0,0,2,2,67,0,18,7,2011,2,10,25,1,2,3,SR-99,,49,38.31248889,-121.320969440,0,52,0,0,1,1,4,2,1,1,0,1,0,0000000,99,99,99,99,99,99,0,0,0,1,0
6,61091,2,2,0,0,0,7,7,37,30,17,7,2011,1,18,42,1,11,1,I-10 RAMP,,239,34.07175000,-118.124000000,0,33,0,1,5,1,4,0,1,1,0,1,0,0000000,99,99,99,99,99,99,14,0,0,1,1
6,61092,1,1,0,1,1,1,1,37,1980,18,7,2011,2,20,50,0,13,6,SAN PEDRO ST,,0,34.03564167,-118.251897220,0,8,0,0,1,1,1,0,3,1,0,1,0,0000000,99,99,99,99,88,88,0,0,0,1,0
6,61093,1,1,0,0,0,5,5,71,0,17,7,2011,1,22,15,1,1,1,I-15,,1817,35.54451389,-115.418094440,0,1,0,0,1,1,3,0,2,1,0,1,0,0000000,99,99,99,99,99,99,0,0,0,2,0
6,61094,1,1,0,0,0,1,1,19,0,18,7,2011,2,99,99,1,2,3,SR-180,,1157,36.80177222,-118.949000000,0,42,0,0,1,1,5,0,9,1,0,1,0,0000000,99,99,99,99,88,88,0,0,0,1,0
6,61095,1,1,0,0,0,1,1,79,2705,9,6,2011,5,23,28,1,12,2,US-101,,588,35.64251944,-120.685213890,0,41,0,0,1,1,3,0,3,1,0,1,0,0000000,99,99,99,99,88,88,0,0,0,1,1
6,61096,1,1,0,0,0,1,1,93,0,11,6,2011,7,99,99,0,5,4,EASTSIDE RD,,0,41.56567500,-122.832575000,0,1,0,0,1,1,4,0,2,10,0,10,0,0000000,99,99,99,99,88,88,0,0,0,1,1
6,61097,1,1,0,0,0,2,2,19,0,12,6,2011,1,17,43,1,1,1,I-5,,561,36.72796944,-120.690038890,0,1,0,0,1,1,2,0,1,1,0,1,0,0000000,99,99,99,99,0,0,0,0,0,1,0
6,61098,1,1,0,1,1,1,1,77,0,17,6,2011,6,0,40,0,4,4,GOLDEN GATE AVE,,0,37.94789722,-121.241611110,0,8,0,0,1,1,1,0,2,1,0,1,0,0000000,99,99,99,99,99,99,0,0,0,1,0
6,61099,1,1,0,0,0,2,2,63,0,17,6,2011,6,14,55,0,2,3,SR- 70,,116,39.97242778,-121.274536110,0,1,0,0,1,1,2,0,1,1,0,1,0,0000000,99,99,99,99,99,99,0,0,0,1,0
6,61100,1,1,0,0,0,1,1,73,0,3,7,2011,1,14,10,0,2,3,SR-67,,108,32.92401111,-116.945580560,0,33,0,0,1,1,4,0,1,1,0,1,0,0000000,99,99,99,99,99,99,0,0,0,1,1
6,61101,3,3,0,0,0,3,3,65,0,19,7,2011,3,6,37,0,4,4,GILMAN SPRINGS RD,,0,33.83129444,-116.982666670,0,12,8,0,1,1,1,0,1,1,0,1,0,0000000,99,99,99,99,99,99,0,0,0,1,0
6,61102,2,2,0,0,0,6,6,77,0,19,7,2011,3,17,35,1,2,3,SR-88,,130,38.14753056,-121.158469440,0,12,2,0,1,1,1,0,1,1,0,1,0,0000000,99,99,99,99,99,99,0,0,0,1,0
6,61103,3,3,0,0,0,3,3,85,3440,20,7,2011,4,5,50,1,12,2,US-101,,417,37.38098889,-121.960838890,0,12,1,0,1,1,1,0,4,1,0,1,0,0000000,99,99,99,99,88,88,0,0,0,1,0
6,61104,1,1,0,1,1,1,1,75,3290,20,7,2011,4,8,4,0,13,6,MISSION ST,FREMONT ST,0,37.79047222,-122.396691670,0,9,0,0,2,2,1,0,1,1,0,1,0,0000000,8,4,99,99,99,99,0,0,0,1,0
6,61105,1,1,0,0,0,2,2,29,0,21,7,2011,5,2,30,1,1,1,I-5,,311,35.18216111,-119.133880560,0,38,0,0,1,1,4,0,2,98,0,98,0,0000000,2,30,99,99,99,99,0,0,0,1,0
6,61106,2,2,0,0,0,2,2,95,1260,21,7,2011,5,8,42,0,13,6,TRAVIS BLVD,,0,38.25806111,-122.050308330,0,12,6,0,1,1,1,0,1,1,0,1,0,0000000,99,99,99,99,99,99,0,0,0,1,0
6,61107,2,2,0,0,0,2,2,39,0,21,7,2011,5,17,8,0,2,3,SR-41,,918,37.15206944,-119.731411110,0,12,6,0,1,1,1,0,1,1,0,1,0,0000000,99,99,99,99,99,99,0,0,0,1,1
6,61108,1,1,0,0,0,1,1,57,0,21,7,2011,5,23,0,1,2,3,SR-20,,38,39.19971111,-121.219169440,0,1,0,0,1,1,1,0,2,1,0,1,0,0000000,99,99,99,99,88,88,0,0,0,1,1
6,61109,1,1,0,0,0,1,1,37,0,22,7,2011,6,15,31,0,4,4,ESCONDIDO CANYON RD,HUBBARD RD,0,34.47345278,-118.201686110,0,1,0,0,3,3,4,0,1,1,0,1,0,0000000,99,99,99,99,99,99,0,0,0,1,0
6,61110,2,2,0,0,0,2,2,85,3440,20,3,2011,1,22,36,0,13,6,KIELY BLVD,,0,37.35051389,-121.977658330,0,12,6,0,8,1,1,0,6,1,0,1,0,0000000,99,99,99,99,99,99,0,0,0,1,0
6,61111,2,2,0,1,1,2,2,59,2560,2,4,2011,7,23,57,1,12,3,SR-57,,122,33.80062778,-117.878150000,0,12,2,0,1,1,1,0,3,1,0,1,0,0000000,99,99,99,99,99,99,19,0,0,1,1
6,61112,1,1,0,1,1,2,2,79,0,25,6,2011,7,19,55,0,4,4,HALCYON RD,,0,35.08417500,-120.590013890,0,33,0,0,1,1,4,0,1,1,0,1,0,0000000,99,99,99,99,99,99,0,0,0,1,1
6,61113,1,1,0,0,0,1,1,71,0,6,7,2011,4,15,45,0,6,4,NATIONAL TRAILS HWY,,0,34.66422500,-115.348852780,0,24,0,0,1,1,4,0,1,1,0,1,0,0000000,99,99,99,99,88,88,0,0,0,1,0
6,61114,2,2,0,0,0,3,3,97,0,9,7,2011,7,15,55,0,2,3,SR-116,E BONESS RD,458,38.24557778,-122.469180560,0,12,1,0,2,3,1,0,1,1,0,1,0,0000000,99,99,99,99,99,99,0,0,0,1,0
6,61115,1,1,0,1,1,1,1,37,1980,12,7,2011,3,15,25,1,12,3,SR-60,,13,34.02895556,-118.203400000,0,8,0,0,1,1,1,0,1,1,0,1,0,0000000,99,99,99,99,88,88,0,0,0,1,0
6,61116,2,2,0,0,0,17,17,75,3290,14,7,2011,5,6,22,0,13,6,OCTAVIA ST,OAK ST,0,37.77479722,-122.424091670,0,12,6,0,2,2,1,0,1,1,0,1,0,0000000,99,99,99,99,99,99,0,0,0,1,0
6,61117,1,1,0,0,0,1,1,37,4124,23,7,2011,7,7,30,0,13,6,SAN VICENTE BLVD,,0,34.07822778,-118.380152780,0,33,0,0,1,1,3,0,1,1,0,1,0,0000000,99,99,99,99,88,88,0,0,0,1,1
6,61118,1,1,0,1,1,1,1,73,1182,27,7,2011,4,21,46,0,13,6,EL CAMINO REAL,,0,33.11475556,-117.271350000,0,9,0,0,1,1,4,0,3,1,0,1,0,0000000,99,99,99,99,88,88,0,0,0,1,1
6,61119,1,1,0,2,2,1,1,71,4040,29,7,2011,6,22,26,0,14,6,BALSAM AVE,,0,34.48188611,-117.330008330,0,8,0,0,1,1,2,0,2,1,0,1,0,0000000,99,99,99,99,99,99,0,0,0,1,0
6,61120,1,1,0,1,1,3,3,111,4027,29,7,2011,6,23,0,1,12,2,US-101,,249,34.25541667,-119.215852780,0,8,0,0,1,1,1,0,2,1,0,1,0,0000000,99,99,99,99,88,88,0,0,0,1,0
6,61121,1,1,0,0,0,2,2,25,0,30,7,2011,7,4,30,0,2,3,SR-78,,578,33.16658611,-114.828930560,0,1,0,0,1,1,5,0,2,1,0,1,0,0000000,99,99,99,99,99,99,0,0,0,1,0
6,61122,1,1,0,1,1,2,2,37,1980,31,7,2011,1,7,26,0,13,6,VERMONT AVE,,0,34.05749722,-118.291633330,0,33,0,0,1,1,4,0,1,10,0,10,0,0000000,99,99,99,99,99,99,0,0,0,1,0
6,61123,3,3,0,0,0,5,5,71,0,31,7,2011,1,9,49,1,1,1,I-15,,1748,34.54965833,-117.293336110,0,12,6,0,1,1,1,0,1,2,10,2,0,0000000,99,99,99,99,99,99,0,0,0,1,0
6,61124,1,1,0,1,1,1,1,37,1670,31,7,2011,1,19,55,0,14,6,GAGE AVE,BISSELL ST,0,33.98006111,-118.206325000,0,15,0,0,3,4,1,0,5,1,0,1,0,0000000,99,99,99,99,99,99,0,0,0,1,0
6,61125,2,2,0,0,0,3,3,37,2870,1,8,2011,2,1,41,0,13,6,HOLT AVE,GAREY AVE,0,34.06238889,-117.750325000,0,12,6,0,3,2,1,0,3,1,0,1,0,0000000,99,99,99,99,99,99,0,0,0,2,0
6,61126,1,1,0,1,1,1,1,65,2730,1,8,2011,2,5,21,1,11,1,I-215 RAMP,,239,33.75771111,-117.190300000,0,8,0,1,5,1,1,0,4,1,0,1,0,0000000,99,99,99,99,88,88,19,0,0,1,0
6,61127,2,2,0,0,0,2,2,19,0,1,8,2011,2,6,15,0,2,3,SR-145,,409,36.81698889,-120.056611110,0,12,6,0,1,1,1,0,1,1,0,1,0,0000000,99,99,99,99,88,88,0,0,0,1,1
6,61128,3,1,2,0,0,1,1,37,2260,1,8,2011,2,8,27,0,13,6,S GARFIELD AVE,,0,34.04894444,-118.128511110,0,14,0,0,1,1,4,0,1,1,0,1,0,0000000,99,99,99,99,99,99,0,0,0,1,0
6,61129,1,1,0,0,0,1,1,103,0,1,8,2011,2,18,43,0,4,4,PAYNES CREEK RD,,0,40.19945556,-122.203430560,0,1,0,0,1,1,1,0,1,1,0,1,0,0000000,99,99,99,99,88,88,0,0,0,1,0
6,61130,2,2,0,0,0,3,3,67,0,2,8,2011,3,6,0,1,2,3,SR-99,W ELVERTA RD,354,38.71418611,-121.540188890,0,12,6,0,2,2,1,0,4,1,0,1,0,0000000,99,99,99,99,99,99,0,0,0,1,0
6,61131,1,1,0,0,0,2,2,71,0,2,8,2011,3,19,7,0,6,4,CLEGHORN FIRE RD,,0,34.30460278,-117.451175000,0,1,0,0,1,1,2,0,1,1,0,1,0,0000000,99,99,99,99,99,99,4,0,0,1,0
6,61132,2,2,0,0,0,2,2,45,0,2,8,2011,3,20,0,0,2,3,SR-128,,508,38.85176111,-123.076997220,0,1,0,0,1,1,1,0,1,1,0,1,0,0000000,99,99,99,99,99,99,0,0,0,1,0
6,61133,1,1,0,0,0,7,7,37,1980,3,8,2011,4,0,1,0,13,3,SR-1,,384,34.03816111,-118.540413890,0,31,0,0,1,1,4,0,3,1,0,1,0,0000000,99,99,99,99,99,99,0,0,0,1,0
6,61134,1,1,0,1,1,1,1,99,0,3,8,2011,4,4,18,0,3,4,CENTRAL AVE,,0,37.56443056,-120.957011110,0,9,0,0,1,1,1,0,2,1,0,1,0,0000000,99,99,99,99,88,88,0,0,0,1,0
6,61135,1,1,0,1,1,1,1,37,1980,5,8,2011,6,13,15,0,13,6,SLAUSON AVE,ATLANTIC BLVD,0,33.98710556,-118.185580560,0,8,0,0,3,2,1,0,1,1,0,1,0,0000000,99,99,99,99,88,88,0,0,0,1,0
6,61136,1,1,0,0,0,6,6,53,3180,3,8,2011,4,16,33,1,12,2,US-101,,902,36.71784722,-121.660680560,0,42,0,0,1,1,5,0,1,10,0,10,0,0000000,99,99,99,99,99,99,0,0,0,1,0
6,61137,2,2,0,0,0,4,4,65,0,3,8,2011,4,18,43,0,3,4,JACKSON ST,,0,33.65351944,-116.216569440,0,12,6,0,1,1,1,0,1,1,0,1,0,0000000,99,99,99,99,99,99,0,0,0,1,0
6,61138,1,1,0,0,0,3,3,111,2890,4,8,2011,5,1,30,0,13,6,PLEASANT VALLEY RD,,0,34.15488333,-119.193877780,0,42,0,0,1,1,5,0,3,1,0,1,0,0000000,99,99,99,99,99,99,0,0,0,1,1
6,61139,1,1,0,1,1,1,1,73,3260,4,8,2011,5,15,12,0,16,6,BEYER WAY,,0,32.57604167,-117.068102780,0,8,0,0,8,1,1,0,1,1,0,1,0,0000000,99,99,99,99,99,99,0,0,0,1,0
6,61140,1,1,0,1,1,0,0,83,0,4,8,2011,5,16,24,0,16,6,RINGSTED DR,,0,34.60801389,-120.130569440,0,8,0,0,1,1,1,0,1,1,0,1,0,0000000,99,99,99,99,99,99,0,0,0,1,0
6,61141,1,1,0,0,0,1,1,53,0,4,8,2011,5,18,58,0,3,4,EDGEWATER RD,,0,36.24855000,-121.094850000,0,38,0,0,1,1,5,0,1,1,0,1,0,0000000,99,99,99,99,88,88,0,0,0,1,1
6,61142,2,2,0,0,0,11,11,29,0,5,8,2011,6,6,18,1,1,1,I-5,,421,35.30338889,-119.264169440,0,54,11,0,1,1,1,0,1,1,0,1,0,0000000,99,99,99,99,99,99,14,0,0,1,0
6,61143,1,1,0,1,1,3,3,53,0,5,8,2011,6,19,20,1,2,2,US-101,,322,36.12388889,-121.024988890,0,8,0,1,18,1,1,0,1,1,0,1,0,0000000,99,99,99,99,88,88,0,0,0,1,0
6,61144,1,1,0,0,0,1,1,67,0,7,8,2011,1,11,15,1,2,3,SR-99 RAMP,,208,38.50942222,-121.459900000,0,42,0,1,5,1,2,0,1,1,0,1,0,0000000,99,99,99,99,99,99,0,0,0,1,0
6,61145,2,2,0,0,0,4,4,53,0,7,8,2011,1,12,13,0,4,4,SAN MIGUEL CANYON RD,,0,36.80281111,-121.666811110,0,12,6,0,8,1,1,0,1,1,0,1,0,0000000,99,99,99,99,99,99,0,0,0,1,0
6,61146,1,1,0,0,0,3,3,33,0,23,5,2011,2,17,5,0,4,4,ELK MOUNTAIN RD,,0,39.20973889,-122.911061110,0,35,0,0,1,1,4,0,1,1,0,1,0,0000000,99,99,99,99,99,99,0,0,0,1,1
6,61147,1,1,0,1,1,5,5,19,1370,21,6,2011,3,23,38,0,13,6,FRIANT RD,,0,36.88865833,-119.776844440,0,8,0,0,1,1,1,0,2,1,0,1,0,0000000,99,99,99,99,99,99,0,0,0,1,0
6,61148,1,1,0,1,1,2,2,59,3420,28,6,2011,3,21,28,0,13,6,17TH ST,NANCY LANE,0,33.75990278,-117.906697220,0,8,0,0,3,3,1,0,3,10,0,10,0,0000000,99,99,99,99,99,99,0,0,0,1,0
6,61149,1,1,0,0,0,4,4,71,0,29,6,2011,4,17,15,1,1,1,I-15,,1490,35.37138056,-115.901488890,0,1,0,0,1,1,3,0,1,1,0,1,0,0000000,99,99,99,99,99,99,0,0,0,1,0
6,61150,1,1,0,0,0,1,1,67,3150,30,6,2011,5,5,58,0,4,4,TWIN CITIES RD,,0,38.29068056,-121.390980560,0,42,0,0,1,1,4,0,1,1,0,1,0,0000000,99,99,99,99,88,88,0,0,0,1,0
6,61151,2,2,0,0,0,2,2,15,0,30,6,2011,5,6,46,1,2,2,US-101,,338,41.84291944,-124.143441670,0,12,2,0,1,1,1,0,1,1,0,1,0,0000000,99,99,99,99,88,88,0,0,0,1,0
6,61152,1,1,0,1,1,1,1,37,1980,15,7,2011,6,2,25,0,13,6,FLORENCE AVE,,0,33.97464444,-118.272833330,0,8,0,0,1,1,1,0,3,1,0,1,0,0000000,99,99,99,99,99,99,0,0,0,1,0
6,61153,2,1,1,0,4,3,7,37,3300,21,1,2011,6,6,57,0,13,6,VALLEY BLVD,,0,34.05093056,-117.810413890,0,14,0,0,1,1,4,0,1,1,0,1,0,0000000,99,99,99,99,99,99,0,0,0,1,1
6,61154,1,1,0,0,0,3,3,19,0,14,5,2011,7,3,30,0,6,4,SHIELDS AVE,,0,36.77818889,-120.182869440,0,58,0,0,1,1,5,0,2,1,0,1,0,0000000,99,99,99,99,99,99,0,0,0,1,1
6,61155,1,1,0,0,0,1,1,23,0,4,8,2011,5,14,40,1,2,2,US-101,,508,40.48204167,-124.099377780,0,24,0,0,1,1,4,0,1,10,0,10,0,0000000,99,99,99,99,99,99,0,0,0,1,0
6,61156,1,1,0,1,1,1,1,37,1980,6,8,2011,7,19,5,0,16,6,3RD ST,MESA ST,0,34.05303333,-118.251241670,0,8,0,0,3,2,1,0,1,1,0,1,0,0000000,99,99,99,99,99,99,0,0,0,1,0
6,61157,1,1,0,0,0,4,4,71,0,6,8,2011,7,23,59,1,1,1,I-40,,910,34.77146111,-115.465350000,0,1,0,0,1,1,5,0,2,1,0,1,0,0000000,99,99,99,99,99,99,0,0,0,2,0
6,61158,2,2,0,0,0,2,2,37,2260,8,8,2011,2,2,2,1,12,3,SR-60,,43,34.03635000,-118.153069440,0,12,6,0,1,1,1,0,3,1,0,1,0,0000000,99,99,99,99,99,99,19,0,0,1,0
6,61159,1,1,0,0,0,1,1,79,0,7,8,2011,1,2,14,0,3,4,RIVER RD,,0,35.74618056,-120.684761110,0,38,0,0,1,1,5,0,2,1,0,1,0,0000000,99,99,99,99,88,88,0,0,0,1,1
6,61160,1,1,0,0,0,2,2,71,0,7,8,2011,1,7,5,1,1,1,I-15,,1818,35.54640000,-115.417322220,0,1,0,0,1,1,3,0,1,1,0,1,0,0000000,99,99,99,99,99,99,0,0,0,1,0
6,61161,1,1,0,0,0,3,3,53,0,7,8,2011,1,11,8,1,2,2,US-101,,353,36.16486944,-121.054119440,0,1,0,0,1,1,1,0,1,1,0,1,0,0000000,99,99,99,99,99,99,0,0,0,1,0
6,61162,1,1,0,1,1,3,3,37,1980,7,8,2011,1,15,35,0,13,6,WESTERN AVE,,0,33.97828056,-118.308955560,0,8,0,0,1,1,1,0,1,1,0,1,0,0000000,99,99,99,99,99,99,0,0,0,1,0
6,61163,1,1,0,1,1,5,5,65,0,7,8,2011,1,23,36,1,2,3,SR-74,NAUMANN AVE,321,33.74311944,-117.114330560,0,8,0,0,3,3,1,0,3,1,0,1,0,0000000,99,99,99,99,88,88,0,0,0,1,0
6,61164,1,1,0,0,0,2,2,71,0,8,8,2011,2,2,10,0,2,3,SR-247,,350,34.42540000,-116.780719440,0,1,0,0,1,1,5,0,2,1,0,1,0,0000000,99,99,99,99,99,99,0,0,0,1,0
6,61165,1,1,0,0,0,1,1,29,0,5,8,2011,6,22,50,0,4,4,CALIENTE CREEK RD,,0,35.33821944,-118.388419440,0,42,0,0,1,1,4,0,2,1,0,1,0,0000000,99,99,99,99,88,88,0,0,0,1,1
6,61166,1,1,0,0,0,1,1,115,0,6,8,2011,7,0,51,0,6,4,LOMA RICA RD,,0,39.31398056,-121.413700000,0,42,0,0,1,1,4,0,2,1,0,1,0,0000000,99,99,99,99,88,88,0,0,0,1,1
6,61167,1,1,0,0,0,1,1,37,1980,9,8,2011,3,16,30,0,13,6,PLATT AVE,OXNARD ST,0,34.17926667,-118.642986110,0,30,0,0,3,2,4,0,1,1,0,1,0,0000000,99,99,99,99,88,88,0,0,0,1,0
6,61168,2,2,0,0,0,3,3,73,0,9,8,2011,3,21,18,1,1,1,I-8,,274,32.84706944,-116.805088890,0,12,1,0,1,1,1,0,2,1,0,1,0,0000000,99,99,99,99,88,88,0,0,0,1,1
6,61169,1,1,0,0,0,2,2,65,2327,1,5,2011,1,0,14,0,15,6,GUAVA ST,ADAMS AVE,0,33.54280000,-117.196197220,0,35,0,0,3,3,5,0,3,1,0,1,0,0000000,0,14,0,22,99,99,0,0,0,1,1
6,61170,2,1,1,0,0,1,1,77,3770,3,5,2011,3,23,6,0,14,6,PARK ST,,0,37.96185556,-121.278913890,0,33,0,0,1,1,4,0,3,1,0,1,0,0000000,99,99,99,99,88,88,20,14,0,1,0
6,61171,2,1,1,1,1,2,2,53,3180,18,5,2011,4,14,25,0,14,6,ABBOTT ST,,0,36.66122778,-121.640841670,0,33,0,0,1,1,4,0,1,1,0,1,0,0000000,99,99,99,99,99,99,0,0,0,1,0
6,61172,1,1,0,0,0,2,2,37,2684,18,7,2011,2,21,47,0,14,6,DOWNEY AVE,,0,33.90520278,-118.151544440,0,33,0,0,1,1,4,0,3,1,0,1,0,0000000,99,99,99,99,99,99,0,0,0,1,1
6,61173,2,2,0,0,0,4,4,59,80,29,7,2011,6,19,31,0,13,6,W LA PALMA AVE,N SEQUOIA AVE,0,33.84691111,-117.965400000,0,12,6,0,2,3,1,0,5,1,0,1,0,0000000,99,99,99,99,99,99,0,0,0,1,0
6,61174,2,1,1,1,1,1,1,75,3290,7,8,2011,1,1,30,0,16,6,S VAN NESS AVE,,0,37.76387778,-122.417347220,0,8,0,0,1,1,1,0,3,1,0,1,0,0000000,99,99,99,99,99,99,0,0,0,1,0
6,61175,1,1,0,1,1,1,1,71,3210,20,7,2011,4,21,17,0,14,6,40TH ST,HARRISON ST,0,34.16499444,-117.264536110,0,8,0,0,2,3,1,0,3,1,0,1,0,0000000,99,99,99,99,99,99,0,0,0,1,0