STATE,ST_CASE,VE_TOTAL,VE_FORMS,PVH_INVL,PEDS,PERNOTMVIT,PERMVIT,PERSONS,COUNTY,CITY,DAY,MONTH,YEAR,DAY_WEEK,HOUR,MINUTE,NHS,ROAD_FNC,ROUTE,TWAY_ID,TWAY_ID2,MILEPT,LATITUDE,LONGITUD,SP_JUR,HARM_EV,MAN_COLL,RELJCT1,RELJCT2,TYP_INT,REL_ROAD,WRK_ZONE,LGT_COND,WEATHER1,WEATHER2,WEATHER,SCH_BUS,RAIL,NOT_HOUR,NOT_MIN,ARR_HOUR,ARR_MIN,HOSP_HR,HOSP_MN,CF1,CF2,CF3,FATALS,DRUNK_DR
6,61176,1,1,0,0,0,1,1,73,0,21,7,2011,5,23,0,1,1,1,I-8,,435,32.81785000,-116.533100000,0,23,0,0,1,1,4,0,2,1,0,1,0,0000000,99,99,99,99,99,99,0,0,0,1,1
6,61177,2,2,0,0,0,3,3,53,0,12,8,2011,6,17,0,0,2,3,SR-68,,21,36.60023889,-121.927119440,0,12,2,0,1,1,1,0,1,10,0,10,0,0000000,99,99,99,99,99,99,0,0,0,1,0
6,61178,2,2,0,0,0,2,2,59,2560,1,7,2011,6,1,25,1,12,3,SR-55,,135,33.78753889,-117.830788890,0,12,1,0,1,1,1,0,3,1,0,1,0,0000000,99,99,99,99,99,99,0,0,0,1,1
6,61179,2,2,0,0,0,3,3,71,0,1,7,2011,6,6,55,1,2,3,SR-18,,1058,34.50701944,-117.484138890,0,12,6,0,1,1,1,0,1,1,0,1,0,0000000,99,99,99,99,99,99,0,0,0,1,0
6,61180,1,1,0,0,0,8,8,37,0,1,7,2011,6,16,50,0,6,4,BOBS GAP RD,,0,34.45248056,-117.813119440,0,24,0,0,1,1,4,0,1,1,0,1,0,0000000,99,99,99,99,99,99,0,0,0,1,1
6,61181,1,1,0,0,0,3,3,105,0,2,7,2011,7,2,20,0,2,3,SR-3,,121,40.55792778,-123.109458330,0,5,0,0,1,1,1,0,2,1,0,1,0,0000000,99,99,99,99,99,99,0,0,0,1,1
6,61182,1,1,0,0,0,2,2,73,710,2,7,2011,7,5,40,1,11,1,I-805,,65,32.63513056,-117.047238890,0,43,0,0,1,1,4,0,4,1,0,1,0,0000000,99,99,99,99,99,99,0,0,0,1,1
6,61183,2,2,0,0,0,2,2,37,1980,2,7,2011,7,9,15,0,14,6,CHATSWORTH ST,,0,34.26467778,-118.525716670,0,12,6,0,8,1,1,0,1,1,0,1,0,0000000,99,99,99,99,99,99,0,0,0,1,0
6,61184,1,1,0,0,0,2,2,99,0,3,7,2011,1,1,20,1,2,3,SR-99,,146,37.61928056,-120.994700000,0,33,0,0,1,1,4,0,3,1,0,1,0,0000000,99,99,99,99,99,99,0,0,0,1,1
6,61185,2,2,0,0,0,4,4,73,1200,3,7,2011,1,2,15,0,12,3,SR-78,ELMWOOD DR,186,33.12972778,-117.074988890,0,12,6,0,8,1,1,0,3,1,0,1,0,0000000,99,99,99,99,99,99,0,0,0,1,2
6,61186,1,1,0,0,0,1,1,85,2000,3,7,2011,1,2,36,0,14,6,BLOSSOM HILL RD,,0,37.23481944,-121.969072220,0,33,0,0,1,1,4,0,2,1,0,1,0,0000000,99,99,99,99,99,99,0,0,0,1,1
6,61187,3,2,1,0,0,4,4,73,0,3,7,2011,1,12,40,0,3,4,S MAIN AVE,,0,33.37876111,-117.251480560,0,14,0,0,1,1,4,0,1,1,0,1,0,0000000,99,99,99,99,99,99,0,0,0,1,1
6,61188,1,1,0,0,0,2,2,77,0,3,7,2011,1,17,18,1,2,3,SR-99,,83,37.81541111,-121.209130560,0,1,0,0,1,1,3,0,1,1,0,1,0,0000000,99,99,99,99,99,99,0,0,0,1,0
6,61189,1,1,0,0,0,1,1,111,0,3,7,2011,1,22,0,0,2,3,SR-33,,538,34.74776389,-119.408133330,0,1,0,0,1,1,4,0,2,1,0,1,0,0000000,99,99,99,99,88,88,0,0,0,1,1
6,61190,2,2,0,0,0,6,6,99,640,3,7,2011,1,23,17,1,12,3,SR-99,,111,37.58600000,-120.950738890,0,12,2,0,1,1,1,0,2,1,0,1,0,0000000,99,99,99,99,99,99,0,0,0,1,1
6,61191,1,1,0,0,0,7,7,59,2560,4,7,2011,2,1,8,1,12,3,SR-55 RAMP,,132,33.77823056,-117.832819440,0,33,0,0,5,1,4,0,3,1,0,1,0,0000000,99,99,99,99,99,99,0,0,0,1,0
6,61192,1,1,0,0,0,1,1,97,0,4,7,2011,2,9,50,0,2,4,LEVERONI RD,5TH ST W,0,38.27690000,-122.470669440,0,24,0,0,3,3,4,0,1,1,0,1,0,0000000,99,99,99,99,88,88,0,0,0,1,0
6,61193,1,1,0,0,0,1,1,73,1200,4,7,2011,2,11,54,0,15,6,FELICITA RD,,0,33.09954722,-117.082580560,0,33,0,0,1,1,4,0,1,1,0,1,0,0000000,99,99,99,99,99,99,0,0,0,1,0
6,61194,2,2,0,0,0,3,3,111,0,4,7,2011,2,13,37,0,2,3,SR-1,,78,34.08865000,-119.063430560,0,12,6,0,8,1,1,0,1,1,0,1,0,0000000,99,99,99,99,99,99,0,0,0,1,1
6,61195,1,1,0,0,0,1,1,19,0,4,7,2011,2,14,20,0,6,4,SOUTH AVE,,0,36.61851111,-119.406730560,0,1,0,0,1,1,1,0,1,1,0,1,0,0000000,99,99,99,99,88,88,0,0,0,1,0
6,61196,2,2,0,0,0,6,6,99,0,4,7,2011,2,20,38,0,4,4,CARPENTER RD,MONTE VISTA AVE,0,37.52246944,-121.030819440,0,12,6,0,2,2,1,0,1,1,0,1,0,0000000,99,99,99,99,99,99,0,0,0,1,0
6,61197,2,2,0,0,0,2,2,37,0,5,7,2011,3,5,10,0,5,4,AVE O,130TH ST E,0,34.61661111,-117.899161110,0,12,2,0,1,1,1,0,4,1,0,1,0,0000000,99,99,99,99,99,99,0,0,0,1,0
6,61198,2,1,1,0,1,1,2,71,2550,5,7,2011,3,9,42,1,11,1,I-10,,64,34.06839444,-117.605361110,0,14,0,1,5,1,2,0,1,1,0,1,0,0000000,99,99,99,99,88,88,0,0,0,1,0
6,61199,1,1,0,0,0,1,1,23,0,6,7,2011,4,1,55,1,2,2,US-101,,404,40.40445556,-123.954902780,0,24,0,0,1,1,4,0,2,1,0,1,0,0000000,99,99,99,99,99,99,0,0,0,1,0
6,61200,5,5,0,0,0,7,7,19,0,6,7,2011,4,10,55,1,2,3,SR-41,,30,36.44513889,-119.798344440,0,12,8,0,1,1,1,0,1,1,0,1,0,0000000,99,99,99,99,99,99,0,0,0,1,1
6,61201,1,1,0,0,0,2,2,73,0,6,7,2011,4,12,38,1,1,1,I-8,,612,32.70631111,-116.362680560,0,1,0,0,1,1,4,0,1,10,2,2,0,0000000,99,99,99,99,99,99,0,0,0,1,0
6,61202,2,2,0,0,0,7,7,71,0,6,7,2011,4,13,45,0,2,3,SR-62,,1037,34.10133889,-114.910250000,0,12,6,0,1,1,1,0,1,1,0,1,0,0000000,99,99,99,99,99,99,0,0,0,1,0
6,61203,4,4,0,0,0,5,5,111,0,6,7,2011,4,14,0,1,2,3,SR-118,,26,34.27020000,-119.129716670,0,12,6,0,1,1,1,0,1,1,0,1,0,0000000,99,99,99,99,99,99,0,0,0,1,0
6,61204,1,1,0,0,0,1,1,73,0,6,7,2011,4,17,47,0,3,4,E MISSION RD,,0,33.38925833,-117.219755560,0,42,0,0,1,1,4,0,1,1,0,1,0,0000000,99,99,99,99,88,88,0,0,0,1,1
6,61205,2,2,0,0,0,4,4,107,3920,6,7,2011,4,19,48,0,6,6,OWENS AVE,LANSING,0,36.20261667,-119.376875000,0,12,6,0,2,3,1,0,1,1,0,1,0,0000000,99,99,99,99,99,99,0,0,0,1,1
6,61206,2,2,0,0,0,6,6,73,3260,7,7,2011,5,0,22,0,13,6,SEA WORLD DR,,0,32.75998056,-117.232680560,0,12,1,0,1,1,1,0,3,1,0,1,0,0000000,99,99,99,99,99,99,0,0,0,1,0
6,61207,1,1,0,0,0,2,2,77,0,7,7,2011,5,0,53,1,2,3,SR-99,,260,38.06571111,-121.259861110,0,41,0,0,1,1,4,0,2,1,0,1,0,0000000,99,99,99,99,99,99,0,0,0,1,1
6,61208,2,2,0,0,0,9,9,101,0,7,7,2011,5,5,19,0,2,3,SR-113,,56,38.88106944,-121.703769440,0,12,7,0,1,1,1,0,2,1,0,1,0,0000000,99,99,99,99,99,99,0,0,0,2,0
6,61209,2,2,0,0,0,2,2,37,1980,8,7,2011,6,0,25,0,13,6,CAHUENGA BLVD W,BARHAM BLVD,0,34.12845833,-118.347252780,0,12,6,0,2,3,1,0,3,1,0,1,0,0000000,99,99,99,99,99,99,0,0,0,1,0
6,61210,1,1,0,0,0,2,2,7,0,8,7,2011,6,14,15,0,2,3,SR-99,,57,39.38530833,-121.687741670,0,1,0,0,1,1,4,0,1,1,0,1,0,0000000,99,99,99,99,99,99,0,0,0,1,0
6,61211,1,1,0,0,0,1,1,59,2560,8,7,2011,6,17,54,0,13,6,E SANTIAGO CYN RD,,0,33.81354444,-117.785366670,0,33,0,0,1,1,4,0,1,1,0,1,0,0000000,99,99,99,99,99,99,0,0,0,1,0
6,61212,1,1,0,0,0,1,1,95,0,8,7,2011,6,20,20,0,6,4,HARTLEY RD,,0,38.42601111,-121.943230560,0,34,0,0,1,1,4,0,1,1,0,1,0,0000000,99,99,99,99,88,88,0,0,0,1,1
6,61213,1,1,0,0,0,1,1,23,0,8,7,2011,6,99,99,0,2,3,SR-36,,103,40.50438056,-123.991458330,0,42,0,0,1,1,4,0,2,10,0,10,0,0000000,99,99,99,99,88,88,0,0,0,1,0
6,61214,1,1,0,0,0,2,2,89,0,9,7,2011,7,1,0,0,3,4,BEAR MTN RD,,0,40.69444444,-122.273163890,0,24,0,0,1,1,4,0,2,1,0,1,0,0000000,99,99,99,99,99,99,0,0,0,1,1
6,61215,1,1,0,0,0,1,1,39,0,9,7,2011,7,1,48,0,4,4,AVE 21,,0,37.05426944,-120.039388890,0,35,0,0,1,1,4,0,2,1,0,1,0,0000000,99,99,99,99,88,88,0,0,0,1,1
6,61216,1,1,0,0,0,1,1,99,0,9,7,2011,7,2,0,0,6,4,LANGWORTH RD,,0,37.71820000,-120.894100000,0,42,0,0,1,1,4,0,2,1,0,1,0,0000000,99,99,99,99,99,99,0,0,0,1,1
6,61217,2,2,0,0,0,2,2,37,0,9,7,2011,7,3,59,0,2,4,EL SEGUNDO BLVD,MAIN ST,0,33.91643056,-118.273880560,0,12,6,0,2,2,1,0,3,1,0,1,0,0000000,99,99,99,99,99,99,0,0,0,1,1
6,61218,2,2,0,0,0,6,6,37,0,9,7,2011,7,6,47,1,1,1,I-5,,636,34.54743056,-118.659650000,0,12,1,0,1,1,1,0,1,1,0,1,0,0000000,99,99,99,99,99,99,0,0,0,1,0
6,61219,2,2,0,0,0,4,4,71,0,9,7,2011,7,19,52,0,6,4,SMOKE TREE RD,BRACEO ST,0,34.44116944,-117.443550000,0,12,6,0,2,3,1,0,1,1,0,1,0,0000000,99,99,20,5,88,88,0,0,0,1,1
6,61220,3,3,0,0,0,6,6,37,8,9,7,2011,7,21,40,1,12,2,US-101,,317,34.14373889,-118.703988890,0,1,0,0,1,1,1,1,2,1,0,1,0,0000000,99,99,99,99,88,88,14,0,0,1,0
6,61221,1,1,0,0,0,1,1,37,1980,10,7,2011,1,15,56,1,12,3,SR-134,,45,34.15623056,-118.299261110,0,42,0,0,1,1,4,0,1,1,0,1,0,0000000,99,99,99,99,99,99,0,0,0,1,0
6,61222,3,2,1,0,0,2,2,37,1980,10,7,2011,1,19,35,0,13,6,ADAMS BL,CATALINA ST,0,34.03275556,-118.294227780,0,12,6,0,2,2,1,0,1,1,0,1,0,0000000,99,99,99,99,99,99,14,0,0,1,1
6,61223,3,3,0,0,0,4,4,71,0,11,7,2011,2,13,45,1,2,3,SR-18,MESCALERO RD,1117,34.50627500,-117.588438890,0,12,7,0,3,3,1,0,1,1,0,1,0,0000000,99,99,99,99,99,99,0,0,0,1,0
6,61224,2,2,0,0,0,2,2,59,1790,11,7,2011,2,17,22,0,14,6,EUCLID ST,COUNTRY HILLS DR,0,33.90894444,-117.948041670,0,1,0,0,2,2,1,0,1,1,0,1,0,0000000,99,99,99,99,88,88,0,0,0,1,0
6,61225,1,1,0,0,0,1,1,97,0,11,7,2011,2,21,33,0,2,3,SR-128,,76,38.70153056,-122.867100000,0,38,0,0,1,1,4,0,2,1,0,1,0,0000000,99,99,99,99,99,96,0,0,0,1,1
6,61226,2,2,0,0,0,3,3,23,0,12,7,2011,3,17,37,0,2,3,SR-36,GRIZZLY CRK CAMPGROUND,170,40.48687222,-123.904461110,0,12,2,0,8,1,1,0,1,1,0,1,0,0000000,99,99,99,99,99,99,0,0,0,1,0
6,61227,2,2,0,0,0,3,3,77,0,13,7,2011,4,5,25,1,2,3,SR-12,,5,38.12210833,-121.570897220,0,12,2,0,1,1,1,0,4,10,0,10,0,0000000,99,99,99,99,99,99,0,0,0,1,1
6,61228,2,2,0,0,0,7,7,37,230,28,4,2011,5,19,20,1,11,1,I-210,,398,34.12090000,-117.904930560,0,12,6,0,1,1,1,0,1,1,0,1,0,0000000,99,99,99,99,99,99,0,0,0,1,0
6,61229,2,1,1,0,0,1,1,77,1940,12,5,2011,5,20,22,0,16,6,ADOBE CT,,0,38.10953333,-121.274319440,0,14,0,0,1,1,4,0,5,1,0,1,0,0000000,99,99,99,99,99,99,0,0,0,1,0
6,61230,1,1,0,1,1,1,1,29,0,14,5,2011,7,99,99,0,2,3,SR-184,,5,35.24566389,-118.914441670,0,8,0,0,1,1,1,0,2,1,0,1,0,0000000,99,99,99,99,88,88,0,0,0,1,0
6,61231,1,1,0,0,0,2,2,39,0,27,5,2011,6,0,30,0,4,4,AVENUE 21,,0,37.05501111,-119.986638890,0,32,0,0,1,1,4,0,2,1,0,1,0,0000000,99,99,99,99,99,99,0,0,0,1,1
6,61232,1,1,0,0,0,4,4,67,0,3,6,2011,6,2,55,0,2,3,SR-16,SLOUGHHOUSE RD,134,38.49839722,-121.207613890,0,33,0,0,3,3,4,0,3,1,0,1,0,0000000,99,99,99,99,99,99,0,0,0,4,1
6,61233,2,2,0,0,0,2,2,71,115,5,6,2011,1,16,7,0,13,6,BEAR VALLEY RD,PECOS RD,0,34.47142222,-117.203675000,0,12,6,0,2,3,1,0,1,1,0,1,0,0000000,99,99,99,99,99,99,0,0,0,1,0
6,61234,3,2,1,2,2,5,5,19,1370,23,6,2011,5,18,28,1,12,3,SR-99,,224,36.65411944,-119.714527780,0,14,0,0,1,1,2,0,1,1,0,1,0,0000000,99,99,99,99,99,99,23,0,0,1,0
6,61235,1,1,0,1,1,1,1,67,0,23,6,2011,5,18,55,0,6,4,ASHGROVE WY,TALLYHO DR,0,38.54109722,-121.355575000,0,8,0,0,3,2,1,0,1,1,0,1,0,0000000,99,99,99,99,99,99,0,0,0,1,0
6,61236,1,1,0,1,1,5,5,37,1980,23,6,2011,5,20,55,0,14,6,TEMESCAL CYN RD,,0,34.04333611,-118.531661110,0,8,0,0,1,1,1,0,3,1,0,1,0,0000000,99,99,99,99,99,99,0,0,0,1,0
6,61237,2,2,0,0,0,5,5,95,3780,29,6,2011,4,13,6,0,13,6,WALTERS RD,PINTAIL DR,0,38.24890278,-121.988152780,0,12,6,0,2,3,1,0,1,1,0,1,0,0000000,99,99,99,99,99,99,0,0,0,1,0
6,61238,1,1,0,0,0,1,1,83,0,1,7,2011,6,10,11,1,2,2,US-101,,758,34.84825000,-120.381030560,0,59,0,0,1,1,4,0,1,1,0,1,0,0000000,99,99,99,99,99,99,0,0,0,1,0
6,61239,1,1,0,1,1,5,5,37,2970,4,7,2011,2,14,53,0,16,6,ESPLANADE,AVENUE C,0,33.82550278,-118.389977780,0,8,0,0,3,3,1,0,1,1,0,1,0,0000000,99,99,99,99,99,99,0,0,0,1,0
6,61240,2,2,0,0,0,3,3,71,4291,7,7,2011,5,14,13,0,12,3,SR-247,,34,34.16981389,-116.424258330,0,11,0,0,1,1,1,0,1,1,0,1,0,0000000,99,99,99,99,99,99,0,0,0,2,0
6,61241,2,2,0,0,0,2,2,99,0,8,7,2011,6,1,35,1,2,3,SR-99,,140,37.61593889,-120.982830560,0,24,0,0,1,1,3,0,2,1,0,1,0,0000000,99,99,99,99,88,88,14,0,0,1,1
6,61242,4,4,0,0,0,8,8,103,0,8,7,2011,6,17,3,1,1,1,I-5,,106,39.95133889,-122.200011110,0,12,6,0,1,1,1,0,1,1,0,1,0,0000000,17,4,99,99,99,99,0,0,0,1,0
6,61243,1,1,0,0,0,1,1,49,0,14,7,2011,5,14,55,0,3,4,COUNTY ROAD 91,,0,41.34791667,-121.161108330,0,42,0,0,1,1,4,0,1,10,0,10,0,0000000,99,99,99,99,88,88,0,0,0,1,0
6,61244,2,1,1,3,3,2,2,37,1980,14,7,2011,5,21,20,0,14,6,SPRING ST,,0,34.04874167,-118.248372220,0,43,0,0,1,1,5,0,3,1,0,1,0,0000000,99,99,99,99,99,99,0,0,0,1,0
6,61245,5,5,0,0,0,11,11,37,1015,15,7,2011,6,13,20,1,12,3,SR-60,,261,34.02642500,-117.803558330,0,12,7,0,1,1,1,0,1,1,0,1,0,0000000,99,99,99,99,99,99,14,0,0,2,0
6,61246,1,1,0,1,1,1,1,37,1980,15,7,2011,6,23,15,0,14,6,SATICOY ST,JORDAN AVE,0,34.20828333,-118.602847220,0,8,0,0,3,2,1,0,3,1,0,1,0,0000000,99,99,99,99,99,99,0,0,0,1,0
6,61247,1,1,0,1,1,1,1,37,3470,17,7,2011,1,8,58,0,13,6,PICO BL,26TH ST,0,34.00962222,-118.487258330,0,8,0,0,3,3,1,0,1,1,0,1,0,0000000,99,99,99,99,99,99,0,0,0,1,0
6,61248,2,2,0,0,0,4,4,59,3558,17,7,2011,1,11,17,1,11,1,I-405,,222,33.77448889,-118.068019440,0,1,0,0,1,1,1,0,1,1,0,1,0,0000000,99,99,99,99,99,99,0,0,0,2,0
6,61249,1,1,0,0,0,2,2,59,470,21,7,2011,5,2,3,0,13,6,MELVERN AVE,,0,33.87785556,-117.985913890,0,25,0,0,1,1,3,0,3,1,0,1,0,0000000,99,99,99,99,99,99,0,0,0,2,1
6,61250,1,1,0,1,1,2,2,71,2922,23,7,2011,7,15,20,0,15,6,TERRA VISTA PKWY,MILLIKEN AVE,0,34.11911944,-117.558444440,0,9,0,0,2,2,1,0,1,1,0,1,0,0000000,99,99,99,99,99,99,0,0,0,1,0
6,61251,3,3,0,0,0,9,9,65,3070,21,5,2011,7,16,55,1,12,3,SR-91,,42,33.88040000,-117.602800000,0,12,7,0,1,1,1,0,1,1,0,1,0,0000000,99,99,99,99,99,99,0,0,0,1,1
6,61252,1,1,0,1,1,1,1,37,2240,9,8,2011,3,22,22,0,13,6,WHITTIER PL,,0,34.01400000,-118.128000000,0,8,0,0,8,1,1,0,3,1,0,1,0,0000000,99,99,99,99,88,88,0,0,0,1,0
6,61253,1,1,0,1,1,1,1,97,0,14,8,2011,1,19,0,0,4,4,RIVERS RD,,0,38.50683056,-122.947019440,0,8,0,0,1,1,2,0,5,1,0,1,0,0000000,99,99,99,99,88,88,0,0,0,1,0
6,61254,2,2,0,0,0,2,2,37,0,17,8,2011,4,9,5,1,2,3,SR-14,,424,34.48000000,-118.289750000,0,12,1,0,1,1,1,0,1,1,0,1,0,0000000,99,99,99,99,88,88,0,0,0,1,0
6,61255,1,1,0,0,0,2,2,25,0,19,7,2011,3,14,50,1,1,1,I-8 RAMP,,840,32.76038611,-114.834172220,0,30,0,1,5,1,4,0,1,1,0,1,0,0000000,99,99,99,99,99,99,0,0,0,1,0
6,61256,1,1,0,1,1,1,1,37,1980,19,7,2011,3,18,50,0,14,6,8TH ST,,0,34.04898056,-118.263197220,0,9,0,1,18,1,1,0,1,1,0,1,0,0000000,99,99,99,99,99,99,0,0,0,1,0
6,61257,1,1,0,1,1,1,1,89,0,7,8,2011,1,13,50,0,4,4,RIVERLAND DR,,0,40.49518889,-122.331711110,0,8,0,0,1,1,2,0,1,1,0,1,0,0000000,99,99,99,99,88,88,0,0,0,1,0
6,61258,5,5,0,0,0,8,8,73,0,7,8,2011,1,14,50,0,2,3,SR-67,,140,32.95720000,-116.970572220,0,12,1,0,8,1,1,0,1,1,0,1,0,0000000,99,99,99,99,99,99,0,0,0,1,0
6,61259,2,2,0,0,0,5,5,37,1980,10,8,2011,4,11,50,1,2,2,US-101,,254,34.17080556,-118.608202780,0,12,7,1,18,1,1,0,1,1,0,1,0,0000000,99,99,99,99,99,99,0,0,0,1,0
6,61260,1,1,0,0,0,1,1,71,0,11,8,2011,5,3,46,1,1,1,I-15,,142,34.22941944,-117.416030560,0,35,0,0,1,1,5,0,2,1,0,1,0,0000000,99,99,99,99,88,88,0,0,0,1,0
6,61261,1,1,0,0,0,2,2,37,2260,12,8,2011,6,12,16,0,16,6,MOORE AVE,W GARVEY AVE,0,34.06239444,-118.130608330,0,43,0,0,3,2,5,0,1,1,0,1,0,0000000,99,99,99,99,99,99,0,0,0,1,0
6,61262,1,1,0,0,0,2,2,5,0,13,8,2011,7,22,30,1,2,3,SR-88,,368,38.50091111,-120.501730560,0,18,0,0,1,1,2,0,2,10,0,10,0,0000000,99,99,99,99,99,99,0,0,0,1,0
6,61263,1,1,0,0,0,1,1,83,0,14,8,2011,1,15,15,0,4,4,FOXEN CANYON RD,,0,34.90861111,-120.341811110,0,42,0,0,1,1,5,0,1,1,0,1,0,0000000,99,99,99,99,88,88,0,0,0,1,1
6,61264,1,1,0,0,0,6,6,37,1970,14,8,2011,1,15,20,1,11,1,I-710,,79,33.80471944,-118.207341670,0,42,0,0,1,1,5,0,1,1,0,1,0,0000000,99,99,99,99,99,99,0,0,0,1,0
6,61265,2,2,0,0,0,6,6,77,0,14,8,2011,1,16,40,0,3,4,EL DORADO ST,FRENCH CAMP ROAD,0,37.89008056,-121.276419440,0,12,6,0,2,2,1,0,1,1,0,1,0,0000000,99,99,99,99,99,99,0,0,0,1,0
6,61266,1,1,0,0,0,1,1,29,0,15,8,2011,2,16,0,0,6,4,ALFRED HARRELL HWY,,0,35.44426944,-118.904130560,0,31,0,0,1,1,2,0,1,1,0,1,0,0000000,99,99,99,99,88,88,0,0,0,1,1
6,61267,1,1,0,1,1,1,1,13,2790,15,8,2011,2,19,17,0,13,6,W LELAND RD,SOUTHWOOD DR,0,38.01573056,-121.948380560,0,8,0,0,3,3,1,0,1,1,0,1,0,0000000,99,99,99,99,99,99,0,0,0,1,0
6,61268,1,1,0,0,0,2,2,57,0,15,8,2011,2,23,29,0,2,3,SR-49,,255,39.32656944,-121.109030560,0,42,0,0,1,1,5,0,2,1,0,1,0,0000000,99,99,99,99,88,88,0,0,0,2,0
6,61269,2,2,0,0,0,2,2,37,480,16,8,2011,3,10,40,1,11,1,I-5,,294,34.18058889,-118.313900000,0,12,1,1,18,1,1,0,1,1,0,1,0,0000000,99,99,99,99,88,88,0,0,0,1,0
6,61270,1,1,0,1,1,1,1,97,3490,18,8,2011,5,18,4,0,15,6,W 9TH ST,ROCKWELL PLACE,0,38.44168611,-122.735202780,0,8,0,0,3,3,1,0,1,1,0,1,0,0000000,99,99,99,99,99,99,0,0,0,1,0
6,61271,1,1,0,0,0,2,2,109,0,19,8,2011,6,15,22,0,6,4,ZARZAMORA ST,,0,37.66703056,-120.326988890,0,42,0,0,1,1,5,0,1,1,0,1,0,0000000,99,99,99,99,99,99,0,0,0,1,0
6,61272,1,1,0,0,0,1,1,73,3260,19,8,2011,6,15,51,0,14,6,SORRENTO VALLEY RD,,0,32.90145000,-117.222933330,0,33,0,0,1,1,3,0,1,1,0,1,0,0000000,99,99,99,99,88,88,20,0,0,1,1
6,61273,1,1,0,0,0,3,3,29,0,20,8,2011,7,8,40,0,6,4,CREEMORE ST,,0,35.42670556,-119.078344440,0,5,0,0,1,1,1,0,1,1,0,1,0,0000000,99,99,99,99,99,99,0,0,0,1,0
6,61274,1,1,0,0,0,5,5,65,3070,21,8,2011,1,0,46,1,12,3,SR-60,,131,33.94276111,-117.281711110,0,32,0,0,1,1,5,0,3,1,0,1,0,0000000,99,99,99,99,99,99,0,0,0,1,0
6,61275,1,1,0,1,1,1,1,1,1560,20,7,2011,4,9,17,0,14,6,INDUSTRIAL PKWY W,STRATFORD RD,0,37.61750556,-122.069961110,0,9,0,0,3,2,1,0,1,1,0,1,0,0000000,99,99,99,99,99,99,0,0,0,1,0
6,61276,4,4,0,1,1,4,4,1,1364,4,8,2011,5,7,55,0,13,6,STEVENSON BL,FREEMONT BL,0,37.54066111,-121.972983330,0,12,6,0,2,2,1,0,1,1,0,1,0,0000000,99,99,99,99,88,88,14,0,0,1,0
6,61277,2,2,0,0,0,2,2,93,0,5,8,2011,6,20,15,0,6,4,GAZELLE CALLAHAN RD,,0,41.49311111,-122.556647220,0,12,2,0,1,1,1,0,5,1,0,1,0,0000000,99,99,99,99,88,88,0,0,0,1,0
6,61278,2,2,0,0,0,5,5,37,2870,6,8,2011,7,1,6,0,14,6,ORANGE GROVE AVE,LEWIS ST,0,34.06655833,-117.769133330,0,12,6,0,2,3,1,0,3,1,0,1,0,0000000,99,99,99,99,99,99,0,0,0,1,0
6,61279,2,2,0,0,0,5,5,73,710,6,8,2011,7,2,0,1,11,1,I-5,,60,32.60283889,-117.089900000,0,12,1,1,18,1,1,1,3,10,0,10,0,0000000,99,99,99,99,99,99,0,0,0,1,2
6,61280,1,1,0,1,1,1,1,37,1670,6,8,2011,7,2,5,0,16,6,NEWELL ST,,0,33.98023056,-118.207694440,0,8,0,0,1,1,1,0,3,1,0,1,0,0000000,99,99,99,99,88,88,0,0,0,1,0
6,61281,1,1,0,1,1,1,1,37,1980,6,8,2011,7,6,10,0,13,6,TEMPLE ST,BENTON WY,0,34.07289444,-118.275722220,0,8,0,0,3,2,1,0,1,10,0,10,0,0000000,99,99,99,99,99,99,0,0,0,1,0
6,61282,2,2,0,0,0,2,2,37,4190,6,8,2011,7,9,30,0,13,6,WASHINGTON BL,,0,33.97486111,-118.081730560,0,12,6,0,1,1,1,0,1,1,0,1,0,0000000,99,99,99,99,99,99,0,0,0,1,0
6,61283,2,2,0,0,0,3,3,39,0,6,8,2011,7,14,53,1,2,3,SR-41,,86,37.00035278,-119.794030560,0,12,2,0,1,1,1,0,1,1,0,1,0,0000000,14,53,99,99,99,99,3,0,0,1,1
6,61284,2,2,0,0,0,6,6,23,0,6,8,2011,7,18,25,0,2,3,SR-254,,199,40.34496944,-123.931569440,0,1,0,0,1,1,1,0,1,1,0,1,0,0000000,99,99,99,99,88,88,0,0,0,1,0
6,61285,2,2,0,0,0,5,5,19,0,16,6,2011,5,22,58,0,2,3,SR-99,,93,36.60587778,-119.661519440,0,12,1,0,1,1,1,1,2,1,0,1,0,0000000,99,99,99,99,99,99,0,0,0,1,0
6,61286,1,1,0,0,0,4,4,79,0,17,6,2011,6,2,10,0,3,4,AVILA BEACH DR,,0,35.18691111,-120.724900000,0,1,0,0,1,1,1,0,2,1,0,1,0,0000000,99,99,99,99,99,99,0,0,0,2,1
6,61287,2,2,0,0,0,2,2,89,0,17,6,2011,6,11,15,0,2,3,SR-299,,857,40.98331389,-121.526477780,0,12,6,0,1,1,1,0,1,1,0,1,0,0000000,99,99,99,99,99,99,0,0,0,1,0