STATE,ST_CASE,VE_TOTAL,VE_FORMS,PVH_INVL,PEDS,PERNOTMVIT,PERMVIT,PERSONS,COUNTY,CITY,DAY,MONTH,YEAR,DAY_WEEK,HOUR,MINUTE,NHS,ROAD_FNC,ROUTE,TWAY_ID,TWAY_ID2,MILEPT,LATITUDE,LONGITUD,SP_JUR,HARM_EV,MAN_COLL,RELJCT1,RELJCT2,TYP_INT,REL_ROAD,WRK_ZONE,LGT_COND,WEATHER1,WEATHER2,WEATHER,SCH_BUS,RAIL,NOT_HOUR,NOT_MIN,ARR_HOUR,ARR_MIN,HOSP_HR,HOSP_MN,CF1,CF2,CF3,FATALS,DRUNK_DR
6,61288,1,1,0,0,0,1,1,65,1801,17,6,2011,6,21,55,0,13,6,RAILROAD CYN RD,,0,33.66386944,-117.266980560,0,38,0,0,1,1,4,0,3,1,0,1,0,0000000,99,99,99,99,88,88,0,0,0,1,1
6,61289,1,1,0,0,0,2,2,81,1065,17,6,2011,6,22,34,0,15,6,E BAYSHORE RD,PULGAS AVE,0,37.45433056,-122.129975000,0,33,0,0,3,3,4,0,3,1,0,1,0,0000000,99,99,99,99,99,99,20,0,0,1,1
6,61290,2,2,0,0,0,4,4,79,0,18,6,2011,7,15,28,1,2,3,SR-46,,429,35.66000833,-120.460336110,0,12,2,0,1,1,2,0,1,1,0,1,0,0000000,99,99,99,99,99,99,0,0,0,1,0
6,61291,3,3,0,0,0,6,6,19,0,18,6,2011,7,16,45,0,6,4,NEWMARK AVE,,0,36.66213333,-119.546091670,0,12,6,0,1,1,1,0,1,1,0,1,0,0000000,99,99,99,99,99,99,0,0,0,1,1
6,61292,1,1,0,0,0,1,1,85,3790,18,6,2011,7,17,30,0,13,6,CENTRAL EXPY,,0,37.38103611,-122.019663890,0,24,0,0,5,1,4,0,1,1,0,1,0,0000000,99,99,99,99,99,99,0,0,0,1,1
6,61293,1,1,0,0,0,4,4,71,3210,18,6,2011,7,21,3,0,14,6,W RIALTO AVE,N PENNSYLVANIA AVE,0,34.10054444,-117.329233330,0,24,0,0,3,2,4,0,2,1,0,1,0,0000000,99,99,99,99,99,99,0,0,0,1,1
6,61294,1,1,0,0,0,2,2,29,0,18,6,2011,7,21,20,0,2,4,ALFRED HARRELL HWY,,0,35.42493889,-118.942400000,0,1,0,0,1,1,3,0,2,1,0,1,0,0000000,99,99,99,99,99,99,0,0,0,1,1
6,61295,2,2,0,0,0,2,2,37,1980,18,6,2011,7,23,40,0,13,6,WESTERN AVE,84TH PL,0,33.96184167,-118.309002780,0,12,2,0,3,2,1,0,3,10,0,10,0,0000000,99,99,99,99,99,99,0,0,0,1,0
6,61296,1,1,0,0,0,3,3,67,1108,18,6,2011,7,23,49,0,14,6,WATERMAN RD,,0,38.44312778,-121.353302780,0,1,0,0,1,1,4,0,3,1,0,1,0,0000000,99,99,99,99,99,99,0,0,0,1,0
6,61297,1,1,0,0,0,1,1,37,0,19,6,2011,1,13,5,0,2,3,SR-2,,547,34.35271111,-117.940080560,0,1,0,0,1,1,4,0,1,1,0,1,0,0000000,99,99,99,99,88,88,0,0,0,1,0
6,61298,3,3,0,0,0,7,7,79,0,19,6,2011,1,16,20,0,3,4,HUTTON RD,,0,35.00790000,-120.448011110,0,12,6,0,1,1,1,0,1,1,0,1,0,0000000,99,99,99,99,99,99,14,0,0,2,1
6,61299,2,2,0,0,0,3,3,33,719,19,6,2011,1,18,52,1,12,3,SR-53,DAM RD,15,38.93000000,-122.618925000,0,12,6,0,2,2,1,0,1,1,0,1,0,0000000,99,99,99,99,99,99,0,0,0,1,0
6,61300,1,1,0,0,0,1,1,29,0,20,6,2011,2,6,45,1,2,3,SR-99,,356,35.49163889,-119.153430560,0,43,0,0,1,1,4,0,1,1,0,1,0,0000000,99,99,99,99,88,88,0,0,0,1,0
6,61301,1,1,0,0,0,4,4,47,0,20,6,2011,2,8,2,1,1,1,I-5,,29,36.89235000,-120.803211110,0,1,0,0,1,1,4,0,1,1,0,1,0,0000000,99,99,99,99,99,99,0,0,0,2,0
6,61302,2,2,0,0,0,2,2,73,0,20,6,2011,2,9,38,0,3,4,S SANTA FE AVE,,0,33.17600278,-117.213063890,0,1,0,0,8,1,1,1,1,1,0,1,0,0000000,99,99,99,99,99,99,0,0,0,1,0
6,61303,1,1,0,1,1,0,0,13,110,20,6,2011,2,14,23,0,15,6,GENTRYTOWN DRIVE,,0,37.98408056,-121.835647220,0,8,0,0,8,1,1,0,1,1,0,1,0,0000000,99,99,99,99,99,99,0,0,0,1,0
6,61304,1,1,0,0,0,1,1,91,0,20,6,2011,2,16,50,0,2,3,SR-89,,197,39.62060833,-120.435036110,0,42,0,0,1,1,4,0,1,1,0,1,0,0000000,99,99,99,99,88,88,0,0,0,1,1
6,61305,2,2,0,0,0,3,3,19,0,20,6,2011,2,17,33,0,6,4,SKY HARBOUR RD,,0,37.00278056,-119.639700000,0,12,2,0,1,1,1,0,1,1,0,1,0,0000000,99,99,99,99,88,88,0,0,0,1,0
6,61306,2,2,0,0,0,3,3,65,0,21,6,2011,3,3,43,1,1,1,I-10,,496,33.76466944,-116.317888890,0,12,2,0,1,1,1,0,3,1,0,1,0,0000000,99,99,99,99,88,88,0,0,0,1,1
6,61307,2,2,0,0,0,3,3,29,3840,21,6,2011,3,12,47,0,16,6,BEAR VALLEY RD,,0,35.15160833,-118.587922220,0,12,2,0,1,1,1,0,1,1,0,1,0,0000000,99,99,99,99,99,99,0,0,0,1,0
6,61308,2,2,0,0,0,2,2,71,0,22,6,2011,4,0,20,0,4,4,PHELAN RD,,0,34.42656111,-117.481161110,0,12,2,0,1,1,1,0,2,1,0,1,0,0000000,99,99,99,99,88,88,0,0,0,2,1
6,61309,1,1,0,0,0,1,1,71,3210,22,6,2011,4,1,38,0,15,6,GILBERT ST,,0,34.12682778,-117.266066670,0,33,0,0,1,1,4,0,3,1,0,1,0,0000000,99,99,99,99,88,88,0,0,0,1,1
6,61310,1,1,0,0,0,2,2,97,0,22,6,2011,4,11,50,0,3,4,D ST,,0,38.21263889,-122.642205560,0,33,0,0,1,1,4,0,1,1,0,1,0,0000000,99,99,99,99,99,99,0,0,0,1,0
6,61311,1,1,0,0,0,1,1,59,1786,22,6,2011,4,15,39,0,14,6,PASEO DE COLINAS,STAR DR,0,33.54781389,-117.675541670,0,33,0,0,3,8,4,0,1,1,0,1,0,0000000,99,99,99,99,88,88,0,0,0,1,0
6,61312,1,1,0,0,0,1,1,107,0,22,6,2011,4,18,39,1,2,3,SR-99,,511,36.47356111,-119.501961110,0,24,0,0,1,1,3,0,1,1,0,1,0,0000000,99,99,99,99,88,88,0,0,0,1,0
6,61313,2,2,0,0,0,2,2,47,0,23,6,2011,5,14,15,0,5,4,CENTRAL AVE,LIBERTY AVE,0,37.37438889,-120.650161110,0,12,6,0,2,2,1,0,1,1,0,1,0,0000000,99,99,99,99,99,99,0,0,0,1,0
6,61314,2,2,0,0,0,3,3,33,0,23,6,2011,5,15,6,0,2,3,SR-29,HARTMANN RD,99,38.79226111,-122.565930560,0,12,6,0,2,3,1,0,1,1,0,1,0,0000000,99,99,99,99,99,99,0,0,0,1,0
6,61315,2,2,0,0,0,3,3,59,1380,23,6,2011,5,16,49,0,13,6,LEMON AVE,ORANGETHROPE AVE,0,33.85936667,-117.919813890,0,12,2,0,2,2,1,0,1,1,0,1,0,0000000,99,99,99,99,99,99,0,0,0,1,0
6,61316,1,1,0,0,0,1,1,29,0,23,6,2011,5,18,40,0,2,3,SR-178,,809,35.65568889,-118.012638890,0,32,0,0,1,1,4,0,1,1,0,1,0,0000000,99,99,99,99,88,88,0,0,0,1,0
6,61317,2,2,0,0,0,2,2,99,0,23,6,2011,5,19,15,0,6,4,RICE RD,MCGEE AVE,0,37.69630000,-120.904988890,0,12,6,0,2,3,1,0,1,1,0,1,0,0000000,99,99,99,99,99,99,0,0,0,1,0
6,61318,1,1,0,0,0,1,1,53,0,24,6,2011,6,9,38,1,2,2,US-101,,556,36.34873889,-121.263719440,0,42,0,0,1,1,4,0,1,1,0,1,0,0000000,99,99,99,99,88,88,0,0,0,1,0
6,61319,2,2,0,0,0,6,6,37,2458,24,6,2011,6,23,15,0,13,6,ALONDRA BLVD,BELSHIRE AVE,0,33.88774444,-118.070825000,0,12,6,0,2,3,1,0,3,1,0,1,0,0000000,99,99,99,99,99,99,0,0,0,1,2
6,61320,1,1,0,0,0,5,5,111,0,25,6,2011,7,3,25,1,2,2,US-101,,413,34.35943056,-119.445030560,0,42,0,0,1,1,4,0,2,10,0,10,0,0000000,99,99,99,99,99,99,0,0,0,4,0
6,61321,1,1,0,0,0,1,1,85,3340,25,6,2011,7,5,19,1,11,1,I-280 RAMP,,29,37.32238056,-121.897369440,0,33,0,1,5,1,4,0,3,1,0,1,0,0000000,99,99,99,99,88,88,0,0,0,1,1
6,61322,3,3,0,0,0,4,4,59,450,25,6,2011,7,10,48,1,12,3,SR-57,,192,33.90300000,-117.881150000,0,12,7,0,1,1,1,0,1,1,0,1,0,0000000,99,99,99,99,99,99,14,0,0,1,0
6,61323,1,1,0,0,0,2,2,111,3860,25,6,2011,7,15,54,0,13,6,LYNN RD,VIA ANDREA,0,34.15639722,-118.977391670,0,1,0,0,3,2,1,0,1,1,0,1,0,0000000,99,99,99,99,99,99,0,0,0,1,0
6,61324,1,1,0,0,0,6,6,107,0,25,6,2011,7,20,55,0,4,4,AVE 95,,0,35.96251111,-119.081438890,0,42,0,0,1,1,4,0,2,1,0,1,0,0000000,99,99,99,99,99,99,0,0,0,1,0
6,61325,1,1,0,0,0,1,1,77,0,26,6,2011,1,2,50,1,2,3,SR-88,,189,38.19561944,-121.073630560,0,52,0,0,1,1,4,0,2,1,0,1,0,0000000,99,99,99,99,88,88,0,0,0,1,1
6,61326,2,2,0,0,0,2,2,53,0,26,6,2011,1,13,45,0,2,3,SR-183,,64,36.72086944,-121.724119440,0,12,2,0,1,1,1,0,1,1,0,1,0,0000000,99,99,99,99,99,99,0,0,0,1,0
6,61327,2,2,0,0,0,3,3,95,0,26,6,2011,1,17,59,0,4,4,MIDWAY RD,BATAVIA RD,0,38.41678889,-121.859680560,0,12,6,0,2,2,1,0,1,1,0,1,0,0000000,99,99,99,99,99,99,0,0,0,2,0
6,61328,2,2,0,0,0,5,5,53,0,26,6,2011,1,20,39,0,6,4,NAVITIDAD RD,,0,36.73875833,-121.602722220,0,12,2,0,1,1,1,0,5,10,0,10,0,0000000,99,99,99,99,99,99,0,0,0,2,1
6,61329,1,1,0,0,0,2,2,53,0,26,6,2011,1,20,50,0,5,4,ESPINOSA RD,,0,36.74245000,-121.732250000,0,31,0,0,1,1,4,0,2,10,0,10,0,0000000,99,99,99,99,88,88,0,0,0,2,1
6,61330,2,2,0,0,0,2,2,73,0,27,6,2011,2,7,40,0,2,3,SR-78,,738,33.12896944,-116.430561110,0,12,2,0,1,1,1,0,1,1,0,1,0,0000000,99,99,99,99,88,88,0,0,0,1,0
6,61331,1,1,0,0,0,1,1,83,0,27,6,2011,2,14,20,0,4,4,RICE RANCH RD,,0,34.86005000,-120.440600000,0,42,0,0,1,1,4,0,1,1,0,1,0,0000000,99,99,99,99,99,99,0,0,0,1,1
6,61332,1,1,0,0,0,1,1,73,3260,27,6,2011,2,16,46,0,16,6,HIXSON AVE,,0,32.72540833,-117.105352780,0,5,0,0,1,1,1,0,1,1,0,1,0,0000000,99,99,99,99,99,99,0,0,0,1,0
6,61333,1,1,0,0,0,1,1,9,0,27,6,2011,2,99,99,0,2,3,SR-26,,26,38.11403056,-120.908080560,0,31,0,0,1,1,4,0,2,1,0,1,0,0000000,99,99,99,99,88,88,0,0,0,1,1
6,61334,2,2,0,0,0,3,3,95,1260,28,6,2011,3,12,3,1,11,1,I-80,,114,38.20296111,-122.156700000,0,52,0,1,18,1,4,0,1,2,0,2,0,0000000,99,99,99,99,88,88,0,0,0,1,0
6,61335,1,1,0,0,0,3,3,67,1108,14,2,2011,2,1,28,0,13,6,POWER INN RD,,0,38.45056944,-121.404572220,0,42,0,0,1,1,4,0,3,1,0,1,0,0000000,99,99,99,99,99,99,0,0,0,1,1
6,61336,1,1,0,1,1,2,2,71,1603,8,3,2011,3,20,33,0,14,6,LIVE OAK ST,,0,34.41789722,-117.247575000,0,8,0,0,1,1,1,0,2,1,0,1,0,0000000,99,99,99,99,88,88,4,0,0,1,0
6,61337,2,2,0,1,1,4,4,71,1603,14,3,2011,2,19,44,0,15,6,9TH AVE,,0,34.42076944,-117.321200000,0,8,0,0,1,1,1,0,3,1,0,1,0,0000000,99,99,99,99,99,99,0,0,0,1,0
6,61338,1,1,0,1,1,1,1,65,2276,17,3,2011,5,11,5,0,14,6,HEACOCK ST,GREGORY LN,0,33.95207778,-117.243961110,0,9,0,0,2,2,1,0,1,1,0,1,0,0000000,99,99,99,99,99,99,0,0,0,1,0
6,61339,1,1,0,1,1,1,1,19,1370,27,7,2011,4,22,25,0,14,6,BLACKSTONE AVE,CORNELL AVE,0,36.77776111,-119.790563890,0,9,0,0,3,2,1,0,3,1,0,1,0,0000000,99,99,99,99,99,99,0,0,0,1,0
6,61340,2,2,0,0,0,2,2,19,1370,31,7,2011,1,17,47,0,14,6,MAPLE AVE,,0,36.72104444,-119.745600000,0,12,6,0,8,1,1,0,1,1,10,10,0,0000000,99,99,99,99,88,88,0,0,0,1,1
6,61341,1,1,0,0,0,1,1,11,0,8,8,2011,2,5,45,0,6,4,RIVER RD,,0,39.21753889,-122.000261110,0,43,0,0,1,1,5,0,4,1,0,1,0,0000000,99,99,99,99,88,88,0,0,0,1,0
6,61342,1,1,0,0,0,1,1,17,0,8,8,2011,2,6,10,1,2,2,US-50,,450,38.76381944,-120.361369440,0,1,0,0,1,1,1,0,1,1,0,1,0,0000000,99,99,99,99,88,88,0,0,0,1,0
6,61343,1,1,0,0,0,1,1,73,0,8,8,2011,2,15,20,0,2,3,SR-76,,224,33.36471944,-117.095719440,0,42,0,0,1,1,5,0,1,1,0,1,0,0000000,99,99,99,99,88,88,0,0,0,1,1
6,61344,2,2,0,0,0,2,2,29,0,9,8,2011,3,15,15,1,2,3,SR-46,,441,35.60130000,-119.454411110,0,12,8,0,1,1,1,0,1,1,0,1,0,0000000,99,99,99,99,99,99,0,0,0,1,0
6,61345,4,4,0,0,0,4,4,47,0,13,7,2011,4,14,15,0,2,3,SR-165,JOHNSON AVE,354,37.43322500,-120.849702780,0,12,1,0,3,2,1,0,1,1,0,1,0,0000000,99,99,99,99,99,99,0,0,0,1,0
6,61346,1,1,0,0,0,7,7,71,0,15,7,2011,6,19,10,1,1,1,I-40,,542,34.72671111,-116.116761110,0,1,0,0,1,1,4,0,5,1,0,1,0,0000000,99,99,99,99,99,99,0,0,0,1,0
6,61347,2,2,0,0,0,11,11,19,0,13,7,2011,4,18,27,0,2,3,SR-145,,220,36.55975833,-120.097461110,0,12,2,0,1,1,1,0,1,1,0,1,0,0000000,99,99,99,99,99,99,0,0,0,1,1
6,61348,2,2,0,0,0,2,2,47,0,14,7,2011,5,7,30,0,4,4,WALNUT AVE,SHAFFER RD,0,37.38943889,-120.595200000,0,12,6,0,2,2,1,0,1,1,0,1,0,0000000,99,99,99,99,88,88,0,0,0,1,0
6,61349,1,1,0,0,0,2,2,71,790,14,7,2011,5,10,35,1,11,1,I-10,,211,34.06965000,-117.349561110,0,33,0,0,1,1,4,0,1,10,0,10,0,0000000,99,99,99,99,99,99,0,0,0,1,0
6,61350,1,1,0,0,0,1,1,77,0,14,7,2011,5,23,20,1,2,3,SR-88,,157,38.17393889,-121.125788890,0,42,0,0,1,1,4,0,2,1,0,1,0,0000000,99,99,99,99,99,99,0,0,0,1,1
6,61351,1,1,0,0,0,2,2,29,0,15,7,2011,6,4,50,0,6,4,LOST HILLS RD,,0,35.54851111,-119.689769440,0,30,0,0,1,1,4,0,2,1,0,1,0,0000000,99,99,99,99,99,99,0,0,0,1,0
6,61352,2,2,0,0,0,2,2,37,0,15,7,2011,6,4,50,0,2,3,SR-138,,707,34.48905000,-117.722669440,0,12,2,0,1,1,4,0,2,1,0,1,0,0000000,99,99,99,99,99,99,0,0,0,1,0
6,61353,1,1,0,0,0,4,4,31,0,15,7,2011,6,21,50,0,3,4,GRANGEVILLE BLVD,,0,36.34253889,-119.797030560,0,38,0,0,1,1,4,0,2,1,0,1,0,0000000,99,99,99,99,99,99,0,0,0,2,1
6,61354,2,2,0,0,0,5,5,73,3260,16,7,2011,7,8,42,0,14,6,ULRIC ST,,0,32.77725556,-117.168958330,0,12,6,0,1,1,1,0,1,1,0,1,0,0000000,99,99,99,99,99,99,0,0,0,1,1
6,61355,2,2,0,0,0,6,6,33,0,16,7,2011,7,12,3,0,2,3,SR-29,,2,38.68086111,-122.591130560,0,12,2,0,1,1,1,0,1,1,0,1,0,0000000,99,99,99,99,99,99,0,0,0,1,0
6,61356,1,1,0,0,0,1,1,3,0,16,7,2011,7,15,59,1,2,3,SR-88,,51,38.69635000,-119.990611110,0,17,0,0,1,1,4,0,1,1,0,1,0,0000000,99,99,99,99,88,88,0,0,0,1,0
6,61357,1,1,0,0,0,1,1,113,0,16,7,2011,7,23,35,0,16,6,COUNTY RD 23,,0,38.66720278,-121.988638890,0,42,0,0,1,1,5,0,2,1,0,1,0,0000000,99,99,99,99,88,88,0,0,0,1,1
6,61358,1,1,0,0,0,2,2,37,0,16,7,2011,7,99,99,0,3,4,TURNBULL CANYON RD,,0,33.99478056,-118.004250000,0,35,0,0,1,1,4,0,2,1,0,1,0,0000000,99,99,99,99,88,88,0,0,0,2,1
6,61359,1,1,0,0,0,1,1,59,3558,24,7,2011,1,3,25,0,12,3,SR-22,,3,33.77460000,-118.092400000,0,18,0,0,1,1,3,0,2,1,0,1,0,0000000,99,99,99,99,88,88,0,0,0,1,1
6,61360,1,1,0,0,0,1,1,89,0,24,7,2011,1,4,18,0,3,4,DESCHUTES RD,,0,40.52643611,-122.238477780,0,1,0,0,1,1,4,0,2,1,0,1,0,0000000,99,99,99,99,88,88,0,0,0,1,1
6,61361,2,2,0,0,0,2,2,65,2276,24,7,2011,1,4,34,0,12,6,ALESSANDRO BLVD,GRAHAM ST,0,33.91715278,-117.252419440,0,12,1,0,3,2,1,0,3,1,0,1,0,0000000,99,99,99,99,99,99,0,0,0,1,1
6,61362,1,1,0,0,0,1,1,39,0,24,7,2011,1,12,40,0,4,4,RD 200,,0,37.15073056,-119.666038890,0,35,0,0,1,1,4,0,1,1,0,1,0,0000000,99,99,99,99,99,99,0,0,0,1,0
6,61363,1,1,0,0,0,3,3,5,0,24,7,2011,1,13,15,1,2,3,SR-88,,205,38.38668889,-120.680050000,0,43,0,0,1,1,4,0,1,1,0,1,0,0000000,99,99,99,99,99,99,0,0,0,1,1
6,61364,2,2,0,0,0,2,2,73,2340,24,7,2011,1,16,4,0,14,6,E 16TH ST,D AVE,0,32.67006389,-117.100097220,0,12,6,0,2,2,1,0,1,1,0,1,0,0000000,99,99,99,99,99,99,0,0,0,1,0
6,61365,1,1,0,0,0,1,1,53,0,24,7,2011,1,17,35,0,4,4,CASTROVILLE BLVD,,0,36.80070000,-121.687500000,0,33,0,0,1,1,4,0,1,1,0,1,0,0000000,99,99,99,99,99,99,0,0,0,1,1
6,61366,2,2,0,0,0,2,2,111,2270,24,7,2011,1,19,16,0,16,6,CHAMPIONSHIP DR,,0,34.30543056,-118.884075000,0,12,2,0,1,1,1,0,5,1,0,1,0,0000000,99,99,99,99,99,99,0,0,0,1,1
6,61367,1,1,0,0,0,1,1,73,3260,24,7,2011,1,23,35,1,12,3,SR-94 RAMP,,53,32.71896944,-117.083138890,0,33,0,1,5,1,4,0,3,1,0,1,0,0000000,99,99,99,99,88,88,0,0,0,1,1
6,61368,1,1,0,0,0,1,1,95,0,24,7,2011,1,99,99,0,4,4,MONTEZUMA HILLS RD,ANDERSON RD,0,38.13278889,-121.749080560,0,1,0,0,1,1,4,0,1,1,0,1,0,0000000,99,99,99,99,88,88,0,0,0,1,1
6,61369,1,1,0,0,0,4,4,71,0,25,7,2011,2,1,30,1,1,1,I-40,,614,34.72210000,-115.969638890,0,1,0,0,1,1,3,0,2,1,0,1,0,0000000,99,99,99,99,99,99,0,0,0,1,0
6,61370,3,3,0,0,0,3,3,75,3290,25,7,2011,2,2,31,1,11,1,I-8,,84,37.80266111,-122.373061110,0,12,1,0,1,1,1,0,3,10,0,10,0,0000000,99,99,99,99,99,99,0,0,0,1,1
6,61371,1,1,0,0,0,1,1,73,0,25,7,2011,2,12,12,0,3,4,BUENA CREEK RD,,0,33.17931944,-117.204030560,0,35,0,0,1,1,4,0,1,1,0,1,0,0000000,99,99,99,99,99,99,0,0,0,1,0
6,61372,1,1,0,0,0,1,1,39,0,25,7,2011,2,15,7,1,2,3,SR-41,,227,37.17382500,-119.728377780,0,59,0,0,1,1,4,0,1,1,0,1,0,0000000,99,99,99,99,88,88,0,0,0,1,0
6,61373,1,1,0,0,0,2,2,37,2870,25,7,2011,2,23,26,0,13,6,TOWNE AVE,FRANKLIN AVE,0,34.04076111,-117.740783330,0,33,0,0,3,2,4,0,3,1,0,1,0,0000000,99,99,99,99,88,88,0,0,0,1,1
6,61374,2,2,0,0,0,2,2,19,0,26,7,2011,3,4,0,0,6,4,HOWARD AVE,MCKINLEY AVE,0,36.76408333,-120.024369440,0,12,6,0,2,2,1,0,2,1,0,1,0,0000000,99,99,99,99,99,99,0,0,0,1,0
6,61375,2,2,0,0,0,2,2,97,0,26,7,2011,3,5,45,0,3,4,ARNOLD DR,WALNUT AVE,0,38.29506667,-122.489855560,0,12,6,0,2,3,1,0,4,10,0,10,0,0000000,99,99,99,99,99,99,0,0,0,1,0
6,61376,1,1,0,0,0,1,1,69,0,26,7,2011,3,8,35,0,3,4,FAIRVIEW RD,,0,36.86461944,-121.363600000,0,38,0,0,1,1,4,0,1,10,0,10,0,0000000,99,99,99,99,88,88,0,0,0,1,0
6,61377,2,1,1,0,1,1,2,37,1015,26,7,2011,3,13,17,1,12,3,SR-60,,273,34.02543889,-117.782719440,0,14,0,0,1,1,2,0,1,1,0,1,0,0000000,99,99,99,99,88,88,0,0,0,1,0
6,61378,3,3,0,0,0,4,4,37,2645,26,7,2011,3,19,38,0,13,6,RANCHO VISTA BLVD,DUNBAR ST,0,34.60171389,-118.161441670,0,1,0,0,2,3,1,0,1,1,0,1,0,0000000,99,99,99,99,99,99,14,0,0,1,0
6,61379,1,1,0,0,0,3,3,19,0,26,7,2011,3,23,39,1,12,3,SR-41,,42,36.46263889,-119.795311110,0,1,0,0,1,1,1,0,2,1,0,1,0,0000000,99,99,99,99,99,99,0,0,0,1,0
6,61380,1,1,0,0,0,1,1,49,0,27,7,2011,4,1,30,1,2,2,US-395,,1207,41.47674722,-120.543119440,0,1,0,0,1,1,4,0,2,1,0,1,0,0000000,99,99,99,99,88,88,0,0,0,1,1
6,61381,2,2,0,0,0,2,2,17,1104,27,7,2011,4,3,1,0,3,4,GREEN VALLEY RD,,0,38.69866667,-121.011641670,0,12,8,0,1,1,1,0,2,1,0,1,0,0000000,99,99,99,99,88,88,20,0,0,1,0
6,61382,1,1,0,0,0,1,1,71,0,28,7,2011,5,5,0,0,6,4,NATIONAL TRAILS HWY,,0,34.82321944,-115.070880560,0,1,0,0,1,1,1,0,2,1,0,1,0,0000000,99,99,99,99,88,88,0,0,0,1,0
6,61383,2,2,0,0,0,2,2,7,0,28,7,2011,5,16,25,0,2,4,SKYWAY,,0,39.81561944,-121.581750000,0,12,2,0,1,1,1,0,1,1,0,1,0,0000000,99,99,99,99,99,99,0,0,0,1,0
6,61384,1,1,0,0,0,1,1,71,0,28,7,2011,5,18,6,0,2,3,SR-18,,673,34.37556944,-116.864088890,0,42,0,0,1,1,4,0,1,1,0,1,0,0000000,99,99,99,99,88,88,0,0,0,1,1
6,61385,2,2,0,0,0,2,2,65,0,29,7,2011,6,13,0,1,2,3,SR-74,LEON RD,318,33.74321111,-117.119188890,0,12,6,0,2,2,1,0,1,1,0,1,0,0000000,99,99,99,99,99,99,0,0,0,1,0
6,61386,1,1,0,0,0,1,1,105,0,29,7,2011,6,15,20,1,2,3,SR-299,,190,40.79501111,-123.363919440,0,35,0,0,1,1,4,0,1,1,0,1,0,0000000,99,99,99,99,88,88,0,0,0,1,1
6,61387,2,2,0,0,0,4,4,7,0,29,7,2011,6,17,5,0,2,3,SR-70,PENTZ RD,265,39.64983889,-121.559611110,0,12,6,0,2,3,1,0,1,1,0,1,0,0000000,99,99,99,99,99,99,0,0,0,1,0
6,61388,1,1,0,0,0,1,1,37,0,29,7,2011,6,18,10,0,2,4,SIERRA HWY,,0,34.51838889,-118.269361110,0,32,0,0,1,1,4,0,1,1,0,1,0,0000000,99,99,99,99,88,88,0,0,0,1,1
6,61389,1,1,0,0,0,1,1,73,0,30,7,2011,7,3,23,1,2,3,SR-94,,110,32.75029722,-117.002091670,0,35,0,0,1,1,4,0,3,1,0,1,0,0000000,99,99,99,99,88,88,0,0,0,1,1
6,61390,1,1,0,0,0,2,2,71,0,31,7,2011,1,6,55,1,12,1,I-40,,945,34.79326111,-115.411750000,0,1,0,0,1,1,2,0,1,10,0,10,0,0000000,99,99,99,99,99,99,0,0,0,1,0
6,61391,1,1,0,0,0,1,1,45,0,31,7,2011,1,7,30,0,6,4,MINA RD,,0,39.84835556,-123.259283330,0,42,0,0,1,1,4,0,1,1,0,1,0,0000000,99,99,99,99,88,88,0,0,0,1,0
6,61392,2,2,0,0,0,5,5,73,0,31,7,2011,1,9,50,0,2,3,SR-76,,165,33.32276944,-117.169130560,0,12,6,0,1,1,1,0,1,10,0,10,0,0000000,99,99,99,99,99,99,0,0,0,1,1
6,61393,2,2,0,0,0,2,2,81,2980,31,7,2011,1,12,10,1,1,1,I-280,,69,37.41376389,-122.208094440,0,12,7,0,1,1,1,0,1,1,0,1,0,0000000,99,99,99,99,99,99,0,0,0,1,0
6,61394,1,1,0,0,0,2,2,15,0,31,7,2011,1,13,40,1,2,2,US-101,,182,41.72233889,-124.138683330,0,42,0,0,1,1,4,0,1,10,0,10,0,0000000,99,99,99,99,99,99,0,0,0,1,0
6,61395,1,1,0,3,3,1,1,73,3260,4,6,2011,7,19,55,0,14,6,UNIVERSITY AVE,,0,32.75134167,-117.090405560,0,43,0,0,1,1,4,0,1,1,0,1,0,0000000,99,99,99,99,99,99,0,0,0,1,0
6,61396,1,1,0,0,0,1,1,49,0,31,7,2011,1,13,10,1,2,2,US-395,,196,41.46010278,-120.550075000,0,11,0,0,1,1,1,0,1,1,0,1,0,0000000,99,99,99,99,99,99,0,0,0,1,0
6,61397,1,1,0,3,3,1,1,47,0,8,8,2011,2,20,55,0,4,4,OAK ST,,0,37.39693056,-120.763230560,0,8,0,0,1,1,1,0,2,1,0,1,0,0000000,99,99,99,99,99,99,0,0,0,1,0
6,61398,2,1,1,1,1,1,1,1,1364,24,8,2011,4,9,30,0,13,6,WASHINGTON BLVD,,0,37.53139722,-121.943219440,0,14,0,0,1,1,4,0,1,1,0,1,0,0000000,99,99,99,99,99,99,0,0,0,1,0
6,61399,1,1,0,0,0,4,4,53,0,13,8,2011,7,20,35,0,6,4,TASSAJARA RD,,0,36.36238056,-121.584430560,0,35,0,0,1,1,5,0,5,1,0,1,0,0000000,99,99,99,99,99,99,4,0,0,1,1
6,61400,2,2,0,0,0,2,2,65,0,16,8,2011,3,21,30,1,1,1,I-10,,79,33.92702222,-116.971750000,0,12,1,0,1,1,1,1,2,1,0,1,0,0000000,99,99,99,99,88,88,0,0,0,1,0