STATE,ST_CASE,VE_TOTAL,VE_FORMS,PVH_INVL,PEDS,PERNOTMVIT,PERMVIT,PERSONS,COUNTY,CITY,DAY,MONTH,YEAR,DAY_WEEK,HOUR,MINUTE,NHS,ROAD_FNC,ROUTE,TWAY_ID,TWAY_ID2,MILEPT,LATITUDE,LONGITUD,SP_JUR,HARM_EV,MAN_COLL,RELJCT1,RELJCT2,TYP_INT,REL_ROAD,WRK_ZONE,LGT_COND,WEATHER1,WEATHER2,WEATHER,SCH_BUS,RAIL,NOT_HOUR,NOT_MIN,ARR_HOUR,ARR_MIN,HOSP_HR,HOSP_MN,CF1,CF2,CF3,FATALS,DRUNK_DR
6,61401,1,1,0,1,1,1,1,75,3290,19,8,2011,6,14,30,0,16,6,HARTFORD ST,18TH ST,0,37.76094167,-122.433872220,0,8,0,0,3,2,1,0,1,1,0,1,0,0000000,99,99,99,99,88,88,0,0,0,1,0
6,61402,1,1,0,0,0,1,1,5,0,20,8,2011,7,9,0,0,5,4,BUTTE MTN RD,,0,38.34401944,-120.747311110,0,1,0,0,1,1,6,0,1,1,0,1,0,0000000,99,99,99,99,99,99,0,0,0,1,0
6,61403,1,1,0,0,0,1,1,37,602,21,8,2011,1,13,7,1,12,3,SR-91,,82,33.87348056,-118.253850000,0,31,0,0,1,1,5,0,1,1,0,1,0,0000000,99,99,99,99,88,88,0,0,0,1,0
6,61404,1,1,0,0,0,2,2,59,0,21,8,2011,1,18,55,0,2,4,SANTIAGO CANYON RD,,0,33.74043056,-117.664030560,0,42,0,0,1,1,5,0,1,1,0,1,0,0000000,99,99,99,99,88,88,0,0,0,2,1
6,61405,1,1,0,0,0,1,1,83,0,21,8,2011,1,23,33,1,2,2,US-101,,50,34.40740000,-119.548030560,0,42,0,0,1,1,2,0,3,1,0,1,0,0000000,99,99,99,99,88,88,0,0,0,1,1
6,61406,1,1,0,0,0,5,5,65,0,21,8,2011,1,23,42,1,1,1,I-10,,943,33.69988889,-115.465230560,0,24,0,0,1,1,3,0,2,1,0,1,0,0000000,99,99,99,99,99,99,0,0,0,1,0
6,61407,1,1,0,0,0,1,1,37,1980,22,8,2011,2,8,6,1,11,1,I-405,,472,34.27060278,-118.472008330,0,25,0,0,1,1,3,0,1,1,0,1,0,0000000,99,99,99,99,88,88,0,0,0,1,0
6,61408,1,1,0,1,1,1,1,37,1980,22,8,2011,2,21,10,0,13,6,BROADWAY,CENTURY BLVD,0,33.94554444,-118.278138890,0,8,0,0,3,2,1,0,2,1,0,1,0,0000000,99,99,99,99,99,99,0,0,0,1,0
6,61409,1,1,0,0,0,1,1,35,0,23,8,2011,3,19,35,1,2,2,US-395,,960,40.64208056,-120.255380560,0,43,0,0,1,1,4,0,1,1,0,1,0,0000000,99,99,99,99,88,88,0,0,0,1,0
6,61410,1,1,0,0,0,1,1,37,1980,23,8,2011,3,21,30,0,14,6,JEFFERSON BLVD,,0,34.02551944,-118.345608330,0,30,0,0,1,1,5,0,3,1,0,1,0,0000000,99,99,99,99,99,99,0,0,0,1,1
6,61411,1,1,0,0,0,1,1,77,0,24,8,2011,4,11,12,1,2,3,SR-99,,310,38.13765000,-121.258030560,0,24,0,0,1,1,4,0,1,1,0,1,0,0000000,99,99,99,99,88,88,0,0,0,1,0
6,61412,2,2,0,0,0,3,3,73,3260,24,8,2011,4,21,36,0,14,6,MAIN ST,INDUSTRIAL AVE,0,33.11791944,-117.102736110,0,1,0,0,2,2,1,0,3,1,0,1,0,0000000,99,99,99,99,99,99,0,0,0,1,0
6,61413,1,1,0,0,0,2,2,63,0,25,8,2011,5,14,25,0,2,3,SR-36,,46,40.27651944,-121.255388890,0,42,0,0,1,1,2,0,1,1,0,1,0,0000000,99,99,99,99,99,99,0,0,0,1,0
6,61414,2,1,1,0,0,1,1,37,1808,25,8,2011,5,14,50,0,13,6,DEL AMO BLVD,,0,33.84603611,-118.069002780,0,14,0,0,1,1,4,0,1,1,0,1,0,0000000,99,99,99,99,99,99,0,0,0,1,0
6,61415,1,1,0,0,0,1,1,37,0,25,8,2011,5,14,50,1,1,1,I-5,,754,34.67461111,-118.775230560,0,24,0,0,1,1,3,0,1,1,0,1,0,0000000,99,99,99,99,88,88,0,0,0,1,0
6,61416,2,2,0,0,0,2,2,31,0,26,8,2011,6,5,26,1,2,3,SR-41,,427,36.32016944,-119.808211110,0,12,1,0,1,1,1,0,2,1,0,1,0,0000000,99,99,99,99,88,88,0,0,0,1,0
6,61417,1,1,0,0,0,2,2,113,0,26,8,2011,6,5,40,0,2,3,SR-16,,383,38.67801111,-121.844538890,0,42,0,0,1,1,5,0,2,1,0,1,0,0000000,99,99,99,99,99,99,0,0,0,1,0
6,61418,2,2,0,0,0,5,5,19,0,27,8,2011,7,20,45,0,3,4,FLORAL AVE,CHESTNUT AVE,0,36.57634167,-119.736933330,0,12,6,0,2,2,1,0,2,1,0,1,0,0000000,99,99,99,99,99,99,0,0,0,1,0
6,61419,1,1,0,0,0,2,2,53,0,28,8,2011,1,8,20,0,5,4,ESPINOSA RD,,0,36.74303056,-121.734080560,0,35,0,0,1,1,5,0,1,2,10,2,0,0000000,99,99,99,99,99,99,0,0,0,2,0
6,61420,2,2,0,0,0,3,3,77,0,28,8,2011,1,21,20,0,3,4,BYRON RD,GREAT VALLEY PKWY,0,37.79508333,-121.551191670,0,59,0,0,2,3,3,1,3,1,0,1,0,0000000,99,99,99,99,99,99,0,0,0,1,1
6,61421,2,2,0,0,0,3,3,29,0,30,8,2011,3,6,15,0,3,4,CECIL AVE,,0,35.77597500,-119.167447220,0,12,1,0,8,1,1,0,1,1,0,1,0,0000000,99,99,99,99,99,99,0,0,0,1,0
6,61422,1,1,0,1,1,1,1,73,3260,30,8,2011,3,9,54,0,14,6,CAMINO DEL SUR,,0,33.01061389,-117.146233330,0,8,0,0,1,1,4,0,1,1,0,1,0,0000000,99,99,99,99,99,99,0,0,0,1,0
6,61423,1,1,0,0,0,2,2,19,1370,19,6,2011,1,18,11,0,16,6,MARKET ST,,0,36.81316944,-119.886094440,0,5,0,0,1,1,1,0,1,1,0,1,0,0000000,99,99,99,99,99,99,0,0,0,1,0
6,61424,2,2,0,0,0,4,4,59,80,17,7,2011,1,0,45,1,11,1,I-5,,381,33.82305000,-117.923511110,0,12,1,0,1,1,1,0,2,10,0,10,0,0000000,99,99,99,99,99,99,0,0,0,1,1
6,61425,1,1,0,0,0,1,1,109,0,18,7,2011,2,14,2,1,2,3,SR-120,,262,37.81989444,-120.301477780,0,31,0,0,1,1,4,0,1,1,0,1,0,0000000,99,99,99,99,99,99,0,0,0,1,0
6,61426,1,1,0,0,0,2,2,63,0,23,7,2011,7,17,30,0,2,4,LAPORTE RD,,0,39.84335278,-120.859150000,0,35,0,0,1,1,4,0,1,1,0,1,0,0000000,99,99,99,99,88,88,0,0,0,1,0
6,61427,2,2,0,0,0,4,4,71,1603,24,7,2011,1,19,50,1,11,1,I-15,,344,34.43108889,-117.377280560,0,12,7,0,1,1,1,0,1,1,0,1,0,0000000,99,99,99,99,88,88,0,0,0,1,1
6,61428,1,1,0,0,0,1,1,55,0,27,7,2011,4,2,50,0,3,4,STEELE CYN RD,,0,38.48779167,-122.193136110,0,42,0,0,1,1,4,0,2,1,0,1,0,0000000,99,99,99,99,88,88,0,0,0,1,1
6,61429,1,1,0,0,0,2,2,71,3970,30,7,2011,7,1,38,0,14,6,UTAH TRL,,0,34.14786667,-116.036619440,0,38,0,0,1,1,4,0,3,1,0,1,0,0000000,99,99,99,99,88,88,0,0,0,2,1
6,61430,1,1,0,1,1,1,1,65,2420,30,7,2011,7,22,55,0,14,6,HAMNER AVE,,0,33.95028611,-117.558297220,0,9,0,0,1,1,1,0,2,1,0,1,0,0000000,99,99,99,99,99,99,0,0,0,1,0
6,61431,1,1,0,1,1,1,1,99,2200,31,7,2011,1,99,99,1,12,3,SR-99,,169,37.64662778,-121.017316670,0,8,0,0,1,1,1,0,2,1,0,1,0,0000000,99,99,99,99,88,88,0,0,0,1,0
6,61432,3,3,0,0,0,3,3,65,0,1,8,2011,2,17,10,0,4,4,CAJALCO RD,,0,33.82928889,-117.466463890,0,12,2,0,1,1,1,0,1,1,0,1,0,0000000,99,99,99,99,99,99,0,0,0,1,0
6,61433,1,1,0,0,0,1,1,1,2480,2,8,2011,3,14,50,1,12,3,SR-24,,56,37.51090833,-122.132116670,0,33,0,0,1,1,4,0,1,1,0,1,0,0000000,99,99,99,99,99,99,0,0,0,1,0
6,61434,3,3,0,0,0,3,3,67,3150,2,8,2011,3,22,10,0,12,3,SR-51,,61,38.62606111,-121.412288890,0,12,2,0,1,1,1,0,3,1,0,1,0,0000000,99,99,99,99,99,99,0,0,0,1,1
6,61435,1,1,0,0,0,1,1,37,602,8,8,2011,2,2,20,1,12,3,SR-91,,69,33.87250000,-118.273413890,0,59,0,0,1,1,4,0,3,1,0,1,0,0000000,99,99,99,99,88,88,0,0,0,1,1
6,61436,1,1,0,1,1,2,2,59,1713,10,8,2011,4,12,53,0,15,6,SHADY CYN DR,,0,33.65346667,-117.782272220,0,9,0,0,1,1,1,0,1,1,0,1,0,0000000,99,99,99,99,99,99,0,0,0,1,0
6,61437,1,1,0,0,0,8,8,67,3150,13,8,2011,7,0,15,1,12,2,US-50,,29,38.55062500,-121.422569440,0,23,0,0,1,1,4,0,3,1,0,1,0,0000000,99,99,99,99,99,99,0,0,0,1,1
6,61438,1,1,0,1,1,2,2,37,245,14,8,2011,1,14,34,0,14,6,BALDWIN PARK BL,STEWART AVE,0,34.08135000,-117.967316670,0,8,0,0,3,3,4,0,1,1,0,1,0,0000000,99,99,99,99,99,99,0,0,0,1,1
6,61439,2,2,0,0,0,3,3,37,1980,29,4,2011,6,11,45,0,14,6,CORBIN AVE,PLUMMER ST,0,34.24271111,-118.562288890,0,12,2,0,2,2,1,0,1,1,0,1,0,0000000,99,99,99,99,99,99,0,0,0,1,0
6,61440,9,9,0,0,0,14,14,111,538,15,6,2011,4,0,2,1,12,2,US-101,,109,34.20547500,-118.985677780,0,12,7,0,1,1,1,1,3,1,0,1,0,0000000,99,99,99,99,99,99,14,0,0,1,0
6,61441,1,1,0,1,1,1,1,37,1970,6,7,2011,4,11,1,0,14,6,CHERRY AVE,BIXBY RD,0,33.82666389,-118.167630560,0,9,0,0,3,2,1,0,1,1,0,1,0,0000000,99,99,99,99,99,99,0,0,0,1,0
6,61442,2,2,0,0,0,3,3,37,1970,6,7,2011,4,22,54,0,14,6,E LIVINGSTON DR,XIMENO AVE,0,33.76179167,-118.141597220,0,12,6,0,2,2,1,0,3,1,0,1,0,0000000,99,99,99,99,99,99,0,0,0,1,1
6,61443,3,3,0,0,0,6,6,69,0,8,7,2011,6,14,45,1,2,3,SR-156,,43,36.84119167,-121.510555560,0,12,8,0,1,1,1,0,1,1,0,1,0,0000000,99,99,99,99,99,99,0,0,0,2,0
6,61444,2,2,0,0,0,2,2,71,2550,8,7,2011,6,17,18,0,13,6,GROVE AVE,,0,34.06479722,-117.628497220,0,12,6,0,1,1,1,0,1,1,0,1,0,0000000,99,99,99,99,99,99,0,0,0,1,0
6,61445,3,3,0,0,0,4,4,1,2480,10,7,2011,1,3,0,1,11,1,I-880,,271,37.75699722,-122.210872220,0,12,1,0,1,1,1,0,2,1,0,1,0,0000000,99,99,99,99,99,99,0,0,0,1,0
6,61446,1,1,0,0,0,1,1,67,1108,13,7,2011,4,7,40,0,14,6,CALVINE RD,,0,38.45249444,-121.390488890,0,30,0,0,1,1,4,0,1,10,0,10,0,0000000,99,99,99,99,99,99,0,0,0,1,0
6,61447,2,2,0,0,0,5,5,45,0,13,7,2011,4,14,35,0,2,3,SR-20,,179,39.41979444,-123.807530560,0,12,6,0,8,1,1,0,1,1,0,1,0,0000000,99,99,99,99,99,99,0,0,0,1,0
6,61448,2,2,0,0,0,2,2,39,0,13,7,2011,4,15,20,0,6,4,REVIS RD,,0,37.17122222,-119.755197220,0,12,6,0,8,1,1,0,1,1,0,1,0,0000000,99,99,99,99,99,99,0,0,0,1,0
6,61449,2,2,0,1,1,2,2,13,3400,19,7,2011,3,21,8,1,11,1,I-80,,41,37.95180000,-122.327680560,0,8,0,0,1,1,1,0,2,1,0,1,0,0000000,99,99,99,99,88,88,0,0,0,1,0
6,61450,1,1,0,1,1,1,1,99,3950,21,7,2011,5,1,7,0,13,6,LANDER AVE,E GLENWOOD AVE,0,37.47563333,-120.849019440,1,8,0,1,3,2,1,0,3,1,0,1,0,0000000,99,99,99,99,99,99,0,0,0,1,0
6,61451,1,1,0,1,1,1,1,37,3686,23,3,2011,4,9,9,0,14,6,TYLER AVE,THIENES AVE,0,34.04911111,-118.039980560,0,8,0,0,3,3,1,0,1,1,0,1,0,0000000,99,99,99,99,99,99,0,0,0,1,0
6,61452,1,1,0,0,0,1,1,85,3340,7,4,2011,5,7,51,0,13,6,TASMAN DR,,0,37.40943611,-121.943977780,0,31,0,0,1,1,4,0,1,10,2,2,0,0000000,99,99,99,99,99,99,0,0,0,1,0
6,61453,1,1,0,1,1,2,2,73,1080,29,7,2011,6,20,59,0,14,6,MAIN ST,S 2ND ST,0,32.79498333,-116.937336110,0,15,0,0,3,3,1,0,3,1,0,1,0,0000000,99,99,99,99,99,99,0,0,0,1,0
6,61454,1,1,0,0,0,3,3,83,1445,2,8,2011,3,18,58,0,13,6,HOLLISTER AVE,,0,34.42954444,-119.900602780,0,39,0,0,1,1,4,0,1,1,0,1,0,0000000,99,99,99,99,99,99,0,0,0,1,1
6,61455,2,2,0,0,0,2,2,59,1660,6,8,2011,7,12,4,0,13,6,ADAMS AVE,GLOUCESTER LN,0,33.67234444,-117.964450000,0,12,6,0,2,2,1,0,1,1,0,1,0,0000000,99,99,99,99,12,20,0,0,0,1,0
6,61456,3,3,0,0,0,3,3,59,1345,15,8,2011,2,17,21,0,13,6,BROOKHURST ST,,0,33.73070833,-117.954575000,0,33,0,0,1,1,4,0,1,1,0,1,0,0000000,99,99,99,99,99,99,0,0,0,1,0
6,61457,1,1,0,1,1,1,1,59,960,19,8,2011,6,16,22,0,13,6,KATELLA AVE,MERIDIAN DR,0,33.80296944,-118.014338890,0,8,0,0,2,2,1,0,1,1,0,1,0,0000000,99,99,99,99,99,99,0,0,0,1,0
6,61458,2,2,0,0,0,8,8,11,0,26,8,2011,6,22,7,1,1,1,I-5,,36,38.97354722,-122.028666670,0,1,0,0,1,1,3,2,2,1,0,1,0,0000000,99,99,99,99,99,99,0,0,0,1,0
6,61459,1,1,0,0,0,2,2,77,2070,3,9,2011,7,18,44,1,12,3,SR-99,,67,37.79814167,-121.191697220,0,1,0,1,18,1,3,0,1,1,0,1,0,0000000,99,99,99,99,99,99,0,0,0,1,1
6,61460,1,1,0,1,1,1,1,13,3412,3,9,2011,7,19,48,0,13,6,CROW CYN RD,,0,37.77861944,-121.971438890,0,9,0,0,1,1,1,0,5,1,0,1,0,0000000,99,99,99,99,99,99,0,0,0,1,0
6,61461,2,2,0,0,0,5,5,37,0,26,3,2011,7,0,1,1,12,3,SR-60,,145,34.01648056,-117.985280560,0,12,1,0,1,1,1,0,3,1,0,1,0,0000000,99,99,99,99,99,99,20,0,0,1,1
6,61462,2,2,0,0,0,2,2,61,0,25,4,2011,2,17,5,0,2,4,BASELINE RD,,0,38.75176111,-121.379661110,0,12,2,0,1,1,1,0,1,10,0,10,0,0000000,99,99,99,99,99,99,0,0,0,1,0
6,61463,1,1,0,1,1,1,1,85,3340,28,5,2011,7,21,35,1,12,2,US-101,,77,37.24978889,-121.782869440,0,8,0,0,1,1,1,0,2,1,0,1,0,0000000,99,99,99,99,88,88,0,0,0,1,0
6,61464,1,1,0,1,1,1,1,37,1980,20,6,2011,2,20,46,0,14,6,AVENUE J,,0,34.71112778,-118.124825000,0,8,0,0,1,1,1,0,3,1,0,1,0,0000000,99,99,99,99,99,99,0,0,0,1,0
6,61465,2,2,0,0,0,2,2,71,1603,22,6,2011,4,19,58,1,12,2,US-395,PHELAN RD,56,34.42671667,-117.400013890,0,12,6,0,2,2,1,0,1,1,0,1,0,0000000,99,99,99,99,99,99,0,0,0,1,1
6,61466,2,2,0,0,0,4,4,111,0,1,7,2011,6,5,55,1,4,4,HUENEME RD,LAS POSAS,0,34.15741944,-119.076661110,0,12,6,0,2,2,1,0,1,1,0,1,0,0000000,99,99,99,99,99,99,0,0,0,1,0
6,61467,3,3,0,0,0,4,4,13,1100,3,7,2011,1,5,4,1,11,1,I-80,,11,37.90223611,-122.311613890,0,12,2,0,1,1,1,0,4,1,0,1,0,0000000,99,99,99,99,99,99,0,0,0,1,0
6,61468,1,1,0,0,0,2,2,111,538,3,7,2011,1,17,25,1,12,2,US-101,,152,34.21807500,-119.057283330,0,24,0,0,1,1,3,0,1,1,0,1,0,0000000,99,99,99,99,99,99,0,0,0,1,0
6,61469,3,3,0,0,0,5,5,85,0,24,7,2011,1,17,9,0,2,3,SR-152,,37,37.00410000,-121.672061110,0,12,6,0,1,1,1,0,1,1,0,1,0,0000000,99,99,99,99,99,99,0,0,0,1,0
6,61470,1,1,0,1,1,1,1,37,2870,26,7,2011,3,4,20,1,11,1,I-10,,437,34.07283889,-117.788411110,0,8,0,0,1,1,1,0,2,1,0,1,0,0000000,99,99,99,99,88,88,0,0,0,1,0
6,61471,1,1,0,0,0,1,1,85,3790,26,7,2011,3,14,14,0,12,3,SR-237,,32,37.40388889,-122.023211110,0,25,0,0,1,1,3,0,1,1,0,1,0,0000000,99,99,99,99,88,88,0,0,0,1,0
6,61472,1,1,0,0,0,2,2,113,0,29,7,2011,6,18,0,0,6,4,BUCK ISLAND RD,,0,38.87636111,-122.331980560,0,35,0,0,1,1,4,0,1,1,0,1,0,0000000,99,99,99,99,99,99,0,0,0,1,1
6,61473,1,1,0,1,1,1,1,113,0,31,7,2011,1,21,44,0,5,4,COUNTY RD 99,,0,38.57296111,-121.786019440,0,9,0,0,1,1,1,0,2,1,0,1,0,0000000,99,99,99,99,88,88,0,0,0,1,0
6,61474,2,2,0,0,0,10,10,107,0,2,8,2011,3,11,5,0,2,3,SR-190,RD 152,44,36.05132778,-119.232394440,0,12,6,0,2,2,1,0,1,1,0,1,0,0000000,99,99,99,99,99,99,0,0,0,3,0
6,61475,1,1,0,1,1,1,1,65,1801,5,8,2011,6,12,58,0,15,6,CASINO DR,,0,33.65593889,-117.297786110,0,9,0,0,8,1,1,0,1,1,0,1,0,0000000,99,99,99,99,99,99,0,0,0,1,0
6,61476,2,2,0,0,0,2,2,67,0,6,8,2011,7,22,50,0,2,4,FAIROAKS BLVD,MISSION AVE,0,38.58735556,-121.353811110,0,12,6,0,2,2,1,0,3,1,0,1,0,0000000,99,99,99,99,99,99,0,0,0,1,0
6,61477,1,1,0,0,0,1,1,73,2904,7,8,2011,1,2,41,0,14,6,POWAY RD,,0,32.94563611,-117.082152780,0,33,0,0,1,1,4,0,3,1,0,1,0,0000000,99,99,99,99,88,88,0,0,0,1,1
6,61478,2,2,0,0,0,2,2,85,3340,7,8,2011,1,5,48,1,11,1,I-880,,28,37.35070000,-121.915700000,0,12,2,1,18,1,1,0,4,10,0,10,0,0000000,99,99,99,99,99,99,0,0,0,1,1
6,61479,1,1,0,0,0,5,5,59,470,8,8,2011,2,22,15,1,11,1,I-5 RAMP,,435,33.86796944,-118.000366670,0,25,0,1,5,1,3,0,3,1,0,1,0,0000000,99,99,99,99,99,99,0,0,0,3,0
6,61480,3,3,0,0,0,6,6,23,0,11,8,2011,5,16,8,1,2,2,US-101,,338,40.32910556,-123.924583330,0,12,8,0,1,1,1,0,1,1,0,1,0,0000000,99,99,99,99,99,99,0,0,0,1,0
6,61481,2,2,0,0,0,2,2,99,0,13,8,2011,7,8,55,0,2,4,MOUNTAIN VIEW RD,KEYES RD,0,37.55121667,-120.879091670,0,12,6,0,2,2,1,0,1,1,0,1,0,0000000,99,99,99,99,88,88,0,0,0,1,0
6,61482,1,1,0,0,0,1,1,13,820,15,8,2011,2,23,7,0,14,6,COWELL RD,,0,37.96625000,-122.023925000,0,38,0,0,1,1,6,0,3,1,0,1,0,0000000,99,99,99,99,88,88,0,0,0,1,0
6,61483,1,1,0,0,0,2,2,59,3351,16,8,2011,3,15,54,0,14,6,DEL OBISPO,,0,33.48926389,-117.681280560,0,42,0,0,1,1,5,0,1,1,0,1,0,0000000,99,99,99,99,88,88,0,0,0,1,0
6,61484,3,3,0,1,1,11,11,11,0,17,8,2011,4,23,8,1,1,1,I-5,,243,39.23956944,-122.181588890,0,8,0,0,1,1,1,0,2,1,0,1,0,0000000,99,99,99,99,88,88,0,0,0,1,0
6,61485,2,2,0,0,0,3,3,37,0,20,8,2011,7,19,24,0,2,4,COMPTON BLVD,SAN PEDRO ST,0,33.89511389,-118.267461110,0,12,6,0,2,2,1,0,1,1,0,1,0,0000000,99,99,99,99,99,99,0,0,0,1,0
6,61486,2,2,0,0,0,2,2,67,3150,28,8,2011,1,7,56,0,13,6,POWER INN RD,ELDER CREEK RD,0,38.51053889,-121.409111110,0,12,6,0,2,2,1,0,1,1,0,1,0,0000000,99,99,99,99,88,88,0,0,0,1,0
6,61487,2,2,0,0,0,5,5,31,0,30,8,2011,3,0,24,1,1,1,I-5,,200,35.98626944,-119.964538890,0,12,2,0,1,1,1,0,2,1,0,1,0,0000000,99,99,99,99,99,99,0,0,0,1,1
6,61488,1,1,0,0,0,1,1,89,2950,31,8,2011,4,11,28,1,11,1,I-5,,121,40.53707222,-122.350402780,0,24,0,0,1,1,4,1,1,1,0,1,0,0000000,99,99,99,99,99,99,0,0,0,1,0
6,61489,1,1,0,0,0,2,2,35,0,27,8,2011,7,17,26,1,2,3,SR-44,,320,40.43903889,-120.839188890,0,59,0,0,1,1,4,0,1,1,0,1,0,0000000,99,99,99,99,88,88,0,0,0,2,0
6,61490,1,1,0,0,0,6,6,33,0,18,8,2011,5,23,0,0,3,4,MERRITT RD,,0,38.98266111,-122.875869440,0,1,0,0,1,1,4,0,2,1,0,1,0,0000000,99,99,99,99,99,99,4,0,0,2,1
6,61491,1,1,0,0,0,1,1,13,820,26,8,2011,6,20,55,0,13,6,MONUMENT BL,VICTORY LN,0,37.95042222,-122.047486110,0,46,0,0,3,2,4,0,3,1,0,1,0,0000000,99,99,99,99,99,99,0,0,0,1,1
6,61492,1,1,0,1,1,1,1,85,3340,23,8,2011,3,20,58,0,13,6,CAPITOL EXPWY,,0,37.33738611,-121.817033330,0,8,0,0,1,1,1,0,3,1,0,1,0,0000000,99,99,99,99,88,88,0,0,0,1,0
6,61493,1,1,0,1,1,1,1,29,240,26,8,2011,6,12,46,0,14,6,H ST,BANK ST,0,35.35789444,-119.021283330,0,9,0,0,3,3,1,0,1,10,0,10,0,0000000,99,99,99,99,13,10,0,0,0,1,0
6,61494,2,2,0,0,0,2,2,65,0,26,8,2011,6,14,30,0,4,4,GILMAN SPRINGS RD,,0,33.92391667,-117.112552780,0,12,2,0,1,1,1,0,1,1,0,1,0,0000000,99,99,99,99,99,99,0,0,0,1,0
6,61495,2,2,0,0,0,2,2,39,0,26,8,2011,6,15,30,1,2,3,SR-99,,203,37.05983056,-120.178561110,0,12,6,0,1,1,1,0,1,1,0,1,0,0000000,15,30,99,99,99,99,0,0,0,1,1
6,61496,2,2,0,0,0,5,5,39,0,26,8,2011,6,20,47,0,12,4,GOLDEN STATE BL,,0,37.04931111,-120.166400000,0,12,2,0,1,1,1,0,2,1,0,1,0,0000000,20,48,99,99,99,99,0,0,0,1,1
6,61497,1,1,0,1,1,1,1,37,1980,27,8,2011,7,2,15,1,11,1,I-5,,192,34.06708889,-118.216480560,0,8,0,0,1,1,1,0,3,1,0,1,0,0000000,99,99,99,99,88,88,0,0,0,1,0
6,61498,3,1,2,0,1,2,3,61,0,14,8,2011,1,15,5,1,1,1,I-80,,135,38.86804444,-121.132447220,0,14,0,0,1,1,2,0,1,1,0,1,0,0000000,99,99,99,99,99,99,0,0,0,1,0
6,61499,1,1,0,1,1,0,0,89,3604,20,8,2011,7,19,30,0,16,6,OLIVER ST,,0,40.69029167,-122.373947220,0,8,0,0,8,1,1,0,1,1,0,1,0,0000000,99,99,99,99,88,88,0,0,0,1,0
6,61500,2,2,0,0,0,3,3,37,120,14,8,2011,1,1,3,1,11,1,I-210,,313,34.14771111,-118.033130560,0,12,1,0,1,1,1,0,2,1,0,1,0,0000000,99,99,99,99,99,99,0,0,0,1,1
6,61501,1,1,0,0,0,1,1,37,0,14,8,2011,1,2,17,0,2,3,SR-39,,340,34.29318889,-117.835900000,0,33,0,0,1,1,4,0,2,1,0,1,0,0000000,99,99,99,99,88,88,0,0,0,1,1
6,61502,2,2,0,0,0,3,3,37,1980,21,8,2011,1,12,35,0,14,6,120TH ST,PRAIRIE AVE,0,33.92368056,-118.343877780,0,12,6,0,2,2,1,0,1,1,0,1,0,0000000,99,99,99,99,99,99,0,0,0,1,0
6,61503,1,1,0,1,1,1,1,65,850,22,8,2011,2,11,23,0,16,6,LULLABY LN,,0,33.90130833,-117.574352780,0,42,0,0,1,1,5,0,1,1,0,1,0,0000000,99,99,99,99,99,99,0,0,0,1,0
6,61504,1,1,0,0,0,1,1,23,0,26,8,2011,6,16,30,1,2,2,US-101,,1069,41.34740278,-124.028311110,0,52,0,0,1,1,4,0,1,1,0,1,0,0000000,99,99,99,99,99,99,0,0,0,1,0
6,61505,2,2,0,0,0,4,4,37,3720,26,8,2011,6,17,25,0,12,3,SR-110,,300,34.11311944,-118.176800000,0,12,1,0,1,1,1,0,1,1,0,1,0,0000000,99,99,99,99,99,99,0,0,0,1,0
6,61506,2,2,0,2,2,3,3,37,1840,27,8,2011,7,8,5,0,14,6,AVENUE L,BUSINESS CENTER PKWY,0,34.66038611,-118.123425000,0,12,6,0,2,2,1,0,1,1,0,1,0,0000000,99,99,99,99,99,99,0,0,0,1,0
6,61507,2,2,0,0,0,2,2,65,850,27,8,2011,7,23,19,0,14,6,LINCOLN AVE,HARRINGTON ST,0,33.89486389,-117.577127780,0,12,6,0,2,3,1,0,3,1,0,1,0,0000000,99,99,99,99,99,99,0,0,0,1,0
6,61508,1,1,0,0,0,1,1,71,4040,28,8,2011,1,21,54,0,16,6,D ST,,0,34.56592500,-117.317988890,0,39,0,0,1,1,5,0,3,1,0,1,0,0000000,99,99,99,99,99,99,0,0,0,1,0
6,61509,1,1,0,0,0,1,1,97,0,29,8,2011,2,99,99,0,6,4,CAVEDALE RD,,0,38.34278889,-122.485600000,0,1,0,0,1,1,5,0,1,1,0,1,0,0000000,99,99,99,99,88,88,0,0,0,1,0
6,61510,1,1,0,0,0,4,4,19,0,30,8,2011,3,14,40,0,5,4,MCKINLEY AVE,,0,36.76410000,-119.962069440,0,30,0,0,1,1,2,0,1,1,0,1,0,0000000,99,99,99,99,99,99,0,0,0,1,0
6,61511,1,1,0,0,0,1,1,59,3351,1,9,2011,5,1,32,1,11,1,I-5,,94,33.49891111,-117.658200000,0,1,0,0,1,1,5,0,2,1,0,1,0,0000000,99,99,99,99,88,88,0,0,0,1,1
6,61512,1,1,0,0,0,1,1,107,2880,2,9,2011,6,6,55,0,12,3,SR-190 RAMP,,166,36.05034722,-119.015263890,0,1,0,1,5,1,1,0,1,1,0,1,0,0000000,99,99,99,99,99,99,0,0,0,1,0