STATE,ST_CASE,VE_TOTAL,VE_FORMS,PVH_INVL,PEDS,PERNOTMVIT,PERMVIT,PERSONS,COUNTY,CITY,DAY,MONTH,YEAR,DAY_WEEK,HOUR,MINUTE,NHS,ROAD_FNC,ROUTE,TWAY_ID,TWAY_ID2,MILEPT,LATITUDE,LONGITUD,SP_JUR,HARM_EV,MAN_COLL,RELJCT1,RELJCT2,TYP_INT,REL_ROAD,WRK_ZONE,LGT_COND,WEATHER1,WEATHER2,WEATHER,SCH_BUS,RAIL,NOT_HOUR,NOT_MIN,ARR_HOUR,ARR_MIN,HOSP_HR,HOSP_MN,CF1,CF2,CF3,FATALS,DRUNK_DR
6,61513,1,1,0,0,0,1,1,71,2960,2,9,2011,6,14,19,0,13,6,SAN TIMOTEO RD,,0,33.98559444,-117.142916670,0,43,0,0,1,1,6,0,1,1,0,1,0,0000000,99,99,99,99,99,99,0,0,0,1,0
6,61514,1,1,0,0,0,1,1,65,0,2,9,2011,6,18,35,0,5,4,FILLMORE ST,,0,33.51830000,-116.130211110,0,1,0,0,1,1,5,0,1,1,0,1,0,0000000,99,99,99,99,88,88,4,0,0,1,1
6,61515,1,1,0,0,0,6,6,29,0,2,9,2011,6,20,55,1,2,3,SR-46,,53,35.67655000,-120.093719440,0,1,0,0,1,1,3,0,2,1,0,1,0,0000000,99,99,99,99,99,99,0,0,0,2,0
6,61516,2,2,0,0,0,2,2,71,0,2,9,2011,6,23,53,1,2,3,SR-58,,277,34.92198056,-117.166011110,0,12,8,0,1,1,1,0,2,1,0,1,0,0000000,99,99,99,99,99,99,0,0,0,1,1
6,61517,2,2,0,0,0,3,3,77,0,3,9,2011,7,17,0,0,4,4,LIBERTY RD,,0,38.23421944,-121.214211110,0,12,1,0,1,1,1,0,1,1,0,1,0,0000000,99,99,99,99,99,99,0,0,0,1,1
6,61518,1,1,0,0,0,4,4,37,1970,3,9,2011,7,22,58,1,11,1,I-710,,121,33.86311111,-118.198800000,0,33,0,0,1,1,4,0,3,1,0,1,0,0000000,99,99,99,99,99,99,0,0,0,1,0
6,61519,1,1,0,0,0,1,1,37,1980,4,9,2011,1,12,25,0,13,3,SR-27,,28,34.07423056,-118.588380560,0,1,0,0,1,1,1,0,1,1,0,1,0,0000000,99,99,99,99,99,99,0,0,0,1,0
6,61520,1,1,0,0,0,1,1,47,0,4,9,2011,1,20,0,0,2,4,AMERICAN AVE,,0,37.41173889,-120.877350000,0,25,0,0,1,1,4,0,5,1,0,1,0,0000000,99,99,99,99,99,99,0,0,0,1,1
6,61521,1,1,0,1,1,3,3,71,260,4,9,2011,1,22,20,1,11,1,I-5,,750,34.89251111,-116.999819440,0,8,0,0,1,1,1,0,3,1,0,1,0,0000000,99,99,99,99,88,88,0,0,0,1,0
6,61522,1,1,0,0,0,1,1,1,2480,11,6,2011,7,5,22,0,15,6,COLISEUM WY,,0,37.76161389,-122.211758330,0,5,0,0,1,1,1,0,4,10,0,10,0,0000000,99,99,99,99,99,99,0,0,0,1,0
6,61523,1,1,0,1,1,1,1,99,0,24,6,2011,6,8,40,0,15,4,CALIFORNIA AVE,,0,37.62339444,-121.115488890,0,8,0,0,1,1,1,0,1,1,0,1,0,0000000,99,99,99,99,99,99,0,0,0,1,0
6,61524,1,1,0,0,0,3,3,37,1980,21,7,2011,5,3,30,1,12,2,US-101 RAMP,VERMONT AVE,43,34.08050000,-118.291450000,0,39,0,1,5,1,4,0,3,1,0,1,0,0000000,99,99,99,99,99,99,20,0,0,1,0
6,61525,1,1,0,1,1,1,1,81,2625,22,7,2011,6,17,5,0,14,6,PALMETTO AVE,,0,37.65966944,-122.492202780,0,9,0,0,1,1,1,0,1,10,0,10,0,0000000,99,99,99,99,99,99,0,0,0,1,0
6,61526,1,1,0,0,0,1,1,111,2620,23,7,2011,7,2,2,1,12,2,US-101 RAMP,SR-1,226,34.23926667,-119.181980560,0,1,0,0,5,1,4,0,3,10,0,10,0,0000000,99,99,99,99,88,88,20,0,0,1,1
6,61527,1,1,0,1,1,1,1,13,3010,20,8,2011,7,0,22,0,14,6,13TH ST,,0,37.94790278,-122.357302780,0,8,0,0,1,1,1,0,3,1,0,1,0,0000000,99,99,99,99,88,88,0,0,0,1,0
6,61528,1,1,0,0,0,1,1,65,250,20,8,2011,7,16,51,0,14,6,SUN LAKES BL,,0,33.92204444,-116.937952780,0,42,0,0,1,1,3,0,1,1,0,1,0,0000000,99,99,99,99,88,88,0,0,0,1,0
6,61529,1,1,0,1,1,1,1,37,1400,20,8,2011,7,21,4,0,13,6,ROSECRANS AVE,,0,33.90191667,-118.299380560,0,8,0,0,1,1,1,0,3,1,0,1,0,0000000,99,99,99,99,99,99,0,0,0,1,0
6,61530,2,2,0,1,1,3,3,37,4120,21,8,2011,1,1,16,1,11,1,I-10,,361,34.07225000,-117.914469440,0,12,1,0,1,1,1,0,2,1,0,1,0,0000000,99,99,99,99,99,99,19,0,0,1,1
6,61531,2,2,0,0,0,2,2,37,1716,21,8,2011,1,3,37,0,13,6,ARROW HWY,,0,34.11377500,-117.986141670,0,12,7,0,8,1,1,0,3,1,0,1,0,0000000,99,99,99,99,88,88,0,0,0,1,1
6,61532,2,2,0,0,0,2,2,37,120,1,9,2011,5,12,4,0,14,6,S BALDWIN AVE,W PALM DR,0,34.11124722,-118.052869440,0,12,6,0,2,3,1,0,1,1,0,1,0,0000000,99,99,99,99,99,99,0,0,0,2,0
6,61533,1,1,0,0,0,1,1,73,3260,2,9,2011,6,1,51,1,11,1,I-805 RAMP,,133,32.71711111,-117.102030560,0,33,0,1,5,1,4,0,2,1,0,1,0,0000000,99,99,99,99,88,88,0,0,0,1,1
6,61534,1,1,0,0,0,1,1,19,0,2,9,2011,6,6,0,1,1,1,I-5,,118,36.21201944,-120.217611110,0,38,0,0,1,1,3,0,4,1,0,1,0,0000000,99,99,99,99,88,88,0,0,0,1,0
6,61535,1,1,0,0,0,1,1,61,0,3,9,2011,7,17,20,0,6,4,PEAVINE RD,,0,39.05688056,-120.623950000,0,42,0,0,1,1,4,0,1,1,0,1,0,0000000,99,99,99,99,88,88,0,0,0,1,1
6,61536,3,3,0,1,1,4,4,71,3210,27,6,2011,2,4,42,1,11,1,I-10,,238,34.06496389,-117.301044440,0,12,6,0,1,1,1,0,2,1,0,1,0,0000000,99,99,99,99,99,99,14,19,23,1,0
6,61537,1,1,0,1,1,1,1,37,0,14,7,2011,5,7,14,0,2,4,OLYMPIC BL,HERBERT AVE,0,34.01890278,-118.183730560,0,9,0,0,3,2,1,0,1,10,0,10,0,0000000,7,15,99,99,99,99,0,0,0,1,0
6,61538,1,1,0,0,0,1,1,29,0,5,9,2011,2,19,0,0,3,4,CALIENTE BODFISH RD,,0,35.57911944,-118.504911110,0,1,0,0,1,1,3,0,1,1,0,1,0,0000000,99,99,99,99,99,99,0,0,0,1,1
6,61539,7,3,4,0,0,7,7,59,80,5,8,2011,6,20,27,0,13,6,W BALL RD,,0,33.81758333,-117.978730560,0,12,2,0,1,1,1,0,3,1,0,1,0,0000000,99,99,99,99,99,99,14,0,0,1,1
6,61540,2,2,0,0,0,4,4,81,0,4,9,2011,1,16,18,0,13,3,SR-35,ELK TREE BL,99,37.37763056,-122.262719440,0,12,2,0,3,3,1,0,1,1,0,1,0,0000000,99,99,99,99,99,99,0,0,0,1,0
6,61541,1,1,0,1,1,1,1,71,3000,4,9,2011,1,20,3,0,16,6,HOME ST,,0,34.12364444,-117.363766670,0,15,0,0,1,1,1,0,5,1,0,1,0,0000000,99,99,99,99,88,88,4,0,0,1,0
6,61542,2,2,0,0,0,3,3,39,0,5,9,2011,2,10,17,0,4,4,ROAD 222,,0,37.16597778,-119.513925000,0,12,8,0,1,1,1,0,1,1,0,1,0,0000000,99,99,99,99,88,88,0,0,0,1,1
6,61543,1,1,0,0,0,1,1,67,3150,5,9,2011,2,11,20,0,15,6,NORTHBOROUGH DR,,0,38.67341111,-121.519111110,0,42,0,0,1,1,4,0,1,1,0,1,0,0000000,99,99,99,99,88,88,0,0,0,1,1
6,61544,2,2,0,1,1,5,5,107,0,5,9,2011,2,21,21,0,4,4,ORANGEBELT DR,,0,36.12223889,-119.048961110,0,8,0,0,1,1,1,0,2,1,0,1,0,0000000,99,99,99,99,88,88,0,0,0,1,0
6,61545,2,2,0,0,0,3,3,95,0,6,9,2011,3,6,28,0,2,3,SR-113,MIDWAY RD,173,38.41653056,-121.822811110,0,12,6,0,3,2,1,0,1,1,0,1,0,0000000,99,99,99,99,99,99,0,0,0,1,0
6,61546,1,1,0,0,0,1,1,37,810,17,2,2011,5,17,27,0,14,6,CALDWELL ST,,0,33.88361111,-118.247280560,0,1,0,0,1,1,1,0,1,1,0,1,0,0000000,99,99,99,99,99,99,0,0,0,1,0
6,61547,1,1,0,1,1,1,1,65,2276,8,3,2011,3,4,20,0,14,6,PERRIS BL,,0,33.93325833,-117.226291670,0,8,0,0,1,1,1,0,3,1,0,1,0,0000000,99,99,99,99,88,88,0,0,0,1,0
6,61548,1,1,0,1,1,1,1,65,3070,16,5,2011,2,13,9,0,14,6,CALIFORNIA AVE,RUCKER LN,0,33.93693889,-117.433511110,0,9,0,0,3,3,1,0,1,1,0,1,0,0000000,99,99,99,99,99,99,0,0,0,1,1
6,61549,1,1,0,0,0,1,1,17,0,26,6,2011,1,11,45,0,5,4,WENTWORTH SPRINGS RD,,0,38.90501944,-120.603319440,0,52,0,0,1,1,4,0,1,1,0,1,0,0000000,99,99,99,99,88,88,0,0,0,1,0
6,61550,2,2,0,0,0,2,2,81,490,26,7,2011,3,11,37,0,14,6,BROADWAY,,0,37.59083611,-122.361241670,0,12,2,0,1,1,1,0,1,1,0,1,0,0000000,99,99,99,99,99,99,0,0,0,1,0
6,61551,2,2,0,0,0,3,3,65,2650,1,9,2011,5,20,28,0,15,6,GERALD FORD DR,,0,33.78690833,-116.362461110,0,33,0,0,1,1,3,0,3,1,0,1,0,0000000,99,99,99,99,99,99,0,0,0,1,2
6,61552,1,1,0,1,1,2,2,85,0,3,9,2011,7,20,20,0,3,4,HALE AVE,,0,37.17174167,-121.711880560,0,49,0,0,1,1,1,0,2,1,0,1,0,0000000,99,99,99,99,99,99,0,0,0,1,0
6,61553,1,1,0,1,1,9,9,31,0,3,9,2011,7,20,35,1,2,3,SR-41,,182,36.01023611,-119.959330560,0,8,0,0,1,1,1,0,3,1,0,1,0,0000000,99,99,99,99,99,99,0,0,0,1,0
6,61554,1,1,0,1,1,1,1,75,3290,6,9,2011,3,10,35,0,16,6,NOE ST,14TH ST,0,37.76746389,-122.433405560,0,8,0,0,3,2,1,0,1,1,0,1,0,0000000,99,99,99,99,99,99,0,0,0,1,0
6,61555,1,1,0,1,1,1,1,37,0,6,9,2011,3,19,50,0,4,4,170TH ST,,0,34.61413056,-117.826944440,0,8,0,0,1,1,1,0,2,1,0,1,0,0000000,99,99,99,99,88,88,19,0,0,1,0
6,61556,1,1,0,0,0,8,8,71,0,7,9,2011,4,2,25,1,1,1,I-40,,1025,34.80515000,-115.273130560,0,1,0,0,1,1,2,0,2,1,0,1,0,0000000,99,99,99,99,99,99,0,0,0,1,0
6,61557,2,2,0,0,0,3,3,71,0,11,8,2011,5,14,25,0,2,3,SR-247,,736,34.82363333,-117.029158330,0,12,2,0,1,1,1,0,1,1,0,1,0,0000000,99,99,99,99,99,99,0,0,0,2,1
6,61558,1,1,0,0,0,1,1,55,0,11,8,2011,5,16,10,0,2,3,SR-1,,8,35.80293056,-121.348936110,0,24,0,0,1,1,4,0,1,1,0,1,0,0000000,99,99,99,99,99,96,0,0,0,1,0
6,61559,2,2,0,0,0,2,2,67,2934,12,8,2011,6,9,1,0,15,6,GRANT LINE RD,DOUGLAS RD,0,38.55911667,-121.187241670,0,12,6,0,2,3,1,0,1,1,0,1,0,0000000,99,99,99,99,99,99,0,0,0,1,0
6,61560,2,2,0,0,0,2,2,101,4280,12,8,2011,6,10,55,0,14,6,WALTON AVE,LINCOLN RD,0,39.11290556,-121.643891670,0,12,6,0,3,2,1,0,1,1,0,1,0,0000000,99,99,99,99,88,88,0,0,0,1,0
6,61561,2,2,0,0,0,3,3,43,0,13,8,2011,7,10,43,1,2,3,SR-140,,89,37.42536111,-120.106644440,0,12,2,0,8,1,1,0,1,1,0,1,0,0000000,99,99,99,99,99,99,0,0,0,1,0
6,61562,1,1,0,0,0,2,2,7,0,10,8,2011,4,13,0,0,6,4,COAL CYN RD,,0,39.60533889,-121.597538890,0,42,0,0,1,1,4,0,1,1,0,1,0,0000000,99,99,99,99,99,99,0,0,0,1,0
6,61563,1,1,0,0,0,1,1,73,3260,10,8,2011,4,21,13,0,15,6,SOLEDAD MTN RD,,0,32.81622778,-117.236288890,0,1,0,0,1,1,1,0,3,10,0,10,0,0000000,99,99,99,99,99,99,0,0,0,1,0
6,61564,1,1,0,0,0,2,2,37,1980,21,8,2011,1,3,5,0,14,6,TOPGANGA CYN BL,,0,34.24716944,-118.606666670,0,30,0,0,1,1,4,0,3,1,0,1,0,0000000,99,99,99,99,88,88,0,0,0,2,1
6,61565,1,1,0,0,0,1,1,107,0,18,8,2011,5,22,25,0,5,4,RD,,0,36.35828056,-119.440000000,0,38,0,0,1,1,4,0,2,1,0,1,0,0000000,99,99,99,99,88,88,0,0,0,1,0
6,61566,1,1,0,0,0,3,3,73,3260,14,3,2011,2,2,5,0,12,3,SR-163 RAMP,,10,32.72441944,-117.156969440,0,33,0,1,5,1,4,0,3,1,0,1,0,0000000,99,99,99,99,99,99,0,0,0,1,1
6,61567,2,2,0,0,0,4,4,65,4197,14,8,2011,1,15,18,0,14,6,CLINTON KEITH RD,,0,33.58843333,-117.252416670,0,12,6,0,8,1,1,0,1,1,0,1,0,0000000,99,99,99,99,99,99,0,0,0,1,1
6,61568,1,1,0,0,0,4,4,65,2327,5,9,2011,2,22,5,1,11,1,I-215,,95,33.55928889,-117.180719440,0,1,0,0,1,1,1,0,3,10,0,10,0,0000000,99,99,99,99,99,99,0,0,0,1,0
6,61569,2,2,0,0,0,3,3,59,9997,9,9,2011,6,22,0,0,16,6,CITY LIGHTS DR,,0,33.57275833,-117.726422220,0,1,0,0,8,1,1,0,3,1,0,1,0,0000000,99,99,99,99,99,99,0,0,0,1,2
6,61570,1,1,0,1,1,1,1,67,0,13,9,2011,3,3,34,0,2,4,MADISON AVE,,0,38.66414722,-121.238244440,0,8,0,0,1,1,1,0,2,1,0,1,0,0000000,99,99,99,99,88,88,19,0,0,1,0
6,61571,1,1,0,1,1,1,1,73,2904,13,9,2011,3,10,55,0,16,6,VALLE VERDE RD,DORESET WY,0,33.02508889,-117.043347220,0,33,0,0,3,2,4,0,1,1,0,1,0,0000000,99,99,99,99,99,99,15,0,0,1,0
6,61572,3,3,0,1,1,3,3,13,0,13,9,2011,3,22,10,1,1,1,I-680,,223,38.02690556,-122.113947220,0,8,0,0,1,1,1,0,2,1,0,1,0,0000000,99,99,99,99,88,88,23,0,0,1,0
6,61573,1,1,0,1,1,1,1,101,0,14,9,2011,4,17,48,0,4,4,PLEASANT GROVE RD,,0,38.77787500,-121.488188890,0,8,0,0,1,1,1,0,1,1,0,1,0,0000000,17,49,99,99,99,99,0,0,0,1,0
6,61574,1,1,0,0,0,1,1,59,880,15,9,2011,5,13,57,0,14,6,IRVINE AVE,,0,33.62874444,-117.908163890,0,16,0,0,1,1,1,0,1,1,0,1,0,0000000,99,99,99,99,88,88,0,0,0,1,0
6,61575,1,1,0,0,0,2,2,29,240,16,9,2011,6,2,15,0,13,6,CASA LOMA DR,,0,35.33945833,-118.997927780,0,33,0,0,1,1,4,0,3,1,0,1,0,0000000,99,99,99,99,99,99,0,0,0,1,0
6,61576,4,4,0,0,0,6,6,59,1713,26,7,2011,3,16,15,0,13,6,UNIVERSITY DR,ROSA DREW LN,0,33.65846667,-117.807466670,0,12,6,0,2,2,1,0,1,1,0,1,0,0000000,99,99,99,99,17,0,0,0,0,1,0
6,61577,1,1,0,0,0,1,1,85,3340,12,8,2011,6,7,9,0,13,6,MONTEREY RD,,0,37.23537500,-121.768761110,0,33,0,0,1,1,3,0,1,8,0,8,0,0000000,99,99,99,99,99,99,0,0,0,1,0
6,61578,1,1,0,0,0,1,1,59,1713,7,9,2011,4,1,27,1,11,1,I-5 RAMP,,248,33.68946111,-117.766730560,0,42,0,1,5,1,5,0,3,1,0,1,0,0000000,99,99,99,99,88,88,0,0,0,1,1
6,61579,1,1,0,1,1,1,1,37,0,7,9,2011,4,20,1,0,4,4,PALMDALE BL,,0,34.58008056,-117.894480560,0,8,0,0,1,1,1,0,2,1,0,1,0,0000000,99,99,99,99,88,88,23,0,0,1,0
6,61580,1,1,0,1,1,2,2,37,2700,18,9,2011,1,1,8,0,13,6,LOS ROBLES AVE,,0,34.14163889,-118.141386110,0,9,0,0,1,1,1,0,3,1,0,1,0,0000000,99,99,99,99,99,99,0,0,0,1,1
6,61581,1,1,0,0,0,1,1,65,2327,18,9,2011,1,2,12,0,15,6,GUAVA ST,ADAMS AVE,0,33.54269167,-117.196236110,0,35,0,0,3,3,5,0,3,1,0,1,0,0000000,99,99,2,17,88,88,0,0,0,1,1
6,61582,1,1,0,1,1,1,1,37,1980,8,9,2011,5,5,55,0,13,3,SR-1,RONAN AV,111,33.79064167,-118.272827780,0,8,0,0,3,1,1,0,4,1,0,1,0,0000000,99,99,99,99,99,99,0,0,0,1,0
6,61583,2,2,0,1,1,2,2,37,1980,19,9,2011,2,23,25,0,15,6,SAN FERNANDO RD,,0,34.23600556,-118.390238890,0,8,0,0,1,1,1,0,2,1,0,1,0,0000000,99,99,99,99,88,88,0,0,0,1,0
6,61584,1,1,0,1,1,1,1,37,1825,20,9,2011,3,4,30,0,14,6,SANTA GERTRUDES AVE,LAWNHILL DR,0,33.91377222,-117.994327780,0,8,0,0,3,3,1,0,3,1,0,1,0,0000000,99,99,99,99,88,88,0,0,0,1,0
6,61585,1,1,0,1,1,1,1,59,4130,21,9,2011,4,4,18,0,14,6,MCFADDEN AVE,VAN BUREN ST,0,33.73751944,-117.986172220,0,8,0,0,3,1,1,0,3,1,0,1,0,0000000,99,99,99,99,88,88,0,0,0,1,0
6,61586,1,1,0,1,1,0,0,73,710,7,8,2011,1,20,2,0,16,6,MONTERA ST,,0,32.62016111,-116.999255560,0,8,0,0,4,1,1,0,3,1,0,1,0,0000000,99,99,99,99,99,99,0,0,0,1,0
6,61587,3,3,0,0,0,5,5,71,4290,11,8,2011,5,21,22,0,14,6,AVENUE E,1ST ST,0,34.02659722,-117.040983330,0,12,2,0,2,2,1,0,3,1,0,1,0,0000000,99,99,99,99,99,99,14,0,0,1,0
6,61588,2,2,0,0,0,2,2,83,1445,17,8,2011,4,13,53,0,14,6,CATHEDRAL OAKS RD,ELLWOOD CYN RD,0,34.43958333,-119.897730560,0,12,7,0,3,3,1,0,1,1,0,1,0,0000000,99,99,99,99,88,88,0,0,0,1,0
6,61589,1,1,0,0,0,5,5,37,1980,28,8,2011,1,0,10,1,11,1,I-5,,338,34.22206944,-118.369350000,0,30,0,0,1,1,4,0,3,1,0,1,0,0000000,99,99,99,99,99,99,0,0,0,1,0
6,61590,2,2,0,0,0,5,5,29,0,1,9,2011,5,21,40,1,2,3,SR-14,,617,35.65453056,-117.877261110,0,12,2,0,1,1,1,0,2,1,0,1,0,0000000,99,99,99,99,99,99,0,0,0,2,0
6,61591,1,1,0,0,0,1,1,67,0,5,9,2011,2,23,30,0,4,4,SCOTT RD,,0,38.59731944,-121.131419440,0,35,0,0,1,1,4,0,2,1,0,1,0,0000000,99,99,99,99,88,88,0,0,0,1,0
6,61592,1,1,0,1,1,1,1,59,80,6,9,2011,3,7,14,0,16,6,CRONE AVE,LOARA ST,0,33.82171111,-117.937144440,0,8,0,0,3,2,1,0,1,1,0,1,0,0000000,99,99,99,99,99,99,0,0,0,1,0
6,61593,1,1,0,0,0,1,1,95,3780,6,9,2011,3,14,10,0,16,6,LA MESA CT,,0,38.24696944,-121.983344440,0,1,0,0,1,1,1,0,1,1,0,1,0,0000000,99,99,99,99,99,99,0,0,0,1,0
6,61594,1,1,0,1,1,1,1,81,2980,6,9,2011,3,19,16,0,14,6,E BAYSHORE RD,,0,37.48723889,-122.197488890,0,8,0,0,1,1,1,0,1,1,0,1,0,0000000,99,99,99,99,88,88,0,0,0,1,0
6,61595,2,2,0,0,0,3,3,29,0,11,9,2011,1,22,25,0,2,4,SIERRA HWY,,0,34.97741944,-118.150338890,0,12,2,0,1,1,1,0,3,1,0,1,0,0000000,99,99,99,99,99,99,0,0,0,1,1
6,61596,2,2,0,0,0,2,2,83,600,12,9,2011,2,2,24,1,12,2,US-101,,28,34.39938889,-119.513719440,0,41,0,0,1,1,3,0,2,1,0,1,0,0000000,99,99,99,99,99,99,0,0,0,1,1
6,61597,1,1,0,0,0,1,1,29,0,12,9,2011,2,6,40,0,4,4,SOUTH LAKE RD,,0,35.13865000,-119.244163890,0,1,0,0,1,1,4,0,4,1,0,1,0,0000000,99,99,99,99,99,99,0,0,0,1,0
6,61598,2,2,0,0,0,2,2,77,3770,12,9,2011,2,14,5,1,11,1,I-5,,251,37.93076111,-121.295738890,0,12,7,0,1,1,1,0,1,1,0,1,0,0000000,99,99,99,99,99,99,0,0,0,1,0
6,61599,3,3,0,0,0,10,10,77,3770,12,9,2011,2,15,10,0,14,6,OAK ST,BAKER ST,0,37.95669167,-121.303066670,0,12,6,0,2,2,1,0,1,1,0,1,0,0000000,99,99,99,99,99,99,0,0,0,1,0
6,61600,2,2,0,0,0,3,3,65,0,4,10,2011,3,16,20,0,3,4,RANCHO CALIFORNIA RD,,0,33.50948056,-117.193000000,0,12,2,0,1,1,1,0,1,2,0,2,0,0000000,99,99,99,99,99,99,0,0,0,1,0
6,61601,2,2,0,0,0,2,2,37,2870,5,10,2011,4,8,40,0,14,6,2ND ST,HAMILTON BL,0,34.05750000,-117.763219440,0,12,6,0,2,2,1,0,1,10,2,2,0,0000000,99,99,99,99,88,88,0,0,0,1,0
6,61602,1,1,0,0,0,2,2,15,0,5,10,2011,4,15,4,1,2,2,US-199,,266,41.81157500,-124.100683330,0,59,0,0,1,1,4,0,1,10,0,10,0,0000000,99,99,99,99,99,99,0,0,0,1,0
6,61603,1,1,0,1,1,1,1,37,0,5,10,2011,4,16,0,1,2,3,SR-138,,595,34.50635000,-117.907938890,0,8,0,0,1,1,2,0,1,10,0,10,0,0000000,99,99,99,99,99,99,0,0,0,1,0
6,61604,2,2,0,0,0,2,2,75,3290,6,10,2011,5,0,30,0,13,6,FULTON ST,STANYAN ST,0,37.77476111,-122.454455560,0,12,1,0,3,2,1,0,3,1,0,1,0,0000000,99,99,99,99,99,99,0,0,0,1,1
6,61605,1,1,0,1,1,1,1,19,1370,9,8,2011,3,7,30,0,16,6,COLLEGE AVE,,0,36.85543056,-119.797050000,0,8,0,0,4,1,1,0,1,1,0,1,0,0000000,88,88,88,88,88,88,0,0,0,1,0
6,61606,1,1,0,1,1,1,1,19,1370,3,9,2011,7,21,7,0,14,6,FRESNO ST,,0,36.76663056,-119.781522220,0,8,0,0,1,1,1,0,3,1,0,1,0,0000000,99,99,99,99,99,99,0,0,0,1,0
6,61607,1,1,0,1,1,1,1,65,0,16,9,2011,6,20,0,0,4,4,GRAND AVE,BLACKWELL BL,0,33.64006111,-117.346250000,0,8,0,0,3,2,1,0,2,1,0,1,0,0000000,99,99,99,99,99,99,0,0,0,1,0
6,61608,2,2,0,0,0,2,2,37,30,23,9,2011,6,16,30,1,11,1,I-10 RAMP,,233,34.07183056,-118.124180560,0,12,7,1,5,1,1,0,1,1,0,1,0,0000000,99,99,99,99,99,99,0,0,0,1,0
6,61609,1,1,0,1,1,0,0,73,3260,28,9,2011,4,11,5,0,6,6,BOSTON AVE (ALY),,0,32.69331389,-117.112225000,0,39,0,0,1,1,1,0,1,1,0,1,0,0000000,99,99,99,99,88,88,4,0,0,1,0
6,61610,3,1,2,2,2,1,1,37,480,1,10,2011,7,22,44,1,12,3,SR-134,,33,34.15526667,-118.318925000,0,14,0,0,1,1,2,0,2,1,0,1,0,0000000,99,99,99,99,99,99,15,23,0,1,0
6,61611,3,3,0,0,0,3,3,65,0,2,10,2011,1,13,45,0,2,3,SR-74,,89,33.64535000,-117.385330560,0,35,0,0,1,1,5,0,1,1,0,1,0,0000000,99,99,99,99,99,99,14,0,0,1,0
6,61612,2,2,0,0,0,2,2,71,0,2,10,2011,1,20,5,0,16,6,ARROW RTE,SULTANA AVE,0,34.09928333,-117.469108330,0,12,2,0,3,2,1,0,3,1,0,1,0,0000000,99,99,99,99,99,99,0,0,0,1,1
6,61613,1,1,0,1,1,1,1,37,1980,3,10,2011,2,7,15,0,15,6,STRATHERN ST,MORELLA ST,0,34.21572778,-118.389805560,0,8,0,0,3,3,1,0,1,1,0,1,0,0000000,99,99,99,99,99,99,0,0,0,1,0
6,61614,1,1,0,1,1,1,1,65,3070,3,10,2011,2,21,13,0,15,6,LINDEN ST,,0,33.97932500,-117.339605560,0,8,0,0,1,1,1,0,2,1,0,1,0,0000000,99,99,99,99,99,99,0,0,0,1,0
6,61615,1,1,0,1,1,1,1,19,1370,7,9,2011,4,11,11,0,14,6,BLACKSTONE AVE,,0,36.78913611,-119.790638890,0,8,0,0,1,1,1,0,1,1,0,1,0,0000000,99,99,99,99,99,99,0,0,0,1,0
6,61616,1,1,0,1,1,1,1,37,2700,22,9,2011,5,18,13,0,13,6,COLORADO,TERRACE DR,0,34.14573333,-118.157633330,0,9,0,0,3,3,1,0,1,1,0,1,0,0000000,99,99,99,99,18,28,16,0,0,1,0
6,61617,3,3,0,0,0,6,6,53,0,25,9,2011,1,4,55,1,2,3,SR-183,,37,36.69781944,-121.701619440,0,12,6,0,1,1,1,0,2,10,0,10,0,0000000,99,99,99,99,99,99,0,0,0,1,1
6,61618,1,1,0,1,1,1,1,95,0,25,9,2011,1,13,55,0,2,3,SR-113,,89,38.29573056,-121.823288890,0,9,0,0,1,1,2,0,1,10,0,10,0,0000000,99,99,99,99,88,88,0,0,0,1,0
6,61619,3,3,0,0,0,3,3,1,1364,25,9,2011,1,16,2,1,13,3,SR-238,,54,37.58745556,-121.999186110,0,33,0,0,1,1,3,0,1,10,0,10,0,0000000,99,99,99,99,99,99,0,0,0,1,1
6,61620,3,3,0,0,0,8,8,37,1970,25,9,2011,1,22,7,1,11,1,I-605,,3,33.80963056,-118.081719440,0,12,7,0,1,1,1,0,3,1,0,1,0,0000000,99,99,99,99,88,88,14,0,0,1,1
6,61621,1,1,0,2,2,1,1,59,80,1,10,2011,7,4,10,0,13,6,S HARBOR BL,W DISNEY WY,0,33.80695556,-117.915427780,0,8,0,0,3,2,1,0,3,1,0,1,0,0000000,99,99,99,99,99,99,0,0,0,2,1
6,61622,2,2,0,0,0,3,3,37,518,1,10,2011,7,8,32,1,12,2,US-101,,311,34.14818889,-118.697888890,0,12,6,0,1,1,1,0,1,1,0,1,0,0000000,99,99,99,99,99,99,0,0,0,2,0
6,61623,1,1,0,2,2,1,1,53,3180,1,10,2011,7,19,47,0,14,6,E BERNAL DR,,0,36.68990556,-121.650894440,0,8,0,0,1,1,1,0,3,1,0,1,0,0000000,99,99,99,99,99,99,0,0,0,1,0