STATE,ST_CASE,VE_TOTAL,VE_FORMS,PVH_INVL,PEDS,PERNOTMVIT,PERMVIT,PERSONS,COUNTY,CITY,DAY,MONTH,YEAR,DAY_WEEK,HOUR,MINUTE,NHS,ROAD_FNC,ROUTE,TWAY_ID,TWAY_ID2,MILEPT,LATITUDE,LONGITUD,SP_JUR,HARM_EV,MAN_COLL,RELJCT1,RELJCT2,TYP_INT,REL_ROAD,WRK_ZONE,LGT_COND,WEATHER1,WEATHER2,WEATHER,SCH_BUS,RAIL,NOT_HOUR,NOT_MIN,ARR_HOUR,ARR_MIN,HOSP_HR,HOSP_MN,CF1,CF2,CF3,FATALS,DRUNK_DR
6,61624,1,1,0,1,1,1,1,97,3490,15,10,2011,7,22,34,0,14,6,STONY POINT RD,,0,38.43087500,-122.741836110,0,8,0,0,1,1,1,0,3,1,0,1,0,0000000,99,99,99,99,99,99,0,0,0,1,0
6,61625,1,1,0,0,0,1,1,37,0,13,8,2011,7,14,0,0,2,3,SR-2,,397,34.26974167,-118.074477780,0,35,0,0,1,1,4,0,1,1,0,1,0,0000000,99,99,99,99,88,88,0,0,0,1,0
6,61626,1,1,0,1,1,1,1,71,0,13,8,2011,7,18,39,0,4,4,MESQUITE ST,JOSHUA RD,0,34.39751389,-117.438641670,0,9,0,0,2,3,1,0,1,1,0,1,0,0000000,99,99,99,99,88,88,0,0,0,1,0
6,61627,1,1,0,0,0,3,3,71,680,14,8,2011,1,1,1,1,12,3,SR-60,,23,34.03035833,-117.688208330,0,1,0,1,18,1,4,0,3,1,0,1,0,0000000,99,99,99,99,99,99,0,0,0,1,0
6,61628,1,1,0,0,0,1,1,73,0,14,8,2011,1,9,45,0,4,4,HARMONY GROVE RD,,0,33.10026111,-117.124161110,0,1,0,0,1,1,4,0,1,1,0,1,0,0000000,99,99,99,99,88,88,0,0,0,1,0
6,61629,1,1,0,0,0,2,2,71,0,14,8,2011,1,12,19,1,1,1,I-40,,719,35.19601111,-116.137458330,0,35,0,0,1,1,4,0,1,1,0,1,0,0000000,99,99,99,99,99,99,0,0,0,1,0
6,61630,1,1,0,0,0,1,1,93,0,11,8,2011,5,13,0,0,2,4,BIG SPRING RD,,0,41.55640833,-122.396319440,0,33,0,0,1,1,4,0,1,1,0,1,0,0000000,99,99,99,99,88,88,0,0,0,1,0
6,61631,1,1,0,1,1,1,1,37,305,12,9,2011,2,19,50,0,14,6,FOSTER RD,,0,33.90975278,-118.121988890,0,8,0,0,1,1,1,0,3,1,0,1,0,0000000,99,99,99,99,88,88,0,0,0,1,0
6,61632,1,1,0,1,1,1,1,37,1980,21,9,2011,4,12,25,0,13,6,VENTURA BL,OAKDALE AVE,0,34.17226944,-118.565933330,0,8,0,0,3,2,1,0,1,1,0,1,0,0000000,99,99,99,99,99,99,0,0,0,1,0
6,61633,1,1,0,1,1,1,1,13,3412,22,9,2011,5,8,41,0,15,6,MONARCH RD,ASTEBELL DR,0,37.77742222,-121.921597220,0,8,0,0,3,2,1,0,1,1,0,1,0,0000000,8,41,8,48,99,99,0,0,0,1,0
6,61634,1,1,0,0,0,1,1,107,0,22,9,2011,5,21,4,0,4,4,RD 172,,0,36.45778056,-119.188588890,0,1,0,0,1,1,1,0,2,1,0,1,0,0000000,99,99,99,99,88,88,0,0,0,1,1
6,61635,1,1,0,1,1,1,1,65,2278,2,10,2011,1,3,27,0,14,6,HEACOCK ST,,0,33.93020278,-117.243777780,0,9,0,0,1,1,1,0,3,1,0,1,0,0000000,99,99,99,99,99,99,0,0,0,1,0
6,61636,1,1,0,1,1,1,1,75,3290,2,10,2011,1,9,36,0,16,6,KEARNY ST,,0,37.79301111,-122.404466670,0,8,0,0,1,1,1,1,1,1,0,1,0,0000000,99,99,99,99,99,99,0,0,0,1,0
6,61637,1,1,0,1,1,1,1,97,3490,2,10,2011,1,19,10,0,14,6,MARLOW RD,,0,38.45176389,-122.751322220,0,8,0,0,1,1,1,0,3,1,0,1,0,0000000,99,99,99,99,99,99,0,0,0,1,0
6,61638,2,2,0,0,0,3,3,73,1200,18,3,2011,6,22,55,0,13,6,EL NORTE PKWY,BOURBON RD,0,33.14709167,-117.106836110,0,12,6,0,2,2,1,0,3,1,0,1,0,0000000,99,99,99,99,99,99,0,0,0,1,1
6,61639,2,2,0,0,0,3,3,59,4130,19,3,2011,7,2,0,0,13,6,WESTMINSTER BLVD,WILLOW AVE,0,33.75906944,-118.024550000,0,12,2,1,2,3,1,0,3,10,0,10,0,0000000,99,99,99,99,88,88,0,0,0,1,2
6,61640,1,1,0,1,1,1,1,47,1040,5,4,2011,3,18,48,0,16,6,BLOSSOM ST,FRANK AVE,0,36.98606111,-120.631008330,0,8,0,0,3,3,1,0,1,1,0,1,0,0000000,99,99,99,99,99,99,0,0,0,1,0
6,61641,1,1,0,0,0,2,2,65,612,21,5,2011,7,19,21,0,15,6,CATHEDRAL CANYON DR,,0,33.79840556,-116.466705560,0,33,0,0,1,1,4,0,5,1,0,1,0,0000000,99,99,99,99,99,99,0,0,0,1,1
6,61642,1,1,0,1,1,1,1,65,612,27,5,2011,6,20,17,0,16,6,AVENIDA MARAVILLA,,0,33.81918611,-116.467244440,0,15,0,0,1,1,1,0,6,1,0,1,0,0000000,99,99,99,99,99,99,0,0,0,1,1
6,61643,1,1,0,1,1,1,1,73,3260,20,6,2011,2,8,41,1,12,3,SR-15 RAMP,,21,32.71548889,-117.117569440,0,8,0,1,5,1,1,0,1,1,0,1,0,0000000,99,99,99,99,88,88,0,0,0,1,0
6,61644,2,2,0,0,0,2,2,65,2327,6,7,2011,4,20,54,0,14,6,CLINTON KEITH RD,,0,33.58468611,-117.254016670,0,12,2,0,1,1,1,0,2,1,0,1,0,0000000,99,99,21,6,99,99,0,0,0,1,1
6,61645,1,1,0,0,0,9,9,57,3900,6,8,2011,7,15,20,0,16,6,DAY USE RD,,0,39.32758056,-120.186919440,0,5,0,0,1,1,1,0,1,1,0,1,0,0000000,99,99,99,99,99,99,4,0,0,1,0
6,61646,1,1,0,0,0,3,3,11,0,7,8,2011,1,17,50,1,1,1,I-5,,99,39.05201944,-122.080630560,0,1,0,0,1,1,1,1,1,1,0,1,0,0000000,99,99,99,99,99,99,3,0,0,1,1
6,61647,1,1,0,1,1,1,1,73,710,11,8,2011,5,20,0,0,15,6,3RD AVE,,0,32.60276944,-117.064822220,0,8,0,0,1,1,1,0,3,1,0,1,0,0000000,99,99,99,99,99,99,0,0,0,1,0
6,61648,1,1,0,1,1,4,4,37,2458,13,8,2011,7,1,18,0,13,6,ROSECRANS AVE,,0,33.90217778,-118.100375000,0,9,0,0,1,1,1,0,3,1,0,1,0,0000000,99,99,99,99,99,99,0,0,0,1,0
6,61649,1,1,0,1,1,1,1,81,2140,24,8,2011,4,11,13,1,2,3,SR-95,CHILCO ST,267,37.48328333,-122.167091670,0,9,0,0,2,3,1,0,1,1,0,1,0,0000000,99,99,99,99,99,99,0,0,0,1,0
6,61650,1,1,0,0,0,3,3,47,2150,29,8,2011,2,16,54,0,14,6,W N BEARCREEK DR,,0,37.31489167,-120.491811110,0,42,0,0,1,1,5,0,1,1,0,1,0,0000000,99,99,99,99,99,99,0,0,0,1,1
6,61651,1,1,0,1,1,1,1,85,3790,31,8,2011,4,7,9,0,13,6,HOMESTEAD RD,,0,37.33750278,-122.052044440,0,41,0,0,1,1,4,0,1,1,0,1,0,0000000,99,99,99,99,99,99,0,0,0,1,1
6,61652,2,2,0,0,0,2,2,71,0,31,8,2011,4,7,30,0,2,3,SR-18,GREENWAY DR,539,34.27011111,-116.846530560,0,12,6,0,2,2,1,0,1,1,0,1,0,0000000,99,99,99,99,88,88,0,0,0,1,0
6,61653,2,2,0,0,0,3,3,111,3641,31,8,2011,4,19,44,0,14,6,COCHRAN ST,STEARNS ST,0,34.27899167,-118.691386110,0,12,6,0,2,2,1,0,3,1,0,1,0,0000000,99,99,99,99,99,99,0,0,0,1,0
6,61654,1,1,0,0,0,8,8,71,0,3,9,2011,7,5,12,1,1,1,I-40,,904,34.76571111,-115.476580560,0,1,0,0,1,1,1,0,2,10,0,10,0,0000000,99,99,99,99,99,99,0,0,0,1,0
6,61655,2,1,1,1,1,1,1,95,0,4,9,2011,1,2,55,1,1,1,I-80,,331,38.42678889,-121.883911110,0,14,0,0,1,1,2,0,2,1,0,1,0,0000000,99,99,99,99,99,99,23,0,0,1,1
6,61656,1,1,0,0,0,3,3,59,0,5,9,2011,2,1,39,0,6,4,ALLEGHENY DR,,0,33.76941111,-117.815730560,0,5,0,0,1,1,1,0,3,1,0,1,0,0000000,99,99,99,99,99,99,0,0,0,1,1
6,61657,1,1,0,1,1,2,2,99,0,10,9,2011,7,4,5,0,4,4,CLARIBEL RD,,0,37.71108056,-120.855538890,0,8,0,0,1,1,1,0,2,1,0,1,0,0000000,99,99,99,99,88,88,0,0,0,1,0
6,61658,1,1,0,0,0,1,1,19,0,10,9,2011,7,4,18,0,6,4,HAMPTON WAY,,0,36.79221111,-119.801788890,0,53,0,0,1,1,5,0,2,1,0,1,0,0000000,99,99,99,99,88,88,4,0,0,1,1
6,61659,3,3,0,0,0,5,5,37,1980,10,9,2011,7,3,42,1,11,1,I-110,,207,34.02708889,-118.274480560,0,12,1,0,1,1,1,0,2,1,0,1,0,0000000,99,99,99,99,99,99,0,0,0,1,0
6,61660,2,2,0,0,0,2,2,37,890,10,9,2011,7,16,28,0,14,6,CITRUS AVE,,0,34.10628611,-117.890263890,0,12,7,0,8,1,1,0,1,1,0,1,0,0000000,99,99,99,99,99,99,0,0,0,1,0
6,61661,1,1,0,1,1,1,1,81,2980,10,9,2011,7,16,50,0,2,3,SR-1,ROSSI RD,44,37.14832222,-122.344808330,0,9,0,0,2,2,1,0,1,1,0,1,0,0000000,99,99,99,99,99,99,0,0,0,1,0
6,61662,1,1,0,1,1,1,1,37,1980,10,9,2011,7,20,45,0,14,6,NORMANDIE AVE,,0,34.00921944,-118.300180560,0,8,0,0,1,1,1,0,3,1,0,1,0,0000000,99,99,99,99,99,99,0,0,0,1,0
6,61663,1,1,0,1,1,2,2,37,0,10,9,2011,7,21,22,0,3,4,FIRESTONE BLVD,,0,33.96013056,-118.246180560,0,8,0,0,1,1,1,0,3,1,0,1,0,0000000,99,99,99,99,88,88,0,0,0,1,0
6,61664,1,1,0,0,0,1,1,29,0,11,9,2011,1,4,42,1,2,3,SR-99,,324,35.45105000,-119.100280560,0,30,0,0,1,1,5,0,2,1,0,1,0,0000000,99,99,99,99,99,99,0,0,0,1,0
6,61665,1,1,0,1,1,1,1,59,3420,16,9,2011,6,6,15,0,13,6,BRISTOL ST,MCFADDEN AVE,0,33.73443333,-117.885188890,0,8,0,0,3,2,1,0,4,10,0,10,0,0000000,99,99,99,99,99,99,0,0,0,1,0
6,61666,1,1,0,1,1,2,2,19,0,16,9,2011,6,21,0,1,2,3,SR-41,,15,36.42371944,-119.802661110,0,8,0,0,1,1,1,0,2,1,0,1,0,0000000,99,99,99,99,99,99,0,0,0,1,0
6,61667,3,3,0,0,0,4,4,111,0,11,9,2011,1,19,5,1,2,3,SR-126,,163,34.37741944,-118.995961110,0,12,2,0,1,1,1,0,1,1,0,1,0,0000000,99,99,99,99,99,99,14,0,0,1,0
6,61668,1,1,0,1,1,1,1,77,3770,19,9,2011,2,18,53,0,13,6,AIRPORT WAY,ROOSEVELT ST,0,37.96685833,-121.277308330,0,9,0,0,2,2,1,0,1,1,0,1,0,0000000,99,99,99,99,99,99,0,0,0,1,0
6,61669,1,1,0,1,1,1,1,19,0,19,9,2011,2,21,5,0,5,4,BELMONT AVE,,0,36.74953889,-120.001688890,0,8,0,0,1,1,1,0,2,1,0,1,0,0000000,99,99,99,99,88,88,0,0,0,1,0
6,61670,1,1,0,1,1,1,1,13,110,19,9,2011,2,21,12,0,13,6,LONE TREE WAY,LONE TREE LANDING,0,37.98823333,-121.807422220,0,8,0,0,2,2,1,0,3,1,0,1,0,0000000,99,99,99,99,88,88,0,0,0,1,0
6,61671,1,1,0,0,0,1,1,23,1220,9,9,2011,6,22,56,1,12,2,US-101,,774,40.79299722,-124.177444440,0,1,0,0,1,1,5,1,3,1,0,1,0,0000000,99,99,99,99,88,88,0,0,0,1,1
6,61672,3,3,0,0,0,5,5,65,250,10,9,2011,7,12,25,1,11,1,I-10,,103,33.92628889,-116.928961110,0,12,7,0,1,1,1,0,1,1,0,1,0,0000000,99,99,99,99,99,99,0,0,0,1,0
6,61673,1,1,0,0,0,2,2,35,0,11,9,2011,1,5,50,1,2,3,SR-44,,321,40.43930000,-120.837050000,0,31,0,0,1,1,4,0,2,1,0,1,0,0000000,99,99,99,99,88,88,0,0,0,2,0
6,61674,1,1,0,0,0,1,1,73,3260,17,9,2011,7,1,36,0,13,6,HARBOR DR,,0,32.69216389,-117.138175000,0,1,0,0,1,1,4,0,3,1,0,1,0,0000000,99,99,99,99,88,88,20,0,0,1,1
6,61675,2,2,0,0,0,2,2,77,0,17,9,2011,7,15,19,0,2,3,SR-4,,60,37.90766111,-121.457211110,0,12,2,0,1,1,1,0,1,1,0,1,0,0000000,99,99,99,99,99,99,0,0,0,1,0
6,61676,1,1,0,0,0,1,1,63,0,19,9,2011,2,0,39,0,2,3,SR-70,,846,39.81198889,-120.317061110,0,11,0,0,1,1,1,0,2,1,0,1,0,0000000,99,99,99,99,88,88,0,0,0,1,1
6,61677,1,1,0,0,0,7,7,47,0,24,9,2011,7,6,10,0,2,3,SR-59,,239,37.42678056,-120.507650000,0,1,0,0,1,1,2,0,2,2,10,2,0,0000000,99,99,99,99,99,99,0,0,0,2,0
6,61678,1,1,0,0,0,1,1,19,0,24,9,2011,7,10,46,0,5,4,WATTS VALLEY RD,,0,36.81958056,-119.488788890,0,38,0,0,1,1,5,0,1,10,0,10,0,0000000,99,99,99,99,99,99,0,0,0,1,0
6,61679,1,1,0,0,0,2,2,67,3150,24,9,2011,7,19,15,1,11,1,I-5,,344,38.53911944,-121.512386110,0,23,0,0,1,1,3,0,5,1,0,1,0,0000000,99,99,99,99,99,99,0,0,0,1,1
6,61680,2,2,0,0,0,2,2,19,0,24,9,2011,7,23,50,0,4,4,AMERICAN AVE,,0,36.66168056,-120.166500000,0,12,6,0,1,1,1,0,2,1,0,1,0,0000000,99,99,99,99,99,99,0,0,0,1,1
6,61681,2,2,0,0,0,4,4,77,0,25,9,2011,1,6,55,1,1,1,I-580,,69,37.66058056,-121.438180560,0,1,0,0,1,1,3,0,1,10,0,10,0,0000000,99,99,99,99,99,99,14,0,0,1,1
6,61682,1,1,0,0,0,2,2,5,0,25,9,2011,1,12,40,1,2,3,SR-88,,466,38.54718056,-120.357188890,0,42,0,0,1,1,5,0,1,10,0,10,0,0000000,99,99,99,99,88,88,0,0,0,2,0
6,61683,1,1,0,0,0,1,1,113,980,27,9,2011,3,0,20,1,11,1,I-80,,6,38.54346389,-121.731113890,0,43,0,0,1,1,2,0,3,1,0,1,0,0000000,99,99,99,99,88,88,0,0,0,1,1
6,61684,3,3,0,0,0,3,3,29,0,26,9,2011,2,9,15,0,2,3,SR-33,,23,34.96058056,-119.447488890,0,12,6,0,1,1,1,0,1,10,0,10,0,0000000,99,99,99,99,88,88,0,0,0,1,1
6,61685,1,1,0,1,1,1,1,113,4163,1,9,2011,5,20,57,1,12,2,US-50,,14,38.57513056,-121.546241670,0,8,0,0,1,1,1,0,3,1,0,1,0,0000000,99,99,99,99,99,99,19,0,0,1,0
6,61686,1,1,0,1,1,1,1,17,3697,4,9,2011,1,19,49,0,14,6,SKI RUN BLVD,FOREST AVE,0,38.94659167,-119.956125000,0,8,0,0,3,2,1,0,3,1,0,1,0,0000000,99,99,99,99,99,99,0,0,0,1,1
6,61687,1,1,0,1,1,1,1,1,1364,8,9,2011,5,7,23,0,16,6,BRYCE PARK DR,,0,37.52033889,-121.969611110,0,8,0,0,1,1,1,0,1,1,0,1,0,0000000,99,99,99,99,99,99,4,0,0,1,0
6,61688,1,1,0,1,1,1,1,59,3960,8,9,2011,5,20,36,1,11,1,I-5,,290,33.73268889,-117.814338890,0,8,0,0,1,1,1,0,2,1,0,1,0,0000000,99,99,99,99,88,88,20,0,0,1,0
6,61689,1,1,0,0,0,1,1,61,0,9,9,2011,6,8,10,0,4,4,FORESTHILL RD,,0,38.96691944,-120.955038890,0,1,0,0,1,1,5,0,1,1,0,1,0,0000000,99,99,99,99,88,88,0,0,0,1,0
6,61690,2,2,0,0,0,2,2,81,1065,9,9,2011,6,19,40,1,12,2,US-101,,9,37.46054444,-122.141227780,0,1,0,0,1,1,1,0,5,10,0,10,0,0000000,99,99,99,99,99,99,0,0,0,1,0
6,61691,1,1,0,0,0,1,1,61,0,21,9,2011,4,15,52,1,2,3,SR-20,,414,39.30578889,-120.677930560,0,35,0,0,1,1,5,0,1,1,0,1,0,0000000,99,99,99,99,88,88,0,0,0,1,0
6,61692,1,1,0,1,1,1,1,29,3600,23,9,2011,6,5,40,0,14,6,S SHAFTER AVE,,0,35.49746667,-119.278347220,0,8,0,0,1,1,1,0,3,1,0,1,0,0000000,99,99,99,99,99,99,0,0,0,1,0
6,61693,1,1,0,1,1,1,1,13,3010,23,9,2011,6,18,2,0,16,6,ESMOND AVE,34TH ST,0,37.94514722,-122.334500000,0,15,0,0,3,2,1,0,5,10,0,10,0,0000000,99,99,99,99,99,99,0,0,0,1,0
6,61694,1,1,0,0,0,1,1,9,0,26,9,2011,2,17,45,0,2,3,SR-4,,305,38.14923056,-120.445411110,0,42,0,0,1,1,5,0,1,1,0,1,0,0000000,99,99,99,99,99,99,0,0,0,1,0
6,61695,1,1,0,1,1,1,1,73,2340,27,9,2011,3,6,7,0,14,6,E 8TH ST,,0,32.68359444,-117.079227780,0,8,0,0,1,1,1,0,2,5,0,5,0,0000000,99,99,99,99,88,88,0,0,0,1,0
6,61696,1,1,0,0,0,1,1,81,0,27,9,2011,3,17,50,0,3,4,KINGS MOUNTAIN RD,,0,37.42687500,-122.267827780,0,42,0,0,1,1,5,0,1,1,0,1,0,0000000,99,99,99,99,88,88,0,0,0,1,0
6,61697,1,1,0,1,1,1,1,81,1065,28,9,2011,4,8,9,0,16,6,BAY RD,GLORIA WAY,0,37.47140278,-122.141850000,0,8,0,0,3,3,1,0,1,1,0,1,0,0000000,99,99,99,99,88,88,0,0,0,1,0
6,61698,1,1,0,0,0,2,2,41,2460,28,9,2011,4,13,21,1,2,2,US-101,,247,38.13204722,-122.563902780,0,42,0,0,1,1,2,0,1,1,0,1,0,0000000,99,99,99,99,99,99,0,0,0,1,0
6,61699,2,2,0,0,0,2,2,19,0,28,9,2011,4,17,40,0,4,4,JAMES RD,,0,36.68631389,-120.225963890,0,24,0,0,1,1,4,0,1,1,0,1,0,0000000,99,99,99,99,88,88,0,0,0,1,1
6,61700,1,1,0,1,1,1,1,37,1110,29,9,2011,5,5,31,0,16,6,CORTADA ST,,0,34.06445556,-118.062230560,0,8,0,0,1,1,1,0,3,1,0,1,0,0000000,99,99,99,99,99,99,0,0,0,1,0
6,61701,2,2,0,0,0,4,4,99,0,29,9,2011,5,17,42,1,2,3,SR-132,,109,37.63813056,-121.075030560,0,12,6,0,1,1,1,0,1,1,0,1,0,0000000,99,99,99,99,88,88,0,0,0,1,1
6,61702,1,1,0,1,1,2,2,73,1200,29,9,2011,5,19,15,0,13,6,VALLEY PARKWAY,,0,33.14003889,-117.046391670,0,8,0,0,1,1,1,0,3,1,0,1,0,0000000,99,99,99,99,88,88,0,0,0,1,0
6,61703,1,1,0,1,1,2,2,13,110,29,9,2011,5,22,10,0,13,6,A ST,,0,38.00049444,-121.806072220,0,8,0,0,1,1,1,0,3,1,0,1,0,0000000,99,99,99,99,99,99,0,0,0,1,0
6,61704,1,1,0,0,0,1,1,37,0,29,9,2011,5,99,99,0,4,4,LAKE HUGHES RD,,0,34.59326944,-118.561600000,0,1,0,0,1,1,5,0,1,1,0,1,0,0000000,99,99,99,99,88,88,0,0,0,1,1
6,61705,1,1,0,1,1,1,1,15,0,30,9,2011,6,19,50,1,2,2,US-101,,53,41.53125000,-124.041763890,0,8,0,0,1,1,1,0,3,2,10,2,0,0000000,99,99,99,99,99,99,0,0,0,1,0
6,61706,2,2,0,0,0,5,5,37,1840,30,9,2011,6,20,26,0,3,4,40TH ST,AVENUE P-8,0,34.59472500,-118.058513890,0,12,6,0,2,3,1,0,3,1,0,1,0,0000000,99,99,99,99,99,99,0,0,0,1,0
6,61707,1,1,0,1,1,1,1,37,1840,28,9,2011,4,5,40,0,14,6,40TH ST,,0,34.66908056,-118.058922220,0,8,0,0,1,1,1,0,2,1,0,1,0,0000000,99,99,99,99,99,99,0,0,0,1,0
6,61708,2,2,0,0,0,2,2,81,0,22,9,2011,5,20,10,1,11,1,I-280,,11,37.41568611,-122.210797220,0,12,1,0,1,1,1,0,2,1,0,1,0,0000000,99,99,99,99,99,99,19,0,0,1,0
6,61709,1,1,0,1,1,2,2,71,4040,8,10,2011,7,1,11,1,11,1,I-15,,414,34.52108889,-117.319444440,0,8,0,1,18,1,1,0,2,1,0,1,0,0000000,99,99,99,99,88,88,0,0,0,1,0
6,61710,2,2,0,0,0,2,2,73,710,9,10,2011,1,22,10,1,11,1,I-805,,75,32.64505000,-117.058619440,0,12,1,0,1,1,1,0,3,1,0,1,0,0000000,99,99,99,99,88,88,0,0,0,1,1
6,61711,1,1,0,0,0,1,1,47,0,9,10,2011,1,99,99,0,4,4,RIVER RD,,0,37.34635000,-120.946850000,0,1,0,0,1,1,2,0,2,1,0,1,0,0000000,99,99,99,99,88,88,0,0,0,1,1
6,61712,1,1,0,0,0,1,1,109,0,10,10,2011,2,1,11,0,5,4,LITTLE FULLER RD,,0,38.03811111,-120.241550000,0,42,0,0,1,1,5,0,2,10,0,10,0,0000000,99,99,99,99,99,99,0,0,0,1,1
6,61713,1,1,0,0,0,2,2,37,714,10,10,2011,2,2,26,0,13,6,WASHINGTON BLVD,,0,33.99584722,-118.144213890,0,21,0,0,1,1,3,0,3,1,0,1,0,0000000,99,99,99,99,99,99,0,0,0,1,1
6,61714,2,2,0,0,0,2,2,29,0,10,10,2011,2,7,15,1,2,3,SR-46,,441,35.60120000,-119.453380560,0,12,2,0,1,1,1,0,1,1,0,1,0,0000000,99,99,99,99,99,99,0,0,0,1,0
6,61715,1,1,0,1,1,1,1,73,3260,10,10,2011,2,22,57,0,16,6,GRAND AVE,LAMONT ST,0,32.79918611,-117.234794440,0,8,0,0,3,3,1,0,3,1,0,1,0,0000000,99,99,99,99,99,99,0,0,0,1,0
6,61716,1,1,0,0,0,2,2,107,0,11,10,2011,3,8,40,0,3,4,PLANO ST,,0,36.04626111,-119.008500000,0,5,0,0,1,1,2,0,1,1,0,1,0,0000000,99,99,99,99,99,99,0,0,0,1,0
6,61717,2,1,1,0,0,1,1,67,3150,10,10,2011,2,9,45,1,11,1,I-5,,217,38.55560000,-121.512488890,0,14,0,0,1,1,2,0,1,2,10,2,0,0000000,99,99,99,99,99,99,0,0,0,1,0
6,61718,2,2,0,0,0,2,2,19,1350,11,10,2011,3,10,36,1,12,3,SR-99,,116,36.63051111,-119.688480560,0,12,1,0,1,1,1,0,1,1,0,1,0,0000000,99,99,99,99,88,88,0,0,0,1,0
6,61719,2,2,0,0,0,3,3,39,0,11,10,2011,3,16,35,1,2,3,SR-41,,260,37.26458056,-119.677361110,0,12,2,0,1,1,1,0,1,1,0,1,0,0000000,99,99,99,99,99,99,0,0,0,3,0
6,61720,1,1,0,1,1,1,1,99,2200,11,10,2011,3,19,0,0,13,6,S CARPENTER RD,,0,37.60987500,-121.030438890,0,15,0,0,1,1,1,0,2,1,0,1,0,0000000,99,99,99,99,99,99,0,0,0,1,0
6,61721,1,1,0,0,0,2,2,23,0,11,10,2011,3,19,30,0,2,3,SR-36,,108,40.49954167,-123.974683330,0,42,0,0,1,1,5,0,2,1,0,1,0,0000000,99,99,99,99,88,88,0,0,0,2,1
6,61722,1,1,0,0,0,1,1,31,0,12,10,2011,4,22,32,0,2,3,SR-43,,224,36.36784167,-119.636747220,0,38,0,0,1,1,2,0,3,1,0,1,0,0000000,99,99,99,99,99,99,0,0,0,1,1
6,61723,1,1,0,0,0,2,2,19,0,13,10,2011,5,7,0,0,3,4,CHURCH AVE,,0,36.71321667,-119.974013890,0,31,0,0,1,1,5,0,1,1,0,1,0,0000000,99,99,99,99,88,88,0,0,0,1,1
6,61724,1,1,0,0,0,4,4,63,0,13,10,2011,5,16,29,0,2,3,SR-70,,128,39.87646667,-120.751680560,0,35,0,0,1,1,5,0,1,1,0,1,0,0000000,99,99,99,99,88,88,0,0,0,2,0
6,61725,3,3,0,0,0,4,4,37,1970,26,9,2011,2,12,59,1,11,1,I-710,,81,33.80728056,-118.207180560,0,12,1,1,18,1,1,0,1,1,0,1,0,0000000,99,99,99,99,99,99,0,0,0,1,0
6,61726,1,1,0,0,0,2,2,71,260,10,10,2011,2,16,39,0,13,6,W MAIN ST,,0,34.88960000,-117.065105560,0,1,0,0,1,1,5,0,1,1,0,1,0,0000000,99,99,99,99,99,99,0,0,0,1,0
6,61727,1,1,0,0,0,3,3,111,3860,10,10,2011,2,22,25,1,12,2,US-101 RAMP,,42,34.17728889,-118.878611110,0,33,0,1,5,1,4,0,3,1,0,1,0,0000000,99,99,99,99,99,99,0,0,0,1,0
6,61728,2,2,0,0,0,2,2,81,3220,11,10,2011,3,22,58,0,13,3,SR-35,,242,37.61583611,-122.439538890,0,12,2,0,1,1,1,0,2,1,0,1,0,0000000,99,99,99,99,99,99,0,0,0,1,0
6,61729,1,1,0,1,1,1,1,59,80,13,10,2011,5,0,26,0,13,6,W BALL RD,,0,33.81803611,-117.918186110,0,9,0,0,1,1,1,0,2,1,0,1,0,0000000,99,99,99,99,88,88,0,0,0,1,0
6,61730,3,3,0,0,0,4,4,85,3340,13,10,2011,5,15,10,0,3,4,MOORPARK AVE,GINGER LN,0,37.31608889,-121.933769440,0,12,6,0,2,2,1,0,1,1,0,1,0,0000000,99,99,99,99,99,99,0,0,0,1,0
6,61731,1,1,0,1,1,3,3,37,1980,13,10,2011,5,19,35,0,13,6,CENTURY PARK,,0,34.05986111,-118.413163890,0,8,0,0,1,1,1,0,5,1,0,1,0,0000000,99,99,99,99,99,99,0,0,0,1,0
6,61732,1,1,0,0,0,1,1,69,0,13,10,2011,5,20,30,0,4,4,FALLON RD,,0,36.89798889,-121.377161110,0,19,0,0,1,1,5,0,2,1,0,1,0,0000000,99,99,99,99,99,99,0,0,0,1,0
6,61733,1,1,0,1,1,1,1,67,0,18,10,2011,3,6,25,0,2,4,POWER INN RD,68TH AVE,0,38.49068889,-121.408750000,0,8,0,0,3,3,1,0,3,1,0,1,0,0000000,99,99,99,99,88,88,0,0,0,1,0
6,61734,1,1,0,1,1,2,2,71,3210,18,10,2011,3,21,20,1,11,1,I-10,,262,34.06445000,-117.262027780,0,8,0,0,1,1,1,0,2,1,0,1,0,0000000,99,99,99,99,99,99,0,0,0,1,0
6,61735,2,1,1,0,0,5,5,37,0,18,10,2011,3,21,35,0,4,4,AVENUE R,,0,34.57259722,-117.936975000,0,31,0,0,1,1,2,0,2,1,0,1,0,0000000,99,99,99,99,99,99,0,0,0,1,0
6,61736,1,1,0,1,1,1,1,23,0,19,10,2011,4,13,0,0,6,4,PINE CREEK RD,,0,41.11231944,-123.716719440,3,8,0,0,1,1,2,0,1,1,0,1,0,0000000,99,99,99,99,88,88,0,0,0,1,0