STATE,ST_CASE,VE_TOTAL,VE_FORMS,PVH_INVL,PEDS,PERNOTMVIT,PERMVIT,PERSONS,COUNTY,CITY,DAY,MONTH,YEAR,DAY_WEEK,HOUR,MINUTE,NHS,ROAD_FNC,ROUTE,TWAY_ID,TWAY_ID2,MILEPT,LATITUDE,LONGITUD,SP_JUR,HARM_EV,MAN_COLL,RELJCT1,RELJCT2,TYP_INT,REL_ROAD,WRK_ZONE,LGT_COND,WEATHER1,WEATHER2,WEATHER,SCH_BUS,RAIL,NOT_HOUR,NOT_MIN,ARR_HOUR,ARR_MIN,HOSP_HR,HOSP_MN,CF1,CF2,CF3,FATALS,DRUNK_DR
6,61737,1,1,0,0,0,1,1,111,4027,19,10,2011,4,23,57,0,14,6,WENDY DR,,0,34.16878056,-118.943469440,0,1,0,0,1,1,1,0,2,1,0,1,0,0000000,99,99,99,99,99,99,0,0,0,1,1
6,61738,1,1,0,1,1,6,6,77,0,20,10,2011,5,17,20,0,3,4,MAIN ST,WAGNER AVE,0,37.95561111,-121.227680560,0,8,0,0,3,2,1,0,1,1,0,1,0,0000000,99,99,99,99,99,99,0,0,0,1,0
6,61739,1,1,0,0,0,2,2,37,1440,21,10,2011,6,8,9,0,14,6,GRAND AVE,,0,34.13485278,-117.872691670,0,33,0,0,1,1,3,0,1,1,0,1,0,0000000,99,99,99,99,99,99,0,0,0,2,0
6,61740,1,1,0,0,0,1,1,99,0,21,10,2011,6,12,0,0,2,3,SR-4,,63,37.94028611,-120.816786110,0,1,0,0,1,1,2,0,1,1,0,1,0,0000000,99,99,99,99,99,99,0,0,0,1,0
6,61741,1,1,0,0,0,1,1,67,0,21,10,2011,6,14,27,0,2,4,FAIR OAKS BLVD,,0,38.57815000,-121.371300000,0,31,0,0,1,1,4,0,1,1,0,1,0,0000000,99,99,99,99,88,88,0,0,0,1,0
6,61742,1,1,0,0,0,1,1,65,0,21,10,2011,6,18,5,0,2,3,SR-74,,745,33.56127500,-116.545650000,0,42,0,0,1,1,2,0,3,1,0,1,0,0000000,99,99,99,99,88,88,0,0,0,1,0
6,61743,2,2,0,0,0,2,2,39,0,21,10,2011,6,18,20,1,2,3,SR-152,,61,37.08351111,-120.383350000,0,12,1,0,1,1,1,0,5,1,0,1,0,0000000,99,99,99,99,88,88,0,0,0,1,1
6,61744,1,1,0,1,1,1,1,79,0,21,10,2011,6,20,35,0,13,3,SR-1,,121,35.09831111,-120.611688890,0,8,0,0,1,1,1,0,3,1,0,1,0,0000000,99,99,99,99,99,99,0,0,0,1,0
6,61745,1,1,0,1,1,1,1,37,1980,21,10,2011,6,21,0,0,13,6,WILSHIRE BLVD,,0,34.05976111,-118.279730560,0,8,0,0,1,1,4,0,3,1,0,1,0,0000000,99,99,99,99,99,99,0,0,0,1,0
6,61746,1,1,0,0,0,1,1,29,0,21,10,2011,6,21,23,0,13,6,LERDO HWY,,0,35.49987222,-119.247666670,0,42,0,0,1,1,3,0,2,1,0,1,0,0000000,99,99,99,99,88,88,0,0,0,1,1
6,61747,1,1,0,0,0,2,2,13,2583,15,10,2011,7,23,28,0,16,6,CAMINO SOBRANTE,,0,37.88805556,-122.192238890,0,42,0,0,1,1,4,0,2,1,0,1,0,0000000,99,99,99,99,99,99,4,0,0,1,1
6,61748,2,2,0,0,0,9,9,107,2880,16,10,2011,1,2,15,0,12,3,SR-190,JAYE ST,159,36.05161667,-119.026461110,0,12,1,0,3,2,1,0,3,1,0,1,0,0000000,99,99,99,99,99,99,0,0,0,1,1
6,61749,4,2,2,0,0,2,2,37,1980,16,10,2011,1,2,30,0,14,6,MCKINLEY AVE,54TH ST,0,33.99341389,-118.260861110,0,12,6,0,2,2,1,0,3,1,0,1,0,0000000,99,99,99,99,99,99,14,0,0,1,0
6,61750,1,1,0,0,0,5,5,103,0,16,10,2011,1,2,50,0,6,4,HOGSBACK RD,,0,40.20240000,-122.143700000,0,18,0,0,1,1,1,0,2,1,0,1,0,0000000,99,99,99,99,99,99,22,0,0,1,1
6,61751,1,1,0,0,0,3,3,65,850,16,10,2011,1,5,50,1,12,3,SR-91,,36,33.88065000,-117.614561110,0,43,0,1,19,1,4,0,3,1,0,1,0,0000000,99,99,99,99,99,99,0,0,0,1,1
6,61752,2,2,0,0,0,3,3,19,0,16,10,2011,1,14,5,0,4,4,FRIANT RD,,0,36.95076667,-119.727308330,0,12,6,0,8,1,1,0,1,1,0,1,0,0000000,99,99,99,99,99,99,0,0,0,2,0
6,61753,1,1,0,1,1,2,2,65,3851,16,10,2011,1,19,6,0,16,6,DEER HOLLOW WY,,0,33.44935000,-117.095022220,0,8,0,0,1,1,1,0,3,1,0,1,0,0000000,99,99,99,99,99,99,0,0,0,1,0
6,61754,1,1,0,1,1,1,1,37,1980,16,10,2011,1,21,15,0,13,6,PACIFIC COAST HWY,,0,33.78947778,-118.304830560,0,8,0,0,1,1,1,0,3,1,0,1,0,0000000,99,99,99,99,88,88,0,0,0,1,0
6,61755,1,1,0,0,0,2,2,33,0,17,10,2011,2,2,0,1,2,3,SR-20,,54,39.16476944,-122.966911110,0,59,0,0,1,1,4,0,2,1,0,1,0,0000000,99,99,99,99,99,99,0,0,0,1,1
6,61756,1,1,0,1,1,1,1,37,1980,17,10,2011,2,8,40,0,14,6,4TH ST,CROCKER ST,0,34.04490556,-118.241472220,0,8,0,0,3,2,1,0,1,1,0,1,0,0000000,99,99,99,99,88,88,0,0,0,1,0
6,61757,1,1,0,0,0,5,5,71,2550,21,8,2011,1,17,22,1,12,3,SR-60,,95,34.02368056,-117.747530560,0,42,0,0,1,1,4,0,1,1,0,1,0,0000000,99,99,99,99,99,99,0,0,0,1,0
6,61758,1,1,0,1,1,1,1,7,0,21,8,2011,1,99,99,0,6,4,B ST,,0,39.41517222,-121.700675000,0,18,0,0,1,1,1,0,2,1,0,1,0,0000000,99,99,99,99,88,88,0,0,0,1,0
6,61759,1,1,0,1,1,3,3,73,0,22,8,2011,2,3,35,0,2,3,SR-76,,380,33.29463056,-116.903388890,0,8,0,0,1,1,1,0,2,1,0,1,0,0000000,99,99,99,99,88,88,0,0,0,1,0
6,61760,2,2,0,0,0,2,2,19,0,21,8,2011,1,18,54,0,5,4,CONEJO AVE,,0,36.51803056,-119.598088890,0,12,2,0,1,1,1,0,5,1,0,1,0,0000000,99,99,99,99,99,99,0,0,0,1,1
6,61761,1,1,0,1,1,1,1,83,3430,7,10,2011,6,21,15,0,14,6,MILPAS ST,ORTEGA ST,0,34.42820000,-119.687877780,0,8,0,0,3,2,1,0,3,1,0,1,0,0000000,99,99,99,99,99,99,0,0,0,1,0
6,61762,1,1,0,0,0,1,1,59,80,27,8,2011,7,23,27,0,13,6,ORANGE THORPE AVE,,0,33.86802222,-117.853688890,0,38,0,0,1,1,4,0,3,1,0,1,0,0000000,99,99,99,99,88,88,0,0,0,1,1
6,61763,2,2,0,0,0,2,2,77,1940,6,10,2011,5,8,22,1,12,3,SR-99,,313,38.14203056,-121.260280560,0,12,7,0,5,1,1,0,1,2,10,2,0,0000000,99,99,99,99,99,99,0,0,0,1,0
6,61764,1,1,0,1,1,2,2,107,0,22,8,2011,2,20,17,0,2,3,SR-216,WELLS ST,149,36.41372222,-119.082130560,0,8,0,0,3,3,1,0,2,1,0,1,0,0000000,99,99,99,99,88,88,0,0,0,1,0
6,61765,3,3,0,1,1,2,2,111,3860,9,10,2011,1,21,33,1,12,2,US-101,,14,34.16276111,-118.832419440,0,12,1,0,1,1,1,0,2,1,0,1,0,0000000,99,99,99,99,88,88,23,0,0,1,0
6,61766,2,2,0,0,0,5,5,71,1603,10,10,2011,2,14,3,1,12,2,US-395,SMOKE TREE RD,59,34.44127778,-117.399555560,0,12,6,0,2,2,1,0,1,1,0,1,0,0000000,99,99,99,99,99,99,0,0,0,2,1
6,61767,3,3,0,0,0,5,5,37,0,17,10,2011,2,14,5,1,2,3,SR-126,,42,34.42853889,-118.627938890,0,12,6,0,1,1,1,0,1,1,0,1,0,0000000,99,99,99,99,99,99,0,0,0,1,0
6,61768,1,1,0,0,0,1,1,81,0,17,10,2011,2,18,35,0,2,3,SR-84,,21,37.32848056,-122.365194440,0,11,0,0,1,1,1,0,5,1,0,1,0,0000000,99,99,99,99,99,99,0,0,0,1,0
6,61769,1,1,0,0,0,1,1,65,290,17,10,2011,2,18,50,1,11,1,I-10,,69,33.93128889,-116.985944440,0,23,0,0,1,1,3,0,2,1,0,1,0,0000000,99,99,99,99,88,88,0,0,0,1,1
6,61770,1,1,0,1,1,2,2,47,0,17,10,2011,2,19,30,0,3,4,WINTON WY,,0,37.38248056,-120.613430560,0,8,0,0,1,1,1,0,3,10,0,10,0,0000000,99,99,99,99,88,88,0,0,0,1,0
6,61771,1,1,0,1,1,2,2,37,3690,17,10,2011,2,21,12,0,14,6,CALIFORNIA AVE,DUANE WY,0,33.94888333,-118.206872220,0,8,0,0,3,2,1,0,3,1,0,1,0,0000000,99,99,99,99,88,88,0,0,0,1,0
6,61772,3,3,0,1,1,5,5,1,1560,22,10,2011,7,2,8,1,11,1,I-880,,168,37.64848056,-122.096538890,0,8,0,0,1,1,1,0,2,1,0,1,0,0000000,99,99,99,99,99,99,23,0,0,1,0
6,61773,1,1,0,0,0,1,1,37,1970,8,9,2011,5,9,21,0,16,6,COLLEGE PARK DR,STUDEBAKER RD,0,33.77533889,-118.102150000,0,38,0,0,3,3,5,0,1,1,0,1,0,0000000,99,99,99,99,99,99,0,0,0,1,0
6,61774,2,2,0,0,0,3,3,37,1980,13,9,2011,3,2,45,0,13,6,SLAUSON AVE,NORMANDIE AVE,0,33.98913056,-118.300200000,0,12,6,0,2,2,1,0,3,1,0,1,0,0000000,99,99,99,99,99,99,0,0,0,1,1
6,61775,2,2,0,0,0,3,3,37,1840,13,9,2011,3,12,15,0,14,6,DIVISION ST,AVENUE J-5,0,34.68524444,-118.130319440,0,12,6,0,2,2,1,0,1,10,0,10,0,0000000,99,99,99,99,99,99,0,0,0,1,0
6,61776,1,1,0,0,0,1,1,45,0,13,9,2011,3,20,17,1,2,3,SR-20,,380,39.24602222,-123.128236110,0,34,0,0,1,1,4,0,2,1,0,1,0,0000000,99,99,99,99,88,88,0,0,0,1,1
6,61777,1,1,0,0,0,3,3,59,2400,14,9,2011,4,3,34,0,13,6,MAC ARTHUR BLVD,,0,33.63190000,-117.863272220,0,33,0,0,1,1,4,0,3,1,0,1,0,0000000,99,99,99,99,99,99,0,0,0,1,0
6,61778,1,1,0,0,0,2,2,67,0,14,9,2011,4,10,30,0,5,4,JACKSON SLOUGH RD,,0,38.12743056,-121.625338890,0,1,0,0,1,1,4,0,1,1,0,1,0,0000000,99,99,99,99,99,99,0,0,0,1,0
6,61779,2,2,0,0,0,3,3,37,1980,14,9,2011,4,12,25,0,13,6,VICTORY BL,OWENSMOUTH AVE,0,34.18795000,-118.600308330,0,12,6,0,2,2,1,0,1,1,0,1,0,0000000,12,29,12,43,99,99,0,0,0,2,0
6,61780,1,1,0,0,0,1,1,85,2660,14,9,2011,4,14,3,0,13,6,FOOTHILL EXPY,,0,37.39564167,-122.131452780,0,42,0,0,1,1,6,0,1,1,0,1,0,0000000,99,99,99,99,88,88,0,0,0,1,0
6,61781,1,1,0,0,0,1,1,61,3080,14,9,2011,4,21,55,0,14,6,STANFORD RANCH RD,,0,38.80548889,-121.259230560,0,42,0,0,1,1,3,0,3,1,0,1,0,0000000,99,99,99,99,88,88,20,0,0,1,0
6,61782,1,1,0,0,0,1,1,89,0,14,9,2011,4,99,99,0,4,4,MCARTHUR RD,,0,41.08118056,-121.513861110,0,1,0,0,1,1,4,0,2,1,0,1,0,0000000,99,99,99,99,88,88,0,0,0,1,1
6,61783,2,2,0,0,0,2,2,19,0,15,9,2011,5,5,7,0,4,4,CONEJO AVE,WALNUT AVE,0,36.51823889,-119.809000000,0,12,6,0,2,2,1,0,2,1,0,1,0,0000000,5,99,5,21,88,88,0,0,0,1,0
6,61784,2,2,0,0,0,3,3,73,0,15,9,2011,5,13,13,0,3,4,TAVERN RD,,0,32.83635000,-116.777480560,0,12,6,1,8,1,1,0,1,1,0,1,0,0000000,99,99,99,99,99,99,0,0,0,1,0
6,61785,2,2,0,0,0,3,3,109,0,15,9,2011,5,18,14,0,2,3,SR-108,TWAIN HARTE DR,96,38.01996944,-120.246800000,0,12,6,0,2,2,1,0,1,1,0,1,0,0000000,99,99,99,99,99,99,0,0,0,1,0
6,61786,1,1,0,0,0,1,1,113,0,15,9,2011,5,0,0,0,6,4,Z LINE RD,,0,38.39611111,-121.611750000,0,1,0,0,1,1,4,0,2,1,0,1,0,0000000,99,99,99,99,88,88,0,0,0,1,1
6,61787,2,2,0,0,0,2,2,85,2311,16,9,2011,6,4,40,1,12,2,US-101,,486,37.41175278,-122.077933330,0,12,1,0,1,1,1,0,2,1,0,1,0,0000000,99,99,99,99,99,99,0,0,0,1,0
6,61788,1,1,0,0,0,1,1,19,0,16,9,2011,6,9,35,0,5,4,GEORGE SMITH RD,,0,36.72276111,-119.258500000,0,38,0,0,1,1,4,0,1,1,0,1,0,0000000,99,99,99,99,88,88,0,0,0,1,0
6,61789,1,1,0,0,0,2,2,29,0,16,9,2011,6,11,38,0,4,4,BAR MTN BL,,0,35.20908889,-119.202469440,0,1,0,0,1,1,1,0,1,1,0,1,0,0000000,99,99,99,99,99,99,0,0,0,1,0
6,61790,2,2,0,0,0,2,2,97,0,16,9,2011,6,13,48,0,4,4,BLOOMFIELD RD,BAKER LN,0,38.37233889,-122.806269440,0,12,6,0,3,3,1,0,1,1,0,1,0,0000000,99,99,99,99,88,88,0,0,0,1,0
6,61791,3,3,0,0,0,4,4,1,340,16,9,2011,6,15,48,1,11,1,I-80,,63,37.87357222,-122.305688890,0,12,6,0,1,1,1,0,1,1,0,1,0,0000000,99,99,99,99,88,88,14,0,0,1,0
6,61792,3,3,0,0,0,3,3,85,0,16,9,2011,6,16,50,0,4,4,BUENA VISTA AVE,NO NAME UNO,0,37.04437500,-121.575277780,0,12,6,0,2,2,1,0,1,1,0,1,0,0000000,99,99,99,99,99,99,0,0,0,1,0
6,61793,2,2,0,0,0,2,2,99,3950,16,9,2011,6,20,10,1,12,3,SR-99,,32,37.48903333,-120.868177780,0,12,1,0,1,1,1,0,3,1,0,1,0,0000000,99,99,99,99,99,99,0,0,0,1,0
6,61794,1,1,0,0,0,1,1,71,4040,16,9,2011,6,99,99,0,14,6,HESPERIA RD,,0,34.49452222,-117.291863890,0,1,0,0,1,1,1,0,2,1,0,1,0,0000000,99,99,99,99,88,88,0,0,0,1,1
6,61795,6,1,5,0,0,3,3,77,3770,17,9,2011,7,2,51,0,15,6,MCDOUGALD BL,,0,37.90543333,-121.295388890,0,14,0,0,1,1,5,0,3,1,0,1,0,0000000,99,99,99,99,99,99,0,0,0,2,1
6,61796,1,1,0,0,0,1,1,65,3070,17,9,2011,7,3,10,1,12,3,SR-91,,127,33.90271944,-117.464450000,0,25,0,0,1,1,3,0,2,1,0,1,0,0000000,99,99,99,99,99,99,0,0,0,1,1
6,61797,2,1,1,0,0,2,2,13,0,17,9,2011,7,23,45,0,6,4,TARA HILLS DR,,0,37.99714722,-122.313536110,0,1,0,0,1,1,1,0,3,1,0,1,0,0000000,99,99,99,99,99,99,14,0,0,1,1
6,61798,1,1,0,0,0,1,1,37,1045,18,9,2011,1,8,40,1,11,1,I-105,,158,33.91288889,-118.138000000,0,33,0,0,1,1,4,0,4,1,0,1,0,0000000,99,99,99,99,99,99,0,0,0,1,0
6,61799,3,2,1,0,0,2,2,37,1980,18,9,2011,1,12,20,0,13,6,AVALON BL,95TH ST,0,33.95023056,-118.265161110,0,12,6,0,2,2,1,0,1,1,0,1,0,0000000,99,99,99,99,99,99,0,0,0,1,1
6,61800,6,6,0,0,0,7,7,111,0,18,9,2011,1,12,20,0,2,3,SR-33,,458,34.66680000,-119.362969440,0,12,2,0,1,1,1,0,1,1,0,1,0,0000000,99,99,99,99,99,99,0,0,0,2,0
6,61801,4,4,0,0,0,7,7,77,0,18,9,2011,1,12,50,1,2,3,SR-12,,14,38.11743056,-121.560430560,0,12,1,0,1,1,1,0,1,1,0,1,0,0000000,99,99,99,99,99,99,0,0,0,1,0
6,61802,2,2,0,0,0,2,2,37,0,18,9,2011,1,13,15,0,3,4,MULHOLLAND HWY,COLD CANYON RD,0,34.10016944,-118.662369440,0,12,1,0,3,3,1,0,1,1,0,1,0,0000000,99,99,99,99,99,99,0,0,0,1,0
6,61803,1,1,0,0,0,1,1,103,0,18,9,2011,1,14,55,0,4,4,PASKENTA RD,,0,40.14978056,-122.256697220,0,38,0,0,1,1,4,0,1,1,0,1,0,0000000,99,99,99,99,99,99,0,0,0,1,0
6,61804,1,1,0,0,0,1,1,109,0,18,9,2011,1,18,40,0,6,4,CARMELITA LN,,0,37.65742500,-120.327886110,0,1,0,0,1,1,1,0,1,1,0,1,0,0000000,99,99,99,99,99,99,0,0,0,1,0
6,61805,2,2,0,0,0,2,2,37,1980,18,9,2011,1,19,45,0,14,6,SAN PEDRO ST,111TH PL,0,33.93391111,-118.269527780,0,12,6,0,2,2,1,0,2,1,0,1,0,0000000,99,99,99,99,99,99,0,0,0,1,1
6,61806,1,1,0,0,0,1,1,85,3790,19,9,2011,2,3,53,0,12,3,SR-237,,30,37.40268056,-122.028169440,0,31,0,1,19,1,4,0,3,1,0,1,0,0000000,99,99,99,99,88,88,0,0,0,1,0
6,61807,2,2,0,0,0,6,6,111,538,19,9,2011,2,6,1,0,15,6,PLEASANT VALLEY RD,,0,34.20546667,-119.037638890,0,12,6,0,1,1,1,0,2,5,0,5,0,0000000,99,99,99,99,99,99,0,0,0,4,0
6,61808,1,1,0,0,0,1,1,53,0,19,9,2011,2,9,50,0,4,4,ALISAL RD,,0,36.64005278,-121.569044440,0,38,0,0,1,1,4,0,1,1,0,1,0,0000000,99,99,99,99,99,99,0,0,0,1,0
6,61809,1,1,0,0,0,1,1,81,0,19,9,2011,2,15,0,0,4,4,VERDE RD,,0,37.40337222,-122.413413890,0,35,0,0,1,1,4,0,1,1,0,1,0,0000000,99,99,99,99,88,88,0,0,0,1,1
6,61810,2,2,0,0,0,2,2,19,0,19,9,2011,2,10,21,0,3,4,CHURCH AVE,TEMPERANCE AVE,0,36.71488056,-119.664069440,0,12,6,0,2,2,1,0,1,1,0,1,0,0000000,99,99,99,99,88,88,0,0,0,1,0
6,61811,2,2,0,0,0,3,3,79,0,19,9,2011,2,18,11,0,3,4,BUCKLEY RD,,0,35.23586111,-120.641511110,0,12,6,0,1,1,4,0,1,1,0,1,0,0000000,99,99,99,99,99,99,0,0,0,2,0
6,61812,1,1,0,0,0,1,1,37,1980,20,9,2011,3,0,10,1,12,2,US-101,,85,34.12046944,-118.338580560,0,1,0,0,1,1,4,0,3,1,0,1,0,0000000,99,99,99,99,99,99,0,0,0,1,1
6,61813,2,2,0,0,0,2,2,71,0,20,9,2011,3,8,10,1,2,3,SR-138,,145,34.31321111,-117.486069440,0,12,6,0,8,1,1,0,1,1,0,1,0,0000000,99,99,99,99,99,99,0,0,0,1,0
6,61814,1,1,0,0,0,1,1,71,0,20,9,2011,3,15,46,0,4,4,HUNSAKER DR,,0,34.20803889,-117.103661110,0,30,0,0,1,1,4,0,1,1,0,1,0,0000000,99,99,99,99,99,99,19,0,0,1,1
6,61815,2,2,0,0,0,2,2,37,0,20,9,2011,3,16,28,1,2,3,SR-138,,206,34.77476111,-118.457338890,0,12,6,0,1,1,4,0,1,1,0,1,0,0000000,99,99,99,99,99,99,0,0,0,1,0
6,61816,2,2,0,0,0,3,3,73,0,21,9,2011,4,13,57,0,3,4,AVOCADO BL,,0,32.76398056,-116.961211110,0,12,6,0,8,1,1,0,1,1,0,1,0,0000000,99,99,99,99,99,99,0,0,0,1,0
6,61817,1,1,0,0,0,1,1,95,1260,21,9,2011,4,20,2,0,14,6,LOPES RD,,0,38.17996111,-122.135686110,0,58,0,0,1,1,4,1,2,1,0,1,0,0000000,99,99,99,99,88,88,1,0,0,1,0
6,61818,2,2,0,0,0,3,3,5,0,22,9,2011,5,12,30,1,2,3,SR-88,,333,38.45936944,-120.530661110,0,12,6,0,1,1,1,0,1,1,0,1,0,0000000,99,99,99,99,99,99,0,0,0,1,0
6,61819,1,1,0,0,0,1,1,37,0,22,9,2011,5,22,40,0,4,4,ELIZABETH LAKE RD,,0,34.63063889,-118.332469440,0,1,0,0,1,1,5,0,2,1,0,1,0,0000000,99,99,99,99,88,88,0,0,0,1,1
6,61820,2,2,0,0,0,5,5,107,0,23,9,2011,6,14,5,0,4,4,RD 168,,0,36.35825000,-119.197780560,0,12,6,0,8,1,1,0,1,1,0,1,0,0000000,99,99,99,99,99,99,0,0,0,1,0
6,61821,2,2,0,0,0,3,3,5,0,23,9,2011,6,14,15,1,2,3,SR-88,,700,38.70513056,-120.100969440,0,12,2,0,1,1,1,0,1,1,0,1,0,0000000,99,99,99,99,88,88,0,0,0,1,0
6,61822,1,1,0,0,0,3,3,67,3150,23,9,2011,6,16,9,0,14,6,CENTER PKWY,,0,38.43884722,-121.423155560,0,42,0,0,1,1,4,0,1,1,0,1,0,0000000,99,99,99,99,99,99,0,0,0,1,0
6,61823,2,2,0,0,0,3,3,29,0,24,9,2011,7,0,3,1,1,1,I-5,,844,35.75595000,-119.757530560,0,12,2,0,1,1,1,0,2,10,0,10,0,0000000,99,99,99,99,99,99,0,0,0,2,0
6,61824,2,2,0,0,0,4,4,37,1980,24,9,2011,7,1,4,0,16,6,PASEO RNCHO CASTILLO,MARIONDALE AVE,0,34.06998056,-118.163450000,0,12,2,0,2,8,1,0,3,1,0,1,0,0000000,99,99,99,99,99,99,20,0,0,1,0
6,61825,1,1,0,0,0,1,1,65,3070,24,9,2011,7,2,40,1,12,3,SR-91,,103,33.89402500,-117.501358330,0,24,0,0,1,1,4,0,2,1,0,1,0,0000000,99,99,99,99,88,88,0,0,0,1,0
6,61826,1,1,0,0,0,4,4,65,9997,24,9,2011,7,3,35,0,15,6,KIMBALL AVE,HELLMAN AVE,0,33.96866111,-117.611030560,0,35,0,0,3,8,4,0,2,1,0,1,0,0000000,99,99,99,99,99,99,0,0,0,1,1
6,61827,1,1,0,0,0,3,3,37,1980,24,9,2011,7,22,15,1,11,1,I-110 RAMP,,117,33.90006667,-118.285688890,0,24,0,0,5,1,4,0,3,1,0,1,0,0000000,99,99,99,99,99,99,0,0,0,1,0
6,61828,1,1,0,0,0,4,4,65,0,30,9,2011,6,18,45,0,4,4,DEFRAIN BL,,0,33.59363889,-114.622769440,0,18,0,0,1,1,1,0,5,1,0,1,0,0000000,99,99,99,99,99,99,0,0,0,1,0
6,61829,1,1,0,0,0,2,2,49,0,1,10,2011,7,1,35,0,6,4,JESS VALLEY RD,,0,41.23247500,-120.344091670,0,31,0,0,1,1,4,0,2,1,0,1,0,0000000,99,99,99,99,99,99,0,0,0,1,1
6,61830,1,1,0,0,0,2,2,65,0,1,10,2011,7,8,45,0,5,4,70TH ST,,0,33.54018333,-115.980916670,0,1,0,0,1,1,4,0,1,1,0,1,0,0000000,99,99,99,99,99,99,0,0,0,1,0
6,61831,2,2,0,0,0,3,3,25,440,1,10,2011,7,14,44,0,13,3,SR-86,,198,32.96811667,-115.545858330,0,12,7,0,1,1,1,0,1,1,0,1,0,0000000,99,99,99,99,99,99,0,0,0,1,1
6,61832,2,2,0,0,0,2,2,17,0,1,10,2011,7,14,28,0,3,4,SLY PARK RD,ONYX TRL,0,38.75128056,-120.557911110,0,12,2,0,3,3,1,0,1,1,0,1,0,0000000,99,99,99,99,88,88,0,0,0,1,1
6,61833,1,1,0,0,0,1,1,87,0,1,10,2011,7,18,50,0,13,3,SR-9,,16,36.99930833,-122.037233330,0,17,0,0,1,1,1,0,5,1,0,1,0,0000000,99,99,99,99,99,99,0,0,0,1,0
6,61834,2,2,0,0,0,2,2,53,3180,1,10,2011,7,22,3,0,14,6,W ROSSI ST,COIT ST,0,36.68696944,-121.669488890,0,12,6,0,2,2,1,0,3,1,0,1,0,0000000,99,99,99,99,88,88,0,0,0,1,0
6,61835,1,1,0,0,0,1,1,73,710,2,10,2011,1,2,4,0,16,6,OLD ORCHARD LN,,0,32.65788333,-117.040572220,0,33,0,0,1,1,4,0,3,1,0,1,0,0000000,99,99,99,99,99,99,0,0,0,1,1
6,61836,1,1,0,0,0,1,1,99,0,2,10,2011,1,2,10,1,12,3,SR-99,,225,37.70830000,-121.080300000,0,35,0,0,1,1,4,0,2,1,0,1,0,0000000,99,99,99,99,88,88,0,0,0,1,1
6,61837,1,1,0,0,0,3,3,73,0,2,10,2011,1,13,40,1,2,1,I-8,,722,32.64865000,-116.191550000,0,33,0,0,1,1,4,0,1,10,0,10,0,0000000,99,99,99,99,99,99,0,0,0,2,0
6,61838,1,1,0,0,0,1,1,73,2510,3,10,2011,2,2,25,0,16,6,AVENIDA DEL ORO,WINDANSEA ST,0,33.21396111,-117.293941670,0,33,0,0,3,2,4,0,3,1,0,1,0,0000000,99,99,99,99,88,88,0,0,0,1,1
6,61839,1,1,0,0,0,2,2,99,0,3,10,2011,2,21,14,0,4,4,LADD RD,,0,37.73295000,-121.015769440,0,1,0,0,1,1,4,0,2,10,0,10,0,0000000,99,99,99,99,99,99,0,0,0,1,0
6,61840,1,1,0,0,0,2,2,71,0,3,10,2011,2,23,0,1,1,1,I-40,,405,34.74481944,-116.323538890,0,1,0,0,1,1,3,0,2,1,0,1,0,0000000,99,99,99,99,99,99,0,0,0,1,0
6,61841,2,2,0,0,0,3,3,73,0,4,10,2011,3,14,46,0,6,4,GOPHER CYN RD,,0,33.24956111,-117.221219440,0,12,6,0,1,1,1,0,1,10,0,10,0,0000000,99,99,99,99,99,99,0,0,0,2,1
6,61842,2,2,0,0,0,3,3,23,0,4,10,2011,3,18,0,0,2,3,SR-255,PACIFIC AVE,37,40.84785556,-124.165997220,0,12,6,0,2,4,1,0,1,10,2,2,0,0000000,99,99,99,99,99,99,0,0,0,1,0
6,61843,3,3,0,0,0,3,3,37,4190,4,10,2011,3,20,24,0,13,6,MULBERRY DR,GREENLEAF AVE,0,33.95612778,-118.046811110,0,12,6,0,2,2,1,0,3,1,0,1,0,0000000,99,99,99,99,99,99,0,0,0,1,1
6,61844,1,1,0,0,0,1,1,85,0,4,10,2011,3,22,17,1,12,2,US-101,,275,37.24898889,-121.780961110,0,42,0,0,1,1,4,0,2,10,0,10,0,0000000,99,99,99,99,88,88,0,0,0,1,0
6,61845,2,2,0,0,0,3,3,99,2200,5,10,2011,4,7,25,0,13,6,SCENIC DR,,0,37.64728056,-120.983741670,0,12,6,0,1,1,1,0,4,10,0,10,0,0000000,99,99,99,99,99,99,0,0,0,1,0
6,61846,1,1,0,0,0,2,2,37,3092,5,10,2011,4,8,10,0,14,6,HAWTHORNE BL,PALOS VERDES DR,0,33.74931944,-118.407897220,0,30,0,0,3,2,4,0,1,2,0,2,0,0000000,99,99,99,99,88,88,0,0,0,1,0
6,61847,2,2,0,0,0,2,2,79,0,5,10,2011,4,9,30,0,3,4,NACIMIENTO LAKE DR,,0,35.71070000,-120.827438890,0,12,2,0,1,1,1,0,1,10,0,10,0,0000000,99,99,99,99,88,88,0,0,0,1,0