STATE,ST_CASE,VE_TOTAL,VE_FORMS,PVH_INVL,PEDS,PERNOTMVIT,PERMVIT,PERSONS,COUNTY,CITY,DAY,MONTH,YEAR,DAY_WEEK,HOUR,MINUTE,NHS,ROAD_FNC,ROUTE,TWAY_ID,TWAY_ID2,MILEPT,LATITUDE,LONGITUD,SP_JUR,HARM_EV,MAN_COLL,RELJCT1,RELJCT2,TYP_INT,REL_ROAD,WRK_ZONE,LGT_COND,WEATHER1,WEATHER2,WEATHER,SCH_BUS,RAIL,NOT_HOUR,NOT_MIN,ARR_HOUR,ARR_MIN,HOSP_HR,HOSP_MN,CF1,CF2,CF3,FATALS,DRUNK_DR
6,61848,2,2,0,0,0,2,2,37,639,5,10,2011,4,10,15,1,11,1,I-605,,38,33.85843056,-118.095919440,0,12,2,1,5,1,1,0,1,2,0,2,0,0000000,99,99,99,99,88,88,0,0,0,1,0
6,61849,3,3,0,0,0,4,4,37,2870,5,10,2011,4,13,20,1,11,1,I-10,,426,34.06671111,-117.802980560,0,25,0,0,1,1,3,0,1,2,0,2,0,0000000,99,99,99,99,88,88,0,0,0,2,0
6,61850,2,2,0,0,0,2,2,37,0,5,10,2011,4,13,50,0,13,3,SR-164,,21,34.02460000,-118.070466670,0,33,0,0,1,1,3,0,1,2,10,2,0,0000000,99,99,99,99,99,99,0,0,0,1,0
6,61851,1,1,0,0,0,1,1,47,0,6,10,2011,5,10,50,0,3,4,E SOUTH BEAR CRK DR,,0,37.03920000,-120.445469440,0,42,0,0,1,1,4,0,1,2,0,2,0,0000000,99,99,99,99,88,88,0,0,0,1,1
6,61852,1,1,0,0,0,2,2,109,0,6,10,2011,5,23,30,1,2,3,SR-120,,442,37.81982778,-120.048088890,0,33,0,0,1,1,4,1,2,10,0,10,0,0000000,99,99,99,99,88,88,0,0,0,2,1
6,61853,2,2,0,0,0,2,2,37,1980,7,10,2011,6,5,15,0,13,6,ALAMEDA ST,,0,34.02318889,-118.239347220,0,12,6,0,1,1,1,0,3,1,0,1,0,0000000,99,99,99,99,88,88,0,0,0,1,0
6,61854,1,1,0,0,0,1,1,83,0,7,10,2011,6,7,0,1,2,2,US-101,,546,34.57486111,-120.193561110,0,42,0,0,1,1,4,0,1,1,0,1,0,0000000,99,99,99,99,88,88,0,0,0,1,0
6,61855,2,2,0,0,0,2,2,57,0,7,10,2011,6,11,58,0,2,3,SR-49,MOTHER LODGE RD,66,39.10480000,-121.085530560,0,12,6,0,2,2,1,0,1,1,0,1,0,0000000,99,99,99,99,88,88,0,0,0,1,0
6,61856,1,1,0,0,0,1,1,47,2150,7,10,2011,6,12,10,0,13,6,OAKDALE RD,,0,37.50028889,-120.664811110,0,1,0,0,1,1,2,0,1,1,0,1,0,0000000,99,99,99,99,88,88,0,0,0,1,1
6,61857,3,3,0,0,0,4,4,99,0,7,10,2011,6,16,20,1,2,3,SR-132,STONE AVE,104,37.63796944,-121.085880560,0,12,1,0,2,3,1,0,1,1,0,1,0,0000000,99,99,99,99,99,99,0,0,0,1,0
6,61858,1,1,0,0,0,4,4,37,1980,8,10,2011,7,1,20,0,13,6,WILSHIRE BL,,0,34.05958611,-118.279066670,0,25,0,0,1,1,4,0,3,1,0,1,0,0000000,99,99,99,99,99,99,0,0,0,2,1
6,61859,1,1,0,0,0,3,3,19,0,8,10,2011,7,1,25,0,3,4,FRAZIER RD,,0,36.06781944,-119.512400000,0,38,0,0,1,1,4,0,2,1,0,1,0,0000000,99,99,99,99,88,88,0,0,0,3,1
6,61860,2,2,0,0,0,5,5,73,0,8,10,2011,7,2,22,1,11,3,SR-78,BEAR VALLEY PKWY,206,33.10906111,-117.050119440,0,12,6,0,2,8,1,0,3,1,0,1,0,0000000,99,99,99,99,99,99,0,0,0,1,1
6,61861,2,2,0,0,0,2,2,107,0,8,10,2011,7,7,36,0,4,4,AVENUE 184,,0,36.12346944,-119.435550000,0,12,2,0,8,1,1,0,1,1,0,1,0,0000000,99,99,99,99,99,99,0,0,0,1,0
6,61862,5,5,0,0,0,5,5,73,0,8,10,2011,7,11,50,1,2,3,SR-79,,197,33.07078056,-116.592619440,0,1,0,0,1,1,1,0,1,1,0,1,0,0000000,99,99,99,99,99,99,14,0,0,1,0
6,61863,2,2,0,0,0,2,2,37,810,8,10,2011,7,16,50,0,14,6,WILMINGTON AVE,GREENLEAF BL,0,33.88075556,-118.236536110,0,12,6,0,2,2,1,0,1,1,0,1,0,0000000,99,99,99,99,99,99,0,0,0,1,1
6,61864,1,1,0,0,0,1,1,71,0,8,10,2011,7,18,10,0,6,4,JIGGS RD,,0,34.81551111,-117.160188890,0,1,0,0,1,1,1,0,5,1,0,1,0,0000000,99,99,99,99,99,99,0,0,0,1,1
6,61865,1,1,0,0,0,1,1,7,0,8,10,2011,7,19,45,0,4,4,MIDWAY RD,,0,39.46736944,-121.744638890,0,1,0,0,1,1,4,0,2,1,0,1,0,0000000,99,99,99,99,99,99,0,0,0,1,1
6,61866,1,1,0,0,0,4,4,65,0,8,10,2011,7,21,0,1,1,1,I-15,,319,33.76173889,-117.471330560,0,24,0,0,1,1,3,0,2,1,0,1,0,0000000,99,99,99,99,99,99,0,0,0,1,0
6,61867,1,1,0,0,0,1,1,85,0,8,10,2011,7,21,43,1,2,2,US-101 RAMP,,101,37.05753889,-121.584269440,0,33,0,1,5,1,4,0,2,1,0,1,0,0000000,99,99,99,99,88,88,0,0,0,1,1
6,61868,1,1,0,0,0,1,1,37,0,8,10,2011,7,23,42,0,4,4,HASLEY CYN RD,ARROYO OAK LN,0,34.46070000,-118.656819440,0,30,0,0,1,1,4,0,2,1,0,1,0,0000000,99,99,99,99,88,88,0,0,0,1,1
6,61869,2,2,0,0,0,2,2,39,0,9,10,2011,1,3,42,1,2,3,SR-99,,192,37.04756111,-120.163830560,0,12,1,0,1,1,1,0,2,1,0,1,0,0000000,99,99,99,99,99,99,0,0,0,1,1
6,61870,2,2,0,0,0,2,2,99,0,9,10,2011,1,7,4,0,12,3,SR-132,,282,37.63934167,-120.754691670,0,12,2,0,1,1,1,0,4,1,0,1,0,0000000,99,99,99,99,99,99,0,0,0,1,1
6,61871,1,1,0,0,0,1,1,101,4280,9,10,2011,1,20,40,0,16,6,MCKEEHAN DR,,0,39.12016944,-121.613472220,0,38,0,0,1,1,4,0,3,1,0,1,0,0000000,99,99,99,99,88,88,0,0,0,1,1
6,61872,4,4,0,0,0,4,4,29,0,6,10,2011,5,15,35,0,2,4,MOUNT VERONON DR,VIRGINIA ANE,0,35.36131944,-118.967650000,0,12,6,0,2,2,1,0,1,10,0,10,0,0000000,99,99,99,99,99,99,0,0,0,1,1
6,61873,1,1,0,1,1,1,1,75,3290,3,10,2011,2,19,4,0,13,6,MISSION ST,,0,37.72643889,-122.433458330,0,8,0,0,1,1,1,0,3,2,0,2,0,0000000,99,99,99,99,99,99,16,0,0,1,0
6,61874,4,4,0,0,0,9,9,79,0,10,10,2011,2,16,30,0,2,3,SR-1,,555,35.62296111,-120.154900000,0,12,2,0,1,1,1,0,1,1,0,1,0,0000000,99,99,99,99,99,99,0,0,0,1,0
6,61875,2,2,0,0,0,2,2,13,2090,11,10,2011,3,19,55,0,14,6,ALHAMBRA AVE,TRUITT AVE,0,37.98333333,-122.121616670,0,12,6,0,2,2,1,0,3,1,0,1,0,0000000,99,99,99,99,99,99,0,0,0,1,0
6,61876,1,1,0,1,1,1,1,29,522,12,10,2011,4,7,18,0,15,6,N LOOP DR,,0,35.13328889,-117.946341670,0,15,0,0,1,1,4,0,1,1,0,1,0,0000000,99,99,99,99,99,99,0,0,0,1,0
6,61877,1,1,0,1,1,1,1,67,3150,13,10,2011,5,21,54,0,13,6,ARDEN WY,EMPRESS ST,0,38.60641111,-121.447355560,0,8,0,0,3,1,1,0,3,1,0,1,0,0000000,99,99,99,99,88,88,0,0,0,1,0
6,61878,1,1,0,0,0,3,3,37,0,14,10,2011,6,19,20,0,3,4,10TH ST (E),,0,34.73410000,-118.112930560,0,1,0,0,1,1,5,0,5,1,0,1,0,0000000,99,99,99,99,99,99,0,0,0,1,1
6,61879,1,1,0,0,0,1,1,45,0,14,10,2011,6,19,54,0,3,4,ORR SPRINGS RD,,0,39.18213889,-123.247169440,0,17,0,0,1,1,5,0,2,1,0,1,0,0000000,99,99,99,99,88,88,0,0,0,1,0
6,61880,2,2,0,0,0,2,2,37,1980,15,10,2011,7,0,22,1,12,2,US-101,,83,34.11706111,-118.337250000,0,12,6,0,1,1,1,0,3,10,0,10,0,0000000,99,99,99,99,88,88,23,0,0,1,0
6,61881,1,1,0,0,0,1,1,23,0,15,10,2011,7,2,0,1,12,2,US-101 RAMP,,614,40.60145000,-124.171633330,0,59,0,1,5,1,4,0,3,1,0,1,0,0000000,99,99,99,99,88,88,0,0,0,1,1
6,61882,1,1,0,1,1,1,1,65,0,2,10,2011,1,21,15,1,2,3,SR-79,,141,33.67138889,-117.084669440,0,8,0,0,1,1,1,0,2,1,0,1,0,0000000,99,99,99,99,88,88,0,0,0,1,0
6,61883,1,1,0,1,1,1,1,59,3420,4,10,2011,3,0,24,0,14,6,NEWHOPE ST,,0,33.74467222,-117.928716670,0,8,0,0,1,1,1,0,3,10,0,10,0,0000000,99,99,99,99,88,88,0,0,0,1,0
6,61884,2,2,0,0,0,3,3,85,3340,13,10,2011,5,22,56,1,12,2,US-101,,248,37.22380278,-121.739083330,0,18,0,0,1,1,1,0,2,1,0,1,0,0000000,99,99,99,99,88,88,14,0,0,1,0
6,61885,1,1,0,0,0,1,1,7,0,14,10,2011,6,13,29,0,4,4,DURHAM PENTZ RD,,0,39.63918889,-121.698969440,0,35,0,0,1,1,4,0,1,1,0,1,0,0000000,99,99,99,99,0,0,0,0,0,1,0
6,61886,2,1,1,1,1,1,1,23,1220,14,10,2011,6,16,29,0,13,6,6TH ST,K ST,0,40.80185833,-124.160280560,0,9,0,0,3,2,1,0,1,10,0,10,0,0000000,99,99,99,99,99,99,0,0,0,1,1
6,61887,1,1,0,1,1,1,1,75,3290,15,10,2011,7,22,0,0,13,6,FULTON ST,20TH AVE,0,37.77280556,-122.478772220,0,8,0,0,3,3,1,0,3,1,0,1,0,0000000,99,99,99,99,99,99,0,0,0,1,1
6,61888,1,1,0,2,2,1,1,59,1660,22,7,2011,6,1,48,0,13,6,BROOKHURST ST,ATLANTIC AVE,0,33.65776111,-117.953755560,0,8,0,0,3,2,1,0,3,1,0,1,0,0000000,99,99,99,99,99,99,0,0,0,1,0
6,61889,1,1,0,0,0,1,1,71,3210,30,7,2011,7,18,38,0,14,6,CAJON BL,,0,34.17851667,-117.355697220,0,30,0,0,1,1,4,0,1,1,0,1,0,0000000,99,99,99,99,88,88,0,0,0,1,0
6,61890,2,2,0,0,0,2,2,37,1980,2,9,2011,6,11,0,1,2,2,US-101,,17,34.06295000,-118.252330560,0,1,0,0,1,1,1,0,1,1,0,1,0,0000000,99,99,99,99,99,99,14,0,0,1,0
6,61891,1,1,0,0,0,2,2,65,2730,4,9,2011,1,23,12,0,14,6,CASE RD,,0,33.76438056,-117.206727780,0,24,0,0,1,1,4,0,2,1,0,1,0,0000000,99,99,99,99,99,99,0,0,0,1,1
6,61892,1,1,0,0,0,1,1,77,3770,1,10,2011,7,2,39,0,15,6,BROOKSIDE RD,,0,37.98090833,-121.335041670,0,42,0,0,1,1,4,0,3,1,0,1,0,0000000,99,99,99,99,88,88,0,0,0,1,1
6,61893,1,1,0,0,0,3,3,37,1400,1,10,2011,7,5,48,0,13,6,ROSECRANS AVE,ARDATH AVE,0,33.90193889,-118.324086110,0,42,0,0,3,3,10,0,3,1,0,1,0,0000000,99,99,99,99,99,99,0,0,0,2,0
6,61894,1,1,0,1,1,1,1,19,1370,5,10,2011,4,3,40,0,13,6,W SHAW AVE,,0,36.80818611,-119.850083330,0,8,0,0,1,1,1,0,3,2,0,2,0,0000000,99,99,99,99,88,88,0,0,0,1,0
6,61895,2,2,0,0,0,4,4,37,1980,5,10,2011,4,20,0,0,13,6,FOOTHILL BL,PLAINVIEW AVE,0,34.25455833,-118.297922220,0,12,6,0,2,2,1,0,3,1,0,1,0,0000000,99,99,99,99,99,99,0,0,0,1,0
6,61896,2,2,0,1,1,2,2,37,1980,10,10,2011,2,4,50,1,11,1,I-10,,111,34.03486111,-118.338119440,0,8,0,0,1,1,1,0,3,1,0,1,0,0000000,99,99,99,99,88,88,0,0,0,1,0
6,61897,1,1,0,0,0,3,3,67,1108,29,5,2011,1,4,37,0,13,6,POWER INN RD,,0,38.44400833,-121.392191670,0,33,0,0,1,1,3,0,3,1,0,1,0,0000000,99,99,99,99,99,99,0,0,0,1,1
6,61898,1,1,0,1,1,1,1,37,1970,12,7,2011,3,13,23,0,16,6,MAGNOLIA AVE,,0,33.76785833,-118.198052780,0,8,0,0,1,1,1,0,1,1,0,1,0,0000000,99,99,99,99,99,99,0,0,0,1,0
6,61899,1,1,0,1,1,2,2,81,2170,15,9,2011,5,16,4,0,16,6,MEADOW GLEN,BROADWAY,0,37.60526667,-122.397566670,0,8,0,0,3,2,1,0,1,1,0,1,0,0000000,99,99,99,99,99,99,0,0,0,1,0
6,61900,2,2,0,0,0,5,5,37,3690,1,10,2011,7,12,41,0,16,6,HILDRETH AVE,TENAYA AVE,0,33.93705000,-118.189413890,0,12,6,0,2,2,1,0,1,1,0,1,0,0000000,99,99,99,99,99,99,4,0,0,1,0
6,61901,2,2,0,0,0,2,2,29,0,23,10,2011,1,7,15,0,2,3,SR-43,,140,35.46638889,-119.261011110,0,12,6,0,1,1,1,0,1,1,0,1,0,0000000,99,99,99,99,88,88,0,0,0,1,1
6,61902,1,1,0,0,0,1,1,37,3105,23,10,2011,1,10,45,1,11,1,I-10,,263,34.07209167,-118.083019440,0,24,0,0,1,1,4,0,1,1,0,1,0,0000000,99,99,99,99,99,99,0,0,0,1,0
6,61903,2,2,0,0,0,2,2,71,0,23,8,2011,3,7,56,0,2,3,SR-330,,371,34.24166944,-117.293369440,0,1,0,0,1,1,1,0,1,1,0,1,0,0000000,99,99,99,99,88,88,0,0,0,1,0
6,61904,1,1,0,1,1,1,1,65,9997,27,8,2011,7,22,14,1,11,1,I-215,,211,33.71803056,-117.188730560,0,8,0,0,5,1,1,0,2,1,0,1,0,0000000,99,99,99,99,88,88,0,0,0,1,0
6,61905,1,1,0,1,1,1,1,37,1980,28,8,2011,1,1,40,0,4,6,SATICOY ST,,0,34.20803889,-118.421530560,0,8,0,0,1,1,1,0,3,1,0,1,0,0000000,99,99,99,99,99,99,0,0,0,1,0
6,61906,1,1,0,0,0,2,2,73,0,28,8,2011,1,1,5,0,4,4,PINE RIDGE AVE,,0,33.04191944,-116.627219440,0,42,0,0,1,1,4,0,2,1,0,1,0,0000000,99,99,99,99,88,88,0,0,0,2,0
6,61907,1,1,0,0,0,1,1,63,0,26,9,2011,2,99,99,0,2,3,SR-2,,117,40.32553056,-121.176538890,0,59,0,0,1,1,4,0,2,10,0,10,0,0000000,99,99,99,99,88,88,0,0,0,1,1
6,61908,2,2,0,0,0,2,2,111,0,14,10,2011,6,11,20,1,2,3,SR-126,,189,34.39253056,-118.955388890,0,12,6,0,1,1,1,0,1,1,0,1,0,0000000,99,99,99,99,88,88,0,0,0,1,0
6,61909,2,2,0,0,0,2,2,99,0,15,10,2011,7,11,59,0,13,3,SR-108,,275,37.70938056,-120.994850000,0,1,0,0,8,1,1,0,1,1,0,1,0,0000000,99,99,99,99,99,99,0,0,0,1,0
6,61910,1,1,0,1,1,1,1,77,3770,15,10,2011,7,19,34,0,15,6,8TH ST,,0,37.93567222,-121.248669440,0,8,0,0,1,1,1,0,2,1,0,1,0,0000000,99,99,99,99,88,88,0,0,0,1,0
6,61911,2,2,0,0,0,3,3,19,0,22,10,2011,7,12,26,0,2,3,SR-43,KAMM AVE,63,36.53281111,-119.628969440,0,12,6,0,2,2,1,0,1,1,0,1,0,0000000,99,99,99,99,99,99,0,0,0,1,0
6,61912,1,1,0,0,0,2,2,99,0,22,10,2011,7,14,24,0,4,4,RIVER RD,,0,37.40320000,-121.009480560,0,1,0,0,1,1,2,0,1,1,0,1,0,0000000,99,99,99,99,99,99,0,0,0,1,0
6,61913,2,2,0,0,0,4,4,97,0,22,10,2011,7,17,15,0,2,3,SR-116,GREEN VALLEY RD,160,38.44583889,-122.866719440,0,12,6,0,2,2,1,0,1,1,0,1,0,0000000,99,99,99,99,99,99,0,0,0,1,0
6,61914,1,1,0,0,0,4,4,71,1305,23,10,2011,1,1,7,0,13,6,FOOTHILL BL,,0,34.10656111,-117.465213890,0,33,0,0,1,1,4,0,3,1,0,1,0,0000000,99,99,99,99,99,99,0,0,0,4,0
6,61915,1,1,0,1,1,1,1,81,3390,23,10,2011,1,4,24,1,12,2,US-101,,138,37.57452500,-122.318058330,0,8,0,0,1,1,1,0,3,1,0,1,0,0000000,99,99,99,99,88,88,0,0,0,1,0
6,61916,1,1,0,0,0,2,2,71,2922,6,11,2011,1,23,50,1,11,1,I-15,,76,34.13044722,-117.503305560,0,23,0,0,1,1,4,0,3,1,0,1,0,0000000,99,99,99,99,99,99,0,0,0,1,0
6,61917,1,1,0,0,0,3,3,71,0,7,11,2011,2,0,50,1,1,1,I-15,,1730,35.47354722,-115.563108330,0,59,0,0,1,1,4,0,2,10,0,10,0,0000000,99,99,1,35,99,99,0,0,0,1,0
6,61918,1,1,0,2,2,1,1,37,0,7,11,2011,2,6,40,0,3,4,N LAKE ELLEN AVE,E TUDOR ST,0,34.10201389,-117.916572220,0,8,0,0,3,3,1,0,1,1,0,1,0,0000000,99,99,99,99,99,99,0,0,0,1,0
6,61919,1,1,0,1,1,1,1,85,2311,7,11,2011,2,17,39,0,13,3,SR-82,THE AMERICANA,186,37.37652500,-122.063497220,0,8,0,0,3,2,1,0,3,1,0,1,0,0000000,99,99,99,99,99,99,0,0,0,1,0
6,61920,2,2,0,0,0,3,3,23,0,16,9,2011,6,2,25,1,2,3,SR-299,,152,40.92801111,-123.900038890,0,12,2,0,1,1,1,0,2,1,0,1,0,0000000,99,99,99,99,99,99,0,0,0,1,1
6,61921,2,2,0,0,0,2,2,65,750,11,10,2011,3,15,40,1,11,1,I-10,,639,33.69801944,-116.102150000,0,12,1,0,1,1,1,0,1,1,0,1,0,0000000,99,99,99,99,99,99,0,0,0,1,0
6,61922,2,2,0,0,0,2,2,29,0,19,10,2011,4,5,55,0,3,4,MERCED AVE,ZERKER RD,0,35.52976389,-119.151552780,0,12,6,0,2,2,1,0,2,1,0,1,0,0000000,99,99,99,99,99,99,0,0,0,1,0
6,61923,1,1,0,0,0,5,5,61,0,20,10,2011,5,19,30,0,5,4,APPLEGATE RD,,0,39.00021111,-120.985538890,0,31,0,0,1,1,2,0,2,1,0,1,0,0000000,99,99,99,99,99,99,0,0,0,3,1
6,61924,2,2,0,0,0,2,2,19,1370,21,10,2011,6,3,15,0,12,3,SR-168,,41,36.80710000,-119.734538890,0,12,1,0,1,1,1,0,2,1,0,1,0,0000000,99,99,99,99,99,99,0,0,0,1,1
6,61925,1,1,0,0,0,4,4,25,0,22,10,2011,7,12,4,1,2,3,SR-86,,566,33.28531944,-115.968911110,0,24,0,0,1,1,3,0,1,1,0,1,0,0000000,99,99,99,99,99,99,0,0,0,1,1
6,61926,1,1,0,1,1,1,1,41,2460,10,11,2011,5,18,46,0,14,6,S NOVATO BLVD,,0,38.10189722,-122.572513890,0,8,0,0,1,1,1,0,3,1,0,1,0,0000000,99,99,99,99,99,99,0,0,0,1,0
6,61927,1,1,0,1,1,1,1,37,1980,11,11,2011,6,0,0,0,14,6,VENICE BLVD,S SYCAMORE AVE,0,34.04530556,-118.349102780,0,8,0,0,3,2,1,0,3,1,0,1,0,0000000,99,99,99,99,99,99,0,0,0,1,0
6,61928,1,1,0,1,1,1,1,59,880,11,11,2011,6,5,2,0,13,6,HARBOR BLVD,,0,33.64794167,-117.919000000,0,15,0,0,1,1,1,0,3,10,0,10,0,0000000,99,99,99,99,88,88,0,0,0,1,0
6,61929,1,1,0,1,1,2,2,59,0,11,11,2011,6,20,1,0,3,4,IRVINE AVE,ANNIVERSARY LN,0,33.65801667,-117.885033330,0,8,0,0,3,3,1,0,3,10,0,10,0,0000000,99,99,99,99,99,99,0,0,0,1,0
6,61930,1,1,0,0,0,2,2,65,4197,11,11,2011,6,20,30,1,11,1,I-5,,147,33.60771944,-117.255988890,0,1,0,0,1,1,1,0,2,10,0,10,0,0000000,99,99,99,99,99,99,0,0,0,1,0
6,61931,1,1,0,1,1,2,2,67,0,11,11,2011,6,22,14,0,2,4,47TH AVE,,0,38.51048889,-121.449219440,0,8,0,0,1,1,1,0,3,10,0,10,0,0000000,99,99,99,99,88,88,0,0,0,1,0
6,61932,1,1,0,1,1,1,1,19,1370,12,11,2011,7,5,46,0,13,6,SHAW AVE,EFFIE ST,0,36.80841111,-119.787669440,0,8,0,0,3,2,1,0,3,10,0,10,0,0000000,99,99,99,99,88,88,0,0,0,1,0
6,61933,1,1,0,1,1,1,1,45,0,13,11,2011,1,11,56,0,2,3,SR-1,,543,39.36876111,-123.812558330,0,8,0,0,1,1,2,0,1,1,0,1,0,0000000,99,99,99,99,99,99,0,0,0,1,0
6,61934,1,1,0,1,1,1,1,75,3290,13,11,2011,1,12,18,0,13,6,MISSION ST,,0,37.78233333,-122.406983330,0,8,0,0,1,1,1,0,1,1,0,1,0,0000000,99,99,99,99,99,99,0,0,0,1,0
6,61935,1,1,0,1,1,1,1,37,2645,14,11,2011,2,17,45,0,14,6,AVENUE R,27TH ST E,0,34.58016667,-118.081141670,0,8,0,0,3,2,1,0,3,1,0,1,0,0000000,99,99,99,99,88,88,0,0,0,1,0
6,61936,1,1,0,1,1,1,1,19,1370,15,11,2011,3,18,25,0,12,3,SR-180,,0,36.75446111,-119.754269440,0,8,0,0,1,1,1,0,2,1,0,1,0,0000000,99,99,99,99,88,88,0,0,0,1,0
6,61937,2,2,0,1,1,2,2,39,0,15,11,2011,3,18,25,0,5,4,ROAD 30 1/2,,0,37.04741944,-119.992780560,0,15,0,0,1,1,1,0,2,1,0,1,0,0000000,99,99,99,99,88,88,0,0,0,1,0
6,61938,1,1,0,1,1,1,1,67,0,15,11,2011,3,20,9,0,2,4,POWER INN RD,,0,38.48405000,-121.408550000,0,9,0,0,1,1,1,0,2,1,0,1,0,0000000,99,99,20,15,88,88,0,0,0,1,0
6,61939,1,1,0,1,1,1,1,67,3150,16,11,2011,4,1,50,0,12,3,SR-51,,44,38.60704444,-121.431136110,0,8,0,0,1,1,1,0,3,1,0,1,0,0000000,99,99,99,99,99,99,0,0,0,1,0
6,61940,1,1,0,1,1,1,1,81,463,16,11,2011,4,19,1,0,13,6,BAYSHORE BLVD,SAN BRUNO AVE,0,37.67773056,-122.393155560,0,8,0,0,3,3,1,0,3,1,0,1,0,0000000,99,99,99,99,88,88,0,0,0,1,0
6,61941,1,1,0,1,1,2,2,97,3490,17,11,2011,5,17,54,0,13,6,MENDOCINO AVE,,0,38.47225000,-122.725166670,0,8,0,0,1,1,1,0,2,1,0,1,0,0000000,99,99,99,99,99,99,0,0,0,1,0
6,61942,2,1,1,1,1,3,3,13,0,18,11,2011,6,3,20,1,12,3,SR-24,,85,37.89722222,-122.081375000,0,8,0,0,1,1,1,0,2,10,0,10,0,0000000,99,99,99,99,88,88,19,0,0,1,0
6,61943,1,1,0,1,1,1,1,37,1980,18,11,2011,6,18,0,0,15,6,FOOTHILL BLVD,,0,34.27340000,-118.353397220,0,8,0,0,1,1,1,0,3,10,0,10,0,0000000,99,99,99,99,88,88,0,0,0,1,1
6,61944,1,1,0,1,1,1,1,55,0,20,11,2011,1,20,0,0,2,4,SILVERADO TRAIL,,0,38.32663889,-122.277350000,0,8,0,0,1,1,1,0,2,1,0,1,0,0000000,99,99,99,99,88,88,0,0,0,1,0
6,61945,1,1,0,1,1,1,1,19,1370,22,11,2011,3,18,53,0,14,6,BLACKSTONE AVE,ILLINOIS AVE,0,36.74492778,-119.790511110,0,8,0,0,3,3,1,0,3,1,0,1,0,0000000,99,99,99,99,99,99,0,0,0,1,0
6,61946,2,2,0,0,0,4,4,15,0,23,11,2011,4,18,27,1,1,2,US-199,,310,41.93432778,-123.756638890,0,12,2,0,1,1,1,0,2,2,10,2,0,0000000,99,99,99,99,99,99,0,0,0,1,0
6,61947,2,2,0,0,0,6,6,17,3697,31,1,2011,2,10,36,0,14,6,PIONEER TRL,,0,38.92268333,-119.955480560,0,12,6,0,1,1,1,0,1,4,0,4,0,0000000,99,99,99,99,99,99,0,0,0,1,0
6,61948,1,1,0,0,0,6,6,71,1603,2,4,2011,7,16,35,1,11,1,I-15,,362,34.45725000,-117.356338890,0,7,0,0,1,1,1,0,1,1,0,1,0,0000000,16,38,99,99,99,99,0,0,0,3,0
6,61949,1,1,0,1,1,2,2,19,1370,14,6,2011,3,15,9,0,13,7,HERNDON AVE,,0,36.83765000,-119.714972220,0,8,0,0,1,1,1,0,1,1,0,1,0,0000000,99,99,99,99,99,99,0,0,0,1,0
6,61950,2,2,0,0,0,4,4,37,1980,27,6,2011,2,12,50,0,16,6,LASSEN ST,OLD DEPOT PLAZA RD,0,34.24996389,-118.599016670,0,12,6,0,2,3,1,1,1,1,0,1,0,0000000,99,99,99,99,99,99,0,0,0,1,0
6,61951,1,1,0,0,0,4,4,99,0,28,6,2011,3,1,15,0,4,4,S WALNUT RD,,0,37.46493056,-120.867238890,0,1,0,0,1,1,5,0,2,1,0,1,0,0000000,99,99,99,99,99,99,0,0,0,3,0
6,61952,2,2,0,0,0,2,2,37,1980,16,7,2011,7,0,5,0,13,6,SEPULVEDA BL,,0,34.13874722,-118.478744440,0,12,2,0,1,1,1,0,3,1,0,1,0,0000000,99,99,99,99,99,99,0,0,0,1,0
6,61953,1,1,0,0,0,3,3,71,0,16,7,2011,7,3,52,1,1,1,I-15,,610,34.76381944,-117.153269440,0,25,0,0,1,1,3,0,2,1,0,1,0,0000000,99,99,99,99,88,88,0,0,0,1,0
6,61954,1,1,0,0,0,2,2,59,9997,18,9,2011,1,1,12,1,12,3,SR-241,,217,33.66640000,-117.647519440,0,1,0,0,1,1,3,0,3,1,0,1,0,0000000,99,99,99,99,99,99,0,0,0,1,0
6,61955,2,2,0,0,0,2,2,37,1550,28,9,2011,4,12,30,1,11,1,I-405,,192,33.90425278,-118.370227780,0,12,6,1,18,1,1,0,1,1,0,1,0,0000000,99,99,99,99,99,99,0,0,0,1,1
6,61956,1,1,0,1,1,1,1,71,681,8,10,2011,7,9,46,0,13,3,SR-142,,15,33.96031944,-117.765591670,0,9,0,0,1,1,2,0,1,1,0,1,0,0000000,99,99,99,99,99,99,0,0,0,1,0
6,61957,2,2,0,0,0,2,2,115,0,21,10,2011,6,5,55,1,2,3,SR-70,,190,39.20776944,-121.596230560,0,12,1,0,1,1,1,0,2,1,0,1,0,0000000,99,99,99,99,88,88,0,0,0,1,0
6,61958,2,2,0,0,0,2,2,71,1305,24,10,2011,2,17,34,1,11,1,I-10 RAMP,,133,34.06568056,-117.488733330,0,1,0,1,5,1,2,0,1,1,0,1,0,0000000,99,99,99,99,99,99,14,0,0,1,0