STATE,ST_CASE,VE_TOTAL,VE_FORMS,PVH_INVL,PEDS,PERNOTMVIT,PERMVIT,PERSONS,COUNTY,CITY,DAY,MONTH,YEAR,DAY_WEEK,HOUR,MINUTE,NHS,ROAD_FNC,ROUTE,TWAY_ID,TWAY_ID2,MILEPT,LATITUDE,LONGITUD,SP_JUR,HARM_EV,MAN_COLL,RELJCT1,RELJCT2,TYP_INT,REL_ROAD,WRK_ZONE,LGT_COND,WEATHER1,WEATHER2,WEATHER,SCH_BUS,RAIL,NOT_HOUR,NOT_MIN,ARR_HOUR,ARR_MIN,HOSP_HR,HOSP_MN,CF1,CF2,CF3,FATALS,DRUNK_DR
6,61959,1,1,0,0,0,1,1,105,0,28,10,2011,6,22,20,0,4,4,VAN DUZEN RD,,0,40.29593611,-123.433677780,0,41,0,0,1,1,4,0,2,1,0,1,0,0000000,99,99,99,99,88,88,0,0,0,1,0
6,61960,1,1,0,0,0,1,1,7,0,29,10,2011,7,16,35,1,2,3,SR-70,,5,39.31563056,-121.595838890,0,1,0,0,1,1,1,0,1,1,0,1,0,0000000,99,99,99,99,88,88,0,0,0,1,0
6,61961,2,2,0,0,0,4,4,73,3260,31,10,2011,2,22,0,1,11,1,I-805,,224,32.83110000,-117.168288890,0,12,6,1,5,1,1,2,3,1,0,1,0,0000000,99,99,99,99,99,99,4,0,0,2,0
6,61962,1,1,0,1,1,1,1,37,1550,17,10,2011,2,22,31,0,13,6,CRENSHAW BL,,0,33.92521389,-118.326575000,0,8,0,1,18,1,1,0,3,1,0,1,0,0000000,99,99,99,99,99,99,0,0,0,1,0
6,61963,1,1,0,0,0,2,2,37,0,18,10,2011,3,16,25,0,4,4,KANAN RD,,0,34.06639444,-118.808855560,0,35,0,0,1,1,4,0,1,1,0,1,0,0000000,99,99,99,99,99,99,0,0,0,2,0
6,61964,2,2,0,0,0,2,2,1,0,6,4,2011,4,20,10,1,11,1,I-580,REDWOOD RD,295,37.69121944,-122.073380560,0,12,6,0,2,2,1,0,3,10,0,10,0,0000000,99,99,99,99,88,88,20,0,0,1,1
6,61965,1,1,0,1,1,2,2,37,0,23,8,2011,3,0,1,0,2,4,50TH ST,,0,34.63781111,-118.040880560,0,8,0,0,1,1,1,0,2,1,0,1,0,0000000,99,99,99,99,88,88,0,0,0,1,0
6,61966,2,2,0,0,0,4,4,29,3020,19,9,2011,2,17,45,0,16,6,S GOLD CYN ST,E CHURCH AVE,0,35.61887778,-117.666680560,0,12,6,0,2,2,1,0,1,1,0,1,0,0000000,99,99,99,99,99,99,0,0,0,1,1
6,61967,1,1,0,1,1,1,1,85,3440,25,9,2011,1,1,3,0,13,6,HOMESTEAD RD,QUINCE AVE,0,37.33787778,-121.986236110,0,15,0,0,2,3,1,0,3,1,0,1,0,0000000,99,99,99,99,99,99,0,0,0,1,0
6,61968,2,1,1,1,1,1,1,59,3250,26,9,2011,2,6,10,1,11,1,I-5,,40,33.44343889,-117.628980560,0,14,0,0,1,1,2,0,3,10,0,10,0,0000000,99,99,99,99,88,88,23,0,0,1,0
6,61969,2,2,0,0,0,5,5,37,1980,1,10,2011,7,15,15,1,13,6,IMPERIAL HWY,MONA BL,0,33.92899444,-118.230327780,0,12,6,0,2,2,1,0,1,1,0,1,0,0000000,99,99,99,99,99,99,0,0,0,1,0
6,61970,3,3,0,1,1,6,6,13,3400,2,10,2011,1,21,37,1,11,1,I-80,,43,37.95589167,-122.329766670,0,8,0,0,1,1,1,0,2,1,0,1,0,0000000,99,99,99,99,88,88,0,0,0,1,1
6,61971,1,1,0,1,1,1,1,67,2934,18,10,2011,3,16,51,0,13,6,BRADSHAW RD,GORE RD,0,38.57018333,-121.336283330,0,9,0,0,2,2,1,0,1,1,0,1,0,0000000,99,99,99,99,99,99,0,0,0,1,0
6,61972,1,1,0,1,1,1,1,111,0,7,11,2011,2,3,12,0,2,3,SR-34,,92,34.19653056,-119.089761110,0,8,0,0,1,1,1,0,2,1,0,1,0,0000000,99,99,99,99,88,88,0,0,0,1,0
6,61973,2,2,0,1,1,2,2,85,3340,7,11,2011,2,17,59,0,14,6,MOORPARK AVE,BRENTWOOD DR,0,37.31583056,-121.986669440,0,9,0,0,2,2,1,0,3,1,0,1,0,0000000,99,99,99,99,99,99,14,0,0,1,0
6,61974,4,4,0,0,0,4,4,75,3290,8,11,2011,3,14,42,1,13,2,US-101,,40,37.76208889,-122.405658330,0,12,7,0,1,1,1,0,1,1,0,1,0,0000000,99,99,99,99,88,88,14,0,0,1,0
6,61975,4,4,0,0,0,6,6,37,602,8,11,2011,3,17,40,1,11,1,I-405,,127,33.85416944,-118.281588890,0,12,1,0,1,1,1,0,5,1,0,1,0,0000000,99,99,99,99,99,99,0,0,0,1,0
6,61976,1,1,0,1,1,2,2,37,0,10,11,2011,5,17,49,0,2,4,WESTERN AVE,110TH ST,0,33.93523056,-118.309119440,0,8,0,0,3,2,1,0,3,1,0,1,0,0000000,17,49,99,99,88,88,0,0,0,1,0
6,61977,1,1,0,2,2,1,1,71,4040,11,11,2011,6,18,3,0,14,6,7TH ST,,0,34.51739444,-117.311977780,0,8,0,0,1,1,1,0,3,1,0,1,0,0000000,99,99,99,99,99,99,0,0,0,2,0
6,61978,1,1,0,0,0,2,2,111,0,26,6,2011,1,14,18,0,2,3,SR-1,,95,34.10716111,-119.079230560,0,35,0,0,1,1,5,0,1,1,0,1,0,0000000,99,99,99,99,99,99,0,0,0,1,1
6,61979,1,1,0,0,0,1,1,59,3250,31,8,2011,4,20,48,0,13,6,EL CAMINO REAL,,0,33.40943056,-117.599822220,0,1,0,0,1,1,1,0,3,1,0,1,0,0000000,99,99,99,99,99,99,0,0,0,1,0
6,61980,1,1,0,0,0,4,4,83,1445,9,9,2011,6,22,58,0,13,6,HOLLISTER AVE,,0,34.43039167,-119.859094440,0,43,0,0,1,1,5,0,3,1,0,1,0,0000000,99,99,99,99,99,99,20,0,0,1,1
6,61981,1,1,0,1,1,1,1,37,4190,10,9,2011,7,22,30,0,13,6,BEVERLY BLVD,BEN ALDER AVE,0,34.00185278,-118.060119440,0,8,0,0,2,2,1,0,2,1,0,1,0,0000000,99,99,99,99,99,99,0,0,0,1,0
6,61982,1,1,0,1,1,1,1,83,1445,12,9,2011,2,20,28,0,14,6,CALLE REAL,KINGSTON AVE,0,34.44113333,-119.821694440,0,8,0,0,3,3,1,0,3,1,0,1,0,0000000,99,99,99,99,88,88,0,0,0,1,0
6,61983,1,1,0,0,0,4,4,65,0,17,9,2011,7,21,24,0,4,4,EL SOBRANTE RD,,0,33.85687500,-117.404038890,0,1,0,0,1,1,4,0,2,1,0,1,0,0000000,99,99,99,99,99,99,0,0,0,2,1
6,61984,2,2,0,0,0,3,3,53,2250,18,9,2011,1,9,5,0,12,3,SR-68,,66,36.58472500,-121.885291670,0,12,2,0,1,1,1,0,1,1,0,1,0,0000000,99,99,99,99,99,99,0,0,0,1,1
6,61985,1,1,0,1,1,1,1,19,3590,26,9,2011,2,5,27,0,15,6,GOLDEN STATE BLVD,,0,36.58472222,-119.631991670,0,8,0,0,1,1,1,0,2,1,0,1,0,0000000,99,99,99,99,88,88,0,0,0,1,0
6,61986,2,2,0,0,0,2,2,65,2327,4,10,2011,3,2,30,1,11,1,I-215,,185,33.67222500,-117.170805560,0,12,1,0,1,1,1,0,2,1,0,1,0,0000000,99,99,99,99,88,88,0,0,0,1,0
6,61987,1,1,0,1,1,1,1,37,0,6,10,2011,5,19,20,0,2,4,VERMONT AVE,,0,33.80586944,-118.290480560,0,8,0,0,1,1,1,0,3,1,0,1,0,0000000,99,99,99,99,88,88,0,0,0,1,0
6,61988,1,1,0,1,1,1,1,37,1980,29,10,2011,7,1,24,1,11,1,I-10,,187,34.05441944,-118.207980560,0,8,0,0,1,1,1,0,2,1,0,1,0,0000000,99,99,99,99,88,88,0,0,0,1,0
6,61989,1,1,0,0,0,1,1,79,0,2,11,2011,4,12,13,1,2,2,US-101,,315,35.30098056,-120.625819440,0,24,0,0,1,1,4,0,1,1,0,1,0,0000000,99,99,99,99,99,99,0,0,0,1,0
6,61990,1,1,0,1,1,3,3,59,470,14,11,2011,2,17,30,0,13,6,ROSECRANS AVE,,0,33.89546111,-117.981391670,0,8,0,0,1,1,1,0,3,10,0,10,0,0000000,99,99,99,99,99,99,0,0,0,1,0
6,61991,1,1,0,1,1,1,1,37,1045,14,11,2011,2,19,2,0,13,6,DOWNEY AVE,COMOLETTE ST,0,33.91783889,-118.149502780,0,8,0,0,3,2,1,0,3,1,0,1,0,0000000,99,99,99,99,99,99,0,0,0,1,0
6,61992,1,1,0,0,0,1,1,37,1980,17,11,2011,5,6,55,0,12,3,SR-110,,298,34.11673889,-118.170980560,0,25,0,0,1,1,4,0,1,1,0,1,0,0000000,99,99,99,99,99,99,0,0,0,1,0
6,61993,1,1,0,1,1,1,1,71,2960,17,11,2011,5,8,0,0,16,6,EUREKA ST,,0,34.05169444,-117.179913890,0,8,0,0,4,1,4,0,1,1,0,1,0,0000000,99,99,99,99,99,99,0,0,0,1,0
6,61994,1,1,0,1,1,3,3,99,2200,18,11,2011,6,22,44,0,14,6,STANDIFORD AVE,,0,37.68939444,-121.017050000,0,8,0,0,1,1,1,0,3,10,0,10,0,0000000,99,99,99,99,99,99,0,0,0,1,0
6,61995,2,2,0,1,1,2,2,37,1980,21,11,2011,2,5,10,0,15,6,NORMANDIE AVE,EXPOSITION BLVD,0,34.01818333,-118.300138890,0,8,0,0,3,2,1,0,3,1,0,1,0,0000000,99,99,99,99,99,99,0,0,0,1,0
6,61996,2,2,0,0,0,2,2,107,0,22,11,2011,3,14,0,0,2,3,SR-43,,205,36.04871944,-119.520119440,0,12,2,0,1,1,1,0,1,1,0,1,0,0000000,99,99,99,99,99,99,0,0,0,1,0
6,61997,1,1,0,1,1,1,1,65,612,24,11,2011,5,6,2,0,13,6,DATE PALM DR,MARKET PLACE,0,33.79939167,-116.457977780,0,8,0,0,3,3,1,0,2,1,0,1,0,0000000,99,99,99,99,99,99,0,0,0,1,0
6,61998,1,1,0,1,1,1,1,59,1660,24,11,2011,5,19,47,0,13,3,SR-39,,56,33.72997222,-117.989408330,0,8,0,0,1,1,1,0,3,1,0,1,0,0000000,99,99,99,99,88,88,0,0,0,1,0
6,61999,2,2,0,0,0,2,2,77,2070,27,10,2011,5,19,9,0,13,6,YOSEMITE AVE,EL PORTAL AVE,0,37.79741111,-121.232469440,0,1,0,0,2,3,1,0,3,1,0,1,0,0000000,99,99,19,34,99,99,0,0,0,1,1
6,62000,4,4,0,0,0,7,7,53,0,16,10,2011,1,16,22,1,2,3,SR-1,,1012,36.87367222,-121.770486110,0,12,8,0,1,1,1,1,1,1,0,1,0,0000000,99,99,99,99,99,99,20,0,0,2,0
6,62001,1,1,0,0,0,2,2,11,0,6,11,2011,1,20,50,0,5,4,OLD HWY 99 W,,0,38.99348056,-122.041030560,0,1,0,0,1,1,4,0,2,10,0,10,0,0000000,99,99,99,99,99,99,0,0,0,1,1
6,62002,1,1,0,1,1,1,1,13,3412,12,11,2011,7,20,22,1,11,1,I-680,,28,37.75896111,-121.964638890,0,8,0,0,1,1,1,0,3,1,0,1,0,0000000,99,99,99,99,88,88,0,0,0,1,0
6,62003,1,1,0,0,0,2,2,59,0,18,11,2011,6,6,47,0,2,3,SR-74,,61,33.51796111,-117.562600000,0,42,0,0,1,1,4,0,1,10,0,10,0,0000000,99,99,99,99,99,99,0,0,0,1,0
6,62004,1,1,0,2,2,2,2,73,1080,19,11,2011,7,1,55,0,14,6,W MAIN ST,,0,32.79492500,-116.965750000,0,8,0,0,1,1,1,0,3,10,0,10,0,0000000,99,99,99,99,99,99,0,0,0,1,0
6,62005,1,1,0,1,1,1,1,111,2620,24,11,2011,5,16,22,0,16,6,OLIVE ST,,0,34.17486944,-119.192225000,0,9,0,0,1,1,1,0,1,1,0,1,0,0000000,99,99,99,99,88,88,0,0,0,1,0
6,62006,3,3,0,1,1,9,9,73,2510,26,11,2011,7,21,27,1,11,1,I-5,,540,33.20678056,-117.384630560,0,8,0,0,1,1,1,0,3,1,0,1,0,0000000,99,99,99,99,88,88,0,0,0,1,0
6,62007,2,2,0,1,1,2,2,37,930,27,11,2011,1,14,49,0,13,6,WASHINGTON BL,GIRARD AVE,0,34.01345833,-118.409230560,0,8,0,0,3,3,1,0,1,1,0,1,0,0000000,99,99,99,99,99,99,0,0,0,1,0
6,62008,2,2,0,0,0,5,5,21,0,28,11,2011,2,9,25,0,2,3,SR-32,,3,39.74484444,-122.063177780,0,12,6,0,1,1,1,0,1,1,0,1,0,0000000,99,99,99,99,99,99,0,0,0,2,0
6,62009,1,1,0,1,1,1,1,1,1364,28,11,2011,2,17,28,0,13,6,WASHINGTON BL,OLIVE AVE,0,37.53363056,-121.950294440,0,8,0,0,2,2,1,0,3,1,0,1,0,0000000,99,99,99,99,99,99,0,0,0,1,0
6,62010,2,2,0,1,1,1,1,77,3770,29,11,2011,3,3,35,1,11,1,I-5,,304,38.00018611,-121.349702780,0,12,1,0,1,1,1,1,2,5,0,5,0,0000000,99,99,99,99,88,88,23,0,0,1,0
6,62011,1,1,0,1,1,1,1,29,240,29,11,2011,3,9,1,0,13,6,MNT VERNON AVE,E BRUNDAGE LN,0,35.35405000,-118.967602780,0,8,0,0,3,2,1,0,1,5,0,5,0,0000000,99,99,99,99,88,88,0,0,0,1,0
6,62012,1,1,0,1,1,2,2,37,2645,3,3,2011,5,14,16,0,16,6,VISTA RIDGE DR,,0,34.61149444,-118.192766670,0,33,0,0,8,1,4,0,1,1,0,1,0,0000000,99,99,99,99,99,99,0,0,0,1,0
6,62013,2,2,0,0,0,3,3,71,1603,12,6,2011,1,21,11,1,11,1,I-5,,363,34.45423889,-117.358538890,0,32,0,0,1,1,4,0,2,1,0,1,0,0000000,99,99,99,99,99,99,14,0,0,1,1
6,62014,2,2,0,0,0,3,3,77,0,13,6,2011,2,20,9,0,6,4,FRANKLIN AVE,ELMWOOD,0,37.96680000,-121.328950000,0,12,6,0,2,2,1,0,5,1,0,1,0,0000000,99,99,99,99,99,99,0,0,0,1,0
6,62015,2,2,0,1,1,3,3,65,3070,20,7,2011,4,22,40,1,12,3,SR-91 RAMP,,139,33.91468889,-117.442819440,0,12,2,0,5,1,1,1,3,1,0,1,0,0000000,22,41,99,99,99,99,0,0,0,1,1
6,62016,2,2,0,0,0,5,5,19,0,25,7,2011,2,21,40,0,4,4,BETHEL AVE,CLARKSON AVE,0,36.30130000,-119.342800000,0,12,6,0,2,2,1,0,2,1,0,1,0,0000000,21,41,99,99,99,99,0,0,0,2,0
6,62017,1,1,0,0,0,1,1,33,719,26,7,2011,3,16,5,0,16,6,SAN JOAQUIN AVE,CARTER LN,0,38.97229722,-122.665738890,0,59,0,0,3,2,4,0,1,1,0,1,0,0000000,99,99,99,99,88,88,0,0,0,1,1
6,62018,1,1,0,1,1,1,1,33,0,27,7,2011,4,12,33,0,4,4,SODA BAY RD,,0,39.01492222,-122.889188890,0,8,0,0,1,1,1,0,1,1,0,1,0,0000000,99,99,99,99,99,99,0,0,0,1,0
6,62019,1,1,0,1,1,1,1,65,9997,3,8,2011,4,21,40,0,15,6,RUBIDOUX BL,,0,34.01154444,-117.394116670,0,9,0,0,1,1,1,0,2,1,0,1,0,0000000,99,99,99,99,88,88,0,0,0,1,0
6,62020,2,2,0,0,0,3,3,115,0,13,9,2011,3,12,8,1,2,3,SR-70,,204,39.22613056,-121.600969440,0,12,2,0,1,1,1,0,1,1,0,1,0,0000000,99,99,99,99,99,99,0,0,0,1,1
6,62021,1,1,0,1,1,3,3,1,2480,24,9,2011,7,11,22,0,14,6,GRIZZLY PEAK BL,,0,37.86245000,-122.218011110,0,9,0,0,1,1,1,0,1,5,0,5,0,0000000,99,99,99,99,88,88,3,16,0,1,0
6,62022,2,2,0,0,0,4,4,97,0,23,10,2011,1,9,47,0,5,4,PEPPER RD,MECHAM RD,0,38.28551944,-122.747269440,0,12,2,0,3,3,1,0,1,1,0,1,0,0000000,99,99,99,99,99,99,0,0,0,1,0
6,62023,2,2,0,0,0,3,3,37,1980,23,10,2011,1,11,10,1,11,1,I-5,,362,34.23248889,-118.408030560,0,12,7,0,1,1,1,0,1,1,0,1,0,0000000,99,99,99,99,88,88,0,0,0,2,0
6,62024,1,1,0,0,0,1,1,19,0,23,10,2011,1,11,45,0,4,4,WILLOW AVE,,0,36.55350000,-119.727580560,0,42,0,0,1,1,4,0,1,1,0,1,0,0000000,99,99,99,99,99,99,4,0,0,1,0
6,62025,2,2,0,0,0,6,6,29,0,23,10,2011,1,15,5,0,4,4,MERCED AVE,PALM AVE,0,35.52896944,-119.350380560,0,12,6,0,2,2,1,0,1,1,0,1,0,0000000,99,99,99,99,99,99,0,0,0,1,0
6,62026,2,2,0,0,0,2,2,1,0,23,10,2011,1,16,12,0,3,4,REDWOOD RD,,0,37.75302222,-122.098038890,0,12,6,0,1,1,1,0,1,1,0,1,0,0000000,99,99,99,99,88,88,0,0,0,1,0
6,62027,1,1,0,0,0,1,1,65,1801,23,10,2011,1,16,57,0,16,6,HLLSIDE DR,,0,33.66079167,-117.241952780,0,42,0,0,1,1,4,0,1,1,0,1,0,0000000,99,99,99,99,17,32,0,0,0,1,1
6,62028,3,2,1,2,2,3,3,77,3770,8,11,2011,3,20,39,1,11,1,I-5,,254,37.93676944,-121.297830560,0,12,1,0,1,1,1,0,3,1,0,1,0,0000000,99,99,99,99,99,99,14,0,0,1,0
6,62029,1,1,0,1,1,3,3,115,2100,10,11,2011,5,7,44,0,14,6,E 17TH ST,HUSTON ST,0,39.15534167,-121.571391670,0,8,0,0,3,2,1,0,4,1,0,1,0,0000000,99,99,99,99,88,88,4,0,0,1,0
6,62030,1,1,0,1,1,4,4,19,0,23,10,2011,1,5,0,0,3,4,BELMONT AVE,,0,36.74980000,-119.927680560,0,8,0,0,1,1,1,0,2,1,0,1,0,0000000,99,99,99,99,99,99,0,0,0,1,0
6,62031,1,1,0,1,1,1,1,81,1530,25,10,2011,3,17,28,0,13,3,SR-92,,3,37.46835556,-122.428541670,0,8,0,0,1,1,1,0,1,1,0,1,0,0000000,99,99,99,99,99,99,0,0,0,1,0
6,62032,1,1,0,1,1,1,1,13,460,25,10,2011,3,19,47,0,15,6,SHADY WILLOW LN,,0,37.94969444,-121.737055560,0,8,0,0,1,1,1,0,3,1,0,1,0,0000000,99,99,99,99,99,99,0,0,0,1,0
6,62033,1,1,0,1,1,1,1,37,3470,26,10,2011,4,5,52,0,13,6,SANTA MONICA BL,LINCOLN BL,0,34.01952222,-118.491394440,0,8,0,0,3,2,1,0,3,1,0,1,0,0000000,99,99,99,99,88,88,0,0,0,1,0
6,62034,2,2,0,1,1,8,8,13,0,30,10,2011,1,21,31,1,11,1,I-680,,217,37.89720000,-122.071202780,0,8,0,0,1,1,1,0,2,1,0,1,0,0000000,99,99,99,99,88,88,23,0,0,1,0
6,62035,1,1,0,1,1,2,2,65,3070,31,10,2011,2,18,42,0,13,6,ARLINGTON AVE,LAKE ST,0,33.94645833,-117.462236110,0,8,0,0,3,3,1,0,3,1,0,1,0,0000000,99,99,99,99,99,99,19,0,0,1,0
6,62036,1,1,0,1,1,1,1,71,0,1,11,2011,3,18,40,0,13,3,SR-38,TURQUOISE AVE,35,34.07002222,-117.132402780,0,8,0,0,3,2,1,0,3,1,0,1,0,0000000,99,99,99,99,99,99,0,0,0,1,0
6,62037,1,1,0,1,1,1,1,59,2560,3,11,2011,5,12,58,0,13,6,E SANTIAGO CYN RD,,0,33.79120278,-117.757900000,0,9,0,0,1,1,1,0,1,1,0,1,0,0000000,99,99,99,99,99,99,0,0,0,1,0
6,62038,1,1,0,1,1,1,1,37,1980,3,11,2011,5,15,25,0,16,6,THE GROVE DR,,0,34.07490278,-118.356275000,0,15,0,0,1,1,1,0,1,1,0,1,0,0000000,99,99,99,99,99,99,0,0,0,1,0
6,62039,1,1,0,1,1,1,1,37,2220,15,8,2011,2,16,7,0,16,6,MAYFLOWER,,0,34.10681667,-118.008252780,0,8,0,0,1,1,1,0,1,1,0,1,0,0000000,99,99,99,99,99,99,4,0,0,1,0
6,62040,1,1,0,1,1,1,1,81,780,5,9,2011,2,0,2,0,14,6,HILLSIDE BL,,0,37.66613056,-122.405425000,0,8,0,0,1,1,1,0,3,1,0,1,0,0000000,99,99,99,99,88,88,0,0,0,1,0
6,62041,1,1,0,1,1,1,1,37,1430,6,9,2011,3,14,38,0,14,6,CENTRAL AVE,CALIFORNIA AVE,0,34.14988333,-118.257916670,0,8,0,0,3,2,1,0,1,1,0,1,0,0000000,99,99,99,99,99,99,0,0,0,1,0
6,62042,1,1,0,1,1,1,1,85,2280,23,10,2011,1,18,28,0,14,6,BUTTERFIELD BL,JARVIS DR,0,37.14003889,-121.655047220,0,15,0,0,3,2,1,0,1,1,0,1,0,0000000,99,99,99,99,99,99,0,0,0,1,1
6,62043,1,1,0,1,1,1,1,65,1801,27,10,2011,5,3,42,0,15,6,RIVERSIDE DR,,0,33.69395833,-117.347480560,0,8,0,0,1,1,1,0,2,1,0,1,0,0000000,99,99,99,99,88,88,0,0,0,1,0
6,62044,1,1,0,1,1,3,3,29,0,28,10,2011,6,19,2,0,2,4,S CHESTER AVE,,0,35.33922222,-119.018686110,0,8,0,0,1,1,1,0,2,1,0,1,0,0000000,99,99,99,99,99,99,0,0,0,1,0
6,62045,1,1,0,0,0,2,2,59,3250,29,10,2011,7,2,9,0,16,6,CALLE ALCAZAR,,0,33.41970000,-117.605236110,0,34,0,0,1,1,4,0,2,1,0,1,0,0000000,99,99,99,99,99,99,0,0,0,1,1
6,62046,1,1,0,1,1,1,1,19,1370,30,10,2011,1,18,48,0,15,6,SAN JOSE AVE,,0,36.81181389,-119.858358330,0,8,0,0,1,1,1,0,3,1,0,1,0,0000000,99,99,99,99,88,88,0,0,0,1,0
6,62047,1,1,0,1,1,1,1,73,3260,31,10,2011,2,7,40,0,15,6,GEMINI AVE,DRACO RD,0,32.91928889,-117.127177780,0,8,0,0,3,3,1,0,1,1,0,1,0,0000000,99,99,99,99,99,99,0,0,0,1,0
6,62048,1,1,0,1,1,1,1,59,3420,31,10,2011,2,8,2,0,16,6,15TH ST,,0,33.75782500,-117.865966670,0,8,0,0,1,1,1,0,1,1,0,1,0,0000000,99,99,99,99,99,99,4,0,0,1,0
6,62049,1,1,0,0,0,1,1,73,3260,21,12,2011,4,6,37,1,11,1,I-5,,134,32.76375000,-117.204361110,0,52,0,1,19,1,4,0,1,10,0,10,0,0000000,99,99,99,99,88,88,0,0,0,1,0
6,62050,1,1,0,0,0,1,1,71,0,10,10,2011,2,14,20,0,3,4,LONE PINE CYN RD,,0,34.31066944,-117.533650000,0,1,0,0,1,1,4,0,1,1,0,1,0,0000000,99,99,99,99,88,88,0,0,0,1,0
6,62051,4,4,0,0,0,4,4,37,0,29,10,2011,7,2,50,1,12,3,SR-60,,180,33.99686944,-117.931538890,0,59,0,1,5,1,4,0,3,1,0,1,0,0000000,99,99,99,99,88,88,0,0,0,1,1
6,62052,5,5,0,1,1,7,7,37,480,1,11,2011,3,4,58,1,12,3,SR-134,,26,34.15260000,-118.332288890,0,8,0,0,1,1,1,0,3,5,0,5,0,0000000,99,99,99,99,88,88,0,0,0,1,0
6,62053,4,4,0,0,0,10,10,67,3150,2,11,2011,4,21,53,0,12,3,SR-51,,28,38.59091111,-121.445588890,0,5,0,0,1,1,1,0,2,1,0,1,0,0000000,99,99,99,99,88,88,0,0,0,1,0
6,62054,1,1,0,0,0,1,1,59,1786,5,11,2011,7,2,25,0,15,6,GOLDEN LANTERN,,0,33.50740556,-117.684691670,0,33,0,0,1,1,3,0,3,1,0,1,0,0000000,99,99,99,99,88,88,0,0,0,1,1
6,62055,2,2,0,1,1,3,3,85,3340,5,11,2011,7,20,3,0,14,6,BRANHAM LN,EAGLE LAKE DR,0,37.26496944,-121.868855560,0,8,0,0,2,3,1,0,3,2,0,2,0,0000000,99,99,99,99,88,88,0,0,0,1,0
6,62056,2,2,0,0,0,3,3,71,0,2,12,2011,6,17,5,1,11,1,I-15,,1230,35.21308889,-116.113450000,0,12,1,0,1,1,1,0,2,1,0,1,0,0000000,99,99,99,99,99,99,0,0,0,1,0
6,62057,1,1,0,0,0,1,1,75,3290,3,12,2011,7,0,30,1,13,2,US-101,,46,37.76730833,-122.405408330,0,23,0,1,18,1,3,0,3,1,0,1,0,0000000,99,99,99,99,99,99,0,0,0,1,1
6,62058,1,1,0,1,1,1,1,61,0,3,12,2011,7,2,0,0,5,4,PENRYN RD,,0,38.84016111,-121.168650000,0,8,0,0,1,1,1,0,2,1,0,1,0,0000000,99,99,99,99,88,88,0,0,0,1,0
6,62059,1,1,0,1,1,1,1,37,0,3,12,2011,7,9,28,0,4,4,MULHOLLAND HWY,,0,34.09651111,-118.813161110,0,9,0,0,1,1,1,0,1,1,0,1,0,0000000,99,99,99,99,99,99,0,0,0,1,0
6,62060,1,1,0,1,1,1,1,73,0,3,12,2011,7,21,40,0,2,4,SWEETWATER RD,BLOSSOM LN,0,32.72473056,-117.014050000,0,8,0,0,3,3,1,0,2,1,0,1,0,0000000,99,99,99,99,88,88,0,0,0,1,0
6,62061,2,2,0,1,1,3,3,81,490,3,12,2011,7,22,38,1,12,2,US-101,,166,37.58975000,-122.360716670,0,9,0,1,18,1,1,0,3,1,0,1,0,0000000,99,99,99,99,88,88,14,0,0,1,0
6,62062,2,2,0,1,1,3,3,77,0,4,12,2011,1,17,5,0,4,4,NEWTON RD,,0,37.99171944,-121.256530560,0,8,0,0,1,1,1,0,2,1,0,1,0,0000000,99,99,99,99,99,99,0,0,0,1,0
6,62063,3,3,0,0,0,4,4,65,1580,14,6,2011,3,12,45,0,14,6,STETSON AVE,SANTA FE ST,0,33.72945000,-116.962877780,0,12,6,0,2,2,1,0,1,1,0,1,0,0000000,99,99,99,99,99,99,0,0,0,1,0
6,62064,2,2,0,0,0,3,3,71,0,11,9,2011,1,2,30,1,1,1,I-5,,221,34.32235000,-117.481711110,0,12,1,0,1,1,1,0,2,1,0,1,0,0000000,99,99,99,99,99,99,0,0,0,2,2
6,62065,2,2,0,0,0,2,2,37,1980,15,9,2011,5,7,45,0,13,6,AVALON BLVD,43RD ST,0,34.00566389,-118.265272220,0,12,6,0,2,2,1,0,1,1,0,1,0,0000000,99,99,99,99,99,99,0,0,0,1,0
6,62066,1,1,0,2,2,1,1,71,2922,10,10,2011,2,7,44,0,14,6,CHURCH ST,TERRA VISTA PKWY,0,34.11360556,-117.572591670,0,8,0,0,3,2,1,0,1,1,0,1,0,0000000,99,99,99,99,99,99,0,0,0,1,0
6,62067,2,2,0,1,1,5,5,81,0,6,11,2011,1,1,25,1,2,2,US-101,,187,37.60879722,-122.390233330,0,12,6,0,1,1,1,0,3,10,0,10,0,0000000,99,99,99,99,99,99,19,0,0,1,1
6,62068,1,1,0,1,1,1,1,59,470,12,11,2011,7,17,14,0,13,6,WESTERN AVE,SULLIVAN PLACE,0,33.86196667,-118.002536110,0,9,0,0,3,2,1,0,3,2,10,2,0,0000000,99,99,99,99,99,99,0,0,0,1,0
6,62069,2,2,0,0,0,6,6,71,0,17,11,2011,5,13,50,1,1,1,I-40,,867,34.74288056,-115.533330560,0,12,1,0,1,1,1,0,1,1,0,1,0,0000000,99,99,99,99,99,99,0,0,0,1,0