STATE,ST_CASE,VE_TOTAL,VE_FORMS,PVH_INVL,PEDS,PERNOTMVIT,PERMVIT,PERSONS,COUNTY,CITY,DAY,MONTH,YEAR,DAY_WEEK,HOUR,MINUTE,NHS,ROAD_FNC,ROUTE,TWAY_ID,TWAY_ID2,MILEPT,LATITUDE,LONGITUD,SP_JUR,HARM_EV,MAN_COLL,RELJCT1,RELJCT2,TYP_INT,REL_ROAD,WRK_ZONE,LGT_COND,WEATHER1,WEATHER2,WEATHER,SCH_BUS,RAIL,NOT_HOUR,NOT_MIN,ARR_HOUR,ARR_MIN,HOSP_HR,HOSP_MN,CF1,CF2,CF3,FATALS,DRUNK_DR
6,62070,2,2,0,0,0,2,2,73,0,18,11,2011,6,6,5,1,1,1,I-5,,695,33.36920833,-117.550194440,0,12,6,0,1,1,1,0,4,10,0,10,0,0000000,99,99,99,99,88,88,0,0,0,1,0
6,62071,1,1,0,2,2,1,1,85,3440,18,11,2011,6,18,29,0,16,6,TEAL DR,,0,37.34313333,-122.002491670,0,8,0,0,1,1,1,0,3,10,0,10,0,0000000,99,99,99,99,99,99,0,0,0,1,0
6,62072,2,2,0,0,0,4,4,73,3260,24,11,2011,5,17,10,0,13,6,WASHINGTON ST,SAN DIEGO AVE,0,32.74278611,-117.181908330,0,12,6,0,2,2,1,0,1,10,0,10,0,0000000,99,99,99,99,99,99,0,0,0,1,0
6,62073,2,2,0,1,1,4,4,23,0,24,11,2011,5,17,18,1,12,2,US-101,,941,40.80756667,-124.118563890,0,9,0,0,1,1,1,0,2,2,10,2,0,0000000,99,99,99,99,88,88,0,0,0,1,0
6,62074,6,6,0,1,1,9,9,65,4197,25,11,2011,6,3,21,1,11,1,I-15,,177,33.51068889,-117.160730560,0,8,0,0,1,1,1,0,2,1,0,1,0,0000000,99,99,99,99,88,88,0,0,0,1,0
6,62075,2,2,0,0,0,3,3,37,639,27,11,2011,1,9,23,0,14,6,NORWALK BLVD,166TH STREET,0,33.88038889,-118.072716670,0,12,6,0,2,2,1,0,1,1,0,1,0,0000000,99,99,99,99,99,99,0,0,0,1,0
6,62076,2,2,0,0,0,2,2,67,3150,5,12,2011,2,0,59,0,13,6,HOWE AVE,FOLSOM BLVD,0,38.54945556,-121.409252780,0,12,6,0,2,2,1,0,3,1,0,1,0,0000000,99,99,99,99,99,99,0,0,0,1,1
6,62077,2,2,0,0,0,4,4,19,1370,5,12,2011,2,7,55,0,14,6,OLIVE AVE,,0,36.75749722,-119.719833330,0,12,2,0,1,1,1,0,1,1,0,1,0,0000000,99,99,99,99,99,99,0,0,0,1,0
6,62078,1,1,0,1,1,1,1,37,1980,5,12,2011,2,21,0,0,13,6,FLORENCE AVE,HALL DALE AVE,0,33.97456389,-118.302444440,0,8,0,0,3,2,1,0,2,1,0,1,0,0000000,99,99,99,99,99,99,0,0,0,1,1
6,62079,1,1,0,1,1,1,1,37,8,6,12,2011,3,16,25,0,14,6,THOUSAND OAK BLVD,,0,34.15470833,-118.789302780,0,8,0,0,1,1,4,0,5,1,0,1,0,0000000,99,99,99,99,99,99,0,0,0,1,0
6,62080,1,1,0,1,1,1,1,45,0,8,12,2011,5,9,0,0,3,4,NORTH STATE ST,,0,39.17807222,-123.210258330,0,8,0,0,1,1,1,0,1,1,0,1,0,0000000,99,99,99,99,99,99,0,0,0,1,0
6,62081,1,1,0,0,0,1,1,1,1920,7,12,2011,4,2,25,1,11,1,I-580,,107,37.70238889,-121.740402780,0,43,0,0,1,1,2,0,2,1,0,1,0,0000000,99,99,99,99,88,88,0,0,0,1,1
6,62082,1,1,0,1,1,1,1,111,3860,7,12,2011,4,13,57,0,16,6,CALLE ALMENDRO,,0,34.21689444,-118.862091670,0,8,0,0,4,1,4,0,1,1,0,1,0,0000000,99,99,99,99,88,88,0,0,0,1,0
6,62083,2,2,0,2,2,2,2,35,0,8,12,2011,5,17,50,1,2,2,US-395,,513,40.27681111,-120.484361110,0,12,6,0,1,1,1,0,2,1,0,1,0,0000000,99,99,99,99,99,99,19,23,15,1,0
6,62084,1,1,0,1,1,1,1,67,0,8,12,2011,5,18,56,0,2,4,AUBURN BLVD,,0,38.66647778,-121.340272220,0,8,0,0,1,1,1,0,2,1,0,1,0,0000000,99,99,99,99,99,99,0,0,0,1,0
6,62085,1,1,0,1,1,1,1,99,0,9,12,2011,6,14,45,0,2,4,PARADISE RD,,0,37.60893056,-121.126138890,0,8,0,0,1,1,1,0,1,1,0,1,0,0000000,99,99,99,99,88,88,0,0,0,1,0
6,62086,2,2,0,0,0,2,2,73,0,9,12,2011,6,19,55,1,11,1,I-5,,381,33.00265000,-117.257888890,0,12,1,0,1,1,1,0,2,1,0,1,0,0000000,99,99,99,99,99,99,0,0,0,1,0
6,62087,1,1,0,1,1,1,1,1,10,10,12,2011,7,21,30,0,15,6,PATRICK AVE,GOMER ST,0,37.63595278,-122.079527780,0,15,0,0,3,2,1,0,3,1,0,1,0,0000000,99,99,99,99,88,88,0,0,0,1,0
6,62088,1,1,0,1,1,1,1,81,310,11,12,2011,1,17,35,0,13,3,SR-82,RALSTON AVE,77,37.57620833,-122.349263890,0,8,0,0,1,1,1,0,3,10,0,10,0,0000000,99,99,99,99,88,88,0,0,0,1,0
6,62089,1,1,0,0,0,2,2,85,1420,11,12,2011,1,21,49,0,15,6,FERGUSON RD,,0,37.01151944,-121.516561110,0,1,0,0,1,1,5,0,2,2,10,2,0,0000000,99,99,99,99,99,99,0,0,0,1,1
6,62090,1,1,0,0,0,1,1,37,1980,24,10,2011,2,11,0,0,13,6,LA CIENEGA BLVD,,0,34.01637500,-118.373822220,0,33,0,0,1,1,4,0,1,1,0,1,0,0000000,99,99,99,99,99,99,0,0,0,1,0
6,62091,3,3,0,0,0,3,3,67,3150,24,10,2011,2,20,50,1,12,3,SR-51,,51,38.61453889,-121.422836110,0,12,7,0,1,1,1,0,3,1,0,1,0,0000000,99,99,99,99,88,88,0,0,0,1,0
6,62092,2,2,0,0,0,4,4,29,0,24,10,2011,2,21,7,0,2,4,MOUNT VERNON AVE,NILES ST,0,35.37629167,-118.967369440,0,12,1,0,3,1,1,0,3,1,0,1,0,0000000,99,99,99,99,99,99,0,0,0,1,1
6,62093,2,2,0,0,0,3,3,19,0,25,10,2011,3,20,55,0,2,4,JENSEN AVE,ARMSTRONG AVE,0,36.70739167,-119.673000000,0,12,6,0,2,2,1,0,2,1,0,1,0,0000000,99,99,99,99,99,99,0,0,0,1,0
6,62094,2,2,0,0,0,3,3,37,3870,25,10,2011,3,22,4,0,13,6,CRENSHAW BLVD,238TH ST,0,33.80840833,-118.327947220,0,12,2,0,1,1,1,0,3,1,0,1,0,0000000,99,99,99,99,99,99,0,0,0,1,1
6,62095,1,1,0,0,0,1,1,65,612,26,10,2011,4,5,28,0,14,6,E PALM CANYON DR,,0,33.78235833,-116.471819440,0,1,0,0,1,1,1,0,2,1,0,1,0,0000000,99,99,99,99,88,88,0,0,0,1,0
6,62096,2,2,0,0,0,3,3,113,0,26,10,2011,4,12,48,0,2,3,SR-16,,253,38.67745278,-121.772577780,0,12,2,0,1,1,1,0,1,1,0,1,0,0000000,99,99,99,99,99,99,0,0,0,1,0
6,62097,1,1,0,0,0,1,1,47,0,26,10,2011,4,15,15,0,2,4,ATWATER JORDAN RD,,0,37.33118889,-120.604111110,0,18,0,0,1,1,4,0,1,1,0,1,0,0000000,99,99,99,99,88,88,0,0,0,1,1
6,62098,1,1,0,0,0,1,1,23,0,27,10,2011,5,16,30,1,2,2,US-101,,334,40.32473889,-123.921461110,0,42,0,0,1,1,4,0,1,1,0,1,0,0000000,99,99,99,99,88,88,0,0,0,1,0
6,62099,2,2,0,0,0,3,3,65,1580,27,10,2011,5,16,59,0,15,6,SANDERSON AVE,MUSTANG WAY,0,33.72081389,-117.006633330,0,12,6,0,2,2,1,0,3,1,0,1,0,0000000,99,99,99,99,88,88,0,0,0,1,0
6,62100,1,1,0,0,0,1,1,37,1980,17,4,2011,1,6,5,1,11,1,I-80 RAMP,,10,33.93080000,-118.388800000,0,39,0,1,5,1,4,0,4,1,0,1,0,0000000,99,99,99,99,88,88,0,0,0,1,1
6,62101,1,1,0,0,0,1,1,65,0,28,10,2011,6,0,48,0,6,4,PAUBA RD,LOS CABALLOS RD,0,33.49257778,-117.025033330,0,1,0,0,1,1,2,0,2,1,0,1,0,0000000,99,99,99,99,88,88,0,0,0,1,1
6,62102,1,1,0,0,0,7,7,37,0,29,10,2011,7,3,50,0,3,4,LAMBERT RD,,0,33.92537500,-117.980255560,0,33,0,0,1,1,4,0,3,1,0,1,0,0000000,99,99,99,99,99,99,0,0,0,2,1
6,62103,2,2,0,0,0,2,2,59,1790,29,10,2011,7,17,39,0,14,6,IDAHO ST,SANDLEWOOD AVE,0,33.91314722,-117.959166670,0,12,2,0,2,3,1,0,5,1,0,1,0,0000000,99,99,99,99,99,99,0,0,0,1,0
6,62104,1,1,0,0,0,1,1,29,0,29,10,2011,7,21,15,0,2,4,JAWBONE CANYON RD,,0,35.31768056,-118.078250000,0,1,0,0,1,1,6,0,2,1,0,1,0,0000000,99,99,99,99,88,88,0,0,0,1,1
6,62105,2,2,0,0,0,2,2,71,4040,29,10,2011,7,23,19,1,12,2,US-395,,104,34.49514722,-117.399472220,0,12,2,0,1,1,1,0,2,1,0,1,0,0000000,99,99,99,99,99,99,0,0,0,1,0
6,62106,1,1,0,0,0,1,1,65,250,30,10,2011,1,1,35,0,6,4,BONITA AVE,MAGNOLIA ST,0,33.91418889,-116.800266670,0,35,0,0,3,2,4,0,2,1,0,1,0,0000000,99,99,99,99,99,99,0,0,0,1,1
6,62107,2,2,0,0,0,3,3,37,3455,30,10,2011,1,2,29,0,13,6,TELEGRAPH RD,SHOEMAKER AVE,0,33.94180000,-118.055280560,0,12,6,0,2,2,1,0,3,1,0,1,0,0000000,99,99,99,99,99,99,0,0,0,1,2
6,62108,1,1,0,0,0,6,6,37,810,30,10,2011,1,2,30,0,13,6,CENTRAL AVE,,0,33.90365556,-118.253855560,0,33,0,0,1,1,3,0,2,1,0,1,0,0000000,99,99,99,99,99,99,0,0,0,1,1
6,62109,3,2,1,0,0,2,2,37,1980,30,10,2011,1,4,40,0,13,6,FIGUEROA ST,,0,33.93144444,-118.282602780,0,12,1,0,1,1,1,0,3,1,0,1,0,0000000,99,99,99,99,99,99,0,0,0,1,0
6,62110,1,1,0,0,0,1,1,37,0,30,10,2011,1,5,10,0,4,4,PLUM CANYON RD,,0,34.44185000,-118.473080560,0,30,0,0,1,1,4,0,3,1,0,1,0,0000000,99,99,99,99,88,88,0,0,0,1,1
6,62111,1,1,0,0,0,1,1,111,2620,30,10,2011,1,9,9,1,12,2,US-101,,188,34.22180000,-119.120369440,0,59,0,0,1,1,4,0,1,1,0,1,0,0000000,99,99,99,99,99,99,0,0,0,1,0
6,62112,2,2,0,0,0,2,2,71,1603,31,10,2011,2,1,5,1,11,1,I-15,,363,34.45213889,-117.360750000,0,12,9,0,1,1,1,0,3,1,0,1,0,0000000,99,99,99,99,88,88,0,0,0,1,1
6,62113,2,2,0,0,0,2,2,19,1370,31,10,2011,2,6,40,0,12,3,SR-180,MONROE AVE,491,36.73516944,-119.943280560,0,12,7,0,3,2,1,0,4,1,0,1,0,0000000,99,99,99,99,99,99,0,0,0,1,1
6,62114,2,2,0,0,0,6,6,19,0,31,10,2011,2,18,0,0,3,4,CHURCH AVE,BRAWLEY AVE,0,36.71373889,-119.862122220,0,12,6,0,2,2,1,0,2,1,0,1,0,0000000,99,99,99,99,99,99,0,0,0,1,1
6,62115,2,2,0,0,0,2,2,77,3770,1,11,2011,3,7,10,1,11,1,I-5,,216,37.88498056,-121.279161110,0,12,1,0,1,1,1,0,4,1,0,1,0,0000000,99,99,99,99,88,88,0,0,0,1,0
6,62116,2,2,0,0,0,3,3,9,0,1,11,2011,3,14,15,0,2,3,SR-26,,96,38.19230278,-120.827494440,0,12,2,0,1,1,1,0,1,1,0,1,0,0000000,99,99,99,99,99,99,0,0,0,1,0
6,62117,2,2,0,0,0,3,3,43,0,1,11,2011,3,15,45,1,2,3,SR-140,0028.0,280,37.49095556,-119.971536110,0,12,2,0,1,1,1,0,1,1,0,1,0,0000000,99,99,99,99,88,88,0,0,0,1,0
6,62118,1,1,0,0,0,1,1,101,0,1,11,2011,3,23,30,0,2,3,SR-99,,160,38.95000000,-121.606861110,0,34,0,0,1,1,5,0,2,1,0,1,0,0000000,99,99,99,99,88,88,0,0,0,1,0
6,62119,2,2,0,0,0,3,3,61,0,2,11,2011,4,11,15,0,2,3,SR-49,,70,38.95130000,-121.100111110,0,12,6,0,8,1,1,0,1,1,0,1,0,0000000,99,99,99,99,99,99,0,0,0,1,0
6,62120,4,4,0,0,0,4,4,73,3260,3,11,2011,5,6,28,1,12,3,SR-15,,5,32.77786389,-117.140216670,0,12,6,0,1,1,1,0,4,1,0,1,0,0000000,99,99,99,99,99,99,0,0,0,1,0
6,62121,2,2,0,0,0,4,4,99,2200,3,11,2011,5,9,48,0,13,6,W BRIGGSMORE AVE,CARVER RD,0,37.67098611,-121.022130560,0,12,6,0,2,2,1,0,1,1,0,1,0,0000000,99,99,99,99,99,99,0,0,0,1,0
6,62122,2,2,0,0,0,2,2,65,0,3,11,2011,5,10,4,0,2,4,RAMONA ESPRESSWAY,,0,33.83974444,-117.109244440,0,12,2,0,1,1,1,0,1,1,0,1,0,0000000,99,99,99,99,88,88,0,0,0,2,0
6,62123,1,1,0,0,0,1,1,99,0,3,11,2011,5,14,32,1,12,3,SR-99,,148,37.62276944,-120.995619440,0,33,0,0,1,1,4,0,1,1,0,1,0,0000000,99,99,99,99,88,88,0,0,0,1,0
6,62124,1,1,0,0,0,1,1,73,3260,4,11,2011,6,1,30,1,11,1,I-5 RAMP,,1,32.83753889,-117.234886110,0,33,0,1,5,1,4,0,3,10,0,10,0,0000000,99,99,99,99,88,88,0,0,0,1,1
6,62125,1,1,0,0,0,1,1,65,3070,4,11,2011,6,3,40,1,11,1,I-15,,521,34.03106944,-117.550402780,0,20,0,0,1,1,3,0,2,10,0,10,0,0000000,99,99,99,99,88,88,0,0,0,1,1
6,62126,2,2,0,0,0,2,2,67,3150,4,11,2011,6,13,1,0,13,6,TRUXEL RD,ROCKY BEND DR,0,38.62198611,-121.497877780,0,12,6,0,2,3,1,0,1,1,0,1,0,0000000,99,99,99,99,99,99,0,0,0,1,0
6,62127,1,1,0,0,0,2,2,67,0,4,11,2011,6,14,20,0,4,4,GREEN RD,,0,38.41848889,-121.243180560,0,42,0,0,1,1,4,0,1,1,0,1,0,0000000,99,99,99,99,99,99,0,0,0,1,0
6,62128,2,2,0,0,0,2,2,53,0,4,11,2011,6,15,20,0,4,4,CASTROVILLE BLVD,ELKHORN RD,0,36.79563889,-121.720366670,0,12,6,0,2,2,1,0,1,1,0,1,0,0000000,99,99,99,99,88,88,0,0,0,1,0
6,62129,1,1,0,0,0,2,2,29,0,4,11,2011,6,20,45,0,4,4,GOLDEN STATE HWY,,0,35.42213056,-119.061161110,0,21,0,0,1,1,4,0,2,1,0,1,0,0000000,99,99,99,99,99,99,0,0,0,1,0
6,62130,1,1,0,0,0,1,1,37,1980,5,11,2011,7,2,15,0,15,6,RIVERSIDE DR,GILROY ST,0,34.10430278,-118.253372220,0,39,0,0,3,3,4,0,3,10,0,10,0,0000000,99,99,99,99,99,99,0,0,0,1,1
6,62131,2,2,0,0,0,3,3,59,1660,5,11,2011,7,9,38,0,13,6,ADAMS AVE,BUSHARD ST,0,33.67229444,-117.962547220,0,12,6,0,2,2,1,0,1,1,0,1,0,0000000,99,99,99,99,99,99,0,0,0,1,0
6,62132,1,1,0,0,0,1,1,97,0,5,11,2011,7,14,0,0,4,4,SKAGGS SPRINGS RD,,0,38.67278889,-123.158069440,0,38,0,0,1,1,6,0,1,10,0,10,0,0000000,99,99,99,99,88,88,0,0,0,1,0
6,62133,2,2,0,0,0,5,5,79,0,5,11,2011,7,19,25,1,2,3,SR-46,,569,35.74125000,-120.253700000,0,12,6,0,1,1,1,0,2,10,0,10,0,0000000,99,99,99,99,99,99,0,0,0,1,0
6,62134,1,1,0,0,0,2,2,97,0,5,11,2011,7,23,45,0,5,4,PEPPER RD,,0,38.26708889,-122.771388890,0,38,0,0,1,1,4,0,2,10,0,10,0,0000000,99,99,99,99,88,88,0,0,0,2,1
6,62135,2,2,0,0,0,4,4,13,3010,6,11,2011,1,1,16,0,13,6,RICHMOND PARKWAY,,0,37.97395556,-122.367316670,0,12,7,0,1,1,1,0,2,10,0,10,0,0000000,99,99,99,99,99,99,0,0,0,1,0
6,62136,1,1,0,0,0,6,6,59,0,6,11,2011,1,1,45,0,2,4,SANTIAGO CANYON RD,,0,33.76796944,-117.723619440,0,33,0,0,1,1,4,0,2,10,0,10,0,0000000,99,99,99,99,99,99,0,0,0,1,1
6,62137,1,1,0,0,0,1,1,107,0,6,11,2011,1,4,45,0,4,4,AVENUE 232,,0,36.21048889,-119.449500000,0,30,0,0,1,1,4,0,2,10,0,10,0,0000000,99,99,99,99,88,88,0,0,0,1,1
6,62138,1,1,0,0,0,1,1,37,0,6,11,2011,1,7,45,1,2,3,SR-14,,389,34.45400000,-118.350900000,0,35,0,0,1,1,4,0,1,2,10,2,0,0000000,99,99,99,99,88,88,0,0,0,1,0
6,62139,1,1,0,0,0,1,1,5,0,6,11,2011,1,18,40,1,2,3,SR-88,,48,38.31363056,-120.946019440,0,38,0,0,1,1,4,0,2,1,0,1,0,0000000,99,99,99,99,99,99,0,0,0,1,0
6,62140,1,1,0,1,1,1,1,37,0,13,12,2011,3,13,50,1,2,3,SR-14,,310,34.40366944,-118.452511110,0,8,0,0,1,1,1,0,1,1,0,1,0,0000000,99,99,99,99,88,88,0,0,0,1,0
6,62141,1,1,0,1,1,3,3,39,0,13,12,2011,3,14,10,0,5,4,ROAD 426,,0,37.32658056,-119.644911110,0,9,0,0,1,1,1,0,1,1,0,1,0,0000000,99,99,99,99,99,99,0,0,0,1,0
6,62142,1,1,0,1,1,1,1,37,1980,13,12,2011,3,17,5,0,14,6,PICO BL,KENMORE AVE,0,34.04726667,-118.297150000,0,8,0,0,3,2,1,0,3,1,0,1,0,0000000,99,99,99,99,99,99,0,0,0,1,0
6,62143,1,1,0,3,3,1,1,111,1280,13,12,2011,3,19,5,0,13,3,SR-126,,213,34.39657500,-118.914983330,0,33,0,0,1,1,4,0,3,1,0,1,0,0000000,99,99,99,99,99,99,0,0,0,1,0
6,62144,1,1,0,1,1,1,1,89,0,14,12,2011,4,17,10,0,2,3,SR-299,5TH ST,918,41.00682778,-121.436969440,0,8,0,1,2,3,1,0,3,10,0,10,0,0000000,99,99,99,99,99,99,0,0,0,1,0
6,62145,2,2,0,0,0,3,3,73,710,13,12,2011,3,10,10,1,11,1,I-805,,62,32.62958056,-117.043950000,0,12,7,0,1,1,1,0,1,10,0,10,0,0000000,99,99,99,99,88,88,0,0,0,1,0
6,62146,1,1,0,0,0,5,5,77,3770,22,12,2011,5,0,26,0,15,6,BROOKSIDE RD,,0,37.98489444,-121.310772220,0,33,0,0,1,1,4,0,3,1,0,1,0,0000000,99,99,99,99,99,99,0,0,0,1,1
6,62147,1,1,0,1,1,1,1,37,0,15,12,2011,5,19,15,0,13,6,OLYMPIC BL,SIMMONS AVE,0,34.01385000,-118.146500000,0,8,0,0,3,2,1,0,3,10,0,10,0,0000000,99,99,99,99,99,99,0,0,0,1,0
6,62148,2,2,0,0,0,2,2,47,0,15,12,2011,5,22,25,0,4,4,CYPRESS AVE,FAIRLANE AVE,0,37.38751944,-120.622530560,0,12,6,0,2,2,1,0,3,10,0,10,0,0000000,99,99,99,99,88,88,0,0,0,1,0
6,62149,2,2,0,0,0,3,3,85,3340,20,1,2011,5,12,15,0,14,6,MERIDIAN AVE,RIDGEWOOD DR,0,37.24618056,-121.892458330,0,12,6,0,2,2,1,0,1,1,0,1,0,0000000,99,99,99,99,99,99,0,0,0,1,0
6,62150,5,5,0,0,0,10,10,71,1603,5,3,2011,7,20,56,0,13,6,BEAR VLY RD,,0,34.47058611,-117.330772220,0,12,7,0,8,1,1,0,3,1,0,1,0,0000000,99,99,99,99,99,99,0,0,0,1,0
6,62151,3,3,0,0,0,3,3,37,2645,3,9,2011,7,1,59,1,12,3,SR-14,,613,34.60170000,-118.142280560,0,12,6,0,1,1,1,0,2,1,0,1,0,0000000,99,99,99,99,99,99,23,0,0,1,0
6,62152,1,1,0,0,0,1,1,29,1000,22,10,2011,7,4,47,0,16,6,COUNTY DIRT RD,,0,35.79036944,-119.251930560,0,38,0,0,1,1,4,0,2,1,0,1,0,0000000,99,99,99,99,88,88,4,0,0,1,1
6,62153,2,2,0,0,0,6,6,29,0,23,10,2011,1,15,52,1,2,3,SR-58,,993,35.11036944,-118.325361110,0,12,1,0,1,1,1,0,1,1,0,1,0,0000000,99,99,99,99,99,99,0,0,0,1,0
6,62154,2,2,0,1,1,2,2,85,3340,9,11,2011,4,18,46,0,13,6,TULLY RD,LANAI AVE,0,37.32042500,-121.828883330,0,8,0,0,3,2,1,0,3,1,0,1,0,0000000,99,99,99,99,99,99,0,0,0,1,0
6,62155,1,1,0,0,0,2,2,85,1420,9,11,2011,4,23,19,0,15,6,ARROYO CIR,,0,37.02373611,-121.563155560,0,33,0,0,1,1,4,0,3,1,0,1,0,0000000,99,99,99,99,99,99,0,0,0,1,0
6,62156,2,2,0,0,0,4,4,71,4291,12,12,2011,2,16,46,0,15,6,BUENA VISTA DR,AVALON AVE,0,34.16398611,-116.387050000,0,12,6,0,2,2,1,0,2,2,5,2,0,0000000,99,99,99,99,99,99,0,0,0,1,0
6,62157,1,1,0,1,1,1,1,29,240,12,12,2011,2,20,0,0,13,6,PANAMA LN,,0,35.29589444,-119.011263890,0,8,0,0,1,1,1,0,3,10,0,10,0,0000000,99,99,99,99,88,88,0,0,0,1,0
6,62158,1,1,0,1,1,1,1,81,2625,22,12,2011,5,17,50,0,13,3,SR-35,HICKEY BLVD,279,37.66048611,-122.475802780,0,8,0,0,3,2,1,0,3,1,0,1,0,0000000,99,99,99,99,88,88,0,0,0,1,0
6,62159,2,2,0,0,0,5,5,37,2060,23,12,2011,6,15,19,0,13,6,SEPULVEDA BL,8TH ST,0,33.88375000,-118.396005560,0,12,6,0,2,2,1,0,1,1,0,1,0,0000000,99,99,99,99,99,99,0,0,0,1,0
6,62160,1,1,0,1,1,1,1,53,3654,2,6,2011,5,11,29,0,16,6,MARKET ST,MAIN,0,36.43251667,-121.332155560,0,9,0,0,3,2,1,0,1,1,0,1,0,0000000,99,99,99,99,99,99,0,0,0,1,0
6,62161,1,1,0,0,0,8,8,65,9997,4,7,2011,2,9,45,1,12,3,SR-60,,63,34.01431111,-117.450991670,0,1,0,0,1,1,1,0,1,1,0,1,0,0000000,99,99,99,99,99,99,0,0,0,2,0
6,62162,1,1,0,1,1,1,1,37,30,15,7,2011,6,13,3,0,14,6,NEW AVE,SHORE ST,0,34.08113333,-118.108400000,0,8,0,0,3,3,1,0,1,1,0,1,0,0000000,99,99,99,99,99,99,0,0,0,1,0
6,62163,1,1,0,0,0,4,4,65,9997,7,8,2011,1,15,39,1,12,3,SR-60,,42,34.01971944,-117.487830560,0,39,0,0,1,1,4,0,1,1,0,1,0,0000000,99,99,99,99,99,99,0,0,0,1,0
6,62164,1,1,0,1,1,5,5,77,3770,11,9,2011,1,4,48,0,13,6,CHARTER WY,,0,37.93482222,-121.304925000,0,15,0,0,1,1,1,0,3,1,0,1,0,0000000,99,99,99,99,88,88,0,0,0,1,0
6,62165,1,1,0,1,1,1,1,73,4060,27,10,2011,5,5,30,0,13,6,N MELROSE DR,,0,33.21725278,-117.256575000,0,8,0,0,1,1,1,0,1,1,0,1,0,0000000,99,99,99,99,88,88,0,0,0,1,0
6,62166,1,1,0,1,1,1,1,67,0,27,10,2011,5,13,20,0,2,4,HOWE AVE,,0,38.61269167,-121.415338890,0,8,0,0,1,1,1,0,1,1,0,1,0,0000000,99,99,99,99,99,99,0,0,0,1,0
6,62167,1,1,0,1,1,1,1,37,1980,31,10,2011,2,18,40,0,14,6,CHATSWORTH ST,GENESTA AVE,0,34.26488889,-118.504577780,0,8,0,0,3,2,1,0,3,1,0,1,0,0000000,99,99,99,99,99,99,0,0,0,1,0
6,62168,1,1,0,0,0,2,2,53,0,6,11,2011,1,3,15,0,4,4,ECHO VLY DR,LA ENCINA DR,0,36.82971111,-121.642988890,0,43,0,0,3,3,4,0,2,2,0,2,0,0000000,99,99,99,99,88,88,0,0,0,1,1
6,62169,1,1,0,1,1,1,1,37,480,9,11,2011,4,17,4,0,14,6,OLIVE AVE,,0,34.19194444,-118.296666670,0,8,0,0,1,1,1,0,5,1,0,1,0,0000000,99,99,99,99,99,99,0,0,0,1,0
6,62170,2,2,0,0,0,3,3,47,2150,27,12,2011,3,0,56,0,14,6,M ST,UNIVERSITY DR,0,37.33680833,-120.478269440,0,12,6,0,2,3,1,0,3,1,0,1,0,0000000,99,99,99,99,99,99,0,0,0,1,1
6,62171,1,1,0,1,1,1,1,97,3490,28,11,2011,2,18,45,0,14,6,FULTON RD,,0,38.44221667,-122.769680560,0,9,0,0,1,1,1,0,2,5,0,5,0,0000000,99,99,99,99,88,88,0,0,0,1,0
6,62172,1,1,0,1,1,1,1,67,3150,28,11,2011,2,21,36,0,13,6,19TH ST,S ST,0,38.58148889,-121.479352780,0,8,0,0,3,2,1,0,3,5,0,5,0,0000000,99,99,99,99,99,99,0,0,0,1,0
6,62173,1,1,0,0,0,2,2,77,0,1,12,2011,5,14,45,0,6,4,RIVER DR,,0,37.97976944,-121.335019440,0,3,0,0,1,1,5,0,1,1,0,1,0,0000000,99,99,99,99,99,99,0,0,0,1,0
6,62174,1,1,0,1,1,1,1,75,3290,24,12,2011,7,8,30,0,16,6,CESAR CHAVEZ ST,POTRERO AVE,0,37.74937500,-122.404905560,0,31,0,0,3,3,4,0,1,1,0,1,0,0000000,99,99,99,99,88,88,0,0,0,1,0
6,62175,1,1,0,0,0,1,1,73,3260,24,12,2011,7,99,99,1,11,1,I-5,,214,32.77850000,-117.208869440,0,42,0,0,1,1,4,0,1,1,0,1,0,0000000,99,99,99,99,88,88,0,0,0,1,0
6,62176,1,1,0,1,1,1,1,65,9997,25,12,2011,1,23,0,1,12,3,SR-60,,11,34.01931944,-117.540650000,0,8,0,0,1,1,1,0,3,1,0,1,0,0000000,99,99,99,99,88,88,0,0,0,1,0
6,62177,1,1,0,0,0,1,1,73,0,26,12,2011,2,11,0,1,2,3,SR-4,,328,32.61641944,-116.727230560,0,1,0,0,1,1,1,0,1,1,0,1,0,0000000,99,99,99,99,88,88,0,0,0,1,0
6,62178,1,1,0,1,1,1,1,7,2600,28,11,2011,2,6,28,0,14,6,NELSON AVE,,0,39.52410000,-121.564661110,0,8,0,0,1,1,1,0,3,1,0,1,0,0000000,99,99,99,99,99,99,0,0,0,1,0
6,62179,1,1,0,0,0,1,1,115,0,28,12,2011,4,14,4,0,4,4,HAMMONTON SMARTS RD,,0,39.14213889,-121.512911110,0,1,0,0,1,1,4,0,1,10,0,10,0,0000000,99,99,99,99,99,99,0,0,0,1,0