STATE,ST_CASE,VE_TOTAL,VE_FORMS,PVH_INVL,PEDS,PERNOTMVIT,PERMVIT,PERSONS,COUNTY,CITY,DAY,MONTH,YEAR,DAY_WEEK,HOUR,MINUTE,NHS,ROAD_FNC,ROUTE,TWAY_ID,TWAY_ID2,MILEPT,LATITUDE,LONGITUD,SP_JUR,HARM_EV,MAN_COLL,RELJCT1,RELJCT2,TYP_INT,REL_ROAD,WRK_ZONE,LGT_COND,WEATHER1,WEATHER2,WEATHER,SCH_BUS,RAIL,NOT_HOUR,NOT_MIN,ARR_HOUR,ARR_MIN,HOSP_HR,HOSP_MN,CF1,CF2,CF3,FATALS,DRUNK_DR
6,62180,1,1,0,0,0,1,1,109,0,30,12,2011,6,16,18,0,4,4,TUOLUMNE RD,,0,37.99445000,-120.236430560,0,39,0,0,1,1,4,0,1,10,0,10,0,0000000,99,99,99,99,88,88,0,0,0,1,1
6,62181,1,1,0,1,1,1,1,37,2260,4,11,2011,6,6,30,0,14,6,N YNEZ AVE,,0,34.06822500,-118.129194440,0,8,0,0,1,1,1,0,3,2,0,2,0,0000000,99,99,99,99,88,88,0,0,0,1,0
6,62182,1,1,0,1,1,2,2,59,80,4,11,2011,6,18,55,0,13,6,W LINCOLN AVE,,0,33.83204167,-118.004766670,0,8,0,0,1,1,1,0,3,10,0,10,0,0000000,99,99,99,99,99,99,0,0,0,1,0
6,62183,1,1,0,1,1,3,3,47,190,4,11,2011,6,22,46,0,13,6,WINTON WY,FRUITLAND AVE,0,37.36463333,-120.613844440,0,8,0,0,1,1,1,0,3,1,0,1,0,0000000,99,99,99,99,99,99,0,0,0,1,0
6,62184,1,1,0,1,1,1,1,67,3150,5,11,2011,7,0,10,0,15,6,MAIN AVE,,0,38.65508889,-121.465552780,0,8,0,0,1,1,1,0,3,1,0,1,0,0000000,99,99,99,99,99,99,0,0,0,1,1
6,62185,1,1,0,1,1,1,1,65,0,21,12,2011,4,17,38,1,2,3,SR-74,TRUELSON AVE,346,33.73923056,-117.072650000,0,8,0,0,2,2,1,0,3,1,0,1,0,0000000,99,99,99,99,88,88,0,0,0,1,0
6,62186,1,1,0,1,1,1,1,77,0,21,12,2011,4,21,34,0,4,4,AUSTIN RD,,0,37.75688889,-121.178969440,0,9,0,0,1,1,1,0,2,1,0,1,0,0000000,99,99,99,99,99,99,0,0,0,1,0
6,62187,2,2,0,1,1,2,2,59,1410,31,12,2011,7,1,20,0,13,6,WESTMINSTER AVE,,0,33.75948611,-117.960502780,0,8,0,0,1,1,1,0,3,5,0,5,0,0000000,99,99,99,99,99,99,0,0,0,1,0
6,62188,1,1,0,0,0,1,1,65,0,31,12,2011,7,9,5,0,2,3,SR-74,,16,33.60316944,-117.451350000,0,1,0,0,1,1,1,0,1,1,0,1,0,0000000,99,99,99,99,99,99,0,0,0,1,0
6,62189,1,1,0,0,0,2,2,29,3600,31,12,2011,7,11,30,0,13,6,E LERDO HWY,,0,35.49973056,-119.241161110,0,42,0,0,1,1,3,0,1,1,0,1,0,0000000,99,99,99,99,99,99,0,0,0,1,0
6,62190,1,1,0,0,0,1,1,79,0,7,11,2011,2,8,18,1,2,2,US-101,,315,35.30026944,-120.625861110,0,38,0,0,1,1,4,0,1,1,0,1,0,0000000,99,99,99,99,88,88,0,0,0,1,0
6,62191,3,3,0,0,0,5,5,67,3150,7,11,2011,2,9,45,1,11,1,I-5,,256,38.60900278,-121.509502780,0,12,6,0,1,1,1,0,1,1,0,1,0,0000000,99,99,99,99,99,99,0,0,0,1,0
6,62192,2,2,0,0,0,4,4,19,0,7,11,2011,2,11,17,0,2,4,CHESTNUT AVE,JEFFERSON AVE,0,36.65615833,-119.736761110,0,12,1,0,2,2,1,0,1,1,0,1,0,0000000,99,99,99,99,99,99,0,0,0,1,0
6,62193,2,2,0,0,0,3,3,13,975,7,11,2011,2,16,19,0,14,6,SYCAMORE VALLEY RD,BROOKSIDE DR,0,37.81143333,-121.987263890,0,12,6,0,2,2,1,0,1,1,0,1,0,0000000,99,99,99,99,99,99,0,0,0,2,0
6,62194,2,2,0,0,0,3,3,65,1580,8,11,2011,3,6,46,0,13,6,WARREN RD,,0,33.75802500,-117.036252780,0,12,2,0,1,1,1,0,1,1,0,1,0,0000000,99,99,99,99,99,99,0,0,0,2,0
6,62195,1,1,0,0,0,1,1,99,0,8,11,2011,3,7,40,1,2,3,SR-99,,138,37.61603056,-120.982600000,0,34,0,0,1,1,3,0,1,1,0,1,0,0000000,99,99,99,99,99,99,0,0,0,1,0
6,62196,2,2,0,0,0,2,2,37,1980,8,11,2011,3,15,5,0,13,6,EAGLER ROCK BLVD,AVENUE 45,0,34.12607500,-118.219161110,0,12,6,0,2,2,1,0,1,1,0,1,0,0000000,99,99,99,99,99,99,0,0,0,1,1
6,62197,2,2,0,0,0,2,2,73,0,8,11,2011,3,15,40,0,4,4,MONTE VISTA DR,,0,33.19021111,-117.202050000,0,1,0,0,8,1,1,0,1,1,0,1,0,0000000,99,99,99,99,99,99,0,0,0,1,0
6,62198,1,1,0,0,0,1,1,29,0,9,11,2011,4,99,99,0,2,4,ALLEN RD,HAGEMAN RD,0,35.39965000,-119.145511110,0,25,0,0,3,3,4,1,2,1,0,1,0,0000000,99,99,99,99,88,88,0,0,0,1,1
6,62199,7,7,0,0,0,9,9,37,1980,9,11,2011,4,17,20,1,11,1,I-110,,173,33.97983333,-118.280908330,0,12,1,0,1,1,1,0,2,1,0,1,0,0000000,99,99,99,99,99,99,0,0,0,1,0
6,62200,2,2,0,0,0,3,3,59,0,9,11,2011,4,18,30,0,2,4,BREA BLVD,,0,33.94301111,-117.873500000,0,12,6,0,1,1,1,0,5,1,0,1,0,0000000,99,99,99,99,99,99,0,0,0,1,0
6,62201,1,1,0,0,0,2,2,25,0,9,11,2011,4,18,55,0,2,4,VAN BUREN AVE,,0,33.27715000,-115.964919440,0,1,0,0,8,1,1,0,3,1,0,1,0,0000000,99,99,99,99,99,99,0,0,0,1,1
6,62202,2,2,0,0,0,3,3,37,810,10,11,2011,5,0,13,1,11,1,I-105,,151,33.91241944,-118.152380560,0,12,1,0,1,1,1,2,3,1,0,1,0,0000000,99,99,99,99,99,99,0,0,0,1,0
6,62203,1,1,0,0,0,2,2,73,0,10,11,2011,5,6,53,1,1,1,I-8,,251,32.85680000,-116.825761110,0,38,0,0,1,1,4,0,1,10,0,10,0,0000000,99,99,99,99,99,99,0,0,0,1,0
6,62204,3,3,0,0,0,3,3,37,1045,10,11,2011,5,9,19,1,11,1,I-605,,93,33.93583889,-118.099788890,0,1,0,0,1,1,1,0,1,1,0,1,0,0000000,99,99,99,99,88,88,0,0,0,1,0
6,62205,1,1,0,0,0,2,2,7,0,10,11,2011,5,12,47,1,12,3,SR-99,,255,39.66063333,-121.737388890,0,1,0,0,1,1,3,0,1,1,0,1,0,0000000,99,99,99,99,99,99,0,0,0,1,0
6,62206,2,2,0,0,0,2,2,73,1080,10,11,2011,5,20,40,1,11,1,I-8 RAMP,,160,32.80286111,-116.957719440,0,12,7,0,5,1,1,0,3,1,0,1,0,0000000,99,99,99,99,99,99,0,0,0,1,0
6,62207,1,1,0,0,0,3,3,73,710,11,11,2011,6,1,5,0,13,6,HUNTE PARKWAY,EASTLAKE PARKWAY,0,32.61318056,-116.959177780,0,38,0,0,3,2,4,0,3,1,0,1,0,0000000,99,99,99,99,99,99,0,0,0,1,1
6,62208,2,1,1,0,0,1,1,73,710,11,11,2011,6,22,17,0,15,6,E NAPLES ST,FOXBORO AVE,0,32.62348333,-117.034275000,0,33,0,0,3,3,4,0,3,1,0,1,0,0000000,99,99,99,99,88,88,0,0,0,1,0
6,62209,1,1,0,0,0,1,1,37,1980,11,11,2011,6,3,5,0,14,6,SUNSET BLVD,,0,34.07643333,-118.454833330,0,33,0,0,1,1,4,0,3,1,0,1,0,0000000,99,99,99,99,88,88,0,0,0,1,1
6,62210,1,1,0,0,0,4,4,65,0,11,11,2011,6,20,40,0,3,4,IOWA AVE,,0,34.01846111,-117.339769440,0,43,0,0,1,1,5,0,3,10,0,10,0,0000000,99,99,99,99,99,99,0,0,0,1,1
6,62211,1,1,0,0,0,1,1,71,0,11,11,2011,6,99,99,0,4,4,AMBOY RD,,0,34.16551944,-115.757980560,0,1,0,0,1,1,4,0,2,10,0,10,0,0000000,99,99,99,99,88,88,0,0,0,1,1
6,62212,1,1,0,1,1,0,0,13,3400,11,11,2011,6,5,51,0,13,6,SAN PABLO DAM RD,,0,37.95423889,-122.331511110,0,43,0,0,1,1,3,0,3,1,0,1,0,0000000,99,99,99,99,88,88,17,0,0,1,0
6,62213,1,1,0,0,0,3,3,73,0,13,11,2011,1,15,18,0,4,4,ASHLEY RD,,0,33.03533056,-116.857819440,0,59,0,0,1,1,4,0,1,1,0,1,0,0000000,99,99,99,99,99,99,0,0,0,1,1
6,62214,1,1,0,0,0,1,1,73,1080,14,11,2011,2,17,30,0,14,6,CUYAMACA,WELD,0,32.82764167,-116.983819440,0,33,0,0,3,2,4,0,3,10,0,10,0,0000000,99,99,99,99,99,99,0,0,0,1,0
6,62215,1,1,0,0,0,2,2,65,3070,14,11,2011,2,17,44,0,14,6,JURUPA AVE,,0,33.96288056,-117.435338890,0,33,0,0,1,1,4,0,3,1,0,1,0,0000000,99,99,99,99,99,99,0,0,0,2,1
6,62216,2,1,1,0,0,1,1,59,2400,14,11,2011,2,18,52,0,14,6,NEWPORT BLVD,,0,33.61196389,-117.929075000,0,14,0,0,1,1,7,0,3,1,0,1,0,0000000,99,99,99,99,99,99,0,0,0,1,0
6,62217,2,2,0,0,0,3,3,37,2645,14,11,2011,2,23,13,0,14,6,AVENUE S,55TH ST E,0,34.55800000,-118.031613890,0,12,6,0,2,3,1,0,3,1,0,1,0,0000000,99,99,99,99,88,88,0,0,0,1,0
6,62218,2,2,0,0,0,2,2,65,612,15,11,2011,3,6,25,1,11,1,I-10,,394,33.85006944,-116.459700000,0,12,1,0,1,1,1,1,4,1,0,1,0,0000000,99,99,99,99,99,99,0,0,0,1,0
6,62219,1,1,0,0,0,2,2,23,0,15,11,2011,3,18,29,1,2,2,US-101,,644,40.65099722,-124.211572220,0,42,0,0,1,1,4,0,2,1,0,1,0,0000000,99,99,99,99,88,88,0,0,0,2,0
6,62220,4,1,3,0,0,2,2,37,0,15,11,2011,3,23,15,0,6,4,GRETNA AVE,ROSE HEDGE DR,0,33.97680833,-118.059100000,0,58,0,0,2,2,1,0,3,1,0,1,0,0000000,99,99,99,99,99,99,6,0,0,1,1
6,62221,2,2,0,0,0,2,2,77,3770,16,11,2011,4,1,33,1,11,1,I-5,,247,37.92701111,-121.294411110,0,12,1,0,1,1,1,0,2,1,0,1,0,0000000,99,99,99,99,99,99,0,0,0,1,1
6,62222,2,2,0,0,0,2,2,37,155,16,11,2011,4,4,55,1,12,3,SR-91,,185,33.91359722,-118.076227780,0,12,1,0,1,1,1,0,2,1,0,1,0,0000000,99,99,99,99,99,99,0,0,0,1,0
6,62223,2,2,0,0,0,2,2,73,0,16,11,2011,4,5,42,1,11,1,I-8,,305,32.83435000,-116.746719440,0,12,1,0,1,1,1,0,2,1,0,1,0,0000000,99,99,99,99,88,88,0,0,0,1,1
6,62224,1,1,0,0,0,1,1,55,0,16,11,2011,4,99,99,0,4,4,PETRIFIED FOREST RD,,0,38.57056944,-122.626630560,0,42,0,0,1,1,4,0,1,1,0,1,0,0000000,99,99,99,99,88,88,0,0,0,1,0
6,62225,2,2,0,0,0,2,2,81,3220,17,11,2011,5,3,54,1,11,1,I-380,EL CAMINO REAL,189,37.63409444,-122.419855560,0,12,6,1,5,1,1,0,3,1,0,1,0,0000000,99,99,99,99,88,88,0,0,0,1,1
6,62226,2,2,0,0,0,2,2,73,0,17,11,2011,5,13,3,0,12,3,SR-67,,92,32.90600000,-116.941800000,0,12,2,0,1,1,1,0,1,1,0,1,0,0000000,99,99,99,99,99,99,0,0,0,1,0
6,62227,2,2,0,0,0,2,2,37,2645,17,11,2011,5,15,10,0,15,6,SIERRA HIGHWAY,,0,34.57359167,-118.115672220,0,12,8,0,8,1,1,0,1,1,0,1,0,0000000,99,99,99,99,99,99,0,0,0,1,0
6,62228,2,2,0,0,0,3,3,115,0,17,11,2011,5,18,29,1,2,3,SR-20,MARYSVILLE RD,133,39.22783889,-121.413988890,0,12,6,0,2,3,1,0,3,1,0,1,0,0000000,99,99,99,99,99,99,0,0,0,1,1
6,62229,2,2,0,0,0,4,4,67,3150,17,11,2011,5,22,25,0,15,6,DRY CREEK RD,PINEDALE AVE,0,38.66014167,-121.438372220,0,12,6,0,2,3,1,0,3,1,0,1,0,0000000,99,99,99,99,99,99,0,0,0,1,0
6,62230,2,2,0,0,0,5,5,65,0,18,11,2011,6,11,0,1,2,3,SR-86,81ST AVE,39,33.46251944,-116.091161110,0,12,6,0,2,2,1,0,1,1,0,1,0,0000000,99,99,99,99,99,99,0,0,0,1,0
6,62231,3,2,1,0,0,4,4,37,1980,18,11,2011,6,22,10,0,15,6,DE SOTO AVE,,0,34.23344444,-118.588550000,0,14,0,0,1,1,7,0,3,1,0,1,0,0000000,99,99,99,99,88,88,0,0,0,1,1
6,62232,2,2,0,0,0,4,4,73,0,19,11,2011,7,1,50,1,1,1,I-15,,447,33.30753056,-117.150388890,0,12,1,0,1,1,1,0,2,1,0,1,0,0000000,99,99,99,99,99,99,0,0,0,1,1
6,62233,1,1,0,0,0,1,1,85,3790,19,11,2011,7,13,44,1,12,2,US-101,,438,37.39136111,-121.994550000,0,35,0,1,5,1,4,0,1,1,0,1,0,0000000,99,99,99,99,88,88,0,0,0,1,0
6,62234,1,1,0,0,0,3,3,29,0,19,11,2011,7,22,42,1,1,1,I-5,,658,35.53596944,-119.573580560,0,1,0,0,1,1,4,0,2,1,0,1,0,0000000,99,99,99,99,99,99,0,0,0,1,0
6,62235,2,2,0,0,0,3,3,65,0,19,11,2011,7,23,25,0,2,4,GRAPEFRUIT BLVD,62ND AVE,0,33.59853889,-116.103269440,0,12,6,0,2,2,1,0,3,1,0,1,0,0000000,99,99,99,99,88,88,0,0,0,2,1
6,62236,1,1,0,0,0,4,4,37,0,19,11,2011,7,23,35,0,4,4,HASLEY CANYON RD,,0,34.45305000,-118.631400000,0,33,0,0,1,1,4,0,3,10,2,2,0,0000000,99,99,99,99,99,99,0,0,0,2,1
6,62237,1,1,0,0,0,3,3,71,2550,20,11,2011,1,3,9,1,11,1,I-10,,109,34.06754167,-117.553250000,0,1,0,0,1,1,3,0,2,1,0,1,0,0000000,99,99,99,99,99,99,0,0,0,2,0
6,62238,1,1,0,0,0,2,2,95,0,20,11,2011,1,23,25,1,11,1,I-80,,437,38.52975000,-121.754600000,0,42,0,0,1,1,4,0,3,1,0,1,0,0000000,99,99,99,99,99,99,0,0,0,1,0
6,62239,2,2,0,0,0,2,2,19,1370,21,11,2011,2,2,49,0,15,6,BRAWLEY AVE,,0,36.81307222,-119.862513890,0,12,6,0,8,1,1,0,3,1,0,1,0,0000000,99,99,99,99,88,88,0,0,0,1,0
6,62240,1,1,0,1,1,3,3,111,4027,3,4,2011,1,2,35,0,16,6,FIR ST (ALY),POLI ST,0,34.28201389,-119.290791670,0,8,0,0,1,1,1,0,2,1,0,1,0,0000000,99,99,99,99,88,88,4,0,0,1,1
6,62241,1,1,0,2,2,2,2,29,240,21,5,2011,7,1,23,0,13,6,COFFEE RD,STOCKDALE HWY,0,35.35460833,-119.092380560,0,8,0,0,3,2,1,0,3,1,0,1,0,0000000,99,99,99,99,88,88,0,0,0,1,1
6,62242,4,4,0,0,0,6,6,71,1603,2,7,2011,7,19,46,0,13,6,MAIN ST,,0,34.42670000,-117.354447220,0,12,8,0,1,1,1,0,1,1,0,1,0,0000000,99,99,99,99,99,99,0,0,0,1,0
6,62243,2,2,0,0,0,5,5,1,2480,27,7,2011,4,1,6,0,14,6,HIGH ST,FLEMING AVE,0,37.78374444,-122.201794440,0,12,6,0,3,3,1,0,3,1,0,1,0,0000000,99,99,99,99,99,99,0,0,0,1,1
6,62244,2,2,0,0,0,2,2,37,1970,28,7,2011,5,8,39,0,13,3,SR-1,,78,33.78987778,-118.215083330,0,12,6,0,8,1,1,0,1,10,0,10,0,0000000,99,99,99,99,99,99,0,0,0,1,0
6,62245,2,2,0,0,0,2,2,53,3180,15,10,2011,7,15,40,0,13,6,N MAIN ST,,0,36.68568056,-121.652833330,0,12,6,0,8,1,1,0,1,1,0,1,0,0000000,99,99,99,99,99,99,0,0,0,1,0
6,62246,1,1,0,1,1,1,1,71,1305,3,12,2011,7,17,54,0,13,6,SIERRA AVE,REED ST (N),0,34.10981389,-117.435816670,0,8,0,0,2,3,1,0,3,1,0,1,0,0000000,99,99,99,99,99,99,0,0,0,1,0
6,62247,2,2,0,0,0,2,2,77,0,4,12,2011,1,2,15,1,12,3,SR-120,,49,37.78343889,-121.222138890,0,12,6,0,1,1,1,0,3,1,0,1,0,0000000,99,99,99,99,99,99,19,23,0,1,1
6,62248,1,1,0,0,0,1,1,71,0,21,12,2011,4,0,9,1,1,1,I-15,,1796,35.51561944,-115.430811110,0,33,0,0,1,1,4,0,2,1,0,1,0,0000000,99,99,99,99,88,88,0,0,0,1,0
6,62249,1,1,0,1,1,1,1,37,1980,12,12,2011,2,22,30,0,13,6,WESTERN AVE,83RD ST,0,33.96354722,-118.309011110,0,8,0,0,3,2,1,0,3,10,0,10,0,0000000,99,99,99,99,88,88,0,0,0,1,0
6,62250,1,1,0,1,1,1,1,29,240,21,12,2011,4,18,27,0,13,6,GOSFORD RD,WHITE LN,0,35.31816389,-119.092063890,0,8,0,0,3,2,1,0,3,1,0,1,0,0000000,99,99,99,99,99,99,0,0,0,1,0
6,62251,2,2,0,0,0,4,4,71,0,22,12,2011,5,12,15,1,2,3,SR-62,,40,34.07461111,-116.543730560,0,12,2,0,1,1,1,0,1,1,0,1,0,0000000,99,99,99,99,99,99,0,0,0,1,0
6,62252,4,1,3,0,0,2,2,29,0,24,12,2011,7,22,50,0,4,4,S UNION AVE,,0,35.33473056,-119.003188890,0,19,0,0,1,1,5,0,3,1,0,1,0,0000000,99,99,99,99,99,99,0,0,0,1,1
6,62253,2,2,0,0,0,2,2,65,0,26,12,2011,2,11,16,0,2,4,DOMENIGONI PKWY,,0,33.69253889,-117.127750000,0,12,2,0,1,1,1,0,1,1,0,1,0,0000000,99,99,99,99,99,99,0,0,0,1,1
6,62254,2,2,0,0,0,2,2,71,3,26,12,2011,2,12,10,1,12,3,SR-395,,143,34.55133333,-117.402947220,0,12,2,0,1,1,1,0,1,1,0,1,0,0000000,99,99,99,99,99,99,0,0,0,1,0
6,62255,1,1,0,0,0,2,2,29,0,26,12,2011,2,14,35,1,2,3,SR-178,,238,35.54373889,-118.618200000,0,1,0,0,1,1,5,0,1,1,0,1,0,0000000,99,99,99,99,99,99,0,0,0,1,0
6,62256,1,1,0,1,1,1,1,37,1980,26,12,2011,2,17,15,0,13,6,BROADWAY,56TH ST,0,33.99146389,-118.278325000,0,9,0,0,3,2,1,0,3,1,0,1,0,0000000,99,99,99,99,99,99,0,0,0,1,0
6,62257,2,2,0,1,1,2,2,1,1364,26,12,2011,2,19,42,0,14,6,ARDENWOOD BL,,0,37.55121944,-122.051102780,0,8,0,0,1,1,1,0,3,1,0,1,0,0000000,99,99,99,99,99,99,0,0,0,1,0
6,62258,2,2,0,1,1,2,2,85,3340,18,11,2011,6,18,39,0,13,6,STORY RD,GRIFFITH RD,0,37.35748611,-121.817227780,0,8,0,0,3,3,1,0,3,2,0,2,0,0000000,99,99,99,99,88,88,0,0,0,1,0
6,62259,1,1,0,1,1,1,1,85,1420,27,12,2011,3,1,50,1,12,2,US-101,,93,37.04586944,-121.578500000,0,8,0,0,1,1,1,0,2,1,0,1,0,0000000,99,99,99,99,88,88,0,0,0,1,0
6,62260,2,1,1,0,0,1,1,73,0,27,12,2011,3,11,34,0,6,4,BUTTERNUT HOLLOW LN,,0,32.67281111,-117.030861110,0,53,0,0,1,1,5,0,1,1,0,1,0,0000000,99,99,99,99,88,88,14,0,0,1,0
6,62261,2,2,0,0,0,3,3,111,4027,30,12,2011,6,9,39,0,13,6,HARBOR BL,,0,34.27125556,-119.276066670,0,12,6,0,1,1,1,0,1,1,0,1,0,0000000,99,99,99,99,99,99,0,0,0,1,1
6,62262,1,1,0,0,0,1,1,35,0,30,12,2011,6,11,0,0,2,3,SR-139,,65,40.45926111,-120.581469440,0,31,0,0,1,1,4,0,1,10,0,10,0,0000000,99,99,99,99,88,88,0,0,0,1,0
6,62263,2,2,0,0,0,3,3,33,0,29,8,2011,2,10,35,0,4,4,SODA BAY RD,PARK DR,0,39.01123056,-122.847600000,0,12,6,0,2,2,1,0,1,1,0,1,0,0000000,99,99,99,99,99,99,0,0,0,1,0
6,62264,3,3,0,0,0,3,3,81,2140,25,9,2011,1,5,32,1,12,2,US-101,,36,37.48309722,-122.180300000,0,12,1,1,18,1,1,0,3,10,0,10,0,0000000,99,99,99,99,88,88,0,0,0,1,0
6,62265,2,1,1,0,0,2,2,111,4027,8,10,2011,7,23,28,0,14,6,THOMPSON BLVD,,0,34.27423333,-119.269708330,0,14,0,0,1,1,4,0,3,1,0,1,0,0000000,99,99,99,99,99,99,0,0,0,1,1
6,62266,2,2,0,0,0,5,5,57,2360,31,10,2011,2,18,51,0,16,6,GROVE ST,,0,39.26425556,-121.011661110,0,12,2,0,1,1,1,0,5,1,0,1,0,0000000,99,99,99,99,99,99,0,0,0,1,1
6,62267,2,2,0,0,0,3,3,67,712,17,11,2011,5,10,0,0,13,6,MADISON AVE,MARIPOSA AVE,0,38.66371944,-121.284597220,0,12,6,0,2,2,1,0,1,1,0,1,0,0000000,99,99,99,99,99,99,0,0,0,1,0
6,62268,2,2,0,0,0,4,4,37,0,19,11,2011,7,22,12,0,14,6,INGLEWOOD AVE,IMPERIAL HIGHWAY,0,33.93096111,-118.361350000,0,12,6,0,2,2,1,0,3,10,0,10,0,0000000,99,99,99,99,99,99,0,0,0,1,0
6,62269,2,2,0,0,0,3,3,1,10,23,11,2011,4,18,20,1,11,1,I-680,,2,37.46635000,-121.905500000,0,12,1,1,18,1,1,0,2,1,0,1,0,0000000,99,99,99,99,99,99,0,0,0,1,1
6,62270,1,1,0,1,1,1,1,37,1980,24,11,2011,5,2,10,0,13,3,SR-1,,374,34.03078889,-118.524077780,0,8,0,0,1,1,1,0,2,1,0,1,0,0000000,99,99,99,99,99,99,0,0,0,1,0
6,62271,1,1,0,1,1,1,1,37,1980,1,12,2011,5,10,25,0,14,6,PARTHENIA ST,LOUISE AVE,0,34.22855000,-118.509827780,0,8,0,0,3,2,1,0,1,1,0,1,0,0000000,99,99,99,99,99,99,0,0,0,1,0
6,62272,5,5,0,0,0,5,5,85,1975,6,12,2011,3,11,46,0,15,6,FOOTHILL EXPRESSWAY,CRISTO REY,0,37.33144444,-122.069113890,0,12,6,0,2,2,1,0,1,1,0,1,0,0000000,99,99,99,99,99,99,14,0,0,1,0
6,62273,2,2,0,0,0,3,3,107,0,9,12,2011,6,23,0,1,2,3,SR-99,,72,35.89266389,-119.274550000,0,12,7,0,1,1,1,0,3,1,0,1,0,0000000,99,99,99,99,99,99,0,0,0,1,1
6,62274,2,2,0,0,0,5,5,29,240,14,12,2011,4,13,4,0,14,6,TRUXTUN AVE,WESTWIND DR,0,35.37390278,-119.042516670,0,12,2,0,2,3,1,0,1,1,0,1,0,0000000,99,99,99,99,99,99,0,0,0,2,0
6,62275,1,1,0,0,0,1,1,81,0,19,12,2011,2,1,16,1,1,1,I-280,,48,37.56933611,-122.395883330,0,42,0,1,18,1,8,0,3,1,0,1,0,0000000,99,99,99,99,88,88,0,0,0,1,1
6,62276,1,1,0,1,1,1,1,85,0,19,12,2011,2,5,50,0,2,3,SR-130,SUNNYSLOPE AVE,76,37.37131944,-121.824013890,0,8,0,0,3,3,1,0,3,1,0,1,0,0000000,99,99,99,99,99,99,0,0,0,1,0
6,62277,1,1,0,1,1,1,1,67,0,19,12,2011,2,21,0,0,2,4,FULTON AVE,,0,38.58529167,-121.401475000,0,8,0,0,1,1,1,0,2,1,0,1,0,0000000,99,99,99,99,99,99,0,0,0,1,0
6,62278,1,1,0,1,1,1,1,111,4027,21,12,2011,4,6,25,0,14,6,VENTURA AVE,SHOSHONE ST,0,34.30392500,-119.293966670,0,8,0,0,3,2,1,0,3,1,0,1,0,0000000,99,99,99,99,88,88,0,0,0,1,0
6,62279,1,1,0,1,1,1,1,37,3105,21,12,2011,4,7,36,0,14,6,MISSION DR,IVAR AVE,0,34.08515000,-118.075561110,0,8,0,0,3,3,1,0,1,1,0,1,0,0000000,99,99,99,99,99,99,0,0,0,1,0
6,62280,1,1,0,1,1,1,1,37,0,21,12,2011,4,15,0,0,3,4,PACIFIC BLVD,FLORENCE AVE,0,33.97422222,-118.225227780,0,8,0,0,3,2,1,0,1,1,0,1,0,0000000,99,99,99,99,99,99,0,0,0,1,0
6,62281,1,1,0,0,0,1,1,27,0,9,12,2011,6,16,0,0,6,4,CHALK BLUFF RD,,0,37.41791944,-118.424080560,0,1,0,0,1,1,1,0,1,1,0,1,0,0000000,99,99,99,99,99,99,0,0,0,1,1
6,62282,2,2,0,0,0,3,3,97,0,9,12,2011,6,17,10,0,2,3,SR-12,,285,38.39475000,-122.532933330,0,12,6,0,1,1,1,0,5,1,0,1,0,0000000,99,99,99,99,99,99,0,0,0,1,0
6,62283,5,5,0,0,0,10,10,73,1820,9,12,2011,6,17,35,0,12,3,SR-125,,154,32.77665833,-117.003513890,0,12,7,0,1,1,1,0,2,1,0,1,0,0000000,99,99,99,99,88,88,0,0,0,2,1
6,62284,1,1,0,0,0,1,1,37,1980,9,12,2011,6,23,8,1,12,3,SR-118,,67,34.27783056,-118.520750000,0,33,0,0,1,1,4,0,2,10,0,10,0,0000000,99,99,99,99,88,88,0,0,0,1,0
6,62285,1,1,0,0,0,2,2,37,2645,10,12,2011,7,1,50,0,14,6,10TH ST W,AVENUE M-14,0,34.63303333,-118.147708330,0,33,0,0,3,3,4,0,3,1,0,1,0,0000000,99,99,99,99,99,99,0,0,0,1,1
6,62286,1,1,0,0,0,1,1,37,1980,10,12,2011,7,2,56,1,12,2,US-101,,129,34.15458056,-118.399050000,0,1,0,0,1,1,1,0,3,1,0,1,0,0000000,99,99,99,99,88,88,0,0,0,1,1
6,62287,1,1,0,0,0,1,1,13,0,10,12,2011,7,6,30,0,2,4,TREAT BLVD,CHERRY LN,0,37.92633889,-122.050986110,0,33,0,0,3,2,4,0,3,1,0,1,0,0000000,99,99,99,99,99,99,0,0,0,1,0
6,62288,2,2,0,0,0,3,3,25,440,10,12,2011,7,8,50,1,12,3,SR-78,SR-111,150,32.97848056,-115.501280560,0,12,6,1,2,2,1,0,1,1,0,1,0,0000000,99,99,99,99,99,99,0,0,0,2,0
6,62289,1,1,0,0,0,1,1,67,0,10,12,2011,7,9,15,0,13,4,FLORIN RD,TOKAY AVE,0,38.49603333,-121.398605560,0,43,0,0,3,3,4,0,1,1,0,1,0,0000000,99,99,99,99,99,99,0,0,0,1,0