STATE,ST_CASE,VE_TOTAL,VE_FORMS,PVH_INVL,PEDS,PERNOTMVIT,PERMVIT,PERSONS,COUNTY,CITY,DAY,MONTH,YEAR,DAY_WEEK,HOUR,MINUTE,NHS,ROAD_FNC,ROUTE,TWAY_ID,TWAY_ID2,MILEPT,LATITUDE,LONGITUD,SP_JUR,HARM_EV,MAN_COLL,RELJCT1,RELJCT2,TYP_INT,REL_ROAD,WRK_ZONE,LGT_COND,WEATHER1,WEATHER2,WEATHER,SCH_BUS,RAIL,NOT_HOUR,NOT_MIN,ARR_HOUR,ARR_MIN,HOSP_HR,HOSP_MN,CF1,CF2,CF3,FATALS,DRUNK_DR
6,62290,4,2,2,0,0,2,2,7,0,10,12,2011,7,14,7,0,13,3,SR-32,W 5TH ST,86,39.72199722,-121.847327780,0,12,6,0,2,2,1,0,1,1,0,1,0,0000000,99,99,99,99,99,99,0,0,0,1,0
6,62291,1,1,0,0,0,1,1,73,3260,10,12,2011,7,14,47,0,15,6,GOVERNOR DR,,0,32.85148056,-117.218866670,0,33,0,0,1,1,3,0,1,1,0,1,0,0000000,99,99,99,99,88,88,0,0,0,1,0
6,62292,1,1,0,0,0,2,2,107,0,10,12,2011,7,22,0,1,2,3,SR-198,CRAIG RANCH RD,413,36.45976111,-118.871380560,0,59,0,0,3,3,4,0,2,1,0,1,0,0000000,99,99,99,99,99,99,0,0,0,1,1
6,62293,1,1,0,0,0,4,4,29,0,11,12,2011,1,13,10,1,1,1,I-5,,353,35.15274167,-119.100816670,0,1,0,0,1,1,1,0,1,1,0,1,0,0000000,99,99,99,99,99,99,0,0,0,1,1
6,62294,3,2,1,0,0,3,3,37,1980,11,12,2011,1,15,40,0,13,6,CENTRAL AVE,120TH ST,0,33.92372500,-118.254350000,0,12,6,0,2,2,1,0,1,1,0,1,0,0000000,99,99,99,99,88,88,0,0,0,1,1
6,62295,2,2,0,0,0,14,14,73,1200,12,12,2011,2,9,40,1,11,1,I-15,,315,33.12716944,-117.104988890,0,12,6,1,5,1,1,0,1,2,0,2,0,0000000,99,99,99,99,99,99,0,0,0,1,0
6,62296,2,2,0,0,0,3,3,65,0,12,12,2011,2,16,58,0,4,4,CAJALCO RD,,0,33.82888889,-117.471300000,0,12,6,0,1,1,1,0,2,2,0,2,0,0000000,99,99,99,99,99,99,0,0,0,1,0
6,62297,2,2,0,0,0,4,4,37,1980,13,12,2011,3,2,35,0,13,6,WILSHIRE BLVD,NORMANDIE AVE,0,34.06173056,-118.300386110,0,12,6,0,2,2,1,0,3,2,0,2,0,0000000,99,99,99,99,99,99,0,0,0,1,1
6,62298,2,2,0,0,0,2,2,31,0,13,12,2011,3,6,48,0,2,4,GRANGEVILLE BLVD,,0,36.34263056,-119.737288890,0,12,2,0,1,1,1,0,4,10,0,10,0,0000000,99,99,99,99,99,99,0,0,0,1,0
6,62299,2,2,0,0,0,3,3,107,0,13,12,2011,3,11,12,1,2,3,SR-65,AVENUE 208,267,36.16728889,-119.082969440,0,12,6,0,2,2,1,0,1,1,0,1,0,0000000,99,99,99,99,99,99,0,0,0,1,0
6,62300,4,1,3,0,0,2,2,37,1980,14,12,2011,4,0,15,0,14,6,LINDLEY AVE,,0,34.19440833,-118.527291670,0,33,0,0,1,1,4,0,3,1,0,1,0,0000000,99,99,99,99,99,99,0,0,0,1,1
6,62301,2,2,0,0,0,4,4,67,3150,14,12,2011,4,11,42,0,13,6,ARDEN GARDEN CONNECTOR,,0,38.60692222,-121.480305560,0,33,0,0,1,1,3,0,1,1,0,1,0,0000000,99,99,99,99,99,99,0,0,0,1,0
6,62302,1,1,0,0,0,1,1,65,2327,15,12,2011,5,2,27,0,14,6,WINCHESTER RD,,0,33.56028333,-117.138916670,0,33,0,0,1,1,3,0,2,1,0,1,0,0000000,99,99,99,99,99,99,0,0,0,1,0
6,62303,2,1,1,0,1,1,2,59,80,14,12,2011,4,16,36,1,12,3,SR-91,,18,33.85428056,-117.948830560,0,14,0,0,1,1,2,0,1,10,0,10,0,0000000,99,99,99,99,88,88,0,0,0,1,0
6,62304,1,1,0,0,0,2,2,71,1305,15,12,2011,5,3,15,0,14,6,E LIBERTY PKWY,,0,34.10953889,-117.490608330,0,33,0,0,1,1,3,0,3,1,0,1,0,0000000,99,99,99,99,99,99,0,0,0,1,1
6,62305,2,2,0,0,0,3,3,37,1980,15,12,2011,5,7,40,0,14,6,SATICOY ST,DENSMORE AVE,0,34.20844722,-118.477127780,0,12,6,0,2,2,1,0,1,1,0,1,0,0000000,99,99,99,99,99,99,0,0,0,1,0
6,62306,3,3,0,0,0,3,3,83,3430,15,12,2011,5,15,44,1,12,2,US-101,,181,34.41460000,-119.693380560,0,12,1,0,1,1,1,0,1,1,0,1,0,0000000,99,99,99,99,88,88,0,0,0,1,0
6,62307,1,1,0,0,0,1,1,15,0,15,12,2011,5,99,99,0,2,3,SR-169,,12,41.52288611,-124.018694440,0,1,0,0,1,1,4,0,2,2,0,2,0,0000000,99,99,99,99,88,88,0,0,0,1,1
6,62308,2,2,0,0,0,4,4,39,0,16,12,2011,6,16,40,0,2,3,SR-145,,134,36.99053056,-120.010919440,0,12,2,0,8,1,2,0,1,1,0,1,0,0000000,99,99,99,99,99,99,0,0,0,1,0
6,62309,2,2,0,0,0,2,2,37,1980,16,12,2011,6,18,0,0,14,6,LINDLEY AVE,REYEN ST,0,34.23185278,-118.527358330,0,12,6,0,2,2,1,0,3,1,0,1,0,0000000,99,99,99,99,99,99,0,0,0,1,0
6,62310,1,1,0,0,0,4,4,77,3770,16,12,2011,6,21,36,0,16,6,BURKETT AVE,MARSH AVE,0,37.95644444,-121.249775000,0,42,0,0,3,2,5,0,3,1,0,1,0,0000000,99,99,99,99,99,99,20,0,0,1,0
6,62311,3,1,2,0,0,3,3,65,3851,17,12,2011,7,1,1,1,11,1,I-15 RAMP,,68,33.52175000,-117.163980560,0,33,0,1,5,1,4,0,3,10,0,10,0,0000000,99,99,99,99,99,99,0,0,0,1,1
6,62312,1,1,0,0,0,1,1,73,3260,17,12,2011,7,2,23,1,11,1,I-15,,126,32.87048056,-117.107030560,0,52,0,0,1,1,4,0,2,1,0,1,0,0000000,99,99,99,99,88,88,0,0,0,1,1
6,62313,2,2,0,0,0,3,3,53,0,17,12,2011,7,8,13,0,4,4,HALL RD,,0,36.86721111,-121.742194440,0,12,2,0,1,1,1,0,1,1,0,1,0,0000000,99,99,99,99,99,99,0,0,0,1,1
6,62314,1,1,0,0,0,1,1,37,4069,17,12,2011,7,23,25,0,13,6,AMAR RD,,0,34.03973056,-117.855108330,0,33,0,0,1,1,3,0,3,1,0,1,0,0000000,99,99,99,99,88,88,0,0,0,1,1
6,62315,6,1,5,0,0,1,1,13,3010,18,12,2011,1,1,24,0,16,6,ESMOND AVE,15TH ST,0,37.94525833,-122.355533330,0,58,0,0,3,2,1,0,3,1,0,1,0,0000000,99,99,99,99,99,99,0,0,0,1,1
6,62316,1,1,0,0,0,1,1,53,0,18,12,2011,1,14,35,0,5,4,OLD STAGE RD,,0,36.72685000,-121.594561110,0,38,0,0,1,1,4,0,1,1,0,1,0,0000000,99,99,99,99,88,88,0,0,0,1,1
6,62317,2,2,0,0,0,3,3,77,2070,18,12,2011,1,17,50,1,12,3,SR-120,,59,37.78313056,-121.204519440,0,12,1,0,1,1,1,0,3,1,0,1,0,0000000,99,99,99,99,99,99,0,0,0,1,0
6,62318,1,1,0,0,0,2,2,41,0,18,12,2011,1,18,15,1,2,2,US-101,,240,38.14271944,-122.564230560,0,35,0,0,1,1,4,0,2,1,0,1,0,0000000,99,99,99,99,99,99,0,0,0,1,0
6,62319,2,2,0,0,0,2,2,37,1980,19,12,2011,2,14,35,0,13,6,VENTURA BLVD,DENFIELD AVE,0,34.17168611,-118.568963890,0,1,0,0,2,3,1,0,1,1,0,1,0,0000000,99,99,99,99,99,99,0,0,0,1,0
6,62320,2,2,0,0,0,3,3,65,2650,19,12,2011,2,18,54,0,14,6,INDIAN CANYON RD,RACQUET CLUB RD,0,33.85210556,-116.545558330,0,12,6,0,2,2,1,0,3,1,0,1,0,0000000,99,99,99,99,99,99,0,0,0,1,2
6,62321,1,1,0,0,0,1,1,73,0,20,12,2011,3,4,58,0,2,4,GOPHER CANYON RD,,0,33.25285000,-117.199550000,0,42,0,0,1,1,4,0,2,1,0,1,0,0000000,99,99,99,99,88,88,0,0,0,1,0
6,62322,1,1,0,0,0,1,1,73,0,20,12,2011,3,13,20,0,4,4,WILDCAT CANYON RD,,0,32.89423056,-116.890269440,0,33,0,0,1,1,4,0,1,1,0,1,0,0000000,99,99,99,99,88,88,0,0,0,1,1
6,62323,2,2,0,0,0,3,3,73,710,20,12,2011,3,17,44,1,11,1,I-5,,69,32.61688056,-117.091700000,0,12,1,0,1,1,1,0,3,1,0,1,0,0000000,99,99,99,99,99,99,0,0,0,1,0
6,62324,2,2,0,0,0,2,2,29,0,21,12,2011,4,14,42,1,2,3,SR-58,,841,35.20758056,-118.535080560,0,12,1,0,1,1,1,0,1,1,0,1,0,0000000,99,99,99,99,99,99,0,0,0,1,0
6,62325,2,2,0,0,0,3,3,89,90,21,12,2011,4,21,53,0,12,3,SR-273,3RD ST,64,40.45960278,-122.314969440,0,12,6,0,2,2,1,0,3,1,0,1,0,0000000,99,99,99,99,99,99,0,0,0,1,1
6,62326,2,2,0,0,0,4,4,37,0,21,12,2011,4,22,40,0,2,4,TELEGRAPH RD,VICTORIA AVE,0,33.93301111,-118.035969440,0,12,2,0,2,2,1,0,3,1,0,1,0,0000000,99,99,99,99,99,99,0,0,0,1,2
6,62327,1,1,0,0,0,1,1,111,3860,22,12,2011,5,3,5,1,12,3,SR-23,,77,34.23498889,-118.842600000,0,39,0,0,1,1,3,0,2,1,0,1,0,0000000,99,99,99,99,88,88,0,0,0,1,1
6,62328,2,2,0,0,0,2,2,19,0,22,12,2011,5,6,27,0,3,4,JENSEN AVE,DEL REY AVE,0,36.70654444,-119.591963890,0,12,6,0,2,2,1,0,2,5,0,5,0,0000000,99,99,99,99,88,88,0,0,0,1,0
6,62329,2,2,0,0,0,3,3,75,3290,23,12,2011,6,10,44,1,11,1,I-80,,81,37.81457500,-122.357758330,0,12,1,0,1,1,1,0,1,1,0,1,0,0000000,99,99,99,99,88,88,0,0,0,1,1
6,62330,2,2,0,0,0,2,2,77,0,24,12,2011,7,23,15,1,2,3,SR-120,STEINGUL RD,192,37.79403611,-120.959913890,0,12,6,0,2,2,1,0,2,1,0,1,0,0000000,99,99,99,99,88,88,0,0,0,1,1
6,62331,2,2,0,0,0,2,2,37,1980,21,11,2011,2,6,45,0,15,6,LA TUNA CANYON,,0,34.23482222,-118.284280560,0,12,6,0,1,1,1,0,1,1,0,1,0,0000000,99,99,99,99,99,99,0,0,0,1,0
6,62332,1,1,0,0,0,1,1,71,0,22,11,2011,3,6,34,1,1,1,I-15,,161,34.24796944,-117.438930560,0,35,0,0,1,1,4,0,1,1,0,1,0,0000000,99,99,99,99,88,88,0,0,0,1,0
6,62333,1,1,0,0,0,1,1,33,0,22,11,2011,3,11,42,1,2,3,SR-29,,305,38.93976944,-122.782530560,0,42,0,0,1,1,4,0,1,10,0,10,0,0000000,99,99,99,99,99,99,0,0,0,1,0
6,62334,1,1,0,0,0,1,1,77,0,22,11,2011,3,20,30,0,3,4,E MAIN ST,,0,37.96546111,-121.190136110,0,38,0,0,1,1,5,0,2,1,0,1,0,0000000,99,99,99,99,88,88,0,0,0,1,1
6,62335,1,1,0,0,0,1,1,37,1980,23,11,2011,4,11,30,1,12,3,SR-118,,107,34.26576111,-118.456591670,0,33,0,0,1,1,4,0,1,1,0,1,0,0000000,99,99,99,99,88,88,0,0,0,1,0
6,62336,3,3,0,0,0,4,4,37,0,23,11,2011,4,16,10,0,2,3,SR-138,,725,34.47338056,-117.696530560,0,12,6,0,1,1,1,0,1,1,0,1,0,0000000,99,99,99,99,99,99,0,0,0,1,0
6,62337,2,2,0,0,0,4,4,73,3260,25,11,2011,6,17,20,1,11,1,I-5,,6,32.54656111,-117.035880560,0,12,6,0,1,1,1,2,3,1,0,1,0,0000000,99,99,99,99,99,99,0,0,0,1,0
6,62338,2,2,0,0,0,4,4,37,2870,27,11,2011,1,0,46,0,13,6,MISSION BLVD,WHITE AVE,0,34.05490278,-117.758794440,0,12,6,0,2,2,1,0,3,1,0,1,0,0000000,99,99,99,99,99,99,0,0,0,1,1
6,62339,2,2,0,0,0,3,3,19,740,27,11,2011,1,2,0,0,15,6,MINNEWAWA AVE,BARSTOW AVE,0,36.81573056,-119.708991670,0,12,6,0,2,2,1,0,2,1,0,1,0,0000000,99,99,99,99,99,99,0,0,0,2,1
6,62340,2,2,0,0,0,3,3,65,0,27,11,2011,1,3,29,1,2,3,SR-79,,171,33.71266944,-117.084161110,0,12,2,0,1,1,1,0,2,1,0,1,0,0000000,99,99,99,99,99,99,0,0,0,2,1
6,62341,2,2,0,0,0,2,2,65,9997,25,11,2011,6,15,29,0,13,6,LIMONITE WAY,ETIWANDA AVE,0,33.97543333,-117.523311110,0,12,6,0,3,2,1,0,1,1,0,1,0,0000000,99,99,99,99,99,99,0,0,0,1,0
6,62342,2,2,0,0,0,4,4,1,0,23,11,2011,4,21,40,1,12,1,I-580,,269,37.69063889,-122.095330560,0,12,7,0,1,1,1,0,3,1,0,1,0,0000000,99,99,99,99,99,99,0,0,0,1,0
6,62343,1,1,0,0,0,7,7,29,0,24,11,2011,5,5,0,1,1,1,I-5,,320,35.19286944,-119.145500000,0,1,0,0,1,1,3,0,2,1,0,1,0,0000000,99,99,99,99,99,99,0,0,0,2,0
6,62344,2,2,0,0,0,3,3,37,1980,24,11,2011,5,12,55,0,14,6,HOOVER ST,JAMES M WOOD BLVD,0,34.05585278,-118.284244440,0,12,6,0,2,2,1,0,1,10,0,10,0,0000000,99,99,99,99,99,99,0,0,0,1,0
6,62345,1,1,0,0,0,4,4,7,0,24,11,2011,5,14,55,0,4,4,ORO BANGER HWY,,0,39.48023056,-121.515038890,0,38,0,0,1,1,4,0,1,2,0,2,0,0000000,99,99,99,99,99,99,0,0,0,1,0
6,62346,1,1,0,0,0,1,1,9,0,25,11,2011,6,5,25,0,2,3,SR-26,,196,38.29998889,-120.683050000,0,42,0,0,1,1,4,0,2,10,0,10,0,0000000,99,99,99,99,99,99,0,0,0,1,0
6,62347,1,1,0,0,0,7,7,37,0,27,11,2011,1,6,39,1,1,1,I-5,,858,34.79495000,-118.852588890,0,23,0,0,1,1,4,0,4,1,0,1,0,0000000,99,99,99,99,99,99,0,0,0,2,0
6,62348,1,1,0,0,0,6,6,93,2300,27,11,2011,1,14,20,1,11,1,I-5,,117,41.32450556,-122.326113890,0,1,0,0,1,1,5,0,1,1,0,1,0,0000000,99,99,99,99,99,99,0,0,0,1,0
6,62349,1,1,0,0,0,2,2,85,2182,27,11,2011,1,18,20,1,11,1,I-680 RAMP,,79,37.43660556,-121.888486110,0,33,0,1,5,1,4,0,3,1,0,1,0,0000000,99,99,99,99,99,99,0,0,0,1,0
6,62350,2,2,0,0,0,2,2,33,0,27,11,2011,1,22,59,1,2,3,SR-29,,313,38.94361944,-122.796419440,0,12,2,0,1,1,1,0,2,10,0,10,0,0000000,99,99,99,99,99,99,0,0,0,1,1
6,62351,1,1,0,0,0,3,3,23,0,28,11,2011,2,3,35,1,2,2,US-101,,332,40.32086389,-123.921119440,0,42,0,1,19,1,8,0,2,10,0,10,0,0000000,99,99,99,99,99,99,0,0,0,1,0
6,62352,4,4,0,0,0,4,4,37,1970,28,11,2011,2,11,55,0,13,6,WILLOW ST,CLARK AVE,0,33.80329722,-118.133938890,0,12,6,0,3,2,1,0,1,1,0,1,0,0000000,99,99,99,99,99,99,0,0,0,1,0
6,62353,3,3,0,0,0,3,3,73,0,28,11,2011,2,17,36,1,2,3,SR-94,,210,32.70388056,-116.867900000,0,12,2,0,1,1,1,0,2,1,0,1,0,0000000,99,99,99,99,99,99,20,0,0,1,0
6,62354,2,2,0,0,0,2,2,29,0,28,11,2011,2,18,15,0,5,4,COPUS RD,,0,35.09513889,-119.033369440,0,12,6,0,1,1,1,0,3,10,5,5,0,0000000,99,99,99,99,88,88,0,0,0,1,0
6,62355,1,1,0,0,0,1,1,19,1370,29,11,2011,3,3,4,0,12,3,SR-168 RAMP,,1,36.75822778,-119.749513890,0,59,0,1,5,1,4,0,3,5,0,5,0,0000000,99,99,99,99,99,99,0,0,0,1,0
6,62356,1,1,0,0,0,1,1,59,1380,29,11,2011,3,23,43,0,13,6,HARBOR BLVD,,0,33.88539722,-117.926108330,0,59,0,0,1,1,4,0,3,1,0,1,0,0000000,99,99,99,99,88,88,0,0,0,1,1
6,62357,1,1,0,0,0,4,4,95,4020,30,11,2011,4,18,11,0,13,6,COLUMBUS PARKWAY,,0,38.11055000,-122.202988890,0,33,0,0,1,1,4,0,3,1,0,1,0,0000000,99,99,99,99,99,99,0,0,0,1,0
6,62358,1,1,0,0,0,2,2,65,0,1,12,2011,5,10,18,1,1,1,I-10,,282,33.86869167,-116.491036110,0,17,0,0,1,1,4,0,1,1,0,1,0,0000000,99,99,99,99,88,88,0,0,0,1,0
6,62359,2,2,0,0,0,3,3,77,0,1,12,2011,5,12,5,0,2,3,SR-4,,17,37.89011944,-121.541150000,0,12,7,0,8,1,2,0,1,1,0,1,0,0000000,99,99,99,99,88,88,0,0,0,2,0
6,62360,3,1,2,0,0,1,1,37,2870,1,12,2011,5,14,10,1,11,1,I-10,,435,34.07223889,-117.789819440,0,14,0,0,1,1,2,0,1,1,0,1,0,0000000,99,99,99,99,88,88,14,0,0,1,0
6,62361,1,1,0,0,0,1,1,71,1603,1,12,2011,5,19,28,0,14,6,11TH AVE,,0,34.40428056,-117.329375000,0,38,0,0,1,1,4,0,2,1,0,1,0,0000000,19,31,19,41,99,99,0,0,0,1,1
6,62362,1,1,0,0,0,1,1,107,2880,2,12,2011,6,0,20,1,12,3,SR-65,,181,36.05075000,-119.040488890,0,42,0,0,1,1,4,0,2,1,0,1,0,0000000,99,99,99,99,88,88,0,0,0,1,1
6,62363,2,2,0,0,0,3,3,65,0,2,12,2011,6,18,56,0,4,4,CAJALCO RD,,0,33.81864444,-117.429575000,0,12,6,0,1,1,1,0,2,1,0,1,0,0000000,99,99,99,99,99,99,0,0,0,1,0
6,62364,1,1,0,0,0,1,1,65,0,2,12,2011,6,23,25,0,2,4,VAN BUREN BLVD,WHISPERING SPUR ST,0,33.88222222,-117.388197220,0,46,0,0,3,2,4,0,3,1,0,1,0,0000000,99,99,99,99,88,88,0,0,0,1,1
6,62365,2,2,0,0,0,4,4,71,1305,3,12,2011,7,2,35,0,13,6,SIERRA AVE,RANDALL AVE,0,34.08486111,-117.435705560,0,12,6,0,2,2,1,0,3,1,0,1,0,0000000,99,99,99,99,99,99,0,0,0,2,1
6,62366,1,1,0,0,0,2,2,29,240,3,12,2011,7,8,55,0,12,3,SR-178 RAMP,,56,35.39476111,-118.950161110,0,33,0,0,5,1,4,0,1,1,0,1,0,0000000,99,99,99,99,99,99,0,0,0,1,0
6,62367,2,2,0,0,0,3,3,53,0,3,12,2011,7,18,0,1,12,2,US-101,MALLORY CANYON RD,978,36.81365000,-121.641211110,0,12,6,0,2,3,1,2,2,1,0,1,0,0000000,99,99,99,99,99,99,0,0,0,1,0
6,62368,1,1,0,0,0,1,1,81,0,4,12,2011,1,1,10,0,4,4,PESCADERO CREEK RD,,0,37.25005833,-122.354908330,0,1,0,0,1,1,5,0,2,1,0,1,0,0000000,99,99,99,99,88,88,0,0,0,1,1
6,62369,1,1,0,0,0,2,2,37,2458,4,12,2011,1,3,40,1,11,1,I-5,,34,33.90210000,-118.062111110,0,59,0,1,19,1,4,0,3,1,0,1,0,0000000,99,99,99,99,88,88,0,0,0,1,1
6,62370,1,1,0,0,0,1,1,89,0,4,12,2011,1,99,99,0,4,4,RAINBOW LAKE RD,,0,40.48058611,-122.630641670,0,1,0,0,1,1,6,0,2,1,0,1,0,0000000,99,99,99,99,88,88,0,0,0,1,1
6,62371,2,2,0,0,0,2,2,89,0,5,12,2011,2,14,20,1,2,3,SR-89,,94,40.78311944,-121.504511110,0,12,2,0,1,1,1,0,1,1,0,1,0,0000000,99,99,99,99,88,88,0,0,0,1,1
6,62372,1,1,0,0,0,1,1,69,0,5,12,2011,2,15,45,0,4,4,DUNCAN AVE,,0,36.85620000,-121.504838890,0,18,0,0,1,1,5,0,1,1,0,1,0,0000000,99,99,99,99,88,88,0,0,0,1,1
6,62373,1,1,0,0,0,1,1,29,0,6,12,2011,3,12,10,0,2,4,ROUND MOUNTAIN RD,,0,35.42856111,-118.954850000,0,1,0,0,1,1,4,0,1,1,0,1,0,0000000,99,99,99,99,88,88,0,0,0,1,0
6,62374,2,2,0,0,0,3,3,73,0,6,12,2011,3,19,15,0,4,4,6TH ST,I ST,0,33.04010000,-116.858211110,0,12,11,0,2,3,1,0,2,1,0,1,0,0000000,99,99,99,99,99,99,0,0,0,1,0
6,62375,1,1,0,0,0,1,1,97,1570,6,12,2011,3,21,13,0,15,6,HEALDSBURG AVE,PASSALAQUA RD,0,38.64448056,-122.870186110,0,42,0,0,1,1,4,0,2,1,0,1,0,0000000,99,99,99,99,88,88,0,0,0,1,1
6,62376,2,2,0,0,0,3,3,87,0,7,12,2011,4,15,23,0,12,3,SR-129,LAKEVIEW RD,14,36.91672500,-121.731752780,0,12,6,0,2,3,1,0,1,1,0,1,0,0000000,99,99,99,99,88,88,0,0,0,2,0
6,62377,6,6,0,0,0,6,6,37,2458,8,12,2011,5,5,25,1,11,1,I-605,,76,33.91281111,-118.104819440,0,12,1,0,1,1,1,0,3,1,0,1,0,0000000,99,99,99,99,88,88,17,0,0,1,0
6,62378,2,2,0,0,0,3,3,65,0,8,12,2011,5,14,18,0,12,3,SR-74,RIVERSIDE ST,193,33.71102222,-117.312419440,0,12,6,0,2,3,1,0,1,1,0,1,0,0000000,99,99,99,99,99,99,0,0,0,1,0
6,62379,1,1,0,0,0,1,1,59,80,9,12,2011,6,7,57,0,13,6,N TUSTIN AVE,ORANGETHORPE AVE,0,33.86811389,-117.842625000,0,10,0,0,6,1,1,0,1,1,0,1,0,206571U,99,99,99,99,88,88,0,0,0,1,0
6,62380,2,2,0,0,0,2,2,7,0,9,12,2011,6,10,5,0,4,4,KELLY RIDGE RD,,0,39.50883889,-121.461319440,0,12,6,0,1,1,1,0,1,1,0,1,0,0000000,99,99,99,99,99,99,0,0,0,1,0
6,62381,1,1,0,1,1,1,1,73,1080,13,10,2011,5,19,50,0,14,6,WASHINGTON AVE,,0,32.78764722,-116.953872220,0,8,0,0,1,1,1,0,2,1,0,1,0,0000000,99,99,99,99,88,88,0,0,0,1,0
6,62382,1,1,0,1,1,1,1,37,1980,2,11,2011,4,10,35,0,13,6,W 1ST ST,CABRILLO AVE,0,33.74333611,-118.294522220,0,8,0,0,3,2,1,0,1,1,0,1,0,0000000,99,99,99,99,99,99,0,0,0,1,0
6,62383,1,1,0,1,1,7,7,45,4210,3,11,2011,5,6,50,1,13,2,US-101,,453,39.38888333,-123.345922220,0,8,0,0,4,1,1,0,3,10,0,10,0,0000000,99,99,99,99,88,88,0,0,0,1,0
6,62384,1,1,0,0,0,2,2,65,850,6,11,2011,1,20,25,0,14,6,MAIN ST,STAN REYNOLDS,0,33.87449444,-117.566863890,0,42,0,0,3,1,3,0,3,2,0,2,0,0000000,99,99,99,99,99,99,0,0,0,1,1
6,62385,1,1,0,2,2,1,1,95,4020,11,11,2011,6,12,36,0,16,6,LINFIELD DR,CHAPMAN CT,0,38.14757500,-122.242125000,0,15,0,0,3,3,1,0,1,2,10,2,0,0000000,99,99,99,99,99,99,0,0,0,1,0
6,62386,1,1,0,0,0,2,2,111,0,12,11,2011,7,0,1,0,6,4,PACIFIC AVE W,,0,34.40313056,-118.810011110,0,39,0,0,1,1,4,0,2,2,10,2,0,0000000,99,99,99,99,99,99,0,0,0,1,1
6,62387,3,3,0,0,0,3,3,37,1700,23,11,2011,4,4,53,0,13,6,LA CIENEGA BL,INDUSTRIAL AVE,0,33.96846389,-118.370133330,0,1,0,0,2,2,1,0,3,1,0,1,0,0000000,99,99,99,99,99,99,0,0,0,1,0
6,62388,1,1,0,0,0,3,3,65,0,27,11,2011,1,11,26,1,1,1,I-10,,1120,33.69391944,-115.282261110,0,1,0,0,1,1,3,0,1,1,0,1,0,0000000,99,99,99,99,99,99,0,0,0,1,0
6,62389,1,1,0,1,1,1,1,67,3150,30,11,2011,4,16,29,0,15,6,SOUTH LAND PARK DR,41ST AVE,0,38.51763889,-121.513386110,0,8,0,0,3,3,1,0,1,1,0,1,0,0000000,99,99,99,99,99,99,0,0,0,1,0
6,62390,3,3,0,0,0,6,6,37,1550,30,11,2011,4,18,14,0,13,6,ROSECRANS AVE,INGLEWOOD AVE,0,33.90181667,-118.361263890,0,12,6,0,2,2,1,0,3,1,0,1,0,0000000,99,99,99,99,99,99,0,0,0,1,0
6,62391,1,1,0,1,1,1,1,59,80,1,12,2011,5,5,54,0,13,6,W KATELLA AVE,S HARBOR BL,0,33.80341944,-117.915544440,0,8,0,0,3,2,1,0,3,1,0,1,0,0000000,99,99,99,99,99,99,0,0,0,1,0
6,62392,1,1,0,1,1,1,1,37,2700,7,12,2011,4,10,1,0,14,6,AVENUE 64,NITHSDALE RD,0,34.13574722,-118.176169440,0,8,0,0,3,3,1,0,1,1,0,1,0,0000000,99,99,99,99,88,88,0,0,0,1,1
6,62393,1,1,0,1,1,1,1,59,9997,13,12,2011,3,22,1,0,16,6,SERRANO RD,RIDGE ROUTE DR,0,33.63977500,-117.687852780,0,9,0,0,3,2,1,0,3,1,0,1,0,0000000,99,99,99,99,99,99,0,0,0,1,0
6,62394,2,2,0,0,0,2,2,65,9997,16,12,2011,6,9,54,0,13,6,GOETZ RD,CYN HEIGHTS DR,0,33.69769722,-117.242477780,0,33,0,0,3,3,4,0,1,1,0,1,0,0000000,99,99,99,99,99,99,0,0,0,1,1
6,62395,1,1,0,0,0,1,1,77,0,16,12,2011,6,10,0,0,4,4,SHELTON RD,,0,38.05359722,-121.003402780,0,42,0,0,1,1,4,0,1,1,0,1,0,0000000,99,99,99,99,88,88,0,0,0,1,0
6,62396,1,1,0,1,1,1,1,73,3260,16,12,2011,6,17,30,1,11,1,I-805 RAMP,,152,32.73421111,-117.113838890,0,8,0,1,5,1,1,0,2,10,0,10,0,0000000,99,99,99,99,88,88,23,0,0,1,0
6,62397,1,1,0,0,0,1,1,101,0,16,12,2011,6,21,50,1,2,3,SR-99,,61,38.82393889,-121.543938890,0,1,0,0,1,1,4,0,2,1,0,1,0,0000000,99,99,99,99,88,88,0,0,0,1,1
6,62398,1,1,0,1,1,1,1,37,1980,17,12,2011,7,5,35,0,13,6,WOODMAN AVE,,0,34.21895556,-118.431394440,0,8,0,0,1,1,1,0,3,1,0,1,0,0000000,99,99,99,99,88,88,0,0,0,1,0
6,62399,2,2,0,1,1,4,4,19,1370,17,12,2011,7,19,46,0,14,6,BLACKSTONE AVE,,0,36.83272222,-119.790211110,0,15,0,0,1,1,1,0,2,1,0,1,0,0000000,99,99,99,99,88,88,0,0,0,1,0