STATE,ST_CASE,VE_TOTAL,VE_FORMS,PVH_INVL,PEDS,PERNOTMVIT,PERMVIT,PERSONS,COUNTY,CITY,DAY,MONTH,YEAR,DAY_WEEK,HOUR,MINUTE,NHS,ROAD_FNC,ROUTE,TWAY_ID,TWAY_ID2,MILEPT,LATITUDE,LONGITUD,SP_JUR,HARM_EV,MAN_COLL,RELJCT1,RELJCT2,TYP_INT,REL_ROAD,WRK_ZONE,LGT_COND,WEATHER1,WEATHER2,WEATHER,SCH_BUS,RAIL,NOT_HOUR,NOT_MIN,ARR_HOUR,ARR_MIN,HOSP_HR,HOSP_MN,CF1,CF2,CF3,FATALS,DRUNK_DR
6,62400,1,1,0,1,1,2,2,97,3490,17,12,2011,7,19,55,1,12,2,US-101,,206,38.44310000,-122.722225000,0,8,0,0,1,1,1,0,3,1,0,1,0,0000000,99,99,99,99,88,88,0,0,0,1,0
6,62401,2,2,0,0,0,3,3,67,3150,18,12,2011,1,17,6,0,14,6,RALEY BL,GRACE AVE,0,38.65100278,-121.429100000,0,12,6,0,2,3,1,0,3,1,0,1,0,0000000,99,99,99,99,99,99,0,0,0,1,0
6,62402,1,1,0,0,0,1,1,65,1801,23,1,2011,1,15,12,0,15,6,SUMMERHILL DR,,0,33.67609444,-117.286222220,0,42,0,0,1,1,5,0,1,1,0,1,0,0000000,99,99,99,99,88,88,0,0,0,1,1
6,62403,1,1,0,1,1,1,1,53,3180,6,2,2011,1,19,45,0,13,6,N DAVIS RD,AUTO CENTER CIR,0,36.72162222,-121.664927780,0,8,0,0,2,3,1,0,3,1,0,1,0,0000000,99,99,99,99,88,88,0,0,0,1,0
6,62404,1,1,0,0,0,1,1,65,3320,10,2,2011,5,1,30,0,13,6,SAN JACINTO AVE,ESPLANADE AVE,0,33.77298611,-116.958813890,0,31,0,0,3,2,5,0,3,1,0,1,0,0000000,99,99,99,99,88,88,0,0,0,1,1
6,62405,2,2,0,0,0,3,3,85,3340,10,2,2011,5,11,3,0,13,6,ALMADEN EXPRESSWAY,ALMADEN AVE,0,37.29227778,-121.880197220,0,12,6,0,2,2,1,0,1,1,0,1,0,0000000,99,99,99,99,99,99,0,0,0,1,0
6,62406,1,1,0,1,1,1,1,85,3340,9,3,2011,4,19,16,0,15,6,LUCRETIA AVE,,0,37.31572500,-121.843125000,0,8,0,0,1,1,1,0,3,1,0,1,0,0000000,99,99,99,99,99,99,0,0,0,1,0
6,62407,1,1,0,0,0,1,1,85,3440,2,4,2011,7,0,9,0,14,6,SANTA TERESA BLVD,BAILEY BLVD,0,37.20108889,-121.736458330,0,46,0,0,3,2,8,0,3,10,0,10,0,0000000,99,99,99,99,99,99,0,0,0,1,1
6,62408,1,1,0,1,1,2,2,37,3690,2,4,2011,7,19,6,0,14,6,OTIS ST,MISSOURI AVE,0,33.94551111,-118.197350000,0,8,0,0,3,2,1,0,1,1,0,1,0,0000000,99,99,99,99,99,99,0,0,0,1,0
6,62409,1,1,0,0,0,1,1,71,3210,28,6,2011,3,19,33,0,15,6,LITTLE MOUNTAIN DR,,0,34.17857500,-117.313961110,0,42,0,0,1,1,5,0,1,1,0,1,0,0000000,99,99,99,99,88,88,0,0,0,1,1
6,62410,3,3,0,0,0,3,3,37,4120,28,9,2011,4,7,35,1,11,1,I-10,,387,34.12011944,-117.868652780,0,12,7,0,1,1,1,0,1,10,0,10,0,0000000,99,99,99,99,99,99,0,0,0,1,0
6,62411,1,1,0,0,0,2,2,47,2150,22,10,2011,7,1,34,0,14,6,W NORTH BEAR CREEK RD,,0,37.31496667,-120.493086110,0,18,0,0,1,1,2,0,2,1,0,1,0,0000000,99,99,99,99,99,99,0,0,0,1,1
6,62412,1,1,0,1,1,1,1,59,1660,26,10,2011,4,19,19,0,14,6,YORKTOWN AVE,ENGLAND ST,0,33.67950000,-117.991869440,0,8,0,0,3,2,1,0,3,1,0,1,0,0000000,99,99,99,99,99,99,0,0,0,1,0
6,62413,2,2,0,0,0,3,3,1,2370,2,11,2011,4,14,10,0,14,6,CENTRAL AVE,,0,37.51925000,-122.039838890,0,12,6,0,1,1,1,0,1,1,0,1,0,0000000,99,99,14,30,99,99,0,0,0,1,0
6,62414,2,2,0,0,0,2,2,65,850,22,11,2011,3,6,15,1,12,3,SR-91,,39,33.88056944,-117.610438890,0,12,7,0,1,1,1,0,4,1,0,1,0,0000000,99,99,99,99,99,99,0,0,0,1,0
6,62415,2,2,0,1,1,3,3,99,2200,23,11,2011,4,20,19,0,13,3,SR-108,,248,37.66964722,-120.993983330,0,8,0,0,1,1,1,0,2,10,0,10,0,0000000,99,99,99,99,99,99,0,0,0,1,0
6,62416,2,2,0,0,0,2,2,65,850,26,11,2011,7,1,5,1,11,1,I-15,,416,33.88226944,-117.547300000,0,12,1,0,1,1,1,0,3,1,0,1,0,0000000,99,99,99,99,99,99,19,0,0,1,0
6,62417,3,1,2,2,2,2,2,37,1980,4,12,2011,1,21,25,0,16,6,ERWIN ST,,0,34.18363611,-118.451872220,0,14,0,0,1,1,4,0,3,1,0,1,0,0000000,99,99,99,99,99,99,15,0,0,1,1
6,62418,2,2,0,0,0,2,2,37,2054,5,12,2011,2,8,45,0,13,3,SR-1,RAMBIA VISTA N,448,34.03718611,-118.638116670,0,1,0,0,2,3,1,0,1,1,0,1,0,0000000,99,99,99,99,88,88,0,0,0,1,0
6,62419,1,1,0,1,1,1,1,15,0,5,12,2011,2,19,33,1,2,2,US-101,,432,41.88084167,-124.136861110,0,8,0,0,1,1,1,0,2,1,0,1,0,0000000,99,99,99,99,99,99,0,0,0,1,0
6,62420,1,1,0,1,1,1,1,71,1305,10,12,2011,7,22,9,0,13,6,FOOTHILL BLVD,,0,34.10658611,-117.446955560,0,8,0,0,1,1,1,0,3,1,0,1,0,0000000,99,99,99,99,99,99,0,0,0,1,0
6,62421,1,1,0,1,1,1,1,73,3260,12,12,2011,2,0,40,0,14,6,MAIN ST,,0,32.68300833,-117.111802780,0,8,0,0,1,1,1,0,3,10,0,10,0,0000000,99,99,99,99,88,88,0,0,0,1,0
6,62422,1,1,0,1,1,1,1,37,1980,12,12,2011,2,19,30,0,13,6,FOOTHILL BLVD,,0,34.30822778,-118.431294440,0,8,0,0,1,1,1,0,3,2,10,2,0,0000000,99,99,99,99,99,99,0,0,0,1,0
6,62423,2,2,0,0,0,2,2,59,2400,26,12,2011,2,14,28,0,14,6,IRVINE AVE,BAYCREST RD,0,33.63759167,-117.899394440,0,12,6,0,2,2,1,0,1,1,0,1,0,0000000,99,99,99,99,99,99,0,0,0,1,0
6,62424,2,2,0,0,0,2,2,81,0,27,12,2011,3,14,52,0,13,3,SR-1,,385,37.57071944,-122.516211110,0,1,0,0,1,1,1,0,1,10,0,10,0,0000000,99,99,99,99,88,88,20,0,0,1,0
6,62425,1,1,0,1,1,1,1,37,1980,27,12,2011,3,17,45,0,13,6,VICTORY BLVD,,0,34.18663611,-118.642422220,0,8,0,0,1,1,1,0,3,1,0,1,0,0000000,99,99,99,99,99,99,0,0,0,1,0
6,62426,2,2,0,0,0,4,4,47,0,28,12,2011,4,16,19,1,2,3,SR-152,,57,37.10491944,-121.130161110,0,12,2,0,1,1,1,0,1,1,0,1,0,0000000,99,99,99,99,99,99,0,0,0,2,0
6,62427,1,1,0,0,0,1,1,73,710,28,12,2011,4,16,35,1,11,1,I-805,,72,32.64048889,-117.055350000,0,25,0,0,1,1,3,0,1,1,0,1,0,0000000,99,99,99,99,88,88,0,0,0,1,0
6,62428,2,2,0,0,0,2,2,25,440,28,12,2011,4,17,25,0,15,6,BEST,MALAN ST,0,32.97082222,-115.509305560,0,12,2,0,2,2,1,0,3,1,0,1,0,0000000,99,99,99,99,99,99,0,0,0,1,0
6,62429,1,1,0,1,1,1,1,37,2870,28,12,2011,4,17,29,0,13,6,TOWNE AVE,6TH ST,0,34.05440556,-117.741291670,0,9,0,0,2,2,1,0,3,1,0,1,0,0000000,99,99,99,99,88,88,0,0,0,1,0
6,62430,2,2,0,0,0,2,2,1,1920,28,12,2011,4,23,48,0,13,6,HOLMES ST,MURRIETA BLVD,0,37.67597222,-121.779686110,0,1,0,0,2,2,1,0,3,1,0,1,0,0000000,99,99,99,99,99,99,20,0,0,1,0
6,62431,2,2,0,0,0,2,2,37,0,29,12,2011,5,10,10,0,4,4,MALIBU CANYON RD,,0,34.08816944,-118.703919440,0,12,2,0,1,1,1,0,1,1,0,1,0,0000000,99,99,99,99,99,99,0,0,0,1,1
6,62432,1,1,0,1,1,1,1,59,4130,29,12,2011,5,13,16,0,16,6,MADISON AVE,,0,33.74825556,-117.971511110,0,8,0,0,1,1,1,0,1,1,0,1,0,0000000,99,99,99,99,99,99,0,0,0,1,0
6,62433,1,1,0,0,0,3,3,65,0,29,12,2011,5,20,5,0,4,4,MULTIVIEW DR,,0,33.81855000,-117.363819440,0,17,0,0,1,1,5,0,2,1,0,1,0,0000000,99,99,99,99,99,99,4,0,0,1,0
6,62434,1,1,0,0,0,1,1,85,2182,30,12,2011,6,6,6,0,12,3,SR-237,,93,37.42443611,-121.921119440,0,1,0,0,1,1,3,0,2,2,10,2,0,0000000,99,99,99,99,88,88,0,0,0,1,0
6,62435,1,1,0,1,1,1,1,1,2480,5,5,2011,5,6,35,0,16,6,JOHN CLENN DR,ALAN SHEPPARD WAY,0,37.71506389,-122.214486110,0,8,0,0,3,2,1,0,1,1,0,1,0,0000000,99,99,99,99,99,99,0,0,0,1,0
6,62436,1,1,0,1,1,1,1,71,2550,11,11,2011,6,17,7,0,14,6,FRANCIS ST,HELLMAN AVE,0,34.04115000,-117.601997220,0,8,0,0,3,2,1,0,3,10,0,10,0,0000000,99,99,99,99,99,99,0,0,0,1,0
6,62437,1,1,0,1,1,1,1,111,0,13,11,2011,1,3,25,1,2,2,US-101,,398,34.34823056,-119.423738890,0,8,0,0,1,1,1,0,2,1,0,1,0,0000000,99,99,99,99,88,88,0,0,0,1,0
6,62438,1,1,0,0,0,1,1,61,3110,19,12,2011,2,20,45,0,15,6,ORLANDO AVE,,0,38.72936389,-121.282452780,0,1,0,0,1,1,5,0,3,1,0,1,0,0000000,99,99,99,99,99,99,0,0,0,1,1
6,62439,1,1,0,0,0,1,1,73,0,25,12,2011,1,3,20,1,1,1,I-15,,433,33.28541111,-117.149980560,0,1,0,0,1,1,2,0,2,1,0,1,0,0000000,99,99,99,99,88,88,0,0,0,1,1
6,62440,2,2,0,0,0,3,3,81,3240,10,2,2011,5,21,30,1,12,2,US-101,,76,37.50410000,-122.245400000,0,12,6,0,1,1,1,0,3,1,0,1,0,0000000,99,99,99,99,99,99,20,0,0,1,0
6,62441,1,1,0,0,0,1,1,85,2660,15,4,2011,6,17,4,0,14,6,E CHARLESTON AVE,,0,37.41460556,-122.118611110,0,10,0,0,6,1,1,0,1,1,0,1,0,755011Y,99,99,99,99,88,88,0,0,0,1,0
6,62442,2,2,0,0,0,4,4,37,1700,24,5,2011,3,0,52,0,14,6,PRAIRIE AVE,MANCHESTER BL,0,33.95980000,-118.343900000,0,12,6,0,2,2,1,0,3,1,0,1,0,0000000,99,99,99,99,99,99,0,0,0,1,1
6,62443,1,1,0,1,1,1,1,37,0,24,5,2011,3,11,30,0,2,4,CENTURY BL,,0,33.94546111,-118.300169440,0,8,0,0,1,1,1,0,1,1,0,1,0,0000000,99,99,99,99,99,99,0,0,0,1,0
6,62444,2,2,0,0,0,2,2,37,30,10,7,2011,1,2,28,0,14,6,GARFIELD AVE,MAIN ST,0,34.09515000,-118.126838890,0,12,6,0,2,2,1,0,3,1,0,1,0,0000000,99,99,99,99,99,99,0,0,0,1,0
6,62445,2,1,1,0,0,4,4,37,1980,4,8,2011,5,23,50,1,11,1,I-105 RAMP,,5,33.93116111,-118.395088890,0,14,0,1,5,1,2,0,3,1,0,1,0,0000000,99,99,99,99,99,99,0,0,0,1,0
6,62446,2,2,0,0,0,2,2,19,1370,13,8,2011,7,5,33,0,15,6,EAST AVE,COMMERCE AVE,0,36.69881389,-119.772647220,0,12,6,0,3,1,1,0,3,1,0,1,0,0000000,99,99,99,99,99,99,0,0,0,1,0
6,62447,1,1,0,0,0,4,4,111,0,21,8,2011,1,3,0,0,16,4,DEER CREEK RD,,0,34.07996111,-118.989819440,0,33,0,0,1,1,4,0,2,10,5,5,0,0000000,99,99,99,99,99,99,0,0,0,1,1
6,62448,2,2,0,0,0,7,7,65,2420,17,9,2011,7,22,25,0,15,6,HIDDEN VALLEY PKWY,,0,33.89763611,-117.552788890,0,12,1,0,1,1,1,0,3,1,0,1,0,0000000,99,99,99,99,99,99,0,0,0,2,1
6,62449,2,2,0,0,0,3,3,29,0,30,12,2011,6,11,30,1,1,1,I-5 RAMP,COPUS RD,227,35.09500000,-119.038852780,0,12,6,1,5,1,1,0,1,1,0,1,0,0000000,99,99,99,99,99,99,0,0,0,1,0
6,62450,2,1,1,0,0,1,1,37,1980,22,12,2011,5,11,45,0,13,6,VALLEY CIRCLE BL,CARIS ST,0,34.18030833,-118.656077780,0,33,0,0,3,3,4,0,1,1,0,1,0,0000000,99,99,99,99,88,88,0,0,0,1,0
6,62451,1,1,0,0,0,1,1,85,3340,7,3,2011,2,7,25,0,14,6,COTTLE RD,,0,37.23219722,-121.803855560,0,30,0,0,1,1,4,0,1,10,0,10,0,0000000,99,99,99,99,88,88,0,0,0,1,0
6,62452,1,1,0,1,1,1,1,23,1220,12,5,2011,5,14,58,0,13,6,HARRIS ST,CALIFORNIA ST,0,40.78049722,-124.171630560,0,8,0,0,3,3,1,0,1,1,0,1,0,0000000,99,99,99,99,99,99,0,0,0,1,0
6,62453,2,2,0,0,0,2,2,37,1970,24,8,2011,4,18,17,1,11,1,I-710 RAMP,,77,33.82750000,-118.208038890,0,1,0,1,5,1,1,0,1,1,0,1,0,0000000,99,99,99,99,99,99,0,0,0,1,0
6,62454,1,1,0,1,1,1,1,65,9997,12,9,2011,2,3,6,0,15,6,COUNTRY VILLAGE RD,,0,34.03078333,-117.506891670,0,8,0,0,1,1,1,0,2,1,0,1,0,0000000,99,99,99,99,88,88,0,0,0,1,0
6,62455,2,2,0,0,0,2,2,67,1108,25,9,2011,1,21,20,0,15,6,GRANTLINE RD,,0,38.42081944,-121.312080560,0,12,2,0,1,1,1,0,3,1,0,1,0,0000000,99,99,99,99,99,99,20,0,0,1,1
6,62456,1,1,0,0,0,4,4,71,3970,16,12,2011,6,2,20,0,12,3,SR-62,,282,34.13502778,-116.141872220,0,30,0,0,1,1,4,0,2,1,0,1,0,0000000,99,99,99,99,99,99,0,0,0,1,1
6,62457,2,1,1,1,3,1,3,65,3070,17,12,2011,7,2,5,1,12,3,SR-91,,151,33.92273056,-117.427650000,0,14,0,0,1,1,2,0,2,1,0,1,0,0000000,99,99,99,99,99,99,23,0,0,1,0
6,62458,1,1,0,1,1,1,1,37,1980,9,11,2011,4,9,55,0,14,6,HILL ST,8TH ST,0,34.04445556,-118.255822220,0,8,0,0,3,2,1,0,1,1,0,1,0,0000000,99,99,99,99,99,99,0,0,0,1,0
6,62459,2,2,0,1,1,2,2,85,3340,9,11,2011,4,18,38,0,14,6,JACKSON AVE,ALEXIAN DR,0,37.36087222,-121.845894440,0,8,0,0,3,3,1,0,3,1,0,1,0,0000000,99,99,99,99,99,99,0,0,0,1,0
6,62460,1,1,0,1,1,1,1,19,1370,4,12,2011,1,17,39,0,14,6,CEDAR AVE,,0,36.78096944,-119.754469440,0,8,0,0,1,1,1,0,3,10,0,10,0,0000000,99,99,99,99,99,99,0,0,0,1,0
6,62461,1,1,0,0,0,1,1,61,0,25,12,2011,1,7,15,0,2,3,SR-65,,107,38.83366944,-121.300238890,0,59,0,0,1,1,4,0,4,1,0,1,0,0000000,99,99,99,99,88,88,0,0,0,1,0
6,62462,1,1,0,0,0,4,4,93,0,31,12,2011,7,2,50,1,1,1,I-5,,595,41.87298889,-122.560819440,0,43,0,0,1,1,4,0,2,10,5,5,0,0000000,99,99,99,99,99,99,0,0,0,1,0
6,62463,1,1,0,1,1,1,1,37,1980,21,1,2011,6,22,30,0,13,6,FIGUEROA ST,66TH ST,0,33.97951667,-118.282691670,0,8,0,0,3,3,1,0,3,1,0,1,0,0000000,99,99,99,99,99,99,0,0,0,1,0
6,62464,1,1,0,1,1,1,1,85,940,9,7,2011,7,9,21,0,14,6,BOLLINGER RD,BLANEY AVE,0,37.30986667,-122.023194440,0,8,0,0,3,2,1,0,1,1,0,1,0,0000000,99,99,99,99,99,99,0,0,0,1,0
6,62465,1,1,0,0,0,1,1,111,2890,10,9,2011,7,0,59,0,13,6,W CHANNEL ISLANDS BL,,0,34.17580000,-119.220600000,0,42,0,0,1,1,4,0,2,1,0,1,0,0000000,99,99,99,99,88,88,20,0,0,1,1
6,62466,2,2,0,0,0,3,3,93,0,24,9,2011,7,14,50,1,2,2,US-97,,480,41.93023889,-121.939780560,0,12,2,0,1,1,1,1,1,7,0,7,0,0000000,99,99,99,99,88,88,0,0,0,2,0
6,62467,1,1,0,0,0,4,4,1,2480,1,10,2011,7,2,51,1,11,1,I-880 RAMP,,246,37.73128611,-122.187097220,0,39,0,1,5,1,8,0,3,1,0,1,0,0000000,99,99,99,99,99,99,20,0,0,3,1
6,62468,1,1,0,0,0,4,4,37,2700,15,10,2011,7,21,58,0,13,6,LINDA VISTA AVE,,0,34.18485556,-118.175891670,0,5,0,0,1,1,1,0,2,98,0,98,0,0000000,99,99,99,99,99,99,0,0,0,1,0
6,62469,2,2,0,0,0,2,2,73,2510,12,11,2011,7,2,17,0,14,6,N SANTA FE AVE,DARWIN DR,0,33.23764167,-117.265075000,0,12,6,0,2,3,1,0,3,10,0,10,0,0000000,99,99,99,99,88,88,0,0,0,1,1
6,62470,1,1,0,1,1,1,1,59,1782,12,11,2011,7,17,5,0,13,6,ALICIA PKWY,PASEO DE VALENCIA,0,33.59213889,-117.699044440,0,9,0,0,3,2,1,0,3,2,0,2,0,0000000,99,99,99,99,99,99,0,0,0,1,0
6,62471,2,2,0,0,0,3,3,37,0,17,11,2011,5,1,20,0,2,4,VINCENT AVE,,0,34.09526111,-117.925500000,0,12,6,0,1,1,1,0,3,1,0,1,0,0000000,99,99,99,99,99,99,0,0,0,1,0
6,62472,1,1,0,1,1,1,1,71,4291,21,12,2011,4,18,38,1,12,3,SR-247,,2,34.12571944,-116.414477780,0,8,0,0,1,1,1,0,2,1,0,1,0,0000000,99,99,99,99,88,88,0,0,0,1,0
6,62473,1,1,0,1,1,1,1,71,3000,22,11,2011,3,15,29,0,13,6,FOOTHILL BL,,0,34.10676944,-117.355683330,0,8,0,0,1,1,1,0,1,1,0,1,0,0000000,99,99,99,99,99,99,0,0,0,1,0
6,62474,2,2,0,0,0,2,2,71,0,25,11,2011,6,11,34,0,13,3,SR-38,GARNET ST,54,34.07131944,-117.099580560,0,12,6,0,2,2,1,0,1,1,0,1,0,0000000,99,99,99,99,88,88,0,0,0,1,1
6,62475,1,1,0,1,1,1,1,113,980,21,12,2011,4,6,39,0,13,6,RUSSELL BL,LAKE BL,0,38.54669722,-121.789380560,0,8,0,0,3,3,1,0,3,5,0,5,0,0000000,99,99,99,99,99,99,0,0,0,1,0
6,62476,6,6,0,0,0,18,18,113,4258,8,8,2011,2,12,43,1,11,1,I-5,,70,38.68280000,-121.749900000,0,12,1,0,1,1,1,4,1,1,0,1,0,0000000,99,99,99,99,99,99,3,0,0,3,0
6,62477,1,1,0,0,0,2,2,37,1980,18,9,2011,1,1,25,0,13,3,SR-1,,398,34.04065278,-118.562486110,0,33,0,0,1,1,4,0,3,1,0,1,0,0000000,99,99,99,99,99,99,0,0,0,1,1
6,62478,1,1,0,1,1,2,2,83,1445,2,10,2011,1,18,28,0,14,6,VIA REAL,,0,34.40478611,-119.529161110,0,8,0,0,1,1,1,0,1,1,0,1,0,0000000,99,99,99,99,99,99,0,0,0,1,0
6,62479,3,3,0,0,0,5,5,73,3260,30,12,2011,6,22,59,1,11,1,I-15,,143,32.89316111,-117.114869440,0,12,2,0,1,1,1,0,3,5,0,5,0,0000000,99,99,99,99,99,99,0,0,0,1,0
6,62480,2,2,0,0,0,3,3,13,1779,31,12,2011,7,11,48,1,12,3,SR-24,,47,37.89135000,-122.149011110,0,12,7,0,1,1,1,0,1,1,0,1,0,0000000,99,99,99,99,99,99,0,0,0,1,1
6,62481,1,1,0,0,0,1,1,85,0,26,8,2011,6,22,10,1,1,1,I-280,,184,37.38993889,-122.164308330,0,24,0,1,18,1,4,0,2,10,0,10,0,0000000,99,99,99,99,88,88,0,0,0,1,1
6,62482,1,1,0,1,1,1,1,37,2684,13,12,2011,3,17,0,0,13,6,ALONDRA BL,,0,33.88915833,-118.182625000,0,8,0,0,1,1,1,0,3,1,0,1,0,0000000,99,99,99,99,99,99,0,0,0,1,0
6,62483,1,1,0,1,1,1,1,37,2458,5,8,2011,6,13,0,0,14,6,FOSTER RD,FAIRFORD AVE,0,33.90965833,-118.094908330,0,15,0,0,3,2,1,0,1,1,0,1,0,0000000,99,99,99,99,99,99,4,0,0,1,0
6,62484,1,1,0,2,2,3,3,59,3420,9,11,2011,4,18,22,0,16,6,BEWLEY ST,5TH ST,0,33.74874444,-117.917930560,0,8,0,0,3,2,1,0,3,1,0,1,0,0000000,99,99,99,99,99,99,4,0,0,1,1
6,62485,2,2,0,0,0,3,3,19,1370,2,10,2011,1,16,24,0,14,6,WEBER AVE,,0,36.79388056,-119.860805560,0,12,2,0,1,1,1,0,1,1,0,1,0,0000000,99,99,99,99,99,99,0,0,0,1,1
6,62486,1,1,0,1,1,1,1,37,1825,13,10,2011,5,9,50,0,13,6,IMPERIAL HWY,,0,33.91723889,-118.009233330,0,8,0,0,8,1,1,0,1,1,0,1,0,0000000,99,99,99,99,88,88,0,0,0,1,0
6,62487,2,2,0,0,0,3,3,85,3340,26,11,2011,7,11,58,0,13,6,CAMDEN AVE,CLEMATIS DR,0,37.23051944,-121.904158330,0,12,7,0,2,3,1,0,1,98,0,98,0,0000000,99,99,99,99,99,99,0,0,0,1,0
6,62488,1,1,0,0,0,1,1,73,0,30,12,2011,6,11,58,0,2,3,SR-79,,100,32.96891111,-116.578019440,0,35,0,0,1,1,4,0,1,1,0,1,0,0000000,99,99,99,99,99,99,0,0,0,1,0
6,62489,1,1,0,0,0,3,3,19,1370,30,12,2011,6,18,8,0,15,6,CLINTON AVE,VAGEDES,0,36.77207500,-119.816302780,0,42,0,0,3,2,4,0,3,1,0,1,0,0000000,99,99,99,99,99,99,0,0,0,1,0
6,62490,1,1,0,1,1,5,5,77,3770,31,12,2011,7,17,41,0,13,6,MARCH LN,,0,37.98804444,-121.325641670,0,8,0,0,1,1,1,0,5,1,0,1,0,0000000,99,99,99,99,88,88,0,0,0,1,1
6,62491,2,1,1,0,0,1,1,19,0,31,12,2011,7,18,18,0,4,4,MINNEWAWA AVE,WASHINGTON AVE,0,36.74811667,-119.709288890,0,33,0,0,3,3,4,0,2,1,0,1,0,0000000,18,19,99,99,99,99,0,0,0,1,1
6,62492,1,1,0,0,0,2,2,85,0,22,2,2011,3,18,49,0,14,6,CHYNOWETH AVE,,0,37.26027500,-121.854961110,0,30,0,0,1,1,4,0,3,1,0,1,0,0000000,99,99,99,99,99,99,0,0,0,1,1
6,62493,1,1,0,1,1,1,1,85,3340,26,11,2011,7,9,4,0,13,6,MONTEREY HWY,SENTER RD,0,37.27796944,-121.835291670,0,8,0,0,3,3,1,0,1,1,0,1,0,0000000,99,99,99,99,99,99,0,0,0,1,0
6,62494,1,1,0,0,0,1,1,111,0,20,12,2011,3,12,5,0,4,4,S.MOUNTAIN RD,,0,34.34649722,-119.050358330,0,34,0,0,1,1,4,0,1,1,0,1,0,0000000,99,99,99,99,88,88,0,0,0,1,0
6,62495,1,1,0,0,0,1,1,75,3290,21,12,2011,4,10,45,1,11,1,I-80,,77,37.80616944,-122.369080560,0,43,0,0,1,1,4,0,1,1,0,1,0,0000000,99,99,99,99,99,99,0,0,0,1,0
6,62496,1,1,0,0,0,2,2,47,0,31,12,2011,7,19,0,0,2,4,SANTA FE GRADE RD,,0,37.23105000,-120.933811110,0,43,0,0,1,1,4,0,2,1,0,1,0,0000000,99,99,99,99,99,99,4,0,0,1,1
6,62497,1,1,0,0,0,1,1,67,0,31,12,2011,7,99,99,0,4,4,BRANNAN ISLAND RD,,0,38.11130000,-121.584100000,0,1,0,0,1,1,4,0,2,1,0,1,0,0000000,99,99,99,99,88,88,0,0,0,1,1
6,62498,1,1,0,0,0,1,1,71,680,17,9,2011,7,3,20,0,13,6,KIMBALL AVE,,0,33.96829444,-117.679975000,0,1,0,0,1,1,4,0,3,10,0,10,0,0000000,99,99,99,99,88,88,0,0,0,1,1
6,62499,2,2,0,0,0,4,4,17,0,17,5,2011,3,15,10,0,5,4,GREENSTONE RD,,0,38.68046111,-120.887261110,0,12,6,0,1,1,1,0,1,2,0,2,0,0000000,99,99,99,99,99,99,0,0,0,1,0
6,62500,1,1,0,1,1,1,1,37,0,16,9,2011,6,11,57,0,3,4,HAWTHORNE BL,105TH ST,0,33.94087500,-118.352527780,0,9,0,0,2,3,1,0,1,10,0,10,0,0000000,99,99,99,99,99,99,0,0,0,1,0
6,62501,2,2,0,0,0,2,2,73,3260,1,10,2011,7,3,5,1,11,1,I-15,,159,32.91385833,-117.116472220,0,12,1,0,1,1,1,1,3,10,0,10,0,0000000,99,99,99,99,88,88,0,0,0,1,1
6,62502,1,1,0,0,0,2,2,37,1980,26,11,2011,7,4,30,1,11,1,I-110 RAMP,,111,33.88943056,-118.285300000,0,24,0,1,5,1,4,0,3,1,0,1,0,0000000,99,99,99,99,99,99,0,0,0,1,1
6,62503,1,1,0,0,0,1,1,37,3470,7,12,2011,4,15,5,0,16,6,ARIZONA AVE,7TH ST,0,34.02007778,-118.493905560,0,1,0,0,3,2,1,0,1,1,0,1,0,0000000,99,99,99,99,99,99,0,0,0,1,0
6,62504,1,1,0,1,1,1,1,73,3260,1,10,2011,7,3,14,1,11,1,I-15,,159,32.91390000,-117.116650000,0,8,0,0,1,1,1,1,3,1,0,1,0,0000000,99,99,99,99,88,88,19,0,0,1,0
6,62505,2,2,0,0,0,3,3,71,0,23,11,2011,4,14,25,0,4,4,SUNFAIR RD,SUNFLOWER RD,0,34.17145556,-116.247175000,0,12,6,0,2,2,1,0,1,1,0,1,0,0000000,99,99,99,99,99,99,0,0,0,1,1
6,62506,1,1,0,1,1,1,1,73,2510,10,4,2011,1,20,41,0,14,6,MISSION AVE,,0,33.24994167,-117.270366670,0,8,0,0,1,1,1,0,3,10,0,10,0,0000000,99,99,99,99,88,88,0,0,0,1,0
6,62507,4,4,0,0,0,7,7,59,1790,19,11,2011,7,17,40,0,13,6,LAMBERT RD,,0,33.92464167,-117.940825000,0,12,8,0,1,1,1,0,3,10,0,10,0,0000000,99,99,99,99,99,99,0,0,0,1,1
6,62508,1,1,0,1,1,1,1,17,0,16,10,2011,1,9,55,0,3,4,GREEN VALLEY ROAD,,0,38.70535000,-121.104047220,0,8,0,0,1,1,1,0,1,1,0,1,0,0000000,99,99,99,99,99,99,0,0,0,1,0
6,62509,1,1,0,1,1,1,1,85,1420,14,3,2011,2,11,7,0,14,6,FARRELL AVE,SEVERANCE ST,0,37.03116389,-121.582863890,0,8,0,0,2,3,1,3,1,98,0,98,0,0000000,99,99,99,99,88,88,0,0,0,1,0