STATE,ST_CASE,VE_TOTAL,VE_FORMS,PVH_INVL,PEDS,PERNOTMVIT,PERMVIT,PERSONS,COUNTY,CITY,DAY,MONTH,YEAR,DAY_WEEK,HOUR,MINUTE,NHS,ROAD_FNC,ROUTE,TWAY_ID,TWAY_ID2,MILEPT,LATITUDE,LONGITUD,SP_JUR,HARM_EV,MAN_COLL,RELJCT1,RELJCT2,TYP_INT,REL_ROAD,WRK_ZONE,LGT_COND,WEATHER1,WEATHER2,WEATHER,SCH_BUS,RAIL,NOT_HOUR,NOT_MIN,ARR_HOUR,ARR_MIN,HOSP_HR,HOSP_MN,CF1,CF2,CF3,FATALS,DRUNK_DR
6,62510,1,1,0,0,0,2,2,89,2950,4,5,2011,4,19,55,0,14,6,DERSCH RD,,0,40.47632500,-122.187338890,0,30,0,0,1,1,2,0,5,1,0,1,0,0000000,99,99,99,99,99,99,0,0,0,1,0
6,62511,2,2,0,0,0,2,2,37,1980,3,8,2011,4,14,20,0,13,6,LOS FELIZ BLVD,ROWENA AVE,0,34.11275278,-118.282786110,0,12,6,0,2,3,1,0,1,1,0,1,0,0000000,99,99,99,99,99,99,0,0,0,1,0
6,62512,2,2,0,0,0,3,3,67,712,9,9,2011,6,7,33,0,13,6,ANTELOPE RD,MARIPOSA AVE,0,38.70558611,-121.281166670,0,12,6,0,2,2,1,0,1,1,0,1,0,0000000,99,99,99,99,99,99,0,0,0,1,0
6,62513,2,1,1,1,1,2,2,37,1980,18,9,2011,1,18,50,0,16,6,53RD ST,,0,33.99424444,-118.270327780,0,38,0,0,1,1,5,0,5,1,0,1,0,0000000,99,99,99,99,99,99,14,0,0,1,1
6,62514,2,2,0,1,1,2,2,71,4291,5,11,2011,7,18,40,1,13,3,SR-62,GERONIMO TRAIL,100,34.11831944,-116.450313890,0,8,0,0,3,3,1,0,3,1,0,1,0,0000000,99,99,99,99,88,88,0,0,0,1,0
6,62515,2,2,0,0,0,3,3,37,1980,21,11,2011,2,1,50,0,15,6,7TH ST,OLIVE ST,0,34.04656389,-118.255533330,0,12,6,0,2,2,1,0,3,10,0,10,0,0000000,99,99,99,99,99,99,0,0,0,1,2
6,62516,1,1,0,1,1,1,1,71,3210,26,12,2011,2,18,2,0,15,6,LYNWOOD DR,MOUNTAIN AVE,0,34.14673611,-117.256777780,0,8,0,0,3,2,1,0,2,1,0,1,0,0000000,99,99,99,99,99,99,0,0,0,1,0
6,62517,1,1,0,0,0,3,3,65,850,13,5,2011,6,16,5,0,16,6,CLEVELAND AVE,65TH ST,0,33.96725556,-117.567063890,0,5,0,0,2,2,1,0,1,98,0,98,0,0000000,99,99,99,99,99,99,0,0,0,1,0
6,62518,1,1,0,0,0,2,2,37,1980,1,11,2011,3,20,30,1,11,1,I-405,,211,33.92913056,-118.368519440,0,1,0,0,1,1,4,0,3,1,0,1,0,0000000,99,99,99,99,99,99,0,0,0,1,1
6,62519,1,1,0,1,1,2,2,85,3340,9,11,2011,4,18,53,0,13,6,TULLY RD,LA RAGIONE AVE,0,37.30973611,-121.844802780,0,9,0,0,3,3,1,0,2,1,0,1,0,0000000,99,99,99,99,99,99,0,0,0,1,0
6,62520,4,4,0,0,0,10,10,71,3210,11,11,2011,6,21,49,0,14,6,MOUNT VERNON AVE,5TH ST,0,34.10841111,-117.313788890,0,12,6,0,2,2,1,0,3,10,0,10,0,0000000,99,99,99,99,99,99,0,0,0,1,0
6,62521,2,2,0,0,0,2,2,59,1660,6,12,2011,3,13,52,0,13,6,BROOKHURST,,0,33.67038333,-117.953913890,0,12,6,0,8,1,1,0,1,1,0,1,0,0000000,99,99,99,99,88,88,0,0,0,1,0
6,62522,2,2,0,1,1,2,2,37,0,12,12,2011,2,23,10,0,2,4,WILSHIRE BL,,0,34.05499722,-118.453872220,0,12,1,1,18,1,1,0,3,10,0,10,0,0000000,99,99,99,99,99,99,0,0,0,1,2
6,62523,2,2,0,0,0,4,4,71,3210,15,12,2011,5,7,39,0,13,6,S PEPPER AVE,POPLAR ST,0,34.09414722,-117.352897220,0,12,2,0,2,2,1,0,1,1,0,1,0,0000000,7,39,99,99,99,99,0,0,0,1,0
6,62524,2,2,0,2,2,1,1,29,0,16,12,2011,6,19,29,0,3,4,NORRIS RD,DIANE DR,0,35.41958056,-119.031600000,0,8,0,0,3,3,1,0,3,1,0,1,0,0000000,19,30,99,99,88,88,0,0,0,2,0
6,62525,2,2,0,0,0,3,3,99,0,18,12,2011,1,13,0,1,2,3,SR-33,MARSHALL RD,102,37.43516944,-121.101966670,0,12,6,0,2,2,1,0,1,1,0,1,0,0000000,99,99,99,99,99,99,0,0,0,1,0
6,62526,2,2,0,1,1,2,2,99,1650,30,12,2011,6,6,36,0,15,6,SANTA FE DR,,0,37.59318056,-120.865319440,0,8,0,0,1,1,1,0,2,1,0,1,0,0000000,99,99,99,99,99,99,0,0,0,1,0
6,62527,1,1,0,1,1,1,1,85,3340,18,12,2011,1,1,43,1,11,1,I-680 RAMP,JACKSON AVE,12,37.35285000,-121.837494440,0,8,0,1,5,1,2,0,2,1,0,1,0,0000000,99,99,99,99,88,88,0,0,0,1,0
6,62528,2,1,1,1,1,2,2,85,3340,16,4,2011,7,1,59,0,16,6,CHERRY AVE,AVALON DR,0,37.27689722,-121.891577780,0,9,0,0,2,3,1,0,3,1,0,1,0,0000000,99,99,99,99,88,88,14,0,0,1,1
6,62529,1,1,0,1,1,1,1,65,2935,23,7,2011,7,22,53,0,13,6,HWY 111,,0,33.76741111,-116.445102780,0,9,0,0,1,1,1,0,2,1,0,1,0,0000000,99,99,99,99,88,88,0,0,0,1,0
6,62530,2,2,0,0,0,2,2,111,538,14,12,2011,4,11,38,1,2,2,US-101,,123,34.21276111,-119.005411110,0,12,7,1,18,1,1,0,1,1,0,1,0,0000000,99,99,99,99,99,99,0,0,0,1,0
6,62531,2,2,0,0,0,9,9,19,0,2,9,2011,6,5,55,0,6,4,BELMONT AVE,,0,36.74895000,-120.467550000,0,54,11,0,1,1,1,0,2,1,0,1,0,0000000,5,58,6,5,99,99,14,0,0,3,0
6,62532,2,2,0,1,1,2,2,1,340,26,11,2011,7,22,49,1,11,1,I-80,,68,37.88009167,-122.307583330,0,8,0,0,1,1,1,0,3,10,0,10,0,0000000,99,99,99,99,88,88,0,0,0,1,0
6,62533,2,2,0,0,0,4,4,65,3851,24,12,2011,7,22,41,0,14,6,RANCHO CALIFORNIA RD,MEADOWS PKY,0,33.51405833,-117.104805560,0,12,6,0,2,2,1,0,3,1,0,1,0,0000000,99,99,99,99,99,99,0,0,0,1,1
6,62534,1,1,0,0,0,1,1,37,1980,28,8,2011,1,4,0,1,11,1,I-405,,243,33.97433889,-118.381988890,0,21,0,1,18,1,4,0,2,1,0,1,0,0000000,99,99,99,99,88,88,0,0,0,1,1
6,62535,1,1,0,2,2,1,1,37,2645,2,9,2011,6,18,10,0,16,6,APOLENA WY,QUITO WY,0,34.54699444,-118.077997220,0,8,0,0,2,3,1,0,5,1,0,1,0,0000000,99,99,99,99,99,99,0,0,0,1,0
6,62536,3,3,0,0,0,5,5,81,1065,28,9,2011,4,5,25,0,14,6,UNIVERSITY AVE,,0,37.47140000,-122.139622220,0,12,2,0,1,1,1,0,3,1,0,1,0,0000000,99,99,99,99,88,88,20,0,0,1,0
6,62537,3,3,0,0,0,3,3,37,3870,26,5,2011,5,12,32,0,13,3,SR-107,227TH ST,13,33.82226111,-118.351047220,0,12,7,0,2,3,1,0,1,1,0,1,0,0000000,99,99,99,99,99,99,0,0,0,1,0
6,62538,1,1,0,0,0,7,7,43,4265,19,7,2011,3,7,15,0,2,3,SR-120,,565,37.85078611,-119.659197220,1,35,0,0,1,1,4,0,1,98,0,98,0,0000000,99,99,99,99,99,99,0,0,0,1,0
6,62539,2,2,0,0,0,2,2,1,2480,28,9,2011,4,15,15,0,13,6,TELEGRAPH AVE,,0,37.82065833,-122.266750000,0,12,1,0,1,1,1,0,1,1,0,1,0,0000000,99,99,99,99,99,99,0,0,0,1,0
6,62540,1,1,0,1,1,1,1,7,2600,18,10,2011,3,99,99,0,13,3,SR-162,FOOTHILL BL,185,39.50145000,-121.531425000,0,8,0,0,3,2,1,0,1,1,0,1,0,0000000,99,99,99,99,99,99,0,0,0,1,0
6,62541,1,1,0,0,0,2,2,37,1970,1,4,2011,6,23,44,0,14,6,ATLANTIC AVE,WARDLOW RD,0,33.81896944,-118.185022220,0,42,0,0,3,2,5,0,3,1,0,1,0,0000000,99,99,99,99,99,99,0,0,0,1,1
6,62542,2,2,0,3,3,1,1,37,1980,4,9,2011,1,2,37,1,11,1,I-110,,184,33.99476111,-118.280688890,0,12,1,0,1,1,2,0,3,1,0,1,0,0000000,99,99,99,99,99,99,0,0,0,1,1
6,62543,2,2,0,0,0,2,2,37,1047,16,9,2011,6,23,10,0,13,6,HUNTINGTON DR,,0,34.13961389,-117.978736110,0,12,1,0,1,1,1,0,3,1,0,1,0,0000000,99,99,99,99,99,99,0,0,0,1,1
6,62544,1,1,0,1,1,2,2,59,0,18,9,2011,1,0,25,0,13,6,W KATELLA AVE,S EASY WAY,0,33.80310278,-117.947961110,0,8,0,0,3,3,1,0,3,10,0,10,0,0000000,99,99,99,99,99,99,0,0,0,1,0
6,62545,1,1,0,1,1,1,1,67,3150,16,11,2011,4,18,8,0,13,6,NORWOOD AVE,,0,38.64290556,-121.456922220,0,8,0,0,1,1,1,0,3,1,0,1,0,0000000,99,99,99,99,99,99,0,0,0,1,0
6,62546,2,2,0,1,1,2,2,59,80,22,10,2011,7,5,12,0,13,3,SR-39,,122,33.82554444,-117.993250000,0,8,0,0,1,1,1,0,3,1,0,1,0,0000000,99,99,99,99,88,88,0,0,0,1,0
6,62547,1,1,0,0,0,2,2,65,2420,31,7,2011,1,1,34,1,11,1,I-15,,429,33.91896667,-117.557119440,0,5,0,0,1,1,1,0,3,98,0,98,0,0000000,99,99,99,99,99,99,0,0,0,1,0
6,62548,2,2,0,0,0,2,2,67,1108,10,8,2011,4,12,23,0,14,6,BRADSHAW RD,,0,38.41091389,-121.334694440,0,12,2,0,1,1,1,0,1,1,0,1,0,0000000,99,99,99,99,88,88,0,0,0,1,0
6,62549,1,1,0,0,0,1,1,37,0,1,9,2011,5,12,55,1,2,3,SR-14,,433,34.47723889,-118.302438890,0,39,0,0,1,1,3,0,1,1,0,1,0,0000000,99,99,99,99,99,99,0,0,0,1,0
6,62550,1,1,0,0,0,1,1,37,4190,29,11,2011,3,11,28,0,13,6,SLAUSON AVE,,0,33.96111111,-118.054716670,0,42,0,0,1,1,3,0,1,1,0,1,0,0000000,99,99,99,99,88,88,0,0,0,1,0
6,62551,1,1,0,0,0,1,1,81,2625,18,12,2011,1,15,29,0,14,6,SHARP PARK RD,,0,37.62941389,-122.477997220,0,33,0,0,1,1,3,0,1,1,0,1,0,0000000,99,99,99,99,99,99,0,0,0,1,1
6,62552,1,1,0,1,1,1,1,65,1003,14,7,2011,5,20,48,0,14,6,PALM DR,,0,33.93487500,-116.501591670,0,9,0,0,1,1,1,0,2,1,0,1,0,0000000,99,99,99,99,99,99,0,0,0,1,0
6,62553,1,1,0,0,0,2,2,37,1980,26,10,2011,4,8,6,0,16,6,MOHAWK ST,MARATHON ST,0,34.07630000,-118.265622220,0,18,0,0,3,3,2,0,1,1,0,1,0,0000000,99,99,99,99,99,99,0,0,0,1,0
6,62554,1,1,0,1,1,1,1,73,560,20,11,2011,1,3,12,0,14,6,CARLSBAD VILLAGE DR,,0,33.15874444,-117.349955560,0,8,0,0,1,1,1,0,3,2,0,2,0,0000000,99,99,99,99,99,99,0,0,0,1,0
6,62555,2,2,0,0,0,7,7,111,538,24,12,2011,7,21,44,0,13,3,SR-34,5TH ST,84,34.20548056,-119.040569440,0,12,6,0,2,3,1,0,3,1,0,1,0,0000000,99,99,99,99,99,99,0,0,0,1,1
6,62556,1,1,0,1,1,2,2,23,0,27,12,2011,3,9,23,0,3,4,MYRTLE AVE,MOORE AVE,0,40.78532222,-124.130975000,0,18,0,0,2,2,1,1,1,10,0,10,0,0000000,99,99,99,99,99,99,0,0,0,1,0
6,62557,1,1,0,1,1,1,1,59,1410,29,12,2011,5,16,46,0,13,6,CHAPMAN AVE,GILBERT ST,0,33.78853611,-117.967400000,0,9,0,0,2,2,1,0,5,1,0,1,0,0000000,99,99,99,99,99,99,16,0,0,1,0
6,62558,2,2,0,1,1,1,1,95,4020,13,4,2011,4,20,38,0,14,6,TUOLUMNE ST,,0,38.13658333,-122.247947220,0,12,7,0,1,1,1,0,3,1,0,1,0,0000000,99,99,99,99,99,99,0,0,0,1,1
6,62559,1,1,0,0,0,1,1,37,3690,5,9,2011,2,1,30,0,16,6,GARFIELD AVE,,0,33.91780278,-118.168944440,0,59,0,0,1,1,3,0,3,10,0,10,0,0000000,99,99,99,99,99,99,0,0,0,1,1
6,62560,2,2,0,0,0,2,2,65,1580,9,10,2011,1,20,56,1,13,3,SR-74,WARREN RD,369,33.74386389,-117.032725000,0,12,6,0,2,2,1,0,3,1,0,1,0,0000000,99,99,99,99,99,99,0,0,0,1,0
6,62561,1,1,0,1,1,1,1,79,2780,19,11,2011,7,18,50,0,14,6,SHELL BEACH RD,,0,35.16582778,-120.689880560,0,8,0,0,1,1,1,0,3,1,0,1,0,0000000,99,99,99,99,99,99,0,0,0,1,0
6,62562,1,1,0,1,1,2,2,85,3340,25,5,2011,4,7,55,0,13,6,MONTEREY RD,SOUTHSIDE DR,0,37.28759167,-121.845294440,0,8,0,0,3,3,1,0,1,1,0,1,0,0000000,99,99,99,99,99,99,0,0,0,1,0
6,62563,2,2,0,0,0,3,3,19,0,23,8,2011,3,11,2,1,2,3,SR-41,SOUTH AVE,155,36.61977222,-119.786125000,0,12,6,0,3,2,1,0,1,1,0,1,0,0000000,99,99,99,99,99,99,0,0,0,1,0
6,62564,1,1,0,1,1,1,1,67,1108,21,9,2011,4,15,25,0,15,6,LAGUNA SPRINGS DR,CIVIC CENTER DR,0,38.40659167,-121.395641670,0,9,0,0,2,2,1,0,1,1,0,1,0,0000000,99,99,99,99,99,99,0,0,0,1,0
6,62565,1,1,0,0,0,1,1,95,0,8,11,2011,3,6,50,0,6,4,BOYCE RD,,0,38.52060000,-121.942600000,0,42,0,0,1,1,2,0,1,1,0,1,0,0000000,99,99,99,99,88,88,0,0,0,1,0
6,62566,1,1,0,0,0,1,1,1,2480,27,7,2011,4,1,31,1,11,1,I-880 RAMP,29TH AVE,287,37.77512500,-122.233288890,0,24,0,0,3,2,4,0,3,1,0,1,0,0000000,99,99,99,99,99,99,20,0,0,1,1
6,62567,2,2,0,0,0,2,2,1,10,10,9,2011,7,15,38,0,13,3,SR-260,,19,37.79195833,-122.274272220,0,23,0,0,1,1,4,0,1,1,0,1,0,0000000,99,99,99,99,88,88,14,0,0,1,1
6,62568,1,1,0,0,0,1,1,37,1980,13,6,2011,2,7,30,0,16,6,ANAHEIM ST,MARINE AVE,0,33.77991944,-118.263700000,0,59,0,0,3,1,4,0,1,10,0,10,0,0000000,99,99,99,99,99,99,0,0,0,1,0
6,62569,1,1,0,1,1,1,1,81,3240,14,9,2011,4,10,53,0,14,6,ALAMEDA DE LAS PULGAS,CARMELITA DR,0,37.50172778,-122.270583330,0,8,0,0,3,2,1,0,1,1,0,1,0,0000000,99,99,99,99,99,99,0,0,0,1,0
6,62570,3,3,0,0,0,8,8,31,0,29,12,2011,5,17,40,0,3,4,LACEY BLVD,,0,36.32806111,-119.696483330,0,12,1,0,1,1,1,0,3,1,0,1,0,0000000,99,99,99,99,99,99,0,0,0,1,0
6,62571,1,1,0,1,1,2,2,37,1980,31,12,2011,7,15,50,0,14,6,MAIN ST,,0,33.98674444,-118.273936110,0,9,0,0,1,1,1,0,1,1,0,1,0,0000000,99,99,99,99,99,99,0,0,0,1,0
6,62572,1,1,0,1,1,1,1,71,680,29,7,2011,6,23,21,0,13,6,CENTRAL AVE,MT VERNON,0,34.02343611,-117.689266670,0,8,0,0,3,3,1,0,3,1,0,1,0,0000000,99,99,99,99,99,99,0,0,0,1,0
6,62573,1,1,0,2,2,1,1,37,1980,22,11,2011,3,6,15,0,13,6,LA BREA AVE,OAKWOOD AVE,0,34.07823056,-118.344066670,0,8,0,0,3,2,1,0,4,5,0,5,0,0000000,99,99,99,99,99,99,0,0,0,1,0
6,62574,3,3,0,0,0,3,3,37,2458,13,10,2011,5,16,25,0,14,6,STUDEBAKER RD,,0,33.91626111,-118.099302780,0,12,6,0,1,1,1,0,1,1,0,1,0,0000000,99,99,99,99,99,99,0,0,0,1,0
6,62575,2,2,0,0,0,3,3,37,1980,1,11,2011,3,13,0,0,16,6,76TH ST,ST ANDREWS PL,0,33.97090278,-118.311163890,0,12,6,0,2,2,1,0,1,1,0,1,0,0000000,99,99,99,99,99,99,0,0,0,1,0
6,62576,2,2,0,0,0,10,10,75,3290,13,10,2011,5,21,16,0,13,3,SR-1,BROTHERHOOD WY,3,37.71276667,-122.471375000,0,12,1,0,3,1,1,0,3,1,0,1,0,0000000,99,99,99,99,99,99,23,0,0,1,0
6,62577,3,1,2,0,0,1,1,73,1080,10,10,2011,2,10,49,0,14,6,JAMACHA RD,,0,32.79471111,-116.935725000,0,14,0,0,1,1,7,0,1,1,0,1,0,0000000,99,99,99,99,99,99,20,0,0,1,0
6,62578,1,1,0,1,1,1,1,37,1980,8,12,2011,5,21,25,0,13,3,SR-1,,132,33.78947222,-118.307275000,0,8,0,0,1,1,1,0,3,1,0,1,0,0000000,99,99,99,99,88,88,0,0,0,1,0
6,62579,1,1,0,1,1,1,1,65,1801,31,12,2011,7,18,48,0,14,6,E LAKESHORE DR,,0,33.66165000,-117.309602780,0,15,0,0,1,1,1,0,3,1,0,1,0,0000000,99,99,99,99,19,7,0,0,0,1,0
6,62580,1,1,0,0,0,1,1,27,0,14,10,2011,6,17,0,0,4,4,BLACK CYN RD,,0,37.29298889,-118.277469440,0,17,0,0,1,1,4,0,1,1,0,1,0,0000000,99,99,99,99,99,99,4,6,0,1,0
6,62581,1,1,0,0,0,2,2,73,2510,15,12,2011,5,12,35,0,13,6,EL CAMINO REAL,,0,33.18892500,-117.328133330,0,25,0,0,1,1,3,0,1,10,0,10,0,0000000,99,99,99,99,99,99,0,0,0,2,0
6,62582,2,2,0,0,0,2,2,37,350,23,10,2011,1,13,33,0,13,6,SUNSET BL,N ALTA DR,0,34.08879722,-118.395255560,0,12,6,0,2,3,1,0,1,1,0,1,0,0000000,99,99,99,99,99,99,0,0,0,1,0
6,62583,2,2,0,0,0,2,2,111,2620,18,3,2011,6,10,45,1,12,2,US-101,,106,34.22216389,-119.126830560,0,12,7,1,18,1,1,0,1,1,0,1,0,0000000,99,99,99,99,88,88,0,0,0,1,1
6,62584,1,1,0,1,1,1,1,19,0,26,9,2011,2,7,28,0,4,4,CALIFORNIA AVE,,0,36.72143056,-119.597269440,0,9,0,0,1,1,1,0,1,1,0,1,0,0000000,99,99,99,99,99,99,0,0,0,1,0
6,62585,2,2,0,0,0,2,2,85,1420,20,10,2011,5,15,15,0,16,6,HANNA ST,5TH ST,0,37.00695000,-121.574205560,0,12,6,0,2,2,1,0,1,1,0,1,0,0000000,99,99,99,99,88,88,0,0,0,1,0
6,62586,1,1,0,1,1,2,2,85,3340,14,12,2011,4,18,4,0,14,6,MCLAUGHLIN AVE,WINSLOW DR,0,37.33030000,-121.851325000,0,8,0,0,3,3,1,0,3,1,0,1,0,0000000,99,99,99,99,99,99,0,0,0,1,0
6,62587,1,1,0,0,0,1,1,71,1603,22,10,2011,7,16,42,0,14,6,SUMMIT VLY RD,,0,34.38198611,-117.311766670,0,1,0,0,1,1,4,0,2,98,0,98,0,0000000,99,99,99,99,88,88,0,0,0,1,1
6,62588,3,3,0,0,0,3,3,77,3770,21,11,2011,2,5,23,1,13,6,MLK BL,,0,37.94998333,-121.246475000,0,12,2,0,1,1,1,0,2,5,0,5,0,0000000,5,23,99,99,99,99,0,0,0,1,0
6,62589,2,2,0,0,0,2,2,37,0,15,10,2011,7,14,9,0,2,4,LA BREA AVE,,0,33.99346944,-118.358988890,0,12,7,0,1,1,1,0,1,1,0,1,0,0000000,99,99,99,99,88,88,0,0,0,1,0
6,62590,1,1,0,1,1,1,1,1,2480,3,12,2011,7,18,12,0,14,6,MARKET ST,57TH ST,0,37.84161944,-122.274400000,0,9,0,0,2,7,1,0,3,1,0,1,0,0000000,99,99,99,99,99,99,0,0,0,1,0
6,62591,1,1,0,1,1,1,1,85,3340,10,6,2011,6,14,1,0,13,6,SARATOGA AVE,,0,37.29356667,-121.990161110,0,8,0,0,1,1,1,0,1,1,0,1,0,0000000,99,99,99,99,99,99,0,0,0,1,0
6,62592,1,1,0,0,0,2,2,65,750,18,12,2011,1,0,24,0,13,3,SR-111,,285,33.69491389,-116.187055560,0,42,0,0,1,1,3,0,3,10,0,10,0,0000000,99,99,99,99,99,99,0,0,0,1,1
6,62593,1,1,0,1,1,1,1,37,3690,1,11,2011,3,6,51,0,13,6,GARFIELD AVE,,0,33.94358611,-118.166930560,0,9,0,0,8,1,1,0,4,10,0,10,0,0000000,99,99,99,99,88,88,16,0,0,1,0
6,62594,2,2,0,0,0,3,3,13,820,25,10,2011,3,17,43,0,14,6,GRANT ST,FAIRFIELD AVE,0,37.98765000,-122.039694440,0,12,6,0,2,2,1,0,1,1,0,1,0,0000000,99,99,99,99,99,99,20,0,0,1,0
6,62595,2,2,0,0,0,4,4,13,2790,31,10,2011,2,10,39,0,14,6,BUCHANAN RD,RAILROAD AVE,0,37.99810556,-121.896586110,0,12,2,0,2,2,1,0,1,98,0,98,0,0000000,99,99,99,99,99,99,20,0,0,2,0
6,62596,1,1,0,1,1,1,1,77,3770,10,11,2011,5,21,58,0,13,6,WEST LANE,,0,37.97142778,-121.278680560,0,8,0,0,1,1,1,0,3,1,0,1,0,0000000,99,99,99,99,99,99,0,0,0,1,0
6,62597,1,1,0,1,1,1,1,77,3770,9,11,2011,4,7,22,0,15,6,EIGHT MILE RD,,0,38.05771667,-121.358486110,0,39,0,0,1,1,4,0,1,1,0,1,0,0000000,99,99,99,99,99,99,15,0,0,1,0
6,62598,2,2,0,0,0,3,3,37,3690,3,9,2011,7,23,1,0,16,6,S SOMERSET RANCH RD,PARAMOUNT BLVD,0,33.91118889,-118.160169440,0,44,0,0,3,2,1,0,3,1,0,1,0,0000000,99,99,99,99,99,99,0,0,0,1,1
6,62599,1,1,0,0,0,1,1,37,1980,18,1,2011,3,13,50,0,14,6,WOOLSEY CANYON RD,,0,34.23303333,-118.646433330,0,1,0,0,1,1,4,0,1,1,0,1,0,0000000,99,99,99,99,99,99,0,0,0,1,0
6,62600,2,2,0,0,0,4,4,65,3070,17,9,2011,7,21,48,1,11,1,I-215 RAMP,,434,33.99491111,-117.360450000,0,12,2,1,5,1,1,0,3,1,0,1,0,0000000,99,99,99,99,99,99,0,0,0,3,1
6,62601,1,1,0,1,1,1,1,65,2278,8,10,2011,7,9,5,0,15,6,GRAHAM ST,OLD VALLEY DR,0,33.93469167,-117.252688890,0,8,0,0,3,2,1,0,1,1,0,1,0,0000000,99,99,99,99,99,99,0,0,0,1,0
6,62602,1,1,0,0,0,2,2,71,115,27,12,2011,3,22,3,1,13,3,SR-18,,940,34.54052778,-117.265494440,0,34,0,0,1,1,4,0,3,1,0,1,0,0000000,99,99,99,99,99,99,0,0,0,1,0
6,62603,2,2,0,0,0,2,2,65,750,28,2,2011,2,6,25,0,13,6,S 86 EXPRESSWAY,AVENUE 52,0,33.67087222,-116.181683330,0,12,6,0,2,2,1,0,4,1,0,1,0,0000000,99,99,99,99,99,99,0,0,0,1,1
6,62604,1,1,0,0,0,1,1,73,2510,21,5,2011,7,2,50,0,6,6,MESA DR,,0,33.21417222,-117.319125000,0,1,0,0,1,1,4,0,3,1,0,1,0,0000000,99,99,99,99,88,88,0,0,0,1,1
6,62605,1,1,0,1,1,5,5,65,2276,22,7,2011,6,10,45,0,6,6,CACTUS AVE,,0,33.91008889,-117.203569440,0,9,0,0,1,1,4,0,1,1,0,1,0,0000000,99,99,99,99,99,99,0,0,0,1,0
6,62606,4,4,0,0,0,7,7,59,1660,7,10,2011,6,11,38,0,14,6,ADAMS,,0,33.67223889,-117.966000000,0,12,1,0,1,1,1,0,1,1,0,1,0,0000000,99,99,99,99,99,99,0,0,0,1,0
6,62607,2,2,0,1,1,6,6,19,1370,17,7,2011,1,15,30,1,12,3,SR-99 RAMP,,185,36.70710000,-119.776080560,0,59,0,0,5,1,4,0,1,1,0,1,0,0000000,99,99,99,99,99,99,20,0,0,1,1
6,62608,1,1,0,0,0,1,1,37,1980,7,11,2011,2,12,5,0,16,6,STRADELLA RD,,0,34.08751111,-118.451288890,0,33,0,0,1,1,4,0,1,1,0,1,0,0000000,99,99,99,99,99,99,0,0,0,1,0
6,62609,1,1,0,1,1,1,1,73,1080,21,12,2011,4,18,2,0,13,6,JAMACHA RD,,0,32.77635278,-116.927847220,0,8,0,0,1,1,1,0,3,1,0,1,0,0000000,99,99,99,99,88,88,0,0,0,1,1
6,62610,2,2,0,0,0,5,5,71,4000,20,3,2011,1,15,15,1,12,3,SR-210,,15,34.13479167,-117.670775000,0,12,7,1,18,1,1,0,1,2,0,2,0,0000000,99,99,99,99,99,99,0,0,0,1,0
6,62611,1,1,0,1,1,1,1,37,0,23,8,2011,3,21,0,0,2,4,CR-REDONDO BEACH BLVD,AVALON BLVD,0,33.89321944,-118.265250000,0,9,0,0,2,2,1,0,3,1,0,1,0,0000000,99,99,99,99,88,88,0,0,0,1,0
6,62612,1,1,0,1,1,1,1,85,3340,5,12,2011,2,16,36,0,13,6,MONTEREY HWY,,0,37.30069444,-121.858388890,0,8,0,9,99,9,1,0,5,99,0,99,0,0000000,99,99,99,99,88,88,0,0,0,1,0
6,62613,1,1,0,1,1,1,1,73,2510,5,5,2011,5,11,0,0,14,6,NORTH RIVER ROAD,CALLE MONTECITO,0,33.24533333,-117.308697220,0,8,0,0,3,2,1,8,1,98,0,98,0,0000000,99,99,99,99,99,99,0,0,0,1,0
6,62614,1,1,0,1,1,1,1,37,1980,21,9,2011,4,0,0,0,14,6,N FIGUEROA ST,,0,34.10614444,-118.199772220,0,8,0,0,1,1,1,0,6,1,0,1,0,0000000,99,99,99,99,99,99,0,0,0,1,0
6,62615,1,1,0,0,0,1,1,65,1690,24,9,2011,7,15,12,0,14,6,AVENUE 42,,0,33.74027222,-116.263819440,0,1,0,0,1,1,5,0,8,98,0,98,0,0000000,99,99,99,99,99,99,0,0,0,1,0
6,62616,1,1,0,0,0,1,1,71,4040,16,12,2011,6,7,55,0,6,4,CR-MONTE VISTA RD,,0,34.47750556,-117.434758330,0,1,0,0,1,1,4,0,1,99,0,99,0,0000000,99,99,99,99,88,88,0,0,0,1,0
6,62617,1,1,0,0,0,1,1,85,3340,10,12,2011,7,21,56,0,13,6,OAKLAND RD,,0,37.38289444,-121.895800000,0,30,0,0,99,9,4,8,6,98,0,98,0,0000000,99,99,99,99,99,99,99,99,99,1,1