STATE,ST_CASE,VE_TOTAL,VE_FORMS,PVH_INVL,PEDS,PERNOTMVIT,PERMVIT,PERSONS,COUNTY,CITY,DAY,MONTH,YEAR,DAY_WEEK,HOUR,MINUTE,NHS,ROAD_FNC,ROUTE,TWAY_ID,TWAY_ID2,MILEPT,LATITUDE,LONGITUD,SP_JUR,HARM_EV,MAN_COLL,RELJCT1,RELJCT2,TYP_INT,REL_ROAD,WRK_ZONE,LGT_COND,WEATHER1,WEATHER2,WEATHER,SCH_BUS,RAIL,NOT_HOUR,NOT_MIN,ARR_HOUR,ARR_MIN,HOSP_HR,HOSP_MN,CF1,CF2,CF3,FATALS,DRUNK_DR
6,62618,2,2,0,0,0,3,3,37,1980,7,7,2011,5,18,10,0,13,6,AVALON BLVD,MANCHESTER BLVD,0,33.96012500,-118.265127780,0,12,6,0,2,2,1,0,1,1,0,1,0,0000000,99,99,99,99,99,99,0,0,0,1,0
6,62619,1,1,0,1,1,1,1,19,3590,1,7,2011,6,21,1,0,15,6,THOMPSON AVE,,0,36.56990833,-119.619838890,0,8,0,0,1,1,1,0,3,1,0,1,0,0000000,99,99,99,99,99,99,0,0,0,1,0
32,320001,1,1,0,1,1,2,2,3,0,3,1,2011,2,15,25,0,14,6,FLAMINGO RD,,0,36.11519167,-115.097061110,0,8,0,0,1,1,1,0,1,10,0,10,0,0000000,15,26,15,31,15,45,0,0,0,1,0
32,320002,1,1,0,0,0,1,1,11,0,7,1,2011,6,12,10,0,4,3,SR-766,,29,40.80458333,-116.203388890,0,31,0,0,1,1,4,0,1,1,0,1,0,0000000,12,20,12,32,88,88,0,0,0,1,0
32,320003,1,1,0,0,0,1,1,3,120,8,1,2011,7,0,26,0,14,6,CHARLESTON BLVD,,0,36.15899444,-115.083458330,0,33,0,0,1,1,4,0,3,1,0,1,0,0000000,0,28,0,33,88,88,0,0,0,1,0
32,320004,1,1,0,0,0,1,1,3,0,8,1,2011,7,19,47,0,14,6,SUNSET RD,,0,36.07172778,-115.195019440,0,38,0,0,1,1,4,0,3,1,0,1,0,0000000,19,48,19,56,88,88,0,0,0,1,1
32,320005,3,3,0,0,0,3,3,3,0,11,1,2011,3,2,8,1,11,1,I-15,,330,36.04170833,-115.180952780,0,12,1,0,1,1,1,1,3,1,0,1,0,0000000,2,10,2,19,2,42,0,0,0,1,0
32,320006,1,1,0,0,0,1,1,7,0,13,1,2011,5,19,5,1,1,1,I-80,,1120,40.92816111,-114.333305560,0,31,0,0,1,1,3,0,2,10,0,10,0,0000000,19,22,19,59,88,88,0,0,0,1,0
32,320007,1,1,0,0,0,1,1,3,110,16,1,2011,1,14,43,0,16,6,GREYHOUND LN,KENNEL CLUB DR,0,36.01631944,-114.945352780,0,1,0,0,3,3,1,0,1,1,0,1,0,0000000,14,46,14,53,15,26,0,0,0,1,0
32,320008,1,1,0,0,0,1,1,23,0,17,1,2011,2,15,5,0,2,3,SR-160,,120,36.23486667,-115.999380560,0,41,0,0,1,1,4,0,1,1,0,1,0,0000000,15,10,15,15,15,30,0,0,0,1,0
32,320009,1,1,0,1,1,1,1,31,170,8,1,2011,7,17,39,0,13,6,MCCARRAN BLVD,SURTO ST,0,39.55647222,-119.798566670,0,8,0,0,2,2,1,0,3,1,0,1,0,0000000,17,40,17,43,17,59,0,0,0,1,0
32,320010,1,1,0,1,1,1,1,3,120,20,1,2011,5,9,52,0,14,6,LAS VEGAS BLVD,,0,36.17186944,-115.138883330,0,8,0,0,1,1,1,0,1,1,0,1,0,0000000,9,52,9,52,10,4,0,0,0,1,0
32,320011,1,1,0,0,0,1,1,17,0,21,1,2011,6,11,45,1,2,2,US-93,,630,37.61385278,-115.020905560,0,1,0,0,1,1,4,0,1,1,0,1,0,0000000,11,47,12,17,99,99,0,0,0,1,0
32,320012,1,1,0,1,1,1,1,31,170,24,1,2011,2,6,50,0,14,6,ARLINGTON AVE,4TH ST,0,39.52911389,-119.818141670,0,8,0,0,3,2,1,0,4,1,0,1,1,0000000,6,51,6,53,7,8,0,0,0,1,0
32,320013,4,4,0,0,0,5,5,3,0,27,1,2011,5,14,24,0,14,6,RAINBOW BLVD,EDNA AVE,0,36.13682500,-115.242847220,0,12,6,0,2,2,1,0,1,1,0,1,0,0000000,14,26,14,31,14,57,14,0,0,1,0
32,320014,2,2,0,0,0,4,4,3,0,27,1,2011,5,17,1,0,16,6,EL PASTOR LN,,0,36.10440000,-115.078022220,0,12,6,0,8,1,1,0,1,1,0,1,0,0000000,17,3,17,7,17,41,0,0,0,1,0
32,320015,2,2,0,0,0,3,3,19,0,28,1,2011,6,22,51,1,2,2,US-50,,120,39.30300278,-119.515430560,0,12,2,0,1,1,1,0,2,1,0,1,0,0000000,22,52,23,24,23,42,0,0,0,1,1
32,320016,1,1,0,0,0,1,1,17,0,4,2,2011,6,16,20,0,9,9,99999999999999999999,,0,36.88491667,-114.088583330,0,58,0,0,1,1,4,0,1,1,0,1,0,0000000,16,22,16,34,88,88,0,0,0,1,0
32,320017,1,1,0,1,1,1,1,31,170,3,2,2011,5,18,18,0,16,6,LONGLEY LN,,0,39.49603056,-119.753691670,0,8,0,0,1,1,1,0,2,1,0,1,0,0000000,18,18,18,24,18,44,0,0,0,1,0
32,320018,2,2,0,0,0,3,3,3,0,6,2,2011,1,16,28,0,13,6,CRAIG RD,LAMONT ST,0,36.24036389,-115.066494440,0,12,6,0,2,3,1,0,1,1,0,1,0,0000000,16,29,16,33,88,88,0,0,0,1,1
32,320019,2,2,0,0,0,2,2,3,0,12,2,2011,7,15,31,1,1,1,I-15,,1170,36.77615000,-114.149155560,0,12,2,0,1,1,1,0,1,1,0,1,0,0000000,15,35,15,42,16,19,0,0,0,1,0
32,320020,1,1,0,0,0,1,1,31,170,13,2,2011,1,6,52,0,14,6,KIETZKE LANE,,0,39.49991111,-119.789077780,0,30,0,0,1,1,4,0,3,1,0,1,0,0000000,6,52,6,56,88,88,0,0,0,1,0
32,320021,1,1,0,0,0,1,1,3,0,22,2,2011,3,0,10,1,2,2,US-95,,1002,36.41403056,-115.413694440,0,1,0,0,1,1,3,0,2,1,0,1,0,0000000,0,11,0,49,88,88,0,0,0,1,0
32,320022,2,2,0,0,0,4,4,1,0,1,3,2011,3,7,40,1,2,2,US-50,,182,39.48126944,-118.820341670,0,12,1,0,1,1,1,0,1,1,0,1,1,0000000,7,40,7,44,8,0,0,0,0,1,0
32,320023,1,1,0,0,0,4,4,15,0,5,3,2011,7,4,30,1,1,1,I-80,,70,40.61649444,-116.897472220,0,31,0,0,1,1,4,0,3,10,0,10,0,0000000,4,48,5,4,5,28,0,0,0,1,0
32,320024,1,1,0,0,0,1,1,31,170,9,3,2011,4,19,51,0,14,6,VIRGINIA ST,,0,39.55805556,-119.826536110,0,1,0,0,1,1,1,0,2,1,0,1,0,0000000,19,51,19,56,20,12,0,0,0,1,1
32,320025,1,1,0,0,0,1,1,3,110,12,3,2011,7,2,25,0,16,6,MARKS ST,LILAC ECHO DR,0,36.04424167,-115.037341670,0,1,0,0,3,1,1,0,3,1,0,1,0,0000000,2,25,2,33,88,88,0,0,0,1,1
32,320026,1,1,0,0,0,6,6,3,0,13,3,2011,1,1,5,1,11,1,I-15,,620,36.33302222,-114.920269440,0,1,0,0,1,1,4,0,2,10,0,10,0,0000000,1,10,1,24,3,16,0,0,0,1,0
32,320027,2,2,0,0,0,3,3,3,0,12,3,2011,7,19,23,0,14,6,WARM SPRINGS RD,SPENCER ST,0,36.05764167,-115.127566670,0,1,0,0,2,2,1,0,3,1,0,1,0,0000000,19,24,19,27,88,88,0,0,0,1,1
32,320028,1,1,0,1,1,1,1,3,120,15,3,2011,3,4,44,0,16,6,CIMARRON RD,,0,36.22467222,-115.269305560,0,33,0,0,1,1,4,0,3,1,0,1,0,0000000,4,46,4,51,5,13,0,0,0,1,1
32,320029,2,2,0,0,0,3,3,3,120,16,3,2011,4,18,15,0,14,6,VALLEY VIEW BLVD,EL CAMINO AVE,0,36.14648333,-115.190797220,0,1,0,0,2,2,1,0,1,1,0,1,0,0000000,18,16,18,24,18,41,0,0,0,1,0
32,320030,2,2,0,0,0,4,4,19,0,18,3,2011,6,6,48,1,2,2,US-50,,150,39.30934722,-119.504663890,0,12,6,0,1,1,1,0,4,1,0,1,0,0000000,6,53,7,16,7,39,0,0,0,1,1
32,320031,2,2,0,0,0,2,2,3,0,19,3,2011,7,3,48,0,16,6,HARMON AVE,,0,36.10801944,-115.162152780,0,12,6,0,8,1,1,0,3,1,0,1,0,0000000,3,48,3,51,4,10,0,0,0,1,0
32,320032,2,1,1,0,0,2,2,3,0,20,3,2011,1,21,36,0,16,6,LINDELL RD,PALMYRA AVE,0,36.13283889,-115.216527780,0,14,0,0,1,1,7,0,3,10,0,10,0,0000000,21,37,21,43,22,19,0,0,0,1,1
32,320033,1,1,0,0,0,2,2,3,0,21,3,2011,2,6,48,0,14,6,NELLIS BLVD,,0,36.19058333,-115.062261110,0,30,0,0,1,1,3,0,1,10,0,10,0,0000000,6,51,6,57,7,18,0,0,0,1,1
32,320034,1,1,0,1,1,4,4,3,0,24,3,2011,5,19,35,0,14,6,FLAMINGO RD,,0,36.11461667,-115.233627780,0,8,0,0,1,1,1,0,3,1,0,1,0,0000000,19,36,19,38,19,54,0,0,0,1,0
32,320035,3,3,0,0,0,3,3,3,150,25,3,2011,6,22,32,0,14,6,DECATUR BLVD,CASA BONITA DR,0,36.22658889,-115.207516670,0,12,6,0,2,3,1,0,3,1,0,1,0,0000000,22,33,22,39,22,50,14,0,0,1,0
32,320036,1,1,0,0,0,1,1,3,0,26,3,2011,7,1,13,1,11,1,I-15,,322,36.03671944,-115.180933330,0,18,0,0,1,1,4,1,3,1,0,1,0,0000000,1,14,1,26,1,39,0,0,0,1,1
32,320037,2,2,0,0,0,2,2,3,0,27,3,2011,1,3,2,1,12,2,US-95,,619,36.03134167,-115.012072220,0,25,0,0,1,1,3,0,3,1,0,1,0,0000000,3,11,3,17,3,51,0,0,0,1,1
32,320038,2,2,0,0,0,4,4,19,0,25,1,2011,3,10,32,0,5,5,PETE HENDRICHS RD,BYBEE LN,0,39.02907500,-119.051413890,0,12,6,0,2,2,1,0,1,1,0,1,0,0000000,10,32,10,42,11,9,0,0,0,1,0
32,320039,1,1,0,0,0,3,3,23,0,20,3,2011,1,3,24,0,5,5,BLAGG RD,,0,36.23429167,-116.014691670,0,1,0,0,1,1,4,0,3,1,0,1,0,0000000,3,36,3,40,3,55,0,0,0,1,0
32,320040,2,2,0,0,0,2,2,31,0,28,3,2011,2,22,13,1,12,2,US-395,,323,39.61368611,-119.856483330,0,12,2,0,1,1,1,0,2,1,0,1,0,0000000,22,2,22,32,22,45,0,0,0,1,1
32,320041,2,1,1,0,0,2,2,3,120,29,3,2011,3,22,59,0,16,6,OAKEY BLVD,,0,36.15194444,-115.109061110,0,31,0,0,1,1,4,0,3,1,0,1,0,0000000,22,59,99,99,88,88,0,0,0,2,1
32,320042,2,2,0,0,0,3,3,3,0,30,3,2011,4,11,21,0,14,6,TROPICANA AVE,PALM ST,0,36.10022500,-115.077850000,0,12,6,0,2,3,1,0,1,1,0,1,0,0000000,11,23,11,27,11,43,0,0,0,1,0
32,320043,1,1,0,0,0,5,5,3,0,3,4,2011,1,2,45,0,14,3,SR-147,,398,36.19246389,-114.921666670,0,1,0,0,1,1,1,0,2,10,0,10,0,0000000,99,99,99,99,99,99,0,0,0,3,1
32,320044,1,1,0,1,1,1,1,19,0,4,4,2011,2,20,56,0,3,3,SR-828,,10,39.59262778,-119.226886110,0,8,0,0,1,1,1,0,3,1,0,1,0,0000000,20,52,20,57,21,41,0,0,0,1,0
32,320045,1,1,0,0,0,1,1,3,110,5,4,2011,3,23,6,0,14,6,WARM SPRINGS RD,,0,36.05049444,-114.998005560,0,42,0,0,1,1,4,0,3,1,0,1,0,0000000,23,9,23,13,23,24,0,0,0,1,1
32,320046,1,1,0,0,0,2,2,3,0,3,4,2011,1,4,56,0,15,6,MOUNTAIN VISTA ST,,0,36.11574722,-115.073788890,0,30,0,0,1,1,4,0,3,1,0,1,0,0000000,4,58,5,2,5,29,0,0,0,1,1
32,320047,1,1,0,1,1,2,2,3,120,8,4,2011,6,21,17,0,14,6,MARTIN L KING BLVD,ALTA DR,0,36.16626667,-115.160836110,0,8,0,0,2,2,1,0,3,1,0,1,0,0000000,21,17,21,20,21,32,0,0,0,1,0
32,320048,4,4,0,0,0,4,4,3,0,8,4,2011,6,13,46,0,16,6,FASHION SHOW DR,,0,36.12922778,-115.174233330,0,12,6,0,8,1,1,0,1,1,0,1,0,0000000,13,46,99,99,99,99,0,0,0,1,1
32,320049,1,1,0,0,0,1,1,3,0,17,3,2011,5,9,25,0,14,6,RAINBOW BLVD,,0,36.09316111,-115.242983330,0,39,0,0,1,1,4,0,1,10,0,10,0,0000000,9,27,9,30,9,48,0,0,0,1,1
32,320050,2,2,0,0,0,3,3,3,0,9,4,2011,7,6,3,0,14,6,DESERT INN RD,,0,36.12976667,-115.107688890,0,39,0,0,1,1,4,0,4,1,0,1,0,0000000,6,5,6,8,6,22,0,0,0,1,1
32,320051,1,1,0,0,0,1,1,7,0,12,4,2011,3,7,20,0,9,4,CR-715,SR-228,0,40.42204722,-115.667163890,0,35,0,0,2,3,4,0,1,10,0,10,0,0000000,7,23,7,34,8,3,0,0,0,1,1
32,320052,1,1,0,0,0,3,3,9,0,12,4,2011,3,19,50,1,2,2,US-95,,441,38.11883611,-117.387391670,0,31,0,0,1,1,4,0,2,1,0,1,0,0000000,19,46,19,56,20,13,0,0,0,1,0
32,320053,1,1,0,0,0,1,1,7,0,15,4,2011,6,23,30,0,6,5,POKER LN,US-93,0,41.98985278,-114.670419440,0,1,0,0,2,3,1,0,2,10,0,10,0,0000000,23,29,99,99,99,99,0,0,0,1,1
32,320054,2,2,0,0,0,2,2,31,170,31,1,2011,2,17,17,0,13,6,4TH ST,WASHINGTON ST,0,39.52818333,-119.823383330,0,12,6,0,2,2,1,0,5,1,0,1,0,0000000,17,18,17,21,17,40,0,0,0,1,1
32,320055,3,3,0,0,0,6,6,3,150,14,4,2011,5,15,59,0,14,6,CRAIG RD,FERRELL ST,0,36.23937222,-115.184780560,0,12,6,0,2,2,1,0,1,1,0,1,0,0000000,16,1,16,5,17,3,14,0,0,1,1
32,320056,2,2,0,0,0,2,2,19,0,16,4,2011,7,16,30,1,2,2,US-50,,140,39.32055278,-119.485458330,0,12,6,0,1,1,1,0,1,1,0,1,0,0000000,16,32,16,33,88,88,0,0,0,1,0
32,320057,1,1,0,0,0,3,3,3,150,18,4,2011,2,20,19,0,16,6,VIOLETTA AVE,BLUE PEARL,0,36.27209722,-115.147611110,0,5,0,0,3,3,1,0,3,1,0,1,0,0000000,20,19,20,24,20,46,0,0,0,1,0
32,320058,2,2,0,0,0,2,2,19,0,19,4,2011,3,16,58,1,1,1,I-80,,60,39.63666944,-119.182444440,0,12,6,0,1,1,1,0,1,10,0,10,0,0000000,17,0,17,14,88,88,0,0,0,1,0
32,320059,2,2,0,0,0,2,2,31,190,19,4,2011,3,18,25,0,14,6,MCCARRAN BLVD,WEDEKIND RD,0,39.55648889,-119.766961110,0,12,6,0,2,2,1,0,1,1,0,1,0,0000000,18,26,18,29,18,57,0,0,0,1,0
32,320060,2,2,0,0,0,2,2,31,0,11,3,2011,6,17,30,0,5,3,SR-8A,,0,41.57254444,-119.865988890,0,12,2,0,1,1,1,0,1,10,0,10,0,0000000,99,99,99,99,99,99,0,0,0,1,0
32,320061,3,3,0,0,0,5,5,19,0,22,4,2011,6,15,53,1,2,2,US-50,,10,39.21564722,-119.664308330,0,12,8,0,1,1,1,0,1,2,0,2,0,0000000,15,57,16,24,16,56,0,0,0,3,0
32,320062,1,1,0,0,0,1,1,31,0,26,4,2011,3,17,0,1,1,1,I-80,,380,39.58908889,-119.398302780,0,31,0,0,1,1,4,0,1,1,0,1,0,0000000,17,11,17,21,88,88,0,0,0,1,1
32,320063,1,1,0,0,0,1,1,5,0,26,4,2011,3,20,29,0,4,3,SR-206,,70,38.99727500,-119.842386110,0,31,0,0,1,1,4,0,2,1,0,1,0,0000000,20,33,20,44,88,88,0,0,0,1,1
32,320064,1,1,0,0,0,1,1,3,0,27,4,2011,4,22,18,0,16,6,RENO AVE,,0,36.09672778,-115.097288890,0,33,0,0,1,1,4,0,3,1,0,1,0,0000000,22,19,22,29,22,38,0,0,0,1,1
32,320065,1,1,0,1,1,1,1,3,0,28,4,2011,5,0,3,0,14,6,LAS VEGAS BLVD,,0,36.09012222,-115.173052780,0,8,0,0,1,1,1,0,3,1,0,1,0,0000000,0,3,0,7,88,88,0,0,0,1,1
32,320066,1,1,0,0,0,1,1,1,0,28,4,2011,5,17,30,1,2,2,US-50,,30,39.55874722,-119.037313890,0,41,0,0,1,1,4,0,1,1,0,1,0,0000000,17,38,17,53,18,54,0,0,0,1,1
32,320067,1,1,0,0,0,4,4,33,0,3,5,2011,3,9,25,1,2,2,US-93,,950,39.81948056,-114.739794440,0,1,0,0,1,1,4,0,1,1,0,1,0,0000000,9,34,10,3,10,53,0,0,0,1,0
32,320068,1,1,0,0,0,1,1,3,0,6,5,2011,6,3,0,1,1,1,I-15,,863,36.61606111,-114.623575000,0,1,0,0,1,1,1,0,2,1,0,1,0,0000000,3,0,3,31,88,88,0,0,0,1,0
32,320069,2,2,0,0,0,2,2,31,0,6,5,2011,6,13,1,1,11,1,I-580,,251,39.52863056,-119.783930560,0,12,7,1,18,1,1,0,1,1,0,1,0,0000000,13,1,13,5,13,25,0,0,0,1,0
32,320070,2,2,0,0,0,2,2,7,75,7,5,2011,7,8,19,0,13,3,SR-225,TERMINAL WAY,0,40.83119444,-115.783302780,0,12,6,0,2,2,1,0,1,1,0,1,0,0000000,8,20,8,22,9,11,0,0,0,1,0
32,320071,3,3,0,0,0,8,8,3,0,8,5,2011,1,22,25,1,1,1,I-15,,543,36.29201667,-115.000613890,0,12,2,0,1,1,1,0,2,1,0,1,0,0000000,22,29,22,48,23,18,0,0,0,2,1
32,320072,2,2,0,0,0,4,4,3,0,11,5,2011,4,18,23,0,16,6,SLOAN LN,,0,36.20098056,-115.043758330,0,12,1,0,1,1,1,0,1,1,0,1,0,0000000,18,25,18,27,18,47,0,0,0,1,1
32,320073,3,3,0,1,1,3,3,3,0,13,5,2011,6,9,47,0,14,6,DECATUR BLVD,RENO AVE,0,36.09757222,-115.208000000,0,9,0,0,3,2,1,0,1,1,0,1,0,0000000,9,51,10,30,10,45,0,0,0,1,0
32,320074,1,1,0,1,1,1,1,3,120,18,5,2011,4,15,49,0,16,6,RAINBOW BLVD,,0,36.15439722,-115.243550000,0,8,0,0,4,1,1,0,1,2,10,2,0,0000000,15,49,15,53,88,88,0,0,0,1,0
32,320075,1,1,0,1,1,1,1,3,0,20,5,2011,6,1,33,1,11,1,I-15,,380,36.11802222,-115.180427780,0,8,0,0,1,1,1,0,3,1,0,1,0,0000000,1,34,1,41,88,88,0,0,0,1,0
32,320076,2,2,0,0,0,2,2,3,150,20,5,2011,6,10,31,0,14,6,LOSEE RD,CAREY AVE,0,36.20310000,-115.137886110,0,12,6,0,2,2,1,0,1,1,0,1,0,0000000,10,32,10,38,11,10,0,0,0,1,0
32,320077,1,1,0,0,0,1,1,9,0,21,5,2011,7,10,46,0,4,3,SR-264,,20,37.59916944,-118.008550000,0,1,0,0,1,1,4,0,1,10,0,10,0,0000000,10,42,11,18,88,88,0,0,0,1,0
32,320078,2,2,0,0,0,4,4,7,0,21,5,2011,7,12,55,1,2,2,US-93,,950,41.30868611,-114.822541670,0,12,6,0,1,1,2,0,1,10,0,10,0,0000000,12,54,13,31,14,53,0,0,0,2,0
32,320079,1,1,0,0,0,2,2,5,0,22,5,2011,1,5,0,1,2,2,US-395,,141,38.84526389,-119.640847220,0,1,0,0,1,1,4,0,4,1,0,1,0,0000000,5,20,5,36,6,23,0,0,0,1,0
32,320080,1,1,0,0,0,2,2,11,0,22,5,2011,1,14,20,1,1,1,I-80,,24,40.69753611,-116.549116670,0,58,0,0,1,1,4,0,1,10,0,10,0,0000000,14,20,14,35,15,4,0,0,0,1,0
32,320081,2,2,0,0,0,2,2,3,0,25,5,2011,4,5,3,1,2,2,US-93,,837,36.78008333,-114.943277780,0,12,8,0,1,1,1,0,4,1,0,1,0,0000000,5,10,5,51,7,22,0,0,0,1,1
32,320082,2,1,1,0,0,1,1,3,120,25,5,2011,4,16,41,0,14,6,DECATIR BLVD,,0,36.17852500,-115.205980560,0,33,0,0,1,1,3,0,1,1,0,1,0,0000000,16,43,16,50,17,8,14,0,0,1,0
32,320083,1,1,0,1,1,1,1,3,0,26,5,2011,5,4,57,1,11,1,I-15,,360,36.08732222,-115.180858330,0,8,0,1,18,1,1,1,4,1,0,1,0,0000000,4,59,5,0,5,20,0,0,0,1,0
32,320084,1,1,0,0,0,2,2,7,0,27,5,2011,6,19,30,1,2,2,US-93,,402,40.65506389,-115.000913890,0,35,0,0,1,1,4,0,1,10,0,10,0,0000000,19,35,20,1,20,3,0,0,0,1,0
32,320085,1,1,0,0,0,3,3,31,190,29,5,2011,1,5,42,0,13,6,BARING BLVD,,0,39.55797500,-119.709952780,0,42,0,0,1,1,3,0,4,10,0,10,0,0000000,5,43,5,59,6,13,0,0,0,1,1
32,320086,1,1,0,0,0,1,1,3,0,30,5,2011,2,20,30,0,16,6,CANYON CREST BLVD,,0,36.83114722,-114.076666670,0,1,0,0,1,1,4,0,3,1,0,1,0,0000000,5,9,5,13,88,88,18,0,0,1,1
32,320087,2,2,0,0,0,4,4,3,150,2,6,2011,5,15,14,0,14,6,MARTIN L KING BLVD,REV WILSON AVE,0,36.21134167,-115.160975000,0,1,0,0,3,3,1,0,1,1,0,1,0,0000000,15,15,15,17,88,88,0,0,0,1,0
32,320088,1,1,0,0,0,1,1,23,0,5,6,2011,1,3,58,1,2,2,US-95,,443,36.70061111,-116.582241670,0,31,0,0,1,1,4,0,2,1,0,1,0,0000000,4,4,4,22,88,88,0,0,0,1,1
32,320089,2,2,0,0,0,2,2,5,0,8,6,2011,4,11,22,1,2,2,US-395,,160,38.88235833,-119.690052780,0,12,2,0,1,1,1,0,1,1,0,1,0,0000000,11,34,11,52,88,88,0,0,0,1,0
32,320090,1,1,0,0,0,1,1,3,0,10,6,2011,6,19,52,0,13,6,SUMMERLIN PKWY,,0,36.17769167,-115.287708330,0,41,0,0,1,1,3,0,3,1,0,1,0,0000000,19,55,19,59,88,88,0,0,0,1,1
32,320091,2,1,1,0,2,1,3,19,0,13,6,2011,2,8,32,1,2,2,US-50A,,207,39.58960278,-119.132166670,0,14,0,0,1,1,2,0,1,1,0,1,0,0000000,8,30,8,50,9,57,0,0,0,2,0
32,320092,2,2,0,0,0,2,2,3,0,15,6,2011,4,2,16,1,1,1,I-15,,119,35.77360556,-115.333400000,0,12,1,0,1,1,1,0,2,1,0,1,0,0000000,2,18,2,35,3,23,0,0,0,1,0
32,320093,2,2,0,0,0,2,2,5,0,20,6,2011,2,14,1,1,2,2,US-395,VIRGINIA RANCH RD,190,38.91901667,-119.720263890,0,12,6,0,2,3,1,0,1,1,0,1,0,0000000,14,0,14,1,14,58,0,0,0,1,0
32,320094,1,1,0,0,0,1,1,7,0,21,6,2011,3,1,0,1,2,2,US-93,,949,41.34582222,-114.807161110,0,1,0,0,1,1,4,0,2,1,0,1,0,0000000,5,25,5,52,88,88,0,0,0,1,1
32,320095,1,1,0,0,0,1,1,15,0,21,6,2011,3,17,45,1,2,2,US-50,,169,39.49039722,-117.199305560,0,41,0,0,1,1,5,0,1,1,0,1,0,0000000,88,88,88,88,88,88,0,0,0,1,1
32,320096,1,1,0,0,0,9,9,3,0,23,6,2011,5,18,14,0,5,5,NORTHSHORE RD,,0,36.40239167,-114.420827780,1,31,0,0,1,1,4,0,1,1,0,1,0,0000000,99,99,99,99,99,99,0,0,0,1,1
32,320097,2,2,0,0,0,2,2,19,0,23,6,2011,5,21,42,1,2,2,US-50A,NEVADA PACIFIC PKWY,170,39.59829722,-119.197438890,0,12,6,0,3,3,1,0,3,1,0,1,0,0000000,21,44,21,51,88,88,0,0,0,1,0
32,320098,1,1,0,1,1,1,1,3,0,25,6,2011,7,7,22,1,12,2,US-95,,682,36.10598611,-115.082436110,0,8,0,0,1,1,2,0,1,1,0,1,0,0000000,7,24,7,33,99,99,19,0,0,1,1
32,320099,1,1,0,0,0,2,2,17,0,27,6,2011,2,14,45,1,2,2,US-93,,1608,38.56190278,-114.650563890,0,1,0,0,1,1,4,0,1,1,0,1,0,0000000,14,50,15,14,17,5,0,0,0,1,0
32,320100,1,1,0,0,0,1,1,15,0,27,6,2011,2,17,30,1,2,2,US-50,,281,39.48100000,-117.016297220,0,31,0,0,1,1,4,0,1,1,0,1,0,0000000,18,1,19,6,99,96,0,0,0,1,0
32,320101,1,1,0,1,1,1,1,5,0,28,6,2011,3,13,29,1,2,2,US-395,,196,38.92596667,-119.728216670,0,9,0,0,1,1,1,0,1,1,0,1,0,0000000,13,31,13,31,14,16,0,0,0,1,0
32,320102,1,1,0,0,0,2,2,3,0,28,6,2011,3,20,10,1,11,1,I-215 RAMP,,296,36.20322500,-115.341394440,0,20,0,1,5,1,8,0,3,1,0,1,0,0000000,20,11,20,18,20,42,0,0,0,1,0
32,320103,1,1,0,1,1,1,1,3,0,28,6,2011,3,21,40,0,14,6,MARYLAND PKWY,,0,36.13145833,-115.136894440,0,8,0,0,1,1,1,0,3,1,0,1,0,0000000,21,43,21,44,21,49,0,0,0,1,0
32,320104,1,1,0,0,0,3,3,1,0,30,6,2011,5,8,8,1,2,2,US-50A,,46,39.54690278,-119.011888890,0,1,0,0,1,1,3,0,1,1,0,1,0,0000000,8,8,8,18,8,30,0,0,0,1,0
32,320105,2,2,0,0,0,3,3,3,150,23,5,2011,2,22,30,0,13,6,CRAIG RD,,0,36.23896667,-115.202850000,0,43,0,0,1,1,3,0,3,1,0,1,0,0000000,22,30,22,35,22,52,0,0,0,1,0
32,320106,5,5,0,0,0,9,9,7,0,2,7,2011,7,5,30,1,1,1,I-80,,490,41.00545833,-115.418930560,0,12,1,0,1,1,1,4,1,1,0,1,0,0000000,5,51,6,12,6,52,14,19,0,2,0
32,320107,1,1,0,0,0,1,1,13,0,3,7,2011,1,16,35,0,9,9,DUTCH FLAT RD,,0,41.16370000,-117.608094440,0,38,0,0,1,1,4,0,1,1,0,1,0,0000000,16,34,16,54,88,88,0,0,0,1,1
32,320108,1,1,0,0,0,2,2,31,190,5,7,2011,3,2,24,0,13,6,SPARKS BLVD,,0,39.54916667,-119.715280560,1,39,0,0,1,1,4,0,2,1,0,1,0,0000000,2,25,2,30,3,4,0,0,0,1,1
32,320109,2,2,0,0,0,3,3,23,0,7,7,2011,5,5,2,0,6,5,SIMKINS RD,WOODCHIPS RD,0,36.27792222,-116.059691670,0,12,6,0,2,2,1,0,2,10,0,10,0,0000000,5,7,5,24,88,88,0,0,0,1,0
32,320110,2,2,0,0,0,5,5,3,120,7,7,2011,5,7,10,0,14,6,BONANZA RD,,0,36.17348611,-115.096233330,0,12,6,0,8,1,1,0,1,10,0,10,0,0000000,7,11,7,20,7,34,0,0,0,1,0
32,320111,1,1,0,1,1,1,1,3,110,9,7,2011,7,12,30,0,14,6,EASTERN AVE,,0,36.00790278,-115.114983330,0,8,0,0,1,1,1,0,1,1,0,1,0,0000000,12,32,12,35,12,54,0,0,0,1,0