STATE,ST_CASE,VE_TOTAL,VE_FORMS,PVH_INVL,PEDS,PERNOTMVIT,PERMVIT,PERSONS,COUNTY,CITY,DAY,MONTH,YEAR,DAY_WEEK,HOUR,MINUTE,NHS,ROAD_FNC,ROUTE,TWAY_ID,TWAY_ID2,MILEPT,LATITUDE,LONGITUD,SP_JUR,HARM_EV,MAN_COLL,RELJCT1,RELJCT2,TYP_INT,REL_ROAD,WRK_ZONE,LGT_COND,WEATHER1,WEATHER2,WEATHER,SCH_BUS,RAIL,NOT_HOUR,NOT_MIN,ARR_HOUR,ARR_MIN,HOSP_HR,HOSP_MN,CF1,CF2,CF3,FATALS,DRUNK_DR
32,320112,2,2,0,0,0,2,2,5,0,13,7,2011,4,11,21,1,2,3,SR-88,CENTERVILLE LN,40,38.91046667,-119.779191670,0,12,6,0,2,2,1,0,1,1,0,1,0,0000000,11,23,11,36,88,88,0,0,0,1,1
32,320113,1,1,0,0,0,1,1,23,0,14,7,2011,5,0,0,0,5,5,C.A.A.S RD,,0,36.15002500,-115.904002780,0,1,0,0,1,1,4,0,2,1,0,1,0,0000000,0,20,0,30,88,88,0,0,0,1,1
32,320114,1,1,0,1,1,1,1,3,0,14,7,2011,5,5,11,0,14,6,FLAMINGO RD,BRUCE ST,0,36.11469444,-115.126391670,0,8,0,0,1,1,1,0,1,1,0,1,0,0000000,5,13,5,17,5,27,0,0,0,1,0
32,320115,1,1,0,0,0,8,8,5,0,14,7,2011,5,17,32,1,2,2,US-395,,262,39.00521944,-119.779761110,0,1,0,0,1,1,1,0,1,1,0,1,0,0000000,17,32,17,36,18,4,0,0,0,1,0
32,320116,1,1,0,0,0,1,1,31,0,15,7,2011,6,8,20,1,1,1,I-80,,392,39.59106389,-119.383250000,0,24,0,0,1,1,3,0,1,1,0,1,0,0000000,8,21,8,30,88,88,0,0,0,1,0
32,320117,1,1,0,0,0,1,1,3,0,18,7,2011,2,12,40,0,14,3,SR-159,,30,36.04862222,-115.398100000,0,1,0,0,1,1,4,0,1,1,0,1,0,0000000,12,42,12,53,99,99,0,0,0,1,1
32,320118,2,2,0,0,0,2,2,5,0,18,7,2011,2,17,15,1,2,2,US-395,AIRPORT RD,260,39.00101111,-119.779516670,0,12,6,0,2,3,1,0,1,1,0,1,0,0000000,17,15,17,17,88,88,0,0,0,1,0
32,320119,2,2,0,0,0,4,4,3,0,19,7,2011,3,11,15,0,14,6,HUALAPAI WAY,DISCOVERY DR,0,36.12067222,-115.314994440,0,12,6,0,2,3,1,0,1,1,0,1,0,0000000,11,17,11,28,12,4,0,0,0,1,1
32,320120,3,3,0,0,0,9,9,510,0,19,7,2011,3,15,30,0,3,3,SR-28,,25,39.14356944,-119.926152780,0,12,8,0,1,1,1,0,1,1,0,1,0,0000000,15,56,16,25,16,56,0,0,0,2,0
32,320121,1,1,0,0,0,1,1,3,0,20,7,2011,4,7,21,0,16,6,KOVAL LN,,0,36.10406667,-115.163886110,0,33,0,0,1,1,4,0,1,1,0,1,0,0000000,7,22,7,28,7,44,0,0,0,1,1
32,320122,2,2,0,0,0,4,4,3,120,21,7,2011,5,12,9,0,14,6,DURANGO DR,ELKHORN RD,0,36.29188056,-115.287958330,0,12,6,0,2,2,1,0,1,1,0,1,0,0000000,12,12,12,19,12,42,0,0,0,1,0
32,320123,1,1,0,0,0,1,1,27,0,22,7,2011,6,4,45,1,1,1,I-80,,401,40.47277500,-118.284725000,0,24,0,1,18,1,4,0,2,1,0,1,0,0000000,4,45,4,50,88,88,0,0,0,1,0
32,320124,1,1,0,0,0,2,2,7,0,23,7,2011,7,17,0,0,3,3,SR-225,,370,40.83900556,-115.792652780,0,34,0,0,1,1,4,0,1,1,0,1,0,0000000,17,18,17,31,18,22,0,0,0,1,0
32,320125,1,1,0,2,2,2,2,3,0,23,7,2011,7,5,8,0,16,6,NAPLES DR,,0,36.10571944,-115.150994440,0,8,0,0,1,1,1,0,3,1,0,1,0,0000000,5,10,5,13,5,31,0,0,0,1,1
32,320126,3,3,0,0,0,6,6,3,0,27,7,2011,4,19,38,0,16,6,HARMON AVE,JONES BLVD,0,36.10716111,-115.224961110,0,12,6,0,2,2,1,0,3,1,0,1,0,0000000,19,40,19,43,20,5,0,0,0,1,1
32,320127,3,3,0,0,0,5,5,5,0,27,7,2011,4,11,13,1,2,2,US-395,,100,38.81865833,-119.617500000,0,12,2,0,1,1,1,0,1,1,0,1,0,0000000,11,22,11,44,12,19,0,0,0,1,0
32,320128,2,2,0,0,0,3,3,3,21,29,7,2011,6,12,51,1,13,2,US-93,LAKE MOUNTAIN DR,0,35.98808889,-114.834033330,0,12,6,0,2,3,1,0,1,1,0,1,0,0000000,99,99,99,99,99,99,0,0,0,1,0
32,320129,1,1,0,0,0,1,1,3,0,29,7,2011,6,20,1,1,1,1,I-15,,118,35.76863611,-115.337016670,0,25,0,0,1,1,3,0,2,10,0,10,0,0000000,20,3,99,97,99,97,0,0,0,1,1
32,320130,1,1,0,1,1,2,2,5,0,30,7,2011,7,1,9,1,13,2,US-50,55HWY,0,38.96160278,-119.940452780,0,8,0,0,1,1,1,0,3,1,0,1,0,0000000,1,11,99,99,99,99,0,0,0,1,1
32,320131,1,1,0,1,1,1,1,31,170,7,6,2011,3,9,33,0,14,6,KIETZKE LN,MILL ST,0,39.52190556,-119.789188890,0,9,0,0,3,2,1,0,1,1,0,1,0,0000000,9,33,9,35,88,88,0,0,0,1,1
32,320132,1,1,0,0,0,1,1,3,110,24,7,2011,1,18,40,0,16,6,IVY ST,,0,36.04320556,-114.971752780,0,33,0,0,1,1,4,0,1,10,0,10,0,0000000,18,40,18,44,19,24,0,0,0,1,0
32,320133,1,1,0,1,1,1,1,31,170,28,7,2011,5,21,48,0,14,6,MCCARRAN BLVD,,0,39.50310556,-119.748077780,0,8,0,0,1,1,1,0,2,1,0,1,0,0000000,21,48,99,99,88,88,0,0,0,1,0
32,320134,2,2,0,0,0,2,2,13,0,30,7,2011,7,21,58,1,1,1,I-80,,309,40.94443611,-117.483330560,0,12,1,0,1,1,1,0,2,5,0,5,0,0000000,22,0,22,20,88,88,0,0,0,1,0
32,320135,1,1,0,0,0,1,1,23,0,1,8,2011,2,19,20,0,4,3,SR-379,,20,38.76386389,-115.499491670,0,1,0,0,1,1,4,0,1,10,0,10,0,0000000,19,30,20,27,88,88,0,0,0,1,1
32,320136,2,2,0,0,0,3,3,3,120,4,8,2011,5,11,58,0,14,6,CHARLESTON BLVD,JONES BLVD,0,36.15913056,-115.223905560,0,12,6,0,2,2,1,0,1,1,0,1,0,0000000,11,59,12,4,12,18,0,0,0,1,0
32,320137,2,2,0,0,0,2,2,3,0,8,8,2011,2,6,14,0,14,6,FLAMINGO RD,CLAYMONT ST,0,36.11471944,-115.143127780,0,12,6,0,1,1,1,0,4,1,0,1,0,0000000,6,18,6,19,6,46,0,0,0,1,1
32,320138,2,2,0,0,0,3,3,23,0,8,8,2011,2,20,42,0,4,3,SR-160,IRENE ST,130,36.23438056,-115.999200000,0,12,6,0,2,2,1,0,2,1,0,1,0,0000000,20,40,20,45,21,0,0,0,0,1,1
32,320139,2,2,0,1,1,1,1,3,120,13,8,2011,7,0,33,0,16,6,UPLAND BLVD,,0,36.16901667,-115.219225000,0,12,1,0,1,1,1,0,3,1,0,1,0,0000000,0,34,0,35,0,54,0,0,0,1,1
32,320140,2,2,0,1,1,4,4,31,170,18,8,2011,5,16,39,0,14,6,ODDIE BLVD,,0,39.54543333,-119.788958330,0,12,1,1,18,1,1,0,1,1,0,1,0,0000000,16,40,16,41,17,13,23,0,0,1,0
32,320141,2,2,0,0,0,2,2,7,0,21,8,2011,1,5,20,1,1,1,I-80,,258,40.85916111,-115.739638890,0,12,1,0,1,1,1,0,2,1,0,1,0,0000000,5,22,5,29,6,22,0,0,0,1,0
32,320142,2,2,0,0,0,2,2,3,120,25,8,2011,5,7,12,0,14,6,JONES BLVD,CARMEN BLVD,0,36.18461389,-115.224027780,0,12,6,0,2,2,1,0,1,1,0,1,0,0000000,7,21,7,26,7,56,0,0,0,1,0
32,320143,1,1,0,1,1,2,2,3,0,25,8,2011,5,20,26,1,12,3,SR-582 BOULDER HWY,,0,36.12709167,-115.080727780,0,8,0,0,1,1,1,0,3,1,0,1,0,0000000,20,32,20,40,88,88,0,0,0,1,0
32,320144,2,2,0,0,0,3,3,3,120,27,8,2011,7,17,43,0,14,6,BUFFALO DR,,0,36.15844444,-115.262350000,0,12,6,0,8,1,1,0,1,1,0,1,0,0000000,17,43,17,48,88,88,0,0,0,1,0
32,320145,2,2,0,0,0,2,2,3,0,30,8,2011,3,17,21,0,16,6,CIMARRON RD,CRAIG RD,0,36.24081389,-115.269838890,0,1,0,0,2,2,1,0,1,1,0,1,0,0000000,17,24,17,28,17,45,0,0,0,1,0
32,320146,1,1,0,1,1,1,1,3,0,30,8,2011,3,23,34,0,14,6,LAMB BLVD,,0,36.14505000,-115.082977780,0,8,0,0,1,1,1,0,3,1,0,1,0,0000000,23,36,23,41,88,88,0,0,0,1,0
32,320147,2,2,0,0,0,3,3,3,0,1,9,2011,5,13,7,0,16,6,PLYE AVE,,0,36.00653056,-115.150469440,0,12,2,0,1,1,1,0,1,1,0,1,0,0000000,13,9,13,18,14,2,0,0,0,1,0
32,320148,1,1,0,1,1,1,1,3,110,2,9,2011,6,15,38,0,14,6,MOUNTAIN VISTA ST,RAMROD AVE,0,36.07633889,-115.073169440,0,8,0,0,3,2,1,0,1,1,0,1,0,0000000,15,38,15,44,16,4,0,0,0,1,0
32,320149,1,1,0,0,0,1,1,23,0,3,9,2011,7,16,18,1,2,2,US-95,,1060,37.38047778,-117.136466670,0,1,0,0,1,1,4,0,1,1,0,1,0,0000000,16,18,99,97,99,97,0,0,0,1,0
32,320150,2,2,0,0,0,2,2,31,0,3,9,2011,7,19,56,0,14,6,SUN VALLEY DR,,0,39.60037778,-119.780525000,0,12,6,0,8,1,1,0,5,1,0,1,0,0000000,19,57,20,4,20,35,0,0,0,1,0
32,320151,2,2,0,0,0,4,4,23,0,4,9,2011,1,5,55,0,13,3,SR-160,,77,36.22728889,-115.996769440,0,18,0,0,1,1,1,1,4,1,0,1,0,0000000,5,54,6,3,6,25,0,0,0,1,1
32,320152,1,1,0,1,1,1,1,1,0,6,9,2011,3,18,44,0,6,5,RESERVOIR RD,,0,39.48242222,-118.720250000,0,9,0,0,1,1,1,0,1,1,0,1,0,0000000,18,48,99,97,99,97,0,0,0,1,0
32,320153,1,1,0,0,0,1,1,23,158,9,9,2011,6,11,51,0,6,5,VICKI ANN RD,,0,36.13051111,-115.974927780,0,72,0,0,1,1,2,0,1,1,0,1,0,0000000,11,54,12,2,12,20,0,0,0,1,0
32,320154,2,2,0,1,1,2,2,3,0,9,9,2011,6,20,14,0,14,6,SAHARA AVE,,0,36.14403611,-115.244344440,0,8,0,0,1,1,1,0,3,1,0,1,0,0000000,20,15,20,18,20,31,0,0,0,1,0
32,320155,1,1,0,1,1,1,1,3,120,10,9,2011,7,11,47,0,14,6,CHARLESTON BLVD,PEARL ST,0,36.15875278,-115.097313890,0,8,0,0,1,1,1,0,1,10,0,10,0,0000000,11,48,11,53,12,5,0,0,0,1,0
32,320156,1,1,0,0,0,1,1,510,0,10,9,2011,7,14,19,1,2,2,US-50,,20,39.11507500,-119.860822220,0,24,0,0,1,1,4,0,1,10,0,10,0,0000000,14,19,14,22,88,88,0,0,0,1,0
32,320157,1,1,0,0,0,1,1,3,0,11,9,2011,1,3,5,1,2,2,US-93,,831,36.80791667,-114.948122220,0,1,0,0,1,1,4,0,2,2,0,2,0,0000000,99,99,99,99,88,88,0,0,0,1,0
32,320158,2,2,0,0,0,2,2,21,0,11,9,2011,1,7,40,1,2,2,US-95,,560,38.58320278,-118.707238890,0,12,2,0,1,1,1,0,1,10,0,10,0,0000000,7,46,7,59,88,88,0,0,0,1,0
32,320159,1,1,0,0,0,1,1,3,150,12,9,2011,2,4,5,0,14,6,CRAIG RD,,0,36.23933889,-115.153088890,0,25,0,0,1,1,3,0,3,1,0,1,0,0000000,4,5,4,6,99,99,0,0,0,1,1
32,320160,2,2,0,0,0,2,2,1,0,14,9,2011,4,17,4,1,2,2,US-95,,239,39.44579444,-118.781622220,0,12,2,0,1,1,1,0,1,10,0,10,0,0000000,17,0,17,6,88,88,0,0,0,1,1
32,320161,2,2,0,0,0,2,2,3,0,15,9,2011,5,19,44,0,13,3,SR-160,,40,36.02130556,-115.249961110,0,1,0,0,1,1,1,0,2,1,0,1,0,0000000,99,99,99,99,99,99,19,0,0,1,1
32,320162,1,1,0,0,0,1,1,3,0,15,9,2011,5,20,40,1,11,1,I-15,,380,36.11112222,-115.180833330,0,24,0,1,18,1,4,0,3,10,0,10,0,0000000,20,41,20,46,21,8,0,0,0,1,0
32,320164,1,1,0,1,1,1,1,7,222,4,9,2011,1,1,44,0,6,5,WENDOVER BLVD,,0,40.74052222,-114.075413890,0,8,0,0,1,1,1,0,3,1,0,1,0,0000000,1,42,1,50,88,88,0,0,0,1,0
32,320165,1,1,0,0,0,1,1,31,170,24,9,2011,7,0,53,0,16,6,NORTH HILL BLVD,,0,39.60866944,-119.844905560,0,1,0,0,1,1,4,0,2,1,0,1,0,0000000,88,88,88,88,88,88,0,0,0,1,0
32,320166,1,1,0,1,1,1,1,3,120,27,9,2011,3,20,25,0,14,6,CHARLESTON BLVD,,0,36.15878611,-115.164652780,0,8,0,0,1,1,1,0,3,1,0,1,0,0000000,20,26,20,28,88,88,0,0,0,1,0
32,320167,2,2,0,0,0,2,2,23,0,29,9,2011,5,12,42,0,2,3,SR-376,PABLO CANYON RD,440,38.67987778,-117.132255560,0,12,1,0,3,3,1,0,1,1,0,1,0,0000000,12,55,13,0,14,2,0,0,0,1,0
32,320168,2,2,0,0,0,2,2,3,150,30,9,2011,6,5,27,0,14,6,LONE MOUNTAIN RD,DECATUR BLVD,0,36.24671944,-115.207583330,0,12,6,0,2,2,1,0,3,10,0,10,0,0000000,5,28,5,31,99,99,0,0,0,1,0
32,320169,3,3,0,0,0,5,5,23,0,1,10,2011,7,8,5,0,15,3,SR-160,MESQUITE AVE,120,36.24902222,-116.004216670,0,12,6,0,2,2,1,0,1,1,0,1,0,0000000,8,7,8,11,8,42,0,0,0,1,0
32,320170,1,1,0,0,0,3,3,23,0,7,10,2011,6,16,0,0,9,5,WAYNE KIRSCH RD,,0,38.40944722,-115.080633330,0,58,0,0,1,1,1,0,1,1,0,1,0,0000000,16,20,16,55,99,99,0,0,0,2,1
32,320171,1,1,0,0,0,1,1,19,0,9,10,2011,1,14,0,1,2,2,US-50A,,57,39.49497222,-119.219211110,0,38,0,0,1,1,4,0,1,1,0,1,0,0000000,14,3,14,15,88,88,0,0,0,1,1
32,320172,1,1,0,0,0,2,2,31,0,13,10,2011,5,12,29,0,14,3,SR-445,,0,39.66581389,-119.703375000,0,38,0,0,1,1,4,0,1,10,0,10,0,0000000,12,25,12,38,12,52,0,0,0,1,0
32,320173,3,3,0,0,0,6,6,27,0,14,10,2011,6,21,24,1,1,1,I-80,,119,40.12500000,-118.528308330,0,12,8,0,1,1,1,0,2,1,0,1,0,0000000,21,27,21,34,88,88,0,0,0,1,1
32,320174,2,2,0,0,0,3,3,19,0,14,10,2011,6,22,30,1,1,1,I-80,,457,39.61758056,-119.277455560,0,12,2,0,1,1,1,0,1,10,0,10,0,0000000,22,30,22,33,99,99,0,0,0,2,1
32,320175,1,1,0,1,1,3,3,31,170,15,10,2011,7,19,28,0,14,6,VIRGINIA ST,,0,39.56195278,-119.826288890,0,8,0,0,1,1,1,0,2,10,0,10,0,0000000,19,28,19,33,88,88,0,0,0,1,0
32,320176,3,1,2,1,3,2,4,7,0,16,10,2011,1,2,30,1,2,2,US-93,,431,40.67464722,-115.009005560,0,14,0,0,1,1,2,0,2,1,0,1,0,0000000,2,58,3,24,5,0,23,0,0,3,0
32,320177,1,1,0,0,0,1,1,3,120,16,10,2011,1,7,7,0,15,6,ALTA DR,,0,36.16748889,-115.327216670,0,33,0,0,1,1,4,0,1,1,0,1,0,0000000,7,8,7,12,7,26,0,0,0,1,1
32,320178,1,1,0,0,0,1,1,3,0,16,10,2011,1,7,51,0,16,6,ST LOUIS AVE,PALM ST,0,36.15084167,-115.101725000,0,33,0,0,1,1,4,0,1,1,0,1,0,0000000,7,52,7,58,8,57,0,0,0,1,0
32,320179,2,2,0,0,0,2,2,3,0,19,10,2011,4,16,40,0,14,6,JONES BLVD,EVERGREEN AVE,0,36.16314444,-115.223844440,0,12,6,0,2,2,1,0,1,1,0,1,0,0000000,16,40,16,44,16,58,0,0,0,1,0
32,320180,2,2,0,0,0,2,2,3,0,20,10,2011,5,10,0,0,16,6,TROPICANA AVE,BRUSSELLS RD,0,36.10094722,-115.139061110,0,12,6,0,2,2,1,0,1,1,0,1,0,0000000,10,1,10,7,10,32,0,0,0,1,0
32,320181,1,1,0,3,3,1,1,3,150,21,10,2011,6,18,46,0,16,6,CAMINO ELDORADO DR,BENT ARROW DR,0,36.26626111,-115.159233330,0,8,0,0,3,3,1,0,3,1,0,1,0,0000000,18,48,18,50,99,99,0,0,0,1,0
32,320182,1,1,0,0,0,3,3,3,0,23,10,2011,1,22,8,0,12,6,SUMMERLIN PKWY,,0,36.17786944,-115.267419440,0,18,0,0,1,1,4,0,2,1,0,1,0,0000000,22,9,22,14,22,35,0,0,0,1,0
32,320183,2,2,0,1,1,5,5,31,170,22,10,2011,7,17,38,0,14,6,VIRGINIA ST,8TH ST,0,39.53499444,-119.815825000,0,8,0,0,3,2,1,0,1,1,0,1,0,0000000,17,39,17,40,17,53,0,0,0,1,0
32,320184,1,1,0,1,1,1,1,31,190,29,10,2011,7,20,52,0,14,6,MCCARRAN BLVD,,0,39.52410278,-119.739858330,0,8,0,0,1,1,1,0,2,1,0,1,0,0000000,20,53,20,59,21,9,0,0,0,1,1
32,320185,1,1,0,1,1,1,1,3,110,29,10,2011,7,22,9,0,16,6,CENTER ST,,0,36.04638056,-114.967138890,0,8,0,0,1,1,1,0,3,1,0,1,0,0000000,22,11,22,15,23,5,0,0,0,1,1
32,320186,2,2,0,0,0,4,4,23,158,31,10,2011,2,20,20,0,15,3,SR-160,BASIN AVE,100,36.21958056,-115.994125000,0,12,2,0,2,2,1,0,3,1,0,1,0,0000000,20,26,20,32,21,5,0,0,0,1,1
32,320187,1,1,0,1,1,1,1,3,0,4,11,2011,6,9,24,0,14,6,DURANGO ST,TWAIN AVE,0,36.12223056,-115.278963890,0,15,0,0,3,2,1,0,1,10,0,10,0,0000000,9,26,9,32,9,59,0,0,0,1,0
32,320188,2,2,0,0,0,4,4,3,150,4,11,2011,6,12,40,0,14,6,LOSEE RD,CENTENNIAL,0,36.27634722,-115.116972220,0,12,6,0,2,2,1,0,1,1,0,1,0,0000000,12,41,12,53,13,19,0,0,0,1,0
32,320189,1,1,0,1,1,4,4,33,80,22,9,2011,5,20,14,0,2,5,GREAT BASIN BLVD,,0,39.24657500,-114.870661110,0,8,0,0,1,1,1,0,3,1,0,1,0,0000000,20,14,20,20,20,30,0,0,0,1,0
32,320190,1,1,0,1,1,1,1,3,0,31,10,2011,2,20,22,0,16,6,SANDSTONE BLUFFS DR,WESLEY LAKE PL,0,36.14744722,-115.318919440,0,8,0,0,3,3,1,0,3,1,0,1,0,0000000,20,22,20,26,21,4,0,0,0,1,1
32,320191,1,1,0,1,1,1,1,3,0,1,11,2011,3,19,13,0,14,6,CHEYENNE AVE,SANDY LN,0,36.21766667,-115.094058330,0,8,0,0,3,3,1,0,3,1,0,1,0,0000000,19,13,99,99,88,88,0,0,0,1,0
32,320193,1,1,0,5,5,1,1,1,0,24,6,2011,6,11,21,1,2,2,US-95,,557,39.89560556,-118.752569440,0,10,0,0,6,1,1,0,1,1,0,1,0,740765S,11,22,12,10,88,88,0,0,0,6,0
32,320194,2,2,0,0,0,3,3,3,0,6,11,2011,1,7,21,0,14,6,MARYLAND PKWY,HARMON AVE,0,36.10775556,-115.137355560,0,12,6,0,2,2,1,0,1,1,0,1,0,0000000,7,25,7,25,7,47,0,0,0,2,0
32,320195,2,2,0,0,0,5,5,5,0,6,11,2011,1,18,41,0,3,3,SR-208,,75,38.72774167,-119.514275000,0,54,11,0,1,1,1,0,2,1,0,1,0,0000000,19,6,19,10,20,29,14,0,0,1,1
32,320196,1,1,0,0,0,4,4,31,0,7,11,2011,2,21,12,0,6,5,DOUGLAS FIR DR,,0,39.35581111,-119.849325000,0,42,0,0,1,1,4,0,2,1,0,1,0,0000000,21,14,21,20,21,25,0,0,0,1,1
32,320197,2,2,0,0,0,2,2,3,0,7,11,2011,2,22,35,1,1,1,I-15,,789,36.52432500,-114.731897220,0,12,2,0,1,1,1,0,2,1,0,1,0,0000000,22,38,22,52,23,35,0,0,0,1,0
32,320198,4,4,0,0,0,4,4,3,120,11,11,2011,6,17,45,0,14,6,CHARLESTON BLVE,,0,36.15907778,-115.203788890,0,12,2,0,1,1,1,0,5,10,0,10,0,0000000,17,45,17,56,18,16,0,0,0,1,0
32,320199,1,1,0,0,0,2,2,3,0,12,11,2011,7,2,24,1,12,2,US-95,,726,36.16783056,-115.109638890,0,25,0,0,1,1,3,0,3,1,0,1,0,0000000,2,24,2,32,88,88,0,0,0,1,1
32,320200,1,1,0,0,0,4,4,7,0,19,11,2011,7,3,44,1,1,1,I-80,,190,40.81888611,-115.814158330,0,1,0,0,1,1,4,0,2,10,0,10,0,0000000,3,35,3,48,4,20,0,0,0,1,0
32,320201,1,1,0,0,0,3,3,1,0,23,11,2011,4,7,25,1,1,1,I-80,,60,39.82274444,-118.987058330,0,1,0,0,1,1,1,0,1,1,0,1,0,0000000,7,22,7,59,9,32,0,0,0,1,1
32,320202,1,1,0,0,0,2,2,7,0,24,11,2011,5,15,45,0,4,3,SR-233,,170,41.18288611,-114.258016670,0,31,0,0,1,1,4,0,1,10,0,10,0,0000000,15,55,16,45,99,99,0,0,0,1,0
32,320203,1,1,0,0,0,3,3,13,0,27,11,2011,1,4,0,1,1,1,I-80,,581,40.75903333,-117.087113890,0,1,0,0,1,1,3,0,2,1,0,1,0,0000000,4,45,5,30,6,30,0,0,0,1,0
32,320204,2,2,0,0,0,2,2,31,170,19,11,2011,7,5,45,0,14,6,STEAD BLVD,,0,39.62532778,-119.883161110,0,12,6,0,1,1,1,0,3,10,0,10,0,0000000,5,45,6,8,6,24,20,0,0,1,0
32,320205,2,2,0,0,0,2,2,1,0,5,12,2011,2,19,21,1,11,1,I-80,,165,39.90435833,-118.833911110,0,12,1,0,1,1,1,0,2,1,0,1,0,0000000,19,20,19,47,20,58,0,0,0,1,0
32,320206,1,1,0,0,0,1,1,3,150,11,12,2011,1,15,2,0,16,6,CARVER AVE,,0,36.19744167,-115.170583330,0,39,0,0,1,1,4,0,1,1,0,1,0,0000000,15,3,15,10,88,88,0,0,0,1,1
32,320207,2,1,1,0,0,1,1,3,0,16,12,2011,6,15,10,1,12,2,US-95,,830,36.21807778,-115.246747220,0,18,0,1,18,1,5,1,1,1,0,1,0,0000000,15,10,15,22,88,88,0,0,0,1,0
32,320208,1,1,0,0,0,2,2,3,0,18,12,2011,1,8,34,1,11,1,I-215,,121,36.06455000,-115.185541670,0,35,0,1,5,1,8,0,1,2,10,2,0,0000000,8,20,8,27,9,17,0,0,0,1,0
32,320209,1,1,0,0,0,1,1,3,0,19,12,2011,2,14,57,0,16,6,FRANK SINATRA DR,,0,36.08448333,-115.179158330,0,33,0,0,1,1,4,0,1,1,0,1,0,0000000,15,0,15,5,15,33,0,0,0,1,0
32,320210,1,1,0,0,0,8,8,23,0,24,12,2011,7,8,10,1,13,2,US-95,,885,37.18808333,-116.940808330,0,31,0,0,1,1,4,0,1,1,0,1,0,0000000,8,19,8,50,10,58,0,0,0,1,0
32,320211,2,2,0,0,0,4,4,9,0,26,12,2011,2,15,7,1,2,2,US-6,,491,38.12480000,-117.406202780,0,12,2,0,1,1,1,0,1,1,0,1,0,0000000,14,55,15,19,15,46,0,0,0,3,0
32,320212,1,1,0,0,0,2,2,15,0,27,12,2011,3,12,50,1,1,1,I-80,,231,40.67658056,-116.626594440,0,1,0,0,1,1,4,0,1,1,0,1,0,0000000,13,0,13,18,13,53,0,0,0,1,0
32,320213,1,1,0,2,2,4,4,31,0,30,12,2011,6,19,42,0,3,3,SR-28,,70,39.24974444,-119.954241670,0,8,0,0,1,1,1,0,2,1,0,1,0,0000000,19,30,19,56,20,33,0,0,0,2,0
32,320214,1,1,0,0,0,6,6,31,170,31,12,2011,7,12,51,0,16,6,4TH ST,,0,39.52414722,-119.835297220,0,5,0,0,1,1,1,0,1,1,0,1,0,0000000,12,52,12,57,13,6,0,0,0,1,1
32,320215,1,1,0,1,1,2,2,3,120,5,11,2011,7,19,12,0,14,6,MARTIN L KING BLVD,,0,36.16066667,-115.160850000,0,8,0,0,1,1,1,0,3,1,0,1,0,0000000,19,12,19,20,88,88,0,0,0,1,0
32,320216,2,2,0,0,0,6,6,3,120,7,11,2011,2,5,7,0,14,6,SAHARA AVE,,0,36.14444722,-115.129038890,0,12,1,0,1,1,1,0,3,1,0,1,0,0000000,5,16,5,21,5,53,23,0,0,1,0
32,320217,1,1,0,1,1,1,1,3,0,8,11,2011,3,15,13,0,16,6,SWAN RIDGE,,0,36.03071667,-115.116652780,0,8,0,0,1,1,1,0,1,1,0,1,0,0000000,15,14,15,23,15,41,0,0,0,1,0
32,320218,1,1,0,1,1,2,2,3,120,3,12,2011,7,16,49,0,14,6,RAINBOW BLVD,,0,36.21073333,-115.242261110,0,8,0,0,1,1,1,0,3,1,0,1,0,0000000,16,50,16,54,17,19,0,0,0,1,0
32,320219,1,1,0,1,1,1,1,3,0,7,12,2011,4,20,49,0,14,6,LAS VEGAS BLVD,,0,36.22002778,-115.089525000,0,8,0,0,1,1,1,0,3,1,0,1,0,0000000,20,50,20,56,21,12,0,0,0,1,0
32,320220,2,2,0,0,0,4,4,3,120,27,12,2011,3,15,22,0,16,6,ALEXANDER RD,TORREY PINES DR,0,36.23234167,-115.233858330,0,12,6,0,2,2,1,0,1,1,0,1,0,0000000,15,28,15,35,15,59,0,0,0,1,0
32,320221,2,2,0,0,0,3,3,3,120,28,12,2011,4,22,7,0,14,6,EASTERN AVE,,0,36.17796389,-115.116027780,0,12,1,0,1,1,1,0,3,1,0,1,0,0000000,22,9,22,13,22,20,0,0,0,1,0
32,320222,1,1,0,2,2,1,1,3,0,30,12,2011,6,1,46,1,13,3,SR-582 BOULDER HWY,HARMON AVE,0,36.10818056,-115.058947220,0,8,0,0,2,2,1,0,3,1,0,1,0,0000000,1,47,1,49,2,3,0,0,0,1,0
32,320223,1,1,0,1,1,1,1,31,170,26,12,2011,2,17,37,0,16,6,NORTH HILL BLVD,BECKWOURTH DR,0,39.60697222,-119.843316670,0,8,0,0,2,2,1,0,2,1,0,1,0,0000000,17,38,17,47,18,6,0,0,0,1,0
32,320224,1,1,0,1,1,1,1,31,170,12,11,2011,7,23,50,0,14,6,VIRGINIA ST,,0,39.54777222,-119.821080560,0,8,0,0,1,1,1,0,3,1,0,1,0,0000000,23,50,23,55,0,9,0,0,0,1,1